Time 0,Time 10,Time 20,Time 30,Time 40,Time 50,Time 60,Time 70,Time 80,Time 90,Time 100,Time 110,Time 120,Time 130,Time 140,Time 150,Time 160,Time 170,Time 180,Time 190,Time 200,Time 210,Time 220,Time 230,Time 240,Time 250,Time 260,Time 270,Time 280,Time 290,Time 300,Time 310,Time 320,Time 330,Time 340,Time 350,Time 360,Time 370,Time 380,Time 390,Time 400,Time 410,Time 420,Time 430,Time 440,Time 450,Time 460,Time 470,Time 480,Time 490,Time 500,Time 510,Time 520,Time 530,Time 540,Time 550,Time 560,Time 570,Time 580,Time 590,Time 600,Time 610,Time 620,Time 630,Time 640,Time 650,Time 660,Time 670,Time 680,Time 690,Time 700,Time 710,Time 720,Time 730,Time 740,Time 750,Time 760,Time 770,Time 780,Time 790,Time 800,Time 810,Time 820,Time 830,Time 840,Time 850,Time 860,Time 870,Time 880,Time 890,Time 900,Time 910,Time 920,Time 930,Time 940,Time 950,Time 960,Time 970,Time 980
0.8109673913043479,0.8108326086956522,0.8100652173913044,0.8121478260869566,0.8083673913043479,0.8107717391304349,0.8088130434782609,0.8097173913043478,0.8075434782608696,0.805913043478261,0.8058913043478262,0.8086521739130436,0.8090456521739131,0.8078630434782609,0.804904347826087,0.7787543478260871,0.7207500000000001,0.6640239130434783,0.6075326086956522,0.562,0.5622956521739131,0.5955586956521739,0.7187760869565218,0.7872652173913044,0.8034478260869565,0.8063500000000001,0.8119847826086957,0.8086826086956523,0.8105652173913045,0.8107652173913044,0.8117934782608697,0.8114108695652176,0.8096521739130436,0.8086434782608696,0.8090717391304348,0.8056521739130436,0.8076021739130436,0.8102326086956522,0.8090521739130435,0.8014108695652175,0.8080760869565219,0.7819956521739131,0.7157913043478261,0.6277826086956523,0.49748043478260867,0.5089891304347827,0.5280326086956523,0.614363043478261,0.7343826086956522,0.7822239130434784,0.7971000000000001,0.8092978260869566,0.8066695652173914,0.8083260869565219,0.8097760869565218,0.8116152173913045,0.8102282608695653,0.8091391304347826,0.8092891304347828,0.8093478260869565,0.8072173913043478,0.8069782608695653,0.8066739130434784,0.8094782608695653,0.8129130434782609,0.8108760869565218,0.8101804347826088,0.812263043478261,0.8085065217391305,0.8102565217391304,0.8094565217391305,0.8088847826086957,0.8076804347826088,0.8062173913043478,0.8065673913043478,0.8049630434782609,0.8088260869565218,0.8010021739130436,0.8097695652173914,0.8128500000000001,0.8122739130434784,0.8093869565217392,0.8093413043478261,0.811863043478261,0.8114195652173913,0.8093695652173913,0.8102608695652174,0.8074826086956521,0.8060282608695652,0.8104978260869565,0.8128239130434782,0.8113521739130435,0.7632826086956522,0.7861652173913045,0.7457065217391305,0.7860021739130436,0.7872065217391305,0.7906565217391305,0.8083065217391305
0.8090478260869565,0.8113478260869565,0.8097,0.8131304347826088,0.8105152173913044,0.8113347826086957,0.8087326086956522,0.8084782608695653,0.8074347826086957,0.8065217391304348,0.8069565217391305,0.8081304347826088,0.8125217391304349,0.8067500000000001,0.8124956521739132,0.7855152173913044,0.7304782608695652,0.6918260869565218,0.6044152173913044,0.6066065217391304,0.6179673913043479,0.5706934782608696,0.6954847826086957,0.757904347826087,0.809417391304348,0.8090304347826087,0.809954347826087,0.8102608695652174,0.8102326086956522,0.8093717391304349,0.8051891304347827,0.8098804347826087,0.8077652173913045,0.8106782608695653,0.8073456521739131,0.8082847826086956,0.8085652173913045,0.8090478260869566,0.8102608695652174,0.8080630434782609,0.8113456521739131,0.7894195652173914,0.6513326086956522,0.6325326086956522,0.4994282608695652,0.497263043478261,0.5143021739130436,0.5853739130434783,0.6944021739130436,0.7677434782608696,0.7875217391304349,0.8033347826086957,0.8087456521739131,0.808304347826087,0.8088913043478262,0.8104239130434783,0.8102195652173914,0.8079804347826087,0.8083130434782608,0.8073391304347826,0.8084347826086957,0.8063478260869565,0.8075652173913044,0.8103195652173915,0.8102391304347827,0.8126130434782609,0.8101108695652175,0.812308695652174,0.8164130434782608,0.809508695652174,0.8072673913043479,0.8096413043478262,0.8084608695652175,0.8069934782608696,0.8061956521739131,0.8056304347826087,0.8087391304347827,0.8074130434782609,0.7993804347826088,0.8099565217391305,0.8105347826086957,0.8104934782608697,0.8123065217391304,0.8112739130434784,0.8084304347826087,0.811,0.809854347826087,0.8075000000000001,0.8082391304347827,0.8087891304347826,0.8091239130434783,0.8059673913043478,0.8071695652173914,0.7762782608695652,0.7617695652173914,0.7978347826086958,0.7920826086956523,0.7851260869565218,0.8114934782608697
0.8100760869565218,0.808913043478261,0.8092869565217391,0.8068521739130435,0.8080804347826088,0.8088565217391306,0.8053282608695653,0.8076239130434782,0.8058021739130435,0.8058695652173913,0.8071956521739131,0.8085869565217392,0.8111282608695652,0.8136434782608697,0.8115717391304348,0.7958956521739131,0.7577021739130435,0.6708152173913045,0.6225217391304348,0.5683021739130435,0.5735152173913043,0.5717282608695653,0.7440565217391305,0.7821043478260871,0.8086869565217392,0.8107695652173914,0.8126956521739132,0.8080652173913043,0.8078521739130435,0.8077673913043478,0.8026217391304348,0.81205,0.8103543478260871,0.8088565217391306,0.8065934782608696,0.8065065217391305,0.8090826086956522,0.8140282608695653,0.8037565217391305,0.807208695652174,0.8078413043478262,0.7834326086956522,0.6653347826086957,0.656108695652174,0.4867456521739131,0.45621217391304353,0.5758695652173913,0.6174000000000001,0.7293282608695654,0.7628413043478263,0.7971282608695652,0.8104413043478261,0.808304347826087,0.8085956521739132,0.81,0.8102782608695653,0.8095869565217392,0.8095434782608696,0.8107608695652174,0.810108695652174,0.8070869565217392,0.806413043478261,0.8076304347826087,0.8093478260869565,0.8114065217391305,0.8126130434782609,0.8123260869565218,0.8073652173913044,0.811745652173913,0.808258695652174,0.8094978260869565,0.8079652173913044,0.806595652173913,0.8061739130434784,0.8075000000000001,0.8061304347826087,0.8054847826086957,0.8090760869565218,0.8118217391304348,0.8088217391304349,0.8120456521739131,0.8108934782608695,0.8099739130434783,0.8069760869565218,0.8108130434782609,0.8108260869565218,0.8092826086956523,0.8055521739130436,0.8063760869565219,0.8090956521739132,0.8110695652173914,0.8017630434782609,0.7933565217391305,0.7731239130434784,0.7781891304347827,0.804908695652174,0.7952021739130435,0.7994369565217392,0.8120717391304348
0.8104478260869566,0.8104152173913044,0.8078630434782609,0.8107434782608697,0.8093260869565219,0.8092217391304348,0.809963043478261,0.8078913043478262,0.8081956521739131,0.8062608695652175,0.8075869565217392,0.8078195652173914,0.8104347826086957,0.8089,0.8005195652173913,0.7884304347826088,0.7355652173913044,0.6564500000000001,0.6300021739130436,0.4774334782608696,0.45514065217391303,0.5773760869565218,0.6991891304347826,0.7467847826086957,0.8060847826086958,0.8063978260869566,0.8139217391304349,0.8082304347826087,0.8083934782608696,0.8098869565217393,0.8095913043478262,0.8122413043478262,0.8103543478260871,0.8084282608695653,0.808708695652174,0.8067826086956522,0.809304347826087,0.8108478260869565,0.811508695652174,0.8068913043478262,0.7959717391304348,0.7916,0.6833630434782609,0.5974652173913043,0.5154478260869565,0.5160934782608697,0.5242326086956522,0.530404347826087,0.7201826086956522,0.7975239130434784,0.8011391304347827,0.8091673913043479,0.8089847826086958,0.8090652173913044,0.8094565217391305,0.8084,0.810904347826087,0.809463043478261,0.8094347826086957,0.8087673913043478,0.8076304347826088,0.8068478260869566,0.8062391304347827,0.8090369565217391,0.8088586956521739,0.8118978260869566,0.8091347826086956,0.8112826086956523,0.8110695652173914,0.8086108695652174,0.8078695652173914,0.8086152173913044,0.8076478260869566,0.8056956521739131,0.8062391304347827,0.8061456521739131,0.8094130434782609,0.8090956521739132,0.8095608695652174,0.8099717391304349,0.8112934782608696,0.8053847826086957,0.8069413043478261,0.8023891304347828,0.8085782608695652,0.8104934782608697,0.8096652173913045,0.8049543478260871,0.8076739130434784,0.8097478260869566,0.8115260869565217,0.8090826086956522,0.8077260869565218,0.7869630434782608,0.7771760869565217,0.7959652173913043,0.7883326086956522,0.7961673913043479,0.8109021739130435
0.8099369565217391,0.8111934782608696,0.8093978260869565,0.8106739130434782,0.8100304347826087,0.8098913043478262,0.8091717391304349,0.809463043478261,0.8081956521739131,0.8057391304347826,0.8071021739130436,0.8088326086956522,0.8092826086956523,0.8131217391304348,0.8068652173913043,0.7794847826086957,0.7103586956521739,0.6853565217391304,0.5803152173913044,0.5934543478260871,0.5614717391304348,0.5841478260869566,0.6788891304347826,0.774058695652174,0.8125021739130436,0.8091326086956523,0.8110913043478262,0.8085782608695652,0.8087239130434783,0.8078586956521739,0.8085021739130435,0.8092956521739131,0.8110260869565218,0.8095847826086957,0.8073934782608696,0.8083478260869565,0.808304347826087,0.8101521739130436,0.8106282608695652,0.7993913043478261,0.8105673913043479,0.7352260869565218,0.7324826086956522,0.6205608695652174,0.5501282608695652,0.5100739130434783,0.5411108695652175,0.6130782608695653,0.6881565217391304,0.7973500000000001,0.7852326086956523,0.8110565217391305,0.8081956521739131,0.8086500000000001,0.807913043478261,0.8105,0.8069782608695653,0.8069282608695654,0.8107847826086957,0.8082608695652175,0.8071195652173914,0.8064826086956521,0.8069565217391305,0.808804347826087,0.8106500000000001,0.8115717391304348,0.8116739130434782,0.8116869565217393,0.8111956521739131,0.8096630434782609,0.8079565217391306,0.8089173913043479,0.8073108695652175,0.807608695652174,0.8059565217391305,0.8061739130434784,0.8091956521739131,0.8105782608695653,0.8088652173913045,0.8132739130434783,0.8104652173913044,0.8115456521739131,0.8099717391304349,0.809913043478261,0.8073869565217392,0.8095326086956522,0.8086739130434784,0.807695652173913,0.8070434782608696,0.8082608695652175,0.8095021739130436,0.8072543478260871,0.8015565217391305,0.761358695652174,0.7756108695652174,0.7933326086956523,0.7877847826086957,0.7993869565217392,0.8102021739130436
0.8102673913043479,0.8099478260869566,0.8107652173913044,0.8102108695652174,0.8067478260869565,0.8098391304347827,0.8084130434782609,0.8084195652173913,0.8082326086956523,0.8071956521739131,0.8060869565217392,0.8076304347826088,0.8118608695652175,0.8079000000000001,0.8093652173913044,0.7956956521739131,0.7470478260869566,0.698904347826087,0.6424326086956522,0.5888173913043478,0.5583739130434784,0.636208695652174,0.6874739130434783,0.7859239130434782,0.8132217391304349,0.8127152173913044,0.8080326086956522,0.809113043478261,0.8013413043478261,0.8077260869565218,0.8099478260869566,0.8106978260869566,0.8093260869565219,0.8104391304347827,0.8076239130434782,0.8080434782608696,0.8076739130434784,0.8098521739130435,0.8083586956521739,0.8128239130434783,0.8098434782608696,0.7921304347826087,0.7205217391304348,0.6462108695652174,0.4675856521739131,0.5300021739130436,0.5153108695652174,0.5994478260869566,0.75105,0.7877913043478262,0.7850347826086957,0.8086565217391305,0.8073695652173913,0.8068717391304349,0.8076369565217392,0.8103260869565219,0.8084782608695653,0.8082673913043479,0.8105586956521741,0.8100869565217392,0.8080695652173914,0.8060434782608695,0.806608695652174,0.8077304347826088,0.8125,0.8119260869565219,0.8106000000000001,0.8122195652173914,0.813004347826087,0.8117478260869566,0.809695652173913,0.8077217391304348,0.8094521739130435,0.8077826086956522,0.805608695652174,0.8061739130434784,0.8094847826086957,0.809163043478261,0.8097152173913044,0.8075652173913044,0.8129347826086957,0.8121152173913044,0.8114956521739131,0.8037434782608696,0.8085000000000001,0.8102391304347827,0.8093173913043479,0.8074782608695653,0.8082608695652175,0.8102434782608696,0.8098565217391305,0.8032108695652175,0.8022891304347827,0.7748195652173914,0.76695,0.8043478260869567,0.7731804347826088,0.7770673913043479,0.809404347826087
0.8100065217391305,0.8095869565217392,0.808754347826087,0.8088413043478262,0.8110195652173914,0.8116326086956522,0.8102608695652174,0.8084565217391305,0.8088913043478262,0.8065217391304348,0.8061521739130435,0.8082173913043479,0.811,0.8102913043478261,0.8006782608695653,0.796913043478261,0.7485478260869566,0.633804347826087,0.6149369565217392,0.6265891304347827,0.5618217391304348,0.6053652173913043,0.7103673913043479,0.7756934782608698,0.810604347826087,0.8087565217391305,0.8120695652173914,0.8098978260869566,0.8094913043478261,0.8102152173913044,0.8119260869565219,0.8080391304347827,0.8104108695652175,0.809258695652174,0.8073391304347827,0.8073913043478261,0.8073456521739132,0.8112521739130435,0.8101934782608696,0.8079913043478261,0.8070934782608696,0.774363043478261,0.7129152173913044,0.6090826086956522,0.5201021739130436,0.49650434782608704,0.5340695652173914,0.5790304347826087,0.7115804347826088,0.7854565217391305,0.7629369565217391,0.8078782608695653,0.8077304347826088,0.807904347826087,0.8095652173913045,0.809858695652174,0.8092391304347827,0.8087608695652174,0.8092608695652175,0.8075434782608697,0.8067173913043478,0.8061086956521739,0.8077391304347827,0.8095217391304348,0.8138978260869565,0.81,0.8100673913043478,0.8116195652173913,0.8117782608695654,0.8101934782608696,0.808667391304348,0.8079086956521739,0.8091739130434783,0.8070217391304348,0.8053260869565219,0.8052413043478261,0.8076804347826088,0.8124630434782609,0.8095652173913045,0.8062195652173914,0.810963043478261,0.8108304347826087,0.81,0.8047760869565218,0.8082434782608696,0.8102673913043479,0.8076326086956522,0.8074760869565217,0.8070282608695653,0.8090934782608695,0.8098391304347827,0.8076021739130436,0.8045282608695652,0.7756434782608697,0.7753804347826088,0.8016739130434783,0.7968673913043479,0.7745739130434783,0.8092
0.8097369565217392,0.8084043478260869,0.811763043478261,0.8098413043478262,0.8087673913043478,0.8092782608695652,0.8089347826086957,0.8085282608695653,0.808154347826087,0.8059130434782609,0.8068326086956522,0.8085869565217392,0.8087673913043479,0.8104065217391305,0.8052652173913045,0.7793869565217393,0.7359,0.6636913043478261,0.5967456521739131,0.5882760869565218,0.6199260869565217,0.5755782608695653,0.7336260869565218,0.7555326086956523,0.8097760869565218,0.8113847826086957,0.8089478260869566,0.8102239130434783,0.8099369565217392,0.8109586956521739,0.8124195652173913,0.8101956521739131,0.8091565217391304,0.8092586956521739,0.8082673913043479,0.8070652173913044,0.8086065217391305,0.8103282608695652,0.8079239130434783,0.8097434782608697,0.8010478260869567,0.7772130434782609,0.7386608695652175,0.597313043478261,0.38854108695652173,0.5293804347826088,0.5577760869565217,0.5877739130434783,0.7321739130434783,0.7942913043478261,0.7942760869565217,0.8097630434782609,0.8079347826086957,0.8070021739130435,0.8106239130434783,0.8129413043478262,0.8082695652173915,0.8087978260869565,0.8076021739130436,0.8080456521739131,0.807913043478261,0.8057173913043478,0.8075434782608697,0.8096739130434784,0.8092413043478262,0.8112913043478261,0.8116869565217393,0.8049826086956522,0.8115282608695652,0.8108369565217391,0.8080434782608695,0.8066,0.8077826086956522,0.8061086956521739,0.8061739130434784,0.8057173913043478,0.8083195652173913,0.8088913043478262,0.8116217391304349,0.8125195652173913,0.8103695652173913,0.8104108695652175,0.8126782608695653,0.8109695652173914,0.8084956521739131,0.8107956521739131,0.8097391304347827,0.808458695652174,0.8073043478260871,0.8086695652173913,0.8092304347826087,0.7980739130434784,0.8025413043478261,0.7778,0.7815739130434783,0.7913826086956522,0.7998695652173914,0.7755695652173913,0.810508695652174
0.8084521739130436,0.8098913043478262,0.8114782608695653,0.8111260869565219,0.8096804347826088,0.8088326086956522,0.8100434782608696,0.8095652173913045,0.8091086956521739,0.8059413043478261,0.8056521739130436,0.8084347826086957,0.8099739130434783,0.8069847826086958,0.8011,0.7959108695652174,0.7427652173913043,0.6126282608695653,0.5769195652173914,0.615,0.5841108695652175,0.606363043478261,0.724958695652174,0.780654347826087,0.8068652173913045,0.8101391304347826,0.8121847826086956,0.80715,0.8083978260869567,0.8095500000000001,0.8116565217391305,0.804654347826087,0.8084391304347827,0.8108978260869566,0.8072847826086957,0.8071956521739131,0.810717391304348,0.8099782608695654,0.8030260869565218,0.8071956521739131,0.8071434782608696,0.7812391304347827,0.7338195652173913,0.6669739130434783,0.5262130434782609,0.48861086956521743,0.49391956521739133,0.5559521739130435,0.6957826086956522,0.7883043478260869,0.7851260869565218,0.8100195652173914,0.8062847826086957,0.8090065217391305,0.8083847826086956,0.80965,0.8084652173913044,0.8082695652173915,0.808304347826087,0.8077760869565218,0.8065065217391305,0.8062826086956522,0.8070804347826088,0.8098478260869566,0.8102391304347827,0.8110847826086958,0.8115804347826088,0.8136956521739132,0.8144695652173913,0.8100239130434784,0.8094130434782609,0.8099260869565218,0.8075717391304349,0.8062673913043479,0.806608695652174,0.8062608695652175,0.8084565217391305,0.8111652173913044,0.8119913043478262,0.8104456521739131,0.8081565217391304,0.8139391304347827,0.8118500000000001,0.8113326086956522,0.8100173913043479,0.8103478260869565,0.809913043478261,0.8081673913043479,0.8077826086956522,0.8088173913043478,0.8098347826086958,0.8061782608695653,0.7960021739130435,0.7766869565217392,0.7848717391304348,0.8076739130434784,0.7867804347826088,0.798163043478261,0.810104347826087
0.8071717391304348,0.8096434782608696,0.8092478260869566,0.8105673913043479,0.8087891304347826,0.8076891304347826,0.8097608695652174,0.8089434782608697,0.8082173913043479,0.8065434782608696,0.806608695652174,0.8096304347826088,0.8076391304347826,0.8074282608695653,0.8037195652173914,0.7765913043478261,0.7595934782608696,0.6567652173913043,0.6767413043478262,0.5338369565217392,0.6201695652173914,0.6162673913043479,0.6799782608695653,0.7803000000000001,0.8115,0.8111391304347826,0.8095847826086958,0.8091521739130436,0.8084847826086957,0.8084760869565217,0.8099173913043479,0.811804347826087,0.8097608695652174,0.8096173913043478,0.8078978260869566,0.808154347826087,0.8083695652173915,0.8112195652173914,0.8123695652173913,0.8114652173913044,0.8040326086956522,0.777367391304348,0.7204956521739131,0.6295652173913043,0.4945173913043478,0.5083695652173913,0.5355065217391305,0.5658369565217392,0.7338804347826087,0.7794804347826088,0.8058391304347826,0.8069413043478261,0.8098434782608697,0.8078695652173913,0.8077652173913045,0.8115608695652174,0.8102608695652174,0.8085434782608696,0.8096652173913044,0.8085152173913044,0.8085652173913044,0.8071304347826087,0.8089347826086957,0.8078869565217393,0.810745652173913,0.8083478260869565,0.8118565217391305,0.8115282608695653,0.8152934782608696,0.8100217391304347,0.8099500000000001,0.8086891304347826,0.8075869565217392,0.8058913043478262,0.806304347826087,0.8064347826086957,0.8084369565217393,0.8104456521739131,0.8115217391304348,0.8104195652173914,0.8089760869565218,0.8095630434782609,0.8100782608695652,0.811504347826087,0.8103021739130435,0.8069673913043479,0.8087413043478261,0.8085500000000001,0.8062173913043479,0.8085869565217392,0.8080217391304348,0.8095326086956521,0.8097239130434783,0.7345369565217392,0.7878000000000001,0.807658695652174,0.7974826086956522,0.7785782608695653,0.8098065217391305
0.8101695652173914,0.810008695652174,0.8110434782608698,0.8096521739130436,0.808563043478261,0.808963043478261,0.8093260869565219,0.8093913043478262,0.8078478260869566,0.8069782608695653,0.806304347826087,0.809,0.8085521739130435,0.8080304347826088,0.7981978260869566,0.7882347826086957,0.7209021739130436,0.6593652173913044,0.6503391304347826,0.5631826086956522,0.5520478260869566,0.6573521739130435,0.67695,0.7828847826086958,0.8121347826086958,0.8075521739130436,0.8128195652173914,0.8093391304347827,0.8104130434782609,0.8112347826086956,0.8077543478260871,0.8083739130434783,0.8095673913043478,0.810945652173913,0.8070565217391306,0.8080217391304348,0.8094565217391305,0.8106304347826089,0.8131565217391306,0.8078282608695653,0.806104347826087,0.7824000000000001,0.7332369565217391,0.6306521739130435,0.5329760869565218,0.48157260869565216,0.5446934782608696,0.6035760869565218,0.7163239130434783,0.7871021739130436,0.7635021739130435,0.8112260869565218,0.8077347826086957,0.8067239130434783,0.8101586956521739,0.8108239130434783,0.8096391304347826,0.808304347826087,0.8105804347826088,0.8083695652173915,0.8063478260869565,0.8051304347826087,0.8080434782608695,0.8082695652173915,0.8103413043478261,0.8119021739130435,0.8108978260869566,0.808963043478261,0.8111934782608696,0.8102673913043479,0.8101717391304349,0.809508695652174,0.8069456521739131,0.8054847826086957,0.8056956521739131,0.8063260869565219,0.8088021739130435,0.8109326086956523,0.8138869565217391,0.8108304347826087,0.8103869565217392,0.8117108695652174,0.8108478260869565,0.8102347826086957,0.8106369565217392,0.8116152173913045,0.8110978260869566,0.8067326086956522,0.8066673913043478,0.8096565217391306,0.8103521739130435,0.8064434782608697,0.7988391304347827,0.7786217391304348,0.7715826086956522,0.7944717391304348,0.7825804347826087,0.7806760869565218,0.8031869565217391
0.8090739130434783,0.8099391304347826,0.8115804347826088,0.8085239130434783,0.8088369565217391,0.8102978260869566,0.8063239130434783,0.808958695652174,0.8082673913043479,0.8061086956521739,0.8063478260869565,0.8098913043478262,0.808904347826087,0.8079152173913045,0.8088891304347826,0.7612456521739132,0.7212478260869565,0.6768695652173914,0.609963043478261,0.6028130434782609,0.5350804347826088,0.6245195652173914,0.7149565217391305,0.7866130434782609,0.8051260869565218,0.8101934782608696,0.8128652173913045,0.8102021739130435,0.8076782608695653,0.8102673913043478,0.8092391304347827,0.8115347826086957,0.8088847826086957,0.8121478260869566,0.807191304347826,0.8091086956521739,0.8088826086956522,0.8107782608695653,0.8105,0.8045891304347826,0.8079413043478262,0.7604369565217391,0.7198021739130436,0.6266934782608696,0.4990934782608695,0.4845391304347827,0.5161521739130435,0.6307804347826088,0.7298956521739132,0.7748065217391306,0.7794869565217392,0.8090065217391305,0.8099347826086957,0.8093260869565219,0.8065434782608696,0.8088608695652175,0.8088695652173913,0.8075913043478262,0.8104782608695653,0.808304347826087,0.809304347826087,0.8067608695652174,0.8079565217391305,0.8083913043478261,0.8095869565217392,0.8097717391304348,0.8118456521739131,0.8107891304347827,0.8106326086956522,0.8091086956521739,0.8099195652173913,0.8100195652173914,0.8070217391304348,0.8053760869565219,0.8058913043478262,0.8054565217391305,0.8075347826086958,0.8091260869565219,0.809104347826087,0.8090065217391305,0.8083130434782608,0.8101804347826087,0.8045239130434783,0.8081717391304348,0.8082043478260871,0.8098456521739131,0.8091739130434783,0.8084521739130436,0.8075369565217392,0.8089891304347827,0.8094108695652175,0.8086695652173913,0.808913043478261,0.7766369565217391,0.7716195652173914,0.8001217391304348,0.7710130434782609,0.7937217391304348,0.8113804347826088
0.809208695652174,0.80925,0.811558695652174,0.8098173913043478,0.8083217391304348,0.8092956521739131,0.8090173913043478,0.8076434782608697,0.8081521739130436,0.8066739130434784,0.8070652173913044,0.8086304347826088,0.810304347826087,0.8107826086956521,0.8040152173913044,0.7490021739130435,0.7229630434782609,0.6621239130434783,0.6183413043478262,0.6509847826086957,0.5849195652173913,0.5723739130434783,0.7100586956521739,0.777963043478261,0.8104326086956523,0.8080739130434783,0.8088326086956522,0.8085217391304348,0.8098760869565218,0.8086369565217393,0.8103934782608696,0.8101760869565218,0.8092760869565218,0.8103826086956523,0.8097956521739131,0.8073695652173913,0.8083173913043479,0.8091282608695652,0.8098695652173914,0.8059260869565218,0.805795652173913,0.7709891304347827,0.6992173913043479,0.6455260869565218,0.5236978260869566,0.49902173913043474,0.5205869565217393,0.5705217391304348,0.7354695652173914,0.7878608695652174,0.7867108695652174,0.8060565217391306,0.8075434782608696,0.8074130434782609,0.8108913043478262,0.8105652173913045,0.8085652173913045,0.8087391304347827,0.8088065217391305,0.8089782608695654,0.8085652173913045,0.8063478260869565,0.8080652173913044,0.8080347826086958,0.8118543478260871,0.8114717391304348,0.8092826086956523,0.8133521739130435,0.8106065217391305,0.8120108695652174,0.8090891304347827,0.8094934782608697,0.8084956521739131,0.8083260869565219,0.8054347826086957,0.8055869565217393,0.8080217391304348,0.809258695652174,0.8104456521739132,0.8103260869565219,0.8103913043478262,0.8113456521739131,0.8107173913043478,0.8074065217391305,0.8107673913043479,0.8103934782608696,0.8086434782608696,0.8081304347826088,0.8066804347826088,0.8084978260869566,0.8102652173913044,0.8066913043478261,0.798795652173913,0.7845369565217392,0.7761804347826088,0.7995891304347827,0.8033543478260871,0.7932043478260871,0.8075695652173913
0.8117326086956523,0.8110717391304348,0.8095217391304348,0.8113043478260871,0.8104804347826087,0.8093413043478261,0.8079782608695653,0.8085217391304348,0.8080434782608696,0.8073695652173913,0.8059565217391305,0.8090195652173914,0.8083934782608696,0.8126239130434784,0.8063173913043479,0.7804521739130436,0.6760521739130436,0.6521891304347827,0.5739978260869566,0.590358695652174,0.5811434782608697,0.61175,0.7093369565217392,0.753763043478261,0.8079304347826087,0.8102978260869566,0.8090108695652174,0.8112391304347827,0.8077978260869565,0.8108195652173914,0.8093586956521739,0.809667391304348,0.8103043478260871,0.8120652173913044,0.8082304347826087,0.8076304347826087,0.8084782608695653,0.8106847826086957,0.8119304347826087,0.8082543478260871,0.8061195652173914,0.7907804347826088,0.7182826086956522,0.6338282608695652,0.4777239130434783,0.4827021739130435,0.5202695652173913,0.5841608695652175,0.7150239130434783,0.7942,0.7850369565217392,0.8061369565217392,0.809263043478261,0.8079347826086957,0.8072521739130435,0.8102217391304348,0.8109565217391306,0.8097347826086957,0.81,0.8093260869565219,0.8073913043478261,0.8066739130434784,0.8070869565217392,0.8081521739130435,0.8121195652173914,0.8108173913043478,0.8120326086956522,0.8120782608695652,0.8123673913043479,0.8111413043478262,0.8082021739130436,0.8087173913043478,0.8067195652173914,0.8065217391304348,0.8053913043478261,0.8052217391304348,0.8070500000000002,0.8098413043478262,0.803708695652174,0.8115956521739132,0.8123717391304348,0.8125956521739132,0.811,0.8128195652173914,0.8051021739130436,0.8109304347826087,0.8101021739130435,0.8055065217391305,0.806863043478261,0.8092326086956523,0.8095304347826088,0.8111239130434782,0.8029391304347826,0.7735282608695653,0.7846021739130435,0.7994630434782609,0.7926673913043478,0.7973304347826088,0.8048282608695653
0.8105304347826088,0.8080434782608695,0.8115,0.8097978260869565,0.8064065217391305,0.8104239130434783,0.8096847826086957,0.8081086956521739,0.8075869565217392,0.8073478260869565,0.8070652173913044,0.807663043478261,0.8092239130434784,0.8137978260869566,0.8029978260869566,0.7873434782608697,0.7501782608695653,0.691558695652174,0.5745086956521739,0.6400608695652175,0.5867978260869566,0.5921565217391304,0.7075000000000001,0.7866152173913045,0.8080847826086958,0.8117282608695653,0.8108934782608695,0.8090869565217392,0.8095760869565218,0.810754347826087,0.8065652173913044,0.8105217391304349,0.8077978260869565,0.8086913043478261,0.8095282608695653,0.8065652173913044,0.8090652173913044,0.812008695652174,0.8137891304347826,0.8093130434782608,0.8036217391304349,0.7913391304347827,0.6946173913043479,0.6284630434782609,0.4960369565217391,0.47641500000000003,0.5190391304347826,0.6061608695652174,0.719704347826087,0.782408695652174,0.7523717391304349,0.8117739130434783,0.808304347826087,0.8069847826086958,0.807904347826087,0.8098108695652174,0.8096000000000001,0.807004347826087,0.8090652173913044,0.8087173913043479,0.8067391304347827,0.8066739130434784,0.8074347826086957,0.8090434782608696,0.8085478260869566,0.810963043478261,0.8111282608695652,0.8107978260869566,0.8109108695652174,0.810258695652174,0.8104239130434783,0.8103717391304348,0.8076326086956522,0.8065434782608696,0.8063695652173913,0.8061304347826087,0.8077891304347826,0.809463043478261,0.8107478260869566,0.8116869565217393,0.8140804347826087,0.8118608695652175,0.8093586956521739,0.8087804347826087,0.8073065217391305,0.8113304347826088,0.8106173913043478,0.8075000000000001,0.8067391304347827,0.8091956521739131,0.8110304347826087,0.8125195652173913,0.8070239130434783,0.7639913043478261,0.7519891304347827,0.794991304347826,0.7917326086956523,0.7913739130434784,0.8055608695652176
0.8107804347826087,0.8095891304347826,0.8098673913043479,0.8112652173913044,0.8090434782608696,0.8082826086956522,0.8090217391304348,0.8097608695652174,0.8074347826086957,0.8064565217391304,0.8070434782608695,0.8085956521739132,0.8085456521739132,0.811163043478261,0.7717760869565218,0.7826869565217393,0.7109413043478261,0.6126260869565218,0.612558695652174,0.6456934782608695,0.5903239130434783,0.6022456521739131,0.7068065217391305,0.748254347826087,0.8094434782608696,0.8084239130434783,0.8097847826086958,0.8102891304347827,0.8093913043478262,0.8090565217391305,0.8080673913043479,0.8083130434782608,0.8103717391304348,0.8107630434782609,0.8097021739130436,0.8063478260869565,0.8091956521739131,0.8124782608695653,0.8108913043478262,0.809904347826087,0.8023739130434784,0.7930369565217392,0.7080760869565218,0.6419000000000001,0.5270173913043479,0.4547763043478261,0.557158695652174,0.604808695652174,0.7465304347826087,0.7716391304347826,0.7949347826086957,0.8063152173913044,0.808658695652174,0.807913043478261,0.8101739130434783,0.8099673913043479,0.8091913043478262,0.8067782608695652,0.8095434782608696,0.8091521739130436,0.8068695652173913,0.8071739130434783,0.8079347826086957,0.8094782608695653,0.8085478260869565,0.8135434782608697,0.8134391304347827,0.8118739130434782,0.8107521739130436,0.8102369565217392,0.8091891304347827,0.8086804347826086,0.8066195652173913,0.806413043478261,0.8063478260869565,0.8061304347826088,0.8080282608695653,0.8081739130434783,0.8085652173913045,0.8113956521739132,0.8128717391304349,0.808263043478261,0.8110826086956523,0.8127847826086957,0.8093608695652175,0.8100652173913044,0.8092913043478261,0.8066847826086957,0.8068673913043479,0.8085565217391305,0.8094369565217392,0.8124978260869566,0.8016826086956522,0.7682782608695653,0.7827239130434783,0.8082369565217392,0.7782891304347826,0.7909173913043479,0.8101934782608696
0.810308695652174,0.8084478260869565,0.810667391304348,0.8093630434782609,0.8093086956521739,0.8088913043478262,0.8092326086956523,0.8095217391304348,0.8086521739130436,0.8066739130434784,0.8066521739130436,0.8083695652173913,0.8099260869565219,0.8035021739130436,0.807854347826087,0.7952304347826087,0.7311260869565218,0.707713043478261,0.6368934782608696,0.6295673913043479,0.5715369565217392,0.6193217391304349,0.6872891304347827,0.7907913043478262,0.813158695652174,0.8073347826086956,0.8094108695652176,0.8087195652173914,0.8090347826086958,0.8084608695652175,0.8100826086956522,0.8125891304347826,0.8082347826086957,0.808608695652174,0.8087565217391305,0.8061521739130435,0.8091956521739131,0.8098304347826089,0.8090913043478262,0.8110869565217391,0.8045217391304349,0.7719565217391305,0.7446717391304348,0.6506934782608697,0.5144260869565218,0.46491739130434784,0.5613434782608696,0.6325978260869566,0.7260152173913044,0.7754326086956521,0.7864456521739132,0.8092521739130436,0.8082543478260871,0.8082173913043479,0.8096804347826088,0.8118804347826089,0.8085695652173913,0.8085434782608696,0.8104065217391305,0.8074282608695653,0.8074565217391304,0.8061086956521739,0.8079565217391305,0.8095869565217392,0.8120608695652174,0.8090217391304348,0.8119239130434783,0.8111586956521739,0.8122065217391305,0.808758695652174,0.8102239130434783,0.8069391304347827,0.8089826086956522,0.8066739130434784,0.8061956521739131,0.8056739130434784,0.8075869565217392,0.8047739130434782,0.8130717391304348,0.8130108695652174,0.8068695652173913,0.8123978260869565,0.8131934782608696,0.8090478260869565,0.8111130434782609,0.8089521739130435,0.8097413043478261,0.8080695652173914,0.8074130434782609,0.8094347826086957,0.80605,0.7821000000000001,0.8039434782608698,0.772504347826087,0.7847586956521739,0.793104347826087,0.7934934782608697,0.7888413043478262,0.8121195652173915
0.8092739130434784,0.8106000000000001,0.8090847826086957,0.8104673913043479,0.809954347826087,0.8089195652173913,0.8091304347826088,0.8085456521739132,0.8081304347826088,0.8074565217391304,0.805608695652174,0.8078913043478262,0.809354347826087,0.809,0.801595652173913,0.776813043478261,0.7673934782608696,0.5987804347826087,0.6563717391304348,0.5972434782608697,0.5362521739130435,0.6017239130434783,0.6725021739130436,0.7568934782608695,0.8096934782608697,0.8124804347826087,0.8085869565217392,0.8080347826086958,0.8097826086956521,0.8105065217391305,0.8132391304347827,0.8123956521739132,0.8077760869565218,0.8095804347826088,0.8094565217391305,0.8068043478260869,0.8077978260869565,0.8103695652173913,0.8098195652173913,0.798658695652174,0.8032456521739132,0.7523608695652175,0.69975,0.6081043478260869,0.4778065217391305,0.49263913043478263,0.47630869565217393,0.5951826086956523,0.7285304347826087,0.7704521739130435,0.7928913043478263,0.8126739130434782,0.8083152173913045,0.8088913043478261,0.8084065217391305,0.8108304347826087,0.8108217391304349,0.8088260869565218,0.8089347826086957,0.8076673913043478,0.8073478260869565,0.8061739130434784,0.8081152173913044,0.809745652173913,0.8102326086956523,0.8089608695652174,0.8107347826086957,0.8133304347826088,0.8120978260869565,0.8103760869565219,0.8100760869565218,0.8092891304347828,0.8090456521739131,0.8070217391304348,0.8054630434782609,0.805913043478261,0.8090869565217392,0.8076413043478261,0.8114521739130436,0.8101065217391306,0.7818021739130435,0.8105521739130435,0.8147391304347826,0.8106282608695652,0.809454347826087,0.8097913043478261,0.8097173913043478,0.808158695652174,0.8074347826086957,0.8087760869565218,0.8080869565217392,0.8102978260869566,0.7944413043478261,0.7736282608695654,0.7417760869565219,0.8042413043478261,0.7990847826086958,0.7852826086956523,0.8072804347826088
0.8108913043478262,0.809208695652174,0.8100195652173914,0.8098739130434782,0.8091608695652175,0.8108043478260871,0.8100652173913044,0.8083326086956523,0.8095869565217392,0.8057391304347826,0.8061086956521739,0.8069934782608696,0.8115,0.8140173913043479,0.8058782608695653,0.7948391304347827,0.7565021739130436,0.6701782608695652,0.6378021739130435,0.6018673913043479,0.5488130434782609,0.6353891304347826,0.7533282608695653,0.7809891304347827,0.8100217391304347,0.8087347826086957,0.8086130434782609,0.8096739130434784,0.8085434782608696,0.8101652173913044,0.8080456521739131,0.8089173913043479,0.8095369565217392,0.8083304347826088,0.8081152173913044,0.8073478260869565,0.8079782608695654,0.8097891304347827,0.8130956521739131,0.8108347826086958,0.8079152173913043,0.7799760869565218,0.6918500000000001,0.6479804347826088,0.5216847826086957,0.4950369565217391,0.5257782608695653,0.6090608695652174,0.6904217391304348,0.7854217391304349,0.7814000000000001,0.8078739130434783,0.8077304347826088,0.8074652173913044,0.8118478260869566,0.8130000000000001,0.8097195652173914,0.8104239130434783,0.8091304347826087,0.8100217391304347,0.8066739130434784,0.8062391304347827,0.8065434782608696,0.8104347826086956,0.808808695652174,0.8131913043478262,0.8123956521739132,0.8105434782608697,0.8127717391304349,0.8072717391304348,0.8082826086956523,0.808058695652174,0.806667391304348,0.8062391304347827,0.806413043478261,0.8057608695652175,0.8096195652173914,0.8082695652173915,0.8117695652173914,0.8099565217391305,0.8101934782608696,0.8119695652173913,0.8126369565217392,0.8078847826086957,0.8089369565217391,0.8097608695652174,0.8102652173913044,0.8083695652173913,0.806913043478261,0.8072695652173913,0.8093521739130436,0.8056369565217393,0.7936239130434783,0.7736500000000001,0.7765239130434783,0.806658695652174,0.7881369565217392,0.7819,0.8116978260869566
0.807695652173913,0.8098695652173914,0.8084608695652175,0.809608695652174,0.810708695652174,0.8108847826086958,0.8111434782608696,0.8090847826086957,0.8083543478260871,0.8074130434782609,0.8062826086956522,0.8065065217391305,0.8114847826086957,0.8126739130434782,0.8010434782608696,0.7724065217391305,0.7151456521739131,0.6466673913043479,0.6115608695652175,0.6119086956521739,0.5506391304347826,0.5803826086956523,0.7198065217391305,0.7878152173913043,0.8079195652173914,0.8088913043478261,0.8077456521739131,0.8077978260869565,0.80715,0.8085739130434783,0.8087108695652174,0.8105326086956522,0.8101021739130435,0.8087913043478261,0.8085391304347828,0.8068478260869566,0.8071304347826088,0.8108847826086957,0.8112565217391305,0.8064239130434784,0.8063195652173913,0.7815826086956522,0.7054652173913044,0.675608695652174,0.49760456521739127,0.3698645652173913,0.5343434782608696,0.6342934782608696,0.719408695652174,0.7777521739130435,0.764941304347826,0.8097652173913044,0.8075869565217392,0.8074782608695653,0.8092543478260871,0.8084934782608697,0.8076739130434784,0.8089782608695654,0.8084347826086957,0.807913043478261,0.808695652173913,0.8067391304347827,0.8065869565217392,0.8080369565217391,0.81105,0.8083478260869565,0.8092239130434784,0.8109891304347827,0.8132391304347827,0.8103391304347827,0.8104695652173913,0.8089565217391305,0.8074717391304348,0.8067391304347827,0.8061956521739131,0.8069565217391305,0.8089695652173914,0.8116739130434782,0.8109869565217391,0.8090739130434783,0.8068521739130435,0.8064760869565217,0.8097934782608697,0.8109456521739131,0.8100021739130435,0.8085739130434784,0.8099565217391305,0.8089782608695654,0.8069065217391305,0.8084021739130436,0.8068913043478262,0.8068260869565218,0.8061782608695653,0.7827260869565218,0.7801978260869566,0.7892391304347827,0.7638478260869566,0.7935652173913045,0.8064782608695653
0.8067369565217392,0.8080478260869566,0.8106413043478262,0.8107608695652174,0.8091456521739131,0.8112608695652174,0.8073630434782609,0.8080717391304348,0.8081521739130436,0.8065217391304348,0.8062391304347827,0.809745652173913,0.8094652173913044,0.8111586956521739,0.8075195652173914,0.7903521739130435,0.7435260869565218,0.7058304347826088,0.6376673913043479,0.5663826086956523,0.5640021739130435,0.5965,0.7142065217391306,0.7764195652173914,0.8093543478260871,0.8090891304347827,0.8120217391304348,0.8083913043478262,0.8090260869565218,0.8105630434782609,0.8125326086956522,0.8091717391304349,0.8085717391304349,0.8091891304347827,0.8106521739130436,0.8083913043478262,0.8084130434782609,0.8110782608695652,0.8134282608695652,0.8144782608695653,0.8068239130434782,0.7621717391304348,0.666595652173913,0.6056217391304348,0.5562326086956523,0.498104347826087,0.5173913043478261,0.6238217391304348,0.6969717391304349,0.7787913043478262,0.7988347826086958,0.8034000000000001,0.8079608695652174,0.8072608695652175,0.8095217391304348,0.8106739130434782,0.8100434782608696,0.8089565217391305,0.8081913043478262,0.8099565217391305,0.8074782608695653,0.8068695652173913,0.8072391304347827,0.8100717391304348,0.811154347826087,0.8116934782608696,0.8084217391304348,0.8096847826086957,0.808208695652174,0.81105,0.8096152173913045,0.8096152173913044,0.8093043478260871,0.806913043478261,0.8060217391304348,0.806608695652174,0.8081739130434783,0.8121739130434783,0.8085478260869565,0.8098630434782609,0.8116760869565218,0.8093456521739132,0.811708695652174,0.8078739130434783,0.8125847826086957,0.8086195652173913,0.8080065217391305,0.8085434782608696,0.8080652173913043,0.8103608695652175,0.8019565217391305,0.8073456521739132,0.7889804347826088,0.7568782608695652,0.7249,0.789013043478261,0.7898195652173913,0.795417391304348,0.8046021739130436
0.8098760869565218,0.8115369565217392,0.8116326086956522,0.8078673913043479,0.8105652173913045,0.8085782608695652,0.8089195652173913,0.8076891304347826,0.8085739130434784,0.805608695652174,0.8067826086956522,0.808754347826087,0.811658695652174,0.812863043478261,0.8038065217391306,0.7858760869565218,0.73485,0.7059500000000001,0.606371739130435,0.5687500000000001,0.5987065217391304,0.5864413043478262,0.7408260869565217,0.7746565217391305,0.8090282608695653,0.8101195652173914,0.8118869565217391,0.8090282608695653,0.8092369565217392,0.8124347826086957,0.8113934782608696,0.812104347826087,0.8094847826086957,0.8099108695652174,0.8099782608695654,0.8067391304347827,0.8087673913043479,0.8103456521739132,0.810508695652174,0.8063717391304349,0.8050282608695652,0.7834869565217392,0.6530826086956522,0.6357978260869566,0.4873282608695652,0.47387826086956525,0.5662891304347827,0.6220239130434783,0.7409717391304348,0.7954695652173913,0.7990869565217391,0.8116695652173914,0.8085000000000001,0.807913043478261,0.8102195652173914,0.8112391304347827,0.8095065217391304,0.8104347826086956,0.8079630434782609,0.8080717391304348,0.807804347826087,0.8060652173913044,0.8073043478260871,0.8095217391304348,0.8111847826086956,0.811008695652174,0.8121304347826088,0.8108108695652174,0.8123173913043478,0.8118913043478262,0.809604347826087,0.8098282608695652,0.8083695652173913,0.806963043478261,0.8062826086956522,0.8057608695652175,0.8085434782608696,0.8069500000000001,0.8092739130434783,0.8080326086956522,0.8123152173913044,0.8131413043478262,0.8104130434782609,0.8081391304347827,0.8099173913043479,0.8088478260869566,0.8078826086956523,0.8073717391304349,0.8061304347826087,0.8081086956521739,0.8116173913043478,0.8142304347826088,0.8039956521739131,0.7732847826086957,0.7797413043478261,0.7991260869565218,0.7903413043478261,0.7897304347826088,0.8136369565217392
0.8083282608695652,0.8098434782608697,0.8101847826086956,0.8104217391304349,0.8112369565217393,0.8092978260869567,0.809217391304348,0.8067891304347827,0.807804347826087,0.8075652173913045,0.8058913043478261,0.8070652173913044,0.8101586956521739,0.8068434782608696,0.811508695652174,0.7811130434782609,0.714845652173913,0.650345652173913,0.6528673913043479,0.6174413043478262,0.5481739130434784,0.6423282608695654,0.7292000000000001,0.7983347826086957,0.8088500000000002,0.8105173913043479,0.8111413043478262,0.8092326086956523,0.8082434782608696,0.810558695652174,0.8139804347826087,0.811263043478261,0.8101739130434783,0.8105934782608696,0.8074195652173913,0.8076304347826087,0.8097608695652174,0.8101586956521739,0.8131021739130435,0.8008608695652174,0.8114021739130436,0.777054347826087,0.7176434782608697,0.6332152173913045,0.5009695652173913,0.4958304347826088,0.5359782608695651,0.6189891304347825,0.7265891304347828,0.7923695652173913,0.7946782608695653,0.8042804347826087,0.8080869565217392,0.8077391304347827,0.8086000000000001,0.8114847826086957,0.8084565217391304,0.8087978260869565,0.8096739130434784,0.8092826086956523,0.8073326086956523,0.8065000000000001,0.8070152173913044,0.8081304347826088,0.8111304347826088,0.8104978260869565,0.8137152173913044,0.8114195652173913,0.8101565217391306,0.8067608695652174,0.81005,0.8092847826086957,0.8085565217391305,0.8073478260869565,0.8055869565217393,0.8063760869565219,0.8090304347826087,0.8101152173913044,0.8101847826086956,0.8106260869565218,0.8094956521739131,0.8116195652173913,0.8081565217391306,0.8100956521739131,0.8106217391304349,0.8049717391304348,0.8088108695652175,0.8082195652173914,0.8079434782608697,0.8095413043478261,0.8111760869565219,0.7788413043478262,0.8055195652173913,0.7708978260869566,0.7385782608695654,0.7938456521739131,0.7832130434782609,0.7932130434782609,0.811954347826087
0.8105347826086957,0.810658695652174,0.8087173913043478,0.8092891304347828,0.8096130434782609,0.8078760869565218,0.8077065217391305,0.8085000000000001,0.8094565217391305,0.8067826086956522,0.8065652173913044,0.8101739130434783,0.8082,0.8130521739130435,0.8011021739130435,0.7810260869565218,0.725213043478261,0.7008760869565218,0.6456847826086957,0.5810913043478262,0.5907413043478261,0.62485,0.6737826086956522,0.7194565217391304,0.800913043478261,0.8081347826086956,0.8084630434782609,0.8069565217391306,0.8096347826086956,0.8100782608695652,0.8097695652173914,0.8101065217391306,0.8104478260869566,0.8097173913043478,0.8094282608695653,0.8085652173913045,0.8088260869565218,0.8126869565217392,0.814595652173913,0.811013043478261,0.8122065217391304,0.7660956521739132,0.6679869565217392,0.6271652173913044,0.4211915217391305,0.49152826086956525,0.5334891304347826,0.6531086956521739,0.7486347826086956,0.80235,0.7697173913043479,0.7986065217391305,0.8082173913043479,0.8073043478260871,0.8111260869565219,0.8109521739130436,0.8089782608695654,0.8095652173913045,0.8087826086956522,0.8100434782608696,0.8070217391304348,0.8065000000000001,0.8072391304347827,0.8095652173913045,0.809954347826087,0.8113891304347826,0.8128695652173914,0.8123673913043479,0.81195,0.8092152173913044,0.8089826086956522,0.8085804347826088,0.8077608695652174,0.8074934782608696,0.805754347826087,0.8068260869565218,0.8072891304347827,0.8099717391304349,0.8092521739130436,0.810667391304348,0.8105369565217392,0.812754347826087,0.8122347826086956,0.8094956521739131,0.807695652173913,0.8079500000000001,0.8107586956521741,0.8077608695652174,0.8072608695652175,0.8068804347826087,0.8117195652173913,0.8041021739130435,0.7874891304347826,0.7688978260869566,0.7529717391304348,0.7929456521739131,0.7965239130434784,0.7975521739130434,0.8082108695652174
0.8101978260869567,0.8105565217391305,0.8125,0.8095434782608697,0.8113043478260871,0.8099260869565218,0.8102608695652174,0.8088478260869566,0.8072108695652174,0.806913043478261,0.8065869565217392,0.8087891304347826,0.8123434782608696,0.8111521739130435,0.8113456521739131,0.7616891304347826,0.7496608695652174,0.6931652173913043,0.6506891304347827,0.6252586956521741,0.5725847826086957,0.616804347826087,0.6698847826086957,0.7915565217391305,0.8018630434782609,0.8016369565217392,0.8086152173913044,0.8092608695652175,0.8100934782608696,0.8098565217391305,0.8094760869565217,0.8121304347826088,0.8095217391304348,0.8100391304347827,0.808608695652174,0.8081956521739131,0.8090021739130435,0.8110195652173914,0.8063217391304349,0.8090869565217392,0.7957217391304349,0.7911326086956523,0.7253434782608695,0.6341130434782609,0.47454934782608693,0.5085847826086957,0.5307478260869566,0.5762391304347827,0.7165065217391304,0.7899239130434784,0.7896847826086958,0.8072369565217391,0.8078913043478262,0.8075152173913045,0.8076217391304349,0.8077478260869566,0.8082391304347827,0.8081304347826088,0.8085782608695652,0.8093478260869565,0.8068260869565218,0.8073478260869565,0.8070434782608695,0.8100804347826088,0.8119000000000002,0.8109282608695653,0.8098282608695652,0.8122,0.8144630434782609,0.8099760869565218,0.8087434782608697,0.8079956521739131,0.8081869565217392,0.8061304347826087,0.8060869565217392,0.8064347826086957,0.8084565217391304,0.8080282608695653,0.8065195652173914,0.8105739130434784,0.8105065217391304,0.8090608695652175,0.806158695652174,0.8113304347826088,0.8076043478260869,0.8072500000000001,0.8098391304347827,0.8090804347826088,0.8065239130434783,0.8106086956521739,0.8112652173913044,0.8007260869565218,0.8033543478260871,0.7577282608695652,0.7748521739130436,0.7977239130434783,0.7971260869565219,0.7874913043478262,0.8097934782608697
0.8081869565217392,0.8083369565217392,0.8129478260869566,0.8103500000000001,0.8104826086956523,0.8081934782608696,0.8095934782608696,0.8077086956521741,0.8087391304347827,0.8068478260869566,0.8071739130434783,0.808158695652174,0.8102826086956522,0.8095456521739132,0.773763043478261,0.7842782608695653,0.7192391304347827,0.6604086956521741,0.5957913043478261,0.5941652173913043,0.5612956521739131,0.5595695652173913,0.7354869565217391,0.7932978260869565,0.8104456521739132,0.8084760869565217,0.8138695652173914,0.8084282608695653,0.8096543478260869,0.8069717391304347,0.8136891304347826,0.8086456521739132,0.8092521739130436,0.809904347826087,0.8093760869565219,0.807913043478261,0.8083065217391305,0.8114804347826087,0.8118347826086958,0.8025934782608697,0.8041717391304348,0.7665956521739131,0.7096826086956523,0.6141217391304348,0.5280673913043478,0.49138478260869567,0.5399760869565218,0.604145652173913,0.7048608695652174,0.7718847826086958,0.7821456521739132,0.8142717391304349,0.8081021739130435,0.8076239130434782,0.8077847826086958,0.8106130434782609,0.8093217391304348,0.8101086956521739,0.8066717391304349,0.8098260869565218,0.8069347826086957,0.8063695652173913,0.8063913043478261,0.8075000000000001,0.811504347826087,0.8108413043478262,0.8102391304347827,0.8141347826086958,0.8147282608695653,0.8089717391304349,0.8087282608695654,0.8094369565217392,0.8082173913043479,0.807758695652174,0.8067608695652174,0.8064782608695653,0.8075000000000001,0.8101260869565219,0.8120521739130435,0.8138956521739131,0.8128130434782609,0.8132456521739131,0.8098891304347826,0.8119304347826087,0.8112847826086957,0.8091521739130436,0.8097173913043479,0.8080217391304348,0.8078478260869566,0.8106282608695652,0.8112760869565218,0.8002478260869565,0.7860717391304348,0.7811739130434783,0.7708760869565218,0.8037891304347826,0.7652,0.7895500000000001,0.8096608695652175
0.8100717391304348,0.8087608695652174,0.8111021739130435,0.8088630434782609,0.8113304347826088,0.8083739130434783,0.8100434782608696,0.809608695652174,0.8080695652173914,0.8055434782608696,0.807,0.8081521739130436,0.8096652173913045,0.8069891304347827,0.808604347826087,0.7847086956521739,0.7304065217391305,0.6734282608695652,0.6100934782608696,0.6368478260869566,0.5783152173913044,0.6245413043478262,0.7231608695652174,0.7694021739130436,0.8105065217391304,0.8102826086956523,0.8105217391304348,0.8084847826086957,0.8081108695652174,0.8088630434782609,0.8124282608695652,0.811004347826087,0.8124630434782609,0.8096326086956522,0.8089413043478262,0.8075369565217392,0.8092391304347827,0.8077195652173914,0.8115021739130436,0.8095173913043479,0.8093804347826088,0.7852239130434783,0.7081021739130435,0.6564108695652175,0.4790521739130435,0.5187652173913044,0.5730847826086957,0.6170630434782609,0.7521065217391305,0.7933869565217393,0.7835978260869565,0.8116630434782609,0.8084782608695653,0.807913043478261,0.808463043478261,0.8105717391304348,0.8095869565217392,0.8095869565217392,0.8086065217391305,0.8093478260869565,0.8065804347826088,0.8064782608695653,0.8075217391304348,0.8094652173913044,0.8120652173913044,0.810467391304348,0.8108934782608695,0.811508695652174,0.8152847826086956,0.8119304347826087,0.8099173913043479,0.8086978260869566,0.8077391304347827,0.8059195652173914,0.8061521739130436,0.8055217391304349,0.8075217391304348,0.8086608695652173,0.811745652173913,0.8099413043478262,0.8069869565217391,0.8116130434782609,0.8099869565217391,0.8084739130434784,0.8103782608695652,0.8112217391304348,0.8065326086956522,0.8074130434782609,0.8069782608695654,0.8103043478260871,0.8103304347826088,0.8163,0.8059282608695654,0.7488260869565218,0.7874065217391305,0.79995,0.802854347826087,0.8045239130434783,0.8106413043478262
0.8103000000000001,0.8093456521739132,0.8100652173913044,0.8090065217391305,0.8112891304347827,0.8107760869565218,0.8103326086956522,0.80845,0.8068760869565218,0.8057826086956522,0.8057826086956522,0.8085434782608696,0.8090934782608695,0.8072391304347827,0.8088239130434783,0.7690043478260871,0.7372086956521741,0.620408695652174,0.6320413043478262,0.5840673913043478,0.5778260869565217,0.5903434782608696,0.7232152173913043,0.7738347826086956,0.8071847826086958,0.8093173913043479,0.8120826086956522,0.8091456521739131,0.8100652173913044,0.810745652173913,0.8067260869565218,0.8133891304347828,0.8103978260869565,0.8082456521739131,0.8081956521739131,0.8071739130434783,0.8084565217391305,0.8085347826086957,0.8101565217391306,0.811063043478261,0.8076695652173913,0.7728934782608696,0.7151565217391305,0.6391760869565218,0.4025782608695653,0.46797065217391304,0.559558695652174,0.6328847826086957,0.6982369565217392,0.7681782608695653,0.7953282608695652,0.8047673913043478,0.8084782608695652,0.8077391304347827,0.8106369565217392,0.8113260869565218,0.8086478260869566,0.8083478260869565,0.8102391304347827,0.807854347826087,0.8070652173913044,0.8067608695652174,0.8082826086956522,0.8108021739130434,0.8084195652173913,0.8109521739130436,0.8101195652173914,0.8122782608695653,0.8084326086956521,0.8117304347826086,0.8075217391304348,0.807658695652174,0.8095500000000001,0.8057239130434783,0.8058478260869566,0.8056739130434784,0.8069630434782609,0.8075826086956522,0.8128500000000001,0.8121304347826088,0.8037695652173914,0.8119434782608697,0.810904347826087,0.8097434782608697,0.8074978260869566,0.810004347826087,0.8095217391304348,0.8084130434782609,0.806695652173913,0.810808695652174,0.8115978260869566,0.8028434782608697,0.798963043478261,0.7717760869565218,0.7506978260869566,0.7956891304347826,0.7940326086956522,0.7640260869565219,0.8076021739130436
0.8115500000000001,0.811717391304348,0.8083826086956523,0.8094978260869565,0.8102108695652174,0.8103978260869565,0.8083282608695652,0.8090217391304348,0.8070869565217392,0.8077391304347827,0.8064282608695653,0.8078913043478262,0.8103891304347826,0.8100304347826087,0.8013347826086957,0.7882086956521739,0.7102195652173914,0.6428021739130435,0.6245130434782609,0.5214260869565217,0.5739978260869566,0.584008695652174,0.6976695652173913,0.7929,0.8103413043478261,0.8129347826086957,0.8124804347826087,0.8102173913043479,0.8079826086956522,0.8103217391304348,0.8128782608695652,0.8074956521739131,0.8093282608695653,0.8113478260869565,0.8081608695652174,0.8078478260869566,0.8089782608695653,0.8117673913043479,0.8122478260869567,0.8046782608695654,0.8100934782608695,0.7660347826086957,0.7370065217391305,0.6621934782608696,0.485678695652174,0.48279130434782613,0.5260934782608695,0.5917065217391304,0.7139978260869566,0.7618108695652175,0.7998152173913043,0.8111521739130435,0.8069326086956522,0.8072826086956522,0.8033478260869567,0.8135,0.810195652173913,0.8088195652173914,0.8107847826086957,0.8061521739130435,0.8068913043478262,0.8065217391304348,0.808304347826087,0.8087391304347827,0.810704347826087,0.8114347826086957,0.8138847826086958,0.8109195652173913,0.8081891304347827,0.807154347826087,0.8076739130434784,0.8070978260869566,0.808754347826087,0.8064565217391304,0.8055652173913044,0.8061304347826087,0.8078108695652175,0.8109065217391306,0.807654347826087,0.8064173913043479,0.810558695652174,0.8107978260869566,0.8117304347826086,0.802,0.8078130434782609,0.8121391304347826,0.8099456521739131,0.8083260869565219,0.805354347826087,0.8087826086956522,0.8086804347826086,0.8110521739130435,0.7983521739130435,0.7613782608695653,0.761395652173913,0.795008695652174,0.7837260869565218,0.7526478260869566,0.8118478260869565
0.8081304347826087,0.8075804347826088,0.8107652173913044,0.8122891304347827,0.8109739130434783,0.8100478260869566,0.8096239130434782,0.8090869565217392,0.8096630434782609,0.8069413043478262,0.8058434782608697,0.8083913043478261,0.8094260869565219,0.8111413043478262,0.8090891304347827,0.7867000000000001,0.742463043478261,0.678213043478261,0.6223195652173914,0.6195891304347826,0.5877934782608696,0.6080608695652175,0.7222891304347827,0.7904891304347826,0.8108478260869565,0.8066434782608697,0.8075826086956522,0.8085804347826088,0.8106500000000001,0.8115152173913044,0.8086413043478261,0.807658695652174,0.8098913043478262,0.8101456521739131,0.8101739130434783,0.8069347826086957,0.8094000000000001,0.8108434782608697,0.8100978260869566,0.8089217391304349,0.8095478260869565,0.7446065217391304,0.6899826086956522,0.6494869565217392,0.49874565217391303,0.4486715217391305,0.5591869565217392,0.5656173913043478,0.7199978260869565,0.7950543478260871,0.7639695652173913,0.8087413043478261,0.8081521739130435,0.8086891304347826,0.8070934782608696,0.8107434782608697,0.808463043478261,0.8058478260869566,0.8116086956521739,0.8093695652173913,0.807695652173913,0.8090434782608696,0.8072630434782609,0.8090217391304348,0.8106804347826088,0.8093913043478261,0.8105608695652174,0.8081239130434783,0.8118652173913045,0.8114695652173913,0.8078978260869566,0.8069195652173914,0.8082826086956522,0.8064565217391304,0.8063913043478261,0.8061956521739131,0.8088978260869566,0.8100282608695653,0.8093630434782609,0.8103913043478262,0.8116152173913045,0.8102065217391305,0.8115608695652174,0.8110717391304348,0.8116152173913045,0.8078478260869566,0.8099195652173913,0.806958695652174,0.8067608695652174,0.8126869565217392,0.8124304347826088,0.8085195652173914,0.793804347826087,0.7665652173913045,0.7622282608695653,0.7888021739130436,0.775867391304348,0.7990152173913043,0.8082282608695652
0.8093978260869565,0.8101652173913044,0.8096695652173913,0.8093043478260871,0.8098608695652175,0.8107673913043479,0.8080173913043478,0.8104847826086957,0.807695652173913,0.8057173913043478,0.8057173913043478,0.8092021739130436,0.8087608695652174,0.8143934782608695,0.7982760869565217,0.7809195652173914,0.6962673913043479,0.6586565217391305,0.6665695652173913,0.6153826086956523,0.5672304347826087,0.5941434782608697,0.7598021739130436,0.7857434782608697,0.8107804347826087,0.8127260869565218,0.809913043478261,0.806458695652174,0.810104347826087,0.808945652173913,0.8105304347826088,0.8104021739130436,0.8101304347826088,0.8103695652173913,0.8074565217391304,0.808,0.8089565217391305,0.8082826086956522,0.8099369565217392,0.7770434782608696,0.8002608695652175,0.7693260869565218,0.7281500000000001,0.6575760869565217,0.49864565217391305,0.48668543478260873,0.540467391304348,0.5791891304347827,0.7431717391304349,0.7899260869565218,0.7893304347826087,0.8020282608695652,0.8081304347826088,0.807695652173913,0.8098478260869566,0.8100934782608695,0.8095869565217392,0.807804347826087,0.8092717391304348,0.8087391304347827,0.806913043478261,0.8067173913043478,0.8073043478260871,0.8093913043478262,0.8111478260869566,0.809217391304348,0.8089065217391305,0.8116152173913045,0.8099760869565218,0.8125934782608696,0.8084913043478261,0.8080826086956522,0.8083695652173913,0.8071086956521739,0.8059565217391305,0.8058326086956522,0.8087173913043478,0.8116500000000001,0.8063173913043479,0.8131891304347826,0.8104804347826087,0.8091652173913043,0.8111282608695652,0.8116826086956522,0.8105652173913045,0.81025,0.8085282608695653,0.8061804347826087,0.8083695652173913,0.8075347826086958,0.8106826086956522,0.8060913043478262,0.8014782608695652,0.7745260869565219,0.7891304347826087,0.7828739130434783,0.7859891304347826,0.7950804347826087,0.8090152173913044
0.8108847826086957,0.8095391304347826,0.8115500000000001,0.8104130434782609,0.8106934782608697,0.8098913043478262,0.8079021739130436,0.8088043478260871,0.8081739130434783,0.8057391304347826,0.807608695652174,0.8074347826086957,0.81,0.8123173913043479,0.8101239130434783,0.7563543478260871,0.7382065217391304,0.6480391304347826,0.6168326086956522,0.619004347826087,0.5245326086956522,0.6338891304347827,0.7260869565217392,0.7658434782608696,0.8098630434782609,0.8066152173913045,0.8124239130434783,0.8090065217391305,0.8073478260869565,0.8102782608695652,0.810813043478261,0.8091652173913043,0.809954347826087,0.8089978260869566,0.8072239130434784,0.8076739130434784,0.8082391304347827,0.8108586956521739,0.8126239130434784,0.8019608695652175,0.7922565217391305,0.7902304347826088,0.6908000000000001,0.6353521739130435,0.49422826086956523,0.4352402173913044,0.5317217391304349,0.6488108695652175,0.70685,0.7963586956521739,0.7925326086956522,0.8071304347826088,0.809913043478261,0.8082173913043479,0.8106521739130436,0.8115434782608697,0.8092608695652175,0.8085282608695653,0.8099000000000001,0.8081956521739131,0.8065000000000001,0.8061521739130435,0.8065652173913044,0.8087673913043478,0.8112326086956523,0.811854347826087,0.8076739130434784,0.8095000000000001,0.8088739130434783,0.8073956521739131,0.8077956521739131,0.8092239130434784,0.8087173913043478,0.8060434782608695,0.8055434782608696,0.8052173913043479,0.8068326086956522,0.8097826086956521,0.8098217391304349,0.8084891304347828,0.8111565217391306,0.8079000000000001,0.8111391304347826,0.8126173913043478,0.8098804347826087,0.8111652173913044,0.8094326086956523,0.807804347826087,0.8064130434782609,0.8074934782608696,0.8126760869565217,0.8090152173913044,0.8044369565217392,0.7640413043478261,0.7762260869565218,0.8090347826086958,0.7855956521739131,0.797995652173913,0.8067108695652174
0.8124130434782609,0.8084695652173913,0.8099608695652175,0.813254347826087,0.810008695652174,0.8095217391304348,0.8077130434782609,0.8075869565217392,0.8080652173913044,0.8059347826086958,0.8070652173913044,0.8084043478260869,0.8105065217391304,0.8124108695652175,0.8122847826086957,0.7711934782608696,0.7202173913043478,0.6433434782608697,0.624854347826087,0.6104065217391306,0.5463021739130436,0.5903434782608696,0.7257739130434784,0.7805065217391305,0.8108043478260871,0.8086217391304349,0.8103217391304348,0.8087130434782609,0.8107195652173913,0.8098043478260871,0.8096826086956522,0.8101326086956522,0.8107586956521741,0.8111891304347827,0.8059804347826087,0.8072608695652175,0.808804347826087,0.8113913043478261,0.8105108695652175,0.8072434782608696,0.8124217391304349,0.7878369565217392,0.6833891304347827,0.6421173913043479,0.5075347826086958,0.47504065217391306,0.5164173913043478,0.5708239130434783,0.7455695652173914,0.795945652173913,0.7851369565217392,0.8014978260869566,0.8078913043478262,0.8082239130434784,0.8083195652173913,0.809058695652174,0.8098760869565218,0.810108695652174,0.8095000000000001,0.8082608695652175,0.8063913043478261,0.8064347826086957,0.8077173913043479,0.8092239130434784,0.8119608695652174,0.8107630434782609,0.8121434782608695,0.8114782608695653,0.8102956521739131,0.8073695652173913,0.8086891304347826,0.8074152173913044,0.8086695652173913,0.8057826086956522,0.8051956521739131,0.8060652173913044,0.8073956521739132,0.8092826086956522,0.8063086956521739,0.8073043478260871,0.8117869565217392,0.8105934782608696,0.8113847826086957,0.8101086956521739,0.81105,0.8100217391304347,0.8097173913043479,0.8078760869565218,0.8068695652173913,0.808667391304348,0.8134891304347827,0.8066695652173914,0.7979673913043479,0.7479869565217392,0.7947130434782609,0.8075869565217392,0.7826500000000001,0.7902065217391305,0.8092021739130436
0.807667391304348,0.8114760869565218,0.8107217391304349,0.8089391304347827,0.8112891304347827,0.806554347826087,0.8069608695652174,0.8084130434782609,0.8078195652173914,0.8065434782608696,0.8066521739130437,0.808608695652174,0.8103565217391305,0.8123413043478261,0.8064717391304348,0.776713043478261,0.7296043478260871,0.6943565217391305,0.47856760869565224,0.6334195652173914,0.6085369565217391,0.5692434782608696,0.715263043478261,0.7780326086956522,0.8092195652173914,0.8048695652173914,0.8082739130434783,0.8081021739130435,0.8089500000000001,0.8095565217391305,0.8125108695652173,0.8092804347826088,0.8075652173913044,0.8097673913043479,0.808554347826087,0.8066739130434784,0.8089413043478262,0.813254347826087,0.8043239130434783,0.8072304347826088,0.7995760869565217,0.7503760869565218,0.716295652173913,0.6714630434782609,0.4887608695652174,0.3688423913043478,0.5166021739130434,0.6175369565217392,0.7362826086956522,0.7851108695652175,0.7888478260869567,0.8081565217391306,0.8066565217391304,0.8092978260869566,0.8093760869565219,0.8106065217391305,0.8084043478260869,0.8081565217391306,0.8097326086956523,0.8087391304347827,0.8075652173913044,0.8065652173913045,0.8078695652173914,0.8090434782608696,0.8135326086956522,0.8099152173913045,0.8090195652173914,0.8122326086956523,0.8130673913043479,0.8084108695652175,0.8083760869565217,0.8101326086956522,0.8084347826086957,0.8060652173913044,0.8055652173913044,0.8065217391304348,0.8093478260869565,0.8079804347826087,0.8105565217391305,0.8108804347826088,0.8121347826086956,0.8113782608695652,0.8014652173913044,0.8102826086956523,0.8095456521739132,0.8088239130434783,0.8086717391304348,0.8062239130434783,0.8079565217391305,0.8091152173913044,0.8088130434782609,0.806008695652174,0.7952869565217392,0.7457695652173914,0.7628934782608696,0.7916717391304349,0.7803173913043479,0.7973304347826088,0.809608695652174
0.8111152173913044,0.8080065217391305,0.8107695652173914,0.8093652173913044,0.8080456521739131,0.809804347826087,0.808695652173913,0.807904347826087,0.8085630434782609,0.806913043478261,0.8073913043478261,0.8060826086956523,0.8103369565217392,0.8140304347826087,0.810904347826087,0.7809239130434783,0.7284195652173914,0.7069282608695653,0.6315173913043479,0.5821782608695653,0.5606347826086957,0.5063973913043479,0.7089565217391304,0.7878152173913043,0.7977978260869566,0.8055173913043479,0.8087521739130435,0.809608695652174,0.8104130434782609,0.8104347826086956,0.8104391304347827,0.812104347826087,0.8079413043478262,0.8087239130434783,0.8096260869565218,0.8077391304347827,0.8080500000000002,0.8102652173913044,0.8100130434782609,0.8098717391304349,0.8051826086956523,0.7775217391304349,0.726758695652174,0.6775978260869566,0.46909565217391314,0.4826369565217392,0.5344195652173914,0.6452652173913044,0.7519217391304348,0.7748717391304348,0.7829326086956523,0.8110021739130435,0.809,0.8078913043478262,0.8096521739130436,0.8124478260869565,0.809695652173913,0.8088695652173914,0.8095913043478262,0.8087608695652174,0.8067021739130434,0.8053260869565219,0.8070869565217392,0.8105,0.8096978260869566,0.8120130434782609,0.8127913043478261,0.8102108695652174,0.8153217391304348,0.8105934782608697,0.8068326086956522,0.8069413043478261,0.8082391304347827,0.806413043478261,0.8054565217391305,0.8059347826086958,0.8089413043478262,0.8116456521739132,0.813804347826087,0.8088521739130435,0.8074130434782609,0.8125521739130435,0.809708695652174,0.8124652173913043,0.8111282608695652,0.8093260869565219,0.8095282608695653,0.8085652173913045,0.8079847826086958,0.8089282608695653,0.8140913043478261,0.8082673913043479,0.772295652173913,0.7617,0.7718695652173914,0.8046391304347826,0.7879630434782608,0.7796847826086957,0.8077478260869566
0.8082717391304348,0.8103760869565219,0.8115500000000001,0.80945,0.8097673913043478,0.8097108695652174,0.8113043478260871,0.8094782608695653,0.8083478260869565,0.8068913043478262,0.806804347826087,0.8064565217391304,0.8100239130434784,0.8115500000000001,0.8083152173913045,0.7778391304347826,0.7281826086956522,0.6645500000000001,0.6205152173913043,0.5896369565217391,0.5919478260869566,0.6073347826086957,0.6724304347826088,0.7886869565217391,0.8105217391304348,0.807454347826087,0.8107391304347826,0.8075934782608696,0.8102739130434784,0.8102717391304348,0.8080847826086958,0.8126000000000001,0.8086869565217393,0.8077500000000001,0.8078282608695653,0.8079847826086958,0.8071521739130436,0.811208695652174,0.80915,0.8031108695652174,0.8070673913043479,0.7916152173913044,0.7045108695652175,0.6648739130434783,0.5084021739130435,0.4735565217391305,0.49002847826086965,0.5744282608695653,0.7159630434782609,0.8047217391304349,0.7853717391304348,0.806754347826087,0.807608695652174,0.8075217391304348,0.8093478260869565,0.8091391304347826,0.8094347826086957,0.8086739130434784,0.8082608695652175,0.810217391304348,0.8056739130434784,0.8068478260869566,0.807608695652174,0.8101,0.8104347826086956,0.8125369565217392,0.8118934782608695,0.8090326086956522,0.8078739130434783,0.8078760869565219,0.8092739130434784,0.8080434782608696,0.8068478260869566,0.8065000000000001,0.8055000000000001,0.8065217391304348,0.8088065217391305,0.8107608695652174,0.8148760869565218,0.8069391304347827,0.810713043478261,0.8113565217391305,0.8071847826086958,0.8083369565217392,0.8098956521739132,0.8083413043478261,0.8084347826086957,0.8085217391304348,0.8075000000000001,0.8090195652173914,0.8109434782608697,0.8134500000000001,0.7954413043478261,0.7756108695652174,0.7879630434782608,0.7925717391304349,0.8009347826086957,0.7821195652173913,0.8046
0.806417391304348,0.8106521739130436,0.8093652173913044,0.8093478260869565,0.8104782608695653,0.8112021739130436,0.8087217391304349,0.8112173913043479,0.8096739130434784,0.8064347826086957,0.8072826086956522,0.8077108695652174,0.8095369565217392,0.8115956521739132,0.8032108695652175,0.7838347826086958,0.7488565217391304,0.6359847826086957,0.5812673913043478,0.622108695652174,0.6293630434782609,0.5996021739130435,0.6827326086956523,0.7808456521739131,0.8093695652173913,0.7797913043478262,0.8127260869565218,0.8089500000000001,0.8076652173913044,0.8089195652173913,0.8115804347826088,0.8110717391304348,0.8101282608695652,0.8088913043478262,0.807404347826087,0.8070934782608696,0.8078586956521739,0.8112434782608696,0.8109847826086957,0.8045782608695653,0.810745652173913,0.7620260869565219,0.7436413043478262,0.6354739130434783,0.5171630434782608,0.4449202173913044,0.5622478260869566,0.5866847826086957,0.7121456521739131,0.7804413043478261,0.7975956521739131,0.8096369565217392,0.808304347826087,0.8073695652173913,0.8082456521739131,0.8108934782608695,0.8107565217391305,0.8078260869565218,0.8097891304347827,0.8086369565217393,0.8075217391304348,0.8057173913043478,0.8066239130434784,0.8085652173913045,0.8087500000000001,0.811208695652174,0.8106108695652174,0.812554347826087,0.8117673913043478,0.8071934782608696,0.8099739130434783,0.8083913043478262,0.8079565217391305,0.8073043478260871,0.8062826086956522,0.8061739130434784,0.8082891304347828,0.8101826086956523,0.8093369565217392,0.8113760869565219,0.8099717391304349,0.808854347826087,0.8122434782608696,0.8119456521739131,0.812458695652174,0.8107826086956522,0.8110717391304348,0.8082413043478262,0.8065217391304348,0.8115,0.8114782608695653,0.8117239130434784,0.7991869565217392,0.7781478260869567,0.7754782608695652,0.7989652173913043,0.7601347826086957,0.7776782608695654,0.8106804347826088
0.8109978260869566,0.8113913043478261,0.8100369565217391,0.8112456521739131,0.8097152173913044,0.8100891304347827,0.8082108695652174,0.8093108695652175,0.8080652173913044,0.8063913043478261,0.8077608695652174,0.8077173913043479,0.808504347826087,0.8142739130434783,0.7973956521739132,0.7804108695652174,0.7282347826086957,0.6680608695652175,0.6225043478260871,0.651954347826087,0.5783260869565218,0.5650782608695653,0.6997695652173913,0.7954913043478261,0.8120956521739131,0.8139000000000001,0.8083347826086957,0.8106543478260869,0.8097391304347827,0.8112717391304348,0.8102782608695652,0.8083217391304348,0.8091152173913045,0.809213043478261,0.8080065217391305,0.8082826086956522,0.8091369565217392,0.8111195652173914,0.8128304347826087,0.807408695652174,0.8082652173913044,0.7899304347826087,0.7501152173913044,0.6430934782608696,0.5329043478260871,0.49886956521739134,0.5300304347826087,0.6243804347826087,0.7159478260869565,0.7943869565217392,0.7941413043478261,0.8076913043478262,0.8068652173913045,0.807113043478261,0.8111652173913044,0.8131956521739131,0.810654347826087,0.8092608695652175,0.8101521739130436,0.8079565217391306,0.8075000000000001,0.8067173913043478,0.8091739130434783,0.8084347826086957,0.8099934782608696,0.8125260869565217,0.8091565217391306,0.8126282608695653,0.8131999999999999,0.8103347826086957,0.8066108695652174,0.8092239130434784,0.8065934782608696,0.8071304347826088,0.8061739130434784,0.8057608695652175,0.8080021739130435,0.8096565217391305,0.8109239130434783,0.8098630434782609,0.8100847826086957,0.808508695652174,0.8083260869565219,0.8101695652173914,0.807854347826087,0.8096521739130436,0.8095652173913045,0.8086739130434784,0.8071739130434783,0.8071347826086956,0.8013869565217392,0.7997934782608697,0.7877847826086957,0.7931086956521739,0.7748869565217392,0.8026413043478261,0.8015826086956522,0.7953826086956522,0.8061826086956523
0.8099869565217392,0.8094782608695652,0.809463043478261,0.8092326086956523,0.808963043478261,0.8095391304347826,0.809713043478261,0.8087608695652174,0.8064065217391305,0.8065652173913044,0.8067173913043479,0.8077021739130436,0.8082804347826088,0.8108195652173913,0.8033369565217393,0.7765108695652175,0.7322478260869566,0.6510869565217392,0.6621543478260871,0.6275630434782609,0.5882239130434782,0.5942195652173914,0.6935282608695652,0.7899521739130435,0.8092152173913044,0.8113065217391304,0.8114260869565217,0.8090586956521739,0.8107826086956522,0.8109847826086957,0.8121217391304348,0.8113521739130435,0.8086652173913044,0.8092760869565218,0.808563043478261,0.8068260869565218,0.8075521739130436,0.8146478260869565,0.810717391304348,0.8078456521739131,0.8048695652173914,0.7768739130434783,0.7133543478260871,0.6910173913043479,0.5186956521739131,0.4506408695652175,0.5580847826086958,0.6267347826086956,0.7492260869565218,0.7799217391304349,0.7766826086956522,0.8101782608695652,0.8082826086956522,0.8085652173913045,0.8087173913043478,0.8103978260869565,0.8112869565217392,0.8093043478260871,0.809754347826087,0.8086521739130436,0.8068695652173913,0.8062608695652175,0.8073913043478261,0.8090347826086958,0.8125391304347827,0.8103826086956523,0.8108239130434783,0.8119826086956523,0.8131478260869566,0.8112869565217391,0.8101369565217392,0.808708695652174,0.8077173913043479,0.8071739130434783,0.8067608695652174,0.8057391304347826,0.8073760869565217,0.8105630434782608,0.8127152173913045,0.8081369565217392,0.8104913043478261,0.8086978260869566,0.8111108695652175,0.811754347826087,0.8128478260869566,0.8093108695652175,0.8108760869565218,0.8072152173913044,0.8082608695652175,0.8085021739130435,0.8104152173913044,0.8117391304347826,0.7738,0.7521934782608697,0.7793500000000001,0.7955630434782609,0.7946934782608697,0.7951456521739131,0.8096391304347826
0.8096217391304349,0.8106978260869566,0.8117608695652174,0.8127608695652174,0.809013043478261,0.8092456521739131,0.8100434782608696,0.8089782608695654,0.8091739130434783,0.8058695652173913,0.8065217391304348,0.8084347826086957,0.8106804347826088,0.8152913043478262,0.8077804347826087,0.7637869565217392,0.7315695652173914,0.6616695652173914,0.654254347826087,0.6334108695652174,0.5090521739130435,0.6446456521739131,0.6912173913043478,0.7645630434782609,0.8052804347826087,0.8108217391304349,0.8116804347826088,0.8094739130434784,0.8080021739130435,0.811658695652174,0.8140217391304349,0.8118195652173914,0.8096739130434784,0.8093260869565219,0.810213043478261,0.806413043478261,0.8083413043478261,0.8094369565217392,0.8093347826086957,0.8059695652173914,0.8094804347826088,0.781604347826087,0.7103760869565218,0.6653130434782609,0.5210543478260871,0.4906463043478261,0.5170478260869567,0.5792978260869566,0.7290391304347826,0.7979065217391306,0.7821804347826088,0.8111369565217392,0.8072673913043479,0.8070391304347827,0.8085956521739132,0.8110934782608696,0.8104130434782609,0.8097673913043479,0.8084130434782609,0.8088695652173914,0.8073695652173913,0.8055652173913044,0.8073260869565219,0.8097173913043479,0.8091108695652174,0.8100978260869566,0.8116391304347826,0.8079673913043479,0.8137304347826088,0.8092804347826088,0.8093760869565219,0.808708695652174,0.8076369565217393,0.8067826086956522,0.8058695652173913,0.8060434782608695,0.8077173913043479,0.8102760869565218,0.8074260869565218,0.8121282608695652,0.8114760869565218,0.8124891304347827,0.8102217391304348,0.8074608695652175,0.8085826086956522,0.8098217391304349,0.8084760869565217,0.8079782608695653,0.8071608695652175,0.8090282608695653,0.8096782608695653,0.8021956521739131,0.791158695652174,0.7370195652173914,0.7904391304347826,0.8076065217391305,0.7754086956521741,0.7859456521739132,0.8126826086956522
0.8100652173913044,0.8018934782608698,0.8124934782608696,0.8093695652173913,0.8106717391304349,0.809754347826087,0.811608695652174,0.8082934782608696,0.8080217391304348,0.8077456521739131,0.8059195652173914,0.8074130434782609,0.8082021739130435,0.8132826086956523,0.8069652173913044,0.7791739130434784,0.7417521739130436,0.6260195652173913,0.654558695652174,0.5703,0.6232869565217392,0.6132173913043479,0.6888434782608697,0.7576478260869565,0.8102543478260871,0.8105239130434784,0.8140195652173914,0.8096717391304349,0.8096521739130436,0.8097847826086958,0.8124739130434783,0.8096130434782609,0.808921739130435,0.8074478260869565,0.8087239130434783,0.8071956521739131,0.8090652173913044,0.8080956521739131,0.8113934782608696,0.8103652173913045,0.8067652173913045,0.7840978260869566,0.7326021739130436,0.6482108695652175,0.5462826086956523,0.5065282608695653,0.5920630434782609,0.6270391304347827,0.7229739130434784,0.7787869565217391,0.7865326086956523,0.8118065217391305,0.808013043478261,0.807354347826087,0.807208695652174,0.81035,0.8107239130434784,0.8085717391304349,0.8094347826086957,0.8091369565217392,0.8075869565217392,0.8070434782608695,0.8078695652173914,0.8096956521739131,0.8118413043478261,0.8123826086956522,0.8102760869565218,0.8111847826086956,0.8122760869565218,0.8083630434782609,0.8104326086956523,0.8082173913043479,0.8066065217391305,0.8060065217391305,0.8056521739130436,0.8053695652173913,0.8071239130434783,0.8101804347826088,0.8090956521739131,0.8012826086956523,0.8089717391304349,0.8110108695652174,0.8128282608695653,0.8129500000000001,0.8091326086956523,0.8122673913043479,0.8081021739130435,0.8072304347826088,0.8073913043478261,0.8072021739130435,0.8131608695652175,0.8087673913043479,0.8066739130434784,0.7330500000000001,0.7806239130434782,0.794208695652174,0.8014456521739132,0.781217391304348,0.8096413043478262
0.8104021739130436,0.8087347826086957,0.8109152173913045,0.8113195652173915,0.8092195652173914,0.8100652173913044,0.808304347826087,0.8103913043478262,0.8099782608695654,0.8063695652173913,0.8060000000000002,0.8085782608695652,0.8109065217391306,0.8119782608695653,0.8036847826086958,0.7884978260869566,0.7146782608695652,0.6934804347826088,0.6238413043478261,0.6302717391304349,0.6093304347826088,0.5719413043478262,0.6888391304347826,0.7889913043478262,0.8087782608695653,0.8076913043478261,0.8127434782608697,0.8096260869565218,0.8108478260869565,0.8101782608695652,0.8099565217391305,0.8123478260869567,0.8101739130434783,0.8093717391304349,0.8083913043478261,0.8071304347826088,0.8082891304347827,0.8087739130434783,0.8133978260869565,0.8054478260869566,0.8111282608695652,0.7792869565217392,0.7231608695652174,0.5975173913043479,0.4932804347826088,0.4583484782608696,0.5745413043478261,0.6474108695652174,0.7453717391304348,0.7981804347826088,0.7632413043478261,0.8067369565217392,0.8082782608695653,0.8059195652173914,0.8066065217391305,0.8094782608695653,0.8105717391304348,0.8066152173913045,0.8106521739130436,0.8072391304347827,0.8068913043478262,0.8065869565217392,0.8070434782608695,0.8097434782608697,0.8096543478260869,0.8096804347826088,0.8110217391304347,0.8124804347826087,0.8140521739130435,0.8134608695652175,0.8109021739130435,0.8098326086956522,0.806704347826087,0.8067173913043478,0.8063260869565217,0.8060217391304348,0.809695652173913,0.8091152173913044,0.8089195652173913,0.8084673913043479,0.8120021739130435,0.812008695652174,0.8094521739130435,0.8116434782608696,0.8044326086956521,0.8113630434782608,0.8100717391304348,0.8073260869565219,0.8076760869565217,0.8074782608695653,0.8109152173913045,0.8057239130434783,0.7917152173913045,0.7621565217391305,0.7752152173913045,0.8083456521739131,0.8004326086956522,0.786504347826087,0.811163043478261
0.8113695652173913,0.8084565217391304,0.8106217391304349,0.8105065217391305,0.8102326086956523,0.808904347826087,0.807913043478261,0.8091804347826087,0.8087391304347827,0.8073260869565219,0.8056521739130436,0.807804347826087,0.8106521739130436,0.8101304347826087,0.8131391304347827,0.7644108695652174,0.7385978260869566,0.6856847826086957,0.5871021739130435,0.5807869565217392,0.5333869565217392,0.6447608695652174,0.6935978260869565,0.7869891304347826,0.8105934782608696,0.8075108695652174,0.8116891304347826,0.8011739130434783,0.809417391304348,0.8099739130434783,0.8073673913043479,0.8101978260869567,0.8065021739130435,0.8105434782608696,0.8101086956521739,0.8078978260869566,0.8089413043478262,0.8105913043478261,0.8106043478260871,0.8047086956521741,0.80585,0.7636086956521739,0.717454347826087,0.6202173913043478,0.4714063043478261,0.5066086956521739,0.5194326086956522,0.6474782608695653,0.7384152173913043,0.781,0.7786195652173913,0.8064347826086957,0.8081717391304349,0.8083913043478262,0.8079934782608696,0.810217391304348,0.8082891304347827,0.8070869565217392,0.8074478260869565,0.8089739130434783,0.806695652173913,0.8058260869565218,0.8067173913043479,0.8100717391304348,0.8102913043478261,0.8137021739130436,0.8104717391304348,0.8126804347826089,0.811508695652174,0.8082652173913044,0.8104782608695653,0.8079282608695653,0.809608695652174,0.8075869565217392,0.8055652173913044,0.8057173913043478,0.8085934782608696,0.8098347826086957,0.8097021739130437,0.8121065217391304,0.8104065217391305,0.8074934782608696,0.8080739130434783,0.8130782608695653,0.8091739130434783,0.8094913043478261,0.8107282608695653,0.8070217391304348,0.8071521739130436,0.8070086956521739,0.8087326086956522,0.8103065217391304,0.8048826086956522,0.77695,0.7748782608695653,0.7939956521739131,0.8068413043478262,0.7979739130434783,0.8112934782608696
0.8072478260869566,0.8113217391304348,0.8116804347826088,0.8094521739130435,0.8114152173913044,0.8111869565217392,0.8094782608695653,0.8078695652173913,0.808104347826087,0.805913043478261,0.8070217391304348,0.8079782608695653,0.8095239130434784,0.8109086956521739,0.81,0.7708239130434784,0.7412434782608697,0.6813673913043479,0.6072239130434783,0.6187326086956522,0.5648108695652175,0.6196956521739131,0.6913152173913044,0.766904347826087,0.8079978260869566,0.8128456521739131,0.8088652173913045,0.8084304347826087,0.8105065217391305,0.8092282608695653,0.8103065217391304,0.8101369565217392,0.8111695652173913,0.8114108695652175,0.8099065217391306,0.808,0.8069195652173914,0.809695652173913,0.8068869565217393,0.8038782608695654,0.811263043478261,0.7547326086956523,0.7440260869565218,0.6232434782608697,0.4708258695652174,0.4956934782608696,0.5312760869565217,0.5898826086956522,0.724017391304348,0.8057478260869566,0.777941304347826,0.8092956521739131,0.8075000000000001,0.8080804347826088,0.8106521739130436,0.8103326086956522,0.8108913043478262,0.808463043478261,0.8085434782608696,0.8075869565217392,0.8080217391304348,0.8071956521739131,0.8072173913043479,0.8092978260869567,0.8098978260869566,0.8142173913043479,0.810004347826087,0.8105652173913045,0.8118847826086957,0.8125804347826088,0.8074913043478261,0.8081260869565218,0.8064478260869565,0.806695652173913,0.8060652173913044,0.8054565217391305,0.8074782608695653,0.8090173913043479,0.8085760869565218,0.8056478260869565,0.8067478260869566,0.8131521739130435,0.8059956521739131,0.8109456521739131,0.8120195652173914,0.8103847826086957,0.8091804347826088,0.8073673913043479,0.8081086956521739,0.809645652173913,0.8112239130434783,0.8072847826086957,0.7997478260869566,0.7878673913043479,0.7742565217391305,0.7992478260869567,0.7615913043478262,0.7966934782608697,0.8105478260869566
0.8100869565217392,0.8114130434782609,0.8093369565217392,0.8121152173913044,0.808441304347826,0.8099173913043479,0.8096652173913044,0.8089347826086957,0.8088978260869566,0.806304347826087,0.8069565217391306,0.809604347826087,0.811004347826087,0.8101413043478262,0.802604347826087,0.7764021739130436,0.7444282608695653,0.6795239130434783,0.6138065217391304,0.6179934782608696,0.5706304347826088,0.6241521739130436,0.6861500000000001,0.7845652173913044,0.8082413043478262,0.808654347826087,0.8065326086956522,0.8085500000000001,0.8095869565217392,0.8089347826086957,0.8106934782608697,0.813154347826087,0.8096000000000001,0.8113630434782609,0.8098695652173914,0.8079782608695654,0.8097391304347827,0.8066934782608697,0.8112065217391304,0.8115217391304349,0.8004065217391305,0.775117391304348,0.7225652173913045,0.6124239130434783,0.49624782608695656,0.49954130434782607,0.5459978260869566,0.6078173913043479,0.7163021739130436,0.7617739130434783,0.7998978260869565,0.8096630434782609,0.8086869565217393,0.8077956521739131,0.8082478260869566,0.8114282608695653,0.8107369565217392,0.808,0.8097804347826087,0.8087239130434783,0.8079347826086957,0.8064782608695653,0.8071086956521739,0.8090652173913044,0.8087326086956522,0.8105195652173914,0.8105608695652174,0.8114500000000001,0.8098000000000001,0.8082782608695653,0.8112239130434783,0.8090782608695652,0.8090369565217391,0.8064347826086957,0.805804347826087,0.8061456521739131,0.808804347826087,0.8105565217391305,0.8070891304347826,0.8115739130434783,0.8102304347826087,0.8088391304347826,0.8104413043478261,0.8090652173913044,0.8103413043478261,0.8102,0.8101913043478262,0.8073695652173913,0.807358695652174,0.8108478260869565,0.8068760869565218,0.813013043478261,0.794463043478261,0.7752478260869565,0.7822652173913044,0.806163043478261,0.7941565217391304,0.7885304347826088,0.8091260869565219
0.8115934782608696,0.8086304347826088,0.8088086956521738,0.809913043478261,0.8093739130434783,0.8097173913043479,0.8091956521739131,0.8097847826086958,0.8086152173913044,0.8070434782608695,0.8058108695652175,0.8095434782608696,0.8092195652173914,0.81195,0.8053,0.7684717391304349,0.7239608695652174,0.6966847826086957,0.59485,0.626854347826087,0.6174130434782609,0.5933782608695652,0.7364260869565218,0.7812304347826087,0.8075130434782609,0.8089934782608696,0.8110304347826087,0.810608695652174,0.8105652173913045,0.8108260869565218,0.8088565217391306,0.8121739130434783,0.8094195652173913,0.810708695652174,0.8096413043478262,0.8085652173913044,0.8079782608695653,0.8088956521739131,0.8078500000000001,0.8056804347826088,0.7983173913043479,0.7863739130434783,0.6930739130434782,0.5278352173913043,0.5048673913043479,0.5234195652173913,0.5445739130434784,0.5871000000000001,0.7518673913043479,0.7511782608695653,0.7945152173913044,0.8084782608695653,0.8092891304347827,0.8089347826086957,0.8104347826086956,0.8096891304347826,0.8109195652173913,0.809695652173913,0.8091304347826087,0.8082608695652175,0.8072826086956522,0.8064565217391304,0.8080652173913044,0.8079195652173914,0.8098891304347826,0.811308695652174,0.8112608695652174,0.8132760869565219,0.8119891304347827,0.8085152173913044,0.8079065217391305,0.8088760869565219,0.8082826086956522,0.8063478260869565,0.8063695652173913,0.8060847826086956,0.8076739130434784,0.8031826086956522,0.8081347826086956,0.8123739130434783,0.8096608695652174,0.8106869565217393,0.8073347826086957,0.810458695652174,0.8089478260869566,0.8081391304347827,0.8088782608695653,0.8094782608695653,0.8068413043478262,0.8090217391304348,0.8048608695652174,0.8072282608695653,0.7986956521739131,0.7654347826086957,0.7434000000000001,0.8074978260869566,0.7939,0.7682782608695653,0.8100608695652175
0.8096217391304349,0.8085456521739132,0.8124565217391304,0.8113260869565218,0.8083434782608696,0.8114565217391305,0.8097391304347827,0.8106086956521739,0.807667391304348,0.8053043478260871,0.8063260869565219,0.809,0.8106826086956522,0.8089695652173914,0.8017456521739131,0.7646000000000001,0.7555695652173914,0.70355,0.6456000000000001,0.59875,0.595058695652174,0.5547,0.6891434782608696,0.7744434782608697,0.8047173913043478,0.8118260869565218,0.8104478260869566,0.8080195652173914,0.8100217391304347,0.8094826086956524,0.811504347826087,0.8090391304347827,0.8089891304347827,0.8119782608695653,0.8084195652173913,0.8080217391304348,0.8094521739130436,0.8105065217391304,0.8115717391304348,0.8023521739130436,0.8084108695652175,0.7800434782608696,0.7128413043478261,0.6206804347826087,0.515604347826087,0.4653434782608696,0.5410565217391304,0.6511608695652175,0.7101565217391306,0.785963043478261,0.794417391304348,0.8094195652173913,0.8081956521739131,0.8094130434782609,0.8087608695652174,0.8110282608695654,0.8100217391304347,0.8109500000000001,0.8089500000000001,0.8082608695652175,0.8064565217391304,0.8060869565217392,0.8073695652173913,0.8101760869565218,0.8092652173913044,0.8103391304347827,0.8109130434782609,0.8135478260869566,0.8127891304347827,0.8086695652173913,0.809,0.8083934782608696,0.8081521739130435,0.8062826086956522,0.8067608695652174,0.8057195652173914,0.8075000000000001,0.8097956521739131,0.810854347826087,0.8104173913043479,0.8098108695652174,0.8112,0.8096304347826088,0.8119934782608696,0.810813043478261,0.808458695652174,0.8106021739130436,0.8085652173913045,0.807695652173913,0.8082195652173914,0.8101260869565218,0.797467391304348,0.7974413043478262,0.7661565217391305,0.7572391304347826,0.801113043478261,0.7539108695652175,0.7890826086956523,0.8103130434782609
0.8108347826086958,0.8073391304347826,0.811667391304348,0.8079934782608696,0.8102021739130436,0.8083173913043479,0.8092543478260871,0.8081086956521739,0.8086065217391305,0.8066891304347827,0.8075000000000001,0.8083478260869565,0.8087739130434783,0.8064869565217392,0.8089369565217391,0.788404347826087,0.7516739130434783,0.7065652173913044,0.6024478260869566,0.5677891304347827,0.5834565217391304,0.5918369565217392,0.7426195652173914,0.7799826086956523,0.8095934782608697,0.8120695652173914,0.8097673913043479,0.809667391304348,0.8090521739130435,0.8072760869565219,0.8124913043478261,0.8108434782608696,0.8097739130434783,0.8111869565217392,0.8090217391304348,0.8072326086956523,0.8085434782608696,0.8088086956521738,0.8074608695652175,0.8065934782608696,0.810708695652174,0.7937152173913044,0.6868652173913045,0.6631760869565217,0.5233152173913044,0.4756347826086957,0.5695434782608696,0.6366608695652174,0.7015000000000001,0.7822456521739131,0.770104347826087,0.805108695652174,0.8068478260869566,0.8087826086956522,0.8097652173913044,0.8117956521739131,0.810963043478261,0.8083913043478262,0.8093478260869565,0.808695652173913,0.8077173913043479,0.8073260869565219,0.8071304347826088,0.8091521739130436,0.8116304347826088,0.811758695652174,0.8105869565217392,0.8100304347826087,0.8135717391304348,0.8113934782608696,0.8093956521739131,0.8084891304347828,0.8077543478260871,0.8063326086956523,0.8058695652173913,0.8066521739130437,0.8084565217391304,0.8096326086956522,0.8113152173913044,0.8085391304347826,0.8112608695652174,0.8097260869565217,0.808963043478261,0.8134108695652175,0.8134065217391305,0.8085065217391305,0.8107021739130436,0.8076021739130436,0.806763043478261,0.8105434782608696,0.8103869565217392,0.8041565217391304,0.7950391304347827,0.756,0.7838847826086957,0.7927891304347827,0.7802826086956522,0.7973500000000001,0.808308695652174
0.8094934782608697,0.8093260869565219,0.8104239130434783,0.8081478260869566,0.8083195652173915,0.8078978260869566,0.8092543478260871,0.8094847826086957,0.809263043478261,0.8069565217391306,0.8064347826086957,0.8099565217391305,0.8108478260869565,0.8107260869565217,0.8026586956521741,0.7927826086956522,0.7580347826086957,0.6973108695652175,0.6156739130434783,0.5991413043478262,0.5778130434782609,0.5608586956521739,0.6538782608695652,0.7796782608695653,0.8117630434782609,0.810204347826087,0.8113456521739131,0.8090717391304348,0.8091021739130435,0.8089282608695653,0.8143934782608696,0.8108043478260871,0.8096391304347826,0.8090869565217392,0.8088043478260871,0.8076304347826088,0.8095152173913044,0.8095782608695652,0.8114913043478261,0.8026521739130436,0.8075347826086958,0.7761260869565217,0.7157173913043479,0.6565478260869566,0.47675217391304353,0.3786776086956522,0.4555491304347826,0.586108695652174,0.7108347826086958,0.7923521739130436,0.7806934782608697,0.8067021739130436,0.8082717391304348,0.8069565217391306,0.8108695652173914,0.8121739130434783,0.8104478260869566,0.8100652173913044,0.8091021739130435,0.8086304347826088,0.8064347826086957,0.8076413043478261,0.8064347826086957,0.81,0.8096369565217392,0.8097913043478261,0.8119695652173913,0.8096869565217393,0.8117717391304349,0.8101304347826087,0.8093195652173915,0.8094217391304349,0.8076152173913044,0.8066521739130436,0.8059760869565218,0.8061086956521739,0.8074826086956521,0.8080391304347827,0.8080260869565218,0.8092391304347827,0.8119956521739131,0.8083869565217392,0.8131217391304348,0.81025,0.8104217391304349,0.8115152173913044,0.8067391304347827,0.8083695652173913,0.8069826086956522,0.8084717391304349,0.8048695652173914,0.8117695652173914,0.8015717391304349,0.7610391304347827,0.7652217391304348,0.797558695652174,0.7923130434782609,0.7977913043478261,0.8128326086956522
0.8091695652173914,0.8091847826086956,0.8113782608695652,0.8108326086956522,0.8105608695652174,0.8106521739130436,0.8086630434782609,0.8089413043478261,0.8074847826086957,0.8058478260869566,0.8069891304347826,0.8082326086956523,0.8106847826086958,0.8145521739130436,0.8125108695652173,0.7825152173913044,0.7051891304347827,0.6670869565217392,0.6257869565217392,0.6186369565217391,0.6334500000000001,0.5952934782608696,0.7257869565217391,0.7432391304347826,0.8107326086956523,0.8102804347826088,0.8110304347826087,0.8075065217391305,0.81005,0.8094869565217391,0.8114239130434783,0.8101195652173914,0.8090739130434783,0.8097413043478262,0.8098391304347827,0.8073043478260871,0.8096739130434784,0.8099804347826087,0.8093739130434783,0.8079239130434783,0.7994391304347827,0.7756521739130435,0.7381934782608697,0.6133195652173914,0.5155152173913043,0.5213978260869566,0.5454195652173914,0.5888413043478261,0.7209608695652174,0.7869347826086958,0.795921739130435,0.8097304347826088,0.8072065217391304,0.807608695652174,0.8093826086956523,0.8091739130434783,0.8101869565217392,0.8097391304347827,0.808913043478261,0.8089065217391306,0.8081521739130435,0.805804347826087,0.8072391304347827,0.8096739130434784,0.8122108695652175,0.8104282608695653,0.8109000000000001,0.8129978260869566,0.8124630434782609,0.8096173913043478,0.808,0.8075065217391305,0.8061369565217392,0.8059065217391305,0.806608695652174,0.805413043478261,0.8077282608695653,0.8090260869565218,0.8110304347826087,0.8112369565217393,0.8107521739130436,0.8110195652173914,0.8094891304347827,0.8093804347826088,0.7940065217391304,0.8094826086956523,0.8107239130434784,0.8074326086956523,0.8077608695652174,0.8099086956521739,0.8075804347826088,0.8064065217391305,0.7902152173913044,0.7818804347826088,0.7831847826086956,0.802567391304348,0.7989413043478262,0.796695652173913,0.8076260869565218
0.8114956521739131,0.8095065217391304,0.8115413043478261,0.8101152173913044,0.8081804347826087,0.8101086956521739,0.8090282608695653,0.809508695652174,0.8088695652173914,0.8068913043478262,0.806608695652174,0.808608695652174,0.8121652173913044,0.8114326086956523,0.8110152173913044,0.782608695652174,0.7525326086956523,0.6781760869565218,0.5890695652173913,0.5638891304347826,0.5701695652173914,0.5644891304347827,0.7184847826086956,0.7845695652173914,0.8078934782608697,0.8089869565217392,0.8133,0.8100630434782609,0.8090347826086958,0.8123826086956522,0.8098478260869566,0.8097695652173914,0.8115717391304348,0.8093934782608696,0.8085217391304348,0.8069565217391305,0.808608695652174,0.8094760869565217,0.8135739130434784,0.8043608695652175,0.807054347826087,0.7710717391304348,0.7208173913043479,0.6191021739130435,0.5079108695652174,0.4970347826086957,0.5470652173913043,0.6092934782608697,0.764304347826087,0.7887152173913045,0.8008891304347826,0.8090152173913044,0.8081369565217392,0.8068108695652175,0.8091869565217392,0.8126130434782609,0.8113043478260871,0.8079413043478261,0.8096739130434784,0.8094130434782609,0.8063695652173913,0.8073043478260871,0.8074130434782609,0.8089782608695654,0.8116869565217393,0.8109500000000001,0.8118521739130435,0.8121739130434783,0.811708695652174,0.8109804347826087,0.8123108695652175,0.8091304347826087,0.8073847826086956,0.8062608695652175,0.8063260869565219,0.807608695652174,0.8089347826086957,0.8081804347826087,0.8100565217391305,0.8099282608695653,0.8075739130434784,0.8096739130434784,0.8123913043478261,0.8121804347826088,0.8083978260869567,0.8118326086956522,0.8098043478260871,0.8069717391304347,0.8077826086956522,0.8088369565217391,0.8039239130434784,0.8086608695652174,0.7908152173913044,0.7543065217391305,0.7888956521739131,0.7999673913043479,0.7982282608695653,0.8003043478260871,0.8048739130434783
0.8087369565217393,0.8098347826086957,0.8081847826086956,0.8108326086956522,0.8094304347826087,0.8088347826086957,0.8102456521739131,0.8084065217391305,0.8075717391304349,0.8068913043478262,0.8067391304347827,0.8087173913043479,0.8117673913043478,0.8117065217391306,0.8056130434782609,0.785813043478261,0.7315978260869567,0.6710326086956523,0.5932586956521739,0.582458695652174,0.5712717391304348,0.5820391304347827,0.7385521739130435,0.7733500000000001,0.8039869565217392,0.8100521739130435,0.8085739130434783,0.8101956521739131,0.8081804347826087,0.8079282608695653,0.8113521739130435,0.8127608695652175,0.8082673913043479,0.8088130434782609,0.8098000000000001,0.8068260869565218,0.8080217391304348,0.8118760869565218,0.8124913043478261,0.8101826086956523,0.8054586956521741,0.786958695652174,0.696854347826087,0.6559413043478262,0.5422565217391305,0.45738478260869575,0.5683304347826088,0.6042217391304349,0.6991217391304348,0.7846108695652174,0.7912521739130435,0.8055217391304349,0.8080217391304348,0.8058108695652175,0.8093543478260871,0.8109369565217392,0.8109782608695653,0.8084347826086957,0.8087891304347826,0.8077826086956522,0.8070347826086957,0.8058913043478262,0.8087608695652174,0.8101521739130436,0.8103326086956522,0.8122282608695653,0.8100369565217391,0.8116152173913045,0.8150804347826087,0.8092804347826088,0.8101586956521739,0.8074326086956523,0.8076521739130436,0.8073260869565219,0.806658695652174,0.806391304347826,0.8065000000000001,0.8098478260869566,0.804854347826087,0.8037869565217393,0.8073413043478262,0.8086478260869566,0.8112347826086956,0.812513043478261,0.808804347826087,0.8106804347826088,0.808595652173913,0.8083695652173915,0.8067826086956522,0.8082695652173915,0.8095021739130436,0.8017652173913045,0.7587521739130436,0.7687717391304347,0.7515152173913044,0.8043608695652175,0.7959739130434783,0.8024717391304349,0.8078304347826089
0.8116347826086957,0.8092456521739131,0.8110652173913044,0.8097108695652174,0.8098913043478262,0.811154347826087,0.8088978260869566,0.8091956521739131,0.808558695652174,0.8061739130434784,0.8065434782608696,0.8098847826086957,0.8112,0.8050282608695652,0.8034760869565218,0.7763717391304349,0.727754347826087,0.7066108695652173,0.5869434782608696,0.6224239130434783,0.6068195652173913,0.5999608695652174,0.7473021739130435,0.7805152173913045,0.8099260869565218,0.8107326086956522,0.8015021739130436,0.8091956521739131,0.8085804347826088,0.8085369565217392,0.8132369565217391,0.8106695652173914,0.8099304347826087,0.8111391304347827,0.8081978260869566,0.8076521739130436,0.8095434782608696,0.8102978260869566,0.8139152173913045,0.807163043478261,0.8062,0.7693369565217392,0.6936260869565218,0.6271847826086956,0.3925845652173914,0.5230391304347827,0.5276760869565218,0.5792956521739131,0.6984934782608696,0.7977500000000001,0.7835565217391305,0.8105108695652175,0.8084021739130436,0.8071304347826088,0.8101565217391306,0.8130000000000001,0.8116760869565218,0.8085217391304348,0.8084782608695653,0.8091956521739131,0.8067826086956522,0.8056956521739131,0.8067608695652174,0.8088260869565218,0.8112739130434784,0.8109369565217392,0.8116913043478262,0.8103847826086957,0.8098739130434782,0.8097739130434783,0.8098478260869566,0.8000717391304348,0.8077239130434783,0.8063260869565219,0.8061739130434784,0.806804347826087,0.8073000000000001,0.8113217391304348,0.811113043478261,0.8090652173913044,0.8093847826086956,0.8108108695652174,0.8115369565217392,0.8126021739130435,0.8087934782608697,0.8113304347826088,0.8063608695652175,0.8054239130434784,0.8076717391304349,0.809458695652174,0.8069782608695653,0.8057869565217392,0.7796760869565218,0.7788347826086957,0.7814217391304349,0.8041543478260871,0.7916304347826087,0.7836478260869566,0.8082934782608696
0.8086652173913044,0.809608695652174,0.8097826086956521,0.8119347826086957,0.8091304347826087,0.8100717391304348,0.8109565217391305,0.8090652173913044,0.8077391304347827,0.8071956521739131,0.8061086956521739,0.8082173913043479,0.8088478260869566,0.8142456521739131,0.8055956521739132,0.7867282608695653,0.7301369565217392,0.6824978260869566,0.6213804347826087,0.5900739130434783,0.6098217391304348,0.5879739130434782,0.7233565217391306,0.7827956521739131,0.808258695652174,0.8128978260869566,0.8086913043478262,0.8067195652173914,0.8101956521739131,0.8098152173913045,0.8077108695652174,0.8097956521739131,0.8098434782608697,0.8097978260869566,0.8080347826086958,0.8064565217391304,0.8090173913043478,0.8118978260869566,0.8139000000000001,0.8025739130434784,0.8073326086956523,0.7818391304347827,0.72555,0.6624673913043478,0.4873695652173914,0.5087891304347827,0.5590282608695653,0.6024217391304348,0.7559260869565219,0.7829847826086956,0.7916500000000001,0.8103521739130435,0.8080434782608695,0.8073043478260871,0.8097478260869566,0.8123326086956522,0.8092608695652175,0.8083478260869565,0.8097826086956522,0.8082391304347827,0.8071521739130436,0.8069347826086957,0.8077173913043479,0.8086304347826088,0.8091326086956523,0.8129195652173914,0.813995652173913,0.8121239130434782,0.8141260869565218,0.8102108695652174,0.8088500000000001,0.8092239130434784,0.8072391304347827,0.8058260869565219,0.806608695652174,0.8061521739130435,0.8089934782608696,0.809954347826087,0.809554347826087,0.8079478260869566,0.8107956521739131,0.8102608695652174,0.8077304347826088,0.8108608695652175,0.8061304347826087,0.8097108695652175,0.8078304347826089,0.8069347826086957,0.808,0.8090934782608696,0.809945652173913,0.8091717391304349,0.7938173913043479,0.7686195652173914,0.7952739130434784,0.8011739130434783,0.7837565217391305,0.7890086956521739,0.8060326086956522
0.8093739130434783,0.8099565217391305,0.8107217391304349,0.8098673913043479,0.8075413043478261,0.810995652173913,0.8085304347826088,0.8082456521739131,0.8081652173913043,0.8060434782608695,0.8070086956521739,0.8078478260869566,0.809963043478261,0.8105152173913044,0.8029630434782609,0.7666826086956523,0.7292826086956523,0.6443021739130436,0.5724739130434783,0.6067478260869565,0.6345826086956522,0.5703913043478261,0.7105500000000001,0.7918217391304349,0.8085326086956521,0.8091521739130436,0.8124956521739132,0.8069478260869566,0.8101739130434783,0.808617391304348,0.8112934782608697,0.8077608695652174,0.8102434782608696,0.8101934782608696,0.8113260869565218,0.8081304347826088,0.8072500000000001,0.8117782608695654,0.8079326086956522,0.8142152173913044,0.8096304347826088,0.7896956521739131,0.7060413043478262,0.6338782608695653,0.4804869565217391,0.4988782608695652,0.5979391304347826,0.58855,0.6812652173913044,0.7796978260869566,0.7920760869565219,0.7974304347826088,0.8079347826086957,0.8087239130434783,0.8084195652173913,0.8104478260869566,0.8093695652173913,0.8103760869565219,0.8091956521739131,0.8074195652173913,0.8071847826086958,0.8065869565217392,0.8092391304347827,0.8089847826086958,0.8116195652173913,0.8116369565217392,0.8124304347826088,0.813458695652174,0.8129934782608697,0.8086195652173914,0.8106500000000001,0.8094130434782609,0.807404347826087,0.8072826086956522,0.8058260869565219,0.8063478260869565,0.8080869565217392,0.8110065217391305,0.8076456521739132,0.8062152173913044,0.8112456521739131,0.8101934782608696,0.8107282608695653,0.8101391304347826,0.8106934782608697,0.8118630434782609,0.8108260869565218,0.8090369565217391,0.8078695652173913,0.8108978260869566,0.8115760869565218,0.8117978260869566,0.7958869565217392,0.771858695652174,0.7908065217391306,0.7955260869565218,0.7873913043478261,0.7863478260869565,0.809404347826087
0.8116956521739132,0.8064347826086957,0.8074413043478261,0.8108913043478262,0.8079108695652174,0.8067608695652174,0.8080869565217392,0.8092978260869566,0.8065869565217392,0.8058260869565219,0.8068913043478262,0.8093260869565219,0.8105217391304348,0.8149130434782609,0.7988934782608695,0.7545673913043478,0.7094239130434783,0.6594891304347826,0.5846608695652175,0.6039630434782609,0.5375173913043478,0.6209108695652173,0.7386369565217392,0.790317391304348,0.7831434782608696,0.8113195652173915,0.8083630434782609,0.8089869565217392,0.8098260869565218,0.8097521739130435,0.8107673913043479,0.8096760869565218,0.8087217391304349,0.8068717391304349,0.8086456521739132,0.8077021739130436,0.8074673913043477,0.8112239130434783,0.8126456521739132,0.8056108695652174,0.7971826086956523,0.7881195652173913,0.7357173913043479,0.611145652173913,0.5114521739130435,0.5225413043478262,0.5268608695652175,0.6437391304347826,0.7403195652173914,0.7904652173913045,0.7929652173913044,0.8108652173913045,0.8078652173913045,0.807804347826087,0.809408695652174,0.8111413043478262,0.8097347826086957,0.8094326086956523,0.8083260869565219,0.8089565217391305,0.8080434782608696,0.8060652173913044,0.8079565217391306,0.8099195652173913,0.8115521739130435,0.8091695652173914,0.8106934782608697,0.8097195652173914,0.8144413043478261,0.8102173913043479,0.8087891304347827,0.8101108695652175,0.8078913043478262,0.8075652173913045,0.8064782608695653,0.8060000000000002,0.8073260869565219,0.8083782608695653,0.8107434782608697,0.8121478260869566,0.8079891304347827,0.809808695652174,0.8100543478260871,0.8107369565217392,0.8103456521739132,0.8079239130434783,0.8070652173913044,0.8062760869565219,0.8074347826086957,0.8083173913043479,0.8093956521739131,0.806645652173913,0.7980826086956523,0.777117391304348,0.7678021739130435,0.804908695652174,0.7988826086956522,0.799558695652174,0.8088608695652175
0.8103195652173913,0.8094804347826088,0.8092804347826088,0.8113173913043479,0.8121956521739131,0.808617391304348,0.808958695652174,0.8106695652173914,0.8073043478260871,0.8062608695652175,0.8074782608695653,0.809217391304348,0.8080043478260871,0.8144173913043479,0.8160021739130435,0.7768043478260871,0.7432000000000001,0.6645478260869565,0.6104891304347827,0.6053108695652175,0.5898304347826087,0.6076065217391304,0.6788586956521739,0.7865478260869566,0.8062065217391304,0.8112913043478261,0.8104956521739131,0.8087913043478261,0.8092326086956523,0.8082673913043479,0.8123934782608696,0.8108565217391305,0.8078630434782609,0.807554347826087,0.8085739130434784,0.8071956521739131,0.8085413043478261,0.8073369565217392,0.8081239130434783,0.8102543478260871,0.8050739130434783,0.7818978260869566,0.7282173913043479,0.6012478260869566,0.4768847826086957,0.46945652173913055,0.5418934782608695,0.5511717391304348,0.7341239130434783,0.7601956521739132,0.7897586956521739,0.8132152173913044,0.8074782608695653,0.806354347826087,0.8089413043478262,0.8090065217391305,0.8114195652173914,0.8097608695652174,0.8097608695652174,0.808463043478261,0.8076130434782609,0.8068478260869566,0.8080434782608695,0.8101760869565218,0.8101434782608696,0.811104347826087,0.8078434782608696,0.8105413043478261,0.8153826086956522,0.8106608695652175,0.8093673913043479,0.8089934782608696,0.8075347826086958,0.8062826086956522,0.8055652173913044,0.8058478260869566,0.8072608695652175,0.8104934782608697,0.8026369565217392,0.8061260869565218,0.8094130434782609,0.8090217391304348,0.8122369565217392,0.8132304347826087,0.8106652173913044,0.8087673913043478,0.8088065217391305,0.8085173913043479,0.8067869565217392,0.8109130434782609,0.8109478260869566,0.8044782608695653,0.8077130434782609,0.7680260869565217,0.7690978260869565,0.8048282608695653,0.7823108695652174,0.8034369565217392,0.8120847826086958
0.8112239130434783,0.8094347826086957,0.8120717391304348,0.8107217391304349,0.8124173913043479,0.8090369565217391,0.8072717391304348,0.8070717391304348,0.8078934782608697,0.8063043478260871,0.8058608695652174,0.8081739130434783,0.8113760869565219,0.813213043478261,0.8027891304347826,0.7880152173913044,0.7260847826086958,0.668708695652174,0.6317934782608696,0.6264152173913043,0.6122217391304349,0.6189913043478261,0.7145608695652174,0.779713043478261,0.8076391304347826,0.8138978260869565,0.8080086956521739,0.8095673913043478,0.810658695652174,0.809963043478261,0.8072847826086957,0.8122804347826087,0.8105217391304349,0.8106717391304349,0.807904347826087,0.8078260869565218,0.8082217391304348,0.8110195652173914,0.8109565217391305,0.8125565217391304,0.8032717391304349,0.7980543478260871,0.7177282608695652,0.6644565217391304,0.5089847826086957,0.4933739130434783,0.5953652173913044,0.6593565217391304,0.7150804347826087,0.7929543478260871,0.7944304347826088,0.8043304347826087,0.8074782608695653,0.8067673913043478,0.8090217391304348,0.8091804347826087,0.8089695652173914,0.8100652173913044,0.8093000000000001,0.8099347826086957,0.8075869565217392,0.8063478260869565,0.8070869565217392,0.8103260869565219,0.8099760869565218,0.8117391304347826,0.8123978260869565,0.8135717391304348,0.8134760869565218,0.8107565217391305,0.8102760869565218,0.8076847826086957,0.8080608695652175,0.8077173913043479,0.8057391304347826,0.8056521739130436,0.8096521739130436,0.8073804347826087,0.8134391304347827,0.8103239130434783,0.8107260869565217,0.8098760869565218,0.8073521739130436,0.8055217391304349,0.8119239130434783,0.8099847826086957,0.808954347826087,0.808304347826087,0.8071521739130436,0.8096239130434782,0.807408695652174,0.8088456521739131,0.7999804347826087,0.748658695652174,0.7742891304347826,0.8004826086956522,0.7942,0.7587217391304348,0.8100978260869566
0.8104391304347827,0.8107173913043478,0.809808695652174,0.8113413043478261,0.809304347826087,0.8094565217391305,0.8091369565217392,0.8094347826086957,0.8089891304347827,0.8067826086956522,0.8058891304347827,0.8068195652173914,0.8072173913043479,0.8104934782608697,0.8089760869565218,0.8000195652173914,0.7208152173913044,0.7057782608695652,0.5872108695652174,0.5905847826086956,0.56765,0.6111978260869566,0.7236630434782609,0.7860934782608697,0.807704347826087,0.8107369565217392,0.8021826086956522,0.8087152173913044,0.8074152173913044,0.8106826086956522,0.8140478260869567,0.8080521739130435,0.8081304347826088,0.8078195652173914,0.8083239130434784,0.8080652173913044,0.8087826086956522,0.8113260869565218,0.8075239130434784,0.8083956521739131,0.8069630434782609,0.7867065217391305,0.7179173913043478,0.6220913043478261,0.4815217391304348,0.4946413043478262,0.5314217391304348,0.5776065217391305,0.6964434782608696,0.7922239130434783,0.7794521739130436,0.8049782608695653,0.8074282608695653,0.8071869565217392,0.8078304347826089,0.8111543478260871,0.8087304347826088,0.8078608695652175,0.8106369565217392,0.8084130434782609,0.8076521739130436,0.8065652173913044,0.8060000000000002,0.8103478260869565,0.8121173913043479,0.8103934782608696,0.814658695652174,0.8118760869565218,0.8126173913043478,0.808713043478261,0.8099478260869566,0.8087826086956522,0.8063760869565219,0.8068913043478262,0.8066304347826087,0.8067304347826088,0.8072565217391304,0.8077782608695653,0.8083282608695652,0.8099195652173913,0.8123826086956522,0.8100326086956522,0.8123652173913044,0.8108239130434785,0.8120152173913043,0.8108043478260871,0.8069869565217391,0.8087239130434783,0.8063413043478261,0.8087217391304349,0.806617391304348,0.8019717391304348,0.7876086956521741,0.756295652173913,0.781945652173913,0.8051478260869567,0.792854347826087,0.7740630434782609,0.8078152173913044
0.8102391304347827,0.809963043478261,0.8094521739130436,0.8100760869565218,0.8098065217391305,0.8098260869565218,0.8093543478260871,0.8082521739130436,0.8078913043478262,0.8067608695652174,0.8068478260869566,0.8079565217391305,0.8101760869565218,0.8111565217391306,0.8016152173913044,0.7930391304347827,0.7140108695652174,0.6461630434782609,0.6336782608695654,0.649358695652174,0.5689195652173913,0.628608695652174,0.7260108695652174,0.7682826086956521,0.8103130434782608,0.8037826086956522,0.8124086956521739,0.8067521739130435,0.8099239130434783,0.8095391304347826,0.8125413043478261,0.8086347826086957,0.8093760869565219,0.8090304347826087,0.8079739130434783,0.8076521739130436,0.8100782608695652,0.8093608695652175,0.8094521739130436,0.8103934782608696,0.8077739130434785,0.7926500000000001,0.700758695652174,0.647913043478261,0.5179608695652175,0.517554347826087,0.5700108695652174,0.6712956521739131,0.730063043478261,0.7943608695652176,0.7892869565217392,0.8085391304347828,0.807654347826087,0.8081956521739131,0.8078673913043479,0.8115326086956522,0.809658695652174,0.8088478260869566,0.8099413043478262,0.808454347826087,0.8071086956521739,0.8073260869565219,0.8057695652173914,0.8076282608695653,0.8110391304347827,0.8117891304347827,0.8102565217391304,0.8134891304347827,0.8109500000000001,0.8104347826086956,0.8089847826086958,0.8073913043478261,0.807308695652174,0.8064782608695653,0.8060000000000002,0.8063695652173913,0.8069847826086958,0.8090608695652175,0.8115391304347828,0.812154347826087,0.8106500000000001,0.8123804347826088,0.8128195652173914,0.8075260869565218,0.8068021739130435,0.8095369565217392,0.8097326086956523,0.8073043478260871,0.8073478260869565,0.8098913043478262,0.806663043478261,0.8072130434782611,0.8030521739130436,0.7776826086956523,0.7833347826086957,0.8000695652173914,0.7769543478260871,0.8100869565217392,0.8045695652173913
0.8098021739130435,0.808958695652174,0.8086521739130436,0.8106521739130436,0.8125,0.8098978260869566,0.8083108695652175,0.8075717391304349,0.8097521739130434,0.8067826086956522,0.8069565217391306,0.807158695652174,0.8103239130434783,0.8110739130434783,0.8064891304347828,0.7651239130434783,0.739958695652174,0.6546804347826086,0.6264847826086957,0.647358695652174,0.6177152173913044,0.6071326086956522,0.7239913043478261,0.7734304347826088,0.8073934782608696,0.8107217391304349,0.8092,0.8080717391304348,0.8100152173913044,0.809704347826087,0.8110326086956522,0.8111978260869566,0.8096630434782609,0.8110891304347827,0.8098869565217393,0.8082826086956523,0.8073195652173913,0.810204347826087,0.8120021739130435,0.8103978260869565,0.8052869565217392,0.7908413043478262,0.7247630434782609,0.6197195652173915,0.4880217391304348,0.5184826086956522,0.5862934782608696,0.5791826086956522,0.7123108695652174,0.7892195652173914,0.7787739130434783,0.8028782608695654,0.8069760869565218,0.8075217391304348,0.8106956521739132,0.8118760869565218,0.8110434782608696,0.8092826086956523,0.80925,0.8078913043478262,0.8066239130434784,0.8066152173913045,0.8060717391304348,0.8086956521739131,0.810241304347826,0.8092891304347827,0.8107413043478261,0.8106826086956522,0.8103739130434783,0.8085695652173913,0.8090173913043478,0.8084717391304349,0.8072826086956522,0.8060217391304348,0.8057173913043478,0.8064347826086957,0.8084565217391305,0.8097021739130437,0.8119695652173913,0.8077978260869565,0.8068521739130435,0.8081739130434783,0.8063304347826088,0.806304347826087,0.8117021739130436,0.8072304347826088,0.8104195652173913,0.8076304347826087,0.8075217391304348,0.8100282608695653,0.8078152173913044,0.8078695652173913,0.802317391304348,0.7802347826086957,0.793504347826087,0.7900065217391306,0.8066108695652174,0.7898326086956523,0.8051739130434784
0.8082500000000001,0.8120978260869565,0.8103195652173915,0.8092239130434784,0.8105630434782609,0.8100521739130435,0.8086152173913044,0.809854347826087,0.8087173913043479,0.8065434782608697,0.8060869565217392,0.8075652173913045,0.8096434782608696,0.8116956521739132,0.8037478260869566,0.7614934782608697,0.724204347826087,0.646891304347826,0.632595652173913,0.5915217391304348,0.44125478260869566,0.5840782608695653,0.7277478260869567,0.73705,0.8140000000000001,0.8089891304347827,0.8086369565217393,0.8072891304347827,0.8077956521739131,0.8094565217391305,0.8117782608695654,0.8086804347826086,0.8091565217391306,0.8081521739130436,0.8087065217391304,0.8068043478260869,0.8081521739130436,0.8115608695652174,0.8073913043478261,0.8043913043478261,0.7980565217391304,0.7793217391304349,0.7336195652173914,0.5861434782608695,0.48613043478260876,0.44867,0.5326500000000001,0.5725434782608696,0.6858565217391305,0.7829434782608696,0.7858543478260871,0.8083652173913044,0.8083260869565219,0.8073913043478261,0.8100195652173914,0.8090500000000002,0.8113739130434784,0.8113695652173915,0.8114847826086957,0.8070282608695653,0.8074565217391304,0.8073913043478261,0.8077173913043479,0.808463043478261,0.8097304347826088,0.8114217391304349,0.8110217391304347,0.812013043478261,0.8133739130434783,0.8080630434782609,0.8095760869565218,0.8107804347826087,0.808695652173913,0.8071086956521739,0.8057608695652175,0.8061086956521739,0.8078260869565218,0.811358695652174,0.8005391304347826,0.8072065217391304,0.8117978260869566,0.8132717391304348,0.8088369565217391,0.8041239130434783,0.8116304347826088,0.8092652173913044,0.8106021739130436,0.805804347826087,0.8064347826086957,0.8123043478260871,0.8061173913043479,0.8111608695652175,0.7934521739130436,0.7660521739130435,0.7601913043478261,0.7989369565217392,0.7900434782608696,0.7831826086956523,0.8099369565217392
0.8070304347826088,0.8085956521739132,0.8115586956521741,0.8085369565217392,0.8095869565217392,0.8099652173913043,0.8096239130434782,0.8080434782608696,0.8083978260869567,0.8061956521739131,0.8069565217391305,0.8089565217391305,0.8074978260869565,0.8099239130434783,0.8034717391304348,0.7870934782608697,0.7149239130434782,0.668504347826087,0.5738391304347826,0.5944652173913044,0.59155,0.6227043478260871,0.7158673913043478,0.7815108695652174,0.8096717391304349,0.8135391304347827,0.8094391304347827,0.8082260869565218,0.8088021739130435,0.810854347826087,0.8057391304347826,0.8132521739130436,0.8103217391304348,0.8084521739130436,0.8071152173913044,0.8073826086956523,0.8093043478260871,0.8105913043478261,0.8093195652173913,0.8086739130434784,0.7790260869565218,0.7540130434782609,0.7199913043478261,0.6323391304347826,0.5471739130434784,0.5218695652173914,0.5483739130434784,0.6054304347826087,0.715795652173913,0.7822717391304348,0.79495,0.8086108695652174,0.80865,0.8071956521739131,0.8086521739130436,0.8122173913043479,0.8095804347826088,0.8088913043478262,0.8079108695652174,0.8063478260869565,0.8078913043478262,0.8060652173913044,0.8073913043478261,0.8077173913043479,0.8129282608695653,0.8120152173913043,0.8106347826086957,0.8115760869565218,0.8103108695652175,0.8103521739130435,0.8113478260869565,0.8087586956521741,0.8077021739130436,0.8066304347826087,0.8061956521739131,0.8061086956521739,0.8087608695652174,0.8094347826086957,0.8118978260869566,0.8109130434782609,0.809163043478261,0.8111869565217392,0.8074391304347827,0.8129760869565219,0.8093043478260871,0.8079347826086957,0.8064500000000001,0.8074630434782609,0.8071521739130436,0.8097826086956522,0.8077065217391304,0.8129673913043479,0.8054239130434784,0.7478630434782609,0.7892217391304348,0.7945413043478261,0.7937869565217391,0.7969347826086957,0.7976826086956522
0.8089652173913043,0.8099434782608697,0.8109282608695653,0.8112239130434783,0.8098108695652174,0.8102869565217391,0.8102956521739131,0.8099782608695654,0.8079565217391306,0.8061326086956523,0.8065000000000001,0.8085869565217392,0.8110869565217391,0.8129826086956523,0.8045043478260869,0.785804347826087,0.7346652173913044,0.6410347826086957,0.5617347826086957,0.5830500000000001,0.5930282608695652,0.6019608695652174,0.6952673913043478,0.7703500000000001,0.8087173913043478,0.812,0.8078282608695653,0.8085500000000001,0.8090195652173914,0.8092021739130436,0.8089021739130435,0.8093391304347827,0.8093260869565219,0.8102239130434783,0.8081956521739131,0.8068913043478262,0.8074869565217392,0.8118369565217392,0.8106760869565218,0.8060434782608695,0.8124043478260871,0.7648978260869567,0.7318847826086957,0.6857652173913044,0.48458043478260876,0.5110891304347827,0.5426282608695653,0.5475326086956522,0.6980304347826087,0.7850956521739131,0.7886391304347827,0.8116152173913045,0.80945,0.8071239130434783,0.8087239130434783,0.8114130434782609,0.810258695652174,0.807608695652174,0.8077282608695653,0.8082565217391304,0.8077608695652174,0.8056304347826087,0.8067108695652174,0.8095652173913045,0.811063043478261,0.8105260869565217,0.8123630434782609,0.8125565217391304,0.8115630434782608,0.8080434782608695,0.8051391304347827,0.8095913043478262,0.8072782608695652,0.8067173913043478,0.8057391304347826,0.8054347826086957,0.8083913043478261,0.8090152173913044,0.8105260869565217,0.8111913043478263,0.8074413043478261,0.8129891304347826,0.8129000000000002,0.8082347826086957,0.8013673913043478,0.811704347826087,0.8113695652173915,0.8080086956521739,0.8082521739130436,0.8090956521739132,0.8096652173913045,0.8043369565217392,0.8066391304347826,0.7723391304347828,0.7975630434782609,0.7961,0.784704347826087,0.7904500000000001,0.8053260869565217
0.811108695652174,0.8129978260869566,0.8110239130434783,0.8098217391304349,0.8115217391304348,0.8094565217391305,0.8101913043478262,0.8091304347826087,0.8082608695652175,0.806804347826087,0.8062239130434784,0.8080434782608696,0.8112739130434784,0.8129260869565218,0.8085760869565218,0.7902934782608696,0.739208695652174,0.6167086956521739,0.6176760869565218,0.6539108695652174,0.5775521739130436,0.61885,0.7151565217391305,0.7873826086956521,0.8095630434782609,0.8140434782608696,0.8054934782608696,0.8092391304347827,0.8070478260869566,0.8084,0.811558695652174,0.8105608695652174,0.8101869565217392,0.8099782608695654,0.808604347826087,0.8070869565217392,0.8086739130434784,0.8104521739130436,0.8123891304347827,0.7987434782608697,0.8082521739130435,0.788517391304348,0.7196565217391304,0.6587717391304349,0.5087847826086958,0.41557065217391304,0.5098195652173915,0.6274717391304349,0.7339347826086957,0.7811521739130436,0.7789913043478262,0.8110326086956522,0.8079347826086957,0.8082391304347827,0.8085195652173914,0.8111000000000002,0.8098717391304349,0.8084978260869566,0.8097173913043479,0.8074782608695653,0.8065000000000001,0.8062173913043479,0.8093043478260871,0.8091391304347826,0.810667391304348,0.8108956521739131,0.8115369565217391,0.8082195652173914,0.8122152173913043,0.8089391304347827,0.8061652173913044,0.8071565217391306,0.8071217391304348,0.8089413043478262,0.805804347826087,0.8059565217391305,0.8079065217391305,0.8119065217391306,0.8082239130434784,0.8108521739130435,0.8118173913043478,0.8107826086956522,0.8127826086956522,0.8107586956521741,0.8123108695652175,0.8098130434782609,0.8081021739130435,0.8077173913043479,0.8067913043478262,0.8067217391304348,0.81145,0.8059326086956522,0.7894673913043478,0.776654347826087,0.7212695652173914,0.7954000000000001,0.7958304347826088,0.770408695652174,0.8068782608695653
0.8100717391304348,0.8100782608695654,0.8115739130434784,0.8099652173913043,0.8111304347826087,0.8077739130434783,0.81,0.8084260869565218,0.8080239130434784,0.8065217391304348,0.8066521739130437,0.808441304347826,0.8097717391304348,0.8089565217391305,0.8121260869565218,0.7969478260869566,0.7454065217391305,0.699754347826087,0.6333304347826086,0.6121326086956522,0.5904695652173915,0.5943347826086957,0.7381456521739131,0.7859717391304348,0.8134847826086956,0.8087217391304348,0.8099913043478261,0.8119260869565219,0.8093173913043479,0.8075869565217392,0.8093913043478262,0.8139239130434783,0.8107434782608697,0.808354347826087,0.8095934782608696,0.8068760869565218,0.8095217391304348,0.8099391304347826,0.8121456521739132,0.7763869565217392,0.8095608695652174,0.7734478260869565,0.6961478260869566,0.6059956521739132,0.5250260869565218,0.5254195652173913,0.568708695652174,0.6113934782608695,0.7321239130434783,0.7681760869565218,0.7918369565217392,0.8077782608695652,0.807167391304348,0.8078326086956522,0.8089782608695654,0.8110239130434783,0.8090978260869566,0.8088000000000001,0.8072913043478261,0.8095847826086958,0.8069717391304347,0.8062391304347828,0.8072391304347827,0.8085195652173914,0.8100565217391305,0.8109934782608696,0.8128804347826089,0.8122956521739131,0.8079239130434783,0.8090717391304348,0.8100695652173915,0.8081347826086958,0.8075282608695652,0.8064782608695653,0.8056956521739131,0.805804347826087,0.8084130434782609,0.8097978260869566,0.8104195652173913,0.807408695652174,0.8100695652173915,0.811004347826087,0.8136739130434784,0.8123282608695652,0.8097478260869566,0.8115065217391305,0.8090282608695653,0.8073260869565219,0.8069695652173914,0.8100282608695653,0.8107782608695654,0.8048152173913045,0.8025021739130436,0.7730347826086956,0.7569652173913044,0.7982717391304348,0.7947369565217393,0.7765891304347826,0.8067934782608697
0.8107021739130436,0.8064391304347827,0.8108260869565218,0.8093695652173913,0.8090630434782609,0.8103391304347827,0.8104130434782609,0.8077847826086957,0.8084565217391305,0.8068260869565218,0.8066304347826087,0.8075000000000001,0.8095847826086958,0.8113978260869565,0.802558695652174,0.7833521739130435,0.7327369565217392,0.6715913043478261,0.6037108695652175,0.6495608695652175,0.573341304347826,0.5975891304347827,0.6817326086956522,0.7847413043478262,0.8086978260869565,0.8123434782608696,0.8094521739130435,0.808121739130435,0.8091956521739131,0.8102456521739131,0.8118217391304348,0.8130000000000001,0.8123043478260871,0.8095173913043479,0.8085934782608696,0.8078891304347826,0.8091086956521739,0.8109891304347827,0.810308695652174,0.810854347826087,0.7977608695652174,0.7903434782608696,0.7084608695652174,0.6453195652173913,0.5056695652173914,0.4206073913043479,0.4280973913043478,0.5422978260869565,0.7043673913043479,0.7888391304347827,0.7940913043478262,0.8094347826086957,0.8084347826086957,0.8084413043478261,0.8076369565217393,0.8099847826086957,0.8108869565217393,0.8084130434782609,0.8087978260869565,0.8098108695652174,0.8083695652173913,0.8063630434782609,0.807,0.809608695652174,0.8108891304347826,0.8132695652173914,0.8115934782608696,0.8124869565217392,0.8098782608695653,0.8109847826086957,0.8096543478260869,0.8109000000000001,0.8083260869565219,0.8074695652173914,0.8073913043478261,0.8058304347826087,0.8085369565217392,0.8080717391304348,0.8081652173913043,0.8091260869565219,0.81025,0.8095391304347826,0.807354347826087,0.8144413043478261,0.8085326086956521,0.8091152173913045,0.8094195652173913,0.8089065217391306,0.8073043478260871,0.810204347826087,0.8009152173913044,0.8016695652173914,0.7932239130434784,0.7620239130434783,0.7869478260869566,0.7922891304347827,0.7661934782608697,0.8058217391304349,0.8081239130434783
0.810241304347826,0.8079934782608698,0.8110326086956522,0.8112978260869566,0.8097239130434783,0.8116956521739132,0.808695652173913,0.8094978260869565,0.8083913043478262,0.8062608695652175,0.805404347826087,0.8091913043478262,0.8102739130434784,0.8102478260869567,0.7985347826086957,0.7733565217391304,0.7598804347826087,0.6825021739130436,0.5956173913043479,0.5889260869565218,0.41997304347826087,0.6117717391304348,0.7054500000000001,0.7788065217391306,0.8098239130434783,0.8106282608695652,0.8116304347826088,0.8068347826086957,0.8111000000000002,0.8085913043478262,0.8089869565217392,0.8100673913043478,0.8079217391304349,0.8102239130434783,0.8075173913043479,0.8069652173913044,0.8100434782608696,0.8099891304347827,0.815745652173913,0.8103369565217392,0.815304347826087,0.7830369565217392,0.6786521739130436,0.5940869565217392,0.475608695652174,0.5155,0.5664,0.6096782608695653,0.7323239130434783,0.7993521739130435,0.7878456521739131,0.807167391304348,0.8074847826086957,0.8076521739130436,0.8091456521739131,0.8102673913043479,0.8085347826086957,0.8081304347826088,0.8084282608695653,0.8077826086956522,0.8070217391304348,0.8068913043478262,0.8072391304347827,0.810195652173913,0.8095065217391304,0.8113652173913045,0.8125978260869566,0.8119326086956522,0.8102630434782611,0.8129413043478262,0.8111152173913044,0.8099326086956523,0.8082804347826088,0.8069565217391305,0.8064565217391304,0.8066304347826087,0.8081521739130436,0.8096239130434782,0.8118456521739131,0.8084717391304349,0.8072869565217392,0.8095652173913045,0.8080847826086958,0.8147413043478261,0.8089717391304349,0.8099673913043479,0.8112934782608696,0.8086739130434784,0.8073260869565219,0.8072565217391304,0.809213043478261,0.8067456521739131,0.7994304347826088,0.7766804347826087,0.784354347826087,0.8027434782608696,0.7972413043478261,0.7910695652173914,0.8067565217391305
0.8085695652173914,0.8092456521739131,0.8112326086956523,0.8081673913043479,0.8047456521739131,0.8117239130434784,0.8092608695652175,0.8090043478260871,0.8077391304347827,0.8057608695652175,0.8069347826086957,0.8086739130434784,0.8103978260869565,0.8105173913043479,0.8081934782608696,0.7482065217391305,0.7509869565217391,0.660058695652174,0.6539934782608696,0.579058695652174,0.6492434782608696,0.6016913043478261,0.717895652173913,0.7774717391304348,0.8127891304347827,0.8108521739130435,0.8096326086956522,0.8075804347826089,0.8098369565217391,0.8092369565217391,0.8111217391304348,0.8084521739130436,0.8101586956521739,0.8120065217391305,0.8091086956521739,0.8065282608695652,0.8080434782608696,0.8117826086956522,0.8098456521739131,0.8089760869565218,0.8034913043478262,0.7873978260869566,0.7075913043478262,0.6542869565217391,0.4763760869565217,0.5178282608695653,0.5609195652173914,0.6257282608695653,0.7440760869565217,0.7867652173913043,0.7953521739130436,0.8094760869565217,0.8090217391304348,0.8075000000000001,0.8087760869565218,0.8112,0.8107978260869566,0.8083695652173913,0.8088260869565218,0.8081956521739131,0.806063043478261,0.8070217391304348,0.8080434782608695,0.8090369565217391,0.8097608695652174,0.8114108695652175,0.8082434782608697,0.8103934782608696,0.8126500000000001,0.8125695652173914,0.8115869565217392,0.8088630434782609,0.8082391304347827,0.8068695652173913,0.8066304347826088,0.8066521739130436,0.8084130434782609,0.8089391304347827,0.8117956521739131,0.8123282608695652,0.8097326086956522,0.8131065217391305,0.8083130434782608,0.8112760869565218,0.8047760869565218,0.8101891304347827,0.8100217391304347,0.8080217391304348,0.8078195652173914,0.8092826086956522,0.8111195652173914,0.8084695652173913,0.8012282608695652,0.7359195652173913,0.7910543478260871,0.7664673913043478,0.7923369565217392,0.7815413043478261,0.8131760869565219
0.810745652173913,0.8089760869565218,0.8083717391304349,0.8104130434782609,0.81,0.8072239130434783,0.8090217391304348,0.8077565217391305,0.8075565217391305,0.8055869565217393,0.8074565217391305,0.8075217391304348,0.8112826086956523,0.8124478260869565,0.807408695652174,0.7638804347826087,0.726013043478261,0.6437130434782609,0.6250304347826088,0.5872717391304348,0.5235021739130435,0.632058695652174,0.7235978260869566,0.7894152173913044,0.8130000000000001,0.81045,0.8112195652173914,0.8096282608695653,0.8096065217391305,0.8116369565217392,0.8102652173913044,0.8079282608695653,0.810454347826087,0.8102934782608696,0.808158695652174,0.8075000000000001,0.8077391304347827,0.8086565217391305,0.8092608695652175,0.8055260869565218,0.8101282608695652,0.7791065217391305,0.7189326086956521,0.6151239130434782,0.3923432608695653,0.38178586956521743,0.43796782608695656,0.5957369565217392,0.7425108695652175,0.8003369565217392,0.781958695652174,0.8076065217391305,0.8087456521739131,0.8084130434782609,0.8097434782608697,0.8122869565217391,0.8096652173913044,0.8082391304347827,0.8075652173913045,0.8083108695652175,0.8082456521739131,0.8058913043478262,0.8084565217391305,0.8089413043478262,0.8094913043478261,0.8107260869565218,0.8121021739130435,0.8094565217391304,0.811358695652174,0.8114934782608697,0.8090391304347827,0.8089304347826088,0.808804347826087,0.8077608695652174,0.8061086956521739,0.8060869565217392,0.8088630434782609,0.8099804347826087,0.8071173913043479,0.8131152173913044,0.8105565217391305,0.8091282608695652,0.8125217391304349,0.8074608695652175,0.8094,0.8087108695652174,0.8093891304347827,0.8087391304347827,0.8066304347826087,0.8105369565217392,0.8065760869565217,0.8078282608695653,0.7855152173913044,0.7661260869565218,0.7843630434782609,0.8022956521739131,0.7976065217391305,0.7996217391304348,0.8125391304347827
0.8087000000000001,0.8099782608695654,0.8107021739130436,0.8097782608695653,0.810608695652174,0.811804347826087,0.8078065217391305,0.8083847826086957,0.8088934782608697,0.8065869565217392,0.8067173913043479,0.8080891304347827,0.8095369565217392,0.8101717391304349,0.8043347826086956,0.7466956521739131,0.746258695652174,0.6706456521739131,0.6103000000000001,0.5600326086956523,0.5567043478260869,0.6171673913043478,0.7190869565217392,0.7764304347826088,0.8112,0.8107521739130436,0.8113652173913045,0.8104260869565219,0.8089326086956523,0.8091739130434783,0.8089869565217392,0.8094065217391305,0.8108478260869565,0.809958695652174,0.8086152173913044,0.8071086956521739,0.8079413043478261,0.810404347826087,0.8115565217391305,0.8008413043478261,0.8039652173913044,0.7853826086956521,0.7247347826086957,0.5971434782608696,0.5302108695652173,0.4775347826086956,0.5238652173913044,0.6043260869565218,0.7308239130434784,0.7976978260869566,0.7954847826086957,0.8108347826086958,0.8051695652173914,0.8068282608695653,0.8073043478260871,0.8104913043478261,0.8080369565217391,0.8088326086956522,0.8098695652173914,0.8083239130434783,0.8075000000000001,0.8061304347826088,0.8072934782608696,0.8088282608695653,0.8131891304347827,0.8117717391304349,0.8148260869565217,0.8128217391304348,0.8117434782608697,0.8118282608695653,0.8085956521739132,0.8073478260869565,0.8085869565217392,0.807,0.8055000000000001,0.8066304347826088,0.808608695652174,0.8114239130434783,0.8135369565217392,0.8129934782608697,0.8113000000000001,0.8103760869565219,0.810208695652174,0.8114282608695653,0.8104478260869566,0.8089000000000001,0.8107673913043479,0.8084782608695652,0.8074847826086957,0.8090956521739131,0.8123695652173915,0.8007500000000001,0.7967521739130435,0.7664891304347827,0.7825108695652174,0.7966173913043478,0.7916826086956522,0.7987804347826087,0.8123717391304348
0.8101021739130435,0.811108695652174,0.8098913043478262,0.8085543478260871,0.8103108695652175,0.8106195652173913,0.8085021739130435,0.8079847826086958,0.807695652173913,0.8062021739130436,0.8071086956521739,0.8083913043478262,0.8113478260869565,0.8098521739130435,0.8061652173913044,0.7787565217391305,0.7412717391304349,0.6614000000000001,0.5721782608695652,0.6100152173913044,0.5873826086956522,0.553241304347826,0.7286913043478261,0.785458695652174,0.811163043478261,0.8120565217391305,0.8087500000000001,0.8105434782608696,0.8081478260869566,0.8099021739130435,0.8089152173913043,0.811458695652174,0.8089934782608696,0.8097347826086957,0.8079260869565217,0.808695652173913,0.8080282608695653,0.8103260869565219,0.8066673913043478,0.8060108695652175,0.8116239130434783,0.7830695652173915,0.7064282608695653,0.5987304347826087,0.48181739130434786,0.5017434782608696,0.538208695652174,0.5622652173913044,0.6999369565217392,0.7893195652173913,0.7853413043478261,0.8098326086956522,0.8091086956521739,0.8090869565217392,0.8101021739130435,0.8112326086956522,0.8102391304347827,0.8066217391304349,0.8085369565217392,0.8073391304347827,0.8063760869565219,0.8062391304347827,0.8070652173913044,0.8077239130434783,0.8114956521739131,0.8111282608695652,0.8119304347826087,0.8108413043478262,0.8116065217391305,0.8066913043478262,0.8081152173913044,0.8082717391304348,0.8085869565217392,0.8071521739130435,0.8051956521739131,0.8065000000000001,0.8081739130434783,0.8091978260869567,0.8113195652173915,0.8126369565217392,0.8109434782608697,0.8095260869565217,0.812458695652174,0.8079956521739131,0.8107304347826088,0.8110869565217391,0.8087304347826088,0.8075108695652174,0.8071152173913044,0.8101673913043479,0.8110521739130435,0.8095282608695653,0.8115282608695653,0.7805195652173914,0.782704347826087,0.8040760869565218,0.7673869565217392,0.7733282608695653,0.8117500000000001
0.809258695652174,0.8070282608695653,0.810708695652174,0.8108043478260871,0.8086695652173913,0.8099717391304349,0.8091717391304348,0.8088695652173914,0.8084130434782609,0.8070652173913044,0.8065804347826088,0.8087152173913044,0.8087456521739131,0.8111152173913044,0.7999347826086957,0.7809239130434783,0.6811891304347827,0.6621826086956522,0.623741304347826,0.6125282608695652,0.5920521739130435,0.5713369565217391,0.7031782608695653,0.7708739130434783,0.8058108695652174,0.8073673913043479,0.8079804347826087,0.8095195652173914,0.8107978260869566,0.8098195652173913,0.8113130434782609,0.8083869565217392,0.8089173913043479,0.812004347826087,0.8076521739130436,0.8083913043478261,0.8081304347826087,0.8123260869565218,0.8108152173913045,0.802554347826087,0.8076130434782609,0.7926760869565217,0.7333173913043479,0.6720804347826087,0.5080630434782609,0.5006173913043478,0.5238782608695652,0.5676891304347826,0.7529717391304348,0.7929260869565218,0.785863043478261,0.8075804347826088,0.8087608695652174,0.8081673913043479,0.8094130434782609,0.8104413043478261,0.8088760869565219,0.8089717391304347,0.8109347826086957,0.8083478260869565,0.8065434782608696,0.8061739130434784,0.8064717391304348,0.8082239130434784,0.812963043478261,0.8094739130434784,0.810208695652174,0.8119521739130435,0.8127413043478261,0.8113760869565219,0.8100217391304347,0.8100217391304347,0.8079260869565218,0.8064347826086957,0.8060652173913044,0.8053913043478261,0.8081086956521739,0.809667391304348,0.8110239130434783,0.8084478260869566,0.8132021739130436,0.81,0.8133239130434784,0.8053021739130436,0.8134130434782609,0.8096913043478261,0.8078978260869566,0.8092978260869566,0.8088043478260871,0.8100782608695654,0.8118695652173914,0.8108217391304349,0.7974413043478261,0.7651695652173913,0.792804347826087,0.807954347826087,0.7907891304347826,0.7869413043478262,0.8083847826086957
0.8101347826086958,0.8114413043478262,0.8122282608695653,0.8105369565217392,0.8087152173913044,0.809667391304348,0.808913043478261,0.808804347826087,0.8062652173913044,0.8066521739130436,0.8073913043478261,0.8087608695652174,0.8108608695652175,0.8079608695652174,0.8123413043478261,0.7899521739130435,0.7253108695652174,0.6771217391304348,0.594713043478261,0.6024326086956522,0.5678217391304348,0.5802282608695652,0.7285304347826087,0.7843434782608696,0.8091152173913044,0.8114739130434783,0.8100195652173914,0.8091826086956523,0.8081239130434783,0.8085391304347828,0.8056152173913044,0.8108173913043478,0.8087826086956522,0.8105956521739132,0.8071021739130436,0.8069782608695653,0.8085000000000001,0.810458695652174,0.809558695652174,0.8096413043478262,0.805254347826087,0.7921934782608697,0.719858695652174,0.6350586956521739,0.4689456521739131,0.5021521739130435,0.5452456521739131,0.6555152173913044,0.7329347826086957,0.7862260869565217,0.8006521739130436,0.8074326086956523,0.8078695652173913,0.8091586956521739,0.8081565217391304,0.8114326086956523,0.8097326086956522,0.8085217391304348,0.8091913043478262,0.8079782608695654,0.8070434782608696,0.807,0.8072391304347827,0.8100282608695653,0.8123108695652175,0.8125826086956522,0.8135456521739131,0.8116000000000001,0.8149956521739131,0.8094478260869566,0.8109847826086957,0.8087978260869565,0.8073913043478261,0.8059347826086958,0.8062826086956522,0.8056956521739131,0.8082021739130435,0.8097673913043478,0.810454347826087,0.8123043478260871,0.8105434782608696,0.8091760869565218,0.8111000000000002,0.8090260869565218,0.8121673913043479,0.8121239130434783,0.8087586956521741,0.8080760869565219,0.8075217391304348,0.8104369565217393,0.8116978260869566,0.8033347826086957,0.8057760869565218,0.7279565217391305,0.7721956521739132,0.7959304347826088,0.7948413043478262,0.7883456521739131,0.8076065217391305
0.8085913043478262,0.8090065217391305,0.8116956521739132,0.8105652173913045,0.8085282608695652,0.8105869565217392,0.8102608695652174,0.8103913043478262,0.8089956521739131,0.8067760869565218,0.8063260869565219,0.8086739130434784,0.812163043478261,0.8102717391304348,0.8123239130434784,0.7854000000000001,0.7323391304347827,0.6515847826086957,0.550495652173913,0.6335913043478262,0.5643043478260871,0.6164630434782609,0.7186521739130436,0.7950239130434783,0.8102152173913044,0.8112304347826087,0.8087739130434783,0.8090934782608695,0.8085869565217392,0.809608695652174,0.8123891304347827,0.8073391304347826,0.8086021739130436,0.8081869565217392,0.8083847826086957,0.8060869565217392,0.8104130434782609,0.8070934782608696,0.8096347826086957,0.798267391304348,0.8038847826086957,0.7909152173913044,0.6710369565217392,0.6683391304347827,0.4742747826086957,0.5252891304347828,0.5133478260869565,0.6101478260869566,0.7230456521739131,0.793167391304348,0.7919326086956522,0.8043260869565217,0.8088695652173914,0.8089934782608696,0.8080434782608696,0.8087847826086958,0.8103478260869565,0.8100065217391305,0.8086239130434782,0.8088695652173914,0.806608695652174,0.8062608695652175,0.8069347826086957,0.8108478260869565,0.8121173913043479,0.8121891304347826,0.8122239130434783,0.8139826086956523,0.8122152173913044,0.8098826086956522,0.8091956521739131,0.80845,0.8075673913043478,0.8071739130434783,0.8060434782608695,0.8068260869565218,0.8068521739130435,0.8100739130434783,0.8066130434782609,0.8085217391304348,0.8109304347826087,0.8101,0.8112282608695653,0.8111282608695652,0.8109021739130435,0.8125478260869565,0.8077413043478261,0.8067391304347827,0.8069565217391305,0.8084195652173913,0.8093956521739131,0.8070456521739131,0.7974239130434783,0.7773108695652176,0.7712195652173913,0.8024608695652174,0.7666000000000001,0.7890021739130435,0.8101456521739132
0.81,0.8087978260869565,0.8115456521739131,0.809304347826087,0.8107500000000001,0.8081086956521739,0.8095239130434784,0.8083434782608696,0.8090869565217392,0.8058695652173913,0.8068695652173913,0.8082173913043479,0.8108260869565218,0.8063152173913044,0.8069760869565218,0.7629521739130435,0.7437760869565218,0.6416521739130435,0.6370456521739132,0.5559195652173913,0.5883717391304347,0.628504347826087,0.7015260869565217,0.7793304347826088,0.8078739130434783,0.8085760869565218,0.8095956521739132,0.8099717391304349,0.8088565217391306,0.8098695652173913,0.8108804347826088,0.8097934782608697,0.8094108695652175,0.8094847826086957,0.808845652173913,0.8070217391304348,0.8097760869565218,0.8114043478260871,0.8102934782608697,0.8013282608695653,0.8053869565217392,0.7412434782608697,0.7099695652173914,0.5985347826086957,0.5440413043478262,0.5340847826086956,0.5346065217391305,0.6176760869565218,0.7415282608695654,0.7998913043478262,0.7902478260869565,0.8009304347826088,0.8075217391304348,0.8080065217391305,0.8090652173913044,0.8106000000000001,0.8088326086956522,0.8113043478260871,0.8091739130434783,0.8085000000000001,0.8082673913043479,0.8073260869565219,0.8070869565217392,0.8076152173913044,0.8120717391304348,0.8124869565217393,0.8115804347826088,0.8093695652173913,0.8115478260869566,0.8123695652173915,0.8077804347826087,0.8092391304347827,0.8082391304347827,0.8062760869565219,0.8057173913043478,0.8059565217391305,0.8081434782608696,0.8096652173913044,0.810995652173913,0.8121804347826087,0.810554347826087,0.8092891304347828,0.8068304347826087,0.8110760869565218,0.8081195652173914,0.8109478260869566,0.8091586956521739,0.8079152173913043,0.8072239130434784,0.8087739130434783,0.8106239130434783,0.8142565217391305,0.7976108695652174,0.7775869565217393,0.7862043478260871,0.803113043478261,0.7938195652173914,0.7892978260869566,0.8130391304347827
0.8105934782608696,0.8109500000000001,0.8023434782608697,0.8093260869565219,0.8071608695652174,0.8103217391304348,0.8111521739130435,0.8081086956521739,0.8071739130434783,0.8065434782608696,0.8064565217391304,0.808354347826087,0.8122260869565218,0.8126913043478262,0.8045347826086956,0.7856260869565218,0.7433347826086957,0.6852956521739131,0.588895652173913,0.5755347826086957,0.5658326086956522,0.64025,0.6832913043478261,0.7813434782608696,0.8103391304347828,0.8084239130434783,0.8067934782608696,0.8084000000000001,0.8111217391304348,0.810708695652174,0.8126326086956522,0.8093434782608697,0.8083152173913045,0.8120195652173914,0.8079152173913043,0.8067826086956522,0.8084804347826088,0.8116760869565218,0.8114782608695653,0.8098043478260871,0.8123521739130435,0.7708478260869566,0.7178565217391305,0.5601956521739131,0.4593513043478261,0.4943956521739131,0.5507565217391305,0.5840673913043479,0.7461413043478261,0.7956130434782609,0.7507391304347827,0.8056630434782609,0.8066804347826088,0.8079500000000001,0.8082434782608697,0.8094717391304349,0.8094739130434784,0.8087173913043478,0.8090608695652175,0.8085804347826088,0.8070869565217392,0.8057173913043478,0.8073043478260871,0.8099239130434783,0.8090565217391305,0.8119130434782609,0.8126739130434782,0.8125391304347827,0.8101108695652175,0.8103978260869565,0.8016152173913044,0.807854347826087,0.808158695652174,0.8075000000000001,0.8064782608695653,0.8061521739130435,0.8077978260869565,0.8092608695652175,0.808695652173913,0.8103717391304348,0.8121021739130435,0.8102239130434783,0.8046869565217392,0.8094434782608696,0.8117608695652174,0.8100130434782609,0.8083434782608696,0.8083913043478261,0.8068195652173914,0.8101478260869566,0.811208695652174,0.8067695652173913,0.7949260869565218,0.7772978260869565,0.7816652173913043,0.8039282608695653,0.7734565217391305,0.7983978260869565,0.81375
0.8105065217391304,0.8101673913043479,0.8089956521739131,0.8077326086956522,0.8103478260869565,0.8105652173913045,0.8097173913043478,0.8108043478260871,0.8081,0.8058478260869566,0.8057108695652174,0.8101108695652175,0.8098413043478262,0.8078021739130435,0.8012782608695653,0.7881869565217392,0.7207000000000001,0.6850869565217391,0.6196478260869566,0.5830108695652174,0.5560326086956522,0.6345347826086957,0.6916739130434784,0.7699478260869566,0.808695652173913,0.8131369565217392,0.8113717391304348,0.8076565217391305,0.8108543478260871,0.8115326086956522,0.8089369565217392,0.8102673913043479,0.8088260869565218,0.8083065217391305,0.807804347826087,0.808158695652174,0.8078913043478262,0.8095500000000001,0.8112260869565218,0.8074934782608696,0.8089717391304347,0.7737565217391306,0.7372456521739131,0.6485086956521738,0.49525434782608707,0.47735652173913046,0.54555,0.6338,0.6971021739130435,0.7924586956521741,0.7848565217391305,0.8086304347826088,0.8077826086956522,0.8092695652173914,0.8073847826086956,0.8122391304347827,0.8105217391304348,0.8077826086956522,0.808913043478261,0.807695652173913,0.8070673913043479,0.8062826086956522,0.8083695652173913,0.808608695652174,0.8110239130434783,0.8113630434782608,0.809104347826087,0.8134391304347826,0.8112304347826087,0.8099869565217392,0.8108000000000001,0.8078173913043478,0.8075434782608696,0.8071304347826088,0.8062391304347827,0.8062608695652175,0.80845,0.8098326086956522,0.8095500000000001,0.8093326086956522,0.8096717391304349,0.8087652173913045,0.8114456521739131,0.81325,0.8133521739130435,0.8057869565217392,0.8096304347826088,0.8069782608695653,0.8084108695652175,0.8093152173913044,0.8122826086956523,0.8071608695652174,0.8082478260869566,0.7578304347826087,0.7903478260869566,0.7898739130434783,0.7958130434782609,0.7912543478260871,0.8104608695652175
0.807121739130435,0.8088478260869566,0.8106065217391305,0.8114347826086957,0.8118478260869566,0.808958695652174,0.809913043478261,0.8086521739130436,0.8088260869565218,0.8063913043478261,0.8073260869565219,0.8072565217391304,0.8094478260869566,0.8096717391304349,0.8109260869565218,0.7676195652173913,0.7039608695652174,0.6472760869565218,0.6083065217391305,0.628245652173913,0.5728891304347827,0.5812934782608695,0.7009826086956522,0.7769456521739131,0.8058760869565218,0.8093021739130435,0.8121152173913044,0.8091413043478262,0.808963043478261,0.8094413043478261,0.8113173913043479,0.8112913043478261,0.8101260869565219,0.810717391304348,0.8093978260869565,0.8073760869565219,0.8093695652173913,0.8090608695652175,0.8106978260869566,0.8084673913043479,0.8045695652173913,0.7964130434782609,0.7055456521739131,0.650158695652174,0.4675815217391305,0.4799021739130435,0.5303521739130435,0.5973717391304348,0.7098826086956522,0.7893260869565218,0.7865478260869566,0.8088673913043479,0.8082847826086957,0.8069782608695653,0.8109413043478262,0.811,0.8093913043478262,0.8077391304347827,0.810608695652174,0.8085217391304348,0.8066304347826088,0.8061739130434784,0.8073326086956523,0.8086956521739131,0.810717391304348,0.8102521739130435,0.810513043478261,0.8083195652173913,0.8124304347826088,0.8093891304347827,0.8088978260869566,0.8093978260869565,0.8083260869565219,0.8069782608695653,0.8061086956521739,0.8065217391304348,0.809608695652174,0.809958695652174,0.8072782608695653,0.8134130434782609,0.8107782608695654,0.8093043478260871,0.8098173913043478,0.8131173913043478,0.8103239130434784,0.8112608695652174,0.8076434782608697,0.805854347826087,0.8070065217391305,0.8071195652173914,0.8097673913043479,0.8004347826086957,0.7960760869565218,0.7754847826086958,0.7389782608695653,0.8059760869565218,0.7878456521739131,0.7894891304347826,0.8136652173913044
0.80835,0.8107152173913044,0.8124652173913044,0.8106326086956522,0.8097608695652174,0.8092869565217391,0.8096521739130436,0.8074347826086957,0.8080065217391305,0.8068260869565218,0.8071086956521739,0.8074369565217392,0.8120217391304348,0.8094347826086957,0.8074934782608697,0.775058695652174,0.7365847826086958,0.6542391304347827,0.6668065217391305,0.6338239130434783,0.5884391304347827,0.6010282608695653,0.7295108695652175,0.7881847826086957,0.8078695652173913,0.8112173913043479,0.809954347826087,0.8078804347826087,0.8091217391304348,0.8088369565217391,0.8088695652173913,0.8101891304347827,0.8091760869565218,0.8111586956521739,0.8087173913043479,0.8075217391304348,0.8080152173913044,0.8122239130434783,0.8133478260869565,0.8089673913043479,0.8115021739130436,0.7982326086956523,0.7256347826086957,0.6606739130434784,0.4995652173913044,0.3930010869565218,0.436013695652174,0.5846456521739132,0.7328608695652173,0.7906021739130435,0.774863043478261,0.8094456521739131,0.8082608695652175,0.8077152173913044,0.8096826086956522,0.8115717391304348,0.8098500000000002,0.807695652173913,0.8098630434782609,0.8067673913043478,0.8084565217391305,0.806913043478261,0.8084565217391305,0.8084782608695653,0.8132391304347827,0.8108978260869566,0.8110217391304347,0.8121152173913044,0.8132304347826088,0.8094456521739131,0.8093695652173913,0.8097108695652175,0.8079565217391305,0.8068695652173913,0.8061739130434784,0.8055434782608696,0.8102239130434783,0.811058695652174,0.809854347826087,0.8130521739130435,0.8126847826086956,0.8111413043478262,0.8143369565217392,0.8083891304347827,0.8125891304347828,0.8124304347826088,0.8113260869565218,0.8077391304347827,0.8072608695652175,0.8087456521739131,0.8123152173913044,0.8069934782608696,0.7971804347826087,0.7797456521739131,0.7814369565217393,0.8098804347826087,0.7948369565217392,0.7945891304347826,0.805871739130435
0.8070695652173914,0.8102326086956523,0.8083521739130436,0.8115478260869566,0.8108913043478262,0.8092173913043479,0.8091152173913045,0.810195652173913,0.808608695652174,0.806695652173913,0.806913043478261,0.8084130434782609,0.810695652173913,0.810558695652174,0.7983500000000001,0.789058695652174,0.7013978260869566,0.6353695652173913,0.6145086956521739,0.5822565217391305,0.595445652173913,0.6398260869565218,0.7462086956521738,0.7924239130434784,0.8092652173913044,0.8078478260869566,0.8055869565217393,0.8089478260869566,0.8102826086956522,0.8105065217391304,0.8054434782608697,0.8084565217391304,0.8090413043478262,0.8126891304347826,0.8075152173913045,0.808304347826087,0.8088260869565218,0.8115978260869565,0.8149195652173914,0.8056521739130437,0.8070934782608696,0.7970282608695654,0.7225152173913044,0.610458695652174,0.3977797826086957,0.48221521739130435,0.5168847826086957,0.6236847826086956,0.7423891304347826,0.8039630434782609,0.7884413043478261,0.8090652173913044,0.8083260869565219,0.8075869565217392,0.8087826086956522,0.8105326086956522,0.8105,0.808695652173913,0.8082608695652175,0.8097891304347827,0.806913043478261,0.806913043478261,0.807913043478261,0.807658695652174,0.8114347826086957,0.8098434782608697,0.8116391304347826,0.8123304347826088,0.8138717391304349,0.8106978260869566,0.8006543478260871,0.8080934782608696,0.8067500000000001,0.8068695652173913,0.8056739130434784,0.806413043478261,0.8082608695652175,0.8107413043478261,0.8097195652173914,0.8115239130434784,0.8119065217391306,0.8138543478260871,0.81005,0.8070934782608696,0.8081826086956523,0.8084195652173913,0.808695652173913,0.8073739130434783,0.8071652173913044,0.8093434782608696,0.8115065217391304,0.8063456521739131,0.7998760869565218,0.7794478260869566,0.7858608695652174,0.8077956521739131,0.7883695652173914,0.7870195652173914,0.7960673913043479
0.8089217391304349,0.8111717391304349,0.8101,0.8091913043478262,0.8092826086956522,0.8081021739130435,0.8093586956521739,0.8094782608695653,0.8071804347826087,0.8068478260869566,0.8066521739130436,0.8086304347826088,0.8081782608695653,0.8094021739130436,0.8081869565217393,0.7705934782608697,0.7260065217391305,0.6493260869565217,0.6071978260869566,0.5731108695652174,0.5268130434782609,0.5879282608695653,0.7129239130434782,0.7611978260869565,0.8034000000000001,0.8095869565217392,0.8110326086956522,0.8096521739130436,0.8105217391304348,0.8077913043478262,0.8104478260869566,0.8098630434782609,0.8106717391304349,0.809763043478261,0.8085652173913044,0.8070282608695654,0.8080195652173914,0.8095956521739132,0.8063847826086957,0.8115326086956522,0.809417391304348,0.7848978260869566,0.6992891304347827,0.621254347826087,0.501808695652174,0.4942130434782609,0.538408695652174,0.6354913043478261,0.7086413043478261,0.7885739130434783,0.7716478260869565,0.8069695652173914,0.8084347826086957,0.8076456521739132,0.808695652173913,0.8092434782608697,0.8095065217391304,0.8086739130434784,0.8095565217391305,0.8089782608695654,0.8052108695652175,0.8063478260869565,0.8068260869565218,0.8083891304347827,0.8097586956521741,0.8121065217391304,0.8094717391304349,0.8116391304347826,0.8121326086956522,0.8115282608695653,0.8101282608695652,0.8083478260869565,0.8070782608695652,0.8069934782608696,0.8064347826086957,0.8053913043478261,0.8077239130434783,0.8107500000000001,0.8070565217391306,0.8106978260869566,0.8110826086956522,0.809754347826087,0.809913043478261,0.8071086956521739,0.8115760869565218,0.8094739130434784,0.8101586956521739,0.8075217391304348,0.8071739130434783,0.8105,0.8082739130434784,0.8054956521739132,0.7934326086956524,0.7589521739130435,0.784217391304348,0.7993500000000001,0.7777282608695653,0.7873173913043479,0.8079565217391306
0.8129152173913045,0.8092434782608697,0.8109130434782609,0.8100434782608698,0.8083260869565219,0.8098413043478262,0.8102239130434783,0.8096739130434784,0.8074347826086957,0.8061521739130435,0.8064782608695653,0.8089565217391305,0.8107826086956522,0.8128413043478261,0.8091586956521739,0.791408695652174,0.6955239130434783,0.6818173913043478,0.603817391304348,0.6023630434782609,0.5539217391304347,0.5814695652173913,0.707654347826087,0.7853956521739132,0.807208695652174,0.8109565217391305,0.8112978260869566,0.8085434782608696,0.8095152173913044,0.8113478260869565,0.8045565217391305,0.8091869565217392,0.8090260869565218,0.8101260869565219,0.8091586956521739,0.8070434782608695,0.8054065217391305,0.8098521739130435,0.8097391304347827,0.8084260869565218,0.8039152173913044,0.7849326086956522,0.7318021739130436,0.6206760869565218,0.48741304347826087,0.5272717391304348,0.564154347826087,0.622413043478261,0.7527891304347827,0.7739565217391305,0.7787673913043478,0.808058695652174,0.806408695652174,0.8080369565217391,0.8104869565217392,0.8108695652173914,0.8104630434782609,0.808754347826087,0.8105717391304348,0.8095500000000001,0.8071739130434783,0.8058260869565219,0.8076739130434784,0.8099565217391305,0.8116065217391305,0.8120434782608696,0.8114195652173914,0.8131760869565219,0.8119434782608697,0.8098695652173914,0.810195652173913,0.810013043478261,0.8077173913043478,0.8072173913043479,0.8063478260869565,0.8053413043478261,0.8087608695652174,0.8086021739130436,0.8075804347826089,0.8071152173913044,0.8097478260869566,0.8101391304347826,0.8109826086956523,0.8119847826086957,0.808854347826087,0.8088847826086957,0.8101521739130436,0.8057304347826088,0.808,0.809454347826087,0.806408695652174,0.813717391304348,0.7993239130434784,0.7797456521739131,0.7875195652173913,0.8008782608695653,0.791008695652174,0.8056239130434784,0.8076021739130436
0.8079347826086957,0.808904347826087,0.81105,0.8111282608695652,0.8086804347826086,0.8117760869565217,0.8097304347826088,0.8092826086956522,0.8086739130434784,0.8058913043478261,0.8071956521739131,0.8081956521739131,0.8113434782608695,0.8103282608695652,0.8109978260869567,0.7907586956521739,0.747408695652174,0.7006847826086957,0.6126739130434783,0.5592826086956523,0.5816260869565218,0.6138913043478261,0.6992847826086956,0.7761826086956523,0.810508695652174,0.8084717391304349,0.8109217391304349,0.8088565217391306,0.8061173913043479,0.8093456521739132,0.8106282608695652,0.8111760869565219,0.8092347826086957,0.8092021739130435,0.8073760869565217,0.8075652173913044,0.808408695652174,0.8099152173913043,0.809558695652174,0.8119739130434783,0.8094130434782609,0.7772869565217392,0.7308239130434784,0.6550391304347827,0.5024869565217392,0.4580978260869566,0.5287499999999999,0.6498717391304348,0.7413782608695653,0.7855500000000001,0.7861456521739131,0.8107195652173913,0.8084565217391304,0.8074130434782609,0.8087826086956522,0.8112478260869567,0.8079695652173914,0.807958695652174,0.8097760869565218,0.8087434782608697,0.8064717391304348,0.8061739130434784,0.806963043478261,0.8089782608695654,0.8090282608695653,0.8110630434782609,0.8121434782608695,0.8105934782608697,0.8105173913043479,0.8066434782608697,0.8099891304347827,0.8100282608695653,0.8067173913043479,0.8080652173913043,0.805391304347826,0.8054782608695652,0.8047717391304349,0.8113065217391304,0.8098108695652174,0.8127695652173914,0.8107500000000001,0.8103500000000001,0.8091586956521739,0.8098282608695652,0.8044608695652175,0.811654347826087,0.8106891304347826,0.8087826086956522,0.8078760869565218,0.8107108695652174,0.8090913043478262,0.8030413043478262,0.7973391304347827,0.7697326086956523,0.7718195652173914,0.801604347826087,0.7789804347826087,0.7925717391304349,0.8095152173913044
0.8098260869565218,0.809808695652174,0.8114804347826088,0.8096521739130436,0.8102565217391304,0.810704347826087,0.8065434782608696,0.8069434782608697,0.8074347826086957,0.8062608695652175,0.8067826086956522,0.8068108695652175,0.8121543478260871,0.8071152173913044,0.7971391304347826,0.7789282608695653,0.7283304347826087,0.6789239130434783,0.639945652173913,0.5471804347826088,0.5624673913043479,0.5836565217391305,0.735013043478261,0.7887304347826088,0.8129500000000001,0.8102739130434784,0.808654347826087,0.8075934782608696,0.8080282608695653,0.8057630434782609,0.8088695652173914,0.8117000000000001,0.8081434782608696,0.8101956521739131,0.8095434782608696,0.8070239130434783,0.808,0.8105521739130436,0.8091391304347826,0.8084804347826088,0.8027521739130435,0.7803391304347826,0.7140413043478261,0.6220695652173913,0.5217391304347826,0.4887108695652175,0.5839891304347826,0.6284869565217392,0.7395260869565218,0.7908282608695653,0.7953347826086957,0.8104282608695653,0.8094565217391304,0.8062826086956522,0.809695652173913,0.8106021739130436,0.8101521739130436,0.8101304347826088,0.8108695652173914,0.8084130434782609,0.8072391304347827,0.8061304347826087,0.8080652173913044,0.8090217391304348,0.8113978260869565,0.8113456521739131,0.8101956521739131,0.8101673913043479,0.8122021739130436,0.8114152173913044,0.8102152173913044,0.8080869565217392,0.8065717391304349,0.8066739130434784,0.805913043478261,0.805354347826087,0.8079369565217391,0.8103000000000001,0.8089195652173913,0.8096434782608696,0.8093847826086957,0.8083021739130435,0.8109826086956523,0.8104369565217392,0.8075695652173913,0.8103043478260871,0.809,0.8077304347826088,0.8069565217391306,0.8104695652173913,0.8099608695652175,0.8067152173913044,0.8005978260869566,0.778704347826087,0.7794500000000001,0.8085500000000001,0.789204347826087,0.7941456521739131,0.8003456521739131
0.8077456521739131,0.8089413043478262,0.8105260869565217,0.8102869565217391,0.8116565217391305,0.8091065217391306,0.8082369565217391,0.8079782608695654,0.8081739130434783,0.8060000000000002,0.8062391304347827,0.807804347826087,0.8079217391304349,0.800508695652174,0.8069434782608695,0.7637913043478262,0.6952,0.6717782608695653,0.6534608695652174,0.5806130434782609,0.6242130434782609,0.5647304347826088,0.6864260869565219,0.7711565217391305,0.8110434782608698,0.80925,0.8116413043478262,0.8094239130434783,0.8114630434782609,0.8103586956521739,0.8094282608695653,0.8123456521739131,0.807658695652174,0.8115717391304348,0.8062456521739131,0.807,0.8083065217391305,0.8115434782608697,0.8080239130434783,0.8107978260869566,0.8029434782608696,0.779558695652174,0.7211804347826087,0.6060173913043478,0.49746956521739133,0.5137956521739131,0.5543065217391304,0.6284173913043478,0.7357173913043479,0.756263043478261,0.7883934782608697,0.808408695652174,0.8077391304347827,0.8079500000000001,0.8067391304347827,0.8129369565217393,0.809804347826087,0.8078760869565218,0.808658695652174,0.8070652173913044,0.8077608695652174,0.8063695652173913,0.8065869565217392,0.8073978260869566,0.8113978260869565,0.8090347826086958,0.809604347826087,0.8110260869565218,0.8137847826086957,0.8065456521739132,0.808441304347826,0.8109913043478261,0.8065152173913045,0.8054130434782609,0.8059347826086958,0.806608695652174,0.8082391304347827,0.810954347826087,0.8110673913043478,0.8104847826086957,0.8095000000000001,0.8126260869565218,0.8126913043478261,0.8021695652173914,0.8089,0.808113043478261,0.8083673913043479,0.8092826086956523,0.806354347826087,0.8063086956521739,0.8131826086956522,0.8075130434782609,0.7963826086956522,0.7885717391304349,0.7803847826086957,0.800517391304348,0.7797195652173914,0.8015282608695653,0.8090717391304348
0.810208695652174,0.8094956521739131,0.8085804347826088,0.8087630434782609,0.8082239130434784,0.8082173913043479,0.8106456521739132,0.809163043478261,0.8084195652173913,0.8060434782608695,0.806413043478261,0.8067217391304348,0.8110413043478261,0.8146152173913044,0.8103934782608696,0.7905260869565218,0.7540413043478261,0.7019130434782609,0.6300760869565217,0.6136456521739131,0.5627978260869566,0.6322456521739132,0.6969586956521739,0.7935000000000001,0.8089934782608696,0.8100478260869566,0.8100260869565218,0.809063043478261,0.8099217391304349,0.809304347826087,0.8106478260869566,0.8042173913043479,0.8113804347826087,0.8104065217391305,0.8084347826086957,0.8070934782608696,0.8062673913043479,0.8112326086956523,0.8126565217391305,0.8027195652173914,0.8056108695652174,0.785763043478261,0.7168760869565217,0.6210304347826087,0.5013826086956522,0.5183913043478261,0.5498934782608697,0.6461739130434784,0.7540413043478261,0.7939391304347827,0.7962847826086957,0.8098326086956522,0.8079782608695653,0.8084565217391304,0.8079000000000001,0.8093456521739132,0.809417391304348,0.8091065217391306,0.809608695652174,0.8080652173913043,0.8063043478260871,0.8063695652173913,0.8085652173913045,0.809217391304348,0.812108695652174,0.8103543478260871,0.8124608695652175,0.8128021739130435,0.8125065217391305,0.8094195652173913,0.8113891304347826,0.8086239130434782,0.8079260869565217,0.8063478260869565,0.806804347826087,0.8055000000000001,0.8076304347826088,0.8096565217391305,0.8109782608695653,0.810854347826087,0.8065434782608696,0.8094956521739131,0.8115347826086957,0.8101891304347827,0.8089673913043479,0.8119413043478261,0.8082413043478262,0.8066891304347827,0.8081521739130436,0.8070630434782609,0.8074956521739131,0.8109978260869567,0.7974760869565218,0.7418021739130435,0.7689521739130436,0.806404347826087,0.7831195652173913,0.7648130434782608,0.7656152173913043
0.8105021739130436,0.8097282608695653,0.8088782608695653,0.8096978260869566,0.8084130434782609,0.8098956521739131,0.808258695652174,0.809695652173913,0.8094108695652175,0.8058260869565219,0.8073695652173913,0.8095217391304348,0.8089652173913043,0.8130804347826087,0.7925195652173913,0.7781804347826087,0.7147978260869565,0.6580195652173914,0.6045369565217392,0.47197000000000006,0.5539369565217391,0.625104347826087,0.7171369565217391,0.777395652173913,0.8054326086956523,0.8105152173913044,0.810508695652174,0.8078478260869566,0.8086521739130436,0.8111956521739131,0.8136347826086958,0.8103695652173913,0.8104,0.8108782608695653,0.8067826086956522,0.8073043478260871,0.809608695652174,0.8112760869565218,0.8097934782608697,0.8084260869565217,0.8065108695652174,0.7828456521739131,0.7136652173913044,0.6745369565217393,0.48375217391304354,0.522413043478261,0.5688130434782609,0.560358695652174,0.7078826086956522,0.7794608695652174,0.7698413043478262,0.8081478260869566,0.807645652173913,0.8064021739130435,0.8093456521739132,0.8119673913043479,0.8097239130434783,0.8089739130434783,0.8091369565217392,0.8091239130434783,0.8061086956521739,0.8069347826086957,0.8069565217391305,0.8091217391304348,0.811213043478261,0.8094934782608697,0.8113826086956523,0.8073956521739132,0.8109500000000001,0.8094130434782609,0.8105217391304349,0.8094739130434784,0.8077326086956522,0.806804347826087,0.8055000000000001,0.8058326086956522,0.809695652173913,0.8071152173913044,0.8121043478260871,0.8074282608695653,0.8074347826086957,0.8095891304347826,0.8113717391304348,0.8100978260869566,0.8117891304347827,0.8095500000000001,0.808113043478261,0.8069782608695654,0.8072239130434784,0.812108695652174,0.8096000000000001,0.8101021739130435,0.7800891304347827,0.7870978260869566,0.7804695652173914,0.7972130434782609,0.7993521739130436,0.7829043478260871,0.8105217391304348
0.8094347826086957,0.8083739130434783,0.81115,0.8081521739130435,0.8112173913043479,0.8092826086956522,0.8095760869565218,0.8086521739130436,0.8098260869565218,0.8064478260869566,0.8067826086956522,0.8072413043478261,0.8076934782608697,0.8118652173913045,0.8045869565217393,0.7815673913043478,0.7259304347826088,0.6807065217391305,0.5773108695652174,0.6222000000000001,0.5991673913043479,0.5907413043478261,0.6766521739130436,0.7842391304347827,0.8107282608695653,0.8126717391304349,0.8109347826086957,0.8101739130434783,0.8093391304347827,0.8092978260869566,0.8028195652173913,0.8094021739130436,0.8086913043478261,0.8109586956521739,0.8109195652173913,0.8066673913043478,0.8073108695652175,0.8115760869565218,0.8133456521739131,0.8118782608695653,0.7993260869565217,0.77995,0.7105304347826088,0.6425869565217391,0.46480913043478267,0.5444717391304349,0.565913043478261,0.6283260869565218,0.7368391304347826,0.7964847826086957,0.7806826086956523,0.7979717391304348,0.8061456521739131,0.8074782608695653,0.8105434782608697,0.8093304347826088,0.8106956521739132,0.8095869565217392,0.8119565217391305,0.8082391304347827,0.8052326086956522,0.8059347826086958,0.8082608695652175,0.8088239130434783,0.8102934782608696,0.8101760869565218,0.81205,0.8103326086956522,0.8161260869565218,0.8107586956521741,0.8108934782608695,0.8097304347826088,0.808213043478261,0.8070434782608696,0.8059565217391305,0.8069565217391306,0.8087282608695654,0.8104065217391305,0.8120521739130435,0.8108173913043478,0.8104304347826088,0.8127108695652175,0.8066608695652174,0.8099869565217392,0.8115521739130435,0.809708695652174,0.8079413043478262,0.8072847826086957,0.8064347826086957,0.8101739130434783,0.8139108695652175,0.8106630434782609,0.8073369565217392,0.7789543478260871,0.7704282608695653,0.79395,0.7596130434782609,0.7922,0.8089282608695653
0.8090652173913044,0.8100608695652175,0.8113173913043479,0.8098108695652174,0.8099913043478262,0.8094717391304349,0.8084304347826087,0.8111108695652175,0.807,0.8060652173913044,0.8061304347826087,0.8080652173913043,0.8112739130434784,0.8093652173913045,0.8052847826086957,0.7900326086956523,0.7237695652173914,0.6802847826086957,0.6257695652173914,0.6374195652173913,0.5987217391304348,0.6143934782608695,0.7006304347826088,0.7536434782608696,0.810154347826087,0.810813043478261,0.8072,0.805141304347826,0.8085717391304349,0.8094760869565217,0.8122260869565218,0.8090608695652175,0.8114065217391305,0.8082978260869567,0.8093326086956522,0.8073260869565219,0.809754347826087,0.8100826086956522,0.8087413043478261,0.8044,0.8078369565217393,0.7762326086956521,0.6934869565217391,0.6058782608695653,0.5642739130434782,0.4942717391304348,0.5206326086956523,0.5755065217391305,0.7380478260869565,0.7839195652173914,0.7616326086956522,0.8095847826086957,0.8075869565217392,0.8076217391304349,0.8086130434782609,0.8114804347826087,0.8093913043478262,0.8083304347826087,0.8086152173913044,0.8079847826086958,0.8072826086956522,0.8058043478260869,0.8067826086956522,0.8096521739130436,0.8117956521739131,0.8112695652173914,0.8117717391304349,0.81025,0.8152173913043479,0.8083239130434784,0.8078195652173914,0.8106086956521739,0.8071956521739131,0.8068913043478262,0.8057608695652175,0.805913043478261,0.806417391304348,0.8082826086956523,0.8098021739130435,0.8086608695652174,0.8100304347826087,0.809208695652174,0.811404347826087,0.8098021739130435,0.8101413043478262,0.8120065217391305,0.8081826086956523,0.8062434782608696,0.8075217391304348,0.8099347826086957,0.8122891304347827,0.8077456521739131,0.8041456521739131,0.7707434782608696,0.7711217391304348,0.789204347826087,0.7861043478260871,0.78935,0.8068108695652175
0.8099565217391305,0.8097891304347826,0.8091260869565219,0.8087434782608696,0.8107108695652174,0.808,0.8092565217391304,0.8090804347826088,0.8076152173913044,0.8078260869565218,0.806695652173913,0.8071891304347827,0.8107608695652174,0.802308695652174,0.8048978260869566,0.7839282608695652,0.7519608695652173,0.6269630434782609,0.6040195652173914,0.592095652173913,0.5751826086956522,0.5777434782608696,0.7205282608695652,0.781008695652174,0.8096282608695653,0.8101260869565219,0.8115065217391305,0.8073760869565219,0.8090478260869565,0.8085239130434783,0.8114434782608696,0.8088413043478262,0.8091586956521739,0.8098043478260871,0.8084304347826088,0.8071521739130435,0.8088043478260871,0.8090608695652175,0.8105673913043479,0.8132847826086957,0.7996413043478261,0.7730565217391305,0.6791108695652175,0.632204347826087,0.4924913043478261,0.4693869565217392,0.4939239130434783,0.628558695652174,0.6925195652173913,0.778958695652174,0.7934239130434784,0.8030195652173913,0.807654347826087,0.8068521739130435,0.8094717391304348,0.8106065217391305,0.8104913043478261,0.8085673913043478,0.8077021739130436,0.8083260869565219,0.808417391304348,0.8060652173913044,0.8070652173913044,0.8090652173913044,0.8109108695652175,0.8098652173913045,0.8086608695652174,0.8135217391304348,0.8139478260869566,0.8104695652173913,0.8108282608695653,0.8086934782608697,0.8095608695652174,0.8065500000000001,0.8051739130434784,0.8050652173913044,0.8077521739130434,0.8113108695652175,0.8059826086956522,0.8101826086956523,0.8067217391304348,0.8099913043478261,0.8108195652173914,0.8111956521739131,0.8093913043478261,0.8091978260869567,0.8102239130434783,0.8083478260869565,0.807,0.809913043478261,0.8127978260869566,0.8101173913043479,0.7984608695652174,0.7451760869565218,0.7773108695652176,0.8040891304347827,0.7887956521739131,0.7917021739130434,0.8008652173913045
0.8099391304347826,0.8097282608695653,0.8108369565217391,0.8113913043478261,0.8109413043478262,0.8103391304347827,0.8096956521739131,0.8093978260869565,0.8079195652173914,0.8068260869565218,0.8068260869565218,0.8099804347826087,0.8114065217391305,0.8118152173913045,0.805467391304348,0.7979847826086957,0.749713043478261,0.6645847826086957,0.6523869565217392,0.5641478260869566,0.5750673913043479,0.6023804347826087,0.7227934782608696,0.7822739130434784,0.8114826086956523,0.8122217391304349,0.8100760869565218,0.8098434782608696,0.8078869565217393,0.8094434782608696,0.809913043478261,0.8095260869565217,0.8109347826086957,0.8099108695652174,0.8075000000000001,0.8084347826086957,0.8091304347826087,0.8092239130434784,0.8083347826086957,0.8056565217391304,0.8021652173913044,0.7917000000000001,0.732304347826087,0.6068000000000001,0.46001782608695657,0.45476956521739137,0.5549478260869566,0.6158978260869565,0.7634608695652174,0.7910413043478262,0.7834413043478262,0.8098565217391305,0.8082369565217391,0.8087173913043478,0.8116152173913045,0.8119782608695653,0.8103478260869565,0.8092826086956522,0.8089652173913043,0.8093847826086957,0.807913043478261,0.8062826086956522,0.8070217391304348,0.808608695652174,0.8107391304347826,0.8121760869565219,0.8123608695652175,0.8153826086956522,0.8141586956521739,0.8121978260869566,0.8083173913043479,0.8092021739130436,0.8069369565217391,0.8066304347826087,0.8059347826086958,0.8060000000000002,0.8085456521739132,0.8103391304347827,0.8106782608695653,0.8082673913043479,0.8113500000000001,0.8115021739130436,0.8079369565217391,0.8126978260869566,0.8108760869565218,0.8097021739130436,0.8096304347826088,0.8075152173913045,0.8068913043478262,0.8100217391304347,0.8124326086956523,0.8053,0.7913695652173913,0.766913043478261,0.7475826086956523,0.7739391304347828,0.7900434782608696,0.7852521739130436,0.8068043478260869
0.811745652173913,0.8067565217391305,0.8100717391304348,0.8107347826086957,0.8083152173913045,0.8095347826086957,0.8087391304347827,0.8096739130434784,0.8081304347826088,0.8064782608695653,0.8060652173913044,0.8082847826086957,0.810241304347826,0.812517391304348,0.8051891304347827,0.7729456521739132,0.725054347826087,0.6530478260869566,0.6088347826086957,0.5922000000000001,0.6377239130434783,0.5843195652173914,0.6908369565217393,0.7729108695652175,0.8136847826086957,0.8102913043478261,0.8116282608695652,0.8099065217391306,0.8082543478260871,0.8096608695652174,0.8128956521739131,0.8109760869565218,0.8100413043478262,0.8103847826086957,0.8090021739130435,0.8077826086956522,0.8103239130434783,0.8098891304347826,0.8091043478260871,0.8100173913043479,0.8044304347826088,0.7865891304347827,0.7070239130434783,0.6046260869565219,0.482754347826087,0.48555434782608703,0.5725065217391305,0.5811000000000001,0.675613043478261,0.7844695652173913,0.7764391304347827,0.8099413043478262,0.8087108695652174,0.8068500000000001,0.8093043478260871,0.8104304347826087,0.8067391304347826,0.8094065217391305,0.8083782608695653,0.8082173913043479,0.8083695652173913,0.8065000000000001,0.8080434782608695,0.8080434782608696,0.8121239130434783,0.8102304347826087,0.8121130434782609,0.8087173913043479,0.8115173913043479,0.8043239130434783,0.8097695652173914,0.8074391304347827,0.8083543478260871,0.8075000000000001,0.8056739130434784,0.8064782608695653,0.8088652173913045,0.8093369565217392,0.8104956521739131,0.8094456521739131,0.8122282608695653,0.8097434782608697,0.8079369565217391,0.8096565217391305,0.8081304347826088,0.8096347826086957,0.8108413043478262,0.8075695652173913,0.8066108695652174,0.8070717391304348,0.8088369565217391,0.8079739130434783,0.8065869565217392,0.7704521739130435,0.7840608695652175,0.8055956521739132,0.7917782608695653,0.8002304347826088,0.8042891304347826
0.8093826086956523,0.8095369565217392,0.8107608695652174,0.812213043478261,0.807554347826087,0.8082934782608696,0.810258695652174,0.8088217391304349,0.810217391304348,0.8060217391304348,0.8081521739130436,0.807913043478261,0.8107826086956522,0.8107891304347827,0.8026826086956522,0.8011695652173915,0.729817391304348,0.6659347826086957,0.6377195652173914,0.5608782608695654,0.5686369565217392,0.5903478260869566,0.7208239130434783,0.7656326086956523,0.8103369565217392,0.8111021739130435,0.807408695652174,0.807963043478261,0.809913043478261,0.8098630434782609,0.8127282608695653,0.8110956521739131,0.8090413043478262,0.8088913043478262,0.8092391304347827,0.8075282608695653,0.8081956521739131,0.811508695652174,0.8121239130434783,0.8047478260869565,0.7995717391304348,0.7701760869565218,0.7160021739130435,0.6212065217391305,0.5063869565217392,0.47390217391304346,0.5434304347826087,0.61145,0.7475565217391306,0.7965347826086957,0.7887456521739131,0.8120021739130436,0.8077608695652174,0.8088913043478262,0.8067891304347827,0.8109478260869566,0.8097173913043478,0.8090652173913044,0.8105369565217392,0.8070804347826088,0.806695652173913,0.8067173913043478,0.8068695652173913,0.8080152173913044,0.8098043478260871,0.809708695652174,0.8099260869565218,0.8151304347826087,0.8134065217391305,0.8090043478260871,0.8094369565217392,0.8098695652173914,0.8082152173913044,0.8072173913043479,0.8058043478260869,0.806695652173913,0.8115434782608696,0.8110369565217391,0.8114369565217392,0.8117152173913044,0.8088130434782609,0.8128456521739131,0.8114608695652175,0.8119239130434783,0.8114891304347827,0.8082239130434784,0.8093195652173913,0.8088043478260871,0.8069173913043479,0.8097673913043479,0.8114456521739131,0.806208695652174,0.7906304347826087,0.7642413043478261,0.793417391304348,0.8035869565217393,0.7435608695652174,0.7911760869565218,0.8044304347826088
0.8109456521739131,0.8077021739130436,0.8116891304347826,0.8112608695652174,0.8094065217391305,0.8088326086956522,0.8095282608695653,0.8078630434782609,0.808408695652174,0.8064565217391304,0.8068478260869566,0.8103000000000001,0.8108760869565218,0.8093652173913045,0.8077804347826087,0.7806217391304349,0.7515956521739131,0.637663043478261,0.5851760869565218,0.5932956521739131,0.5531695652173914,0.6105108695652174,0.6603065217391305,0.7591,0.8114021739130436,0.8096260869565218,0.8107673913043479,0.8075869565217392,0.8089782608695653,0.8116260869565218,0.8102391304347827,0.8127804347826088,0.8087978260869565,0.8101152173913044,0.8094065217391305,0.8077608695652174,0.809558695652174,0.810467391304348,0.8099173913043479,0.805645652173913,0.80815,0.7803326086956522,0.7157782608695653,0.6646521739130435,0.4983478260869565,0.48090652173913045,0.5352717391304348,0.5771173913043479,0.7044847826086957,0.7882043478260871,0.773304347826087,0.8099500000000001,0.8058695652173913,0.8087608695652174,0.8089500000000001,0.8101304347826088,0.810604347826087,0.8077673913043478,0.8086304347826088,0.8070369565217392,0.8083260869565219,0.807608695652174,0.8073043478260871,0.8107826086956522,0.8133978260869565,0.80965,0.8084282608695653,0.8118934782608695,0.8088543478260869,0.8095760869565218,0.8088695652173914,0.8103195652173915,0.8087391304347827,0.8065000000000001,0.8061086956521739,0.8060000000000002,0.8069565217391305,0.8108760869565218,0.8106891304347826,0.8116500000000001,0.8085521739130435,0.8043804347826087,0.8101586956521739,0.8117195652173913,0.8104108695652175,0.8097304347826088,0.8102608695652174,0.8083913043478261,0.8068913043478262,0.8096521739130436,0.8112108695652175,0.8070108695652175,0.8001673913043479,0.7624673913043478,0.7595108695652174,0.7984173913043479,0.7945086956521741,0.7941869565217392,0.8062173913043478
0.8080173913043479,0.81005,0.8097826086956522,0.8103195652173915,0.8067500000000001,0.8099347826086957,0.809058695652174,0.8090434782608696,0.808,0.8075217391304348,0.8068478260869566,0.8090652173913044,0.8109717391304349,0.8124130434782609,0.8004652173913044,0.778963043478261,0.7565695652173914,0.6803608695652175,0.6409456521739131,0.5911478260869566,0.5869000000000001,0.6208500000000001,0.6980260869565218,0.7480695652173913,0.8106130434782609,0.8101717391304348,0.811258695652174,0.8074847826086957,0.8089608695652174,0.8111717391304349,0.8117652173913044,0.8122456521739131,0.8121152173913044,0.8095130434782609,0.8097391304347827,0.8066739130434784,0.8064565217391304,0.8097739130434783,0.8118717391304349,0.8051760869565218,0.806913043478261,0.7855913043478261,0.730854347826087,0.6446956521739131,0.5666434782608696,0.4359558695652174,0.51975,0.6110065217391304,0.7298913043478261,0.7983804347826088,0.8045760869565218,0.8078478260869566,0.808,0.8082826086956522,0.8103260869565219,0.8122391304347827,0.810645652173913,0.8087630434782609,0.8098978260869566,0.8083478260869565,0.8066304347826088,0.8069847826086958,0.8078695652173913,0.8091652173913043,0.8094913043478261,0.8117608695652175,0.8095608695652174,0.8135782608695653,0.8048239130434783,0.8048391304347826,0.8115608695652174,0.8098760869565218,0.8082173913043479,0.8063260869565217,0.8048260869565218,0.8062173913043478,0.8082065217391304,0.8090021739130435,0.8095304347826088,0.8089521739130436,0.8098478260869566,0.8097804347826087,0.8139978260869566,0.8103521739130435,0.8101565217391306,0.8062478260869567,0.8095847826086958,0.8081521739130436,0.8070804347826087,0.8086804347826086,0.807904347826087,0.8095239130434784,0.7902043478260871,0.7350565217391305,0.7613891304347827,0.7957434782608697,0.776813043478261,0.7825086956521741,0.8097782608695654
0.8100891304347827,0.8083282608695652,0.8107913043478261,0.8127195652173913,0.8108782608695653,0.8092673913043479,0.8099717391304349,0.809,0.808913043478261,0.8064782608695653,0.806608695652174,0.8080065217391305,0.8120326086956522,0.8109391304347826,0.8106782608695653,0.7841304347826088,0.7288304347826088,0.6782173913043479,0.6378413043478262,0.5759760869565218,0.5295282608695653,0.6005304347826087,0.722995652173913,0.7837521739130435,0.8148673913043479,0.811467391304348,0.8128304347826087,0.8098326086956522,0.8096152173913044,0.811258695652174,0.8100608695652175,0.8092413043478262,0.8100782608695654,0.8107173913043478,0.8100021739130435,0.8071521739130435,0.8093043478260871,0.8075500000000001,0.8108391304347826,0.8014173913043479,0.8074065217391305,0.7622413043478261,0.7106108695652175,0.6385065217391305,0.4839152173913044,0.48889130434782613,0.5312717391304348,0.6130065217391305,0.7405652173913044,0.7944239130434784,0.7938521739130435,0.8088130434782609,0.8065195652173913,0.8084565217391305,0.8088630434782609,0.8095260869565217,0.81005,0.8104891304347827,0.8118913043478262,0.808695652173913,0.8078478260869566,0.8069021739130435,0.8071304347826088,0.8094913043478261,0.8147282608695653,0.8121065217391304,0.8083978260869567,0.8119717391304349,0.8114760869565218,0.8082652173913044,0.8097739130434783,0.8090869565217392,0.8077130434782609,0.8070869565217392,0.8057608695652175,0.8062608695652175,0.8083913043478262,0.8093739130434784,0.8140173913043478,0.8058978260869566,0.8105304347826088,0.8101260869565219,0.8106021739130436,0.8087282608695654,0.8102195652173914,0.8078978260869566,0.8086869565217393,0.8078021739130435,0.8069565217391305,0.8095434782608696,0.8122369565217392,0.8103000000000001,0.8001739130434783,0.7783086956521739,0.7428173913043479,0.8041326086956523,0.7952413043478261,0.7884391304347826,0.8038978260869567
0.8095239130434784,0.8108913043478262,0.8090282608695653,0.8104413043478261,0.808754347826087,0.810945652173913,0.8083260869565219,0.8076934782608697,0.8073913043478261,0.8058260869565218,0.8060152173913043,0.8081804347826087,0.810204347826087,0.811241304347826,0.7965869565217392,0.7806152173913045,0.7385456521739131,0.6480065217391305,0.62825,0.6070913043478262,0.5601282608695652,0.6346565217391306,0.7229434782608697,0.7371978260869566,0.8073369565217392,0.8091239130434783,0.8118673913043478,0.8098695652173914,0.8085304347826088,0.8104804347826087,0.8145369565217393,0.8104260869565217,0.8114391304347827,0.8096282608695653,0.8085152173913044,0.8087391304347827,0.8076521739130436,0.8111021739130435,0.8105326086956522,0.8105326086956522,0.808454347826087,0.7654739130434783,0.7431978260869566,0.6241478260869566,0.49563478260869565,0.4899260869565218,0.5751717391304348,0.6085326086956522,0.7111586956521739,0.7967913043478261,0.7917673913043478,0.8062652173913044,0.8091304347826087,0.8084347826086957,0.8098500000000001,0.8121956521739131,0.8093695652173913,0.8077391304347827,0.809,0.8092391304347827,0.8076521739130436,0.8064630434782609,0.8076695652173913,0.8088978260869566,0.8117108695652174,0.8096021739130436,0.8118760869565218,0.8139673913043479,0.8126869565217392,0.8076239130434782,0.808191304347826,0.8092195652173914,0.8070521739130435,0.8068260869565218,0.8064347826086957,0.8057826086956522,0.807167391304348,0.8099195652173913,0.8133413043478261,0.8133630434782609,0.8100869565217392,0.8123760869565219,0.8096826086956522,0.8086891304347826,0.8065369565217392,0.8093717391304349,0.8101239130434783,0.8083913043478261,0.8087739130434783,0.808967391304348,0.8081326086956523,0.8023760869565217,0.7977804347826087,0.7402913043478261,0.7873347826086957,0.8051739130434784,0.7758108695652174,0.7989304347826088,0.8110760869565218
0.8080956521739132,0.8107391304347826,0.81005,0.8101586956521739,0.8088521739130435,0.8095282608695653,0.8091304347826087,0.8096326086956522,0.8079934782608698,0.8062173913043478,0.8070869565217392,0.8080434782608695,0.8086760869565218,0.8091282608695652,0.8058413043478262,0.7832652173913044,0.7031304347826087,0.6430630434782609,0.6189260869565217,0.6161282608695653,0.5944369565217392,0.6067195652173915,0.7121652173913045,0.7605456521739131,0.8115891304347826,0.8112608695652174,0.8133434782608696,0.8083630434782609,0.8085869565217392,0.8079717391304349,0.8100434782608696,0.8109695652173914,0.8079934782608696,0.8099326086956523,0.8080065217391305,0.8071304347826088,0.808608695652174,0.8091717391304349,0.8086195652173913,0.7742217391304348,0.8067282608695653,0.7751500000000001,0.7143521739130435,0.6673565217391305,0.47064782608695654,0.5106326086956522,0.5680391304347827,0.6420782608695652,0.7394217391304349,0.7960217391304348,0.786904347826087,0.8083369565217392,0.809304347826087,0.806113043478261,0.8091760869565218,0.8126804347826089,0.8077086956521741,0.8074630434782609,0.8099021739130435,0.8066804347826088,0.8066304347826087,0.8069782608695653,0.8070608695652175,0.8095347826086957,0.8102826086956522,0.8104739130434784,0.8114282608695653,0.8140695652173914,0.8113456521739131,0.8099391304347826,0.8098000000000001,0.803013043478261,0.8075652173913044,0.8066304347826087,0.8060869565217392,0.8057173913043478,0.8056652173913044,0.8067847826086957,0.8073282608695652,0.8072195652173914,0.8080500000000002,0.8111195652173915,0.8107282608695653,0.8096065217391305,0.8093304347826088,0.8114239130434783,0.8080391304347827,0.809,0.8078913043478262,0.8110826086956523,0.8117673913043479,0.8025108695652174,0.7942826086956521,0.749404347826087,0.7542413043478262,0.7992086956521739,0.7956347826086956,0.7931717391304348,0.8080021739130435
0.8103108695652175,0.8092326086956523,0.8106652173913044,0.8121173913043479,0.8101869565217392,0.8098478260869566,0.8077673913043478,0.8067130434782609,0.8088478260869566,0.8060434782608695,0.8059847826086958,0.8088913043478261,0.8093695652173913,0.814054347826087,0.8076391304347826,0.7800673913043479,0.7471260869565217,0.6811065217391306,0.6098782608695652,0.5757478260869565,0.5498347826086958,0.5920543478260869,0.7085891304347826,0.7818913043478262,0.810554347826087,0.8112478260869567,0.8124,0.8103478260869565,0.8088739130434783,0.8087434782608697,0.8110891304347827,0.8090804347826088,0.8100695652173915,0.811354347826087,0.8075717391304349,0.8075630434782609,0.8094347826086957,0.8121652173913044,0.8111434782608696,0.8093695652173913,0.8079869565217392,0.7717521739130436,0.7012695652173914,0.6588326086956523,0.48798695652173923,0.48427391304347833,0.5001065217391305,0.593404347826087,0.6808804347826087,0.7889195652173914,0.7920239130434782,0.8097978260869566,0.8079413043478261,0.8085456521739132,0.8077413043478261,0.8108434782608697,0.8102956521739131,0.8095869565217392,0.8106369565217392,0.807913043478261,0.8061956521739131,0.8062826086956522,0.8066739130434784,0.8082891304347827,0.8101282608695652,0.8101347826086958,0.811804347826087,0.8126108695652174,0.813013043478261,0.8098891304347826,0.8114065217391305,0.8089934782608696,0.8084478260869566,0.8065652173913044,0.8061521739130435,0.8064195652173913,0.8071,0.8108891304347826,0.8091173913043479,0.8013239130434784,0.8130152173913043,0.8114630434782609,0.8135239130434784,0.8070260869565218,0.8122652173913044,0.8118673913043478,0.8096173913043478,0.8073152173913045,0.8068478260869566,0.8091652173913044,0.8107369565217392,0.8117217391304349,0.7987695652173914,0.7805021739130434,0.7646369565217391,0.8019304347826088,0.786267391304348,0.7937434782608697,0.8089913043478261
