Time 0,Time 10,Time 20,Time 30,Time 40,Time 50,Time 60,Time 70,Time 80,Time 90,Time 100,Time 110,Time 120,Time 130,Time 140,Time 150,Time 160,Time 170,Time 180,Time 190,Time 200,Time 210,Time 220,Time 230,Time 240,Time 250,Time 260,Time 270,Time 280,Time 290,Time 300,Time 310,Time 320,Time 330,Time 340,Time 350,Time 360,Time 370,Time 380,Time 390,Time 400,Time 410,Time 420,Time 430,Time 440,Time 450,Time 460,Time 470,Time 480,Time 490,Time 500,Time 510,Time 520,Time 530,Time 540,Time 550,Time 560,Time 570,Time 580,Time 590,Time 600,Time 610,Time 620,Time 630,Time 640,Time 650,Time 660,Time 670,Time 680,Time 690,Time 700,Time 710,Time 720,Time 730,Time 740,Time 750,Time 760,Time 770,Time 780,Time 790,Time 800,Time 810,Time 820,Time 830,Time 840,Time 850,Time 860,Time 870,Time 880,Time 890,Time 900,Time 910,Time 920,Time 930,Time 940,Time 950,Time 960,Time 970,Time 980
0.8411764705882353,0.8411764705882353,0.8411764705882353,0.8404441176470587,0.8320661764705882,0.8096264705882351,0.6752661764705883,0.5809397058823529,0.5485426470588235,0.6012882352941176,0.6101235294117646,0.7140823529411764,0.7140397058823529,0.743120588235294,0.8235191176470588,0.8203691176470587,0.8411764705882353,0.8411764705882353,0.8411764705882353,0.8411764705882353,0.8388073529411765,0.8392632352941175,0.8404441176470587,0.8397073529411765,0.8078235294117646,0.8177191176470587,0.7674294117647058,0.6723235294117645,0.6129323529411763,0.6194867647058823,0.709370588235294,0.7435985294117646,0.7497132352941175,0.7582882352941176,0.7864485294117647,0.8122367647058824,0.7991926470588234,0.8411764705882353,0.8411764705882353,0.8411764705882353,0.8092926470588234,0.8397073529411765,0.7834514705882352,0.8055867647058823,0.749495588235294,0.8411764705882353,0.8411764705882353,0.8411764705882353,0.8411764705882353,0.8411764705882353,0.8411764705882353,0.8411764705882353,0.8411764705882353,0.8411764705882353,0.8411764705882353,0.8411764705882353,0.8411764705882353,0.8411764705882353,0.8411764705882353,0.8411764705882353,0.7992632352941176,0.8226044117647058,0.8365970588235293,0.7877529411764704,0.838966176470588,0.8411764705882353,0.8411764705882353,0.8411764705882353,0.8411764705882353,0.8411764705882353,0.8411764705882353,0.8411764705882353,0.8411764705882353,0.8411764705882353,0.8411764705882353,0.8411764705882353,0.8392632352941175,0.8397073529411765,0.7603455882352941,0.8103882352941176,0.8048426470588235,0.7846470588235293,0.8174147058823529,0.808245588235294,0.7693720588235293,0.7847808823529412,0.8196367647058822,0.8028970588235292,0.7784735294117647,0.818585294117647,0.8251264705882352,0.8411764705882353,0.8411764705882353,0.8411764705882353,0.8411764705882353,0.8411764705882353,0.8411764705882353,0.8411764705882353,0.8203691176470587
0.8411764705882353,0.8388073529411765,0.8411764705882353,0.8411764705882353,0.7836000000000001,0.7301014705882353,0.635410294117647,0.5687058823529411,0.5598941176470588,0.5874970588235293,0.648635294117647,0.6693764705882352,0.717285294117647,0.7475999999999999,0.838966176470588,0.8404441176470587,0.8411764705882353,0.8411764705882353,0.8411764705882353,0.8411764705882353,0.8411764705882353,0.8399955882352941,0.8411764705882353,0.8411764705882353,0.808560294117647,0.8360191176470587,0.8293249999999999,0.7297588235294117,0.6630955882352941,0.6302382352941176,0.704660294117647,0.7820897058823529,0.7107264705882353,0.6942235294117647,0.8162338235294117,0.8157897058823529,0.8066426470588235,0.8411764705882353,0.8411764705882353,0.8411764705882353,0.8356764705882352,0.8184558823529411,0.7965749999999999,0.8188999999999999,0.8073794117647057,0.8070823529411765,0.8404441176470587,0.8411764705882353,0.8404441176470587,0.8411764705882353,0.8411764705882353,0.8411764705882353,0.8411764705882353,0.8411764705882353,0.8411764705882353,0.8411764705882353,0.8411764705882353,0.8411764705882353,0.8411764705882353,0.8188999999999999,0.7890882352941175,0.8070823529411765,0.838966176470588,0.8382220588235293,0.8411764705882353,0.8404441176470587,0.8411764705882353,0.8411764705882353,0.8411764705882353,0.8411764705882353,0.8411764705882353,0.8411764705882353,0.8411764705882353,0.8411764705882353,0.8411764705882353,0.8411764705882353,0.8047970588235294,0.8255750000000001,0.7730088235294118,0.7541941176470588,0.7840279411764705,0.7629573529411764,0.815025,0.8196367647058822,0.7254691176470587,0.8358529411764705,0.7881455882352939,0.805275,0.7516867647058824,0.8166441176470588,0.8411764705882353,0.8380749999999999,0.8411764705882353,0.8411764705882353,0.8411764705882353,0.8411764705882353,0.8411764705882353,0.8411764705882353,0.8411764705882353
0.8411764705882353,0.8411764705882353,0.8411764705882353,0.8397073529411765,0.7519720588235294,0.8021529411764705,0.6262882352941177,0.5724897058823528,0.579289705882353,0.5886632352941176,0.6730661764705882,0.7011779411764706,0.6813058823529411,0.798435294117647,0.7968088235294117,0.8203691176470587,0.8411764705882353,0.8411764705882353,0.8411764705882353,0.8411764705882353,0.8411764705882353,0.8397073529411765,0.8388073529411765,0.8263073529411764,0.8239382352941176,0.7977235294117645,0.7847970588235293,0.7376308823529412,0.6685779411764705,0.645735294117647,0.7029308823529411,0.7951941176470588,0.7228632352941176,0.7717911764705881,0.785530882352941,0.7291794117647058,0.7618235294117646,0.8388073529411765,0.8411764705882353,0.8411764705882353,0.8411764705882353,0.8397073529411765,0.8397073529411765,0.8148691176470587,0.785530882352941,0.8404441176470587,0.8411764705882353,0.8411764705882353,0.8411764705882353,0.8411764705882353,0.8411764705882353,0.8411764705882353,0.8411764705882353,0.8411764705882353,0.8411764705882353,0.8411764705882353,0.8411764705882353,0.8411764705882353,0.8404441176470587,0.8188999999999999,0.8382220588235293,0.8380749999999999,0.8025617647058824,0.8404441176470587,0.8203691176470587,0.8411764705882353,0.8411764705882353,0.8411764705882353,0.8411764705882353,0.8411764705882353,0.8411764705882353,0.8411764705882353,0.8411764705882353,0.8411764705882353,0.8411764705882353,0.8411764705882353,0.8411764705882353,0.8188999999999999,0.7474088235294117,0.7080926470588235,0.7718794117647058,0.7377617647058823,0.8380749999999999,0.8382220588235293,0.780795588235294,0.7953529411764706,0.7819514705882352,0.8047676470588234,0.7344529411764705,0.7695823529411764,0.8404441176470587,0.8203691176470587,0.8411764705882353,0.8411764705882353,0.8411764705882353,0.8411764705882353,0.8411764705882353,0.8404441176470587,0.8411764705882353
0.8411764705882353,0.8411764705882353,0.8411764705882353,0.8404441176470587,0.8043985294117647,0.685925,0.6556088235294117,0.5942397058823529,0.5787147058823529,0.5725220588235294,0.6780867647058823,0.6947176470588234,0.6728882352941176,0.7481617647058824,0.8373382352941175,0.8411764705882353,0.8411764705882353,0.8411764705882353,0.8411764705882353,0.8411764705882353,0.8411764705882353,0.8411764705882353,0.8411764705882353,0.817580882352941,0.8188999999999999,0.8281220588235294,0.766995588235294,0.7785397058823528,0.6969544117647059,0.6387941176470587,0.701310294117647,0.7734823529411763,0.813975,0.8306382352941176,0.8054544117647059,0.8361426470588235,0.8169779411764706,0.818,0.8411764705882353,0.8411764705882353,0.8411764705882353,0.8411764705882353,0.8172676470588235,0.8328794117647057,0.8188999999999999,0.7969823529411764,0.8411764705882353,0.8411764705882353,0.8411764705882353,0.8411764705882353,0.8411764705882353,0.8411764705882353,0.8411764705882353,0.8411764705882353,0.8411764705882353,0.8411764705882353,0.8411764705882353,0.8411764705882353,0.8411764705882353,0.8032911764705881,0.7755985294117647,0.8376117647058823,0.8070823529411765,0.7641573529411764,0.8411764705882353,0.8411764705882353,0.8411764705882353,0.8411764705882353,0.8411764705882353,0.8411764705882353,0.8411764705882353,0.8411764705882353,0.8411764705882353,0.8411764705882353,0.8411764705882353,0.8411764705882353,0.8404441176470587,0.8385264705882352,0.7590264705882351,0.8338823529411764,0.7831617647058823,0.8181588235294117,0.838966176470588,0.8259176470588233,0.8067676470588234,0.7641926470588234,0.8150455882352942,0.7512235294117646,0.7400117647058824,0.7788382352941176,0.8388073529411765,0.8404441176470587,0.8388073529411765,0.8411764705882353,0.8388073529411765,0.8411764705882353,0.8411764705882353,0.8411764705882353,0.8310764705882352
0.8411764705882353,0.8411764705882353,0.8411764705882353,0.8411764705882353,0.8170838235294117,0.7518808823529411,0.6803279411764704,0.5954161764705883,0.5668838235294117,0.5725294117647058,0.6478970588235293,0.7948441176470588,0.7389617647058823,0.8103882352941176,0.8203691176470587,0.8404441176470587,0.8411764705882353,0.8411764705882353,0.8411764705882353,0.8411764705882353,0.8411764705882353,0.8411764705882353,0.8411764705882353,0.8411764705882353,0.8287058823529411,0.7953397058823529,0.7433676470588234,0.7066823529411764,0.6295617647058822,0.7155882352941175,0.670510294117647,0.7588514705882352,0.719005882352941,0.8106882352941175,0.779705882352941,0.8373382352941175,0.8188999999999999,0.8399955882352941,0.8411764705882353,0.8411764705882353,0.8411764705882353,0.8191882352941176,0.8376470588235293,0.7825044117647059,0.818,0.8078235294117646,0.8191882352941176,0.8399955882352941,0.8411764705882353,0.8411764705882353,0.8411764705882353,0.8411764705882353,0.8411764705882353,0.8411764705882353,0.8411764705882353,0.8411764705882353,0.8411764705882353,0.8411764705882353,0.8411764705882353,0.7941588235294117,0.7914852941176469,0.8036544117647059,0.838966176470588,0.8404441176470587,0.8196367647058822,0.8203691176470587,0.8411764705882353,0.8411764705882353,0.8411764705882353,0.8411764705882353,0.8411764705882353,0.8411764705882353,0.8411764705882353,0.8411764705882353,0.8411764705882353,0.8411764705882353,0.8411764705882353,0.838966176470588,0.8009220588235294,0.7408999999999999,0.746455882352941,0.8147323529411764,0.8196367647058822,0.7790808823529412,0.8361544117647058,0.804835294117647,0.7801397058823528,0.7815279411764704,0.8374735294117647,0.8382220588235293,0.8411764705882353,0.8356764705882352,0.8411764705882353,0.8411764705882353,0.8411764705882353,0.8411764705882353,0.8411764705882353,0.8184558823529411,0.8411764705882353
0.8411764705882353,0.8411764705882353,0.8411764705882353,0.8411764705882353,0.8157897058823529,0.7754764705882351,0.6463205882352941,0.5975014705882352,0.5244588235294118,0.5646176470588236,0.7323132352941175,0.6892647058823529,0.713285294117647,0.7422,0.7870161764705881,0.8411764705882353,0.8411764705882353,0.8411764705882353,0.8411764705882353,0.8411764705882353,0.8411764705882353,0.8411764705882353,0.8373382352941175,0.8404441176470587,0.8399955882352941,0.8243941176470587,0.8023735294117645,0.7354749999999999,0.6623691176470589,0.6560338235294118,0.6850367647058824,0.7744279411764705,0.7131941176470586,0.7659264705882353,0.7343117647058822,0.8027411764705882,0.7950558823529411,0.8411764705882353,0.8411764705882353,0.8411764705882353,0.8397073529411765,0.8203691176470587,0.8055882352941175,0.8196367647058822,0.8380749999999999,0.8188999999999999,0.8411764705882353,0.8411764705882353,0.8411764705882353,0.8411764705882353,0.8411764705882353,0.8411764705882353,0.8411764705882353,0.8411764705882353,0.8411764705882353,0.8411764705882353,0.8411764705882353,0.8411764705882353,0.8411764705882353,0.8263073529411764,0.7864485294117647,0.8239382352941176,0.8009220588235294,0.8411764705882353,0.8411764705882353,0.8411764705882353,0.8411764705882353,0.8411764705882353,0.8411764705882353,0.8411764705882353,0.8411764705882353,0.8411764705882353,0.8411764705882353,0.8411764705882353,0.8411764705882353,0.8411764705882353,0.8404441176470587,0.8397073529411765,0.8148691176470587,0.784945588235294,0.7392588235294117,0.7275279411764705,0.8397073529411765,0.8397073529411765,0.761220588235294,0.7825867647058823,0.8174147058823529,0.8055867647058823,0.8267058823529411,0.8374735294117647,0.8411764705882353,0.8404441176470587,0.8203691176470587,0.8411764705882353,0.8411764705882353,0.8411764705882353,0.8404441176470587,0.8404441176470587,0.8411764705882353
0.8411764705882353,0.8411764705882353,0.8411764705882353,0.8404441176470587,0.8218514705882352,0.7519544117647057,0.6132911764705882,0.6211205882352941,0.5478044117647058,0.5838573529411764,0.6395014705882353,0.716660294117647,0.7455323529411765,0.7603455882352941,0.8380749999999999,0.8404441176470587,0.8411764705882353,0.8411764705882353,0.8411764705882353,0.8411764705882353,0.8411764705882353,0.8404441176470587,0.8411764705882353,0.8404441176470587,0.8191882352941176,0.8380749999999999,0.7207838235294116,0.6827632352941175,0.625610294117647,0.6490088235294117,0.644495588235294,0.754035294117647,0.7550441176470587,0.7752073529411765,0.8343514705882353,0.7862749999999998,0.8397073529411765,0.8385264705882352,0.8411764705882353,0.8411764705882353,0.8404441176470587,0.8404441176470587,0.8349397058823529,0.8281220588235294,0.8310764705882352,0.8380749999999999,0.8388073529411765,0.8411764705882353,0.8404441176470587,0.8411764705882353,0.8411764705882353,0.8411764705882353,0.8411764705882353,0.8411764705882353,0.8411764705882353,0.8411764705882353,0.8411764705882353,0.8411764705882353,0.8411764705882353,0.8181588235294117,0.8157897058823529,0.8372073529411763,0.8411764705882353,0.8411764705882353,0.8411764705882353,0.8411764705882353,0.8404441176470587,0.8411764705882353,0.8411764705882353,0.8411764705882353,0.8411764705882353,0.8411764705882353,0.8411764705882353,0.8411764705882353,0.8411764705882353,0.8411764705882353,0.8404441176470587,0.8397073529411765,0.7822808823529411,0.7945985294117647,0.8074323529411763,0.8033411764705881,0.8288661764705881,0.8359397058823529,0.800360294117647,0.7711558823529411,0.758405882352941,0.7743573529411764,0.7094117647058823,0.7922294117647057,0.8397073529411765,0.8411764705882353,0.8411764705882353,0.8411764705882353,0.8411764705882353,0.8411764705882353,0.8411764705882353,0.8411764705882353,0.8404441176470587
0.8411764705882353,0.8411764705882353,0.8411764705882353,0.8397073529411765,0.7840279411764705,0.7266514705882352,0.6654191176470587,0.5864499999999999,0.5660985294117646,0.587010294117647,0.6959176470588234,0.7205176470588235,0.7097529411764705,0.7638823529411763,0.8399955882352941,0.8411764705882353,0.8411764705882353,0.8411764705882353,0.8411764705882353,0.8411764705882353,0.8411764705882353,0.8411764705882353,0.8404441176470587,0.8411764705882353,0.818,0.8361426470588235,0.7324044117647057,0.7420985294117646,0.6262426470588235,0.6657264705882352,0.7062117647058822,0.724464705882353,0.7629823529411764,0.7871294117647057,0.7815073529411763,0.8181588235294117,0.7822485294117646,0.8411764705882353,0.8411764705882353,0.8411764705882353,0.8263073529411764,0.8248382352941176,0.7941588235294117,0.8399955882352941,0.8070823529411765,0.8377852941176469,0.8397073529411765,0.8203691176470587,0.8411764705882353,0.8411764705882353,0.8411764705882353,0.8411764705882353,0.8411764705882353,0.8411764705882353,0.8411764705882353,0.8411764705882353,0.8411764705882353,0.8411764705882353,0.8411764705882353,0.7886691176470587,0.8181632352941176,0.838966176470588,0.8397073529411765,0.808560294117647,0.8388073529411765,0.8411764705882353,0.8411764705882353,0.8411764705882353,0.8411764705882353,0.8411764705882353,0.8411764705882353,0.8411764705882353,0.8411764705882353,0.8411764705882353,0.8411764705882353,0.8411764705882353,0.8411764705882353,0.808560294117647,0.838966176470588,0.7084338235294118,0.7577676470588235,0.7723441176470587,0.8224691176470589,0.8255750000000001,0.8054544117647059,0.8137264705882352,0.8361544117647058,0.7862749999999998,0.8153470588235292,0.7977235294117645,0.8279735294117646,0.8399955882352941,0.8411764705882353,0.8411764705882353,0.8411764705882353,0.8411764705882353,0.8411764705882353,0.8388073529411765,0.8404441176470587
0.8411764705882353,0.8411764705882353,0.8411764705882353,0.8263073529411764,0.7895308823529411,0.7919249999999999,0.6452691176470587,0.5604132352941176,0.5578132352941175,0.5970720588235293,0.670316176470588,0.6715499999999999,0.7574441176470588,0.8374735294117647,0.8392632352941175,0.8411764705882353,0.8411764705882353,0.8411764705882353,0.8411764705882353,0.8411764705882353,0.8411764705882353,0.8388073529411765,0.8411764705882353,0.8380749999999999,0.8411764705882353,0.8338676470588234,0.7525294117647059,0.7043705882352941,0.6631367647058823,0.6056323529411763,0.6695838235294117,0.7606720588235294,0.8096264705882351,0.8164264705882353,0.7420808823529412,0.8078235294117646,0.8037926470588235,0.8203691176470587,0.8411764705882353,0.8411764705882353,0.8411764705882353,0.8373382352941175,0.8385264705882352,0.838966176470588,0.8382220588235293,0.8392632352941175,0.8411764705882353,0.8411764705882353,0.8411764705882353,0.8411764705882353,0.8411764705882353,0.8411764705882353,0.8411764705882353,0.8411764705882353,0.8411764705882353,0.8411764705882353,0.8411764705882353,0.8411764705882353,0.8411764705882353,0.818,0.7843499999999999,0.8188999999999999,0.8063382352941176,0.8373382352941175,0.8404441176470587,0.8411764705882353,0.8411764705882353,0.8411764705882353,0.8411764705882353,0.8411764705882353,0.8411764705882353,0.8411764705882353,0.8411764705882353,0.8411764705882353,0.8411764705882353,0.8411764705882353,0.8411764705882353,0.8397073529411765,0.7735249999999999,0.8025838235294117,0.7572044117647058,0.8044073529411764,0.8404441176470587,0.8035867647058822,0.7932705882352941,0.7822808823529411,0.7824117647058823,0.7617691176470588,0.7732279411764705,0.7934999999999999,0.8092926470588234,0.8203691176470587,0.8404441176470587,0.8411764705882353,0.8411764705882353,0.8411764705882353,0.8411764705882353,0.8388073529411765,0.8388073529411765
0.8411764705882353,0.8411764705882353,0.8411764705882353,0.8411764705882353,0.7689926470588235,0.7454588235294116,0.7229852941176469,0.5916823529411764,0.536939705882353,0.604360294117647,0.6443985294117646,0.6188735294117647,0.6627044117647057,0.7758220588235293,0.8089779411764705,0.8411764705882353,0.8411764705882353,0.8411764705882353,0.8404441176470587,0.8411764705882353,0.8411764705882353,0.8092926470588234,0.8404441176470587,0.8411764705882353,0.808560294117647,0.7831617647058823,0.6960294117647059,0.7233161764705881,0.6334073529411764,0.7073044117647057,0.7135338235294117,0.7462264705882351,0.7463397058823529,0.8040779411764705,0.7600397058823528,0.8145941176470587,0.7653838235294117,0.8411764705882353,0.8411764705882353,0.8411764705882353,0.8388073529411765,0.8203691176470587,0.804835294117647,0.8369029411764705,0.8404441176470587,0.8380749999999999,0.8383882352941175,0.8411764705882353,0.8411764705882353,0.8411764705882353,0.8411764705882353,0.8411764705882353,0.8411764705882353,0.8411764705882353,0.8411764705882353,0.8411764705882353,0.8411764705882353,0.8411764705882353,0.8411764705882353,0.8032911764705881,0.8263073529411764,0.785835294117647,0.838966176470588,0.8404441176470587,0.8404441176470587,0.8404441176470587,0.8411764705882353,0.8411764705882353,0.8411764705882353,0.8411764705882353,0.8411764705882353,0.8411764705882353,0.8411764705882353,0.8411764705882353,0.8411764705882353,0.8196367647058822,0.8411764705882353,0.8397073529411765,0.7739191176470587,0.8013647058823529,0.711985294117647,0.7783749999999998,0.8388073529411765,0.8089779411764705,0.7527470588235292,0.780470588235294,0.785530882352941,0.8042588235294117,0.7389617647058823,0.8248382352941176,0.8411764705882353,0.8404441176470587,0.8404441176470587,0.8411764705882353,0.8411764705882353,0.8411764705882353,0.8411764705882353,0.8411764705882353,0.8388073529411765
0.8411764705882353,0.8411764705882353,0.8411764705882353,0.8263073529411764,0.7840279411764705,0.7641382352941175,0.6389073529411764,0.5524647058823529,0.5458573529411764,0.5951617647058823,0.7323441176470588,0.7274411764705881,0.6718691176470587,0.7575323529411765,0.788485294117647,0.8411764705882353,0.8411764705882353,0.8411764705882353,0.8411764705882353,0.8411764705882353,0.8411764705882353,0.8411764705882353,0.8411764705882353,0.8255750000000001,0.7879338235294118,0.7597676470588235,0.726020588235294,0.6886926470588235,0.6143117647058822,0.6594426470588235,0.7337985294117646,0.7567441176470587,0.813975,0.7647573529411764,0.7497661764705881,0.7862749999999998,0.8365970588235293,0.8411764705882353,0.8411764705882353,0.8411764705882353,0.8404441176470587,0.8404441176470587,0.8184558823529411,0.8382926470588236,0.8388073529411765,0.8089779411764705,0.8303441176470588,0.8392632352941175,0.8411764705882353,0.8411764705882353,0.8411764705882353,0.8411764705882353,0.8411764705882353,0.8411764705882353,0.8411764705882353,0.8411764705882353,0.8411764705882353,0.8411764705882353,0.8411764705882353,0.838966176470588,0.8169779411764706,0.8397073529411765,0.8181588235294117,0.8365970588235293,0.8404441176470587,0.8411764705882353,0.8203691176470587,0.8411764705882353,0.8411764705882353,0.8411764705882353,0.8411764705882353,0.8411764705882353,0.8411764705882353,0.8411764705882353,0.8411764705882353,0.8404441176470587,0.8388073529411765,0.8296073529411764,0.808185294117647,0.8147382352941175,0.7476323529411764,0.8317411764705881,0.7839058823529411,0.8196367647058822,0.7291573529411765,0.8033161764705882,0.7768338235294117,0.8148691176470587,0.7820897058823529,0.7960764705882353,0.8391249999999998,0.8411764705882353,0.8397073529411765,0.8203691176470587,0.8411764705882353,0.8411764705882353,0.8411764705882353,0.8411764705882353,0.8404441176470587
0.8411764705882353,0.8411764705882353,0.8411764705882353,0.8411764705882353,0.7847808823529412,0.8073367647058822,0.6512632352941176,0.5966779411764705,0.5841882352941176,0.6014367647058823,0.6520397058823529,0.6997676470588234,0.7014176470588235,0.8036544117647059,0.8092926470588234,0.8388073529411765,0.8411764705882353,0.8411764705882353,0.8411764705882353,0.8411764705882353,0.8411764705882353,0.8411764705882353,0.8411764705882353,0.8196367647058822,0.8411764705882353,0.7694970588235294,0.7838470588235292,0.7199720588235293,0.751655882352941,0.6572897058823529,0.7049558823529412,0.7851294117647057,0.7351235294117645,0.7613264705882353,0.8226044117647058,0.818,0.8344661764705881,0.8411764705882353,0.8411764705882353,0.8411764705882353,0.8411764705882353,0.8399955882352941,0.8172676470588235,0.7862749999999998,0.8388073529411765,0.8196367647058822,0.8411764705882353,0.8407073529411765,0.8411764705882353,0.8411764705882353,0.8411764705882353,0.8411764705882353,0.8411764705882353,0.8411764705882353,0.8411764705882353,0.8411764705882353,0.8411764705882353,0.8411764705882353,0.8411764705882353,0.8054999999999998,0.7914588235294117,0.8075088235294117,0.8061911764705881,0.8404441176470587,0.8196367647058822,0.8404441176470587,0.8411764705882353,0.8411764705882353,0.8411764705882353,0.8411764705882353,0.8411764705882353,0.8411764705882353,0.8411764705882353,0.8411764705882353,0.8411764705882353,0.8411764705882353,0.8411764705882353,0.8203691176470587,0.8288661764705881,0.7939779411764705,0.7610117647058823,0.8233529411764706,0.8404441176470587,0.8404441176470587,0.7501588235294117,0.7473426470588235,0.7641926470588234,0.7681617647058823,0.8112588235294117,0.8188999999999999,0.8188999999999999,0.8411764705882353,0.8411764705882353,0.8411764705882353,0.8411764705882353,0.8411764705882353,0.8411764705882353,0.8411764705882353,0.8411764705882353
0.8411764705882353,0.8411764705882353,0.8411764705882353,0.8411764705882353,0.8012705882352941,0.7786588235294117,0.6929867647058824,0.6058014705882353,0.5555735294117646,0.5729485294117647,0.6223632352941176,0.6189279411764705,0.7068705882352941,0.7722088235294118,0.8404441176470587,0.8411764705882353,0.8411764705882353,0.8411764705882353,0.8411764705882353,0.8411764705882353,0.8411764705882353,0.8411764705882353,0.8411764705882353,0.8388073529411765,0.8404441176470587,0.7744941176470588,0.7874749999999999,0.7217882352941176,0.6080308823529411,0.7228544117647058,0.6957735294117647,0.7725147058823528,0.783270588235294,0.7549941176470587,0.750685294117647,0.8157897058823529,0.7977235294117645,0.8411764705882353,0.8411764705882353,0.8411764705882353,0.8411764705882353,0.8224691176470589,0.8248382352941176,0.815485294117647,0.8411764705882353,0.7649249999999999,0.8411764705882353,0.8404441176470587,0.8411764705882353,0.8411764705882353,0.8411764705882353,0.8411764705882353,0.8411764705882353,0.8411764705882353,0.8411764705882353,0.8411764705882353,0.8411764705882353,0.8411764705882353,0.8411764705882353,0.8065044117647058,0.7815073529411763,0.8392632352941175,0.8188999999999999,0.7932794117647058,0.8411764705882353,0.8411764705882353,0.8411764705882353,0.8411764705882353,0.8411764705882353,0.8411764705882353,0.8411764705882353,0.8411764705882353,0.8411764705882353,0.8411764705882353,0.8411764705882353,0.8411764705882353,0.8397073529411765,0.8392632352941175,0.7804632352941175,0.8038382352941176,0.755520588235294,0.8132529411764705,0.7819397058823528,0.8411764705882353,0.7339352941176469,0.7596014705882351,0.8351044117647058,0.7890749999999999,0.7647573529411764,0.8382220588235293,0.8196367647058822,0.8380749999999999,0.8310764705882352,0.8310764705882352,0.8411764705882353,0.8411764705882353,0.8411764705882353,0.8092926470588234,0.8411764705882353
0.8411764705882353,0.8411764705882353,0.8411764705882353,0.8392632352941175,0.8042691176470588,0.7556823529411765,0.6229411764705881,0.5928720588235293,0.5674088235294117,0.5798838235294117,0.6664411764705882,0.6269220588235294,0.6902794117647059,0.7544941176470588,0.8399955882352941,0.8411764705882353,0.8411764705882353,0.8411764705882353,0.8411764705882353,0.8411764705882353,0.8411764705882353,0.8411764705882353,0.8411764705882353,0.8066088235294117,0.8310764705882352,0.8055882352941175,0.6811911764705882,0.6989382352941175,0.6553470588235294,0.6227088235294117,0.6775985294117646,0.6579808823529412,0.7020411764705882,0.7580985294117647,0.7763029411764705,0.828425,0.8196367647058822,0.8388073529411765,0.8092926470588234,0.8411764705882353,0.8411764705882353,0.8397073529411765,0.8411764705882353,0.8382220588235293,0.8067676470588234,0.8310764705882352,0.8397073529411765,0.8411764705882353,0.8411764705882353,0.8411764705882353,0.8411764705882353,0.8411764705882353,0.8411764705882353,0.8411764705882353,0.8411764705882353,0.8411764705882353,0.8411764705882353,0.8411764705882353,0.8411764705882353,0.8272367647058823,0.8075088235294117,0.763455882352941,0.8196367647058822,0.8203691176470587,0.8092926470588234,0.8411764705882353,0.8411764705882353,0.8411764705882353,0.8411764705882353,0.8411764705882353,0.8411764705882353,0.8411764705882353,0.8411764705882353,0.8411764705882353,0.8411764705882353,0.8411764705882353,0.8404441176470587,0.8196367647058822,0.8159132352941175,0.7565323529411764,0.8128176470588235,0.7958000000000001,0.7865720588235292,0.8404441176470587,0.8233529411764706,0.775420588235294,0.8123485294117646,0.8181588235294117,0.8361544117647058,0.8011470588235293,0.8388073529411765,0.8411764705882353,0.8404441176470587,0.8411764705882353,0.8411764705882353,0.8411764705882353,0.8203691176470587,0.8411764705882353,0.8404441176470587
0.8411764705882353,0.8411764705882353,0.8404441176470587,0.8404441176470587,0.7923529411764705,0.741430882352941,0.6676411764705883,0.5802161764705882,0.5444794117647058,0.6022117647058823,0.6825338235294117,0.6744661764705883,0.7062720588235293,0.7195999999999999,0.8404441176470587,0.8388073529411765,0.8411764705882353,0.8411764705882353,0.8411764705882353,0.8411764705882353,0.8399955882352941,0.8411764705882353,0.8411764705882353,0.8411764705882353,0.8399955882352941,0.8075088235294117,0.7119279411764706,0.666785294117647,0.6395088235294117,0.6474749999999999,0.6886323529411765,0.7845691176470587,0.7520014705882352,0.7489073529411764,0.7636676470588235,0.8328323529411764,0.8373382352941175,0.8411764705882353,0.8411764705882353,0.8411764705882353,0.8376117647058823,0.8203691176470587,0.8023985294117647,0.8248382352941176,0.8404441176470587,0.7850941176470587,0.8404441176470587,0.8411764705882353,0.8411764705882353,0.8411764705882353,0.8411764705882353,0.8411764705882353,0.8411764705882353,0.8411764705882353,0.8411764705882353,0.8411764705882353,0.8411764705882353,0.8411764705882353,0.8411764705882353,0.8188999999999999,0.8108014705882353,0.8078235294117646,0.8166661764705881,0.8378691176470586,0.838966176470588,0.8411764705882353,0.8404441176470587,0.8411764705882353,0.8411764705882353,0.8411764705882353,0.8411764705882353,0.8411764705882353,0.8411764705882353,0.8411764705882353,0.8411764705882353,0.8399955882352941,0.8263073529411764,0.8047676470588234,0.7631382352941175,0.7847808823529412,0.7994279411764705,0.8211499999999999,0.792970588235294,0.8397073529411765,0.8141661764705881,0.7398323529411764,0.7303808823529411,0.7698249999999999,0.8037647058823529,0.8167676470588235,0.8263073529411764,0.8397073529411765,0.8411764705882353,0.8411764705882353,0.8411764705882353,0.8411764705882353,0.8411764705882353,0.8397073529411765,0.8404441176470587
0.8411764705882353,0.8411764705882353,0.8411764705882353,0.8411764705882353,0.7656411764705882,0.7581823529411764,0.6331117647058823,0.5896088235294117,0.5781117647058823,0.5848882352941176,0.6396132352941176,0.7426485294117646,0.6839220588235293,0.7819514705882352,0.8404441176470587,0.8411764705882353,0.8411764705882353,0.8411764705882353,0.8411764705882353,0.8411764705882353,0.8411764705882353,0.8411764705882353,0.8404441176470587,0.8404441176470587,0.808560294117647,0.7977235294117645,0.7091955882352942,0.6924808823529411,0.6099323529411764,0.6171132352941175,0.7392911764705881,0.7837749999999999,0.7477294117647058,0.7788794117647058,0.7919249999999999,0.8376470588235293,0.7809014705882352,0.8411764705882353,0.8411764705882353,0.8411764705882353,0.8411764705882353,0.8411764705882353,0.8163999999999999,0.8070823529411765,0.8397073529411765,0.8397073529411765,0.838966176470588,0.8411764705882353,0.8411764705882353,0.8411764705882353,0.8411764705882353,0.8411764705882353,0.8411764705882353,0.8411764705882353,0.8411764705882353,0.8411764705882353,0.8411764705882353,0.8411764705882353,0.8411764705882353,0.818,0.8167441176470588,0.7748838235294118,0.7405808823529411,0.8063279411764704,0.8287058823529411,0.8411764705882353,0.8411764705882353,0.8411764705882353,0.8411764705882353,0.8411764705882353,0.8411764705882353,0.8411764705882353,0.8411764705882353,0.8411764705882353,0.8411764705882353,0.8404441176470587,0.8196367647058822,0.8380749999999999,0.8346573529411764,0.7775867647058823,0.7541382352941176,0.8070823529411765,0.8078235294117646,0.8061911764705881,0.7257397058823529,0.7933808823529411,0.7626794117647059,0.8166661764705881,0.8142970588235293,0.8397073529411765,0.8411764705882353,0.8196367647058822,0.8203691176470587,0.8411764705882353,0.8411764705882353,0.8411764705882353,0.8411764705882353,0.8404441176470587,0.8411764705882353
0.8411764705882353,0.8411764705882353,0.8411764705882353,0.8383882352941175,0.7919249999999999,0.7824117647058823,0.6173,0.6190985294117647,0.5765029411764705,0.5676735294117646,0.7499911764705882,0.7745485294117647,0.6745397058823529,0.745045588235294,0.818,0.8411764705882353,0.8411764705882353,0.8411764705882353,0.8411764705882353,0.8411764705882353,0.8411764705882353,0.8411764705882353,0.8388073529411765,0.8188999999999999,0.8404441176470587,0.7824117647058823,0.7105455882352941,0.6929147058823529,0.6369735294117645,0.6282749999999999,0.6282985294117647,0.7633661764705881,0.7690720588235292,0.6996367647058823,0.801255882352941,0.7831617647058823,0.8376470588235293,0.8411764705882353,0.8411764705882353,0.8411764705882353,0.8310764705882352,0.8066088235294117,0.8126470588235293,0.8404441176470587,0.7853838235294116,0.8287058823529411,0.8380749999999999,0.8404441176470587,0.8411764705882353,0.8411764705882353,0.8411764705882353,0.8411764705882353,0.8411764705882353,0.8411764705882353,0.8411764705882353,0.8411764705882353,0.8411764705882353,0.8411764705882353,0.8411764705882353,0.8370411764705881,0.8397073529411765,0.838966176470588,0.7627147058823529,0.8397073529411765,0.8092926470588234,0.8404441176470587,0.8411764705882353,0.8411764705882353,0.8411764705882353,0.8411764705882353,0.8411764705882353,0.8411764705882353,0.8411764705882353,0.8411764705882353,0.8411764705882353,0.8203691176470587,0.8399955882352941,0.8411764705882353,0.8246808823529411,0.7382117647058823,0.7862749999999998,0.8168397058823529,0.8181588235294117,0.8279735294117646,0.7611588235294118,0.7860117647058823,0.7705749999999999,0.7718794117647058,0.7242544117647057,0.8236573529411765,0.8411764705882353,0.8411764705882353,0.8411764705882353,0.8391249999999998,0.8411764705882353,0.8411764705882353,0.8411764705882353,0.8411764705882353,0.8411764705882353
0.8411764705882353,0.8411764705882353,0.8203691176470587,0.8196367647058822,0.8024661764705883,0.7908455882352942,0.6195279411764705,0.6074073529411764,0.5553529411764705,0.6026823529411763,0.6935352941176469,0.6879294117647059,0.6923191176470588,0.8055882352941175,0.8203691176470587,0.8411764705882353,0.8411764705882353,0.8411764705882353,0.8411764705882353,0.8411764705882353,0.8411764705882353,0.8397867647058822,0.8411764705882353,0.8411764705882353,0.8399955882352941,0.8196367647058822,0.7965705882352941,0.6434764705882353,0.6643676470588235,0.6608794117647059,0.7000705882352941,0.7110132352941175,0.811145588235294,0.7587985294117645,0.712560294117647,0.7985235294117645,0.8385264705882352,0.8404441176470587,0.8411764705882353,0.8411764705882353,0.8411764705882353,0.8404441176470587,0.7647573529411764,0.8243941176470587,0.8404441176470587,0.8172676470588235,0.8388073529411765,0.8411764705882353,0.8411764705882353,0.8411764705882353,0.8411764705882353,0.8411764705882353,0.8411764705882353,0.8411764705882353,0.8411764705882353,0.8411764705882353,0.8411764705882353,0.8411764705882353,0.8411764705882353,0.8397073529411765,0.8255750000000001,0.7744161764705882,0.8310764705882352,0.8196367647058822,0.8388073529411765,0.8411764705882353,0.8411764705882353,0.8411764705882353,0.8411764705882353,0.8411764705882353,0.8411764705882353,0.8411764705882353,0.8411764705882353,0.8411764705882353,0.8411764705882353,0.8411764705882353,0.8404441176470587,0.8196367647058822,0.8369029411764705,0.8141323529411763,0.7847808823529412,0.7620617647058823,0.8057279411764705,0.8255750000000001,0.8021529411764705,0.7934161764705882,0.8151558823529411,0.8041779411764706,0.801255882352941,0.8149147058823529,0.8379441176470587,0.8404441176470587,0.8411764705882353,0.8411764705882353,0.8411764705882353,0.8411764705882353,0.8411764705882353,0.8411764705882353,0.8399955882352941
0.8411764705882353,0.8411764705882353,0.8411764705882353,0.838966176470588,0.7932161764705881,0.7804632352941175,0.6451029411764704,0.5633220588235294,0.5608823529411764,0.6161720588235293,0.6198411764705882,0.6600514705882353,0.6716558823529412,0.7686220588235293,0.8081117647058823,0.8411764705882353,0.8411764705882353,0.8411764705882353,0.8411764705882353,0.8411764705882353,0.8411764705882353,0.8399955882352941,0.8404441176470587,0.8404441176470587,0.8411764705882353,0.801570588235294,0.7085176470588235,0.7333897058823529,0.6381191176470586,0.6756088235294118,0.7128220588235292,0.7615132352941176,0.7532735294117646,0.8186676470588236,0.7494823529411764,0.7863,0.8075088235294117,0.8411764705882353,0.8411764705882353,0.8411764705882353,0.8310764705882352,0.8310764705882352,0.8024661764705883,0.7902897058823528,0.8397073529411765,0.8248382352941176,0.8263073529411764,0.8411764705882353,0.8411764705882353,0.8411764705882353,0.8411764705882353,0.8411764705882353,0.8411764705882353,0.8411764705882353,0.8411764705882353,0.8411764705882353,0.8411764705882353,0.8411764705882353,0.8411764705882353,0.8411764705882353,0.8188999999999999,0.8020235294117647,0.8376470588235293,0.788485294117647,0.774264705882353,0.8191882352941176,0.8411764705882353,0.8411764705882353,0.8411764705882353,0.8411764705882353,0.8411764705882353,0.8411764705882353,0.8411764705882353,0.8411764705882353,0.8411764705882353,0.8397073529411765,0.8388073529411765,0.8188999999999999,0.7813279411764705,0.7701735294117646,0.7337352941176469,0.8145941176470587,0.8374735294117647,0.8075088235294117,0.7382117647058823,0.792970588235294,0.7855647058823529,0.802545588235294,0.8136279411764704,0.8369029411764705,0.8380749999999999,0.8380749999999999,0.8411764705882353,0.8411764705882353,0.8411764705882353,0.8203691176470587,0.8411764705882353,0.8379441176470587,0.8404441176470587
0.8411764705882353,0.8388073529411765,0.8411764705882353,0.8404441176470587,0.7737691176470588,0.7674294117647058,0.6269147058823529,0.5870779411764705,0.5744720588235294,0.5863338235294118,0.6481838235294117,0.7019441176470588,0.7017308823529411,0.7931176470588235,0.8404441176470587,0.8411764705882353,0.8399955882352941,0.8411764705882353,0.8411764705882353,0.8411764705882353,0.8411764705882353,0.8356764705882352,0.8411764705882353,0.8411764705882353,0.8411764705882353,0.8018588235294116,0.7549676470588235,0.6796867647058822,0.6525941176470588,0.6401705882352942,0.643735294117647,0.779705882352941,0.7870161764705881,0.8005132352941177,0.8080205882352941,0.780795588235294,0.8196367647058822,0.8399955882352941,0.8411764705882353,0.8411764705882353,0.8404441176470587,0.8411764705882353,0.788485294117647,0.8404441176470587,0.7837176470588234,0.768925,0.8196367647058822,0.8298941176470589,0.8411764705882353,0.8411764705882353,0.8411764705882353,0.8411764705882353,0.8411764705882353,0.8411764705882353,0.8411764705882353,0.8411764705882353,0.8411764705882353,0.8411764705882353,0.8411764705882353,0.8397073529411765,0.8145941176470587,0.8208073529411765,0.8073044117647058,0.8061897058823527,0.8411764705882353,0.8411764705882353,0.8388073529411765,0.8411764705882353,0.8411764705882353,0.8411764705882353,0.8411764705882353,0.8411764705882353,0.8411764705882353,0.8411764705882353,0.8411764705882353,0.8411764705882353,0.8411764705882353,0.8376117647058823,0.7994279411764705,0.7232014705882353,0.7789441176470588,0.7917749999999998,0.8373382352941175,0.8365970588235293,0.7236529411764705,0.8032911764705881,0.7600397058823528,0.7977235294117645,0.7879999999999998,0.7861794117647057,0.8191882352941176,0.8411764705882353,0.8411764705882353,0.8411764705882353,0.8411764705882353,0.8411764705882353,0.8411764705882353,0.8411764705882353,0.8368794117647058
0.8411764705882353,0.8411764705882353,0.8411764705882353,0.8411764705882353,0.8169044117647057,0.7370235294117647,0.5961323529411764,0.5677338235294117,0.5609852941176471,0.5732323529411764,0.6910647058823528,0.6986499999999998,0.6507764705882353,0.7812573529411764,0.8296073529411764,0.8411764705882353,0.8411764705882353,0.8411764705882353,0.8411764705882353,0.8411764705882353,0.8411764705882353,0.8411764705882353,0.8411764705882353,0.8411764705882353,0.8411764705882353,0.7853838235294116,0.703289705882353,0.6542058823529411,0.6099235294117646,0.6361249999999998,0.6545985294117647,0.703360294117647,0.7655661764705881,0.7782367647058823,0.8181588235294117,0.8166661764705881,0.8203691176470587,0.8411764705882353,0.8411764705882353,0.8411764705882353,0.8411764705882353,0.8188999999999999,0.7685955882352941,0.8397073529411765,0.8392632352941175,0.8203691176470587,0.8404441176470587,0.8092926470588234,0.8411764705882353,0.8411764705882353,0.8411764705882353,0.8411764705882353,0.8411764705882353,0.8411764705882353,0.8411764705882353,0.8411764705882353,0.8411764705882353,0.8411764705882353,0.8411764705882353,0.808560294117647,0.8203691176470587,0.7877529411764704,0.8078235294117646,0.8174147058823529,0.8411764705882353,0.8411764705882353,0.8411764705882353,0.8411764705882353,0.8411764705882353,0.8411764705882353,0.8411764705882353,0.8411764705882353,0.8411764705882353,0.8411764705882353,0.8411764705882353,0.8411764705882353,0.8411764705882353,0.8169779411764706,0.8370411764705881,0.8355397058823529,0.7769235294117647,0.7790382352941175,0.8150455882352942,0.8404441176470587,0.7877529411764704,0.8382220588235293,0.7950970588235294,0.7744441176470587,0.7754632352941176,0.838966176470588,0.8188999999999999,0.8411764705882353,0.8391249999999998,0.8411764705882353,0.8411764705882353,0.8411764705882353,0.8411764705882353,0.8388073529411765,0.8411764705882353
0.8411764705882353,0.8411764705882353,0.8411764705882353,0.8356764705882352,0.7319808823529411,0.7339955882352941,0.6440279411764706,0.5690073529411764,0.5688823529411765,0.5747779411764705,0.6866117647058824,0.7280867647058823,0.690210294117647,0.752625,0.8188999999999999,0.8203691176470587,0.8411764705882353,0.8411764705882353,0.8411764705882353,0.8411764705882353,0.8411764705882353,0.8411764705882353,0.8411764705882353,0.8411764705882353,0.8310764705882352,0.779910294117647,0.7218264705882351,0.750720588235294,0.6269117647058823,0.6344441176470588,0.6810941176470587,0.6894117647058824,0.7248338235294116,0.737560294117647,0.8012264705882352,0.8023985294117647,0.805275,0.8411764705882353,0.8411764705882353,0.8411764705882353,0.8411764705882353,0.8382220588235293,0.8038382352941176,0.8069235294117647,0.8148691176470587,0.8196367647058822,0.8203691176470587,0.8411764705882353,0.8411764705882353,0.8411764705882353,0.8411764705882353,0.8411764705882353,0.8411764705882353,0.8411764705882353,0.8411764705882353,0.8411764705882353,0.8411764705882353,0.8411764705882353,0.8411764705882353,0.8380749999999999,0.8377852941176469,0.808560294117647,0.743120588235294,0.8392632352941175,0.8404441176470587,0.8203691176470587,0.8411764705882353,0.8411764705882353,0.8411764705882353,0.8411764705882353,0.8411764705882353,0.8411764705882353,0.8411764705882353,0.8411764705882353,0.8411764705882353,0.8411764705882353,0.8411764705882353,0.8411764705882353,0.7937073529411763,0.7771838235294116,0.8343514705882353,0.783270588235294,0.7879338235294118,0.7678617647058823,0.7389617647058823,0.780470588235294,0.7641382352941175,0.7730838235294116,0.7321352941176469,0.8181588235294117,0.8404441176470587,0.8404441176470587,0.8411764705882353,0.8411764705882353,0.8411764705882353,0.8411764705882353,0.8411764705882353,0.8404441176470587,0.8303441176470588
0.8411764705882353,0.8411764705882353,0.8411764705882353,0.8411764705882353,0.7875764705882352,0.7962382352941175,0.5970161764705881,0.6076764705882353,0.5504941176470588,0.5866147058823529,0.7005029411764705,0.7122323529411765,0.7476514705882352,0.7948941176470586,0.8203691176470587,0.8411764705882353,0.8411764705882353,0.8411764705882353,0.8411764705882353,0.8411764705882353,0.8411764705882353,0.8404441176470587,0.8399955882352941,0.8411764705882353,0.8411764705882353,0.7977235294117645,0.723835294117647,0.7522529411764706,0.6116514705882352,0.6206397058823528,0.7432044117647058,0.7007044117647058,0.7240720588235294,0.7218264705882351,0.7985235294117645,0.7862749999999998,0.8188999999999999,0.8411764705882353,0.8411764705882353,0.8411764705882353,0.8411764705882353,0.838966176470588,0.804835294117647,0.816095588235294,0.7886691176470587,0.7640161764705882,0.8356764705882352,0.8411764705882353,0.8399955882352941,0.8411764705882353,0.8411764705882353,0.8411764705882353,0.8411764705882353,0.8411764705882353,0.8411764705882353,0.8411764705882353,0.8411764705882353,0.8411764705882353,0.8411764705882353,0.8263073529411764,0.8263073529411764,0.8142970588235293,0.8196367647058822,0.8373382352941175,0.8404441176470587,0.8411764705882353,0.8411764705882353,0.8411764705882353,0.8411764705882353,0.8411764705882353,0.8411764705882353,0.8411764705882353,0.8411764705882353,0.8411764705882353,0.8411764705882353,0.8411764705882353,0.8203691176470587,0.8263073529411764,0.8035867647058822,0.7751661764705882,0.7576117647058822,0.7953397058823529,0.8362926470588234,0.8196367647058822,0.8044073529411764,0.7789441176470588,0.8063382352941176,0.7932161764705881,0.7947132352941175,0.7870161764705881,0.8404441176470587,0.8388073529411765,0.8411764705882353,0.8411764705882353,0.8411764705882353,0.8411764705882353,0.8411764705882353,0.8411764705882353,0.8404441176470587
0.8411764705882353,0.8411764705882353,0.8411764705882353,0.8411764705882353,0.8010441176470587,0.766070588235294,0.6588676470588234,0.6041970588235293,0.5602867647058822,0.5780882352941176,0.6157632352941175,0.7308073529411765,0.7412088235294116,0.8150455882352942,0.8411764705882353,0.8411764705882353,0.8411764705882353,0.8411764705882353,0.8411764705882353,0.8411764705882353,0.8411764705882353,0.8411764705882353,0.8364088235294117,0.8411764705882353,0.8411764705882353,0.7938544117647058,0.7617308823529411,0.7588249999999999,0.6380294117647057,0.6763279411764705,0.6794044117647057,0.7606558823529411,0.8123088235294117,0.7945985294117647,0.7267882352941175,0.8043985294117647,0.8078235294117646,0.8411764705882353,0.8411764705882353,0.8411764705882353,0.8404441176470587,0.8303441176470588,0.7617941176470587,0.7870161764705881,0.7871926470588234,0.8279735294117646,0.8411764705882353,0.8411764705882353,0.8411764705882353,0.8411764705882353,0.8411764705882353,0.8411764705882353,0.8411764705882353,0.8411764705882353,0.8411764705882353,0.8411764705882353,0.8411764705882353,0.8411764705882353,0.8411764705882353,0.8411764705882353,0.8092926470588234,0.8126470588235293,0.7877529411764704,0.8092926470588234,0.8203691176470587,0.8411764705882353,0.8411764705882353,0.8411764705882353,0.8411764705882353,0.8411764705882353,0.8411764705882353,0.8411764705882353,0.8411764705882353,0.8411764705882353,0.8411764705882353,0.8411764705882353,0.8373382352941175,0.8203691176470587,0.808245588235294,0.7681911764705882,0.8181588235294117,0.8128573529411763,0.8404441176470587,0.8162073529411764,0.7986749999999998,0.8151558823529411,0.8002852941176469,0.7413720588235294,0.802545588235294,0.788485294117647,0.8196367647058822,0.8404441176470587,0.8411764705882353,0.8092926470588234,0.8411764705882353,0.8411764705882353,0.8411764705882353,0.8411764705882353,0.8411764705882353
0.8411764705882353,0.8411764705882353,0.8411764705882353,0.8411764705882353,0.8364661764705882,0.7314205882352941,0.6579117647058824,0.6060661764705881,0.5483073529411764,0.5831558823529411,0.6613367647058823,0.6796338235294118,0.6774749999999999,0.7379749999999999,0.8196367647058822,0.8411764705882353,0.8411764705882353,0.8411764705882353,0.8411764705882353,0.8411764705882353,0.8411764705882353,0.8411764705882353,0.8411764705882353,0.8388073529411765,0.8196367647058822,0.8391249999999998,0.7484882352941176,0.714210294117647,0.6361485294117647,0.7163014705882353,0.7055338235294116,0.7899838235294118,0.8033411764705881,0.7790808823529412,0.8197882352941176,0.7657279411764705,0.8078235294117646,0.8404441176470587,0.8411764705882353,0.8411764705882353,0.8303441176470588,0.8296073529411764,0.8358529411764705,0.8063382352941176,0.8380749999999999,0.8092926470588234,0.8404441176470587,0.8404441176470587,0.8411764705882353,0.8411764705882353,0.8411764705882353,0.8411764705882353,0.8411764705882353,0.8411764705882353,0.8411764705882353,0.8411764705882353,0.8411764705882353,0.8411764705882353,0.8411764705882353,0.8382220588235293,0.8196367647058822,0.8147323529411764,0.8397073529411765,0.808245588235294,0.8411764705882353,0.8411764705882353,0.8411764705882353,0.8411764705882353,0.8411764705882353,0.8411764705882353,0.8411764705882353,0.8411764705882353,0.8411764705882353,0.8411764705882353,0.8411764705882353,0.8404441176470587,0.8399955882352941,0.8373382352941175,0.8331558823529411,0.7628323529411765,0.800180882352941,0.815335294117647,0.8372073529411763,0.7847808823529412,0.7698249999999999,0.7655220588235294,0.8070823529411765,0.7591499999999999,0.8319529411764706,0.8188999999999999,0.8411764705882353,0.8411764705882353,0.8411764705882353,0.8411764705882353,0.8411764705882353,0.8411764705882353,0.8411764705882353,0.8411764705882353,0.808560294117647
0.8411764705882353,0.8411764705882353,0.8411764705882353,0.8196367647058822,0.7899838235294118,0.8089338235294117,0.6109176470588235,0.560475,0.5429867647058823,0.5882176470588235,0.6456838235294117,0.7021235294117647,0.7701897058823528,0.7482720588235294,0.8196367647058822,0.8411764705882353,0.8411764705882353,0.8411764705882353,0.8411764705882353,0.8411764705882353,0.8411764705882353,0.8411764705882353,0.8411764705882353,0.8092926470588234,0.8404441176470587,0.775420588235294,0.7444838235294118,0.7181955882352941,0.6086014705882352,0.6712558823529411,0.6570308823529412,0.7897867647058823,0.7618235294117646,0.8153470588235292,0.7994044117647058,0.8404441176470587,0.7877529411764704,0.8196367647058822,0.8411764705882353,0.8411764705882353,0.8411764705882353,0.8382220588235293,0.8404441176470587,0.7757338235294117,0.8135441176470587,0.8411764705882353,0.8404441176470587,0.8399955882352941,0.8411764705882353,0.8411764705882353,0.8411764705882353,0.8411764705882353,0.8411764705882353,0.8411764705882353,0.8411764705882353,0.8411764705882353,0.8411764705882353,0.8411764705882353,0.8411764705882353,0.8196367647058822,0.8377852941176469,0.838966176470588,0.8196367647058822,0.8404441176470587,0.8411764705882353,0.8411764705882353,0.8411764705882353,0.8411764705882353,0.8411764705882353,0.8411764705882353,0.8411764705882353,0.8411764705882353,0.8411764705882353,0.8411764705882353,0.8411764705882353,0.8411764705882353,0.8404441176470587,0.8288661764705881,0.8051397058823528,0.7829426470588235,0.8002867647058823,0.7722794117647058,0.802545588235294,0.8013647058823529,0.7821338235294116,0.8032191176470588,0.7856985294117647,0.8232058823529411,0.8217294117647058,0.8169779411764706,0.8310764705882352,0.8404441176470587,0.8404441176470587,0.8411764705882353,0.8411764705882353,0.8411764705882353,0.8411764705882353,0.8411764705882353,0.8411764705882353
0.8411764705882353,0.8411764705882353,0.8411764705882353,0.8411764705882353,0.8054544117647059,0.8008161764705881,0.6375676470588235,0.5849117647058824,0.5599102941176469,0.5781529411764705,0.7667014705882352,0.649320588235294,0.6799308823529411,0.7844279411764706,0.785835294117647,0.8411764705882353,0.8411764705882353,0.8411764705882353,0.8411764705882353,0.8411764705882353,0.8411764705882353,0.8404441176470587,0.8411764705882353,0.8196367647058822,0.8069235294117647,0.8032029411764704,0.7056970588235294,0.6991294117647058,0.6192191176470587,0.6559897058823528,0.6704794117647058,0.766510294117647,0.7983441176470588,0.7434588235294116,0.8377852941176469,0.7599014705882352,0.7947573529411763,0.8388073529411765,0.8411764705882353,0.8411764705882353,0.8404441176470587,0.8196367647058822,0.8188999999999999,0.808560294117647,0.8310764705882352,0.8233544117647058,0.8092926470588234,0.8404441176470587,0.8411764705882353,0.8411764705882353,0.8411764705882353,0.8411764705882353,0.8411764705882353,0.8411764705882353,0.8411764705882353,0.8411764705882353,0.8411764705882353,0.8411764705882353,0.8411764705882353,0.7977235294117645,0.8296073529411764,0.7853838235294116,0.8349397058823529,0.7862749999999998,0.8404441176470587,0.8411764705882353,0.8411764705882353,0.8411764705882353,0.8411764705882353,0.8411764705882353,0.8411764705882353,0.8411764705882353,0.8411764705882353,0.8411764705882353,0.8411764705882353,0.8411764705882353,0.8411764705882353,0.8397073529411765,0.7815073529411763,0.8235205882352941,0.7499088235294117,0.7247073529411765,0.8288661764705881,0.8411764705882353,0.7576294117647059,0.7230220588235293,0.7656411764705882,0.7656411764705882,0.8404441176470587,0.8058764705882352,0.8196367647058822,0.8380749999999999,0.8411764705882353,0.8404441176470587,0.8411764705882353,0.8411764705882353,0.8411764705882353,0.8411764705882353,0.8380749999999999
0.8411764705882353,0.8411764705882353,0.8411764705882353,0.8162073529411764,0.8054544117647059,0.7558132352941175,0.6576132352941176,0.6023705882352941,0.5587529411764706,0.5820485294117647,0.6745191176470586,0.6230676470588234,0.7208558823529411,0.7528014705882352,0.8380749999999999,0.8411764705882353,0.8411764705882353,0.8411764705882353,0.8411764705882353,0.8411764705882353,0.8411764705882353,0.8411764705882353,0.8411764705882353,0.8404441176470587,0.8411764705882353,0.7428029411764705,0.7330926470588235,0.7275117647058822,0.6335794117647059,0.6635970588235295,0.6932294117647059,0.7240985294117647,0.7465823529411764,0.7730088235294118,0.7833279411764704,0.8037926470588235,0.8240985294117648,0.8404441176470587,0.8411764705882353,0.8411764705882353,0.8411764705882353,0.8404441176470587,0.8296073529411764,0.7934176470588233,0.8075088235294117,0.7960897058823528,0.8411764705882353,0.8411764705882353,0.8411764705882353,0.8411764705882353,0.8411764705882353,0.8411764705882353,0.8411764705882353,0.8411764705882353,0.8411764705882353,0.8411764705882353,0.8411764705882353,0.8411764705882353,0.8411764705882353,0.8411764705882353,0.8041352941176471,0.8411764705882353,0.798010294117647,0.8196367647058822,0.8411764705882353,0.8411764705882353,0.8411764705882353,0.8411764705882353,0.8411764705882353,0.8411764705882353,0.8411764705882353,0.8411764705882353,0.8411764705882353,0.8411764705882353,0.8411764705882353,0.8310764705882352,0.8296073529411764,0.8397073529411765,0.7907367647058823,0.7962588235294117,0.7880367647058824,0.750730882352941,0.8168044117647059,0.8373382352941175,0.7489514705882352,0.7797308823529412,0.7267617647058823,0.7257397058823529,0.726910294117647,0.808560294117647,0.8388073529411765,0.8388073529411765,0.8411764705882353,0.8411764705882353,0.8411764705882353,0.8411764705882353,0.8411764705882353,0.8368794117647058,0.8397073529411765
0.8411764705882353,0.8411764705882353,0.8411764705882353,0.8411764705882353,0.8157897058823529,0.7701161764705882,0.6362897058823529,0.6024382352941177,0.5445147058823528,0.5867794117647058,0.6911367647058824,0.6771794117647059,0.6759632352941176,0.7484249999999999,0.794895588235294,0.8411764705882353,0.8411764705882353,0.8411764705882353,0.8411764705882353,0.8411764705882353,0.8411764705882353,0.8411764705882353,0.8404441176470587,0.8411764705882353,0.8203691176470587,0.8380749999999999,0.7979176470588234,0.7399308823529411,0.6515558823529412,0.6589764705882353,0.6794161764705882,0.782414705882353,0.7814249999999998,0.7824117647058823,0.8206426470588235,0.7819661764705882,0.7592867647058823,0.8411764705882353,0.8411764705882353,0.8411764705882353,0.8404441176470587,0.8399955882352941,0.7733897058823529,0.8281220588235294,0.8157897058823529,0.8380749999999999,0.8177191176470587,0.8411764705882353,0.8411764705882353,0.8404441176470587,0.8411764705882353,0.8411764705882353,0.8411764705882353,0.8411764705882353,0.8411764705882353,0.8411764705882353,0.8411764705882353,0.8411764705882353,0.8411764705882353,0.8411764705882353,0.8388073529411765,0.792535294117647,0.7576558823529411,0.8203691176470587,0.8203691176470587,0.8411764705882353,0.8411764705882353,0.8411764705882353,0.8411764705882353,0.8411764705882353,0.8411764705882353,0.8411764705882353,0.8411764705882353,0.8411764705882353,0.8411764705882353,0.8388073529411765,0.8411764705882353,0.8045573529411765,0.789225,0.8193514705882351,0.8106882352941175,0.7767264705882352,0.8243941176470587,0.7865720588235292,0.7679823529411763,0.7355147058823529,0.7687485294117646,0.8035867647058822,0.8204367647058822,0.785835294117647,0.8388073529411765,0.8203691176470587,0.8399955882352941,0.8411764705882353,0.8411764705882353,0.8411764705882353,0.8404441176470587,0.8411764705882353,0.8411764705882353
0.8411764705882353,0.8411764705882353,0.8411764705882353,0.8411764705882353,0.7740691176470587,0.7333,0.6577794117647058,0.5695632352941176,0.5603485294117647,0.5997382352941176,0.6442397058823528,0.6656426470588235,0.7197794117647058,0.8080205882352941,0.808245588235294,0.8411764705882353,0.8411764705882353,0.8411764705882353,0.8411764705882353,0.8411764705882353,0.8411764705882353,0.8203691176470587,0.8411764705882353,0.8411764705882353,0.8411764705882353,0.817580882352941,0.6958705882352941,0.7044735294117647,0.6505926470588235,0.6406485294117646,0.6766838235294117,0.7801397058823528,0.8142970588235293,0.8084161764705882,0.7937073529411763,0.7853838235294116,0.8404441176470587,0.8411764705882353,0.8411764705882353,0.8411764705882353,0.8303441176470588,0.8303441176470588,0.8328794117647057,0.8196367647058822,0.8370411764705881,0.8196367647058822,0.8404441176470587,0.8411764705882353,0.8411764705882353,0.8411764705882353,0.8411764705882353,0.8411764705882353,0.8411764705882353,0.8411764705882353,0.8411764705882353,0.8411764705882353,0.8411764705882353,0.8411764705882353,0.8411764705882353,0.8380749999999999,0.8377852941176469,0.8397073529411765,0.7641926470588234,0.8397073529411765,0.8203691176470587,0.8411764705882353,0.8411764705882353,0.8411764705882353,0.8411764705882353,0.8411764705882353,0.8411764705882353,0.8411764705882353,0.8411764705882353,0.8411764705882353,0.8411764705882353,0.8411764705882353,0.8388073529411765,0.8388073529411765,0.8047132352941176,0.8017367647058823,0.760789705882353,0.8365970588235293,0.8054544117647059,0.8404441176470587,0.8044073529411764,0.7806470588235295,0.7998632352941176,0.8374735294117647,0.7862749999999998,0.7847808823529412,0.8411764705882353,0.8411764705882353,0.8203691176470587,0.8411764705882353,0.8411764705882353,0.8411764705882353,0.8411764705882353,0.8404441176470587,0.8411764705882353
0.8411764705882353,0.8411764705882353,0.8411764705882353,0.8411764705882353,0.7503970588235294,0.7551117647058823,0.6103941176470586,0.6094352941176469,0.5834308823529412,0.6477544117647059,0.6151397058823529,0.6740485294117646,0.6749029411764705,0.7818426470588234,0.818,0.8411764705882353,0.8411764705882353,0.8411764705882353,0.8411764705882353,0.8411764705882353,0.8411764705882353,0.8411764705882353,0.8411764705882353,0.8411764705882353,0.8411764705882353,0.7864485294117647,0.7422,0.7260397058823529,0.6418029411764705,0.7288441176470587,0.723975,0.7848852941176471,0.7494014705882353,0.6774823529411764,0.7168382352941176,0.8051397058823528,0.8196367647058822,0.8388073529411765,0.8411764705882353,0.8411764705882353,0.8411764705882353,0.8181588235294117,0.7627147058823529,0.745035294117647,0.7870338235294116,0.8380749999999999,0.8380749999999999,0.8411764705882353,0.8411764705882353,0.8411764705882353,0.8411764705882353,0.8411764705882353,0.8411764705882353,0.8411764705882353,0.8411764705882353,0.8411764705882353,0.8411764705882353,0.8411764705882353,0.8411764705882353,0.8404441176470587,0.8152117647058823,0.8196367647058822,0.7953529411764706,0.8411764705882353,0.8411764705882353,0.8411764705882353,0.8411764705882353,0.8411764705882353,0.8411764705882353,0.8411764705882353,0.8411764705882353,0.8411764705882353,0.8411764705882353,0.8411764705882353,0.8411764705882353,0.8411764705882353,0.8411764705882353,0.8054485294117647,0.7910044117647059,0.8137264705882352,0.7650779411764705,0.788485294117647,0.8374735294117647,0.8361426470588235,0.761220588235294,0.8042691176470588,0.7291573529411765,0.7876985294117647,0.7801397058823528,0.7877529411764704,0.8397073529411765,0.8411764705882353,0.8411764705882353,0.8388073529411765,0.8411764705882353,0.8411764705882353,0.8203691176470587,0.8196367647058822,0.8183176470588235
0.8411764705882353,0.8411764705882353,0.8411764705882353,0.8404441176470587,0.7797308823529412,0.6883573529411764,0.6578691176470588,0.5805441176470587,0.5761147058823529,0.5879455882352941,0.6851573529411764,0.7218426470588235,0.6991647058823528,0.7777411764705882,0.8263073529411764,0.8411764705882353,0.8411764705882353,0.8411764705882353,0.8411764705882353,0.8411764705882353,0.8411764705882353,0.8404441176470587,0.8411764705882353,0.8404441176470587,0.8296073529411764,0.7696573529411764,0.7505529411764705,0.7642411764705881,0.6277882352941175,0.6171941176470588,0.6788985294117647,0.7435691176470587,0.8126470588235293,0.7659544117647057,0.8153470588235292,0.7862749999999998,0.7962382352941175,0.8404441176470587,0.8411764705882353,0.8411764705882353,0.8411764705882353,0.8376470588235293,0.8066426470588235,0.8373382352941175,0.8145941176470587,0.8404441176470587,0.8404441176470587,0.8411764705882353,0.8411764705882353,0.8411764705882353,0.8411764705882353,0.8411764705882353,0.8411764705882353,0.8411764705882353,0.8411764705882353,0.8411764705882353,0.8411764705882353,0.8411764705882353,0.8411764705882353,0.8040308823529411,0.782710294117647,0.8142926470588235,0.7954882352941176,0.8380749999999999,0.808560294117647,0.8411764705882353,0.8411764705882353,0.8411764705882353,0.8411764705882353,0.8411764705882353,0.8411764705882353,0.8411764705882353,0.8411764705882353,0.8411764705882353,0.8411764705882353,0.8411764705882353,0.8069235294117647,0.8397073529411765,0.8001764705882353,0.7778044117647059,0.8162338235294117,0.7389617647058823,0.8255750000000001,0.8367558823529411,0.8382220588235293,0.8188999999999999,0.782710294117647,0.7834617647058822,0.7114808823529412,0.7977235294117645,0.8411764705882353,0.8380749999999999,0.8411764705882353,0.8411764705882353,0.8411764705882353,0.8411764705882353,0.8411764705882353,0.8203691176470587,0.8411764705882353
0.8411764705882353,0.8411764705882353,0.8411764705882353,0.8404441176470587,0.836720588235294,0.7406058823529411,0.674314705882353,0.6116529411764706,0.5638970588235294,0.5762147058823529,0.6720573529411765,0.6882970588235293,0.7307632352941175,0.7777617647058823,0.7953397058823529,0.8411764705882353,0.8411764705882353,0.8411764705882353,0.8411764705882353,0.8411764705882353,0.8411764705882353,0.8203691176470587,0.8203691176470587,0.7547882352941175,0.8255750000000001,0.8349397058823529,0.7487397058823528,0.6834735294117646,0.6630044117647058,0.6734397058823529,0.7015676470588234,0.7539897058823528,0.832560294117647,0.7615338235294118,0.756454411764706,0.8196367647058822,0.8166661764705881,0.8411764705882353,0.8411764705882353,0.8411764705882353,0.8399955882352941,0.8196367647058822,0.7865720588235292,0.8404441176470587,0.8137264705882352,0.838966176470588,0.8404441176470587,0.8411764705882353,0.8411764705882353,0.8411764705882353,0.8411764705882353,0.8411764705882353,0.8411764705882353,0.8411764705882353,0.8411764705882353,0.8411764705882353,0.8411764705882353,0.8411764705882353,0.8411764705882353,0.8404441176470587,0.8165308823529411,0.785530882352941,0.8373382352941175,0.8184558823529411,0.818,0.8411764705882353,0.8411764705882353,0.8411764705882353,0.8411764705882353,0.8411764705882353,0.8411764705882353,0.8411764705882353,0.8411764705882353,0.8411764705882353,0.8411764705882353,0.8411764705882353,0.8399955882352941,0.8404441176470587,0.8035867647058822,0.7588999999999999,0.789310294117647,0.7405808823529411,0.8404441176470587,0.8248382352941176,0.8166264705882352,0.7546176470588234,0.800045588235294,0.8174147058823529,0.7884647058823528,0.7796544117647058,0.8397073529411765,0.8404441176470587,0.8388073529411765,0.8411764705882353,0.8411764705882353,0.8411764705882353,0.8411764705882353,0.8388073529411765,0.8388073529411765
0.8411764705882353,0.8411764705882353,0.8411764705882353,0.8404441176470587,0.7656411764705882,0.7058205882352941,0.6089058823529412,0.590320588235294,0.5472264705882353,0.5723735294117647,0.6690544117647057,0.6945749999999999,0.7301647058823529,0.7989808823529412,0.8191882352941176,0.8388073529411765,0.8411764705882353,0.8411764705882353,0.8411764705882353,0.8411764705882353,0.8411764705882353,0.8411764705882353,0.8411764705882353,0.8411764705882353,0.8411764705882353,0.8368794117647058,0.7667867647058823,0.7208617647058823,0.6385455882352941,0.6052823529411764,0.6609588235294116,0.801570588235294,0.7544911764705882,0.7771838235294116,0.8232058823529411,0.8232058823529411,0.808560294117647,0.8092926470588234,0.8388073529411765,0.8411764705882353,0.8203691176470587,0.838966176470588,0.8346573529411764,0.8382220588235293,0.765945588235294,0.8411764705882353,0.8404441176470587,0.8411764705882353,0.8411764705882353,0.8411764705882353,0.8411764705882353,0.8411764705882353,0.8411764705882353,0.8411764705882353,0.8411764705882353,0.8411764705882353,0.8411764705882353,0.8411764705882353,0.8411764705882353,0.8392632352941175,0.7874882352941176,0.8069235294117647,0.8235191176470588,0.8382220588235293,0.8411764705882353,0.8411764705882353,0.8411764705882353,0.8411764705882353,0.8411764705882353,0.8411764705882353,0.8411764705882353,0.8411764705882353,0.8411764705882353,0.8411764705882353,0.8411764705882353,0.8399955882352941,0.8404441176470587,0.8391249999999998,0.7741397058823528,0.8298941176470589,0.7795823529411763,0.8102205882352941,0.8404441176470587,0.8411764705882353,0.8362926470588234,0.7815397058823529,0.8246426470588234,0.8354014705882353,0.7825764705882351,0.7862749999999998,0.8404441176470587,0.8388073529411765,0.8411764705882353,0.8411764705882353,0.8411764705882353,0.8411764705882353,0.8411764705882353,0.8411764705882353,0.8404441176470587
0.8411764705882353,0.8411764705882353,0.8411764705882353,0.8411764705882353,0.7490588235294118,0.7579117647058823,0.6356382352941177,0.5679220588235294,0.555435294117647,0.594525,0.6786794117647057,0.6251338235294117,0.7182720588235293,0.8009220588235294,0.8392632352941175,0.8411764705882353,0.8411764705882353,0.8411764705882353,0.8411764705882353,0.8411764705882353,0.8411764705882353,0.8303441176470588,0.8310764705882352,0.8411764705882353,0.768925,0.8051397058823528,0.7086426470588234,0.6652779411764704,0.6235691176470588,0.6192676470588234,0.7004367647058821,0.6996367647058823,0.8304338235294118,0.7902897058823528,0.7919249999999999,0.785530882352941,0.8354014705882353,0.8411764705882353,0.8411764705882353,0.8411764705882353,0.8411764705882353,0.8411764705882353,0.8123897058823529,0.817580882352941,0.8040308823529411,0.8373382352941175,0.8404441176470587,0.8411764705882353,0.8399955882352941,0.8411764705882353,0.8411764705882353,0.8411764705882353,0.8411764705882353,0.8411764705882353,0.8411764705882353,0.8411764705882353,0.8411764705882353,0.8411764705882353,0.8411764705882353,0.8227794117647058,0.7542499999999999,0.7862749999999998,0.8373382352941175,0.838966176470588,0.8411764705882353,0.8411764705882353,0.8411764705882353,0.8411764705882353,0.8411764705882353,0.8411764705882353,0.8411764705882353,0.8411764705882353,0.8411764705882353,0.8411764705882353,0.8411764705882353,0.8404441176470587,0.8404441176470587,0.8334544117647058,0.7710205882352942,0.7154941176470588,0.7574411764705882,0.8174147058823529,0.8203691176470587,0.8404441176470587,0.7737794117647059,0.8040308823529411,0.8174058823529412,0.8404441176470587,0.7327397058823529,0.7877529411764704,0.8411764705882353,0.8411764705882353,0.8411764705882353,0.8411764705882353,0.8411764705882353,0.8411764705882353,0.8411764705882353,0.8404441176470587,0.8411764705882353
0.8411764705882353,0.8411764705882353,0.8411764705882353,0.8404441176470587,0.792970588235294,0.7994117647058823,0.6337838235294118,0.5843338235294117,0.5503529411764705,0.6272455882352941,0.6188999999999999,0.6484514705882354,0.6785911764705882,0.8135441176470587,0.8303441176470588,0.8404441176470587,0.8411764705882353,0.8411764705882353,0.8411764705882353,0.8411764705882353,0.8411764705882353,0.8411764705882353,0.8411764705882353,0.8203691176470587,0.8411764705882353,0.7850941176470587,0.7230191176470587,0.6824897058823529,0.6288014705882352,0.7017544117647058,0.7594941176470588,0.783270588235294,0.7991441176470587,0.8094720588235294,0.7735647058823528,0.8061897058823527,0.8404441176470587,0.8411764705882353,0.8411764705882353,0.8411764705882353,0.8411764705882353,0.8061911764705881,0.7852676470588233,0.7535367647058824,0.808245588235294,0.8411764705882353,0.8404441176470587,0.8411764705882353,0.8411764705882353,0.8411764705882353,0.8411764705882353,0.8411764705882353,0.8411764705882353,0.8411764705882353,0.8411764705882353,0.8411764705882353,0.8411764705882353,0.8411764705882353,0.8411764705882353,0.8255750000000001,0.7750014705882352,0.8175794117647058,0.8040308823529411,0.8181588235294117,0.8383882352941175,0.8411764705882353,0.8411764705882353,0.8411764705882353,0.8411764705882353,0.8411764705882353,0.8411764705882353,0.8411764705882353,0.8411764705882353,0.8411764705882353,0.8411764705882353,0.8411764705882353,0.8404441176470587,0.8078235294117646,0.7907367647058823,0.7886220588235292,0.764460294117647,0.7772308823529411,0.8203691176470587,0.8411764705882353,0.8106882352941175,0.8188999999999999,0.7000794117647059,0.8351044117647058,0.724210294117647,0.8203691176470587,0.8404441176470587,0.8411764705882353,0.8203691176470587,0.8411764705882353,0.8411764705882353,0.8411764705882353,0.8411764705882353,0.8411764705882353,0.8203691176470587
0.8411764705882353,0.8411764705882353,0.8411764705882353,0.8388073529411765,0.8165308823529411,0.7261220588235294,0.6457779411764705,0.6172544117647059,0.5643367647058822,0.58385,0.656535294117647,0.7426661764705882,0.6920999999999998,0.7423852941176471,0.8404441176470587,0.8411764705882353,0.8203691176470587,0.8411764705882353,0.8411764705882353,0.8411764705882353,0.8411764705882353,0.8411764705882353,0.8411764705882353,0.8203691176470587,0.8411764705882353,0.8373382352941175,0.6793735294117647,0.7022897058823528,0.6515941176470588,0.6798044117647057,0.6594735294117646,0.7841779411764704,0.7834264705882352,0.7720308823529412,0.7678617647058823,0.7917867647058823,0.793105882352941,0.8411764705882353,0.8411764705882353,0.8411764705882353,0.8196367647058822,0.8397073529411765,0.8355397058823529,0.8339088235294118,0.8168397058823529,0.8397073529411765,0.8404441176470587,0.8392632352941175,0.8411764705882353,0.8411764705882353,0.8411764705882353,0.8411764705882353,0.8411764705882353,0.8411764705882353,0.8411764705882353,0.8411764705882353,0.8411764705882353,0.8411764705882353,0.8411764705882353,0.8177191176470587,0.838966176470588,0.8365970588235293,0.8188999999999999,0.7879338235294118,0.8224691176470589,0.8404441176470587,0.8411764705882353,0.8411764705882353,0.8411764705882353,0.8411764705882353,0.8411764705882353,0.8411764705882353,0.8411764705882353,0.8411764705882353,0.8411764705882353,0.8411764705882353,0.8310764705882352,0.8404441176470587,0.817375,0.7457029411764704,0.8055882352941175,0.8196367647058822,0.8306338235294117,0.8392632352941175,0.8290544117647058,0.7503485294117647,0.8335941176470588,0.7641382352941175,0.7579397058823529,0.7499867647058822,0.8388073529411765,0.8411764705882353,0.8411764705882353,0.8411764705882353,0.8411764705882353,0.8411764705882353,0.8411764705882353,0.8397073529411765,0.8191882352941176
0.8411764705882353,0.8411764705882353,0.8411764705882353,0.8203691176470587,0.8358529411764705,0.8045514705882353,0.6549735294117647,0.6146352941176471,0.5606632352941175,0.6564558823529412,0.734710294117647,0.6875999999999999,0.6917749999999999,0.7603455882352941,0.8399955882352941,0.8404441176470587,0.8411764705882353,0.8411764705882353,0.8411764705882353,0.8411764705882353,0.8411764705882353,0.8411764705882353,0.8411764705882353,0.8388073529411765,0.8411764705882353,0.8397073529411765,0.7895235294117646,0.7023882352941175,0.6087852941176469,0.6516661764705882,0.6619985294117646,0.8250029411764706,0.6961941176470587,0.7818191176470587,0.7622749999999999,0.7941588235294117,0.808560294117647,0.8397073529411765,0.8411764705882353,0.8411764705882353,0.8397073529411765,0.8411764705882353,0.8276838235294116,0.78375,0.8141323529411763,0.8411764705882353,0.8092926470588234,0.8388073529411765,0.8388073529411765,0.8411764705882353,0.8411764705882353,0.8411764705882353,0.8411764705882353,0.8411764705882353,0.8411764705882353,0.8411764705882353,0.8411764705882353,0.8411764705882353,0.8411764705882353,0.8288661764705881,0.8218529411764705,0.8157897058823529,0.8397073529411765,0.8411764705882353,0.8411764705882353,0.8404441176470587,0.8411764705882353,0.8411764705882353,0.8411764705882353,0.8411764705882353,0.8411764705882353,0.8411764705882353,0.8411764705882353,0.8411764705882353,0.8411764705882353,0.8411764705882353,0.8263073529411764,0.8255750000000001,0.8135441176470587,0.7913544117647057,0.8397073529411765,0.7871294117647057,0.8181588235294117,0.8397073529411765,0.7613691176470588,0.7503779411764705,0.8174147058823529,0.766385294117647,0.759710294117647,0.838966176470588,0.8196367647058822,0.8411764705882353,0.8203691176470587,0.8411764705882353,0.8411764705882353,0.8411764705882353,0.8411764705882353,0.8411764705882353,0.8196367647058822
0.8411764705882353,0.8411764705882353,0.8411764705882353,0.8404441176470587,0.782710294117647,0.7419279411764704,0.6279882352941175,0.5740029411764705,0.5761720588235294,0.5889132352941175,0.6471044117647058,0.7131720588235293,0.7736573529411764,0.7671117647058823,0.8376117647058823,0.8388073529411765,0.8411764705882353,0.8411764705882353,0.8411764705882353,0.8411764705882353,0.8411764705882353,0.8411764705882353,0.8404441176470587,0.8411764705882353,0.8404441176470587,0.8196367647058822,0.7335970588235293,0.7624911764705882,0.6958338235294116,0.7138485294117646,0.6649367647058824,0.7534161764705881,0.8227308823529411,0.7798970588235293,0.7849558823529411,0.8166661764705881,0.8376470588235293,0.8397073529411765,0.8411764705882353,0.8404441176470587,0.8404441176470587,0.8404441176470587,0.791310294117647,0.8175014705882352,0.808560294117647,0.8404441176470587,0.8397073529411765,0.8411764705882353,0.8411764705882353,0.8411764705882353,0.8411764705882353,0.8411764705882353,0.8411764705882353,0.8411764705882353,0.8411764705882353,0.8411764705882353,0.8411764705882353,0.8411764705882353,0.8411764705882353,0.8397073529411765,0.8404441176470587,0.8404441176470587,0.8078235294117646,0.8188999999999999,0.8411764705882353,0.8411764705882353,0.8411764705882353,0.8411764705882353,0.8411764705882353,0.8411764705882353,0.8411764705882353,0.8411764705882353,0.8411764705882353,0.8411764705882353,0.8411764705882353,0.8411764705882353,0.8397073529411765,0.8310764705882352,0.820070588235294,0.7411970588235294,0.7244176470588235,0.7848235294117647,0.8040308823529411,0.7945985294117647,0.7972779411764706,0.8055867647058823,0.8070823529411765,0.791320588235294,0.7519897058823528,0.8063382352941176,0.8411764705882353,0.8388073529411765,0.8203691176470587,0.8411764705882353,0.8411764705882353,0.8411764705882353,0.8411764705882353,0.8411764705882353,0.8411764705882353
0.8411764705882353,0.8411764705882353,0.8411764705882353,0.8382220588235293,0.8359632352941175,0.7641073529411764,0.6084544117647057,0.6002014705882351,0.5744911764705881,0.5962617647058822,0.6347882352941175,0.6690441176470587,0.7428647058823529,0.801366176470588,0.8203691176470587,0.8411764705882353,0.8388073529411765,0.8411764705882353,0.8411764705882353,0.8411764705882353,0.8404441176470587,0.8388073529411765,0.8411764705882353,0.8411764705882353,0.8092926470588234,0.7853838235294116,0.7948441176470588,0.7041044117647058,0.6130338235294117,0.6692058823529411,0.7129632352941176,0.7407897058823529,0.7497632352941176,0.7975779411764704,0.7652044117647059,0.8059014705882352,0.8276838235294116,0.8287058823529411,0.8411764705882353,0.8411764705882353,0.8411764705882353,0.8411764705882353,0.7870161764705881,0.8075088235294117,0.8066426470588235,0.8092926470588234,0.8380749999999999,0.8404441176470587,0.8411764705882353,0.8411764705882353,0.8411764705882353,0.8411764705882353,0.8411764705882353,0.8411764705882353,0.8411764705882353,0.8411764705882353,0.8411764705882353,0.8404441176470587,0.8404441176470587,0.7886691176470587,0.7640161764705882,0.8159132352941175,0.8165308823529411,0.8168397058823529,0.8397073529411765,0.8411764705882353,0.8411764705882353,0.8411764705882353,0.8411764705882353,0.8411764705882353,0.8411764705882353,0.8411764705882353,0.8411764705882353,0.8411764705882353,0.8411764705882353,0.8411764705882353,0.8397073529411765,0.8382220588235293,0.8229176470588234,0.7580985294117647,0.8032911764705881,0.7954882352941176,0.8268029411764705,0.8404441176470587,0.7706985294117646,0.8003897058823529,0.7472044117647058,0.7831617647058823,0.7657529411764705,0.8232058823529411,0.8196367647058822,0.8404441176470587,0.8411764705882353,0.8411764705882353,0.8411764705882353,0.8411764705882353,0.8411764705882353,0.8411764705882353,0.8411764705882353
0.8411764705882353,0.8411764705882353,0.8411764705882353,0.8404441176470587,0.8067676470588234,0.7637808823529412,0.6781573529411764,0.5870661764705881,0.5632426470588234,0.5684338235294116,0.6718279411764706,0.6975544117647059,0.6945602941176471,0.7284117647058824,0.8248382352941176,0.8411764705882353,0.8411764705882353,0.8411764705882353,0.8411764705882353,0.8411764705882353,0.8411764705882353,0.8411764705882353,0.8411764705882353,0.8411764705882353,0.8364088235294117,0.8081117647058823,0.7308161764705882,0.6684161764705882,0.6591514705882352,0.6396647058823528,0.7145161764705882,0.7410058823529412,0.7392382352941176,0.783270588235294,0.8374735294117647,0.8030794117647059,0.8303441176470588,0.8404441176470587,0.8411764705882353,0.8411764705882353,0.8388073529411765,0.8397073529411765,0.8081117647058823,0.8255750000000001,0.7846470588235293,0.8397073529411765,0.8404441176470587,0.8196367647058822,0.8411764705882353,0.8411764705882353,0.8411764705882353,0.8411764705882353,0.8411764705882353,0.8411764705882353,0.8411764705882353,0.8411764705882353,0.8411764705882353,0.8411764705882353,0.8411764705882353,0.7613955882352941,0.7953397058823529,0.7705749999999999,0.8043191176470587,0.8047676470588234,0.8191882352941176,0.8404441176470587,0.8404441176470587,0.8411764705882353,0.8411764705882353,0.8411764705882353,0.8411764705882353,0.8411764705882353,0.8411764705882353,0.8411764705882353,0.8411764705882353,0.8411764705882353,0.8380749999999999,0.8404441176470587,0.8341985294117645,0.7641926470588234,0.8035176470588234,0.7610838235294117,0.8240985294117648,0.838966176470588,0.815485294117647,0.8024661764705883,0.779260294117647,0.8059014705882352,0.7340691176470587,0.8196367647058822,0.7968088235294117,0.8388073529411765,0.8397073529411765,0.8411764705882353,0.8411764705882353,0.8411764705882353,0.8411764705882353,0.8411764705882353,0.8380749999999999
0.8411764705882353,0.8411764705882353,0.8411764705882353,0.8411764705882353,0.7528867647058822,0.7442338235294118,0.6801014705882352,0.605570588235294,0.5731073529411764,0.5756485294117646,0.6644264705882353,0.6739014705882352,0.7135588235294117,0.7290220588235293,0.8360191176470587,0.8411764705882353,0.8411764705882353,0.8411764705882353,0.8404441176470587,0.8411764705882353,0.8411764705882353,0.8411764705882353,0.8411764705882353,0.8411764705882353,0.8183176470588235,0.8367558823529411,0.8068661764705881,0.6907617647058822,0.6126720588235294,0.6520808823529413,0.6479147058823529,0.8355397058823529,0.755260294117647,0.763455882352941,0.8060941176470587,0.8177191176470587,0.8380749999999999,0.8404441176470587,0.8411764705882353,0.8411764705882353,0.8411764705882353,0.8397073529411765,0.8032191176470588,0.7665558823529411,0.7853838235294116,0.818,0.8404441176470587,0.8411764705882353,0.8411764705882353,0.8411764705882353,0.8411764705882353,0.8411764705882353,0.8411764705882353,0.8411764705882353,0.8411764705882353,0.8411764705882353,0.8411764705882353,0.8411764705882353,0.8411764705882353,0.8377852941176469,0.8151558823529411,0.8181588235294117,0.8383882352941175,0.8373382352941175,0.8411764705882353,0.8404441176470587,0.8411764705882353,0.8411764705882353,0.8411764705882353,0.8411764705882353,0.8411764705882353,0.8411764705882353,0.8411764705882353,0.8411764705882353,0.8411764705882353,0.8411764705882353,0.8380749999999999,0.8397073529411765,0.8120249999999999,0.8273735294117646,0.7375735294117647,0.8368794117647058,0.828425,0.8373382352941175,0.7610867647058823,0.7638852941176469,0.7519720588235294,0.7733264705882353,0.7941573529411764,0.8203691176470587,0.8399955882352941,0.8404441176470587,0.8404441176470587,0.8411764705882353,0.8411764705882353,0.8411764705882353,0.8411764705882353,0.8411764705882353,0.8196367647058822
0.8411764705882353,0.8411764705882353,0.8411764705882353,0.8397073529411765,0.8358529411764705,0.7394455882352942,0.6096514705882352,0.5877,0.5626794117647058,0.5913191176470588,0.6893794117647059,0.7402058823529412,0.6348749999999999,0.7749720588235293,0.808245588235294,0.8411764705882353,0.8411764705882353,0.8411764705882353,0.8411764705882353,0.8411764705882353,0.8411764705882353,0.8397073529411765,0.8411764705882353,0.8255750000000001,0.8263073529411764,0.7805161764705881,0.7845014705882352,0.6837897058823529,0.6641044117647058,0.6530514705882352,0.6362808823529411,0.7528014705882352,0.739455882352941,0.8285705882352941,0.80265,0.7365588235294116,0.8165308823529411,0.8411764705882353,0.8411764705882353,0.8411764705882353,0.8404441176470587,0.8397073529411765,0.7886691176470587,0.7654926470588235,0.8382220588235293,0.8404441176470587,0.8404441176470587,0.8411764705882353,0.8411764705882353,0.8411764705882353,0.8411764705882353,0.8411764705882353,0.8411764705882353,0.8411764705882353,0.8411764705882353,0.8411764705882353,0.8411764705882353,0.8411764705882353,0.8411764705882353,0.838966176470588,0.8172676470588235,0.838966176470588,0.8149147058823529,0.817580882352941,0.8397073529411765,0.8388073529411765,0.8411764705882353,0.8411764705882353,0.8411764705882353,0.8411764705882353,0.8411764705882353,0.8411764705882353,0.8411764705882353,0.8404441176470587,0.8411764705882353,0.8411764705882353,0.8404441176470587,0.8368794117647058,0.8032911764705881,0.7387999999999999,0.7527176470588235,0.7993720588235292,0.8138367647058823,0.8364088235294117,0.771770588235294,0.7987808823529411,0.8188999999999999,0.8255750000000001,0.7302264705882352,0.8263073529411764,0.8263073529411764,0.8392632352941175,0.8411764705882353,0.8411764705882353,0.8411764705882353,0.8411764705882353,0.8411764705882353,0.8411764705882353,0.8411764705882353
0.8411764705882353,0.8411764705882353,0.8411764705882353,0.8365970588235293,0.8181588235294117,0.7523191176470587,0.5919573529411765,0.5825970588235294,0.5852338235294117,0.5834308823529412,0.6576367647058824,0.663145588235294,0.7019147058823529,0.7949397058823529,0.8397073529411765,0.8411764705882353,0.8411764705882353,0.8411764705882353,0.8411764705882353,0.8411764705882353,0.8411764705882353,0.8411764705882353,0.8411764705882353,0.818,0.788485294117647,0.818,0.7220264705882351,0.6957470588235294,0.6408279411764706,0.6227220588235294,0.6864367647058824,0.7315455882352941,0.8169779411764706,0.6964926470588235,0.7757294117647058,0.8135558823529412,0.8070823529411765,0.8411764705882353,0.8411764705882353,0.8411764705882353,0.8411764705882353,0.8203691176470587,0.8188999999999999,0.7947573529411763,0.7649249999999999,0.8392632352941175,0.8397073529411765,0.8411764705882353,0.8411764705882353,0.8411764705882353,0.8411764705882353,0.8411764705882353,0.8411764705882353,0.8411764705882353,0.8411764705882353,0.8411764705882353,0.8411764705882353,0.8411764705882353,0.8411764705882353,0.8397073529411765,0.7920985294117646,0.836720588235294,0.8404441176470587,0.8373382352941175,0.8411764705882353,0.8411764705882353,0.8411764705882353,0.8411764705882353,0.8411764705882353,0.8411764705882353,0.8411764705882353,0.8411764705882353,0.8411764705882353,0.8411764705882353,0.8399955882352941,0.8392632352941175,0.8404441176470587,0.8380749999999999,0.7839058823529411,0.7333867647058824,0.7466514705882352,0.8157897058823529,0.8377852941176469,0.8411764705882353,0.8135441176470587,0.7604676470588234,0.7420808823529412,0.8227794117647058,0.7530691176470588,0.8361426470588235,0.8255750000000001,0.8203691176470587,0.8411764705882353,0.8411764705882353,0.8411764705882353,0.8411764705882353,0.8411764705882353,0.8404441176470587,0.8411764705882353
0.8411764705882353,0.8411764705882353,0.8411764705882353,0.8397073529411765,0.8157897058823529,0.798985294117647,0.6565073529411763,0.5615470588235294,0.5697220588235293,0.6195279411764705,0.6203044117647059,0.6510058823529412,0.6689867647058824,0.7672882352941177,0.8411764705882353,0.8411764705882353,0.8411764705882353,0.8411764705882353,0.8411764705882353,0.8411764705882353,0.8411764705882353,0.8411764705882353,0.8411764705882353,0.8404441176470587,0.8411764705882353,0.818,0.7045279411764704,0.7446338235294117,0.6286411764705883,0.6214176470588235,0.7466558823529411,0.7932205882352941,0.7259014705882353,0.8034779411764704,0.7953397058823529,0.8039691176470587,0.8352779411764706,0.8411764705882353,0.8411764705882353,0.8411764705882353,0.8411764705882353,0.8404441176470587,0.8272367647058823,0.8075088235294117,0.8388073529411765,0.818,0.8397073529411765,0.8397073529411765,0.8411764705882353,0.8411764705882353,0.8411764705882353,0.8411764705882353,0.8411764705882353,0.8411764705882353,0.8411764705882353,0.8411764705882353,0.8411764705882353,0.8411764705882353,0.8411764705882353,0.8380749999999999,0.7840279411764705,0.793105882352941,0.8157897058823529,0.8360191176470587,0.8411764705882353,0.8411764705882353,0.8411764705882353,0.8411764705882353,0.8411764705882353,0.8411764705882353,0.8411764705882353,0.8411764705882353,0.8411764705882353,0.8411764705882353,0.8411764705882353,0.8092926470588234,0.8196367647058822,0.8404441176470587,0.7877529411764704,0.8114676470588233,0.8133911764705881,0.778985294117647,0.8006294117647058,0.8092926470588234,0.7641735294117645,0.80265,0.7382088235294115,0.785530882352941,0.754685294117647,0.8156588235294118,0.8404441176470587,0.8411764705882353,0.8411764705882353,0.8411764705882353,0.8411764705882353,0.8411764705882353,0.8411764705882353,0.8404441176470587,0.8092926470588234
0.8411764705882353,0.8411764705882353,0.8411764705882353,0.8411764705882353,0.7116794117647058,0.7089397058823528,0.6239838235294117,0.6088911764705882,0.5545264705882352,0.5833397058823528,0.7070970588235294,0.7211514705882353,0.6792617647058824,0.8031308823529411,0.8188999999999999,0.8411764705882353,0.8411764705882353,0.8411764705882353,0.8411764705882353,0.8411764705882353,0.8411764705882353,0.8411764705882353,0.8411764705882353,0.8397073529411765,0.8172676470588235,0.7830176470588234,0.742320588235294,0.6922117647058823,0.647285294117647,0.612745588235294,0.7115161764705882,0.7309470588235293,0.7862749999999998,0.7619529411764705,0.6770117647058822,0.8382220588235293,0.7953397058823529,0.8404441176470587,0.8411764705882353,0.8411764705882353,0.8411764705882353,0.8404441176470587,0.7985235294117645,0.742825,0.8162338235294117,0.8373382352941175,0.8388073529411765,0.8404441176470587,0.8411764705882353,0.8404441176470587,0.8411764705882353,0.8411764705882353,0.8411764705882353,0.8411764705882353,0.8411764705882353,0.8411764705882353,0.8411764705882353,0.8411764705882353,0.8411764705882353,0.8066426470588235,0.7824117647058823,0.7515367647058823,0.8377852941176469,0.8224691176470589,0.8263073529411764,0.8411764705882353,0.8411764705882353,0.8411764705882353,0.8411764705882353,0.8411764705882353,0.8411764705882353,0.8411764705882353,0.8411764705882353,0.8411764705882353,0.8411764705882353,0.8411764705882353,0.8073794117647057,0.8373382352941175,0.7839058823529411,0.7790735294117648,0.7320647058823528,0.8233529411764706,0.7782367647058823,0.7945985294117647,0.8373382352941175,0.8233544117647058,0.8181588235294117,0.8013426470588235,0.7825088235294116,0.785835294117647,0.8172676470588235,0.8411764705882353,0.8411764705882353,0.8411764705882353,0.8411764705882353,0.8411764705882353,0.8404441176470587,0.8411764705882353,0.8203691176470587
0.8411764705882353,0.8411764705882353,0.8411764705882353,0.8411764705882353,0.7687485294117646,0.7229720588235292,0.6532264705882352,0.5770132352941175,0.556235294117647,0.5741764705882352,0.6653749999999998,0.6542367647058823,0.6879544117647058,0.7920985294117646,0.8411764705882353,0.8404441176470587,0.8411764705882353,0.8411764705882353,0.8411764705882353,0.8404441176470587,0.8411764705882353,0.8411764705882353,0.8411764705882353,0.8388073529411765,0.8399955882352941,0.8023147058823529,0.8125044117647058,0.7070073529411764,0.6772720588235293,0.6681470588235293,0.7404985294117645,0.793991176470588,0.7641382352941175,0.7604500000000001,0.745245588235294,0.8380749999999999,0.800995588235294,0.8411764705882353,0.8411764705882353,0.8411764705882353,0.8411764705882353,0.8397073529411765,0.8169779411764706,0.8365970588235293,0.7839058823529411,0.8411764705882353,0.8411764705882353,0.8411764705882353,0.8411764705882353,0.8411764705882353,0.8411764705882353,0.8411764705882353,0.8411764705882353,0.8411764705882353,0.8411764705882353,0.8411764705882353,0.8411764705882353,0.8411764705882353,0.8411764705882353,0.8310764705882352,0.7953397058823529,0.793105882352941,0.8157897058823529,0.8411764705882353,0.8411764705882353,0.8411764705882353,0.8411764705882353,0.8411764705882353,0.8411764705882353,0.8411764705882353,0.8411764705882353,0.8411764705882353,0.8411764705882353,0.8411764705882353,0.8411764705882353,0.8411764705882353,0.8404441176470587,0.815475,0.8128161764705882,0.7815073529411763,0.80375,0.836720588235294,0.8060235294117646,0.8279735294117646,0.7674294117647058,0.7825867647058823,0.8316367647058822,0.8236294117647058,0.7729588235294116,0.8404441176470587,0.8298941176470589,0.8290249999999999,0.8411764705882353,0.8411764705882353,0.8411764705882353,0.8411764705882353,0.8411764705882353,0.8411764705882353,0.8188999999999999
0.8411764705882353,0.8411764705882353,0.8411764705882353,0.8092926470588234,0.8404441176470587,0.7957588235294117,0.6584838235294117,0.573110294117647,0.5634823529411764,0.6099220588235293,0.733220588235294,0.7002455882352941,0.7227514705882352,0.8204382352941175,0.7962382352941175,0.8411764705882353,0.8411764705882353,0.8411764705882353,0.8411764705882353,0.8411764705882353,0.8411764705882353,0.838966176470588,0.8411764705882353,0.8404441176470587,0.8404441176470587,0.7853838235294116,0.7664588235294115,0.7387279411764704,0.6182897058823529,0.6345485294117647,0.6607926470588235,0.7317235294117647,0.7875867647058823,0.7856176470588234,0.833785294117647,0.8373382352941175,0.838966176470588,0.8196367647058822,0.8411764705882353,0.8411764705882353,0.8411764705882353,0.8263073529411764,0.743120588235294,0.828425,0.8296073529411764,0.8203691176470587,0.8404441176470587,0.8411764705882353,0.8411764705882353,0.8411764705882353,0.8411764705882353,0.8411764705882353,0.8411764705882353,0.8411764705882353,0.8411764705882353,0.8411764705882353,0.8411764705882353,0.8411764705882353,0.8411764705882353,0.80265,0.83905,0.8024588235294117,0.8273735294117646,0.8411764705882353,0.8411764705882353,0.8411764705882353,0.8404441176470587,0.8411764705882353,0.8411764705882353,0.8411764705882353,0.8411764705882353,0.8411764705882353,0.8411764705882353,0.8411764705882353,0.8411764705882353,0.8411764705882353,0.8411764705882353,0.8172676470588235,0.838966176470588,0.7843499999999999,0.7974411764705882,0.785530882352941,0.8073794117647057,0.7870161764705881,0.8399955882352941,0.7870161764705881,0.758405882352941,0.8029970588235295,0.7110617647058822,0.832275,0.8188999999999999,0.8203691176470587,0.8411764705882353,0.8411764705882353,0.8411764705882353,0.8411764705882353,0.8388073529411765,0.8203691176470587,0.8203691176470587
0.8411764705882353,0.8411764705882353,0.8411764705882353,0.8388073529411765,0.7997544117647059,0.7357117647058823,0.6903514705882353,0.56585,0.5540544117647058,0.6212102941176469,0.6092441176470588,0.7278882352941176,0.6868073529411763,0.7812073529411765,0.8203691176470587,0.8404441176470587,0.8411764705882353,0.8411764705882353,0.8411764705882353,0.8411764705882353,0.8411764705882353,0.8411764705882353,0.8411764705882353,0.8388073529411765,0.8203691176470587,0.8181588235294117,0.7305588235294117,0.7045338235294116,0.6301220588235295,0.6680514705882352,0.6838647058823529,0.7515441176470588,0.792795588235294,0.7418838235294117,0.7654897058823529,0.7886691176470587,0.788485294117647,0.8411764705882353,0.8411764705882353,0.8411764705882353,0.8411764705882353,0.8399955882352941,0.8070823529411765,0.8404441176470587,0.774264705882353,0.8411764705882353,0.8399955882352941,0.8411764705882353,0.8411764705882353,0.8411764705882353,0.8411764705882353,0.8411764705882353,0.8411764705882353,0.8411764705882353,0.8411764705882353,0.8411764705882353,0.8411764705882353,0.8411764705882353,0.8404441176470587,0.8380749999999999,0.7849205882352941,0.8370411764705881,0.8373382352941175,0.8181588235294117,0.8404441176470587,0.8404441176470587,0.8411764705882353,0.8411764705882353,0.8411764705882353,0.8411764705882353,0.8411764705882353,0.8411764705882353,0.8411764705882353,0.8411764705882353,0.8411764705882353,0.8411764705882353,0.8411764705882353,0.8325132352941175,0.8163264705882352,0.8009220588235294,0.7942999999999999,0.7813102941176471,0.8075088235294117,0.8388073529411765,0.791310294117647,0.8142970588235293,0.8254382352941176,0.7713191176470588,0.7719602941176471,0.7879338235294118,0.8376117647058823,0.8203691176470587,0.8411764705882353,0.8411764705882353,0.8411764705882353,0.8411764705882353,0.8411764705882353,0.8411764705882353,0.8399955882352941
0.8411764705882353,0.8411764705882353,0.8411764705882353,0.8373382352941175,0.8058764705882352,0.7426411764705882,0.6579117647058824,0.5765352941176469,0.558785294117647,0.5841176470588235,0.6576691176470587,0.6643323529411763,0.6925308823529411,0.7223264705882353,0.8411764705882353,0.8411764705882353,0.8411764705882353,0.8411764705882353,0.8411764705882353,0.8411764705882353,0.8411764705882353,0.8203691176470587,0.8411764705882353,0.8411764705882353,0.8196367647058822,0.7945985294117647,0.7695441176470588,0.7413764705882352,0.639920588235294,0.6390573529411764,0.668785294117647,0.7709558823529411,0.7765294117647058,0.7230720588235294,0.7883397058823529,0.8019000000000001,0.8172676470588235,0.8411764705882353,0.8411764705882353,0.8411764705882353,0.8411764705882353,0.8397073529411765,0.7727794117647058,0.8203691176470587,0.7937073529411763,0.8373382352941175,0.8196367647058822,0.8404441176470587,0.8411764705882353,0.8411764705882353,0.8411764705882353,0.8411764705882353,0.8411764705882353,0.8411764705882353,0.8411764705882353,0.8411764705882353,0.8411764705882353,0.8411764705882353,0.8397073529411765,0.8397073529411765,0.8174147058823529,0.768925,0.8385264705882352,0.8380749999999999,0.8411764705882353,0.8092926470588234,0.8411764705882353,0.8411764705882353,0.8411764705882353,0.8411764705882353,0.8411764705882353,0.8411764705882353,0.8411764705882353,0.8411764705882353,0.8411764705882353,0.8404441176470587,0.8388073529411765,0.7894029411764705,0.6996279411764704,0.745889705882353,0.8045823529411763,0.7738794117647059,0.8248382352941176,0.8411764705882353,0.7953529411764706,0.8250029411764706,0.7875676470588234,0.7914852941176469,0.7588514705882352,0.8148691176470587,0.8404441176470587,0.8399955882352941,0.8411764705882353,0.8411764705882353,0.8411764705882353,0.8411764705882353,0.8411764705882353,0.8263073529411764,0.8263073529411764
0.8411764705882353,0.8411764705882353,0.8411764705882353,0.8411764705882353,0.7946117647058822,0.7851779411764704,0.6350926470588235,0.590885294117647,0.5709073529411764,0.5855911764705881,0.7029014705882354,0.7016014705882352,0.6721132352941176,0.8166661764705881,0.8057632352941175,0.8404441176470587,0.8411764705882353,0.8411764705882353,0.8411764705882353,0.8411764705882353,0.8411764705882353,0.8411764705882353,0.8411764705882353,0.8404441176470587,0.8411764705882353,0.7962382352941175,0.6614735294117647,0.7163926470588236,0.6798073529411764,0.7005029411764705,0.6460676470588235,0.7213794117647057,0.7573705882352941,0.8181588235294117,0.8135441176470587,0.766385294117647,0.8248382352941176,0.8411764705882353,0.8388073529411765,0.8411764705882353,0.8411764705882353,0.8411764705882353,0.788895588235294,0.7896529411764706,0.8404441176470587,0.804835294117647,0.8397073529411765,0.8404441176470587,0.8411764705882353,0.8411764705882353,0.8411764705882353,0.8411764705882353,0.8411764705882353,0.8411764705882353,0.8411764705882353,0.8411764705882353,0.8411764705882353,0.8411764705882353,0.8411764705882353,0.7956279411764706,0.8145941176470587,0.783030882352941,0.8290249999999999,0.8077970588235293,0.8411764705882353,0.8411764705882353,0.8411764705882353,0.8411764705882353,0.8411764705882353,0.8411764705882353,0.8411764705882353,0.8411764705882353,0.8411764705882353,0.8411764705882353,0.8411764705882353,0.8411764705882353,0.8404441176470587,0.8263073529411764,0.8054999999999998,0.8051397058823528,0.7564720588235293,0.7671264705882351,0.8169779411764706,0.8411764705882353,0.7318426470588235,0.7824117647058823,0.7137485294117647,0.8365970588235293,0.7847808823529412,0.7864485294117647,0.8364088235294117,0.8388073529411765,0.8411764705882353,0.8399955882352941,0.8411764705882353,0.8411764705882353,0.8411764705882353,0.8411764705882353,0.8411764705882353
0.8411764705882353,0.8411764705882353,0.8411764705882353,0.8397073529411765,0.7925485294117647,0.7358132352941175,0.6735426470588235,0.6010029411764705,0.5718617647058822,0.5751617647058823,0.6706691176470587,0.6450367647058823,0.6514323529411764,0.7708573529411764,0.8411764705882353,0.8404441176470587,0.8411764705882353,0.8411764705882353,0.8411764705882353,0.8404441176470587,0.8310764705882352,0.8310764705882352,0.8411764705882353,0.8411764705882353,0.8092926470588234,0.8358529411764705,0.7359691176470587,0.6662691176470588,0.7350294117647059,0.6352926470588234,0.7381735294117645,0.7409426470588235,0.6916602941176471,0.7291794117647058,0.7743573529411764,0.804835294117647,0.7870161764705881,0.8411764705882353,0.8411764705882353,0.8411764705882353,0.8203691176470587,0.8404441176470587,0.8369029411764705,0.8385264705882352,0.8188999999999999,0.8388073529411765,0.8397073529411765,0.8411764705882353,0.8411764705882353,0.8411764705882353,0.8411764705882353,0.8411764705882353,0.8411764705882353,0.8411764705882353,0.8411764705882353,0.8411764705882353,0.8411764705882353,0.8411764705882353,0.8411764705882353,0.8196367647058822,0.8369029411764705,0.8174147058823529,0.8203691176470587,0.8411764705882353,0.8411764705882353,0.8411764705882353,0.8411764705882353,0.8411764705882353,0.8411764705882353,0.8411764705882353,0.8411764705882353,0.8411764705882353,0.8411764705882353,0.8411764705882353,0.8411764705882353,0.8411764705882353,0.8263073529411764,0.8255750000000001,0.8017102941176469,0.7742676470588234,0.7632720588235294,0.7839058823529411,0.8380749999999999,0.8063382352941176,0.8054544117647059,0.8243661764705882,0.747539705882353,0.7829852941176468,0.7886544117647057,0.8303441176470588,0.8411764705882353,0.8373382352941175,0.8411764705882353,0.8411764705882353,0.8411764705882353,0.8411764705882353,0.8411764705882353,0.8411764705882353,0.8411764705882353
0.8411764705882353,0.8411764705882353,0.8411764705882353,0.8411764705882353,0.7902705882352941,0.7620617647058823,0.637914705882353,0.6212367647058824,0.5480485294117646,0.6045970588235293,0.6238544117647058,0.7209367647058822,0.6963514705882351,0.8051397058823528,0.8392632352941175,0.8411764705882353,0.8411764705882353,0.8411764705882353,0.8411764705882353,0.8411764705882353,0.8411764705882353,0.8411764705882353,0.8411764705882353,0.8404441176470587,0.8380749999999999,0.8166661764705881,0.772260294117647,0.6358264705882353,0.6574367647058823,0.6270279411764705,0.6511235294117647,0.8120705882352941,0.7200102941176469,0.7652044117647059,0.774264705882353,0.8042588235294117,0.808560294117647,0.8411764705882353,0.8411764705882353,0.8411764705882353,0.8404441176470587,0.8380749999999999,0.8374735294117647,0.808560294117647,0.8038382352941176,0.8092926470588234,0.8411764705882353,0.8411764705882353,0.8411764705882353,0.8411764705882353,0.8411764705882353,0.8411764705882353,0.8411764705882353,0.8411764705882353,0.8411764705882353,0.8411764705882353,0.8411764705882353,0.8411764705882353,0.8411764705882353,0.8404441176470587,0.8174147058823529,0.8397073529411765,0.8411764705882353,0.838966176470588,0.8411764705882353,0.8411764705882353,0.8411764705882353,0.8411764705882353,0.8411764705882353,0.8411764705882353,0.8411764705882353,0.8411764705882353,0.8411764705882353,0.8411764705882353,0.8411764705882353,0.8399955882352941,0.8411764705882353,0.8411764705882353,0.8318426470588235,0.8057632352941175,0.7805617647058822,0.7627147058823529,0.8001764705882353,0.8411764705882353,0.7990970588235293,0.7611779411764705,0.6987558823529412,0.7923529411764705,0.8028970588235292,0.818,0.8411764705882353,0.8364088235294117,0.8411764705882353,0.8388073529411765,0.8411764705882353,0.8411764705882353,0.8411764705882353,0.8411764705882353,0.8404441176470587
0.8411764705882353,0.8411764705882353,0.8388073529411765,0.8411764705882353,0.7520470588235294,0.7881338235294117,0.6640264705882353,0.581625,0.5599102941176469,0.6058941176470587,0.6536926470588235,0.6787882352941176,0.7503161764705881,0.7862749999999998,0.8411764705882353,0.8411764705882353,0.8411764705882353,0.8411764705882353,0.8411764705882353,0.8411764705882353,0.8411764705882353,0.8388073529411765,0.8411764705882353,0.8203691176470587,0.8397073529411765,0.800820588235294,0.6652382352941175,0.7287749999999998,0.6107911764705882,0.6320294117647058,0.6586852941176471,0.817580882352941,0.7892264705882353,0.7190808823529411,0.76635,0.7877529411764704,0.7696573529411764,0.8411764705882353,0.8411764705882353,0.8411764705882353,0.8404441176470587,0.8092926470588234,0.8372073529411763,0.8365970588235293,0.8365970588235293,0.8399955882352941,0.8404441176470587,0.8397867647058822,0.8411764705882353,0.8404441176470587,0.8411764705882353,0.8411764705882353,0.8411764705882353,0.8411764705882353,0.8411764705882353,0.8411764705882353,0.8411764705882353,0.8411764705882353,0.8411764705882353,0.8404441176470587,0.8151558823529411,0.785835294117647,0.8157897058823529,0.8411764705882353,0.8404441176470587,0.8411764705882353,0.8411764705882353,0.8411764705882353,0.8411764705882353,0.8411764705882353,0.8411764705882353,0.8411764705882353,0.8411764705882353,0.8411764705882353,0.8411764705882353,0.8411764705882353,0.8373382352941175,0.8081117647058823,0.7917985294117647,0.8032029411764704,0.745316176470588,0.8122691176470587,0.8078235294117646,0.8078235294117646,0.7562926470588234,0.7997544117647059,0.8226044117647058,0.7735249999999999,0.7579397058823529,0.8373382352941175,0.8404441176470587,0.8411764705882353,0.8404441176470587,0.8411764705882353,0.8411764705882353,0.8411764705882353,0.8411764705882353,0.8203691176470587,0.8411764705882353
0.8411764705882353,0.8411764705882353,0.8411764705882353,0.8411764705882353,0.8047132352941176,0.7228970588235294,0.6538455882352939,0.5828176470588236,0.5388720588235294,0.5873441176470587,0.6935749999999999,0.713610294117647,0.6634882352941176,0.8304338235294118,0.785835294117647,0.8404441176470587,0.8411764705882353,0.8411764705882353,0.8411764705882353,0.8411764705882353,0.8411764705882353,0.8391249999999998,0.8411764705882353,0.8404441176470587,0.8402102941176469,0.8250985294117648,0.7151249999999999,0.685185294117647,0.6615602941176469,0.6504426470588234,0.7472941176470588,0.735060294117647,0.7825088235294116,0.7562323529411764,0.7343823529411764,0.8374735294117647,0.8373382352941175,0.8388073529411765,0.8411764705882353,0.8411764705882353,0.8411764705882353,0.8411764705882353,0.7870161764705881,0.8397073529411765,0.7877529411764704,0.8376470588235293,0.7873044117647058,0.8411764705882353,0.8411764705882353,0.8404441176470587,0.8411764705882353,0.8411764705882353,0.8411764705882353,0.8411764705882353,0.8411764705882353,0.8411764705882353,0.8411764705882353,0.8411764705882353,0.8411764705882353,0.7877529411764704,0.8392632352941175,0.8141323529411763,0.8061911764705881,0.8411764705882353,0.8411764705882353,0.8404441176470587,0.8399955882352941,0.8411764705882353,0.8411764705882353,0.8411764705882353,0.8411764705882353,0.8411764705882353,0.8411764705882353,0.8411764705882353,0.8411764705882353,0.8411764705882353,0.8411764705882353,0.8391249999999998,0.8047970588235294,0.8150455882352942,0.802545588235294,0.7397117647058822,0.8358529411764705,0.8203691176470587,0.8334544117647058,0.7960764705882353,0.7397720588235294,0.785530882352941,0.8330323529411764,0.8174147058823529,0.8380749999999999,0.8411764705882353,0.8411764705882353,0.8411764705882353,0.8411764705882353,0.8411764705882353,0.8411764705882353,0.8411764705882353,0.8411764705882353
0.8411764705882353,0.8411764705882353,0.8411764705882353,0.8404441176470587,0.7926735294117646,0.7809735294117647,0.671975,0.5876161764705882,0.5561779411764706,0.5777911764705882,0.7330485294117646,0.6971382352941174,0.7303661764705882,0.742525,0.8181588235294117,0.8404441176470587,0.8411764705882353,0.8411764705882353,0.8411764705882353,0.8411764705882353,0.8411764705882353,0.8411764705882353,0.8411764705882353,0.8404441176470587,0.8397073529411765,0.7886220588235292,0.7540558823529411,0.6607632352941176,0.6254808823529412,0.6166632352941176,0.6737941176470587,0.804835294117647,0.7836000000000001,0.7820102941176469,0.7596014705882351,0.8404441176470587,0.8397073529411765,0.8411764705882353,0.8411764705882353,0.8404441176470587,0.8411764705882353,0.8388073529411765,0.8253014705882352,0.785530882352941,0.8281220588235294,0.8168397058823529,0.8203691176470587,0.8411764705882353,0.8411764705882353,0.8411764705882353,0.8411764705882353,0.8411764705882353,0.8411764705882353,0.8411764705882353,0.8411764705882353,0.8411764705882353,0.8411764705882353,0.8411764705882353,0.8411764705882353,0.8411764705882353,0.8382220588235293,0.838966176470588,0.8380749999999999,0.808245588235294,0.8397073529411765,0.8411764705882353,0.8411764705882353,0.8411764705882353,0.8411764705882353,0.8411764705882353,0.8411764705882353,0.8411764705882353,0.8411764705882353,0.8411764705882353,0.8411764705882353,0.8411764705882353,0.8411764705882353,0.8397073529411765,0.746060294117647,0.7641382352941175,0.7801985294117646,0.8047808823529411,0.8182573529411763,0.8215985294117645,0.8040308823529411,0.7824117647058823,0.8078235294117646,0.8373382352941175,0.7834264705882352,0.8229176470588234,0.808560294117647,0.8203691176470587,0.8092926470588234,0.8411764705882353,0.8411764705882353,0.8411764705882353,0.8411764705882353,0.8383882352941175,0.8411764705882353
0.8411764705882353,0.8411764705882353,0.8411764705882353,0.8411764705882353,0.7795529411764704,0.7420514705882352,0.6276764705882353,0.5500161764705881,0.5593073529411764,0.5980764705882352,0.6897926470588235,0.6629397058823528,0.6893499999999999,0.7282911764705882,0.8392632352941175,0.8411764705882353,0.8411764705882353,0.8411764705882353,0.8411764705882353,0.8411764705882353,0.8411764705882353,0.8411764705882353,0.8411764705882353,0.8376117647058823,0.8411764705882353,0.8382220588235293,0.7234617647058822,0.6680823529411765,0.6870544117647058,0.7010808823529412,0.6699044117647059,0.7800470588235294,0.7787617647058822,0.7290220588235293,0.8165308823529411,0.8169779411764706,0.8184558823529411,0.8411764705882353,0.8411764705882353,0.8411764705882353,0.8388073529411765,0.8404441176470587,0.8255750000000001,0.8217294117647058,0.8392632352941175,0.8377852941176469,0.8392632352941175,0.8404441176470587,0.8411764705882353,0.8411764705882353,0.8411764705882353,0.8411764705882353,0.8411764705882353,0.8411764705882353,0.8411764705882353,0.8411764705882353,0.8411764705882353,0.8411764705882353,0.8411764705882353,0.8188999999999999,0.8174147058823529,0.785530882352941,0.8017088235294118,0.8399955882352941,0.8411764705882353,0.8411764705882353,0.8411764705882353,0.8404441176470587,0.8411764705882353,0.8411764705882353,0.8411764705882353,0.8411764705882353,0.8411764705882353,0.8411764705882353,0.8411764705882353,0.8411764705882353,0.8399955882352941,0.8203691176470587,0.7847808823529412,0.8157897058823529,0.8367779411764704,0.788620588235294,0.8383882352941175,0.8049308823529411,0.7569029411764705,0.8314955882352941,0.7350544117647058,0.751085294117647,0.7851294117647057,0.8043985294117647,0.8287058823529411,0.8203691176470587,0.8411764705882353,0.8411764705882353,0.8411764705882353,0.8411764705882353,0.8411764705882353,0.8411764705882353,0.8388073529411765
0.8411764705882353,0.8411764705882353,0.8411764705882353,0.8392632352941175,0.7519720588235294,0.7074529411764705,0.6804044117647058,0.5873014705882352,0.5581838235294118,0.589,0.6443279411764705,0.7326970588235293,0.7175823529411763,0.7327397058823529,0.8203691176470587,0.8404441176470587,0.8411764705882353,0.8411764705882353,0.8411764705882353,0.8411764705882353,0.8411764705882353,0.8203691176470587,0.8411764705882353,0.8391249999999998,0.8411764705882353,0.7937073529411763,0.7852544117647057,0.6849029411764704,0.6081808823529411,0.6363132352941175,0.7329088235294118,0.7219941176470588,0.7733897058823529,0.7393970588235294,0.804835294117647,0.8142970588235293,0.808560294117647,0.8404441176470587,0.8411764705882353,0.8411764705882353,0.8411764705882353,0.8092926470588234,0.7998882352941176,0.8385264705882352,0.8181588235294117,0.8370411764705881,0.8411764705882353,0.8411764705882353,0.8411764705882353,0.8411764705882353,0.8411764705882353,0.8411764705882353,0.8411764705882353,0.8411764705882353,0.8411764705882353,0.8411764705882353,0.8411764705882353,0.8411764705882353,0.8411764705882353,0.8411764705882353,0.8266205882352939,0.780470588235294,0.7603088235294116,0.8411764705882353,0.8404441176470587,0.8404441176470587,0.8411764705882353,0.8411764705882353,0.8411764705882353,0.8411764705882353,0.8411764705882353,0.8411764705882353,0.8411764705882353,0.8411764705882353,0.8411764705882353,0.8411764705882353,0.8411764705882353,0.8411764705882353,0.8373382352941175,0.7389617647058823,0.7149161764705882,0.826495588235294,0.838966176470588,0.8404441176470587,0.8361161764705881,0.8015382352941175,0.8174147058823529,0.8184558823529411,0.799205882352941,0.7767823529411764,0.8411764705882353,0.8411764705882353,0.8411764705882353,0.8411764705882353,0.8411764705882353,0.8411764705882353,0.8411764705882353,0.8411764705882353,0.8388073529411765
0.8411764705882353,0.8411764705882353,0.8411764705882353,0.8411764705882353,0.812970588235294,0.7719294117647058,0.6546573529411764,0.5828176470588236,0.5600529411764705,0.5835794117647058,0.7221911764705882,0.6682647058823529,0.7475632352941175,0.7875867647058823,0.8196367647058822,0.8411764705882353,0.8411764705882353,0.8411764705882353,0.8411764705882353,0.8411764705882353,0.8411764705882353,0.8411764705882353,0.8411764705882353,0.8373382352941175,0.8411764705882353,0.8032191176470588,0.7413470588235292,0.6941529411764705,0.6234029411764705,0.6691823529411765,0.7130970588235293,0.7900264705882353,0.7649911764705882,0.7822808823529411,0.7915955882352941,0.8188999999999999,0.808560294117647,0.8411764705882353,0.8411764705882353,0.8411764705882353,0.8411764705882353,0.8411764705882353,0.8382220588235293,0.7704102941176469,0.805275,0.7739926470588234,0.8404441176470587,0.8404441176470587,0.8404441176470587,0.8411764705882353,0.8411764705882353,0.8411764705882353,0.8411764705882353,0.8411764705882353,0.8411764705882353,0.8411764705882353,0.8411764705882353,0.8411764705882353,0.8411764705882353,0.8411764705882353,0.8181588235294117,0.7962382352941175,0.8298941176470589,0.8174147058823529,0.8255750000000001,0.8263073529411764,0.8411764705882353,0.8411764705882353,0.8411764705882353,0.8411764705882353,0.8411764705882353,0.8411764705882353,0.8411764705882353,0.8411764705882353,0.8411764705882353,0.8411764705882353,0.8239382352941176,0.8263073529411764,0.8380749999999999,0.7866602941176469,0.7596014705882351,0.8142970588235293,0.8078235294117646,0.8078235294117646,0.7842117647058822,0.800820588235294,0.8268029411764705,0.8347823529411764,0.8370411764705881,0.8411764705882353,0.8196367647058822,0.8279735294117646,0.8411764705882353,0.8411764705882353,0.8411764705882353,0.8411764705882353,0.8411764705882353,0.8404441176470587,0.8203691176470587
0.8411764705882353,0.8411764705882353,0.8404441176470587,0.8203691176470587,0.8172676470588235,0.7384882352941176,0.6200102941176471,0.6037764705882351,0.5728808823529411,0.5690147058823529,0.6584764705882352,0.6999323529411763,0.6529970588235294,0.8211941176470589,0.8380749999999999,0.8411764705882353,0.8411764705882353,0.8411764705882353,0.8411764705882353,0.8411764705882353,0.8411764705882353,0.8411764705882353,0.8203691176470587,0.8411764705882353,0.8411764705882353,0.8399955882352941,0.7544941176470588,0.7155441176470588,0.6061691176470587,0.6500382352941175,0.6481720588235294,0.7598161764705882,0.760880882352941,0.8001764705882353,0.7850941176470587,0.8335941176470588,0.816095588235294,0.8404441176470587,0.8411764705882353,0.8411764705882353,0.8388073529411765,0.8203691176470587,0.8339088235294118,0.8373382352941175,0.8373382352941175,0.8411764705882353,0.8411764705882353,0.8404441176470587,0.8411764705882353,0.8411764705882353,0.8411764705882353,0.8411764705882353,0.8411764705882353,0.8411764705882353,0.8411764705882353,0.8411764705882353,0.8411764705882353,0.8411764705882353,0.8411764705882353,0.8181588235294117,0.8184558823529411,0.7849558823529411,0.838966176470588,0.8150455882352942,0.8404441176470587,0.8411764705882353,0.8411764705882353,0.8411764705882353,0.8411764705882353,0.8411764705882353,0.8411764705882353,0.8411764705882353,0.8411764705882353,0.8411764705882353,0.8411764705882353,0.8411764705882353,0.8310764705882352,0.8296073529411764,0.8397073529411765,0.783270588235294,0.7438441176470587,0.8075088235294117,0.7941573529411764,0.8288661764705881,0.7923529411764705,0.7847808823529412,0.801570588235294,0.8181588235294117,0.8143941176470587,0.8188999999999999,0.8411764705882353,0.8411764705882353,0.8411764705882353,0.8411764705882353,0.8411764705882353,0.8411764705882353,0.8411764705882353,0.8411764705882353,0.8388073529411765
0.8411764705882353,0.8411764705882353,0.8411764705882353,0.8388073529411765,0.7542499999999999,0.7462338235294117,0.6217147058823529,0.5986529411764706,0.5622014705882352,0.5664161764705882,0.662210294117647,0.6474588235294118,0.723735294117647,0.7758220588235293,0.7953397058823529,0.8411764705882353,0.8411764705882353,0.8411764705882353,0.8411764705882353,0.8411764705882353,0.8404441176470587,0.8411764705882353,0.8411764705882353,0.8411764705882353,0.8404441176470587,0.808245588235294,0.6886897058823529,0.6982941176470587,0.6369044117647058,0.6726588235294118,0.6384338235294117,0.7515264705882352,0.7807632352941174,0.7778558823529411,0.8374735294117647,0.8165308823529411,0.8397073529411765,0.8411764705882353,0.8411764705882353,0.8411764705882353,0.8388073529411765,0.8397073529411765,0.7886691176470587,0.815475,0.7969823529411764,0.8303441176470588,0.8310764705882352,0.8310764705882352,0.8310764705882352,0.8411764705882353,0.8411764705882353,0.8411764705882353,0.8411764705882353,0.8411764705882353,0.8411764705882353,0.8411764705882353,0.8411764705882353,0.8411764705882353,0.8411764705882353,0.8184558823529411,0.7666808823529412,0.8349397058823529,0.7960764705882353,0.8203691176470587,0.7937073529411763,0.8411764705882353,0.8411764705882353,0.8411764705882353,0.8411764705882353,0.8411764705882353,0.8411764705882353,0.8411764705882353,0.8411764705882353,0.8411764705882353,0.8411764705882353,0.8411764705882353,0.8404441176470587,0.8196367647058822,0.8013647058823529,0.7782367647058823,0.7828470588235293,0.7831617647058823,0.8411764705882353,0.8365970588235293,0.8354014705882353,0.7605735294117646,0.747285294117647,0.7839058823529411,0.6668514705882351,0.8188999999999999,0.8399955882352941,0.818,0.8411764705882353,0.8411764705882353,0.8411764705882353,0.8411764705882353,0.8411764705882353,0.8411764705882353,0.8203691176470587
0.8411764705882353,0.8411764705882353,0.8411764705882353,0.808560294117647,0.8178367647058822,0.820670588235294,0.6880132352941176,0.5710352941176471,0.570035294117647,0.5850088235294117,0.6553749999999999,0.6622367647058823,0.715820588235294,0.6980323529411764,0.8382220588235293,0.8411764705882353,0.8411764705882353,0.8411764705882353,0.8411764705882353,0.8411764705882353,0.8411764705882353,0.8411764705882353,0.8411764705882353,0.8404441176470587,0.8411764705882353,0.8369029411764705,0.7230794117647058,0.6887338235294117,0.6186676470588235,0.6753441176470588,0.6872176470588235,0.7896529411764706,0.7216470588235293,0.8067676470588234,0.7627147058823529,0.7960764705882353,0.8288661764705881,0.8411764705882353,0.8411764705882353,0.8411764705882353,0.8411764705882353,0.8404441176470587,0.8224691176470589,0.8255750000000001,0.8404441176470587,0.8404441176470587,0.8411764705882353,0.8411764705882353,0.8411764705882353,0.8411764705882353,0.8411764705882353,0.8411764705882353,0.8411764705882353,0.8411764705882353,0.8411764705882353,0.8411764705882353,0.8411764705882353,0.8411764705882353,0.8411764705882353,0.808560294117647,0.8388073529411765,0.8382220588235293,0.8404441176470587,0.7877529411764704,0.8404441176470587,0.8411764705882353,0.8411764705882353,0.8411764705882353,0.8411764705882353,0.8411764705882353,0.8411764705882353,0.8411764705882353,0.8411764705882353,0.8411764705882353,0.8411764705882353,0.8411764705882353,0.8070823529411765,0.8310764705882352,0.8240985294117645,0.792970588235294,0.8003897058823529,0.7665558823529411,0.8370411764705881,0.8404441176470587,0.7287161764705883,0.804835294117647,0.7807632352941174,0.764460294117647,0.7814794117647057,0.8330323529411764,0.8411764705882353,0.8391249999999998,0.8411764705882353,0.8411764705882353,0.8411764705882353,0.8411764705882353,0.8411764705882353,0.8411764705882353,0.8411764705882353
0.8411764705882353,0.8411764705882353,0.8411764705882353,0.8404441176470587,0.7831617647058823,0.777285294117647,0.6779470588235293,0.59345,0.5360529411764705,0.5632470588235293,0.6518191176470588,0.6971426470588235,0.7230397058823529,0.7952529411764705,0.8404441176470587,0.8411764705882353,0.8411764705882353,0.8411764705882353,0.8411764705882353,0.8411764705882353,0.8411764705882353,0.8411764705882353,0.8411764705882353,0.8385264705882352,0.8196367647058822,0.8248382352941176,0.7201764705882352,0.7298735294117646,0.6555102941176469,0.7060264705882352,0.6544308823529411,0.6889955882352939,0.7481382352941176,0.7948970588235293,0.8024661764705883,0.7605029411764704,0.8397073529411765,0.8411764705882353,0.8411764705882353,0.8411764705882353,0.8203691176470587,0.8188999999999999,0.838966176470588,0.8404441176470587,0.8382220588235293,0.8035867647058822,0.7886691176470587,0.8411764705882353,0.8411764705882353,0.8411764705882353,0.8411764705882353,0.8411764705882353,0.8411764705882353,0.8411764705882353,0.8411764705882353,0.8411764705882353,0.8411764705882353,0.8399955882352941,0.8411764705882353,0.8411764705882353,0.8377852941176469,0.8356764705882352,0.8397073529411765,0.8349397058823529,0.8388073529411765,0.8411764705882353,0.8411764705882353,0.8411764705882353,0.8411764705882353,0.8411764705882353,0.8411764705882353,0.8411764705882353,0.8411764705882353,0.8411764705882353,0.8411764705882353,0.8388073529411765,0.8411764705882353,0.8411764705882353,0.8397073529411765,0.7165058823529411,0.8065044117647058,0.7870161764705881,0.8354014705882353,0.8212735294117647,0.7502102941176471,0.8371279411764705,0.7732764705882352,0.7999999999999998,0.7962382352941175,0.833785294117647,0.8373382352941175,0.8411764705882353,0.8411764705882353,0.8391249999999998,0.8411764705882353,0.8411764705882353,0.8411764705882353,0.8411764705882353,0.8411764705882353
0.8411764705882353,0.8411764705882353,0.8310764705882352,0.8411764705882353,0.8169147058823528,0.7458602941176469,0.7270367647058822,0.5729647058823529,0.5549823529411765,0.5888544117647059,0.6523941176470588,0.7005073529411765,0.6699058823529411,0.8004617647058823,0.8368794117647058,0.8411764705882353,0.8196367647058822,0.8411764705882353,0.8411764705882353,0.8411764705882353,0.8411764705882353,0.8404441176470587,0.8411764705882353,0.8388073529411765,0.8203691176470587,0.8404441176470587,0.7368926470588235,0.7275191176470587,0.6873691176470589,0.6428029411764705,0.6532014705882352,0.8010058823529411,0.726910294117647,0.7840279411764705,0.8229176470588234,0.7895308823529411,0.8397073529411765,0.8411764705882353,0.8411764705882353,0.8411764705882353,0.8411764705882353,0.8196367647058822,0.8160720588235293,0.8248382352941176,0.8251264705882352,0.8411764705882353,0.8092926470588234,0.8411764705882353,0.8411764705882353,0.8411764705882353,0.8411764705882353,0.8411764705882353,0.8411764705882353,0.8411764705882353,0.8411764705882353,0.8411764705882353,0.8411764705882353,0.8411764705882353,0.8411764705882353,0.8397073529411765,0.7840279411764705,0.7847808823529412,0.8255750000000001,0.8404441176470587,0.8397073529411765,0.8411764705882353,0.8411764705882353,0.8411764705882353,0.8411764705882353,0.8411764705882353,0.8411764705882353,0.8411764705882353,0.8411764705882353,0.8411764705882353,0.8411764705882353,0.8411764705882353,0.8310764705882352,0.8303441176470588,0.8048426470588235,0.7594264705882351,0.7911544117647058,0.7648911764705881,0.8382220588235293,0.8380749999999999,0.8123088235294117,0.7437999999999999,0.8004808823529411,0.8328794117647057,0.7735647058823528,0.8060235294117646,0.8411764705882353,0.8397073529411765,0.8411764705882353,0.8411764705882353,0.8411764705882353,0.8411764705882353,0.8399955882352941,0.8411764705882353,0.8392632352941175
0.8411764705882353,0.8411764705882353,0.8411764705882353,0.8404441176470587,0.7890426470588233,0.7873676470588234,0.6489749999999999,0.5718647058823528,0.5585249999999999,0.5843823529411764,0.6446485294117646,0.7169720588235294,0.6806323529411763,0.7703514705882352,0.8373382352941175,0.8411764705882353,0.8411764705882353,0.8411764705882353,0.8411764705882353,0.8411764705882353,0.8411764705882353,0.8411764705882353,0.8411764705882353,0.8404441176470587,0.8404441176470587,0.8157897058823529,0.6728882352941176,0.8182470588235294,0.6135823529411764,0.6577426470588235,0.6784852941176469,0.7840279411764705,0.7569691176470587,0.7026279411764705,0.8166661764705881,0.7767720588235293,0.7839058823529411,0.8411764705882353,0.8411764705882353,0.8411764705882353,0.8411764705882353,0.8411764705882353,0.8196367647058822,0.8172676470588235,0.8377852941176469,0.8196367647058822,0.8411764705882353,0.8411764705882353,0.8411764705882353,0.8411764705882353,0.8411764705882353,0.8411764705882353,0.8411764705882353,0.8411764705882353,0.8411764705882353,0.8411764705882353,0.8411764705882353,0.8411764705882353,0.8388073529411765,0.7933764705882352,0.8123676470588236,0.8055882352941175,0.8196367647058822,0.8411764705882353,0.8411764705882353,0.8388073529411765,0.8411764705882353,0.8411764705882353,0.8411764705882353,0.8411764705882353,0.8411764705882353,0.8411764705882353,0.8411764705882353,0.8411764705882353,0.8411764705882353,0.8404441176470587,0.8392632352941175,0.8411764705882353,0.7938544117647058,0.808560294117647,0.7266573529411763,0.7824117647058823,0.7937073529411763,0.8078235294117646,0.8121808823529411,0.7969823529411764,0.792970588235294,0.7994279411764705,0.7473044117647057,0.808560294117647,0.8399955882352941,0.8191882352941176,0.8411764705882353,0.8411764705882353,0.8411764705882353,0.8411764705882353,0.8411764705882353,0.8411764705882353,0.8404441176470587
0.8411764705882353,0.8411764705882353,0.8411764705882353,0.8411764705882353,0.7257705882352941,0.6525220588235294,0.6460279411764706,0.6054308823529411,0.5405397058823529,0.5703676470588235,0.6770588235294117,0.6577323529411764,0.693125,0.8133911764705881,0.8404441176470587,0.8399955882352941,0.8411764705882353,0.8411764705882353,0.8411764705882353,0.8411764705882353,0.8411764705882353,0.8411764705882353,0.8399955882352941,0.8310764705882352,0.8287058823529411,0.8373382352941175,0.7840911764705882,0.6735073529411765,0.655035294117647,0.6528382352941177,0.6663794117647058,0.8135441176470587,0.7557514705882353,0.7579485294117646,0.780795588235294,0.8078235294117646,0.8149147058823529,0.8203691176470587,0.8411764705882353,0.8411764705882353,0.8411764705882353,0.8411764705882353,0.8224691176470589,0.7870161764705881,0.8054132352941176,0.7944249999999998,0.8380749999999999,0.8411764705882353,0.8411764705882353,0.8411764705882353,0.8411764705882353,0.8411764705882353,0.8411764705882353,0.8411764705882353,0.8411764705882353,0.8411764705882353,0.8411764705882353,0.8411764705882353,0.8411764705882353,0.8169779411764706,0.8171367647058824,0.792970588235294,0.8404441176470587,0.8196367647058822,0.8411764705882353,0.8411764705882353,0.8411764705882353,0.8404441176470587,0.8411764705882353,0.8411764705882353,0.8411764705882353,0.8411764705882353,0.8411764705882353,0.8411764705882353,0.8411764705882353,0.8404441176470587,0.8404441176470587,0.8181588235294117,0.7825088235294116,0.8119897058823529,0.7836000000000001,0.8351044117647058,0.8370411764705881,0.8203691176470587,0.8103882352941176,0.8063382352941176,0.7356941176470587,0.7853838235294116,0.7813411764705881,0.808560294117647,0.8411764705882353,0.8404441176470587,0.8411764705882353,0.8411764705882353,0.8411764705882353,0.8411764705882353,0.8411764705882353,0.8411764705882353,0.7968088235294117
0.8411764705882353,0.8411764705882353,0.8411764705882353,0.8411764705882353,0.7928838235294117,0.737560294117647,0.6507117647058822,0.6149897058823529,0.5456749999999999,0.5933705882352941,0.6747764705882353,0.6700161764705882,0.7011897058823529,0.7619705882352941,0.8092926470588234,0.8411764705882353,0.8411764705882353,0.8411764705882353,0.8411764705882353,0.8411764705882353,0.8411764705882353,0.8411764705882353,0.8411764705882353,0.8411764705882353,0.8411764705882353,0.8157897058823529,0.7693720588235293,0.7106147058823529,0.632414705882353,0.6353176470588234,0.6790073529411764,0.7923529411764705,0.7273367647058824,0.7724749999999998,0.8218514705882352,0.838966176470588,0.7945985294117647,0.8411764705882353,0.8411764705882353,0.8411764705882353,0.8380749999999999,0.8380749999999999,0.8233529411764706,0.8192147058823529,0.8382220588235293,0.8374735294117647,0.8255750000000001,0.8399955882352941,0.8411764705882353,0.8411764705882353,0.8404441176470587,0.8411764705882353,0.8411764705882353,0.8411764705882353,0.8411764705882353,0.8411764705882353,0.8411764705882353,0.8411764705882353,0.8411764705882353,0.8397073529411765,0.8032911764705881,0.7861161764705881,0.8077970588235293,0.8310764705882352,0.8411764705882353,0.8388073529411765,0.8411764705882353,0.8411764705882353,0.8411764705882353,0.8411764705882353,0.8411764705882353,0.8411764705882353,0.8411764705882353,0.8411764705882353,0.8411764705882353,0.8411764705882353,0.8411764705882353,0.8078235294117646,0.8343852941176468,0.81385,0.7937367647058824,0.7568544117647058,0.8172676470588235,0.8397073529411765,0.74015,0.7797308823529412,0.799020588235294,0.8376470588235293,0.7298970588235294,0.8078235294117646,0.8184558823529411,0.8203691176470587,0.8388073529411765,0.8404441176470587,0.8411764705882353,0.8411764705882353,0.8411764705882353,0.8411764705882353,0.8404441176470587
0.8411764705882353,0.8411764705882353,0.8411764705882353,0.8404441176470587,0.8349735294117646,0.7886485294117646,0.6339294117647059,0.6041367647058823,0.5561367647058822,0.5745058823529411,0.6794044117647057,0.6661073529411764,0.6725985294117646,0.7812147058823529,0.8061911764705881,0.8411764705882353,0.8411764705882353,0.8411764705882353,0.8411764705882353,0.8411764705882353,0.8411764705882353,0.8172676470588235,0.8411764705882353,0.8404441176470587,0.8404441176470587,0.8150455882352942,0.7535514705882352,0.7602529411764705,0.6549132352941176,0.6649867647058822,0.7210838235294117,0.7214867647058822,0.8155647058823529,0.759710294117647,0.8042588235294117,0.8361426470588235,0.8349397058823529,0.8380749999999999,0.8411764705882353,0.8411764705882353,0.8404441176470587,0.831525,0.8404441176470587,0.788485294117647,0.7741397058823528,0.8303441176470588,0.8380749999999999,0.8411764705882353,0.8411764705882353,0.8411764705882353,0.8411764705882353,0.8411764705882353,0.8411764705882353,0.8411764705882353,0.8411764705882353,0.8411764705882353,0.8411764705882353,0.8411764705882353,0.8411764705882353,0.8397073529411765,0.7840279411764705,0.8357220588235292,0.785530882352941,0.8397073529411765,0.8397073529411765,0.8411764705882353,0.8411764705882353,0.8411764705882353,0.8411764705882353,0.8411764705882353,0.8411764705882353,0.8411764705882353,0.8411764705882353,0.8411764705882353,0.8411764705882353,0.8411764705882353,0.8411764705882353,0.8092926470588234,0.7842117647058822,0.7852838235294116,0.7997544117647059,0.8174147058823529,0.8070823529411765,0.8255750000000001,0.7933764705882352,0.8145941176470587,0.8001764705882353,0.7774838235294116,0.8063382352941176,0.7886691176470587,0.8255750000000001,0.8361426470588235,0.8411764705882353,0.8411764705882353,0.8411764705882353,0.8411764705882353,0.8411764705882353,0.8411764705882353,0.8411764705882353
0.8411764705882353,0.8411764705882353,0.8411764705882353,0.8411764705882353,0.7674294117647058,0.7592867647058823,0.6310941176470587,0.5622764705882353,0.5454749999999999,0.6177808823529412,0.700475,0.7291470588235293,0.739110294117647,0.7623485294117647,0.8165308823529411,0.8411764705882353,0.8411764705882353,0.8411764705882353,0.8411764705882353,0.8411764705882353,0.8411764705882353,0.8411764705882353,0.8411764705882353,0.8411764705882353,0.8404441176470587,0.8295264705882353,0.6874941176470588,0.6515588235294117,0.650045588235294,0.6121808823529411,0.7013617647058823,0.7987485294117647,0.7644529411764706,0.7120382352941177,0.7742676470588234,0.776930882352941,0.8078235294117646,0.8411764705882353,0.8411764705882353,0.8411764705882353,0.8404441176470587,0.8404441176470587,0.8188588235294116,0.8267161764705881,0.8362926470588234,0.8070823529411765,0.8397073529411765,0.8388073529411765,0.8411764705882353,0.8411764705882353,0.8411764705882353,0.8411764705882353,0.8411764705882353,0.8411764705882353,0.8411764705882353,0.8411764705882353,0.8411764705882353,0.8411764705882353,0.8411764705882353,0.8203691176470587,0.8184558823529411,0.7733897058823529,0.8374735294117647,0.8411764705882353,0.8397073529411765,0.8411764705882353,0.8411764705882353,0.8411764705882353,0.8411764705882353,0.8411764705882353,0.8411764705882353,0.8411764705882353,0.8411764705882353,0.8411764705882353,0.8411764705882353,0.8411764705882353,0.8203691176470587,0.8368794117647058,0.8039691176470587,0.8365970588235293,0.8159132352941175,0.756454411764706,0.788485294117647,0.8184382352941176,0.7630529411764706,0.7319985294117647,0.8351044117647058,0.8160088235294116,0.7647573529411764,0.7874882352941176,0.8303441176470588,0.8303441176470588,0.8404441176470587,0.8411764705882353,0.8411764705882353,0.8411764705882353,0.8411764705882353,0.8203691176470587,0.8411764705882353
0.8411764705882353,0.8411764705882353,0.8411764705882353,0.8411764705882353,0.8150455882352942,0.755541176470588,0.6390279411764705,0.5875941176470587,0.5525382352941175,0.5850647058823529,0.6381970588235293,0.7093941176470587,0.6760852941176471,0.726920588235294,0.7946117647058822,0.8388073529411765,0.8411764705882353,0.8411764705882353,0.8411764705882353,0.8411764705882353,0.8388073529411765,0.8411764705882353,0.8411764705882353,0.8411764705882353,0.8411764705882353,0.838966176470588,0.7572220588235293,0.7387985294117647,0.652925,0.6130485294117647,0.68795,0.7397735294117646,0.7818426470588234,0.783320588235294,0.8374735294117647,0.8361544117647058,0.7968088235294117,0.8411764705882353,0.8411764705882353,0.8411764705882353,0.8411764705882353,0.8373382352941175,0.8166661764705881,0.8136588235294118,0.8188999999999999,0.8411764705882353,0.8364088235294117,0.8411764705882353,0.8411764705882353,0.8404441176470587,0.8411764705882353,0.8411764705882353,0.8411764705882353,0.8411764705882353,0.8411764705882353,0.8411764705882353,0.8411764705882353,0.8411764705882353,0.8411764705882353,0.8188999999999999,0.8181588235294117,0.838966176470588,0.8377852941176469,0.818,0.8404441176470587,0.8203691176470587,0.8411764705882353,0.8411764705882353,0.8411764705882353,0.8411764705882353,0.8411764705882353,0.8411764705882353,0.8411764705882353,0.8411764705882353,0.8411764705882353,0.8203691176470587,0.8411764705882353,0.8361426470588235,0.7948970588235293,0.8159132352941175,0.7908338235294117,0.7206249999999998,0.812225,0.8177191176470587,0.8117514705882352,0.7650411764705881,0.8211499999999999,0.8217294117647058,0.7622749999999999,0.808560294117647,0.8203691176470587,0.8411764705882353,0.8388073529411765,0.8411764705882353,0.8411764705882353,0.8411764705882353,0.8411764705882353,0.8411764705882353,0.8411764705882353
0.8411764705882353,0.8411764705882353,0.8411764705882353,0.8203691176470587,0.785530882352941,0.7518720588235294,0.639570588235294,0.5913588235294118,0.5410808823529412,0.577445588235294,0.6581632352941176,0.7273367647058824,0.6843235294117646,0.7877691176470588,0.7968088235294117,0.8411764705882353,0.8411764705882353,0.8411764705882353,0.8411764705882353,0.8411764705882353,0.8411764705882353,0.8411764705882353,0.8411764705882353,0.8411764705882353,0.8404441176470587,0.8203691176470587,0.7460588235294117,0.6904691176470588,0.6128808823529412,0.7111661764705881,0.7013014705882353,0.7561455882352941,0.6939647058823529,0.815485294117647,0.7512235294117646,0.7910073529411764,0.7910073529411764,0.8411764705882353,0.8411764705882353,0.8411764705882353,0.8411764705882353,0.8263073529411764,0.8016617647058822,0.8397073529411765,0.7757338235294117,0.8380749999999999,0.8078235294117646,0.8411764705882353,0.8411764705882353,0.8411764705882353,0.8411764705882353,0.8411764705882353,0.8411764705882353,0.8411764705882353,0.8411764705882353,0.8411764705882353,0.8411764705882353,0.8411764705882353,0.8411764705882353,0.8411764705882353,0.8063382352941176,0.7363044117647057,0.7879338235294118,0.8032911764705881,0.8411764705882353,0.8411764705882353,0.8411764705882353,0.8411764705882353,0.8411764705882353,0.8411764705882353,0.8411764705882353,0.8411764705882353,0.8411764705882353,0.8411764705882353,0.8411764705882353,0.8411764705882353,0.8404441176470587,0.8078235294117646,0.7283691176470588,0.8013647058823529,0.7705661764705882,0.7435661764705882,0.8054544117647059,0.8240985294117648,0.7276779411764704,0.8380749999999999,0.8248382352941176,0.8229176470588234,0.8142970588235293,0.7903764705882351,0.8203691176470587,0.8203691176470587,0.8411764705882353,0.8411764705882353,0.8411764705882353,0.8411764705882353,0.8411764705882353,0.8404441176470587,0.8399955882352941
0.8411764705882353,0.8411764705882353,0.8404441176470587,0.8388073529411765,0.8024661764705883,0.6769617647058823,0.625185294117647,0.5685176470588235,0.5647338235294117,0.5792338235294117,0.7558838235294117,0.7204970588235294,0.7468999999999999,0.7669426470588235,0.8364088235294117,0.8411764705882353,0.8411764705882353,0.8411764705882353,0.8411764705882353,0.8411764705882353,0.8411764705882353,0.8388073529411765,0.8411764705882353,0.8380749999999999,0.8411764705882353,0.8361426470588235,0.656760294117647,0.7226176470588235,0.6346882352941176,0.6274147058823529,0.6743867647058822,0.7552441176470587,0.7737029411764704,0.7945985294117647,0.7332573529411764,0.8272367647058823,0.8377852941176469,0.8411764705882353,0.8411764705882353,0.8411764705882353,0.8411764705882353,0.8399955882352941,0.8150455882352942,0.8070647058823528,0.7831617647058823,0.8404441176470587,0.8397073529411765,0.8411764705882353,0.8411764705882353,0.8411764705882353,0.8411764705882353,0.8411764705882353,0.8411764705882353,0.8411764705882353,0.8411764705882353,0.8411764705882353,0.8411764705882353,0.8411764705882353,0.8411764705882353,0.8391249999999998,0.8188999999999999,0.8397073529411765,0.785835294117647,0.8376117647058823,0.8411764705882353,0.8411764705882353,0.8411764705882353,0.8411764705882353,0.8411764705882353,0.8411764705882353,0.8411764705882353,0.8411764705882353,0.8411764705882353,0.8411764705882353,0.8411764705882353,0.8411764705882353,0.8404441176470587,0.8404441176470587,0.838966176470588,0.8358529411764705,0.7824117647058823,0.804835294117647,0.8061911764705881,0.8172676470588235,0.7819514705882352,0.7718794117647058,0.8257514705882352,0.7907367647058823,0.7322352941176471,0.8033411764705881,0.8411764705882353,0.8310764705882352,0.8310764705882352,0.8411764705882353,0.8411764705882353,0.8411764705882353,0.8411764705882353,0.8411764705882353,0.8399955882352941
0.8411764705882353,0.8411764705882353,0.8411764705882353,0.8411764705882353,0.8126411764705881,0.7667867647058823,0.6296779411764706,0.5851249999999999,0.5797455882352941,0.6045426470588235,0.7165058823529411,0.6685382352941177,0.7036794117647057,0.7416441176470587,0.8092926470588234,0.8411764705882353,0.8411764705882353,0.8411764705882353,0.8411764705882353,0.8411764705882353,0.8411764705882353,0.8411764705882353,0.8411764705882353,0.8411764705882353,0.8404441176470587,0.8073794117647057,0.7160764705882352,0.6791014705882352,0.6298323529411765,0.6434573529411765,0.6167911764705882,0.7430911764705882,0.7607264705882353,0.7629161764705882,0.7503323529411763,0.8007911764705882,0.8196367647058822,0.8411764705882353,0.8380749999999999,0.8411764705882353,0.8404441176470587,0.8388073529411765,0.8269397058823529,0.8051397058823528,0.8203691176470587,0.8373382352941175,0.8411764705882353,0.8411764705882353,0.8411764705882353,0.8411764705882353,0.8411764705882353,0.8411764705882353,0.8411764705882353,0.8411764705882353,0.8411764705882353,0.8411764705882353,0.8411764705882353,0.8411764705882353,0.8411764705882353,0.8397073529411765,0.794895588235294,0.792535294117647,0.7641926470588234,0.7968088235294117,0.8411764705882353,0.8411764705882353,0.8411764705882353,0.8411764705882353,0.8411764705882353,0.8411764705882353,0.8411764705882353,0.8411764705882353,0.8411764705882353,0.8411764705882353,0.8411764705882353,0.8203691176470587,0.8382220588235293,0.8397073529411765,0.7831617647058823,0.793105882352941,0.7681779411764705,0.8346573529411764,0.7831617647058823,0.8382220588235293,0.7862749999999998,0.8181588235294117,0.838966176470588,0.7840279411764705,0.7852544117647057,0.7847808823529412,0.7968088235294117,0.8404441176470587,0.8411764705882353,0.8411764705882353,0.8411764705882353,0.8411764705882353,0.8411764705882353,0.8411764705882353,0.8388073529411765
0.8411764705882353,0.8411764705882353,0.8388073529411765,0.8411764705882353,0.8341985294117645,0.7862749999999998,0.6304088235294117,0.5952235294117646,0.5698779411764706,0.6087397058823528,0.6256588235294117,0.6611323529411763,0.7517191176470587,0.7977367647058823,0.7862749999999998,0.8411764705882353,0.8411764705882353,0.8411764705882353,0.8411764705882353,0.8411764705882353,0.8411764705882353,0.8411764705882353,0.8411764705882353,0.8203691176470587,0.8404441176470587,0.8242558823529411,0.7306632352941176,0.6829088235294116,0.6780367647058823,0.6165985294117646,0.6452147058823529,0.7900941176470587,0.7875397058823529,0.7795529411764704,0.8174147058823529,0.8374735294117647,0.8042691176470588,0.8411764705882353,0.8411764705882353,0.8411764705882353,0.8255750000000001,0.7859132352941176,0.8255750000000001,0.752625,0.8032911764705881,0.8188999999999999,0.8383882352941175,0.8411764705882353,0.8411764705882353,0.8411764705882353,0.8411764705882353,0.8411764705882353,0.8411764705882353,0.8411764705882353,0.8411764705882353,0.8411764705882353,0.8411764705882353,0.8411764705882353,0.8404441176470587,0.788485294117647,0.8133911764705881,0.7435661764705882,0.8241808823529411,0.8397073529411765,0.8411764705882353,0.8411764705882353,0.8411764705882353,0.8411764705882353,0.8411764705882353,0.8411764705882353,0.8411764705882353,0.8411764705882353,0.8411764705882353,0.8411764705882353,0.8411764705882353,0.818,0.8397073529411765,0.8373382352941175,0.761220588235294,0.7641926470588234,0.7542691176470587,0.7788647058823528,0.8287058823529411,0.8248382352941176,0.7797308823529412,0.834435294117647,0.793105882352941,0.764425,0.8016617647058822,0.8142970588235293,0.8397073529411765,0.8388073529411765,0.8411764705882353,0.8411764705882353,0.8411764705882353,0.8411764705882353,0.8411764705882353,0.8411764705882353,0.808560294117647
0.8411764705882353,0.8411764705882353,0.8411764705882353,0.8411764705882353,0.800180882352941,0.7800132352941176,0.6295117647058823,0.5809426470588235,0.5575029411764706,0.5921794117647058,0.6079970588235294,0.720335294117647,0.6857249999999999,0.7923308823529411,0.8188999999999999,0.8203691176470587,0.8411764705882353,0.8411764705882353,0.8411764705882353,0.8411764705882353,0.8411764705882353,0.8411764705882353,0.8411764705882353,0.8203691176470587,0.8196367647058822,0.7938544117647058,0.7512279411764705,0.674295588235294,0.5932441176470588,0.6297897058823528,0.6724897058823528,0.7881455882352939,0.7240514705882353,0.7204661764705881,0.8032191176470588,0.8133911764705881,0.818,0.8411764705882353,0.8411764705882353,0.8404441176470587,0.8196367647058822,0.8181588235294117,0.7641926470588234,0.8304529411764706,0.8145941176470587,0.8397073529411765,0.8404441176470587,0.8411764705882353,0.8411764705882353,0.8388073529411765,0.8411764705882353,0.8411764705882353,0.8411764705882353,0.8411764705882353,0.8411764705882353,0.8411764705882353,0.8411764705882353,0.8411764705882353,0.8404441176470587,0.8214235294117647,0.7614014705882353,0.8311955882352939,0.8023985294117647,0.7968088235294117,0.8092926470588234,0.8380749999999999,0.8411764705882353,0.8411764705882353,0.8411764705882353,0.8411764705882353,0.8411764705882353,0.8411764705882353,0.8411764705882353,0.8411764705882353,0.8411764705882353,0.8397073529411765,0.8058764705882352,0.7960897058823528,0.793105882352941,0.8210941176470586,0.7459941176470587,0.8272367647058823,0.8165308823529411,0.8063382352941176,0.7096426470588236,0.7671117647058823,0.7687485294117646,0.7703514705882352,0.8246808823529411,0.8070823529411765,0.8203691176470587,0.8373382352941175,0.8404441176470587,0.8411764705882353,0.8411764705882353,0.8411764705882353,0.8399955882352941,0.8411764705882353,0.8411764705882353
0.8411764705882353,0.8411764705882353,0.8411764705882353,0.8399955882352941,0.7404558823529411,0.744675,0.6871088235294117,0.6024426470588234,0.5443529411764705,0.5758191176470587,0.6532955882352941,0.6714705882352942,0.7329397058823529,0.7146044117647059,0.8392632352941175,0.8411764705882353,0.8411764705882353,0.8411764705882353,0.8411764705882353,0.8411764705882353,0.8411764705882353,0.8411764705882353,0.8411764705882353,0.8404441176470587,0.8399955882352941,0.8281220588235294,0.6715058823529412,0.684989705882353,0.6173044117647059,0.6131132352941175,0.6661426470588234,0.7767264705882352,0.7847808823529412,0.7852676470588233,0.7770558823529411,0.7926735294117646,0.8141323529411763,0.8411764705882353,0.8411764705882353,0.8411764705882353,0.8411764705882353,0.8019999999999999,0.777975,0.838966176470588,0.8397073529411765,0.8404441176470587,0.8388073529411765,0.8397073529411765,0.8411764705882353,0.8411764705882353,0.8411764705882353,0.8411764705882353,0.8411764705882353,0.8411764705882353,0.8411764705882353,0.8411764705882353,0.8411764705882353,0.8411764705882353,0.8411764705882353,0.8385264705882352,0.788485294117647,0.8174147058823529,0.7870338235294116,0.8296867647058822,0.8287058823529411,0.8411764705882353,0.8411764705882353,0.8411764705882353,0.8411764705882353,0.8411764705882353,0.8411764705882353,0.8411764705882353,0.8411764705882353,0.8411764705882353,0.8411764705882353,0.8411764705882353,0.8411764705882353,0.8397073529411765,0.8377852941176469,0.8314955882352941,0.7742264705882351,0.7969823529411764,0.8243941176470587,0.8263073529411764,0.7847808823529412,0.7916073529411763,0.7724749999999998,0.8119338235294118,0.7726367647058824,0.8036544117647059,0.8174147058823529,0.818,0.8411764705882353,0.8411764705882353,0.8411764705882353,0.8411764705882353,0.8411764705882353,0.8411764705882353,0.8404441176470587
0.8411764705882353,0.8411764705882353,0.8411764705882353,0.8397073529411765,0.7565470588235294,0.6886455882352941,0.6373573529411765,0.57325,0.5643220588235294,0.5964382352941177,0.7031014705882352,0.727505882352941,0.7846794117647058,0.7759647058823529,0.8172676470588235,0.8411764705882353,0.8411764705882353,0.8411764705882353,0.8411764705882353,0.8411764705882353,0.8411764705882353,0.8411764705882353,0.8411764705882353,0.8404441176470587,0.8399955882352941,0.8303441176470588,0.7373749999999999,0.6834749999999999,0.6561661764705883,0.637010294117647,0.7422882352941176,0.7454485294117646,0.7537338235294117,0.7619529411764705,0.7635720588235293,0.7627147058823529,0.8373382352941175,0.8092926470588234,0.8411764705882353,0.8411764705882353,0.8404441176470587,0.8397073529411765,0.838966176470588,0.8040308823529411,0.7894029411764705,0.8404441176470587,0.8196367647058822,0.8411764705882353,0.8411764705882353,0.8404441176470587,0.8411764705882353,0.8411764705882353,0.8411764705882353,0.8411764705882353,0.8411764705882353,0.8411764705882353,0.8411764705882353,0.8411764705882353,0.8411764705882353,0.8411764705882353,0.8361426470588235,0.8150455882352942,0.8078235294117646,0.8373382352941175,0.8411764705882353,0.8404441176470587,0.8411764705882353,0.8411764705882353,0.8411764705882353,0.8411764705882353,0.8411764705882353,0.8411764705882353,0.8411764705882353,0.8411764705882353,0.8411764705882353,0.8404441176470587,0.8404441176470587,0.8404441176470587,0.747970588235294,0.8012705882352941,0.792364705882353,0.7745264705882353,0.818,0.8196367647058822,0.7780499999999999,0.7659544117647057,0.8151558823529411,0.8009470588235295,0.771895588235294,0.8081117647058823,0.8373382352941175,0.8411764705882353,0.8388073529411765,0.8411764705882353,0.8411764705882353,0.8411764705882353,0.8399955882352941,0.8376117647058823,0.8399955882352941
0.8411764705882353,0.8411764705882353,0.8411764705882353,0.8411764705882353,0.8055882352941175,0.7230220588235293,0.6357249999999999,0.6292323529411763,0.5417029411764706,0.6213779411764705,0.7069808823529412,0.6466191176470587,0.7434970588235293,0.7559220588235293,0.8051573529411763,0.8411764705882353,0.8411764705882353,0.8411764705882353,0.8411764705882353,0.8411764705882353,0.8411764705882353,0.8411764705882353,0.8399955882352941,0.8411764705882353,0.8388073529411765,0.8229999999999998,0.6971999999999998,0.6653985294117647,0.6025176470588235,0.6265294117647058,0.6293926470588236,0.8000676470588234,0.7896529411764706,0.7900676470588235,0.7934176470588233,0.8184558823529411,0.7361485294117647,0.8411764705882353,0.8404441176470587,0.8411764705882353,0.8411764705882353,0.8156014705882352,0.7870161764705881,0.8040308823529411,0.8054999999999998,0.8404441176470587,0.8411764705882353,0.8404441176470587,0.8411764705882353,0.8411764705882353,0.8411764705882353,0.8411764705882353,0.8411764705882353,0.8411764705882353,0.8411764705882353,0.8411764705882353,0.8411764705882353,0.8411764705882353,0.8411764705882353,0.8188999999999999,0.8181588235294117,0.8317720588235294,0.8151323529411764,0.8196367647058822,0.8404441176470587,0.8411764705882353,0.8411764705882353,0.8411764705882353,0.8411764705882353,0.8411764705882353,0.8411764705882353,0.8411764705882353,0.8411764705882353,0.8411764705882353,0.8411764705882353,0.8388073529411765,0.8399955882352941,0.8376470588235293,0.8404441176470587,0.7676264705882352,0.7836000000000001,0.7567382352941177,0.8296073529411764,0.8397073529411765,0.7224647058823529,0.818,0.8028970588235292,0.7945985294117647,0.8064338235294117,0.8023147058823529,0.8411764705882353,0.8411764705882353,0.8364088235294117,0.8411764705882353,0.8411764705882353,0.8411764705882353,0.8411764705882353,0.8411764705882353,0.8411764705882353
0.8411764705882353,0.8411764705882353,0.8388073529411765,0.8397073529411765,0.7519720588235294,0.7240985294117647,0.686710294117647,0.6180749999999999,0.5444426470588235,0.6057808823529411,0.6509294117647059,0.7257632352941177,0.7219132352941177,0.7905735294117646,0.8397073529411765,0.8411764705882353,0.8411764705882353,0.8411764705882353,0.8411764705882353,0.8411764705882353,0.8411764705882353,0.8411764705882353,0.8411764705882353,0.8411764705882353,0.8092926470588234,0.8139367647058823,0.682460294117647,0.7034911764705881,0.6428941176470587,0.6573397058823529,0.745245588235294,0.8012705882352941,0.7565926470588235,0.7708573529411764,0.8250029411764706,0.7941588235294117,0.7849558823529411,0.8411764705882353,0.8411764705882353,0.8411764705882353,0.8404441176470587,0.8411764705882353,0.8248382352941176,0.8263073529411764,0.8073794117647057,0.7849205882352941,0.8404441176470587,0.8411764705882353,0.8411764705882353,0.8411764705882353,0.8411764705882353,0.8411764705882353,0.8411764705882353,0.8411764705882353,0.8411764705882353,0.8411764705882353,0.8411764705882353,0.8411764705882353,0.8404441176470587,0.8365970588235293,0.8296073529411764,0.8385264705882352,0.808560294117647,0.8181588235294117,0.8165308823529411,0.8203691176470587,0.8388073529411765,0.8411764705882353,0.8411764705882353,0.8411764705882353,0.8411764705882353,0.8411764705882353,0.8411764705882353,0.8411764705882353,0.8411764705882353,0.808560294117647,0.8404441176470587,0.8397073529411765,0.8188999999999999,0.7637102941176469,0.7949191176470588,0.8013955882352941,0.8389441176470587,0.8073852941176469,0.7581220588235292,0.7763617647058823,0.8005132352941177,0.8070823529411765,0.7812161764705882,0.8018455882352941,0.8392632352941175,0.8411764705882353,0.8411764705882353,0.8411764705882353,0.8411764705882353,0.8411764705882353,0.8411764705882353,0.8404441176470587,0.8388073529411765
0.8411764705882353,0.8411764705882353,0.8411764705882353,0.8404441176470587,0.8166661764705881,0.7511235294117646,0.6124999999999999,0.5780867647058824,0.5563382352941176,0.6104588235294118,0.6395529411764705,0.6816338235294116,0.6909441176470589,0.7612970588235293,0.8203691176470587,0.8411764705882353,0.8411764705882353,0.8411764705882353,0.8411764705882353,0.8411764705882353,0.8411764705882353,0.8411764705882353,0.8411764705882353,0.8388073529411765,0.8404441176470587,0.8066088235294117,0.7365235294117646,0.7205352941176469,0.6407176470588235,0.6398382352941177,0.7137867647058822,0.7724602941176469,0.7780544117647058,0.7389617647058823,0.7986749999999998,0.7867529411764705,0.8165308823529411,0.8411764705882353,0.8411764705882353,0.8411764705882353,0.8411764705882353,0.808560294117647,0.8188999999999999,0.7877529411764704,0.8217294117647058,0.7945985294117647,0.8385264705882352,0.8404441176470587,0.8411764705882353,0.8411764705882353,0.8411764705882353,0.8411764705882353,0.8411764705882353,0.8411764705882353,0.8411764705882353,0.8411764705882353,0.8411764705882353,0.8411764705882353,0.8411764705882353,0.8404441176470587,0.7871926470588234,0.8070823529411765,0.801530882352941,0.8070823529411765,0.8196367647058822,0.8404441176470587,0.8411764705882353,0.8411764705882353,0.8411764705882353,0.8411764705882353,0.8411764705882353,0.8411764705882353,0.8411764705882353,0.8404441176470587,0.8411764705882353,0.8411764705882353,0.8411764705882353,0.8203691176470587,0.761220588235294,0.7890882352941175,0.7083264705882353,0.7725147058823528,0.7879338235294118,0.8404441176470587,0.7348191176470587,0.8188999999999999,0.792535294117647,0.7846470588235293,0.8353058823529411,0.8404441176470587,0.8344661764705881,0.8203691176470587,0.8411764705882353,0.818,0.8411764705882353,0.8411764705882353,0.8411764705882353,0.8391249999999998,0.8404441176470587
0.8411764705882353,0.8411764705882353,0.8411764705882353,0.8411764705882353,0.8029058823529411,0.719220588235294,0.6022220588235293,0.5865764705882353,0.5455,0.6093514705882351,0.7115191176470588,0.7221455882352941,0.6855058823529411,0.763455882352941,0.8188999999999999,0.8411764705882353,0.8411764705882353,0.8411764705882353,0.8411764705882353,0.8411764705882353,0.8411764705882353,0.8392632352941175,0.8411764705882353,0.8383882352941175,0.8404441176470587,0.8397073529411765,0.7246029411764706,0.7545941176470587,0.6731897058823529,0.6980794117647059,0.6723544117647059,0.7117279411764705,0.7237838235294117,0.7201029411764706,0.791310294117647,0.8203691176470587,0.8404441176470587,0.8411764705882353,0.8411764705882353,0.8411764705882353,0.8411764705882353,0.8399955882352941,0.7822808823529411,0.8067676470588234,0.785835294117647,0.8411764705882353,0.8060235294117646,0.8411764705882353,0.8411764705882353,0.8411764705882353,0.8411764705882353,0.8411764705882353,0.8411764705882353,0.8411764705882353,0.8411764705882353,0.8411764705882353,0.8411764705882353,0.8411764705882353,0.8411764705882353,0.8404441176470587,0.7931176470588235,0.7806470588235292,0.7972779411764706,0.8196367647058822,0.8203691176470587,0.8411764705882353,0.8411764705882353,0.8411764705882353,0.8411764705882353,0.8411764705882353,0.8411764705882353,0.8411764705882353,0.8411764705882353,0.8411764705882353,0.8411764705882353,0.8411764705882353,0.8404441176470587,0.8392632352941175,0.8359632352941175,0.838966176470588,0.7836000000000001,0.7469661764705882,0.8263073529411764,0.7757338235294117,0.8096867647058822,0.7660147058823529,0.783270588235294,0.838966176470588,0.8151558823529411,0.7870161764705881,0.808560294117647,0.8399955882352941,0.8203691176470587,0.8411764705882353,0.8411764705882353,0.8411764705882353,0.8411764705882353,0.8255750000000001,0.8263073529411764
0.8411764705882353,0.8411764705882353,0.8411764705882353,0.8388073529411765,0.7886691176470587,0.7946029411764705,0.6803073529411764,0.628435294117647,0.5578867647058823,0.5682573529411765,0.6943161764705882,0.6749044117647057,0.649975,0.7347279411764706,0.794895588235294,0.8380749999999999,0.8411764705882353,0.8411764705882353,0.8411764705882353,0.8411764705882353,0.8411764705882353,0.8411764705882353,0.8411764705882353,0.8296073529411764,0.8310764705882352,0.7862749999999998,0.6535073529411763,0.6670485294117647,0.6512382352941176,0.6032,0.7599911764705881,0.7388558823529411,0.7543338235294116,0.742825,0.712560294117647,0.8120705882352941,0.8196367647058822,0.8388073529411765,0.8411764705882353,0.8411764705882353,0.8411764705882353,0.8404441176470587,0.838966176470588,0.8382220588235293,0.7870161764705881,0.8397073529411765,0.8404441176470587,0.8411764705882353,0.8411764705882353,0.8411764705882353,0.8411764705882353,0.8411764705882353,0.8411764705882353,0.8411764705882353,0.8411764705882353,0.8411764705882353,0.8411764705882353,0.8411764705882353,0.8411764705882353,0.8255750000000001,0.8043191176470587,0.8385264705882352,0.8177191176470587,0.8404441176470587,0.838966176470588,0.8404441176470587,0.8411764705882353,0.8411764705882353,0.8411764705882353,0.8411764705882353,0.8411764705882353,0.8411764705882353,0.8411764705882353,0.8411764705882353,0.8411764705882353,0.8404441176470587,0.8183176470588235,0.7938544117647058,0.7950558823529411,0.8177191176470587,0.7596573529411764,0.7650308823529411,0.8397073529411765,0.8382220588235293,0.7755985294117647,0.8075088235294117,0.7652044117647059,0.782245588235294,0.8130749999999999,0.7849558823529411,0.8385264705882352,0.8411764705882353,0.8404441176470587,0.8411764705882353,0.8411764705882353,0.8411764705882353,0.8411764705882353,0.8203691176470587,0.8411764705882353
0.8411764705882353,0.8411764705882353,0.8411764705882353,0.8411764705882353,0.8036544117647059,0.7418838235294117,0.6332235294117647,0.5734941176470587,0.5444661764705881,0.5891691176470587,0.6551455882352941,0.6784867647058823,0.6213308823529411,0.7520470588235294,0.8404441176470587,0.8411764705882353,0.8411764705882353,0.8411764705882353,0.8411764705882353,0.8411764705882353,0.8411764705882353,0.8411764705882353,0.8411764705882353,0.8411764705882353,0.818,0.7812161764705882,0.7522941176470587,0.7165058823529411,0.6672691176470589,0.6692985294117647,0.6579058823529411,0.7080029411764706,0.7803161764705882,0.6828411764705882,0.8009573529411764,0.8203691176470587,0.8040941176470587,0.8411764705882353,0.8364088235294117,0.8411764705882353,0.8411764705882353,0.7960764705882353,0.8397073529411765,0.7541941176470588,0.792970588235294,0.8296073529411764,0.8191882352941176,0.8397073529411765,0.8411764705882353,0.8411764705882353,0.8411764705882353,0.8411764705882353,0.8411764705882353,0.8411764705882353,0.8411764705882353,0.8411764705882353,0.8411764705882353,0.8411764705882353,0.8411764705882353,0.8181588235294117,0.7140338235294117,0.798460294117647,0.7727794117647058,0.8157897058823529,0.8411764705882353,0.8411764705882353,0.8411764705882353,0.8411764705882353,0.8411764705882353,0.8411764705882353,0.8411764705882353,0.8411764705882353,0.8411764705882353,0.8411764705882353,0.8411764705882353,0.8411764705882353,0.8411764705882353,0.818,0.78325,0.8045338235294117,0.8275411764705882,0.7968838235294118,0.8392632352941175,0.8196367647058822,0.7621999999999999,0.7985235294117645,0.7922294117647057,0.738830882352941,0.802545588235294,0.8035176470588234,0.8399955882352941,0.8399955882352941,0.8203691176470587,0.8411764705882353,0.8411764705882353,0.8404441176470587,0.8411764705882353,0.8411764705882353,0.8411764705882353
0.8411764705882353,0.8411764705882353,0.8411764705882353,0.8411764705882353,0.7915955882352941,0.7684617647058823,0.6295941176470589,0.5745882352941176,0.572410294117647,0.5881779411764705,0.6643676470588235,0.7951764705882352,0.6624323529411764,0.7595088235294116,0.8188999999999999,0.8411764705882353,0.8411764705882353,0.8411764705882353,0.8411764705882353,0.8411764705882353,0.8411764705882353,0.8191882352941176,0.8411764705882353,0.8411764705882353,0.8188999999999999,0.8404441176470587,0.7530735294117646,0.7811544117647058,0.638910294117647,0.6506426470588235,0.7520617647058823,0.7612029411764706,0.763380882352941,0.6651985294117647,0.7870161764705881,0.802545588235294,0.8373382352941175,0.8411764705882353,0.8411764705882353,0.8411764705882353,0.8404441176470587,0.8303441176470588,0.8024455882352941,0.8215397058823529,0.7750014705882352,0.8054999999999998,0.8411764705882353,0.8404441176470587,0.8411764705882353,0.8411764705882353,0.8411764705882353,0.8411764705882353,0.8411764705882353,0.8411764705882353,0.8411764705882353,0.8411764705882353,0.8411764705882353,0.8411764705882353,0.8411764705882353,0.8174147058823529,0.7879338235294118,0.8078235294117646,0.8404441176470587,0.7306338235294118,0.8411764705882353,0.8411764705882353,0.8411764705882353,0.8411764705882353,0.8411764705882353,0.8411764705882353,0.8411764705882353,0.8411764705882353,0.8411764705882353,0.8411764705882353,0.8411764705882353,0.8411764705882353,0.8399955882352941,0.8196367647058822,0.8120720588235294,0.7987897058823529,0.7776661764705882,0.7567588235294118,0.8263073529411764,0.8411764705882353,0.7819661764705882,0.7550367647058822,0.798460294117647,0.7305073529411764,0.7500470588235293,0.7991926470588234,0.7972779411764706,0.8411764705882353,0.8404441176470587,0.8411764705882353,0.8411764705882353,0.8411764705882353,0.8411764705882353,0.8388073529411765,0.8411764705882353
0.8411764705882353,0.8411764705882353,0.8411764705882353,0.8383882352941175,0.8142970588235293,0.724175,0.6692632352941177,0.6249014705882353,0.5775044117647059,0.5682088235294116,0.6740323529411765,0.7063764705882352,0.6243397058823528,0.7404558823529411,0.8203691176470587,0.8411764705882353,0.8411764705882353,0.8411764705882353,0.8411764705882353,0.8411764705882353,0.8411764705882353,0.8404441176470587,0.8411764705882353,0.8380749999999999,0.8404441176470587,0.7969823529411764,0.7542632352941175,0.7790647058823529,0.6101161764705881,0.6414823529411765,0.7083661764705882,0.7072544117647058,0.7825764705882351,0.745045588235294,0.7946823529411765,0.815335294117647,0.8399955882352941,0.8203691176470587,0.8411764705882353,0.8411764705882353,0.8411764705882353,0.8092926470588234,0.7841882352941176,0.8380749999999999,0.808560294117647,0.8263073529411764,0.804110294117647,0.8411764705882353,0.8411764705882353,0.8411764705882353,0.8411764705882353,0.8411764705882353,0.8411764705882353,0.8411764705882353,0.8411764705882353,0.8411764705882353,0.8411764705882353,0.8411764705882353,0.8411764705882353,0.8296073529411764,0.7748838235294118,0.8181588235294117,0.8034779411764704,0.808560294117647,0.8092926470588234,0.8411764705882353,0.8411764705882353,0.8411764705882353,0.8411764705882353,0.8411764705882353,0.8411764705882353,0.8411764705882353,0.8411764705882353,0.8411764705882353,0.8411764705882353,0.8397073529411765,0.838966176470588,0.8310764705882352,0.7799897058823527,0.7122455882352942,0.7833294117647058,0.8040308823529411,0.8404441176470587,0.785530882352941,0.8356764705882352,0.8334544117647058,0.7595544117647058,0.7864485294117647,0.7458161764705882,0.820070588235294,0.8404441176470587,0.8404441176470587,0.8404441176470587,0.8399955882352941,0.8411764705882353,0.8411764705882353,0.8411764705882353,0.8411764705882353,0.8203691176470587
0.8411764705882353,0.8411764705882353,0.8411764705882353,0.8404441176470587,0.8151558823529411,0.7603882352941175,0.6095749999999999,0.5994808823529411,0.5643294117647059,0.5860794117647058,0.7016838235294116,0.6996764705882351,0.6986264705882352,0.7333838235294117,0.8399955882352941,0.8411764705882353,0.8404441176470587,0.8411764705882353,0.8411764705882353,0.8411764705882353,0.8411764705882353,0.8404441176470587,0.8404441176470587,0.8411764705882353,0.8411764705882353,0.7641926470588234,0.7344249999999999,0.7090132352941175,0.7182794117647058,0.6506117647058823,0.6761235294117647,0.7367102941176469,0.7782367647058823,0.8013955882352941,0.8352779411764706,0.8073794117647057,0.8092926470588234,0.8287058823529411,0.8411764705882353,0.8411764705882353,0.8411764705882353,0.8397073529411765,0.8157897058823529,0.8404441176470587,0.7849558823529411,0.8203691176470587,0.8203691176470587,0.8411764705882353,0.8411764705882353,0.8411764705882353,0.8411764705882353,0.8411764705882353,0.8411764705882353,0.8411764705882353,0.8411764705882353,0.8411764705882353,0.8411764705882353,0.8411764705882353,0.8255750000000001,0.7933764705882352,0.7788205882352941,0.779910294117647,0.8327058823529411,0.8404441176470587,0.8411764705882353,0.8411764705882353,0.8411764705882353,0.8411764705882353,0.8411764705882353,0.8411764705882353,0.8411764705882353,0.8411764705882353,0.8411764705882353,0.8411764705882353,0.8411764705882353,0.8411764705882353,0.8411764705882353,0.8203691176470587,0.7836000000000001,0.7671264705882351,0.7825044117647059,0.761220588235294,0.8404441176470587,0.8358529411764705,0.7836000000000001,0.8141323529411763,0.756454411764706,0.8162338235294117,0.779705882352941,0.8181588235294117,0.8404441176470587,0.8392632352941175,0.8411764705882353,0.8411764705882353,0.8411764705882353,0.8411764705882353,0.8411764705882353,0.8411764705882353,0.8411764705882353
0.8411764705882353,0.8411764705882353,0.8411764705882353,0.8404441176470587,0.7834264705882352,0.7021794117647058,0.6349235294117646,0.5774941176470588,0.5529323529411765,0.5712352941176471,0.6531514705882353,0.6674529411764705,0.7409573529411765,0.7324499999999999,0.8397073529411765,0.8411764705882353,0.8411764705882353,0.8411764705882353,0.8411764705882353,0.8411764705882353,0.8411764705882353,0.8411764705882353,0.8411764705882353,0.8411764705882353,0.8411764705882353,0.8346573529411764,0.7537338235294117,0.7174823529411763,0.6141102941176471,0.6997264705882352,0.668170588235294,0.7121647058823528,0.7389617647058823,0.7477499999999999,0.7502102941176471,0.8150455882352942,0.8376117647058823,0.8411764705882353,0.8411764705882353,0.8411764705882353,0.8411764705882353,0.8388073529411765,0.7968088235294117,0.7922294117647057,0.838966176470588,0.8078235294117646,0.8183176470588235,0.8411764705882353,0.8411764705882353,0.8411764705882353,0.8411764705882353,0.8411764705882353,0.8411764705882353,0.8411764705882353,0.8411764705882353,0.8411764705882353,0.8411764705882353,0.8411764705882353,0.8411764705882353,0.7870161764705881,0.7421455882352941,0.8143941176470587,0.8169779411764706,0.7877529411764704,0.8411764705882353,0.8399955882352941,0.8404441176470587,0.8411764705882353,0.8411764705882353,0.8411764705882353,0.8411764705882353,0.8411764705882353,0.8411764705882353,0.8411764705882353,0.8411764705882353,0.8411764705882353,0.8411764705882353,0.8411764705882353,0.7922294117647057,0.7819661764705882,0.7958367647058823,0.8199132352941175,0.8370411764705881,0.8168397058823529,0.7953529411764706,0.7937073529411763,0.808245588235294,0.826495588235294,0.7824117647058823,0.8151558823529411,0.8203691176470587,0.8411764705882353,0.8404441176470587,0.8404441176470587,0.8411764705882353,0.8411764705882353,0.8411764705882353,0.8411764705882353,0.8388073529411765
0.8411764705882353,0.8411764705882353,0.8391249999999998,0.8411764705882353,0.8236838235294116,0.7721441176470588,0.6526617647058823,0.6005470588235294,0.575145588235294,0.6147441176470588,0.6445088235294116,0.6499617647058823,0.7027308823529411,0.8123676470588236,0.8310764705882352,0.8191882352941176,0.8411764705882353,0.8411764705882353,0.8411764705882353,0.8411764705882353,0.8203691176470587,0.8399955882352941,0.8411764705882353,0.8404441176470587,0.8392632352941175,0.8248382352941176,0.7412661764705881,0.6976191176470588,0.671970588235294,0.6609073529411763,0.6972470588235293,0.7962764705882351,0.7604676470588234,0.7487323529411763,0.8067676470588234,0.8153470588235292,0.8388073529411765,0.8404441176470587,0.8411764705882353,0.8411764705882353,0.8411764705882353,0.8404441176470587,0.775330882352941,0.8015867647058822,0.8358529411764705,0.8070823529411765,0.8399955882352941,0.8411764705882353,0.8411764705882353,0.8411764705882353,0.8411764705882353,0.8411764705882353,0.8411764705882353,0.8411764705882353,0.8411764705882353,0.8411764705882353,0.8411764705882353,0.8411764705882353,0.8411764705882353,0.8404441176470587,0.7816588235294116,0.8174147058823529,0.8196367647058822,0.8035867647058822,0.8255750000000001,0.8411764705882353,0.8411764705882353,0.8411764705882353,0.8411764705882353,0.8411764705882353,0.8411764705882353,0.8411764705882353,0.8411764705882353,0.8411764705882353,0.8411764705882353,0.8399955882352941,0.8296073529411764,0.8310764705882352,0.8047132352941176,0.7736852941176471,0.7118102941176471,0.7953529411764706,0.7511338235294117,0.8188999999999999,0.7348191176470587,0.7845176470588234,0.7809014705882352,0.8248382352941176,0.7758676470588235,0.8347823529411764,0.8411764705882353,0.7968088235294117,0.8411764705882353,0.8411764705882353,0.8411764705882353,0.8411764705882353,0.8411764705882353,0.8404441176470587,0.8411764705882353
0.8411764705882353,0.8411764705882353,0.8411764705882353,0.8397073529411765,0.7163985294117647,0.7252941176470588,0.6320058823529411,0.5547529411764706,0.5636441176470587,0.5919867647058823,0.6830808823529411,0.6927794117647059,0.7165691176470587,0.8017088235294118,0.8020985294117646,0.8411764705882353,0.8411764705882353,0.8411764705882353,0.8411764705882353,0.8411764705882353,0.8411764705882353,0.8411764705882353,0.8411764705882353,0.8404441176470587,0.8092926470588234,0.7540558823529411,0.698714705882353,0.7165691176470587,0.6617294117647058,0.6058558823529412,0.7035632352941176,0.766385294117647,0.802545588235294,0.7770499999999998,0.7614382352941176,0.8039691176470587,0.785835294117647,0.8411764705882353,0.8411764705882353,0.8411764705882353,0.8404441176470587,0.8188999999999999,0.8344661764705881,0.8184558823529411,0.8354014705882353,0.8382220588235293,0.8203691176470587,0.8411764705882353,0.8411764705882353,0.8411764705882353,0.8411764705882353,0.8411764705882353,0.8411764705882353,0.8411764705882353,0.8411764705882353,0.8411764705882353,0.8411764705882353,0.8411764705882353,0.8411764705882353,0.838966176470588,0.7641926470588234,0.8368794117647058,0.8196367647058822,0.820070588235294,0.8255750000000001,0.8411764705882353,0.8411764705882353,0.8411764705882353,0.8411764705882353,0.8411764705882353,0.8411764705882353,0.8411764705882353,0.8411764705882353,0.8411764705882353,0.8411764705882353,0.8411764705882353,0.8411764705882353,0.8411764705882353,0.8370411764705881,0.8143941176470587,0.7600397058823528,0.7715985294117645,0.8397073529411765,0.8367558823529411,0.7828470588235293,0.8035161764705882,0.8166661764705881,0.6968308823529411,0.7473441176470587,0.8224691176470589,0.8081117647058823,0.8203691176470587,0.8411764705882353,0.8411764705882353,0.8411764705882353,0.8411764705882353,0.8411764705882353,0.8411764705882353,0.8388073529411765
0.8411764705882353,0.8411764705882353,0.8404441176470587,0.8411764705882353,0.802545588235294,0.7525691176470587,0.7032470588235294,0.5644661764705882,0.5683058823529412,0.5903588235294118,0.643495588235294,0.7352602941176469,0.7064470588235293,0.8114367647058823,0.8404441176470587,0.8404441176470587,0.8411764705882353,0.8411764705882353,0.8411764705882353,0.8411764705882353,0.8411764705882353,0.8411764705882353,0.8411764705882353,0.8411764705882353,0.8404441176470587,0.8116029411764706,0.6754088235294116,0.6959264705882353,0.6372088235294118,0.6616264705882352,0.7215132352941176,0.7517499999999999,0.8036544117647059,0.7824249999999998,0.7850941176470587,0.763455882352941,0.813175,0.8411764705882353,0.8411764705882353,0.8411764705882353,0.8411764705882353,0.8411764705882353,0.8310764705882352,0.8358529411764705,0.8203691176470587,0.8411764705882353,0.8411764705882353,0.8411764705882353,0.8411764705882353,0.8411764705882353,0.8411764705882353,0.8411764705882353,0.8411764705882353,0.8411764705882353,0.8411764705882353,0.8411764705882353,0.8411764705882353,0.8411764705882353,0.8411764705882353,0.7797308823529412,0.7886691176470587,0.8404441176470587,0.8404441176470587,0.8303441176470588,0.8397073529411765,0.8411764705882353,0.8411764705882353,0.8411764705882353,0.8411764705882353,0.8411764705882353,0.8411764705882353,0.8411764705882353,0.8411764705882353,0.8411764705882353,0.8411764705882353,0.8411764705882353,0.8203691176470587,0.8411764705882353,0.7542955882352941,0.7826720588235293,0.7824117647058823,0.8404441176470587,0.8145941176470587,0.8411764705882353,0.7515367647058823,0.7599014705882352,0.7489514705882352,0.8368794117647058,0.8055882352941175,0.7618235294117646,0.7968088235294117,0.8411764705882353,0.8303441176470588,0.8287058823529411,0.8411764705882353,0.8411764705882353,0.8411764705882353,0.8411764705882353,0.8388073529411765
0.8411764705882353,0.8411764705882353,0.8411764705882353,0.8411764705882353,0.8181588235294117,0.7245044117647057,0.6809397058823529,0.5769544117647057,0.5832147058823529,0.5605823529411764,0.7228676470588234,0.6799147058823528,0.7371779411764705,0.754675,0.7960764705882353,0.8404441176470587,0.8411764705882353,0.8411764705882353,0.8411764705882353,0.8411764705882353,0.8411764705882353,0.8391249999999998,0.8411764705882353,0.8391249999999998,0.8388073529411765,0.7812911764705882,0.7865838235294117,0.67655,0.6303058823529412,0.6499294117647059,0.7330617647058822,0.7419191176470588,0.8317720588235294,0.7681308823529411,0.8274941176470588,0.7847808823529412,0.818,0.8411764705882353,0.8411764705882353,0.8411764705882353,0.8411764705882353,0.8411764705882353,0.8354014705882353,0.8399955882352941,0.8168397058823529,0.8411764705882353,0.8392632352941175,0.8388073529411765,0.8411764705882353,0.8411764705882353,0.8411764705882353,0.8411764705882353,0.8411764705882353,0.8411764705882353,0.8411764705882353,0.8411764705882353,0.8411764705882353,0.8411764705882353,0.8411764705882353,0.8411764705882353,0.8196367647058822,0.8352014705882352,0.7870161764705881,0.8411764705882353,0.8203691176470587,0.8404441176470587,0.8411764705882353,0.8411764705882353,0.8411764705882353,0.8411764705882353,0.8411764705882353,0.8411764705882353,0.8411764705882353,0.8411764705882353,0.8411764705882353,0.8411764705882353,0.8131044117647058,0.815475,0.8109647058823528,0.7773617647058823,0.7997249999999998,0.7375161764705882,0.8147382352941175,0.8411764705882353,0.7727970588235293,0.8086235294117646,0.7485411764705883,0.8016617647058822,0.7665558823529411,0.8240985294117648,0.8411764705882353,0.8388073529411765,0.8411764705882353,0.8411764705882353,0.8411764705882353,0.8411764705882353,0.8411764705882353,0.8411764705882353,0.8376117647058823
0.8411764705882353,0.8411764705882353,0.8391249999999998,0.8404441176470587,0.8210941176470586,0.7119073529411765,0.6515220588235294,0.5842235294117646,0.5740558823529411,0.6026411764705882,0.6651617647058822,0.6959529411764704,0.6863823529411764,0.785835294117647,0.8203691176470587,0.8411764705882353,0.8404441176470587,0.8411764705882353,0.8411764705882353,0.8411764705882353,0.8411764705882353,0.8399955882352941,0.8411764705882353,0.8411764705882353,0.8404441176470587,0.7674470588235293,0.7042838235294117,0.6946397058823528,0.7308897058823529,0.6496397058823529,0.646335294117647,0.7443838235294116,0.7289294117647058,0.7640161764705882,0.7608735294117647,0.8370411764705881,0.8397073529411765,0.8411764705882353,0.8411764705882353,0.8411764705882353,0.8399955882352941,0.8380749999999999,0.8070823529411765,0.8257514705882352,0.790910294117647,0.8196367647058822,0.8411764705882353,0.8411764705882353,0.8411764705882353,0.8411764705882353,0.8411764705882353,0.8411764705882353,0.8411764705882353,0.8411764705882353,0.8411764705882353,0.8411764705882353,0.8411764705882353,0.8411764705882353,0.8411764705882353,0.8397073529411765,0.8397073529411765,0.7831617647058823,0.785530882352941,0.8380749999999999,0.8411764705882353,0.8411764705882353,0.8411764705882353,0.8411764705882353,0.8411764705882353,0.8411764705882353,0.8411764705882353,0.8411764705882353,0.8411764705882353,0.8411764705882353,0.8411764705882353,0.8404441176470587,0.8188999999999999,0.8404441176470587,0.8054544117647059,0.766385294117647,0.7830073529411763,0.7324499999999999,0.8203691176470587,0.8399955882352941,0.7820102941176469,0.7580558823529412,0.8107794117647058,0.7888838235294116,0.7585294117647057,0.8077970588235293,0.8282882352941175,0.8411764705882353,0.8411764705882353,0.8411764705882353,0.8411764705882353,0.8411764705882353,0.8411764705882353,0.8411764705882353,0.8411764705882353
0.8411764705882353,0.8411764705882353,0.8411764705882353,0.8411764705882353,0.7810852941176469,0.7766647058823528,0.7032264705882352,0.564910294117647,0.5533220588235294,0.5650014705882352,0.6648014705882352,0.6586720588235294,0.7123573529411764,0.7612970588235293,0.8310764705882352,0.8411764705882353,0.8404441176470587,0.8411764705882353,0.8411764705882353,0.8411764705882353,0.8411764705882353,0.8399955882352941,0.8411764705882353,0.8380749999999999,0.8079014705882352,0.8153470588235292,0.7010617647058823,0.6807779411764704,0.6081044117647059,0.6241735294117646,0.6889823529411763,0.7525161764705882,0.7824117647058823,0.7766823529411764,0.7816808823529411,0.8172676470588235,0.8188999999999999,0.8411764705882353,0.8411764705882353,0.8388073529411765,0.8404441176470587,0.8351985294117646,0.8382220588235293,0.8382220588235293,0.7129823529411764,0.8269397058823529,0.8196367647058822,0.8411764705882353,0.8411764705882353,0.8411764705882353,0.8411764705882353,0.8411764705882353,0.8411764705882353,0.8411764705882353,0.8411764705882353,0.8411764705882353,0.8411764705882353,0.8411764705882353,0.8411764705882353,0.8397073529411765,0.8404441176470587,0.7447779411764706,0.7853838235294116,0.8203691176470587,0.8411764705882353,0.8411764705882353,0.8411764705882353,0.8411764705882353,0.8411764705882353,0.8411764705882353,0.8411764705882353,0.8411764705882353,0.8411764705882353,0.8411764705882353,0.8411764705882353,0.8411764705882353,0.8203691176470587,0.8397073529411765,0.828425,0.7474088235294117,0.7759647058823529,0.7837647058823527,0.7877529411764704,0.818,0.7804632352941175,0.8188999999999999,0.7723441176470587,0.8188999999999999,0.8029058823529411,0.8050191176470588,0.838966176470588,0.8411764705882353,0.8411764705882353,0.8203691176470587,0.8411764705882353,0.8411764705882353,0.8411764705882353,0.8397073529411765,0.8196367647058822
0.8411764705882353,0.8411764705882353,0.8404441176470587,0.8397073529411765,0.8142970588235293,0.7781779411764705,0.6410867647058822,0.5760691176470587,0.5540544117647058,0.5646294117647058,0.6635617647058824,0.7538926470588234,0.7142029411764705,0.815335294117647,0.8182426470588234,0.8411764705882353,0.8411764705882353,0.8411764705882353,0.8411764705882353,0.8411764705882353,0.8411764705882353,0.8404441176470587,0.8411764705882353,0.8388073529411765,0.8411764705882353,0.7750014705882352,0.7347676470588236,0.7132588235294118,0.6050485294117646,0.6478499999999999,0.7028411764705882,0.7491426470588235,0.6941102941176471,0.7601235294117645,0.7516867647058824,0.8165308823529411,0.8092926470588234,0.8404441176470587,0.8411764705882353,0.8411764705882353,0.8404441176470587,0.8411764705882353,0.8377852941176469,0.8196367647058822,0.8188999999999999,0.8382220588235293,0.8411764705882353,0.8411764705882353,0.8411764705882353,0.8411764705882353,0.8411764705882353,0.8411764705882353,0.8411764705882353,0.8411764705882353,0.8411764705882353,0.8411764705882353,0.8411764705882353,0.8411764705882353,0.8411764705882353,0.8248382352941176,0.780470588235294,0.8021102941176469,0.8233529411764706,0.8411764705882353,0.8196367647058822,0.8411764705882353,0.8411764705882353,0.8411764705882353,0.8411764705882353,0.8411764705882353,0.8411764705882353,0.8411764705882353,0.8411764705882353,0.8411764705882353,0.8411764705882353,0.8411764705882353,0.8388073529411765,0.818,0.792970588235294,0.7805,0.7991441176470587,0.7846102941176469,0.8196367647058822,0.8382220588235293,0.7596014705882351,0.7922485294117646,0.7998882352941176,0.8130308823529412,0.8176499999999999,0.7503970588235294,0.8303441176470588,0.8404441176470587,0.8411764705882353,0.8411764705882353,0.8411764705882353,0.8411764705882353,0.8411764705882353,0.8310764705882352,0.8388073529411765
0.8411764705882353,0.8411764705882353,0.8404441176470587,0.8404441176470587,0.8157897058823529,0.7129308823529411,0.6408470588235293,0.5713867647058822,0.5521779411764706,0.6054779411764706,0.6535955882352941,0.7316117647058822,0.6522823529411764,0.7914852941176469,0.8061911764705881,0.8411764705882353,0.8411764705882353,0.8411764705882353,0.8411764705882353,0.8411764705882353,0.8411764705882353,0.8203691176470587,0.8411764705882353,0.8388073529411765,0.8411764705882353,0.7873044117647058,0.7597691176470588,0.7251323529411763,0.643555882352941,0.647535294117647,0.6810441176470587,0.8377852941176469,0.7036,0.7511308823529411,0.7853838235294116,0.8181588235294117,0.838966176470588,0.8411764705882353,0.8411764705882353,0.8411764705882353,0.8411764705882353,0.8411764705882353,0.7903764705882351,0.7514720588235293,0.7941088235294117,0.8404441176470587,0.8404441176470587,0.8404441176470587,0.8404441176470587,0.8411764705882353,0.8411764705882353,0.8411764705882353,0.8411764705882353,0.8411764705882353,0.8411764705882353,0.8411764705882353,0.8411764705882353,0.8411764705882353,0.8411764705882353,0.8232058823529411,0.7435661764705882,0.8181588235294117,0.8157897058823529,0.8188999999999999,0.8092926470588234,0.8411764705882353,0.8411764705882353,0.8411764705882353,0.8411764705882353,0.8411764705882353,0.8411764705882353,0.8411764705882353,0.8411764705882353,0.8411764705882353,0.8411764705882353,0.8411764705882353,0.8196367647058822,0.8373382352941175,0.7911720588235294,0.8151558823529411,0.7519720588235294,0.8358529411764705,0.8196367647058822,0.8397073529411765,0.8159132352941175,0.785530882352941,0.7834514705882352,0.8253014705882352,0.792970588235294,0.8070823529411765,0.8203691176470587,0.8399955882352941,0.8411764705882353,0.8411764705882353,0.8411764705882353,0.8411764705882353,0.8404441176470587,0.8203691176470587,0.8388073529411765
0.8411764705882353,0.8411764705882353,0.8411764705882353,0.8380749999999999,0.7333161764705881,0.7899735294117646,0.6436235294117647,0.5998985294117646,0.5478691176470587,0.6082132352941175,0.7196441176470587,0.6749823529411764,0.6692264705882351,0.7652323529411764,0.7870941176470587,0.8411764705882353,0.8411764705882353,0.8411764705882353,0.8411764705882353,0.8411764705882353,0.8411764705882353,0.8404441176470587,0.8411764705882353,0.8411764705882353,0.8397073529411765,0.805985294117647,0.682010294117647,0.715870588235294,0.6917970588235294,0.6295941176470589,0.6487647058823529,0.7410014705882352,0.7660176470588235,0.7476632352941176,0.7613132352941177,0.8321264705882352,0.8177191176470587,0.8373382352941175,0.8411764705882353,0.8411764705882353,0.8411764705882353,0.8411764705882353,0.7487161764705881,0.8001764705882353,0.8373382352941175,0.8181588235294117,0.8411764705882353,0.8411764705882353,0.8411764705882353,0.8411764705882353,0.8411764705882353,0.8411764705882353,0.8411764705882353,0.8411764705882353,0.8411764705882353,0.8411764705882353,0.8411764705882353,0.8411764705882353,0.8411764705882353,0.7862749999999998,0.8061911764705881,0.8055882352941175,0.8411764705882353,0.8061911764705881,0.8203691176470587,0.8411764705882353,0.8411764705882353,0.8411764705882353,0.8411764705882353,0.8411764705882353,0.8411764705882353,0.8411764705882353,0.8411764705882353,0.8411764705882353,0.8411764705882353,0.8388073529411765,0.8092926470588234,0.8404441176470587,0.8245102941176469,0.7413220588235293,0.8102720588235294,0.8375647058823528,0.8196367647058822,0.8268029411764705,0.8355397058823529,0.7801397058823528,0.7467397058823529,0.783270588235294,0.7825088235294116,0.766385294117647,0.7941088235294117,0.8411764705882353,0.8411764705882353,0.8411764705882353,0.8411764705882353,0.8411764705882353,0.8411764705882353,0.8411764705882353,0.8411764705882353
0.8411764705882353,0.8411764705882353,0.8411764705882353,0.8411764705882353,0.8240985294117648,0.7110397058823529,0.691610294117647,0.5623867647058823,0.5571147058823529,0.6088470588235293,0.6855249999999999,0.7145073529411764,0.6741058823529411,0.7969823529411764,0.8224691176470589,0.7894029411764705,0.8411764705882353,0.8411764705882353,0.8411764705882353,0.8411764705882353,0.8411764705882353,0.8411764705882353,0.8411764705882353,0.8196367647058822,0.8411764705882353,0.794895588235294,0.7287161764705883,0.7343808823529411,0.654410294117647,0.6933294117647057,0.6963029411764704,0.7558191176470588,0.6960294117647059,0.7986632352941176,0.761220588235294,0.7953397058823529,0.8397073529411765,0.8196367647058822,0.8411764705882353,0.8411764705882353,0.8411764705882353,0.8365970588235293,0.8296073529411764,0.7820426470588234,0.8169779411764706,0.8341985294117645,0.8385264705882352,0.8404441176470587,0.8411764705882353,0.8411764705882353,0.8411764705882353,0.8411764705882353,0.8411764705882353,0.8411764705882353,0.8411764705882353,0.8411764705882353,0.8411764705882353,0.8411764705882353,0.8411764705882353,0.8377852941176469,0.8078235294117646,0.793105882352941,0.8383882352941175,0.8365970588235293,0.8411764705882353,0.8411764705882353,0.8411764705882353,0.8411764705882353,0.8411764705882353,0.8411764705882353,0.8411764705882353,0.8411764705882353,0.8411764705882353,0.8411764705882353,0.8411764705882353,0.8203691176470587,0.8411764705882353,0.808560294117647,0.780220588235294,0.7473441176470587,0.7771470588235292,0.8019000000000001,0.8240985294117648,0.838966176470588,0.785530882352941,0.775545588235294,0.7782367647058823,0.7862749999999998,0.7527176470588235,0.8370411764705881,0.8196367647058822,0.8411764705882353,0.8411764705882353,0.8411764705882353,0.8411764705882353,0.8411764705882353,0.8411764705882353,0.8411764705882353,0.8411764705882353
0.8411764705882353,0.8411764705882353,0.8411764705882353,0.8411764705882353,0.8069235294117647,0.7559573529411764,0.6570838235294117,0.5625161764705882,0.5402132352941176,0.5728367647058823,0.7233544117647057,0.670225,0.7689838235294116,0.8152117647058823,0.8078235294117646,0.8411764705882353,0.8411764705882353,0.8411764705882353,0.8411764705882353,0.8411764705882353,0.8411764705882353,0.8411764705882353,0.8203691176470587,0.8399955882352941,0.8373382352941175,0.793105882352941,0.6687044117647059,0.7038455882352941,0.6265720588235294,0.6463029411764705,0.700475,0.7911544117647058,0.8072750000000001,0.7843499999999999,0.8070823529411765,0.7322735294117646,0.788485294117647,0.8411764705882353,0.8411764705882353,0.8411764705882353,0.8404441176470587,0.8376470588235293,0.7995735294117646,0.8108823529411764,0.8208073529411765,0.8411764705882353,0.8388073529411765,0.8411764705882353,0.8092926470588234,0.8411764705882353,0.8411764705882353,0.8411764705882353,0.8411764705882353,0.8411764705882353,0.8411764705882353,0.8411764705882353,0.8411764705882353,0.8411764705882353,0.8203691176470587,0.8181588235294117,0.8196367647058822,0.8380749999999999,0.8376470588235293,0.8215397058823529,0.8411764705882353,0.8411764705882353,0.8411764705882353,0.8411764705882353,0.8411764705882353,0.8411764705882353,0.8411764705882353,0.8411764705882353,0.8411764705882353,0.8411764705882353,0.8411764705882353,0.8203691176470587,0.8054999999999998,0.7866147058823528,0.8373382352941175,0.7643014705882353,0.7195661764705881,0.7979176470588234,0.8061911764705881,0.838966176470588,0.7978749999999998,0.7532735294117646,0.821285294117647,0.817375,0.7858088235294116,0.7810014705882352,0.788485294117647,0.8388073529411765,0.8411764705882353,0.8411764705882353,0.8411764705882353,0.8411764705882353,0.8411764705882353,0.8310764705882352,0.8411764705882353
0.8411764705882353,0.8411764705882353,0.8411764705882353,0.8411764705882353,0.8181588235294117,0.7811897058823528,0.6103367647058823,0.5859602941176469,0.5295220588235293,0.5755970588235294,0.6245558823529412,0.6732382352941176,0.7406647058823528,0.7049529411764706,0.8411764705882353,0.8203691176470587,0.8411764705882353,0.8411764705882353,0.8411764705882353,0.8411764705882353,0.8411764705882353,0.8404441176470587,0.8411764705882353,0.8191882352941176,0.8411764705882353,0.788485294117647,0.7063338235294117,0.6867558823529412,0.6210573529411764,0.6927117647058824,0.6896764705882352,0.7110573529411763,0.7722088235294118,0.7325102941176471,0.8039691176470587,0.8132529411764705,0.8346573529411764,0.8411764705882353,0.8411764705882353,0.8411764705882353,0.8411764705882353,0.8061911764705881,0.7953397058823529,0.7831617647058823,0.8174147058823529,0.8067676470588234,0.8404441176470587,0.8411764705882353,0.8411764705882353,0.8411764705882353,0.8411764705882353,0.8411764705882353,0.8411764705882353,0.8411764705882353,0.8411764705882353,0.8411764705882353,0.8411764705882353,0.8411764705882353,0.8411764705882353,0.8380749999999999,0.8188999999999999,0.8347823529411764,0.8066426470588235,0.8141323529411763,0.8385264705882352,0.8411764705882353,0.8411764705882353,0.8411764705882353,0.8411764705882353,0.8411764705882353,0.8411764705882353,0.8411764705882353,0.8411764705882353,0.8411764705882353,0.8411764705882353,0.8411764705882353,0.7877529411764704,0.8404441176470587,0.8126470588235293,0.8017088235294118,0.7815073529411763,0.782710294117647,0.7665558823529411,0.8188999999999999,0.7103279411764706,0.8187249999999999,0.7704102941176469,0.7914852941176469,0.8063382352941176,0.7527176470588235,0.83905,0.8411764705882353,0.8411764705882353,0.8411764705882353,0.8411764705882353,0.8411764705882353,0.8411764705882353,0.8165308823529411,0.8391249999999998
0.8411764705882353,0.8411764705882353,0.8411764705882353,0.8388073529411765,0.7954882352941176,0.7217352941176469,0.6304367647058823,0.6004617647058823,0.5346617647058823,0.5813573529411764,0.6639617647058822,0.670510294117647,0.7326382352941175,0.6828897058823529,0.8162073529411764,0.8411764705882353,0.8411764705882353,0.8411764705882353,0.8411764705882353,0.8411764705882353,0.8411764705882353,0.8411764705882353,0.8411764705882353,0.8404441176470587,0.8411764705882353,0.8141323529411763,0.7465617647058823,0.6971397058823529,0.6606911764705882,0.6339852941176469,0.6735647058823528,0.7080029411764706,0.7239544117647058,0.7773617647058823,0.7833294117647058,0.7877529411764704,0.8137264705882352,0.8411764705882353,0.8411764705882353,0.8411764705882353,0.8092926470588234,0.8172676470588235,0.774264705882353,0.808560294117647,0.7603455882352941,0.8404441176470587,0.8411764705882353,0.8411764705882353,0.8411764705882353,0.8411764705882353,0.8411764705882353,0.8411764705882353,0.8411764705882353,0.8411764705882353,0.8411764705882353,0.8411764705882353,0.8411764705882353,0.8411764705882353,0.8411764705882353,0.8411764705882353,0.763455882352941,0.8047132352941176,0.8184558823529411,0.8404441176470587,0.8404441176470587,0.8411764705882353,0.8411764705882353,0.8411764705882353,0.8411764705882353,0.8411764705882353,0.8411764705882353,0.8411764705882353,0.8411764705882353,0.8411764705882353,0.8411764705882353,0.8411764705882353,0.8404441176470587,0.8203691176470587,0.8162338235294117,0.838966176470588,0.7581823529411764,0.7870161764705881,0.8411764705882353,0.8272367647058823,0.8219647058823528,0.8131014705882352,0.8153470588235292,0.7841882352941176,0.8358529411764705,0.7298970588235294,0.8380749999999999,0.8411764705882353,0.8388073529411765,0.8411764705882353,0.8411764705882353,0.8411764705882353,0.8391249999999998,0.8203691176470587,0.8411764705882353
