Time 0,Time 10,Time 20,Time 30,Time 40,Time 50,Time 60,Time 70,Time 80,Time 90,Time 100,Time 110,Time 120,Time 130,Time 140,Time 150,Time 160,Time 170,Time 180,Time 190,Time 200,Time 210,Time 220,Time 230,Time 240,Time 250,Time 260,Time 270,Time 280,Time 290,Time 300,Time 310,Time 320,Time 330,Time 340,Time 350,Time 360,Time 370,Time 380,Time 390,Time 400,Time 410,Time 420,Time 430,Time 440,Time 450,Time 460,Time 470,Time 480,Time 490,Time 500,Time 510,Time 520,Time 530,Time 540,Time 550,Time 560,Time 570,Time 580,Time 590,Time 600,Time 610,Time 620,Time 630,Time 640,Time 650,Time 660,Time 670,Time 680,Time 690,Time 700,Time 710,Time 720,Time 730,Time 740,Time 750,Time 760,Time 770,Time 780,Time 790,Time 800,Time 810,Time 820,Time 830,Time 840,Time 850,Time 860,Time 870,Time 880,Time 890,Time 900,Time 910,Time 920,Time 930,Time 940,Time 950,Time 960,Time 970,Time 980
0.7993652173913044,0.8040695652173914,0.8029760869565218,0.8124130434782609,0.8098304347826089,0.7905782608695653,0.7748717391304348,0.8015652173913044,0.8059739130434784,0.8167391304347827,0.8150239130434783,0.8110347826086958,0.8080043478260871,0.7904065217391304,0.7287282608695652,0.624758695652174,0.6140826086956522,0.5866695652173913,0.5720152173913043,0.574154347826087,0.5590108695652174,0.5704239130434783,0.6053021739130435,0.7136347826086957,0.7393782608695653,0.7849956521739131,0.8092282608695653,0.812108695652174,0.8113934782608696,0.8043021739130436,0.7676543478260871,0.7609847826086958,0.8015652173913044,0.7934304347826087,0.8102695652173914,0.8141,0.8109847826086957,0.7937021739130435,0.8046152173913044,0.7263239130434783,0.7539782608695653,0.704154347826087,0.6654239130434784,0.6590717391304348,0.5258652173913043,0.5208152173913044,0.5551000000000001,0.5730239130434783,0.6017478260869565,0.6250695652173913,0.7150891304347827,0.7522804347826088,0.8110347826086958,0.814308695652174,0.8027500000000001,0.8056673913043478,0.8099065217391306,0.8150239130434783,0.814308695652174,0.8117521739130436,0.8152978260869567,0.8151869565217392,0.8110347826086958,0.8091913043478262,0.812108695652174,0.8168195652173913,0.8133847826086957,0.7974717391304349,0.7780434782608696,0.798358695652174,0.8001282608695652,0.8110304347826087,0.8167391304347827,0.8136239130434784,0.8050195652173914,0.8151869565217392,0.8131304347826088,0.770408695652174,0.7679217391304349,0.8003717391304348,0.8004717391304349,0.8010326086956523,0.7760565217391305,0.7922304347826088,0.7946565217391306,0.7607282608695652,0.8010978260869566,0.7760565217391305,0.8106782608695653,0.8022804347826088,0.7939304347826087,0.7668717391304348,0.6335391304347826,0.7209565217391305,0.7030152173913045,0.714767391304348,0.6896630434782609,0.7098152173913045,0.6565065217391305
0.8060326086956522,0.8045913043478261,0.7995913043478261,0.8141,0.7990065217391304,0.8038608695652174,0.8017826086956523,0.8078760869565219,0.8055565217391305,0.8150239130434783,0.8150239130434783,0.8159043478260871,0.7976282608695652,0.8034913043478262,0.7433652173913045,0.7227608695652175,0.6068456521739131,0.6627217391304349,0.5773413043478262,0.5712565217391304,0.5653456521739131,0.573767391304348,0.5947152173913044,0.7016326086956522,0.7781478260869567,0.7714130434782609,0.7482391304347826,0.7997217391304349,0.806758695652174,0.8071173913043479,0.7861543478260871,0.8041652173913044,0.7958173913043478,0.8045282608695652,0.8056065217391306,0.8076608695652174,0.7884934782608696,0.7797021739130435,0.7783913043478261,0.7291130434782609,0.7246521739130436,0.7294456521739131,0.5907260869565218,0.5874760869565219,0.5459347826086958,0.5404782608695653,0.5476108695652174,0.573767391304348,0.6040043478260869,0.609958695652174,0.7232782608695653,0.7732521739130436,0.8136239130434784,0.8103195652173915,0.8103195652173915,0.812108695652174,0.7997217391304349,0.8124130434782609,0.8160239130434783,0.8007869565217391,0.8141,0.8141,0.8091913043478262,0.812108695652174,0.8056652173913044,0.8103195652173915,0.8095500000000001,0.7995913043478261,0.7992260869565219,0.7874282608695653,0.7911717391304349,0.7835826086956522,0.7976717391304349,0.8131304347826088,0.8175347826086957,0.809463043478261,0.8083652173913044,0.7737782608695652,0.7568456521739131,0.763304347826087,0.7752304347826088,0.7779217391304348,0.7950434782608696,0.7597804347826088,0.76135,0.8150239130434783,0.8056130434782609,0.8110347826086958,0.8089934782608696,0.7990065217391304,0.744208695652174,0.672204347826087,0.714254347826087,0.6190760869565218,0.6154804347826087,0.6342652173913044,0.7237152173913044,0.633704347826087,0.7749695652173914
0.8052500000000001,0.8150239130434783,0.769017391304348,0.8102695652173914,0.8086913043478262,0.8069108695652175,0.8123043478260871,0.814454347826087,0.8146673913043478,0.8159043478260871,0.8141,0.8141,0.7991347826086957,0.8004717391304349,0.7463369565217391,0.7100434782608697,0.588354347826087,0.6588108695652174,0.5787804347826088,0.5723673913043478,0.560658695652174,0.5726304347826088,0.58735,0.6158543478260871,0.7724413043478262,0.7933217391304349,0.7707956521739131,0.8056065217391306,0.8035173913043478,0.7807804347826087,0.7960260869565218,0.7548913043478261,0.8084652173913044,0.8010326086956523,0.8074739130434784,0.8167391304347827,0.8087217391304349,0.8087478260869566,0.7829173913043479,0.6473695652173913,0.6574543478260869,0.6267782608695652,0.5901195652173914,0.6560391304347827,0.5304347826086957,0.544091304347826,0.5607826086956522,0.5629456521739131,0.5955347826086957,0.6071695652173914,0.6379130434782609,0.7558652173913044,0.8110347826086958,0.8045956521739132,0.8034673913043479,0.7892217391304348,0.793104347826087,0.8087217391304349,0.7922717391304348,0.8017565217391306,0.8182913043478262,0.8167391304347827,0.8163826086956523,0.8113934782608696,0.7953413043478261,0.8087217391304349,0.8022804347826088,0.8060695652173914,0.7693500000000001,0.792908695652174,0.7903869565217392,0.7997326086956522,0.8065826086956522,0.812108695652174,0.8159043478260871,0.8111282608695652,0.812108695652174,0.7967521739130435,0.7767826086956522,0.7520108695652175,0.7876130434782609,0.8113217391304348,0.7805869565217392,0.7372413043478261,0.7672782608695654,0.8034673913043479,0.8056673913043478,0.7826043478260871,0.7754086956521741,0.7989239130434783,0.7916413043478262,0.7366195652173914,0.7438239130434784,0.6052847826086957,0.6410369565217391,0.6407065217391305,0.6350934782608696,0.7100108695652174,0.7747913043478262
0.806163043478261,0.8103195652173915,0.7735347826086958,0.7815847826086958,0.8049521739130435,0.8171065217391306,0.8113934782608696,0.8103195652173915,0.8141,0.8103000000000001,0.8141,0.8099065217391306,0.8056673913043478,0.800004347826087,0.7476760869565218,0.7000173913043479,0.5883065217391305,0.6622260869565219,0.569758695652174,0.577658695652174,0.571254347826087,0.5784304347826087,0.599858695652174,0.6273891304347826,0.7327326086956522,0.7769108695652174,0.7929543478260871,0.8110347826086958,0.8040695652173914,0.797354347826087,0.7859152173913044,0.7963782608695652,0.8099065217391306,0.8083652173913044,0.8091913043478262,0.7936521739130435,0.8141,0.8058434782608697,0.8038217391304349,0.7740804347826087,0.6517934782608695,0.7245304347826088,0.5837434782608697,0.5813326086956522,0.5258652173913043,0.5223847826086957,0.5501152173913043,0.5741652173913044,0.5859652173913044,0.7012413043478262,0.7592782608695653,0.7475804347826088,0.7863717391304348,0.8141,0.8113934782608696,0.8133847826086957,0.8124130434782609,0.8127739130434783,0.8062195652173914,0.8150239130434783,0.8103000000000001,0.8141,0.809463043478261,0.812108695652174,0.77285,0.7992260869565219,0.7981108695652175,0.767704347826087,0.8065434782608696,0.8080043478260871,0.7818869565217392,0.8082782608695653,0.8141,0.8102695652173914,0.8150239130434783,0.814308695652174,0.8099065217391306,0.7733108695652174,0.771208695652174,0.7656804347826087,0.7956608695652174,0.7627608695652175,0.7879695652173914,0.7746282608695654,0.7514869565217392,0.7841847826086957,0.8027500000000001,0.810667391304348,0.8076608695652174,0.7852847826086957,0.7856565217391305,0.7980434782608696,0.7529608695652174,0.6247717391304348,0.6142608695652174,0.7220565217391305,0.629008695652174,0.7237239130434784,0.7576456521739131
0.8045913043478261,0.7847000000000001,0.7969021739130435,0.806163043478261,0.7921565217391305,0.8099065217391306,0.8010326086956523,0.8110347826086958,0.809463043478261,0.8067326086956522,0.8167391304347827,0.8110347826086958,0.8050847826086956,0.7712217391304349,0.7542934782608697,0.7025413043478261,0.5954608695652174,0.5815130434782609,0.5768000000000001,0.5760391304347826,0.5688565217391305,0.5798413043478262,0.6031000000000001,0.6282521739130434,0.7594608695652175,0.7449782608695652,0.7933304347826088,0.7793391304347826,0.8040695652173914,0.8148260869565217,0.7953869565217392,0.7495521739130435,0.8015652173913044,0.8084652173913044,0.8087217391304349,0.8159043478260871,0.8127891304347827,0.8052826086956523,0.7825695652173914,0.7194282608695652,0.7846195652173914,0.6881826086956522,0.5991239130434783,0.5814326086956523,0.5412543478260871,0.5366826086956522,0.5535826086956522,0.5786478260869566,0.602558695652174,0.7170652173913044,0.6322978260869566,0.7810369565217391,0.8080043478260871,0.8163826086956523,0.8091913043478262,0.8091913043478262,0.810667391304348,0.8153565217391304,0.8087217391304349,0.8150239130434783,0.8167391304347827,0.8159043478260871,0.8150239130434783,0.8151869565217392,0.8088304347826089,0.8120717391304348,0.8110347826086958,0.7944152173913044,0.7584239130434783,0.8023326086956523,0.7749782608695653,0.8080043478260871,0.814004347826087,0.8099065217391306,0.8141,0.8150239130434783,0.8095934782608696,0.8131304347826088,0.790504347826087,0.7687608695652174,0.7762847826086957,0.7777347826086958,0.7669021739130436,0.778604347826087,0.7576913043478262,0.7868304347826087,0.7951304347826087,0.8028326086956523,0.8158956521739131,0.8091913043478262,0.7640673913043479,0.7489304347826088,0.7247195652173913,0.7001630434782609,0.724758695652174,0.6339,0.7125826086956523,0.7271282608695652,0.7314369565217391
0.806758695652174,0.8151869565217392,0.7879739130434783,0.7963217391304348,0.7986847826086957,0.8175065217391305,0.8074739130434784,0.8095934782608696,0.8124130434782609,0.8159043478260871,0.8141,0.8099065217391306,0.8085739130434784,0.7520173913043479,0.7515195652173914,0.7169478260869565,0.6967304347826087,0.5835239130434784,0.5807760869565218,0.5679565217391304,0.5554478260869566,0.5600478260869566,0.6047000000000001,0.6201347826086957,0.7551434782608696,0.7439326086956523,0.7967521739130435,0.810667391304348,0.7933021739130435,0.7667369565217392,0.7668717391304348,0.7908717391304348,0.8010326086956523,0.8071173913043479,0.8103195652173915,0.7818913043478262,0.8027500000000001,0.8035173913043478,0.7482391304347826,0.7581608695652174,0.7235804347826088,0.7315695652173914,0.5983652173913044,0.5843173913043479,0.539113043478261,0.5478586956521739,0.5613608695652174,0.5746760869565218,0.595658695652174,0.7119108695652175,0.706208695652174,0.7526521739130436,0.8050195652173914,0.804358695652174,0.8027500000000001,0.7818913043478262,0.7810369565217391,0.814308695652174,0.8150239130434783,0.8099065217391306,0.8182913043478262,0.8175347826086957,0.8144195652173913,0.8116891304347826,0.778258695652174,0.7732630434782609,0.7789717391304348,0.8088586956521739,0.8006760869565218,0.8075630434782609,0.8013130434782609,0.8068434782608696,0.8053108695652176,0.8034673913043479,0.8150239130434783,0.8141,0.8076608695652174,0.7894847826086958,0.7615217391304349,0.7833565217391305,0.7857195652173914,0.7698673913043479,0.7425717391304347,0.7540760869565218,0.7682260869565218,0.7914478260869566,0.8137434782608697,0.8109847826086957,0.8100152173913044,0.7971195652173914,0.7580521739130435,0.7385543478260871,0.7239978260869566,0.6267565217391304,0.6996021739130435,0.7353130434782609,0.6207847826086957,0.609413043478261,0.7575108695652174
0.8127739130434783,0.8087217391304349,0.8080043478260871,0.8008391304347827,0.8114282608695653,0.8080043478260871,0.8088586956521739,0.812108695652174,0.8045956521739132,0.8131304347826088,0.8131304347826088,0.812108695652174,0.8113934782608696,0.7771847826086957,0.7459065217391304,0.697258695652174,0.5950195652173914,0.5857913043478261,0.5668608695652175,0.570508695652174,0.5647695652173913,0.5582456521739131,0.6047434782608696,0.7062673913043479,0.7316847826086957,0.7546739130434783,0.8015652173913044,0.8054478260869566,0.8113934782608696,0.8116891304347826,0.7938804347826087,0.7512521739130434,0.8054478260869566,0.8058065217391306,0.8089934782608696,0.8118500000000001,0.8035173913043478,0.7525717391304348,0.7939304347826087,0.7765630434782609,0.7586239130434784,0.6169347826086957,0.6059717391304348,0.5775782608695652,0.5406565217391305,0.5296239130434783,0.5519021739130436,0.5706152173913044,0.6082869565217391,0.6310608695652173,0.6044152173913044,0.7800152173913044,0.7955260869565218,0.7963782608695652,0.8167391304347827,0.8072804347826088,0.8095608695652174,0.8124130434782609,0.8034673913043479,0.8133847826086957,0.814308695652174,0.8131304347826088,0.8167391304347827,0.8133847826086957,0.8064065217391305,0.806758695652174,0.7969782608695654,0.8083652173913044,0.7919478260869566,0.8027282608695653,0.7947782608695653,0.7512630434782609,0.8155608695652175,0.8150239130434783,0.812108695652174,0.8167391304347827,0.8066891304347827,0.8015652173913044,0.7691956521739131,0.7854956521739132,0.7559891304347827,0.7854239130434784,0.7979152173913044,0.7418173913043479,0.7983347826086957,0.8026195652173914,0.7985282608695653,0.806163043478261,0.8127739130434783,0.8004717391304349,0.7882000000000001,0.7683978260869566,0.7141608695652175,0.6229891304347827,0.6971891304347826,0.7100565217391305,0.7177608695652176,0.6180086956521739,0.7449913043478262
0.8091913043478262,0.804141304347826,0.806758695652174,0.8101217391304348,0.8128891304347827,0.8112760869565218,0.8099065217391306,0.8131304347826088,0.8175347826086957,0.8175347826086957,0.8085847826086957,0.809958695652174,0.801158695652174,0.7356434782608696,0.6556347826086957,0.6172695652173913,0.6788369565217393,0.5810086956521741,0.5730586956521739,0.5698695652173913,0.5690847826086958,0.5750413043478261,0.6070347826086957,0.6277413043478262,0.764408695652174,0.8056673913043478,0.7889652173913044,0.8080043478260871,0.8003173913043479,0.8131304347826088,0.774404347826087,0.7985,0.7997217391304349,0.8003173913043479,0.8091913043478262,0.812108695652174,0.814558695652174,0.8009717391304348,0.7663391304347826,0.7431543478260871,0.7815391304347827,0.7006021739130435,0.5875652173913044,0.5807369565217391,0.5419021739130435,0.5535478260869565,0.5667478260869566,0.5734543478260871,0.6766891304347827,0.708754347826087,0.7103152173913044,0.7845630434782609,0.8141,0.8022804347826088,0.8062195652173914,0.8049521739130435,0.8106782608695653,0.8159043478260871,0.8146673913043478,0.8095434782608696,0.8159043478260871,0.7915978260869566,0.8159043478260871,0.8152978260869567,0.8042260869565219,0.8092282608695653,0.8071173913043479,0.8005434782608697,0.7965826086956522,0.7995913043478261,0.798,0.8085217391304348,0.8088304347826089,0.8150239130434783,0.8131304347826088,0.8167391304347827,0.7847000000000001,0.8137434782608697,0.750691304347826,0.7655369565217391,0.7933304347826088,0.7988521739130435,0.7972673913043479,0.7953869565217392,0.7901391304347827,0.8003173913043479,0.8008391304347827,0.8110347826086958,0.8141,0.8060760869565219,0.7984804347826088,0.7304630434782609,0.7105652173913044,0.5915913043478261,0.6186391304347827,0.7193782608695654,0.6373326086956522,0.6918369565217393,0.7442500000000001
0.7778978260869567,0.7979760869565218,0.7896826086956522,0.7768239130434783,0.7843413043478261,0.8126652173913045,0.8063760869565219,0.8141,0.7992804347826087,0.8159043478260871,0.814308695652174,0.8100152173913044,0.8103000000000001,0.7661391304347827,0.7663804347826088,0.7049456521739131,0.6045239130434783,0.5961239130434782,0.5679847826086957,0.571004347826087,0.5643391304347826,0.5653456521739131,0.5896978260869565,0.708208695652174,0.7552195652173913,0.7639413043478261,0.7620652173913044,0.78095,0.8124130434782609,0.8003173913043479,0.7716500000000001,0.7821478260869565,0.7753326086956522,0.8038782608695654,0.8013869565217392,0.8124130434782609,0.8024086956521741,0.7680847826086957,0.7582282608695653,0.7211869565217393,0.7779934782608696,0.625945652173913,0.5990152173913044,0.5907782608695652,0.5407065217391305,0.5353739130434783,0.5453956521739131,0.5769652173913045,0.592904347826087,0.7187282608695652,0.6259239130434783,0.7578608695652175,0.8087217391304349,0.8150239130434783,0.8020260869565219,0.8131304347826088,0.8141,0.785058695652174,0.8151869565217392,0.8135826086956522,0.8159043478260871,0.814308695652174,0.8133847826086957,0.8103195652173915,0.8037065217391305,0.8040695652173914,0.809958695652174,0.8080043478260871,0.7687478260869567,0.8084652173913044,0.8012021739130435,0.8056434782608697,0.8133847826086957,0.8159043478260871,0.8124130434782609,0.8131304347826088,0.8124130434782609,0.7961565217391305,0.8038782608695654,0.7891282608695653,0.7699847826086956,0.7967521739130435,0.77695,0.7957434782608697,0.7986456521739131,0.7967521739130435,0.8044282608695653,0.8056673913043478,0.812108695652174,0.7835760869565218,0.7753326086956522,0.7381804347826086,0.7273369565217391,0.6985130434782609,0.7028717391304348,0.7323282608695653,0.6412043478260869,0.7227282608695652,0.7594065217391305
0.7960565217391304,0.8072043478260871,0.7982804347826087,0.812108695652174,0.8112543478260871,0.7486173913043479,0.8120717391304348,0.8031239130434784,0.8124130434782609,0.8150239130434783,0.8150239130434783,0.8141,0.772313043478261,0.7618304347826088,0.7438565217391304,0.6175869565217392,0.6990978260869566,0.5836956521739131,0.6552260869565218,0.569467391304348,0.5701021739130435,0.5625173913043479,0.5893282608695652,0.6284065217391305,0.7759260869565218,0.7760978260869567,0.794154347826087,0.8040695652173914,0.799504347826087,0.7853173913043479,0.7831108695652175,0.7877804347826087,0.7971847826086957,0.808808695652174,0.8109847826086957,0.8131304347826088,0.812108695652174,0.7914478260869566,0.7929739130434784,0.7715956521739131,0.7155804347826087,0.7088195652173913,0.608308695652174,0.579154347826087,0.5230086956521739,0.5396608695652174,0.5459630434782609,0.5762630434782609,0.5971000000000001,0.6945239130434783,0.7487630434782608,0.760554347826087,0.812108695652174,0.8141,0.8110347826086958,0.8095934782608696,0.8074739130434784,0.8110347826086958,0.8052478260869566,0.8133847826086957,0.8167391304347827,0.8167391304347827,0.8085847826086957,0.812108695652174,0.8065826086956522,0.7936239130434783,0.774913043478261,0.8001043478260871,0.806758695652174,0.7782913043478261,0.7848804347826088,0.8159043478260871,0.812108695652174,0.8137434782608697,0.812108695652174,0.8150239130434783,0.812108695652174,0.7743391304347826,0.7425021739130436,0.7636304347826088,0.7917260869565218,0.7708804347826088,0.7876608695652174,0.7347695652173913,0.77285,0.795454347826087,0.8150239130434783,0.812908695652174,0.8100152173913044,0.7991847826086957,0.7660000000000001,0.7797282608695653,0.7522934782608697,0.6762000000000001,0.6188434782608696,0.7231065217391305,0.7073434782608696,0.6234956521739131,0.7421782608695653
0.7978130434782609,0.800954347826087,0.8087217391304349,0.7887695652173914,0.7766434782608697,0.8069456521739131,0.8056673913043478,0.8076608695652174,0.8131304347826088,0.8167391304347827,0.8066891304347827,0.8113934782608696,0.7995913043478261,0.745708695652174,0.73995,0.6303304347826088,0.5899413043478261,0.5866,0.578904347826087,0.569758695652174,0.571754347826087,0.5725652173913044,0.6708260869565218,0.6426065217391305,0.7376043478260871,0.8040695652173914,0.7752304347826088,0.806163043478261,0.8074739130434784,0.8074739130434784,0.7968000000000001,0.7654934782608697,0.7704913043478262,0.7888195652173914,0.812108695652174,0.8087217391304349,0.812108695652174,0.7762239130434784,0.7982804347826087,0.7825347826086957,0.6432717391304348,0.7252108695652175,0.6801413043478262,0.5820847826086958,0.5317130434782609,0.5254978260869565,0.5418891304347826,0.5735260869565217,0.6038978260869565,0.7091695652173913,0.6332500000000001,0.7815869565217392,0.8089934782608696,0.8087478260869566,0.8012021739130435,0.7937869565217391,0.809958695652174,0.8106782608695653,0.8110347826086958,0.8133847826086957,0.7908413043478262,0.8167391304347827,0.8131304347826088,0.8124130434782609,0.8113217391304348,0.7854152173913045,0.8102695652173914,0.7953782608695652,0.8084652173913044,0.7709782608695652,0.8124130434782609,0.8097369565217392,0.804708695652174,0.8174652173913045,0.8141,0.8182913043478262,0.8110347826086958,0.7949369565217391,0.79725,0.7512956521739131,0.7904434782608696,0.7682260869565218,0.7534521739130436,0.7534869565217391,0.7875565217391305,0.8060760869565219,0.8072043478260871,0.812108695652174,0.8058456521739131,0.7896826086956522,0.7644934782608697,0.657608695652174,0.6317673913043479,0.6210434782608696,0.6790934782608696,0.7237847826086957,0.6941304347826087,0.6435608695652174,0.7712804347826087
0.8085847826086957,0.8146673913043478,0.8010282608695652,0.7876130434782609,0.795517391304348,0.7866913043478262,0.8130239130434783,0.8084652173913044,0.8159043478260871,0.8119086956521739,0.8159043478260871,0.8124130434782609,0.8069456521739131,0.7753478260869566,0.7541934782608696,0.6236108695652174,0.6803521739130436,0.5845108695652174,0.5750195652173913,0.5780021739130435,0.5618065217391305,0.5698695652173913,0.6019173913043478,0.7163065217391305,0.7527391304347827,0.790645652173913,0.7767739130434783,0.8117521739130436,0.7997217391304349,0.7771847826086957,0.77085,0.7425021739130436,0.7866630434782609,0.8113934782608696,0.8099065217391306,0.8085847826086957,0.8088413043478262,0.7829978260869567,0.7755869565217393,0.7427239130434783,0.7803500000000001,0.6251869565217392,0.6039239130434783,0.5860934782608695,0.5512413043478261,0.5524347826086957,0.5682434782608695,0.5771478260869567,0.6980152173913043,0.6238326086956522,0.6242065217391304,0.7980934782608696,0.8066891304347827,0.8049521739130435,0.8027500000000001,0.8095608695652174,0.8084652173913044,0.8150239130434783,0.812108695652174,0.8131304347826088,0.8076608695652174,0.8159043478260871,0.8150239130434783,0.8159043478260871,0.7961804347826088,0.8099326086956523,0.7923130434782609,0.8103000000000001,0.7821152173913045,0.7702021739130436,0.8022804347826088,0.7882413043478262,0.8076608695652174,0.812108695652174,0.8182913043478262,0.8131304347826088,0.8116891304347826,0.8099065217391306,0.795454347826087,0.7635260869565218,0.8046152173913044,0.7630434782608696,0.7872478260869565,0.8003173913043479,0.770658695652174,0.7764304347826088,0.8127891304347827,0.8152978260869567,0.8127891304347827,0.7923130434782609,0.768654347826087,0.7300391304347826,0.7157500000000001,0.7077521739130435,0.6053934782608696,0.7395369565217391,0.7262369565217391,0.6263130434782609,0.7791347826086956
0.8010326086956523,0.806913043478261,0.7620456521739132,0.7767739130434783,0.8017565217391306,0.7949369565217391,0.8040695652173914,0.8129195652173914,0.8110347826086958,0.809463043478261,0.8150239130434783,0.8133847826086957,0.7986456521739131,0.790504347826087,0.7296847826086957,0.6187847826086956,0.602304347826087,0.5827,0.5839521739130435,0.6636326086956523,0.5685500000000001,0.5715347826086957,0.5976608695652175,0.6300934782608697,0.7534565217391305,0.7773760869565218,0.7613369565217393,0.8113934782608696,0.806758695652174,0.7911239130434783,0.7661391304347827,0.7963913043478262,0.8010326086956523,0.8010326086956523,0.8069456521739131,0.8109847826086957,0.8121652173913044,0.8139695652173914,0.7904717391304348,0.6600826086956522,0.7259173913043478,0.6095978260869566,0.5900000000000001,0.5779021739130435,0.5393130434782609,0.5167130434782609,0.5574847826086956,0.577695652173913,0.6083630434782609,0.7042695652173914,0.6266826086956523,0.6657456521739131,0.8131304347826088,0.8131304347826088,0.8131304347826088,0.778604347826087,0.8110347826086958,0.8085847826086957,0.8027500000000001,0.8080043478260871,0.812108695652174,0.8141,0.814308695652174,0.8110304347826087,0.7853586956521741,0.7836260869565218,0.8010978260869566,0.8131304347826088,0.8020456521739131,0.7837152173913045,0.7959956521739131,0.8056673913043478,0.8087217391304349,0.8045956521739132,0.8175347826086957,0.8150239130434783,0.8080043478260871,0.78095,0.7800152173913044,0.7716500000000001,0.7800456521739131,0.8044282608695653,0.7382217391304349,0.7852847826086957,0.7572413043478261,0.7982021739130436,0.7709434782608696,0.8117521739130436,0.8079195652173914,0.8023326086956523,0.7879630434782608,0.7645282608695653,0.7320717391304349,0.624004347826087,0.6108913043478262,0.727704347826087,0.7163565217391304,0.712904347826087,0.7574913043478262
0.808113043478261,0.8141,0.7968282608695653,0.8072043478260871,0.8074739130434784,0.798258695652174,0.814004347826087,0.8000695652173914,0.8035608695652174,0.8131304347826088,0.8150239130434783,0.812108695652174,0.8062195652173914,0.7689608695652175,0.7543869565217391,0.7146934782608696,0.5905130434782608,0.5953739130434783,0.5786478260869566,0.5740673913043478,0.5690847826086958,0.5771608695652174,0.5947826086956521,0.6297956521739131,0.750663043478261,0.7817195652173914,0.7993652173913044,0.8066891304347827,0.8121021739130435,0.8113934782608696,0.7749652173913044,0.7676021739130435,0.7915282608695652,0.8110304347826087,0.8111347826086958,0.812108695652174,0.8069304347826087,0.8109847826086957,0.7984478260869566,0.7435652173913044,0.7419956521739132,0.7423673913043478,0.6057782608695652,0.5831717391304349,0.5345695652173913,0.535545652173913,0.5500782608695652,0.5796456521739131,0.5900804347826086,0.6963152173913044,0.7214021739130436,0.8047217391304349,0.812108695652174,0.8074739130434784,0.8069456521739131,0.809658695652174,0.8100152173913044,0.812108695652174,0.8113934782608696,0.8078695652173913,0.8150239130434783,0.8168195652173913,0.8167391304347827,0.8116891304347826,0.7832391304347827,0.8001043478260871,0.8034673913043479,0.8036434782608697,0.7814065217391306,0.7725326086956523,0.8049695652173914,0.8150239130434783,0.8095500000000001,0.8151869565217392,0.8150239130434783,0.8182913043478262,0.8056673913043478,0.7960434782608696,0.7803500000000001,0.7583391304347827,0.7982804347826087,0.8003173913043479,0.7865130434782609,0.7820043478260871,0.7858913043478262,0.8040695652173914,0.8027500000000001,0.8076608695652174,0.8034673913043479,0.7775456521739131,0.7317847826086956,0.7712217391304349,0.6536065217391305,0.6970347826086958,0.6287739130434783,0.7462021739130436,0.6283847826086957,0.709658695652174,0.7546782608695652
0.8038782608695654,0.8042260869565219,0.7997217391304349,0.8082043478260871,0.8076608695652174,0.8123217391304348,0.7818913043478262,0.8150239130434783,0.8141,0.8151869565217392,0.8150239130434783,0.8150239130434783,0.7995869565217393,0.8048891304347827,0.7361739130434783,0.7170978260869566,0.601313043478261,0.5813152173913044,0.5725913043478261,0.5716282608695652,0.6371326086956522,0.5682434782608695,0.6049152173913044,0.6979565217391306,0.7547717391304348,0.7892217391304348,0.7557739130434783,0.8072043478260871,0.8067913043478262,0.8020260869565219,0.7954152173913044,0.7689673913043479,0.8031543478260871,0.8077304347826088,0.7854152173913045,0.8110347826086958,0.8045956521739132,0.7961804347826088,0.7959913043478262,0.6634434782608696,0.7225456521739131,0.7015239130434783,0.6017130434782609,0.5834847826086956,0.5331413043478261,0.5401000000000001,0.5579565217391306,0.5653347826086956,0.5928000000000001,0.7151217391304348,0.6217913043478261,0.7569608695652175,0.7966500000000001,0.8000695652173914,0.7911239130434783,0.8167391304347827,0.8117521739130436,0.8103195652173915,0.8066891304347827,0.8135826086956522,0.8131304347826088,0.8159043478260871,0.8175347826086957,0.8141,0.8063326086956523,0.8091913043478262,0.8072804347826088,0.8124130434782609,0.779713043478261,0.7963782608695652,0.7924413043478261,0.8072043478260871,0.7801500000000001,0.8182282608695653,0.8131304347826088,0.812108695652174,0.8085847826086957,0.7762826086956522,0.7766413043478262,0.7645413043478262,0.8023891304347828,0.7967521739130435,0.7897021739130435,0.7676086956521739,0.7881043478260871,0.7715869565217393,0.7926934782608697,0.800458695652174,0.8092978260869567,0.8049521739130435,0.7790043478260871,0.7587369565217392,0.6561456521739132,0.5983173913043478,0.700504347826087,0.7196,0.737454347826087,0.6365565217391305,0.6627347826086957
0.7760565217391305,0.8031543478260871,0.8024695652173913,0.8062282608695652,0.8013869565217392,0.8105456521739131,0.8113934782608696,0.8141,0.8159043478260871,0.8167391304347827,0.8141,0.8175347826086957,0.8060326086956522,0.8001043478260871,0.7269695652173913,0.6963282608695653,0.5906565217391304,0.5800282608695652,0.5797739130434783,0.5725065217391305,0.5718608695652174,0.5722282608695652,0.5920021739130436,0.7087021739130436,0.7708521739130436,0.7512717391304348,0.7997217391304349,0.8075630434782609,0.8030478260869566,0.7748717391304348,0.7704913043478262,0.8012021739130435,0.806163043478261,0.8035173913043478,0.8050195652173914,0.818654347826087,0.7799956521739131,0.7986913043478262,0.7554195652173914,0.7713978260869566,0.7397369565217392,0.7129869565217393,0.6760195652173913,0.5759434782608697,0.5380108695652175,0.539913043478261,0.5590108695652174,0.571754347826087,0.5904760869565218,0.7101586956521739,0.7062260869565218,0.7795695652173914,0.812108695652174,0.8056673913043478,0.8110347826086958,0.8076434782608697,0.8088586956521739,0.8175347826086957,0.809463043478261,0.8133847826086957,0.8059739130434784,0.8159043478260871,0.8182913043478262,0.8137434782608697,0.8015282608695653,0.8020456521739131,0.8062195652173914,0.8019239130434783,0.7988565217391305,0.7793391304347826,0.8141,0.8078608695652175,0.8056673913043478,0.812108695652174,0.8141,0.8078695652173913,0.8131304347826088,0.7770130434782608,0.7760608695652175,0.7861543478260871,0.8029173913043479,0.7899891304347827,0.7529695652173913,0.7658717391304349,0.761317391304348,0.8071173913043479,0.7946152173913044,0.8091065217391306,0.8141,0.8010326086956523,0.7753326086956522,0.7728,0.7186369565217392,0.6084369565217392,0.6246260869565219,0.7229673913043478,0.714558695652174,0.6348695652173914,0.7876608695652174
0.7813108695652174,0.8031195652173914,0.7671000000000001,0.8103000000000001,0.8045652173913044,0.804663043478261,0.8095500000000001,0.8084652173913044,0.8141,0.8131304347826088,0.8118500000000001,0.809463043478261,0.7960217391304348,0.746208695652174,0.7329282608695653,0.6162304347826087,0.599854347826087,0.5887717391304349,0.5745456521739131,0.57535,0.5617434782608696,0.5847434782608696,0.6682130434782609,0.717904347826087,0.7583391304347827,0.7957956521739131,0.8054478260869566,0.7824978260869566,0.8087217391304349,0.7783913043478261,0.7963782608695652,0.7771347826086957,0.8034673913043479,0.8056673913043478,0.8045956521739132,0.8141,0.8141,0.8004717391304349,0.7719673913043479,0.715804347826087,0.7548326086956523,0.6997304347826088,0.6776913043478261,0.5957,0.5370913043478261,0.5304347826086957,0.5383086956521739,0.5658239130434782,0.5925195652173914,0.6166717391304348,0.6265760869565218,0.8083652173913044,0.8146673913043478,0.8034673913043479,0.7771847826086957,0.812108695652174,0.8110347826086958,0.8141,0.8103195652173915,0.8152978260869567,0.8099065217391306,0.8159043478260871,0.8131304347826088,0.8110347826086958,0.8065434782608696,0.8047217391304349,0.8164565217391305,0.8037065217391305,0.7859673913043479,0.8030565217391306,0.7971804347826088,0.8031543478260871,0.8130260869565218,0.812108695652174,0.8175347826086957,0.8150239130434783,0.814308695652174,0.7972673913043479,0.7502652173913045,0.806758695652174,0.7943478260869565,0.7976195652173914,0.7930630434782608,0.7814065217391306,0.7721304347826088,0.7753326086956522,0.8042260869565219,0.8034673913043479,0.8167391304347827,0.7937717391304349,0.7658717391304349,0.7357782608695652,0.6491239130434783,0.7002086956521739,0.6184717391304348,0.6569195652173914,0.6219521739130436,0.6218282608695652,0.7838304347826087
0.8141,0.8015652173913044,0.8072804347826088,0.8154434782608697,0.8065695652173914,0.7845782608695654,0.8091913043478262,0.8056673913043478,0.8150239130434783,0.8141,0.8131304347826088,0.8106782608695653,0.8071434782608696,0.7632500000000001,0.7309717391304349,0.6291717391304349,0.6919695652173914,0.5828108695652174,0.5847347826086957,0.5664869565217391,0.5749239130434783,0.5725021739130436,0.665704347826087,0.6226173913043479,0.763304347826087,0.7671869565217393,0.753758695652174,0.8110347826086958,0.8042260869565219,0.8110347826086958,0.7621891304347828,0.7683934782608696,0.8027500000000001,0.8040695652173914,0.8131304347826088,0.8141,0.8042391304347827,0.7965326086956522,0.7512956521739131,0.7395434782608696,0.7598326086956523,0.711795652173913,0.6832869565217392,0.5759434782608697,0.5435413043478261,0.5205652173913043,0.5579391304347826,0.5737739130434782,0.6995956521739131,0.608395652173913,0.7139760869565218,0.7815869565217392,0.7721760869565218,0.8025869565217392,0.8059739130434784,0.8029760869565218,0.8022804347826088,0.8117521739130436,0.8091913043478262,0.8131304347826088,0.8175347826086957,0.8159043478260871,0.8110347826086958,0.812108695652174,0.8057978260869566,0.8087217391304349,0.8045500000000001,0.7805869565217392,0.7924760869565218,0.800458695652174,0.7643434782608696,0.7832152173913044,0.8110347826086958,0.8119086956521739,0.8167391304347827,0.8159043478260871,0.8083652173913044,0.7735347826086958,0.7944217391304349,0.7720869565217392,0.755404347826087,0.8054826086956521,0.7694869565217393,0.744308695652174,0.8024173913043479,0.8012891304347827,0.8045956521739132,0.8074739130434784,0.8150239130434783,0.8083847826086957,0.7800347826086957,0.6570434782608696,0.7419500000000001,0.6981413043478262,0.6915304347826088,0.7110804347826087,0.6880195652173913,0.6259413043478261,0.7538000000000001
0.8151869565217392,0.7975434782608697,0.8052978260869565,0.7936239130434783,0.8101934782608696,0.8111543478260871,0.8001869565217392,0.809463043478261,0.7854152173913045,0.8159043478260871,0.8074739130434784,0.8131304347826088,0.8095934782608696,0.8056652173913044,0.7156608695652175,0.698717391304348,0.708808695652174,0.5814869565217391,0.5708326086956522,0.571754347826087,0.5730260869565217,0.5772978260869566,0.6790869565217392,0.6850173913043479,0.7725804347826087,0.7697760869565219,0.800004347826087,0.8087217391304349,0.7799956521739131,0.7789739130434784,0.7435739130434783,0.8110347826086958,0.8036434782608697,0.7736195652173914,0.8066891304347827,0.8150239130434783,0.8011739130434783,0.8027500000000001,0.7780282608695653,0.7665673913043478,0.7434456521739131,0.714845652173913,0.6852,0.5906760869565217,0.5300304347826087,0.5171304347826088,0.5475521739130436,0.5801326086956522,0.6744456521739132,0.726708695652174,0.7336630434782611,0.753854347826087,0.8103195652173915,0.7759978260869566,0.8078695652173913,0.7993565217391305,0.7971021739130435,0.8167391304347827,0.8175347826086957,0.8110347826086958,0.8167391304347827,0.8159043478260871,0.8150239130434783,0.8078695652173913,0.7807804347826087,0.8091913043478262,0.8115521739130436,0.8088304347826089,0.8022804347826088,0.8015652173913044,0.804358695652174,0.8047456521739131,0.8092978260869567,0.8141,0.8167391304347827,0.8175347826086957,0.8028891304347827,0.7883304347826087,0.772313043478261,0.7863717391304348,0.7896826086956522,0.8031543478260871,0.7645413043478262,0.7860108695652175,0.7878065217391305,0.7856565217391305,0.7933239130434783,0.8159043478260871,0.8131304347826088,0.7616456521739131,0.7767978260869566,0.6668326086956522,0.7551260869565218,0.6909260869565218,0.6074717391304348,0.7273434782608696,0.7250326086956522,0.7163152173913043,0.7423369565217391
0.8084652173913044,0.809958695652174,0.7707782608695654,0.7975630434782609,0.768008695652174,0.8168195652173913,0.8103000000000001,0.7764173913043478,0.8103000000000001,0.8131304347826088,0.8141,0.8103195652173915,0.8047217391304349,0.8014847826086957,0.728045652173913,0.6102478260869566,0.6006652173913044,0.584221739130435,0.574908695652174,0.5605152173913044,0.5535195652173914,0.5666239130434783,0.5998456521739131,0.719808695652174,0.737195652173913,0.7772913043478262,0.7667369565217392,0.8095500000000001,0.8103000000000001,0.8042260869565219,0.7794695652173914,0.7635260869565218,0.8066891304347827,0.8084652173913044,0.8083652173913044,0.8110347826086958,0.8068130434782609,0.8030217391304348,0.7956434782608696,0.7933065217391305,0.6524782608695653,0.6282391304347826,0.6043,0.6725217391304348,0.5493413043478262,0.5325347826086957,0.5614217391304348,0.5788195652173913,0.5903478260869566,0.717895652173913,0.6364717391304348,0.7683869565217392,0.8087217391304349,0.8053108695652176,0.8133847826086957,0.8084652173913044,0.8103000000000001,0.8103195652173915,0.7859652173913044,0.8110347826086958,0.8131304347826088,0.814308695652174,0.8133847826086957,0.8035173913043478,0.8068173913043479,0.8041652173913044,0.8005434782608697,0.7721630434782609,0.7958391304347827,0.7942956521739132,0.8010282608695652,0.8044282608695653,0.8203456521739131,0.814004347826087,0.8159043478260871,0.8131304347826088,0.8059739130434784,0.8149304347826088,0.802608695652174,0.7468826086956523,0.7745456521739131,0.792608695652174,0.7814434782608697,0.7672369565217392,0.8026195652173914,0.7972673913043479,0.7775326086956522,0.8085847826086957,0.8137434782608697,0.7596673913043479,0.7645652173913043,0.7626434782608696,0.7196195652173913,0.7043217391304349,0.7283304347826087,0.6379717391304348,0.624258695652174,0.6184347826086958,0.7552195652173913
0.7926934782608697,0.7764260869565217,0.7879782608695652,0.8079086956521739,0.8066043478260869,0.7772913043478262,0.8139478260869566,0.7915978260869566,0.8151869565217392,0.8175347826086957,0.8133847826086957,0.8156630434782609,0.7947739130434784,0.7538000000000001,0.7460478260869566,0.7311456521739131,0.6676152173913044,0.6641391304347827,0.6501630434782609,0.651404347826087,0.574045652173913,0.576358695652174,0.6071913043478261,0.626858695652174,0.7796195652173913,0.8016695652173914,0.7919565217391304,0.8035173913043478,0.8075065217391305,0.8064782608695653,0.8034913043478262,0.7734108695652174,0.8110347826086958,0.8087217391304349,0.8087217391304349,0.8167391304347827,0.8071869565217392,0.8058500000000001,0.8002282608695652,0.7514978260869566,0.7528521739130435,0.6131891304347826,0.6805956521739132,0.5797630434782609,0.5407413043478261,0.5208152173913044,0.5464500000000001,0.5747391304347826,0.6670717391304348,0.7047239130434784,0.7120804347826087,0.754304347826087,0.800458695652174,0.8054478260869566,0.814308695652174,0.8054478260869566,0.8103195652173915,0.810667391304348,0.8119086956521739,0.8024086956521741,0.812108695652174,0.8150239130434783,0.8150239130434783,0.8045956521739132,0.8091913043478262,0.8091913043478262,0.798458695652174,0.7810369565217391,0.7605608695652174,0.794154347826087,0.7745369565217393,0.8006130434782609,0.8150239130434783,0.8141,0.8131304347826088,0.8141,0.8045956521739132,0.7987152173913045,0.7818108695652175,0.7807913043478262,0.8076434782608697,0.7813586956521739,0.7410413043478261,0.7830347826086957,0.7851239130434783,0.7627608695652175,0.8049978260869566,0.8079195652173914,0.8151869565217392,0.7903652173913044,0.7956608695652174,0.7352869565217391,0.7333826086956522,0.6116978260869566,0.6254369565217391,0.6307586956521739,0.7111630434782609,0.6418108695652174,0.7462152173913045
0.7997326086956522,0.8103195652173915,0.7721956521739132,0.8049978260869566,0.7998869565217391,0.8034369565217392,0.8041652173913044,0.8155478260869566,0.8027500000000001,0.8141,0.814308695652174,0.8113934782608696,0.8110347826086958,0.7912347826086957,0.7507673913043479,0.6163652173913045,0.5933934782608696,0.5857630434782609,0.5786978260869565,0.5748239130434784,0.5679565217391304,0.5661065217391306,0.667713043478261,0.6212173913043478,0.7838043478260871,0.7509478260869566,0.8088586956521739,0.8124130434782609,0.809958695652174,0.8087217391304349,0.7990065217391304,0.7947195652173914,0.8080043478260871,0.8065826086956522,0.8150239130434783,0.812108695652174,0.8152804347826088,0.7994934782608696,0.7739195652173915,0.7534195652173914,0.7243456521739131,0.7110282608695653,0.6000565217391304,0.5792804347826088,0.5365456521739131,0.5270695652173913,0.5602913043478261,0.5740673913043478,0.6887108695652174,0.7068021739130436,0.7466717391304348,0.765195652173913,0.8113934782608696,0.814308695652174,0.8020260869565219,0.8010326086956523,0.8099065217391306,0.8159043478260871,0.8065434782608696,0.8131304347826088,0.8167391304347827,0.8150239130434783,0.8110347826086958,0.8015652173913044,0.8113217391304348,0.8029760869565218,0.7910978260869566,0.7735347826086958,0.790504347826087,0.799908695652174,0.8085152173913044,0.8136456521739132,0.8083652173913044,0.8167391304347827,0.8150239130434783,0.8167391304347827,0.8168195652173913,0.7855717391304348,0.78095,0.7542108695652174,0.7960260869565218,0.8007347826086957,0.7676543478260871,0.7397456521739131,0.7879695652173914,0.7880434782608696,0.8080043478260871,0.8150239130434783,0.7960565217391304,0.8012891304347827,0.7943478260869565,0.7561804347826089,0.7117652173913044,0.6764152173913044,0.6040913043478261,0.7265782608695652,0.703863043478261,0.7048326086956522,0.7861
0.8032391304347827,0.7813108695652174,0.8135826086956522,0.8089934782608696,0.7976282608695652,0.8113934782608696,0.8109152173913045,0.812108695652174,0.814308695652174,0.7900456521739132,0.8159043478260871,0.8175347826086957,0.8127739130434783,0.7872543478260869,0.7273565217391305,0.7164282608695652,0.6778217391304349,0.663663043478261,0.5767782608695652,0.559,0.5730391304347826,0.5687347826086957,0.5857608695652173,0.7300130434782609,0.7624695652173914,0.793054347826087,0.7512630434782609,0.7947739130434784,0.8087217391304349,0.8103195652173915,0.797467391304348,0.7984804347826088,0.8012021739130435,0.8040695652173914,0.8069456521739131,0.8152978260869567,0.8141,0.802054347826087,0.7748717391304348,0.722954347826087,0.7347804347826088,0.7202717391304349,0.6678804347826087,0.584363043478261,0.5335500000000001,0.546363043478261,0.5595695652173913,0.5803673913043479,0.6038978260869565,0.630354347826087,0.7292673913043479,0.7666108695652175,0.8150239130434783,0.8099065217391306,0.8076608695652174,0.8116891304347826,0.8124130434782609,0.8155478260869566,0.8095934782608696,0.812108695652174,0.8076608695652174,0.8167391304347827,0.8135826086956522,0.8135826086956522,0.8080043478260871,0.8016717391304349,0.8106782608695653,0.807358695652174,0.7932326086956523,0.7833217391304348,0.7674826086956523,0.8025326086956522,0.8072804347826088,0.812108695652174,0.8141,0.8131304347826088,0.8085847826086957,0.7783260869565218,0.7840760869565218,0.7953347826086958,0.7802195652173913,0.7934630434782609,0.7432021739130436,0.7613413043478261,0.8029173913043479,0.6734260869565218,0.7637043478260871,0.8099065217391306,0.812108695652174,0.7867652173913044,0.7685978260869566,0.7376847826086956,0.7469152173913044,0.6158630434782609,0.6215282608695653,0.6300804347826087,0.6887652173913044,0.6239434782608696,0.7883869565217392
0.8045956521739132,0.7962304347826087,0.8007869565217391,0.7856478260869566,0.7999195652173914,0.8192826086956522,0.8091913043478262,0.812108695652174,0.8167391304347827,0.8159043478260871,0.8131304347826088,0.8052478260869566,0.8027500000000001,0.8003173913043479,0.7169500000000001,0.7032108695652175,0.5958978260869566,0.5948934782608696,0.574908695652174,0.549904347826087,0.643813043478261,0.566304347826087,0.6003195652173914,0.621613043478261,0.740904347826087,0.7740413043478263,0.7925456521739132,0.7874065217391305,0.8120521739130435,0.7807804347826087,0.7988565217391305,0.7767739130434783,0.7997217391304349,0.8054478260869566,0.8062195652173914,0.8110347826086958,0.812108695652174,0.8080043478260871,0.812108695652174,0.7899608695652175,0.7399326086956522,0.61755,0.6026304347826087,0.5780413043478262,0.5439913043478262,0.535863043478261,0.5385434782608696,0.5812326086956522,0.5894934782608696,0.7196630434782609,0.70465,0.7385847826086956,0.8000695652173914,0.8131304347826088,0.8131304347826088,0.8054826086956521,0.8141,0.8103195652173915,0.8150239130434783,0.8113934782608696,0.8159043478260871,0.8167391304347827,0.8150239130434783,0.8141,0.8088586956521739,0.8084652173913044,0.8027869565217393,0.8083652173913044,0.8105804347826088,0.8012891304347827,0.780967391304348,0.8098304347826089,0.8141,0.8151869565217392,0.8113934782608696,0.8168195652173913,0.8069456521739131,0.7992260869565219,0.7952913043478261,0.7658717391304349,0.7958173913043478,0.7854130434782609,0.8156630434782609,0.7980434782608696,0.7636717391304348,0.7701239130434783,0.7934304347826087,0.7800978260869565,0.8079195652173914,0.7919565217391304,0.7832369565217393,0.7572065217391305,0.6377521739130435,0.6904217391304348,0.7086543478260869,0.7235456521739131,0.6291130434782609,0.6458804347826087,0.7420152173913044
0.8082782608695653,0.7716500000000001,0.8115521739130436,0.8108847826086957,0.8092565217391304,0.8146673913043478,0.812658695652174,0.810667391304348,0.8110347826086958,0.8150239130434783,0.8182913043478262,0.8159043478260871,0.8013869565217392,0.7547065217391304,0.7519478260869566,0.6273978260869565,0.6170043478260869,0.5891652173913045,0.5771608695652174,0.5691326086956522,0.5714152173913044,0.5756630434782609,0.5918260869565217,0.6850173913043479,0.7538304347826088,0.7637521739130435,0.7556260869565218,0.8006608695652174,0.8010282608695652,0.8124130434782609,0.765208695652174,0.7942956521739132,0.8045956521739132,0.8049521739130435,0.8040956521739131,0.8159043478260871,0.8124130434782609,0.8069478260869567,0.7589630434782609,0.7441913043478262,0.7308369565217392,0.7022652173913043,0.5853934782608695,0.5937739130434783,0.5435413043478261,0.5362739130434783,0.5491217391304348,0.5738217391304349,0.6841630434782608,0.7166500000000001,0.7275195652173914,0.7912695652173913,0.8168195652173913,0.8008173913043479,0.8074739130434784,0.7805869565217392,0.8078695652173913,0.8116891304347826,0.8117521739130436,0.8150239130434783,0.8167391304347827,0.8182913043478262,0.812108695652174,0.8099065217391306,0.8036434782608697,0.7836260869565218,0.8044282608695653,0.806913043478261,0.772313043478261,0.8089934782608696,0.8017826086956523,0.7912347826086957,0.8155478260869566,0.8110347826086958,0.8131304347826088,0.8159043478260871,0.8150239130434783,0.7777347826086958,0.773258695652174,0.7496847826086958,0.7617195652173915,0.7887586956521739,0.7679478260869567,0.7962217391304348,0.8036434782608697,0.7908956521739131,0.7956608695652174,0.819695652173913,0.8066891304347827,0.8072043478260871,0.7764195652173914,0.7749391304347827,0.7066826086956522,0.6977413043478261,0.7325456521739131,0.7266673913043479,0.6901065217391305,0.6328956521739131,0.7366108695652175
0.8124130434782609,0.8087217391304349,0.8077304347826088,0.8047847826086957,0.7725108695652174,0.8019173913043478,0.812108695652174,0.8148260869565217,0.8133847826086957,0.8150239130434783,0.8150239130434783,0.8124130434782609,0.8084869565217392,0.774508695652174,0.7293826086956522,0.6972978260869566,0.6703195652173914,0.5770521739130435,0.5713760869565218,0.5748239130434784,0.5664847826086957,0.5782152173913044,0.5896478260869565,0.6347108695652174,0.7512717391304348,0.7972673913043479,0.7994956521739132,0.8050195652173914,0.8167391304347827,0.795454347826087,0.8039847826086958,0.7918152173913044,0.7779021739130436,0.8076608695652174,0.8175347826086957,0.8167391304347827,0.8182956521739131,0.8095934782608696,0.7794695652173914,0.766504347826087,0.7539217391304349,0.6857869565217392,0.6827239130434783,0.5719565217391305,0.555,0.5381195652173912,0.5383478260869565,0.575658695652174,0.6778782608695653,0.6275695652173914,0.7161847826086958,0.7910978260869566,0.8099065217391306,0.8067913043478262,0.8040695652173914,0.8038608695652174,0.8059739130434784,0.8113934782608696,0.8060695652173914,0.8131304347826088,0.8110347826086958,0.8159043478260871,0.8151869565217392,0.8150239130434783,0.806758695652174,0.8080043478260871,0.8072739130434783,0.7961673913043479,0.8010326086956523,0.7894934782608696,0.8058065217391306,0.7707282608695653,0.8006717391304349,0.8127891304347827,0.812108695652174,0.8159043478260871,0.8110347826086958,0.7949369565217391,0.7775130434782609,0.7972673913043479,0.7972673913043479,0.8033434782608696,0.7612630434782609,0.7507478260869566,0.7961804347826088,0.7963913043478262,0.8078695652173913,0.8099065217391306,0.8131304347826088,0.8047217391304349,0.7849586956521739,0.7568239130434784,0.7197847826086957,0.6246369565217392,0.6283652173913045,0.7228978260869566,0.7189086956521741,0.6364021739130435,0.7543956521739131
0.7792804347826088,0.8160239130434783,0.7923217391304349,0.8133847826086957,0.806758695652174,0.7985195652173913,0.8106173913043478,0.8124130434782609,0.8034673913043479,0.8133847826086957,0.8110347826086958,0.812108695652174,0.8015652173913044,0.7507478260869566,0.737995652173913,0.7292826086956523,0.6854847826086957,0.584308695652174,0.5696478260869565,0.575591304347826,0.561645652173913,0.5770782608695653,0.6771760869565218,0.7069521739130435,0.7704804347826087,0.7671869565217393,0.7976282608695652,0.8100152173913044,0.8091913043478262,0.8010326086956523,0.7983434782608696,0.812108695652174,0.8120521739130435,0.8015652173913044,0.8099065217391306,0.812108695652174,0.8074739130434784,0.8007260869565218,0.777504347826087,0.7604391304347827,0.7688,0.7037695652173913,0.6022304347826087,0.5799,0.5234195652173913,0.5532260869565218,0.554704347826087,0.5739000000000001,0.6764152173913044,0.6307434782608696,0.712313043478261,0.7630956521739131,0.8010282608695652,0.8099065217391306,0.8085847826086957,0.800458695652174,0.8082282608695653,0.8133847826086957,0.8131304347826088,0.8085847826086957,0.8131304347826088,0.8141,0.8135826086956522,0.8167391304347827,0.8038782608695654,0.8091847826086956,0.810667391304348,0.7702782608695653,0.7657565217391304,0.7835891304347827,0.8058065217391306,0.7863326086956524,0.8141,0.8141,0.8150239130434783,0.8182913043478262,0.8141,0.7748717391304348,0.7759152173913044,0.7769956521739131,0.7924413043478261,0.7902652173913044,0.7512000000000001,0.7743347826086957,0.7894847826086958,0.7953782608695652,0.8027500000000001,0.8007869565217391,0.8110347826086958,0.8038782608695654,0.76135,0.7823521739130436,0.726254347826087,0.6824521739130435,0.7089260869565218,0.7180000000000001,0.7220869565217393,0.7188826086956522,0.7424304347826088
0.8103195652173915,0.8083652173913044,0.8022369565217392,0.8021260869565218,0.8089826086956522,0.8123043478260871,0.8099065217391306,0.8175760869565218,0.8131304347826088,0.8099065217391306,0.8131304347826088,0.8116891304347826,0.8074739130434784,0.755258695652174,0.7600086956521739,0.7041717391304347,0.6034369565217391,0.5809521739130435,0.5627673913043478,0.5725065217391305,0.5653456521739131,0.5682434782608695,0.5979521739130436,0.6903956521739131,0.7639152173913044,0.801058695652174,0.7976282608695652,0.8080043478260871,0.8058065217391306,0.810667391304348,0.7721304347826088,0.7712891304347826,0.7839847826086956,0.8069456521739131,0.7941456521739131,0.8110347826086958,0.8133847826086957,0.8047652173913045,0.783363043478261,0.7387565217391304,0.7248760869565218,0.6203891304347827,0.5942913043478262,0.595304347826087,0.5483347826086956,0.5460695652173914,0.5601913043478262,0.5736130434782609,0.6089413043478261,0.6258565217391305,0.7157456521739131,0.7621891304347828,0.8140978260869566,0.8131304347826088,0.7854152173913045,0.812108695652174,0.812658695652174,0.8109521739130436,0.8103195652173915,0.8151869565217392,0.8150239130434783,0.8141,0.8141,0.8159043478260871,0.8069847826086958,0.810667391304348,0.80535,0.807358695652174,0.7791521739130436,0.7760565217391305,0.7844021739130436,0.8113891304347827,0.8146673913043478,0.8045956521739132,0.8110347826086958,0.8159043478260871,0.8124130434782609,0.812108695652174,0.7972673913043479,0.7997326086956522,0.798,0.8056673913043478,0.7846000000000001,0.7489434782608697,0.7655586956521739,0.7669304347826088,0.8078695652173913,0.8141,0.8133847826086957,0.8099065217391306,0.7760934782608696,0.7760652173913044,0.6338260869565218,0.6999978260869566,0.7027021739130435,0.6358434782608696,0.7016739130434784,0.6309630434782609,0.6489978260869566
0.8133847826086957,0.8131304347826088,0.7937021739130435,0.7847000000000001,0.8108891304347827,0.809658695652174,0.8056673913043478,0.810667391304348,0.7874065217391305,0.8167391304347827,0.8124130434782609,0.8103195652173915,0.8035173913043478,0.7422260869565218,0.7487413043478262,0.7102456521739131,0.5982847826086957,0.5784434782608696,0.571004347826087,0.5640717391304348,0.569467391304348,0.5621869565217391,0.5941108695652175,0.6318,0.7888826086956522,0.795454347826087,0.7990065217391304,0.8151869565217392,0.8150239130434783,0.8099065217391306,0.7894891304347826,0.8061717391304348,0.8022804347826088,0.7907673913043479,0.8017565217391306,0.8076608695652174,0.8131304347826088,0.7992260869565219,0.796354347826087,0.733104347826087,0.7437978260869567,0.7080913043478262,0.5905282608695652,0.5820108695652174,0.5259847826086956,0.5418891304347826,0.5492260869565218,0.5685369565217391,0.676454347826087,0.6979021739130435,0.712958695652174,0.778258695652174,0.7876152173913044,0.8074739130434784,0.804663043478261,0.7995913043478261,0.8141,0.8151869565217392,0.8133847826086957,0.8151869565217392,0.812108695652174,0.8131304347826088,0.8150239130434783,0.8087478260869566,0.8048891304347827,0.8060326086956522,0.8117521739130436,0.8054478260869566,0.7687282608695652,0.7721152173913044,0.7965369565217392,0.7914434782608697,0.8110347826086958,0.8141,0.8159043478260871,0.8141,0.7951304347826087,0.7764260869565217,0.7982804347826087,0.7743391304347826,0.7766500000000001,0.7915978260869566,0.8026195652173914,0.7662782608695653,0.774913043478261,0.8072043478260871,0.8028891304347827,0.8175347826086957,0.812108695652174,0.8047217391304349,0.7663608695652175,0.750413043478261,0.7233804347826087,0.6166608695652175,0.7010021739130435,0.7265760869565218,0.7236891304347827,0.6302021739130436,0.7528456521739132
0.7931956521739131,0.8052478260869566,0.8072804347826088,0.8069478260869567,0.8014152173913045,0.798608695652174,0.812108695652174,0.8127739130434783,0.8071173913043479,0.8146673913043478,0.8150239130434783,0.8133847826086957,0.8022804347826088,0.8052978260869565,0.7509021739130436,0.6203478260869566,0.6057782608695652,0.5839130434782609,0.5795173913043479,0.573767391304348,0.5704869565217392,0.5813347826086956,0.594354347826087,0.6990086956521739,0.7597891304347827,0.7704804347826087,0.7852021739130436,0.7929673913043479,0.812108695652174,0.7946152173913044,0.7942630434782609,0.7662804347826088,0.8099065217391306,0.8074739130434784,0.7794695652173914,0.806163043478261,0.8133847826086957,0.814308695652174,0.764008695652174,0.7679652173913044,0.7577021739130435,0.6247260869565218,0.688304347826087,0.5788652173913045,0.5433,0.5320391304347827,0.5507478260869565,0.5779826086956522,0.5885934782608696,0.640958695652174,0.6339478260869565,0.7867913043478262,0.8103195652173915,0.8124130434782609,0.8113217391304348,0.8057434782608697,0.8100152173913044,0.8144630434782609,0.8099326086956523,0.8066891304347827,0.8150239130434783,0.8131304347826088,0.8141,0.8167391304347827,0.8074739130434784,0.8056673913043478,0.8023891304347828,0.8110304347826087,0.7660000000000001,0.7702021739130436,0.7930978260869566,0.8022913043478263,0.8146673913043478,0.8141,0.8150239130434783,0.8109847826086957,0.8085847826086957,0.7933369565217392,0.7644586956521741,0.7682869565217392,0.7987456521739131,0.8042260869565219,0.7686478260869566,0.7643826086956522,0.7872478260869565,0.7601565217391305,0.800313043478261,0.8057152173913045,0.8141,0.8091913043478262,0.7671826086956522,0.7443000000000001,0.6369239130434783,0.7005695652173913,0.7089608695652174,0.7450000000000001,0.6100565217391305,0.6300413043478261,0.7680260869565217
0.812108695652174,0.810667391304348,0.809958695652174,0.8019239130434783,0.8084652173913044,0.8124130434782609,0.809463043478261,0.8099065217391306,0.8021021739130435,0.8159043478260871,0.8135826086956522,0.806163043478261,0.806758695652174,0.8020260869565219,0.7408369565217392,0.628713043478261,0.5871065217391305,0.5790217391304349,0.5769652173913045,0.5768804347826088,0.6458478260869566,0.5767782608695652,0.6049826086956522,0.6388673913043479,0.7505086956521739,0.8004717391304349,0.79645,0.8068434782608696,0.806163043478261,0.8038782608695654,0.7858913043478262,0.7589956521739132,0.810667391304348,0.8131304347826088,0.8110347826086958,0.8106782608695653,0.8087217391304349,0.8133847826086957,0.7791130434782609,0.7465239130434783,0.7196521739130436,0.6238347826086957,0.6006478260869565,0.569758695652174,0.535863043478261,0.525054347826087,0.559113043478261,0.5740000000000001,0.6074739130434784,0.7136586956521739,0.7042804347826087,0.7690934782608696,0.8034673913043479,0.8141,0.7971847826086957,0.8047847826086957,0.8160934782608696,0.8146673913043478,0.8072804347826088,0.8150239130434783,0.8167391304347827,0.8150239130434783,0.8127739130434783,0.8150239130434783,0.8124130434782609,0.8116891304347826,0.8129782608695653,0.7933021739130435,0.7737195652173914,0.8033434782608696,0.7838608695652175,0.8002500000000001,0.8131304347826088,0.8175347826086957,0.8110347826086958,0.8110347826086958,0.8087217391304349,0.7887695652173914,0.7800652173913044,0.7902760869565219,0.7423434782608697,0.7853934782608697,0.7607521739130435,0.7728369565217392,0.7895500000000001,0.7732630434782609,0.8083652173913044,0.8074739130434784,0.8141,0.8002500000000001,0.8091913043478262,0.7450478260869566,0.6451521739130435,0.6819760869565217,0.6941108695652174,0.7172347826086957,0.6413630434782609,0.7100500000000001,0.7395565217391304
0.7960565217391304,0.8080043478260871,0.8103195652173915,0.8110347826086958,0.8097760869565218,0.804413043478261,0.8020673913043479,0.8110347826086958,0.806163043478261,0.8182913043478262,0.8159043478260871,0.8110347826086958,0.808113043478261,0.8005434782608697,0.7881804347826088,0.7204260869565218,0.6959478260869566,0.5802956521739131,0.5764304347826088,0.573063043478261,0.5634347826086957,0.5608934782608697,0.67685,0.622604347826087,0.7411652173913044,0.751954347826087,0.7666434782608696,0.7923130434782609,0.8020260869565219,0.79645,0.7938195652173914,0.7791782608695653,0.8056673913043478,0.8054478260869566,0.8150239130434783,0.8103000000000001,0.8110347826086958,0.802654347826087,0.8015282608695653,0.6699108695652175,0.6374760869565218,0.6973347826086957,0.5882869565217391,0.5857521739130435,0.5321239130434784,0.5475521739130436,0.5491217391304348,0.5712565217391304,0.6141130434782608,0.6186260869565218,0.712308695652174,0.7698456521739131,0.8167391304347827,0.8034673913043479,0.7938847826086957,0.8130239130434783,0.8175173913043479,0.812108695652174,0.8159043478260871,0.8167391304347827,0.8150239130434783,0.8159043478260871,0.8141,0.814308695652174,0.8031108695652174,0.8110304347826087,0.7764608695652174,0.8015652173913044,0.7746021739130436,0.7828891304347827,0.7599239130434784,0.7974260869565218,0.8069195652173914,0.8127065217391306,0.8150239130434783,0.8087217391304349,0.8150239130434783,0.8044282608695653,0.798513043478261,0.7623934782608697,0.7594304347826087,0.7935956521739131,0.7493000000000001,0.7724282608695652,0.7687608695652174,0.7783913043478261,0.806758695652174,0.8099065217391306,0.8124130434782609,0.7720217391304349,0.7713500000000001,0.7443000000000001,0.7284695652173913,0.6162847826086957,0.7154152173913044,0.7285913043478262,0.7151956521739131,0.7299413043478261,0.7373630434782609
0.8130239130434783,0.7960826086956522,0.8036434782608697,0.7999000000000002,0.774508695652174,0.810554347826087,0.7843369565217392,0.8091913043478262,0.8150239130434783,0.7883304347826087,0.8167391304347827,0.8048891304347827,0.7919391304347827,0.8072804347826088,0.7309978260869566,0.7042804347826087,0.5878847826086957,0.5827217391304348,0.5775326086956523,0.5725021739130436,0.5454347826086957,0.5729391304347826,0.6006652173913044,0.6258021739130435,0.7541760869565218,0.7694739130434783,0.7636717391304348,0.806758695652174,0.8131304347826088,0.7873891304347828,0.7760934782608696,0.7920847826086956,0.8034673913043479,0.8054478260869566,0.8141,0.8113934782608696,0.8161673913043478,0.8074739130434784,0.7859369565217392,0.7479521739130436,0.7439391304347827,0.6971891304347826,0.5899956521739131,0.5808934782608696,0.5384239130434783,0.5312391304347825,0.5586065217391304,0.5691326086956522,0.6169217391304348,0.7143413043478261,0.7079152173913044,0.7874282608695653,0.804358695652174,0.8045956521739132,0.8100152173913044,0.7821369565217392,0.8124130434782609,0.8080043478260871,0.8080043478260871,0.8047217391304349,0.8151869565217392,0.8182913043478262,0.8151869565217392,0.8066891304347827,0.8084652173913044,0.7975434782608697,0.7857195652173914,0.8072804347826088,0.7495978260869566,0.7910913043478263,0.8010326086956523,0.7987021739130435,0.812108695652174,0.8110347826086958,0.8131304347826088,0.8160239130434783,0.812108695652174,0.7741456521739131,0.7639521739130436,0.7585260869565218,0.7986456521739131,0.8050847826086956,0.806913043478261,0.7540760869565218,0.7760565217391305,0.7724913043478262,0.8087217391304349,0.809958695652174,0.8141,0.8039413043478262,0.806163043478261,0.7227195652173913,0.7279326086956522,0.7033847826086957,0.7330826086956522,0.7311021739130436,0.7198347826086957,0.7083608695652175,0.7456456521739131
0.7756391304347827,0.8045956521739132,0.8045913043478261,0.7909347826086958,0.809417391304348,0.7853586956521741,0.8095500000000001,0.8135826086956522,0.8062195652173914,0.8150239130434783,0.8159043478260871,0.8163826086956523,0.7552608695652174,0.7606152173913043,0.774404347826087,0.7159304347826088,0.5927695652173913,0.5778869565217392,0.5568804347826087,0.5781434782608696,0.5578652173913045,0.5729717391304349,0.5933673913043479,0.625741304347826,0.7924500000000001,0.7572695652173913,0.7977326086956523,0.8107021739130436,0.8099065217391306,0.801813043478261,0.7899152173913044,0.7691239130434784,0.8023891304347828,0.806758695652174,0.8008391304347827,0.8085847826086957,0.8150239130434783,0.8080043478260871,0.7805130434782609,0.7558456521739131,0.7405239130434783,0.704617391304348,0.6872152173913044,0.5835782608695653,0.5342065217391304,0.5290108695652175,0.5502826086956522,0.5678630434782609,0.6068152173913044,0.6248108695652175,0.7082456521739131,0.7533521739130435,0.7899869565217392,0.7992804347826087,0.7874065217391305,0.8047217391304349,0.8133847826086957,0.812658695652174,0.7843413043478261,0.8160239130434783,0.8167391304347827,0.8124130434782609,0.812108695652174,0.8139478260869566,0.8113217391304348,0.7936239130434783,0.7633369565217393,0.7820282608695653,0.7969065217391306,0.8059021739130435,0.7736413043478261,0.8066891304347827,0.8150239130434783,0.8092978260869567,0.8150239130434783,0.8131304347826088,0.8099065217391306,0.7616260869565218,0.7849304347826087,0.7507521739130435,0.7850108695652175,0.7922065217391304,0.7580130434782609,0.7717913043478262,0.7629739130434783,0.7844086956521739,0.8091913043478262,0.8110347826086958,0.800313043478261,0.7997217391304349,0.7982804347826087,0.7712934782608697,0.6516195652173913,0.5963478260869566,0.6202695652173914,0.6514782608695653,0.62415,0.7271956521739131,0.7531000000000001
0.7984847826086957,0.7995869565217393,0.7979152173913044,0.7821652173913044,0.7830826086956523,0.8082782608695653,0.8113934782608696,0.8080043478260871,0.810667391304348,0.8182913043478262,0.8141,0.7874065217391305,0.8027500000000001,0.7911739130434784,0.7425826086956523,0.6292434782608696,0.615804347826087,0.6627673913043479,0.5765891304347827,0.5740739130434783,0.5710739130434783,0.5692521739130435,0.6861239130434783,0.6979804347826087,0.7497456521739131,0.774508695652174,0.7794695652173914,0.806163043478261,0.8069456521739131,0.7987152173913045,0.7794717391304348,0.7849304347826087,0.8021021739130435,0.8083652173913044,0.8131304347826088,0.8131304347826088,0.8059739130434784,0.8069478260869567,0.7921173913043479,0.7325369565217392,0.7470434782608696,0.6249782608695653,0.5988673913043479,0.5869804347826088,0.5369673913043479,0.5346239130434783,0.561458695652174,0.5679847826086957,0.6082565217391305,0.721708695652174,0.6225021739130435,0.7760565217391305,0.8095500000000001,0.812108695652174,0.8084652173913044,0.7982804347826087,0.8102695652173914,0.8056065217391306,0.8091913043478262,0.8159043478260871,0.8159043478260871,0.8159043478260871,0.8133847826086957,0.8113934782608696,0.8088586956521739,0.8047217391304349,0.8049521739130435,0.7376043478260871,0.8061717391304348,0.7707173913043479,0.7706891304347827,0.8044282608695653,0.8130260869565218,0.8131304347826088,0.8150239130434783,0.8159043478260871,0.8131304347826088,0.8035152173913044,0.8030586956521739,0.792908695652174,0.7945152173913044,0.7990065217391304,0.795008695652174,0.7995913043478261,0.7419065217391305,0.7607347826086958,0.8133847826086957,0.806163043478261,0.7864369565217392,0.8010978260869566,0.7668717391304348,0.7452652173913045,0.6320739130434783,0.622158695652174,0.6994934782608696,0.7155478260869567,0.7011891304347827,0.6207043478260871,0.760504347826087
0.8008391304347827,0.8103195652173915,0.807358695652174,0.8088304347826089,0.8078608695652175,0.8117521739130436,0.8124130434782609,0.8113934782608696,0.8113934782608696,0.8175347826086957,0.8175760869565218,0.8056673913043478,0.8148260869565217,0.8050847826086956,0.7587195652173914,0.7383760869565219,0.6758217391304349,0.5860847826086957,0.5743195652173914,0.5750021739130435,0.5678630434782609,0.571754347826087,0.5930804347826087,0.6361630434782609,0.7482500000000001,0.7803500000000001,0.7939304347826087,0.8047847826086957,0.8131304347826088,0.7923130434782609,0.7709347826086957,0.7902195652173915,0.8099065217391306,0.8038782608695654,0.8113934782608696,0.8159043478260871,0.8087217391304349,0.7866913043478262,0.8022826086956523,0.7907804347826088,0.7671978260869566,0.6339,0.5942869565217391,0.5925608695652175,0.5487326086956522,0.5183695652173913,0.5528304347826088,0.5729391304347826,0.5921413043478262,0.6339,0.7217956521739132,0.7674739130434783,0.809463043478261,0.8117521739130436,0.8054478260869566,0.8141,0.8027500000000001,0.8150239130434783,0.8109847826086957,0.8103000000000001,0.8175347826086957,0.8175760869565218,0.8141,0.798,0.812108695652174,0.8016717391304349,0.8095934782608696,0.7760369565217392,0.7684282608695653,0.7610760869565218,0.7982804347826087,0.8069456521739131,0.8078000000000001,0.8131304347826088,0.8182913043478262,0.8159043478260871,0.7836260869565218,0.8106782608695653,0.7810369565217391,0.797354347826087,0.7828565217391305,0.8056130434782609,0.7741456521739131,0.7805869565217392,0.7904456521739132,0.8040695652173914,0.7968847826086957,0.8040391304347826,0.8131304347826088,0.8110347826086958,0.7983434782608696,0.7575652173913043,0.7371043478260869,0.6127456521739131,0.691158695652174,0.7269695652173913,0.7483369565217393,0.7207804347826088,0.7476782608695652
0.7918891304347827,0.7845,0.808113043478261,0.8040956521739131,0.8121195652173915,0.8117521739130436,0.7899369565217391,0.7951304347826087,0.8038782608695654,0.8131304347826088,0.8150239130434783,0.8115521739130436,0.7979760869565218,0.7827,0.6421652173913044,0.6288195652173914,0.6013195652173914,0.5807739130434783,0.5762108695652175,0.5706152173913044,0.5578652173913045,0.571004347826087,0.5893326086956523,0.6285695652173914,0.7801065217391305,0.7707434782608696,0.7981108695652175,0.810667391304348,0.8117521739130436,0.7923130434782609,0.7924413043478261,0.7940521739130435,0.8110347826086958,0.7764608695652174,0.7893304347826088,0.8159043478260871,0.8131304347826088,0.7984782608695653,0.7641782608695653,0.746354347826087,0.7416434782608695,0.6136847826086956,0.5953760869565218,0.5792173913043478,0.5459347826086958,0.5419978260869566,0.5679565217391304,0.576313043478261,0.6070326086956522,0.7100152173913044,0.6420456521739131,0.772663043478261,0.7960565217391304,0.8131304347826088,0.8016826086956522,0.806113043478261,0.8087217391304349,0.8160239130434783,0.812108695652174,0.8150239130434783,0.8150239130434783,0.8160239130434783,0.8124130434782609,0.8124130434782609,0.810667391304348,0.8076608695652174,0.7940326086956522,0.8049521739130435,0.8084652173913044,0.7561804347826089,0.7849739130434783,0.7905739130434783,0.8171065217391306,0.8159043478260871,0.8141,0.8150239130434783,0.8190108695652175,0.8035173913043478,0.7732565217391305,0.7919478260869566,0.771458695652174,0.7586826086956522,0.7934304347826087,0.7698456521739131,0.7982804347826087,0.7795434782608697,0.7795434782608697,0.8038782608695654,0.8151869565217392,0.8087217391304349,0.7887695652173914,0.7614717391304349,0.6472478260869565,0.6792673913043479,0.6325760869565218,0.7338152173913044,0.6279,0.6259413043478261,0.7785043478260871
0.8083652173913044,0.7860804347826087,0.8067913043478262,0.8005913043478261,0.792908695652174,0.7853021739130436,0.8103195652173915,0.8141,0.814308695652174,0.8167391304347827,0.8150239130434783,0.8167391304347827,0.8045956521739132,0.7754086956521741,0.7249652173913044,0.6316413043478261,0.6751434782608696,0.6640565217391305,0.5746478260869565,0.57315,0.5683282608695653,0.5704869565217392,0.68165,0.632,0.7802586956521741,0.8020260869565219,0.7659195652173914,0.8072043478260871,0.792908695652174,0.8048891304347827,0.77695,0.7980347826086958,0.7884934782608696,0.7799956521739131,0.7971847826086957,0.8131304347826088,0.8027500000000001,0.8033434782608696,0.7861413043478261,0.746208695652174,0.7468913043478261,0.6211608695652174,0.6649717391304348,0.593508695652174,0.5532260869565218,0.520004347826087,0.5587217391304349,0.5755804347826087,0.6872695652173914,0.6319347826086957,0.7248391304347827,0.7568152173913044,0.8071173913043479,0.8029695652173914,0.794154347826087,0.8080043478260871,0.8151869565217392,0.812108695652174,0.7971847826086957,0.8150239130434783,0.8171782608695652,0.8124130434782609,0.812108695652174,0.8141,0.8074739130434784,0.7975434782608697,0.8033434782608696,0.8012891304347827,0.807358695652174,0.8095934782608696,0.7960565217391304,0.814004347826087,0.7892108695652175,0.8150239130434783,0.8141,0.812108695652174,0.8015652173913044,0.7968173913043478,0.7526282608695652,0.772663043478261,0.801813043478261,0.7892217391304348,0.7808717391304348,0.7585913043478262,0.765254347826087,0.800004347826087,0.8083652173913044,0.8099065217391306,0.812108695652174,0.8099065217391306,0.7661804347826087,0.7196521739130436,0.7175021739130435,0.688645652173913,0.6161826086956522,0.7381065217391305,0.72135,0.712754347826087,0.7394065217391306
0.8141,0.7976282608695652,0.8020260869565219,0.8113934782608696,0.7736239130434783,0.8058413043478262,0.7786326086956523,0.812108695652174,0.8141,0.8151869565217392,0.8159043478260871,0.8085847826086957,0.8019239130434783,0.7982130434782609,0.7303347826086957,0.7174869565217392,0.5889630434782609,0.5881130434782609,0.5824478260869566,0.5745282608695652,0.5608934782608697,0.5716347826086957,0.6029978260869565,0.6339195652173913,0.7787326086956522,0.8103195652173915,0.7743326086956522,0.7967521739130435,0.7789739130434784,0.8071173913043479,0.8026195652173914,0.8003717391304348,0.8002108695652175,0.8016717391304349,0.8095934782608696,0.8167391304347827,0.8043565217391305,0.7915456521739132,0.7675239130434783,0.725908695652174,0.7316978260869565,0.7444043478260871,0.5922869565217392,0.666058695652174,0.5525326086956521,0.5321065217391304,0.5448478260869566,0.5740869565217391,0.6792630434782609,0.6940173913043478,0.6268065217391304,0.767704347826087,0.8066891304347827,0.7767739130434783,0.8050847826086956,0.8034913043478262,0.8095934782608696,0.8149304347826088,0.8160239130434783,0.8131304347826088,0.8085847826086957,0.8160239130434783,0.8124130434782609,0.809463043478261,0.8124130434782609,0.8072804347826088,0.7901260869565219,0.8064782608695653,0.7489608695652175,0.8092282608695653,0.8172130434782608,0.7979152173913044,0.8010565217391306,0.812108695652174,0.8150239130434783,0.8131304347826088,0.8099065217391306,0.751158695652174,0.7767739130434783,0.7506043478260871,0.8099326086956523,0.7805869565217392,0.7961804347826088,0.7594608695652175,0.7934304347826087,0.7853173913043479,0.798,0.8034673913043479,0.8175760869565218,0.8039847826086958,0.7558782608695652,0.7817195652173914,0.6307369565217392,0.7168934782608696,0.6246086956521739,0.6427869565217392,0.7073108695652175,0.6250695652173913,0.7678521739130435
0.7787543478260871,0.8106782608695653,0.8092217391304348,0.8130239130434783,0.8089260869565218,0.7980260869565218,0.8102239130434783,0.8137434782608697,0.8080043478260871,0.8167391304347827,0.8131304347826088,0.8089934782608696,0.8084369565217392,0.8060326086956522,0.727613043478261,0.6838456521739131,0.6980913043478262,0.5823239130434783,0.6503717391304349,0.6563413043478261,0.5753086956521739,0.5740000000000001,0.5880347826086957,0.709713043478261,0.7484673913043478,0.7854956521739132,0.7981108695652175,0.8099065217391306,0.8091847826086956,0.8074739130434784,0.7680217391304349,0.7772913043478262,0.8151869565217392,0.8019239130434783,0.8133847826086957,0.8141,0.809658695652174,0.7986456521739131,0.7381652173913045,0.7663695652173914,0.6334956521739131,0.6146695652173914,0.5995956521739131,0.5813260869565218,0.5495760869565218,0.5346239130434783,0.5590108695652174,0.5709956521739131,0.6728282608695654,0.6253413043478262,0.7030826086956522,0.7515760869565218,0.8045956521739132,0.812108695652174,0.8011739130434783,0.8120521739130435,0.8051108695652175,0.814308695652174,0.8099065217391306,0.7995347826086957,0.8124130434782609,0.8131304347826088,0.8175347826086957,0.8091913043478262,0.7975434782608697,0.8091913043478262,0.8080217391304348,0.8077304347826088,0.7661391304347827,0.8072043478260871,0.8075500000000001,0.7780326086956522,0.8055565217391305,0.812108695652174,0.8118500000000001,0.8131304347826088,0.8141,0.8034673913043479,0.8029760869565218,0.7980434782608696,0.7915217391304349,0.806758695652174,0.7749652173913044,0.7562195652173913,0.7841934782608696,0.791895652173913,0.7780282608695653,0.7832130434782609,0.812108695652174,0.8113934782608696,0.7438891304347828,0.7203565217391305,0.7250217391304348,0.609004347826087,0.7279391304347828,0.650395652173913,0.7096347826086956,0.7064565217391304,0.7866000000000001
0.8034673913043479,0.8006608695652174,0.8045282608695652,0.8092978260869567,0.8080043478260871,0.7823630434782609,0.8150239130434783,0.8060326086956522,0.8151869565217392,0.8150239130434783,0.8131304347826088,0.8066891304347827,0.7805108695652174,0.8082782608695653,0.718008695652174,0.6083630434782609,0.6034760869565218,0.5831999999999999,0.5773391304347826,0.5710173913043479,0.5671760869565218,0.5755717391304349,0.5927847826086957,0.6203152173913044,0.7268782608695652,0.7823130434782609,0.79645,0.8022804347826088,0.8151869565217392,0.8045956521739132,0.7641782608695653,0.7590695652173913,0.7891413043478261,0.8049521739130435,0.8133847826086957,0.8167391304347827,0.8150239130434783,0.8001043478260871,0.7526956521739131,0.7528391304347827,0.7443239130434783,0.6976000000000001,0.5891065217391304,0.592867391304348,0.5532260869565218,0.5524347826086957,0.5554956521739131,0.5694891304347827,0.6144130434782609,0.7018195652173913,0.6283782608695652,0.781204347826087,0.8022804347826088,0.8150239130434783,0.8110347826086958,0.8038782608695654,0.8131304347826088,0.812108695652174,0.8099065217391306,0.8167391304347827,0.8150239130434783,0.8150239130434783,0.8150239130434783,0.8075630434782609,0.8037391304347827,0.8110347826086958,0.764408695652174,0.7917260869565218,0.7832130434782609,0.7642413043478261,0.8005913043478261,0.8152804347826088,0.8099565217391305,0.812108695652174,0.8150239130434783,0.8078695652173913,0.8069456521739131,0.8016065217391304,0.7705739130434783,0.7761956521739131,0.7560847826086957,0.7897108695652175,0.7815847826086958,0.8056652173913044,0.7694869565217392,0.7863717391304348,0.8010326086956523,0.8124130434782609,0.809463043478261,0.792908695652174,0.7995913043478261,0.7646282608695653,0.746617391304348,0.6958347826086958,0.6217847826086956,0.6892195652173914,0.7243304347826088,0.6399152173913044,0.7812195652173913
0.8022804347826088,0.8113934782608696,0.8042260869565219,0.7977956521739131,0.8080239130434783,0.8049543478260871,0.8087217391304349,0.8038782608695654,0.8175347826086957,0.8141,0.8167391304347827,0.8059739130434784,0.7793391304347826,0.7701239130434783,0.7431086956521741,0.7226608695652175,0.68115,0.5863478260869566,0.5757826086956522,0.6606173913043478,0.5522934782608695,0.5657260869565217,0.6021913043478262,0.7162826086956523,0.7504652173913045,0.7574913043478262,0.7942630434782609,0.8021021739130435,0.8056065217391306,0.8036434782608697,0.7717869565217392,0.7647543478260871,0.8038782608695654,0.7686847826086958,0.7979760869565218,0.8073521739130436,0.8128934782608697,0.7669304347826088,0.7597304347826088,0.6655717391304349,0.7814130434782609,0.6968739130434782,0.5928630434782609,0.5753891304347827,0.5430108695652175,0.55545,0.5436217391304348,0.5759173913043479,0.6867130434782609,0.7157326086956523,0.6331065217391305,0.7749652173913044,0.8127739130434783,0.8132173913043479,0.7814195652173913,0.8120521739130435,0.814308695652174,0.8133847826086957,0.8091913043478262,0.8078695652173913,0.8150239130434783,0.8167391304347827,0.8159043478260871,0.8131304347826088,0.8058065217391306,0.7847000000000001,0.8040695652173914,0.7957913043478261,0.789254347826087,0.8001043478260871,0.7734695652173914,0.7855260869565218,0.8132826086956523,0.8159043478260871,0.8159043478260871,0.8150239130434783,0.8131304347826088,0.8045956521739132,0.7913717391304348,0.779158695652174,0.809958695652174,0.8054478260869566,0.7704239130434782,0.7841260869565219,0.7714500000000001,0.7630434782608696,0.8000695652173914,0.8017565217391306,0.8085847826086957,0.7552608695652174,0.7594913043478262,0.7310369565217393,0.7149826086956522,0.6204500000000001,0.7019369565217392,0.7329891304347826,0.7438239130434784,0.7042282608695652,0.7814434782608697
0.7995913043478261,0.7853804347826088,0.793104347826087,0.8110347826086958,0.8131304347826088,0.806163043478261,0.8026152173913044,0.8021021739130435,0.8109847826086957,0.8150239130434783,0.8116891304347826,0.8022804347826088,0.8120521739130435,0.7945456521739132,0.7957739130434783,0.6976630434782609,0.6991065217391305,0.5826934782608696,0.5699347826086957,0.5721304347826087,0.5534456521739131,0.5734065217391304,0.5907260869565218,0.6223413043478262,0.7478260869565218,0.7764173913043478,0.8022586956521739,0.7753521739130436,0.7879739130434783,0.7972391304347827,0.8084282608695653,0.7776369565217393,0.7811434782608696,0.8019695652173914,0.8076608695652174,0.8141,0.8052760869565219,0.7945130434782609,0.7854239130434784,0.7665282608695653,0.6491760869565217,0.7152282608695653,0.6062500000000001,0.5857913043478261,0.5353739130434783,0.5529304347826087,0.5667956521739131,0.5741652173913044,0.6053282608695653,0.6949956521739131,0.7087586956521741,0.7507521739130435,0.8002500000000001,0.7743347826086957,0.8005652173913044,0.7979760869565218,0.8095500000000001,0.8124130434782609,0.8135826086956522,0.8131304347826088,0.8159043478260871,0.8167391304347827,0.8160239130434783,0.8091913043478262,0.8131304347826088,0.810667391304348,0.8001043478260871,0.8013369565217392,0.7665217391304348,0.8076695652173913,0.7614608695652174,0.7999521739130435,0.8030478260869566,0.8141,0.8103000000000001,0.8150239130434783,0.7997217391304349,0.8027500000000001,0.7759717391304348,0.7725108695652174,0.7957956521739131,0.7580608695652173,0.7964434782608696,0.7912217391304348,0.7675695652173914,0.8035173913043478,0.8064347826086957,0.8113934782608696,0.8110347826086958,0.8091913043478262,0.798,0.654645652173913,0.6440108695652175,0.7216565217391305,0.6206304347826087,0.6177413043478261,0.7390108695652174,0.631504347826087,0.7783326086956522
0.8058521739130435,0.8124130434782609,0.8103195652173915,0.7946152173913044,0.7771847826086957,0.798,0.7978543478260871,0.7988521739130435,0.8099065217391306,0.8141,0.8133847826086957,0.8010326086956523,0.8087217391304349,0.7922304347826088,0.7508260869565219,0.7161739130434783,0.670754347826087,0.6050260869565218,0.5752847826086956,0.57375,0.5649478260869566,0.5678630434782609,0.5905326086956523,0.7200630434782609,0.7826652173913045,0.781854347826087,0.7671869565217393,0.8034673913043479,0.8035608695652174,0.7938195652173914,0.7570673913043479,0.7679217391304349,0.7996347826086958,0.8080043478260871,0.8034673913043479,0.8150239130434783,0.8133847826086957,0.8122934782608697,0.7591978260869565,0.7518195652173915,0.6678456521739131,0.6313239130434783,0.6831717391304348,0.5913239130434783,0.5337586956521739,0.5447586956521739,0.5614543478260869,0.5792782608695652,0.6038978260869565,0.7323152173913043,0.6258326086956522,0.7605847826086957,0.8050195652173914,0.8103195652173915,0.7691456521739132,0.7949369565217391,0.8151869565217392,0.8110347826086958,0.8110347826086958,0.8131304347826088,0.8159043478260871,0.8150239130434783,0.8141,0.8059739130434784,0.8020260869565219,0.8027456521739131,0.7900239130434783,0.7855717391304348,0.7924500000000001,0.7997217391304349,0.806163043478261,0.8103782608695652,0.8088804347826087,0.8182913043478262,0.8182913043478262,0.812108695652174,0.8085847826086957,0.7999565217391306,0.755258695652174,0.7512760869565218,0.7748717391304348,0.8003173913043479,0.7595456521739131,0.7971108695652175,0.7839847826086956,0.7894934782608696,0.744608695652174,0.7975630434782609,0.8074739130434784,0.8006760869565218,0.8003173913043479,0.7428043478260871,0.6228847826086956,0.6089021739130436,0.7003434782608697,0.7332500000000002,0.6363369565217392,0.6371869565217392,0.6417021739130435
0.809958695652174,0.7821369565217392,0.7514869565217392,0.8045956521739132,0.8141,0.7863326086956524,0.7839847826086956,0.8120978260869566,0.8155608695652175,0.8167391304347827,0.8150239130434783,0.8110347826086958,0.7969782608695654,0.7736021739130435,0.6551739130434783,0.6350217391304348,0.6882760869565218,0.6644304347826088,0.571754347826087,0.5793695652173914,0.5637826086956522,0.575658695652174,0.5907173913043479,0.7214565217391306,0.7463913043478261,0.7986456521739131,0.7986456521739131,0.8045956521739132,0.8131304347826088,0.8010326086956523,0.7902195652173915,0.8024173913043479,0.8092978260869567,0.8054478260869566,0.8124130434782609,0.8190108695652175,0.8087217391304349,0.7815847826086958,0.7662782608695653,0.7598695652173914,0.7562804347826088,0.7102152173913043,0.5906108695652174,0.5917195652173914,0.5502021739130436,0.521345652173913,0.5448847826086958,0.5795586956521739,0.6727260869565218,0.6223195652173914,0.7316760869565218,0.7926934782608697,0.8133847826086957,0.8133847826086957,0.8077304347826088,0.8141,0.8133847826086957,0.8131304347826088,0.7908413043478262,0.8131304347826088,0.8151869565217392,0.8167391304347827,0.8066891304347827,0.8045913043478261,0.8102065217391305,0.8109521739130436,0.8074739130434784,0.7904456521739132,0.8045500000000001,0.7737782608695652,0.7784847826086957,0.8038891304347827,0.8136239130434784,0.812108695652174,0.809463043478261,0.8159043478260871,0.8141,0.7983434782608696,0.7694369565217393,0.7942630434782609,0.7720760869565217,0.7913000000000001,0.7734108695652174,0.7938804347826087,0.7651456521739132,0.7923782608695653,0.8152978260869567,0.8141,0.8110347826086958,0.8087217391304349,0.7866760869565218,0.7570065217391305,0.6440565217391304,0.695508695652174,0.6279347826086956,0.7341608695652174,0.7107652173913044,0.6343369565217393,0.7625108695652175
0.8040956521739131,0.8045956521739132,0.8048804347826087,0.7986456521739131,0.8105804347826088,0.8037521739130435,0.8099065217391306,0.8133847826086957,0.8110304347826087,0.8066891304347827,0.8159043478260871,0.8133847826086957,0.7847000000000001,0.794958695652174,0.7247347826086957,0.7094782608695653,0.6062521739130435,0.582458695652174,0.5700195652173914,0.5723956521739131,0.560658695652174,0.571013043478261,0.5860913043478261,0.6250065217391304,0.7376369565217392,0.7916413043478262,0.7904065217391304,0.77695,0.7812239130434784,0.8026195652173914,0.8006608695652174,0.7976195652173914,0.8010978260869566,0.8095826086956522,0.8141,0.812108695652174,0.814308695652174,0.7889521739130435,0.7695173913043478,0.6632760869565218,0.7276826086956523,0.6382934782608696,0.59415,0.5789021739130435,0.5573847826086956,0.5270695652173913,0.544608695652174,0.6581282608695653,0.6845108695652173,0.6120282608695652,0.6320869565217392,0.7931347826086956,0.8130239130434783,0.8034673913043479,0.7836260869565218,0.7728,0.8084652173913044,0.8151869565217392,0.8150239130434783,0.8175347826086957,0.8150239130434783,0.8160934782608696,0.8034673913043479,0.8103195652173915,0.8072804347826088,0.808113043478261,0.799758695652174,0.7895500000000001,0.810667391304348,0.792908695652174,0.77695,0.8078000000000001,0.8159043478260871,0.8110347826086958,0.8131304347826088,0.814308695652174,0.8127739130434783,0.7756956521739131,0.7504652173913045,0.7907000000000001,0.7623195652173914,0.8095934782608696,0.7717913043478262,0.797354347826087,0.7709434782608696,0.7662152173913044,0.8045282608695652,0.8045956521739132,0.8085847826086957,0.8033347826086957,0.7798391304347826,0.731304347826087,0.719704347826087,0.6041065217391304,0.6122978260869566,0.7313782608695654,0.6380304347826088,0.6265304347826087,0.7856086956521741
0.8075065217391305,0.812108695652174,0.8074739130434784,0.8124130434782609,0.7995913043478261,0.8097760869565218,0.8056673913043478,0.8038782608695654,0.8151869565217392,0.8150239130434783,0.8150239130434783,0.8133847826086957,0.8144630434782609,0.8009173913043478,0.7424413043478262,0.6251173913043478,0.5906021739130435,0.5842869565217392,0.57315,0.5785956521739131,0.6457413043478262,0.5780869565217392,0.5892000000000001,0.697654347826087,0.7571500000000001,0.8060326086956522,0.7838760869565218,0.8059739130434784,0.8103195652173915,0.8006760869565218,0.7756956521739131,0.758058695652174,0.810667391304348,0.8038782608695654,0.8026195652173914,0.8034673913043479,0.8094000000000001,0.8076652173913044,0.7543152173913045,0.7299326086956522,0.7451521739130434,0.6245608695652175,0.6701217391304348,0.5713608695652175,0.5292130434782609,0.5421652173913045,0.5499,0.6562391304347827,0.5906565217391304,0.6463347826086957,0.7105652173913044,0.7381173913043478,0.8150239130434783,0.7847000000000001,0.8099065217391306,0.8144630434782609,0.8091913043478262,0.8116891304347826,0.8110347826086958,0.8121826086956523,0.812908695652174,0.8159043478260871,0.8182956521739131,0.8124130434782609,0.8092282608695653,0.8131304347826088,0.8020456521739131,0.8012391304347826,0.8016826086956522,0.7827934782608696,0.8141,0.7897586956521739,0.8149347826086958,0.8087217391304349,0.8103000000000001,0.8141,0.8124130434782609,0.7550804347826088,0.744608695652174,0.7719521739130435,0.7805869565217392,0.7965152173913044,0.7258065217391304,0.7387326086956522,0.8038782608695654,0.8014565217391305,0.8069456521739131,0.8131304347826088,0.8045956521739132,0.7558782608695652,0.6670152173913044,0.7312108695652175,0.7360326086956522,0.622308695652174,0.6322760869565217,0.654454347826087,0.7166673913043479,0.6875000000000001,0.7336282608695653
0.806758695652174,0.8117521739130436,0.8037065217391305,0.8141,0.814558695652174,0.7748891304347827,0.814308695652174,0.8092978260869567,0.8131304347826088,0.8190108695652175,0.8150239130434783,0.8056673913043478,0.8048891304347827,0.7407608695652174,0.7504782608695654,0.7175478260869566,0.6973673913043479,0.5964804347826087,0.5798630434782609,0.569758695652174,0.5632847826086957,0.5807978260869565,0.6716608695652175,0.6200695652173913,0.763217391304348,0.7825108695652174,0.7788086956521739,0.7793391304347826,0.8146673913043478,0.7986913043478262,0.7572521739130436,0.778604347826087,0.7799956521739131,0.8110347826086958,0.812108695652174,0.8028891304347827,0.8099065217391306,0.8045282608695652,0.7667369565217392,0.7361152173913045,0.7704804347826087,0.7333717391304349,0.5958521739130436,0.6644869565217392,0.5446739130434783,0.5428304347826087,0.5632043478260871,0.561608695652174,0.59345,0.7107717391304348,0.7091217391304349,0.7507369565217392,0.8038782608695654,0.8119086956521739,0.8080043478260871,0.809463043478261,0.8110347826086958,0.8099065217391306,0.8131304347826088,0.8124130434782609,0.8175347826086957,0.8131304347826088,0.8167391304347827,0.8159043478260871,0.8072804347826088,0.7847000000000001,0.7654891304347827,0.7963521739130435,0.8054586956521741,0.801813043478261,0.8036934782608697,0.8083652173913044,0.8153782608695652,0.8106782608695653,0.8110347826086958,0.8127739130434783,0.8141,0.8054478260869566,0.7866630434782609,0.786545652173913,0.7835891304347827,0.7940630434782608,0.772313043478261,0.7850695652173914,0.7990065217391304,0.7897630434782609,0.8131304347826088,0.8065826086956522,0.8085847826086957,0.8083652173913044,0.7634630434782609,0.7322760869565219,0.720463043478261,0.6203152173913044,0.6302152173913044,0.71355,0.6167326086956523,0.6245630434782609,0.6755978260869566
0.7609847826086958,0.795454347826087,0.7857195652173914,0.8080043478260871,0.8010304347826088,0.8095652173913045,0.8092282608695653,0.8137434782608697,0.809463043478261,0.8141,0.8175347826086957,0.812108695652174,0.7884608695652174,0.7804021739130436,0.6383978260869566,0.6307565217391305,0.5970413043478261,0.5797847826086958,0.5772760869565219,0.5716347826086957,0.5638869565217391,0.5752847826086956,0.5826217391304348,0.6976195652173913,0.764654347826087,0.7457608695652175,0.804158695652174,0.8034673913043479,0.7886891304347826,0.8007869565217391,0.8002108695652175,0.7408282608695653,0.8099086956521739,0.800313043478261,0.8086369565217393,0.8141,0.7702478260869566,0.7970826086956522,0.8060326086956522,0.7504326086956523,0.7504847826086958,0.6788086956521739,0.5840521739130435,0.5775326086956523,0.5329891304347827,0.5350369565217392,0.5467195652173913,0.5803108695652175,0.6737000000000001,0.6189804347826088,0.6900847826086957,0.765254347826087,0.8015652173913044,0.8052478260869566,0.8103195652173915,0.8127739130434783,0.7954413043478261,0.814308695652174,0.8095826086956522,0.8118500000000001,0.8159043478260871,0.8150239130434783,0.8167391304347827,0.8159043478260871,0.7810369565217391,0.812658695652174,0.8066065217391306,0.7645891304347826,0.798608695652174,0.7979152173913044,0.8042391304347827,0.8149347826086958,0.8067913043478262,0.8089934782608696,0.8190108695652175,0.8159043478260871,0.7832130434782609,0.7930152173913044,0.7721956521739132,0.7899608695652175,0.8010326086956523,0.8012021739130435,0.772313043478261,0.8027869565217393,0.7635260869565218,0.8003173913043479,0.8113934782608696,0.8141,0.8150239130434783,0.7952913043478261,0.7918565217391306,0.7525108695652174,0.7192652173913043,0.7054500000000001,0.6180652173913044,0.741,0.7043021739130436,0.7238391304347827,0.7811282608695652
0.7997652173913044,0.79905,0.7995869565217393,0.8082065217391305,0.8006760869565218,0.812658695652174,0.8171065217391306,0.8150239130434783,0.7843413043478261,0.812108695652174,0.812108695652174,0.8110934782608696,0.8077304347826088,0.7958173913043478,0.7379739130434784,0.6325826086956523,0.5902891304347826,0.585758695652174,0.5777152173913044,0.5644260869565217,0.5801478260869566,0.576413043478261,0.6022239130434783,0.623904347826087,0.7667913043478262,0.7654891304347827,0.7861543478260871,0.8045956521739132,0.8074739130434784,0.7982804347826087,0.7644934782608697,0.7739913043478261,0.8050847826086956,0.7791130434782609,0.7823913043478262,0.8141,0.8056673913043478,0.7714000000000001,0.7700195652173913,0.7448521739130436,0.7549478260869565,0.7062456521739131,0.6025239130434783,0.5773347826086956,0.5383282608695652,0.5419021739130435,0.5492260869565218,0.5651804347826087,0.6109869565217392,0.6491065217391304,0.7083608695652175,0.7900739130434783,0.8085847826086957,0.8110347826086958,0.780967391304348,0.814308695652174,0.8167391304347827,0.8113934782608696,0.8095934782608696,0.8066891304347827,0.8141,0.814308695652174,0.814308695652174,0.8150239130434783,0.8120521739130435,0.7899152173913044,0.7938847826086957,0.806758695652174,0.8063956521739131,0.7979021739130435,0.8099065217391306,0.7806304347826087,0.802054347826087,0.8092217391304348,0.8150239130434783,0.8159043478260871,0.8076608695652174,0.8150239130434783,0.7800152173913044,0.764404347826087,0.7982804347826087,0.8095934782608696,0.7657565217391304,0.7469173913043479,0.7678521739130435,0.8087217391304349,0.7920934782608696,0.8021739130434783,0.8050195652173914,0.8072043478260871,0.7519826086956523,0.7677695652173914,0.7151413043478261,0.6170326086956522,0.7111152173913045,0.6550478260869566,0.7112608695652174,0.7084347826086956,0.7384760869565218
0.8133847826086957,0.8103195652173915,0.806913043478261,0.8110347826086958,0.8097760869565218,0.8139260869565218,0.8073173913043479,0.814308695652174,0.8124130434782609,0.8175347826086957,0.8182913043478262,0.7944478260869566,0.7944152173913044,0.790645652173913,0.7532521739130436,0.686263043478261,0.5930630434782609,0.582104347826087,0.5769434782608696,0.5759369565217392,0.5632847826086957,0.5774695652173913,0.6654978260869565,0.7087413043478261,0.7651065217391305,0.7742239130434784,0.7999565217391306,0.8099065217391306,0.7892108695652175,0.8022804347826088,0.778604347826087,0.7883978260869566,0.812108695652174,0.8124130434782609,0.8141,0.8131304347826088,0.8141,0.7891260869565218,0.7986456521739131,0.7445673913043479,0.7541760869565218,0.6380130434782609,0.6007847826086957,0.5785282608695652,0.5440195652173914,0.5364717391304348,0.5566695652173914,0.5691326086956522,0.6052391304347826,0.6242195652173913,0.6350695652173913,0.7943478260869565,0.8087217391304349,0.7991847826086957,0.8043021739130436,0.8133847826086957,0.8088586956521739,0.8159043478260871,0.8159043478260871,0.8066891304347827,0.8150239130434783,0.814308695652174,0.8131304347826088,0.8124130434782609,0.8059739130434784,0.8047217391304349,0.7986456521739131,0.7810369565217391,0.7836065217391305,0.7785217391304349,0.797758695652174,0.7932130434782609,0.7972391304347827,0.8131304347826088,0.8066891304347827,0.8141,0.8099065217391306,0.812108695652174,0.7443717391304348,0.7852760869565218,0.7684260869565218,0.806758695652174,0.7731673913043479,0.7609673913043479,0.798,0.8047847826086957,0.8131304347826088,0.7975434782608697,0.8131304347826088,0.814308695652174,0.7674608695652175,0.7351934782608697,0.6339021739130435,0.6061717391304348,0.7006978260869565,0.7276934782608696,0.6360260869565219,0.7386369565217392,0.661013043478261
0.8015652173913044,0.8124130434782609,0.7774804347826088,0.7750695652173913,0.804613043478261,0.8080043478260871,0.8045913043478261,0.8054478260869566,0.8091913043478262,0.8159043478260871,0.8141,0.8082282608695653,0.8135826086956522,0.7764260869565217,0.7170195652173913,0.6285,0.6060108695652174,0.5796543478260869,0.578113043478261,0.5668608695652175,0.5690826086956522,0.5664847826086957,0.5901652173913045,0.6224804347826087,0.7501326086956522,0.7471391304347826,0.802608695652174,0.8113934782608696,0.798563043478261,0.7950043478260871,0.799504347826087,0.8047847826086957,0.8083652173913044,0.8027869565217393,0.800458695652174,0.8133847826086957,0.8112608695652174,0.7829260869565219,0.7993456521739131,0.7616956521739131,0.7490913043478262,0.7299456521739132,0.6829304347826087,0.6712434782608696,0.5587021739130436,0.5475521739130436,0.5667956521739131,0.5732043478260869,0.5972826086956522,0.634208695652174,0.6344717391304348,0.7368478260869565,0.8021021739130435,0.8079195652173914,0.7707434782608696,0.792608695652174,0.812108695652174,0.8056673913043478,0.8110347826086958,0.8160239130434783,0.8133847826086957,0.8167391304347827,0.8079195652173914,0.8135826086956522,0.812108695652174,0.7775326086956522,0.8073043478260871,0.7847065217391306,0.7821152173913045,0.7540478260869566,0.7896826086956522,0.7928434782608696,0.8168195652173913,0.8010326086956523,0.8141,0.8127739130434783,0.8135826086956522,0.8010326086956523,0.7844086956521739,0.7822021739130436,0.7919565217391304,0.7724913043478262,0.7622521739130436,0.7632500000000001,0.745008695652174,0.8080043478260871,0.79905,0.7913000000000001,0.8033347826086957,0.8045956521739132,0.7612695652173914,0.7439739130434783,0.6437347826086957,0.6962195652173914,0.6243152173913045,0.7181891304347827,0.635854347826087,0.7413673913043478,0.7880260869565219
0.8059739130434784,0.7854152173913045,0.7824978260869566,0.8091913043478262,0.7897586956521739,0.7997652173913044,0.8159434782608697,0.8141,0.8160239130434783,0.8159043478260871,0.8133847826086957,0.812108695652174,0.8088304347826089,0.7454630434782609,0.7710217391304349,0.6979326086956522,0.6750391304347826,0.5828108695652174,0.6512847826086957,0.5751978260869565,0.5741478260869565,0.5630391304347827,0.6017086956521739,0.7267673913043479,0.787013043478261,0.7490978260869566,0.7529130434782609,0.812108695652174,0.8048804347826087,0.7694152173913045,0.7823760869565218,0.7657739130434783,0.8082282608695653,0.7799956521739131,0.8084869565217392,0.8133847826086957,0.8110347826086958,0.7756956521739131,0.7831391304347827,0.741063043478261,0.74095,0.6777369565217392,0.5869630434782609,0.5760326086956522,0.5451608695652175,0.5479326086956522,0.5582195652173914,0.5758304347826086,0.6700434782608696,0.6409326086956523,0.6997413043478261,0.792908695652174,0.8106782608695653,0.8063326086956523,0.7992804347826087,0.8061717391304348,0.8137434782608697,0.8113934782608696,0.8099065217391306,0.8141,0.8167391304347827,0.8151869565217392,0.8131304347826088,0.8069456521739131,0.8081,0.7874065217391305,0.7677021739130436,0.7939717391304348,0.7690804347826088,0.7894847826086958,0.7722869565217393,0.764008695652174,0.8109152173913045,0.8131304347826088,0.8133847826086957,0.8159043478260871,0.8065434782608696,0.806758695652174,0.7737782608695652,0.7971739130434783,0.7930630434782608,0.7556695652173914,0.8037978260869566,0.786563043478261,0.7760565217391305,0.8058065217391306,0.809958695652174,0.8124130434782609,0.8150239130434783,0.7737652173913044,0.8016717391304349,0.6612586956521739,0.7021152173913044,0.691854347826087,0.6941673913043479,0.7341717391304349,0.6319478260869565,0.6250260869565217,0.7764260869565217
0.774913043478261,0.8084652173913044,0.7925608695652175,0.8007869565217391,0.8093804347826088,0.8095500000000001,0.8045956521739132,0.8045956521739132,0.8124130434782609,0.8175347826086957,0.8150239130434783,0.8076608695652174,0.776395652173913,0.7855586956521741,0.7583869565217392,0.7480608695652176,0.67905,0.5843173913043479,0.5655565217391305,0.5728739130434782,0.5633217391304349,0.5750782608695653,0.6042456521739131,0.7233804347826087,0.7448239130434783,0.8060760869565219,0.8077304347826088,0.8075521739130436,0.77695,0.8063326086956523,0.7999565217391306,0.7694630434782609,0.800313043478261,0.7950043478260871,0.8131304347826088,0.8150239130434783,0.8103195652173915,0.8084913043478261,0.7851434782608696,0.77,0.7261347826086957,0.7176478260869565,0.5882673913043479,0.5776739130434784,0.5342630434782609,0.5369652173913044,0.5546152173913044,0.5787804347826088,0.6703891304347825,0.7104739130434783,0.6280239130434784,0.7712934782608697,0.8141,0.806163043478261,0.8080043478260871,0.8056673913043478,0.8110347826086958,0.8151869565217392,0.8057152173913045,0.8146673913043478,0.8135826086956522,0.8182913043478262,0.8131304347826088,0.809463043478261,0.8099065217391306,0.7866913043478262,0.7825347826086957,0.7976282608695652,0.8071173913043479,0.7994956521739132,0.7734347826086958,0.8102695652173914,0.8095500000000001,0.8087217391304349,0.8159043478260871,0.8131304347826088,0.8113934782608696,0.7701347826086958,0.798458695652174,0.765304347826087,0.7331934782608697,0.7945695652173913,0.7558847826086957,0.7540195652173913,0.7636304347826088,0.8017456521739131,0.8010326086956523,0.8045956521739132,0.8150239130434783,0.8042391304347827,0.7549239130434783,0.763217391304348,0.7204108695652174,0.617058695652174,0.7113521739130435,0.715808695652174,0.7179434782608696,0.7184304347826087,0.7270565217391305
0.8064782608695653,0.8063956521739131,0.8074739130434784,0.7753326086956522,0.7475086956521739,0.8058217391304349,0.7953239130434784,0.8146826086956522,0.8103195652173915,0.8150239130434783,0.8141,0.8027500000000001,0.7943456521739132,0.7597956521739131,0.6625717391304349,0.6895608695652174,0.7002782608695653,0.5826934782608696,0.5764847826086957,0.57025,0.5725652173913044,0.567095652173913,0.6789195652173914,0.6250695652173913,0.7708326086956523,0.788013043478261,0.8027500000000001,0.8131304347826088,0.8010326086956523,0.8092978260869567,0.7745956521739131,0.7705804347826087,0.8060760869565219,0.8009152173913044,0.8159043478260871,0.8087478260869566,0.8152804347826088,0.8016391304347827,0.783713043478261,0.7606608695652174,0.7313086956521739,0.6231739130434784,0.5848521739130434,0.5823108695652175,0.5566586956521739,0.5448673913043479,0.5423978260869565,0.5687304347826087,0.5855717391304348,0.7228152173913045,0.7104739130434783,0.7630173913043479,0.7832130434782609,0.8103000000000001,0.8160239130434783,0.8074739130434784,0.8087217391304349,0.814308695652174,0.8085847826086957,0.8141,0.8167391304347827,0.8182956521739131,0.8131304347826088,0.8150239130434783,0.8110347826086958,0.8050413043478262,0.8065434782608696,0.7983347826086957,0.7965152173913044,0.7860804347826087,0.8001630434782608,0.8052978260869565,0.8120739130434784,0.8110347826086958,0.8159043478260871,0.8150239130434783,0.812108695652174,0.8058065217391306,0.8001673913043479,0.7577760869565218,0.7852760869565218,0.7748347826086956,0.7896826086956522,0.7345695652173913,0.7866173913043479,0.8036434782608697,0.8071173913043479,0.8141,0.8047847826086957,0.8056673913043478,0.7918891304347827,0.7382217391304349,0.7296239130434784,0.6940913043478262,0.7176217391304348,0.6327282608695652,0.7317043478260871,0.7163,0.7454304347826087
0.7969021739130435,0.8066891304347827,0.8160934782608696,0.8170869565217391,0.799254347826087,0.8059739130434784,0.8097326086956523,0.8130239130434783,0.8131304347826088,0.8150239130434783,0.8150239130434783,0.7832130434782609,0.8119086956521739,0.791454347826087,0.7351760869565217,0.6290934782608696,0.5903673913043479,0.5892000000000001,0.5769000000000001,0.5740260869565218,0.5636652173913044,0.5752847826086956,0.6029217391304348,0.7175021739130435,0.6612869565217392,0.7778195652173914,0.8084652173913044,0.8029760869565218,0.8052500000000001,0.7707434782608696,0.7918826086956523,0.7521413043478262,0.7933369565217392,0.801158695652174,0.8056673913043478,0.8141,0.8150782608695654,0.7822891304347828,0.8037065217391305,0.7747913043478262,0.727704347826087,0.7073978260869567,0.6026608695652175,0.5823847826086958,0.5427239130434783,0.5404717391304348,0.5463065217391305,0.5814739130434783,0.5975608695652175,0.7218739130434783,0.7018565217391304,0.7805869565217392,0.8159043478260871,0.8127891304347827,0.8034673913043479,0.7753326086956522,0.8159043478260871,0.8167391304347827,0.8053108695652176,0.8103000000000001,0.8060326086956522,0.8150239130434783,0.8150239130434783,0.7847000000000001,0.8047369565217392,0.8110304347826087,0.8091913043478262,0.7756739130434783,0.7742434782608696,0.8113217391304348,0.7764173913043478,0.8098304347826089,0.812108695652174,0.8159043478260871,0.8167391304347827,0.8168195652173913,0.8131304347826088,0.812908695652174,0.798,0.7668217391304348,0.8005239130434784,0.7947152173913044,0.7561369565217392,0.7530804347826088,0.760554347826087,0.8031543478260871,0.806758695652174,0.8087478260869566,0.8099065217391306,0.7824978260869566,0.7500260869565218,0.7376043478260871,0.6342326086956521,0.7034760869565219,0.628054347826087,0.720058695652174,0.63775,0.7192934782608696,0.7416565217391305
0.8038782608695654,0.8116891304347826,0.7831108695652175,0.7849956521739131,0.806758695652174,0.781467391304348,0.8109847826086957,0.8131304347826088,0.8116891304347826,0.8167391304347827,0.8141,0.8045956521739132,0.7934,0.7758086956521739,0.7832891304347827,0.7053847826086956,0.5938826086956522,0.6632282608695653,0.568558695652174,0.5510586956521739,0.5645826086956522,0.570508695652174,0.6063108695652175,0.6210652173913044,0.7319456521739132,0.7682260869565218,0.7638108695652175,0.8054826086956521,0.812108695652174,0.8027500000000001,0.7995913043478261,0.7942956521739132,0.8020260869565219,0.8092978260869567,0.7854152173913045,0.8066891304347827,0.8027869565217393,0.7797021739130435,0.7813108695652174,0.7648673913043479,0.735613043478261,0.7365717391304348,0.5995195652173914,0.5777217391304348,0.5196413043478261,0.5442956521739131,0.5599630434782609,0.580713043478261,0.6005521739130435,0.6425500000000001,0.7212217391304347,0.7959804347826087,0.8131304347826088,0.8087217391304349,0.8159043478260871,0.7836260869565218,0.812108695652174,0.8087478260869566,0.8117521739130436,0.8002500000000001,0.8150239130434783,0.8159043478260871,0.8133847826086957,0.802054347826087,0.7836065217391305,0.7893891304347826,0.8095934782608696,0.8000347826086956,0.756154347826087,0.7889260869565218,0.7924586956521741,0.8072065217391304,0.811995652173913,0.8131304347826088,0.8150239130434783,0.8116891304347826,0.8076608695652174,0.8106782608695653,0.7791478260869567,0.7956065217391305,0.8060326086956522,0.7794695652173914,0.7765456521739131,0.7898565217391305,0.7620760869565218,0.791208695652174,0.8100152173913044,0.798258695652174,0.8066891304347827,0.7824978260869566,0.7665217391304348,0.7675739130434783,0.7365652173913044,0.6989282608695653,0.6285673913043479,0.7183086956521739,0.635908695652174,0.7294673913043479,0.7852847826086957
0.7964695652173913,0.8099065217391306,0.8113934782608696,0.8045956521739132,0.8058652173913043,0.7802913043478261,0.8052478260869566,0.806163043478261,0.7771847826086957,0.8141,0.812108695652174,0.8080043478260871,0.8110347826086958,0.7698434782608696,0.6341978260869565,0.7238978260869566,0.6915282608695652,0.5825195652173913,0.578954347826087,0.5692065217391304,0.564804347826087,0.5874391304347827,0.5975,0.6270456521739131,0.7669021739130436,0.8018934782608698,0.8018608695652174,0.8131304347826088,0.8047847826086957,0.7838369565217391,0.7838369565217391,0.7940630434782608,0.8087217391304349,0.8082782608695653,0.8096521739130436,0.7843413043478261,0.8143500000000001,0.7958934782608696,0.7721304347826088,0.7587195652173914,0.7269608695652174,0.6254978260869566,0.6012891304347826,0.6627978260869566,0.5467608695652175,0.5508086956521739,0.5487326086956522,0.6552326086956523,0.5977913043478261,0.6348956521739131,0.6358,0.7887630434782609,0.8074739130434784,0.8150239130434783,0.8074739130434784,0.8062195652173914,0.7696152173913045,0.8175760869565218,0.8110347826086958,0.8159043478260871,0.8141,0.8110934782608696,0.8167391304347827,0.8038782608695654,0.8095934782608696,0.8167391304347827,0.8122934782608697,0.7991739130434784,0.7954217391304349,0.8034673913043479,0.7759260869565218,0.8040956521739131,0.8163978260869565,0.8150239130434783,0.8131304347826088,0.8066891304347827,0.8087217391304349,0.7969021739130435,0.7756673913043479,0.8037673913043479,0.7857847826086957,0.7990065217391304,0.7971804347826088,0.7607369565217392,0.7724913043478262,0.8054478260869566,0.8034673913043479,0.7864369565217392,0.8056673913043478,0.7979869565217392,0.7919478260869566,0.7303847826086958,0.7196543478260871,0.618858695652174,0.708208695652174,0.747395652173913,0.6336739130434784,0.7050978260869566,0.7731673913043479
0.7953413043478261,0.8079195652173914,0.7926934782608697,0.7711456521739132,0.8027760869565219,0.8095652173913045,0.8155478260869566,0.8122934782608697,0.8099065217391306,0.8150239130434783,0.8133847826086957,0.8103195652173915,0.8004717391304349,0.7381652173913045,0.7453239130434783,0.720867391304348,0.6844391304347827,0.5855434782608696,0.5665347826086957,0.5751847826086958,0.5590195652173913,0.5708717391304348,0.6708543478260871,0.7226739130434783,0.7887391304347827,0.7686478260869566,0.7732065217391305,0.7794695652173914,0.7774021739130437,0.8021021739130435,0.7778195652173914,0.7884086956521741,0.7998608695652174,0.8146673913043478,0.8130239130434783,0.8099086956521739,0.8098456521739131,0.8065760869565218,0.8025108695652176,0.6594978260869566,0.7331673913043479,0.6919652173913045,0.6655108695652174,0.5811152173913043,0.5501369565217391,0.5144217391304349,0.5563369565217391,0.5777695652173913,0.5866565217391305,0.7206978260869565,0.7237608695652175,0.7425717391304347,0.8085847826086957,0.7990065217391304,0.8088586956521739,0.8144630434782609,0.8131304347826088,0.7874065217391305,0.8133847826086957,0.8141,0.812108695652174,0.8150239130434783,0.8175347826086957,0.8116891304347826,0.8033434782608696,0.7910000000000001,0.77525,0.7860804347826087,0.7641782608695653,0.7472217391304349,0.8054478260869566,0.7889434782608696,0.8110347826086958,0.8151869565217392,0.7832130434782609,0.8160239130434783,0.8059739130434784,0.7877695652173914,0.7710891304347827,0.6571891304347826,0.7972739130434784,0.7759152173913044,0.7844565217391306,0.7812521739130436,0.7817717391304349,0.8091913043478262,0.7900456521739132,0.8066891304347827,0.8076608695652174,0.8091913043478262,0.78605,0.7709586956521739,0.7152782608695653,0.6105652173913044,0.6853652173913044,0.6321695652173914,0.6301152173913044,0.7282391304347826,0.7572065217391305
0.812108695652174,0.8042391304347827,0.8088586956521739,0.8069456521739131,0.7982804347826087,0.8056673913043478,0.8008847826086958,0.812108695652174,0.8141,0.8141,0.8167391304347827,0.8063326086956523,0.8034673913043479,0.7552782608695653,0.6435782608695653,0.722363043478261,0.6097,0.5812956521739131,0.5702521739130435,0.5693956521739132,0.5634260869565217,0.5740847826086957,0.6002717391304349,0.6173891304347827,0.7605891304347827,0.7752391304347827,0.7799717391304348,0.8087217391304349,0.7759260869565218,0.7690065217391305,0.7984847826086957,0.7575978260869566,0.8024173913043479,0.7997217391304349,0.8072804347826088,0.8150239130434783,0.8027500000000001,0.7737782608695652,0.7642173913043478,0.7548021739130436,0.7331652173913044,0.7191347826086957,0.5850021739130435,0.5859065217391305,0.5470086956521739,0.5355478260869565,0.5562804347826087,0.5772630434782609,0.5942739130434783,0.7179130434782609,0.62255,0.7568739130434783,0.8034673913043479,0.7799956521739131,0.7978739130434783,0.8071173913043479,0.8103195652173915,0.8034673913043479,0.8085847826086957,0.8159043478260871,0.8111934782608696,0.8159043478260871,0.8120521739130435,0.8103195652173915,0.8124130434782609,0.812658695652174,0.8018608695652174,0.7651456521739132,0.7683500000000001,0.8019652173913044,0.7974521739130436,0.7995260869565218,0.7875217391304349,0.8167391304347827,0.8141,0.8131304347826088,0.8035608695652174,0.7603804347826087,0.8010260869565218,0.7772978260869565,0.7940891304347827,0.7724913043478262,0.7946565217391306,0.7515826086956522,0.7361152173913045,0.7956608695652174,0.8124130434782609,0.809463043478261,0.7779021739130436,0.8087217391304349,0.7831391304347827,0.7428173913043479,0.7293000000000001,0.6001065217391305,0.6207260869565218,0.6398673913043479,0.7157565217391305,0.7118086956521741,0.6596565217391305
0.8072804347826088,0.8125695652173914,0.7629065217391305,0.7902760869565219,0.8097434782608697,0.812108695652174,0.7990695652173914,0.8113934782608696,0.814308695652174,0.8190108695652175,0.8163826086956523,0.8106782608695653,0.8006760869565218,0.802608695652174,0.7511652173913044,0.6113913043478262,0.6890065217391306,0.5861913043478262,0.5700391304347827,0.571004347826087,0.5567217391304349,0.5672369565217392,0.6002434782608697,0.6210434782608696,0.7899434782608696,0.8003173913043479,0.7886021739130435,0.7776434782608697,0.7864369565217392,0.798563043478261,0.7663195652173914,0.7850217391304348,0.7863304347826088,0.7743347826086957,0.7915304347826089,0.8150239130434783,0.8160239130434783,0.8086913043478262,0.7488326086956523,0.7749652173913044,0.6669195652173914,0.7164304347826088,0.5895934782608696,0.5824173913043479,0.5444347826086957,0.5373630434782609,0.5579391304347826,0.5700413043478261,0.6708717391304349,0.6993913043478261,0.6951173913043479,0.7460434782608696,0.7824978260869566,0.8031239130434784,0.8050195652173914,0.7991847826086957,0.8150239130434783,0.7992804347826087,0.8168195652173913,0.8113934782608696,0.8167391304347827,0.8167391304347827,0.8150239130434783,0.8182956521739131,0.8023891304347828,0.7918826086956523,0.7592804347826088,0.7902652173913044,0.6763239130434783,0.7988565217391305,0.8150239130434783,0.7843413043478261,0.8145760869565217,0.7900456521739132,0.8167391304347827,0.812108695652174,0.8106782608695653,0.8002282608695652,0.7859673913043479,0.7645282608695653,0.785517391304348,0.7795260869565218,0.7620304347826087,0.7647782608695654,0.7654891304347827,0.7627608695652175,0.8159043478260871,0.8085847826086957,0.8131304347826088,0.8014565217391305,0.7624326086956522,0.7483782608695653,0.7307369565217392,0.7063065217391306,0.7091434782608697,0.7209652173913044,0.7223978260869566,0.7212891304347827,0.7270239130434784
0.785058695652174,0.7811760869565217,0.7769195652173914,0.8076608695652174,0.811204347826087,0.7982804347826087,0.8110347826086958,0.8113934782608696,0.8175760869565218,0.8151869565217392,0.8167391304347827,0.8087217391304349,0.8066891304347827,0.7748717391304348,0.7436413043478262,0.696313043478261,0.5869652173913044,0.5832913043478261,0.5682434782608695,0.5664847826086957,0.5583434782608696,0.566104347826087,0.6000521739130436,0.6131891304347826,0.7749391304347827,0.8099326086956523,0.7560739130434784,0.8103195652173915,0.8012021739130435,0.8052478260869566,0.7982804347826087,0.7656369565217392,0.7707434782608696,0.7562413043478261,0.8059739130434784,0.8167391304347827,0.8113934782608696,0.7716239130434784,0.7947478260869566,0.7357065217391304,0.7477195652173915,0.6299021739130435,0.6002978260869566,0.5790217391304349,0.5342065217391304,0.5279891304347827,0.5551782608695652,0.5721304347826087,0.5973217391304348,0.6268760869565219,0.7159695652173914,0.7887586956521739,0.8163826086956523,0.8117521739130436,0.8060760869565219,0.8111934782608696,0.8087217391304349,0.8150239130434783,0.8078695652173913,0.8151869565217392,0.812108695652174,0.8159043478260871,0.8141,0.8131304347826088,0.8133847826086957,0.8058978260869566,0.8027456521739131,0.806163043478261,0.808808695652174,0.7584630434782609,0.7779021739130436,0.8099326086956523,0.8010847826086958,0.8131304347826088,0.8150239130434783,0.8150239130434783,0.8113934782608696,0.7960565217391304,0.7930630434782608,0.782467391304348,0.7920717391304348,0.762404347826087,0.7449673913043479,0.7550608695652175,0.7902195652173915,0.8049521739130435,0.8091913043478262,0.8034673913043479,0.8079195652173914,0.8013130434782609,0.7705804347826087,0.7465782608695652,0.7112739130434783,0.6255608695652174,0.6219521739130435,0.6436304347826087,0.7186,0.6241804347826087,0.7322021739130435
0.7791065217391305,0.8010413043478262,0.7915978260869566,0.8056673913043478,0.8087478260869566,0.8058652173913043,0.7923130434782609,0.8066891304347827,0.8141,0.8151869565217392,0.8118500000000001,0.8167391304347827,0.8029782608695653,0.8031195652173914,0.7397282608695653,0.716754347826087,0.6033239130434783,0.5837978260869565,0.5769652173913045,0.5760869565217392,0.5644260869565217,0.6597913043478262,0.5860739130434783,0.6248804347826087,0.7880434782608696,0.7937021739130435,0.7693326086956522,0.8033434782608696,0.8091065217391306,0.7979760869565218,0.7440130434782609,0.7979826086956523,0.8012021739130435,0.793104347826087,0.7548413043478261,0.8151869565217392,0.8095826086956522,0.8087217391304349,0.7940630434782608,0.7491239130434784,0.7334934782608696,0.6206086956521739,0.6040717391304349,0.5783739130434783,0.5412913043478261,0.5490347826086956,0.5696391304347826,0.5748239130434784,0.6093543478260869,0.6294782608695653,0.6321760869565218,0.7671913043478261,0.806163043478261,0.8085847826086957,0.8131304347826088,0.8130239130434783,0.8116891304347826,0.8110347826086958,0.8133847826086957,0.8159043478260871,0.8175347826086957,0.8159043478260871,0.8151869565217392,0.8159043478260871,0.8087217391304349,0.8102065217391305,0.7728978260869566,0.8065434782608696,0.7950434782608696,0.8004717391304349,0.8085804347826088,0.7970760869565218,0.7970652173913044,0.812108695652174,0.8167391304347827,0.8099065217391306,0.8079195652173914,0.7926021739130436,0.7869043478260871,0.7858065217391306,0.7923130434782609,0.7774565217391305,0.7419239130434783,0.8116891304347826,0.7753521739130436,0.7940630434782608,0.7660913043478261,0.8141,0.8099065217391306,0.8095500000000001,0.753708695652174,0.7484934782608696,0.7373260869565218,0.5973021739130435,0.6219978260869565,0.7220130434782609,0.6271673913043478,0.7084347826086956,0.7351891304347827
0.8066891304347827,0.8091913043478262,0.8024086956521741,0.8113934782608696,0.7721478260869566,0.8034673913043479,0.7807804347826087,0.8141,0.8131304347826088,0.8159043478260871,0.8175347826086957,0.8151869565217392,0.8133847826086957,0.7768239130434783,0.6472304347826088,0.7007782608695653,0.7055413043478261,0.5803586956521739,0.5668608695652175,0.5767217391304348,0.5657195652173914,0.5665347826086957,0.5867695652173913,0.621645652173913,0.7512956521739131,0.8004717391304349,0.7646782608695654,0.8095934782608696,0.8019239130434783,0.8080043478260871,0.7764260869565217,0.7473608695652174,0.8074739130434784,0.8045913043478261,0.8047847826086957,0.8159043478260871,0.8150239130434783,0.8119152173913045,0.7967434782608697,0.7541760869565218,0.7716869565217392,0.7380000000000001,0.668991304347826,0.5986304347826088,0.517958695652174,0.5337586956521739,0.5595000000000001,0.5733282608695653,0.5905521739130436,0.7293869565217391,0.6331065217391305,0.7648282608695652,0.8182913043478262,0.8167391304347827,0.8087217391304349,0.8081,0.8092282608695653,0.8151869565217392,0.8069456521739131,0.8150239130434783,0.8141,0.8168195652173913,0.814308695652174,0.804358695652174,0.8103195652173915,0.8091913043478262,0.8066891304347827,0.7834391304347826,0.8029760869565218,0.7658239130434783,0.7679717391304349,0.760563043478261,0.8167391304347827,0.8167391304347827,0.8175347826086957,0.8175347826086957,0.8124130434782609,0.7940630434782608,0.7505152173913044,0.791454347826087,0.7841847826086957,0.7669304347826088,0.8003173913043479,0.7757760869565219,0.7392891304347827,0.7964869565217392,0.8131304347826088,0.8110347826086958,0.8035608695652174,0.7780913043478263,0.744313043478261,0.7612739130434782,0.7338304347826088,0.6054521739130435,0.7239739130434784,0.7451195652173914,0.703413043478261,0.7201695652173914,0.7872782608695653
0.8031543478260871,0.7961804347826088,0.7709347826086957,0.7995913043478261,0.8122934782608697,0.7924782608695653,0.8076608695652174,0.809958695652174,0.8124130434782609,0.8110347826086958,0.8167391304347827,0.8150239130434783,0.8080043478260871,0.8027869565217393,0.7292021739130435,0.7129934782608697,0.6858717391304348,0.5981391304347827,0.5782152173913044,0.5708130434782609,0.5661065217391306,0.5691086956521739,0.6767021739130434,0.6361152173913043,0.7616934782608697,0.7923304347826088,0.7799782608695653,0.7863717391304348,0.7979760869565218,0.7847673913043479,0.7724500000000002,0.7990065217391304,0.7948717391304349,0.8009760869565219,0.8125695652173914,0.8141,0.8074739130434784,0.8069456521739131,0.7770413043478261,0.7429739130434783,0.7701108695652175,0.6888913043478261,0.5992282608695653,0.5823934782608696,0.5316760869565218,0.546363043478261,0.5574847826086956,0.5691326086956522,0.6057434782608695,0.6255434782608696,0.6318543478260871,0.7905739130434783,0.812108695652174,0.7854152173913045,0.8120521739130435,0.8139478260869566,0.809958695652174,0.8160239130434783,0.8091913043478262,0.8124130434782609,0.8150239130434783,0.8175347826086957,0.8146673913043478,0.8133847826086957,0.8022804347826088,0.7984847826086957,0.8103195652173915,0.7967521739130435,0.8049978260869566,0.7940630434782608,0.7871543478260871,0.7854152173913045,0.8095500000000001,0.812108695652174,0.8150239130434783,0.8150239130434783,0.812108695652174,0.7981108695652175,0.800004347826087,0.744663043478261,0.7803500000000001,0.7813108695652174,0.798258695652174,0.7702847826086957,0.8023891304347828,0.7929543478260871,0.7696152173913045,0.8085847826086957,0.7813108695652174,0.806163043478261,0.7676021739130435,0.7448869565217391,0.7403456521739131,0.6205021739130435,0.6997521739130436,0.7203739130434783,0.6373326086956522,0.6285,0.7228239130434784
0.8081,0.8034673913043479,0.8022804347826088,0.8133717391304348,0.8078065217391305,0.8142152173913044,0.8099065217391306,0.8116891304347826,0.8110347826086958,0.8150239130434783,0.8141,0.8110347826086958,0.812658695652174,0.7774804347826088,0.7368456521739132,0.7167065217391305,0.6804739130434784,0.5998152173913044,0.5821891304347826,0.575658695652174,0.566404347826087,0.573767391304348,0.6083630434782609,0.6129804347826087,0.7511239130434783,0.7828739130434783,0.7817804347826087,0.7993652173913044,0.8110347826086958,0.8027500000000001,0.7921826086956523,0.7744108695652174,0.8099065217391306,0.7709347826086957,0.8085847826086957,0.8022804347826088,0.8150239130434783,0.7957108695652175,0.784545652173913,0.7353021739130435,0.7286869565217392,0.6226717391304348,0.5852434782608696,0.5796173913043479,0.5377586956521739,0.5335108695652174,0.5617456521739131,0.5625673913043479,0.6089021739130436,0.6226739130434783,0.6292630434782609,0.7783913043478261,0.8131304347826088,0.8074739130434784,0.8131304347826088,0.8120521739130435,0.8131304347826088,0.8110934782608696,0.8133847826086957,0.806758695652174,0.8168195652173913,0.8159043478260871,0.8150239130434783,0.8099065217391306,0.8045956521739132,0.7764608695652174,0.797545652173913,0.8043543478260871,0.7987152173913045,0.7841913043478262,0.7960239130434784,0.7971239130434783,0.8120717391304348,0.8131304347826088,0.8159043478260871,0.8141,0.809463043478261,0.7975434782608697,0.7743347826086957,0.7483391304347826,0.7744652173913045,0.806758695652174,0.7995913043478261,0.7849195652173914,0.7900456521739131,0.7900652173913044,0.7979869565217392,0.8056673913043478,0.8099065217391306,0.7911717391304349,0.7749043478260871,0.7523347826086957,0.7355608695652174,0.7091239130434783,0.6341913043478261,0.7132478260869566,0.7307065217391305,0.6064913043478262,0.7736304347826087
0.8091913043478262,0.809958695652174,0.8076434782608697,0.8056673913043478,0.8116891304347826,0.788854347826087,0.8158217391304349,0.7845,0.8150239130434783,0.8151869565217392,0.8141,0.8091913043478262,0.7961217391304348,0.7820043478260871,0.7366369565217392,0.607158695652174,0.5871978260869566,0.5814521739130436,0.566263043478261,0.5696173913043479,0.5618065217391305,0.5776782608695653,0.5921608695652174,0.6232434782608696,0.7496739130434783,0.7710304347826087,0.7480782608695653,0.769008695652174,0.8023239130434783,0.8040695652173914,0.8029782608695653,0.8020260869565219,0.8087217391304349,0.8047217391304349,0.8095934782608696,0.8110347826086958,0.8161673913043478,0.7787934782608696,0.7818521739130435,0.7537304347826087,0.7500173913043479,0.7129304347826089,0.5959369565217392,0.5870260869565218,0.5352978260869565,0.5512413043478261,0.5425,0.5763304347826087,0.6670717391304348,0.7156869565217392,0.6235586956521739,0.7915978260869566,0.8110347826086958,0.8159043478260871,0.8019239130434783,0.7677021739130436,0.8087217391304349,0.8168195652173913,0.8110347826086958,0.8076608695652174,0.8141,0.8152978260869567,0.8130239130434783,0.8131304347826088,0.7820282608695653,0.8103195652173915,0.8052978260869565,0.7957434782608697,0.7579695652173913,0.7915347826086957,0.7791717391304348,0.7782478260869566,0.8083782608695653,0.8034673913043479,0.8141,0.8131304347826088,0.8131304347826088,0.8056673913043478,0.7403739130434783,0.7545782608695653,0.7772086956521741,0.8010282608695652,0.7926021739130436,0.7985608695652174,0.801158695652174,0.774913043478261,0.8045956521739132,0.8113934782608696,0.8131304347826088,0.8113934782608696,0.7745695652173913,0.7547195652173914,0.7145934782608697,0.5986456521739132,0.6245760869565218,0.6421630434782609,0.7144956521739131,0.7321260869565217,0.7633413043478262
0.8060326086956522,0.8010282608695652,0.7708521739130436,0.8063956521739131,0.8112760869565218,0.8085847826086957,0.8060326086956522,0.8010326086956523,0.7992804347826087,0.812108695652174,0.8076608695652174,0.8159043478260871,0.7968956521739132,0.7741782608695653,0.7449108695652175,0.7060086956521738,0.6086456521739131,0.5846152173913044,0.561645652173913,0.5711826086956522,0.5642630434782608,0.574908695652174,0.5983956521739131,0.7100478260869566,0.7471391304347826,0.7518521739130436,0.7846000000000001,0.8031543478260871,0.7842913043478262,0.8012891304347827,0.7830978260869565,0.7779804347826088,0.8110347826086958,0.7968173913043478,0.7960565217391304,0.8190108695652175,0.7930152173913044,0.8022804347826088,0.7749782608695653,0.7811347826086957,0.7427891304347827,0.7256195652173913,0.5883760869565218,0.5741652173913044,0.5300304347826087,0.52675,0.5605804347826087,0.5802652173913044,0.6772934782608696,0.7385391304347827,0.7239217391304348,0.8005434782608697,0.8099065217391306,0.806163043478261,0.8077304347826088,0.78705,0.8095934782608696,0.8117521739130436,0.7843413043478261,0.8131304347826088,0.814308695652174,0.8160239130434783,0.8167391304347827,0.8133847826086957,0.8072869565217392,0.8080043478260871,0.8049521739130435,0.8013130434782609,0.7892217391304348,0.7671826086956522,0.7981456521739132,0.8076608695652174,0.8011739130434783,0.810408695652174,0.8099065217391306,0.809463043478261,0.8103195652173915,0.7908108695652174,0.6742869565217392,0.7563673913043478,0.8024826086956522,0.8032391304347827,0.7672782608695654,0.7802195652173913,0.7471391304347826,0.7785913043478262,0.8150239130434783,0.8091913043478262,0.7888195652173914,0.7949804347826087,0.7885065217391305,0.7655369565217391,0.7062456521739131,0.6975173913043479,0.7112608695652174,0.7207456521739132,0.693617391304348,0.6631695652173913,0.7192956521739131
0.8099065217391306,0.8150239130434783,0.7972673913043479,0.8080217391304348,0.8125521739130436,0.8099065217391306,0.8054478260869566,0.8120521739130435,0.8131304347826088,0.8167391304347827,0.8159043478260871,0.8113934782608696,0.8022804347826088,0.795008695652174,0.7151260869565218,0.6937108695652174,0.680163043478261,0.5796543478260869,0.5568695652173914,0.570508695652174,0.5714108695652175,0.5764065217391304,0.5854826086956523,0.6955260869565217,0.802608695652174,0.7728978260869566,0.7863456521739131,0.7869304347826088,0.812108695652174,0.8089934782608696,0.7972739130434784,0.7419065217391305,0.8128478260869566,0.8103195652173915,0.8110347826086958,0.8079195652173914,0.8089260869565218,0.7993652173913044,0.7907021739130435,0.7566500000000002,0.746404347826087,0.696658695652174,0.6001108695652174,0.5907586956521739,0.5321239130434784,0.5387108695652174,0.5601913043478262,0.5740739130434783,0.5941478260869566,0.6268695652173913,0.7279478260869566,0.7529000000000001,0.7843413043478261,0.806163043478261,0.8049521739130435,0.810667391304348,0.8085847826086957,0.8124130434782609,0.8158956521739131,0.8089934782608696,0.8131304347826088,0.8099065217391306,0.8151869565217392,0.8160239130434783,0.8095826086956522,0.8016826086956522,0.7609869565217392,0.8153565217391304,0.7565782608695654,0.8044456521739131,0.7979434782608696,0.7864369565217392,0.8159043478260871,0.8141,0.8175347826086957,0.8141,0.812108695652174,0.775958695652174,0.7594739130434782,0.772313043478261,0.7736782608695653,0.7968956521739132,0.8050847826086956,0.8002500000000001,0.7838760869565218,0.8113934782608696,0.8099065217391306,0.8141,0.8160934782608696,0.7891282608695653,0.8008391304347827,0.7837,0.7232956521739131,0.6930760869565219,0.7012478260869566,0.6508195652173914,0.7219586956521741,0.708008695652174,0.7662217391304349
0.8045956521739132,0.810467391304348,0.8075521739130436,0.8099065217391306,0.8048347826086957,0.7779695652173914,0.8102695652173914,0.8127739130434783,0.8175760869565218,0.8124130434782609,0.8167391304347827,0.8131304347826088,0.8040695652173914,0.7657543478260871,0.7231065217391305,0.6214565217391305,0.6676717391304348,0.6634891304347826,0.5698804347826087,0.6512826086956521,0.5507195652173914,0.5864021739130435,0.5881304347826087,0.6224913043478261,0.7921826086956523,0.7693326086956522,0.794854347826087,0.8113934782608696,0.8052478260869566,0.8036434782608697,0.7952913043478261,0.7728978260869566,0.792908695652174,0.8066891304347827,0.8036434782608697,0.8106282608695652,0.8119152173913045,0.7722826086956522,0.7523043478260871,0.758158695652174,0.7838434782608696,0.7096869565217392,0.6826260869565218,0.590908695652174,0.5324369565217392,0.5347565217391305,0.5558869565217391,0.579204347826087,0.6055913043478262,0.712854347826087,0.7140956521739131,0.7697869565217392,0.8060760869565219,0.7992804347826087,0.8113934782608696,0.8099065217391306,0.8084869565217392,0.8080043478260871,0.7884934782608696,0.8085847826086957,0.8110347826086958,0.8167391304347827,0.8159043478260871,0.8010413043478262,0.7927413043478261,0.8012021739130435,0.8029760869565218,0.7661304347826088,0.7650000000000001,0.8001043478260871,0.8091065217391306,0.8135478260869566,0.804358695652174,0.8141,0.8141,0.8159043478260871,0.8072804347826088,0.8008391304347827,0.747308695652174,0.7858065217391306,0.8088586956521739,0.8012891304347827,0.7976630434782609,0.7922304347826088,0.7543543478260871,0.7992260869565219,0.8072804347826088,0.8099065217391306,0.8110347826086958,0.8077347826086957,0.7812652173913044,0.6423826086956522,0.6357913043478262,0.6796434782608696,0.7151608695652175,0.6451391304347828,0.7058000000000001,0.7183086956521739,0.7551695652173914
0.7734108695652174,0.8074739130434784,0.8074739130434784,0.810667391304348,0.807308695652174,0.8046478260869566,0.8058521739130435,0.8120521739130435,0.8160239130434783,0.8110934782608696,0.8160239130434783,0.8103195652173915,0.7815847826086958,0.8002978260869567,0.7489043478260871,0.6908652173913044,0.5930239130434783,0.5807217391304349,0.5785282608695652,0.5744500000000001,0.5589913043478262,0.590408695652174,0.5906565217391304,0.7173695652173914,0.7587000000000002,0.793054347826087,0.807358695652174,0.8022804347826088,0.8054478260869566,0.8072804347826088,0.8084652173913044,0.7814065217391306,0.8037065217391305,0.8045956521739132,0.7936239130434783,0.8113934782608696,0.7908413043478262,0.7631913043478261,0.7888826086956522,0.740808695652174,0.6647956521739131,0.7020652173913043,0.5993804347826088,0.57315,0.5407065217391305,0.5459500000000002,0.5545978260869565,0.5795717391304348,0.5947282608695653,0.6333717391304349,0.7410978260869566,0.7633413043478262,0.7976369565217392,0.8110347826086958,0.8020260869565219,0.814308695652174,0.8060326086956522,0.8127739130434783,0.8103195652173915,0.8103195652173915,0.8110347826086958,0.8110347826086958,0.8182913043478262,0.8091913043478262,0.8124130434782609,0.8052978260869565,0.7958173913043478,0.808113043478261,0.77385,0.7997652173913044,0.7746434782608697,0.8035173913043478,0.7945869565217392,0.7958978260869566,0.8076608695652174,0.8076608695652174,0.8160239130434783,0.7823521739130436,0.7859673913043479,0.783458695652174,0.8034282608695653,0.7976282608695652,0.7793391304347826,0.780763043478261,0.7658521739130435,0.7743391304347826,0.8099065217391306,0.812108695652174,0.8150239130434783,0.7961673913043479,0.7937695652173914,0.755454347826087,0.6402934782608696,0.7012195652173914,0.6198021739130436,0.7162434782608695,0.7094565217391305,0.6250717391304348,0.784608695652174
0.7876152173913044,0.7937934782608697,0.8027500000000001,0.770408695652174,0.8072804347826088,0.8014195652173914,0.7805739130434783,0.8054652173913044,0.8110347826086958,0.8159043478260871,0.8150239130434783,0.8077304347826088,0.8117521739130436,0.7876347826086958,0.760858695652174,0.7076304347826088,0.5993195652173914,0.6629304347826087,0.5748391304347826,0.5662869565217391,0.5659,0.5722673913043479,0.6729695652173913,0.6279673913043479,0.7866934782608695,0.7957956521739131,0.7696152173913045,0.8110347826086958,0.7771760869565217,0.8111195652173914,0.779908695652174,0.7510021739130435,0.7800652173913044,0.8052978260869565,0.8103195652173915,0.8131304347826088,0.8159043478260871,0.7674608695652175,0.757208695652174,0.7444521739130435,0.7384369565217392,0.6278217391304348,0.5906869565217391,0.5813891304347826,0.5335934782608697,0.5428913043478262,0.5559739130434783,0.5752108695652175,0.5997565217391305,0.6167739130434783,0.7123521739130435,0.7542717391304349,0.8076608695652174,0.8019239130434783,0.8128478260869566,0.8163826086956523,0.8099065217391306,0.8151869565217392,0.7779021739130436,0.8160239130434783,0.8175347826086957,0.8159043478260871,0.8167391304347827,0.8124130434782609,0.8003173913043479,0.8042260869565219,0.8053717391304348,0.7943478260869565,0.8039847826086958,0.7769173913043479,0.7902065217391305,0.7988152173913045,0.8113326086956522,0.8096717391304349,0.812108695652174,0.812108695652174,0.8099065217391306,0.8060326086956522,0.7817934782608698,0.7965391304347827,0.8074739130434784,0.778604347826087,0.7946565217391306,0.7524195652173913,0.7697282608695653,0.7953000000000001,0.7860152173913043,0.7920152173913044,0.812108695652174,0.7794695652173914,0.7389369565217393,0.663545652173913,0.7202978260869566,0.6993782608695653,0.713845652173913,0.7252956521739131,0.6270630434782609,0.6018717391304348,0.751308695652174
0.8110347826086958,0.812108695652174,0.7942956521739132,0.8163826086956523,0.8017826086956523,0.8018934782608698,0.8073043478260871,0.8074739130434784,0.814308695652174,0.8141,0.8106782608695653,0.812658695652174,0.8010326086956523,0.7935652173913045,0.7425739130434784,0.6379826086956523,0.6073239130434782,0.663304347826087,0.5695500000000001,0.5782847826086956,0.5664869565217391,0.5751978260869565,0.587704347826087,0.6218956521739131,0.7613347826086957,0.7704913043478262,0.7656369565217392,0.8110347826086958,0.812108695652174,0.7997217391304349,0.7815413043478261,0.7543956521739131,0.8015652173913044,0.8003173913043479,0.8056673913043478,0.8131304347826088,0.8020260869565219,0.801658695652174,0.8018934782608698,0.7350760869565218,0.7305456521739131,0.7168369565217392,0.5980956521739131,0.6824543478260869,0.5414869565217392,0.5410739130434783,0.551504347826087,0.5770782608695653,0.6789304347826087,0.7031586956521739,0.7104347826086956,0.7484521739130435,0.8131304347826088,0.7904847826086958,0.8172130434782608,0.8063326086956523,0.8080217391304348,0.8133847826086957,0.8124130434782609,0.8141,0.812108695652174,0.8131304347826088,0.8127891304347827,0.814308695652174,0.8047217391304349,0.8113934782608696,0.7889652173913044,0.7825021739130436,0.8045282608695652,0.8113934782608696,0.7959804347826087,0.8081478260869566,0.8097760869565218,0.8089934782608696,0.8110934782608696,0.8141,0.804358695652174,0.7948717391304349,0.8076434782608697,0.7992260869565219,0.7872478260869565,0.8035173913043478,0.7929717391304348,0.7453826086956522,0.7640065217391305,0.809958695652174,0.7843413043478261,0.8066891304347827,0.812108695652174,0.8036434782608697,0.7922304347826088,0.7556065217391305,0.7522391304347827,0.6148173913043479,0.7235282608695652,0.7089108695652174,0.713154347826087,0.6841217391304348,0.7401413043478262
0.7832130434782609,0.8076608695652174,0.8020456521739131,0.8037065217391305,0.7999565217391306,0.8071173913043479,0.8109152173913045,0.809958695652174,0.7847000000000001,0.8167391304347827,0.8131304347826088,0.8150239130434783,0.801813043478261,0.7666521739130435,0.7473282608695653,0.7112304347826087,0.6111608695652174,0.5796891304347827,0.5691282608695653,0.5741456521739131,0.5674804347826087,0.5710173913043479,0.5863695652173914,0.7058239130434782,0.7568152173913044,0.7728978260869566,0.7807804347826087,0.8027500000000001,0.8049521739130435,0.7894891304347826,0.7719521739130435,0.7925456521739132,0.8095934782608696,0.8074739130434784,0.8059739130434784,0.8131304347826088,0.8103195652173915,0.8077304347826088,0.7670021739130436,0.7680195652173913,0.7197913043478262,0.7190304347826088,0.5910521739130435,0.5814217391304349,0.5507195652173914,0.5150369565217392,0.5667478260869566,0.574154347826087,0.5942282608695654,0.6290934782608696,0.6208782608695653,0.7617152173913044,0.8133847826086957,0.8030173913043479,0.8124130434782609,0.8124130434782609,0.8148260869565217,0.814308695652174,0.8190108695652175,0.8160239130434783,0.812108695652174,0.8150239130434783,0.8131304347826088,0.8160239130434783,0.8128478260869566,0.812108695652174,0.7983239130434784,0.7895173913043478,0.8038782608695654,0.7845586956521741,0.7816673913043479,0.806163043478261,0.8035173913043478,0.8059739130434784,0.8167391304347827,0.8119086956521739,0.8110347826086958,0.775913043478261,0.791963043478261,0.7907021739130435,0.7697565217391305,0.7832391304347827,0.765254347826087,0.7645413043478262,0.8036434782608697,0.7960260869565218,0.8057152173913045,0.8063956521739131,0.8022804347826088,0.8071173913043479,0.7741456521739131,0.7739521739130435,0.7394782608695654,0.62295,0.7087652173913044,0.6365586956521739,0.6338717391304348,0.6330021739130435,0.7597891304347827
0.772963043478261,0.8036434782608697,0.7992804347826087,0.802958695652174,0.8131413043478262,0.7764173913043478,0.8080043478260871,0.8059739130434784,0.7936239130434783,0.8159043478260871,0.812658695652174,0.8099065217391306,0.8065434782608696,0.7453434782608697,0.7493065217391305,0.7170804347826087,0.6080565217391305,0.5811000000000001,0.5751673913043479,0.5742913043478262,0.5565847826086957,0.569467391304348,0.6047130434782608,0.7098782608695653,0.7747260869565218,0.7907282608695653,0.7658717391304349,0.8060326086956522,0.8132173913043479,0.7899369565217391,0.7883326086956522,0.8003173913043479,0.7756695652173914,0.7921826086956523,0.8052478260869566,0.8102695652173914,0.8069304347826087,0.8001369565217391,0.775117391304348,0.7289891304347826,0.7409086956521739,0.7065586956521739,0.5890130434782609,0.5825521739130435,0.552013043478261,0.5292130434782609,0.5525869565217392,0.5760391304347826,0.5858347826086957,0.6266891304347826,0.6325760869565218,0.7620304347826087,0.8099065217391306,0.7999000000000002,0.8075065217391305,0.7953347826086958,0.8160934782608696,0.8159043478260871,0.812108695652174,0.8159043478260871,0.814308695652174,0.8141,0.8151869565217392,0.8131304347826088,0.8084652173913044,0.8087217391304349,0.8159043478260871,0.8110304347826087,0.7942500000000001,0.7921826086956523,0.798,0.8111000000000002,0.8045956521739132,0.8131304347826088,0.8159043478260871,0.8167391304347827,0.8103782608695652,0.7793391304347826,0.7744652173913045,0.7477260869565218,0.7526065217391306,0.8053130434782609,0.7563847826086958,0.7814130434782609,0.7650152173913044,0.7940521739130435,0.779254347826087,0.7986913043478262,0.8141,0.7971847826086957,0.7389826086956524,0.6609760869565218,0.7167152173913045,0.6942847826086957,0.7107847826086957,0.6447065217391305,0.6858456521739131,0.6284065217391305,0.7639521739130436
0.7908108695652175,0.80535,0.8017456521739131,0.8109521739130436,0.8012695652173913,0.7835673913043479,0.8117521739130436,0.8080043478260871,0.8141,0.8141,0.812108695652174,0.8106782608695653,0.8080043478260871,0.7765391304347826,0.7268021739130436,0.7073260869565219,0.6063978260869566,0.5895347826086956,0.5755717391304349,0.5741652173913044,0.57025,0.577213043478261,0.6048347826086956,0.6351673913043479,0.7989804347826088,0.7580521739130435,0.7876130434782609,0.7800652173913044,0.7997217391304349,0.812108695652174,0.8076434782608697,0.8037065217391305,0.7730282608695653,0.8078695652173913,0.8049521739130435,0.8099065217391306,0.8087217391304349,0.8029782608695653,0.7900934782608696,0.7695608695652174,0.7765391304347826,0.6136673913043479,0.5868434782608696,0.5751978260869565,0.5228173913043479,0.5450847826086958,0.5433,0.5691086956521739,0.5894500000000001,0.619663043478261,0.7081000000000001,0.7493152173913045,0.8135826086956522,0.806163043478261,0.8049521739130435,0.8077304347826088,0.8038782608695654,0.8159043478260871,0.8091913043478262,0.8045956521739132,0.8087478260869566,0.8159043478260871,0.8141,0.8150239130434783,0.8164565217391305,0.8076434782608697,0.8015652173913044,0.801158695652174,0.8020260869565219,0.8083652173913044,0.7812152173913044,0.7953586956521739,0.8022804347826088,0.8133847826086957,0.8131304347826088,0.8150239130434783,0.8022804347826088,0.7563434782608697,0.7747260869565218,0.8032391304347827,0.7628456521739131,0.7754065217391305,0.77985,0.7792760869565218,0.7558652173913044,0.7899152173913044,0.7916021739130435,0.8167391304347827,0.812658695652174,0.8117521739130436,0.7603739130434783,0.7570521739130436,0.7352173913043479,0.6985956521739131,0.7075978260869565,0.7287695652173913,0.6295847826086957,0.721708695652174,0.7898565217391305
0.7976282608695652,0.8091913043478262,0.7883782608695653,0.811204347826087,0.808504347826087,0.8070782608695652,0.8128673913043478,0.8065847826086957,0.8167391304347827,0.8159043478260871,0.8182913043478262,0.8087217391304349,0.8099065217391306,0.7664413043478262,0.6327891304347826,0.7089652173913044,0.6193586956521739,0.5946565217391305,0.5783326086956523,0.577695652173913,0.5698695652173913,0.5802695652173914,0.5850282608695653,0.6378760869565218,0.7508304347826087,0.7669673913043479,0.7749891304347827,0.8124326086956523,0.8052978260869565,0.8146673913043478,0.7693326086956522,0.7732630434782609,0.7787543478260871,0.8037065217391305,0.8159043478260871,0.8099065217391306,0.8091913043478262,0.8084652173913044,0.8049847826086958,0.7621891304347828,0.7477108695652175,0.6170065217391305,0.5929978260869565,0.6591608695652175,0.53005,0.5248304347826087,0.5665934782608696,0.5737739130434782,0.6871956521739131,0.6398760869565219,0.7081000000000001,0.7426304347826088,0.7816717391304349,0.7820282608695653,0.8100152173913044,0.7872478260869565,0.8017565217391306,0.8045956521739132,0.8113934782608696,0.8038782608695654,0.8167391304347827,0.8159043478260871,0.8182913043478262,0.8150239130434783,0.8113934782608696,0.8087217391304349,0.8080043478260871,0.7656065217391306,0.7868847826086958,0.8113934782608696,0.7673391304347826,0.7775152173913045,0.812108695652174,0.8150239130434783,0.8167391304347827,0.8150239130434783,0.812108695652174,0.7779021739130436,0.7728978260869566,0.7626956521739131,0.8004717391304349,0.7950869565217392,0.76745,0.7461304347826088,0.7686239130434783,0.7875195652173913,0.7755869565217393,0.8087217391304349,0.8116891304347826,0.8071173913043479,0.7532478260869565,0.7731913043478261,0.6157826086956523,0.7233826086956523,0.7090760869565218,0.633295652173913,0.7099326086956522,0.7183956521739131,0.7572065217391305
0.8095500000000001,0.8109521739130436,0.7766413043478262,0.8126478260869565,0.8111673913043479,0.8087217391304349,0.8075630434782609,0.812108695652174,0.8124130434782609,0.8159043478260871,0.8076608695652174,0.8141,0.7960565217391304,0.7766500000000001,0.7391673913043479,0.7105478260869565,0.6910065217391305,0.5857434782608696,0.5764065217391304,0.5668673913043479,0.5633826086956523,0.5746760869565218,0.6136456521739131,0.6266760869565218,0.7571304347826088,0.7668717391304348,0.7563521739130434,0.7818913043478262,0.8103195652173915,0.8091913043478262,0.7813108695652174,0.770208695652174,0.7995913043478261,0.8026195652173914,0.8131304347826088,0.8133847826086957,0.8101217391304348,0.8086239130434782,0.7656369565217392,0.7465065217391306,0.757267391304348,0.6991586956521739,0.6682565217391304,0.5818565217391305,0.5555195652173913,0.5195978260869566,0.5468369565217392,0.5576173913043478,0.5959282608695653,0.736158695652174,0.7171717391304349,0.764154347826087,0.8082782608695653,0.8110347826086958,0.8034673913043479,0.8111934782608696,0.8043021739130436,0.8141,0.8179326086956522,0.8175760869565218,0.8150239130434783,0.8159043478260871,0.8116891304347826,0.8113934782608696,0.8099065217391306,0.8167391304347827,0.7939717391304348,0.7527478260869566,0.7745956521739131,0.8035173913043478,0.806163043478261,0.7988413043478261,0.8131304347826088,0.8085847826086957,0.8150239130434783,0.8190108695652175,0.8113934782608696,0.7936239130434783,0.7672369565217392,0.7689673913043479,0.8023326086956523,0.7811760869565217,0.7807804347826087,0.7865130434782609,0.7764260869565217,0.783713043478261,0.8026804347826088,0.8066891304347827,0.8131304347826088,0.7828739130434783,0.7846000000000001,0.7351934782608697,0.7547456521739131,0.6202978260869566,0.6975565217391304,0.7171978260869565,0.7042260869565218,0.6322173913043478,0.7603869565217393
0.7886891304347826,0.79905,0.7774478260869566,0.7997217391304349,0.8091913043478262,0.7977695652173914,0.810308695652174,0.8020260869565219,0.8131304347826088,0.812108695652174,0.8131304347826088,0.8131304347826088,0.8133847826086957,0.7910760869565219,0.7131434782608695,0.6300065217391304,0.5944,0.5862608695652175,0.5901934782608697,0.5651804347826087,0.5604978260869565,0.5761282608695654,0.5897456521739132,0.7156217391304348,0.6715347826086957,0.7443000000000001,0.7777347826086958,0.8049521739130435,0.8020260869565219,0.8023891304347828,0.7716500000000001,0.778604347826087,0.7988565217391305,0.7968956521739132,0.8060760869565219,0.8089934782608696,0.8103195652173915,0.7983434782608696,0.8021826086956522,0.7424000000000002,0.6611586956521739,0.6998847826086958,0.6022086956521739,0.6542804347826088,0.5412913043478261,0.5388739130434783,0.5547913043478261,0.561608695652174,0.6040239130434782,0.7208847826086957,0.634254347826087,0.778604347826087,0.7807804347826087,0.8002500000000001,0.8091913043478262,0.8124130434782609,0.8150239130434783,0.8131304347826088,0.8087478260869566,0.8160239130434783,0.8150239130434783,0.8168195652173913,0.8167391304347827,0.8152978260869567,0.8131304347826088,0.8084652173913044,0.8106108695652174,0.8004130434782609,0.7922413043478261,0.7907000000000001,0.8127891304347827,0.7988413043478261,0.8117521739130436,0.8067913043478262,0.8136239130434784,0.8131304347826088,0.8167391304347827,0.7990065217391304,0.7577217391304348,0.7905086956521739,0.8058739130434783,0.7634413043478261,0.7641782608695653,0.7937934782608697,0.8020260869565219,0.8083652173913044,0.7832652173913044,0.8054478260869566,0.8150239130434783,0.7757239130434783,0.7382217391304349,0.6433739130434782,0.7367652173913044,0.6117130434782609,0.7009978260869566,0.768558695652174,0.6356956521739131,0.6234804347826087,0.7831391304347827
0.7832652173913044,0.806163043478261,0.8091913043478262,0.8105369565217392,0.8035391304347826,0.8090673913043479,0.8146826086956522,0.8124130434782609,0.8066891304347827,0.8150239130434783,0.810667391304348,0.8141,0.8033434782608696,0.7736782608695653,0.7128456521739132,0.6278717391304348,0.690358695652174,0.5859326086956522,0.5771478260869566,0.5627673913043478,0.5502869565217392,0.5693108695652175,0.6023347826086957,0.7497804347826088,0.7476978260869566,0.770208695652174,0.8027500000000001,0.8049521739130435,0.8131304347826088,0.8065826086956522,0.7606152173913043,0.7589521739130435,0.8074739130434784,0.8113934782608696,0.809463043478261,0.8150239130434783,0.8150239130434783,0.801813043478261,0.7807195652173914,0.7647565217391304,0.7290195652173913,0.7121913043478262,0.5941891304347827,0.5935195652173914,0.5364891304347826,0.5249108695652175,0.552713043478261,0.5788434782608696,0.5940173913043478,0.7262260869565218,0.6282869565217392,0.7979152173913044,0.8150239130434783,0.8045913043478261,0.8159043478260871,0.8134391304347827,0.8110347826086958,0.8113934782608696,0.8091913043478262,0.8127891304347827,0.8150239130434783,0.8141,0.8141,0.8060760869565219,0.7999521739130435,0.7942956521739132,0.8009173913043478,0.7923130434782609,0.797545652173913,0.8031108695652174,0.7759217391304348,0.7997065217391306,0.8055565217391305,0.8151869565217392,0.812108695652174,0.8141,0.7951304347826087,0.7665869565217391,0.7590804347826087,0.7893391304347827,0.7760934782608696,0.806163043478261,0.795454347826087,0.7625673913043479,0.7943478260869565,0.8088586956521739,0.8141,0.8069456521739131,0.806758695652174,0.8065434782608696,0.7922521739130435,0.7648282608695652,0.7310565217391305,0.6203152173913044,0.7078565217391305,0.726263043478261,0.708413043478261,0.7114,0.7719913043478263
0.8034673913043479,0.8103000000000001,0.8052478260869566,0.8087478260869566,0.8097760869565218,0.8093239130434783,0.804613043478261,0.812108695652174,0.812108695652174,0.814308695652174,0.8159043478260871,0.8034673913043479,0.8141,0.7897630434782609,0.724804347826087,0.7054869565217392,0.6717217391304349,0.5889239130434784,0.575204347826087,0.57315,0.56365,0.5830152173913044,0.5893673913043479,0.7112065217391305,0.7595434782608697,0.7736239130434783,0.7912347826086957,0.8023673913043479,0.8103195652173915,0.7857195652173914,0.7809869565217392,0.7841956521739131,0.7991847826086957,0.7988521739130435,0.8038782608695654,0.8159043478260871,0.8131304347826088,0.7926478260869566,0.7461891304347827,0.7405152173913044,0.7447021739130435,0.6232347826086957,0.66635,0.579204347826087,0.5471804347826088,0.5212173913043479,0.5575478260869565,0.5844913043478261,0.5931847826086957,0.7222130434782609,0.7141782608695653,0.7899869565217392,0.814308695652174,0.8106782608695653,0.8010413043478262,0.797217391304348,0.812108695652174,0.8128478260869566,0.812108695652174,0.8087217391304349,0.8045956521739132,0.8159043478260871,0.8099065217391306,0.8137434782608697,0.7969021739130435,0.7961673913043479,0.7982804347826087,0.8095934782608696,0.7828673913043479,0.8035173913043478,0.760867391304348,0.7796391304347826,0.8068173913043479,0.8159043478260871,0.8159043478260871,0.8131304347826088,0.8131304347826088,0.7946021739130436,0.7467586956521739,0.777904347826087,0.7991434782608696,0.7939804347826087,0.7435239130434783,0.799504347826087,0.7698478260869566,0.7736239130434783,0.8062282608695652,0.8159043478260871,0.8109847826086957,0.8033434782608696,0.7977239130434783,0.7410760869565218,0.7238217391304348,0.6905521739130436,0.7113695652173914,0.7287108695652175,0.6464500000000001,0.7059195652173914,0.748604347826087
0.8038608695652174,0.812108695652174,0.812108695652174,0.8045956521739132,0.8174652173913045,0.8084869565217392,0.7860804347826087,0.8117521739130436,0.8190108695652175,0.8150239130434783,0.8167391304347827,0.8141,0.7916586956521741,0.7525934782608696,0.7452543478260869,0.6905000000000001,0.6906847826086957,0.5989304347826088,0.6545869565217391,0.5701347826086957,0.5578347826086957,0.5780000000000001,0.6055521739130435,0.7073260869565219,0.7610847826086957,0.7983434782608696,0.8077347826086957,0.8099065217391306,0.8049521739130435,0.8091847826086956,0.7990065217391304,0.8012956521739132,0.804358695652174,0.7549130434782609,0.806163043478261,0.8141,0.8038782608695654,0.8055000000000001,0.7734260869565218,0.7379847826086957,0.7551152173913045,0.6339260869565218,0.5873021739130436,0.5932413043478261,0.5492260869565218,0.5451608695652175,0.5610847826086957,0.5702934782608696,0.5920108695652174,0.6282521739130434,0.62155,0.7411152173913045,0.8027500000000001,0.8059739130434784,0.7859652173913044,0.7986913043478262,0.7936304347826088,0.8095434782608696,0.8124130434782609,0.8116891304347826,0.8071434782608696,0.8159043478260871,0.8146673913043478,0.8175347826086957,0.8010326086956523,0.8023326086956523,0.8049260869565218,0.8029760869565218,0.8110304347826087,0.7839739130434783,0.7979260869565219,0.8004456521739132,0.8070434782608696,0.8119086956521739,0.8067913043478262,0.8099065217391306,0.8110347826086958,0.8078217391304349,0.7627369565217391,0.7701065217391305,0.7934304347826087,0.7754891304347826,0.7464956521739131,0.7724413043478262,0.8103000000000001,0.7798891304347826,0.8003717391304348,0.8017565217391306,0.8017565217391306,0.7961673913043479,0.7963500000000001,0.7560369565217392,0.7093391304347827,0.6993478260869566,0.6246369565217392,0.7169413043478261,0.632108695652174,0.6410239130434784,0.7600152173913044
0.78605,0.7807804347826087,0.8076434782608697,0.8027500000000001,0.8041652173913044,0.8149347826086958,0.8049521739130435,0.8141,0.8089934782608696,0.8159043478260871,0.8131304347826088,0.8080043478260871,0.8049521739130435,0.7971021739130435,0.7640500000000001,0.7005065217391304,0.6026695652173915,0.5790217391304349,0.5752869565217392,0.5714108695652175,0.5574847826086956,0.5712239130434783,0.5848760869565218,0.716704347826087,0.7827434782608697,0.7755652173913045,0.7713065217391305,0.7999000000000002,0.8026913043478261,0.8033347826086957,0.7620826086956523,0.766167391304348,0.8008391304347827,0.7764173913043478,0.8110347826086958,0.8141,0.8049521739130435,0.7841934782608696,0.7483739130434783,0.7611934782608696,0.7563847826086958,0.7122608695652174,0.7002347826086956,0.5845652173913044,0.5296239130434783,0.5512413043478261,0.5621869565217391,0.6587326086956522,0.6904891304347827,0.7461934782608697,0.6293391304347827,0.7560847826086957,0.7866913043478262,0.8099065217391306,0.8110347826086958,0.8002956521739131,0.8079195652173914,0.8131304347826088,0.8150239130434783,0.8150239130434783,0.8160239130434783,0.8141,0.8190108695652175,0.8056673913043478,0.8091913043478262,0.7965369565217392,0.8099065217391306,0.7921826086956523,0.7918304347826087,0.7673695652173914,0.80535,0.806913043478261,0.8109152173913045,0.812108695652174,0.8167391304347827,0.8124130434782609,0.8103195652173915,0.7832130434782609,0.7709434782608696,0.7762239130434784,0.8039847826086958,0.798458695652174,0.7944152173913044,0.7915173913043478,0.7691239130434784,0.7662152173913044,0.8027500000000001,0.8141,0.7915282608695652,0.8056673913043478,0.7789543478260871,0.7289847826086956,0.6417695652173914,0.6176434782608696,0.7029413043478261,0.7219195652173913,0.7082369565217391,0.7089152173913044,0.7763717391304349
0.812108695652174,0.7683152173913045,0.7936239130434783,0.7985413043478261,0.7879804347826088,0.8049521739130435,0.8088304347826089,0.8135826086956522,0.8050195652173914,0.819695652173913,0.8076608695652174,0.8150239130434783,0.8058065217391306,0.7657565217391304,0.7549065217391305,0.7226065217391305,0.605154347826087,0.6833,0.571004347826087,0.559,0.5667108695652174,0.5765847826086956,0.6020369565217393,0.6218956521739131,0.7404413043478261,0.7995434782608697,0.7989782608695652,0.8006804347826089,0.7997326086956522,0.8099065217391306,0.7719347826086957,0.7864369565217392,0.7983434782608696,0.8116891304347826,0.8141,0.8148260869565217,0.8063478260869565,0.7504521739130435,0.747213043478261,0.753245652173913,0.7212586956521739,0.6275695652173914,0.683708695652174,0.5796108695652176,0.5324695652173913,0.541995652173913,0.5522847826086957,0.5696673913043478,0.5904760869565218,0.7019239130434783,0.7305434782608696,0.779663043478261,0.8106782608695653,0.8133847826086957,0.8095934782608696,0.8040695652173914,0.8113934782608696,0.8150239130434783,0.8087217391304349,0.814308695652174,0.8085847826086957,0.8167391304347827,0.8150239130434783,0.8042260869565219,0.7892108695652175,0.7847000000000001,0.8027456521739131,0.8050413043478262,0.7938282608695653,0.7852847826086957,0.8068434782608696,0.8059739130434784,0.8190108695652175,0.812108695652174,0.8076608695652174,0.8150239130434783,0.8087217391304349,0.7920869565217392,0.7969021739130435,0.7960565217391304,0.7737782608695652,0.7627565217391304,0.7573260869565217,0.7457021739130435,0.7659195652173914,0.8062195652173914,0.778554347826087,0.8022804347826088,0.8076608695652174,0.7937326086956522,0.7433326086956522,0.7366173913043479,0.7192173913043478,0.7085500000000001,0.6991586956521739,0.7314652173913044,0.6427869565217392,0.7022782608695652,0.7819739130434783
0.7972565217391305,0.8060760869565219,0.8081,0.8060326086956522,0.8082282608695653,0.8126652173913045,0.8048891304347827,0.8069456521739131,0.8087217391304349,0.8131304347826088,0.8182913043478262,0.8141,0.8084652173913044,0.7701065217391305,0.7387782608695653,0.625454347826087,0.5922913043478262,0.6798326086956522,0.5787891304347826,0.5700434782608697,0.5694891304347827,0.5740065217391305,0.678104347826087,0.7096347826086957,0.7810630434782608,0.7976282608695652,0.7438826086956523,0.770058695652174,0.8078695652173913,0.7707739130434783,0.7792869565217392,0.8054478260869566,0.7713065217391305,0.8100152173913044,0.8141,0.8150239130434783,0.8150239130434783,0.810667391304348,0.7410652173913044,0.7405369565217392,0.7299391304347826,0.7101826086956523,0.6661152173913044,0.5864434782608696,0.5443891304347828,0.5288543478260871,0.6475000000000001,0.5775326086956523,0.6668521739130435,0.6231217391304349,0.6511326086956523,0.7643826086956522,0.8074739130434784,0.798563043478261,0.812108695652174,0.8060326086956522,0.8002500000000001,0.8159043478260871,0.8133847826086957,0.8137434782608697,0.8073043478260871,0.8150239130434783,0.8141,0.8133847826086957,0.812108695652174,0.7898565217391305,0.7957108695652175,0.8048891304347827,0.74955,0.7997217391304349,0.8074739130434784,0.7847000000000001,0.8189521739130435,0.8131304347826088,0.8167391304347827,0.8141,0.8069456521739131,0.7954413043478261,0.7999565217391306,0.7771000000000001,0.8049260869565218,0.7998434782608697,0.8042434782608696,0.7838369565217391,0.7439326086956523,0.7644782608695654,0.7728978260869566,0.8066891304347827,0.8069456521739131,0.8087217391304349,0.8010978260869566,0.7741826086956521,0.7035239130434783,0.6084369565217392,0.6262630434782609,0.7070130434782609,0.7136978260869565,0.6341478260869565,0.7378869565217392
0.8033434782608696,0.8089934782608696,0.8013369565217392,0.7984804347826088,0.8116369565217392,0.7697565217391305,0.8117521739130436,0.8063326086956523,0.8056065217391306,0.8175347826086957,0.8175347826086957,0.7874065217391305,0.7940630434782608,0.7503673913043479,0.7475760869565218,0.7006565217391305,0.58805,0.5918043478260869,0.5740000000000001,0.5664847826086957,0.5704869565217392,0.5750195652173913,0.5883978260869565,0.7049326086956522,0.7485652173913044,0.7976282608695652,0.7919391304347827,0.7992804347826087,0.8053108695652176,0.8010326086956523,0.7982804347826087,0.7923130434782609,0.8131304347826088,0.7677021739130436,0.8099434782608697,0.812108695652174,0.8099434782608697,0.7642413043478261,0.7403326086956522,0.7579565217391305,0.7393630434782609,0.6337804347826087,0.5942108695652174,0.5915869565217392,0.5263326086956521,0.5326456521739131,0.5787869565217392,0.568758695652174,0.5930239130434783,0.7120695652173914,0.7025086956521739,0.7735760869565218,0.8124130434782609,0.806163043478261,0.8000695652173914,0.796241304347826,0.8020260869565219,0.8141,0.8141,0.8159043478260871,0.8175347826086957,0.8124130434782609,0.812108695652174,0.7818913043478262,0.8103000000000001,0.8071434782608696,0.8003717391304348,0.777104347826087,0.7734739130434783,0.7937934782608697,0.8006717391304349,0.7886891304347826,0.8011413043478262,0.8087217391304349,0.8109847826086957,0.8100152173913044,0.8167391304347827,0.7793391304347826,0.7881260869565218,0.7920847826086956,0.7755869565217393,0.7969021739130435,0.7641782608695653,0.7693891304347826,0.7728021739130436,0.7979869565217392,0.7921826086956523,0.8034673913043479,0.8151869565217392,0.7749782608695653,0.7868826086956523,0.7755217391304349,0.6285304347826087,0.6248195652173913,0.6933717391304349,0.7241173913043479,0.6155978260869566,0.7252239130434783,0.7573347826086957
0.8080217391304348,0.8099065217391306,0.8077304347826088,0.7915978260869566,0.8031543478260871,0.8085804347826088,0.8110347826086958,0.8116891304347826,0.8130239130434783,0.8131304347826088,0.8076608695652174,0.8168500000000001,0.8071173913043479,0.7726717391304349,0.7520608695652174,0.6376000000000001,0.6032347826086957,0.5743695652173914,0.5803586956521739,0.5758413043478261,0.5554565217391305,0.5722717391304349,0.5862869565217391,0.7252760869565218,0.7708521739130436,0.7770456521739132,0.651345652173913,0.7948717391304349,0.8052978260869565,0.7836260869565218,0.7779217391304348,0.7799347826086956,0.8018934782608698,0.8144630434782609,0.8159043478260871,0.8159043478260871,0.8072804347826088,0.8065434782608696,0.7859478260869566,0.7388347826086957,0.7448847826086957,0.6209695652173914,0.6802108695652174,0.575658695652174,0.5573130434782609,0.5459043478260871,0.5605782608695653,0.5625673913043479,0.6866434782608696,0.6395695652173913,0.7272608695652174,0.7645413043478262,0.809463043478261,0.8045956521739132,0.8103000000000001,0.8060326086956522,0.8148260869565217,0.812108695652174,0.814308695652174,0.8022434782608696,0.8175347826086957,0.8133847826086957,0.8150239130434783,0.8113934782608696,0.8103195652173915,0.7853586956521741,0.8027500000000001,0.8080043478260871,0.8009456521739131,0.7849000000000002,0.8112717391304348,0.7705739130434783,0.8099065217391306,0.8056673913043478,0.8141,0.8150239130434783,0.8056673913043478,0.8015652173913044,0.8008391304347827,0.7944217391304349,0.7568956521739131,0.8029760869565218,0.7960260869565218,0.7702130434782609,0.7947152173913044,0.7679630434782609,0.7756956521739131,0.8151869565217392,0.8034673913043479,0.7701239130434783,0.7528760869565219,0.7544413043478262,0.7327043478260871,0.6112760869565218,0.7100239130434783,0.7489260869565217,0.6337804347826087,0.7038260869565218,0.7273565217391305
0.7746434782608697,0.7968173913043478,0.8074739130434784,0.8095500000000001,0.7974521739130436,0.8036434782608697,0.8082956521739131,0.7807804347826087,0.8080043478260871,0.8159043478260871,0.8159043478260871,0.8076608695652174,0.7824978260869566,0.7768239130434783,0.7407304347826088,0.7012652173913043,0.5853934782608695,0.5831347826086957,0.5783739130434783,0.5683695652173912,0.5702347826086956,0.5777347826086957,0.5845108695652174,0.6985369565217392,0.7539891304347827,0.750691304347826,0.7679630434782609,0.8007869565217391,0.8052478260869566,0.7986869565217393,0.79725,0.810667391304348,0.8091913043478262,0.8113934782608696,0.8151869565217392,0.8167391304347827,0.8109847826086957,0.7912934782608696,0.7683086956521741,0.7365782608695652,0.741063043478261,0.6255021739130435,0.5853695652173914,0.5827695652173914,0.5329434782608696,0.5539108695652175,0.5558869565217391,0.5701347826086957,0.6678934782608696,0.7158260869565217,0.7180500000000001,0.7753521739130436,0.7832130434782609,0.8038782608695654,0.814308695652174,0.7609869565217392,0.8074739130434784,0.8182913043478262,0.8141,0.8167391304347827,0.8110347826086958,0.8103000000000001,0.8146673913043478,0.8120521739130435,0.8091913043478262,0.8113934782608696,0.8047217391304349,0.7753521739130436,0.8045500000000001,0.798654347826087,0.7714173913043478,0.8158217391304349,0.8117521739130436,0.8076608695652174,0.8150239130434783,0.8100152173913044,0.8056673913043478,0.7631478260869566,0.8052978260869565,0.797545652173913,0.8046173913043478,0.8041652173913044,0.7634413043478261,0.8012891304347827,0.7704000000000001,0.7918565217391306,0.7789739130434784,0.7832130434782609,0.7883304347826087,0.8056673913043478,0.7679630434782609,0.7808695652173914,0.6971891304347826,0.7055260869565219,0.6989673913043479,0.6390913043478261,0.7280565217391304,0.6251130434782609,0.7438695652173914
0.8095500000000001,0.8080043478260871,0.774508695652174,0.7594304347826087,0.7956608695652174,0.8014326086956522,0.8054239130434784,0.8151,0.8059739130434784,0.8151869565217392,0.8160239130434783,0.8024086956521741,0.796954347826087,0.7500739130434783,0.7372108695652174,0.7105,0.6873195652173913,0.5981586956521739,0.58165,0.5586239130434784,0.5694891304347827,0.5807108695652174,0.6047760869565219,0.627108695652174,0.7467695652173914,0.7825282608695653,0.7529695652173913,0.8127739130434783,0.8022804347826088,0.8019652173913044,0.7545782608695653,0.8020260869565219,0.8141,0.8076434782608697,0.8124130434782609,0.8141,0.806758695652174,0.8018934782608698,0.8020260869565219,0.7796086956521739,0.6522695652173914,0.6917260869565218,0.6014956521739131,0.5807413043478261,0.5486217391304349,0.519813043478261,0.5538304347826087,0.5775239130434784,0.6675826086956522,0.712204347826087,0.6156521739130435,0.7465782608695652,0.7992804347826087,0.8089934782608696,0.806758695652174,0.8167391304347827,0.812108695652174,0.8113934782608696,0.8076434782608697,0.812108695652174,0.814308695652174,0.8159043478260871,0.8160239130434783,0.8091913043478262,0.7999565217391306,0.8023326086956523,0.8095934782608696,0.8060326086956522,0.8001043478260871,0.7915739130434782,0.8051956521739131,0.7689282608695652,0.7689195652173912,0.8141,0.8131304347826088,0.8141,0.8175347826086957,0.7918891304347827,0.8002108695652175,0.8045130434782609,0.7996565217391305,0.7745956521739131,0.76135,0.7715869565217393,0.7952913043478261,0.8042260869565219,0.8045956521739132,0.8131304347826088,0.8124130434782609,0.8020260869565219,0.7878652173913044,0.7702347826086957,0.7582695652173913,0.6203717391304349,0.7143739130434783,0.7172347826086957,0.7008695652173914,0.7115369565217391,0.7792804347826088
0.8054826086956521,0.8045956521739132,0.7989804347826088,0.8060760869565219,0.8038782608695654,0.8123043478260871,0.8102608695652174,0.7879739130434783,0.8045956521739132,0.8167391304347827,0.8119086956521739,0.8043021739130436,0.7858760869565218,0.7807695652173914,0.7373152173913045,0.6237739130434783,0.5866326086956521,0.5846152173913044,0.5780434782608695,0.5668608695652175,0.5644260869565217,0.5769108695652174,0.5966739130434783,0.6214978260869565,0.7627456521739131,0.7948717391304349,0.7681934782608696,0.8042260869565219,0.8044282608695653,0.8056130434782609,0.798563043478261,0.7802521739130436,0.8060326086956522,0.7976282608695652,0.8167391304347827,0.8159043478260871,0.8110347826086958,0.7900217391304348,0.7620956521739132,0.7376173913043479,0.7646413043478262,0.6233282608695653,0.7011956521739131,0.579154347826087,0.5507217391304348,0.5246891304347826,0.5586065217391304,0.5641978260869566,0.6019673913043478,0.6288869565217392,0.7288152173913044,0.8032391304347827,0.7874065217391305,0.8059739130434784,0.78705,0.8080217391304348,0.7911739130434784,0.8038782608695654,0.8124130434782609,0.8131304347826088,0.812108695652174,0.8159043478260871,0.8167391304347827,0.812108695652174,0.803613043478261,0.8059739130434784,0.7998608695652174,0.767408695652174,0.762317391304348,0.7386086956521739,0.7832652173913044,0.7811760869565217,0.8052826086956523,0.8160239130434783,0.8113934782608696,0.8124130434782609,0.8087217391304349,0.8071847826086958,0.736195652173913,0.7732630434782609,0.8084652173913044,0.7630695652173914,0.7942826086956521,0.7742239130434784,0.7978326086956523,0.8110304347826087,0.8088304347826089,0.7817717391304349,0.8131304347826088,0.8043543478260871,0.7817804347826087,0.7715565217391305,0.7187065217391305,0.6258869565217392,0.700291304347826,0.6287956521739131,0.6399782608695653,0.6302065217391305,0.7467673913043479
0.814308695652174,0.8113934782608696,0.8040695652173914,0.8015652173913044,0.7910521739130436,0.8080239130434783,0.812108695652174,0.812108695652174,0.8099434782608697,0.8150239130434783,0.8175347826086957,0.8124130434782609,0.8091913043478262,0.741504347826087,0.7467782608695652,0.6853869565217392,0.6103217391304349,0.5843173913043479,0.5686239130434783,0.5676108695652174,0.5614217391304348,0.5733934782608695,0.6683152173913044,0.6399173913043479,0.7701065217391305,0.7976282608695652,0.7781869565217392,0.8091913043478262,0.8066891304347827,0.8049260869565218,0.771458695652174,0.7613391304347826,0.8083847826086957,0.8131304347826088,0.8159043478260871,0.8141,0.8052608695652175,0.8038217391304349,0.7807108695652174,0.7729717391304348,0.7412869565217391,0.6283847826086957,0.6667847826086958,0.5872369565217392,0.53285,0.5445217391304348,0.5547608695652174,0.5713760869565218,0.611445652173913,0.7117760869565217,0.7266826086956523,0.7515652173913044,0.8131304347826088,0.8110347826086958,0.8056673913043478,0.8095934782608696,0.814308695652174,0.8159043478260871,0.8151869565217392,0.8133847826086957,0.8135826086956522,0.8150239130434783,0.8113934782608696,0.8091913043478262,0.8131304347826088,0.7976282608695652,0.7824978260869566,0.7863304347826088,0.8001043478260871,0.7912347826086957,0.7948717391304349,0.8021413043478262,0.8083652173913044,0.8175760869565218,0.8085847826086957,0.812108695652174,0.8163826086956523,0.7854152173913045,0.748308695652174,0.7683934782608696,0.7515630434782609,0.7965391304347827,0.7979826086956523,0.7618282608695652,0.8056652173913044,0.7760565217391305,0.7786565217391305,0.8109847826086957,0.8150239130434783,0.8008391304347827,0.7687478260869567,0.7404673913043479,0.7177782608695653,0.6181130434782609,0.6265478260869566,0.7548978260869565,0.7161413043478261,0.7143543478260871,0.633295652173913
0.8049521739130435,0.793454347826087,0.788754347826087,0.8027500000000001,0.8141934782608696,0.7779021739130436,0.8117130434782609,0.8127739130434783,0.8131304347826088,0.8110347826086958,0.8075282608695653,0.8167391304347827,0.8141,0.7942,0.7564673913043479,0.7216565217391305,0.6072695652173913,0.5843173913043479,0.584604347826087,0.5605152173913044,0.5507500000000001,0.566404347826087,0.6651347826086956,0.6079804347826088,0.7528760869565219,0.7728978260869566,0.7638108695652175,0.8059739130434784,0.7854152173913045,0.7983434782608696,0.7728021739130436,0.7687282608695652,0.7802521739130436,0.780813043478261,0.814308695652174,0.8150239130434783,0.8151869565217392,0.7686478260869566,0.8067608695652174,0.7545608695652174,0.726254347826087,0.708208695652174,0.5873152173913043,0.5864913043478261,0.53815,0.5496326086956522,0.5418891304347826,0.6560608695652174,0.6808913043478261,0.6162869565217391,0.6263130434782609,0.7600152173913044,0.8017565217391306,0.8163826086956523,0.78705,0.8060326086956522,0.8113934782608696,0.8159043478260871,0.8076608695652174,0.809463043478261,0.8150239130434783,0.8141,0.8141,0.8127739130434783,0.80255,0.7940630434782608,0.8103000000000001,0.8141,0.7728934782608697,0.7908891304347827,0.7978173913043479,0.7781260869565217,0.8121195652173915,0.8053108695652176,0.8175347826086957,0.8131304347826088,0.8110347826086958,0.812108695652174,0.7617369565217392,0.7780217391304348,0.8038782608695654,0.7914478260869566,0.7740934782608696,0.7982804347826087,0.8050847826086956,0.7732630434782609,0.8113934782608696,0.8110934782608696,0.7997217391304349,0.8008391304347827,0.784554347826087,0.7434847826086957,0.7121586956521739,0.699904347826087,0.6954739130434784,0.6540391304347827,0.6369304347826087,0.6083630434782609,0.7356652173913044
0.806758695652174,0.8110304347826087,0.8103195652173915,0.8023369565217392,0.7997391304347826,0.8037521739130435,0.8022804347826088,0.8034673913043479,0.8141,0.8175347826086957,0.8103000000000001,0.8117521739130436,0.8069456521739131,0.7524413043478262,0.733758695652174,0.7126891304347827,0.5896630434782609,0.5884260869565218,0.5812326086956522,0.5725021739130436,0.5708826086956522,0.5760086956521739,0.5855630434782609,0.7023369565217392,0.7685369565217391,0.7793391304347826,0.7887586956521739,0.7766500000000001,0.814308695652174,0.8048891304347827,0.780858695652174,0.8002282608695652,0.7787543478260871,0.8080043478260871,0.812108695652174,0.812108695652174,0.8047847826086957,0.8086913043478262,0.7943478260869565,0.7442673913043479,0.6447717391304348,0.6227956521739131,0.5878021739130436,0.5782739130434783,0.5426717391304349,0.5293021739130436,0.5502565217391304,0.5733847826086957,0.5906565217391304,0.7108826086956522,0.7099521739130437,0.7628,0.8056673913043478,0.8119086956521739,0.8151869565217392,0.8031543478260871,0.8052478260869566,0.809463043478261,0.8089934782608696,0.8045956521739132,0.8141,0.8150239130434783,0.8141,0.8087217391304349,0.8084652173913044,0.7992260869565219,0.8065434782608696,0.8151869565217392,0.7956608695652174,0.7673695652173914,0.7767739130434783,0.8152913043478262,0.8088304347826089,0.8099065217391306,0.8141,0.8137434782608697,0.8040695652173914,0.7999565217391306,0.7884086956521741,0.7824978260869566,0.7693326086956522,0.8004130434782609,0.7872478260869565,0.7626065217391305,0.7725869565217393,0.794154347826087,0.8099065217391306,0.8131304347826088,0.8045956521739132,0.7960826086956522,0.783813043478261,0.7553608695652174,0.7350173913043478,0.615754347826087,0.7025782608695653,0.7251521739130435,0.7174782608695652,0.7205282608695652,0.781754347826087
0.8020260869565219,0.8042260869565219,0.8004717391304349,0.8110347826086958,0.8095934782608696,0.811995652173913,0.8087217391304349,0.8103195652173915,0.8159043478260871,0.8160239130434783,0.812108695652174,0.8133847826086957,0.7868891304347827,0.7763326086956522,0.7389891304347826,0.7281782608695653,0.6809695652173914,0.5795282608695652,0.5773826086956522,0.5741478260869565,0.555358695652174,0.560658695652174,0.5881282608695653,0.6041065217391304,0.7665021739130435,0.7774717391304348,0.8133847826086957,0.7755869565217393,0.8110347826086958,0.7980934782608696,0.7991847826086957,0.7946413043478262,0.7886891304347826,0.7908717391304348,0.8099065217391306,0.8141,0.8099065217391306,0.8056369565217392,0.7929065217391305,0.7334543478260871,0.6478260869565218,0.6263130434782609,0.5889630434782609,0.5827717391304348,0.5324608695652174,0.5384239130434783,0.5622608695652175,0.5750195652173913,0.5946065217391305,0.6293413043478261,0.6324565217391305,0.7792282608695652,0.8099065217391306,0.8151760869565218,0.8102695652173914,0.8076434782608697,0.8175347826086957,0.8167391304347827,0.8082282608695653,0.8113934782608696,0.8131304347826088,0.8167391304347827,0.8159043478260871,0.8116891304347826,0.8131304347826088,0.812108695652174,0.7939717391304348,0.792904347826087,0.7949369565217391,0.8072043478260871,0.8047847826086957,0.8090565217391305,0.8066891304347827,0.8133847826086957,0.8141,0.8141,0.8079195652173914,0.8001043478260871,0.7574826086956522,0.7717456521739131,0.7653195652173913,0.7954413043478261,0.7854304347826089,0.7771847826086957,0.7797847826086958,0.7811760869565217,0.8024086956521741,0.8011739130434783,0.809658695652174,0.7802695652173914,0.7787326086956522,0.7495195652173915,0.630267391304348,0.62985,0.6963391304347827,0.7117,0.6217413043478262,0.6193130434782609,0.7620956521739132
0.8095500000000001,0.8074739130434784,0.8045913043478261,0.8020260869565219,0.8158217391304349,0.8037065217391305,0.8095500000000001,0.8124130434782609,0.812108695652174,0.8150239130434783,0.8159043478260871,0.8066891304347827,0.7990065217391304,0.7775608695652175,0.7616260869565218,0.7075195652173915,0.672763043478261,0.5826565217391304,0.5773391304347826,0.5683826086956523,0.5719630434782609,0.579667391304348,0.5890130434782609,0.6266086956521739,0.7581565217391305,0.8045282608695652,0.7597934782608696,0.785058695652174,0.7948717391304349,0.7982804347826087,0.7755434782608696,0.8043021739130436,0.8004717391304349,0.7866913043478262,0.8080043478260871,0.8150239130434783,0.8147108695652175,0.7863586956521741,0.7730891304347827,0.7658065217391304,0.7149565217391305,0.7146130434782609,0.6875934782608697,0.5799934782608696,0.5296239130434783,0.5425,0.5629456521739131,0.5799347826086957,0.5985021739130436,0.6430847826086957,0.7092,0.8024173913043479,0.8167391304347827,0.8167391304347827,0.8018934782608698,0.783513043478261,0.8103195652173915,0.8150239130434783,0.8081,0.8052913043478261,0.8109847826086957,0.8066891304347827,0.812108695652174,0.8049521739130435,0.7992630434782609,0.8027500000000001,0.7988565217391305,0.7787652173913044,0.7609413043478261,0.8098304347826089,0.7905630434782609,0.8045956521739132,0.8090760869565218,0.785058695652174,0.8141,0.8131304347826088,0.8069456521739131,0.7800652173913044,0.7954413043478261,0.7676021739130435,0.7601913043478261,0.800004347826087,0.7971739130434783,0.7948478260869566,0.7913717391304348,0.7976282608695652,0.8006760869565218,0.8074739130434784,0.8175347826086957,0.8087217391304349,0.7976282608695652,0.7355782608695652,0.7412934782608697,0.6814652173913044,0.6257956521739131,0.653504347826087,0.7000673913043479,0.6398478260869566,0.7487673913043479
0.8076434782608697,0.8091913043478262,0.7645413043478262,0.8103195652173915,0.7886630434782609,0.805913043478261,0.80765,0.8096195652173914,0.8095500000000001,0.8190108695652175,0.8141,0.812108695652174,0.8117521739130436,0.7732565217391305,0.6491065217391304,0.7114086956521739,0.607654347826087,0.5792391304347827,0.5741478260869565,0.5704413043478261,0.6397804347826087,0.5715,0.6851239130434783,0.6274934782608697,0.7768,0.781495652173913,0.8127739130434783,0.7860804347826087,0.806758695652174,0.8022804347826088,0.7736782608695653,0.770208695652174,0.8045956521739132,0.8131304347826088,0.8036847826086958,0.8159043478260871,0.8175347826086957,0.7879630434782608,0.806758695652174,0.7436739130434783,0.6614217391304348,0.6090413043478261,0.5965652173913044,0.6626239130434783,0.5471804347826088,0.5354521739130434,0.5656217391304348,0.5693173913043478,0.593554347826087,0.6455913043478261,0.7232782608695653,0.7798391304347826,0.8131304347826088,0.8060760869565219,0.812908695652174,0.8110347826086958,0.7876152173913044,0.8056130434782609,0.8127739130434783,0.8127739130434783,0.8141,0.8175347826086957,0.8049521739130435,0.8056673913043478,0.8072804347826088,0.7953717391304349,0.8076434782608697,0.7936695652173913,0.7932326086956523,0.750621739130435,0.8054652173913044,0.7679630434782609,0.8089934782608696,0.812108695652174,0.8159043478260871,0.8159043478260871,0.8103195652173915,0.7991695652173914,0.7504673913043479,0.7742195652173913,0.7989804347826088,0.7756956521739131,0.7755869565217393,0.7915934782608696,0.7540760869565218,0.8039847826086958,0.8010282608695652,0.8141,0.8085847826086957,0.8044282608695653,0.7787543478260871,0.7385543478260871,0.715163043478261,0.6998108695652174,0.7058108695652174,0.7236065217391305,0.7075130434782609,0.7182369565217391,0.7524
0.8069456521739131,0.7732065217391305,0.7954413043478261,0.7995913043478261,0.8074695652173914,0.7991565217391305,0.8131304347826088,0.809958695652174,0.8095500000000001,0.8109847826086957,0.8175760869565218,0.8110934782608696,0.8076434782608697,0.7616260869565218,0.7435086956521739,0.7034782608695652,0.6071108695652174,0.5827,0.5756847826086957,0.5738369565217392,0.5703369565217391,0.5744260869565218,0.668063043478261,0.7055347826086957,0.766708695652174,0.7929326086956523,0.7817934782608698,0.806163043478261,0.8083652173913044,0.8060326086956522,0.7709782608695652,0.7965391304347827,0.8091913043478262,0.8037391304347827,0.8027500000000001,0.8120521739130435,0.8081456521739131,0.7974608695652174,0.8084652173913044,0.7487456521739131,0.7440760869565218,0.7123652173913044,0.678554347826087,0.5833630434782608,0.5300304347826087,0.5437673913043479,0.547,0.5786413043478261,0.5874782608695652,0.7243913043478262,0.6189456521739131,0.7609847826086958,0.7854304347826089,0.8141,0.8049521739130435,0.7995913043478261,0.8116891304347826,0.7874065217391305,0.812108695652174,0.8124130434782609,0.8099065217391306,0.8141,0.8089934782608696,0.8087478260869566,0.814308695652174,0.8031195652173914,0.7789739130434784,0.8029760869565218,0.7992804347826087,0.7836260869565218,0.8078695652173913,0.811995652173913,0.8003173913043479,0.8175347826086957,0.8085847826086957,0.8103000000000001,0.8034673913043479,0.8038782608695654,0.7828565217391305,0.7619391304347827,0.7817717391304349,0.7780282608695653,0.7915978260869566,0.7533956521739131,0.8005000000000001,0.8024086956521741,0.806758695652174,0.7789739130434784,0.8141,0.8113934782608696,0.7852021739130436,0.7674739130434783,0.6463347826086957,0.7084934782608697,0.615295652173913,0.6436021739130434,0.7010021739130435,0.6364021739130435,0.7600086956521739
0.7753521739130436,0.7971847826086957,0.7926478260869566,0.806758695652174,0.8063326086956523,0.7811673913043479,0.8087217391304349,0.8103195652173915,0.8110347826086958,0.8167391304347827,0.8135826086956522,0.8150239130434783,0.8047217391304349,0.8033434782608696,0.7512565217391305,0.6238347826086957,0.6936978260869565,0.5863,0.5668608695652175,0.569467391304348,0.5526717391304349,0.568695652173913,0.5871978260869566,0.7091913043478262,0.7719956521739131,0.7616260869565218,0.7863021739130436,0.8141,0.8045282608695652,0.8010282608695652,0.770208695652174,0.7957434782608697,0.8006760869565218,0.7741456521739131,0.7976282608695652,0.8034673913043479,0.8066891304347827,0.8072043478260871,0.7764891304347826,0.757713043478261,0.7255478260869566,0.6851717391304348,0.6029565217391305,0.5767043478260869,0.5325347826086957,0.5436978260869566,0.5487326086956522,0.5781434782608696,0.5943130434782609,0.7038260869565218,0.703113043478261,0.7624326086956522,0.7800978260869565,0.8150239130434783,0.8091913043478262,0.8124130434782609,0.8133847826086957,0.8160239130434783,0.812658695652174,0.8113934782608696,0.8159043478260871,0.8150239130434783,0.8124130434782609,0.8102695652173914,0.8077304347826088,0.8099326086956523,0.8127739130434783,0.810667391304348,0.7997217391304349,0.7766413043478262,0.7915282608695652,0.8051956521739131,0.8133847826086957,0.8167391304347827,0.8076608695652174,0.8159043478260871,0.8103195652173915,0.810667391304348,0.7771673913043479,0.7707173913043479,0.7785282608695652,0.8054478260869566,0.7564500000000001,0.7965369565217392,0.7407847826086957,0.7953869565217392,0.8017565217391306,0.8131304347826088,0.8074739130434784,0.8063956521739131,0.7640347826086958,0.729854347826087,0.7533673913043478,0.6982891304347827,0.6242,0.7321652173913045,0.7053478260869566,0.6418913043478262,0.7483413043478261
0.8124130434782609,0.8088304347826089,0.8034673913043479,0.8012021739130435,0.8101326086956522,0.7813108695652174,0.8127739130434783,0.8015652173913044,0.8190108695652175,0.8159043478260871,0.8168195652173913,0.8133847826086957,0.8058521739130435,0.7825108695652174,0.7646173913043479,0.7274282608695652,0.6673586956521739,0.585504347826087,0.5786478260869566,0.5641565217391304,0.5619108695652174,0.5756260869565217,0.6687891304347827,0.6229891304347827,0.7661304347826088,0.8091913043478262,0.7880434782608696,0.8058978260869566,0.8103195652173915,0.7956608695652174,0.7687608695652174,0.7599195652173915,0.7709347826086957,0.7662152173913044,0.7907021739130435,0.812658695652174,0.812108695652174,0.8044456521739131,0.663358695652174,0.7466108695652174,0.7375978260869566,0.6950500000000001,0.5882869565217391,0.5826065217391305,0.5362739130434783,0.5308369565217392,0.5408695652173914,0.5736282608695653,0.6017630434782609,0.62255,0.7261804347826087,0.770208695652174,0.8131304347826088,0.8141,0.7964695652173913,0.8103195652173915,0.8124130434782609,0.8103000000000001,0.8130239130434783,0.8113217391304348,0.8124130434782609,0.8133847826086957,0.8167391304347827,0.8168195652173913,0.8135826086956522,0.8065434782608696,0.8033891304347827,0.8103000000000001,0.7764173913043478,0.8010326086956523,0.8010326086956523,0.798358695652174,0.8055565217391305,0.7893304347826088,0.8150239130434783,0.8124130434782609,0.8010978260869566,0.7779021739130436,0.7616260869565218,0.7779565217391304,0.7770130434782608,0.7679630434782609,0.755504347826087,0.7785282608695652,0.7732630434782609,0.771508695652174,0.7771847826086957,0.8103195652173915,0.8109847826086957,0.8100152173913044,0.7384239130434783,0.7480217391304349,0.7303608695652174,0.6097456521739131,0.700813043478261,0.7474565217391305,0.7088760869565218,0.713854347826087,0.7536565217391306
0.806163043478261,0.7717652173913044,0.7884086956521741,0.8133847826086957,0.8048304347826087,0.8127739130434783,0.7900652173913044,0.7925456521739132,0.8125695652173914,0.8113934782608696,0.812108695652174,0.8095826086956522,0.8074739130434784,0.8010978260869566,0.7501869565217392,0.6287739130434783,0.6043239130434783,0.5810978260869566,0.5838630434782609,0.5762108695652175,0.5650913043478262,0.5745456521739131,0.5864695652173914,0.6232391304347827,0.6702260869565217,0.7865217391304349,0.7691021739130435,0.7997217391304349,0.7774021739130437,0.8110347826086958,0.7561239130434784,0.7603500000000001,0.8008391304347827,0.8054478260869566,0.8089934782608696,0.8175347826086957,0.8034673913043479,0.8092978260869567,0.790645652173913,0.7481782608695653,0.7521173913043478,0.6054956521739131,0.6002739130434783,0.6571760869565219,0.5349717391304348,0.5262673913043479,0.56555,0.575591304347826,0.5955,0.7151369565217391,0.6308630434782609,0.7558782608695652,0.8036804347826088,0.8038782608695654,0.8124130434782609,0.8061717391304348,0.8182913043478262,0.8151869565217392,0.8141,0.814308695652174,0.8137434782608697,0.8182913043478262,0.8133847826086957,0.8124130434782609,0.8002217391304349,0.7950652173913044,0.8052478260869566,0.8081,0.8092282608695653,0.8102695652173914,0.7954413043478261,0.7766434782608697,0.8087217391304349,0.8119086956521739,0.812108695652174,0.7883304347826087,0.8124130434782609,0.7948717391304349,0.7453369565217391,0.764904347826087,0.7551391304347826,0.7830782608695653,0.7970869565217391,0.7638108695652175,0.8012891304347827,0.8103195652173915,0.8087217391304349,0.8150239130434783,0.8066891304347827,0.8047847826086957,0.7744652173913045,0.7575195652173913,0.6592739130434783,0.7041782608695653,0.6028652173913044,0.7267934782608697,0.6331608695652174,0.7245934782608695,0.7884478260869565
