Time 0,Time 10,Time 20,Time 30,Time 40,Time 50,Time 60,Time 70,Time 80,Time 90,Time 100,Time 110,Time 120,Time 130,Time 140,Time 150,Time 160,Time 170,Time 180,Time 190,Time 200,Time 210,Time 220,Time 230,Time 240,Time 250,Time 260,Time 270,Time 280,Time 290,Time 300,Time 310,Time 320,Time 330,Time 340,Time 350,Time 360,Time 370,Time 380,Time 390,Time 400,Time 410,Time 420,Time 430,Time 440,Time 450,Time 460,Time 470,Time 480,Time 490,Time 500,Time 510,Time 520,Time 530,Time 540,Time 550,Time 560,Time 570,Time 580,Time 590,Time 600,Time 610,Time 620,Time 630,Time 640,Time 650,Time 660,Time 670,Time 680,Time 690,Time 700,Time 710,Time 720,Time 730,Time 740,Time 750,Time 760,Time 770,Time 780,Time 790,Time 800,Time 810,Time 820,Time 830,Time 840,Time 850,Time 860,Time 870,Time 880,Time 890,Time 900,Time 910,Time 920,Time 930,Time 940,Time 950,Time 960,Time 970,Time 980
0.8043478260869567,0.8043478260869567,0.8043478260869567,0.8043478260869567,0.8043478260869567,0.8043478260869567,0.8043478260869567,0.8043478260869567,0.8043478260869567,0.8043478260869567,0.8043478260869567,0.8043478260869567,0.8043478260869567,0.8043478260869567,0.8036152173913044,0.8012326086956523,0.7734565217391305,0.7565347826086957,0.7336913043478261,0.7160000000000001,0.7397021739130436,0.6354804347826087,0.7561478260869565,0.8043478260869567,0.8043478260869567,0.8043478260869567,0.8043478260869567,0.8043478260869567,0.8043478260869567,0.8043478260869567,0.8043478260869567,0.8043478260869567,0.8043478260869567,0.8043478260869567,0.8043478260869567,0.8043478260869567,0.8043478260869567,0.8043478260869567,0.8043478260869567,0.8036152173913044,0.8043478260869567,0.8036152173913044,0.7879978260869566,0.7539869565217392,0.6996913043478262,0.705304347826087,0.7106282608695652,0.725058695652174,0.8001304347826088,0.7979065217391306,0.8032456521739132,0.8043478260869567,0.8043478260869567,0.8043478260869567,0.8043478260869567,0.8043478260869567,0.8043478260869567,0.8043478260869567,0.8043478260869567,0.8043478260869567,0.8043478260869567,0.8043478260869567,0.8043478260869567,0.8043478260869567,0.8043478260869567,0.8043478260869567,0.8043478260869567,0.8043478260869567,0.8043478260869567,0.8043478260869567,0.8043478260869567,0.8043478260869567,0.8043478260869567,0.8043478260869567,0.8043478260869567,0.8043478260869567,0.8043478260869567,0.7979065217391306,0.8043478260869567,0.8043478260869567,0.8043478260869567,0.8043478260869567,0.8043478260869567,0.8043478260869567,0.8043478260869567,0.8043478260869567,0.8043478260869567,0.8043478260869567,0.8043478260869567,0.8043478260869567,0.8043478260869567,0.8043478260869567,0.7712130434782609,0.7979065217391306,0.7712130434782609,0.7979065217391306,0.7972065217391305,0.803645652173913,0.8039804347826088
0.8043478260869567,0.8043478260869567,0.8043478260869567,0.8043478260869567,0.8043478260869567,0.8043478260869567,0.8043478260869567,0.8043478260869567,0.8043478260869567,0.8043478260869567,0.8043478260869567,0.8043478260869567,0.8043478260869567,0.8043478260869567,0.8043478260869567,0.8043478260869567,0.7954065217391305,0.7772934782608696,0.6442260869565217,0.7226804347826087,0.7342956521739131,0.6468391304347827,0.7579065217391305,0.7856260869565218,0.8012326086956523,0.8043478260869567,0.8043478260869567,0.8043478260869567,0.8043478260869567,0.8043478260869567,0.7979065217391306,0.8043478260869567,0.8043478260869567,0.8043478260869567,0.8043478260869567,0.8043478260869567,0.8043478260869567,0.8043478260869567,0.8043478260869567,0.8043478260869567,0.8043478260869567,0.8043478260869567,0.7347369565217392,0.7431326086956521,0.6829108695652174,0.7088804347826086,0.6359978260869565,0.6506782608695653,0.7558326086956522,0.7904978260869565,0.7975391304347828,0.7979065217391306,0.8043478260869567,0.8043478260869567,0.8043478260869567,0.8043478260869567,0.8043478260869567,0.8043478260869567,0.8043478260869567,0.8043478260869567,0.8043478260869567,0.8043478260869567,0.8043478260869567,0.8043478260869567,0.8043478260869567,0.8043478260869567,0.8043478260869567,0.8043478260869567,0.8043478260869567,0.8043478260869567,0.8043478260869567,0.8043478260869567,0.8043478260869567,0.8043478260869567,0.8043478260869567,0.8043478260869567,0.8043478260869567,0.8043478260869567,0.7979065217391306,0.8043478260869567,0.8043478260869567,0.8043478260869567,0.8043478260869567,0.8043478260869567,0.8043478260869567,0.8043478260869567,0.8043478260869567,0.8043478260869567,0.8043478260869567,0.8043478260869567,0.8043478260869567,0.8043478260869567,0.8043478260869567,0.8043478260869567,0.803645652173913,0.8043478260869567,0.8043478260869567,0.8043478260869567,0.803645652173913
0.8043478260869567,0.8043478260869567,0.8043478260869567,0.8043478260869567,0.8043478260869567,0.8043478260869567,0.8043478260869567,0.8043478260869567,0.8043478260869567,0.8043478260869567,0.8043478260869567,0.8043478260869567,0.8043478260869567,0.8043478260869567,0.8043478260869567,0.8029239130434784,0.8043478260869567,0.7812347826086957,0.7206543478260871,0.6420304347826087,0.6367391304347827,0.636708695652174,0.7701326086956521,0.7979065217391306,0.8043478260869567,0.8043478260869567,0.8043478260869567,0.8043478260869567,0.8043478260869567,0.8043478260869567,0.8043478260869567,0.8043478260869567,0.8043478260869567,0.8043478260869567,0.8043478260869567,0.8043478260869567,0.8043478260869567,0.8043478260869567,0.7979065217391306,0.8043478260869567,0.8043478260869567,0.7972065217391305,0.7375760869565219,0.7511326086956522,0.7046195652173913,0.6258217391304348,0.7124434782608696,0.722104347826087,0.7769391304347827,0.8005304347826088,0.8039239130434784,0.8043478260869567,0.8043478260869567,0.8043478260869567,0.8043478260869567,0.8043478260869567,0.8043478260869567,0.8043478260869567,0.8043478260869567,0.8043478260869567,0.8043478260869567,0.8043478260869567,0.8043478260869567,0.8043478260869567,0.8043478260869567,0.8043478260869567,0.8043478260869567,0.8043478260869567,0.8043478260869567,0.8043478260869567,0.8043478260869567,0.8043478260869567,0.8043478260869567,0.8043478260869567,0.8043478260869567,0.8043478260869567,0.8043478260869567,0.8043478260869567,0.8043478260869567,0.8043478260869567,0.8043478260869567,0.8043478260869567,0.8043478260869567,0.8043478260869567,0.8043478260869567,0.8043478260869567,0.8043478260869567,0.8043478260869567,0.7979065217391306,0.8043478260869567,0.8043478260869567,0.8043478260869567,0.8012326086956523,0.7979065217391306,0.7979065217391306,0.8043478260869567,0.8042913043478263,0.8043478260869567,0.8043478260869567
0.8043478260869567,0.8043478260869567,0.8043478260869567,0.8043478260869567,0.8043478260869567,0.8043478260869567,0.8043478260869567,0.8043478260869567,0.8043478260869567,0.8043478260869567,0.8043478260869567,0.8043478260869567,0.8043478260869567,0.8043478260869567,0.8029347826086958,0.8043478260869567,0.7979065217391306,0.7526934782608696,0.7426804347826088,0.7289130434782609,0.6343173913043479,0.70145,0.756554347826087,0.777654347826087,0.8043478260869567,0.8036152173913044,0.8043478260869567,0.8043478260869567,0.8043478260869567,0.8043478260869567,0.8043478260869567,0.8043478260869567,0.8043478260869567,0.8043478260869567,0.8043478260869567,0.8043478260869567,0.8043478260869567,0.8043478260869567,0.8043478260869567,0.8043478260869567,0.8012326086956523,0.8012326086956523,0.7612608695652175,0.7239326086956522,0.6082282608695653,0.6159695652173913,0.7088021739130435,0.7149695652173913,0.7704565217391306,0.8043478260869567,0.8043478260869567,0.8043478260869567,0.8043478260869567,0.8043478260869567,0.8043478260869567,0.8043478260869567,0.8043478260869567,0.8043478260869567,0.8043478260869567,0.8043478260869567,0.8043478260869567,0.8043478260869567,0.8043478260869567,0.8043478260869567,0.8043478260869567,0.8043478260869567,0.8043478260869567,0.8043478260869567,0.8043478260869567,0.8043478260869567,0.8043478260869567,0.8043478260869567,0.8043478260869567,0.8043478260869567,0.8043478260869567,0.8043478260869567,0.8043478260869567,0.8043478260869567,0.8043478260869567,0.8043478260869567,0.8043478260869567,0.8043478260869567,0.7979065217391306,0.7979065217391306,0.8043478260869567,0.8043478260869567,0.8043478260869567,0.8043478260869567,0.8043478260869567,0.8043478260869567,0.8043478260869567,0.8043478260869567,0.803645652173913,0.8043478260869567,0.777654347826087,0.8043478260869567,0.7979065217391306,0.8043478260869567,0.8043478260869567
0.8043478260869567,0.8043478260869567,0.8043478260869567,0.8043478260869567,0.8043478260869567,0.8043478260869567,0.8043478260869567,0.8043478260869567,0.8043478260869567,0.8043478260869567,0.8043478260869567,0.8043478260869567,0.8043478260869567,0.8043478260869567,0.8043478260869567,0.7979065217391306,0.7631021739130436,0.7794260869565217,0.6252434782608697,0.7205456521739132,0.7173065217391305,0.7312891304347826,0.7396826086956523,0.784863043478261,0.8043478260869567,0.8043478260869567,0.8043478260869567,0.8043478260869567,0.8043478260869567,0.8043478260869567,0.8043478260869567,0.8043478260869567,0.8043478260869567,0.8043478260869567,0.8043478260869567,0.8043478260869567,0.8043478260869567,0.8043478260869567,0.8043478260869567,0.7979065217391306,0.8043478260869567,0.7904978260869565,0.8018326086956522,0.7614000000000001,0.7083804347826087,0.6198891304347827,0.6474826086956522,0.7419173913043479,0.7616717391304347,0.8043478260869567,0.7979065217391306,0.8043478260869567,0.8043478260869567,0.8043478260869567,0.8043478260869567,0.803645652173913,0.8043478260869567,0.8043478260869567,0.8043478260869567,0.8043478260869567,0.8043478260869567,0.8043478260869567,0.8043478260869567,0.8043478260869567,0.8043478260869567,0.8043478260869567,0.8043478260869567,0.8043478260869567,0.8043478260869567,0.8043478260869567,0.8043478260869567,0.8043478260869567,0.8043478260869567,0.8043478260869567,0.8043478260869567,0.8043478260869567,0.8043478260869567,0.8043478260869567,0.8043478260869567,0.8043478260869567,0.8043478260869567,0.8043478260869567,0.8043478260869567,0.8043478260869567,0.8043478260869567,0.8043478260869567,0.8043478260869567,0.8043478260869567,0.8043478260869567,0.8043478260869567,0.8043478260869567,0.8043478260869567,0.8043478260869567,0.7904978260869565,0.7972065217391305,0.8043478260869567,0.803645652173913,0.8043478260869567,0.8043478260869567
0.8043478260869567,0.8043478260869567,0.8043478260869567,0.8043478260869567,0.8043478260869567,0.8043478260869567,0.8043478260869567,0.8043478260869567,0.8043478260869567,0.8043478260869567,0.8043478260869567,0.8043478260869567,0.8043478260869567,0.8043478260869567,0.8043478260869567,0.8039804347826088,0.7723934782608696,0.7891608695652175,0.7352652173913045,0.715908695652174,0.7170369565217393,0.7289217391304349,0.7708478260869566,0.8043478260869567,0.8043478260869567,0.8043478260869567,0.8043478260869567,0.8043478260869567,0.8012326086956523,0.8043478260869567,0.8043478260869567,0.8043478260869567,0.8043478260869567,0.8043478260869567,0.8043478260869567,0.8043478260869567,0.8043478260869567,0.8043478260869567,0.8043478260869567,0.8043478260869567,0.8043478260869567,0.8043478260869567,0.7957500000000001,0.752508695652174,0.7147413043478261,0.6260239130434784,0.6988239130434784,0.737117391304348,0.7894152173913044,0.8043478260869567,0.7957739130434783,0.8043478260869567,0.8043478260869567,0.8043478260869567,0.8043478260869567,0.8043478260869567,0.8043478260869567,0.8043478260869567,0.8043478260869567,0.8043478260869567,0.8043478260869567,0.8043478260869567,0.8043478260869567,0.8043478260869567,0.8043478260869567,0.8043478260869567,0.8043478260869567,0.8043478260869567,0.8043478260869567,0.8043478260869567,0.8043478260869567,0.8043478260869567,0.8043478260869567,0.8043478260869567,0.8043478260869567,0.8043478260869567,0.8043478260869567,0.8043478260869567,0.8043478260869567,0.8043478260869567,0.8043478260869567,0.8043478260869567,0.8043478260869567,0.7979065217391306,0.8043478260869567,0.8043478260869567,0.8043478260869567,0.8043478260869567,0.8043478260869567,0.8043478260869567,0.8043478260869567,0.8043478260869567,0.8043478260869567,0.8043478260869567,0.803645652173913,0.803645652173913,0.8043478260869567,0.7904978260869565,0.8043478260869567
0.8043478260869567,0.8043478260869567,0.8043478260869567,0.8043478260869567,0.8043478260869567,0.8043478260869567,0.8043478260869567,0.8043478260869567,0.8043478260869567,0.8043478260869567,0.8043478260869567,0.8043478260869567,0.8043478260869567,0.8043478260869567,0.8043478260869567,0.8043478260869567,0.8029347826086958,0.7284434782608696,0.7274695652173914,0.755454347826087,0.634454347826087,0.6369108695652175,0.7734717391304349,0.7936391304347826,0.8043478260869567,0.8043478260869567,0.8043478260869567,0.8043478260869567,0.8043478260869567,0.8043478260869567,0.8043478260869567,0.8043478260869567,0.8043478260869567,0.8043478260869567,0.8043478260869567,0.8043478260869567,0.8043478260869567,0.8043478260869567,0.8043478260869567,0.8043478260869567,0.8043478260869567,0.7979065217391306,0.7762195652173914,0.7338000000000001,0.6985695652173914,0.7018826086956522,0.6283565217391305,0.7127239130434783,0.7690695652173914,0.7975391304347828,0.7972065217391305,0.8043478260869567,0.8043478260869567,0.8043478260869567,0.8043478260869567,0.8043478260869567,0.8043478260869567,0.8043478260869567,0.8043478260869567,0.8043478260869567,0.8043478260869567,0.8043478260869567,0.8043478260869567,0.8043478260869567,0.8043478260869567,0.8043478260869567,0.8043478260869567,0.8043478260869567,0.8043478260869567,0.8043478260869567,0.8043478260869567,0.8043478260869567,0.8043478260869567,0.8043478260869567,0.8043478260869567,0.8043478260869567,0.8043478260869567,0.8043478260869567,0.8043478260869567,0.8043478260869567,0.8043478260869567,0.8043478260869567,0.8043478260869567,0.8043478260869567,0.8043478260869567,0.8043478260869567,0.8043478260869567,0.8043478260869567,0.8043478260869567,0.8043478260869567,0.8043478260869567,0.8043478260869567,0.8039978260869566,0.7964739130434784,0.8043478260869567,0.8043478260869567,0.803645652173913,0.7972065217391305,0.8043478260869567
0.8043478260869567,0.8043478260869567,0.8043478260869567,0.8043478260869567,0.8043478260869567,0.8043478260869567,0.8043478260869567,0.8043478260869567,0.8043478260869567,0.8043478260869567,0.8043478260869567,0.8043478260869567,0.8043478260869567,0.8043478260869567,0.8043478260869567,0.8043478260869567,0.763358695652174,0.7446065217391304,0.7231869565217391,0.7197913043478262,0.7283239130434783,0.7184456521739131,0.7777891304347826,0.770513043478261,0.8043478260869567,0.8043478260869567,0.8043478260869567,0.8043478260869567,0.8043478260869567,0.8043478260869567,0.8043478260869567,0.8043478260869567,0.8043478260869567,0.8043478260869567,0.8043478260869567,0.8043478260869567,0.8043478260869567,0.8043478260869567,0.8043478260869567,0.8043478260869567,0.7979065217391306,0.8036152173913044,0.7968391304347827,0.7312326086956522,0.6187195652173915,0.7025630434782609,0.711413043478261,0.7235043478260871,0.8018500000000001,0.8043478260869567,0.8043478260869567,0.8043478260869567,0.8043478260869567,0.8043478260869567,0.8043478260869567,0.8043478260869567,0.8043478260869567,0.8043478260869567,0.8043478260869567,0.8043478260869567,0.8043478260869567,0.8043478260869567,0.8043478260869567,0.8043478260869567,0.8043478260869567,0.8043478260869567,0.8043478260869567,0.7979065217391306,0.8043478260869567,0.8043478260869567,0.8043478260869567,0.8043478260869567,0.8043478260869567,0.8043478260869567,0.8043478260869567,0.8043478260869567,0.8043478260869567,0.8043478260869567,0.8043478260869567,0.8043478260869567,0.8043478260869567,0.8043478260869567,0.8043478260869567,0.8043478260869567,0.8043478260869567,0.8043478260869567,0.8043478260869567,0.8043478260869567,0.8043478260869567,0.8043478260869567,0.8043478260869567,0.8043478260869567,0.8043478260869567,0.803645652173913,0.8036152173913044,0.7979065217391306,0.8043478260869567,0.7979065217391306,0.8043478260869567
0.8043478260869567,0.8043478260869567,0.8043478260869567,0.8043478260869567,0.8043478260869567,0.8043478260869567,0.8043478260869567,0.8043478260869567,0.8043478260869567,0.8043478260869567,0.8043478260869567,0.8043478260869567,0.8043478260869567,0.8043478260869567,0.803645652173913,0.803645652173913,0.7856586956521739,0.7223326086956522,0.6458891304347827,0.72855,0.7317434782608696,0.72035,0.7894282608695654,0.8043478260869567,0.8043478260869567,0.8043478260869567,0.8043478260869567,0.8043478260869567,0.8043478260869567,0.8043478260869567,0.8043478260869567,0.8043478260869567,0.8043478260869567,0.8043478260869567,0.8043478260869567,0.8043478260869567,0.8043478260869567,0.8043478260869567,0.8043478260869567,0.8043478260869567,0.8043478260869567,0.8039978260869566,0.7971739130434783,0.7408086956521739,0.7020173913043479,0.7046195652173913,0.632958695652174,0.6458,0.74605,0.8043478260869567,0.8012326086956523,0.8043478260869567,0.8043478260869567,0.8043478260869567,0.8043478260869567,0.8043478260869567,0.8043478260869567,0.8043478260869567,0.8043478260869567,0.8043478260869567,0.8043478260869567,0.8043478260869567,0.8043478260869567,0.8043478260869567,0.8043478260869567,0.8043478260869567,0.8043478260869567,0.8043478260869567,0.8043478260869567,0.8043478260869567,0.8043478260869567,0.8043478260869567,0.8043478260869567,0.8043478260869567,0.8043478260869567,0.8043478260869567,0.8043478260869567,0.8043478260869567,0.8043478260869567,0.8043478260869567,0.8043478260869567,0.8043478260869567,0.8043478260869567,0.8043478260869567,0.8043478260869567,0.8043478260869567,0.8043478260869567,0.8043478260869567,0.8043478260869567,0.8043478260869567,0.8043478260869567,0.8043478260869567,0.7979065217391306,0.8043478260869567,0.8005304347826088,0.8043478260869567,0.8039978260869566,0.803645652173913,0.8043478260869567
0.8043478260869567,0.8043478260869567,0.8043478260869567,0.8043478260869567,0.8043478260869567,0.8043478260869567,0.8043478260869567,0.8043478260869567,0.8043478260869567,0.8043478260869567,0.8043478260869567,0.8043478260869567,0.8043478260869567,0.8012326086956523,0.8012326086956523,0.7979065217391306,0.8028760869565218,0.7458152173913043,0.7728217391304348,0.7102152173913043,0.74155,0.654495652173913,0.7718478260869566,0.8043478260869567,0.8043478260869567,0.8043478260869567,0.8043478260869567,0.8043478260869567,0.8043478260869567,0.8043478260869567,0.8043478260869567,0.8043478260869567,0.8043478260869567,0.8043478260869567,0.8043478260869567,0.8043478260869567,0.8043478260869567,0.8043478260869567,0.8043478260869567,0.8043478260869567,0.8043478260869567,0.8043478260869567,0.7953934782608696,0.7338565217391306,0.6188456521739131,0.6345847826086957,0.6390739130434783,0.733808695652174,0.7972065217391305,0.7979065217391306,0.8039804347826088,0.8043478260869567,0.8043478260869567,0.8043478260869567,0.8043478260869567,0.8043478260869567,0.8043478260869567,0.8043478260869567,0.8043478260869567,0.8043478260869567,0.8043478260869567,0.8043478260869567,0.8043478260869567,0.8043478260869567,0.8043478260869567,0.8043478260869567,0.8043478260869567,0.8043478260869567,0.8043478260869567,0.8043478260869567,0.8043478260869567,0.8043478260869567,0.8043478260869567,0.8043478260869567,0.8043478260869567,0.8043478260869567,0.8043478260869567,0.8043478260869567,0.8043478260869567,0.8043478260869567,0.8043478260869567,0.8043478260869567,0.8043478260869567,0.8043478260869567,0.8043478260869567,0.8043478260869567,0.8043478260869567,0.8043478260869567,0.8043478260869567,0.8043478260869567,0.803645652173913,0.8043478260869567,0.8043478260869567,0.7704804347826087,0.8043478260869567,0.8043478260869567,0.803645652173913,0.803645652173913,0.8043478260869567
0.8043478260869567,0.8043478260869567,0.8043478260869567,0.8043478260869567,0.8043478260869567,0.8043478260869567,0.8043478260869567,0.8043478260869567,0.8043478260869567,0.8043478260869567,0.8043478260869567,0.8043478260869567,0.8043478260869567,0.8043478260869567,0.7979065217391306,0.8005304347826088,0.7723239130434784,0.7709369565217392,0.7739,0.7266717391304349,0.6371695652173913,0.7622586956521739,0.7432021739130436,0.8043478260869567,0.8043478260869567,0.8043478260869567,0.8043478260869567,0.8043478260869567,0.8043478260869567,0.8043478260869567,0.8043478260869567,0.8043478260869567,0.8043478260869567,0.8043478260869567,0.8043478260869567,0.8043478260869567,0.8043478260869567,0.8043478260869567,0.8043478260869567,0.8043478260869567,0.8043478260869567,0.8043478260869567,0.793608695652174,0.7394891304347827,0.6993282608695652,0.6148847826086956,0.640558695652174,0.7286086956521739,0.7777891304347826,0.7975391304347828,0.7769217391304348,0.8043478260869567,0.8043478260869567,0.8043478260869567,0.8043478260869567,0.8043478260869567,0.8043478260869567,0.8043478260869567,0.8043478260869567,0.8043478260869567,0.8043478260869567,0.8043478260869567,0.8043478260869567,0.8043478260869567,0.8043478260869567,0.8043478260869567,0.8043478260869567,0.8043478260869567,0.8043478260869567,0.8043478260869567,0.8043478260869567,0.8043478260869567,0.8043478260869567,0.8043478260869567,0.8043478260869567,0.8043478260869567,0.8043478260869567,0.8043478260869567,0.8043478260869567,0.8043478260869567,0.8043478260869567,0.8043478260869567,0.8043478260869567,0.8043478260869567,0.8043478260869567,0.8043478260869567,0.8043478260869567,0.8043478260869567,0.8043478260869567,0.8043478260869567,0.8043478260869567,0.8043478260869567,0.8043478260869567,0.803645652173913,0.7979065217391306,0.8043478260869567,0.7920043478260871,0.7920043478260871,0.8043478260869567
0.8043478260869567,0.8043478260869567,0.8043478260869567,0.8043478260869567,0.8043478260869567,0.8043478260869567,0.8043478260869567,0.8043478260869567,0.8043478260869567,0.8043478260869567,0.8043478260869567,0.8043478260869567,0.8043478260869567,0.803645652173913,0.8043478260869567,0.803645652173913,0.7904978260869565,0.7334239130434784,0.7240260869565218,0.7238478260869565,0.6368586956521739,0.7305652173913043,0.7834630434782609,0.777654347826087,0.8043478260869567,0.8043478260869567,0.8043478260869567,0.8043478260869567,0.8043478260869567,0.8043478260869567,0.8043478260869567,0.8043478260869567,0.8043478260869567,0.8043478260869567,0.8043478260869567,0.8043478260869567,0.8043478260869567,0.8043478260869567,0.8043478260869567,0.8043478260869567,0.8043478260869567,0.777654347826087,0.7857652173913043,0.7628673913043479,0.7037630434782609,0.7036891304347828,0.6303739130434783,0.7492891304347827,0.7708478260869566,0.7975391304347828,0.7972065217391305,0.8043478260869567,0.8043478260869567,0.8043478260869567,0.8043478260869567,0.8043478260869567,0.8043478260869567,0.8043478260869567,0.8043478260869567,0.8043478260869567,0.8043478260869567,0.8043478260869567,0.8043478260869567,0.8043478260869567,0.8043478260869567,0.8043478260869567,0.8043478260869567,0.8043478260869567,0.8043478260869567,0.8043478260869567,0.8043478260869567,0.8043478260869567,0.8043478260869567,0.8043478260869567,0.8043478260869567,0.8043478260869567,0.8043478260869567,0.8043478260869567,0.8043478260869567,0.8043478260869567,0.8043478260869567,0.8043478260869567,0.7979065217391306,0.8043478260869567,0.8043478260869567,0.8043478260869567,0.8043478260869567,0.8043478260869567,0.8043478260869567,0.8043478260869567,0.8043478260869567,0.8043478260869567,0.8043478260869567,0.803645652173913,0.7979065217391306,0.8043478260869567,0.777654347826087,0.7979065217391306,0.8043478260869567
0.8043478260869567,0.8043478260869567,0.8043478260869567,0.8043478260869567,0.8043478260869567,0.8043478260869567,0.8043478260869567,0.8043478260869567,0.8043478260869567,0.8043478260869567,0.8043478260869567,0.8043478260869567,0.8043478260869567,0.8043478260869567,0.8043478260869567,0.8029347826086958,0.7697804347826087,0.752504347826087,0.7292695652173913,0.7649934782608696,0.6355869565217392,0.6452391304347826,0.7802195652173913,0.8043478260869567,0.8043478260869567,0.8043478260869567,0.8043478260869567,0.8043478260869567,0.8043478260869567,0.8043478260869567,0.8043478260869567,0.8043478260869567,0.8043478260869567,0.8043478260869567,0.8043478260869567,0.8043478260869567,0.8043478260869567,0.8043478260869567,0.8036152173913044,0.8043478260869567,0.7979065217391306,0.8012326086956523,0.7968391304347827,0.7385369565217391,0.6982239130434783,0.7065413043478261,0.697354347826087,0.6434152173913045,0.7916391304347826,0.8043478260869567,0.8043478260869567,0.8043478260869567,0.8043478260869567,0.8043478260869567,0.8043478260869567,0.8043478260869567,0.8043478260869567,0.8043478260869567,0.8043478260869567,0.8043478260869567,0.8043478260869567,0.8043478260869567,0.8043478260869567,0.8043478260869567,0.8043478260869567,0.8043478260869567,0.8043478260869567,0.8043478260869567,0.8043478260869567,0.8043478260869567,0.8043478260869567,0.8043478260869567,0.8043478260869567,0.8043478260869567,0.8043478260869567,0.8043478260869567,0.8043478260869567,0.8043478260869567,0.8043478260869567,0.8043478260869567,0.8043478260869567,0.8043478260869567,0.8043478260869567,0.8043478260869567,0.8043478260869567,0.8043478260869567,0.8043478260869567,0.8043478260869567,0.8043478260869567,0.8043478260869567,0.8043478260869567,0.8043478260869567,0.8039804347826088,0.803645652173913,0.7979065217391306,0.8043478260869567,0.8043478260869567,0.803645652173913,0.8043478260869567
0.8043478260869567,0.8043478260869567,0.8043478260869567,0.8043478260869567,0.8043478260869567,0.8043478260869567,0.8043478260869567,0.8043478260869567,0.8043478260869567,0.8043478260869567,0.8043478260869567,0.8043478260869567,0.8043478260869567,0.8043478260869567,0.8043478260869567,0.8043478260869567,0.7550804347826088,0.7710608695652174,0.6447065217391305,0.6464282608695652,0.726708695652174,0.6443326086956522,0.7571369565217392,0.770513043478261,0.8043478260869567,0.8043478260869567,0.8043478260869567,0.8043478260869567,0.8043478260869567,0.8043478260869567,0.8043478260869567,0.8043478260869567,0.8043478260869567,0.8043478260869567,0.8043478260869567,0.8043478260869567,0.8043478260869567,0.8043478260869567,0.8043478260869567,0.8043478260869567,0.8043478260869567,0.8043478260869567,0.7767413043478262,0.7351391304347826,0.6051173913043478,0.6228326086956523,0.7028760869565217,0.6445695652173914,0.7845065217391305,0.7979065217391306,0.8012326086956523,0.8012326086956523,0.8043478260869567,0.8043478260869567,0.8043478260869567,0.8043478260869567,0.8043478260869567,0.8043478260869567,0.8043478260869567,0.8043478260869567,0.8043478260869567,0.8043478260869567,0.8043478260869567,0.8043478260869567,0.8043478260869567,0.8043478260869567,0.8043478260869567,0.8043478260869567,0.8043478260869567,0.8043478260869567,0.8043478260869567,0.8043478260869567,0.8043478260869567,0.8043478260869567,0.8043478260869567,0.8043478260869567,0.8043478260869567,0.8043478260869567,0.8043478260869567,0.8043478260869567,0.8043478260869567,0.8043478260869567,0.8043478260869567,0.8043478260869567,0.8043478260869567,0.8043478260869567,0.8043478260869567,0.8043478260869567,0.8043478260869567,0.8043478260869567,0.8043478260869567,0.8043478260869567,0.8043478260869567,0.8039978260869566,0.803645652173913,0.8043478260869567,0.8043478260869567,0.8043478260869567,0.8043478260869567
0.8043478260869567,0.8043478260869567,0.8043478260869567,0.8043478260869567,0.8043478260869567,0.8043478260869567,0.8043478260869567,0.8043478260869567,0.8043478260869567,0.8043478260869567,0.8043478260869567,0.8043478260869567,0.8043478260869567,0.8043478260869567,0.8043478260869567,0.8043478260869567,0.8014826086956522,0.7850304347826087,0.7198195652173913,0.7334239130434784,0.7192456521739131,0.6388673913043479,0.775813043478261,0.8043478260869567,0.8043478260869567,0.8043478260869567,0.8043478260869567,0.8043478260869567,0.8043478260869567,0.8043478260869567,0.8043478260869567,0.8043478260869567,0.8043478260869567,0.8043478260869567,0.8043478260869567,0.8043478260869567,0.8043478260869567,0.8043478260869567,0.8043478260869567,0.8043478260869567,0.8043478260869567,0.8043478260869567,0.7665804347826088,0.7412673913043478,0.6235913043478262,0.6234869565217391,0.713304347826087,0.7184260869565218,0.7669152173913044,0.7920043478260871,0.7712130434782609,0.8043478260869567,0.8043478260869567,0.8043478260869567,0.8043478260869567,0.8043478260869567,0.8043478260869567,0.8043478260869567,0.8043478260869567,0.8043478260869567,0.8043478260869567,0.8043478260869567,0.8043478260869567,0.8043478260869567,0.8043478260869567,0.8043478260869567,0.8043478260869567,0.8043478260869567,0.8043478260869567,0.8043478260869567,0.8043478260869567,0.8043478260869567,0.8043478260869567,0.8043478260869567,0.8043478260869567,0.8043478260869567,0.8043478260869567,0.8043478260869567,0.8043478260869567,0.8043478260869567,0.8043478260869567,0.8043478260869567,0.8043478260869567,0.8043478260869567,0.8043478260869567,0.8043478260869567,0.8043478260869567,0.8043478260869567,0.8043478260869567,0.8043478260869567,0.8043478260869567,0.8043478260869567,0.8043478260869567,0.7712130434782609,0.7772891304347826,0.8043478260869567,0.7979065217391306,0.7979065217391306,0.8043478260869567
0.8043478260869567,0.8043478260869567,0.8043478260869567,0.8043478260869567,0.8043478260869567,0.8043478260869567,0.8043478260869567,0.8043478260869567,0.8043478260869567,0.8043478260869567,0.8043478260869567,0.8043478260869567,0.8043478260869567,0.8043478260869567,0.7979065217391306,0.8043478260869567,0.7561978260869566,0.6432608695652174,0.6328086956521739,0.7800152173913044,0.7203978260869567,0.7255934782608696,0.7767195652173914,0.7712130434782609,0.8043478260869567,0.8043478260869567,0.8043478260869567,0.8043478260869567,0.8043478260869567,0.8043478260869567,0.8043478260869567,0.8043478260869567,0.8043478260869567,0.8043478260869567,0.8043478260869567,0.8043478260869567,0.8043478260869567,0.8043478260869567,0.8043478260869567,0.8043478260869567,0.8043478260869567,0.8043478260869567,0.7585086956521739,0.7626608695652174,0.6181391304347827,0.6255130434782609,0.6452152173913045,0.7469478260869566,0.802567391304348,0.7979065217391306,0.8043478260869567,0.8043478260869567,0.8043478260869567,0.8043478260869567,0.8043478260869567,0.8043478260869567,0.8043478260869567,0.8043478260869567,0.8043478260869567,0.8043478260869567,0.8043478260869567,0.8043478260869567,0.8043478260869567,0.8043478260869567,0.8043478260869567,0.8043478260869567,0.8043478260869567,0.8043478260869567,0.8043478260869567,0.8043478260869567,0.8043478260869567,0.8043478260869567,0.8043478260869567,0.8043478260869567,0.8043478260869567,0.8043478260869567,0.8043478260869567,0.8043478260869567,0.8043478260869567,0.8043478260869567,0.8043478260869567,0.8043478260869567,0.8043478260869567,0.8043478260869567,0.8043478260869567,0.8043478260869567,0.8043478260869567,0.8043478260869567,0.8043478260869567,0.8043478260869567,0.8043478260869567,0.8043478260869567,0.8043478260869567,0.8043478260869567,0.8039804347826088,0.8043478260869567,0.8008652173913045,0.8043478260869567,0.8043478260869567
0.8043478260869567,0.8043478260869567,0.8043478260869567,0.8043478260869567,0.8043478260869567,0.8043478260869567,0.8043478260869567,0.8043478260869567,0.8043478260869567,0.8043478260869567,0.8043478260869567,0.8043478260869567,0.8043478260869567,0.7979065217391306,0.8043478260869567,0.8043478260869567,0.796104347826087,0.780504347826087,0.7718913043478262,0.7288869565217392,0.7208717391304349,0.7412239130434783,0.7683173913043478,0.803645652173913,0.8043478260869567,0.8043478260869567,0.8043478260869567,0.8043478260869567,0.8043478260869567,0.8043478260869567,0.8043478260869567,0.8043478260869567,0.8043478260869567,0.8043478260869567,0.8043478260869567,0.8043478260869567,0.8043478260869567,0.8043478260869567,0.8043478260869567,0.8043478260869567,0.8043478260869567,0.7979065217391306,0.802913043478261,0.7472956521739131,0.6175086956521739,0.7079282608695653,0.6231173913043478,0.7437695652173913,0.7979065217391306,0.8043478260869567,0.7979065217391306,0.8043478260869567,0.8043478260869567,0.8043478260869567,0.8043478260869567,0.8043478260869567,0.8043478260869567,0.8043478260869567,0.8043478260869567,0.8043478260869567,0.8043478260869567,0.8043478260869567,0.8043478260869567,0.8043478260869567,0.8043478260869567,0.8043478260869567,0.8043478260869567,0.8043478260869567,0.8043478260869567,0.8043478260869567,0.8043478260869567,0.8043478260869567,0.8043478260869567,0.8043478260869567,0.8043478260869567,0.8043478260869567,0.8043478260869567,0.7979065217391306,0.8043478260869567,0.8043478260869567,0.8043478260869567,0.8043478260869567,0.8043478260869567,0.8043478260869567,0.8043478260869567,0.8043478260869567,0.8043478260869567,0.8043478260869567,0.8043478260869567,0.8043478260869567,0.8043478260869567,0.777654347826087,0.8043478260869567,0.8005304347826088,0.7972065217391305,0.7979065217391306,0.8039804347826088,0.8029347826086958,0.8043478260869567
0.8043478260869567,0.8043478260869567,0.8043478260869567,0.8043478260869567,0.8043478260869567,0.8043478260869567,0.8043478260869567,0.8043478260869567,0.8043478260869567,0.8043478260869567,0.8043478260869567,0.8043478260869567,0.8043478260869567,0.8043478260869567,0.7979065217391306,0.7904978260869565,0.8036152173913044,0.7240260869565218,0.7406217391304348,0.7555108695652174,0.7235065217391304,0.7490304347826087,0.7475000000000002,0.7712130434782609,0.8043478260869567,0.8043478260869567,0.8043478260869567,0.8043478260869567,0.8043478260869567,0.8043478260869567,0.8043478260869567,0.8043478260869567,0.8043478260869567,0.8043478260869567,0.8043478260869567,0.8043478260869567,0.8043478260869567,0.8043478260869567,0.8043478260869567,0.8043478260869567,0.8043478260869567,0.7731260869565217,0.7407260869565218,0.7245391304347827,0.6214673913043479,0.6140413043478261,0.6251282608695652,0.7273565217391305,0.7833913043478262,0.7979065217391306,0.8043478260869567,0.8043478260869567,0.8043478260869567,0.8043478260869567,0.8043478260869567,0.8043478260869567,0.8043478260869567,0.8043478260869567,0.8043478260869567,0.8043478260869567,0.8043478260869567,0.8043478260869567,0.8043478260869567,0.8043478260869567,0.8043478260869567,0.8043478260869567,0.8043478260869567,0.8043478260869567,0.8043478260869567,0.8043478260869567,0.8043478260869567,0.8043478260869567,0.8043478260869567,0.8043478260869567,0.8043478260869567,0.8043478260869567,0.8043478260869567,0.8043478260869567,0.8043478260869567,0.8043478260869567,0.8043478260869567,0.8043478260869567,0.8043478260869567,0.8043478260869567,0.8043478260869567,0.8043478260869567,0.8043478260869567,0.8043478260869567,0.8043478260869567,0.8043478260869567,0.803645652173913,0.8043478260869567,0.8043478260869567,0.8043478260869567,0.7765978260869566,0.8043478260869567,0.8043478260869567,0.7979065217391306,0.8043478260869567
0.8043478260869567,0.8043478260869567,0.8043478260869567,0.8043478260869567,0.8043478260869567,0.8043478260869567,0.8043478260869567,0.8043478260869567,0.8043478260869567,0.8043478260869567,0.8043478260869567,0.8043478260869567,0.8043478260869567,0.8043478260869567,0.8043478260869567,0.803645652173913,0.7897956521739132,0.7676021739130435,0.7688043478260871,0.7304760869565219,0.6357043478260871,0.7388891304347827,0.7975391304347828,0.803645652173913,0.8043478260869567,0.8043478260869567,0.8043478260869567,0.8043478260869567,0.8043478260869567,0.8043478260869567,0.8043478260869567,0.8043478260869567,0.8043478260869567,0.8043478260869567,0.8043478260869567,0.8043478260869567,0.8043478260869567,0.8043478260869567,0.8043478260869567,0.8043478260869567,0.8043478260869567,0.8043478260869567,0.7747913043478262,0.755554347826087,0.7060565217391306,0.620904347826087,0.695195652173913,0.7239239130434784,0.7464195652173914,0.8039804347826088,0.7979065217391306,0.8043478260869567,0.8043478260869567,0.8043478260869567,0.8043478260869567,0.8043478260869567,0.8043478260869567,0.8043478260869567,0.8043478260869567,0.8043478260869567,0.8043478260869567,0.8043478260869567,0.8043478260869567,0.8043478260869567,0.8043478260869567,0.8043478260869567,0.8043478260869567,0.8043478260869567,0.8043478260869567,0.8043478260869567,0.8043478260869567,0.8043478260869567,0.8043478260869567,0.8043478260869567,0.8043478260869567,0.8043478260869567,0.8043478260869567,0.8043478260869567,0.8043478260869567,0.8043478260869567,0.8043478260869567,0.8043478260869567,0.8043478260869567,0.8043478260869567,0.8043478260869567,0.8043478260869567,0.8043478260869567,0.8043478260869567,0.8043478260869567,0.8043478260869567,0.8043478260869567,0.8043478260869567,0.7979065217391306,0.8043478260869567,0.777654347826087,0.8043478260869567,0.7979065217391306,0.7979065217391306,0.8043478260869567
0.8043478260869567,0.8043478260869567,0.8043478260869567,0.8043478260869567,0.8043478260869567,0.8043478260869567,0.8043478260869567,0.8043478260869567,0.8043478260869567,0.8043478260869567,0.8043478260869567,0.8043478260869567,0.8043478260869567,0.8043478260869567,0.8012326086956523,0.8008695652173914,0.7690804347826088,0.7475304347826087,0.7424195652173914,0.722895652173913,0.7181673913043479,0.7282130434782609,0.7960652173913044,0.8036152173913044,0.8043478260869567,0.8043478260869567,0.8043478260869567,0.8043478260869567,0.8043478260869567,0.8043478260869567,0.8043478260869567,0.8043478260869567,0.8043478260869567,0.8043478260869567,0.8043478260869567,0.8043478260869567,0.8043478260869567,0.8043478260869567,0.8043478260869567,0.8043478260869567,0.8043478260869567,0.8043478260869567,0.7637152173913044,0.7676130434782609,0.6248065217391304,0.687904347826087,0.7117913043478261,0.7444521739130435,0.766213043478261,0.7975391304347828,0.7772891304347826,0.8043478260869567,0.8043478260869567,0.8043478260869567,0.8043478260869567,0.8043478260869567,0.8043478260869567,0.8043478260869567,0.8043478260869567,0.8043478260869567,0.8043478260869567,0.8043478260869567,0.8043478260869567,0.8043478260869567,0.8043478260869567,0.8043478260869567,0.8043478260869567,0.8043478260869567,0.8043478260869567,0.8043478260869567,0.8043478260869567,0.8043478260869567,0.8043478260869567,0.8043478260869567,0.8043478260869567,0.8043478260869567,0.8043478260869567,0.8043478260869567,0.8043478260869567,0.8043478260869567,0.8043478260869567,0.8043478260869567,0.8043478260869567,0.8043478260869567,0.8043478260869567,0.8043478260869567,0.8043478260869567,0.8043478260869567,0.8043478260869567,0.8043478260869567,0.8043478260869567,0.8043478260869567,0.8043478260869567,0.803645652173913,0.7972065217391305,0.7979065217391306,0.777654347826087,0.8043478260869567,0.8043478260869567
0.8043478260869567,0.8043478260869567,0.8043478260869567,0.8043478260869567,0.8043478260869567,0.8043478260869567,0.8043478260869567,0.8043478260869567,0.8043478260869567,0.8043478260869567,0.8043478260869567,0.8043478260869567,0.8043478260869567,0.8043478260869567,0.8043478260869567,0.8043478260869567,0.7975391304347828,0.7920304347826088,0.754463043478261,0.7195304347826088,0.6414652173913045,0.6593608695652174,0.763613043478261,0.803645652173913,0.8043478260869567,0.8043478260869567,0.8043478260869567,0.8043478260869567,0.8043478260869567,0.8043478260869567,0.8043478260869567,0.8043478260869567,0.8043478260869567,0.8043478260869567,0.8043478260869567,0.8043478260869567,0.8043478260869567,0.8043478260869567,0.8043478260869567,0.8043478260869567,0.8012326086956523,0.7888891304347827,0.659304347826087,0.6506434782608697,0.7186869565217391,0.6966195652173913,0.7186934782608696,0.7349826086956521,0.7812956521739132,0.8012326086956523,0.8043478260869567,0.8043478260869567,0.8043478260869567,0.8043478260869567,0.8043478260869567,0.8043478260869567,0.8043478260869567,0.8043478260869567,0.8043478260869567,0.8043478260869567,0.8043478260869567,0.8043478260869567,0.8043478260869567,0.8043478260869567,0.8043478260869567,0.8043478260869567,0.8043478260869567,0.8043478260869567,0.8043478260869567,0.8043478260869567,0.8043478260869567,0.8043478260869567,0.8043478260869567,0.8043478260869567,0.8043478260869567,0.8043478260869567,0.8043478260869567,0.8043478260869567,0.8043478260869567,0.8043478260869567,0.8043478260869567,0.8043478260869567,0.8043478260869567,0.8043478260869567,0.8043478260869567,0.8043478260869567,0.8043478260869567,0.8043478260869567,0.8043478260869567,0.8043478260869567,0.7979065217391306,0.8043478260869567,0.8043478260869567,0.7972065217391305,0.7647717391304348,0.7920043478260871,0.8043478260869567,0.8043478260869567,0.8043478260869567
0.8043478260869567,0.803645652173913,0.8043478260869567,0.8043478260869567,0.8043478260869567,0.8043478260869567,0.8043478260869567,0.8043478260869567,0.8043478260869567,0.8043478260869567,0.8043478260869567,0.8043478260869567,0.8043478260869567,0.8043478260869567,0.8043478260869567,0.8043478260869567,0.8024869565217392,0.7976282608695652,0.7335282608695652,0.6415978260869566,0.6413717391304349,0.7176478260869565,0.802913043478261,0.7979065217391306,0.8043478260869567,0.8043478260869567,0.8043478260869567,0.8043478260869567,0.8043478260869567,0.8043478260869567,0.8043478260869567,0.8043478260869567,0.8043478260869567,0.8043478260869567,0.8043478260869567,0.8043478260869567,0.8043478260869567,0.8043478260869567,0.8043478260869567,0.8043478260869567,0.8043478260869567,0.8043478260869567,0.7491434782608697,0.7397543478260871,0.6193717391304348,0.6209847826086956,0.6327847826086958,0.7417782608695653,0.77635,0.8043478260869567,0.8043478260869567,0.8043478260869567,0.8043478260869567,0.8043478260869567,0.8043478260869567,0.8043478260869567,0.8043478260869567,0.8043478260869567,0.8043478260869567,0.8043478260869567,0.8043478260869567,0.8043478260869567,0.8043478260869567,0.8043478260869567,0.8043478260869567,0.8043478260869567,0.8043478260869567,0.8043478260869567,0.8043478260869567,0.8043478260869567,0.8043478260869567,0.8043478260869567,0.8043478260869567,0.8043478260869567,0.8043478260869567,0.8043478260869567,0.8043478260869567,0.8043478260869567,0.8043478260869567,0.8043478260869567,0.8043478260869567,0.8043478260869567,0.8043478260869567,0.8043478260869567,0.8043478260869567,0.8043478260869567,0.8043478260869567,0.8043478260869567,0.8043478260869567,0.8043478260869567,0.8043478260869567,0.8043478260869567,0.8043478260869567,0.8032913043478263,0.8029347826086958,0.8043478260869567,0.7975586956521741,0.803645652173913,0.8043478260869567
0.8043478260869567,0.8043478260869567,0.8043478260869567,0.8043478260869567,0.8043478260869567,0.8043478260869567,0.8043478260869567,0.8043478260869567,0.8043478260869567,0.8043478260869567,0.8043478260869567,0.8043478260869567,0.8043478260869567,0.8043478260869567,0.803645652173913,0.7979065217391306,0.7760173913043479,0.7620326086956523,0.7520760869565218,0.7223652173913044,0.6370173913043479,0.6575413043478262,0.7897956521739132,0.8043478260869567,0.8043478260869567,0.8043478260869567,0.8043478260869567,0.8043478260869567,0.8043478260869567,0.8043478260869567,0.8043478260869567,0.8043478260869567,0.8043478260869567,0.8043478260869567,0.8043478260869567,0.8043478260869567,0.8043478260869567,0.8043478260869567,0.8043478260869567,0.803645652173913,0.8043478260869567,0.7979065217391306,0.7875239130434784,0.7394152173913044,0.610058695652174,0.6232434782608697,0.716058695652174,0.7281760869565218,0.7772891304347826,0.8043478260869567,0.8043478260869567,0.8043478260869567,0.8043478260869567,0.8043478260869567,0.8043478260869567,0.8043478260869567,0.8043478260869567,0.8043478260869567,0.8043478260869567,0.8043478260869567,0.8043478260869567,0.8043478260869567,0.8043478260869567,0.8043478260869567,0.8043478260869567,0.8043478260869567,0.8043478260869567,0.8043478260869567,0.8043478260869567,0.8043478260869567,0.8043478260869567,0.8043478260869567,0.8043478260869567,0.8043478260869567,0.8043478260869567,0.8043478260869567,0.8043478260869567,0.8043478260869567,0.8043478260869567,0.8043478260869567,0.8043478260869567,0.8043478260869567,0.8043478260869567,0.8043478260869567,0.8043478260869567,0.8043478260869567,0.8043478260869567,0.8043478260869567,0.8043478260869567,0.8043478260869567,0.8043478260869567,0.777654347826087,0.8043478260869567,0.8043478260869567,0.7765869565217393,0.8043478260869567,0.8043478260869567,0.8039804347826088,0.8043478260869567
0.8043478260869567,0.8043478260869567,0.8043478260869567,0.8043478260869567,0.8043478260869567,0.8043478260869567,0.8043478260869567,0.8043478260869567,0.8043478260869567,0.8043478260869567,0.8043478260869567,0.8043478260869567,0.8043478260869567,0.8043478260869567,0.8043478260869567,0.7971739130434783,0.7755217391304349,0.7679152173913044,0.7545891304347826,0.7220521739130435,0.7325913043478262,0.7393695652173914,0.7518021739130435,0.7575978260869566,0.7920043478260871,0.8043478260869567,0.8043478260869567,0.8043478260869567,0.8043478260869567,0.8043478260869567,0.8043478260869567,0.8043478260869567,0.8043478260869567,0.8043478260869567,0.8043478260869567,0.8043478260869567,0.8043478260869567,0.8043478260869567,0.8043478260869567,0.8043478260869567,0.8043478260869567,0.7929282608695654,0.7650913043478262,0.7380978260869565,0.6093282608695653,0.6222978260869565,0.6258782608695652,0.7356608695652174,0.8035304347826088,0.8043478260869567,0.7979065217391306,0.7979065217391306,0.8043478260869567,0.8043478260869567,0.8043478260869567,0.8043478260869567,0.8043478260869567,0.8043478260869567,0.8043478260869567,0.8043478260869567,0.8043478260869567,0.8043478260869567,0.8043478260869567,0.8043478260869567,0.8043478260869567,0.8043478260869567,0.8043478260869567,0.8043478260869567,0.8043478260869567,0.8043478260869567,0.8043478260869567,0.8043478260869567,0.8043478260869567,0.8043478260869567,0.8043478260869567,0.8043478260869567,0.8043478260869567,0.8043478260869567,0.8043478260869567,0.8043478260869567,0.8043478260869567,0.8043478260869567,0.8043478260869567,0.8043478260869567,0.8043478260869567,0.8043478260869567,0.8043478260869567,0.8043478260869567,0.8043478260869567,0.8043478260869567,0.8043478260869567,0.8043478260869567,0.7979065217391306,0.7979065217391306,0.7904978260869565,0.8043478260869567,0.8043478260869567,0.8043478260869567,0.803645652173913
0.8043478260869567,0.8043478260869567,0.8043478260869567,0.8043478260869567,0.8043478260869567,0.8043478260869567,0.8043478260869567,0.8043478260869567,0.8043478260869567,0.8043478260869567,0.8043478260869567,0.8043478260869567,0.8043478260869567,0.8043478260869567,0.8043478260869567,0.7920043478260871,0.7912891304347826,0.7686891304347826,0.7755826086956523,0.7494500000000001,0.7222304347826087,0.7228891304347826,0.7645391304347827,0.8043478260869567,0.8043478260869567,0.7979065217391306,0.8043478260869567,0.8043478260869567,0.8043478260869567,0.8043478260869567,0.8043478260869567,0.8043478260869567,0.8043478260869567,0.8043478260869567,0.8043478260869567,0.8043478260869567,0.8043478260869567,0.8043478260869567,0.8043478260869567,0.8043478260869567,0.7979065217391306,0.8036152173913044,0.7968391304347827,0.7488282608695652,0.7082108695652174,0.6222978260869565,0.6379673913043479,0.7374,0.7630717391304349,0.8012326086956523,0.7979065217391306,0.8043478260869567,0.8043478260869567,0.8043478260869567,0.8043478260869567,0.8043478260869567,0.8043478260869567,0.8043478260869567,0.8043478260869567,0.8043478260869567,0.8043478260869567,0.8043478260869567,0.8043478260869567,0.8043478260869567,0.8043478260869567,0.8043478260869567,0.8043478260869567,0.8043478260869567,0.8043478260869567,0.8043478260869567,0.8043478260869567,0.8043478260869567,0.8043478260869567,0.8043478260869567,0.8043478260869567,0.8043478260869567,0.8043478260869567,0.8043478260869567,0.8043478260869567,0.8043478260869567,0.8043478260869567,0.8043478260869567,0.7979065217391306,0.8043478260869567,0.8043478260869567,0.8043478260869567,0.8043478260869567,0.8043478260869567,0.8043478260869567,0.8043478260869567,0.8043478260869567,0.7979065217391306,0.8043478260869567,0.785563043478261,0.785563043478261,0.8043478260869567,0.8043478260869567,0.8043478260869567,0.8043478260869567
0.8043478260869567,0.8043478260869567,0.8043478260869567,0.8043478260869567,0.8043478260869567,0.8043478260869567,0.8043478260869567,0.8043478260869567,0.8043478260869567,0.8043478260869567,0.8043478260869567,0.8043478260869567,0.8043478260869567,0.8043478260869567,0.770513043478261,0.803645652173913,0.7579652173913044,0.7371673913043479,0.7186478260869565,0.7358913043478261,0.6388804347826087,0.7405108695652174,0.8032782608695652,0.8043478260869567,0.8043478260869567,0.8043478260869567,0.8043478260869567,0.8043478260869567,0.8043478260869567,0.8043478260869567,0.8043478260869567,0.8043478260869567,0.8043478260869567,0.8043478260869567,0.8043478260869567,0.8043478260869567,0.8043478260869567,0.8043478260869567,0.8043478260869567,0.8043478260869567,0.7979065217391306,0.7904978260869565,0.7968521739130435,0.7374804347826087,0.7131260869565218,0.617954347826087,0.7226391304347827,0.7293586956521739,0.7701478260869565,0.7904978260869565,0.8043478260869567,0.8043478260869567,0.8043478260869567,0.8043478260869567,0.8043478260869567,0.8043478260869567,0.8043478260869567,0.8043478260869567,0.8043478260869567,0.8043478260869567,0.8043478260869567,0.8043478260869567,0.8043478260869567,0.8043478260869567,0.8043478260869567,0.8043478260869567,0.8043478260869567,0.8043478260869567,0.8043478260869567,0.8043478260869567,0.8043478260869567,0.8043478260869567,0.8043478260869567,0.8043478260869567,0.8043478260869567,0.8043478260869567,0.8043478260869567,0.8043478260869567,0.8043478260869567,0.8043478260869567,0.8043478260869567,0.8043478260869567,0.8043478260869567,0.8043478260869567,0.8043478260869567,0.8043478260869567,0.8043478260869567,0.8043478260869567,0.8043478260869567,0.8043478260869567,0.8043478260869567,0.7979065217391306,0.7712130434782609,0.8043478260869567,0.796495652173913,0.8043478260869567,0.777654347826087,0.8043478260869567,0.8043478260869567
0.8043478260869567,0.8043478260869567,0.8043478260869567,0.8043478260869567,0.8043478260869567,0.8043478260869567,0.8043478260869567,0.8043478260869567,0.8043478260869567,0.8043478260869567,0.8043478260869567,0.8043478260869567,0.8043478260869567,0.8043478260869567,0.8043478260869567,0.8005304347826088,0.7845478260869566,0.7625152173913045,0.7332478260869565,0.7442065217391305,0.7494500000000001,0.7531521739130436,0.7694260869565218,0.7979065217391306,0.8043478260869567,0.8043478260869567,0.8043478260869567,0.8043478260869567,0.8043478260869567,0.8043478260869567,0.8043478260869567,0.8043478260869567,0.8043478260869567,0.8043478260869567,0.8043478260869567,0.8043478260869567,0.8043478260869567,0.8043478260869567,0.8043478260869567,0.803645652173913,0.8043478260869567,0.8039804347826088,0.785904347826087,0.74995,0.6956413043478261,0.7108413043478261,0.6270260869565217,0.726463043478261,0.803645652173913,0.8012326086956523,0.8008652173913045,0.8043478260869567,0.8043478260869567,0.8043478260869567,0.8043478260869567,0.8043478260869567,0.8043478260869567,0.8043478260869567,0.8043478260869567,0.8043478260869567,0.8043478260869567,0.8043478260869567,0.8043478260869567,0.8043478260869567,0.8043478260869567,0.8043478260869567,0.8043478260869567,0.8043478260869567,0.8043478260869567,0.8043478260869567,0.8043478260869567,0.8043478260869567,0.8043478260869567,0.8043478260869567,0.8043478260869567,0.8043478260869567,0.8043478260869567,0.8043478260869567,0.8043478260869567,0.8043478260869567,0.8043478260869567,0.8043478260869567,0.8043478260869567,0.8043478260869567,0.8043478260869567,0.8043478260869567,0.8043478260869567,0.8043478260869567,0.8043478260869567,0.8043478260869567,0.8043478260869567,0.8043478260869567,0.8043478260869567,0.7814065217391306,0.8032782608695652,0.8043478260869567,0.8043478260869567,0.8043478260869567,0.8043478260869567
0.8043478260869567,0.8043478260869567,0.8043478260869567,0.8043478260869567,0.8043478260869567,0.8043478260869567,0.8043478260869567,0.8043478260869567,0.8043478260869567,0.8043478260869567,0.8043478260869567,0.8043478260869567,0.8043478260869567,0.8043478260869567,0.8043478260869567,0.791654347826087,0.7833913043478262,0.7416608695652175,0.7394217391304349,0.7351434782608697,0.7266913043478261,0.7268739130434784,0.7766847826086958,0.7972065217391305,0.8043478260869567,0.8043478260869567,0.8043478260869567,0.8043478260869567,0.8043478260869567,0.8043478260869567,0.8043478260869567,0.8043478260869567,0.8043478260869567,0.8043478260869567,0.8043478260869567,0.8043478260869567,0.8043478260869567,0.8043478260869567,0.8043478260869567,0.8043478260869567,0.8043478260869567,0.7968521739130435,0.7644217391304349,0.6526391304347826,0.6229434782608697,0.6170217391304349,0.7441673913043478,0.7605695652173913,0.7697804347826087,0.7979065217391306,0.8043478260869567,0.8043478260869567,0.8043478260869567,0.8043478260869567,0.8043478260869567,0.8043478260869567,0.8043478260869567,0.8043478260869567,0.8043478260869567,0.8043478260869567,0.8043478260869567,0.8043478260869567,0.8043478260869567,0.8043478260869567,0.8043478260869567,0.8043478260869567,0.8043478260869567,0.8043478260869567,0.8043478260869567,0.8043478260869567,0.8043478260869567,0.8043478260869567,0.8043478260869567,0.8043478260869567,0.8043478260869567,0.8043478260869567,0.8043478260869567,0.8043478260869567,0.8043478260869567,0.8043478260869567,0.7979065217391306,0.8043478260869567,0.8043478260869567,0.8043478260869567,0.8043478260869567,0.8043478260869567,0.8043478260869567,0.8043478260869567,0.8043478260869567,0.8043478260869567,0.8043478260869567,0.8043478260869567,0.8043478260869567,0.7972065217391305,0.777654347826087,0.8043478260869567,0.803645652173913,0.7712130434782609,0.8043478260869567
0.8043478260869567,0.8043478260869567,0.8043478260869567,0.8043478260869567,0.8043478260869567,0.8043478260869567,0.8043478260869567,0.8043478260869567,0.8043478260869567,0.8043478260869567,0.8043478260869567,0.8043478260869567,0.8043478260869567,0.8043478260869567,0.8043478260869567,0.8012326086956523,0.7602434782608696,0.7579282608695652,0.7448456521739131,0.7095847826086957,0.6384891304347827,0.7212152173913045,0.7726913043478262,0.8043478260869567,0.8043478260869567,0.8043478260869567,0.8043478260869567,0.8043478260869567,0.8043478260869567,0.8043478260869567,0.8043478260869567,0.8043478260869567,0.8043478260869567,0.8043478260869567,0.8043478260869567,0.8043478260869567,0.8043478260869567,0.8043478260869567,0.8043478260869567,0.8043478260869567,0.8043478260869567,0.7904978260869565,0.7910869565217392,0.7687217391304348,0.7046413043478261,0.629954347826087,0.72035,0.7167260869565218,0.7791978260869566,0.777654347826087,0.8039804347826088,0.8043478260869567,0.8043478260869567,0.8043478260869567,0.7979065217391306,0.8043478260869567,0.8043478260869567,0.8043478260869567,0.8043478260869567,0.8043478260869567,0.8043478260869567,0.8043478260869567,0.8043478260869567,0.8043478260869567,0.8043478260869567,0.8043478260869567,0.8043478260869567,0.8043478260869567,0.8043478260869567,0.8043478260869567,0.8043478260869567,0.8043478260869567,0.8043478260869567,0.8043478260869567,0.8043478260869567,0.8043478260869567,0.8043478260869567,0.8043478260869567,0.8043478260869567,0.8043478260869567,0.8043478260869567,0.8043478260869567,0.8043478260869567,0.7979065217391306,0.8043478260869567,0.8043478260869567,0.8043478260869567,0.8043478260869567,0.8043478260869567,0.8043478260869567,0.8043478260869567,0.8043478260869567,0.8043478260869567,0.8043478260869567,0.7979065217391306,0.8043478260869567,0.8005304347826088,0.7712130434782609,0.8043478260869567
0.8043478260869567,0.8043478260869567,0.8043478260869567,0.8043478260869567,0.8043478260869567,0.8043478260869567,0.8043478260869567,0.8043478260869567,0.8043478260869567,0.8043478260869567,0.8043478260869567,0.8043478260869567,0.8043478260869567,0.8043478260869567,0.8043478260869567,0.800163043478261,0.7943413043478262,0.7810717391304348,0.7381717391304348,0.7505173913043478,0.7313521739130436,0.7114652173913043,0.7977913043478261,0.8043478260869567,0.8043478260869567,0.8043478260869567,0.8043478260869567,0.8043478260869567,0.8043478260869567,0.8043478260869567,0.8043478260869567,0.8043478260869567,0.8043478260869567,0.8043478260869567,0.8043478260869567,0.8043478260869567,0.8043478260869567,0.8043478260869567,0.8043478260869567,0.8043478260869567,0.8043478260869567,0.7975391304347828,0.7662347826086957,0.7426978260869566,0.6111152173913044,0.7044369565217391,0.7207065217391304,0.6433326086956522,0.770513043478261,0.8043478260869567,0.777654347826087,0.8043478260869567,0.8043478260869567,0.8043478260869567,0.8043478260869567,0.8043478260869567,0.8043478260869567,0.8043478260869567,0.8043478260869567,0.8043478260869567,0.8043478260869567,0.8043478260869567,0.8043478260869567,0.8043478260869567,0.8043478260869567,0.8043478260869567,0.8043478260869567,0.8043478260869567,0.8043478260869567,0.8043478260869567,0.8043478260869567,0.8043478260869567,0.8043478260869567,0.8043478260869567,0.8043478260869567,0.8043478260869567,0.8043478260869567,0.8043478260869567,0.8043478260869567,0.8043478260869567,0.8043478260869567,0.8043478260869567,0.8043478260869567,0.8043478260869567,0.8043478260869567,0.8043478260869567,0.8043478260869567,0.8043478260869567,0.8043478260869567,0.8043478260869567,0.8043478260869567,0.8043478260869567,0.8043478260869567,0.8012326086956523,0.7943413043478262,0.8043478260869567,0.8043478260869567,0.803645652173913,0.8043478260869567
0.8043478260869567,0.8043478260869567,0.8043478260869567,0.8043478260869567,0.8043478260869567,0.8043478260869567,0.8043478260869567,0.8043478260869567,0.8043478260869567,0.8043478260869567,0.8043478260869567,0.8043478260869567,0.8043478260869567,0.8043478260869567,0.8005304347826088,0.8012326086956523,0.7639869565217391,0.7631239130434783,0.7869108695652175,0.7281152173913045,0.735758695652174,0.7327804347826088,0.803645652173913,0.8043478260869567,0.8043478260869567,0.8043478260869567,0.8043478260869567,0.8043478260869567,0.8043478260869567,0.8043478260869567,0.8043478260869567,0.8043478260869567,0.8043478260869567,0.8043478260869567,0.8043478260869567,0.8043478260869567,0.8043478260869567,0.8043478260869567,0.8043478260869567,0.777654347826087,0.8043478260869567,0.7979065217391306,0.7956782608695653,0.755358695652174,0.6055586956521739,0.7048847826086957,0.634454347826087,0.7296652173913044,0.800163043478261,0.803645652173913,0.8043478260869567,0.8043478260869567,0.8043478260869567,0.8043478260869567,0.8043478260869567,0.8043478260869567,0.8043478260869567,0.8043478260869567,0.8043478260869567,0.8043478260869567,0.8043478260869567,0.8043478260869567,0.8043478260869567,0.8043478260869567,0.8043478260869567,0.8043478260869567,0.8043478260869567,0.8043478260869567,0.8043478260869567,0.8043478260869567,0.8043478260869567,0.8043478260869567,0.8043478260869567,0.8043478260869567,0.8043478260869567,0.8043478260869567,0.8043478260869567,0.8043478260869567,0.8043478260869567,0.8043478260869567,0.8043478260869567,0.8043478260869567,0.8043478260869567,0.8043478260869567,0.8043478260869567,0.8043478260869567,0.8043478260869567,0.8043478260869567,0.8043478260869567,0.8043478260869567,0.8043478260869567,0.8043478260869567,0.8039804347826088,0.7979065217391306,0.803645652173913,0.7979065217391306,0.8043478260869567,0.7972065217391305,0.8043478260869567
0.8043478260869567,0.8043478260869567,0.8043478260869567,0.8043478260869567,0.8043478260869567,0.8043478260869567,0.8043478260869567,0.8043478260869567,0.8043478260869567,0.8043478260869567,0.8043478260869567,0.8043478260869567,0.8043478260869567,0.8043478260869567,0.8043478260869567,0.777654347826087,0.7904978260869565,0.7457195652173914,0.7446652173913044,0.74225,0.7326391304347827,0.7759152173913044,0.7698282608695652,0.7968043478260871,0.803645652173913,0.8043478260869567,0.8043478260869567,0.8043478260869567,0.8043478260869567,0.8043478260869567,0.8043478260869567,0.8043478260869567,0.8043478260869567,0.8043478260869567,0.8043478260869567,0.8043478260869567,0.8043478260869567,0.8043478260869567,0.8043478260869567,0.8043478260869567,0.7904978260869565,0.8043478260869567,0.7694434782608696,0.7477847826086957,0.6950500000000001,0.6061326086956523,0.7068608695652174,0.7504195652173914,0.7701478260869565,0.8043478260869567,0.8043478260869567,0.8043478260869567,0.8043478260869567,0.8043478260869567,0.8043478260869567,0.8043478260869567,0.8043478260869567,0.8043478260869567,0.8043478260869567,0.8043478260869567,0.8043478260869567,0.8043478260869567,0.8043478260869567,0.8043478260869567,0.8043478260869567,0.8043478260869567,0.8043478260869567,0.8043478260869567,0.8043478260869567,0.8043478260869567,0.8043478260869567,0.8043478260869567,0.8043478260869567,0.8043478260869567,0.8043478260869567,0.8043478260869567,0.8043478260869567,0.8043478260869567,0.8043478260869567,0.8043478260869567,0.8043478260869567,0.8043478260869567,0.8043478260869567,0.8043478260869567,0.8043478260869567,0.8043478260869567,0.8043478260869567,0.8043478260869567,0.8043478260869567,0.8043478260869567,0.8043478260869567,0.8043478260869567,0.8043478260869567,0.7979065217391306,0.7979065217391306,0.8043478260869567,0.8043478260869567,0.7972065217391305,0.8043478260869567
0.8043478260869567,0.8043478260869567,0.8043478260869567,0.8043478260869567,0.8043478260869567,0.8043478260869567,0.8043478260869567,0.8043478260869567,0.8043478260869567,0.8043478260869567,0.8043478260869567,0.8043478260869567,0.8043478260869567,0.8043478260869567,0.8043478260869567,0.803645652173913,0.7987173913043479,0.7625739130434783,0.7600717391304348,0.7286021739130435,0.6284630434782609,0.7468304347826087,0.8032913043478263,0.8043478260869567,0.8043478260869567,0.8043478260869567,0.8043478260869567,0.8043478260869567,0.8043478260869567,0.8043478260869567,0.8043478260869567,0.8043478260869567,0.8043478260869567,0.8043478260869567,0.8043478260869567,0.8043478260869567,0.8043478260869567,0.8043478260869567,0.8043478260869567,0.8043478260869567,0.8043478260869567,0.8043478260869567,0.7704565217391306,0.7618304347826088,0.6160043478260869,0.6074021739130435,0.6375369565217391,0.6378695652173914,0.7762195652173914,0.8043478260869567,0.8039804347826088,0.7979065217391306,0.8043478260869567,0.8043478260869567,0.8043478260869567,0.8043478260869567,0.8043478260869567,0.8043478260869567,0.8043478260869567,0.8043478260869567,0.8043478260869567,0.8043478260869567,0.8043478260869567,0.8043478260869567,0.8043478260869567,0.8043478260869567,0.8043478260869567,0.8043478260869567,0.8043478260869567,0.8043478260869567,0.8043478260869567,0.8043478260869567,0.8043478260869567,0.8043478260869567,0.8043478260869567,0.8043478260869567,0.8043478260869567,0.8043478260869567,0.8043478260869567,0.8043478260869567,0.8043478260869567,0.8043478260869567,0.8043478260869567,0.8043478260869567,0.8043478260869567,0.8043478260869567,0.8043478260869567,0.8043478260869567,0.8043478260869567,0.8043478260869567,0.8043478260869567,0.8043478260869567,0.8043478260869567,0.7772891304347826,0.7975586956521741,0.8043478260869567,0.8039804347826088,0.8043478260869567,0.8043478260869567
0.8043478260869567,0.8043478260869567,0.8043478260869567,0.8043478260869567,0.8043478260869567,0.8043478260869567,0.8043478260869567,0.8043478260869567,0.8043478260869567,0.8043478260869567,0.8043478260869567,0.8043478260869567,0.8043478260869567,0.8043478260869567,0.8043478260869567,0.7975391304347828,0.7929195652173914,0.7841826086956523,0.7205586956521739,0.7431565217391305,0.7168891304347828,0.7472260869565218,0.7795695652173914,0.7943413043478262,0.8043478260869567,0.7979065217391306,0.8043478260869567,0.8039978260869566,0.8043478260869567,0.8043478260869567,0.8043478260869567,0.8043478260869567,0.8043478260869567,0.8043478260869567,0.8043478260869567,0.8043478260869567,0.8043478260869567,0.8043478260869567,0.7979065217391306,0.8043478260869567,0.8043478260869567,0.770513043478261,0.7631021739130436,0.7467739130434783,0.6224869565217391,0.6878630434782609,0.6331891304347826,0.7198913043478262,0.8012326086956523,0.8043478260869567,0.803645652173913,0.8043478260869567,0.8043478260869567,0.8043478260869567,0.8043478260869567,0.8043478260869567,0.8043478260869567,0.8043478260869567,0.8043478260869567,0.8043478260869567,0.8043478260869567,0.8043478260869567,0.8043478260869567,0.8043478260869567,0.8043478260869567,0.8043478260869567,0.8043478260869567,0.8043478260869567,0.8043478260869567,0.8043478260869567,0.8043478260869567,0.8043478260869567,0.8043478260869567,0.8043478260869567,0.8043478260869567,0.8043478260869567,0.8043478260869567,0.8043478260869567,0.8043478260869567,0.8043478260869567,0.8043478260869567,0.8043478260869567,0.7979065217391306,0.8043478260869567,0.8043478260869567,0.8043478260869567,0.8043478260869567,0.8043478260869567,0.8043478260869567,0.8043478260869567,0.8043478260869567,0.8043478260869567,0.777654347826087,0.784863043478261,0.7851978260869565,0.7920043478260871,0.785563043478261,0.8043478260869567,0.8043478260869567
0.8043478260869567,0.8043478260869567,0.8043478260869567,0.8043478260869567,0.8043478260869567,0.8043478260869567,0.8043478260869567,0.8043478260869567,0.8043478260869567,0.8043478260869567,0.8043478260869567,0.8043478260869567,0.8043478260869567,0.8043478260869567,0.8043478260869567,0.803645652173913,0.7765717391304349,0.7694630434782609,0.7393021739130435,0.7511891304347826,0.7246065217391305,0.6472739130434783,0.7725500000000001,0.8005,0.7979065217391306,0.8043478260869567,0.8043478260869567,0.8043478260869567,0.8043478260869567,0.8043478260869567,0.8043478260869567,0.8043478260869567,0.8043478260869567,0.8043478260869567,0.8043478260869567,0.8043478260869567,0.8043478260869567,0.8043478260869567,0.8043478260869567,0.8043478260869567,0.8043478260869567,0.8043478260869567,0.7916391304347826,0.7488891304347827,0.6283804347826087,0.6169565217391305,0.6392500000000001,0.7660630434782608,0.8021739130434783,0.7979065217391306,0.8039804347826088,0.8043478260869567,0.8043478260869567,0.8043478260869567,0.8043478260869567,0.8043478260869567,0.8043478260869567,0.8043478260869567,0.8043478260869567,0.8043478260869567,0.8043478260869567,0.8043478260869567,0.8043478260869567,0.8043478260869567,0.8043478260869567,0.8043478260869567,0.8043478260869567,0.8043478260869567,0.8043478260869567,0.8043478260869567,0.8043478260869567,0.8043478260869567,0.8043478260869567,0.8043478260869567,0.8043478260869567,0.8043478260869567,0.8043478260869567,0.8043478260869567,0.8043478260869567,0.8043478260869567,0.8043478260869567,0.8043478260869567,0.8043478260869567,0.8043478260869567,0.8043478260869567,0.8043478260869567,0.8043478260869567,0.8043478260869567,0.8043478260869567,0.8043478260869567,0.8043478260869567,0.8043478260869567,0.777654347826087,0.7913021739130436,0.791654347826087,0.8043478260869567,0.8043478260869567,0.8039804347826088,0.8043478260869567
0.8043478260869567,0.8043478260869567,0.8043478260869567,0.8043478260869567,0.8043478260869567,0.8043478260869567,0.8043478260869567,0.8043478260869567,0.8043478260869567,0.8043478260869567,0.8043478260869567,0.8043478260869567,0.8043478260869567,0.8043478260869567,0.8043478260869567,0.8029347826086958,0.7975391304347828,0.7745500000000001,0.7393717391304349,0.7318130434782609,0.7408326086956522,0.7214695652173914,0.7547304347826087,0.8043478260869567,0.8043478260869567,0.8043478260869567,0.8043478260869567,0.8043478260869567,0.8043478260869567,0.8043478260869567,0.8043478260869567,0.8043478260869567,0.8043478260869567,0.8043478260869567,0.8043478260869567,0.8043478260869567,0.8043478260869567,0.8043478260869567,0.8043478260869567,0.8043478260869567,0.8043478260869567,0.7979065217391306,0.7582000000000001,0.7715,0.6226717391304348,0.6170217391304349,0.7156347826086957,0.7312304347826087,0.7630717391304349,0.8043478260869567,0.803645652173913,0.8043478260869567,0.8043478260869567,0.8043478260869567,0.8043478260869567,0.8043478260869567,0.8043478260869567,0.8043478260869567,0.8043478260869567,0.8043478260869567,0.8043478260869567,0.8043478260869567,0.8043478260869567,0.8043478260869567,0.8043478260869567,0.8043478260869567,0.8043478260869567,0.8043478260869567,0.8043478260869567,0.8043478260869567,0.8043478260869567,0.8043478260869567,0.8043478260869567,0.8043478260869567,0.8043478260869567,0.8043478260869567,0.8043478260869567,0.8043478260869567,0.8043478260869567,0.8043478260869567,0.8043478260869567,0.8043478260869567,0.8043478260869567,0.8043478260869567,0.8043478260869567,0.8043478260869567,0.8043478260869567,0.8043478260869567,0.8043478260869567,0.8043478260869567,0.8043478260869567,0.803645652173913,0.8005,0.7943413043478262,0.8043478260869567,0.8043478260869567,0.8043478260869567,0.7979065217391306,0.8043478260869567
0.8043478260869567,0.8043478260869567,0.8043478260869567,0.8043478260869567,0.8043478260869567,0.8043478260869567,0.8043478260869567,0.8043478260869567,0.8043478260869567,0.8043478260869567,0.8043478260869567,0.8043478260869567,0.8043478260869567,0.8043478260869567,0.8043478260869567,0.8036304347826088,0.7957695652173914,0.7348,0.6421630434782609,0.7383195652173914,0.7410500000000001,0.7392630434782609,0.7605739130434783,0.7979065217391306,0.8043478260869567,0.777654347826087,0.8043478260869567,0.8043478260869567,0.8043478260869567,0.8043478260869567,0.8043478260869567,0.8043478260869567,0.8043478260869567,0.8043478260869567,0.8043478260869567,0.8043478260869567,0.8043478260869567,0.8043478260869567,0.8043478260869567,0.8043478260869567,0.8043478260869567,0.7979065217391306,0.8039978260869566,0.7796478260869566,0.621917391304348,0.618258695652174,0.6376130434782609,0.7197717391304349,0.7592108695652174,0.7979065217391306,0.803645652173913,0.8043478260869567,0.8043478260869567,0.8043478260869567,0.8043478260869567,0.8043478260869567,0.8043478260869567,0.8043478260869567,0.8043478260869567,0.8043478260869567,0.8043478260869567,0.8043478260869567,0.8043478260869567,0.8043478260869567,0.8043478260869567,0.8043478260869567,0.8043478260869567,0.8043478260869567,0.8043478260869567,0.8043478260869567,0.8043478260869567,0.8043478260869567,0.8043478260869567,0.8043478260869567,0.8043478260869567,0.8043478260869567,0.8043478260869567,0.8043478260869567,0.8043478260869567,0.8043478260869567,0.8043478260869567,0.8043478260869567,0.8043478260869567,0.8043478260869567,0.8043478260869567,0.8043478260869567,0.8043478260869567,0.8043478260869567,0.8043478260869567,0.8043478260869567,0.8043478260869567,0.8043478260869567,0.8012326086956523,0.7991000000000001,0.8043478260869567,0.7979065217391306,0.777654347826087,0.803645652173913,0.8043478260869567
0.8043478260869567,0.8043478260869567,0.8043478260869567,0.8043478260869567,0.8043478260869567,0.8043478260869567,0.8043478260869567,0.8043478260869567,0.8043478260869567,0.8043478260869567,0.8043478260869567,0.8043478260869567,0.8043478260869567,0.8043478260869567,0.8043478260869567,0.8036152173913044,0.7758760869565218,0.7684217391304349,0.7322956521739131,0.751395652173913,0.7222500000000001,0.7132434782608696,0.757063043478261,0.8036152173913044,0.8043478260869567,0.8043478260869567,0.8043478260869567,0.8043478260869567,0.8043478260869567,0.8043478260869567,0.8043478260869567,0.8043478260869567,0.8043478260869567,0.8043478260869567,0.8043478260869567,0.8043478260869567,0.8043478260869567,0.8043478260869567,0.8043478260869567,0.8043478260869567,0.8043478260869567,0.803645652173913,0.8036152173913044,0.7373934782608697,0.6304021739130435,0.6892152173913043,0.6266717391304348,0.7274760869565218,0.7837282608695653,0.803645652173913,0.7979065217391306,0.8043478260869567,0.8043478260869567,0.8043478260869567,0.8043478260869567,0.8043478260869567,0.8043478260869567,0.8043478260869567,0.8043478260869567,0.8043478260869567,0.8043478260869567,0.8043478260869567,0.8043478260869567,0.8043478260869567,0.8043478260869567,0.8043478260869567,0.8043478260869567,0.8043478260869567,0.8043478260869567,0.8043478260869567,0.8043478260869567,0.8043478260869567,0.8043478260869567,0.8043478260869567,0.8043478260869567,0.8043478260869567,0.8043478260869567,0.8043478260869567,0.8043478260869567,0.8043478260869567,0.8043478260869567,0.8043478260869567,0.8043478260869567,0.8043478260869567,0.8043478260869567,0.8043478260869567,0.8043478260869567,0.8043478260869567,0.8043478260869567,0.8043478260869567,0.8043478260869567,0.7979065217391306,0.8043478260869567,0.8043478260869567,0.7968391304347827,0.8043478260869567,0.8043478260869567,0.8039978260869566,0.8043478260869567
0.8043478260869567,0.8043478260869567,0.8043478260869567,0.8043478260869567,0.8043478260869567,0.8043478260869567,0.8043478260869567,0.8043478260869567,0.8043478260869567,0.8043478260869567,0.8043478260869567,0.8043478260869567,0.8043478260869567,0.8043478260869567,0.8043478260869567,0.7979065217391306,0.7924500000000001,0.7589826086956523,0.7859673913043479,0.7363478260869566,0.7151695652173914,0.7181652173913045,0.7762413043478261,0.8029347826086958,0.8043478260869567,0.8043478260869567,0.8043478260869567,0.8043478260869567,0.8043478260869567,0.8043478260869567,0.8043478260869567,0.8043478260869567,0.8043478260869567,0.803645652173913,0.8043478260869567,0.8043478260869567,0.8043478260869567,0.8043478260869567,0.8043478260869567,0.8043478260869567,0.8043478260869567,0.8029347826086958,0.7855956521739131,0.7668586956521739,0.6850695652173914,0.6200760869565217,0.7163021739130436,0.7439456521739132,0.8043478260869567,0.8008652173913045,0.7936391304347826,0.8043478260869567,0.8043478260869567,0.8043478260869567,0.8043478260869567,0.8043478260869567,0.8043478260869567,0.8043478260869567,0.8043478260869567,0.8043478260869567,0.8043478260869567,0.8043478260869567,0.8043478260869567,0.8043478260869567,0.8043478260869567,0.8043478260869567,0.8043478260869567,0.8043478260869567,0.8043478260869567,0.8043478260869567,0.8043478260869567,0.8043478260869567,0.8043478260869567,0.8043478260869567,0.8043478260869567,0.8043478260869567,0.8043478260869567,0.8043478260869567,0.8043478260869567,0.8043478260869567,0.8043478260869567,0.8043478260869567,0.8043478260869567,0.8043478260869567,0.8043478260869567,0.8043478260869567,0.8043478260869567,0.8043478260869567,0.8043478260869567,0.8043478260869567,0.8043478260869567,0.8043478260869567,0.777654347826087,0.7943413043478262,0.8012326086956523,0.8043478260869567,0.8012326086956523,0.8043478260869567,0.8043478260869567
0.8043478260869567,0.8043478260869567,0.8043478260869567,0.8043478260869567,0.8043478260869567,0.8043478260869567,0.8043478260869567,0.8043478260869567,0.8043478260869567,0.8043478260869567,0.8043478260869567,0.8043478260869567,0.8043478260869567,0.8043478260869567,0.8043478260869567,0.796495652173913,0.7792760869565218,0.7442478260869566,0.7358413043478262,0.7344695652173914,0.7127826086956522,0.7282869565217391,0.784508695652174,0.785563043478261,0.8043478260869567,0.8043478260869567,0.8043478260869567,0.8043478260869567,0.8043478260869567,0.8043478260869567,0.8043478260869567,0.8043478260869567,0.8043478260869567,0.8043478260869567,0.8043478260869567,0.8043478260869567,0.8043478260869567,0.8043478260869567,0.8043478260869567,0.8043478260869567,0.8043478260869567,0.8032782608695652,0.7964282608695653,0.7503630434782609,0.7091478260869566,0.7110956521739131,0.7086804347826087,0.7205739130434783,0.7732521739130436,0.8043478260869567,0.8008652173913045,0.8043478260869567,0.8043478260869567,0.8043478260869567,0.8043478260869567,0.8043478260869567,0.8043478260869567,0.8043478260869567,0.8043478260869567,0.8043478260869567,0.8043478260869567,0.8043478260869567,0.8043478260869567,0.8043478260869567,0.8043478260869567,0.8043478260869567,0.8043478260869567,0.8043478260869567,0.8043478260869567,0.8043478260869567,0.8043478260869567,0.8043478260869567,0.8043478260869567,0.8043478260869567,0.8043478260869567,0.8043478260869567,0.8043478260869567,0.8043478260869567,0.8043478260869567,0.8043478260869567,0.8043478260869567,0.8043478260869567,0.8043478260869567,0.8043478260869567,0.8043478260869567,0.8043478260869567,0.8043478260869567,0.8043478260869567,0.8043478260869567,0.8043478260869567,0.8043478260869567,0.7979065217391306,0.8043478260869567,0.7863282608695653,0.7979065217391306,0.8043478260869567,0.7897652173913043,0.7979065217391306,0.8043478260869567
0.8043478260869567,0.7979065217391306,0.8043478260869567,0.8043478260869567,0.8043478260869567,0.8043478260869567,0.8043478260869567,0.8043478260869567,0.8043478260869567,0.8043478260869567,0.8043478260869567,0.8043478260869567,0.8043478260869567,0.8043478260869567,0.8043478260869567,0.803645652173913,0.7953934782608696,0.7353869565217391,0.7702326086956522,0.7281304347826087,0.7433739130434783,0.7208891304347826,0.7770543478260871,0.7762413043478261,0.8043478260869567,0.8043478260869567,0.8043478260869567,0.8043478260869567,0.8043478260869567,0.8043478260869567,0.8043478260869567,0.8043478260869567,0.8043478260869567,0.8043478260869567,0.8043478260869567,0.8043478260869567,0.8043478260869567,0.8043478260869567,0.8043478260869567,0.8043478260869567,0.7979065217391306,0.8043478260869567,0.7964347826086957,0.7481434782608697,0.7215456521739132,0.62855,0.7090782608695653,0.7218717391304349,0.7708652173913044,0.7979065217391306,0.8043478260869567,0.8043478260869567,0.8043478260869567,0.8043478260869567,0.8043478260869567,0.8043478260869567,0.8043478260869567,0.8043478260869567,0.8043478260869567,0.8043478260869567,0.8043478260869567,0.8043478260869567,0.8043478260869567,0.8043478260869567,0.8043478260869567,0.8043478260869567,0.8043478260869567,0.8043478260869567,0.8043478260869567,0.8043478260869567,0.8043478260869567,0.8043478260869567,0.8043478260869567,0.8043478260869567,0.8043478260869567,0.8043478260869567,0.8043478260869567,0.8043478260869567,0.8043478260869567,0.7979065217391306,0.8043478260869567,0.8043478260869567,0.8043478260869567,0.8043478260869567,0.8043478260869567,0.8043478260869567,0.8043478260869567,0.8043478260869567,0.8043478260869567,0.8043478260869567,0.8043478260869567,0.8043478260869567,0.8029347826086958,0.777654347826087,0.8039804347826088,0.8043478260869567,0.8043478260869567,0.8043478260869567,0.8043478260869567
0.8043478260869567,0.8043478260869567,0.8043478260869567,0.8043478260869567,0.8043478260869567,0.8043478260869567,0.8043478260869567,0.8043478260869567,0.8043478260869567,0.8043478260869567,0.8043478260869567,0.8043478260869567,0.8043478260869567,0.8043478260869567,0.8043478260869567,0.7975586956521741,0.7762195652173914,0.7625978260869566,0.7322021739130435,0.7424760869565218,0.6374695652173914,0.7262760869565218,0.7592108695652174,0.8012326086956523,0.8043478260869567,0.8043478260869567,0.8043478260869567,0.8043478260869567,0.8043478260869567,0.8043478260869567,0.8043478260869567,0.8043478260869567,0.8043478260869567,0.8043478260869567,0.8043478260869567,0.8043478260869567,0.8043478260869567,0.8043478260869567,0.8043478260869567,0.8043478260869567,0.8043478260869567,0.803645652173913,0.7956934782608697,0.7254326086956523,0.6159673913043479,0.6266739130434783,0.7085891304347827,0.7466717391304348,0.7953934782608696,0.8043478260869567,0.777654347826087,0.8043478260869567,0.8043478260869567,0.8043478260869567,0.8043478260869567,0.8043478260869567,0.8043478260869567,0.8043478260869567,0.8043478260869567,0.8043478260869567,0.8043478260869567,0.8043478260869567,0.8043478260869567,0.8043478260869567,0.8043478260869567,0.8043478260869567,0.8043478260869567,0.8043478260869567,0.8043478260869567,0.8043478260869567,0.8043478260869567,0.8043478260869567,0.8043478260869567,0.8043478260869567,0.8043478260869567,0.8043478260869567,0.8043478260869567,0.8043478260869567,0.8043478260869567,0.8043478260869567,0.8043478260869567,0.8043478260869567,0.8043478260869567,0.8043478260869567,0.7979065217391306,0.8043478260869567,0.8043478260869567,0.8043478260869567,0.8043478260869567,0.8043478260869567,0.8043478260869567,0.8043478260869567,0.8043478260869567,0.7979065217391306,0.7972065217391305,0.803645652173913,0.803645652173913,0.7972065217391305,0.8043478260869567
0.8043478260869567,0.8043478260869567,0.8043478260869567,0.8043478260869567,0.8043478260869567,0.8043478260869567,0.8043478260869567,0.8043478260869567,0.8043478260869567,0.8043478260869567,0.8043478260869567,0.8043478260869567,0.8043478260869567,0.8043478260869567,0.8043478260869567,0.7904978260869565,0.791654347826087,0.7792413043478261,0.649958695652174,0.7242500000000001,0.6419673913043479,0.7465739130434783,0.7393891304347827,0.8043478260869567,0.8043478260869567,0.8043478260869567,0.8043478260869567,0.7979065217391306,0.8043478260869567,0.8043478260869567,0.8043478260869567,0.8043478260869567,0.8043478260869567,0.8043478260869567,0.8043478260869567,0.8043478260869567,0.8043478260869567,0.8043478260869567,0.8043478260869567,0.8043478260869567,0.8029347826086958,0.7781543478260871,0.7540500000000001,0.742754347826087,0.6208130434782609,0.7014347826086957,0.6346630434782609,0.7422456521739131,0.7863282608695653,0.7972065217391305,0.7904978260869565,0.8043478260869567,0.8043478260869567,0.8043478260869567,0.8043478260869567,0.8043478260869567,0.8043478260869567,0.8043478260869567,0.8043478260869567,0.8043478260869567,0.8043478260869567,0.8043478260869567,0.8043478260869567,0.8043478260869567,0.8043478260869567,0.8043478260869567,0.8043478260869567,0.8043478260869567,0.8043478260869567,0.8043478260869567,0.8043478260869567,0.8043478260869567,0.8043478260869567,0.8043478260869567,0.8043478260869567,0.8043478260869567,0.8043478260869567,0.8043478260869567,0.8043478260869567,0.8043478260869567,0.8043478260869567,0.8043478260869567,0.8043478260869567,0.8043478260869567,0.8043478260869567,0.8043478260869567,0.8043478260869567,0.8043478260869567,0.8043478260869567,0.8043478260869567,0.8043478260869567,0.8043478260869567,0.8043478260869567,0.8043478260869567,0.7979065217391306,0.8043478260869567,0.8043478260869567,0.8043478260869567,0.8043478260869567
0.8043478260869567,0.8043478260869567,0.8043478260869567,0.8043478260869567,0.8043478260869567,0.8043478260869567,0.8043478260869567,0.8043478260869567,0.8043478260869567,0.8043478260869567,0.8043478260869567,0.8043478260869567,0.8043478260869567,0.8043478260869567,0.8043478260869567,0.7968391304347827,0.7897956521739132,0.7833173913043479,0.7139695652173913,0.7216739130434784,0.7268869565217392,0.7206282608695653,0.7468000000000001,0.7979065217391306,0.8043478260869567,0.8043478260869567,0.8043478260869567,0.8043478260869567,0.8043478260869567,0.8043478260869567,0.8043478260869567,0.8043478260869567,0.8043478260869567,0.8043478260869567,0.8043478260869567,0.8043478260869567,0.8043478260869567,0.8043478260869567,0.8043478260869567,0.8043478260869567,0.8043478260869567,0.7738369565217392,0.7751391304347827,0.7427934782608696,0.6057521739130435,0.6197804347826087,0.7053260869565218,0.642554347826087,0.7932717391304348,0.8043478260869567,0.7904978260869565,0.8043478260869567,0.8043478260869567,0.8043478260869567,0.8043478260869567,0.8043478260869567,0.8043478260869567,0.8043478260869567,0.8043478260869567,0.8043478260869567,0.8043478260869567,0.8043478260869567,0.8043478260869567,0.8043478260869567,0.8043478260869567,0.8043478260869567,0.8043478260869567,0.8043478260869567,0.8043478260869567,0.8043478260869567,0.8043478260869567,0.8043478260869567,0.8043478260869567,0.8043478260869567,0.8043478260869567,0.8043478260869567,0.8043478260869567,0.8043478260869567,0.8043478260869567,0.7979065217391306,0.8043478260869567,0.8043478260869567,0.8043478260869567,0.8043478260869567,0.8043478260869567,0.8043478260869567,0.8043478260869567,0.8043478260869567,0.8043478260869567,0.8043478260869567,0.8043478260869567,0.8043478260869567,0.8043478260869567,0.8032652173913044,0.7979065217391306,0.803645652173913,0.7712130434782609,0.803645652173913,0.8043478260869567
0.8043478260869567,0.8043478260869567,0.8043478260869567,0.8043478260869567,0.8043478260869567,0.8043478260869567,0.8043478260869567,0.8043478260869567,0.8043478260869567,0.8043478260869567,0.8043478260869567,0.8043478260869567,0.8043478260869567,0.8043478260869567,0.8043478260869567,0.803645652173913,0.8029347826086958,0.7779565217391304,0.7233391304347827,0.7444934782608696,0.618463043478261,0.7479,0.7536978260869566,0.8039804347826088,0.8043478260869567,0.8043478260869567,0.8043478260869567,0.8043478260869567,0.8043478260869567,0.8043478260869567,0.8043478260869567,0.8043478260869567,0.8043478260869567,0.8043478260869567,0.8043478260869567,0.8043478260869567,0.8043478260869567,0.8043478260869567,0.8043478260869567,0.8043478260869567,0.8043478260869567,0.8025434782608696,0.7668782608695652,0.7291217391304348,0.61855,0.5973500000000002,0.7347326086956522,0.7332847826086957,0.7808869565217392,0.777654347826087,0.8043478260869567,0.8043478260869567,0.8043478260869567,0.8043478260869567,0.8043478260869567,0.8043478260869567,0.8043478260869567,0.8043478260869567,0.8043478260869567,0.8043478260869567,0.8039978260869566,0.8043478260869567,0.8043478260869567,0.8043478260869567,0.8043478260869567,0.8043478260869567,0.8043478260869567,0.8043478260869567,0.8043478260869567,0.8043478260869567,0.8043478260869567,0.8043478260869567,0.8043478260869567,0.8043478260869567,0.8043478260869567,0.8043478260869567,0.8043478260869567,0.8043478260869567,0.8043478260869567,0.8043478260869567,0.8043478260869567,0.8043478260869567,0.8043478260869567,0.8043478260869567,0.8043478260869567,0.8043478260869567,0.8043478260869567,0.8043478260869567,0.8043478260869567,0.8043478260869567,0.803645652173913,0.8043478260869567,0.8043478260869567,0.8043478260869567,0.8043478260869567,0.8043478260869567,0.8043478260869567,0.8043478260869567,0.8043478260869567
0.8043478260869567,0.8043478260869567,0.8043478260869567,0.8043478260869567,0.8043478260869567,0.8043478260869567,0.8043478260869567,0.8043478260869567,0.8043478260869567,0.8043478260869567,0.8043478260869567,0.8043478260869567,0.8043478260869567,0.8043478260869567,0.8043478260869567,0.7920043478260871,0.7770521739130436,0.7539021739130436,0.723554347826087,0.7579260869565219,0.7176304347826087,0.7505804347826088,0.8025065217391305,0.8039804347826088,0.8043478260869567,0.8043478260869567,0.8043478260869567,0.8043478260869567,0.8043478260869567,0.8043478260869567,0.8043478260869567,0.8043478260869567,0.8043478260869567,0.8043478260869567,0.8043478260869567,0.8043478260869567,0.8043478260869567,0.8043478260869567,0.8043478260869567,0.8043478260869567,0.8043478260869567,0.8043478260869567,0.7568978260869565,0.7329673913043478,0.7008282608695653,0.6225978260869566,0.6287108695652175,0.723804347826087,0.7873391304347827,0.777654347826087,0.8043478260869567,0.8043478260869567,0.8043478260869567,0.8043478260869567,0.8043478260869567,0.8043478260869567,0.8043478260869567,0.8043478260869567,0.8043478260869567,0.8043478260869567,0.8043478260869567,0.8043478260869567,0.8043478260869567,0.8043478260869567,0.8043478260869567,0.8043478260869567,0.8043478260869567,0.8043478260869567,0.8043478260869567,0.8043478260869567,0.8043478260869567,0.8043478260869567,0.8043478260869567,0.8043478260869567,0.8043478260869567,0.8043478260869567,0.8043478260869567,0.7979065217391306,0.8043478260869567,0.8043478260869567,0.8043478260869567,0.8043478260869567,0.8043478260869567,0.8043478260869567,0.8043478260869567,0.8043478260869567,0.8043478260869567,0.8043478260869567,0.8043478260869567,0.8043478260869567,0.8043478260869567,0.8043478260869567,0.8043478260869567,0.8043478260869567,0.7708652173913044,0.8043478260869567,0.803645652173913,0.7904978260869565,0.8043478260869567
0.8043478260869567,0.8043478260869567,0.8043478260869567,0.8043478260869567,0.8043478260869567,0.8043478260869567,0.8043478260869567,0.8043478260869567,0.8043478260869567,0.8043478260869567,0.8043478260869567,0.8043478260869567,0.8043478260869567,0.8043478260869567,0.8043478260869567,0.800163043478261,0.7983478260869565,0.7661391304347827,0.7736500000000001,0.724008695652174,0.7212891304347827,0.6208456521739131,0.7694108695652175,0.7975586956521741,0.8043478260869567,0.8043478260869567,0.8043478260869567,0.8043478260869567,0.8043478260869567,0.8043478260869567,0.8043478260869567,0.8043478260869567,0.8043478260869567,0.8043478260869567,0.8043478260869567,0.8043478260869567,0.8043478260869567,0.8043478260869567,0.8043478260869567,0.8043478260869567,0.8043478260869567,0.7943413043478262,0.7665804347826088,0.7400521739130435,0.6159630434782609,0.6191956521739131,0.6972826086956523,0.7733847826086957,0.7883652173913044,0.8043478260869567,0.8043478260869567,0.8043478260869567,0.8043478260869567,0.8043478260869567,0.8043478260869567,0.8043478260869567,0.8043478260869567,0.8043478260869567,0.8043478260869567,0.8043478260869567,0.8043478260869567,0.8043478260869567,0.8043478260869567,0.8043478260869567,0.8043478260869567,0.8043478260869567,0.8043478260869567,0.8043478260869567,0.8043478260869567,0.8043478260869567,0.8043478260869567,0.8043478260869567,0.8043478260869567,0.8043478260869567,0.8043478260869567,0.8043478260869567,0.8043478260869567,0.8043478260869567,0.8043478260869567,0.8043478260869567,0.8043478260869567,0.8043478260869567,0.8043478260869567,0.8043478260869567,0.8043478260869567,0.8043478260869567,0.8043478260869567,0.8043478260869567,0.8043478260869567,0.8043478260869567,0.803645652173913,0.8043478260869567,0.8043478260869567,0.7968043478260871,0.7979065217391306,0.8039978260869566,0.8043478260869567,0.7979065217391306,0.8043478260869567
0.8043478260869567,0.8043478260869567,0.8043478260869567,0.8043478260869567,0.8043478260869567,0.8043478260869567,0.8043478260869567,0.8043478260869567,0.8043478260869567,0.8043478260869567,0.8043478260869567,0.8043478260869567,0.8043478260869567,0.8043478260869567,0.8043478260869567,0.8043478260869567,0.7960652173913044,0.7583565217391305,0.7257456521739131,0.7230413043478261,0.7138282608695653,0.720163043478261,0.7727347826086958,0.8043478260869567,0.8043478260869567,0.8043478260869567,0.8043478260869567,0.8043478260869567,0.8043478260869567,0.8043478260869567,0.8043478260869567,0.8043478260869567,0.8043478260869567,0.8043478260869567,0.8043478260869567,0.8043478260869567,0.8043478260869567,0.8043478260869567,0.8043478260869567,0.8043478260869567,0.8043478260869567,0.7979065217391306,0.7690695652173914,0.7574217391304349,0.7027304347826088,0.6912108695652175,0.6308065217391304,0.7350108695652174,0.7518804347826088,0.7920043478260871,0.7972065217391305,0.8043478260869567,0.8043478260869567,0.8043478260869567,0.8043478260869567,0.8043478260869567,0.8043478260869567,0.8043478260869567,0.8043478260869567,0.8043478260869567,0.8043478260869567,0.8043478260869567,0.8043478260869567,0.8043478260869567,0.8043478260869567,0.8043478260869567,0.8043478260869567,0.8043478260869567,0.8043478260869567,0.8043478260869567,0.8043478260869567,0.8043478260869567,0.8043478260869567,0.8043478260869567,0.8043478260869567,0.8043478260869567,0.8043478260869567,0.8043478260869567,0.8043478260869567,0.8043478260869567,0.8043478260869567,0.8043478260869567,0.8043478260869567,0.8043478260869567,0.8043478260869567,0.8043478260869567,0.8043478260869567,0.8043478260869567,0.8043478260869567,0.8043478260869567,0.8043478260869567,0.8043478260869567,0.8043478260869567,0.8043478260869567,0.8012326086956523,0.8012326086956523,0.7979065217391306,0.8043478260869567,0.8043478260869567
0.8043478260869567,0.8043478260869567,0.8043478260869567,0.8043478260869567,0.8043478260869567,0.8043478260869567,0.8043478260869567,0.8043478260869567,0.8043478260869567,0.8043478260869567,0.8043478260869567,0.8043478260869567,0.8043478260869567,0.8043478260869567,0.8039978260869566,0.803645652173913,0.8005,0.7575695652173914,0.7615717391304349,0.728008695652174,0.6382304347826088,0.6226282608695652,0.7582152173913044,0.7983673913043479,0.8043478260869567,0.8043478260869567,0.8043478260869567,0.8043478260869567,0.8043478260869567,0.8043478260869567,0.8043478260869567,0.8043478260869567,0.8043478260869567,0.8043478260869567,0.8043478260869567,0.8043478260869567,0.8043478260869567,0.8043478260869567,0.8043478260869567,0.8043478260869567,0.8043478260869567,0.7979065217391306,0.7834195652173913,0.7255369565217392,0.6877413043478262,0.6169869565217392,0.642008695652174,0.6530869565217392,0.7768804347826087,0.8043478260869567,0.7979065217391306,0.8043478260869567,0.8043478260869567,0.8043478260869567,0.8043478260869567,0.8043478260869567,0.8043478260869567,0.8043478260869567,0.8043478260869567,0.8043478260869567,0.8043478260869567,0.8043478260869567,0.8043478260869567,0.8043478260869567,0.8043478260869567,0.8043478260869567,0.8043478260869567,0.8043478260869567,0.8043478260869567,0.8043478260869567,0.8043478260869567,0.8043478260869567,0.8043478260869567,0.8043478260869567,0.8043478260869567,0.8043478260869567,0.8043478260869567,0.8043478260869567,0.8043478260869567,0.8043478260869567,0.8043478260869567,0.8043478260869567,0.8043478260869567,0.8043478260869567,0.8043478260869567,0.8043478260869567,0.8043478260869567,0.8043478260869567,0.8043478260869567,0.8043478260869567,0.8043478260869567,0.8043478260869567,0.8043478260869567,0.7890847826086956,0.7856260869565218,0.8043478260869567,0.7979065217391306,0.8043478260869567,0.8043478260869567
0.8043478260869567,0.8043478260869567,0.8043478260869567,0.8043478260869567,0.8043478260869567,0.8043478260869567,0.8043478260869567,0.8043478260869567,0.8043478260869567,0.8043478260869567,0.8043478260869567,0.8043478260869567,0.8043478260869567,0.8043478260869567,0.8043478260869567,0.7979065217391306,0.7929195652173914,0.7487195652173914,0.7581891304347826,0.7007065217391305,0.7322260869565218,0.7246869565217392,0.7747695652173914,0.763804347826087,0.8043478260869567,0.8043478260869567,0.8043478260869567,0.8043478260869567,0.8043478260869567,0.8043478260869567,0.8043478260869567,0.8043478260869567,0.8043478260869567,0.8043478260869567,0.8043478260869567,0.8043478260869567,0.8043478260869567,0.8043478260869567,0.8043478260869567,0.8043478260869567,0.8043478260869567,0.8043478260869567,0.8035565217391306,0.7469543478260869,0.7224956521739131,0.6831260869565219,0.722413043478261,0.6428608695652175,0.7928695652173913,0.8043478260869567,0.8043478260869567,0.8043478260869567,0.8043478260869567,0.8043478260869567,0.8043478260869567,0.8043478260869567,0.8043478260869567,0.8043478260869567,0.8043478260869567,0.8043478260869567,0.8043478260869567,0.8043478260869567,0.8043478260869567,0.8043478260869567,0.8043478260869567,0.8043478260869567,0.8043478260869567,0.8043478260869567,0.8043478260869567,0.8043478260869567,0.8043478260869567,0.8043478260869567,0.8043478260869567,0.8043478260869567,0.8043478260869567,0.8043478260869567,0.8043478260869567,0.8043478260869567,0.8043478260869567,0.8043478260869567,0.8043478260869567,0.8043478260869567,0.8043478260869567,0.8043478260869567,0.7979065217391306,0.8043478260869567,0.8043478260869567,0.8043478260869567,0.8043478260869567,0.8043478260869567,0.8043478260869567,0.8043478260869567,0.7975586956521741,0.8039978260869566,0.803645652173913,0.8043478260869567,0.803645652173913,0.8043478260869567,0.8043478260869567
0.8043478260869567,0.8043478260869567,0.8043478260869567,0.8043478260869567,0.8043478260869567,0.8043478260869567,0.8043478260869567,0.8043478260869567,0.8043478260869567,0.8043478260869567,0.8043478260869567,0.8043478260869567,0.8043478260869567,0.8043478260869567,0.8043478260869567,0.7975586956521741,0.8005304347826088,0.7479043478260871,0.7274782608695652,0.6382152173913044,0.6460760869565219,0.7214673913043479,0.7859608695652175,0.803645652173913,0.8043478260869567,0.8043478260869567,0.8043478260869567,0.8043478260869567,0.8043478260869567,0.8043478260869567,0.8043478260869567,0.8043478260869567,0.8043478260869567,0.8043478260869567,0.8043478260869567,0.8043478260869567,0.8043478260869567,0.8043478260869567,0.8043478260869567,0.7979065217391306,0.8043478260869567,0.7979065217391306,0.7736760869565218,0.7481217391304348,0.7093413043478262,0.6053652173913043,0.7303347826086957,0.7301000000000001,0.8032217391304348,0.7979065217391306,0.8043478260869567,0.8043478260869567,0.8043478260869567,0.8043478260869567,0.8043478260869567,0.8043478260869567,0.8043478260869567,0.8043478260869567,0.8043478260869567,0.8043478260869567,0.8043478260869567,0.8043478260869567,0.8043478260869567,0.8043478260869567,0.8043478260869567,0.8043478260869567,0.8043478260869567,0.8043478260869567,0.8043478260869567,0.8043478260869567,0.8043478260869567,0.8043478260869567,0.8043478260869567,0.8043478260869567,0.8043478260869567,0.8043478260869567,0.8043478260869567,0.8043478260869567,0.8043478260869567,0.8043478260869567,0.8043478260869567,0.8043478260869567,0.8043478260869567,0.8043478260869567,0.8043478260869567,0.8043478260869567,0.8043478260869567,0.8043478260869567,0.8043478260869567,0.8043478260869567,0.7979065217391306,0.8043478260869567,0.8029347826086958,0.7943413043478262,0.803645652173913,0.8043478260869567,0.8043478260869567,0.8043478260869567,0.8043478260869567
0.8043478260869567,0.8043478260869567,0.8043478260869567,0.8043478260869567,0.8043478260869567,0.8043478260869567,0.8043478260869567,0.8043478260869567,0.8043478260869567,0.8043478260869567,0.8043478260869567,0.8043478260869567,0.8043478260869567,0.8043478260869567,0.8043478260869567,0.803645652173913,0.7834065217391305,0.75065,0.7424195652173914,0.7313217391304349,0.7202195652173914,0.7233565217391306,0.7612913043478261,0.8043478260869567,0.8043478260869567,0.8043478260869567,0.8043478260869567,0.8043478260869567,0.8043478260869567,0.8043478260869567,0.8043478260869567,0.8043478260869567,0.8043478260869567,0.8043478260869567,0.8043478260869567,0.8043478260869567,0.8043478260869567,0.8043478260869567,0.8043478260869567,0.8043478260869567,0.8043478260869567,0.7943413043478262,0.7738369565217392,0.7495195652173914,0.7213478260869566,0.6212934782608696,0.7246673913043479,0.7240500000000001,0.7457239130434783,0.8043478260869567,0.803645652173913,0.8043478260869567,0.8043478260869567,0.8043478260869567,0.8043478260869567,0.8043478260869567,0.8043478260869567,0.8043478260869567,0.8043478260869567,0.8043478260869567,0.8043478260869567,0.8043478260869567,0.8043478260869567,0.8043478260869567,0.8043478260869567,0.8043478260869567,0.8043478260869567,0.8043478260869567,0.8043478260869567,0.8043478260869567,0.8043478260869567,0.8043478260869567,0.8043478260869567,0.8043478260869567,0.8043478260869567,0.8043478260869567,0.8043478260869567,0.8043478260869567,0.7979065217391306,0.8043478260869567,0.8043478260869567,0.8043478260869567,0.8043478260869567,0.8043478260869567,0.8043478260869567,0.8043478260869567,0.8043478260869567,0.8043478260869567,0.8043478260869567,0.8043478260869567,0.8043478260869567,0.8043478260869567,0.7773043478260869,0.8043478260869567,0.8043478260869567,0.803645652173913,0.8043478260869567,0.8039804347826088,0.8043478260869567
0.8043478260869567,0.8043478260869567,0.8043478260869567,0.8043478260869567,0.8043478260869567,0.8043478260869567,0.8043478260869567,0.8043478260869567,0.8043478260869567,0.8043478260869567,0.8043478260869567,0.8043478260869567,0.8043478260869567,0.8043478260869567,0.8043478260869567,0.8043478260869567,0.78485,0.764413043478261,0.7335673913043479,0.7627978260869566,0.7309695652173913,0.7262000000000001,0.7618978260869566,0.8043478260869567,0.8043478260869567,0.8043478260869567,0.7979065217391306,0.8043478260869567,0.8043478260869567,0.8043478260869567,0.8043478260869567,0.8043478260869567,0.8043478260869567,0.8043478260869567,0.8043478260869567,0.8043478260869567,0.8043478260869567,0.8043478260869567,0.8043478260869567,0.8043478260869567,0.8043478260869567,0.8043478260869567,0.7751500000000001,0.7326326086956522,0.6269152173913045,0.6879586956521739,0.6952021739130436,0.639958695652174,0.7374173913043479,0.8043478260869567,0.7943413043478262,0.8043478260869567,0.8043478260869567,0.8043478260869567,0.8043478260869567,0.8043478260869567,0.8043478260869567,0.8043478260869567,0.8043478260869567,0.8043478260869567,0.8043478260869567,0.8043478260869567,0.8043478260869567,0.8043478260869567,0.8043478260869567,0.8043478260869567,0.8043478260869567,0.8043478260869567,0.8043478260869567,0.8043478260869567,0.8043478260869567,0.7979065217391306,0.8043478260869567,0.8043478260869567,0.8043478260869567,0.8043478260869567,0.8043478260869567,0.8043478260869567,0.8043478260869567,0.8043478260869567,0.8043478260869567,0.8043478260869567,0.8043478260869567,0.8043478260869567,0.8043478260869567,0.8043478260869567,0.8043478260869567,0.8043478260869567,0.8043478260869567,0.8043478260869567,0.8043478260869567,0.8043478260869567,0.8043478260869567,0.7979065217391306,0.8039978260869566,0.8043478260869567,0.8039978260869566,0.7979065217391306,0.8043478260869567
0.8043478260869567,0.8043478260869567,0.8043478260869567,0.8043478260869567,0.8043478260869567,0.8043478260869567,0.8043478260869567,0.8043478260869567,0.8043478260869567,0.8043478260869567,0.8043478260869567,0.8043478260869567,0.8043478260869567,0.8043478260869567,0.8043478260869567,0.803645652173913,0.7914782608695653,0.7953934782608696,0.7381826086956523,0.7266173913043479,0.738245652173913,0.7272934782608697,0.7745391304347826,0.803645652173913,0.8043478260869567,0.8043478260869567,0.8043478260869567,0.8043478260869567,0.8043478260869567,0.8043478260869567,0.8043478260869567,0.8043478260869567,0.8043478260869567,0.8043478260869567,0.8043478260869567,0.8043478260869567,0.8043478260869567,0.8043478260869567,0.8043478260869567,0.8043478260869567,0.8043478260869567,0.800163043478261,0.7855695652173914,0.7859913043478263,0.6966217391304349,0.622554347826087,0.7205391304347826,0.7398978260869565,0.7902260869565219,0.8043478260869567,0.8043478260869567,0.8043478260869567,0.8043478260869567,0.8043478260869567,0.8043478260869567,0.8043478260869567,0.8043478260869567,0.8043478260869567,0.8043478260869567,0.8043478260869567,0.8043478260869567,0.8043478260869567,0.8043478260869567,0.8043478260869567,0.8043478260869567,0.8043478260869567,0.8043478260869567,0.8043478260869567,0.8043478260869567,0.8043478260869567,0.8043478260869567,0.8043478260869567,0.8043478260869567,0.8043478260869567,0.8043478260869567,0.8043478260869567,0.8043478260869567,0.8043478260869567,0.8043478260869567,0.8043478260869567,0.8043478260869567,0.8043478260869567,0.8043478260869567,0.8043478260869567,0.8043478260869567,0.8043478260869567,0.8043478260869567,0.8043478260869567,0.8043478260869567,0.8043478260869567,0.8043478260869567,0.8043478260869567,0.8043478260869567,0.803645652173913,0.777654347826087,0.8043478260869567,0.7975391304347828,0.7972065217391305,0.8043478260869567
0.8043478260869567,0.8043478260869567,0.8043478260869567,0.8043478260869567,0.8043478260869567,0.8043478260869567,0.8043478260869567,0.8043478260869567,0.8043478260869567,0.8043478260869567,0.8043478260869567,0.8043478260869567,0.8043478260869567,0.8043478260869567,0.803645652173913,0.7904978260869565,0.7890043478260871,0.7368478260869565,0.7206673913043479,0.7238652173913044,0.755013043478261,0.7324760869565218,0.7576304347826087,0.8039804347826088,0.8043478260869567,0.8043478260869567,0.8043478260869567,0.8043478260869567,0.8043478260869567,0.8043478260869567,0.8043478260869567,0.8043478260869567,0.8043478260869567,0.8043478260869567,0.8043478260869567,0.8043478260869567,0.8043478260869567,0.8043478260869567,0.8043478260869567,0.8043478260869567,0.8043478260869567,0.8043478260869567,0.7957630434782609,0.7483891304347827,0.7067391304347826,0.6074608695652174,0.7232543478260871,0.7364195652173914,0.760563043478261,0.8043478260869567,0.8043478260869567,0.7979065217391306,0.8043478260869567,0.8043478260869567,0.8043478260869567,0.8043478260869567,0.8043478260869567,0.8043478260869567,0.8043478260869567,0.8043478260869567,0.8043478260869567,0.8043478260869567,0.8043478260869567,0.8043478260869567,0.8043478260869567,0.8043478260869567,0.8043478260869567,0.8043478260869567,0.8043478260869567,0.8043478260869567,0.8043478260869567,0.8043478260869567,0.8043478260869567,0.8043478260869567,0.8043478260869567,0.8043478260869567,0.8043478260869567,0.8043478260869567,0.8043478260869567,0.8043478260869567,0.8043478260869567,0.8043478260869567,0.8043478260869567,0.8043478260869567,0.8043478260869567,0.8043478260869567,0.8043478260869567,0.8043478260869567,0.8043478260869567,0.8043478260869567,0.8043478260869567,0.8043478260869567,0.7979065217391306,0.7972065217391305,0.8043478260869567,0.8043478260869567,0.8043478260869567,0.8039978260869566,0.8043478260869567
0.8043478260869567,0.8043478260869567,0.8043478260869567,0.8043478260869567,0.8043478260869567,0.8043478260869567,0.8043478260869567,0.8043478260869567,0.8043478260869567,0.8043478260869567,0.8043478260869567,0.8043478260869567,0.8043478260869567,0.8043478260869567,0.7972065217391305,0.8043478260869567,0.7550804347826088,0.7352065217391305,0.6507869565217391,0.722304347826087,0.7117521739130436,0.724995652173913,0.7830217391304348,0.803645652173913,0.777654347826087,0.8043478260869567,0.8043478260869567,0.8043478260869567,0.8043478260869567,0.8043478260869567,0.8043478260869567,0.8043478260869567,0.8043478260869567,0.8043478260869567,0.8043478260869567,0.8043478260869567,0.8043478260869567,0.8043478260869567,0.8043478260869567,0.8043478260869567,0.7979065217391306,0.7979065217391306,0.801113043478261,0.7486456521739131,0.7049195652173914,0.6229217391304348,0.6369695652173913,0.7663413043478262,0.7904978260869565,0.8043478260869567,0.8043478260869567,0.8043478260869567,0.8043478260869567,0.8043478260869567,0.8043478260869567,0.8043478260869567,0.8043478260869567,0.8043478260869567,0.8043478260869567,0.8043478260869567,0.8043478260869567,0.8043478260869567,0.8043478260869567,0.8043478260869567,0.8043478260869567,0.8043478260869567,0.8043478260869567,0.8043478260869567,0.8043478260869567,0.8043478260869567,0.8043478260869567,0.8043478260869567,0.8043478260869567,0.8043478260869567,0.8043478260869567,0.8043478260869567,0.8043478260869567,0.8043478260869567,0.8043478260869567,0.8043478260869567,0.8043478260869567,0.8043478260869567,0.8043478260869567,0.8043478260869567,0.8043478260869567,0.8043478260869567,0.8043478260869567,0.8043478260869567,0.8043478260869567,0.8043478260869567,0.8043478260869567,0.8043478260869567,0.8043478260869567,0.8043478260869567,0.7979065217391306,0.8043478260869567,0.8043478260869567,0.8043478260869567,0.8043478260869567
0.8043478260869567,0.8043478260869567,0.8043478260869567,0.8043478260869567,0.8043478260869567,0.8043478260869567,0.8043478260869567,0.8043478260869567,0.8043478260869567,0.8043478260869567,0.8043478260869567,0.8043478260869567,0.8043478260869567,0.8043478260869567,0.8043478260869567,0.8029347826086958,0.7979065217391306,0.7788891304347827,0.6533478260869565,0.7309282608695652,0.7281630434782609,0.6430282608695653,0.7629826086956522,0.7975391304347828,0.8043478260869567,0.8043478260869567,0.8043478260869567,0.8043478260869567,0.8043478260869567,0.8043478260869567,0.8043478260869567,0.8043478260869567,0.8043478260869567,0.8043478260869567,0.8043478260869567,0.8043478260869567,0.8043478260869567,0.8043478260869567,0.8043478260869567,0.8043478260869567,0.8043478260869567,0.8043478260869567,0.7844978260869566,0.7287869565217392,0.61295,0.6219260869565217,0.7056695652173913,0.730608695652174,0.7968391304347827,0.7712130434782609,0.8043478260869567,0.8043478260869567,0.8043478260869567,0.8043478260869567,0.8043478260869567,0.8043478260869567,0.8043478260869567,0.8043478260869567,0.8043478260869567,0.8043478260869567,0.8043478260869567,0.8043478260869567,0.8043478260869567,0.8043478260869567,0.8043478260869567,0.8043478260869567,0.8043478260869567,0.8043478260869567,0.803645652173913,0.8043478260869567,0.8043478260869567,0.8043478260869567,0.8043478260869567,0.8043478260869567,0.8043478260869567,0.8043478260869567,0.8043478260869567,0.8043478260869567,0.7979065217391306,0.8043478260869567,0.8043478260869567,0.8043478260869567,0.8043478260869567,0.8043478260869567,0.8043478260869567,0.8043478260869567,0.8043478260869567,0.8043478260869567,0.8043478260869567,0.8043478260869567,0.8043478260869567,0.7979065217391306,0.8039804347826088,0.7979065217391306,0.7972065217391305,0.8043478260869567,0.7979065217391306,0.8043478260869567,0.8043478260869567
0.8043478260869567,0.8043478260869567,0.8043478260869567,0.8043478260869567,0.8043478260869567,0.8043478260869567,0.8043478260869567,0.8043478260869567,0.8043478260869567,0.8043478260869567,0.8043478260869567,0.8043478260869567,0.8043478260869567,0.8043478260869567,0.8043478260869567,0.8043478260869567,0.8025065217391305,0.7456847826086958,0.7397956521739131,0.7403717391304349,0.7190260869565218,0.7472478260869565,0.7946760869565218,0.8012326086956523,0.8043478260869567,0.8043478260869567,0.8043478260869567,0.8043478260869567,0.8043478260869567,0.8043478260869567,0.8043478260869567,0.8043478260869567,0.8043478260869567,0.8043478260869567,0.8043478260869567,0.8043478260869567,0.8043478260869567,0.8043478260869567,0.8043478260869567,0.8043478260869567,0.8043478260869567,0.8043478260869567,0.8028673913043479,0.773317391304348,0.6275913043478262,0.6219673913043479,0.7138717391304348,0.745008695652174,0.7901304347826087,0.8043478260869567,0.8043478260869567,0.8043478260869567,0.8043478260869567,0.8043478260869567,0.8043478260869567,0.8043478260869567,0.8043478260869567,0.8043478260869567,0.8043478260869567,0.8043478260869567,0.8043478260869567,0.8043478260869567,0.8043478260869567,0.8043478260869567,0.8043478260869567,0.8043478260869567,0.8043478260869567,0.8043478260869567,0.8043478260869567,0.8043478260869567,0.8043478260869567,0.8043478260869567,0.8043478260869567,0.8043478260869567,0.8043478260869567,0.8043478260869567,0.8043478260869567,0.8043478260869567,0.8043478260869567,0.8043478260869567,0.8043478260869567,0.8043478260869567,0.8043478260869567,0.8043478260869567,0.8043478260869567,0.8043478260869567,0.8043478260869567,0.8043478260869567,0.8043478260869567,0.8043478260869567,0.8043478260869567,0.8043478260869567,0.8043478260869567,0.7943413043478262,0.7936391304347826,0.803645652173913,0.8043478260869567,0.7890847826086956,0.8043478260869567
0.8043478260869567,0.8043478260869567,0.8043478260869567,0.8043478260869567,0.8043478260869567,0.8043478260869567,0.8043478260869567,0.8043478260869567,0.8043478260869567,0.8043478260869567,0.8043478260869567,0.8043478260869567,0.8043478260869567,0.8043478260869567,0.8043478260869567,0.8043478260869567,0.7687108695652175,0.7815891304347826,0.7272869565217392,0.7212739130434783,0.7294282608695654,0.7357956521739132,0.7769521739130435,0.7979065217391306,0.8043478260869567,0.8043478260869567,0.7979065217391306,0.8043478260869567,0.8043478260869567,0.8043478260869567,0.8043478260869567,0.8043478260869567,0.8043478260869567,0.8043478260869567,0.8043478260869567,0.8043478260869567,0.8043478260869567,0.8043478260869567,0.8043478260869567,0.8039804347826088,0.8043478260869567,0.7979065217391306,0.7983695652173914,0.7341739130434783,0.6858630434782609,0.6883478260869565,0.63615,0.6568717391304348,0.7744130434782609,0.803645652173913,0.7936391304347826,0.8043478260869567,0.8043478260869567,0.8043478260869567,0.8043478260869567,0.8043478260869567,0.8043478260869567,0.8043478260869567,0.8043478260869567,0.8043478260869567,0.8043478260869567,0.8043478260869567,0.8043478260869567,0.8043478260869567,0.8043478260869567,0.8043478260869567,0.8043478260869567,0.8043478260869567,0.8043478260869567,0.8043478260869567,0.8043478260869567,0.8043478260869567,0.8043478260869567,0.8043478260869567,0.8043478260869567,0.8043478260869567,0.8043478260869567,0.8043478260869567,0.8043478260869567,0.8043478260869567,0.8043478260869567,0.8043478260869567,0.8043478260869567,0.8043478260869567,0.8043478260869567,0.8043478260869567,0.8043478260869567,0.8043478260869567,0.8043478260869567,0.8043478260869567,0.8043478260869567,0.8043478260869567,0.7979065217391306,0.7975391304347828,0.8043478260869567,0.8043478260869567,0.803645652173913,0.7904978260869565,0.8043478260869567
0.8043478260869567,0.8043478260869567,0.8043478260869567,0.8043478260869567,0.8043478260869567,0.8043478260869567,0.8043478260869567,0.8043478260869567,0.8043478260869567,0.8043478260869567,0.8043478260869567,0.8043478260869567,0.8043478260869567,0.8043478260869567,0.8043478260869567,0.8043478260869567,0.777804347826087,0.7412282608695653,0.7364760869565218,0.7412065217391306,0.6381304347826088,0.7209782608695653,0.7964847826086957,0.7979065217391306,0.8043478260869567,0.7979065217391306,0.8043478260869567,0.8043478260869567,0.8043478260869567,0.8043478260869567,0.8043478260869567,0.8043478260869567,0.8043478260869567,0.8043478260869567,0.8043478260869567,0.8043478260869567,0.8043478260869567,0.8043478260869567,0.8043478260869567,0.8043478260869567,0.8043478260869567,0.8043478260869567,0.7856108695652174,0.7671565217391305,0.6258695652173913,0.621858695652174,0.7186282608695653,0.739908695652174,0.7886934782608697,0.8012326086956523,0.8043478260869567,0.8043478260869567,0.8043478260869567,0.8043478260869567,0.8043478260869567,0.8043478260869567,0.8043478260869567,0.8043478260869567,0.8043478260869567,0.8043478260869567,0.8043478260869567,0.8043478260869567,0.8043478260869567,0.8043478260869567,0.8043478260869567,0.8043478260869567,0.8043478260869567,0.8043478260869567,0.8043478260869567,0.8043478260869567,0.8043478260869567,0.8043478260869567,0.8043478260869567,0.8043478260869567,0.8043478260869567,0.8043478260869567,0.8043478260869567,0.8043478260869567,0.8043478260869567,0.8043478260869567,0.8043478260869567,0.8043478260869567,0.8043478260869567,0.8043478260869567,0.8043478260869567,0.8043478260869567,0.8043478260869567,0.8043478260869567,0.8043478260869567,0.8043478260869567,0.8043478260869567,0.8043478260869567,0.8043478260869567,0.8032913043478263,0.8043478260869567,0.8032782608695652,0.7979065217391306,0.8043478260869567,0.8043478260869567
0.8043478260869567,0.8043478260869567,0.8043478260869567,0.8043478260869567,0.8043478260869567,0.8043478260869567,0.8043478260869567,0.8043478260869567,0.8043478260869567,0.8043478260869567,0.8043478260869567,0.8043478260869567,0.8043478260869567,0.8043478260869567,0.8043478260869567,0.7972065217391305,0.7881869565217392,0.7627630434782608,0.7682760869565217,0.7280586956521741,0.643345652173913,0.7493195652173914,0.7675891304347827,0.8043478260869567,0.8043478260869567,0.8043478260869567,0.8043478260869567,0.8043478260869567,0.8043478260869567,0.8043478260869567,0.8043478260869567,0.8043478260869567,0.803645652173913,0.8043478260869567,0.8043478260869567,0.8043478260869567,0.8043478260869567,0.8043478260869567,0.8043478260869567,0.8043478260869567,0.8043478260869567,0.7979065217391306,0.7957347826086957,0.7262326086956523,0.6220630434782609,0.706154347826087,0.7285956521739131,0.6493282608695653,0.7731260869565217,0.8043478260869567,0.7979065217391306,0.8043478260869567,0.8043478260869567,0.8043478260869567,0.8043478260869567,0.8043478260869567,0.8043478260869567,0.8043478260869567,0.8043478260869567,0.8043478260869567,0.8043478260869567,0.8043478260869567,0.8043478260869567,0.8043478260869567,0.8043478260869567,0.8043478260869567,0.8043478260869567,0.8043478260869567,0.8043478260869567,0.8043478260869567,0.8043478260869567,0.8043478260869567,0.8043478260869567,0.8043478260869567,0.8043478260869567,0.8043478260869567,0.8043478260869567,0.8043478260869567,0.8043478260869567,0.8043478260869567,0.8043478260869567,0.8043478260869567,0.8043478260869567,0.8043478260869567,0.8043478260869567,0.8043478260869567,0.8043478260869567,0.8043478260869567,0.8043478260869567,0.8043478260869567,0.8043478260869567,0.8043478260869567,0.8043478260869567,0.802567391304348,0.803645652173913,0.8043478260869567,0.8043478260869567,0.7972065217391305,0.8043478260869567
0.8043478260869567,0.8043478260869567,0.8043478260869567,0.8043478260869567,0.8043478260869567,0.8043478260869567,0.8043478260869567,0.8043478260869567,0.8043478260869567,0.8043478260869567,0.8043478260869567,0.8043478260869567,0.8043478260869567,0.8043478260869567,0.8043478260869567,0.7920043478260871,0.7840913043478261,0.7426782608695652,0.7458782608695652,0.7227217391304349,0.6136891304347826,0.720704347826087,0.7731043478260871,0.7979065217391306,0.8043478260869567,0.8043478260869567,0.8043478260869567,0.8043478260869567,0.8043478260869567,0.8043478260869567,0.8043478260869567,0.8043478260869567,0.8043478260869567,0.8043478260869567,0.8043478260869567,0.8043478260869567,0.8043478260869567,0.8043478260869567,0.8043478260869567,0.8043478260869567,0.8043478260869567,0.8043478260869567,0.7964847826086957,0.7328326086956523,0.6195391304347826,0.6167369565217392,0.7153239130434783,0.7265,0.7529478260869567,0.803645652173913,0.8043478260869567,0.8043478260869567,0.8043478260869567,0.8043478260869567,0.8043478260869567,0.8043478260869567,0.8043478260869567,0.8043478260869567,0.8043478260869567,0.8043478260869567,0.8043478260869567,0.8043478260869567,0.8043478260869567,0.8043478260869567,0.8043478260869567,0.8043478260869567,0.8043478260869567,0.8043478260869567,0.8043478260869567,0.8043478260869567,0.8043478260869567,0.8043478260869567,0.8043478260869567,0.8043478260869567,0.8043478260869567,0.8043478260869567,0.8043478260869567,0.8043478260869567,0.8043478260869567,0.8043478260869567,0.8043478260869567,0.8043478260869567,0.8043478260869567,0.7979065217391306,0.8043478260869567,0.8043478260869567,0.8043478260869567,0.8043478260869567,0.8043478260869567,0.8043478260869567,0.8043478260869567,0.8043478260869567,0.7979065217391306,0.8043478260869567,0.777654347826087,0.8043478260869567,0.8012326086956523,0.7943413043478262,0.8043478260869567
0.8043478260869567,0.8043478260869567,0.8043478260869567,0.8043478260869567,0.8043478260869567,0.8043478260869567,0.8043478260869567,0.8043478260869567,0.8043478260869567,0.8043478260869567,0.8043478260869567,0.8043478260869567,0.8043478260869567,0.8043478260869567,0.8043478260869567,0.7972065217391305,0.7690695652173914,0.7623826086956523,0.7362391304347827,0.7388282608695652,0.7197956521739131,0.7066847826086957,0.7650847826086957,0.8043478260869567,0.8043478260869567,0.8043478260869567,0.8043478260869567,0.8043478260869567,0.8043478260869567,0.8043478260869567,0.8043478260869567,0.8043478260869567,0.8043478260869567,0.8043478260869567,0.8043478260869567,0.8043478260869567,0.8043478260869567,0.8043478260869567,0.8043478260869567,0.8043478260869567,0.8043478260869567,0.7904978260869565,0.7747891304347826,0.7326608695652175,0.7099760869565217,0.6865152173913044,0.6395108695652174,0.6506260869565218,0.7741739130434783,0.803645652173913,0.8043478260869567,0.8043478260869567,0.8043478260869567,0.8043478260869567,0.8043478260869567,0.8043478260869567,0.8043478260869567,0.8043478260869567,0.8043478260869567,0.8043478260869567,0.8043478260869567,0.8043478260869567,0.8043478260869567,0.8043478260869567,0.8043478260869567,0.8043478260869567,0.8043478260869567,0.8043478260869567,0.8043478260869567,0.8043478260869567,0.8043478260869567,0.8043478260869567,0.8043478260869567,0.8043478260869567,0.8043478260869567,0.8043478260869567,0.8043478260869567,0.8043478260869567,0.8043478260869567,0.8043478260869567,0.8043478260869567,0.8043478260869567,0.8043478260869567,0.8043478260869567,0.8043478260869567,0.8043478260869567,0.8043478260869567,0.8043478260869567,0.8043478260869567,0.8043478260869567,0.8043478260869567,0.8043478260869567,0.8043478260869567,0.8043478260869567,0.8043478260869567,0.7979065217391306,0.8043478260869567,0.8043478260869567,0.7979065217391306
0.8043478260869567,0.8043478260869567,0.8043478260869567,0.8043478260869567,0.8043478260869567,0.8043478260869567,0.8043478260869567,0.8043478260869567,0.8043478260869567,0.8043478260869567,0.8043478260869567,0.8043478260869567,0.8043478260869567,0.8043478260869567,0.8043478260869567,0.7974826086956522,0.7972065217391305,0.7423673913043478,0.7304326086956522,0.6447130434782609,0.7189000000000001,0.7389847826086957,0.7957630434782609,0.7979065217391306,0.8043478260869567,0.8043478260869567,0.8043478260869567,0.8043478260869567,0.8043478260869567,0.8043478260869567,0.8043478260869567,0.8043478260869567,0.8043478260869567,0.8043478260869567,0.8043478260869567,0.8043478260869567,0.8043478260869567,0.8043478260869567,0.8043478260869567,0.8043478260869567,0.8043478260869567,0.7904978260869565,0.796104347826087,0.7777304347826087,0.6230521739130435,0.6146586956521739,0.6963565217391305,0.6375195652173914,0.7756565217391305,0.8043478260869567,0.8043478260869567,0.8043478260869567,0.8043478260869567,0.8043478260869567,0.8043478260869567,0.8043478260869567,0.8043478260869567,0.8043478260869567,0.8043478260869567,0.8043478260869567,0.8043478260869567,0.8043478260869567,0.8043478260869567,0.8043478260869567,0.8043478260869567,0.8043478260869567,0.8043478260869567,0.8043478260869567,0.8043478260869567,0.8043478260869567,0.8043478260869567,0.8043478260869567,0.8043478260869567,0.8043478260869567,0.8043478260869567,0.8043478260869567,0.8043478260869567,0.8043478260869567,0.8043478260869567,0.803645652173913,0.8043478260869567,0.8043478260869567,0.8043478260869567,0.8043478260869567,0.7979065217391306,0.8043478260869567,0.8043478260869567,0.8043478260869567,0.8043478260869567,0.8043478260869567,0.8043478260869567,0.8043478260869567,0.8043478260869567,0.8043478260869567,0.8043478260869567,0.7979065217391306,0.7979065217391306,0.7979065217391306,0.8043478260869567
0.8043478260869567,0.8043478260869567,0.8043478260869567,0.8043478260869567,0.8043478260869567,0.8043478260869567,0.8043478260869567,0.8043478260869567,0.8043478260869567,0.8043478260869567,0.8043478260869567,0.8043478260869567,0.8043478260869567,0.8043478260869567,0.8043478260869567,0.8043478260869567,0.7885239130434782,0.7346326086956523,0.7378000000000001,0.7750847826086956,0.7365521739130435,0.7398956521739132,0.7964000000000001,0.8039804347826088,0.8043478260869567,0.8043478260869567,0.8039978260869566,0.8043478260869567,0.8043478260869567,0.8043478260869567,0.8043478260869567,0.8043478260869567,0.8043478260869567,0.8043478260869567,0.8043478260869567,0.8043478260869567,0.8043478260869567,0.8043478260869567,0.8043478260869567,0.8043478260869567,0.7979065217391306,0.8043478260869567,0.7902260869565219,0.7386021739130435,0.7183521739130435,0.6264000000000001,0.6192934782608696,0.6548543478260871,0.7631021739130436,0.8012326086956523,0.7901478260869567,0.8043478260869567,0.8043478260869567,0.8043478260869567,0.8043478260869567,0.8043478260869567,0.8043478260869567,0.8043478260869567,0.8043478260869567,0.8043478260869567,0.8043478260869567,0.8043478260869567,0.8043478260869567,0.8043478260869567,0.8043478260869567,0.8043478260869567,0.8043478260869567,0.8043478260869567,0.8043478260869567,0.8043478260869567,0.8043478260869567,0.8043478260869567,0.8043478260869567,0.8043478260869567,0.8043478260869567,0.8043478260869567,0.8043478260869567,0.8043478260869567,0.8043478260869567,0.8043478260869567,0.8043478260869567,0.8043478260869567,0.8043478260869567,0.8043478260869567,0.8043478260869567,0.8043478260869567,0.8043478260869567,0.8043478260869567,0.8043478260869567,0.8043478260869567,0.8043478260869567,0.8043478260869567,0.7979065217391306,0.7979065217391306,0.7539413043478262,0.8012326086956523,0.8012326086956523,0.8043478260869567,0.8043478260869567
0.8043478260869567,0.8043478260869567,0.8043478260869567,0.8043478260869567,0.8043478260869567,0.8043478260869567,0.8043478260869567,0.8043478260869567,0.8043478260869567,0.8043478260869567,0.8043478260869567,0.8043478260869567,0.8043478260869567,0.803645652173913,0.8043478260869567,0.8043478260869567,0.7964847826086957,0.7570913043478261,0.7400630434782609,0.7470130434782609,0.7257891304347827,0.6396760869565218,0.7968391304347827,0.8043478260869567,0.8043478260869567,0.8043478260869567,0.8043478260869567,0.8043478260869567,0.8043478260869567,0.8043478260869567,0.8043478260869567,0.8043478260869567,0.8043478260869567,0.8043478260869567,0.8043478260869567,0.8043478260869567,0.8043478260869567,0.8043478260869567,0.8043478260869567,0.777654347826087,0.8043478260869567,0.8036152173913044,0.7669456521739131,0.7452652173913045,0.6898413043478262,0.6202347826086957,0.6310326086956523,0.731095652173913,0.7886934782608697,0.7943413043478262,0.8005304347826088,0.8043478260869567,0.8043478260869567,0.8043478260869567,0.8043478260869567,0.8043478260869567,0.8043478260869567,0.8043478260869567,0.8043478260869567,0.8043478260869567,0.8043478260869567,0.8043478260869567,0.8043478260869567,0.8043478260869567,0.8043478260869567,0.8043478260869567,0.8043478260869567,0.8043478260869567,0.7979065217391306,0.8043478260869567,0.8043478260869567,0.8043478260869567,0.8043478260869567,0.8043478260869567,0.8043478260869567,0.8043478260869567,0.8043478260869567,0.8043478260869567,0.8043478260869567,0.8043478260869567,0.8043478260869567,0.8043478260869567,0.8043478260869567,0.8043478260869567,0.8043478260869567,0.8043478260869567,0.8043478260869567,0.8043478260869567,0.8043478260869567,0.8043478260869567,0.8043478260869567,0.8043478260869567,0.8039804347826088,0.8043478260869567,0.777654347826087,0.8039804347826088,0.8043478260869567,0.7972065217391305,0.7979065217391306
0.8043478260869567,0.8043478260869567,0.8043478260869567,0.8043478260869567,0.8043478260869567,0.8043478260869567,0.8043478260869567,0.8043478260869567,0.8043478260869567,0.8043478260869567,0.8043478260869567,0.8043478260869567,0.8043478260869567,0.8043478260869567,0.8043478260869567,0.8043478260869567,0.7851391304347827,0.7458456521739131,0.7438434782608697,0.7502195652173914,0.7245847826086957,0.7330847826086957,0.7704217391304349,0.803645652173913,0.8043478260869567,0.8043478260869567,0.8043478260869567,0.8043478260869567,0.8043478260869567,0.8043478260869567,0.8043478260869567,0.8043478260869567,0.8043478260869567,0.8043478260869567,0.8043478260869567,0.8043478260869567,0.8043478260869567,0.8043478260869567,0.8043478260869567,0.8043478260869567,0.8043478260869567,0.8032456521739132,0.7879543478260871,0.782,0.6198739130434783,0.63075,0.6127934782608697,0.7236391304347827,0.7712130434782609,0.8043478260869567,0.7979065217391306,0.8043478260869567,0.8043478260869567,0.8043478260869567,0.8043478260869567,0.8043478260869567,0.8043478260869567,0.8043478260869567,0.8043478260869567,0.8043478260869567,0.8043478260869567,0.8043478260869567,0.8043478260869567,0.8043478260869567,0.8043478260869567,0.8043478260869567,0.8043478260869567,0.8043478260869567,0.8043478260869567,0.8043478260869567,0.8043478260869567,0.8043478260869567,0.8043478260869567,0.8043478260869567,0.8043478260869567,0.8043478260869567,0.8043478260869567,0.8043478260869567,0.8043478260869567,0.8043478260869567,0.8043478260869567,0.8043478260869567,0.8043478260869567,0.8043478260869567,0.8043478260869567,0.8043478260869567,0.8043478260869567,0.8043478260869567,0.8043478260869567,0.8043478260869567,0.7979065217391306,0.8043478260869567,0.8043478260869567,0.7920043478260871,0.7913021739130436,0.7979065217391306,0.777654347826087,0.803645652173913,0.8043478260869567
0.8043478260869567,0.8043478260869567,0.8043478260869567,0.8043478260869567,0.8043478260869567,0.8043478260869567,0.8043478260869567,0.8043478260869567,0.8043478260869567,0.8043478260869567,0.8043478260869567,0.8043478260869567,0.8043478260869567,0.8043478260869567,0.7972065217391305,0.7975391304347828,0.8008652173913045,0.7738195652173914,0.7272956521739131,0.642763043478261,0.7121565217391306,0.7309239130434783,0.7546108695652175,0.8043478260869567,0.8043478260869567,0.8043478260869567,0.8043478260869567,0.8043478260869567,0.8043478260869567,0.8043478260869567,0.8043478260869567,0.8043478260869567,0.8043478260869567,0.8043478260869567,0.8043478260869567,0.8043478260869567,0.8043478260869567,0.8043478260869567,0.8043478260869567,0.8043478260869567,0.8043478260869567,0.8043478260869567,0.763358695652174,0.7244195652173914,0.6006847826086957,0.6218304347826087,0.6265521739130435,0.653445652173913,0.7701586956521739,0.8043478260869567,0.7979065217391306,0.8043478260869567,0.8043478260869567,0.8043478260869567,0.8043478260869567,0.8043478260869567,0.8043478260869567,0.8043478260869567,0.8043478260869567,0.8043478260869567,0.8043478260869567,0.8043478260869567,0.8043478260869567,0.8043478260869567,0.8043478260869567,0.8043478260869567,0.8043478260869567,0.8043478260869567,0.8043478260869567,0.8043478260869567,0.8043478260869567,0.8043478260869567,0.8043478260869567,0.8043478260869567,0.8043478260869567,0.8043478260869567,0.8043478260869567,0.8043478260869567,0.8043478260869567,0.8043478260869567,0.8043478260869567,0.8043478260869567,0.8043478260869567,0.8043478260869567,0.8043478260869567,0.8043478260869567,0.8043478260869567,0.8043478260869567,0.8043478260869567,0.8043478260869567,0.8043478260869567,0.8043478260869567,0.8043478260869567,0.8043478260869567,0.8043478260869567,0.8043478260869567,0.8043478260869567,0.8043478260869567,0.8043478260869567
0.8043478260869567,0.8043478260869567,0.8043478260869567,0.8043478260869567,0.8043478260869567,0.8043478260869567,0.8043478260869567,0.8043478260869567,0.8043478260869567,0.8043478260869567,0.8043478260869567,0.8043478260869567,0.8043478260869567,0.8043478260869567,0.8043478260869567,0.7979065217391306,0.7841130434782608,0.7502760869565218,0.6535152173913044,0.733095652173913,0.7491108695652173,0.6503326086956522,0.7865130434782609,0.7979065217391306,0.8043478260869567,0.8043478260869567,0.8043478260869567,0.8043478260869567,0.8043478260869567,0.8043478260869567,0.8043478260869567,0.8043478260869567,0.8043478260869567,0.8043478260869567,0.8043478260869567,0.8043478260869567,0.8043478260869567,0.8043478260869567,0.8043478260869567,0.8043478260869567,0.803645652173913,0.8043478260869567,0.7925608695652175,0.760454347826087,0.6238826086956523,0.7051739130434783,0.6429826086956523,0.7358152173913044,0.8032782608695652,0.8043478260869567,0.803645652173913,0.8043478260869567,0.8043478260869567,0.8043478260869567,0.8043478260869567,0.8043478260869567,0.8043478260869567,0.8043478260869567,0.8043478260869567,0.8043478260869567,0.8043478260869567,0.8043478260869567,0.8043478260869567,0.8043478260869567,0.8043478260869567,0.8043478260869567,0.8043478260869567,0.8043478260869567,0.8043478260869567,0.8043478260869567,0.8043478260869567,0.8043478260869567,0.8043478260869567,0.8043478260869567,0.8043478260869567,0.8043478260869567,0.8043478260869567,0.8043478260869567,0.8043478260869567,0.8043478260869567,0.8043478260869567,0.8043478260869567,0.8043478260869567,0.8043478260869567,0.8043478260869567,0.8043478260869567,0.8043478260869567,0.8043478260869567,0.8043478260869567,0.8043478260869567,0.8043478260869567,0.8043478260869567,0.8043478260869567,0.777654347826087,0.8039978260869566,0.777654347826087,0.8043478260869567,0.8039978260869566,0.8043478260869567
0.8043478260869567,0.8043478260869567,0.8043478260869567,0.8043478260869567,0.8043478260869567,0.8043478260869567,0.8043478260869567,0.8043478260869567,0.8043478260869567,0.8043478260869567,0.8043478260869567,0.8043478260869567,0.8043478260869567,0.8043478260869567,0.8043478260869567,0.8043478260869567,0.789063043478261,0.7334173913043479,0.7397478260869567,0.6519,0.7055065217391305,0.7407630434782609,0.7882673913043479,0.8043478260869567,0.8043478260869567,0.8043478260869567,0.8043478260869567,0.8043478260869567,0.8043478260869567,0.8043478260869567,0.8043478260869567,0.8043478260869567,0.8043478260869567,0.8043478260869567,0.8043478260869567,0.8043478260869567,0.8043478260869567,0.8043478260869567,0.8043478260869567,0.8043478260869567,0.8043478260869567,0.8039804347826088,0.7704565217391306,0.7443478260869566,0.6242282608695653,0.6218891304347827,0.6336978260869566,0.6556130434782609,0.8032456521739132,0.8043478260869567,0.7972065217391305,0.8043478260869567,0.8043478260869567,0.8043478260869567,0.8043478260869567,0.8043478260869567,0.8043478260869567,0.8043478260869567,0.8043478260869567,0.8043478260869567,0.8043478260869567,0.8043478260869567,0.8043478260869567,0.8043478260869567,0.8043478260869567,0.8043478260869567,0.8043478260869567,0.8043478260869567,0.8043478260869567,0.8043478260869567,0.8043478260869567,0.8043478260869567,0.8043478260869567,0.8043478260869567,0.8043478260869567,0.8043478260869567,0.8043478260869567,0.8043478260869567,0.8043478260869567,0.8043478260869567,0.8043478260869567,0.8043478260869567,0.8043478260869567,0.8043478260869567,0.8043478260869567,0.8043478260869567,0.8043478260869567,0.8043478260869567,0.8043478260869567,0.8043478260869567,0.8043478260869567,0.8043478260869567,0.7972065217391305,0.7979065217391306,0.8043478260869567,0.8043478260869567,0.8029347826086958,0.8043478260869567,0.8043478260869567
0.8043478260869567,0.8043478260869567,0.8043478260869567,0.8043478260869567,0.8043478260869567,0.8043478260869567,0.8043478260869567,0.8043478260869567,0.8043478260869567,0.8043478260869567,0.8043478260869567,0.8043478260869567,0.8043478260869567,0.8043478260869567,0.8043478260869567,0.7712130434782609,0.7769521739130435,0.7883391304347827,0.7575282608695653,0.6418326086956522,0.7191369565217391,0.6608369565217391,0.7972065217391305,0.803645652173913,0.8043478260869567,0.8043478260869567,0.8043478260869567,0.8043478260869567,0.8043478260869567,0.8043478260869567,0.8043478260869567,0.8043478260869567,0.8043478260869567,0.8043478260869567,0.8043478260869567,0.8043478260869567,0.8043478260869567,0.8043478260869567,0.8043478260869567,0.8043478260869567,0.8043478260869567,0.8043478260869567,0.7957695652173914,0.7216717391304348,0.6303608695652174,0.6999326086956522,0.6178,0.7519913043478261,0.7704804347826087,0.8039804347826088,0.7979065217391306,0.8043478260869567,0.8043478260869567,0.8043478260869567,0.8043478260869567,0.8043478260869567,0.8043478260869567,0.8043478260869567,0.8043478260869567,0.8043478260869567,0.8043478260869567,0.8043478260869567,0.8043478260869567,0.8043478260869567,0.8043478260869567,0.8043478260869567,0.8043478260869567,0.8043478260869567,0.8043478260869567,0.8043478260869567,0.8043478260869567,0.8043478260869567,0.8043478260869567,0.8043478260869567,0.8043478260869567,0.8043478260869567,0.8043478260869567,0.8043478260869567,0.8043478260869567,0.8043478260869567,0.8043478260869567,0.8043478260869567,0.8043478260869567,0.8043478260869567,0.8043478260869567,0.8043478260869567,0.8043478260869567,0.8043478260869567,0.8043478260869567,0.8043478260869567,0.8043478260869567,0.7979065217391306,0.8043478260869567,0.7979065217391306,0.8012326086956523,0.8012326086956523,0.8043478260869567,0.8043478260869567,0.8043478260869567
0.8043478260869567,0.8043478260869567,0.8043478260869567,0.8043478260869567,0.8043478260869567,0.8043478260869567,0.8043478260869567,0.8043478260869567,0.8043478260869567,0.8043478260869567,0.8043478260869567,0.8043478260869567,0.8043478260869567,0.8043478260869567,0.8043478260869567,0.8043478260869567,0.789063043478261,0.7522152173913044,0.72135,0.7412239130434783,0.731863043478261,0.7120913043478261,0.796104347826087,0.7979065217391306,0.8043478260869567,0.8043478260869567,0.8043478260869567,0.8043478260869567,0.8043478260869567,0.8043478260869567,0.8043478260869567,0.8043478260869567,0.8043478260869567,0.8043478260869567,0.8043478260869567,0.8043478260869567,0.8043478260869567,0.8043478260869567,0.8043478260869567,0.8043478260869567,0.8043478260869567,0.7939782608695654,0.7745391304347826,0.7230021739130436,0.703304347826087,0.7034217391304348,0.6385000000000001,0.6419630434782609,0.7890847826086956,0.7964739130434784,0.803645652173913,0.8043478260869567,0.8043478260869567,0.8043478260869567,0.8043478260869567,0.8043478260869567,0.8043478260869567,0.8043478260869567,0.8043478260869567,0.8043478260869567,0.8043478260869567,0.8043478260869567,0.8043478260869567,0.8043478260869567,0.8043478260869567,0.8043478260869567,0.8043478260869567,0.8043478260869567,0.8043478260869567,0.8043478260869567,0.8043478260869567,0.8043478260869567,0.8043478260869567,0.8043478260869567,0.8043478260869567,0.8043478260869567,0.8043478260869567,0.8043478260869567,0.8043478260869567,0.8043478260869567,0.8043478260869567,0.8043478260869567,0.8043478260869567,0.8043478260869567,0.8043478260869567,0.8043478260869567,0.8043478260869567,0.8043478260869567,0.8043478260869567,0.8043478260869567,0.8043478260869567,0.8043478260869567,0.8043478260869567,0.8043478260869567,0.8028760869565218,0.8043478260869567,0.796495652173913,0.7943413043478262,0.8043478260869567
0.8043478260869567,0.8043478260869567,0.8043478260869567,0.8043478260869567,0.8043478260869567,0.8043478260869567,0.8043478260869567,0.8043478260869567,0.8043478260869567,0.8043478260869567,0.8043478260869567,0.8043478260869567,0.8043478260869567,0.8043478260869567,0.8043478260869567,0.8043478260869567,0.7540630434782609,0.7364304347826087,0.7583500000000001,0.7328956521739131,0.7384652173913043,0.725508695652174,0.7921673913043479,0.7979065217391306,0.8043478260869567,0.8043478260869567,0.8043478260869567,0.8043478260869567,0.8043478260869567,0.8043478260869567,0.8043478260869567,0.8043478260869567,0.8043478260869567,0.8043478260869567,0.8043478260869567,0.8043478260869567,0.8043478260869567,0.8043478260869567,0.8043478260869567,0.8043478260869567,0.803645652173913,0.8036152173913044,0.7979065217391306,0.7630108695652175,0.7009630434782609,0.6163869565217391,0.6344434782608696,0.7203978260869567,0.7994521739130436,0.8039804347826088,0.8039804347826088,0.8043478260869567,0.8043478260869567,0.8043478260869567,0.8043478260869567,0.8043478260869567,0.8043478260869567,0.8043478260869567,0.8043478260869567,0.8043478260869567,0.8043478260869567,0.8043478260869567,0.8043478260869567,0.8043478260869567,0.8043478260869567,0.8043478260869567,0.8043478260869567,0.8043478260869567,0.8043478260869567,0.8043478260869567,0.8043478260869567,0.8043478260869567,0.8043478260869567,0.8043478260869567,0.8043478260869567,0.8043478260869567,0.8043478260869567,0.8043478260869567,0.8043478260869567,0.8043478260869567,0.8043478260869567,0.8043478260869567,0.8043478260869567,0.8043478260869567,0.8043478260869567,0.8043478260869567,0.8043478260869567,0.8043478260869567,0.8043478260869567,0.8043478260869567,0.8043478260869567,0.8043478260869567,0.7979065217391306,0.7932391304347828,0.8005304347826088,0.8043478260869567,0.8043478260869567,0.8043478260869567,0.8043478260869567
0.8043478260869567,0.8043478260869567,0.8043478260869567,0.8043478260869567,0.8043478260869567,0.8043478260869567,0.8043478260869567,0.8043478260869567,0.8043478260869567,0.8043478260869567,0.8043478260869567,0.8043478260869567,0.8043478260869567,0.8043478260869567,0.8043478260869567,0.8043478260869567,0.7960652173913044,0.7571369565217392,0.7456717391304348,0.7288826086956521,0.6981108695652175,0.7274891304347827,0.7917978260869566,0.7972065217391305,0.8043478260869567,0.8043478260869567,0.8043478260869567,0.8043478260869567,0.8043478260869567,0.8043478260869567,0.8043478260869567,0.8043478260869567,0.8043478260869567,0.8043478260869567,0.8043478260869567,0.8043478260869567,0.8043478260869567,0.8043478260869567,0.8043478260869567,0.8043478260869567,0.8043478260869567,0.8043478260869567,0.77125,0.7541152173913045,0.6115565217391304,0.6959521739130436,0.7094760869565218,0.7565500000000001,0.7897652173913043,0.8043478260869567,0.8043478260869567,0.8043478260869567,0.8043478260869567,0.8043478260869567,0.8043478260869567,0.8043478260869567,0.8043478260869567,0.8043478260869567,0.8043478260869567,0.8043478260869567,0.8043478260869567,0.8043478260869567,0.8043478260869567,0.8043478260869567,0.8043478260869567,0.8043478260869567,0.8043478260869567,0.8043478260869567,0.8043478260869567,0.8043478260869567,0.8043478260869567,0.8043478260869567,0.8043478260869567,0.8043478260869567,0.8043478260869567,0.8043478260869567,0.8043478260869567,0.8043478260869567,0.8043478260869567,0.8043478260869567,0.8043478260869567,0.8043478260869567,0.8043478260869567,0.8043478260869567,0.8043478260869567,0.8043478260869567,0.8043478260869567,0.8043478260869567,0.8043478260869567,0.8043478260869567,0.8043478260869567,0.8043478260869567,0.8043478260869567,0.7708478260869566,0.7904978260869565,0.8043478260869567,0.8039804347826088,0.7971739130434783,0.8043478260869567
0.8043478260869567,0.8043478260869567,0.8043478260869567,0.8043478260869567,0.8043478260869567,0.8043478260869567,0.8043478260869567,0.8043478260869567,0.8043478260869567,0.8043478260869567,0.8043478260869567,0.8043478260869567,0.8043478260869567,0.8043478260869567,0.803645652173913,0.7979065217391306,0.796495652173913,0.7433869565217391,0.7330847826086957,0.7539130434782609,0.7358826086956523,0.7330521739130436,0.770513043478261,0.8043478260869567,0.8043478260869567,0.8043478260869567,0.8043478260869567,0.8043478260869567,0.8043478260869567,0.8043478260869567,0.8043478260869567,0.8043478260869567,0.8043478260869567,0.8043478260869567,0.8043478260869567,0.8043478260869567,0.8043478260869567,0.8043478260869567,0.8043478260869567,0.7979065217391306,0.7979065217391306,0.803645652173913,0.7633804347826086,0.7702565217391305,0.6223608695652174,0.6175086956521739,0.6341369565217392,0.6455804347826087,0.7972065217391305,0.8043478260869567,0.7979065217391306,0.8043478260869567,0.8043478260869567,0.8043478260869567,0.8043478260869567,0.8043478260869567,0.8043478260869567,0.8043478260869567,0.8043478260869567,0.8043478260869567,0.8043478260869567,0.8043478260869567,0.8043478260869567,0.8043478260869567,0.8043478260869567,0.8043478260869567,0.8043478260869567,0.8043478260869567,0.8043478260869567,0.8043478260869567,0.8043478260869567,0.8043478260869567,0.8043478260869567,0.8043478260869567,0.8043478260869567,0.8043478260869567,0.8043478260869567,0.8043478260869567,0.8043478260869567,0.8043478260869567,0.8043478260869567,0.8043478260869567,0.8043478260869567,0.8043478260869567,0.8043478260869567,0.8043478260869567,0.8043478260869567,0.8043478260869567,0.8043478260869567,0.8043478260869567,0.8043478260869567,0.8043478260869567,0.8043478260869567,0.8043478260869567,0.7979065217391306,0.8043478260869567,0.777654347826087,0.8043478260869567,0.8043478260869567
0.8043478260869567,0.8043478260869567,0.8043478260869567,0.8043478260869567,0.8043478260869567,0.8043478260869567,0.8043478260869567,0.8043478260869567,0.8043478260869567,0.8043478260869567,0.8043478260869567,0.8043478260869567,0.8043478260869567,0.8043478260869567,0.8043478260869567,0.8036152173913044,0.7968391304347827,0.6623913043478262,0.7272086956521739,0.7178978260869566,0.7191391304347827,0.7553891304347827,0.7774369565217392,0.7972065217391305,0.8043478260869567,0.8043478260869567,0.8043478260869567,0.8043478260869567,0.8043478260869567,0.8043478260869567,0.8043478260869567,0.8043478260869567,0.8043478260869567,0.8043478260869567,0.8043478260869567,0.8043478260869567,0.8043478260869567,0.8043478260869567,0.8043478260869567,0.7979065217391306,0.8043478260869567,0.7773043478260869,0.7609413043478261,0.7284847826086956,0.6441130434782609,0.6244782608695654,0.6303304347826088,0.746554347826087,0.8025434782608696,0.8043478260869567,0.8043478260869567,0.7979065217391306,0.8043478260869567,0.8043478260869567,0.8043478260869567,0.8043478260869567,0.8043478260869567,0.8043478260869567,0.8043478260869567,0.8043478260869567,0.8043478260869567,0.8043478260869567,0.8043478260869567,0.8043478260869567,0.8043478260869567,0.8043478260869567,0.8043478260869567,0.8043478260869567,0.8043478260869567,0.8043478260869567,0.8043478260869567,0.8043478260869567,0.8043478260869567,0.8043478260869567,0.8043478260869567,0.8043478260869567,0.8043478260869567,0.8043478260869567,0.8043478260869567,0.8043478260869567,0.8043478260869567,0.8043478260869567,0.8043478260869567,0.8043478260869567,0.8043478260869567,0.8043478260869567,0.8043478260869567,0.8043478260869567,0.8043478260869567,0.8043478260869567,0.8043478260869567,0.8043478260869567,0.8043478260869567,0.803645652173913,0.8043478260869567,0.8043478260869567,0.8043478260869567,0.803645652173913,0.8043478260869567
0.8043478260869567,0.8043478260869567,0.7979065217391306,0.8043478260869567,0.8043478260869567,0.8043478260869567,0.8043478260869567,0.8043478260869567,0.8043478260869567,0.8043478260869567,0.8043478260869567,0.8043478260869567,0.8043478260869567,0.8043478260869567,0.8043478260869567,0.8029347826086958,0.7972065217391305,0.7582804347826088,0.7449760869565218,0.7232652173913044,0.7128413043478261,0.7739456521739131,0.7453565217391305,0.8043478260869567,0.8043478260869567,0.8043478260869567,0.8043478260869567,0.8043478260869567,0.8043478260869567,0.8043478260869567,0.8043478260869567,0.8043478260869567,0.8043478260869567,0.8043478260869567,0.8043478260869567,0.8043478260869567,0.8043478260869567,0.8043478260869567,0.8043478260869567,0.8043478260869567,0.8043478260869567,0.7920043478260871,0.7791239130434783,0.7152847826086957,0.6178543478260871,0.6143891304347826,0.7177717391304349,0.7192978260869566,0.7964739130434784,0.8043478260869567,0.770513043478261,0.8043478260869567,0.8043478260869567,0.8043478260869567,0.8043478260869567,0.8043478260869567,0.8043478260869567,0.8043478260869567,0.8043478260869567,0.8043478260869567,0.8043478260869567,0.8043478260869567,0.8043478260869567,0.8043478260869567,0.8043478260869567,0.8043478260869567,0.8043478260869567,0.8043478260869567,0.8043478260869567,0.8043478260869567,0.7979065217391306,0.8043478260869567,0.8043478260869567,0.8043478260869567,0.8043478260869567,0.8043478260869567,0.8043478260869567,0.8043478260869567,0.8043478260869567,0.8043478260869567,0.8043478260869567,0.8043478260869567,0.7979065217391306,0.8043478260869567,0.8043478260869567,0.8043478260869567,0.8043478260869567,0.8043478260869567,0.8043478260869567,0.8043478260869567,0.8043478260869567,0.8043478260869567,0.8043478260869567,0.7975391304347828,0.7979065217391306,0.8043478260869567,0.8043478260869567,0.8043478260869567,0.8043478260869567
0.8043478260869567,0.8043478260869567,0.8043478260869567,0.8043478260869567,0.8043478260869567,0.8043478260869567,0.8043478260869567,0.8043478260869567,0.8043478260869567,0.8043478260869567,0.8043478260869567,0.8043478260869567,0.8043478260869567,0.8043478260869567,0.8043478260869567,0.8043478260869567,0.7894152173913044,0.7913173913043479,0.7359500000000001,0.6433239130434784,0.7240456521739131,0.6596304347826087,0.763804347826087,0.7979065217391306,0.8043478260869567,0.8043478260869567,0.8043478260869567,0.8043478260869567,0.8043478260869567,0.8043478260869567,0.8043478260869567,0.8043478260869567,0.8043478260869567,0.8043478260869567,0.8043478260869567,0.8043478260869567,0.8043478260869567,0.8043478260869567,0.8043478260869567,0.803645652173913,0.8043478260869567,0.7943413043478262,0.7968391304347827,0.7565782608695653,0.616513043478261,0.6067260869565217,0.6380739130434784,0.7530413043478261,0.7582000000000001,0.803645652173913,0.7979065217391306,0.8043478260869567,0.8043478260869567,0.8043478260869567,0.8043478260869567,0.8043478260869567,0.8043478260869567,0.8043478260869567,0.8043478260869567,0.8043478260869567,0.8043478260869567,0.8043478260869567,0.8043478260869567,0.8043478260869567,0.8043478260869567,0.8043478260869567,0.8043478260869567,0.8043478260869567,0.8043478260869567,0.8043478260869567,0.8043478260869567,0.8043478260869567,0.8043478260869567,0.8043478260869567,0.8043478260869567,0.8043478260869567,0.8043478260869567,0.8043478260869567,0.8043478260869567,0.8043478260869567,0.8043478260869567,0.8043478260869567,0.8043478260869567,0.8043478260869567,0.8043478260869567,0.8043478260869567,0.8043478260869567,0.8043478260869567,0.8043478260869567,0.8043478260869567,0.8043478260869567,0.8043478260869567,0.8043478260869567,0.7979065217391306,0.8029347826086958,0.7979065217391306,0.803645652173913,0.8043478260869567,0.8043478260869567
0.8043478260869567,0.8043478260869567,0.8043478260869567,0.8043478260869567,0.8043478260869567,0.8043478260869567,0.8043478260869567,0.8043478260869567,0.8043478260869567,0.8043478260869567,0.8043478260869567,0.8043478260869567,0.8043478260869567,0.8043478260869567,0.8043478260869567,0.7975391304347828,0.7701326086956521,0.6653000000000001,0.7370652173913045,0.7441152173913044,0.6495282608695652,0.6484000000000001,0.7708478260869566,0.7904978260869565,0.8043478260869567,0.8043478260869567,0.8043478260869567,0.8043478260869567,0.8043478260869567,0.8043478260869567,0.8043478260869567,0.8043478260869567,0.8043478260869567,0.8043478260869567,0.8043478260869567,0.8043478260869567,0.8043478260869567,0.8043478260869567,0.8043478260869567,0.8043478260869567,0.8043478260869567,0.8043478260869567,0.7696869565217392,0.7764826086956522,0.632113043478261,0.626158695652174,0.7221717391304349,0.7147608695652174,0.7774217391304348,0.8043478260869567,0.8043478260869567,0.8043478260869567,0.8043478260869567,0.8043478260869567,0.8043478260869567,0.8043478260869567,0.8043478260869567,0.8043478260869567,0.8043478260869567,0.8043478260869567,0.8043478260869567,0.8043478260869567,0.8043478260869567,0.8043478260869567,0.8043478260869567,0.8043478260869567,0.8043478260869567,0.8039978260869566,0.8043478260869567,0.8043478260869567,0.8043478260869567,0.8043478260869567,0.8043478260869567,0.8043478260869567,0.8043478260869567,0.8043478260869567,0.8043478260869567,0.8043478260869567,0.8043478260869567,0.8043478260869567,0.8043478260869567,0.8043478260869567,0.8043478260869567,0.8043478260869567,0.8043478260869567,0.8043478260869567,0.8043478260869567,0.8043478260869567,0.8043478260869567,0.8043478260869567,0.8043478260869567,0.8043478260869567,0.7979065217391306,0.8043478260869567,0.777654347826087,0.8043478260869567,0.8043478260869567,0.8043478260869567,0.8043478260869567
0.8043478260869567,0.8043478260869567,0.8043478260869567,0.8043478260869567,0.8043478260869567,0.8043478260869567,0.8043478260869567,0.8043478260869567,0.8043478260869567,0.8043478260869567,0.8043478260869567,0.8043478260869567,0.8043478260869567,0.8043478260869567,0.8043478260869567,0.7979065217391306,0.7894413043478261,0.7438956521739131,0.7935152173913045,0.7506782608695654,0.7189760869565218,0.7169456521739132,0.7936391304347826,0.7979065217391306,0.8043478260869567,0.8043478260869567,0.8043478260869567,0.8043478260869567,0.8043478260869567,0.8043478260869567,0.8043478260869567,0.8043478260869567,0.8043478260869567,0.8043478260869567,0.8043478260869567,0.8043478260869567,0.8043478260869567,0.8043478260869567,0.8043478260869567,0.8043478260869567,0.8043478260869567,0.8043478260869567,0.7914760869565218,0.7758086956521739,0.6226826086956522,0.623654347826087,0.7094521739130435,0.7423434782608697,0.7975391304347828,0.8039978260869566,0.7972065217391305,0.8043478260869567,0.8043478260869567,0.8043478260869567,0.8043478260869567,0.8043478260869567,0.8043478260869567,0.8043478260869567,0.8043478260869567,0.8043478260869567,0.8043478260869567,0.8043478260869567,0.8043478260869567,0.8043478260869567,0.8043478260869567,0.803645652173913,0.803645652173913,0.8043478260869567,0.8043478260869567,0.8043478260869567,0.8043478260869567,0.8043478260869567,0.8043478260869567,0.8043478260869567,0.8043478260869567,0.8043478260869567,0.8043478260869567,0.8043478260869567,0.8043478260869567,0.8043478260869567,0.803645652173913,0.8043478260869567,0.8043478260869567,0.8043478260869567,0.8043478260869567,0.8043478260869567,0.8043478260869567,0.8043478260869567,0.8043478260869567,0.8043478260869567,0.8043478260869567,0.8043478260869567,0.8043478260869567,0.8043478260869567,0.8043478260869567,0.8043478260869567,0.8043478260869567,0.8043478260869567,0.8043478260869567
0.8043478260869567,0.8043478260869567,0.8043478260869567,0.8043478260869567,0.8043478260869567,0.8043478260869567,0.8043478260869567,0.8043478260869567,0.8043478260869567,0.8043478260869567,0.8043478260869567,0.8043478260869567,0.8043478260869567,0.8043478260869567,0.8005304347826088,0.8012326086956523,0.7704804347826087,0.7457652173913044,0.725508695652174,0.7296717391304348,0.7239282608695653,0.7490108695652175,0.802913043478261,0.8043478260869567,0.8043478260869567,0.8043478260869567,0.8043478260869567,0.8043478260869567,0.8043478260869567,0.8043478260869567,0.7979065217391306,0.8043478260869567,0.8043478260869567,0.8043478260869567,0.8043478260869567,0.8043478260869567,0.8043478260869567,0.8043478260869567,0.8043478260869567,0.8012326086956523,0.8005304347826088,0.8043478260869567,0.7876239130434783,0.7221434782608697,0.6229478260869566,0.6158413043478261,0.709804347826087,0.7424152173913043,0.78485,0.8039804347826088,0.7972065217391305,0.8043478260869567,0.8043478260869567,0.8043478260869567,0.8043478260869567,0.8043478260869567,0.8043478260869567,0.8043478260869567,0.8043478260869567,0.8043478260869567,0.8043478260869567,0.8043478260869567,0.8043478260869567,0.8043478260869567,0.8043478260869567,0.8043478260869567,0.8043478260869567,0.8043478260869567,0.8043478260869567,0.8043478260869567,0.8043478260869567,0.8043478260869567,0.8043478260869567,0.8043478260869567,0.8043478260869567,0.8043478260869567,0.8043478260869567,0.8043478260869567,0.8043478260869567,0.8043478260869567,0.8043478260869567,0.8043478260869567,0.8043478260869567,0.8043478260869567,0.8043478260869567,0.8043478260869567,0.8043478260869567,0.8043478260869567,0.8043478260869567,0.8043478260869567,0.8043478260869567,0.8043478260869567,0.8043478260869567,0.7972065217391305,0.8032782608695652,0.803645652173913,0.8032913043478263,0.7979065217391306,0.7979065217391306
0.8043478260869567,0.8043478260869567,0.8043478260869567,0.8043478260869567,0.8043478260869567,0.8043478260869567,0.8043478260869567,0.8043478260869567,0.8043478260869567,0.8043478260869567,0.8043478260869567,0.8043478260869567,0.8043478260869567,0.8043478260869567,0.8043478260869567,0.8043478260869567,0.7694108695652175,0.7482826086956522,0.7233391304347827,0.7209847826086958,0.7236913043478261,0.7208521739130436,0.7935695652173914,0.7901478260869567,0.7979065217391306,0.8043478260869567,0.803645652173913,0.8043478260869567,0.8043478260869567,0.8043478260869567,0.8043478260869567,0.8043478260869567,0.8043478260869567,0.8043478260869567,0.8043478260869567,0.8043478260869567,0.8043478260869567,0.8043478260869567,0.8043478260869567,0.8043478260869567,0.8043478260869567,0.8043478260869567,0.7679260869565218,0.733608695652174,0.6052065217391305,0.6097565217391304,0.6985021739130436,0.7730434782608696,0.7495086956521739,0.8043478260869567,0.8039804347826088,0.8043478260869567,0.8043478260869567,0.8043478260869567,0.8043478260869567,0.8043478260869567,0.8043478260869567,0.8043478260869567,0.8043478260869567,0.8043478260869567,0.8043478260869567,0.8043478260869567,0.8043478260869567,0.8043478260869567,0.8043478260869567,0.8043478260869567,0.8043478260869567,0.8043478260869567,0.8043478260869567,0.8043478260869567,0.8043478260869567,0.8043478260869567,0.8043478260869567,0.8043478260869567,0.8043478260869567,0.8043478260869567,0.8043478260869567,0.8043478260869567,0.8043478260869567,0.8043478260869567,0.8043478260869567,0.8043478260869567,0.8043478260869567,0.8043478260869567,0.8043478260869567,0.8043478260869567,0.8043478260869567,0.8043478260869567,0.8043478260869567,0.8043478260869567,0.8043478260869567,0.8043478260869567,0.8043478260869567,0.7979065217391306,0.770513043478261,0.8043478260869567,0.7972065217391305,0.8043478260869567,0.8043478260869567
0.8043478260869567,0.8043478260869567,0.8043478260869567,0.8043478260869567,0.8043478260869567,0.8043478260869567,0.8043478260869567,0.8043478260869567,0.8043478260869567,0.8043478260869567,0.8043478260869567,0.8043478260869567,0.8043478260869567,0.8043478260869567,0.8043478260869567,0.8043478260869567,0.7765869565217393,0.7939021739130436,0.7524521739130436,0.7218978260869566,0.6329891304347827,0.7301456521739131,0.7894282608695654,0.7904978260869565,0.8043478260869567,0.8043478260869567,0.8043478260869567,0.8043478260869567,0.8043478260869567,0.8043478260869567,0.7979065217391306,0.8043478260869567,0.8043478260869567,0.8043478260869567,0.8043478260869567,0.8043478260869567,0.8043478260869567,0.8043478260869567,0.8043478260869567,0.8043478260869567,0.8043478260869567,0.8043478260869567,0.7781413043478261,0.7444456521739131,0.7003891304347828,0.7141043478260871,0.6407239130434783,0.7370782608695652,0.7971739130434783,0.7904978260869565,0.8043478260869567,0.8043478260869567,0.8043478260869567,0.8043478260869567,0.8043478260869567,0.8043478260869567,0.8043478260869567,0.8043478260869567,0.8043478260869567,0.8043478260869567,0.8043478260869567,0.8043478260869567,0.8043478260869567,0.8043478260869567,0.8043478260869567,0.8043478260869567,0.8043478260869567,0.8043478260869567,0.8043478260869567,0.8043478260869567,0.8043478260869567,0.8043478260869567,0.8043478260869567,0.8043478260869567,0.8043478260869567,0.8043478260869567,0.8043478260869567,0.8043478260869567,0.8043478260869567,0.8043478260869567,0.8043478260869567,0.8043478260869567,0.8043478260869567,0.8043478260869567,0.8043478260869567,0.8043478260869567,0.8043478260869567,0.8043478260869567,0.8043478260869567,0.8043478260869567,0.8043478260869567,0.8043478260869567,0.8043478260869567,0.8043478260869567,0.8043478260869567,0.803645652173913,0.8043478260869567,0.8043478260869567,0.8043478260869567
0.8043478260869567,0.8043478260869567,0.8043478260869567,0.8043478260869567,0.8043478260869567,0.8043478260869567,0.8043478260869567,0.8043478260869567,0.8043478260869567,0.8043478260869567,0.8043478260869567,0.8043478260869567,0.8043478260869567,0.8043478260869567,0.8043478260869567,0.803645652173913,0.8022152173913045,0.7730739130434784,0.6443956521739131,0.6401260869565218,0.7386608695652175,0.7342130434782609,0.7630717391304349,0.803645652173913,0.8043478260869567,0.8043478260869567,0.8043478260869567,0.8043478260869567,0.8043478260869567,0.8043478260869567,0.8043478260869567,0.8043478260869567,0.8043478260869567,0.8043478260869567,0.8043478260869567,0.8043478260869567,0.8043478260869567,0.8043478260869567,0.8043478260869567,0.8043478260869567,0.8043478260869567,0.7979065217391306,0.7964739130434784,0.7807978260869565,0.6254934782608697,0.61445,0.6267021739130436,0.7745695652173913,0.8039804347826088,0.8043478260869567,0.803645652173913,0.8043478260869567,0.8043478260869567,0.8043478260869567,0.8043478260869567,0.8043478260869567,0.8043478260869567,0.8043478260869567,0.8043478260869567,0.8043478260869567,0.8043478260869567,0.8043478260869567,0.8043478260869567,0.8043478260869567,0.8043478260869567,0.8043478260869567,0.8043478260869567,0.8043478260869567,0.8043478260869567,0.8043478260869567,0.8043478260869567,0.8043478260869567,0.8043478260869567,0.8043478260869567,0.8043478260869567,0.8043478260869567,0.8043478260869567,0.8043478260869567,0.8043478260869567,0.8043478260869567,0.8043478260869567,0.8043478260869567,0.8043478260869567,0.8043478260869567,0.7979065217391306,0.8043478260869567,0.8043478260869567,0.8043478260869567,0.8043478260869567,0.8043478260869567,0.8043478260869567,0.8043478260869567,0.8043478260869567,0.8032913043478263,0.7979065217391306,0.8043478260869567,0.7979065217391306,0.8043478260869567,0.8043478260869567
0.8043478260869567,0.8043478260869567,0.8043478260869567,0.8043478260869567,0.8043478260869567,0.8043478260869567,0.8012326086956523,0.8012326086956523,0.8043478260869567,0.8043478260869567,0.8043478260869567,0.8043478260869567,0.8043478260869567,0.8043478260869567,0.8039804347826088,0.7979065217391306,0.7961195652173914,0.7703804347826088,0.7289260869565218,0.6406000000000001,0.6374956521739131,0.7443369565217391,0.7869847826086958,0.8043478260869567,0.8043478260869567,0.8043478260869567,0.8043478260869567,0.8043478260869567,0.8043478260869567,0.8043478260869567,0.8043478260869567,0.8043478260869567,0.8043478260869567,0.8043478260869567,0.8043478260869567,0.8043478260869567,0.8043478260869567,0.8043478260869567,0.8043478260869567,0.8043478260869567,0.8043478260869567,0.7979065217391306,0.7817739130434784,0.7511630434782609,0.6276739130434783,0.6199673913043479,0.7146500000000001,0.7412478260869566,0.7983673913043479,0.8043478260869567,0.8043478260869567,0.8043478260869567,0.8043478260869567,0.8043478260869567,0.8043478260869567,0.8043478260869567,0.8043478260869567,0.8043478260869567,0.8043478260869567,0.8043478260869567,0.8043478260869567,0.8043478260869567,0.8043478260869567,0.8043478260869567,0.8043478260869567,0.8043478260869567,0.8043478260869567,0.8043478260869567,0.8043478260869567,0.8043478260869567,0.8043478260869567,0.8043478260869567,0.8043478260869567,0.8043478260869567,0.8043478260869567,0.8043478260869567,0.8043478260869567,0.8043478260869567,0.8043478260869567,0.8043478260869567,0.8043478260869567,0.8043478260869567,0.8043478260869567,0.8043478260869567,0.8043478260869567,0.8043478260869567,0.8043478260869567,0.8043478260869567,0.8043478260869567,0.8043478260869567,0.8043478260869567,0.8043478260869567,0.8043478260869567,0.8043478260869567,0.7979065217391306,0.8043478260869567,0.7979065217391306,0.8043478260869567,0.8043478260869567
0.8043478260869567,0.8043478260869567,0.8043478260869567,0.8043478260869567,0.8043478260869567,0.8043478260869567,0.8043478260869567,0.8043478260869567,0.8043478260869567,0.8043478260869567,0.8043478260869567,0.8043478260869567,0.8043478260869567,0.7979065217391306,0.8043478260869567,0.7913021739130436,0.7490760869565218,0.7502478260869566,0.7593826086956522,0.7226630434782609,0.7498565217391305,0.6533717391304349,0.7655152173913045,0.7904978260869565,0.8043478260869567,0.8043478260869567,0.8043478260869567,0.8043478260869567,0.8043478260869567,0.8043478260869567,0.8043478260869567,0.8043478260869567,0.8043478260869567,0.8043478260869567,0.8043478260869567,0.8043478260869567,0.8043478260869567,0.8043478260869567,0.8043478260869567,0.8043478260869567,0.8043478260869567,0.7972065217391305,0.7905695652173913,0.6604195652173914,0.6231130434782609,0.6212760869565218,0.6401456521739132,0.7335717391304349,0.7972065217391305,0.7738369565217392,0.8012326086956523,0.8043478260869567,0.8043478260869567,0.8043478260869567,0.8043478260869567,0.8043478260869567,0.8043478260869567,0.8043478260869567,0.8043478260869567,0.8043478260869567,0.8043478260869567,0.8043478260869567,0.8043478260869567,0.8043478260869567,0.8043478260869567,0.8043478260869567,0.8043478260869567,0.8043478260869567,0.8043478260869567,0.8043478260869567,0.8043478260869567,0.8043478260869567,0.8043478260869567,0.8043478260869567,0.8043478260869567,0.8043478260869567,0.8043478260869567,0.8043478260869567,0.8043478260869567,0.8043478260869567,0.8043478260869567,0.8043478260869567,0.8043478260869567,0.7979065217391306,0.8043478260869567,0.8043478260869567,0.8043478260869567,0.8043478260869567,0.8043478260869567,0.8043478260869567,0.8043478260869567,0.8043478260869567,0.7979065217391306,0.8039239130434784,0.8043478260869567,0.8043478260869567,0.7904978260869565,0.8043478260869567,0.8043478260869567
0.8043478260869567,0.8043478260869567,0.8043478260869567,0.8043478260869567,0.8043478260869567,0.8043478260869567,0.8043478260869567,0.8043478260869567,0.8043478260869567,0.8043478260869567,0.8043478260869567,0.8043478260869567,0.8043478260869567,0.8043478260869567,0.8043478260869567,0.802913043478261,0.7975021739130436,0.7814804347826088,0.7429652173913044,0.7552782608695653,0.6402717391304348,0.7299891304347826,0.7744000000000001,0.8043478260869567,0.8043478260869567,0.8043478260869567,0.8043478260869567,0.8043478260869567,0.8043478260869567,0.8043478260869567,0.8043478260869567,0.7979065217391306,0.8043478260869567,0.8043478260869567,0.8043478260869567,0.8043478260869567,0.8043478260869567,0.8043478260869567,0.8043478260869567,0.8043478260869567,0.8043478260869567,0.803645652173913,0.7946760869565218,0.7364304347826087,0.6227978260869566,0.7025130434782609,0.7176413043478261,0.75475,0.8039239130434784,0.8043478260869567,0.8043478260869567,0.8043478260869567,0.8043478260869567,0.8043478260869567,0.8043478260869567,0.8043478260869567,0.8043478260869567,0.8043478260869567,0.8043478260869567,0.8043478260869567,0.8043478260869567,0.8043478260869567,0.8043478260869567,0.8043478260869567,0.8043478260869567,0.8043478260869567,0.8043478260869567,0.8043478260869567,0.8043478260869567,0.8043478260869567,0.8043478260869567,0.8043478260869567,0.8043478260869567,0.8043478260869567,0.8043478260869567,0.8043478260869567,0.8043478260869567,0.8043478260869567,0.8043478260869567,0.8012326086956523,0.8012326086956523,0.8043478260869567,0.8043478260869567,0.8043478260869567,0.8043478260869567,0.8043478260869567,0.8043478260869567,0.8043478260869567,0.8043478260869567,0.8043478260869567,0.8043478260869567,0.8043478260869567,0.803645652173913,0.7745391304347826,0.7943413043478262,0.8043478260869567,0.8043478260869567,0.8043478260869567,0.7712130434782609
0.8043478260869567,0.8043478260869567,0.8043478260869567,0.8043478260869567,0.8043478260869567,0.8043478260869567,0.8043478260869567,0.8043478260869567,0.8043478260869567,0.8043478260869567,0.8043478260869567,0.8043478260869567,0.8043478260869567,0.8043478260869567,0.7904978260869565,0.8043478260869567,0.7774347826086957,0.740213043478261,0.6587739130434783,0.6429630434782609,0.6364173913043479,0.7348695652173913,0.7383021739130435,0.7979065217391306,0.8043478260869567,0.8043478260869567,0.8043478260869567,0.8043478260869567,0.8043478260869567,0.8043478260869567,0.8043478260869567,0.8043478260869567,0.8043478260869567,0.8043478260869567,0.8043478260869567,0.8043478260869567,0.8043478260869567,0.8043478260869567,0.8043478260869567,0.8043478260869567,0.8043478260869567,0.7979065217391306,0.7700434782608697,0.7793108695652174,0.6176260869565218,0.629504347826087,0.7182608695652174,0.7363195652173914,0.7592695652173913,0.7975391304347828,0.7979065217391306,0.8043478260869567,0.8043478260869567,0.8043478260869567,0.8043478260869567,0.8043478260869567,0.8043478260869567,0.8043478260869567,0.8043478260869567,0.8043478260869567,0.8043478260869567,0.8043478260869567,0.8043478260869567,0.8043478260869567,0.8043478260869567,0.8043478260869567,0.8043478260869567,0.8043478260869567,0.8043478260869567,0.8043478260869567,0.8043478260869567,0.8043478260869567,0.8043478260869567,0.8043478260869567,0.8043478260869567,0.8043478260869567,0.8043478260869567,0.8043478260869567,0.8043478260869567,0.8043478260869567,0.8036152173913044,0.8043478260869567,0.8043478260869567,0.8043478260869567,0.8043478260869567,0.8043478260869567,0.8043478260869567,0.8043478260869567,0.8043478260869567,0.8043478260869567,0.8043478260869567,0.8043478260869567,0.7979065217391306,0.8043478260869567,0.802567391304348,0.803645652173913,0.8043478260869567,0.7979065217391306,0.8043478260869567
0.8043478260869567,0.8043478260869567,0.8043478260869567,0.8043478260869567,0.8043478260869567,0.7979065217391306,0.8043478260869567,0.8043478260869567,0.8043478260869567,0.8043478260869567,0.8043478260869567,0.8043478260869567,0.8043478260869567,0.8043478260869567,0.8043478260869567,0.8043478260869567,0.7909369565217391,0.78305,0.6499543478260871,0.7472152173913045,0.7271608695652175,0.6412913043478261,0.7505717391304348,0.8039978260869566,0.8043478260869567,0.8043478260869567,0.8043478260869567,0.8043478260869567,0.8043478260869567,0.8043478260869567,0.8043478260869567,0.8043478260869567,0.8043478260869567,0.8043478260869567,0.8043478260869567,0.8043478260869567,0.8043478260869567,0.8043478260869567,0.8043478260869567,0.8043478260869567,0.8043478260869567,0.8043478260869567,0.7754500000000001,0.7604304347826087,0.6198630434782609,0.616113043478261,0.6352086956521741,0.6429173913043479,0.7964739130434784,0.8043478260869567,0.7943413043478262,0.8012326086956523,0.8043478260869567,0.8043478260869567,0.8043478260869567,0.8043478260869567,0.8043478260869567,0.8043478260869567,0.8043478260869567,0.8043478260869567,0.8043478260869567,0.8043478260869567,0.8043478260869567,0.8043478260869567,0.8043478260869567,0.8043478260869567,0.8043478260869567,0.8043478260869567,0.8043478260869567,0.8043478260869567,0.8043478260869567,0.8043478260869567,0.8043478260869567,0.8043478260869567,0.8043478260869567,0.8043478260869567,0.8043478260869567,0.8043478260869567,0.8043478260869567,0.8043478260869567,0.8043478260869567,0.8043478260869567,0.8043478260869567,0.8043478260869567,0.8043478260869567,0.8043478260869567,0.8043478260869567,0.8043478260869567,0.8043478260869567,0.8043478260869567,0.8043478260869567,0.8043478260869567,0.8043478260869567,0.8043478260869567,0.7975586956521741,0.7979065217391306,0.8043478260869567,0.8029347826086958,0.8043478260869567
0.8043478260869567,0.8043478260869567,0.8043478260869567,0.8043478260869567,0.8043478260869567,0.8043478260869567,0.8043478260869567,0.8043478260869567,0.8043478260869567,0.8043478260869567,0.8043478260869567,0.8043478260869567,0.8043478260869567,0.8043478260869567,0.8043478260869567,0.8043478260869567,0.7876000000000001,0.7639869565217391,0.7341521739130435,0.7555195652173914,0.7257217391304348,0.7351108695652174,0.7651326086956522,0.7708478260869566,0.8043478260869567,0.8043478260869567,0.8043478260869567,0.8043478260869567,0.8043478260869567,0.8043478260869567,0.8043478260869567,0.8043478260869567,0.8043478260869567,0.8043478260869567,0.8043478260869567,0.8043478260869567,0.8043478260869567,0.8043478260869567,0.8043478260869567,0.8043478260869567,0.8043478260869567,0.7975586956521741,0.7727347826086958,0.645091304347826,0.7102521739130435,0.7091347826086957,0.6331956521739132,0.7148195652173913,0.7964739130434784,0.8043478260869567,0.7765869565217393,0.8043478260869567,0.8043478260869567,0.8043478260869567,0.8043478260869567,0.8043478260869567,0.8043478260869567,0.8043478260869567,0.8043478260869567,0.8043478260869567,0.8043478260869567,0.8043478260869567,0.8043478260869567,0.8043478260869567,0.8043478260869567,0.8043478260869567,0.8043478260869567,0.8043478260869567,0.8043478260869567,0.8043478260869567,0.8043478260869567,0.8043478260869567,0.8043478260869567,0.8043478260869567,0.8043478260869567,0.8043478260869567,0.8043478260869567,0.8043478260869567,0.8043478260869567,0.8043478260869567,0.8043478260869567,0.8043478260869567,0.8043478260869567,0.8043478260869567,0.8043478260869567,0.8043478260869567,0.8043478260869567,0.8043478260869567,0.8043478260869567,0.8043478260869567,0.8043478260869567,0.8043478260869567,0.8043478260869567,0.8043478260869567,0.7975391304347828,0.7979065217391306,0.8043478260869567,0.7972065217391305,0.8043478260869567
0.8043478260869567,0.8043478260869567,0.8043478260869567,0.8043478260869567,0.8043478260869567,0.8043478260869567,0.8043478260869567,0.8043478260869567,0.8043478260869567,0.8043478260869567,0.8043478260869567,0.8043478260869567,0.8043478260869567,0.8043478260869567,0.7979065217391306,0.8043478260869567,0.8035565217391306,0.7506891304347827,0.7226847826086957,0.724908695652174,0.7217260869565217,0.7205260869565219,0.7863913043478261,0.8043478260869567,0.8043478260869567,0.8043478260869567,0.8043478260869567,0.8043478260869567,0.8043478260869567,0.8043478260869567,0.8043478260869567,0.8043478260869567,0.8043478260869567,0.8043478260869567,0.8043478260869567,0.8043478260869567,0.8043478260869567,0.8043478260869567,0.8043478260869567,0.8043478260869567,0.8043478260869567,0.8043478260869567,0.7627021739130435,0.7246500000000001,0.6164347826086958,0.6218760869565217,0.60715,0.6451456521739131,0.7539413043478262,0.8043478260869567,0.8043478260869567,0.7979065217391306,0.8043478260869567,0.8043478260869567,0.8043478260869567,0.8043478260869567,0.8043478260869567,0.8043478260869567,0.8043478260869567,0.8043478260869567,0.8043478260869567,0.8043478260869567,0.8043478260869567,0.8043478260869567,0.8043478260869567,0.8043478260869567,0.8043478260869567,0.8043478260869567,0.8043478260869567,0.8043478260869567,0.8043478260869567,0.8043478260869567,0.8043478260869567,0.8043478260869567,0.8043478260869567,0.8043478260869567,0.8043478260869567,0.8043478260869567,0.8043478260869567,0.8043478260869567,0.8043478260869567,0.8043478260869567,0.8043478260869567,0.8043478260869567,0.8043478260869567,0.8043478260869567,0.8043478260869567,0.8043478260869567,0.8043478260869567,0.8043478260869567,0.8043478260869567,0.8043478260869567,0.8043478260869567,0.7890847826086956,0.8043478260869567,0.8043478260869567,0.803645652173913,0.8043478260869567,0.8043478260869567
0.8043478260869567,0.8043478260869567,0.8043478260869567,0.8043478260869567,0.8043478260869567,0.8043478260869567,0.8043478260869567,0.8043478260869567,0.8043478260869567,0.8043478260869567,0.8043478260869567,0.8043478260869567,0.8043478260869567,0.8043478260869567,0.8012326086956523,0.7979065217391306,0.7943413043478262,0.7741152173913044,0.7472500000000001,0.6352391304347826,0.7292978260869566,0.727904347826087,0.7630000000000001,0.8039804347826088,0.8043478260869567,0.8043478260869567,0.8043478260869567,0.8043478260869567,0.8043478260869567,0.8043478260869567,0.8043478260869567,0.8043478260869567,0.8043478260869567,0.8043478260869567,0.8043478260869567,0.8043478260869567,0.8043478260869567,0.8043478260869567,0.8043478260869567,0.8012326086956523,0.8012326086956523,0.8043478260869567,0.7964565217391305,0.7362239130434783,0.6284456521739131,0.7046565217391304,0.710104347826087,0.7280782608695654,0.7961282608695652,0.8043478260869567,0.7979065217391306,0.8043478260869567,0.8043478260869567,0.8043478260869567,0.8043478260869567,0.8043478260869567,0.8043478260869567,0.8043478260869567,0.8043478260869567,0.8043478260869567,0.8043478260869567,0.8043478260869567,0.8043478260869567,0.8043478260869567,0.8043478260869567,0.8043478260869567,0.8043478260869567,0.8043478260869567,0.8043478260869567,0.8043478260869567,0.8043478260869567,0.8043478260869567,0.8043478260869567,0.8043478260869567,0.8043478260869567,0.8043478260869567,0.8043478260869567,0.8043478260869567,0.8043478260869567,0.8043478260869567,0.8043478260869567,0.8043478260869567,0.8043478260869567,0.8043478260869567,0.8043478260869567,0.8043478260869567,0.8043478260869567,0.8043478260869567,0.8043478260869567,0.8043478260869567,0.8043478260869567,0.8043478260869567,0.7979065217391306,0.7961282608695652,0.7704217391304349,0.7772891304347826,0.7979065217391306,0.803645652173913,0.8043478260869567
0.8043478260869567,0.8043478260869567,0.8043478260869567,0.8043478260869567,0.7979065217391306,0.8043478260869567,0.8043478260869567,0.8043478260869567,0.8043478260869567,0.8043478260869567,0.8043478260869567,0.8043478260869567,0.8043478260869567,0.8043478260869567,0.8043478260869567,0.7971739130434783,0.7780326086956522,0.7506891304347827,0.7458304347826087,0.7239652173913044,0.732358695652174,0.649604347826087,0.7490804347826088,0.803645652173913,0.8043478260869567,0.8043478260869567,0.8043478260869567,0.8043478260869567,0.8043478260869567,0.8043478260869567,0.8043478260869567,0.8043478260869567,0.8043478260869567,0.8043478260869567,0.8043478260869567,0.8043478260869567,0.8043478260869567,0.8043478260869567,0.8043478260869567,0.8043478260869567,0.8043478260869567,0.8043478260869567,0.7675326086956521,0.7350000000000001,0.6304891304347826,0.7001326086956522,0.7173956521739131,0.7265847826086957,0.7690804347826088,0.7943413043478262,0.7979065217391306,0.8043478260869567,0.8043478260869567,0.8043478260869567,0.8043478260869567,0.8043478260869567,0.8043478260869567,0.8043478260869567,0.8043478260869567,0.8043478260869567,0.8043478260869567,0.8043478260869567,0.8043478260869567,0.8043478260869567,0.8043478260869567,0.8043478260869567,0.8043478260869567,0.8043478260869567,0.8043478260869567,0.8043478260869567,0.8043478260869567,0.8043478260869567,0.8043478260869567,0.8043478260869567,0.8043478260869567,0.8043478260869567,0.8043478260869567,0.8043478260869567,0.8043478260869567,0.8043478260869567,0.8043478260869567,0.8043478260869567,0.8043478260869567,0.8043478260869567,0.8012326086956523,0.8012326086956523,0.8043478260869567,0.8043478260869567,0.8043478260869567,0.8043478260869567,0.8043478260869567,0.8043478260869567,0.8043478260869567,0.7979065217391306,0.8043478260869567,0.8043478260869567,0.7979065217391306,0.7972065217391305,0.7979065217391306
0.8043478260869567,0.8043478260869567,0.8043478260869567,0.8043478260869567,0.8043478260869567,0.8043478260869567,0.8043478260869567,0.8043478260869567,0.8043478260869567,0.8043478260869567,0.8043478260869567,0.8043478260869567,0.8043478260869567,0.8043478260869567,0.8012326086956523,0.8012326086956523,0.7848304347826087,0.7750021739130435,0.750308695652174,0.640704347826087,0.7301891304347826,0.7213326086956522,0.7856260869565218,0.7943413043478262,0.8043478260869567,0.8043478260869567,0.8043478260869567,0.8043478260869567,0.8043478260869567,0.8043478260869567,0.8043478260869567,0.8043478260869567,0.8043478260869567,0.8043478260869567,0.8043478260869567,0.8043478260869567,0.8043478260869567,0.8043478260869567,0.8043478260869567,0.8043478260869567,0.8043478260869567,0.7979065217391306,0.7560826086956522,0.7377478260869565,0.6227413043478262,0.6174608695652175,0.6312282608695652,0.7238869565217392,0.7754956521739131,0.8043478260869567,0.803645652173913,0.8043478260869567,0.8043478260869567,0.8043478260869567,0.8043478260869567,0.8043478260869567,0.8043478260869567,0.8043478260869567,0.8043478260869567,0.8043478260869567,0.8043478260869567,0.8043478260869567,0.8043478260869567,0.8043478260869567,0.8043478260869567,0.8043478260869567,0.8043478260869567,0.8043478260869567,0.8043478260869567,0.8043478260869567,0.8043478260869567,0.8043478260869567,0.8043478260869567,0.8043478260869567,0.8043478260869567,0.8043478260869567,0.8043478260869567,0.8043478260869567,0.8043478260869567,0.8043478260869567,0.8043478260869567,0.8043478260869567,0.8043478260869567,0.8043478260869567,0.8043478260869567,0.8043478260869567,0.8043478260869567,0.8043478260869567,0.8043478260869567,0.8043478260869567,0.8043478260869567,0.8043478260869567,0.7972065217391305,0.802567391304348,0.803645652173913,0.8043478260869567,0.7769521739130435,0.8043478260869567,0.8043478260869567
0.8043478260869567,0.8043478260869567,0.8043478260869567,0.8043478260869567,0.8043478260869567,0.8043478260869567,0.8043478260869567,0.8043478260869567,0.8043478260869567,0.8043478260869567,0.8043478260869567,0.8043478260869567,0.8043478260869567,0.8043478260869567,0.8043478260869567,0.7979065217391306,0.796495652173913,0.7634521739130434,0.6484630434782609,0.7238782608695653,0.6406782608695653,0.7361108695652174,0.7511108695652174,0.7745391304347826,0.8043478260869567,0.8043478260869567,0.8043478260869567,0.8043478260869567,0.8043478260869567,0.8043478260869567,0.8043478260869567,0.8043478260869567,0.8043478260869567,0.8043478260869567,0.8043478260869567,0.8043478260869567,0.8043478260869567,0.8043478260869567,0.8043478260869567,0.803645652173913,0.8043478260869567,0.7979065217391306,0.7953934782608696,0.7704065217391305,0.6269326086956523,0.6242108695652174,0.637404347826087,0.7276217391304348,0.7647239130434784,0.8012326086956523,0.7904978260869565,0.8043478260869567,0.8043478260869567,0.8043478260869567,0.8043478260869567,0.8043478260869567,0.8043478260869567,0.8043478260869567,0.8043478260869567,0.8043478260869567,0.8043478260869567,0.8043478260869567,0.8043478260869567,0.8043478260869567,0.8043478260869567,0.8043478260869567,0.8043478260869567,0.8043478260869567,0.8043478260869567,0.8043478260869567,0.8043478260869567,0.8043478260869567,0.8043478260869567,0.8043478260869567,0.8043478260869567,0.8043478260869567,0.8043478260869567,0.8043478260869567,0.8043478260869567,0.8043478260869567,0.8043478260869567,0.8043478260869567,0.8043478260869567,0.8043478260869567,0.8043478260869567,0.8043478260869567,0.8043478260869567,0.8043478260869567,0.8043478260869567,0.8043478260869567,0.8043478260869567,0.8043478260869567,0.8043478260869567,0.7979065217391306,0.7859782608695652,0.8012326086956523,0.8036152173913044,0.8043478260869567,0.8043478260869567
0.8043478260869567,0.8043478260869567,0.8043478260869567,0.8043478260869567,0.8043478260869567,0.8043478260869567,0.8043478260869567,0.8043478260869567,0.8043478260869567,0.8043478260869567,0.8043478260869567,0.8043478260869567,0.8043478260869567,0.8043478260869567,0.8043478260869567,0.7979065217391306,0.7979065217391306,0.7586826086956522,0.7586456521739131,0.6408173913043478,0.6402130434782609,0.7536,0.7589326086956522,0.777654347826087,0.803645652173913,0.8043478260869567,0.8043478260869567,0.8043478260869567,0.8043478260869567,0.8043478260869567,0.8043478260869567,0.8043478260869567,0.8043478260869567,0.8043478260869567,0.8043478260869567,0.8043478260869567,0.8043478260869567,0.8043478260869567,0.8043478260869567,0.8043478260869567,0.8043478260869567,0.8012326086956523,0.7905695652173913,0.7774369565217392,0.6995195652173913,0.6173913043478261,0.6360847826086957,0.7286500000000001,0.802567391304348,0.803645652173913,0.8043478260869567,0.8043478260869567,0.8043478260869567,0.8043478260869567,0.8043478260869567,0.8043478260869567,0.8043478260869567,0.8043478260869567,0.8043478260869567,0.8043478260869567,0.8043478260869567,0.8043478260869567,0.8043478260869567,0.8043478260869567,0.8043478260869567,0.8043478260869567,0.8043478260869567,0.8043478260869567,0.8012326086956523,0.8012326086956523,0.8043478260869567,0.8043478260869567,0.8043478260869567,0.8043478260869567,0.8043478260869567,0.8043478260869567,0.8043478260869567,0.8043478260869567,0.8043478260869567,0.8043478260869567,0.8043478260869567,0.8043478260869567,0.8043478260869567,0.8043478260869567,0.8043478260869567,0.8043478260869567,0.8043478260869567,0.8043478260869567,0.8043478260869567,0.8043478260869567,0.8043478260869567,0.8043478260869567,0.7961282608695652,0.7698021739130435,0.7814065217391306,0.7979065217391306,0.777654347826087,0.8043478260869567,0.8043478260869567
0.8043478260869567,0.8043478260869567,0.8043478260869567,0.8043478260869567,0.8043478260869567,0.8043478260869567,0.8043478260869567,0.8043478260869567,0.8043478260869567,0.8043478260869567,0.8043478260869567,0.8043478260869567,0.8043478260869567,0.8043478260869567,0.8043478260869567,0.803645652173913,0.7931956521739131,0.7791130434782609,0.7361478260869566,0.7403282608695653,0.7150978260869566,0.7333000000000001,0.7510782608695652,0.8036152173913044,0.8043478260869567,0.8043478260869567,0.8043478260869567,0.8043478260869567,0.8043478260869567,0.8043478260869567,0.8043478260869567,0.8043478260869567,0.8043478260869567,0.8043478260869567,0.8043478260869567,0.8043478260869567,0.8043478260869567,0.8043478260869567,0.8043478260869567,0.7979065217391306,0.8043478260869567,0.7943413043478262,0.7748413043478262,0.770208695652174,0.6999413043478262,0.6176195652173914,0.6306260869565218,0.7234369565217392,0.8005,0.8043478260869567,0.8039804347826088,0.8043478260869567,0.8043478260869567,0.8043478260869567,0.8043478260869567,0.8043478260869567,0.8043478260869567,0.8043478260869567,0.8043478260869567,0.8043478260869567,0.8043478260869567,0.8043478260869567,0.8043478260869567,0.8043478260869567,0.8043478260869567,0.8043478260869567,0.8043478260869567,0.8043478260869567,0.8043478260869567,0.8043478260869567,0.8043478260869567,0.8043478260869567,0.8043478260869567,0.8043478260869567,0.8043478260869567,0.8043478260869567,0.8043478260869567,0.8043478260869567,0.8043478260869567,0.8043478260869567,0.8043478260869567,0.8043478260869567,0.8043478260869567,0.8043478260869567,0.8043478260869567,0.8043478260869567,0.8043478260869567,0.8043478260869567,0.8043478260869567,0.8043478260869567,0.8043478260869567,0.8043478260869567,0.8043478260869567,0.8012326086956523,0.7738369565217392,0.8039804347826088,0.8043478260869567,0.8043478260869567,0.8043478260869567
0.8043478260869567,0.8043478260869567,0.8043478260869567,0.8043478260869567,0.8043478260869567,0.8043478260869567,0.8043478260869567,0.8043478260869567,0.8043478260869567,0.8043478260869567,0.8043478260869567,0.8043478260869567,0.8043478260869567,0.8043478260869567,0.7979065217391306,0.803645652173913,0.796495652173913,0.7614434782608697,0.7715282608695653,0.7312934782608697,0.6422369565217393,0.7558695652173915,0.7968391304347827,0.7631021739130436,0.8043478260869567,0.8043478260869567,0.8043478260869567,0.8043478260869567,0.8043478260869567,0.8043478260869567,0.8043478260869567,0.8043478260869567,0.8043478260869567,0.8043478260869567,0.8043478260869567,0.8043478260869567,0.8043478260869567,0.8043478260869567,0.8043478260869567,0.8043478260869567,0.8043478260869567,0.7943413043478262,0.7994695652173914,0.7477652173913045,0.6966217391304349,0.6175173913043479,0.6349282608695652,0.745763043478261,0.7539782608695653,0.8043478260869567,0.8043478260869567,0.8043478260869567,0.8043478260869567,0.8043478260869567,0.8043478260869567,0.8043478260869567,0.8043478260869567,0.8043478260869567,0.8043478260869567,0.8043478260869567,0.8043478260869567,0.8043478260869567,0.8043478260869567,0.8043478260869567,0.8043478260869567,0.8043478260869567,0.8043478260869567,0.8043478260869567,0.8043478260869567,0.8043478260869567,0.8043478260869567,0.8043478260869567,0.8043478260869567,0.8043478260869567,0.8043478260869567,0.8043478260869567,0.8043478260869567,0.8043478260869567,0.8043478260869567,0.8043478260869567,0.8043478260869567,0.8043478260869567,0.8043478260869567,0.8043478260869567,0.8043478260869567,0.8043478260869567,0.8043478260869567,0.8043478260869567,0.8043478260869567,0.8043478260869567,0.8043478260869567,0.8012326086956523,0.8043478260869567,0.7701478260869565,0.8043478260869567,0.8043478260869567,0.777654347826087,0.8043478260869567,0.8043478260869567
0.8043478260869567,0.8043478260869567,0.8043478260869567,0.8043478260869567,0.8043478260869567,0.8043478260869567,0.8043478260869567,0.8043478260869567,0.8043478260869567,0.8043478260869567,0.8043478260869567,0.8043478260869567,0.8043478260869567,0.8043478260869567,0.8043478260869567,0.8043478260869567,0.7833695652173913,0.7449804347826088,0.7401891304347826,0.7368608695652176,0.7197413043478261,0.754013043478261,0.7762195652173914,0.777654347826087,0.8043478260869567,0.8043478260869567,0.8043478260869567,0.8043478260869567,0.8043478260869567,0.8043478260869567,0.8043478260869567,0.8043478260869567,0.8043478260869567,0.8043478260869567,0.8043478260869567,0.8043478260869567,0.8043478260869567,0.8043478260869567,0.8043478260869567,0.777654347826087,0.8043478260869567,0.8036152173913044,0.770513043478261,0.7434847826086957,0.6977847826086957,0.6858934782608697,0.7149717391304349,0.7342152173913045,0.7912717391304348,0.8043478260869567,0.8043478260869567,0.8043478260869567,0.8043478260869567,0.8043478260869567,0.8043478260869567,0.8043478260869567,0.8043478260869567,0.8043478260869567,0.8043478260869567,0.8043478260869567,0.8043478260869567,0.8043478260869567,0.8043478260869567,0.8043478260869567,0.8043478260869567,0.8043478260869567,0.8043478260869567,0.8043478260869567,0.8043478260869567,0.8043478260869567,0.8043478260869567,0.7979065217391306,0.8043478260869567,0.8043478260869567,0.8043478260869567,0.8043478260869567,0.8043478260869567,0.8043478260869567,0.8043478260869567,0.8043478260869567,0.8043478260869567,0.8043478260869567,0.8043478260869567,0.8043478260869567,0.8043478260869567,0.8043478260869567,0.8043478260869567,0.8043478260869567,0.8043478260869567,0.8043478260869567,0.8043478260869567,0.7979065217391306,0.8043478260869567,0.777654347826087,0.7979065217391306,0.7979065217391306,0.8043478260869567,0.8043478260869567,0.8043478260869567
0.8043478260869567,0.8043478260869567,0.8043478260869567,0.8043478260869567,0.8043478260869567,0.8043478260869567,0.8043478260869567,0.8043478260869567,0.8043478260869567,0.8043478260869567,0.8043478260869567,0.8043478260869567,0.8043478260869567,0.8043478260869567,0.8043478260869567,0.7979065217391306,0.7971739130434783,0.773763043478261,0.6583217391304348,0.7430695652173914,0.6378478260869566,0.7310760869565218,0.7764521739130434,0.7943413043478262,0.8043478260869567,0.8043478260869567,0.8043478260869567,0.8043478260869567,0.8043478260869567,0.8043478260869567,0.8043478260869567,0.8043478260869567,0.8043478260869567,0.8043478260869567,0.8043478260869567,0.8043478260869567,0.8043478260869567,0.8043478260869567,0.8043478260869567,0.8043478260869567,0.8043478260869567,0.7972065217391305,0.7495086956521739,0.7484413043478261,0.7037804347826088,0.6068478260869566,0.6300000000000001,0.6527347826086957,0.7497239130434783,0.7975391304347828,0.8043478260869567,0.8043478260869567,0.8043478260869567,0.8043478260869567,0.8043478260869567,0.8043478260869567,0.8043478260869567,0.8043478260869567,0.8043478260869567,0.8043478260869567,0.8043478260869567,0.8043478260869567,0.8043478260869567,0.8043478260869567,0.8043478260869567,0.8043478260869567,0.8043478260869567,0.8043478260869567,0.8043478260869567,0.8043478260869567,0.8043478260869567,0.8043478260869567,0.8043478260869567,0.8043478260869567,0.8043478260869567,0.8043478260869567,0.8043478260869567,0.8043478260869567,0.8043478260869567,0.7979065217391306,0.8043478260869567,0.8043478260869567,0.8043478260869567,0.8043478260869567,0.8043478260869567,0.8043478260869567,0.8043478260869567,0.8043478260869567,0.8043478260869567,0.8043478260869567,0.8043478260869567,0.8043478260869567,0.8043478260869567,0.803645652173913,0.8043478260869567,0.8043478260869567,0.8043478260869567,0.8043478260869567,0.8043478260869567
