Time 0,Time 10,Time 20,Time 30,Time 40,Time 50,Time 60,Time 70,Time 80,Time 90,Time 100,Time 110,Time 120,Time 130,Time 140,Time 150,Time 160,Time 170,Time 180,Time 190,Time 200,Time 210,Time 220,Time 230,Time 240,Time 250,Time 260,Time 270,Time 280,Time 290,Time 300,Time 310,Time 320,Time 330,Time 340,Time 350,Time 360,Time 370,Time 380,Time 390,Time 400,Time 410,Time 420,Time 430,Time 440,Time 450,Time 460,Time 470,Time 480,Time 490,Time 500,Time 510,Time 520,Time 530,Time 540,Time 550,Time 560,Time 570,Time 580,Time 590,Time 600,Time 610,Time 620,Time 630,Time 640,Time 650,Time 660,Time 670,Time 680,Time 690,Time 700,Time 710,Time 720,Time 730,Time 740,Time 750,Time 760,Time 770,Time 780,Time 790,Time 800,Time 810,Time 820,Time 830,Time 840,Time 850,Time 860,Time 870,Time 880,Time 890,Time 900,Time 910,Time 920,Time 930,Time 940,Time 950,Time 960,Time 970,Time 980
0.8846088235294117,0.8766426470588234,0.7934014705882352,0.8004544117647058,0.7497294117647058,0.7495661764705881,0.636310294117647,0.6224632352941176,0.5597323529411765,0.6254632352941175,0.6747617647058822,0.6968705882352941,0.638270588235294,0.7587382352941175,0.7742161764705883,0.8725647058823529,0.8549661764705881,0.8827367647058822,0.9115632352941175,0.8699308823529411,0.8827852941176471,0.8135529411764705,0.8238573529411765,0.8329617647058822,0.7984176470588235,0.7514367647058823,0.7337676470588235,0.7271676470588234,0.6817647058823529,0.6559323529411765,0.717295588235294,0.7269397058823528,0.7216264705882351,0.7031779411764706,0.7468191176470587,0.7736088235294117,0.7619897058823529,0.8509632352941175,0.8927749999999998,0.9013632352941175,0.8149691176470587,0.7926367647058822,0.7418294117647057,0.755605882352941,0.7007779411764705,0.7929999999999999,0.8205985294117645,0.8110735294117646,0.8819132352941175,0.8741485294117646,0.9046749999999999,0.9189308823529411,0.924375,0.9283720588235292,0.9264985294117647,0.9212235294117646,0.9212470588235293,0.9054308823529411,0.8580264705882352,0.8197014705882352,0.756591176470588,0.796725,0.787770588235294,0.7778808823529412,0.8036852941176469,0.833120588235294,0.900745588235294,0.886245588235294,0.9036352941176469,0.927245588235294,0.9238014705882353,0.9069749999999999,0.9012382352941176,0.9010794117647059,0.8619132352941176,0.8346279411764707,0.8384191176470587,0.8078691176470587,0.7147132352941175,0.731495588235294,0.7344147058823528,0.8026647058823528,0.7495558823529411,0.7684294117647058,0.7165970588235294,0.7306161764705882,0.7516691176470587,0.751745588235294,0.7399647058823529,0.7711970588235293,0.8454632352941176,0.8187264705882352,0.8362529411764704,0.8804323529411765,0.9142014705882352,0.9094691176470588,0.8807014705882353,0.8047397058823528,0.8199176470588235
0.9114294117647058,0.8739205882352941,0.8539470588235294,0.821614705882353,0.7646191176470588,0.7167661764705882,0.6311955882352941,0.5862808823529412,0.5634382352941176,0.6002838235294117,0.6735720588235293,0.6704264705882351,0.7243617647058822,0.7502941176470588,0.7989970588235293,0.8588882352941176,0.8736338235294117,0.8713735294117646,0.908120588235294,0.8865235294117646,0.8819941176470587,0.8403514705882352,0.8307676470588234,0.8551647058823529,0.7864764705882352,0.7469632352941176,0.7463897058823529,0.7241470588235295,0.6786911764705882,0.6356029411764706,0.6930779411764705,0.7416161764705881,0.6878529411764706,0.6546617647058823,0.7334676470588234,0.7607279411764706,0.8383220588235293,0.7997117647058822,0.8795779411764706,0.9058882352941177,0.8534691176470587,0.777030882352941,0.7570073529411764,0.7862308823529411,0.7766514705882352,0.8001999999999998,0.7883617647058824,0.850920588235294,0.8286352941176469,0.8609220588235292,0.8749088235294116,0.9173647058823529,0.9238147058823529,0.9290661764705882,0.9298426470588234,0.9266264705882351,0.9193705882352942,0.9119220588235293,0.884155882352941,0.7670838235294117,0.7600705882352942,0.7629132352941176,0.7761176470588234,0.7994882352941175,0.7792073529411764,0.8338382352941175,0.8701014705882352,0.8816573529411763,0.9135911764705881,0.9226117647058821,0.9237588235294116,0.9169411764705881,0.8455470588235293,0.8719970588235293,0.8755367647058823,0.8290499999999998,0.810480882352941,0.7773970588235293,0.7350911764705881,0.7357294117647057,0.7185897058823528,0.7417529411764705,0.766945588235294,0.7596882352941176,0.7209279411764705,0.7718073529411764,0.7254161764705882,0.7533382352941176,0.7441147058823527,0.7788941176470588,0.7858191176470587,0.8580720588235293,0.8283279411764706,0.8742661764705881,0.9098235294117646,0.9119235294117646,0.9022867647058823,0.806105882352941,0.8283926470588234
0.9057191176470587,0.9042191176470588,0.8667161764705882,0.858325,0.7288029411764706,0.7607558823529411,0.6498882352941177,0.6169897058823528,0.5668661764705881,0.6240573529411765,0.7105941176470588,0.716345588235294,0.7044029411764705,0.7665323529411764,0.8147720588235293,0.8557308823529411,0.8419249999999999,0.8640764705882351,0.9148499999999999,0.8699941176470587,0.8643794117647057,0.863575,0.8543426470588233,0.8682176470588234,0.798410294117647,0.7343073529411764,0.7349367647058822,0.7126970588235293,0.6707588235294117,0.6603897058823529,0.7178235294117646,0.737375,0.7321676470588234,0.7021985294117647,0.7301117647058822,0.762330882352941,0.7168720588235292,0.8430985294117646,0.8604220588235294,0.8855735294117647,0.842675,0.8144676470588235,0.7671,0.7626897058823529,0.707820588235294,0.8052941176470587,0.7980161764705882,0.8128558823529412,0.8696191176470588,0.8768397058823528,0.9098470588235293,0.9137985294117645,0.9222941176470586,0.9240794117647058,0.9303338235294116,0.9273132352941176,0.9206588235294118,0.9085220588235292,0.8689470588235293,0.7679705882352941,0.7896191176470587,0.7704397058823529,0.7812720588235292,0.7671926470588235,0.7930499999999999,0.8098220588235294,0.900325,0.8847147058823528,0.9134249999999999,0.9258779411764705,0.9292573529411764,0.9116102941176469,0.9144544117647058,0.9093691176470586,0.874635294117647,0.8968911764705881,0.8290573529411764,0.7428794117647057,0.7368661764705882,0.7240749999999999,0.7277367647058823,0.7402852941176469,0.7908191176470588,0.8047279411764704,0.7590691176470588,0.7234529411764705,0.7467529411764705,0.7729882352941176,0.7387176470588234,0.7218661764705882,0.7808308823529411,0.7647147058823529,0.8102323529411763,0.8597176470588235,0.9094985294117646,0.909991176470588,0.8891279411764705,0.8430294117647058,0.8318794117647057
0.8728235294117647,0.9034441176470587,0.8755779411764705,0.7983397058823529,0.7496661764705882,0.6962264705882352,0.6156308823529411,0.5948029411764706,0.5497647058823528,0.5957632352941176,0.650070588235294,0.6640529411764705,0.7040338235294118,0.7080382352941176,0.8149308823529411,0.8640499999999999,0.8912088235294117,0.8819397058823528,0.8816588235294116,0.8680382352941176,0.8843132352941175,0.8284411764705881,0.8306264705882351,0.880555882352941,0.7859955882352941,0.7561970588235293,0.7460941176470587,0.718295588235294,0.676360294117647,0.6743838235294117,0.7153735294117646,0.7385985294117646,0.7386411764705881,0.7812558823529411,0.7388647058823529,0.7779823529411762,0.7743691176470588,0.8502132352941176,0.8804499999999998,0.8989029411764705,0.8250911764705882,0.8602794117647058,0.7370779411764705,0.789195588235294,0.7960044117647057,0.7828632352941176,0.7967647058823529,0.8277088235294117,0.868270588235294,0.8840985294117646,0.8765176470588234,0.9130588235294117,0.924520588235294,0.9297617647058822,0.9278382352941176,0.9250220588235294,0.9173691176470588,0.9054249999999999,0.8870617647058823,0.7866161764705882,0.7794529411764706,0.8166470588235294,0.7898044117647058,0.7266676470588235,0.8076220588235293,0.8095382352941175,0.831445588235294,0.8854426470588235,0.9153058823529411,0.9202970588235293,0.9220147058823529,0.9118749999999998,0.9125808823529412,0.8773323529411763,0.8377382352941176,0.8239338235294117,0.8650558823529411,0.7733720588235292,0.7091499999999998,0.7598573529411765,0.7120426470588234,0.7663161764705883,0.7880838235294115,0.7996882352941176,0.7262617647058822,0.7041382352941176,0.7766352941176469,0.7291132352941175,0.745680882352941,0.7556926470588234,0.8596970588235294,0.8609882352941176,0.8034941176470588,0.8766147058823529,0.9102632352941176,0.9129029411764704,0.8660220588235293,0.8333147058823529,0.793925
0.9120249999999999,0.8738955882352941,0.896185294117647,0.7880338235294116,0.7549632352941176,0.7253882352941176,0.6736176470588235,0.5883367647058823,0.566,0.614710294117647,0.6598867647058824,0.7406279411764705,0.712020588235294,0.7860191176470587,0.8006441176470588,0.8612382352941176,0.8765426470588235,0.8287014705882353,0.9168749999999999,0.899185294117647,0.8779970588235294,0.8731999999999999,0.8888985294117646,0.8120588235294117,0.7994426470588234,0.7017088235294118,0.7436279411764706,0.7160911764705882,0.6969235294117646,0.682005882352941,0.7246117647058823,0.7385999999999999,0.7291529411764706,0.7549235294117647,0.7238470588235293,0.7884102941176471,0.7727867647058823,0.8400132352941175,0.8412573529411764,0.8908470588235293,0.8141102941176469,0.7720249999999999,0.7599338235294117,0.7609308823529412,0.7373676470588234,0.7666911764705882,0.7804823529411764,0.8144264705882353,0.8469779411764704,0.8800926470588235,0.9063764705882352,0.9142985294117646,0.9225132352941176,0.9277441176470587,0.9283441176470587,0.9283441176470587,0.9232632352941176,0.91565,0.8922617647058823,0.7985499999999999,0.7384823529411764,0.7749117647058822,0.7826544117647057,0.8178676470588235,0.797835294117647,0.7835676470588234,0.8686985294117646,0.8850764705882351,0.9146544117647057,0.9213176470588235,0.9251985294117645,0.8962838235294117,0.9015382352941175,0.9055058823529409,0.9016823529411763,0.8333691176470587,0.863960294117647,0.7779882352941175,0.7563838235294116,0.7009411764705882,0.7221367647058822,0.77455,0.7680632352941176,0.7723999999999998,0.7418367647058822,0.7765911764705882,0.7480676470588234,0.7440632352941177,0.74785,0.7780720588235294,0.818895588235294,0.8864676470588233,0.8547485294117646,0.8926764705882352,0.9139088235294116,0.9100426470588234,0.862160294117647,0.809880882352941,0.807610294117647
0.9068426470588234,0.9049882352941174,0.848395588235294,0.7950999999999999,0.7510514705882352,0.7231588235294116,0.5981338235294117,0.6179514705882352,0.5560426470588234,0.6029161764705881,0.7370779411764705,0.703305882352941,0.7645794117647058,0.7610897058823529,0.7549073529411763,0.8614279411764705,0.8603617647058822,0.8892588235294118,0.9088647058823528,0.9021191176470588,0.8832441176470587,0.8612441176470588,0.865875,0.788435294117647,0.7974632352941177,0.750945588235294,0.7454308823529411,0.7289176470588234,0.6413779411764705,0.6967661764705881,0.722205882352941,0.7628264705882352,0.7361955882352942,0.7394367647058823,0.7316823529411763,0.760855882352941,0.7710397058823529,0.8349073529411764,0.8946220588235293,0.8751985294117646,0.8180426470588235,0.7741294117647057,0.7646647058823529,0.7690426470588235,0.7801308823529411,0.7804808823529412,0.810975,0.8184617647058823,0.8434676470588235,0.880110294117647,0.9032617647058823,0.9190794117647058,0.9223999999999999,0.9282779411764704,0.9300073529411763,0.9286749999999999,0.921695588235294,0.8937132352941176,0.8255044117647058,0.7882102941176469,0.7723882352941176,0.7611102941176469,0.7396485294117646,0.8290367647058822,0.8286926470588233,0.8060411764705883,0.8859220588235293,0.8812235294117645,0.9139926470588234,0.9240441176470587,0.9249499999999998,0.9151720588235293,0.9167882352941176,0.9073308823529411,0.9017838235294117,0.7958338235294117,0.7773338235294117,0.8114441176470588,0.7810191176470588,0.7853823529411764,0.7342779411764706,0.7505882352941176,0.7846191176470587,0.7973720588235294,0.752780882352941,0.7315779411764706,0.7605808823529411,0.758880882352941,0.7507382352941175,0.769710294117647,0.8182691176470588,0.8479176470588236,0.8061691176470587,0.8899514705882352,0.9123176470588236,0.915295588235294,0.8652264705882352,0.8294455882352941,0.8044397058823529
0.9148735294117646,0.9048867647058824,0.8089147058823528,0.794080882352941,0.7522352941176469,0.7231779411764705,0.5997705882352942,0.5878441176470588,0.5555264705882352,0.6232279411764705,0.6601838235294117,0.6977264705882352,0.7302941176470586,0.7398191176470588,0.7800867647058823,0.8624544117647057,0.8945514705882353,0.8892779411764705,0.9008441176470587,0.9025279411764705,0.883895588235294,0.7831014705882351,0.8573191176470587,0.8153132352941176,0.7984249999999999,0.7483014705882352,0.7299088235294117,0.7244529411764705,0.6805676470588234,0.6753485294117646,0.7125632352941176,0.7363279411764706,0.7080147058823529,0.7752264705882352,0.7658470588235294,0.7272735294117647,0.7946838235294117,0.852095588235294,0.863120588235294,0.900735294117647,0.8696044117647058,0.8145426470588235,0.7745588235294116,0.8076176470588233,0.7908323529411765,0.7551485294117647,0.8319529411764706,0.8752205882352939,0.8156897058823528,0.8785249999999999,0.9063249999999999,0.9193367647058823,0.9253514705882352,0.9236779411764705,0.9286676470588234,0.9276676470588234,0.9198176470588234,0.907555882352941,0.8372470588235292,0.7428441176470587,0.7551764705882351,0.7807485294117645,0.7666,0.810160294117647,0.7818588235294116,0.8308323529411764,0.8600058823529411,0.8860235294117647,0.9129867647058822,0.9240249999999999,0.922495588235294,0.9057088235294117,0.9067999999999999,0.9053779411764705,0.8460249999999998,0.8772499999999999,0.8488485294117646,0.8499911764705881,0.7430720588235293,0.7868999999999999,0.7209749999999999,0.7338014705882353,0.7857999999999999,0.7981029411764704,0.7339941176470587,0.7653970588235295,0.7054470588235293,0.7450882352941176,0.698635294117647,0.7353323529411764,0.8003235294117645,0.8688558823529411,0.8339647058823528,0.8941485294117646,0.9104441176470587,0.9153088235294117,0.8375367647058822,0.8463191176470588,0.8094588235294117
0.8729823529411764,0.9094970588235294,0.8965117647058822,0.8153705882352941,0.7194382352941175,0.7260176470588234,0.6714161764705882,0.626085294117647,0.5759514705882353,0.5993191176470588,0.7269985294117647,0.7347999999999999,0.6788088235294116,0.7728044117647058,0.8134308823529411,0.8410073529411763,0.8713382352941176,0.8670426470588234,0.9044485294117646,0.870955882352941,0.8879720588235294,0.7933205882352939,0.7909499999999999,0.8170029411764705,0.7806264705882353,0.7422764705882352,0.7434514705882351,0.735339705882353,0.6104294117647057,0.6713132352941177,0.7204367647058824,0.7415294117647059,0.741660294117647,0.7236926470588234,0.7396220588235293,0.7601323529411763,0.7695867647058824,0.8434382352941174,0.8598632352941176,0.9005926470588234,0.8524426470588233,0.7942117647058823,0.7185088235294117,0.7641985294117647,0.7443338235294117,0.7742632352941176,0.7927808823529411,0.7706794117647058,0.8642941176470588,0.8478882352941175,0.9067749999999998,0.9150147058823529,0.9215397058823528,0.9260323529411764,0.9281764705882353,0.924275,0.9226779411764705,0.8801088235294118,0.8372220588235293,0.7912676470588235,0.7693397058823529,0.7580117647058822,0.7893117647058822,0.7829544117647058,0.8038367647058822,0.827995588235294,0.8792397058823529,0.8738485294117646,0.9161455882352939,0.9254749999999998,0.9276470588235293,0.9133558823529411,0.9140367647058822,0.8998044117647057,0.9057073529411763,0.8018529411764705,0.8508161764705883,0.7766441176470588,0.7536808823529412,0.6948249999999999,0.7272808823529412,0.7663073529411764,0.7915720588235293,0.8064323529411764,0.7439999999999999,0.7243441176470587,0.7888926470588234,0.766180882352941,0.7411044117647058,0.7560073529411765,0.8103999999999999,0.8203161764705882,0.8285367647058823,0.8359235294117646,0.909495588235294,0.9136529411764704,0.8950367647058822,0.8320544117647057,0.7945411764705881
0.9078235294117646,0.8699367647058823,0.844370588235294,0.8275970588235294,0.7164573529411764,0.7178264705882352,0.6288073529411763,0.5662308823529412,0.5729794117647058,0.638870588235294,0.7352764705882352,0.6832691176470588,0.7459529411764706,0.7837764705882352,0.831235294117647,0.8779941176470587,0.8881073529411764,0.8492882352941175,0.9025382352941175,0.9033588235294117,0.8682499999999999,0.8185073529411763,0.8605220588235293,0.8145147058823529,0.8089279411764705,0.7432867647058822,0.7435117647058823,0.7241411764705883,0.6877999999999999,0.6385426470588235,0.660580882352941,0.7330926470588235,0.7123588235294116,0.7250794117647059,0.6881117647058822,0.779185294117647,0.7872073529411764,0.8428426470588234,0.8928779411764705,0.8469720588235294,0.8560117647058822,0.7909882352941174,0.7926911764705882,0.7859338235294118,0.7555588235294117,0.8279691176470588,0.8059308823529412,0.863760294117647,0.9012411764705881,0.8816897058823528,0.9046691176470587,0.8733911764705881,0.9182485294117646,0.9292661764705882,0.9273264705882353,0.9271558823529411,0.9214544117647058,0.9166764705882351,0.8486338235294117,0.7991470588235293,0.7599426470588234,0.7777970588235295,0.7808073529411764,0.773375,0.8008558823529411,0.8363220588235293,0.8082249999999999,0.8881573529411764,0.9149779411764705,0.9254867647058822,0.9270485294117645,0.910925,0.911920588235294,0.8654720588235293,0.9070205882352941,0.8632,0.8277544117647058,0.7749529411764705,0.7653426470588234,0.7223102941176469,0.7354514705882352,0.7734485294117647,0.7841852941176469,0.7524411764705882,0.7078323529411763,0.7327044117647058,0.7219279411764705,0.7249323529411764,0.7471441176470587,0.7711779411764704,0.8040661764705881,0.8096676470588233,0.8675544117647058,0.854630882352941,0.9160544117647058,0.9138073529411764,0.8651073529411765,0.823370588235294,0.8047514705882353
0.9025691176470588,0.875120588235294,0.8598073529411765,0.8206720588235293,0.7286882352941175,0.6945264705882352,0.6907691176470588,0.5917720588235293,0.5606411764705882,0.6028235294117646,0.723395588235294,0.6784970588235294,0.6828264705882353,0.7426058823529412,0.7806132352941176,0.8229647058823529,0.8621249999999999,0.8835985294117646,0.9102544117647058,0.900464705882353,0.8789588235294117,0.7648470588235293,0.8842029411764705,0.8306441176470587,0.785445588235294,0.7259132352941176,0.7400529411764705,0.6928367647058823,0.6625926470588235,0.7028985294117646,0.7156279411764706,0.7548397058823528,0.7345102941176469,0.7540014705882352,0.7132367647058823,0.7419264705882351,0.7315014705882351,0.8057544117647057,0.875960294117647,0.9024426470588235,0.8371323529411765,0.790225,0.7582308823529411,0.7796264705882353,0.8107735294117647,0.8170073529411764,0.8186735294117646,0.8482249999999999,0.8445294117647058,0.845489705882353,0.9122705882352939,0.8778514705882353,0.9221441176470587,0.9302338235294116,0.9285073529411765,0.9271558823529411,0.924275,0.911285294117647,0.8424249999999999,0.7747279411764706,0.7727544117647058,0.7741117647058823,0.7902867647058822,0.7718264705882353,0.8210838235294118,0.8307764705882352,0.866730882352941,0.8825088235294117,0.9156808823529411,0.9266911764705881,0.9167470588235294,0.9096514705882351,0.920935294117647,0.8762985294117646,0.8999249999999999,0.8123838235294117,0.7659926470588235,0.8027117647058822,0.7143941176470587,0.7273911764705882,0.7323720588235293,0.7454999999999999,0.8149514705882351,0.7600338235294116,0.7333411764705882,0.7287735294117647,0.7482558823529412,0.7299617647058823,0.7419338235294116,0.8014558823529411,0.8723499999999998,0.8531279411764706,0.832270588235294,0.8571029411764706,0.9104911764705882,0.9135735294117646,0.8697588235294117,0.844785294117647,0.8009588235294116
0.9067882352941175,0.9015044117647057,0.8938249999999999,0.7923735294117646,0.7375485294117647,0.7277367647058823,0.6550441176470587,0.5947220588235294,0.5510470588235293,0.6298058823529411,0.7303161764705881,0.7247647058823529,0.7400544117647059,0.7899132352941176,0.8127382352941175,0.8421235294117646,0.8367132352941176,0.8734220588235294,0.9110720588235293,0.8805235294117646,0.8673235294117646,0.8299367647058823,0.8410588235294116,0.8475867647058822,0.7987161764705881,0.7238691176470586,0.7425823529411764,0.7114455882352941,0.6495779411764706,0.6969867647058822,0.7256279411764704,0.7321382352941177,0.7510161764705882,0.7534838235294117,0.7274044117647058,0.7404897058823529,0.8215367647058821,0.79485,0.8967220588235292,0.9025235294117646,0.794945588235294,0.7972176470588235,0.735525,0.766385294117647,0.8076029411764705,0.7646397058823529,0.7890058823529411,0.851135294117647,0.8672117647058823,0.8745794117647058,0.9111323529411764,0.9163985294117646,0.9213544117647058,0.9299132352941175,0.9295132352941176,0.9281764705882353,0.9171382352941175,0.9151647058823528,0.8310882352941177,0.855785294117647,0.7497264705882352,0.7578764705882353,0.7606499999999999,0.7296852941176469,0.8020735294117647,0.8340485294117647,0.8664264705882352,0.8800352941176469,0.9150117647058823,0.925970588235294,0.9237926470588235,0.9135926470588235,0.8807764705882352,0.9109617647058822,0.9023852941176469,0.8485058823529411,0.8285264705882353,0.8026352941176469,0.7493102941176469,0.7559970588235293,0.7088941176470588,0.7385058823529411,0.7539735294117647,0.7801676470588235,0.7346411764705882,0.7507117647058822,0.7436220588235294,0.7693882352941176,0.7452867647058823,0.7666411764705882,0.7797514705882352,0.8215220588235292,0.8561794117647058,0.8724720588235293,0.9129470588235293,0.9123867647058822,0.8804823529411764,0.795755882352941,0.8321647058823529
0.9043073529411764,0.9056176470588234,0.8366588235294117,0.7957014705882351,0.7731764705882352,0.7000455882352942,0.6514838235294117,0.5580911764705881,0.5704808823529411,0.6268617647058823,0.7176573529411764,0.689670588235294,0.7200485294117648,0.8135529411764705,0.8097676470588235,0.8095941176470588,0.8893514705882352,0.8490926470588235,0.9157220588235293,0.8988161764705882,0.8826926470588233,0.8336838235294117,0.8282867647058823,0.8358823529411763,0.8037,0.7471470588235294,0.7448117647058822,0.7201926470588235,0.6697367647058822,0.6690161764705882,0.7145926470588235,0.7449632352941175,0.7289926470588235,0.7298397058823528,0.7482147058823528,0.752985294117647,0.7631808823529411,0.825635294117647,0.8626573529411763,0.8497382352941176,0.8421985294117647,0.8139882352941176,0.762130882352941,0.7895411764705881,0.7984441176470588,0.7859823529411765,0.7925029411764706,0.8451602941176469,0.8452558823529411,0.879010294117647,0.9081735294117647,0.9103117647058823,0.9205573529411765,0.9282294117647056,0.9288485294117645,0.9283441176470587,0.9257632352941175,0.9101485294117646,0.8671249999999999,0.7655279411764705,0.7551220588235293,0.743591176470588,0.790020588235294,0.7906382352941176,0.7756029411764704,0.8282779411764706,0.9006044117647057,0.8686617647058823,0.9167735294117645,0.922985294117647,0.9186749999999999,0.9145220588235293,0.8810926470588234,0.9066308823529411,0.8929691176470588,0.8046588235294116,0.8448220588235293,0.79175,0.7879573529411764,0.7962367647058823,0.7615161764705881,0.7696838235294118,0.7868338235294117,0.8446852941176469,0.7474117647058822,0.7036558823529411,0.707410294117647,0.7172691176470588,0.7492573529411763,0.7740970588235294,0.8110647058823529,0.8418647058823528,0.8685720588235294,0.8574676470588235,0.9126088235294118,0.907245588235294,0.9005882352941177,0.8564441176470586,0.8043558823529411
0.9126132352941174,0.8934970588235294,0.8437220588235294,0.8330485294117647,0.7549941176470587,0.7243735294117647,0.6355720588235293,0.5718955882352941,0.5723044117647058,0.6079970588235294,0.7157352941176471,0.6500294117647057,0.7050470588235294,0.7446573529411764,0.8285382352941175,0.8055088235294117,0.8396852941176469,0.8811926470588235,0.9109367647058823,0.8721117647058823,0.8820823529411764,0.8936235294117647,0.8545441176470587,0.8144970588235293,0.818764705882353,0.718054411764706,0.7416955882352941,0.7202426470588236,0.6239676470588235,0.6815220588235292,0.7202382352941176,0.736660294117647,0.7267999999999999,0.6843764705882353,0.7489073529411764,0.7513867647058823,0.7730999999999999,0.8125455882352941,0.8931911764705882,0.9053955882352941,0.8543117647058822,0.8159985294117647,0.7616941176470587,0.7686411764705883,0.7910911764705881,0.7622338235294116,0.7864117647058823,0.8471514705882354,0.8949867647058822,0.8472323529411763,0.9129764705882352,0.9178764705882352,0.9186132352941175,0.9294058823529411,0.9269838235294117,0.9232117647058822,0.9221264705882352,0.8971382352941175,0.789180882352941,0.7917279411764705,0.749560294117647,0.7733691176470587,0.7672176470588234,0.7688573529411764,0.7840220588235294,0.8100735294117646,0.8451882352941176,0.8850220588235294,0.8785132352941175,0.9207602941176469,0.9237720588235293,0.9148882352941176,0.9169102941176469,0.9065529411764705,0.8501985294117645,0.8668632352941175,0.8177970588235294,0.8154676470588235,0.7435661764705882,0.7665573529411764,0.6910514705882351,0.7595102941176468,0.7720544117647057,0.7973794117647058,0.7292397058823529,0.7011661764705881,0.7583191176470588,0.7338176470588235,0.7505661764705881,0.7857455882352941,0.7586955882352939,0.8295485294117646,0.8158117647058823,0.8468558823529412,0.9169749999999999,0.9143779411764704,0.8479132352941176,0.8037926470588235,0.8057073529411765
0.9058161764705881,0.9128882352941174,0.8545602941176469,0.8124544117647058,0.7433632352941175,0.7164602941176471,0.605445588235294,0.6569852941176471,0.5508970588235294,0.6027367647058822,0.6898382352941176,0.6450308823529411,0.6815764705882352,0.7477264705882352,0.8018529411764705,0.8379985294117646,0.8917382352941176,0.8871411764705882,0.913555882352941,0.8077485294117646,0.8813764705882352,0.8217661764705882,0.8618823529411764,0.7976911764705882,0.8042926470588235,0.7515176470588234,0.6882073529411764,0.7145426470588234,0.6264926470588233,0.653095588235294,0.6934897058823528,0.7278499999999999,0.7125411764705882,0.6992308823529411,0.7084602941176469,0.7483926470588234,0.8002985294117646,0.8126352941176469,0.8285661764705882,0.8699941176470587,0.8695323529411764,0.7955720588235293,0.7692058823529411,0.7976764705882352,0.7596926470588234,0.8006764705882351,0.7951808823529412,0.8539014705882353,0.9037735294117647,0.8771911764705882,0.9122955882352939,0.9194764705882352,0.9229529411764705,0.929570588235294,0.927410294117647,0.9285132352941177,0.9215735294117646,0.9074411764705882,0.8927823529411762,0.8214117647058823,0.7515352941176471,0.7125294117647059,0.8002691176470587,0.7881735294117646,0.8179411764705881,0.8122985294117647,0.9014249999999999,0.884860294117647,0.9153382352941175,0.9230352941176471,0.9214176470588233,0.9177720588235293,0.9099132352941175,0.9067588235294117,0.8449411764705881,0.8124088235294117,0.7886735294117647,0.7437808823529412,0.7406073529411764,0.7308323529411763,0.723730882352941,0.7421544117647058,0.773135294117647,0.7908632352941175,0.7368588235294118,0.7261676470588233,0.7666882352941177,0.7984382352941176,0.7455514705882352,0.7711191176470588,0.8220367647058823,0.8818588235294117,0.8342897058823528,0.8545882352941174,0.8779220588235294,0.9114514705882352,0.8847691176470587,0.8439970588235294,0.8619073529411764
0.9095338235294116,0.8915382352941175,0.8839338235294116,0.7940411764705883,0.7027176470588234,0.6939661764705881,0.6258470588235294,0.6028220588235293,0.5551220588235293,0.6575220588235293,0.7198338235294116,0.634895588235294,0.7169823529411763,0.7243764705882353,0.8348617647058822,0.8724249999999999,0.8892911764705882,0.881420588235294,0.908430882352941,0.9043397058823528,0.8813485294117647,0.8129455882352941,0.8485882352941176,0.8351294117647059,0.7960838235294118,0.7128602941176471,0.7329970588235293,0.711160294117647,0.6838985294117645,0.6720897058823528,0.7249014705882353,0.7344058823529411,0.7406279411764705,0.7229499999999999,0.6964941176470587,0.7930147058823529,0.823375,0.8177382352941176,0.8957897058823527,0.8706235294117646,0.7922058823529412,0.7969382352941176,0.7343455882352941,0.7771882352941176,0.7529588235294117,0.7378455882352941,0.792830882352941,0.8096691176470587,0.8943382352941176,0.8787264705882352,0.9081705882352941,0.9178455882352942,0.9226411764705881,0.9297014705882353,0.9281882352941176,0.9225249999999999,0.9199573529411764,0.9061029411764705,0.879385294117647,0.7814029411764705,0.7757544117647059,0.8070499999999999,0.7591794117647058,0.7710588235294117,0.8179088235294117,0.8336823529411763,0.9007499999999998,0.8777485294117647,0.8722294117647058,0.9268632352941175,0.9241970588235293,0.9112264705882352,0.9171220588235294,0.9089985294117646,0.8686617647058823,0.834410294117647,0.7870029411764706,0.7564941176470587,0.7725661764705881,0.773595588235294,0.7299485294117647,0.7623411764705882,0.7395823529411764,0.7770338235294116,0.746020588235294,0.7005970588235294,0.7003147058823528,0.7416661764705882,0.7446529411764704,0.7701058823529411,0.8639102941176469,0.8571249999999999,0.8474058823529411,0.8726426470588236,0.9103014705882351,0.9141411764705882,0.8418588235294117,0.8417544117647058,0.807225
0.9073514705882353,0.8740205882352939,0.8633999999999998,0.8184132352941176,0.7173705882352941,0.7183867647058824,0.6088882352941176,0.625810294117647,0.5772426470588234,0.599305882352941,0.720685294117647,0.6996794117647059,0.7211779411764705,0.7308676470588235,0.777870588235294,0.8710279411764705,0.8895764705882352,0.8795647058823529,0.9120235294117647,0.90595,0.8839852941176469,0.7930044117647058,0.8995367647058823,0.8237117647058824,0.8076602941176468,0.7451529411764706,0.7443955882352941,0.7226294117647057,0.6561514705882353,0.6770867647058822,0.7142279411764705,0.7420676470588236,0.7188632352941177,0.7465117647058823,0.7200176470588234,0.7898617647058822,0.7646323529411765,0.8478308823529411,0.861170588235294,0.8668926470588234,0.8218544117647059,0.7877823529411764,0.730845588235294,0.7598749999999999,0.7694294117647058,0.8600088235294117,0.7957955882352941,0.8281161764705882,0.8986823529411764,0.840005882352941,0.9047794117647058,0.9153235294117645,0.918720588235294,0.927775,0.9269838235294117,0.9275279411764705,0.9204779411764704,0.9084808823529411,0.8275205882352942,0.7881705882352941,0.7782323529411764,0.7585882352941176,0.7508647058823529,0.7799647058823529,0.7951985294117645,0.8131176470588234,0.8285999999999999,0.8742029411764706,0.9110499999999999,0.9227735294117646,0.9236720588235293,0.9219044117647058,0.9104132352941176,0.906310294117647,0.8692147058823528,0.825225,0.7963647058823528,0.7810249999999999,0.740870588235294,0.7538529411764705,0.7657191176470587,0.7638235294117646,0.8152308823529412,0.794045588235294,0.735795588235294,0.7122397058823529,0.7554720588235293,0.7628176470588235,0.7445323529411765,0.7782397058823529,0.819835294117647,0.801055882352941,0.8153088235294117,0.8621779411764704,0.9117397058823529,0.9119441176470586,0.8643044117647058,0.8285676470588235,0.8375544117647059
0.9106485294117647,0.9055911764705881,0.7940102941176469,0.8136308823529411,0.7316073529411763,0.725189705882353,0.6141558823529412,0.6080279411764705,0.5806588235294117,0.6145573529411764,0.6982676470588235,0.7431382352941176,0.714820588235294,0.7504426470588234,0.7575132352941175,0.8258514705882353,0.8559132352941176,0.8795235294117646,0.912935294117647,0.9036514705882353,0.8469426470588234,0.8416205882352941,0.8374926470588235,0.8510794117647058,0.7686044117647058,0.7212999999999999,0.7402323529411765,0.7272720588235293,0.6769397058823529,0.6755779411764705,0.7209499999999999,0.7364441176470587,0.731866176470588,0.6984397058823528,0.7405661764705882,0.7486852941176471,0.825220588235294,0.8083897058823528,0.8915926470588235,0.8964279411764705,0.7949573529411764,0.8224602941176469,0.7289058823529411,0.7746911764705882,0.7310911764705882,0.7684235294117646,0.8353897058823528,0.8259044117647059,0.8713073529411763,0.8776014705882351,0.902535294117647,0.9153808823529411,0.9214573529411764,0.9264985294117646,0.9276676470588234,0.9283441176470587,0.920480882352941,0.9092970588235294,0.8210220588235294,0.8004426470588235,0.7753647058823528,0.7675602941176469,0.7433132352941175,0.7771411764705881,0.8040588235294117,0.8351529411764704,0.8551485294117647,0.878460294117647,0.9102044117647057,0.9239485294117645,0.9187308823529411,0.897895588235294,0.8950558823529411,0.8755102941176469,0.9037205882352941,0.8012382352941176,0.7871779411764704,0.7909676470588234,0.7746867647058823,0.7383426470588235,0.7294117647058823,0.7343926470588233,0.7679147058823529,0.8385573529411764,0.6894602941176471,0.753180882352941,0.7710029411764705,0.7753985294117647,0.7509897058823529,0.7854220588235294,0.804305882352941,0.7931867647058823,0.8115838235294117,0.8338911764705882,0.9100999999999999,0.9113176470588235,0.8969632352941176,0.8080176470588234,0.8106588235294117
0.9089911764705881,0.9106588235294116,0.7955014705882352,0.791270588235294,0.7656808823529412,0.7396529411764706,0.6208779411764704,0.6423470588235294,0.5449838235294118,0.6386220588235293,0.725260294117647,0.7171367647058824,0.7448691176470589,0.7632235294117646,0.7960514705882352,0.8427426470588234,0.887420588235294,0.8797279411764706,0.9124235294117646,0.9027794117647058,0.8269941176470587,0.8399779411764705,0.8387691176470587,0.8472044117647057,0.8108073529411763,0.7602411764705882,0.7395397058823527,0.6976529411764705,0.6334014705882353,0.666160294117647,0.7039926470588235,0.732710294117647,0.7506867647058824,0.660795588235294,0.6885573529411765,0.7344823529411763,0.791520588235294,0.8046926470588234,0.8802382352941176,0.8851117647058823,0.8110676470588234,0.7898235294117646,0.7562911764705882,0.7855338235294117,0.7808485294117646,0.8032544117647058,0.7950029411764705,0.8144529411764706,0.8934632352941175,0.8781132352941176,0.9140544117647057,0.9182352941176469,0.9239191176470588,0.9272191176470587,0.9264661764705882,0.9235617647058822,0.9220264705882352,0.8585705882352941,0.8129176470588235,0.860280882352941,0.777930882352941,0.7666632352941175,0.7414838235294117,0.7759367647058822,0.822120588235294,0.8464279411764706,0.8860544117647058,0.8824911764705882,0.9194485294117646,0.9252117647058822,0.926416176470588,0.9067470588235292,0.8800367647058822,0.8733632352941175,0.8632794117647058,0.8268926470588236,0.8090426470588236,0.8014867647058823,0.7782705882352939,0.7289985294117647,0.740885294117647,0.744245588235294,0.8057926470588235,0.7846485294117647,0.7639470588235293,0.7306661764705881,0.7626147058823529,0.7435588235294117,0.7599897058823529,0.7512397058823529,0.8037441176470588,0.8290308823529411,0.8285205882352941,0.8563147058823528,0.9107999999999998,0.9130602941176469,0.8597632352941175,0.8284808823529412,0.8052514705882352
0.9138044117647058,0.9039470588235292,0.8586573529411764,0.7986779411764705,0.7265264705882352,0.7343573529411763,0.6420205882352941,0.619220588235294,0.5755279411764705,0.6380352941176469,0.6726691176470587,0.6574514705882353,0.692614705882353,0.7576308823529411,0.8130470588235293,0.8051897058823528,0.8578441176470587,0.8851220588235292,0.9130485294117646,0.8731602941176471,0.8778235294117646,0.8255338235294116,0.8675720588235294,0.8232279411764705,0.7951735294117647,0.7435588235294117,0.7216029411764705,0.733010294117647,0.6719779411764705,0.6984455882352941,0.720325,0.737775,0.7367544117647058,0.7262779411764704,0.7246441176470587,0.7490470588235293,0.802385294117647,0.8364720588235294,0.8414808823529412,0.9067897058823529,0.8453941176470587,0.7947691176470587,0.7486441176470587,0.7795397058823528,0.7896955882352941,0.7605514705882352,0.7941529411764705,0.844435294117647,0.8472058823529411,0.8668852941176468,0.9056544117647058,0.9092676470588235,0.9144882352941175,0.9282294117647056,0.9291808823529412,0.925664705882353,0.9203911764705881,0.8748308823529412,0.8611367647058822,0.7677044117647058,0.7495970588235293,0.7559029411764706,0.791705882352941,0.7422794117647057,0.7865647058823528,0.8292088235294116,0.8727323529411765,0.8870338235294116,0.9082632352941176,0.9191647058823529,0.9266779411764704,0.9163691176470589,0.9118779411764706,0.8712426470588235,0.9027661764705881,0.8565294117647058,0.8496647058823529,0.8218867647058822,0.7734588235294118,0.7103661764705882,0.7225573529411764,0.7423249999999999,0.7815294117647058,0.7804132352941177,0.7395426470588236,0.7571014705882351,0.7504470588235294,0.7986029411764706,0.7503558823529412,0.7767000000000001,0.8133367647058822,0.7927911764705883,0.8079691176470587,0.8916588235294117,0.8733941176470588,0.8890794117647058,0.8700470588235294,0.8069235294117647,0.8375058823529412
0.9097617647058822,0.9046514705882351,0.8568867647058823,0.7912088235294116,0.6927264705882352,0.6906955882352941,0.6037779411764705,0.605255882352941,0.574835294117647,0.6072852941176471,0.6698191176470587,0.7087220588235293,0.6997367647058823,0.7583235294117646,0.8106661764705881,0.8427647058823529,0.892625,0.8486999999999999,0.9096426470588235,0.9069544117647057,0.8834529411764706,0.8916470588235293,0.844095588235294,0.8912352941176469,0.803735294117647,0.7193102941176469,0.7442514705882352,0.7090573529411764,0.6548691176470588,0.6537367647058823,0.7213632352941175,0.74335,0.7502249999999999,0.7347941176470588,0.7463044117647057,0.7165588235294117,0.800005882352941,0.8128044117647059,0.8798647058823528,0.9023911764705882,0.805085294117647,0.7934926470588234,0.7588941176470587,0.7988308823529411,0.7803176470588234,0.7298764705882352,0.7658514705882352,0.8077647058823528,0.8600838235294117,0.8753382352941176,0.9088073529411764,0.9122058823529411,0.9173088235294117,0.9287544117647057,0.9270191176470587,0.9264397058823528,0.9216897058823529,0.896395588235294,0.8844073529411765,0.8081676470588235,0.7619838235294117,0.7634970588235293,0.7694323529411764,0.8056808823529411,0.801885294117647,0.8419529411764705,0.8672441176470587,0.8806029411764705,0.9131205882352941,0.9186955882352941,0.9231426470588233,0.9144573529411764,0.9121941176470587,0.9069558823529411,0.9077764705882352,0.7942029411764705,0.8300661764705881,0.7987367647058822,0.7669735294117647,0.7371088235294116,0.723255882352941,0.7276132352941176,0.7745102941176469,0.7965647058823528,0.7114647058823529,0.7079044117647059,0.722095588235294,0.79565,0.7508691176470587,0.7248455882352941,0.7849191176470588,0.8452823529411765,0.8664764705882352,0.8239764705882352,0.910970588235294,0.911525,0.8698661764705882,0.834260294117647,0.7956029411764705
0.8958161764705881,0.8726602941176469,0.8813279411764705,0.8009970588235293,0.7500911764705881,0.72575,0.6255294117647059,0.5815588235294117,0.5775838235294117,0.604539705882353,0.7059661764705882,0.7518382352941176,0.7123588235294116,0.7530705882352939,0.8171764705882352,0.8584985294117646,0.8269264705882352,0.8831441176470588,0.8775926470588234,0.8967397058823529,0.8824029411764704,0.8494985294117645,0.8533426470588235,0.8227352941176469,0.7949352941176469,0.7247485294117647,0.740630882352941,0.6955955882352941,0.6909073529411763,0.6531794117647058,0.7114058823529411,0.7370647058823528,0.7212249999999999,0.7010573529411763,0.740375,0.7558617647058824,0.7872352941176469,0.8306397058823529,0.8551676470588234,0.883920588235294,0.8251117647058824,0.7730338235294116,0.7296852941176469,0.7880647058823528,0.806035294117647,0.789035294117647,0.7995499999999999,0.8172499999999999,0.8739441176470588,0.8615147058823528,0.9058999999999998,0.9152779411764704,0.9202176470588234,0.9285529411764705,0.9278382352941176,0.9238132352941175,0.9212029411764704,0.8719058823529411,0.8230544117647057,0.7953147058823528,0.7537235294117647,0.7681735294117646,0.789195588235294,0.7568779411764706,0.8152338235294116,0.8398235294117647,0.9029735294117646,0.8897558823529411,0.9173264705882351,0.9177823529411764,0.9280117647058823,0.9172220588235294,0.9128426470588235,0.9047235294117646,0.8842485294117647,0.8290691176470587,0.7718926470588234,0.7756235294117646,0.7999073529411764,0.7582338235294117,0.715075,0.7555661764705882,0.7790647058823528,0.7799279411764704,0.764025,0.7269573529411765,0.7210132352941176,0.7388764705882351,0.7404176470588234,0.7797308823529412,0.7954073529411765,0.8347382352941176,0.8072338235294118,0.8401882352941175,0.9139102941176469,0.9113941176470588,0.8864661764705881,0.8098441176470588,0.8308367647058822
0.9061661764705882,0.891685294117647,0.8594720588235293,0.7937852941176471,0.7120661764705882,0.7060485294117648,0.6162749999999999,0.5794705882352941,0.5955999999999999,0.6139470588235293,0.6740220588235293,0.733775,0.7098617647058824,0.7609102941176469,0.8096720588235293,0.8632867647058823,0.8914044117647059,0.8859617647058823,0.8778573529411764,0.8315499999999999,0.8823514705882353,0.8205764705882351,0.893420588235294,0.8271338235294117,0.7916264705882353,0.7055573529411764,0.7469470588235294,0.7127044117647058,0.6771338235294118,0.6413867647058823,0.7173720588235294,0.7337779411764704,0.7258264705882352,0.7111,0.7372808823529411,0.7449647058823529,0.7795647058823529,0.7932617647058823,0.8745367647058822,0.8541014705882353,0.8386867647058823,0.7918852941176469,0.7576088235294117,0.7955749999999999,0.7170632352941176,0.7430676470588234,0.7651897058823529,0.8383720588235293,0.902035294117647,0.8739999999999999,0.9079720588235294,0.9101529411764705,0.921325,0.9269044117647058,0.9273264705882353,0.9245308823529411,0.9212411764705882,0.9071970588235293,0.8788735294117647,0.7971985294117645,0.7752323529411764,0.7615735294117646,0.7359794117647057,0.8115014705882352,0.8251897058823529,0.8280308823529411,0.8405088235294117,0.8878676470588234,0.9175941176470587,0.9207191176470587,0.9254617647058822,0.9155249999999998,0.9143647058823527,0.906320588235294,0.8732676470588234,0.8606823529411763,0.8567779411764704,0.7860970588235293,0.7191985294117645,0.7595308823529411,0.7354941176470587,0.7399264705882351,0.7816249999999999,0.7646573529411763,0.7046205882352942,0.7381014705882353,0.7475058823529411,0.7370044117647059,0.7363264705882352,0.7528088235294116,0.8160397058823529,0.8774441176470587,0.8121470588235294,0.8618794117647058,0.911245588235294,0.9152029411764706,0.8671955882352941,0.8252117647058823,0.8042117647058824
0.9091441176470588,0.8716264705882352,0.8628044117647058,0.8104970588235294,0.713535294117647,0.7232073529411763,0.6273397058823529,0.6200279411764705,0.5630617647058823,0.6039308823529411,0.6854088235294117,0.7003132352941176,0.7446279411764705,0.790616176470588,0.8327279411764704,0.8734838235294118,0.8587382352941176,0.8797205882352942,0.9133588235294116,0.9042558823529411,0.8799044117647058,0.8202691176470588,0.9011117647058823,0.8195455882352941,0.7976749999999998,0.7375514705882352,0.7368897058823528,0.719785294117647,0.6311485294117646,0.6529897058823528,0.7216985294117646,0.7394411764705882,0.727945588235294,0.6876926470588235,0.7478441176470588,0.7320749999999999,0.8028088235294116,0.7904558823529411,0.8280676470588235,0.9057014705882352,0.8629735294117646,0.7916367647058822,0.7548426470588234,0.7667602941176469,0.759570588235294,0.7953455882352941,0.7913779411764705,0.7943558823529412,0.8967764705882352,0.8459058823529411,0.9089661764705882,0.915330882352941,0.9234558823529412,0.9270044117647058,0.9274970588235292,0.9243397058823529,0.9250647058823529,0.9083911764705881,0.8333632352941176,0.8047985294117647,0.7693514705882352,0.7479558823529411,0.7511073529411764,0.7804588235294118,0.8162617647058823,0.8442529411764705,0.8998735294117646,0.8818999999999998,0.9135852941176469,0.9249294117647057,0.9268044117647057,0.9108338235294117,0.9142941176470587,0.9077735294117646,0.9059647058823529,0.7908808823529412,0.790625,0.8102985294117647,0.7826249999999998,0.7555382352941176,0.7245323529411762,0.7297941176470588,0.7858647058823529,0.8063735294117647,0.7506367647058823,0.724655882352941,0.7604764705882352,0.7330705882352941,0.7499132352941177,0.7633058823529411,0.8144044117647059,0.8510102941176471,0.803025,0.8571044117647058,0.9104088235294117,0.9131205882352941,0.8691911764705883,0.841010294117647,0.804580882352941
0.9094235294117646,0.8506661764705882,0.8446749999999998,0.7908529411764705,0.7419308823529411,0.71535,0.6289014705882352,0.5926411764705882,0.5657455882352941,0.6029397058823529,0.6531779411764705,0.7178867647058822,0.7113499999999999,0.7817279411764705,0.8115764705882352,0.8426161764705881,0.8251044117647058,0.8816897058823528,0.9111529411764706,0.9028161764705881,0.884385294117647,0.8632220588235293,0.8842264705882352,0.8479544117647058,0.7773308823529411,0.7509264705882353,0.7376647058823529,0.7163279411764706,0.6346970588235292,0.654364705882353,0.7218779411764706,0.7352205882352939,0.7558044117647058,0.7284044117647059,0.7280720588235292,0.7380735294117646,0.7560823529411764,0.8649382352941175,0.8613117647058823,0.8628573529411765,0.8233926470588233,0.7881558823529411,0.7489441176470587,0.7772602941176471,0.7604411764705882,0.7997985294117645,0.7947308823529412,0.8771779411764705,0.8932323529411764,0.8791632352941174,0.9136823529411763,0.9185014705882353,0.9171573529411764,0.9281544117647057,0.9258367647058823,0.928260294117647,0.9176191176470587,0.8756397058823528,0.8619220588235292,0.7937411764705881,0.7776441176470588,0.7591823529411764,0.7671661764705882,0.7722279411764705,0.787989705882353,0.8545632352941176,0.8286926470588235,0.8855735294117647,0.921141176470588,0.9252897058823528,0.9251367647058821,0.9140441176470588,0.8955529411764706,0.8723544117647057,0.8749544117647059,0.8624073529411764,0.8364632352941176,0.7961044117647057,0.7657514705882352,0.7164397058823528,0.7180941176470587,0.7382544117647059,0.7820926470588234,0.7750191176470588,0.7272647058823528,0.7312073529411764,0.730045588235294,0.7273411764705882,0.7508279411764704,0.7520779411764705,0.7605279411764705,0.8265029411764705,0.8286294117647057,0.824905882352941,0.9114161764705881,0.906720588235294,0.8956382352941176,0.8299426470588236,0.8328264705882352
0.9049705882352941,0.908070588235294,0.900245588235294,0.8122661764705882,0.7485441176470586,0.6565,0.6664970588235294,0.6024058823529411,0.5673397058823528,0.6106661764705883,0.6857808823529411,0.6952029411764705,0.681489705882353,0.7591249999999999,0.8137558823529412,0.8760676470588235,0.8433264705882352,0.8687411764705881,0.8915749999999999,0.8894794117647058,0.8821411764705882,0.8551205882352939,0.8776632352941175,0.8686544117647058,0.7781558823529411,0.7287661764705882,0.7468838235294116,0.7334499999999999,0.6574544117647058,0.702,0.7382352941176469,0.7478794117647058,0.7108014705882352,0.7504323529411764,0.7787661764705881,0.7774955882352941,0.7918911764705882,0.8235279411764705,0.894630882352941,0.8461279411764704,0.8405176470588234,0.8061749999999999,0.7549338235294116,0.7776661764705881,0.7466676470588234,0.7841382352941176,0.7853676470588236,0.8448852941176469,0.8993073529411764,0.8727235294117645,0.9086058823529412,0.9149661764705882,0.9231514705882352,0.930070588235294,0.9258367647058823,0.9293338235294116,0.9201529411764705,0.8940955882352941,0.8651897058823528,0.7681823529411763,0.7582941176470587,0.7463632352941175,0.7903779411764705,0.7561367647058823,0.8012235294117646,0.8055338235294116,0.8397426470588235,0.882195588235294,0.9098617647058822,0.9255573529411764,0.926280882352941,0.9177764705882353,0.9094999999999999,0.9054808823529411,0.873685294117647,0.8360367647058823,0.773495588235294,0.8096779411764705,0.7560411764705882,0.7338573529411765,0.7366029411764705,0.7387294117647059,0.7775235294117646,0.7716529411764704,0.7420632352941176,0.6628058823529411,0.7707102941176469,0.7387617647058823,0.7553941176470588,0.7553249999999999,0.7801176470588235,0.8365882352941175,0.8450941176470588,0.8770897058823528,0.8757764705882353,0.9115441176470588,0.901245588235294,0.8331397058823529,0.8073764705882351
0.9085352941176469,0.8734602941176469,0.8939426470588234,0.796680882352941,0.7018838235294117,0.7097838235294117,0.6359235294117647,0.602425,0.5593191176470588,0.6054691176470588,0.6794808823529411,0.7048367647058823,0.7563132352941175,0.7301294117647058,0.7783764705882352,0.8589014705882351,0.8906691176470587,0.8840397058823528,0.9105294117647058,0.9044735294117647,0.8809926470588235,0.8373558823529411,0.8407838235294117,0.8243044117647058,0.7808117647058823,0.7289338235294116,0.7427073529411763,0.7217441176470587,0.6979249999999998,0.6792073529411764,0.6696264705882351,0.7493382352941175,0.7314691176470587,0.6855514705882352,0.7291279411764705,0.777625,0.7710691176470588,0.8499441176470587,0.8908970588235292,0.9063544117647059,0.8516044117647058,0.786130882352941,0.7633647058823528,0.7506705882352941,0.7718117647058822,0.8133117647058823,0.7977294117647057,0.8088014705882353,0.8823176470588234,0.8436926470588234,0.9026382352941176,0.9178367647058822,0.9228602941176468,0.9293014705882352,0.9273617647058823,0.9296514705882353,0.9195411764705882,0.9130088235294117,0.8690191176470589,0.7707029411764705,0.7770411764705881,0.7981279411764705,0.7607985294117646,0.7707044117647058,0.8045514705882353,0.8475676470588235,0.8565279411764704,0.8776411764705881,0.8736999999999999,0.9205294117647057,0.9249985294117645,0.9133529411764706,0.9122499999999999,0.8736499999999999,0.8712191176470587,0.8122676470588234,0.8189367647058823,0.7904308823529411,0.7447764705882352,0.7836779411764705,0.7423411764705881,0.7607205882352941,0.7632220588235293,0.7598647058823529,0.7422102941176469,0.7234661764705882,0.7367147058823529,0.7631882352941176,0.7547749999999999,0.7600323529411763,0.8178617647058823,0.8398617647058823,0.809614705882353,0.8751088235294117,0.9125529411764706,0.9074441176470587,0.8942882352941176,0.8211617647058822,0.8093235294117647
0.9153132352941175,0.8929838235294117,0.8565397058823528,0.7981191176470588,0.7622588235294118,0.7544514705882351,0.6227617647058823,0.5861088235294117,0.5560308823529411,0.6003999999999999,0.7141323529411764,0.7361264705882353,0.7002617647058823,0.7668088235294116,0.7773529411764705,0.8381897058823529,0.8601323529411764,0.8845514705882351,0.914280882352941,0.9073205882352939,0.8822647058823528,0.8539970588235293,0.9006132352941176,0.8293117647058822,0.7926044117647058,0.739675,0.7424191176470587,0.7180249999999998,0.6736323529411764,0.6862455882352941,0.7096235294117647,0.7446867647058822,0.733060294117647,0.7002367647058823,0.8328573529411764,0.7368676470588235,0.7704926470588235,0.8257617647058824,0.8419441176470588,0.8757367647058822,0.8504235294117647,0.760210294117647,0.7644088235294116,0.7706132352941175,0.758591176470588,0.7959897058823528,0.8270308823529412,0.841714705882353,0.8422176470588234,0.8629617647058823,0.9015249999999999,0.8830808823529411,0.921835294117647,0.9292058823529411,0.9300073529411763,0.9276676470588234,0.9238073529411764,0.906145588235294,0.8436588235294117,0.7900764705882352,0.7785970588235294,0.7639588235294117,0.8102705882352941,0.7514338235294117,0.8253794117647059,0.8521764705882353,0.8954191176470587,0.8865161764705882,0.9150794117647059,0.9225911764705882,0.923485294117647,0.9130720588235294,0.9092735294117646,0.9073058823529411,0.8698485294117646,0.8563749999999999,0.8250294117647058,0.8074426470588235,0.7535514705882352,0.7738382352941175,0.7195720588235294,0.7029029411764706,0.7778632352941175,0.8065941176470588,0.6850647058823529,0.6745647058823528,0.7266617647058823,0.7231823529411765,0.7494382352941176,0.7351558823529412,0.7801882352941175,0.8369264705882351,0.8098426470588235,0.8882014705882353,0.9096014705882353,0.9131647058823528,0.9053676470588233,0.8029911764705883,0.8418544117647059
0.9099426470588233,0.839180882352941,0.8445794117647059,0.7791235294117647,0.7940367647058822,0.7171647058823528,0.6545647058823528,0.5724735294117647,0.5542176470588235,0.6314955882352941,0.7012294117647058,0.6928632352941176,0.7224014705882352,0.7586191176470587,0.8017779411764705,0.841270588235294,0.890030882352941,0.8853661764705882,0.9101808823529411,0.8686764705882352,0.882155882352941,0.837410294117647,0.8640161764705883,0.8233294117647058,0.8063632352941176,0.7162544117647057,0.7326647058823529,0.7130985294117647,0.6992147058823528,0.6561367647058823,0.7257088235294117,0.7268647058823529,0.7357470588235293,0.745810294117647,0.7336838235294116,0.7796852941176469,0.7966058823529412,0.8481382352941177,0.8899264705882352,0.9017455882352939,0.820695588235294,0.7885073529411765,0.7602985294117647,0.7880426470588233,0.7048999999999999,0.7631117647058822,0.8049338235294116,0.8483941176470587,0.8455147058823528,0.842955882352941,0.9129573529411763,0.9165441176470587,0.9227941176470588,0.9299205882352941,0.9293411764705882,0.9260073529411764,0.9185397058823528,0.9069191176470587,0.8415867647058822,0.8290852941176469,0.7834676470588234,0.7692485294117647,0.7660970588235293,0.7599397058823529,0.8072514705882352,0.8483499999999998,0.8672838235294116,0.8859264705882353,0.9101941176470588,0.9257676470588235,0.9252014705882351,0.9180014705882351,0.8737617647058823,0.907045588235294,0.9019088235294117,0.8513441176470586,0.8315382352941176,0.7702014705882353,0.7371205882352941,0.7534470588235294,0.7227411764705882,0.7600441176470588,0.7877941176470586,0.8278132352941175,0.7385691176470587,0.7565514705882351,0.7579147058823528,0.7588955882352939,0.7482602941176469,0.7823147058823529,0.8192338235294118,0.8174441176470587,0.8270573529411764,0.8767617647058823,0.911160294117647,0.9078955882352939,0.8657014705882352,0.8357073529411764,0.8277176470588234
0.9019852941176469,0.8734235294117646,0.8734176470588234,0.8145985294117647,0.7553338235294116,0.7106764705882351,0.6098382352941175,0.5768323529411764,0.5498367647058823,0.6131235294117647,0.7260161764705881,0.661945588235294,0.6638514705882352,0.7403176470588234,0.8334911764705882,0.8432220588235293,0.8900514705882353,0.8784485294117645,0.9166397058823529,0.8704014705882352,0.8880588235294117,0.8539397058823528,0.866780882352941,0.855980882352941,0.8037426470588235,0.7821147058823528,0.7240308823529412,0.720335294117647,0.6571308823529411,0.6798573529411764,0.7185088235294117,0.7353132352941176,0.7102676470588234,0.7553573529411763,0.7614926470588235,0.7562647058823528,0.7546911764705881,0.8127147058823528,0.8419617647058822,0.8896308823529412,0.8328897058823529,0.7942323529411764,0.7369323529411764,0.7567735294117647,0.7836897058823529,0.8032735294117646,0.7940411764705883,0.7863499999999999,0.8425617647058822,0.876045588235294,0.9090058823529411,0.915295588235294,0.9199911764705883,0.9260382352941176,0.9280220588235293,0.9285132352941177,0.9184058823529411,0.9133999999999999,0.8586647058823529,0.8069220588235293,0.7769617647058823,0.7171147058823527,0.7585117647058823,0.7753926470588234,0.8531735294117645,0.8456397058823528,0.8684470588235293,0.8807205882352941,0.9141044117647057,0.927041176470588,0.9241073529411763,0.9151970588235293,0.9129382352941176,0.9063691176470587,0.8633808823529411,0.8631014705882352,0.7922573529411764,0.7622749999999999,0.7280426470588234,0.7577485294117646,0.7432117647058822,0.7398985294117646,0.7893911764705882,0.7494014705882353,0.7399352941176471,0.730010294117647,0.7264970588235293,0.7749014705882352,0.7549573529411765,0.7477014705882352,0.8038367647058822,0.8349411764705882,0.8430897058823529,0.8742705882352941,0.9142220588235294,0.9097544117647057,0.8941264705882351,0.8825764705882351,0.799139705882353
0.9037264705882352,0.9056397058823529,0.8377073529411764,0.8203294117647059,0.7003382352941175,0.7288441176470587,0.6804485294117646,0.5946926470588235,0.5591132352941176,0.6491294117647058,0.7324529411764704,0.6830220588235293,0.7303382352941177,0.7722235294117646,0.8078941176470587,0.8262147058823528,0.8562632352941175,0.8857367647058821,0.8775823529411765,0.9035205882352941,0.8825367647058823,0.871270588235294,0.8002499999999999,0.8471352941176469,0.800895588235294,0.7502779411764705,0.733845588235294,0.7116191176470588,0.6574838235294117,0.6578294117647059,0.711670588235294,0.728985294117647,0.7321955882352941,0.7166397058823528,0.7126397058823529,0.730420588235294,0.8068073529411764,0.8265999999999999,0.8930029411764705,0.9032323529411764,0.8761220588235293,0.7895382352941175,0.7602161764705883,0.7455073529411763,0.7385029411764705,0.8219397058823529,0.8228661764705881,0.8265647058823529,0.8780176470588233,0.8760470588235293,0.9066573529411763,0.9155573529411764,0.9269235294117646,0.9293323529411763,0.9262926470588235,0.9268117647058822,0.9200661764705882,0.9140323529411764,0.8967323529411764,0.8267999999999999,0.7789367647058824,0.7557161764705883,0.7240573529411765,0.768335294117647,0.839135294117647,0.8334338235294116,0.8965749999999999,0.885110294117647,0.9124529411764705,0.9260117647058822,0.9169911764705881,0.9115338235294117,0.9212941176470586,0.9039911764705881,0.872120588235294,0.8330397058823529,0.7832249999999998,0.780030882352941,0.7590764705882352,0.7523573529411764,0.7036852941176469,0.7694926470588235,0.7819426470588233,0.8121588235294116,0.7306397058823528,0.7293382352941176,0.7377279411764706,0.8101397058823528,0.7482367647058824,0.7507397058823527,0.8026191176470587,0.7903264705882352,0.7839485294117646,0.8912632352941177,0.9093294117647058,0.9063794117647058,0.8694161764705881,0.8454352941176471,0.8308014705882352
0.9108647058823528,0.9100676470588235,0.8477014705882351,0.8321647058823529,0.7402367647058822,0.716335294117647,0.6500191176470588,0.5733058823529411,0.5759117647058822,0.6254308823529411,0.6830544117647057,0.6909014705882353,0.6842705882352941,0.7410485294117647,0.8129382352941175,0.8592691176470588,0.8924499999999999,0.8486926470588234,0.9104632352941177,0.9045029411764705,0.8831632352941176,0.8525514705882352,0.825035294117647,0.8321279411764706,0.8287794117647058,0.7482544117647058,0.744710294117647,0.7484808823529411,0.653925,0.7038867647058822,0.7181749999999999,0.7425529411764705,0.7291176470588234,0.6393426470588235,0.6992720588235293,0.7854720588235293,0.7436102941176469,0.8094249999999998,0.860835294117647,0.904945588235294,0.8313014705882352,0.7662779411764704,0.7374397058823529,0.7653794117647058,0.759925,0.7975720588235292,0.8216941176470587,0.8139867647058822,0.9016573529411764,0.8433882352941175,0.8764573529411763,0.9179764705882352,0.9227544117647057,0.9297558823529412,0.9254176470588235,0.9271558823529411,0.9201132352941175,0.8783632352941176,0.8623691176470587,0.8051514705882352,0.7699426470588233,0.7482117647058822,0.7522632352941175,0.8044191176470589,0.8237588235294117,0.8090573529411764,0.882110294117647,0.8828691176470588,0.9174397058823529,0.9225529411764706,0.9233235294117647,0.9178088235294116,0.9101352941176469,0.9055661764705881,0.8528794117647058,0.8254426470588234,0.7916867647058823,0.7384426470588233,0.7500323529411764,0.7967308823529411,0.7211249999999999,0.7428485294117647,0.7770573529411764,0.806830882352941,0.7564544117647057,0.7245911764705881,0.7581779411764705,0.7387088235294117,0.7440367647058823,0.7570588235294117,0.7834941176470587,0.8279264705882352,0.8017588235294116,0.8404911764705882,0.9130117647058822,0.9115617647058822,0.8795323529411763,0.7807749999999999,0.8572499999999998
0.9174985294117645,0.9066573529411763,0.8224764705882354,0.7885764705882353,0.7179941176470588,0.6981117647058823,0.6808911764705882,0.6083338235294118,0.5658926470588235,0.625710294117647,0.7327764705882351,0.6992735294117647,0.665035294117647,0.7216558823529411,0.7993882352941175,0.8547411764705881,0.836610294117647,0.8656014705882352,0.9052955882352941,0.8706382352941174,0.8629823529411764,0.7956529411764705,0.8777014705882352,0.8075970588235293,0.7522544117647059,0.6967514705882352,0.7401661764705881,0.7228367647058823,0.6792102941176469,0.683495588235294,0.7153029411764705,0.763910294117647,0.7321735294117647,0.6777647058823529,0.7197970588235293,0.7563779411764705,0.7834691176470587,0.8219808823529412,0.880785294117647,0.901145588235294,0.8298102941176468,0.789270588235294,0.7622161764705883,0.794945588235294,0.772310294117647,0.8034632352941176,0.8351029411764705,0.8225632352941176,0.8446897058823529,0.8436514705882353,0.9098044117647057,0.9202161764705881,0.9256279411764705,0.9297485294117646,0.9281764705882353,0.8842720588235293,0.9170426470588233,0.906395588235294,0.8710720588235292,0.7848647058823529,0.7521573529411765,0.7822985294117646,0.7742588235294118,0.8070676470588234,0.804385294117647,0.8087073529411763,0.8881514705882351,0.888895588235294,0.9162499999999999,0.9249176470588234,0.9236235294117646,0.9194235294117646,0.9067779411764705,0.8760779411764704,0.8349279411764705,0.8930882352941176,0.8261338235294117,0.7977720588235293,0.7706220588235294,0.7268867647058822,0.6979720588235293,0.710835294117647,0.7924632352941176,0.7785014705882352,0.761660294117647,0.7361279411764705,0.746375,0.7672411764705882,0.7483882352941176,0.7818867647058821,0.8022573529411763,0.8155397058823528,0.847730882352941,0.8419485294117646,0.9174941176470588,0.9131970588235293,0.8712779411764705,0.8453279411764705,0.8428088235294117
0.9134705882352941,0.885370588235294,0.8868235294117647,0.8237294117647057,0.7411132352941174,0.7180102941176469,0.6279764705882352,0.5943029411764705,0.5623220588235294,0.6082220588235293,0.7192235294117646,0.6640088235294118,0.7197705882352939,0.7862926470588235,0.7976764705882352,0.8731176470588234,0.8533529411764704,0.888264705882353,0.9096647058823528,0.8977808823529412,0.8281147058823529,0.8048161764705881,0.8778397058823528,0.8335617647058823,0.7948029411764704,0.7767029411764705,0.7412176470588234,0.699566176470588,0.6821676470588235,0.6977338235294116,0.7367941176470588,0.7306514705882352,0.7352852941176471,0.6807044117647059,0.704430882352941,0.762535294117647,0.7850926470588234,0.813035294117647,0.8607911764705881,0.8730132352941176,0.8566779411764704,0.8118926470588235,0.754675,0.8260544117647057,0.758085294117647,0.790510294117647,0.795495588235294,0.788860294117647,0.8913,0.8801691176470587,0.908105882352941,0.8837235294117647,0.9226073529411765,0.9277235294117646,0.9239661764705882,0.9235676470588234,0.9189514705882352,0.878585294117647,0.8221632352941175,0.8207823529411764,0.7553720588235294,0.7336529411764705,0.7886617647058822,0.769235294117647,0.8162411764705881,0.8282647058823529,0.8569926470588235,0.8496720588235294,0.9120220588235293,0.9204955882352941,0.9264014705882353,0.9162323529411764,0.8797676470588235,0.905314705882353,0.8525779411764705,0.8663794117647058,0.7938132352941176,0.8272749999999999,0.7632308823529412,0.7511514705882352,0.7549470588235293,0.7479323529411763,0.786805882352941,0.7721411764705882,0.7605867647058822,0.707360294117647,0.7739264705882352,0.7405117647058822,0.7393514705882352,0.7474029411764705,0.8141911764705881,0.8181308823529412,0.8315882352941175,0.8855397058823529,0.9143338235294117,0.8778397058823528,0.8629897058823529,0.8318338235294117,0.8016661764705882
0.9098926470588234,0.9080558823529411,0.8313220588235293,0.8325397058823528,0.7275191176470587,0.726245588235294,0.6074088235294118,0.5798073529411764,0.5569470588235294,0.5777029411764705,0.6940279411764706,0.7216147058823529,0.757160294117647,0.7870367647058822,0.8153235294117647,0.8184397058823528,0.8610044117647058,0.8628279411764705,0.9120073529411764,0.8854794117647058,0.8282264705882353,0.9011499999999999,0.8671426470588235,0.8523147058823529,0.7999088235294116,0.7576220588235294,0.7504455882352941,0.7118308823529412,0.6268691176470588,0.6508323529411765,0.6945029411764705,0.7812235294117645,0.6999838235294118,0.7253941176470586,0.7438720588235292,0.7826823529411765,0.8052044117647058,0.7697661764705882,0.8599897058823528,0.8861014705882352,0.8154970588235293,0.7842985294117647,0.7544102941176469,0.8044882352941176,0.7274529411764705,0.7815191176470587,0.7939691176470587,0.8268323529411764,0.8852558823529411,0.868445588235294,0.9087911764705882,0.9146529411764704,0.8866397058823527,0.9213029411764706,0.9291808823529412,0.924525,0.9242235294117647,0.9085176470588234,0.8642514705882353,0.839005882352941,0.7773720588235293,0.788625,0.7861779411764704,0.7857941176470588,0.785480882352941,0.8303647058823529,0.8531529411764706,0.8908808823529412,0.9097661764705882,0.925755882352941,0.9176838235294116,0.9061911764705882,0.9137999999999998,0.9050661764705883,0.908475,0.8782014705882353,0.8616514705882352,0.8487808823529411,0.749385294117647,0.7801323529411763,0.751470588235294,0.744035294117647,0.7808794117647058,0.7771764705882354,0.7412999999999998,0.7325661764705882,0.7537529411764705,0.7478617647058822,0.7472338235294116,0.7515794117647058,0.7843999999999999,0.8526455882352941,0.8455161764705883,0.7958882352941176,0.8742588235294116,0.9187323529411763,0.8857367647058823,0.8277661764705881,0.8262117647058823
0.9087882352941176,0.9020264705882352,0.8678720588235294,0.8115588235294117,0.7549191176470588,0.7232132352941175,0.5963529411764705,0.5855235294117647,0.5480117647058823,0.6079279411764705,0.700510294117647,0.6853367647058822,0.7056764705882352,0.761660294117647,0.7733529411764705,0.809280882352941,0.8891970588235294,0.8870426470588235,0.9129117647058823,0.8987485294117646,0.8788691176470587,0.8810308823529411,0.8231117647058823,0.8245073529411764,0.72485,0.7335411764705881,0.7402897058823529,0.7534632352941175,0.6691558823529411,0.653625,0.7175985294117646,0.7407941176470587,0.7345147058823529,0.7056132352941177,0.7371044117647058,0.7640441176470587,0.8293617647058822,0.8429867647058823,0.860020588235294,0.8682897058823529,0.832085294117647,0.7973999999999999,0.768385294117647,0.7672999999999999,0.7419029411764706,0.7797191176470587,0.8177397058823528,0.8308279411764705,0.8836411764705883,0.8453941176470587,0.889789705882353,0.9058294117647058,0.9210117647058823,0.9261852941176469,0.9299808823529411,0.9248602941176469,0.9195249999999999,0.9075117647058822,0.880355882352941,0.7954970588235294,0.7508735294117647,0.7390411764705882,0.7868264705882352,0.839170588235294,0.8408367647058823,0.8321676470588234,0.8991985294117647,0.8896294117647058,0.9164058823529411,0.9228602941176468,0.9244647058823529,0.9185411764705882,0.9149955882352941,0.8656147058823528,0.9050897058823528,0.8741735294117647,0.8144691176470586,0.8033691176470588,0.7972338235294117,0.7122720588235293,0.734920588235294,0.7863999999999999,0.7763882352941176,0.8004117647058823,0.7357338235294117,0.7169235294117646,0.7776647058823529,0.7747279411764706,0.7056529411764706,0.7595588235294117,0.8104735294117645,0.8177661764705881,0.8670235294117646,0.8569897058823529,0.9133411764705882,0.9024867647058823,0.8965411764705881,0.8275220588235294,0.8307529411764705
0.9138426470588235,0.9056220588235293,0.8592102941176469,0.7958308823529411,0.730325,0.7147926470588235,0.606705882352941,0.6009882352941175,0.5636661764705883,0.6303867647058824,0.7089073529411763,0.625185294117647,0.7227676470588236,0.7781985294117647,0.7927014705882351,0.8708191176470588,0.8353838235294117,0.8680308823529411,0.908310294117647,0.9064367647058822,0.8801999999999999,0.8370338235294116,0.8496441176470588,0.8156617647058823,0.794910294117647,0.731555882352941,0.7056470588235293,0.7150161764705881,0.654175,0.6650573529411764,0.6836941176470588,0.7349558823529411,0.7374014705882352,0.7484235294117647,0.7541014705882352,0.74935,0.7906955882352941,0.812135294117647,0.8034499999999999,0.8726014705882352,0.8232573529411764,0.7952897058823528,0.7524132352941176,0.7563735294117646,0.719325,0.8262308823529411,0.8309735294117646,0.8540176470588234,0.8859147058823528,0.8131014705882352,0.9096602941176469,0.9157999999999998,0.924395588235294,0.9284132352941176,0.9283382352941175,0.9230279411764706,0.923610294117647,0.892180882352941,0.8346397058823529,0.8144779411764705,0.7709235294117645,0.8019529411764704,0.7607661764705882,0.7592823529411763,0.7733867647058823,0.8355411764705881,0.900464705882353,0.8503117647058822,0.9140999999999999,0.9252279411764704,0.9252014705882353,0.9073779411764704,0.8772632352941175,0.869135294117647,0.8711279411764704,0.7921691176470588,0.8387544117647058,0.7717044117647059,0.7199823529411764,0.732710294117647,0.7328308823529411,0.7185617647058823,0.7777735294117646,0.793035294117647,0.7632999999999999,0.7240249999999999,0.7093632352941176,0.7519838235294117,0.7395088235294117,0.7595558823529411,0.7809367647058824,0.8133397058823528,0.8078955882352941,0.8406470588235293,0.91125,0.9082014705882352,0.8694485294117646,0.8120132352941175,0.7810720588235293
0.9085573529411765,0.8983764705882351,0.8776823529411764,0.8029,0.7244558823529411,0.7103411764705883,0.6521147058823529,0.6267367647058824,0.5533544117647058,0.5903911764705881,0.7027088235294117,0.7575073529411763,0.7591911764705881,0.7698176470588234,0.8601749999999999,0.841220588235294,0.8719029411764705,0.8455691176470587,0.913845588235294,0.8977985294117645,0.8622338235294116,0.8178588235294117,0.8134691176470586,0.7943676470588235,0.8029617647058823,0.8135823529411763,0.7401588235294116,0.701239705882353,0.6630411764705881,0.6826926470588235,0.7222735294117646,0.7321705882352939,0.7631279411764705,0.7620735294117646,0.7408897058823529,0.7357102941176469,0.7779573529411764,0.8227999999999999,0.8595426470588233,0.9025985294117647,0.8168,0.7926926470588234,0.7728470588235292,0.7709970588235293,0.7751014705882352,0.8078294117647058,0.8165661764705882,0.8104161764705882,0.8644235294117646,0.8751323529411765,0.875870588235294,0.9156867647058823,0.9211661764705882,0.9242529411764704,0.9273485294117646,0.9295132352941176,0.9221691176470587,0.911266176470588,0.869016176470588,0.7823558823529411,0.7702676470588234,0.798495588235294,0.7612485294117646,0.7535264705882352,0.8185544117647058,0.7872411764705881,0.8855529411764705,0.8896014705882352,0.9193191176470586,0.9268897058823528,0.9239838235294117,0.9111779411764706,0.9101058823529411,0.9037058823529411,0.8744867647058823,0.8594999999999999,0.8427985294117647,0.8472632352941176,0.7650852941176469,0.728541176470588,0.7366691176470587,0.7438338235294117,0.7905161764705881,0.8002088235294117,0.7345720588235293,0.7113470588235294,0.7517911764705882,0.7395852941176471,0.7451058823529411,0.7829573529411764,0.7814970588235294,0.8573014705882352,0.8086823529411764,0.8270514705882354,0.9089617647058822,0.9106588235294116,0.8813220588235294,0.825995588235294,0.8119205882352941
0.9088220588235293,0.8687397058823528,0.8607441176470586,0.7757867647058823,0.7756161764705881,0.7048823529411765,0.6461382352941176,0.5880735294117646,0.5581558823529411,0.6282867647058823,0.738860294117647,0.6813323529411764,0.7008794117647059,0.7508529411764706,0.7987323529411764,0.8589338235294116,0.8595470588235293,0.8497514705882351,0.8774647058823528,0.9027014705882352,0.8277264705882352,0.8547661764705882,0.8746676470588234,0.808160294117647,0.8151455882352939,0.7452529411764705,0.7568499999999999,0.7211852941176469,0.6563117647058824,0.6569529411764706,0.7186602941176469,0.7413852941176471,0.7224470588235293,0.7594705882352941,0.7243749999999999,0.7406426470588234,0.784045588235294,0.8103985294117646,0.8935397058823528,0.9020779411764704,0.8273926470588234,0.8139426470588235,0.7552249999999999,0.7784970588235294,0.7248132352941176,0.7802588235294117,0.794230882352941,0.8661132352941177,0.8577867647058823,0.8763249999999999,0.9122338235294117,0.9160764705882352,0.9226691176470588,0.929060294117647,0.9295132352941176,0.9254176470588235,0.9197294117647058,0.8930735294117647,0.8597779411764704,0.7794911764705881,0.7562426470588235,0.780195588235294,0.7951852941176469,0.7972749999999998,0.7880544117647058,0.8260352941176469,0.8085176470588235,0.8861588235294118,0.9103147058823527,0.9178632352941175,0.9238647058823528,0.9146749999999999,0.9131411764705881,0.9036499999999998,0.9029382352941175,0.8833779411764705,0.7722882352941175,0.7652058823529412,0.7578529411764704,0.737720588235294,0.7430441176470587,0.7146367647058822,0.7689264705882352,0.7810220588235294,0.749560294117647,0.7004470588235293,0.7771970588235294,0.7257764705882351,0.7377132352941176,0.7706249999999999,0.8151661764705881,0.8321073529411764,0.8068220588235293,0.8566808823529412,0.8541705882352941,0.8972176470588233,0.8422764705882352,0.8004455882352941,0.8171441176470587
0.9047911764705882,0.9065029411764706,0.858435294117647,0.7950544117647058,0.7625,0.7206058823529411,0.6159897058823528,0.5766573529411764,0.5549617647058823,0.6429926470588234,0.662514705882353,0.7355691176470588,0.7426735294117647,0.7651323529411763,0.8363147058823528,0.8757264705882353,0.8436764705882352,0.8647529411764704,0.8913647058823528,0.8461764705882351,0.8838499999999999,0.8427794117647058,0.8036720588235293,0.8140441176470588,0.8565029411764705,0.7335220588235293,0.713785294117647,0.6987882352941176,0.6730117647058823,0.6886455882352941,0.7173735294117647,0.7436941176470586,0.7350749999999998,0.7522661764705882,0.7979382352941176,0.7272764705882352,0.8273882352941175,0.8016029411764705,0.8902588235294118,0.8994632352941175,0.8343970588235293,0.785380882352941,0.7526691176470588,0.7532749999999999,0.7651367647058823,0.7782661764705883,0.7962014705882353,0.8766617647058822,0.8427294117647058,0.8461235294117646,0.8981426470588234,0.9111882352941176,0.9152279411764705,0.9287617647058823,0.9281764705882353,0.8864735294117646,0.9216117647058822,0.8900088235294117,0.8366294117647058,0.8382073529411763,0.7785941176470588,0.8008191176470587,0.7862426470588234,0.7554691176470588,0.8199882352941176,0.8253735294117647,0.8979573529411764,0.8845794117647059,0.9165411764705881,0.9273897058823529,0.9228676470588234,0.9149367647058823,0.8788779411764704,0.8753808823529411,0.9074323529411764,0.838345588235294,0.7882985294117646,0.7755558823529412,0.7610764705882352,0.7749102941176469,0.7199279411764705,0.7625102941176469,0.766460294117647,0.7559132352941176,0.7396411764705881,0.7334220588235294,0.7498617647058823,0.7439823529411763,0.7353823529411765,0.7695926470588235,0.7830220588235294,0.8837014705882351,0.8264235294117647,0.8756794117647059,0.9121897058823528,0.9106691176470588,0.9019323529411764,0.8247323529411764,0.8262823529411764
0.9080558823529411,0.9049544117647058,0.8245838235294117,0.8130544117647057,0.7689220588235294,0.7014588235294117,0.6154911764705882,0.5936529411764705,0.5669367647058823,0.6082632352941176,0.7125411764705881,0.6527382352941176,0.7562058823529411,0.7971485294117646,0.8438294117647057,0.8626735294117646,0.8876808823529411,0.879395588235294,0.909030882352941,0.9017941176470587,0.8708411764705882,0.8274073529411763,0.8453558823529411,0.804185294117647,0.8021088235294117,0.7277823529411763,0.7409514705882353,0.7147352941176469,0.6249029411764705,0.6514014705882352,0.7238161764705883,0.7323161764705882,0.7052558823529411,0.7451573529411765,0.7385279411764705,0.7812720588235292,0.7469558823529411,0.8161897058823528,0.8624691176470588,0.8963676470588234,0.8541014705882353,0.8269102941176469,0.7282514705882353,0.7747647058823528,0.7604499999999998,0.7687058823529411,0.8082911764705882,0.8428823529411764,0.8682588235294116,0.8779779411764705,0.9055544117647059,0.9060235294117647,0.9262823529411763,0.9278926470588233,0.9278485294117645,0.9271426470588234,0.9206544117647059,0.8765661764705882,0.8597941176470588,0.786360294117647,0.7555691176470587,0.7896382352941175,0.7643323529411763,0.7762191176470588,0.7979661764705881,0.8472073529411764,0.9043838235294117,0.8861176470588236,0.912185294117647,0.9153279411764705,0.9268985294117645,0.9191426470588234,0.9141985294117646,0.9024382352941176,0.864535294117647,0.8777220588235294,0.8374323529411764,0.8117911764705882,0.7810676470588235,0.7006705882352939,0.7267794117647058,0.7498441176470587,0.7784279411764705,0.7940779411764705,0.7345764705882352,0.7342588235294117,0.7191749999999999,0.7193985294117645,0.7470838235294118,0.7738470588235293,0.8040735294117646,0.8401941176470586,0.8478867647058822,0.8580132352941175,0.9141544117647059,0.9170426470588233,0.9032397058823529,0.8103999999999999,0.8074573529411764
0.9071264705882351,0.9096088235294116,0.8526264705882352,0.7966220588235294,0.7307411764705881,0.714780882352941,0.6775249999999999,0.6214014705882352,0.567960294117647,0.5931970588235294,0.6821676470588235,0.7066323529411763,0.7312485294117647,0.7369573529411764,0.8379382352941175,0.8414926470588234,0.8763926470588234,0.8645470588235293,0.9146720588235292,0.9035102941176469,0.8830514705882352,0.8550529411764705,0.8514617647058822,0.8527382352941175,0.7932823529411764,0.7643794117647058,0.7435308823529412,0.7084735294117646,0.6278941176470588,0.7034794117647059,0.7226676470588234,0.7371823529411765,0.7415558823529411,0.7185147058823528,0.7487205882352941,0.7467602941176471,0.7719558823529411,0.821080882352941,0.8420617647058822,0.9031985294117646,0.8196588235294117,0.7957897058823529,0.7800235294117646,0.8096132352941176,0.7258058823529411,0.7909882352941174,0.7967970588235292,0.8059749999999999,0.819970588235294,0.827660294117647,0.8688573529411763,0.9153632352941176,0.9198882352941175,0.9285999999999999,0.9269779411764705,0.926805882352941,0.9193558823529411,0.9141426470588234,0.8295367647058823,0.7714926470588235,0.7321779411764705,0.7328058823529411,0.7743764705882352,0.7545294117647058,0.7962676470588235,0.805595588235294,0.8464691176470588,0.8921529411764705,0.910035294117647,0.9270485294117646,0.923820588235294,0.908675,0.911235294117647,0.9024764705882351,0.9052808823529411,0.8636764705882353,0.8058323529411764,0.8198338235294118,0.7857176470588234,0.708375,0.7372985294117647,0.7407514705882352,0.7931294117647059,0.7914661764705883,0.7434102941176469,0.7298426470588235,0.7274999999999999,0.755825,0.7628308823529412,0.7640279411764704,0.7585264705882353,0.7940941176470586,0.8412749999999999,0.8355029411764705,0.8987073529411763,0.9131397058823528,0.8683176470588234,0.8281544117647058,0.8683794117647058
0.9115338235294117,0.9016499999999998,0.8646691176470587,0.8230426470588236,0.6988338235294117,0.7151455882352941,0.6489014705882352,0.5698014705882353,0.5713897058823528,0.6033823529411764,0.6885735294117646,0.6734749999999999,0.7509691176470588,0.7694455882352941,0.8531617647058823,0.8546323529411765,0.8620514705882353,0.881395588235294,0.9070823529411765,0.8993529411764705,0.8613838235294117,0.8443338235294117,0.8305191176470587,0.8179088235294117,0.8114647058823529,0.7765088235294118,0.7472602941176469,0.7167455882352941,0.6777441176470588,0.6581264705882353,0.7133308823529411,0.7486676470588234,0.7056647058823529,0.7403779411764706,0.739980882352941,0.7528544117647058,0.7629544117647058,0.806905882352941,0.8902338235294116,0.8757999999999998,0.8604691176470587,0.8150970588235292,0.779145588235294,0.7692794117647057,0.7671088235294118,0.7932529411764705,0.7869794117647058,0.8119426470588235,0.8455499999999999,0.8454794117647058,0.8565691176470588,0.9229764705882352,0.9215617647058822,0.9280749999999999,0.9283441176470587,0.924525,0.9213970588235294,0.9155617647058824,0.8656058823529411,0.8003514705882352,0.7566117647058823,0.7615264705882353,0.8032647058823529,0.8225661764705883,0.7660367647058822,0.8296352941176469,0.8608764705882351,0.8678544117647058,0.9107176470588234,0.926810294117647,0.9263441176470587,0.9108352941176471,0.9154367647058822,0.9025970588235294,0.8738911764705882,0.7960897058823528,0.8394367647058822,0.815825,0.7298191176470589,0.7770264705882353,0.7041749999999999,0.7689838235294117,0.7781205882352941,0.7911999999999999,0.7429235294117648,0.7267676470588234,0.7572647058823528,0.7630838235294116,0.7550382352941176,0.7533397058823528,0.8166999999999999,0.8653999999999998,0.8090338235294117,0.8382514705882352,0.9076426470588235,0.9146514705882353,0.8964397058823528,0.82875,0.8085455882352941
0.8720220588235293,0.9027499999999999,0.8616882352941175,0.7959397058823529,0.7585426470588233,0.7199044117647059,0.5962117647058823,0.5670970588235293,0.5746955882352941,0.6281382352941176,0.7135955882352941,0.7414573529411763,0.6779999999999999,0.7409926470588235,0.829170588235294,0.8084764705882352,0.8353779411764705,0.8502147058823528,0.9087823529411764,0.9042235294117646,0.8779882352941175,0.8111647058823528,0.866435294117647,0.8344367647058822,0.801995588235294,0.7326823529411763,0.7428749999999998,0.7088926470588235,0.6968176470588234,0.6632882352941176,0.7139279411764705,0.7386882352941176,0.7298764705882352,0.7290544117647059,0.7576294117647059,0.7397397058823528,0.7880794117647059,0.8490088235294118,0.861020588235294,0.8674720588235293,0.8188999999999999,0.7873735294117646,0.7611147058823529,0.7697264705882352,0.774029411764706,0.7728676470588234,0.8243044117647058,0.8079941176470588,0.8920558823529411,0.8441779411764705,0.9095485294117646,0.9208088235294116,0.924610294117647,0.9279205882352941,0.9276676470588234,0.9260073529411764,0.9218749999999999,0.8763161764705881,0.8725411764705882,0.7864161764705883,0.7600397058823528,0.7581088235294116,0.7566132352941175,0.7560117647058823,0.8083058823529411,0.8337088235294117,0.8993911764705881,0.8906470588235293,0.9082191176470588,0.9240382352941175,0.9223764705882351,0.9212117647058823,0.9156838235294116,0.9047294117647058,0.8999014705882351,0.8425544117647058,0.8151073529411763,0.8008426470588234,0.7437941176470588,0.7219911764705881,0.7332955882352941,0.7577941176470588,0.767145588235294,0.7730705882352942,0.7305691176470587,0.702595588235294,0.7612882352941175,0.7649132352941175,0.7422220588235293,0.7713058823529412,0.7831632352941175,0.8248897058823528,0.8510779411764706,0.8910794117647058,0.9085411764705881,0.9066838235294117,0.8421411764705882,0.8448926470588234,0.8120955882352939
0.9152749999999998,0.8742411764705882,0.863695588235294,0.8239,0.7677838235294117,0.7105735294117647,0.6008808823529411,0.5784411764705881,0.5744132352941176,0.5878691176470587,0.6764397058823529,0.6535514705882352,0.6948029411764706,0.8046264705882352,0.8320235294117646,0.8706205882352941,0.8569485294117645,0.8815499999999998,0.911360294117647,0.9000367647058823,0.880180882352941,0.8242411764705881,0.8643249999999998,0.8274088235294117,0.7671867647058823,0.7349176470588233,0.748175,0.7218882352941175,0.6294470588235294,0.6794397058823529,0.7142573529411763,0.7368455882352941,0.7401058823529411,0.6811926470588234,0.6903176470588235,0.7543117647058822,0.7619588235294116,0.8206411764705882,0.828305882352941,0.9020970588235292,0.8399911764705882,0.803180882352941,0.7545661764705882,0.7533573529411765,0.6982720588235294,0.8209749999999999,0.7952132352941176,0.8147161764705881,0.8616544117647057,0.8796058823529411,0.9081647058823528,0.916720588235294,0.918110294117647,0.9294264705882352,0.9283441176470587,0.9291676470588235,0.9196249999999999,0.9120514705882352,0.8822338235294117,0.7994485294117647,0.7286147058823529,0.796175,0.7890573529411763,0.7659735294117646,0.8026264705882352,0.8295029411764705,0.8875044117647057,0.891130882352941,0.9178985294117646,0.924585294117647,0.9197529411764704,0.9049117647058822,0.912555882352941,0.905985294117647,0.9069779411764706,0.891895588235294,0.862080882352941,0.8166088235294117,0.7646411764705882,0.7122676470588235,0.6947897058823529,0.7646441176470588,0.7970911764705882,0.8261808823529411,0.7320441176470588,0.6882117647058823,0.7415176470588235,0.7914470588235294,0.7447191176470588,0.7793191176470587,0.8217073529411764,0.8295749999999998,0.8632161764705882,0.8904632352941176,0.9088720588235293,0.9097014705882351,0.8738470588235292,0.8243264705882353,0.8085397058823529
0.9164367647058823,0.837545588235294,0.8236367647058823,0.815920588235294,0.7552294117647058,0.7237823529411764,0.6386632352941175,0.5978544117647058,0.560225,0.6215985294117646,0.6708397058823529,0.6452705882352942,0.7126455882352941,0.7452132352941175,0.8005970588235294,0.8591735294117646,0.8948264705882353,0.8473676470588235,0.9113705882352939,0.8888676470588234,0.8689779411764705,0.8328529411764704,0.8150147058823528,0.8320838235294117,0.798420588235294,0.7612323529411764,0.7155999999999999,0.7294779411764705,0.6282955882352942,0.6623573529411765,0.7117249999999998,0.7396838235294116,0.7305661764705882,0.7417911764705881,0.7411235294117646,0.8235779411764704,0.8187691176470586,0.849205882352941,0.8242514705882352,0.9032588235294118,0.812160294117647,0.8370735294117646,0.7324779411764706,0.7912382352941175,0.7688838235294118,0.7898367647058823,0.7946882352941176,0.8241308823529411,0.8606397058823527,0.8435749999999999,0.9048661764705881,0.9212926470588234,0.9211323529411763,0.9285941176470588,0.9285,0.927175,0.9214323529411764,0.9129911764705881,0.8974955882352941,0.8070529411764705,0.7480205882352939,0.741070588235294,0.7690191176470588,0.8108691176470587,0.778585294117647,0.8364249999999999,0.8877485294117646,0.8797249999999999,0.9117882352941176,0.9247102941176469,0.9248382352941176,0.9188441176470586,0.9187088235294117,0.8726367647058823,0.8966544117647057,0.8470838235294117,0.7770676470588235,0.7946794117647057,0.7416867647058822,0.7446279411764706,0.768710294117647,0.7250588235294118,0.7797338235294116,0.8457161764705883,0.7452823529411764,0.741910294117647,0.7376764705882352,0.7268617647058823,0.7383661764705881,0.7625397058823529,0.8109485294117647,0.8215397058823529,0.8101411764705881,0.8888882352941175,0.9092455882352939,0.9130147058823528,0.898045588235294,0.8052617647058823,0.8273823529411763
0.9021941176470587,0.8729514705882352,0.8968617647058823,0.8250588235294117,0.6752014705882351,0.7113764705882353,0.6390294117647057,0.5651544117647058,0.5878455882352941,0.6096235294117648,0.7359852941176469,0.7070308823529411,0.6898294117647058,0.7643779411764705,0.8008617647058822,0.8671249999999999,0.8576794117647057,0.8814955882352941,0.913739705882353,0.9034985294117647,0.8830161764705882,0.8497117647058823,0.8772632352941175,0.8784426470588235,0.7680852941176469,0.7236617647058822,0.7348058823529411,0.7265764705882353,0.6573602941176471,0.6566794117647058,0.7439867647058823,0.7316147058823529,0.73795,0.7125999999999999,0.6684514705882352,0.782385294117647,0.7653323529411763,0.7814897058823529,0.889505882352941,0.9020441176470588,0.8134970588235293,0.801735294117647,0.7395176470588234,0.7367705882352941,0.7535867647058823,0.7687220588235294,0.7907823529411763,0.8093014705882351,0.8420426470588234,0.8602647058823528,0.9050029411764705,0.9181779411764706,0.9250279411764705,0.927560294117647,0.9239941176470589,0.9288426470588235,0.9252411764705881,0.9141235294117646,0.8948558823529411,0.8248735294117646,0.8036029411764706,0.7456264705882352,0.7854779411764706,0.7992691176470587,0.8103279411764704,0.8061705882352942,0.8812999999999998,0.886070588235294,0.9138808823529411,0.927170588235294,0.9239367647058823,0.9186941176470587,0.9114720588235293,0.9051985294117647,0.9049382352941175,0.8358264705882352,0.8270838235294116,0.7858529411764705,0.7659294117647059,0.7147235294117646,0.7244014705882351,0.7599514705882352,0.7525764705882353,0.7476691176470588,0.739105882352941,0.7464029411764705,0.717135294117647,0.7395117647058822,0.7524764705882352,0.7646897058823529,0.7803294117647058,0.8713455882352941,0.8608029411764705,0.861320588235294,0.8744588235294117,0.9033264705882352,0.9010514705882352,0.8060499999999999,0.7994529411764705
0.9136970588235294,0.8904779411764705,0.7947176470588235,0.8418911764705881,0.7066088235294117,0.7163235294117647,0.6551838235294117,0.5688205882352941,0.5611029411764705,0.5987205882352941,0.6656411764705882,0.6855838235294117,0.7576999999999999,0.7889544117647058,0.8361720588235294,0.8456941176470588,0.8614161764705882,0.8872382352941176,0.9073058823529411,0.8988617647058823,0.8812632352941175,0.8964338235294118,0.8119676470588234,0.8123838235294117,0.8178485294117647,0.7444235294117646,0.7489941176470588,0.7272588235294117,0.6549323529411765,0.6815573529411763,0.7616367647058823,0.7439397058823529,0.7413632352941175,0.7328029411764705,0.7347411764705882,0.7803735294117646,0.8095941176470588,0.8118323529411764,0.875885294117647,0.8458441176470587,0.7961911764705881,0.7824970588235294,0.749525,0.7867911764705882,0.7418073529411764,0.7704161764705881,0.8009382352941175,0.8126661764705881,0.898485294117647,0.877095588235294,0.8747735294117646,0.9215691176470586,0.9221647058823528,0.927410294117647,0.9279867647058822,0.9263999999999999,0.9227367647058823,0.9175544117647058,0.7996279411764704,0.7974779411764705,0.7473235294117645,0.7227411764705882,0.7772720588235293,0.8309852941176469,0.8107779411764704,0.8427764705882352,0.8298441176470588,0.8831308823529411,0.9194691176470587,0.9194102941176469,0.9241514705882352,0.908745588235294,0.9165485294117647,0.9091867647058823,0.9067249999999999,0.8570661764705881,0.8064558823529411,0.7754044117647059,0.7887249999999998,0.7610132352941175,0.7836985294117647,0.7692147058823529,0.7767470588235293,0.8100235294117647,0.7223926470588236,0.7266544117647058,0.7592632352941175,0.7530014705882352,0.7381088235294118,0.7800882352941175,0.776314705882353,0.8344985294117646,0.8446735294117647,0.8763117647058822,0.9093249999999999,0.9146161764705881,0.9061073529411764,0.8458029411764705,0.8237911764705881
0.9110735294117646,0.8874470588235293,0.8417264705882352,0.7992426470588234,0.762460294117647,0.7317058823529411,0.6599352941176471,0.6360676470588235,0.5643720588235293,0.5958514705882353,0.73995,0.7034044117647058,0.7505323529411763,0.7902941176470588,0.809210294117647,0.844510294117647,0.8918176470588235,0.8850529411764704,0.9122308823529411,0.9044132352941175,0.8817470588235292,0.8364132352941176,0.8933249999999999,0.8540294117647057,0.8021794117647058,0.7208367647058823,0.7412573529411763,0.7040897058823529,0.5910205882352941,0.662180882352941,0.7130499999999999,0.7231235294117646,0.7279073529411764,0.7593191176470588,0.7749705882352941,0.7784617647058822,0.7930102941176469,0.8128661764705882,0.8584191176470587,0.9028573529411764,0.8594044117647057,0.8200441176470588,0.7379132352941176,0.7716897058823529,0.8211088235294116,0.813995588235294,0.7972367647058823,0.8449941176470588,0.8634,0.8475176470588234,0.9138852941176471,0.9152147058823529,0.9255852941176469,0.9288455882352941,0.9283382352941175,0.9281705882352941,0.9167367647058823,0.8985573529411763,0.8680485294117646,0.7882867647058823,0.779180882352941,0.7495602941176469,0.7802264705882354,0.7869867647058821,0.8045382352941176,0.8149470588235294,0.8300264705882353,0.8869499999999999,0.9133014705882352,0.9271132352941176,0.9262235294117647,0.9149838235294117,0.9056147058823528,0.9064470588235294,0.9021161764705881,0.8570176470588233,0.8704838235294117,0.7580661764705882,0.7611147058823529,0.7619529411764705,0.7363132352941176,0.7345367647058823,0.7897323529411763,0.7630735294117647,0.7656176470588236,0.7314102941176469,0.7460367647058823,0.7133999999999999,0.740714705882353,0.8028220588235293,0.7965279411764705,0.8379808823529411,0.8084882352941175,0.8391073529411764,0.9176132352941175,0.9154897058823528,0.8985911764705881,0.8061441176470588,0.8176044117647058
0.9122749999999998,0.9059926470588234,0.859060294117647,0.8223588235294118,0.7243205882352941,0.705835294117647,0.6334691176470588,0.5866573529411765,0.5614617647058823,0.653495588235294,0.6797926470588236,0.6974235294117647,0.7088235294117646,0.7947132352941175,0.7812588235294116,0.807230882352941,0.8572514705882351,0.864425,0.9134205882352939,0.9033088235294117,0.8814235294117645,0.8175088235294118,0.822155882352941,0.8317926470588235,0.7712720588235293,0.7253367647058823,0.7437235294117646,0.6924544117647058,0.6816911764705882,0.6588632352941176,0.7138588235294117,0.7419514705882353,0.7404205882352941,0.7089161764705881,0.7068705882352941,0.7825897058823528,0.7714029411764706,0.8243955882352941,0.8773117647058821,0.8828220588235294,0.8774749999999999,0.8020794117647059,0.7629558823529412,0.7926499999999999,0.7555529411764705,0.796995588235294,0.8216235294117646,0.8181985294117647,0.8630279411764704,0.8786573529411764,0.9123897058823528,0.9088102941176469,0.9232897058823528,0.9293852941176469,0.9274970588235292,0.9280014705882352,0.9229044117647058,0.9109102941176469,0.8965897058823528,0.8585485294117645,0.7561985294117646,0.7621205882352942,0.7826735294117645,0.779980882352941,0.821135294117647,0.8290499999999998,0.8693897058823529,0.8877382352941174,0.9095279411764704,0.9207911764705882,0.9274132352941175,0.9164808823529411,0.8757426470588234,0.8476911764705882,0.8715514705882353,0.8558573529411764,0.8640720588235294,0.7731558823529411,0.7603073529411764,0.7303941176470587,0.7077999999999999,0.726714705882353,0.75805,0.8304558823529411,0.7596117647058822,0.7146867647058822,0.7562235294117646,0.7374029411764706,0.7470382352941176,0.7712382352941175,0.7998955882352939,0.8385691176470588,0.8322426470588234,0.8610749999999998,0.905620588235294,0.9107338235294117,0.897991176470588,0.8478897058823528,0.8444294117647058
0.9123117647058824,0.9011720588235292,0.7950088235294117,0.8024970588235293,0.7452544117647059,0.692889705882353,0.6546676470588235,0.5967338235294116,0.5528455882352941,0.612475,0.7231529411764706,0.6835617647058824,0.7259088235294118,0.7582529411764705,0.8026823529411764,0.8728441176470587,0.8935176470588234,0.8847323529411765,0.9144779411764704,0.9086985294117645,0.8811676470588233,0.8360926470588235,0.8963867647058823,0.8268602941176469,0.7785029411764706,0.7748764705882353,0.743755882352941,0.7236191176470588,0.6278235294117646,0.6947308823529411,0.7085617647058823,0.7344279411764705,0.7608999999999999,0.7447132352941176,0.7100308823529412,0.7721470588235294,0.7801720588235294,0.8254661764705882,0.8752676470588234,0.9010676470588234,0.8558323529411763,0.7984132352941175,0.7525397058823527,0.786360294117647,0.7563941176470588,0.8028338235294117,0.7702352941176469,0.7900411764705881,0.8965838235294116,0.873739705882353,0.9087279411764705,0.9183911764705882,0.9207485294117647,0.927245588235294,0.9284264705882351,0.9271499999999999,0.9199220588235294,0.911410294117647,0.8945676470588234,0.7898058823529411,0.7778161764705881,0.6837132352941176,0.7861823529411764,0.7937294117647058,0.8076735294117645,0.8304441176470586,0.9020544117647058,0.8504647058823529,0.9110147058823529,0.8855985294117645,0.9264044117647058,0.9199485294117645,0.9122735294117645,0.9081558823529411,0.9041676470588234,0.8978647058823529,0.8100308823529411,0.785445588235294,0.7159308823529411,0.7151514705882352,0.7648970588235293,0.7384029411764705,0.7858308823529411,0.8053264705882351,0.7402602941176469,0.7619132352941177,0.7313499999999998,0.7557499999999999,0.7302514705882351,0.7611029411764705,0.7842235294117647,0.8392514705882353,0.8333485294117645,0.878589705882353,0.9086823529411763,0.9134073529411764,0.8702235294117646,0.7994661764705882,0.8051970588235293
0.9105367647058823,0.9091882352941175,0.8886882352941176,0.8356485294117646,0.7603632352941175,0.7130191176470588,0.6134147058823529,0.6242323529411765,0.5597676470588235,0.6232382352941175,0.6890985294117645,0.7113176470588234,0.7029147058823528,0.7323749999999999,0.7760941176470588,0.8080044117647057,0.8592985294117647,0.8457588235294118,0.9071823529411764,0.8701514705882353,0.8786882352941175,0.8286191176470588,0.9020676470588234,0.8291588235294117,0.8180220588235293,0.7527323529411764,0.7317647058823529,0.7220441176470588,0.6785911764705882,0.6823161764705882,0.6992749999999999,0.7307102941176471,0.7250102941176471,0.7881720588235293,0.7640294117647058,0.7551088235294117,0.8044735294117646,0.8024279411764704,0.8068602941176468,0.8693735294117646,0.8328691176470588,0.8186558823529411,0.7500558823529411,0.7943867647058823,0.7947632352941175,0.759835294117647,0.7915426470588234,0.8437794117647058,0.9050897058823528,0.8803970588235293,0.9065117647058822,0.9147764705882352,0.9246867647058822,0.9268897058823528,0.9252867647058822,0.9273264705882353,0.917825,0.9091749999999998,0.8809176470588235,0.7487294117647058,0.7645529411764704,0.7533838235294118,0.7789602941176469,0.7944647058823529,0.7830838235294117,0.8337397058823529,0.8894779411764705,0.8823382352941176,0.914041176470588,0.9247058823529412,0.9238544117647058,0.9102573529411764,0.9077926470588235,0.8774323529411764,0.8724838235294118,0.8376338235294116,0.801660294117647,0.8202455882352939,0.8194485294117647,0.7581838235294116,0.7335073529411764,0.7424779411764705,0.77555,0.827855882352941,0.6866955882352941,0.6989749999999999,0.7255117647058822,0.7715735294117646,0.7513764705882353,0.7756838235294116,0.8032352941176469,0.7982117647058823,0.8650911764705882,0.8226220588235295,0.9162441176470587,0.9115867647058822,0.878305882352941,0.8351191176470588,0.8035779411764705
0.9061823529411764,0.9032632352941175,0.8599249999999999,0.7898044117647058,0.7357338235294116,0.7180382352941175,0.6342911764705882,0.625375,0.5879897058823529,0.6065191176470588,0.6803044117647059,0.6518808823529411,0.7028058823529412,0.7854044117647058,0.8394161764705882,0.8742161764705882,0.8599382352941175,0.8783647058823528,0.9134558823529411,0.8987823529411764,0.8754308823529411,0.8828352941176469,0.8678441176470586,0.7847529411764705,0.8055044117647058,0.774845588235294,0.7463441176470588,0.7149147058823528,0.7078338235294117,0.6249352941176469,0.7220176470588234,0.7272867647058824,0.7033029411764705,0.7286632352941176,0.7071102941176469,0.7709161764705882,0.7622014705882352,0.8267897058823529,0.8894985294117645,0.8885014705882351,0.8235647058823528,0.7897970588235292,0.7573264705882352,0.7607955882352941,0.7383191176470588,0.7769823529411763,0.7982411764705882,0.8765294117647058,0.872130882352941,0.8779338235294117,0.911230882352941,0.9149985294117646,0.9245161764705881,0.9292397058823528,0.9291676470588235,0.9278382352941176,0.9126382352941176,0.8935897058823529,0.8430323529411764,0.8455911764705881,0.7801661764705882,0.7552676470588235,0.7690926470588234,0.7830441176470587,0.8243073529411764,0.867695588235294,0.8662485294117646,0.8805382352941176,0.9158617647058822,0.9252617647058823,0.9225308823529411,0.9113455882352941,0.9113499999999998,0.9100823529411763,0.9022823529411763,0.8536044117647059,0.8123014705882352,0.7816823529411764,0.7504544117647058,0.7489132352941177,0.722685294117647,0.7582558823529411,0.7840205882352941,0.7866073529411765,0.7655294117647059,0.7262426470588234,0.7816397058823529,0.7355470588235294,0.7301529411764706,0.7838985294117646,0.805560294117647,0.8297661764705881,0.8284808823529412,0.8949573529411763,0.8764779411764705,0.9121249999999999,0.9020382352941176,0.8340029411764704,0.8229088235294116
0.9094529411764704,0.8757941176470587,0.9012970588235292,0.7841529411764706,0.7311397058823529,0.724210294117647,0.6256235294117647,0.6339205882352941,0.5637029411764705,0.6024926470588234,0.6921308823529411,0.6870705882352941,0.746545588235294,0.7578720588235294,0.8356823529411763,0.8434999999999998,0.8944852941176469,0.8817882352941175,0.9098485294117646,0.9007088235294116,0.8499058823529412,0.8551749999999998,0.8816191176470587,0.7870970588235293,0.8403558823529411,0.7486294117647058,0.7465470588235293,0.7053588235294118,0.6287455882352941,0.7003249999999999,0.7215999999999999,0.7450264705882352,0.7325235294117647,0.7593367647058823,0.787330882352941,0.7524985294117645,0.7674088235294116,0.8158323529411765,0.8949823529411763,0.9094485294117647,0.7838602941176469,0.7880411764705881,0.7577235294117646,0.7970191176470587,0.8113176470588235,0.780635294117647,0.8144220588235292,0.8285999999999999,0.8295926470588235,0.8763676470588235,0.9131338235294117,0.9131058823529411,0.9250514705882352,0.9277558823529412,0.9285132352941177,0.9278382352941176,0.9210279411764706,0.9150838235294115,0.8517691176470588,0.8262529411764705,0.7526176470588234,0.7586999999999999,0.7909132352941176,0.7698426470588235,0.8032647058823529,0.8331161764705881,0.8474838235294118,0.8856367647058823,0.9123470588235294,0.9198294117647058,0.923920588235294,0.914495588235294,0.9117147058823528,0.9014073529411762,0.9066632352941175,0.8435029411764705,0.7807147058823529,0.8502205882352941,0.7878970588235293,0.7902941176470588,0.7256147058823528,0.7152808823529412,0.7590867647058822,0.8438514705882352,0.7313352941176469,0.7281397058823528,0.7125367647058823,0.7171264705882352,0.7576352941176471,0.7820691176470588,0.8397249999999998,0.8073720588235295,0.8268647058823528,0.8381161764705881,0.9115338235294117,0.8812573529411764,0.8857294117647059,0.8081544117647058,0.8034279411764705
0.9121676470588235,0.904785294117647,0.8915985294117647,0.8049323529411764,0.7070941176470587,0.7166441176470587,0.6495000000000001,0.5872647058823529,0.558735294117647,0.5971426470588235,0.7099014705882352,0.6866117647058824,0.7367985294117646,0.7836661764705881,0.8394147058823528,0.8394749999999999,0.8905735294117645,0.8827367647058822,0.9092749999999998,0.9004794117647058,0.8787191176470588,0.8614308823529411,0.879120588235294,0.802835294117647,0.8175088235294117,0.744355882352941,0.7213529411764706,0.7092426470588234,0.648620588235294,0.5958573529411765,0.7152308823529411,0.7406720588235293,0.6842985294117647,0.688314705882353,0.7275529411764705,0.7512705882352939,0.7188779411764705,0.797755882352941,0.8750617647058823,0.8683749999999998,0.8238985294117647,0.8001323529411764,0.7570367647058823,0.7732779411764706,0.8131117647058823,0.774080882352941,0.7901117647058822,0.7862132352941175,0.8990279411764706,0.8437382352941176,0.9148838235294116,0.9176514705882352,0.9238588235294116,0.929025,0.9293470588235293,0.9290088235294117,0.9216102941176469,0.9096382352941175,0.8226294117647058,0.7929220588235294,0.7491382352941175,0.7442323529411764,0.7469926470588234,0.8559794117647058,0.8228749999999999,0.8875249999999999,0.8329073529411763,0.8662941176470588,0.9114999999999999,0.9265191176470587,0.9256882352941175,0.9160014705882352,0.9114720588235293,0.9041867647058822,0.8454617647058823,0.8699338235294116,0.7853941176470587,0.7725617647058823,0.7718999999999999,0.7316323529411765,0.736895588235294,0.743720588235294,0.7850867647058822,0.7782397058823529,0.7033044117647058,0.6813485294117646,0.7288617647058824,0.7698617647058823,0.7491249999999998,0.8097264705882352,0.8375014705882352,0.8180044117647058,0.833814705882353,0.8750720588235293,0.8901999999999999,0.9008235294117647,0.8689573529411765,0.789126470588235,0.8456485294117647
0.9058911764705881,0.9070044117647058,0.9011617647058823,0.8014338235294116,0.7801308823529411,0.7307426470588233,0.6248558823529411,0.6240632352941177,0.6027985294117646,0.6273588235294117,0.6887661764705881,0.712785294117647,0.7097455882352941,0.7970338235294117,0.777410294117647,0.8435397058823528,0.8223205882352941,0.8850411764705882,0.9100382352941175,0.8736294117647059,0.883155882352941,0.8579529411764705,0.8868867647058822,0.8148323529411764,0.8371676470588235,0.7506294117647059,0.7263411764705882,0.7203588235294117,0.6265970588235292,0.6960808823529411,0.7463088235294116,0.7375235294117646,0.734014705882353,0.681285294117647,0.6699294117647058,0.8013088235294117,0.7836602941176469,0.8349705882352939,0.8943323529411764,0.8806794117647058,0.8370382352941176,0.7903132352941176,0.7508264705882353,0.7892544117647058,0.7879970588235293,0.798420588235294,0.7729647058823528,0.8051941176470587,0.8682102941176469,0.8452088235294116,0.9080323529411763,0.9190897058823528,0.9182941176470588,0.9280073529411763,0.9295073529411765,0.9286676470588234,0.9232691176470588,0.9188264705882353,0.8336058823529411,0.7331911764705881,0.7735308823529411,0.7894397058823529,0.7631985294117647,0.7526132352941176,0.8144911764705881,0.8040514705882352,0.8672764705882352,0.887095588235294,0.9123823529411764,0.9216602941176469,0.9155911764705882,0.9116441176470588,0.9122088235294117,0.8900735294117647,0.8490676470588234,0.8565044117647058,0.8426102941176469,0.7795632352941175,0.775545588235294,0.7305058823529411,0.7397779411764706,0.7241823529411764,0.7780676470588235,0.7771779411764705,0.7423588235294117,0.6974088235294117,0.7475647058823528,0.719614705882353,0.750035294117647,0.7537823529411763,0.8554985294117645,0.8703220588235293,0.8337088235294117,0.8252911764705881,0.8959970588235292,0.9157882352941176,0.9005529411764706,0.8086014705882353,0.8312441176470586
0.8959132352941175,0.8535852941176469,0.8949014705882352,0.7899382352941176,0.7380558823529411,0.7338088235294118,0.6495058823529412,0.6222617647058822,0.5644705882352941,0.6313132352941176,0.7319897058823528,0.7084441176470588,0.7140191176470588,0.7239220588235293,0.7919632352941175,0.8599676470588234,0.8902720588235293,0.8892132352941176,0.9015617647058823,0.9002117647058823,0.8826676470588235,0.8769529411764704,0.8357397058823529,0.8742720588235293,0.8048808823529411,0.7417749999999999,0.724325,0.7073014705882351,0.676630882352941,0.6762338235294117,0.7352500000000001,0.7469367647058822,0.7379279411764705,0.756845588235294,0.7053382352941177,0.7730926470588235,0.8046411764705882,0.8542985294117645,0.8908852941176469,0.8839220588235294,0.8403485294117647,0.8167705882352941,0.7457382352941175,0.7453161764705882,0.7380544117647058,0.7486117647058823,0.7856749999999998,0.8426926470588233,0.8830367647058822,0.8743132352941176,0.9040338235294116,0.9167867647058822,0.9236470588235294,0.9280352941176468,0.9293470588235293,0.9273264705882353,0.9195191176470586,0.876370588235294,0.8838573529411764,0.787145588235294,0.7789794117647059,0.7640426470588234,0.7422044117647059,0.7988191176470587,0.8156514705882352,0.8290161764705882,0.8925529411764704,0.8897867647058821,0.9148161764705881,0.9230279411764705,0.9233426470588234,0.9155808823529411,0.877570588235294,0.8743852941176469,0.9084823529411764,0.8374779411764706,0.7936147058823528,0.8563073529411764,0.7142058823529411,0.7477838235294116,0.7115029411764705,0.7616794117647059,0.771060294117647,0.7963705882352939,0.7299249999999999,0.7369176470588233,0.7649367647058823,0.7267014705882352,0.7465441176470587,0.7733411764705882,0.8225191176470588,0.8534617647058822,0.8615999999999999,0.8757617647058823,0.916895588235294,0.913310294117647,0.8924073529411763,0.8261323529411763,0.803870588235294
0.9100132352941175,0.9088735294117646,0.8167779411764705,0.7958058823529411,0.7357544117647059,0.7287147058823529,0.6607044117647058,0.5946617647058822,0.565785294117647,0.5974632352941176,0.6747264705882352,0.7031499999999999,0.6996808823529411,0.7534661764705881,0.7975867647058823,0.8586897058823528,0.8256485294117647,0.8873426470588234,0.9129632352941175,0.9108308823529411,0.8779411764705882,0.837685294117647,0.8982941176470587,0.8195676470588235,0.8202823529411765,0.7400779411764704,0.7112749999999999,0.7141088235294117,0.6559014705882353,0.684495588235294,0.7424102941176469,0.7461264705882352,0.7084588235294117,0.7025088235294118,0.7474764705882352,0.7532308823529411,0.7658573529411763,0.8176852941176469,0.8805088235294117,0.8938794117647056,0.8223147058823528,0.8506720588235294,0.7563970588235293,0.797939705882353,0.7823441176470587,0.7771970588235294,0.8238941176470588,0.824245588235294,0.9009191176470587,0.8776470588235293,0.8547441176470587,0.9046441176470588,0.9180852941176469,0.9289073529411764,0.9271882352941176,0.9250220588235294,0.9216102941176469,0.9107308823529412,0.8220426470588235,0.8300029411764706,0.7883749999999999,0.7805735294117646,0.7719014705882352,0.8186882352941175,0.8188485294117647,0.8326985294117646,0.86715,0.8646308823529412,0.9026735294117646,0.9256367647058823,0.9275735294117646,0.9146191176470587,0.9128279411764704,0.888575,0.885214705882353,0.8165911764705882,0.8150147058823528,0.7761970588235294,0.7370102941176471,0.815210294117647,0.7293808823529411,0.7173117647058823,0.8112220588235294,0.7814779411764705,0.7186911764705882,0.7418249999999998,0.7094838235294116,0.7634441176470588,0.7602529411764705,0.7344647058823529,0.7740838235294117,0.8087117647058824,0.8661867647058822,0.8734691176470587,0.9130911764705882,0.9142352941176469,0.9016073529411764,0.8316294117647057,0.8202132352941177
0.9017338235294118,0.8749308823529411,0.8582279411764706,0.779639705882353,0.7437073529411763,0.6974191176470588,0.6241735294117646,0.5625426470588234,0.5792176470588235,0.6371617647058823,0.6844617647058822,0.7348764705882352,0.6851235294117646,0.7709529411764706,0.8313779411764705,0.8741823529411764,0.8936441176470586,0.8891897058823529,0.9102852941176469,0.9047558823529411,0.881355882352941,0.8309382352941176,0.8305941176470587,0.828585294117647,0.8042602941176471,0.7466147058823528,0.7434970588235293,0.7131676470588235,0.624085294117647,0.6297588235294118,0.6968382352941176,0.7325808823529412,0.7421161764705883,0.7477352941176469,0.7749470588235293,0.7542602941176471,0.7656852941176469,0.7874926470588234,0.8790529411764706,0.8861897058823528,0.8316249999999998,0.7955279411764704,0.7542529411764705,0.7636191176470588,0.8265544117647058,0.7824264705882352,0.7857720588235292,0.815395588235294,0.8420926470588234,0.8762279411764704,0.8733338235294117,0.9083117647058823,0.9252279411764704,0.9295367647058823,0.9276676470588234,0.9246249999999999,0.9178220588235293,0.906070588235294,0.8365485294117646,0.809135294117647,0.7687764705882352,0.7349926470588234,0.7823632352941176,0.809170588235294,0.8371485294117647,0.8354367647058824,0.8444220588235293,0.8847529411764705,0.9099323529411764,0.921120588235294,0.9270338235294117,0.913245588235294,0.9102617647058823,0.9024926470588234,0.8912558823529411,0.8362308823529411,0.8046,0.7752632352941176,0.7853132352941176,0.7131823529411764,0.7049661764705882,0.7661470588235293,0.7870514705882353,0.7745676470588234,0.7380073529411764,0.7577794117647058,0.7957661764705882,0.750685294117647,0.7477088235294116,0.7272323529411764,0.8030191176470588,0.8456779411764705,0.8412941176470589,0.8006308823529412,0.9169999999999999,0.9134867647058823,0.8855926470588235,0.8063735294117647,0.8774529411764705
0.9124749999999999,0.8774117647058823,0.8667529411764704,0.8349514705882352,0.7339602941176471,0.6723617647058824,0.6075426470588234,0.6201426470588235,0.5595455882352941,0.5880705882352941,0.7067235294117646,0.6856308823529412,0.7014691176470588,0.7585014705882351,0.7727779411764705,0.8395544117647058,0.8402588235294117,0.8264352941176469,0.9144161764705881,0.8742676470588233,0.8854205882352941,0.860675,0.8249044117647059,0.8320367647058823,0.7978794117647058,0.7467323529411765,0.7560970588235294,0.7213779411764705,0.656555882352941,0.6754970588235293,0.716235294117647,0.7213794117647058,0.7490073529411765,0.7297985294117647,0.7188544117647058,0.7575426470588233,0.7616617647058822,0.8060617647058823,0.8573617647058822,0.903060294117647,0.831305882352941,0.7961852941176468,0.7547661764705882,0.8027294117647058,0.7402147058823528,0.7367544117647059,0.8011323529411765,0.8309764705882351,0.8402691176470587,0.8616794117647057,0.9066617647058823,0.8807264705882352,0.9257058823529412,0.9287720588235293,0.9281764705882353,0.9291808823529412,0.9143264705882352,0.9114397058823528,0.8713191176470587,0.7921867647058822,0.7617941176470587,0.7468647058823529,0.7525764705882352,0.7542294117647058,0.7784970588235294,0.8319117647058822,0.8350647058823529,0.8714235294117646,0.9122426470588234,0.9249573529411763,0.9244279411764704,0.9123485294117646,0.9125882352941176,0.9069852941176471,0.9062455882352941,0.8330617647058823,0.7830764705882353,0.7926735294117646,0.7885867647058823,0.7319808823529411,0.7248161764705882,0.742355882352941,0.793235294117647,0.7665617647058822,0.7458882352941175,0.7461558823529411,0.7819176470588235,0.750214705882353,0.7530323529411764,0.8172470588235294,0.7560485294117647,0.8725573529411764,0.8368735294117646,0.8250382352941176,0.90455,0.915295588235294,0.9038764705882352,0.8147294117647058,0.8368985294117647
0.9143852941176469,0.9087955882352939,0.8618397058823528,0.794964705882353,0.7843985294117646,0.6854470588235293,0.6241294117647058,0.6389617647058823,0.574510294117647,0.6067573529411764,0.6825382352941176,0.7274499999999998,0.6865867647058822,0.7525132352941175,0.833610294117647,0.8359426470588234,0.8876794117647058,0.8506426470588234,0.9164808823529411,0.9032573529411764,0.8844176470588234,0.8232176470588234,0.8658897058823528,0.8880882352941175,0.7995941176470588,0.7541308823529411,0.7242367647058824,0.7135926470588234,0.6749573529411764,0.6513,0.711535294117647,0.7230161764705881,0.7546911764705881,0.7445838235294117,0.739114705882353,0.7760617647058823,0.7763411764705883,0.8277382352941175,0.8794838235294116,0.9055867647058823,0.8886470588235292,0.7737205882352941,0.7447926470588234,0.7722632352941177,0.803225,0.7690073529411765,0.8006279411764705,0.8589338235294116,0.8582147058823529,0.8720205882352942,0.9103573529411764,0.9126720588235293,0.9230102941176469,0.9275852941176469,0.9278382352941176,0.9263426470588234,0.9157102941176469,0.9120941176470587,0.8579897058823528,0.8009235294117646,0.7660073529411764,0.7397029411764705,0.7954235294117646,0.7477999999999999,0.7984661764705882,0.8474617647058823,0.8725632352941175,0.8836779411764705,0.9114970588235294,0.9241264705882353,0.9246985294117647,0.914460294117647,0.9088441176470586,0.9086470588235293,0.8713382352941176,0.856270588235294,0.8302838235294117,0.7911382352941175,0.7969191176470588,0.749335294117647,0.7138470588235294,0.7581088235294116,0.7770632352941175,0.7812014705882352,0.7068882352941176,0.7132735294117647,0.7231691176470588,0.7456279411764706,0.7458397058823528,0.7524132352941176,0.7994235294117646,0.8547985294117647,0.8143102941176469,0.8516661764705882,0.9133073529411764,0.9114191176470586,0.8859617647058823,0.827530882352941,0.8604014705882352
0.9109367647058823,0.8863779411764704,0.7992323529411763,0.8050676470588235,0.7163044117647058,0.7107323529411764,0.6025191176470588,0.5933279411764705,0.5769823529411764,0.5932852941176471,0.6926970588235294,0.6442558823529412,0.7391397058823528,0.7590779411764705,0.8114161764705882,0.876880882352941,0.8895955882352942,0.8650529411764706,0.8965779411764705,0.864505882352941,0.8790544117647058,0.8662441176470588,0.9016926470588233,0.8329852941176471,0.8286470588235294,0.7454588235294116,0.7292147058823528,0.7231088235294116,0.6641235294117647,0.6523735294117646,0.7200779411764705,0.755370588235294,0.7191764705882352,0.7046249999999998,0.7614691176470588,0.7872676470588235,0.7954470588235292,0.856720588235294,0.8348941176470587,0.8671249999999999,0.8497235294117645,0.7969588235294117,0.7509161764705882,0.7797073529411764,0.7825691176470587,0.7787426470588235,0.7775102941176469,0.872845588235294,0.8575794117647059,0.8230617647058821,0.9079191176470587,0.9218205882352941,0.9249161764705881,0.9299205882352941,0.9259941176470587,0.9280073529411763,0.9237882352941176,0.9110382352941175,0.9018632352941176,0.8184102941176469,0.7540514705882351,0.7869205882352941,0.7346485294117645,0.7527088235294117,0.791320588235294,0.8152691176470587,0.8695632352941176,0.8466191176470588,0.8769323529411764,0.9238794117647058,0.9231397058823528,0.9110176470588234,0.912005882352941,0.9071882352941175,0.9009161764705881,0.8550911764705881,0.8235102941176469,0.7845294117647057,0.7383647058823528,0.7131926470588235,0.7280132352941177,0.7406823529411765,0.7815455882352941,0.7749132352941177,0.7414955882352942,0.7138867647058823,0.7344176470588235,0.7634808823529411,0.7403617647058823,0.7577117647058823,0.7821132352941176,0.8612249999999999,0.8440514705882352,0.8558882352941176,0.911155882352941,0.8989999999999999,0.8865397058823529,0.8075852941176471,0.8024044117647059
0.9016382352941176,0.9063426470588235,0.8540764705882352,0.8342970588235293,0.7836470588235294,0.732085294117647,0.6701558823529411,0.5931691176470587,0.5695102941176471,0.6601823529411763,0.7150955882352941,0.6783749999999998,0.7220897058823528,0.7602176470588234,0.7982132352941175,0.8604720588235293,0.8563338235294116,0.8789470588235293,0.9079882352941175,0.9046838235294116,0.8825529411764705,0.7927529411764705,0.8427720588235293,0.8291499999999999,0.7737735294117646,0.7501249999999999,0.7513661764705881,0.7184647058823529,0.6769647058823529,0.6812220588235294,0.7128058823529411,0.7391411764705882,0.7207764705882352,0.7274764705882352,0.7208838235294118,0.7299691176470586,0.7693249999999999,0.786495588235294,0.8739838235294116,0.9017764705882352,0.8510220588235293,0.7893470588235292,0.7585044117647058,0.8110426470588235,0.7933264705882351,0.7727617647058823,0.8217573529411765,0.8241985294117645,0.8978073529411764,0.8721647058823528,0.9118220588235294,0.9204426470588234,0.9195823529411763,0.9280691176470587,0.9257117647058823,0.9281764705882353,0.9236632352941176,0.9084720588235292,0.896195588235294,0.7763264705882352,0.7987823529411764,0.7573794117647059,0.7945411764705881,0.7387985294117647,0.7826426470588235,0.8149882352941176,0.902610294117647,0.8896176470588235,0.9128147058823529,0.925135294117647,0.924330882352941,0.9183485294117646,0.9117749999999999,0.9055926470588235,0.885075,0.8186220588235293,0.7829470588235293,0.8476735294117645,0.8086617647058822,0.7465411764705882,0.7398352941176469,0.7254794117647059,0.7767382352941176,0.8227720588235293,0.7206088235294117,0.7281705882352941,0.747585294117647,0.7289249999999999,0.7460544117647059,0.7733926470588234,0.8485867647058822,0.8170985294117645,0.8428602941176471,0.8238661764705881,0.8975147058823528,0.9127,0.8966397058823529,0.8308029411764706,0.8442044117647058
0.9103720588235293,0.874770588235294,0.853260294117647,0.839430882352941,0.7438014705882352,0.7330749999999999,0.6771764705882353,0.6516720588235294,0.5553897058823529,0.6198514705882353,0.684245588235294,0.7103941176470587,0.6986897058823528,0.7739352941176469,0.8162735294117647,0.8380470588235293,0.8728529411764704,0.887420588235294,0.9092367647058822,0.8683823529411764,0.8861029411764705,0.8805499999999998,0.8471485294117646,0.7947308823529411,0.7994323529411764,0.7526823529411764,0.7433014705882353,0.718810294117647,0.6655514705882353,0.7041014705882352,0.7046323529411764,0.7325279411764705,0.7267926470588235,0.7132661764705882,0.7335691176470588,0.7327999999999999,0.8037426470588235,0.8421338235294116,0.8953220588235293,0.8442485294117646,0.8404426470588235,0.7920220588235293,0.7549794117647058,0.7609294117647057,0.7645088235294117,0.7817588235294117,0.7903617647058823,0.8500367647058823,0.8863058823529412,0.8746441176470587,0.9076014705882351,0.9144014705882352,0.9218735294117646,0.9289147058823529,0.9283382352941175,0.926805882352941,0.9246382352941175,0.9152808823529411,0.838895588235294,0.8100279411764705,0.8044294117647057,0.7832720588235293,0.7858632352941175,0.8004499999999999,0.8023735294117645,0.8097794117647059,0.8365794117647058,0.8711147058823527,0.917520588235294,0.9219294117647058,0.9237014705882352,0.9171808823529412,0.9182838235294116,0.9033764705882352,0.9020411764705881,0.8902544117647058,0.8047308823529411,0.8084176470588234,0.7638926470588234,0.7298911764705882,0.744695588235294,0.7643205882352941,0.7876970588235293,0.7696647058823528,0.7632014705882353,0.7576308823529411,0.7981264705882353,0.759264705882353,0.7471544117647059,0.7721176470588235,0.8199647058823528,0.8302205882352941,0.8482411764705882,0.871355882352941,0.8759367647058822,0.9140382352941175,0.8665632352941176,0.8466852941176469,0.833325
0.9113249999999999,0.8726749999999999,0.8632014705882352,0.8179544117647057,0.7433852941176471,0.7192720588235293,0.6694764705882352,0.6016632352941176,0.58685,0.6319147058823529,0.6567808823529412,0.7137661764705882,0.6916632352941176,0.7730647058823529,0.7933367647058823,0.8220661764705881,0.8894985294117645,0.8862308823529411,0.9147147058823528,0.9017205882352941,0.8809352941176469,0.8671073529411764,0.8972779411764705,0.8263632352941176,0.790175,0.7926191176470588,0.7440029411764705,0.7224132352941175,0.6576426470588235,0.6299529411764706,0.6894044117647058,0.7418911764705881,0.7007279411764705,0.725970588235294,0.7480161764705883,0.759870588235294,0.7709161764705881,0.8475279411764705,0.8913764705882353,0.8762632352941175,0.8787352941176471,0.7693323529411764,0.759739705882353,0.7589044117647059,0.7768838235294117,0.7627397058823528,0.791095588235294,0.86245,0.8951941176470587,0.8612955882352941,0.8989352941176469,0.915320588235294,0.9252764705882351,0.9297485294117646,0.9290147058823528,0.9281764705882353,0.9247073529411763,0.9102441176470587,0.8787147058823529,0.7724367647058823,0.748270588235294,0.75025,0.7911970588235294,0.8238470588235293,0.7964676470588233,0.832795588235294,0.8864529411764704,0.8856367647058823,0.9096749999999999,0.9258926470588235,0.9262014705882352,0.9149367647058823,0.9176426470588234,0.9065397058823528,0.8932014705882352,0.8338764705882353,0.849810294117647,0.7892485294117646,0.7677529411764705,0.742689705882353,0.7180999999999998,0.7433220588235293,0.7875191176470588,0.7914529411764705,0.7359632352941176,0.7200838235294118,0.7616176470588235,0.8016455882352941,0.7605632352941175,0.7516617647058823,0.8034132352941176,0.8106338235294116,0.8272617647058822,0.8748529411764705,0.9153779411764705,0.87625,0.8324573529411764,0.826535294117647,0.8326161764705882
0.9049588235294117,0.8732794117647058,0.8816176470588233,0.8217720588235293,0.7419235294117646,0.7380147058823527,0.6257014705882353,0.609830882352941,0.5489955882352942,0.6168794117647057,0.6849926470588233,0.7107691176470589,0.68495,0.7253911764705882,0.8357294117647057,0.8701720588235294,0.8562323529411764,0.8800749999999999,0.9091779411764704,0.9024147058823527,0.8843264705882352,0.8451632352941174,0.8617397058823528,0.8117455882352941,0.8036338235294117,0.7261249999999999,0.727275,0.7225161764705881,0.6207029411764704,0.6614647058823528,0.690345588235294,0.7408205882352941,0.7295926470588235,0.7096323529411764,0.7575176470588235,0.722035294117647,0.7842882352941176,0.7953632352941175,0.8604073529411764,0.8984323529411763,0.8328558823529412,0.8170176470588234,0.7770044117647059,0.7820367647058822,0.755430882352941,0.746535294117647,0.7882235294117648,0.82505,0.8493823529411764,0.877130882352941,0.9057367647058823,0.9187470588235294,0.9239014705882351,0.9298867647058824,0.9276617647058822,0.9273264705882353,0.9195249999999999,0.9085485294117646,0.8222176470588234,0.7700176470588234,0.7683338235294116,0.796210294117647,0.7632235294117646,0.8147073529411765,0.7964617647058823,0.8043779411764705,0.8867044117647059,0.8831191176470587,0.9125779411764704,0.9263176470588235,0.9287,0.9159999999999998,0.9161441176470587,0.9070676470588235,0.8725073529411763,0.8503176470588233,0.8280808823529412,0.812210294117647,0.708570588235294,0.7566132352941175,0.7202279411764705,0.7445544117647058,0.7405999999999999,0.7923044117647058,0.7479426470588234,0.7482441176470588,0.7658044117647058,0.7429764705882351,0.7559029411764706,0.7785647058823529,0.7778264705882353,0.804945588235294,0.8309544117647057,0.8335705882352941,0.895755882352941,0.915841176470588,0.8687279411764706,0.8054338235294117,0.8693176470588234
0.9130735294117646,0.9020441176470588,0.8974617647058822,0.8604985294117646,0.6847117647058822,0.6855632352941176,0.639035294117647,0.5961220588235293,0.5571294117647058,0.626675,0.6865926470588234,0.6854132352941176,0.6861205882352941,0.7589367647058822,0.8117794117647057,0.8409338235294117,0.8423514705882352,0.8695426470588234,0.9149911764705881,0.901010294117647,0.8801926470588235,0.8398838235294116,0.8711867647058823,0.803095588235294,0.8060838235294117,0.7516882352941177,0.7425661764705882,0.7213294117647058,0.6822764705882354,0.6976852941176471,0.7201264705882352,0.749935294117647,0.7254382352941177,0.7117147058823529,0.7117073529411765,0.7598588235294117,0.8139779411764705,0.8187617647058822,0.879780882352941,0.8404117647058823,0.8302926470588233,0.8174294117647057,0.748170588235294,0.8109676470588235,0.7356161764705882,0.7678470588235294,0.8007529411764706,0.7945897058823528,0.8802735294117647,0.8423661764705881,0.909145588235294,0.9195235294117646,0.920535294117647,0.9285735294117646,0.9271558823529411,0.9232117647058822,0.9216911764705882,0.9148029411764705,0.8804176470588235,0.7689926470588235,0.8045897058823528,0.8174823529411764,0.7757338235294118,0.7920838235294116,0.7890588235294118,0.8057176470588234,0.8843382352941176,0.8839102941176471,0.9157749999999999,0.9208617647058823,0.9255411764705882,0.9065323529411763,0.9159367647058823,0.9046485294117645,0.852395588235294,0.8280191176470588,0.7886323529411764,0.8187617647058822,0.7808867647058821,0.7560338235294116,0.7182764705882353,0.7613,0.7792691176470588,0.7817808823529411,0.742445588235294,0.7260382352941177,0.7268220588235292,0.7357088235294117,0.7397588235294117,0.7892838235294116,0.8058529411764705,0.8163235294117647,0.8694117647058822,0.8572985294117645,0.9116558823529411,0.9150308823529412,0.8830955882352941,0.8113279411764706,0.8324588235294116
0.9125573529411763,0.9037411764705883,0.8239632352941175,0.8194676470588236,0.7533117647058822,0.7204058823529411,0.6277911764705881,0.6134897058823529,0.5708323529411764,0.6659308823529412,0.756275,0.6813161764705881,0.6884838235294116,0.7262838235294117,0.7782705882352939,0.8458514705882352,0.888945588235294,0.8881823529411764,0.9107749999999999,0.9069911764705882,0.8803073529411765,0.8146147058823527,0.8435941176470587,0.795889705882353,0.7786338235294117,0.7498514705882352,0.7413294117647059,0.7182279411764706,0.6596235294117647,0.6337073529411764,0.7207382352941175,0.7416044117647058,0.7093499999999999,0.7482264705882352,0.7851647058823529,0.7739749999999999,0.7406132352941176,0.8229323529411765,0.8603647058823529,0.9011794117647057,0.8607176470588234,0.8164808823529411,0.7595794117647058,0.758595588235294,0.7771338235294117,0.7718617647058823,0.7984323529411763,0.8288999999999999,0.8642808823529411,0.8433941176470587,0.9080161764705881,0.9152264705882351,0.924220588235294,0.9267117647058822,0.9296779411764705,0.9253647058823529,0.9254176470588235,0.9107014705882351,0.8770661764705882,0.8113897058823529,0.7717897058823528,0.7471470588235294,0.7512499999999999,0.7367647058823529,0.8406514705882352,0.843745588235294,0.8983338235294117,0.8794073529411763,0.9172970588235293,0.9283779411764704,0.9233823529411763,0.9111014705882351,0.9180264705882353,0.9037220588235294,0.8691544117647058,0.816991176470588,0.803945588235294,0.7799588235294117,0.7561323529411764,0.7795073529411765,0.7357852941176469,0.7826970588235294,0.7673455882352941,0.8022838235294116,0.707210294117647,0.6801794117647059,0.7380014705882353,0.7614294117647059,0.7242029411764704,0.770975,0.7621176470588233,0.8134985294117646,0.8386102941176471,0.8363485294117646,0.9130367647058824,0.8904279411764704,0.8902661764705881,0.849695588235294,0.8609470588235294
0.9045676470588234,0.9066691176470587,0.8564558823529411,0.7967764705882352,0.776345588235294,0.7296455882352939,0.6194529411764705,0.6373779411764706,0.5469647058823529,0.5902191176470588,0.6949779411764704,0.6732132352941176,0.7256426470588235,0.7928029411764704,0.7978676470588234,0.8636632352941176,0.8874911764705883,0.883635294117647,0.9104647058823528,0.885385294117647,0.8660823529411764,0.8520529411764706,0.8274735294117647,0.8061867647058824,0.8214985294117646,0.7705764705882352,0.7431058823529411,0.7279088235294118,0.6958808823529411,0.6791191176470588,0.7275999999999999,0.7368985294117646,0.7393029411764706,0.703145588235294,0.7489338235294117,0.7541191176470587,0.7957044117647059,0.7884117647058823,0.8925749999999999,0.8691220588235294,0.808635294117647,0.7950882352941175,0.7614661764705882,0.8021132352941177,0.7282794117647058,0.8121823529411765,0.8213661764705882,0.8228544117647058,0.8949220588235293,0.8747161764705881,0.9095794117647057,0.9143117647058823,0.9235867647058822,0.9297426470588235,0.9301705882352941,0.9262926470588235,0.9212191176470587,0.9090588235294116,0.8595014705882352,0.7717220588235293,0.7540808823529412,0.8074382352941175,0.7333794117647058,0.8002720588235294,0.8189617647058822,0.8280661764705882,0.8641279411764705,0.8501558823529412,0.9116294117647058,0.9251147058823528,0.9255382352941176,0.9137573529411763,0.9186794117647058,0.9059147058823528,0.8718514705882352,0.8409941176470587,0.813225,0.7856220588235293,0.7596044117647058,0.7349691176470587,0.7378808823529411,0.744875,0.7708382352941175,0.7613676470588234,0.740120588235294,0.7312147058823529,0.7420926470588234,0.8008558823529411,0.7520191176470588,0.7721176470588235,0.803985294117647,0.8528514705882353,0.8385499999999999,0.8568661764705882,0.8747838235294116,0.9107647058823528,0.8640397058823528,0.8099088235294116,0.8464367647058822
0.9079470588235293,0.9067602941176469,0.8599441176470587,0.795120588235294,0.74605,0.722625,0.637885294117647,0.5809499999999999,0.5488161764705882,0.5921279411764705,0.6786897058823529,0.7438691176470589,0.7259176470588234,0.7374014705882352,0.8325367647058822,0.8735470588235293,0.8594985294117646,0.8834470588235293,0.9118720588235293,0.9044573529411764,0.8840220588235294,0.8733529411764706,0.8424058823529411,0.8256367647058823,0.8031014705882352,0.7430338235294116,0.7394147058823528,0.7144529411764706,0.6530808823529411,0.6393558823529412,0.7075029411764705,0.7378617647058823,0.7102161764705882,0.6742720588235294,0.7382088235294118,0.7203191176470588,0.7814544117647058,0.8092999999999999,0.8627573529411763,0.8842573529411764,0.8195499999999999,0.790314705882353,0.7642602941176471,0.7903661764705882,0.7453955882352941,0.7695970588235292,0.7860867647058822,0.8128294117647058,0.8458397058823529,0.8460426470588235,0.9055264705882351,0.9190147058823528,0.9258441176470588,0.9285235294117645,0.9275279411764705,0.9292499999999999,0.9212191176470587,0.9118411764705882,0.8592573529411764,0.7955411764705881,0.776910294117647,0.7598294117647059,0.7855647058823528,0.8420455882352942,0.7851544117647058,0.8144338235294116,0.9002985294117647,0.8915794117647058,0.9157749999999999,0.9172735294117647,0.925516176470588,0.9146147058823528,0.9151220588235294,0.9022426470588234,0.868630882352941,0.8338867647058822,0.8469911764705881,0.8426999999999998,0.7814499999999999,0.7523147058823528,0.7388441176470587,0.7236132352941175,0.7769191176470588,0.7718867647058822,0.7309544117647058,0.6556823529411764,0.7395529411764704,0.8056941176470588,0.728735294117647,0.7770367647058823,0.7986617647058821,0.8153632352941176,0.7991264705882353,0.8750911764705882,0.8934602941176469,0.9101191176470588,0.8721632352941177,0.8219470588235294,0.8295132352941176
0.9106382352941175,0.9030632352941175,0.8834514705882351,0.796960294117647,0.7422147058823528,0.7182382352941176,0.6909632352941176,0.6205911764705881,0.5859823529411764,0.6413308823529412,0.6421367647058823,0.6947426470588234,0.6807897058823529,0.7682691176470589,0.8044058823529412,0.8403191176470587,0.8566544117647059,0.8765485294117646,0.9060985294117645,0.9023338235294117,0.8744661764705881,0.812205882352941,0.8650352941176469,0.8509882352941175,0.8395926470588234,0.7696161764705881,0.7212323529411764,0.7146970588235293,0.7116029411764705,0.6790514705882351,0.7144588235294117,0.7388808823529411,0.7660220588235293,0.6835147058823529,0.7833117647058824,0.7724676470588234,0.7445411764705882,0.8684279411764705,0.877410294117647,0.8628970588235292,0.8252147058823529,0.7863544117647059,0.7535632352941175,0.773570588235294,0.7475558823529411,0.8245470588235293,0.7960720588235293,0.8319779411764706,0.846105882352941,0.8212676470588235,0.9036749999999999,0.9173426470588235,0.9134573529411765,0.9292470588235293,0.9238132352941175,0.9132441176470588,0.9189029411764705,0.9075794117647058,0.8983808823529411,0.7979808823529412,0.757820588235294,0.7714294117647058,0.786010294117647,0.7954764705882352,0.7868264705882352,0.788025,0.902566176470588,0.8520529411764706,0.919445588235294,0.9211926470588235,0.924485294117647,0.9150367647058822,0.8570941176470588,0.8813499999999999,0.9004161764705882,0.7926249999999999,0.8491970588235294,0.8381941176470588,0.7475882352941176,0.7586985294117646,0.7084308823529412,0.714835294117647,0.7563235294117646,0.7772764705882351,0.7255426470588235,0.7587720588235292,0.743595588235294,0.7639470588235293,0.7380999999999999,0.7836323529411763,0.8229544117647059,0.8683764705882352,0.8048955882352941,0.8070632352941176,0.9094926470588234,0.9089764705882352,0.8635441176470586,0.8328720588235293,0.8026808823529411
0.9053823529411763,0.9074397058823529,0.8972808823529411,0.7906235294117645,0.7354470588235293,0.7183235294117646,0.6451897058823529,0.573239705882353,0.549910294117647,0.6309250000000001,0.7044999999999999,0.7003882352941176,0.6924426470588235,0.704595588235294,0.7965382352941177,0.8769382352941175,0.8905882352941175,0.8844941176470587,0.9086264705882352,0.909410294117647,0.8819676470588234,0.8656161764705882,0.8369514705882353,0.852395588235294,0.8217191176470587,0.7296044117647058,0.7440249999999998,0.7224029411764705,0.6948367647058823,0.706885294117647,0.7099499999999999,0.7423132352941175,0.7317985294117646,0.8063235294117647,0.7057867647058823,0.7509867647058822,0.7406691176470588,0.8117823529411764,0.8567779411764704,0.8646367647058824,0.8477397058823529,0.7983294117647057,0.7295867647058824,0.7919235294117647,0.7762367647058823,0.797175,0.7928735294117646,0.8279470588235294,0.8754264705882352,0.8616323529411763,0.8563529411764705,0.9184544117647058,0.9243617647058823,0.9262544117647057,0.9278382352941176,0.9261191176470588,0.9182794117647057,0.913695588235294,0.8942338235294117,0.791210294117647,0.7773897058823529,0.7371470588235294,0.7983514705882352,0.7590426470588234,0.817795588235294,0.8114926470588235,0.8834470588235295,0.889960294117647,0.9083338235294116,0.9268897058823528,0.9176470588235294,0.9173720588235293,0.9076926470588234,0.9062279411764705,0.8731823529411764,0.8528882352941176,0.7802720588235292,0.8397088235294117,0.6973617647058823,0.7638647058823529,0.7352661764705881,0.7181147058823528,0.7902661764705882,0.8130014705882352,0.7664867647058823,0.7349191176470589,0.7729632352941176,0.7786838235294117,0.7546867647058823,0.7271985294117647,0.7843176470588235,0.7869514705882351,0.8500249999999999,0.8357911764705881,0.9076985294117645,0.9141455882352939,0.9003235294117645,0.8307161764705883,0.824235294117647
0.912935294117647,0.9056029411764706,0.8599132352941176,0.8227926470588235,0.7316323529411763,0.7222838235294117,0.593525,0.5972044117647058,0.5766588235294117,0.6333323529411764,0.7534617647058823,0.7016882352941176,0.755170588235294,0.7444308823529411,0.7757970588235295,0.8759044117647058,0.8359,0.8790999999999999,0.8694176470588235,0.9050735294117647,0.8669735294117645,0.8921117647058822,0.8638073529411763,0.8206764705882352,0.8259397058823529,0.7986705882352941,0.7029147058823528,0.7029147058823528,0.6709308823529412,0.615075,0.7169470588235293,0.7612470588235293,0.7302455882352941,0.7085823529411764,0.6673044117647059,0.7511602941176471,0.807370588235294,0.8511147058823528,0.8952691176470587,0.9043191176470586,0.8376058823529411,0.7926632352941175,0.7525691176470587,0.7968220588235294,0.7210088235294118,0.8070470588235293,0.7891617647058823,0.843716176470588,0.8442749999999999,0.868541176470588,0.9083970588235294,0.912110294117647,0.9214088235294117,0.9287411764705882,0.9286764705882351,0.9264661764705882,0.9193073529411764,0.9044367647058823,0.8679926470588235,0.8229470588235294,0.7508941176470588,0.8009132352941175,0.7558117647058823,0.7996073529411765,0.8364264705882352,0.8364367647058824,0.8317764705882352,0.8841014705882352,0.8768794117647059,0.9241014705882351,0.9239647058823529,0.9094602941176468,0.9081044117647058,0.9039235294117646,0.8468,0.8369411764705882,0.826320588235294,0.7962073529411765,0.7520397058823529,0.7489985294117646,0.7315764705882352,0.7674794117647058,0.7890411764705881,0.7529897058823529,0.7369058823529412,0.7335205882352941,0.7345117647058822,0.7860382352941175,0.7431294117647058,0.7537691176470587,0.8053382352941176,0.807670588235294,0.8377294117647057,0.8925029411764706,0.9103544117647058,0.9129441176470586,0.8722999999999999,0.8087838235294116,0.828560294117647
0.9152676470588235,0.901566176470588,0.8645367647058823,0.8462279411764706,0.7356867647058823,0.7240264705882352,0.6621191176470588,0.5749794117647058,0.5654411764705882,0.6014426470588234,0.7418249999999998,0.6781132352941175,0.703595588235294,0.727920588235294,0.8143088235294117,0.8432426470588235,0.8863764705882352,0.8851794117647057,0.9127058823529411,0.9034882352941176,0.8799897058823528,0.8593161764705881,0.8564808823529412,0.8099235294117645,0.7982794117647058,0.7700926470588234,0.735610294117647,0.7234588235294117,0.6326882352941176,0.6458117647058823,0.7090500000000001,0.7267294117647058,0.6836823529411763,0.699685294117647,0.6912029411764704,0.753264705882353,0.8490411764705882,0.804705882352941,0.8772058823529411,0.8846397058823527,0.8412470588235293,0.7993147058823529,0.7577926470588234,0.7740147058823528,0.7644397058823529,0.7746838235294117,0.8241499999999998,0.8124632352941176,0.8586161764705882,0.8722661764705881,0.9135529411764705,0.9146367647058824,0.9227779411764704,0.9308426470588234,0.9281764705882353,0.9280073529411763,0.9150573529411764,0.8945073529411764,0.8446499999999999,0.836235294117647,0.7290514705882353,0.7269529411764705,0.7489897058823529,0.7233308823529411,0.816145588235294,0.875610294117647,0.9037132352941175,0.8830397058823528,0.9146117647058822,0.9268147058823528,0.920835294117647,0.9128794117647058,0.876760294117647,0.9050661764705883,0.8734867647058823,0.8091573529411764,0.813280882352941,0.8107044117647059,0.7658470588235294,0.7083602941176471,0.7334485294117646,0.7521823529411764,0.7613911764705882,0.8052558823529411,0.745020588235294,0.7179588235294118,0.756925,0.7123426470588236,0.7455441176470587,0.7567426470588233,0.7894147058823527,0.8457867647058823,0.8512749999999999,0.8368926470588235,0.9149808823529411,0.91145,0.9009029411764704,0.8219426470588234,0.8043573529411765
0.9081632352941176,0.8719676470588235,0.837835294117647,0.8267691176470588,0.7489338235294117,0.7354808823529411,0.6286367647058823,0.5883323529411764,0.5701367647058824,0.6430397058823529,0.6891441176470587,0.6892058823529411,0.7576941176470586,0.7938441176470586,0.7798470588235294,0.8572323529411764,0.8879838235294116,0.8857220588235293,0.9143088235294117,0.9016970588235292,0.8833970588235293,0.8696117647058824,0.8811029411764706,0.8269397058823528,0.827460294117647,0.7727220588235293,0.7450573529411764,0.7278985294117646,0.6851735294117647,0.6749661764705881,0.7099397058823529,0.7432382352941175,0.6995176470588234,0.7149029411764706,0.7343147058823528,0.782895588235294,0.7603602941176469,0.8320573529411763,0.8606088235294117,0.9031985294117646,0.8054852941176469,0.8215558823529411,0.7470014705882353,0.7690382352941175,0.7490058823529411,0.7851647058823528,0.8169308823529411,0.8120044117647058,0.8600411764705881,0.8719691176470586,0.9089426470588234,0.9157132352941176,0.8848220588235294,0.929060294117647,0.9271426470588234,0.9289205882352941,0.9193632352941177,0.9087132352941175,0.7876691176470587,0.8053294117647058,0.7585867647058824,0.7198544117647058,0.7718411764705881,0.7924499999999999,0.7872529411764705,0.8415720588235294,0.8584014705882352,0.888410294117647,0.9124411764705882,0.9261838235294116,0.9249014705882351,0.9148808823529411,0.8913661764705881,0.8516191176470588,0.8715676470588234,0.7918073529411764,0.8340176470588234,0.7846588235294116,0.7301735294117646,0.711910294117647,0.710870588235294,0.7611632352941176,0.7762294117647058,0.7767455882352939,0.7350102941176471,0.7646852941176469,0.7519911764705882,0.7425308823529412,0.7574588235294116,0.756955882352941,0.8096867647058822,0.783895588235294,0.8087838235294116,0.8704514705882351,0.9156602941176469,0.9071117647058823,0.8578161764705882,0.8562411764705882,0.8058117647058822
0.902610294117647,0.9096632352941176,0.8667705882352941,0.8553764705882352,0.7727926470588233,0.7260529411764706,0.6088691176470586,0.6066529411764705,0.561125,0.6086029411764705,0.6821926470588234,0.7390544117647058,0.727255882352941,0.7755264705882352,0.8102249999999999,0.8384779411764705,0.8898735294117647,0.8874073529411763,0.9163338235294116,0.9033235294117646,0.8841808823529411,0.8058529411764705,0.8673720588235293,0.8193279411764705,0.7788617647058823,0.7157382352941176,0.7442132352941175,0.697020588235294,0.673460294117647,0.5950926470588235,0.6902779411764705,0.7394264705882353,0.7102014705882352,0.6971573529411763,0.7651249999999998,0.720045588235294,0.7881073529411764,0.8186735294117646,0.8402499999999999,0.8863985294117646,0.8381529411764705,0.7623132352941175,0.7816397058823529,0.8261499999999999,0.7494294117647058,0.7907191176470587,0.8172970588235293,0.867610294117647,0.8871911764705881,0.7821132352941176,0.8997264705882353,0.9164352941176469,0.9259882352941177,0.9295911764705882,0.9278323529411764,0.9246529411764705,0.9207367647058824,0.8964058823529412,0.822935294117647,0.7894867647058823,0.7621,0.7564117647058823,0.7783985294117647,0.7578588235294117,0.8039147058823529,0.8058073529411764,0.9020882352941175,0.8885132352941176,0.9147985294117645,0.919385294117647,0.9263911764705881,0.9174279411764704,0.8799176470588235,0.9078647058823528,0.9052970588235293,0.8840279411764705,0.770075,0.7642323529411764,0.7633117647058821,0.7496867647058824,0.7190264705882351,0.7677867647058823,0.7869220588235293,0.7832911764705882,0.7233985294117646,0.7789073529411764,0.7451029411764705,0.749655882352941,0.7556985294117646,0.7843088235294116,0.8393705882352941,0.7834411764705881,0.8048661764705881,0.8906823529411764,0.9092411764705882,0.912310294117647,0.900945588235294,0.8037102941176469,0.8091470588235293
0.9019279411764706,0.9081852941176469,0.8973382352941176,0.8032617647058823,0.6969338235294118,0.7342823529411763,0.6746058823529412,0.5814338235294118,0.5516588235294118,0.6005235294117647,0.6753999999999999,0.7115573529411764,0.7289014705882352,0.7638117647058823,0.796945588235294,0.8738352941176469,0.8946588235294116,0.882830882352941,0.9082220588235294,0.9040367647058822,0.8825308823529412,0.8230602941176469,0.8425764705882354,0.8100867647058823,0.8190882352941177,0.779960294117647,0.7341411764705882,0.6845970588235294,0.674095588235294,0.677145588235294,0.7112294117647058,0.7319294117647058,0.7360117647058823,0.7505352941176471,0.7149264705882353,0.7489514705882352,0.8246382352941176,0.7979308823529411,0.8902470588235293,0.900635294117647,0.8565132352941175,0.7606720588235294,0.7286794117647057,0.7696294117647058,0.7651485294117646,0.8023544117647058,0.8274794117647059,0.8102132352941176,0.8495485294117646,0.8624558823529411,0.8721191176470587,0.9189088235294117,0.928055882352941,0.9256544117647058,0.9290088235294117,0.9208499999999998,0.9205029411764706,0.8760676470588235,0.8669720588235293,0.8005999999999999,0.7594161764705882,0.7831014705882351,0.7871176470588234,0.7686382352941175,0.8271794117647058,0.8125617647058824,0.8288970588235293,0.8813544117647057,0.9092,0.9198014705882351,0.9251220588235293,0.9160102941176469,0.9096794117647057,0.9076588235294117,0.9026985294117646,0.8556220588235293,0.8086397058823528,0.8211676470588235,0.7791558823529411,0.7529367647058823,0.7289470588235293,0.7577485294117646,0.7850441176470587,0.7823720588235293,0.7104897058823528,0.7405397058823528,0.718714705882353,0.7922970588235293,0.7370691176470587,0.7710764705882354,0.7778779411764705,0.8118500000000001,0.8083485294117646,0.8600691176470588,0.9085485294117646,0.9157367647058823,0.9000720588235294,0.8446691176470588,0.8003764705882352
0.9108455882352939,0.9017926470588233,0.8672088235294116,0.8148029411764705,0.7328235294117647,0.7004264705882353,0.6239735294117645,0.6057088235294118,0.5756014705882352,0.640030882352941,0.7052558823529411,0.7176632352941176,0.7702823529411764,0.7638852941176469,0.8600308823529411,0.8413808823529411,0.8583529411764705,0.8829661764705882,0.9173794117647057,0.9022794117647058,0.8841632352941174,0.8161999999999999,0.8521691176470588,0.8821147058823527,0.8356720588235294,0.7324999999999999,0.733645588235294,0.7000588235294117,0.6511735294117647,0.6067338235294117,0.6879764705882352,0.7262397058823529,0.7265014705882353,0.7223720588235293,0.745020588235294,0.740010294117647,0.7847529411764704,0.7837308823529411,0.8594367647058823,0.8882058823529411,0.8517691176470588,0.8163088235294117,0.7657441176470587,0.7687220588235294,0.7759705882352941,0.79035,0.7815808823529411,0.8136558823529412,0.8976544117647058,0.8752823529411764,0.9111014705882351,0.9182573529411763,0.9217941176470588,0.9280764705882351,0.9295132352941176,0.9247044117647059,0.9209191176470587,0.8760426470588234,0.8678985294117646,0.8606602941176469,0.7833235294117646,0.7813117647058823,0.7807823529411764,0.8009147058823529,0.8076882352941176,0.8767426470588234,0.895110294117647,0.8907573529411764,0.9051661764705881,0.9261647058823528,0.9228691176470587,0.9164544117647058,0.909335294117647,0.8735514705882352,0.8732544117647059,0.8156367647058822,0.7801779411764704,0.7782897058823529,0.7397308823529412,0.749160294117647,0.7355323529411764,0.7155823529411764,0.7699735294117647,0.7809705882352941,0.7206294117647059,0.7048897058823529,0.6940161764705882,0.7550455882352941,0.750335294117647,0.7808838235294117,0.7804441176470587,0.8289676470588233,0.8825764705882352,0.8031573529411764,0.9126647058823529,0.9097147058823528,0.841910294117647,0.8044367647058822,0.8437529411764705
0.9119647058823528,0.9080632352941176,0.8841720588235294,0.7861205882352941,0.7602588235294117,0.7028117647058822,0.6255382352941176,0.5979117647058824,0.5612823529411765,0.5952823529411764,0.7214058823529411,0.6676794117647058,0.6700838235294116,0.7643617647058822,0.7967338235294117,0.8715132352941175,0.8411382352941176,0.8821544117647058,0.9117838235294117,0.9010323529411763,0.8825338235294116,0.855070588235294,0.8033411764705881,0.8268191176470587,0.7953102941176471,0.7476970588235293,0.7475573529411763,0.7039661764705882,0.6725941176470588,0.6278823529411764,0.6847999999999999,0.7402720588235293,0.7358088235294117,0.6940191176470587,0.6845808823529411,0.7709205882352941,0.7722735294117646,0.8518029411764706,0.8401029411764704,0.8607632352941175,0.8685764705882352,0.8009647058823528,0.7599323529411764,0.765985294117647,0.7784867647058823,0.820695588235294,0.7883691176470589,0.8643691176470588,0.8430308823529411,0.8647529411764704,0.9101514705882353,0.9096088235294116,0.9244485294117646,0.9292661764705882,0.9260014705882353,0.9258088235294117,0.9203911764705881,0.8559499999999999,0.8380323529411764,0.791180882352941,0.776455882352941,0.8024749999999999,0.7784573529411764,0.7722941176470587,0.7836073529411764,0.89295,0.8672191176470588,0.8857926470588234,0.9086088235294116,0.9216602941176469,0.9268558823529409,0.9208088235294116,0.9152573529411764,0.9079499999999999,0.865655882352941,0.8343397058823528,0.8140970588235292,0.7846735294117646,0.7907044117647057,0.7205117647058823,0.7292588235294117,0.7548014705882352,0.7816411764705881,0.7959882352941176,0.7283294117647059,0.7201764705882352,0.7469823529411764,0.7327441176470586,0.746775,0.7658602941176471,0.7802014705882352,0.8421411764705882,0.8073705882352941,0.8688897058823529,0.9096514705882351,0.9112573529411764,0.8663264705882352,0.8032661764705883,0.8069176470588235
0.9199676470588234,0.8913264705882352,0.8783941176470587,0.8002367647058822,0.7471897058823529,0.7319529411764706,0.6714073529411764,0.6104573529411764,0.5490029411764705,0.6087749999999998,0.7104073529411764,0.7159573529411765,0.6982941176470587,0.7771779411764705,0.8110132352941175,0.8110029411764705,0.8874147058823529,0.881635294117647,0.906075,0.9039529411764704,0.8800176470588235,0.8358308823529411,0.8600838235294117,0.829035294117647,0.8228926470588235,0.7411161764705883,0.7175735294117647,0.7107882352941176,0.6747308823529411,0.6336749999999999,0.7221602941176469,0.7509897058823529,0.7166588235294116,0.7060397058823529,0.7836132352941175,0.7026485294117647,0.7880705882352941,0.8623382352941176,0.8780411764705881,0.8327044117647059,0.8235161764705881,0.7982279411764706,0.7554279411764706,0.7967411764705882,0.7639367647058823,0.7499294117647058,0.7932558823529411,0.8236779411764705,0.857645588235294,0.876780882352941,0.9070573529411763,0.9086029411764704,0.9209897058823527,0.9245632352941175,0.9291808823529412,0.9280073529411763,0.9206588235294118,0.9099632352941176,0.8657058823529411,0.8248779411764706,0.802989705882353,0.7582308823529411,0.785170588235294,0.7413338235294116,0.7722044117647058,0.8270102941176469,0.8667073529411764,0.8880691176470588,0.9120397058823527,0.9248955882352939,0.9227235294117646,0.9141838235294116,0.9105264705882352,0.9059867647058822,0.9030441176470588,0.858105882352941,0.8180367647058823,0.77755,0.7402279411764705,0.7631779411764705,0.733525,0.7398897058823528,0.7791073529411764,0.7999882352941176,0.7248647058823529,0.7683970588235293,0.7694441176470588,0.7584926470588235,0.7517529411764704,0.7756441176470588,0.7847617647058823,0.8374632352941176,0.835960294117647,0.8601147058823528,0.9135647058823527,0.9163602941176469,0.8651985294117647,0.7973235294117647,0.7993249999999998
0.9101676470588235,0.8687044117647058,0.8657970588235294,0.8182029411764704,0.7219058823529412,0.7004014705882353,0.6161794117647058,0.588625,0.552855882352941,0.6252029411764706,0.6745588235294117,0.6846647058823528,0.7341161764705881,0.7730426470588234,0.8049838235294118,0.8716985294117646,0.8557514705882352,0.884266176470588,0.9111397058823529,0.9032647058823529,0.8867632352941175,0.8057735294117646,0.8870411764705881,0.8555794117647058,0.7908367647058823,0.7134529411764706,0.7063426470588233,0.6898691176470587,0.6796117647058822,0.6333735294117646,0.7210529411764705,0.7369941176470588,0.7364985294117647,0.6888279411764705,0.6972691176470587,0.7713897058823529,0.8253426470588234,0.8241720588235293,0.8252367647058823,0.9038073529411763,0.8575794117647059,0.7887176470588234,0.7472323529411764,0.7603382352941176,0.7688455882352939,0.77715,0.7803367647058823,0.8278397058823529,0.8968779411764705,0.8756485294117646,0.8731117647058824,0.916195588235294,0.9234338235294116,0.9298867647058824,0.9296720588235294,0.9273132352941176,0.9173485294117646,0.908995588235294,0.8395132352941176,0.7997029411764704,0.7811499999999999,0.7921014705882352,0.7455485294117646,0.7787838235294118,0.7893529411764705,0.8347073529411764,0.8717338235294116,0.8897264705882352,0.9203529411764705,0.8861926470588235,0.9221323529411763,0.9137838235294117,0.9118720588235293,0.9061176470588235,0.9026735294117646,0.8267970588235294,0.7910249999999999,0.7768882352941175,0.7432529411764706,0.7630073529411763,0.7116764705882351,0.7334470588235292,0.780925,0.7744352941176469,0.7368735294117646,0.7412838235294117,0.7500441176470587,0.7356470588235293,0.7439264705882352,0.7809470588235293,0.8198485294117647,0.8119205882352941,0.835720588235294,0.8169,0.9129897058823528,0.9068632352941175,0.866875,0.8279367647058823,0.8103882352941176
0.9155999999999999,0.9064235294117645,0.8650088235294117,0.8225573529411763,0.7163588235294117,0.7247367647058822,0.6649749999999999,0.5934088235294118,0.5547132352941176,0.6046941176470587,0.7339749999999999,0.7232161764705882,0.7029161764705882,0.7322779411764705,0.8647705882352941,0.843195588235294,0.8906823529411764,0.8871426470588234,0.9127764705882352,0.9003191176470589,0.8658338235294116,0.797175,0.8617691176470588,0.8286220588235292,0.7954485294117647,0.7725191176470588,0.7367926470588234,0.7116617647058823,0.6857514705882352,0.696005882352941,0.7105852941176469,0.7309029411764706,0.7365558823529411,0.6586588235294117,0.7159735294117646,0.7628999999999999,0.7908014705882351,0.8148147058823528,0.8770176470588235,0.8992676470588233,0.8556617647058823,0.801670588235294,0.7410911764705881,0.7568191176470588,0.7756705882352941,0.7844764705882352,0.7562073529411765,0.8617882352941176,0.8838132352941175,0.8757147058823529,0.9060779411764704,0.877830882352941,0.9210632352941176,0.9297147058823529,0.9273264705882353,0.9254176470588235,0.9218220588235293,0.9125794117647058,0.8817499999999999,0.7925749999999998,0.779845588235294,0.7443676470588234,0.8051088235294118,0.7613117647058824,0.7835735294117646,0.8098191176470587,0.8923823529411764,0.8846088235294117,0.9151838235294117,0.922614705882353,0.9260161764705882,0.9186014705882352,0.8797985294117646,0.8741852941176469,0.8701970588235294,0.8812647058823527,0.8016529411764706,0.8179279411764705,0.775180882352941,0.7544676470588234,0.7433455882352941,0.7672735294117646,0.790810294117647,0.7755911764705882,0.7318029411764705,0.7066911764705882,0.7192352941176471,0.7714926470588235,0.725220588235294,0.7787514705882352,0.8187470588235293,0.7868147058823529,0.8381529411764705,0.8745485294117646,0.911420588235294,0.9140220588235294,0.9015132352941176,0.841710294117647,0.8033367647058823
0.913735294117647,0.9069794117647058,0.8359720588235293,0.8260897058823528,0.7701882352941176,0.7175970588235294,0.701835294117647,0.5985970588235293,0.5657073529411764,0.6178882352941176,0.7241955882352941,0.6591088235294117,0.6915749999999999,0.7111161764705881,0.8109117647058822,0.8399073529411765,0.8589735294117646,0.8805985294117646,0.9133970588235293,0.8721249999999999,0.878820588235294,0.7979426470588235,0.8604367647058823,0.8123044117647057,0.8314676470588236,0.7599897058823529,0.7309999999999999,0.6973558823529411,0.6940720588235293,0.6415749999999999,0.7122367647058823,0.7491617647058824,0.7309691176470587,0.7000647058823529,0.6637691176470587,0.7769632352941176,0.8196117647058823,0.8826132352941176,0.8558514705882351,0.8714191176470587,0.8549749999999999,0.7822044117647059,0.7603897058823529,0.7941911764705881,0.7724573529411765,0.763110294117647,0.7926029411764705,0.8296382352941175,0.8535588235294116,0.8788397058823529,0.9101735294117647,0.9150161764705882,0.9230911764705881,0.9276970588235293,0.9278382352941176,0.9286808823529411,0.9219838235294117,0.89455,0.8225897058823528,0.8429588235294116,0.759280882352941,0.7620323529411764,0.7700779411764705,0.8357073529411764,0.8000808823529411,0.8084235294117647,0.8995323529411765,0.8883514705882352,0.919645588235294,0.9192132352941176,0.9256044117647058,0.9140764705882353,0.9095176470588235,0.876070588235294,0.905025,0.8297941176470587,0.7867014705882353,0.7352455882352941,0.7459029411764704,0.741045588235294,0.7072161764705882,0.7709235294117647,0.7875191176470587,0.7741102941176469,0.7399073529411765,0.7709691176470588,0.7181838235294117,0.7554882352941176,0.7392426470588234,0.7521191176470586,0.7878720588235294,0.8508411764705881,0.8457161764705882,0.8402264705882352,0.9127632352941175,0.9118382352941176,0.8507176470588234,0.8117367647058822,0.8434088235294116
0.8713441176470587,0.9090058823529411,0.8275338235294116,0.7835441176470588,0.7335573529411763,0.7010882352941176,0.6137573529411764,0.5899382352941176,0.55945,0.6012220588235293,0.6870220588235294,0.6694235294117646,0.6748794117647058,0.7413455882352941,0.8630073529411764,0.8447455882352941,0.8600191176470587,0.8835632352941176,0.9103514705882353,0.9063705882352942,0.8495264705882353,0.8326279411764705,0.8345882352941176,0.8377999999999999,0.7747249999999998,0.7325544117647058,0.7155999999999999,0.7102941176470587,0.6760235294117647,0.6557617647058823,0.7139161764705882,0.7292838235294117,0.7259867647058822,0.6549191176470588,0.7220808823529411,0.7589985294117646,0.7664411764705882,0.8193426470588234,0.8904073529411763,0.9022691176470586,0.8353632352941175,0.7770485294117646,0.7716029411764705,0.802870588235294,0.7671073529411764,0.7644617647058822,0.7992661764705882,0.8250470588235292,0.8593617647058822,0.8450941176470587,0.9078985294117646,0.9177397058823528,0.9234838235294117,0.9257955882352941,0.9250647058823529,0.9269779411764705,0.9248867647058823,0.917220588235294,0.8678073529411764,0.7860941176470587,0.714714705882353,0.7489779411764705,0.7757676470588235,0.7457235294117647,0.8234426470588234,0.8421294117647059,0.8506661764705882,0.8815867647058823,0.9065102941176469,0.9231941176470588,0.9255485294117646,0.9140897058823528,0.9148823529411764,0.8692191176470587,0.8892838235294116,0.8200985294117646,0.836660294117647,0.7848529411764704,0.7571808823529411,0.7441955882352941,0.7448367647058823,0.7608529411764705,0.8071794117647059,0.7924985294117646,0.7392264705882352,0.7263220588235294,0.7824779411764705,0.7202764705882353,0.7268176470588235,0.7822411764705882,0.7981470588235294,0.8097352941176469,0.8227382352941176,0.8619147058823529,0.9066955882352941,0.9086029411764704,0.888560294117647,0.8112911764705882,0.8609911764705881
0.9067573529411764,0.9001970588235293,0.8146926470588236,0.8128867647058823,0.7109720588235293,0.7328029411764705,0.6097132352941176,0.5481279411764705,0.5580470588235293,0.6009720588235294,0.6892044117647058,0.7439470588235293,0.7718867647058822,0.7531367647058823,0.8027176470588234,0.8202529411764704,0.8580176470588234,0.8787720588235293,0.873885294117647,0.9038647058823528,0.8846764705882353,0.8553176470588234,0.8484249999999999,0.7790602941176471,0.7800823529411764,0.772095588235294,0.7487264705882353,0.7222073529411763,0.6517147058823529,0.6282220588235293,0.7233970588235293,0.7300558823529412,0.7397985294117647,0.6533749999999999,0.7311573529411763,0.7604470588235293,0.7829382352941177,0.7992705882352941,0.8796426470588233,0.8667764705882353,0.8210867647058823,0.7789205882352941,0.733845588235294,0.7763382352941175,0.752870588235294,0.7868249999999999,0.7859911764705881,0.8126617647058823,0.867320588235294,0.8798132352941176,0.9128661764705881,0.9154499999999999,0.9220691176470588,0.9298588235294117,0.9285132352941177,0.9281764705882353,0.9184911764705881,0.9130926470588234,0.835310294117647,0.7921147058823529,0.7691176470588235,0.8175764705882352,0.7895264705882351,0.7396088235294116,0.7835632352941175,0.8103779411764704,0.8858147058823528,0.8874220588235293,0.9136838235294117,0.9223455882352941,0.9238264705882351,0.9163529411764704,0.9137691176470587,0.8741441176470587,0.8701808823529411,0.859035294117647,0.7818926470588234,0.7859588235294116,0.7259014705882353,0.7916044117647058,0.7351294117647058,0.708385294117647,0.7926235294117645,0.7987999999999998,0.7400985294117646,0.7229132352941177,0.7460088235294118,0.7435411764705881,0.7417044117647058,0.7652044117647058,0.7724279411764705,0.8543647058823529,0.8474691176470588,0.837345588235294,0.904945588235294,0.9162661764705882,0.8395867647058822,0.8063441176470587,0.8042897058823528
0.8916897058823529,0.8921161764705882,0.900520588235294,0.7862088235294118,0.7282367647058822,0.6925838235294116,0.6574794117647058,0.6065941176470587,0.560145588235294,0.6493544117647059,0.7556279411764706,0.6946941176470587,0.72755,0.7333647058823528,0.8020382352941177,0.8033941176470587,0.895860294117647,0.8807014705882353,0.9148794117647059,0.8974264705882351,0.880670588235294,0.8490544117647058,0.8496161764705882,0.8269617647058823,0.8351279411764705,0.7422397058823529,0.7391014705882353,0.7205235294117646,0.6546882352941175,0.6229044117647058,0.7218911764705881,0.7351588235294118,0.7322764705882352,0.7157073529411764,0.7224191176470587,0.7877808823529411,0.7865,0.8704220588235293,0.8932926470588234,0.9046485294117645,0.8334514705882352,0.7899117647058822,0.7628779411764706,0.7841970588235293,0.7740941176470587,0.7766852941176469,0.7699867647058822,0.8657691176470587,0.8670852941176469,0.8732985294117647,0.8509411764705882,0.9022647058823529,0.9199999999999999,0.9294264705882352,0.9298294117647057,0.9285132352941177,0.9138558823529411,0.875925,0.8708411764705882,0.7728661764705882,0.7738823529411764,0.7835191176470587,0.7363073529411764,0.7695588235294117,0.7792220588235294,0.809120588235294,0.8869999999999999,0.8871882352941176,0.9195867647058823,0.9192029411764705,0.9272029411764705,0.9169117647058823,0.9171323529411763,0.9070794117647056,0.8718720588235293,0.8445485294117645,0.8169426470588234,0.8011529411764704,0.7433529411764705,0.7305647058823528,0.7708382352941175,0.7553294117647058,0.8129205882352941,0.7412470588235294,0.7469588235294117,0.7486014705882352,0.7031294117647059,0.7649294117647059,0.7449485294117646,0.7780073529411764,0.786295588235294,0.8394720588235294,0.8316161764705882,0.8586514705882352,0.906785294117647,0.9150397058823528,0.8630470588235293,0.8250897058823529,0.8256808823529411
0.9063073529411765,0.8729823529411764,0.8890691176470586,0.8222617647058823,0.7120191176470587,0.712235294117647,0.6374426470588234,0.6252161764705882,0.561310294117647,0.637145588235294,0.715760294117647,0.7233779411764705,0.7328117647058822,0.7589617647058823,0.8135985294117646,0.8506794117647059,0.8550176470588234,0.847805882352941,0.8955514705882353,0.885080882352941,0.8498058823529411,0.854475,0.878370588235294,0.8652382352941176,0.8022647058823529,0.7245676470588235,0.7352602941176469,0.7161455882352941,0.7074705882352941,0.6817779411764705,0.712980882352941,0.7325617647058823,0.7424441176470586,0.7170191176470588,0.7885985294117647,0.8075249999999999,0.8093132352941176,0.8539691176470587,0.8925897058823529,0.8706073529411764,0.8759088235294117,0.8186058823529411,0.7327426470588234,0.8292455882352942,0.7284867647058823,0.7951308823529412,0.8073852941176469,0.8264220588235294,0.8469426470588234,0.8792544117647058,0.9075823529411764,0.9139338235294118,0.9231867647058822,0.9277441176470587,0.9298367647058823,0.9269632352941175,0.9152411764705881,0.8770529411764705,0.8763279411764705,0.7489397058823528,0.7563264705882352,0.7704573529411765,0.7774676470588235,0.7844676470588233,0.8538573529411764,0.8067249999999999,0.9022088235294117,0.8882147058823529,0.9167029411764704,0.9242661764705881,0.9239897058823529,0.9086779411764705,0.8966823529411765,0.8905014705882353,0.9042426470588235,0.8587838235294116,0.8459102941176471,0.7596999999999999,0.7285073529411764,0.7265602941176469,0.7418970588235294,0.7464308823529411,0.7835779411764705,0.8008617647058822,0.734175,0.7560044117647057,0.7251867647058822,0.7554176470588234,0.7244117647058823,0.7488705882352941,0.7767088235294117,0.8110558823529411,0.8258338235294116,0.8928720588235292,0.908010294117647,0.911925,0.9031588235294116,0.8239294117647058,0.8214926470588234
0.913245588235294,0.8964720588235293,0.8617470588235294,0.8252676470588234,0.751020588235294,0.7149338235294116,0.5960617647058822,0.5657661764705882,0.5538955882352941,0.5980132352941175,0.6613838235294117,0.6868088235294117,0.706335294117647,0.7628617647058822,0.8116617647058824,0.8258764705882351,0.83895,0.873570588235294,0.9047749999999999,0.8751661764705881,0.8860411764705881,0.8225661764705882,0.8790014705882351,0.8240514705882352,0.8076558823529412,0.7703470588235294,0.7389279411764706,0.712145588235294,0.6766147058823528,0.6615676470588233,0.7129279411764706,0.7325073529411763,0.7276279411764706,0.7237735294117646,0.7265838235294118,0.7562161764705881,0.7941911764705881,0.8201264705882352,0.8966367647058823,0.8738382352941175,0.8471735294117647,0.7913970588235293,0.7339573529411764,0.7995220588235293,0.7989985294117646,0.7785735294117646,0.7764352941176469,0.8137911764705882,0.8910941176470588,0.8761426470588234,0.9120235294117647,0.9110838235294118,0.9249926470588234,0.9286647058823528,0.929570588235294,0.9283441176470587,0.9182411764705881,0.9091720588235294,0.8567941176470587,0.790485294117647,0.7522691176470587,0.730275,0.7581808823529411,0.7582867647058822,0.817855882352941,0.8474279411764705,0.8605882352941177,0.8885264705882353,0.8799705882352941,0.9259941176470587,0.9172132352941176,0.9139999999999998,0.9111779411764706,0.9062117647058824,0.886970588235294,0.8332970588235294,0.8057117647058822,0.7818279411764706,0.7804720588235292,0.7401470588235293,0.7275029411764705,0.7890382352941177,0.7885808823529411,0.7654088235294116,0.759405882352941,0.6996823529411764,0.7478632352941176,0.7509176470588234,0.7497573529411764,0.7558823529411763,0.7837367647058822,0.8239588235294115,0.8393058823529411,0.8702014705882352,0.9159279411764706,0.9069926470588234,0.9030779411764704,0.8312558823529411,0.8061485294117645
0.9112735294117645,0.8745249999999999,0.8383161764705881,0.8022867647058823,0.7721985294117646,0.7289308823529411,0.6506249999999999,0.5987544117647058,0.5871882352941176,0.6209632352941176,0.7018955882352941,0.711395588235294,0.7009147058823529,0.8060029411764704,0.7670367647058822,0.8190926470588233,0.8913308823529411,0.8866926470588234,0.8753147058823528,0.869995588235294,0.8614544117647057,0.7996499999999999,0.8025264705882352,0.8540867647058822,0.8038617647058823,0.754985294117647,0.7453323529411765,0.7212279411764705,0.6425073529411763,0.676735294117647,0.7385985294117646,0.7355117647058823,0.7115999999999999,0.6909249999999999,0.7305720588235293,0.7477794117647057,0.7920058823529411,0.8398911764705881,0.8615470588235293,0.8883485294117647,0.8273220588235294,0.7917970588235294,0.7279470588235293,0.770160294117647,0.7358970588235294,0.7953632352941175,0.8282720588235293,0.8044441176470588,0.9024161764705881,0.8616014705882353,0.907185294117647,0.9167279411764706,0.9214499999999999,0.9263720588235292,0.9269161764705881,0.9283441176470587,0.9239455882352942,0.9054323529411764,0.8233617647058823,0.8570044117647058,0.760045588235294,0.7894176470588236,0.7616897058823527,0.7761338235294118,0.7848999999999999,0.8317161764705883,0.859870588235294,0.8706426470588234,0.9084691176470587,0.9278794117647059,0.9271029411764704,0.9134382352941176,0.9099397058823528,0.872820588235294,0.8503867647058821,0.825760294117647,0.8025558823529412,0.7904397058823529,0.7647794117647058,0.7383705882352941,0.7186411764705881,0.7554294117647058,0.7271235294117646,0.7868676470588234,0.703389705882353,0.7247529411764704,0.7127529411764706,0.7620749999999998,0.7424367647058823,0.7721029411764704,0.7818470588235293,0.8000294117647058,0.8123544117647059,0.8582102941176469,0.913420588235294,0.894185294117647,0.8863132352941175,0.8632161764705882,0.8032970588235293
0.9109014705882351,0.8707411764705881,0.8533073529411764,0.7912735294117648,0.706885294117647,0.7285573529411765,0.61195,0.6310308823529411,0.5689926470588235,0.5967117647058822,0.6879808823529412,0.7340470588235293,0.7261176470588234,0.7846029411764706,0.8119088235294116,0.8743588235294116,0.8401205882352941,0.8721470588235294,0.9075279411764704,0.9043602941176468,0.8463647058823528,0.8548426470588234,0.8114470588235293,0.8153485294117646,0.8014279411764704,0.6718411764705882,0.7467014705882352,0.7141867647058823,0.6797279411764704,0.6448161764705882,0.709375,0.7434014705882352,0.7212514705882352,0.751345588235294,0.7066647058823529,0.7804235294117645,0.7654573529411763,0.8804867647058823,0.8559161764705883,0.8892882352941175,0.8737014705882351,0.7989029411764704,0.7630132352941176,0.7633058823529411,0.7645823529411764,0.8463147058823528,0.7696161764705881,0.8618823529411764,0.870235294117647,0.877625,0.9048838235294117,0.9148617647058822,0.9218220588235293,0.9281191176470587,0.9268117647058822,0.9274235294117646,0.9228985294117646,0.9133249999999999,0.865820588235294,0.7977014705882352,0.7268382352941175,0.7860264705882352,0.7629544117647058,0.7696647058823528,0.7993235294117645,0.8044352941176469,0.8620088235294118,0.8528294117647058,0.8804823529411764,0.925445588235294,0.9272676470588234,0.9192014705882352,0.9047499999999999,0.8723455882352941,0.9043911764705882,0.8432514705882351,0.8063647058823528,0.7974176470588235,0.7967529411764706,0.7547882352941175,0.711255882352941,0.7640544117647058,0.8049205882352941,0.8087470588235294,0.7382426470588234,0.7543691176470588,0.7262220588235293,0.7429970588235293,0.7444897058823529,0.7788676470588235,0.8109014705882351,0.787130882352941,0.8382617647058822,0.8583029411764705,0.9057220588235293,0.9090529411764704,0.8880779411764705,0.8315279411764704,0.8431367647058824
0.9098794117647058,0.8987647058823527,0.8678529411764705,0.8181117647058822,0.7254676470588235,0.7204088235294117,0.6697573529411764,0.5460808823529412,0.5773764705882353,0.6744588235294117,0.7031499999999999,0.713270588235294,0.7338588235294117,0.7924117647058823,0.8648617647058823,0.8370544117647057,0.8893676470588234,0.884720588235294,0.9109441176470587,0.8670661764705881,0.8810264705882352,0.7924117647058823,0.8330823529411765,0.8167176470588234,0.8267999999999999,0.7718823529411765,0.7163882352941175,0.7077411764705882,0.6603470588235295,0.6658911764705882,0.7203573529411764,0.7187073529411764,0.7389779411764705,0.7381426470588235,0.7132970588235293,0.737580882352941,0.7540588235294116,0.829630882352941,0.8381911764705882,0.888805882352941,0.8707088235294117,0.8113529411764706,0.7858647058823529,0.7598264705882352,0.7484661764705882,0.8048573529411763,0.8227088235294117,0.8453779411764705,0.869335294117647,0.8760470588235293,0.9067823529411763,0.9207897058823528,0.9228102941176469,0.9285999999999999,0.9268117647058822,0.9269838235294117,0.9243470588235293,0.908635294117647,0.8406029411764705,0.7638735294117647,0.7716867647058823,0.7790764705882353,0.7779088235294117,0.7479544117647059,0.8154514705882352,0.843985294117647,0.8701014705882352,0.8856514705882352,0.9199852941176471,0.924220588235294,0.9265573529411764,0.915989705882353,0.9101147058823528,0.9066588235294116,0.9029838235294118,0.859080882352941,0.7633558823529412,0.8025970588235293,0.7189161764705881,0.7565191176470587,0.7565117647058823,0.7706720588235293,0.7533676470588234,0.7942676470588236,0.7415411764705881,0.7077985294117647,0.7405558823529411,0.7244426470588233,0.7482838235294117,0.7282529411764704,0.7751558823529412,0.8293249999999999,0.8190941176470588,0.8508529411764705,0.8793014705882353,0.913810294117647,0.899316176470588,0.8137191176470587,0.8438294117647057
0.9131382352941174,0.9075264705882351,0.8593044117647058,0.7950514705882352,0.733510294117647,0.6980632352941176,0.6751249999999999,0.5600499999999999,0.598745588235294,0.5805220588235294,0.7262191176470588,0.7106529411764705,0.7401544117647058,0.7534985294117645,0.786470588235294,0.8359249999999999,0.8603720588235293,0.8862588235294117,0.9096823529411765,0.9040794117647059,0.8844176470588234,0.8090823529411764,0.8111205882352941,0.8550073529411764,0.777455882352941,0.7309544117647058,0.7477926470588234,0.70215,0.6440411764705882,0.6521808823529411,0.7135176470588235,0.725210294117647,0.7568602941176469,0.7125029411764705,0.7474205882352941,0.7501867647058822,0.8503235294117646,0.8292029411764705,0.888775,0.8616279411764705,0.8332823529411764,0.7993499999999999,0.7528485294117646,0.8102426470588235,0.7712249999999998,0.7748426470588234,0.7902161764705882,0.818,0.8361323529411764,0.8772720588235293,0.906170588235294,0.9178102941176469,0.9244838235294117,0.9267249999999999,0.9257661764705881,0.8842029411764705,0.9210088235294116,0.9064749999999999,0.8889499999999999,0.7877073529411764,0.7547735294117647,0.7554470588235294,0.7526235294117647,0.7631132352941176,0.7944397058823529,0.8073897058823528,0.8634088235294117,0.8314161764705881,0.9157838235294117,0.9254294117647057,0.9256838235294117,0.9091191176470588,0.9043279411764704,0.9012294117647057,0.9029661764705881,0.8404132352941176,0.8016073529411764,0.7578911764705882,0.7592779411764705,0.7381661764705881,0.7407823529411764,0.7518338235294117,0.7704544117647059,0.8226823529411764,0.7346441176470588,0.7153602941176469,0.7162823529411765,0.7616661764705882,0.7343617647058823,0.7768264705882353,0.7824691176470588,0.8790499999999998,0.8072882352941175,0.8382294117647059,0.8765955882352942,0.9169999999999999,0.8632014705882352,0.8351323529411765,0.8072367647058822
0.9153632352941176,0.9011397058823528,0.8465352941176469,0.7898764705882352,0.7488191176470588,0.7065161764705882,0.6306632352941176,0.563770588235294,0.5563161764705882,0.6565823529411764,0.7009529411764704,0.6918367647058823,0.703239705882353,0.7915044117647058,0.8045867647058823,0.8586882352941175,0.8892235294117647,0.8895602941176469,0.8754426470588235,0.8677985294117647,0.861685294117647,0.8775249999999998,0.8352661764705881,0.8312294117647058,0.7999499999999999,0.7621617647058824,0.7399117647058823,0.6897985294117647,0.6730058823529411,0.6775294117647059,0.715710294117647,0.7348426470588234,0.7044191176470588,0.7241191176470587,0.7571617647058823,0.7714661764705881,0.8043014705882353,0.7853044117647058,0.8780985294117646,0.9031705882352941,0.8557558823529411,0.7966249999999999,0.7525411764705882,0.7587676470588235,0.7338323529411763,0.8002088235294117,0.8183735294117647,0.8156441176470586,0.8690470588235294,0.8790558823529411,0.8738676470588234,0.9168617647058822,0.9249147058823528,0.9294191176470588,0.9295132352941176,0.9237455882352941,0.922145588235294,0.8776544117647058,0.8543102941176469,0.8589558823529412,0.7909882352941174,0.7374470588235293,0.7703970588235293,0.7509779411764705,0.8108397058823528,0.8351882352941176,0.8794161764705881,0.8862235294117646,0.914770588235294,0.9273764705882352,0.9283279411764706,0.9183397058823528,0.907845588235294,0.9091029411764705,0.887560294117647,0.8666588235294118,0.7609294117647057,0.8176926470588234,0.7870705882352941,0.7655308823529411,0.752455882352941,0.7476617647058823,0.7747529411764705,0.8028867647058824,0.738885294117647,0.7229838235294117,0.7711426470588234,0.7655823529411763,0.7431588235294118,0.7549676470588235,0.8456529411764704,0.8538191176470588,0.8420470588235294,0.8341147058823528,0.9113705882352939,0.9091911764705881,0.8988220588235294,0.8455308823529412,0.8021970588235294
0.9111838235294116,0.9079426470588234,0.8324058823529411,0.7939588235294117,0.7046426470588235,0.7470191176470586,0.663875,0.6425514705882353,0.5677897058823529,0.6190249999999999,0.6704749999999998,0.7459838235294116,0.7537573529411765,0.7852735294117646,0.775335294117647,0.8093573529411763,0.8341808823529412,0.8839941176470588,0.9082470588235294,0.9030970588235292,0.88135,0.7774470588235294,0.8933397058823528,0.845595588235294,0.8013544117647058,0.7245705882352941,0.7397176470588235,0.7171014705882353,0.6575808823529412,0.6577867647058823,0.7264029411764705,0.7392499999999999,0.7225235294117647,0.7493426470588235,0.7625735294117645,0.782295588235294,0.845489705882353,0.8069382352941176,0.8934911764705881,0.8867249999999999,0.8504911764705881,0.7852073529411764,0.7524926470588235,0.7838911764705883,0.7071647058823528,0.7567426470588233,0.7961161764705881,0.8414529411764706,0.8696691176470588,0.8753661764705881,0.908910294117647,0.9125367647058823,0.9246044117647058,0.9294132352941176,0.9258308823529411,0.925930882352941,0.9184044117647059,0.9105882352941176,0.8711220588235293,0.8018588235294117,0.8008014705882351,0.7300367647058823,0.7405367647058824,0.7876191176470587,0.8446161764705881,0.8660749999999999,0.8978911764705881,0.8851676470588234,0.9069191176470587,0.9234808823529411,0.9210955882352941,0.9169661764705881,0.9162441176470587,0.904385294117647,0.9072088235294117,0.8390441176470587,0.7841897058823528,0.7746676470588234,0.7647999999999999,0.7305191176470588,0.7523985294117647,0.7918720588235294,0.7720161764705882,0.8157176470588234,0.7307279411764704,0.7894823529411764,0.7217529411764705,0.7714323529411763,0.760135294117647,0.7712441176470588,0.8152720588235295,0.887110294117647,0.8342191176470588,0.8367867647058823,0.9131720588235293,0.9142676470588234,0.8896441176470589,0.8003117647058823,0.7905220588235294
0.9165029411764705,0.9053691176470587,0.8617132352941176,0.8474970588235294,0.7307838235294116,0.7320176470588234,0.6371294117647058,0.6288897058823528,0.5612073529411764,0.5940544117647059,0.6694661764705881,0.7415264705882352,0.7148441176470587,0.7970779411764706,0.7951161764705883,0.8740794117647058,0.8918985294117645,0.8840602941176469,0.9145014705882352,0.9014073529411764,0.865910294117647,0.8402617647058822,0.8221264705882353,0.8081455882352941,0.8300044117647057,0.7486161764705881,0.7459367647058823,0.7219264705882353,0.6835441176470587,0.6764514705882353,0.7246573529411764,0.7402897058823529,0.6854558823529412,0.6993705882352941,0.6920926470588235,0.7632367647058823,0.7851691176470588,0.8452661764705881,0.8952588235294117,0.9046382352941176,0.7934117647058823,0.7963897058823528,0.7575632352941175,0.7694573529411763,0.7654485294117647,0.8145191176470588,0.8015926470588234,0.7922205882352941,0.864970588235294,0.8771720588235292,0.9029264705882352,0.9101691176470587,0.9211617647058822,0.926770588235294,0.9273617647058823,0.9276676470588234,0.9234514705882352,0.8776823529411764,0.8649,0.7933191176470588,0.733510294117647,0.7874323529411764,0.7867279411764705,0.7728205882352941,0.7883882352941176,0.8280985294117647,0.9004470588235293,0.8856735294117646,0.8787970588235294,0.9213220588235294,0.922885294117647,0.9196602941176469,0.9101044117647058,0.9051676470588234,0.8734470588235294,0.8646544117647058,0.7923058823529411,0.7592485294117646,0.7583338235294117,0.751216176470588,0.7258367647058823,0.7609014705882352,0.7637176470588234,0.7868338235294117,0.7539176470588235,0.730205882352941,0.7787397058823529,0.7905926470588235,0.7472735294117646,0.7581029411764705,0.8170617647058823,0.8326058823529412,0.8054897058823529,0.8774382352941176,0.9091441176470587,0.9090235294117646,0.8987867647058824,0.7934264705882353,0.8039882352941174
0.9099882352941175,0.8843441176470587,0.8555191176470587,0.8254970588235292,0.7450617647058823,0.7317367647058823,0.6600073529411764,0.6148794117647058,0.5714705882352941,0.6017794117647058,0.7106073529411763,0.7166455882352941,0.7307117647058823,0.7923411764705881,0.7797235294117647,0.8408955882352941,0.8762823529411763,0.8656338235294117,0.9125338235294117,0.9004691176470587,0.8845102941176469,0.8779470588235293,0.8232852941176471,0.8723308823529412,0.8006264705882352,0.7461794117647058,0.7418323529411763,0.7234514705882353,0.6682529411764705,0.6753294117647058,0.7083161764705882,0.7436926470588234,0.682975,0.7075294117647059,0.743120588235294,0.7789676470588234,0.839914705882353,0.8659676470588235,0.8905102941176469,0.8999352941176469,0.8532426470588234,0.7852794117647058,0.745360294117647,0.7584235294117646,0.7276205882352941,0.7736735294117646,0.799985294117647,0.8428544117647059,0.8733338235294117,0.8783338235294117,0.9042279411764704,0.9206720588235292,0.9173426470588235,0.927435294117647,0.9285073529411765,0.9248735294117646,0.9198823529411764,0.9106544117647057,0.8573676470588234,0.7918470588235293,0.7478088235294118,0.7368499999999999,0.7610323529411764,0.7776470588235294,0.8046044117647059,0.828025,0.8785499999999999,0.8638132352941175,0.9090544117647058,0.9254661764705882,0.927210294117647,0.9163426470588235,0.9136749999999998,0.9084676470588235,0.8976779411764705,0.8593029411764704,0.8268823529411764,0.837339705882353,0.7192264705882352,0.7442735294117645,0.7661779411764705,0.8069970588235292,0.7940764705882353,0.7851264705882353,0.7458397058823528,0.7114470588235293,0.7599852941176469,0.751980882352941,0.753310294117647,0.7786294117647058,0.7845029411764703,0.8551338235294117,0.8031661764705881,0.8526220588235294,0.9159985294117646,0.8729882352941176,0.8942926470588235,0.8090117647058822,0.8458691176470589
0.9141352941176469,0.9024529411764706,0.8563926470588235,0.8093558823529411,0.7290647058823528,0.7612544117647058,0.6738088235294117,0.6320338235294117,0.5574911764705882,0.6139514705882353,0.7008235294117646,0.6951279411764705,0.7127338235294117,0.756420588235294,0.8055147058823529,0.8533352941176471,0.8689764705882352,0.8775205882352941,0.8759411764705882,0.9035338235294117,0.8827338235294117,0.8383117647058823,0.856435294117647,0.8773985294117647,0.8195764705882351,0.7477220588235293,0.7346985294117647,0.6929838235294116,0.678320588235294,0.6614191176470587,0.7178720588235293,0.7492279411764705,0.7057499999999998,0.6923294117647059,0.7176720588235292,0.7279941176470587,0.793795588235294,0.7782558823529411,0.8764602941176469,0.9022926470588235,0.8912735294117646,0.7956720588235293,0.7442749999999999,0.7452470588235294,0.7569191176470588,0.7661779411764705,0.8277602941176471,0.8253044117647058,0.8671058823529412,0.8770779411764705,0.9056867647058823,0.9189367647058823,0.9221441176470587,0.9254999999999999,0.9291808823529412,0.9248426470588235,0.919560294117647,0.8529749999999999,0.8329808823529411,0.7915117647058822,0.7768867647058824,0.7864338235294116,0.8181279411764705,0.7831573529411764,0.7986308823529411,0.8133794117647057,0.8644794117647059,0.8464088235294117,0.9149308823529411,0.9241970588235293,0.9264720588235293,0.9070205882352941,0.908216176470588,0.9059558823529412,0.8700588235294116,0.8131647058823528,0.8053676470588234,0.7927897058823528,0.7426720588235293,0.7155838235294119,0.7428632352941176,0.7671176470588235,0.7864382352941176,0.7888867647058824,0.7359102941176469,0.7136602941176471,0.7157720588235293,0.7407132352941176,0.7426220588235294,0.7591955882352941,0.752610294117647,0.8203117647058823,0.838325,0.8368323529411764,0.9068897058823528,0.9086147058823528,0.9026485294117645,0.8205014705882352,0.8077661764705882
0.9131044117647059,0.9062661764705882,0.8621044117647059,0.824935294117647,0.7406955882352941,0.7164088235294117,0.6732808823529411,0.5953117647058823,0.5692764705882353,0.5964102941176469,0.7158470588235294,0.7433088235294116,0.7402632352941175,0.7701264705882352,0.7996676470588234,0.8406117647058823,0.8623441176470587,0.8836029411764704,0.9060661764705883,0.9110794117647057,0.8798029411764705,0.8188235294117646,0.9020220588235291,0.8283632352941176,0.7838147058823528,0.7502779411764705,0.741645588235294,0.7205073529411764,0.6775441176470588,0.6794132352941176,0.6876823529411764,0.7305573529411764,0.7349779411764704,0.7167676470588235,0.7390117647058824,0.7408661764705882,0.8282411764705881,0.7920897058823528,0.8585647058823528,0.8724735294117646,0.817270588235294,0.816845588235294,0.7571514705882352,0.7589058823529411,0.7471985294117646,0.7848897058823529,0.793245588235294,0.8615764705882352,0.8887338235294118,0.8639676470588235,0.905691176470588,0.9156147058823527,0.9232044117647057,0.9297558823529412,0.9309779411764706,0.9274970588235292,0.9192514705882352,0.878455882352941,0.8621735294117646,0.8174220588235293,0.7701588235294117,0.7679323529411763,0.7849573529411763,0.8197617647058822,0.8084529411764704,0.8075294117647058,0.8698897058823529,0.8854102941176469,0.9173264705882352,0.9219823529411764,0.9264749999999998,0.9115764705882352,0.909266176470588,0.902295588235294,0.9033220588235293,0.7918499999999998,0.8212029411764705,0.7719838235294116,0.7613514705882352,0.7690338235294117,0.704235294117647,0.7654367647058822,0.7918014705882351,0.8171205882352941,0.740235294117647,0.6832573529411765,0.6996676470588234,0.7567176470588235,0.7433455882352941,0.7797382352941176,0.784560294117647,0.8431602941176469,0.8343764705882352,0.8782955882352941,0.9121676470588235,0.8948499999999999,0.8246411764705881,0.8451941176470588,0.8136073529411764
0.911310294117647,0.8741897058823529,0.8616602941176469,0.7980838235294117,0.7581911764705881,0.7300970588235294,0.608864705882353,0.5947147058823529,0.5619132352941175,0.624470588235294,0.748589705882353,0.6562279411764705,0.7464573529411764,0.7696029411764704,0.7947529411764706,0.8579661764705881,0.8709411764705881,0.8739735294117645,0.907945588235294,0.883585294117647,0.8844602941176468,0.7935749999999999,0.8821132352941174,0.8103147058823529,0.7924529411764705,0.6973529411764705,0.7400720588235293,0.7096779411764707,0.6214470588235294,0.6727,0.7220823529411763,0.7441147058823527,0.7606220588235293,0.7491999999999999,0.7561852941176471,0.7260161764705881,0.786245588235294,0.8816014705882351,0.8954102941176469,0.9045897058823529,0.8716176470588234,0.8413985294117646,0.7525897058823529,0.8031661764705881,0.7766264705882352,0.7896058823529412,0.8009499999999999,0.8044602941176471,0.8306426470588234,0.8778838235294116,0.9095441176470587,0.923085294117647,0.9186323529411765,0.9256485294117646,0.9286749999999999,0.9278249999999999,0.9236264705882352,0.9093926470588234,0.855155882352941,0.7856161764705882,0.7526514705882352,0.8140720588235294,0.7821058823529411,0.802410294117647,0.7604014705882352,0.8444161764705881,0.8841220588235293,0.8546691176470588,0.9183970588235293,0.9280147058823528,0.9205470588235293,0.909466176470588,0.9133794117647058,0.9048691176470587,0.8899176470588235,0.8076,0.7882970588235293,0.7931470588235293,0.804820588235294,0.7153529411764705,0.711985294117647,0.758445588235294,0.7904161764705881,0.8183294117647057,0.7374882352941176,0.7140676470588235,0.8015073529411765,0.7421823529411763,0.7362941176470588,0.7467058823529411,0.7882264705882353,0.8616911764705881,0.8061691176470588,0.8550132352941175,0.9126176470588234,0.9113323529411764,0.8968485294117647,0.8124029411764705,0.8061514705882352
0.906860294117647,0.9040985294117646,0.8417661764705882,0.8023235294117647,0.7221294117647058,0.7100323529411764,0.6189779411764705,0.640889705882353,0.5575558823529412,0.5856176470588235,0.7179588235294118,0.6391249999999999,0.6966970588235294,0.7470338235294117,0.7771,0.824005882352941,0.8889529411764705,0.8847897058823528,0.914845588235294,0.9041823529411763,0.8776088235294117,0.8672514705882353,0.8456073529411764,0.7885117647058822,0.7994073529411763,0.7547691176470587,0.7352911764705882,0.7143014705882353,0.680510294117647,0.6668029411764704,0.6897691176470587,0.7390411764705882,0.7212529411764704,0.706360294117647,0.7412544117647059,0.7240602941176469,0.8152529411764705,0.8441867647058823,0.8921382352941175,0.8760279411764705,0.8838852941176469,0.7971264705882353,0.7513999999999998,0.752320588235294,0.7906338235294117,0.7857485294117647,0.7982470588235293,0.8084147058823529,0.8582470588235294,0.8758676470588234,0.908985294117647,0.914845588235294,0.9215485294117646,0.925385294117647,0.9296779411764705,0.9262926470588235,0.910605882352941,0.9080499999999999,0.8687999999999999,0.8204147058823529,0.7700294117647059,0.7659558823529412,0.7842779411764705,0.757110294117647,0.8101794117647058,0.8262823529411764,0.8400588235294117,0.8871794117647057,0.9071735294117645,0.9220426470588234,0.9263338235294117,0.916225,0.9174470588235294,0.9063779411764705,0.9057985294117646,0.8535529411764704,0.7919558823529411,0.7775088235294118,0.7370249999999999,0.7583838235294116,0.731205882352941,0.747116176470588,0.7213985294117645,0.799770588235294,0.7070749999999999,0.7267058823529411,0.7226838235294117,0.7512088235294118,0.7505691176470587,0.7471308823529411,0.7757573529411764,0.8293514705882352,0.8587102941176469,0.8559044117647058,0.9125147058823528,0.912270588235294,0.8620235294117646,0.7877544117647058,0.7965794117647058
0.9122970588235293,0.8936117647058823,0.8386485294117647,0.8337749999999999,0.7648970588235293,0.6950808823529411,0.6055705882352941,0.5496308823529411,0.5527367647058823,0.6244088235294116,0.7052029411764705,0.7156338235294117,0.7463955882352941,0.72165,0.7899661764705881,0.8756602941176469,0.8868955882352939,0.8825485294117645,0.9127941176470589,0.9060882352941176,0.881475,0.8117147058823528,0.8825367647058823,0.8346235294117647,0.8192647058823528,0.758485294117647,0.7404573529411763,0.7090397058823529,0.6775970588235294,0.6867397058823528,0.7059029411764705,0.7722926470588235,0.7266014705882351,0.6864029411764706,0.7612794117647058,0.7644485294117646,0.7599029411764704,0.8244338235294116,0.8964632352941175,0.8691617647058821,0.8413955882352939,0.7690191176470588,0.7502838235294116,0.7926720588235294,0.7308735294117646,0.8004058823529411,0.8155735294117645,0.8619558823529411,0.8965382352941176,0.8444970588235293,0.9075514705882353,0.9167411764705883,0.9203838235294116,0.9263514705882351,0.9285073529411765,0.9277588235294116,0.9209588235294117,0.9049073529411763,0.864370588235294,0.8250338235294116,0.7344926470588234,0.764720588235294,0.7831941176470588,0.7941485294117645,0.8154632352941175,0.8509838235294117,0.9028941176470587,0.8870382352941175,0.9050897058823528,0.9258235294117646,0.9195661764705881,0.9109794117647058,0.9125191176470588,0.907395588235294,0.9036044117647059,0.8933485294117646,0.8411220588235294,0.799870588235294,0.763855882352941,0.7534411764705882,0.7252411764705882,0.7438632352941176,0.7716911764705883,0.806535294117647,0.7316191176470587,0.713495588235294,0.7827220588235294,0.7171823529411764,0.7470117647058823,0.7387264705882353,0.7761191176470588,0.8153073529411765,0.865966176470588,0.885785294117647,0.9108294117647058,0.9072205882352941,0.8696470588235294,0.7859338235294118,0.8054647058823527
