Time 0,Time 10,Time 20,Time 30,Time 40,Time 50,Time 60,Time 70,Time 80,Time 90,Time 100,Time 110,Time 120,Time 130,Time 140,Time 150,Time 160,Time 170,Time 180,Time 190,Time 200,Time 210,Time 220,Time 230,Time 240,Time 250,Time 260,Time 270,Time 280,Time 290,Time 300,Time 310,Time 320,Time 330,Time 340,Time 350,Time 360,Time 370,Time 380,Time 390,Time 400,Time 410,Time 420,Time 430,Time 440,Time 450,Time 460,Time 470,Time 480,Time 490,Time 500,Time 510,Time 520,Time 530,Time 540,Time 550,Time 560,Time 570,Time 580,Time 590,Time 600,Time 610,Time 620,Time 630,Time 640,Time 650,Time 660,Time 670,Time 680,Time 690,Time 700,Time 710,Time 720,Time 730,Time 740,Time 750,Time 760,Time 770,Time 780,Time 790,Time 800,Time 810,Time 820,Time 830,Time 840,Time 850,Time 860,Time 870,Time 880,Time 890,Time 900,Time 910,Time 920,Time 930,Time 940,Time 950,Time 960,Time 970,Time 980
0.8433794117647059,0.843785294117647,0.8399161764705881,0.8305691176470588,0.7758044117647058,0.7358029411764706,0.5593117647058823,0.534035294117647,0.4400852941176471,0.4915058823529412,0.507225,0.6258294117647057,0.5938338235294117,0.6450485294117646,0.7987499999999998,0.8136794117647058,0.8411132352941175,0.8441852941176471,0.8439058823529411,0.842955882352941,0.8345558823529411,0.8154779411764705,0.8447382352941176,0.796035294117647,0.7876573529411763,0.7532382352941176,0.6464264705882352,0.6337735294117647,0.538510294117647,0.4815632352941176,0.579820588235294,0.6637602941176469,0.7489485294117647,0.6530558823529411,0.7222323529411764,0.7931397058823528,0.7717294117647058,0.8330073529411764,0.8428426470588234,0.8408955882352941,0.801366176470588,0.7789911764705882,0.748395588235294,0.7252926470588235,0.7076764705882354,0.8041602941176469,0.8218044117647058,0.8318720588235292,0.8400279411764705,0.8422485294117646,0.844285294117647,0.8434779411764705,0.8422838235294117,0.8415823529411764,0.8415735294117646,0.8415088235294117,0.8424147058823528,0.839425,0.8383808823529411,0.8088941176470587,0.7390455882352941,0.7700735294117645,0.8160897058823529,0.774360294117647,0.8270338235294117,0.8356088235294118,0.845320588235294,0.8439661764705881,0.8434367647058822,0.8422676470588235,0.8409941176470587,0.8430029411764706,0.8442117647058822,0.8410955882352941,0.8363544117647058,0.8360132352941174,0.8236882352941175,0.8160117647058823,0.7196794117647057,0.7218117647058823,0.7245970588235294,0.7448058823529411,0.7796867647058823,0.7830499999999999,0.6708602941176469,0.737130882352941,0.7358779411764704,0.7526661764705881,0.6882691176470588,0.7647323529411764,0.8030441176470587,0.8317764705882351,0.8183441176470588,0.8368529411764705,0.843585294117647,0.8439573529411765,0.8302999999999998,0.8187176470588234,0.8124558823529411
0.8448882352941175,0.841145588235294,0.8406470588235293,0.8295073529411765,0.7244823529411764,0.67025,0.5576985294117647,0.46300441176470586,0.38899999999999996,0.45904999999999996,0.5411999999999999,0.5526632352941175,0.5955044117647058,0.7077073529411764,0.8104529411764705,0.8334441176470587,0.8366514705882352,0.8410999999999998,0.8439749999999998,0.8461441176470588,0.8405117647058823,0.8370661764705881,0.8361308823529411,0.8264985294117645,0.7820647058823529,0.7958529411764704,0.716335294117647,0.6116794117647057,0.5989132352941176,0.46527205882352934,0.5605632352941176,0.6990132352941175,0.623575,0.642910294117647,0.7660779411764704,0.7826794117647058,0.7985779411764704,0.8335808823529411,0.8421764705882353,0.8403279411764706,0.8234588235294117,0.7937823529411764,0.7564029411764704,0.7902794117647057,0.7780838235294116,0.7996029411764706,0.8174544117647059,0.8458544117647058,0.8433529411764705,0.8439588235294118,0.8401617647058823,0.8427485294117645,0.842460294117647,0.841960294117647,0.8413426470588236,0.8418676470588234,0.8427294117647057,0.8443088235294118,0.8388911764705882,0.7937764705882351,0.7422749999999999,0.7320838235294117,0.7966485294117648,0.808395588235294,0.8322455882352939,0.8374441176470587,0.8452514705882351,0.8433808823529411,0.843110294117647,0.8415382352941175,0.842935294117647,0.8436926470588234,0.8439779411764705,0.8418161764705882,0.843870588235294,0.8363779411764705,0.7853647058823527,0.8049308823529411,0.7291691176470586,0.6844676470588235,0.7230485294117646,0.6859941176470586,0.7861147058823529,0.800495588235294,0.6932529411764704,0.7843764705882352,0.7031308823529412,0.750389705882353,0.6465735294117646,0.7915161764705883,0.8157838235294118,0.831445588235294,0.8367632352941176,0.8425985294117647,0.8415705882352941,0.8408705882352939,0.8403558823529411,0.8306102941176469,0.8363867647058822
0.8431220588235294,0.8441544117647057,0.843275,0.8242779411764705,0.709035294117647,0.7429352941176469,0.536970588235294,0.4769999999999999,0.45891911764705884,0.4727691176470588,0.6010779411764705,0.5858132352941176,0.6245823529411764,0.7361691176470588,0.778145588235294,0.8157823529411764,0.8438999999999999,0.8403470588235292,0.8436661764705882,0.8416823529411764,0.841625,0.8313926470588235,0.8343588235294116,0.8140294117647058,0.8239411764705882,0.7432411764705882,0.7236926470588235,0.616730882352941,0.5710161764705881,0.5242132352941177,0.585275,0.707335294117647,0.6674794117647057,0.6850882352941176,0.7302235294117646,0.7375102941176469,0.7200132352941175,0.8321397058823529,0.8427617647058823,0.8418397058823529,0.8350691176470587,0.8160970588235293,0.7735955882352941,0.762975,0.7161205882352941,0.8044749999999999,0.8127558823529412,0.8273323529411764,0.8427999999999999,0.8450647058823528,0.8428514705882353,0.8442779411764705,0.8422647058823528,0.8417411764705881,0.8421617647058823,0.8420147058823528,0.8432588235294116,0.8419676470588235,0.8332632352941176,0.7895808823529411,0.8062794117647057,0.7841352941176469,0.7459735294117645,0.7997999999999998,0.8074720588235292,0.8349058823529412,0.8410808823529411,0.8431235294117647,0.8433808823529411,0.8417735294117645,0.8421264705882351,0.8432823529411765,0.8450264705882352,0.8425999999999999,0.8422191176470588,0.8381529411764704,0.8341485294117645,0.787989705882353,0.7184926470588234,0.6736397058823529,0.6925617647058823,0.699735294117647,0.8123397058823529,0.8087544117647057,0.7258544117647058,0.7113735294117646,0.7545117647058822,0.780995588235294,0.6831691176470588,0.711255882352941,0.8173352941176469,0.8036455882352941,0.8331397058823529,0.8399764705882353,0.8439985294117646,0.8429470588235293,0.842820588235294,0.8316955882352941,0.8345838235294116
0.8431838235294118,0.8419838235294118,0.8386102941176471,0.8186852941176469,0.7403352941176471,0.5975661764705882,0.5666573529411765,0.4331397058823529,0.4146588235294117,0.4828338235294117,0.5707691176470587,0.5861882352941177,0.6256264705882353,0.6742338235294116,0.7936999999999999,0.8409029411764705,0.8441117647058822,0.8424205882352941,0.8418029411764705,0.8442970588235293,0.8438691176470587,0.8285823529411764,0.839160294117647,0.806985294117647,0.7946691176470588,0.7641588235294117,0.6943367647058823,0.6409499999999999,0.600964705882353,0.5621220588235293,0.5540529411764705,0.7094764705882353,0.7112808823529411,0.746895588235294,0.7178294117647058,0.7973205882352941,0.7804573529411764,0.8177397058823528,0.8433955882352939,0.846570588235294,0.8372999999999999,0.8218676470588233,0.7741397058823529,0.8041073529411764,0.7818044117647058,0.7488470588235293,0.8295985294117647,0.839914705882353,0.8361808823529411,0.8455764705882352,0.843760294117647,0.843435294117647,0.8424794117647058,0.8415735294117646,0.8416279411764704,0.8420441176470587,0.8427294117647058,0.8435147058823529,0.8445235294117647,0.7651558823529412,0.7452970588235295,0.8021823529411763,0.8005970588235294,0.7390044117647059,0.8316632352941176,0.8343529411764705,0.8379132352941177,0.8437058823529411,0.8427617647058823,0.8429205882352939,0.8416411764705881,0.8435367647058823,0.8446191176470588,0.844970588235294,0.8377808823529411,0.8400808823529411,0.8407205882352942,0.813395588235294,0.6860147058823528,0.7704264705882352,0.7146529411764706,0.7400529411764705,0.8031073529411764,0.8026485294117646,0.7553573529411763,0.6940117647058822,0.7770897058823528,0.7554647058823528,0.6669147058823528,0.7161852941176471,0.8204161764705882,0.8364588235294117,0.8297235294117646,0.830545588235294,0.8414617647058823,0.8403397058823528,0.8359970588235294,0.8256161764705883,0.8063279411764704
0.843035294117647,0.8451249999999999,0.8424161764705881,0.8334338235294118,0.7578720588235294,0.6701514705882352,0.5667632352941175,0.43292352941176465,0.444125,0.4793867647058823,0.5302794117647058,0.6615014705882353,0.6511323529411763,0.7558132352941177,0.7886838235294116,0.8380661764705882,0.8406205882352941,0.8437794117647058,0.8449647058823528,0.8442882352941177,0.8437220588235294,0.830445588235294,0.8413705882352941,0.8087367647058823,0.8065764705882351,0.7371544117647058,0.678995588235294,0.6219911764705882,0.5583338235294116,0.6471823529411763,0.6553279411764705,0.6826985294117647,0.6747000000000001,0.7419941176470588,0.6966970588235294,0.7974249999999999,0.7652470588235294,0.8271823529411764,0.8378279411764704,0.8418294117647057,0.8157617647058822,0.7803720588235294,0.7866705882352941,0.7312,0.7581529411764706,0.7888897058823529,0.8053117647058823,0.8307661764705881,0.839470588235294,0.8434426470588234,0.8439897058823528,0.8398911764705881,0.8426367647058822,0.841435294117647,0.8418382352941175,0.8423279411764705,0.8424147058823528,0.8433308823529412,0.8351897058823529,0.7545014705882352,0.7431279411764704,0.7475602941176471,0.8047220588235293,0.8057779411764705,0.8055294117647059,0.8115338235294117,0.8447573529411764,0.8451764705882351,0.8438838235294117,0.8421661764705881,0.841960294117647,0.8443558823529411,0.8445941176470587,0.8456735294117645,0.8447044117647058,0.8355985294117646,0.8231455882352942,0.8181985294117646,0.7580308823529411,0.6648426470588235,0.6716426470588235,0.7540029411764704,0.7759985294117646,0.7502720588235293,0.7754573529411763,0.7969249999999999,0.69465,0.7108323529411764,0.7546338235294118,0.7928323529411764,0.816905882352941,0.8257588235294117,0.8361499999999998,0.8411529411764704,0.8422764705882352,0.8441632352941175,0.8361514705882351,0.8083397058823529,0.8211294117647057
0.842670588235294,0.8443147058823529,0.8375529411764705,0.8220705882352941,0.7403235294117647,0.7341867647058823,0.5593882352941176,0.4307661764705882,0.3790485294117647,0.46011029411764703,0.5750794117647059,0.5767838235294117,0.6343411764705881,0.6786176470588233,0.7753941176470587,0.8343382352941177,0.8457808823529411,0.8454779411764705,0.843860294117647,0.843195588235294,0.8426014705882352,0.8288676470588235,0.833325,0.8356367647058823,0.8246617647058821,0.7838514705882352,0.7310176470588234,0.6421632352941175,0.5053970588235294,0.6104470588235293,0.6349323529411764,0.7286897058823529,0.6555397058823529,0.7187367647058823,0.709895588235294,0.7695514705882351,0.7619735294117647,0.8361470588235294,0.8413264705882353,0.8435749999999999,0.8210970588235292,0.7844382352941176,0.7979029411764704,0.7744411764705881,0.7896588235294117,0.8114411764705881,0.8180911764705882,0.8388735294117646,0.8423367647058824,0.8442014705882352,0.8439720588235293,0.8427485294117645,0.8424058823529411,0.8418573529411763,0.8414999999999999,0.8418970588235293,0.8425367647058823,0.8407941176470587,0.8384617647058822,0.7915073529411764,0.7388544117647058,0.7717661764705881,0.7346323529411763,0.8288749999999999,0.831595588235294,0.8354838235294116,0.8378897058823528,0.8408441176470588,0.8436264705882353,0.842239705882353,0.8421941176470588,0.8429691176470587,0.8439073529411764,0.8458955882352941,0.8344823529411763,0.8365073529411764,0.8211617647058822,0.810280882352941,0.7483117647058822,0.7432632352941176,0.6680926470588234,0.708205882352941,0.8001426470588234,0.8149044117647057,0.7246352941176469,0.7535220588235293,0.7509970588235294,0.7600558823529411,0.7663794117647058,0.7788147058823528,0.7997249999999999,0.8288029411764705,0.8048676470588235,0.8367985294117646,0.8412470588235293,0.8433573529411764,0.839675,0.8402294117647057,0.8256205882352939
0.8444647058823528,0.8448367647058822,0.8363176470588235,0.8211088235294116,0.779345588235294,0.7108426470588234,0.4864161764705881,0.49079852941176466,0.4362088235294117,0.4554088235294117,0.4871720588235294,0.6258970588235293,0.6594352941176469,0.6976088235294117,0.8138970588235293,0.8106014705882352,0.8381073529411764,0.8434205882352941,0.8445338235294116,0.8387411764705882,0.8421485294117647,0.8103014705882352,0.830285294117647,0.8344499999999999,0.8002323529411765,0.7846749999999998,0.6011220588235294,0.5740749999999999,0.5436,0.5333455882352941,0.5912897058823529,0.6805132352941176,0.6633352941176469,0.724095588235294,0.7762779411764704,0.7564867647058822,0.8159602941176469,0.8324191176470588,0.8442088235294116,0.8444764705882353,0.8402382352941176,0.8197323529411764,0.7764529411764706,0.7882470588235293,0.8056117647058822,0.7828117647058822,0.8204279411764706,0.8365426470588234,0.8387161764705882,0.8414794117647058,0.8439441176470588,0.8439073529411762,0.8426352941176469,0.8420970588235294,0.8417044117647058,0.8420235294117645,0.842439705882353,0.8448455882352941,0.8451897058823528,0.7735014705882352,0.7687397058823529,0.7606073529411764,0.7818088235294117,0.8063779411764704,0.7911897058823528,0.8371794117647058,0.8419323529411763,0.8452514705882351,0.8436588235294117,0.8425970588235293,0.8415779411764706,0.8395735294117646,0.8432852941176469,0.8445323529411763,0.8351794117647058,0.8402485294117645,0.8261779411764705,0.8159220588235294,0.7178632352941176,0.7643485294117647,0.7557338235294117,0.7157367647058823,0.7951161764705882,0.8008676470588234,0.7204823529411764,0.7704485294117646,0.6935235294117646,0.7025529411764705,0.6377176470588235,0.7487102941176469,0.812325,0.8334720588235293,0.8261147058823529,0.8393691176470588,0.8442941176470588,0.8443014705882352,0.8419249999999999,0.8085014705882351,0.8256117647058823
0.8439279411764705,0.8436499999999999,0.8448,0.8262617647058822,0.7251676470588234,0.6644058823529412,0.5585235294117646,0.47236764705882345,0.43183823529411763,0.39966617647058816,0.62475,0.6396426470588235,0.610620588235294,0.7079029411764706,0.8059558823529411,0.8285794117647057,0.8422499999999998,0.8418661764705881,0.8399720588235293,0.8440455882352941,0.8431117647058822,0.8279294117647058,0.8283970588235294,0.8303558823529411,0.7867264705882352,0.7785382352941176,0.6805367647058823,0.6746985294117646,0.44933382352941165,0.5682647058823529,0.6012808823529411,0.6970132352941175,0.6819632352941175,0.7110882352941176,0.7197117647058824,0.7590691176470588,0.7826294117647058,0.8339044117647059,0.8397264705882352,0.8412044117647058,0.8114911764705882,0.8205044117647059,0.7567676470588235,0.7896764705882352,0.749860294117647,0.8051470588235293,0.8082029411764705,0.8136088235294117,0.8404735294117647,0.8419191176470586,0.8400897058823528,0.8426014705882352,0.8418073529411764,0.8418867647058822,0.8415632352941177,0.8421176470588234,0.8429397058823528,0.8448558823529411,0.8395808823529411,0.7885367647058823,0.788585294117647,0.7706794117647058,0.8083147058823528,0.7805441176470588,0.8184088235294117,0.8429470588235293,0.837441176470588,0.8442205882352941,0.8428573529411764,0.8398014705882353,0.8417735294117645,0.8426499999999999,0.8445117647058823,0.8442117647058822,0.8461735294117647,0.8339882352941176,0.8303132352941176,0.7737088235294116,0.7934441176470587,0.6881970588235294,0.672805882352941,0.684766176470588,0.7482485294117647,0.8031249999999999,0.7722279411764705,0.7449985294117647,0.7903617647058823,0.756270588235294,0.7408617647058823,0.7363691176470588,0.8131294117647058,0.8174308823529411,0.829510294117647,0.8374294117647058,0.8438529411764705,0.8411220588235294,0.8434647058823528,0.8206205882352942,0.8071352941176468
0.8440264705882353,0.8442779411764705,0.8271029411764704,0.817820588235294,0.7376191176470588,0.6861838235294118,0.5167411764705881,0.38687352941176467,0.4008838235294117,0.46311617647058817,0.5630279411764706,0.5506661764705882,0.6925911764705881,0.7721955882352941,0.798435294117647,0.8351926470588235,0.8464485294117647,0.844030882352941,0.8438955882352941,0.8392176470588235,0.8413411764705881,0.8108088235294117,0.8342161764705882,0.8240808823529411,0.8216382352941175,0.7900088235294116,0.6879235294117646,0.6233573529411764,0.5468617647058823,0.49685147058823526,0.5411911764705881,0.6764764705882352,0.7444367647058823,0.7554088235294116,0.6900794117647059,0.7285514705882352,0.7887970588235294,0.814330882352941,0.8430573529411763,0.8387558823529412,0.8383808823529411,0.7849367647058821,0.7954588235294117,0.7629588235294116,0.7868088235294118,0.8132882352941175,0.8217014705882352,0.8391676470588234,0.8420470588235294,0.8433999999999999,0.8457176470588235,0.843105882352941,0.842460294117647,0.8413970588235293,0.8416470588235294,0.8418426470588234,0.8431499999999998,0.8438882352941176,0.8386779411764705,0.7839794117647059,0.7100279411764704,0.7639676470588235,0.7943926470588235,0.8066279411764705,0.823835294117647,0.8392088235294117,0.8396455882352941,0.841495588235294,0.8442264705882353,0.8421,0.841905882352941,0.8431544117647058,0.8436441176470587,0.8420073529411763,0.8414161764705882,0.8378676470588234,0.824610294117647,0.8194058823529411,0.749610294117647,0.7414191176470588,0.6953838235294116,0.7162676470588234,0.7968485294117647,0.7664867647058823,0.6995338235294118,0.7215235294117646,0.7231117647058822,0.7349499999999999,0.7076367647058823,0.7599926470588234,0.8054,0.8072235294117646,0.8401529411764704,0.8406970588235293,0.8420426470588234,0.8439058823529411,0.8378323529411764,0.8319176470588235,0.8273
0.8407220588235294,0.8428691176470587,0.8394470588235293,0.8342397058823527,0.7459235294117647,0.6586764705882352,0.5962014705882352,0.4709455882352941,0.36049852941176463,0.5003235294117647,0.5644294117647058,0.6125088235294117,0.5994117647058823,0.7216397058823528,0.7996014705882352,0.8286014705882352,0.8407999999999999,0.8396279411764704,0.842195588235294,0.846695588235294,0.8379073529411765,0.7962176470588234,0.839435294117647,0.8060661764705881,0.8118514705882353,0.7168867647058822,0.5918529411764705,0.6194220588235293,0.5472676470588235,0.6021632352941176,0.573595588235294,0.7244323529411765,0.6801808823529412,0.7365779411764705,0.6921720588235294,0.7512088235294115,0.7204220588235294,0.8261235294117646,0.8356588235294117,0.8408029411764705,0.8393411764705883,0.8097235294117645,0.7908720588235292,0.8012617647058823,0.7953191176470588,0.8059867647058823,0.8078676470588234,0.8364044117647058,0.84195,0.8443132352941175,0.8445926470588235,0.8428308823529411,0.8429985294117646,0.8419249999999999,0.8419308823529411,0.8425044117647058,0.8424014705882351,0.8431029411764706,0.8400764705882352,0.7684897058823529,0.7837617647058822,0.7383970588235292,0.8055029411764706,0.8018661764705882,0.8342749999999999,0.8330632352941176,0.8377647058823529,0.8427294117647058,0.8438029411764705,0.841960294117647,0.8421264705882351,0.8430176470588233,0.8441382352941176,0.8450794117647057,0.8460264705882352,0.7976573529411765,0.8090338235294117,0.803055882352941,0.6997176470588234,0.7269970588235295,0.6793029411764706,0.7405044117647058,0.7789220588235294,0.7871323529411762,0.675920588235294,0.7157691176470588,0.7063676470588235,0.7552632352941175,0.6478720588235293,0.7666676470588235,0.8294411764705881,0.8231235294117647,0.8290676470588235,0.8422691176470587,0.8401367647058823,0.843745588235294,0.844585294117647,0.8126485294117646,0.831135294117647
0.8430573529411763,0.8412588235294116,0.8397999999999999,0.8075397058823529,0.7514044117647058,0.7336985294117647,0.5333441176470587,0.42047647058823523,0.37964411764705874,0.47743970588235296,0.6085044117647058,0.6356529411764705,0.6078676470588235,0.7202720588235293,0.7566132352941175,0.8385426470588234,0.8412102941176471,0.8435485294117646,0.8445191176470587,0.8420588235294116,0.8413749999999998,0.8324573529411764,0.8360249999999999,0.8025044117647058,0.7685044117647059,0.7406514705882352,0.6479691176470588,0.6120632352941175,0.4651941176470587,0.5780647058823528,0.6522470588235294,0.7048367647058823,0.7174323529411765,0.7259294117647058,0.6942867647058822,0.7192558823529411,0.8040911764705881,0.8350764705882352,0.8411691176470587,0.841410294117647,0.8315705882352942,0.8172029411764705,0.7652647058823527,0.8128147058823527,0.7951794117647059,0.7686514705882351,0.825695588235294,0.8314941176470587,0.8428279411764705,0.8456220588235294,0.8415823529411764,0.843110294117647,0.8428852941176469,0.8420779411764704,0.8413911764705883,0.8416558823529411,0.8429294117647057,0.8438485294117647,0.8347029411764705,0.8030676470588235,0.7455058823529411,0.7777161764705882,0.7650529411764706,0.7576838235294118,0.8284044117647057,0.8388838235294116,0.8177220588235293,0.8424735294117647,0.8432514705882352,0.8423470588235292,0.8419544117647056,0.8431852941176471,0.8403441176470587,0.8443529411764705,0.8419485294117646,0.8328367647058823,0.8341426470588233,0.791410294117647,0.7393514705882352,0.7397970588235293,0.6480882352941176,0.7707235294117646,0.7511970588235293,0.7718073529411765,0.6882411764705881,0.7726485294117647,0.7380044117647059,0.7613544117647059,0.7624676470588234,0.7520617647058823,0.8246529411764705,0.8122014705882353,0.8233558823529411,0.8191161764705881,0.8438529411764705,0.8410691176470587,0.8364205882352941,0.8197867647058823,0.8148676470588234
0.8430838235294117,0.844820588235294,0.8390544117647057,0.8308029411764705,0.7632676470588234,0.7061426470588233,0.5069382352941176,0.4612058823529411,0.40008676470588234,0.542845588235294,0.5359779411764706,0.6059294117647057,0.6287632352941176,0.7326249999999999,0.8045205882352939,0.8303397058823528,0.845845588235294,0.8432176470588233,0.8412044117647058,0.8420279411764705,0.8464970588235294,0.8339014705882352,0.826920588235294,0.8019294117647058,0.8311573529411764,0.7249647058823528,0.7159705882352941,0.650425,0.6114544117647058,0.565260294117647,0.5916573529411764,0.7241882352941176,0.6507661764705881,0.6889014705882353,0.7778132352941176,0.7705088235294116,0.7947588235294116,0.8322249999999998,0.843764705882353,0.8393867647058822,0.8321882352941176,0.8094588235294117,0.7739617647058823,0.7283073529411763,0.8011191176470588,0.7789161764705882,0.8191882352941176,0.828025,0.836175,0.8419029411764706,0.8431485294117647,0.8420367647058822,0.8423764705882352,0.8416470588235294,0.8415294117647059,0.8418132352941176,0.841910294117647,0.8439911764705881,0.8425617647058823,0.769230882352941,0.748295588235294,0.753685294117647,0.7973588235294117,0.8089529411764705,0.7714588235294116,0.8347544117647058,0.8439544117647058,0.8452397058823529,0.843610294117647,0.8419249999999999,0.8420279411764705,0.8433411764705881,0.8405514705882352,0.8422529411764704,0.8421426470588236,0.8287411764705882,0.8317220588235293,0.7826882352941175,0.764980882352941,0.7836735294117646,0.7129970588235293,0.7464691176470587,0.7990514705882352,0.8103382352941175,0.693485294117647,0.6901661764705882,0.6616191176470588,0.7042294117647058,0.7519705882352941,0.766385294117647,0.7910367647058821,0.8215514705882353,0.831995588235294,0.8314970588235293,0.8445235294117647,0.8436470588235293,0.8393176470588234,0.8293823529411762,0.8223632352941175
0.8429720588235293,0.8412044117647058,0.8432132352941176,0.8358985294117647,0.7682088235294117,0.7269749999999998,0.5577647058823528,0.4673176470588235,0.3512544117647059,0.4300455882352941,0.5253205882352942,0.5209808823529412,0.6192308823529411,0.7012661764705881,0.8245852941176469,0.8388382352941176,0.8426176470588235,0.8427588235294117,0.8435235294117647,0.844066176470588,0.8392749999999999,0.8434117647058824,0.8380926470588235,0.8162338235294117,0.8222426470588236,0.7176573529411764,0.7119529411764705,0.6724058823529411,0.5237661764705882,0.584510294117647,0.6037779411764705,0.6929485294117645,0.6976941176470588,0.6617441176470588,0.7328794117647058,0.7744220588235293,0.7639367647058823,0.8307367647058823,0.8466808823529411,0.8457338235294116,0.8327882352941176,0.7917838235294118,0.7695088235294117,0.7543720588235294,0.8034838235294116,0.7550235294117645,0.8179720588235294,0.8372323529411764,0.8384764705882352,0.8432823529411765,0.8439470588235293,0.8436014705882352,0.8431323529411764,0.8412794117647058,0.8415823529411764,0.8425191176470587,0.8424499999999998,0.8449823529411763,0.8391676470588234,0.8064676470588235,0.7289720588235293,0.7972249999999999,0.7822764705882352,0.7646161764705881,0.8287029411764705,0.8349838235294116,0.8379132352941177,0.8445044117647058,0.8436720588235294,0.8417882352941175,0.8418617647058823,0.8427279411764705,0.8426808823529411,0.8451161764705881,0.8426191176470588,0.8327617647058823,0.8300779411764705,0.8126352941176469,0.7310044117647058,0.7180794117647058,0.7095044117647058,0.7652661764705881,0.7403308823529411,0.8052485294117646,0.6870338235294117,0.6801073529411763,0.7752632352941176,0.7004735294117646,0.7081764705882352,0.8033249999999998,0.7962867647058822,0.8232676470588234,0.8247191176470587,0.8260764705882351,0.8437235294117647,0.8443176470588235,0.8332088235294117,0.7916220588235293,0.8328088235294117
0.8444426470588234,0.8455470588235293,0.8349823529411764,0.818155882352941,0.7665794117647058,0.7033117647058823,0.5007220588235294,0.507385294117647,0.41980441176470584,0.49134117647058817,0.565620588235294,0.589289705882353,0.6159926470588235,0.6732764705882351,0.8079132352941175,0.8367661764705882,0.8240720588235294,0.8438691176470587,0.8444514705882351,0.8451617647058822,0.8379794117647057,0.8403661764705881,0.8295264705882353,0.7948088235294117,0.8141720588235293,0.7609279411764706,0.5711426470588234,0.5886897058823529,0.5588044117647059,0.492235294117647,0.5426367647058823,0.6030926470588234,0.6251044117647058,0.6899852941176471,0.7130617647058822,0.745325,0.7766147058823528,0.8337735294117646,0.8012897058823528,0.8407014705882353,0.8261220588235293,0.8140779411764705,0.794630882352941,0.7993720588235292,0.7455044117647058,0.8091161764705881,0.8268735294117646,0.8403441176470587,0.8412691176470587,0.844870588235294,0.8428897058823529,0.843866176470588,0.8424852941176469,0.8418970588235293,0.8420441176470587,0.8418764705882352,0.8431499999999998,0.8418220588235292,0.8392088235294117,0.7898279411764705,0.755335294117647,0.7092147058823529,0.795495588235294,0.7881544117647059,0.7965985294117646,0.8403,0.8445794117647059,0.8446529411764705,0.8437279411764705,0.8422147058823528,0.8420470588235294,0.843120588235294,0.8400397058823529,0.841320588235294,0.8392397058823529,0.8250794117647059,0.815220588235294,0.8013999999999999,0.751914705882353,0.675995588235294,0.7445647058823529,0.7690823529411764,0.7764529411764706,0.8064088235294117,0.7394058823529411,0.7351191176470588,0.7629720588235293,0.7697308823529411,0.7806882352941176,0.762625,0.8288955882352941,0.8237397058823529,0.8270323529411764,0.8373823529411765,0.8435691176470587,0.8405999999999999,0.8185941176470587,0.8423397058823529,0.8312382352941176
0.8435411764705882,0.8444999999999998,0.8437485294117647,0.7921411764705882,0.7477617647058823,0.6415632352941175,0.5809808823529411,0.42792794117647054,0.4239441176470588,0.4722955882352941,0.6035176470588235,0.5940720588235294,0.6165191176470588,0.7044764705882353,0.8062999999999998,0.8333382352941177,0.8418764705882352,0.8433838235294117,0.843545588235294,0.8436485294117646,0.8406058823529411,0.8345220588235293,0.8435367647058822,0.8293705882352941,0.8188338235294118,0.7636088235294117,0.6480426470588234,0.5544147058823529,0.5421470588235293,0.5651544117647058,0.6279926470588235,0.6691529411764706,0.677585294117647,0.6968308823529411,0.7260382352941177,0.7891044117647058,0.806985294117647,0.8407044117647058,0.8448529411764704,0.8420647058823529,0.8208999999999999,0.7766382352941176,0.7605838235294117,0.8023279411764704,0.7684985294117647,0.7330573529411765,0.8310735294117646,0.8345044117647059,0.8400779411764705,0.8433411764705881,0.8436485294117646,0.8439249999999999,0.8426161764705881,0.8417147058823529,0.8417014705882353,0.8419705882352941,0.8428220588235293,0.8428058823529412,0.8403985294117646,0.7835220588235294,0.7738544117647057,0.7421147058823528,0.7865941176470588,0.8030073529411763,0.7949514705882351,0.8327235294117646,0.8436117647058823,0.8430911764705881,0.843816176470588,0.8422779411764705,0.8424441176470586,0.8425367647058823,0.8430044117647058,0.844770588235294,0.845595588235294,0.829275,0.8091426470588233,0.778655882352941,0.7226176470588235,0.7693411764705881,0.7280308823529411,0.7808514705882351,0.7381985294117647,0.7953617647058823,0.7562294117647058,0.7070470588235294,0.641195588235294,0.7130308823529411,0.7286014705882352,0.7581058823529411,0.8115117647058823,0.8325044117647058,0.8330617647058822,0.8406411764705881,0.843920588235294,0.8428970588235293,0.8381014705882353,0.8301867647058823,0.8350529411764704
0.8429808823529411,0.8420294117647057,0.8377044117647057,0.8367176470588235,0.6977514705882352,0.6965852941176469,0.5046808823529412,0.49836176470588234,0.4085691176470588,0.4278044117647058,0.5838044117647059,0.6282191176470587,0.6237911764705882,0.7101897058823529,0.8165676470588233,0.83545,0.8458838235294117,0.8428338235294117,0.8432367647058822,0.8446338235294117,0.8438882352941176,0.8264382352941176,0.8440264705882353,0.8290411764705882,0.7865647058823528,0.7659147058823529,0.6541808823529411,0.6457191176470587,0.5341176470588235,0.5303764705882352,0.6349294117647059,0.6911661764705882,0.6792367647058822,0.7454926470588235,0.7304544117647058,0.7932705882352941,0.732445588235294,0.8412779411764704,0.8382485294117646,0.8412264705882352,0.8359632352941175,0.8032338235294118,0.7674838235294117,0.7621941176470588,0.7858823529411763,0.82705,0.8164647058823529,0.8316338235294117,0.8403397058823527,0.841060294117647,0.8411897058823529,0.8430779411764705,0.8428529411764705,0.8416029411764705,0.8417941176470587,0.8417691176470588,0.842439705882353,0.8450558823529412,0.8354617647058823,0.7970838235294118,0.7581749999999999,0.7323617647058822,0.7116235294117647,0.7643279411764706,0.8167249999999999,0.8366323529411763,0.8374985294117646,0.8437014705882353,0.8438588235294117,0.8420382352941176,0.841460294117647,0.8424338235294118,0.843610294117647,0.8447,0.8424235294117646,0.8345867647058822,0.8039161764705882,0.819075,0.7542941176470588,0.7311882352941176,0.7478941176470587,0.7642367647058823,0.7967779411764704,0.7729220588235293,0.6836558823529411,0.7346676470588234,0.7456338235294115,0.7473191176470587,0.7241426470588235,0.7504764705882352,0.7842249999999998,0.796614705882353,0.8060647058823528,0.8369823529411764,0.843520588235294,0.8433426470588234,0.8326176470588235,0.8328338235294116,0.8286897058823528
0.8430808823529412,0.8424338235294118,0.8349235294117646,0.8362382352941176,0.7373544117647057,0.6887088235294118,0.5173897058823529,0.43146176470588227,0.4220514705882353,0.40295882352941176,0.6239823529411764,0.6942573529411764,0.5715367647058823,0.6899470588235292,0.779110294117647,0.8370985294117647,0.8439044117647058,0.8436088235294117,0.8442529411764705,0.8408911764705881,0.8408176470588234,0.8250691176470587,0.8395691176470587,0.7964397058823528,0.8131661764705882,0.7229632352941175,0.657045588235294,0.6088529411764705,0.5988367647058823,0.5370558823529411,0.5927058823529412,0.7283588235294117,0.7336044117647058,0.693955882352941,0.740185294117647,0.7186911764705882,0.7751558823529412,0.8250441176470588,0.8432279411764705,0.8421411764705882,0.8143117647058823,0.7857632352941175,0.7627558823529411,0.8151397058823528,0.751495588235294,0.7811102941176471,0.8248617647058822,0.8342338235294117,0.8452338235294117,0.8436147058823529,0.8421367647058823,0.8430514705882353,0.8419161764705881,0.8417044117647058,0.8418029411764705,0.8420970588235294,0.8422147058823528,0.8447588235294117,0.8334882352941175,0.7975617647058822,0.7961397058823529,0.7617279411764706,0.755920588235294,0.8051823529411765,0.7816941176470588,0.8368397058823528,0.8433749999999999,0.8447970588235292,0.843120588235294,0.8420764705882352,0.8412397058823529,0.8430852941176469,0.843680882352941,0.8448499999999999,0.8456794117647057,0.8078794117647058,0.7907,0.8134941176470588,0.7834985294117647,0.6601147058823529,0.6963779411764704,0.7525735294117646,0.7850279411764705,0.8000073529411763,0.6863970588235294,0.69975,0.7457382352941175,0.7318544117647058,0.6559308823529411,0.7817132352941175,0.827780882352941,0.8302867647058823,0.8290617647058823,0.8332764705882353,0.8440514705882352,0.8442294117647058,0.837470588235294,0.7937382352941176,0.7968632352941176
0.8424455882352941,0.8445588235294117,0.8204441176470587,0.8075882352941176,0.724770588235294,0.7262308823529411,0.5196985294117646,0.48484705882352935,0.4294088235294117,0.4930323529411764,0.5793661764705882,0.6026294117647059,0.5701808823529411,0.7124544117647058,0.7822147058823529,0.8293117647058822,0.8442102941176469,0.8427117647058823,0.8440926470588234,0.8448985294117646,0.8379176470588233,0.8226647058823529,0.838480882352941,0.8331499999999998,0.8186544117647059,0.7578485294117646,0.7025838235294118,0.6060485294117647,0.5309441176470587,0.5853999999999999,0.5695985294117646,0.6121338235294117,0.7595838235294117,0.6817970588235293,0.6858367647058824,0.749625,0.7710220588235294,0.8326588235294116,0.8441661764705881,0.8424308823529411,0.8329720588235294,0.8154838235294116,0.7243455882352939,0.8032544117647058,0.8015294117647058,0.7878367647058823,0.8129985294117646,0.8339544117647057,0.8415985294117647,0.8403044117647058,0.8443632352941176,0.843120588235294,0.8419764705882352,0.8417838235294117,0.8414161764705881,0.8418764705882352,0.8423132352941175,0.8447808823529411,0.8397647058823529,0.7996397058823529,0.7740764705882353,0.7698779411764706,0.769889705882353,0.7724867647058823,0.8289323529411763,0.8418470588235294,0.8409985294117647,0.8436514705882351,0.8426926470588235,0.8425779411764706,0.8420632352941175,0.8431367647058824,0.8418088235294116,0.8402044117647058,0.8381838235294117,0.832955882352941,0.814710294117647,0.7714573529411765,0.7852470588235293,0.767995588235294,0.7299279411764705,0.7003485294117646,0.7696514705882351,0.8090411764705883,0.7255044117647057,0.7792279411764705,0.7444544117647058,0.7455426470588233,0.7274147058823528,0.7725867647058823,0.8133882352941175,0.8283073529411765,0.8321999999999999,0.8372235294117647,0.8432999999999998,0.8437882352941175,0.8415441176470587,0.8330205882352941,0.8228249999999999
0.8424588235294116,0.840530882352941,0.8353147058823528,0.8225279411764704,0.7573823529411764,0.6915455882352941,0.5372499999999999,0.4129323529411764,0.3882897058823529,0.4775999999999999,0.5138970588235293,0.5465058823529411,0.6065647058823528,0.6659367647058824,0.7854249999999999,0.8345235294117647,0.8456426470588234,0.8405999999999999,0.8441014705882351,0.8427985294117647,0.8406794117647057,0.8277279411764706,0.8400147058823528,0.8244588235294117,0.8248117647058822,0.7220573529411765,0.5887691176470587,0.6561279411764704,0.5773308823529412,0.6322985294117647,0.5861926470588235,0.686375,0.6842132352941175,0.7584367647058823,0.6957632352941175,0.752180882352941,0.7327176470588236,0.8352088235294117,0.844729411764706,0.8422852941176469,0.8228573529411765,0.8199897058823528,0.7497161764705882,0.7390544117647058,0.8064926470588234,0.7981823529411765,0.8016191176470587,0.8385720588235293,0.840730882352941,0.8429970588235294,0.8414661764705881,0.8423999999999999,0.8426411764705882,0.841435294117647,0.8419308823529411,0.8418764705882352,0.8427926470588235,0.8428058823529412,0.8389691176470588,0.8186044117647058,0.7782397058823529,0.7506897058823528,0.8217279411764705,0.7434382352941175,0.7886661764705882,0.8176897058823529,0.8428720588235292,0.8435485294117645,0.8423147058823528,0.8421308823529411,0.8418970588235293,0.8426691176470588,0.8447117647058823,0.8445941176470587,0.8440661764705881,0.8362999999999999,0.8155588235294117,0.8006764705882351,0.7571455882352941,0.7040102941176469,0.6543764705882351,0.7532176470588234,0.7952588235294117,0.7632073529411764,0.6823426470588234,0.7356147058823529,0.6789308823529412,0.7823720588235293,0.7465220588235293,0.804910294117647,0.8033485294117646,0.8238573529411763,0.832395588235294,0.8401749999999999,0.8380852941176471,0.8224161764705882,0.8408132352941176,0.8341485294117645,0.8304529411764706
0.8436132352941176,0.838285294117647,0.8370014705882353,0.8267117647058821,0.7048044117647059,0.6686617647058822,0.4685205882352941,0.4588397058823529,0.4551897058823529,0.4622558823529412,0.5338735294117647,0.6130499999999999,0.6077558823529411,0.7131926470588235,0.8003088235294117,0.8327926470588234,0.8403691176470587,0.8373985294117646,0.8448485294117647,0.8433529411764705,0.8397764705882352,0.8287764705882352,0.8419117647058822,0.8393249999999999,0.7918514705882352,0.7369338235294116,0.6741323529411763,0.6562294117647058,0.528620588235294,0.5412338235294117,0.5298235294117647,0.7210632352941176,0.7227514705882352,0.7244617647058822,0.7231411764705882,0.718220588235294,0.7600323529411763,0.8344220588235294,0.8462102941176469,0.8439323529411764,0.82285,0.8090676470588234,0.7476735294117646,0.816645588235294,0.7671411764705881,0.7247529411764704,0.7780882352941176,0.7991838235294116,0.842445588235294,0.8449514705882353,0.8442338235294118,0.8434441176470586,0.8419720588235293,0.8414073529411764,0.8415735294117646,0.8420294117647057,0.8430676470588235,0.8426602941176471,0.8366485294117646,0.810414705882353,0.7673544117647058,0.7317367647058823,0.774035294117647,0.7653382352941176,0.8067485294117646,0.8373647058823528,0.8400808823529411,0.8446382352941175,0.8434632352941176,0.8422926470588233,0.8420676470588235,0.8429279411764704,0.8451397058823529,0.8426485294117646,0.8455014705882352,0.8340338235294117,0.8349191176470588,0.8025573529411764,0.703764705882353,0.6864544117647058,0.7397338235294117,0.7355411764705883,0.8139911764705882,0.790320588235294,0.6351161764705882,0.7616191176470587,0.696045588235294,0.7616279411764706,0.7340632352941175,0.7191338235294117,0.7864941176470588,0.7842088235294117,0.8349029411764705,0.8378176470588234,0.8410544117647059,0.8438382352941176,0.8395191176470588,0.8260808823529411,0.8148352941176469
0.8438367647058822,0.8421338235294117,0.8426014705882352,0.835605882352941,0.7476264705882352,0.6689691176470587,0.5073823529411764,0.4886867647058823,0.41869411764705877,0.4448632352941176,0.6485588235294116,0.6304191176470587,0.5599970588235293,0.7572441176470588,0.7775029411764706,0.8312529411764705,0.8403573529411764,0.8402132352941175,0.8438779411764704,0.8410691176470587,0.843816176470588,0.8400073529411763,0.8277132352941177,0.8265676470588235,0.8092367647058823,0.7212220588235293,0.6036514705882352,0.5610808823529411,0.5329882352941175,0.5729882352941176,0.5892823529411764,0.6391882352941175,0.676620588235294,0.7118455882352941,0.752385294117647,0.7734882352941175,0.7490676470588234,0.8293897058823528,0.8418926470588234,0.8403970588235294,0.8364955882352939,0.7966397058823528,0.7123044117647057,0.7946191176470587,0.7899705882352941,0.785080882352941,0.8103323529411763,0.8277117647058824,0.8376191176470588,0.8413779411764706,0.8442058823529411,0.842710294117647,0.842460294117647,0.8414999999999999,0.8413823529411764,0.8418264705882352,0.8401544117647058,0.8431867647058823,0.8365294117647057,0.8118455882352941,0.7819294117647058,0.7332632352941176,0.7677558823529411,0.781635294117647,0.8192147058823529,0.8402749999999999,0.8437838235294117,0.8419397058823528,0.8440514705882352,0.8422941176470587,0.8418808823529411,0.8427529411764705,0.8434544117647058,0.8449029411764705,0.8385088235294117,0.8322779411764705,0.8235205882352941,0.7598941176470587,0.7935294117647058,0.7722926470588235,0.6845455882352939,0.7013867647058822,0.7655455882352941,0.7880294117647058,0.75625,0.7506720588235293,0.7740691176470588,0.7241411764705883,0.7175941176470588,0.7970191176470587,0.7935205882352939,0.8349588235294116,0.8382897058823527,0.8410764705882352,0.8416544117647058,0.8440838235294117,0.8390382352941176,0.8065544117647058,0.8306999999999998
0.8432588235294117,0.8429367647058823,0.8362485294117646,0.8198367647058823,0.6805676470588234,0.6766823529411764,0.5670470588235293,0.4585279411764705,0.42366617647058824,0.49311617647058814,0.5204279411764705,0.6388220588235293,0.6109514705882352,0.6469970588235294,0.7883205882352942,0.8256235294117648,0.8476558823529412,0.8430014705882352,0.8398088235294117,0.8411382352941176,0.8436514705882351,0.835545588235294,0.8341941176470588,0.7962573529411764,0.8070323529411764,0.7282073529411764,0.6826911764705881,0.6530911764705881,0.48994411764705875,0.49131323529411763,0.583005882352941,0.6643029411764706,0.6837911764705882,0.6539867647058824,0.7127749999999999,0.7574411764705882,0.7427661764705882,0.8271911764705882,0.8386308823529411,0.843260294117647,0.844310294117647,0.8022544117647058,0.7804838235294117,0.7674647058823528,0.7545558823529411,0.7880852941176469,0.8083147058823528,0.8352911764705883,0.8443999999999999,0.841530882352941,0.8439073529411764,0.8423617647058822,0.842239705882353,0.8416470588235294,0.8419308823529411,0.8420235294117645,0.8421808823529411,0.8412661764705881,0.839245588235294,0.8163955882352939,0.8011294117647058,0.7996161764705882,0.7403911764705882,0.8225911764705881,0.8260249999999999,0.814560294117647,0.8312323529411764,0.8444823529411765,0.8444426470588234,0.8418749999999999,0.8419735294117646,0.8417882352941176,0.8440955882352941,0.8437985294117646,0.8407676470588233,0.8393338235294118,0.8289176470588234,0.8104279411764705,0.7470264705882351,0.7418279411764706,0.7689676470588235,0.7607970588235293,0.7420661764705881,0.7405808823529411,0.6872499999999998,0.7518470588235293,0.6652338235294117,0.7527426470588234,0.6722529411764705,0.7657529411764705,0.8212485294117647,0.8287470588235294,0.8328279411764705,0.8397058823529411,0.8416897058823528,0.8432514705882351,0.836120588235294,0.8087794117647058,0.8203676470588235
0.8431441176470588,0.8390617647058822,0.8408617647058823,0.8405999999999999,0.7344426470588236,0.7380985294117647,0.545945588235294,0.4786529411764705,0.3811308823529411,0.4696705882352941,0.6028926470588234,0.648685294117647,0.6861529411764705,0.7243352941176471,0.7625279411764706,0.8357014705882352,0.837864705882353,0.8411573529411764,0.8412338235294117,0.846014705882353,0.8440382352941176,0.8267514705882352,0.8387279411764705,0.8067191176470587,0.8118132352941175,0.7858647058823529,0.6326485294117646,0.6240323529411763,0.5072676470588234,0.5002029411764706,0.5961382352941175,0.6658676470588235,0.6841735294117647,0.6256602941176471,0.7427058823529411,0.7217323529411763,0.796020588235294,0.8269897058823528,0.8440617647058823,0.8433617647058822,0.8396455882352941,0.7965294117647057,0.7927161764705882,0.7711676470588235,0.7299588235294118,0.7180647058823528,0.8079308823529411,0.8420191176470588,0.8399617647058824,0.8394029411764705,0.843239705882353,0.8425117647058822,0.8430029411764705,0.841720588235294,0.8415926470588234,0.8421176470588234,0.8427382352941176,0.8431617647058823,0.838185294117647,0.7890588235294118,0.7880764705882352,0.7689499999999999,0.7738264705882352,0.8114264705882351,0.8278235294117646,0.8337147058823527,0.8441573529411763,0.8439205882352939,0.8433926470588234,0.8421176470588234,0.842435294117647,0.8428632352941176,0.8439676470588234,0.8447897058823529,0.8443867647058823,0.825566176470588,0.8179338235294116,0.7959808823529412,0.7320411764705883,0.7123117647058822,0.7069632352941175,0.736945588235294,0.7779544117647058,0.7965661764705882,0.7387794117647057,0.7033999999999999,0.784635294117647,0.7008117647058824,0.7463161764705881,0.7389514705882352,0.8036294117647057,0.8188514705882352,0.8256749999999998,0.836660294117647,0.8443073529411764,0.8452661764705881,0.8349838235294116,0.8339455882352941,0.8315088235294117
0.843560294117647,0.842225,0.8392544117647057,0.8230485294117647,0.7468147058823529,0.7035470588235293,0.5346779411764706,0.4768470588235294,0.3840691176470588,0.4334426470588235,0.5303529411764705,0.5842147058823529,0.6466838235294117,0.7478779411764706,0.7892632352941175,0.832235294117647,0.8405249999999999,0.843985294117647,0.8436661764705881,0.8452044117647057,0.8434985294117646,0.8326338235294117,0.8267132352941176,0.8258382352941176,0.8173426470588235,0.7482382352941176,0.6708955882352939,0.672805882352941,0.5713499999999999,0.5341176470588235,0.543260294117647,0.6920455882352939,0.774845588235294,0.686095588235294,0.6814941176470587,0.7462382352941176,0.7608911764705881,0.8383014705882352,0.839620588235294,0.8369147058823528,0.8372088235294117,0.805635294117647,0.689785294117647,0.7777,0.7557044117647058,0.7983999999999998,0.8181220588235293,0.8398970588235293,0.8432661764705881,0.8451632352941176,0.8453970588235292,0.8431279411764704,0.8417926470588235,0.8416279411764704,0.8419411764705882,0.8418323529411764,0.8418911764705881,0.844425,0.8349279411764705,0.7853088235294117,0.7831367647058821,0.7799367647058824,0.7575926470588235,0.7800794117647057,0.8042132352941176,0.8399279411764706,0.8456058823529411,0.8419867647058823,0.8434044117647058,0.8427088235294117,0.8421117647058822,0.8432514705882352,0.8434514705882351,0.8423073529411764,0.8436514705882351,0.8387029411764705,0.8351367647058822,0.8023338235294116,0.7546147058823529,0.6680058823529411,0.7383926470588235,0.730860294117647,0.7825823529411764,0.7768176470588234,0.7402191176470588,0.7235558823529411,0.7616352941176469,0.6899147058823528,0.7459544117647058,0.7721588235294117,0.7833220588235292,0.8271191176470588,0.8304867647058822,0.8007749999999999,0.8446205882352941,0.8444147058823529,0.8363499999999998,0.8315867647058823,0.8403588235294116
0.8438852941176469,0.8437117647058823,0.8365926470588235,0.8292823529411764,0.7476852941176471,0.6157911764705882,0.5792191176470588,0.48418382352941164,0.4184544117647058,0.4424661764705882,0.5303073529411764,0.6087779411764705,0.6289499999999999,0.6747647058823528,0.786020588235294,0.8370426470588235,0.8464941176470588,0.8423338235294117,0.8444764705882353,0.8426191176470588,0.839345588235294,0.837495588235294,0.8334264705882352,0.8314911764705881,0.7985911764705881,0.7712441176470588,0.7020588235294117,0.6906161764705882,0.497210294117647,0.5705485294117647,0.6292955882352941,0.7250514705882353,0.7159676470588234,0.7674470588235294,0.7415147058823529,0.7480058823529411,0.796230882352941,0.8334411764705881,0.8442735294117646,0.8410382352941177,0.8188426470588235,0.760285294117647,0.7908617647058823,0.7704338235294117,0.7994294117647059,0.7797735294117646,0.7959308823529411,0.8356735294117645,0.8390794117647057,0.8394661764705882,0.8408617647058823,0.8429,0.8425338235294116,0.8414999999999999,0.8417749999999999,0.8421176470588234,0.8428073529411764,0.8444691176470588,0.842175,0.8085294117647058,0.7757249999999999,0.7667735294117646,0.8055588235294117,0.7724073529411764,0.8225249999999998,0.8314397058823528,0.8374867647058822,0.8444514705882352,0.8424632352941175,0.8414838235294116,0.8424941176470587,0.8430691176470587,0.842460294117647,0.8438970588235294,0.8403044117647057,0.8349691176470587,0.8301323529411764,0.801195588235294,0.7641235294117646,0.6994279411764704,0.7287338235294117,0.7481661764705881,0.7859249999999999,0.7453132352941175,0.6488691176470587,0.7030470588235295,0.7729279411764706,0.6990882352941176,0.766670588235294,0.7840897058823528,0.8145176470588233,0.8219794117647059,0.8262029411764706,0.8383911764705881,0.8415426470588235,0.8442985294117646,0.8386235294117647,0.8331323529411764,0.7973176470588235
0.8442617647058823,0.8452220588235293,0.8463735294117647,0.8033897058823528,0.7154632352941176,0.7098470588235293,0.5340823529411763,0.4629661764705882,0.38353970588235287,0.45379411764705874,0.5426794117647058,0.573955882352941,0.6456441176470589,0.6720264705882352,0.7937308823529412,0.8075029411764705,0.8449529411764705,0.8392294117647058,0.8436661764705881,0.8446073529411764,0.8405779411764706,0.8345191176470588,0.829970588235294,0.7961573529411763,0.7936029411764705,0.7459485294117646,0.6961779411764705,0.6238264705882353,0.5734999999999999,0.526095588235294,0.5140294117647058,0.7260308823529411,0.706355882352941,0.7450426470588235,0.7526191176470588,0.7897764705882353,0.7266470588235294,0.8149676470588235,0.8463367647058823,0.8447911764705881,0.8334882352941175,0.8063397058823528,0.7981264705882353,0.7506941176470588,0.7697073529411763,0.8072897058823529,0.8331691176470587,0.824425,0.8450426470588235,0.8451235294117646,0.844770588235294,0.8440367647058822,0.8427632352941176,0.8415823529411764,0.8416661764705882,0.8418867647058822,0.8431602941176469,0.8436970588235293,0.8393867647058822,0.7788647058823529,0.7960808823529412,0.7984323529411763,0.7985499999999999,0.8133808823529411,0.8271794117647058,0.8366661764705882,0.8420426470588234,0.8416014705882352,0.8421808823529411,0.8420676470588235,0.8420441176470587,0.8428088235294117,0.8425573529411764,0.8452411764705883,0.8407294117647058,0.8321323529411764,0.8215749999999999,0.8064647058823529,0.7352264705882352,0.7041720588235294,0.7322147058823529,0.7494588235294117,0.7753544117647059,0.7680338235294117,0.7202999999999999,0.7602485294117647,0.7327367647058823,0.764075,0.7560544117647058,0.783835294117647,0.8080999999999999,0.8186794117647057,0.8354426470588235,0.8444647058823528,0.8442176470588235,0.8426647058823528,0.841770588235294,0.832535294117647,0.825445588235294
0.8428691176470587,0.8436970588235293,0.8427779411764704,0.8390308823529412,0.7411088235294118,0.7128602941176471,0.5095441176470588,0.4752941176470588,0.38780588235294117,0.4324705882352941,0.6593117647058823,0.6399235294117647,0.5795720588235294,0.7438014705882352,0.727230882352941,0.8335999999999999,0.8428588235294117,0.8454661764705882,0.8435308823529412,0.8458323529411764,0.8431147058823528,0.8320426470588235,0.844285294117647,0.7903794117647058,0.8110955882352939,0.7594764705882352,0.6336088235294117,0.6120661764705883,0.5232691176470587,0.5925014705882352,0.5682544117647058,0.6874455882352941,0.7235117647058823,0.6994823529411763,0.779720588235294,0.7372632352941175,0.7478588235294117,0.8344117647058822,0.8388088235294117,0.8443588235294117,0.8353279411764705,0.7846073529411763,0.7650882352941176,0.7429867647058823,0.7821941176470588,0.8031573529411764,0.7886117647058823,0.8327455882352941,0.8423588235294117,0.8394014705882352,0.8437058823529411,0.8400397058823529,0.8429544117647058,0.8414073529411764,0.8415544117647058,0.8419705882352941,0.8425279411764705,0.8443161764705882,0.8412632352941175,0.8074852941176469,0.7650779411764704,0.7314235294117646,0.7962897058823528,0.7497911764705881,0.8371794117647058,0.8416147058823528,0.8424294117647058,0.8417794117647058,0.8428014705882352,0.842239705882353,0.8419397058823528,0.8424044117647059,0.8436220588235294,0.8421897058823529,0.8430073529411763,0.8358985294117647,0.8280397058823529,0.8029382352941176,0.7153117647058822,0.7541455882352941,0.6987941176470587,0.691535294117647,0.7743220588235293,0.8225499999999999,0.6378147058823529,0.6807264705882352,0.7473955882352941,0.7554602941176469,0.7696735294117646,0.7388058823529411,0.7877529411764705,0.8278323529411764,0.8280073529411763,0.837935294117647,0.8429308823529411,0.841225,0.8423235294117647,0.8284529411764706,0.8280808823529412
0.8438647058823527,0.8411029411764706,0.8398470588235293,0.7986338235294116,0.7230029411764706,0.6812544117647058,0.5371029411764705,0.456485294117647,0.4125926470588235,0.49482941176470585,0.6472176470588236,0.5878367647058823,0.6035470588235293,0.6514455882352941,0.7899764705882353,0.8349308823529411,0.8358117647058823,0.8445264705882352,0.8429485294117647,0.839745588235294,0.8447132352941175,0.8221764705882352,0.8404191176470588,0.8281338235294117,0.8328323529411764,0.758555882352941,0.644485294117647,0.6528720588235294,0.5556985294117646,0.5770720588235294,0.6343647058823528,0.6225720588235293,0.7356867647058823,0.686225,0.7362441176470587,0.7604397058823529,0.7972779411764706,0.8372249999999999,0.8447749999999998,0.8455808823529412,0.8091058823529411,0.8146397058823529,0.7826838235294117,0.7360647058823528,0.7473338235294117,0.7427220588235294,0.8248411764705882,0.8346176470588235,0.8462764705882353,0.8406029411764705,0.8451544117647057,0.8406279411764704,0.8425779411764706,0.841435294117647,0.841710294117647,0.841905882352941,0.8420779411764704,0.8392661764705882,0.8402367647058823,0.8140647058823528,0.8023676470588235,0.8023632352941176,0.7391235294117646,0.7902014705882351,0.8158352941176469,0.8408941176470588,0.8338176470588234,0.8429676470588234,0.8412852941176469,0.8418911764705881,0.8401632352941176,0.841595588235294,0.8429544117647058,0.843585294117647,0.8364441176470588,0.8314588235294116,0.8145676470588235,0.8088941176470587,0.7268279411764705,0.7473764705882352,0.6979176470588234,0.6993117647058823,0.791705882352941,0.8232308823529411,0.7099485294117647,0.726060294117647,0.7076411764705882,0.6681088235294116,0.6903558823529411,0.7837191176470588,0.8157970588235293,0.8243058823529411,0.8355558823529411,0.8389191176470587,0.8441176470588234,0.843245588235294,0.8387426470588235,0.8313485294117645,0.8295926470588235
0.8438058823529412,0.845895588235294,0.8377485294117647,0.8323029411764706,0.7609941176470587,0.7031529411764705,0.536210294117647,0.4229588235294118,0.4252794117647058,0.46611911764705877,0.5738573529411765,0.5892338235294117,0.584245588235294,0.7013117647058822,0.7641411764705881,0.8402044117647058,0.8420764705882352,0.8439147058823528,0.8420529411764706,0.8376073529411763,0.845475,0.8360676470588235,0.8373147058823529,0.8246176470588235,0.8075485294117646,0.8015411764705881,0.6936088235294117,0.6115279411764705,0.5327147058823529,0.5661073529411764,0.6267161764705882,0.7106411764705881,0.7278882352941175,0.7402867647058823,0.7488852941176469,0.7234926470588235,0.7499529411764705,0.8334823529411765,0.8397602941176469,0.8456367647058822,0.8286897058823528,0.8032235294117647,0.7411088235294117,0.7794,0.7681176470588235,0.8115749999999999,0.8029676470588234,0.8374588235294117,0.8423749999999999,0.8422647058823529,0.8410838235294116,0.8430794117647058,0.8431220588235293,0.8415294117647059,0.8418029411764705,0.841495588235294,0.8432044117647058,0.8432764705882352,0.8393147058823529,0.81585,0.7824367647058823,0.7257235294117647,0.7145426470588234,0.7996191176470587,0.8272220588235294,0.842255882352941,0.8397249999999998,0.8445544117647057,0.8430161764705881,0.8420470588235294,0.842816176470588,0.8427941176470587,0.8437147058823528,0.844729411764706,0.8449220588235292,0.8354058823529411,0.822885294117647,0.7716573529411764,0.7217897058823529,0.7798485294117646,0.7469014705882352,0.709389705882353,0.7837117647058823,0.7595264705882353,0.6954308823529411,0.6649117647058823,0.7038529411764706,0.7747161764705881,0.7878852941176471,0.7741647058823529,0.8116073529411763,0.8107,0.8290308823529411,0.8438720588235292,0.8436044117647058,0.8431470588235292,0.8421338235294117,0.8323573529411764,0.8011088235294117
0.8429264705882351,0.8429544117647058,0.8393426470588234,0.8246720588235293,0.7355970588235293,0.6470499999999999,0.5873441176470588,0.4633058823529411,0.4300411764705882,0.5137897058823528,0.579385294117647,0.5820749999999999,0.5898470588235293,0.726020588235294,0.7559397058823528,0.8417617647058823,0.8394529411764705,0.8417749999999998,0.8430808823529412,0.8419720588235293,0.8417514705882352,0.8131147058823529,0.8344852941176469,0.8258308823529411,0.8194647058823529,0.7721338235294117,0.6372985294117646,0.6268058823529412,0.581345588235294,0.5526397058823529,0.5595411764705881,0.712714705882353,0.7093014705882352,0.7322470588235293,0.7290926470588234,0.7041720588235294,0.8047,0.8335411764705881,0.8416176470588235,0.8355514705882352,0.8227279411764705,0.7985514705882352,0.7512176470588234,0.7753205882352942,0.7277720588235294,0.7855661764705881,0.8246191176470588,0.8261794117647058,0.840070588235294,0.8403779411764706,0.8408514705882352,0.8433073529411763,0.842475,0.8421176470588234,0.841435294117647,0.8420191176470588,0.8424058823529411,0.8434367647058822,0.8378382352941176,0.8071485294117645,0.7910191176470588,0.7836323529411763,0.7071808823529412,0.8136970588235293,0.813095588235294,0.8280764705882352,0.8448720588235292,0.8416897058823528,0.843580882352941,0.8399529411764705,0.8416191176470588,0.8414617647058823,0.843239705882353,0.8384073529411763,0.8441132352941175,0.8376897058823528,0.8125794117647058,0.8033220588235294,0.7788897058823528,0.7510573529411764,0.6950514705882352,0.7661176470588235,0.7972426470588235,0.8074882352941176,0.7635573529411764,0.7206338235294117,0.7446014705882352,0.7675470588235292,0.7484823529411764,0.7334632352941175,0.8156882352941176,0.827789705882353,0.8218985294117647,0.8389941176470588,0.8415294117647059,0.8423367647058824,0.8413676470588234,0.8261720588235293,0.8192294117647058
0.8434764705882353,0.8424764705882352,0.8374382352941175,0.8302955882352941,0.7431441176470587,0.6588382352941176,0.5765852941176469,0.47442205882352934,0.4598441176470588,0.49400147058823524,0.5330455882352941,0.6054602941176469,0.5468764705882352,0.7027426470588236,0.7814926470588234,0.8358573529411765,0.842285294117647,0.8438426470588234,0.8436191176470589,0.8427279411764705,0.8438735294117646,0.8357044117647058,0.8404470588235293,0.8322867647058821,0.8182455882352939,0.7552147058823528,0.6616117647058823,0.6241249999999999,0.5113044117647059,0.5965676470588235,0.6353117647058824,0.7389882352941176,0.651889705882353,0.6386161764705881,0.6206176470588235,0.7688176470588235,0.7843161764705882,0.8255426470588234,0.8439941176470588,0.8423294117647059,0.8369279411764705,0.7857088235294116,0.7504441176470588,0.682285294117647,0.7534455882352941,0.8025249999999998,0.8155573529411764,0.8307279411764704,0.8460176470588234,0.8440676470588234,0.8438941176470587,0.8443602941176469,0.8423764705882352,0.8420691176470587,0.8416117647058824,0.8420088235294116,0.8419647058823528,0.8443514705882352,0.8356235294117647,0.814455882352941,0.7469882352941176,0.7650205882352941,0.8069044117647058,0.8232794117647058,0.8399294117647058,0.833125,0.8390426470588235,0.842835294117647,0.8438308823529411,0.8423514705882352,0.8423279411764705,0.8432191176470588,0.8443882352941176,0.8437632352941176,0.8433691176470587,0.8391514705882351,0.8362573529411764,0.7466897058823527,0.7840294117647059,0.7741750000000001,0.6886588235294118,0.7247176470588234,0.8037382352941176,0.7763970588235294,0.7228176470588235,0.76335,0.6774044117647059,0.7244029411764705,0.7042779411764705,0.7734558823529412,0.8126132352941176,0.8118617647058822,0.8332720588235293,0.8366985294117647,0.843995588235294,0.8434911764705881,0.8133147058823529,0.7761720588235294,0.8009161764705881
0.8437176470588235,0.8435573529411765,0.8341970588235292,0.8326455882352941,0.7120661764705882,0.6433147058823528,0.6034205882352941,0.5438264705882352,0.41509999999999997,0.4624911764705882,0.556885294117647,0.6058029411764705,0.5815588235294117,0.6813676470588235,0.7890661764705882,0.8342264705882352,0.8409573529411765,0.8419838235294116,0.8425044117647058,0.839766176470588,0.8395499999999999,0.8072470588235293,0.8404779411764706,0.8292735294117647,0.7983999999999998,0.7197147058823528,0.6830573529411764,0.6432073529411764,0.5366073529411765,0.5594794117647058,0.616795588235294,0.6662147058823529,0.7160985294117646,0.6781147058823529,0.7247970588235294,0.7232602941176469,0.7559764705882351,0.8306882352941176,0.8435852941176469,0.8355823529411764,0.8355338235294117,0.8115617647058823,0.7880147058823528,0.8058647058823528,0.7708764705882352,0.7739558823529411,0.8347602941176471,0.8307529411764705,0.8428132352941176,0.8458132352941176,0.8429441176470588,0.8433941176470587,0.8422735294117646,0.8416852941176469,0.8418029411764705,0.8419220588235294,0.8430970588235294,0.8444735294117645,0.8444941176470586,0.7649235294117647,0.7353602941176469,0.7748676470588234,0.7903308823529411,0.8121867647058822,0.7896823529411764,0.8306382352941174,0.8398176470588236,0.8429205882352939,0.8431529411764704,0.8422441176470586,0.842155882352941,0.8432088235294116,0.8425426470588235,0.8373249999999999,0.8389044117647059,0.8388235294117647,0.8097338235294117,0.8137573529411763,0.758545588235294,0.7438514705882352,0.7377088235294117,0.698805882352941,0.8186999999999999,0.8059441176470589,0.7666499999999998,0.7733911764705881,0.7542220588235293,0.7560999999999999,0.6327044117647058,0.7452058823529412,0.8071411764705881,0.8153279411764704,0.8408161764705882,0.8435588235294117,0.8432911764705882,0.8422470588235293,0.8393058823529411,0.8142617647058822,0.8307499999999999
0.8434970588235293,0.8391455882352941,0.8428014705882352,0.8220470588235292,0.77345,0.6622176470588235,0.5792441176470587,0.4666161764705882,0.4090941176470588,0.44899117647058817,0.6188323529411763,0.5735014705882353,0.6579823529411765,0.7146779411764704,0.7617132352941175,0.8387441176470587,0.8374235294117647,0.8417249999999998,0.8430647058823528,0.8436397058823529,0.8104514705882352,0.8062882352941176,0.809845588235294,0.7284044117647058,0.8119573529411763,0.7960338235294117,0.6856411764705881,0.6049867647058824,0.5358867647058823,0.5727397058823529,0.5862499999999999,0.6707941176470588,0.7443647058823528,0.6587911764705882,0.6745985294117647,0.7694117647058824,0.7793044117647058,0.8288794117647058,0.841320588235294,0.8422764705882352,0.8323632352941176,0.8164338235294117,0.7295426470588234,0.7897397058823529,0.7858147058823528,0.8092029411764705,0.8208426470588235,0.8297470588235293,0.842195588235294,0.8413382352941176,0.8440397058823528,0.8429294117647057,0.8420147058823528,0.8414999999999999,0.8420970588235294,0.8420691176470587,0.8427926470588235,0.8427764705882352,0.8406647058823529,0.8142823529411763,0.7651911764705882,0.7279426470588235,0.809970588235294,0.7724602941176469,0.7988867647058823,0.8336382352941175,0.8403058823529411,0.8435073529411764,0.8439926470588235,0.8422838235294117,0.8420088235294116,0.8433382352941176,0.8445367647058823,0.8400514705882353,0.8424779411764705,0.8324044117647057,0.8158882352941176,0.832070588235294,0.7497720588235293,0.6649470588235293,0.7455720588235293,0.7183970588235292,0.8109426470588235,0.800245588235294,0.7504029411764707,0.6734161764705882,0.747085294117647,0.7536058823529411,0.7349279411764705,0.7022602941176469,0.818995588235294,0.8248102941176471,0.8351529411764705,0.8337044117647059,0.8440088235294116,0.8424882352941176,0.8361058823529411,0.8299764705882352,0.8240779411764705
0.8435161764705882,0.8441470588235293,0.8406897058823528,0.8276176470588236,0.6929441176470588,0.6290249999999998,0.47675735294117644,0.4441411764705882,0.43182352941176466,0.4130647058823529,0.6027779411764705,0.6165073529411763,0.7019808823529411,0.735310294117647,0.787060294117647,0.8336970588235294,0.8372823529411765,0.8400588235294116,0.8411308823529411,0.8427397058823528,0.8418735294117647,0.8369764705882352,0.8368794117647058,0.8339294117647058,0.8144838235294116,0.7761367647058823,0.668720588235294,0.6075323529411764,0.5307147058823529,0.5121867647058823,0.5958102941176471,0.727870588235294,0.6640161764705881,0.7023249999999999,0.7488970588235292,0.7750176470588235,0.7591897058823529,0.7865264705882353,0.83645,0.8357838235294116,0.8149441176470588,0.8130735294117647,0.7434676470588234,0.790705882352941,0.7513794117647058,0.8092073529411765,0.8235117647058823,0.8339779411764705,0.8427735294117646,0.8457455882352941,0.8441191176470587,0.8428514705882351,0.8423470588235292,0.841420588235294,0.8414999999999999,0.8416117647058824,0.8423220588235293,0.8441441176470588,0.8363941176470587,0.8059397058823529,0.7297191176470588,0.7761029411764705,0.7934014705882352,0.8038147058823528,0.8108514705882353,0.8384132352941175,0.8436852941176469,0.8433264705882352,0.8438941176470587,0.8420191176470588,0.8422044117647057,0.8425367647058823,0.8442029411764704,0.8435941176470587,0.8411514705882353,0.8412720588235293,0.8271882352941176,0.8229249999999999,0.7304779411764705,0.7586970588235293,0.7525926470588234,0.7333573529411764,0.8097882352941176,0.7943485294117646,0.7722044117647058,0.7299852941176469,0.78365,0.7724235294117646,0.7417235294117647,0.736435294117647,0.8031132352941176,0.8231941176470587,0.84195,0.8410147058823528,0.8441441176470588,0.8432970588235293,0.838970588235294,0.8252529411764705,0.8350205882352941
0.8429382352941176,0.844110294117647,0.8400191176470587,0.8179470588235292,0.7075985294117647,0.6968602941176469,0.5112411764705882,0.40764999999999996,0.3402411764705882,0.4013735294117647,0.5584544117647058,0.5472617647058823,0.6137926470588235,0.7294411764705883,0.7913132352941175,0.8331176470588235,0.8438044117647058,0.8432294117647058,0.844,0.8411249999999999,0.8417470588235293,0.8234117647058822,0.8253911764705881,0.8300617647058823,0.7344367647058824,0.7547764705882352,0.6491308823529411,0.5988014705882352,0.5072544117647058,0.5032882352941176,0.6022058823529413,0.6433941176470588,0.7590823529411763,0.6919544117647057,0.758285294117647,0.7373014705882353,0.7899264705882351,0.8309044117647058,0.8414470588235293,0.8380308823529411,0.8285176470588235,0.8215441176470587,0.7813323529411764,0.7815279411764705,0.76445,0.8087999999999999,0.8269647058823528,0.8390838235294116,0.8427352941176469,0.843320588235294,0.8448558823529411,0.8434485294117646,0.8421455882352941,0.8415382352941175,0.8416558823529411,0.8419794117647058,0.8420632352941175,0.8436573529411764,0.8377676470588236,0.7856926470588235,0.7158176470588234,0.760539705882353,0.7945882352941176,0.8141749999999999,0.8339088235294118,0.8371044117647058,0.8442,0.843870588235294,0.8429573529411765,0.8425426470588234,0.8422470588235293,0.8437676470588233,0.8434235294117646,0.8452014705882352,0.8429132352941174,0.8397088235294117,0.8166279411764705,0.805039705882353,0.7271249999999999,0.6503397058823528,0.6924764705882352,0.7675382352941176,0.7973838235294116,0.8174823529411764,0.7392647058823529,0.7277117647058823,0.7251191176470587,0.7689779411764706,0.6577573529411763,0.7486941176470587,0.8272191176470588,0.826125,0.8376161764705883,0.8366205882352941,0.8443073529411763,0.8433897058823528,0.8434499999999999,0.8238749999999998,0.8316367647058822
0.8431676470588234,0.845325,0.8453617647058822,0.8310044117647056,0.7341411764705882,0.7282779411764705,0.5214029411764706,0.4808147058823529,0.4059514705882353,0.5076014705882352,0.5367970588235293,0.5358161764705882,0.5877691176470587,0.7558323529411765,0.7817999999999999,0.8317014705882352,0.8359808823529412,0.8437426470588234,0.8405058823529411,0.8446367647058822,0.8383382352941174,0.8421514705882353,0.8375514705882353,0.8017382352941175,0.8034352941176469,0.7512955882352941,0.6344323529411764,0.627035294117647,0.5206999999999999,0.5612720588235294,0.6382955882352941,0.7186397058823529,0.7160735294117646,0.731345588235294,0.6824397058823528,0.7422397058823529,0.7994397058823528,0.8333794117647059,0.8398647058823528,0.842295588235294,0.8286411764705881,0.7838573529411764,0.7213970588235293,0.7264588235294117,0.7357617647058823,0.7959823529411764,0.8184852941176469,0.8462176470588234,0.8411764705882353,0.8414647058823528,0.8435867647058822,0.8437220588235294,0.8419647058823528,0.8415441176470587,0.8417588235294117,0.8419897058823529,0.8432882352941176,0.8429764705882352,0.8363955882352941,0.7956397058823529,0.7269911764705882,0.7673720588235294,0.7621441176470587,0.7994985294117647,0.8149470588235294,0.8390455882352941,0.8409999999999999,0.8433691176470588,0.8431147058823528,0.8425588235294117,0.8417985294117647,0.8414220588235293,0.8433647058823529,0.8434955882352941,0.8449323529411764,0.8362838235294117,0.830305882352941,0.8083632352941175,0.7470911764705882,0.7332544117647058,0.7014720588235294,0.7062794117647058,0.801510294117647,0.8225602941176471,0.7448514705882352,0.7733455882352941,0.6304029411764706,0.7575588235294117,0.6749794117647058,0.7713441176470587,0.8151308823529411,0.8227882352941176,0.8165382352941175,0.8394411764705881,0.8433735294117646,0.8441470588235293,0.8367882352941176,0.8330205882352941,0.8077529411764706
0.8430147058823528,0.8395882352941175,0.8407014705882353,0.8210779411764705,0.7348044117647058,0.6987088235294117,0.5970647058823528,0.4586279411764705,0.42078970588235287,0.41705294117647057,0.5465132352941175,0.6843558823529411,0.6329514705882351,0.7113441176470587,0.8144338235294116,0.8260470588235294,0.820870588235294,0.8366573529411765,0.8438235294117645,0.8448058823529412,0.8393632352941176,0.8330367647058823,0.841085294117647,0.7859544117647058,0.8230264705882351,0.7959970588235293,0.6143676470588234,0.6338529411764705,0.5680602941176469,0.58485,0.5865617647058823,0.7195661764705883,0.7455485294117646,0.7302735294117646,0.7233720588235293,0.7473617647058823,0.7280397058823529,0.8034235294117646,0.8440044117647058,0.8428397058823529,0.806260294117647,0.8238441176470588,0.7929882352941175,0.7838573529411764,0.7687926470588236,0.8208279411764706,0.8226367647058823,0.8354132352941176,0.8376426470588234,0.8436941176470587,0.8434676470588235,0.8429588235294116,0.8419897058823529,0.8422985294117645,0.8415926470588234,0.8417691176470588,0.8421264705882351,0.8437514705882353,0.8449691176470586,0.7752882352941176,0.7548676470588234,0.7666558823529411,0.7590176470588235,0.7271161764705882,0.8133249999999999,0.8350176470588234,0.8456573529411764,0.8455691176470587,0.8435367647058823,0.8416999999999999,0.8422735294117646,0.8423617647058823,0.8436382352941176,0.8454691176470588,0.8440411764705882,0.8367735294117646,0.8011132352941177,0.8237499999999999,0.7825470588235294,0.6987367647058823,0.6794691176470589,0.7599999999999998,0.8022661764705882,0.8069176470588235,0.7586176470588234,0.6567911764705882,0.7663544117647058,0.7329955882352941,0.7148044117647058,0.7398617647058823,0.803345588235294,0.8264941176470588,0.8291249999999999,0.8406014705882351,0.8383794117647058,0.841670588235294,0.8416514705882352,0.8304441176470586,0.8098867647058823
0.8417794117647058,0.8439985294117646,0.8392088235294117,0.8053573529411765,0.7658970588235293,0.7310514705882352,0.5757117647058823,0.4848838235294117,0.3468441176470588,0.46507205882352937,0.6521676470588235,0.5527808823529411,0.6455249999999999,0.6967735294117646,0.8026338235294117,0.8387838235294117,0.844075,0.8387691176470587,0.8438117647058823,0.8411823529411764,0.8387588235294116,0.8325897058823528,0.8138573529411763,0.8208382352941175,0.799420588235294,0.7844294117647058,0.7370102941176471,0.5966044117647058,0.5134338235294117,0.5709220588235294,0.5953647058823528,0.732595588235294,0.6358691176470587,0.7656558823529411,0.7246426470588233,0.7457808823529412,0.7731499999999999,0.8288720588235293,0.8407882352941176,0.8446588235294116,0.8388852941176469,0.8263294117647058,0.7595044117647057,0.7422411764705882,0.7644573529411763,0.8167470588235293,0.7872970588235294,0.8336676470588235,0.839245588235294,0.8415720588235294,0.8436632352941176,0.8438558823529411,0.8419161764705881,0.8395176470588234,0.8418764705882352,0.8418676470588234,0.8423029411764705,0.843110294117647,0.837010294117647,0.7966897058823529,0.7346411764705882,0.7755823529411764,0.812270588235294,0.8182691176470588,0.7976573529411765,0.8263485294117647,0.8407838235294117,0.8438823529411764,0.8429676470588234,0.8419352941176469,0.8419249999999999,0.8429985294117646,0.8415382352941175,0.8414970588235293,0.8436117647058824,0.8397838235294117,0.8098235294117646,0.8088279411764705,0.7880426470588234,0.7257882352941176,0.7486338235294117,0.7092279411764705,0.7804676470588235,0.8021911764705882,0.6893529411764705,0.7166573529411764,0.773495588235294,0.688520588235294,0.6735985294117647,0.769370588235294,0.7996088235294118,0.8270544117647057,0.8055294117647059,0.837664705882353,0.8416647058823528,0.8438323529411764,0.8340911764705882,0.8204426470588235,0.8052779411764704
0.841085294117647,0.8411794117647058,0.8442602941176469,0.825260294117647,0.7597367647058824,0.6507220588235294,0.5471897058823528,0.46341470588235295,0.3675088235294117,0.5207617647058823,0.5317838235294117,0.664045588235294,0.7071514705882352,0.6473367647058823,0.7931514705882353,0.8311117647058822,0.8423926470588234,0.8416294117647058,0.8440632352941175,0.8412132352941176,0.8428382352941176,0.8352705882352941,0.8371882352941177,0.8252779411764706,0.8320294117647058,0.7706926470588235,0.6326823529411764,0.6036867647058822,0.5441735294117647,0.6201338235294117,0.5233323529411764,0.6628499999999999,0.7499441176470587,0.6898647058823528,0.7104823529411763,0.7455029411764705,0.8082867647058822,0.8308367647058822,0.844560294117647,0.8445294117647058,0.8262911764705881,0.8105191176470589,0.7349735294117646,0.7761264705882353,0.7961470588235293,0.8036499999999999,0.8205441176470587,0.8401132352941175,0.8407411764705881,0.842480882352941,0.8439867647058823,0.8429882352941175,0.842185294117647,0.8416470588235294,0.8416661764705882,0.8415823529411764,0.8425823529411763,0.8427720588235293,0.8350235294117646,0.8032720588235294,0.8057779411764705,0.8042897058823528,0.759210294117647,0.7880588235294117,0.8273882352941175,0.8344235294117647,0.8425191176470587,0.8446088235294117,0.8430441176470587,0.8427544117647057,0.8420632352941175,0.8425176470588235,0.8439867647058823,0.844955882352941,0.8471411764705882,0.8429014705882352,0.8160132352941176,0.7901014705882353,0.7439617647058823,0.6946308823529411,0.6464529411764706,0.7472132352941174,0.7743911764705882,0.7603808823529412,0.7341661764705881,0.7517838235294118,0.7478470588235293,0.7192029411764705,0.7036808823529412,0.767395588235294,0.8189338235294116,0.8215544117647058,0.8068588235294116,0.8438632352941176,0.8442294117647058,0.8410897058823529,0.8410426470588234,0.8389397058823529,0.8367014705882352
0.8433647058823529,0.846005882352941,0.8373514705882352,0.8265705882352941,0.7755264705882353,0.6936279411764706,0.5639779411764705,0.49481176470588234,0.48432794117647054,0.4760264705882352,0.5289514705882352,0.6167132352941176,0.6087058823529411,0.7639073529411764,0.7905779411764705,0.8232647058823529,0.839960294117647,0.8421808823529411,0.8396191176470588,0.8415205882352941,0.8402794117647059,0.8185808823529411,0.8397764705882352,0.795991176470588,0.7672588235294118,0.7264499999999998,0.6978073529411764,0.5749794117647058,0.5589235294117646,0.5779514705882351,0.6064588235294117,0.6524499999999999,0.7113485294117647,0.7270955882352941,0.7194882352941177,0.7753823529411765,0.7718808823529411,0.8174882352941176,0.8421573529411764,0.8383808823529411,0.824410294117647,0.8345499999999998,0.7413735294117646,0.7570323529411763,0.7778779411764706,0.79235,0.8068058823529412,0.8230588235294117,0.8398882352941176,0.8410338235294117,0.844,0.8424294117647058,0.8424985294117645,0.8417691176470588,0.8418970588235293,0.8416911764705881,0.8427191176470586,0.8426735294117648,0.8380911764705882,0.7899249999999999,0.7436455882352939,0.769195588235294,0.7852323529411763,0.7929794117647059,0.8116838235294117,0.837370588235294,0.8465588235294118,0.8426308823529411,0.8438588235294117,0.8417882352941175,0.8422323529411764,0.8435117647058823,0.8435426470588235,0.8388014705882351,0.8429176470588234,0.8382852941176471,0.8397249999999998,0.8149426470588235,0.7704794117647058,0.6806485294117647,0.7418867647058822,0.7401294117647059,0.798520588235294,0.7991823529411765,0.7099411764705882,0.741335294117647,0.7077897058823529,0.6864338235294116,0.6524426470588235,0.7949779411764705,0.8015382352941175,0.8371573529411763,0.8265588235294116,0.843055882352941,0.843816176470588,0.8407617647058823,0.8412485294117646,0.8349544117647059,0.8051235294117647
0.843576470588235,0.8454749999999999,0.8368382352941176,0.8301749999999999,0.748930882352941,0.6760720588235294,0.5643411764705881,0.48175882352941174,0.37042794117647054,0.45012352941176464,0.5817867647058823,0.6130779411764704,0.6316161764705882,0.6898485294117647,0.8178823529411764,0.8371735294117646,0.8358764705882352,0.8392279411764705,0.8437,0.8446397058823528,0.840020588235294,0.8335838235294116,0.8361970588235293,0.8314735294117647,0.8114573529411765,0.7993999999999998,0.6271749999999999,0.6115470588235293,0.5405308823529411,0.5951191176470587,0.6095617647058822,0.6472808823529411,0.6557588235294116,0.7248911764705881,0.7546573529411763,0.7609632352941176,0.8082279411764706,0.8315029411764706,0.8425205882352941,0.8436573529411764,0.8351117647058823,0.825775,0.7990338235294117,0.8004014705882352,0.7474735294117646,0.7933426470588234,0.8274264705882353,0.8225367647058822,0.8397323529411764,0.8432602941176469,0.8409882352941175,0.8395735294117646,0.842155882352941,0.8418676470588234,0.8416558823529411,0.8417588235294117,0.8422,0.8442838235294117,0.8393161764705881,0.7515514705882352,0.7534088235294116,0.7452117647058822,0.7591985294117646,0.7818205882352941,0.8108911764705881,0.8356823529411763,0.8350926470588235,0.843235294117647,0.8430691176470587,0.8415573529411764,0.8415044117647058,0.8411044117647057,0.8422617647058823,0.8454426470588234,0.8446676470588235,0.8324014705882352,0.8284617647058823,0.8212147058823529,0.7823088235294117,0.6969764705882352,0.7637411764705881,0.7028882352941177,0.8075485294117646,0.8067294117647058,0.7674617647058823,0.7356573529411764,0.7301970588235294,0.7787514705882352,0.6940323529411765,0.7749441176470587,0.734435294117647,0.8266735294117646,0.8253779411764705,0.8441514705882353,0.8409985294117647,0.8439764705882352,0.8346647058823529,0.8302102941176469,0.8286352941176469
0.8428735294117646,0.8441573529411763,0.8433705882352941,0.8293573529411764,0.7040441176470587,0.7036720588235292,0.6195382352941176,0.5018132352941176,0.3842632352941176,0.4053985294117647,0.540420588235294,0.6115882352941177,0.6340808823529411,0.6834191176470586,0.8197764705882351,0.8299382352941176,0.8427617647058823,0.842310294117647,0.8370367647058824,0.8404220588235293,0.8378499999999999,0.8314985294117646,0.8370485294117646,0.8341014705882351,0.8000661764705882,0.789055882352941,0.6820661764705881,0.6210058823529411,0.5351720588235294,0.5065411764705882,0.5765411764705882,0.750635294117647,0.6974117647058823,0.7214823529411762,0.7592779411764705,0.7839191176470588,0.7901220588235294,0.8323029411764704,0.8454749999999999,0.8411426470588235,0.8014367647058823,0.8334823529411763,0.7405249999999999,0.7493764705882353,0.7466029411764705,0.768920588235294,0.8145985294117647,0.819920588235294,0.8392897058823529,0.8387014705882352,0.8440117647058822,0.8431691176470587,0.8412249999999999,0.8414073529411764,0.841435294117647,0.841960294117647,0.8430808823529412,0.8436632352941176,0.8401191176470586,0.7724308823529411,0.7587720588235294,0.7798514705882351,0.7822264705882352,0.8109647058823529,0.8009602941176469,0.8301823529411764,0.8434382352941175,0.8438338235294117,0.8432279411764705,0.8426411764705882,0.8421455882352941,0.8430367647058822,0.8446249999999998,0.845105882352941,0.8421676470588234,0.8294617647058823,0.821135294117647,0.8221823529411764,0.7438367647058822,0.7699235294117646,0.6930529411764705,0.7953749999999999,0.8025558823529412,0.8083338235294116,0.7230882352941176,0.7065352941176469,0.7044205882352941,0.705475,0.7262102941176469,0.7672691176470587,0.8107235294117645,0.8209749999999999,0.8352647058823529,0.8365676470588235,0.8404838235294116,0.8392161764705881,0.8307749999999998,0.8369735294117646,0.8091764705882352
0.8408485294117646,0.8428088235294117,0.8404676470588235,0.8219617647058822,0.7789794117647059,0.6351176470588233,0.5021014705882352,0.44203970588235286,0.42839852941176465,0.5137970588235294,0.5472867647058822,0.6279235294117648,0.5305720588235294,0.6815029411764705,0.7632720588235293,0.8327882352941176,0.8393794117647058,0.8415955882352939,0.8436882352941176,0.8417514705882352,0.8437470588235293,0.793875,0.8386058823529411,0.8093999999999999,0.8100176470588234,0.7543176470588234,0.6925161764705882,0.5862617647058823,0.5356985294117647,0.504710294117647,0.5340411764705881,0.6460720588235294,0.6999838235294118,0.7509176470588234,0.7250867647058823,0.6790176470588234,0.7838397058823529,0.8320132352941176,0.836139705882353,0.8401705882352941,0.8319602941176469,0.7939647058823529,0.7981117647058824,0.7378926470588234,0.7949470588235293,0.8230382352941176,0.8222514705882352,0.834595588235294,0.8413426470588236,0.8390867647058823,0.845425,0.8427955882352941,0.8425867647058822,0.8412691176470587,0.8420147058823528,0.8419249999999999,0.8427294117647057,0.8434147058823529,0.8435764705882353,0.8102176470588235,0.7629529411764705,0.8065426470588233,0.7847779411764705,0.7887220588235294,0.8247647058823528,0.8329617647058822,0.8418411764705882,0.8459426470588234,0.8438749999999999,0.8419647058823528,0.8420676470588235,0.8414808823529412,0.8443088235294116,0.8400544117647057,0.8423088235294117,0.840910294117647,0.8243029411764704,0.8171514705882352,0.7581308823529412,0.6975323529411765,0.6912235294117646,0.7039808823529411,0.7879044117647057,0.8013573529411764,0.7326323529411763,0.7458867647058822,0.757325,0.7771558823529412,0.7005029411764705,0.7536132352941176,0.7970367647058824,0.8287411764705882,0.832660294117647,0.8392911764705882,0.8433161764705882,0.8417441176470588,0.8378544117647058,0.8269691176470588,0.8283602941176469
0.8412294117647059,0.843735294117647,0.8378691176470586,0.8200779411764705,0.7636044117647058,0.6587647058823528,0.4739661764705882,0.4154294117647059,0.392125,0.45175588235294106,0.5505499999999999,0.538095588235294,0.5982867647058824,0.74405,0.8103088235294116,0.8307323529411764,0.8403397058823527,0.8454058823529411,0.8425558823529412,0.8432058823529411,0.8399955882352941,0.8287676470588233,0.8353485294117646,0.7923911764705882,0.7944470588235293,0.758535294117647,0.6506544117647058,0.6269455882352941,0.5083544117647059,0.4927426470588235,0.6073941176470588,0.6304220588235293,0.7492323529411764,0.6788073529411764,0.6773308823529411,0.7673014705882352,0.7730485294117646,0.8403735294117646,0.8346794117647057,0.8439220588235293,0.8368264705882351,0.8050573529411763,0.7828161764705882,0.7456191176470587,0.7246911764705882,0.8094602941176469,0.8116382352941176,0.8391279411764706,0.8436132352941176,0.8405529411764704,0.8436647058823528,0.8433720588235294,0.8423955882352939,0.8417044117647058,0.8419941176470587,0.8420720588235292,0.8422588235294117,0.8432,0.8406779411764705,0.8043485294117645,0.7321029411764705,0.8068676470588234,0.8085617647058823,0.7879073529411764,0.827595588235294,0.8361147058823528,0.8437867647058823,0.8444029411764704,0.8429970588235294,0.8420191176470588,0.8415573529411764,0.8427632352941176,0.8438249999999999,0.8444029411764704,0.8379602941176469,0.8368779411764706,0.820164705882353,0.8146088235294116,0.7387647058823529,0.6763176470588235,0.6512176470588235,0.7482441176470588,0.8041514705882352,0.8102191176470587,0.7449382352941175,0.6778220588235293,0.6815691176470587,0.7895470588235294,0.7091044117647058,0.7769897058823529,0.8236029411764706,0.8075985294117646,0.8385132352941175,0.8417544117647057,0.8441749999999999,0.8440852941176469,0.8436588235294117,0.8322661764705882,0.822005882352941
0.8439529411764705,0.843735294117647,0.8425249999999999,0.8242999999999999,0.729305882352941,0.746045588235294,0.5500985294117646,0.4074411764705882,0.45925147058823523,0.45638088235294116,0.4824338235294117,0.577810294117647,0.5955558823529411,0.7033676470588234,0.8118838235294117,0.8360441176470588,0.8417926470588235,0.8413338235294117,0.8435617647058822,0.8458044117647057,0.8458235294117646,0.8249720588235293,0.8369985294117646,0.8224544117647058,0.8188588235294116,0.7774397058823529,0.6510838235294116,0.6906176470588234,0.5350720588235294,0.5104455882352941,0.6511823529411763,0.7253676470588233,0.6766455882352942,0.7166632352941176,0.7347323529411763,0.7688117647058823,0.788430882352941,0.838425,0.8424588235294117,0.8467882352941176,0.8383220588235293,0.8248102941176471,0.7142235294117647,0.7778191176470588,0.8118632352941175,0.7839808823529412,0.8124764705882352,0.8282794117647058,0.8370941176470588,0.8426411764705882,0.845105882352941,0.842370588235294,0.8420044117647059,0.8418573529411763,0.8420044117647058,0.8421073529411763,0.8425470588235292,0.8449985294117646,0.8384073529411763,0.8127367647058822,0.7599529411764706,0.7691455882352941,0.7905985294117647,0.8180926470588233,0.8247647058823528,0.8448926470588234,0.8382941176470587,0.8386970588235293,0.8430191176470588,0.8420279411764705,0.841910294117647,0.8436558823529411,0.8426573529411763,0.8445749999999999,0.8430852941176469,0.8028661764705882,0.7965573529411765,0.807695588235294,0.71575,0.771260294117647,0.7690367647058822,0.7232823529411764,0.7989441176470586,0.7995838235294117,0.7593735294117646,0.7732220588235293,0.7027720588235293,0.7537647058823529,0.6852044117647058,0.7832926470588234,0.7979558823529411,0.8210220588235294,0.8262852941176471,0.8418632352941176,0.8436779411764704,0.8437779411764705,0.8415205882352941,0.8288191176470588,0.7984382352941176
0.8434514705882351,0.8414882352941176,0.8441602941176469,0.8356014705882353,0.6807485294117646,0.6275132352941175,0.5384558823529412,0.45908823529411763,0.4447838235294117,0.47733088235294113,0.6208882352941175,0.6255691176470588,0.5666926470588235,0.7515367647058823,0.7934911764705882,0.8322382352941174,0.8436499999999999,0.8456632352941176,0.8421485294117647,0.8436367647058822,0.8438058823529412,0.8355235294117647,0.8378970588235293,0.831310294117647,0.7929588235294117,0.7396470588235293,0.6129838235294118,0.6233073529411765,0.5116191176470587,0.52755,0.5767367647058823,0.6536985294117647,0.7222632352941177,0.6837867647058823,0.6325941176470588,0.8002235294117647,0.7611485294117647,0.8219529411764706,0.8429941176470587,0.8433588235294117,0.8211014705882351,0.76535,0.7562823529411764,0.7004911764705881,0.762420588235294,0.788485294117647,0.8240235294117647,0.8387338235294117,0.8442249999999998,0.8418632352941176,0.8434235294117646,0.8434720588235294,0.8421367647058823,0.8416367647058822,0.8420779411764704,0.8418426470588234,0.8434499999999999,0.8410411764705882,0.8433926470588234,0.7961235294117647,0.7731029411764704,0.7085941176470588,0.808485294117647,0.7733720588235292,0.8117985294117646,0.8389014705882353,0.8400529411764706,0.843235294117647,0.8435941176470587,0.8425485294117646,0.8422191176470588,0.8427485294117645,0.8444911764705881,0.8443985294117646,0.8439279411764704,0.8323867647058824,0.8151397058823527,0.8159514705882353,0.7790279411764706,0.7222544117647057,0.6918426470588235,0.753920588235294,0.7610970588235292,0.7774926470588235,0.7556411764705881,0.7483073529411765,0.7548764705882353,0.7483044117647059,0.7154308823529412,0.7591426470588234,0.7772970588235293,0.8293220588235294,0.8300764705882352,0.8394529411764705,0.8389823529411765,0.8432808823529412,0.8401676470588234,0.8333485294117645,0.8143676470588235
0.843816176470588,0.8407014705882353,0.8394691176470587,0.8340147058823529,0.6974705882352942,0.6656323529411764,0.5451573529411764,0.4296882352941176,0.43263235294117647,0.42345294117647053,0.5188132352941176,0.6176249999999999,0.5786470588235294,0.7098485294117646,0.8207367647058823,0.840195588235294,0.8398999999999999,0.844285294117647,0.8440161764705881,0.8369117647058822,0.8445911764705881,0.8284691176470588,0.8360720588235293,0.813775,0.8070647058823528,0.7780176470588235,0.7192999999999999,0.6076264705882353,0.5345014705882353,0.6009044117647058,0.6347117647058823,0.7210720588235293,0.7220544117647058,0.6834308823529411,0.6759544117647057,0.8009529411764705,0.7650205882352941,0.833910294117647,0.8449338235294116,0.8368632352941175,0.8303382352941175,0.8044411764705882,0.7402176470588234,0.7840382352941175,0.7404544117647058,0.7981602941176471,0.8251808823529411,0.8327529411764706,0.8441764705882352,0.8419044117647058,0.8437073529411764,0.8431985294117647,0.8420191176470588,0.8415926470588234,0.841905882352941,0.8418029411764705,0.8416823529411764,0.8432911764705882,0.8393411764705883,0.8141970588235294,0.7526838235294117,0.737520588235294,0.7801441176470588,0.819289705882353,0.833685294117647,0.8117132352941177,0.8363808823529412,0.8424838235294116,0.8436867647058823,0.8420573529411763,0.8415044117647058,0.8426691176470588,0.8426470588235294,0.8450823529411765,0.8426132352941176,0.8388191176470587,0.8274132352941176,0.7752220588235293,0.7706441176470588,0.7029132352941175,0.7505632352941176,0.7688779411764705,0.7819661764705882,0.8081764705882352,0.7170029411764705,0.7489882352941175,0.7620132352941176,0.7766661764705882,0.7396617647058823,0.8031514705882352,0.7975926470588235,0.8101661764705881,0.82795,0.8418367647058822,0.8420117647058822,0.8430897058823529,0.8180441176470586,0.820760294117647,0.807460294117647
0.8435794117647059,0.83915,0.8387338235294117,0.7981220588235293,0.7912014705882352,0.7191676470588235,0.5422161764705882,0.5539779411764706,0.4220294117647059,0.4458117647058823,0.6029455882352941,0.5618985294117645,0.6872485294117646,0.7271264705882352,0.7907705882352941,0.8397029411764705,0.8449867647058823,0.8406191176470588,0.8440294117647058,0.8439264705882351,0.83915,0.8282338235294117,0.8356294117647058,0.825495588235294,0.8339867647058824,0.7299838235294117,0.6773323529411763,0.665630882352941,0.41104999999999997,0.5553970588235293,0.5914573529411764,0.6193955882352941,0.7174176470588234,0.7208397058823528,0.7766588235294116,0.7841617647058823,0.7591632352941176,0.8140191176470587,0.8383220588235293,0.8448397058823528,0.8316161764705882,0.8213852941176469,0.7064176470588234,0.7630426470588235,0.785225,0.7848470588235292,0.8258191176470587,0.8373647058823528,0.8447676470588235,0.8354558823529411,0.8454661764705881,0.8437720588235293,0.8428367647058822,0.8417588235294117,0.8416852941176469,0.8420147058823528,0.8431852941176471,0.8450602941176469,0.8433235294117647,0.7740470588235293,0.7789161764705882,0.7446044117647057,0.7886426470588234,0.816905882352941,0.8292441176470586,0.8388823529411763,0.8385999999999999,0.845320588235294,0.8440220588235293,0.8423514705882352,0.8415676470588234,0.8417588235294117,0.8451691176470587,0.8441382352941176,0.8448970588235294,0.8323514705882353,0.8328426470588235,0.7908764705882352,0.774585294117647,0.7475249999999999,0.7227573529411764,0.7085720588235294,0.7605794117647057,0.7577514705882352,0.7843235294117646,0.7432014705882353,0.717285294117647,0.7558617647058824,0.6594588235294118,0.7849941176470588,0.7907426470588234,0.8109838235294117,0.8331470588235294,0.8391647058823528,0.844030882352941,0.8430220588235293,0.8422117647058823,0.8092955882352939,0.8152161764705882
0.8426147058823529,0.8426367647058822,0.842310294117647,0.8195985294117646,0.7166911764705881,0.6420632352941176,0.5867661764705883,0.47380441176470584,0.4168117647058823,0.5057941176470587,0.5169441176470588,0.6292323529411764,0.6079985294117646,0.7517602941176469,0.7694,0.8301470588235292,0.8376617647058822,0.841910294117647,0.8434176470588235,0.8420382352941176,0.8359676470588235,0.8199926470588236,0.8278397058823529,0.8202161764705881,0.8068661764705882,0.7544044117647059,0.6694529411764705,0.6081323529411764,0.5692529411764705,0.5468397058823529,0.5822882352941176,0.6608985294117646,0.7423279411764705,0.703245588235294,0.6905911764705883,0.7263470588235292,0.7685264705882352,0.8274999999999999,0.8408720588235294,0.8398088235294117,0.8362941176470587,0.8228117647058822,0.8021029411764705,0.792364705882353,0.7063735294117647,0.8210867647058823,0.8352941176470587,0.838864705882353,0.840825,0.8419029411764706,0.8431764705882352,0.8417176470588235,0.842120588235294,0.8413617647058823,0.8420235294117645,0.841905882352941,0.8423558823529411,0.8431749999999999,0.8377882352941176,0.8160308823529411,0.7270911764705881,0.7759720588235293,0.8055529411764705,0.7830529411764704,0.8221014705882352,0.8352720588235293,0.8409911764705882,0.8440073529411765,0.8438485294117647,0.8423852941176471,0.8420441176470587,0.8427088235294118,0.8447176470588235,0.843030882352941,0.8421279411764705,0.8410647058823528,0.8326926470588234,0.8022161764705882,0.7611867647058823,0.7078691176470587,0.7172,0.7158485294117647,0.7493911764705882,0.8133294117647057,0.7425382352941177,0.7469073529411764,0.7637632352941176,0.7091382352941175,0.7330161764705881,0.721860294117647,0.79195,0.8138941176470588,0.8163779411764706,0.8453338235294117,0.8428529411764705,0.8428220588235293,0.8431338235294116,0.8350794117647058,0.8328382352941175
0.843355882352941,0.8414441176470587,0.8357602941176471,0.8301558823529411,0.7437367647058822,0.6648970588235293,0.5166058823529411,0.45291176470588235,0.37559411764705875,0.44606911764705875,0.6292691176470588,0.605275,0.5970514705882352,0.6662661764705882,0.8088235294117646,0.8404735294117647,0.8425117647058822,0.8428941176470587,0.8442264705882353,0.8414573529411763,0.8464823529411764,0.8189838235294117,0.8388058823529411,0.827670588235294,0.7830661764705881,0.7791014705882352,0.6973147058823529,0.7051985294117646,0.5474191176470588,0.5724941176470588,0.6085264705882353,0.7268661764705883,0.7152485294117646,0.6456955882352942,0.7013058823529411,0.7621367647058822,0.7719985294117646,0.8364882352941175,0.8345058823529411,0.8448720588235292,0.8317073529411763,0.820555882352941,0.7217691176470588,0.7789044117647058,0.7410264705882352,0.8061470588235293,0.8021529411764704,0.8232073529411764,0.8391132352941176,0.8459588235294118,0.8425308823529412,0.8428411764705882,0.8431014705882351,0.8415926470588234,0.841720588235294,0.8416029411764705,0.8421308823529411,0.8440485294117647,0.8423397058823529,0.8202279411764706,0.7883323529411763,0.7107794117647057,0.8033867647058822,0.8192338235294118,0.833035294117647,0.800005882352941,0.8424191176470588,0.8422058823529411,0.8431294117647059,0.842460294117647,0.8422367647058822,0.8423794117647058,0.8433926470588234,0.8437691176470588,0.8380455882352941,0.8379764705882352,0.8187147058823528,0.7769999999999999,0.7057514705882352,0.6870382352941177,0.7424926470588233,0.7027676470588234,0.7754661764705882,0.8104014705882352,0.6902926470588235,0.7729573529411763,0.7319352941176469,0.7306897058823529,0.7076029411764705,0.7523073529411765,0.8157191176470586,0.8240132352941175,0.8099617647058823,0.8410220588235292,0.8433941176470587,0.8414191176470588,0.8421338235294116,0.815410294117647,0.835510294117647
0.8432088235294116,0.8455632352941175,0.8395911764705882,0.8341117647058823,0.7198999999999999,0.6931691176470587,0.5280705882352941,0.4751235294117646,0.4168691176470588,0.4007926470588235,0.5776794117647058,0.5780485294117645,0.6096676470588235,0.7371985294117647,0.7651029411764705,0.8325573529411764,0.8424161764705882,0.8419308823529411,0.8422941176470587,0.8409823529411764,0.841575,0.8341441176470588,0.8412882352941176,0.8239323529411765,0.829185294117647,0.7843617647058823,0.6260661764705882,0.6224720588235294,0.6229529411764706,0.5752176470588235,0.5711794117647059,0.6874014705882351,0.6794264705882352,0.7466249999999999,0.7435588235294117,0.7189323529411764,0.7640779411764705,0.8354117647058822,0.843060294117647,0.8404764705882352,0.8400941176470588,0.8041441176470587,0.7281779411764706,0.729830882352941,0.8020176470588235,0.750135294117647,0.8306279411764705,0.8389926470588234,0.8444970588235293,0.8433558823529411,0.8446544117647059,0.8431544117647058,0.8420823529411764,0.8418617647058823,0.8417294117647058,0.8420147058823528,0.8429014705882352,0.8431764705882352,0.8381529411764705,0.752535294117647,0.7489455882352939,0.7625132352941176,0.7953441176470587,0.7891838235294117,0.8242852941176471,0.8319088235294116,0.8430117647058822,0.8439529411764705,0.8437764705882352,0.8417779411764705,0.8418220588235292,0.8426161764705881,0.8399985294117647,0.8445897058823529,0.8407117647058822,0.8371911764705882,0.8294588235294117,0.8140705882352939,0.788291176470588,0.7080161764705882,0.7166632352941176,0.69565,0.7642338235294117,0.8147279411764706,0.6759779411764706,0.7108749999999999,0.7056294117647058,0.7755970588235294,0.7172823529411764,0.7287191176470587,0.8103985294117646,0.8251338235294118,0.834720588235294,0.8374985294117646,0.8417264705882352,0.8430676470588235,0.841260294117647,0.8311691176470588,0.8258735294117646
0.8416088235294116,0.8442382352941175,0.8382632352941176,0.8207985294117647,0.7762470588235293,0.6463588235294118,0.5687441176470588,0.42110294117647057,0.4146955882352941,0.4611779411764705,0.5472882352941176,0.5555764705882352,0.5557514705882353,0.7021999999999999,0.8089485294117645,0.841670588235294,0.8418647058823527,0.8460661764705881,0.8409749999999999,0.8424014705882351,0.8342911764705881,0.8279632352941176,0.8398911764705882,0.8161338235294116,0.7865985294117646,0.7916588235294116,0.6633691176470587,0.5741941176470587,0.6340191176470588,0.531485294117647,0.663830882352941,0.6868117647058823,0.5895191176470588,0.694239705882353,0.6952558823529411,0.7775161764705882,0.7138147058823529,0.834960294117647,0.8433720588235294,0.8447088235294117,0.809880882352941,0.8072720588235293,0.8057764705882351,0.7991191176470588,0.7675779411764705,0.8102823529411762,0.8088955882352941,0.8401514705882351,0.8405411764705881,0.8423176470588234,0.8425926470588235,0.8433367647058823,0.8426352941176469,0.8415823529411764,0.8422441176470586,0.8422441176470586,0.8425176470588235,0.8415632352941177,0.8427485294117646,0.7932029411764704,0.7882661764705882,0.749220588235294,0.7980514705882352,0.7907161764705882,0.8192117647058823,0.841020588235294,0.8423720588235294,0.843545588235294,0.8437176470588235,0.8418117647058823,0.8422735294117646,0.8430661764705881,0.8440264705882353,0.8432397058823529,0.8460647058823528,0.8294132352941176,0.8214470588235293,0.8210235294117646,0.7592367647058823,0.7494882352941176,0.6283264705882352,0.7528499999999999,0.8058985294117645,0.8077794117647059,0.734970588235294,0.7422029411764705,0.6966411764705881,0.7441147058823527,0.742275,0.787789705882353,0.820085294117647,0.8256588235294118,0.8307308823529411,0.8384588235294117,0.8429749999999998,0.8393132352941176,0.8436588235294117,0.828710294117647,0.8253264705882353
0.8429044117647058,0.8433941176470587,0.8410176470588235,0.8208,0.7043823529411763,0.686995588235294,0.548445588235294,0.5309073529411764,0.4034970588235294,0.47026911764705875,0.5313147058823529,0.6325602941176471,0.6256676470588235,0.7336514705882352,0.7952117647058822,0.8283573529411764,0.8429117647058822,0.8439323529411764,0.8440647058823528,0.844680882352941,0.8415632352941177,0.8367176470588233,0.8328279411764705,0.8247617647058824,0.8269867647058822,0.7856338235294116,0.6549882352941176,0.5656970588235294,0.5282764705882352,0.5529352941176471,0.5828514705882353,0.7582794117647058,0.6987441176470587,0.6931294117647059,0.7275470588235292,0.7769029411764705,0.7626161764705881,0.838735294117647,0.8474529411764704,0.844735294117647,0.8322573529411764,0.763335294117647,0.7861029411764704,0.7691176470588235,0.7959970588235293,0.7734573529411763,0.8342676470588234,0.8376485294117647,0.8390323529411764,0.8406514705882353,0.844630882352941,0.8435617647058823,0.8422191176470588,0.8416852941176469,0.8420235294117645,0.8419705882352941,0.8437382352941176,0.8439044117647058,0.8412529411764704,0.812245588235294,0.7466147058823528,0.7920382352941174,0.8021764705882353,0.7985720588235293,0.8181470588235292,0.8319235294117647,0.8408264705882352,0.8445191176470587,0.8426852941176469,0.8419544117647056,0.8430088235294116,0.8432632352941175,0.8438926470588234,0.8417779411764705,0.8446573529411764,0.8370147058823528,0.8294382352941175,0.8125147058823529,0.7699176470588235,0.7689617647058822,0.7003014705882352,0.6866926470588234,0.7757485294117648,0.8154441176470586,0.7105029411764705,0.6795044117647059,0.6614867647058822,0.7384058823529411,0.743230882352941,0.765114705882353,0.8149411764705882,0.8140749999999999,0.8309941176470588,0.834560294117647,0.8447191176470588,0.8439455882352941,0.8364294117647059,0.831660294117647,0.8341735294117647
0.8433647058823529,0.841185294117647,0.8335764705882351,0.8352897058823529,0.6873764705882353,0.7030867647058823,0.5382264705882353,0.4744926470588235,0.3664867647058824,0.3967691176470588,0.5039794117647058,0.6199882352941176,0.6360367647058823,0.6951514705882352,0.8228485294117646,0.8364955882352939,0.8395397058823528,0.8444985294117646,0.8447323529411764,0.8428279411764705,0.8425926470588235,0.8373470588235294,0.8394941176470588,0.7988411764705882,0.8270014705882351,0.7638382352941175,0.519945588235294,0.6574676470588234,0.4352147058823529,0.5226205882352941,0.5687161764705881,0.7424779411764705,0.7027441176470588,0.6608499999999999,0.6918602941176469,0.7560176470588233,0.7272382352941176,0.826945588235294,0.8421985294117647,0.8390249999999999,0.8297264705882351,0.8135808823529411,0.7951970588235293,0.7637397058823527,0.8125044117647058,0.8059926470588236,0.8145691176470589,0.8271661764705881,0.8421735294117646,0.8405823529411763,0.844341176470588,0.8435176470588235,0.8419647058823528,0.8414308823529411,0.8416279411764704,0.8422647058823528,0.842670588235294,0.8442926470588233,0.8382191176470587,0.7830514705882352,0.7402249999999999,0.7497441176470587,0.7850999999999999,0.812670588235294,0.816,0.832345588235294,0.8421205882352939,0.8419926470588235,0.84255,0.8421749999999998,0.841910294117647,0.8428029411764704,0.8409249999999998,0.8428338235294117,0.8414926470588234,0.8382397058823529,0.8178867647058823,0.7723426470588234,0.7484367647058824,0.6917661764705882,0.6933073529411763,0.7329455882352941,0.7724264705882351,0.8044499999999999,0.6833161764705881,0.7232529411764705,0.7449411764705881,0.7098573529411764,0.7432602941176469,0.8091455882352941,0.8357911764705881,0.8308191176470587,0.8369249999999999,0.837170588235294,0.8410735294117647,0.8449529411764705,0.8385382352941175,0.7901088235294117,0.8399249999999998
0.8417397058823528,0.8416058823529411,0.8391264705882352,0.8315661764705882,0.7649617647058823,0.7190647058823528,0.5605470588235294,0.514410294117647,0.4000132352941176,0.4814029411764705,0.5728661764705881,0.656030882352941,0.5727955882352941,0.7745249999999999,0.7451470588235294,0.8385132352941177,0.835805882352941,0.8395338235294117,0.8444308823529411,0.845260294117647,0.8436852941176469,0.8354720588235294,0.8446191176470589,0.8126808823529411,0.8257529411764705,0.7795911764705883,0.6407808823529411,0.6179808823529411,0.5408220588235294,0.5640088235294117,0.6636088235294116,0.7188588235294117,0.7214220588235293,0.6717558823529411,0.6963544117647059,0.7888323529411764,0.7718485294117646,0.8324867647058823,0.8432779411764705,0.8431720588235294,0.814025,0.8109926470588235,0.7435514705882351,0.8039911764705883,0.7515323529411765,0.7927852941176471,0.792225,0.83205,0.8295073529411764,0.8435882352941175,0.8443544117647057,0.8422735294117647,0.8423029411764705,0.8415926470588234,0.8421617647058823,0.842460294117647,0.8422,0.8438749999999999,0.842155882352941,0.7505249999999999,0.7641588235294117,0.7402632352941175,0.7668588235294117,0.7927970588235294,0.8251970588235293,0.8271823529411764,0.8423544117647057,0.8445073529411764,0.8441191176470587,0.8416602941176471,0.8423955882352939,0.8439441176470587,0.8442014705882352,0.8406470588235293,0.846120588235294,0.8426779411764704,0.8353073529411764,0.8034485294117646,0.780460294117647,0.7551632352941176,0.7499367647058822,0.689425,0.7601,0.7918205882352941,0.7411088235294118,0.7068985294117647,0.6634573529411764,0.7159867647058823,0.7527117647058822,0.7660617647058823,0.8298897058823529,0.8272191176470588,0.8329867647058823,0.8412235294117646,0.8437426470588234,0.8438426470588234,0.8381970588235294,0.8318249999999998,0.8314352941176469
0.8426088235294116,0.8433808823529411,0.8205735294117646,0.8192205882352941,0.738970588235294,0.7198470588235294,0.5787485294117646,0.46022499999999994,0.3849294117647058,0.4441985294117647,0.6006235294117647,0.6441735294117646,0.6030220588235293,0.6620573529411763,0.7745691176470588,0.8357191176470588,0.8464205882352941,0.8439735294117646,0.839785294117647,0.8443852941176471,0.8422161764705881,0.8343088235294116,0.8321588235294117,0.8359999999999997,0.812210294117647,0.7523647058823529,0.6578220588235293,0.5542617647058823,0.5178764705882353,0.5387544117647058,0.6134,0.7345764705882352,0.7297499999999999,0.7243588235294116,0.6964764705882353,0.7796661764705881,0.8110882352941176,0.8307441176470588,0.8453073529411763,0.8394397058823528,0.8305647058823529,0.8217617647058822,0.7733441176470587,0.7299088235294117,0.7923191176470586,0.7198235294117646,0.8099470588235294,0.8259044117647057,0.8462779411764705,0.8403338235294117,0.843235294117647,0.8431426470588236,0.8424499999999998,0.8415294117647059,0.8414367647058824,0.8423470588235292,0.8426999999999999,0.8430176470588233,0.8451514705882351,0.7889485294117647,0.8047014705882353,0.7718764705882352,0.7463691176470587,0.7789588235294117,0.8143852941176469,0.8294529411764706,0.8439882352941175,0.8442838235294117,0.8429279411764705,0.8413470588235292,0.8415382352941175,0.8433691176470588,0.844035294117647,0.8445382352941176,0.8424294117647058,0.8351323529411764,0.8237602941176471,0.814760294117647,0.6618485294117646,0.7227999999999999,0.7440338235294117,0.7375279411764706,0.7788588235294117,0.7972117647058822,0.7684426470588235,0.7360514705882353,0.7714529411764705,0.7439632352941176,0.6834294117647058,0.7709294117647058,0.7747617647058823,0.8074941176470587,0.798975,0.8400441176470588,0.8428897058823529,0.8438676470588234,0.8419249999999999,0.8291382352941176,0.8328911764705882
0.8432514705882351,0.8399882352941176,0.8303691176470587,0.8289058823529412,0.7246529411764705,0.6583852941176469,0.5515264705882352,0.5345985294117647,0.39663382352941173,0.45732058823529403,0.5904867647058823,0.5952441176470589,0.5614205882352941,0.7128897058823528,0.8039735294117646,0.8401308823529411,0.8461838235294116,0.8459147058823528,0.843770588235294,0.8445029411764706,0.8430029411764706,0.827295588235294,0.8441220588235293,0.8273382352941175,0.8312661764705882,0.7724632352941175,0.625020588235294,0.5321264705882353,0.584910294117647,0.5831720588235293,0.5551338235294118,0.7304617647058823,0.6855323529411764,0.6764897058823529,0.7651779411764705,0.7594132352941174,0.779070588235294,0.8266058823529411,0.8401220588235294,0.8386926470588235,0.8283926470588234,0.826055882352941,0.7595823529411764,0.7841838235294116,0.7871779411764704,0.807355882352941,0.8231970588235293,0.8339485294117646,0.8371102941176469,0.8441441176470588,0.8449808823529411,0.8435382352941175,0.8420029411764703,0.8420441176470587,0.8416558823529411,0.8411514705882353,0.8431014705882351,0.8451441176470589,0.8352132352941176,0.7917220588235293,0.7724382352941176,0.7440647058823529,0.7831044117647059,0.8163999999999999,0.8214911764705882,0.8402058823529411,0.8419294117647058,0.8395588235294116,0.8438249999999999,0.8420676470588235,0.8420764705882352,0.8432617647058823,0.8437073529411764,0.8439588235294118,0.8406617647058823,0.8346985294117647,0.8262176470588235,0.7898235294117646,0.7535705882352941,0.7653426470588234,0.7612661764705881,0.7230720588235294,0.8038838235294117,0.7727147058823528,0.6922132352941175,0.7763382352941175,0.6849147058823529,0.6843691176470588,0.7642588235294117,0.7591455882352941,0.8148823529411764,0.80765,0.8313999999999999,0.8405249999999999,0.8442544117647057,0.8428441176470587,0.8423279411764705,0.8245058823529412,0.8242485294117645
0.8435220588235295,0.8431014705882351,0.8420661764705882,0.8240382352941176,0.6877294117647058,0.6111161764705881,0.5938485294117647,0.4534455882352941,0.40010588235294114,0.46041029411764706,0.5566529411764706,0.6322294117647059,0.6481397058823529,0.6874941176470588,0.782210294117647,0.8357529411764706,0.8386014705882351,0.8434249999999999,0.8413661764705881,0.8442249999999999,0.8447088235294117,0.8097029411764706,0.8337367647058823,0.8259411764705882,0.8177308823529411,0.7482720588235294,0.7081485294117646,0.578339705882353,0.48367499999999997,0.49368676470588235,0.6379205882352941,0.6587367647058823,0.7346485294117646,0.7358397058823528,0.7363617647058823,0.7590382352941175,0.7614161764705881,0.82595,0.8417823529411763,0.8444279411764706,0.831345588235294,0.7834514705882352,0.7511088235294117,0.7883249999999998,0.7976088235294118,0.7820426470588234,0.813189705882353,0.8318911764705882,0.8440676470588235,0.8431411764705881,0.8438999999999999,0.8420367647058822,0.8429014705882352,0.8416367647058822,0.8420338235294117,0.8419794117647058,0.8425970588235293,0.8449470588235293,0.8375999999999998,0.8349132352941175,0.7660499999999999,0.7382970588235293,0.7188014705882353,0.8273661764705881,0.8192573529411764,0.8266352941176469,0.8390147058823527,0.8450044117647059,0.8428852941176469,0.8423573529411764,0.8420529411764704,0.8432529411764705,0.8441382352941176,0.8448470588235294,0.843270588235294,0.8380264705882352,0.8265279411764705,0.8200999999999998,0.7675397058823529,0.7195838235294116,0.6840088235294116,0.7763029411764705,0.7951485294117646,0.8028749999999999,0.7633897058823528,0.7615985294117646,0.775695588235294,0.7603382352941175,0.7314573529411764,0.7319235294117646,0.8118455882352941,0.8266441176470588,0.841460294117647,0.8370897058823529,0.8443573529411763,0.8396294117647058,0.8367029411764706,0.8362970588235293,0.8241279411764705
0.8420867647058823,0.84595,0.8448779411764705,0.8290617647058823,0.7328794117647058,0.692195588235294,0.5401088235294117,0.4748073529411765,0.3825161764705882,0.42083676470588227,0.5721088235294117,0.6020867647058823,0.677416176470588,0.7154794117647059,0.7718294117647059,0.8336838235294117,0.8405044117647057,0.8390970588235293,0.8446338235294116,0.8462220588235294,0.841685294117647,0.8374735294117647,0.8285058823529411,0.807670588235294,0.8256058823529411,0.7696764705882353,0.7044661764705881,0.5773485294117646,0.47999852941176463,0.5377235294117646,0.5970485294117646,0.7215323529411765,0.6874926470588234,0.711935294117647,0.7170588235294117,0.7720602941176469,0.7655720588235293,0.8355308823529412,0.8422779411764705,0.8457544117647058,0.8274926470588234,0.8208161764705881,0.7857764705882352,0.7691926470588235,0.7452897058823529,0.7690073529411765,0.827195588235294,0.8393647058823528,0.8390161764705881,0.8463735294117647,0.8445779411764704,0.8426014705882352,0.8402720588235293,0.8414264705882353,0.8415823529411764,0.8420235294117645,0.8432014705882351,0.8396764705882351,0.8386764705882351,0.7876852941176471,0.7609911764705881,0.7650911764705881,0.7814573529411764,0.7698382352941175,0.8051117647058822,0.8276058823529411,0.8436088235294117,0.8424338235294118,0.843541176470588,0.8425426470588234,0.8420029411764703,0.843345588235294,0.8430882352941175,0.8433529411764705,0.842720588235294,0.8302294117647058,0.8120176470588235,0.8208279411764706,0.7563823529411764,0.7079308823529411,0.6903088235294118,0.7538499999999999,0.780920588235294,0.8012720588235295,0.7427191176470588,0.7718529411764705,0.7645764705882353,0.777660294117647,0.7919397058823529,0.8208794117647058,0.7900147058823528,0.8094191176470588,0.8366897058823529,0.8434220588235293,0.8421397058823528,0.8437308823529411,0.8436882352941175,0.8339264705882352,0.8131794117647058
0.843760294117647,0.8456602941176469,0.8421764705882353,0.8112514705882352,0.7075897058823528,0.6628088235294117,0.5273117647058824,0.5001882352941176,0.4055720588235293,0.4431058823529411,0.5767823529411763,0.6473588235294117,0.6094132352941175,0.739235294117647,0.8098911764705882,0.8348617647058824,0.8404088235294117,0.8425338235294118,0.8440764705882352,0.8433029411764705,0.8423676470588234,0.8357823529411764,0.8165749999999998,0.836360294117647,0.8221102941176471,0.8027411764705882,0.6885426470588235,0.6412338235294118,0.5788676470588235,0.547560294117647,0.5443132352941176,0.6763426470588235,0.7074249999999999,0.7400294117647057,0.7472544117647059,0.7873220588235293,0.7892367647058823,0.8308735294117646,0.8405235294117647,0.8432485294117646,0.8345764705882351,0.767705882352941,0.7747926470588234,0.8019647058823528,0.8050426470588234,0.8080014705882352,0.8259279411764705,0.8425044117647058,0.8457485294117646,0.838270588235294,0.8445029411764706,0.8433911764705881,0.8421411764705881,0.8417838235294117,0.8419705882352941,0.8414073529411764,0.8424308823529411,0.8435676470588234,0.8449838235294116,0.7812823529411763,0.762505882352941,0.7621926470588234,0.7821338235294116,0.7631191176470588,0.791416176470588,0.8445661764705882,0.8418779411764705,0.841645588235294,0.8428249999999999,0.8427338235294116,0.8417485294117646,0.8423014705882353,0.841320588235294,0.8428617647058823,0.8389897058823529,0.8429,0.8172779411764705,0.8199749999999999,0.7774088235294118,0.7192249999999999,0.6655852941176471,0.7346838235294116,0.7420514705882353,0.7973308823529411,0.708735294117647,0.7455926470588234,0.7423941176470588,0.7519779411764705,0.7546588235294116,0.7668794117647059,0.8172117647058822,0.8353852941176468,0.8392647058823529,0.8283191176470588,0.8439794117647058,0.8444661764705881,0.8393720588235293,0.8365897058823529,0.8308058823529412
0.8437573529411765,0.8395073529411764,0.8452911764705882,0.8179926470588235,0.6818602941176469,0.6807808823529411,0.4957455882352941,0.46702794117647056,0.41517058823529407,0.4774058823529411,0.5834985294117646,0.5113617647058823,0.6049867647058824,0.6874897058823528,0.7203220588235293,0.827295588235294,0.838930882352941,0.8437911764705881,0.8439367647058822,0.8417382352941175,0.8449970588235293,0.8307264705882351,0.8372176470588235,0.8299338235294117,0.8160470588235293,0.7775705882352941,0.6191514705882353,0.6349852941176469,0.5415720588235293,0.583295588235294,0.584439705882353,0.6926397058823529,0.7235014705882352,0.6762926470588235,0.7805661764705882,0.7690808823529411,0.7995882352941175,0.8172985294117646,0.8386411764705881,0.8357794117647058,0.8202735294117646,0.8131102941176469,0.7207264705882352,0.7706264705882352,0.7958617647058824,0.7885279411764706,0.8019838235294118,0.8305294117647058,0.8280735294117647,0.8414588235294118,0.8432161764705881,0.8434044117647058,0.8432632352941175,0.8413235294117646,0.8417838235294117,0.8418764705882352,0.8423397058823529,0.8428426470588234,0.8433911764705883,0.7858014705882351,0.719125,0.786295588235294,0.7364970588235293,0.7912397058823528,0.7821661764705882,0.8363617647058823,0.8436132352941176,0.8415338235294115,0.8429632352941177,0.8424147058823528,0.8417397058823528,0.8432632352941175,0.8408602941176471,0.84375,0.8456323529411762,0.8293485294117646,0.8066676470588234,0.7948838235294117,0.7716573529411764,0.7084235294117647,0.7034794117647059,0.7086573529411765,0.8058441176470587,0.8103338235294117,0.7716338235294117,0.748930882352941,0.6970897058823528,0.7415749999999999,0.6189882352941176,0.7917191176470587,0.807991176470588,0.7952852941176469,0.8265514705882352,0.841225,0.8406985294117647,0.8438338235294117,0.8366617647058823,0.8362132352941176,0.8010661764705882
0.8415647058823529,0.844341176470588,0.8348249999999998,0.7908426470588233,0.7514338235294117,0.7511617647058823,0.6020720588235293,0.4448176470588235,0.4627176470588235,0.4834926470588235,0.5931029411764706,0.5587720588235293,0.6383749999999998,0.7010897058823529,0.7987470588235294,0.8272220588235293,0.838485294117647,0.8456147058823529,0.8440044117647058,0.845305882352941,0.8357426470588234,0.8223705882352941,0.8422426470588235,0.8323970588235293,0.809685294117647,0.7887705882352941,0.6832705882352942,0.5756926470588235,0.5527735294117647,0.5761794117647059,0.6243352941176471,0.716195588235294,0.6658691176470588,0.7282926470588234,0.7510352941176469,0.7366632352941176,0.7748044117647058,0.8312573529411763,0.8447985294117647,0.8439147058823528,0.8234426470588235,0.8127661764705881,0.7600911764705882,0.7851529411764705,0.7769338235294116,0.8019735294117646,0.8233911764705881,0.8363323529411764,0.8419897058823529,0.8388308823529411,0.8435235294117647,0.841945588235294,0.8420926470588234,0.8417397058823528,0.8425485294117646,0.8417691176470588,0.8423470588235292,0.8434191176470588,0.8378588235294118,0.8126985294117647,0.8146161764705881,0.7768191176470588,0.812245588235294,0.7551161764705883,0.8269867647058822,0.8468764705882351,0.8408411764705881,0.8418941176470588,0.8434588235294117,0.8372705882352941,0.8413514705882352,0.842860294117647,0.8441308823529411,0.8411764705882353,0.8383911764705881,0.8266764705882351,0.7844544117647057,0.810055882352941,0.7660205882352941,0.7268705882352939,0.7666514705882351,0.7033176470588235,0.7920426470588234,0.7994147058823529,0.6804294117647058,0.7716705882352941,0.7425514705882352,0.7365294117647058,0.7559338235294116,0.7990720588235294,0.821391176470588,0.8239249999999999,0.8338397058823529,0.8385558823529411,0.8448852941176469,0.8406647058823529,0.8423544117647057,0.8108514705882353,0.8381294117647058
0.8427676470588233,0.8436382352941176,0.8378499999999999,0.8286705882352939,0.6911014705882352,0.7132191176470588,0.5833926470588234,0.520760294117647,0.3785970588235294,0.4184058823529411,0.5143911764705882,0.5958808823529411,0.629060294117647,0.7473044117647057,0.8206294117647058,0.8381617647058823,0.8367058823529412,0.8410735294117647,0.842995588235294,0.8446249999999998,0.8405529411764704,0.8364308823529412,0.837175,0.816035294117647,0.7956720588235293,0.7980338235294115,0.6641514705882352,0.6651632352941176,0.5252205882352942,0.6205470588235295,0.5717882352941176,0.6428352941176471,0.7266161764705882,0.7297014705882352,0.7265249999999999,0.720480882352941,0.7929088235294118,0.8280647058823527,0.8430514705882353,0.8403441176470587,0.8047088235294118,0.801955882352941,0.7790294117647057,0.8003852941176469,0.8108911764705883,0.7720529411764705,0.7989617647058823,0.8298838235294117,0.8428176470588234,0.8396514705882352,0.8446058823529411,0.8427367647058823,0.8423661764705881,0.8415735294117646,0.8415544117647058,0.8418029411764705,0.8431014705882351,0.8411220588235294,0.8406470588235293,0.8197749999999999,0.7944691176470589,0.7682,0.8003514705882352,0.8149102941176469,0.8268676470588234,0.8372823529411763,0.8393676470588235,0.8431676470588234,0.8433602941176469,0.8434485294117646,0.8421264705882351,0.843675,0.843680882352941,0.8441308823529411,0.846260294117647,0.8383647058823528,0.8324941176470586,0.8230705882352941,0.7643485294117646,0.6639911764705883,0.7317352941176469,0.7332176470588234,0.7952544117647058,0.7965279411764705,0.7231382352941176,0.7763044117647058,0.7294161764705881,0.7497647058823529,0.7117132352941176,0.7570235294117647,0.8096573529411765,0.8225058823529411,0.8409249999999998,0.8420735294117647,0.843995588235294,0.8420838235294117,0.8426897058823529,0.8295794117647058,0.8284617647058823
0.8436352941176469,0.846235294117647,0.8224735294117645,0.8157632352941177,0.7777279411764705,0.6628823529411764,0.6136941176470587,0.4033514705882353,0.4472382352941176,0.452210294117647,0.5809,0.6450014705882352,0.542345588235294,0.7171352941176469,0.8013911764705882,0.835716176470588,0.8189441176470588,0.8428926470588234,0.8414294117647058,0.8416617647058823,0.8438838235294117,0.8313161764705882,0.8401235294117646,0.820295588235294,0.8140264705882352,0.8071794117647059,0.627570588235294,0.5950249999999999,0.5458926470588235,0.5515044117647059,0.5488602941176469,0.691395588235294,0.6423970588235293,0.7181117647058823,0.6935132352941176,0.729489705882353,0.7819029411764705,0.8328897058823529,0.8424544117647058,0.8429749999999998,0.8324441176470587,0.7751941176470588,0.7767676470588235,0.7726367647058824,0.8045485294117646,0.8090132352941176,0.8093338235294117,0.8293602941176469,0.8445411764705881,0.8386102941176471,0.8441779411764706,0.8429,0.8421205882352939,0.8418676470588234,0.8420044117647058,0.8416558823529411,0.8426073529411764,0.8430411764705882,0.8358161764705881,0.810710294117647,0.7507191176470588,0.769170588235294,0.7851573529411763,0.8151911764705883,0.8193632352941176,0.844480882352941,0.844485294117647,0.8418044117647058,0.8433117647058822,0.8426264705882353,0.8420529411764704,0.8442323529411764,0.8436338235294117,0.8460558823529412,0.8444308823529411,0.8302235294117646,0.8213264705882353,0.8069647058823529,0.7368014705882351,0.7185705882352941,0.7141691176470587,0.6837573529411763,0.7951338235294116,0.7968882352941176,0.7540588235294117,0.679945588235294,0.7821970588235293,0.802420588235294,0.7407264705882352,0.7625235294117646,0.8045044117647058,0.8148647058823528,0.8241808823529411,0.8366294117647058,0.8442,0.8426735294117645,0.8328073529411765,0.8301852941176471,0.8331176470588235
0.8432235294117646,0.8408602941176471,0.8432485294117646,0.8256249999999999,0.731520588235294,0.743760294117647,0.5642220588235294,0.4327308823529411,0.4840485294117646,0.5569323529411764,0.5626470588235294,0.5742058823529411,0.6245573529411764,0.7313705882352941,0.7995441176470587,0.8344544117647058,0.8398705882352939,0.8427176470588235,0.8448735294117646,0.8382867647058823,0.8424249999999999,0.8191308823529412,0.8388014705882351,0.8218794117647058,0.8216691176470589,0.7599132352941176,0.5820220588235293,0.72875,0.5299220588235294,0.5680397058823529,0.5349735294117647,0.710775,0.6635058823529411,0.6713852941176469,0.7567588235294116,0.7481426470588235,0.7753794117647057,0.8246470588235293,0.842705882352941,0.8416455882352941,0.8196132352941176,0.8225970588235293,0.780741176470588,0.7637514705882352,0.780235294117647,0.795466176470588,0.8215176470588234,0.8315720588235294,0.8370647058823529,0.8431514705882353,0.844510294117647,0.8431279411764704,0.8421941176470588,0.8415926470588234,0.8417397058823528,0.841905882352941,0.8423514705882352,0.8436705882352941,0.8360367647058823,0.7599602941176471,0.7849808823529411,0.7844720588235293,0.7892455882352941,0.8180867647058823,0.8187588235294118,0.8296749999999999,0.8431588235294117,0.8446176470588234,0.8429088235294118,0.842964705882353,0.842210294117647,0.8434926470588235,0.843675,0.841291176470588,0.8422058823529411,0.8400279411764705,0.8238014705882353,0.8229632352941175,0.7442999999999999,0.776895588235294,0.6982823529411764,0.7716249999999999,0.7749764705882353,0.807360294117647,0.7424382352941175,0.783755882352941,0.7469058823529412,0.7608338235294116,0.7574617647058823,0.7651220588235295,0.7919205882352939,0.8006338235294116,0.8345823529411763,0.8439220588235293,0.8445426470588234,0.843275,0.837895588235294,0.8108441176470588,0.8300132352941176
0.8437132352941176,0.84255,0.8440926470588234,0.8408838235294116,0.6806602941176468,0.6499161764705882,0.5810794117647058,0.5149485294117646,0.3783264705882352,0.47873088235294115,0.5623073529411764,0.5934779411764706,0.5803455882352941,0.7326632352941176,0.8147588235294116,0.8313985294117647,0.8440147058823528,0.8405735294117646,0.8439073529411762,0.8437044117647058,0.8377779411764704,0.8341235294117646,0.8377264705882351,0.8144720588235295,0.8147294117647058,0.791655882352941,0.6771485294117646,0.5809147058823529,0.5406367647058823,0.5169794117647059,0.5757235294117645,0.7474441176470588,0.6825970588235293,0.695495588235294,0.7348544117647058,0.7703323529411764,0.7780147058823528,0.809310294117647,0.8423382352941176,0.8406014705882353,0.8303382352941175,0.8244264705882351,0.7586441176470587,0.756010294117647,0.7731470588235294,0.761655882352941,0.8243088235294116,0.8300323529411765,0.8427647058823529,0.840285294117647,0.8405852941176469,0.8430029411764705,0.8425573529411764,0.8414999999999999,0.8414897058823528,0.8419705882352941,0.843370588235294,0.8424470588235294,0.8431764705882352,0.778455882352941,0.7982279411764706,0.7282764705882352,0.8003279411764705,0.7942794117647057,0.8307058823529411,0.8331676470588234,0.843580882352941,0.8450794117647057,0.8433191176470587,0.8417235294117646,0.841910294117647,0.840920588235294,0.8436191176470589,0.8410441176470588,0.8398382352941176,0.8358014705882353,0.8183308823529412,0.780895588235294,0.7722661764705882,0.750335294117647,0.7159264705882352,0.7655441176470588,0.784935294117647,0.7997735294117646,0.7567970588235293,0.7353132352941176,0.7025779411764705,0.7262279411764705,0.7389338235294117,0.806785294117647,0.8281,0.8321279411764704,0.8254279411764706,0.8432220588235293,0.8444544117647059,0.8445720588235294,0.8225220588235292,0.8336632352941176,0.7784794117647058
0.8407985294117647,0.8433235294117647,0.8417985294117647,0.8361191176470588,0.7541882352941175,0.6689529411764706,0.5360499999999999,0.4834573529411764,0.3848676470588235,0.4913529411764705,0.6008985294117646,0.5220470588235294,0.5469014705882352,0.71215,0.7721308823529411,0.8358529411764705,0.8437764705882352,0.8453764705882352,0.8429073529411764,0.8437514705882353,0.8385044117647058,0.8320823529411765,0.8376058823529411,0.8228911764705882,0.7977397058823529,0.7686941176470588,0.6928132352941176,0.6383249999999999,0.4984382352941176,0.5349014705882352,0.6131176470588234,0.7075014705882352,0.6642088235294117,0.7047249999999999,0.7479499999999999,0.8009264705882352,0.7905249999999999,0.8271441176470588,0.8383485294117646,0.8377897058823529,0.8399999999999999,0.8184779411764704,0.7648147058823528,0.7876676470588234,0.8005779411764705,0.7911602941176469,0.8125985294117646,0.8340955882352941,0.8408117647058824,0.8404176470588234,0.8424676470588235,0.8434235294117646,0.8425426470588234,0.8418676470588234,0.8418573529411763,0.84195,0.8421014705882351,0.8446544117647059,0.8346470588235292,0.8063014705882352,0.7860941176470587,0.7360529411764705,0.7606749999999999,0.767710294117647,0.8174720588235294,0.8340647058823528,0.8423926470588234,0.8444779411764705,0.8428794117647058,0.8419705882352941,0.8419735294117646,0.8436691176470588,0.843235294117647,0.8432485294117646,0.8422191176470588,0.8269529411764704,0.8264426470588233,0.7672602941176471,0.7722823529411764,0.7617455882352939,0.742995588235294,0.7184058823529411,0.7848691176470587,0.8135426470588235,0.664585294117647,0.6880029411764705,0.740220588235294,0.7656647058823528,0.670655882352941,0.7612294117647058,0.7609073529411764,0.8097073529411764,0.8346323529411763,0.8440661764705881,0.844725,0.8408749999999999,0.8433264705882352,0.8291220588235294,0.8244720588235294
0.841445588235294,0.8451588235294117,0.8418088235294116,0.8168338235294117,0.7636941176470589,0.7065588235294118,0.5460132352941176,0.46466617647058817,0.34414852941176466,0.4085455882352941,0.5338367647058823,0.588964705882353,0.6357308823529411,0.7571264705882352,0.7630838235294117,0.8385588235294117,0.8438838235294117,0.8442617647058823,0.8409029411764705,0.8436382352941176,0.8430985294117646,0.805985294117647,0.8411794117647058,0.8189132352941175,0.8252308823529412,0.7933573529411764,0.674130882352941,0.7098294117647059,0.544010294117647,0.5338573529411764,0.6388073529411764,0.6788176470588235,0.7402632352941175,0.6846823529411763,0.7221985294117645,0.7790147058823529,0.8007073529411765,0.8190014705882352,0.8444235294117646,0.8418514705882352,0.8236044117647058,0.8091882352941177,0.7809794117647059,0.779010294117647,0.739914705882353,0.7751955882352941,0.8273073529411764,0.8314764705882353,0.8188647058823528,0.8423602941176469,0.8441191176470587,0.8423323529411764,0.8426411764705882,0.8417014705882353,0.8416117647058824,0.8419794117647058,0.8414014705882351,0.8442294117647058,0.8367941176470587,0.794120588235294,0.756785294117647,0.8016397058823529,0.723385294117647,0.7930764705882353,0.8234602941176469,0.8368308823529411,0.8444558823529411,0.8449941176470588,0.8438897058823529,0.8421367647058823,0.8420485294117647,0.8418955882352941,0.841785294117647,0.8446455882352939,0.8455749999999999,0.8352588235294117,0.8289749999999998,0.7911014705882353,0.7285882352941175,0.7169588235294118,0.7388191176470588,0.7624808823529411,0.7375323529411763,0.7825779411764705,0.7161220588235293,0.7574676470588235,0.7576058823529411,0.7447867647058823,0.7417926470588235,0.7463794117647058,0.8161999999999999,0.8074397058823529,0.8355308823529412,0.8431147058823528,0.843510294117647,0.8433823529411762,0.8319882352941176,0.8294117647058824,0.8236191176470586
0.8423544117647057,0.8455897058823528,0.8310058823529411,0.8267367647058823,0.6885999999999999,0.6769411764705882,0.5106058823529411,0.4239926470588235,0.35683088235294114,0.4387720588235294,0.5972117647058823,0.6633235294117646,0.6595867647058823,0.6831367647058822,0.7731058823529412,0.8382397058823529,0.8365676470588235,0.8428279411764705,0.8439279411764705,0.8451852941176471,0.8392970588235292,0.8275705882352941,0.8364749999999999,0.8247999999999999,0.8254058823529411,0.7863617647058824,0.6292735294117645,0.5198735294117647,0.5123161764705881,0.4822735294117647,0.623745588235294,0.6849279411764706,0.7192308823529411,0.6197970588235293,0.7356411764705881,0.7371838235294117,0.7658220588235293,0.8268808823529411,0.8428264705882352,0.8457970588235293,0.8351882352941176,0.8109867647058823,0.7871544117647058,0.7661676470588233,0.7818999999999998,0.7539220588235294,0.8222691176470587,0.831580882352941,0.8393014705882352,0.8370558823529411,0.8422367647058822,0.8428029411764704,0.8422676470588235,0.8419411764705882,0.8416470588235294,0.8420779411764704,0.8428661764705881,0.8431014705882351,0.8378661764705881,0.7898838235294117,0.783,0.7381338235294117,0.8111102941176469,0.80935,0.8257176470588233,0.8379279411764705,0.8436676470588236,0.8446382352941176,0.843270588235294,0.8419794117647058,0.8425676470588234,0.8427176470588235,0.8445720588235294,0.8447558823529411,0.8430529411764704,0.8326205882352941,0.8102647058823529,0.8108382352941176,0.7746352941176469,0.7656117647058822,0.7493176470588234,0.7326014705882353,0.7668249999999999,0.7772147058823529,0.709629411764706,0.6495382352941176,0.7842411764705881,0.7711352941176469,0.7041779411764706,0.7701044117647059,0.7960764705882353,0.8158279411764705,0.8263029411764705,0.8424132352941176,0.8436691176470588,0.8435867647058822,0.841510294117647,0.8185308823529411,0.8286544117647058
0.8433882352941175,0.8456338235294116,0.8337338235294117,0.827585294117647,0.7496514705882353,0.6878117647058823,0.5814779411764704,0.4867132352941176,0.3956441176470588,0.4311161764705882,0.5577941176470588,0.6318058823529411,0.613155882352941,0.7197470588235294,0.761035294117647,0.8352044117647057,0.8332308823529411,0.8426279411764706,0.8422294117647058,0.841495588235294,0.8353867647058822,0.8241838235294117,0.8411838235294118,0.8129397058823529,0.8267749999999999,0.7954294117647058,0.6627985294117646,0.6357779411764706,0.5959029411764705,0.5305529411764706,0.5947676470588235,0.6620794117647059,0.7100735294117646,0.6716794117647058,0.767360294117647,0.7836279411764706,0.7453176470588235,0.8380911764705882,0.8432867647058823,0.8409558823529412,0.8301955882352939,0.8123338235294117,0.7712911764705882,0.7708544117647058,0.7847882352941177,0.799975,0.8119411764705882,0.8306382352941176,0.8405705882352941,0.8336764705882352,0.8442602941176469,0.8434485294117646,0.8412117647058823,0.8418676470588234,0.8421705882352941,0.8415088235294117,0.842460294117647,0.8446647058823528,0.8439897058823528,0.786485294117647,0.7719544117647058,0.7902823529411764,0.7891088235294117,0.7983661764705882,0.819920588235294,0.8162720588235294,0.8430058823529412,0.8434264705882353,0.8436882352941176,0.8425529411764705,0.8423867647058823,0.8438029411764705,0.8443132352941175,0.842260294117647,0.8389691176470588,0.813135294117647,0.8273117647058822,0.7943455882352941,0.7505279411764706,0.7292588235294116,0.7202176470588234,0.6541176470588235,0.7700720588235294,0.7821485294117646,0.7307573529411764,0.7146147058823529,0.7262441176470588,0.7611661764705882,0.7245882352941175,0.7605808823529412,0.7697720588235293,0.8265323529411764,0.8293676470588234,0.8392823529411764,0.841745588235294,0.8408220588235292,0.8411147058823528,0.8138632352941174,0.8179205882352939
0.8428661764705881,0.8435926470588235,0.8354264705882353,0.8058,0.7371617647058822,0.6801720588235293,0.558585294117647,0.4147470588235294,0.45510441176470584,0.4482132352941176,0.5822029411764705,0.619775,0.5775338235294116,0.6896823529411764,0.764945588235294,0.8275161764705882,0.8435338235294116,0.8445426470588234,0.8435588235294117,0.8455191176470588,0.8461338235294117,0.8355823529411764,0.8390470588235294,0.8207058823529411,0.8215102941176471,0.7728294117647059,0.6759705882352941,0.6554220588235294,0.4838161764705882,0.5952911764705882,0.5689220588235293,0.6889632352941176,0.6732838235294116,0.7648691176470588,0.6681191176470588,0.7413499999999998,0.7611573529411764,0.8362661764705881,0.8422867647058823,0.8387176470588233,0.8336117647058823,0.7669323529411763,0.7519779411764705,0.789660294117647,0.788620588235294,0.8078647058823528,0.7879058823529412,0.8352632352941176,0.8439882352941175,0.8387279411764705,0.8436294117647057,0.8430485294117647,0.8432147058823528,0.8414161764705881,0.8418029411764705,0.8420044117647058,0.8418749999999999,0.8435617647058823,0.8437529411764705,0.8164661764705882,0.7781661764705882,0.6607029411764704,0.7919794117647058,0.7661705882352942,0.8293264705882352,0.8156132352941176,0.842475,0.8397911764705882,0.8438779411764704,0.8419161764705881,0.8393264705882352,0.8429147058823528,0.8446338235294116,0.8445661764705882,0.8423485294117646,0.8397867647058822,0.8309426470588235,0.771110294117647,0.6763352941176471,0.7531441176470588,0.7179485294117646,0.6710823529411764,0.7986455882352941,0.8139088235294117,0.695660294117647,0.7634661764705882,0.768060294117647,0.8165514705882352,0.7868705882352941,0.749945588235294,0.7942455882352941,0.795985294117647,0.8360441176470588,0.8426823529411764,0.8377411764705882,0.8428794117647058,0.8415926470588234,0.8249764705882352,0.8303926470588235
0.843964705882353,0.8446029411764704,0.8396735294117647,0.825560294117647,0.7765867647058822,0.6203235294117647,0.5215897058823529,0.43437499999999996,0.40617205882352936,0.449920588235294,0.6431838235294116,0.5927999999999999,0.6579867647058822,0.7260661764705882,0.7860544117647057,0.8405735294117646,0.8427323529411763,0.8413735294117646,0.841945588235294,0.8449499999999999,0.8427926470588235,0.8277882352941175,0.8412029411764705,0.8239544117647059,0.8133661764705881,0.8014397058823529,0.5680161764705882,0.5535323529411764,0.5452588235294118,0.5247323529411764,0.6023294117647059,0.6958323529411764,0.7360852941176471,0.7018985294117646,0.6667588235294117,0.7565308823529412,0.8063970588235292,0.8388308823529411,0.8450838235294117,0.8467132352941176,0.8338176470588234,0.7957279411764705,0.7447529411764706,0.7424544117647057,0.7467367647058822,0.8239058823529412,0.8132485294117645,0.8360088235294117,0.841810294117647,0.8456926470588234,0.8450897058823529,0.8414470588235293,0.8422588235294117,0.8416661764705882,0.8415926470588234,0.8419794117647058,0.842210294117647,0.8421426470588236,0.8410176470588234,0.8166749999999999,0.7461294117647057,0.7722338235294117,0.7600867647058823,0.7976970588235294,0.8344249999999999,0.8409367647058823,0.8382926470588236,0.8440161764705881,0.8440808823529411,0.8423132352941175,0.8421014705882351,0.8433308823529412,0.8431882352941175,0.8429058823529411,0.8418749999999999,0.8377779411764704,0.8221014705882351,0.8089132352941175,0.7789573529411764,0.7704235294117646,0.7111220588235293,0.7806,0.7696249999999999,0.7946029411764705,0.7341147058823528,0.7142544117647058,0.771116176470588,0.754220588235294,0.6906735294117646,0.7356794117647059,0.8211382352941176,0.7994161764705883,0.826560294117647,0.8434544117647058,0.8455279411764705,0.8440441176470587,0.8446985294117646,0.8193323529411763,0.8332
0.8440499999999999,0.8449779411764705,0.8361691176470587,0.825255882352941,0.7651720588235293,0.6882720588235294,0.5641161764705882,0.41268676470588234,0.45565294117647054,0.4816779411764705,0.6118499999999999,0.6068205882352941,0.6082176470588235,0.6841014705882352,0.8125338235294117,0.8395999999999999,0.8242558823529411,0.8458499999999999,0.842341176470588,0.8428176470588234,0.8441985294117648,0.824375,0.8417514705882352,0.8277882352941176,0.8168,0.7391323529411763,0.6219397058823529,0.6359617647058823,0.5149867647058823,0.5338794117647058,0.5223735294117646,0.6840602941176469,0.6696632352941176,0.6985632352941176,0.7085544117647059,0.7585088235294116,0.7970794117647058,0.8396823529411763,0.8364970588235293,0.8412441176470588,0.8285691176470589,0.8085426470588234,0.7609544117647059,0.7716794117647058,0.7584588235294116,0.8076838235294117,0.8182632352941176,0.8340867647058822,0.8397426470588235,0.8433470588235292,0.8450897058823529,0.8431220588235294,0.8425529411764705,0.8414897058823528,0.8416220588235293,0.8418132352941176,0.8432485294117646,0.8433749999999999,0.842964705882353,0.8123426470588234,0.7339382352941176,0.7463308823529411,0.7574088235294117,0.7609794117647058,0.827985294117647,0.8431749999999999,0.8440867647058823,0.8452308823529411,0.8427044117647058,0.8417485294117646,0.8422735294117646,0.8440602941176469,0.8421867647058823,0.8448455882352941,0.8447279411764705,0.8007691176470588,0.8247632352941175,0.7991632352941176,0.7591411764705882,0.708405882352941,0.7026279411764705,0.7690220588235294,0.766870588235294,0.8111617647058823,0.6949382352941176,0.7472249999999999,0.7710338235294117,0.7426147058823529,0.7190485294117647,0.7765044117647057,0.7730191176470587,0.8319044117647059,0.8348749999999998,0.8450588235294116,0.8446323529411763,0.8432838235294117,0.8366514705882352,0.8346661764705882,0.8258735294117646
0.8436691176470588,0.8436676470588234,0.8317382352941176,0.8291808823529411,0.787395588235294,0.7129235294117646,0.5480235294117647,0.46059264705882347,0.4553014705882352,0.4557911764705882,0.5674911764705881,0.5952088235294116,0.6734544117647058,0.7561632352941176,0.7493941176470587,0.8341338235294117,0.843239705882353,0.844341176470588,0.8442514705882351,0.8422073529411763,0.8416588235294117,0.8372852941176471,0.8326985294117646,0.8073235294117648,0.8341882352941176,0.7941808823529412,0.660120588235294,0.5989720588235293,0.5744352941176469,0.5026382352941176,0.5215955882352941,0.7223088235294116,0.7351647058823528,0.6966720588235293,0.7495191176470587,0.795125,0.7907367647058823,0.8316632352941176,0.8414647058823528,0.8397764705882352,0.8092352941176469,0.7684970588235294,0.7825161764705881,0.7227191176470588,0.752995588235294,0.7802441176470587,0.8191794117647059,0.8277264705882352,0.8382823529411764,0.8419514705882353,0.8429279411764705,0.8429691176470586,0.8425029411764705,0.8416029411764705,0.8417691176470588,0.8420338235294117,0.84215,0.8434647058823528,0.8374397058823528,0.7575411764705882,0.766160294117647,0.6912676470588236,0.7558485294117647,0.7985294117647057,0.8313999999999999,0.8308823529411764,0.8386117647058823,0.8420749999999999,0.8432073529411764,0.8422779411764705,0.8418514705882352,0.8434970588235293,0.8441308823529411,0.8423367647058824,0.8378926470588235,0.807180882352941,0.8244029411764705,0.8103632352941176,0.7315808823529412,0.7027794117647058,0.7323499999999998,0.7255514705882352,0.7909044117647057,0.7732441176470588,0.7152220588235293,0.7928588235294117,0.7382529411764706,0.7422529411764706,0.7648367647058821,0.7653676470588233,0.7993044117647058,0.8187161764705881,0.8331661764705882,0.8409470588235294,0.8409573529411765,0.8427970588235293,0.838135294117647,0.8343588235294116,0.7938470588235295
0.8423602941176469,0.8438470588235294,0.841420588235294,0.8281632352941175,0.7733044117647058,0.6971588235294117,0.5065294117647058,0.4416661764705882,0.42689999999999995,0.4186999999999999,0.5013058823529412,0.5544941176470587,0.6409088235294117,0.7264191176470588,0.7740794117647058,0.8098955882352941,0.8450205882352939,0.8448941176470588,0.842995588235294,0.8444382352941175,0.8445441176470588,0.840985294117647,0.8300617647058823,0.8089970588235292,0.7797852941176471,0.7503823529411765,0.6902264705882353,0.6275338235294117,0.5093249999999999,0.5507897058823529,0.5900544117647057,0.7160808823529412,0.6428161764705882,0.715435294117647,0.7584338235294117,0.7253794117647058,0.7785382352941176,0.8287117647058823,0.8425720588235294,0.8444794117647058,0.8163705882352941,0.7928279411764705,0.7394926470588234,0.7769323529411764,0.764745588235294,0.8041235294117647,0.8188588235294116,0.836660294117647,0.8418558823529411,0.8381999999999998,0.8438985294117646,0.8424117647058823,0.8423764705882352,0.8414897058823528,0.8416367647058822,0.8420191176470588,0.8423132352941175,0.8413544117647058,0.842820588235294,0.761410294117647,0.7245823529411763,0.7622838235294116,0.7548794117647057,0.7543882352941176,0.7913794117647058,0.8318249999999999,0.842914705882353,0.8438999999999999,0.8432176470588234,0.842460294117647,0.8425764705882354,0.8428514705882351,0.8426985294117646,0.8441764705882351,0.8446955882352941,0.8378911764705883,0.7882220588235294,0.7681455882352941,0.7419117647058823,0.7434720588235293,0.7019029411764706,0.7616632352941176,0.7872132352941175,0.7737588235294117,0.6453132352941177,0.7394882352941177,0.6900676470588235,0.7526647058823529,0.7752970588235293,0.7662735294117646,0.7993838235294117,0.8181176470588235,0.8317205882352939,0.8385676470588235,0.843729411764706,0.8434794117647059,0.8320191176470587,0.8343647058823529,0.8243529411764705
0.8441647058823528,0.8451794117647059,0.8410911764705881,0.831525,0.69975,0.7119632352941176,0.5526676470588234,0.47119999999999995,0.40411323529411763,0.4436794117647058,0.5958794117647058,0.5959573529411764,0.6532588235294117,0.6941867647058824,0.7735897058823529,0.8333514705882353,0.8436823529411764,0.8368794117647058,0.8443764705882353,0.8451897058823528,0.8413044117647057,0.837975,0.8364205882352941,0.838055882352941,0.8201544117647058,0.790370588235294,0.6079720588235294,0.6065897058823528,0.527030882352941,0.5718794117647058,0.5565867647058823,0.7034602941176471,0.7370970588235293,0.7489220588235294,0.7487955882352941,0.7444838235294118,0.7889205882352941,0.8345823529411763,0.8414294117647058,0.8409323529411763,0.8358764705882352,0.7751397058823528,0.7087014705882352,0.7967808823529412,0.7800264705882353,0.8084235294117647,0.8174661764705882,0.8246382352941176,0.8429926470588235,0.8437132352941175,0.842995588235294,0.8435632352941176,0.8422838235294117,0.8419411764705882,0.8417941176470587,0.8423220588235293,0.8421470588235292,0.8421632352941176,0.8425867647058822,0.784280882352941,0.768470588235294,0.7638544117647058,0.7601367647058822,0.7843338235294117,0.8133838235294117,0.8344955882352939,0.8361632352941175,0.842960294117647,0.8428294117647057,0.8421455882352941,0.8420823529411764,0.8431985294117647,0.8453044117647058,0.8452573529411763,0.8437411764705882,0.8342749999999999,0.8157352941176469,0.8241985294117645,0.7865794117647057,0.7751926470588234,0.7115338235294117,0.7066249999999998,0.773080882352941,0.799635294117647,0.709375,0.7226426470588234,0.7040823529411765,0.772485294117647,0.7096264705882351,0.7525588235294117,0.7997323529411764,0.8009647058823528,0.8217264705882352,0.8344676470588235,0.8421426470588236,0.8411941176470586,0.8416544117647058,0.8284426470588234,0.8301558823529411
0.8433941176470587,0.8436161764705881,0.8360573529411764,0.8229647058823527,0.7184735294117646,0.6306029411764705,0.5310941176470587,0.4778676470588235,0.4633955882352941,0.4732617647058823,0.5797602941176471,0.6676029411764705,0.7008441176470588,0.7197499999999999,0.7764176470588235,0.8337573529411764,0.8410014705882352,0.8443779411764705,0.8441249999999999,0.8446558823529411,0.8395058823529411,0.8238147058823528,0.8307823529411763,0.8120691176470587,0.806985294117647,0.7829073529411763,0.6480794117647058,0.538670588235294,0.4993617647058823,0.5503602941176471,0.6411529411764706,0.630020588235294,0.6796867647058822,0.6858235294117647,0.7264691176470587,0.7100191176470587,0.8052323529411763,0.8051735294117646,0.8445926470588235,0.8436882352941176,0.8092338235294115,0.8211279411764705,0.7813558823529412,0.7727499999999998,0.7742941176470588,0.7987147058823528,0.8079499999999998,0.837766176470588,0.8445044117647058,0.8442999999999998,0.8444323529411764,0.8433367647058823,0.8427794117647058,0.8416279411764704,0.8415823529411764,0.8414014705882351,0.8427985294117647,0.8415647058823529,0.8406632352941175,0.8006764705882351,0.8155367647058823,0.7789911764705882,0.7715955882352941,0.8052544117647059,0.8241823529411765,0.8363794117647056,0.839020588235294,0.8452764705882353,0.8432058823529411,0.8422235294117645,0.8429838235294117,0.84335,0.8436514705882353,0.8436867647058823,0.8438970588235294,0.8266617647058823,0.8140279411764705,0.8183941176470587,0.6616352941176471,0.7238455882352941,0.7435161764705881,0.6977,0.7686588235294116,0.8028823529411764,0.7170647058823528,0.7170602941176469,0.7376176470588235,0.7181897058823529,0.7525264705882351,0.7564470588235294,0.814335294117647,0.8287691176470589,0.8277985294117647,0.8356044117647058,0.8433544117647057,0.8418720588235293,0.835320588235294,0.8295323529411763,0.8133749999999998
0.8436970588235293,0.843075,0.8451220588235292,0.8295147058823529,0.7408602941176471,0.6832573529411765,0.47838676470588226,0.5066720588235294,0.3752735294117646,0.5523647058823529,0.62815,0.5119044117647058,0.6395029411764704,0.7042411764705883,0.7742838235294117,0.8352294117647059,0.8376279411764705,0.8432735294117646,0.8446411764705882,0.8426794117647058,0.8422455882352942,0.8281985294117646,0.8379588235294116,0.8298073529411764,0.8130117647058823,0.7818705882352941,0.6056485294117646,0.5520191176470588,0.4922676470588235,0.4705676470588235,0.5321499999999999,0.7235705882352941,0.7003941176470587,0.7175014705882352,0.7102279411764706,0.7821352941176469,0.6884176470588236,0.8355323529411764,0.8398235294117646,0.8399161764705881,0.8418926470588234,0.79195,0.7684455882352941,0.7693191176470587,0.7847441176470588,0.8213926470588234,0.8139588235294116,0.8396220588235292,0.8384382352941177,0.8398029411764705,0.8438691176470587,0.8432882352941176,0.8426323529411763,0.841445588235294,0.8418323529411764,0.8414264705882353,0.8422294117647058,0.8433691176470587,0.8419617647058821,0.7953117647058823,0.7630308823529411,0.7837764705882352,0.7547764705882353,0.7893882352941176,0.7931147058823528,0.8408705882352939,0.8428058823529412,0.845170588235294,0.8435352941176469,0.8417941176470587,0.8423279411764705,0.8435161764705882,0.8440764705882352,0.8441161764705882,0.8410617647058822,0.8381367647058823,0.8277338235294117,0.8179749999999999,0.7947191176470587,0.6754926470588235,0.7204985294117647,0.7110161764705882,0.8010514705882351,0.815855882352941,0.6443176470588234,0.767335294117647,0.729335294117647,0.7319220588235292,0.7541323529411764,0.7554941176470588,0.8326367647058822,0.8233955882352941,0.827055882352941,0.842055882352941,0.8405999999999999,0.8445470588235293,0.8289397058823528,0.8200294117647058,0.8284779411764704
0.8432411764705882,0.8439455882352941,0.8426058823529411,0.8284897058823528,0.7245073529411764,0.7157382352941176,0.5713970588235294,0.5104691176470588,0.4198161764705882,0.44153235294117643,0.5609426470588235,0.5844073529411764,0.6496661764705882,0.7495338235294118,0.804755882352941,0.8324264705882352,0.8446485294117647,0.8455676470588235,0.8408882352941176,0.8434044117647058,0.8427647058823529,0.8126926470588235,0.8312470588235293,0.8289926470588235,0.8230941176470588,0.77705,0.5786926470588235,0.6574367647058823,0.5145749999999999,0.5856147058823529,0.6509249999999999,0.7293308823529412,0.7081029411764705,0.6824073529411764,0.7771235294117647,0.7046,0.7297073529411764,0.83285,0.842470588235294,0.8419441176470588,0.8306749999999999,0.8019588235294116,0.7646691176470587,0.7977367647058822,0.7663455882352941,0.7771529411764705,0.811810294117647,0.8368867647058823,0.8432382352941176,0.8440926470588234,0.8425617647058822,0.842435294117647,0.8426264705882353,0.8422735294117646,0.841720588235294,0.8414264705882353,0.8426897058823529,0.8437911764705882,0.8420441176470588,0.8077779411764705,0.7940926470588234,0.7980411764705881,0.76935,0.7725191176470588,0.7906176470588234,0.8143499999999999,0.838241176470588,0.8454161764705881,0.8422367647058822,0.8428176470588234,0.8419749999999998,0.8435323529411763,0.8433941176470587,0.844635294117647,0.8426176470588235,0.8027102941176469,0.8305779411764704,0.8184191176470587,0.7485529411764705,0.751285294117647,0.7359691176470587,0.7462867647058823,0.8105088235294117,0.7813455882352941,0.6386279411764705,0.7040073529411764,0.7465294117647058,0.7689338235294116,0.6947441176470588,0.7356220588235294,0.8239441176470587,0.8057926470588235,0.8295014705882353,0.8433794117647059,0.843345588235294,0.8431852941176471,0.8319588235294118,0.8285544117647058,0.817870588235294
0.8441632352941175,0.8420882352941176,0.8431882352941175,0.8308132352941177,0.7659970588235293,0.6894632352941176,0.48313823529411754,0.4405014705882352,0.42658088235294117,0.40990882352941166,0.5397088235294117,0.561075,0.5795882352941175,0.7299249999999999,0.7975426470588234,0.8356323529411763,0.8424323529411764,0.844970588235294,0.8445514705882353,0.8439779411764705,0.8433499999999999,0.8367338235294117,0.841291176470588,0.831866176470588,0.8205661764705882,0.7375764705882353,0.647935294117647,0.624475,0.5333,0.5431117647058823,0.6082323529411764,0.7124191176470588,0.7280220588235293,0.6927029411764705,0.7238279411764704,0.7970632352941176,0.7855441176470587,0.8358235294117646,0.841885294117647,0.8427161764705882,0.8390455882352941,0.7890102941176471,0.766670588235294,0.763055882352941,0.7860176470588235,0.7654279411764705,0.8054102941176469,0.8337470588235293,0.8446926470588234,0.8401838235294118,0.8429147058823528,0.842745588235294,0.8418749999999999,0.8416029411764705,0.8417838235294117,0.8416220588235293,0.8427147058823529,0.8413926470588234,0.8410749999999999,0.825245588235294,0.7548220588235294,0.7725044117647057,0.7522514705882353,0.7774088235294117,0.8152132352941176,0.8357941176470587,0.8358970588235293,0.8406235294117647,0.844510294117647,0.8431558823529411,0.8422661764705881,0.8437088235294118,0.8430132352941176,0.8429249999999999,0.842645588235294,0.838220588235294,0.8263544117647058,0.7900441176470586,0.7107970588235294,0.736725,0.7035323529411764,0.7202294117647059,0.7412926470588234,0.7977455882352942,0.6656985294117647,0.7877588235294116,0.7308220588235294,0.7477852941176469,0.761725,0.8026455882352941,0.8172499999999999,0.8005573529411764,0.8433632352941175,0.8158426470588234,0.8442632352941175,0.8422191176470588,0.8384838235294118,0.8308426470588234,0.833666176470588
0.8434191176470587,0.8448235294117645,0.8411117647058822,0.8303338235294118,0.7345735294117646,0.6688058823529411,0.5637176470588235,0.44781029411764706,0.4291264705882353,0.416660294117647,0.5632588235294117,0.6433338235294117,0.6186499999999999,0.6904794117647058,0.7900161764705882,0.8373294117647058,0.8409838235294117,0.8432176470588234,0.8430058823529412,0.8429441176470588,0.8431779411764706,0.8248323529411764,0.8350441176470588,0.8211926470588236,0.8189749999999999,0.7936808823529411,0.640260294117647,0.6743617647058823,0.5664485294117647,0.6129749999999999,0.6067338235294117,0.6815838235294116,0.6922897058823528,0.6502323529411764,0.708885294117647,0.7616882352941176,0.8148985294117647,0.8294323529411763,0.8403985294117646,0.8437720588235293,0.831635294117647,0.801220588235294,0.6998529411764706,0.762270588235294,0.7432220588235293,0.8010058823529411,0.7905294117647058,0.8296367647058822,0.8422044117647057,0.8461779411764705,0.8441720588235294,0.8405941176470587,0.8423529411764704,0.8418764705882352,0.8416411764705881,0.8417397058823528,0.8434602941176469,0.8441397058823529,0.841780882352941,0.8115029411764706,0.7790970588235293,0.7260220588235292,0.762855882352941,0.7947441176470589,0.8214544117647058,0.8393279411764706,0.8428911764705881,0.8433441176470587,0.8427485294117645,0.8401544117647058,0.8419161764705881,0.8431764705882352,0.8438044117647058,0.8437911764705881,0.84015,0.8405382352941175,0.8238029411764706,0.8161764705882352,0.7856014705882352,0.7710485294117646,0.7224426470588234,0.700745588235294,0.766670588235294,0.7395911764705883,0.7284294117647058,0.7178279411764705,0.6945941176470588,0.7834411764705881,0.736035294117647,0.7830588235294117,0.7805485294117646,0.8226029411764705,0.8121499999999999,0.8163132352941176,0.8407352941176469,0.8421720588235293,0.839745588235294,0.823855882352941,0.8339220588235293
0.8428852941176469,0.8442911764705882,0.8385073529411764,0.8274264705882353,0.7644955882352941,0.7135794117647057,0.6075941176470587,0.4825882352941176,0.4102176470588235,0.3798058823529411,0.6097514705882352,0.5723014705882352,0.5506941176470588,0.6702735294117647,0.7702882352941175,0.8270588235294116,0.8415617647058823,0.8417588235294117,0.8412441176470588,0.8447455882352941,0.8409220588235294,0.8256485294117646,0.833680882352941,0.8022985294117645,0.8266647058823529,0.7562588235294117,0.5437308823529412,0.5840588235294117,0.5477058823529412,0.5217558823529411,0.651985294117647,0.6569338235294118,0.6682867647058822,0.6637073529411764,0.6189161764705882,0.7654470588235294,0.7899558823529412,0.8289764705882352,0.8408029411764705,0.8449852941176471,0.8308073529411764,0.8032632352941175,0.7816749999999999,0.7921749999999999,0.771610294117647,0.8030294117647058,0.8191941176470587,0.8345279411764704,0.8396411764705881,0.843120588235294,0.8427044117647058,0.8426941176470587,0.8419294117647058,0.8421073529411763,0.8418235294117646,0.8416955882352941,0.8430514705882353,0.8442808823529411,0.8420544117647059,0.792460294117647,0.7626911764705882,0.782260294117647,0.7804455882352941,0.8207382352941176,0.821595588235294,0.8365088235294116,0.8440279411764705,0.8444382352941174,0.8409073529411765,0.8425970588235293,0.8419705882352941,0.8433308823529412,0.8447867647058823,0.842960294117647,0.844435294117647,0.8275691176470586,0.7928161764705881,0.7561382352941176,0.7092338235294118,0.7599514705882351,0.6977676470588234,0.7301632352941176,0.7958367647058823,0.812455882352941,0.7187573529411764,0.7492794117647059,0.7400897058823529,0.7465558823529411,0.7291485294117647,0.7422941176470588,0.8116676470588234,0.8275294117647058,0.8289058823529412,0.8446735294117645,0.8438691176470587,0.8441279411764704,0.8454485294117646,0.8124,0.8262441176470587
0.8431676470588234,0.8445470588235293,0.8360014705882353,0.8251470588235295,0.7682485294117647,0.6960382352941176,0.5232470588235294,0.4684823529411764,0.4235455882352941,0.4576558823529411,0.4952073529411764,0.5743882352941175,0.523670588235294,0.691570588235294,0.8122323529411763,0.836485294117647,0.8404132352941176,0.8378911764705882,0.8438117647058824,0.8459279411764704,0.8415926470588234,0.8370294117647059,0.8433749999999999,0.8306132352941176,0.7761955882352942,0.7373044117647058,0.6514,0.6004485294117646,0.6307014705882353,0.562985294117647,0.5548411764705882,0.6261676470588234,0.7334779411764706,0.6120132352941176,0.7358779411764707,0.763695588235294,0.7536573529411763,0.8402235294117647,0.8380823529411763,0.8444147058823529,0.8317794117647058,0.7858249999999999,0.8145617647058824,0.6969808823529412,0.7490632352941176,0.7939617647058822,0.8052573529411763,0.8326117647058823,0.8412117647058823,0.8411485294117648,0.8446411764705882,0.8433029411764705,0.8426999999999998,0.841905882352941,0.8415735294117646,0.8417838235294117,0.8422588235294117,0.8456367647058822,0.8413323529411764,0.7891573529411764,0.6829382352941176,0.7624749999999999,0.7602132352941177,0.7849426470588234,0.8339235294117646,0.8401838235294118,0.8366161764705882,0.8444926470588234,0.8426573529411763,0.8421235294117646,0.8420823529411764,0.8427367647058823,0.8446720588235292,0.8432264705882353,0.844110294117647,0.8335720588235292,0.8169191176470587,0.7829735294117647,0.7275985294117647,0.7443749999999999,0.759575,0.7272073529411763,0.8044941176470587,0.7868235294117647,0.7392470588235294,0.7272426470588234,0.7248867647058823,0.7077044117647059,0.7459352941176469,0.7501485294117647,0.8139117647058821,0.8143058823529411,0.8071838235294115,0.8412999999999999,0.8425823529411763,0.8401691176470588,0.8352249999999999,0.8350970588235295,0.8379779411764705
0.8433147058823528,0.8452735294117646,0.8016867647058823,0.8278176470588234,0.7164176470588234,0.7230205882352939,0.4922676470588235,0.4089897058823529,0.38938235294117646,0.42198088235294107,0.5692088235294117,0.6737382352941175,0.5993441176470587,0.6739058823529411,0.7810926470588234,0.8278308823529412,0.8390617647058822,0.8438617647058824,0.8442749999999999,0.8418720588235293,0.8438558823529411,0.8080308823529411,0.838,0.8198794117647057,0.794395588235294,0.7705499999999998,0.7157897058823529,0.6806779411764705,0.5232808823529411,0.4751441176470587,0.6821647058823529,0.7147161764705882,0.6744073529411764,0.6422764705882353,0.7438220588235294,0.7516779411764706,0.7905794117647058,0.8303117647058822,0.8436617647058823,0.8453897058823527,0.8297014705882353,0.7962955882352939,0.7598441176470588,0.7990014705882352,0.7523441176470588,0.7813882352941176,0.8317588235294118,0.8347029411764705,0.8404882352941175,0.8462882352941176,0.8448647058823529,0.8421117647058822,0.8429705882352941,0.8417691176470588,0.8422,0.8416470588235294,0.8419749999999998,0.843275,0.8380367647058824,0.7855191176470588,0.7398823529411764,0.7747544117647059,0.8172588235294117,0.6953426470588234,0.7931676470588234,0.8417147058823529,0.8435514705882352,0.8438735294117646,0.8428602941176471,0.8426647058823528,0.8419735294117646,0.8439823529411763,0.8445838235294116,0.8442397058823529,0.8410573529411765,0.8345073529411764,0.8105838235294116,0.789270588235294,0.7587367647058821,0.7407720588235294,0.7213029411764704,0.6899279411764705,0.7998441176470587,0.7946235294117646,0.6923323529411765,0.7502794117647059,0.7566058823529411,0.6600014705882352,0.6847470588235295,0.755725,0.7710514705882352,0.8243088235294116,0.8315838235294117,0.8438367647058822,0.8395294117647059,0.8432323529411765,0.8383470588235294,0.8334367647058822,0.8239999999999998
0.8435823529411764,0.8449941176470588,0.841820588235294,0.8170735294117646,0.7537470588235293,0.6415882352941176,0.6075191176470589,0.5139044117647058,0.37873382352941165,0.5407147058823529,0.5849249999999999,0.6384279411764705,0.5023470588235294,0.6830897058823527,0.7904779411764705,0.8214632352941176,0.8400882352941176,0.8422514705882352,0.8425176470588235,0.8403499999999999,0.8442294117647058,0.8358029411764706,0.8365014705882352,0.817275,0.8259058823529412,0.7563441176470587,0.656970588235294,0.677385294117647,0.5449632352941176,0.4772161764705882,0.600710294117647,0.6849632352941176,0.7225382352941176,0.6530823529411763,0.7422397058823529,0.7841029411764705,0.7990220588235293,0.811739705882353,0.8396132352941176,0.8448338235294117,0.8307014705882353,0.8160102941176469,0.7372661764705882,0.7825838235294116,0.761885294117647,0.7831867647058822,0.7818985294117646,0.8435264705882352,0.8432691176470588,0.8422779411764705,0.844010294117647,0.8429441176470588,0.8423514705882352,0.8414897058823528,0.8418029411764705,0.8417647058823529,0.8421264705882351,0.8428176470588234,0.8381426470588235,0.7826088235294117,0.7294117647058823,0.7702970588235294,0.7654264705882352,0.7795397058823528,0.8257044117647057,0.8316455882352941,0.8393338235294117,0.8432764705882352,0.8424529411764706,0.8424147058823528,0.8423323529411764,0.8430632352941175,0.8425323529411763,0.8453132352941175,0.8410867647058824,0.8295352941176469,0.8226220588235295,0.8045308823529411,0.7517749999999999,0.65365,0.7283544117647057,0.7488632352941176,0.8068514705882351,0.7582220588235294,0.7867941176470586,0.7720544117647057,0.6757485294117647,0.7650926470588233,0.6862382352941176,0.7755647058823528,0.8191661764705882,0.8049926470588235,0.8349764705882352,0.8386308823529411,0.8407985294117647,0.8444044117647058,0.8407249999999998,0.8242720588235294,0.8079499999999998
0.8431691176470586,0.845635294117647,0.839785294117647,0.82325,0.7119014705882353,0.6942588235294117,0.5118382352941176,0.4108558823529412,0.37693823529411763,0.49807794117647053,0.5864911764705881,0.6245367647058824,0.6093764705882353,0.6929426470588235,0.8174132352941176,0.8321088235294116,0.8411794117647058,0.8401514705882351,0.8443382352941176,0.8409308823529411,0.8397499999999999,0.8360529411764704,0.8406529411764706,0.8271941176470586,0.8238294117647057,0.713475,0.6793132352941176,0.5725911764705881,0.6561676470588235,0.5961220588235293,0.5878073529411764,0.7026073529411764,0.7350308823529411,0.7163470588235293,0.7887676470588234,0.7623970588235294,0.7604117647058822,0.8179588235294117,0.8401367647058823,0.8448470588235293,0.8351867647058823,0.795235294117647,0.7637499999999999,0.8186470588235294,0.7031176470588235,0.8047367647058823,0.7942558823529411,0.8440588235294118,0.8434176470588235,0.8428514705882353,0.8435441176470588,0.8428397058823529,0.8427882352941175,0.8416558823529411,0.8418573529411763,0.8418764705882352,0.8420823529411764,0.8446441176470587,0.8133926470588234,0.7564720588235293,0.7308220588235294,0.741020588235294,0.7981161764705882,0.8142367647058822,0.8303235294117647,0.8307749999999998,0.8387132352941177,0.8404514705882352,0.8427279411764705,0.8428176470588234,0.8416029411764705,0.841810294117647,0.8450941176470588,0.8441617647058822,0.8441294117647058,0.8424235294117646,0.8228411764705882,0.7983911764705881,0.7325426470588234,0.695716176470588,0.7414235294117646,0.7015617647058823,0.8052058823529412,0.8036323529411765,0.72925,0.7754985294117647,0.7118647058823528,0.7734720588235294,0.7423823529411764,0.7619411764705882,0.8177867647058823,0.8295426470588235,0.8362794117647058,0.8427294117647057,0.8439147058823528,0.843439705882353,0.8430147058823528,0.833530882352941,0.8242897058823527
0.8427176470588235,0.8410823529411764,0.8387411764705881,0.8387044117647058,0.730875,0.6217573529411764,0.5290999999999999,0.41894264705882345,0.3899220588235293,0.45454852941176466,0.5620117647058822,0.5886176470588235,0.6331544117647059,0.68595,0.8126867647058823,0.8368735294117646,0.8386926470588235,0.842645588235294,0.8436235294117646,0.8433544117647058,0.8432985294117645,0.829760294117647,0.8331147058823528,0.8259588235294117,0.8325176470588235,0.770414705882353,0.6740823529411764,0.6267735294117647,0.5150926470588235,0.517510294117647,0.5415044117647058,0.6619176470588234,0.6452926470588235,0.6976044117647058,0.7442970588235294,0.7798294117647058,0.7769294117647059,0.8312529411764705,0.8455676470588235,0.8424867647058822,0.8337058823529411,0.7966044117647058,0.7383970588235292,0.7560632352941176,0.7988808823529411,0.7908676470588235,0.8007558823529412,0.8336558823529412,0.8438911764705881,0.8427749999999998,0.8446485294117647,0.8441838235294117,0.8421485294117647,0.841475,0.8418867647058822,0.8417779411764705,0.8418264705882352,0.8441882352941176,0.8417985294117647,0.757555882352941,0.6981073529411764,0.7725588235294117,0.7675514705882353,0.7500882352941176,0.8279058823529412,0.8392691176470587,0.8351411764705882,0.8445147058823529,0.8444514705882351,0.8418514705882352,0.8424205882352941,0.8420970588235294,0.8420514705882353,0.8447867647058823,0.844860294117647,0.8342897058823528,0.8267926470588234,0.819570588235294,0.744585294117647,0.7454941176470586,0.7132264705882353,0.7563191176470587,0.7910058823529411,0.784510294117647,0.7140382352941176,0.7290014705882352,0.7221073529411765,0.7933044117647058,0.7261735294117646,0.7621911764705882,0.7876294117647058,0.8301191176470587,0.8229573529411763,0.845005882352941,0.8430897058823529,0.8444661764705881,0.8431823529411764,0.8364838235294116,0.8304441176470586
0.8444529411764705,0.8450720588235293,0.8322294117647058,0.8327779411764705,0.758975,0.7371911764705882,0.5875558823529411,0.4880367647058823,0.3741338235294117,0.5269999999999999,0.6161676470588234,0.5634514705882353,0.6177838235294116,0.7520029411764705,0.7849544117647058,0.830380882352941,0.8393661764705881,0.8451632352941176,0.842964705882353,0.842341176470588,0.8197735294117646,0.8293308823529411,0.8341294117647057,0.8311279411764704,0.8116926470588235,0.791670588235294,0.6741294117647059,0.6404617647058823,0.5677691176470587,0.578335294117647,0.5496794117647058,0.738114705882353,0.7300132352941177,0.672575,0.721370588235294,0.7624588235294117,0.776345588235294,0.8354352941176469,0.8459397058823529,0.8422441176470586,0.833160294117647,0.8149161764705881,0.6933735294117647,0.7600441176470588,0.762825,0.799935294117647,0.8256308823529411,0.8103514705882352,0.8458573529411764,0.8383691176470588,0.8427426470588234,0.8432911764705882,0.8430029411764705,0.8416955882352941,0.8412544117647058,0.84175,0.8427397058823528,0.8417264705882351,0.8358073529411764,0.825895588235294,0.7395911764705883,0.7670117647058823,0.7965132352941175,0.7764147058823528,0.8260191176470587,0.8385,0.8428632352941176,0.8408367647058823,0.8429044117647058,0.8416308823529411,0.8419161764705881,0.8446735294117647,0.8440499999999999,0.8396088235294116,0.8420411764705882,0.8300088235294116,0.8163735294117646,0.8029249999999999,0.7392588235294116,0.6949485294117647,0.6539882352941175,0.7323470588235294,0.7046941176470587,0.784770588235294,0.6804794117647057,0.7284911764705881,0.7130147058823528,0.7858676470588234,0.7238661764705882,0.7915161764705883,0.8005985294117646,0.761095588235294,0.8371970588235293,0.8404514705882353,0.8406323529411764,0.8426191176470588,0.8392514705882351,0.8329426470588234,0.8289602941176469
0.8441647058823529,0.8443720588235294,0.8419647058823528,0.8165647058823529,0.6760264705882353,0.6675176470588234,0.5336382352941176,0.4513808823529411,0.40937647058823523,0.3788441176470588,0.5847573529411764,0.6317779411764705,0.6404720588235293,0.728055882352941,0.803610294117647,0.826420588235294,0.8438044117647058,0.8436029411764704,0.8436867647058821,0.8447132352941175,0.8380882352941176,0.8416441176470586,0.8337411764705881,0.8135720588235292,0.7791117647058823,0.6950735294117646,0.5844529411764705,0.6231132352941176,0.5015941176470587,0.48538676470588227,0.6180558823529411,0.6898073529411765,0.7198235294117646,0.6977411764705882,0.6973470588235293,0.7622220588235293,0.7508411764705881,0.8330632352941176,0.8443926470588236,0.8440794117647058,0.8390411764705881,0.7992161764705881,0.7645000000000001,0.7652352941176469,0.7961338235294116,0.8157661764705881,0.7993044117647058,0.8377720588235292,0.8358191176470586,0.8402088235294116,0.8415161764705882,0.8424735294117646,0.8396397058823529,0.8418676470588234,0.8418132352941176,0.841960294117647,0.842235294117647,0.8408558823529411,0.8436161764705881,0.7831382352941176,0.7119720588235293,0.7680911764705881,0.7802,0.7887661764705881,0.8306132352941176,0.8367499999999999,0.8370661764705881,0.8416676470588235,0.8414029411764705,0.8420470588235294,0.8418132352941176,0.8434397058823528,0.843085294117647,0.841145588235294,0.8448735294117646,0.8402632352941175,0.8229897058823529,0.8025382352941175,0.7823352941176469,0.7009617647058822,0.6795970588235293,0.7477029411764704,0.7931544117647057,0.800175,0.7576044117647057,0.7525749999999998,0.728570588235294,0.6593941176470588,0.7285279411764706,0.7768132352941176,0.7866500000000001,0.798480882352941,0.8006999999999999,0.8441382352941176,0.8421191176470587,0.8370455882352941,0.8379220588235293,0.8239617647058823,0.8330558823529411
0.8430117647058823,0.8447764705882352,0.8355499999999999,0.8351867647058823,0.7657838235294117,0.7085926470588235,0.5989382352941176,0.3866308823529411,0.4411985294117647,0.4886235294117646,0.5488779411764705,0.6231367647058823,0.6347661764705882,0.7137470588235293,0.8151161764705882,0.8352426470588236,0.8453573529411764,0.842964705882353,0.8450264705882352,0.8378691176470586,0.8417382352941175,0.8272426470588234,0.8359882352941176,0.8263764705882353,0.8198882352941176,0.7724308823529411,0.5820470588235294,0.5720749999999999,0.5092529411764706,0.5643926470588234,0.6336323529411764,0.6592499999999999,0.713425,0.742570588235294,0.7030470588235295,0.7562823529411764,0.7658661764705882,0.8338367647058823,0.8424014705882351,0.8449235294117647,0.8311411764705882,0.7956558823529412,0.8042176470588235,0.7709426470588234,0.7800970588235293,0.8111764705882352,0.8318985294117646,0.842816176470588,0.8429073529411764,0.8419220588235294,0.8429161764705883,0.8432735294117646,0.8420382352941176,0.8413529411764704,0.8416852941176469,0.8420632352941175,0.842964705882353,0.8444838235294116,0.8405779411764706,0.7333897058823529,0.7103044117647058,0.7910691176470588,0.7993294117647057,0.7702470588235294,0.8311514705882352,0.8278985294117647,0.8419882352941175,0.8428985294117646,0.8432117647058822,0.8421308823529411,0.8419249999999999,0.8435073529411764,0.8439661764705881,0.8447941176470588,0.842,0.8322220588235293,0.8094397058823528,0.814785294117647,0.6950264705882351,0.7148499999999999,0.7412911764705882,0.755195588235294,0.7609970588235293,0.8213338235294116,0.6859147058823529,0.7034117647058823,0.7327955882352941,0.7707323529411765,0.7636411764705882,0.754470588235294,0.7836764705882353,0.8323367647058824,0.8254985294117647,0.8219808823529412,0.8441720588235294,0.8434485294117646,0.8443397058823529,0.8339911764705881,0.8235588235294117
0.8436955882352941,0.8454308823529411,0.844955882352941,0.8134279411764704,0.7742882352941175,0.6532220588235294,0.5427411764705882,0.41776323529411763,0.45922941176470583,0.40775882352941173,0.6204941176470588,0.584160294117647,0.6344088235294116,0.7029044117647057,0.7663720588235293,0.8043176470588235,0.843660294117647,0.8424764705882352,0.8445544117647057,0.8457441176470587,0.8423249999999999,0.813280882352941,0.841710294117647,0.8265029411764705,0.8131926470588234,0.7254441176470587,0.706295588235294,0.5708073529411763,0.48235441176470584,0.5364647058823528,0.6492926470588235,0.6850749999999999,0.7773411764705882,0.680245588235294,0.7561823529411763,0.7378441176470587,0.7870926470588235,0.8020073529411763,0.8419176470588234,0.8390029411764705,0.8323911764705881,0.8187470588235293,0.7712397058823528,0.801885294117647,0.774960294117647,0.8083838235294117,0.8092970588235294,0.8240014705882351,0.8452485294117646,0.8431588235294117,0.8448397058823528,0.8438897058823529,0.8423323529411764,0.8414073529411764,0.8415485294117646,0.8419352941176469,0.8393588235294116,0.8425117647058822,0.8360691176470587,0.810210294117647,0.7833514705882353,0.7759676470588235,0.7389764705882353,0.8074176470588234,0.8045970588235293,0.8308426470588234,0.8385514705882352,0.8428294117647057,0.8438691176470587,0.8433514705882352,0.8413764705882352,0.8418470588235294,0.8436352941176469,0.844560294117647,0.8412411764705882,0.8402411764705882,0.8087147058823528,0.7993176470588235,0.6798647058823528,0.7259470588235294,0.7071279411764705,0.6852044117647058,0.7668294117647058,0.8229764705882352,0.7187294117647058,0.7457426470588234,0.7297014705882352,0.761610294117647,0.693089705882353,0.768230882352941,0.8136882352941176,0.8118970588235294,0.8249411764705882,0.8426617647058823,0.8402220588235294,0.8424794117647058,0.8393588235294116,0.8354882352941175,0.8196397058823529
0.8434485294117646,0.8446941176470586,0.8385705882352941,0.8160897058823529,0.7622691176470586,0.6294985294117647,0.5513970588235293,0.45779117647058826,0.4501191176470588,0.4843676470588235,0.5766235294117646,0.6402485294117647,0.631245588235294,0.7222470588235292,0.7974176470588235,0.8116264705882351,0.838455882352941,0.8456382352941175,0.8446323529411763,0.8395338235294116,0.8438073529411764,0.8283235294117647,0.841335294117647,0.8346544117647058,0.8155220588235293,0.7480323529411764,0.6128323529411763,0.6063882352941177,0.6231014705882353,0.5716764705882352,0.5379764705882353,0.6457176470588235,0.6654176470588233,0.7029661764705881,0.7175161764705882,0.787845588235294,0.787210294117647,0.8280720588235293,0.840395588235294,0.8460367647058823,0.8231499999999998,0.8072397058823528,0.7515044117647057,0.7884249999999999,0.7495485294117646,0.7870382352941176,0.8347823529411764,0.8345044117647059,0.8413352941176471,0.8426647058823528,0.8441941176470588,0.8433308823529412,0.842680882352941,0.8416367647058822,0.8414264705882353,0.8418485294117646,0.8431117647058822,0.8441485294117645,0.8430514705882353,0.8191499999999999,0.8018235294117646,0.7201823529411764,0.7722661764705882,0.8054235294117645,0.8321882352941176,0.842295588235294,0.8361382352941176,0.8419823529411764,0.8439676470588234,0.8418073529411764,0.842670588235294,0.842741176470588,0.8437514705882353,0.8443911764705881,0.8400426470588234,0.8301970588235293,0.8076411764705882,0.8261617647058822,0.7108352941176469,0.7568382352941175,0.7413441176470588,0.7127279411764706,0.7876397058823529,0.7802088235294117,0.7151720588235294,0.7078338235294117,0.771085294117647,0.730260294117647,0.7120779411764705,0.760235294117647,0.8116970588235294,0.8336058823529411,0.8393249999999999,0.8411897058823529,0.8438970588235294,0.8421367647058823,0.8324823529411765,0.8383808823529411,0.8247102941176468
0.843545588235294,0.8441338235294116,0.8350058823529412,0.82955,0.7068235294117646,0.7107323529411764,0.593575,0.4594176470588235,0.387675,0.4552132352941176,0.610910294117647,0.6027117647058823,0.656935294117647,0.7041838235294116,0.7816632352941176,0.8323838235294118,0.8358176470588234,0.8437426470588234,0.8439764705882351,0.8396132352941176,0.8444588235294116,0.7946176470588234,0.8460044117647058,0.8222735294117646,0.786670588235294,0.7478823529411763,0.6237014705882353,0.590945588235294,0.5535794117647058,0.5604294117647058,0.6273617647058822,0.6990720588235294,0.6651029411764706,0.7011411764705882,0.7827529411764705,0.7578426470588235,0.7904558823529411,0.8266720588235295,0.8441132352941175,0.8381720588235293,0.8319205882352939,0.8175779411764705,0.764910294117647,0.803860294117647,0.6777852941176471,0.793595588235294,0.7983352941176469,0.8361294117647058,0.844005882352941,0.8427426470588235,0.8428367647058822,0.8415073529411765,0.8422926470588233,0.8413617647058823,0.8417941176470587,0.8416955882352941,0.8420441176470587,0.8438808823529411,0.8350617647058822,0.8118558823529411,0.7925220588235293,0.7136264705882353,0.7332897058823529,0.7682720588235292,0.8267323529411763,0.8432411764705882,0.8396397058823529,0.8432970588235293,0.843795588235294,0.8420617647058822,0.8422485294117646,0.8430176470588234,0.8434132352941176,0.8444264705882353,0.8432161764705881,0.8366764705882352,0.780741176470588,0.7918779411764705,0.7604573529411764,0.7178161764705882,0.6962647058823529,0.7181102941176469,0.7445308823529412,0.798935294117647,0.7358573529411764,0.7742264705882351,0.7449926470588234,0.7545852941176471,0.7489867647058823,0.7560838235294117,0.8160897058823529,0.8295882352941175,0.8197897058823528,0.8179323529411764,0.8440249999999999,0.8386367647058822,0.8361573529411763,0.8222014705882352,0.8127191176470587
0.8410426470588234,0.8431558823529411,0.8429235294117646,0.8357823529411764,0.782191176470588,0.6528029411764704,0.5423014705882353,0.4820191176470588,0.39868088235294113,0.4442749999999999,0.551025,0.6234647058823529,0.6374691176470587,0.7541867647058823,0.7911294117647059,0.8369455882352941,0.8442161764705881,0.8440220588235293,0.844230882352941,0.840675,0.8442220588235293,0.8283367647058822,0.8265867647058822,0.8336132352941176,0.8096838235294118,0.7434088235294117,0.6482073529411764,0.6650220588235293,0.4917014705882352,0.4925897058823529,0.6102911764705882,0.6745308823529411,0.5795838235294117,0.6637897058823529,0.6991220588235294,0.7806191176470587,0.7752573529411764,0.8344838235294118,0.8453911764705881,0.8429176470588234,0.8123529411764705,0.8043558823529411,0.7769823529411763,0.7845117647058824,0.7861176470588234,0.8156117647058824,0.8192264705882353,0.8219455882352941,0.8407073529411764,0.8392014705882351,0.8437264705882351,0.8427735294117646,0.8418808823529411,0.8415823529411764,0.8413911764705883,0.84175,0.8428279411764705,0.8441838235294117,0.8392970588235292,0.7883647058823529,0.7563073529411763,0.7468367647058823,0.7766661764705882,0.7910470588235293,0.8091426470588233,0.8371102941176469,0.8443426470588234,0.8443044117647058,0.8430499999999999,0.8424058823529411,0.8420529411764704,0.8436058823529412,0.8444132352941176,0.8443264705882352,0.8398558823529411,0.8318882352941176,0.8126823529411763,0.7833014705882352,0.7355161764705881,0.7076764705882352,0.7092014705882352,0.7746029411764705,0.7822985294117646,0.8035661764705881,0.7088941176470588,0.7218735294117646,0.7078705882352941,0.759495588235294,0.7393191176470588,0.7456220588235294,0.805180882352941,0.8239235294117645,0.8280470588235294,0.8431191176470587,0.8436514705882353,0.843345588235294,0.8210000000000001,0.8031264705882352,0.8202220588235294
0.8433632352941175,0.8398911764705881,0.8436147058823529,0.8286470588235294,0.729066176470588,0.639430882352941,0.5572132352941176,0.4170367647058823,0.47493823529411766,0.5255720588235294,0.5425514705882353,0.6492235294117646,0.6081117647058822,0.7329632352941176,0.7940088235294117,0.8305147058823529,0.8422411764705882,0.8406691176470588,0.8442691176470588,0.8443985294117646,0.8415132352941176,0.8084205882352941,0.8417897058823528,0.8194338235294116,0.8260029411764706,0.7452382352941176,0.6773161764705883,0.6116044117647058,0.5291485294117646,0.5576926470588235,0.5984926470588234,0.7410441176470587,0.6508426470588234,0.7138397058823529,0.7098029411764706,0.7617941176470586,0.7821323529411764,0.8245029411764704,0.8424382352941175,0.8424544117647058,0.841530882352941,0.8022573529411764,0.7365073529411764,0.7002882352941177,0.7422808823529411,0.7915941176470587,0.8202882352941174,0.8312426470588234,0.840810294117647,0.8444411764705883,0.8396647058823529,0.8431897058823528,0.8427882352941175,0.8421176470588234,0.8413617647058823,0.8421808823529411,0.8428558823529411,0.8431941176470588,0.8428117647058824,0.7943485294117646,0.7185397058823529,0.7684617647058823,0.7861029411764704,0.7864367647058822,0.7964941176470587,0.8359249999999999,0.841780882352941,0.8419264705882351,0.8433249999999999,0.8422191176470588,0.8418720588235293,0.8422676470588235,0.8425838235294117,0.84425,0.8435382352941175,0.8435720588235294,0.8106544117647059,0.8031617647058823,0.7198720588235293,0.7464602941176469,0.7115911764705882,0.7948999999999998,0.8046647058823527,0.8126558823529412,0.7790073529411764,0.7343323529411764,0.7359102941176469,0.7543867647058823,0.7368485294117646,0.7644676470588235,0.8021014705882352,0.826820588235294,0.831105882352941,0.8398999999999999,0.843960294117647,0.8434294117647058,0.8371897058823529,0.7991911764705881,0.8273617647058824
0.8438485294117647,0.8436176470588235,0.8373867647058822,0.8111411764705881,0.6962176470588235,0.7126294117647058,0.584320588235294,0.5222176470588235,0.37313205882352934,0.49990294117647055,0.5515397058823529,0.559125,0.6159573529411764,0.7078191176470586,0.7653176470588234,0.839225,0.8407735294117645,0.8412338235294117,0.8432338235294118,0.84235,0.8438220588235293,0.8380749999999999,0.8370308823529411,0.8166279411764705,0.8330441176470588,0.7561573529411764,0.5923911764705881,0.6379573529411765,0.6274220588235293,0.4931014705882352,0.6291882352941176,0.6920514705882351,0.6726338235294117,0.7015249999999998,0.7151294117647059,0.731970588235294,0.7733411764705882,0.8253970588235293,0.8456117647058822,0.8461647058823528,0.8387,0.817680882352941,0.6920308823529411,0.7593102941176469,0.7904220588235292,0.7837264705882352,0.8291588235294117,0.8282970588235293,0.8380838235294116,0.8420338235294117,0.8410308823529411,0.843055882352941,0.8420279411764705,0.8418426470588234,0.8416367647058822,0.8417749999999999,0.8433749999999999,0.8440382352941175,0.8402117647058823,0.7350529411764705,0.7557308823529412,0.7802044117647058,0.8085294117647058,0.8024911764705881,0.7955808823529411,0.8385235294117646,0.8414691176470587,0.8392558823529411,0.8436220588235294,0.8421514705882353,0.841410294117647,0.8432382352941176,0.8433794117647059,0.8427617647058822,0.8414985294117645,0.8278352941176469,0.7883205882352942,0.80685,0.7767794117647058,0.7016367647058822,0.7546985294117646,0.7947529411764706,0.7866926470588235,0.7663352941176471,0.7525249999999999,0.7357014705882352,0.6776058823529412,0.7338764705882352,0.7592823529411763,0.7074352941176469,0.7633264705882352,0.8305044117647058,0.8412588235294118,0.8425823529411763,0.8443441176470586,0.8423367647058824,0.8414014705882351,0.8175044117647058,0.8257999999999999
0.8431794117647058,0.8450999999999999,0.839530882352941,0.8270397058823529,0.7629367647058822,0.659130882352941,0.5913779411764706,0.43104411764705874,0.37760882352941166,0.45893235294117646,0.614020588235294,0.571430882352941,0.606439705882353,0.7501985294117647,0.7781617647058823,0.7788691176470588,0.8424426470588234,0.8426882352941176,0.8431514705882353,0.8446588235294116,0.8421176470588234,0.8316676470588236,0.8291882352941174,0.7911867647058822,0.8221176470588234,0.7552794117647058,0.6462926470588235,0.6701176470588235,0.5422411764705882,0.5493441176470588,0.6181779411764704,0.6948323529411763,0.6666955882352941,0.7080176470588234,0.7248573529411764,0.7539220588235294,0.8005602941176468,0.813766176470588,0.8434735294117646,0.8449176470588234,0.8369529411764705,0.8147867647058822,0.7778632352941175,0.731345588235294,0.7858367647058824,0.8013441176470587,0.8270220588235294,0.8406911764705881,0.8417176470588235,0.8416323529411764,0.8438117647058823,0.8441,0.8424691176470588,0.8418676470588234,0.841710294117647,0.8417941176470587,0.8422647058823528,0.8435926470588235,0.8379441176470587,0.7849558823529411,0.7782705882352939,0.7500455882352941,0.8085779411764705,0.8135882352941176,0.8212661764705881,0.8377191176470588,0.8412749999999999,0.8438558823529411,0.8439161764705883,0.8417441176470588,0.8417882352941175,0.841530882352941,0.8410338235294117,0.8449926470588235,0.8439823529411763,0.8227661764705881,0.8263867647058822,0.797160294117647,0.7355735294117647,0.7226514705882353,0.6981544117647057,0.7416764705882353,0.7809132352941175,0.8160102941176471,0.7281485294117647,0.7179970588235293,0.7311029411764706,0.7363088235294116,0.6659397058823529,0.7898264705882352,0.8030426470588233,0.825710294117647,0.8317176470588235,0.8448647058823529,0.8414191176470588,0.8413382352941176,0.8423985294117647,0.830020588235294,0.8301411764705882
0.8427132352941176,0.8438,0.8441117647058822,0.8412397058823529,0.7480808823529411,0.7309279411764704,0.5378735294117647,0.4028338235294117,0.3514749999999999,0.4430426470588235,0.6337985294117646,0.6068132352941175,0.6393529411764705,0.72485,0.7985867647058823,0.8342264705882352,0.8385117647058823,0.838245588235294,0.8429411764705881,0.8440617647058823,0.8399323529411763,0.8324676470588235,0.8123411764705882,0.8315573529411764,0.8196279411764705,0.7256617647058823,0.6254323529411765,0.6215529411764704,0.5526220588235293,0.5383661764705882,0.649620588235294,0.7534632352941175,0.7598779411764706,0.695810294117647,0.7771176470588235,0.7316147058823529,0.7509029411764705,0.8376794117647058,0.839580882352941,0.8392367647058823,0.8253382352941174,0.8168985294117646,0.7476632352941177,0.7714117647058822,0.7760985294117646,0.8019808823529412,0.8317073529411763,0.8194897058823529,0.8070691176470588,0.8449720588235294,0.8435514705882352,0.843135294117647,0.8426073529411764,0.842235294117647,0.8416367647058822,0.842185294117647,0.8421661764705881,0.8441588235294117,0.8113838235294116,0.7922764705882352,0.770680882352941,0.7956264705882352,0.7864367647058823,0.7915749999999999,0.8321367647058823,0.8403073529411764,0.8403617647058822,0.8438558823529411,0.8441191176470587,0.8424191176470588,0.8424249999999999,0.8436838235294116,0.8423970588235293,0.8423029411764705,0.8404191176470588,0.804341176470588,0.788255882352941,0.7538911764705881,0.8027058823529412,0.6786926470588234,0.6459279411764706,0.7553867647058823,0.7670147058823529,0.8041529411764705,0.741435294117647,0.7292205882352941,0.7765323529411763,0.7672058823529412,0.7226382352941176,0.7187970588235293,0.8056176470588234,0.8388529411764706,0.8295573529411765,0.8331014705882352,0.8440073529411765,0.8440220588235293,0.8379205882352941,0.7991235294117646,0.8344529411764704
0.8408808823529411,0.8424367647058822,0.838495588235294,0.8250838235294117,0.7394073529411763,0.7046926470588234,0.4946249999999999,0.49327941176470586,0.41313676470588234,0.38042499999999996,0.5327382352941176,0.5193308823529412,0.6231191176470586,0.6731220588235294,0.8164661764705883,0.8157029411764705,0.8417191176470586,0.8431235294117647,0.8437397058823528,0.8435499999999999,0.839675,0.8321249999999999,0.8401485294117647,0.8040720588235294,0.8192617647058822,0.7586029411764705,0.6055720588235294,0.6047382352941175,0.593570588235294,0.5496294117647058,0.5668764705882352,0.6556955882352941,0.6653676470588235,0.6493588235294117,0.7472161764705882,0.7903117647058822,0.7500735294117646,0.8283205882352942,0.8388808823529411,0.8434264705882353,0.8377897058823529,0.7842588235294117,0.7447294117647059,0.711735294117647,0.7877485294117647,0.7697749999999999,0.8249323529411764,0.8321794117647059,0.8452249999999998,0.8443808823529411,0.8447661764705882,0.8431455882352941,0.8425676470588234,0.8420882352941176,0.8413911764705883,0.8420529411764704,0.8429264705882351,0.8406911764705881,0.8459764705882352,0.8113397058823528,0.7727735294117646,0.7772661764705883,0.7632294117647058,0.7814558823529412,0.8224544117647058,0.8386985294117647,0.8425161764705882,0.8449867647058823,0.8426764705882352,0.8414014705882351,0.8405852941176469,0.8430176470588234,0.842305882352941,0.8433926470588234,0.8379323529411764,0.8377544117647059,0.7549426470588234,0.817764705882353,0.7687764705882352,0.7512426470588234,0.6888382352941177,0.6999470588235294,0.7360735294117646,0.7768926470588234,0.6100029411764706,0.7577588235294118,0.7149823529411764,0.7383323529411763,0.7354249999999999,0.7274882352941177,0.8192838235294116,0.8137573529411763,0.8442117647058822,0.8430367647058822,0.8460838235294117,0.8438470588235294,0.840945588235294,0.8001720588235293,0.8159176470588234
0.8439926470588235,0.8424544117647058,0.8408294117647058,0.8258897058823528,0.7190338235294117,0.6568191176470587,0.5243249999999999,0.49570147058823527,0.4237573529411764,0.4845411764705882,0.6307044117647059,0.6172411764705882,0.6643911764705881,0.5940647058823529,0.7886985294117647,0.8380073529411763,0.8446382352941175,0.8406779411764704,0.8447764705882351,0.8434691176470588,0.8461867647058823,0.8238264705882351,0.8389132352941175,0.8253691176470588,0.8143514705882352,0.7586220588235294,0.7037161764705882,0.6103514705882352,0.5589088235294117,0.5205411764705882,0.6014911764705881,0.6206161764705882,0.7005897058823528,0.7260544117647059,0.7251911764705882,0.7542617647058824,0.775335294117647,0.8315029411764706,0.8446147058823529,0.8423220588235293,0.7969985294117646,0.7814867647058822,0.7280161764705881,0.7813926470588235,0.7423426470588235,0.8143323529411763,0.8295617647058823,0.8168882352941176,0.8305705882352942,0.8351647058823527,0.8404897058823528,0.8439544117647058,0.8426397058823529,0.8413617647058823,0.8414367647058824,0.8421264705882351,0.8420323529411763,0.8437176470588235,0.8446235294117646,0.816505882352941,0.7299970588235293,0.7676132352941176,0.750085294117647,0.8139617647058823,0.8247294117647058,0.8410764705882352,0.8445661764705882,0.8443485294117645,0.8436191176470589,0.841910294117647,0.841945588235294,0.8429441176470588,0.8434735294117646,0.8446014705882352,0.8362235294117647,0.8403867647058822,0.8271102941176469,0.7928367647058823,0.7860882352941175,0.7570029411764705,0.7190397058823529,0.7037058823529411,0.8111088235294116,0.7825573529411762,0.767170588235294,0.7457691176470588,0.7684161764705881,0.7462249999999999,0.758485294117647,0.6857720588235293,0.8086808823529411,0.8337926470588234,0.8342249999999999,0.8332720588235293,0.8437823529411763,0.8411073529411764,0.8385161764705881,0.8161970588235294,0.8347617647058823
