Time 0,Time 10,Time 20,Time 30,Time 40,Time 50,Time 60,Time 70,Time 80,Time 90,Time 100,Time 110,Time 120,Time 130,Time 140,Time 150,Time 160,Time 170,Time 180,Time 190,Time 200,Time 210,Time 220,Time 230,Time 240,Time 250,Time 260,Time 270,Time 280,Time 290,Time 300,Time 310,Time 320,Time 330,Time 340,Time 350,Time 360,Time 370,Time 380,Time 390,Time 400,Time 410,Time 420,Time 430,Time 440,Time 450,Time 460,Time 470,Time 480,Time 490,Time 500,Time 510,Time 520,Time 530,Time 540,Time 550,Time 560,Time 570,Time 580,Time 590,Time 600,Time 610,Time 620,Time 630,Time 640,Time 650,Time 660,Time 670,Time 680,Time 690,Time 700,Time 710,Time 720,Time 730,Time 740,Time 750,Time 760,Time 770,Time 780,Time 790,Time 800,Time 810,Time 820,Time 830,Time 840,Time 850,Time 860,Time 870,Time 880,Time 890,Time 900,Time 910,Time 920,Time 930,Time 940,Time 950,Time 960,Time 970,Time 980
0.8482869565217392,0.8568152173913044,0.851058695652174,0.8712391304347826,0.8474521739130435,0.8608652173913044,0.8846934782608696,0.8564065217391305,0.8624804347826088,0.8548956521739132,0.8586,0.8544891304347827,0.851858695652174,0.8278630434782609,0.7988586956521739,0.7956326086956522,0.7789695652173914,0.7386521739130436,0.7383739130434782,0.6994152173913045,0.7112478260869567,0.7164434782608695,0.7809239130434783,0.8084782608695652,0.8080021739130436,0.7962065217391305,0.8344195652173914,0.8471000000000001,0.8433804347826088,0.865008695652174,0.8259260869565219,0.8423652173913044,0.8785891304347826,0.8716130434782611,0.8575173913043478,0.8581413043478261,0.8335565217391304,0.8211282608695653,0.842363043478261,0.8093478260869565,0.8063739130434783,0.7847891304347827,0.7635869565217392,0.7367978260869565,0.6999391304347826,0.6841195652173914,0.7037760869565218,0.7290304347826086,0.7700065217391305,0.787858695652174,0.7952065217391304,0.820213043478261,0.8434065217391304,0.8537869565217391,0.8434782608695652,0.8270652173913045,0.8327000000000001,0.8536826086956523,0.8524760869565218,0.8544891304347827,0.8660673913043478,0.8554565217391304,0.8541739130434783,0.8412956521739131,0.8416065217391304,0.8399152173913044,0.8515521739130435,0.8513260869565218,0.8197586956521739,0.8318304347826087,0.8462260869565218,0.8505478260869566,0.8372673913043479,0.8518347826086957,0.8568391304347828,0.8839869565217393,0.865008695652174,0.8525347826086958,0.8352565217391305,0.8333239130434783,0.8155913043478261,0.7950804347826088,0.809745652173913,0.8019456521739131,0.8186065217391305,0.8239956521739131,0.8404782608695653,0.8451847826086958,0.8924760869565218,0.8462347826086958,0.8192956521739132,0.8469347826086957,0.7256195652173913,0.771513043478261,0.79115,0.8125978260869566,0.7996695652173914,0.7596739130434784,0.8232760869565218
0.8544260869565219,0.8495304347826088,0.8458891304347826,0.8721478260869565,0.841404347826087,0.8740565217391304,0.875417391304348,0.8580369565217393,0.8578130434782609,0.8553000000000001,0.8670304347826088,0.8528760869565218,0.845163043478261,0.8197913043478262,0.8184826086956521,0.7977717391304349,0.7912456521739132,0.7608847826086957,0.717158695652174,0.7114934782608696,0.7316260869565218,0.7250239130434784,0.764308695652174,0.7916652173913044,0.804604347826087,0.7969608695652175,0.8344195652173914,0.8475347826086957,0.8455217391304349,0.8682478260869566,0.8286608695652175,0.8530391304347826,0.8759739130434784,0.8812913043478261,0.8570695652173914,0.8516891304347827,0.8377717391304348,0.8290760869565218,0.840054347826087,0.8222413043478262,0.8082152173913044,0.7983739130434784,0.7396717391304349,0.732154347826087,0.6836782608695653,0.7000652173913043,0.6652978260869565,0.7114847826086956,0.73345,0.7828782608695652,0.7941652173913043,0.8163956521739131,0.8431891304347827,0.8526260869565219,0.8434782608695652,0.8255804347826088,0.8311347826086958,0.8544173913043479,0.8532782608695654,0.8548956521739132,0.8665652173913044,0.8557434782608696,0.8536195652173912,0.8422282608695653,0.8403695652173915,0.8411500000000001,0.8505413043478262,0.8445239130434783,0.8299913043478261,0.8282956521739131,0.8331739130434783,0.8450173913043479,0.8361891304347827,0.8541391304347827,0.8680304347826088,0.8854173913043478,0.8432347826086957,0.8682978260869566,0.8326565217391305,0.8334630434782608,0.8160913043478262,0.7844630434782609,0.8121391304347826,0.7947521739130435,0.8146108695652174,0.8317565217391305,0.8419195652173914,0.8585239130434783,0.8847239130434783,0.8497152173913044,0.7827608695652174,0.84235,0.7667891304347827,0.7650413043478261,0.7766195652173914,0.6891173913043479,0.7822217391304348,0.7626891304347827,0.8206434782608697
0.852941304347826,0.8520586956521741,0.8371347826086957,0.864163043478261,0.8482782608695654,0.8784695652173914,0.8903021739130436,0.8635000000000002,0.8698456521739131,0.856521739130435,0.8670891304347828,0.8532782608695654,0.8536108695652174,0.8293739130434783,0.8128934782608697,0.7956195652173914,0.7955956521739131,0.7607673913043479,0.7270260869565217,0.7094456521739131,0.7239782608695653,0.7377260869565218,0.7726760869565218,0.7924217391304349,0.8082260869565218,0.7976369565217392,0.8204239130434784,0.8462304347826088,0.8453260869565218,0.8687782608695653,0.8286695652173913,0.8490347826086958,0.8856586956521739,0.8749717391304348,0.8656369565217392,0.8551717391304349,0.8352673913043478,0.8247782608695654,0.8234521739130435,0.8156326086956522,0.8168739130434783,0.7988413043478261,0.7433217391304349,0.7361065217391305,0.6947913043478261,0.6743760869565217,0.7278195652173914,0.7270717391304348,0.7699826086956523,0.7761760869565217,0.7892239130434784,0.8188173913043479,0.8434782608695652,0.8469217391304348,0.836676086956522,0.822745652173913,0.8318260869565219,0.8536826086956523,0.8516760869565219,0.8548956521739132,0.8675608695652175,0.8560500000000001,0.8540239130434784,0.8419173913043478,0.8351652173913043,0.8400608695652174,0.8453673913043479,0.8506086956521739,0.8258717391304349,0.8296260869565217,0.8415347826086957,0.8464673913043479,0.8322826086956523,0.8540565217391305,0.8648565217391305,0.8834260869565219,0.8619586956521741,0.8621326086956522,0.8246260869565218,0.8224913043478261,0.8203,0.796,0.8081304347826088,0.7947804347826087,0.8098500000000001,0.8321847826086958,0.8365826086956523,0.8559173913043479,0.8778565217391305,0.8402326086956523,0.814313043478261,0.8297239130434784,0.7616673913043479,0.7639652173913044,0.7781608695652174,0.8034739130434784,0.8013195652173913,0.765941304347826,0.8262086956521739
0.8571760869565218,0.8521239130434783,0.8494695652173914,0.8444739130434783,0.8412239130434783,0.881408695652174,0.8846152173913042,0.8629239130434784,0.863754347826087,0.8557065217391305,0.8662739130434783,0.8548956521739132,0.8504804347826087,0.8289282608695652,0.8135804347826088,0.79495,0.7923913043478261,0.7380369565217392,0.7392413043478262,0.6882021739130435,0.6969152173913045,0.7238000000000001,0.7684913043478262,0.7729108695652175,0.8033282608695653,0.7951869565217393,0.8344934782608696,0.8473891304347827,0.8426869565217392,0.862408695652174,0.832158695652174,0.8569782608695653,0.8851021739130435,0.882704347826087,0.8590369565217393,0.8561500000000001,0.8402695652173914,0.8318304347826088,0.8410695652173914,0.8235326086956521,0.7991369565217392,0.7965130434782609,0.7448869565217392,0.7073934782608696,0.6817717391304348,0.6975673913043479,0.6943913043478261,0.7017891304347826,0.7609434782608696,0.7991108695652175,0.7959934782608696,0.818354347826087,0.8369652173913044,0.8548239130434783,0.8431152173913045,0.8264217391304349,0.8308717391304349,0.852404347826087,0.852404347826087,0.856521739130435,0.8591304347826088,0.856158695652174,0.8468456521739132,0.8431652173913045,0.8354760869565218,0.8390673913043478,0.841504347826087,0.8253369565217392,0.828563043478261,0.8426782608695652,0.856304347826087,0.8516043478260871,0.8401086956521739,0.854017391304348,0.8682108695652174,0.8883239130434784,0.8654304347826087,0.8692934782608697,0.8257108695652176,0.829108695652174,0.8255413043478261,0.789208695652174,0.8006195652173914,0.7894608695652174,0.8082913043478261,0.8329260869565218,0.8415521739130436,0.8560021739130436,0.8809326086956523,0.8435260869565218,0.8026260869565217,0.8523826086956522,0.783808695652174,0.682545652173913,0.7543260869565218,0.8076195652173913,0.8112565217391304,0.7779173913043479,0.8181326086956522
0.8542630434782609,0.8521369565217393,0.8497934782608697,0.8691413043478262,0.8393326086956523,0.8779826086956521,0.883204347826087,0.8714130434782609,0.8603021739130435,0.8544891304347827,0.8654760869565218,0.8539391304347826,0.8523304347826087,0.8210347826086957,0.8093304347826087,0.7966804347826087,0.7692673913043478,0.7385673913043479,0.7042173913043478,0.7195326086956523,0.7229152173913044,0.7324782608695652,0.7564130434782609,0.7930804347826087,0.8079369565217391,0.7870347826086956,0.8347108695652175,0.8199000000000001,0.8436934782608696,0.8681978260869566,0.8319652173913045,0.8394304347826088,0.8770826086956522,0.8776413043478261,0.8632956521739131,0.8558217391304348,0.8403565217391304,0.8271804347826088,0.8337282608695653,0.8109934782608696,0.8220999999999999,0.7848217391304348,0.7613913043478261,0.7258195652173914,0.7074826086956523,0.7030804347826087,0.7240500000000001,0.7329782608695652,0.7533913043478262,0.7996608695652175,0.7886782608695653,0.8196260869565218,0.842704347826087,0.8528565217391305,0.842776086956522,0.8262869565217391,0.8331260869565218,0.850408695652174,0.8540847826086958,0.8544891304347827,0.8670630434782609,0.8560500000000001,0.8532260869565218,0.8416065217391304,0.8406782608695652,0.8401521739130435,0.8535739130434784,0.8509630434782609,0.8281000000000001,0.8368608695652174,0.8485978260869566,0.8539391304347826,0.8390717391304349,0.8550521739130434,0.8667130434782608,0.8910500000000001,0.8641326086956522,0.868108695652174,0.8306978260869565,0.8266521739130436,0.8228826086956522,0.7873217391304348,0.8081304347826088,0.7992021739130436,0.8094934782608697,0.8317565217391305,0.8372065217391305,0.8569500000000002,0.8870608695652173,0.854708695652174,0.7987478260869566,0.8426891304347826,0.761395652173913,0.7633434782608696,0.7734847826086957,0.8151760869565218,0.8187434782608697,0.7738652173913044,0.8218695652173913
0.8614413043478262,0.8550695652173914,0.8458173913043479,0.8672760869565218,0.8374847826086957,0.8804260869565219,0.8931391304347827,0.8710847826086957,0.8668695652173913,0.8544891304347827,0.8659108695652173,0.8544891304347827,0.8528043478260869,0.821313043478261,0.8050934782608696,0.7954478260869566,0.801254347826087,0.7621826086956522,0.7348782608695653,0.7000413043478262,0.6919195652173914,0.7484217391304349,0.7708217391304347,0.7973434782608696,0.8065695652173913,0.7965239130434784,0.8344934782608696,0.8468826086956522,0.8384195652173914,0.8628804347826088,0.8279543478260869,0.8508434782608697,0.8776304347826089,0.8831543478260869,0.8624456521739131,0.848408695652174,0.8335630434782609,0.8225804347826087,0.8311652173913044,0.8246239130434784,0.8100239130434784,0.8001956521739131,0.7558608695652175,0.7259369565217393,0.6798260869565218,0.7051021739130435,0.6939021739130435,0.7159630434782609,0.7603565217391305,0.7979282608695653,0.7858608695652174,0.8154739130434783,0.8329760869565218,0.8529260869565218,0.8431282608695654,0.8231434782608696,0.8269956521739131,0.8528760869565218,0.8528760869565218,0.8548956521739132,0.8660673913043478,0.8561717391304349,0.8522673913043479,0.8412956521739131,0.8397521739130436,0.8337108695652174,0.846367391304348,0.8501804347826087,0.8221782608695654,0.8395478260869566,0.852558695652174,0.8444804347826087,0.8314217391304348,0.849608695652174,0.8662739130434783,0.8854760869565219,0.8626804347826087,0.8613086956521739,0.8358956521739132,0.8210369565217391,0.8205934782608696,0.7891434782608696,0.808417391304348,0.7914804347826088,0.8079391304347827,0.8222347826086958,0.8409347826086957,0.8554195652173915,0.8885434782608697,0.8492913043478262,0.7973760869565218,0.8230108695652174,0.7678304347826088,0.7716782608695653,0.7619782608695653,0.8155934782608697,0.8012326086956523,0.7572021739130436,0.8243369565217392
0.8625673913043479,0.8560000000000001,0.848213043478261,0.8617304347826088,0.8489152173913044,0.8775695652173915,0.8815282608695654,0.8712304347826086,0.8594239130434783,0.8553000000000001,0.8655239130434783,0.8540130434782609,0.850408695652174,0.8282673913043479,0.8163869565217391,0.7976304347826089,0.8012478260869565,0.7289717391304349,0.7193173913043479,0.7183152173913043,0.7033652173913044,0.7263413043478262,0.7708413043478262,0.8003413043478261,0.8078108695652175,0.7958260869565218,0.8344934782608696,0.8465913043478261,0.8436934782608697,0.86845,0.836804347826087,0.8429521739130436,0.8829782608695653,0.8824152173913045,0.8642260869565218,0.8574717391304348,0.8353173913043479,0.8265717391304348,0.8415173913043479,0.823754347826087,0.8129021739130435,0.7852413043478261,0.755754347826087,0.7196478260869567,0.6783978260869565,0.6965,0.7159021739130434,0.7150152173913044,0.7368782608695653,0.7896891304347827,0.7680195652173913,0.8146934782608696,0.8368347826086957,0.8544152173913045,0.8432456521739132,0.8258652173913045,0.8323978260869567,0.8518760869565217,0.8468391304347826,0.8540847826086958,0.86495,0.8562413043478262,0.8524826086956523,0.8417347826086956,0.8382239130434783,0.8393891304347827,0.8392695652173914,0.8516521739130436,0.8136543478260871,0.8411195652173914,0.8498630434782609,0.8544173913043479,0.8390673913043478,0.8532413043478262,0.8686413043478262,0.884295652173913,0.8572000000000002,0.8623934782608697,0.8291586956521739,0.8226369565217393,0.8199413043478261,0.7807108695652174,0.8075608695652174,0.7946391304347826,0.8117869565217393,0.8269478260869566,0.845117391304348,0.8573000000000001,0.8921,0.8466782608695653,0.8050173913043479,0.8379413043478261,0.758604347826087,0.7672,0.6714304347826088,0.7991760869565219,0.8120673913043478,0.766408695652174,0.8238326086956522
0.862113043478261,0.8473673913043479,0.8517130434782609,0.8712391304347826,0.8467326086956523,0.8790282608695654,0.8823413043478262,0.865804347826087,0.865808695652174,0.85475,0.8590847826086957,0.8543434782608696,0.850408695652174,0.8176760869565218,0.8058369565217393,0.7902804347826088,0.7680891304347827,0.7332739130434782,0.7374891304347827,0.7254195652173913,0.7503326086956522,0.7326543478260871,0.7798217391304348,0.7736673913043478,0.8063717391304348,0.7964891304347826,0.8277608695652174,0.8473173913043479,0.8434695652173914,0.8702673913043479,0.8360326086956522,0.847641304347826,0.8779130434782609,0.8817847826086957,0.8650913043478262,0.8588152173913044,0.8407913043478261,0.8302565217391304,0.836963043478261,0.8139260869565218,0.8177326086956522,0.8022195652173914,0.7702891304347826,0.7036804347826088,0.6882239130434783,0.6848282608695653,0.7248152173913044,0.7174173913043478,0.7753847826086957,0.7967065217391305,0.7849804347826088,0.8134717391304349,0.8434065217391304,0.8488608695652176,0.8434782608695652,0.8252695652173914,0.8277891304347826,0.8532065217391305,0.8532782608695654,0.8524760869565218,0.8670630434782609,0.8557434782608696,0.8540239130434784,0.8416065217391304,0.833313043478261,0.8412239130434783,0.8510086956521741,0.843958695652174,0.8244869565217392,0.8360608695652175,0.8447391304347827,0.8489869565217392,0.8391478260869566,0.8536391304347827,0.8677695652173913,0.8820065217391306,0.8513304347826088,0.8673347826086957,0.8356021739130436,0.8260065217391306,0.8236282608695653,0.7967847826086958,0.8111369565217392,0.794921739130435,0.8123934782608696,0.8251000000000001,0.8352369565217391,0.857558695652174,0.892154347826087,0.8505891304347826,0.7992978260869565,0.824467391304348,0.770504347826087,0.7619108695652174,0.7672239130434784,0.8128456521739131,0.8218369565217392,0.7473130434782609,0.8159565217391305
0.8550956521739131,0.850154347826087,0.8447630434782609,0.8626000000000001,0.846854347826087,0.878221739130435,0.8747021739130435,0.8586173913043479,0.8589065217391305,0.8536826086956523,0.8672108695652175,0.8540130434782609,0.8520043478260869,0.8165369565217393,0.8200456521739131,0.8034260869565217,0.7994130434782609,0.7372652173913045,0.6911369565217392,0.7203260869565219,0.724254347826087,0.749691304347826,0.7718847826086958,0.8006956521739131,0.8058673913043479,0.794967391304348,0.8344934782608696,0.8464478260869566,0.8458260869565218,0.8622260869565218,0.8364456521739131,0.8359282608695653,0.8712804347826087,0.8752739130434782,0.8658847826086957,0.8591543478260871,0.8376043478260871,0.8292804347826088,0.8227782608695652,0.8051913043478262,0.8150478260869566,0.7870413043478262,0.7682673913043478,0.7345369565217392,0.7002760869565218,0.6910173913043479,0.6903826086956522,0.7140586956521741,0.7516586956521739,0.799813043478261,0.7771065217391305,0.8193065217391305,0.8433326086956522,0.8543260869565218,0.8420652173913044,0.8249760869565217,0.8332978260869566,0.8524760869565218,0.8528760869565218,0.8536826086956523,0.8635978260869566,0.8551652173913044,0.85245,0.8409869565217393,0.8409869565217393,0.8408413043478261,0.8513717391304348,0.8513152173913043,0.8232804347826088,0.8415195652173914,0.8493086956521739,0.8540130434782609,0.8368891304347826,0.8545456521739131,0.8610891304347826,0.8830630434782608,0.8625586956521739,0.8520456521739131,0.8409260869565218,0.8340956521739131,0.8208826086956523,0.800708695652174,0.8104913043478261,0.7992173913043479,0.8174108695652175,0.8308913043478261,0.8434543478260871,0.8533239130434784,0.8866391304347827,0.8470369565217393,0.7929978260869566,0.8295130434782609,0.7618239130434783,0.7622913043478262,0.7562347826086957,0.7977521739130435,0.7949695652173914,0.7810239130434784,0.8163782608695653
0.8435347826086956,0.8482543478260871,0.8530608695652174,0.8690108695652174,0.848604347826087,0.8651065217391305,0.8860260869565219,0.8527913043478261,0.8618369565217392,0.8536826086956523,0.8597826086956523,0.8553000000000001,0.8453456521739131,0.815654347826087,0.8086826086956523,0.7914521739130436,0.7951673913043479,0.7501391304347826,0.7446695652173914,0.6929413043478261,0.7335260869565219,0.726008695652174,0.7659934782608697,0.8007913043478262,0.8072565217391304,0.7939282608695654,0.8344195652173914,0.8470260869565218,0.8413043478260871,0.8562000000000001,0.8343891304347827,0.8556043478260871,0.869304347826087,0.8756195652173914,0.8593304347826087,0.8578065217391305,0.839917391304348,0.8152478260869566,0.8357260869565217,0.8279869565217391,0.794713043478261,0.772158695652174,0.762058695652174,0.70665,0.6652956521739132,0.708408695652174,0.7008717391304348,0.7100739130434783,0.7674565217391305,0.7922782608695652,0.8007521739130435,0.8133,0.8432608695652175,0.8548652173913045,0.8434782608695652,0.8275608695652175,0.8300695652173914,0.8536108695652174,0.8448347826086957,0.8524760869565218,0.8653956521739132,0.8561717391304349,0.8478065217391305,0.8416065217391304,0.8400608695652174,0.8412239130434783,0.8464608695652175,0.8441760869565218,0.8306086956521739,0.8386891304347827,0.8550369565217392,0.8536108695652174,0.8385478260869565,0.8543326086956523,0.8682108695652174,0.889113043478261,0.8577239130434783,0.8698326086956522,0.831608695652174,0.827458695652174,0.8222239130434784,0.7950804347826088,0.8083217391304348,0.795063043478261,0.8176304347826088,0.8283108695652174,0.8413869565217392,0.8574326086956522,0.8901760869565217,0.8437391304347828,0.802021739130435,0.8571739130434785,0.7786500000000001,0.7502021739130436,0.7970543478260871,0.8144304347826088,0.8054978260869565,0.7493108695652174,0.824858695652174
0.8560195652173913,0.8472086956521739,0.8532782608695654,0.8559239130434784,0.8426630434782609,0.8702978260869566,0.8727521739130434,0.8589934782608696,0.8664608695652174,0.8540847826086958,0.8590978260869566,0.8548956521739132,0.8444369565217392,0.8141347826086958,0.806913043478261,0.7899195652173914,0.7750173913043479,0.7411282608695652,0.7543717391304349,0.7032217391304348,0.7036456521739131,0.7531021739130436,0.7380500000000001,0.8009934782608696,0.8089891304347827,0.7987934782608697,0.8344934782608696,0.8466652173913044,0.845754347826087,0.8701956521739131,0.8337652173913045,0.8402891304347827,0.8668739130434784,0.8592108695652175,0.857908695652174,0.8574717391304348,0.8397413043478261,0.8264695652173913,0.8381369565217393,0.8266739130434784,0.8141413043478262,0.788754347826087,0.7679717391304348,0.7183521739130435,0.7040217391304349,0.6753913043478261,0.7173956521739131,0.7237652173913044,0.7525369565217391,0.79315,0.7902173913043479,0.8208152173913044,0.8434065217391304,0.8480326086956522,0.8363369565217392,0.8252695652173914,0.8315739130434783,0.8540847826086958,0.8544173913043479,0.8536826086956523,0.8665652173913044,0.856158695652174,0.8527869565217392,0.8422282608695653,0.8403695652173915,0.8399891304347826,0.8466934782608697,0.8480673913043479,0.8276630434782609,0.8395978260869565,0.8556021739130435,0.8471695652173914,0.8312173913043479,0.8547934782608697,0.8672108695652175,0.8925434782608698,0.873358695652174,0.8652978260869565,0.8414086956521739,0.8257695652173914,0.8206304347826088,0.7913065217391305,0.8007173913043479,0.7950543478260871,0.8159695652173914,0.8313260869565218,0.8427739130434784,0.8553891304347827,0.8783043478260871,0.8491608695652174,0.8032586956521739,0.830113043478261,0.7555347826086957,0.6796608695652173,0.7593108695652174,0.7959195652173913,0.7968326086956522,0.7573760869565218,0.8087369565217392
0.8566434782608695,0.8561500000000001,0.8454891304347827,0.8625282608695654,0.8465869565217392,0.8785413043478262,0.8926260869565219,0.8633760869565217,0.8635978260869566,0.8560413043478262,0.8664717391304347,0.8520760869565218,0.8462195652173914,0.8193434782608696,0.8172239130434782,0.7792217391304348,0.7949195652173914,0.7374652173913044,0.7159804347826088,0.7055717391304348,0.7083847826086956,0.7341304347826088,0.7717956521739131,0.8049978260869566,0.8008152173913043,0.7967695652173914,0.8344195652173914,0.846954347826087,0.8412608695652175,0.8366608695652173,0.8294891304347827,0.8062608695652175,0.8766108695652174,0.8843282608695652,0.8650195652173914,0.8584782608695652,0.8333,0.8288934782608697,0.8338326086956522,0.8246108695652175,0.8241173913043479,0.790504347826087,0.7544369565217393,0.7179543478260871,0.6797630434782609,0.7003152173913044,0.6820304347826087,0.73895,0.7619152173913044,0.7906521739130435,0.7870978260869566,0.8137043478260869,0.8369652173913044,0.8465391304347826,0.8434782608695652,0.8245391304347828,0.8322695652173914,0.8544891304347827,0.8519304347826087,0.8540847826086958,0.8596282608695653,0.8561717391304349,0.8532260869565218,0.8428521739130435,0.8412956521739131,0.8402978260869566,0.8380478260869566,0.8505434782608696,0.8264173913043479,0.834854347826087,0.8497173913043479,0.8519304347826087,0.8389934782608697,0.8540782608695653,0.8682695652173914,0.8822956521739131,0.8634934782608698,0.877341304347826,0.8386608695652176,0.8302304347826087,0.8232195652173914,0.786454347826087,0.8033978260869566,0.8020652173913043,0.8119173913043479,0.8240782608695653,0.8397065217391305,0.8565739130434784,0.8856434782608695,0.8440760869565218,0.7995934782608696,0.8369391304347826,0.765554347826087,0.758558695652174,0.7576760869565218,0.8134717391304349,0.7782021739130435,0.7665282608695653,0.8242478260869566
0.8593891304347827,0.8483673913043479,0.8386260869565219,0.8635021739130435,0.8468130434782609,0.8748369565217393,0.8911347826086957,0.8598521739130436,0.8619369565217392,0.8480500000000002,0.8668456521739132,0.8536826086956523,0.8447630434782609,0.8235478260869566,0.8044695652173913,0.7755978260869566,0.7718195652173914,0.7457347826086959,0.733945652173913,0.7233673913043479,0.70275,0.7226891304347827,0.7655456521739131,0.801604347826087,0.8077434782608696,0.7926739130434783,0.8279065217391305,0.8467369565217392,0.8449347826086958,0.868954347826087,0.8298934782608696,0.847958695652174,0.8813108695652174,0.8795891304347826,0.8652369565217393,0.8550260869565217,0.8329978260869565,0.8296347826086957,0.8307891304347826,0.8195978260869566,0.8008630434782609,0.7942608695652175,0.7544043478260869,0.7276239130434783,0.7026978260869565,0.7027413043478262,0.7055173913043479,0.7189347826086957,0.7657913043478262,0.7951804347826087,0.7757108695652175,0.8138108695652174,0.8434065217391304,0.8544891304347827,0.8434782608695652,0.8224543478260871,0.8314847826086957,0.8479782608695653,0.8480500000000002,0.8532782608695654,0.8645826086956522,0.8562304347826087,0.8533956521739131,0.8422282608695653,0.8403695652173915,0.8422282608695653,0.8503956521739131,0.8516652173913044,0.82845,0.8405239130434784,0.8461521739130435,0.844908695652174,0.840904347826087,0.8492500000000001,0.8664717391304347,0.8904891304347826,0.8670760869565218,0.8720652173913044,0.8146152173913044,0.8282934782608696,0.8196369565217392,0.8004108695652175,0.8021739130434783,0.7971304347826088,0.8048760869565218,0.823904347826087,0.832413043478261,0.8571413043478261,0.8793260869565218,0.8516630434782609,0.7964717391304348,0.826063043478261,0.7695913043478261,0.7702130434782609,0.7521543478260869,0.809854347826087,0.8003565217391304,0.7683891304347827,0.8046347826086957
0.862354347826087,0.8522717391304349,0.8452717391304349,0.8656065217391306,0.8492282608695653,0.8651065217391305,0.8892130434782609,0.8617652173913044,0.8626934782608696,0.8553000000000001,0.8672695652173914,0.8528043478260869,0.8511304347826087,0.8240000000000001,0.8135521739130436,0.7904869565217392,0.7700891304347828,0.7484739130434784,0.7111913043478262,0.7130347826086957,0.7337891304347827,0.7406413043478262,0.7671304347826088,0.7588326086956522,0.8068478260869566,0.7965782608695653,0.8344934782608696,0.8475347826086957,0.844591304347826,0.8689956521739132,0.8342934782608695,0.8485326086956522,0.8760456521739132,0.8837239130434783,0.8627608695652175,0.8591543478260871,0.834954347826087,0.8307717391304349,0.8361500000000001,0.8286195652173914,0.8030760869565218,0.7923130434782609,0.768754347826087,0.7202608695652175,0.6671173913043479,0.6927086956521741,0.68225,0.7049434782608696,0.7605804347826087,0.7935869565217392,0.7919,0.8182152173913044,0.8434782608695652,0.8544173913043479,0.8366891304347827,0.8243652173913044,0.8330413043478262,0.8532782608695654,0.8532782608695654,0.8476456521739131,0.8640891304347826,0.8555282608695652,0.8528630434782609,0.8416065217391304,0.8391391304347826,0.8328608695652174,0.8460782608695653,0.8442065217391305,0.8267934782608697,0.8329804347826087,0.85645,0.8505260869565218,0.8385478260869565,0.8546347826086959,0.8677695652173913,0.8862630434782609,0.8523956521739131,0.8693978260869566,0.8255021739130435,0.831158695652174,0.8235347826086957,0.7975239130434784,0.8064717391304348,0.7983108695652175,0.809417391304348,0.8302347826086958,0.844113043478261,0.8564956521739131,0.8830978260869567,0.8487608695652175,0.7731152173913044,0.8464152173913044,0.763454347826087,0.7632760869565218,0.7708652173913044,0.8138152173913044,0.8034500000000001,0.7686130434782609,0.8198673913043479
0.8554065217391306,0.8436217391304348,0.8523304347826087,0.8697739130434784,0.8430847826086957,0.8775695652173915,0.8772847826086958,0.8721239130434784,0.8683891304347827,0.8544891304347827,0.8662739130434783,0.8532782608695654,0.852404347826087,0.8287195652173913,0.8143673913043479,0.7972978260869565,0.7993826086956521,0.7537934782608696,0.7183739130434783,0.735867391304348,0.7140434782608697,0.7250326086956522,0.7709869565217392,0.8007978260869566,0.8089891304347827,0.7979130434782609,0.8312326086956522,0.8461565217391305,0.8427195652173913,0.8596304347826087,0.8255108695652174,0.840813043478261,0.8722173913043479,0.8777195652173914,0.8596652173913044,0.8591543478260871,0.8292978260869567,0.8231891304347827,0.8368521739130436,0.8216391304347826,0.8130217391304349,0.811963043478261,0.7470608695652174,0.7317565217391305,0.6791782608695653,0.6863282608695652,0.7097347826086957,0.7280586956521741,0.7599586956521739,0.7984543478260869,0.7846717391304349,0.8180021739130435,0.8433326086956522,0.8548043478260869,0.836676086956522,0.8235282608695653,0.8307804347826088,0.8543434782608696,0.8483826086956522,0.8532782608695654,0.8675608695652175,0.8562304347826087,0.8533630434782609,0.8425391304347827,0.8342369565217391,0.8403695652173915,0.8513760869565218,0.849504347826087,0.8188434782608697,0.8384369565217391,0.85645,0.8490086956521741,0.8307347826086956,0.8549369565217392,0.8675891304347828,0.8919173913043478,0.8517913043478261,0.86155,0.8381326086956522,0.8359260869565218,0.8265217391304348,0.7888717391304347,0.8082260869565218,0.7978913043478262,0.8144956521739131,0.8274086956521739,0.8449347826086958,0.8430869565217392,0.8843717391304349,0.8568021739130435,0.8044565217391305,0.8482956521739132,0.7643717391304349,0.6725326086956522,0.6651391304347827,0.8022130434782608,0.8040804347826087,0.7558630434782609,0.810008695652174
0.8564804347826087,0.8440913043478261,0.8511304347826087,0.865908695652174,0.84225,0.8784695652173914,0.8835413043478261,0.8738108695652174,0.8615369565217392,0.8553000000000001,0.8677108695652175,0.8554891304347827,0.8527304347826087,0.8214195652173913,0.8023913043478261,0.7906934782608697,0.7684847826086957,0.717321739130435,0.7266282608695652,0.728558695652174,0.7154652173913044,0.7268717391304348,0.7743391304347826,0.7929239130434783,0.805854347826087,0.7934391304347826,0.8342891304347827,0.8437804347826087,0.8393195652173914,0.8642869565217391,0.8231282608695653,0.8575217391304348,0.8837521739130436,0.88295,0.8615195652173914,0.8581413043478261,0.8358326086956522,0.8274152173913044,0.8356695652173913,0.825467391304348,0.8045434782608696,0.8005652173913044,0.7541000000000001,0.7389652173913044,0.6917826086956522,0.690704347826087,0.7206543478260871,0.7316173913043479,0.7730413043478261,0.785608695652174,0.7954391304347826,0.8223065217391305,0.8432021739130435,0.8474456521739131,0.8428826086956521,0.8279173913043478,0.8298608695652174,0.8539565217391306,0.8479782608695653,0.8532065217391305,0.8600608695652175,0.8562413043478262,0.8539478260869566,0.842045652173913,0.8409869565217393,0.8344739130434783,0.8499065217391306,0.8507760869565218,0.8271478260869566,0.8410130434782609,0.85645,0.8510826086956522,0.8406760869565219,0.8540108695652174,0.868154347826087,0.8815717391304349,0.8606608695652175,0.868404347826087,0.8232,0.8245934782608697,0.8251304347826087,0.7901782608695653,0.808417391304348,0.7969391304347826,0.7999391304347827,0.8324782608695653,0.8415152173913044,0.8475021739130435,0.8915304347826086,0.8481500000000001,0.8035195652173914,0.858263043478261,0.7628021739130435,0.7550521739130435,0.7796391304347826,0.8174456521739131,0.8068521739130435,0.7594239130434784,0.8244673913043479
0.8560347826086957,0.8469565217391305,0.8436043478260871,0.8656913043478262,0.8491021739130435,0.8721021739130437,0.8795630434782609,0.8667521739130435,0.865908695652174,0.8553000000000001,0.8605304347826088,0.8466934782608696,0.8517869565217392,0.818913043478261,0.8109673913043478,0.7942608695652175,0.7926500000000001,0.7577413043478262,0.7386978260869567,0.7205804347826088,0.7093217391304348,0.7441739130434784,0.7501978260869565,0.7947239130434783,0.8005239130434784,0.7991282608695653,0.8347108695652175,0.8474608695652175,0.8401260869565218,0.8701217391304348,0.8368391304347826,0.8336413043478261,0.8790500000000001,0.8737717391304349,0.855404347826087,0.856808695652174,0.8377717391304348,0.8258217391304348,0.8309717391304349,0.8196913043478261,0.8160152173913044,0.7904434782608696,0.7627108695652175,0.7323652173913043,0.6967413043478261,0.6969195652173914,0.7066652173913044,0.7216326086956523,0.7690347826086957,0.7904239130434784,0.7896782608695653,0.819913043478261,0.8431260869565218,0.8554891304347827,0.8396608695652176,0.8260282608695654,0.8300695652173914,0.8540847826086958,0.8528760869565218,0.8528760869565218,0.8675608695652175,0.8561717391304349,0.8527108695652175,0.8422282608695653,0.8385282608695653,0.8407695652173913,0.8500217391304349,0.8502804347826088,0.8134630434782609,0.837954347826087,0.8413978260869566,0.8486152173913043,0.8389934782608697,0.854708695652174,0.8607717391304349,0.8915543478260869,0.8703565217391305,0.8698326086956522,0.8274282608695652,0.8360195652173914,0.8188782608695653,0.7957478260869566,0.8110456521739131,0.7971000000000001,0.8087391304347827,0.8296826086956522,0.8456543478260871,0.8554891304347827,0.8862108695652176,0.8551347826086958,0.8028152173913043,0.8268826086956523,0.7749086956521739,0.7575,0.7647760869565218,0.8131956521739132,0.8023065217391305,0.760554347826087,0.8166673913043478
0.8547260869565219,0.8400304347826087,0.8471478260869566,0.8674217391304349,0.8481630434782609,0.8827456521739131,0.8856630434782609,0.8635869565217391,0.8669413043478261,0.8557065217391305,0.8677108695652175,0.8543434782608696,0.8511304347826087,0.816758695652174,0.8137891304347826,0.7936326086956522,0.7986652173913044,0.721954347826087,0.754254347826087,0.718321739130435,0.7050630434782609,0.7484673913043478,0.7406217391304348,0.7775108695652174,0.804141304347826,0.7968347826086958,0.8220043478260871,0.8343217391304348,0.8373739130434783,0.8703065217391306,0.8338369565217392,0.8432978260869566,0.8764673913043478,0.8798760869565219,0.8647652173913044,0.8561500000000001,0.832054347826087,0.8271347826086957,0.8324456521739131,0.8234956521739131,0.8072652173913044,0.7995391304347826,0.7584913043478262,0.7136956521739131,0.674813043478261,0.6922021739130435,0.6879760869565218,0.7186869565217391,0.7585695652173914,0.789354347826087,0.7862456521739131,0.8214130434782609,0.8431260869565218,0.8515326086956523,0.8431152173913045,0.8262108695652175,0.8255673913043479,0.8540847826086958,0.8544891304347827,0.8520760869565218,0.8675608695652175,0.8562304347826087,0.8519760869565218,0.8419173913043478,0.8388326086956522,0.8423217391304348,0.8462021739130435,0.8507608695652175,0.8191304347826087,0.8384304347826087,0.8458021739130436,0.8498021739130436,0.8375043478260871,0.8540782608695653,0.8679695652173913,0.8755913043478263,0.8597478260869565,0.846104347826087,0.8374478260869567,0.8304565217391305,0.7920260869565219,0.7952565217391304,0.8081304347826088,0.7932391304347828,0.8177391304347826,0.8305652173913044,0.8459565217391305,0.8562173913043479,0.8941478260869566,0.8536847826086957,0.793763043478261,0.8191108695652175,0.7813478260869565,0.7574282608695653,0.6650978260869566,0.8069652173913044,0.802758695652174,0.7557260869565218,0.8178304347826088
0.8645326086956522,0.8427282608695653,0.851858695652174,0.8572152173913045,0.8471413043478262,0.8769391304347827,0.8769217391304348,0.8608021739130436,0.8624804347826088,0.8548956521739132,0.8591021739130436,0.8536826086956523,0.8534652173913043,0.8278413043478261,0.8071717391304348,0.8057652173913045,0.7935804347826089,0.736404347826087,0.7381130434782609,0.7151630434782609,0.7058565217391306,0.7393891304347827,0.7842456521739132,0.79445,0.8064413043478261,0.7901739130434784,0.8344195652173914,0.8473173913043479,0.8355043478260871,0.8644869565217392,0.8301804347826088,0.857304347826087,0.8806086956521741,0.8671369565217392,0.8623021739130435,0.8581413043478261,0.8339152173913044,0.8276717391304349,0.8391413043478262,0.8273695652173915,0.8173913043478263,0.7947478260869566,0.7456282608695654,0.7370260869565218,0.7001717391304348,0.6942065217391306,0.7155869565217392,0.7336695652173914,0.7595891304347827,0.7888152173913043,0.7878347826086957,0.8032652173913044,0.8433326086956522,0.8514108695652175,0.8396608695652176,0.8249717391304349,0.8316521739130436,0.8536826086956523,0.8536826086956523,0.8544891304347827,0.8655717391304348,0.8561108695652174,0.8540978260869566,0.8351652173913043,0.8409869565217393,0.8406782608695652,0.848408695652174,0.8519565217391305,0.8281913043478262,0.83525,0.856304347826087,0.8492652173913043,0.8356695652173913,0.8546347826086959,0.8660347826086957,0.8851760869565218,0.8527021739130435,0.8687913043478263,0.8366239130434783,0.8329347826086957,0.823904347826087,0.7941108695652175,0.8103978260869565,0.8021413043478262,0.8166391304347828,0.827308695652174,0.8334652173913044,0.8602695652173913,0.8913065217391305,0.8467891304347827,0.7947673913043478,0.824704347826087,0.7825195652173914,0.7586934782608695,0.7631347826086957,0.8076869565217392,0.8174326086956523,0.7610065217391305,0.8176760869565218
0.8585282608695652,0.8585717391304348,0.845563043478261,0.8710934782608697,0.8439978260869566,0.8763847826086957,0.8827739130434784,0.8524456521739131,0.8624804347826088,0.856113043478261,0.8564652173913045,0.8523304347826087,0.851058695652174,0.8305956521739131,0.8151717391304348,0.7857065217391306,0.7763847826086957,0.730854347826087,0.7263652173913044,0.7108304347826088,0.7026021739130436,0.7282347826086957,0.7827630434782609,0.8013673913043479,0.8061739130434784,0.7938000000000002,0.8281956521739132,0.8468826086956524,0.8388413043478261,0.8666108695652174,0.8373391304347827,0.8375630434782608,0.8831543478260869,0.884254347826087,0.8648869565217393,0.8578065217391305,0.832513043478261,0.831308695652174,0.8368239130434784,0.8228782608695653,0.8097695652173914,0.7948413043478262,0.7454434782608695,0.7469065217391304,0.6847108695652174,0.6821413043478262,0.7042630434782609,0.733613043478261,0.7609,0.7881347826086957,0.7932652173913044,0.8172934782608696,0.8434065217391304,0.8468695652173913,0.8434782608695652,0.8276369565217392,0.8325108695652175,0.8520760869565218,0.8532782608695654,0.8557065217391305,0.8660673913043478,0.8555282608695652,0.850563043478261,0.8397521739130436,0.8400608695652174,0.8403152173913044,0.8432152173913045,0.8445978260869567,0.8269478260869566,0.8370369565217392,0.8497891304347827,0.8543260869565218,0.8408304347826088,0.8537347826086957,0.8665913043478262,0.8862347826086958,0.8589956521739132,0.8604434782608696,0.843208695652174,0.8263413043478262,0.8199543478260871,0.793191304347826,0.8107847826086957,0.7992760869565219,0.8141500000000002,0.8307826086956522,0.8416086956521741,0.8518456521739132,0.8898956521739131,0.8387913043478261,0.7941304347826088,0.8322108695652175,0.7672847826086957,0.773308695652174,0.7830739130434783,0.7843934782608696,0.7747456521739131,0.7638304347826088,0.8221956521739131
0.8472152173913045,0.8433695652173914,0.8259804347826087,0.8601108695652175,0.8416326086956523,0.8769108695652174,0.8859217391304348,0.8517065217391305,0.8646782608695652,0.8548956521739132,0.8676978260869567,0.8544891304347827,0.8528760869565218,0.8254456521739131,0.8116869565217393,0.7937847826086957,0.7918521739130436,0.7663913043478262,0.7435282608695652,0.7162108695652175,0.7237391304347827,0.7337282608695652,0.7482869565217392,0.7900086956521739,0.808704347826087,0.7987021739130435,0.8279065217391305,0.8462304347826088,0.8425630434782609,0.8674021739130435,0.8360304347826087,0.8444760869565219,0.8850304347826087,0.8849565217391305,0.8660391304347828,0.8574717391304348,0.8407913043478261,0.8268478260869565,0.8368586956521741,0.8269760869565219,0.8113695652173913,0.7971891304347827,0.7479195652173913,0.7142717391304348,0.7124695652173914,0.7043521739130436,0.7026173913043479,0.734858695652174,0.7412195652173913,0.7933934782608696,0.7930130434782608,0.8163282608695653,0.8361173913043479,0.8529282608695653,0.842776086956522,0.8267608695652174,0.8307826086956522,0.8532782608695654,0.851708695652174,0.8485608695652175,0.8635978260869566,0.8561108695652174,0.852558695652174,0.8403695652173915,0.8412956521739131,0.839463043478261,0.844667391304348,0.8514,0.8178826086956523,0.82865,0.8556021739130435,0.8517239130434783,0.8399565217391306,0.8552347826086957,0.8597739130434783,0.8876456521739131,0.8646565217391305,0.8593934782608696,0.8274782608695653,0.8342500000000002,0.8225065217391304,0.7943304347826087,0.8015369565217392,0.7938913043478262,0.8140347826086957,0.8182065217391304,0.841204347826087,0.8558760869565218,0.8941478260869566,0.8412195652173913,0.7980000000000002,0.8397782608695653,0.758295652173913,0.6691956521739131,0.6697173913043479,0.7997652173913044,0.8039804347826088,0.7779608695652175,0.8187282608695652
0.8513260869565218,0.857463043478261,0.8487826086956523,0.8604282608695653,0.8368108695652174,0.8763304347826086,0.8791304347826089,0.873017391304348,0.8606,0.8540847826086958,0.8582260869565218,0.8528760869565218,0.8516043478260871,0.8156978260869565,0.8214478260869564,0.7964782608695653,0.7971478260869566,0.7617891304347827,0.7315934782608696,0.6777760869565218,0.7103,0.728613043478261,0.7803695652173914,0.7902413043478261,0.8068652173913043,0.7915021739130436,0.8345652173913044,0.846808695652174,0.8452869565217392,0.869395652173913,0.8369239130434784,0.8498043478260872,0.8805326086956522,0.8778891304347827,0.865163043478261,0.8581413043478261,0.8380434782608697,0.8277456521739132,0.8394195652173914,0.8175173913043479,0.8062021739130436,0.7804826086956522,0.7378217391304348,0.7299869565217392,0.6910130434782609,0.6823956521739131,0.7093543478260871,0.7495760869565219,0.757863043478261,0.8001652173913044,0.7961695652173914,0.8200826086956523,0.8434782608695652,0.8548956521739132,0.8431152173913045,0.8273347826086958,0.833213043478261,0.8540847826086958,0.8512760869565218,0.8532782608695654,0.8675608695652175,0.8560500000000001,0.8514521739130436,0.8354760869565218,0.8391391304347826,0.8403695652173915,0.8382869565217391,0.8479826086956522,0.8260869565217391,0.8346130434782609,0.856304347826087,0.8541391304347826,0.8400913043478262,0.8529673913043478,0.8685326086956523,0.8910500000000001,0.8662217391304349,0.8646,0.8357760869565218,0.8216304347826088,0.8208195652173914,0.7979152173913044,0.8068065217391305,0.7872217391304349,0.8175217391304349,0.8170413043478262,0.8415347826086957,0.858304347826087,0.8789478260869567,0.8540195652173914,0.8081847826086956,0.8459282608695653,0.7702652173913044,0.6737978260869566,0.7784239130434784,0.8087869565217392,0.7995217391304348,0.7654260869565218,0.8154913043478261
0.8549782608695653,0.8553347826086958,0.8497195652173914,0.8647260869565218,0.8485543478260871,0.8778086956521739,0.8881217391304348,0.8700565217391304,0.8679065217391304,0.8557065217391305,0.8652217391304349,0.8548956521739132,0.8520760869565218,0.8172065217391304,0.8148717391304348,0.8032152173913044,0.7830195652173914,0.7348304347826088,0.7370065217391305,0.7144847826086957,0.6953608695652175,0.727967391304348,0.7751630434782609,0.816645652173913,0.8048695652173914,0.7953152173913045,0.8260173913043479,0.8467369565217392,0.8415065217391305,0.8696499999999999,0.83535,0.8427369565217392,0.876858695652174,0.8828043478260871,0.8655630434782609,0.8574391304347828,0.8410500000000001,0.815158695652174,0.8361500000000001,0.8240739130434784,0.8090043478260871,0.7952891304347828,0.7635782608695653,0.726967391304348,0.6755326086956522,0.6960521739130435,0.7158739130434784,0.7271673913043479,0.7500282608695653,0.796058695652174,0.787091304347826,0.8128565217391305,0.8434782608695652,0.8541391304347826,0.8431152173913045,0.8274847826086956,0.8321826086956523,0.8544173913043479,0.8528043478260869,0.8544891304347827,0.8576500000000001,0.8559913043478262,0.8513739130434784,0.8406782608695652,0.8412956521739131,0.8395347826086957,0.8524326086956523,0.8510978260869566,0.8245,0.8360804347826089,0.845304347826087,0.8475521739130436,0.8380347826086958,0.8557500000000001,0.8675891304347828,0.8862347826086958,0.8505391304347826,0.8508304347826088,0.8236782608695653,0.8245326086956521,0.8228826086956522,0.7901391304347827,0.8047717391304349,0.7983108695652175,0.8175217391304349,0.8204326086956523,0.838354347826087,0.8527478260869567,0.8936478260869566,0.8479739130434784,0.7997065217391306,0.8305739130434784,0.7844934782608697,0.6735891304347826,0.7573434782608696,0.7823782608695652,0.7731347826086957,0.7617869565217392,0.8182695652173914
0.8564326086956522,0.8468652173913044,0.8532782608695654,0.8703326086956521,0.8414978260869567,0.8798608695652174,0.8715739130434783,0.8769195652173913,0.8619369565217392,0.8548956521739132,0.8655369565217391,0.8532782608695654,0.8471695652173914,0.8202217391304348,0.8097717391304348,0.7916500000000001,0.7966891304347826,0.7441630434782609,0.7407521739130435,0.7070608695652175,0.7380891304347826,0.7337586956521739,0.7443239130434783,0.7408391304347828,0.7910673913043479,0.7945782608695652,0.8342173913043478,0.8202043478260871,0.8402913043478262,0.8696673913043479,0.8369782608695653,0.8448347826086957,0.8784239130434783,0.8854717391304346,0.8545521739130436,0.8574717391304348,0.8353608695652175,0.8292913043478262,0.8429826086956522,0.8226478260869566,0.7975956521739131,0.7900369565217392,0.7430826086956522,0.7262913043478261,0.6821847826086956,0.6867782608695653,0.6986239130434784,0.7383847826086958,0.774395652173913,0.7981369565217392,0.7816195652173914,0.8090956521739132,0.8432760869565218,0.855154347826087,0.843608695652174,0.8180760869565218,0.828854347826087,0.8518760869565217,0.8544891304347827,0.8553000000000001,0.864454347826087,0.8563608695652175,0.8518217391304348,0.842358695652174,0.8403695652173915,0.8399152173913044,0.8432978260869566,0.8510217391304348,0.8293630434782611,0.8334152173913044,0.8498630434782609,0.8520282608695653,0.8402369565217392,0.853413043478261,0.8666413043478262,0.8873326086956523,0.8537456521739131,0.8685586956521739,0.8337782608695653,0.8345847826086956,0.8188717391304349,0.791604347826087,0.8115934782608696,0.7978978260869566,0.8150260869565218,0.8002434782608696,0.8442934782608696,0.8526217391304348,0.889336956521739,0.8463282608695653,0.8057173913043478,0.846008695652174,0.7558043478260871,0.7632652173913045,0.7431456521739132,0.8082152173913044,0.80205,0.7751652173913044,0.8206369565217393
0.8512195652173914,0.8384391304347827,0.850408695652174,0.8712391304347826,0.8488673913043479,0.881408695652174,0.8832195652173913,0.8633195652173914,0.8625782608695652,0.8557065217391305,0.8662739130434783,0.8536826086956523,0.8485608695652175,0.8206869565217392,0.8213413043478262,0.7893478260869566,0.8039239130434784,0.755295652173913,0.7502434782608696,0.732108695652174,0.7256586956521739,0.7287934782608697,0.7387,0.799558695652174,0.7969739130434783,0.7889695652173915,0.8065869565217392,0.8465195652173912,0.8426782608695652,0.8689217391304349,0.8294413043478261,0.8490173913043478,0.8834717391304349,0.8796565217391303,0.8665869565217392,0.856808695652174,0.8370391304347827,0.8296347826086957,0.8230760869565218,0.8179782608695653,0.7908347826086957,0.7942913043478261,0.7574065217391305,0.7291217391304348,0.6484217391304349,0.7049978260869565,0.7017543478260869,0.7258760869565218,0.7677456521739131,0.7969934782608696,0.7865521739130436,0.8164130434782608,0.8432608695652175,0.8466021739130435,0.8434782608695652,0.8226173913043479,0.824958695652174,0.8524760869565218,0.8532065217391305,0.8536826086956523,0.8655717391304348,0.8562304347826087,0.8538152173913044,0.8422282608695653,0.8397521739130436,0.8393,0.8515391304347828,0.8507608695652175,0.8266913043478261,0.8384565217391305,0.8492347826086957,0.8461978260869566,0.8368891304347826,0.8551152173913045,0.8669695652173913,0.8878260869565218,0.8683391304347827,0.8615652173913044,0.8306108695652175,0.8179760869565218,0.8218434782608696,0.7897282608695653,0.8007173913043479,0.8018239130434783,0.8155195652173913,0.8289978260869566,0.8450391304347826,0.8553217391304349,0.8900304347826087,0.8518521739130436,0.8025239130434783,0.8524782608695654,0.7593434782608697,0.7885891304347826,0.7956652173913044,0.8045152173913044,0.789804347826087,0.7615000000000002,0.8169478260869565
0.8633260869565218,0.8536891304347827,0.8530608695652174,0.8683173913043479,0.8350891304347826,0.8603347826086957,0.8921043478260869,0.8610760869565218,0.8642304347826087,0.8557065217391305,0.8647260869565218,0.8536108695652174,0.8506608695652175,0.8214782608695653,0.8013956521739131,0.8037760869565218,0.7861369565217392,0.7369108695652173,0.7234478260869566,0.7095369565217391,0.7288478260869565,0.7289195652173913,0.7817434782608697,0.8100217391304347,0.806158695652174,0.795063043478261,0.8345652173913044,0.8402239130434783,0.8413108695652174,0.8679804347826088,0.8375891304347826,0.8511173913043479,0.8733391304347827,0.8777673913043479,0.8618456521739132,0.8584782608695652,0.8392108695652175,0.8310456521739132,0.8393,0.8247847826086957,0.803508695652174,0.7827347826086957,0.7546869565217392,0.712104347826087,0.702363043478261,0.6884826086956523,0.714263043478261,0.7245521739130435,0.7592869565217393,0.7837000000000001,0.7915130434782609,0.8220152173913045,0.8433326086956522,0.8542717391304349,0.8431282608695654,0.8195869565217393,0.8302478260869566,0.8540847826086958,0.8508782608695653,0.8536826086956523,0.8650760869565218,0.8561108695652174,0.8521608695652173,0.8409869565217393,0.8422282608695653,0.8415347826086957,0.8483652173913044,0.8431586956521739,0.8253717391304348,0.8282065217391306,0.856304347826087,0.847904347826087,0.8400326086956522,0.855008695652174,0.8670891304347828,0.8824521739130434,0.8599652173913045,0.872358695652174,0.834004347826087,0.8272347826086958,0.822554347826087,0.7991239130434783,0.8072565217391304,0.7995260869565218,0.8171913043478262,0.8256739130434783,0.8364217391304347,0.8588369565217393,0.8893326086956522,0.8519021739130436,0.7956130434782609,0.8180456521739131,0.7379195652173913,0.7670978260869565,0.7485413043478262,0.8058804347826088,0.7746565217391305,0.7686804347826087,0.8198391304347826
0.8525500000000001,0.8555847826086957,0.8350782608695653,0.8683173913043479,0.8472239130434782,0.8725173913043479,0.8848413043478262,0.8640152173913044,0.8625782608695652,0.8553000000000001,0.8662152173913044,0.8544891304347827,0.8454891304347827,0.809204347826087,0.7999413043478262,0.7948369565217392,0.7908478260869566,0.7423760869565218,0.7314260869565218,0.7228847826086957,0.7296913043478261,0.7453891304347827,0.7713913043478261,0.7907195652173914,0.801108695652174,0.7958934782608696,0.8342739130434782,0.8472434782608695,0.8445891304347827,0.869104347826087,0.8400695652173914,0.8571956521739131,0.8811934782608697,0.8742391304347826,0.8615347826086958,0.8578065217391305,0.8390326086956522,0.8237173913043478,0.8336913043478261,0.8304608695652174,0.8174173913043479,0.7991978260869566,0.7492608695652174,0.7201021739130435,0.6749434782608696,0.7006108695652175,0.7134130434782608,0.7275978260869566,0.7796934782608697,0.7939413043478262,0.7846521739130435,0.8225913043478262,0.8370369565217392,0.8540130434782609,0.8434782608695652,0.8243021739130435,0.8253934782608696,0.8536826086956523,0.8528043478260869,0.8548956521739132,0.8626152173913043,0.8560500000000001,0.8504391304347827,0.8422282608695653,0.8342369565217391,0.8406065217391305,0.8501260869565219,0.842363043478261,0.8215804347826088,0.8248239130434785,0.8558826086956522,0.8527108695652175,0.8405456521739131,0.8553347826086958,0.8672695652173914,0.8902347826086958,0.8619260869565217,0.8435000000000001,0.8418108695652174,0.8298826086956522,0.8196978260869566,0.7964804347826087,0.8054739130434783,0.7960782608695653,0.8179565217391305,0.829013043478261,0.8363565217391306,0.8586282608695653,0.8935760869565218,0.8439978260869566,0.7885804347826088,0.863667391304348,0.7810739130434783,0.7608391304347827,0.8012369565217392,0.8018739130434783,0.8126608695652175,0.7826652173913045,0.8178021739130436
0.8568152173913044,0.8571652173913045,0.8505152173913044,0.8638217391304349,0.8463695652173914,0.8783956521739132,0.88805,0.8694673913043479,0.865908695652174,0.8557065217391305,0.8647260869565218,0.8524760869565218,0.8516043478260871,0.822763043478261,0.818063043478261,0.7994891304347826,0.7953630434782609,0.7234369565217392,0.7273021739130435,0.7027391304347826,0.7044826086956522,0.7173521739130435,0.7787586956521739,0.7877782608695653,0.8040434782608696,0.7944826086956522,0.8342739130434782,0.8471717391304348,0.8449782608695653,0.8700500000000001,0.8255413043478261,0.8432739130434783,0.880941304347826,0.8760869565217391,0.8603065217391306,0.8591543478260871,0.8375891304347827,0.8254630434782609,0.8417000000000001,0.8160260869565218,0.8183869565217392,0.7884195652173914,0.7542326086956523,0.7250304347826088,0.6828760869565218,0.6767282608695653,0.7193826086956522,0.7370239130434783,0.7633043478260869,0.7904000000000001,0.7954565217391305,0.8176521739130435,0.8431282608695654,0.8536108695652174,0.8434782608695652,0.8275021739130436,0.832008695652174,0.8520760869565218,0.8512760869565218,0.8520760869565218,0.8660673913043478,0.8562304347826087,0.8529391304347826,0.8422282608695653,0.8400608695652174,0.8402978260869566,0.8501260869565219,0.8521739130434783,0.8250695652173913,0.8333195652173913,0.8315260869565219,0.8513956521739131,0.8403195652173914,0.8536021739130435,0.8651000000000002,0.8826239130434782,0.8636108695652175,0.8725021739130435,0.8357173913043479,0.8336391304347827,0.8168152173913044,0.7919326086956522,0.8104913043478261,0.7978913043478262,0.8132195652173914,0.8207521739130434,0.8373565217391306,0.8575978260869566,0.8896130434782608,0.8551782608695653,0.8059478260869567,0.8366934782608697,0.7712239130434783,0.6811804347826088,0.7677282608695654,0.8139130434782609,0.7830173913043479,0.7613021739130436,0.8215391304347827
0.8619108695652175,0.8545826086956523,0.851058695652174,0.8679695652173913,0.841054347826087,0.8747934782608696,0.8836652173913043,0.8644434782608696,0.8612391304347827,0.8553000000000001,0.864604347826087,0.8544173913043479,0.8506608695652175,0.816163043478261,0.8081760869565218,0.796495652173913,0.7730195652173913,0.724458695652174,0.7320434782608696,0.6679239130434783,0.6942478260869565,0.7305934782608696,0.7617652173913044,0.7980347826086958,0.8070434782608695,0.7955065217391305,0.8343478260869566,0.8463021739130436,0.8458326086956522,0.8689956521739132,0.8325326086956523,0.8552391304347826,0.8774565217391305,0.8743847826086957,0.8613173913043479,0.8578065217391305,0.8408782608695653,0.8233760869565218,0.8371173913043479,0.8185152173913045,0.81935,0.789813043478261,0.7653782608695653,0.7509782608695652,0.6852673913043479,0.6978934782608696,0.7088239130434782,0.7224869565217391,0.7551847826086957,0.7981434782608696,0.7972717391304349,0.8196478260869566,0.8434782608695652,0.8536826086956523,0.8334717391304348,0.8255804347826088,0.8332978260869566,0.8548956521739132,0.8536826086956523,0.8540130434782609,0.8660673913043478,0.8562304347826087,0.8535282608695653,0.8422282608695653,0.8416065217391304,0.8411500000000001,0.8527000000000001,0.8519565217391305,0.8235695652173912,0.8245413043478261,0.8485239130434783,0.8393152173913044,0.837604347826087,0.853958695652174,0.8681500000000001,0.8867304347826088,0.8641043478260869,0.8597652173913044,0.8343543478260871,0.8322608695652175,0.820854347826087,0.7976869565217393,0.813213043478261,0.7894413043478261,0.8165282608695653,0.8315413043478261,0.8359000000000001,0.8552326086956522,0.8888413043478263,0.8515521739130435,0.7994565217391305,0.8457173913043479,0.7675326086956522,0.6762326086956522,0.7576282608695653,0.796745652173913,0.8118413043478261,0.7243847826086958,0.8210108695652175
0.8548804347826088,0.846054347826087,0.8516043478260871,0.8683173913043479,0.8411413043478262,0.8788826086956523,0.8868065217391304,0.8727217391304348,0.8677608695652174,0.8548956521739132,0.8670304347826088,0.8540130434782609,0.8474282608695652,0.8286586956521739,0.8210326086956522,0.7874347826086958,0.795458695652174,0.7514847826086958,0.721008695652174,0.7174282608695652,0.7291695652173914,0.743104347826087,0.7690347826086957,0.8013913043478261,0.8085434782608696,0.795513043478261,0.8345652173913044,0.8465913043478261,0.8434608695652175,0.855145652173913,0.8351021739130435,0.8436673913043479,0.8855652173913043,0.8807239130434783,0.8638304347826088,0.8588152173913044,0.8376804347826088,0.830958695652174,0.8258478260869566,0.8075456521739132,0.8282782608695654,0.7939282608695654,0.7616021739130436,0.7359326086956524,0.671004347826087,0.6790130434782609,0.7261000000000001,0.698795652173913,0.7701891304347827,0.7976326086956522,0.7924369565217392,0.8201565217391306,0.8434065217391304,0.8521239130434782,0.8427521739130436,0.8265891304347827,0.8312217391304348,0.8532782608695654,0.8524760869565218,0.8472413043478262,0.8685608695652175,0.8559913043478262,0.8531521739130435,0.8416065217391304,0.8422282608695653,0.8410782608695653,0.8455565217391304,0.8474913043478262,0.823104347826087,0.8332673913043479,0.8491630434782609,0.8475,0.8400326086956522,0.8543043478260871,0.8662739130434783,0.8753391304347826,0.8441673913043478,0.8645152173913044,0.8258586956521738,0.8196891304347828,0.8259000000000001,0.7966978260869566,0.8006195652173914,0.800313043478261,0.8141500000000002,0.8218717391304349,0.8382369565217391,0.8486826086956522,0.888708695652174,0.8554326086956522,0.7965000000000001,0.8482999999999999,0.7530413043478261,0.7577369565217392,0.7633608695652174,0.7920565217391305,0.7862478260869566,0.7646804347826087,0.8231673913043479
0.8574152173913043,0.8493608695652175,0.8513826086956523,0.8619478260869566,0.8478934782608697,0.8804260869565219,0.88095,0.8694173913043479,0.8572804347826088,0.8553000000000001,0.8583456521739131,0.8534652173913043,0.8520043478260869,0.8285760869565217,0.8099673913043479,0.7998652173913045,0.7740608695652174,0.7389413043478261,0.7532891304347827,0.7263478260869565,0.7289500000000001,0.7473304347826086,0.7898347826086957,0.7986652173913045,0.7967826086956522,0.7993065217391305,0.8343478260869566,0.8464478260869566,0.8462956521739132,0.8640847826086957,0.8220804347826088,0.8077521739130434,0.8837239130434783,0.8801413043478262,0.8600391304347826,0.8561500000000001,0.8409652173913045,0.8288282608695653,0.8402739130434783,0.7836500000000001,0.8004000000000001,0.7900695652173914,0.7635000000000001,0.7257760869565217,0.6757913043478262,0.6919065217391304,0.7159239130434784,0.7168847826086957,0.7733717391304348,0.798358695652174,0.7971565217391305,0.816854347826087,0.843054347826087,0.8537152173913044,0.8370369565217392,0.8274108695652175,0.8294565217391305,0.8548956521739132,0.8540847826086958,0.8544173913043479,0.8631065217391306,0.8562304347826087,0.8510000000000001,0.8409869565217393,0.8416065217391304,0.8405326086956523,0.8462782608695653,0.84025,0.8245717391304348,0.8435630434782608,0.85645,0.8458173913043479,0.8373913043478263,0.854604347826087,0.8677108695652175,0.892421739130435,0.8660304347826088,0.8621326086956522,0.8341739130434783,0.8353869565217392,0.8154021739130435,0.7927521739130435,0.8048217391304349,0.7962369565217392,0.815604347826087,0.8257934782608697,0.8464913043478262,0.851654347826087,0.8925804347826086,0.8535826086956522,0.8163543478260871,0.8497195652173914,0.7723369565217391,0.6740260869565219,0.8066239130434784,0.7976717391304349,0.8108934782608695,0.7656065217391306,0.8186434782608697
0.8422608695652174,0.8553760869565218,0.8517869565217392,0.8693521739130435,0.8504869565217392,0.8772804347826089,0.8806934782608696,0.8713021739130434,0.86265,0.8548956521739132,0.8672695652173914,0.8544173913043479,0.8515304347826088,0.8287369565217393,0.8216108695652174,0.8013717391304348,0.8004521739130436,0.7466369565217391,0.7268913043478261,0.7114739130434783,0.7076478260869566,0.7548347826086957,0.7708891304347827,0.7910065217391306,0.8038608695652175,0.7932565217391305,0.801358695652174,0.847754347826087,0.8420282608695653,0.8677260869565219,0.8340673913043479,0.8477152173913044,0.8773108695652175,0.8847173913043479,0.865163043478261,0.8581413043478261,0.8387652173913044,0.8304260869565218,0.8423239130434783,0.8250826086956522,0.8018000000000001,0.8002913043478261,0.7491326086956522,0.7296043478260871,0.6690652173913044,0.678617391304348,0.708758695652174,0.7426043478260871,0.742295652173913,0.7938108695652175,0.7968021739130435,0.8114739130434783,0.8433326086956522,0.8507521739130436,0.8393065217391305,0.8262739130434783,0.8320695652173914,0.8528760869565218,0.8553000000000001,0.8544891304347827,0.8670630434782609,0.8559913043478262,0.852421739130435,0.8419173913043478,0.8422282608695653,0.8396804347826088,0.8365304347826088,0.8447173913043479,0.8267369565217392,0.8321891304347826,0.8416804347826088,0.8384086956521739,0.837354347826087,0.8523000000000001,0.8677695652173913,0.8845521739130436,0.8698043478260871,0.8770565217391303,0.8400347826086957,0.8341195652173914,0.8232565217391304,0.8011760869565219,0.8048695652173914,0.7997891304347827,0.8139086956521739,0.8298630434782609,0.8408434782608696,0.8588369565217393,0.891091304347826,0.8431456521739131,0.8042913043478263,0.8400847826086958,0.7779956521739131,0.6666021739130435,0.7863608695652174,0.8195173913043479,0.8053434782608696,0.7736608695652174,0.819754347826087
0.8636826086956523,0.8336934782608696,0.8506608695652175,0.8640608695652174,0.8375173913043479,0.879445652173913,0.8788760869565219,0.8687021739130436,0.8677326086956522,0.8557065217391305,0.8650413043478261,0.8540847826086958,0.8404021739130435,0.8285804347826088,0.8179717391304349,0.7910586956521739,0.7902456521739132,0.7408282608695653,0.7445434782608696,0.7273478260869565,0.696458695652174,0.7267065217391304,0.77815,0.777358695652174,0.8082565217391304,0.794454347826087,0.8343478260869566,0.846954347826087,0.8442369565217392,0.8672565217391305,0.8351086956521739,0.8577369565217392,0.8767869565217392,0.8841108695652174,0.8627608695652175,0.8584782608695652,0.8368565217391305,0.8303369565217392,0.8339021739130437,0.8111956521739131,0.8112239130434783,0.7967369565217391,0.7314434782608695,0.7359934782608696,0.686308695652174,0.695713043478261,0.6933260869565219,0.7161065217391305,0.7767217391304349,0.7989000000000002,0.792508695652174,0.8147413043478261,0.842704347826087,0.8544891304347827,0.8434782608695652,0.8248347826086958,0.8313978260869566,0.8512760869565218,0.8528760869565218,0.8536826086956523,0.86055,0.8562304347826087,0.8536195652173912,0.8422282608695653,0.8400608695652174,0.8333304347826088,0.8475130434782608,0.8508282608695653,0.8192826086956522,0.8284717391304349,0.8558804347826088,0.8462500000000001,0.8394391304347827,0.8546456521739132,0.867221739130435,0.8807021739130436,0.8625956521739132,0.8609000000000001,0.8323239130434783,0.8190195652173914,0.8236282608695653,0.7973500000000001,0.8104913043478261,0.7977369565217393,0.8141500000000002,0.821895652173913,0.8419695652173913,0.8541956521739131,0.893445652173913,0.8448152173913045,0.8176978260869566,0.8231739130434783,0.7767543478260871,0.7609,0.8158978260869566,0.8153978260869565,0.7793717391304349,0.7538978260869565,0.8192978260869566
0.8533108695652175,0.8505195652173915,0.8495413043478262,0.8598934782608697,0.8446478260869567,0.8782521739130437,0.8828195652173912,0.867758695652174,0.8597652173913044,0.8556347826086957,0.8672695652173914,0.8540847826086958,0.8450891304347827,0.8125760869565217,0.8143760869565217,0.7926652173913044,0.8043260869565217,0.753167391304348,0.7047391304347826,0.7342978260869566,0.7157521739130436,0.7414608695652174,0.7741673913043479,0.7941239130434783,0.8093456521739132,0.7870956521739131,0.8344195652173914,0.8465195652173912,0.8423217391304348,0.8667891304347828,0.8323782608695653,0.8468282608695653,0.8783956521739132,0.8788782608695653,0.8577847826086957,0.8513652173913044,0.841308695652174,0.8303369565217392,0.8253369565217392,0.8225391304347827,0.8141304347826088,0.7852369565217392,0.7740391304347827,0.7386086956521739,0.6739282608695653,0.668991304347826,0.701958695652174,0.7286695652173915,0.7674717391304349,0.7943565217391305,0.7912347826086957,0.8198282608695653,0.8369652173913044,0.840458695652174,0.8434782608695652,0.8274108695652175,0.8316521739130436,0.8520043478260869,0.85645,0.8553000000000001,0.8665652173913044,0.8553369565217391,0.8486239130434783,0.8419173913043478,0.8394456521739132,0.8340195652173914,0.8452239130434784,0.8521021739130435,0.8279282608695653,0.8360608695652174,0.8494434782608696,0.8475739130434783,0.8378000000000001,0.853108695652174,0.8677108695652175,0.8877673913043479,0.8726043478260871,0.8664108695652174,0.8306934782608696,0.8321608695652174,0.8232565217391304,0.7911456521739131,0.8038652173913043,0.796504347826087,0.8122760869565218,0.8281108695652174,0.8387434782608697,0.8572043478260869,0.8759043478260871,0.8443173913043479,0.8019673913043479,0.837954347826087,0.7384521739130436,0.6576673913043478,0.7649065217391305,0.8079260869565218,0.8025282608695653,0.7580739130434784,0.8041760869565218
0.8533021739130435,0.8448130434782609,0.8495413043478262,0.8657065217391305,0.8417521739130435,0.8704978260869566,0.8887826086956523,0.8694173913043479,0.8575717391304348,0.856521739130435,0.8667717391304348,0.8540130434782609,0.845563043478261,0.8226500000000001,0.8198717391304349,0.7936695652173913,0.7806478260869566,0.7581304347826088,0.730263043478261,0.7274347826086957,0.7088565217391305,0.7002521739130435,0.769258695652174,0.8077608695652174,0.8004239130434784,0.7948630434782609,0.8344195652173914,0.846954347826087,0.8373304347826088,0.8630260869565218,0.837463043478261,0.8507391304347828,0.8798782608695652,0.8816913043478263,0.8628326086956523,0.8591543478260871,0.8353891304347827,0.8292673913043479,0.8348065217391305,0.8290717391304347,0.8167065217391305,0.7905804347826088,0.7678760869565219,0.7381978260869566,0.6756434782608697,0.693963043478261,0.7047478260869565,0.7404239130434783,0.7769760869565218,0.7870804347826087,0.7969391304347826,0.8184413043478261,0.842776086956522,0.8532065217391305,0.842776086956522,0.8180978260869566,0.8302673913043479,0.8504956521739131,0.8536826086956523,0.8540847826086958,0.8680608695652174,0.8561717391304349,0.8533217391304349,0.8425391304347827,0.8406782608695652,0.8390673913043478,0.8467804347826088,0.8442500000000001,0.8301695652173914,0.8412956521739131,0.8477304347826088,0.8515782608695652,0.8403195652173914,0.8551152173913045,0.8680891304347828,0.8891847826086957,0.8715086956521739,0.8753260869565219,0.8441282608695652,0.8383260869565218,0.8218434782608696,0.7920673913043479,0.8045108695652174,0.7988913043478262,0.8083891304347827,0.8219847826086958,0.8435608695652175,0.8563000000000001,0.890813043478261,0.8536130434782608,0.8087978260869565,0.8352369565217391,0.7389000000000001,0.7604260869565218,0.7745326086956522,0.8092239130434784,0.798204347826087,0.7447782608695653,0.8167108695652174
0.8575195652173915,0.853195652173913,0.8516043478260871,0.8683891304347827,0.8508760869565218,0.8778086956521739,0.8841913043478262,0.8709347826086956,0.8650239130434784,0.8540847826086958,0.8627565217391305,0.8492673913043478,0.8511304347826087,0.8290152173913043,0.8199260869565218,0.7853826086956521,0.8046652173913044,0.7419282608695652,0.7305826086956523,0.7035152173913044,0.7231326086956522,0.7383217391304349,0.7596521739130435,0.7982000000000001,0.8063717391304348,0.7951891304347827,0.8343478260869566,0.8470260869565218,0.8429521739130436,0.853804347826087,0.8316934782608696,0.8494,0.8862478260869566,0.8752021739130434,0.8641521739130437,0.8571391304347827,0.8404434782608696,0.8257130434782609,0.8341760869565218,0.8255282608695653,0.816758695652174,0.8032934782608696,0.7540152173913044,0.7414978260869566,0.7009826086956522,0.6944130434782609,0.7207804347826088,0.7198934782608697,0.7623652173913044,0.7987130434782609,0.794417391304348,0.8125239130434784,0.8434782608695652,0.8539391304347826,0.8434782608695652,0.8246000000000001,0.8319108695652174,0.8532065217391305,0.8524760869565218,0.8520760869565218,0.8650760869565218,0.8560500000000001,0.853513043478261,0.8348565217391306,0.8409869565217393,0.8385282608695653,0.8458934782608697,0.8490934782608696,0.822958695652174,0.833167391304348,0.8477304347826088,0.8494891304347827,0.8350586956521739,0.8544847826086956,0.8680891304347828,0.8916782608695654,0.8579304347826088,0.8769847826086956,0.8378478260869565,0.8340891304347827,0.8185173913043479,0.786404347826087,0.80755,0.7972239130434783,0.8099760869565218,0.8321847826086958,0.8385478260869565,0.8558565217391305,0.888,0.8541978260869566,0.814113043478261,0.8404804347826087,0.7791391304347827,0.7811347826086957,0.7747478260869566,0.8072347826086957,0.8197565217391305,0.774363043478261,0.8176847826086957
0.8506782608695652,0.845408695652174,0.8503347826086958,0.8624326086956522,0.8479782608695653,0.8804260869565219,0.8843304347826088,0.8689043478260872,0.8630521739130436,0.856113043478261,0.8631260869565219,0.8532782608695654,0.850408695652174,0.820258695652174,0.8091,0.7972152173913043,0.789417391304348,0.7368043478260871,0.6958326086956522,0.7397108695652175,0.735663043478261,0.7268630434782609,0.7633760869565217,0.7994152173913045,0.8091804347826087,0.7654782608695654,0.8340695652173914,0.8468826086956522,0.8423282608695652,0.8571521739130435,0.8336608695652175,0.8546217391304348,0.8805782608695654,0.8713521739130434,0.8605586956521739,0.8574717391304348,0.8402695652173914,0.8230239130434783,0.8333521739130436,0.8242891304347826,0.8195695652173913,0.7839826086956523,0.7624847826086958,0.726263043478261,0.6822304347826087,0.6838521739130435,0.7233956521739131,0.7161173913043479,0.7573652173913045,0.7902565217391305,0.7976847826086957,0.8140413043478261,0.8369652173913044,0.8553000000000001,0.8424217391304348,0.8264717391304348,0.8318347826086957,0.8548239130434783,0.8527304347826087,0.8540847826086958,0.8670630434782609,0.8552282608695653,0.8533956521739131,0.8400608695652174,0.8397521739130436,0.8403891304347827,0.8297239130434783,0.8456608695652175,0.8300717391304349,0.828813043478261,0.8496456521739132,0.8457608695652175,0.8399565217391306,0.8547695652173913,0.8666521739130435,0.8827434782608696,0.8712391304347826,0.8698717391304348,0.8396804347826088,0.8306913043478261,0.815954347826087,0.7877108695652175,0.8107695652173914,0.7985326086956523,0.817158695652174,0.8201478260869567,0.8327304347826088,0.8494913043478262,0.890667391304348,0.8554065217391306,0.8005239130434784,0.85455,0.7620239130434783,0.7623978260869566,0.758058695652174,0.8131130434782609,0.7974978260869565,0.7498326086956523,0.8283521739130436
0.8592652173913043,0.8554760869565218,0.8489608695652174,0.8602652173913045,0.8319369565217392,0.8793,0.8834369565217393,0.8723717391304348,0.8664608695652174,0.8557065217391305,0.8650413043478261,0.8553000000000001,0.8464369565217391,0.829813043478261,0.8034978260869565,0.7961434782608696,0.7958869565217392,0.7292847826086957,0.7121717391304349,0.7328347826086957,0.7261673913043479,0.7314630434782609,0.7744652173913045,0.7976739130434782,0.8118673913043478,0.7974217391304349,0.833354347826087,0.8473891304347827,0.8443152173913043,0.8670826086956522,0.8275847826086957,0.8555652173913044,0.8785021739130435,0.8744260869565218,0.8660391304347828,0.8588152173913044,0.8395673913043479,0.8297304347826088,0.8324369565217391,0.8168586956521741,0.8128478260869566,0.8066869565217392,0.763554347826087,0.7156304347826088,0.7076195652173913,0.6960108695652174,0.6850978260869566,0.7285282608695653,0.770458695652174,0.7975782608695653,0.7857891304347827,0.8206478260869566,0.8434782608695652,0.8483826086956522,0.8363369565217392,0.8235282608695653,0.8319108695652174,0.8524760869565218,0.838954347826087,0.8532782608695654,0.8660673913043478,0.8555282608695652,0.8527108695652175,0.8428521739130435,0.8416065217391304,0.8402978260869566,0.8475565217391305,0.8507456521739131,0.8265021739130435,0.8412478260869566,0.8415347826086957,0.8535369565217391,0.8361086956521739,0.8548673913043479,0.8686521739130435,0.8884456521739131,0.8555065217391304,0.8618413043478261,0.8203,0.8344347826086957,0.8259891304347826,0.7919891304347827,0.808608695652174,0.7993369565217392,0.8146956521739132,0.8314347826086957,0.8461782608695654,0.8584195652173915,0.8913804347826089,0.8524913043478262,0.7938869565217391,0.8319413043478261,0.7590000000000001,0.7824304347826088,0.8004608695652174,0.8067217391304348,0.8244195652173913,0.7729760869565219,0.812204347826087
0.8579826086956522,0.8474521739130436,0.8522586956521739,0.870013043478261,0.8392282608695653,0.8734217391304349,0.881004347826087,0.8631152173913045,0.8664608695652174,0.8540847826086958,0.8668456521739132,0.8528760869565218,0.8462913043478261,0.8264869565217393,0.811813043478261,0.8012369565217392,0.7959,0.747891304347826,0.7319347826086957,0.7224521739130435,0.7189413043478261,0.7213130434782609,0.7437956521739131,0.7883434782608697,0.8101195652173914,0.7975108695652174,0.8080173913043478,0.8463739130434783,0.8366260869565219,0.8659978260869566,0.8370304347826087,0.8560000000000001,0.8785608695652175,0.8745804347826089,0.8650543478260871,0.8588152173913044,0.8359173913043478,0.8215826086956523,0.8188130434782609,0.8208847826086957,0.8043478260869565,0.7960543478260871,0.7598826086956523,0.7347630434782608,0.6823739130434783,0.6895739130434783,0.7103521739130435,0.7309195652173914,0.7730152173913044,0.7960804347826088,0.7839565217391306,0.8205934782608696,0.8434065217391304,0.8448826086956523,0.8424130434782608,0.8246000000000001,0.8296369565217392,0.8532782608695654,0.8540847826086958,0.8544891304347827,0.8571565217391305,0.8562304347826087,0.8526,0.8406195652173915,0.8403695652173915,0.8399152173913044,0.8457500000000001,0.8503804347826088,0.8234652173913044,0.8427673913043479,0.8550369565217392,0.844858695652174,0.8401065217391305,0.8551760869565218,0.8677695652173913,0.8820652173913044,0.8630282608695652,0.8682369565217392,0.8414760869565219,0.8257195652173913,0.8209804347826087,0.7897521739130435,0.809463043478261,0.7969326086956523,0.8166,0.8162760869565219,0.8405217391304348,0.844554347826087,0.8920086956521739,0.8525673913043479,0.7911217391304349,0.8640152173913045,0.7258282608695653,0.7626521739130435,0.6832369565217392,0.7972717391304349,0.7904717391304348,0.7747695652173914,0.8179260869565218
0.8618173913043479,0.8540456521739132,0.8432456521739132,0.8691413043478262,0.8489217391304349,0.8665760869565218,0.8849239130434784,0.8634739130434784,0.8634260869565218,0.8556347826086957,0.8662739130434783,0.8521847826086957,0.8480152173913044,0.8283086956521739,0.8162608695652175,0.7903021739130436,0.792408695652174,0.7432673913043479,0.7487521739130435,0.7160478260869566,0.6658413043478262,0.7434239130434782,0.7648652173913044,0.7756630434782609,0.8067673913043478,0.7984913043478262,0.8338347826086957,0.8469543478260871,0.8429891304347826,0.8680521739130436,0.8291804347826088,0.851404347826087,0.8794391304347827,0.8756,0.8620586956521741,0.8584782608695652,0.8387652173913044,0.8296282608695653,0.8248565217391305,0.8149347826086958,0.8057608695652175,0.784267391304348,0.7580717391304349,0.7330934782608697,0.6985782608695653,0.6924891304347827,0.7069391304347827,0.7203282608695653,0.7667434782608696,0.7963478260869565,0.788158695652174,0.8173891304347827,0.8434782608695652,0.8532782608695654,0.8363108695652175,0.8260282608695654,0.8217521739130436,0.8536826086956523,0.8536108695652174,0.8532065217391305,0.8640891304347826,0.8562304347826087,0.8508434782608696,0.8416065217391304,0.8351652173913043,0.839463043478261,0.8463478260869567,0.8503260869565218,0.8273239130434784,0.8440021739130434,0.8498630434782609,0.8471478260869566,0.8392086956521739,0.8535869565217392,0.86065,0.8871500000000001,0.8705108695652176,0.8699782608695653,0.8411152173913045,0.8366130434782609,0.8184695652173913,0.7950347826086958,0.8069630434782609,0.7972543478260871,0.8158586956521741,0.8317565217391305,0.8406978260869566,0.8513347826086957,0.8911630434782608,0.8535826086956522,0.7966869565217392,0.8268891304347826,0.7537543478260871,0.7497739130434783,0.7923086956521739,0.8138456521739131,0.79565,0.7659934782608697,0.8195456521739131
0.8451413043478261,0.8444434782608696,0.8475456521739131,0.856954347826087,0.8469673913043478,0.877908695652174,0.8794369565217393,0.8638260869565219,0.8640717391304349,0.856113043478261,0.8672108695652175,0.8532065217391305,0.852404347826087,0.8290239130434783,0.8094065217391304,0.7919108695652174,0.8077956521739131,0.7218086956521739,0.7473413043478262,0.6934934782608696,0.7288608695652175,0.732904347826087,0.7724934782608696,0.7623869565217392,0.7983804347826088,0.7946695652173913,0.8343478260869566,0.8468826086956522,0.844667391304348,0.8692500000000001,0.8293826086956522,0.8441478260869565,0.8794,0.8713739130434782,0.865708695652174,0.8584782608695652,0.8413956521739131,0.8233739130434784,0.8223891304347827,0.8236282608695653,0.8107717391304348,0.7907934782608695,0.7796478260869566,0.7272565217391305,0.7031195652173914,0.7039934782608696,0.7217282608695653,0.7246260869565219,0.7694847826086957,0.7922869565217392,0.7943739130434783,0.807963043478261,0.8370369565217392,0.85475,0.8434782608695652,0.8267239130434783,0.8311347826086958,0.8543434782608696,0.8528760869565218,0.8540847826086958,0.8650760869565218,0.8562304347826087,0.8538152173913044,0.8419173913043478,0.8400608695652174,0.8410065217391305,0.8437304347826088,0.8516652173913044,0.8288021739130436,0.8308260869565218,0.8524869565217392,0.8529152173913044,0.8375043478260871,0.854708695652174,0.868663043478261,0.8765782608695653,0.8585652173913044,0.8694695652173913,0.8396500000000001,0.8179739130434783,0.8173804347826087,0.7885065217391305,0.8046717391304349,0.8015369565217393,0.81275,0.832608695652174,0.8346347826086957,0.8563456521739131,0.886563043478261,0.8374847826086957,0.8099652173913043,0.8393652173913044,0.7769652173913044,0.7585847826086957,0.7698760869565218,0.802854347826087,0.8197260869565218,0.7386913043478261,0.8180695652173913
0.8474717391304348,0.8545782608695652,0.8520043478260869,0.863117391304348,0.8458413043478261,0.876867391304348,0.8883217391304349,0.8649739130434784,0.8605282608695652,0.8553000000000001,0.8655239130434783,0.8471695652173914,0.8507326086956523,0.8280347826086957,0.8152434782608696,0.8087739130434783,0.7720891304347827,0.740158695652174,0.7181347826086957,0.7332108695652174,0.7101934782608696,0.729045652173913,0.7708065217391304,0.8006304347826088,0.8078391304347826,0.7935456521739132,0.8344934782608696,0.8408760869565218,0.841967391304348,0.8666065217391306,0.8303369565217392,0.8384782608695653,0.8759413043478261,0.8777913043478262,0.8596652173913044,0.8591543478260871,0.8391282608695654,0.8223608695652175,0.8273543478260871,0.8236173913043479,0.823013043478261,0.7891282608695653,0.7546000000000002,0.7114391304347827,0.6751782608695652,0.6836347826086957,0.7231000000000001,0.7358391304347827,0.7759260869565218,0.7987260869565218,0.7617500000000001,0.816063043478261,0.842776086956522,0.8519565217391305,0.8413456521739131,0.826104347826087,0.8301586956521739,0.8543434782608696,0.8508782608695653,0.8472413043478262,0.8685608695652175,0.8562304347826087,0.8527869565217392,0.8412956521739131,0.8409869565217393,0.8408413043478261,0.8498391304347827,0.8413934782608695,0.8189934782608695,0.8377369565217391,0.8489543478260869,0.8542717391304349,0.8383695652173915,0.8547695652173913,0.8667217391304349,0.8917369565217391,0.8660543478260871,0.870013043478261,0.8412304347826087,0.8277456521739133,0.8265217391304348,0.7992086956521739,0.8052065217391304,0.7978934782608695,0.8046326086956523,0.8274239130434783,0.8414065217391306,0.8604717391304348,0.8856434782608695,0.8432891304347827,0.7960434782608696,0.8216521739130436,0.7649608695652174,0.6757260869565218,0.7791630434782609,0.81005,0.808754347826087,0.7603695652173914,0.8198847826086957
0.8546282608695652,0.8425869565217392,0.8513869565217392,0.8725391304347827,0.8464608695652175,0.8773239130434782,0.8741260869565217,0.8550239130434784,0.8607130434782609,0.8548239130434783,0.8652217391304349,0.8543434782608696,0.8523304347826087,0.8274934782608696,0.8216021739130436,0.794167391304348,0.78905,0.7450130434782609,0.7192782608695653,0.6985978260869566,0.7167695652173913,0.7502347826086957,0.7677260869565218,0.7971326086956522,0.801108695652174,0.793308695652174,0.8339347826086957,0.8407304347826088,0.8376630434782609,0.8640847826086957,0.8350065217391305,0.8439934782608696,0.8743152173913046,0.8787,0.8652369565217393,0.8591543478260871,0.8376804347826088,0.8303456521739131,0.8266630434782609,0.8276282608695654,0.8214195652173913,0.7942847826086957,0.7524326086956523,0.7261347826086957,0.6815934782608697,0.7049565217391305,0.695745652173913,0.7404847826086957,0.7670434782608696,0.7842391304347827,0.7857000000000001,0.8148021739130435,0.8296282608695653,0.8439347826086957,0.8403630434782609,0.8258891304347827,0.8315739130434783,0.8528760869565218,0.852404347826087,0.8548956521739132,0.8665652173913044,0.8561717391304349,0.8537391304347827,0.8419173913043478,0.8406782608695652,0.8405326086956523,0.8444760869565219,0.8511086956521741,0.8223369565217392,0.843913043478261,0.8426717391304348,0.8419369565217392,0.8369173913043478,0.8547695652173913,0.8603304347826088,0.8871326086956521,0.86055,0.8683217391304349,0.842758695652174,0.8345652173913045,0.8182869565217392,0.7789978260869564,0.8104913043478261,0.8013478260869566,0.8066608695652175,0.8269521739130435,0.8413869565217392,0.8582891304347826,0.8850913043478261,0.8449826086956522,0.8086434782608696,0.8351000000000001,0.7830586956521739,0.7841695652173913,0.7683478260869565,0.8038608695652174,0.8140260869565218,0.7779673913043478,0.828013043478261
0.8519782608695653,0.8569391304347826,0.8524760869565218,0.8563369565217392,0.8413152173913044,0.8693652173913045,0.8831326086956522,0.8493130434782609,0.8640717391304349,0.8553000000000001,0.8662152173913044,0.8492673913043478,0.8528043478260869,0.8264304347826088,0.8036760869565218,0.7863978260869565,0.7974173913043479,0.7431173913043478,0.7301913043478262,0.7246217391304348,0.7027695652173914,0.7399326086956522,0.7730173913043479,0.7998173913043479,0.8047913043478262,0.7987021739130435,0.8075826086956522,0.8471000000000001,0.8412869565217392,0.8679804347826088,0.8348652173913045,0.8369500000000001,0.8774956521739131,0.8818152173913044,0.8582521739130435,0.8584782608695652,0.8370695652173914,0.8294565217391305,0.8183152173913043,0.8109413043478262,0.8189543478260871,0.7861217391304348,0.7614434782608697,0.7216913043478261,0.662645652173913,0.6973521739130435,0.6947282608695653,0.7222586956521739,0.7664695652173914,0.8012391304347826,0.7854717391304349,0.8126000000000001,0.8370369565217392,0.8537347826086957,0.8431152173913045,0.8261804347826087,0.8318347826086957,0.8536108695652174,0.8540130434782609,0.8544173913043479,0.8645826086956522,0.8562304347826087,0.8534369565217392,0.8348565217391306,0.833313043478261,0.8399152173913044,0.8405956521739131,0.8448152173913045,0.8291913043478262,0.8380869565217391,0.856013043478261,0.8458239130434784,0.8374869565217392,0.8543239130434784,0.8670891304347828,0.8859869565217392,0.8569652173913044,0.8694695652173913,0.8337630434782609,0.8181369565217392,0.819695652173913,0.8018152173913043,0.8055717391304349,0.7976630434782609,0.8154065217391305,0.8287891304347826,0.8221391304347826,0.8586804347826088,0.8882130434782609,0.8548630434782609,0.806713043478261,0.8287434782608696,0.7643326086956522,0.7776739130434783,0.791854347826087,0.8061847826086957,0.7761630434782609,0.7725217391304349,0.7952
0.8533173913043478,0.8410891304347827,0.851204347826087,0.8601108695652175,0.8472304347826088,0.8770130434782609,0.8761847826086957,0.8653239130434782,0.8647804347826088,0.8548956521739132,0.8662152173913044,0.8536108695652174,0.8446173913043479,0.8249934782608697,0.8176673913043478,0.8044478260869566,0.7952456521739131,0.7309304347826088,0.7268282608695653,0.7226630434782609,0.7253695652173914,0.7441391304347827,0.7465891304347827,0.8019282608695653,0.7956673913043479,0.7946152173913045,0.8342021739130435,0.8464478260869566,0.8449391304347827,0.862408695652174,0.830004347826087,0.8541543478260869,0.8837956521739131,0.8829782608695653,0.865163043478261,0.8578065217391305,0.8361130434782609,0.8269239130434782,0.8313239130434783,0.8267347826086957,0.8084847826086957,0.7939456521739131,0.7499934782608696,0.7239695652173913,0.678104347826087,0.6874217391304348,0.7146282608695653,0.723667391304348,0.7639108695652174,0.7924652173913044,0.7878891304347827,0.8134717391304349,0.8420630434782609,0.8547326086956522,0.8417021739130436,0.8250369565217391,0.831567391304348,0.8544891304347827,0.8524760869565218,0.8532782608695654,0.8650760869565218,0.8562304347826087,0.8469956521739131,0.8419173913043478,0.8397521739130436,0.8406065217391305,0.8532239130434783,0.8513260869565218,0.827508695652174,0.8191173913043479,0.850008695652174,0.8455891304347827,0.8385630434782609,0.8543652173913044,0.8603304347826088,0.8890043478260872,0.8683543478260871,0.8713260869565218,0.8228456521739131,0.8354434782608697,0.8220608695652175,0.7859891304347826,0.8090847826086957,0.7976326086956522,0.8096021739130436,0.8327152173913045,0.8446260869565217,0.8556782608695652,0.8914826086956523,0.8562391304347826,0.798558695652174,0.8300717391304349,0.7685869565217391,0.7414869565217391,0.7454239130434783,0.816863043478261,0.8049304347826087,0.7559173913043479,0.8116326086956522
0.8446152173913044,0.8496217391304348,0.8503695652173914,0.8645826086956522,0.8473195652173914,0.8704000000000002,0.8899608695652175,0.8689739130434783,0.8659804347826088,0.8492673913043478,0.8657760869565218,0.8536826086956523,0.8503347826086958,0.8236369565217392,0.8119065217391306,0.7816956521739131,0.7926,0.7491282608695653,0.7096,0.7295391304347827,0.7163869565217391,0.7321630434782609,0.7767086956521739,0.8000347826086956,0.8080673913043479,0.7922413043478261,0.8343478260869566,0.8475347826086957,0.8367021739130435,0.8697956521739131,0.8322086956521739,0.8561565217391305,0.8801413043478262,0.875345652173913,0.8646934782608696,0.8584782608695652,0.8407043478260869,0.821945652173913,0.8408760869565218,0.8248934782608696,0.8099152173913045,0.800704347826087,0.7450391304347826,0.7199239130434784,0.6887195652173913,0.7043956521739131,0.7074217391304348,0.7205608695652174,0.7768521739130436,0.7948565217391306,0.7969652173913044,0.8216826086956522,0.8434782608695652,0.8487891304347827,0.8427521739130436,0.8229847826086957,0.8300782608695654,0.8540847826086958,0.8548956521739132,0.8516760869565219,0.8675608695652175,0.854758695652174,0.845904347826087,0.8409869565217393,0.8403695652173915,0.8386869565217392,0.8465717391304348,0.8503978260869566,0.8291086956521739,0.8306739130434783,0.8518478260869565,0.8506804347826088,0.8392239130434783,0.8542304347826087,0.8674695652173914,0.889113043478261,0.8675304347826087,0.8686434782608696,0.8314478260869566,0.8301913043478262,0.8232934782608696,0.7958260869565218,0.8093695652173913,0.7979652173913044,0.8035326086956522,0.828563043478261,0.8437739130434783,0.8516978260869567,0.8851456521739132,0.852895652173913,0.791613043478261,0.8417739130434784,0.7708978260869566,0.6752565217391305,0.7666369565217392,0.8158152173913044,0.8163543478260871,0.741858695652174,0.8208326086956522
0.8444391304347826,0.8443543478260871,0.8524760869565218,0.8700869565217392,0.8438565217391305,0.8784695652173914,0.8832913043478261,0.8655478260869566,0.8678347826086957,0.8548956521739132,0.8667,0.8536108695652174,0.8520043478260869,0.8269782608695653,0.8046913043478261,0.7886086956521741,0.8096239130434782,0.7395434782608696,0.75015,0.7181000000000001,0.7339260869565217,0.6877630434782609,0.7762652173913044,0.7864369565217392,0.8029282608695653,0.7956978260869566,0.8346369565217392,0.8469543478260871,0.8425217391304348,0.862008695652174,0.8320217391304349,0.8483043478260871,0.877645652173913,0.8776717391304347,0.8624456521739131,0.8584782608695652,0.8413956521739131,0.8300782608695654,0.8375347826086957,0.8198673913043478,0.8195391304347825,0.7986391304347826,0.7621195652173913,0.7272500000000001,0.6941326086956523,0.6916978260869566,0.7075891304347826,0.7547152173913044,0.7571108695652174,0.799771739130435,0.7827717391304347,0.8179152173913045,0.8434782608695652,0.8528760869565218,0.8434782608695652,0.8276369565217392,0.8316521739130436,0.8520760869565218,0.8532782608695654,0.8485608695652175,0.8629521739130435,0.8561717391304349,0.8505934782608696,0.8419173913043478,0.8394456521739132,0.8402239130434783,0.8456413043478261,0.8478478260869566,0.8196282608695653,0.8162282608695652,0.85645,0.8472217391304349,0.8401826086956522,0.8551760869565218,0.8617717391304348,0.8875260869565219,0.8705282608695654,0.8612586956521741,0.8250130434782609,0.8281434782608695,0.8227391304347828,0.7912173913043479,0.7986347826086958,0.7923760869565218,0.8197782608695652,0.8260282608695654,0.8387,0.8586478260869566,0.8856434782608695,0.824704347826087,0.7785847826086957,0.8219326086956523,0.7645217391304349,0.7513913043478261,0.7711478260869565,0.7940413043478262,0.7655695652173914,0.7655608695652175,0.8215391304347827
0.8619260869565217,0.8495260869565219,0.8496152173913044,0.8706043478260871,0.8469869565217392,0.8738391304347827,0.8911347826086957,0.8621500000000001,0.8635978260869566,0.856113043478261,0.8665326086956522,0.8479782608695653,0.8508065217391305,0.8088934782608697,0.8138456521739131,0.7992195652173913,0.7944869565217392,0.7543717391304349,0.7141782608695653,0.6995913043478261,0.7261217391304349,0.7259652173913044,0.7766326086956523,0.7810760869565219,0.8055891304347826,0.7964021739130436,0.82215,0.8343934782608696,0.8457891304347827,0.8676543478260871,0.8315630434782609,0.8497478260869568,0.8754543478260871,0.8844260869565218,0.8661826086956523,0.8506978260869567,0.8393891304347827,0.8274021739130435,0.8245413043478261,0.8232891304347827,0.8144869565217392,0.7933543478260869,0.7477260869565218,0.7343326086956522,0.6946108695652176,0.6896347826086957,0.7239608695652174,0.7304608695652175,0.7618304347826087,0.7978978260869566,0.7830891304347827,0.8132152173913043,0.840145652173913,0.8504956521739131,0.8434782608695652,0.8269130434782609,0.8303369565217392,0.8548239130434783,0.8524760869565218,0.8553000000000001,0.8650760869565218,0.8562304347826087,0.853454347826087,0.8431652173913045,0.8400608695652174,0.8386869565217392,0.8375500000000001,0.8506152173913044,0.8242195652173914,0.844208695652174,0.8497913043478261,0.8520782608695652,0.8377500000000001,0.854604347826087,0.8686521739130435,0.8840478260869566,0.871004347826087,0.8718478260869564,0.8321804347826087,0.8319608695652174,0.8188304347826086,0.7966108695652175,0.8083217391304348,0.7960869565217392,0.8155195652173913,0.8266108695652175,0.8430239130434783,0.8501347826086957,0.8836652173913043,0.854145652173913,0.7792,0.8234391304347827,0.7594391304347826,0.6697304347826087,0.7638782608695653,0.7915804347826088,0.776413043478261,0.7721260869565217,0.8249934782608697
0.8459782608695652,0.8556804347826088,0.8530608695652174,0.8712391304347826,0.8419456521739132,0.8778369565217392,0.881004347826087,0.8643282608695653,0.8631239130434784,0.8556347826086957,0.8667217391304349,0.8536826086956523,0.8392826086956522,0.8194760869565219,0.8141478260869566,0.8019391304347827,0.7989152173913044,0.7558021739130435,0.7335391304347827,0.7208,0.7205586956521739,0.7307195652173913,0.7607391304347827,0.7914239130434784,0.8093695652173913,0.7948413043478262,0.8344195652173914,0.8408760869565218,0.8421804347826088,0.8688500000000001,0.8387347826086957,0.8100413043478262,0.8789826086956521,0.8677782608695652,0.8627608695652175,0.8588152173913044,0.8369478260869566,0.8215695652173914,0.8412500000000002,0.8219326086956523,0.8194978260869566,0.7713173913043478,0.7511565217391305,0.7199847826086957,0.6762891304347826,0.6844173913043479,0.6951695652173914,0.7051152173913043,0.7492826086956522,0.7979065217391306,0.7766369565217391,0.8144891304347827,0.8369652173913044,0.8472934782608696,0.8434782608695652,0.8269130434782609,0.8258282608695653,0.8536826086956523,0.8463652173913044,0.8496739130434784,0.8606217391304349,0.8561717391304349,0.8522847826086958,0.8419173913043478,0.8397521739130436,0.8404608695652175,0.8501217391304349,0.8506891304347827,0.8292586956521739,0.8332717391304348,0.8495152173913044,0.8517,0.8399565217391306,0.8551760869565218,0.8675304347826087,0.8893782608695652,0.8570760869565218,0.8496891304347827,0.8404260869565219,0.8306913043478261,0.8253630434782608,0.7930021739130435,0.8099326086956523,0.7996869565217392,0.8151804347826088,0.826063043478261,0.8439869565217393,0.8565934782608696,0.8839826086956523,0.8450608695652174,0.8103586956521739,0.8489934782608697,0.7637760869565218,0.7632847826086957,0.767858695652174,0.8168065217391306,0.8040913043478262,0.7648739130434783,0.8206934782608697
0.8554804347826087,0.8544239130434783,0.8442195652173914,0.8697739130434784,0.8486000000000001,0.8761173913043477,0.8871630434782608,0.8718521739130435,0.8624326086956522,0.8557065217391305,0.8662152173913044,0.8548956521739132,0.851204347826087,0.8244326086956523,0.8179217391304348,0.7983282608695653,0.7856869565217393,0.7432304347826086,0.7307217391304348,0.7211913043478261,0.7387760869565217,0.7218891304347826,0.7734413043478262,0.7510413043478261,0.8028847826086958,0.7908891304347827,0.8342739130434782,0.8461565217391305,0.846367391304348,0.8678000000000001,0.8288586956521741,0.8418108695652174,0.8800630434782609,0.8747760869565219,0.8665869565217392,0.856808695652174,0.8405304347826087,0.8213478260869566,0.8352217391304348,0.8192934782608696,0.801558695652174,0.7971956521739131,0.7679326086956523,0.7237630434782609,0.6941478260869566,0.6967413043478261,0.7215652173913044,0.7340891304347826,0.7642304347826088,0.7985652173913044,0.7988217391304349,0.819913043478261,0.842776086956522,0.8535369565217391,0.8434782608695652,0.8280108695652175,0.8324413043478261,0.8531326086956522,0.8516760869565219,0.8459630434782609,0.8650760869565218,0.8561108695652174,0.8542478260869566,0.8409869565217393,0.8409869565217393,0.8396065217391305,0.8476782608695652,0.8515934782608697,0.8313934782608697,0.8286500000000001,0.8556739130434783,0.8538673913043479,0.832321739130435,0.8489173913043478,0.8654760869565218,0.8812673913043478,0.8441891304347827,0.8718978260869568,0.8371173913043479,0.8294282608695652,0.8232021739130435,0.7969086956521739,0.8041543478260871,0.7985195652173913,0.8014195652173913,0.8316500000000001,0.8435978260869567,0.8501804347826087,0.8836413043478262,0.8514521739130436,0.7986478260869565,0.8450695652173913,0.7630521739130436,0.6842108695652175,0.6834543478260869,0.8199565217391305,0.8016847826086957,0.7735673913043478,0.8180260869565218
0.8575195652173915,0.8566956521739132,0.8530608695652174,0.8697739130434784,0.8478521739130436,0.8727869565217392,0.8810217391304348,0.8673717391304349,0.865808695652174,0.856113043478261,0.8667717391304348,0.8544891304347827,0.8492195652173913,0.8236152173913044,0.8161717391304348,0.7933739130434783,0.7950739130434782,0.7312347826086957,0.709404347826087,0.6994978260869567,0.7183282608695652,0.720963043478261,0.772563043478261,0.7978673913043478,0.8031652173913044,0.7965826086956522,0.8343478260869566,0.8473891304347827,0.8419978260869566,0.864158695652174,0.8315130434782609,0.8432304347826088,0.8808673913043479,0.8811934782608697,0.8661826086956523,0.8578065217391305,0.8398304347826088,0.811717391304348,0.8377369565217391,0.8074978260869565,0.8203434782608696,0.8017282608695653,0.7626934782608698,0.7302369565217393,0.6768000000000001,0.6923086956521739,0.7284391304347826,0.7344739130434784,0.7811630434782609,0.7932739130434783,0.8013282608695653,0.8122565217391305,0.8433326086956522,0.8428282608695652,0.8331086956521739,0.8253478260869566,0.8285565217391305,0.8532065217391305,0.8536826086956523,0.8476456521739131,0.8655717391304348,0.8555282608695652,0.8525739130434783,0.8422282608695653,0.8409869565217393,0.8413891304347827,0.8427804347826088,0.8505434782608696,0.8276891304347826,0.8243695652173914,0.8556739130434783,0.8461869565217391,0.8298891304347827,0.8555217391304349,0.8582260869565218,0.8917369565217391,0.8678804347826088,0.876841304347826,0.8334152173913044,0.8309565217391305,0.807954347826087,0.7981739130434783,0.8047673913043478,0.7999934782608696,0.8110804347826088,0.831863043478261,0.8437739130434783,0.8483065217391306,0.8920826086956523,0.8529695652173913,0.7920782608695652,0.8289239130434782,0.7630652173913044,0.6739500000000002,0.7869586956521739,0.8197369565217392,0.8256782608695653,0.7854608695652174,0.8085239130434783
0.8538239130434783,0.8502065217391305,0.8506608695652175,0.8616304347826087,0.8386608695652176,0.8800065217391304,0.8835934782608695,0.8724586956521739,0.8653304347826087,0.8553000000000001,0.8659739130434784,0.8476456521739131,0.8516760869565219,0.8264956521739131,0.7955717391304349,0.7852043478260871,0.7974369565217392,0.7309978260869566,0.711708695652174,0.720608695652174,0.7193413043478262,0.7394978260869566,0.7755521739130435,0.7804130434782609,0.8008913043478262,0.7935695652173914,0.8344282608695653,0.8470347826086957,0.8328847826086957,0.8551891304347827,0.8319630434782609,0.8577782608695653,0.8834021739130435,0.8717847826086959,0.8583391304347827,0.8574717391304348,0.8394760869565219,0.8276847826086956,0.8419913043478261,0.8236195652173913,0.817608695652174,0.7987391304347826,0.7566065217391305,0.7339239130434784,0.6945630434782609,0.6871478260869565,0.7264760869565217,0.7301717391304349,0.7687695652173914,0.7963021739130435,0.7881739130434784,0.8188304347826086,0.8398804347826088,0.8523913043478261,0.843608695652174,0.8259434782608697,0.8304739130434784,0.8467108695652175,0.8528760869565218,0.8532782608695654,0.8674326086956523,0.8563021739130435,0.8523456521739131,0.842045652173913,0.8416065217391304,0.8409152173913044,0.8438239130434784,0.8375347826086957,0.8271152173913044,0.8305521739130435,0.8548195652173914,0.8431369565217391,0.8379413043478262,0.8475565217391305,0.8678413043478261,0.8708456521739131,0.8677369565217393,0.872008695652174,0.8335608695652175,0.830863043478261,0.8130065217391305,0.7904630434782609,0.8055739130434783,0.7983782608695652,0.8096326086956522,0.8315195652173913,0.8366521739130436,0.8565956521739131,0.8925239130434784,0.8497565217391305,0.7834304347826089,0.8299847826086957,0.7357630434782608,0.7504347826086957,0.7647956521739131,0.8107782608695653,0.8098173913043478,0.7777217391304349,0.8187847826086957
0.8542673913043478,0.8523630434782609,0.8499369565217392,0.8675152173913044,0.8399695652173914,0.8828173913043478,0.889371739130435,0.8689304347826088,0.8665934782608695,0.8557065217391305,0.8657978260869565,0.8544891304347827,0.8528043478260869,0.8139978260869566,0.8217869565217392,0.7956695652173913,0.7908717391304348,0.7474391304347827,0.7314282608695652,0.7321391304347827,0.7232282608695653,0.7171804347826087,0.7733217391304349,0.7956434782608696,0.8093695652173913,0.7914608695652174,0.8279065217391305,0.8475347826086957,0.8437326086956523,0.862154347826087,0.8272478260869566,0.8473804347826087,0.8774565217391305,0.8756717391304348,0.8642239130434783,0.8564369565217392,0.8405304347826087,0.8214891304347828,0.8263152173913044,0.8182543478260871,0.813508695652174,0.7846391304347826,0.7559043478260871,0.7285717391304348,0.6606065217391304,0.7076217391304349,0.7043304347826087,0.7127369565217392,0.7542130434782609,0.7986891304347826,0.7868521739130434,0.8210000000000001,0.8427065217391304,0.8471695652173914,0.8434782608695652,0.8261804347826087,0.8327847826086957,0.8516760869565219,0.8540847826086958,0.8536826086956523,0.8660673913043478,0.8554695652173914,0.8515282608695652,0.8361000000000002,0.8406782608695652,0.8419173913043478,0.8354391304347827,0.8442500000000001,0.826213043478261,0.8409739130434783,0.850254347826087,0.8384782608695652,0.8406043478260871,0.8529673913043478,0.8662152173913044,0.8831260869565218,0.8449826086956522,0.8654673913043479,0.8324086956521739,0.827458695652174,0.8232565217391304,0.7820804347826088,0.8103065217391304,0.8016065217391304,0.8154065217391305,0.8320130434782609,0.8432804347826088,0.8583152173913043,0.891091304347826,0.8361804347826087,0.7967717391304349,0.8348608695652174,0.7545847826086958,0.7405804347826088,0.7733782608695653,0.8170695652173914,0.8189347826086958,0.7690565217391304,0.8143304347826087
0.853941304347826,0.8534434782608696,0.8459630434782609,0.8667673913043479,0.8479413043478261,0.8778086956521739,0.884258695652174,0.860413043478261,0.8640304347826087,0.8548956521739132,0.8674065217391306,0.8484543478260871,0.836558695652174,0.8157695652173914,0.8166673913043478,0.8030652173913044,0.7926326086956523,0.7541195652173913,0.7465239130434783,0.7135978260869565,0.7413478260869565,0.7348630434782609,0.7734282608695652,0.7909478260869566,0.807354347826087,0.7980652173913044,0.8344195652173914,0.8460130434782609,0.835667391304348,0.8639413043478262,0.8346782608695653,0.8504282608695654,0.8748282608695653,0.8683456521739131,0.8632956521739131,0.8551717391304349,0.8389434782608697,0.8237217391304349,0.8255326086956521,0.8215847826086957,0.8096304347826089,0.8057239130434783,0.7730391304347827,0.7427565217391304,0.6834130434782609,0.7039739130434783,0.7247608695652175,0.7342565217391305,0.7709478260869566,0.7960891304347827,0.7951217391304348,0.8201695652173914,0.843054347826087,0.8552282608695653,0.8434782608695652,0.8272760869565218,0.8305152173913044,0.8508065217391305,0.8508782608695653,0.8540847826086958,0.8635978260869566,0.8560978260869566,0.8537391304347827,0.8416065217391304,0.8412956521739131,0.8405326086956523,0.8462304347826088,0.8514478260869567,0.830604347826087,0.8432108695652174,0.8462260869565218,0.8484891304347827,0.8408304347826088,0.8554478260869566,0.8667130434782608,0.8847913043478263,0.8694000000000001,0.8538391304347825,0.8348108695652174,0.8303478260869567,0.8184173913043479,0.786404347826087,0.8103065217391304,0.7971934782608696,0.8027869565217393,0.8254217391304349,0.842308695652174,0.8546978260869565,0.8915956521739132,0.8537195652173913,0.7898304347826087,0.8551282608695653,0.7567,0.7635826086956522,0.7885673913043478,0.8025978260869566,0.8099695652173914,0.7667978260869565,0.8137304347826088
0.8543478260869565,0.8551565217391305,0.8509130434782609,0.8638934782608696,0.8413521739130435,0.8778369565217392,0.8635760869565218,0.8659304347826088,0.8688739130434784,0.8553000000000001,0.8607717391304349,0.8524760869565218,0.8522586956521739,0.8262478260869567,0.8175434782608696,0.7862739130434783,0.7952282608695652,0.736458695652174,0.7176500000000001,0.7046956521739131,0.7514369565217391,0.7435782608695654,0.7656891304347827,0.8091217391304348,0.808417391304348,0.7957934782608698,0.8342739130434782,0.8469543478260871,0.847254347826087,0.866463043478261,0.8258260869565218,0.8396282608695653,0.8811217391304349,0.8741565217391305,0.8661826086956523,0.8578065217391305,0.8383152173913044,0.8257978260869566,0.8277217391304349,0.8250630434782611,0.7993065217391305,0.8056717391304348,0.757513043478261,0.7209173913043478,0.6826195652173913,0.6867065217391305,0.7305173913043479,0.7325369565217392,0.7326521739130435,0.7971130434782608,0.7968347826086958,0.8112956521739131,0.8433326086956522,0.8470956521739131,0.842776086956522,0.8274108695652175,0.8330413043478262,0.8524760869565218,0.8528043478260869,0.8540130434782609,0.8665652173913044,0.8555282608695652,0.8531521739130435,0.8419173913043478,0.8406782608695652,0.8383108695652175,0.8476739130434784,0.8513021739130435,0.8264956521739131,0.8432913043478262,0.8493086956521739,0.8454934782608697,0.8361260869565218,0.8558673913043479,0.8668456521739132,0.8919173913043478,0.8717000000000001,0.8756913043478262,0.8335369565217392,0.8200521739130435,0.8215565217391305,0.7953434782608696,0.8081304347826088,0.7983108695652175,0.8112978260869566,0.8303456521739131,0.8434304347826088,0.8556456521739131,0.8926521739130434,0.8478130434782609,0.8035934782608697,0.8337282608695652,0.7568434782608697,0.7536217391304348,0.7952021739130436,0.8097891304347827,0.8102521739130435,0.7601956521739132,0.8232456521739131
0.8587804347826089,0.8499369565217392,0.8525869565217392,0.8692869565217393,0.8412739130434783,0.870571739130435,0.8820413043478261,0.8765760869565219,0.8642021739130435,0.8557065217391305,0.865413043478261,0.8536826086956523,0.8513739130434783,0.8254478260869567,0.8017021739130435,0.7967173913043479,0.7897260869565218,0.7405717391304348,0.7040565217391306,0.7168804347826088,0.6990304347826087,0.723654347826087,0.7787869565217391,0.78755,0.774091304347826,0.7958565217391305,0.8335000000000001,0.8463739130434783,0.8453282608695654,0.842158695652174,0.8275347826086957,0.8285326086956523,0.8753934782608694,0.8712130434782609,0.865163043478261,0.856808695652174,0.8387652173913044,0.82755,0.8423021739130435,0.8289934782608697,0.7949978260869566,0.8019760869565219,0.7580195652173913,0.7221173913043479,0.6846282608695653,0.6960478260869566,0.6998760869565218,0.7535847826086957,0.7624282608695653,0.7916326086956522,0.8000413043478262,0.8203391304347827,0.8434065217391304,0.8547326086956522,0.8370369565217392,0.8250695652173914,0.8308695652173914,0.852404347826087,0.8462913043478261,0.8476456521739131,0.8635978260869566,0.8561717391304349,0.8516065217391305,0.8409869565217393,0.8342369565217391,0.8397717391304349,0.8500217391304349,0.8498956521739132,0.8239108695652173,0.8422347826086958,0.8498630434782609,0.8516043478260871,0.8403934782608695,0.8558217391304349,0.8669695652173913,0.8860434782608696,0.8582673913043478,0.8592500000000001,0.8260108695652175,0.8260543478260871,0.8198108695652175,0.8003239130434784,0.8028065217391305,0.7978913043478262,0.8146108695652174,0.8251000000000001,0.8438934782608696,0.8508978260869566,0.892154347826087,0.8518347826086957,0.7614456521739131,0.8299108695652174,0.7613565217391305,0.7575717391304349,0.7590978260869565,0.8078630434782609,0.8182043478260871,0.7773239130434783,0.8157847826086957
0.8568152173913044,0.8503391304347826,0.8456347826086957,0.868554347826087,0.8458217391304347,0.8747934782608696,0.8797978260869566,0.8659304347826087,0.865258695652174,0.856113043478261,0.8670891304347828,0.8491956521739131,0.8478717391304348,0.8280934782608697,0.8164326086956523,0.7876608695652174,0.7937652173913045,0.7545152173913043,0.720408695652174,0.7282108695652175,0.7207891304347825,0.7345934782608696,0.7338804347826087,0.7919217391304347,0.8037891304347826,0.7952260869565219,0.8346369565217392,0.8463021739130436,0.8406652173913044,0.8637565217391305,0.8342869565217392,0.8533043478260871,0.8787021739130436,0.8785108695652175,0.8590369565217393,0.8588152173913044,0.8366717391304348,0.827291304347826,0.835845652173913,0.8285826086956524,0.8158673913043479,0.7991891304347826,0.761,0.7085282608695653,0.675604347826087,0.681408695652174,0.703658695652174,0.673454347826087,0.7690565217391304,0.7907152173913045,0.7945391304347827,0.8215826086956523,0.842704347826087,0.8528565217391305,0.8434782608695652,0.8234652173913044,0.8304260869565218,0.8540130434782609,0.852404347826087,0.8464369565217391,0.8655717391304348,0.8559304347826089,0.8529239130434783,0.8425391304347827,0.8403695652173915,0.8298369565217392,0.8506630434782609,0.8490978260869566,0.8127326086956522,0.8251978260869566,0.8455956521739131,0.8420717391304348,0.8389326086956522,0.854708695652174,0.8664717391304347,0.8904282608695652,0.8468869565217391,0.8686760869565218,0.8216521739130436,0.8357391304347828,0.8227391304347828,0.7948152173913045,0.807354347826087,0.7998500000000001,0.8083978260869567,0.8249934782608697,0.8452456521739132,0.8389369565217393,0.8866369565217394,0.8555956521739131,0.7991913043478261,0.82445,0.7708956521739131,0.7535173913043479,0.7698934782608696,0.8211239130434783,0.7910717391304349,0.7730739130434784,0.822304347826087
0.8522652173913045,0.858045652173913,0.8496152173913044,0.8642347826086958,0.8440652173913044,0.8774239130434783,0.877604347826087,0.8656782608695653,0.8602304347826087,0.8557065217391305,0.8662152173913044,0.8548956521739132,0.852658695652174,0.820158695652174,0.8045760869565218,0.8006195652173914,0.8020086956521739,0.745658695652174,0.7281152173913045,0.7215478260869566,0.7348260869565217,0.7530456521739131,0.7630413043478261,0.7985347826086957,0.8049239130434783,0.7985521739130436,0.8341282608695653,0.8473173913043479,0.8445891304347827,0.8676543478260871,0.8283478260869566,0.844304347826087,0.8825608695652174,0.8816913043478263,0.8630565217391305,0.8548500000000001,0.8392108695652175,0.8166413043478261,0.8260413043478261,0.8257065217391306,0.8053739130434783,0.7839065217391306,0.7594717391304349,0.7376826086956522,0.6814434782608696,0.6966543478260869,0.724154347826087,0.7496782608695652,0.7617065217391304,0.7954217391304349,0.8011195652173914,0.8153065217391305,0.8433326086956522,0.8537869565217391,0.8431152173913045,0.8275608695652175,0.8264760869565217,0.8536826086956523,0.8544891304347827,0.8548956521739132,0.8660673913043478,0.8560500000000001,0.8541739130434783,0.8422282608695653,0.8400608695652174,0.8414608695652175,0.8485000000000001,0.8375260869565218,0.8273913043478262,0.8362217391304348,0.8560260869565218,0.8469108695652174,0.8395152173913044,0.8554586956521739,0.8688500000000001,0.8831869565217393,0.8668500000000001,0.8616956521739131,0.8430891304347827,0.8297369565217392,0.8241260869565218,0.794595652173913,0.809745652173913,0.7949804347826087,0.8146108695652174,0.8292369565217392,0.8434695652173914,0.8537369565217393,0.8858608695652175,0.854413043478261,0.7971847826086956,0.838063043478261,0.760345652173913,0.6858500000000001,0.7834630434782609,0.8133347826086957,0.8079326086956523,0.7539195652173913,0.8214934782608696
0.835413043478261,0.8546391304347826,0.8460304347826088,0.8549521739130436,0.8472739130434783,0.8763130434782609,0.8894434782608697,0.8612869565217393,0.8664608695652174,0.8544891304347827,0.8671369565217392,0.8544891304347827,0.8434978260869566,0.8142108695652174,0.8074108695652173,0.8074,0.7915934782608696,0.7516434782608696,0.7132826086956522,0.719113043478261,0.7189934782608696,0.7350369565217392,0.7695826086956522,0.7871369565217391,0.8044195652173914,0.7963304347826088,0.8280521739130436,0.8466652173913044,0.8348195652173914,0.86085,0.8258608695652174,0.8435630434782609,0.8765043478260869,0.8811021739130436,0.8639478260869566,0.8567891304347827,0.8326804347826088,0.8316608695652175,0.8366717391304348,0.824154347826087,0.8224804347826088,0.8059543478260871,0.7622152173913045,0.7212847826086958,0.6707065217391306,0.6825847826086957,0.6856021739130436,0.7066891304347827,0.7739891304347826,0.7987891304347827,0.7794282608695653,0.8132,0.8363347826086958,0.8446652173913044,0.842776086956522,0.8264978260869567,0.832095652173913,0.8540130434782609,0.8530608695652174,0.8524760869565218,0.8665652173913044,0.8561108695652174,0.8533630434782609,0.8412956521739131,0.8403695652173915,0.8391391304347826,0.8471586956521739,0.8513760869565218,0.812554347826087,0.8301586956521738,0.8555304347826087,0.8376326086956523,0.8371891304347827,0.8552826086956522,0.8662847826086957,0.8860608695652173,0.8648195652173913,0.8750282608695653,0.8308152173913045,0.8119130434782609,0.8193913043478261,0.792113043478261,0.8074521739130436,0.7978739130434783,0.8149521739130435,0.8327478260869565,0.8383652173913045,0.8495021739130435,0.885217391304348,0.8546739130434783,0.7959108695652174,0.8307413043478262,0.7497478260869566,0.6692065217391305,0.794713043478261,0.7974152173913044,0.7850021739130436,0.7698717391304348,0.8235282608695653
0.8496891304347827,0.850104347826087,0.850408695652174,0.8632608695652175,0.8401239130434783,0.8734217391304349,0.8797086956521738,0.864908695652174,0.8648521739130436,0.856521739130435,0.8682695652173914,0.8471695652173914,0.8528760869565218,0.8246260869565218,0.7983826086956523,0.8149695652173914,0.7848521739130435,0.7295304347826087,0.7447847826086956,0.7351195652173913,0.6958108695652174,0.733967391304348,0.7749239130434783,0.7785304347826087,0.8004239130434784,0.7893891304347826,0.8344934782608696,0.8472434782608695,0.8399326086956522,0.8558,0.8287695652173913,0.8160173913043479,0.8770326086956522,0.8742086956521739,0.865958695652174,0.8581413043478261,0.8387739130434784,0.8190956521739131,0.8359173913043478,0.8239413043478262,0.8074065217391305,0.7970739130434783,0.7474913043478262,0.7249326086956522,0.6830478260869565,0.705104347826087,0.7095413043478261,0.7449239130434783,0.7614152173913044,0.7943021739130435,0.7890282608695652,0.8074282608695653,0.8365565217391305,0.8474456521739131,0.8276260869565218,0.8250434782608697,0.83255,0.8479195652173914,0.8472413043478262,0.8553000000000001,0.8579260869565218,0.853245652173913,0.8509652173913044,0.842008695652174,0.8409869565217393,0.8406065217391305,0.84935,0.8514565217391306,0.8179021739130435,0.8415586956521739,0.8493086956521739,0.8531869565217391,0.8354673913043479,0.8547,0.8674000000000002,0.8879500000000001,0.8594478260869566,0.8648391304347827,0.8364260869565219,0.8213173913043479,0.8155760869565217,0.7919304347826087,0.813654347826087,0.7982304347826087,0.8088934782608697,0.8287717391304349,0.8413695652173915,0.850104347826087,0.8768347826086959,0.8556173913043479,0.794713043478261,0.837413043478261,0.7672913043478261,0.7707565217391306,0.7759304347826087,0.8172521739130435,0.7994217391304349,0.7666673913043479,0.8097152173913044
0.8632565217391305,0.851195652173913,0.8500108695652174,0.8545391304347826,0.8454434782608696,0.8809173913043479,0.8782543478260871,0.8689891304347827,0.8644760869565218,0.8553000000000001,0.8660347826086957,0.8536826086956523,0.8458891304347826,0.8284739130434784,0.8163978260869565,0.7822456521739131,0.8011739130434783,0.7430934782608697,0.7388434782608696,0.7320000000000001,0.7302891304347826,0.7382673913043478,0.7735586956521739,0.7854000000000001,0.80405,0.7984282608695652,0.8343478260869566,0.8403673913043479,0.8411282608695653,0.8620804347826088,0.7933782608695653,0.8548673913043479,0.8745673913043478,0.8700021739130436,0.8499804347826088,0.8584782608695652,0.8357826086956522,0.8281021739130435,0.823708695652174,0.818863043478261,0.8158804347826087,0.8090695652173914,0.7596608695652175,0.7045956521739131,0.6877978260869566,0.6987000000000001,0.7309456521739132,0.7118673913043478,0.7687369565217391,0.7988804347826088,0.7827652173913044,0.8115608695652174,0.8422804347826087,0.8496021739130435,0.8403630434782609,0.824008695652174,0.8304260869565218,0.8405673913043479,0.8548956521739132,0.8540847826086958,0.8586369565217391,0.8559304347826089,0.8526347826086957,0.8412956521739131,0.8345456521739132,0.8398434782608697,0.8416934782608696,0.8508195652173913,0.8254239130434783,0.8390304347826087,0.8562326086956523,0.8536630434782609,0.8384695652173914,0.8533934782608696,0.8666521739130435,0.889126086956522,0.8592195652173914,0.8653913043478262,0.8260369565217393,0.8272391304347827,0.8164195652173915,0.7914413043478261,0.8054739130434783,0.7667673913043479,0.8021500000000001,0.8153195652173914,0.8404260869565219,0.8514065217391305,0.8925804347826086,0.8569282608695652,0.7931456521739131,0.8389043478260869,0.7701782608695652,0.7542239130434784,0.7935130434782609,0.77975,0.8067456521739131,0.7795217391304348,0.8092913043478261
0.8622739130434782,0.8455782608695653,0.8516760869565219,0.8643804347826087,0.8474934782608695,0.8716152173913044,0.8918021739130435,0.8727217391304348,0.8631239130434784,0.856113043478261,0.8652804347826087,0.8553000000000001,0.8483826086956522,0.8244847826086957,0.8167108695652174,0.7806282608695653,0.8046956521739131,0.7420413043478261,0.738245652173913,0.7222456521739131,0.6864565217391305,0.7346847826086957,0.7668847826086956,0.7799565217391305,0.8110739130434784,0.7999913043478262,0.8278326086956522,0.8465195652173914,0.8364456521739131,0.8600239130434784,0.8363434782608696,0.8476391304347827,0.8751978260869565,0.8699391304347827,0.8582521739130435,0.856808695652174,0.8370565217391305,0.8278456521739131,0.8371021739130435,0.8133739130434784,0.8117739130434782,0.7984478260869566,0.7553673913043478,0.7027000000000001,0.6818804347826087,0.6933239130434784,0.7177282608695653,0.719108695652174,0.7478021739130436,0.7938869565217392,0.7952,0.8195413043478262,0.8434065217391304,0.8538391304347828,0.8434782608695652,0.8262413043478262,0.8311347826086958,0.8540847826086958,0.8520760869565218,0.8540130434782609,0.869063043478261,0.8562304347826087,0.8506260869565219,0.8422282608695653,0.8412956521739131,0.833095652173913,0.8413282608695652,0.8520282608695653,0.828754347826087,0.8144326086956523,0.8498630434782609,0.8512021739130435,0.8383913043478262,0.8542304347826087,0.8602108695652175,0.8826239130434782,0.8665217391304348,0.8626391304347827,0.8323847826086958,0.825804347826087,0.8249108695652174,0.7957369565217391,0.8052739130434783,0.7933021739130435,0.8187782608695653,0.8303456521739131,0.8398195652173914,0.8481021739130435,0.8890391304347827,0.8519934782608697,0.7914369565217392,0.8368021739130436,0.7546108695652175,0.7588282608695653,0.6839978260869566,0.7862847826086957,0.8106652173913044,0.7661478260869566,0.82165
0.8379304347826088,0.8490934782608696,0.8436434782608697,0.8616304347826087,0.8419021739130436,0.8713695652173914,0.8723760869565218,0.8551282608695653,0.8635978260869566,0.8548956521739132,0.8602108695652175,0.8548956521739132,0.8507326086956523,0.8227608695652174,0.8040739130434783,0.7766695652173914,0.7954413043478261,0.7359695652173914,0.7049804347826087,0.707945652173913,0.7185173913043479,0.7497652173913044,0.7642760869565218,0.785308695652174,0.8079369565217391,0.7986760869565218,0.8342739130434782,0.8465913043478261,0.8341782608695654,0.869395652173913,0.8260065217391304,0.8538869565217392,0.875586956521739,0.874495652173913,0.8561891304347827,0.8588152173913044,0.8321434782608697,0.8272521739130436,0.8376478260869566,0.8177304347826088,0.8040913043478262,0.7882500000000001,0.75395,0.7112826086956522,0.714504347826087,0.6912695652173914,0.7175891304347827,0.7300826086956523,0.7441782608695653,0.7945347826086958,0.7935434782608696,0.8193108695652175,0.8412717391304348,0.8531326086956522,0.8431152173913045,0.8271391304347827,0.8327847826086957,0.8540847826086958,0.8524760869565218,0.8553000000000001,0.8675608695652175,0.8561717391304349,0.8534717391304347,0.8434782608695652,0.8412956521739131,0.8411500000000001,0.8393108695652175,0.8507456521739131,0.8226326086956522,0.8329934782608696,0.8563760869565218,0.8481652173913043,0.8257413043478261,0.8544847826086956,0.8660347826086957,0.869445652173913,0.8510304347826088,0.86605,0.8345108695652175,0.8205021739130435,0.822904347826087,0.7876217391304348,0.8066108695652174,0.799408695652174,0.8134543478260869,0.8274086956521739,0.8372586956521739,0.8577130434782609,0.8899326086956524,0.854945652173913,0.7923913043478261,0.8256934782608696,0.7696086956521739,0.6681108695652175,0.7670913043478261,0.8138869565217391,0.8061282608695653,0.7775304347826089,0.8094760869565217
0.8597760869565217,0.8465891304347827,0.8447630434782609,0.8692130434782609,0.8376130434782609,0.8744760869565218,0.88805,0.8629326086956524,0.8593652173913044,0.8532782608695654,0.8659739130434784,0.8548956521739132,0.8520043478260869,0.8285673913043479,0.804054347826087,0.7903804347826087,0.7934978260869566,0.73365,0.7196391304347827,0.714758695652174,0.7254456521739131,0.7290717391304349,0.7754913043478262,0.7877608695652175,0.8082869565217392,0.7992760869565219,0.8342739130434782,0.846808695652174,0.8408782608695652,0.8678000000000001,0.827945652173913,0.8351847826086957,0.8848630434782608,0.8731456521739132,0.8661108695652175,0.8571391304347827,0.8382260869565218,0.8287369565217393,0.8367652173913044,0.819654347826087,0.8248521739130436,0.7954326086956522,0.7549500000000001,0.7391,0.6761956521739131,0.6873065217391305,0.7035652173913043,0.7014500000000001,0.7278543478260869,0.7975652173913044,0.7934913043478261,0.8188782608695653,0.8431891304347827,0.8552282608695653,0.8434782608695652,0.8270086956521739,0.8324239130434784,0.8536108695652174,0.8475,0.8532782608695654,0.8660673913043478,0.8559304347826089,0.8530282608695654,0.8422282608695653,0.8406782608695652,0.8417717391304348,0.8424347826086958,0.8450065217391305,0.8292,0.8243956521739131,0.8424543478260871,0.8392565217391306,0.8392847826086958,0.8556413043478261,0.8665326086956522,0.8895521739130435,0.8654391304347827,0.8663369565217391,0.8332021739130436,0.8299195652173914,0.8256326086956522,0.7918891304347827,0.8103065217391304,0.7998913043478262,0.8047760869565218,0.833554347826087,0.8430717391304349,0.8582652173913043,0.8782543478260871,0.8337630434782609,0.7975695652173914,0.824745652173913,0.7741108695652174,0.6772673913043479,0.7990913043478262,0.8122195652173914,0.7738782608695653,0.7745913043478261,0.8167239130434782
0.855,0.8527956521739131,0.8450891304347827,0.8594695652173914,0.8473173913043479,0.8688782608695653,0.8849956521739132,0.8716456521739131,0.8683891304347827,0.8548239130434783,0.866154347826087,0.8536826086956523,0.8506608695652175,0.8315521739130436,0.8167173913043478,0.8070239130434783,0.783513043478261,0.7144565217391305,0.7382304347826087,0.739508695652174,0.7172239130434783,0.7489065217391305,0.7624521739130434,0.8117152173913045,0.8051717391304348,0.7996347826086958,0.833354347826087,0.8476065217391305,0.8391152173913045,0.8677260869565219,0.8279413043478262,0.8490717391304349,0.8693782608695653,0.8705391304347827,0.8572456521739131,0.8588152173913044,0.8370391304347827,0.8301673913043479,0.8325413043478261,0.8055152173913045,0.8185913043478261,0.7907717391304349,0.7547956521739131,0.7290739130434783,0.6863304347826087,0.6933413043478261,0.6970152173913043,0.7291500000000001,0.7609108695652175,0.795304347826087,0.7755717391304349,0.8186956521739132,0.8434782608695652,0.8539391304347826,0.8434782608695652,0.8265478260869565,0.8313108695652175,0.8532782608695654,0.8528043478260869,0.8532782608695654,0.8626152173913043,0.8559913043478262,0.8527108695652175,0.8419173913043478,0.8357891304347828,0.8345456521739132,0.8478913043478261,0.8505282608695653,0.8292847826086958,0.8312434782608696,0.8304521739130435,0.8544173913043479,0.8378891304347827,0.8541260869565218,0.8686521739130435,0.8885043478260871,0.866954347826087,0.8688108695652175,0.841758695652174,0.817408695652174,0.8192913043478262,0.7901826086956522,0.8111369565217392,0.7979956521739131,0.8146108695652174,0.8291608695652175,0.8376695652173913,0.8539717391304348,0.8894739130434784,0.8504369565217392,0.795645652173913,0.8194500000000001,0.7766739130434783,0.7738108695652174,0.7599391304347828,0.8085021739130436,0.7883608695652174,0.7519,0.8149152173913045
0.8619804347826088,0.8417891304347827,0.8454173913043479,0.8636478260869566,0.8491478260869565,0.8809173913043479,0.8913652173913044,0.8700239130434784,0.8646065217391304,0.856113043478261,0.8672826086956522,0.8544173913043479,0.8512760869565218,0.8274804347826088,0.822758695652174,0.8058152173913045,0.7943434782608696,0.7511913043478261,0.7257130434782609,0.7120847826086958,0.7401739130434782,0.7345869565217392,0.7888804347826087,0.8041152173913044,0.8096521739130436,0.7950282608695654,0.8334260869565218,0.8475347826086957,0.8434173913043479,0.8631369565217392,0.8316413043478261,0.8524608695652174,0.8821130434782609,0.8752739130434782,0.8586500000000001,0.8581413043478261,0.8389434782608697,0.8177021739130435,0.836408695652174,0.7837239130434783,0.8257673913043478,0.785367391304348,0.7473826086956522,0.7306456521739131,0.6834565217391305,0.6998130434782609,0.7140913043478261,0.7245543478260871,0.7639630434782609,0.7886869565217391,0.7892391304347826,0.8178260869565218,0.8434782608695652,0.8544173913043479,0.8434782608695652,0.8266239130434784,0.8268086956521741,0.8448347826086957,0.8536826086956523,0.8544891304347827,0.8670630434782609,0.8559913043478262,0.8534369565217392,0.8431652173913045,0.8409869565217393,0.833313043478261,0.8431456521739131,0.8498717391304348,0.821408695652174,0.8382739130434783,0.8498630434782609,0.8471478260869566,0.8279521739130435,0.854604347826087,0.8672695652173914,0.8898652173913044,0.8595282608695652,0.8628521739130435,0.8323760869565219,0.8245695652173914,0.8209804347826087,0.7952565217391304,0.8130347826086957,0.7989652173913044,0.8136869565217392,0.8273217391304348,0.8430347826086957,0.8528130434782608,0.8930782608695652,0.8455956521739132,0.8043434782608696,0.8340934782608697,0.7744782608695652,0.6956695652173913,0.7693195652173914,0.7909673913043478,0.7876173913043479,0.7466217391304348,0.8174717391304348
0.8416782608695652,0.8474152173913044,0.8523304347826087,0.8633347826086958,0.8470934782608697,0.8773521739130435,0.8793652173913045,0.8685369565217391,0.8667673913043479,0.8548956521739132,0.8651608695652174,0.8540847826086958,0.8531326086956522,0.8207108695652174,0.8082478260869564,0.7996521739130436,0.7877152173913045,0.731854347826087,0.7232543478260871,0.7262934782608695,0.7131652173913045,0.7201195652173913,0.7503739130434783,0.8012804347826088,0.8063173913043479,0.7933782608695653,0.8343478260869566,0.8476804347826088,0.8447826086956522,0.86845,0.8377543478260869,0.852604347826087,0.8850304347826087,0.8821260869565218,0.8645347826086958,0.8584782608695652,0.8412239130434783,0.823213043478261,0.8329978260869565,0.8252260869565218,0.8100891304347827,0.818654347826087,0.7588978260869566,0.7344739130434784,0.6948152173913045,0.6930000000000001,0.6606391304347827,0.6933130434782608,0.7378304347826087,0.7973760869565218,0.7908913043478261,0.8207456521739132,0.842776086956522,0.8544891304347827,0.8431152173913045,0.8178608695652174,0.830604347826087,0.8540847826086958,0.8532065217391305,0.8475739130434783,0.8645826086956522,0.8555282608695652,0.8520413043478261,0.8422282608695653,0.8409869565217393,0.8411500000000001,0.8482239130434783,0.8455869565217392,0.8251565217391306,0.83535,0.8497326086956524,0.8532586956521739,0.838917391304348,0.8545456521739131,0.8692739130434783,0.8905478260869566,0.8730391304347827,0.8630652173913044,0.826221739130435,0.8271717391304348,0.8194391304347827,0.7857608695652175,0.8100260869565218,0.7985478260869566,0.8150673913043479,0.827308695652174,0.8418782608695652,0.8601695652173914,0.8926521739130434,0.8507195652173913,0.7862413043478262,0.8321760869565218,0.74685,0.6734195652173914,0.773604347826087,0.7592695652173913,0.7555000000000001,0.7859521739130435,0.8142347826086958
0.8644782608695654,0.8419195652173914,0.850408695652174,0.8690391304347828,0.84955,0.870571739130435,0.8746434782608697,0.848754347826087,0.855904347826087,0.8552282608695653,0.8606391304347827,0.8544891304347827,0.8452347826086958,0.820708695652174,0.8139695652173914,0.789554347826087,0.798758695652174,0.7466478260869566,0.7056043478260869,0.7019565217391305,0.7035434782608696,0.7256434782608696,0.7757717391304348,0.7954934782608697,0.8018804347826087,0.7877500000000001,0.834363043478261,0.8466065217391305,0.843245652173913,0.8606913043478261,0.827363043478261,0.8121108695652175,0.8808673913043479,0.8646565217391305,0.8602760869565218,0.8591543478260871,0.8260673913043479,0.8297108695652176,0.8323195652173914,0.8250456521739131,0.8121891304347827,0.8070891304347826,0.7495282608695653,0.7078021739130436,0.6583021739130435,0.7062173913043478,0.7165086956521739,0.7255434782608696,0.7711630434782609,0.7866282608695653,0.7875717391304349,0.8149282608695653,0.8432760869565218,0.8542891304347826,0.8432456521739132,0.8245913043478261,0.8323804347826087,0.8534086956521739,0.8516760869565219,0.8532782608695654,0.8659391304347827,0.8556000000000001,0.8537391304347827,0.8411152173913045,0.8416065217391304,0.8396804347826088,0.8448934782608696,0.8518695652173914,0.8283869565217392,0.8422804347826087,0.8424543478260871,0.8463652173913044,0.83815,0.8541608695652175,0.8671413043478261,0.8821369565217392,0.8692217391304349,0.8680217391304349,0.8399347826086957,0.82745,0.8228130434782609,0.7973065217391304,0.805071739130435,0.7983217391304348,0.8082173913043479,0.8297326086956522,0.8380456521739131,0.8581456521739131,0.8676173913043479,0.8400847826086958,0.8059717391304348,0.8470478260869566,0.7619934782608696,0.7708782608695653,0.7879652173913044,0.7936195652173913,0.8216152173913044,0.7588695652173914,0.8078195652173914
0.8633260869565218,0.8520108695652174,0.8431000000000001,0.8613195652173913,0.8463826086956523,0.881408695652174,0.8912913043478262,0.8661847826086957,0.8630804347826088,0.8552282608695653,0.8648565217391305,0.8524760869565218,0.8478304347826088,0.8125956521739132,0.8104347826086956,0.7831891304347827,0.7932434782608697,0.7417282608695653,0.7340282608695652,0.7058760869565217,0.7444434782608695,0.7333565217391305,0.7645608695652175,0.7874347826086958,0.8107695652173914,0.7972065217391305,0.8344934782608696,0.8463739130434783,0.8457152173913045,0.8692500000000001,0.8318239130434784,0.8432760869565218,0.8806434782608696,0.8826326086956522,0.8655630434782609,0.8584782608695652,0.8393,0.8323391304347827,0.8297021739130436,0.8290869565217391,0.8083630434782609,0.80665,0.7490152173913044,0.7360847826086957,0.6742847826086956,0.7098869565217392,0.7035413043478261,0.7351847826086957,0.7707565217391305,0.7994891304347826,0.800595652173913,0.8175521739130436,0.8426304347826088,0.8536826086956523,0.8370369565217392,0.8260282608695654,0.832354347826087,0.8532782608695654,0.8513739130434783,0.8505673913043479,0.8650760869565218,0.8562304347826087,0.8507500000000001,0.8409869565217393,0.8388326086956522,0.8409152173913044,0.845071739130435,0.8510369565217392,0.823758695652174,0.8321391304347827,0.8557478260869565,0.8523304347826087,0.8401826086956522,0.8546456521739132,0.865413043478261,0.8898652173913044,0.8637826086956522,0.8673347826086957,0.8332152173913044,0.8341847826086958,0.8187130434782609,0.8016891304347826,0.8111369565217392,0.8004195652173914,0.8082826086956523,0.8312173913043479,0.841845652173913,0.8552326086956523,0.8861521739130435,0.8437956521739132,0.8064478260869565,0.8484804347826088,0.7776782608695654,0.7854847826086957,0.8113043478260871,0.7862804347826087,0.8013369565217392,0.7528195652173914,0.8229934782608695
0.8530217391304348,0.8521934782608697,0.8459630434782609,0.8700434782608697,0.8397804347826088,0.8616673913043479,0.8889760869565219,0.8668000000000001,0.8631826086956522,0.8544173913043479,0.8665913043478262,0.8536108695652174,0.8492913043478262,0.8265760869565217,0.8063152173913044,0.8040521739130436,0.7757434782608695,0.7383391304347827,0.7355000000000002,0.7155195652173914,0.7061760869565218,0.7336869565217392,0.7739347826086957,0.7958260869565218,0.8110456521739131,0.7964239130434783,0.8344195652173914,0.8468826086956522,0.8394239130434783,0.8693217391304348,0.8377478260869565,0.8456695652173913,0.8687478260869566,0.8784434782608697,0.8619891304347826,0.856808695652174,0.8397413043478261,0.8209760869565218,0.8153804347826088,0.8155760869565218,0.8165782608695653,0.7965391304347827,0.7600521739130436,0.7350739130434782,0.651595652173913,0.6815869565217392,0.6994608695652176,0.7213521739130436,0.7743152173913044,0.7966913043478261,0.7888413043478262,0.8194847826086957,0.8433326086956522,0.8490500000000001,0.8424130434782608,0.8258130434782609,0.8301608695652175,0.8544891304347827,0.8516043478260871,0.8548956521739132,0.8640891304347826,0.8561108695652174,0.8519000000000001,0.8412956521739131,0.8403695652173915,0.8408413043478261,0.8517282608695652,0.8431586956521739,0.8185021739130436,0.8373739130434784,0.8562326086956523,0.8516521739130435,0.8378108695652174,0.8549369565217392,0.8687869565217392,0.8877673913043479,0.8692304347826086,0.8570891304347827,0.8318195652173913,0.827808695652174,0.82145,0.7953434782608696,0.8089891304347827,0.7981021739130435,0.8167500000000001,0.8281108695652174,0.8388630434782609,0.8583152173913043,0.8925804347826086,0.8555217391304349,0.7987804347826089,0.8232891304347827,0.755791304347826,0.7532434782608697,0.7832434782608697,0.8094913043478261,0.8230934782608695,0.781008695652174,0.8144521739130436
0.8482847826086958,0.8531478260869566,0.851058695652174,0.8699695652173915,0.848104347826087,0.8750847826086957,0.8823413043478262,0.8610260869565218,0.8642021739130435,0.8488608695652176,0.860258695652174,0.8524760869565218,0.8488891304347826,0.8247304347826088,0.8146434782608696,0.7813978260869566,0.802054347826087,0.7315065217391306,0.7314282608695652,0.7034673913043479,0.7264282608695652,0.7465260869565218,0.7752782608695653,0.7875195652173913,0.8056108695652174,0.7987934782608697,0.8341282608695653,0.8475347826086957,0.8428282608695653,0.8680521739130436,0.8363413043478262,0.8546608695652175,0.8848847826086957,0.8779847826086957,0.8576391304347828,0.8578065217391305,0.8367630434782609,0.8206913043478261,0.8324608695652175,0.8110956521739131,0.8058021739130435,0.7893369565217392,0.755791304347826,0.7108652173913045,0.6928195652173914,0.6932195652173914,0.7078304347826088,0.7375217391304348,0.7601673913043479,0.7953847826086957,0.7982260869565218,0.817071739130435,0.8334,0.8536630434782609,0.8431152173913045,0.8265130434782609,0.8316434782608697,0.8528043478260869,0.8536826086956523,0.8529304347826088,0.8670630434782609,0.8562304347826087,0.8540978260869566,0.8400608695652174,0.8400608695652174,0.8405326086956523,0.846345652173913,0.8518239130434784,0.8171913043478262,0.8432021739130435,0.8416065217391304,0.852454347826087,0.8305260869565217,0.8483304347826088,0.8607108695652175,0.8826239130434782,0.8581260869565218,0.8619152173913044,0.8286586956521739,0.8226347826086957,0.8258195652173914,0.7961304347826087,0.8065695652173913,0.8006652173913045,0.815604347826087,0.8255565217391304,0.8401000000000001,0.8609739130434785,0.8941478260869566,0.8504304347826087,0.8096478260869566,0.8381565217391305,0.7687608695652174,0.7787630434782609,0.7920347826086958,0.789013043478261,0.8079478260869567,0.7686956521739131,0.827413043478261
0.8533913043478262,0.8429239130434785,0.8430282608695653,0.8491869565217393,0.8470934782608697,0.8734217391304349,0.8800282608695654,0.8586543478260871,0.8692130434782609,0.8548956521739132,0.8651608695652174,0.8536108695652174,0.8516760869565219,0.8224826086956523,0.8140826086956522,0.7917913043478262,0.7929282608695654,0.7451826086956522,0.6869304347826088,0.7310108695652174,0.7346282608695653,0.7310000000000001,0.7739934782608696,0.800754347826087,0.80535,0.7962065217391305,0.8346369565217392,0.8465913043478261,0.836867391304348,0.8682695652173914,0.8266608695652176,0.8371978260869566,0.8784304347826087,0.8788239130434784,0.8650913043478262,0.8564782608695652,0.8413956521739131,0.8197586956521739,0.811504347826087,0.8207086956521741,0.8079478260869567,0.7897913043478262,0.7460195652173913,0.7179108695652174,0.6788521739130435,0.69465,0.6973739130434783,0.7078913043478261,0.7541065217391305,0.7842282608695653,0.7825391304347827,0.8131282608695652,0.8369652173913044,0.847345652173913,0.842776086956522,0.8274260869565219,0.832008695652174,0.8528043478260869,0.8454891304347827,0.8532782608695654,0.8665652173913044,0.8561108695652174,0.8537391304347827,0.8419173913043478,0.8388021739130435,0.841845652173913,0.841867391304348,0.8463521739130435,0.8293739130434783,0.8215043478260871,0.8519152173913045,0.8446891304347827,0.8405456521739131,0.8543652173913044,0.8653521739130435,0.8882652173913045,0.8724260869565218,0.8748347826086956,0.8379673913043479,0.8357391304347828,0.823904347826087,0.7854826086956522,0.8119565217391305,0.7889630434782609,0.812513043478261,0.8320782608695653,0.8351108695652174,0.8559739130434783,0.8936478260869566,0.8466021739130435,0.7971173913043479,0.8468500000000001,0.7757608695652175,0.7653260869565218,0.7919326086956522,0.7939260869565217,0.7981673913043479,0.7535391304347827,0.8210739130434783
0.8557369565217393,0.8509673913043478,0.8423847826086956,0.8683891304347827,0.8445,0.8788826086956523,0.8827847826086958,0.8663739130434783,0.8671782608695653,0.856113043478261,0.8602717391304349,0.8536826086956523,0.8483086956521739,0.8218521739130435,0.8181347826086958,0.7992,0.7913956521739131,0.7570260869565217,0.7197630434782609,0.7099869565217392,0.739204347826087,0.7195173913043479,0.767054347826087,0.7946391304347826,0.8013456521739131,0.7976956521739131,0.8340695652173914,0.8467369565217392,0.8410413043478261,0.8605652173913044,0.8190065217391305,0.8437630434782609,0.8761586956521739,0.8785673913043479,0.8592673913043479,0.8588152173913044,0.839654347826087,0.8313108695652175,0.8408021739130436,0.819304347826087,0.8068652173913045,0.8106847826086957,0.7674347826086957,0.7354826086956523,0.7031826086956522,0.6921239130434783,0.6970695652173914,0.7158217391304348,0.7626652173913044,0.7971195652173914,0.7967282608695653,0.8180021739130435,0.8426304347826088,0.8513239130434784,0.8434782608695652,0.8263173913043478,0.8318260869565219,0.8532782608695654,0.8536108695652174,0.8536826086956523,0.8660673913043478,0.8560391304347826,0.8539478260869566,0.8416065217391304,0.8409869565217393,0.8417000000000001,0.8314065217391304,0.8427282608695653,0.830958695652174,0.8436478260869565,0.8425260869565219,0.8528565217391305,0.8386239130434783,0.8551152173913045,0.8601500000000001,0.8890043478260872,0.8655847826086958,0.8631369565217392,0.8419195652173914,0.8267847826086957,0.82335,0.7941521739130436,0.8114108695652175,0.7695456521739131,0.8132195652173914,0.8317565217391305,0.8383282608695654,0.849208695652174,0.8927978260869566,0.8514065217391305,0.815508695652174,0.8546804347826088,0.7836304347826089,0.6728282608695654,0.7883760869565217,0.8149086956521739,0.8121304347826088,0.7671173913043479,0.8235630434782609
0.8607630434782609,0.8475260869565219,0.8448717391304349,0.8701869565217392,0.8454543478260869,0.8793717391304346,0.8850391304347827,0.8686673913043479,0.8614326086956523,0.8548956521739132,0.86765,0.8536826086956523,0.8532065217391305,0.8245173913043479,0.8198978260869566,0.8100130434782609,0.8004847826086956,0.7419282608695652,0.7077130434782609,0.7247608695652175,0.7127304347826087,0.7157413043478262,0.7686130434782609,0.7958891304347826,0.807354347826087,0.7967369565217393,0.8341282608695653,0.8468826086956522,0.837408695652174,0.8640130434782609,0.8248347826086958,0.8487391304347827,0.882695652173913,0.8812347826086957,0.8582521739130435,0.8561500000000001,0.8395673913043479,0.8280282608695653,0.828754347826087,0.8302695652173914,0.7930869565217392,0.7982521739130435,0.747404347826087,0.7277739130434784,0.6639804347826088,0.7001913043478262,0.7149130434782609,0.7434217391304349,0.7635543478260869,0.790408695652174,0.7979891304347827,0.8174760869565219,0.8431282608695654,0.8467456521739131,0.8434782608695652,0.8260282608695654,0.8319108695652174,0.8544891304347827,0.8528760869565218,0.8516760869565219,0.8670630434782609,0.8562304347826087,0.8527869565217392,0.8412956521739131,0.8388326086956522,0.8411500000000001,0.845363043478261,0.8509000000000001,0.8299847826086957,0.8413239130434783,0.8409695652173914,0.8523804347826087,0.8382913043478262,0.8479239130434784,0.864095652173913,0.888117391304348,0.8727739130434783,0.8591152173913044,0.8336891304347828,0.8231891304347827,0.8154021739130435,0.7894608695652174,0.8107695652173914,0.7992021739130436,0.8168608695652174,0.8286478260869565,0.8443108695652174,0.8557630434782609,0.8867086956521741,0.8551086956521741,0.8056413043478261,0.8406195652173913,0.768791304347826,0.6581760869565219,0.7973652173913045,0.8121934782608696,0.7709978260869567,0.75925,0.8235500000000001
0.8563065217391305,0.8416152173913044,0.8463652173913044,0.8628478260869566,0.8487282608695654,0.8759565217391305,0.889067391304348,0.856758695652174,0.8587369565217392,0.856113043478261,0.8652217391304349,0.8544891304347827,0.8519304347826087,0.813654347826087,0.8116173913043478,0.792904347826087,0.795504347826087,0.7372304347826087,0.7164934782608696,0.7231413043478261,0.7035913043478261,0.7363217391304349,0.7767891304347826,0.793154347826087,0.8067717391304349,0.795763043478261,0.8342021739130435,0.8465913043478261,0.8459391304347827,0.863354347826087,0.8299717391304349,0.8495608695652175,0.8777847826086957,0.8650239130434784,0.8624456521739131,0.857104347826087,0.8359260869565218,0.8302478260869566,0.8319000000000001,0.7977913043478261,0.8098978260869566,0.8029782608695653,0.7513608695652175,0.7378673913043479,0.6801673913043479,0.7016260869565217,0.7002152173913044,0.7276630434782609,0.7680152173913044,0.7972217391304348,0.7859978260869566,0.8166673913043478,0.8434065217391304,0.8468913043478261,0.8366891304347827,0.8246152173913045,0.8312195652173915,0.856113043478261,0.8520760869565218,0.8544891304347827,0.8669913043478261,0.8562304347826087,0.8529608695652174,0.8422282608695653,0.8403695652173915,0.8413891304347827,0.8530456521739131,0.8520282608695653,0.8246934782608696,0.8341695652173914,0.8492347826086957,0.8499,0.833817391304348,0.8553978260869567,0.8664717391304347,0.8891847826086957,0.849371739130435,0.8667130434782608,0.836054347826087,0.8253478260869566,0.8200456521739131,0.7982152173913043,0.802358695652174,0.8023,0.8094782608695653,0.831108695652174,0.8326739130434784,0.8583282608695654,0.89315,0.8488326086956522,0.7882239130434783,0.8325065217391305,0.7608608695652174,0.7609608695652175,0.7899,0.7941021739130436,0.7753760869565217,0.7584434782608696,0.8236695652173913
0.8388326086956522,0.8506565217391305,0.8392847826086958,0.8710217391304349,0.8434021739130435,0.8797891304347826,0.8853500000000001,0.8595021739130435,0.8591304347826088,0.8548956521739132,0.8667717391304348,0.8540847826086958,0.8544891304347827,0.8101108695652175,0.8096847826086957,0.792413043478261,0.8044,0.7135934782608696,0.7272500000000001,0.7001869565217392,0.7101260869565218,0.7480173913043479,0.7534695652173914,0.7913565217391306,0.8042347826086957,0.7906826086956522,0.833717391304348,0.8471000000000001,0.8377608695652174,0.8710021739130436,0.8401500000000001,0.8571413043478261,0.880213043478261,0.8749000000000001,0.8645347826086958,0.8561500000000001,0.8392108695652175,0.8322695652173914,0.8208652173913045,0.8152347826086956,0.8254260869565218,0.7662500000000001,0.7521891304347826,0.7034217391304348,0.7091086956521739,0.7055108695652175,0.7043282608695652,0.740108695652174,0.7666978260869566,0.7990456521739131,0.792413043478261,0.8120891304347826,0.8419934782608697,0.8548956521739132,0.8370369565217392,0.8233847826086956,0.8244326086956523,0.8540847826086958,0.8528043478260869,0.8472413043478262,0.8589565217391305,0.8562304347826087,0.8540978260869566,0.8425391304347827,0.8412956521739131,0.8406065217391305,0.8457021739130435,0.8506152173913044,0.8223043478260871,0.8423021739130435,0.8493086956521739,0.836676086956522,0.8370304347826087,0.8535304347826087,0.8667717391304348,0.8924826086956523,0.8542195652173913,0.8506869565217392,0.8329413043478261,0.8365326086956523,0.8195,0.7900130434782608,0.8035369565217392,0.7990543478260871,0.8123934782608696,0.8312173913043479,0.8408065217391305,0.859254347826087,0.8900369565217392,0.850458695652174,0.7900652173913043,0.8451913043478262,0.7683260869565218,0.7554369565217393,0.8182978260869566,0.8215695652173913,0.811458695652174,0.7556347826086957,0.8230934782608695
0.8476391304347827,0.8483717391304348,0.8395347826086957,0.8710934782608697,0.847408695652174,0.8773826086956521,0.8814521739130434,0.865763043478261,0.8674217391304349,0.8557065217391305,0.8607717391304349,0.8544173913043479,0.8536826086956523,0.8074130434782609,0.8072913043478261,0.7985065217391305,0.7958021739130435,0.7548521739130435,0.7148500000000001,0.7009369565217392,0.7042999999999999,0.7480434782608696,0.7646086956521739,0.8001956521739132,0.7990326086956523,0.7962065217391305,0.8345652173913044,0.8471717391304348,0.8460217391304349,0.8670065217391305,0.8238391304347826,0.8470565217391305,0.8794391304347827,0.8802391304347825,0.8652369565217393,0.8584782608695652,0.8368869565217393,0.8306934782608697,0.8372239130434782,0.8182260869565218,0.812804347826087,0.7958239130434783,0.7630347826086958,0.7102956521739131,0.6763630434782609,0.6955326086956523,0.7140152173913044,0.728363043478261,0.7733652173913044,0.7923826086956522,0.784654347826087,0.8157934782608697,0.8432608695652175,0.8536108695652174,0.8434782608695652,0.8227608695652174,0.8305152173913044,0.8532782608695654,0.8540130434782609,0.8480500000000002,0.8655717391304348,0.8560978260869566,0.8542478260869566,0.8428521739130435,0.8412956521739131,0.8409869565217393,0.8501260869565219,0.8512543478260871,0.8274782608695653,0.8441782608695653,0.8373021739130435,0.8525760869565219,0.8389326086956522,0.8538978260869565,0.8670304347826088,0.888621739130435,0.8576978260869565,0.863563043478261,0.8384652173913044,0.8285021739130436,0.8170934782608696,0.7979478260869566,0.8019152173913044,0.7972239130434783,0.8161934782608695,0.8306739130434783,0.8347913043478262,0.8553652173913044,0.8926521739130434,0.8525673913043479,0.7915347826086958,0.8412065217391306,0.7711000000000001,0.7786260869565218,0.8030086956521739,0.8084434782608697,0.7846565217391305,0.7822652173913044,0.8247804347826088
0.856808695652174,0.8499369565217393,0.851858695652174,0.8680413043478261,0.8493347826086958,0.881408695652174,0.8840282608695653,0.8619630434782609,0.8624804347826088,0.856113043478261,0.8582869565217391,0.8536826086956523,0.8412326086956523,0.8273891304347827,0.8138804347826087,0.8011739130434783,0.7978130434782609,0.7458021739130436,0.7227108695652175,0.6949934782608695,0.7174565217391304,0.7398869565217392,0.7862760869565217,0.7969760869565218,0.8070608695652175,0.7965239130434784,0.8343478260869566,0.8195369565217392,0.8442391304347826,0.8688500000000001,0.8361282608695653,0.843791304347826,0.8770630434782609,0.8806782608695652,0.8636782608695653,0.8584782608695652,0.8389434782608697,0.8296347826086957,0.8337086956521739,0.8253978260869566,0.8195239130434783,0.7908869565217392,0.7595913043478261,0.7399065217391305,0.65185,0.6750673913043479,0.6887369565217392,0.7325021739130435,0.7512195652173914,0.7970065217391306,0.7939413043478262,0.818704347826087,0.842704347826087,0.8532586956521739,0.8434782608695652,0.8231434782608696,0.8296695652173913,0.8540847826086958,0.8520760869565218,0.8536826086956523,0.8665652173913044,0.8561717391304349,0.8528347826086958,0.8416065217391304,0.8412956521739131,0.8404608695652175,0.8415108695652174,0.8441608695652175,0.8228391304347827,0.8370369565217392,0.8562326086956523,0.8516043478260871,0.8379565217391305,0.8539456521739132,0.86765,0.8820652173913044,0.8686456521739131,0.8546956521739131,0.8352521739130435,0.8324826086956522,0.8227,0.7892804347826088,0.807354347826087,0.7980239130434783,0.8196391304347826,0.8212043478260871,0.8424021739130435,0.855513043478261,0.8831717391304349,0.8267804347826088,0.7841760869565219,0.8393847826086958,0.791608695652174,0.6817630434782609,0.7834608695652174,0.8092304347826087,0.8260369565217391,0.7591173913043479,0.8218478260869566
0.854263043478261,0.8544108695652175,0.8446891304347827,0.8553347826086957,0.8450456521739131,0.8553347826086958,0.8838826086956522,0.8573391304347827,0.8621782608695653,0.8556347826086957,0.8627065217391305,0.8528043478260869,0.8546782608695652,0.8149934782608697,0.8162739130434783,0.7909978260869566,0.7678434782608696,0.7220956521739131,0.7366717391304349,0.7336434782608696,0.7221717391304349,0.7182804347826087,0.765304347826087,0.7893021739130436,0.7994543478260869,0.7876152173913044,0.8343478260869566,0.8462304347826088,0.8463978260869566,0.8681239130434784,0.833654347826087,0.8548456521739132,0.8760695652173913,0.8831543478260869,0.8663652173913045,0.8588152173913044,0.8401760869565219,0.8248695652173914,0.8410108695652175,0.8060021739130435,0.8049804347826088,0.8029152173913044,0.7637152173913044,0.7308565217391304,0.6757065217391305,0.6951260869565219,0.7104478260869567,0.7271456521739131,0.7519413043478261,0.7996217391304348,0.7983891304347827,0.8198065217391305,0.8434782608695652,0.8410282608695653,0.842776086956522,0.823304347826087,0.8312217391304348,0.8520043478260869,0.8452347826086958,0.8512760869565218,0.8645826086956522,0.8555282608695652,0.851467391304348,0.8412956521739131,0.8412956521739131,0.8390673913043478,0.851004347826087,0.8501804347826087,0.82535,0.8306521739130436,0.8533347826086957,0.8527108695652175,0.8372673913043479,0.8509500000000001,0.8626108695652176,0.8904760869565218,0.8580891304347827,0.8572326086956522,0.8317391304347825,0.8390326086956522,0.824454347826087,0.7861282608695653,0.8060739130434783,0.8011065217391304,0.8181739130434783,0.827308695652174,0.8379021739130436,0.8557478260869567,0.8920826086956523,0.8464934782608696,0.7852913043478261,0.8085608695652174,0.7828673913043479,0.678663043478261,0.7506826086956523,0.822208695652174,0.777204347826087,0.7668847826086956,0.8208717391304348
0.8587913043478261,0.8572391304347827,0.851858695652174,0.8639,0.8457608695652175,0.870808695652174,0.889804347826087,0.858263043478261,0.8613913043478262,0.8557065217391305,0.8674695652173914,0.8540130434782609,0.8508782608695653,0.8255847826086957,0.8105239130434784,0.7927608695652175,0.796263043478261,0.7306695652173915,0.7447739130434783,0.7238130434782609,0.7119630434782609,0.7491869565217392,0.7864695652173914,0.8046586956521741,0.8079369565217391,0.7940652173913044,0.8343478260869566,0.8464478260869566,0.8453978260869566,0.863208695652174,0.8319000000000001,0.841495652173913,0.8842804347826088,0.8797804347826088,0.8633673913043479,0.8571391304347827,0.8374978260869566,0.8308695652173914,0.8249326086956522,0.8278652173913045,0.8095282608695653,0.8037065217391305,0.7671173913043479,0.7306804347826088,0.6892478260869566,0.6910065217391305,0.7059173913043478,0.7252891304347827,0.7720391304347827,0.7906217391304349,0.7791739130434784,0.82135,0.8433326086956522,0.8474282608695652,0.8434782608695652,0.8255565217391304,0.8296195652173914,0.8532782608695654,0.8516760869565219,0.8544891304347827,0.8660673913043478,0.8561717391304349,0.8536630434782609,0.8419173913043478,0.8400608695652174,0.8399760869565219,0.8438326086956522,0.8447891304347827,0.822313043478261,0.8363130434782609,0.8491630434782609,0.8512521739130435,0.8335304347826088,0.8537347826086957,0.8672108695652175,0.8894413043478261,0.8606826086956522,0.8768478260869567,0.8212521739130435,0.837708695652174,0.8170065217391306,0.7980021739130435,0.8108608695652175,0.7936326086956522,0.8177391304347826,0.8320782608695653,0.8449347826086958,0.8522456521739131,0.8901760869565217,0.8513239130434782,0.8175956521739131,0.8494478260869567,0.7831913043478262,0.6800369565217391,0.78525,0.8210804347826087,0.8155000000000001,0.7749152173913044,0.8183695652173913
0.8537956521739131,0.8431565217391305,0.8496152173913044,0.8624239130434783,0.8497282608695653,0.8790282608695654,0.8932108695652174,0.8627065217391304,0.8683891304347827,0.8548956521739132,0.8667130434782608,0.8491956521739131,0.8528760869565218,0.8228413043478262,0.8066934782608697,0.7887456521739131,0.7926173913043479,0.7301326086956522,0.7275108695652174,0.7045652173913043,0.7325478260869566,0.7509369565217393,0.7741956521739132,0.8075826086956522,0.8067695652173913,0.7894804347826088,0.8281239130434784,0.8462304347826088,0.8433065217391305,0.8680521739130436,0.8274413043478261,0.8491239130434783,0.8700326086956524,0.8719739130434783,0.8654804347826087,0.8591543478260871,0.8374065217391305,0.8191869565217391,0.8158282608695653,0.823171739130435,0.804913043478261,0.8047413043478262,0.7553608695652174,0.7115304347826087,0.6749521739130435,0.6796434782608696,0.704554347826087,0.7238065217391305,0.7736173913043479,0.7964891304347826,0.7947695652173914,0.8135478260869566,0.8420739130434783,0.8535173913043479,0.8434782608695652,0.8260586956521739,0.8319217391304348,0.8532782608695654,0.8536108695652174,0.8557065217391305,0.8596282608695653,0.8561717391304349,0.8540978260869566,0.8416065217391304,0.8409869565217393,0.8336195652173913,0.842513043478261,0.8506891304347827,0.8274760869565218,0.8379108695652173,0.8338760869565217,0.8453456521739131,0.8378000000000001,0.8557021739130436,0.8620304347826089,0.8862347826086958,0.8632021739130434,0.8709021739130435,0.840795652173913,0.8303217391304348,0.8202347826086958,0.7921413043478261,0.8069065217391305,0.7975847826086958,0.8141500000000002,0.8210521739130435,0.8437000000000001,0.8554521739130436,0.8867086956521741,0.8495695652173914,0.8068847826086957,0.8408847826086958,0.7701565217391305,0.7582695652173913,0.8049956521739131,0.8195021739130435,0.8136630434782609,0.7515826086956522,0.8039586956521739
0.8559978260869566,0.8501239130434783,0.8520347826086958,0.864654347826087,0.846963043478261,0.878854347826087,0.8879760869565219,0.873104347826087,0.8629521739130436,0.856521739130435,0.8665195652173913,0.8553000000000001,0.8469673913043478,0.8180413043478261,0.8214108695652174,0.7836608695652175,0.7959304347826087,0.7382760869565218,0.7404499999999999,0.7016652173913045,0.6708065217391305,0.7402978260869566,0.7723717391304348,0.7972782608695653,0.8019760869565219,0.7980956521739131,0.8332978260869566,0.8465195652173912,0.8471391304347827,0.8675826086956523,0.8334173913043479,0.8431934782608695,0.8825217391304347,0.8603369565217391,0.8646217391304349,0.8581413043478261,0.8411369565217391,0.8218695652173913,0.8204826086956523,0.8073673913043479,0.818071739130435,0.8108586956521739,0.7507217391304348,0.72315,0.6700978260869566,0.6798521739130435,0.7167239130434783,0.7421282608695652,0.7596782608695652,0.7915021739130436,0.789208695652174,0.8137304347826088,0.8369652173913044,0.8456369565217392,0.842776086956522,0.824004347826087,0.8300782608695654,0.8536826086956523,0.8528760869565218,0.8548956521739132,0.8581413043478261,0.8562304347826087,0.853454347826087,0.8416065217391304,0.8388021739130435,0.8362586956521739,0.8494065217391306,0.8514478260869567,0.8317478260869565,0.8394782608695652,0.8529108695652174,0.848304347826087,0.8320434782608697,0.8514891304347827,0.8649739130434784,0.8890652173913045,0.8669108695652176,0.8743717391304348,0.8235369565217392,0.833321739130435,0.8175543478260869,0.7849717391304349,0.8020695652173914,0.794558695652174,0.8140347826086957,0.8299043478260871,0.8419695652173913,0.8538521739130435,0.893471739130435,0.8487239130434784,0.807091304347826,0.8548434782608695,0.7602521739130436,0.7556695652173914,0.7756739130434783,0.8141043478260871,0.7767717391304348,0.7812608695652175,0.8225217391304348
0.8465347826086956,0.8495739130434783,0.8483565217391305,0.864308695652174,0.8446478260869567,0.8787086956521738,0.8846934782608696,0.8705195652173914,0.8635978260869566,0.8553000000000001,0.8665326086956522,0.8524760869565218,0.841204347826087,0.8246913043478262,0.8195913043478261,0.8009652173913044,0.7998500000000001,0.7367565217391304,0.7255239130434784,0.7047478260869565,0.7190521739130435,0.7286456521739131,0.7652478260869566,0.7924108695652174,0.8040217391304348,0.7955717391304349,0.8310934782608697,0.8437739130434783,0.8411391304347826,0.870791304347826,0.821954347826087,0.8474391304347827,0.8758282608695653,0.8744260869565218,0.8635804347826088,0.8578065217391305,0.8277760869565218,0.8196413043478261,0.8326260869565217,0.8097891304347826,0.8095913043478262,0.7998717391304349,0.7768152173913044,0.7228065217391305,0.6797108695652174,0.7051717391304347,0.7224326086956523,0.7375043478260871,0.7674565217391305,0.7840021739130436,0.7917608695652175,0.8194391304347827,0.8429239130434784,0.8524978260869567,0.843608695652174,0.8260804347826087,0.8278456521739131,0.8539565217391306,0.8528760869565218,0.8536826086956523,0.8659391304347827,0.8561804347826089,0.8504695652173914,0.8349847826086958,0.8406782608695652,0.8327891304347826,0.8503195652173915,0.8449456521739132,0.8268456521739131,0.8325326086956523,0.856521739130435,0.8510565217391305,0.8397217391304348,0.8547,0.8673391304347827,0.8871478260869567,0.8674652173913043,0.8763173913043479,0.8372195652173914,0.8303978260869564,0.8268282608695653,0.7872239130434783,0.8083217391304348,0.7987521739130435,0.810604347826087,0.8206108695652174,0.8450108695652174,0.8511152173913045,0.8738869565217393,0.8536304347826088,0.7882934782608696,0.8281695652173914,0.748641304347826,0.7676760869565219,0.7928260869565219,0.7992413043478261,0.8010195652173914,0.7688478260869566,0.8230239130434784
0.861008695652174,0.8383413043478262,0.8454173913043479,0.867204347826087,0.8446239130434784,0.873495652173913,0.8887826086956523,0.8737978260869567,0.8593717391304347,0.8557065217391305,0.8592173913043478,0.8544891304347827,0.8522586956521739,0.8210673913043479,0.8191739130434784,0.8000630434782608,0.8116521739130436,0.7578673913043478,0.7332239130434783,0.7095326086956522,0.7095891304347827,0.7285347826086956,0.7734021739130434,0.7893934782608697,0.8086369565217393,0.7968304347826087,0.8344934782608696,0.8468826086956522,0.8360847826086957,0.8689217391304349,0.8373195652173915,0.854763043478261,0.8767130434782611,0.8820260869565217,0.8623021739130435,0.857104347826087,0.839654347826087,0.8132956521739131,0.828608695652174,0.831113043478261,0.806758695652174,0.7966826086956522,0.7660043478260871,0.7500521739130436,0.6728456521739131,0.684758695652174,0.7157956521739132,0.7373086956521739,0.7707565217391305,0.7948043478260871,0.7971304347826088,0.8121739130434783,0.8434782608695652,0.8548956521739132,0.8420652173913044,0.8249130434782609,0.8315739130434783,0.8532065217391305,0.8532065217391305,0.8524760869565218,0.8606217391304349,0.8559913043478262,0.8540239130434784,0.8416065217391304,0.8416065217391304,0.84225,0.8431282608695653,0.8509630434782609,0.8283913043478262,0.8357847826086958,0.8492347826086957,0.8519782608695653,0.840767391304348,0.8545456521739131,0.8586,0.8863021739130437,0.8632478260869565,0.8703369565217394,0.8390565217391305,0.8239347826086957,0.8199086956521741,0.7817500000000001,0.8088956521739131,0.7913608695652175,0.8099760869565218,0.8329260869565218,0.8403456521739131,0.8575804347826087,0.8852913043478262,0.838804347826087,0.7904347826086957,0.8444847826086957,0.7581500000000001,0.6782282608695652,0.7939326086956523,0.8045652173913044,0.7697434782608696,0.7573456521739131,0.8207978260869565
0.8601673913043479,0.8503586956521739,0.852658695652174,0.8701869565217392,0.8406956521739132,0.8769391304347827,0.8842760869565217,0.8591804347826087,0.863254347826087,0.8557065217391305,0.8592782608695653,0.8540130434782609,0.8508065217391305,0.8260978260869566,0.8113760869565219,0.7993760869565218,0.7977913043478261,0.7495913043478261,0.7353782608695653,0.6837717391304348,0.6983152173913044,0.734754347826087,0.7963282608695653,0.7995347826086957,0.808704347826087,0.7987652173913043,0.8280521739130436,0.8472434782608695,0.8359956521739131,0.8605195652173914,0.8134434782608696,0.8567608695652175,0.8759630434782608,0.8800391304347828,0.865163043478261,0.8571391304347827,0.8404434782608696,0.8284934782608696,0.8346608695652175,0.8154891304347827,0.805404347826087,0.7997652173913044,0.7575239130434783,0.718608695652174,0.6930152173913044,0.6894934782608696,0.7164673913043479,0.7449652173913045,0.7762456521739132,0.7978695652173915,0.7961282608695652,0.8202304347826088,0.8434065217391304,0.8468913043478261,0.8434782608695652,0.8260869565217391,0.8314847826086957,0.8516043478260871,0.8548956521739132,0.8528760869565218,0.8591304347826088,0.8561717391304349,0.8540978260869566,0.8422282608695653,0.8419173913043478,0.8411500000000001,0.8437695652173914,0.8494326086956522,0.8174456521739131,0.8367608695652174,0.856521739130435,0.8516521739130435,0.8386847826086956,0.8540782608695653,0.8684086956521739,0.8796717391304347,0.8494282608695654,0.851008695652174,0.8353673913043479,0.8310456521739131,0.8229760869565218,0.7961304347826087,0.8126782608695653,0.7947804347826087,0.8019347826086958,0.8150521739130436,0.838467391304348,0.8513391304347826,0.8861391304347828,0.852708695652174,0.8108891304347826,0.8444065217391304,0.7714630434782609,0.7602391304347826,0.7739652173913044,0.8141826086956522,0.8047608695652175,0.7726782608695653,0.8102782608695652
0.862508695652174,0.8522521739130435,0.8368108695652174,0.8631717391304349,0.843558695652174,0.864058695652174,0.8851217391304348,0.8527260869565219,0.8635804347826087,0.8557065217391305,0.8672108695652175,0.8548239130434783,0.8453456521739131,0.8154130434782609,0.8241195652173914,0.796604347826087,0.7795565217391305,0.7444304347826088,0.7358456521739131,0.7077282608695653,0.7398304347826088,0.7229282608695653,0.7409173913043479,0.7969478260869566,0.8066673913043478,0.7955065217391305,0.8342739130434782,0.8473173913043479,0.8386891304347827,0.8644869565217392,0.8347934782608697,0.841808695652174,0.8844260869565218,0.8639347826086957,0.8559326086956522,0.8591543478260871,0.834954347826087,0.820554347826087,0.8138130434782609,0.8225630434782609,0.807663043478261,0.7953130434782609,0.7572304347826088,0.7103760869565219,0.6809413043478262,0.6941565217391306,0.7195673913043479,0.7283739130434783,0.7646847826086957,0.7951152173913044,0.7862695652173913,0.8092304347826087,0.842776086956522,0.8537347826086957,0.8431152173913045,0.8269891304347826,0.8327000000000001,0.8548956521739132,0.8548956521739132,0.8520760869565218,0.8650760869565218,0.8553478260869565,0.853513043478261,0.8428521739130435,0.8394456521739132,0.8402239130434783,0.8480434782608697,0.8519565217391305,0.8221369565217392,0.8367695652173913,0.8495152173913044,0.852404347826087,0.8405021739130436,0.855008695652174,0.8645956521739131,0.8820130434782608,0.868167391304348,0.8759826086956521,0.8324195652173914,0.8349826086956522,0.8223173913043479,0.7954739130434784,0.8078391304347826,0.7914956521739132,0.7865282608695653,0.8306478260869566,0.8354521739130436,0.8557217391304349,0.8937239130434783,0.8503173913043479,0.8138195652173914,0.8419913043478261,0.7524891304347827,0.753708695652174,0.7751326086956523,0.7830326086956523,0.7734434782608697,0.7717347826086958,0.8204804347826088
0.8539869565217392,0.8525478260869566,0.8501173913043479,0.8556326086956523,0.8491391304347826,0.8716152173913044,0.875791304347826,0.8536586956521739,0.8649826086956522,0.8548956521739132,0.8593369565217391,0.8540130434782609,0.851204347826087,0.8221934782608696,0.8103108695652175,0.8092978260869567,0.7954391304347826,0.7497565217391304,0.7331739130434783,0.7278782608695653,0.7206326086956523,0.7313978260869566,0.7642934782608696,0.8087173913043478,0.7981565217391305,0.7928413043478262,0.834363043478261,0.8476239130434783,0.8415586956521739,0.8680717391304348,0.8353369565217392,0.832904347826087,0.8818869565217392,0.8806282608695652,0.8634978260869565,0.8581413043478261,0.8371608695652175,0.8305152173913043,0.8255434782608697,0.8166108695652174,0.8096826086956522,0.8084956521739131,0.7611956521739132,0.7111347826086956,0.6784978260869566,0.7086282608695653,0.7152391304347826,0.7404239130434783,0.7759304347826087,0.7985434782608697,0.7932173913043479,0.8165565217391305,0.8365565217391305,0.8473717391304348,0.8425434782608696,0.824808695652174,0.8291478260869565,0.8531521739130435,0.8540847826086958,0.8398326086956521,0.8669326086956523,0.855658695652174,0.8542478260869566,0.8404956521739131,0.8409869565217393,0.8402239130434783,0.8451608695652174,0.851313043478261,0.8279521739130435,0.8236043478260869,0.85645,0.8456847826086957,0.8382282608695654,0.8473891304347827,0.8670826086956522,0.884217391304348,0.8538934782608697,0.8661652173913045,0.8339956521739131,0.8267021739130436,0.8192391304347827,0.7977826086956523,0.8105108695652175,0.79805,0.8099565217391305,0.8233326086956522,0.835363043478261,0.8511652173913045,0.8765000000000002,0.8311717391304349,0.787708695652174,0.8363260869565219,0.7807782608695653,0.7632565217391305,0.8054586956521741,0.8175260869565218,0.7913608695652173,0.7540239130434784,0.7890347826086956
0.8474500000000001,0.8377065217391306,0.8500108695652174,0.8618021739130436,0.8435152173913044,0.8682369565217392,0.88095,0.8584,0.865808695652174,0.856113043478261,0.8667,0.8484543478260871,0.8516043478260871,0.8208673913043479,0.802,0.7889434782608696,0.7902913043478262,0.7391173913043478,0.7207108695652175,0.6756869565217392,0.6952565217391304,0.7422152173913044,0.7677,0.7844500000000001,0.8064717391304348,0.7916652173913044,0.8344934782608696,0.8463021739130436,0.8382847826086958,0.8685956521739131,0.8307760869565218,0.8564304347826088,0.8803739130434785,0.8784304347826087,0.8635239130434784,0.8571391304347827,0.8355608695652174,0.8195391304347825,0.8275565217391305,0.8209826086956522,0.8083043478260871,0.8026021739130436,0.7582434782608696,0.7390456521739132,0.6710369565217392,0.7090956521739131,0.7211326086956523,0.7112652173913044,0.7644565217391305,0.7917347826086958,0.7811695652173913,0.8180021739130435,0.8434782608695652,0.8532369565217391,0.8420500000000001,0.8204760869565217,0.8326130434782609,0.852404347826087,0.8540130434782609,0.8528760869565218,0.8680608695652174,0.8495369565217392,0.8524369565217392,0.8409869565217393,0.8400608695652174,0.8396804347826088,0.849945652173913,0.850108695652174,0.8310260869565218,0.8353282608695652,0.8485978260869566,0.8519565217391305,0.8378108695652174,0.8487369565217392,0.8692152173913045,0.8746543478260871,0.858817391304348,0.8532673913043479,0.8446543478260871,0.8319869565217392,0.8232804347826088,0.7942347826086957,0.8016521739130434,0.7989369565217392,0.8142652173913043,0.8251000000000001,0.8380173913043479,0.8551000000000001,0.890317391304348,0.8438391304347826,0.8003195652173913,0.8459369565217392,0.7433760869565218,0.7651456521739132,0.7950369565217391,0.7698369565217391,0.7888108695652175,0.750658695652174,0.8194065217391305
0.8490608695652174,0.8544652173913043,0.8458891304347826,0.8660565217391305,0.8488739130434784,0.8660413043478261,0.8840282608695653,0.8665521739130435,0.8606,0.8544891304347827,0.8667130434782608,0.8432021739130435,0.8492891304347827,0.8194934782608696,0.8120521739130435,0.7918695652173914,0.7840260869565218,0.7414891304347827,0.7214021739130436,0.7306217391304349,0.7080913043478262,0.712708695652174,0.748958695652174,0.7897891304347826,0.7968869565217392,0.7967956521739131,0.8344195652173914,0.8473173913043479,0.8419304347826089,0.8688500000000001,0.8257608695652174,0.8478913043478262,0.8811934782608697,0.8838,0.8666608695652175,0.8561500000000001,0.8385847826086957,0.8280239130434783,0.8373739130434784,0.8271326086956522,0.8047978260869566,0.7935934782608696,0.7611391304347827,0.7350760869565218,0.6716652173913044,0.7056282608695653,0.7065717391304349,0.7299717391304349,0.7641108695652175,0.7996978260869566,0.7899804347826088,0.8143565217391304,0.8368195652173913,0.8548956521739132,0.8434782608695652,0.8270652173913045,0.8332978260869566,0.8548956521739132,0.8544891304347827,0.8536826086956523,0.8660673913043478,0.8561717391304349,0.8530282608695654,0.8419173913043478,0.8416065217391304,0.8406978260869566,0.8515478260869567,0.8512543478260871,0.8303173913043479,0.8275804347826088,0.8493086956521739,0.8535173913043479,0.8371260869565219,0.8545847826086957,0.8664086956521739,0.8875391304347826,0.8639434782608697,0.8608152173913044,0.8417804347826087,0.8280021739130436,0.8236282608695653,0.7905434782608696,0.8010108695652175,0.7975260869565217,0.8175217391304349,0.8308652173913044,0.8380565217391305,0.8551108695652174,0.8891586956521741,0.8547065217391305,0.7955000000000001,0.826854347826087,0.7853456521739131,0.7754782608695652,0.775458695652174,0.8134369565217392,0.6716086956521741,0.7598565217391304,0.8183413043478261
0.8506152173913044,0.8518304347826088,0.842954347826087,0.8629195652173913,0.8391347826086957,0.8803521739130435,0.8885347826086959,0.8728565217391306,0.8629782608695653,0.8557065217391305,0.8587804347826088,0.8472413043478262,0.8467673913043479,0.8303391304347827,0.8159521739130435,0.7949326086956523,0.7963521739130435,0.7556804347826088,0.7355978260869566,0.7213652173913044,0.7195934782608696,0.7434326086956522,0.7823782608695652,0.7627369565217391,0.8088956521739131,0.7947000000000001,0.8341282608695653,0.8459391304347827,0.8429521739130436,0.8633934782608697,0.8361239130434783,0.8431847826086957,0.8822217391304349,0.8782782608695652,0.8632956521739131,0.8571391304347827,0.8405304347826087,0.8204260869565217,0.83055,0.8239673913043478,0.8182978260869566,0.8024673913043479,0.7538043478260871,0.7164043478260871,0.7045630434782609,0.7048260869565218,0.7028391304347826,0.7114195652173914,0.7687369565217391,0.7988673913043478,0.763754347826087,0.8215608695652175,0.842776086956522,0.850195652173913,0.842776086956522,0.8168630434782609,0.8328717391304349,0.8540130434782609,0.8522586956521739,0.8540847826086958,0.8586369565217391,0.8560500000000001,0.8519000000000001,0.8419173913043478,0.8397521739130436,0.8412956521739131,0.8480434782608696,0.8515347826086958,0.8294565217391305,0.811604347826087,0.8551760869565218,0.8446260869565217,0.8394065217391306,0.8544239130434783,0.8659782608695652,0.8797956521739131,0.8663391304347827,0.8706434782608697,0.8217108695652174,0.8236108695652176,0.8247282608695653,0.7858065217391305,0.8109521739130436,0.7967652173913043,0.8154913043478262,0.8306239130434784,0.8406978260869566,0.8202695652173914,0.8926521739130434,0.8526282608695652,0.7910847826086956,0.8349891304347827,0.7881108695652174,0.6844239130434783,0.7547152173913044,0.7868434782608696,0.7879456521739131,0.7527956521739131,0.8149630434782609
0.8629521739130436,0.8553956521739131,0.8511304347826087,0.8626304347826088,0.8343847826086956,0.8787391304347827,0.8901065217391306,0.8621739130434782,0.861563043478261,0.8557065217391305,0.8664717391304347,0.8536108695652174,0.8515304347826088,0.8070260869565218,0.8073978260869566,0.7884065217391305,0.8151043478260871,0.7266760869565219,0.716804347826087,0.7035282608695652,0.7034456521739131,0.737691304347826,0.7812239130434784,0.7907630434782609,0.8082260869565218,0.7933391304347827,0.8337913043478262,0.8473173913043479,0.8427152173913044,0.8688500000000001,0.8324391304347827,0.8492630434782609,0.8772130434782608,0.8818239130434784,0.8647652173913044,0.8581413043478261,0.8397413043478261,0.8302586956521739,0.83435,0.8292021739130435,0.8195695652173914,0.7851869565217392,0.7563326086956522,0.7180630434782609,0.6657260869565218,0.677663043478261,0.6902652173913044,0.7320978260869566,0.7408413043478261,0.7966760869565219,0.7929391304347827,0.8079565217391305,0.8428369565217392,0.8540130434782609,0.8434782608695652,0.8269130434782609,0.8321826086956523,0.8536826086956523,0.8528043478260869,0.8528760869565218,0.8664934782608696,0.8562304347826087,0.8523130434782609,0.8412956521739131,0.8412956521739131,0.8407695652173913,0.8467782608695652,0.8510369565217392,0.8232804347826088,0.8370369565217392,0.8421760869565218,0.8484543478260871,0.8393021739130435,0.8536130434782608,0.8606326086956523,0.8911108695652173,0.8624782608695654,0.874008695652174,0.8187565217391305,0.8258108695652174,0.8183173913043479,0.7926847826086957,0.8099326086956523,0.7998782608695653,0.8159695652173914,0.8182804347826087,0.8408760869565218,0.8584326086956522,0.8909565217391304,0.8426239130434784,0.8002108695652175,0.8499695652173914,0.7776347826086957,0.6735695652173913,0.7766826086956522,0.8110195652173914,0.8113934782608696,0.7490934782608696,0.8138760869565218
0.8595717391304348,0.8511869565217393,0.8503347826086958,0.8668369565217392,0.8499804347826088,0.8714695652173915,0.8815282608695654,0.8699956521739131,0.8648521739130436,0.8557065217391305,0.8513108695652175,0.8536826086956523,0.8500826086956522,0.8275913043478261,0.818645652173913,0.7938739130434783,0.8033,0.7335304347826087,0.7376326086956523,0.7141500000000001,0.7096782608695653,0.7324434782608696,0.7663739130434782,0.7882195652173913,0.8073304347826088,0.7965239130434784,0.8342739130434782,0.8407304347826087,0.837404347826087,0.8636108695652175,0.8326739130434784,0.8462434782608695,0.875563043478261,0.8714782608695653,0.8656369565217392,0.8581413043478261,0.8352239130434784,0.8258086956521741,0.8401608695652175,0.8190369565217392,0.7954369565217392,0.7988608695652175,0.7691456521739132,0.7098695652173914,0.6678630434782609,0.6802108695652174,0.7181304347826087,0.7171108695652174,0.7777521739130435,0.799404347826087,0.7841173913043479,0.8109500000000001,0.84235,0.855154347826087,0.8424130434782608,0.8275760869565217,0.8331260869565218,0.8536826086956523,0.845563043478261,0.8540847826086958,0.8650043478260869,0.8559782608695653,0.8534369565217392,0.8409869565217393,0.8378717391304349,0.830363043478261,0.8481282608695653,0.8521021739130435,0.8172782608695652,0.8393673913043479,0.8495152173913044,0.8516760869565219,0.8402434782608696,0.8489173913043478,0.8672695652173914,0.8897326086956522,0.8602282608695653,0.8780434782608696,0.8378782608695653,0.8265108695652174,0.8166282608695653,0.7901826086956522,0.808417391304348,0.8017065217391305,0.8151804347826088,0.8275391304347827,0.8452456521739132,0.8526565217391304,0.8867086956521741,0.8531152173913044,0.7902000000000001,0.8224521739130436,0.7598913043478261,0.7577217391304348,0.6885521739130435,0.7777717391304348,0.7839108695652175,0.761454347826087,0.8189217391304348
0.857458695652174,0.8518347826086958,0.8486782608695652,0.8507086956521739,0.8412608695652175,0.8734217391304349,0.8847652173913043,0.8618456521739132,0.8655847826086958,0.856113043478261,0.861208695652174,0.8536826086956523,0.8528043478260869,0.8301673913043479,0.8195478260869565,0.800313043478261,0.7919956521739131,0.7512869565217392,0.7216304347826087,0.7142673913043479,0.7371326086956522,0.7236021739130435,0.7499673913043479,0.7992152173913044,0.807158695652174,0.7963304347826088,0.8344934782608696,0.8466652173913044,0.8461717391304348,0.8680521739130436,0.8348978260869566,0.8570717391304349,0.8804456521739132,0.884254347826087,0.8642260869565218,0.8578065217391305,0.837954347826087,0.8294500000000001,0.8365478260869565,0.8154956521739132,0.7976847826086957,0.8013456521739131,0.7613391304347826,0.7164891304347826,0.6735913043478261,0.7015630434782609,0.7191434782608697,0.7222217391304349,0.7600739130434783,0.7870826086956522,0.777558695652174,0.8177369565217392,0.8402913043478261,0.851708695652174,0.842776086956522,0.82595,0.820858695652174,0.8468391304347826,0.8548956521739132,0.8472413043478262,0.8631065217391306,0.8562304347826087,0.8540978260869566,0.8425391304347827,0.8400608695652174,0.8334021739130435,0.8502130434782608,0.8514478260869566,0.8272326086956522,0.8317108695652174,0.8498630434782609,0.8540130434782609,0.8372,0.8559173913043479,0.8591565217391305,0.8824434782608697,0.8708369565217391,0.8614869565217392,0.8346956521739131,0.8282608695652175,0.8229760869565218,0.794991304347826,0.8077782608695653,0.7992478260869567,0.8099869565217392,0.8269000000000002,0.84535,0.8583282608695654,0.8857152173913043,0.8368956521739133,0.7915413043478262,0.8460369565217393,0.7746456521739131,0.7589260869565219,0.7734891304347826,0.8054891304347828,0.8080239130434783,0.7668456521739132,0.8199608695652174
0.8465086956521739,0.8452152173913043,0.8508065217391305,0.8628478260869566,0.8463695652173914,0.8779826086956521,0.8761847826086957,0.8673000000000001,0.8678347826086957,0.8536826086956523,0.8675304347826087,0.8520760869565218,0.8508782608695653,0.825704347826087,0.8190326086956522,0.8166739130434784,0.775004347826087,0.7182456521739131,0.733408695652174,0.689854347826087,0.7144413043478262,0.7182630434782609,0.7768913043478262,0.7862260869565219,0.8076804347826088,0.797758695652174,0.8342021739130435,0.8468826086956522,0.844667391304348,0.8658065217391305,0.8248978260869566,0.8502500000000001,0.8726173913043478,0.8684326086956523,0.8652369565217393,0.8581413043478261,0.8409652173913045,0.8278695652173913,0.8420282608695653,0.812063043478261,0.8119130434782609,0.8001326086956523,0.7550978260869565,0.720408695652174,0.6852847826086957,0.6963282608695652,0.6977434782608697,0.7097630434782609,0.7757782608695653,0.7986239130434784,0.797745652173913,0.8218021739130436,0.8432760869565218,0.8511739130434783,0.8397521739130436,0.8253956521739132,0.832654347826087,0.8551717391304349,0.8520760869565218,0.8544891304347827,0.8669978260869566,0.8563608695652175,0.8529391304347826,0.842045652173913,0.8425391304347827,0.8414608695652175,0.8391586956521739,0.8450652173913044,0.8317391304347828,0.8420108695652174,0.8562326086956523,0.8539934782608696,0.8335108695652175,0.8541739130434783,0.8663413043478262,0.8789413043478261,0.859017391304348,0.8609217391304348,0.8346695652173913,0.8310891304347827,0.8151173913043479,0.8022847826086957,0.8041434782608696,0.7973673913043479,0.8162869565217392,0.8221413043478263,0.8382652173913044,0.8442673913043479,0.8860195652173913,0.8412891304347827,0.8157717391304349,0.8429391304347826,0.7458,0.6847065217391306,0.7718608695652175,0.8161326086956523,0.6655521739130436,0.7426478260869566,0.820895652173913
0.8577391304347827,0.8522478260869566,0.8438934782608696,0.8613934782608695,0.8473369565217391,0.8769391304347827,0.8932108695652174,0.8607282608695652,0.8649521739130436,0.8548956521739132,0.8660347826086957,0.8473565217391305,0.8472413043478262,0.8238847826086958,0.8211565217391305,0.7917934782608695,0.7911760869565218,0.7335130434782609,0.718354347826087,0.7062043478260871,0.7062956521739131,0.7389608695652174,0.724421739130435,0.7756195652173914,0.8055739130434783,0.7948695652173914,0.8330065217391305,0.8468826086956522,0.8436934782608696,0.8666804347826088,0.8366304347826088,0.8467304347826088,0.8722869565217393,0.8812195652173913,0.8638304347826088,0.856808695652174,0.8396369565217392,0.8283869565217392,0.8317000000000001,0.827267391304348,0.7999673913043479,0.799617391304348,0.7605869565217391,0.7395956521739131,0.6843304347826088,0.6998565217391305,0.7046282608695653,0.7186717391304348,0.75555,0.7954565217391305,0.7837434782608697,0.8220978260869566,0.8434065217391304,0.8536826086956523,0.842776086956522,0.8224391304347827,0.8299021739130436,0.8544891304347827,0.8528760869565218,0.8457000000000001,0.86345,0.8560826086956522,0.8515913043478262,0.8425391304347827,0.8419173913043478,0.8408956521739132,0.8438586956521741,0.8484978260869567,0.8141,0.8416456521739132,0.8499347826086957,0.8456195652173913,0.8379673913043479,0.8549282608695653,0.8665326086956522,0.8791804347826088,0.8521347826086957,0.8754739130434782,0.8410434782608697,0.8306500000000001,0.813858695652174,0.795208695652174,0.810213043478261,0.7989065217391305,0.8186065217391305,0.8314347826086957,0.8368956521739132,0.8588456521739131,0.8905978260869566,0.8538500000000001,0.814004347826087,0.8344,0.7680521739130435,0.7604282608695653,0.7524217391304349,0.816554347826087,0.8121173913043479,0.7753739130434784,0.815704347826087
0.8573065217391306,0.8554347826086958,0.8445456521739131,0.8651152173913044,0.8414108695652175,0.8721021739130437,0.8825347826086958,0.8661065217391305,0.8650239130434784,0.8553000000000001,0.8671500000000001,0.8512760869565218,0.8520760869565218,0.8248021739130434,0.8084,0.8095913043478262,0.8031434782608696,0.7445782608695654,0.7436391304347827,0.6906913043478261,0.7225717391304348,0.7462565217391305,0.7674934782608697,0.7783826086956522,0.8080021739130436,0.7954456521739132,0.8341282608695653,0.8469543478260871,0.8430413043478262,0.8640695652173914,0.8310760869565217,0.8473608695652175,0.8783369565217393,0.884,0.856004347826087,0.8584782608695652,0.8389434782608697,0.8234565217391305,0.8436521739130435,0.8135217391304349,0.811854347826087,0.7927934782608695,0.7610108695652175,0.7426043478260871,0.710508695652174,0.6937021739130436,0.6926021739130436,0.7168782608695653,0.7730652173913044,0.7978673913043478,0.7973260869565217,0.8226717391304348,0.8433326086956522,0.8497413043478261,0.8403630434782609,0.8280108695652175,0.8303369565217392,0.8470956521739131,0.8500108695652174,0.8544891304347827,0.8665652173913044,0.8560500000000001,0.8469956521739131,0.8361000000000002,0.8403695652173915,0.8399152173913044,0.8505717391304348,0.8416586956521739,0.8197086956521741,0.8334565217391304,0.8529717391304349,0.845563043478261,0.8375152173913044,0.8546956521739132,0.8664086956521739,0.8904282608695652,0.8650847826086958,0.8634913043478262,0.8317326086956522,0.8199500000000001,0.8238434782608696,0.7872304347826088,0.8107695652173914,0.801567391304348,0.81275,0.8309478260869565,0.8459652173913045,0.8554608695652175,0.8850847826086957,0.8549869565217392,0.8071913043478262,0.8351326086956523,0.7610804347826088,0.7610326086956523,0.7655521739130435,0.8034108695652175,0.7953065217391305,0.7619891304347827,0.8203086956521739
0.8514739130434784,0.8419500000000002,0.8443652173913044,0.8619478260869566,0.8487282608695654,0.876867391304348,0.8836652173913043,0.8685021739130435,0.8616369565217392,0.8557065217391305,0.8647847826086957,0.8531326086956522,0.8532782608695654,0.8135065217391305,0.8179630434782609,0.8052260869565218,0.7939021739130436,0.7407173913043479,0.7358478260869565,0.7108456521739132,0.6877913043478261,0.7136586956521739,0.7712695652173913,0.796408695652174,0.8092739130434783,0.7939347826086957,0.807654347826087,0.8471717391304348,0.8455217391304349,0.869395652173913,0.8337326086956521,0.8485347826086959,0.8860130434782609,0.8760130434782609,0.8601847826086958,0.8581282608695654,0.839917391304348,0.8231978260869567,0.8434717391304348,0.8071434782608696,0.8168956521739131,0.78835,0.7619891304347827,0.7339891304347826,0.6828673913043478,0.687604347826087,0.7127608695652174,0.7230891304347827,0.7678999999999999,0.7957956521739131,0.7999804347826087,0.8205630434782609,0.8368913043478261,0.8548956521739132,0.842776086956522,0.8271391304347827,0.8332978260869566,0.8548956521739132,0.8532782608695654,0.8557065217391305,0.8655717391304348,0.8562304347826087,0.8522673913043479,0.8339282608695654,0.8412956521739131,0.832104347826087,0.8482152173913045,0.8513260869565218,0.826258695652174,0.8400391304347826,0.8493695652173914,0.852404347826087,0.8366347826086956,0.8552347826086957,0.8608304347826088,0.881167391304348,0.8523021739130435,0.8626760869565218,0.8362369565217392,0.8216326086956522,0.815113043478261,0.7897782608695653,0.8012043478260871,0.7958217391304349,0.8139086956521739,0.8253956521739131,0.8418934782608697,0.8169673913043478,0.8935760869565218,0.8518217391304348,0.8128869565217391,0.8461217391304349,0.764854347826087,0.6850869565217391,0.7678847826086956,0.7886847826086958,0.7972934782608697,0.7579608695652175,0.7775978260869566
0.8503108695652175,0.8380913043478262,0.8322434782608695,0.8689239130434783,0.8450804347826089,0.8793,0.8841000000000001,0.866017391304348,0.8661152173913044,0.856113043478261,0.8629326086956524,0.8544891304347827,0.8515304347826088,0.8277782608695653,0.8019108695652175,0.7882934782608696,0.7869217391304348,0.7356456521739131,0.7522804347826088,0.7234565217391306,0.7058021739130436,0.7383347826086957,0.7682804347826088,0.7635826086956522,0.8015913043478262,0.787708695652174,0.8344934782608696,0.8472434782608695,0.844513043478261,0.8604913043478262,0.8308978260869566,0.8389347826086958,0.880517391304348,0.8723478260869567,0.8583239130434783,0.8510304347826088,0.8377717391304348,0.8291826086956522,0.8289630434782609,0.8236913043478261,0.8064,0.787408695652174,0.7801521739130436,0.7267521739130435,0.657004347826087,0.6921195652173914,0.7152695652173913,0.7343782608695653,0.7518891304347827,0.7975152173913044,0.7863608695652174,0.8199978260869565,0.843054347826087,0.8544173913043479,0.8434782608695652,0.8265478260869565,0.8327847826086957,0.8524760869565218,0.8536108695652174,0.8536826086956523,0.8645826086956522,0.8561717391304349,0.8531130434782609,0.8422282608695653,0.8388326086956522,0.8407695652173913,0.8517195652173913,0.8513021739130435,0.8296369565217392,0.8410521739130434,0.833658695652174,0.847904347826087,0.8369673913043479,0.8552347826086957,0.8600913043478262,0.8840478260869566,0.8563739130434783,0.8742108695652174,0.8360391304347827,0.8175913043478261,0.8230695652173914,0.7995956521739132,0.8053739130434783,0.8010782608695654,0.8083760869565217,0.8261413043478262,0.8431326086956523,0.8564891304347827,0.891658695652174,0.854145652173913,0.8009152173913043,0.8306913043478261,0.7637413043478262,0.7618934782608696,0.8089739130434783,0.8097217391304348,0.7843108695652175,0.7797695652173913,0.8061065217391306
0.8554065217391306,0.8553065217391305,0.8440391304347826,0.8533565217391305,0.8483413043478262,0.8799347826086957,0.8823413043478262,0.8612304347826089,0.8629782608695653,0.8553000000000001,0.8642913043478262,0.8527304347826087,0.8444369565217392,0.820695652173913,0.8151260869565218,0.7912478260869565,0.7853913043478261,0.7295347826086956,0.7179434782608696,0.7192260869565218,0.7116108695652175,0.7488847826086957,0.7781369565217392,0.7905000000000001,0.809463043478261,0.7971739130434783,0.8331608695652174,0.8470260869565218,0.8427652173913044,0.8696499999999999,0.8302239130434783,0.8545108695652174,0.8758173913043479,0.8611260869565217,0.8577108695652175,0.8561065217391305,0.8389434782608697,0.8299760869565218,0.8303260869565219,0.7858478260869566,0.8119326086956522,0.7864391304347826,0.7505869565217392,0.7339586956521741,0.671458695652174,0.7005282608695653,0.7234369565217392,0.7376217391304348,0.7764869565217392,0.7966978260869566,0.7962934782608696,0.8203260869565219,0.8434065217391304,0.8544173913043479,0.8370369565217392,0.8252869565217391,0.8281000000000001,0.8536826086956523,0.8540847826086958,0.8528760869565218,0.8665652173913044,0.8555282608695652,0.853454347826087,0.8425391304347827,0.8406782608695652,0.8396804347826088,0.840113043478261,0.8503826086956523,0.8219195652173914,0.8370282608695653,0.8499347826086957,0.8417195652173913,0.8395913043478261,0.8549913043478261,0.8671500000000001,0.8804173913043479,0.8427565217391305,0.8535521739130436,0.8323826086956523,0.8153021739130436,0.8181652173913044,0.7932695652173913,0.7979173913043479,0.7965326086956522,0.8129847826086957,0.8208673913043479,0.8335978260869567,0.8599065217391305,0.8880478260869566,0.8489413043478262,0.7620065217391305,0.8492847826086958,0.7732108695652175,0.6783282608695652,0.7662369565217391,0.8075456521739132,0.8121782608695652,0.7548282608695652,0.822304347826087
0.8594065217391305,0.8365695652173915,0.8375369565217392,0.8687282608695653,0.839563043478261,0.8779826086956521,0.875417391304348,0.8628695652173913,0.8589065217391305,0.8548239130434783,0.8671978260869566,0.8471695652173914,0.8538673913043479,0.8297260869565217,0.8095500000000001,0.7992608695652175,0.8044717391304348,0.7412652173913044,0.7315195652173913,0.6986586956521739,0.7073065217391306,0.7195304347826088,0.758104347826087,0.7996434782608697,0.8050000000000002,0.797704347826087,0.8279217391304349,0.8474065217391304,0.8326130434782609,0.869304347826087,0.8291434782608698,0.842304347826087,0.8724065217391305,0.8861739130434783,0.8628913043478261,0.8584782608695652,0.832858695652174,0.8303434782608696,0.8342173913043478,0.8281717391304348,0.8186478260869565,0.7918499999999999,0.7453239130434783,0.7437217391304348,0.688308695652174,0.6869760869565218,0.693758695652174,0.7203673913043479,0.7381391304347826,0.7924347826086957,0.784258695652174,0.8172521739130435,0.8425,0.845254347826087,0.8429065217391305,0.8266021739130435,0.8321391304347827,0.8531521739130435,0.8531326086956522,0.8528760869565218,0.8674326086956523,0.8561804347826089,0.8537478260869567,0.8414239130434783,0.8363304347826088,0.8282173913043479,0.8432869565217391,0.8520869565217392,0.8282021739130435,0.8389000000000001,0.8453347826086957,0.8475739130434783,0.838908695652174,0.8543847826086957,0.8686413043478262,0.8758304347826087,0.862608695652174,0.8613021739130435,0.8261217391304349,0.8250108695652174,0.8162326086956522,0.797567391304348,0.8111369565217392,0.7957326086956522,0.8191173913043479,0.830104347826087,0.8409478260869566,0.857363043478261,0.8851543478260869,0.8502239130434783,0.8081913043478262,0.8560282608695653,0.7718304347826087,0.6846847826086957,0.7702043478260869,0.8011434782608697,0.7970891304347828,0.7756065217391305,0.8250934782608695
