Time 0,Time 10,Time 20,Time 30,Time 40,Time 50,Time 60,Time 70,Time 80,Time 90,Time 100,Time 110,Time 120,Time 130,Time 140,Time 150,Time 160,Time 170,Time 180,Time 190,Time 200,Time 210,Time 220,Time 230,Time 240,Time 250,Time 260,Time 270,Time 280,Time 290,Time 300,Time 310,Time 320,Time 330,Time 340,Time 350,Time 360,Time 370,Time 380,Time 390,Time 400,Time 410,Time 420,Time 430,Time 440,Time 450,Time 460,Time 470,Time 480,Time 490,Time 500,Time 510,Time 520,Time 530,Time 540,Time 550,Time 560,Time 570,Time 580,Time 590,Time 600,Time 610,Time 620,Time 630,Time 640,Time 650,Time 660,Time 670,Time 680,Time 690,Time 700,Time 710,Time 720,Time 730,Time 740,Time 750,Time 760,Time 770,Time 780,Time 790,Time 800,Time 810,Time 820,Time 830,Time 840,Time 850,Time 860,Time 870,Time 880,Time 890,Time 900,Time 910,Time 920,Time 930,Time 940,Time 950,Time 960,Time 970,Time 980
0.8434065217391304,0.8796869565217391,0.8432608695652175,0.8173195652173914,0.8519304347826087,0.8312869565217392,0.8434065217391304,0.8277065217391305,0.8907369565217391,0.8878000000000003,0.8754673913043478,0.8925913043478262,0.851858695652174,0.8300000000000001,0.8054956521739132,0.7801152173913044,0.7661543478260869,0.7110456521739131,0.7316695652173915,0.6849521739130435,0.7149913043478262,0.703054347826087,0.7340478260869566,0.7612173913043478,0.815804347826087,0.8085108695652174,0.8373521739130435,0.8338347826086957,0.8469391304347827,0.8172456521739131,0.8126456521739132,0.8315413043478261,0.8260152173913043,0.8481673913043479,0.8755369565217392,0.875763043478261,0.857754347826087,0.8281304347826088,0.8579478260869565,0.8098847826086957,0.827854347826087,0.7830804347826088,0.7341391304347826,0.7274717391304348,0.7003782608695652,0.6928565217391305,0.7037760869565218,0.7232739130434784,0.7385282608695652,0.7387195652173913,0.7631021739130436,0.8218304347826089,0.841845652173913,0.8798739130434783,0.8607239130434783,0.8431891304347826,0.8327000000000001,0.8710739130434784,0.8611717391304348,0.8680586956521741,0.8942391304347828,0.9148826086956524,0.8831717391304349,0.8863478260869567,0.8416065217391304,0.846563043478261,0.8425260869565219,0.8476804347826088,0.8081195652173913,0.8574304347826088,0.8180934782608696,0.8294913043478261,0.8601021739130437,0.9110304347826087,0.8749456521739131,0.9104847826086957,0.8419173913043478,0.7918565217391306,0.8274239130434783,0.8383826086956523,0.814404347826087,0.8039826086956522,0.8151804347826088,0.8390760869565218,0.8386652173913044,0.8131695652173914,0.8689956521739132,0.8472826086956522,0.8924760869565218,0.8323608695652175,0.8192956521739132,0.8320521739130435,0.6900978260869566,0.7788413043478262,0.7728565217391304,0.8122565217391305,0.7996695652173914,0.7539260869565219,0.8313695652173914
0.842704347826087,0.8725173913043479,0.8433326086956522,0.8172456521739131,0.8466934782608696,0.8346847826086957,0.8434065217391304,0.8299130434782609,0.8827239130434783,0.8956521739130435,0.8849521739130436,0.8820413043478261,0.8415978260869565,0.8296347826086957,0.8086304347826088,0.7895804347826088,0.770258695652174,0.7332391304347826,0.7302195652173913,0.7092652173913044,0.7278326086956521,0.7066108695652175,0.7233413043478262,0.734858695652174,0.8422891304347827,0.8096195652173914,0.8088826086956522,0.8363586956521739,0.8500760869565218,0.8169717391304349,0.8078282608695653,0.827654347826087,0.8260152173913043,0.8628456521739132,0.8834913043478261,0.8711195652173912,0.8608695652173913,0.8368739130434782,0.8551173913043478,0.8116782608695653,0.8305717391304348,0.7869217391304348,0.7078434782608696,0.7318391304347827,0.6805260869565218,0.7089239130434783,0.6652978260869565,0.7079369565217392,0.7248130434782608,0.7279434782608696,0.7486673913043479,0.818104347826087,0.84225,0.878713043478261,0.8607239130434783,0.8434065217391304,0.8307826086956522,0.871808695652174,0.8619739130434784,0.8683500000000001,0.89495,0.9070869565217392,0.8904956521739131,0.8935195652173914,0.8400195652173914,0.8462043478260871,0.84145,0.8469782608695652,0.8176413043478261,0.8493673913043479,0.8176608695652174,0.8233391304347827,0.8591434782608697,0.91835,0.8859521739130436,0.9118543478260871,0.8416065217391304,0.7975652173913044,0.8200565217391306,0.8352456521739131,0.8139717391304349,0.7978847826086957,0.8190347826086957,0.8352673913043479,0.8115521739130435,0.8655195652173914,0.8513413043478262,0.8553000000000001,0.8847239130434783,0.8359152173913044,0.7827608695652174,0.8290826086956522,0.8119456521739131,0.7887260869565218,0.7910934782608696,0.6898304347826086,0.7822217391304348,0.7465565217391306,0.8306065217391304
0.8433326086956522,0.8800065217391304,0.8159391304347827,0.8171739130434783,0.8506608695652175,0.8343521739130436,0.8434065217391304,0.8304478260869566,0.9036456521739131,0.8956521739130435,0.8849521739130436,0.8920978260869566,0.8536108695652174,0.8300000000000001,0.812,0.7894326086956522,0.7887760869565219,0.740563043478261,0.7183239130434783,0.6930978260869566,0.7120586956521741,0.7086652173913044,0.7312847826086957,0.7443239130434783,0.8400152173913044,0.8371195652173913,0.824554347826087,0.8309239130434783,0.8426782608695653,0.8171021739130435,0.8062521739130435,0.8243608695652175,0.8258695652173913,0.8602608695652175,0.8854717391304349,0.8782608695652174,0.8605804347826088,0.8328804347826088,0.8394847826086957,0.8126956521739132,0.8402195652173914,0.7767934782608695,0.7130347826086957,0.7319304347826088,0.6952456521739131,0.6809065217391305,0.7277,0.7244304347826087,0.7312826086956522,0.7118869565217392,0.7524195652173913,0.8234413043478261,0.8409869565217393,0.873008695652174,0.8539956521739132,0.8434065217391304,0.8314760869565219,0.8710739130434784,0.8603717391304349,0.866213043478261,0.8956521739130435,0.9131760869565219,0.8739673913043479,0.8935195652173914,0.8351652173913043,0.8453695652173914,0.8364934782608697,0.8469782608695652,0.8146021739130435,0.8500978260869566,0.817095652173913,0.8299260869565218,0.8563173913043478,0.9145978260869567,0.8829630434782609,0.9098043478260871,0.8399826086956523,0.8255891304347827,0.8141456521739131,0.8349500000000001,0.8089434782608697,0.8039739130434783,0.8144956521739131,0.8127847826086957,0.8107195652173913,0.8578608695652175,0.8637565217391305,0.8544891304347827,0.8778565217391305,0.8262173913043479,0.814313043478261,0.8126869565217392,0.786858695652174,0.776654347826087,0.7868413043478261,0.8071021739130436,0.8013195652173913,0.7478869565217392,0.8343956521739131
0.8434782608695652,0.8780543478260869,0.8165695652173913,0.8172456521739131,0.8467673913043479,0.8343521739130436,0.8434782608695652,0.829604347826087,0.8995413043478263,0.8881565217391305,0.8839565217391305,0.8868717391304348,0.8504804347826087,0.8300000000000001,0.8037456521739131,0.7906695652173914,0.7801413043478261,0.7115478260869564,0.7338391304347827,0.6869934782608696,0.6828521739130435,0.7010804347826087,0.7239326086956522,0.7117195652173913,0.7828326086956522,0.8173413043478261,0.8259695652173913,0.8360260869565218,0.8480021739130436,0.8171739130434783,0.8079434782608697,0.8308913043478261,0.8260869565217391,0.868508695652174,0.8791043478260869,0.8775586956521739,0.8608695652173913,0.837995652173913,0.8556413043478261,0.816854347826087,0.8013434782608697,0.7891521739130435,0.7184456521739131,0.7144826086956523,0.6821739130434783,0.7050869565217392,0.6943913043478261,0.6967565217391304,0.7359630434782609,0.7486978260869566,0.7540456521739131,0.8193173913043479,0.836341304347826,0.8809108695652174,0.8605065217391306,0.8428434782608696,0.8301695652173914,0.8697956521739131,0.8611,0.8648826086956523,0.8885108695652173,0.9118543478260871,0.8711891304347826,0.8892108695652174,0.8354760869565218,0.8461260869565218,0.8323891304347827,0.8209891304347827,0.8158739130434783,0.8639282608695652,0.8186695652173914,0.8294913043478261,0.8644652173913044,0.9131652173913043,0.8859521739130436,0.9148826086956524,0.8425391304347827,0.798004347826087,0.8239956521739131,0.8310978260869566,0.823404347826087,0.7977195652173913,0.8058347826086958,0.8299652173913044,0.8106717391304349,0.8575695652173914,0.8622260869565218,0.8537217391304349,0.8809326086956523,0.8305239130434783,0.8026260869565217,0.8311652173913044,0.8241956521739131,0.7832913043478261,0.7775782608695653,0.8194369565217391,0.8112565217391304,0.7545695652173914,0.8303978260869566
0.8362652173913044,0.8780478260869565,0.8431891304347826,0.8171739130434783,0.8431739130434783,0.8369500000000001,0.8434782608695652,0.8301065217391306,0.8922086956521741,0.8776326086956523,0.8834586956521739,0.8913565217391306,0.8523304347826087,0.8299260869565218,0.8040586956521739,0.7792717391304348,0.7458565217391305,0.7268195652173914,0.6955347826086957,0.7000673913043479,0.7088413043478262,0.7064978260869565,0.7106673913043479,0.7440804347826088,0.8273934782608695,0.7893804347826088,0.8314043478260871,0.8023195652173913,0.8484652173913044,0.8173195652173914,0.8099108695652174,0.8271934782608696,0.8258695652173913,0.8671434782608696,0.8868847826086957,0.8782608695652174,0.8607978260869565,0.8356804347826087,0.8476282608695653,0.810713043478261,0.8333369565217392,0.7750217391304349,0.7350108695652174,0.7198021739130436,0.7108739130434784,0.7116978260869566,0.7240500000000001,0.7272282608695653,0.7242608695652174,0.7466021739130436,0.7339195652173914,0.820408695652174,0.8412239130434783,0.8789434782608697,0.8600956521739131,0.8426304347826088,0.8331260869565218,0.8678000000000001,0.8627804347826087,0.8679434782608696,0.8956521739130435,0.914204347826087,0.8911260869565217,0.8920478260869565,0.8406782608695652,0.8417369565217393,0.8450891304347827,0.8476804347826088,0.815758695652174,0.8568326086956521,0.8191891304347827,0.8300695652173914,0.863458695652174,0.9064760869565218,0.884454347826087,0.917608695652174,0.8416065217391304,0.825604347826087,0.8230195652173914,0.8045826086956522,0.8211826086956522,0.8009565217391306,0.8144956521739131,0.8434347826086958,0.8168413043478262,0.817104347826087,0.8696499999999999,0.8525913043478262,0.8870608695652173,0.8399804347826088,0.7987478260869566,0.8271282608695653,0.778208695652174,0.7641869565217392,0.7960391304347827,0.8145239130434783,0.8187434782608697,0.7459347826086957,0.8217000000000001
0.842704347826087,0.8783239130434785,0.8368195652173914,0.8172456521739131,0.8442195652173914,0.8316456521739131,0.8434065217391304,0.8318217391304349,0.8964239130434782,0.89495,0.8832521739130437,0.8857869565217392,0.8528043478260869,0.8031608695652175,0.8061021739130436,0.7899456521739131,0.7616239130434783,0.7425369565217392,0.7307391304347827,0.6957434782608697,0.6976847826086956,0.731363043478261,0.6924130434782609,0.7461630434782609,0.8490934782608696,0.8288304347826088,0.8375304347826088,0.8370608695652175,0.8440869565217392,0.8172456521739131,0.8129521739130435,0.8311956521739131,0.8259413043478261,0.8615673913043479,0.8855434782608697,0.8718195652173913,0.8537282608695653,0.8325826086956523,0.8481652173913043,0.8208500000000001,0.8269630434782609,0.7863413043478261,0.7349782608695653,0.7233369565217392,0.6795000000000001,0.716063043478261,0.6939021739130435,0.7125065217391305,0.7548934782608696,0.745954347826087,0.7357217391304348,0.8176652173913044,0.8323891304347827,0.8790130434782608,0.8605195652173914,0.8434065217391304,0.8269956521739131,0.8702673913043479,0.8615717391304348,0.8658478260869565,0.8956521739130435,0.9175913043478261,0.8824152173913045,0.8912956521739132,0.8397521739130436,0.8363391304347827,0.837654347826087,0.847608695652174,0.8091347826086956,0.8612173913043478,0.8182108695652175,0.8234108695652175,0.8557652173913044,0.9117326086956523,0.8839565217391305,0.9118543478260871,0.8419173913043478,0.8243739130434783,0.8239956521739131,0.8313760869565218,0.8196565217391304,0.801795652173913,0.8139195652173914,0.8316826086956522,0.803658695652174,0.8322217391304348,0.86845,0.8517804347826088,0.8885434782608697,0.8366,0.7973760869565218,0.8085782608695652,0.7935565217391305,0.7896978260869566,0.7972195652173913,0.8190913043478262,0.8012326086956523,0.7373826086956522,0.8300065217391305
0.8429804347826088,0.8797608695652175,0.8431891304347826,0.8171739130434783,0.8523304347826087,0.8345826086956523,0.8434065217391304,0.8320478260869566,0.8906652173913044,0.89495,0.8833869565217392,0.891408695652174,0.8472934782608696,0.8300000000000001,0.8126347826086957,0.7932239130434784,0.7783934782608697,0.708163043478261,0.7172978260869566,0.7143543478260871,0.7039847826086958,0.7115043478260871,0.7081173913043479,0.7462304347826089,0.8181760869565218,0.7898847826086957,0.835654347826087,0.836508695652174,0.8458934782608696,0.8171739130434783,0.8153630434782609,0.8179195652173914,0.8258695652173913,0.8682195652173913,0.8834195652173913,0.8675521739130435,0.8600956521739131,0.8335739130434783,0.8566195652173914,0.8204195652173913,0.8078478260869566,0.7787826086956522,0.7299760869565218,0.7074282608695653,0.6708021739130434,0.7055108695652175,0.7159021739130434,0.7116956521739131,0.7450630434782609,0.7378652173913044,0.7207369565217392,0.8158978260869566,0.8352760869565218,0.8805021739130434,0.860213043478261,0.8436673913043479,0.8322673913043479,0.8692673913043478,0.8555347826086958,0.8654021739130436,0.8948195652173915,0.909913043478261,0.8904500000000001,0.8859782608695652,0.8386804347826087,0.842404347826087,0.83545,0.8476673913043479,0.8016608695652174,0.8625304347826087,0.8174760869565219,0.8300152173913043,0.8639826086956524,0.9134956521739133,0.8867152173913043,0.910913043478261,0.8427456521739132,0.8257978260869566,0.8195739130434783,0.8310891304347827,0.8184413043478261,0.7919195652173914,0.8134130434782609,0.7999717391304348,0.8372326086956522,0.836767391304348,0.8687217391304348,0.8549369565217392,0.8921,0.8323847826086958,0.8050173913043479,0.8201369565217391,0.7734478260869565,0.769858695652174,0.7419956521739131,0.7989152173913044,0.8120673913043478,0.7366913043478261,0.8305086956521739
0.8431152173913045,0.8704260869565218,0.8431152173913045,0.8173195652173914,0.8520043478260869,0.8342195652173914,0.8434782608695652,0.8298891304347826,0.9001869565217392,0.89495,0.8766673913043478,0.8779956521739131,0.850408695652174,0.7795934782608696,0.7975913043478261,0.7873456521739131,0.7540847826086957,0.7158956521739132,0.7246978260869567,0.7054478260869566,0.7340326086956522,0.7118652173913045,0.7249130434782609,0.7221652173913043,0.8459956521739131,0.8367217391304349,0.83105,0.8347565217391305,0.8414434782608697,0.8173913043478261,0.813054347826087,0.824854347826087,0.8228260869565218,0.8600434782608696,0.8861086956521741,0.8768478260869567,0.8608695652173913,0.8386630434782609,0.8521804347826087,0.8139326086956522,0.8275478260869565,0.7831673913043479,0.7446695652173914,0.7085065217391304,0.6882369565217392,0.6946021739130436,0.7248152173913044,0.7131217391304349,0.756208695652174,0.7327586956521739,0.7506717391304348,0.8149239130434783,0.8430934782608696,0.8749478260869568,0.8608695652173913,0.8433326086956522,0.8277891304347826,0.8705978260869565,0.8619739130434784,0.86355,0.8942391304347828,0.9148826086956524,0.883313043478261,0.8844760869565219,0.833313043478261,0.8466043478260871,0.8429130434782609,0.8406847826086956,0.8170260869565218,0.8569000000000001,0.8197695652173913,0.8299260869565218,0.8625304347826087,0.9145978260869567,0.8854521739130435,0.9084434782608697,0.8406000000000001,0.8257260869565217,0.82135,0.8306630434782608,0.8219326086956523,0.8046065217391305,0.8169717391304349,0.8412282608695653,0.8367521739130436,0.8560956521739131,0.8622260869565218,0.8541260869565218,0.892154347826087,0.8364152173913043,0.7992978260869565,0.8135673913043479,0.8198065217391305,0.7891152173913044,0.7755782608695653,0.8128456521739131,0.8218369565217392,0.7314456521739131,0.8274695652173913
0.8422086956521739,0.8765304347826088,0.8434065217391304,0.8172456521739131,0.8537934782608696,0.8386065217391305,0.8434782608695652,0.8294869565217392,0.8810717391304348,0.89495,0.88475,0.8891391304347827,0.8520043478260869,0.8291347826086958,0.8102369565217392,0.7898369565217392,0.7773130434782609,0.70115,0.6949913043478261,0.7130195652173914,0.7129630434782609,0.7241282608695653,0.7246891304347827,0.7446717391304348,0.7942521739130435,0.823217391304348,0.8374326086956523,0.8290108695652174,0.8503869565217392,0.8173913043478261,0.8119195652173913,0.8140108695652175,0.8260152173913043,0.861454347826087,0.8716217391304348,0.8779108695652174,0.8605195652173914,0.8405413043478261,0.8367934782608696,0.8144782608695653,0.8334695652173915,0.7781391304347827,0.740454347826087,0.7391978260869566,0.6949869565217393,0.7017347826086956,0.6903826086956522,0.7122391304347827,0.7296934782608696,0.7406782608695652,0.7402326086956523,0.8196565217391305,0.8430195652173913,0.880413043478261,0.8594565217391305,0.8433326086956522,0.8325956521739132,0.8698673913043479,0.8615717391304348,0.8670195652173914,0.89495,0.9172586956521739,0.8833086956521741,0.8905347826086958,0.8409869565217393,0.8456260869565217,0.8424217391304348,0.8476804347826088,0.8109413043478262,0.8630565217391305,0.8161739130434784,0.8299260869565218,0.8596369565217391,0.9064760869565218,0.8790108695652175,0.9098043478260871,0.8415326086956523,0.8243413043478262,0.8302347826086958,0.8370891304347827,0.8193108695652175,0.8061826086956523,0.8164173913043479,0.8366760869565218,0.8384673913043479,0.8652282608695654,0.8701956521739131,0.8480500000000002,0.8866391304347827,0.8339500000000001,0.7929978260869566,0.8192304347826088,0.8140891304347827,0.7865369565217393,0.7925891304347826,0.8129521739130435,0.7949695652173914,0.7615478260869566,0.8273869565217392
0.8245391304347828,0.87365,0.8432608695652175,0.8173913043478261,0.8520760869565218,0.8289260869565218,0.8402913043478261,0.8257065217391305,0.9007434782608696,0.89495,0.8780130434782608,0.8942391304347828,0.8453456521739131,0.8271021739130435,0.8034282608695653,0.7834130434782609,0.7906695652173914,0.7261847826086958,0.74675,0.6801804347826087,0.736508695652174,0.7124260869565219,0.7131717391304349,0.7328891304347827,0.8214608695652175,0.8080804347826088,0.8320260869565218,0.8356956521739131,0.8465804347826088,0.8171739130434783,0.8123347826086957,0.8309478260869565,0.8259413043478261,0.8638913043478261,0.8798152173913044,0.8782608695652174,0.8607978260869565,0.8276260869565218,0.8517826086956523,0.8174391304347827,0.8212500000000001,0.7852869565217392,0.7351826086956522,0.7112891304347827,0.6682521739130436,0.7184652173913044,0.7008717391304348,0.7045500000000001,0.7580282608695653,0.7439978260869566,0.7587065217391306,0.8139565217391306,0.8417000000000001,0.8809521739130434,0.8607239130434783,0.8433326086956522,0.8300695652173914,0.8710021739130436,0.8535304347826087,0.8649891304347826,0.89495,0.9118260869565218,0.8814347826086957,0.8752130434782609,0.8400608695652174,0.8427391304347827,0.8349152173913044,0.8476804347826088,0.8186173913043479,0.8354391304347827,0.8203739130434783,0.8299260869565218,0.8635717391304348,0.9129586956521739,0.8859521739130436,0.915563043478261,0.8425391304347827,0.8254434782608696,0.8220673913043479,0.8108978260869566,0.8210152173913045,0.8038934782608697,0.8141500000000002,0.8361260869565218,0.811604347826087,0.8350021739130435,0.8705239130434783,0.8532782608695654,0.8901760869565217,0.829413043478261,0.802021739130435,0.8343739130434783,0.8179108695652174,0.7532369565217392,0.8017565217391306,0.8144413043478261,0.8054978260869565,0.7290673913043478,0.8323434782608696
0.8433326086956522,0.8696782608695652,0.8434782608695652,0.8173195652173914,0.8536826086956523,0.8367391304347828,0.8434782608695652,0.827804347826087,0.9014847826086956,0.8942391304347828,0.8770195652173914,0.8942391304347828,0.8444369565217392,0.8033804347826088,0.803758695652174,0.7873891304347828,0.7576043478260871,0.73545,0.7394739130434783,0.7004304347826088,0.7053673913043479,0.7301739130434783,0.6850413043478261,0.7560217391304348,0.8479021739130435,0.8373521739130435,0.8381173913043479,0.8330434782608696,0.8496217391304349,0.8173195652173914,0.811008695652174,0.8159978260869566,0.8258695652173913,0.8453608695652174,0.8861826086956522,0.8775586956521739,0.8608695652173913,0.8360804347826089,0.8548565217391305,0.8143347826086957,0.8340369565217391,0.7800608695652175,0.7423021739130435,0.7180630434782609,0.7069304347826088,0.6850804347826087,0.7173956521739131,0.7189347826086957,0.7519804347826088,0.7322239130434783,0.745321739130435,0.8224608695652174,0.8421565217391305,0.8741195652173914,0.8537282608695653,0.8434782608695652,0.8315739130434783,0.8714760869565217,0.8631130434782609,0.866195652173913,0.8956521739130435,0.915563043478261,0.8896608695652174,0.8856065217391305,0.8403695652173915,0.8415695652173913,0.8385152173913044,0.8444217391304348,0.8153304347826087,0.834404347826087,0.817095652173913,0.8297086956521739,0.8541391304347826,0.9149499999999999,0.8849521739130436,0.9189804347826088,0.8428521739130435,0.8253,0.8210586956521739,0.8364695652173914,0.8089434782608697,0.8026239130434784,0.8067782608695653,0.8353500000000001,0.8382695652173914,0.8645217391304348,0.862154347826087,0.8533195652173914,0.8783043478260871,0.8349304347826088,0.8032586956521739,0.820267391304348,0.7920869565217392,0.7859586956521739,0.7521021739130436,0.7959195652173913,0.7968326086956522,0.7393217391304349,0.8164217391304348
0.842908695652174,0.8783239130434785,0.8364021739130436,0.8171739130434783,0.8522586956521739,0.8330630434782609,0.8433326086956522,0.8301369565217391,0.90185,0.8892108695652174,0.884454347826087,0.8816673913043479,0.8426543478260871,0.8294434782608696,0.8116782608695653,0.7792021739130436,0.7707521739130436,0.7166652173913044,0.7264869565217392,0.7029108695652174,0.6967760869565217,0.7231652173913043,0.726704347826087,0.7536869565217392,0.8142891304347827,0.8365043478260871,0.8110913043478262,0.8363869565217392,0.8448782608695654,0.8173195652173914,0.8129521739130435,0.7940239130434783,0.8259413043478261,0.8680804347826088,0.8781652173913044,0.8711195652173912,0.8544282608695652,0.8347065217391304,0.8494760869565218,0.8168021739130435,0.8324652173913044,0.7836695652173914,0.7299239130434784,0.7185478260869566,0.6822630434782609,0.7102934782608696,0.6820304347826087,0.7317826086956523,0.7551282608695652,0.734508695652174,0.7252239130434783,0.8156478260869565,0.8357173913043479,0.8726260869565218,0.8606521739130436,0.8434065217391304,0.831213043478261,0.8718804347826088,0.8606260869565218,0.8657630434782609,0.8878000000000003,0.9118543478260871,0.8763326086956522,0.8803891304347826,0.8412956521739131,0.8454217391304348,0.8298282608695653,0.847608695652174,0.8158500000000001,0.8309282608695653,0.8207326086956521,0.8294173913043479,0.857017391304348,0.9196065217391306,0.8859521739130436,0.9089739130434784,0.8388021739130435,0.8254021739130436,0.8308108695652174,0.80525,0.8214565217391304,0.8002152173913044,0.8095282608695654,0.840508695652174,0.8105478260869566,0.8264478260869565,0.8673391304347827,0.8521130434782609,0.8856434782608695,0.8298869565217392,0.7995934782608696,0.8105608695652174,0.8143021739130435,0.7763760869565218,0.765108695652174,0.8134826086956523,0.7782021739130435,0.7545282608695654,0.8345891304347827
0.8429804347826088,0.8717478260869566,0.8434782608695652,0.8171739130434783,0.8540130434782609,0.8367478260869566,0.8434065217391304,0.8294782608695652,0.8971347826086958,0.8885108695652173,0.8849521739130436,0.8793043478260871,0.8447630434782609,0.8300000000000001,0.8116021739130435,0.781104347826087,0.7543717391304349,0.7336978260869566,0.7319608695652174,0.738663043478261,0.7071326086956523,0.7096369565217392,0.719854347826087,0.7401760869565218,0.8201065217391306,0.8083239130434784,0.8052282608695652,0.8381695652173913,0.8493934782608696,0.8171739130434783,0.8103391304347827,0.8225717391304348,0.8260152173913043,0.8620695652173913,0.8791043478260869,0.875145652173913,0.8574652173913044,0.8385347826086957,0.8463413043478263,0.8124913043478261,0.817204347826087,0.7737282608695653,0.7285869565217391,0.7186434782608697,0.7076717391304348,0.7139369565217392,0.7055173913043479,0.7142239130434783,0.7363934782608696,0.7497173913043479,0.72735,0.813717391304348,0.8427804347826087,0.8805760869565218,0.8608695652173913,0.8167847826086957,0.8314847826086957,0.8653695652173914,0.8567456521739131,0.8645956521739132,0.8956521739130435,0.917608695652174,0.8831608695652176,0.893154347826087,0.8403695652173915,0.8441304347826087,0.8420173913043479,0.8476804347826088,0.815758695652174,0.8364478260869567,0.8127195652173913,0.8294913043478261,0.8658913043478262,0.8965891304347826,0.884454347826087,0.9169260869565218,0.8419173913043478,0.7970565217391304,0.8160217391304349,0.8336826086956522,0.8182586956521739,0.806354347826087,0.808163043478261,0.8242934782608696,0.7846869565217393,0.857754347826087,0.8600956521739131,0.8541260869565218,0.8793260869565218,0.8376652173913044,0.7964717391304348,0.8115239130434784,0.8258804347826089,0.7854630434782609,0.762054347826087,0.8134217391304348,0.8003565217391304,0.7596782608695652,0.8128217391304348
0.8422804347826087,0.8775695652173915,0.8427521739130436,0.8173195652173914,0.8528043478260869,0.836708695652174,0.8434782608695652,0.826008695652174,0.9014847826086956,0.8956521739130435,0.8849521739130436,0.8923478260869566,0.8511304347826087,0.8302891304347827,0.8140782608695654,0.7881,0.7441260869565218,0.7288065217391305,0.7088217391304349,0.7029891304347826,0.7166543478260871,0.7219826086956521,0.7240391304347827,0.7304130434782609,0.8219108695652174,0.82425,0.8377478260869565,0.838491304347826,0.8493826086956523,0.8173195652173914,0.8131565217391306,0.826263043478261,0.8258695652173913,0.8662608695652174,0.8796695652173914,0.8782608695652174,0.8544282608695652,0.8399282608695653,0.85115,0.8184152173913044,0.8149956521739131,0.7835195652173914,0.7381608695652174,0.719858695652174,0.6640543478260871,0.7026391304347828,0.68225,0.7018260869565217,0.7401608695652175,0.7485304347826088,0.7564913043478262,0.8192282608695654,0.8422282608695653,0.8805043478260871,0.854008695652174,0.8434782608695652,0.8330413043478262,0.8706695652173913,0.8619739130434784,0.8611,0.89495,0.9148826086956524,0.8825608695652174,0.8807391304347827,0.8391391304347826,0.8379217391304348,0.835936956521739,0.8405869565217392,0.8158652173913044,0.8297869565217393,0.8181739130434783,0.8293456521739131,0.8620760869565218,0.9135282608695653,0.8854521739130435,0.9131282608695654,0.8328456521739132,0.8254021739130436,0.8268456521739131,0.8113978260869565,0.822263043478261,0.8050478260869566,0.8116782608695653,0.8366760869565218,0.8320043478260869,0.8357304347826088,0.8683782608695654,0.8545326086956523,0.8830978260869567,0.835013043478261,0.7731152173913044,0.8293304347826087,0.8027521739130435,0.7863,0.779104347826087,0.8134739130434783,0.8034500000000001,0.7465478260869566,0.8273521739130435
0.842776086956522,0.8709826086956522,0.8433326086956522,0.8173195652173914,0.851458695652174,0.8369608695652174,0.8434065217391304,0.8317369565217392,0.9029347826086955,0.89495,0.8839565217391305,0.8840934782608697,0.852404347826087,0.8300717391304349,0.8080065217391305,0.7905869565217392,0.778708695652174,0.7410956521739132,0.7298782608695653,0.719854347826087,0.7179065217391305,0.7146000000000001,0.7074195652173914,0.7447652173913044,0.8381760869565217,0.8246826086956522,0.8241826086956523,0.8367434782608697,0.8468282608695653,0.8171739130434783,0.8134630434782609,0.8257934782608697,0.8250956521739131,0.8669956521739131,0.8861826086956522,0.875145652173913,0.8508630434782609,0.8317369565217392,0.8527239130434784,0.811063043478261,0.8307826086956522,0.7887869565217392,0.7217239130434784,0.7164282608695653,0.676458695652174,0.6967760869565217,0.7097347826086957,0.7255652173913044,0.7461521739130436,0.7348978260869566,0.7081586956521739,0.8189173913043479,0.8411500000000001,0.86855,0.8416521739130435,0.8433326086956522,0.8307804347826088,0.8717347826086959,0.8570782608695653,0.8650760869565218,0.8956521739130435,0.918295652173913,0.8893934782608697,0.8942391304347828,0.8342369565217391,0.845408695652174,0.8427847826086957,0.8469782608695652,0.8072326086956522,0.8501021739130435,0.8082326086956523,0.826013043478261,0.8262065217391305,0.9203260869565216,0.8854521739130435,0.918295652173913,0.8422282608695653,0.82525,0.8287891304347826,0.8384673913043479,0.8246847826086957,0.801517391304348,0.8139195652173914,0.8429956521739131,0.8230326086956523,0.8298934782608696,0.8630260869565218,0.8395500000000001,0.8843717391304349,0.8429043478260869,0.8044565217391305,0.8275826086956523,0.7981434782608696,0.7548521739130435,0.7475413043478262,0.8145521739130436,0.8040804347826087,0.7298304347826087,0.8213108695652175
0.8363369565217392,0.8696782608695652,0.8433326086956522,0.8173195652173914,0.8456347826086957,0.8326869565217392,0.8434782608695652,0.8325869565217392,0.8883652173913044,0.89495,0.8854521739130435,0.8792456521739132,0.8527304347826087,0.8300000000000001,0.804141304347826,0.789854347826087,0.7469260869565217,0.6963565217391305,0.7254826086956523,0.7277652173913044,0.7185217391304348,0.7126695652173913,0.7248413043478261,0.7371695652173913,0.8149913043478262,0.8090978260869566,0.8373130434782609,0.8325804347826088,0.8440608695652174,0.8171739130434783,0.8135652173913044,0.8319065217391305,0.8259413043478261,0.8609913043478262,0.8729608695652175,0.8711195652173912,0.8607239130434783,0.8296956521739132,0.8524565217391306,0.8194391304347827,0.8212760869565218,0.7771152173913044,0.7308630434782609,0.7224391304347827,0.6990347826086957,0.6988739130434783,0.7206413043478261,0.7274000000000002,0.7450934782608697,0.7284347826086958,0.7470130434782609,0.8241173913043479,0.8430195652173913,0.8736608695652175,0.8599978260869565,0.8434065217391304,0.8299913043478262,0.8714760869565217,0.8566739130434784,0.8666152173913045,0.8885108695652173,0.9148826086956524,0.8899152173913044,0.8920478260869565,0.8409869565217393,0.8424260869565219,0.8402456521739131,0.8470282608695653,0.8158652173913044,0.8634456521739131,0.8217978260869565,0.8292739130434783,0.8593413043478262,0.9196065217391306,0.8864543478260871,0.9084434782608697,0.8422282608695653,0.8252956521739131,0.8261065217391305,0.8256173913043479,0.8233239130434783,0.8021652173913044,0.8139195652173914,0.842854347826087,0.7978413043478262,0.8661347826086957,0.864158695652174,0.8472826086956522,0.891658695652174,0.833904347826087,0.8035195652173914,0.8341847826086958,0.8190000000000002,0.7856760869565218,0.7720152173913043,0.8169739130434783,0.8069826086956522,0.751354347826087,0.8333478260869566
0.842704347826087,0.8694326086956522,0.81635,0.8171021739130435,0.8540847826086958,0.8353847826086956,0.8433326086956522,0.8300500000000001,0.8989934782608696,0.8956521739130435,0.8785130434782609,0.8744260869565218,0.8517869565217392,0.7968652173913044,0.8125695652173914,0.7923543478260869,0.7811847826086956,0.7441695652173914,0.7305152173913043,0.7095043478260871,0.7145543478260871,0.7245934782608695,0.6961217391304348,0.7588,0.82245,0.8363652173913044,0.8388108695652174,0.833913043478261,0.8444043478260871,0.8172456521739131,0.8141695652173914,0.8315413043478261,0.8258695652173913,0.8552195652173913,0.8782369565217392,0.8782608695652174,0.8607978260869565,0.8311978260869566,0.8461326086956523,0.8145934782608697,0.8338413043478261,0.7744152173913045,0.7501369565217392,0.7290652173913044,0.6953239130434782,0.7070152173913045,0.7066652173913044,0.7157826086956522,0.7529847826086957,0.7364239130434783,0.7436891304347827,0.8216521739130436,0.8428521739130435,0.8815760869565218,0.8569804347826088,0.8434065217391304,0.8297173913043479,0.8714760869565217,0.8615717391304348,0.8659782608695652,0.8956521739130435,0.9162434782608696,0.8882108695652174,0.8852326086956522,0.8385282608695653,0.8484739130434783,0.841013043478261,0.8473913043478261,0.8187913043478262,0.8628173913043479,0.822845652173913,0.8285478260869565,0.8630065217391305,0.9064760869565218,0.8785130434782609,0.918295652173913,0.8419173913043478,0.8190021739130435,0.8267304347826087,0.8378934782608696,0.8176152173913044,0.8024586956521739,0.8171913043478262,0.8422434782608696,0.8310586956521739,0.8379978260869566,0.8694673913043478,0.8541673913043479,0.8862108695652176,0.8408456521739132,0.8028152173913043,0.7940021739130436,0.8078391304347826,0.7870739130434783,0.760604347826087,0.8135608695652174,0.8023065217391305,0.7482739130434782,0.8254608695652175
0.842908695652174,0.864654347826087,0.8401456521739131,0.8173913043478261,0.851858695652174,0.8316152173913044,0.8434782608695652,0.8297891304347826,0.9015239130434783,0.8956521739130435,0.8854521739130435,0.8802434782608697,0.8511304347826087,0.8265934782608696,0.8074891304347828,0.7756391304347827,0.7979760869565218,0.6946434782608696,0.7314239130434783,0.7135782608695652,0.7026152173913044,0.7260369565217392,0.6957391304347826,0.7264565217391306,0.8217347826086957,0.809108695652174,0.7971239130434783,0.8221717391304348,0.8424869565217392,0.8170282608695653,0.8136652173913044,0.82935,0.8257978260869566,0.8685,0.8794869565217394,0.8775586956521739,0.8544282608695652,0.8335239130434784,0.8490478260869566,0.8163934782608696,0.8045521739130436,0.7811434782608696,0.7167413043478262,0.713308695652174,0.6740695652173914,0.701,0.6879760869565218,0.7161108695652174,0.7558195652173914,0.7275652173913044,0.7457,0.8235521739130435,0.8419173913043478,0.8776195652173914,0.8603608695652175,0.8433326086956522,0.8255673913043479,0.8714760869565217,0.8631847826086957,0.8638739130434783,0.89495,0.9098043478260871,0.8819760869565217,0.8867152173913045,0.8387891304347828,0.8455891304347827,0.8408565217391305,0.8211326086956523,0.8143217391304348,0.8589826086956522,0.8189152173913044,0.8294173913043479,0.8609282608695654,0.9042847826086958,0.8859521739130436,0.9023934782608695,0.8409869565217393,0.7979173913043479,0.8307326086956522,0.8101369565217392,0.8140000000000001,0.8039826086956522,0.7874586956521739,0.835508695652174,0.8321217391304347,0.8628565217391305,0.86845,0.8548956521739132,0.8941478260869566,0.8395826086956523,0.793763043478261,0.812108695652174,0.8219934782608697,0.7834065217391305,0.7694043478260869,0.8192304347826088,0.802758695652174,0.7407369565217393,0.8277521739130436
0.8433326086956522,0.8655956521739131,0.8432608695652175,0.8173195652173914,0.8515304347826088,0.8350043478260871,0.8434782608695652,0.8278173913043478,0.90185,0.8953021739130435,0.8764913043478262,0.8870782608695653,0.8534652173913043,0.8301456521739131,0.8040130434782609,0.78805,0.7762500000000001,0.7351478260869566,0.7361478260869566,0.709054347826087,0.693708695652174,0.7246347826086957,0.7522782608695653,0.7453347826086957,0.8483847826086957,0.8298521739130434,0.8386152173913044,0.835913043478261,0.8407347826086957,0.8172456521739131,0.8086804347826088,0.8312173913043479,0.8260152173913043,0.8614956521739131,0.8793152173913045,0.8782608695652174,0.8543565217391305,0.8304326086956522,0.8280826086956523,0.8160913043478262,0.8350391304347827,0.7758217391304348,0.7194391304347827,0.7387434782608697,0.6988282608695653,0.7028130434782609,0.7161782608695653,0.7259717391304349,0.7289717391304349,0.7408152173913044,0.7463891304347827,0.804163043478261,0.8420826086956522,0.8774978260869567,0.8569804347826088,0.8434782608695652,0.8316521739130436,0.8710739130434784,0.8623782608695653,0.8664065217391306,0.89495,0.9165739130434783,0.8899152173913044,0.881054347826087,0.8409869565217393,0.8452369565217392,0.8408217391304348,0.847608695652174,0.8154869565217392,0.8563108695652174,0.8195260869565218,0.8289826086956522,0.8635413043478262,0.9138869565217391,0.8839565217391305,0.9118543478260871,0.8274456521739132,0.7982978260869565,0.8283369565217391,0.8255456521739131,0.8113195652173915,0.8038021739130435,0.8164173913043479,0.8455260869565219,0.837304347826087,0.8494108695652175,0.8524782608695654,0.8548956521739132,0.8913065217391305,0.8349608695652174,0.7947673913043478,0.8192260869565218,0.8248347826086957,0.7739934782608696,0.7729282608695653,0.8092434782608697,0.8174326086956523,0.7332239130434783,0.8235000000000001
0.8434065217391304,0.8804978260869567,0.8434065217391304,0.8171739130434783,0.8528043478260869,0.8365000000000001,0.8434782608695652,0.8264478260869565,0.8935521739130435,0.8956521739130435,0.8744478260869567,0.8919021739130436,0.851058695652174,0.8300000000000001,0.8114956521739131,0.7809673913043479,0.753058695652174,0.7146934782608696,0.718708695652174,0.7169478260869565,0.7069,0.7084326086956523,0.731008695652174,0.7549152173913045,0.8227586956521741,0.8097847826086958,0.8054108695652175,0.8334782608695653,0.8435217391304349,0.8173195652173914,0.8146695652173913,0.8260282608695654,0.8259413043478261,0.861208695652174,0.8858999999999999,0.8782608695652174,0.8535826086956523,0.8334173913043479,0.8523543478260871,0.8174521739130435,0.8126500000000001,0.7861978260869565,0.7166413043478261,0.7443826086956522,0.684745652173913,0.6911913043478262,0.7038978260869566,0.7282326086956522,0.7442717391304348,0.7204869565217391,0.7383326086956522,0.8184173913043479,0.8424673913043479,0.8729565217391305,0.8608695652173913,0.8431891304347826,0.8325108695652175,0.8694673913043478,0.8619739130434784,0.8691608695652175,0.8956521739130435,0.9118260869565218,0.8867282608695652,0.8732760869565219,0.8400608695652174,0.8436543478260871,0.8414434782608696,0.8473913043478261,0.816058695652174,0.8564565217391304,0.8204934782608696,0.8295630434782609,0.8652369565217393,0.9124347826086958,0.884454347826087,0.9128521739130437,0.8415326086956523,0.8257260869565217,0.8294608695652175,0.807904347826087,0.8183173913043479,0.8014021739130435,0.816508695652174,0.8424804347826088,0.8374652173913044,0.8640608695652175,0.8698673913043479,0.8472826086956522,0.8898956521739131,0.8251739130434783,0.7941304347826088,0.818354347826087,0.8054369565217391,0.7772152173913044,0.7701326086956521,0.7844173913043478,0.7747456521739131,0.7412326086956523,0.8278652173913045
0.8272956521739131,0.8711282608695652,0.8368913043478262,0.8171739130434783,0.845563043478261,0.8281304347826088,0.8434782608695652,0.8285108695652175,0.9014847826086956,0.8956521739130435,0.8851000000000001,0.8929543478260871,0.8528760869565218,0.8300000000000001,0.8114304347826088,0.7896717391304348,0.7764717391304348,0.7519739130434784,0.7395739130434783,0.7078304347826088,0.7161826086956522,0.7304847826086958,0.6981608695652174,0.7309413043478261,0.8428369565217392,0.837808695652174,0.8321021739130435,0.8328260869565218,0.846104347826087,0.8173195652173914,0.8133608695652175,0.8262608695652174,0.8260152173913043,0.8578239130434784,0.8822826086956523,0.8775586956521739,0.8608695652173913,0.8344608695652175,0.8521173913043479,0.8178347826086957,0.8023,0.778108695652174,0.7209065217391305,0.71455,0.7125413043478261,0.7123826086956522,0.7026565217391305,0.7286,0.7484391304347827,0.7404739130434783,0.7468608695652174,0.816954347826087,0.8417000000000001,0.8790152173913044,0.8601673913043479,0.8434065217391304,0.8300804347826087,0.8706695652173913,0.8604043478260871,0.8597565217391305,0.8956521739130435,0.9094521739130434,0.8899695652173912,0.8816673913043479,0.8412956521739131,0.8457521739130436,0.8352239130434784,0.847754347826087,0.8137652173913044,0.8497543478260869,0.8210891304347826,0.8294173913043479,0.8651282608695653,0.9217391304347827,0.8775152173913042,0.914204347826087,0.8421913043478262,0.8276108695652175,0.8102804347826088,0.8363760869565218,0.8215173913043479,0.8028065217391305,0.7957891304347826,0.8194152173913044,0.8377152173913044,0.812708695652174,0.8650826086956522,0.8532782608695654,0.8941478260869566,0.8273739130434784,0.7980000000000002,0.8213347826086957,0.7949282608695653,0.7787173913043479,0.7511652173913044,0.8046891304347827,0.8085347826086957,0.7453108695652174,0.8268217391304348
0.8282152173913044,0.8819739130434784,0.8429695652173913,0.8166173913043479,0.8419173913043478,0.8353847826086956,0.8434782608695652,0.8311217391304347,0.888295652173913,0.8945956521739131,0.8760282608695652,0.8816673913043479,0.8484891304347827,0.829854347826087,0.8123043478260871,0.7887521739130435,0.7832826086956522,0.7473173913043479,0.7128152173913044,0.6626195652173913,0.7197021739130435,0.7164391304347828,0.7386934782608696,0.7339630434782609,0.8228673913043479,0.7851717391304348,0.8384673913043479,0.8337347826086957,0.8494652173913044,0.8173195652173914,0.8148695652173914,0.8322913043478262,0.8257978260869566,0.8527804347826088,0.8768782608695653,0.8782608695652174,0.8607978260869565,0.8342195652173913,0.8546739130434784,0.8139956521739131,0.8324717391304348,0.7856152173913045,0.7125434782608697,0.7361108695652174,0.6837152173913044,0.6890913043478261,0.7093543478260871,0.7443782608695653,0.7491239130434784,0.7579391304347826,0.7556978260869566,0.8204956521739131,0.8419173913043478,0.8809826086956521,0.8604347826086958,0.8434782608695652,0.833213043478261,0.8714760869565217,0.8599717391304349,0.8645956521739132,0.89495,0.9162434782608696,0.8820282608695653,0.8755282608695653,0.8391391304347826,0.8492152173913045,0.8339456521739131,0.8204065217391305,0.8130434782608696,0.8571152173913045,0.8207326086956521,0.8299978260869566,0.8645760869565219,0.9196065217391306,0.8864543478260871,0.917608695652174,0.8419173913043478,0.812404347826087,0.8146891304347826,0.8074652173913044,0.8191,0.8052239130434783,0.8121608695652175,0.8234195652173913,0.8263804347826088,0.8233108695652175,0.8687782608695653,0.8557065217391305,0.8789478260869567,0.8397108695652175,0.8081847826086956,0.8253934782608696,0.8185,0.7853673913043479,0.7650065217391304,0.8123521739130435,0.7995217391304348,0.7541065217391305,0.8269391304347826
0.8426304347826088,0.8799347826086957,0.8424130434782608,0.8172456521739131,0.8516043478260871,0.834104347826087,0.8434782608695652,0.8314152173913044,0.9029347826086955,0.89495,0.8829630434782609,0.8927891304347828,0.8520760869565218,0.829867391304348,0.8064500000000001,0.7830478260869566,0.7672956521739132,0.716808695652174,0.7377108695652174,0.7143173913043479,0.6968804347826087,0.7331021739130436,0.7306891304347827,0.7662956521739132,0.8142326086956523,0.8370717391304349,0.8270782608695653,0.8360478260869565,0.8471804347826087,0.8171739130434783,0.8148695652173914,0.8280869565217391,0.8259413043478261,0.8680065217391305,0.8796695652173914,0.8753978260869567,0.8608695652173913,0.823658695652174,0.8521304347826089,0.8162913043478262,0.8336065217391306,0.7846869565217393,0.735613043478261,0.7186108695652174,0.6760065217391306,0.7039782608695652,0.7158739130434784,0.7233021739130435,0.7556,0.7389869565217392,0.7587239130434783,0.8142239130434783,0.8416065217391304,0.8802260869565217,0.8605065217391306,0.8432608695652175,0.8321826086956523,0.871808695652174,0.8615,0.8648326086956523,0.8892108695652174,0.9155413043478261,0.8890956521739131,0.8897608695652175,0.8412956521739131,0.8403,0.843867391304348,0.8478260869565218,0.8121521739130435,0.8322391304347827,0.7872500000000001,0.8298521739130434,0.8599826086956522,0.9145978260869567,0.8854521739130435,0.9128521739130437,0.8422282608695653,0.7924369565217392,0.821213043478261,0.8305130434782609,0.82135,0.8022565217391305,0.809763043478261,0.8330826086956523,0.8355652173913045,0.7263500000000002,0.8564347826086958,0.8532782608695654,0.8936478260869566,0.8335630434782609,0.7997065217391306,0.7967695652173914,0.8252804347826087,0.7597130434782609,0.7459326086956521,0.7996152173913045,0.7731347826086957,0.7464195652173914,0.8289630434782609
0.8426304347826088,0.8720304347826089,0.8434782608695652,0.8173913043478261,0.845163043478261,0.837954347826087,0.8434065217391304,0.8317065217391305,0.8983847826086956,0.8956521739130435,0.8834586956521739,0.8736543478260871,0.8471695652173914,0.8300000000000001,0.8014478260869565,0.7836826086956522,0.7675891304347827,0.74385,0.7365260869565218,0.7091695652173913,0.7242000000000001,0.7188130434782609,0.6942869565217391,0.6996956521739132,0.7895934782608697,0.809308695652174,0.8375695652173913,0.8026978260869565,0.8454043478260871,0.8173195652173914,0.8135652173913044,0.8253195652173915,0.8259413043478261,0.8647608695652175,0.8779478260869567,0.8782608695652174,0.8608695652173913,0.8376956521739132,0.8580456521739132,0.8127847826086957,0.8175282608695653,0.7742913043478262,0.7032543478260871,0.7201913043478261,0.6855739130434784,0.6973347826086957,0.69815,0.7315804347826087,0.781508695652174,0.7590978260869566,0.7252195652173914,0.8101391304347826,0.8421565217391305,0.8813717391304349,0.8607239130434783,0.8363369565217392,0.8289847826086958,0.869395652173913,0.8631847826086957,0.8674565217391306,0.8956521739130435,0.9057391304347826,0.888354347826087,0.89495,0.8403695652173915,0.8459456521739132,0.8423260869565218,0.847608695652174,0.8170086956521739,0.8548521739130436,0.8184217391304348,0.8294173913043479,0.8653478260869566,0.9055195652173914,0.884454347826087,0.914204347826087,0.8345456521739132,0.8257391304347826,0.8236847826086957,0.8103978260869565,0.8166391304347828,0.7988695652173914,0.8182826086956523,0.8385456521739131,0.8083847826086957,0.8219260869565218,0.8616826086956523,0.8521847826086957,0.8894652173913045,0.8320456521739132,0.8061239130434783,0.8276847826086957,0.8074565217391305,0.7728913043478262,0.7775217391304349,0.8082565217391304,0.8021804347826088,0.7449152173913044,0.8209434782608697
0.842704347826087,0.8649065217391305,0.8434065217391304,0.8173195652173914,0.8520760869565218,0.8375021739130436,0.8432608695652175,0.8293978260869566,0.9014130434782609,0.89495,0.8839565217391305,0.8781978260869566,0.8485608695652175,0.814904347826087,0.7995847826086957,0.7850282608695653,0.7945391304347826,0.7470434782608696,0.7484847826086958,0.7173717391304347,0.7159369565217392,0.7126673913043479,0.6925521739130436,0.7501,0.8000717391304347,0.8173673913043479,0.8083369565217392,0.8369608695652174,0.8472956521739132,0.8172456521739131,0.8073869565217392,0.8304326086956522,0.8259413043478261,0.8546586956521739,0.8716217391304348,0.8782608695652174,0.8608695652173913,0.8373391304347827,0.8128565217391305,0.8194978260869566,0.8159478260869566,0.7819826086956523,0.7415282608695654,0.7242521739130435,0.6499760869565218,0.7131543478260869,0.7017543478260869,0.7184869565217392,0.7553608695652174,0.7482282608695652,0.7511847826086957,0.8177152173913045,0.8417000000000001,0.8726891304347826,0.8607239130434783,0.8433326086956522,0.824958695652174,0.8698673913043479,0.8619021739130436,0.8643913043478261,0.8956521739130435,0.9169260869565218,0.8911826086956521,0.8867152173913045,0.8397521739130436,0.8435239130434783,0.8425260869565219,0.8478260869565218,0.8171152173913044,0.8640000000000001,0.8209717391304348,0.8297086956521739,0.8595043478260871,0.9068326086956522,0.8849521739130436,0.914204347826087,0.8422282608695653,0.8252260869565218,0.8278826086956522,0.7908434782608696,0.8086891304347826,0.8015304347826088,0.8068956521739131,0.8390869565217391,0.8376282608695652,0.8487347826086956,0.8561804347826089,0.8525152173913044,0.8900304347826087,0.8380652173913045,0.8025239130434783,0.82545,0.819113043478261,0.7677869565217391,0.7842391304347827,0.8076304347826087,0.7901826086956523,0.7461565217391305,0.8276413043478261
0.842908695652174,0.8784695652173914,0.842558695652174,0.8173195652173914,0.8446891304347827,0.8257152173913044,0.8434782608695652,0.8277565217391305,0.9009695652173915,0.8956521739130435,0.8824673913043479,0.8930826086956523,0.8506608695652175,0.8299260869565218,0.8034804347826088,0.7896978260869566,0.7312021739130435,0.7148804347826088,0.7258826086956522,0.705704347826087,0.72215,0.6989282608695653,0.73055,0.7554847826086957,0.8236826086956521,0.835213043478261,0.8377500000000001,0.8301782608695653,0.8458565217391305,0.8171021739130435,0.8147347826086957,0.8261000000000001,0.8260869565217391,0.8529282608695653,0.8868108695652176,0.8782608695652174,0.8608695652173913,0.8399456521739133,0.8555804347826088,0.8153065217391305,0.8228608695652174,0.773495652173913,0.7358152173913045,0.7028934782608696,0.7016913043478261,0.6950282608695653,0.7141434782608695,0.72,0.7483347826086958,0.7239608695652174,0.7380369565217392,0.8239956521739131,0.8405326086956523,0.880358695652174,0.8605195652173914,0.8434782608695652,0.8302478260869566,0.8714760869565217,0.8595739130434783,0.8669021739130436,0.89495,0.9135282608695653,0.8864934782608697,0.8920478260869565,0.8422282608695653,0.8491391304347826,0.8411630434782609,0.8470282608695653,0.8198282608695653,0.8493673913043479,0.8219152173913044,0.8300695652173914,0.8620130434782609,0.9023260869565219,0.8849521739130436,0.9088891304347826,0.8431652173913045,0.8250782608695651,0.8177391304347826,0.8377500000000001,0.8209804347826087,0.8057478260869565,0.8135695652173914,0.8362978260869566,0.8383391304347827,0.8325956521739131,0.8674108695652174,0.8553000000000001,0.8893326086956522,0.8386565217391304,0.7956130434782609,0.803208695652174,0.7844521739130436,0.7835065217391304,0.7498760869565217,0.807104347826087,0.7746565217391305,0.741013043478261,0.8304391304347827
0.8434065217391304,0.8779826086956521,0.8431152173913045,0.8173195652173914,0.8523304347826087,0.8360152173913045,0.8434782608695652,0.8311152173913043,0.8921369565217393,0.89495,0.8836043478260869,0.8850978260869566,0.8454891304347827,0.7899347826086958,0.7948456521739131,0.7862195652173913,0.7461782608695653,0.7315608695652175,0.7179108695652174,0.7202456521739131,0.7271804347826087,0.7279869565217392,0.7296413043478261,0.741054347826087,0.8421347826086958,0.8094413043478261,0.8355326086956522,0.8347565217391305,0.8478826086956524,0.8170282608695653,0.815854347826087,0.8307565217391305,0.8258695652173913,0.8608456521739131,0.8869565217391305,0.8775586956521739,0.8608695652173913,0.8315152173913044,0.8489913043478261,0.8198913043478261,0.8330913043478262,0.7877326086956522,0.7285608695652174,0.7216826086956523,0.6754195652173914,0.7132608695652174,0.7134130434782608,0.7234760869565218,0.7768565217391304,0.747613043478261,0.7411760869565217,0.8238130434782609,0.8361000000000002,0.8801000000000001,0.8607978260869565,0.8432608695652175,0.8253934782608696,0.8710739130434784,0.8615,0.8681152173913045,0.8945956521739131,0.9112108695652176,0.8877934782608696,0.8823086956521741,0.8306717391304348,0.845054347826087,0.84175,0.8462673913043479,0.8160326086956523,0.846313043478261,0.8170717391304348,0.8297804347826087,0.8652369565217393,0.9133152173913044,0.8849521739130436,0.9169260869565218,0.8428521739130435,0.7980478260869566,0.82935,0.8320043478260869,0.8187847826086957,0.8045173913043479,0.8114369565217392,0.8316652173913044,0.8285,0.8306304347826088,0.8625543478260871,0.8553000000000001,0.8935760869565218,0.8314869565217392,0.7885804347826088,0.836704347826087,0.7974804347826087,0.7624652173913045,0.8047195652173914,0.8018847826086958,0.8130239130434783,0.7628195652173912,0.8252869565217391
0.843054347826087,0.8801760869565217,0.8431152173913045,0.8173195652173914,0.8517130434782609,0.8358195652173914,0.8434065217391304,0.8296195652173914,0.9035739130434783,0.89495,0.8824673913043479,0.8893695652173914,0.8516043478260871,0.8297804347826088,0.8142804347826087,0.7852652173913044,0.7871717391304348,0.7067956521739132,0.7265956521739131,0.7064173913043479,0.7069673913043478,0.7170739130434783,0.7220282608695652,0.7475434782608696,0.8215826086956523,0.8353978260869567,0.838795652173913,0.8335782608695653,0.8505282608695653,0.8171739130434783,0.8083869565217392,0.8207521739130434,0.8260869565217391,0.8516652173913043,0.8861826086956522,0.8782608695652174,0.8608695652173913,0.834713043478261,0.8567565217391305,0.8065239130434784,0.8335282608695652,0.779208695652174,0.7341565217391304,0.7236760869565219,0.6837500000000001,0.6903760869565218,0.7193826086956522,0.7349978260869565,0.7285152173913043,0.7261239130434783,0.7548521739130435,0.8195978260869566,0.8422282608695653,0.8796978260869565,0.8608695652173913,0.8434782608695652,0.832008695652174,0.8694673913043478,0.8599717391304349,0.8624195652173914,0.8956521739130435,0.9128239130434784,0.8906804347826087,0.8942391304347828,0.8400608695652174,0.8476282608695653,0.8414347826086959,0.8478260869565218,0.815954347826087,0.8558130434782609,0.8151260869565218,0.8292739130434783,0.8651282608695653,0.911313043478261,0.8829630434782609,0.9091217391304349,0.8406000000000001,0.8253608695652175,0.8299043478260871,0.8377500000000001,0.8152413043478262,0.8026239130434784,0.8167500000000001,0.8329891304347826,0.8341239130434783,0.8014369565217392,0.8618282608695653,0.8548956521739132,0.8896130434782608,0.8415260869565218,0.8059478260869567,0.822745652173913,0.8312869565217392,0.7794956521739131,0.7790239130434784,0.8139130434782609,0.7830173913043479,0.7367565217391304,0.8299369565217392
0.8431282608695654,0.8779826086956521,0.8432608695652175,0.8173195652173914,0.8492152173913045,0.8299847826086957,0.8434782608695652,0.8303978260869566,0.8998195652173914,0.8925369565217391,0.8817652173913044,0.8870065217391305,0.8506608695652175,0.8302891304347827,0.805358695652174,0.7847978260869566,0.739508695652174,0.7211760869565217,0.722004347826087,0.666663043478261,0.6966260869565218,0.7156760869565219,0.6972282608695654,0.7583478260869566,0.8487456521739132,0.8302804347826088,0.8385804347826088,0.8314108695652175,0.8490195652173914,0.8173195652173914,0.8086260869565218,0.8305652173913044,0.8260869565217391,0.8602608695652175,0.8795978260869566,0.8711195652173912,0.8608695652173913,0.8321804347826087,0.853421739130435,0.814758695652174,0.8405760869565218,0.7729543478260871,0.7322434782608696,0.7339847826086958,0.6855369565217392,0.708945652173913,0.7088239130434782,0.7191673913043479,0.7370782608695652,0.7331021739130436,0.7498043478260871,0.8206304347826088,0.8412956521739131,0.8797695652173912,0.8508630434782609,0.8433326086956522,0.8332978260869566,0.8722869565217393,0.8623782608695653,0.8655217391304348,0.8942391304347828,0.9094521739130434,0.8894456521739131,0.8831478260869565,0.8416065217391304,0.8468760869565218,0.8440847826086957,0.847608695652174,0.8130152173913043,0.8223260869565219,0.8187978260869566,0.822904347826087,0.8617456521739132,0.9138869565217391,0.8859521739130436,0.9132282608695653,0.8431652173913045,0.8248760869565218,0.82845,0.8097934782608697,0.8197217391304348,0.8046956521739131,0.8197782608695652,0.8355239130434784,0.8366630434782609,0.8643195652173914,0.8578847826086957,0.8541260869565218,0.8888413043478263,0.8377369565217392,0.7994565217391305,0.8275826086956523,0.8244652173913044,0.7862521739130436,0.7576,0.796758695652174,0.8118413043478261,0.7097652173913044,0.8239565217391305
0.8355543478260871,0.8710565217391304,0.8434065217391304,0.8173195652173914,0.851204347826087,0.8362826086956522,0.8434782608695652,0.8307934782608696,0.9027891304347826,0.89495,0.8849521739130436,0.8919760869565218,0.8474282608695652,0.8302173913043479,0.8101456521739131,0.7817978260869566,0.7847326086956523,0.7259152173913044,0.7345347826086958,0.70865,0.7211195652173913,0.715854347826087,0.728308695652174,0.7558239130434784,0.849213043478261,0.8356130434782609,0.8191956521739131,0.8242347826086958,0.8487021739130436,0.8173195652173914,0.8111130434782609,0.8182804347826087,0.8259413043478261,0.8611369565217392,0.8858999999999999,0.877204347826087,0.8607978260869565,0.8379608695652175,0.8408086956521741,0.7966282608695653,0.8410108695652175,0.7792717391304348,0.726004347826087,0.7227586956521741,0.6730239130434783,0.6859630434782609,0.7261000000000001,0.6941826086956522,0.7700521739130436,0.7393847826086957,0.7317826086956523,0.8222478260869566,0.841845652173913,0.8782108695652174,0.8600717391304348,0.8434065217391304,0.8312217391304348,0.8706695652173913,0.8611717391304348,0.858071739130435,0.8956521739130435,0.9135282608695653,0.8894630434782609,0.886113043478261,0.8422282608695653,0.8403826086956522,0.8361478260869566,0.847113043478261,0.817204347826087,0.8556260869565219,0.8209717391304348,0.8298521739130434,0.8654565217391306,0.9135282608695653,0.8839565217391305,0.9023934782608695,0.8428521739130435,0.8264956521739131,0.8143021739130435,0.8045152173913044,0.8239673913043478,0.8046065217391305,0.8058347826086958,0.8385934782608696,0.8377500000000001,0.8301586956521739,0.8581913043478262,0.8498804347826087,0.888708695652174,0.8420391304347827,0.7965000000000001,0.829836956521739,0.8145934782608697,0.7867021739130435,0.7794434782608697,0.8057913043478262,0.7862478260869566,0.7426043478260871,0.8300434782608697
0.8426304347826088,0.8716152173913044,0.8433326086956522,0.8173913043478261,0.852658695652174,0.8335978260869567,0.8434065217391304,0.8296130434782609,0.8879282608695652,0.8956521739130435,0.8753239130434783,0.886295652173913,0.8520043478260869,0.8302173913043479,0.8082717391304348,0.7858217391304347,0.7543673913043478,0.709804347826087,0.7568282608695652,0.7118239130434783,0.7176739130434783,0.7126652173913044,0.7446478260869565,0.7373434782608695,0.7932108695652175,0.8358630434782609,0.8351304347826087,0.8307456521739132,0.849154347826087,0.8172456521739131,0.8058934782608697,0.7962195652173913,0.8260152173913043,0.8682913043478261,0.8796695652173914,0.8637086956521739,0.8608695652173913,0.8373282608695654,0.8558586956521741,0.7801478260869567,0.8123413043478261,0.7616152173913043,0.7260739130434783,0.7241108695652174,0.6761282608695652,0.6981739130434783,0.7159239130434784,0.7126478260869565,0.7670282608695653,0.7428739130434783,0.7502369565217392,0.817204347826087,0.841845652173913,0.8798021739130435,0.8543565217391305,0.8431891304347826,0.8294565217391305,0.8722869565217393,0.8627804347826087,0.8674739130434783,0.8942391304347828,0.9162434782608696,0.8863869565217392,0.8920478260869565,0.8412565217391306,0.8452956521739131,0.8381391304347826,0.8438630434782609,0.8136500000000001,0.8640652173913044,0.8181739130434783,0.8302173913043479,0.8603391304347827,0.9203260869565216,0.8854521739130435,0.9189804347826088,0.8416065217391304,0.8246369565217392,0.8264978260869567,0.8379913043478261,0.8023347826086957,0.8007782608695653,0.7845739130434783,0.8162000000000001,0.8375673913043479,0.8367608695652174,0.871258695652174,0.8548956521739132,0.8925804347826086,0.8396913043478261,0.8163543478260871,0.8319608695652174,0.7945521739130436,0.7640608695652175,0.7874152173913045,0.8022260869565219,0.8108934782608695,0.7550934782608696,0.8280304347826087
0.8365413043478261,0.8799347826086957,0.8431891304347826,0.8172456521739131,0.8544891304347827,0.8360478260869565,0.8369652173913044,0.8303978260869566,0.8887260869565218,0.8956521739130435,0.8849521739130436,0.8934478260869565,0.8515304347826088,0.8302891304347827,0.8099782608695654,0.7874413043478261,0.7726326086956522,0.7182108695652175,0.7250978260869565,0.7291369565217392,0.7070608695652175,0.7254260869565218,0.7281608695652175,0.7300891304347827,0.7841956521739131,0.8019086956521739,0.8044934782608696,0.8330565217391306,0.847417391304348,0.8165434782608696,0.8113978260869565,0.8241239130434783,0.8259413043478261,0.8610652173913045,0.8868847826086957,0.8718195652173913,0.8608695652173913,0.8387869565217392,0.8580913043478262,0.8130978260869566,0.8210717391304349,0.7888456521739131,0.7188195652173913,0.7155369565217392,0.6695152173913044,0.688595652173913,0.708758695652174,0.7373630434782609,0.7316652173913044,0.7327913043478262,0.7474173913043479,0.8127760869565217,0.8417717391304348,0.8768391304347827,0.8566978260869565,0.8430565217391305,0.8317195652173913,0.8702673913043479,0.8639956521739132,0.8650760869565218,0.8956521739130435,0.9169260869565218,0.8824391304347826,0.8922282608695654,0.8422282608695653,0.8452282608695653,0.8282869565217392,0.8475369565217392,0.8140434782608696,0.8560956521739131,0.7903239130434783,0.8224695652173913,0.8627760869565219,0.9103195652173912,0.8854521739130435,0.9111695652173915,0.8431652173913045,0.8251521739130435,0.8276239130434783,0.8375760869565219,0.8100195652173914,0.806354347826087,0.8105869565217392,0.843558695652174,0.8110913043478262,0.836404347826087,0.8679065217391305,0.8553000000000001,0.891091304347826,0.829,0.8042913043478263,0.822354347826087,0.8248869565217392,0.7801956521739131,0.7881739130434783,0.8195173913043479,0.8053434782608696,0.7496260869565218,0.8272391304347827
0.8433326086956522,0.8588913043478261,0.8432608695652175,0.8172456521739131,0.8454173913043479,0.8377282608695652,0.8166413043478261,0.8275673913043479,0.9020086956521739,0.868958695652174,0.8829630434782609,0.890404347826087,0.8404021739130435,0.8302173913043479,0.8059869565217391,0.7884195652173914,0.7700434782608697,0.7279869565217393,0.7420521739130436,0.7063826086956522,0.6931673913043479,0.7231478260869566,0.7293021739130435,0.7421804347826089,0.8362586956521739,0.8093043478260871,0.8377847826086957,0.8372847826086958,0.8490478260869566,0.8164717391304348,0.8127478260869566,0.8316500000000001,0.8260152173913043,0.8682195652173913,0.8793152173913045,0.8768478260869567,0.8608695652173913,0.8397347826086957,0.8490782608695653,0.8122739130434784,0.8329434782608696,0.789854347826087,0.7128065217391304,0.7268891304347826,0.693145652173913,0.7041521739130435,0.6933260869565219,0.7122217391304348,0.7606326086956522,0.7337760869565219,0.7478173913043479,0.8155913043478261,0.8421565217391305,0.8805760869565218,0.8608695652173913,0.8434782608695652,0.8313978260869566,0.8686673913043479,0.8615717391304348,0.865958695652174,0.8885108695652173,0.9152108695652175,0.882954347826087,0.8831478260869565,0.8400608695652174,0.8319913043478262,0.8388478260869566,0.8471869565217393,0.8080043478260871,0.8491630434782609,0.8196478260869565,0.8292739130434783,0.8642434782608697,0.9142434782608696,0.8854521739130435,0.9077652173913044,0.8428521739130435,0.797458695652174,0.8252,0.8372543478260871,0.8218500000000001,0.8048717391304349,0.8169717391304349,0.8283760869565218,0.8373282608695652,0.8289043478260871,0.8701217391304348,0.8525521739130435,0.893445652173913,0.8318260869565218,0.8176978260869566,0.8175326086956523,0.8270434782608697,0.7598739130434784,0.8003608695652175,0.8154326086956522,0.7793717391304349,0.7381630434782609,0.8302021739130435
0.8421847826086957,0.8745478260869566,0.8433326086956522,0.8169565217391305,0.8500108695652174,0.8285760869565217,0.8434065217391304,0.8303978260869566,0.8906652173913044,0.8956521739130435,0.88425,0.8874413043478262,0.8450891304347827,0.8302173913043479,0.8101565217391306,0.7802521739130436,0.7567391304347827,0.7340934782608696,0.7037369565217392,0.7166347826086957,0.7164326086956522,0.7114521739130435,0.7209239130434784,0.7410217391304349,0.8472608695652174,0.8020456521739131,0.8372760869565218,0.8324695652173913,0.8462195652173915,0.8171021739130435,0.8100173913043478,0.8278826086956522,0.8260152173913043,0.8652978260869566,0.871263043478261,0.8707652173913044,0.8605195652173914,0.8377369565217392,0.8420978260869565,0.8130391304347827,0.8072239130434784,0.771258695652174,0.7498108695652175,0.7302108695652175,0.6738608695652174,0.67435,0.701958695652174,0.725995652173913,0.7775065217391305,0.7356304347826088,0.7542913043478261,0.8203,0.8357173913043479,0.8665456521739131,0.8341760869565218,0.8431891304347826,0.8313021739130435,0.869395652173913,0.8651456521739131,0.8686369565217392,0.8942391304347828,0.9151391304347828,0.8856391304347827,0.8702152173913045,0.8394456521739132,0.8349282608695653,0.8369108695652175,0.847754347826087,0.8159413043478262,0.8573717391304349,0.8179239130434783,0.8301434782608696,0.8613956521739131,0.9153913043478261,0.8823369565217392,0.914204347826087,0.8419173913043478,0.7976565217391305,0.8210978260869566,0.8111239130434782,0.8214326086956523,0.8019391304347827,0.8101978260869567,0.8429456521739132,0.8358608695652174,0.8447260869565218,0.857563043478261,0.8540847826086958,0.8759043478260871,0.8301456521739131,0.8019673913043479,0.823508695652174,0.7995282608695653,0.7487869565217392,0.7548434782608696,0.8079260869565218,0.8025282608695653,0.7596369565217391,0.8164391304347827
0.8354804347826088,0.8680478260869566,0.8433326086956522,0.8172456521739131,0.852404347826087,0.8382804347826087,0.8434782608695652,0.8296130434782609,0.88375,0.8956521739130435,0.88375,0.8855347826086957,0.845563043478261,0.830363043478261,0.8108826086956522,0.7850108695652175,0.7683782608695652,0.7503739130434783,0.7230369565217392,0.7093065217391304,0.7057847826086957,0.6977304347826087,0.7269304347826088,0.753958695652174,0.7959108695652174,0.8294869565217392,0.8255108695652174,0.8352478260869565,0.8412108695652175,0.8173913043478261,0.8138673913043478,0.8253630434782608,0.819645652173913,0.8687913043478261,0.8790326086956521,0.8768478260869567,0.8604478260869566,0.8362239130434783,0.8510500000000001,0.817804347826087,0.8421521739130435,0.7852239130434783,0.73845,0.7279260869565218,0.6798804347826087,0.7004630434782609,0.7047478260869565,0.7349108695652175,0.7772130434782609,0.7467173913043479,0.7448521739130436,0.8198108695652175,0.8409869565217393,0.8792934782608698,0.8600956521739131,0.8419195652173914,0.8302673913043479,0.8678869565217392,0.8623782608695653,0.8673043478260871,0.8956521739130435,0.9162434782608696,0.883463043478261,0.8935195652173914,0.8406782608695652,0.8455478260869566,0.8431934782608695,0.8470521739130435,0.8174760869565219,0.837308695652174,0.7847913043478262,0.8292,0.8656739130434783,0.9152978260869566,0.8859521739130436,0.915563043478261,0.8425391304347827,0.8253826086956522,0.8317565217391305,0.8384434782608696,0.8207630434782609,0.8030804347826087,0.8108608695652175,0.8433434782608696,0.8106347826086957,0.8219739130434783,0.8701217391304348,0.8553000000000001,0.890813043478261,0.8396434782608696,0.8087978260869565,0.821854347826087,0.7760652173913044,0.7590630434782609,0.7856847826086957,0.8127891304347827,0.8007826086956523,0.7356673913043479,0.8186739130434784
0.8430565217391305,0.879445652173913,0.8434065217391304,0.8173913043478261,0.8540130434782609,0.8361782608695654,0.8434782608695652,0.8293978260869566,0.9009239130434782,0.89495,0.8804978260869567,0.8849434782608696,0.8511304347826087,0.8302891304347827,0.8150891304347827,0.7893456521739131,0.7776565217391304,0.7192413043478262,0.733145652173913,0.7002086956521739,0.7235456521739131,0.7164326086956522,0.7122021739130435,0.7523521739130435,0.8229065217391305,0.8179391304347826,0.8384869565217392,0.8338347826086957,0.8468195652173913,0.8171739130434783,0.8083652173913044,0.8304543478260871,0.8260152173913043,0.85465,0.873571739130435,0.8768478260869567,0.8607239130434783,0.8359173913043478,0.8495978260869566,0.8138978260869565,0.8339391304347827,0.7827717391304349,0.7235956521739132,0.7308326086956523,0.7006913043478262,0.7015195652173913,0.7207804347826088,0.7193913043478262,0.7290630434782609,0.74325,0.7564869565217393,0.813858695652174,0.8422282608695653,0.8800260869565218,0.8608695652173913,0.8434065217391304,0.8315608695652174,0.8705978260869565,0.8611717391304348,0.8647065217391304,0.89495,0.9155413043478261,0.887504347826087,0.8751260869565217,0.8378717391304349,0.8447239130434784,0.8387456521739132,0.8454760869565219,0.8106217391304349,0.8296586956521741,0.8198913043478261,0.8297086956521739,0.8624369565217392,0.9138869565217391,0.8859521739130436,0.918295652173913,0.8409869565217393,0.8257673913043478,0.8276347826086957,0.8366108695652175,0.8175608695652175,0.8007673913043479,0.8132195652173914,0.8421326086956523,0.831804347826087,0.864204347826087,0.8697956521739131,0.8521130434782609,0.888,0.8403565217391304,0.814113043478261,0.8198130434782609,0.794445652173913,0.7779804347826088,0.7918913043478261,0.8101282608695652,0.8197565217391305,0.7466804347826088,0.8260847826086958
0.8362652173913044,0.8751565217391305,0.8433326086956522,0.8173913043478261,0.8511304347826087,0.8330021739130435,0.8311347826086958,0.8195347826086958,0.8917717391304348,0.8956521739130435,0.8806369565217392,0.8852326086956522,0.850408695652174,0.8300717391304349,0.7974608695652174,0.7864239130434784,0.7685173913043479,0.7102434782608696,0.7125934782608696,0.7229717391304349,0.7368065217391305,0.7195347826086957,0.7173413043478262,0.7443760869565218,0.8503152173913044,0.795708695652174,0.8369695652173914,0.838058695652174,0.8462195652173915,0.8173195652173914,0.8116065217391305,0.8292369565217392,0.8257239130434784,0.8566956521739132,0.8847521739130436,0.8768478260869567,0.8607978260869565,0.8342304347826088,0.8482500000000002,0.8151913043478262,0.8314347826086957,0.7769913043478262,0.7393913043478262,0.7309826086956522,0.6799869565217391,0.6897717391304349,0.7233956521739131,0.7140065217391305,0.7282434782608697,0.7227456521739131,0.7469652173913045,0.8159282608695652,0.8421565217391305,0.8813869565217393,0.8598130434782609,0.8434782608695652,0.8318347826086957,0.8722152173913045,0.8614260869565218,0.8644282608695654,0.8956521739130435,0.9172586956521739,0.8897521739130435,0.8823934782608696,0.8397108695652176,0.843,0.824313043478261,0.841313043478261,0.8173847826086957,0.8504326086956523,0.8201326086956523,0.8297086956521739,0.8645760869565219,0.9213891304347827,0.884454347826087,0.9091217391304349,0.8425391304347827,0.8235043478260871,0.8249826086956523,0.8321391304347827,0.8153,0.7970913043478262,0.8173021739130436,0.8431586956521739,0.8378782608695653,0.8201739130434783,0.8393608695652175,0.8464760869565219,0.890667391304348,0.8417413043478261,0.8005239130434784,0.8345043478260871,0.7969065217391306,0.783108695652174,0.7508065217391305,0.8131130434782609,0.7974978260869565,0.737463043478261,0.8358826086956522
0.8432608695652175,0.8812347826086957,0.8434782608695652,0.8171739130434783,0.8377543478260869,0.8329260869565218,0.8434782608695652,0.8308804347826088,0.9016152173913045,0.8892108695652174,0.8826108695652175,0.8842326086956522,0.8428717391304348,0.8298739130434784,0.8030304347826087,0.7856152173913045,0.7668152173913044,0.7244065217391306,0.7131456521739131,0.7233478260869566,0.7209891304347826,0.700054347826087,0.7031369565217391,0.7485913043478262,0.8491239130434783,0.8365304347826088,0.8099500000000001,0.835104347826087,0.8484608695652175,0.8173195652173914,0.8077217391304348,0.8305391304347827,0.8260869565217391,0.8577195652173913,0.872258695652174,0.8782608695652174,0.8600956521739131,0.8381369565217393,0.8477782608695652,0.8119260869565219,0.8327630434782609,0.7844239130434782,0.7291869565217391,0.7066456521739131,0.7066434782608696,0.7096304347826088,0.6850978260869566,0.7224195652173914,0.7446782608695653,0.7334565217391305,0.7467717391304348,0.821804347826087,0.8416065217391304,0.8744695652173915,0.8537282608695653,0.8434065217391304,0.8319108695652174,0.8698673913043479,0.84765,0.8636217391304349,0.89495,0.9118260869565218,0.8846934782608696,0.8947152173913043,0.8416065217391304,0.847967391304348,0.8384413043478262,0.8463978260869566,0.8177369565217392,0.8624,0.8166652173913045,0.8296347826086957,0.8602195652173914,0.9203260869565216,0.8864543478260871,0.9148826086956524,0.8357891304347828,0.8254630434782609,0.827767391304348,0.8354913043478261,0.823808695652174,0.8021956521739131,0.8144956521739131,0.843308695652174,0.8345304347826088,0.8635217391304348,0.8708565217391304,0.8553000000000001,0.8913804347826089,0.8388217391304348,0.7938869565217391,0.8204,0.7738217391304348,0.7938934782608696,0.7912608695652175,0.8105652173913045,0.8244195652173913,0.7618956521739131,0.8199934782608697
0.8434782608695652,0.8730043478260869,0.8432608695652175,0.8172456521739131,0.8457456521739131,0.8374000000000001,0.8432608695652175,0.8300195652173914,0.9011152173913044,0.8874413043478262,0.8849521739130436,0.8845913043478261,0.8462913043478261,0.8293695652173914,0.809154347826087,0.7818456521739131,0.7847847826086957,0.7297478260869565,0.7432217391304349,0.7210717391304349,0.7191413043478261,0.7044369565217391,0.687813043478261,0.749691304347826,0.8425282608695653,0.8370326086956522,0.8104065217391305,0.8366260869565217,0.8414434782608696,0.8171021739130435,0.8146695652173913,0.8306239130434784,0.8260152173913043,0.8563021739130435,0.8847521739130436,0.8782608695652174,0.857754347826087,0.8304326086956522,0.8351195652173913,0.8113695652173913,0.8066391304347826,0.781463043478261,0.7348434782608696,0.7472891304347826,0.6818891304347826,0.6973934782608696,0.7103521739130435,0.7225739130434784,0.7558065217391304,0.735254347826087,0.7296108695652175,0.8220326086956522,0.8412239130434783,0.8442760869565219,0.859454347826087,0.8434782608695652,0.8296369565217392,0.8706695652173913,0.8627804347826087,0.8660456521739132,0.8878000000000003,0.9138108695652174,0.8859065217391305,0.8729086956521741,0.8403695652173915,0.8475326086956523,0.8374608695652174,0.8471239130434783,0.8145978260869566,0.8629021739130435,0.8206130434782609,0.8226869565217392,0.8577130434782609,0.9217391304347827,0.8854521739130435,0.9084434782608697,0.8421565217391305,0.798013043478261,0.8278826086956522,0.8033739130434784,0.8192021739130435,0.8016478260869566,0.8151804347826088,0.8284434782608696,0.8378956521739132,0.8498347826086957,0.8636826086956523,0.8468782608695653,0.8920086956521739,0.8389282608695653,0.7911217391304349,0.8375891304347827,0.7759413043478262,0.7642347826086957,0.7592217391304349,0.7972826086956523,0.7904717391304348,0.7529347826086956,0.8273326086956523
0.8418565217391305,0.8769739130434782,0.8434782608695652,0.8171739130434783,0.8532065217391305,0.8355804347826088,0.8434065217391304,0.8271804347826088,0.9003695652173914,0.89495,0.8836043478260869,0.8845913043478261,0.8480152173913044,0.8301456521739131,0.8093630434782609,0.7748739130434783,0.7783347826086956,0.724304347826087,0.7441456521739132,0.7173847826086958,0.662504347826087,0.7240565217391305,0.7144717391304349,0.7273413043478262,0.8018826086956522,0.8186021739130436,0.8373847826086956,0.8317934782608696,0.8445760869565218,0.8171739130434783,0.8129521739130435,0.8260282608695653,0.8258695652173913,0.8607434782608696,0.8850391304347827,0.8775586956521739,0.8607239130434783,0.8285652173913044,0.8397239130434784,0.8171543478260871,0.8324956521739132,0.7882673913043479,0.7375739130434782,0.7330500000000001,0.6986021739130435,0.7067391304347826,0.7069391304347827,0.7157391304347827,0.7425304347826087,0.7468695652173913,0.7370478260869565,0.8187130434782609,0.8406782608695652,0.8793652173913045,0.8537021739130435,0.8434782608695652,0.8214,0.8710739130434784,0.8623065217391305,0.8642304347826087,0.89495,0.9148826086956524,0.8886434782608696,0.8918608695652176,0.8351652173913043,0.8454239130434784,0.8370000000000001,0.8470521739130435,0.8142804347826087,0.8640804347826087,0.8235347826086957,0.8234108695652175,0.8626652173913044,0.9192413043478261,0.8785130434782609,0.9135282608695653,0.8425391304347827,0.8255195652173913,0.8289804347826087,0.8371847826086957,0.8166391304347828,0.8043391304347827,0.7879173913043478,0.8081695652173914,0.837767391304348,0.8653956521739131,0.8692500000000001,0.8533195652173914,0.8911630434782608,0.8398673913043478,0.7966869565217392,0.8162717391304349,0.7797869565217391,0.7562000000000001,0.8045282608695652,0.8138565217391305,0.79565,0.7543804347826089,0.8277826086956522
0.8368913043478261,0.8674913043478262,0.8401456521739131,0.8132847826086957,0.8535369565217391,0.828795652173913,0.8434782608695652,0.8261608695652175,0.9022152173913045,0.8956521739130435,0.8849521739130436,0.8870065217391305,0.852054347826087,0.8300000000000001,0.7981260869565219,0.7859760869565219,0.7847369565217392,0.7057000000000001,0.7417326086956523,0.6835282608695653,0.7296260869565218,0.7162608695652174,0.711958695652174,0.7159739130434782,0.8122934782608696,0.8240652173913044,0.8379913043478261,0.8371739130434783,0.8472978260869566,0.8171739130434783,0.8073260869565219,0.8187673913043478,0.824958695652174,0.8599891304347826,0.886254347826087,0.8782608695652174,0.8608695652173913,0.8294934782608696,0.8373652173913044,0.8167500000000001,0.8319326086956522,0.7830478260869566,0.7510456521739132,0.7327021739130435,0.7031586956521739,0.713045652173913,0.7217282608695653,0.720004347826087,0.7355173913043479,0.7471717391304348,0.7424565217391306,0.8102739130434784,0.8345456521739132,0.8808369565217392,0.8607978260869565,0.842704347826087,0.8304326086956523,0.8717347826086959,0.8615717391304348,0.8665978260869566,0.8956521739130435,0.9148826086956524,0.8856108695652174,0.8827826086956523,0.836945652173913,0.8466782608695653,0.8347500000000001,0.8476804347826088,0.815758695652174,0.8263826086956522,0.8208739130434783,0.8296347826086957,0.8609282608695654,0.9217391304347827,0.8869565217391305,0.9030760869565218,0.8422282608695653,0.8244478260869567,0.8264978260869567,0.8315065217391305,0.8158500000000001,0.7994173913043479,0.8103717391304348,0.8464608695652175,0.825154347826087,0.8526260869565219,0.8644152173913044,0.8541217391304349,0.886563043478261,0.8231695652173914,0.8099652173913043,0.8237869565217392,0.8193086956521739,0.7360521739130436,0.7796021739130435,0.8070239130434783,0.8197260869565218,0.7271847826086957,0.8234869565217391
0.8369652173913044,0.8767369565217392,0.8434065217391304,0.8171021739130435,0.851058695652174,0.8366130434782609,0.8434782608695652,0.8301065217391306,0.8957021739130434,0.8956521739130435,0.8833869565217392,0.8795978260869566,0.8476173913043479,0.8301456521739131,0.8111369565217392,0.7866934782608695,0.7502391304347827,0.7342434782608697,0.7240565217391305,0.7230978260869566,0.7142065217391306,0.7028,0.7132782608695654,0.7458478260869567,0.8226260869565217,0.8088847826086958,0.8401608695652175,0.8287804347826088,0.8451413043478261,0.8172456521739131,0.8113978260869565,0.821213043478261,0.8258695652173913,0.8503804347826088,0.8854717391304349,0.8782608695652174,0.8601673913043479,0.8297608695652174,0.8423108695652175,0.8126891304347826,0.8381260869565219,0.7710217391304349,0.728263043478261,0.6951217391304348,0.672813043478261,0.6934717391304348,0.7231000000000001,0.7341913043478261,0.7843369565217392,0.7581565217391305,0.7126282608695653,0.8166565217391305,0.8422282608695653,0.8780434782608696,0.8585913043478262,0.8433326086956522,0.8301586956521739,0.8717347826086959,0.8595739130434783,0.8596347826086957,0.8956521739130435,0.917608695652174,0.8880565217391306,0.888004347826087,0.8409869565217393,0.8444978260869566,0.8415326086956523,0.847754347826087,0.8109369565217392,0.8577413043478261,0.7938000000000001,0.8297804347826087,0.8616195652173914,0.9078891304347827,0.8849521739130436,0.918295652173913,0.8425391304347827,0.8268695652173913,0.8286478260869565,0.829708695652174,0.8243673913043479,0.8053978260869565,0.8114956521739131,0.8358934782608697,0.8108195652173914,0.825163043478261,0.8701956521739131,0.8553000000000001,0.8856434782608695,0.8316152173913044,0.7960434782608696,0.8086065217391305,0.7988152173913045,0.7792673913043479,0.8001869565217392,0.8240304347826087,0.808754347826087,0.7485652173913044,0.8293717391304348
0.8362652173913044,0.867563043478261,0.8431891304347826,0.8173195652173914,0.8519304347826087,0.8372891304347827,0.8433326086956522,0.8212021739130435,0.8966282608695653,0.8956521739130435,0.8822608695652174,0.878595652173913,0.8523304347826087,0.8292913043478262,0.8163282608695653,0.7743434782608697,0.781663043478261,0.7299217391304348,0.7120804347826087,0.6795891304347826,0.7064217391304347,0.7342760869565218,0.7208782608695653,0.7479260869565217,0.8162413043478262,0.8348347826086957,0.8379782608695653,0.8230065217391305,0.8424000000000001,0.8172456521739131,0.8129521739130435,0.8317565217391305,0.8258695652173913,0.8616413043478262,0.8801673913043477,0.8782608695652174,0.8608695652173913,0.8391956521739131,0.842854347826087,0.8198108695652175,0.8383673913043479,0.7747173913043478,0.7317630434782609,0.7051673913043479,0.680158695652174,0.7150260869565218,0.6957282608695653,0.7326434782608697,0.7893043478260869,0.7326152173913044,0.7334956521739131,0.8152695652173914,0.8354760869565218,0.8700217391304349,0.8576826086956522,0.8434782608695652,0.8315739130434783,0.8702673913043479,0.8611,0.8675260869565218,0.8956521739130435,0.9169260869565218,0.8896152173913043,0.8927891304347828,0.8406782608695652,0.847408695652174,0.8423891304347827,0.8467608695652175,0.8114478260869566,0.864613043478261,0.8196478260869565,0.8254630434782609,0.8620130434782609,0.9145978260869567,0.8780130434782608,0.9138108695652174,0.8388021739130435,0.8257804347826088,0.829108695652174,0.8374934782608696,0.8160673913043479,0.7978739130434783,0.8165282608695653,0.8439673913043478,0.8237934782608696,0.8345826086956523,0.871258695652174,0.8533195652173914,0.8850913043478261,0.8316500000000001,0.8086434782608696,0.8173608695652174,0.8306739130434783,0.7925260869565218,0.7729260869565218,0.8042326086956522,0.8140260869565218,0.7518217391304348,0.8354978260869566
0.8361195652173914,0.8809173913043479,0.8434782608695652,0.8172456521739131,0.8468391304347826,0.8286782608695652,0.8434065217391304,0.8278869565217392,0.8946739130434783,0.8956521739130435,0.8836043478260869,0.8803891304347826,0.8528043478260869,0.8302891304347827,0.8087478260869566,0.7800391304347827,0.7795413043478262,0.7277695652173913,0.7370847826086957,0.7071565217391305,0.7049695652173914,0.7119847826086957,0.728295652173913,0.7380304347826088,0.8463326086956523,0.8377434782608696,0.8032260869565219,0.8309347826086958,0.8451260869565218,0.8171021739130435,0.8103391304347827,0.8268456521739131,0.8256521739130436,0.8612826086956522,0.8797434782608697,0.8782608695652174,0.8600217391304349,0.8371608695652175,0.8335652173913044,0.8156521739130435,0.8385347826086957,0.7732934782608696,0.7378760869565218,0.7072608695652175,0.6624239130434784,0.7069782608695653,0.6947282608695653,0.713904347826087,0.7487217391304348,0.7593,0.7355913043478262,0.8136456521739132,0.8428521739130435,0.8798217391304348,0.8480195652173914,0.8311347826086958,0.8318347826086957,0.8710021739130436,0.862708695652174,0.864708695652174,0.89495,0.9142978260869564,0.89065,0.8812891304347827,0.833313043478261,0.8391978260869566,0.8317195652173914,0.847608695652174,0.8175608695652175,0.8584565217391306,0.8231913043478261,0.8289826086956522,0.8617456521739132,0.9057565217391305,0.8849521739130436,0.9128521739130437,0.8341608695652174,0.825554347826087,0.8234152173913043,0.8308434782608697,0.8191260869565218,0.8065260869565218,0.7855913043478261,0.8431434782608697,0.836963043478261,0.8607434782608697,0.8462760869565219,0.8549369565217392,0.8882130434782609,0.8405717391304348,0.806713043478261,0.8143413043478261,0.8154673913043479,0.7887413043478262,0.7838717391304348,0.8061956521739131,0.7761630434782609,0.7441847826086958,0.8036760869565218
0.8434065217391304,0.8691826086956522,0.8434065217391304,0.8107326086956523,0.8516043478260871,0.803408695652174,0.8434065217391304,0.8302739130434783,0.8999195652173915,0.8942391304347828,0.8839565217391305,0.8919760869565218,0.8446173913043479,0.8301456521739131,0.8067369565217392,0.7790956521739132,0.7810260869565218,0.7213130434782609,0.7290391304347826,0.7224543478260871,0.6961260869565219,0.7180260869565218,0.7047521739130436,0.7559956521739131,0.8032260869565219,0.8338282608695653,0.8320260869565218,0.8342347826086958,0.8489065217391306,0.8171739130434783,0.8128500000000001,0.8298630434782609,0.8260869565217391,0.8622065217391305,0.8779478260869567,0.8782608695652174,0.8607239130434783,0.8365739130434783,0.847263043478261,0.8215478260869565,0.7833413043478261,0.7826195652173914,0.7265978260869566,0.7221456521739131,0.6785282608695652,0.6920586956521739,0.7146282608695653,0.7197978260869565,0.7781847826086957,0.7064282608695652,0.7607956521739131,0.813858695652174,0.8415543478260871,0.8808195652173912,0.8590934782608696,0.8434065217391304,0.831567391304348,0.8718804347826088,0.8611717391304348,0.8634978260869566,0.8938804347826088,0.917608695652174,0.8752369565217392,0.8772695652173914,0.8397521739130436,0.8481630434782609,0.8446326086956524,0.8476804347826088,0.8158739130434783,0.8400456521739131,0.8196478260869565,0.8296347826086957,0.8623217391304349,0.9188760869565218,0.8780130434782608,0.915563043478261,0.8422282608695653,0.8256673913043479,0.8200565217391306,0.8378239130434784,0.8209978260869566,0.8000239130434783,0.8144956521739131,0.8351608695652175,0.7975326086956522,0.8511717391304349,0.8681239130434784,0.8548956521739132,0.8914826086956523,0.8422326086956523,0.798558695652174,0.8206826086956522,0.7910717391304348,0.7758565217391304,0.7901739130434784,0.8168739130434783,0.8049304347826087,0.733313043478261,0.8191173913043479
0.8291934782608696,0.8733195652173914,0.8429695652173913,0.8171021739130435,0.8515304347826088,0.8321326086956522,0.8433326086956522,0.8287717391304349,0.9007934782608696,0.8892108695652174,0.8834586956521739,0.8920478260869565,0.8503347826086958,0.8300717391304349,0.8052695652173913,0.7859282608695654,0.7774173913043478,0.7405608695652174,0.7147152173913044,0.7218978260869566,0.7190847826086957,0.7219347826086957,0.7345347826086958,0.7352130434782609,0.8413021739130435,0.8227152173913044,0.819808695652174,0.8321065217391305,0.8417630434782609,0.8173195652173914,0.808921739130435,0.8313260869565218,0.8258695652173913,0.8611369565217392,0.8868847826086957,0.8782608695652174,0.8608695652173913,0.8272369565217391,0.8555847826086957,0.8139847826086957,0.8240434782608697,0.786454347826087,0.7157195652173913,0.7108152173913045,0.6891195652173914,0.7154739130434783,0.7074217391304348,0.7145717391304348,0.7904239130434784,0.7129304347826088,0.7444108695652175,0.8227891304347826,0.8419173913043478,0.874876086956522,0.8601434782608696,0.8158673913043479,0.8297282608695653,0.8714760869565217,0.8635913043478262,0.8643065217391305,0.8956521739130435,0.9151891304347828,0.8815543478260871,0.8859782608695652,0.8403695652173915,0.8423913043478262,0.8389239130434782,0.8478260869565218,0.8178260869565218,0.8511978260869566,0.8197913043478262,0.8297086956521739,0.8636847826086957,0.9145978260869567,0.8854521739130435,0.915563043478261,0.8412217391304349,0.7926065217391306,0.821695652173913,0.8387260869565217,0.8214782608695652,0.8043391304347827,0.815745652173913,0.840254347826087,0.8036673913043478,0.8289739130434782,0.8698673913043479,0.8476456521739131,0.8851456521739132,0.8392869565217391,0.791613043478261,0.8239152173913045,0.7998326086956522,0.7860456521739132,0.7713565217391305,0.8186108695652173,0.8163543478260871,0.7233760869565219,0.8269152173913045
0.8433326086956522,0.8730760869565217,0.8434782608695652,0.8173195652173914,0.8470239130434783,0.8338521739130436,0.8433326086956522,0.8313956521739131,0.9017782608695653,0.8956521739130435,0.8841021739130435,0.8923478260869566,0.8520043478260869,0.829854347826087,0.8042739130434783,0.7830760869565218,0.7906260869565218,0.7350260869565218,0.7326717391304348,0.7078326086956522,0.7201847826086957,0.6708304347826087,0.7136260869565219,0.7429565217391305,0.836308695652174,0.8354869565217391,0.8395391304347827,0.8361521739130436,0.8458869565217392,0.8171739130434783,0.8090434782608696,0.8236304347826088,0.8257239130434784,0.8621347826086957,0.8855434782608697,0.8718195652173913,0.8608695652173913,0.8377826086956522,0.8544239130434784,0.8100173913043478,0.8391282608695653,0.7770956521739131,0.7306,0.7234456521739131,0.6941673913043479,0.6997369565217393,0.7073521739130436,0.7511913043478262,0.72825,0.7396434782608696,0.7526565217391304,0.8189173913043479,0.8425391304347827,0.8522695652173914,0.8608695652173913,0.8432608695652175,0.8316521739130436,0.8694673913043478,0.8619739130434784,0.8615456521739131,0.8911239130434784,0.9125021739130434,0.8880304347826089,0.8929543478260871,0.8394456521739132,0.8426239130434784,0.8433543478260871,0.8445652173913044,0.8141782608695652,0.8365695652173913,0.8186695652173914,0.8232673913043478,0.8640195652173914,0.9210369565217392,0.8795130434782609,0.914204347826087,0.842504347826087,0.7854478260869566,0.8105326086956522,0.8327434782608697,0.8214782608695652,0.8028065217391305,0.8038108695652175,0.7946195652173914,0.838754347826087,0.8570195652173913,0.8636826086956523,0.8540847826086958,0.8856434782608695,0.8250195652173914,0.790845652173913,0.814404347826087,0.8100239130434784,0.7532891304347827,0.7553717391304349,0.7940413043478262,0.7655695652173914,0.7445521739130436,0.8151739130434783
0.842558695652174,0.8741978260869565,0.8434065217391304,0.8171739130434783,0.8528043478260869,0.8304695652173913,0.8434065217391304,0.8296413043478261,0.889795652173913,0.8956521739130435,0.884454347826087,0.8848717391304348,0.8508065217391305,0.7762586956521739,0.8079369565217391,0.7890652173913043,0.7900782608695653,0.7336869565217391,0.7082239130434783,0.6918065217391305,0.710558695652174,0.7126913043478261,0.7279630434782609,0.7367673913043479,0.8463391304347827,0.8329739130434783,0.8253782608695652,0.8182456521739132,0.8505282608695653,0.8171739130434783,0.8082760869565218,0.8254413043478263,0.8258695652173913,0.8649652173913044,0.8848239130434784,0.8629978260869565,0.8606521739130436,0.8335673913043479,0.8406717391304349,0.8120108695652174,0.8351434782608697,0.785563043478261,0.7149391304347826,0.7342673913043478,0.6978913043478262,0.6963717391304348,0.7238478260869565,0.7246608695652175,0.7440717391304349,0.7315891304347827,0.7348130434782609,0.8148282608695654,0.8382739130434783,0.8765826086956523,0.8607239130434783,0.8434065217391304,0.8303369565217392,0.8722152173913045,0.8611717391304348,0.8673369565217391,0.8942391304347828,0.9098043478260871,0.8914434782608697,0.8940239130434784,0.8400608695652174,0.8420413043478262,0.8358347826086957,0.8476804347826088,0.8147826086956523,0.8643260869565218,0.8204934782608696,0.8298521739130434,0.8630065217391305,0.9145978260869567,0.8864543478260871,0.9104847826086957,0.8416065217391304,0.8252021739130436,0.8234152173913043,0.8365173913043479,0.8175260869565217,0.8046065217391305,0.8140347826086957,0.8288,0.8316760869565218,0.8587695652173913,0.8703804347826088,0.8497869565217392,0.8836652173913043,0.8400826086956522,0.7792,0.8128565217391305,0.7889500000000002,0.7464152173913045,0.769258695652174,0.8077021739130436,0.776413043478261,0.7555565217391305,0.8330869565217393
0.8362652173913044,0.8783956521739132,0.8165695652173913,0.8173195652173914,0.8468391304347826,0.8373956521739131,0.8434065217391304,0.8317913043478262,0.8922086956521741,0.89495,0.8849521739130436,0.8694739130434783,0.8392826086956522,0.8300717391304349,0.8115434782608697,0.786454347826087,0.7854304347826089,0.745958695652174,0.7293217391304349,0.7100130434782609,0.7126891304347827,0.6861217391304348,0.7036739130434783,0.7403826086956522,0.841913043478261,0.8095000000000001,0.8379130434782609,0.8288956521739131,0.8471760869565218,0.8171739130434783,0.8157565217391306,0.7913652173913044,0.8259413043478261,0.8489500000000001,0.8753913043478261,0.8782608695652174,0.8607239130434783,0.8261043478260871,0.8567565217391305,0.8185173913043479,0.841204347826087,0.7800630434782608,0.7169586956521738,0.7262152173913043,0.6756804347826088,0.6909478260869565,0.695745652173913,0.7014739130434783,0.7370978260869566,0.7476260869565218,0.731295652173913,0.8153065217391305,0.8357173913043479,0.8733804347826087,0.8608695652173913,0.8434782608695652,0.8254782608695653,0.8710739130434784,0.8550608695652174,0.8626586956521739,0.8892108695652174,0.9101347826086956,0.8891478260869566,0.8918608695652176,0.8397521739130436,0.8440934782608696,0.8419434782608696,0.8470521739130435,0.8162152173913044,0.8556021739130436,0.8184217391304348,0.8294913043478261,0.8616826086956522,0.9037195652173913,0.8854521739130435,0.9162434782608696,0.8428521739130435,0.818604347826087,0.8253173913043478,0.838154347826087,0.8233239130434783,0.8029891304347826,0.8164173913043479,0.8381065217391305,0.8379739130434783,0.8586021739130435,0.8704521739130435,0.8536826086956523,0.8839826086956523,0.8315413043478261,0.8103586956521739,0.8297543478260869,0.7961152173913044,0.7762173913043479,0.7603217391304348,0.8168065217391306,0.8040913043478262,0.7536869565217392,0.8254608695652175
0.8432608695652175,0.8777652173913044,0.8432608695652175,0.8173195652173914,0.8544891304347827,0.8355913043478261,0.8434065217391304,0.8306717391304348,0.8942652173913044,0.8956521739130435,0.8836043478260869,0.8822217391304349,0.8480891304347826,0.8302173913043479,0.8081826086956523,0.7828652173913044,0.7689652173913044,0.7141782608695653,0.7515413043478262,0.7046413043478261,0.7256760869565219,0.6972913043478262,0.7268782608695652,0.7192391304347827,0.8367326086956522,0.8019934782608696,0.8380934782608696,0.8324913043478261,0.8513108695652175,0.8173195652173914,0.8077217391304348,0.8244,0.8257239130434784,0.8680065217391305,0.8586717391304348,0.8782608695652174,0.8608695652173913,0.82835,0.8496760869565219,0.8126717391304349,0.7926,0.7801152173913044,0.7423065217391305,0.7311478260869566,0.6868847826086958,0.7073608695652175,0.7214521739130435,0.7321978260869566,0.7545869565217391,0.7266108695652175,0.7567913043478262,0.8216521739130436,0.8425391304347827,0.8796239130434783,0.8608695652173913,0.8434782608695652,0.8324413043478261,0.8705239130434783,0.8603717391304349,0.8578326086956521,0.8956521739130435,0.9141804347826088,0.8904195652173914,0.8778239130434783,0.8409869565217393,0.8442565217391306,0.8379021739130436,0.847608695652174,0.8190521739130435,0.849404347826087,0.8197695652173913,0.8299978260869566,0.8493826086956523,0.8935260869565218,0.8803434782608696,0.9077652173913044,0.8406782608695652,0.8254630434782609,0.8250847826086958,0.8374521739130435,0.8215608695652175,0.8046956521739131,0.809354347826087,0.8359891304347827,0.7975108695652176,0.8644760869565218,0.8432021739130435,0.8464369565217391,0.8836413043478262,0.8372304347826087,0.7986478260869565,0.8245739130434784,0.7948304347826088,0.7827869565217392,0.7978369565217391,0.8199565217391305,0.8016847826086957,0.7467478260869566,0.8253021739130435
0.8432608695652175,0.8789565217391306,0.8432608695652175,0.8173195652173914,0.851458695652174,0.8317956521739132,0.8434782608695652,0.8281891304347827,0.9022152173913045,0.8956521739130435,0.8841021739130435,0.8920478260869565,0.8492195652173913,0.8302173913043479,0.8059586956521739,0.7800369565217392,0.7881021739130435,0.732954347826087,0.7208217391304349,0.7001608695652175,0.7135826086956523,0.70635,0.7253152173913044,0.7446239130434783,0.8347326086956522,0.8099304347826087,0.8386326086956523,0.8384934782608697,0.8454913043478262,0.8173195652173914,0.8087891304347827,0.8221217391304348,0.8260152173913043,0.8679347826086957,0.8869565217391305,0.8779108695652174,0.8607978260869565,0.8196826086956521,0.8544869565217392,0.812708695652174,0.8401891304347826,0.7736760869565218,0.740563043478261,0.722413043478261,0.6824347826086956,0.7028326086956523,0.7284391304347826,0.7286347826086957,0.7901760869565218,0.7459304347826088,0.7584956521739132,0.8137413043478261,0.8423934782608696,0.8689152173913044,0.8500782608695653,0.8434065217391304,0.8285565217391305,0.8705978260869565,0.8623782608695653,0.8588413043478261,0.8942391304347828,0.9165739130434783,0.8901565217391304,0.8900391304347827,0.8378717391304349,0.846895652173913,0.8338478260869566,0.8465521739130436,0.8167695652173913,0.8476608695652175,0.8220326086956522,0.8231217391304348,0.8527217391304348,0.9210369565217392,0.8760282608695652,0.918295652173913,0.8421565217391305,0.8269934782608697,0.8174326086956522,0.8241239130434783,0.7952195652173913,0.8053108695652175,0.7865282608695653,0.8366565217391306,0.8313782608695652,0.8636369565217392,0.8700500000000001,0.8468782608695653,0.8920826086956523,0.8396000000000001,0.7920782608695652,0.8174847826086957,0.8111826086956523,0.7758804347826087,0.8074956521739131,0.8201260869565217,0.8256782608695653,0.7647369565217391,0.8164043478260871
0.8361913043478262,0.876045652173913,0.8426934782608696,0.8172456521739131,0.8435717391304348,0.8370673913043478,0.8434065217391304,0.8309673913043478,0.8954108695652175,0.8956521739130435,0.8839565217391305,0.8733369565217393,0.8516760869565219,0.8175847826086957,0.7920891304347826,0.7857847826086957,0.768763043478261,0.7118108695652174,0.7248369565217392,0.7062217391304348,0.7120847826086958,0.7211869565217391,0.7399695652173913,0.729004347826087,0.8184847826086957,0.7858565217391305,0.8379413043478261,0.8360369565217391,0.8356565217391305,0.8170282608695653,0.8153630434782609,0.8317565217391305,0.8259413043478261,0.8559543478260869,0.871904347826087,0.877204347826087,0.8608695652173913,0.8354673913043478,0.857608695652174,0.8129739130434783,0.8331478260869566,0.7818065217391305,0.7242739130434784,0.7318630434782609,0.6983,0.6976369565217392,0.7264478260869566,0.7250934782608697,0.7415891304347827,0.7331021739130436,0.7404239130434783,0.8196565217391305,0.8388021739130435,0.8786065217391306,0.8607239130434783,0.8434065217391304,0.830604347826087,0.8642304347826087,0.8615717391304348,0.8637434782608696,0.8945956521739131,0.9145065217391306,0.8755195652173915,0.8925913043478262,0.8416065217391304,0.8355434782608696,0.8363739130434783,0.847608695652174,0.8151347826086958,0.81635,0.8105782608695652,0.8226152173913044,0.8617347826086957,0.8958869565217392,0.8859521739130436,0.8976565217391306,0.8412956521739131,0.8256673913043479,0.821554347826087,0.8319065217391305,0.8108391304347826,0.800508695652174,0.8108304347826087,0.8379108695652174,0.7833456521739132,0.8405869565217392,0.8694673913043478,0.8513847826086957,0.8926521739130434,0.8359456521739131,0.7834304347826089,0.8147217391304349,0.7966043478260871,0.7564652173913043,0.7733369565217392,0.8106478260869566,0.8099478260869566,0.7658586956521739,0.82755
0.8361913043478262,0.8813347826086958,0.8433326086956522,0.8171739130434783,0.8470239130434783,0.8312456521739132,0.8434065217391304,0.8301000000000001,0.9036456521739131,0.8956521739130435,0.8835739130434782,0.8933130434782609,0.8528043478260869,0.8024521739130435,0.8112565217391304,0.7868695652173914,0.7691108695652175,0.7394608695652174,0.7223913043478262,0.7166326086956522,0.7249673913043478,0.7072565217391305,0.7306956521739132,0.7518391304347827,0.8483173913043479,0.7857130434782609,0.8310021739130435,0.8373782608695652,0.8485760869565219,0.8173195652173914,0.8130652173913044,0.8287891304347826,0.8260869565217391,0.8535826086956522,0.8840217391304348,0.8775586956521739,0.8607978260869565,0.8299434782608697,0.8405934782608696,0.806654347826087,0.8141239130434784,0.7844347826086957,0.7282130434782609,0.7221782608695653,0.6621130434782609,0.7163673913043479,0.7043304347826087,0.7073282608695652,0.7523021739130435,0.7472630434782609,0.7497760869565219,0.8224130434782609,0.8418065217391304,0.8732565217391306,0.8607978260869565,0.8434782608695652,0.8327847826086957,0.869067391304348,0.8627804347826087,0.8663130434782609,0.8956521739130435,0.9148826086956524,0.8814956521739132,0.8762195652173914,0.8375630434782608,0.8441239130434783,0.8266782608695653,0.8399021739130436,0.8139000000000001,0.8616195652173914,0.7899739130434783,0.8225413043478261,0.864908695652174,0.9188760869565218,0.8839565217391305,0.9098043478260871,0.8409869565217393,0.8256217391304348,0.8248413043478262,0.8308304347826088,0.8220978260869566,0.7987565217391305,0.8161934782608695,0.840508695652174,0.8316195652173913,0.8642978260869566,0.8677260869565219,0.8553000000000001,0.891091304347826,0.8236108695652176,0.7967717391304349,0.8252195652173914,0.7912543478260871,0.7840956521739131,0.7650304347826088,0.8174565217391305,0.8189347826086958,0.7389347826086957,0.8188847826086957
0.8419934782608697,0.8778369565217392,0.8434065217391304,0.8173913043478261,0.8521869565217391,0.8372847826086958,0.8434065217391304,0.8228217391304349,0.9014847826086956,0.8935195652173912,0.8854521739130435,0.8868717391304348,0.836558695652174,0.8035978260869566,0.8064521739130436,0.7892347826086958,0.7780413043478261,0.7373000000000001,0.7311608695652174,0.6986195652173913,0.7268652173913045,0.7144739130434783,0.7371391304347826,0.7506760869565218,0.8194978260869565,0.8337413043478261,0.8365608695652175,0.8335673913043479,0.8421891304347827,0.8171021739130435,0.8110826086956522,0.8307826086956522,0.8259413043478261,0.8510695652173914,0.8856804347826088,0.8718195652173913,0.8608695652173913,0.8325326086956523,0.8413782608695652,0.8136695652173913,0.8178739130434783,0.7849347826086958,0.7397000000000001,0.7353000000000002,0.6794195652173913,0.7119304347826088,0.7247608695652175,0.7274021739130435,0.738663043478261,0.737108695652174,0.7438282608695653,0.8218434782608696,0.841845652173913,0.8813152173913045,0.8607978260869565,0.8434782608695652,0.8305152173913044,0.8681978260869566,0.8595739130434783,0.8669521739130435,0.8942391304347828,0.9135282608695653,0.8837673913043478,0.8789391304347827,0.8412956521739131,0.8459456521739132,0.837667391304348,0.847463043478261,0.8175608695652175,0.864,0.8169260869565218,0.8291282608695653,0.8657826086956523,0.9145978260869567,0.884454347826087,0.9111695652173915,0.8419173913043478,0.7971173913043479,0.8222347826086958,0.8091304347826087,0.8176500000000001,0.8007673913043479,0.8167500000000001,0.8423565217391306,0.827604347826087,0.8253956521739131,0.8703065217391306,0.8517869565217392,0.8915956521739132,0.839995652173913,0.7898304347826087,0.8339260869565218,0.8151021739130435,0.7827500000000001,0.7740652173913044,0.8025978260869566,0.8099695652173914,0.7420630434782609,0.8150282608695653
0.8429826086956522,0.8779826086956521,0.8431152173913045,0.8173913043478261,0.8520760869565218,0.8353739130434783,0.8434782608695652,0.8306217391304349,0.9025760869565217,0.8956521739130435,0.8785130434782609,0.8853717391304348,0.8522586956521739,0.829854347826087,0.809513043478261,0.7736847826086957,0.780608695652174,0.725358695652174,0.7172956521739131,0.7065869565217392,0.7434304347826088,0.7182434782608695,0.7218978260869566,0.7463782608695654,0.8462043478260871,0.8188695652173914,0.8369021739130436,0.834654347826087,0.8513108695652175,0.8139869565217392,0.8043826086956523,0.8181695652173914,0.8257978260869566,0.8573326086956522,0.8869565217391305,0.8711195652173912,0.8607978260869565,0.8313869565217392,0.8422673913043479,0.8162869565217392,0.806113043478261,0.7840695652173914,0.7236108695652175,0.7037369565217392,0.6785217391304348,0.6992282608695652,0.7305173913043479,0.7286217391304348,0.7396260869565219,0.7380217391304348,0.7475782608695652,0.8119760869565218,0.8420826086956522,0.8731826086956523,0.8600217391304349,0.8432608695652175,0.8330413043478262,0.8698673913043479,0.8615,0.8656413043478262,0.8892108695652174,0.9189804347826088,0.8830239130434784,0.8935195652173914,0.8406782608695652,0.8420369565217393,0.8388565217391305,0.8476804347826088,0.8145065217391305,0.8379391304347826,0.8136913043478262,0.8290565217391305,0.8589000000000001,0.9217391304347827,0.8849521739130436,0.918295652173913,0.8422282608695653,0.8255369565217391,0.8211956521739131,0.7884369565217392,0.8096065217391305,0.8043391304347827,0.8141500000000002,0.8359891304347827,0.8264782608695653,0.8529782608695653,0.859321739130435,0.8536826086956523,0.8926521739130434,0.8345956521739131,0.8035934782608697,0.8139413043478262,0.7839934782608696,0.7527478260869567,0.7938239130434782,0.8137304347826088,0.8102521739130435,0.756008695652174,0.8304456521739132
0.8362652173913044,0.8744021739130434,0.8431891304347826,0.8173195652173914,0.8462913043478261,0.8366130434782609,0.8434065217391304,0.831363043478261,0.8961369565217392,0.89495,0.8834586956521739,0.8863478260869567,0.8513739130434783,0.8271739130434783,0.800604347826087,0.7812760869565217,0.7424173913043479,0.7135065217391305,0.7147565217391305,0.711413043478261,0.6936521739130436,0.7149826086956522,0.73745,0.7514021739130435,0.7962239130434783,0.8099956521739131,0.8374673913043479,0.8344673913043478,0.8489065217391306,0.8171739130434783,0.8119195652173913,0.8214413043478261,0.8194282608695653,0.864158695652174,0.8797434782608697,0.8782608695652174,0.8607239130434783,0.8348565217391306,0.8579217391304348,0.8173652173913044,0.8186782608695653,0.7810304347826088,0.7415021739130435,0.7088478260869565,0.6844934782608696,0.7050021739130435,0.6998760869565218,0.75035,0.7644869565217391,0.7497391304347827,0.7559782608695653,0.8224130434782609,0.8427804347826087,0.8808195652173912,0.8542826086956522,0.8434782608695652,0.8308695652173914,0.8697956521739131,0.8549869565217392,0.8600391304347826,0.8942391304347828,0.9084434782608697,0.8811608695652176,0.8848565217391304,0.8342369565217391,0.845354347826087,0.8417260869565218,0.8473304347826088,0.8141630434782609,0.8624217391304349,0.816554347826087,0.8291282608695653,0.8647978260869565,0.9145978260869567,0.8849521739130436,0.9125413043478261,0.8425391304347827,0.824241304347826,0.8210804347826088,0.8118130434782609,0.8191391304347827,0.8060086956521739,0.8083195652173913,0.827795652173913,0.8373652173913044,0.8439521739130436,0.8554934782608696,0.8464369565217391,0.892154347826087,0.8382565217391305,0.7614456521739131,0.8196347826086957,0.813795652173913,0.7595391304347826,0.7733978260869566,0.8078630434782609,0.8182043478260871,0.7615217391304349,0.8257065217391304
0.843054347826087,0.8769391304347827,0.8246934782608696,0.804904347826087,0.8519304347826087,0.8306804347826088,0.8434065217391304,0.8305695652173913,0.8942304347826088,0.8956521739130435,0.8846021739130435,0.8884391304347825,0.8445456521739131,0.8268847826086957,0.8158804347826087,0.7830217391304348,0.7821434782608696,0.7288956521739132,0.7163195652173914,0.7224760869565218,0.721895652173913,0.7144478260869566,0.6865826086956522,0.7446608695652175,0.8228630434782609,0.8089804347826087,0.8362478260869566,0.837404347826087,0.8450021739130436,0.8173195652173914,0.8122326086956523,0.82935,0.8194282608695653,0.8498434782608696,0.8762478260869565,0.8711195652173912,0.8607978260869565,0.8361413043478262,0.8533195652173914,0.8183978260869567,0.7999782608695652,0.7833217391304348,0.7384608695652174,0.7047586956521739,0.6791108695652175,0.6910760869565218,0.703658695652174,0.6693260869565217,0.7637,0.7005065217391305,0.7462304347826089,0.823554347826087,0.8424673913043479,0.8789434782608697,0.8607978260869565,0.8433326086956522,0.8289956521739131,0.8714043478260869,0.8611,0.8546673913043479,0.8956521739130435,0.9104826086956521,0.8897217391304348,0.8709456521739132,0.8403695652173915,0.8322260869565218,0.8411804347826088,0.8461956521739131,0.808158695652174,0.8485739130434784,0.8213260869565219,0.8294173913043479,0.8627782608695653,0.9145978260869567,0.884454347826087,0.9169260869565218,0.8354760869565218,0.8253826086956522,0.8207304347826088,0.8380608695652174,0.821313043478261,0.8036239130434784,0.8129847826086957,0.8438065217391306,0.8310586956521739,0.8304521739130435,0.8697956521739131,0.838263043478261,0.8866369565217394,0.8415260869565219,0.7991913043478261,0.8047391304347826,0.8234369565217393,0.7796782608695653,0.7909413043478262,0.8211239130434783,0.7910717391304349,0.7499282608695653,0.8230434782608697
0.828854347826087,0.8804978260869567,0.8434065217391304,0.8172456521739131,0.8467673913043479,0.8318934782608697,0.8433326086956522,0.8288630434782609,0.8882934782608696,0.8925369565217391,0.8839565217391305,0.8942391304347828,0.852658695652174,0.8032347826086959,0.8089195652173913,0.7915630434782609,0.7798391304347827,0.7271173913043478,0.7338456521739131,0.7217652173913044,0.7204608695652175,0.7307760869565217,0.7157282608695652,0.733354347826087,0.8218978260869566,0.8376347826086956,0.837804347826087,0.8362543478260871,0.8492608695652175,0.8171739130434783,0.8050608695652175,0.8143739130434784,0.8259413043478261,0.8623521739130435,0.8775804347826088,0.8768478260869567,0.8608695652173913,0.8257108695652176,0.8420413043478262,0.8208869565217393,0.805104347826087,0.7890304347826087,0.7295282608695653,0.720904347826087,0.685708695652174,0.7069782608695653,0.724154347826087,0.7481260869565217,0.7532608695652174,0.7432260869565218,0.7577434782608696,0.8168369565217392,0.8411500000000001,0.8798739130434783,0.860154347826087,0.8433326086956522,0.8264760869565217,0.8710739130434784,0.8631847826086957,0.8654826086956522,0.8956521739130435,0.900354347826087,0.8911391304347827,0.883513043478261,0.8400608695652174,0.8489021739130437,0.8398347826086957,0.841313043478261,0.8161434782608696,0.8578913043478261,0.8196478260869565,0.8293456521739131,0.8651282608695653,0.9217391304347827,0.8869565217391305,0.9098043478260871,0.8415695652173913,0.8267782608695653,0.8292608695652175,0.8313847826086957,0.8223478260869566,0.8035326086956522,0.8154065217391305,0.8152695652173915,0.811754347826087,0.863404347826087,0.869104347826087,0.8544891304347827,0.8858608695652175,0.841058695652174,0.7971847826086956,0.8217717391304348,0.8080978260869566,0.7368891304347827,0.7828326086956522,0.8129956521739131,0.8079326086956523,0.7312717391304349,0.8302891304347827
0.828708695652174,0.8781913043478261,0.8402173913043479,0.8173195652173914,0.851204347826087,0.835104347826087,0.8434782608695652,0.8295173913043479,0.896495652173913,0.8956521739130435,0.8846021739130435,0.8859782608695652,0.8434978260869566,0.7906413043478262,0.7952043478260871,0.7924434782608697,0.7609391304347828,0.7327304347826088,0.7129195652173913,0.7007195652173913,0.7147239130434783,0.7129043478260869,0.733354347826087,0.7440478260869566,0.8362195652173914,0.8037673913043479,0.8049565217391305,0.8288956521739131,0.838463043478261,0.814058695652174,0.8105521739130435,0.8229847826086957,0.8257239130434784,0.8679347826086956,0.8858999999999999,0.8700500000000001,0.8544282608695652,0.839458695652174,0.8518500000000001,0.8128913043478262,0.8351434782608697,0.7866978260869566,0.7375804347826088,0.7088021739130435,0.675,0.6910065217391305,0.6856021739130436,0.7034,0.7284304347826087,0.7419130434782609,0.7420739130434784,0.8134217391304348,0.8367239130434784,0.8707521739130436,0.8600956521739131,0.8424869565217392,0.832095652173913,0.8714043478260869,0.8617565217391305,0.8608239130434783,0.8956521739130435,0.9165739130434783,0.8760543478260869,0.893154347826087,0.8403695652173915,0.8418108695652174,0.8386282608695652,0.847754347826087,0.8083282608695652,0.8280478260869566,0.8217978260869565,0.8288391304347827,0.861163043478261,0.9203260869565216,0.884454347826087,0.9126195652173914,0.8421913043478262,0.7975065217391305,0.7985065217391305,0.79695,0.8211826086956522,0.8026239130434784,0.8133369565217391,0.8419391304347827,0.8113173913043479,0.8634456521739131,0.8705652173913044,0.8476456521739131,0.885217391304348,0.8410391304347827,0.7959108695652174,0.8100260869565218,0.7873434782608697,0.7780217391304348,0.8000391304347827,0.7974282608695653,0.7850021739130436,0.7475608695652174,0.8231586956521739
0.8434782608695652,0.8739108695652175,0.8434065217391304,0.8172456521739131,0.8465500000000001,0.835104347826087,0.8434782608695652,0.828058695652174,0.8950434782608697,0.8956521739130435,0.8859521739130436,0.8827108695652176,0.8528760869565218,0.8177304347826088,0.7837739130434783,0.7895804347826088,0.7677217391304348,0.7112152173913043,0.7353891304347827,0.716058695652174,0.7009847826086957,0.7294478260869566,0.7267847826086957,0.7358804347826088,0.8455347826086956,0.8279173913043478,0.8379413043478261,0.8332195652173914,0.8438065217391306,0.8171739130434783,0.8130652173913044,0.7974260869565218,0.8194282608695653,0.8547239130434783,0.8848239130434784,0.8782608695652174,0.8600956521739131,0.827113043478261,0.8265021739130435,0.8194586956521741,0.826758695652174,0.7823478260869565,0.7307608695652175,0.7339891304347826,0.6838347826086958,0.7131304347826088,0.7095413043478261,0.7376782608695653,0.7753565217391305,0.7384304347826088,0.7409173913043479,0.8069065217391305,0.8350369565217391,0.8735326086956523,0.8450173913043479,0.8435934782608697,0.8324195652173914,0.8653108695652175,0.8559369565217392,0.864404347826087,0.8841021739130435,0.9088108695652175,0.8875217391304349,0.8789391304347827,0.8414978260869567,0.8455673913043479,0.841958695652174,0.847108695652174,0.8130847826086958,0.86355,0.8217173913043478,0.829504347826087,0.8328021739130436,0.9213478260869565,0.8857108695652175,0.9146282608695654,0.843058695652174,0.7983760869565218,0.8324434782608697,0.8343521739130436,0.813154347826087,0.8030282608695652,0.8201978260869566,0.8403,0.7865152173913045,0.8481739130434783,0.8564434782608696,0.8473239130434783,0.8768347826086959,0.8413934782608696,0.794713043478261,0.8224108695652175,0.8182391304347827,0.7784434782608697,0.7805260869565218,0.8173782608695653,0.7994217391304349,0.7581608695652174,0.8163913043478261
0.8420021739130436,0.8760282608695652,0.8434065217391304,0.8173913043478261,0.8508065217391305,0.8361521739130436,0.8434782608695652,0.83055,0.9017782608695653,0.89495,0.8839565217391305,0.8839282608695652,0.8458891304347826,0.8301456521739131,0.8126347826086957,0.7766934782608697,0.7683304347826088,0.71435,0.7381369565217393,0.7311478260869566,0.7244978260869566,0.7270695652173914,0.7307739130434783,0.744663043478261,0.8411826086956522,0.8311804347826088,0.8308217391304349,0.8196695652173914,0.8447739130434783,0.8172456521739131,0.7768826086956523,0.8324347826086957,0.8253847826086957,0.843463043478261,0.8622500000000001,0.8718195652173913,0.8601673913043479,0.8370000000000001,0.8401739130434783,0.8072347826086957,0.8114195652173913,0.7792500000000001,0.7282021739130435,0.6780739130434783,0.6896695652173914,0.7097369565217392,0.7309456521739132,0.7090173913043478,0.7674043478260869,0.7483130434782609,0.7421434782608697,0.8134673913043479,0.8417717391304348,0.8756891304347826,0.857754347826087,0.8403630434782609,0.8300739130434783,0.857958695652174,0.8635913043478262,0.864058695652174,0.8892108695652174,0.9152108695652175,0.8890695652173913,0.8848565217391304,0.8345456521739132,0.8344869565217392,0.8338152173913045,0.8471869565217393,0.8123804347826088,0.8600847826086957,0.8195260869565218,0.8301434782608696,0.863458695652174,0.9203260869565216,0.884454347826087,0.915563043478261,0.8416065217391304,0.8257521739130436,0.828045652173913,0.8077608695652174,0.8145739130434784,0.8024413043478261,0.8110739130434783,0.8146695652173914,0.8009086956521739,0.8138478260869566,0.8679065217391305,0.8464369565217391,0.8925804347826086,0.8424391304347826,0.7931456521739131,0.8147847826086957,0.7986934782608696,0.7849195652173914,0.806504347826087,0.77975,0.807113043478261,0.7559782608695653,0.8062369565217391
0.8434065217391304,0.870254347826087,0.8434782608695652,0.8173913043478261,0.8523304347826087,0.8342500000000002,0.8434065217391304,0.8295304347826088,0.9014847826086956,0.89495,0.8834586956521739,0.8803891304347826,0.8483826086956522,0.8300000000000001,0.8072869565217392,0.7841347826086957,0.7553304347826088,0.7337152173913044,0.7242000000000001,0.6934282608695653,0.6695652173913044,0.7042456521739131,0.7308782608695653,0.7338173913043479,0.8484304347826087,0.8396586956521739,0.8317282608695652,0.8344521739130436,0.841563043478261,0.8171739130434783,0.8127478260869566,0.8301260869565218,0.8260152173913043,0.8615673913043479,0.8747456521739132,0.8782608695652174,0.8605195652173914,0.8326195652173913,0.8536413043478261,0.811667391304348,0.8301782608695653,0.7789913043478262,0.724754347826087,0.6876956521739132,0.6800608695652175,0.7032304347826088,0.7177282608695653,0.7129913043478261,0.749058695652174,0.7277108695652175,0.7395434782608697,0.820504347826087,0.841845652173913,0.8799260869565219,0.8607239130434783,0.8433326086956522,0.8311347826086958,0.8714760869565217,0.8607717391304348,0.8649152173913044,0.8956521739130435,0.911745652173913,0.884817391304348,0.8785695652173915,0.8412956521739131,0.8383913043478262,0.8345760869565219,0.8476804347826088,0.8171239130434783,0.8126913043478262,0.8169413043478262,0.8286934782608696,0.855304347826087,0.9206826086956521,0.8780130434782608,0.9091217391304349,0.8418804347826088,0.8255,0.8201195652173914,0.8278369565217392,0.8230000000000001,0.8041608695652174,0.8105869565217392,0.8339500000000001,0.8380391304347826,0.8381391304347826,0.8703065217391306,0.8476456521739131,0.8890391304347827,0.838208695652174,0.7914369565217392,0.821708695652174,0.7878021739130436,0.7898173913043479,0.6757739130434782,0.7862847826086957,0.8106652173913044,0.7355565217391306,0.8282239130434783
0.8358391304347826,0.8773521739130435,0.8434782608695652,0.8172456521739131,0.8462913043478261,0.8284456521739132,0.8433326086956522,0.8294847826086957,0.9001326086956521,0.8942391304347828,0.8780130434782608,0.8927891304347828,0.8507326086956523,0.8297804347826088,0.7992413043478261,0.7860826086956523,0.7396804347826088,0.724758695652174,0.7124239130434783,0.7020217391304349,0.7218304347826088,0.7094565217391304,0.724958695652174,0.7445978260869567,0.8420695652173914,0.8363521739130435,0.8115282608695653,0.8297543478260869,0.837717391304348,0.8173195652173914,0.8054782608695653,0.8295717391304348,0.8258695652173913,0.8657739130434783,0.8716217391304348,0.8764891304347827,0.8542826086956522,0.8350043478260871,0.8537782608695653,0.806463043478261,0.7900804347826088,0.7716108695652174,0.7276000000000001,0.7185608695652175,0.7142304347826087,0.7025521739130436,0.7175891304347827,0.7230108695652174,0.7470326086956522,0.737058695652174,0.7534086956521739,0.8204956521739131,0.8427804347826087,0.8792195652173914,0.8605065217391306,0.8434782608695652,0.8327847826086957,0.8714760869565217,0.8611717391304348,0.8657652173913044,0.8956521739130435,0.9196695652173914,0.8890173913043479,0.8892108695652174,0.8412956521739131,0.8471326086956522,0.8313565217391305,0.8471239130434783,0.8117369565217392,0.8557260869565217,0.8185456521739131,0.8299260869565218,0.849945652173913,0.9210369565217392,0.8839565217391305,0.8961869565217393,0.836413043478261,0.822158695652174,0.8288847826086958,0.8243456521739132,0.820913043478261,0.792158695652174,0.81275,0.8437000000000001,0.8110565217391305,0.850104347826087,0.8524782608695654,0.8544891304347827,0.8899326086956524,0.840708695652174,0.7923913043478261,0.8057347826086958,0.8028260869565218,0.7856760869565218,0.7909760869565218,0.8138978260869565,0.8061282608695653,0.7502608695652174,0.8140478260869567
0.8368195652173913,0.8691956521739131,0.8369652173913044,0.8172456521739131,0.8452717391304349,0.8376086956521739,0.8167130434782609,0.8311913043478262,0.8888695652173914,0.8956521739130435,0.8832521739130437,0.8803891304347826,0.8520043478260869,0.8035260869565218,0.8042217391304348,0.7825891304347826,0.7705869565217391,0.7163869565217391,0.7149782608695653,0.6966413043478262,0.7169108695652174,0.7123782608695652,0.7198847826086957,0.728791304347826,0.8422130434782609,0.8376217391304349,0.8230956521739131,0.8202847826086958,0.8459782608695652,0.8173195652173914,0.8120239130434783,0.8175869565217392,0.8259413043478261,0.8507717391304348,0.8837695652173914,0.8782608695652174,0.8608695652173913,0.8372369565217392,0.8528413043478261,0.8157826086956522,0.8312804347826087,0.7708913043478262,0.7255565217391304,0.7333869565217392,0.6779282608695654,0.6988413043478261,0.7035652173913043,0.6996130434782609,0.7289369565217392,0.7458195652173913,0.7495934782608696,0.8200065217391305,0.8413173913043479,0.8813152173913045,0.8607239130434783,0.8427760869565218,0.8324239130434784,0.8710021739130436,0.8561956521739131,0.8636217391304349,0.8892108695652174,0.915563043478261,0.8900130434782609,0.8859782608695652,0.8406782608695652,0.8490108695652174,0.832904347826087,0.8478260869565218,0.8182673913043479,0.8227239130434784,0.8103630434782609,0.8230500000000001,0.8633456521739132,0.9217391304347827,0.884454347826087,0.9162434782608696,0.8412956521739131,0.8206760869565218,0.8260282608695654,0.8297195652173914,0.8235673913043479,0.8032608695652175,0.8168608695652174,0.8426239130434784,0.8110021739130435,0.8668804347826088,0.8685217391304348,0.8549369565217392,0.8905978260869566,0.8218108695652175,0.7975695652173914,0.8049760869565218,0.8272978260869566,0.7736826086956522,0.7985739130434784,0.8154456521739132,0.7738782608695653,0.7550108695652173,0.8271152173913044
0.8420717391304348,0.8770847826086956,0.8166413043478261,0.8173195652173914,0.8508065217391305,0.8299456521739131,0.8434782608695652,0.831363043478261,0.9025760869565217,0.89495,0.8839565217391305,0.8920978260869566,0.8506608695652175,0.830363043478261,0.8068804347826087,0.7934826086956522,0.776908695652174,0.7003456521739131,0.7387826086956523,0.7284695652173913,0.7127760869565218,0.7232217391304347,0.7253195652173914,0.7496260869565218,0.8151999999999999,0.8367913043478261,0.8233695652173912,0.8253282608695653,0.8420782608695653,0.8172456521739131,0.8083869565217392,0.8301260869565218,0.8260152173913043,0.8535804347826088,0.8803695652173913,0.8775586956521739,0.8608695652173913,0.8370782608695653,0.848,0.8048217391304349,0.8263652173913044,0.7872804347826087,0.7358239130434783,0.7131326086956522,0.6975021739130435,0.7004586956521739,0.6970152173913043,0.7271760869565218,0.7359456521739131,0.7361760869565217,0.7373130434782609,0.8195978260869566,0.8425391304347827,0.8800260869565218,0.8607978260869565,0.8434782608695652,0.8313108695652175,0.8706695652173913,0.8615,0.865195652173913,0.89495,0.9148826086956524,0.8897391304347826,0.8781978260869566,0.8357891304347828,0.8420804347826087,0.8389500000000001,0.8469065217391304,0.8169478260869565,0.8528869565217392,0.799904347826087,0.8301434782608696,0.8618565217391306,0.9188760869565218,0.8864543478260871,0.9148826086956524,0.8428521739130435,0.8255891304347827,0.8287891304347826,0.8163304347826087,0.8045782608695653,0.8020739130434783,0.8169717391304349,0.8345434782608697,0.838004347826087,0.8503782608695653,0.8581108695652174,0.8484978260869566,0.8894739130434784,0.8377413043478261,0.795645652173913,0.8085869565217392,0.823054347826087,0.7763456521739132,0.7455,0.8085021739130436,0.7883608695652174,0.7394913043478261,0.8209217391304349
0.8418565217391305,0.8646913043478262,0.8432608695652175,0.8173195652173914,0.8536108695652174,0.834608695652174,0.8434065217391304,0.8283282608695653,0.8982978260869566,0.8856456521739131,0.8854521739130435,0.8877282608695652,0.8512760869565218,0.8293695652173914,0.8128913043478262,0.7934826086956522,0.7768347826086958,0.7239913043478262,0.7408260869565217,0.7195565217391305,0.7289391304347826,0.7060000000000001,0.7407847826086957,0.7427630434782609,0.8427326086956523,0.8362260869565218,0.8366847826086957,0.8356695652173913,0.847058695652174,0.8164000000000001,0.8138673913043478,0.8292369565217392,0.8260869565217391,0.8614239130434784,0.8800217391304348,0.8714717391304349,0.8607978260869565,0.8269043478260871,0.8512304347826087,0.7731934782608696,0.8401804347826087,0.7843652173913045,0.7132565217391305,0.7192326086956522,0.6814695652173913,0.7079021739130436,0.7140913043478261,0.7184782608695652,0.7624369565217392,0.7245934782608696,0.7574152173913045,0.8186173913043479,0.8428521739130435,0.8805043478260871,0.8607978260869565,0.8434065217391304,0.8268086956521741,0.8622260869565218,0.8623782608695653,0.8675913043478262,0.8942391304347828,0.914204347826087,0.8907521739130435,0.89495,0.8409869565217393,0.8352239130434784,0.8357304347826088,0.8476804347826088,0.8094130434782609,0.8353934782608696,0.8191608695652174,0.8234108695652175,0.8504108695652174,0.9057565217391305,0.8849521739130436,0.9162434782608696,0.8425391304347827,0.8272413043478262,0.8291260869565218,0.8227565217391305,0.8074217391304348,0.80425,0.8196717391304348,0.8371195652173914,0.837263043478261,0.8571130434782609,0.8632804347826087,0.8484543478260871,0.8930782608695652,0.8322,0.8043434782608696,0.8241934782608696,0.8195065217391305,0.7861195652173915,0.772545652173913,0.792104347826087,0.7876173913043479,0.7360260869565218,0.8267913043478261
0.842413043478261,0.8783956521739132,0.8433326086956522,0.8173195652173914,0.8520043478260869,0.8334173913043479,0.8434065217391304,0.8287717391304349,0.9020086956521739,0.8942391304347828,0.8826108695652175,0.8928282608695652,0.8531326086956522,0.8295152173913044,0.7998543478260871,0.7877239130434783,0.7726586956521739,0.710917391304348,0.7268826086956522,0.7268652173913045,0.7112739130434783,0.708713043478261,0.7010978260869567,0.7472869565217393,0.8337630434782609,0.8033152173913044,0.7870869565217392,0.8301391304347827,0.8489195652173914,0.8171739130434783,0.8169217391304349,0.833658695652174,0.8260152173913043,0.8667021739130436,0.8848239130434784,0.8782608695652174,0.8607978260869565,0.8317630434782609,0.8478760869565217,0.822154347826087,0.826908695652174,0.7877239130434783,0.7352847826086958,0.7212260869565218,0.6945413043478261,0.7044021739130435,0.6606391304347827,0.6856565217391305,0.7318260869565217,0.7358695652173913,0.7503434782608696,0.8223434782608696,0.8419173913043478,0.8805760869565218,0.8599369565217392,0.8102,0.830604347826087,0.8714760869565217,0.8619021739130436,0.8603956521739131,0.89495,0.9057086956521738,0.8888217391304349,0.8885108695652175,0.8409869565217393,0.8483391304347826,0.8398021739130435,0.8412391304347826,0.8138673913043479,0.8566391304347828,0.8166,0.8294913043478261,0.8632326086956522,0.9071869565217391,0.8869565217391305,0.9169260869565218,0.8428521739130435,0.8256978260869566,0.818304347826087,0.8115521739130435,0.8210630434782609,0.7963652173913045,0.8151804347826088,0.8420608695652175,0.8380891304347827,0.8373847826086958,0.8637565217391305,0.8548956521739132,0.8926521739130434,0.8369826086956523,0.7862413043478262,0.8139760869565219,0.8092543478260871,0.7593021739130436,0.7900021739130435,0.7592695652173913,0.7555000000000001,0.767954347826087,0.8222217391304348
0.8418565217391305,0.8690500000000001,0.842704347826087,0.8172456521739131,0.8539391304347826,0.8366130434782609,0.8431891304347826,0.8240195652173914,0.8773456521739132,0.8956521739130435,0.8778086956521739,0.883513043478261,0.8416695652173914,0.8301456521739131,0.807463043478261,0.7783891304347826,0.7813869565217392,0.7268717391304348,0.7164782608695652,0.6847695652173913,0.6957934782608696,0.7196934782608696,0.7278565217391305,0.7470260869565218,0.8219913043478261,0.7850478260869566,0.8353108695652175,0.8314543478260871,0.8472956521739132,0.8171739130434783,0.8061,0.7947869565217391,0.8260152173913043,0.8491956521739131,0.8730347826086957,0.8775586956521739,0.8469478260869566,0.8371108695652175,0.8471500000000001,0.8157760869565218,0.8348260869565218,0.7848391304347827,0.7189521739130434,0.7091065217391306,0.6662152173913044,0.7123021739130435,0.7164456521739131,0.7216695652173913,0.753808695652174,0.7494913043478262,0.7505043478260871,0.8151717391304348,0.8429630434782609,0.8803760869565219,0.8604195652173914,0.8437391304347827,0.83225,0.8708,0.8603717391304349,0.8636217391304349,0.8944652173913044,0.9156369565217394,0.8898282608695652,0.8840934782608697,0.8421217391304349,0.8481152173913044,0.8373673913043479,0.8478847826086957,0.8163956521739131,0.8369565217391304,0.8221891304347827,0.8295782608695653,0.8457521739130436,0.9127739130434783,0.8852108695652176,0.9086347826086957,0.8424326086956522,0.8250347826086958,0.8236217391304349,0.8097217391304349,0.8202434782608696,0.8047369565217392,0.8105869565217392,0.8420804347826087,0.8228652173913044,0.8505369565217392,0.870945652173913,0.8545326086956523,0.8676173913043479,0.8259782608695653,0.8059717391304348,0.8273,0.8177978260869566,0.7862217391304349,0.7713869565217392,0.7933826086956522,0.8216152173913044,0.7256065217391305,0.8062630434782608
0.8434065217391304,0.8770130434782609,0.8433326086956522,0.8172456521739131,0.8511304347826087,0.833913043478261,0.8433326086956522,0.8263804347826088,0.8876347826086958,0.8956521739130435,0.8826108695652175,0.8859782608695652,0.8478304347826088,0.8301456521739131,0.8045,0.7750434782608696,0.7800173913043478,0.7114282608695652,0.7386369565217392,0.6990413043478261,0.747908695652174,0.7108456521739132,0.7288586956521741,0.7454978260869566,0.8485826086956523,0.8087108695652174,0.8382195652173914,0.8046934782608696,0.8489260869565217,0.8171739130434783,0.8146695652173913,0.8236304347826088,0.8257978260869566,0.8680804347826088,0.8768043478260872,0.8718195652173913,0.8608695652173913,0.8404413043478263,0.8454304347826088,0.817458695652174,0.8295717391304348,0.7899456521739131,0.7224413043478262,0.7318782608695652,0.67435,0.717513043478261,0.7035413043478261,0.7321826086956522,0.7673239130434784,0.743654347826087,0.7581108695652174,0.8183978260869567,0.8420826086956522,0.8797695652173912,0.8543565217391305,0.8431891304347826,0.832354347826087,0.8706695652173913,0.8600695652173913,0.8637869565217392,0.89495,0.9189804347826088,0.8879652173913045,0.8859782608695652,0.8388326086956522,0.8406,0.835013043478261,0.847754347826087,0.8132021739130436,0.8556456521739132,0.8216804347826088,0.8298521739130434,0.8662173913043479,0.9198739130434783,0.8834586956521739,0.9162434782608696,0.8412956521739131,0.8113021739130435,0.8255565217391304,0.8378173913043478,0.8175652173913044,0.8066130434782609,0.8170826086956523,0.8392934782608696,0.8313434782608696,0.8625434782608696,0.8699782608695653,0.8521130434782609,0.8861521739130435,0.8304891304347827,0.8064478260869565,0.8255891304347828,0.8152434782608696,0.7550239130434784,0.8051782608695652,0.7866565217391305,0.8013369565217392,0.7363478260869566,0.8339913043478262
0.8366152173913044,0.8764565217391305,0.8434065217391304,0.8171021739130435,0.8460347826086957,0.828563043478261,0.8432608695652175,0.828904347826087,0.8957021739130434,0.8942391304347828,0.8841021739130435,0.8870065217391305,0.8492913043478262,0.8302891304347827,0.8031804347826088,0.7805413043478261,0.7501739130434784,0.7200760869565219,0.7232326086956522,0.7094152173913044,0.6796130434782609,0.7222869565217391,0.7385456521739131,0.743104347826087,0.8351478260869566,0.8099717391304349,0.8386804347826088,0.8346695652173913,0.8427956521739131,0.8172456521739131,0.8147695652173913,0.8270782608695653,0.819645652173913,0.8551478260869566,0.8824282608695653,0.8737652173913045,0.8608695652173913,0.8263956521739131,0.8312282608695652,0.8143043478260871,0.8341934782608696,0.7794413043478262,0.7271413043478262,0.7193478260869566,0.6515782608695653,0.6891956521739131,0.6994608695652176,0.7180456521739131,0.7609913043478261,0.7590217391304349,0.7335695652173914,0.8202021739130435,0.8396065217391305,0.8751369565217391,0.859658695652174,0.8434782608695652,0.8301608695652175,0.8718804347826088,0.8603000000000001,0.8678804347826087,0.8956521739130435,0.9148826086956524,0.8880434782608696,0.8820413043478261,0.8372543478260871,0.8377847826086957,0.8436260869565217,0.84025,0.8143739130434783,0.8570695652173914,0.8170565217391305,0.8292739130434783,0.8624369565217392,0.9145978260869567,0.8869565217391305,0.914204347826087,0.8416065217391304,0.8254630434782609,0.797545652173913,0.8356717391304348,0.8205630434782609,0.8045173913043479,0.8152934782608696,0.8426630434782609,0.8385065217391304,0.8544195652173913,0.8676543478260871,0.8553000000000001,0.8925804347826086,0.8408978260869565,0.7987804347826089,0.81575,0.7853760869565218,0.7828934782608696,0.8043978260869565,0.8134108695652175,0.8230934782608695,0.758813043478261,0.8233478260869566
0.8420630434782609,0.8803217391304349,0.8432608695652175,0.8170282608695653,0.8508782608695653,0.8349500000000001,0.8434782608695652,0.8295652173913044,0.8948478260869566,0.8818021739130437,0.8780130434782608,0.8841652173913045,0.8485391304347827,0.8271739130434783,0.8124413043478262,0.7723847826086957,0.7671173913043479,0.7327869565217392,0.7312217391304349,0.6914239130434784,0.7129608695652174,0.7302478260869566,0.7294804347826087,0.7502934782608697,0.8203304347826088,0.8375173913043478,0.8370826086956522,0.8328369565217393,0.8468195652173913,0.8169695652173914,0.813054347826087,0.8303456521739131,0.8258695652173913,0.8630521739130436,0.8721869565217392,0.8775586956521739,0.8607978260869565,0.8268565217391305,0.8480717391304348,0.7991043478260871,0.8222804347826088,0.7747586956521739,0.7233782608695652,0.6846369565217392,0.6886673913043478,0.7019152173913045,0.7078304347826088,0.7342434782608696,0.7279108695652174,0.7410608695652174,0.7614652173913045,0.8186347826086957,0.8318391304347826,0.87975,0.8600826086956522,0.8434782608695652,0.8316434782608697,0.8701956521739131,0.8623782608695653,0.8616673913043479,0.89495,0.9148826086956524,0.8854869565217393,0.8893695652173914,0.8397108695652176,0.8452282608695653,0.8373608695652174,0.8478260869565218,0.8044891304347827,0.8645739130434783,0.8181739130434783,0.8297086956521739,0.8536608695652176,0.9054260869565217,0.8785130434782609,0.9091217391304349,0.8412956521739131,0.8255,0.823241304347826,0.8384717391304348,0.8233826086956523,0.8044282608695653,0.8120369565217391,0.8320065217391305,0.8111108695652175,0.8386630434782609,0.8706391304347826,0.8553000000000001,0.8941478260869566,0.8369413043478262,0.8096478260869566,0.8199826086956522,0.7941108695652175,0.7826500000000001,0.7707717391304348,0.7923391304347827,0.8079478260869567,0.7467478260869566,0.8352021739130434
0.8427652173913045,0.8651065217391305,0.8432608695652175,0.8107326086956523,0.8520760869565218,0.8326869565217392,0.8434065217391304,0.8293978260869566,0.8967065217391306,0.8953021739130435,0.8822608695652174,0.8838565217391304,0.8516760869565219,0.8299260869565218,0.8061826086956523,0.7861978260869565,0.7802173913043479,0.7208152173913044,0.6785456521739132,0.7212282608695654,0.72955,0.6983195652173914,0.7241717391304349,0.7453152173913044,0.8345326086956522,0.8299369565217392,0.8110717391304348,0.8360565217391305,0.842371739130435,0.8173913043478261,0.8101239130434783,0.8249608695652175,0.8260152173913043,0.866413043478261,0.872258695652174,0.8775586956521739,0.8607978260869565,0.8219521739130434,0.8278217391304349,0.8155239130434783,0.8278000000000001,0.7760217391304348,0.7182586956521739,0.701954347826087,0.6816543478260869,0.7027260869565218,0.6973739130434783,0.7030478260869566,0.7259108695652176,0.7322173913043478,0.7374717391304348,0.813858695652174,0.8409152173913044,0.8734326086956522,0.8600217391304349,0.8433326086956522,0.8313065217391306,0.8701956521739131,0.8541847826086958,0.8634978260869566,0.8956521739130435,0.9138543478260871,0.8920369565217392,0.8922282608695654,0.8388021739130435,0.8486543478260871,0.8349608695652174,0.8437913043478261,0.8180913043478262,0.8441782608695653,0.8138413043478261,0.822758695652174,0.8664326086956523,0.9196065217391306,0.8834586956521739,0.9148826086956524,0.8431652173913045,0.8268695652173913,0.8270782608695653,0.8381173913043479,0.8221804347826087,0.8009565217391306,0.8180652173913043,0.8291195652173914,0.7973695652173913,0.8542673913043479,0.8577195652173913,0.8521847826086957,0.8936478260869566,0.8339260869565217,0.7971173913043479,0.8276195652173914,0.8252804347826087,0.7894565217391305,0.7651217391304349,0.7939260869565217,0.7981673913043479,0.7427565217391305,0.8252456521739131
0.8430434782608697,0.8763565217391306,0.8434065217391304,0.8173913043478261,0.8483565217391305,0.8363956521739131,0.8432608695652175,0.8294869565217392,0.9026478260869565,0.8956521739130435,0.8780130434782608,0.8920478260869565,0.8483086956521739,0.8300000000000001,0.8079500000000001,0.7836586956521739,0.7315347826086956,0.7253000000000001,0.7149891304347826,0.7091065217391306,0.7290130434782609,0.7124304347826087,0.7171282608695654,0.7378000000000001,0.8415369565217391,0.8360260869565218,0.8106804347826088,0.8362739130434783,0.8462195652173915,0.8173195652173914,0.8120239130434783,0.8266130434782608,0.8260869565217391,0.8624239130434783,0.8798152173913044,0.8775586956521739,0.8608695652173913,0.8326673913043479,0.8566413043478261,0.8155652173913044,0.8032108695652175,0.787554347826087,0.7314717391304348,0.7423565217391305,0.6994717391304349,0.7033652173913044,0.6970695652173914,0.7086760869565217,0.7804152173913045,0.7498304347826087,0.7474478260869565,0.819163043478261,0.8411500000000001,0.8774108695652174,0.8608695652173913,0.8433326086956522,0.8318260869565219,0.8706695652173913,0.8623065217391305,0.8658391304347826,0.8956521739130435,0.9162434782608696,0.8782260869565218,0.8856065217391305,0.8409869565217393,0.8461304347826087,0.8312891304347826,0.8469782608695652,0.8179152173913045,0.8637999999999999,0.8214456521739131,0.8297086956521739,0.8626652173913044,0.9203260869565216,0.8780130434782608,0.915563043478261,0.8425391304347827,0.8192978260869566,0.8315413043478261,0.8371804347826087,0.8220978260869566,0.8031717391304348,0.8173021739130436,0.8021673913043479,0.8111239130434782,0.8367760869565218,0.8715913043478263,0.8488608695652176,0.8927978260869566,0.8372434782608696,0.815508695652174,0.8312565217391306,0.8253717391304348,0.7765608695652175,0.8044739130434784,0.8149086956521739,0.8121304347826088,0.750263043478261,0.8323108695652175
0.8432608695652175,0.8716152173913044,0.8431152173913045,0.8172456521739131,0.8520043478260869,0.833458695652174,0.8434782608695652,0.8295260869565217,0.8950434782608697,0.8956521739130435,0.8854521739130435,0.8935195652173914,0.8532065217391305,0.8295826086956524,0.8154347826086958,0.7900369565217392,0.7619826086956522,0.7265521739130436,0.7077782608695652,0.7184608695652175,0.6967413043478261,0.7064434782608697,0.7236347826086957,0.7432021739130436,0.8350000000000001,0.8036891304347826,0.8113413043478261,0.8334978260869566,0.839917391304348,0.8171739130434783,0.8086065217391305,0.8290913043478261,0.8259413043478261,0.8624869565217391,0.8761760869565217,0.8782608695652174,0.8600217391304349,0.8379978260869567,0.8465152173913044,0.8190108695652175,0.7973000000000001,0.7838869565217392,0.7205000000000001,0.7206260869565219,0.6643934782608696,0.7068630434782609,0.7144565217391305,0.7368760869565217,0.7422195652173913,0.7344565217391305,0.7544217391304349,0.819108695652174,0.8419173913043478,0.8728326086956522,0.8607978260869565,0.8433326086956522,0.8319108695652174,0.8718804347826088,0.8615717391304348,0.8651304347826089,0.893154347826087,0.915563043478261,0.8749369565217392,0.8927891304347828,0.8388326086956522,0.8464043478260871,0.8363152173913044,0.847608695652174,0.8172934782608696,0.8503608695652174,0.8106934782608697,0.8292,0.8560913043478261,0.9015869565217391,0.8818369565217392,0.9144956521739132,0.8425391304347827,0.8060608695652175,0.8162913043478262,0.8375673913043479,0.8143217391304348,0.8019804347826087,0.8166391304347828,0.8304108695652175,0.8368608695652175,0.8614695652173915,0.869758695652174,0.8529565217391306,0.8867086956521741,0.8404673913043479,0.8056413043478261,0.8191891304347827,0.7882021739130435,0.7525434782608696,0.7844065217391305,0.8122152173913044,0.7709978260869567,0.7438847826086957,0.8318391304347826
0.8419934782608697,0.8643717391304349,0.8434065217391304,0.8173195652173914,0.851458695652174,0.8342869565217392,0.8426304347826088,0.8227326086956522,0.8777956521739132,0.8956521739130435,0.8822608695652174,0.8863478260869567,0.8519304347826087,0.8034521739130435,0.8132021739130436,0.7843173913043479,0.7877304347826087,0.719895652173913,0.7250413043478261,0.7194108695652174,0.7142000000000001,0.7222239130434783,0.7285239130434783,0.7644804347826087,0.8354913043478261,0.8303826086956523,0.8107586956521741,0.8353739130434783,0.8519043478260869,0.8173195652173914,0.8149695652173913,0.8245347826086957,0.8260152173913043,0.8455065217391304,0.8783826086956521,0.8696869565217392,0.8607978260869565,0.8396456521739131,0.8467978260869566,0.7891434782608696,0.8296652173913045,0.7896978260869566,0.7227652173913044,0.7338869565217392,0.6833630434782608,0.7052521739130435,0.7002152173913044,0.7190978260869566,0.7301521739130435,0.741295652173913,0.7415804347826087,0.817708695652174,0.841845652173913,0.8729782608695652,0.854008695652174,0.8434065217391304,0.8312195652173915,0.873504347826087,0.8607717391304348,0.867708695652174,0.8935195652173912,0.9148826086956524,0.8866913043478262,0.8942391304347828,0.8400195652173914,0.8462043478260871,0.8440130434782609,0.8476804347826088,0.8153260869565218,0.8539934782608696,0.8193826086956523,0.8294913043478261,0.8579130434782609,0.9210369565217392,0.884454347826087,0.915563043478261,0.8361000000000002,0.7987304347826086,0.8230500000000001,0.7848304347826087,0.8195608695652176,0.8050478260869566,0.8075934782608696,0.8409717391304349,0.7973869565217392,0.849867391304348,0.8620804347826088,0.8548956521739132,0.89315,0.8353521739130436,0.7882239130434783,0.8249847826086957,0.8053521739130436,0.7793326086956522,0.7868673913043479,0.7947652173913045,0.7753760869565217,0.7420434782608697,0.824154347826087
0.8369652173913044,0.8738978260869567,0.8403630434782609,0.8171021739130435,0.8464369565217391,0.834554347826087,0.8433326086956522,0.8294391304347827,0.8786413043478263,0.8956521739130435,0.884454347826087,0.8858760869565218,0.8544891304347827,0.8236304347826088,0.7994652173913044,0.7803173913043479,0.7803413043478262,0.7019913043478262,0.7431260869565218,0.7004956521739131,0.7127239130434783,0.7322565217391305,0.7167304347826088,0.7432347826086957,0.8434891304347826,0.7944695652173914,0.8192826086956522,0.8306869565217392,0.8420195652173913,0.8173195652173914,0.8162456521739131,0.8317565217391305,0.8259413043478261,0.8607847826086957,0.8791043478260869,0.8775586956521739,0.8607239130434783,0.8364369565217392,0.8350152173913045,0.8070608695652175,0.8421326086956523,0.7467804347826087,0.7186652173913044,0.7102673913043478,0.7091326086956522,0.7135434782608696,0.7043282608695652,0.7345673913043479,0.7727413043478262,0.7420239130434784,0.7535478260869566,0.8130217391304349,0.8415347826086957,0.8809826086956521,0.8542826086956522,0.8432608695652175,0.8244326086956523,0.8714760869565217,0.8615,0.855517391304348,0.8885108695652173,0.9104130434782609,0.8769108695652174,0.8911239130434784,0.8409478260869566,0.8464739130434783,0.836904347826087,0.8469782608695652,0.8132782608695653,0.8612652173913043,0.8170021739130435,0.8233391304347827,0.8541347826086957,0.8966673913043479,0.884454347826087,0.9189804347826088,0.8370369565217392,0.7921847826086957,0.829013043478261,0.8372326086956522,0.8185239130434783,0.8019065217391305,0.8083065217391305,0.8297782608695653,0.8242913043478262,0.8489,0.8696499999999999,0.8548956521739132,0.8900369565217392,0.8372891304347827,0.7900652173913043,0.8282434782608696,0.8202217391304348,0.7856391304347827,0.8002934782608696,0.8215695652173913,0.811458695652174,0.744841304347826,0.8316804347826088
0.8419173913043478,0.873495652173913,0.8368913043478262,0.8171739130434783,0.8516043478260871,0.8347565217391305,0.8403630434782609,0.8305847826086957,0.9036456521739131,0.89495,0.8785130434782609,0.8795978260869566,0.8536826086956523,0.8033804347826088,0.8056,0.7870608695652174,0.7875130434782609,0.7313,0.7208782608695653,0.698954347826087,0.7006934782608696,0.7272826086956522,0.7131913043478262,0.7476913043478262,0.7997195652173914,0.8242347826086958,0.8111760869565219,0.8331000000000001,0.8510521739130436,0.8173195652173914,0.8076108695652174,0.8274086956521739,0.8258695652173913,0.8663326086956522,0.886254347826087,0.8775586956521739,0.8600956521739131,0.8404434782608696,0.8524347826086957,0.8087108695652174,0.8347369565217392,0.7853021739130436,0.7399195652173913,0.7092413043478261,0.6768521739130436,0.7055282608695652,0.7140152173913044,0.7241391304347826,0.7920282608695652,0.7358739130434783,0.7390000000000001,0.816758695652174,0.8420108695652174,0.853004347826087,0.8607978260869565,0.831063043478261,0.8178260869565219,0.8706695652173913,0.862708695652174,0.8610347826086957,0.89495,0.9162434782608696,0.8912891304347826,0.8803891304347826,0.8412956521739131,0.8476739130434784,0.840904347826087,0.847608695652174,0.8193108695652175,0.8648826086956523,0.7854347826086957,0.8295630434782609,0.8642434782608697,0.9138869565217391,0.8849521739130436,0.9151804347826088,0.8391130434782609,0.8249304347826086,0.8263782608695652,0.8109434782608697,0.8154913043478262,0.804958695652174,0.8075913043478262,0.8350760869565219,0.8382000000000001,0.8487826086956523,0.8643434782608697,0.8537217391304349,0.8926521739130434,0.8388369565217392,0.7915347826086958,0.823708695652174,0.8253782608695652,0.7826500000000001,0.7962195652173913,0.8084434782608697,0.7846565217391305,0.7572478260869566,0.8265260869565217
0.8429804347826088,0.8734760869565218,0.8432608695652175,0.8173913043478261,0.8516043478260871,0.8362652173913044,0.8434065217391304,0.8298847826086957,0.8870739130434784,0.89495,0.8760282608695652,0.8931891304347827,0.8412326086956523,0.8300717391304349,0.8073739130434783,0.7900369565217392,0.7552760869565217,0.730086956521739,0.7276739130434783,0.6949826086956522,0.7149782608695653,0.733004347826087,0.7095869565217392,0.730808695652174,0.8352065217391305,0.8094804347826088,0.8106347826086957,0.8017369565217393,0.8504152173913043,0.8171739130434783,0.8137673913043478,0.8244978260869565,0.8256521739130436,0.8680065217391305,0.8828978260869565,0.8775586956521739,0.8607239130434783,0.8373391304347827,0.8219717391304348,0.8127065217391305,0.8347695652173913,0.7719260869565219,0.7337565217391305,0.7330695652173913,0.6565500000000001,0.6820347826086958,0.6887369565217392,0.7266108695652175,0.7263173913043479,0.7568913043478261,0.7497065217391304,0.8192173913043478,0.8421565217391305,0.8793456521739131,0.8608695652173913,0.8403630434782609,0.8296695652173913,0.8714760869565217,0.8607717391304348,0.8645130434782609,0.8956521739130435,0.9037586956521739,0.8827326086956523,0.8694739130434783,0.8409478260869566,0.844845652173913,0.8412978260869567,0.8476804347826088,0.8097956521739131,0.8576108695652175,0.8209717391304348,0.8299260869565218,0.8612804347826089,0.9138869565217391,0.8854521739130435,0.9084434782608697,0.8416065217391304,0.8177978260869566,0.8268456521739131,0.8352673913043478,0.8204217391304348,0.8016108695652174,0.8122760869565218,0.8359608695652175,0.8392108695652174,0.8436717391304348,0.8565804347826087,0.8540847826086958,0.8831717391304349,0.8133608695652175,0.7841760869565219,0.8226434782608696,0.8269652173913045,0.7794739130434784,0.8066195652173913,0.8092434782608696,0.8260369565217391,0.7471065217391305,0.8333608695652174
0.8429695652173914,0.8784695652173914,0.8433326086956522,0.8173913043478261,0.8504804347826087,0.8345826086956523,0.8432608695652175,0.823708695652174,0.8950434782608697,0.8956521739130435,0.8801108695652176,0.8917891304347828,0.8546782608695652,0.8302891304347827,0.8054260869565217,0.7759739130434783,0.7539,0.7098521739130436,0.7198826086956522,0.7190782608695653,0.7200413043478262,0.6959978260869566,0.7187108695652175,0.7485304347826088,0.80765,0.8172282608695652,0.838195652173913,0.8340021739130435,0.851217391304348,0.8172456521739131,0.8112934782608696,0.8301891304347827,0.8258695652173913,0.8615673913043479,0.8823565217391305,0.8744434782608695,0.8601673913043479,0.8334173913043479,0.8557652173913045,0.8023782608695653,0.8071934782608696,0.790504347826087,0.7272608695652174,0.7314086956521739,0.6803086956521739,0.7095152173913044,0.7104478260869567,0.7211652173913043,0.7482217391304348,0.7411978260869566,0.7485913043478262,0.8219934782608697,0.8425391304347827,0.8671152173913044,0.8601673913043479,0.8434065217391304,0.8312217391304348,0.869395652173913,0.8539304347826088,0.8643782608695653,0.8956521739130435,0.9135021739130434,0.8833760869565218,0.8840934782608697,0.8412956521739131,0.8434978260869566,0.8430195652173913,0.8461956521739131,0.8189500000000001,0.8548282608695654,0.8201913043478261,0.8293456521739131,0.8604608695652175,0.9004869565217393,0.8808413043478261,0.9169260869565218,0.8425391304347827,0.8266195652173913,0.8213782608695653,0.8388347826086958,0.8230000000000001,0.8002934782608696,0.8123934782608696,0.840258695652174,0.838754347826087,0.8505891304347826,0.8581826086956522,0.8545326086956523,0.8920826086956523,0.8337413043478261,0.7852913043478261,0.8015565217391305,0.8177065217391305,0.7820804347826088,0.757304347826087,0.8253239130434784,0.777204347826087,0.7474130434782609,0.8215565217391305
0.8416456521739132,0.8788826086956523,0.8432608695652175,0.8173913043478261,0.8521869565217391,0.8360739130434782,0.8434065217391304,0.8268021739130436,0.8927826086956522,0.8956521739130435,0.8854521739130435,0.8855347826086957,0.8508782608695653,0.8179478260869566,0.8007195652173914,0.7772934782608696,0.7701456521739132,0.7157304347826088,0.7429108695652175,0.7200021739130436,0.7164065217391304,0.7187369565217392,0.7462478260869566,0.749454347826087,0.8228608695652174,0.8078586956521739,0.8381434782608697,0.835145652173913,0.8508652173913044,0.8171739130434783,0.8153630434782609,0.826263043478261,0.8258695652173913,0.8688630434782608,0.8801673913043477,0.8779108695652174,0.8607978260869565,0.8382239130434783,0.8403500000000002,0.816954347826087,0.8277804347826088,0.7881239130434784,0.7415847826086958,0.7319608695652174,0.6936065217391305,0.699758695652174,0.7059173913043478,0.7172978260869566,0.7544239130434783,0.7413065217391305,0.7300521739130436,0.8227891304347826,0.8430195652173913,0.8735152173913043,0.8607978260869565,0.8434782608695652,0.8296195652173914,0.8706695652173913,0.8603717391304349,0.8664065217391306,0.8945956521739131,0.9128521739130437,0.8910043478260871,0.8896739130434784,0.836945652173913,0.8415347826086957,0.8431260869565218,0.847608695652174,0.8106847826086957,0.8579391304347826,0.7929565217391304,0.8292739130434783,0.8586869565217392,0.9210369565217392,0.8849521739130436,0.9162434782608696,0.8422282608695653,0.7737,0.8141630434782609,0.8388347826086958,0.8168586956521741,0.8051347826086956,0.8170826086956523,0.8274021739130435,0.8385434782608696,0.8596934782608697,0.8709282608695652,0.8480913043478262,0.8901760869565217,0.8386673913043479,0.8175956521739131,0.8260739130434784,0.8070804347826087,0.7863891304347828,0.7709565217391305,0.8212326086956523,0.8155000000000001,0.7563369565217392,0.8262521739130436
0.8361173913043479,0.8660847826086957,0.8434065217391304,0.8172456521739131,0.8539391304347826,0.8366043478260871,0.8434782608695652,0.8295304347826088,0.896495652173913,0.89495,0.884454347826087,0.8880847826086957,0.8528760869565218,0.8302173913043479,0.7990413043478262,0.787554347826087,0.7544217391304349,0.6917021739130436,0.7320913043478262,0.6973652173913044,0.7295565217391305,0.7426956521739131,0.7344869565217391,0.7559739130434783,0.8433413043478261,0.8006021739130434,0.8320043478260869,0.8372978260869566,0.8484695652173914,0.8171739130434783,0.8059978260869566,0.8298826086956522,0.8260152173913043,0.8601152173913044,0.8791043478260869,0.8782608695652174,0.8608695652173913,0.8341347826086957,0.831858695652174,0.8140326086956523,0.7996326086956522,0.7888456521739131,0.741558695652174,0.7234869565217392,0.679554347826087,0.6922652173913044,0.704554347826087,0.7210021739130436,0.7657130434782609,0.7492391304347827,0.7535652173913044,0.8151478260869566,0.8419173913043478,0.879604347826087,0.8605804347826088,0.8431891304347826,0.8319217391304348,0.8706695652173913,0.8623065217391305,0.8659260869565218,0.8885108695652173,0.9165739130434783,0.8890239130434783,0.8918608695652176,0.8409869565217393,0.8412739130434783,0.8329804347826087,0.8470521739130435,0.8147826086956523,0.8577,0.8029739130434783,0.8294913043478263,0.8574565217391306,0.8984630434782609,0.8800130434782608,0.9128521739130437,0.8428521739130435,0.8237108695652174,0.8165173913043479,0.8375108695652175,0.8180673913043479,0.8008673913043478,0.8124000000000001,0.8422260869565219,0.8339260869565217,0.8114478260869566,0.8688500000000001,0.8532782608695654,0.8867086956521741,0.8359282608695653,0.8068847826086957,0.8223869565217392,0.817858695652174,0.7705739130434783,0.7984065217391305,0.8195021739130435,0.8136630434782609,0.7384978260869566,0.8147021739130436
0.8434782608695652,0.876045652173913,0.8426369565217392,0.8171739130434783,0.8515304347826088,0.8360565217391305,0.8433326086956522,0.8299630434782609,0.8890847826086957,0.8956521739130435,0.884454347826087,0.8935195652173914,0.8469673913043478,0.8273195652173914,0.8108413043478262,0.7870608695652175,0.7498739130434783,0.7174978260869566,0.7220630434782609,0.6966978260869566,0.6815934782608696,0.7126847826086957,0.7266826086956523,0.7263304347826087,0.8333782608695653,0.8305739130434784,0.8368804347826088,0.8377347826086957,0.850958695652174,0.8171021739130435,0.8141695652173914,0.8296434782608696,0.8260152173913043,0.8450739130434783,0.8861086956521741,0.8782608695652174,0.8608695652173913,0.8302347826086958,0.836163043478261,0.8013608695652175,0.8377630434782609,0.7828652173913044,0.7258543478260872,0.7111282608695653,0.6709565217391306,0.6909500000000001,0.7167239130434783,0.7381021739130436,0.7508326086956523,0.7422347826086957,0.7383000000000001,0.8146956521739132,0.8421565217391305,0.8717239130434785,0.8601673913043479,0.8434065217391304,0.8300782608695654,0.8710739130434784,0.8615717391304348,0.8676456521739131,0.8878000000000003,0.9131282608695654,0.8715195652173914,0.8927891304347828,0.8388021739130435,0.8401347826086956,0.8408000000000001,0.847463043478261,0.818704347826087,0.8626239130434783,0.8186695652173914,0.8295630434782609,0.854813043478261,0.9103195652173912,0.8828369565217392,0.915563043478261,0.8406000000000001,0.8249891304347827,0.8192326086956522,0.837058695652174,0.8154913043478262,0.8004847826086956,0.8082304347826087,0.8421152173913045,0.8370826086956522,0.8306195652173913,0.8689217391304349,0.8537217391304349,0.893471739130435,0.8345521739130436,0.807091304347826,0.8320065217391305,0.7910000000000001,0.7531978260869566,0.771008695652174,0.8141152173913044,0.7767717391304348,0.756295652173913,0.8300065217391306
0.8351891304347827,0.8773239130434782,0.8433326086956522,0.8173195652173914,0.8498652173913044,0.8361608695652174,0.8434065217391304,0.8306717391304348,0.8890847826086957,0.8956521739130435,0.884454347826087,0.8844760869565219,0.841204347826087,0.8300717391304349,0.814045652173913,0.7866782608695653,0.7257456521739131,0.7412282608695653,0.7299652173913044,0.7037260869565218,0.7035652173913044,0.714013043478261,0.7227630434782609,0.7470086956521739,0.8414108695652175,0.8104695652173913,0.8074956521739131,0.8329326086956522,0.847058695652174,0.8171739130434783,0.8022739130434783,0.8267304347826087,0.8258695652173913,0.8549413043478261,0.878958695652174,0.8747956521739132,0.8543565217391305,0.8292934782608696,0.8365260869565218,0.7958804347826088,0.8242913043478262,0.787913043478261,0.7473130434782609,0.7163326086956523,0.6829565217391306,0.7144586956521739,0.722408695652174,0.7327608695652175,0.7913130434782609,0.7419369565217392,0.7354108695652174,0.8213652173913044,0.8412239130434783,0.878713043478261,0.8607239130434783,0.8434065217391304,0.8279760869565219,0.8714760869565217,0.8615717391304348,0.8670195652173914,0.8942391304347828,0.9129434782608696,0.8868347826086957,0.8781978260869566,0.8406782608695652,0.8399065217391305,0.8411869565217392,0.847608695652174,0.8152086956521739,0.855354347826087,0.8182978260869566,0.8287652173913044,0.8633456521739132,0.9196065217391306,0.8854521739130435,0.914204347826087,0.8422282608695653,0.7975478260869566,0.8278826086956522,0.8369739130434783,0.8244478260869567,0.7970021739130436,0.8146108695652174,0.8360413043478262,0.8096782608695653,0.8278565217391305,0.8705239130434783,0.8536826086956523,0.8740108695652176,0.8395565217391304,0.7882934782608696,0.8120304347826087,0.7968739130434782,0.7749891304347827,0.791608695652174,0.7999695652173913,0.8011500000000001,0.7569847826086957,0.8307760869565218
0.8433326086956522,0.8644456521739131,0.8432608695652175,0.8171739130434783,0.8507326086956523,0.8349152173913044,0.8434782608695652,0.8309673913043478,0.8867065217391306,0.89495,0.8770195652173914,0.893154347826087,0.8522586956521739,0.8034521739130435,0.808617391304348,0.7892434782608696,0.7867347826086957,0.7354304347826087,0.730017391304348,0.6954760869565219,0.7136239130434784,0.7281326086956522,0.726454347826087,0.7291782608695653,0.8118195652173914,0.8336065217391306,0.8246565217391305,0.8219391304347827,0.8390869565217391,0.8172456521739131,0.8152652173913043,0.8286760869565218,0.8259413043478261,0.8600434782608696,0.8868108695652176,0.8775586956521739,0.8608695652173913,0.82135,0.8103478260869565,0.8079934782608696,0.8293739130434784,0.7762913043478262,0.7351891304347827,0.7324521739130435,0.6699913043478262,0.6949934782608697,0.7157956521739132,0.7318608695652175,0.7711956521739132,0.7437391304347826,0.7553152173913044,0.8138065217391304,0.8422282608695653,0.8809826086956521,0.8593847826086958,0.8434782608695652,0.8312217391304348,0.8705978260869565,0.8619021739130436,0.8658130434782608,0.8885108695652173,0.9128521739130437,0.8857326086956523,0.8821391304347826,0.8416065217391304,0.8467782608695652,0.8423065217391306,0.8469782608695652,0.8164065217391304,0.8576369565217392,0.8170565217391305,0.8296347826086957,0.8657826086956523,0.9122391304347827,0.8765217391304349,0.9132282608695653,0.8415326086956523,0.8254021739130436,0.8255304347826088,0.832354347826087,0.8187913043478262,0.7992413043478261,0.8143804347826088,0.8057913043478262,0.8054804347826088,0.8577021739130436,0.8689956521739132,0.8553000000000001,0.8852913043478262,0.8247260869565218,0.7904347826086957,0.8229065217391305,0.8235260869565217,0.7854021739130436,0.7886000000000001,0.8045869565217393,0.7697434782608696,0.7429521739130436,0.8320065217391305
0.8434065217391304,0.8787826086956522,0.8432608695652175,0.8172456521739131,0.8435717391304348,0.8375173913043479,0.8402913043478261,0.8275413043478261,0.8874369565217392,0.8953021739130435,0.8770195652173914,0.8870065217391305,0.8508065217391305,0.8300000000000001,0.8041565217391304,0.7812826086956522,0.7789760869565218,0.7310369565217393,0.7333608695652174,0.680754347826087,0.6980739130434783,0.7287434782608696,0.749854347826087,0.752254347826087,0.8412195652173913,0.8372869565217391,0.8041065217391306,0.8315217391304349,0.840854347826087,0.8108043478260871,0.8078282608695653,0.8306739130434783,0.8260869565217391,0.8621,0.8804434782608697,0.8779108695652174,0.8608695652173913,0.8384021739130436,0.8503760869565219,0.8052673913043479,0.8075065217391305,0.783504347826087,0.7244478260869566,0.7180934782608697,0.6934130434782609,0.6919760869565218,0.7164673913043479,0.736304347826087,0.7835891304347826,0.7257847826086957,0.7445173913043479,0.8214282608695653,0.8406065217391305,0.8729782608695652,0.8608695652173913,0.8432608695652175,0.8311326086956522,0.8689956521739132,0.8635913043478262,0.864554347826087,0.8885108695652173,0.9145326086956521,0.8823543478260871,0.8935195652173914,0.8419173913043478,0.8403478260869566,0.8363456521739132,0.8465173913043479,0.8118978260869566,0.858208695652174,0.8201326086956523,0.8292739130434783,0.8627782608695653,0.9133152173913044,0.8864543478260871,0.9064130434782608,0.8419173913043478,0.8247239130434784,0.8263782608695652,0.809263043478261,0.8210978260869566,0.80425,0.8184978260869565,0.8230391304347827,0.792445652173913,0.8210869565217392,0.8625543478260871,0.8468782608695653,0.8861391304347828,0.8393717391304348,0.8108891304347826,0.8287500000000001,0.7931,0.7865065217391306,0.7926021739130436,0.8141934782608696,0.8047608695652175,0.7476847826086958,0.814013043478261
0.8417021739130436,0.8762565217391305,0.8401456521739131,0.8173913043478261,0.8539391304347826,0.8299108695652174,0.8433326086956522,0.8294847826086957,0.8897239130434782,0.8956521739130435,0.8849521739130436,0.8880847826086957,0.8453456521739131,0.8234130434782609,0.8007108695652175,0.785108695652174,0.7530956521739132,0.7187891304347827,0.7314521739130435,0.6826934782608696,0.7325173913043479,0.7228260869565218,0.6913304347826088,0.7296565217391305,0.8126021739130435,0.8357413043478261,0.8367021739130436,0.8357978260869565,0.8440869565217392,0.8172456521739131,0.8145695652173913,0.8295717391304348,0.8260152173913043,0.8424978260869566,0.8754652173913045,0.8711195652173912,0.8544282608695652,0.8212478260869566,0.8031347826086958,0.8198934782608697,0.8270804347826087,0.7798239130434783,0.7268021739130435,0.7112934782608696,0.6823195652173915,0.7083260869565219,0.7195673913043479,0.7241304347826087,0.7820717391304348,0.7114,0.7386304347826087,0.81115,0.8416065217391304,0.8798217391304348,0.8603608695652175,0.8434782608695652,0.8327000000000001,0.8722869565217393,0.8635913043478262,0.8621717391304348,0.89495,0.9162434782608696,0.8894456521739131,0.8762195652173914,0.8394456521739132,0.8392195652173914,0.8393282608695652,0.847608695652174,0.8097978260869566,0.8573456521739131,0.8169869565217392,0.8299260869565218,0.8649434782608696,0.9064760869565218,0.8823369565217392,0.908391304347826,0.8422282608695653,0.8252021739130436,0.826263043478261,0.8379434782608697,0.8210152173913045,0.8040717391304348,0.8139195652173914,0.8277804347826088,0.8102847826086957,0.8608217391304348,0.855145652173913,0.8529152173913045,0.8937239130434783,0.8373086956521739,0.8138195652173914,0.8190739130434783,0.7877000000000001,0.788258695652174,0.7783260869565218,0.7866217391304348,0.7734434782608697,0.7510456521739132,0.8304717391304348
0.8424260869565219,0.8784695652173914,0.8431152173913045,0.8170282608695653,0.8528043478260869,0.838163043478261,0.8434065217391304,0.8298760869565218,0.8941173913043479,0.89495,0.8766673913043478,0.8860804347826088,0.851204347826087,0.8034521739130435,0.800495652173913,0.7876847826086958,0.7694369565217393,0.7366173913043479,0.7252326086956523,0.7267369565217393,0.7154608695652174,0.7116260869565219,0.7134673913043479,0.7489413043478261,0.8396152173913044,0.8207782608695652,0.6937717391304348,0.8330565217391306,0.8488173913043479,0.8173195652173914,0.8131565217391306,0.8199391304347827,0.8260869565217391,0.8594478260869566,0.886254347826087,0.8782608695652174,0.8600956521739131,0.8373391304347826,0.8405934782608696,0.8052021739130436,0.8286782608695653,0.7754652173913045,0.738017391304348,0.7131739130434782,0.6810260869565218,0.716954347826087,0.7152347826086957,0.7355413043478262,0.7968913043478262,0.7370130434782609,0.755808695652174,0.8171152173913044,0.836413043478261,0.8735869565217391,0.8590304347826088,0.8434782608695652,0.8289282608695652,0.8706695652173913,0.8627804347826087,0.8527,0.89495,0.9087717391304349,0.8846239130434782,0.890917391304348,0.8409869565217393,0.8445913043478261,0.8422304347826086,0.8468347826086957,0.8170260869565218,0.8414565217391305,0.8200130434782609,0.8293456521739131,0.8624369565217392,0.906117391304348,0.8818369565217392,0.9110891304347828,0.8328456521739132,0.8255891304347827,0.823241304347826,0.8284391304347826,0.8179826086956522,0.8051347826086956,0.8165108695652176,0.81005,0.8308413043478261,0.8315565217391305,0.8681239130434784,0.851713043478261,0.8766282608695654,0.8179021739130435,0.787708695652174,0.8180413043478262,0.8049760869565218,0.7562391304347826,0.7973391304347827,0.8208826086956523,0.7914913043478261,0.7415869565217391,0.7854456521739132
0.8287804347826087,0.8635739130434784,0.8434065217391304,0.8172456521739131,0.847904347826087,0.835145652173913,0.8434065217391304,0.8257847826086957,0.8998152173913044,0.8956521739130435,0.884454347826087,0.8845913043478261,0.8516043478260871,0.8301456521739131,0.7960239130434784,0.7840543478260871,0.769963043478261,0.7253260869565218,0.717158695652174,0.6636021739130435,0.6821434782608696,0.728454347826087,0.7172000000000001,0.7439586956521739,0.8219195652173914,0.8350934782608697,0.8249043478260869,0.8240108695652174,0.8363282608695654,0.8173195652173914,0.8105521739130435,0.8303434782608696,0.8258695652173913,0.8677217391304348,0.8861826086956522,0.8775586956521739,0.857754347826087,0.826054347826087,0.8418239130434784,0.8111217391304348,0.8066891304347827,0.7779934782608696,0.7252673913043479,0.7388913043478262,0.6744717391304349,0.7181478260869566,0.7211326086956523,0.7041152173913043,0.750054347826087,0.7312978260869566,0.7314521739130435,0.8186173913043479,0.8428521739130435,0.8793239130434785,0.8593695652173914,0.8434782608695652,0.8326130434782609,0.8697956521739131,0.862708695652174,0.8646739130434783,0.89495,0.9104847826086957,0.8813021739130434,0.8905347826086958,0.8400608695652174,0.8439500000000001,0.8410391304347827,0.8457608695652176,0.8197413043478261,0.856254347826087,0.8190391304347826,0.8295630434782609,0.8608108695652174,0.9103195652173912,0.8869565217391305,0.9010326086956523,0.8425391304347827,0.7986021739130434,0.8297934782608697,0.8364347826086957,0.8214195652173913,0.8018434782608697,0.8063630434782609,0.8369956521739131,0.8111891304347827,0.8325260869565219,0.8709282608695652,0.8553000000000001,0.890317391304348,0.8301804347826088,0.8003195652173913,0.821408695652174,0.7622391304347826,0.7884804347826089,0.7791239130434783,0.7705,0.7888108695652175,0.7298826086956522,0.8293978260869566
0.8434065217391304,0.8797891304347826,0.8166413043478261,0.8171021739130435,0.8525869565217392,0.8253782608695652,0.8434065217391304,0.8276804347826088,0.8892543478260869,0.89495,0.8841021739130435,0.8775695652173915,0.852404347826087,0.8297804347826088,0.801517391304348,0.7900369565217392,0.7684978260869565,0.7338413043478261,0.7281434782608696,0.7180413043478261,0.7215673913043479,0.7068434782608696,0.6959108695652174,0.7368782608695653,0.8009456521739131,0.8253260869565218,0.8373282608695652,0.8380347826086958,0.8458565217391305,0.8171739130434783,0.8014652173913045,0.8228739130434782,0.8258695652173913,0.8659108695652175,0.8837804347826087,0.8775586956521739,0.8608695652173913,0.8352847826086958,0.8530760869565218,0.8158565217391305,0.8266217391304348,0.784041304347826,0.736263043478261,0.7329608695652174,0.6657956521739131,0.7144891304347827,0.7065717391304349,0.728541304347826,0.7390108695652174,0.7629434782608697,0.7491260869565218,0.8148978260869565,0.8349478260869566,0.8809826086956521,0.8607978260869565,0.8434782608695652,0.8332978260869566,0.8722869565217393,0.8631847826086957,0.8667847826086956,0.89495,0.9125021739130434,0.8908760869565218,0.8942391304347828,0.8416065217391304,0.8475413043478262,0.8428804347826088,0.847608695652174,0.8183282608695653,0.8481891304347827,0.8204934782608696,0.8295630434782609,0.8555347826086958,0.9210369565217392,0.884454347826087,0.9139173913043479,0.8428521739130435,0.8192565217391305,0.8291260869565218,0.8370478260869565,0.8219326086956523,0.8022565217391305,0.8068956521739131,0.8422608695652176,0.8386326086956523,0.8307630434782609,0.8652239130434783,0.8536826086956523,0.8891586956521741,0.840758695652174,0.7955000000000001,0.8130260869565218,0.7985565217391304,0.7857086956521739,0.7852239130434783,0.8011500000000001,0.6716086956521741,0.7490391304347825,0.8164021739130435
0.8346869565217392,0.8763760869565219,0.8433326086956522,0.8173913043478261,0.8458891304347826,0.8360478260869565,0.8432608695652175,0.8282673913043479,0.8847695652173914,0.8956521739130435,0.8765217391304349,0.8702152173913045,0.8467673913043479,0.8300717391304349,0.8143217391304348,0.7874413043478261,0.7795804347826089,0.7363913043478262,0.7236978260869567,0.7191021739130437,0.7297065217391305,0.7298108695652173,0.725458695652174,0.7072282608695653,0.8286978260869565,0.8336130434782609,0.8378173913043478,0.832608695652174,0.8469456521739132,0.8164000000000001,0.8140695652173914,0.8242391304347827,0.8259413043478261,0.8578565217391305,0.8854717391304349,0.8775586956521739,0.8608695652173913,0.8305282608695653,0.8481326086956522,0.8123347826086957,0.8298695652173914,0.7835282608695653,0.7268413043478261,0.7150673913043478,0.702554347826087,0.7170108695652174,0.7028391304347826,0.7069739130434783,0.7608086956521739,0.7296304347826088,0.7206347826086957,0.8230173913043478,0.8422282608695653,0.8762826086956522,0.8600956521739131,0.8434782608695652,0.8328717391304349,0.8714043478260869,0.860954347826087,0.864304347826087,0.8818021739130437,0.917608695652174,0.8885891304347827,0.8942391304347828,0.8397521739130436,0.8477130434782608,0.8422347826086957,0.8475369565217392,0.8174717391304348,0.8002195652173913,0.8093000000000001,0.8226869565217393,0.8643152173913043,0.9008565217391307,0.8806652173913043,0.9064130434782608,0.8418804347826088,0.8257913043478261,0.8087173913043478,0.7910282608695652,0.8230000000000001,0.8002934782608696,0.8177391304347826,0.8416000000000001,0.8311760869565218,0.8345065217391305,0.8697956521739131,0.8505500000000001,0.8926521739130434,0.8387978260869566,0.7910847826086956,0.8188891304347827,0.8083717391304348,0.7856760869565218,0.7921521739130436,0.8032260869565219,0.7879456521739131,0.7328217391304348,0.8225413043478261
0.8431891304347827,0.8798608695652174,0.8433326086956522,0.8171021739130435,0.8405673913043479,0.8363956521739131,0.8434782608695652,0.8289978260869566,0.8836847826086957,0.8956521739130435,0.884454347826087,0.8788673913043479,0.8511804347826087,0.7839108695652175,0.7952130434782609,0.7865826086956523,0.7876413043478261,0.703704347826087,0.7322760869565219,0.6898195652173913,0.714254347826087,0.7056869565217391,0.7348239130434783,0.735104347826087,0.8230891304347826,0.8355434782608696,0.8043869565217392,0.8339326086956522,0.8465804347826088,0.8164717391304348,0.8091521739130436,0.823558695652174,0.8259413043478261,0.8628347826086957,0.8869565217391305,0.8775586956521739,0.8606521739130436,0.8375195652173915,0.8498086956521739,0.8228108695652174,0.8344543478260871,0.7796152173913045,0.730558695652174,0.7103347826086958,0.6703282608695653,0.6869847826086958,0.6902652173913044,0.7306673913043479,0.7434086956521739,0.7338804347826087,0.7499934782608696,0.8096282608695653,0.8431891304347827,0.8801000000000001,0.8607978260869565,0.843054347826087,0.8318304347826088,0.8710739130434784,0.8615,0.8624782608695652,0.8942391304347828,0.918295652173913,0.8887130434782609,0.8848565217391304,0.8412956521739131,0.8454543478260869,0.838163043478261,0.8473913043478261,0.8184413043478261,0.8576565217391305,0.8170021739130435,0.8235565217391305,0.863458695652174,0.9190065217391306,0.8790108695652175,0.917608695652174,0.8422282608695653,0.7987695652173914,0.8147652173913044,0.833654347826087,0.8175608695652175,0.8031695652173914,0.8163065217391305,0.8384369565217392,0.8384260869565218,0.8297608695652174,0.8666804347826088,0.8517804347826088,0.8909565217391304,0.829854347826087,0.8002108695652175,0.8321608695652174,0.8320304347826087,0.770445652173913,0.7761282608695653,0.8222391304347827,0.8113934782608696,0.7399891304347826,0.8209413043478261
0.842704347826087,0.8754913043478262,0.8433326086956522,0.8173913043478261,0.8532782608695654,0.8328369565217393,0.842704347826087,0.8289065217391305,0.9030717391304349,0.8925369565217391,0.8687608695652174,0.8885586956521739,0.8469673913043478,0.8176565217391305,0.7965652173913045,0.7868695652173914,0.7769608695652175,0.7257217391304348,0.7339108695652174,0.6936130434782609,0.7123282608695652,0.712013043478261,0.7299586956521739,0.7216717391304348,0.8114347826086956,0.8366456521739131,0.8045826086956522,0.8291391304347826,0.8298695652173914,0.804758695652174,0.809695652173913,0.828758695652174,0.8260869565217391,0.8545130434782608,0.8747456521739132,0.8775586956521739,0.8600956521739131,0.8324130434782611,0.8557934782608697,0.8106239130434784,0.8229108695652174,0.7806478260869566,0.7481500000000001,0.7210565217391305,0.6676130434782609,0.6862804347826087,0.7181304347826087,0.7131021739130435,0.7890891304347827,0.7312760869565218,0.7433391304347827,0.8119760869565218,0.8424673913043479,0.8812413043478263,0.8597326086956523,0.8434782608695652,0.8331260869565218,0.8710739130434784,0.854258695652174,0.8634391304347827,0.89495,0.9162434782608696,0.8868652173913044,0.8820413043478261,0.8375217391304348,0.8378369565217392,0.8394934782608696,0.847754347826087,0.8088586956521739,0.8644913043478262,0.8184217391304348,0.8296347826086957,0.864908695652174,0.9110304347826087,0.8849521739130436,0.9162434782608696,0.8419173913043478,0.8256826086956522,0.8254369565217392,0.8049000000000001,0.815158695652174,0.8020739130434783,0.8147239130434782,0.8456369565217392,0.8379739130434783,0.8378630434782609,0.8697956521739131,0.8476869565217391,0.8867086956521741,0.8391978260869566,0.7902000000000001,0.8173717391304348,0.8251065217391305,0.7787434782608696,0.7472782608695653,0.7778086956521739,0.7839108695652175,0.7536869565217392,0.8225695652173913
0.8434782608695652,0.8789565217391306,0.8432608695652175,0.8172456521739131,0.8471695652173914,0.8299369565217392,0.8434782608695652,0.8296130434782609,0.9039978260869566,0.89495,0.8790108695652175,0.8849978260869567,0.852404347826087,0.8292065217391306,0.8147152173913045,0.7814717391304349,0.7707108695652174,0.7212869565217391,0.7157217391304349,0.6945891304347825,0.7258434782608696,0.7086695652173913,0.7156543478260871,0.7383826086956522,0.8425239130434783,0.8096434782608696,0.8373282608695652,0.8314804347826088,0.8508304347826088,0.8171739130434783,0.8119195652173913,0.8316956521739132,0.8258695652173913,0.8665565217391304,0.8854717391304349,0.8782608695652174,0.8607978260869565,0.836404347826087,0.8517565217391304,0.810213043478261,0.7986521739130436,0.7862891304347827,0.73035,0.7191413043478261,0.6750760869565217,0.7080739130434782,0.7191434782608697,0.7179652173913045,0.7402152173913045,0.7319217391304348,0.7396978260869566,0.8192173913043478,0.8396652173913044,0.8777956521739132,0.8600956521739131,0.8434065217391304,0.820858695652174,0.8642304347826087,0.8635913043478262,0.8589195652173914,0.8956521739130435,0.9135282608695653,0.8843869565217392,0.8935478260869565,0.8400608695652174,0.8418000000000001,0.8413630434782609,0.8471000000000001,0.816304347826087,0.8559521739130436,0.8168413043478261,0.8301434782608696,0.8617456521739132,0.9152978260869566,0.8770195652173914,0.9091217391304349,0.8416065217391304,0.8257521739130436,0.8234434782608696,0.8339934782608697,0.8096891304347826,0.8038934782608697,0.8134500000000001,0.8389456521739131,0.8045826086956522,0.8277739130434784,0.869395652173913,0.8548956521739132,0.8857152173913043,0.822658695652174,0.7915413043478262,0.8293478260869567,0.8212673913043479,0.7797021739130435,0.7791,0.8055130434782609,0.8080239130434783,0.7544869565217391,0.8240782608695653
0.842776086956522,0.8697695652173913,0.8434065217391304,0.8173195652173914,0.851858695652174,0.8363695652173913,0.8434065217391304,0.8300173913043479,0.9042760869565218,0.8942391304347828,0.8851000000000001,0.8679608695652176,0.8508782608695653,0.8302173913043479,0.8081173913043479,0.7884478260869565,0.7669239130434783,0.724258695652174,0.7242456521739131,0.6751608695652175,0.7152760869565218,0.705641304347826,0.7346934782608697,0.7248065217391305,0.816617391304348,0.81065,0.8379739130434783,0.832063043478261,0.847417391304348,0.8172456521739131,0.8125413043478261,0.8267152173913044,0.8259413043478261,0.8472065217391305,0.8869565217391305,0.8782608695652174,0.8608695652173913,0.8365456521739132,0.8581695652173914,0.8164326086956522,0.8018956521739131,0.77995,0.7263695652173914,0.7221978260869566,0.6901260869565218,0.7018304347826088,0.6977434782608697,0.706008695652174,0.7749391304347827,0.7409695652173913,0.7471717391304348,0.8229956521739131,0.8417173913043479,0.8772608695652174,0.8571434782608697,0.8437391304347827,0.8325239130434784,0.872563043478261,0.8607717391304348,0.8673565217391305,0.8950847826086958,0.9146282608695654,0.8901456521739131,0.890604347826087,0.843058695652174,0.8475869565217392,0.8375804347826088,0.8414434782608696,0.8193978260869567,0.8635695652173913,0.8212434782608696,0.8299413043478262,0.8579847826086957,0.9190108695652175,0.8847108695652175,0.905558695652174,0.841808695652174,0.8254369565217392,0.8217652173913045,0.8105021739130436,0.8138739130434783,0.807,0.8106413043478262,0.83535,0.8377217391304349,0.8215065217391305,0.8636282608695653,0.8398326086956521,0.8860195652173913,0.8278304347826088,0.8157717391304349,0.8259152173913044,0.7802152173913044,0.7849826086956523,0.7725891304347827,0.8158826086956522,0.6655521739130436,0.7431413043478261,0.8290913043478261
0.8431891304347827,0.8798608695652174,0.8426304347826088,0.8173195652173914,0.8536826086956523,0.8362652173913044,0.8434782608695652,0.8266195652173913,0.9004847826086957,0.8956521739130435,0.8839565217391305,0.8864260869565218,0.8436760869565219,0.8300000000000001,0.8109717391304349,0.7795739130434783,0.7886673913043478,0.7231782608695653,0.717708695652174,0.7063891304347827,0.6968739130434782,0.7208934782608697,0.6881695652173914,0.7102456521739131,0.8134608695652175,0.8357239130434784,0.8347000000000001,0.8056108695652173,0.8415608695652175,0.8173195652173914,0.8142695652173914,0.824558695652174,0.8260152173913043,0.8658891304347827,0.8798152173913044,0.877204347826087,0.8593847826086958,0.8351826086956522,0.8473608695652175,0.8170565217391305,0.8259043478260869,0.7804934782608697,0.7327913043478262,0.7363847826086957,0.6844260869565219,0.7065847826086957,0.7046282608695653,0.7178934782608696,0.7222565217391305,0.7393826086956522,0.7400282608695653,0.8235347826086957,0.8424673913043479,0.8797695652173912,0.8600217391304349,0.8434782608695652,0.8299021739130436,0.8718804347826088,0.8615717391304348,0.8568956521739132,0.8925369565217391,0.9080913043478261,0.8896695652173914,0.8835413043478261,0.8419173913043478,0.8429239130434782,0.8392869565217391,0.8441500000000001,0.8105804347826088,0.8616369565217392,0.8210891304347826,0.8295630434782609,0.8630934782608696,0.9217391304347827,0.884454347826087,0.9057391304347826,0.8357891304347828,0.7984847826086957,0.8292369565217392,0.81,0.8124369565217392,0.8037130434782609,0.8168608695652174,0.8427239130434783,0.8386652173913044,0.8619500000000001,0.8640847826086957,0.8548956521739132,0.8905978260869566,0.8400326086956523,0.814004347826087,0.8223347826086959,0.8291413043478262,0.7800956521739132,0.7616913043478262,0.816567391304348,0.8121173913043479,0.7522347826086957,0.8214739130434784
0.8417152173913045,0.8789565217391306,0.8164956521739131,0.8173195652173914,0.850408695652174,0.8302847826086956,0.8434782608695652,0.8297956521739132,0.8943021739130436,0.8956521739130435,0.8849521739130436,0.8894760869565218,0.8489608695652174,0.8178021739130436,0.7974195652173913,0.782404347826087,0.7857456521739131,0.7358434782608696,0.7428260869565217,0.6841630434782608,0.7253521739130435,0.7221586956521739,0.7186608695652175,0.7294478260869566,0.8481695652173914,0.829317391304348,0.8378500000000001,0.8341869565217392,0.8482369565217391,0.8171021739130435,0.8127478260869566,0.8287739130434784,0.8260152173913043,0.8675760869565218,0.8675239130434783,0.8768478260869567,0.8608695652173913,0.8146760869565218,0.8589217391304348,0.8103630434782609,0.8336913043478261,0.7791739130434784,0.7320478260869566,0.7303239130434783,0.7116043478260871,0.7045869565217392,0.6926021739130436,0.7160717391304349,0.7493608695652174,0.7393847826086957,0.7489521739130436,0.8242717391304348,0.8417717391304348,0.8758282608695653,0.8576826086956522,0.8434065217391304,0.8303369565217392,0.8644869565217392,0.8587065217391305,0.8651978260869566,0.8942391304347828,0.918295652173913,0.8800500000000001,0.8758608695652174,0.8403695652173915,0.8456847826086957,0.8425934782608697,0.8476804347826088,0.8121152173913044,0.8548978260869565,0.8193826086956523,0.8265934782608696,0.8622065217391305,0.9210369565217392,0.884454347826087,0.9169260869565218,0.8422282608695653,0.8271304347826088,0.8177978260869566,0.8375434782608696,0.822458695652174,0.8007673913043479,0.8171913043478262,0.8455260869565219,0.822558695652174,0.8636847826086957,0.8701956521739131,0.8548956521739132,0.8850847826086957,0.8405195652173914,0.8071913043478262,0.826813043478261,0.7923456521739131,0.7515021739130435,0.7791717391304348,0.806908695652174,0.7953065217391305,0.7503173913043478,0.8325239130434783
0.8365413043478261,0.8669608695652175,0.8434065217391304,0.8173913043478261,0.8516043478260871,0.8288956521739131,0.8434782608695652,0.8316521739130436,0.8929304347826087,0.8885108695652173,0.8814130434782609,0.8854608695652173,0.8532782608695654,0.8035260869565218,0.812063043478261,0.7902369565217392,0.7850434782608696,0.7255217391304348,0.7196913043478261,0.7103782608695652,0.6779304347826087,0.7112695652173914,0.7213782608695652,0.7480565217391305,0.8223826086956523,0.8317630434782609,0.8107195652173913,0.835913043478261,0.8486978260869567,0.8173195652173914,0.8104456521739131,0.8288847826086958,0.8258695652173913,0.8496282608695653,0.8724043478260869,0.8768478260869567,0.8607978260869565,0.833104347826087,0.8599891304347826,0.8061086956521739,0.8391782608695653,0.7790239130434783,0.7389978260869566,0.7360934782608696,0.6793739130434783,0.6986347826086957,0.7127608695652174,0.7205565217391305,0.7467347826086957,0.7439434782608696,0.7567152173913044,0.8221804347826087,0.8356434782608696,0.8809826086956521,0.8600956521739131,0.8434782608695652,0.8329456521739131,0.8722869565217393,0.8619739130434784,0.8684565217391305,0.8956521739130435,0.9162434782608696,0.8825413043478261,0.8725152173913043,0.8381804347826087,0.8390717391304349,0.8383695652173915,0.8476804347826088,0.8132152173913043,0.8631,0.8167500000000001,0.830363043478261,0.8522152173913043,0.9203260869565216,0.8749456521739131,0.907604347826087,0.8361000000000002,0.8257804347826088,0.8252,0.8380326086956522,0.8153,0.8020739130434783,0.8071282608695652,0.8344760869565218,0.8371152173913045,0.8582913043478262,0.869067391304348,0.8485391304347826,0.8935760869565218,0.8389869565217393,0.8128869565217391,0.8310456521739131,0.8018021739130436,0.7831978260869566,0.7342826086956522,0.7914717391304348,0.7976652173913044,0.7306652173913044,0.7854804347826088
0.8331826086956522,0.8651065217391305,0.8401456521739131,0.8166065217391305,0.8508065217391305,0.8325217391304349,0.8434782608695652,0.828508695652174,0.9012869565217393,0.8953021739130435,0.8802847826086958,0.8935195652173914,0.8515304347826088,0.8297804347826088,0.8039217391304347,0.7793130434782609,0.7895869565217392,0.7153108695652174,0.7296152173913044,0.7177217391304348,0.7163847826086958,0.731558695652174,0.7230521739130435,0.7309282608695653,0.8330260869565218,0.795704347826087,0.8198434782608697,0.8363695652173913,0.8480847826086957,0.8141304347826088,0.8146695652173913,0.8216695652173913,0.8260152173913043,0.8603391304347827,0.8791043478260869,0.8718195652173913,0.8608695652173913,0.8361739130434783,0.8405913043478261,0.8192065217391304,0.8278282608695654,0.7756826086956522,0.7437434782608696,0.7077173913043479,0.6544826086956522,0.7015739130434784,0.7152695652173913,0.7303000000000001,0.7212260869565218,0.7496065217391306,0.7359021739130436,0.8213652173913044,0.8430934782608696,0.8805043478260871,0.8608695652173913,0.8434065217391304,0.8327847826086957,0.8698673913043479,0.8623065217391305,0.8654804347826087,0.8918347826086956,0.9151804347826088,0.8818565217391305,0.8885108695652175,0.8388326086956522,0.8444391304347828,0.8428152173913044,0.8476804347826088,0.8180021739130435,0.836913043478261,0.8206130434782609,0.8296347826086957,0.8613891304347827,0.9142434782608696,0.8780130434782608,0.9104847826086957,0.8419173913043478,0.8257260869565217,0.8291260869565218,0.8181239130434783,0.809854347826087,0.8057478260869565,0.7854630434782609,0.8376391304347827,0.7875391304347826,0.8365608695652175,0.8705239130434783,0.8536826086956523,0.891658695652174,0.8408673913043478,0.8009152173913043,0.8109369565217392,0.8095608695652174,0.7527891304347827,0.7935326086956522,0.8218804347826087,0.7843108695652175,0.7597347826086958,0.8171521739130436
0.842704347826087,0.8795173913043478,0.8434782608695652,0.8171739130434783,0.8528043478260869,0.8348869565217393,0.8434782608695652,0.8231804347826088,0.8889391304347826,0.8956521739130435,0.8816217391304348,0.8869326086956522,0.8444369565217392,0.8300717391304349,0.8128021739130435,0.7880065217391305,0.7583282608695653,0.7089130434782609,0.7266173913043479,0.7143521739130435,0.7170260869565218,0.7325804347826087,0.7180456521739131,0.7459978260869565,0.8414217391304348,0.8368804347826088,0.8352521739130435,0.8338347826086957,0.8481152173913045,0.8171739130434783,0.8065739130434783,0.8291260869565218,0.8228260869565218,0.8489021739130436,0.8613108695652174,0.8696869565217392,0.8608695652173913,0.8334,0.8475434782608696,0.7806369565217393,0.8307521739130436,0.7775282608695652,0.7210152173913045,0.7282673913043478,0.6719326086956522,0.7102847826086958,0.7234369565217392,0.7309347826086958,0.7694152173913044,0.7390869565217392,0.7587065217391306,0.8214913043478261,0.841845652173913,0.8805043478260871,0.8542826086956522,0.8434782608695652,0.8281000000000001,0.8710739130434784,0.8627804347826087,0.8658608695652175,0.89495,0.9165739130434783,0.8907239130434782,0.8859782608695652,0.8406782608695652,0.8458413043478261,0.8323369565217391,0.847463043478261,0.8156673913043478,0.8581130434782609,0.8195260869565218,0.8231217391304348,0.864667391304348,0.9103195652173912,0.8818369565217392,0.9068543478260872,0.8416065217391304,0.7987304347826086,0.8210239130434783,0.823163043478261,0.8170304347826087,0.8030804347826087,0.8031608695652175,0.835058695652174,0.8111239130434782,0.8107652173913044,0.8652239130434783,0.8545326086956523,0.8880478260869566,0.8355021739130436,0.7620065217391305,0.8232347826086958,0.8186391304347826,0.7565239130434783,0.7654282608695653,0.8075565217391305,0.8121782608695652,0.7437456521739131,0.8291804347826087
0.8434065217391304,0.8617869565217392,0.8367478260869566,0.8172456521739131,0.8454891304347827,0.8359434782608697,0.8434065217391304,0.8295173913043479,0.8883652173913044,0.89495,0.8848804347826088,0.8745000000000002,0.8538673913043479,0.8300000000000001,0.8153391304347827,0.7812826086956522,0.781204347826087,0.728304347826087,0.7270630434782609,0.7032304347826088,0.7089391304347826,0.7042369565217392,0.7277173913043479,0.739904347826087,0.8143565217391304,0.8372195652173914,0.8311217391304349,0.8335565217391305,0.8365391304347827,0.8162543478260871,0.8079434782608697,0.8213260869565219,0.8260152173913043,0.8680065217391305,0.8796695652173914,0.8782608695652174,0.8543565217391305,0.8375608695652175,0.8502478260869565,0.817158695652174,0.8342195652173914,0.7741065217391305,0.7181500000000001,0.7369478260869566,0.6889913043478262,0.6973021739130435,0.6937108695652174,0.7143347826086958,0.6442173913043479,0.7498608695652175,0.7519782608695653,0.8178108695652174,0.8413434782608696,0.8714673913043479,0.8601673913043479,0.8432608695652175,0.8322695652173914,0.8706695652173913,0.8618282608695653,0.8612760869565218,0.89495,0.9098043478260871,0.8899108695652175,0.890917391304348,0.8363304347826088,0.8315217391304349,0.8357304347826088,0.847608695652174,0.8162152173913044,0.860208695652174,0.8213260869565219,0.830363043478261,0.8632326086956522,0.9142434782608696,0.8864543478260871,0.8763826086956523,0.8409869565217393,0.819113043478261,0.8212413043478262,0.8053130434782609,0.8175608695652175,0.8046065217391305,0.8167500000000001,0.8355456521739132,0.832313043478261,0.864454347826087,0.869395652173913,0.8548956521739132,0.885217391304348,0.8373739130434783,0.8081913043478262,0.8346347826086957,0.7997869565217391,0.7854173913043478,0.756721739130435,0.801013043478261,0.7972195652173913,0.7535239130434783,0.8339739130434785
