Time 0,Time 10,Time 20,Time 30,Time 40,Time 50,Time 60,Time 70,Time 80,Time 90,Time 100,Time 110,Time 120,Time 130,Time 140,Time 150,Time 160,Time 170,Time 180,Time 190,Time 200,Time 210,Time 220,Time 230,Time 240,Time 250,Time 260,Time 270,Time 280,Time 290,Time 300,Time 310,Time 320,Time 330,Time 340,Time 350,Time 360,Time 370,Time 380,Time 390,Time 400,Time 410,Time 420,Time 430,Time 440,Time 450,Time 460,Time 470,Time 480,Time 490,Time 500,Time 510,Time 520,Time 530,Time 540,Time 550,Time 560,Time 570,Time 580,Time 590,Time 600,Time 610,Time 620,Time 630,Time 640,Time 650,Time 660,Time 670,Time 680,Time 690,Time 700,Time 710,Time 720,Time 730,Time 740,Time 750,Time 760,Time 770,Time 780,Time 790,Time 800,Time 810,Time 820,Time 830,Time 840,Time 850,Time 860,Time 870,Time 880,Time 890,Time 900,Time 910,Time 920,Time 930,Time 940,Time 950,Time 960,Time 970,Time 980
0.8938588235294117,0.8768779411764704,0.7994161764705882,0.8110014705882354,0.7512426470588234,0.7640499999999998,0.7095794117647057,0.6194161764705882,0.5659132352941175,0.557275,0.6634838235294117,0.7337617647058823,0.6864985294117646,0.7541397058823528,0.773260294117647,0.8433897058823528,0.8657720588235293,0.900520588235294,0.9054088235294115,0.873814705882353,0.8826499999999999,0.8114088235294118,0.8209544117647057,0.767230882352941,0.7758544117647058,0.7788382352941176,0.7172176470588234,0.6954249999999998,0.6898529411764707,0.6814044117647058,0.7154911764705881,0.6786088235294117,0.7508470588235293,0.7356779411764705,0.7780058823529411,0.7603926470588234,0.7564691176470588,0.8509558823529411,0.893305882352941,0.9016897058823528,0.8155308823529411,0.7926367647058822,0.7201102941176469,0.6967441176470587,0.7235441176470587,0.7674573529411763,0.776755882352941,0.853060294117647,0.8643838235294117,0.8742602941176469,0.9051632352941177,0.9220338235294118,0.8999999999999999,0.9427970588235294,0.9264985294117647,0.9299235294117646,0.9212470588235293,0.905410294117647,0.8580264705882352,0.8194735294117647,0.7562249999999999,0.7995735294117646,0.7870014705882352,0.7752161764705882,0.7602176470588234,0.8313294117647058,0.9008294117647058,0.8866838235294118,0.9102764705882352,0.9276205882352939,0.9244632352941177,0.9061602941176469,0.9013852941176469,0.9017970588235293,0.8619397058823528,0.8346485294117647,0.8382867647058823,0.8079294117647057,0.7142632352941175,0.731495588235294,0.7396088235294116,0.7937426470588235,0.7477544117647059,0.7361382352941176,0.7238058823529411,0.7468882352941175,0.7447720588235294,0.755510294117647,0.7436102941176469,0.7204911764705882,0.7891117647058822,0.8187264705882352,0.8166985294117646,0.8744882352941175,0.914435294117647,0.9096970588235294,0.8823529411764705,0.7831367647058821,0.8062499999999999
0.9177691176470587,0.872770588235294,0.8566808823529412,0.8311941176470588,0.7405794117647058,0.7274205882352941,0.6806632352941175,0.6010470588235294,0.568360294117647,0.6215352941176471,0.698730882352941,0.6854970588235293,0.697245588235294,0.7336441176470587,0.7981470588235294,0.8600264705882351,0.8966102941176469,0.9069176470588235,0.8998558823529411,0.8904794117647059,0.880220588235294,0.838130882352941,0.8281308823529411,0.804310294117647,0.7646441176470588,0.7672955882352941,0.7413485294117647,0.6906485294117647,0.7059676470588234,0.6556588235294116,0.6907485294117647,0.7350735294117646,0.6902411764705882,0.6456529411764705,0.7322058823529412,0.7587941176470588,0.7917764705882353,0.7997044117647059,0.8802764705882352,0.9066249999999999,0.8415779411764706,0.7656411764705882,0.7468676470588234,0.7447867647058823,0.7734382352941176,0.8001999999999998,0.7681382352941176,0.8619117647058824,0.8392823529411764,0.8610191176470586,0.8755132352941176,0.9204749999999999,0.8999999999999999,0.9431220588235294,0.9298426470588234,0.9352176470588234,0.9193705882352942,0.9119014705882351,0.884155882352941,0.8205279411764704,0.7608779411764705,0.7560147058823529,0.7984176470588235,0.7985911764705881,0.7791749999999998,0.8334838235294117,0.8700691176470587,0.8819029411764705,0.9198558823529411,0.9206514705882352,0.9250647058823529,0.9150720588235294,0.846085294117647,0.8724720588235293,0.8755558823529411,0.8291029411764705,0.8105676470588236,0.7767249999999999,0.6819191176470588,0.7347617647058823,0.7259882352941175,0.7362161764705881,0.7655147058823528,0.7635779411764705,0.7300014705882352,0.7531764705882352,0.7377544117647058,0.7480279411764705,0.7245,0.7560779411764705,0.8086117647058821,0.8580720588235293,0.8293264705882353,0.8654308823529412,0.9102926470588234,0.9121117647058823,0.9034632352941174,0.8234926470588235,0.8055985294117647
0.9137470588235294,0.9079191176470587,0.8668882352941176,0.8588911764705882,0.7342588235294117,0.7405029411764705,0.6611470588235293,0.6431573529411763,0.6098779411764705,0.6178191176470587,0.6980720588235294,0.7080558823529413,0.6857529411764705,0.739470588235294,0.7904602941176471,0.8432882352941176,0.8445764705882352,0.851910294117647,0.90975,0.8736235294117647,0.8627985294117646,0.861420588235294,0.8513485294117646,0.8097455882352941,0.7961397058823529,0.7646882352941176,0.7316691176470587,0.6384411764705882,0.6779426470588235,0.6844764705882352,0.7169676470588234,0.7328941176470587,0.7062588235294116,0.7249897058823529,0.7286470588235294,0.7598779411764706,0.7495147058823529,0.8430911764705881,0.8610705882352941,0.8860617647058823,0.8429926470588235,0.8153191176470587,0.7687308823529412,0.7220014705882352,0.7060749999999999,0.8052941176470587,0.7777529411764704,0.8548779411764704,0.870625,0.8767544117647059,0.9101294117647059,0.9169794117647058,0.8999999999999999,0.9386720588235293,0.9303338235294116,0.9359308823529412,0.9206647058823528,0.9085220588235292,0.8689470588235293,0.8032441176470587,0.7895573529411765,0.7704397058823529,0.7805323529411764,0.7640073529411764,0.7922852941176469,0.8085411764705881,0.9004735294117646,0.8849617647058823,0.9194970588235293,0.9229382352941174,0.9295132352941176,0.9090867647058821,0.9148676470588234,0.9103970588235293,0.8744264705882351,0.8966911764705882,0.8290970588235294,0.7429132352941176,0.7352411764705882,0.7240749999999999,0.7295911764705881,0.7381955882352941,0.791145588235294,0.8014220588235292,0.7550455882352941,0.7392088235294118,0.7227691176470588,0.7996367647058824,0.6821073529411764,0.6920691176470588,0.7808308823529411,0.7647147058823529,0.8104897058823529,0.8522220588235292,0.9099676470588235,0.9109308823529411,0.889670588235294,0.8739161764705881,0.8318794117647057
0.8768264705882352,0.8734161764705882,0.8802249999999999,0.7919132352941175,0.7206941176470587,0.713735294117647,0.6919779411764705,0.6100308823529411,0.561875,0.5893367647058824,0.6939985294117647,0.6952911764705882,0.6809808823529412,0.702830882352941,0.8132705882352941,0.8771161764705881,0.9021088235294117,0.8802588235294116,0.875855882352941,0.8728558823529412,0.8840205882352941,0.8270117647058823,0.8277191176470586,0.8321367647058824,0.784,0.773005882352941,0.7411191176470587,0.680920588235294,0.707785294117647,0.6956485294117646,0.7124632352941175,0.7281794117647058,0.7458794117647058,0.7405235294117647,0.7591808823529411,0.7760529411764705,0.7718367647058824,0.8363426470588234,0.8812867647058823,0.8996132352941176,0.8053220588235294,0.8602794117647058,0.765520588235294,0.7786617647058823,0.7811455882352941,0.7828632352941176,0.7973044117647059,0.8580014705882352,0.8693161764705881,0.884355882352941,0.8774073529411763,0.9138073529411764,0.8999999999999999,0.9436499999999999,0.9278382352941176,0.9345926470588235,0.9173691176470588,0.9054117647058824,0.8870617647058823,0.7883529411764706,0.7793014705882353,0.8001426470588234,0.7890044117647058,0.7249397058823529,0.8070970588235293,0.8088926470588235,0.8312926470588233,0.8859382352941175,0.9214073529411764,0.9192999999999999,0.9230882352941175,0.9110014705882352,0.9130279411764705,0.8775867647058821,0.8375220588235294,0.8239470588235294,0.8651014705882353,0.7733985294117646,0.7067411764705881,0.7598573529411765,0.7377147058823529,0.7626779411764705,0.785205882352941,0.7719676470588235,0.7720720588235294,0.7331941176470587,0.774860294117647,0.7360985294117646,0.7225676470588236,0.6697117647058822,0.8745647058823528,0.8609882352941176,0.7570058823529411,0.8703794117647059,0.9083632352941176,0.9133573529411764,0.8676735294117647,0.8122588235294117,0.8060102941176469
0.9154852941176469,0.8770249999999999,0.898260294117647,0.7944426470588235,0.7852588235294117,0.7420161764705882,0.6925632352941176,0.599760294117647,0.5774073529411765,0.6147499999999999,0.6418852941176469,0.7171661764705882,0.7265338235294116,0.7623220588235293,0.7802514705882352,0.8783117647058823,0.8851220588235293,0.852425,0.9103176470588236,0.9025647058823528,0.8776088235294117,0.8728323529411763,0.8862705882352941,0.7590352941176469,0.764580882352941,0.7171132352941175,0.7398117647058824,0.686760294117647,0.7058132352941177,0.688120588235294,0.7228720588235293,0.7120823529411764,0.739235294117647,0.7463926470588235,0.7550294117647058,0.7864397058823528,0.7526514705882352,0.8400044117647059,0.8421941176470588,0.8916720588235293,0.7933823529411763,0.7720249999999999,0.7889176470588234,0.7157514705882353,0.7221294117647058,0.7666911764705882,0.7797573529411764,0.8207926470588234,0.8477735294117645,0.8801823529411764,0.9069073529411764,0.9174588235294117,0.8992676470588233,0.9418661764705882,0.9283441176470587,0.9368397058823528,0.9232691176470588,0.9156441176470588,0.8922617647058823,0.8285397058823528,0.7378632352941176,0.7749117647058822,0.7816441176470587,0.7943647058823529,0.7983014705882352,0.7822382352941175,0.8688602941176471,0.8852602941176468,0.9209397058823529,0.9207911764705882,0.9266397058823528,0.8945705882352941,0.901895588235294,0.9059749999999999,0.9014735294117646,0.8334029411764705,0.8640205882352939,0.7780279411764705,0.7339117647058824,0.7009411764705882,0.7479999999999998,0.8199735294117646,0.7666044117647058,0.7481294117647058,0.7896308823529412,0.7728235294117647,0.7408014705882352,0.73185,0.7642352941176469,0.7057764705882351,0.8557999999999999,0.8864676470588233,0.8552382352941176,0.8878794117647059,0.9139088235294116,0.9107941176470588,0.8626294117647059,0.7875838235294117,0.8318058823529412
0.9131544117647058,0.9083588235294117,0.8525044117647057,0.7668499999999999,0.7319602941176471,0.7628808823529412,0.6853588235294118,0.6401588235294118,0.5452573529411764,0.6154867647058824,0.7166323529411764,0.6979955882352941,0.7310897058823528,0.7345205882352941,0.7543147058823528,0.8787147058823529,0.8693161764705882,0.8927985294117646,0.9020661764705882,0.9063352941176469,0.8819720588235294,0.8589176470588236,0.8630117647058823,0.7439338235294116,0.7756441176470589,0.7770911764705882,0.7391661764705881,0.6947808823529412,0.7025073529411764,0.7085529411764705,0.7210382352941176,0.759325,0.7225735294117647,0.7375750000000001,0.7316058823529411,0.7579397058823529,0.7529352941176469,0.8342161764705882,0.8955794117647058,0.8756867647058822,0.8188411764705882,0.7742544117647058,0.8241999999999999,0.7365926470588234,0.7786632352941175,0.7804808823529412,0.8122308823529412,0.8602955882352941,0.8629279411764705,0.8804191176470588,0.9036397058823529,0.9223102941176471,0.8986102941176469,0.942220588235294,0.9300073529411763,0.9372029411764705,0.921695588235294,0.8936926470588235,0.8255044117647058,0.8059926470588236,0.7722220588235293,0.7933573529411764,0.7833058823529411,0.8035867647058822,0.8296397058823528,0.8049544117647057,0.8864794117647058,0.881870588235294,0.9200999999999999,0.9239529411764705,0.9259441176470586,0.912810294117647,0.9170058823529411,0.9080617647058823,0.9018029411764705,0.7956397058823529,0.7771779411764705,0.8110308823529411,0.7281632352941175,0.7853823529411764,0.7402779411764704,0.738630882352941,0.8047235294117646,0.7958426470588235,0.7364279411764705,0.7242985294117646,0.749930882352941,0.7531294117647058,0.7838441176470587,0.6960220588235294,0.8182691176470588,0.8479176470588236,0.7715264705882352,0.8735220588235293,0.9130220588235294,0.915510294117647,0.8662411764705882,0.8230308823529411,0.8051720588235294
0.917175,0.9071441176470588,0.818320588235294,0.8013147058823529,0.7519058823529411,0.7581308823529411,0.6573441176470588,0.6030264705882352,0.5880455882352941,0.6054176470588234,0.6573338235294117,0.7187455882352941,0.7198926470588235,0.713670588235294,0.7687279411764705,0.8615794117647058,0.9057279411764706,0.9143294117647057,0.8930470588235294,0.907505882352941,0.8820588235294117,0.7687588235294117,0.8543279411764705,0.7873176470588233,0.7961691176470587,0.7734235294117647,0.709005882352941,0.6381882352941175,0.6892294117647058,0.6973117647058823,0.7098794117647058,0.7109,0.7459014705882352,0.7719279411764705,0.7641470588235294,0.7379911764705882,0.7835132352941175,0.8350794117647058,0.863695588235294,0.9019441176470587,0.8612985294117647,0.8052867647058822,0.7811632352941176,0.7617514705882351,0.7786441176470587,0.7551485294117647,0.8296382352941175,0.8706264705882353,0.8165882352941175,0.8784676470588234,0.9065294117647059,0.9224264705882352,0.8992676470588233,0.9379294117647057,0.9286808823529411,0.9363279411764704,0.9198235294117645,0.9075411764705881,0.8372470588235292,0.8256441176470588,0.7548367647058822,0.7944176470588233,0.7854794117647058,0.8083852941176469,0.7296117647058823,0.8297397058823528,0.8604499999999999,0.8865470588235294,0.9171735294117646,0.9222999999999999,0.9230882352941175,0.9008073529411763,0.9072117647058823,0.9060279411764705,0.8460514705882352,0.8770455882352941,0.848895588235294,0.8500382352941176,0.7421323529411764,0.7868999999999999,0.727370588235294,0.7314941176470586,0.7837749999999999,0.7265294117647059,0.7795838235294117,0.7569441176470587,0.7364999999999999,0.7531382352941176,0.6955235294117645,0.7321382352941177,0.8003235294117645,0.8688558823529411,0.8138882352941176,0.8830617647058824,0.9113838235294116,0.9155426470588235,0.838241176470588,0.8531,0.8094588235294117
0.8767485294117646,0.9099161764705881,0.8972647058823529,0.8152411764705881,0.7308235294117646,0.7374176470588235,0.6915735294117646,0.6070220588235293,0.5866117647058823,0.5788529411764706,0.7043529411764705,0.7046852941176469,0.6922132352941177,0.720785294117647,0.8125691176470587,0.8563044117647058,0.878670588235294,0.8792985294117647,0.8854470588235294,0.8758323529411763,0.885680882352941,0.7894926470588234,0.787685294117647,0.7799323529411764,0.756525,0.7669485294117645,0.720155882352941,0.7228779411764706,0.6956220588235295,0.6862426470588235,0.7184779411764706,0.7262764705882352,0.7601647058823527,0.6997191176470587,0.7378897058823528,0.7583970588235293,0.7692367647058823,0.8434382352941174,0.8617985294117646,0.9020397058823528,0.8433838235294117,0.7841117647058823,0.7578397058823527,0.7573176470588235,0.7413941176470588,0.7742632352941176,0.7928558823529411,0.8205529411764706,0.8650235294117646,0.8483941176470587,0.9070720588235293,0.9181249999999999,0.8992676470588233,0.940235294117647,0.9281764705882353,0.9321735294117646,0.9226911764705882,0.8800882352941176,0.8372220588235293,0.8218764705882353,0.7693794117647057,0.7563323529411764,0.7883749999999999,0.7809485294117645,0.7832294117647058,0.8273411764705881,0.8796455882352942,0.874570588235294,0.9221882352941175,0.9224588235294117,0.928260294117647,0.9099382352941177,0.9146382352941176,0.9005147058823528,0.9057073529411763,0.8014338235294116,0.8508897058823528,0.7767102941176469,0.7520044117647059,0.6948249999999999,0.7202764705882353,0.7597117647058824,0.7892882352941176,0.7552808823529411,0.7600558823529411,0.7482455882352941,0.7470588235294117,0.7423249999999999,0.7476044117647058,0.7065441176470587,0.8103999999999999,0.8203161764705882,0.8072382352941175,0.8274147058823528,0.909495588235294,0.9150661764705882,0.8971676470588235,0.7990749999999999,0.7946588235294116
0.9120588235294117,0.8737867647058822,0.8458970588235294,0.8269088235294116,0.733785294117647,0.7286647058823528,0.670530882352941,0.609760294117647,0.571125,0.6183955882352941,0.7038485294117647,0.6664367647058823,0.7238441176470588,0.7801911764705882,0.8298044117647058,0.8598720588235294,0.9023441176470587,0.8693176470588234,0.8935029411764706,0.9075882352941175,0.8673544117647058,0.8142088235294117,0.857060294117647,0.7701397058823529,0.7860426470588234,0.7676044117647058,0.7381764705882353,0.6731897058823529,0.7041735294117647,0.6955955882352941,0.6685999999999999,0.7508764705882351,0.7391441176470588,0.7450073529411764,0.71375,0.754185294117647,0.7927264705882352,0.8428426470588234,0.8937764705882352,0.8482147058823529,0.8570544117647059,0.7909882352941174,0.7638514705882352,0.7387926470588234,0.753135294117647,0.8279691176470588,0.7839294117647058,0.8580529411764706,0.9016014705882351,0.8816999999999999,0.904980882352941,0.8764941176470588,0.8999999999999999,0.9432485294117646,0.9273264705882353,0.9359794117647059,0.9216161764705881,0.9166764705882351,0.8486338235294117,0.8010926470588234,0.7597573529411763,0.7464720588235294,0.7793705882352941,0.7710970588235293,0.801485294117647,0.8352220588235294,0.8084617647058823,0.8890779411764704,0.9210014705882352,0.9241852941176468,0.9276764705882351,0.9088117647058823,0.9124749999999998,0.8657323529411763,0.9067985294117646,0.862775,0.8276323529411764,0.7747720588235293,0.7624411764705881,0.7223102941176469,0.7360426470588235,0.7620382352941176,0.7831044117647059,0.7355955882352941,0.7261764705882353,0.7511382352941175,0.7381426470588235,0.7360661764705881,0.755920588235294,0.7368264705882352,0.7812735294117645,0.8096676470588233,0.8675720588235294,0.8759088235294117,0.9162882352941175,0.9144779411764706,0.8658852941176469,0.8367544117647059,0.8047514705882353
0.9087397058823529,0.8749838235294116,0.8615117647058823,0.8058823529411765,0.7609941176470586,0.7241176470588235,0.7017529411764705,0.6347367647058823,0.566870588235294,0.6298882352941175,0.7207544117647058,0.6801823529411763,0.7066823529411765,0.7402794117647058,0.780835294117647,0.8270367647058822,0.902570588235294,0.9094338235294118,0.9051617647058823,0.9061882352941175,0.8772691176470586,0.7619676470588235,0.8804147058823528,0.7640029411764705,0.7853191176470589,0.7500102941176471,0.7135955882352939,0.6362044117647059,0.6868014705882353,0.7082044117647058,0.7130911764705882,0.7380647058823528,0.7430720588235293,0.7922441176470587,0.7362794117647059,0.7392544117647059,0.681620588235294,0.8057470588235293,0.8770117647058823,0.9031794117647057,0.8362999999999999,0.790225,0.7936205882352941,0.7737161764705881,0.8083088235294117,0.8170073529411764,0.7984176470588235,0.8403176470588234,0.8658691176470587,0.8459191176470587,0.9127941176470588,0.8809411764705881,0.8992676470588233,0.944020588235294,0.9285132352941177,0.9358426470588235,0.924275,0.9112779411764705,0.8424249999999999,0.7703691176470587,0.774264705882353,0.7741117647058823,0.7892720588235294,0.7599999999999999,0.8097485294117646,0.8294617647058823,0.8664279411764705,0.8829058823529411,0.9217323529411764,0.926170588235294,0.9179985294117646,0.9060632352941175,0.9218044117647058,0.8773044117647057,0.8999308823529409,0.8124235294117647,0.7660382352941175,0.8027720588235293,0.7101088235294116,0.7273911764705882,0.7320323529411763,0.7393647058823529,0.7915985294117647,0.7453161764705882,0.7384073529411763,0.7316632352941176,0.7322602941176469,0.7517485294117647,0.720495588235294,0.7559647058823529,0.8473808823529412,0.8531279411764706,0.8332499999999999,0.8797352941176471,0.9122205882352941,0.9137867647058822,0.8714882352941176,0.827810294117647,0.8017102941176469
0.9135852941176469,0.9040132352941176,0.8974970588235294,0.8185838235294117,0.7361573529411763,0.7408676470588236,0.7049397058823529,0.603610294117647,0.577925,0.625120588235294,0.7207426470588234,0.6975764705882352,0.7036544117647059,0.7665249999999999,0.791555882352941,0.8559132352941176,0.8470308823529411,0.8949749999999999,0.907645588235294,0.8844926470588235,0.8663808823529411,0.8285985294117647,0.8375823529411764,0.8004632352941174,0.7769014705882352,0.7299294117647058,0.7367441176470587,0.6540264705882353,0.6786470588235295,0.7007014705882353,0.7222661764705882,0.730775,0.7404926470588233,0.7556838235294117,0.7535970588235292,0.7387676470588235,0.8267,0.7939852941176471,0.8977441176470587,0.903795588235294,0.795970588235294,0.7972176470588235,0.7403838235294118,0.7603470588235294,0.8046852941176469,0.7646397058823529,0.7888088235294117,0.8410852941176469,0.8683867647058823,0.8747294117647058,0.9116779411764705,0.9195235294117646,0.8999999999999999,0.9439882352941175,0.9295132352941176,0.9369735294117646,0.9171514705882352,0.9151514705882351,0.8310882352941177,0.8578073529411764,0.7498058823529411,0.7578764705882353,0.7599073529411764,0.7284632352941176,0.801745588235294,0.8334323529411765,0.8462102941176469,0.8803323529411763,0.9210220588235293,0.9244941176470587,0.9251117647058823,0.9078735294117646,0.8810573529411763,0.9114441176470588,0.9023985294117646,0.8485529411764706,0.8285397058823529,0.8024426470588234,0.7471529411764706,0.7559970588235293,0.7146514705882351,0.7895176470588234,0.7709485294117646,0.6942720588235294,0.7374764705882352,0.7501220588235293,0.7400367647058822,0.7726,0.7468985294117647,0.7416632352941176,0.7797514705882352,0.8215220588235292,0.8574294117647058,0.8637102941176469,0.9129470588235293,0.9129161764705881,0.881025,0.7966882352941176,0.7992705882352941
0.9100941176470586,0.9057088235294117,0.841610294117647,0.7663514705882353,0.7549676470588235,0.733510294117647,0.6847897058823529,0.6045911764705882,0.5734176470588235,0.6583441176470588,0.7040397058823529,0.6931808823529412,0.7112176470588235,0.7903294117647058,0.8077323529411764,0.8181147058823529,0.9046514705882351,0.8776661764705882,0.9101338235294116,0.9027838235294117,0.8724911764705882,0.832189705882353,0.8251941176470587,0.7702720588235293,0.7823529411764706,0.7639235294117647,0.7399441176470588,0.6432382352941175,0.7056088235294117,0.6829147058823528,0.7131397058823529,0.7529367647058823,0.7224308823529412,0.7268220588235292,0.7567749999999999,0.7624426470588234,0.7592426470588235,0.8256264705882351,0.8637691176470588,0.8498235294117646,0.8439720588235293,0.8139882352941176,0.7623588235294116,0.713425,0.7748470588235293,0.7864367647058823,0.792070588235294,0.8560514705882353,0.8655441176470587,0.8792720588235293,0.9085147058823528,0.913464705882353,0.8992676470588233,0.9422455882352939,0.9288485294117645,0.9370308823529411,0.9257691176470587,0.9101485294117646,0.8671249999999999,0.8024294117647057,0.7547632352941176,0.7411073529411764,0.7869191176470587,0.7889014705882352,0.748395588235294,0.8283779411764706,0.9007764705882352,0.8689367647058823,0.9229970588235292,0.9226749999999999,0.9205132352941174,0.9066382352941176,0.8817397058823528,0.9073485294117646,0.8927661764705881,0.8046911764705881,0.8441573529411763,0.7918235294117645,0.7761794117647057,0.7859867647058821,0.7632132352941176,0.7774941176470588,0.8063073529411763,0.8431117647058822,0.7375014705882352,0.7443044117647059,0.7383911764705882,0.7398676470588235,0.7448985294117647,0.7616117647058823,0.7911749999999999,0.8418647058823528,0.8482985294117646,0.8799514705882352,0.9133132352941176,0.9079426470588234,0.9012926470588235,0.8724249999999999,0.8043558823529411
0.9178720588235293,0.8947044117647058,0.8473264705882352,0.8680044117647058,0.7583220588235293,0.7346911764705881,0.6888264705882353,0.6451676470588236,0.5846441176470587,0.6088720588235295,0.6827382352941177,0.6779117647058822,0.6933823529411763,0.7434941176470587,0.8270867647058822,0.8291176470588234,0.846730882352941,0.8928632352941175,0.8901426470588235,0.8764147058823528,0.8804294117647057,0.8916676470588235,0.8614911764705883,0.7624999999999998,0.7974397058823528,0.7488926470588235,0.7359897058823529,0.6696191176470587,0.7076617647058823,0.7054926470588234,0.7184088235294117,0.7320397058823528,0.7406161764705881,0.7244176470588235,0.7487073529411764,0.7475867647058823,0.770420588235294,0.8125382352941176,0.8935382352941176,0.9062205882352941,0.8551235294117646,0.8159985294117647,0.7456029411764705,0.7196191176470588,0.784170588235294,0.7622338235294116,0.7867323529411764,0.8722441176470588,0.8967191176470587,0.8477544117647058,0.9131411764705881,0.9209249999999999,0.8999999999999999,0.9438441176470587,0.9269838235294117,0.9325397058823528,0.9221323529411763,0.8971382352941175,0.789180882352941,0.7878588235294117,0.7496029411764704,0.7733691176470587,0.7660044117647058,0.7654514705882351,0.7830441176470587,0.8085088235294117,0.8453926470588236,0.885245588235294,0.8850220588235294,0.9206338235294117,0.9247102941176469,0.9126941176470587,0.9173514705882352,0.9075264705882351,0.8502117647058822,0.8664323529411765,0.8168808823529412,0.8155073529411765,0.741645588235294,0.7655985294117647,0.6915073529411763,0.7803838235294117,0.7712088235294118,0.7492661764705882,0.7201235294117646,0.7468926470588235,0.7503161764705881,0.7464779411764706,0.7493632352941176,0.7626735294117647,0.7814882352941176,0.8295485294117646,0.7959397058823529,0.8366397058823528,0.9169749999999999,0.914605882352941,0.8491647058823528,0.7853573529411764,0.8057073529411765
0.9121279411764704,0.9142176470588235,0.8567544117647057,0.8004058823529411,0.7561749999999999,0.756230882352941,0.6704264705882351,0.6624176470588234,0.5813544117647059,0.5839794117647058,0.663660294117647,0.6834544117647058,0.7216073529411764,0.7325294117647058,0.7779441176470587,0.8358941176470587,0.9023073529411765,0.9119735294117647,0.908360294117647,0.8131279411764706,0.8807647058823529,0.8201220588235294,0.8591911764705882,0.7418573529411764,0.8042235294117647,0.7706735294117646,0.6603897058823529,0.655939705882353,0.6818632352941176,0.676839705882353,0.6903544117647057,0.6675014705882353,0.7168838235294117,0.7330735294117646,0.7315647058823529,0.7449426470588234,0.7632720588235293,0.8126279411764704,0.8302411764705881,0.8709808823529411,0.8703367647058823,0.7955720588235293,0.7605867647058823,0.7856897058823529,0.7322764705882352,0.8107764705882352,0.7848955882352939,0.8520470588235293,0.9043191176470587,0.877370588235294,0.9124235294117646,0.9226573529411763,0.8999999999999999,0.9437544117647058,0.9274235294117646,0.9370911764705881,0.9215735294117646,0.9074338235294117,0.8927823529411762,0.8187029411764706,0.7515823529411764,0.7125294117647059,0.8203088235294116,0.785970588235294,0.8188132352941176,0.8110220588235294,0.9019661764705881,0.8856338235294117,0.9214323529411764,0.921089705882353,0.9226749999999999,0.9120191176470587,0.9100676470588233,0.9072411764705882,0.844960294117647,0.8120161764705882,0.7887338235294117,0.7438014705882352,0.7391676470588233,0.7308323529411763,0.7486941176470587,0.7734867647058823,0.7713808823529411,0.7637529411764704,0.7761720588235294,0.761139705882353,0.7561661764705883,0.7678088235294117,0.766385294117647,0.7349661764705882,0.8220367647058823,0.8818588235294117,0.8355544117647058,0.8460044117647058,0.8781558823529412,0.9123911764705881,0.8756294117647059,0.8736573529411764,0.8610926470588235
0.9122661764705882,0.8947779411764706,0.8842999999999999,0.7470779411764705,0.7053764705882352,0.726255882352941,0.6653397058823528,0.6059117647058824,0.5671029411764705,0.6094058823529411,0.707835294117647,0.6850544117647057,0.7081617647058823,0.6974323529411764,0.8338999999999999,0.8631823529411764,0.9012191176470588,0.8746985294117647,0.9018676470588234,0.9089691176470587,0.8766529411764705,0.8115676470588236,0.8668088235294117,0.7854749999999999,0.7480941176470588,0.7424544117647057,0.7267573529411764,0.6518058823529411,0.6974676470588235,0.7056220588235294,0.7230882352941176,0.7210970588235295,0.7602632352941177,0.7347794117647058,0.7314661764705881,0.7903264705882352,0.8207999999999999,0.8177308823529411,0.8963573529411764,0.8712735294117645,0.7450323529411763,0.7969382352941176,0.7578647058823529,0.7486676470588234,0.7747632352941176,0.7378455882352941,0.7931323529411763,0.8377823529411764,0.8949926470588235,0.8791941176470587,0.9085485294117646,0.9209632352941176,0.8999999999999999,0.9440455882352939,0.9281941176470587,0.9318735294117647,0.9199573529411764,0.9061029411764705,0.879385294117647,0.77935,0.7761632352941176,0.8070499999999999,0.7579632352941175,0.7693397058823529,0.8181573529411764,0.8328426470588235,0.9007,0.8783161764705881,0.8784455882352941,0.9265632352941175,0.9259441176470586,0.9098411764705883,0.9176794117647058,0.9094999999999999,0.8682132352941176,0.8342191176470588,0.7861117647058824,0.7565470588235294,0.7189132352941175,0.773595588235294,0.7389529411764705,0.753185294117647,0.7395029411764705,0.7727794117647058,0.7484985294117646,0.7419117647058823,0.716580882352941,0.7364294117647059,0.732885294117647,0.724095588235294,0.8639102941176469,0.8571249999999999,0.8486602941176469,0.8660867647058823,0.9103735294117646,0.914595588235294,0.8437499999999999,0.8179558823529411,0.807225
0.9103455882352941,0.8767117647058823,0.8627573529411763,0.807120588235294,0.7309485294117646,0.7287882352941175,0.696460294117647,0.59305,0.5895264705882352,0.5870044117647059,0.7213852941176471,0.6967411764705882,0.6826220588235293,0.7268970588235293,0.7763411764705881,0.8261970588235293,0.8988970588235294,0.8790632352941175,0.9022176470588235,0.9115117647058824,0.8822808823529411,0.7903617647058823,0.8969338235294116,0.7848617647058823,0.786570588235294,0.7698632352941176,0.7405132352941176,0.6693632352941176,0.6817632352941175,0.6982279411764705,0.7113499999999999,0.7420308823529411,0.715729411764706,0.7248514705882353,0.7425882352941175,0.765635294117647,0.7503779411764705,0.8478235294117646,0.8623117647058822,0.8677044117647058,0.8025794117647058,0.7877823529411764,0.7679367647058822,0.7582338235294117,0.7653764705882353,0.8418485294117646,0.7965882352941176,0.8577088235294117,0.899535294117647,0.8404132352941176,0.9051897058823528,0.918385294117647,0.8979485294117646,0.9419382352941175,0.9269838235294117,0.9354558823529412,0.9204779411764704,0.9084808823529411,0.8275205882352942,0.8367279411764705,0.7776088235294116,0.752485294117647,0.7506147058823528,0.7775117647058822,0.7923147058823529,0.8125176470588235,0.8284294117647057,0.8744338235294116,0.9173632352941176,0.9231838235294116,0.9250647058823529,0.9198691176470587,0.9109691176470587,0.9065573529411765,0.869220588235294,0.8250249999999999,0.7961970588235293,0.7808514705882351,0.7386823529411763,0.7538529411764705,0.7701558823529411,0.7592720588235293,0.7888441176470588,0.7719514705882352,0.7517911764705882,0.7409294117647057,0.7438911764705882,0.7617485294117646,0.7422749999999999,0.7345617647058823,0.819835294117647,0.801055882352941,0.81555,0.8813411764705882,0.9119735294117647,0.9121514705882352,0.8673191176470587,0.8274867647058822,0.8375544117647059
0.9141147058823529,0.9089014705882352,0.8118176470588234,0.8238970588235294,0.7310382352941175,0.7268691176470587,0.7044249999999999,0.6329691176470588,0.5947470588235294,0.6041117647058823,0.7169661764705882,0.716635294117647,0.7121794117647058,0.7268411764705882,0.7568117647058823,0.808089705882353,0.8712470588235293,0.892875,0.8974794117647058,0.9079323529411764,0.8464191176470588,0.8396720588235295,0.8571794117647058,0.7848705882352941,0.7680558823529411,0.7466779411764706,0.733391176470588,0.6496573529411764,0.7010161764705882,0.6788764705882353,0.7195117647058823,0.7448249999999998,0.7332867647058823,0.727195588235294,0.7416867647058822,0.7462191176470587,0.8015794117647057,0.8083808823529411,0.8926735294117647,0.8976867647058822,0.7625720588235293,0.812360294117647,0.7637382352941176,0.7576455882352939,0.7286279411764706,0.7684235294117646,0.8151088235294117,0.8186720588235292,0.8721823529411764,0.8776338235294117,0.9031249999999998,0.918670588235294,0.8999999999999999,0.9408823529411763,0.9276676470588234,0.9371117647058822,0.920480882352941,0.9092897058823529,0.8210220588235294,0.8017794117647058,0.7762029411764705,0.7675602941176469,0.742755882352941,0.7763485294117647,0.7608176470588235,0.8333735294117647,0.8552823529411764,0.878875,0.914205882352941,0.921460294117647,0.9191617647058823,0.8939749999999999,0.8751485294117647,0.8759985294117646,0.9037264705882352,0.8010779411764705,0.7870014705882352,0.7910014705882351,0.725714705882353,0.7383426470588235,0.730360294117647,0.755035294117647,0.7892382352941175,0.8152441176470587,0.7199014705882352,0.7488220588235293,0.7382529411764706,0.7477882352941175,0.7378985294117646,0.7133911764705883,0.804305882352941,0.7931867647058823,0.8094632352941175,0.8634264705882352,0.9108044117647057,0.9117852941176469,0.8991720588235294,0.79115,0.8369764705882352
0.913330882352941,0.9160235294117646,0.8303676470588234,0.7418367647058822,0.7580397058823529,0.7489749999999998,0.6899470588235292,0.6287558823529411,0.5577249999999999,0.6371573529411765,0.7099970588235294,0.7115661764705881,0.7231044117647059,0.7586823529411764,0.7497705882352941,0.8548999999999999,0.9014338235294116,0.8894588235294117,0.8958911764705881,0.9066294117647057,0.8269117647058821,0.8146749999999999,0.8356470588235293,0.8092029411764705,0.7859382352941174,0.775330882352941,0.7164294117647058,0.6631088235294117,0.7012544117647058,0.6801426470588233,0.708970588235294,0.7098823529411763,0.7661647058823529,0.6854867647058823,0.7377941176470588,0.730385294117647,0.7662588235294117,0.8046838235294117,0.8807838235294116,0.8870558823529411,0.8108823529411764,0.7898235294117646,0.7435499999999999,0.7581176470588236,0.7794264705882353,0.8032544117647058,0.7723852941176469,0.8062249999999999,0.8944058823529412,0.8784470588235294,0.9141397058823528,0.921260294117647,0.8992676470588233,0.9413617647058824,0.9264661764705882,0.9328955882352941,0.9221882352941175,0.8585573529411764,0.8129176470588235,0.8573220588235293,0.7777279411764705,0.7666632352941175,0.7630941176470588,0.7749161764705881,0.8209191176470587,0.8451132352941175,0.8864073529411765,0.8827441176470588,0.9255985294117646,0.9249220588235293,0.9274970588235292,0.9009441176470586,0.8812955882352941,0.8738647058823529,0.8632926470588235,0.8260161764705882,0.8086044117647058,0.8013323529411763,0.7760970588235293,0.7289985294117647,0.7453588235294117,0.7588838235294116,0.7842161764705882,0.7774838235294116,0.7580220588235294,0.7540014705882352,0.736389705882353,0.7554397058823529,0.7713294117647057,0.7129911764705882,0.7936426470588235,0.8290308823529411,0.8280720588235293,0.857585294117647,0.9112691176470588,0.9137382352941176,0.878030882352941,0.8121661764705882,0.8052514705882352
0.9167985294117647,0.9068088235294116,0.8905955882352941,0.77955,0.737491176470588,0.7383029411764706,0.6905249999999999,0.5779044117647059,0.5683852941176469,0.6363073529411764,0.637210294117647,0.6648235294117646,0.7104779411764707,0.7547426470588234,0.7916088235294116,0.7943235294117645,0.8884485294117647,0.9091397058823528,0.9069926470588234,0.8779705882352941,0.8760529411764705,0.8204544117647058,0.8646867647058823,0.7913323529411763,0.774825,0.7699823529411763,0.7162441176470586,0.7000529411764705,0.6779147058823529,0.7038367647058822,0.7181044117647059,0.7081852941176469,0.7226749999999998,0.783235294117647,0.7229147058823528,0.7463882352941176,0.7551632352941176,0.8364647058823529,0.8419544117647059,0.9075264705882351,0.846675,0.7947691176470587,0.7820514705882352,0.6887573529411765,0.7875205882352941,0.7605514705882352,0.7510352941176469,0.8361529411764707,0.8474117647058822,0.8672117647058822,0.9062441176470586,0.9123985294117646,0.8999999999999999,0.9424999999999999,0.9291808823529412,0.9337647058823528,0.9203911764705881,0.8748249999999999,0.8611367647058822,0.7976338235294116,0.7493897058823529,0.8049867647058823,0.8136573529411764,0.7604544117647057,0.7865073529411765,0.8285911764705882,0.8729926470588234,0.8875573529411763,0.9146882352941176,0.9160911764705881,0.9283441176470587,0.9119499999999998,0.9120735294117646,0.8718117647058822,0.9027985294117646,0.8563323529411764,0.8383014705882352,0.8219397058823529,0.771535294117647,0.7103661764705882,0.7254838235294117,0.7582779411764705,0.7784323529411763,0.7076823529411764,0.726710294117647,0.7563161764705881,0.7458176470588235,0.7557220588235294,0.7467867647058822,0.7778514705882352,0.8270044117647058,0.7927911764705883,0.8079691176470587,0.8851147058823527,0.8740985294117647,0.8890794117647058,0.871460294117647,0.858635294117647,0.8133102941176469
0.913005882352941,0.9032014705882352,0.8609294117647057,0.8166044117647058,0.697975,0.7188441176470587,0.6812617647058823,0.6579117647058822,0.5781308823529411,0.5606970588235293,0.6845323529411765,0.690955882352941,0.6896735294117647,0.7548147058823529,0.8088294117647058,0.8569514705882353,0.8708926470588234,0.8758073529411764,0.9031073529411764,0.9120397058823527,0.8833338235294116,0.886585294117647,0.8416808823529411,0.8533029411764705,0.753180882352941,0.7499441176470587,0.7416588235294117,0.6575941176470588,0.6731573529411764,0.6665970588235293,0.7181514705882351,0.7387838235294117,0.7732294117647057,0.734930882352941,0.7455455882352942,0.7151367647058824,0.7708191176470587,0.8122073529411764,0.8801264705882351,0.9033779411764705,0.7853352941176469,0.7934926470588234,0.7499029411764705,0.774566176470588,0.7773735294117645,0.7298764705882352,0.7420338235294117,0.8006264705882352,0.8772279411764704,0.875760294117647,0.9090191176470587,0.9153441176470587,0.8999999999999999,0.9430838235294116,0.9270249999999999,0.9350147058823529,0.921695588235294,0.8963823529411763,0.8844073529411765,0.8233014705882352,0.761845588235294,0.7634970588235293,0.768685294117647,0.8034779411764704,0.8013632352941176,0.8408529411764706,0.8675176470588234,0.8813470588235293,0.9193514705882352,0.9186176470588234,0.9242294117647059,0.9139147058823528,0.9121999999999998,0.9072029411764704,0.9075676470588234,0.7942029411764705,0.829195588235294,0.7985691176470587,0.7385911764705883,0.7361235294117646,0.7351985294117646,0.7398352941176469,0.7969823529411764,0.7533029411764706,0.6953441176470586,0.7482455882352941,0.7171264705882352,0.754045588235294,0.7572779411764705,0.7158455882352941,0.7735279411764705,0.8452823529411765,0.8221279411764705,0.8773676470588234,0.9114397058823528,0.9119867647058822,0.8710426470588235,0.8260544117647057,0.7956029411764705
0.9010897058823527,0.8740411764705882,0.8809191176470587,0.7954808823529411,0.7826941176470587,0.7345661764705882,0.686475,0.6009529411764705,0.5894499999999999,0.6195382352941176,0.7219,0.7323999999999999,0.7006794117647058,0.7483147058823528,0.7729279411764706,0.8421029411764706,0.834955882352941,0.911155882352941,0.8715294117647058,0.9032691176470586,0.880905882352941,0.8464897058823528,0.8506485294117645,0.768955882352941,0.7943897058823528,0.7532073529411764,0.7347558823529411,0.6375838235294118,0.6904573529411764,0.6770029411764704,0.7112926470588236,0.7126382352941175,0.7598573529411765,0.7278176470588235,0.7627191176470588,0.7544044117647059,0.744685294117647,0.8303235294117647,0.8557132352941175,0.8851441176470587,0.8256808823529411,0.7730338235294116,0.7694249999999998,0.7638691176470587,0.8028749999999999,0.789035294117647,0.7986602941176469,0.7850985294117647,0.8744441176470588,0.8616411764705881,0.9063735294117646,0.9185308823529411,0.8992676470588233,0.9428838235294116,0.9278382352941176,0.9326367647058822,0.9212367647058822,0.8718985294117646,0.8230544117647057,0.8167632352941177,0.7537573529411765,0.7681735294117646,0.7884499999999998,0.7553808823529411,0.7944014705882352,0.8391941176470588,0.9031132352941176,0.8903970588235294,0.923530882352941,0.9172117647058823,0.9286808823529411,0.9145382352941176,0.913180882352941,0.9052117647058824,0.8843014705882353,0.8189882352941176,0.7709926470588234,0.7754588235294118,0.7984867647058823,0.7582338235294117,0.7152191176470588,0.7474764705882352,0.7553808823529411,0.7606617647058822,0.7955647058823528,0.7513985294117647,0.7412926470588235,0.7895294117647058,0.7222191176470587,0.7596132352941175,0.7954073529411765,0.8347382352941176,0.8079867647058824,0.8657544117647058,0.9143794117647057,0.9116220588235294,0.8859014705882351,0.8023,0.8066397058823529
0.910520588235294,0.8930852941176469,0.8616720588235294,0.7898632352941175,0.7107161764705882,0.7371485294117647,0.666,0.5982514705882352,0.5878,0.6265838235294117,0.6694926470588235,0.7085397058823529,0.7205661764705883,0.7142544117647058,0.8105499999999999,0.8446147058823529,0.8883823529411764,0.8792294117647058,0.8698455882352939,0.8372735294117646,0.8817970588235293,0.8199882352941176,0.8906191176470587,0.7736073529411764,0.7558397058823528,0.7246676470588235,0.7415779411764705,0.6839132352941176,0.7005676470588235,0.6785676470588234,0.7171176470588235,0.6968882352941176,0.7200661764705881,0.7134882352941176,0.7363338235294118,0.7415088235294118,0.7323323529411765,0.7933014705882352,0.875235294117647,0.8549191176470586,0.8394852941176469,0.7918852941176469,0.7404029411764704,0.7776044117647058,0.713460294117647,0.7430676470588234,0.7657647058823529,0.8495323529411765,0.9019867647058821,0.8743470588235294,0.9079588235294117,0.91325,0.8992676470588233,0.9408455882352941,0.9273264705882353,0.9331617647058822,0.9214029411764705,0.9071897058823527,0.8788735294117647,0.8247588235294118,0.775070588235294,0.7821441176470588,0.7351249999999999,0.8107191176470588,0.7814867647058822,0.8264897058823528,0.840360294117647,0.8880617647058822,0.9237014705882352,0.9198794117647057,0.9264779411764704,0.9120294117647059,0.9152794117647058,0.9067955882352939,0.8730647058823529,0.8604926470588234,0.8360441176470588,0.786130882352941,0.7168235294117645,0.7595308823529411,0.7378911764705881,0.7357720588235293,0.7791779411764705,0.7368794117647058,0.7081073529411764,0.7553367647058823,0.7432249999999999,0.766216176470588,0.6951264705882353,0.7396794117647058,0.8059397058823529,0.8774441176470587,0.7692735294117645,0.8495897058823528,0.9120235294117647,0.9154176470588234,0.8693264705882352,0.8530838235294116,0.8042117647058824
0.9114529411764705,0.8754852941176471,0.8626999999999999,0.843630882352941,0.7157882352941175,0.7302838235294117,0.6736720588235293,0.6509544117647058,0.572025,0.582225,0.6901676470588234,0.7031749999999999,0.7208749999999998,0.7754632352941174,0.7875029411764705,0.8037867647058823,0.8476882352941176,0.8634632352941176,0.9052338235294117,0.9083911764705881,0.8788411764705881,0.8178470588235294,0.8984647058823528,0.7598485294117646,0.7966617647058822,0.7629926470588234,0.7146014705882352,0.6562985294117647,0.6731455882352941,0.6537897058823529,0.7196720588235294,0.7172014705882352,0.7211852941176469,0.7057411764705881,0.7389235294117646,0.7291147058823528,0.7800044117647058,0.7904485294117646,0.8283647058823529,0.9053838235294116,0.8439294117647058,0.8144294117647058,0.7845323529411765,0.7114338235294116,0.7569367647058822,0.7953455882352941,0.7599911764705881,0.775130882352941,0.8822367647058822,0.8458249999999998,0.9091985294117646,0.9184691176470587,0.8999999999999999,0.9411544117647059,0.9274970588235292,0.9330132352941176,0.9250647058823529,0.908385294117647,0.8333632352941176,0.805110294117647,0.7693985294117647,0.7624573529411763,0.7741882352941175,0.783939705882353,0.8176338235294117,0.8436779411764704,0.8995499999999998,0.8822411764705882,0.9196926470588234,0.92365,0.9279264705882352,0.9074882352941176,0.9147102941176469,0.9076323529411764,0.9059779411764706,0.7909411764705881,0.7904941176470588,0.8101088235294116,0.7495014705882352,0.7454382352941176,0.7209926470588234,0.7486882352941175,0.7845176470588234,0.797485294117647,0.7794411764705882,0.7474735294117646,0.7535117647058822,0.7478573529411764,0.7478558823529411,0.7635294117647058,0.8007367647058823,0.8510102941176471,0.783445588235294,0.8800573529411763,0.9106426470588235,0.9131073529411764,0.8709985294117646,0.8413897058823528,0.8053485294117646
0.9160088235294117,0.8495073529411764,0.8486647058823529,0.8118588235294117,0.7953499999999998,0.7254749999999999,0.6910999999999999,0.6081838235294117,0.5816073529411764,0.6246058823529411,0.6723691176470588,0.6893544117647057,0.6988647058823529,0.7554073529411764,0.7907794117647058,0.855585294117647,0.8643176470588234,0.875745588235294,0.8999499999999998,0.9078794117647057,0.8835926470588236,0.8615176470588234,0.8816691176470588,0.8013264705882353,0.7527926470588234,0.7500985294117646,0.7163029411764705,0.6731220588235294,0.6959735294117646,0.6561191176470588,0.718830882352941,0.6833235294117646,0.7555632352941176,0.7368220588235294,0.7265544117647057,0.7349485294117647,0.7884764705882351,0.8629882352941175,0.8623558823529411,0.8633529411764705,0.8249235294117646,0.7881558823529411,0.7287838235294118,0.769755882352941,0.7584764705882353,0.7997985294117645,0.7742102941176471,0.8719926470588234,0.8943970588235294,0.8790088235294116,0.9139220588235293,0.9217176470588235,0.8999999999999999,0.9423323529411763,0.9258367647058823,0.9378382352941176,0.917625,0.8756191176470587,0.8626411764705881,0.818425,0.7777117647058822,0.7591823529411764,0.7652088235294117,0.77045,0.7867147058823528,0.8537147058823529,0.8291132352941176,0.885835294117647,0.9064985294117646,0.924285294117647,0.9261308823529409,0.911855882352941,0.8963029411764705,0.8728294117647059,0.8747632352941175,0.8622235294117646,0.8360632352941175,0.7959499999999998,0.7625720588235293,0.7164397058823528,0.7195470588235293,0.7323838235294117,0.7789955882352939,0.7502088235294117,0.7343514705882351,0.752710294117647,0.7650794117647058,0.7572308823529411,0.7491382352941176,0.7478161764705882,0.783320588235294,0.8265029411764705,0.8288779411764704,0.8442117647058822,0.9114882352941175,0.9076470588235294,0.8970514705882352,0.8391132352941175,0.8554970588235293
0.9084499999999999,0.9100897058823529,0.8974926470588234,0.8443514705882352,0.7551588235294118,0.7324147058823529,0.6890249999999999,0.6314088235294117,0.5587661764705882,0.5868720588235293,0.6515132352941175,0.7154691176470588,0.6934279411764706,0.7318323529411763,0.7926132352941176,0.8969014705882352,0.8475338235294116,0.8762573529411765,0.8837779411764705,0.8928323529411765,0.8806485294117646,0.8527632352941176,0.8745367647058822,0.8444838235294116,0.7278808823529412,0.7748867647058824,0.7417264705882352,0.7053676470588235,0.6839632352941175,0.7069529411764706,0.7365720588235293,0.7559102941176471,0.731030882352941,0.7268720588235293,0.7798632352941176,0.7760499999999998,0.7717264705882353,0.8233588235294117,0.8950617647058823,0.8459926470588234,0.8407794117647057,0.8061749999999999,0.7979147058823528,0.7644647058823528,0.7621882352941176,0.7841382352941176,0.7656588235294117,0.8698088235294117,0.9003308823529411,0.872805882352941,0.9090205882352941,0.9181044117647057,0.8999999999999999,0.9442867647058822,0.9258367647058823,0.9378691176470587,0.9203147058823529,0.8940882352941176,0.8651897058823528,0.7878029411764705,0.7811676470588235,0.7463632352941175,0.7894147058823527,0.7546514705882351,0.8009411764705882,0.8042147058823529,0.840225,0.8824926470588234,0.916055882352941,0.9254147058823529,0.9272544117647057,0.9131867647058822,0.9098132352941175,0.906535294117647,0.8734691176470588,0.8360823529411764,0.7733382352941176,0.8087897058823529,0.744770588235294,0.7338573529411765,0.7668647058823528,0.7539029411764706,0.7763397058823529,0.7452073529411763,0.7386632352941175,0.7469926470588234,0.7497882352941175,0.7538838235294116,0.7704382352941175,0.7319632352941174,0.7801176470588235,0.8365882352941175,0.8252852941176471,0.8692852941176469,0.8764808823529411,0.9119794117647058,0.9024220588235293,0.8409735294117645,0.8322411764705883
0.912755882352941,0.8752264705882351,0.8932294117647057,0.8074117647058823,0.7065441176470587,0.7290779411764705,0.6838235294117647,0.6016529411764705,0.5689779411764705,0.5897220588235293,0.6927323529411764,0.7003794117647058,0.7270308823529411,0.7256088235294117,0.7569485294117646,0.8578235294117645,0.9028573529411764,0.8797779411764706,0.9051867647058822,0.9086691176470588,0.8805323529411764,0.835880882352941,0.8377455882352941,0.7945426470588234,0.7572117647058821,0.7320838235294117,0.737105882352941,0.678120588235294,0.6952617647058822,0.6839485294117646,0.6677823529411764,0.7451367647058823,0.7239485294117647,0.7579044117647059,0.7753544117647058,0.7536632352941175,0.7706014705882352,0.8329088235294116,0.8916220588235293,0.9069764705882352,0.8519323529411764,0.7870294117647058,0.7585308823529411,0.7246352941176469,0.7695749999999999,0.8133117647058823,0.7982823529411764,0.8088588235294116,0.8971382352941175,0.8438220588235293,0.9027661764705881,0.9210176470588234,0.8999999999999999,0.9434544117647058,0.9273617647058823,0.9382823529411765,0.9195411764705882,0.912995588235294,0.8690191176470589,0.8269794117647058,0.7768088235294117,0.7981279411764705,0.7804220588235293,0.7694514705882352,0.8051823529411765,0.8457823529411763,0.8571970588235293,0.8780838235294116,0.8799441176470587,0.9190088235294116,0.9264661764705882,0.911895588235294,0.9123749999999999,0.8743808823529412,0.8709985294117646,0.8120779411764705,0.8187867647058823,0.7902235294117647,0.7428529411764705,0.7836779411764705,0.7456294117647059,0.7759941176470586,0.7611,0.7301882352941176,0.7527220588235294,0.7452838235294118,0.7488985294117646,0.7591794117647058,0.7731338235294117,0.7596999999999999,0.8178617647058823,0.8398617647058823,0.8113617647058823,0.8672720588235293,0.9132573529411765,0.9081411764705881,0.8959397058823528,0.7840882352941175,0.8093235294117647
0.9190441176470586,0.873355882352941,0.8596426470588235,0.8525720588235293,0.7636294117647057,0.7383102941176469,0.6695764705882352,0.6199264705882352,0.5690044117647058,0.5607161764705882,0.7271044117647057,0.7173764705882352,0.7026691176470587,0.7547794117647059,0.7754397058823529,0.8552735294117647,0.8719647058823529,0.9091029411764705,0.9079573529411763,0.910470588235294,0.881960294117647,0.8507911764705881,0.8979661764705882,0.7820779411764706,0.7450294117647058,0.7614249999999999,0.736625,0.6491955882352939,0.7005823529411764,0.7099235294117646,0.7115,0.7185397058823529,0.7416882352941176,0.736589705882353,0.8314235294117646,0.7354279411764706,0.7118411764705881,0.8159191176470587,0.842835294117647,0.8762117647058822,0.8509794117647057,0.760210294117647,0.7244882352941175,0.730305882352941,0.7559014705882352,0.7959897058823528,0.8285676470588234,0.8649058823529411,0.8429264705882351,0.8628632352941176,0.9013573529411764,0.886385294117647,0.8999999999999999,0.9438058823529412,0.9300073529411763,0.9364911764705882,0.9238132352941175,0.906145588235294,0.8436588235294117,0.8175779411764705,0.7784014705882352,0.7639588235294117,0.8093117647058823,0.7496911764705881,0.8246279411764705,0.851580882352941,0.8954602941176469,0.8872676470588233,0.9211029411764705,0.9218249999999999,0.924275,0.9111161764705882,0.9101897058823528,0.9078014705882352,0.8698558823529411,0.8557176470588235,0.8246191176470588,0.8069941176470588,0.7313058823529411,0.7729235294117646,0.7260485294117646,0.6953779411764704,0.7753338235294116,0.8055397058823528,0.730910294117647,0.721370588235294,0.7404588235294117,0.7302632352941176,0.7723573529411765,0.6743058823529411,0.7801882352941175,0.8369264705882351,0.7536691176470588,0.8729220588235292,0.9103058823529411,0.9133999999999999,0.9063073529411764,0.8382617647058822,0.8617441176470588
0.9154661764705881,0.8411014705882353,0.845270588235294,0.7847191176470588,0.7738808823529411,0.7250617647058822,0.6896014705882352,0.6020573529411763,0.5600426470588235,0.6113058823529411,0.7208794117647058,0.7023632352941177,0.7445749999999999,0.7322941176470587,0.7549617647058822,0.8594544117647058,0.8709720588235292,0.9103867647058823,0.9029073529411764,0.8724720588235293,0.8809161764705882,0.8356529411764705,0.8604691176470588,0.7762823529411764,0.8065279411764705,0.7411823529411763,0.7088544117647058,0.638114705882353,0.6980161764705881,0.6812838235294117,0.7238897058823528,0.7278441176470588,0.7434367647058823,0.7301191176470587,0.7317514705882352,0.7772235294117646,0.7681882352941175,0.8481294117647058,0.8903191176470587,0.9022279411764704,0.8207558823529411,0.7885073529411765,0.7580691176470588,0.7211573529411763,0.701445588235294,0.7631117647058822,0.7841691176470588,0.8591382352941176,0.8313176470588235,0.843120588235294,0.9133602941176471,0.9197823529411763,0.8999999999999999,0.9437411764705882,0.9293470588235293,0.9354514705882352,0.9185529411764705,0.9069132352941175,0.8415867647058822,0.8586691176470588,0.7832764705882352,0.7692485294117647,0.7748911764705881,0.7591279411764705,0.8035926470588235,0.8467794117647058,0.8670661764705883,0.8862823529411764,0.9167779411764705,0.9218323529411764,0.9268117647058822,0.9110676470588234,0.8742191176470586,0.9073132352941174,0.9019220588235293,0.8513573529411763,0.8313632352941176,0.7699823529411763,0.731555882352941,0.7534470588235294,0.7295014705882353,0.7535647058823529,0.787020588235294,0.8250661764705882,0.7338735294117646,0.7575867647058824,0.7427352941176468,0.7169735294117646,0.7401573529411765,0.7368544117647058,0.8192338235294118,0.8174441176470587,0.8278220588235292,0.8709338235294116,0.9113941176470588,0.9081161764705881,0.866170588235294,0.8115941176470587,0.8277176470588234
0.9070029411764704,0.8752720588235293,0.8758941176470587,0.8428426470588234,0.7677970588235293,0.7330367647058823,0.6638588235294117,0.5963705882352941,0.5596058823529412,0.5641235294117646,0.7021735294117646,0.7327647058823529,0.6812941176470587,0.7246470588235293,0.7870338235294116,0.8580985294117646,0.9040808823529412,0.8850999999999999,0.9085911764705882,0.8762044117647058,0.8870220588235294,0.8528161764705882,0.8643926470588233,0.8041264705882352,0.8017014705882353,0.8027720588235293,0.7196926470588234,0.6781514705882353,0.6811544117647058,0.6848117647058822,0.7160029411764705,0.7135338235294117,0.7664999999999998,0.748330882352941,0.761020588235294,0.7530705882352939,0.7307397058823528,0.8098647058823529,0.8425397058823528,0.8905970588235294,0.832310294117647,0.7942323529411764,0.7305661764705882,0.7325897058823528,0.7810573529411764,0.8032735294117646,0.765714705882353,0.8171926470588234,0.8638044117647058,0.8759647058823528,0.909195588235294,0.918385294117647,0.8999999999999999,0.9403705882352941,0.9280279411764704,0.9371735294117647,0.9184058823529411,0.9133926470588234,0.8586647058823529,0.8056294117647058,0.7770205882352941,0.7192926470588235,0.780370588235294,0.7738749999999999,0.8531558823529412,0.8455161764705883,0.8687941176470587,0.88115,0.9202911764705881,0.9270014705882352,0.9245308823529411,0.9086323529411763,0.9136970588235293,0.9066294117647057,0.8633808823529411,0.8631676470588235,0.7921235294117647,0.7618588235294117,0.7256352941176469,0.7568,0.7457588235294117,0.7336691176470588,0.7890117647058823,0.7732176470588235,0.767035294117647,0.7555132352941175,0.741705882352941,0.7728088235294117,0.7682220588235293,0.7466073529411765,0.7810426470588234,0.8349411764705882,0.8443235294117647,0.8647499999999999,0.9146911764705882,0.9097544117647057,0.8950661764705882,0.8372838235294117,0.8219323529411765
0.9090073529411764,0.906875,0.8597970588235293,0.7419691176470586,0.7521588235294117,0.7415970588235293,0.6896014705882352,0.591020588235294,0.5618970588235294,0.6442014705882353,0.7223926470588233,0.7164117647058823,0.7171147058823529,0.7584220588235294,0.750730882352941,0.845335294117647,0.8961779411764705,0.9109132352941175,0.8709676470588235,0.9083911764705881,0.8810794117647058,0.8689985294117646,0.8176294117647057,0.8058999999999998,0.7778367647058824,0.7565088235294117,0.7286044117647058,0.6519676470588234,0.6772897058823529,0.6833838235294116,0.7098411764705882,0.7261367647058823,0.7469926470588235,0.7209338235294117,0.7349838235294117,0.7005823529411764,0.8105147058823529,0.8262264705882352,0.8946249999999999,0.9049176470588234,0.8766897058823527,0.7895382352941175,0.7448544117647058,0.7179514705882353,0.7355058823529412,0.8219397058823529,0.8226426470588234,0.8184794117647058,0.8826602941176469,0.8763294117647058,0.9071529411764705,0.9186955882352941,0.8999999999999999,0.9434897058823528,0.9261308823529409,0.9355823529411763,0.9200661764705882,0.9140249999999999,0.8967323529411764,0.8563249999999999,0.7782529411764705,0.7557161764705883,0.7493132352941176,0.7659117647058822,0.815785294117647,0.8321117647058823,0.8969147058823528,0.8854720588235293,0.9186941176470588,0.9254544117647058,0.9182411764705881,0.907080882352941,0.9216411764705881,0.9047279411764706,0.8721397058823529,0.8330529411764706,0.7828485294117647,0.7798426470588234,0.7566308823529411,0.7521764705882352,0.7084705882352941,0.7620926470588235,0.7807588235294117,0.7666044117647058,0.7557676470588235,0.7451970588235293,0.7529705882352942,0.8208102941176469,0.7475514705882351,0.7125926470588234,0.7697235294117646,0.7903264705882352,0.785685294117647,0.8787691176470587,0.9100338235294116,0.9064382352941176,0.8705926470588236,0.7966588235294116,0.8307632352941176
0.9166661764705882,0.911791176470588,0.8542132352941175,0.8484882352941174,0.7464132352941176,0.7211264705882353,0.6955499999999999,0.5870058823529412,0.5778338235294117,0.6051735294117647,0.7014647058823528,0.7090205882352939,0.6532426470588235,0.7354985294117646,0.8107764705882352,0.8781073529411765,0.8994367647058823,0.8795279411764706,0.9016544117647057,0.9103941176470588,0.8823867647058823,0.8503794117647057,0.8219661764705882,0.7819558823529411,0.82795,0.77205,0.7405014705882351,0.6760235294117646,0.6696588235294116,0.7081323529411764,0.7155926470588235,0.7379897058823529,0.7182102941176469,0.7097264705882353,0.6972176470588235,0.7370014705882351,0.7725264705882353,0.8096161764705881,0.8610882352941175,0.9061617647058823,0.8328294117647058,0.7662779411764704,0.7456147058823529,0.691325,0.7584264705882352,0.7975720588235292,0.8193779411764707,0.8132838235294118,0.9021867647058822,0.8438176470588235,0.8769161764705882,0.9211573529411764,0.8999999999999999,0.9439117647058822,0.9254176470588235,0.9359794117647059,0.9201264705882352,0.8783426470588235,0.8623691176470587,0.8373838235294117,0.7700088235294117,0.7425161764705881,0.7724073529411764,0.7734764705882352,0.8031338235294117,0.8088617647058822,0.8817558823529411,0.8829970588235292,0.9234161764705882,0.9208132352941175,0.9248867647058823,0.9133073529411764,0.9109999999999999,0.905410294117647,0.8526764705882351,0.8254485294117645,0.7917338235294117,0.7382470588235294,0.7463529411764706,0.7967308823529411,0.7257235294117647,0.7758191176470588,0.7748529411764705,0.7675323529411764,0.7799911764705881,0.7517514705882352,0.7347308823529412,0.7319367647058823,0.7459955882352941,0.7324808823529411,0.7834941176470587,0.8279264705882352,0.8039779411764706,0.8631647058823528,0.913480882352941,0.911795588235294,0.880785294117647,0.7622411764705881,0.7886617647058822
0.9209514705882352,0.9082955882352941,0.8249617647058823,0.7814176470588233,0.7282279411764705,0.7252014705882351,0.7095573529411764,0.6659147058823529,0.5855264705882353,0.5584397058823529,0.7039661764705882,0.7267191176470588,0.6765485294117647,0.727045588235294,0.7988470588235292,0.8222661764705881,0.8463573529411764,0.8720441176470587,0.8999588235294117,0.8765499999999999,0.8620352941176471,0.7937749999999999,0.8750191176470586,0.7631647058823529,0.7389911764705882,0.7256720588235294,0.7271470588235293,0.6674779411764705,0.705025,0.6860617647058822,0.7141117647058822,0.7613897058823529,0.742585294117647,0.6979117647058822,0.7419147058823529,0.7551147058823529,0.7730661764705882,0.8219735294117647,0.8814485294117647,0.9021323529411764,0.8308676470588234,0.789270588235294,0.7681573529411764,0.7770014705882351,0.7586514705882352,0.8034632352941176,0.8359073529411764,0.866870588235294,0.8655235294117646,0.8435191176470587,0.91065,0.9234191176470588,0.8999999999999999,0.9438308823529411,0.9281764705882353,0.8928558823529411,0.9170426470588233,0.9063749999999998,0.8710720588235292,0.8170676470588235,0.7510367647058823,0.7553602941176469,0.7732823529411763,0.8062867647058823,0.803380882352941,0.8073705882352941,0.8880279411764705,0.8893691176470588,0.9201602941176469,0.9204102941176469,0.9252411764705881,0.9155897058823529,0.9073338235294116,0.8765867647058821,0.8349411764705882,0.8928897058823528,0.825945588235294,0.797585294117647,0.7689514705882353,0.7268867647058822,0.7034279411764706,0.7343205882352941,0.789610294117647,0.779945588235294,0.8098955882352941,0.7541147058823529,0.7652308823529411,0.7555838235294116,0.7158485294117647,0.6925279411764704,0.8022573529411763,0.8155397058823528,0.8484955882352939,0.8804176470588234,0.9179632352941176,0.9136661764705881,0.8729014705882351,0.8251676470588235,0.8428088235294117
0.9166794117647059,0.888820588235294,0.8870470588235293,0.8746235294117647,0.7820499999999999,0.7542367647058822,0.6882573529411764,0.6132955882352941,0.5836161764705882,0.62935,0.7085499999999999,0.6827985294117646,0.6962867647058822,0.7647470588235292,0.7532588235294116,0.8766264705882352,0.8438514705882352,0.9127397058823529,0.9028514705882351,0.9022617647058822,0.8262764705882352,0.803195588235294,0.875320588235294,0.7528735294117648,0.7937617647058822,0.7969544117647058,0.7178029411764705,0.6138867647058823,0.707955882352941,0.6995676470588233,0.7358691176470588,0.7080735294117646,0.7695102941176469,0.6893029411764705,0.7478382352941176,0.7593397058823529,0.7802911764705881,0.8130279411764706,0.8610823529411764,0.8739794117647058,0.8371661764705881,0.8118926470588235,0.7635647058823528,0.7891941176470587,0.7437529411764705,0.790510294117647,0.7752544117647058,0.8160220588235293,0.8919941176470587,0.8802735294117647,0.9085794117647058,0.8869044117647059,0.8979485294117646,0.9422485294117645,0.9239661764705882,0.9326764705882352,0.9189720588235294,0.878585294117647,0.8221632352941175,0.8250838235294117,0.7547279411764705,0.7336529411764705,0.7876926470588236,0.7684602941176469,0.8130573529411763,0.8274308823529412,0.8566426470588234,0.8497794117647058,0.9181588235294117,0.9180073529411763,0.9273264705882353,0.9137029411764704,0.8799367647058823,0.9062602941176471,0.8521397058823529,0.8662323529411764,0.7936176470588233,0.8272941176470588,0.7397779411764706,0.7511514705882352,0.7555985294117646,0.7385147058823529,0.7854367647058823,0.7502455882352941,0.7915470588235293,0.7449808823529411,0.7357147058823529,0.7396323529411765,0.721970588235294,0.7084529411764705,0.8040911764705881,0.8181308823529412,0.827825,0.8758852941176469,0.9150382352941177,0.8782808823529411,0.865360294117647,0.8397529411764706,0.8016661764705882
0.9146411764705881,0.909635294117647,0.8344955882352939,0.8854058823529412,0.7318117647058822,0.7318617647058823,0.6600882352941175,0.6342529411764706,0.5650426470588235,0.5801676470588234,0.7040426470588235,0.7360191176470587,0.7314779411764705,0.7824588235294117,0.7939661764705882,0.8336735294117645,0.866114705882353,0.8538426470588234,0.9068852941176468,0.8891088235294117,0.8261691176470588,0.8986161764705882,0.8634308823529412,0.8172088235294116,0.7777985294117646,0.7791558823529411,0.7452411764705882,0.6386529411764706,0.6824176470588235,0.6748573529411764,0.6906764705882352,0.7963838235294116,0.7192088235294117,0.7480161764705883,0.7627352941176471,0.7698573529411764,0.8063161764705883,0.7690132352941176,0.8582617647058823,0.8866029411764705,0.8053823529411763,0.7741970588235294,0.7152838235294117,0.768535294117647,0.7247852941176469,0.7815191176470587,0.7938,0.8538352941176469,0.8855102941176469,0.868235294117647,0.908805882352941,0.9178691176470587,0.8999999999999999,0.9355397058823529,0.9291808823529412,0.9332176470588235,0.9242294117647059,0.9084911764705882,0.8642514705882353,0.8562573529411763,0.7776102941176469,0.7529632352941177,0.7858749999999999,0.7833411764705881,0.7415249999999999,0.8295205882352941,0.8535735294117646,0.8912588235294118,0.9157985294117647,0.9258661764705881,0.9199088235294117,0.900635294117647,0.9146044117647057,0.9057897058823529,0.9085014705882352,0.8782279411764704,0.861455882352941,0.8487999999999999,0.7350411764705881,0.7902323529411764,0.751185294117647,0.7566882352941176,0.7805382352941176,0.7335926470588234,0.7692220588235293,0.7654617647058823,0.7512823529411764,0.7516147058823528,0.7640014705882351,0.7406073529411764,0.7743,0.8526455882352941,0.8257176470588234,0.8573970588235292,0.8747279411764705,0.9189470588235292,0.8869132352941176,0.8273191176470587,0.816035294117647
0.9131220588235293,0.9048088235294116,0.8700411764705882,0.8021514705882352,0.7363941176470586,0.7286161764705881,0.681375,0.5871264705882352,0.5568367647058823,0.5596897058823529,0.7215838235294116,0.672089705882353,0.6940058823529411,0.7574735294117647,0.7719941176470588,0.8441485294117645,0.896875,0.9128632352941176,0.9068617647058823,0.9042147058823528,0.8777823529411765,0.8778897058823528,0.8202794117647058,0.7857014705882351,0.6917779411764706,0.7421882352941176,0.727210294117647,0.7005647058823529,0.7008397058823529,0.6775823529411764,0.7159264705882352,0.7183897058823528,0.765045588235294,0.7335779411764705,0.7483235294117646,0.761655882352941,0.7926132352941176,0.8429794117647058,0.8613676470588235,0.8697499999999999,0.8331426470588233,0.7973999999999999,0.7662088235294117,0.7405985294117647,0.7154323529411764,0.7797191176470587,0.816560294117647,0.8733485294117646,0.8981529411764706,0.8458838235294117,0.8902352941176469,0.909025,0.8999999999999999,0.9401941176470586,0.9300073529411763,0.9333823529411763,0.9195249999999999,0.9074985294117646,0.880355882352941,0.8245867647058823,0.7508926470588234,0.7442676470588234,0.7859764705882352,0.8015941176470587,0.841295588235294,0.8310720588235294,0.8994676470588235,0.8899191176470588,0.9224499999999999,0.9223338235294116,0.9250647058823529,0.9181705882352941,0.9158588235294117,0.8658617647058823,0.9051029411764705,0.8739705882352939,0.8145294117647058,0.8029470588235292,0.7628838235294118,0.6992117647058823,0.7331647058823529,0.8129661764705881,0.773945588235294,0.7282161764705881,0.7337411764705881,0.7521794117647058,0.7753441176470587,0.7873632352941176,0.6985544117647058,0.7344426470588235,0.8104735294117645,0.8177661764705881,0.8460044117647058,0.8479602941176471,0.913810294117647,0.9027,0.8978691176470587,0.8202338235294118,0.8065558823529412
0.9165470588235293,0.9082323529411763,0.8648897058823528,0.788495588235294,0.775070588235294,0.7278058823529412,0.6910499999999999,0.6174088235294117,0.5746676470588236,0.5990794117647058,0.6919573529411763,0.6807882352941176,0.7119308823529411,0.7551882352941175,0.7920044117647058,0.8853161764705881,0.8405852941176469,0.8939235294117647,0.9022397058823528,0.9112338235294116,0.8791264705882352,0.8357970588235293,0.8464249999999999,0.7707117647058823,0.7480220588235293,0.7481720588235292,0.7028764705882352,0.6807132352941175,0.6801647058823529,0.6694264705882352,0.6823544117647058,0.7355161764705881,0.7747014705882352,0.7666955882352942,0.7534808823529411,0.7350338235294117,0.7938044117647058,0.8124867647058823,0.8040897058823528,0.8726411764705881,0.8044661764705882,0.7952897058823528,0.7431941176470588,0.713275,0.715720588235294,0.8262308823529411,0.7873852941176469,0.8759485294117646,0.8876044117647057,0.8127808823529411,0.9098794117647058,0.9188838235294117,0.8999999999999999,0.9426691176470587,0.9283441176470587,0.9320294117647058,0.923610294117647,0.8921602941176469,0.8346397058823529,0.804535294117647,0.7728176470588235,0.7882852941176469,0.7593544117647059,0.7563220588235292,0.774085294117647,0.8356485294117646,0.9003882352941176,0.8508426470588234,0.9204,0.9230235294117646,0.9261191176470588,0.9032397058823529,0.8778691176470587,0.8696308823529411,0.8711411764705881,0.7919720588235294,0.8385926470588234,0.7717499999999998,0.7178823529411765,0.732710294117647,0.7333661764705881,0.7296558823529411,0.7857897058823529,0.7716808823529411,0.7729676470588235,0.7650397058823529,0.741066176470588,0.7591705882352939,0.7219720588235292,0.7342426470588235,0.7809367647058824,0.8133397058823528,0.7873544117647058,0.8656279411764705,0.9117191176470588,0.9084220588235293,0.8709382352941176,0.846920588235294,0.7810720588235293
0.911525,0.9043823529411765,0.8771911764705882,0.8126617647058823,0.7488264705882351,0.7351147058823528,0.6919676470588234,0.6126735294117646,0.5612941176470587,0.566920588235294,0.6975735294117645,0.7607102941176469,0.7236161764705882,0.7459823529411764,0.8593397058823529,0.8195617647058823,0.8704558823529411,0.8723132352941175,0.9092147058823529,0.9024485294117646,0.8602426470588235,0.8153838235294117,0.8105088235294117,0.7353294117647058,0.8017191176470586,0.8322794117647058,0.7257044117647058,0.6105220588235294,0.6902294117647058,0.6854029411764706,0.7204397058823528,0.7055838235294116,0.7654220588235293,0.7596632352941175,0.7396441176470586,0.7334852941176471,0.717875,0.8227926470588235,0.8602147058823529,0.903335294117647,0.818345588235294,0.7935308823529411,0.7762014705882353,0.7400191176470589,0.7700647058823529,0.8078294117647058,0.8173573529411765,0.8181514705882352,0.8649823529411763,0.8754749999999999,0.8760823529411763,0.918735294117647,0.8999999999999999,0.9382544117647057,0.9273617647058823,0.9381999999999999,0.9221691176470587,0.9112514705882352,0.869016176470588,0.8007867647058822,0.7705338235294117,0.798495588235294,0.7597779411764705,0.7507970588235294,0.8194617647058824,0.7856661764705881,0.8856720588235293,0.8902058823529411,0.9234220588235293,0.9270485294117645,0.9250647058823529,0.907420588235294,0.9110647058823529,0.9044367647058823,0.8744926470588235,0.8595397058823528,0.842845588235294,0.8472970588235295,0.7629147058823529,0.728541176470588,0.737495588235294,0.7965264705882352,0.7925926470588235,0.7770647058823529,0.756195588235294,0.7517176470588234,0.7392573529411764,0.7717132352941176,0.7433691176470587,0.7831720588235294,0.7713955882352941,0.8573014705882352,0.7857367647058822,0.8651838235294117,0.9101382352941176,0.911795588235294,0.8825735294117646,0.8244926470588235,0.8119205882352941
0.912545588235294,0.872120588235294,0.8632044117647057,0.7830632352941176,0.7498264705882351,0.7270882352941176,0.6910735294117646,0.6272617647058824,0.5738220588235293,0.6066147058823529,0.7072529411764704,0.6864088235294117,0.7110014705882353,0.7459397058823529,0.7972294117647059,0.8752147058823528,0.8720044117647057,0.8544264705882353,0.8708941176470588,0.9081882352941175,0.8267411764705882,0.8518514705882353,0.8924161764705881,0.7596926470588234,0.7932882352941176,0.7719264705882353,0.7527235294117647,0.6609705882352941,0.674110294117647,0.6611735294117647,0.7167573529411764,0.7559544117647058,0.7366514705882353,0.7776838235294117,0.7238720588235295,0.73875,0.7469838235294116,0.807645588235294,0.8937632352941175,0.9023191176470587,0.8083411764705881,0.8139426470588235,0.7298073529411764,0.6929926470588236,0.7235632352941176,0.7802588235294117,0.7937470588235293,0.858320588235294,0.8558529411764705,0.876505882352941,0.9125088235294117,0.9192073529411764,0.8999999999999999,0.9434161764705882,0.9295132352941176,0.9341044117647058,0.9197426470588234,0.8930470588235294,0.8597779411764704,0.794025,0.7563294117647058,0.7660823529411764,0.7948632352941176,0.7754588235294118,0.7751720588235292,0.814855882352941,0.8087029411764705,0.8869529411764706,0.9163588235294117,0.9161161764705882,0.9249720588235293,0.9132176470588235,0.9141205882352941,0.9050970588235293,0.9029382352941175,0.8829514705882353,0.7709397058823529,0.7652397058823529,0.7569117647058823,0.737720588235294,0.7446132352941176,0.733120588235294,0.8037323529411763,0.746614705882353,0.7043941176470587,0.7163897058823527,0.7760823529411763,0.7594588235294117,0.7286838235294116,0.7482323529411764,0.8151661764705881,0.8321073529411764,0.8070882352941176,0.8784705882352939,0.8548749999999999,0.8976661764705881,0.8441676470588234,0.8058838235294117,0.7943514705882353
0.909795588235294,0.9098838235294117,0.8621044117647058,0.7700764705882353,0.7384294117647059,0.7275985294117647,0.6669411764705881,0.6323632352941175,0.5943897058823528,0.6034382352941176,0.6870882352941176,0.7130573529411764,0.7188911764705882,0.7426308823529411,0.8162617647058823,0.8677485294117646,0.8507102941176469,0.8575794117647059,0.885791176470588,0.8312676470588234,0.88275,0.8180264705882353,0.8004897058823528,0.7590294117647058,0.8315735294117647,0.7540470588235294,0.7074014705882353,0.6696,0.7005926470588234,0.7102691176470588,0.7175382352941176,0.7532735294117646,0.7594897058823528,0.7508338235294116,0.7964647058823529,0.7255882352941176,0.8029470588235293,0.8015941176470587,0.8903279411764705,0.9004632352941175,0.836160294117647,0.785380882352941,0.7053132352941175,0.7213176470588234,0.7610073529411764,0.7782661764705883,0.7730676470588234,0.8632176470588234,0.8438941176470587,0.8465014705882351,0.8985499999999998,0.8935897058823529,0.8999999999999999,0.9428838235294116,0.9281764705882353,0.8951338235294116,0.9216117647058822,0.8900088235294117,0.8366294117647058,0.8381632352941176,0.8011514705882352,0.8008191176470587,0.7847617647058823,0.7532955882352941,0.7968808823529411,0.8235794117647058,0.898385294117647,0.8851544117647058,0.922585294117647,0.9270999999999999,0.9238132352941175,0.9106867647058822,0.8790485294117646,0.875641176470588,0.9074514705882352,0.838385294117647,0.788370588235294,0.7753455882352941,0.7480514705882353,0.7635191176470588,0.7180955882352942,0.7816941176470588,0.7745529411764706,0.699945588235294,0.7503323529411763,0.7446558823529412,0.7630455882352941,0.7209867647058823,0.7332867647058823,0.7685617647058822,0.7830220588235294,0.8837014705882351,0.8260323529411764,0.865945588235294,0.9124235294117646,0.9113661764705883,0.9026367647058823,0.8725735294117647,0.8262823529411764
0.9135852941176469,0.9074235294117645,0.825085294117647,0.7994691176470587,0.7764764705882352,0.7256191176470588,0.7001323529411764,0.629214705882353,0.57675,0.587835294117647,0.7132147058823528,0.6779132352941175,0.7248588235294118,0.7924720588235293,0.8316117647058823,0.8809485294117646,0.8945470588235293,0.8525749999999999,0.9024882352941176,0.9073823529411763,0.8690544117647059,0.8224426470588235,0.8424323529411765,0.7439191176470588,0.7557735294117647,0.7561514705882352,0.7354999999999999,0.6484999999999999,0.6847529411764706,0.6954411764705882,0.7217426470588234,0.7103808823529411,0.740995588235294,0.7599514705882352,0.7377823529411763,0.7776411764705882,0.754495588235294,0.8332058823529411,0.8628161764705882,0.8973544117647058,0.8549073529411764,0.8269102941176469,0.7578882352941174,0.7264161764705881,0.7589720588235294,0.7687058823529411,0.7972323529411763,0.8570499999999999,0.8687970588235293,0.8779,0.9061882352941175,0.9091411764705881,0.8999999999999999,0.9416014705882351,0.9278617647058822,0.9358161764705881,0.9206544117647059,0.8765514705882351,0.8597941176470588,0.7931661764705882,0.7548838235294117,0.7580691176470588,0.7834911764705882,0.7737911764705881,0.7971720588235294,0.846795588235294,0.9042691176470588,0.8872882352941175,0.9182647058823529,0.9145397058823528,0.9281764705882353,0.9174382352941175,0.9145264705882353,0.9031617647058824,0.8645676470588234,0.8772985294117646,0.8372573529411764,0.8118441176470588,0.7340323529411763,0.7006705882352939,0.7293764705882353,0.7826308823529411,0.7755735294117645,0.7917647058823529,0.7503838235294117,0.7577897058823528,0.7419970588235294,0.7590088235294118,0.7737926470588233,0.7524720588235293,0.8040735294117646,0.8401941176470586,0.8457485294117646,0.8795308823529411,0.9148588235294117,0.9179617647058823,0.9040176470588235,0.8084117647058823,0.8074573529411764
0.9099323529411764,0.9106161764705881,0.8695647058823529,0.790635294117647,0.7453735294117647,0.7422985294117646,0.6917411764705882,0.6102514705882351,0.5709470588235294,0.6233147058823528,0.6510794117647059,0.7053544117647058,0.7270294117647057,0.7103426470588234,0.8361088235294116,0.857760294117647,0.8811705882352941,0.8592205882352941,0.9066088235294116,0.9086558823529411,0.8817529411764705,0.8536882352941176,0.8486191176470587,0.8211338235294117,0.7669029411764705,0.7942852941176469,0.7067382352941177,0.6485617647058822,0.696635294117647,0.7087779411764704,0.7203720588235294,0.6994911764705882,0.7599088235294116,0.726460294117647,0.7678014705882352,0.7447632352941175,0.7574632352941176,0.8103588235294117,0.8431308823529411,0.904380882352941,0.7977955882352941,0.7957897058823529,0.7896308823529411,0.8017602941176468,0.7202544117647058,0.7909882352941174,0.776820588235294,0.8247617647058824,0.8210661764705881,0.8276499999999998,0.8691191176470587,0.918445588235294,0.8992676470588233,0.9426294117647058,0.9269838235294117,0.9354985294117646,0.9193691176470588,0.9141426470588234,0.8295367647058823,0.7741882352941175,0.7548294117647057,0.754945588235294,0.763220588235294,0.753305882352941,0.7965029411764705,0.8052029411764704,0.8469499999999999,0.8927573529411764,0.9161073529411764,0.9267588235294117,0.9251470588235293,0.9076367647058822,0.9118941176470586,0.9029455882352939,0.9050588235294118,0.8634779411764706,0.805180882352941,0.8196588235294117,0.7832779411764705,0.708375,0.7423867647058823,0.7499602941176469,0.8269823529411764,0.7456014705882352,0.7800352941176469,0.7504338235294117,0.7415147058823529,0.7814411764705881,0.7234838235294117,0.7416691176470588,0.7585264705882353,0.7940941176470586,0.7969485294117646,0.8747661764705882,0.913810294117647,0.9129779411764705,0.8692573529411763,0.8360029411764706,0.8348220588235294
0.9162764705882351,0.9052441176470587,0.8666882352941176,0.8060735294117646,0.7284647058823528,0.7193838235294117,0.7238632352941176,0.599060294117647,0.5756029411764706,0.570510294117647,0.6969029411764704,0.7034970588235293,0.7295529411764705,0.741164705882353,0.8524367647058823,0.8615132352941176,0.8753838235294117,0.9103764705882351,0.9013426470588234,0.9047397058823528,0.8599338235294117,0.8218014705882353,0.8279029411764705,0.7717411764705882,0.7995661764705881,0.7866735294117646,0.7436882352941175,0.639985294117647,0.7048264705882352,0.701820588235294,0.7111338235294118,0.7627367647058823,0.7181764705882352,0.7620470588235293,0.7751499999999999,0.751660294117647,0.7672985294117646,0.8062323529411763,0.890720588235294,0.8760411764705881,0.7897617647058822,0.8150970588235292,0.7867249999999999,0.681520588235294,0.7658573529411763,0.7932529411764705,0.7661352941176469,0.8168426470588234,0.8291779411764706,0.8452838235294117,0.8566323529411763,0.9261926470588233,0.8985308823529411,0.9423852941176469,0.9283441176470587,0.9330529411764705,0.9214235294117645,0.9155485294117647,0.8656058823529411,0.8191323529411764,0.7565544117647058,0.7615264705882353,0.8022544117647058,0.820560294117647,0.740985294117647,0.8286029411764705,0.8609661764705882,0.8679544117647057,0.9170235294117646,0.9223970588235293,0.9272544117647057,0.9084691176470587,0.916255882352941,0.9033279411764705,0.8739176470588235,0.7956647058823528,0.8387779411764705,0.8156455882352941,0.7288941176470587,0.7770264705882353,0.7073191176470588,0.7971588235294117,0.7876911764705882,0.745020588235294,0.7608235294117647,0.7530176470588235,0.7516411764705881,0.7406235294117647,0.7576014705882352,0.7274661764705881,0.8166999999999999,0.8653999999999998,0.8102720588235294,0.8175147058823529,0.9081117647058823,0.9157999999999998,0.89905,0.822,0.8085455882352941
0.8788897058823528,0.8839941176470588,0.8625029411764704,0.8193176470588235,0.7737823529411765,0.7275823529411765,0.6933882352941176,0.6014882352941177,0.5721705882352941,0.6039220588235293,0.7097264705882353,0.7034941176470587,0.7107514705882352,0.7054014705882352,0.7569455882352941,0.8201588235294117,0.8680235294117645,0.8769676470588236,0.898220588235294,0.9087735294117646,0.8773441176470587,0.8082794117647057,0.8635382352941176,0.7906720588235293,0.750010294117647,0.7556176470588234,0.7375911764705881,0.6525235294117647,0.7045573529411765,0.7055029411764706,0.710145588235294,0.6989867647058822,0.7297691176470587,0.7480367647058823,0.7566455882352939,0.7370529411764706,0.7734661764705881,0.8490014705882352,0.8618441176470588,0.8677397058823528,0.7753573529411764,0.7873735294117646,0.7517558823529411,0.7125735294117646,0.778810294117647,0.7728676470588234,0.824339705882353,0.815270588235294,0.8934867647058823,0.8443941176470587,0.9095485294117646,0.9239749999999999,0.8999999999999999,0.9420352941176469,0.9276676470588234,0.9351720588235293,0.9218749999999999,0.8763088235294116,0.8725411764705882,0.8178161764705881,0.7596161764705882,0.7581088235294116,0.756285294117647,0.7546794117647059,0.8077779411764705,0.8324088235294117,0.8993779411764704,0.8915985294117647,0.9143411764705882,0.9227955882352941,0.9229044117647058,0.9184573529411765,0.9169661764705881,0.9050499999999998,0.8999073529411764,0.8421397058823528,0.8148985294117645,0.8004102941176471,0.7183235294117646,0.7098235294117647,0.7408132352941176,0.7751999999999999,0.7651764705882352,0.7502014705882353,0.7454191176470588,0.7219882352941176,0.7767823529411765,0.7638132352941176,0.7223367647058823,0.7261382352941176,0.8196249999999999,0.8248897058823528,0.8320073529411764,0.8845720588235293,0.9092455882352939,0.9069044117647058,0.8414235294117647,0.825410294117647,0.8120955882352939
0.9192720588235294,0.8773941176470587,0.8429764705882352,0.8125808823529411,0.751255882352941,0.7242882352941176,0.6788911764705882,0.637310294117647,0.5813794117647059,0.5555867647058823,0.6692897058823528,0.7032308823529412,0.6913426470588234,0.802780882352941,0.8109617647058823,0.8586617647058824,0.9001044117647058,0.8469573529411764,0.9025441176470587,0.9041794117647057,0.8797897058823528,0.8217882352941176,0.8827632352941176,0.7772147058823529,0.7549411764705881,0.7568499999999999,0.7444323529411765,0.6681147058823528,0.6827147058823528,0.7003529411764704,0.7126191176470588,0.6588852941176471,0.7634867647058824,0.6949279411764705,0.7224338235294117,0.7511514705882352,0.7449455882352941,0.8200441176470588,0.8288955882352941,0.9023382352941175,0.8194970588235294,0.803180882352941,0.7811588235294118,0.6953691176470588,0.6960485294117646,0.8209749999999999,0.7957514705882351,0.8201970588235292,0.8622411764705881,0.8791749999999999,0.9083970588235292,0.9198514705882351,0.8999999999999999,0.9435823529411764,0.9283441176470587,0.9379220588235293,0.9196249999999999,0.9120441176470587,0.8822338235294117,0.8040294117647058,0.7286735294117647,0.796175,0.7880823529411763,0.7635205882352941,0.8037823529411764,0.8291352941176471,0.8874382352941176,0.891825,0.9244044117647058,0.9249794117647058,0.9208602941176469,0.9044529411764706,0.9132161764705882,0.9067823529411763,0.9070249999999999,0.8916970588235292,0.8618691176470588,0.8166352941176469,0.7523249999999999,0.7000985294117646,0.697739705882353,0.7923220588235294,0.7971147058823528,0.8252808823529411,0.7325647058823529,0.748895588235294,0.7408647058823528,0.7601073529411764,0.7638720588235293,0.7049764705882353,0.8217073529411764,0.8295749999999998,0.8623308823529411,0.8823397058823528,0.9091058823529411,0.9110823529411763,0.8747602941176471,0.7879764705882353,0.8327367647058822
0.9196529411764705,0.838770588235294,0.8257058823529412,0.8601397058823529,0.7389970588235294,0.7589897058823528,0.6860279411764706,0.6001382352941176,0.5755205882352941,0.5777044117647059,0.6507147058823528,0.7030426470588235,0.7221132352941176,0.7421838235294117,0.799635294117647,0.8689191176470586,0.9053073529411764,0.8749852941176469,0.9048279411764705,0.892075,0.8681705882352941,0.8303602941176469,0.8330749999999999,0.7803147058823529,0.7780308823529412,0.7821485294117646,0.7099647058823528,0.6781397058823528,0.680920588235294,0.6631955882352941,0.7096367647058822,0.7345985294117646,0.7220117647058822,0.7580779411764705,0.7398779411764704,0.8008647058823528,0.7791294117647058,0.8491970588235294,0.8249602941176469,0.9037338235294117,0.8124749999999998,0.8370735294117646,0.7063485294117646,0.7175088235294117,0.7667088235294116,0.7898367647058823,0.7729191176470587,0.854085294117647,0.8614676470588234,0.8437235294117647,0.9051205882352941,0.9244529411764705,0.8999999999999999,0.9426294117647058,0.9285132352941177,0.9370308823529411,0.9214323529411764,0.9129779411764705,0.8974955882352941,0.8524632352941176,0.7480926470588235,0.7296073529411764,0.7684926470588234,0.8096220588235294,0.7780602941176471,0.8353382352941177,0.8876852941176471,0.880220588235294,0.9179029411764705,0.921955882352941,0.9262926470588235,0.9159367647058823,0.919635294117647,0.8727161764705882,0.896680882352941,0.8471441176470588,0.7766411764705882,0.7945058823529411,0.740020588235294,0.7446279411764706,0.7714970588235295,0.752745588235294,0.7820294117647059,0.7168941176470588,0.7622470588235293,0.7567132352941175,0.7549867647058823,0.7339352941176469,0.7175397058823528,0.738914705882353,0.7871794117647057,0.8215397058823529,0.8098911764705882,0.8806852941176468,0.9094794117647057,0.9132485294117646,0.8992220588235293,0.8085779411764704,0.8410499999999999
0.9066955882352941,0.875610294117647,0.8950617647058823,0.7938749999999999,0.6928132352941175,0.7311191176470587,0.6850191176470587,0.6610132352941176,0.5755147058823529,0.5974308823529411,0.7256544117647058,0.7204308823529411,0.7044470588235294,0.7624911764705882,0.7798132352941176,0.8226926470588235,0.8858029411764705,0.8899514705882352,0.9060382352941175,0.908985294117647,0.8827176470588235,0.8283308823529411,0.8743411764705882,0.8357544117647059,0.7641514705882352,0.7474397058823529,0.7300176470588233,0.675975,0.685954411764706,0.7015485294117646,0.7418205882352941,0.6863044117647057,0.7428338235294116,0.7169897058823528,0.777930882352941,0.8023911764705882,0.7639588235294117,0.7814823529411765,0.8897367647058823,0.902605882352941,0.792970588235294,0.801735294117647,0.7664882352941177,0.6775838235294117,0.7545691176470587,0.7687220588235294,0.7702749999999998,0.8509544117647058,0.8100867647058823,0.860391176470588,0.9051999999999999,0.9213514705882353,0.8999999999999999,0.9410676470588234,0.9239941176470589,0.9374529411764705,0.9252411764705881,0.9141102941176469,0.8948558823529411,0.8174014705882352,0.8036117647058822,0.7456264705882352,0.7837661764705882,0.7963029411764705,0.7906882352941176,0.8053088235294118,0.8814249999999999,0.8863529411764706,0.9199205882352941,0.9253941176470588,0.9255676470588236,0.9154264705882352,0.9121794117647057,0.9051985294117647,0.904945588235294,0.8356661764705882,0.8271367647058823,0.7858852941176471,0.7194264705882353,0.7147235294117646,0.7345323529411764,0.7793485294117647,0.7504838235294118,0.7179514705882353,0.7902352941176469,0.7447838235294116,0.7360544117647058,0.7287323529411763,0.747585294117647,0.7874382352941176,0.7803294117647058,0.8713455882352941,0.8610838235294118,0.8663352941176471,0.8753985294117645,0.9037882352941176,0.9020661764705882,0.8142088235294117,0.7994529411764705
0.9174073529411764,0.8936764705882352,0.7954794117647057,0.8531632352941176,0.7162441176470586,0.7287897058823528,0.6893205882352941,0.6077764705882353,0.5869529411764705,0.6263132352941176,0.7224279411764706,0.6945470588235294,0.7288044117647058,0.7395338235294117,0.8365176470588235,0.8269088235294116,0.8721147058823527,0.9087264705882352,0.8998647058823529,0.9035838235294117,0.8803220588235294,0.895335294117647,0.8089338235294117,0.7500338235294116,0.8172867647058822,0.7671264705882351,0.7443191176470587,0.7168514705882352,0.6997220588235293,0.6850661764705882,0.7595117647058822,0.7436176470588234,0.7453764705882352,0.7311897058823528,0.7337249999999998,0.7687779411764705,0.8072470588235293,0.803645588235294,0.8761823529411764,0.8473044117647058,0.7974794117647058,0.7824970588235294,0.7155161764705882,0.7601955882352941,0.7398250000000001,0.7704161764705881,0.8007426470588235,0.8177235294117646,0.8992220588235293,0.876930882352941,0.8753632352941175,0.9246941176470587,0.8999999999999999,0.9413911764705881,0.9280073529411763,0.9354161764705882,0.9229044117647058,0.9175470588235294,0.7996279411764704,0.8323867647058824,0.7474,0.7238294117647058,0.7874808823529411,0.829245588235294,0.8092941176470587,0.84195,0.8302941176470588,0.8837352941176468,0.9256632352941176,0.9183926470588234,0.9257691176470587,0.9069529411764705,0.9171426470588235,0.9096823529411765,0.9067441176470588,0.8568764705882352,0.8062617647058823,0.7754779411764705,0.7883,0.7600647058823529,0.78365,0.7806602941176469,0.7862044117647058,0.80945,0.7561897058823528,0.7508823529411763,0.7506323529411765,0.7627411764705881,0.733880882352941,0.7564294117647058,0.7656073529411764,0.8344985294117646,0.8008044117647058,0.8695838235294117,0.9095588235294118,0.9146029411764706,0.8862397058823528,0.8213029411764706,0.8244882352941175
0.9163470588235293,0.889670588235294,0.8397073529411765,0.8493941176470587,0.7632985294117647,0.745560294117647,0.681055882352941,0.6455970588235294,0.575010294117647,0.571735294117647,0.7202279411764706,0.7199220588235292,0.7307691176470587,0.7867558823529411,0.7871323529411763,0.8615661764705881,0.9056132352941175,0.9088808823529411,0.9059147058823528,0.9094176470588233,0.8797279411764705,0.8345014705882353,0.89045,0.8069882352941176,0.7679882352941175,0.736735294117647,0.7370455882352941,0.6814441176470588,0.6371735294117646,0.6859632352941176,0.711225,0.7034617647058823,0.7240264705882352,0.7859573529411763,0.7744397058823529,0.7731779411764704,0.7694970588235294,0.8128573529411763,0.8589338235294116,0.903345588235294,0.8505999999999998,0.8099426470588234,0.7400088235294117,0.7323235294117646,0.8080602941176469,0.813995588235294,0.7270058823529412,0.869705882352941,0.8644529411764705,0.8478573529411764,0.9138014705882351,0.918345588235294,0.8999999999999999,0.9223632352941175,0.9283441176470587,0.9369176470588234,0.9167632352941176,0.8985308823529411,0.8680485294117646,0.8148735294117647,0.7785426470588236,0.7495602941176469,0.7782970588235293,0.7840470588235292,0.8052088235294116,0.8136499999999999,0.8297882352941175,0.8872617647058822,0.9196014705882352,0.9256294117647058,0.9283441176470587,0.9088014705882352,0.9061544117647058,0.9073470588235293,0.9021485294117647,0.8570441176470587,0.8705441176470587,0.7581323529411764,0.7383617647058822,0.7619529411764705,0.7425779411764706,0.7585044117647057,0.7873249999999999,0.7601117647058824,0.7812397058823528,0.7555117647058823,0.7240764705882351,0.7544985294117645,0.7446970588235294,0.7340632352941175,0.8164176470588235,0.8379808823529411,0.8104514705882352,0.8653911764705882,0.9185529411764705,0.9159382352941174,0.8976352941176471,0.8221661764705881,0.8176044117647058
0.9162367647058822,0.9091191176470588,0.8587455882352941,0.8055735294117646,0.7621647058823529,0.7292779411764705,0.6803823529411763,0.61795,0.5762573529411764,0.6010470588235293,0.7045397058823528,0.7216411764705882,0.6891808823529411,0.7906147058823528,0.7428823529411764,0.7982823529411764,0.8642602941176469,0.8931573529411765,0.9032720588235292,0.9097132352941175,0.8802411764705882,0.815085294117647,0.8188147058823528,0.7861602941176471,0.77045,0.7461588235294117,0.7381926470588235,0.6343794117647057,0.7067323529411764,0.6835029411764706,0.7128926470588235,0.7364088235294117,0.7654117647058822,0.7083058823529411,0.7066117647058822,0.7794073529411764,0.7282249999999999,0.8243867647058822,0.8790411764705881,0.8838691176470588,0.879010294117647,0.8020794117647059,0.7870397058823528,0.7520088235294116,0.7528867647058822,0.796995588235294,0.8003779411764705,0.8438397058823528,0.8636911764705881,0.878455882352941,0.9125764705882352,0.9120926470588234,0.8999999999999999,0.9433749999999997,0.9274970588235292,0.9366117647058821,0.9229044117647058,0.9108970588235292,0.8965897058823528,0.8549294117647058,0.7560058823529411,0.7621205882352942,0.7807514705882352,0.7787485294117646,0.8201294117647058,0.8286441176470588,0.8694308823529411,0.8879926470588233,0.9156147058823528,0.9185588235294116,0.9283441176470587,0.915225,0.8760264705882351,0.8479514705882352,0.8715911764705881,0.855910294117647,0.8641058823529411,0.7729955882352941,0.7378441176470587,0.7303941176470587,0.7126279411764704,0.7729897058823529,0.7567220588235294,0.763975,0.7926470588235294,0.7578676470588235,0.733391176470588,0.7565044117647058,0.7445132352941175,0.724055882352941,0.7998955882352939,0.8385691176470588,0.7896117647058823,0.8789088235294117,0.9063249999999999,0.910960294117647,0.8987691176470587,0.843720588235294,0.8307617647058824
0.9173367647058823,0.9019426470588234,0.7963161764705882,0.8234294117647059,0.7281749999999998,0.7320955882352941,0.6752044117647059,0.5960617647058822,0.5726838235294117,0.6218382352941176,0.7011558823529412,0.6585058823529412,0.6993205882352941,0.7546573529411763,0.801735294117647,0.8603882352941176,0.9048970588235293,0.9088441176470586,0.9108117647058822,0.9129897058823528,0.8805867647058823,0.8341573529411763,0.8938485294117646,0.7862191176470587,0.7264470588235293,0.7938205882352941,0.7378794117647058,0.6805735294117646,0.669214705882353,0.7003514705882352,0.7060573529411764,0.7435970588235292,0.7335073529411764,0.7026691176470587,0.7826764705882353,0.7668014705882352,0.7629411764705881,0.8254588235294117,0.8761441176470587,0.9019867647058821,0.8118029411764706,0.7992176470588235,0.7646367647058822,0.7589823529411764,0.7549058823529411,0.8028338235294117,0.7193264705882352,0.819835294117647,0.8973941176470588,0.8741852941176469,0.9092235294117645,0.9214941176470588,0.8999999999999999,0.9413955882352941,0.9284264705882351,0.9359235294117646,0.9199279411764705,0.911410294117647,0.8945676470588234,0.8511999999999998,0.7776147058823528,0.6837132352941176,0.7851779411764704,0.7915397058823528,0.8074147058823529,0.8291014705882352,0.901925,0.8511058823529412,0.9172661764705882,0.8843249999999999,0.9270249999999999,0.915935294117647,0.9128132352941175,0.9081558823529411,0.9041735294117645,0.897420588235294,0.8098573529411764,0.7855058823529412,0.6593926470588234,0.7020911764705882,0.7661882352941175,0.7682,0.7835470588235294,0.7734808823529411,0.8019102941176469,0.7485382352941176,0.7421308823529411,0.7231764705882352,0.7519735294117645,0.689635294117647,0.7842235294117647,0.8392514705882353,0.8132720588235294,0.8677029411764705,0.9089161764705881,0.9143338235294117,0.8697470588235293,0.7729691176470588,0.8051970588235293
0.9156485294117646,0.9100897058823529,0.8890308823529411,0.8819749999999998,0.7861441176470587,0.7348705882352942,0.6891602941176469,0.5967632352941176,0.5733411764705881,0.5573691176470588,0.6983985294117646,0.7346764705882353,0.7206779411764705,0.7293941176470587,0.7744485294117646,0.7915985294117647,0.8692867647058823,0.8793073529411765,0.8976264705882352,0.8746338235294115,0.8777882352941175,0.8261044117647058,0.8987014705882351,0.7830470588235293,0.795925,0.7771823529411764,0.7097191176470589,0.6941970588235293,0.6956617647058823,0.7068161764705881,0.6991426470588235,0.6786970588235294,0.7052838235294118,0.7567411764705881,0.7622308823529411,0.7526558823529411,0.7951852941176469,0.802420588235294,0.8056029411764705,0.8696941176470587,0.8116558823529411,0.8186558823529411,0.7493985294117647,0.7099220588235293,0.7922764705882352,0.759835294117647,0.7923411764705881,0.8523323529411764,0.9058338235294117,0.8806367647058821,0.9067867647058823,0.9179426470588236,0.8999999999999999,0.9409720588235293,0.9252867647058822,0.9359867647058824,0.917825,0.9091749999999998,0.895785294117647,0.7449911764705881,0.7646191176470588,0.7569058823529411,0.7782367647058822,0.7920161764705881,0.7830073529411765,0.8336,0.8892823529411763,0.8825764705882351,0.9201632352941176,0.9250941176470587,0.9248,0.9067720588235294,0.9083544117647058,0.8774382352941176,0.8725102941176469,0.837660294117647,0.8017132352941175,0.8200676470588234,0.7853382352941176,0.7572264705882352,0.737395588235294,0.7354191176470587,0.7731029411764706,0.7815161764705882,0.6853117647058823,0.7444397058823529,0.7433397058823529,0.7681544117647058,0.7496117647058823,0.7535897058823527,0.8032352941176469,0.7982117647058823,0.8638191176470588,0.8758999999999999,0.9167132352941175,0.9120294117647059,0.8792455882352941,0.8231897058823529,0.8277749999999999
0.9160088235294117,0.908335294117647,0.8599397058823529,0.7576441176470587,0.7445985294117645,0.7509117647058822,0.6913779411764704,0.5898470588235293,0.5810661764705881,0.6398764705882353,0.6970367647058824,0.6830779411764706,0.708110294117647,0.7510779411764704,0.8374323529411764,0.8950499999999999,0.8667838235294117,0.9060220588235293,0.9051764705882351,0.9030970588235292,0.8740647058823529,0.8804794117647058,0.8649220588235293,0.7377661764705881,0.8061720588235294,0.793280882352941,0.7417661764705882,0.6639485294117646,0.7145397058823528,0.6550382352941175,0.7201749999999999,0.7092823529411765,0.6936044117647058,0.7222558823529411,0.7283911764705883,0.7682132352941177,0.7264441176470587,0.8263926470588234,0.889795588235294,0.8895073529411764,0.8243632352941176,0.7897970588235292,0.7995455882352941,0.756,0.7368632352941176,0.7769823529411763,0.7985,0.8733132352941175,0.8726470588235293,0.8780676470588235,0.9116970588235292,0.9181088235294117,0.8999999999999999,0.9435426470588235,0.9291808823529412,0.9364426470588235,0.9126441176470588,0.893570588235294,0.8430323529411764,0.8441661764705881,0.77995,0.7552676470588235,0.7674,0.780110294117647,0.8031823529411763,0.8668441176470587,0.8663308823529411,0.8806235294117645,0.922005882352941,0.923485294117647,0.9247102941176469,0.9045808823529411,0.911960294117647,0.9108132352941175,0.9023088235294117,0.8536441176470587,0.8123220588235294,0.7817632352941175,0.7487867647058821,0.7489132352941177,0.7238308823529411,0.7919867647058823,0.7839441176470586,0.7522735294117647,0.7850661764705882,0.7471102941176468,0.7641338235294117,0.764389705882353,0.7374147058823528,0.7488661764705882,0.805560294117647,0.8297661764705881,0.8292264705882353,0.8839838235294116,0.8767117647058823,0.9135191176470587,0.9025808823529411,0.8199338235294117,0.8001161764705881
0.9135397058823528,0.8776823529411764,0.9023647058823528,0.7970426470588236,0.7473764705882352,0.7336632352941177,0.6872485294117646,0.6880632352941175,0.5721588235294117,0.5774029411764705,0.7036970588235294,0.7015544117647058,0.7174411764705881,0.7545661764705882,0.8148970588235293,0.8349632352941175,0.9042352941176469,0.9095426470588235,0.9028029411764706,0.9051985294117647,0.8489147058823528,0.854395588235294,0.8789147058823529,0.7407573529411765,0.8197485294117646,0.7718970588235293,0.7416176470588235,0.6750279411764705,0.6787455882352941,0.7022735294117646,0.7192132352941175,0.7537264705882352,0.7311691176470587,0.753910294117647,0.7858514705882352,0.7384544117647058,0.7961647058823529,0.8154132352941176,0.8952558823529411,0.9096823529411765,0.7851558823529411,0.7880411764705881,0.7676279411764706,0.738145588235294,0.798460294117647,0.780635294117647,0.8140191176470587,0.8585897058823528,0.830345588235294,0.8766764705882353,0.9131411764705881,0.9162941176470588,0.8999999999999999,0.9417573529411764,0.9285132352941177,0.9365794117647057,0.9210338235294118,0.9150764705882352,0.8517691176470588,0.8238191176470587,0.7526441176470586,0.7586999999999999,0.7901558823529412,0.7688529411764705,0.8027235294117646,0.832285294117647,0.8471970588235292,0.8864382352941176,0.9184764705882352,0.918314705882353,0.9249147058823528,0.9124647058823528,0.9124073529411764,0.9021382352941175,0.906670588235294,0.8430941176470589,0.7807470588235293,0.8502808823529411,0.7649529411764705,0.7902941176470588,0.7328397058823528,0.7325779411764706,0.75925,0.7946867647058822,0.7165058823529411,0.7388499999999998,0.717625,0.7362970588235292,0.7710926470588234,0.7342647058823529,0.8397249999999998,0.8073720588235295,0.7827294117647058,0.8266941176470588,0.9117676470588235,0.8814779411764705,0.8864338235294117,0.7905279411764706,0.8033367647058823
0.9151279411764706,0.9072058823529412,0.8796029411764705,0.7968617647058823,0.7158588235294115,0.7268367647058822,0.6964205882352941,0.6287411764705881,0.5653794117647059,0.6273823529411764,0.6744249999999999,0.7021338235294118,0.7279338235294117,0.7590161764705882,0.8183647058823529,0.8523014705882352,0.9031735294117647,0.8794955882352941,0.9058764705882352,0.9051029411764705,0.8769750000000001,0.857320588235294,0.8963220588235293,0.7750102941176471,0.7941985294117646,0.7686176470588234,0.6827647058823529,0.6630676470588235,0.6736455882352941,0.6141249999999999,0.713479411764706,0.7394235294117646,0.7247970588235294,0.6871735294117646,0.751585294117647,0.748070588235294,0.706160294117647,0.7977470588235294,0.8751220588235293,0.8686161764705881,0.8043926470588235,0.8001323529411764,0.7657970588235293,0.7252676470588235,0.8113676470588235,0.774080882352941,0.7916485294117647,0.7999514705882351,0.899810294117647,0.8432808823529412,0.9149235294117646,0.9207691176470586,0.8999999999999999,0.9430352941176469,0.9293470588235293,0.9377823529411764,0.9216161764705881,0.9096382352941175,0.8233426470588234,0.8048,0.7492264705882352,0.7442323529411764,0.7695794117647059,0.8530514705882352,0.7894294117647058,0.886445588235294,0.8332382352941176,0.8664779411764705,0.9176073529411763,0.9261102941176469,0.9264779411764704,0.9136661764705881,0.9121661764705883,0.9046749999999999,0.845480882352941,0.8699676470588235,0.7849764705882352,0.7723897058823529,0.7261279411764705,0.7316323529411765,0.7366749999999999,0.7709705882352941,0.782970588235294,0.756035294117647,0.728541176470588,0.7432647058823528,0.7449823529411764,0.7890720588235293,0.7455058823529411,0.7856073529411763,0.8375014705882352,0.8180044117647058,0.8140161764705881,0.8658882352941176,0.8906691176470587,0.9010308823529412,0.8495632352941176,0.8103735294117648,0.8554367647058821
0.9122308823529411,0.9076,0.9017279411764705,0.8274029411764706,0.7883911764705882,0.7362382352941176,0.6903367647058823,0.623885294117647,0.5683499999999999,0.6230308823529411,0.6880867647058823,0.7249235294117646,0.7168661764705881,0.7979073529411764,0.775860294117647,0.8543661764705881,0.8535,0.9068220588235293,0.9029779411764705,0.8782529411764706,0.8820749999999999,0.8562911764705882,0.8841235294117648,0.7667779411764706,0.7927602941176469,0.7699411764705881,0.7207470588235294,0.6758088235294116,0.6456220588235293,0.6982308823529412,0.745795588235294,0.7524220588235293,0.7453941176470589,0.6861558823529411,0.6845058823529412,0.7787985294117648,0.7682529411764705,0.8349632352941175,0.8951191176470588,0.8814161764705881,0.8177676470588234,0.7903132352941176,0.7675676470588234,0.7711544117647058,0.7857823529411764,0.798420588235294,0.7475808823529412,0.8450911764705882,0.8693367647058824,0.8452779411764705,0.9084397058823528,0.9224985294117646,0.8999999999999999,0.9217073529411763,0.9295132352941176,0.9372294117647059,0.9232691176470588,0.9188264705882353,0.8336058823529411,0.7671514705882353,0.7729411764705882,0.7846117647058822,0.7832573529411764,0.750166176470588,0.7953411764705881,0.8032073529411764,0.8668926470588234,0.8873249999999999,0.9183514705882352,0.9213235294117647,0.9170941176470588,0.9078485294117646,0.9132132352941176,0.8905485294117647,0.8490749999999998,0.8560955882352941,0.842435294117647,0.7796029411764704,0.774160294117647,0.730325,0.7378573529411764,0.7155676470588234,0.7773088235294118,0.7733294117647058,0.7933794117647058,0.7177720588235293,0.7383779411764705,0.7435749999999999,0.7675808823529411,0.7025588235294117,0.8554985294117645,0.8703220588235293,0.8136397058823529,0.8271073529411764,0.9090338235294118,0.9164911764705881,0.9024441176470588,0.8220249999999999,0.8545264705882353
0.8987191176470588,0.857630882352941,0.8727132352941176,0.7341441176470588,0.7177691176470586,0.7420794117647057,0.6929514705882354,0.6325558823529411,0.5706338235294116,0.5877647058823529,0.7222205882352941,0.730560294117647,0.6954205882352941,0.6793382352941176,0.7896441176470588,0.8729426470588234,0.9014926470588235,0.9157411764705882,0.8945161764705882,0.9042485294117646,0.8816132352941176,0.875820588235294,0.8328264705882353,0.8304661764705882,0.8046014705882352,0.7624485294117646,0.7182529411764705,0.6489147058823529,0.7236352941176469,0.6804249999999998,0.732870588235294,0.7593367647058822,0.7477235294117646,0.7752441176470587,0.7278735294117648,0.7701823529411764,0.8030264705882353,0.854291176470588,0.8909632352941176,0.8841897058823528,0.8413779411764706,0.8167705882352941,0.7882897058823528,0.7297455882352941,0.7451191176470587,0.7486117647058823,0.7340147058823528,0.852420588235294,0.8987897058823529,0.8746897058823528,0.904720588235294,0.9200323529411764,0.8999999999999999,0.9420382352941175,0.9293470588235293,0.9360397058823529,0.9195249999999999,0.876370588235294,0.8838573529411764,0.8044308823529411,0.7790205882352941,0.7640426470588234,0.7848602941176469,0.7966161764705881,0.7953044117647059,0.8284088235294117,0.892980882352941,0.8899985294117646,0.9210102941176469,0.9194499999999999,0.9241735294117647,0.9103029411764705,0.8783617647058823,0.8742441176470588,0.9082661764705882,0.8375044117647058,0.793420588235294,0.8563338235294116,0.7135558823529411,0.7477838235294116,0.7148132352941176,0.7613661764705881,0.8053970588235293,0.7715764705882352,0.7629911764705882,0.7605485294117647,0.7453426470588234,0.7932926470588234,0.7653926470588235,0.7129676470588234,0.8124191176470588,0.8534617647058822,0.8618411764705882,0.8660735294117646,0.9173647058823529,0.9135044117647058,0.8933470588235293,0.8706014705882352,0.803870588235294
0.9124705882352941,0.9106529411764704,0.8174558823529411,0.8256911764705882,0.7535911764705882,0.7389470588235292,0.6655529411764706,0.6209220588235294,0.5721308823529412,0.5845279411764706,0.6736102941176471,0.6895779411764705,0.7003367647058824,0.729860294117647,0.7961058823529411,0.8747970588235293,0.8329720588235293,0.9114279411764706,0.9066838235294117,0.9142749999999998,0.8765161764705881,0.8114897058823528,0.8955573529411763,0.7816220588235293,0.8181205882352941,0.7706191176470587,0.6960500000000001,0.6251749999999999,0.7011691176470587,0.6894323529411764,0.7395558823529412,0.7406264705882353,0.7343720588235294,0.694170588235294,0.7533676470588234,0.7515411764705882,0.7749485294117647,0.8176779411764704,0.8812485294117647,0.8946102941176469,0.8030382352941176,0.8506720588235294,0.7884367647058823,0.784820588235294,0.7801220588235294,0.7771970588235294,0.8026485294117646,0.855185294117647,0.9027779411764705,0.8777897058823529,0.8552676470588235,0.9077264705882352,0.8999999999999999,0.9432102941176469,0.9271941176470587,0.9345367647058822,0.9216161764705881,0.9107161764705881,0.8220426470588235,0.8218485294117646,0.7879441176470587,0.7805735294117646,0.7709191176470588,0.8171852941176471,0.7977088235294116,0.8322867647058821,0.8674794117647058,0.8649205882352942,0.9087117647058822,0.9260249999999999,0.9286808823529411,0.911680882352941,0.913810294117647,0.8897911764705881,0.8852205882352941,0.8159411764705882,0.8148705882352939,0.7760235294117646,0.7358235294117647,0.815210294117647,0.7353279411764705,0.7283499999999998,0.8072455882352939,0.7217529411764706,0.7217808823529412,0.7639220588235294,0.7320264705882352,0.7123073529411764,0.7759705882352941,0.6768720588235292,0.7740838235294117,0.8087117647058824,0.8228544117647058,0.8667411764705881,0.913560294117647,0.9156985294117647,0.9021499999999999,0.843355882352941,0.8202132352941177
0.9070279411764705,0.876660294117647,0.8594367647058823,0.7833191176470587,0.7472808823529411,0.7369014705882352,0.6845661764705882,0.6039573529411764,0.5669073529411763,0.6301117647058824,0.684870588235294,0.7114676470588235,0.7046999999999999,0.7451617647058822,0.8079132352941175,0.8902279411764704,0.9055720588235293,0.9098999999999998,0.9022514705882353,0.9086058823529412,0.8797794117647058,0.8289779411764705,0.8274485294117646,0.7825426470588234,0.7822426470588235,0.7539323529411763,0.7375397058823528,0.6604117647058823,0.6941764705882352,0.6570838235294116,0.6963999999999999,0.6984161764705882,0.7439676470588235,0.7494014705882353,0.7737617647058823,0.7520941176470588,0.7411338235294116,0.7874838235294116,0.8794235294117646,0.8867588235294117,0.8314205882352941,0.7955279411764704,0.739710294117647,0.7390911764705881,0.8247970588235294,0.7824264705882352,0.765995588235294,0.8054867647058823,0.8451161764705881,0.8760058823529411,0.8732926470588235,0.9113941176470588,0.8999999999999999,0.9434455882352941,0.9276676470588234,0.9338455882352941,0.9178279411764705,0.9060441176470587,0.8365485294117646,0.84095,0.7687044117647058,0.7163617647058822,0.7811558823529411,0.8081455882352941,0.8368308823529411,0.8348191176470587,0.8445117647058823,0.8852764705882353,0.916260294117647,0.9197749999999998,0.927695588235294,0.9114749999999998,0.910920588235294,0.9036823529411764,0.8912882352941176,0.8360382352941176,0.8037411764705882,0.7753176470588233,0.762589705882353,0.7131823529411764,0.7121176470588234,0.7811779411764705,0.7845308823529411,0.740145588235294,0.7763911764705882,0.7530632352941176,0.7884735294117646,0.7437632352941175,0.7461794117647058,0.6640720588235293,0.8030191176470588,0.8456779411764705,0.8430338235294117,0.8021779411764706,0.9172338235294116,0.9141838235294116,0.887005882352941,0.8018117647058823,0.854941176470588
0.9164499999999999,0.8797294117647059,0.8685779411764705,0.8093044117647059,0.7536205882352941,0.7238044117647058,0.6683764705882351,0.6355720588235293,0.5765852941176469,0.5580911764705881,0.6937220588235292,0.7033970588235293,0.7154014705882352,0.7313397058823529,0.7280499999999999,0.8195397058823528,0.838235294117647,0.8701338235294116,0.9068779411764705,0.8787102941176469,0.8854014705882353,0.8384279411764706,0.8220367647058823,0.7782573529411765,0.7968338235294117,0.7792294117647057,0.7503749999999999,0.6182720588235293,0.7014985294117647,0.6764485294117646,0.7132691176470587,0.7423485294117647,0.7653970588235293,0.7220161764705882,0.7181220588235294,0.7553661764705882,0.792564705882353,0.8060529411764705,0.8581941176470588,0.9045132352941175,0.8326,0.7961852941176468,0.8017941176470587,0.7441838235294116,0.7401617647058822,0.7394367647058823,0.800925,0.8426499999999999,0.8405294117647059,0.8620941176470587,0.9068808823529412,0.8838441176470587,0.8999999999999999,0.943330882352941,0.9281764705882353,0.9379220588235293,0.9143264705882352,0.9114264705882352,0.8713191176470587,0.8262147058823528,0.7616191176470587,0.7468647058823529,0.7732308823529411,0.7531529411764705,0.7789338235294117,0.8305926470588235,0.8352191176470587,0.8717132352941175,0.918555882352941,0.9246676470588233,0.9258279411764705,0.9072397058823528,0.9132999999999999,0.9077161764705882,0.9062794117647058,0.8330955882352942,0.7828691176470588,0.7924720588235292,0.7151249999999999,0.7319808823529411,0.7341161764705881,0.7894941176470588,0.7918426470588235,0.7413897058823528,0.7381926470588235,0.7628735294117647,0.7612882352941175,0.7552205882352941,0.7674117647058822,0.8028132352941175,0.7560485294117647,0.8725573529411764,0.8378838235294117,0.8467323529411764,0.9050191176470588,0.91575,0.9060852941176469,0.8066941176470587,0.8594117647058822
0.9178720588235293,0.9099220588235292,0.8607588235294117,0.8465676470588235,0.7754794117647059,0.7266264705882353,0.7150617647058823,0.6594779411764706,0.5739676470588234,0.5981838235294118,0.6980088235294116,0.7109617647058823,0.7110882352941176,0.7479073529411764,0.8124367647058823,0.8535558823529412,0.9043999999999999,0.8755264705882353,0.9106485294117646,0.9094867647058822,0.8833897058823528,0.8216308823529411,0.8627147058823529,0.8344323529411763,0.7546691176470588,0.7797882352941176,0.7168485294117647,0.6673529411764706,0.6970073529411763,0.6572705882352942,0.7081,0.7252102941176469,0.7653573529411765,0.7391705882352941,0.7478632352941176,0.7740852941176469,0.7466838235294116,0.8277308823529411,0.879845588235294,0.9059397058823528,0.8863485294117646,0.7737205882352941,0.7656014705882351,0.7973441176470586,0.8017073529411765,0.7690073529411765,0.7803558823529411,0.8544529411764704,0.8586808823529412,0.8715882352941176,0.9108235294117646,0.9160882352941175,0.8999999999999999,0.9421308823529411,0.9278382352941176,0.9355926470588235,0.9157235294117646,0.9120941176470587,0.8579897058823528,0.7982441176470588,0.7866735294117646,0.7397029411764705,0.8152661764705881,0.7461073529411764,0.7751176470588234,0.8468735294117645,0.8724176470588234,0.8846999999999998,0.9175764705882353,0.922355882352941,0.9261191176470588,0.9079838235294115,0.9086691176470588,0.9096132352941175,0.8713779411764705,0.8562764705882352,0.8303838235294118,0.7911647058823529,0.7739382352941174,0.749335294117647,0.7154720588235294,0.7839632352941175,0.7790691176470588,0.755510294117647,0.7111308823529411,0.7482249999999999,0.7363,0.7392661764705882,0.7449294117647058,0.7285323529411764,0.8130911764705882,0.8547985294117647,0.8143279411764706,0.8762514705882353,0.9140117647058822,0.9116470588235294,0.8871382352941175,0.8765249999999998,0.8604014705882352
0.916745588235294,0.8880514705882352,0.8007882352941176,0.8266808823529411,0.7202264705882351,0.7204867647058822,0.6688544117647058,0.6168235294117647,0.5778676470588234,0.5782117647058823,0.6976455882352941,0.6872455882352941,0.7208485294117646,0.7562205882352941,0.7241411764705883,0.8880632352941176,0.9037426470588235,0.8955588235294117,0.8914529411764706,0.8697441176470588,0.878130882352941,0.8642073529411763,0.8988367647058823,0.7949220588235294,0.7839823529411764,0.7764882352941176,0.7250794117647058,0.6694235294117646,0.683345588235294,0.6873058823529411,0.7164852941176469,0.7611455882352941,0.7505838235294118,0.7230632352941175,0.7605294117647058,0.783095588235294,0.8079897058823529,0.8567117647058823,0.8357999999999999,0.8681867647058823,0.848895588235294,0.7969588235294117,0.7682294117647058,0.7411279411764704,0.7691764705882351,0.7787426470588235,0.7010794117647058,0.8655617647058822,0.8589073529411764,0.823241176470588,0.9080955882352941,0.925110294117647,0.8999999999999999,0.9441632352941176,0.9260073529411764,0.9367485294117646,0.9237882352941176,0.911005882352941,0.9018632352941176,0.8333367647058822,0.7766544117647058,0.7869205882352941,0.7576970588235293,0.7510073529411764,0.7919897058823528,0.813954411764706,0.8699911764705881,0.8469970588235293,0.8624367647058824,0.9230397058823528,0.9248867647058823,0.9098985294117646,0.9125426470588234,0.9075544117647057,0.9009294117647058,0.85515,0.8233382352941175,0.7846014705882353,0.7138529411764706,0.7131926470588235,0.7350573529411764,0.7580676470588233,0.7807029411764705,0.7760544117647058,0.7943514705882353,0.7530602941176471,0.752875,0.759355882352941,0.6914455882352941,0.7323838235294117,0.7821132352941176,0.8612249999999999,0.8239544117647059,0.8783485294117647,0.9118602941176469,0.8989808823529412,0.8859014705882351,0.8221073529411763,0.8024044117647059
0.9075499999999999,0.9095897058823528,0.8547220588235293,0.8494176470588235,0.7845661764705882,0.7412235294117645,0.6835558823529411,0.6052029411764706,0.5704338235294117,0.6167014705882351,0.7219544117647059,0.7101661764705882,0.6995176470588234,0.7465205882352941,0.7763661764705881,0.8397088235294117,0.863545588235294,0.8749088235294116,0.901895588235294,0.9091397058823528,0.8806558823529411,0.790825,0.8403970588235294,0.7884735294117646,0.7497044117647057,0.771075,0.7459588235294117,0.6589426470588234,0.6737602941176469,0.7036529411764705,0.7112264705882352,0.7340117647058823,0.7081632352941175,0.7484926470588236,0.7191485294117645,0.7275632352941177,0.7461058823529412,0.7864882352941175,0.8748264705882351,0.9034808823529411,0.8315191176470588,0.7893470588235292,0.7635147058823529,0.741435294117647,0.7915941176470587,0.7727617647058823,0.8005205882352942,0.8548499999999999,0.8980235294117647,0.872320588235294,0.9122352941176469,0.9235455882352941,0.8992676470588233,0.942666176470588,0.9257176470588234,0.9368367647058823,0.9236632352941176,0.9084588235294115,0.896195588235294,0.7879588235294116,0.7987794117647057,0.7573794117647059,0.7937602941176469,0.7372911764705881,0.783110294117647,0.8148323529411764,0.9032073529411763,0.8902073529411763,0.9189220588235294,0.9225794117647058,0.9255941176470587,0.9137588235294115,0.9122691176470588,0.906410294117647,0.8851014705882351,0.8184573529411764,0.7827588235294117,0.8477279411764704,0.7626676470588234,0.746360294117647,0.7451764705882352,0.7405544117647057,0.7758749999999999,0.7880191176470588,0.7118588235294118,0.7443720588235293,0.7411176470588234,0.7813147058823527,0.766870588235294,0.7748882352941175,0.8286970588235293,0.8170985294117645,0.8445941176470587,0.8258588235294118,0.9124088235294118,0.9129147058823528,0.8980529411764704,0.8248529411764705,0.8442191176470588
0.9196220588235293,0.8750367647058823,0.855135294117647,0.8378294117647059,0.7518661764705883,0.7446323529411764,0.690920588235294,0.642520588235294,0.5573088235294117,0.5559117647058822,0.7181426470588235,0.7080147058823528,0.6880485294117646,0.7718367647058824,0.8158397058823529,0.8530426470588234,0.866345588235294,0.9097691176470587,0.900435294117647,0.8733132352941175,0.8851161764705882,0.8770191176470588,0.8438514705882352,0.7489794117647057,0.799835294117647,0.7729264705882353,0.7118838235294116,0.6660088235294117,0.6770485294117646,0.7094529411764705,0.702585294117647,0.709130882352941,0.7461926470588235,0.7668970588235293,0.7529249999999998,0.7291397058823529,0.7605867647058822,0.8027882352941175,0.895685294117647,0.8449720588235294,0.8176955882352941,0.7920220588235293,0.778451470588235,0.7376279411764705,0.762585294117647,0.7817588235294117,0.7894220588235293,0.8416764705882351,0.8685794117647058,0.8742308823529411,0.9080470588235294,0.9176691176470587,0.8999999999999999,0.9430426470588233,0.9283441176470587,0.9354161764705882,0.9246720588235293,0.9152676470588235,0.838895588235294,0.8415588235294117,0.7816823529411765,0.8039544117647058,0.785320588235294,0.7942294117647059,0.7994749999999998,0.8091485294117646,0.8362529411764704,0.8717264705882352,0.9227235294117646,0.9177382352941176,0.9246529411764705,0.9093897058823528,0.9186514705882353,0.9037029411764704,0.9020411764705881,0.8898823529411763,0.8045588235294117,0.8081985294117646,0.7414367647058823,0.7298911764705882,0.7444720588235293,0.7724764705882353,0.7856897058823529,0.7255897058823528,0.7146014705882352,0.7567499999999998,0.7421088235294118,0.7694397058823529,0.7655117647058822,0.6826882352941175,0.8098632352941176,0.8302205882352941,0.8492397058823528,0.864060294117647,0.876405882352941,0.9142661764705882,0.8677397058823528,0.8404882352941175,0.8091279411764705
0.9145617647058824,0.8747058823529411,0.8522367647058823,0.8358308823529411,0.7204999999999999,0.728585294117647,0.6895279411764705,0.618080882352941,0.5715691176470588,0.6265926470588236,0.7008926470588235,0.705835294117647,0.7056676470588235,0.7791779411764705,0.7937749999999999,0.8324999999999999,0.8784529411764705,0.9118691176470587,0.9089117647058823,0.9057632352941176,0.8797897058823528,0.8651132352941175,0.8946823529411765,0.7739794117647059,0.7782514705882352,0.8061176470588235,0.7381014705882353,0.6760823529411765,0.7031926470588236,0.6310676470588235,0.6868441176470588,0.7578970588235293,0.7166970588235294,0.7207647058823529,0.7911044117647058,0.7564249999999998,0.7472720588235293,0.8475191176470588,0.8919661764705881,0.8763617647058823,0.8587323529411764,0.7693323529411764,0.8082544117647058,0.7479602941176471,0.796975,0.7627397058823528,0.7908838235294117,0.8552779411764704,0.895445588235294,0.8612088235294117,0.8991676470588235,0.9183897058823528,0.8999999999999999,0.9440941176470586,0.9290147058823528,0.9369999999999999,0.9247132352941175,0.9102441176470587,0.8787147058823529,0.819345588235294,0.7711705882352939,0.75025,0.7895514705882352,0.8228249999999999,0.7963911764705881,0.8321647058823529,0.8865794117647058,0.8863617647058822,0.9157617647058823,0.9233676470588235,0.9269838235294117,0.9127411764705882,0.9180411764705881,0.9067867647058823,0.8932147058823529,0.8339161764705881,0.8498764705882352,0.7892617647058823,0.7549235294117647,0.7295264705882352,0.7249897058823528,0.7368882352941175,0.784910294117647,0.7640617647058823,0.7869073529411764,0.7446558823529412,0.7725088235294116,0.7821779411764705,0.7452882352941176,0.7145838235294117,0.8034132352941176,0.8106338235294116,0.8246117647058823,0.8685529411764705,0.9158470588235293,0.8774117647058823,0.8321294117647058,0.8158176470588235,0.8084191176470588
0.908941176470588,0.8741455882352941,0.8827647058823529,0.803380882352941,0.7448249999999998,0.7447294117647059,0.6697014705882351,0.6066514705882352,0.5723617647058823,0.6431426470588235,0.6537808823529411,0.6835749999999999,0.6929823529411764,0.7196235294117647,0.8345367647058821,0.8541999999999998,0.869570588235294,0.8581808823529411,0.898845588235294,0.9060573529411763,0.8828558823529411,0.8434014705882352,0.8585661764705882,0.7574941176470587,0.7810617647058824,0.7492279411764704,0.7061499999999999,0.7133867647058822,0.6904941176470587,0.6631470588235294,0.6874323529411764,0.7397485294117646,0.7397485294117646,0.728105882352941,0.7778308823529411,0.7031323529411764,0.7482661764705881,0.7956073529411765,0.8607558823529411,0.8991764705882351,0.8116235294117646,0.8170176470588234,0.7967058823529412,0.7523191176470587,0.7534470588235294,0.746535294117647,0.7880338235294116,0.8407088235294117,0.8356926470588235,0.8771044117647057,0.906070588235294,0.9218441176470586,0.8999999999999999,0.9443705882352941,0.9276676470588234,0.9360132352941176,0.9195249999999999,0.9085426470588235,0.8222176470588234,0.7703323529411764,0.7684249999999999,0.7800294117647057,0.7624573529411763,0.8122588235294117,0.7847058823529411,0.8035411764705882,0.887014705882353,0.8833588235294118,0.9185749999999999,0.9248411764705882,0.9296808823529411,0.9127323529411765,0.9163147058823529,0.9078044117647058,0.8725264705882352,0.8503632352941175,0.8277058823529411,0.8122691176470588,0.7074014705882353,0.7566132352941175,0.7247632352941176,0.7730220588235293,0.7631867647058822,0.7743794117647057,0.7396808823529412,0.76335,0.7636529411764705,0.7575985294117646,0.7708867647058822,0.6901882352941175,0.8006191176470587,0.804945588235294,0.8104617647058823,0.8429514705882353,0.8984470588235294,0.9165441176470587,0.8706970588235293,0.7990558823529411,0.8592161764705881
0.9173367647058823,0.9052073529411764,0.9000499999999999,0.8660058823529411,0.6898955882352941,0.7165161764705881,0.6907058823529411,0.6017470588235293,0.5669897058823529,0.587935294117647,0.6852117647058823,0.69505,0.715720588235294,0.7372441176470588,0.8117264705882351,0.8574338235294117,0.8472911764705882,0.8595397058823528,0.9036338235294117,0.9065647058823529,0.8794367647058822,0.8149647058823528,0.8682132352941176,0.7444867647058823,0.8045867647058823,0.7710029411764705,0.736545588235294,0.6818044117647057,0.679860294117647,0.7002308823529411,0.7183867647058824,0.7629073529411765,0.7554911764705882,0.7007529411764705,0.7463676470588235,0.7571661764705883,0.7724205882352939,0.8187544117647058,0.8810499999999999,0.8411558823529411,0.8320794117647057,0.8174294117647057,0.7613279411764705,0.7114911764705881,0.7572058823529411,0.7678470588235294,0.7873411764705882,0.8292794117647058,0.8961735294117646,0.8425985294117647,0.9097970588235292,0.9226338235294117,0.8999999999999999,0.9428367647058823,0.9271558823529411,0.9326220588235293,0.9216970588235294,0.9147823529411765,0.8804176470588235,0.8060485294117646,0.8046397058823529,0.8174823529411764,0.7756852941176471,0.790380882352941,0.7649617647058823,0.8048808823529412,0.8847088235294117,0.8844999999999998,0.9013882352941175,0.9200676470588235,0.9264661764705882,0.8984882352941176,0.9166676470588234,0.904975,0.8524014705882351,0.8280588235294116,0.7884573529411764,0.8187882352941175,0.7588823529411765,0.7560338235294116,0.7469602941176471,0.7561970588235293,0.7771911764705882,0.7574323529411763,0.77795,0.7487279411764706,0.7191647058823528,0.753741176470588,0.7589823529411764,0.7669911764705881,0.8058529411764705,0.8163235294117647,0.8698705882352941,0.8480426470588235,0.9123602941176471,0.915720588235294,0.8629926470588234,0.8406735294117647,0.8324588235294116
0.9165470588235293,0.9038911764705881,0.8248617647058822,0.8506676470588234,0.7512470588235294,0.7258867647058823,0.6709176470588235,0.6422014705882353,0.5711867647058823,0.6375926470588235,0.7286426470588234,0.7151176470588234,0.6833529411764705,0.7328779411764705,0.7663191176470587,0.8619808823529411,0.9015044117647057,0.9114382352941175,0.9060852941176469,0.9105161764705881,0.8795000000000001,0.8116514705882353,0.8608132352941176,0.7407617647058823,0.7759397058823528,0.7524970588235294,0.736725,0.6672823529411763,0.7030014705882351,0.7030249999999999,0.7186176470588234,0.7128411764705881,0.7309867647058823,0.7243838235294118,0.7835294117647057,0.7727485294117646,0.7228544117647058,0.8233382352941175,0.8610720588235293,0.9018147058823527,0.8617720588235293,0.8164808823529411,0.8024691176470587,0.7376058823529411,0.774945588235294,0.7718617647058823,0.7774176470588235,0.8606617647058823,0.8653676470588234,0.8433691176470588,0.9083720588235293,0.9182676470588235,0.8999999999999999,0.9404985294117646,0.9296779411764705,0.9345367647058822,0.9254176470588235,0.9106882352941176,0.8770661764705882,0.8062191176470587,0.771620588235294,0.7471470588235294,0.7512470588235294,0.7352573529411764,0.7935897058823528,0.8426720588235294,0.898995588235294,0.8797485294117646,0.9234411764705881,0.927135294117647,0.9246249999999999,0.9070647058823528,0.9186441176470588,0.9039691176470588,0.8691735294117646,0.8170441176470586,0.8040191176470588,0.7800176470588235,0.7552279411764705,0.7795073529411765,0.7412176470588234,0.753470588235294,0.7684882352941176,0.7993735294117646,0.7287632352941177,0.7434132352941176,0.7544632352941175,0.7641470588235294,0.7207279411764705,0.7696882352941176,0.7985779411764704,0.8134985294117646,0.8369794117647058,0.8256544117647058,0.9135058823529412,0.8915705882352941,0.8922352941176469,0.8552808823529411,0.8309573529411765
0.9080544117647059,0.9087323529411764,0.8589720588235293,0.7640779411764704,0.7533382352941176,0.740155882352941,0.6800397058823529,0.6143426470588235,0.5650691176470587,0.591860294117647,0.6927176470588235,0.7064705882352941,0.6904558823529411,0.788195588235294,0.7956676470588233,0.8805470588235292,0.9008161764705882,0.909260294117647,0.9036955882352941,0.8880352941176469,0.8650558823529411,0.8479411764705882,0.8243632352941176,0.7609294117647057,0.8216970588235293,0.795925,0.7383161764705881,0.7139441176470588,0.6992867647058824,0.700095588235294,0.7258088235294116,0.7366382352941176,0.7642602941176471,0.7439367647058823,0.7683073529411765,0.750780882352941,0.7745014705882353,0.7884029411764705,0.8930323529411764,0.8694088235294116,0.8087308823529411,0.7946029411764705,0.7520823529411764,0.7769691176470589,0.7258102941176471,0.8121823529411765,0.8008485294117645,0.8379455882352941,0.8959544117647058,0.875005882352941,0.9101029411764705,0.918075,0.8993426470588234,0.9441264705882351,0.9301705882352941,0.9349529411764705,0.9212191176470587,0.9090514705882351,0.8595014705882352,0.7923779411764704,0.754195588235294,0.8074382352941175,0.755230882352941,0.7887029411764704,0.8189161764705881,0.8265058823529411,0.8647485294117647,0.8505544117647057,0.9177514705882351,0.9241176470588235,0.9266882352941175,0.9126676470588234,0.9196088235294116,0.9061749999999998,0.8718514705882352,0.8406014705882353,0.8132911764705881,0.7854088235294118,0.7591764705882352,0.7349691176470587,0.7354470588235293,0.7760073529411763,0.7683102941176471,0.7547647058823529,0.792910294117647,0.7500088235294117,0.7747382352941174,0.7337029411764704,0.7706529411764704,0.7505088235294117,0.803985294117647,0.8528514705882353,0.8366867647058823,0.8640882352941175,0.8754882352941176,0.9116970588235295,0.866730882352941,0.8420632352941175,0.8464367647058822
0.9129647058823528,0.9077338235294116,0.8594176470588234,0.8273147058823529,0.7671838235294117,0.7310823529411765,0.6947529411764705,0.5884161764705881,0.5618411764705882,0.5836838235294116,0.6896735294117647,0.7018838235294117,0.6900794117647059,0.7324441176470587,0.7894264705882352,0.8871014705882352,0.869705882352941,0.9110941176470587,0.9022205882352939,0.9069294117647059,0.8833749999999999,0.8687014705882353,0.8396058823529411,0.7818352941176471,0.7830117647058822,0.7641279411764704,0.7319014705882353,0.620970588235294,0.6703823529411764,0.6761485294117646,0.7115264705882353,0.7532749999999999,0.7314705882352941,0.6821294117647058,0.741825,0.7410735294117647,0.7487029411764704,0.808685294117647,0.8635205882352941,0.8855352941176469,0.7990632352941176,0.790314705882353,0.7558735294117647,0.7574676470588233,0.7429720588235295,0.7695970588235292,0.7640676470588235,0.8207308823529412,0.8311691176470587,0.8463441176470589,0.9060573529411763,0.9221676470588235,0.8999999999999999,0.9430073529411763,0.9275279411764705,0.9386941176470587,0.9212191176470587,0.9118352941176471,0.8592573529411764,0.8213161764705882,0.7779352941176471,0.7598294117647059,0.7843117647058824,0.8405823529411763,0.7848264705882352,0.8140294117647058,0.9005235294117645,0.8920367647058821,0.922005882352941,0.9151999999999998,0.9262926470588235,0.9106088235294117,0.9059367647058824,0.8927176470588234,0.8684029411764704,0.8339264705882352,0.8465661764705881,0.8427470588235293,0.7678044117647058,0.7523147058823528,0.7415632352941176,0.7365147058823529,0.7769661764705881,0.7650676470588235,0.7568529411764705,0.7322044117647057,0.7529470588235293,0.7605911764705882,0.7455808823529412,0.7298544117647059,0.7986617647058821,0.8153632352941176,0.7998441176470589,0.8596249999999999,0.9085617647058822,0.9105676470588234,0.8734911764705882,0.8275926470588234,0.8067191176470587
0.9151397058823528,0.9076455882352941,0.8635235294117646,0.7866882352941176,0.7309764705882351,0.7282985294117645,0.7202661764705881,0.654660294117647,0.5832558823529411,0.6188426470588234,0.6749779411764706,0.6804029411764705,0.685810294117647,0.7536544117647058,0.792910294117647,0.8224661764705882,0.8701941176470588,0.9021632352941176,0.8990382352941175,0.9074867647058823,0.8708470588235293,0.7875323529411764,0.8619867647058823,0.7933147058823529,0.8371029411764705,0.7944720588235293,0.7162382352941175,0.6364338235294117,0.718295588235294,0.682139705882353,0.7124970588235293,0.7352852941176471,0.7701161764705882,0.6999735294117646,0.7823014705882351,0.7710044117647058,0.7500485294117646,0.8684191176470588,0.8786132352941175,0.8843279411764704,0.8267647058823528,0.7863544117647059,0.7472661764705881,0.7315088235294117,0.7463,0.8245470588235293,0.7940161764705881,0.859060294117647,0.8308691176470587,0.8214632352941176,0.9039867647058822,0.9204323529411763,0.8992676470588233,0.9436779411764704,0.9238132352941175,0.9217794117647059,0.9189029411764705,0.9075661764705881,0.8990897058823528,0.8516014705882352,0.7585661764705881,0.7741323529411764,0.7839220588235293,0.7937735294117646,0.7870117647058823,0.7871588235294116,0.9028044117647058,0.8521147058823529,0.9254426470588235,0.9218441176470586,0.9250647058823529,0.9147235294117646,0.8576088235294117,0.882080882352941,0.9004294117647059,0.7924147058823529,0.8487632352941176,0.8380323529411764,0.6986970588235293,0.7586985294117646,0.7129632352941176,0.7317514705882352,0.7567044117647058,0.7379294117647058,0.7669367647058822,0.7184676470588234,0.7375029411764705,0.762505882352941,0.7302102941176469,0.7823191176470587,0.8030647058823528,0.8683764705882352,0.7848323529411764,0.8298499999999999,0.9099617647058822,0.9094249999999998,0.8642485294117646,0.820480882352941,0.7926382352941175
0.9116867647058823,0.9099294117647057,0.8970676470588235,0.8240823529411763,0.762891176470588,0.7291705882352941,0.6890808823529412,0.6019691176470586,0.5875176470588235,0.6166823529411763,0.7273382352941176,0.7029882352941176,0.690905882352941,0.7030176470588235,0.7723058823529412,0.8907823529411764,0.8947191176470587,0.9071294117647059,0.9005926470588234,0.9132323529411763,0.8815808823529411,0.8641867647058822,0.8337544117647058,0.8024117647058823,0.7998411764705881,0.7503147058823529,0.7397147058823528,0.6754632352941176,0.690555882352941,0.7117720588235293,0.7062397058823529,0.7382823529411764,0.6993161764705882,0.8046779411764704,0.7280897058823529,0.7471220588235293,0.7405014705882351,0.8117823529411764,0.8574044117647058,0.8663279411764706,0.8480088235294118,0.7983294117647057,0.7657426470588234,0.7541367647058822,0.752995588235294,0.797175,0.7678882352941176,0.8592720588235293,0.8767647058823528,0.8619073529411764,0.8566279411764706,0.9217220588235293,0.8999999999999999,0.9408382352941176,0.9278382352941176,0.9346411764705882,0.9182794117647057,0.913695588235294,0.8942338235294117,0.7926073529411765,0.7771867647058822,0.7371470588235294,0.7972926470588234,0.7570926470588234,0.7978676470588234,0.8103720588235294,0.8835720588235294,0.8911249999999998,0.9144911764705881,0.9265867647058823,0.919875,0.9150323529411764,0.908710294117647,0.9060794117647057,0.8731823529411764,0.852914705882353,0.7800838235294116,0.8395367647058822,0.6658588235294116,0.7745720588235293,0.7401544117647059,0.7166367647058822,0.7922426470588234,0.8235661764705883,0.7594808823529411,0.7549558823529411,0.7856117647058822,0.7844088235294118,0.7720205882352941,0.7242617647058822,0.7843176470588235,0.7869514705882351,0.8507705882352941,0.8639852941176469,0.9086382352941175,0.9143735294117646,0.9012632352941176,0.8250926470588235,0.8379029411764705
0.9164088235294117,0.8885720588235293,0.8642367647058823,0.8380029411764706,0.7587985294117645,0.7288485294117647,0.683516176470588,0.5929220588235293,0.5732014705882353,0.5830147058823529,0.7240794117647059,0.6993588235294116,0.7252220588235292,0.7428264705882351,0.7749970588235294,0.8341411764705882,0.8363999999999999,0.8747941176470588,0.862860294117647,0.9087029411764705,0.8659014705882353,0.884235294117647,0.861005882352941,0.7838176470588234,0.793720588235294,0.8218161764705881,0.6768794117647058,0.6673161764705882,0.7075558823529411,0.6565911764705881,0.7147161764705882,0.7695367647058823,0.7389588235294117,0.7276161764705881,0.6969132352941176,0.7251764705882353,0.7875382352941175,0.8511147058823528,0.8958294117647058,0.904820588235294,0.8173794117647059,0.7926632352941175,0.7462117647058822,0.7240338235294117,0.7195132352941176,0.8070470588235293,0.7897117647058822,0.8183294117647059,0.8452926470588233,0.8684911764705882,0.9088926470588233,0.9129073529411764,0.8999999999999999,0.9431794117647058,0.9286897058823528,0.9352338235294116,0.9194691176470587,0.9044308823529412,0.8679926470588235,0.8536029411764705,0.7515808823529411,0.8009132352941175,0.7558529411764704,0.7968999999999999,0.8356191176470587,0.835360294117647,0.8317573529411765,0.884270588235294,0.882910294117647,0.9226161764705881,0.9252088235294117,0.9050264705882353,0.9090397058823528,0.9042441176470587,0.8468191176470588,0.836960294117647,0.8261529411764704,0.7962397058823529,0.7400191176470589,0.7388970588235293,0.7569014705882351,0.7846985294117647,0.7875691176470588,0.7518911764705881,0.7558176470588234,0.7533647058823529,0.743035294117647,0.7194264705882351,0.7315676470588235,0.6861132352941175,0.7952367647058822,0.807670588235294,0.8394794117647059,0.8821514705882353,0.9108235294117646,0.913870588235294,0.8720617647058824,0.798835294117647,0.828560294117647
0.9213264705882351,0.9051926470588234,0.8625764705882352,0.7939794117647059,0.7641617647058824,0.7256308823529412,0.690360294117647,0.5957779411764705,0.5799529411764706,0.6173897058823529,0.7273764705882352,0.672325,0.6936985294117647,0.7142470588235293,0.813670588235294,0.8294470588235294,0.9063426470588235,0.8874485294117647,0.9026264705882352,0.9074367647058822,0.879114705882353,0.8366485294117646,0.8534588235294118,0.7631602941176469,0.7640808823529411,0.7865176470588234,0.7288573529411764,0.6202970588235294,0.7057470588235294,0.6755985294117647,0.7073235294117647,0.7418264705882353,0.6936191176470587,0.7408617647058823,0.7173426470588233,0.7503544117647057,0.8233808823529412,0.8052720588235294,0.8758588235294117,0.884920588235294,0.8324397058823528,0.7892147058823529,0.7731470588235294,0.7135911764705882,0.7627382352941176,0.7746838235294117,0.7889926470588234,0.8064882352941175,0.8594102941176469,0.8721499999999998,0.9140617647058822,0.9177749999999999,0.8999999999999999,0.9448044117647059,0.9281764705882353,0.9365588235294117,0.9150573529411764,0.8945014705882353,0.8446499999999999,0.837245588235294,0.7288867647058823,0.7130455882352941,0.748995588235294,0.720920588235294,0.7945338235294116,0.8747102941176469,0.9038323529411765,0.8833220588235293,0.9208058823529411,0.925110294117647,0.9217529411764706,0.9112720588235294,0.8777014705882352,0.9053132352941176,0.8734999999999999,0.8091970588235293,0.8131249999999998,0.8107441176470588,0.7406191176470588,0.7083602941176471,0.7353529411764705,0.8110661764705881,0.760825,0.7799308823529412,0.762166176470588,0.7454647058823529,0.7348720588235294,0.7341235294117646,0.7470191176470586,0.756760294117647,0.7894147058823527,0.8457867647058823,0.8299661764705881,0.8652926470588234,0.9159205882352941,0.9114441176470588,0.9018529411764705,0.8067632352941175,0.8043573529411765
0.9118941176470586,0.8747220588235293,0.8383264705882353,0.7828676470588233,0.7453029411764706,0.7447647058823529,0.6780117647058823,0.6057558823529411,0.5721176470588235,0.6071676470588235,0.684570588235294,0.6791264705882352,0.7325426470588234,0.7895249999999998,0.7797970588235293,0.8214294117647059,0.8839794117647058,0.9089852941176471,0.9077808823529411,0.9061514705882352,0.8825720588235294,0.8671573529411765,0.8780485294117646,0.7810691176470588,0.8058588235294116,0.7944735294117645,0.7389441176470588,0.6671470588235293,0.6896220588235293,0.6762338235294117,0.7054985294117646,0.7510191176470588,0.7464029411764705,0.7406970588235293,0.7432867647058822,0.7703749999999999,0.7491941176470588,0.8166220588235292,0.8608897058823528,0.9044897058823528,0.8058132352941176,0.8215558823529411,0.7645676470588234,0.7009926470588235,0.7455985294117645,0.7851647058823528,0.8071647058823528,0.8095558823529411,0.8610588235294117,0.8718544117647059,0.9091676470588235,0.9188102941176469,0.8681161764705883,0.9431691176470588,0.9271558823529411,0.9381999999999999,0.9193691176470588,0.9087073529411763,0.7876691176470587,0.8026661764705881,0.7586470588235292,0.7198544117647058,0.7708602941176469,0.7900044117647059,0.7869499999999999,0.8404897058823528,0.8583147058823528,0.8896323529411764,0.9187544117647058,0.9210397058823528,0.9268117647058822,0.9127676470588235,0.8917073529411764,0.851645588235294,0.8715941176470587,0.7892176470588236,0.8333867647058822,0.7847191176470588,0.7163308823529412,0.7109617647058823,0.7146897058823529,0.7526308823529411,0.7766397058823529,0.7534441176470587,0.7444588235294116,0.7589602941176471,0.7402794117647058,0.7140161764705882,0.7539647058823529,0.7257970588235293,0.8096867647058822,0.783895588235294,0.8037764705882352,0.8632544117647057,0.9163647058823529,0.9077897058823527,0.8594676470588235,0.8691264705882351,0.8058117647058822
0.9068529411764704,0.9113720588235293,0.866895588235294,0.8562926470588234,0.7532691176470587,0.7341794117647058,0.6747161764705881,0.6084544117647057,0.5711647058823529,0.5779117647058823,0.7063264705882353,0.7159411764705881,0.7168294117647058,0.7710602941176469,0.7659955882352941,0.8213867647058823,0.9015191176470588,0.9107529411764705,0.9126897058823529,0.907445588235294,0.8832676470588235,0.8044132352941176,0.8648661764705882,0.7727176470588235,0.7763735294117645,0.7472970588235294,0.7371735294117645,0.6791411764705881,0.6885249999999999,0.6533220588235293,0.6887382352941176,0.7135367647058823,0.7079985294117646,0.699620588235294,0.7585470588235294,0.7144897058823528,0.7741338235294117,0.8186647058823528,0.8409441176470588,0.8868941176470587,0.8149264705882351,0.7623132352941175,0.6929470588235294,0.7780294117647057,0.7452794117647058,0.7907191176470587,0.773735294117647,0.8624529411764705,0.8874441176470588,0.7821529411764705,0.9000161764705882,0.9195882352941175,0.8999999999999999,0.9437941176470587,0.9278382352941176,0.9326749999999999,0.9207367647058824,0.8964058823529412,0.822935294117647,0.784975,0.7628176470588235,0.7550823529411764,0.8010058823529411,0.7556911764705881,0.7837985294117646,0.8045323529411763,0.9023911764705882,0.8887676470588235,0.920920588235294,0.9174191176470587,0.9269838235294117,0.9154308823529411,0.8804529411764705,0.908125,0.905310294117647,0.8833867647058823,0.7699058823529411,0.7642867647058824,0.7494735294117647,0.7496867647058824,0.7285382352941175,0.7562632352941177,0.764720588235294,0.7814161764705881,0.6881029411764705,0.7668852941176469,0.7344014705882353,0.7661764705882352,0.7740838235294117,0.7622926470588234,0.8393705882352941,0.7834411764705881,0.8036970588235293,0.8781147058823529,0.909710294117647,0.9129808823529411,0.9004676470588234,0.8227823529411764,0.8091470588235293
0.9101102941176471,0.9114088235294117,0.8963147058823527,0.8493617647058823,0.7088058823529411,0.7395661764705881,0.7177749999999999,0.6640602941176471,0.5615323529411764,0.5898999999999999,0.7113558823529411,0.7038720588235293,0.6848073529411763,0.7590117647058823,0.7514397058823529,0.8409397058823528,0.9060647058823529,0.8898749999999999,0.9011485294117646,0.9088882352941176,0.8812499999999999,0.8209323529411764,0.8396147058823529,0.7653117647058822,0.7984588235294117,0.7932470588235294,0.7292897058823529,0.6172044117647058,0.6897132352941174,0.6889926470588235,0.7095529411764705,0.7070573529411764,0.7701367647058823,0.7719161764705881,0.7357367647058822,0.7452970588235293,0.7931323529411763,0.7824014705882353,0.8909264705882352,0.9011102941176469,0.8563470588235292,0.7492808823529411,0.7304588235294116,0.7528911764705881,0.7619926470588234,0.8023544117647058,0.8055661764705881,0.8540338235294117,0.8498161764705883,0.8621058823529412,0.8724382352941176,0.9219911764705881,0.8999999999999999,0.9394161764705882,0.9290147058823528,0.9301779411764706,0.9205029411764706,0.876060294117647,0.867670588235294,0.7826838235294117,0.7589926470588235,0.7823794117647059,0.7863838235294117,0.7661941176470587,0.8259558823529412,0.8112235294117647,0.829135294117647,0.8823117647058822,0.9153147058823529,0.9182735294117647,0.9266397058823528,0.9125073529411764,0.9098764705882353,0.9086323529411764,0.9027117647058821,0.8551941176470587,0.8086720588235293,0.8211735294117647,0.7559323529411764,0.7529367647058823,0.7306617647058824,0.7796941176470588,0.785735294117647,0.779160294117647,0.7336588235294117,0.7490014705882352,0.7490499999999999,0.8130426470588235,0.7376617647058823,0.7125691176470589,0.7664867647058823,0.8118500000000001,0.8100735294117646,0.8812661764705881,0.9090176470588234,0.9164544117647058,0.9003044117647058,0.7800558823529411,0.8231691176470587
0.9143249999999999,0.9062720588235292,0.8669117647058822,0.8147617647058822,0.7297426470588234,0.707864705882353,0.6885426470588235,0.6042970588235292,0.5764102941176471,0.5897823529411763,0.7182411764705882,0.7162602941176471,0.754395588235294,0.7476808823529411,0.8398029411764705,0.8373735294117646,0.9026294117647058,0.8596411764705881,0.9124544117647059,0.9056323529411765,0.8820852941176469,0.7916529411764706,0.8494779411764705,0.8219764705882352,0.7876470588235293,0.7622897058823528,0.7284544117647058,0.6606352941176469,0.6786411764705882,0.6352426470588235,0.6854882352941175,0.6786397058823529,0.7403897058823529,0.7533382352941176,0.7390073529411764,0.7367661764705882,0.7876661764705882,0.7817838235294117,0.8604735294117646,0.8890308823529411,0.8315147058823529,0.8171323529411764,0.7738882352941175,0.7270397058823529,0.7747176470588234,0.79035,0.7821191176470588,0.8416588235294118,0.898795588235294,0.8752264705882351,0.9113132352941176,0.9212985294117646,0.8999999999999999,0.9420382352941175,0.9295132352941176,0.9333970588235293,0.9209191176470587,0.8760220588235293,0.8678985294117646,0.8555235294117647,0.7831294117647059,0.7813117647058823,0.7800382352941174,0.7989867647058823,0.7858867647058823,0.8761382352941176,0.8948441176470586,0.8912588235294118,0.9111764705882351,0.9246088235294118,0.9241676470588235,0.9156529411764706,0.9100867647058822,0.8733955882352941,0.8730588235294117,0.8156632352941176,0.7795294117647058,0.7783294117647058,0.7144941176470587,0.749160294117647,0.7375911764705881,0.7105897058823529,0.7693323529411764,0.7115264705882353,0.7384220588235293,0.7511823529411764,0.7202588235294116,0.7566279411764706,0.7698823529411765,0.7785191176470587,0.8032382352941176,0.8289676470588233,0.8830823529411764,0.8453691176470587,0.9128985294117646,0.9110955882352939,0.8407176470588235,0.8223323529411765,0.8436779411764704
0.9154661764705881,0.9091014705882352,0.8842544117647058,0.7959485294117646,0.7536617647058823,0.7313029411764704,0.689035294117647,0.6105602941176469,0.5518691176470588,0.6189220588235294,0.6815647058823527,0.6689617647058823,0.7016897058823529,0.738730882352941,0.7738382352941175,0.8569941176470588,0.8646676470588235,0.8568176470588235,0.905220588235294,0.9055617647058822,0.8816235294117646,0.8529676470588234,0.8003735294117647,0.7811661764705882,0.7496764705882353,0.7675382352941176,0.7423117647058822,0.6254588235294117,0.6996058823529411,0.6574117647058823,0.6827426470588234,0.7581911764705881,0.7213999999999999,0.7181573529411764,0.7105161764705882,0.7453779411764705,0.7393764705882352,0.8526088235294117,0.8408279411764704,0.8625794117647057,0.858564705882353,0.8009647058823528,0.7248294117647057,0.726220588235294,0.7511720588235293,0.820695588235294,0.7676161764705881,0.8589485294117646,0.8442029411764704,0.8652970588235293,0.9105073529411764,0.9127544117647058,0.8999999999999999,0.9436308823529411,0.9260073529411764,0.9344205882352941,0.9203911764705881,0.8559426470588234,0.8380323529411764,0.8213176470588235,0.7762970588235293,0.8024749999999999,0.7777117647058822,0.7705176470588234,0.7714441176470588,0.8920985294117647,0.8674117647058823,0.8860764705882351,0.9146749999999999,0.9217838235294116,0.927855882352941,0.9179102941176469,0.9160926470588235,0.9089161764705881,0.8656617647058822,0.8339014705882352,0.8136882352941176,0.7846926470588235,0.7687235294117647,0.7205117647058823,0.7313779411764705,0.744925,0.7799647058823529,0.7737073529411764,0.7302088235294116,0.7609749999999998,0.7396323529411765,0.7417661764705882,0.746535294117647,0.761570588235294,0.7802014705882352,0.8421411764705882,0.8271014705882352,0.8609294117647057,0.9105911764705881,0.9117264705882352,0.8680558823529411,0.7884235294117646,0.8069176470588235
0.9224382352941175,0.8917882352941175,0.8830852941176469,0.7469647058823529,0.737560294117647,0.7439735294117646,0.6744279411764704,0.6015382352941177,0.5538705882352941,0.5731279411764705,0.7148073529411764,0.7055617647058823,0.6759264705882352,0.7546029411764704,0.8099191176470588,0.8009808823529411,0.8695485294117645,0.9093249999999999,0.9026764705882351,0.9074147058823528,0.8798397058823529,0.8352382352941176,0.856545588235294,0.7899999999999999,0.812495588235294,0.7443338235294117,0.7108294117647058,0.6553941176470588,0.7004985294117645,0.6559764705882352,0.719805882352941,0.7623279411764705,0.7550676470588235,0.7211676470588235,0.781435294117647,0.7002294117647059,0.7277617647058823,0.8623308823529411,0.8785588235294116,0.8329455882352941,0.8032794117647057,0.7982279411764706,0.7665529411764704,0.7740867647058823,0.761530882352941,0.7499294117647058,0.7616014705882352,0.8457926470588234,0.8580588235294117,0.8771073529411765,0.9074279411764705,0.9116588235294116,0.8999999999999999,0.9389132352941176,0.9291808823529412,0.9367485294117646,0.9206647058823528,0.9099632352941176,0.8657058823529411,0.8237397058823528,0.8035999999999999,0.7582308823529411,0.7844044117647058,0.7393485294117647,0.7500279411764704,0.8263941176470586,0.8666779411764705,0.8884691176470587,0.9181544117647058,0.9226941176470587,0.9240985294117646,0.9122308823529411,0.911445588235294,0.9062470588235294,0.9030573529411764,0.8581720588235294,0.8181029411764705,0.7773485294117646,0.7009382352941176,0.7631779411764705,0.7421088235294118,0.7691088235294117,0.8025514705882352,0.7879029411764704,0.7331485294117646,0.745185294117647,0.7419470588235293,0.7652882352941176,0.7707882352941176,0.7511676470588233,0.7847617647058823,0.8374632352941176,0.8135279411764705,0.8794676470588235,0.9135647058823527,0.9170573529411763,0.8656823529411763,0.7957911764705881,0.8001264705882352
0.9144029411764706,0.8712117647058822,0.8626367647058824,0.7713073529411764,0.7320838235294117,0.7258794117647058,0.6601941176470588,0.595375,0.5664617647058823,0.5676558823529412,0.7092720588235294,0.716230882352941,0.7222852941176471,0.7471485294117647,0.7825176470588235,0.8843602941176469,0.8691397058823528,0.908370588235294,0.9060470588235294,0.9077588235294117,0.8847294117647057,0.804645588235294,0.8838161764705881,0.8277176470588234,0.7902441176470587,0.7462117647058822,0.6519838235294116,0.6685338235294117,0.6964367647058823,0.6606691176470587,0.7164367647058822,0.7336985294117647,0.7469235294117647,0.7231029411764704,0.7324176470588234,0.7699838235294117,0.8223161764705882,0.8241632352941175,0.8254970588235292,0.9043161764705882,0.837345588235294,0.7887176470588234,0.7996220588235293,0.7158632352941176,0.7743911764705882,0.77715,0.7694617647058823,0.8471352941176469,0.897414705882353,0.8754294117647059,0.873280882352941,0.919305882352941,0.8986102941176469,0.9442029411764705,0.9296779411764705,0.9357382352941176,0.9173691176470588,0.908995588235294,0.8395132352941176,0.8252073529411764,0.7809720588235294,0.7921014705882352,0.7678823529411763,0.7766088235294117,0.7900632352941175,0.8340749999999999,0.8718823529411764,0.8904970588235293,0.9265470588235294,0.8855970588235292,0.9238132352941175,0.908070588235294,0.9120632352941176,0.9080411764705882,0.9026926470588236,0.8266102941176471,0.7903661764705882,0.7766941176470588,0.7177764705882351,0.7630073529411763,0.7244676470588235,0.7500838235294116,0.7787205882352941,0.7644544117647059,0.6864941176470588,0.7581955882352941,0.7650573529411763,0.7689544117647058,0.764695588235294,0.7603102941176468,0.8397382352941175,0.8119205882352941,0.8164147058823529,0.8440588235294118,0.9129897058823528,0.9068632352941175,0.8470823529411764,0.8738205882352941,0.834585294117647
0.9188088235294116,0.9099147058823528,0.8646220588235294,0.829245588235294,0.7189911764705881,0.7323455882352939,0.7087176470588235,0.5977823529411764,0.5743132352941176,0.6059264705882352,0.720745588235294,0.7199911764705881,0.7102470588235293,0.7054735294117647,0.8182220588235293,0.8603544117647058,0.9038397058823529,0.9119029411764705,0.9064735294117646,0.904975,0.864864705882353,0.7953176470588236,0.8583588235294117,0.7890367647058821,0.794160294117647,0.7960220588235294,0.715835294117647,0.679805882352941,0.6999867647058823,0.7082044117647058,0.7089382352941176,0.7317264705882353,0.7184117647058822,0.6505882352941175,0.7657088235294117,0.7597499999999999,0.7692794117647057,0.8148073529411763,0.8777044117647057,0.9004632352941175,0.8562073529411764,0.80245,0.6912499999999999,0.7044,0.7722485294117646,0.7844764705882352,0.7307985294117646,0.8549691176470587,0.8858882352941174,0.875895588235294,0.9067294117647059,0.8809338235294116,0.8999999999999999,0.9440308823529411,0.9273264705882353,0.9341323529411764,0.9218279411764706,0.9125735294117647,0.8817499999999999,0.8057808823529411,0.7800926470588234,0.7443676470588234,0.8046485294117647,0.7579161764705882,0.7611588235294116,0.8082735294117646,0.8923044117647058,0.8853955882352941,0.9212088235294117,0.9178999999999999,0.927010294117647,0.9143397058823528,0.879710294117647,0.8746867647058822,0.8702029411764705,0.8813382352941176,0.8015117647058821,0.8179749999999999,0.7735117647058822,0.7544676470588234,0.743825,0.775330882352941,0.7877147058823529,0.7632941176470588,0.7776470588235294,0.7272147058823528,0.7359249999999999,0.7746249999999999,0.745535294117647,0.756160294117647,0.8050794117647057,0.7868147058823529,0.818110294117647,0.8489529411764706,0.9123602941176471,0.9144573529411765,0.9003955882352941,0.8395470588235293,0.8033367647058823
0.918505882352941,0.9108323529411763,0.8800191176470588,0.8156705882352939,0.7600558823529411,0.7368132352941176,0.7044279411764706,0.6388691176470588,0.5826838235294117,0.586685294117647,0.7149367647058823,0.6955823529411764,0.6837867647058823,0.7032014705882352,0.7665367647058824,0.8272088235294117,0.8711147058823527,0.8775323529411764,0.9063441176470588,0.8769882352941175,0.8779647058823529,0.7954617647058824,0.8780941176470588,0.7428823529411763,0.8287,0.7782176470588236,0.7148499999999999,0.6671426470588233,0.6906176470588234,0.6673867647058823,0.710660294117647,0.7374867647058824,0.7513000000000001,0.7022161764705881,0.6931779411764704,0.7741470588235293,0.8233794117647059,0.8826058823529411,0.856830882352941,0.8721426470588234,0.855760294117647,0.7822044117647059,0.7467941176470588,0.7773838235294117,0.7714176470588234,0.763110294117647,0.7473191176470588,0.857625,0.8742970588235293,0.8782044117647059,0.9103088235294117,0.9181823529411763,0.8999999999999999,0.9415794117647057,0.9278382352941176,0.9374220588235294,0.9219838235294117,0.8945441176470588,0.8225897058823528,0.8406073529411764,0.7588926470588234,0.7620323529411764,0.7697382352941177,0.8339838235294116,0.7970926470588234,0.8077911764705881,0.8991838235294116,0.8888749999999999,0.9258397058823528,0.9174014705882351,0.9267544117647059,0.9114838235294117,0.9098999999999998,0.8763176470588233,0.9050382352941175,0.8294058823529411,0.7865382352941175,0.7352852941176469,0.7223823529411765,0.741045588235294,0.7076794117647058,0.7967044117647059,0.7846308823529411,0.7343367647058822,0.7468544117647057,0.7496764705882353,0.764145588235294,0.7688632352941176,0.742710294117647,0.7264235294117645,0.7878720588235294,0.8508411764705881,0.8467029411764705,0.8652632352941174,0.9132323529411763,0.9132249999999998,0.8518941176470588,0.8208926470588235,0.8297411764705882
0.8773749999999999,0.9107397058823529,0.8235999999999999,0.8255838235294117,0.7746338235294117,0.7530249999999999,0.6872367647058822,0.6155573529411764,0.5657220588235294,0.5873191176470587,0.7189558823529411,0.6977382352941175,0.6757749999999998,0.7150073529411763,0.8416323529411764,0.8562808823529412,0.8709823529411763,0.9058264705882353,0.9066720588235293,0.9115161764705881,0.8479705882352939,0.8308147058823528,0.8314088235294117,0.8033823529411762,0.7349573529411764,0.7446323529411764,0.710485294117647,0.6616397058823529,0.7010794117647058,0.6599441176470587,0.7123970588235294,0.7056235294117646,0.7445970588235293,0.6713676470588235,0.7206132352941175,0.7558029411764705,0.7588676470588234,0.819335294117647,0.8863235294117645,0.9022926470588235,0.8143735294117646,0.7770485294117646,0.8030441176470587,0.7309882352941176,0.7655720588235293,0.7644617647058822,0.7755323529411763,0.8692823529411764,0.8599558823529411,0.8450014705882352,0.9080955882352941,0.9209632352941176,0.8999999999999999,0.9300470588235293,0.9148029411764704,0.935670588235294,0.9248867647058823,0.9172132352941176,0.8678073529411764,0.8056294117647058,0.7145367647058823,0.7576573529411764,0.7753132352941176,0.7420794117647057,0.8228970588235293,0.8419823529411763,0.8508558823529411,0.8818764705882353,0.9126470588235293,0.9202088235294116,0.9264661764705882,0.9097323529411764,0.9150279411764705,0.8695588235294117,0.8890691176470586,0.8196764705882352,0.8365249999999999,0.7849205882352941,0.7550132352941177,0.7432808823529411,0.7669529411764705,0.7485176470588235,0.8054088235294117,0.7230647058823529,0.7587455882352941,0.7504102941176469,0.7768029411764705,0.7191411764705882,0.7532499999999999,0.7564205882352941,0.7753544117647058,0.8097352941176469,0.8111161764705881,0.8394764705882352,0.9069294117647059,0.9088294117647058,0.890930882352941,0.8244573529411765,0.8929426470588235
0.9112588235294117,0.9021382352941176,0.8359779411764704,0.8100749999999998,0.7118411764705881,0.740545588235294,0.6624470588235294,0.6282544117647059,0.5672926470588234,0.5869558823529412,0.6735529411764705,0.7201794117647059,0.7341132352941176,0.7023117647058822,0.7585691176470587,0.8354529411764705,0.9001779411764704,0.8757044117647058,0.8685558823529411,0.9069911764705881,0.8836941176470587,0.8540308823529411,0.8444691176470588,0.7387999999999999,0.755025,0.796130882352941,0.7429838235294117,0.6413397058823529,0.6968617647058822,0.6568705882352941,0.7195970588235293,0.7455132352941176,0.7688544117647059,0.6760441176470586,0.7301411764705881,0.7335647058823528,0.7872970588235294,0.7992617647058822,0.8800647058823529,0.8664529411764705,0.800825,0.7789205882352941,0.7498397058823528,0.7776132352941176,0.750425,0.7868249999999999,0.7657294117647059,0.8689235294117647,0.8675411764705881,0.8798014705882351,0.9133544117647059,0.9185882352941175,0.8999999999999999,0.9445058823529411,0.9285132352941177,0.9368367647058823,0.9185176470588234,0.9130720588235294,0.835310294117647,0.8209470588235294,0.7689514705882352,0.818320588235294,0.7880823529411763,0.737455882352941,0.781275,0.809295588235294,0.8861073529411764,0.8878220588235293,0.9200676470588235,0.920620588235294,0.9248867647058823,0.9134911764705881,0.9141882352941175,0.8746264705882352,0.8701941176470588,0.8588279411764705,0.7814926470588234,0.7859985294117646,0.7244691176470587,0.7916044117647058,0.7572941176470587,0.6941735294117647,0.8136941176470588,0.7732573529411765,0.7578338235294116,0.744885294117647,0.772735294117647,0.7144544117647058,0.7453117647058823,0.764380882352941,0.7724279411764705,0.8543647058823529,0.8479749999999999,0.8799970588235293,0.9056499999999998,0.9176529411764706,0.8411544117647057,0.8216882352941175,0.8042897058823528
0.8977485294117645,0.8947897058823527,0.8991147058823528,0.7712411764705882,0.7323897058823529,0.7035794117647058,0.698110294117647,0.6572941176470587,0.5720352941176471,0.6173323529411765,0.7271014705882353,0.690445588235294,0.7155867647058823,0.7049573529411763,0.7805382352941176,0.8205661764705882,0.8938985294117645,0.909670588235294,0.9078485294117646,0.9010499999999999,0.8794338235294117,0.847725,0.8465426470588233,0.7852691176470588,0.813025,0.7695308823529412,0.7332720588235293,0.6818411764705882,0.6739323529411763,0.6243132352941176,0.7193073529411763,0.6867191176470587,0.7619470588235293,0.719295588235294,0.7547191176470587,0.7847970588235293,0.7790176470588235,0.8704132352941176,0.8942220588235293,0.9061014705882353,0.8122147058823529,0.7899117647058822,0.7834970588235294,0.739185294117647,0.7709676470588235,0.7766852941176469,0.7720132352941175,0.8596205882352941,0.8672867647058823,0.8734044117647057,0.8517205882352941,0.905410294117647,0.8999999999999999,0.9435823529411764,0.9298426470588234,0.9370911764705881,0.9138617647058822,0.8758838235294116,0.8708411764705882,0.8067823529411763,0.7737073529411764,0.7828661764705881,0.7790205882352941,0.7671323529411764,0.7775029411764706,0.8082838235294117,0.8869485294117646,0.8876970588235293,0.9256249999999999,0.9184220588235292,0.9281764705882353,0.9143249999999999,0.9175676470588233,0.9075617647058821,0.8718720588235293,0.8446014705882352,0.8165279411764705,0.8012132352941176,0.7055735294117647,0.7175058823529411,0.7714985294117647,0.7682794117647057,0.8105558823529411,0.7152838235294117,0.794710294117647,0.7478367647058822,0.734680882352941,0.7567823529411764,0.7644132352941175,0.7298147058823529,0.8090882352941176,0.8394720588235294,0.8225014705882352,0.8644764705882351,0.9070191176470588,0.9157029411764704,0.8642235294117647,0.8182955882352941,0.8256808823529411
0.9108088235294117,0.8744088235294117,0.8897632352941176,0.8630749999999998,0.733370588235294,0.7342676470588234,0.6684485294117646,0.5963323529411764,0.5630544117647058,0.6213161764705881,0.6840808823529411,0.7096161764705881,0.7179999999999999,0.7465926470588234,0.8118779411764705,0.8222132352941176,0.8678279411764704,0.8757249999999999,0.8894735294117646,0.8892970588235293,0.8496470588235293,0.8517691176470588,0.8748294117647059,0.8207691176470587,0.7814176470588233,0.7591691176470587,0.7300985294117646,0.6829220588235293,0.7150779411764705,0.6983294117647058,0.7103808823529411,0.7182691176470588,0.7222308823529411,0.7718691176470588,0.7869617647058823,0.8058499999999998,0.8048558823529411,0.8539617647058823,0.893045588235294,0.8720544117647058,0.8774647058823528,0.8186058823529411,0.7780867647058822,0.7851205882352941,0.7267647058823529,0.7951308823529412,0.7945264705882352,0.8447661764705882,0.8678249999999998,0.8793588235294116,0.9083264705882351,0.9171720588235293,0.8992676470588233,0.9421294117647058,0.9298426470588234,0.9355617647058823,0.9152470588235293,0.8770529411764705,0.8763279411764705,0.7495529411764705,0.7558852941176469,0.7704573529411765,0.7762308823529412,0.782725,0.8320426470588235,0.8051735294117646,0.9025264705882352,0.8885044117647058,0.9228749999999999,0.9244411764705881,0.9246382352941175,0.9065617647058822,0.8969411764705881,0.8912323529411764,0.9042823529411763,0.8585661764705882,0.8452691176470588,0.759739705882353,0.7139676470588235,0.7369382352941175,0.739470588235294,0.7360029411764706,0.8045749999999998,0.7293147058823527,0.7579323529411764,0.7544897058823529,0.737455882352941,0.7609647058823528,0.769270588235294,0.6817632352941175,0.7995029411764705,0.8110558823529411,0.806275,0.8814058823529412,0.9085529411764705,0.9126970588235294,0.904410294117647,0.8572602941176469,0.798460294117647
0.9162132352941176,0.8711382352941176,0.8625838235294117,0.8298897058823529,0.7452323529411763,0.7487044117647058,0.6611014705882352,0.6103382352941176,0.5684823529411764,0.5748514705882353,0.6968573529411765,0.6666470588235294,0.7150338235294117,0.7370838235294117,0.8109088235294116,0.8246779411764704,0.8678191176470588,0.8799735294117645,0.8993897058823529,0.8794749999999999,0.8849044117647058,0.8195117647058823,0.8966411764705883,0.7715426470588234,0.7860794117647059,0.7928308823529412,0.7159191176470587,0.6638867647058823,0.7004985294117645,0.6643117647058823,0.7119735294117645,0.7016779411764704,0.7200441176470588,0.7265691176470588,0.738875,0.7314352941176471,0.7780426470588234,0.8184588235294116,0.8972764705882352,0.8744132352941174,0.8487264705882352,0.7913970588235293,0.7464014705882352,0.7312382352941175,0.7960191176470587,0.7785735294117646,0.7650794117647058,0.8217367647058822,0.8912514705882352,0.8766485294117646,0.9123352941176469,0.9142088235294118,0.8999999999999999,0.9431720588235293,0.9295764705882352,0.9371676470588235,0.9182411764705881,0.9091514705882353,0.8567941176470587,0.7859632352941176,0.7523661764705881,0.730275,0.7583911764705881,0.7570617647058824,0.8182955882352941,0.8470764705882353,0.8609632352941176,0.8888235294117647,0.886120588235294,0.923260294117647,0.9188661764705881,0.9141882352941175,0.911585294117647,0.9069558823529411,0.8869970588235293,0.8331073529411763,0.8057588235294117,0.7816470588235294,0.7125602941176469,0.7508544117647058,0.7309838235294116,0.7940411764705883,0.8105088235294117,0.7637073529411764,0.7469264705882352,0.7388205882352941,0.7338632352941177,0.7697779411764705,0.7479191176470589,0.7181426470588234,0.7837367647058822,0.8239588235294115,0.8306941176470587,0.8642352941176469,0.9161617647058824,0.9072279411764705,0.9044911764705881,0.7879235294117646,0.8061617647058822
0.9160088235294117,0.8775647058823528,0.8425411764705881,0.7981132352941176,0.7697499999999999,0.7706823529411764,0.6827514705882353,0.6147455882352941,0.5690602941176469,0.6329367647058822,0.6706617647058822,0.7205499999999998,0.6740823529411764,0.8018588235294117,0.7661632352941176,0.7995014705882352,0.8883970588235294,0.910585294117647,0.8702147058823528,0.8745117647058823,0.8602999999999998,0.7771279411764704,0.799225,0.804755882352941,0.7695014705882353,0.7779941176470587,0.7395823529411762,0.6940794117647058,0.6992794117647058,0.692770588235294,0.7370279411764704,0.7300205882352941,0.743370588235294,0.7343691176470588,0.7249264705882352,0.7456294117647059,0.7713691176470587,0.8398838235294116,0.8621588235294116,0.8896397058823529,0.8075617647058823,0.7917970588235294,0.694835294117647,0.7450779411764705,0.7346823529411765,0.7953632352941175,0.8087632352941175,0.8485897058823528,0.8887367647058823,0.8614588235294117,0.9077088235294117,0.9199161764705882,0.8999999999999999,0.9403676470588234,0.9269161764705881,0.9369485294117645,0.9239661764705882,0.9054249999999999,0.8233617647058823,0.8589088235294117,0.7582691176470587,0.7894176470588236,0.7611867647058823,0.7628279411764705,0.7843352941176469,0.8310794117647058,0.8602235294117646,0.8716911764705881,0.914555882352941,0.9271205882352941,0.9281764705882353,0.9116588235294116,0.9108249999999999,0.8735382352941176,0.8504073529411763,0.8253441176470587,0.8025882352941176,0.7904455882352941,0.7415632352941177,0.7383705882352941,0.7199602941176471,0.787795588235294,0.7250661764705882,0.7580088235294117,0.6846264705882352,0.7527970588235293,0.7470794117647058,0.7810882352941176,0.720610294117647,0.7214867647058822,0.7818470588235293,0.8000294117647058,0.8133588235294116,0.8779676470588235,0.914125,0.8948617647058823,0.8870911764705882,0.8523632352941176,0.8032970588235293
0.9136132352941174,0.8723088235294117,0.8572588235294116,0.7748382352941177,0.7013955882352941,0.7371676470588234,0.6863985294117646,0.5900794117647059,0.5731911764705881,0.5856970588235293,0.719585294117647,0.7229926470588234,0.7118426470588235,0.7687294117647058,0.8114764705882352,0.8278088235294118,0.8527279411764705,0.8849485294117646,0.8987485294117646,0.9089161764705881,0.8447132352941175,0.8534338235294117,0.8406632352941175,0.7630529411764706,0.8015999999999999,0.7052882352941175,0.740270588235294,0.6731058823529411,0.6968205882352941,0.6817220588235293,0.7122808823529412,0.7404985294117645,0.7542779411764705,0.7416514705882351,0.7491029411764705,0.7773044117647058,0.7716647058823529,0.8804779411764704,0.8566382352941174,0.8902470588235293,0.8541749999999999,0.7989029411764704,0.7542397058823528,0.7136955882352941,0.7425161764705881,0.8463147058823528,0.7686794117647058,0.8581352941176469,0.8712735294117645,0.8778029411764705,0.9059279411764705,0.9179867647058823,0.8999999999999999,0.9425029411764705,0.9268117647058822,0.9365794117647057,0.9229044117647058,0.9133117647058823,0.865820588235294,0.8178161764705881,0.726810294117647,0.7599573529411763,0.7619852941176469,0.7672617647058824,0.7796676470588234,0.8035911764705882,0.8622397058823528,0.8530764705882351,0.8865970588235293,0.923720588235294,0.9286808823529411,0.9117823529411764,0.9046632352941175,0.8726058823529411,0.9044044117647059,0.8432985294117645,0.8061911764705881,0.7972191176470587,0.774064705882353,0.7547882352941175,0.7390720588235293,0.755689705882353,0.7780338235294117,0.7900485294117646,0.7836632352941176,0.7519720588235294,0.7383705882352941,0.6694558823529411,0.7449499999999998,0.7197970588235293,0.8109014705882351,0.787130882352941,0.8184691176470588,0.8457691176470586,0.9059558823529411,0.9097499999999998,0.8894911764705882,0.8285764705882354,0.8431367647058824
0.9139529411764705,0.9022411764705881,0.8701985294117646,0.8245117647058824,0.7635235294117646,0.7264632352941175,0.7263102941176469,0.582445588235294,0.5766441176470587,0.6344764705882351,0.7211014705882351,0.734770588235294,0.7187426470588234,0.7919441176470587,0.8633014705882351,0.8253588235294117,0.9034926470588236,0.9123176470588235,0.9036411764705881,0.8726411764705881,0.8794441176470587,0.7889176470588234,0.8290411764705882,0.7672970588235294,0.8254838235294115,0.7770147058823528,0.7086308823529411,0.633570588235294,0.7103117647058823,0.6894852941176469,0.7169205882352939,0.7386338235294116,0.7623838235294117,0.7488794117647058,0.7350632352941177,0.7354264705882352,0.7486191176470587,0.8303970588235293,0.8387161764705882,0.8895294117647058,0.8611749999999999,0.8012529411764705,0.8057985294117646,0.7245764705882353,0.747035294117647,0.8048573529411763,0.8024823529411764,0.8378102941176471,0.8697499999999999,0.8763499999999999,0.9070014705882352,0.9239985294117645,0.8999999999999999,0.9428838235294116,0.9268117647058822,0.9358073529411765,0.9243529411764706,0.908635294117647,0.8406029411764705,0.7775911764705882,0.7717088235294116,0.758120588235294,0.7772117647058824,0.7457455882352941,0.7952779411764705,0.8424308823529411,0.8702411764705882,0.8859338235294116,0.9260088235294117,0.9231529411764705,0.9273264705882353,0.9098882352941176,0.9102132352941176,0.9076249999999999,0.9027941176470587,0.8586852941176469,0.7633970588235294,0.802420588235294,0.717260294117647,0.756370588235294,0.7654441176470587,0.8161294117647059,0.7524132352941176,0.7482647058823529,0.7359132352941177,0.7503147058823529,0.7496102941176469,0.7626220588235294,0.7669779411764704,0.6984088235294117,0.7751558823529412,0.8293249999999999,0.8190838235294117,0.8357044117647058,0.8798441176470586,0.9138044117647058,0.900330882352941,0.8769235294117645,0.8438294117647057
0.9194632352941176,0.9085588235294118,0.8412117647058823,0.8059308823529412,0.737035294117647,0.7075985294117646,0.6933264705882353,0.6259588235294117,0.5819132352941176,0.5554176470588235,0.7031161764705881,0.7098588235294118,0.7123147058823529,0.7520014705882352,0.7857235294117645,0.7990941176470587,0.8733485294117646,0.8845735294117647,0.9050647058823529,0.9070573529411763,0.8818397058823528,0.8050485294117646,0.8079058823529411,0.7898838235294117,0.7745588235294117,0.7480249999999999,0.7441617647058822,0.6420617647058824,0.6972323529411764,0.6536205882352941,0.7119882352941176,0.7252044117647058,0.766360294117647,0.7382264705882352,0.7453102941176469,0.7474161764705882,0.7887911764705882,0.8295117647058822,0.8892176470588234,0.8623514705882351,0.8025867647058822,0.7892499999999998,0.7634985294117645,0.7439617647058823,0.7697455882352942,0.7748426470588234,0.7682279411764705,0.8500058823529411,0.837220588235294,0.8775691176470587,0.9064529411764705,0.9209911764705881,0.8999999999999999,0.9407529411764703,0.9257661764705881,0.8931779411764705,0.9210294117647058,0.9064602941176471,0.8889499999999999,0.8379455882352941,0.7548205882352941,0.7534852941176469,0.7739558823529411,0.7646147058823528,0.7677176470588235,0.8062926470588234,0.8637867647058823,0.8315588235294117,0.9218514705882351,0.9248661764705881,0.9266499999999999,0.9062735294117645,0.9049441176470587,0.9026691176470587,0.9029794117647058,0.8404264705882353,0.8016941176470588,0.7577044117647058,0.6889514705882352,0.7380558823529411,0.7466514705882352,0.7454544117647058,0.7681691176470588,0.8187294117647058,0.7504544117647058,0.7382470588235294,0.735575,0.7437691176470587,0.7262132352941175,0.7038088235294117,0.7824691176470588,0.8790499999999998,0.7862499999999999,0.8676808823529412,0.8771382352941175,0.9172073529411763,0.8644529411764705,0.87645,0.8072367647058822
0.9188499999999998,0.9077735294117646,0.8471088235294117,0.810230882352941,0.7600676470588233,0.7354249999999999,0.6679058823529411,0.5965014705882352,0.5702647058823528,0.6504323529411765,0.7046970588235294,0.6982573529411764,0.7159058823529411,0.7673455882352941,0.782235294117647,0.8601588235294118,0.9034867647058823,0.8908926470588235,0.8700926470588234,0.873675,0.860595588235294,0.8747279411764705,0.8318499999999999,0.7766632352941175,0.741439705882353,0.7779264705882353,0.7335470588235293,0.6302411764705882,0.7012147058823528,0.6986485294117646,0.7144588235294117,0.7327823529411764,0.7381764705882353,0.7310411764705882,0.7538838235294116,0.749095588235294,0.8031632352941176,0.785295588235294,0.8788647058823529,0.9034117647058822,0.8098720588235293,0.7966249999999999,0.7602191176470587,0.7140102941176469,0.7314044117647057,0.8002088235294117,0.8184485294117646,0.8697764705882353,0.8696941176470587,0.8790514705882352,0.8742014705882353,0.919910294117647,0.8999999999999999,0.9437485294117646,0.9295132352941176,0.9330735294117646,0.9223132352941176,0.8776279411764705,0.8543102941176469,0.8569720588235293,0.7907941176470586,0.7374470588235293,0.7907058823529411,0.7366808823529412,0.8011455882352939,0.8336117647058823,0.8793352941176471,0.8870602941176469,0.9209279411764705,0.9263426470588234,0.9288485294117645,0.9150794117647059,0.9085735294117646,0.9098132352941175,0.8875794117647058,0.8667264705882353,0.7607617647058823,0.817510294117647,0.7133882352941177,0.7655308823529411,0.7528999999999999,0.7148529411764706,0.7831147058823528,0.7157823529411763,0.7801691176470588,0.749645588235294,0.754910294117647,0.775785294117647,0.7241338235294118,0.7527985294117647,0.8456529411764704,0.8538191176470588,0.8428264705882352,0.8622397058823528,0.9116779411764705,0.909645588235294,0.9012720588235293,0.8139367647058823,0.8264838235294116
0.9169926470588234,0.9123397058823529,0.835020588235294,0.8010926470588234,0.7296161764705881,0.751060294117647,0.6842117647058823,0.5968882352941176,0.5680088235294117,0.6270764705882352,0.6879382352941176,0.7293338235294117,0.7251970588235294,0.7397647058823529,0.7432088235294116,0.7867661764705882,0.8295308823529411,0.8792970588235293,0.9041044117647057,0.9073044117647058,0.8806926470588234,0.7738176470588235,0.8906117647058823,0.7970691176470587,0.801535294117647,0.750580882352941,0.7333382352941176,0.6111779411764705,0.701855882352941,0.6996867647058823,0.7240632352941174,0.7398191176470588,0.755245588235294,0.752870588235294,0.7625602941176468,0.7824999999999999,0.8066529411764704,0.8069294117647058,0.8938897058823528,0.8861382352941175,0.8513176470588234,0.7852073529411764,0.7774661764705881,0.7636132352941175,0.7039794117647059,0.7567426470588233,0.7961764705882352,0.8369882352941175,0.8702367647058822,0.8756279411764704,0.9090720588235293,0.9156338235294116,0.8999999999999999,0.9436367647058822,0.9258367647058823,0.9346044117647057,0.918410294117647,0.9105882352941176,0.8711220588235293,0.8372264705882352,0.8006632352941174,0.7300367647058823,0.7834382352941175,0.7856485294117646,0.8239911764705882,0.8659382352941175,0.8980470588235293,0.8855647058823528,0.9132117647058823,0.9224176470588233,0.9221691176470587,0.9163264705882352,0.9168132352941175,0.9044191176470587,0.9069867647058822,0.8386382352941176,0.7840294117647059,0.7747147058823529,0.7638764705882352,0.7305191176470588,0.7325279411764705,0.7789029411764705,0.7927617647058822,0.7555514705882352,0.7704720588235293,0.751420588235294,0.7436455882352939,0.7576632352941176,0.754545588235294,0.7127485294117646,0.8016029411764706,0.887110294117647,0.8141499999999999,0.8579367647058822,0.9134058823529411,0.9151867647058821,0.891295588235294,0.817720588235294,0.815475
0.9194632352941176,0.907710294117647,0.8642720588235293,0.8445382352941176,0.7403529411764704,0.7361838235294117,0.6897691176470587,0.6117514705882352,0.5792058823529411,0.6079499999999999,0.6720397058823528,0.7374514705882353,0.7073161764705881,0.7741823529411764,0.7741073529411764,0.8626279411764706,0.906075,0.9077691176470588,0.9086617647058823,0.9068470588235293,0.865370588235294,0.8383397058823528,0.8296838235294116,0.7776749999999999,0.8073808823529411,0.7753632352941175,0.7412617647058823,0.669739705882353,0.6980029411764705,0.7100044117647059,0.7221794117647058,0.7267191176470588,0.6787147058823529,0.7288514705882352,0.6894264705882353,0.7588544117647057,0.7930985294117646,0.8452588235294116,0.8960911764705881,0.904555882352941,0.7733970588235294,0.7963897058823528,0.7637911764705883,0.7252985294117646,0.774010294117647,0.8145191176470588,0.7810647058823528,0.8033602941176469,0.8823764705882351,0.8772338235294116,0.9035382352941175,0.9133294117647057,0.8999999999999999,0.941020588235294,0.9273617647058823,0.9363823529411763,0.9234514705882352,0.8776691176470587,0.8649,0.7917985294117647,0.733310294117647,0.7874323529411764,0.7850691176470587,0.7713529411764706,0.7657426470588236,0.8277088235294117,0.9006485294117647,0.8859558823529411,0.8854235294117646,0.9188176470588234,0.9243529411764706,0.9134294117647057,0.9106573529411764,0.9054220588235292,0.8730029411764705,0.864680882352941,0.7921441176470588,0.7593220588235293,0.7535411764705882,0.751216176470588,0.7272,0.7797044117647058,0.7605632352941175,0.7648073529411764,0.7285897058823527,0.7843191176470588,0.7383249999999999,0.7769499999999999,0.7576411764705882,0.6920441176470588,0.8170617647058823,0.8326058823529412,0.8067014705882353,0.8702941176470588,0.9093779411764705,0.9101720588235293,0.8785220588235294,0.7851485294117646,0.8039882352941174
0.9150279411764705,0.886310294117647,0.8588088235294117,0.837730882352941,0.7620779411764705,0.7410279411764705,0.7136338235294117,0.6004882352941177,0.5721073529411764,0.6317499999999999,0.6768455882352941,0.7183485294117645,0.7098073529411765,0.7528132352941176,0.7792514705882351,0.849864705882353,0.8897529411764705,0.8581470588235293,0.9086161764705881,0.9045249999999998,0.883860294117647,0.8598764705882351,0.8209279411764705,0.8183897058823529,0.8005764705882352,0.7763161764705881,0.7369897058823529,0.6908029411764705,0.7006382352941175,0.6811779411764705,0.7081632352941175,0.7543308823529411,0.7038691176470588,0.7435161764705881,0.7644588235294116,0.7763235294117646,0.8066529411764706,0.8799470588235294,0.8914749999999999,0.9002485294117646,0.8535529411764704,0.7861852941176469,0.6918338235294118,0.7339338235294117,0.7288411764705882,0.7736735294117646,0.7561573529411764,0.8544323529411765,0.8892235294117645,0.8789573529411764,0.9047161764705882,0.9238176470588234,0.8992676470588233,0.9415794117647057,0.9285132352941177,0.9341264705882352,0.9198823529411764,0.9106544117647057,0.8573676470588234,0.818764705882353,0.7478867647058823,0.7368499999999999,0.761025,0.7751985294117646,0.8043411764705882,0.8266852941176471,0.8790308823529412,0.8643882352941176,0.9150985294117646,0.9244617647058823,0.9280073529411763,0.9155264705882352,0.9141573529411763,0.9087808823529411,0.8976911764705882,0.8590911764705882,0.8269220588235293,0.8369279411764705,0.6911794117647059,0.7442735294117645,0.7654308823529411,0.8158544117647059,0.7921911764705881,0.7821220588235293,0.8309544117647057,0.7519691176470588,0.7462191176470587,0.7585367647058822,0.7293794117647059,0.7332441176470588,0.7845029411764703,0.8551338235294117,0.7838647058823529,0.8456588235294116,0.9167029411764704,0.8732088235294118,0.895705882352941,0.8009617647058822,0.7997294117647058
0.9181176470588234,0.9051191176470587,0.859835294117647,0.7833191176470587,0.733445588235294,0.7460352941176469,0.6872117647058823,0.6413779411764705,0.5635176470588235,0.6115397058823528,0.69525,0.6914191176470589,0.702039705882353,0.7109249999999998,0.7841941176470588,0.8368661764705881,0.8786338235294117,0.8532147058823528,0.8693338235294116,0.9066867647058823,0.881505882352941,0.8376014705882352,0.8535794117647058,0.827145588235294,0.7751588235294116,0.7764794117647059,0.7289426470588234,0.6788279411764706,0.7054882352941175,0.6752764705882351,0.7159632352941175,0.7442749999999999,0.7340117647058823,0.737455882352941,0.6995588235294117,0.7250941176470588,0.7968955882352939,0.7782558823529411,0.8770426470588235,0.9035838235294117,0.8717808823529412,0.7956720588235293,0.7113764705882353,0.721110294117647,0.754270588235294,0.7661779411764705,0.8080220588235294,0.8570014705882352,0.8680808823529411,0.8776779411764705,0.9059985294117647,0.9221029411764706,0.8999999999999999,0.9396294117647057,0.9291808823529412,0.9341985294117646,0.919560294117647,0.8529749999999999,0.8329808823529411,0.7818823529411764,0.776891176470588,0.7646970588235293,0.8178323529411765,0.7797529411764705,0.7973352941176469,0.8129764705882353,0.8645279411764706,0.8469544117647058,0.9210102941176469,0.922230882352941,0.9272544117647057,0.9035647058823528,0.9090441176470587,0.9069294117647059,0.8700911764705881,0.810375,0.8049161764705882,0.7923632352941176,0.7307617647058823,0.7155838235294119,0.7424117647058823,0.7576588235294116,0.7628132352941175,0.754016176470588,0.7884455882352941,0.7479529411764705,0.7356897058823529,0.7756735294117647,0.7637764705882353,0.7076955882352941,0.752610294117647,0.8203117647058823,0.8195044117647058,0.8650823529411763,0.9078294117647058,0.9088485294117646,0.9047794117647058,0.8181852941176471,0.8077661764705882
0.9202191176470588,0.9075926470588235,0.8633294117647058,0.792560294117647,0.751420588235294,0.7299073529411763,0.6774529411764705,0.600780882352941,0.5690014705882352,0.568520588235294,0.7252029411764704,0.7166088235294117,0.722935294117647,0.7648294117647058,0.7983485294117646,0.8353132352941176,0.8748720588235294,0.8867338235294117,0.8980249999999999,0.9140264705882352,0.8785808823529411,0.8166514705882352,0.8991382352941175,0.767889705882353,0.7834794117647058,0.7524470588235294,0.7267485294117646,0.6704088235294118,0.6984235294117648,0.7018088235294117,0.6868676470588234,0.73465,0.7274485294117646,0.7325720588235294,0.7602882352941175,0.7239294117647058,0.8280235294117646,0.7920823529411765,0.859020588235294,0.8730485294117646,0.817610294117647,0.816845588235294,0.743355882352941,0.7130485294117646,0.7435044117647058,0.7848897058823529,0.7940102941176469,0.8558308823529411,0.8891764705882352,0.8642573529411763,0.9061147058823529,0.9187249999999999,0.8999999999999999,0.9438235294117645,0.9309838235294118,0.9361014705882351,0.9192514705882352,0.8784485294117645,0.8629073529411764,0.8213544117647058,0.7702602941176468,0.7679323529411763,0.7851970588235293,0.818035294117647,0.7864117647058823,0.8069132352941175,0.8695970588235292,0.8856220588235294,0.923605882352941,0.9197132352941174,0.927335294117647,0.9088588235294116,0.9089588235294117,0.9032691176470586,0.9031132352941176,0.791870588235294,0.8212764705882353,0.7716044117647057,0.716070588235294,0.7690338235294117,0.7197926470588234,0.7896382352941177,0.7887044117647057,0.8156352941176469,0.7557794117647059,0.7383426470588235,0.7345588235294117,0.7363823529411765,0.7473455882352941,0.7581426470588234,0.7982279411764706,0.8431602941176469,0.8351073529411763,0.8686294117647058,0.9128720588235294,0.8957691176470587,0.8254191176470588,0.8610514705882352,0.8136073529411764
0.9168338235294117,0.8781014705882353,0.8632029411764706,0.8675897058823528,0.7636926470588234,0.7436088235294117,0.6909044117647059,0.586735294117647,0.5534235294117646,0.5685735294117646,0.7277941176470587,0.7063941176470588,0.7216411764705882,0.7659323529411763,0.7944132352941176,0.8768176470588235,0.8806514705882351,0.8955470588235293,0.9025882352941176,0.8900485294117646,0.882585294117647,0.7914749999999999,0.8787470588235293,0.7583058823529412,0.7871514705882351,0.7282558823529411,0.7332676470588235,0.6642941176470588,0.7065588235294117,0.6872926470588234,0.7202676470588234,0.749795588235294,0.7653176470588234,0.7546044117647058,0.7551985294117647,0.7223161764705881,0.7779176470588234,0.8815926470588235,0.8965691176470587,0.9055029411764706,0.8726676470588235,0.8413985294117646,0.7307176470588235,0.7454014705882352,0.775420588235294,0.7896058823529412,0.8020014705882352,0.7728720588235294,0.8314661764705882,0.8778029411764705,0.9095941176470588,0.926210294117647,0.8992676470588233,0.9397499999999999,0.9286808823529411,0.9365794117647057,0.9236323529411763,0.9093852941176469,0.855155882352941,0.782435294117647,0.7527191176470587,0.8140720588235294,0.7815882352941176,0.7983264705882352,0.7367735294117645,0.843545588235294,0.8845044117647058,0.8553838235294117,0.9246897058823529,0.9253044117647058,0.9220088235294117,0.9086720588235293,0.9137220588235293,0.9051367647058823,0.8899367647058822,0.8071838235294115,0.7878676470588234,0.7931661764705882,0.8023911764705882,0.7153529411764705,0.7190573529411765,0.8058367647058823,0.7892382352941176,0.7110470588235294,0.7522985294117646,0.7555220588235293,0.7683264705882352,0.7537294117647059,0.7212367647058824,0.6927897058823528,0.7882264705882353,0.8616911764705881,0.8078985294117647,0.8774397058823529,0.9126176470588234,0.9113323529411764,0.8975529411764706,0.7997529411764706,0.8061514705882352
0.9105985294117647,0.9083897058823528,0.8451397058823529,0.8265529411764705,0.728120588235294,0.7405852941176471,0.6668367647058823,0.6001014705882352,0.5503117647058823,0.5671058823529411,0.7162735294117646,0.6903926470588235,0.7185279411764705,0.7408161764705881,0.7769852941176469,0.8220308823529411,0.9015073529411765,0.9078176470588235,0.9092573529411764,0.9096647058823528,0.876635294117647,0.8655970588235294,0.8425838235294117,0.7370294117647058,0.7256676470588235,0.7808808823529411,0.7291602941176469,0.6602529411764705,0.7055264705882353,0.6706514705882353,0.6867647058823528,0.690270588235294,0.7519205882352941,0.7064838235294117,0.7612485294117647,0.721910294117647,0.7407617647058822,0.8441794117647058,0.8929397058823528,0.8765235294117646,0.8837441176470587,0.7971264705882353,0.7434558823529411,0.7053970588235293,0.7529279411764705,0.7857485294117647,0.7973044117647059,0.8143088235294117,0.8591147058823527,0.8761235294117645,0.9093191176470588,0.9180117647058823,0.8979485294117646,0.939520588235294,0.9296779411764705,0.9350338235294117,0.9106191176470587,0.9080499999999999,0.8687999999999999,0.8263779411764705,0.7700764705882353,0.7659558823529412,0.7823352941176469,0.755595588235294,0.7890926470588234,0.8259191176470587,0.8399632352941176,0.8874838235294117,0.9135147058823528,0.9190279411764705,0.9278382352941176,0.9128911764705882,0.9180426470588233,0.9071279411764706,0.9056,0.8533558823529411,0.7920441176470586,0.7772882352941176,0.7341323529411764,0.7574161764705881,0.7317382352941176,0.7451514705882352,0.7485514705882351,0.7618323529411763,0.6877014705882353,0.7429014705882352,0.7440411764705882,0.7053882352941175,0.7906367647058822,0.74485,0.7757573529411764,0.8293514705882352,0.8604279411764705,0.8787441176470587,0.9125867647058823,0.9127323529411765,0.8636749999999999,0.7867735294117646,0.7965794117647058
0.9150088235294117,0.894180882352941,0.842204411764706,0.7869691176470588,0.7712573529411765,0.724870588235294,0.6848249999999999,0.6390147058823529,0.5682441176470588,0.6033441176470589,0.7070058823529412,0.6845294117647058,0.7281823529411764,0.650445588235294,0.8021499999999999,0.8894205882352939,0.9012117647058823,0.8894308823529411,0.9054985294117647,0.9107647058823528,0.8808132352941176,0.8105220588235292,0.8798426470588234,0.7806367647058823,0.7971617647058823,0.7883014705882352,0.7351367647058822,0.6808573529411764,0.7034117647058823,0.7196558823529412,0.711660294117647,0.7627058823529411,0.7041220588235293,0.760789705882353,0.7605161764705881,0.7627455882352939,0.7663588235294116,0.8244264705882351,0.897080882352941,0.8704264705882352,0.8427117647058823,0.7690191176470588,0.7837749999999999,0.7523323529411763,0.7255823529411765,0.8004058823529411,0.8153794117647057,0.8594367647058823,0.8979764705882352,0.8440382352941176,0.9076867647058822,0.9198382352941176,0.8992676470588233,0.9406691176470586,0.9285132352941177,0.9371735294117647,0.9209588235294117,0.9048867647058823,0.864370588235294,0.8249970588235294,0.7345514705882351,0.764720588235294,0.7824823529411765,0.7924220588235293,0.7945779411764705,0.8496338235294117,0.9030132352941175,0.8875470588235294,0.9115176470588235,0.9250573529411764,0.9212117647058823,0.904685294117647,0.9133132352941176,0.9073397058823528,0.9036235294117646,0.8934147058823528,0.840960294117647,0.7997014705882352,0.7614279411764705,0.7534411764705882,0.7282499999999998,0.7385911764705883,0.7687573529411764,0.7676176470588235,0.7757499999999999,0.7485014705882352,0.7400426470588234,0.7302764705882353,0.7684794117647057,0.724775,0.7989117647058824,0.8153073529411765,0.864825,0.878795588235294,0.9112985294117647,0.907675,0.8708985294117646,0.8255,0.8054647058823527
