Time 0,Time 10,Time 20,Time 30,Time 40,Time 50,Time 60,Time 70,Time 80,Time 90,Time 100,Time 110,Time 120,Time 130,Time 140,Time 150,Time 160,Time 170,Time 180,Time 190,Time 200,Time 210,Time 220,Time 230,Time 240,Time 250,Time 260,Time 270,Time 280,Time 290,Time 300,Time 310,Time 320,Time 330,Time 340,Time 350,Time 360,Time 370,Time 380,Time 390,Time 400,Time 410,Time 420,Time 430,Time 440,Time 450,Time 460,Time 470,Time 480,Time 490,Time 500,Time 510,Time 520,Time 530,Time 540,Time 550,Time 560,Time 570,Time 580,Time 590,Time 600,Time 610,Time 620,Time 630,Time 640,Time 650,Time 660,Time 670,Time 680,Time 690,Time 700,Time 710,Time 720,Time 730,Time 740,Time 750,Time 760,Time 770,Time 780,Time 790,Time 800,Time 810,Time 820,Time 830,Time 840,Time 850,Time 860,Time 870,Time 880,Time 890,Time 900,Time 910,Time 920,Time 930,Time 940,Time 950,Time 960,Time 970,Time 980
0.5350985294117646,0.6232411764705882,0.5419397058823529,0.5179058823529411,0.44239411764705877,0.4487764705882353,0.36432647058823525,0.3181416176470588,0.30536382352941177,0.3423191176470588,0.3758926470588235,0.3756235294117647,0.38262499999999994,0.436485294117647,0.5088794117647057,0.6067705882352941,0.5683014705882352,0.5798970588235294,0.5859058823529412,0.5738367647058823,0.6109044117647058,0.5199558823529412,0.5794676470588235,0.540760294117647,0.5110588235294117,0.4908397058823529,0.4139323529411764,0.393635294117647,0.3546338235294117,0.3667088235294117,0.36585441176470584,0.39993970588235295,0.4259338235294117,0.3971794117647059,0.4443867647058823,0.4638823529411764,0.4729029411764706,0.5496558823529412,0.6401088235294117,0.603645588235294,0.5729,0.5141308823529411,0.4569470588235294,0.4536647058823529,0.4850397058823529,0.4694985294117647,0.5258970588235294,0.5566529411764706,0.5543823529411764,0.5460161764705882,0.5243573529411765,0.5184735294117646,0.5209911764705882,0.41869705882352937,0.4705441176470588,0.43627647058823527,0.5410999999999999,0.581360294117647,0.5600044117647057,0.48789852941176465,0.4746647058823528,0.43676911764705884,0.49779852941176467,0.4805794117647058,0.5066867647058823,0.593175,0.6509499999999999,0.5483499999999999,0.4946573529411764,0.5731058823529411,0.5080176470588235,0.5565367647058822,0.6001617647058823,0.599670588235294,0.5609294117647058,0.6084676470588234,0.5414044117647058,0.530560294117647,0.4504544117647058,0.44049117647058816,0.4557397058823529,0.46779264705882345,0.4523205882352941,0.4639867647058823,0.4272382352941176,0.43585441176470585,0.4316544117647058,0.49201470588235285,0.43875441176470587,0.4655176470588235,0.5769926470588235,0.5548558823529411,0.6180191176470589,0.6640602941176471,0.604614705882353,0.5671411764705881,0.6041941176470588,0.529535294117647,0.5715485294117646
0.5769338235294117,0.5577617647058823,0.5655455882352941,0.568075,0.4523397058823529,0.38275,0.35454117647058814,0.3297455882352941,0.32093985294117644,0.34568823529411763,0.37898676470588233,0.37289558823529406,0.3728191176470588,0.42384705882352935,0.4835485294117646,0.5596720588235293,0.588864705882353,0.5679941176470588,0.6453529411764705,0.6796191176470587,0.5440411764705883,0.5487014705882353,0.5696323529411764,0.5299985294117646,0.4755705882352941,0.47994411764705874,0.4053014705882353,0.3949397058823529,0.35942941176470583,0.3718132352941176,0.38316470588235296,0.42481617647058817,0.4043279411764706,0.4022514705882353,0.4582838235294117,0.4464588235294117,0.47570441176470585,0.5386544117647057,0.58315,0.6492779411764704,0.551735294117647,0.5190941176470588,0.48919852941176467,0.48135147058823524,0.4957338235294117,0.5069073529411765,0.4835411764705882,0.5625911764705881,0.5633735294117647,0.5986867647058823,0.5390397058823528,0.5489044117647058,0.5832426470588234,0.4829147058823528,0.4543147058823529,0.4648544117647058,0.5275955882352941,0.6183147058823528,0.5899470588235294,0.5761308823529411,0.4670499999999999,0.4559411764705881,0.4678529411764705,0.4957044117647058,0.4942911764705882,0.5703117647058823,0.5917014705882353,0.5961911764705882,0.6441441176470588,0.513795588235294,0.5072014705882353,0.5794514705882352,0.5062882352941176,0.6074338235294118,0.6371999999999999,0.5584132352941176,0.5066073529411764,0.4992661764705882,0.46873382352941173,0.4694720588235293,0.3921838235294117,0.4478117647058823,0.49332205882352936,0.4831647058823529,0.4069323529411764,0.4484647058823528,0.4419647058823529,0.45003529411764703,0.44767647058823523,0.4809058823529411,0.48803529411764707,0.5151176470588235,0.5797632352941176,0.6233691176470588,0.5734132352941176,0.5566367647058823,0.6539926470588234,0.5641426470588234,0.5602573529411764
0.5237897058823529,0.6021764705882351,0.6245691176470587,0.5589382352941176,0.439460294117647,0.43030735294117645,0.3607970588235294,0.35449705882352944,0.3247867647058823,0.33953676470588234,0.36131470588235287,0.3812470588235294,0.3826617647058823,0.4347617647058823,0.48532794117647055,0.5596602941176471,0.561514705882353,0.5763029411764705,0.6478779411764706,0.6135411764705883,0.5232749999999999,0.5055088235294117,0.5407323529411765,0.5650102941176469,0.5461161764705882,0.4432117647058823,0.3905970588235294,0.3868838235294117,0.35964999999999997,0.37600735294117643,0.3655161764705882,0.3971676470588235,0.41980735294117644,0.4368823529411764,0.4346514705882353,0.4620882352941176,0.4772132352941176,0.5586073529411765,0.528435294117647,0.5956132352941175,0.5632,0.530470588235294,0.4949455882352941,0.43691617647058817,0.47080441176470583,0.4963558823529411,0.4944544117647058,0.5437720588235294,0.6282132352941177,0.5750661764705882,0.5668558823529412,0.53035,0.6122294117647058,0.442360294117647,0.45839117647058825,0.4964632352941177,0.5107794117647059,0.6582176470588235,0.5487176470588234,0.47069117647058817,0.5209617647058823,0.46266764705882346,0.46562794117647055,0.48720735294117645,0.5153823529411764,0.5153397058823529,0.6445838235294117,0.6602367647058822,0.5918691176470587,0.5095426470588235,0.4955823529411765,0.5169823529411764,0.6233764705882352,0.6464397058823529,0.5900235294117646,0.5957441176470587,0.5596911764705882,0.5128779411764706,0.442810294117647,0.4477367647058823,0.41560294117647056,0.4670294117647058,0.48912058823529403,0.5147676470588235,0.4579308823529411,0.41777941176470584,0.4738823529411764,0.4448823529411764,0.43343235294117644,0.4294647058823529,0.5116941176470587,0.5540308823529411,0.5218514705882352,0.623885294117647,0.6273147058823529,0.5799691176470587,0.5879117647058822,0.5805470588235293,0.5307999999999999
0.5733632352941176,0.5712735294117647,0.5750088235294117,0.5288999999999999,0.4577161764705882,0.4007676470588235,0.3620985294117647,0.3329911764705882,0.3210279411764706,0.3513,0.3650529411764705,0.40867058823529406,0.3765264705882353,0.407660294117647,0.4927044117647058,0.5816338235294117,0.6002602941176469,0.6254191176470588,0.5887544117647058,0.6537529411764705,0.6265691176470588,0.5777382352941176,0.6363632352941176,0.5455749999999999,0.5042985294117647,0.4714073529411764,0.4264132352941176,0.38235441176470586,0.35694852941176464,0.3571,0.37088676470588233,0.3827617647058823,0.43220882352941176,0.3932985294117647,0.44167499999999993,0.4600838235294117,0.49169999999999997,0.5299161764705882,0.6131499999999999,0.6268117647058823,0.5469441176470587,0.5496117647058822,0.4742632352941176,0.47626470588235287,0.477410294117647,0.4930323529411764,0.5066882352941176,0.598495588235294,0.5954147058823529,0.5951411764705882,0.5388911764705882,0.5232029411764706,0.5424161764705883,0.4628367647058823,0.46788970588235285,0.48082941176470584,0.5811397058823529,0.5776544117647059,0.5743264705882353,0.4877397058823529,0.484645588235294,0.48117058823529407,0.4677779411764705,0.458445588235294,0.5328485294117646,0.5553367647058823,0.5971705882352941,0.6169808823529411,0.5659088235294117,0.47374705882352935,0.5188338235294118,0.5548647058823529,0.5969985294117647,0.6212573529411763,0.5954161764705883,0.5682132352941176,0.5658073529411763,0.5227588235294117,0.4574838235294117,0.4511161764705882,0.43487647058823525,0.42499264705882345,0.4965764705882353,0.5215558823529411,0.4378735294117647,0.4459588235294117,0.4407279411764705,0.4722058823529412,0.45397941176470585,0.4475205882352941,0.5325029411764706,0.6095411764705881,0.5210558823529411,0.6353397058823529,0.6059588235294117,0.5880544117647059,0.5692470588235293,0.5670058823529411,0.5640397058823529
0.5589632352941176,0.5576676470588234,0.5898441176470587,0.518210294117647,0.44327647058823527,0.4104308823529411,0.3639411764705882,0.3313691176470588,0.3071192647058823,0.33418970588235297,0.3545058823529411,0.3949088235294117,0.3742132352941176,0.44285147058823526,0.4912676470588235,0.589970588235294,0.6160249999999998,0.6182529411764704,0.6312382352941176,0.5976794117647057,0.6367147058823529,0.5743838235294116,0.6498117647058823,0.5339661764705882,0.48138823529411756,0.4795323529411764,0.3908235294117647,0.3840838235294117,0.354210294117647,0.36209117647058825,0.36672499999999997,0.4176764705882353,0.40469852941176465,0.4178382352941177,0.42228529411764704,0.4858897058823529,0.47717794117647055,0.5302191176470588,0.622945588235294,0.5952044117647058,0.5157867647058823,0.48617205882352943,0.4671573529411764,0.4547661764705882,0.47189852941176463,0.4731367647058823,0.5894911764705881,0.5593676470588235,0.5668073529411763,0.5865867647058822,0.5908279411764704,0.523735294117647,0.49845441176470584,0.46224999999999994,0.4583985294117647,0.5007044117647058,0.47274999999999995,0.6388573529411763,0.6118176470588235,0.5003161764705881,0.4799588235294117,0.44650294117647055,0.4712985294117647,0.49541617647058817,0.5584117647058823,0.5249779411764705,0.6013691176470588,0.637460294117647,0.6000323529411764,0.5285411764705882,0.49702205882352934,0.5601911764705881,0.5695926470588235,0.6367705882352941,0.5989573529411765,0.6137058823529411,0.5920117647058822,0.51135,0.4509514705882352,0.42333970588235287,0.42697058823529405,0.4506529411764706,0.5156220588235294,0.488810294117647,0.44156323529411756,0.4579029411764705,0.4312676470588235,0.4634044117647058,0.4209161764705882,0.4706705882352941,0.532025,0.5328235294117647,0.5627588235294116,0.6382088235294117,0.6341764705882352,0.5374058823529411,0.5491661764705882,0.5597838235294117,0.6064029411764705
0.5616294117647059,0.6178397058823529,0.6025117647058823,0.5071029411764705,0.4435411764705882,0.4166779411764705,0.3636911764705882,0.3354160294117646,0.31479705882352943,0.34247352941176473,0.3723955882352941,0.36130294117647055,0.38917352941176464,0.42735441176470584,0.5154088235294118,0.6096985294117646,0.606,0.6357161764705882,0.5528294117647058,0.6199676470588236,0.6262691176470587,0.5595794117647058,0.6008882352941176,0.5185117647058823,0.4859205882352941,0.4855044117647058,0.429960294117647,0.3931176470588235,0.37734411764705883,0.3590985294117646,0.37808823529411756,0.4365558823529412,0.43136911764705876,0.4462705882352941,0.4422323529411764,0.4948647058823529,0.4672647058823529,0.553075,0.6509632352941177,0.6179882352941176,0.5421999999999999,0.5150882352941176,0.49597058823529405,0.4667926470588235,0.48236617647058827,0.5142426470588235,0.5354176470588234,0.5847161764705882,0.5689367647058824,0.5991058823529412,0.5791499999999999,0.5313720588235293,0.5239470588235293,0.5005970588235295,0.46597941176470586,0.49216176470588235,0.5213308823529411,0.5212044117647058,0.5790014705882353,0.4946573529411764,0.4525529411764705,0.4508514705882352,0.45720441176470583,0.48023823529411763,0.6158617647058823,0.5246588235294117,0.5924985294117647,0.6326823529411764,0.5570676470588234,0.5469161764705882,0.5010544117647059,0.555464705882353,0.5728367647058823,0.6206294117647058,0.6198397058823528,0.5245323529411764,0.5071838235294117,0.4871029411764705,0.4735808823529411,0.43295441176470584,0.43398676470588227,0.4535044117647058,0.5175602941176469,0.49129999999999996,0.44814999999999994,0.4668147058823529,0.4649249999999999,0.44048235294117644,0.4351176470588235,0.43589264705882347,0.5433985294117646,0.580575,0.5307117647058823,0.6114058823529411,0.6218647058823529,0.5793838235294118,0.5941249999999999,0.5627676470588234,0.5799941176470588
0.6352764705882353,0.5932220588235294,0.539989705882353,0.5313823529411764,0.45060588235294113,0.42160294117647057,0.3600808823529411,0.34593970588235284,0.29328367647058823,0.3409191176470588,0.3787749999999999,0.3744661764705882,0.3853308823529411,0.42435294117647054,0.48487205882352935,0.5537985294117647,0.639520588235294,0.6777764705882351,0.6258779411764704,0.6073470588235295,0.5944470588235293,0.5673867647058822,0.5924720588235294,0.5735323529411763,0.504170588235294,0.47437205882352934,0.3868588235294117,0.3720838235294117,0.3647514705882353,0.36656617647058826,0.3680220588235294,0.3932161764705882,0.4216808823529411,0.41171911764705876,0.4710161764705882,0.4880073529411765,0.472770588235294,0.5837161764705883,0.6153088235294117,0.6945647058823529,0.6012323529411764,0.5016985294117646,0.4629573529411764,0.46721323529411757,0.5169985294117646,0.5109323529411763,0.5323058823529411,0.5893411764705883,0.5662161764705882,0.576,0.6366102941176471,0.5847573529411764,0.5465882352941176,0.4428911764705882,0.46465441176470584,0.498695588235294,0.5134794117647059,0.6001249999999999,0.577095588235294,0.497475,0.4583014705882352,0.4756397058823529,0.44890294117647056,0.48124999999999996,0.4831588235294117,0.5546441176470588,0.5887455882352941,0.642,0.5925970588235293,0.5244044117647059,0.5271911764705882,0.5540411764705881,0.5911397058823529,0.5892367647058823,0.5708882352941176,0.5751985294117646,0.5847176470588235,0.5396044117647059,0.4628323529411765,0.4658029411764706,0.421860294117647,0.4099808823529411,0.4741691176470588,0.48644999999999994,0.41367647058823526,0.4487029411764705,0.4329558823529411,0.40755735294117645,0.4241911764705882,0.46818235294117644,0.5102941176470588,0.5723470588235293,0.5723735294117647,0.6836147058823528,0.5699882352941176,0.6067985294117646,0.560385294117647,0.5550808823529411,0.537875
0.5422735294117647,0.6018132352941177,0.6247838235294116,0.5465220588235294,0.39708382352941174,0.4407279411764705,0.36515735294117646,0.33862647058823525,0.3279058823529411,0.3437470588235294,0.36636764705882346,0.40056764705882353,0.38546470588235293,0.4202588235294117,0.5087588235294117,0.5542044117647058,0.6327926470588235,0.6075661764705882,0.6089558823529412,0.6167014705882351,0.6325838235294117,0.5268514705882352,0.5098999999999999,0.5629249999999999,0.5260073529411764,0.4589911764705882,0.38635588235294116,0.3946647058823529,0.3530294117647058,0.3578676470588235,0.37825294117647057,0.4493220588235294,0.4345838235294117,0.43300147058823524,0.43812352941176463,0.4665323529411764,0.4708882352941176,0.5765676470588235,0.55065,0.5519661764705882,0.5567176470588235,0.49957352941176464,0.4911558823529411,0.46433529411764696,0.45848382352941175,0.4928294117647058,0.5258264705882352,0.5151897058823529,0.596525,0.598675,0.5958029411764706,0.5572161764705882,0.5223735294117646,0.4319632352941177,0.42486470588235287,0.483975,0.550520588235294,0.5378558823529411,0.5721882352941176,0.49740147058823525,0.4483485294117647,0.4473558823529411,0.4992632352941176,0.49101911764705874,0.5181573529411765,0.6277794117647059,0.6424544117647059,0.6253720588235294,0.5724720588235294,0.5454088235294117,0.5142088235294118,0.5785647058823529,0.6102970588235292,0.6437691176470588,0.6415294117647058,0.5465441176470588,0.5622191176470587,0.514014705882353,0.45524999999999993,0.42594852941176464,0.40907794117647056,0.4479882352941176,0.46361176470588233,0.49044117647058816,0.43732647058823526,0.44487058823529413,0.4691132352941176,0.4523617647058823,0.4301749999999999,0.4326161764705882,0.5461617647058823,0.5599838235294117,0.6070264705882351,0.5858514705882353,0.6402838235294117,0.6772323529411763,0.6003808823529411,0.5400073529411764,0.5222338235294117
0.57495,0.5623661764705882,0.5475470588235293,0.583925,0.45833529411764695,0.42015441176470586,0.35491176470588237,0.33459558823529406,0.32164132352941177,0.3131507352941176,0.3692220588235294,0.38173676470588236,0.37797352941176465,0.43114411764705873,0.4852397058823529,0.5872985294117646,0.6227705882352941,0.5644499999999999,0.5488544117647058,0.7079691176470587,0.6073691176470588,0.5287779411764705,0.5685955882352941,0.5297397058823529,0.5212632352941177,0.49263676470588225,0.3984397058823529,0.3840470588235294,0.36278235294117644,0.3636264705882353,0.36928529411764704,0.3892926470588235,0.40365294117647055,0.4467397058823529,0.4462191176470588,0.43779852941176467,0.46261617647058817,0.5550205882352941,0.6101647058823528,0.5768220588235293,0.548875,0.4866132352941176,0.47446911764705885,0.4905999999999999,0.4943264705882352,0.4700338235294117,0.5186544117647058,0.5594073529411764,0.5936897058823529,0.6419852941176469,0.5528411764705882,0.5508911764705882,0.4901882352941176,0.4655176470588235,0.44462352941176464,0.45256029411764703,0.4996632352941176,0.5800544117647058,0.5882294117647058,0.4784264705882353,0.4591411764705882,0.47357941176470586,0.4841808823529412,0.5037867647058822,0.5694308823529411,0.5568176470588234,0.5288323529411765,0.5720382352941176,0.5802264705882352,0.5179485294117647,0.4919720588235294,0.529310294117647,0.6128220588235294,0.5760985294117646,0.5698691176470588,0.6091088235294116,0.5563779411764704,0.528585294117647,0.4352176470588235,0.44537352941176467,0.43023529411764705,0.4561147058823529,0.5075661764705882,0.5118044117647058,0.4226147058823529,0.4320617647058823,0.442810294117647,0.43409411764705874,0.4332661764705882,0.43250588235294113,0.4991308823529412,0.5358426470588235,0.6026470588235293,0.6488632352941175,0.6060294117647059,0.6422838235294116,0.5733588235294117,0.5182249999999999,0.5444455882352941
0.591575,0.5206779411764706,0.5635397058823529,0.5483573529411765,0.4394441176470588,0.4123676470588235,0.36381029411764704,0.3343455882352941,0.2883191176470588,0.33917647058823525,0.3670897058823529,0.37420735294117646,0.3828220588235293,0.4646308823529411,0.5680411764705882,0.5443323529411764,0.5927382352941176,0.6279588235294118,0.526745588235294,0.6363352941176469,0.5866338235294117,0.5422073529411764,0.5879308823529411,0.5663617647058823,0.4962676470588235,0.4620411764705882,0.39389117647058824,0.3747794117647058,0.3585529411764705,0.36222941176470586,0.3681985294117647,0.4508338235294117,0.4183529411764706,0.4271588235294117,0.4351147058823529,0.44438088235294115,0.4671808823529411,0.5337147058823529,0.6099338235294117,0.5773088235294117,0.5541941176470587,0.5552176470588235,0.49555,0.48082941176470584,0.46211764705882347,0.4909323529411764,0.5585735294117646,0.5867735294117646,0.5892499999999999,0.5519749999999999,0.5682558823529411,0.5727294117647058,0.5015102941176469,0.5263294117647058,0.4330897058823529,0.4924897058823529,0.5124147058823529,0.6076794117647059,0.5645558823529411,0.4895397058823529,0.48851617647058815,0.48070735294117645,0.4940397058823529,0.49645441176470584,0.546985294117647,0.5591558823529411,0.6088941176470588,0.6785014705882352,0.5643367647058822,0.49222647058823515,0.4966235294117647,0.5630014705882352,0.5596279411764705,0.5967573529411764,0.6318029411764705,0.5420735294117646,0.5182455882352941,0.500170588235294,0.4255294117647059,0.43553970588235286,0.41124999999999995,0.4790279411764705,0.5133073529411765,0.488585294117647,0.43866029411764706,0.4642808823529412,0.45950588235294115,0.4241161764705882,0.40814852941176466,0.47014999999999996,0.5880411764705882,0.5715294117647058,0.587170588235294,0.5694279411764706,0.567935294117647,0.633160294117647,0.6280426470588235,0.6072397058823529,0.5563073529411764
0.48839705882352935,0.6011441176470588,0.5789147058823529,0.5139558823529411,0.4520955882352941,0.4232485294117646,0.36839117647058817,0.34044852941176473,0.3047358823529412,0.34134411764705874,0.3710294117647058,0.39605735294117644,0.38988529411764705,0.4523029411764706,0.5133544117647058,0.5570764705882353,0.6058676470588236,0.609485294117647,0.6676176470588234,0.5390558823529411,0.6473191176470587,0.5488838235294117,0.5468808823529411,0.5599279411764705,0.5170205882352941,0.47390882352941166,0.4035117647058823,0.38633529411764705,0.3645235294117647,0.3719367647058823,0.37425882352941175,0.40076911764705875,0.3903441176470588,0.4733970588235294,0.4800279411764706,0.46417058823529406,0.49732058823529407,0.554664705882353,0.6471147058823529,0.6764014705882352,0.5189588235294118,0.528085294117647,0.47203382352941176,0.5137058823529411,0.4946764705882353,0.4849058823529411,0.5321176470588235,0.5754264705882352,0.6162691176470588,0.6051235294117646,0.5965132352941177,0.5370676470588234,0.5414426470588234,0.4668632352941176,0.4803941176470588,0.4837764705882352,0.5161691176470588,0.5677955882352941,0.5290970588235293,0.5461838235294116,0.4654323529411764,0.48398970588235285,0.4872294117647058,0.46147352941176467,0.5633558823529411,0.5937294117647057,0.5567191176470587,0.5993970588235294,0.6651514705882353,0.48525441176470585,0.5181117647058823,0.6012455882352941,0.5526117647058824,0.6518220588235293,0.6238691176470588,0.6038235294117646,0.5157117647058823,0.5177838235294117,0.44989705882352937,0.4349779411764705,0.4215485294117647,0.4653264705882353,0.44653088235294114,0.497610294117647,0.4418161764705882,0.44417647058823523,0.42499999999999993,0.4874661764705882,0.4132323529411765,0.46109558823529406,0.5182676470588234,0.5563529411764705,0.5758529411764706,0.6234029411764705,0.6050147058823528,0.6489058823529411,0.6307235294117647,0.5100764705882352,0.5362764705882352
0.5074058823529412,0.6224720588235293,0.583105882352941,0.5585088235294117,0.4691073529411765,0.41041911764705874,0.36767352941176473,0.3331485294117647,0.3250367647058824,0.34691323529411755,0.3740558823529411,0.3763264705882353,0.38747794117647055,0.4301720588235293,0.510375,0.49812499999999993,0.6134367647058823,0.600475,0.6252397058823528,0.5991279411764705,0.6054382352941176,0.569145588235294,0.5724132352941176,0.5444220588235293,0.5681794117647059,0.47921911764705877,0.39884705882352933,0.3777235294117647,0.36647941176470583,0.3604735294117647,0.39115441176470583,0.41685294117647054,0.43177647058823526,0.41336911764705875,0.45693235294117646,0.47623823529411763,0.48017058823529407,0.5413661764705882,0.6205808823529411,0.588595588235294,0.5504088235294117,0.5239911764705881,0.48540441176470583,0.4753617647058823,0.46457499999999996,0.4966588235294117,0.4932132352941176,0.555995588235294,0.6168397058823529,0.6086264705882352,0.5639617647058822,0.5190044117647058,0.5715294117647058,0.4657632352941176,0.4836661764705882,0.508835294117647,0.515610294117647,0.5310279411764705,0.6429838235294116,0.5200573529411764,0.5055220588235293,0.44789852941176467,0.46814852941176466,0.4845073529411764,0.5624044117647058,0.5977544117647058,0.658980882352941,0.5564205882352941,0.5487426470588235,0.5407867647058823,0.5409191176470588,0.533845588235294,0.5670808823529411,0.5456264705882352,0.6100352941176469,0.5532544117647058,0.564860294117647,0.49295735294117643,0.4209558823529411,0.45356617647058817,0.4398911764705882,0.4739294117647058,0.5080779411764705,0.5307617647058823,0.4529191176470588,0.4313367647058823,0.45797794117647056,0.4346691176470588,0.4651558823529411,0.4322691176470587,0.5169926470588235,0.5501676470588235,0.5852235294117646,0.5772588235294117,0.5944544117647057,0.6119573529411765,0.6295132352941175,0.5946705882352941,0.5324544117647058
0.5831470588235294,0.562435294117647,0.5908691176470587,0.5726588235294117,0.44035294117647056,0.4088205882352941,0.35693676470588237,0.34081764705882356,0.3273205882352941,0.3469514705882353,0.37200882352941167,0.37223823529411765,0.38530441176470587,0.4336264705882353,0.533720588235294,0.5493294117647057,0.6098808823529411,0.6642735294117647,0.6179044117647059,0.6209735294117646,0.585485294117647,0.5841588235294117,0.5375720588235294,0.539295588235294,0.5301632352941176,0.46905294117647056,0.41776176470588233,0.3915088235294117,0.36156323529411766,0.3650279411764706,0.3711044117647058,0.4190647058823529,0.3943426470588235,0.4173411764705882,0.4472058823529412,0.4633117647058823,0.45740147058823527,0.5726691176470587,0.6225044117647058,0.6636897058823529,0.5457926470588235,0.49281764705882347,0.4542941176470588,0.4532014705882352,0.4679970588235294,0.47357941176470586,0.490185294117647,0.5811852941176471,0.6307882352941176,0.5600882352941177,0.5900573529411764,0.6230235294117646,0.5421999999999999,0.4109264705882352,0.4478382352941176,0.4214720588235294,0.5450220588235294,0.6145338235294117,0.5651455882352941,0.5019088235294117,0.45760882352941173,0.4699264705882352,0.5259999999999999,0.4728235294117647,0.5588191176470588,0.5868470588235294,0.5427823529411764,0.6327514705882352,0.5409088235294117,0.49899411764705875,0.5029338235294117,0.5755088235294117,0.6148897058823529,0.6282338235294117,0.5606044117647058,0.5611764705882352,0.5376779411764705,0.5138661764705882,0.4433088235294117,0.4263985294117647,0.42288088235294113,0.4347161764705882,0.5017191176470588,0.4737985294117647,0.4659882352941176,0.4416102941176471,0.4624279411764705,0.45253382352941174,0.44359999999999994,0.5076720588235293,0.4966514705882352,0.5045367647058824,0.55795,0.5517544117647057,0.6261632352941175,0.6149544117647058,0.5818249999999999,0.5140632352941176,0.518895588235294
0.5192073529411764,0.6055411764705881,0.5999249999999999,0.5495161764705881,0.447060294117647,0.3902955882352941,0.36153235294117647,0.32300588235294114,0.3247735294117647,0.3595882352941176,0.3690632352941176,0.3856897058823529,0.38232647058823527,0.42727794117647055,0.47682647058823524,0.5831132352941175,0.6044014705882352,0.669805882352941,0.613725,0.5002529411764706,0.5571794117647059,0.5956058823529411,0.5702029411764706,0.5189617647058823,0.5233455882352941,0.4740088235294117,0.40029999999999993,0.38997941176470585,0.36745441176470583,0.35665147058823526,0.36389705882352935,0.42817794117647057,0.402575,0.43998529411764703,0.43962058823529404,0.46362647058823525,0.48733823529411757,0.5297323529411765,0.5181647058823529,0.6228838235294116,0.567764705882353,0.4990485294117647,0.46079264705882356,0.49680882352941175,0.4619779411764705,0.5215014705882353,0.5058970588235294,0.5772382352941177,0.6686014705882353,0.6228514705882353,0.581010294117647,0.5178617647058823,0.5103147058823528,0.5030323529411763,0.4037676470588235,0.44938382352941175,0.5978794117647058,0.6023426470588235,0.6016191176470589,0.5026529411764705,0.44591617647058823,0.44712499999999994,0.4936926470588235,0.5051676470588234,0.536275,0.5525426470588235,0.6033867647058824,0.5626058823529412,0.5586279411764705,0.5238632352941176,0.5375132352941175,0.5799102941176469,0.666925,0.6451191176470589,0.56795,0.5357823529411764,0.5299044117647058,0.48875147058823526,0.43114411764705873,0.4377470588235294,0.44764264705882345,0.4692823529411764,0.5184588235294117,0.46598529411764705,0.4371882352941176,0.4618529411764705,0.4608029411764706,0.44193676470588233,0.43884705882352937,0.45840588235294116,0.5382323529411764,0.5598441176470588,0.5760485294117647,0.6030294117647058,0.5875485294117646,0.6064838235294117,0.5915397058823529,0.5737764705882352,0.62135
0.6554999999999999,0.5688323529411764,0.6257867647058822,0.5064279411764706,0.4147411764705882,0.40507058823529407,0.3657220588235294,0.32854999999999995,0.31229294117647055,0.3278794117647058,0.3784294117647058,0.38279411764705873,0.39176764705882344,0.42769999999999997,0.5127470588235293,0.5899323529411764,0.654760294117647,0.5757102941176471,0.6148102941176471,0.5993647058823529,0.5797735294117646,0.5527691176470587,0.6472632352941174,0.5739294117647058,0.5416867647058823,0.46198235294117634,0.4343926470588235,0.3752808823529412,0.35867794117647056,0.35824705882352936,0.3795455882352941,0.3926588235294117,0.41758235294117635,0.4334926470588235,0.4290838235294117,0.4751426470588235,0.48067205882352937,0.5891485294117647,0.5957117647058823,0.5860926470588235,0.5014617647058822,0.5235985294117647,0.46810441176470585,0.516835294117647,0.46811470588235293,0.4556132352941176,0.5545970588235293,0.5408558823529411,0.6031014705882353,0.5786426470588234,0.5931161764705882,0.5142808823529411,0.5140867647058823,0.4756029411764705,0.44948235294117644,0.46386029411764707,0.5252941176470588,0.6037102941176471,0.5465602941176471,0.49365588235294117,0.4341088235294117,0.49354411764705874,0.473635294117647,0.4926455882352941,0.5101941176470587,0.5907441176470587,0.6498852941176471,0.5570691176470588,0.44771176470588225,0.49373529411764705,0.49461470588235285,0.5885720588235294,0.6291279411764704,0.668485294117647,0.6337588235294117,0.5770455882352941,0.5268911764705883,0.48734999999999995,0.4149691176470588,0.4367794117647058,0.4302235294117646,0.4835161764705882,0.47612941176470586,0.48638382352941173,0.4715220588235294,0.44047058823529406,0.4131411764705882,0.42947794117647053,0.4352955882352941,0.4285588235294117,0.5358529411764705,0.5582323529411765,0.6112397058823529,0.640475,0.590714705882353,0.6276352941176471,0.5857117647058823,0.5654558823529412,0.5265705882352941
0.6408823529411765,0.5801749999999999,0.5663632352941177,0.5220823529411764,0.43868970588235284,0.42373529411764704,0.36074264705882353,0.33693382352941176,0.32365882352941167,0.3426426470588235,0.37781911764705883,0.39560294117647055,0.38163823529411756,0.4244426470588235,0.5088147058823529,0.5610485294117646,0.5988676470588234,0.5820455882352941,0.6259264705882351,0.6398205882352941,0.5617411764705882,0.5492632352941176,0.5633029411764706,0.5438720588235293,0.5114411764705882,0.480475,0.41123529411764703,0.37468382352941176,0.3607617647058823,0.3676220588235294,0.3750676470588235,0.41514558823529407,0.41006911764705883,0.40605735294117645,0.4673411764705882,0.4845999999999999,0.5123191176470587,0.5872808823529412,0.5851838235294118,0.5772764705882353,0.5740441176470588,0.4648647058823529,0.4545205882352941,0.5021602941176471,0.475925,0.5725073529411764,0.49798235294117643,0.5613970588235293,0.6032294117647058,0.5787602941176471,0.5897544117647058,0.5470117647058823,0.5262338235294117,0.491975,0.49135147058823525,0.4786382352941176,0.5854882352941176,0.593210294117647,0.5322823529411764,0.5353426470588235,0.44881617647058814,0.44301617647058816,0.4784441176470588,0.45608382352941174,0.5311485294117647,0.5461147058823529,0.5511794117647059,0.5573705882352941,0.6096338235294116,0.5597794117647058,0.5007470588235293,0.582260294117647,0.5691529411764705,0.601820588235294,0.5528941176470588,0.5424058823529412,0.5379705882352941,0.49892499999999995,0.4380308823529411,0.4201588235294117,0.44398088235294114,0.4395044117647058,0.48868088235294116,0.5265882352941176,0.3945558823529411,0.4308161764705882,0.46449852941176467,0.45144705882352937,0.43459117647058815,0.4919411764705882,0.5082661764705881,0.5039411764705882,0.524360294117647,0.5647029411764706,0.5474514705882352,0.5511191176470588,0.569280882352941,0.583870588235294,0.5612073529411764
0.6015352941176471,0.6212941176470588,0.5447220588235293,0.5505338235294117,0.4343176470588235,0.40061470588235293,0.3534426470588235,0.33118088235294113,0.34315147058823525,0.3478323529411765,0.3740044117647059,0.3833191176470588,0.37782205882352937,0.449610294117647,0.46369852941176465,0.562335294117647,0.5923161764705881,0.5795470588235294,0.5892161764705881,0.6532441176470587,0.594435294117647,0.5841647058823528,0.5992808823529412,0.5598544117647059,0.5344338235294117,0.47662941176470586,0.37980441176470586,0.3819441176470588,0.3527,0.36477058823529407,0.36906029411764707,0.3934132352941176,0.4140985294117647,0.42578088235294115,0.44061470588235285,0.4508999999999999,0.5076808823529412,0.47733088235294113,0.5454867647058823,0.5995588235294117,0.5167279411764705,0.5389911764705881,0.43518970588235295,0.49088382352941173,0.45762794117647054,0.45788823529411765,0.5419088235294117,0.5293911764705882,0.5643132352941176,0.6075441176470587,0.5911573529411764,0.5371338235294117,0.5521426470588234,0.43495735294117643,0.4749514705882352,0.4892867647058823,0.5248441176470587,0.5392088235294117,0.6017235294117647,0.46572647058823524,0.4830323529411764,0.4943367647058823,0.48822941176470586,0.4956941176470588,0.48833088235294114,0.5473838235294117,0.583395588235294,0.517825,0.6029676470588234,0.498110294117647,0.5316632352941176,0.5379426470588234,0.555435294117647,0.5786926470588235,0.5836117647058823,0.5600647058823529,0.532395588235294,0.4885279411764705,0.49224705882352937,0.42615588235294116,0.410595588235294,0.42618823529411765,0.49161617647058825,0.503575,0.42388382352941173,0.4506455882352941,0.4255367647058823,0.47115294117647055,0.4159955882352941,0.45325,0.5473323529411764,0.5387985294117646,0.5752220588235293,0.633775,0.554280882352941,0.5814352941176469,0.6652558823529411,0.5299441176470588,0.5589720588235294
0.5680897058823529,0.5907676470588235,0.5465279411764705,0.5286,0.44671470588235285,0.4301191176470588,0.36533382352941174,0.3338764705882353,0.31964044117647056,0.33635,0.3761794117647058,0.3767264705882352,0.38129117647058824,0.45664411764705876,0.49366911764705873,0.5852426470588235,0.5954544117647058,0.5576294117647058,0.6274147058823529,0.6002382352941176,0.6628161764705881,0.5355823529411764,0.5791588235294117,0.5461647058823529,0.5373838235294117,0.4847470588235294,0.3903499999999999,0.3814279411764705,0.37187647058823525,0.3665308823529411,0.3907029411764706,0.4159867647058823,0.43820882352941176,0.3839294117647058,0.43644852941176465,0.4627147058823529,0.47680588235294113,0.534075,0.5999558823529411,0.6267279411764706,0.5629308823529412,0.4961764705882352,0.45797205882352937,0.47255147058823527,0.4602661764705882,0.4831823529411764,0.49370441176470586,0.5364147058823528,0.5413073529411765,0.611660294117647,0.5477014705882353,0.6304544117647058,0.5298367647058823,0.4784764705882352,0.4343632352941176,0.4441823529411764,0.554739705882353,0.488735294117647,0.5220676470588235,0.5201588235294117,0.49635147058823526,0.4355,0.5029514705882352,0.48161323529411754,0.5594235294117647,0.5673014705882352,0.6069191176470589,0.5647691176470587,0.5755323529411764,0.505525,0.5233985294117647,0.5222382352941176,0.5338705882352941,0.5499117647058823,0.5648,0.5450558823529411,0.5201426470588235,0.5294808823529411,0.4498176470588235,0.4409985294117646,0.4070411764705882,0.4518647058823529,0.4594676470588235,0.4875485294117647,0.42337941176470584,0.4433823529411764,0.4245191176470588,0.44621764705882344,0.4209529411764706,0.43730147058823526,0.5157544117647058,0.5353279411764705,0.5851191176470588,0.5640514705882351,0.609385294117647,0.6474485294117647,0.588585294117647,0.5494691176470587,0.5439661764705882
0.6004367647058823,0.6194970588235293,0.5914882352941176,0.5363073529411764,0.41473676470588233,0.436285294117647,0.3640676470588235,0.34207352941176467,0.32626749999999993,0.3347838235294118,0.3845264705882352,0.3744794117647058,0.38301470588235287,0.42534117647058817,0.5002485294117647,0.5840838235294118,0.5622514705882352,0.5925308823529412,0.5977397058823529,0.6029088235294117,0.6075941176470587,0.5505676470588234,0.6002882352941177,0.5826426470588235,0.5352117647058823,0.4486279411764706,0.4131808823529411,0.373820588235294,0.3535573529411764,0.36592352941176465,0.3806191176470588,0.40254705882352937,0.41365147058823526,0.4381367647058823,0.4232397058823529,0.4483514705882353,0.5057926470588234,0.566755882352941,0.6223382352941175,0.6402911764705882,0.5823544117647058,0.5072161764705881,0.44223823529411765,0.43605735294117637,0.4790470588235294,0.5131749999999999,0.5072117647058824,0.5236470588235295,0.5483617647058823,0.6327882352941177,0.5795823529411764,0.5266647058823528,0.47291617647058826,0.4228970588235294,0.4986411764705882,0.5004588235294117,0.5424926470588235,0.5700338235294118,0.5291161764705882,0.4863867647058823,0.4798808823529411,0.4611088235294117,0.5217897058823528,0.48647352941176464,0.5003661764705882,0.554570588235294,0.6301661764705881,0.627435294117647,0.5389779411764705,0.49269117647058813,0.49820588235294117,0.5453897058823529,0.5811235294117646,0.6062720588235294,0.6168294117647058,0.5913897058823528,0.5227926470588234,0.5108294117647059,0.4613779411764705,0.4427485294117647,0.3955558823529411,0.4392808823529411,0.4780720588235294,0.4690411764705882,0.4573529411764706,0.4492573529411764,0.4395588235294117,0.48378970588235287,0.4251632352941176,0.45793823529411753,0.5318205882352941,0.5373588235294118,0.5579661764705882,0.6615294117647058,0.5338720588235294,0.6622632352941175,0.5949794117647058,0.5869235294117646,0.5480897058823528
0.6051676470588235,0.6025176470588235,0.6232411764705882,0.5120441176470588,0.4073926470588235,0.4057426470588235,0.3586323529411764,0.3415338235294117,0.325275,0.33758382352941174,0.36373676470588234,0.3779794117647059,0.37667058823529403,0.42218529411764705,0.4884044117647059,0.5717249999999999,0.5893617647058823,0.6143749999999999,0.5747264705882352,0.6008411764705882,0.6119117647058823,0.5558088235294116,0.6168220588235294,0.6077823529411764,0.5378794117647059,0.46209705882352936,0.38230294117647057,0.367810294117647,0.36246911764705875,0.3580029411764706,0.38117058823529404,0.4203617647058823,0.4641676470588235,0.437535294117647,0.4382823529411764,0.45870735294117637,0.4699455882352941,0.5304691176470588,0.6434,0.6613485294117646,0.5313249999999999,0.5077279411764706,0.4758117647058823,0.4859029411764706,0.48647499999999994,0.49388970588235287,0.5252794117647058,0.5072647058823528,0.5995220588235294,0.5741529411764705,0.6180014705882353,0.5613294117647059,0.585675,0.42241176470588226,0.4348838235294117,0.5028205882352941,0.5686132352941177,0.5576308823529412,0.6103897058823529,0.5144147058823529,0.5029661764705882,0.44994999999999996,0.4726735294117646,0.4890117647058823,0.5380661764705882,0.5514735294117646,0.6010264705882353,0.579060294117647,0.5151926470588235,0.48537941176470584,0.5268970588235293,0.5713941176470588,0.5738941176470588,0.6392058823529412,0.6387676470588234,0.5628279411764705,0.5612720588235294,0.49340294117647054,0.4312544117647058,0.42335588235294114,0.4358749999999999,0.42833970588235293,0.5194029411764706,0.48754705882352933,0.4227294117647058,0.4488926470588235,0.4183941176470588,0.49243970588235286,0.45499411764705877,0.45760588235294114,0.5331735294117647,0.5636499999999999,0.580985294117647,0.5590147058823529,0.6508308823529412,0.6550544117647058,0.5947088235294117,0.5740014705882353,0.4935294117647058
0.5461397058823529,0.5231529411764706,0.5572926470588235,0.5070941176470588,0.4350823529411765,0.38004852941176465,0.36577352941176466,0.3002167647058823,0.31372544117647055,0.33624264705882356,0.3804132352941176,0.3748308823529411,0.3893411764705882,0.45180588235294117,0.5049044117647058,0.5936558823529411,0.5573323529411764,0.6513411764705882,0.5600867647058823,0.5953161764705881,0.6006294117647057,0.5693647058823528,0.5737676470588235,0.49402941176470583,0.5119132352941176,0.46959117647058823,0.40899117647058814,0.3746426470588235,0.365660294117647,0.3586705882352941,0.3941588235294117,0.4135294117647058,0.40779411764705875,0.43693823529411757,0.4390117647058824,0.4736852941176469,0.46007499999999996,0.5516441176470587,0.6079249999999999,0.6719544117647059,0.5236,0.5208647058823529,0.46566029411764703,0.45133970588235295,0.47589705882352934,0.47483823529411767,0.5047308823529412,0.5492705882352941,0.569989705882353,0.5533014705882353,0.5992132352941176,0.530160294117647,0.524385294117647,0.46692205882352933,0.44878529411764695,0.48155441176470587,0.48975882352941175,0.5092411764705882,0.6230794117647059,0.4764382352941176,0.4690338235294117,0.4658764705882352,0.45867794117647054,0.5082308823529411,0.5176999999999999,0.5996838235294116,0.6444470588235294,0.6222838235294116,0.5608323529411764,0.4992117647058823,0.5367867647058823,0.5705999999999999,0.6184367647058824,0.645770588235294,0.6048485294117647,0.5369970588235293,0.4866941176470588,0.4844955882352941,0.4853617647058823,0.4522088235294118,0.4073044117647058,0.44847058823529407,0.4855088235294117,0.481685294117647,0.406260294117647,0.44745588235294115,0.4297235294117646,0.45554705882352936,0.41013823529411764,0.486885294117647,0.5197779411764705,0.5353323529411764,0.5261720588235294,0.6295147058823529,0.545935294117647,0.6385426470588235,0.6123676470588234,0.5435279411764705,0.6118911764705881
0.5776691176470587,0.5734117647058823,0.6141897058823529,0.5664279411764704,0.44709705882352935,0.416835294117647,0.3534426470588235,0.3347529411764706,0.33511911764705876,0.33593970588235295,0.3631867647058823,0.3971779411764705,0.3864794117647058,0.45879411764705874,0.48624705882352937,0.6350911764705882,0.6517588235294117,0.6047338235294117,0.5735088235294117,0.5423485294117646,0.67355,0.5708161764705881,0.5927926470588235,0.5573147058823529,0.5163897058823529,0.45156617647058817,0.42027352941176466,0.3907838235294117,0.3613808823529412,0.3651014705882352,0.3860941176470588,0.4156220588235293,0.4260264705882353,0.41717647058823526,0.4417044117647058,0.4808838235294117,0.48277499999999995,0.5565749999999999,0.5518720588235294,0.5975529411764704,0.6093764705882353,0.4689764705882353,0.45710441176470584,0.48274411764705877,0.45462499999999995,0.4835632352941176,0.5583823529411763,0.5866647058823529,0.6243749999999999,0.5786544117647058,0.6622249999999998,0.5421205882352941,0.5287485294117646,0.5095617647058823,0.49161176470588225,0.4483926470588235,0.5360176470588235,0.6322455882352941,0.6151779411764705,0.5380014705882352,0.4606132352941176,0.4716147058823528,0.4764323529411764,0.56775,0.5374220588235293,0.5649161764705881,0.5749691176470588,0.6163823529411764,0.5544411764705882,0.4984323529411764,0.444735294117647,0.5882838235294117,0.5817661764705881,0.6083147058823529,0.6029470588235293,0.5148411764705881,0.5516426470588235,0.49923088235294116,0.47372794117647055,0.43215588235294106,0.43936764705882353,0.4347220588235293,0.46163529411764703,0.4891161764705882,0.4112235294117647,0.4297191176470588,0.4219588235294117,0.4683720588235294,0.40920588235294114,0.44748970588235293,0.4650441176470588,0.5777764705882352,0.5525470588235294,0.6057176470588235,0.6297411764705881,0.5774705882352941,0.6314647058823529,0.5699382352941176,0.5382720588235294
0.6197882352941176,0.5192970588235294,0.6193647058823528,0.5873647058823529,0.446985294117647,0.4324117647058823,0.3578897058823529,0.3465941176470588,0.30156588235294113,0.3543514705882352,0.3676867647058823,0.37843529411764704,0.37925441176470587,0.43504999999999994,0.48813235294117646,0.5740544117647058,0.6101235294117646,0.5746823529411764,0.5578485294117647,0.6302338235294117,0.5844632352941176,0.5016676470588235,0.637810294117647,0.5385985294117647,0.5626279411764705,0.47569852941176466,0.3792411764705882,0.3762485294117647,0.3569588235294117,0.3596897058823529,0.4134529411764705,0.41423676470588233,0.4292176470588235,0.41564411764705883,0.45464117647058816,0.46463529411764704,0.4781558823529411,0.5962867647058824,0.6077588235294117,0.6583411764705882,0.5325838235294117,0.5119970588235294,0.48330441176470584,0.44780735294117646,0.4438867647058823,0.47688970588235285,0.5129014705882352,0.5192147058823529,0.6131279411764705,0.5534014705882353,0.5806720588235293,0.5887323529411764,0.5266764705882352,0.49338529411764703,0.4896426470588235,0.4793588235294117,0.5010882352941176,0.5686676470588236,0.5357426470588235,0.477475,0.4935529411764705,0.4721382352941176,0.46992058823529403,0.4943749999999999,0.5346058823529412,0.5670279411764705,0.594335294117647,0.5929088235294117,0.590475,0.5219838235294118,0.4967970588235293,0.5047382352941177,0.608725,0.6032588235294116,0.618310294117647,0.5727088235294118,0.4946264705882352,0.49899705882352935,0.440660294117647,0.4457970588235293,0.43370882352941176,0.4426794117647058,0.4710308823529411,0.5224411764705882,0.4352441176470588,0.43936029411764704,0.4805411764705882,0.4199455882352941,0.4203647058823529,0.4718338235294117,0.4886705882352941,0.48827794117647055,0.5409544117647058,0.636460294117647,0.6355544117647058,0.5518,0.5617735294117646,0.5555558823529411,0.5642485294117646
0.5500808823529411,0.5802279411764705,0.5902161764705881,0.535175,0.4461235294117647,0.4134235294117647,0.3627558823529411,0.3363044117647059,0.3150064705882352,0.3207592647058823,0.37549999999999994,0.38795,0.3929058823529411,0.4355470588235294,0.5228441176470588,0.5674426470588234,0.5943176470588235,0.611216176470588,0.6168088235294117,0.6289970588235293,0.7165367647058823,0.5863205882352941,0.5787588235294117,0.5546749999999999,0.5175735294117646,0.4640308823529411,0.3906147058823529,0.39523676470588237,0.3663132352941176,0.35666176470588234,0.3792,0.40450735294117646,0.4972249999999999,0.4155323529411764,0.4415926470588235,0.47168235294117644,0.4803838235294117,0.5516044117647059,0.5811632352941175,0.6113544117647058,0.5840426470588235,0.5047029411764705,0.4292058823529411,0.46086176470588236,0.47141470588235285,0.4871117647058823,0.49776470588235294,0.6284514705882354,0.6311352941176469,0.5520411764705881,0.6102808823529411,0.54265,0.5069485294117646,0.46161323529411763,0.4236117647058823,0.4956705882352941,0.5124970588235294,0.5386529411764706,0.544595588235294,0.48771470588235294,0.4498573529411764,0.4551632352941176,0.4763367647058823,0.48244411764705875,0.5453999999999999,0.5843911764705882,0.5296191176470588,0.664185294117647,0.5426264705882352,0.5439426470588234,0.5166647058823529,0.573785294117647,0.5947720588235293,0.612995588235294,0.5896838235294117,0.5882191176470587,0.5225338235294117,0.5043558823529412,0.4892999999999999,0.4482558823529411,0.44507499999999994,0.42330441176470585,0.4633705882352941,0.47804558823529403,0.4234558823529412,0.430385294117647,0.425310294117647,0.46811911764705877,0.4404573529411765,0.47482058823529405,0.5023426470588235,0.5699441176470587,0.5186661764705882,0.565210294117647,0.5861397058823529,0.6149235294117648,0.6028338235294116,0.5340191176470588,0.5542941176470588
0.5734485294117646,0.6470838235294117,0.6235058823529411,0.5443044117647058,0.4207588235294117,0.4135941176470588,0.35479558823529406,0.3347382352941176,0.33574117647058815,0.32463058823529406,0.3706235294117647,0.37458676470588226,0.37728970588235294,0.44475735294117646,0.49441911764705876,0.5989911764705882,0.6158764705882352,0.6150102941176471,0.6276617647058823,0.6541779411764705,0.6509161764705882,0.5649397058823529,0.5617514705882353,0.6008499999999999,0.5475279411764705,0.4553499999999999,0.40958823529411764,0.36870294117647057,0.3690441176470588,0.36511911764705873,0.3755602941176471,0.403935294117647,0.4090249999999999,0.4270279411764705,0.4438235294117646,0.4680411764705882,0.5004264705882352,0.5471205882352941,0.6814588235294117,0.5924308823529411,0.5541985294117647,0.507910294117647,0.46439117647058825,0.4687514705882352,0.46735882352941177,0.48092205882352934,0.5066426470588234,0.49662205882352933,0.6010970588235294,0.6102764705882352,0.5490794117647059,0.5807029411764706,0.523980882352941,0.49237794117647055,0.4164529411764705,0.4648058823529411,0.49655588235294107,0.5419838235294118,0.5861294117647058,0.5118544117647058,0.4710705882352941,0.473310294117647,0.4944632352941176,0.4783897058823529,0.5131338235294116,0.5631779411764705,0.5223897058823529,0.599645588235294,0.6122838235294117,0.5438823529411765,0.5099926470588235,0.5476661764705881,0.5270794117647059,0.5995073529411764,0.5919411764705882,0.5652308823529412,0.6110411764705882,0.5061514705882353,0.433110294117647,0.4060941176470588,0.42504852941176463,0.4410926470588235,0.46513970588235287,0.4858676470588234,0.4114382352941176,0.42485441176470584,0.43754852941176464,0.43847499999999995,0.4620191176470588,0.4558705882352941,0.51715,0.6026470588235293,0.5700588235294117,0.5591058823529411,0.6048235294117646,0.5564147058823529,0.6641720588235294,0.5492794117647058,0.521025
0.5758632352941175,0.5120382352941176,0.6156205882352941,0.5639632352941176,0.42449705882352934,0.3953014705882353,0.363060294117647,0.3254647058823529,0.3209573529411764,0.3425661764705882,0.3723426470588235,0.3744220588235294,0.3975544117647058,0.4027514705882353,0.5007632352941176,0.6463102941176471,0.6266794117647058,0.6484632352941175,0.6240955882352941,0.5733205882352941,0.5941852941176471,0.5622970588235293,0.541810294117647,0.5480867647058822,0.562145588235294,0.5131720588235293,0.38781911764705884,0.37736176470588234,0.3618661764705882,0.36991029411764703,0.3757867647058823,0.4301147058823529,0.4295294117647058,0.42852205882352934,0.4342426470588234,0.4569,0.46746764705882343,0.5587632352941175,0.5845794117647057,0.6598176470588235,0.5280308823529412,0.47568382352941174,0.4397279411764705,0.45459117647058817,0.4751176470588235,0.49378382352941175,0.5094176470588234,0.5206014705882352,0.6111367647058823,0.6220441176470588,0.5470661764705882,0.5545367647058823,0.5594029411764705,0.48384411764705876,0.4269470588235294,0.49497352941176465,0.526635294117647,0.5455867647058823,0.5875558823529411,0.4920073529411764,0.4453941176470587,0.464335294117647,0.467560294117647,0.48986323529411757,0.5539161764705881,0.5592558823529411,0.5569867647058823,0.5629485294117647,0.5692558823529411,0.4527117647058823,0.44036764705882353,0.5670779411764706,0.6299499999999998,0.5699941176470588,0.6125661764705882,0.5477044117647057,0.5334455882352941,0.5194676470588234,0.4479191176470587,0.4330426470588235,0.43893382352941174,0.4320338235294117,0.5158882352941176,0.5153073529411764,0.4177514705882352,0.4279867647058823,0.42427647058823525,0.4654411764705882,0.48993970588235286,0.47622499999999995,0.5270058823529411,0.5419897058823528,0.6019279411764705,0.6657132352941175,0.6428044117647057,0.6073014705882352,0.608966176470588,0.5653573529411764,0.5844808823529412
0.5452558823529412,0.6299499999999998,0.5464779411764705,0.5551867647058822,0.4520867647058823,0.41295,0.36057205882352933,0.34041029411764706,0.33258823529411763,0.3446323529411764,0.3761323529411764,0.3788911764705882,0.3835897058823529,0.45856029411764704,0.4507882352941176,0.5886411764705882,0.6169970588235293,0.546975,0.5776382352941176,0.6622970588235293,0.5878764705882352,0.5430235294117647,0.621925,0.5693205882352941,0.5006117647058823,0.4491838235294117,0.4335235294117647,0.38491764705882353,0.36707205882352933,0.36529558823529407,0.3727823529411764,0.4311147058823529,0.4069647058823529,0.4135691176470588,0.4607514705882353,0.46217352941176465,0.4643191176470588,0.5685264705882352,0.5621073529411764,0.6558941176470587,0.5644720588235294,0.47812647058823526,0.48550882352941166,0.46560294117647055,0.467035294117647,0.4864794117647059,0.5531044117647058,0.5779191176470587,0.6078441176470588,0.5722808823529412,0.608335294117647,0.5002632352941176,0.5312044117647058,0.5054588235294117,0.4673147058823529,0.5050514705882352,0.5268220588235294,0.5438779411764706,0.5957411764705882,0.5069117647058823,0.4679279411764706,0.47266029411764704,0.479435294117647,0.49483235294117645,0.6005867647058822,0.5898720588235294,0.5819808823529411,0.5766029411764705,0.6267735294117647,0.5279205882352941,0.5461558823529411,0.5528941176470588,0.5472176470588235,0.6073235294117647,0.5856661764705882,0.5586794117647059,0.5678970588235294,0.47464117647058823,0.4542661764705882,0.43704411764705875,0.3890882352941176,0.4429397058823529,0.47987058823529405,0.5234985294117647,0.4109514705882353,0.41918823529411764,0.4335220588235293,0.4374691176470587,0.43692205882352936,0.45145735294117645,0.5298073529411764,0.5588235294117646,0.5585117647058823,0.6298897058823528,0.6503088235294118,0.6608676470588235,0.7130176470588235,0.5444382352941176,0.5496279411764705
0.6196161764705882,0.5321279411764706,0.5705661764705882,0.5451529411764705,0.44453823529411757,0.4074955882352941,0.3651632352941176,0.3420308823529411,0.28631,0.34859117647058824,0.3770029411764706,0.3916941176470588,0.4029735294117646,0.4291455882352941,0.4618720588235294,0.6060235294117646,0.6724426470588235,0.6701338235294118,0.6161529411764706,0.6008573529411764,0.602070588235294,0.5426249999999999,0.6419485294117646,0.5451161764705882,0.5493867647058823,0.4856926470588234,0.415885294117647,0.3964499999999999,0.3616676470588235,0.3741294117647059,0.37142499999999995,0.3922544117647058,0.3933985294117647,0.39821911764705875,0.45259999999999995,0.4457720588235294,0.4491720588235294,0.5818102941176471,0.568585294117647,0.5788161764705881,0.5423338235294117,0.5313926470588235,0.47930735294117643,0.46084264705882344,0.45909999999999995,0.4964558823529411,0.5166205882352941,0.6017514705882353,0.5610470588235293,0.5916632352941177,0.6507485294117646,0.5385455882352941,0.5404647058823528,0.47662941176470586,0.5162897058823529,0.4818955882352941,0.50755,0.5563308823529411,0.6015588235294117,0.4925029411764706,0.45605294117647055,0.4678779411764705,0.45245735294117645,0.48575735294117645,0.5327661764705882,0.6135411764705883,0.5505176470588234,0.5753220588235294,0.592920588235294,0.5018323529411765,0.49029264705882347,0.5320470588235293,0.5900514705882351,0.5981779411764705,0.5491220588235294,0.5798838235294117,0.549345588235294,0.5012470588235294,0.47172205882352936,0.4655735294117646,0.42239411764705875,0.4114044117647059,0.5832735294117647,0.497345588235294,0.43628676470588235,0.4594705882352941,0.44142941176470585,0.4618235294117647,0.43834558823529407,0.48399705882352934,0.5650808823529412,0.5266426470588235,0.5637191176470587,0.6725941176470587,0.558460294117647,0.5910558823529412,0.5374735294117646,0.5324897058823529,0.5532235294117647
0.550385294117647,0.5899441176470587,0.5671088235294117,0.5246014705882353,0.5079132352941176,0.4489088235294117,0.35399705882352933,0.33563088235294114,0.319920294117647,0.3387897058823529,0.36996617647058816,0.3759897058823529,0.38248235294117644,0.4098941176470588,0.5000249999999999,0.5386985294117647,0.593764705882353,0.5960264705882352,0.5732147058823528,0.5503735294117647,0.6358897058823528,0.5503220588235294,0.5699073529411763,0.5505808823529411,0.5336014705882353,0.4756205882352941,0.39278382352941177,0.38412205882352934,0.365435294117647,0.36954264705882345,0.373285294117647,0.41820441176470585,0.40663676470588234,0.43186029411764704,0.44363382352941166,0.42941176470588227,0.4729985294117647,0.5454720588235293,0.5392573529411764,0.5707455882352941,0.5985191176470588,0.501120588235294,0.45179705882352933,0.4785926470588235,0.47009117647058823,0.4859617647058823,0.5246823529411764,0.5543661764705882,0.5402058823529411,0.6357617647058824,0.5509235294117646,0.5377470588235294,0.5385632352941176,0.3961088235294117,0.4865955882352941,0.4844955882352941,0.5159308823529412,0.5694647058823529,0.5836970588235293,0.5235485294117647,0.4473691176470588,0.4533235294117647,0.4979044117647058,0.48879117647058823,0.5380088235294117,0.5786955882352941,0.5807691176470587,0.5565426470588235,0.5322485294117646,0.5157220588235293,0.4820264705882352,0.5649411764705882,0.6160514705882352,0.6104588235294118,0.650585294117647,0.5928632352941177,0.5316249999999999,0.5200411764705881,0.43579705882352937,0.4588970588235293,0.39364117647058816,0.433260294117647,0.5045044117647058,0.5000044117647059,0.4451676470588235,0.4528220588235294,0.4443073529411764,0.4474985294117646,0.43550294117647054,0.45202647058823525,0.5129382352941175,0.5699985294117647,0.5726470588235294,0.5831014705882352,0.6417941176470588,0.6871911764705882,0.6673794117647059,0.602630882352941,0.5250397058823528
0.5919955882352941,0.5941911764705882,0.5332867647058823,0.5141367647058823,0.44817499999999993,0.42001764705882344,0.36036029411764703,0.32206176470588227,0.301612794117647,0.3200564705882352,0.35480294117647054,0.3838529411764705,0.3831779411764705,0.4643632352941176,0.5154735294117646,0.5963323529411764,0.594480882352941,0.6162749999999999,0.5707279411764705,0.6057044117647059,0.5893558823529411,0.6517882352941176,0.574485294117647,0.5178720588235294,0.5419882352941175,0.48242794117647053,0.38083676470588235,0.37287794117647055,0.3590455882352941,0.36386911764705876,0.3813323529411765,0.40532499999999994,0.4136411764705882,0.4259455882352941,0.45148529411764704,0.43644705882352935,0.48501617647058826,0.5886485294117647,0.5898617647058823,0.5636249999999999,0.5722808823529412,0.5078897058823529,0.4603088235294117,0.4889308823529411,0.4522441176470588,0.5396044117647059,0.534925,0.5579764705882352,0.5490573529411763,0.5682911764705882,0.5899117647058824,0.5546029411764706,0.5329161764705882,0.4456470588235294,0.4138132352941176,0.48763382352941176,0.5517573529411764,0.6370955882352941,0.5966573529411764,0.5197058823529411,0.507214705882353,0.4434455882352941,0.46637499999999993,0.5056779411764705,0.5292823529411764,0.5171514705882353,0.5901911764705882,0.6064426470588236,0.5413985294117646,0.5044220588235293,0.4779264705882353,0.5266058823529411,0.549225,0.5681264705882353,0.6101220588235294,0.5379279411764706,0.4867661764705882,0.5000029411764705,0.44080882352941175,0.44046176470588233,0.4146058823529411,0.42737794117647054,0.4819735294117647,0.49231764705882347,0.43628235294117645,0.44414411764705874,0.44215882352941177,0.479435294117647,0.44006323529411756,0.4544323529411764,0.5101176470588235,0.6126852941176469,0.5594617647058823,0.6782470588235294,0.5115941176470588,0.5864985294117646,0.5860426470588235,0.5583147058823529,0.546195588235294
0.5515661764705881,0.6146617647058822,0.5849970588235294,0.5368176470588235,0.4482205882352941,0.391175,0.36047205882352934,0.33337058823529403,0.32444852941176466,0.34645441176470587,0.3735308823529411,0.36486323529411757,0.38085735294117645,0.4623823529411764,0.46647500000000003,0.5759720588235294,0.6238588235294117,0.6002117647058822,0.5528897058823529,0.6332044117647058,0.5765941176470588,0.524945588235294,0.5360838235294116,0.546160294117647,0.5134970588235294,0.4662014705882352,0.42363382352941176,0.38914999999999994,0.3663485294117647,0.36270882352941175,0.3776941176470588,0.42638529411764703,0.40149999999999997,0.3952161764705882,0.43751617647058816,0.4781882352941176,0.5209691176470588,0.553420588235294,0.5818441176470587,0.5695323529411764,0.5457514705882353,0.49599264705882345,0.45777499999999993,0.47207499999999997,0.46282647058823523,0.4916279411764705,0.5059529411764705,0.5432426470588234,0.655185294117647,0.520525,0.5585382352941175,0.5382941176470588,0.4825955882352941,0.4648235294117647,0.4559205882352941,0.47123088235294114,0.5531794117647058,0.5757558823529412,0.5455294117647058,0.49680147058823526,0.4800382352941176,0.454860294117647,0.48864117647058813,0.5133735294117647,0.6365794117647058,0.5997397058823528,0.5764102941176471,0.6181779411764704,0.6379220588235293,0.5056235294117647,0.5194823529411764,0.555345588235294,0.5599397058823529,0.6111264705882352,0.5847617647058823,0.5980352941176471,0.5114,0.47110294117647056,0.4528926470588235,0.4135220588235294,0.41319411764705877,0.4605147058823529,0.48889558823529405,0.46132352941176463,0.4365058823529411,0.42720294117647056,0.43266029411764706,0.4312338235294117,0.44446029411764704,0.46051323529411764,0.5065911764705882,0.5646161764705881,0.5467691176470587,0.5813544117647058,0.6294529411764704,0.5917897058823528,0.5470691176470587,0.5218897058823528,0.560160294117647
0.5818088235294117,0.6073911764705882,0.5645397058823529,0.5146647058823529,0.41038823529411755,0.3933529411764705,0.35915441176470586,0.3266938235294117,0.3333338235294117,0.3344073529411764,0.3699720588235294,0.3879897058823529,0.3725794117647059,0.4026191176470587,0.5127985294117646,0.5537676470588235,0.5629647058823528,0.564025,0.6127470588235294,0.6076220588235294,0.5912191176470588,0.5374,0.5689294117647058,0.5193573529411764,0.4688661764705882,0.4592926470588235,0.39365441176470584,0.38407352941176465,0.3668176470588235,0.36668235294117646,0.3694441176470588,0.41117941176470585,0.4316294117647059,0.4231323529411764,0.43750882352941173,0.47120882352941174,0.5125235294117647,0.5096411764705882,0.5993661764705881,0.5757529411764705,0.559475,0.5037397058823528,0.4871691176470587,0.49634558823529407,0.46525147058823524,0.48078382352941174,0.5017044117647058,0.5429499999999999,0.5507779411764705,0.5402735294117647,0.5819573529411765,0.5274558823529412,0.5829882352941176,0.4907588235294117,0.4391441176470588,0.4285764705882352,0.4361720588235294,0.5080661764705882,0.5703220588235294,0.5157367647058824,0.4543676470588235,0.46238382352941176,0.48274411764705877,0.5061397058823529,0.5497911764705882,0.5256132352941175,0.6310676470588235,0.6172514705882353,0.5448117647058823,0.5109529411764705,0.4942897058823529,0.5703470588235293,0.5839882352941176,0.4997485294117647,0.5436573529411765,0.6224867647058824,0.5140514705882353,0.5464235294117646,0.44642794117647056,0.448110294117647,0.4101426470588235,0.4397044117647058,0.4940573529411764,0.47342499999999993,0.41393676470588237,0.46973235294117643,0.4418014705882352,0.4422176470588235,0.4092205882352941,0.4695088235294117,0.5339191176470588,0.5153029411764706,0.5654735294117647,0.5382764705882352,0.6561382352941175,0.6834897058823529,0.6594632352941174,0.6021441176470587,0.6047808823529411
0.5894882352941175,0.5952514705882352,0.5790411764705882,0.5672235294117647,0.44038235294117645,0.3954147058823529,0.35507941176470587,0.32934941176470584,0.32590882352941175,0.3432676470588235,0.38138529411764704,0.3773441176470588,0.3856705882352941,0.45457205882352936,0.5158882352941176,0.592160294117647,0.5243676470588234,0.6002235294117647,0.6192529411764705,0.6258779411764704,0.587935294117647,0.5299617647058823,0.6064397058823529,0.5552058823529412,0.48760441176470587,0.4984838235294117,0.4064485294117646,0.402410294117647,0.3523264705882352,0.3690058823529412,0.36586764705882346,0.42502058823529404,0.4163838235294117,0.3950632352941176,0.4352691176470588,0.4848058823529411,0.4881220588235294,0.6197382352941176,0.5931014705882351,0.6237647058823529,0.5917058823529411,0.5196367647058823,0.4769617647058823,0.4731926470588235,0.47986764705882345,0.4884147058823529,0.5088117647058823,0.5288529411764705,0.6292926470588235,0.6450088235294118,0.6440573529411765,0.4876705882352941,0.5311588235294118,0.4766176470588235,0.4345367647058823,0.4860661764705882,0.5142897058823529,0.5529867647058823,0.5557764705882352,0.534720588235294,0.4872794117647059,0.4376691176470588,0.48350735294117636,0.4773676470588235,0.5256970588235294,0.5315132352941175,0.5535191176470587,0.6999573529411764,0.5480323529411764,0.46969264705882346,0.5149558823529411,0.5451411764705881,0.6647588235294117,0.6231411764705881,0.5608867647058823,0.59165,0.5048308823529412,0.5159794117647059,0.4397911764705882,0.4039426470588235,0.4330573529411765,0.4404441176470588,0.46523970588235297,0.481025,0.4391191176470588,0.4197147058823529,0.4234485294117647,0.4461426470588235,0.41182058823529405,0.47871911764705877,0.5460573529411764,0.5212691176470587,0.6058058823529412,0.6057720588235294,0.6489632352941176,0.5620294117647059,0.5777367647058823,0.5438999999999999,0.589910294117647
0.5781338235294117,0.6483426470588235,0.5514911764705882,0.5720338235294117,0.45997647058823526,0.4100514705882353,0.3721882352941176,0.3406970588235294,0.3017811764705882,0.3432441176470588,0.3611470588235294,0.3726397058823529,0.38779411764705873,0.4237338235294117,0.4847632352941176,0.6154985294117646,0.6117544117647058,0.6721235294117646,0.6568264705882352,0.668920588235294,0.6054191176470587,0.6169058823529411,0.5643411764705881,0.5802117647058822,0.5007720588235294,0.47892499999999993,0.4222514705882353,0.3788882352941176,0.35228529411764703,0.3656294117647058,0.3654661764705882,0.40218088235294114,0.4293573529411764,0.41748676470588236,0.45173529411764696,0.5037676470588235,0.4773338235294117,0.5229235294117647,0.5586161764705881,0.6299470588235294,0.5630926470588236,0.4907249999999999,0.45819999999999994,0.4734764705882353,0.46899264705882343,0.4721088235294117,0.4944558823529412,0.5458941176470588,0.5908911764705882,0.5963499999999999,0.5925470588235294,0.6014426470588234,0.48740147058823524,0.407510294117647,0.43640294117647055,0.4311264705882352,0.5646323529411764,0.6571044117647058,0.5764338235294117,0.4870794117647058,0.4249088235294117,0.47927499999999995,0.4873485294117647,0.505025,0.5154161764705882,0.5977220588235294,0.6042044117647059,0.6270441176470587,0.5908999999999999,0.500610294117647,0.5148117647058823,0.49875441176470586,0.6119749999999999,0.6005382352941175,0.6197558823529411,0.6115647058823529,0.5233485294117647,0.5288897058823528,0.46893529411764706,0.4372382352941176,0.4436058823529411,0.43318529411764706,0.5020573529411765,0.49978676470588235,0.4687544117647058,0.4464573529411764,0.4496088235294117,0.4246911764705882,0.4382044117647058,0.4698088235294117,0.50125,0.5743764705882353,0.6552176470588235,0.5661823529411764,0.627785294117647,0.6583823529411764,0.6542926470588234,0.5569617647058823,0.5874205882352941
0.5497602941176469,0.5902867647058823,0.5852573529411764,0.5306058823529411,0.4315985294117647,0.4085838235294117,0.35294999999999993,0.3377867647058823,0.3107504411764705,0.34322941176470584,0.36853970588235296,0.3754926470588235,0.3666647058823529,0.3927323529411765,0.5014705882352941,0.5328088235294117,0.6596029411764706,0.6724191176470588,0.5740470588235294,0.5930955882352941,0.523435294117647,0.628160294117647,0.5362632352941176,0.5243955882352941,0.49368970588235295,0.4741367647058823,0.4044470588235293,0.38805441176470584,0.35880735294117644,0.366660294117647,0.3807676470588235,0.4361705882352941,0.413975,0.417525,0.44553382352941173,0.4803749999999999,0.46784411764705874,0.5006382352941176,0.5773911764705882,0.6094279411764705,0.5232117647058823,0.56065,0.5254867647058823,0.46361176470588233,0.45259999999999995,0.4781838235294117,0.5477955882352941,0.6058617647058823,0.5975779411764706,0.5832073529411764,0.5501338235294118,0.5557602941176469,0.5237441176470589,0.4422779411764705,0.4680499999999999,0.4591955882352941,0.52105,0.659510294117647,0.5381676470588235,0.538485294117647,0.44756617647058816,0.45297941176470585,0.49101911764705874,0.5151397058823529,0.5862779411764706,0.5738779411764706,0.6194161764705882,0.6591955882352941,0.6058161764705882,0.5084749999999999,0.49352794117647053,0.5803294117647058,0.6656,0.5769235294117646,0.6837411764705882,0.6261970588235294,0.5317647058823529,0.49787794117647055,0.429660294117647,0.4338867647058823,0.432085294117647,0.5032529411764706,0.5311,0.4875308823529411,0.44237941176470585,0.4036691176470588,0.44694705882352936,0.4582544117647058,0.4291044117647058,0.46122205882352935,0.5753764705882353,0.5318529411764705,0.5822808823529411,0.5818588235294118,0.6131117647058822,0.5847558823529411,0.6231308823529411,0.5426897058823529,0.5597029411764706
0.5881794117647059,0.5803382352941175,0.5786661764705882,0.49305735294117636,0.4513014705882353,0.4023308823529412,0.3615382352941176,0.34496176470588236,0.32687499999999997,0.3453411764705882,0.3682147058823529,0.3843014705882352,0.39205147058823525,0.4715882352941176,0.4844588235294117,0.6246441176470587,0.5938382352941176,0.6540014705882352,0.6195279411764705,0.6510323529411763,0.6255485294117646,0.5586573529411764,0.5754073529411764,0.5126764705882353,0.5383676470588235,0.46561029411764704,0.40504999999999997,0.3873838235294117,0.3555455882352941,0.36240147058823524,0.37375294117647057,0.410035294117647,0.4198014705882353,0.41961911764705884,0.46157058823529407,0.45940588235294116,0.4521264705882353,0.5626720588235293,0.5458073529411764,0.6229647058823529,0.5473220588235294,0.546975,0.4493911764705882,0.45170147058823523,0.47224999999999995,0.5547661764705881,0.4889514705882352,0.588970588235294,0.6114073529411763,0.5421044117647058,0.5910720588235293,0.5631279411764706,0.5564426470588234,0.4502323529411765,0.4764985294117647,0.5263029411764706,0.5177338235294118,0.6049485294117646,0.5673764705882353,0.5061514705882353,0.4652911764705882,0.45978088235294107,0.44699999999999995,0.4739338235294117,0.5249294117647058,0.5661676470588235,0.6443058823529412,0.601110294117647,0.5814676470588234,0.5187926470588234,0.5222397058823529,0.5520705882352941,0.5602441176470587,0.540320588235294,0.5789441176470588,0.5474779411764705,0.5729294117647059,0.5000529411764706,0.46872647058823524,0.43317058823529414,0.43521029411764706,0.4315367647058823,0.5068205882352941,0.5625367647058823,0.4423647058823528,0.4430058823529411,0.4546897058823529,0.44998088235294115,0.42881323529411763,0.4613426470588235,0.4977088235294117,0.544495588235294,0.5240558823529411,0.5703720588235293,0.6731941176470588,0.6155426470588234,0.6218823529411763,0.5549514705882352,0.5798117647058824
0.5800411764705882,0.6027441176470588,0.6232411764705882,0.5143705882352941,0.4276073529411764,0.41994852941176464,0.36491323529411757,0.3423617647058823,0.3128066176470588,0.33963823529411763,0.3702411764705882,0.3924691176470588,0.4002735294117647,0.44125882352941176,0.498685294117647,0.551395588235294,0.6095661764705882,0.5865764705882353,0.6399485294117647,0.6246308823529411,0.600860294117647,0.5877544117647059,0.5801676470588235,0.5236911764705882,0.5345985294117647,0.5113735294117646,0.39362499999999995,0.38913529411764697,0.36359411764705873,0.3696132352941176,0.38250147058823525,0.3917970588235294,0.4080911764705882,0.40874264705882346,0.4447264705882353,0.47614117647058823,0.5054029411764706,0.5146470588235293,0.5895455882352941,0.6253249999999999,0.5652941176470587,0.47924264705882347,0.5074147058823529,0.4519911764705882,0.48623823529411764,0.543325,0.5502338235294117,0.6133249999999999,0.5531058823529411,0.5433926470588235,0.5983764705882352,0.6196044117647058,0.45486764705882343,0.4497058823529411,0.47641764705882345,0.47213235294117645,0.5346985294117647,0.6165220588235293,0.5969720588235293,0.5153808823529412,0.4507073529411764,0.44892794117647056,0.46874852941176465,0.4822338235294117,0.5253632352941175,0.5458544117647058,0.6544749999999999,0.5477397058823529,0.5494058823529411,0.5080867647058823,0.505170588235294,0.5501058823529411,0.5737779411764705,0.628595588235294,0.6144220588235293,0.5360558823529411,0.5151161764705882,0.5418735294117646,0.46076764705882345,0.4149691176470588,0.412085294117647,0.4460426470588235,0.46873088235294114,0.48397205882352934,0.4447441176470588,0.4477720588235294,0.42741911764705887,0.45564705882352935,0.4061308823529411,0.4513176470588235,0.47288088235294107,0.5551249999999999,0.5168426470588235,0.5185514705882353,0.6021735294117646,0.608341176470588,0.6068397058823528,0.5572661764705882,0.5645397058823529
0.5948720588235294,0.5557264705882352,0.6179264705882352,0.5357205882352941,0.4615426470588235,0.44057058823529405,0.36298676470588226,0.3371647058823529,0.30956970588235294,0.3468661764705882,0.36916764705882354,0.3772161764705882,0.3816823529411764,0.43814411764705874,0.49628676470588223,0.6074985294117647,0.5891455882352941,0.5346397058823529,0.6061808823529412,0.6201147058823528,0.6036588235294118,0.5800882352941176,0.6070308823529411,0.5437441176470588,0.5255720588235293,0.4621426470588235,0.4088617647058823,0.37080735294117645,0.3712367647058823,0.36278676470588234,0.3767588235294117,0.4238279411764706,0.41088676470588237,0.4174617647058823,0.4340794117647058,0.4583485294117646,0.49170294117647056,0.5425838235294117,0.612110294117647,0.5724955882352941,0.5651985294117646,0.5179941176470587,0.4505838235294118,0.48219852941176466,0.4785529411764705,0.492460294117647,0.4868058823529411,0.5457441176470588,0.5632838235294118,0.5862294117647058,0.6053470588235293,0.5292279411764705,0.4812926470588235,0.4487426470588235,0.42829411764705877,0.5096132352941176,0.5267102941176469,0.5924205882352941,0.5658617647058822,0.5054441176470589,0.4383588235294117,0.45489999999999997,0.5041014705882353,0.4934749999999999,0.5087323529411765,0.5609676470588234,0.5781308823529411,0.5960323529411764,0.5416220588235293,0.5049176470588235,0.4830338235294117,0.6001235294117647,0.5260867647058823,0.6171514705882354,0.627645588235294,0.6079044117647058,0.510070588235294,0.49294264705882346,0.43557794117647053,0.47609117647058824,0.42560735294117635,0.41572499999999996,0.527860294117647,0.49713676470588236,0.4245779411764705,0.452125,0.4464441176470588,0.44759558823529405,0.4471573529411764,0.4346808823529411,0.5494411764705882,0.5608,0.549810294117647,0.5948823529411764,0.5697985294117646,0.5655691176470588,0.562245588235294,0.5256338235294117,0.541325
0.6148279411764705,0.6049176470588234,0.5491176470588235,0.5079764705882353,0.4333558823529411,0.3944911764705882,0.3528691176470588,0.3322338235294118,0.31538441176470583,0.34701470588235295,0.37167205882352944,0.38805147058823525,0.38990882352941175,0.4145867647058823,0.4823514705882352,0.5659867647058823,0.5534970588235294,0.6327926470588235,0.6165088235294117,0.5585661764705883,0.6159588235294118,0.5830632352941176,0.5827191176470587,0.5529088235294117,0.5348249999999999,0.5048588235294117,0.3846647058823529,0.36638382352941173,0.3657897058823529,0.37583088235294115,0.3784970588235294,0.41610735294117646,0.42008382352941165,0.4066661764705882,0.4179529411764706,0.42777205882352937,0.48088970588235286,0.5630985294117646,0.5988014705882352,0.6546999999999998,0.5725441176470588,0.4965941176470588,0.4663617647058823,0.4744397058823529,0.43233529411764693,0.4950705882352941,0.5415941176470588,0.6210691176470586,0.5855926470588234,0.6184617647058823,0.5428941176470587,0.5241558823529411,0.5000941176470588,0.45842499999999997,0.4754044117647058,0.4345029411764706,0.5104764705882352,0.5906897058823528,0.5605720588235293,0.47808235294117646,0.49393970588235286,0.45459558823529406,0.48490735294117643,0.5145176470588235,0.5531691176470588,0.571485294117647,0.6008867647058823,0.617185294117647,0.5897999999999999,0.5180235294117647,0.49864117647058814,0.5262647058823529,0.5860911764705883,0.595535294117647,0.6305999999999999,0.6280941176470588,0.5064544117647058,0.5088970588235293,0.43237205882352936,0.4361838235294117,0.39965588235294114,0.45230882352941176,0.46997941176470587,0.4709147058823529,0.4355955882352941,0.4243426470588235,0.44039999999999996,0.46762794117647055,0.44029558823529413,0.46693088235294117,0.510670588235294,0.515555882352941,0.6056352941176469,0.7037102941176471,0.6597,0.6049220588235292,0.5765705882352941,0.5580882352941176,0.5488147058823528
0.5571794117647059,0.5722735294117647,0.5622617647058823,0.5262470588235293,0.4535867647058823,0.3877264705882353,0.3661794117647059,0.3428808823529412,0.308795294117647,0.3346367647058823,0.3666294117647058,0.38674117647058814,0.38218529411764707,0.42280588235294114,0.5083014705882353,0.5439676470588235,0.5773985294117646,0.540570588235294,0.603060294117647,0.5994044117647058,0.6378838235294116,0.513085294117647,0.6222176470588235,0.533210294117647,0.5372073529411764,0.4709735294117647,0.40477794117647053,0.3799308823529411,0.3567573529411765,0.36344558823529405,0.3742338235294117,0.3876705882352941,0.4396294117647058,0.4351117647058823,0.45080882352941176,0.461185294117647,0.4739941176470588,0.5501117647058823,0.5938558823529411,0.5945647058823528,0.5351382352941175,0.5789647058823529,0.4465132352941176,0.4902088235294117,0.4599485294117647,0.4946926470588235,0.4967558823529411,0.5250088235294117,0.5781088235294117,0.566095588235294,0.5724205882352941,0.549685294117647,0.5169147058823529,0.48408529411764706,0.4461573529411764,0.4678455882352941,0.5181485294117647,0.5521897058823528,0.6280823529411763,0.4579485294117646,0.4750264705882352,0.47889705882352934,0.4911426470588235,0.47720882352941174,0.5191823529411764,0.6045735294117647,0.6310044117647058,0.6157558823529412,0.493295588235294,0.45248088235294115,0.4911882352941176,0.586155882352941,0.5885367647058823,0.5982426470588234,0.5949117647058823,0.5507470588235294,0.5187147058823529,0.5488088235294117,0.4386647058823529,0.4352499999999999,0.4285691176470588,0.4548,0.5074279411764705,0.5007897058823529,0.4369235294117646,0.4554132352941176,0.4352058823529411,0.4337073529411764,0.43035147058823525,0.4447823529411764,0.5241911764705881,0.5471941176470587,0.5956367647058822,0.5753132352941176,0.5528411764705882,0.6381911764705881,0.6269632352941176,0.5441264705882353,0.5384691176470588
0.5036367647058824,0.5715749999999999,0.5811941176470588,0.5385720588235293,0.45196617647058823,0.41192058823529404,0.3709926470588235,0.3541941176470588,0.3176397058823529,0.33997499999999997,0.37221617647058824,0.388345588235294,0.3978779411764705,0.43485147058823526,0.508595588235294,0.5709617647058822,0.552020588235294,0.5667132352941175,0.6102147058823528,0.5952617647058822,0.6210823529411763,0.5404485294117646,0.5842367647058823,0.5700176470588235,0.5312529411764705,0.4912220588235293,0.3919485294117647,0.37557647058823523,0.3689838235294117,0.36199117647058826,0.3650882352941176,0.410460294117647,0.4098382352941176,0.43843382352941174,0.4553882352941176,0.4787397058823529,0.47456617647058824,0.5552485294117646,0.5805470588235294,0.6069073529411764,0.5451808823529412,0.4995323529411764,0.515460294117647,0.49902352941176464,0.48128235294117644,0.4948720588235293,0.5471205882352941,0.5516749999999999,0.5821426470588235,0.6209117647058823,0.5900735294117647,0.563885294117647,0.5264955882352941,0.4419176470588235,0.4558029411764706,0.5070867647058823,0.5689749999999999,0.5418470588235293,0.5763764705882353,0.4939441176470587,0.45721029411764696,0.46362794117647055,0.47115588235294115,0.49034117647058817,0.5122191176470587,0.5521323529411765,0.5699220588235293,0.5958220588235293,0.4818794117647058,0.5102426470588235,0.5005470588235293,0.5200588235294118,0.6104735294117647,0.6169485294117646,0.5899794117647059,0.6102176470588235,0.4804808823529411,0.5124897058823529,0.42509411764705884,0.4209647058823529,0.4313897058823529,0.4199735294117647,0.4826544117647058,0.48040294117647053,0.4279691176470588,0.43053529411764707,0.44232499999999997,0.45008088235294114,0.47082352941176464,0.49837794117647055,0.5007044117647058,0.5345867647058823,0.5688,0.5859882352941176,0.5742764705882352,0.6790720588235293,0.6415455882352941,0.5497279411764705,0.5978397058823529
0.5156338235294117,0.6117073529411764,0.5813426470588234,0.5607955882352941,0.4451132352941176,0.3917823529411764,0.36230588235294114,0.3355411764705882,0.3301155882352941,0.32587088235294115,0.37124852941176467,0.38515294117647053,0.3857705882352941,0.4069911764705882,0.4913397058823529,0.5746764705882352,0.6587441176470586,0.6332499999999999,0.567345588235294,0.5856205882352941,0.5940911764705883,0.5812191176470588,0.5451882352941175,0.5292794117647058,0.5248264705882352,0.48793088235294113,0.3826323529411764,0.38289852941176467,0.3553897058823529,0.367560294117647,0.3754455882352941,0.4171,0.39703823529411764,0.4267249999999999,0.47148529411764706,0.4882764705882353,0.46459264705882347,0.5444367647058822,0.5783779411764706,0.5746382352941176,0.5694514705882352,0.5529838235294118,0.4748323529411764,0.47807794117647057,0.4793882352941176,0.4989088235294117,0.4756132352941176,0.5283544117647059,0.5608691176470587,0.5979220588235294,0.5021720588235293,0.5298544117647058,0.5273632352941177,0.47909117647058813,0.40524117647058816,0.4628544117647058,0.46921323529411757,0.555710294117647,0.6078838235294117,0.47184852941176464,0.4731926470588235,0.4415161764705882,0.46122499999999994,0.5062661764705882,0.5147044117647059,0.526414705882353,0.5797088235294118,0.6394558823529412,0.5887117647058823,0.5189088235294117,0.489710294117647,0.5310338235294118,0.6240823529411764,0.714110294117647,0.5913514705882352,0.565135294117647,0.4878426470588235,0.5217397058823529,0.4241882352941176,0.4487455882352941,0.4358294117647058,0.45114264705882345,0.49894411764705876,0.4633279411764705,0.43640441176470585,0.44382941176470586,0.4602176470588235,0.43255147058823523,0.4188808823529412,0.45100441176470585,0.5354382352941176,0.5811220588235293,0.5966794117647057,0.5661676470588235,0.5885235294117647,0.5876735294117647,0.5476455882352941,0.5975117647058823,0.5877749999999999
0.48685147058823525,0.5526088235294118,0.590635294117647,0.5266220588235294,0.4459279411764705,0.4030691176470588,0.3655558823529412,0.3350911764705882,0.3270279411764706,0.3334397058823529,0.37958529411764697,0.3870970588235294,0.3749617647058823,0.4248882352941176,0.49242647058823524,0.5780161764705881,0.6338735294117647,0.5586588235294118,0.5504999999999999,0.6672691176470589,0.6127514705882352,0.5521382352941177,0.5632941176470587,0.5018867647058823,0.5800382352941176,0.49940147058823525,0.4070338235294117,0.38062499999999994,0.3636397058823529,0.3729367647058823,0.3731205882352941,0.4004044117647058,0.4024720588235294,0.4487088235294117,0.4602485294117647,0.44038235294117645,0.5111338235294117,0.5399705882352941,0.5993779411764706,0.5429426470588234,0.6055279411764705,0.4671014705882352,0.5085235294117646,0.4469191176470588,0.48542941176470583,0.4899823529411764,0.5754926470588234,0.5647764705882352,0.5634029411764705,0.5850926470588235,0.644245588235294,0.5834117647058823,0.5478147058823528,0.44138235294117645,0.4509661764705882,0.48275588235294115,0.5706426470588235,0.5867544117647059,0.5880058823529412,0.49292794117647054,0.4739779411764705,0.4716117647058823,0.5035705882352941,0.4992911764705882,0.5405397058823529,0.540195588235294,0.6159073529411764,0.5683205882352941,0.5019426470588235,0.523214705882353,0.4877338235294117,0.6014779411764705,0.5872088235294117,0.5390352941176471,0.5447088235294116,0.5830441176470588,0.5358382352941176,0.4708088235294117,0.4548632352941176,0.43935441176470585,0.43637058823529407,0.4401058823529412,0.5030485294117646,0.47871617647058823,0.4673338235294117,0.44964705882352934,0.4419294117647058,0.4729573529411764,0.42438529411764697,0.4285529411764705,0.5539441176470588,0.5939485294117647,0.5986764705882351,0.6318705882352942,0.604775,0.667410294117647,0.574875,0.5893205882352941,0.5334073529411764
0.6129764705882352,0.6209941176470588,0.5431588235294117,0.5710264705882352,0.47229999999999994,0.37641323529411763,0.3559647058823529,0.33017352941176475,0.3275911764705882,0.3352573529411764,0.3617220588235294,0.37604852941176464,0.37766176470588236,0.41125147058823525,0.5570823529411764,0.5271705882352941,0.5821676470588235,0.5361676470588235,0.6374161764705882,0.6097529411764706,0.6212808823529411,0.5272647058823529,0.5889279411764705,0.5401999999999999,0.5479617647058823,0.46063676470588233,0.4247838235294117,0.38352794117647054,0.37083382352941174,0.36329411764705877,0.3690235294117647,0.41418382352941174,0.43594264705882346,0.43990588235294115,0.42447647058823523,0.4569838235294117,0.48826029411764704,0.5498338235294118,0.558960294117647,0.612929411764706,0.5160661764705882,0.515035294117647,0.5099191176470588,0.494510294117647,0.5360264705882353,0.5164235294117647,0.48429705882352936,0.5328073529411764,0.5566485294117646,0.6262676470588235,0.5865838235294116,0.537595588235294,0.5896176470588234,0.5194632352941176,0.4488117647058823,0.4816088235294117,0.4855779411764705,0.5815029411764705,0.5849279411764705,0.5103367647058823,0.4436117647058823,0.47630588235294113,0.4719411764705882,0.48082058823529406,0.5296558823529411,0.6010470588235294,0.6346088235294117,0.5836911764705882,0.6498382352941177,0.5710749999999999,0.4452455882352941,0.615560294117647,0.635820588235294,0.5945764705882353,0.6105867647058822,0.5890911764705882,0.5521382352941175,0.5339191176470588,0.4308249999999999,0.40571323529411757,0.4167970588235294,0.41755588235294117,0.52025,0.4841205882352941,0.4026720588235294,0.4212529411764705,0.4385338235294117,0.46861911764705877,0.39719411764705875,0.44643676470588234,0.5519264705882352,0.5478823529411764,0.6048279411764707,0.5987485294117646,0.5764867647058822,0.6385161764705882,0.6549661764705882,0.5384588235294118,0.5127808823529412
0.6215470588235293,0.5118441176470587,0.6146602941176471,0.5909367647058823,0.4271308823529411,0.4266779411764705,0.3582499999999999,0.3245875,0.32722088235294117,0.3320092647058823,0.36449558823529404,0.3906617647058824,0.39575294117647053,0.42246176470588237,0.5244647058823528,0.5745985294117647,0.6090235294117647,0.6236764705882352,0.6588867647058823,0.582445588235294,0.6150382352941175,0.5640926470588234,0.5534441176470588,0.5527529411764706,0.5366573529411764,0.5114602941176469,0.42967941176470587,0.37925882352941176,0.3606897058823529,0.36508823529411755,0.3720558823529412,0.41509999999999997,0.41143529411764707,0.42137352941176465,0.48673823529411764,0.5121779411764705,0.4536926470588235,0.5849867647058823,0.540735294117647,0.6114191176470588,0.49177794117647056,0.5255176470588235,0.4678147058823529,0.48823235294117645,0.48276617647058817,0.47463529411764704,0.5204558823529412,0.5767132352941176,0.5504014705882352,0.5610147058823529,0.48875882352941175,0.5481941176470588,0.4921985294117647,0.5031411764705882,0.4814485294117646,0.4584147058823529,0.5752029411764705,0.5527514705882351,0.6095,0.49552941176470583,0.4593014705882353,0.439310294117647,0.4801573529411764,0.5120514705882353,0.512305882352941,0.5580088235294117,0.6091102941176469,0.5681470588235293,0.5449426470588234,0.5251338235294117,0.463525,0.6038735294117645,0.5950823529411763,0.5971117647058823,0.6729617647058823,0.584245588235294,0.5638411764705882,0.49698088235294113,0.4757367647058823,0.4306720588235294,0.49973823529411765,0.4715617647058823,0.4920367647058823,0.49237941176470584,0.4285,0.4273779411764706,0.41119705882352936,0.44522058823529403,0.41518235294117645,0.4615485294117647,0.48223529411764704,0.5144735294117647,0.5487485294117647,0.637355882352941,0.6376294117647059,0.6178485294117646,0.6229941176470587,0.5773735294117647,0.5390779411764706
0.6049235294117646,0.5342117647058824,0.6337661764705882,0.5762985294117646,0.4229485294117647,0.40101617647058824,0.37232205882352937,0.3296779411764706,0.29803470588235287,0.33313529411764703,0.3755823529411764,0.3861985294117647,0.37778970588235294,0.4562029411764705,0.4699705882352941,0.5817058823529411,0.6517249999999999,0.6703514705882353,0.5664602941176471,0.6355264705882352,0.6391058823529411,0.5551426470588234,0.6462764705882352,0.5308735294117647,0.486285294117647,0.49257352941176463,0.3938985294117647,0.4013735294117647,0.3552352941176471,0.3620264705882353,0.3631117647058823,0.41400588235294117,0.40242794117647057,0.41065588235294115,0.4280647058823529,0.4948617647058823,0.49892647058823525,0.5540573529411764,0.6119779411764705,0.5937691176470588,0.5278867647058822,0.5073411764705882,0.4629720588235294,0.47997205882352934,0.500114705882353,0.5276088235294117,0.5235573529411764,0.5359941176470587,0.5438,0.559710294117647,0.5311544117647059,0.5189308823529412,0.5284941176470589,0.43686176470588234,0.4150882352941176,0.4491088235294117,0.5256397058823529,0.5672838235294118,0.602105882352941,0.5215161764705882,0.4959882352941176,0.44307499999999994,0.4871632352941176,0.4685794117647059,0.5328823529411764,0.5895147058823529,0.6169897058823528,0.6622529411764706,0.5904205882352941,0.5316323529411764,0.5167441176470587,0.5357911764705882,0.5531529411764706,0.6325691176470588,0.6155073529411764,0.5476470588235294,0.5407647058823529,0.5193676470588234,0.47963970588235283,0.4589867647058823,0.42948823529411756,0.45009852941176465,0.4420294117647058,0.5067352941176471,0.431025,0.4097470588235293,0.4350147058823529,0.43337499999999995,0.4284485294117647,0.4544573529411764,0.5199852941176469,0.5828294117647058,0.592325,0.5681985294117646,0.5947132352941177,0.5842411764705882,0.6054235294117647,0.5599926470588235,0.5384588235294117
0.6155926470588235,0.5883176470588235,0.5197235294117647,0.546770588235294,0.40448676470588235,0.41324264705882346,0.35857058823529403,0.3269779411764705,0.33101764705882347,0.33763529411764703,0.3666705882352941,0.3777470588235294,0.3821220588235294,0.4143985294117647,0.5253470588235293,0.5620838235294117,0.6114308823529411,0.6212764705882352,0.5474058823529412,0.620545588235294,0.6537132352941175,0.6461058823529412,0.5560294117647058,0.5247338235294118,0.5250455882352941,0.446085294117647,0.4061867647058823,0.39304852941176466,0.36234411764705876,0.37181764705882353,0.3865382352941176,0.4477941176470588,0.42071617647058823,0.4498470588235294,0.42892352941176465,0.48964264705882354,0.502070588235294,0.5640999999999999,0.6390470588235294,0.5516676470588234,0.5519808823529412,0.48226617647058817,0.4426073529411765,0.4673720588235294,0.48447647058823523,0.48193382352941166,0.5671323529411764,0.5547632352941175,0.613075,0.6775191176470587,0.5608014705882353,0.527795588235294,0.4815397058823529,0.46837058823529404,0.4890397058823529,0.5599176470588234,0.4985338235294118,0.5507764705882353,0.5464147058823529,0.4679720588235294,0.47536617647058815,0.477975,0.5007382352941175,0.49493529411764703,0.5535735294117646,0.631435294117647,0.5157073529411764,0.5775382352941176,0.563020588235294,0.5122720588235293,0.4529191176470588,0.5723161764705882,0.5836617647058823,0.623695588235294,0.632275,0.6016014705882352,0.5639544117647058,0.4989367647058822,0.4494279411764706,0.4599529411764705,0.4596852941176471,0.4407897058823529,0.45583823529411766,0.5050691176470588,0.42856029411764696,0.4574617647058823,0.4062985294117647,0.4575411764705882,0.4245941176470588,0.4765661764705882,0.5406191176470588,0.5432441176470588,0.5543897058823529,0.5926867647058822,0.6697985294117645,0.6119014705882353,0.6391441176470588,0.5411441176470587,0.5842441176470587
0.5858382352941176,0.5731176470588234,0.5530426470588236,0.5309352941176471,0.4641132352941176,0.42765,0.3612823529411764,0.34017205882352936,0.31169499999999994,0.3437735294117647,0.37071323529411765,0.3738147058823529,0.38758382352941173,0.40520882352941173,0.491685294117647,0.5296544117647058,0.6305176470588234,0.608070588235294,0.6442735294117646,0.6372808823529412,0.6368161764705882,0.5502985294117647,0.5650044117647058,0.5872941176470587,0.5165426470588235,0.445185294117647,0.4222147058823529,0.37940294117647055,0.36320294117647056,0.36750441176470583,0.3825647058823529,0.3982323529411764,0.4201794117647058,0.4386044117647058,0.4423499999999999,0.45639705882352943,0.45840441176470575,0.5570014705882352,0.626725,0.631595588235294,0.5628558823529412,0.5237147058823529,0.4559941176470588,0.4582647058823529,0.4915676470588235,0.5082073529411765,0.5336029411764706,0.5266411764705882,0.5880794117647058,0.5707661764705881,0.6345926470588235,0.5847117647058823,0.5035161764705882,0.5100073529411764,0.5038720588235294,0.4887617647058823,0.4917588235294117,0.6079102941176469,0.5612294117647059,0.4862529411764705,0.484410294117647,0.46140735294117646,0.4817544117647058,0.5169661764705882,0.5740323529411764,0.6001705882352941,0.5583720588235294,0.6483970588235294,0.5893411764705883,0.4955897058823529,0.5014867647058823,0.5414544117647059,0.5663823529411764,0.5997691176470588,0.6643220588235293,0.5611426470588234,0.5773911764705882,0.5097852941176471,0.4537867647058823,0.44472058823529403,0.43224999999999997,0.4193588235294117,0.5005941176470587,0.5016044117647058,0.43258970588235285,0.4528794117647058,0.4051338235294117,0.4595382352941176,0.4201867647058823,0.4621764705882353,0.504385294117647,0.5767867647058823,0.5230544117647059,0.6159426470588235,0.6612867647058823,0.6604647058823528,0.7062926470588234,0.5159411764705881,0.5798588235294116
0.5185691176470588,0.6523264705882352,0.6246911764705881,0.5566617647058824,0.4466794117647058,0.38714411764705875,0.3623161764705882,0.34416176470588233,0.32174279411764706,0.3280480882352941,0.3760044117647059,0.37689411764705877,0.37727205882352943,0.4362941176470588,0.5211073529411764,0.5865794117647058,0.5707073529411765,0.5814499999999999,0.5735926470588235,0.6555573529411765,0.5657911764705882,0.5829323529411764,0.5513838235294117,0.5618441176470588,0.5721499999999999,0.43395147058823524,0.3946955882352941,0.38125588235294117,0.3499264705882353,0.3649382352941176,0.39021911764705874,0.39319411764705875,0.41518970588235293,0.39972352941176464,0.4425764705882353,0.47453823529411765,0.5256941176470588,0.531635294117647,0.5912882352941176,0.5669514705882353,0.5909602941176471,0.5315191176470587,0.5006647058823529,0.4443191176470588,0.4779632352941176,0.48969117647058824,0.5950264705882352,0.6224014705882353,0.5671779411764705,0.5636558823529412,0.5417191176470587,0.5135676470588235,0.4999,0.5083191176470588,0.4845514705882352,0.5248176470588235,0.5029161764705882,0.488885294117647,0.5870823529411764,0.4700455882352941,0.4628544117647058,0.47429264705882346,0.4619220588235294,0.48116911764705883,0.5253426470588235,0.5682338235294118,0.5913220588235293,0.6115147058823529,0.5732191176470588,0.49242205882352935,0.4908191176470588,0.5395617647058822,0.5464720588235293,0.604355882352941,0.6072838235294117,0.5886235294117645,0.502775,0.4878367647058823,0.46066470588235287,0.42012941176470586,0.43130882352941174,0.425735294117647,0.4735720588235293,0.5019676470588235,0.44275294117647057,0.40894411764705885,0.44384999999999997,0.4607132352941177,0.40734999999999993,0.44714705882352934,0.5204279411764705,0.5454661764705881,0.5764470588235293,0.6030426470588235,0.5535999999999999,0.5982882352941176,0.6152661764705881,0.5693044117647058,0.5849588235294116
0.5456749999999999,0.542460294117647,0.5191441176470588,0.5592220588235294,0.453370588235294,0.4323147058823529,0.35963529411764705,0.3500941176470587,0.32563088235294113,0.3380573529411764,0.3703044117647058,0.38225441176470587,0.37938382352941175,0.44814999999999994,0.49270588235294105,0.5665823529411764,0.6322749999999998,0.6243882352941176,0.5821470588235294,0.598585294117647,0.6447882352941177,0.5520529411764705,0.5958676470588234,0.587385294117647,0.49139411764705876,0.46564558823529406,0.4101426470588235,0.39399558823529407,0.37025441176470586,0.35934999999999995,0.3777044117647058,0.4010411764705882,0.41676470588235287,0.4084279411764705,0.4255279411764706,0.4567088235294117,0.4839147058823529,0.5289308823529412,0.5976117647058823,0.5733897058823528,0.5713647058823529,0.48302352941176463,0.4352985294117646,0.4807470588235293,0.45999264705882353,0.5025147058823529,0.5479897058823529,0.6102382352941177,0.6013573529411763,0.5669985294117647,0.6026720588235293,0.5555029411764705,0.5075632352941175,0.4731441176470588,0.45721470588235297,0.4809661764705882,0.5595382352941175,0.6077308823529411,0.5845058823529411,0.47775735294117644,0.5064573529411764,0.4618897058823529,0.4919205882352941,0.4811426470588235,0.5113691176470588,0.5760397058823529,0.5732279411764705,0.5638382352941176,0.5631647058823529,0.4981573529411764,0.5212808823529411,0.5676191176470589,0.5978088235294117,0.6647029411764706,0.6232191176470587,0.5796867647058822,0.5128264705882352,0.487485294117647,0.4091852941176471,0.4430485294117647,0.44142794117647055,0.44158088235294113,0.48687647058823524,0.5067720588235294,0.4459147058823528,0.46440588235294117,0.4573161764705882,0.44587499999999997,0.42537205882352935,0.4711588235294117,0.5327176470588235,0.5583529411764706,0.5443720588235293,0.6465411764705882,0.6731897058823529,0.6007220588235294,0.6504720588235293,0.5244867647058823,0.5657588235294118
0.606975,0.5753161764705882,0.5954470588235293,0.5361735294117647,0.47887647058823524,0.4039397058823529,0.35110882352941175,0.34267205882352936,0.3105386764705882,0.34593970588235284,0.370760294117647,0.3792985294117647,0.38273676470588236,0.4306705882352941,0.4906014705882352,0.5530588235294117,0.5721147058823529,0.6026749999999998,0.5423720588235293,0.5687602941176471,0.620175,0.522945588235294,0.6618088235294116,0.5484617647058823,0.5248573529411764,0.4832499999999999,0.41175735294117644,0.3838323529411764,0.35757941176470587,0.3599544117647058,0.38899117647058823,0.40680588235294113,0.40312352941176466,0.41508529411764705,0.4391544117647058,0.46375147058823524,0.4958999999999999,0.5414220588235293,0.5023632352941176,0.6113632352941175,0.5477867647058823,0.5345838235294117,0.46260147058823525,0.4724617647058823,0.5006926470588234,0.48328823529411763,0.5244249999999999,0.5671073529411764,0.6106426470588234,0.6059029411764706,0.5673705882352941,0.5312058823529411,0.5472970588235294,0.43795735294117644,0.41347058823529403,0.4695691176470588,0.5151161764705882,0.5807132352941177,0.5816764705882352,0.4642191176470588,0.45967794117647054,0.4637426470588235,0.48911029411764695,0.5193617647058824,0.5430882352941176,0.5768426470588235,0.648785294117647,0.5836632352941176,0.5679676470588235,0.5184897058823529,0.48697352941176464,0.5089441176470588,0.5445264705882352,0.6008691176470587,0.5891308823529412,0.6591220588235294,0.5200470588235293,0.5148691176470588,0.45005882352941173,0.4369588235294118,0.41980294117647055,0.43045147058823524,0.49004117647058815,0.48409411764705873,0.43071764705882354,0.41025294117647054,0.41856323529411765,0.44387941176470586,0.45142499999999997,0.46929705882352934,0.5225058823529412,0.5233588235294118,0.5995558823529411,0.5687102941176471,0.6034220588235294,0.5933308823529412,0.6208867647058823,0.5219558823529411,0.5307632352941176
0.5508308823529411,0.6439294117647058,0.6126955882352941,0.5050176470588235,0.4285205882352941,0.4172941176470588,0.358960294117647,0.34595882352941176,0.32847647058823526,0.3375529411764705,0.36444558823529405,0.36712941176470587,0.3920867647058823,0.44028235294117646,0.517845588235294,0.6832897058823527,0.5609808823529411,0.6450676470588234,0.5710308823529411,0.6709264705882353,0.6017588235294118,0.561510294117647,0.5519,0.48826911764705877,0.5355397058823529,0.4692529411764706,0.3806176470588235,0.38206911764705875,0.36128676470588234,0.36076029411764704,0.4045205882352941,0.3988970588235294,0.4202764705882352,0.4074382352941176,0.40281911764705874,0.4508764705882352,0.4823529411764706,0.5453220588235294,0.6297529411764706,0.5982426470588236,0.5335029411764705,0.49807647058823523,0.49101911764705874,0.5182014705882352,0.4950985294117647,0.4906926470588235,0.49393676470588227,0.5608308823529411,0.5861897058823529,0.5945911764705881,0.5647749999999999,0.583110294117647,0.4998205882352941,0.46513382352941174,0.5157514705882352,0.5275661764705882,0.4911735294117647,0.5871897058823529,0.5310838235294117,0.5056308823529412,0.4852632352941176,0.44786176470588235,0.4877588235294117,0.5153926470588235,0.537085294117647,0.6009249999999999,0.6118676470588235,0.6285147058823528,0.5727764705882352,0.5126132352941176,0.507610294117647,0.5290647058823529,0.5787558823529411,0.5845632352941176,0.6123735294117646,0.6090970588235294,0.5483191176470588,0.4901338235294117,0.4662852941176471,0.4436705882352941,0.4094808823529411,0.4310382352941176,0.4774088235294118,0.4855338235294117,0.4312514705882352,0.44663676470588237,0.44182647058823526,0.44275588235294117,0.44987352941176467,0.4649029411764705,0.5501161764705882,0.5840911764705882,0.6220808823529411,0.649220588235294,0.6082014705882353,0.5517661764705882,0.6434058823529412,0.556785294117647,0.5240499999999999
0.5601014705882353,0.5765176470588235,0.5831073529411764,0.49415588235294117,0.42381617647058817,0.4024867647058823,0.3691926470588235,0.3448897058823529,0.31267970588235294,0.3424735294117647,0.35988235294117643,0.3801705882352941,0.3723485294117647,0.41546176470588236,0.5033794117647058,0.5674441176470588,0.6309926470588235,0.680785294117647,0.5851632352941176,0.5981911764705882,0.5986529411764706,0.5488514705882352,0.5827735294117646,0.5161220588235294,0.520910294117647,0.4656749999999999,0.41646764705882344,0.37369264705882344,0.35962058823529414,0.3663088235294117,0.37471176470588236,0.4390279411764705,0.41520735294117644,0.40725147058823524,0.44347794117647055,0.44921617647058815,0.47709852941176467,0.5689970588235294,0.6241441176470588,0.6391058823529411,0.5741176470588235,0.49852352941176464,0.4817058823529411,0.5031147058823529,0.4897176470588235,0.507114705882353,0.49434999999999996,0.5799470588235294,0.5516529411764706,0.5793514705882352,0.6374514705882353,0.5195882352941176,0.5198676470588235,0.4770176470588235,0.4290647058823529,0.48049705882352933,0.5103455882352941,0.6518499999999999,0.5719691176470587,0.493160294117647,0.5010955882352941,0.4827647058823529,0.4770661764705882,0.479135294117647,0.5383294117647058,0.5625411764705881,0.6268073529411764,0.6208499999999999,0.563925,0.5144514705882353,0.49828088235294116,0.5827647058823529,0.5802117647058823,0.6086588235294117,0.5890117647058822,0.5751308823529412,0.5363441176470588,0.5382367647058823,0.48663823529411765,0.4654970588235293,0.4315970588235293,0.4355441176470588,0.4687455882352941,0.5035852941176471,0.4235044117647059,0.4318867647058823,0.4238367647058823,0.44963088235294113,0.46198235294117646,0.4764220588235294,0.5515470588235293,0.5353088235294118,0.5826823529411764,0.5505749999999999,0.5783426470588234,0.5920132352941175,0.6242720588235293,0.5361735294117647,0.5121499999999999
0.6008088235294117,0.6481941176470588,0.5490308823529412,0.529370588235294,0.41062352941176467,0.4155397058823529,0.3540161764705882,0.3369926470588235,0.3139358823529412,0.35251911764705873,0.3725073529411765,0.3778323529411764,0.39797352941176467,0.4219176470588235,0.5198264705882352,0.5709897058823529,0.7064735294117646,0.6269044117647058,0.6477382352941176,0.6187470588235294,0.6195308823529412,0.573120588235294,0.6200749999999998,0.5476514705882353,0.5158205882352941,0.4502161764705882,0.39931323529411755,0.37821911764705873,0.3589838235294117,0.36162647058823527,0.3686764705882352,0.4255044117647058,0.4221,0.43606764705882345,0.43199558823529405,0.4678147058823529,0.4624294117647058,0.5221529411764705,0.6267014705882352,0.5971735294117646,0.5621470588235293,0.4864147058823529,0.4922720588235294,0.4492911764705882,0.508775,0.5141044117647058,0.5167926470588236,0.5350985294117646,0.5685941176470587,0.607610294117647,0.5426279411764705,0.5148485294117646,0.5546720588235293,0.48740882352941167,0.4674941176470588,0.49868529411764695,0.5181779411764705,0.5633514705882352,0.6264426470588235,0.4796529411764705,0.4696058823529411,0.4427220588235294,0.4830838235294117,0.49289117647058817,0.4888764705882353,0.613835294117647,0.5371705882352941,0.5939794117647058,0.5367367647058824,0.4973897058823529,0.5162970588235294,0.5259882352941175,0.5715985294117647,0.612545588235294,0.5954632352941176,0.5574558823529412,0.5069808823529411,0.4648044117647058,0.4469220588235293,0.4409147058823529,0.4333735294117646,0.45349558823529407,0.49571176470588235,0.4922470588235293,0.42589264705882346,0.4115220588235294,0.4443058823529411,0.48021323529411764,0.43073235294117646,0.47225735294117643,0.5833779411764705,0.5290117647058823,0.5668382352941176,0.6278235294117646,0.6463132352941177,0.6292132352941175,0.5881558823529411,0.5549617647058823,0.6194970588235293
0.5734573529411765,0.5864029411764705,0.5820235294117647,0.5946544117647058,0.4408073529411764,0.40584558823529404,0.357010294117647,0.33341764705882354,0.32488823529411764,0.34154558823529413,0.3707205882352941,0.3792735294117647,0.40637205882352934,0.44954558823529406,0.5109705882352941,0.5879617647058822,0.547560294117647,0.5983897058823529,0.589,0.588625,0.624475,0.5933264705882353,0.5755235294117647,0.5250308823529412,0.5347014705882353,0.48247941176470577,0.39102058823529406,0.3877897058823529,0.3589264705882353,0.36531911764705877,0.4144720588235294,0.41980882352941173,0.4301808823529411,0.42483235294117644,0.4371897058823529,0.4576161764705882,0.4818911764705882,0.5547941176470588,0.6356102941176469,0.5540264705882353,0.5675117647058823,0.484210294117647,0.4789544117647058,0.47025,0.47642352941176463,0.5294794117647058,0.4784397058823529,0.5274823529411764,0.5502926470588234,0.5272426470588235,0.5631970588235293,0.5042147058823528,0.48294852941176464,0.43631470588235294,0.43967352941176463,0.5302014705882352,0.5255117647058823,0.5929191176470587,0.5598073529411763,0.459435294117647,0.45214852941176464,0.47279117647058816,0.4603544117647059,0.4532558823529411,0.5017323529411765,0.546470588235294,0.6436779411764706,0.6258058823529412,0.6273911764705882,0.5196132352941175,0.4746970588235294,0.5237044117647058,0.6139823529411764,0.5703514705882353,0.573339705882353,0.5584014705882353,0.5250426470588234,0.48205588235294117,0.4663,0.45999705882352937,0.45586176470588224,0.43223970588235294,0.4740720588235294,0.5182411764705882,0.4483720588235294,0.4383485294117646,0.4332397058823529,0.43054999999999993,0.42842941176470584,0.44611764705882345,0.5813205882352941,0.6224176470588234,0.5466882352941176,0.5608926470588235,0.6040926470588235,0.5807014705882352,0.6284470588235294,0.5516338235294117,0.5819779411764705
0.5731852941176471,0.5800808823529411,0.5458205882352941,0.5207294117647059,0.42479852941176466,0.42797499999999994,0.36418235294117646,0.34272499999999995,0.3279897058823529,0.3224617647058823,0.36744852941176465,0.3780411764705882,0.39100147058823526,0.4210088235294117,0.4942749999999999,0.6226352941176471,0.6258735294117648,0.618980882352941,0.5842764705882353,0.5526294117647058,0.6007132352941176,0.5744014705882352,0.5845176470588234,0.5544985294117647,0.5244499999999999,0.4781955882352941,0.40312205882352936,0.3931426470588235,0.359060294117647,0.3670308823529411,0.3681058823529411,0.40707058823529413,0.43530735294117645,0.4307691176470588,0.4261926470588235,0.45891617647058824,0.48630441176470585,0.6043838235294117,0.6091808823529411,0.5855764705882353,0.5245264705882352,0.5815867647058823,0.48024558823529406,0.466970588235294,0.4740676470588234,0.492995588235294,0.536575,0.54635,0.5808926470588235,0.5831970588235293,0.5503308823529411,0.5189264705882352,0.5185661764705882,0.4108132352941176,0.4635367647058823,0.49305441176470577,0.5660397058823529,0.5168779411764706,0.6158529411764706,0.4766308823529411,0.46346323529411765,0.46969852941176465,0.4511367647058823,0.5536470588235294,0.5509147058823529,0.5386117647058823,0.5592779411764706,0.6687735294117647,0.5910617647058822,0.5124132352941175,0.5306132352941176,0.5844220588235294,0.5253691176470587,0.6138220588235294,0.5759235294117646,0.5855573529411764,0.5186088235294117,0.5346014705882353,0.4025544117647059,0.41875588235294114,0.4195441176470588,0.4401735294117647,0.519335294117647,0.5221911764705882,0.45356176470588233,0.42236323529411757,0.42931911764705877,0.44246470588235287,0.41801764705882355,0.4614955882352941,0.558760294117647,0.564125,0.5775617647058823,0.6950014705882352,0.6470205882352941,0.6224088235294117,0.5733470588235294,0.5417323529411764,0.5470852941176471
0.6045088235294117,0.622685294117647,0.5447676470588234,0.5450264705882352,0.4421308823529411,0.4057529411764706,0.3611132352941176,0.3397941176470588,0.33688529411764706,0.33292058823529413,0.3678029411764705,0.3776161764705882,0.3914911764705882,0.43240294117647055,0.49435147058823525,0.5827088235294118,0.6414838235294117,0.6473514705882352,0.603325,0.6422823529411765,0.6077147058823529,0.5547588235294117,0.5867441176470588,0.5559323529411764,0.5571941176470587,0.48027941176470584,0.39265735294117643,0.3789485294117647,0.3674308823529411,0.36618235294117646,0.37914411764705874,0.39516911764705875,0.42661764705882343,0.433560294117647,0.46203823529411764,0.461785294117647,0.48292352941176464,0.5346632352941176,0.63615,0.604320588235294,0.5620897058823529,0.541720588235294,0.4709735294117647,0.47277352941176465,0.4718529411764705,0.4857147058823529,0.5378573529411764,0.5521191176470588,0.6000397058823528,0.6025147058823529,0.5011882352941176,0.5822308823529411,0.4924382352941176,0.4425117647058823,0.4775382352941176,0.4740985294117646,0.47213088235294115,0.5816749999999999,0.579560294117647,0.4774823529411764,0.47130882352941167,0.4612102941176471,0.46208676470588234,0.5215882352941176,0.5496838235294117,0.5698941176470588,0.5777588235294118,0.5247941176470587,0.6198529411764705,0.513810294117647,0.4826514705882352,0.5965499999999999,0.5754808823529411,0.5806808823529411,0.5922294117647059,0.5303220588235293,0.5002249999999999,0.4602897058823529,0.4396044117647059,0.4668838235294117,0.41121764705882347,0.4547720588235294,0.514685294117647,0.4639220588235293,0.44838529411764705,0.4250985294117647,0.42625,0.44429117647058824,0.4403911764705881,0.43086764705882347,0.5070323529411764,0.5525573529411764,0.5929132352941177,0.613,0.6378617647058823,0.6247999999999999,0.6613264705882352,0.5904691176470588,0.5432705882352941
0.5386220588235293,0.5881161764705882,0.586975,0.535510294117647,0.4329132352941176,0.426585294117647,0.3661808823529411,0.3378073529411764,0.319875,0.339775,0.36732647058823525,0.3698955882352941,0.3826205882352941,0.40625294117647054,0.4731058823529411,0.5998749999999999,0.6361999999999999,0.6124161764705881,0.5322558823529412,0.6106867647058823,0.557805882352941,0.5630367647058823,0.5432161764705882,0.5341499999999999,0.5222294117647058,0.46882352941176464,0.3889073529411764,0.36682205882352936,0.35867647058823526,0.36677941176470585,0.3767176470588235,0.39398823529411764,0.43144852941176465,0.41637499999999994,0.4638367647058823,0.4553985294117646,0.4516955882352941,0.5423985294117647,0.6126823529411765,0.5964794117647059,0.5318088235294117,0.5204441176470588,0.46474264705882345,0.4681117647058823,0.4600661764705882,0.44167499999999993,0.5097735294117647,0.5582044117647058,0.5740308823529411,0.6061191176470588,0.5488808823529411,0.534895588235294,0.4993323529411764,0.48965588235294105,0.4346985294117647,0.45065441176470583,0.5296176470588234,0.5211911764705882,0.5500808823529411,0.5014249999999999,0.44990147058823526,0.46818823529411757,0.47198529411764706,0.5011161764705881,0.5214558823529412,0.550360294117647,0.5995676470588234,0.5812691176470588,0.557825,0.48043970588235285,0.5214014705882353,0.5480970588235293,0.5992544117647058,0.526585294117647,0.5699970588235294,0.5581308823529412,0.5433426470588234,0.5300294117647059,0.4513941176470588,0.45155588235294114,0.4050749999999999,0.4445808823529412,0.44273529411764706,0.4699161764705882,0.44779117647058814,0.41362352941176467,0.4397264705882353,0.4496838235294117,0.42779117647058823,0.4393838235294117,0.516235294117647,0.5309485294117646,0.5677911764705882,0.5644617647058823,0.6482794117647057,0.6594779411764705,0.6302867647058823,0.5330014705882352,0.5836882352941176
0.5556514705882353,0.5987088235294118,0.5952117647058823,0.5350647058823529,0.44085882352941175,0.4064073529411764,0.36649558823529405,0.34407499999999996,0.2969882352941176,0.31997999999999993,0.3775411764705882,0.38105,0.386910294117647,0.4136558823529411,0.46101029411764705,0.5543617647058823,0.580595588235294,0.5823867647058824,0.6102955882352941,0.561245588235294,0.6061191176470588,0.5532926470588234,0.5444955882352941,0.5422367647058823,0.5921073529411763,0.4897308823529411,0.39908382352941174,0.38692941176470586,0.3643882352941176,0.3629470588235294,0.38590294117647056,0.3842808823529411,0.4190029411764705,0.44585,0.4347955882352941,0.4622058823529411,0.4780529411764705,0.5641617647058823,0.5697514705882353,0.6330205882352941,0.5386455882352941,0.5307308823529412,0.46129117647058815,0.46273088235294113,0.4584441176470588,0.47304264705882343,0.5214882352941176,0.5427661764705881,0.5658749999999999,0.6179647058823529,0.613835294117647,0.5114588235294117,0.528455882352941,0.48596323529411756,0.46198235294117646,0.45910294117647055,0.48029117647058817,0.5695573529411764,0.5779088235294118,0.4640308823529411,0.45285735294117646,0.47514705882352937,0.49049705882352934,0.5180735294117647,0.5159720588235294,0.585035294117647,0.5070941176470588,0.6017588235294118,0.5703676470588235,0.49769117647058825,0.5157220588235294,0.5144411764705882,0.5715970588235294,0.5848338235294117,0.6334808823529411,0.5544397058823529,0.5284764705882352,0.49595,0.4453441176470588,0.42306764705882344,0.4344529411764705,0.42383970588235287,0.5001676470588234,0.500710294117647,0.4112970588235294,0.4505147058823529,0.41458235294117646,0.4456661764705882,0.43798529411764703,0.524595588235294,0.5250426470588234,0.4894338235294117,0.6039367647058823,0.6108088235294117,0.574610294117647,0.6318529411764705,0.6977691176470588,0.5439779411764705,0.5921955882352941
0.5871058823529411,0.5798220588235294,0.5855323529411764,0.5578088235294117,0.4525426470588234,0.41614705882352937,0.34912205882352937,0.3334499999999999,0.32942382352941174,0.3352941176470588,0.36338529411764703,0.3770411764705882,0.3775485294117647,0.41482647058823524,0.4736661764705882,0.6069647058823529,0.6742397058823529,0.5657647058823528,0.6113764705882352,0.642755882352941,0.6158823529411763,0.5059279411764706,0.6377514705882352,0.5788823529411764,0.5241529411764705,0.4805779411764705,0.39243088235294116,0.37258529411764696,0.3595941176470588,0.36131617647058817,0.370860294117647,0.4055999999999999,0.41154558823529414,0.42950588235294107,0.4408882352941176,0.4830441176470588,0.5085705882352941,0.5492073529411764,0.6195779411764705,0.6330367647058823,0.5665926470588235,0.4753514705882352,0.4395558823529411,0.516960294117647,0.4428455882352941,0.46610294117647055,0.5456235294117646,0.5977397058823529,0.6008014705882352,0.6748573529411763,0.5693617647058823,0.49854558823529405,0.5326999999999998,0.4355661764705882,0.4963014705882353,0.4809735294117647,0.5458044117647058,0.5810294117647058,0.609595588235294,0.5162426470588235,0.45878676470588226,0.45331470588235284,0.4437544117647058,0.47322499999999995,0.5365235294117647,0.602425,0.646641176470588,0.5745367647058823,0.6287499999999999,0.5393176470588235,0.5059617647058823,0.5323176470588235,0.633825,0.5697088235294117,0.5656147058823529,0.628545588235294,0.534720588235294,0.5347455882352941,0.44812499999999994,0.4313544117647058,0.41874558823529406,0.43844705882352936,0.4603867647058823,0.457685294117647,0.43320588235294116,0.43570441176470587,0.44341470588235293,0.47621029411764704,0.4634705882352941,0.46406029411764704,0.5292970588235293,0.6059514705882353,0.5924235294117647,0.5796441176470588,0.5927882352941176,0.6267235294117647,0.6259735294117647,0.5891044117647058,0.6480573529411764
0.606864705882353,0.5883720588235294,0.5544338235294117,0.5437176470588235,0.4550235294117646,0.3942544117647058,0.3546161764705882,0.33771470588235286,0.31395441176470584,0.30513573529411764,0.38083823529411764,0.37367941176470587,0.3917779411764705,0.4152852941176471,0.5015970588235293,0.6087764705882353,0.6590161764705881,0.6309941176470588,0.5727176470588234,0.5486544117647059,0.6003852941176471,0.5332264705882352,0.6402,0.5550220588235294,0.5479308823529411,0.465445588235294,0.39362352941176465,0.3797470588235294,0.3596720588235294,0.36740588235294114,0.3762558823529411,0.39354705882352936,0.4059955882352941,0.41032352941176464,0.44548970588235287,0.5020044117647058,0.48563382352941176,0.5461573529411764,0.5705970588235294,0.5321132352941176,0.5973088235294117,0.49249411764705875,0.47075294117647054,0.4832661764705881,0.47527794117647054,0.4468264705882352,0.5098691176470588,0.579345588235294,0.5683147058823529,0.5615279411764705,0.6445308823529411,0.5693294117647059,0.5429470588235293,0.438210294117647,0.4893029411764705,0.5447720588235293,0.5177176470588235,0.6082617647058822,0.6554794117647058,0.47570882352941174,0.4509529411764705,0.4963647058823529,0.42420441176470586,0.48673676470588234,0.48548382352941166,0.5949367647058822,0.5443735294117646,0.5611279411764705,0.4759382352941176,0.4891279411764706,0.4875764705882353,0.6089882352941176,0.5442308823529411,0.6599,0.5760911764705882,0.5651808823529412,0.5418632352941175,0.4886544117647058,0.47591029411764696,0.4378544117647058,0.4254764705882352,0.43484558823529407,0.48087205882352935,0.5125529411764705,0.4265338235294117,0.460970588235294,0.4251073529411764,0.449525,0.44814705882352934,0.43342058823529406,0.4907279411764705,0.5470764705882353,0.5621014705882352,0.6071808823529412,0.6009411764705882,0.600885294117647,0.6135882352941175,0.5595970588235293,0.5711632352941176
0.5260441176470587,0.6121764705882352,0.5481470588235294,0.5547235294117646,0.4295117647058823,0.4290882352941176,0.3642926470588235,0.3229075,0.32741617647058824,0.34371764705882346,0.3590426470588235,0.37195441176470584,0.3745838235294118,0.43792941176470584,0.4983676470588234,0.5386911764705882,0.6286235294117646,0.6171499999999999,0.5786764705882352,0.6507044117647058,0.6509764705882353,0.5268764705882353,0.6374764705882352,0.5724647058823529,0.5252235294117646,0.4638882352941176,0.39696176470588235,0.38357941176470584,0.36175882352941174,0.35978676470588233,0.3656985294117646,0.43042647058823524,0.4286323529411764,0.43825882352941176,0.4554058823529411,0.45041029411764705,0.48315588235294116,0.5457720588235293,0.582510294117647,0.6185470588235293,0.5318264705882352,0.48833970588235287,0.4829367647058823,0.4713264705882353,0.4553926470588235,0.48697205882352934,0.530889705882353,0.5486617647058823,0.628760294117647,0.5637749999999999,0.5507382352941176,0.5948161764705883,0.5378191176470587,0.4882367647058823,0.4462014705882352,0.46662941176470585,0.532795588235294,0.6025441176470587,0.6375147058823528,0.48530294117647055,0.48434852941176465,0.46812205882352936,0.4926647058823529,0.48411470588235284,0.5434676470588234,0.5658279411764705,0.629355882352941,0.5859279411764705,0.5614088235294117,0.4949397058823529,0.48275588235294115,0.5771323529411764,0.6227235294117646,0.5881779411764705,0.6206308823529412,0.5608970588235294,0.5117941176470587,0.5202088235294117,0.4476720588235294,0.4228647058823529,0.4482647058823529,0.43846029411764703,0.4638014705882353,0.5146191176470588,0.448895588235294,0.45449264705882353,0.474910294117647,0.44149558823529406,0.4310588235294117,0.47712352941176467,0.542245588235294,0.5396279411764705,0.5736426470588234,0.5587161764705881,0.5876470588235293,0.6302720588235293,0.6213073529411764,0.5505,0.6039749999999999
0.5493970588235294,0.5752691176470588,0.5647544117647058,0.548760294117647,0.4349676470588235,0.43179117647058823,0.36243529411764697,0.3431588235294117,0.30647647058823524,0.3389691176470588,0.36491176470588227,0.3802735294117646,0.3699911764705882,0.4090941176470588,0.47934705882352935,0.549735294117647,0.5815117647058823,0.6031397058823529,0.568985294117647,0.5917161764705882,0.6164308823529411,0.6126235294117647,0.5823441176470587,0.5226985294117648,0.5292191176470588,0.447935294117647,0.37750735294117643,0.3919588235294117,0.3573367647058823,0.36328529411764704,0.3591647058823529,0.39797352941176467,0.4640794117647058,0.44776176470588236,0.4423294117647058,0.4492926470588235,0.47863382352941175,0.5177132352941176,0.6291970588235293,0.5719676470588235,0.5737514705882353,0.5045838235294117,0.4689529411764706,0.4364588235294118,0.4952264705882352,0.5060426470588235,0.5016544117647058,0.5807985294117647,0.6388632352941176,0.5470897058823528,0.6148191176470588,0.5388338235294117,0.5415691176470587,0.4793867647058823,0.4737132352941176,0.5001691176470588,0.6086720588235293,0.6047294117647058,0.5148470588235293,0.5205249999999999,0.4709720588235294,0.5035367647058823,0.49472941176470586,0.5189264705882352,0.5021088235294118,0.5815058823529411,0.5768985294117647,0.6079955882352941,0.5199161764705882,0.4782926470588235,0.5107794117647059,0.5274058823529412,0.6044764705882352,0.6502044117647058,0.6181470588235294,0.595,0.5490485294117646,0.5481397058823528,0.43447499999999994,0.41187499999999994,0.43370882352941176,0.4095426470588235,0.49902499999999994,0.5098676470588235,0.46921911764705876,0.4695382352941176,0.45333676470588236,0.4494941176470588,0.4313220588235294,0.43394705882352935,0.5480235294117647,0.5231955882352941,0.5539529411764706,0.6074779411764706,0.6253279411764705,0.578475,0.5814029411764705,0.5897279411764704,0.547235294117647
0.5361544117647059,0.5796985294117647,0.6088779411764705,0.5578941176470588,0.4280279411764705,0.4209794117647058,0.36633529411764704,0.3397573529411764,0.3257176470588235,0.3450117647058823,0.3657205882352941,0.3806779411764706,0.3800882352941176,0.44855882352941173,0.5055838235294117,0.5602779411764706,0.6006367647058822,0.607625,0.5869161764705881,0.7006808823529411,0.5930411764705882,0.584820588235294,0.594005882352941,0.5863117647058823,0.5061,0.48217794117647056,0.40615441176470585,0.3751161764705882,0.36802647058823523,0.35919264705882353,0.36845441176470584,0.39903529411764704,0.4215264705882353,0.43003823529411767,0.4284617647058823,0.4389808823529412,0.4770191176470588,0.5294191176470587,0.6005367647058822,0.5928191176470586,0.6016499999999999,0.4993294117647058,0.4327661764705881,0.4959485294117646,0.46518676470588227,0.4935661764705882,0.5060117647058823,0.58805,0.5891455882352941,0.505570588235294,0.5989926470588235,0.5649838235294118,0.5468397058823529,0.4783676470588235,0.47341029411764707,0.4760529411764705,0.5123455882352941,0.5202647058823529,0.571285294117647,0.47607794117647056,0.45894999999999997,0.4625544117647058,0.4619705882352941,0.5119485294117647,0.5115029411764705,0.6437029411764704,0.5805705882352941,0.5797749999999999,0.5167558823529411,0.51345,0.4982323529411764,0.5691823529411765,0.6213338235294117,0.6123382352941176,0.5907647058823529,0.539195588235294,0.5707338235294117,0.4840529411764705,0.4441573529411764,0.42987058823529406,0.4236720588235294,0.4502308823529412,0.4492617647058823,0.4775147058823529,0.40594264705882355,0.4284382352941176,0.4461558823529411,0.4668485294117647,0.4261264705882353,0.4754558823529411,0.577145588235294,0.5241911764705881,0.5710132352941176,0.6839823529411765,0.5869632352941175,0.5580882352941176,0.555620588235294,0.5380808823529412,0.577735294117647
0.5723235294117647,0.5759205882352941,0.5845676470588235,0.546345588235294,0.44628823529411765,0.4090176470588235,0.36905588235294107,0.3341176470588235,0.32344558823529407,0.3419029411764705,0.3769720588235294,0.3737088235294117,0.3921147058823529,0.41917352941176467,0.4985382352941176,0.5981705882352941,0.5633058823529411,0.5875073529411764,0.584595588235294,0.6883485294117647,0.6020617647058824,0.5102544117647059,0.5996294117647057,0.5208941176470588,0.5481632352941176,0.4516676470588235,0.40897941176470587,0.39713529411764703,0.35570294117647056,0.3650117647058823,0.3746058823529411,0.43671617647058814,0.4200014705882352,0.40468088235294114,0.4372367647058823,0.4567882352941176,0.48175294117647055,0.5445911764705882,0.5843529411764705,0.5679367647058823,0.554535294117647,0.5381867647058823,0.44694117647058823,0.46408529411764704,0.48411470588235284,0.4785897058823529,0.539175,0.5517985294117647,0.5216926470588235,0.5161117647058823,0.5552882352941176,0.5435867647058823,0.5307911764705882,0.4727470588235294,0.45514264705882346,0.4918382352941176,0.509775,0.6040794117647058,0.5178073529411764,0.5127058823529411,0.46279558823529404,0.49388382352941174,0.47925588235294114,0.5316632352941176,0.5467470588235294,0.5853632352941176,0.6263823529411763,0.5507147058823529,0.598375,0.5117676470588234,0.5026647058823529,0.565955882352941,0.5919220588235294,0.5788764705882352,0.5946529411764705,0.5961426470588235,0.5194661764705882,0.484560294117647,0.4406058823529412,0.47465147058823526,0.43519117647058814,0.43288235294117644,0.468160294117647,0.5042573529411765,0.43135882352941174,0.4761720588235293,0.4568029411764705,0.44050735294117643,0.4352647058823529,0.457285294117647,0.4987014705882352,0.5444132352941176,0.5754220588235294,0.5801661764705882,0.6091485294117647,0.5828367647058823,0.6378161764705881,0.5238691176470588,0.577855882352941
0.6210161764705883,0.5986294117647059,0.6094044117647058,0.6292529411764706,0.42948088235294113,0.42073676470588234,0.3467308823529412,0.3558764705882353,0.30928161764705875,0.31929147058823526,0.3808147058823529,0.37872058823529414,0.40760294117647056,0.4427294117647058,0.48478235294117644,0.5523367647058823,0.6015308823529412,0.5522132352941176,0.6157411764705881,0.5750808823529411,0.5549897058823529,0.5531441176470587,0.5730794117647058,0.545925,0.5720426470588235,0.46721029411764703,0.4050676470588235,0.3864058823529411,0.3570176470588235,0.3489176470588235,0.37887058823529407,0.43031470588235293,0.43716617647058825,0.4519485294117646,0.4504382352941176,0.4629279411764705,0.4896147058823529,0.5535352941176469,0.5957926470588234,0.5501735294117647,0.5167161764705882,0.5222499999999999,0.46046176470588235,0.5171176470588235,0.46731911764705875,0.5309514705882352,0.5364147058823528,0.5273514705882352,0.5861367647058823,0.600175,0.6008014705882352,0.5289249999999999,0.5235161764705882,0.47463529411764704,0.48040882352941167,0.4948161764705882,0.5589367647058823,0.5682161764705882,0.6328117647058823,0.49068529411764705,0.44514264705882356,0.499360294117647,0.4498588235294117,0.5199529411764705,0.533320588235294,0.5676485294117647,0.5991088235294117,0.537360294117647,0.5936382352941176,0.5075191176470588,0.5186558823529411,0.4834161764705882,0.5994779411764705,0.604160294117647,0.546970588235294,0.5292411764705882,0.5046205882352941,0.5168426470588234,0.44575441176470587,0.43396617647058816,0.4366088235294117,0.4524249999999999,0.47100735294117646,0.46225147058823524,0.4438132352941176,0.42494117647058816,0.4229867647058823,0.4650073529411764,0.4046382352941176,0.4973191176470588,0.538725,0.5174176470588234,0.6260117647058824,0.5694367647058822,0.6167117647058823,0.6844014705882352,0.682214705882353,0.5499735294117646,0.5492132352941176
0.5917823529411764,0.5542264705882353,0.5951558823529411,0.5462911764705882,0.45172205882352934,0.4074720588235294,0.360820588235294,0.33988823529411755,0.3192088235294117,0.3333222058823529,0.3773161764705882,0.3840867647058823,0.3829147058823529,0.44195147058823525,0.5222882352941176,0.5920985294117647,0.6199544117647059,0.661145588235294,0.5731632352941176,0.6239632352941177,0.5859764705882352,0.5314058823529411,0.5528720588235294,0.5320147058823529,0.5515617647058823,0.48488235294117643,0.4039882352941176,0.37796323529411757,0.3590441176470588,0.3662970588235294,0.3794455882352941,0.41309852941176467,0.4154058823529412,0.4186514705882352,0.4331705882352941,0.46966911764705876,0.47959264705882354,0.5219294117647058,0.573595588235294,0.6428941176470587,0.5931117647058823,0.5062985294117647,0.47532941176470583,0.45283235294117635,0.5144117647058823,0.4714264705882353,0.5088220588235294,0.5529735294117647,0.6085911764705881,0.5557676470588234,0.5652661764705882,0.5912764705882352,0.5039823529411764,0.45442058823529413,0.45959852941176466,0.46245882352941164,0.5109411764705882,0.5527220588235294,0.5779058823529412,0.4804294117647058,0.46423235294117643,0.45212205882352935,0.45261470588235286,0.4968794117647058,0.5419970588235293,0.549385294117647,0.6135970588235293,0.5911132352941175,0.5992294117647058,0.49875735294117635,0.5454749999999999,0.5779588235294117,0.6209764705882352,0.6631088235294117,0.6087632352941176,0.5651470588235293,0.5210970588235293,0.5385132352941177,0.43711617647058815,0.46562058823529406,0.428785294117647,0.4238,0.4659058823529411,0.4673132352941176,0.4158970588235294,0.4479161764705882,0.4306382352941176,0.45502352941176466,0.43089264705882346,0.45157352941176465,0.49499852941176464,0.5683852941176469,0.5618882352941176,0.6081926470588234,0.580670588235294,0.6155308823529411,0.6250647058823529,0.625180882352941,0.5427705882352941
0.5295514705882353,0.6057897058823529,0.5744588235294117,0.4981220588235294,0.4369338235294117,0.4071779411764706,0.3604691176470588,0.33944117647058825,0.3147926470588235,0.32903397058823525,0.3711985294117647,0.3816088235294118,0.3850691176470588,0.42625441176470585,0.4790058823529411,0.6258926470588235,0.621695588235294,0.6193191176470588,0.5814220588235294,0.6017970588235294,0.5741794117647058,0.5408499999999999,0.5320632352941176,0.515760294117647,0.541555882352941,0.4966588235294117,0.4143926470588235,0.38294264705882347,0.36096176470588226,0.3636073529411764,0.3632926470588235,0.4338470588235294,0.43887058823529407,0.41364999999999996,0.45240588235294116,0.47238382352941166,0.4979897058823529,0.4959661764705882,0.5899926470588236,0.591575,0.5253897058823529,0.49782352941176466,0.4839955882352941,0.4570338235294117,0.47601176470588236,0.5075632352941176,0.5446808823529411,0.5570088235294117,0.6123779411764706,0.6532823529411764,0.5503720588235294,0.5835617647058824,0.49613529411764695,0.47412647058823526,0.4717499999999999,0.4608544117647058,0.5303367647058822,0.5766720588235293,0.5564294117647058,0.5043852941176471,0.4521573529411765,0.4958132352941176,0.4666529411764705,0.48237647058823524,0.5421955882352941,0.5841808823529412,0.5499941176470587,0.5814191176470588,0.5985397058823528,0.5238220588235294,0.4846411764705882,0.5461132352941176,0.5698823529411764,0.6097470588235293,0.5595602941176471,0.5642294117647059,0.5061014705882352,0.5108529411764705,0.4780235294117647,0.41777205882352936,0.41940441176470583,0.4725838235294117,0.46726323529411756,0.4927647058823529,0.44638235294117645,0.4226147058823529,0.4596617647058823,0.45144705882352937,0.40477058823529405,0.44935441176470586,0.5395397058823529,0.537435294117647,0.5671397058823529,0.6052338235294117,0.5806588235294117,0.5767279411764705,0.5740470588235294,0.568425,0.5735529411764705
0.585910294117647,0.6033220588235294,0.5451191176470588,0.5145014705882353,0.42949558823529405,0.4023,0.3555514705882352,0.32487529411764704,0.32143941176470586,0.33502941176470585,0.3770661764705882,0.37879999999999997,0.37380735294117645,0.42134852941176465,0.48928382352941174,0.6053823529411764,0.594070588235294,0.7020764705882352,0.5631735294117647,0.6009794117647058,0.5671147058823529,0.5477279411764705,0.5325338235294117,0.530385294117647,0.5553073529411764,0.4772161764705882,0.4150367647058823,0.37938382352941175,0.35982058823529406,0.3682338235294117,0.37845147058823525,0.4068470588235294,0.4189544117647058,0.39772647058823524,0.4565058823529411,0.48034117647058816,0.48989999999999995,0.5545294117647058,0.5670676470588235,0.5656367647058823,0.6058264705882352,0.5181691176470588,0.47466617647058823,0.4874205882352941,0.44603382352941173,0.48204705882352933,0.5103294117647058,0.5551264705882353,0.5495926470588235,0.5817573529411764,0.5453720588235293,0.5593882352941176,0.4694058823529411,0.48076323529411763,0.4181720588235293,0.5117499999999999,0.5722470588235293,0.554810294117647,0.5471558823529411,0.5226485294117647,0.4638676470588235,0.4310455882352941,0.4965955882352941,0.5324073529411765,0.5433661764705882,0.5302749999999999,0.607064705882353,0.5951676470588234,0.6082544117647057,0.4934867647058823,0.5532411764705881,0.546785294117647,0.6280455882352941,0.5549735294117647,0.6253897058823529,0.5476838235294117,0.5282779411764705,0.5360279411764706,0.4937235294117646,0.40585147058823523,0.4344882352941176,0.4438558823529411,0.4883338235294117,0.46159411764705877,0.4103764705882353,0.41797499999999993,0.4292779411764705,0.4447720588235293,0.4407323529411764,0.4600117647058823,0.5028029411764705,0.5633441176470587,0.5850691176470587,0.6036029411764705,0.5698661764705881,0.5514617647058823,0.6081985294117647,0.5514808823529411,0.6052088235294117
0.5388588235294117,0.6875191176470588,0.621735294117647,0.5115720588235293,0.47887794117647053,0.38598970588235293,0.3624617647058823,0.3374661764705882,0.3172151470588235,0.33664117647058817,0.37079705882352937,0.37457205882352934,0.3816735294117647,0.4426720588235294,0.48497647058823523,0.5225897058823529,0.6012588235294117,0.617635294117647,0.6017014705882352,0.6333161764705881,0.6600794117647059,0.5208808823529412,0.5558455882352941,0.5357382352941176,0.5764558823529411,0.47989117647058815,0.41375,0.3867764705882353,0.3563191176470588,0.3745985294117647,0.3704499999999999,0.4125955882352941,0.40685882352941166,0.42088235294117643,0.4601926470588235,0.45878676470588226,0.47297794117647046,0.6195617647058823,0.5676367647058823,0.5946014705882353,0.5309499999999999,0.5385794117647059,0.4558088235294117,0.4813661764705882,0.5023558823529412,0.506860294117647,0.5222058823529412,0.5183911764705882,0.5558602941176469,0.576035294117647,0.5548191176470588,0.5516955882352941,0.4493794117647059,0.4649441176470588,0.37303088235294113,0.44059411764705875,0.5433029411764706,0.5497,0.6397632352941176,0.4739764705882353,0.5028220588235294,0.4844470588235294,0.46884999999999993,0.48499852941176463,0.5455117647058824,0.5783132352941176,0.6328352941176469,0.606445588235294,0.6416838235294118,0.536075,0.5022088235294118,0.599885294117647,0.5322823529411764,0.5442985294117646,0.62035,0.5044882352941176,0.5225044117647059,0.5109338235294117,0.45673088235294107,0.4345867647058823,0.42827941176470585,0.4284323529411764,0.4719808823529411,0.4646882352941176,0.4464397058823529,0.41084999999999994,0.4275308823529411,0.4442720588235293,0.45908529411764704,0.4558485294117646,0.5564911764705881,0.5654985294117647,0.5168544117647058,0.6396588235294116,0.5895044117647058,0.6744323529411764,0.6754838235294116,0.5484897058823529,0.5043985294117647
0.5417838235294117,0.5778058823529411,0.5812499999999999,0.5670573529411764,0.4240411764705882,0.40111323529411763,0.3649647058823529,0.35177352941176465,0.3209463235294117,0.34256029411764705,0.3781338235294117,0.38592205882352937,0.39246176470588234,0.4330161764705882,0.5195749999999999,0.6071,0.6128161764705881,0.6450779411764705,0.597985294117647,0.6596573529411763,0.6707029411764704,0.5996691176470588,0.6073147058823529,0.5867132352941176,0.5451499999999999,0.48353970588235295,0.40005441176470585,0.3706235294117647,0.3630617647058823,0.3597882352941176,0.3730411764705882,0.41174558823529406,0.42210294117647057,0.4332985294117647,0.44968529411764696,0.4501029411764705,0.47575294117647055,0.5595794117647058,0.5668735294117646,0.5987573529411765,0.5440411764705883,0.5055558823529411,0.4415970588235294,0.4800235294117646,0.4911926470588235,0.5266823529411764,0.5058588235294117,0.5499661764705882,0.5806176470588235,0.608975,0.5645941176470588,0.5287029411764705,0.5055147058823529,0.4730235294117647,0.47984999999999994,0.4838955882352941,0.5013235294117646,0.5747338235294117,0.5561985294117646,0.4898279411764705,0.47677794117647054,0.44759705882352935,0.4869838235294117,0.47153970588235294,0.5475764705882352,0.5579970588235293,0.5703588235294117,0.6009882352941175,0.5438867647058823,0.5018397058823529,0.4731235294117647,0.5532294117647057,0.5447617647058823,0.5791264705882353,0.6328735294117647,0.5723691176470588,0.5160411764705882,0.5091191176470589,0.43839705882352936,0.43187499999999995,0.45298088235294115,0.4412661764705882,0.4903985294117647,0.5333823529411764,0.45735882352941165,0.4542632352941176,0.4324558823529411,0.45151764705882347,0.4506838235294118,0.46793088235294117,0.5258691176470588,0.5251558823529412,0.6014691176470588,0.6225764705882353,0.6143147058823529,0.6315367647058822,0.6362897058823529,0.540435294117647,0.5432338235294117
0.5938735294117646,0.6062588235294117,0.5987779411764705,0.5368897058823529,0.45462205882352935,0.3968323529411764,0.3578985294117647,0.3423691176470588,0.33559852941176466,0.33666911764705876,0.3704132352941176,0.3717426470588235,0.38718970588235285,0.44921911764705874,0.47838676470588226,0.6098235294117647,0.6401544117647058,0.5974485294117646,0.5991602941176469,0.6246132352941176,0.6486926470588235,0.5840485294117645,0.5823073529411764,0.538370588235294,0.4991985294117646,0.44417205882352934,0.3946779411764706,0.3906,0.36338235294117643,0.3765514705882353,0.37683970588235294,0.4120647058823529,0.4327794117647058,0.4256044117647058,0.4347808823529411,0.4543808823529411,0.4760970588235294,0.5938779411764706,0.6725838235294117,0.6121014705882353,0.5707132352941175,0.5122764705882352,0.4509735294117647,0.4528191176470588,0.4646647058823529,0.520170588235294,0.5189279411764706,0.5451044117647058,0.6381014705882353,0.6622838235294116,0.6556588235294116,0.5012735294117646,0.5319529411764705,0.48948970588235285,0.47713529411764694,0.5168588235294117,0.5237058823529411,0.5194088235294116,0.5810338235294117,0.48222647058823526,0.43796470588235287,0.491710294117647,0.4784338235294117,0.47944999999999993,0.5552573529411764,0.5690955882352942,0.5493588235294117,0.6625191176470586,0.5279073529411764,0.47924411764705876,0.47997058823529404,0.5451911764705882,0.5539514705882352,0.6277808823529412,0.5727176470588234,0.5636485294117647,0.5426088235294118,0.5426132352941175,0.4798897058823529,0.46798676470588235,0.41673676470588233,0.43495294117647054,0.46963970588235293,0.5029499999999999,0.4214132352941176,0.429860294117647,0.4522823529411764,0.463760294117647,0.41393676470588237,0.44095882352941174,0.5420544117647058,0.5495367647058823,0.559855882352941,0.6277911764705881,0.6700647058823529,0.6320220588235295,0.592845588235294,0.5609897058823529,0.5512058823529411
0.5940264705882352,0.5505073529411765,0.5490132352941176,0.5593382352941175,0.4213882352941176,0.401445588235294,0.36125735294117645,0.3312044117647058,0.321260294117647,0.34575441176470584,0.3733647058823529,0.37337794117647055,0.36844411764705876,0.4419823529411765,0.4698367647058823,0.5619397058823529,0.6150691176470588,0.6078382352941176,0.5867058823529411,0.6295808823529412,0.5974485294117646,0.5535794117647058,0.5507838235294117,0.546520588235294,0.5069147058823529,0.4744426470588235,0.38730735294117646,0.37673676470588235,0.35691470588235286,0.36172499999999996,0.37949558823529406,0.3761705882352941,0.4118455882352941,0.41582794117647054,0.4501838235294118,0.44931764705882354,0.4906911764705882,0.5352441176470588,0.6444382352941176,0.5926882352941176,0.5955235294117647,0.5397941176470588,0.485535294117647,0.4526926470588235,0.499010294117647,0.48486617647058816,0.5372279411764705,0.5407249999999999,0.6282985294117647,0.5809970588235294,0.6597191176470587,0.5487941176470588,0.5179279411764706,0.46752058823529413,0.49161176470588225,0.4882514705882352,0.47951029411764706,0.5643411764705882,0.5702926470588234,0.5099999999999999,0.4881058823529411,0.4778588235294117,0.5161117647058823,0.4961529411764706,0.5130470588235293,0.6330397058823528,0.6520676470588236,0.6151029411764706,0.5435926470588235,0.5143308823529411,0.5102823529411764,0.5301588235294117,0.5480499999999999,0.651885294117647,0.6218720588235295,0.5832161764705881,0.5385455882352941,0.4972308823529411,0.46004705882352936,0.4446985294117647,0.4255088235294117,0.42745588235294113,0.47460147058823526,0.5129029411764705,0.4442147058823529,0.4287014705882352,0.42058823529411765,0.4402176470588235,0.4187044117647058,0.4756941176470588,0.5670808823529411,0.5163,0.5608588235294117,0.5751382352941176,0.573275,0.5813720588235294,0.5803220588235294,0.5428191176470588,0.5629382352941176
0.5382823529411764,0.5549794117647058,0.5179308823529412,0.5301617647058823,0.4539382352941176,0.4046455882352941,0.3568647058823529,0.3320097058823529,0.3358764705882353,0.3342573529411764,0.3782014705882352,0.376375,0.3862867647058823,0.4384308823529411,0.499260294117647,0.5434102941176471,0.6036852941176469,0.6248823529411764,0.6151661764705882,0.5994323529411764,0.6185661764705881,0.558885294117647,0.5989838235294118,0.543770588235294,0.5577661764705882,0.5209014705882353,0.39005294117647055,0.38848823529411763,0.36562058823529414,0.3615558823529411,0.36588676470588233,0.4265058823529412,0.40429999999999994,0.41581323529411757,0.4413294117647058,0.4427058823529411,0.4753411764705882,0.5567911764705882,0.6272161764705881,0.6044676470588235,0.5216838235294117,0.5837411764705881,0.4680235294117646,0.47979558823529406,0.4583764705882353,0.4487132352941176,0.4939573529411764,0.5984485294117646,0.5496411764705882,0.5627514705882353,0.5983691176470587,0.5313926470588235,0.464775,0.4915294117647058,0.47532647058823524,0.45806911764705877,0.5368264705882352,0.6055044117647059,0.5672264705882353,0.5256088235294117,0.4610147058823529,0.44545735294117644,0.4921808823529411,0.4925529411764705,0.5194220588235293,0.5671264705882352,0.5673073529411764,0.610639705882353,0.5289338235294118,0.5350014705882353,0.5121735294117646,0.5788323529411764,0.543785294117647,0.5840632352941176,0.6461661764705882,0.4967499999999999,0.49684558823529407,0.5574808823529411,0.45738088235294116,0.4351029411764706,0.4549191176470587,0.4509617647058823,0.49058676470588225,0.5002382352941176,0.4274867647058823,0.438185294117647,0.43598382352941173,0.4437588235294117,0.4429970588235294,0.4568264705882352,0.5028147058823529,0.5650499999999999,0.5277867647058823,0.6694249999999999,0.5948367647058823,0.623010294117647,0.5513882352941176,0.5806779411764705,0.5268279411764706
0.5336985294117647,0.5925441176470588,0.6131014705882352,0.5566676470588234,0.4414617647058823,0.3986735294117647,0.353935294117647,0.3419705882352941,0.3207323529411764,0.3504897058823529,0.3827485294117647,0.3697838235294117,0.38012794117647053,0.4634014705882353,0.4956764705882353,0.5702823529411765,0.6353073529411765,0.6383955882352941,0.6596455882352941,0.5705058823529411,0.6402411764705881,0.5502088235294117,0.5502338235294117,0.5672897058823528,0.5281867647058822,0.46279558823529404,0.3993676470588235,0.3879441176470588,0.35739705882352935,0.36254999999999993,0.3629955882352941,0.3950279411764705,0.4472720588235294,0.4379867647058823,0.4440205882352941,0.4552485294117647,0.5021485294117647,0.5672205882352941,0.5553397058823529,0.5824367647058822,0.5996838235294116,0.5079632352941177,0.4381367647058823,0.5005779411764705,0.4826338235294117,0.5154588235294116,0.5302632352941176,0.5543779411764705,0.6314911764705882,0.5844088235294117,0.5288132352941176,0.5188691176470588,0.525885294117647,0.43080147058823526,0.43287647058823525,0.4663382352941176,0.5252176470588235,0.5562338235294118,0.5582647058823529,0.4802617647058823,0.45368382352941167,0.4351499999999999,0.4706985294117647,0.5166588235294117,0.5155911764705882,0.5477279411764705,0.672575,0.5984617647058823,0.5559485294117646,0.4757147058823529,0.49817058823529403,0.5676764705882352,0.6001823529411764,0.612875,0.5702764705882353,0.5823088235294117,0.4952176470588235,0.5191720588235293,0.46037941176470587,0.44423529411764706,0.4215720588235294,0.4191999999999999,0.4906970588235293,0.49825441176470586,0.40967794117647055,0.45772647058823523,0.42231617647058817,0.44350735294117644,0.4542661764705882,0.5004661764705882,0.5312558823529411,0.5452941176470588,0.5627661764705881,0.5948882352941175,0.6639294117647058,0.5983147058823529,0.6003999999999999,0.5594088235294117,0.5994794117647058
0.4936514705882352,0.6062161764705882,0.5961941176470588,0.527535294117647,0.4385985294117647,0.40936176470588237,0.35435,0.3436955882352941,0.30695617647058826,0.3261123529411764,0.3664588235294117,0.37220294117647057,0.3865205882352941,0.4252367647058823,0.4862205882352941,0.5796132352941176,0.6208838235294117,0.6230617647058823,0.6442749999999999,0.6424323529411763,0.6705823529411764,0.5498470588235292,0.5902485294117648,0.5236323529411764,0.49639117647058817,0.4648955882352941,0.38621470588235296,0.38137647058823526,0.35635882352941173,0.3593970588235294,0.37407499999999994,0.41172352941176465,0.43192058823529406,0.43001911764705875,0.43008676470588236,0.4684088235294117,0.4741294117647058,0.5185411764705883,0.6135176470588235,0.5608926470588235,0.528555882352941,0.48713823529411765,0.47358823529411764,0.45104117647058817,0.4892794117647058,0.4728794117647058,0.5479970588235293,0.5620529411764705,0.5824147058823529,0.5633235294117647,0.5312926470588235,0.5606529411764706,0.514120588235294,0.4362926470588235,0.4974147058823529,0.4606088235294117,0.5063176470588235,0.5211235294117647,0.5642808823529412,0.5065044117647058,0.4923294117647058,0.4402764705882352,0.4733882352941176,0.48352058823529404,0.5765058823529411,0.5240132352941176,0.5677426470588234,0.6155720588235293,0.5036323529411765,0.4706647058823529,0.5157823529411765,0.5816294117647057,0.6292838235294117,0.5733882352941176,0.6824779411764705,0.5827999999999999,0.5216029411764705,0.5291955882352941,0.475285294117647,0.43567941176470587,0.4258147058823529,0.4349823529411765,0.4715294117647058,0.47554117647058813,0.4280205882352941,0.4232161764705881,0.43517205882352933,0.4717249999999999,0.46133970588235285,0.460135294117647,0.5186397058823529,0.5161808823529411,0.5433779411764704,0.6548455882352939,0.5959661764705882,0.6037294117647058,0.650845588235294,0.5656588235294118,0.5545264705882352
0.579585294117647,0.6705911764705881,0.5677779411764706,0.5411294117647059,0.4515955882352941,0.39919705882352935,0.3577205882352941,0.33884411764705885,0.33292794117647057,0.3461485294117647,0.37081029411764704,0.40832794117647053,0.3830220588235294,0.41074117647058817,0.5053588235294117,0.5488205882352941,0.6090132352941175,0.5894426470588234,0.668285294117647,0.6366514705882352,0.624355882352941,0.5376970588235294,0.543275,0.5954838235294118,0.5407779411764706,0.4844926470588235,0.40396911764705873,0.37626176470588235,0.3510382352941176,0.35671323529411764,0.3755264705882353,0.41249264705882344,0.41955588235294106,0.43232794117647055,0.4565735294117647,0.4724970588235294,0.5036499999999999,0.537235294117647,0.5400558823529411,0.5855838235294117,0.6011367647058823,0.5363529411764705,0.4655764705882352,0.49249705882352934,0.47381176470588227,0.46877647058823524,0.5484867647058823,0.5410014705882352,0.6127735294117647,0.5709191176470587,0.6662117647058823,0.587210294117647,0.5076823529411764,0.4722720588235294,0.4789514705882353,0.47964117647058824,0.5667294117647058,0.5101617647058823,0.6237132352941176,0.5236529411764705,0.4993882352941176,0.4868058823529411,0.4744926470588235,0.492435294117647,0.504035294117647,0.6016882352941175,0.6309367647058823,0.6797749999999999,0.6563617647058823,0.5154235294117646,0.5422970588235293,0.607064705882353,0.5942882352941176,0.607160294117647,0.5992661764705881,0.5302029411764706,0.5056235294117647,0.49102794117647053,0.47583088235294113,0.42022205882352937,0.4203926470588235,0.43022499999999997,0.48253235294117647,0.48942647058823524,0.421435294117647,0.44385588235294116,0.43295588235294113,0.44555735294117643,0.4326514705882352,0.4735808823529411,0.49232499999999996,0.5489720588235294,0.6170014705882353,0.5151985294117647,0.5852323529411765,0.6024749999999999,0.5414352941176469,0.5864632352941176,0.5609044117647057
0.5660647058823529,0.6449911764705881,0.6334735294117646,0.4951735294117647,0.45995441176470586,0.41415735294117645,0.3632382352941176,0.34803823529411765,0.32577058823529403,0.3236867647058823,0.36067941176470586,0.3854058823529411,0.4071676470588235,0.4327485294117646,0.4980132352941176,0.594820588235294,0.5631235294117647,0.557095588235294,0.6093029411764704,0.6178426470588235,0.6069029411764705,0.5471647058823529,0.5663970588235293,0.5534176470588235,0.5165308823529411,0.4417985294117646,0.40198235294117646,0.37945294117647055,0.36479705882352936,0.35728529411764703,0.36768382352941176,0.41554264705882343,0.41381764705882346,0.414595588235294,0.4403367647058823,0.4664058823529411,0.4850794117647058,0.5674191176470588,0.5833264705882352,0.6060382352941176,0.5836058823529411,0.5168661764705882,0.4594220588235293,0.46807205882352937,0.4629676470588235,0.48942205882352935,0.5173838235294117,0.5951882352941176,0.5934205882352941,0.6422161764705882,0.5653161764705882,0.5145617647058822,0.5151499999999999,0.47637352941176464,0.47862352941176467,0.4726382352941176,0.5478191176470587,0.5166073529411764,0.5705558823529412,0.5214014705882353,0.4966823529411764,0.45555147058823525,0.4923529411764705,0.5148514705882352,0.5282779411764705,0.6275294117647058,0.6247426470588235,0.6249838235294116,0.5376573529411763,0.537125,0.5402779411764705,0.6133970588235294,0.5926397058823528,0.5960514705882353,0.619835294117647,0.5568441176470588,0.5027485294117646,0.5053088235294116,0.4700941176470588,0.43191029411764703,0.4467882352941176,0.4356764705882353,0.49766323529411755,0.4854720588235294,0.41070294117647055,0.42947941176470583,0.4383514705882352,0.4799779411764706,0.43506176470588226,0.4432205882352941,0.5020367647058823,0.5554058823529412,0.5737176470588234,0.6027382352941175,0.598920588235294,0.5936382352941176,0.6057632352941176,0.5296,0.5379588235294117
0.5649352941176471,0.6451911764705881,0.5722279411764705,0.5261441176470587,0.4361264705882352,0.4199176470588235,0.3651161764705882,0.3438323529411764,0.3142508823529412,0.3474279411764705,0.35612205882352943,0.3821897058823529,0.3846205882352941,0.44182499999999997,0.4929720588235294,0.5668897058823529,0.5973514705882352,0.613875,0.5560735294117646,0.5663720588235294,0.682005882352941,0.5757073529411765,0.5698058823529412,0.5505749999999999,0.5514470588235293,0.4946720588235293,0.42895588235294113,0.3898573529411764,0.3550632352941176,0.36988529411764703,0.3903911764705882,0.42814411764705884,0.42282058823529406,0.42927941176470585,0.43660294117647047,0.448135294117647,0.49850588235294113,0.5767573529411764,0.6059323529411765,0.613514705882353,0.5321705882352941,0.5311676470588235,0.48681029411764704,0.4913220588235293,0.4744941176470588,0.46717058823529406,0.48949411764705875,0.6028073529411765,0.5808661764705881,0.5926117647058823,0.5959735294117646,0.5453632352941176,0.4775691176470587,0.42257941176470587,0.45442499999999997,0.493235294117647,0.5414867647058823,0.5898161764705881,0.578885294117647,0.4982485294117647,0.4651985294117647,0.4536323529411764,0.4912882352941176,0.45904264705882347,0.5051455882352941,0.5212882352941176,0.5358852941176471,0.5601852941176471,0.5439382352941177,0.5116411764705883,0.4853720588235294,0.603125,0.556520588235294,0.6457338235294118,0.5405529411764706,0.5474397058823529,0.5508617647058823,0.5181073529411764,0.44344999999999996,0.4324632352941176,0.4349661764705882,0.4481,0.5118264705882352,0.5251558823529412,0.4195514705882352,0.45712499999999995,0.4387191176470588,0.44576911764705873,0.4572161764705882,0.4716411764705882,0.524470588235294,0.5498014705882353,0.556785294117647,0.6217205882352941,0.6130397058823529,0.6536999999999998,0.5959073529411765,0.5338573529411764,0.515635294117647
0.6191441176470588,0.5421588235294117,0.5755735294117647,0.5156382352941176,0.4389588235294117,0.40234999999999993,0.36840882352941173,0.3364382352941176,0.3225661764705883,0.34058529411764704,0.37192352941176465,0.38057794117647054,0.3954588235294117,0.44203235294117643,0.49119999999999997,0.6434514705882353,0.6247632352941177,0.6664691176470589,0.6586794117647058,0.60485,0.6017588235294118,0.5473323529411764,0.6269176470588235,0.6163029411764707,0.5347014705882353,0.46759411764705877,0.3957779411764705,0.36973382352941175,0.3695235294117647,0.3646647058823529,0.37277647058823526,0.3935705882352941,0.4293308823529411,0.4186588235294117,0.42593088235294113,0.45775,0.5142676470588234,0.5658544117647059,0.5375264705882352,0.6039735294117647,0.5354661764705881,0.5066867647058824,0.4462691176470588,0.46851470588235294,0.4981308823529411,0.5069279411764706,0.49568088235294117,0.5294882352941176,0.5712544117647058,0.6581279411764706,0.5301544117647059,0.5385397058823529,0.5701661764705881,0.49436176470588233,0.46004999999999996,0.5038147058823529,0.5393455882352941,0.5563588235294117,0.5494294117647058,0.559785294117647,0.48629558823529406,0.45460735294117643,0.4414014705882352,0.4926,0.5234926470588235,0.5652470588235293,0.6055470588235294,0.5828661764705882,0.5521102941176469,0.4682573529411764,0.5030823529411764,0.5410382352941175,0.6077397058823528,0.5989794117647058,0.6865544117647058,0.5440661764705882,0.5255661764705882,0.4790691176470588,0.46469411764705876,0.4396264705882353,0.3998926470588235,0.4641676470588235,0.44792794117647056,0.49747205882352935,0.46440735294117647,0.44064558823529404,0.44493823529411763,0.44866764705882345,0.4266029411764706,0.4890558823529411,0.5569132352941176,0.541835294117647,0.5675058823529411,0.5315735294117646,0.6678147058823529,0.6410455882352941,0.6108617647058823,0.5965485294117647,0.5561117647058823
0.6206529411764705,0.5761867647058824,0.612785294117647,0.5545823529411764,0.45822352941176464,0.4191147058823529,0.35948676470588237,0.3296044117647059,0.3145075,0.333185294117647,0.36540735294117643,0.39237941176470587,0.3889249999999999,0.4668382352941176,0.5360014705882352,0.6137323529411763,0.6072073529411764,0.6404367647058823,0.6179264705882352,0.6283191176470587,0.5855999999999999,0.5611897058823528,0.6096573529411764,0.5244249999999999,0.5193455882352941,0.463325,0.3878632352941176,0.37192499999999995,0.3651632352941176,0.38096911764705876,0.3652779411764705,0.4030852941176471,0.43163823529411754,0.4332073529411764,0.44594264705882347,0.4552632352941176,0.5506779411764705,0.5108485294117646,0.5883279411764706,0.6176808823529412,0.5152514705882352,0.5405691176470587,0.4808588235294118,0.48213235294117646,0.4988220588235293,0.4921249999999999,0.5111264705882352,0.5533632352941177,0.6194764705882352,0.6337838235294118,0.5543911764705882,0.540070588235294,0.5056073529411764,0.48579558823529406,0.5031661764705881,0.4456764705882353,0.5249426470588234,0.5167176470588235,0.589310294117647,0.4967441176470588,0.4525926470588235,0.43736029411764704,0.463935294117647,0.49649852941176464,0.5724279411764706,0.5437823529411764,0.6074985294117646,0.6224779411764705,0.5773411764705881,0.560975,0.5145470588235294,0.5953661764705882,0.5876867647058823,0.5672426470588234,0.5903308823529411,0.5958676470588234,0.5401147058823529,0.5604235294117647,0.4255044117647058,0.4564455882352941,0.4481691176470588,0.43152499999999994,0.46879558823529405,0.49845735294117643,0.423385294117647,0.45002647058823525,0.4431882352941176,0.423660294117647,0.43285294117647055,0.4644264705882353,0.5746911764705881,0.5192411764705882,0.5718323529411764,0.6306470588235293,0.6204882352941176,0.5582029411764705,0.6481911764705882,0.5515088235294117,0.5501161764705882
0.5623382352941176,0.6754985294117647,0.5785205882352941,0.5560249999999999,0.43423676470588235,0.3949235294117647,0.3635882352941176,0.3405647058823529,0.33438382352941176,0.3418367647058823,0.3731705882352941,0.3831573529411765,0.3717779411764705,0.42792352941176465,0.4894867647058823,0.5863014705882351,0.5637014705882353,0.577910294117647,0.6308367647058823,0.621270588235294,0.5603294117647059,0.532470588235294,0.5871117647058822,0.5120499999999999,0.5611926470588234,0.5195132352941176,0.40263823529411763,0.3781117647058823,0.3579573529411764,0.3677588235294117,0.3989411764705882,0.38642058823529407,0.3982661764705882,0.4309838235294118,0.4247382352941176,0.4761661764705882,0.5008588235294117,0.5834647058823529,0.5328264705882352,0.5770514705882352,0.5299161764705882,0.5067308823529412,0.4559264705882352,0.44396029411764704,0.4566558823529412,0.4967470588235294,0.5145720588235293,0.5967999999999999,0.551705882352941,0.5548823529411764,0.6118838235294116,0.4983235294117647,0.5230838235294116,0.49328970588235294,0.46724999999999994,0.47102205882352927,0.5085382352941176,0.6365279411764706,0.5576882352941176,0.5275220588235294,0.46260441176470585,0.4948411764705881,0.48630441176470585,0.5154735294117646,0.5160338235294117,0.5201823529411764,0.6405235294117647,0.6402455882352941,0.5374749999999999,0.4932147058823529,0.5065691176470588,0.5604176470588235,0.5727529411764706,0.5800338235294117,0.6475808823529411,0.5741205882352941,0.5154794117647058,0.4997132352941176,0.4243367647058823,0.4320397058823529,0.43699705882352935,0.4663132352941176,0.5344882352941176,0.5332823529411764,0.4247029411764705,0.4658367647058823,0.42873382352941175,0.4631044117647059,0.43395735294117643,0.4706161764705882,0.525485294117647,0.5345044117647059,0.5836220588235294,0.5934264705882352,0.6010264705882353,0.603835294117647,0.5700073529411764,0.5383617647058823,0.5687
0.5240867647058823,0.6342176470588236,0.5331720588235294,0.5286867647058823,0.4481279411764706,0.4115073529411764,0.3579382352941176,0.33636029411764706,0.3204280882352941,0.3452411764705882,0.37243235294117644,0.37226176470588235,0.3778823529411765,0.4384323529411764,0.5390573529411764,0.619689705882353,0.6179735294117648,0.5869544117647058,0.6718691176470587,0.6344073529411765,0.6161235294117646,0.5694897058823529,0.5764338235294117,0.6159044117647059,0.49125147058823526,0.47608382352941175,0.38294117647058823,0.37455147058823524,0.36336617647058816,0.35730147058823525,0.3635720588235294,0.40516470588235287,0.42186323529411757,0.40525147058823524,0.41633382352941173,0.4762794117647058,0.4710382352941176,0.5971029411764704,0.6114926470588234,0.5976764705882351,0.5399764705882353,0.4593573529411764,0.49697499999999994,0.4811397058823529,0.47866470588235294,0.4793691176470588,0.5002661764705882,0.5375838235294117,0.5572294117647058,0.5722911764705882,0.5778147058823528,0.5591720588235293,0.5158647058823529,0.4617117647058823,0.44227647058823527,0.4791220588235294,0.5601411764705881,0.5490867647058822,0.5744294117647059,0.4910147058823529,0.446110294117647,0.4376514705882352,0.49195441176470583,0.48190147058823524,0.5715411764705881,0.6334676470588234,0.5404308823529411,0.5481544117647058,0.5120617647058824,0.5161676470588236,0.5145632352941176,0.5315058823529412,0.5927338235294117,0.5538411764705882,0.6353264705882352,0.5801499999999999,0.54485,0.4968735294117646,0.448560294117647,0.4443823529411764,0.44050735294117643,0.42749852941176464,0.4968632352941175,0.5219544117647058,0.43383382352941174,0.4718823529411764,0.42835735294117644,0.47645882352941166,0.4540926470588235,0.4501147058823529,0.510370588235294,0.5032088235294118,0.5647544117647058,0.636120588235294,0.5679308823529411,0.63695,0.6084691176470587,0.588595588235294,0.6026573529411764
0.57855,0.5548661764705881,0.5490794117647059,0.5022191176470588,0.44194999999999995,0.39877499999999994,0.36391176470588227,0.3454397058823529,0.32396132352941176,0.33651764705882353,0.3722294117647058,0.4031117647058823,0.4088867647058823,0.4047117647058823,0.4856044117647058,0.5453808823529411,0.5856205882352941,0.6363970588235295,0.5665558823529411,0.591260294117647,0.5860323529411764,0.5956985294117646,0.5623205882352941,0.5178382352941177,0.5011308823529411,0.4568264705882352,0.42243970588235286,0.4064441176470588,0.36092941176470583,0.37401470588235297,0.3699867647058823,0.41224852941176465,0.4293132352941176,0.42484999999999995,0.44523970588235295,0.4628573529411764,0.4989499999999999,0.5187176470588235,0.582685294117647,0.5954088235294117,0.5771147058823529,0.5194176470588234,0.4498676470588235,0.47317352941176466,0.46927205882352935,0.5076514705882352,0.5004779411764705,0.5610294117647058,0.608620588235294,0.6202573529411765,0.5817426470588235,0.5851441176470588,0.5275911764705882,0.44159852941176464,0.4437955882352941,0.48325441176470585,0.5406882352941176,0.6192529411764705,0.5829455882352941,0.5409779411764706,0.4446558823529411,0.46095735294117646,0.4743794117647059,0.5304573529411765,0.5093191176470588,0.5645926470588235,0.5985117647058823,0.6011941176470588,0.5277617647058823,0.5210676470588235,0.4839808823529412,0.532514705882353,0.5951,0.5982514705882352,0.5647044117647058,0.6384338235294117,0.5513014705882352,0.5106970588235293,0.45159411764705876,0.4318691176470587,0.41871029411764704,0.4179455882352941,0.4995941176470588,0.4627823529411764,0.4360455882352941,0.42799705882352934,0.468085294117647,0.4813573529411764,0.4264676470588235,0.45247941176470585,0.5514308823529411,0.5505617647058824,0.5510294117647058,0.5620411764705882,0.5953838235294117,0.6311514705882353,0.5199588235294117,0.5667147058823528,0.5126617647058823
0.5566617647058822,0.5911838235294117,0.631845588235294,0.5092838235294117,0.4416985294117647,0.42596911764705875,0.37228676470588234,0.3288191176470588,0.3204235294117647,0.31023014705882346,0.37212058823529404,0.3782455882352941,0.3731411764705882,0.44896323529411764,0.49416617647058825,0.547520588235294,0.6275779411764705,0.6516220588235293,0.6380632352941176,0.6453102941176471,0.6153338235294117,0.5566147058823528,0.554520588235294,0.5398735294117647,0.5681838235294117,0.49751470588235286,0.39120588235294107,0.38496323529411763,0.36082794117647055,0.3616308823529411,0.3806705882352941,0.42514117647058813,0.420410294117647,0.4235029411764705,0.45036323529411765,0.473985294117647,0.48083823529411757,0.5704735294117647,0.5972044117647058,0.6441058823529412,0.5477455882352941,0.5224249999999999,0.46673088235294113,0.46057352941176466,0.44948676470588234,0.5192029411764706,0.49761764705882344,0.6169220588235294,0.6357588235294116,0.5541029411764705,0.5570117647058823,0.5205544117647058,0.5051264705882352,0.43034852941176466,0.39213676470588227,0.482535294117647,0.5005617647058823,0.5272029411764705,0.5630264705882353,0.4969529411764705,0.48592205882352935,0.4795058823529411,0.47359999999999997,0.4810779411764705,0.49512352941176463,0.5541823529411765,0.6442749999999999,0.6017264705882351,0.5831235294117647,0.48449705882352934,0.5213558823529412,0.6025455882352941,0.6369897058823528,0.611180882352941,0.6052485294117647,0.5929720588235293,0.523960294117647,0.48360882352941176,0.47970882352941174,0.4064382352941176,0.43829852941176467,0.4578941176470588,0.4751720588235293,0.48228823529411763,0.44398088235294114,0.40822499999999995,0.398225,0.4345617647058823,0.42862352941176474,0.4510911764705882,0.5580529411764705,0.5413279411764705,0.6046999999999999,0.5804661764705882,0.5431691176470588,0.595735294117647,0.5930455882352941,0.5907441176470587,0.5598470588235294
0.5879558823529412,0.6368617647058823,0.5994691176470588,0.5577514705882353,0.43341470588235287,0.3967294117647058,0.36035735294117643,0.3281102941176471,0.31217073529411765,0.35066176470588234,0.3811470588235294,0.37802941176470584,0.38289705882352937,0.4405588235294117,0.5164529411764706,0.5229661764705882,0.6177867647058822,0.583730882352941,0.6064794117647059,0.6012661764705882,0.53065,0.5807338235294117,0.6032147058823529,0.5610073529411764,0.5611897058823528,0.45512205882352935,0.41724264705882347,0.3912176470588235,0.372285294117647,0.3575897058823529,0.3639985294117647,0.38790588235294116,0.45496911764705883,0.44147941176470584,0.46162352941176465,0.4869441176470588,0.4674823529411764,0.6042573529411764,0.6326749999999999,0.6588147058823529,0.615170588235294,0.5072191176470587,0.4616779411764705,0.5048132352941176,0.42635735294117644,0.5346191176470588,0.5322161764705882,0.6359235294117647,0.609205882352941,0.5846,0.5668867647058823,0.5234632352941176,0.5101867647058823,0.4001661764705881,0.41619705882352936,0.4562220588235294,0.5183632352941175,0.5586308823529411,0.5676323529411763,0.4709529411764705,0.453835294117647,0.4381985294117647,0.469860294117647,0.507325,0.5872132352941176,0.5505808823529411,0.659530882352941,0.6563411764705882,0.5860470588235294,0.47226617647058816,0.5183470588235293,0.5078941176470588,0.5198779411764706,0.5660235294117646,0.583035294117647,0.5912220588235294,0.5132073529411765,0.49930588235294115,0.4356632352941176,0.4306676470588235,0.4444514705882352,0.46161911764705876,0.47585588235294113,0.483135294117647,0.4467617647058823,0.4633338235294117,0.42290735294117643,0.43894558823529406,0.456935294117647,0.4535852941176471,0.5537264705882352,0.5073867647058824,0.5466544117647059,0.6141014705882352,0.5118941176470587,0.599714705882353,0.6289044117647059,0.5815264705882353,0.5704147058823529
0.6182029411764706,0.5855573529411764,0.5402588235294117,0.5343132352941176,0.4965838235294117,0.40061470588235293,0.3591705882352941,0.33210882352941173,0.30512294117647054,0.3376676470588235,0.3837867647058823,0.37054705882352934,0.397260294117647,0.46018235294117643,0.4913911764705881,0.5906970588235294,0.5756529411764705,0.5488279411764705,0.5782235294117646,0.5763485294117646,0.6114514705882352,0.5102044117647058,0.6246735294117646,0.5298794117647059,0.5256235294117647,0.48548382352941166,0.3863014705882353,0.40021176470588227,0.35028088235294114,0.36164999999999997,0.3889735294117646,0.4307161764705882,0.4141044117647058,0.42618676470588224,0.4492147058823529,0.45157647058823525,0.44718088235294107,0.5189382352941176,0.6017411764705881,0.6060132352941177,0.5528044117647058,0.5104970588235294,0.469885294117647,0.5026205882352941,0.5220838235294117,0.4971794117647058,0.5172367647058823,0.5827573529411764,0.6133500000000001,0.5860941176470588,0.5448397058823529,0.5316661764705881,0.5240764705882353,0.49559705882352945,0.48680294117647055,0.4637647058823529,0.5000147058823529,0.5885426470588234,0.609725,0.5103808823529411,0.4309426470588235,0.4276470588235294,0.4701705882352941,0.48021029411764704,0.5254058823529412,0.5475382352941176,0.5824147058823529,0.648930882352941,0.554175,0.5032529411764706,0.44644852941176466,0.5550441176470587,0.6055808823529412,0.5845147058823529,0.5651191176470588,0.5216338235294117,0.525635294117647,0.4902794117647058,0.45351323529411763,0.44372352941176463,0.39831764705882355,0.43936029411764704,0.5027897058823528,0.5014029411764706,0.46074558823529405,0.43882941176470586,0.45734117647058814,0.4365941176470588,0.4571985294117647,0.48193382352941166,0.4978558823529411,0.5573161764705882,0.5652044117647058,0.6310735294117646,0.6484544117647058,0.6310014705882353,0.6459999999999998,0.5295279411764705,0.5786397058823529
0.6017485294117646,0.640485294117647,0.5546338235294117,0.5168852941176469,0.4266073529411764,0.4204779411764706,0.35484117647058816,0.32108088235294113,0.3115472058823529,0.32347279411764696,0.3740808823529412,0.3715779411764705,0.3822249999999999,0.4318161764705882,0.47877499999999995,0.5779588235294117,0.6110073529411764,0.693889705882353,0.5164867647058823,0.5768794117647058,0.6052985294117647,0.5412941176470588,0.5251941176470588,0.5752691176470588,0.5198382352941175,0.4595647058823529,0.40211617647058817,0.3851323529411764,0.35646764705882356,0.3634691176470588,0.3717617647058823,0.40758823529411764,0.4402691176470588,0.42731764705882347,0.4170088235294117,0.4500220588235294,0.4774529411764705,0.5743779411764706,0.5674897058823529,0.617645588235294,0.5564191176470588,0.48743676470588226,0.44310147058823524,0.446410294117647,0.48727352941176466,0.4742058823529411,0.5517514705882353,0.538514705882353,0.6300911764705882,0.5590764705882353,0.5786323529411764,0.5803058823529411,0.4905764705882352,0.45062352941176465,0.4720897058823529,0.49228529411764704,0.5563808823529411,0.571925,0.537135294117647,0.4780147058823529,0.47182058823529405,0.45347205882352937,0.5114441176470588,0.4584558823529411,0.5150764705882352,0.5915911764705881,0.5684573529411765,0.5848117647058824,0.5450823529411764,0.5265132352941175,0.50015,0.5463205882352941,0.5942529411764705,0.5803338235294118,0.5935823529411764,0.5581220588235294,0.5332338235294117,0.5159544117647058,0.45378088235294106,0.4205073529411764,0.4294897058823529,0.4330117647058823,0.48207941176470587,0.49055,0.40330441176470583,0.4370911764705882,0.4135117647058823,0.49592647058823525,0.43059852941176463,0.44494705882352936,0.5167191176470588,0.5068455882352941,0.5815264705882353,0.5703029411764705,0.6633411764705882,0.6036338235294116,0.5977058823529411,0.5838691176470587,0.5202220588235293
0.5608661764705881,0.6276794117647058,0.5971441176470588,0.5042735294117646,0.4284485294117647,0.4084897058823529,0.3524823529411764,0.33727058823529404,0.32212029411764703,0.33898823529411753,0.36966470588235295,0.39266470588235286,0.3834926470588235,0.43404705882352934,0.477710294117647,0.5222426470588235,0.5815058823529412,0.6304176470588234,0.5760382352941176,0.6237882352941176,0.5697985294117646,0.5833720588235293,0.5466926470588235,0.5250720588235294,0.541585294117647,0.48854705882352933,0.412120588235294,0.3855514705882352,0.3639205882352941,0.36282794117647055,0.375860294117647,0.4387529411764706,0.44217058823529404,0.4265308823529411,0.4620176470588235,0.44546911764705877,0.4612941176470588,0.5895264705882352,0.5954205882352941,0.617320588235294,0.5634544117647058,0.48744999999999994,0.46140441176470587,0.4691999999999999,0.45956470588235293,0.5458073529411764,0.48014117647058824,0.5508220588235293,0.5895411764705882,0.5916897058823528,0.5952794117647059,0.5044191176470588,0.512035294117647,0.46900441176470586,0.4653161764705882,0.44467499999999993,0.486535294117647,0.6346705882352941,0.6410161764705882,0.5217411764705882,0.45948088235294116,0.4857338235294117,0.4931,0.4664882352941176,0.5178926470588234,0.5571338235294118,0.5440529411764705,0.596185294117647,0.4887058823529411,0.5041735294117646,0.4710588235294117,0.5564044117647058,0.6024367647058823,0.5604588235294118,0.5479588235294117,0.62335,0.5314308823529411,0.4730882352941176,0.4556941176470588,0.4558617647058823,0.43052647058823523,0.4608147058823529,0.5016808823529412,0.4803941176470588,0.4499573529411764,0.4438735294117647,0.4233455882352941,0.4460676470588235,0.4339897058823529,0.4610779411764705,0.5179705882352941,0.5245441176470588,0.515470588235294,0.624260294117647,0.6011779411764706,0.6344044117647059,0.6515808823529411,0.5622720588235294,0.5911367647058823
0.5229411764705882,0.6385161764705882,0.5427647058823529,0.5415705882352941,0.4400985294117647,0.38814558823529405,0.36026176470588234,0.32915441176470583,0.32954852941176466,0.3457308823529412,0.36774999999999997,0.3792720588235293,0.3837735294117646,0.4107367647058823,0.5189294117647059,0.6017705882352942,0.5965073529411764,0.6116058823529411,0.59215,0.5948382352941176,0.5950779411764705,0.5180044117647058,0.5358970588235293,0.5108544117647059,0.5386661764705882,0.4692544117647058,0.4055764705882353,0.3683323529411764,0.37038823529411763,0.37063088235294117,0.3791073529411765,0.3999661764705882,0.411,0.42149411764705874,0.4469867647058823,0.46193382352941176,0.4867749999999999,0.5502073529411764,0.5628764705882352,0.58625,0.609910294117647,0.48149852941176463,0.48576176470588234,0.4335705882352941,0.478985294117647,0.4742117647058823,0.5455676470588234,0.6006397058823528,0.5790264705882352,0.6509911764705882,0.5845544117647058,0.5729411764705882,0.5082029411764705,0.46312352941176466,0.4382264705882353,0.49616617647058814,0.5369132352941176,0.5568544117647058,0.5641235294117647,0.48697205882352934,0.4674808823529411,0.4774426470588235,0.46859999999999996,0.5035926470588235,0.5454691176470587,0.5449632352941176,0.550035294117647,0.6130588235294117,0.6133691176470588,0.4739176470588235,0.5319470588235294,0.5551764705882353,0.6335676470588234,0.6516838235294117,0.6267882352941175,0.5476367647058823,0.5313470588235294,0.48441764705882345,0.4540411764705882,0.4308897058823529,0.4274720588235294,0.4244029411764705,0.4666897058823529,0.4953132352941176,0.4543205882352941,0.4372573529411764,0.4257999999999999,0.4557455882352941,0.45800588235294115,0.5033691176470587,0.534685294117647,0.5593220588235294,0.5758661764705882,0.6058044117647058,0.5634323529411764,0.6162235294117646,0.6029544117647058,0.5595029411764705,0.5790985294117647
0.5301764705882352,0.6236676470588235,0.5980985294117647,0.5165867647058823,0.47778823529411757,0.3953529411764705,0.359,0.3292176470588235,0.32201617647058817,0.32923558823529403,0.35790441176470583,0.3812838235294117,0.41682205882352935,0.42023235294117645,0.5131632352941176,0.5301323529411763,0.6221279411764706,0.6660073529411764,0.648525,0.6162970588235294,0.6121,0.5441544117647058,0.5627941176470588,0.5617279411764705,0.5114764705882352,0.4646191176470588,0.3963382352941176,0.3738941176470588,0.35870147058823526,0.36583823529411763,0.3726499999999999,0.398410294117647,0.43930588235294116,0.4147676470588235,0.41482647058823524,0.45384264705882343,0.5121058823529412,0.5570544117647058,0.6398367647058822,0.5582382352941175,0.5625191176470588,0.5222514705882353,0.4716191176470588,0.4928897058823529,0.4740029411764705,0.4790955882352941,0.5172367647058823,0.5413220588235294,0.5976882352941176,0.5993161764705882,0.562385294117647,0.5437573529411764,0.5231205882352941,0.4857044117647058,0.44808382352941173,0.4468691176470588,0.5832808823529411,0.547485294117647,0.5799294117647059,0.48437205882352935,0.4695397058823529,0.45561764705882346,0.44300882352941173,0.5270411764705882,0.5210470588235294,0.5190235294117646,0.5506323529411764,0.4995691176470588,0.5912749999999999,0.48821323529411753,0.47268970588235293,0.48257794117647057,0.6572514705882352,0.6384264705882352,0.638210294117647,0.5638882352941176,0.5250147058823529,0.5389529411764705,0.4318308823529411,0.4410808823529411,0.4167411764705882,0.4132632352941176,0.48330588235294114,0.5204088235294118,0.47186323529411756,0.42327499999999996,0.4069308823529411,0.4629382352941176,0.4362499999999999,0.46481764705882345,0.5319220588235294,0.555570588235294,0.5155705882352941,0.5635117647058823,0.5547441176470588,0.6693838235294116,0.5916838235294117,0.5809,0.5774882352941176
0.5721897058823529,0.6054897058823528,0.567395588235294,0.5113514705882353,0.4668235294117647,0.422810294117647,0.3586088235294117,0.3338661764705882,0.32393294117647053,0.3468,0.37732794117647056,0.3742926470588235,0.3801779411764705,0.43986323529411764,0.539920588235294,0.5416411764705882,0.5973308823529411,0.6280382352941176,0.5902029411764705,0.5449911764705881,0.5981970588235295,0.5916676470588235,0.5505441176470588,0.5507602941176469,0.49625735294117646,0.4672161764705882,0.40740882352941177,0.3840117647058823,0.3692426470588234,0.3662088235294117,0.3686838235294117,0.38763235294117643,0.4287529411764705,0.42379852941176466,0.4370558823529411,0.47554117647058813,0.4709485294117646,0.5241132352941177,0.6811985294117645,0.6366485294117646,0.5591205882352941,0.49829999999999997,0.45082941176470587,0.4882867647058823,0.4673867647058823,0.507875,0.5301544117647058,0.5384970588235294,0.6418029411764705,0.6153441176470588,0.6175794117647058,0.6016573529411764,0.5162411764705882,0.4892161764705882,0.44858823529411757,0.48556323529411755,0.5193411764705882,0.5309441176470587,0.6036,0.5068985294117646,0.48847499999999994,0.4892897058823529,0.47282794117647053,0.4964838235294117,0.5150308823529411,0.6016691176470588,0.6183235294117646,0.5520411764705881,0.5328558823529411,0.5259205882352941,0.4843588235294117,0.5869661764705881,0.601960294117647,0.6285411764705882,0.5757838235294117,0.5728161764705882,0.5075867647058823,0.48951029411764696,0.4402676470588235,0.4685779411764705,0.4082955882352941,0.43501176470588226,0.47037499999999993,0.4776088235294117,0.46551470588235283,0.43191176470588233,0.45820441176470583,0.46750588235294116,0.41686470588235286,0.49600588235294113,0.5447558823529411,0.5427264705882353,0.5977529411764705,0.5592985294117646,0.5818661764705881,0.6155617647058822,0.6064073529411764,0.5478411764705882,0.5038867647058822
0.5434485294117647,0.6212132352941175,0.5520249999999999,0.5312955882352941,0.41786470588235286,0.41994852941176464,0.36134558823529406,0.3332205882352941,0.31877455882352934,0.3483985294117647,0.36613529411764706,0.380685294117647,0.37788529411764704,0.44331470588235294,0.5036573529411764,0.5554529411764705,0.5533279411764704,0.5674176470588235,0.583795588235294,0.6432161764705882,0.6547147058823528,0.5563029411764706,0.6334941176470588,0.5492323529411763,0.5090573529411765,0.46687058823529404,0.39453235294117645,0.38573529411764707,0.35862794117647057,0.37103970588235285,0.3897529411764705,0.40961323529411764,0.41063235294117645,0.4233102941176471,0.459445588235294,0.5069220588235294,0.4420279411764706,0.5397191176470588,0.5952441176470586,0.6217529411764705,0.531570588235294,0.5035970588235293,0.4468073529411764,0.46909705882352937,0.45279558823529403,0.505585294117647,0.4838647058823529,0.5858661764705881,0.5939691176470587,0.6570632352941177,0.5672294117647059,0.5595808823529411,0.5459176470588234,0.4759058823529411,0.47013235294117645,0.48547794117647053,0.5622044117647058,0.543735294117647,0.5139926470588234,0.4745382352941176,0.47174117647058816,0.45945441176470586,0.5077514705882352,0.4750882352941176,0.5695411764705881,0.6335617647058823,0.6405985294117647,0.6388294117647058,0.5291985294117646,0.5666029411764705,0.5014941176470589,0.6104617647058823,0.6113323529411764,0.5701485294117646,0.679195588235294,0.5517573529411764,0.5554676470588235,0.4885897058823529,0.42613676470588235,0.443535294117647,0.4123970588235294,0.47150294117647057,0.47127058823529405,0.514685294117647,0.4354205882352941,0.46118529411764697,0.4130794117647058,0.43515882352941176,0.4706147058823529,0.4439897058823529,0.558060294117647,0.5715720588235293,0.6113602941176469,0.587885294117647,0.6256970588235293,0.6231941176470588,0.5639838235294117,0.5162073529411764,0.53655
0.5982102941176471,0.6457691176470588,0.5608308823529411,0.5608941176470588,0.4443058823529411,0.4172941176470588,0.36727499999999996,0.3408029411764706,0.3098198529411764,0.32773823529411766,0.36386617647058817,0.38388676470588234,0.38314558823529404,0.4811117647058823,0.47385294117647053,0.6063367647058822,0.6490544117647058,0.6412617647058824,0.6025647058823529,0.6257176470588235,0.6884279411764705,0.5788558823529412,0.5185191176470587,0.5463764705882352,0.5304794117647058,0.47382058823529405,0.4090544117647058,0.37923235294117646,0.35284117647058827,0.36318529411764705,0.36802647058823523,0.42028970588235287,0.435735294117647,0.41775294117647055,0.4507749999999999,0.4513235294117647,0.4634470588235294,0.5179897058823529,0.6180044117647058,0.693635294117647,0.550895588235294,0.4982323529411764,0.4642911764705882,0.5005470588235293,0.4868382352941176,0.48063823529411764,0.5394676470588234,0.5809220588235294,0.5458191176470588,0.5783176470588235,0.5883617647058823,0.5384249999999999,0.5298999999999999,0.49789999999999995,0.44333088235294116,0.49066617647058813,0.5301029411764705,0.5555985294117647,0.5974676470588235,0.4816676470588235,0.4619191176470588,0.4505220588235294,0.4728838235294117,0.46746176470588235,0.49353676470588226,0.609360294117647,0.621860294117647,0.6770191176470587,0.5113911764705882,0.44581911764705884,0.4680132352941176,0.5201794117647058,0.62135,0.5828985294117647,0.5852485294117646,0.5994955882352941,0.5337588235294116,0.4865941176470588,0.47181764705882345,0.4331249999999999,0.4104397058823529,0.43636323529411764,0.48553382352941177,0.486085294117647,0.44383235294117646,0.44487352941176467,0.4368279411764706,0.4324558823529411,0.4345485294117647,0.46415735294117644,0.4876367647058823,0.5658088235294118,0.5493867647058823,0.614305882352941,0.6300941176470587,0.5495779411764705,0.6038720588235293,0.5047499999999999,0.5141308823529411
0.5576808823529411,0.5515544117647058,0.5912191176470588,0.5560161764705882,0.4128955882352941,0.3969882352941176,0.36645294117647054,0.32645,0.30490294117647054,0.3341176470588235,0.3699882352941176,0.4036308823529411,0.3867338235294117,0.4454808823529412,0.4857926470588235,0.5587647058823528,0.612875,0.5337176470588235,0.669910294117647,0.5895102941176471,0.6324470588235294,0.5604264705882352,0.5277308823529411,0.5710999999999999,0.5208823529411764,0.4679220588235294,0.42825735294117645,0.37555294117647053,0.3624941176470588,0.3683705882352941,0.37178529411764705,0.43814264705882344,0.3861764705882353,0.4078132352941176,0.44841764705882353,0.44056617647058816,0.5154029411764706,0.6004294117647058,0.6297485294117646,0.670330882352941,0.5880632352941175,0.5040014705882352,0.4382661764705882,0.4860897058823529,0.47079117647058816,0.484075,0.5306794117647059,0.5760911764705882,0.597675,0.6116838235294116,0.5531191176470588,0.5752147058823529,0.5099294117647059,0.4431426470588235,0.4872308823529411,0.49564411764705874,0.5594985294117647,0.5846573529411764,0.593370588235294,0.4675911764705882,0.43784999999999996,0.4654764705882352,0.4877205882352941,0.49221323529411765,0.5468617647058823,0.577060294117647,0.5792382352941177,0.5337029411764705,0.5937558823529411,0.5552205882352941,0.5401058823529411,0.6218499999999999,0.629225,0.5956735294117647,0.5824705882352941,0.5738279411764705,0.5422220588235294,0.505985294117647,0.4385191176470588,0.4392720588235294,0.4599749999999999,0.4970249999999999,0.5453985294117646,0.5205808823529412,0.4337249999999999,0.453870588235294,0.41643970588235285,0.46093823529411765,0.43618676470588236,0.500925,0.49086176470588233,0.5594029411764705,0.5856220588235294,0.562310294117647,0.6722029411764706,0.5973088235294117,0.6118632352941176,0.5541014705882352,0.5894764705882353
0.5645735294117646,0.6067470588235294,0.6162823529411765,0.48753676470588225,0.4239588235294117,0.4344529411764705,0.34816911764705877,0.3504676470588235,0.3179382352941176,0.33958676470588234,0.36936617647058817,0.3679470588235294,0.3682735294117647,0.42645294117647053,0.5128794117647059,0.5619485294117647,0.6256249999999999,0.585210294117647,0.5785264705882353,0.6187044117647059,0.5928911764705882,0.5894176470588235,0.5770191176470587,0.5647161764705881,0.5104676470588234,0.48132647058823524,0.38530441176470587,0.3771308823529412,0.3672205882352941,0.3645338235294117,0.3761029411764706,0.4190632352941176,0.4270558823529411,0.4296014705882352,0.4346764705882352,0.4504235294117646,0.46977205882352935,0.49022352941176467,0.6185411764705881,0.6026044117647058,0.5737294117647058,0.48884705882352936,0.45654705882352936,0.46821911764705876,0.4780558823529411,0.46663823529411763,0.5405426470588235,0.5691661764705882,0.5498367647058823,0.5222397058823529,0.5893647058823528,0.5879014705882352,0.48156176470588224,0.4814426470588235,0.47064558823529407,0.5037705882352941,0.5372955882352941,0.5915249999999999,0.5303044117647058,0.49712058823529404,0.4769470588235294,0.4585073529411764,0.4862338235294117,0.48839999999999995,0.5185617647058823,0.584914705882353,0.6245911764705883,0.5136897058823529,0.6301911764705881,0.5274794117647058,0.5268249999999999,0.5897882352941176,0.5805117647058823,0.6737102941176469,0.5805147058823529,0.5255661764705882,0.5153367647058823,0.4603176470588235,0.4537485294117647,0.44640588235294115,0.4316367647058823,0.45265147058823524,0.48938088235294114,0.4821073529411764,0.4057191176470588,0.4538485294117647,0.4334249999999999,0.45237794117647057,0.42388823529411757,0.46274852941176464,0.5091132352941176,0.5348529411764705,0.6163014705882351,0.5825632352941176,0.6255558823529411,0.6060220588235294,0.597185294117647,0.5219985294117647,0.5320514705882352
0.5401308823529412,0.565495588235294,0.5756397058823528,0.5344308823529411,0.46337941176470576,0.39627647058823523,0.35722794117647055,0.33081470588235284,0.3300794117647058,0.3459264705882353,0.3644720588235294,0.4005441176470588,0.37773970588235284,0.4251794117647058,0.520075,0.5255794117647058,0.6448749999999999,0.606885294117647,0.5445558823529412,0.6375382352941176,0.6330764705882352,0.5747411764705882,0.5708029411764705,0.5449749999999999,0.5152176470588234,0.5063323529411764,0.41460294117647056,0.3932058823529411,0.3681794117647058,0.3672676470588235,0.37354705882352934,0.40739705882352933,0.42781911764705877,0.4047102941176471,0.5005088235294117,0.46904558823529413,0.49740147058823525,0.519035294117647,0.576620588235294,0.6709308823529412,0.5908411764705881,0.5533088235294117,0.5041088235294117,0.45961470588235287,0.44155735294117643,0.46980294117647053,0.5229823529411765,0.5834249999999999,0.5832529411764705,0.6122955882352941,0.6243338235294117,0.5756764705882352,0.5143764705882352,0.46864558823529406,0.46258088235294115,0.47877794117647055,0.6015470588235293,0.5534264705882352,0.5295691176470587,0.47666323529411764,0.4468558823529411,0.4312441176470588,0.46798676470588235,0.5130088235294117,0.4968661764705882,0.5067205882352941,0.6141,0.630014705882353,0.5878941176470588,0.4769632352941176,0.4788867647058823,0.5546044117647058,0.6210514705882352,0.639995588235294,0.624960294117647,0.5514691176470587,0.509335294117647,0.5147058823529411,0.4384323529411764,0.4180749999999999,0.3939838235294117,0.4308058823529411,0.4713911764705882,0.4927720588235294,0.42726911764705877,0.4333191176470588,0.4308382352941176,0.4589235294117647,0.41928970588235287,0.4483264705882352,0.5209161764705882,0.556470588235294,0.5828779411764705,0.6452676470588234,0.6485220588235294,0.5636764705882352,0.5805161764705882,0.6049176470588236,0.5822735294117647
0.5638764705882353,0.5483176470588235,0.6446955882352939,0.6376691176470588,0.4612102941176471,0.43737499999999996,0.36129852941176466,0.3447720588235294,0.30570132352941176,0.3265,0.3734705882352941,0.3911514705882353,0.3907117647058823,0.4341485294117647,0.4830720588235293,0.558295588235294,0.6286544117647058,0.6035985294117646,0.5895264705882352,0.5465764705882352,0.6358426470588235,0.5553632352941176,0.6332544117647058,0.5169647058823529,0.4843602941176471,0.4710514705882352,0.3847499999999999,0.39178676470588236,0.3609088235294117,0.36505882352941177,0.39019117647058815,0.41685294117647054,0.45707205882352936,0.4342882352941176,0.47241470588235285,0.45717499999999994,0.5245117647058822,0.5992073529411763,0.6490867647058823,0.5731323529411764,0.5540882352941175,0.5235779411764705,0.45262941176470584,0.47492352941176463,0.48023382352941174,0.46260294117647055,0.5449132352941175,0.553645588235294,0.5648470588235294,0.5767573529411764,0.5993014705882354,0.5393794117647058,0.5210794117647057,0.4361147058823529,0.4809073529411765,0.5177294117647059,0.5316470588235294,0.5655352941176469,0.6174029411764705,0.5100029411764706,0.4730117647058823,0.4902808823529412,0.4452838235294117,0.4824323529411765,0.5423676470588235,0.5756941176470588,0.536570588235294,0.5703352941176469,0.5570647058823529,0.5262382352941176,0.44463823529411756,0.6389044117647058,0.5838308823529411,0.5835632352941176,0.6269529411764705,0.5519867647058823,0.5162661764705881,0.49738088235294114,0.46250441176470586,0.45858970588235287,0.43966764705882344,0.4669691176470588,0.45607941176470584,0.5208970588235293,0.4205264705882353,0.445045588235294,0.4480691176470588,0.41318823529411763,0.4200632352941176,0.4307235294117646,0.5672588235294117,0.5454911764705882,0.5624897058823529,0.5815617647058823,0.5823441176470588,0.657345588235294,0.6276588235294117,0.5687264705882352,0.6110955882352941
0.6027588235294118,0.653060294117647,0.5421779411764706,0.5115823529411765,0.4528044117647058,0.3933823529411764,0.3582514705882353,0.32771279411764703,0.31126764705882354,0.3391985294117646,0.37501029411764697,0.3796235294117647,0.3842426470588235,0.40184852941176463,0.4860147058823529,0.5493588235294117,0.614860294117647,0.6083088235294116,0.5792235294117647,0.6323985294117646,0.6626779411764706,0.5674367647058822,0.5772132352941176,0.5080367647058823,0.48430294117647055,0.5124529411764706,0.40866911764705877,0.3804132352941176,0.36397794117647053,0.36555147058823523,0.3624632352941176,0.4091205882352941,0.4451647058823529,0.4512882352941176,0.4544397058823529,0.4496323529411764,0.4595441176470588,0.5717426470588235,0.6753235294117647,0.5722338235294117,0.6292029411764705,0.5058764705882353,0.4959382352941176,0.4673191176470588,0.4831191176470588,0.5028544117647058,0.5171941176470587,0.5196779411764705,0.6023014705882352,0.591320588235294,0.5803941176470588,0.5049308823529411,0.508910294117647,0.41685294117647054,0.49595882352941173,0.4902117647058823,0.46652941176470586,0.5867749999999999,0.633175,0.4878426470588235,0.48967794117647057,0.46313823529411763,0.4564338235294117,0.4940073529411765,0.5468676470588235,0.5401911764705882,0.6210338235294116,0.6236470588235293,0.537175,0.5006470588235293,0.5399073529411765,0.5724279411764706,0.6024470588235293,0.6945985294117647,0.6094838235294116,0.5868985294117647,0.48322647058823526,0.5221308823529411,0.48336617647058816,0.43837794117647055,0.4352176470588235,0.41873970588235293,0.4974014705882352,0.5344367647058823,0.4214338235294118,0.43479999999999996,0.43276764705882353,0.46543676470588236,0.4190014705882353,0.4325573529411765,0.50845,0.5244367647058823,0.6326308823529412,0.6058926470588235,0.6107294117647059,0.5863220588235293,0.6088426470588235,0.5420999999999999,0.48056911764705884
0.6484985294117647,0.5665044117647058,0.5658235294117646,0.5667338235294117,0.44692941176470585,0.42491323529411756,0.3541647058823529,0.33748823529411764,0.31749941176470586,0.34325441176470584,0.36824705882352937,0.3914132352941176,0.38403235294117644,0.42385294117647054,0.48994411764705875,0.5578308823529411,0.6015632352941176,0.6369088235294117,0.5845794117647058,0.6472882352941176,0.6017588235294118,0.5102176470588234,0.5877985294117647,0.5409985294117646,0.5133014705882353,0.45379558823529403,0.3965499999999999,0.38197499999999995,0.3664735294117647,0.3650308823529412,0.36574999999999996,0.41209705882352937,0.4238426470588235,0.44543529411764704,0.44948382352941174,0.4703088235294117,0.4589235294117647,0.5356808823529411,0.6382058823529412,0.5894073529411764,0.5379588235294117,0.5003,0.42241323529411756,0.5064382352941177,0.44415147058823523,0.4823838235294118,0.5350014705882352,0.5886161764705882,0.6091941176470588,0.5800176470588234,0.5955205882352941,0.588595588235294,0.5284573529411765,0.4501558823529412,0.4873661764705882,0.49093529411764697,0.5112441176470588,0.5634764705882352,0.598445588235294,0.5034441176470588,0.4721838235294117,0.44198676470588233,0.4689529411764706,0.5050191176470588,0.5451632352941176,0.5572088235294117,0.6065617647058823,0.6486382352941176,0.544785294117647,0.5177661764705882,0.4755779411764705,0.5552073529411764,0.5298029411764705,0.5954352941176471,0.6144073529411764,0.5583264705882353,0.5344176470588234,0.48759705882352933,0.45192205882352937,0.43494558823529406,0.4659,0.448595588235294,0.4711073529411764,0.48581911764705876,0.4152926470588235,0.43129705882352937,0.43575588235294116,0.44109705882352934,0.43675588235294116,0.46457499999999996,0.5531897058823528,0.5270573529411764,0.6331323529411764,0.667175,0.695035294117647,0.6037558823529412,0.5949926470588234,0.5775705882352941,0.5506661764705882
