16,-15,5.0
16,-15,5.0
16,-15,14.42907624916808
16,-15,5.0
16,-15,5.0
16,-15,5.0
16,-15,5.0
16,-15,5.0
16,-15,5.0
16,-15,5.0
16,-15,5.0
16,-15,5.0
16,-15,5.0
16,-15,5.231813297474351
16,-15,17.750105429239078
16,-15,5.0
16,-15,5.0
16,-15,5.0
16,-15,5.0
16,-15,5.0
16,-14,8.665382691147297
16,-14,5.0
16,-14,6.959968883393757
16,-14,5.0
16,-14,9.003409662892471
16,-14,5.0
16,-14,5.0
16,-14,5.0
16,-14,5.0
16,-14,5.0
16,-14,10.733621968613507
16,-14,5.394305639253611
16,-14,5.0
16,-14,10.298670588199275
16,-14,5.0
16,-14,5.0
16,-14,5.0
16,-14,5.0
16,-14,5.0
16,-14,8.714507423781907
16,-13,12.474804046270428
16,-13,5.689183977293762
16,-13,5.0
16,-13,10.616136123794325
16,-13,14.898737893988873
16,-13,5.0
16,-13,5.0
16,-13,5.0
16,-13,8.591988510865086
16,-13,5.3974039515231516
16,-13,9.303417484186117
16,-13,5.400537831740569
16,-13,5.0
16,-13,5.0
16,-13,5.0
16,-13,5.0
16,-13,5.0
16,-13,5.0
16,-13,8.734010590687863
16,-13,5.0
16,-12,5.0
16,-12,16.290086677043035
16,-12,13.840860960030387
16,-12,5.0
16,-12,9.418793352267697
16,-12,5.0
16,-12,5.0
16,-12,10.153076714401585
16,-12,5.0
16,-12,5.0
16,-12,5.0
16,-12,10.90751424494297
16,-12,5.0
16,-12,5.0
16,-12,13.787404261487621
16,-12,17.524976890394164
16,-12,9.675980995764931
16,-12,5.0
16,-12,9.91980902970662
16,-12,5.0
16,-11,5.0
16,-11,5.0
16,-11,5.0
16,-11,5.0
16,-11,5.0
16,-11,5.0
16,-11,5.0
16,-11,5.0
16,-11,8.237215454992372
16,-11,11.572554801074078
16,-11,11.19185417174035
16,-11,5.0
16,-11,5.0
16,-11,10.690515718525461
16,-11,8.806716564302052
16,-11,5.0
16,-11,13.193259144765735
16,-11,10.218959191331695
16,-11,15.97497308177686
16,-11,17.93384312530622
15,-11,5.0
15,-11,5.0
15,-11,5.0
15,-11,5.0
15,-11,5.0
15,-11,5.0
15,-11,5.0
15,-11,20.190156028687063
15,-11,5.0
15,-11,6.59651151654782
15,-11,6.91939275062002
15,-11,10.591471838804583
15,-11,5.0
15,-11,6.774976255976785
15,-11,5.0
15,-11,5.0
15,-11,15.666224582445563
15,-11,5.0
15,-11,5.0
15,-11,5.0
14,-11,5.0
14,-11,5.0
14,-11,5.0
14,-11,5.098018556945823
14,-11,5.0
14,-11,9.604786366886406
14,-11,5.0
14,-11,10.31100616534279
14,-11,5.0
14,-11,26.906528744081964
14,-11,6.213256477075302
14,-11,17.30795202417064
14,-11,5.0
14,-11,5.0
14,-11,5.0
14,-11,5.0
14,-11,6.75702615940637
14,-11,5.0
14,-11,5.0
14,-11,12.765088777702212
15,-11,5.338143169136275
15,-11,13.722581032116018
15,-11,15.981852335931112
15,-11,5.0
15,-11,5.0
15,-11,12.826168158299001
15,-11,5.0
15,-11,10.334115801004014
15,-11,5.999189149195538
15,-11,11.07743548688505
15,-11,5.0
15,-11,13.04434772581824
15,-11,20.25692587836833
15,-11,5.0
15,-11,14.921156317484845
15,-11,5.0
15,-11,5.0
15,-11,9.53260369102168
15,-11,5.0
15,-11,8.468183861173063
14,-11,5.0
14,-11,5.0
14,-11,5.0
14,-11,9.564791708436442
14,-11,5.0
14,-11,5.0
14,-11,7.672414530099406
14,-11,5.0
14,-11,16.710527432784737
14,-11,8.411907628184903
14,-11,5.0
14,-11,5.0
14,-11,10.544964516705976
14,-11,12.666002983347294
14,-11,10.603901181679987
14,-11,5.0
14,-11,5.0
14,-11,15.012515315340053
14,-11,5.0
14,-11,5.0
14,-10,5.0
14,-10,11.420733090546548
14,-10,5.0
14,-10,5.0
14,-10,14.981268755080691
14,-10,5.0
14,-10,14.587281819882909
14,-10,31.025624992267016
14,-10,27.311123183237946
14,-10,5.0
14,-10,21.238192599563448
14,-10,5.0
14,-10,11.483735643277235
14,-10,5.0
14,-10,30.908107995459602
14,-10,6.418231972493565
14,-10,5.0
14,-10,5.7806614901791065
14,-10,5.0
14,-10,15.038610874961732
13,-10,5.0
13,-10,12.338070617393225
13,-10,5.0
13,-10,14.928448778066738
13,-10,5.0
13,-10,5.0
13,-10,47.10104791374659
13,-10,12.194029976063625
13,-10,5.888505662482936
13,-10,5.0
13,-10,14.346304119981777
13,-10,5.0
13,-10,26.359230822510945
13,-10,5.0
13,-10,6.378286699614938
13,-10,5.0
13,-10,9.749985761927405
13,-10,16.009303155790693
13,-10,5.0
13,-10,6.062713525452017
12,-10,14.274791075093066
12,-10,11.07876343123055
12,-10,10.454733340460667
12,-10,7.429724723041662
12,-10,5.0
12,-10,5.0
12,-10,5.0
12,-10,24.770777448149232
12,-10,5.0
12,-10,5.0
12,-10,5.0
12,-10,19.170145731482
12,-10,12.384877902754916
12,-10,29.630239311885365
12,-10,8.839317691795122
12,-10,13.99675680849721
12,-10,17.79688660843876
12,-10,11.034371460572938
12,-10,5.0
12,-10,15.681690164559328
11,-10,5.0
11,-10,10.659600815837987
11,-10,7.181112795574615
11,-10,5.0
11,-10,5.0
11,-10,5.977113641823537
11,-10,5.0
11,-10,5.650237755561844
11,-10,5.0
11,-10,10.68022581582497
11,-10,5.0
11,-10,5.0
11,-10,16.091263758339753
11,-10,5.0
11,-10,7.890661754975593
11,-10,5.0
11,-10,13.936944462455847
11,-10,6.667639624836909
11,-10,5.108552916160754
11,-10,5.0
11,-9,6.613403109383773
11,-9,5.0
11,-9,20.534423721695266
11,-9,5.0
11,-9,5.0
11,-9,8.849055226306394
11,-9,13.367243698339998
11,-9,5.0
11,-9,5.0
11,-9,9.75878972945993
11,-9,10.063055130076917
11,-9,17.918262521668023
11,-9,5.0
11,-9,5.0
11,-9,8.927651354927248
11,-9,5.0
11,-9,5.0
11,-9,12.885708123690051
11,-9,10.948122100549913
11,-9,5.0
12,-9,7.540100527504787
12,-9,13.169595001635836
12,-9,6.9966170846192455
12,-9,41.24658291508956
12,-9,14.702091524815458
12,-9,5.0
12,-9,5.0
12,-9,6.432405218006838
12,-9,8.992526354663179
12,-9,5.0
12,-9,36.13082502338659
12,-9,9.20421865184025
12,-9,37.027221293955506
12,-9,15.95629892838015
12,-9,5.0
12,-9,10.127999398309656
12,-9,48.67445596005912
12,-9,5.0
12,-9,11.135092260933089
12,-9,10.615675172792237
12,-8,12.780310762839335
12,-8,21.79718243115994
12,-8,25.2363227868821
12,-8,5.0
12,-8,25.841308380225996
12,-8,10.227310674564436
12,-8,5.0
12,-8,16.20305883913222
12,-8,17.91855168244867
12,-8,5.0
12,-8,5.0
12,-8,11.208009951532459
12,-8,21.919480695217963
12,-8,11.192312212702483
12,-8,5.0
12,-8,22.56054254128432
12,-8,5.0
12,-8,14.495305382774571
12,-8,11.038404781428701
12,-8,14.09579040881726
11,-8,17.981387756017163
11,-8,30.573490338187845
11,-8,14.569169240977647
11,-8,5.0
11,-8,21.47350967811375
11,-8,17.00044423734698
11,-8,8.77982743694858
11,-8,6.631100424655529
11,-8,14.713274389759581
11,-8,13.823012512815223
11,-8,5.0
11,-8,5.0
11,-8,6.8015220876271645
11,-8,23.313422000939966
11,-8,5.0
11,-8,31.908750728142316
11,-8,17.871437084788365
11,-8,8.852781981668219
11,-8,19.200755242744684
11,-8,5.0
11,-7,21.842492752442944
11,-7,7.935494163743536
11,-7,5.0
11,-7,22.770376860485065
11,-7,54.0860489304804
11,-7,17.68920622376559
11,-7,8.062376552786626
11,-7,11.312476328026714
11,-7,5.0
11,-7,5.0
11,-7,5.0
11,-7,11.388178136328236
11,-7,5.0
11,-7,5.04635974212007
11,-7,11.630423197753853
11,-7,13.688270814423323
11,-7,20.687283437275866
11,-7,5.431849422458026
11,-7,10.027100627256015
11,-7,5.0
10,-7,22.278168758301884
10,-7,5.0
10,-7,5.0
10,-7,5.0
10,-7,17.6757554834063
10,-7,5.165332210200941
10,-7,10.178130259979467
10,-7,18.373413728268883
10,-7,5.0
10,-7,5.110370382808759
10,-7,21.568073272573677
10,-7,18.124876937394284
10,-7,44.74834240042645
10,-7,25.78276733864369
10,-7,7.7151245835692555
10,-7,12.007376464764214
10,-7,17.589769377784044
10,-7,10.165921711121545
10,-7,36.76118162368364
10,-7,5.0
9,-7,19.59543483867201
9,-7,19.251959088446934
9,-7,27.722801274243928
9,-7,22.451314100195997
9,-7,9.257999933004124
9,-7,23.81225207735219
9,-7,5.0
9,-7,10.143431490726162
9,-7,5.0
9,-7,11.288973746603215
9,-7,15.515265655171532
9,-7,25.62545580832097
9,-7,5.0
9,-7,9.448260806319903
9,-7,23.482293987530362
9,-7,57.753229599843216
9,-7,5.0
9,-7,5.0
9,-7,5.0
9,-7,6.470833931621499
8,-7,5.0
8,-7,11.479930433837689
8,-7,21.340876646342814
8,-7,19.644907837379815
8,-7,13.177167529777279
8,-7,17.550777686124725
8,-7,18.900965340825543
8,-7,27.70007382528162
8,-7,5.0
8,-7,12.453936189808044
8,-7,18.06998772777626
8,-7,61.02662986597274
8,-7,8.513768857693293
8,-7,6.867226738319067
8,-7,13.042741884302956
8,-7,5.0
8,-7,5.0
8,-7,17.563056754622608
8,-7,20.157131297291226
8,-7,16.636778666800673
8,-6,40.37816508778785
8,-6,20.241480012977785
8,-6,24.78345477085155
8,-6,12.989799984169425
8,-6,23.111012845774212
8,-6,38.28373313276472
8,-6,13.697802786142137
8,-6,14.433618415689697
8,-6,5.0
8,-6,5.0
8,-6,23.16865783172085
8,-6,8.786616774214895
8,-6,24.272736463435013
8,-6,14.34257852885077
8,-6,21.247926401004804
8,-6,17.263122278006257
8,-6,24.270796014860238
8,-6,29.26661919005724
8,-6,12.92373714560809
8,-6,5.0
8,-5,11.516262192012638
8,-5,26.433277803699497
8,-5,48.25306826048116
8,-5,17.431667902101445
8,-5,32.96818394882271
8,-5,17.40109311108734
8,-5,26.87863935583092
8,-5,15.5230659666864
8,-5,5.0
8,-5,15.804040989438494
8,-5,13.726635380752327
8,-5,5.0
8,-5,5.0
8,-5,25.877653490865107
8,-5,19.406361656001796
8,-5,6.377541217419282
8,-5,26.112135426496078
8,-5,17.854750549289236
8,-5,10.405857183190376
8,-5,16.181184631341743
8,-4,37.73950754161703
8,-4,15.6930706350269
8,-4,20.638622601051292
8,-4,9.525946636088946
8,-4,29.592859425353844
8,-4,15.96343478655973
8,-4,11.204999172334048
8,-4,29.23226211857039
8,-4,23.425972831028297
8,-4,6.769683015360707
8,-4,42.94478344180996
8,-4,12.062503208148279
8,-4,21.065440354936044
8,-4,30.0212065026463
8,-4,25.740445325654115
8,-4,23.939464136340373
8,-4,5.093418997352904
8,-4,25.57008259109046
8,-4,16.74659331815336
8,-4,15.850381479806986
7,-4,28.845951669231933
7,-4,10.373185263853598
7,-4,19.553589912356912
7,-4,13.721450759889693
7,-4,15.315651726809504
7,-4,18.606910627045878
7,-4,21.657482368210005
7,-4,16.830837938505955
7,-4,14.641485256312535
7,-4,18.469314024416114
7,-4,28.50881963436814
7,-4,25.20442958954508
7,-4,31.603470525667838
7,-4,24.43653771465862
7,-4,15.881500069127739
7,-4,17.436080098221982
7,-4,19.871209834343848
7,-4,5.384905679578658
7,-4,27.293081234066396
7,-4,24.947636628592647
7,-5,10.919575373850167
7,-5,12.517885824842827
7,-5,14.005615186287285
7,-5,37.53942492643383
7,-5,6.250411732076647
7,-5,5.0
7,-5,16.92628485287727
7,-5,10.946963165880158
7,-5,12.671566386981562
7,-5,23.423789125431856
7,-5,25.65414574626284
7,-5,22.641701024841737
7,-5,29.28199427945122
7,-5,6.07764644354776
7,-5,20.15062849846262
7,-5,19.195615201193988
7,-5,17.309409410739683
7,-5,15.014999132241634
7,-5,9.066394469001779
7,-5,42.44036628661691
7,-4,25.545106658405118
7,-4,5.0
7,-4,9.664114143925254
7,-4,8.101091450271916
7,-4,5.1233667570635895
7,-4,35.94375251469948
7,-4,38.86743477497941
7,-4,22.015475707644033
7,-4,54.62678414895067
7,-4,25.958736081315113
7,-4,23.972090337165145
7,-4,8.080702880439265
7,-4,16.250446736368275
7,-4,21.71237097672631
7,-4,15.412919200730858
7,-4,21.09267104306566
7,-4,9.148911093769915
7,-4,31.95768761709765
7,-4,21.711500843762984
7,-4,19.37779914354037
8,-4,13.978671449610895
8,-4,14.69704267475997
8,-4,5.0
8,-4,7.018828392365335
8,-4,13.23533565150627
8,-4,15.152670433268497
8,-4,26.31279889440907
8,-4,52.48893302662444
8,-4,31.046427943688286
8,-4,12.073193802663573
8,-4,5.0
8,-4,13.407886958518855
8,-4,42.049180929611055
8,-4,13.996942201679655
8,-4,48.20130338863487
8,-4,13.373762494496184
8,-4,5.249566188338056
8,-4,17.169218763963155
8,-4,14.570514383423491
8,-4,23.20822652907956
7,-4,10.964878707229587
7,-4,23.412812347622165
7,-4,21.569660527054577
7,-4,5.0
7,-4,21.1076527357433
7,-4,15.516954780221182
7,-4,15.26972435957844
7,-4,25.598316532421194
7,-4,18.904963685759
7,-4,23.345301767265482
7,-4,8.131846751339152
7,-4,14.23966561166884
7,-4,20.899902100716723
7,-4,16.37156064738924
7,-4,12.209984426359387
7,-4,22.314936321328577
7,-4,6.916514761423134
7,-4,22.655047554538672
7,-4,14.838832727965336
7,-4,10.107702281269773
6,-4,18.825955609044655
6,-4,5.0
6,-4,5.489805359119327
6,-4,14.388344873070395
6,-4,10.628504400108106
6,-4,17.954652488329963
6,-4,18.70385617078811
6,-4,27.391003693427486
6,-4,22.968985698743914
6,-4,12.390184856538237
6,-4,24.93247776617153
6,-4,39.82650768124268
6,-4,28.109977199240333
6,-4,12.20547035721546
6,-4,7.4964415661313115
6,-4,29.522018732211947
6,-4,15.89520908018055
6,-4,37.16914260358142
6,-4,62.48736339606983
6,-4,29.293090904829096
6,-3,21.97164916121275
6,-3,5.0
6,-3,17.174435535871815
6,-3,19.412559220814792
6,-3,10.042673319910243
6,-3,8.302801770302086
6,-3,29.4240026425466
6,-3,40.57132970746874
6,-3,21.336605640978007
6,-3,30.77273775482628
6,-3,12.495958859862842
6,-3,16.173265705044162
6,-3,10.229702181195496
6,-3,5.0
6,-3,35.4950515301319
6,-3,8.36957473202736
6,-3,21.92626720621122
6,-3,7.188226691216095
6,-3,19.655796245552924
6,-3,24.178394179721533
5,-3,17.164197468157504
5,-3,19.745277029330573
5,-3,19.45644181267658
5,-3,14.703411623085188
5,-3,18.803042007541364
5,-3,13.945218638013802
5,-3,20.172027467850974
5,-3,20.79802947623774
5,-3,18.008848607110835
5,-3,32.99777722997552
5,-3,26.43967514281514
5,-3,11.420620559491702
5,-3,16.89230104358421
5,-3,24.7117179818713
5,-3,5.0
5,-3,32.85090610724837
5,-3,9.730360807535806
5,-3,12.206240921092508
5,-3,22.336375640706418
5,-3,30.42501585112797
4,-3,18.089609980223685
4,-3,11.268516109879055
4,-3,15.457122403981945
4,-3,27.877895383431607
4,-3,57.046270785176404
4,-3,28.08827533624073
4,-3,11.390367672288187
4,-3,22.293746130181
4,-3,19.6316846563895
4,-3,17.0769912560394
4,-3,18.279410850611654
4,-3,14.946629238152594
4,-3,16.4364684254671
4,-3,44.558588773478036
4,-3,62.77253719448417
4,-3,5.0292018974136425
4,-3,17.226882632103173
4,-3,37.845527871958126
4,-3,17.947549103733788
4,-3,31.04045157135031
4,-2,27.81828796032146
4,-2,18.614589393680767
4,-2,21.515600266382535
4,-2,35.940269041536716
4,-2,23.95791235839699
4,-2,22.80408830739868
4,-2,18.955953052592303
4,-2,35.03282155941643
4,-2,19.15443589530517
4,-2,20.230077579316244
4,-2,55.459060028890484
4,-2,19.35007590768267
4,-2,13.074843764265653
4,-2,43.622804089753934
4,-2,40.80932635909416
4,-2,13.980618149575005
4,-2,28.65932365635934
4,-2,19.124762720930107
4,-2,23.37431001305476
4,-2,26.67787858361239
4,-1,52.77814629981202
4,-1,46.133978615013994
4,-1,20.824375455830637
4,-1,24.29565413976668
4,-1,14.463254540813674
4,-1,13.820633585452072
4,-1,30.52130825018036
4,-1,30.984199509070592
4,-1,23.214756113479375
4,-1,18.680639870001503
4,-1,45.61850512091458
4,-1,22.541763238272377
4,-1,6.949547860014631
4,-1,18.26586791244455
4,-1,20.72118172709574
4,-1,45.365726234332655
4,-1,26.072448550647202
4,-1,23.86834591114708
4,-1,31.544602416484118
4,-1,16.804963255598437
5,-1,19.945932524545555
5,-1,5.507257297487737
5,-1,31.49788219963514
5,-1,13.97136012697424
5,-1,5.0
5,-1,5.0
5,-1,5.0
5,-1,9.70495006317369
5,-1,5.0
5,-1,21.162000636031518
5,-1,19.66288560837975
5,-1,11.792954742329794
5,-1,27.54816702884614
5,-1,20.836230440280154
5,-1,27.85975026769455
5,-1,15.274207580228524
5,-1,10.437466485537968
5,-1,28.783547504028107
5,-1,15.212082615846436
5,-1,18.977348422228165
4,-1,41.548400706502676
4,-1,29.54884636343037
4,-1,20.842643498979946
4,-1,21.891721954501335
4,-1,19.1534400317831
4,-1,23.030314647636228
4,-1,42.022224507069055
4,-1,11.250039892840114
4,-1,29.883096007114187
4,-1,36.28082177862437
4,-1,8.752202966598741
4,-1,21.673627789600175
4,-1,13.469329852603611
4,-1,23.25219462412226
4,-1,15.413376688738119
4,-1,45.049016680784234
4,-1,23.106575000909167
4,-1,36.41132968113463
4,-1,71.69345561008109
4,-1,5.0
3,-1,29.319541478726297
3,-1,15.117598508086354
3,-1,20.83885538517702
3,-1,32.048330635128394
3,-1,15.84054716183094
3,-1,30.66065483587252
3,-1,20.535133629707627
3,-1,37.010319240915145
3,-1,13.300157969880683
3,-1,28.256723499575543
3,-1,31.41705107737921
3,-1,18.887216198056382
3,-1,59.334035715529396
3,-1,20.704666358758782
3,-1,30.96203290516444
3,-1,26.282554954468576
3,-1,21.864896269496104
3,-1,57.19726646401084
3,-1,21.337549477476312
3,-1,18.325590874817017
2,-1,48.760170707909246
2,-1,25.900275772061725
2,-1,18.573303504547685
2,-1,25.744973830328057
2,-1,57.59018851433416
2,-1,29.78399088537847
2,-1,26.441573205216603
2,-1,41.438982402843855
2,-1,46.86065274323204
2,-1,23.569092677945783
2,-1,30.81999749734544
2,-1,24.344737765801604
2,-1,27.867183189344086
2,-1,5.0
2,-1,20.397020471138795
2,-1,30.277823895301626
2,-1,17.36943130878647
2,-1,5.0
2,-1,29.099801217141543
2,-1,26.433919392630287
2,0,16.514370402288158
2,0,31.227772967968747
2,0,37.65045199971046
2,0,58.00179216449786
2,0,27.584725633199284
2,0,14.692679965399472
2,0,28.625027142167834
2,0,21.588556964839178
2,0,29.680230946249523
2,0,30.150040773986586
2,0,13.41014464909871
2,0,9.566877892075794
2,0,48.49599807754109
2,0,5.0
2,0,33.297962375042495
2,0,19.422770454608116
2,0,17.985056384328484
2,0,7.439173293307743
2,0,27.654653776578087
2,0,16.110020892289256
2,1,5.742288870377678
2,1,23.6168688369738
2,1,29.984971509363966
2,1,28.57980663633017
2,1,29.870864240015717
2,1,20.716047677423745
2,1,31.55641648874417
2,1,64.32704933976018
2,1,45.83739423964026
2,1,11.795902135709825
2,1,52.73586806523346
2,1,41.94094607537269
2,1,33.094057708377825
2,1,23.144093012810984
2,1,19.84851738315693
2,1,24.65644776074833
2,1,20.760874245190628
2,1,38.804878241229844
2,1,27.694916164654977
2,1,19.972163162269435
2,2,40.557798803933025
2,2,26.84512118410571
2,2,31.12602555040784
2,2,18.389904718232575
2,2,24.94353860731013
2,2,39.491895252257606
2,2,26.700762969172036
2,2,63.915694255380814
2,2,18.826153385452695
2,2,25.37407665924749
2,2,23.832459826670718
2,2,29.422549116766447
2,2,37.05229829430915
2,2,23.05716678463782
2,2,21.392429287869426
2,2,19.80220243973731
2,2,44.80817117045314
2,2,24.136885340625295
2,2,33.508274639085414
2,2,63.98312797543344
1,2,44.98737971251709
1,2,19.119799027762813
1,2,46.361734506473006
1,2,16.23639293927255
1,2,33.65331797330778
1,2,30.363898707610204
1,2,58.86845983708747
1,2,20.01970585630147
1,2,21.93434609651266
1,2,23.03090536922546
1,2,38.54603640130092
1,2,28.49847249000535
1,2,23.013795739191682
1,2,14.954566562297646
1,2,29.61760264897282
1,2,42.19157092303982
1,2,24.327051202935557
1,2,33.57152952781146
1,2,29.408086760574758
1,2,48.042425612223795
0,2,26.476123425055455
0,2,7.553941917160811
0,2,28.363495299688452
0,2,13.446532550410234
0,2,7.792229712813048
0,2,17.472304678649596
0,2,15.94819778691784
0,2,25.242471035139854
0,2,29.563758386165418
0,2,22.89032935387694
0,2,17.13355693168828
0,2,26.728504590256353
0,2,22.667447081470662
0,2,15.870629399286589
0,2,11.195604560216996
0,2,12.783987585873568
0,2,23.91801110787909
0,2,16.812868082062217
0,2,10.969468516681454
0,2,17.329663429418176
0,3,21.807800115800756
0,3,53.97506358942677
0,3,16.218538614342705
0,3,25.154905731780538
0,3,11.636546846553745
0,3,36.20890252536298
0,3,30.299983237616807
0,3,31.65461508590746
0,3,15.147667541381622
0,3,22.733556243035483
0,3,27.61225940449045
0,3,21.23307087278412
0,3,19.710233007174438
0,3,5.0
0,3,45.34740097865759
0,3,61.42057245171495
0,3,50.07556217224372
0,3,24.148380071305013
0,3,26.932634132650804
0,3,24.167076796314802
-1,3,29.46591574245067
-1,3,15.387737872892867
-1,3,18.733931015836816
-1,3,59.83284972762012
-1,3,14.866079788865266
-1,3,9.006918649056772
-1,3,29.1445531085211
-1,3,58.858318157074976
-1,3,25.254947111781558
-1,3,47.567910783591714
-1,3,37.6717043011181
-1,3,21.007769147999415
-1,3,28.31655462173601
-1,3,33.56057744478505
-1,3,8.867253587470723
-1,3,18.929217080662546
-1,3,47.907265610217564
-1,3,21.65641175240571
-1,3,30.39616648365051
-1,3,37.93525676192341
0,3,21.7062492846785
0,3,9.114020741621719
0,3,20.92924087322929
0,3,15.466064593637544
0,3,13.140203023182867
0,3,51.17021311963374
0,3,40.02715347668824
0,3,43.45484254247869
0,3,14.39595014907367
0,3,64.28818286520148
0,3,24.08005326748406
0,3,51.287463224834895
0,3,35.95687649490373
0,3,42.965108100477636
0,3,15.900451634621096
0,3,25.939875780130162
0,3,13.322240918544535
0,3,61.420107332539615
0,3,66.24222363990003
0,3,55.671992678531666
-1,3,55.08289328563516
-1,3,29.127864504916598
-1,3,36.12940981028207
-1,3,37.93804377511083
-1,3,27.225243303510688
-1,3,27.952914340710073
-1,3,31.859975084095055
-1,3,12.006903759068576
-1,3,18.4592044139411
-1,3,20.807740665774485
-1,3,23.235409736209064
-1,3,19.91933750195549
-1,3,21.081067196665018
-1,3,33.025371174442114
-1,3,12.277652433137186
-1,3,41.103545904353275
-1,3,7.786698786758059
-1,3,15.096228277313623
-1,3,5.168329952196723
-1,3,35.99122447250993
-2,3,34.65656122466631
-2,3,45.82043847002851
-2,3,45.6111889350386
-2,3,34.46663211300766
-2,3,21.66419393309345
-2,3,29.915552351752947
-2,3,17.084169068071706
-2,3,17.656702041057567
-2,3,13.516402590678275
-2,3,12.167864659006145
-2,3,22.321983235524318
-2,3,14.704883911690152
-2,3,17.75933569272283
-2,3,24.632675882790238
-2,3,32.203011730465136
-2,3,33.50140998727359
-2,3,18.613870951994144
-2,3,19.136648664124117
-2,3,9.850894545414508
-2,3,31.946766243172746
-2,4,47.723684606205694
-2,4,12.673863852333934
-2,4,25.337698343588762
-2,4,24.8822737803401
-2,4,26.163198524855613
-2,4,12.386123327239005
-2,4,14.946024640279127
-2,4,10.468364762095156
-2,4,13.79518909448091
-2,4,22.570843015948814
-2,4,37.38562251865111
-2,4,62.81619935716121
-2,4,32.683013246567796
-2,4,13.76631660188677
-2,4,57.19876494545417
-2,4,39.59442005810964
-2,4,29.438468412194325
-2,4,12.391856327725716
-2,4,30.998863540034552
-2,4,22.35505312252404
-2,5,34.534550107586035
-2,5,41.470197161451466
-2,5,33.15168498791638
-2,5,41.68052316281896
-2,5,30.68645595886627
-2,5,40.3909048523978
-2,5,18.635075309103822
-2,5,20.94464270824498
-2,5,28.631180087051888
-2,5,30.514147498183824
-2,5,61.433362926397905
-2,5,23.83620568684362
-2,5,8.348460056758235
-2,5,18.00473313013488
-2,5,18.70445907490721
-2,5,24.586168893889845
-2,5,5.009361737164999
-2,5,24.10668187766219
-2,5,32.84161802983146
-2,5,10.136572583943572
-2,6,32.800309667860375
-2,6,16.330680673769457
-2,6,55.851291378285104
-2,6,10.768393899747732
-2,6,18.02717658932009
-2,6,47.783446855025986
-2,6,30.335685363434205
-2,6,11.532064646320517
-2,6,26.28176238744026
-2,6,17.490008241800844
-2,6,19.11394441959916
-2,6,37.8854095819134
-2,6,23.14536017161034
-2,6,16.235944238805963
-2,6,16.236032749616836
-2,6,5.0
-2,6,15.504605567190008
-2,6,14.81509341587846
-2,6,30.57097288395104
-2,6,27.341969039056014
-1,6,17.029894400712614
-1,6,18.028591213767548
-1,6,18.547063371145683
-1,6,15.269000192060194
-1,6,19.254892309214213
-1,6,16.53304442824788
-1,6,46.49163508635842
-1,6,14.712565159351307
-1,6,34.108924959517395
-1,6,25.37210600566535
-1,6,32.524446530128394
-1,6,49.66788606804732
-1,6,10.925152235275178
-1,6,26.255772781746685
-1,6,47.492010513261846
-1,6,14.75377478125786
-1,6,23.32060265190202
-1,6,5.051481651684686
-1,6,35.41882949160758
-1,6,24.095592471310677
0,6,21.988465928214616
0,6,29.532825221065444
0,6,22.387313198358548
0,6,33.332107889273864
0,6,9.37747319857159
0,6,5.2025921021713035
0,6,39.64208891091839
0,6,22.71532712105232
0,6,5.0
0,6,37.05701259038998
0,6,14.717176393392489
0,6,11.984854239942731
0,6,6.821539625267931
0,6,8.637119422476374
0,6,16.10076563837816
0,6,12.020352791269218
0,6,21.114839741423534
0,6,10.628845305753682
0,6,19.46905344601849
0,6,32.22910212521666
-1,6,19.104960765919827
-1,6,13.845639209589843
-1,6,23.476069862771315
-1,6,16.65231221802342
-1,6,24.40635751292283
-1,6,21.842124008412487
-1,6,16.646543033760622
-1,6,47.48685569318859
-1,6,20.629440731595153
-1,6,10.970888997254772
-1,6,20.67510337836591
-1,6,30.22831916901613
-1,6,8.361548670330421
-1,6,54.860695437198416
-1,6,31.730343675150735
-1,6,13.31609477299093
-1,6,28.33778775109456
-1,6,19.074399389597048
-1,6,26.842578741967003
-1,6,28.412974608090458
-2,6,5.0
-2,6,17.423086015335656
-2,6,53.752943654320575
-2,6,26.058709627693922
-2,6,30.753143075495196
-2,6,10.854981203230956
-2,6,22.903324128910597
-2,6,16.711533618747872
-2,6,11.326088581234995
-2,6,20.530434195563053
-2,6,21.518303339817567
-2,6,73.17022027983809
-2,6,21.18776422286255
-2,6,18.567308057220902
-2,6,13.78281933527744
-2,6,9.665189327725724
-2,6,16.86413449217027
-2,6,22.722577126176958
-2,6,9.29962070560549
-2,6,5.0
-1,6,29.324073289993997
-1,6,17.933049467243166
-1,6,13.37878405957855
-1,6,34.74434473601166
-1,6,24.21933995054346
-1,6,18.429448794947145
-1,6,13.229567912860297
-1,6,12.460666766786378
-1,6,46.94173009386372
-1,6,5.256656974949038
-1,6,5.0
-1,6,23.405181522480504
-1,6,26.91088806870269
-1,6,15.17569487713834
-1,6,11.819726109130578
-1,6,24.891736029713552
-1,6,15.855939316223855
-1,6,5.0
-1,6,31.99901611975618
-1,6,16.275893650698805
-2,6,18.756094751074038
-2,6,5.0
-2,6,11.351055684722878
-2,6,56.21703445315455
-2,6,24.708473500367226
-2,6,9.486589976585886
-2,6,38.408666444861176
-2,6,16.042723048694405
-2,6,51.90644950918185
-2,6,17.198789794645464
-2,6,21.61459717220425
-2,6,25.869954756975588
-2,6,25.422540130584924
-2,6,9.471505446941709
-2,6,14.157732577163195
-2,6,5.256549686135994
-2,6,25.713968383046833
-2,6,11.992346672975629
-2,6,19.46451871469789
-2,6,8.873564951230984
-2,7,21.016423408510185
-2,7,11.160999154076158
-2,7,5.0
-2,7,24.05731071399186
-2,7,46.458186930762395
-2,7,7.5479201923388946
-2,7,30.28077091733133
-2,7,11.112765317834766
-2,7,18.36007263626076
-2,7,5.0
-2,7,5.0
-2,7,21.410720514725675
-2,7,20.600366966701777
-2,7,5.0
-2,7,26.320833182784373
-2,7,31.6672702250043
-2,7,44.10274363929291
-2,7,28.489416739407247
-2,7,57.23082953021763
-2,7,11.436851202406144
-1,7,23.24488398085463
-1,7,17.16614253234291
-1,7,54.03279557093715
-1,7,9.602394357921202
-1,7,22.0611032449675
-1,7,11.18871246813705
-1,7,18.711279030545672
-1,7,19.93153590691973
-1,7,23.300900011597633
-1,7,38.81508396944047
-1,7,21.146925348107068
-1,7,5.203195342071901
-1,7,28.42779058690339
-1,7,16.197665313125142
-1,7,23.83395040000611
-1,7,13.381821038835353
-1,7,10.008209782872624
-1,7,23.791602386093516
-1,7,16.887276467583963
-1,7,18.488819171965
-2,7,10.119734342332176
-2,7,36.49769590118002
-2,7,9.28453109683035
-2,7,41.96934835659677
-2,7,33.214575433841766
-2,7,10.703726358074618
-2,7,22.57797602051839
-2,7,22.001981670395843
-2,7,10.85050465414955
-2,7,10.726664599569787
-2,7,24.342183657163744
-2,7,10.991431752166381
-2,7,19.98841201494882
-2,7,8.672231521104294
-2,7,5.706416625628963
-2,7,17.610806932506136
-2,7,10.43764936499088
-2,7,33.27898189369094
-2,7,9.410253249579348
-2,7,9.853658750044492
-1,7,30.87680154361729
-1,7,13.557692083786284
-1,7,21.238841207414406
-1,7,22.28329069765181
-1,7,5.0
-1,7,36.935373698684366
-1,7,21.124534789476463
-1,7,16.429158346262724
-1,7,24.516781336890954
-1,7,8.020061259372477
-1,7,19.34532436898365
-1,7,11.933616568799625
-1,7,19.07682914592886
-1,7,8.648803059039029
-1,7,36.70742624781757
-1,7,12.288405361588241
-1,7,14.677229865153313
-1,7,26.837458430905077
-1,7,13.284553407411874
-1,7,10.178265763093714
-2,7,15.102218552297105
-2,7,20.4457635696512
-2,7,16.885408663851585
-2,7,13.797670463179731
-2,7,8.047354276533742
-2,7,14.740822272512677
-2,7,15.22980911014207
-2,7,25.528084485268394
-2,7,6.080412620460052
-2,7,43.25026556785597
-2,7,21.649686312979732
-2,7,7.873744606777564
-2,7,15.642466683995648
-2,7,35.291875631955655
-2,7,11.42624835000846
-2,7,21.243493594483894
-2,7,5.0
-2,7,6.198938221333798
-2,7,24.31304054252547
-2,7,17.543786737605323
-2,6,7.89173197212846
-2,6,15.062709001324775
-2,6,8.366128505875835
-2,6,19.798453960653774
-2,6,39.509664803766576
-2,6,26.978199418606525
-2,6,22.784328520043463
-2,6,5.0
-2,6,18.55724167203983
-2,6,29.837967364277354
-2,6,11.24503346030058
-2,6,20.144393818704007
-2,6,7.476341713929516
-2,6,15.856600120514052
-2,6,48.65797861943485
-2,6,28.093113418485984
-2,6,47.283604583468474
-2,6,51.28746003581525
-2,6,26.37872717465777
-2,6,16.92802526035785
-3,6,22.25089532973706
-3,6,12.511383824018182
-3,6,26.01665723262184
-3,6,9.042360488589171
-3,6,5.0
-3,6,18.84472985139545
-3,6,10.00733786477572
-3,6,23.309147389093717
-3,6,16.394265675611706
-3,6,29.035912992620673
-3,6,74.82897372619752
-3,6,24.160661910124638
-3,6,40.319930250399835
-3,6,22.249465852089656
-3,6,5.0
-3,6,29.027302064304532
-3,6,54.64543760576045
-3,6,17.85614402364671
-3,6,20.33226892124259
-3,6,27.171198708571467
-3,7,15.844876487178702
-3,7,17.779418843298387
-3,7,30.746199109765218
-3,7,20.67238699057554
-3,7,24.130835429363216
-3,7,21.760902596541428
-3,7,21.709481712289932
-3,7,21.8845581800544
-3,7,19.751407453444948
-3,7,30.325012007588516
-3,7,13.454095099405544
-3,7,13.931115972932243
-3,7,31.69595633949124
-3,7,16.61443309369622
-3,7,5.618957191161119
-3,7,34.44581784218976
-3,7,15.510659843402077
-3,7,5.0
-3,7,20.085637360890388
-3,7,14.922852647043165
-4,7,5.0
-4,7,10.355674072025051
-4,7,32.927233917242255
-4,7,5.695195475222377
-4,7,19.554782871389904
-4,7,66.4834538201955
-4,7,24.691381767606547
-4,7,56.925929465125876
-4,7,17.719327630654977
-4,7,7.895820402283096
-4,7,26.385643500611632
-4,7,20.186201019203693
-4,7,12.627377608321998
-4,7,17.383199135880965
-4,7,17.101217065826027
-4,7,16.35159278490645
-4,7,16.454201356137983
-4,7,17.602965786251755
-4,7,26.661128110812616
-4,7,18.36422591802308
-4,8,15.06452415153728
-4,8,25.23405256645567
-4,8,40.857310300135175
-4,8,8.803647828926364
-4,8,37.19802178268541
-4,8,5.0
-4,8,22.960104761035595
-4,8,18.530640932630458
-4,8,5.0
-4,8,13.6166237793508
-4,8,18.974228231092393
-4,8,6.60840432866528
-4,8,5.0
-4,8,23.609268887375038
-4,8,16.864700209643324
-4,8,12.6262956415338
-4,8,10.623634167522715
-4,8,17.217738825758936
-4,8,27.550062126942745
-4,8,19.80626778862114
-5,8,15.015520008117175
-5,8,13.055147798104096
-5,8,10.490559642858518
-5,8,18.303262226336706
-5,8,45.34297685050491
-5,8,16.997642860551668
-5,8,8.340792888861703
-5,8,22.627540517028056
-5,8,16.66194127632078
-5,8,16.619533008382188
-5,8,17.495771540851837
-5,8,26.17052884744833
-5,8,22.86143366048647
-5,8,45.72967937562558
-5,8,18.74739307530653
-5,8,14.240518362767933
-5,8,20.57575485431911
-5,8,12.501247382381672
-5,8,22.408149478310058
-5,8,13.460990158930615
-5,9,37.69781761265175
-5,9,5.0
-5,9,9.22266631615405
-5,9,20.829092136766683
-5,9,55.0997571254494
-5,9,26.890382407102297
-5,9,6.68816311110044
-5,9,35.88814285278495
-5,9,7.802436123211725
-5,9,12.70179662774967
-5,9,35.2693886312949
-5,9,23.687789169093172
-5,9,25.33777948400757
-5,9,6.455773297439482
-5,9,8.459524210386924
-5,9,15.960422722484134
-5,9,46.29198198122238
-5,9,19.127122149152548
-5,9,13.324679117091016
-5,9,7.937571700662943
-6,9,15.495843100870761
-6,9,24.87902669104858
-6,9,10.4698519041652
-6,9,15.544364046542642
-6,9,19.29597588036492
-6,9,14.177051622787186
-6,9,8.825490431085246
-6,9,9.63313931900495
-6,9,29.339245198393993
-6,9,13.29470055699923
-6,9,24.95517104132202
-6,9,5.0
-6,9,5.0
-6,9,20.646015132566873
-6,9,5.0
-6,9,13.11644711543915
-6,9,27.48968218695169
-6,9,26.81704663216029
-6,9,6.309583201732101
-6,9,11.739031900508998
-5,9,5.0
-5,9,17.238052068004265
-5,9,6.762861171024014
-5,9,30.32014661653175
-5,9,16.299335514395217
-5,9,37.54766327737323
-5,9,9.523195995266766
-5,9,41.44021541555842
-5,9,15.941210101954569
-5,9,12.682071869092846
-5,9,25.657091854661985
-5,9,29.048331709724796
-5,9,10.06364047115507
-5,9,34.62438224033284
-5,9,5.0
-5,9,7.721395390375006
-5,9,11.09937831122772
-5,9,18.225635885875082
-5,9,11.67046213947944
-5,9,14.09493767956226
-5,10,16.924379234139657
-5,10,16.624515938431742
-5,10,17.057706451140646
-5,10,5.0
-5,10,12.444639048998022
-5,10,7.384476924104302
-5,10,12.809008179240145
-5,10,27.365248195109352
-5,10,5.0
-5,10,5.0
-5,10,12.246320915554472
-5,10,6.352125545231796
-5,10,5.0
-5,10,19.212381569957863
-5,10,7.958748012932166
-5,10,5.0
-5,10,9.82281763724047
-5,10,40.96811300962266
-5,10,25.0407240042166
-5,10,33.71605193890509
-6,10,17.848840133682327
-6,10,7.889357909850802
-6,10,13.924996269791116
-6,10,13.49932860541955
-6,10,17.44926307823605
-6,10,24.66827392461597
-6,10,11.70484279074624
-6,10,30.440947103464943
-6,10,34.113006072931015
-6,10,5.0
-6,10,15.869771163808377
-6,10,5.0
-6,10,17.374881101371358
-6,10,47.595960313239765
-6,10,20.46205265090336
-6,10,19.554078045374858
-6,10,33.454697069586466
-6,10,19.697611606638528
-6,10,31.568068394069158
-6,10,5.0
-7,10,5.0
-7,10,12.589472402752486
-7,10,5.0
-7,10,5.0
-7,10,19.73046799337658
-7,10,18.74260301187097
-7,10,11.945988241604434
-7,10,5.0
-7,10,16.6037809684668
-7,10,5.1145240478800815
-7,10,5.0
-7,10,27.886566061158444
-7,10,24.732032559996913
-7,10,25.24770853798623
-7,10,15.783768765181375
-7,10,16.77469860862839
-7,10,28.6046989708706
-7,10,17.28888050666157
-7,10,32.389107624389815
-7,10,11.172770312036588
-8,10,20.842255614335475
-8,10,35.178804693165524
-8,10,5.0
-8,10,9.81502703851563
-8,10,6.699858441350027
-8,10,7.967874802830014
-8,10,16.57649514198544
-8,10,13.785654449795382
-8,10,15.90487889810192
-8,10,12.973915304066212
-8,10,15.435147184714939
-8,10,10.938700279976002
-8,10,26.153394519763076
-8,10,5.0
-8,10,11.251853612246082
-8,10,5.0
-8,10,5.0
-8,10,6.730700789720315
-8,10,5.0
-8,10,5.0
-9,10,24.644658215378243
-9,10,5.0
-9,10,23.795353781025913
-9,10,5.0
-9,10,5.0
-9,10,20.175881937760042
-9,10,5.0
-9,10,5.0
-9,10,5.0
-9,10,13.459389716399592
-9,10,28.627983026802134
-9,10,10.420277738379893
-9,10,33.730129624666205
-9,10,33.73902308045305
-9,10,5.0
-9,10,5.530076283227581
-9,10,5.0
-9,10,33.77926313828047
-9,10,13.527446746034656
-9,10,5.0
-10,10,8.450078683377319
-10,10,11.513306190632552
-10,10,5.0
-10,10,20.881833881590303
-10,10,19.868588767847584
-10,10,5.0
-10,10,5.0
-10,10,5.0
-10,10,5.0
-10,10,5.0
-10,10,22.81093321258002
-10,10,17.761080316023566
-10,10,5.0
-10,10,5.0
-10,10,6.657152247482113
-10,10,9.108820454742588
-10,10,5.0
-10,10,17.578673732162407
-10,10,45.155945082152996
-10,10,24.05238686906132
-11,10,5.0
-11,10,14.086974707410992
-11,10,5.0
-11,10,5.673920282569036
-11,10,9.114729448786685
-11,10,5.0
-11,10,5.0
-11,10,39.121884243533806
-11,10,10.027605112629477
-11,10,6.2627033348369245
-11,10,5.0
-11,10,25.452219328429504
-11,10,28.796857135167603
-11,10,31.467231486529286
-11,10,25.57482606538469
-11,10,5.0
-11,10,24.766844734738697
-11,10,5.0
-11,10,7.5321139253335225
-11,10,17.401601684658782
-12,10,9.924960122583428
-12,10,5.0
-12,10,5.0
-12,10,11.710963941226174
-12,10,23.924207161498586
-12,10,13.843236474407227
-12,10,18.146853276233635
-12,10,5.0
-12,10,5.0
-12,10,5.0
-12,10,45.31047415919757
-12,10,23.747702340388358
-12,10,5.0
-12,10,5.0
-12,10,14.587131103723692
-12,10,5.0
-12,10,5.0
-12,10,13.611624712469176
-12,10,5.0
-12,10,5.008791246612311
-13,10,5.366887537399839
-13,10,10.785705380943764
-13,10,5.0
-13,10,5.7299920571056955
-13,10,7.170945007902887
-13,10,23.659922589274395
-13,10,12.54884541816416
-13,10,5.0
-13,10,23.23017918391066
-13,10,5.4876646779651015
-13,10,5.0
-13,10,5.0
-13,10,21.33416150205155
-13,10,11.098669505532953
-13,10,5.0
-13,10,5.0
-13,10,5.0
-13,10,5.0
-13,10,5.033033742840071
-13,10,5.0
-13,9,6.776954851406508
-13,9,9.916020315400324
-13,9,10.901396644319206
-13,9,5.0
-13,9,32.78752091466622
-13,9,11.560493663651268
-13,9,5.0
-13,9,30.959056273414088
-13,9,5.0
-13,9,5.0
-13,9,8.90913253605435
-13,9,18.817536294663206
-13,9,19.149805019264207
-13,9,5.0
-13,9,13.786807043193772
-13,9,5.0
-13,9,5.0
-13,9,5.0
-13,9,5.0
-13,9,5.0
-13,10,13.76587869555369
-13,10,11.929915138070184
-13,10,26.03134126259703
-13,10,5.0
-13,10,24.209870261025003
-13,10,14.404094109344475
-13,10,12.487130651037019
-13,10,8.576344945353194
-13,10,5.0
-13,10,5.0
-13,10,16.58026368883165
-13,10,12.664003186772456
-13,10,7.840601186870089
-13,10,43.73333452870851
-13,10,5.0
-13,10,5.0
-13,10,5.0
-13,10,13.47119617005973
-13,10,13.167470110219488
-13,10,5.0
-12,10,6.061217799658107
-12,10,5.0
-12,10,5.0
-12,10,5.0
-12,10,18.77156833896622
-12,10,5.0
-12,10,5.0
-12,10,20.132238281368444
-12,10,9.249552943965567
-12,10,18.50251157472912
-12,10,5.0
-12,10,5.0
-12,10,5.0
-12,10,18.313983891103177
-12,10,20.58230228077248
-12,10,10.915368322568806
-12,10,5.0
-12,10,6.302752354474566
-12,10,5.0
-12,10,33.37638134952904
-12,11,5.0
-12,11,7.461184594420952
-12,11,14.86403937203074
-12,11,5.0
-12,11,5.0
-12,11,16.32219229007805
-12,11,5.0
-12,11,19.136287387406227
-12,11,19.725592068698077
-12,11,9.121958909066652
-12,11,43.81554339897944
-12,11,11.525784946419964
-12,11,16.659148667753442
-12,11,7.9661402511198505
-12,11,5.0
-12,11,47.76294372592778
-12,11,46.844288704381974
-12,11,31.110028311331376
-12,11,10.780381627761077
-12,11,5.0
-13,11,22.504842967948072
-13,11,6.960052333975332
-13,11,5.0
-13,11,5.0
-13,11,5.0
-13,11,19.1437779356851
-13,11,5.0
-13,11,5.0
-13,11,5.0
-13,11,24.130496558633418
-13,11,5.0
-13,11,9.228336120228958
-13,11,16.816536820952248
-13,11,12.771160324475922
-13,11,5.0
-13,11,5.0
-13,11,15.229092191440962
-13,11,14.342216449762661
-13,11,5.0
-13,11,6.738789119246825
-13,10,6.23444261679513
-13,10,5.0
-13,10,15.865265871741737
-13,10,5.0
-13,10,46.83960294199311
-13,10,21.369151243524144
-13,10,12.524504450221105
-13,10,13.897749241684064
-13,10,11.973915527179939
-13,10,5.0
-13,10,5.0
-13,10,7.332188435311815
-13,10,5.0
-13,10,17.072125128918437
-13,10,12.610731138127466
-13,10,14.823010112144255
-13,10,5.0
-13,10,25.92305921328564
-13,10,21.643681336585665
-13,10,17.695099229562032
-13,11,10.434610553257638
-13,11,5.0
-13,11,19.670145719408012
-13,11,45.34374930602006
-13,11,21.27359725002998
-13,11,5.0
-13,11,25.31445366294631
-13,11,5.0
-13,11,16.61106359870741
-13,11,6.54530631933838
-13,11,51.22487599287893
-13,11,19.541457206027733
-13,11,5.0
-13,11,5.0
-13,11,11.211200312442248
-13,11,5.0
-13,11,18.537693978353435
-13,11,5.0
-13,11,5.0
-13,11,10.274786378559403
-14,11,5.0
-14,11,5.0
-14,11,17.258016805087326
-14,11,14.615316063826716
-14,11,5.789825135533542
-14,11,5.0
-14,11,5.0
-14,11,5.0
-14,11,5.0
-14,11,14.393247613581813
-14,11,22.26405246510833
-14,11,20.196958257815304
-14,11,5.0
-14,11,5.0
-14,11,5.0
-14,11,20.450448383598076
-14,11,6.631335718175915
-14,11,6.845682430043118
-14,11,19.337880907590026
-14,11,9.629594201872045
-15,11,5.0
-15,11,48.827271340194244
-15,11,21.243793860749943
-15,11,11.09250050584243
-15,11,26.817079987630436
-15,11,14.261821904862446
-15,11,5.0
-15,11,5.0
-15,11,6.610969363600791
-15,11,5.0
-15,11,9.37993363577687
-15,11,5.0
-15,11,5.0
-15,11,6.231436389314954
-15,11,15.40407460226564
-15,11,5.0
-15,11,15.623242327081757
-15,11,5.0
-15,11,6.828994308722331
-15,11,5.0
-15,12,10.202812994737155
-15,12,5.0
-15,12,5.0
-15,12,15.565901256156241
-15,12,5.0
-15,12,13.296458184914199
-15,12,5.0
-15,12,11.876649306077521
-15,12,9.985378052898529
-15,12,5.0
-15,12,5.1076790410024895
-15,12,5.0
-15,12,5.0
-15,12,5.0
-15,12,5.0
-15,12,7.130109325186409
-15,12,23.179509144145385
-15,12,5.0
-15,12,11.104476357816194
-15,12,5.0
-16,12,19.396029963580585
-16,12,5.0
-16,12,9.14745928626388
-16,12,22.876697655639227
-16,12,5.926938352447866
-16,12,5.0
-16,12,29.871977886213433
-16,12,5.0
-16,12,18.367439973108347
-16,12,8.023224162657236
-16,12,5.0
-16,12,5.0
-16,12,5.0
-16,12,5.0
-16,12,5.0
-16,12,5.0
-16,12,5.0
-16,12,5.0
-16,12,5.0
-16,12,14.342854526021108
-16,11,5.0
-16,11,5.422379041880395
-16,11,5.0
-16,11,9.823967865697737
-16,11,5.0
-16,11,5.0
-16,11,32.89104327503894
-16,11,43.13091471977163
-16,11,9.298054248113159
-16,11,5.0
-16,11,20.2182813979139
-16,11,5.0
-16,11,12.610746405894345
-16,11,5.0
-16,11,5.0
-16,11,5.0
-16,11,7.1142403262953815
-16,11,5.0
-16,11,5.0
-16,11,5.0
-15,11,5.024370516656182
-15,11,14.346819665073053
-15,11,8.318112588376218
-15,11,5.0
-15,11,24.98693099731783
-15,11,5.0
-15,11,34.509191999918414
-15,11,5.0
-15,11,5.0
-15,11,5.0
-15,11,5.0
-15,11,6.939206186748548
-15,11,7.19193555896278
-15,11,15.13475080067391
-15,11,5.0
-15,11,5.0
-15,11,5.0
-15,11,7.501428110956338
-15,11,5.0
-15,11,12.443022628111201
-16,11,5.0
-16,11,5.0
-16,11,5.0
-16,11,14.618362497880865
-16,11,5.0
-16,11,5.0
-16,11,5.0
-16,11,5.0
-16,11,5.0
-16,11,10.189650429672815
-16,11,5.0
-16,11,5.0
-16,11,5.0
-16,11,7.017528826466424
-16,11,12.737283257555498
-16,11,11.51620000947718
-16,11,5.0
-16,11,5.0
-16,11,5.0
-16,11,23.182355806731255
-15,11,8.398034395542876
-15,11,14.257812868800173
-15,11,12.941233639385498
-15,11,5.0
-15,11,12.36397479011088
-15,11,5.0
-15,11,9.61716725419194
-15,11,5.959086767054306
-15,11,7.32068335441132
-15,11,11.417657784355075
-15,11,5.0
-15,11,6.4739289067004
-15,11,33.86037520440526
-15,11,10.129180794310997
-15,11,5.0
-15,11,6.862059599077238
-15,11,8.940073450261606
-15,11,5.0
-15,11,22.158294850451437
-15,11,6.881584450471122
-15,10,5.0
-15,10,5.0
-15,10,5.0
-15,10,8.715610494709011
-15,10,5.0
-15,10,5.0
-15,10,29.950279027741296
-15,10,22.808070745189738
-15,10,22.263274749951613
-15,10,56.0305525968483
-15,10,9.525617208596312
-15,10,13.399577294325791
-15,10,6.29247494016506
-15,10,15.07156177908244
-15,10,6.272594868352327
-15,10,5.0
-15,10,6.536013416249888
-15,10,7.935383057948032
-15,10,12.73299212220294
-15,10,6.317308848521047
-14,10,5.0
-14,10,5.0
-14,10,26.434295092196578
-14,10,5.56156773311091
-14,10,7.090594034056877
-14,10,5.0
-14,10,5.0
-14,10,6.782568475957937
-14,10,5.0
-14,10,8.179912111306466
-14,10,5.0
-14,10,8.363448848610892
-14,10,5.0
-14,10,5.0
-14,10,19.36232689293232
-14,10,12.45964891653405
-14,10,5.0
-14,10,5.0
-14,10,5.0
-14,10,5.0
-14,11,5.0
-14,11,11.107210097593075
-14,11,18.07266533377059
-14,11,5.0
-14,11,13.378533328479122
-14,11,5.622152382753807
-14,11,11.12992152602039
-14,11,5.5387580332881425
-14,11,11.636488259115978
-14,11,5.0
-14,11,5.0
-14,11,5.0
-14,11,5.0
-14,11,7.390518878120581
-14,11,9.022097784443387
-14,11,12.48585747603548
-14,11,5.0
-14,11,5.0
-14,11,5.0
-14,11,11.908992770765739
-14,12,5.0
-14,12,6.357787461603409
-14,12,10.776506184236904
-14,12,5.0
-14,12,9.403573892038798
-14,12,5.727654995485484
-14,12,25.402279068021905
-14,12,10.2140322542451
-14,12,5.0
-14,12,37.69180792265415
-14,12,5.0
-14,12,5.0
-14,12,5.0
-14,12,5.0
-14,12,5.075572316672553
-14,12,9.851062697546348
-14,12,9.406671680075059
-14,12,10.837266481183946
-14,12,5.0
-14,12,27.06571637040303
-14,11,5.0
-14,11,13.26521927104626
-14,11,5.0
-14,11,5.711576702041006
-14,11,7.135604167626907
-14,11,5.0
-14,11,5.0
-14,11,5.0
-14,11,5.0
-14,11,5.0
-14,11,12.621923455192194
-14,11,5.505823382491175
-14,11,5.0
-14,11,5.0
-14,11,11.209264358786115
-14,11,17.602817685764883
-14,11,5.0
-14,11,12.98211125486197
-14,11,5.0
-14,11,5.0
-13,11,5.0
-13,11,5.0
-13,11,9.229800808027504
-13,11,5.0
-13,11,5.0
-13,11,5.0
-13,11,5.0
-13,11,5.0
-13,11,17.467520875892625
-13,11,5.0
-13,11,5.0
-13,11,5.0
-13,11,6.655343668328494
-13,11,11.778443519807915
-13,11,5.0
-13,11,5.0
-13,11,5.0
-13,11,5.0
-13,11,10.003375048896483
-13,11,5.0
-12,11,17.757802216724148
-12,11,10.500027303798678
-12,11,7.042875289203412
-12,11,5.0
-12,11,5.0
-12,11,5.0
-12,11,5.0
-12,11,5.0
-12,11,11.533633072984586
-12,11,35.79582211481464
-12,11,5.0
-12,11,5.0
-12,11,21.850966640297862
-12,11,19.232399268833873
-12,11,5.53882671048644
-12,11,39.416789587724566
-12,11,5.876766679667552
-12,11,19.524977837256813
-12,11,24.625148621920125
-12,11,14.566174095454064
-12,10,14.78989468896359
-12,10,5.0
-12,10,5.0
-12,10,5.0
-12,10,5.0
-12,10,34.133401615676505
-12,10,10.394530842130898
-12,10,15.023562760277425
-12,10,5.621097372674323
-12,10,12.599288445162152
-12,10,26.65866959099904
-12,10,11.044766577576084
-12,10,39.96931551972886
-12,10,8.088036966697418
-12,10,5.0
-12,10,9.2578297133846
-12,10,14.26426117701805
-12,10,5.51637102824841
-12,10,11.31769195486973
-12,10,5.0
-12,9,22.81024734130738
-12,9,14.806888073102273
-12,9,28.104671375030314
-12,9,5.0
-12,9,15.951510868488333
-12,9,5.0
-12,9,41.65852467474042
-12,9,46.16275093819958
-12,9,5.0
-12,9,5.0
-12,9,8.158587080479364
-12,9,7.77712613750751
-12,9,17.5155178264668
-12,9,5.0
-12,9,14.51367010678579
-12,9,31.727190331739855
-12,9,16.46466534647012
-12,9,24.11682149389924
-12,9,5.0
-12,9,5.0
-11,9,12.986824593554044
-11,9,5.0
-11,9,21.544614278189133
-11,9,6.512262319555043
-11,9,5.0
-11,9,10.662204376606766
-11,9,12.665862017394575
-11,9,15.192625969836737
-11,9,5.0
-11,9,8.672217228069904
-11,9,5.714874917239099
-11,9,12.62838151048649
-11,9,5.0
-11,9,5.0
-11,9,32.42287519316178
-11,9,15.97304637388232
-11,9,16.893254391864268
-11,9,7.988403570742192
-11,9,14.014529671768313
-11,9,10.998322413353957
-11,8,5.0
-11,8,27.05168208057004
-11,8,5.0
-11,8,15.055778457258924
-11,8,37.570290816389154
-11,8,11.406082092810667
-11,8,10.200717625890254
-11,8,5.7779673980523
-11,8,11.03186283214201
-11,8,44.5782259645314
-11,8,5.0
-11,8,11.468226261507926
-11,8,15.05031169156308
-11,8,19.062617577561518
-11,8,9.337787822813723
-11,8,26.906860956757463
-11,8,5.0
-11,8,26.7966648977977
-11,8,18.96474990345953
-11,8,5.0
-11,7,37.382642374737756
-11,7,15.004734688933375
-11,7,11.23645257880088
-11,7,5.0
-11,7,23.63760216488962
-11,7,17.883000670687732
-11,7,22.31281992774361
-11,7,21.789260637937012
-11,7,5.0
-11,7,5.0
-11,7,10.8808145189831
-11,7,24.228648861886377
-11,7,11.785504367239493
-11,7,8.881979257327929
-11,7,28.70806895932857
-11,7,5.0
-11,7,5.0
-11,7,5.0
-11,7,16.44472088506646
-11,7,13.4579983666138
-11,8,5.0
-11,8,5.828969112616019
-11,8,6.634156010291397
-11,8,22.01890781896498
-11,8,7.733152500016308
-11,8,32.713163255435056
-11,8,9.34706618148647
-11,8,5.0
-11,8,5.0
-11,8,5.0
-11,8,27.87117009145305
-11,8,5.0
-11,8,7.331654850648902
-11,8,18.905767033001055
-11,8,46.62207950994008
-11,8,17.607785264763336
-11,8,11.657343867433479
-11,8,5.0
-11,8,40.889813047756604
-11,8,11.057582069857254
-11,7,6.293672415700479
-11,7,23.180723365031625
-11,7,5.0
-11,7,9.405943481439673
-11,7,5.345843024217875
-11,7,5.2299033536132855
-11,7,16.45930043980031
-11,7,20.35991361340409
-11,7,16.033633520998457
-11,7,19.218166443708824
-11,7,6.623909952495971
-11,7,32.188781237959915
-11,7,37.22880680510865
-11,7,6.589265965504707
-11,7,12.889753020711577
-11,7,5.415576638816241
-11,7,12.1275755194509
-11,7,10.229753097140755
-11,7,20.12718072374034
-11,7,5.0
-12,7,13.486169640055888
-12,7,5.544541306292931
-12,7,11.518254788235641
-12,7,13.2700805527192
-12,7,5.0
-12,7,10.595189397269046
-12,7,15.826536733941538
-12,7,20.732758658008272
-12,7,32.70710600850863
-12,7,5.0
-12,7,20.53061790661183
-12,7,8.323703828327044
-12,7,5.0
-12,7,13.121551374822793
-12,7,5.0
-12,7,39.614079686463036
-12,7,15.839860515676303
-12,7,25.244912376296483
-12,7,5.7184139737431785
-12,7,26.5680361030455
-12,8,5.0
-12,8,29.918908218666424
-12,8,5.0
-12,8,6.746693718490466
-12,8,17.665807814435414
-12,8,5.062905847014656
-12,8,22.17742050453541
-12,8,8.792614820459752
-12,8,14.861731087777937
-12,8,13.658602770325384
-12,8,15.963182756105672
-12,8,26.23537608295634
-12,8,5.0
-12,8,18.072476553626657
-12,8,16.147719006690036
-12,8,19.05661275895887
-12,8,5.0
-12,8,5.0
-12,8,19.042582026082307
-12,8,5.0
-13,8,21.332375532824354
-13,8,5.0
-13,8,5.0
-13,8,12.394381202293005
-13,8,21.07802629279721
-13,8,8.88234497665092
-13,8,5.0
-13,8,12.453232287565566
-13,8,5.0
-13,8,9.212015809515549
-13,8,16.26469934220316
-13,8,15.464432262844813
-13,8,11.578340835364491
-13,8,5.0
-13,8,7.419089685538686
-13,8,26.017563039382935
-13,8,34.09610156085407
-13,8,8.59075352836241
-13,8,5.455795220904749
-13,8,38.81288057572627
-12,8,5.0
-12,8,5.0
-12,8,5.0
-12,8,5.0
-12,8,18.17485683523185
-12,8,5.0
-12,8,5.0
-12,8,5.0
-12,8,10.373167619860943
-12,8,29.375343330744126
-12,8,22.17582050343238
-12,8,9.104953603735906
-12,8,5.0
-12,8,24.443431545650636
-12,8,17.461088773228173
-12,8,5.0
-12,8,30.133823073448596
-12,8,17.015427927024625
-12,8,5.0
-12,8,12.882040354936919
-12,9,9.669517087683573
-12,9,8.803827966656776
-12,9,5.0
-12,9,5.0
-12,9,13.622787514702058
-12,9,27.323826325749163
-12,9,6.992972614905342
-12,9,12.75897836514713
-12,9,5.0
-12,9,28.251375076052522
-12,9,26.171026303044137
-12,9,5.0
-12,9,16.737139829306134
-12,9,12.444990024565023
-12,9,8.806208251517251
-12,9,29.675280038935814
-12,9,7.936918127387189
-12,9,12.93259554816768
-12,9,19.608558227991146
-12,9,7.926361361768885
-11,9,13.783518532415101
-11,9,5.0
-11,9,20.847831114402354
-11,9,6.187654462748382
-11,9,8.402664097531439
-11,9,5.0
-11,9,31.897247228943407
-11,9,12.771905723255836
-11,9,5.0
-11,9,8.254038247536297
-11,9,16.480751252002307
-11,9,5.0
-11,9,11.602508979529215
-11,9,13.88570686081621
-11,9,46.39385127935853
-11,9,12.558937526998012
-11,9,5.0
-11,9,11.698588851326079
-11,9,10.97429707871977
-11,9,5.0
-11,8,21.048905566417396
-11,8,6.804882777053409
-11,8,30.926402836877166
-11,8,24.366729343559697
-11,8,19.181510718519966
-11,8,34.36945421868655
-11,8,9.06453505248775
-11,8,8.360089383103539
-11,8,8.32465483286591
-11,8,18.210162834042812
-11,8,17.93059274844935
-11,8,9.499212750978351
-11,8,41.947737819432994
-11,8,5.0
-11,8,31.278396296749793
-11,8,5.0
-11,8,19.854203417999447
-11,8,5.811404275479216
-11,8,6.035819877474133
-11,8,30.275772809919943
-10,8,29.978462235187713
-10,8,5.0
-10,8,15.428123977714677
-10,8,7.718571409863255
-10,8,5.0
-10,8,9.128242310548938
-10,8,19.551665147639405
-10,8,5.299484956906979
-10,8,17.730085797463808
-10,8,8.36790291736499
-10,8,18.225025550269145
-10,8,11.289923941896221
-10,8,5.0
-10,8,5.0
-10,8,12.085927757033392
-10,8,13.959708426236595
-10,8,14.92801456787736
-10,8,5.0
-10,8,24.05788660350131
-10,8,8.953677569252722
-10,7,23.603415318143895
-10,7,20.52395707095252
-10,7,5.564081089938785
-10,7,22.63280429019383
-10,7,30.34438931094812
-10,7,12.775964266806623
-10,7,33.2260040275502
-10,7,35.545391360688726
-10,7,12.641557084447568
-10,7,20.01482566531612
-10,7,5.0
-10,7,46.93457001194704
-10,7,15.949163612215857
-10,7,46.952441844611926
-10,7,19.096290862151903
-10,7,18.324638284863312
-10,7,14.945236265019682
-10,7,5.0
-10,7,5.0
-10,7,5.0
-9,7,14.90946576250295
-9,7,16.496166509806436
-9,7,7.107614279099991
-9,7,5.0
-9,7,12.479767502360172
-9,7,5.0
-9,7,32.152115401908134
-9,7,5.0
-9,7,15.989315597649487
-9,7,13.707780322236246
-9,7,14.246223550809272
-9,7,5.677566358580588
-9,7,11.4547541192561
-9,7,14.471430442432224
-9,7,13.568715505414934
-9,7,5.77066538537343
-9,7,15.644419313320014
-9,7,28.182925665795874
-9,7,12.467554798501212
-9,7,8.482917528291408
-9,8,14.960482325561046
-9,8,20.298619810643565
-9,8,30.333410381622752
-9,8,12.236884092303917
-9,8,12.343729648280195
-9,8,5.630730322106798
-9,8,13.475952015372929
-9,8,5.0
-9,8,27.720723152182515
-9,8,7.115597080257453
-9,8,14.142651498333528
-9,8,6.304646656392682
-9,8,25.543249752299637
-9,8,26.40841733474609
-9,8,23.328134158546984
-9,8,13.742766084098616
-9,8,8.158821820657604
-9,8,11.207631086629153
-9,8,14.867608298300567
-9,8,5.0
-10,8,8.9099085535139
-10,8,5.0
-10,8,5.0
-10,8,19.986542421621184
-10,8,6.632821746357051
-10,8,11.206144406742132
-10,8,17.395564191452696
-10,8,18.49117857166967
-10,8,17.38887341193422
-10,8,5.0
-10,8,7.901421009503452
-10,8,16.89486631731675
-10,8,5.0
-10,8,45.08937323335199
-10,8,30.25609606208337
-10,8,11.776472405732003
-10,8,12.384649794708926
-10,8,7.165464714111177
-10,8,36.7589688609431
-10,8,5.0
-10,7,13.643927923845304
-10,7,5.0
-10,7,5.0
-10,7,6.636289327996957
-10,7,51.16403378760538
-10,7,9.677182548897193
-10,7,12.438460373865096
-10,7,57.34399742987684
-10,7,5.0
-10,7,21.48640218674038
-10,7,8.851798552844443
-10,7,16.283373332305377
-10,7,15.884701208450021
-10,7,11.628802036862997
-10,7,8.067912127149002
-10,7,7.962988379039499
-10,7,5.0
-10,7,31.14553454850276
-10,7,10.831128919226291
-10,7,12.337350365126726
-9,7,16.335886450053785
-9,7,21.173476990024483
-9,7,14.628237943914435
-9,7,37.75182780785258
-9,7,35.54161407436865
-9,7,30.068384847401788
-9,7,21.219475444820556
-9,7,14.609681254780863
-9,7,7.6995289240346185
-9,7,5.0
-9,7,5.33766978879984
-9,7,5.0
-9,7,5.0
-9,7,13.54778886964411
-9,7,5.0
-9,7,37.99314255778059
-9,7,6.596120028958806
-9,7,5.912761891804511
-9,7,37.77798650151981
-9,7,19.179313619821475
-10,7,5.0
-10,7,5.0
-10,7,13.813677072355029
-10,7,25.95512615925047
-10,7,11.444337386026891
-10,7,38.23894487801785
-10,7,5.0
-10,7,12.998769259664119
-10,7,20.041422641503328
-10,7,5.0
-10,7,24.74793282321412
-10,7,13.35435276940824
-10,7,5.0
-10,7,19.811885409006294
-10,7,7.162602545043189
-10,7,19.90983289496223
-10,7,10.141965706217992
-10,7,27.1340404435455
-10,7,7.580925260418167
-10,7,7.609901346972384
-10,6,27.39718471558855
-10,6,15.522888188259323
-10,6,5.0
-10,6,32.383435003430655
-10,6,5.0
-10,6,5.0
-10,6,9.065175767444162
-10,6,9.793461325011503
-10,6,5.0
-10,6,8.952451748755607
-10,6,12.695510548265473
-10,6,11.576612652345634
-10,6,50.63684968298659
-10,6,25.19537792253646
-10,6,22.334969729002
-10,6,11.900548635689402
-10,6,27.707407808869227
-10,6,19.47251673040928
-10,6,8.33346276109187
-10,6,20.22191430860086
-10,5,5.0
-10,5,17.713095673954452
-10,5,5.0
-10,5,5.0
-10,5,5.0
-10,5,5.0
-10,5,31.959410207190846
-10,5,16.44195767944828
-10,5,44.1493662194011
-10,5,32.50253051730705
-10,5,6.847670011734262
-10,5,32.82089679359288
-10,5,5.0
-10,5,23.86660004886072
-10,5,10.383584971926346
-10,5,13.321393171342223
-10,5,12.51583922043232
-10,5,13.631201057767754
-10,5,22.867309677515433
-10,5,22.7991666002221
-9,5,17.52931254440886
-9,5,16.224764528984636
-9,5,22.0558257914774
-9,5,11.448050520951991
-9,5,5.0
-9,5,8.625505665706775
-9,5,66.60810814754947
-9,5,25.83851420396131
-9,5,9.385734218416692
-9,5,12.286700804780043
-9,5,5.133114828792553
-9,5,21.397906077784484
-9,5,26.48421952503741
-9,5,5.0
-9,5,20.499223392241426
-9,5,14.011861159031504
-9,5,14.36599955369219
-9,5,25.173605300080986
-9,5,11.951530934475437
-9,5,18.415763991762127
-8,5,21.259366513232596
-8,5,10.059419618955001
-8,5,37.265707554049996
-8,5,14.931099902434342
-8,5,16.52303710647031
-8,5,19.828953121900504
-8,5,30.736400454522713
-8,5,19.30167621088893
-8,5,25.730995225478672
-8,5,16.792109089154206
-8,5,14.451103348755108
-8,5,17.684569051469516
-8,5,5.0
-8,5,5.0
-8,5,23.279444356761267
-8,5,13.993157315822007
-8,5,20.031158049511813
-8,5,39.940217324933
-8,5,5.0
-8,5,27.06624929754932
-8,4,10.365995447448173
-8,4,8.674991837634654
-8,4,19.536176182099446
-8,4,9.19164933930065
-8,4,5.0
-8,4,14.632709688542972
-8,4,42.00409140825279
-8,4,8.892785196743638
-8,4,57.117079025169815
-8,4,16.9687622486477
-8,4,16.981465906835332
-8,4,5.0
-8,4,17.914517028417542
-8,4,17.527710293920574
-8,4,5.0
-8,4,10.516835093560069
-8,4,29.629608345655292
-8,4,5.0
-8,4,22.70218429866538
-8,4,22.62385133154801
-8,3,22.991845248974037
-8,3,18.888835318149386
-8,3,20.474208555839827
-8,3,6.787597472017261
-8,3,14.219282651949117
-8,3,55.00398301713699
-8,3,24.74166253700579
-8,3,19.332892103188392
-8,3,24.8597168828691
-8,3,10.098799217817346
-8,3,27.911277995056714
-8,3,13.844042716392487
-8,3,31.365120783264967
-8,3,27.628183104632605
-8,3,8.540402703499362
-8,3,14.763351039482073
-8,3,11.728100583922195
-8,3,11.019010662035122
-8,3,16.556409803965785
-8,3,13.476228401664237
-8,2,35.38157848455822
-8,2,13.420639793532228
-8,2,5.0
-8,2,21.46070736721893
-8,2,33.21972362708795
-8,2,7.126808679471515
-8,2,13.13992871971367
-8,2,5.0
-8,2,17.787479295125035
-8,2,6.799297968014122
-8,2,14.791950685756202
-8,2,19.400554779912564
-8,2,11.942701098973739
-8,2,18.67154503033017
-8,2,8.210422770199557
-8,2,10.310247572724037
-8,2,5.0
-8,2,72.57853497297577
-8,2,33.06112733043251
-8,2,15.621525819743736
-8,1,21.69734625778034
-8,1,11.641857172799048
-8,1,16.63850304383476
-8,1,6.484120559870083
-8,1,37.92026685466827
-8,1,12.100466193485182
-8,1,17.885526668028298
-8,1,5.0
-8,1,23.354403364072517
-8,1,79.07649227530169
-8,1,7.6309923952889225
-8,1,19.30952159492839
-8,1,45.18544830431573
-8,1,23.37991375819548
-8,1,41.03969515265722
-8,1,26.195914647074254
-8,1,17.668387314999713
-8,1,25.784699048951076
-8,1,22.124939908582512
-8,1,14.599582147878547
-7,1,30.79269849795333
-7,1,24.042237141760836
-7,1,20.5461639175205
-7,1,27.84902335157437
-7,1,16.629675652753175
-7,1,20.40747819501864
-7,1,10.559038100463898
-7,1,29.151025933245954
-7,1,48.67281306587988
-7,1,11.438197547847434
-7,1,23.064368110480576
-7,1,26.839891471044048
-7,1,21.9128444638253
-7,1,43.633413105193746
-7,1,48.818686826192504
-7,1,14.17478149071399
-7,1,13.002517984609891
-7,1,14.604192051206478
-7,1,9.335910362678675
-7,1,17.009640949754875
-7,0,13.734082539240251
-7,0,5.0
-7,0,8.458084371204308
-7,0,25.790050697891317
-7,0,23.226659930433833
-7,0,12.036402955267988
-7,0,11.56041002486046
-7,0,48.505836925248985
-7,0,16.385320768067782
-7,0,5.0
-7,0,21.259359988372424
-7,0,6.355912900900412
-7,0,14.02325732328007
-7,0,17.05118128429033
-7,0,20.840885420520912
-7,0,21.322464259842825
-7,0,5.0
-7,0,24.77017410896378
-7,0,6.664133341193349
-7,0,19.27774673220363
-7,-1,23.87637296739873
-7,-1,13.348400765031009
-7,-1,18.49553404371037
-7,-1,10.808342439161507
-7,-1,15.498559902659283
-7,-1,12.887401665677906
-7,-1,24.43854444942297
-7,-1,7.20079011955314
-7,-1,21.82879875613641
-7,-1,32.872777737828514
-7,-1,18.524285571168804
-7,-1,24.00885248740699
-7,-1,48.69932968080359
-7,-1,23.52119144532297
-7,-1,5.0
-7,-1,18.201933441778614
-7,-1,30.8316700579025
-7,-1,18.959583351656967
-7,-1,9.275247352775665
-7,-1,14.959257693132638
-7,-2,42.1354238510801
-7,-2,15.120533632414574
-7,-2,13.83951014614818
-7,-2,17.475253415035816
-7,-2,12.503900337269897
-7,-2,28.75603556242432
-7,-2,26.776006985933034
-7,-2,5.0
-7,-2,5.5164668275361795
-7,-2,24.44195508552568
-7,-2,12.624310450669283
-7,-2,18.86603953600738
-7,-2,8.26707030179864
-7,-2,21.385639478019634
-7,-2,27.47463868636389
-7,-2,21.420169495783917
-7,-2,23.86766918829592
-7,-2,18.118114157675826
-7,-2,18.313316922048045
-7,-2,22.004937725162577
-6,-2,14.304481136302469
-6,-2,13.847215805759479
-6,-2,49.55589032539572
-6,-2,19.922285799501868
-6,-2,39.90804081785751
-6,-2,27.94346332465617
-6,-2,15.925594991450735
-6,-2,14.177477932207886
-6,-2,25.140233982624057
-6,-2,16.365739965187526
-6,-2,28.255919335171733
-6,-2,17.03404903864988
-6,-2,15.080966212792251
-6,-2,15.722595198242882
-6,-2,9.13358455634667
-6,-2,16.214833393786947
-6,-2,31.707836668645335
-6,-2,8.681384769943474
-6,-2,8.834267422231648
-6,-2,37.6191557958225
-6,-3,27.774612155969493
-6,-3,15.34942168104951
-6,-3,24.38039531303452
-6,-3,13.343680794195135
-6,-3,17.01041875858976
-6,-3,18.916984752887146
-6,-3,23.53957945835674
-6,-3,21.27721492155552
-6,-3,49.80297659384042
-6,-3,15.402725542208374
-6,-3,14.312825794386523
-6,-3,32.76133290890925
-6,-3,25.99577265068131
-6,-3,41.294632846236524
-6,-3,9.820664491938432
-6,-3,18.145061119081202
-6,-3,45.18752329832688
-6,-3,9.883920431444842
-6,-3,42.355039376229534
-6,-3,19.532835557486514
-6,-4,9.544700156128913
-6,-4,23.086419745858333
-6,-4,10.171152832608012
-6,-4,16.519688871804092
-6,-4,5.0
-6,-4,5.4263174419902285
-6,-4,37.51086320459693
-6,-4,11.96810000141851
-6,-4,5.0
-6,-4,38.01577671076139
-6,-4,36.20233646617207
-6,-4,18.14472649935902
-6,-4,42.947013398917804
-6,-4,5.0
-6,-4,7.375741066405391
-6,-4,14.836498754257061
-6,-4,28.63802897061614
-6,-4,31.8958760117427
-6,-4,29.765838879571866
-6,-4,37.83608003875108
-5,-4,5.0
-5,-4,39.42195693480527
-5,-4,27.495266574269735
-5,-4,23.75989616567172
-5,-4,19.7166764165698
-5,-4,23.180151008506023
-5,-4,21.601158849450385
-5,-4,18.292541284997657
-5,-4,5.0
-5,-4,5.0
-5,-4,40.658362407818885
-5,-4,13.69966957845168
-5,-4,5.0
-5,-4,26.781156824273594
-5,-4,10.208445385161848
-5,-4,36.045216176508376
-5,-4,5.0
-5,-4,8.768915890598393
-5,-4,13.23460697781238
-5,-4,48.30204326657429
-4,-4,13.54082817297122
-4,-4,13.357286717964612
-4,-4,23.434023753841203
-4,-4,13.790946372221152
-4,-4,16.487182112082493
-4,-4,11.736293569650016
-4,-4,7.619610311050366
-4,-4,15.37921108620445
-4,-4,54.93181067968156
-4,-4,17.48602823055707
-4,-4,18.408330758298256
-4,-4,40.97770828778448
-4,-4,15.473531446376505
-4,-4,22.48077513876926
-4,-4,27.490603313934646
-4,-4,22.508871878447813
-4,-4,5.747771369108882
-4,-4,18.274214782228654
-4,-4,33.5025476401859
-4,-4,16.091267151785317
-3,-4,34.61537259967073
-3,-4,14.327086585947141
-3,-4,22.25757477945241
-3,-4,17.240154542250018
-3,-4,16.531057415852345
-3,-4,21.200621455816105
-3,-4,5.0
-3,-4,25.550254903732437
-3,-4,10.646940566284107
-3,-4,20.231886258216836
-3,-4,13.412966555148852
-3,-4,19.61844518695365
-3,-4,6.294032626220414
-3,-4,36.59289299394241
-3,-4,13.595408534764097
-3,-4,7.406353176061248
-3,-4,12.690764224092316
-3,-4,12.521887176922569
-3,-4,23.990881028200327
-3,-4,43.85837998726128
-3,-3,17.635843755960455
-3,-3,13.009988260783896
-3,-3,23.743140628324948
-3,-3,21.36955393425893
-3,-3,41.83610038020467
-3,-3,13.146866563696449
-3,-3,21.75119211482339
-3,-3,9.196053991581405
-3,-3,29.134868571565434
-3,-3,24.392163333540562
-3,-3,53.57737871783739
-3,-3,24.423281862709615
-3,-3,18.145894696967783
-3,-3,19.812049015085726
-3,-3,29.785391065413933
-3,-3,27.69244463338532
-3,-3,27.143035361506286
-3,-3,47.49737397859737
-3,-3,21.791219543990668
-3,-3,18.41325408261324
-3,-4,20.11609213450988
-3,-4,18.30717345762384
-3,-4,15.632065402694362
-3,-4,12.297678287703425
-3,-4,25.20545420594381
-3,-4,12.260517158567255
-3,-4,23.826757889520394
-3,-4,23.73914704432784
-3,-4,25.187929789086994
-3,-4,11.122427077916841
-3,-4,38.595600977101455
-3,-4,5.0
-3,-4,23.60439837584745
-3,-4,45.553216628142046
-3,-4,11.273825267409215
-3,-4,19.206752761774432
-3,-4,58.97774379219396
-3,-4,19.84084206089473
-3,-4,9.330531533160181
-3,-4,17.30174663905983
-3,-3,27.55235003009745
-3,-3,45.584942329545356
-3,-3,18.414378834762086
-3,-3,33.09447133242927
-3,-3,9.35165915160933
-3,-3,18.73171596345117
-3,-3,13.784620362490735
-3,-3,28.011849226488536
-3,-3,18.307070844061904
-3,-3,21.110292699460786
-3,-3,21.197715950827604
-3,-3,5.0
-3,-3,36.724201907196715
-3,-3,38.419195421192285
-3,-3,16.038183745975974
-3,-3,25.60037411761212
-3,-3,50.80716522455415
-3,-3,36.03904873008922
-3,-3,36.945366523878256
-3,-3,33.149914856037576
-3,-4,26.511343637021795
-3,-4,15.757668661521045
-3,-4,21.058213388880382
-3,-4,28.51494350324905
-3,-4,14.089955838668729
-3,-4,42.91043609209346
-3,-4,17.124167047831502
-3,-4,14.33983515982545
-3,-4,13.040082094350478
-3,-4,15.219416969563682
-3,-4,27.979231977893917
-3,-4,25.8265411870197
-3,-4,21.607447141805093
-3,-4,12.957920227850138
-3,-4,35.40497375673929
-3,-4,24.292704251460513
-3,-4,23.877310420033762
-3,-4,11.813150214378783
-3,-4,24.283793922479337
-3,-4,27.916260438877735
-3,-5,11.112196687495619
-3,-5,16.11710671090513
-3,-5,18.06953239537677
-3,-5,41.58496606350272
-3,-5,44.639661717385586
-3,-5,30.254085867167394
-3,-5,21.553671536092242
-3,-5,17.602279367584483
-3,-5,31.783423881448705
-3,-5,10.521945572247855
-3,-5,22.829699906902203
-3,-5,14.601533716841212
-3,-5,24.799968916769135
-3,-5,15.373939616552683
-3,-5,16.682128364326953
-3,-5,41.439877596331456
-3,-5,23.37351650400013
-3,-5,22.01883272660095
-3,-5,40.40218802656426
-3,-5,20.244381671835946
-4,-5,5.0
-4,-5,5.0
-4,-5,15.016012863605749
-4,-5,18.84547720088446
-4,-5,39.6882661495881
-4,-5,11.863372771799261
-4,-5,22.27168398253168
-4,-5,23.901590082495318
-4,-5,7.697737034035878
-4,-5,21.372808020592966
-4,-5,21.776112492353008
-4,-5,60.71094451662943
-4,-5,5.0
-4,-5,10.42583427005686
-4,-5,18.46784982352609
-4,-5,15.766920936032761
-4,-5,5.0
-4,-5,31.992031310679877
-4,-5,47.16273198919144
-4,-5,16.21353514710556
-3,-5,22.56684809409883
-3,-5,5.0
-3,-5,27.370972724773697
-3,-5,23.963526089294085
-3,-5,29.454492131499745
-3,-5,19.135926977909353
-3,-5,25.487352545952227
-3,-5,13.26092557198065
-3,-5,33.56459478767984
-3,-5,5.0
-3,-5,26.170704053560442
-3,-5,23.76785233886008
-3,-5,51.209256048349076
-3,-5,11.787063590901841
-3,-5,26.35658161737311
-3,-5,24.539333573032142
-3,-5,30.590756669103705
-3,-5,31.666869643919043
-3,-5,32.92425414284473
-3,-5,18.065416628869844
-2,-5,5.0
-2,-5,12.457881435844753
-2,-5,22.730847372534946
-2,-5,33.192257709618644
-2,-5,28.80747041556338
-2,-5,14.688199200470649
-2,-5,41.501545769450075
-2,-5,16.033043079341212
-2,-5,7.411506939810945
-2,-5,45.00935869228556
-2,-5,30.811644026486075
-2,-5,28.104619892075597
-2,-5,29.17195738872427
-2,-5,36.131424448406975
-2,-5,36.06653654525826
-2,-5,14.559261506884834
-2,-5,13.764497750741615
-2,-5,32.10323635541947
-2,-5,28.406435892910523
-2,-5,43.602274548422876
-2,-6,33.49562865856437
-2,-6,22.46965197375417
-2,-6,5.0
-2,-6,5.0
-2,-6,26.889024817316482
-2,-6,20.14054812878947
-2,-6,7.348599019123391
-2,-6,14.870323284522607
-2,-6,12.083263488440654
-2,-6,9.274991581794096
-2,-6,22.329041898064965
-2,-6,44.06704984692196
-2,-6,24.248346842449493
-2,-6,24.671354664726792
-2,-6,31.50839354744493
-2,-6,27.78764586892371
-2,-6,5.0
-2,-6,6.829931387751479
-2,-6,66.92512977196662
-2,-6,50.974539587964365
-1,-6,40.1115440773929
-1,-6,10.19670472249867
-1,-6,17.193168519643947
-1,-6,30.609026108074804
-1,-6,35.32484022514547
-1,-6,41.70404643948365
-1,-6,18.871757531376534
-1,-6,44.64140255019332
-1,-6,12.53818270341831
-1,-6,10.110898919624917
-1,-6,16.712168688040535
-1,-6,21.634519452980122
-1,-6,19.125037854351646
-1,-6,26.17158845612167
-1,-6,15.798237873036907
-1,-6,28.468441866974317
-1,-6,10.620755988467138
-1,-6,33.814820650051004
-1,-6,21.816619642829433
-1,-6,23.433412982210708
-1,-7,23.307492532179573
-1,-7,14.078085593006875
-1,-7,35.12909308642682
-1,-7,12.413895807562573
-1,-7,9.657415588336828
-1,-7,36.069639318584606
-1,-7,21.416936593239935
-1,-7,16.16440867011256
-1,-7,26.46535258455897
-1,-7,8.161383690169023
-1,-7,32.15429033885212
-1,-7,20.373911428850057
-1,-7,17.27776444755343
-1,-7,26.88090748619163
-1,-7,9.887122989662991
-1,-7,18.174703998244258
-1,-7,23.30034916491721
-1,-7,23.015520809850255
-1,-7,9.417947327342938
-1,-7,21.330223698709617
0,-7,9.2876428169124
0,-7,22.91393542405896
0,-7,7.976755258848505
0,-7,5.0
0,-7,12.086994175389734
0,-7,5.0
0,-7,24.061762196574833
0,-7,20.560164932910784
0,-7,13.940112039389373
0,-7,17.65424056894737
0,-7,21.853992064437875
0,-7,11.170385365938667
0,-7,42.89852690106562
0,-7,25.087621160054184
0,-7,46.157009224741714
0,-7,10.475547178940454
0,-7,5.0
0,-7,35.28106439762352
0,-7,31.6482342950424
0,-7,26.543569442365637
0,-8,19.8581610204821
0,-8,37.19629770038578
0,-8,19.26294317099876
0,-8,16.709545607860218
0,-8,7.930460879475912
0,-8,8.045230964770674
0,-8,5.0
0,-8,20.535629174907466
0,-8,25.52636825793897
0,-8,24.141898941713492
0,-8,22.992132451084625
0,-8,19.18921802657834
0,-8,19.729699049057857
0,-8,43.906671291521434
0,-8,5.0
0,-8,27.55652417586208
0,-8,12.112362069208382
0,-8,11.072834228513159
0,-8,18.51987283757126
0,-8,21.785984168179255
-1,-8,5.0
-1,-8,13.054710623316165
-1,-8,10.272053044832646
-1,-8,5.0
-1,-8,50.051072575352094
-1,-8,31.750376596343088
-1,-8,30.93380898971484
-1,-8,28.576564142313877
-1,-8,25.522213686125106
-1,-8,11.82979187485153
-1,-8,8.171740511876886
-1,-8,11.975106034964119
-1,-8,21.27135006845566
-1,-8,27.652190310129477
-1,-8,12.544323885453473
-1,-8,5.0
-1,-8,32.029303502653505
-1,-8,17.291654519991766
-1,-8,35.33369816115789
-1,-8,41.31113811029802
-2,-8,12.389658504592038
-2,-8,19.750269953751182
-2,-8,42.322377098149424
-2,-8,13.836533924061985
-2,-8,15.409307239349952
-2,-8,21.170718657558684
-2,-8,21.129757068266848
-2,-8,7.484947899578369
-2,-8,21.878816348431954
-2,-8,18.537455663445282
-2,-8,17.234131234228208
-2,-8,8.755612009240867
-2,-8,10.556037752745983
-2,-8,28.229819752646343
-2,-8,22.127665725351775
-2,-8,9.034581428289254
-2,-8,23.31808333565654
-2,-8,9.038818761731658
-2,-8,30.045809043718307
-2,-8,13.922194734410368
-3,-8,5.0
-3,-8,21.233555603148094
-3,-8,27.39241291988714
-3,-8,9.144205540837282
-3,-8,19.39846924284258
-3,-8,17.76843750187176
-3,-8,7.221597528056884
-3,-8,23.106924851163868
-3,-8,24.54855202576472
-3,-8,32.27205334714492
-3,-8,12.752369838837527
-3,-8,5.0
-3,-8,5.0
-3,-8,11.56258006068244
-3,-8,66.53649772334906
-3,-8,38.4668328496366
-3,-8,33.48351712130593
-3,-8,17.081930679225596
-3,-8,18.391282345457824
-3,-8,31.529740882706463
-2,-8,11.901040341651491
-2,-8,5.596529708472176
-2,-8,20.20821654892901
-2,-8,10.541649341310189
-2,-8,39.94272780881575
-2,-8,5.0
-2,-8,14.783603553229465
-2,-8,5.164223468862296
-2,-8,16.334321956070585
-2,-8,5.0
-2,-8,12.022577888220969
-2,-8,8.925000510466791
-2,-8,42.8137721050869
-2,-8,5.569490141258351
-2,-8,12.84968781191457
-2,-8,5.981676731235094
-2,-8,8.053569127795111
-2,-8,55.2899302067084
-2,-8,18.207147977697517
-2,-8,44.39839698883698
-1,-8,5.0
-1,-8,5.0
-1,-8,22.64746190903298
-1,-8,5.0
-1,-8,5.0
-1,-8,21.390446554726118
-1,-8,58.39206527314572
-1,-8,14.402161409736193
-1,-8,20.812243735638564
-1,-8,20.062747749792468
-1,-8,23.191114109231705
-1,-8,19.055661482532994
-1,-8,5.0
-1,-8,23.3121259569171
-1,-8,23.28453854274351
-1,-8,14.966010978993573
-1,-8,8.177784508305995
-1,-8,34.90314604958816
-1,-8,35.06416502498114
-1,-8,19.891646854109453
-2,-8,35.09911072220738
-2,-8,5.0
-2,-8,28.411254529630835
-2,-8,14.80032145625204
-2,-8,19.411930450502894
-2,-8,33.37171481101961
-2,-8,15.539402721141986
-2,-8,17.802570322001337
-2,-8,5.280151052454832
-2,-8,32.07886231333991
-2,-8,13.731935201851808
-2,-8,5.0
-2,-8,27.562226719853257
-2,-8,34.27271230725986
-2,-8,20.976375900016063
-2,-8,74.09831313827037
-2,-8,19.14677649015782
-2,-8,36.63253638722614
-2,-8,29.50022065505155
-2,-8,9.122951738429704
-3,-8,12.869172213785541
-3,-8,23.50460428777226
-3,-8,34.31906632656042
-3,-8,18.536273725396057
-3,-8,9.931165078121868
-3,-8,15.287649962687704
-3,-8,22.162345365287536
-3,-8,20.914538642586496
-3,-8,29.655243398900758
-3,-8,11.66517169986684
-3,-8,15.04945909944575
-3,-8,5.0
-3,-8,16.431934161548284
-3,-8,5.740783560628479
-3,-8,19.5173216915069
-3,-8,29.203260943845244
-3,-8,30.798690816842317
-3,-8,5.0
-3,-8,14.03508649373746
-3,-8,12.257894694731648
-4,-8,10.673999635126888
-4,-8,22.40482666724695
-4,-8,24.455130961112168
-4,-8,7.0776617037717315
-4,-8,5.0
-4,-8,33.164342378270355
-4,-8,10.574113235717789
-4,-8,13.106620331852193
-4,-8,23.80401342412594
-4,-8,27.962414855269813
-4,-8,12.790392564719586
-4,-8,28.96699567734603
-4,-8,31.272384939286635
-4,-8,11.018080827771637
-4,-8,30.201354515776202
-4,-8,12.023154167764517
-4,-8,8.794305769689316
-4,-8,5.0
-4,-8,25.22408689205212
-4,-8,5.0
-3,-8,31.364816057131097
-3,-8,53.98128847092478
-3,-8,5.0
-3,-8,7.929718395701487
-3,-8,15.810421235114715
-3,-8,27.135999978694443
-3,-8,20.698626929016484
-3,-8,17.3279102218112
-3,-8,9.864898962168976
-3,-8,8.115269697578213
-3,-8,8.545159600404316
-3,-8,5.0
-3,-8,14.861270974831674
-3,-8,15.372788986109368
-3,-8,19.156650931903187
-3,-8,32.20362663152617
-3,-8,22.679116060978828
-3,-8,22.470385455581056
-3,-8,5.0
-3,-8,32.67969575990969
-4,-8,55.99957312758445
-4,-8,5.0
-4,-8,14.9704644050373
-4,-8,33.74002894077257
-4,-8,40.47961008898872
-4,-8,22.90055751459616
-4,-8,11.981929664485612
-4,-8,14.905298829838603
-4,-8,5.0
-4,-8,14.219590895750924
-4,-8,30.33265780489596
-4,-8,13.812128141316846
-4,-8,5.0
-4,-8,57.36648149804418
-4,-8,20.882569952889405
-4,-8,12.597037890647451
-4,-8,14.965367045391016
-4,-8,5.0
-4,-8,18.971730473893228
-4,-8,30.236714288210976
-3,-8,6.647680516470899
-3,-8,10.029410557616874
-3,-8,15.406637101899621
-3,-8,36.19778039869978
-3,-8,16.547077564601032
-3,-8,19.518525415506797
-3,-8,14.919884910107895
-3,-8,15.096679526195446
-3,-8,16.42496825171842
-3,-8,33.30575461269012
-3,-8,28.003645863458182
-3,-8,12.308845706305437
-3,-8,11.002840993177312
-3,-8,12.763973108469528
-3,-8,19.46962024796017
-3,-8,5.3085030251050975
-3,-8,31.334538374499473
-3,-8,20.283188925333633
-3,-8,43.182091816028176
-3,-8,20.33002137209342
-4,-8,13.579758954822081
-4,-8,19.946805300707396
-4,-8,5.0
-4,-8,21.817722740090048
-4,-8,10.671510951921054
-4,-8,5.0
-4,-8,17.369209049612923
-4,-8,30.655434463856857
-4,-8,5.7709915001352385
-4,-8,40.40644925936475
-4,-8,27.742105092284447
-4,-8,5.0
-4,-8,26.31950173392824
-4,-8,11.111973480219966
-4,-8,12.225125717993475
-4,-8,21.98942691228101
-4,-8,39.24699877062834
-4,-8,12.136704118759113
-4,-8,8.066968860633686
-4,-8,14.63050833644973
-3,-8,9.815000899641317
-3,-8,59.44651448133553
-3,-8,37.89695011386981
-3,-8,26.64120226622316
-3,-8,20.289572104714438
-3,-8,5.0
-3,-8,10.537744563212087
-3,-8,13.360490489036478
-3,-8,15.730014728155679
-3,-8,43.13749204989011
-3,-8,12.711445630544288
-3,-8,10.522490123665797
-3,-8,28.721901656576136
-3,-8,9.258162923682232
-3,-8,47.31176053497519
-3,-8,40.876756205226904
-3,-8,14.564048511251777
-3,-8,26.01010654214642
-3,-8,59.213453592920445
-3,-8,24.458080334832005
-2,-8,18.235611509964745
-2,-8,10.756769330058303
-2,-8,10.625499373657535
-2,-8,13.40326886008124
-2,-8,17.018760595698364
-2,-8,17.6205219034214
-2,-8,50.19273390181218
-2,-8,12.539620987132796
-2,-8,5.0
-2,-8,10.123393741264557
-2,-8,32.23840185251562
-2,-8,52.761369505175026
-2,-8,69.97816162695885
-2,-8,10.692734348652266
-2,-8,10.317625061903538
-2,-8,5.0
-2,-8,17.069176734142566
-2,-8,11.267806152329266
-2,-8,32.47645298104538
-2,-8,5.0
-3,-8,22.621208354637556
-3,-8,34.58318688284653
-3,-8,24.831515794369157
-3,-8,16.787800102329143
-3,-8,9.34510378707791
-3,-8,15.516905705925119
-3,-8,8.653487018255554
-3,-8,23.426970526044947
-3,-8,21.621623513519413
-3,-8,5.0
-3,-8,25.58175880440004
-3,-8,47.733153936841894
-3,-8,10.542420367722455
-3,-8,26.11236080250054
-3,-8,10.786058057208042
-3,-8,5.0
-3,-8,19.681220656226515
-3,-8,5.0
-3,-8,11.69750790318
-3,-8,11.610182704137971
-4,-8,26.6582407554166
-4,-8,28.636523496917995
-4,-8,10.016517454504562
-4,-8,8.320645807182629
-4,-8,5.0
-4,-8,10.887116466386086
-4,-8,15.567071236879082
-4,-8,21.77538030712295
-4,-8,16.74132162450895
-4,-8,7.713615769468134
-4,-8,22.261213173381872
-4,-8,18.63247799855892
-4,-8,11.89702395181459
-4,-8,12.451663663612088
-4,-8,22.9334316821981
-4,-8,23.91471422302321
-4,-8,5.632243862758926
-4,-8,33.45990327960236
-4,-8,31.260782224618524
-4,-8,9.7365449691294
-5,-8,20.697845257898166
-5,-8,48.13090166159386
-5,-8,20.829435438582607
-5,-8,5.670123137564182
-5,-8,26.675170237872084
-5,-8,28.02293278276001
-5,-8,28.75581486082757
-5,-8,5.0
-5,-8,22.336956648676484
-5,-8,5.0
-5,-8,10.406275223177474
-5,-8,5.0
-5,-8,7.661928567936563
-5,-8,14.01594354369353
-5,-8,6.273766911615576
-5,-8,17.519035053654658
-5,-8,11.400776133314853
-5,-8,5.0
-5,-8,22.50183031584651
-5,-8,25.428588626505267
-6,-8,13.789738128065775
-6,-8,38.53453354527239
-6,-8,5.0
-6,-8,7.810893629822757
-6,-8,5.0
-6,-8,30.079809646375033
-6,-8,39.658304922731915
-6,-8,17.46900668164843
-6,-8,5.0
-6,-8,24.68312385867884
-6,-8,8.067657029554226
-6,-8,29.463342140104146
-6,-8,27.246351239921395
-6,-8,13.839210694797773
-6,-8,35.23889824701704
-6,-8,19.045427302976528
-6,-8,18.755779257268166
-6,-8,15.326575154432886
-6,-8,15.345284251677677
-6,-8,12.762288522937883
-5,-8,12.121772639485197
-5,-8,21.539339392356993
-5,-8,33.655523371634615
-5,-8,20.231916531911526
-5,-8,12.977363188996314
-5,-8,18.900702448817963
-5,-8,15.325628315782561
-5,-8,7.439933843664021
-5,-8,21.485850611575643
-5,-8,35.34863571784163
-5,-8,5.0
-5,-8,18.27939687574481
-5,-8,13.363386055485579
-5,-8,9.046496472384817
-5,-8,14.543062999232351
-5,-8,11.766720129370313
-5,-8,15.472311529358223
-5,-8,5.0
-5,-8,8.90322981797385
-5,-8,47.82983321674318
-6,-8,24.581486678198253
-6,-8,9.089216833153449
-6,-8,6.388187035309265
-6,-8,56.79897933043169
-6,-8,43.7374071170003
-6,-8,5.868899718738703
-6,-8,5.0
-6,-8,5.0
-6,-8,18.851311355690743
-6,-8,32.581327240376794
-6,-8,8.09815737117787
-6,-8,17.29174762447779
-6,-8,8.534119814054172
-6,-8,5.0
-6,-8,5.0
-6,-8,17.400242983375275
-6,-8,5.0
-6,-8,5.827541750874687
-6,-8,23.663881773847706
-6,-8,31.107004944459646
-5,-8,17.435696187410496
-5,-8,31.37052295087789
-5,-8,5.0
-5,-8,16.32799638343199
-5,-8,5.0
-5,-8,16.647225088602717
-5,-8,11.591296301342888
-5,-8,29.54852150971546
-5,-8,14.570899421261597
-5,-8,15.71371494026375
-5,-8,5.520491099509355
-5,-8,7.921905502952512
-5,-8,26.25756082306447
-5,-8,38.68437370352188
-5,-8,23.26166163183701
-5,-8,17.245431529242126
-5,-8,14.988991604356196
-5,-8,11.912034466159852
-5,-8,8.11107509934535
-5,-8,39.92349298293267
-6,-8,5.0
-6,-8,59.34948047987774
-6,-8,13.583784674165837
-6,-8,24.224844161032724
-6,-8,8.091363169655319
-6,-8,15.896257883226552
-6,-8,5.0
-6,-8,7.955931009089701
-6,-8,7.221882665766415
-6,-8,5.0
-6,-8,53.934367180906555
-6,-8,7.945480709144107
-6,-8,10.825891056884815
-6,-8,17.589071216786827
-6,-8,5.0
-6,-8,23.223885372078087
-6,-8,23.51934480190256
-6,-8,5.728047031680193
-6,-8,23.017012278257894
-6,-8,9.578381245401266
-7,-8,29.458570381390945
-7,-8,5.0
-7,-8,5.0
-7,-8,5.435435803974378
-7,-8,23.032743847537724
-7,-8,27.733329144862182
-7,-8,5.0
-7,-8,19.920371374187674
-7,-8,18.446737090133638
-7,-8,5.0
-7,-8,5.0
-7,-8,14.161141113522625
-7,-8,29.81104825233636
-7,-8,16.706592347580532
-7,-8,16.581489068696534
-7,-8,17.049767055826113
-7,-8,12.604858466232862
-7,-8,18.447936491260283
-7,-8,16.26263369655875
-7,-8,21.882686296606547
-6,-8,24.962185991773772
-6,-8,5.0
-6,-8,5.0
-6,-8,13.181250445042432
-6,-8,5.033440011327585
-6,-8,17.813357573397024
-6,-8,5.0
-6,-8,23.79570343717963
-6,-8,17.589062297508423
-6,-8,5.0
-6,-8,18.157088089195412
-6,-8,22.218762285814737
-6,-8,18.229123720624578
-6,-8,28.028428463806975
-6,-8,20.271850508764572
-6,-8,15.566187310268429
-6,-8,14.83737301855888
-6,-8,12.004087390106985
-6,-8,32.68432546612667
-6,-8,5.0
-5,-8,8.98432516501591
-5,-8,11.623670813458485
-5,-8,5.0
-5,-8,15.004511954796875
-5,-8,28.162211386045158
-5,-8,10.765216650704064
-5,-8,7.524798338256002
-5,-8,18.94865609117531
-5,-8,15.520596040471567
-5,-8,15.298547331623446
-5,-8,13.687178443983615
-5,-8,34.18166985764119
-5,-8,7.418987079392019
-5,-8,18.787850200995084
-5,-8,26.993942383539427
-5,-8,21.390623136322105
-5,-8,15.102892315234387
-5,-8,12.644504510192922
-5,-8,5.0
-5,-8,35.32050273910025
-6,-8,16.88305195762969
-6,-8,26.856545947234512
-6,-8,12.055470700031874
-6,-8,9.35443679636116
-6,-8,16.618318606524713
-6,-8,5.0
-6,-8,15.27103399319474
-6,-8,35.173724786835486
-6,-8,5.0
-6,-8,16.821469404070662
-6,-8,12.144671734470446
-6,-8,11.918779111007412
-6,-8,19.411887899492495
-6,-8,5.0
-6,-8,14.031932934487248
-6,-8,6.23031410259508
-6,-8,8.231558125204547
-6,-8,5.0
-6,-8,19.695956722966724
-6,-8,65.52187837369256
-7,-8,5.0
-7,-8,18.71714609259607
-7,-8,5.0
-7,-8,20.763410261982198
-7,-8,14.601738581628162
-7,-8,27.98111918072413
-7,-8,15.247989360788253
-7,-8,11.866944713380297
-7,-8,22.55955557688872
-7,-8,23.23813529827547
-7,-8,45.512319537582655
-7,-8,6.743433485779645
-7,-8,19.804222615349893
-7,-8,31.984252481512417
-7,-8,15.174173538562409
-7,-8,12.668098089310467
-7,-8,5.0
-7,-8,19.792284452943218
-7,-8,11.876509923879054
-7,-8,15.061572314707778
-8,-8,5.530938710466204
-8,-8,10.380056067833348
-8,-8,42.478045090315035
-8,-8,8.279260819456123
-8,-8,20.398836073050845
-8,-8,12.011869735965702
-8,-8,17.442167927087564
-8,-8,5.0
-8,-8,5.574432302308107
-8,-8,17.899220801405068
-8,-8,5.0
-8,-8,5.0
-8,-8,5.0
-8,-8,34.45417404783563
-8,-8,6.06371311424396
-8,-8,17.17246925877064
-8,-8,20.21961377945929
-8,-8,5.0
-8,-8,13.56121016478499
-8,-8,17.28742555241718
-9,-8,5.0
-9,-8,20.56506328416696
-9,-8,16.591758084287996
-9,-8,6.483002865497005
-9,-8,7.311456577421134
-9,-8,5.0
-9,-8,38.04044020796116
-9,-8,9.668271151481258
-9,-8,5.0
-9,-8,20.47748949051398
-9,-8,30.339101485083724
-9,-8,5.0
-9,-8,5.0
-9,-8,9.747173474706496
-9,-8,17.0508821413333
-9,-8,8.289058890261648
-9,-8,5.0
-9,-8,14.365475762939852
-9,-8,34.02409197276636
-9,-8,18.099361861191532
-10,-8,12.4874839850233
-10,-8,24.22584201381249
-10,-8,5.0
-10,-8,20.179788619059792
-10,-8,5.0
-10,-8,8.250627985924003
-10,-8,17.24574447171983
-10,-8,29.923112006838153
-10,-8,21.283676217210136
-10,-8,17.604973584207414
-10,-8,5.0
-10,-8,11.4507663742278
-10,-8,6.985004676708591
-10,-8,11.41841906138039
-10,-8,23.593481449916336
-10,-8,35.07128293919726
-10,-8,16.975108137071395
-10,-8,7.091276772929627
-10,-8,18.48423366868668
-10,-8,5.0
-11,-8,5.0
-11,-8,9.547493392258234
-11,-8,16.853251786576678
-11,-8,5.0
-11,-8,17.12933233553173
-11,-8,10.735169164598405
-11,-8,18.68002885942593
-11,-8,10.126531459543408
-11,-8,14.424198991641411
-11,-8,5.681511558091634
-11,-8,14.363014520041405
-11,-8,6.411208971909799
-11,-8,17.33099169261999
-11,-8,9.793022146383118
-11,-8,5.0
-11,-8,8.042827387302848
-11,-8,5.0
-11,-8,5.0
-11,-8,5.0
-11,-8,5.0
-12,-8,5.154457519975919
-12,-8,29.790496988309467
-12,-8,5.0
-12,-8,14.895549921158395
-12,-8,5.0
-12,-8,10.594089465586416
-12,-8,5.0
-12,-8,9.291916931525193
-12,-8,5.0
-12,-8,5.0
-12,-8,17.676823252698185
-12,-8,60.35483443893981
-12,-8,13.861069670573057
-12,-8,6.849925188674306
-12,-8,5.0
-12,-8,34.37374386239709
-12,-8,10.920435011428062
-12,-8,5.0
-12,-8,18.400018275281443
-12,-8,5.018752994984913
-11,-8,6.3883531886130935
-11,-8,5.0
-11,-8,5.0
-11,-8,5.0
-11,-8,5.0
-11,-8,5.0
-11,-8,20.977150494528196
-11,-8,5.0
-11,-8,43.76588819746104
-11,-8,23.981815718993566
-11,-8,6.23493501491768
-11,-8,14.181202127096519
-11,-8,13.188712337659773
-11,-8,5.0
-11,-8,10.802331212984866
-11,-8,5.0
-11,-8,30.87496342519762
-11,-8,5.0
-11,-8,18.903767151766534
-11,-8,5.0
-12,-8,13.90875847708989
-12,-8,12.036269912152525
-12,-8,18.4998912141172
-12,-8,5.0
-12,-8,8.903543490255382
-12,-8,19.627898840101142
-12,-8,27.495882862828594
-12,-8,5.249239587697788
-12,-8,12.093711105762683
-12,-8,17.994019242490975
-12,-8,7.088968734830473
-12,-8,5.0
-12,-8,35.52306217408267
-12,-8,5.821268452209466
-12,-8,9.160686485729627
-12,-8,25.303472135395328
-12,-8,5.0
-12,-8,9.047997955724423
-12,-8,10.748515894186635
-12,-8,5.0
-13,-8,17.924609825317702
-13,-8,7.170850554557642
-13,-8,5.0
-13,-8,6.804970138135923
-13,-8,36.526713687679944
-13,-8,5.0
-13,-8,5.0
-13,-8,28.18035342491784
-13,-8,10.530764609411891
-13,-8,13.381639766042381
-13,-8,5.0
-13,-8,5.0
-13,-8,5.002891125552898
-13,-8,30.336623512605506
-13,-8,5.0
-13,-8,19.262148696144926
-13,-8,10.042507037403404
-13,-8,5.0
-13,-8,5.0
-13,-8,5.0
-14,-8,10.503227118285196
-14,-8,5.0
-14,-8,5.0
-14,-8,17.636457182697892
-14,-8,5.0
-14,-8,5.562094999208448
-14,-8,48.687965452331596
-14,-8,9.068211869347989
-14,-8,9.380688610113532
-14,-8,5.0
-14,-8,5.0
-14,-8,9.144201586085138
-14,-8,31.990708794698406
-14,-8,5.0735606598776135
-14,-8,37.41133365010953
-14,-8,13.970959406212472
-14,-8,12.104229317557078
-14,-8,8.526651271946912
-14,-8,5.0
-14,-8,5.0
-15,-8,8.178853015495388
-15,-8,5.0
-15,-8,5.0
-15,-8,18.329253239615234
-15,-8,14.431401315956148
-15,-8,39.54721913229991
-15,-8,23.59988525590075
-15,-8,5.0
-15,-8,5.0
-15,-8,9.044693826159845
-15,-8,14.838629626721989
-15,-8,5.0
-15,-8,16.355921133930647
-15,-8,33.53326303812249
-15,-8,5.0
-15,-8,7.3714404820470865
-15,-8,5.0
-15,-8,5.0
-15,-8,28.348753666215707
-15,-8,5.0
-16,-8,10.968883715484784
-16,-8,17.31680407161894
-16,-8,7.9722738817723
-16,-8,5.0
-16,-8,5.0
-16,-8,8.254059947930742
-16,-8,5.0
-16,-8,5.0
-16,-8,5.0
-16,-8,5.0
-16,-8,5.455535788744812
-16,-8,5.0
-16,-8,14.42279043519917
-16,-8,23.574009785200026
-16,-8,5.0
-16,-8,5.0
-16,-8,5.0
-16,-8,19.877619057432767
-16,-8,9.812797200383194
-16,-8,5.0
-17,-8,5.589509058853807
-17,-8,29.03432467187575
-17,-8,14.365062396180045
-17,-8,15.177819367542073
-17,-8,36.235469734329776
-17,-8,5.0
-17,-8,10.3979370617892
-17,-8,5.939478554144165
-17,-8,5.0
-17,-8,5.0
-17,-8,5.0
-17,-8,5.0
-17,-8,13.809464526602024
-17,-8,5.0
-17,-8,5.0
-17,-8,5.0
-17,-8,5.0
-17,-8,12.590293898806422
-17,-8,5.0
-17,-8,5.0
-16,-8,8.7603620905745
-16,-8,5.0
-16,-8,5.0
-16,-8,5.0
-16,-8,5.0
-16,-8,17.59840697725516
-16,-8,5.0
-16,-8,5.598699399568451
-16,-8,8.448850927547454
-16,-8,28.9773118439036
-16,-8,11.98257022528594
-16,-8,12.087459853600997
-16,-8,5.0
-16,-8,5.0
-16,-8,19.422643129757212
-16,-8,13.351376657713347
-16,-8,19.308561018967268
-16,-8,5.0
-16,-8,8.222927305205118
-16,-8,14.435549968631676
-15,-8,10.772456078111272
-15,-8,5.0
-15,-8,5.0
-15,-8,5.0
-15,-8,5.0
-15,-8,16.20267017811603
-15,-8,20.09568020791074
-15,-8,9.030095169180715
-15,-8,5.650707735717914
-15,-8,5.0
-15,-8,5.0
-15,-8,9.20358377327185
-15,-8,5.0
-15,-8,22.737651831266092
-15,-8,5.0
-15,-8,5.0
-15,-8,5.0
-15,-8,7.423032209805628
-15,-8,12.805117073588109
-15,-8,35.8996151332578
-15,-7,17.57465209449094
-15,-7,5.0
-15,-7,18.93999676445612
-15,-7,17.230245218350127
-15,-7,5.320821342042306
-15,-7,5.0
-15,-7,23.91863081874584
-15,-7,5.798464068853646
-15,-7,5.0
-15,-7,10.136882606016934
-15,-7,5.0
-15,-7,5.0
-15,-7,5.0
-15,-7,5.0
-15,-7,14.399536116388369
-15,-7,11.202533121121903
-15,-7,36.950844826577786
-15,-7,13.859117651749216
-15,-7,8.144853401921354
-15,-7,5.0
-14,-7,17.057071904819143
-14,-7,5.0
-14,-7,10.864700581388167
-14,-7,5.0
-14,-7,5.0
-14,-7,10.87835490809385
-14,-7,15.637389089909993
-14,-7,5.0
-14,-7,5.0
-14,-7,5.0
-14,-7,5.0
-14,-7,5.0
-14,-7,12.585441863600115
-14,-7,16.509380944495987
-14,-7,13.007180023548493
-14,-7,9.968406886398295
-14,-7,10.403555005563858
-14,-7,23.204564642173324
-14,-7,6.56326281201643
-14,-7,12.288231133425464
-14,-8,6.667295697632613
-14,-8,7.39789845302594
-14,-8,18.481854030258148
-14,-8,5.0
-14,-8,17.128663760991426
-14,-8,5.0
-14,-8,15.589725527534686
-14,-8,5.0
-14,-8,25.770196107713474
-14,-8,5.0
-14,-8,5.422280126943017
-14,-8,5.0
-14,-8,5.0
-14,-8,5.0
-14,-8,5.6515196185798064
-14,-8,5.0
-14,-8,5.0
-14,-8,19.34967910897858
-14,-8,6.967614693528539
-14,-8,22.70474097766072
-13,-8,5.0
-13,-8,17.39717752309924
-13,-8,5.0
-13,-8,46.89677502673203
-13,-8,45.3052577084391
-13,-8,5.175778640503788
-13,-8,5.0
-13,-8,5.0
-13,-8,7.220386474618651
-13,-8,10.019906910629926
-13,-8,8.338366421590319
-13,-8,5.0
-13,-8,11.953692327937528
-13,-8,5.0
-13,-8,5.0
-13,-8,10.388926099401818
-13,-8,15.657220431136277
-13,-8,5.0
-13,-8,29.009626555750273
-13,-8,5.0
-12,-8,5.744781338564885
-12,-8,8.887491069026067
-12,-8,7.242003793347957
-12,-8,5.0
-12,-8,35.014478292140836
-12,-8,5.0
-12,-8,8.847190221201277
-12,-8,12.927192267510016
-12,-8,5.0
-12,-8,5.0
-12,-8,5.0
-12,-8,23.003498483171576
-12,-8,5.0
-12,-8,16.94675098689197
-12,-8,25.295375416885875
-12,-8,16.215316633915908
-12,-8,5.275306183081908
-12,-8,5.0
-12,-8,8.216989699254857
-12,-8,43.999814776961145
-11,-8,28.959845372982173
-11,-8,19.178797749730236
-11,-8,11.890959542761085
-11,-8,5.0
-11,-8,14.899043034291264
-11,-8,35.139210059590766
-11,-8,18.55914797945336
-11,-8,18.832774739873738
-11,-8,6.179471053133813
-11,-8,11.256111517033048
-11,-8,20.47403589764844
-11,-8,5.0
-11,-8,24.32161272760753
-11,-8,8.51473906424113
-11,-8,18.009270757193246
-11,-8,32.102387018342725
-11,-8,6.431118471141655
-11,-8,25.115368262940265
-11,-8,5.0
-11,-8,18.39651666738754
-11,-7,5.0
-11,-7,12.109013980760503
-11,-7,5.0
-11,-7,6.109365985373078
-11,-7,5.0
-11,-7,17.514068103639566
-11,-7,5.0
-11,-7,15.999026647451522
-11,-7,10.111617771931606
-11,-7,5.0
-11,-7,12.54539351781234
-11,-7,14.6982197187664
-11,-7,32.69247224682449
-11,-7,21.13737799851073
-11,-7,5.0
-11,-7,7.638989158925175
-11,-7,10.61492310901232
-11,-7,18.640967156618405
-11,-7,5.0
-11,-7,9.325488766898975
-10,-7,10.461042558449769
-10,-7,16.54654692346724
-10,-7,5.0
-10,-7,9.631259479008996
-10,-7,11.0982059814637
-10,-7,29.909292960394097
-10,-7,11.25153981971358
-10,-7,5.0
-10,-7,19.982452358994145
-10,-7,5.0
-10,-7,13.926355787505099
-10,-7,15.335302297233355
-10,-7,6.250393916177481
-10,-7,5.0
-10,-7,33.344088611734534
-10,-7,52.23063746868036
-10,-7,9.890907193774996
-10,-7,5.0
-10,-7,12.231688860032639
-10,-7,18.703245955451568
-9,-7,19.836369777577023
-9,-7,8.142450585835721
-9,-7,10.770171393129878
-9,-7,5.0
-9,-7,6.619940531494847
-9,-7,10.046731447439246
-9,-7,12.417495668628632
-9,-7,10.575715426560615
-9,-7,10.805016194155098
-9,-7,18.760950602896333
-9,-7,28.59866513993289
-9,-7,9.148021510911185
-9,-7,52.936294249607
-9,-7,9.978492233179113
-9,-7,10.370794507247533
-9,-7,15.38463584377941
-9,-7,5.0
-9,-7,5.0
-9,-7,5.0
-9,-7,9.84173892812454
-10,-7,5.0
-10,-7,5.0
-10,-7,5.308532398198572
-10,-7,19.072823842048074
-10,-7,11.86767095982895
-10,-7,15.076913075041533
-10,-7,8.370467063283861
-10,-7,40.34777504470008
-10,-7,5.0
-10,-7,42.18222116124818
-10,-7,20.4193726062914
-10,-7,15.530108249085549
-10,-7,5.0
-10,-7,20.631589156174567
-10,-7,8.574293537654928
-10,-7,5.118103699456922
-10,-7,23.65939378978699
-10,-7,6.464482936451241
-10,-7,12.397788750899451
-10,-7,21.828577230078626
-9,-7,5.0
-9,-7,9.859434668144242
-9,-7,5.8181413502613175
-9,-7,16.366766336422167
-9,-7,15.221197039709924
-9,-7,5.0
-9,-7,22.76776331295906
-9,-7,16.445004412667178
-9,-7,6.743157201455282
-9,-7,30.43194043084652
-9,-7,13.026102516510825
-9,-7,7.447523909933088
-9,-7,25.674973925844746
-9,-7,33.710781369739436
-9,-7,27.41574040840904
-9,-7,8.124839795113171
-9,-7,25.47015761575363
-9,-7,17.216842748000065
-9,-7,10.27834328882762
-9,-7,21.727871582338565
-9,-8,12.228180387536383
-9,-8,16.286224541450498
-9,-8,26.922082325887942
-9,-8,12.681698504528066
-9,-8,24.927303599534262
-9,-8,20.193735132708397
-9,-8,22.22002206073659
-9,-8,25.708265270685295
-9,-8,39.40166881189705
-9,-8,11.720255096824735
-9,-8,11.526938631077655
-9,-8,5.041654306074613
-9,-8,12.866843563891704
-9,-8,14.17305393790674
-9,-8,10.18140712485214
-9,-8,5.0
-9,-8,29.223282292970204
-9,-8,19.231467272685112
-9,-8,6.896022720462575
-9,-8,8.642522739331305
-9,-7,30.257706854797128
-9,-7,20.1556035864148
-9,-7,6.88593708518635
-9,-7,17.345612247416632
-9,-7,20.987674345015986
-9,-7,25.725796655012225
-9,-7,17.14207048541538
-9,-7,23.563729688085093
-9,-7,18.250774336208387
-9,-7,5.0
-9,-7,8.341538312757299
-9,-7,18.546133562870235
-9,-7,24.833882512716606
-9,-7,11.775008961113084
-9,-7,21.899240914206043
-9,-7,5.0
-9,-7,28.267411955555776
-9,-7,29.78472945178098
-9,-7,13.623665649404437
-9,-7,32.06524979429692
-8,-7,21.516099227396275
-8,-7,5.0
-8,-7,18.584718072836335
-8,-7,25.95863205565086
-8,-7,5.0
-8,-7,21.919345375915633
-8,-7,26.19036189807194
-8,-7,16.561026155576887
-8,-7,5.0
-8,-7,24.76113729954166
-8,-7,16.625570900484046
-8,-7,16.71929358304069
-8,-7,8.879278258078891
-8,-7,15.149812035183096
-8,-7,12.404447226732248
-8,-7,11.442234552378318
-8,-7,30.849916817743363
-8,-7,20.5523761579519
-8,-7,12.603016977697271
-8,-7,27.890810049711057
-7,-7,7.448848098684388
-7,-7,36.847054811364
-7,-7,42.208876803128916
-7,-7,14.200629312240492
-7,-7,13.154965136678692
-7,-7,5.0
-7,-7,5.0
-7,-7,7.630839278061296
-7,-7,42.57601242909287
-7,-7,8.808136838803133
-7,-7,15.406285030306215
-7,-7,21.23199429812586
-7,-7,52.504639143400595
-7,-7,22.122305028328967
-7,-7,10.556641574571392
-7,-7,31.99330635359924
-7,-7,27.81473794267712
-7,-7,23.929581480968388
-7,-7,22.139497106065345
-7,-7,17.8272026021534
-7,-8,5.0
-7,-8,22.45628640731649
-7,-8,8.438326395237562
-7,-8,11.075436893697836
-7,-8,16.23491025856049
-7,-8,17.72013243823133
-7,-8,17.96875110393768
-7,-8,16.920681541311367
-7,-8,30.20422663627199
-7,-8,22.323663361745446
-7,-8,21.539900810860367
-7,-8,23.350047519403695
-7,-8,12.382411475390068
-7,-8,15.307203189967616
-7,-8,31.308391239333865
-7,-8,5.0
-7,-8,18.972363749209407
-7,-8,5.0
-7,-8,23.602397019348736
-7,-8,5.0
-6,-8,5.735069400099693
-6,-8,38.873322762608765
-6,-8,23.5958757780336
-6,-8,31.93626829787671
-6,-8,12.488022841514315
-6,-8,41.079191053783774
-6,-8,5.0
-6,-8,15.708355880197544
-6,-8,20.0510824787072
-6,-8,8.389826462324397
-6,-8,5.0
-6,-8,28.104752178211427
-6,-8,25.773662579469185
-6,-8,10.868994167482155
-6,-8,7.4560744519013324
-6,-8,43.139317035617594
-6,-8,5.0
-6,-8,7.846190944770121
-6,-8,35.85994980471933
-6,-8,15.720586988871656
-5,-8,9.200032604866838
-5,-8,56.206781945551455
-5,-8,5.0
-5,-8,47.352749822209745
-5,-8,21.378937055829503
-5,-8,39.93737756663475
-5,-8,42.525426906295344
-5,-8,19.52667392519974
-5,-8,17.709265452777657
-5,-8,29.23003975032193
-5,-8,14.085600870103757
-5,-8,13.94927847822466
-5,-8,47.76773837488149
-5,-8,24.822346052153954
-5,-8,5.0
-5,-8,53.67458290266417
-5,-8,13.254467673324953
-5,-8,18.233247456618116
-5,-8,28.60190692549761
-5,-8,6.901691380246421
-5,-9,16.1293407870486
-5,-9,9.308711921162743
-5,-9,21.379399717686347
-5,-9,11.655802809942507
-5,-9,11.316785758551816
-5,-9,17.73674459927291
-5,-9,6.933190013769412
-5,-9,31.014822572778485
-5,-9,22.90669736715215
-5,-9,6.503574574184212
-5,-9,14.019704433030702
-5,-9,38.5367790857312
-5,-9,21.587717199688974
-5,-9,11.333291771667342
-5,-9,24.566497016572693
-5,-9,16.12835010557493
-5,-9,16.03585902500824
-5,-9,5.0
-5,-9,18.74349606289594
-5,-9,10.164429283636963
-6,-9,15.092728136444968
-6,-9,5.0
-6,-9,14.072012776841866
-6,-9,5.0
-6,-9,30.880452617034233
-6,-9,16.94031578963789
-6,-9,9.471571800472114
-6,-9,17.73886666801925
-6,-9,58.504328060317235
-6,-9,5.0
-6,-9,27.71905067835401
-6,-9,7.323112493234174
-6,-9,12.025458500079257
-6,-9,5.0
-6,-9,26.885788549661093
-6,-9,14.285883506299022
-6,-9,10.777794371427428
-6,-9,21.561255278121
-6,-9,11.050411656610914
-6,-9,5.0
-5,-9,16.277276633450377
-5,-9,14.979777878644109
-5,-9,5.0
-5,-9,17.201960478136975
-5,-9,16.044285391094178
-5,-9,10.127609232105847
-5,-9,12.803507122323271
-5,-9,12.754028636092151
-5,-9,20.007858975531185
-5,-9,10.047101523852898
-5,-9,13.810567510916812
-5,-9,5.392908556321164
-5,-9,25.7241491543208
-5,-9,15.122276325440719
-5,-9,7.3176025352427985
-5,-9,5.0
-5,-9,5.0
-5,-9,14.706526880588049
-5,-9,9.600160448754524
-5,-9,11.023786875170876
-4,-9,15.529531635742323
-4,-9,23.06233248034349
-4,-9,5.0
-4,-9,5.0
-4,-9,14.12723765772579
-4,-9,6.998673975029862
-4,-9,15.960499275837158
-4,-9,10.640696333146513
-4,-9,33.99645755171498
-4,-9,25.044675107529084
-4,-9,5.0
-4,-9,26.464127886488015
-4,-9,19.043770749769198
-4,-9,5.0
-4,-9,31.057048776973303
-4,-9,25.897085585188535
-4,-9,13.559866801527253
-4,-9,9.255858302887237
-4,-9,9.057968792443614
-4,-9,14.682774595274584
-5,-9,19.703398782123784
-5,-9,7.0044977460067175
-5,-9,21.903828226374667
-5,-9,10.041145375749142
-5,-9,5.0
-5,-9,6.165588363364891
-5,-9,5.0
-5,-9,21.985981436328707
-5,-9,31.68971646408115
-5,-9,5.0
-5,-9,31.03860699425035
-5,-9,15.126748485299213
-5,-9,14.408455076725122
-5,-9,18.532292314956866
-5,-9,17.601900329050718
-5,-9,15.867701067359029
-5,-9,24.52503642788885
-5,-9,23.291630577514844
-5,-9,5.0
-5,-9,5.5290319006115665
-4,-9,6.495242918493247
-4,-9,10.295992263215004
-4,-9,46.824572195220085
-4,-9,5.0
-4,-9,12.885903225722382
-4,-9,17.0786705432386
-4,-9,20.310843392790837
-4,-9,23.935671988262687
-4,-9,7.882798500838463
-4,-9,5.0
-4,-9,6.320101221749833
-4,-9,9.205014399372004
-4,-9,8.998402738288567
-4,-9,13.93726057772899
-4,-9,21.0622387332838
-4,-9,5.0
-4,-9,8.741410076143973
-4,-9,23.200480833658837
-4,-9,17.236127115675
-4,-9,17.776805301616196
-3,-9,22.06182878039837
-3,-9,19.31732443110572
-3,-9,12.06791678325532
-3,-9,50.06356360484551
-3,-9,10.977215830193185
-3,-9,26.435212776801894
-3,-9,15.402748691849823
-3,-9,34.48355858752455
-3,-9,15.221470009367314
-3,-9,23.17345866645542
-3,-9,5.0
-3,-9,14.068663983734371
-3,-9,25.64061704470223
-3,-9,6.183942459755084
-3,-9,8.84297227459158
-3,-9,16.783521483900067
-3,-9,13.08833795005857
-3,-9,18.54070422990881
-3,-9,29.75789818164693
-3,-9,15.844718245823076
-3,-10,12.236422845698156
-3,-10,21.37195137860936
-3,-10,16.015297435956615
-3,-10,42.85454059907161
-3,-10,7.124858236272637
-3,-10,40.331455850867584
-3,-10,28.753856039611986
-3,-10,9.649076604778571
-3,-10,5.0
-3,-10,7.726441002064415
-3,-10,21.175024147957455
-3,-10,13.604661200808467
-3,-10,5.0
-3,-10,19.334731640948878
-3,-10,14.058341336209999
-3,-10,21.528751802858437
-3,-10,29.770283910361623
-3,-10,10.092828322352185
-3,-10,13.149556426859652
-3,-10,5.0
-3,-11,12.733356368897113
-3,-11,5.0
-3,-11,7.659784239400703
-3,-11,5.0
-3,-11,29.444443396861214
-3,-11,5.0
-3,-11,13.46223457212949
-3,-11,11.222961803498373
-3,-11,6.003891559293387
-3,-11,12.762456123196772
-3,-11,7.5827419094223405
-3,-11,5.0
-3,-11,19.96040486744645
-3,-11,16.825379619667224
-3,-11,5.822857039500301
-3,-11,5.0
-3,-11,7.334942340420309
-3,-11,27.195894117724727
-3,-11,21.588883160789177
-3,-11,17.030217705109976
-2,-11,6.934998711938743
-2,-11,11.144054200538903
-2,-11,5.0
-2,-11,12.85249496925113
-2,-11,48.084827305188945
-2,-11,14.594318827890081
-2,-11,9.163830538015045
-2,-11,11.067542626135852
-2,-11,5.0
-2,-11,5.0
-2,-11,8.777899832279513
-2,-11,47.854035167645804
-2,-11,20.274914153076814
-2,-11,16.888677350033507
-2,-11,5.0
-2,-11,5.0
-2,-11,54.189853654165674
-2,-11,9.227349504948265
-2,-11,5.7004102763172595
-2,-11,15.951747897201606
-1,-11,36.69782607072666
-1,-11,5.0
-1,-11,5.0
-1,-11,5.0
-1,-11,5.0
-1,-11,9.703263053153524
-1,-11,10.77919315652519
-1,-11,36.05200384887132
-1,-11,14.0594143116248
-1,-11,26.415629800616983
-1,-11,21.433516707822406
-1,-11,5.0
-1,-11,18.191267961238292
-1,-11,20.44054236494685
-1,-11,25.085522723283418
-1,-11,13.89382159205227
-1,-11,5.0
-1,-11,22.291027604849063
-1,-11,5.0
-1,-11,6.153176329854775
0,-11,18.593140887313623
0,-11,8.520064550697395
0,-11,19.632247095762835
0,-11,20.768762384670104
0,-11,5.596542228523831
0,-11,6.597036977177538
0,-11,6.289875200144875
0,-11,6.29788631029392
0,-11,17.217518373743044
0,-11,5.0
0,-11,5.743318392553505
0,-11,5.0
0,-11,11.089351800170531
0,-11,5.0
0,-11,10.213010224130143
0,-11,18.845708891443632
0,-11,5.0
0,-11,9.317114745532484
0,-11,50.09810983484895
0,-11,12.049101957571368
1,-11,5.0
1,-11,24.85033009420576
1,-11,16.859177287310402
1,-11,20.055329479091505
1,-11,19.385112038566426
1,-11,22.097358340140744
1,-11,9.795900291721855
1,-11,11.752270691989951
1,-11,5.0
1,-11,13.270437732980447
1,-11,5.0
1,-11,19.384339968605925
1,-11,15.338261811253908
1,-11,12.667876225749431
1,-11,39.914536616644625
1,-11,18.34533047458704
1,-11,6.523211371477899
1,-11,24.359746166338812
1,-11,11.448197982585755
1,-11,11.176549411779778
0,-11,5.0
0,-11,37.50773633800666
0,-11,22.70468584296548
0,-11,32.16187502552708
0,-11,19.142393235314895
0,-11,8.220591870780869
0,-11,11.001827533372316
0,-11,30.3309130516108
0,-11,26.356991379507846
0,-11,24.768824826269782
0,-11,34.50655560942846
0,-11,5.036840572557642
0,-11,35.116843365021424
0,-11,5.0
0,-11,27.974028730611945
0,-11,18.53766304441524
0,-11,17.35514503358874
0,-11,23.91390359744669
0,-11,29.71671569849965
0,-11,17.06040987547442
1,-11,15.551073605772244
1,-11,15.636246407833964
1,-11,5.0
1,-11,9.5155374461065
1,-11,11.538516130895184
1,-11,5.0
1,-11,15.409991892622177
1,-11,9.927051828094068
1,-11,5.696205590251375
1,-11,22.571540741402405
1,-11,17.35244035736382
1,-11,5.0
1,-11,9.927631256324636
1,-11,9.752816548087429
1,-11,22.709430223455055
1,-11,17.496604878380918
1,-11,15.693565093317913
1,-11,5.702964001933898
1,-11,16.985511204805235
1,-11,5.0
1,-12,11.491404754204321
1,-12,16.940479826547392
1,-12,6.311738811478646
1,-12,5.0
1,-12,39.534779430359904
1,-12,8.208909777376512
1,-12,35.50688390106788
1,-12,9.322274299172426
1,-12,6.996591929978924
1,-12,5.0
1,-12,21.42454650612765
1,-12,22.975266668543473
1,-12,5.0
1,-12,12.60458265932896
1,-12,21.304913088668695
1,-12,29.966017451178807
1,-12,44.90071990386022
1,-12,25.2926251115457
1,-12,5.0
1,-12,31.235821902265485
0,-12,9.067557961329234
0,-12,23.734114115076906
0,-12,5.0
0,-12,7.387438200071033
0,-12,35.05430504270617
0,-12,28.30273772114984
0,-12,5.0
0,-12,5.0
0,-12,26.371066887331864
0,-12,5.0
0,-12,10.24482095789839
0,-12,11.538058448060571
0,-12,5.0
0,-12,8.360507387607337
0,-12,5.0
0,-12,23.988463734604004
0,-12,19.03632063509482
0,-12,5.0
0,-12,16.218648720149783
0,-12,5.206673824822277
-1,-12,33.801455029234184
-1,-12,5.0
-1,-12,26.01412374823324
-1,-12,10.660161466377176
-1,-12,5.0
-1,-12,5.0
-1,-12,5.623161787427738
-1,-12,12.060818884060199
-1,-12,13.001061479409882
-1,-12,5.0
-1,-12,18.48523742689581
-1,-12,7.146438988240325
-1,-12,5.0
-1,-12,14.35782284244453
-1,-12,5.0
-1,-12,13.307480746433637
-1,-12,24.424243785475113
-1,-12,5.0
-1,-12,37.43238932729825
-1,-12,19.771683599396415
0,-12,18.944354395021406
0,-12,5.0
0,-12,9.416521204229875
0,-12,31.929829454971866
0,-12,30.09425355673404
0,-12,8.019624516109351
0,-12,7.601434615893133
0,-12,30.144942363272094
0,-12,19.68269802812602
0,-12,12.636345735967746
0,-12,18.592474094667356
0,-12,5.0
0,-12,10.614235458239897
0,-12,5.0
0,-12,5.0
0,-12,5.0
0,-12,11.648448097714986
0,-12,25.389559355877434
0,-12,16.784269825629494
0,-12,7.093980914953299
0,-13,5.0
0,-13,5.0
0,-13,5.0
0,-13,5.0
0,-13,21.85839419542665
0,-13,5.0
0,-13,10.82430610449134
0,-13,5.0
0,-13,5.0
0,-13,5.0
0,-13,9.469073392055584
0,-13,23.527128816435006
0,-13,5.0
0,-13,18.046738685766336
0,-13,6.459074849391586
0,-13,20.597959105074725
0,-13,5.0
0,-13,5.0
0,-13,5.0
0,-13,5.0
1,-13,20.279529151367658
1,-13,5.0
1,-13,5.0
1,-13,5.0
1,-13,25.575263657731103
1,-13,5.0
1,-13,5.0
1,-13,9.920380190800817
1,-13,17.0823320561293
1,-13,9.08386110220999
1,-13,12.650403406153426
1,-13,22.326106551897198
1,-13,7.195420108894253
1,-13,21.103793128672663
1,-13,5.0
1,-13,11.665632476488181
1,-13,13.035297610328389
1,-13,5.0
1,-13,5.0
1,-13,6.048187667877907
2,-13,5.0
2,-13,6.124512101608312
2,-13,5.0
2,-13,5.0
2,-13,11.907944988364225
2,-13,12.056320997401471
2,-13,36.58141211087264
2,-13,5.0
2,-13,27.99015090495537
2,-13,5.0
2,-13,11.847602409323883
2,-13,41.27217175120334
2,-13,8.784025909408042
2,-13,19.149409927534556
2,-13,10.6335832823525
2,-13,15.037046951819356
2,-13,5.0
2,-13,7.000133392340376
2,-13,5.0
2,-13,19.657890391675345
2,-14,5.0
2,-14,13.643102007605453
2,-14,7.4363793385788375
2,-14,17.04508154994452
2,-14,5.0
2,-14,5.0
2,-14,18.544330599775623
2,-14,8.169698383103368
2,-14,13.899170674043328
2,-14,13.292864825256242
2,-14,5.6109747503301985
2,-14,8.411959942183284
2,-14,11.893238658794923
2,-14,5.0
2,-14,10.270634776625787
2,-14,8.507031439906267
2,-14,5.0
2,-14,5.0
2,-14,18.026887756975952
2,-14,18.33487590256188
3,-14,10.387702433960714
3,-14,22.069999401730986
3,-14,18.698052998719064
3,-14,20.335928043964955
3,-14,5.0
3,-14,21.902265894443914
3,-14,9.351604656679834
3,-14,31.43583576066712
3,-14,10.087566254064285
3,-14,15.544620677884993
3,-14,5.0
3,-14,5.0
3,-14,15.313673556434624
3,-14,12.29718280406899
3,-14,6.622518243487083
3,-14,9.13323691250995
3,-14,5.0
3,-14,8.914554056579515
3,-14,5.0
3,-14,6.330126038552557
4,-14,35.64241553079137
4,-14,21.45119993693318
4,-14,5.0
4,-14,10.19974598029022
4,-14,25.845300158184713
4,-14,5.0
4,-14,5.0
4,-14,5.0
4,-14,7.094470197464776
4,-14,5.0
4,-14,13.97431699405935
4,-14,10.772247550848856
4,-14,5.0
4,-14,5.0
4,-14,28.806272107626743
4,-14,16.269099323606127
4,-14,10.456597537974865
4,-14,17.774844869886614
4,-14,7.339900472785147
4,-14,5.0
5,-14,25.607910976225497
5,-14,6.168215942573404
5,-14,40.90497659567373
5,-14,5.0
5,-14,14.694846126735175
5,-14,10.677612805857223
5,-14,9.431063177491103
5,-14,5.0
5,-14,5.0
5,-14,5.0
5,-14,12.34554606149974
5,-14,31.862903247786047
5,-14,5.0
5,-14,8.19270116358966
5,-14,37.608355335023944
5,-14,16.68465228558607
5,-14,6.6292395284287
5,-14,5.0
5,-14,10.548069076146314
5,-14,20.060882316940685
6,-14,5.1845857596434115
6,-14,6.305892743945309
6,-14,12.21159408490658
6,-14,13.2208180873504
6,-14,5.4424893159135355
6,-14,26.15370293411381
6,-14,25.47078029375421
6,-14,5.0
6,-14,19.996339299693265
6,-14,5.0
6,-14,30.213573021720833
6,-14,23.153071403317202
6,-14,5.0
6,-14,7.386537457618727
6,-14,5.0
6,-14,5.0
6,-14,19.793793215558352
6,-14,8.965353928491933
6,-14,7.7803486382746705
6,-14,23.023733483870327
6,-15,5.0
6,-15,5.0
6,-15,17.484538202632006
6,-15,8.975296548292235
6,-15,12.643194001042279
6,-15,17.03756309135924
6,-15,31.199496884902405
6,-15,8.708167250248593
6,-15,5.365094817464378
6,-15,5.0
6,-15,13.06881932544275
6,-15,5.0
6,-15,5.0
6,-15,10.712688203800521
6,-15,5.337563546700991
6,-15,34.40400869598642
6,-15,5.625232251391946
6,-15,13.71316427359916
6,-15,20.964331062371983
6,-15,5.0
7,-15,5.452791517265551
7,-15,5.0
7,-15,5.0
7,-15,5.0
7,-15,17.373780329658896
7,-15,5.645969810767995
7,-15,5.0
7,-15,5.0
7,-15,5.0
7,-15,5.0
7,-15,5.0
7,-15,19.226365235411997
7,-15,8.412788802768626
7,-15,12.8808060019214
7,-15,18.122782530572408
7,-15,5.0
7,-15,5.0
7,-15,9.396602359295365
7,-15,5.0
7,-15,5.0
7,-14,5.593165460938753
7,-14,6.770067501588429
7,-14,5.0
7,-14,5.0
7,-14,5.0
7,-14,5.0
7,-14,7.4651354761731445
7,-14,22.549478296115282
7,-14,5.0
7,-14,5.0
7,-14,18.197692052647245
7,-14,19.384872831756333
7,-14,9.545740636778607
7,-14,5.0
7,-14,11.9106748102726
7,-14,5.0
7,-14,11.787896169281215
7,-14,5.0
7,-14,5.0
7,-14,32.80266052788235
6,-14,31.47390691542136
6,-14,5.0
6,-14,5.043771824089981
6,-14,8.619343913669244
6,-14,5.0
6,-14,10.807877358758923
6,-14,12.98647488128213
6,-14,5.0
6,-14,7.5326535904389305
6,-14,18.325818275373614
6,-14,5.0
6,-14,5.0
6,-14,5.0
6,-14,13.118431055140586
6,-14,36.60009205023111
6,-14,5.0
6,-14,14.700239583812419
6,-14,13.513171936697754
6,-14,13.571981932962679
6,-14,14.979678436020055
7,-14,34.5132584811417
7,-14,6.085226336315688
7,-14,8.328102489070933
7,-14,5.0
7,-14,5.0
7,-14,18.411815198550865
7,-14,8.06867198859457
7,-14,7.425971382686958
7,-14,5.0
7,-14,25.70315097832669
7,-14,14.468102884012424
7,-14,24.224131901904652
7,-14,5.0
7,-14,5.0
7,-14,6.577831742803683
7,-14,5.0
7,-14,5.0
7,-14,26.30882826356227
7,-14,5.0
7,-14,5.0
8,-14,13.323979251066289
8,-14,5.0
8,-14,5.0
8,-14,13.311133115340663
8,-14,5.0
8,-14,7.791857891242109
8,-14,35.33080690206533
8,-14,5.0
8,-14,5.0
8,-14,5.0
8,-14,13.451210406365789
8,-14,16.0057419564248
8,-14,5.0
8,-14,5.0
8,-14,5.0
8,-14,5.0
8,-14,5.0
8,-14,12.896824870064687
8,-14,51.41804469824099
8,-14,5.0
9,-14,5.0
9,-14,5.0
9,-14,5.0
9,-14,16.695938867962333
9,-14,36.96504683477608
9,-14,5.0
9,-14,5.0
9,-14,5.0
9,-14,54.41317948263041
9,-14,5.0
9,-14,13.896216669703387
9,-14,12.242920401899184
9,-14,5.0
9,-14,5.0
9,-14,9.091055749831204
9,-14,10.248334491543172
9,-14,9.664624473131445
9,-14,10.729251654535071
9,-14,5.0
9,-14,16.8217557832082
10,-14,7.740896063868023
10,-14,5.5337051428126625
10,-14,13.592287330297077
10,-14,7.37505432274731
10,-14,5.0
10,-14,6.14472830827007
10,-14,5.0
10,-14,14.511501988195826
10,-14,5.0
10,-14,5.0
10,-14,5.0
10,-14,5.0
10,-14,5.0
10,-14,8.05111326246224
10,-14,5.0
10,-14,5.0
10,-14,6.366013799701944
10,-14,5.0
10,-14,5.0
10,-14,5.0
11,-14,18.549355738599665
11,-14,5.0
11,-14,5.0
11,-14,5.0
11,-14,5.0
11,-14,5.0
11,-14,5.0
11,-14,15.190202329493461
11,-14,19.666719780918616
11,-14,5.0
11,-14,5.0
11,-14,12.72973968847225
11,-14,5.617742482617036
11,-14,5.0
11,-14,5.0
11,-14,5.0
11,-14,14.57628089121107
11,-14,21.88473321762318
11,-14,5.0
11,-14,10.146888853757227
12,-14,15.966432224191399
12,-14,7.142570623646542
12,-14,5.0
12,-14,5.0
12,-14,12.599641759401674
12,-14,7.7980345896041685
12,-14,30.125958514680946
12,-14,8.802270917187354
12,-14,5.0
12,-14,27.47394150346643
12,-14,5.0
12,-14,5.0
12,-14,5.0
12,-14,5.0
12,-14,5.0
12,-14,33.68072012888993
12,-14,5.0
12,-14,5.0
12,-14,9.941679690723518
12,-14,13.630345239390648
13,-14,5.0
13,-14,5.0
13,-14,5.0
13,-14,18.575780757978357
13,-14,8.92817327681177
13,-14,5.0
13,-14,7.945489939798618
13,-14,8.755172593829887
13,-14,5.0
13,-14,5.0
13,-14,5.0
13,-14,5.0
13,-14,8.73795300686552
13,-14,5.0
13,-14,16.970631424003976
13,-14,10.814027462551863
13,-14,5.0
13,-14,5.0
13,-14,7.05703071044303
13,-14,5.0
14,-14,10.800169302441496
14,-14,9.004578949479146
14,-14,5.0
14,-14,5.0
14,-14,17.222345664205363
14,-14,7.106666852678517
14,-14,5.0
14,-14,5.0
14,-14,5.0
14,-14,5.0
14,-14,18.539111900511095
14,-14,15.73533007648589
14,-14,5.0
14,-14,7.053436656249034
14,-14,5.0
14,-14,17.424026383623016
14,-14,5.804536270478451
14,-14,5.0
14,-14,13.588601468379448
14,-14,9.524425980782175
14,-15,5.0
14,-15,5.0
14,-15,5.0
14,-15,5.0
14,-15,5.0
14,-15,5.697581105776898
14,-15,5.0
14,-15,5.230059814848483
14,-15,5.0
14,-15,5.0
14,-15,5.0
14,-15,5.0
14,-15,5.0
14,-15,6.563627542087451
14,-15,5.0
14,-15,5.0
14,-15,11.474155418843225
14,-15,6.938812714411279
14,-15,5.0
14,-15,5.0
15,-15,5.0
15,-15,5.58974786433324
15,-15,5.0
15,-15,5.0
15,-15,5.0
15,-15,5.0
15,-15,15.006914841072218
15,-15,9.063558555456629
15,-15,5.0
15,-15,5.0
15,-15,5.0
15,-15,6.850524901776299
15,-15,5.0
15,-15,6.407952892882088
15,-15,5.0
15,-15,5.0
15,-15,5.0
15,-15,5.0
15,-15,5.0
15,-15,5.0
14,-15,5.0
14,-15,5.0
14,-15,5.0
14,-15,5.0
14,-15,17.762417040266058
14,-15,5.0
14,-15,8.371421897460639
14,-15,5.0
14,-15,42.67661259807129
14,-15,5.0
14,-15,10.854459497860603
14,-15,10.540710135222612
14,-15,5.0
14,-15,5.0
14,-15,5.0
14,-15,5.0
14,-15,5.0
14,-15,9.034085998095163
14,-15,8.21602832751694
14,-15,6.044571420627645
14,-16,5.0
14,-16,5.0
14,-16,18.100921844363448
14,-16,5.615777776016499
14,-16,10.3856493446465
14,-16,5.0
14,-16,12.90941224846873
14,-16,20.343098774196505
14,-16,5.0
14,-16,5.0
14,-16,7.191582207663194
14,-16,5.0
14,-16,5.0
14,-16,5.0
14,-16,23.218429652002676
14,-16,5.0
14,-16,8.682224257367247
14,-16,7.782867584411483
14,-16,5.1897955181810325
14,-16,5.0
14,-17,5.0
14,-17,23.354757214799758
14,-17,5.5274118442921765
14,-17,28.15020759305359
14,-17,5.0
14,-17,19.904843625506757
14,-17,5.0
14,-17,5.0
14,-17,5.0
14,-17,5.0
14,-17,21.103082969637633
14,-17,5.772119175188058
14,-17,5.0
14,-17,5.0
14,-17,5.0
14,-17,5.0
14,-17,5.0
14,-17,5.0
14,-17,5.0
14,-17,5.0
14,-16,5.0
14,-16,5.0
14,-16,6.655792421949886
14,-16,5.0
14,-16,6.393904103732541
14,-16,5.0
14,-16,15.183363826873261
14,-16,5.01817552160943
14,-16,5.0
14,-16,13.68618633030966
14,-16,5.0
14,-16,5.0
14,-16,5.0
14,-16,5.0
14,-16,5.0
14,-16,16.51113991049375
14,-16,5.0
14,-16,11.233196844965066
14,-16,5.0
14,-16,5.0
15,-16,5.0
15,-16,10.95416197378451
15,-16,22.339641067365182
15,-16,10.977176557839572
15,-16,5.0
15,-16,5.0
15,-16,5.0
15,-16,5.0
15,-16,5.0
15,-16,8.687849151218542
15,-16,5.0
15,-16,5.0
15,-16,5.0
15,-16,5.0
15,-16,10.231714124982934
15,-16,5.0
15,-16,5.0
15,-16,5.0
15,-16,5.0
15,-16,5.0
16,-16,5.0
16,-16,6.403030822620089
16,-16,5.0
16,-16,5.0
16,-16,5.0
16,-16,8.793324120062218
16,-16,12.952748818638694
16,-16,16.68796290457815
16,-16,5.0
16,-16,5.0
16,-16,5.0
16,-16,5.0
16,-16,14.829740957617837
16,-16,5.0
16,-16,5.0
16,-16,21.926165654999895
16,-16,5.0
16,-16,5.0
16,-16,5.0
16,-16,5.0
16,-17,14.725294942430455
16,-17,5.0
16,-17,5.0
16,-17,5.0
16,-17,5.0
16,-17,5.0
16,-17,5.0
16,-17,24.466432832985497
16,-17,9.039916076954048
16,-17,5.0
16,-17,5.0
16,-17,5.0
16,-17,5.0
16,-17,5.0
16,-17,5.0
16,-17,5.0
16,-17,5.0
16,-17,5.0
16,-17,10.778861395629457
16,-17,5.0
16,-18,5.684428477758605
16,-18,5.0
16,-18,17.044149513689344
16,-18,5.0
16,-18,5.0
16,-18,5.0
16,-18,5.0
16,-18,5.0
16,-18,5.0
16,-18,5.0
16,-18,6.84559358104595
16,-18,5.0
16,-18,5.0
16,-18,5.0
16,-18,5.0
16,-18,22.158493146687547
16,-18,38.75752982310122
16,-18,5.0
16,-18,5.0
16,-18,6.156624772813037
16,-19,5.0
16,-19,5.0
16,-19,5.0
16,-19,5.0
16,-19,5.0
16,-19,5.0
16,-19,19.813912013136655
16,-19,5.0
16,-19,5.0
16,-19,5.0
16,-19,5.0
16,-19,5.0
16,-19,5.0
16,-19,5.0
16,-19,5.0
16,-19,7.845779384636801
16,-19,27.430367566948746
16,-19,5.0
16,-19,5.0
16,-19,5.0
16,-20,5.0
16,-20,5.0
16,-20,5.0
16,-20,5.0
16,-20,5.0
16,-20,5.370137426799545
16,-20,5.0
16,-20,5.0
16,-20,5.0
16,-20,5.0
16,-20,5.0
16,-20,5.0
16,-20,5.0
16,-20,5.0
16,-20,5.0
16,-20,5.0
16,-20,5.0
16,-20,5.0
16,-20,24.326376101113635
16,-20,12.953589052565034
17,-20,11.143158858660502
17,-20,5.0
17,-20,5.0
17,-20,5.0
17,-20,5.0
17,-20,5.919697360510918
17,-20,5.0
17,-20,5.0
17,-20,5.64993464946223
17,-20,5.0
17,-20,5.0
17,-20,5.0
17,-20,5.0
17,-20,19.150460963927166
17,-20,5.0
17,-20,5.0
17,-20,5.0
17,-20,5.0
17,-20,5.0
17,-20,5.0
18,-20,5.0
18,-20,5.0
18,-20,5.0
18,-20,5.0
18,-20,5.0
18,-20,5.0437396133516135
18,-20,5.0
18,-20,5.0
18,-20,5.0
18,-20,5.0
18,-20,5.0
18,-20,5.0
18,-20,18.841298439888234
18,-20,5.0
18,-20,5.0
18,-20,5.0
18,-20,5.0
18,-20,13.590320267416793
18,-20,5.0
18,-20,5.0
19,-20,5.0
19,-20,5.0
19,-20,5.0
19,-20,5.0
19,-20,5.0
19,-20,5.0
19,-20,5.0
19,-20,5.0
19,-20,5.0
19,-20,5.0
19,-20,5.0
19,-20,5.0
19,-20,5.0
19,-20,5.0
19,-20,5.0
19,-20,5.0
19,-20,5.0
19,-20,12.366854277430097
19,-20,5.0
19,-20,5.0
20,-20,6.008261487431501
20,-20,5.0
20,-20,5.0
20,-20,5.0
20,-20,5.288687473056026
20,-20,5.0
20,-20,5.0
20,-20,5.0
20,-20,5.0
20,-20,5.0
20,-20,5.0
20,-20,5.0
20,-20,5.0
20,-20,5.0
20,-20,5.0
20,-20,5.0
20,-20,5.0
20,-20,5.0
20,-20,5.0
20,-20,5.0
20,-19,5.0
20,-19,5.0
20,-19,5.0
20,-19,5.0
20,-19,5.0
20,-19,5.0
20,-19,5.0
20,-19,5.0
20,-19,5.0
20,-19,5.0
20,-19,5.0
20,-19,5.0
20,-19,5.0
20,-19,5.0
20,-19,5.0
20,-19,5.0
20,-19,5.0
20,-19,5.0
20,-19,5.0
20,-19,5.0
20,-18,5.0
20,-18,6.468839660879693
20,-18,5.0
20,-18,11.317360463673689
20,-18,5.0
20,-18,5.0
20,-18,5.0
20,-18,7.165035107393265
20,-18,5.0
20,-18,5.0
20,-18,5.0
20,-18,5.0
20,-18,5.0
20,-18,5.0
20,-18,5.0
20,-18,8.71962544446301
20,-18,5.0
20,-18,5.0
20,-18,5.0
20,-18,19.39076362562507
20,-17,5.0
20,-17,5.0
20,-17,5.0
20,-17,5.0
20,-17,5.0
20,-17,5.0
20,-17,5.0
20,-17,5.0
20,-17,23.470924772217078
20,-17,5.0
20,-17,5.0
20,-17,5.0
20,-17,11.957466194533296
20,-17,5.0
20,-17,5.0
20,-17,5.0
20,-17,5.0
20,-17,5.0
20,-17,5.0
20,-17,5.994821029806467
20,-16,22.311779611679746
20,-16,5.0
20,-16,5.0
20,-16,5.062397326477692
20,-16,5.0
20,-16,5.0
20,-16,5.0
20,-16,5.0
20,-16,5.0
20,-16,5.0
20,-16,5.0
20,-16,5.0
20,-16,28.81235046547598
20,-16,5.0
20,-16,13.147473161717496
20,-16,5.0
20,-16,5.0
20,-16,5.0
20,-16,5.0
20,-16,5.0
20,-17,5.0
20,-17,5.0
20,-17,5.666373737738997
20,-17,5.0
20,-17,5.0
20,-17,5.0
20,-17,5.0
20,-17,5.0
20,-17,5.0
20,-17,5.0
20,-17,5.0
20,-17,5.0
20,-17,11.757290647612379
20,-17,5.0
20,-17,5.0
20,-17,5.0
20,-17,5.0
20,-17,5.0
20,-17,5.0
20,-17,5.0
20,-18,5.0
20,-18,5.0
20,-18,5.0
20,-18,5.0
20,-18,5.0
20,-18,5.0
20,-18,5.0
20,-18,5.0
20,-18,5.0
20,-18,5.0
20,-18,19.665940304943753
20,-18,5.0
20,-18,9.567224289922558
20,-18,5.0
20,-18,5.0
20,-18,5.0
20,-18,5.0
20,-18,5.0
20,-18,5.0
20,-18,5.0
20,-17,5.0
20,-17,5.0
20,-17,5.0
20,-17,5.0
20,-17,5.0
20,-17,5.0
20,-17,5.0
20,-17,5.0
20,-17,5.0
20,-17,5.0
20,-17,5.0
20,-17,5.0
20,-17,5.0
20,-17,5.0
20,-17,5.0
20,-17,5.0
20,-17,5.0
20,-17,9.125642027163847
20,-17,5.0
20,-17,5.0
20,-16,5.0
20,-16,14.568957679384194
20,-16,5.0
20,-16,5.0
20,-16,5.0
20,-16,5.0
20,-16,12.082465070848095
20,-16,5.0
20,-16,5.0
20,-16,5.0
20,-16,5.0
20,-16,5.0
20,-16,5.0
20,-16,5.0
20,-16,5.0
20,-16,5.0
20,-16,5.7080699058154885
20,-16,19.0507392281606
20,-16,13.876453051666463
20,-16,5.918016903073125
20,-15,5.0
20,-15,5.0
20,-15,5.0
20,-15,5.0
20,-15,5.0
20,-15,5.872756021449577
20,-15,24.44094765998487
20,-15,5.0
20,-15,5.0
20,-15,5.0
20,-15,6.82711165938146
20,-15,5.0
20,-15,5.0
20,-15,5.0
20,-15,5.0
20,-15,5.0
20,-15,5.0
20,-15,5.0
20,-15,5.5800991814164345
20,-15,5.0
20,-14,5.775292508892722
20,-14,5.0
20,-14,5.0
20,-14,5.0
20,-14,5.0
20,-14,5.0
20,-14,5.0
20,-14,21.599599068123652
20,-14,5.0
20,-14,5.0
20,-14,15.599158204702508
20,-14,5.0
20,-14,5.0
20,-14,12.965746786769433
20,-14,5.0
20,-14,5.0
20,-14,14.174887882886395
20,-14,5.0
20,-14,5.0
20,-14,5.0
20,-13,5.0
20,-13,5.0
20,-13,11.585101155633092
20,-13,5.0
20,-13,5.0
20,-13,5.0
20,-13,5.0
20,-13,5.0
20,-13,5.0
20,-13,21.484629402303383
20,-13,5.0
20,-13,5.0
20,-13,5.0
20,-13,5.0
20,-13,5.0
20,-13,5.0
20,-13,5.0
20,-13,5.0
20,-13,5.0
20,-13,5.0
20,-12,5.0
20,-12,5.0
20,-12,5.0
20,-12,5.0
20,-12,5.0
20,-12,5.0
20,-12,7.651824443375789
20,-12,5.0
20,-12,5.0
20,-12,5.0
20,-12,5.0
20,-12,5.0
20,-12,5.0
20,-12,5.0
20,-12,5.0
20,-12,5.0
20,-12,5.0
20,-12,5.0
20,-12,5.0
20,-12,7.956546545159501
20,-11,5.0
20,-11,5.0
20,-11,5.0
20,-11,5.0
20,-11,5.0
20,-11,5.0
20,-11,5.0
20,-11,5.0
20,-11,5.0
20,-11,5.0
20,-11,5.0
20,-11,5.0
20,-11,5.0
20,-11,5.0
20,-11,5.0
20,-11,5.0
20,-11,15.425477826863322
20,-11,5.0
20,-11,5.0
20,-11,5.0
20,-10,10.748969531151534
20,-10,5.0
20,-10,5.0
20,-10,8.51178292534848
20,-10,5.0
20,-10,5.0
20,-10,8.741139049342689
20,-10,5.0
20,-10,5.0
20,-10,5.0
20,-10,5.0
20,-10,5.0
20,-10,5.0
20,-10,5.0
20,-10,5.0
20,-10,5.0
20,-10,5.0
20,-10,5.0
20,-10,5.0
20,-10,6.8789228630517965
20,-9,5.0
20,-9,5.0
20,-9,5.0
20,-9,5.0
20,-9,5.0
20,-9,7.726634789161347
20,-9,5.0
20,-9,5.0
20,-9,5.0
20,-9,5.0
20,-9,5.0
20,-9,5.0
20,-9,5.0
20,-9,5.0
20,-9,5.0
20,-9,12.804813067138438
20,-9,5.0
20,-9,5.0
20,-9,6.65829399359434
20,-9,5.0
20,-8,7.547992537120484
20,-8,6.7621330612065105
20,-8,5.0
20,-8,5.0
20,-8,5.0
20,-8,5.0
20,-8,5.0
20,-8,5.0
20,-8,12.807844570574927
20,-8,5.0
20,-8,5.0
20,-8,8.644995827139676
20,-8,15.24079388053799
20,-8,5.0
20,-8,5.0
20,-8,5.0
20,-8,5.0
20,-8,7.643703401652814
20,-8,15.410440469213619
20,-8,5.0
19,-8,5.0
19,-8,5.0
19,-8,5.0
19,-8,5.0
19,-8,5.37446339362698
19,-8,31.20455053260343
19,-8,26.443535424478746
19,-8,9.172428897775047
19,-8,19.56287552214887
19,-8,5.0
19,-8,5.0
19,-8,5.0
19,-8,13.459537048635763
19,-8,5.0
19,-8,11.608095399129953
19,-8,5.0
19,-8,5.0
19,-8,5.0
19,-8,5.0
19,-8,8.764622108503856
18,-8,17.024783990069803
18,-8,5.0
18,-8,5.0
18,-8,5.0
18,-8,11.444548836966018
18,-8,5.0
18,-8,5.268606207509988
18,-8,5.0
18,-8,13.817920174183142
18,-8,7.727740649013454
18,-8,5.0
18,-8,5.0
18,-8,6.057579290100542
18,-8,5.0
18,-8,5.0
18,-8,5.0
18,-8,6.782472442969964
18,-8,10.703896720399017
18,-8,23.928137720089744
18,-8,5.0
17,-8,25.667044433808304
17,-8,5.0
17,-8,5.0
17,-8,5.200509751143023
17,-8,5.0
17,-8,25.265469795750043
17,-8,5.0
17,-8,5.0
17,-8,29.66999296653771
17,-8,5.0
17,-8,5.0
17,-8,8.488084590144865
17,-8,5.0
17,-8,5.0
17,-8,11.403706975916812
17,-8,6.3461170495835475
17,-8,5.0
17,-8,5.0
17,-8,5.529585864470235
17,-8,5.0
16,-8,5.0
16,-8,5.00507118470022
16,-8,5.0
16,-8,11.446964258074033
16,-8,7.232445479657249
16,-8,32.16726162512151
16,-8,5.0
16,-8,5.0
16,-8,5.0
16,-8,8.580537977049532
16,-8,5.0
16,-8,5.0
16,-8,7.245939173595298
16,-8,6.398535928662873
16,-8,5.0
16,-8,5.0
16,-8,5.0
16,-8,5.588696934899492
16,-8,5.0
16,-8,5.0
15,-8,6.12479103737714
15,-8,5.0
15,-8,5.0
15,-8,15.717370169076062
15,-8,5.0
15,-8,5.0
15,-8,7.0098411952791935
15,-8,6.2326658647677835
15,-8,5.0
15,-8,5.0
15,-8,10.371542438120668
15,-8,5.0
15,-8,12.584482092167544
15,-8,16.34381777585726
15,-8,9.792924618216384
15,-8,29.92632664426298
15,-8,16.914558706368933
15,-8,5.0
15,-8,9.575859558723526
15,-8,5.0
14,-8,5.0
14,-8,6.470139465182972
14,-8,9.112377058529713
14,-8,12.292732049208624
14,-8,12.816985862705058
14,-8,5.0
14,-8,5.0
14,-8,5.0
14,-8,33.610893671484426
14,-8,5.0
14,-8,5.0
14,-8,19.113471394074857
14,-8,21.337133531514382
14,-8,11.376038003710933
14,-8,13.33924261146583
14,-8,5.665390722514397
14,-8,5.0
14,-8,5.998537113210288
14,-8,5.0
14,-8,12.329910407049084
13,-8,17.705392606198863
13,-8,11.471346171608282
13,-8,5.0
13,-8,5.0
13,-8,5.0
13,-8,7.832046034636173
13,-8,21.3296161664918
13,-8,14.090332066755938
13,-8,15.2491924713792
13,-8,5.0
13,-8,8.427004659839858
13,-8,19.82193538769422
13,-8,16.244914292169987
13,-8,15.68544197315528
13,-8,19.631183879806848
13,-8,8.753792150840733
13,-8,13.951528099648055
13,-8,5.0
13,-8,5.0
13,-8,10.952486883472835
12,-8,5.276974252921641
12,-8,17.20343135352312
12,-8,5.328646179445257
12,-8,21.0298573140033
12,-8,12.07702320392291
12,-8,5.0
12,-8,5.0
12,-8,6.440899991386148
12,-8,13.092347780679914
12,-8,5.0
12,-8,40.116603823473056
12,-8,18.716079016678677
12,-8,5.0
12,-8,13.420945206216855
12,-8,10.858227263002165
12,-8,11.890853434668275
12,-8,5.0
12,-8,11.166036761858182
12,-8,11.486407622779513
12,-8,7.451140529360922
11,-8,5.0
11,-8,51.23979047715061
11,-8,11.447801105728008
11,-8,15.61957363472488
11,-8,24.691818031806147
11,-8,5.864336090235281
11,-8,15.240983860361204
11,-8,5.0
11,-8,26.54923214023541
11,-8,6.579285248026565
11,-8,25.742517767679352
11,-8,17.648095308785734
11,-8,5.0
11,-8,6.05699047230594
11,-8,10.016242402517106
11,-8,5.0
11,-8,14.740342667263793
11,-8,28.767773939342874
11,-8,11.640737748335702
11,-8,26.94691919557738
10,-8,10.733755318872534
10,-8,16.448186472607784
10,-8,5.0
10,-8,11.237087720281131
10,-8,20.484003468248254
10,-8,21.055064628999318
10,-8,12.433251932813693
10,-8,5.0
10,-8,9.876343868239147
10,-8,59.65821335767346
10,-8,21.1582476123835
10,-8,5.0
10,-8,31.577114928222443
10,-8,9.471212842428134
10,-8,8.145156745900847
10,-8,5.0
10,-8,11.645997868086024
10,-8,42.62972191707187
10,-8,5.300208239691888
10,-8,15.041153159002803
10,-7,32.01871892697618
10,-7,7.820595585768892
10,-7,45.10486413610733
10,-7,28.143550416158476
10,-7,8.1084427413219
10,-7,32.0260045835558
10,-7,21.133765363405555
10,-7,5.0
10,-7,25.640472675337207
10,-7,5.0
10,-7,5.0
10,-7,11.208171010221417
10,-7,5.0
10,-7,15.210942185393806
10,-7,5.0
10,-7,11.904600544562875
10,-7,11.139331059710802
10,-7,5.0
10,-7,5.0
10,-7,5.0
9,-7,12.383076175640268
9,-7,5.688870957551076
9,-7,5.0
9,-7,5.0
9,-7,12.380717816486554
9,-7,5.0
9,-7,15.063726640377212
9,-7,17.25853071604894
9,-7,21.86965166475467
9,-7,29.2519014880352
9,-7,15.65533394765263
9,-7,11.343901203461908
9,-7,11.468428091803034
9,-7,24.769996883105016
9,-7,7.379372831117656
9,-7,5.0
9,-7,5.0
9,-7,5.0
9,-7,19.19933950496528
9,-7,11.296965145315012
8,-7,16.32384301399547
8,-7,14.04288785936479
8,-7,11.438946922158994
8,-7,10.407147032434102
8,-7,16.86881093351547
8,-7,21.532096756477472
8,-7,15.919130187324614
8,-7,6.125856837328972
8,-7,12.510133401973144
8,-7,49.16032329024575
8,-7,31.500069656015544
8,-7,18.51496652172969
8,-7,5.0
8,-7,15.547753304509252
8,-7,21.17324321653205
8,-7,7.184264341808525
8,-7,5.0
8,-7,33.176208596169054
8,-7,23.32290606387798
8,-7,19.376560485714236
7,-7,5.0
7,-7,49.922340357155356
7,-7,11.460041683045265
7,-7,41.997023575237804
7,-7,17.662801321474678
7,-7,18.6023130158476
7,-7,13.258737568462156
7,-7,30.722872469142708
7,-7,8.269969060789105
7,-7,5.0
7,-7,27.827280971411945
7,-7,5.556913786428204
7,-7,14.718753272849344
7,-7,22.674842680421897
7,-7,21.842992692462914
7,-7,5.0
7,-7,5.0
7,-7,17.207463376670248
7,-7,14.325655406997921
7,-7,44.221763996775024
7,-8,6.0068930698170115
7,-8,13.921207031794752
7,-8,31.7913429759254
7,-8,5.0
7,-8,19.99897936213037
7,-8,17.135970479828742
7,-8,8.108842864330404
7,-8,18.95715448625684
7,-8,12.97965693642846
7,-8,10.115577788696259
7,-8,12.95727547291875
7,-8,22.927162768638695
7,-8,21.011632303548254
7,-8,5.427142221382613
7,-8,9.62357970390342
7,-8,18.502755499084152
7,-8,47.276127234629186
7,-8,5.0
7,-8,5.0
7,-8,7.118114199965401
6,-8,20.669717353837246
6,-8,17.452774684377907
6,-8,5.0
6,-8,15.725069623376113
6,-8,8.92527275518165
6,-8,18.850061774456037
6,-8,35.04676129932179
6,-8,30.50009347811767
6,-8,33.65493415015276
6,-8,5.0
6,-8,13.867110821997093
6,-8,41.7914489849974
6,-8,35.964772422206934
6,-8,44.98295354014374
6,-8,28.99298918826507
6,-8,7.86771922863635
6,-8,26.05410678579816
6,-8,23.06819153592534
6,-8,5.0
6,-8,6.0242224635158985
5,-8,5.0
5,-8,11.387298719458546
5,-8,28.928632549691123
5,-8,5.0
5,-8,14.005984380084865
5,-8,17.457386855078063
5,-8,20.14700430071222
5,-8,17.860289495035353
5,-8,19.38690504466825
5,-8,15.78067680223055
5,-8,15.188481624126577
5,-8,24.7772641858932
5,-8,16.591231747095545
5,-8,13.246143557791635
5,-8,5.0
5,-8,14.611722751183699
5,-8,5.0
5,-8,5.0
5,-8,5.0
5,-8,24.270623944520096
6,-8,12.223526597896166
6,-8,7.524938815968911
6,-8,5.0
6,-8,5.0
6,-8,8.984691996090032
6,-8,17.53939988058645
6,-8,19.506961961270104
6,-8,5.1821898569581215
6,-8,22.398751660372096
6,-8,11.701954238674709
6,-8,7.610801545349522
6,-8,5.0
6,-8,10.76652746826695
6,-8,36.36198891877621
6,-8,11.443644806349266
6,-8,13.074936617422159
6,-8,20.037380618065733
6,-8,5.0
6,-8,20.365311588936105
6,-8,15.589431482559089
6,-9,5.0
6,-9,13.45673363521986
6,-9,25.907349467934907
6,-9,10.001820981696756
6,-9,23.920219910516916
6,-9,10.906356078129791
6,-9,12.149852776544472
6,-9,7.4363737595743515
6,-9,14.262016555113505
6,-9,9.926583527544679
6,-9,17.246426968213875
6,-9,11.860726639303223
6,-9,19.205491818457407
6,-9,24.84525307575909
6,-9,22.48186971964733
6,-9,14.121720926008956
6,-9,5.0
6,-9,14.68097668139512
6,-9,7.355338757912513
6,-9,15.940505200058187
5,-9,20.214336928573196
5,-9,38.53386677358144
5,-9,50.36991189155955
5,-9,21.81923436424319
5,-9,5.0
5,-9,35.934737648704825
5,-9,13.530508581961115
5,-9,29.639614009559097
5,-9,20.115130299299636
5,-9,46.028534891318344
5,-9,17.744209045705855
5,-9,5.0
5,-9,20.43715763706046
5,-9,13.656417430078413
5,-9,5.0
5,-9,15.308979767388614
5,-9,22.369580516995057
5,-9,15.274388204422817
5,-9,13.933800600586382
5,-9,38.723160708558495
4,-9,11.287141069358345
4,-9,5.0
4,-9,8.925064006291851
4,-9,5.0
4,-9,21.475925478635006
4,-9,8.697922986702725
4,-9,23.488989641528505
4,-9,6.3068312306708645
4,-9,17.356588126360407
4,-9,19.35688490634949
4,-9,15.301794958828893
4,-9,10.183308964478949
4,-9,14.73840300769945
4,-9,14.890718742067886
4,-9,24.29230003471683
4,-9,22.830326102348927
4,-9,7.919719002451249
4,-9,29.867349033631356
4,-9,15.295919433655486
4,-9,5.0
3,-9,11.350810518110936
3,-9,44.12507304286115
3,-9,37.97618121448026
3,-9,28.58317450375465
3,-9,7.796222450218997
3,-9,28.52399184570975
3,-9,24.760034754761563
3,-9,32.90782750583739
3,-9,8.965659154228153
3,-9,19.52586244446499
3,-9,17.330204192446676
3,-9,5.0
3,-9,15.978379396575338
3,-9,5.0
3,-9,10.14375523053965
3,-9,10.205074379335933
3,-9,8.14672673378352
3,-9,5.0
3,-9,15.23508734352935
3,-9,43.01436578189481
4,-9,5.269817355037905
4,-9,13.185142531648587
4,-9,25.33690815514397
4,-9,15.34000299066246
4,-9,46.42095104005625
4,-9,18.75058229718414
4,-9,14.952410685129978
4,-9,10.709713915735898
4,-9,15.610955630351024
4,-9,35.63270559306173
4,-9,24.304675547299997
4,-9,15.713691572782462
4,-9,32.07501188343426
4,-9,21.96786202400426
4,-9,15.09240758317496
4,-9,26.259605548053855
4,-9,5.0
4,-9,20.66590102755127
4,-9,12.311249938332022
4,-9,21.217764174333343
5,-9,21.323911500801486
5,-9,18.733780681851176
5,-9,5.0
5,-9,6.087477528350033
5,-9,22.83036084472466
5,-9,5.0
5,-9,13.742689212630754
5,-9,37.76801244896495
5,-9,13.521577569128215
5,-9,23.907605284470378
5,-9,11.031207890642625
5,-9,6.664723604084495
5,-9,23.80402239454783
5,-9,10.187298457612446
5,-9,15.625563025725214
5,-9,17.370598838759616
5,-9,16.229432084747394
5,-9,37.705427329222616
5,-9,43.340130627803745
5,-9,29.166128070922717
4,-9,16.704368994777404
4,-9,11.502600455178667
4,-9,5.0
4,-9,12.216333959028356
4,-9,15.703657241299979
4,-9,21.906960020432766
4,-9,5.078618204721994
4,-9,5.0
4,-9,8.229914530889749
4,-9,31.98850049276474
4,-9,27.052041431901664
4,-9,5.0
4,-9,9.529982189595962
4,-9,19.107478939161137
4,-9,9.578565541630288
4,-9,15.086569626293075
4,-9,32.485184560100265
4,-9,36.36904846513956
4,-9,47.896788574534924
4,-9,8.709848337570136
4,-10,5.0
4,-10,7.82032504846336
4,-10,31.12778164696008
4,-10,14.081462638863023
4,-10,18.73340004573999
4,-10,49.525066117588096
4,-10,14.034312004864676
4,-10,8.096369044096438
4,-10,7.5342459663338115
4,-10,13.737593032804625
4,-10,6.065833515702348
4,-10,18.85936794132039
4,-10,22.452052054270528
4,-10,5.869843048473557
4,-10,5.0
4,-10,14.572228717437763
4,-10,11.553931727737437
4,-10,5.0
4,-10,11.143564737990538
4,-10,20.16899771630539
3,-10,16.211062158957052
3,-10,11.271558320831142
3,-10,61.68805465309051
3,-10,6.831127111146253
3,-10,37.31229758271044
3,-10,15.518526397521601
3,-10,25.05061527925563
3,-10,13.527138450904015
3,-10,10.546961744193657
3,-10,20.19844497968105
3,-10,5.0
3,-10,5.0
3,-10,26.327077212975652
3,-10,18.63635275846155
3,-10,13.16372901632773
3,-10,22.77694921399433
3,-10,5.0
3,-10,5.0
3,-10,29.958399541101656
3,-10,35.226728474909734
4,-10,5.0
4,-10,15.893154778431628
4,-10,14.1552914846029
4,-10,20.93024105650089
4,-10,28.31070943415327
4,-10,22.0040552866296
4,-10,14.269472230801796
4,-10,9.746858754252152
4,-10,33.26137353808909
4,-10,18.230862031812016
4,-10,20.349173157752297
4,-10,7.416780043603602
4,-10,16.631203510529915
4,-10,12.44460702035592
4,-10,10.129047562403276
4,-10,45.57556164848934
4,-10,28.703046254315097
4,-10,5.355580843184661
4,-10,12.755227697559643
4,-10,15.218524236939857
4,-11,20.32446949574413
4,-11,19.594983220436895
4,-11,12.724635653161704
4,-11,14.810205070446912
4,-11,28.40366651438968
4,-11,5.0
4,-11,7.558341977484481
4,-11,5.0
4,-11,6.961894241869421
4,-11,6.802234452624372
4,-11,6.715282570210329
4,-11,19.694843423480165
4,-11,15.81902792654473
4,-11,5.0
4,-11,7.04986143973764
4,-11,5.0
4,-11,24.048443444445333
4,-11,48.67964686485368
4,-11,7.006570192616671
4,-11,12.139814151804
3,-11,5.0
3,-11,5.379905206082312
3,-11,23.230715096743232
3,-11,23.091062744758705
3,-11,19.537950649001296
3,-11,43.095017505659555
3,-11,9.103333785432833
3,-11,13.68188907606267
3,-11,5.875351839438272
3,-11,5.0
3,-11,32.05925973478752
3,-11,35.67092079405398
3,-11,15.226592275571788
3,-11,5.567264149660864
3,-11,13.49923259997095
3,-11,8.388020932992596
3,-11,12.81824849455926
3,-11,15.328600949134636
3,-11,5.0
3,-11,15.418376905871362
2,-11,7.593705655966527
2,-11,8.274612097309799
2,-11,19.75078484809403
2,-11,5.0
2,-11,5.0
2,-11,17.519928877276886
2,-11,30.24728798372039
2,-11,8.117041402139748
2,-11,17.505855012327274
2,-11,34.376256843713854
2,-11,13.413705657145593
2,-11,6.961596257199576
2,-11,5.0
2,-11,5.0
2,-11,45.932840997008775
2,-11,21.23169009168342
2,-11,5.0
2,-11,8.594028696921223
2,-11,14.022186184999555
2,-11,15.899718676883465
1,-11,5.0
1,-11,11.394292456814535
1,-11,5.0
1,-11,17.74516957279601
1,-11,24.63966661352386
1,-11,24.41137318031465
1,-11,5.0
1,-11,14.726279957528359
1,-11,12.250550329318148
1,-11,12.701759255922946
1,-11,10.517058024871757
1,-11,13.284745986370083
1,-11,5.0
1,-11,45.12192210949328
1,-11,16.610749259821816
1,-11,18.292662570481014
1,-11,8.45275648301032
1,-11,7.06275352406106
1,-11,14.709175637037728
1,-11,19.333020698989525
0,-11,15.054847394167894
0,-11,5.0
0,-11,5.0
0,-11,18.70859813476306
0,-11,6.066315219826513
0,-11,16.202897543087296
0,-11,6.400176954504518
0,-11,10.816616335692983
0,-11,6.986831969556503
0,-11,5.0
0,-11,12.359287954321946
0,-11,16.333443567205354
0,-11,24.384858184595657
0,-11,11.563787606007377
0,-11,23.010687602514118
0,-11,5.057467618367396
0,-11,24.188667582689703
0,-11,13.767229122912564
0,-11,16.152205891682403
0,-11,23.01576572810717
-1,-11,5.0
-1,-11,71.71019554187033
-1,-11,5.0
-1,-11,28.545918940147114
-1,-11,5.0
-1,-11,22.659666047747052
-1,-11,20.054995720038512
-1,-11,15.017637648477496
-1,-11,23.6033115007002
-1,-11,16.178009323742284
-1,-11,5.0
-1,-11,20.820421542910484
-1,-11,5.0
-1,-11,8.365201997999089
-1,-11,5.0
-1,-11,5.0
-1,-11,5.0
-1,-11,20.057124643977666
-1,-11,12.136228533269122
-1,-11,15.10544722301097
-1,-12,6.908740879046622
-1,-12,10.24465053289466
-1,-12,9.804712033841367
-1,-12,5.0
-1,-12,31.29939634144248
-1,-12,5.0
-1,-12,16.293559344005352
-1,-12,7.691652597744343
-1,-12,13.13134485899746
-1,-12,10.555974738265132
-1,-12,5.0
-1,-12,48.10327329076872
-1,-12,6.420430993459826
-1,-12,19.03372241982175
-1,-12,5.835470478902351
-1,-12,22.638532418432035
-1,-12,24.770544068938776
-1,-12,13.163711102743004
-1,-12,9.398953075694221
-1,-12,8.828318283426032
-2,-12,6.876543052775054
-2,-12,9.252650122391959
-2,-12,10.498250540525733
-2,-12,13.803432795438024
-2,-12,5.0
-2,-12,10.836421397911602
-2,-12,18.68672771353849
-2,-12,19.77513261313862
-2,-12,20.711454726138413
-2,-12,21.607339317421633
-2,-12,21.823587838880357
-2,-12,44.57198955160895
-2,-12,6.666824944328074
-2,-12,13.313146205305294
-2,-12,10.331749950629819
-2,-12,7.54541244717398
-2,-12,5.0
-2,-12,7.78880097577364
-2,-12,35.024819004541776
-2,-12,18.017447344112583
-3,-12,16.31469272697842
-3,-12,5.0
-3,-12,29.560525954024385
-3,-12,9.929374395445011
-3,-12,16.051101865246135
-3,-12,5.0
-3,-12,23.26495672278627
-3,-12,17.64344408506861
-3,-12,22.45285014764573
-3,-12,5.368679170517375
-3,-12,8.977319827459059
-3,-12,5.585342291348009
-3,-12,5.0
-3,-12,15.559283752275011
-3,-12,5.0
-3,-12,5.0
-3,-12,5.0
-3,-12,5.0
-3,-12,30.379898569534916
-3,-12,9.932338313966195
-3,-13,5.0
-3,-13,21.934123303908578
-3,-13,16.477618850386634
-3,-13,14.234506820324768
-3,-13,8.480616666747526
-3,-13,5.564772903512413
-3,-13,5.0
-3,-13,7.00385652414983
-3,-13,14.675560658025447
-3,-13,5.141853732707274
-3,-13,5.0
-3,-13,18.6239167907237
-3,-13,26.946295028337246
-3,-13,14.68518553957844
-3,-13,24.954388240102908
-3,-13,7.432871153808597
-3,-13,5.0
-3,-13,5.0
-3,-13,6.700158440352213
-3,-13,5.0
-4,-13,16.789243201534248
-4,-13,12.652444369211493
-4,-13,20.52874177560922
-4,-13,12.898592098062707
-4,-13,9.13803784070019
-4,-13,5.0
-4,-13,14.072737828873723
-4,-13,9.005594575494985
-4,-13,10.692423239940556
-4,-13,30.492146070397784
-4,-13,11.769484836056453
-4,-13,5.0
-4,-13,5.0
-4,-13,5.0
-4,-13,13.048790205331759
-4,-13,7.079045697219372
-4,-13,5.0
-4,-13,5.086829865857702
-4,-13,16.136847417084397
-4,-13,36.24058870464594
-5,-13,59.58735384128641
-5,-13,5.0
-5,-13,12.300063234406695
-5,-13,34.0536908656579
-5,-13,5.0
-5,-13,5.0
-5,-13,19.210241072302786
-5,-13,9.581728738572401
-5,-13,17.28605805223028
-5,-13,6.734943591727193
-5,-13,5.91655767332386
-5,-13,5.0
-5,-13,5.0
-5,-13,15.340674617837127
-5,-13,22.05377358372634
-5,-13,17.094540027434125
-5,-13,14.516663584259424
-5,-13,11.242038912708122
-5,-13,5.0
-5,-13,13.826625835510045
-6,-13,8.523620106288456
-6,-13,12.240966981385878
-6,-13,5.0
-6,-13,17.19223997371608
-6,-13,5.0
-6,-13,19.161757264406397
-6,-13,16.057867292655637
-6,-13,5.0
-6,-13,17.18637153128403
-6,-13,6.647375921373891
-6,-13,5.0
-6,-13,21.643628724937695
-6,-13,5.0
-6,-13,10.225591955023006
-6,-13,35.7812039728769
-6,-13,38.39627160155527
-6,-13,7.124748781974283
-6,-13,18.959836134127805
-6,-13,5.876535601122054
-6,-13,5.0
-5,-13,26.483975819252755
-5,-13,9.459614623867495
-5,-13,5.0
-5,-13,5.0
-5,-13,5.936324779972992
-5,-13,15.0627771567075
-5,-13,5.626483181646082
-5,-13,19.346679418460717
-5,-13,13.270244118822049
-5,-13,11.491771916072631
-5,-13,10.82801119641979
-5,-13,7.972563241300394
-5,-13,5.0
-5,-13,10.798810488991444
-5,-13,42.00810842728955
-5,-13,5.0
-5,-13,5.0
-5,-13,5.0
-5,-13,23.95944787586966
-5,-13,22.29545724917854
-6,-13,12.528968187305281
-6,-13,25.101398047703228
-6,-13,5.1786151021806175
-6,-13,7.98766844768977
-6,-13,5.511008582522296
-6,-13,17.678134557743466
-6,-13,6.368975270072332
-6,-13,14.391437921906427
-6,-13,20.64278864424338
-6,-13,9.11788045296882
-6,-13,5.0
-6,-13,35.482283138064375
-6,-13,11.2524212934201
-6,-13,5.0
-6,-13,9.920108173156663
-6,-13,5.0
-6,-13,5.0
-6,-13,5.263045934940287
-6,-13,5.0
-6,-13,43.94797668877024
-6,-14,5.0
-6,-14,18.583648908879432
-6,-14,29.511889736040594
-6,-14,5.0
-6,-14,16.8803296072189
-6,-14,5.776772023490685
-6,-14,13.603890262220888
-6,-14,5.0
-6,-14,11.286780314443838
-6,-14,5.0
-6,-14,5.0
-6,-14,6.762355583919767
-6,-14,12.096217429347291
-6,-14,14.791911955955264
-6,-14,5.0
-6,-14,8.432124999765312
-6,-14,18.274399349799822
-6,-14,12.658805152557232
-6,-14,5.56034596907933
-6,-14,5.0
-7,-14,39.91092361851342
-7,-14,5.0
-7,-14,5.3295005477344155
-7,-14,13.448084715625102
-7,-14,5.95192343540105
-7,-14,5.0
-7,-14,5.0
-7,-14,11.33578587716642
-7,-14,18.26816114512536
-7,-14,5.0
-7,-14,5.0
-7,-14,23.808822676605136
-7,-14,17.52363366857855
-7,-14,8.696008846914657
-7,-14,13.624372276907787
-7,-14,11.308592455998841
-7,-14,30.379170494201265
-7,-14,5.0
-7,-14,5.363147529926114
-7,-14,14.22532411163849
-6,-14,6.598660144080632
-6,-14,11.437259238919946
-6,-14,6.382310222490924
-6,-14,5.0
-6,-14,22.64112794897887
-6,-14,13.13917952473184
-6,-14,18.82811695821566
-6,-14,5.0
-6,-14,5.0
-6,-14,6.518699708513656
-6,-14,5.0
-6,-14,14.682755781097429
-6,-14,12.492184707542723
-6,-14,41.996875873358974
-6,-14,12.275346193376048
-6,-14,5.0
-6,-14,5.7249889563909555
-6,-14,5.0
-6,-14,23.201191254797994
-6,-14,5.0
-7,-14,10.384936387204458
-7,-14,5.0
-7,-14,5.0
-7,-14,14.426900142639424
-7,-14,5.0
-7,-14,20.159562152420435
-7,-14,21.096131835318506
-7,-14,40.19385035002388
-7,-14,5.0
-7,-14,5.0
-7,-14,5.0
-7,-14,5.0
-7,-14,5.688036425704735
-7,-14,5.0
-7,-14,5.0
-7,-14,13.05049372451008
-7,-14,5.0
-7,-14,6.370963620790601
-7,-14,5.0
-7,-14,5.0
-7,-15,5.0
-7,-15,15.059925364688532
-7,-15,5.0
-7,-15,5.0
-7,-15,6.72028585307697
-7,-15,5.0
-7,-15,5.0
-7,-15,5.0
-7,-15,11.95593105190412
-7,-15,39.4660793293431
-7,-15,13.556883185255437
-7,-15,19.74697456252523
-7,-15,5.0
-7,-15,5.0
-7,-15,17.26529301445342
-7,-15,9.915191575914928
-7,-15,37.459864065342686
-7,-15,5.0
-7,-15,6.325391593877369
-7,-15,5.0
-8,-15,5.0
-8,-15,13.57308657829874
-8,-15,5.0
-8,-15,12.009656944331766
-8,-15,33.63789749354257
-8,-15,10.611120124696004
-8,-15,5.0
-8,-15,5.0
-8,-15,9.242267258197195
-8,-15,11.400959512023388
-8,-15,5.0
-8,-15,9.120892107333695
-8,-15,5.0
-8,-15,5.0
-8,-15,10.520161349425429
-8,-15,17.986457694422235
-8,-15,15.526630328352116
-8,-15,12.705282659376753
-8,-15,5.0
-8,-15,38.637479364476064
-9,-15,20.300238535758506
-9,-15,6.358196280777661
-9,-15,24.983886120075393
-9,-15,10.577325763397358
-9,-15,5.0
-9,-15,5.0
-9,-15,14.90481422166198
-9,-15,5.994067305452229
-9,-15,10.00535740400963
-9,-15,14.683760778172774
-9,-15,5.0
-9,-15,7.181124737479372
-9,-15,7.999856685576006
-9,-15,5.0
-9,-15,5.0
-9,-15,5.0
-9,-15,5.0
-9,-15,5.0
-9,-15,14.660397988502796
-9,-15,5.0
-10,-15,5.0
-10,-15,5.0
-10,-15,5.0
-10,-15,16.094684286095745
-10,-15,40.484530793477255
-10,-15,5.0
-10,-15,22.94021573643863
-10,-15,14.870399548053685
-10,-15,5.0
-10,-15,11.447827724705855
-10,-15,5.477839302352263
-10,-15,10.406339241251501
-10,-15,6.688265990331143
-10,-15,13.302464272940838
-10,-15,6.35256447198039
-10,-15,5.0
-10,-15,5.0
-10,-15,5.0
-10,-15,5.0
-10,-15,5.0
-11,-15,5.0
-11,-15,9.800640284934392
-11,-15,5.0
-11,-15,17.953959697202283
-11,-15,5.0
-11,-15,5.0
-11,-15,5.0
-11,-15,5.0
-11,-15,5.0
-11,-15,10.497125877003871
-11,-15,12.63882393937139
-11,-15,18.95409470902375
-11,-15,5.0
-11,-15,5.096228805070174
-11,-15,5.0
-11,-15,5.0
-11,-15,5.883586191870063
-11,-15,8.497426357990088
-11,-15,5.0
-11,-15,13.815411892393234
-10,-15,5.0
-10,-15,5.0
-10,-15,5.0
-10,-15,23.773288860420188
-10,-15,5.0
-10,-15,20.008232516833836
-10,-15,27.330731724249063
-10,-15,13.265184571774562
-10,-15,5.0
-10,-15,9.536060788747523
-10,-15,5.0
-10,-15,5.0
-10,-15,11.839767982290518
-10,-15,5.0
-10,-15,5.0
-10,-15,6.8205600425922785
-10,-15,12.254837635299733
-10,-15,5.0
-10,-15,8.274524343770743
-10,-15,5.0
-11,-15,5.0
-11,-15,17.66707448026402
-11,-15,5.0
-11,-15,13.5211342670362
-11,-15,5.0
-11,-15,22.768861175370752
-11,-15,5.0
-11,-15,18.09052042805392
-11,-15,5.0
-11,-15,5.0
-11,-15,5.0
-11,-15,19.6899503957273
-11,-15,16.42503228700937
-11,-15,5.884220995413482
-11,-15,11.305680128296956
-11,-15,8.907257589058407
-11,-15,10.19584649712822
-11,-15,5.0
-11,-15,19.06890986552642
-11,-15,5.0
-12,-15,5.0
-12,-15,19.429965629763302
-12,-15,5.0
-12,-15,5.0
-12,-15,14.331823539638481
-12,-15,14.30932559539586
-12,-15,24.550629436554658
-12,-15,5.0
-12,-15,10.324720716218529
-12,-15,5.0
-12,-15,5.0
-12,-15,5.0
-12,-15,5.0
-12,-15,5.0
-12,-15,14.818340410240708
-12,-15,5.0
-12,-15,5.0
-12,-15,5.0
-12,-15,24.04131693809227
-12,-15,8.907785961677519
-13,-15,6.295963220216331
-13,-15,5.0
-13,-15,7.5360108578533955
-13,-15,5.0
-13,-15,5.0
-13,-15,5.0
-13,-15,5.0
-13,-15,5.0
-13,-15,5.0
-13,-15,8.430526998842192
-13,-15,12.061487080002879
-13,-15,8.446355081514168
-13,-15,5.0
-13,-15,5.0
-13,-15,19.208456694601153
-13,-15,5.0
-13,-15,5.0
-13,-15,5.0
-13,-15,6.712678965070552
-13,-15,5.0
-14,-15,17.468218325911003
-14,-15,5.0
-14,-15,5.0
-14,-15,5.0
-14,-15,8.873393806729428
-14,-15,14.730940227230828
-14,-15,5.0
-14,-15,5.0
-14,-15,11.297208830512105
-14,-15,11.242758257245296
-14,-15,5.0
-14,-15,5.0
-14,-15,5.537043699586703
-14,-15,5.0
-14,-15,5.0
-14,-15,5.0
-14,-15,7.376136038344988
-14,-15,11.304499281341636
-14,-15,5.0
-14,-15,18.148129917922617
-15,-15,5.0
-15,-15,5.0
-15,-15,5.0
-15,-15,5.0
-15,-15,5.0
-15,-15,5.0
-15,-15,5.0
-15,-15,12.857540826534125
-15,-15,5.0
-15,-15,5.929757594989378
-15,-15,19.072209572794126
-15,-15,5.0
-15,-15,15.054820688887956
-15,-15,5.0
-15,-15,5.0
-15,-15,9.995660684959908
-15,-15,5.0
-15,-15,5.0
-15,-15,17.078783146251816
-15,-15,5.0
-15,-16,8.563897091860794
-15,-16,5.0
-15,-16,21.106113823117695
-15,-16,16.724159043079705
-15,-16,6.293485801939357
-15,-16,5.0
-15,-16,5.0
-15,-16,7.8798726555558405
-15,-16,5.0
-15,-16,5.0
-15,-16,5.0
-15,-16,5.0
-15,-16,5.0
-15,-16,16.31342591274761
-15,-16,5.0
-15,-16,5.0
-15,-16,5.0
-15,-16,5.0
-15,-16,27.183789954494557
-15,-16,5.0
-16,-16,5.0
-16,-16,5.0
-16,-16,5.0
-16,-16,9.032503868924593
-16,-16,5.0
-16,-16,5.0
-16,-16,5.0
-16,-16,5.0
-16,-16,14.520265200946493
-16,-16,5.0
-16,-16,5.0
-16,-16,5.0
-16,-16,7.836926307936884
-16,-16,5.0
-16,-16,5.0
-16,-16,6.83639919943246
-16,-16,5.0
-16,-16,6.4970706681586226
-16,-16,12.520780889279294
-16,-16,5.0
-17,-16,25.469250170176235
-17,-16,5.0
-17,-16,5.0
-17,-16,5.0
-17,-16,8.889630851342153
-17,-16,5.0
-17,-16,6.748741424668069
-17,-16,5.0
-17,-16,5.0
-17,-16,16.870168253467536
-17,-16,5.0
-17,-16,5.0
-17,-16,5.0
-17,-16,5.0
-17,-16,5.0
-17,-16,10.674365477386324
-17,-16,31.75085879680921
-17,-16,5.0
-17,-16,5.0
-17,-16,5.0
-18,-16,5.0
-18,-16,5.0
-18,-16,5.0
-18,-16,5.0
-18,-16,5.0
-18,-16,5.0
-18,-16,14.312130847872297
-18,-16,13.520302693944025
-18,-16,5.0
-18,-16,5.0
-18,-16,5.0
-18,-16,5.0
-18,-16,5.0
-18,-16,14.603214242392959
-18,-16,5.0
-18,-16,8.464340572950558
-18,-16,12.180614498947573
-18,-16,31.955077260767453
-18,-16,5.0
-18,-16,5.0
-19,-16,5.0
-19,-16,5.0
-19,-16,12.314421581813379
-19,-16,5.0
-19,-16,5.0
-19,-16,5.0
-19,-16,5.0
-19,-16,5.0
-19,-16,5.0
-19,-16,5.0
-19,-16,5.0
-19,-16,5.0
-19,-16,5.0
-19,-16,5.0
-19,-16,5.0
-19,-16,5.0
-19,-16,5.0
-19,-16,5.0
-19,-16,7.70620704687329
-19,-16,5.0
-20,-16,5.0
-20,-16,5.0
-20,-16,7.670500757727131
-20,-16,5.0
-20,-16,5.0
-20,-16,8.57929041020308
-20,-16,5.0
-20,-16,5.0
-20,-16,5.0
-20,-16,6.927637503240513
-20,-16,5.0
-20,-16,5.0
-20,-16,5.0
-20,-16,5.0
-20,-16,12.372473595854036
-20,-16,5.0
-20,-16,5.0
-20,-16,5.0
-20,-16,5.0
-20,-16,5.0
-19,-16,5.0
-19,-16,12.982436055125813
-19,-16,6.542622281538616
-19,-16,5.0
-19,-16,5.0
-19,-16,5.0
-19,-16,5.0
-19,-16,5.0
-19,-16,5.0
-19,-16,6.870912486016866
-19,-16,25.615627251441822
-19,-16,5.0
-19,-16,5.0
-19,-16,5.0
-19,-16,5.0
-19,-16,5.0
-19,-16,5.0
-19,-16,8.24215978362443
-19,-16,5.0
-19,-16,5.0
-19,-17,5.0
-19,-17,5.0
-19,-17,5.0
-19,-17,5.0
-19,-17,5.0
-19,-17,5.0
-19,-17,5.0
-19,-17,12.412391099890739
-19,-17,5.0
-19,-17,5.0
-19,-17,5.0
-19,-17,5.0
-19,-17,10.185412058824111
-19,-17,5.0
-19,-17,5.0
-19,-17,5.0
-19,-17,5.0
-19,-17,5.0
-19,-17,5.797267022904853
-19,-17,15.033194752363194
-18,-17,5.0
-18,-17,27.84339466572063
-18,-17,5.0
-18,-17,5.0
-18,-17,5.0
-18,-17,5.0
-18,-17,5.0
-18,-17,5.0
-18,-17,5.0
-18,-17,5.0
-18,-17,5.0
-18,-17,5.0
-18,-17,5.0
-18,-17,5.0
-18,-17,5.0
-18,-17,7.23299744337993
-18,-17,17.25330465050331
-18,-17,5.0
-18,-17,6.799311199368411
-18,-17,16.658725677930903
-18,-16,5.0
-18,-16,5.0
-18,-16,6.152067866329155
-18,-16,5.0
-18,-16,6.626863806932631
-18,-16,5.0
-18,-16,15.744577061883064
-18,-16,13.711378485576462
-18,-16,5.0
-18,-16,5.0
-18,-16,5.0
-18,-16,5.0
-18,-16,5.0
-18,-16,10.677200097526233
-18,-16,10.300644094478661
-18,-16,5.0
-18,-16,5.0
-18,-16,7.820073729212753
-18,-16,5.0
-18,-16,5.0
-17,-16,7.981273137145534
-17,-16,10.973796988392138
-17,-16,5.0
-17,-16,18.765692514651715
-17,-16,5.0
-17,-16,38.08739082170473
-17,-16,5.0
-17,-16,6.9586524473883715
-17,-16,5.0
-17,-16,5.0
-17,-16,5.0
-17,-16,5.0
-17,-16,5.0
-17,-16,5.0
-17,-16,11.730595204632607
-17,-16,5.0
-17,-16,5.0
-17,-16,5.0
-17,-16,7.3098058871125655
-17,-16,5.0
-16,-16,5.0
-16,-16,7.282928173748337
-16,-16,5.0
-16,-16,5.0
-16,-16,5.0
-16,-16,6.165446961305504
-16,-16,5.0
-16,-16,29.607034727302892
-16,-16,7.268576941424067
-16,-16,5.0
-16,-16,5.0
-16,-16,5.0
-16,-16,14.274985552814437
-16,-16,5.0
-16,-16,5.0
-16,-16,5.0
-16,-16,15.513190622521826
-16,-16,5.0
-16,-16,5.0
-16,-16,5.0
-15,-16,5.0
-15,-16,5.0
-15,-16,5.0
-15,-16,7.343824737219432
-15,-16,5.0
-15,-16,5.0
-15,-16,5.0
-15,-16,5.0
-15,-16,5.0
-15,-16,5.0
-15,-16,5.0
-15,-16,5.0
-15,-16,5.0
-15,-16,5.0
-15,-16,11.920983375936197
-15,-16,5.0
-15,-16,5.0
-15,-16,5.0
-15,-16,6.507021927902301
-15,-16,5.0
-15,-15,5.0
-15,-15,5.0
-15,-15,5.0
-15,-15,5.0
-15,-15,5.0
-15,-15,5.0
-15,-15,5.0
-15,-15,11.475645549621031
-15,-15,9.833233765969949
-15,-15,5.0
-15,-15,14.301581575216337
-15,-15,5.0
-15,-15,5.0
-15,-15,5.0
-15,-15,5.0
-15,-15,5.0
-15,-15,5.0
-15,-15,6.637244388093323
-15,-15,5.0
-15,-15,5.0
-14,-15,5.0
-14,-15,16.911817862447933
-14,-15,17.19357047012761
-14,-15,5.0
-14,-15,5.0
-14,-15,41.715911096140324
-14,-15,5.66281255202705
-14,-15,5.0
-14,-15,11.420759483773814
-14,-15,5.0
-14,-15,7.680736163748961
-14,-15,5.0
-14,-15,5.0
-14,-15,5.0
-14,-15,5.0
-14,-15,5.0
-14,-15,5.0
-14,-15,5.0
-14,-15,9.45970357889571
-14,-15,5.0
-13,-15,10.772035918434643
-13,-15,5.0
-13,-15,5.0
-13,-15,10.14777487329453
-13,-15,5.0
-13,-15,5.0
-13,-15,7.352076960301844
-13,-15,5.0
-13,-15,5.0
-13,-15,5.0
-13,-15,5.0
-13,-15,5.0
-13,-15,5.5999791084533665
-13,-15,5.0
-13,-15,25.2740734421453
-13,-15,21.108118993470537
-13,-15,5.0
-13,-15,19.572538157973725
-13,-15,6.437426091644989
-13,-15,14.340961165950148
-12,-15,5.0
-12,-15,5.0
-12,-15,5.0
-12,-15,12.093233219141318
-12,-15,5.0
-12,-15,5.0
-12,-15,8.154960128932656
-12,-15,5.0
-12,-15,6.783175625720613
-12,-15,5.0
-12,-15,5.760991356378018
-12,-15,5.0
-12,-15,12.811154948969964
-12,-15,17.188211267665746
-12,-15,6.915147988796954
-12,-15,12.081558933256183
-12,-15,5.0
-12,-15,5.0
-12,-15,12.634164546717528
-12,-15,5.0
-12,-16,5.0
-12,-16,5.0
-12,-16,5.0
-12,-16,8.205463687900696
-12,-16,5.0
-12,-16,5.3278771590054115
-12,-16,5.0
-12,-16,33.408488476792755
-12,-16,5.0
-12,-16,16.046883416159076
-12,-16,5.0
-12,-16,5.0
-12,-16,18.59370616788711
-12,-16,5.0
-12,-16,18.774666909061274
-12,-16,5.238858644110399
-12,-16,16.66329685377833
-12,-16,26.640614555352922
-12,-16,23.45629184471206
-12,-16,13.017414094760746
-12,-15,6.1678127803979175
-12,-15,5.0
-12,-15,17.18129718390909
-12,-15,17.227785265570635
-12,-15,10.24902449891155
-12,-15,50.41700487467692
-12,-15,19.022640116010372
-12,-15,5.0
-12,-15,25.146397480798626
-12,-15,13.175363832602432
-12,-15,5.526991660075011
-12,-15,46.53491098470192
-12,-15,5.0
-12,-15,5.0
-12,-15,9.63164138198619
-12,-15,5.0
-12,-15,5.0
-12,-15,5.0
-12,-15,5.0
-12,-15,5.0
-13,-15,5.0
-13,-15,5.0
-13,-15,5.0
-13,-15,5.0
-13,-15,5.0
-13,-15,10.650019481633562
-13,-15,5.0
-13,-15,12.011032997822472
-13,-15,5.0
-13,-15,5.0
-13,-15,8.682302555674559
-13,-15,5.0
-13,-15,5.0
-13,-15,5.257331510158467
-13,-15,5.0
-13,-15,5.0
-13,-15,5.0
-13,-15,7.551233659898766
-13,-15,5.0
-13,-15,8.443060016874743
-12,-15,5.0
-12,-15,6.180738525513936
-12,-15,5.0
-12,-15,5.0
-12,-15,5.0
-12,-15,5.0
-12,-15,5.0
-12,-15,7.486664665709598
-12,-15,5.0
-12,-15,5.0
-12,-15,5.0
-12,-15,5.813200920686779
-12,-15,8.461187715282128
-12,-15,21.60744069279224
-12,-15,38.231793996844715
-12,-15,11.6205276926285
-12,-15,5.0
-12,-15,13.845678876129078
-12,-15,7.528030070458252
-12,-15,6.14497652437383
-11,-15,6.364240575389498
-11,-15,14.19208511174513
-11,-15,5.0
-11,-15,5.0
-11,-15,5.0
-11,-15,5.0
-11,-15,5.0
-11,-15,7.655935977010933
-11,-15,5.0
-11,-15,5.321965177653215
-11,-15,5.0
-11,-15,5.0
-11,-15,5.0
-11,-15,5.0
-11,-15,5.0
-11,-15,5.0
-11,-15,9.54110923539584
-11,-15,5.0
-11,-15,5.0
-11,-15,5.0
-10,-15,5.0
-10,-15,6.739001504400178
-10,-15,14.786501929008246
-10,-15,7.947004124810821
-10,-15,10.183915229192635
-10,-15,8.966878259531184
-10,-15,5.0
-10,-15,10.387622726761021
-10,-15,5.0
-10,-15,5.0
-10,-15,5.069378219637878
-10,-15,5.0
-10,-15,5.0
-10,-15,9.190702198661624
-10,-15,5.0
-10,-15,38.348260871279166
-10,-15,5.0
-10,-15,5.0
-10,-15,11.479822527088007
-10,-15,5.0
-9,-15,5.353198678823165
-9,-15,5.0
-9,-15,12.96017583819332
-9,-15,7.548072699689968
-9,-15,5.0
-9,-15,5.0
-9,-15,5.0
-9,-15,10.395169143731895
-9,-15,29.7290981875275
-9,-15,24.797875553700564
-9,-15,8.867488564659853
-9,-15,6.7938044384262675
-9,-15,5.0
-9,-15,5.0
-9,-15,5.0
-9,-15,5.0
-9,-15,5.0
-9,-15,24.367712985880004
-9,-15,8.417425181230755
-9,-15,10.472196227546625
-8,-15,11.58049704404036
-8,-15,5.0
-8,-15,8.642167999075848
-8,-15,21.33614067410713
-8,-15,12.73086554777975
-8,-15,5.0
-8,-15,21.44030503881744
-8,-15,5.0
-8,-15,5.467307327703275
-8,-15,5.0
-8,-15,32.96933176029454
-8,-15,5.0
-8,-15,9.33781013161486
-8,-15,5.0
-8,-15,5.0
-8,-15,5.0
-8,-15,22.641652529513422
-8,-15,11.611087221083459
-8,-15,12.81040675172172
-8,-15,5.0
-9,-15,25.913521968093505
-9,-15,8.178977859568155
-9,-15,7.0238949834997175
-9,-15,8.238540211821288
-9,-15,5.0
-9,-15,5.016016500994932
-9,-15,5.0
-9,-15,20.968181840559197
-9,-15,5.0
-9,-15,28.483414024917845
-9,-15,5.0
-9,-15,13.001389034043305
-9,-15,18.218993112662208
-9,-15,10.965476110583833
-9,-15,14.545690107632504
-9,-15,5.0
-9,-15,9.647722906820627
-9,-15,5.0
-9,-15,16.797653333658932
-9,-15,5.0
-9,-16,6.325244915715887
-9,-16,7.965784982835081
-9,-16,5.0
-9,-16,11.664034133816129
-9,-16,13.333587462754227
-9,-16,5.0
-9,-16,5.0
-9,-16,5.0
-9,-16,5.0
-9,-16,5.0
-9,-16,5.0
-9,-16,5.0
-9,-16,5.0
-9,-16,22.478566850857465
-9,-16,5.0
-9,-16,5.0
-9,-16,5.0
-9,-16,5.0
-9,-16,5.0
-9,-16,5.0
-9,-15,5.0
-9,-15,11.431850760864013
-9,-15,5.0
-9,-15,10.190990993284288
-9,-15,5.0
-9,-15,11.367077625273733
-9,-15,28.578851899462776
-9,-15,13.753486817906843
-9,-15,5.0
-9,-15,5.0
-9,-15,5.0
-9,-15,5.0
-9,-15,5.0
-9,-15,10.90628505774573
-9,-15,5.0
-9,-15,5.0
-9,-15,5.0
-9,-15,5.0
-9,-15,20.711687715816257
-9,-15,5.0
-8,-15,5.0
-8,-15,5.0
-8,-15,5.0
-8,-15,5.0
-8,-15,5.0
-8,-15,12.19848645981109
-8,-15,5.0
-8,-15,33.90054198440172
-8,-15,14.833305071834179
-8,-15,5.0
-8,-15,5.0
-8,-15,5.0
-8,-15,7.819749517604288
-8,-15,5.0
-8,-15,5.0
-8,-15,12.116370807896331
-8,-15,5.0
-8,-15,5.215365810675471
-8,-15,5.0
-8,-15,17.858277604095107
-8,-14,5.0
-8,-14,5.0
-8,-14,5.0
-8,-14,5.868462192817963
-8,-14,17.289674199780702
-8,-14,11.84333097320499
-8,-14,5.0
-8,-14,15.107463029181769
-8,-14,5.1485336369789465
-8,-14,11.308458839050736
-8,-14,5.0
-8,-14,5.704962625880322
-8,-14,5.0
-8,-14,5.0
-8,-14,14.485438475118023
-8,-14,5.183709037271176
-8,-14,5.0
-8,-14,5.0
-8,-14,5.0
-8,-14,5.0
-7,-14,20.486805214340613
-7,-14,5.0
-7,-14,8.923666293195033
-7,-14,5.0
-7,-14,9.31340387303982
-7,-14,15.764879679158778
-7,-14,12.147558343178574
-7,-14,8.540072939147167
-7,-14,8.858321045494101
-7,-14,5.0
-7,-14,11.127817213239922
-7,-14,10.402269856256066
-7,-14,5.0
-7,-14,42.22688593352976
-7,-14,5.0
-7,-14,5.0
-7,-14,17.471676414204506
-7,-14,5.0
-7,-14,21.022827369895687
-7,-14,6.242317937325629
-6,-14,16.03854460082455
-6,-14,5.0
-6,-14,5.434747274168648
-6,-14,18.25536791320367
-6,-14,7.48690149543973
-6,-14,5.0
-6,-14,14.393688060079453
-6,-14,5.0
-6,-14,5.43425402073761
-6,-14,18.24357407446955
-6,-14,23.609295041885655
-6,-14,16.267636848722855
-6,-14,15.680645217946232
-6,-14,5.0
-6,-14,14.02518102918799
-6,-14,16.4346763488858
-6,-14,5.0
-6,-14,5.0
-6,-14,8.285840119542277
-6,-14,5.502848951200244
-5,-14,17.109529652833242
-5,-14,42.56325420109634
-5,-14,17.346088132326898
-5,-14,18.322718374855896
-5,-14,5.902783862986553
-5,-14,13.269878206307505
-5,-14,14.199592575829588
-5,-14,54.59133401233164
-5,-14,22.255804678336784
-5,-14,18.452797543579322
-5,-14,12.759930689761196
-5,-14,13.331830590478997
-5,-14,13.012112755685306
-5,-14,22.47699734939792
-5,-14,39.881932048287595
-5,-14,26.340476195804158
-5,-14,5.147296864500154
-5,-14,5.0
-5,-14,36.38024714082119
-5,-14,8.16589140982176
-5,-13,13.685309714992462
-5,-13,10.840053054214875
-5,-13,12.060484199711713
-5,-13,24.5644811805061
-5,-13,5.0
-5,-13,5.0
-5,-13,5.0
-5,-13,6.794110010169943
-5,-13,12.485217046515082
-5,-13,11.911494791009432
-5,-13,12.560343684490077
-5,-13,5.637691469894685
-5,-13,18.520884283675507
-5,-13,5.0
-5,-13,11.048478626239458
-5,-13,6.634641267430277
-5,-13,15.270456904479008
-5,-13,12.048936342157136
-5,-13,22.787351672295305
-5,-13,7.2216532128686435
-4,-13,19.01478180575527
-4,-13,21.18187723725083
-4,-13,18.529744131863833
-4,-13,12.944823229769987
-4,-13,16.226712840262913
-4,-13,5.0
-4,-13,5.0
-4,-13,12.953417627305146
-4,-13,29.852941246692037
-4,-13,10.951721062257304
-4,-13,13.079945366459167
-4,-13,7.5939670816353
-4,-13,5.6998194325309814
-4,-13,8.363410722896159
-4,-13,49.4815040405503
-4,-13,5.552699702739236
-4,-13,5.0
-4,-13,11.260870614698627
-4,-13,23.279270501010995
-4,-13,10.037181553509312
-3,-13,20.29780032243919
-3,-13,14.69159243261296
-3,-13,5.0
-3,-13,5.0
-3,-13,15.601049026012856
-3,-13,19.107656461204645
-3,-13,5.0
-3,-13,34.84067962386693
-3,-13,14.212697352697692
-3,-13,11.85094045601874
-3,-13,5.50326945515092
-3,-13,16.057012589706705
-3,-13,5.0
-3,-13,10.683733146805553
-3,-13,10.494315201085179
-3,-13,5.0
-3,-13,12.534664520921543
-3,-13,8.26888310520631
-3,-13,5.0
-3,-13,5.0
-2,-13,5.0
-2,-13,18.518890928524236
-2,-13,5.0
-2,-13,16.877149586266242
-2,-13,6.115284177932236
-2,-13,24.85063223982128
-2,-13,6.603569575088346
-2,-13,18.022559491155256
-2,-13,25.08268370776799
-2,-13,9.486943046810145
-2,-13,17.743748885814313
-2,-13,15.631824684004581
-2,-13,5.0
-2,-13,14.124632800504537
-2,-13,6.840362617793858
-2,-13,5.0
-2,-13,19.558135422806757
-2,-13,5.0
-2,-13,9.576135911046853
-2,-13,25.270831797247364
-1,-13,21.087757225750007
-1,-13,9.504077272023387
-1,-13,15.877153480725973
-1,-13,7.654151438574607
-1,-13,19.068407115593175
-1,-13,21.53579124029328
-1,-13,13.6884766303404
-1,-13,5.0
-1,-13,35.30654949856989
-1,-13,26.114398457296495
-1,-13,12.889818982109423
-1,-13,33.35487942269465
-1,-13,29.0372408243279
-1,-13,5.0
-1,-13,5.0
-1,-13,14.917887957123607
-1,-13,25.566957462966627
-1,-13,11.283322532002911
-1,-13,42.98443976258757
-1,-13,13.473953283206056
-1,-12,5.0
-1,-12,5.0
-1,-12,30.40839105550097
-1,-12,14.493864659664213
-1,-12,13.60607926649502
-1,-12,21.02457106819161
-1,-12,8.358520780042603
-1,-12,16.5596032908428
-1,-12,9.148675133004794
-1,-12,5.0
-1,-12,16.47987749297262
-1,-12,30.103171906291312
-1,-12,7.357689877114284
-1,-12,13.240489412222653
-1,-12,5.0
-1,-12,15.593263717061312
-1,-12,19.52547565526616
-1,-12,5.0
-1,-12,18.71289084995994
-1,-12,10.292833362977337
-2,-12,8.806110382749821
-2,-12,5.0
-2,-12,5.0
-2,-12,5.0
-2,-12,12.11758110824247
-2,-12,5.446741096156752
-2,-12,14.072865177372488
-2,-12,12.09371009318892
-2,-12,6.140210077189021
-2,-12,21.66613199798355
-2,-12,5.0
-2,-12,11.067273877522412
-2,-12,5.0
-2,-12,18.061803993476744
-2,-12,12.71107522536199
-2,-12,37.36625966566271
-2,-12,6.191112094970361
-2,-12,5.0
-2,-12,15.120244099359148
-2,-12,5.0
-1,-12,8.419992436910452
-1,-12,11.365970181178557
-1,-12,7.881583452079453
-1,-12,5.0
-1,-12,23.79764540833281
-1,-12,29.667633743183277
-1,-12,5.0
-1,-12,5.0
-1,-12,14.784539704608633
-1,-12,29.95070759208594
-1,-12,5.0
-1,-12,33.86857070772135
-1,-12,16.959565289905036
-1,-12,11.405993409474668
-1,-12,5.0
-1,-12,16.36241883141234
-1,-12,29.892643054885497
-1,-12,19.66424659108668
-1,-12,5.0
-1,-12,9.499260433143846
-1,-11,18.193319846113823
-1,-11,21.58483868688103
-1,-11,8.535935440792656
-1,-11,13.695342656667375
-1,-11,20.54940570174122
-1,-11,7.530495724252682
-1,-11,8.719348648472533
-1,-11,5.0
-1,-11,5.0
-1,-11,39.169853376396695
-1,-11,7.0302401177158
-1,-11,9.459335092109454
-1,-11,5.0
-1,-11,38.0250125656363
-1,-11,19.674609999862334
-1,-11,23.027286988227626
-1,-11,15.086707112197448
-1,-11,5.0
-1,-11,16.820728158236378
-1,-11,9.223631776176841
-1,-12,18.853349440028474
-1,-12,22.12273899950997
-1,-12,5.0
-1,-12,7.215731123770549
-1,-12,17.604380302415095
-1,-12,19.403144353222253
-1,-12,5.0
-1,-12,18.34569152332526
-1,-12,23.069778651878703
-1,-12,5.0
-1,-12,18.99163981237824
-1,-12,39.98938441918024
-1,-12,5.0
-1,-12,8.660530396321578
-1,-12,19.784998549124193
-1,-12,5.0
-1,-12,23.570082389340758
-1,-12,5.0
-1,-12,17.86430943608282
-1,-12,14.659246478211555
-2,-12,10.6818403593549
-2,-12,12.698384322657592
-2,-12,5.0
-2,-12,30.887443713409947
-2,-12,5.0
-2,-12,18.012911196737235
-2,-12,5.0
-2,-12,18.370126202029823
-2,-12,8.530786447630579
-2,-12,9.150678308058684
-2,-12,8.598451377716062
-2,-12,12.293593583666699
-2,-12,5.0
-2,-12,28.69751861239257
-2,-12,7.423850929632123
-2,-12,14.591738374245914
-2,-12,5.0
-2,-12,23.919111709138527
-2,-12,5.0
-2,-12,27.631820411633395
-1,-12,5.0
-1,-12,5.0
-1,-12,5.0
-1,-12,44.24478168759288
-1,-12,11.20809768212541
-1,-12,11.049336650406374
-1,-12,19.377539768130827
-1,-12,14.269312850509436
-1,-12,15.820153849797302
-1,-12,5.0
-1,-12,5.0
-1,-12,26.697967942702363
-1,-12,5.0
-1,-12,9.69683643515012
-1,-12,7.9132754617161165
-1,-12,5.0
-1,-12,5.0
-1,-12,5.0
-1,-12,16.3982000568413
-1,-12,17.995652913237862
-1,-11,31.334986226350075
-1,-11,33.988577115992115
-1,-11,13.775440042814378
-1,-11,5.361791120394177
-1,-11,35.7993672153601
-1,-11,20.44885597047977
-1,-11,12.804671513046642
-1,-11,5.0
-1,-11,29.923677629195133
-1,-11,28.233667109236972
-1,-11,19.785861932437413
-1,-11,5.6220986369368084
-1,-11,16.598510902156363
-1,-11,18.838414375538026
-1,-11,15.416940322275167
-1,-11,13.908043453838182
-1,-11,23.025668900944066
-1,-11,5.0
-1,-11,20.991241413482378
-1,-11,5.0
0,-11,33.190637548771946
0,-11,8.335847233728934
0,-11,5.0
0,-11,6.2070956459669056
0,-11,10.242766976327161
0,-11,5.0
0,-11,19.006741860187663
0,-11,14.939620543220855
0,-11,5.0
0,-11,9.719841958027265
0,-11,26.894369517105297
0,-11,9.044943101365174
0,-11,6.440250277444844
0,-11,5.593702727232331
0,-11,5.0
0,-11,6.159833206427738
0,-11,16.96104052563163
0,-11,8.986174791392962
0,-11,20.328298440633887
0,-11,7.0295599750658955
0,-10,23.465748778522126
0,-10,5.153903089532135
0,-10,22.900962091656545
0,-10,5.0
0,-10,14.830306834984986
0,-10,9.907582252717201
0,-10,21.428381400143987
0,-10,5.0
0,-10,5.0
0,-10,24.05356345584766
0,-10,5.377723036197418
0,-10,5.0
0,-10,10.30833466065262
0,-10,20.036110862904444
0,-10,25.992886396658665
0,-10,26.863191795916677
0,-10,12.760102384056808
0,-10,23.403269445082067
0,-10,13.645391052152323
0,-10,12.691363483795467
0,-9,8.019714917414749
0,-9,7.079236088124775
0,-9,9.567174099519997
0,-9,15.491692941057304
0,-9,8.136507391068559
0,-9,55.01070634866672
0,-9,20.173327428043795
0,-9,13.78396711659209
0,-9,18.587061575973344
0,-9,18.886158529371173
0,-9,19.64333501055207
0,-9,15.976418267520968
0,-9,18.922720412743814
0,-9,14.615993098550497
0,-9,33.56841109161541
0,-9,33.7897396220039
0,-9,20.337280321691235
0,-9,19.404113488543334
0,-9,5.0
0,-9,26.99745703400962
-1,-9,19.221893237282384
-1,-9,5.0
-1,-9,30.17086573169499
-1,-9,13.121831009925003
-1,-9,13.061120001082699
-1,-9,12.449286177893848
-1,-9,11.163448534534986
-1,-9,13.32736342596662
-1,-9,20.552968249133766
-1,-9,15.64359550798765
-1,-9,19.157435701131867
-1,-9,15.25902838575807
-1,-9,5.0
-1,-9,30.708206159955814
-1,-9,14.562600475995627
-1,-9,17.343194665637988
-1,-9,5.0
-1,-9,5.0
-1,-9,17.32006060829547
-1,-9,21.895747957320914
0,-9,5.0
0,-9,8.381926023735266
0,-9,16.368682675829984
0,-9,15.551110232362158
0,-9,17.398531129986484
0,-9,23.32868831712667
0,-9,28.979745466966914
0,-9,9.46078606252926
0,-9,26.339547180366637
0,-9,14.859871299332234
0,-9,19.58713668555574
0,-9,18.20447032850914
0,-9,19.064288962078397
0,-9,22.279878268613164
0,-9,12.958186976117013
0,-9,39.48062867240083
0,-9,5.0
0,-9,10.565037362144764
0,-9,5.0
0,-9,14.399506665452254
1,-9,15.719274348712368
1,-9,10.403822848825216
1,-9,5.0
1,-9,14.294437693923905
1,-9,42.992628677394066
1,-9,15.221003525947838
1,-9,9.126832761712638
1,-9,15.335853225190546
1,-9,20.43114899402056
1,-9,5.0
1,-9,5.0
1,-9,49.40722380726143
1,-9,10.336478741704783
1,-9,13.142309519273606
1,-9,5.0
1,-9,14.01849611814746
1,-9,5.535368348161187
1,-9,20.854548092517412
1,-9,19.414806490273897
1,-9,11.623598825730223
0,-9,32.15876905537852
0,-9,16.391670894046175
0,-9,35.96879529885114
0,-9,6.140811849228084
0,-9,44.18759357298896
0,-9,12.293686808125427
0,-9,45.91030718747783
0,-9,19.295542189188154
0,-9,37.23452025221397
0,-9,27.407475792468492
0,-9,54.02048135265367
0,-9,8.074553881146578
0,-9,5.0
0,-9,54.46216262076645
0,-9,17.84012261101654
0,-9,15.040245184471065
0,-9,5.022511007492067
0,-9,22.357270760099517
0,-9,29.258287089771663
0,-9,40.8653226722291
-1,-9,17.45649885391403
-1,-9,24.827627120092966
-1,-9,24.70511691994701
-1,-9,17.221407468268666
-1,-9,9.573117094509746
-1,-9,10.878452018147492
-1,-9,23.068493275377822
-1,-9,5.0
-1,-9,9.199706029150416
-1,-9,13.96719072415677
-1,-9,9.328817467987053
-1,-9,10.311828956293198
-1,-9,25.336225858591558
-1,-9,19.214880727441525
-1,-9,22.940272152376842
-1,-9,27.003148417390506
-1,-9,24.677251659998074
-1,-9,8.079057812142846
-1,-9,28.745675962427573
-1,-9,25.21173908435965
0,-9,5.3011442160757785
0,-9,12.978903777681635
0,-9,9.329707515585728
0,-9,5.0
0,-9,22.941645338860464
0,-9,8.227349452347823
0,-9,20.681458271904724
0,-9,26.87859545685732
0,-9,17.32424888014263
0,-9,14.621789739015664
0,-9,15.421819044772114
0,-9,22.001367799574343
0,-9,14.102481706135807
0,-9,37.82149626178035
0,-9,16.60074892091682
0,-9,21.89812730261658
0,-9,17.899808389331703
0,-9,7.239743828629917
0,-9,13.625619131053178
0,-9,13.669880561238948
-1,-9,20.620252852596035
-1,-9,23.192220581149606
-1,-9,17.54548687172051
-1,-9,24.549451141165594
-1,-9,15.277889054161403
-1,-9,5.0
-1,-9,20.378933663908306
-1,-9,8.633389132257502
-1,-9,5.0
-1,-9,7.474721888168697
-1,-9,15.438206080583972
-1,-9,10.250083976416
-1,-9,5.0
-1,-9,24.529166888445264
-1,-9,9.778221119723769
-1,-9,6.902932840938687
-1,-9,28.596999067803054
-1,-9,20.27581017382166
-1,-9,24.02758411770032
-1,-9,5.0
0,-9,35.4671592677977
0,-9,19.90454855363513
0,-9,32.20890935295106
0,-9,17.4382691363481
0,-9,28.894296042690613
0,-9,30.317058725501635
0,-9,9.57225276088148
0,-9,31.467535151299742
0,-9,53.345748371117715
0,-9,52.83212049391014
0,-9,8.447686574061617
0,-9,15.658948488143334
0,-9,15.982397018857304
0,-9,5.0
0,-9,27.973968383112886
0,-9,14.343682422396872
0,-9,26.98278146046669
0,-9,8.682448223625768
0,-9,9.148105243421504
0,-9,57.19337425691689
1,-9,18.74759251706123
1,-9,53.501217902793655
1,-9,37.38958437379128
1,-9,30.37220537481935
1,-9,66.6988013831618
1,-9,15.901790684948322
1,-9,21.693757504332968
1,-9,5.0
1,-9,16.8046661967143
1,-9,24.594439879601847
1,-9,7.447530559532527
1,-9,13.594857262280952
1,-9,29.669965943626238
1,-9,25.505812621414456
1,-9,28.30494377155167
1,-9,21.580607631928267
1,-9,10.846793868642987
1,-9,26.260063235954306
1,-9,12.63757699105189
1,-9,24.516468412725022
2,-9,46.8739991719348
2,-9,5.0
2,-9,20.210461364803287
2,-9,7.868979410208412
2,-9,7.23966530139547
2,-9,25.129951650232186
2,-9,20.858396283437525
2,-9,41.77166354398892
2,-9,22.511779850703718
2,-9,60.626619040323874
2,-9,10.69673487391918
2,-9,14.571204047811568
2,-9,26.547593787565336
2,-9,14.410780098064826
2,-9,17.678687712702445
2,-9,8.8274848184206
2,-9,9.3928787540175
2,-9,15.725626956667169
2,-9,10.136854006584889
2,-9,11.93796298214308
2,-8,5.0
2,-8,9.965109975626277
2,-8,7.209228520215117
2,-8,5.0
2,-8,6.381349745172642
2,-8,29.54160758718219
2,-8,14.035153357802255
2,-8,38.99484666234599
2,-8,16.87781340134441
2,-8,6.012360058253943
2,-8,14.963117808406624
2,-8,11.978068293168759
2,-8,12.92592842111224
2,-8,20.432674789438458
2,-8,12.949759159032569
2,-8,5.1246823450612045
2,-8,30.739819060169435
2,-8,33.19162398065447
2,-8,20.89877931079382
2,-8,11.903375359933488
3,-8,8.117496525376122
3,-8,7.382898415652913
3,-8,8.26583402333354
3,-8,5.0
3,-8,5.0
3,-8,17.543596763999215
3,-8,5.1823677455818355
3,-8,28.605108462378226
3,-8,11.822515917551396
3,-8,5.0
3,-8,6.446185680910377
3,-8,15.257419642912108
3,-8,8.231529155223658
3,-8,5.852084843473429
3,-8,5.66804997712162
3,-8,5.0
3,-8,48.544365607793
3,-8,29.598977662533514
3,-8,21.9695217037304
3,-8,27.799300129735173
4,-8,11.781923988416473
4,-8,35.0812738218966
4,-8,13.623790518452513
4,-8,8.918604047497372
4,-8,18.95505840635811
4,-8,14.481591339777681
4,-8,21.548875396139373
4,-8,5.524610106953496
4,-8,10.86257038547037
4,-8,14.181543574868616
4,-8,20.37249179354963
4,-8,11.437531794024176
4,-8,5.0
4,-8,21.903178153541273
4,-8,7.325352959623575
4,-8,5.0
4,-8,16.647880282752272
4,-8,12.074420941490425
4,-8,9.40101018607514
4,-8,23.80304302292151
4,-9,40.413776972865065
4,-9,20.304488242398815
4,-9,9.434287288425022
4,-9,5.0
4,-9,20.473105278452465
4,-9,9.933874665400804
4,-9,38.75046051068706
4,-9,5.0
4,-9,24.696070458830206
4,-9,23.056159939108603
4,-9,17.06043393143129
4,-9,54.444167938492114
4,-9,20.35176794240533
4,-9,20.030747539967045
4,-9,5.0
4,-9,5.0
4,-9,20.203193524018836
4,-9,9.33888497034458
4,-9,6.324071833660467
4,-9,12.502937952805302
3,-9,18.71072535450079
3,-9,52.08556451601185
3,-9,15.018187392109768
3,-9,11.297308586602899
3,-9,21.421329622876833
3,-9,35.445806677002885
3,-9,13.632916705316298
3,-9,43.59283199236166
3,-9,19.14615566669734
3,-9,5.0
3,-9,12.492315243066042
3,-9,5.0
3,-9,12.678176061291243
3,-9,31.763652875163174
3,-9,22.376709217965942
3,-9,14.956837458774665
3,-9,16.753235095828643
3,-9,10.667786490396827
3,-9,11.986340711224704
3,-9,6.562600155784692
2,-9,16.95664828094986
2,-9,15.720430822098024
2,-9,8.315834456828295
2,-9,6.6163133039477895
2,-9,36.51585581927911
2,-9,9.325530637263146
2,-9,5.0
2,-9,44.38482674827081
2,-9,27.457458272381544
2,-9,19.844812823088255
2,-9,13.925790875089104
2,-9,28.855332748492323
2,-9,49.963663362337016
2,-9,47.57716128160786
2,-9,5.0
2,-9,15.930263602223036
2,-9,15.315479365134678
2,-9,15.231767749892237
2,-9,5.0
2,-9,13.935546845504145
1,-9,5.0
1,-9,5.0
1,-9,17.129612924517236
1,-9,9.18157726314692
1,-9,31.106005210582822
1,-9,20.15094694307078
1,-9,5.9815910471398475
1,-9,38.237218570886775
1,-9,13.538886131127697
1,-9,16.088138572855755
1,-9,8.417154152504427
1,-9,5.0
1,-9,12.309926818788638
1,-9,15.407105711200309
1,-9,28.95182836414697
1,-9,16.67549018980766
1,-9,37.90955261407661
1,-9,6.075497421419641
1,-9,33.23051762791517
1,-9,13.247656041205142
1,-10,8.40288632671634
1,-10,5.0
1,-10,11.602003902287096
1,-10,40.08603434827295
1,-10,15.72428182642019
1,-10,51.37262475704462
1,-10,18.545364986137947
1,-10,14.95719070478161
1,-10,21.27463389994829
1,-10,48.962104210228816
1,-10,23.688970274117683
1,-10,15.405596473740676
1,-10,18.62488668067224
1,-10,5.0
1,-10,20.349888750389358
1,-10,26.949852950214154
1,-10,43.07868405754465
1,-10,19.69400816920698
1,-10,80.94213587771196
1,-10,8.117938372889792
0,-10,10.532867679865397
0,-10,12.449978916989881
0,-10,26.05225796868089
0,-10,5.0
0,-10,14.814547923501891
0,-10,10.357809702422223
0,-10,10.611326015001795
0,-10,11.206917881064097
0,-10,5.0
0,-10,6.3351669461185525
0,-10,23.209221381149504
0,-10,11.377389793714265
0,-10,10.954792022972402
0,-10,20.03144918742086
0,-10,21.941575221323227
0,-10,17.00468517599145
0,-10,26.55751143797488
0,-10,6.532617130749289
0,-10,14.370639716462488
0,-10,15.60245586920431
0,-11,14.123125323561746
0,-11,10.276538795300615
0,-11,21.939016877302308
0,-11,16.824890670141556
0,-11,27.46713636247126
0,-11,22.61102268582282
0,-11,25.85995673640052
0,-11,6.860053832761111
0,-11,5.0
0,-11,14.337221320951246
0,-11,5.0
0,-11,12.676572200989652
0,-11,6.837796696152752
0,-11,22.944235512651655
0,-11,5.0
0,-11,12.296500605328728
0,-11,19.06761448500167
0,-11,54.642321236140596
0,-11,25.51528374518591
0,-11,11.182930642610115
0,-12,14.089861171511414
0,-12,34.68703321847894
0,-12,20.342802118379183
0,-12,13.290673634251599
0,-12,8.189262719056362
0,-12,41.700611417140934
0,-12,12.92860118988793
0,-12,19.3561912403874
0,-12,5.0
0,-12,13.661624407163337
0,-12,21.031349359975835
0,-12,9.792354061613922
0,-12,14.30433050108616
0,-12,14.228851938403038
0,-12,16.101183800347606
0,-12,17.363455640615165
0,-12,6.383512107897168
0,-12,24.878505934611923
0,-12,18.05307701286321
0,-12,5.0
0,-11,16.470123507960086
0,-11,13.55540635774318
0,-11,11.948188738986428
0,-11,5.0
0,-11,17.721002727917337
0,-11,7.8598566736332565
0,-11,14.835269937926107
0,-11,18.99856924669864
0,-11,10.845359125698453
0,-11,19.474480992865903
0,-11,17.876484720244026
0,-11,14.760245771918573
0,-11,13.364707524392587
0,-11,22.67963017041666
0,-11,13.356880466570768
0,-11,9.013916846644385
0,-11,26.310017707685702
0,-11,25.337481398392146
0,-11,20.641211330882136
0,-11,11.958294656795095
1,-11,41.45736906013484
1,-11,30.089652460401215
1,-11,12.44398861800518
1,-11,21.714819162285302
1,-11,19.780039003651716
1,-11,6.447503444590752
1,-11,21.499462760708973
1,-11,22.383665141456277
1,-11,5.0
1,-11,15.051773431161031
1,-11,40.53227165730257
1,-11,24.059408756241787
1,-11,28.394276813631752
1,-11,13.798182698782579
1,-11,46.942355022616184
1,-11,13.957936211982744
1,-11,27.359666938047113
1,-11,15.93652770499955
1,-11,17.774909569530106
1,-11,5.0
1,-12,5.0
1,-12,5.0
1,-12,10.018758748690292
1,-12,5.0
1,-12,9.102652157289356
1,-12,21.993549375504
1,-12,12.355978248022085
1,-12,19.050166734665147
1,-12,10.559077986274774
1,-12,5.0
1,-12,5.0
1,-12,16.99023484630564
1,-12,41.101086276965376
1,-12,20.88761632939104
1,-12,22.675653239718514
1,-12,17.254303595980392
1,-12,5.0
1,-12,46.6638886539062
1,-12,8.090134659118394
1,-12,7.467460800002061
2,-12,6.315768981303435
2,-12,22.002573466313606
2,-12,5.0
2,-12,18.821656253893654
2,-12,15.511781653531976
2,-12,16.67132942804462
2,-12,41.71813436455379
2,-12,13.272410582864923
2,-12,5.0
2,-12,5.0
2,-12,6.645862655281413
2,-12,25.814083886663894
2,-12,32.42496016195687
2,-12,25.971586145098044
2,-12,39.12791052177917
2,-12,5.0
2,-12,18.519408298617144
2,-12,8.655851518205132
2,-12,12.938610377785395
2,-12,13.01540994226588
2,-11,5.0
2,-11,33.46965805199213
2,-11,20.98328179178887
2,-11,15.925528469139078
2,-11,20.72568564469045
2,-11,14.602668711830873
2,-11,5.0
2,-11,5.0
2,-11,19.58411448836485
2,-11,16.770455574518117
2,-11,5.0
2,-11,47.12986609157044
2,-11,7.264386745658474
2,-11,26.9119500838709
2,-11,15.438669566524457
2,-11,5.0
2,-11,16.618781249816145
2,-11,11.22556167572873
2,-11,5.0
2,-11,21.500935293905552
2,-10,20.057504043168414
2,-10,5.0
2,-10,13.90328157778325
2,-10,12.686936242595909
2,-10,5.0
2,-10,16.631046900870874
2,-10,39.69957705914119
2,-10,22.185710266199703
2,-10,22.06580247396656
2,-10,5.0
2,-10,21.9120136893847
2,-10,18.05220254798416
2,-10,20.233472643294252
2,-10,14.541237925035176
2,-10,16.622118569456365
2,-10,9.808448520547886
2,-10,14.288456036284824
2,-10,13.357142476577303
2,-10,25.065898872952793
2,-10,5.0
2,-9,23.562630665803738
2,-9,5.0
2,-9,22.482704752958952
2,-9,9.580453852601305
2,-9,25.841573551342943
2,-9,27.21944295986885
2,-9,12.030148724422114
2,-9,26.807691389323793
2,-9,5.0
2,-9,19.80408951720543
2,-9,11.305810780731058
2,-9,10.36123083702805
2,-9,17.404401527581683
2,-9,34.641715521062366
2,-9,23.561119841034735
2,-9,23.84228385194172
2,-9,25.09741133451604
2,-9,9.143917702638834
2,-9,24.127437999923874
2,-9,47.58273243360225
3,-9,5.0
3,-9,9.804707893470905
3,-9,11.758928927189856
3,-9,20.83086776431791
3,-9,30.68712600633252
3,-9,18.677424090585006
3,-9,16.924373785960732
3,-9,19.060008694930772
3,-9,18.22560418873182
3,-9,10.404380861368136
3,-9,16.695593003598972
3,-9,21.69951410639367
3,-9,11.808959145460328
3,-9,34.29932572353553
3,-9,8.698970172217145
3,-9,32.77982776973658
3,-9,13.229409557456634
3,-9,36.48801178806535
3,-9,28.66633892187919
3,-9,28.07054705112101
2,-9,67.48732584012447
2,-9,15.976954634691687
2,-9,14.952108672215665
2,-9,17.976647341817095
2,-9,23.119325856686974
2,-9,11.93045581184342
2,-9,48.50853497780875
2,-9,5.0
2,-9,19.735026225835767
2,-9,16.72626472616648
2,-9,5.0
2,-9,23.68219819752425
2,-9,26.46306904242493
2,-9,22.24258625528478
2,-9,7.039048716499842
2,-9,11.775978062003142
2,-9,5.0
2,-9,31.36090732218153
2,-9,28.32605349767674
2,-9,39.57663308214819
2,-8,10.577609936131015
2,-8,28.882045864487818
2,-8,12.871800371352457
2,-8,30.275318073783765
2,-8,30.373916176430267
2,-8,16.596614896724418
2,-8,14.348214683558849
2,-8,36.834840166373034
2,-8,5.0
2,-8,18.921460207980626
2,-8,22.775297032422582
2,-8,22.908865427812565
2,-8,12.004302627005544
2,-8,5.0
2,-8,7.309318887176897
2,-8,19.54352270680014
2,-8,10.304640835400825
2,-8,44.45238976938609
2,-8,38.42718848881874
2,-8,13.118319134977375
2,-9,5.0
2,-9,5.0
2,-9,14.094625856969849
2,-9,16.060558988959684
2,-9,12.251596881827567
2,-9,5.556198111272991
2,-9,8.931816239585972
2,-9,45.97126928478187
2,-9,64.96173002269965
2,-9,10.675913247340446
2,-9,20.742092658765635
2,-9,14.265986074586207
2,-9,5.0
2,-9,17.352205008545145
2,-9,17.95566937398639
2,-9,7.539864063666869
2,-9,5.0
2,-9,15.328202968664723
2,-9,10.245954960897716
2,-9,17.92372821268362
3,-9,19.176500314887846
3,-9,9.329881231844919
3,-9,9.510345234085962
3,-9,6.689703377754524
3,-9,17.87415277498999
3,-9,6.971268451773602
3,-9,9.488917375901906
3,-9,15.212719712226013
3,-9,10.271234735230825
3,-9,13.252882959326612
3,-9,21.275468487365906
3,-9,11.294021405402113
3,-9,36.96888675109174
3,-9,18.351114773560077
3,-9,17.310375618081856
3,-9,12.00817550528927
3,-9,16.810690897551105
3,-9,5.0
3,-9,17.84254437186097
3,-9,11.717825564199785
3,-8,5.0
3,-8,10.55042277890426
3,-8,11.131506039639252
3,-8,25.577615810062
3,-8,22.14784754963634
3,-8,10.905159866709083
3,-8,22.266524657826572
3,-8,42.128361296928304
3,-8,21.90112708818969
3,-8,16.112525238831807
3,-8,22.227232548631257
3,-8,50.50881823854654
3,-8,19.277789876799726
3,-8,13.702794461075936
3,-8,19.433535896206898
3,-8,13.00729780003805
3,-8,5.0
3,-8,7.182060750076882
3,-8,5.521848668400696
3,-8,5.0
4,-8,24.951160765529373
4,-8,27.543862286949825
4,-8,36.94452008664186
4,-8,5.810701232029414
4,-8,17.393381969692772
4,-8,24.911761825165
4,-8,15.216866690231727
4,-8,5.0
4,-8,13.92038891905178
4,-8,17.70973014616753
4,-8,23.069074055859602
4,-8,19.60307821708125
4,-8,16.871925751438805
4,-8,10.436099693371936
4,-8,16.327242483665913
4,-8,24.951364859654287
4,-8,30.506273177509197
4,-8,35.796090271109975
4,-8,5.0
4,-8,5.0
5,-8,14.70236786905785
5,-8,14.949674216839206
5,-8,5.806464410209918
5,-8,17.49604780608757
5,-8,5.0
5,-8,15.241504251516478
5,-8,20.517219314468253
5,-8,5.341476905125569
5,-8,14.41596034417283
5,-8,26.57410919599168
5,-8,16.688490397516638
5,-8,21.07828781626823
5,-8,24.41578263825528
5,-8,18.5721122349825
5,-8,18.028124492381487
5,-8,10.98077710159469
5,-8,59.14786335704223
5,-8,5.0
5,-8,5.0
5,-8,13.933140580941425
6,-8,5.0
6,-8,21.072456567007727
6,-8,13.525995010324191
6,-8,20.605552710364567
6,-8,23.576499946541688
6,-8,5.0
6,-8,31.395012043924634
6,-8,28.834366613676558
6,-8,21.918493873990933
6,-8,24.018162661624743
6,-8,9.37700983346494
6,-8,5.0
6,-8,16.793049586919985
6,-8,9.832544182917323
6,-8,9.282263806116003
6,-8,25.38006575997844
6,-8,23.87566640222704
6,-8,20.609515523279978
6,-8,15.860659562358796
6,-8,11.461564110193537
6,-7,15.409722344259805
6,-7,10.11741415655342
6,-7,27.06359286349901
6,-7,42.744981447596714
6,-7,5.026993277819676
6,-7,14.961142159418104
6,-7,14.708861795917109
6,-7,16.85784353344692
6,-7,23.06298196794751
6,-7,18.374694673579107
6,-7,5.0
6,-7,31.338281264948886
6,-7,6.22367553831288
6,-7,5.0
6,-7,16.107802077444514
6,-7,26.338933476157266
6,-7,21.692102714155858
6,-7,5.0
6,-7,23.81786992700836
6,-7,7.256475214285846
6,-6,33.52278968372039
6,-6,21.436941653556786
6,-6,12.444158285894893
6,-6,29.356229418067283
6,-6,5.0
6,-6,28.546735152608534
6,-6,37.13887598347953
6,-6,16.634630630740784
6,-6,18.156972241655794
6,-6,40.68507501645115
6,-6,12.8727453937702
6,-6,10.591706489195193
6,-6,14.844660216217765
6,-6,40.18851137739394
6,-6,15.23116380125622
6,-6,31.67160335179689
6,-6,12.959806398201815
6,-6,40.503783685052966
6,-6,14.78173158416551
6,-6,24.180864000140627
7,-6,17.44168167282015
7,-6,13.407428433614893
7,-6,5.0
7,-6,43.262348677232445
7,-6,7.861275884271334
7,-6,5.0
7,-6,5.0
7,-6,18.048695494394604
7,-6,17.651655537909434
7,-6,14.248759388187768
7,-6,27.642071426922517
7,-6,15.045346978035623
7,-6,10.51798966239491
7,-6,5.0
7,-6,8.423421906501424
7,-6,25.348470269646853
7,-6,6.77022369626796
7,-6,17.484497764811994
7,-6,10.30039281859402
7,-6,23.556264994390737
7,-7,6.838387900532148
7,-7,7.8048165596302805
7,-7,5.0
7,-7,22.596123306242546
7,-7,41.57599681997756
7,-7,35.85011804150486
7,-7,15.915504450171857
7,-7,29.847955987413734
7,-7,24.08537961180209
7,-7,13.744262343374672
7,-7,15.702158264380373
7,-7,7.182003206505015
7,-7,39.73831236803508
7,-7,6.012433241537636
7,-7,17.54840981174671
7,-7,27.60082892918038
7,-7,12.162434524759611
7,-7,15.937721859982354
7,-7,19.64715757609107
7,-7,17.69195478927855
6,-7,16.918769373471957
6,-7,13.278894254862397
6,-7,21.9465204376791
6,-7,13.548365713302854
6,-7,10.817369432616559
6,-7,10.472486033599479
6,-7,32.217131658364565
6,-7,17.86334596668444
6,-7,5.0
6,-7,5.0
6,-7,5.0
6,-7,16.060344804389853
6,-7,8.156029128800323
6,-7,16.556530098718035
6,-7,7.0771089550652455
6,-7,22.234324988888112
6,-7,7.912344902387343
6,-7,9.309293235261894
6,-7,9.296392474870968
6,-7,42.10682788515496
7,-7,13.234244025206628
7,-7,5.0
7,-7,20.723169457013512
7,-7,9.052660444951444
7,-7,8.925513333915585
7,-7,13.220292620594428
7,-7,18.22895794400466
7,-7,26.37192795723366
7,-7,5.0
7,-7,12.041447939368101
7,-7,50.355635860087375
7,-7,13.851860168359908
7,-7,5.0
7,-7,11.89612992788606
7,-7,15.464935504606972
7,-7,9.26033666008384
7,-7,15.325889930784651
7,-7,5.0
7,-7,5.0
7,-7,17.520663674237937
8,-7,14.135061394384591
8,-7,16.854666283952714
8,-7,46.69458784813025
8,-7,28.64930937282127
8,-7,5.0
8,-7,17.334456712019453
8,-7,13.731848385647321
8,-7,18.983189510890128
8,-7,19.755816715060835
8,-7,14.095285031763437
8,-7,6.362955375641543
8,-7,17.664275978447108
8,-7,17.36145560879242
8,-7,32.117250867922344
8,-7,25.928130979640457
8,-7,19.04606994876344
8,-7,39.71974568301299
8,-7,23.65402269061108
8,-7,7.145741331801046
8,-7,18.593422817365482
8,-6,19.52328205509064
8,-6,9.739633015174851
8,-6,5.0
8,-6,11.030323132313992
8,-6,19.27629914184569
8,-6,5.0
8,-6,10.108188727121748
8,-6,21.307268071462232
8,-6,11.580285659622403
8,-6,29.249421609408998
8,-6,39.917574380091246
8,-6,5.0
8,-6,26.51981876446585
8,-6,25.42636165167909
8,-6,16.115695622683674
8,-6,30.056026117277497
8,-6,7.9855978524320435
8,-6,15.100371042163072
8,-6,6.63704900168825
8,-6,25.819303528906495
7,-6,20.99252795548876
7,-6,22.352874190088464
7,-6,5.0
7,-6,11.584316990187197
7,-6,36.52221069476229
7,-6,5.0
7,-6,38.01807107156757
7,-6,5.0
7,-6,19.706372235400615
7,-6,16.89222697725119
7,-6,20.152998341611084
7,-6,19.74987002963416
7,-6,14.652659488678536
7,-6,6.187221709331524
7,-6,23.015661188281257
7,-6,9.927131520792997
7,-6,7.620936991501667
7,-6,28.749414328010154
7,-6,19.557412906726547
7,-6,17.418174103777364
7,-5,27.249149587837387
7,-5,18.80397572251419
7,-5,17.575065226152375
7,-5,42.28928380632473
7,-5,27.690882457865676
7,-5,11.758964875615005
7,-5,19.301557013538247
7,-5,12.392290838859411
7,-5,5.0
7,-5,5.0
7,-5,16.59745774619758
7,-5,5.0
7,-5,35.52371482614723
7,-5,27.30141661947676
7,-5,24.240713856651034
7,-5,19.728125302467777
7,-5,14.51789534136464
7,-5,8.497416917268094
7,-5,18.90015769691925
7,-5,16.516069574424215
7,-4,5.0
7,-4,41.11603890176863
7,-4,12.330207802997869
7,-4,11.781260775772488
7,-4,22.398978364571157
7,-4,5.0
7,-4,17.31473408924517
7,-4,14.575776215107865
7,-4,25.69807590361562
7,-4,14.4809411985294
7,-4,25.30995141978686
7,-4,23.753971087595453
7,-4,49.70635312842643
7,-4,10.16268630283842
7,-4,16.40171014223863
7,-4,22.660139654903617
7,-4,15.089876162711956
7,-4,32.501259476199024
7,-4,48.072657351970335
7,-4,28.069684126107113
8,-4,40.9770234641459
8,-4,19.14404840875699
8,-4,20.122271679618663
8,-4,5.0
8,-4,18.410184020613833
8,-4,41.27471857444493
8,-4,21.526087922143724
8,-4,30.38073429589658
8,-4,13.673395572265518
8,-4,5.115800329135222
8,-4,31.002672477262777
8,-4,38.977489698194205
8,-4,5.0
8,-4,21.37195958616732
8,-4,13.44078545455587
8,-4,5.0
8,-4,24.73974264253708
8,-4,39.33366756012766
8,-4,14.876780415218008
8,-4,24.91497771698655
9,-4,6.020488771217412
9,-4,10.264373386158471
9,-4,26.456423398636176
9,-4,33.53961222505025
9,-4,19.943362212941878
9,-4,18.881754200194905
9,-4,5.0
9,-4,20.96541686131239
9,-4,8.185374801881693
9,-4,19.727907737302267
9,-4,16.339039850061422
9,-4,5.0
9,-4,13.942759522810489
9,-4,13.19456454288084
9,-4,28.562464831778108
9,-4,6.167746873413124
9,-4,26.875129556482797
9,-4,15.107899357800301
9,-4,31.66818701968745
9,-4,11.468546124470135
9,-3,48.152097895809334
9,-3,15.473935773297981
9,-3,16.380526529788877
9,-3,5.0
9,-3,28.71772055676243
9,-3,5.0
9,-3,33.199520452791255
9,-3,16.709010585836413
9,-3,5.445999217114688
9,-3,12.093340333851105
9,-3,19.07919614835791
9,-3,5.052558338726595
9,-3,13.909711825089582
9,-3,7.054715186756311
9,-3,18.190609768931886
9,-3,12.932436018525868
9,-3,10.6551373832295
9,-3,15.31217150118517
9,-3,15.169392401531331
9,-3,10.882510265235783
9,-2,20.080964489562177
9,-2,23.506141350725812
9,-2,5.0
9,-2,9.47339505248679
9,-2,39.68869756873482
9,-2,14.348089463672842
9,-2,5.0
9,-2,19.199462988209437
9,-2,16.324993324712533
9,-2,19.343490887300597
9,-2,22.877082348995366
9,-2,13.4842028277978
9,-2,16.526769436171083
9,-2,18.44522185936888
9,-2,9.843492070677247
9,-2,22.683277363872072
9,-2,15.014060951372052
9,-2,10.112085294562883
9,-2,23.90776298862537
9,-2,5.0
10,-2,13.433481217129552
10,-2,11.49308128347489
10,-2,40.9867837284648
10,-2,32.362638596091685
10,-2,13.643248588424475
10,-2,5.0
10,-2,34.8168545679638
10,-2,18.052567990368473
10,-2,25.529757181248783
10,-2,8.265402207229554
10,-2,5.0
10,-2,5.0
10,-2,22.87432785924232
10,-2,15.129903768223235
10,-2,14.651083943833703
10,-2,5.0
10,-2,11.061051036669562
10,-2,5.0
10,-2,37.106858087044614
10,-2,21.053261477636177
9,-2,23.60456613464996
9,-2,10.564693757843553
9,-2,14.38208105444603
9,-2,9.48154982959328
9,-2,6.015818893952222
9,-2,12.930888965178193
9,-2,21.675222323032596
9,-2,5.0
9,-2,30.558546264835048
9,-2,18.68376967036112
9,-2,33.32761182686294
9,-2,6.498013002069751
9,-2,27.90773530655824
9,-2,26.8396130658513
9,-2,18.901902436158508
9,-2,20.7127873779258
9,-2,12.812851348195142
9,-2,40.00785685004577
9,-2,14.834118666301181
9,-2,20.954470442048432
10,-2,18.19827269518361
10,-2,19.87923904474659
10,-2,13.684998279555181
10,-2,11.919021133898172
10,-2,14.324245622755484
10,-2,19.838630817157746
10,-2,7.532045801790021
10,-2,33.18499166228734
10,-2,5.0
10,-2,26.820362395122405
10,-2,10.449894327803097
10,-2,18.497187397064906
10,-2,10.186420247040463
10,-2,13.414115361691636
10,-2,28.157624244040477
10,-2,5.0
10,-2,17.177418831471183
10,-2,11.163150826717443
10,-2,9.397191579644634
10,-2,16.48640159472573
10,-1,5.0
10,-1,51.966604778523674
10,-1,16.7100103373917
10,-1,16.274436272371194
10,-1,9.893264041779029
10,-1,17.778523298780893
10,-1,5.0
10,-1,15.910608320826974
10,-1,32.23839993487848
10,-1,7.049771431402023
10,-1,34.72146112369871
10,-1,6.09928097958878
10,-1,23.34430835535221
10,-1,6.425699158897237
10,-1,5.0
10,-1,16.898962774642115
10,-1,10.208305938104417
10,-1,18.37178878948187
10,-1,25.060127618750453
10,-1,6.207272290438675
11,-1,8.093827781059275
11,-1,6.850743102631461
11,-1,5.0
11,-1,9.943160266584263
11,-1,15.004479366821833
11,-1,6.766022149640758
11,-1,14.557709818537841
11,-1,18.8848921271116
11,-1,12.911663235295265
11,-1,5.0
11,-1,5.0
11,-1,10.018964980445222
11,-1,20.788640324314134
11,-1,24.197586350622334
11,-1,5.0
11,-1,8.96566047623877
11,-1,13.519524895389331
11,-1,7.799756429671023
11,-1,17.49002649117542
11,-1,23.35022587225258
11,0,12.235960377034417
11,0,5.0
11,0,16.8520661324439
11,0,5.0
11,0,24.71293893155514
11,0,11.476098938161709
11,0,7.165873685747178
11,0,14.645366934285425
11,0,5.0
11,0,20.013798549319773
11,0,25.512181730112083
11,0,5.106731474552692
11,0,11.69804689440944
11,0,24.18251327119456
11,0,23.934319907767883
11,0,23.148229903182585
11,0,31.31366277483116
11,0,10.830002113438903
11,0,12.201062734463443
11,0,18.89200263609049
12,0,5.0
12,0,27.060061807949985
12,0,5.0
12,0,11.505826558170227
12,0,35.34762462087993
12,0,55.161681872811116
12,0,5.0
12,0,5.0
12,0,5.0
12,0,27.25480012443655
12,0,18.979449735813546
12,0,5.0
12,0,10.235982835631399
12,0,5.0
12,0,13.594872445901185
12,0,33.28438087756132
12,0,11.80315983429399
12,0,24.354345586755187
12,0,8.09142318066219
12,0,5.0
12,1,33.75750306215694
12,1,5.0
12,1,18.838679463187717
12,1,31.465308760205588
12,1,7.542407108906605
12,1,18.324319562997037
12,1,28.21463301024778
12,1,20.999079245787744
12,1,15.105282424183411
12,1,5.0
12,1,17.17915108381002
12,1,8.667745614929517
12,1,5.0
12,1,13.216669788908124
12,1,5.0
12,1,13.763303332998113
12,1,39.414444786911154
12,1,5.0
12,1,5.0
12,1,43.26617915759588
12,2,16.525688570812356
12,2,40.86083741642882
12,2,37.242692053771236
12,2,5.0
12,2,25.598450224842672
12,2,16.93408534922658
12,2,5.0
12,2,10.124057844241385
12,2,13.475750202321631
12,2,19.237594731378856
12,2,20.07985139915865
12,2,15.166411746476504
12,2,5.0
12,2,14.506812878916895
12,2,14.037759174714378
12,2,33.00416854293957
12,2,6.021055535872747
12,2,20.97233835289574
12,2,28.380694715715556
12,2,5.0
13,2,5.0
13,2,5.0
13,2,18.930517033066202
13,2,7.195304158317522
13,2,5.0
13,2,18.01708118468032
13,2,33.14271742235898
13,2,41.69961848301085
13,2,58.04748508420069
13,2,16.41148011913386
13,2,5.0
13,2,8.923824508162896
13,2,13.332143258435316
13,2,12.381196979284951
13,2,5.0
13,2,5.281845085768009
13,2,6.918866514535708
13,2,19.794940138432068
13,2,5.0
13,2,5.0
13,3,5.741522666312156
13,3,46.86575272057812
13,3,5.0195246032787635
13,3,5.0
13,3,7.0672083367115865
13,3,5.009039661458438
13,3,36.02348764834795
13,3,14.808195998788861
13,3,20.59301549801131
13,3,5.0
13,3,7.109577487986336
13,3,11.079655443414492
13,3,46.483967106336976
13,3,20.19957346387433
13,3,8.593442867865607
13,3,9.207383145829542
13,3,18.42111207281781
13,3,24.530393317841913
13,3,25.9632948511007
13,3,8.315944842009355
12,3,8.475532844473374
12,3,14.00988424545528
12,3,5.0
12,3,19.648381416539728
12,3,15.87931365052101
12,3,27.97725452617226
12,3,21.383976203476017
12,3,37.57338594495351
12,3,12.911598662530555
12,3,9.096133082080799
12,3,5.0
12,3,13.243597961509716
12,3,19.850034493973396
12,3,5.0
12,3,7.017249763534423
12,3,5.359572190306913
12,3,11.289503456691499
12,3,15.116637189011378
12,3,7.381630765664049
12,3,20.246535814586746
12,4,5.0
12,4,14.954200421908705
12,4,15.561459309985501
12,4,5.0
12,4,38.02991419356427
12,4,7.799570918110579
12,4,5.0
12,4,14.562520746455881
12,4,30.934801215270618
12,4,5.0
12,4,7.794753371979573
12,4,36.673038459577604
12,4,10.968487086015465
12,4,73.30941490474731
12,4,16.89096259594678
12,4,11.267526649971279
12,4,15.241413522488283
12,4,6.625791622446444
12,4,7.704556581182797
12,4,26.543414782170252
13,4,5.0
13,4,5.0
13,4,5.0
13,4,5.210095877504738
13,4,15.700526484450954
13,4,27.479285056264352
13,4,18.08929058877648
13,4,15.98439024285954
13,4,10.705578295450506
13,4,33.79923028942361
13,4,23.715052146466533
13,4,16.393512679224887
13,4,31.173030606582394
13,4,40.85111538309748
13,4,20.100428952333633
13,4,7.776100225524629
13,4,5.0
13,4,5.0
13,4,5.0
13,4,12.26376609571151
12,4,19.922326017623273
12,4,22.902744539822752
12,4,26.34524620384677
12,4,10.873876449109018
12,4,20.312604309958537
12,4,57.730462284898366
12,4,5.0
12,4,5.0
12,4,21.76718279592816
12,4,6.443621865708085
12,4,18.59092979855445
12,4,11.596237863894473
12,4,15.27634407184792
12,4,13.958448415345224
12,4,22.564604439143842
12,4,22.37024440411601
12,4,5.0
12,4,17.179313573836346
12,4,9.682841470846027
12,4,8.141121116235457
12,5,5.0
12,5,8.119250804204768
12,5,5.0
12,5,32.45704893948029
12,5,12.35972103670626
12,5,17.169002920963482
12,5,16.118993309384347
12,5,18.20681543684175
12,5,14.105311904208481
12,5,5.0
12,5,5.0
12,5,23.01139255672984
12,5,29.865298916112643
12,5,5.0
12,5,18.37525735329962
12,5,30.56115141358499
12,5,5.0
12,5,5.0
12,5,26.962224101827047
12,5,9.699036883266677
13,5,5.0
13,5,15.764909664696798
13,5,22.273735690470218
13,5,8.746664157785291
13,5,14.293771182609625
13,5,23.802661617001366
13,5,5.0
13,5,5.0
13,5,5.104251644995236
13,5,12.818550869294736
13,5,5.0
13,5,5.0
13,5,28.735888075297282
13,5,5.0
13,5,33.504094627424834
13,5,22.390762922112938
13,5,12.241135370892286
13,5,16.155783016700344
13,5,6.168371932093888
13,5,5.0
14,5,5.0
14,5,7.896725161460335
14,5,5.0
14,5,49.77227872063099
14,5,35.77100400728082
14,5,5.463090493941669
14,5,20.783851880853447
14,5,39.57106555478239
14,5,11.842595602191647
14,5,13.773746815381887
14,5,27.917526889373704
14,5,11.814406319992598
14,5,42.09841159915982
14,5,9.57838330016627
14,5,5.0
14,5,5.999062989872948
14,5,19.557251712249517
14,5,12.612557709966392
14,5,13.88988165986623
14,5,5.0
13,5,43.1716604891279
13,5,18.771741021801418
13,5,23.119823576096604
13,5,5.0
13,5,17.74327416728401
13,5,9.636191978754177
13,5,27.728789921117965
13,5,47.44338870919776
13,5,13.067112580567628
13,5,5.0
13,5,6.453258451345055
13,5,11.658999849035624
13,5,5.0
13,5,5.0
13,5,18.123655622707957
13,5,31.32767485525493
13,5,17.661216240863084
13,5,22.604147027739696
13,5,5.0
13,5,5.0
13,4,16.421319961824373
13,4,14.036898977532296
13,4,47.04810337986786
13,4,5.0
13,4,6.260647943034716
13,4,31.2521534902271
13,4,5.055904913240889
13,4,12.98228390689323
13,4,10.312850708518688
13,4,52.76099762414529
13,4,18.72403560711824
13,4,10.040342034411077
13,4,16.062373771286556
13,4,5.0
13,4,34.79131568500409
13,4,5.0
13,4,20.108315993857598
13,4,5.0
13,4,11.485388366376638
13,4,7.115049726063419
14,4,5.0
14,4,8.238242280206201
14,4,8.095560949112635
14,4,10.761543153085128
14,4,5.0
14,4,23.50116562210754
14,4,13.181915064257685
14,4,15.575138750623351
14,4,12.772292743719614
14,4,5.0
14,4,10.421107401328284
14,4,9.531794104007277
14,4,18.52225902250719
14,4,11.041684264276364
14,4,9.432938611673839
14,4,5.0
14,4,6.931438619337214
14,4,5.0
14,4,5.0
14,4,8.516320075037049
14,5,5.0
14,5,5.0
14,5,5.972863584865082
14,5,34.134556808718145
14,5,21.468611986000756
14,5,9.713207454443012
14,5,12.301378985104943
14,5,8.386008657353583
14,5,6.8220401114984695
14,5,16.777352924442038
14,5,5.0
14,5,31.213909805903512
14,5,5.0
14,5,15.088181141319641
14,5,32.10033418670239
14,5,17.9841808877317
14,5,5.0
14,5,8.105453562159287
14,5,14.074955635110388
14,5,6.05161292427179
15,5,20.87358421392282
15,5,7.39063130688955
15,5,5.0
15,5,7.253955640403779
15,5,5.0
15,5,17.450968278016653
15,5,5.0
15,5,14.98990682434767
15,5,5.0
15,5,5.105474349935107
15,5,14.801491325948177
15,5,5.0
15,5,36.896269032346325
15,5,5.0
15,5,5.0
15,5,5.0
15,5,16.005878035658945
15,5,5.0
15,5,24.696076708312763
15,5,14.682886248519534
16,5,5.0
16,5,5.0
16,5,5.0
16,5,16.78814518072683
16,5,14.872098959321834
16,5,5.0
16,5,23.429338604668494
16,5,12.42466691855299
16,5,5.0
16,5,16.37658701115511
16,5,5.0
16,5,13.896569819663734
16,5,23.52628660934008
16,5,8.831372038689711
16,5,10.978967132430897
16,5,5.0
16,5,5.0
16,5,11.599585294165514
16,5,5.0
16,5,18.69715390791488
17,5,14.104384810445797
17,5,5.0
17,5,5.0
17,5,24.860592851834568
17,5,15.84331544536871
17,5,5.0
17,5,26.685970472493157
17,5,18.368362740053897
17,5,5.0
17,5,5.0
17,5,30.355356191965722
17,5,5.0
17,5,5.0
17,5,13.613626729931982
17,5,5.999794433736913
17,5,9.093947511620339
17,5,5.0038519231575815
17,5,15.371313163664736
17,5,9.844256113924486
17,5,12.125552893244727
18,5,6.549900000749152
18,5,12.148650702764183
18,5,5.0
18,5,5.0
18,5,5.0
18,5,28.903733917962718
18,5,5.0
18,5,5.0
18,5,5.0
18,5,5.0
18,5,6.201098022490413
18,5,6.647865022818528
18,5,5.0
18,5,7.183460638387758
18,5,9.103691008367095
18,5,35.74323016740929
18,5,5.0
18,5,11.720640230982905
18,5,5.0
18,5,5.0
18,6,5.0
18,6,5.0
18,6,32.1061636277376
18,6,22.56684621105677
18,6,5.0
18,6,5.0
18,6,7.253492205810145
18,6,6.984811805720982
18,6,9.050679082713875
18,6,5.0
18,6,5.0
18,6,5.0
18,6,8.14278986870341
18,6,13.209376133043166
18,6,6.245461292800744
18,6,7.073231648552026
18,6,9.717122076674478
18,6,17.663108261885732
18,6,6.890558134230634
18,6,5.0
18,7,5.0
18,7,5.0
18,7,5.0
18,7,13.164282790091981
18,7,14.56435833775637
18,7,12.941906160373156
18,7,5.0
18,7,5.0
18,7,8.997135367220988
18,7,5.0
18,7,5.0
18,7,5.932726363138522
18,7,5.0
18,7,5.0
18,7,26.081993084505164
18,7,26.83144735128218
18,7,18.05174181739253
18,7,5.0
18,7,13.673454436545903
18,7,14.167439205538434
18,8,5.0
18,8,11.277757193832278
18,8,5.449200419042236
18,8,5.0
18,8,5.0
18,8,5.0
18,8,12.815539922743021
18,8,15.797455537524398
18,8,5.0
18,8,5.0
18,8,11.906008816634069
18,8,5.0
18,8,5.0
18,8,8.327249184398495
18,8,5.0
18,8,6.303994539791003
18,8,8.200058002867117
18,8,5.0
18,8,5.0
18,8,38.705333834100315
19,8,5.0
19,8,5.0
19,8,12.509506754102194
19,8,20.156112855433324
19,8,9.728111688299672
19,8,5.0
19,8,5.0
19,8,13.702954423312402
19,8,5.041109485788969
19,8,10.366842972203724
19,8,7.192842673978509
19,8,7.345216069266993
19,8,10.75365206824301
19,8,5.0
19,8,5.0
19,8,17.52231272668806
19,8,25.025880875015357
19,8,40.02082866418414
19,8,13.121858915368641
19,8,5.0
20,8,35.8414690316577
20,8,5.0
20,8,5.0
20,8,5.0
20,8,5.0
20,8,5.0
20,8,5.0
20,8,5.0
20,8,5.0
20,8,14.098449379879318
20,8,5.0
20,8,5.0
20,8,5.0
20,8,5.0
20,8,5.0
20,8,9.506966143417525
20,8,5.0
20,8,9.315892560990243
20,8,5.0
20,8,7.021063156285282
19,8,8.388191957920355
19,8,5.0
19,8,12.5606106347663
19,8,13.644931708314914
19,8,8.82972329357402
19,8,13.236067763460055
19,8,5.0
19,8,5.0
19,8,5.0
19,8,5.0
19,8,10.434374518357142
19,8,5.0
19,8,15.236797166731732
19,8,5.0
19,8,5.0
19,8,5.6905232173493365
19,8,5.0
19,8,5.0
19,8,5.0
19,8,5.0
18,8,15.104545089577222
18,8,5.0
18,8,5.0
18,8,7.508211950690116
18,8,5.0
18,8,5.0
18,8,5.0
18,8,5.0
18,8,5.0
18,8,5.0
18,8,5.0
18,8,13.399881507294506
18,8,5.3398824715057
18,8,5.623417070639216
18,8,5.0
18,8,5.0
18,8,11.11738183348205
18,8,5.0
18,8,15.929536252933879
18,8,5.0
17,8,11.311902795650294
17,8,5.0
17,8,22.097881298755816
17,8,7.917331710985778
17,8,5.0
17,8,11.185969308270275
17,8,11.747610568567092
17,8,5.0
17,8,5.0
17,8,5.0
17,8,5.0
17,8,8.926580686175033
17,8,5.0
17,8,5.0
17,8,5.978196522117605
17,8,5.0
17,8,5.0
17,8,5.0
17,8,5.0
17,8,13.547592407682007
16,8,7.002510883060054
16,8,16.851471101106927
16,8,5.0
16,8,5.0
16,8,24.46311928091014
16,8,5.0
16,8,8.274752620416889
16,8,13.11372499904666
16,8,10.8659659691841
16,8,12.17441205837834
16,8,5.0
16,8,33.59159103199533
16,8,21.175035316157192
16,8,14.614333891294406
16,8,5.0
16,8,5.0
16,8,33.29139773225404
16,8,16.673402633354232
16,8,5.707738363856837
16,8,15.213299273323234
15,8,9.967820054747769
15,8,23.515095596448077
15,8,32.833216753717934
15,8,5.0
15,8,12.043832373328208
15,8,17.96953853098296
15,8,13.061218379972942
15,8,5.0
15,8,40.993338743872656
15,8,6.844454025424277
15,8,5.9986323597471305
15,8,17.013836205863143
15,8,17.48750894912093
15,8,6.587463609026848
15,8,5.0
15,8,13.515864695404414
15,8,32.995693808578615
15,8,5.037211427667729
15,8,6.299954819011903
15,8,8.297374977940107
14,8,10.924487732788375
14,8,12.314054167065134
14,8,14.423385045498174
14,8,11.346998307625874
14,8,5.093540861419648
14,8,9.75096442991898
14,8,5.0
14,8,13.559137383159804
14,8,5.749274692854955
14,8,7.05961580036458
14,8,12.901499984313226
14,8,5.116010913192334
14,8,9.928859928305833
14,8,19.788703625976044
14,8,6.90547686833558
14,8,17.371413874173236
14,8,5.0
14,8,13.610676728445302
14,8,13.802477843791781
14,8,16.92135487706694
13,8,15.28365730794865
13,8,5.0
13,8,16.038106526525404
13,8,5.0
13,8,5.0
13,8,15.54794215418113
13,8,41.59522580540056
13,8,8.817784333889508
13,8,15.352126464018404
13,8,12.455486724414106
13,8,11.87488981965367
13,8,9.866304529350748
13,8,10.064993420215458
13,8,5.0
13,8,5.0
13,8,6.470175849084678
13,8,9.129335415625818
13,8,11.443467690897064
13,8,17.87380959348096
13,8,5.0
12,8,18.56886977937012
12,8,23.181244723662516
12,8,5.000475359652585
12,8,5.0
12,8,5.0
12,8,5.0
12,8,5.0
12,8,21.198879446582296
12,8,13.207513882748732
12,8,8.009524230116696
12,8,54.37868611591032
12,8,12.097698404801342
12,8,14.268617027803057
12,8,6.242746438250364
12,8,22.283650519425574
12,8,11.570978607873506
12,8,5.0
12,8,18.733265997045727
12,8,10.56886052698823
12,8,8.086023870884006
12,9,6.274933444480872
12,9,18.229031792475887
12,9,20.523200564794468
12,9,11.852309267559425
12,9,5.0
12,9,14.509133876872983
12,9,26.922155074432418
12,9,5.0
12,9,5.0
12,9,22.337265532372335
12,9,12.595477806728955
12,9,5.844798222058451
12,9,23.638370318392646
12,9,25.57088127870665
12,9,35.414160732278475
12,9,9.825895903089126
12,9,5.0
12,9,23.05861411914129
12,9,34.241601858562404
12,9,14.907301388090943
12,8,21.842881015218342
12,8,5.0
12,8,5.0
12,8,13.455642377408417
12,8,11.43525366128728
12,8,12.691259278782333
12,8,5.0
12,8,5.0
12,8,5.0
12,8,15.677100292675576
12,8,5.0
12,8,5.0
12,8,16.172919611027865
12,8,23.332882795383284
12,8,5.0
12,8,6.844681898551544
12,8,26.01128161112601
12,8,5.0
12,8,12.938348611485166
12,8,8.150355415931676
12,7,7.348094756646081
12,7,7.326823086486131
12,7,27.413408186652987
12,7,9.194755665781837
12,7,6.9435782457365836
12,7,7.830047638358105
12,7,15.440139381951848
12,7,8.162094037297363
12,7,55.25776186018787
12,7,14.977951886277893
12,7,5.0
12,7,5.0
12,7,43.58102294721593
12,7,10.05473498178673
12,7,5.0
12,7,13.755401869986624
12,7,5.453690735941255
12,7,27.643119197022493
12,7,5.084606537445913
12,7,32.15104633769103
12,6,7.642923764319548
12,6,18.50165481825468
12,6,11.519664413378486
12,6,28.617095011325418
12,6,24.82109782857097
12,6,8.783779528265097
12,6,6.223061264716485
12,6,7.866594801567686
12,6,5.0
12,6,42.01236759255337
12,6,10.58079544181188
12,6,5.0
12,6,5.0
12,6,12.919026302244221
12,6,13.150771454725692
12,6,23.480079721266883
12,6,6.761987165267704
12,6,18.023279733676016
12,6,8.71729891208959
12,6,5.0
12,5,34.99552357582519
12,5,10.590793857834125
12,5,13.527710960269422
12,5,13.16537827612668
12,5,24.79313400096948
12,5,17.145899447099822
12,5,14.163494139236565
12,5,17.07664607795047
12,5,32.76086536322924
12,5,6.902682758651587
12,5,28.129596238960218
12,5,15.072077295348688
12,5,5.0
12,5,6.736923371430882
12,5,5.0
12,5,16.817269664100547
12,5,5.0
12,5,5.108987362665467
12,5,11.482245894583478
12,5,5.0
12,4,38.33380018185948
12,4,11.55034350839465
12,4,31.026721837752234
12,4,10.201941883936769
12,4,15.552327882052085
12,4,5.0
12,4,5.0
12,4,8.270315985006446
12,4,12.7995994548389
12,4,7.316576707039536
12,4,14.46399694155209
12,4,5.0
12,4,13.36910291455073
12,4,5.0
12,4,8.044470015522778
12,4,28.960633694545855
12,4,14.876049364861418
12,4,11.52818779506069
12,4,12.901699385442829
12,4,58.72356027042954
12,3,5.0
12,3,17.5780147464561
12,3,5.0
12,3,16.633285590797755
12,3,9.344511273609148
12,3,24.51569802616419
12,3,42.99671996600152
12,3,7.493156867836965
12,3,18.29207654767528
12,3,11.845252624627307
12,3,20.407726253715804
12,3,17.493915099622296
12,3,40.632051124095874
12,3,5.0
12,3,5.651506041566628
12,3,5.620703269092487
12,3,11.469822685966722
12,3,5.0
12,3,16.32509684938646
12,3,13.755455317567163
13,3,18.95581198146997
13,3,16.319485072170387
13,3,5.0
13,3,5.809497720446403
13,3,15.646332938516995
13,3,20.01335823846557
13,3,5.0
13,3,20.488472890474057
13,3,8.264306841148109
13,3,5.0
13,3,14.3898190404664
13,3,7.571735679439124
13,3,18.909712050379692
13,3,19.27714852159154
13,3,16.322181939687667
13,3,10.238381214487676
13,3,22.499462917620313
13,3,14.950763588427312
13,3,10.518725872154473
13,3,17.190522223335286
12,3,14.63951426874748
12,3,30.782183474560252
12,3,27.196665776109658
12,3,9.740135880831108
12,3,7.290954015807346
12,3,16.272375765096484
12,3,14.57403898640079
12,3,18.82408112186785
12,3,5.127657311595513
12,3,5.0
12,3,9.550186922083622
12,3,17.174518167309813
12,3,17.187830367550582
12,3,14.994264008519002
12,3,13.093110747924333
12,3,7.820910653309545
12,3,5.0
12,3,5.864820498211758
12,3,13.16231993309833
12,3,26.568091694216406
13,3,27.601384141710835
13,3,30.129672247169985
13,3,8.255206619919267
13,3,15.734490641519479
13,3,20.217245766658507
13,3,11.862847448007168
13,3,11.31147197444215
13,3,12.842823091947466
13,3,10.094527487821098
13,3,15.80090700201998
13,3,5.0
13,3,28.95960085867606
13,3,5.0
13,3,11.606226015858685
13,3,28.980611166493777
13,3,5.0
13,3,16.01007116055914
13,3,29.340030744013475
13,3,12.614265698554462
13,3,11.624813768772349
14,3,31.091966877747744
14,3,5.0
14,3,5.0
14,3,5.0
14,3,5.0
14,3,32.75275173121362
14,3,8.207303552527435
14,3,5.0
14,3,17.056547600178096
14,3,11.209414802475148
14,3,9.809798650270581
14,3,8.124619448471352
14,3,5.0
14,3,18.28214469514498
14,3,12.439287088005031
14,3,20.152550256290162
14,3,13.19288370027521
14,3,30.30084027951525
14,3,5.0
14,3,9.013381028394221
13,3,21.064584571172766
13,3,9.414944548188071
13,3,5.0
13,3,12.951521219425265
13,3,5.390143481044278
13,3,11.406111875063106
13,3,20.39267831715079
13,3,5.0
13,3,15.483669836905483
13,3,5.0
13,3,14.966466897292069
13,3,14.79655219948683
13,3,7.035529798163283
13,3,7.711399784050087
13,3,17.938324189404472
13,3,5.0
13,3,10.801978967655735
13,3,10.430308726943514
13,3,11.33516998760478
13,3,5.0
14,3,31.834495820981772
14,3,13.050440842711584
14,3,18.330540266005144
14,3,5.0
14,3,5.0
14,3,30.32230940564994
14,3,7.296916418640836
14,3,13.989810219272751
14,3,12.579519483393415
14,3,17.810507513240545
14,3,5.0
14,3,10.087421263156266
14,3,6.547259125550419
14,3,7.4334168922505555
14,3,18.04852706517928
14,3,5.0
14,3,14.626306725891931
14,3,11.028643723610477
14,3,20.489754996370984
14,3,5.035981916796448
13,3,33.780446066582094
13,3,14.49649776484476
13,3,6.808194129960631
13,3,44.511779612818444
13,3,5.0
13,3,19.961671050978445
13,3,19.472364946083395
13,3,8.09855868765366
13,3,15.683075281954366
13,3,35.140019241409966
13,3,26.153650233413124
13,3,31.336579845298587
13,3,17.69131251829291
13,3,18.263810083381486
13,3,35.82813714718887
13,3,18.212866079027528
13,3,7.7876831148845485
13,3,5.0
13,3,25.633687336280623
13,3,9.950473031441016
13,2,13.875866199088458
13,2,8.093127995234527
13,2,22.62569772370993
13,2,34.05765376494624
13,2,11.736370149860159
13,2,5.0
13,2,5.0
13,2,21.21351077259545
13,2,5.0
13,2,25.80161611900885
13,2,18.714662217586696
13,2,9.579848913474375
13,2,17.00981671726068
13,2,10.932396989148668
13,2,5.0
13,2,37.71239486859277
13,2,15.618306082480366
13,2,35.024683110126816
13,2,11.679742889881888
13,2,5.800545866597352
13,1,49.98957688947468
13,1,5.0
13,1,16.156912249432743
13,1,5.0
13,1,24.734822802220567
13,1,5.0
13,1,5.0
13,1,17.110529771942907
13,1,5.616761727030543
13,1,15.890833695386451
13,1,5.425168144879893
13,1,10.941175807109095
13,1,15.226962972991412
13,1,25.784956046820835
13,1,29.757773951904472
13,1,18.5712132782469
13,1,21.347095467735116
13,1,12.67077386495157
13,1,22.264433554264023
13,1,28.36494117239894
