16,-15,5.0
16,-15,5.0
16,-15,10.672222464091798
16,-15,5.0
16,-15,5.0
16,-15,9.64940842630328
16,-15,5.0
16,-15,5.0
16,-15,5.0
16,-15,5.0
16,-15,5.0
16,-15,5.0
16,-15,5.0
16,-15,6.0108110650986095
16,-15,5.0
16,-15,9.753424219939472
16,-15,5.0
16,-15,5.0
16,-15,12.888765238288494
16,-15,12.7839329270922
16,-14,5.0
16,-14,5.0
16,-14,5.0
16,-14,9.270400828155513
16,-14,8.43658909462678
16,-14,5.0
16,-14,5.0
16,-14,11.63297180059259
16,-14,5.0
16,-14,5.0
16,-14,14.21800676614736
16,-14,5.0
16,-14,10.03006782955531
16,-14,5.0
16,-14,5.0
16,-14,9.557375056962476
16,-14,5.0
16,-14,5.0
16,-14,5.0
16,-14,5.0
16,-13,5.0
16,-13,5.0
16,-13,5.0
16,-13,5.002422046139274
16,-13,5.0
16,-13,10.674936928848284
16,-13,5.0
16,-13,5.0
16,-13,5.0
16,-13,11.066313658800112
16,-13,5.0
16,-13,9.135099706991593
16,-13,5.0
16,-13,22.856806637574298
16,-13,5.0
16,-13,14.713054036574427
16,-13,11.287988119286847
16,-13,5.0
16,-13,5.0
16,-13,5.0
16,-12,5.0
16,-12,12.046578910699818
16,-12,5.0
16,-12,5.340276594850723
16,-12,5.185120726381925
16,-12,7.930875274007658
16,-12,5.0
16,-12,5.0
16,-12,13.144085227822888
16,-12,5.0
16,-12,5.0
16,-12,5.0
16,-12,5.0
16,-12,5.0
16,-12,6.908544011641566
16,-12,5.0
16,-12,15.386536674071994
16,-12,5.0
16,-12,5.0
16,-12,21.48522833665545
16,-11,5.0
16,-11,5.0
16,-11,12.621708763544392
16,-11,5.0
16,-11,5.0
16,-11,14.957933376006897
16,-11,5.219377487652002
16,-11,5.0
16,-11,5.0
16,-11,5.0
16,-11,13.503543988343083
16,-11,11.07843021463915
16,-11,8.587594955791602
16,-11,14.160164037126675
16,-11,5.0
16,-11,6.49717793234762
16,-11,5.0
16,-11,5.0
16,-11,5.0
16,-11,5.0
15,-11,5.079493541744308
15,-11,7.105020967297995
15,-11,8.128858015225045
15,-11,7.655227327419443
15,-11,22.16331546139334
15,-11,9.490863079839007
15,-11,13.475827055358568
15,-11,5.0
15,-11,13.0263943666651
15,-11,12.942006821488672
15,-11,5.0
15,-11,5.0
15,-11,5.0
15,-11,5.0
15,-11,5.0
15,-11,15.652109259533837
15,-11,5.0
15,-11,7.031106573592078
15,-11,5.197141043399356
15,-11,5.0
14,-11,5.0
14,-11,12.972922807482412
14,-11,5.0
14,-11,22.94142307712803
14,-11,7.278167088972585
14,-11,17.45018696425423
14,-11,5.0
14,-11,11.012830659469454
14,-11,5.0
14,-11,5.0
14,-11,6.1560573729783306
14,-11,11.382061347920063
14,-11,5.0
14,-11,14.561036896838585
14,-11,11.663598707497595
14,-11,17.918472989635475
14,-11,6.179129954370987
14,-11,13.028473593861015
14,-11,7.339071454785161
14,-11,12.607635817720965
15,-11,5.0
15,-11,21.211819643716105
15,-11,5.0
15,-11,6.1126051764377305
15,-11,5.0
15,-11,7.8153802102585646
15,-11,17.33244871752794
15,-11,12.079287749031781
15,-11,5.0
15,-11,7.128700334983146
15,-11,5.0
15,-11,5.0
15,-11,17.023971864843716
15,-11,18.567000568735367
15,-11,5.0
15,-11,5.0
15,-11,5.0
15,-11,5.0
15,-11,10.445967496157701
15,-11,5.0
14,-11,9.889261763095359
14,-11,7.1221792606249075
14,-11,5.0
14,-11,18.119031025945727
14,-11,12.503632933958432
14,-11,5.0
14,-11,10.792188526607752
14,-11,8.688710365559771
14,-11,5.0
14,-11,5.0
14,-11,6.1128756818417855
14,-11,5.0
14,-11,5.0
14,-11,14.07880088882512
14,-11,5.0
14,-11,7.816551385822911
14,-11,8.350655916088094
14,-11,5.0
14,-11,14.978923368797616
14,-11,8.137257531601952
14,-10,5.0
14,-10,12.948559498681199
14,-10,7.240877659944471
14,-10,12.728834567970397
14,-10,5.0
14,-10,5.0
14,-10,5.0
14,-10,5.635521442462492
14,-10,24.773139498242678
14,-10,5.0
14,-10,5.0
14,-10,5.0
14,-10,5.0
14,-10,5.0
14,-10,5.0
14,-10,20.924365734746157
14,-10,7.810380910342408
14,-10,11.817763499544773
14,-10,6.820514968561715
14,-10,5.0
13,-10,5.0
13,-10,21.646640902008706
13,-10,12.686501877792008
13,-10,18.30485338150057
13,-10,5.0
13,-10,5.0
13,-10,7.6872795715627
13,-10,32.53392965238018
13,-10,5.0
13,-10,5.0
13,-10,13.306663655323113
13,-10,26.281317059430958
13,-10,5.0
13,-10,21.738396672559546
13,-10,5.0
13,-10,8.825772699569885
13,-10,9.394626431868886
13,-10,14.789358538950461
13,-10,14.055979246074413
13,-10,5.0
12,-10,20.774143811195188
12,-10,5.0
12,-10,5.0
12,-10,5.0
12,-10,11.675384575066838
12,-10,6.231648998587734
12,-10,5.0
12,-10,5.0
12,-10,6.304832290815339
12,-10,13.24598573122736
12,-10,12.517282912948472
12,-10,8.613338445238416
12,-10,8.001405848518866
12,-10,11.118613277100975
12,-10,13.10680799635982
12,-10,7.760197535518797
12,-10,6.5523610131960215
12,-10,10.834024408442291
12,-10,15.14954737793043
12,-10,5.0
11,-10,20.41831530649771
11,-10,12.436541352496985
11,-10,5.0
11,-10,6.863780732362976
11,-10,5.0
11,-10,8.86013851686137
11,-10,6.909824398092018
11,-10,5.0
11,-10,5.984380846858712
11,-10,15.155005918865427
11,-10,10.533234433430838
11,-10,7.501141338836989
11,-10,7.108373475091238
11,-10,5.0
11,-10,5.0
11,-10,5.0
11,-10,12.206107986727236
11,-10,5.0
11,-10,5.0
11,-10,5.0
11,-9,13.114964811233918
11,-9,7.129951471159954
11,-9,15.497487826880963
11,-9,20.47713654037067
11,-9,5.0
11,-9,5.0
11,-9,11.918996761126865
11,-9,23.35215455659951
11,-9,10.440193301936677
11,-9,5.0
11,-9,5.0
11,-9,8.616508357476919
11,-9,13.286306066033378
11,-9,5.0
11,-9,5.0
11,-9,7.320766970959667
11,-9,5.413604884716817
11,-9,11.397758512681659
11,-9,5.0
11,-9,20.727231015339
12,-9,13.258324495931923
12,-9,5.0
12,-9,5.0
12,-9,10.959052170067283
12,-9,10.481947803174684
12,-9,5.0
12,-9,9.536620090158957
12,-9,5.0
12,-9,5.0
12,-9,17.841822884747202
12,-9,6.0965548264376475
12,-9,5.0
12,-9,6.7002130399845425
12,-9,15.265511347650573
12,-9,5.0
12,-9,5.0
12,-9,6.054188432739363
12,-9,7.418321700754037
12,-9,5.0
12,-9,5.0
12,-8,28.937419949611186
12,-8,5.0
12,-8,5.0
12,-8,5.0
12,-8,5.0
12,-8,7.0244511014997615
12,-8,8.852454962919046
12,-8,5.0
12,-8,5.0
12,-8,9.776329185626823
12,-8,9.806706084451111
12,-8,16.11812324582253
12,-8,9.574926794377129
12,-8,19.232797308450053
12,-8,5.0
12,-8,7.188595575172171
12,-8,5.0
12,-8,5.0
12,-8,20.854543044877783
12,-8,10.713254039648351
11,-8,15.65462533694425
11,-8,9.304594695308179
11,-8,5.0
11,-8,10.595321681766277
11,-8,23.674232520694176
11,-8,5.0
11,-8,5.0
11,-8,5.0
11,-8,5.0
11,-8,9.197078237375576
11,-8,14.119309706636432
11,-8,5.0
11,-8,20.277370096474684
11,-8,6.465980788853076
11,-8,16.0547013990422
11,-8,11.157167840595339
11,-8,8.813233457627975
11,-8,5.0
11,-8,5.0
11,-8,5.0
11,-7,6.051113294944379
11,-7,5.0
11,-7,6.775533121895013
11,-7,7.099610318932355
11,-7,5.0
11,-7,20.243645597577334
11,-7,5.0
11,-7,14.362436676062185
11,-7,6.701817374532389
11,-7,9.267864400731849
11,-7,14.825393107628129
11,-7,15.812432988183966
11,-7,13.356422115534993
11,-7,24.00483748619282
11,-7,28.12161508381577
11,-7,9.228829031687434
11,-7,5.0
11,-7,5.0
11,-7,8.678949618176606
11,-7,11.662110681099893
10,-7,11.166550389061378
10,-7,5.0
10,-7,6.881317695456905
10,-7,5.0
10,-7,19.7258248181167
10,-7,15.437204216244211
10,-7,21.273052285152847
10,-7,23.844548388747597
10,-7,23.09921694232554
10,-7,5.0
10,-7,20.862777837514773
10,-7,30.61622811087491
10,-7,33.605060074338894
10,-7,5.0
10,-7,11.438327004960826
10,-7,5.0
10,-7,5.928272486712675
10,-7,11.758724341428099
10,-7,5.0
10,-7,5.0
9,-7,5.828489879787328
9,-7,6.056132603033673
9,-7,10.774164677963565
9,-7,28.027276733466362
9,-7,10.835733664904543
9,-7,14.459530760628137
9,-7,7.322859089429956
9,-7,9.855500023429034
9,-7,5.599182332768656
9,-7,5.0
9,-7,11.565131407109334
9,-7,5.903752288669957
9,-7,10.983112598197511
9,-7,12.475033259797263
9,-7,9.53744486071284
9,-7,5.0
9,-7,15.411665246328372
9,-7,9.202375413308145
9,-7,14.093793876050581
9,-7,20.14752114116857
8,-7,6.270142367508026
8,-7,12.695846855769457
8,-7,25.800229557337833
8,-7,32.55522363568289
8,-7,13.487083387610433
8,-7,22.36441139295279
8,-7,10.229061140999299
8,-7,9.079621963348968
8,-7,10.569906704524653
8,-7,19.994958419438547
8,-7,13.253076216520007
8,-7,12.107137432770248
8,-7,8.840909541905878
8,-7,14.93611433294664
8,-7,22.783835863641468
8,-7,32.36039532807017
8,-7,5.0
8,-7,8.427700629745527
8,-7,12.785095549995294
8,-7,11.950723170920668
8,-6,9.536627880023126
8,-6,21.796565684191634
8,-6,11.863850880391036
8,-6,18.649984366308587
8,-6,5.0
8,-6,10.158188822620614
8,-6,5.0
8,-6,13.574789697436353
8,-6,8.724053645800538
8,-6,10.47546556705772
8,-6,14.338479471398516
8,-6,28.525622057410548
8,-6,13.766283635784593
8,-6,8.700364607053222
8,-6,11.145802968526802
8,-6,19.332371792416943
8,-6,5.7347535423249685
8,-6,5.355474334519232
8,-6,36.38667917774801
8,-6,10.378055135573959
8,-5,19.435006576813855
8,-5,13.103648097042575
8,-5,11.183883874238981
8,-5,24.87402339266224
8,-5,13.69789277676403
8,-5,5.921881720853332
8,-5,9.762926536290779
8,-5,7.5337288739598725
8,-5,18.275113296599073
8,-5,6.837579847291489
8,-5,7.812609013387032
8,-5,11.01438929635433
8,-5,23.179560312625007
8,-5,10.483836132336553
8,-5,5.761973634386164
8,-5,12.427579282639192
8,-5,10.280167727185987
8,-5,9.343469384954664
8,-5,8.353770384378493
8,-5,16.19215318808431
8,-4,9.828697197696457
8,-4,29.07413344270289
8,-4,13.440927524041156
8,-4,10.11708109853899
8,-4,6.945795941581908
8,-4,28.20769413857679
8,-4,21.231018152219168
8,-4,18.276937826246847
8,-4,30.036584474882694
8,-4,11.789069123216262
8,-4,7.053290738642953
8,-4,33.72761408225607
8,-4,14.312966933512234
8,-4,14.16791586163502
8,-4,13.219113134645445
8,-4,7.576537937996336
8,-4,23.124291256102687
8,-4,27.4804100891413
8,-4,25.60818181969833
8,-4,28.443731934084617
7,-4,5.418390836860075
7,-4,12.266088101424366
7,-4,17.008654394003585
7,-4,32.620428015997426
7,-4,6.128098869634947
7,-4,34.63649370874295
7,-4,8.864216061479251
7,-4,12.84136775816319
7,-4,6.721460277344477
7,-4,14.899946013286552
7,-4,13.62957292743681
7,-4,5.0
7,-4,18.10785019380563
7,-4,9.292498912920573
7,-4,31.349585785634137
7,-4,16.068139181001076
7,-4,20.74295573039203
7,-4,15.877229581085778
7,-4,20.30543214002594
7,-4,5.0
7,-5,7.739783974442167
7,-5,15.267585396045718
7,-5,5.0
7,-5,8.869003773504886
7,-5,15.778224111738087
7,-5,20.555574285476567
7,-5,7.925066324396477
7,-5,17.52873215943177
7,-5,10.05788156016301
7,-5,7.697509485324046
7,-5,29.370317356855974
7,-5,9.182704218904217
7,-5,23.26206971774205
7,-5,18.897646728177197
7,-5,13.741005519619511
7,-5,9.815142076832593
7,-5,6.68747201725999
7,-5,22.460798287843993
7,-5,5.0
7,-5,21.29802813705905
7,-4,5.0
7,-4,14.705992075937765
7,-4,5.0
7,-4,19.3461705432714
7,-4,8.41062955686473
7,-4,5.0
7,-4,24.48753305313011
7,-4,40.46834266729854
7,-4,41.063527736320594
7,-4,20.939507783360472
7,-4,22.173429693318937
7,-4,6.360618604943241
7,-4,24.475150521093152
7,-4,23.747489857898238
7,-4,11.70745077433416
7,-4,16.085020323132472
7,-4,31.883108934246724
7,-4,12.640986919286425
7,-4,14.468343844680179
7,-4,5.1794989600900365
8,-4,13.172653953664323
8,-4,17.381242374368632
8,-4,10.932292111260947
8,-4,5.0
8,-4,23.70027604005851
8,-4,11.634552896105223
8,-4,25.484167850869984
8,-4,8.225581210581693
8,-4,8.557023283975225
8,-4,20.788885831540775
8,-4,30.802820457722195
8,-4,5.0
8,-4,5.0
8,-4,10.573781076142412
8,-4,13.392383501772636
8,-4,20.753983997838315
8,-4,14.821205332086786
8,-4,26.738105183987347
8,-4,13.874348214779
8,-4,11.875400452935464
7,-4,34.92885959998623
7,-4,5.185947410565062
7,-4,16.311241866896523
7,-4,36.70020797851524
7,-4,11.179507235845966
7,-4,21.842546803551848
7,-4,12.365761761656
7,-4,10.148501491179465
7,-4,5.0
7,-4,37.611257968645404
7,-4,5.0
7,-4,21.881274884324316
7,-4,5.0
7,-4,15.604684257987739
7,-4,6.891390819132226
7,-4,30.166505743597995
7,-4,8.488798981486788
7,-4,26.403236960723873
7,-4,16.519911817786202
7,-4,16.03975434203593
6,-4,9.075569432458087
6,-4,12.038370847485016
6,-4,13.092883386739205
6,-4,15.964186192520621
6,-4,7.336156748306352
6,-4,15.180324241661648
6,-4,10.417140518683171
6,-4,37.87171092338137
6,-4,17.42191123359922
6,-4,5.0
6,-4,26.88705648100488
6,-4,25.883755430926605
6,-4,6.917790806095805
6,-4,17.581149138321088
6,-4,22.831335186907193
6,-4,14.434349416389818
6,-4,20.04894920936891
6,-4,29.59059644556023
6,-4,10.151271664541849
6,-4,19.98657576597255
6,-3,9.939129576436335
6,-3,5.0
6,-3,30.858630058626606
6,-3,9.737021695236386
6,-3,14.318900850774819
6,-3,17.981213514579608
6,-3,13.751222170624967
6,-3,18.17434479197878
6,-3,23.884351614400632
6,-3,11.369978110682748
6,-3,12.594231396670692
6,-3,20.394030502063767
6,-3,29.0952048621792
6,-3,38.55247495502175
6,-3,25.251553838702108
6,-3,5.0
6,-3,20.990008036122415
6,-3,16.617864308458955
6,-3,5.0
6,-3,21.076020736137252
5,-3,10.992021360368568
5,-3,14.026748123231755
5,-3,26.151645872282188
5,-3,24.61387650880021
5,-3,5.0
5,-3,15.099898758389235
5,-3,44.99901324431953
5,-3,21.739461497911044
5,-3,44.744120168801075
5,-3,20.432801224848593
5,-3,5.980743868043891
5,-3,37.22937649344852
5,-3,18.688935741519895
5,-3,22.565102521554046
5,-3,5.0
5,-3,17.155810853081746
5,-3,27.05619264455267
5,-3,5.0
5,-3,9.196952090508764
5,-3,33.13625929983621
4,-3,16.107027014285606
4,-3,30.808071659606945
4,-3,31.1674227515526
4,-3,15.955054959722819
4,-3,15.093697858639374
4,-3,13.228557677413082
4,-3,25.40179130788885
4,-3,24.995494074540318
4,-3,12.949506898472595
4,-3,20.06230683176499
4,-3,26.360996161066616
4,-3,8.500978310444506
4,-3,12.575229935622382
4,-3,18.223876094283494
4,-3,34.99299157352686
4,-3,7.215321567057625
4,-3,11.71201731364092
4,-3,21.443815700026057
4,-3,20.900708870629636
4,-3,17.28652723464224
4,-2,34.73819095098404
4,-2,35.45466110645414
4,-2,16.669138140810524
4,-2,21.238457897464823
4,-2,14.127536524983938
4,-2,14.012990546613715
4,-2,24.137251021758463
4,-2,15.035852315646437
4,-2,18.50653221452299
4,-2,12.807901537562328
4,-2,10.792130022015307
4,-2,5.0
4,-2,6.7049753098943885
4,-2,23.46401840113535
4,-2,27.853757441500328
4,-2,10.769688783337731
4,-2,12.901018094739651
4,-2,11.910565367229806
4,-2,5.0
4,-2,15.810203067086766
4,-1,31.938247999573818
4,-1,32.1517327074661
4,-1,18.992656311778862
4,-1,14.233933887537766
4,-1,38.52108450581968
4,-1,21.191501001257706
4,-1,32.653697551164484
4,-1,28.800707929179914
4,-1,20.06063109059933
4,-1,15.97005478002269
4,-1,31.326778427554963
4,-1,16.361063339247533
4,-1,15.700349438240162
4,-1,11.014287582656479
4,-1,24.34771778680306
4,-1,29.5180316276804
4,-1,12.768712293445013
4,-1,32.867457484073206
4,-1,22.833066842722637
4,-1,10.248697373525449
5,-1,34.713454323016656
5,-1,14.565412526864435
5,-1,5.0
5,-1,20.889218491458358
5,-1,22.950469508852795
5,-1,27.30543778762921
5,-1,15.853664630127625
5,-1,16.06147564767403
5,-1,12.63416598752418
5,-1,5.0
5,-1,19.53939672807139
5,-1,6.738837481123181
5,-1,31.994996465044892
5,-1,24.997002878361336
5,-1,16.51301002215537
5,-1,17.305419225784444
5,-1,10.001397981721299
5,-1,15.470700515946687
5,-1,11.13450079774639
5,-1,30.816487922684907
4,-1,14.616011629031258
4,-1,16.68574096477385
4,-1,19.237499921138795
4,-1,27.23167263197165
4,-1,22.792111966724583
4,-1,34.61782393625554
4,-1,12.4401549822515
4,-1,28.721674936107803
4,-1,15.371495001465584
4,-1,26.510634764576036
4,-1,33.59006363137025
4,-1,10.773234688018505
4,-1,34.95105733617814
4,-1,18.4312475231468
4,-1,16.31750917003321
4,-1,34.168695313118434
4,-1,24.33960090664533
4,-1,29.900879537472445
4,-1,27.184376039815742
4,-1,31.24747083714622
3,-1,14.977978941708503
3,-1,37.3335162743354
3,-1,15.586019703039767
3,-1,13.332657221895396
3,-1,16.677527413511903
3,-1,12.193030227821737
3,-1,14.06549741813076
3,-1,14.738785857649349
3,-1,16.049813283552297
3,-1,21.984544199731914
3,-1,20.091326751593193
3,-1,40.196614485635024
3,-1,12.162915211299278
3,-1,36.14787314184495
3,-1,27.252065912824346
3,-1,26.846741243114845
3,-1,17.59087374547668
3,-1,9.820445224900865
3,-1,14.680678197737343
3,-1,15.29561480285562
2,-1,14.345827493627736
2,-1,16.860289140264015
2,-1,10.568135794304967
2,-1,33.30845987519328
2,-1,26.62596682878909
2,-1,28.77471526897895
2,-1,9.447167334221527
2,-1,26.08562985624276
2,-1,20.4714506448871
2,-1,21.147132102689305
2,-1,39.13903931236912
2,-1,23.186506381691483
2,-1,31.711110963721026
2,-1,37.833173668767074
2,-1,37.28749005236822
2,-1,16.728655636107334
2,-1,6.298569546424327
2,-1,27.582340332906238
2,-1,10.53032850802254
2,-1,13.848318307181398
2,0,9.242811263220293
2,0,20.44822445411285
2,0,22.751728430664016
2,0,30.319681433406384
2,0,33.78886825601964
2,0,25.103722951182167
2,0,10.762339540691904
2,0,16.787708349255862
2,0,20.01475429442269
2,0,21.578669178145702
2,0,15.056353391025496
2,0,17.08921881850053
2,0,36.012793985328756
2,0,6.983519050599132
2,0,24.16568016582497
2,0,21.313082065578328
2,0,29.46975493706168
2,0,30.587099728621897
2,0,14.625651066014932
2,0,16.768509869268467
2,1,18.781060617496657
2,1,35.04979475347449
2,1,20.653084883544704
2,1,21.23601503446895
2,1,25.91279913291342
2,1,17.667113000278913
2,1,15.288299441783014
2,1,29.5272476849878
2,1,5.6481216478400995
2,1,25.269839435398612
2,1,13.524554717711306
2,1,27.68885531507552
2,1,17.48134464287513
2,1,16.290540270228544
2,1,23.986107753319594
2,1,26.362445701352343
2,1,21.076100960880908
2,1,22.141505172677064
2,1,30.09938474398686
2,1,18.397813363656024
2,2,47.00601813533589
2,2,26.273453429769795
2,2,13.045162692608514
2,2,19.55188255575397
2,2,15.100856212590642
2,2,22.001758798971327
2,2,5.0
2,2,33.3293665780847
2,2,13.261608424906601
2,2,13.981350938565338
2,2,46.98365234454194
2,2,6.6171048223599085
2,2,23.51139971321588
2,2,18.925549497930056
2,2,14.45334928436652
2,2,16.698125006178444
2,2,22.245054001515612
2,2,27.396024289263796
2,2,15.168620445836504
2,2,24.716573877237813
1,2,16.749854479315637
1,2,26.73139121866828
1,2,31.435643317066543
1,2,19.726331216089502
1,2,9.62994649048905
1,2,42.84019594254739
1,2,25.86642411173881
1,2,6.3265661257396015
1,2,37.174421148987676
1,2,10.403091054378244
1,2,16.581559158760523
1,2,13.587438351248181
1,2,8.411199084313479
1,2,10.693897815864721
1,2,13.275707684493195
1,2,29.96171828363453
1,2,22.065342235448608
1,2,26.691174782733796
1,2,10.05013648269667
1,2,28.250761398307564
0,2,14.418727158945075
0,2,20.828675764677417
0,2,21.723728771498102
0,2,16.55685875583367
0,2,18.736494542969535
0,2,16.070167949998062
0,2,17.15355530875208
0,2,17.245801689705353
0,2,22.988333597346767
0,2,22.732233034058265
0,2,9.73209172155969
0,2,6.150648386204081
0,2,18.009057469616135
0,2,33.86009925144439
0,2,35.36486459811754
0,2,20.314677452789578
0,2,15.23774608477606
0,2,18.53928465916008
0,2,22.04221082494957
0,2,25.148354739816092
0,3,6.801271006422507
0,3,18.92595233997858
0,3,7.163445624681874
0,3,18.31139906918262
0,3,22.859697402344988
0,3,9.776514942189312
0,3,22.775479178390633
0,3,10.771611475089765
0,3,20.22933475368149
0,3,19.61245370112079
0,3,33.40384344462066
0,3,22.299869689562936
0,3,12.043924372449457
0,3,17.806488133901617
0,3,25.70042332341482
0,3,43.20194999233409
0,3,35.520053248477
0,3,20.116204020732397
0,3,6.051234158550717
0,3,16.761900166487212
-1,3,23.760697034652623
-1,3,32.94336867571383
-1,3,17.74030823942573
-1,3,9.206417921386327
-1,3,17.892240523844865
-1,3,13.864752386171919
-1,3,38.915196548974926
-1,3,20.41404237989148
-1,3,26.516006846654857
-1,3,22.209519678053198
-1,3,15.575207388233437
-1,3,42.41235927455901
-1,3,17.054024816559544
-1,3,12.05824214894086
-1,3,19.926684172657716
-1,3,25.753618629147255
-1,3,21.000333568829056
-1,3,16.415626700019633
-1,3,20.56791500215537
-1,3,17.524736080703292
0,3,27.8770316347708
0,3,23.136131750876363
0,3,28.693562983668883
0,3,14.79232190308938
0,3,5.0
0,3,24.30468712704659
0,3,28.745680196589216
0,3,24.221474888667775
0,3,19.16544707998313
0,3,10.261535354681357
0,3,11.709702562851623
0,3,25.303355405283128
0,3,17.674220799756508
0,3,15.127101269528552
0,3,18.837291268019786
0,3,8.524289000222316
0,3,13.75760276240627
0,3,24.250795702657463
0,3,14.769237258817045
0,3,17.811878034542612
-1,3,35.02846616243284
-1,3,24.93752019033723
-1,3,23.995700042099752
-1,3,24.477297749325356
-1,3,16.176047840723975
-1,3,30.456000245844233
-1,3,20.887580596494665
-1,3,15.389983162075382
-1,3,20.97609570938569
-1,3,8.282156058560275
-1,3,12.593023365439482
-1,3,28.91202931605078
-1,3,29.063591218128302
-1,3,21.100229924939455
-1,3,37.92030866936052
-1,3,17.64840806613715
-1,3,9.281644859717522
-1,3,25.741931140009456
-1,3,14.176586046258056
-1,3,23.70401949323908
-2,3,17.174168360310087
-2,3,24.908644428207843
-2,3,18.77991774053199
-2,3,18.55028746466241
-2,3,35.18845227028696
-2,3,12.145231095184592
-2,3,19.582786724038463
-2,3,18.092944453069506
-2,3,15.391054920807568
-2,3,12.01533516564807
-2,3,6.173677220782176
-2,3,17.863470326284382
-2,3,8.683490890732422
-2,3,34.40736069309551
-2,3,19.697725650860797
-2,3,19.72407220178736
-2,3,30.891497290773167
-2,3,18.690507063822075
-2,3,30.914997824931525
-2,3,15.551989126369241
-2,4,6.481752610192572
-2,4,5.997151825451036
-2,4,34.856681168741346
-2,4,18.264613735813196
-2,4,29.827796579109094
-2,4,7.427169623813214
-2,4,26.084813963929587
-2,4,27.87564763083851
-2,4,22.42031921603307
-2,4,26.298664528340417
-2,4,10.75210004282004
-2,4,16.76371081238504
-2,4,26.570831201717795
-2,4,16.892369180355562
-2,4,9.46271047287822
-2,4,23.809972101856033
-2,4,23.03979127614819
-2,4,25.625580925296354
-2,4,12.33234300574786
-2,4,12.232191628324369
-2,5,17.880689203127464
-2,5,10.065491052183749
-2,5,15.688636760746173
-2,5,21.1451626553048
-2,5,21.13413483261176
-2,5,15.207290280091314
-2,5,24.97303602941476
-2,5,29.50769859163777
-2,5,6.8867577854117314
-2,5,21.446447406539612
-2,5,12.349876904181382
-2,5,17.110807352606756
-2,5,24.416105437824434
-2,5,16.82816323885113
-2,5,16.133062919319023
-2,5,16.671531085334
-2,5,23.179839981457018
-2,5,23.300345015623627
-2,5,10.727659205437954
-2,5,8.70967816639507
-2,6,13.456517762106962
-2,6,27.03657979567027
-2,6,8.461250266253575
-2,6,13.961738626046598
-2,6,10.101505265425228
-2,6,17.21202671681155
-2,6,14.884253092640598
-2,6,12.10892342250241
-2,6,18.4479405781356
-2,6,22.043222706682563
-2,6,21.52816744033416
-2,6,22.517657755540487
-2,6,14.00528804095439
-2,6,22.590020756538657
-2,6,9.560558273703087
-2,6,7.329211697870649
-2,6,12.505714390210366
-2,6,31.96467258998257
-2,6,16.440919812852346
-2,6,10.43846614400693
-1,6,9.012180954937069
-1,6,15.558771094411753
-1,6,16.51094526793888
-1,6,5.0
-1,6,9.255864905822808
-1,6,23.902582211711856
-1,6,5.0
-1,6,14.590196203462718
-1,6,21.421167609593834
-1,6,13.58834002205882
-1,6,17.733978197171265
-1,6,15.648386746471443
-1,6,34.19576941336652
-1,6,24.45776394303317
-1,6,19.988084185589674
-1,6,19.811015281124018
-1,6,30.52669923535962
-1,6,24.612608801371444
-1,6,17.93460193825099
-1,6,17.234502571652175
0,6,18.470959797045637
0,6,20.340218804532604
0,6,26.345889644796365
0,6,5.0
0,6,5.0
0,6,18.196280531375347
0,6,15.284606471667022
0,6,20.872399675674835
0,6,13.320060431270656
0,6,8.421718635697044
0,6,17.598279794247443
0,6,27.35848325191025
0,6,26.413562647617916
0,6,15.448360018680873
0,6,18.780163671190117
0,6,32.77875027632816
0,6,15.789323372095309
0,6,21.3829018228839
0,6,24.644633526389153
0,6,9.503863769569747
-1,6,32.08038405542041
-1,6,25.220743289794054
-1,6,7.989052593723689
-1,6,9.508894890831561
-1,6,21.06017781361024
-1,6,19.649652528164587
-1,6,24.037664506617276
-1,6,18.91676499037681
-1,6,23.23226534253558
-1,6,19.213996843463274
-1,6,22.150456282346397
-1,6,28.050183331998966
-1,6,17.613247339944365
-1,6,24.959606907093416
-1,6,6.003890915522424
-1,6,7.873449984372034
-1,6,10.860479637911215
-1,6,12.737590736140199
-1,6,16.816551062507347
-1,6,20.003952001172024
-2,6,5.0
-2,6,12.387864496072053
-2,6,5.0
-2,6,12.292884441117717
-2,6,16.813481067012397
-2,6,34.19593983044068
-2,6,28.957066567783066
-2,6,6.16802117814164
-2,6,14.255963129969283
-2,6,33.9151794897824
-2,6,15.981811374424417
-2,6,17.482647465938545
-2,6,38.22826641601675
-2,6,12.635833510883762
-2,6,14.221641429876312
-2,6,15.991234397488455
-2,6,18.2491003844483
-2,6,10.70847634444395
-2,6,17.572383276814797
-2,6,5.0
-1,6,46.886445853298866
-1,6,23.459723526040563
-1,6,20.19467303884068
-1,6,15.987146674408724
-1,6,14.488948212347472
-1,6,22.49027655130518
-1,6,13.281085975502593
-1,6,14.398596767243625
-1,6,16.03848025635015
-1,6,17.511212985817565
-1,6,14.545422730557062
-1,6,5.0
-1,6,13.295711390201706
-1,6,5.0
-1,6,13.192587209978514
-1,6,17.029049846938904
-1,6,28.560143687896876
-1,6,11.307739605469596
-1,6,15.422701775201185
-1,6,20.41345903818567
-2,6,11.081942556243678
-2,6,32.53498465311614
-2,6,5.0
-2,6,5.0
-2,6,17.979867675131956
-2,6,11.3874014963671
-2,6,13.751768906241166
-2,6,5.0
-2,6,18.79845787253382
-2,6,16.0226609332009
-2,6,23.596033131675817
-2,6,17.704881851175976
-2,6,8.074282346581242
-2,6,24.246741808754063
-2,6,23.95445132221829
-2,6,14.90494631661515
-2,6,13.73485727612773
-2,6,7.0407403760556
-2,6,13.375503905569184
-2,6,24.65798719504944
-2,7,22.811359551806976
-2,7,37.364048865587506
-2,7,6.695874447822975
-2,7,30.309246028916974
-2,7,11.86978622391994
-2,7,16.19847187240936
-2,7,21.51375396063715
-2,7,16.804411457236494
-2,7,27.467503880748957
-2,7,9.23286671067196
-2,7,5.0
-2,7,7.329633261149968
-2,7,10.819698403968143
-2,7,13.57941111253756
-2,7,14.693560828332695
-2,7,6.71954529692332
-2,7,19.62844451147024
-2,7,20.60441102207762
-2,7,5.0
-2,7,5.0
-1,7,9.433590772257386
-1,7,22.49251102287292
-1,7,23.605626622069128
-1,7,22.9271430989283
-1,7,13.702902896599587
-1,7,9.326124891801134
-1,7,28.87320339172888
-1,7,9.712491610992501
-1,7,12.627988045839714
-1,7,13.966443448071306
-1,7,19.393779188169397
-1,7,7.603847090551825
-1,7,20.041151167289016
-1,7,22.84572264214296
-1,7,5.0
-1,7,18.03437025103471
-1,7,16.3838269025535
-1,7,27.722225623567255
-1,7,11.387267242517373
-1,7,11.69211899457441
-2,7,18.437544184570907
-2,7,16.020973587832252
-2,7,13.111549286709328
-2,7,12.02811239593466
-2,7,5.0
-2,7,27.731287661401357
-2,7,5.0
-2,7,18.525137515730815
-2,7,11.113793164468234
-2,7,6.709867991812866
-2,7,5.0
-2,7,16.14387923970504
-2,7,19.87079469845327
-2,7,21.197395200464467
-2,7,9.592970392168215
-2,7,13.237360112344591
-2,7,20.922209060425313
-2,7,20.107214952068677
-2,7,24.445350794148755
-2,7,15.557925484117373
-1,7,24.02380251559057
-1,7,12.059740865478688
-1,7,5.0
-1,7,16.003501038120884
-1,7,9.972441492850647
-1,7,5.0
-1,7,24.98960810926669
-1,7,24.708133321314467
-1,7,5.210342476628377
-1,7,12.63149765154871
-1,7,20.802115081702468
-1,7,15.543541565079153
-1,7,8.87763756031189
-1,7,13.26628066046357
-1,7,16.800322708711093
-1,7,25.01817879012095
-1,7,11.270530928983138
-1,7,11.678599481353938
-1,7,11.591545942174761
-1,7,14.824584231357303
-2,7,8.559843624954993
-2,7,16.37732648148103
-2,7,23.07454328267152
-2,7,18.614391217452738
-2,7,29.526157994562475
-2,7,21.225969074518027
-2,7,23.856841407559052
-2,7,14.405921725912235
-2,7,17.484625977906354
-2,7,16.77802995499042
-2,7,12.293394093858922
-2,7,6.424107026540831
-2,7,19.4012257270105
-2,7,30.62043920545208
-2,7,24.955491631622433
-2,7,13.958950820509868
-2,7,23.07302474802876
-2,7,21.570797238483156
-2,7,27.960514644792323
-2,7,15.48390951949655
-2,6,33.85656537229001
-2,6,29.76016680134785
-2,6,13.59196225652093
-2,6,18.46845875762913
-2,6,33.97170995635429
-2,6,29.10029476427429
-2,6,20.94888284595057
-2,6,13.220575002896725
-2,6,16.77320896658801
-2,6,18.921716331159146
-2,6,12.261081632548402
-2,6,14.282232202759602
-2,6,18.153439055609677
-2,6,9.915840588238929
-2,6,26.712613129602996
-2,6,17.915749183500374
-2,6,16.5879320607645
-2,6,5.613247558439081
-2,6,7.545243904051475
-2,6,32.45169325760935
-3,6,11.147598916032162
-3,6,22.005023420708667
-3,6,5.0
-3,6,13.764273203004532
-3,6,36.788279348332345
-3,6,12.710979612952263
-3,6,23.953500793182055
-3,6,18.553064743891056
-3,6,17.98438692647046
-3,6,22.099698588457187
-3,6,24.68481220565749
-3,6,19.5619469840915
-3,6,5.0
-3,6,5.0
-3,6,6.730256274861339
-3,6,17.326719372837385
-3,6,23.48161374754229
-3,6,13.996679116257427
-3,6,27.847371120154392
-3,6,7.9160076328049085
-3,7,7.971700501981152
-3,7,12.487161090467653
-3,7,16.722483642525123
-3,7,21.17798183559996
-3,7,27.29020793949067
-3,7,14.918227090097908
-3,7,24.271127975477988
-3,7,12.642037146478444
-3,7,5.0
-3,7,12.047780331952962
-3,7,5.0
-3,7,20.968909554554564
-3,7,12.422053770073457
-3,7,18.3110188432797
-3,7,19.470866125290165
-3,7,5.0
-3,7,19.72538896943584
-3,7,5.0
-3,7,33.46744144664254
-3,7,19.61153090325289
-4,7,9.577056271733927
-4,7,18.02430688656029
-4,7,19.313219045814307
-4,7,20.678465675426533
-4,7,20.617576553409233
-4,7,9.16172480501642
-4,7,10.831297062865609
-4,7,30.150476029782176
-4,7,22.892448417984426
-4,7,15.834893010379906
-4,7,18.324060301141895
-4,7,14.111670474873444
-4,7,20.552101469692023
-4,7,7.742020675439212
-4,7,12.884701368583425
-4,7,26.665957266697724
-4,7,5.761320382729529
-4,7,7.483730488008939
-4,7,14.242518735115558
-4,7,9.598190376500325
-4,8,12.15146486393872
-4,8,12.713758684209083
-4,8,10.99522777826487
-4,8,5.0
-4,8,5.0
-4,8,16.48825076902998
-4,8,5.0
-4,8,23.516320523300553
-4,8,14.500316798722352
-4,8,30.288892674558014
-4,8,14.739910470962975
-4,8,5.495784968653469
-4,8,15.465426343720097
-4,8,5.0
-4,8,13.05104712699746
-4,8,8.915192545997886
-4,8,17.042470341622057
-4,8,8.397365777713848
-4,8,13.876189825169092
-4,8,19.055134510945017
-5,8,5.0
-5,8,5.580909165106213
-5,8,22.345555775434445
-5,8,26.64906072757999
-5,8,15.038093820901954
-5,8,28.34063892779445
-5,8,8.869429027380892
-5,8,8.180848831478851
-5,8,8.447115184502737
-5,8,22.6861500716282
-5,8,5.034264227736893
-5,8,19.732409682761386
-5,8,5.0
-5,8,8.44307903700845
-5,8,24.40513419859593
-5,8,31.24274383813752
-5,8,22.282975094466295
-5,8,20.39026933356402
-5,8,7.033737719711713
-5,8,5.179613529993079
-5,9,6.367310936361722
-5,9,6.377876510475099
-5,9,16.05332727482702
-5,9,5.0
-5,9,16.388670642030924
-5,9,5.0
-5,9,27.84456374636398
-5,9,17.40282741185117
-5,9,16.88577028077709
-5,9,22.27613201458001
-5,9,32.07743480409012
-5,9,5.0
-5,9,22.85754936977238
-5,9,10.842182662742516
-5,9,5.0
-5,9,9.373870308249389
-5,9,24.9995397152625
-5,9,7.614207537917057
-5,9,16.874013817060412
-5,9,14.562283788126917
-6,9,5.0
-6,9,13.013182994401095
-6,9,13.92248969209888
-6,9,16.636233444195476
-6,9,21.14563161800738
-6,9,5.0
-6,9,5.0
-6,9,8.615180710591822
-6,9,11.044696779407944
-6,9,39.64174928087578
-6,9,10.978545348441832
-6,9,16.003987019065917
-6,9,15.022783695573029
-6,9,5.0
-6,9,9.90666373452332
-6,9,13.535624334501138
-6,9,17.353819514413
-6,9,19.2738167011614
-6,9,15.213138620748827
-6,9,5.0
-5,9,18.97475671785619
-5,9,5.0
-5,9,5.0
-5,9,22.783565462211342
-5,9,11.615745002477453
-5,9,5.0
-5,9,10.265238157483761
-5,9,22.71387807886891
-5,9,10.460772040107535
-5,9,11.907684263554994
-5,9,12.455753401333409
-5,9,9.006648692005136
-5,9,18.345796061746263
-5,9,5.0
-5,9,22.27910391304266
-5,9,13.09669605387624
-5,9,5.130072934923269
-5,9,12.813121562817122
-5,9,21.656783866186593
-5,9,15.006112794494559
-5,10,14.594581727351041
-5,10,9.81370849596474
-5,10,6.662461990399631
-5,10,8.138752181109096
-5,10,14.607920219125937
-5,10,17.699195042119708
-5,10,5.0
-5,10,28.42832161903467
-5,10,23.463869532329042
-5,10,15.247903060059974
-5,10,12.178946798054065
-5,10,12.50727725727213
-5,10,21.406034476095982
-5,10,13.725939323016583
-5,10,8.447679465653872
-5,10,16.799543096075833
-5,10,5.0
-5,10,6.792328232256586
-5,10,11.739935762123936
-5,10,11.254023361026753
-6,10,14.438992415573573
-6,10,15.067662654394926
-6,10,16.9216489541468
-6,10,5.0
-6,10,19.37895657450321
-6,10,5.0
-6,10,11.641369297074133
-6,10,20.26836981676071
-6,10,7.586958863905217
-6,10,13.586762814443924
-6,10,13.22598524627557
-6,10,5.0
-6,10,12.959291997405543
-6,10,9.514712820921792
-6,10,23.89257349620577
-6,10,15.108380725596277
-6,10,19.957381780114865
-6,10,12.730692270906534
-6,10,17.818537323839276
-6,10,11.839089178325807
-7,10,13.73229542378802
-7,10,9.463282826727095
-7,10,16.984476635704564
-7,10,7.192421064621145
-7,10,13.260484909863882
-7,10,9.460938521643756
-7,10,6.031483254416267
-7,10,5.5893638010159785
-7,10,5.0
-7,10,15.46579949380344
-7,10,25.2723931336678
-7,10,20.180229993105677
-7,10,5.0
-7,10,17.715669192592316
-7,10,5.0
-7,10,19.846537226874986
-7,10,20.632007726153567
-7,10,11.49944607645679
-7,10,20.992881929467664
-7,10,6.335206777277747
-8,10,5.0
-8,10,5.0
-8,10,7.310199108467253
-8,10,9.589476603445581
-8,10,19.65388949080298
-8,10,13.51754049910135
-8,10,13.640990740449912
-8,10,17.820497297055994
-8,10,5.708258485586002
-8,10,9.905891213014637
-8,10,15.357661746241893
-8,10,16.443703821310926
-8,10,9.287558904026717
-8,10,5.0
-8,10,9.458991876108769
-8,10,5.0
-8,10,9.400025280128975
-8,10,5.0
-8,10,5.0
-8,10,5.0
-9,10,12.806146170433315
-9,10,12.29191040738896
-9,10,6.660409599168129
-9,10,5.0
-9,10,5.0
-9,10,9.894822240943174
-9,10,5.0
-9,10,6.714296612602519
-9,10,11.966612421390094
-9,10,5.0
-9,10,5.0
-9,10,18.25037215728306
-9,10,5.0
-9,10,5.0
-9,10,5.0
-9,10,15.52977740378202
-9,10,14.544751965456793
-9,10,5.0
-9,10,5.0
-9,10,5.0
-10,10,15.303030044907354
-10,10,16.063921299383225
-10,10,16.109021834880792
-10,10,13.787587871777575
-10,10,11.925259183166366
-10,10,14.007906404439577
-10,10,5.0
-10,10,11.759677627654145
-10,10,19.74915761853331
-10,10,5.0
-10,10,5.0
-10,10,5.0
-10,10,5.0
-10,10,12.434155035574062
-10,10,6.874676719727152
-10,10,7.851050473499043
-10,10,13.551347780520175
-10,10,28.292293431917614
-10,10,7.127512782325222
-10,10,5.0
-11,10,5.0
-11,10,20.656000010258122
-11,10,5.0
-11,10,7.249865504663559
-11,10,5.0
-11,10,5.0
-11,10,12.594333396558905
-11,10,5.0
-11,10,16.852799025363822
-11,10,18.476252862468673
-11,10,6.839857329401157
-11,10,5.0
-11,10,5.0
-11,10,19.221278864082706
-11,10,7.889652025506853
-11,10,5.0
-11,10,10.468314874492659
-11,10,5.0
-11,10,10.726232605189193
-11,10,12.069790598620948
-12,10,5.0
-12,10,5.0
-12,10,18.710823244116845
-12,10,5.0
-12,10,5.0
-12,10,5.0
-12,10,11.930704310505924
-12,10,17.724754984453824
-12,10,6.050161327849512
-12,10,5.0
-12,10,12.38750159569825
-12,10,18.358181930120566
-12,10,5.0
-12,10,20.942708403283767
-12,10,11.557712721089521
-12,10,5.0
-12,10,18.062617834191215
-12,10,7.741818052447789
-12,10,9.558886990439472
-12,10,10.664077633048471
-13,10,19.940149816046535
-13,10,20.31240273255878
-13,10,5.7233348771960415
-13,10,5.0
-13,10,10.378799189424925
-13,10,13.319370927019115
-13,10,5.0
-13,10,12.83009858999382
-13,10,5.0
-13,10,8.054760897291933
-13,10,9.619423975274943
-13,10,5.0
-13,10,5.0
-13,10,11.70478736081072
-13,10,6.784745787166221
-13,10,5.0
-13,10,6.476852870552986
-13,10,5.297016655910894
-13,10,9.417397824299947
-13,10,5.0
-13,9,5.101600207699476
-13,9,5.0
-13,9,20.315178120365758
-13,9,5.0
-13,9,5.0
-13,9,5.605905248740454
-13,9,5.0
-13,9,5.0
-13,9,19.78296403660186
-13,9,5.0
-13,9,12.162729246781353
-13,9,5.0
-13,9,5.0
-13,9,10.587146110711544
-13,9,5.0
-13,9,6.318354671593894
-13,9,9.448971252184606
-13,9,7.630081725919781
-13,9,5.0
-13,9,8.76345192407659
-13,10,5.0
-13,10,5.0
-13,10,5.0
-13,10,9.141688165029112
-13,10,11.339098412810202
-13,10,5.0
-13,10,5.0
-13,10,5.0
-13,10,5.0
-13,10,17.079086132500954
-13,10,8.50632613418307
-13,10,12.330455402733612
-13,10,7.8947114985375375
-13,10,7.206082631531759
-13,10,19.342375688670668
-13,10,5.0
-13,10,5.0
-13,10,7.461402456585216
-13,10,5.0
-13,10,6.264711204826321
-12,10,5.0
-12,10,9.140212322495636
-12,10,10.549264500498337
-12,10,9.080486469515991
-12,10,5.0
-12,10,5.0
-12,10,18.326770766144218
-12,10,9.471285918032288
-12,10,17.688300276095426
-12,10,5.0
-12,10,5.0
-12,10,13.156604184568089
-12,10,6.590155045476896
-12,10,5.0
-12,10,5.945522946005033
-12,10,5.0
-12,10,10.63192223993151
-12,10,10.916792721225274
-12,10,7.143168316795312
-12,10,13.134483423884348
-12,11,5.0
-12,11,5.0
-12,11,5.0
-12,11,12.638868675908554
-12,11,6.687341349308909
-12,11,14.834000415230857
-12,11,8.423933772570662
-12,11,5.0
-12,11,5.52375416420812
-12,11,7.3615158429222545
-12,11,9.93528178123677
-12,11,14.873743172885954
-12,11,10.659369354558923
-12,11,5.685394739621643
-12,11,5.0
-12,11,5.0
-12,11,22.622002915819458
-12,11,14.338733030674563
-12,11,5.0
-12,11,5.0
-13,11,7.349528161999688
-13,11,7.167594221033257
-13,11,5.0
-13,11,5.0
-13,11,5.0
-13,11,13.530230851424546
-13,11,6.6011342240150395
-13,11,5.0
-13,11,7.897781274709716
-13,11,11.248454758496615
-13,11,6.918853905486291
-13,11,5.0
-13,11,5.0
-13,11,5.721690453217857
-13,11,8.764352159491064
-13,11,5.0
-13,11,5.0
-13,11,11.854211925494564
-13,11,5.0
-13,11,5.0
-13,10,10.806401683494938
-13,10,16.26082885340574
-13,10,5.84456058953571
-13,10,7.72893397048543
-13,10,12.974344644085576
-13,10,12.88607537212788
-13,10,5.0
-13,10,5.81641904076783
-13,10,7.871562831320181
-13,10,7.323936737250606
-13,10,19.37183544678442
-13,10,15.553508896793568
-13,10,5.0
-13,10,7.524967382646332
-13,10,5.662935114250985
-13,10,5.0
-13,10,5.0
-13,10,7.139288008278616
-13,10,5.270320886079036
-13,10,7.0440002931467
-13,11,15.20736409060732
-13,11,7.36456532812921
-13,11,14.32816862283687
-13,11,6.6962868125146935
-13,11,6.593035147641519
-13,11,8.47978142683978
-13,11,9.50325024174439
-13,11,5.0
-13,11,13.255045208930841
-13,11,5.0
-13,11,14.842450022608382
-13,11,21.271994375041434
-13,11,15.79532439348755
-13,11,5.0
-13,11,5.0
-13,11,7.990685753486012
-13,11,5.0
-13,11,5.0
-13,11,5.0
-13,11,5.0
-14,11,5.0
-14,11,5.0
-14,11,12.360028861055108
-14,11,5.0
-14,11,21.88857782891779
-14,11,16.841993852239952
-14,11,5.0
-14,11,10.544822150699083
-14,11,5.0
-14,11,5.0
-14,11,5.0
-14,11,5.341446299911164
-14,11,6.820956662834037
-14,11,5.0
-14,11,5.609949817677599
-14,11,18.34565965881684
-14,11,23.67315832333153
-14,11,5.0
-14,11,15.441017589504566
-14,11,5.0
-15,11,5.0
-15,11,5.0
-15,11,19.009791296760525
-15,11,5.0
-15,11,8.054788586054478
-15,11,5.0
-15,11,5.0
-15,11,19.58029616198793
-15,11,10.324316888462864
-15,11,5.0
-15,11,12.435063184635965
-15,11,12.934333714644945
-15,11,5.0
-15,11,5.0
-15,11,5.0
-15,11,7.565838451795698
-15,11,5.0
-15,11,17.153868873269964
-15,11,14.870626611253305
-15,11,14.843925353856378
-15,12,10.602213429409026
-15,12,5.0
-15,12,5.0
-15,12,12.652328402092639
-15,12,8.124628701395832
-15,12,5.0
-15,12,5.0
-15,12,5.0
-15,12,12.742602300647034
-15,12,5.0
-15,12,5.0
-15,12,5.0
-15,12,5.0
-15,12,5.0
-15,12,20.780074113320126
-15,12,5.9783880862229255
-15,12,5.0
-15,12,5.0
-15,12,6.740959551972615
-15,12,5.0
-16,12,10.833546036870702
-16,12,11.291039086350048
-16,12,6.0643074543004944
-16,12,11.262218779188537
-16,12,10.65849531407419
-16,12,5.0
-16,12,5.0
-16,12,12.154522669456753
-16,12,5.0
-16,12,6.2102922329139005
-16,12,5.0
-16,12,10.273610717343011
-16,12,5.0
-16,12,8.188698702207907
-16,12,5.0
-16,12,5.0
-16,12,5.0
-16,12,7.449431334269622
-16,12,5.0
-16,12,7.896228808604515
-16,11,5.0
-16,11,5.0
-16,11,5.0
-16,11,5.0
-16,11,5.0
-16,11,5.0
-16,11,5.0
-16,11,5.0
-16,11,9.55435705206733
-16,11,5.0
-16,11,10.655131035944708
-16,11,7.138043811423149
-16,11,18.535523108046178
-16,11,5.0
-16,11,5.0
-16,11,5.0
-16,11,16.582516020464233
-16,11,5.0
-16,11,17.354324840189996
-16,11,5.0
-15,11,8.642576048894949
-15,11,5.0
-15,11,18.08813640095032
-15,11,5.0
-15,11,5.0
-15,11,5.0
-15,11,5.0
-15,11,6.288134488747977
-15,11,5.0
-15,11,5.0
-15,11,7.083234753428247
-15,11,10.614174974019988
-15,11,5.0
-15,11,5.0
-15,11,5.0
-15,11,5.0
-15,11,18.253328178138858
-15,11,5.0
-15,11,5.0
-15,11,5.0
-16,11,5.0
-16,11,9.048609223914262
-16,11,8.904451674914913
-16,11,5.56691402127838
-16,11,6.130086284118487
-16,11,16.928647114949992
-16,11,5.0
-16,11,5.310940072154527
-16,11,10.996097932974447
-16,11,5.0
-16,11,5.0
-16,11,5.0
-16,11,8.443014170231537
-16,11,5.947855976454582
-16,11,5.0
-16,11,7.751136135204259
-16,11,5.0
-16,11,14.052169562483828
-16,11,5.0
-16,11,5.0
-15,11,15.595755486063464
-15,11,5.0
-15,11,5.926801384345372
-15,11,5.0
-15,11,5.915029475554628
-15,11,8.402367081452649
-15,11,5.0
-15,11,5.0
-15,11,5.0
-15,11,5.0
-15,11,13.856423921966707
-15,11,5.0
-15,11,7.4151662013656825
-15,11,13.324954820571033
-15,11,5.0
-15,11,5.0
-15,11,17.472190219670367
-15,11,5.0
-15,11,15.431542149206022
-15,11,5.0
-15,10,5.0
-15,10,5.0
-15,10,5.0
-15,10,9.856319229005159
-15,10,6.654578749695263
-15,10,5.0
-15,10,5.82444165738083
-15,10,5.0
-15,10,19.12830317905368
-15,10,5.0
-15,10,5.0
-15,10,5.0
-15,10,5.0
-15,10,5.0
-15,10,5.0
-15,10,5.0
-15,10,5.0
-15,10,5.0
-15,10,5.0
-15,10,5.0
-14,10,15.27472341302451
-14,10,7.023478062206624
-14,10,7.578255710726081
-14,10,5.0
-14,10,10.391816577822144
-14,10,5.0
-14,10,9.684087202042067
-14,10,13.619352798580877
-14,10,5.0
-14,10,5.0
-14,10,5.0
-14,10,7.476308047522378
-14,10,5.0
-14,10,6.322677064314275
-14,10,5.634484973877028
-14,10,5.0
-14,10,10.781079437220662
-14,10,13.344554555836748
-14,10,10.31296915228058
-14,10,5.0
-14,11,5.0
-14,11,12.729220189747984
-14,11,5.0
-14,11,5.0
-14,11,5.0
-14,11,9.872213406640094
-14,11,11.801102265616043
-14,11,5.0
-14,11,5.0
-14,11,10.912497408039235
-14,11,5.0
-14,11,5.0
-14,11,8.84821094364833
-14,11,5.0
-14,11,7.271680698701337
-14,11,10.359990301974065
-14,11,5.0
-14,11,5.0
-14,11,10.561612173773513
-14,11,5.0
-14,12,15.349495124411005
-14,12,5.0
-14,12,5.0
-14,12,6.583682012947829
-14,12,9.292498309337468
-14,12,5.0
-14,12,10.072333487609303
-14,12,5.0
-14,12,10.901842058610166
-14,12,5.0
-14,12,5.0
-14,12,5.0
-14,12,8.084266307432834
-14,12,8.03685068495184
-14,12,12.88175213834189
-14,12,5.0
-14,12,5.0
-14,12,5.0
-14,12,9.242726132105656
-14,12,11.53593243777828
-14,11,5.0
-14,11,5.0
-14,11,12.41528528792874
-14,11,5.0
-14,11,9.190717232546703
-14,11,5.0
-14,11,15.016128269616182
-14,11,5.0
-14,11,5.0
-14,11,12.271450769499971
-14,11,5.0
-14,11,6.114132946418674
-14,11,9.826142413173706
-14,11,5.862186279533891
-14,11,8.619724299178733
-14,11,5.0
-14,11,13.090424991726698
-14,11,6.001704845946275
-14,11,5.238022793004505
-14,11,5.0
-13,11,5.0
-13,11,5.0
-13,11,5.0
-13,11,6.603228214607325
-13,11,5.0
-13,11,5.0
-13,11,5.0
-13,11,5.0
-13,11,15.071284594777318
-13,11,9.580276296722692
-13,11,5.0
-13,11,6.462833657147032
-13,11,5.0
-13,11,20.908472345564885
-13,11,5.0
-13,11,18.323538934025002
-13,11,5.0
-13,11,5.0
-13,11,5.0
-13,11,5.0
-12,11,5.0
-12,11,9.63689729575037
-12,11,5.313176907520225
-12,11,5.0
-12,11,5.0
-12,11,6.5107004477513755
-12,11,5.530904378447708
-12,11,7.456581064612221
-12,11,5.0
-12,11,8.751291257616401
-12,11,6.236198059357047
-12,11,5.0
-12,11,11.040623380937426
-12,11,12.107028665420135
-12,11,8.527728252689665
-12,11,5.0
-12,11,9.432400809342095
-12,11,5.0
-12,11,12.648229178970649
-12,11,5.0
-12,10,9.83457858566663
-12,10,5.0
-12,10,5.0
-12,10,11.179890858971376
-12,10,14.233605096903563
-12,10,5.0
-12,10,6.259156745321338
-12,10,10.865685348810796
-12,10,6.034834005725344
-12,10,14.464722149985935
-12,10,15.091799947609895
-12,10,6.204447005958944
-12,10,5.0
-12,10,12.44027534708723
-12,10,11.017352400418044
-12,10,8.46891098209226
-12,10,5.0
-12,10,11.005979028529282
-12,10,5.0
-12,10,5.0
-12,9,18.833760896830626
-12,9,5.0
-12,9,6.038615746865163
-12,9,5.0
-12,9,5.0
-12,9,29.501513660347793
-12,9,5.0
-12,9,5.0
-12,9,7.783831591321153
-12,9,5.0
-12,9,9.635776355793057
-12,9,5.21146793491259
-12,9,5.0
-12,9,5.0
-12,9,9.483935531544162
-12,9,9.197100354213141
-12,9,10.786370212490107
-12,9,9.851827285935855
-12,9,8.980148604608505
-12,9,5.0
-11,9,9.324036961259234
-11,9,18.491027995775124
-11,9,6.221466193712519
-11,9,15.481972798506982
-11,9,5.0
-11,9,5.0
-11,9,19.250700496934307
-11,9,5.0
-11,9,15.673050772832264
-11,9,16.3894358927898
-11,9,36.16687733812614
-11,9,5.0
-11,9,5.0
-11,9,13.895024641432915
-11,9,5.0
-11,9,7.656534462197466
-11,9,10.744013205228173
-11,9,5.887776280414893
-11,9,5.0
-11,9,5.0
-11,8,14.448002739523726
-11,8,12.69810585560874
-11,8,11.076730521041881
-11,8,13.958613394361244
-11,8,13.802415652029637
-11,8,11.535934822834705
-11,8,6.274275570785269
-11,8,7.216949209074779
-11,8,11.50811125378951
-11,8,6.749000895319615
-11,8,5.0
-11,8,13.64786934017486
-11,8,6.87056871564661
-11,8,24.69739111057293
-11,8,5.0
-11,8,26.015718138442317
-11,8,14.502168582464533
-11,8,7.875010839493882
-11,8,14.22409554849506
-11,8,10.8140049557903
-11,7,17.941457797771275
-11,7,5.0
-11,7,23.44065270665448
-11,7,11.65445868690007
-11,7,18.423472176961894
-11,7,8.947356371903615
-11,7,5.0
-11,7,7.818502582547401
-11,7,10.949122508968873
-11,7,15.612847012439955
-11,7,6.508748136220403
-11,7,14.536430997907697
-11,7,28.91684279707396
-11,7,14.525535978247893
-11,7,17.226960626756888
-11,7,10.589682222911335
-11,7,8.368485914300589
-11,7,12.581635409349044
-11,7,5.0
-11,7,9.509042133989984
-11,8,5.050629064701456
-11,8,8.692497310571081
-11,8,5.0
-11,8,11.331954433890768
-11,8,10.861882482904857
-11,8,5.0
-11,8,7.571397378620367
-11,8,5.577631369162139
-11,8,13.159106371824873
-11,8,5.0
-11,8,10.271354741742972
-11,8,17.808764130963315
-11,8,5.0
-11,8,5.0
-11,8,11.503654368994177
-11,8,6.3586942834158275
-11,8,11.325457745031683
-11,8,5.0
-11,8,8.423922346801652
-11,8,6.873230426499213
-11,7,5.590678617997155
-11,7,10.938109361791147
-11,7,20.727261438484845
-11,7,5.0
-11,7,9.462181317603665
-11,7,12.18614608792558
-11,7,9.009399211208299
-11,7,18.156850280069364
-11,7,18.82520297080732
-11,7,10.701429277147623
-11,7,5.0
-11,7,16.225070832539185
-11,7,17.65358749649708
-11,7,5.0
-11,7,5.0
-11,7,5.0
-11,7,13.938555256402534
-11,7,8.489146197978377
-11,7,5.0
-11,7,5.0
-12,7,18.580375297300904
-12,7,18.71330396028532
-12,7,12.595383624862382
-12,7,5.0
-12,7,16.72306183089275
-12,7,10.386599946144848
-12,7,21.41653322125559
-12,7,27.64305544886561
-12,7,8.138239487832672
-12,7,17.800292845376227
-12,7,23.173725364996457
-12,7,11.367610835272995
-12,7,19.545838160927254
-12,7,5.0
-12,7,14.052500042729026
-12,7,21.123163223672854
-12,7,5.0
-12,7,11.064046698034428
-12,7,6.985868064282758
-12,7,9.595647368619542
-12,8,8.463159810031293
-12,8,23.31090138681249
-12,8,11.30577859519624
-12,8,16.341319033562247
-12,8,8.832710314058945
-12,8,8.246287687372984
-12,8,8.19888091152919
-12,8,5.0
-12,8,7.348330027484769
-12,8,5.0
-12,8,5.0
-12,8,10.890898567489472
-12,8,5.085856843999329
-12,8,9.141515602518675
-12,8,8.068885330443825
-12,8,5.0
-12,8,29.258452766924332
-12,8,17.107739325133984
-12,8,7.741848951093984
-12,8,9.759802872191482
-13,8,5.0
-13,8,21.59503812061301
-13,8,12.721200539346999
-13,8,5.0
-13,8,5.0
-13,8,5.0
-13,8,7.629873001170316
-13,8,5.0
-13,8,10.788595225827201
-13,8,8.569017640062732
-13,8,15.931040747062088
-13,8,18.879408353558723
-13,8,5.0
-13,8,5.0
-13,8,8.127303996015943
-13,8,10.630038567127606
-13,8,28.538898316207806
-13,8,5.0
-13,8,5.0
-13,8,5.0
-12,8,8.551892627540493
-12,8,8.810568464030121
-12,8,5.012801686884285
-12,8,5.0
-12,8,6.395873238552742
-12,8,5.0
-12,8,7.724649506270934
-12,8,9.757601630285064
-12,8,30.765944523034854
-12,8,5.0
-12,8,7.579037284253161
-12,8,10.456472591381907
-12,8,21.273126629239094
-12,8,6.917323941577188
-12,8,20.211142413024128
-12,8,5.0
-12,8,5.0
-12,8,5.0
-12,8,15.55583342678167
-12,8,11.533948239647787
-12,9,9.69372700258674
-12,9,5.0
-12,9,5.0
-12,9,5.0
-12,9,22.401322697574418
-12,9,5.0
-12,9,5.433776657043086
-12,9,5.420003611092067
-12,9,16.90859627093146
-12,9,15.84273991719956
-12,9,15.253391028482378
-12,9,6.933669331963399
-12,9,5.0
-12,9,5.0
-12,9,11.981407280157008
-12,9,8.661832336353923
-12,9,12.306804136154522
-12,9,13.845755278608546
-12,9,6.419215327327182
-12,9,15.271327841807706
-11,9,5.0
-11,9,16.167520268394412
-11,9,5.0
-11,9,21.102195305518524
-11,9,6.791102168828619
-11,9,6.3195696061614335
-11,9,11.121203213120875
-11,9,6.522843218457372
-11,9,14.389666947175064
-11,9,16.45128536130249
-11,9,18.111380868746565
-11,9,5.0
-11,9,9.030325592118832
-11,9,22.289232922895593
-11,9,16.12185050377743
-11,9,5.0
-11,9,10.11795113691359
-11,9,5.0
-11,9,5.0
-11,9,5.0
-11,8,5.0
-11,8,22.981703638246444
-11,8,14.996618378188238
-11,8,9.17492776205016
-11,8,5.0
-11,8,5.0
-11,8,7.099778686446748
-11,8,10.76566986457603
-11,8,9.119372128138028
-11,8,16.069393078958402
-11,8,15.877371018255074
-11,8,9.860534664921769
-11,8,8.2296904989158
-11,8,5.0
-11,8,10.021969962232804
-11,8,13.959026664959257
-11,8,5.0
-11,8,5.0
-11,8,11.15077743582118
-11,8,14.230720139282733
-10,8,5.81085636991207
-10,8,5.0
-10,8,12.19374579577942
-10,8,15.383928709236102
-10,8,5.048119834823332
-10,8,6.093319336507049
-10,8,17.619069974113255
-10,8,5.0
-10,8,31.313803654687625
-10,8,5.0
-10,8,5.0
-10,8,25.689157656005563
-10,8,5.0
-10,8,5.0
-10,8,5.0
-10,8,6.305301236035158
-10,8,5.0
-10,8,15.354422742691508
-10,8,6.776213085860709
-10,8,17.123107820452002
-10,7,8.1585642852548
-10,7,23.513132465083444
-10,7,5.0
-10,7,5.0
-10,7,8.248356057264452
-10,7,15.391783299560275
-10,7,25.47059208029762
-10,7,5.0
-10,7,15.218602420302696
-10,7,13.077686407513834
-10,7,5.0
-10,7,10.533808012210853
-10,7,8.78267146411031
-10,7,5.268156126353192
-10,7,15.586214492886679
-10,7,11.990140358215822
-10,7,15.859414443739855
-10,7,5.0
-10,7,5.0
-10,7,8.602396041493442
-9,7,10.925902457748798
-9,7,22.48880756996899
-9,7,23.591190467146202
-9,7,7.137458465208031
-9,7,8.005588255607783
-9,7,13.044737185101827
-9,7,5.0
-9,7,18.518338559582816
-9,7,14.921917305793167
-9,7,11.71676937690529
-9,7,12.893495710004789
-9,7,9.452852418720102
-9,7,20.54164253654688
-9,7,5.0
-9,7,8.515192084521004
-9,7,5.0
-9,7,22.859989057202423
-9,7,5.0
-9,7,14.850548510407597
-9,7,8.141459294290858
-9,8,11.867040773320412
-9,8,14.506896684407124
-9,8,19.834280269187616
-9,8,9.360794707799968
-9,8,7.360261363247014
-9,8,17.49851800862218
-9,8,5.0
-9,8,12.952406247875434
-9,8,5.0
-9,8,14.21263038740032
-9,8,20.808198809509623
-9,8,5.0
-9,8,11.815531141839045
-9,8,5.0
-9,8,5.0
-9,8,11.642868893622751
-9,8,15.590899357426814
-9,8,21.853853334814964
-9,8,13.276272557005536
-9,8,23.033083239457092
-10,8,6.413445923371562
-10,8,13.911331019655826
-10,8,11.006117303593495
-10,8,5.0
-10,8,12.082408244051283
-10,8,5.0
-10,8,5.208042692399731
-10,8,6.3434815738460415
-10,8,13.812706914784881
-10,8,24.31437812404529
-10,8,11.189179534343271
-10,8,8.000447014342502
-10,8,6.474240134228993
-10,8,9.461093434145974
-10,8,11.525180142353197
-10,8,6.503856464843869
-10,8,22.244991287674033
-10,8,5.0
-10,8,11.17275900383293
-10,8,5.0
-10,7,19.474440336089813
-10,7,14.055961430653191
-10,7,10.971892517730966
-10,7,5.0
-10,7,13.003056284182888
-10,7,9.128817991846487
-10,7,29.604848662987735
-10,7,5.0
-10,7,12.643513676131064
-10,7,12.030792094863145
-10,7,5.0
-10,7,5.0
-10,7,5.0
-10,7,5.0
-10,7,5.0
-10,7,5.0
-10,7,24.49426186423667
-10,7,22.51576802512206
-10,7,15.20936914874757
-10,7,10.050561480159203
-9,7,5.0
-9,7,7.639285960367013
-9,7,15.617804061393825
-9,7,5.0
-9,7,5.0
-9,7,19.115408048607332
-9,7,6.789019280131097
-9,7,16.662327610956943
-9,7,9.257826059692588
-9,7,5.0
-9,7,15.669545573616453
-9,7,18.588319591721515
-9,7,5.0
-9,7,5.0
-9,7,9.836714443450067
-9,7,11.659444462406421
-9,7,6.58638518114661
-9,7,5.0
-9,7,14.267330209659441
-9,7,20.577154080868205
-10,7,15.759001101735766
-10,7,5.0
-10,7,9.107721255977538
-10,7,13.949847666391427
-10,7,8.235720928407087
-10,7,7.7060780658193755
-10,7,5.0
-10,7,5.923419515614088
-10,7,5.0
-10,7,6.960919274737946
-10,7,22.684875687196566
-10,7,13.907381491926767
-10,7,13.206988485302404
-10,7,6.025765986429976
-10,7,18.548542669324675
-10,7,26.710210085700353
-10,7,16.735617941311766
-10,7,20.311822592632268
-10,7,27.151316789915057
-10,7,5.0
-10,6,10.098313947022024
-10,6,15.319546444959402
-10,6,7.615373199819835
-10,6,5.0
-10,6,16.966702223348012
-10,6,10.799931382693314
-10,6,12.980665638276541
-10,6,10.829436844460325
-10,6,33.22595313527707
-10,6,15.283324685795636
-10,6,13.733372547705892
-10,6,9.33080982390835
-10,6,11.462385123130607
-10,6,8.232212381845324
-10,6,11.828874285989713
-10,6,19.46173067292687
-10,6,5.0
-10,6,7.331788703699438
-10,6,17.72594106664024
-10,6,24.18074006502703
-10,5,5.0
-10,5,14.80794469455284
-10,5,5.926058494492054
-10,5,8.482236781084145
-10,5,10.99447517258067
-10,5,7.295018292783412
-10,5,18.51487946101588
-10,5,14.354533300773223
-10,5,5.0
-10,5,5.0
-10,5,8.85550910709789
-10,5,15.247415620410695
-10,5,10.514501346844252
-10,5,8.855057376124696
-10,5,9.283871427387052
-10,5,5.0
-10,5,34.38244274328824
-10,5,24.466784637271463
-10,5,10.63291636337696
-10,5,17.29203541025991
-9,5,19.258346927231955
-9,5,10.92141615438369
-9,5,19.540964788472344
-9,5,5.54203098535945
-9,5,6.345280290670142
-9,5,14.294155569308298
-9,5,36.645368203165575
-9,5,9.016050082302355
-9,5,27.351171051786118
-9,5,16.42109908575827
-9,5,10.456478281958805
-9,5,7.046042188136121
-9,5,5.0
-9,5,13.357970360224346
-9,5,8.097290244090004
-9,5,5.0
-9,5,17.332674891336396
-9,5,5.0
-9,5,7.843981395409232
-9,5,9.224147610157617
-8,5,17.427545039774966
-8,5,9.263431205357367
-8,5,12.944214598341945
-8,5,7.300538165293862
-8,5,16.533460296719003
-8,5,19.724654369318174
-8,5,16.49753894743332
-8,5,21.826141558532726
-8,5,28.88249987767085
-8,5,5.0
-8,5,8.049008958775854
-8,5,5.0
-8,5,19.652437590141453
-8,5,5.0
-8,5,16.133129291752628
-8,5,6.331341560127491
-8,5,8.601176902418036
-8,5,9.527245653558804
-8,5,5.0
-8,5,9.884066526634077
-8,4,7.789976565331426
-8,4,15.587508780050717
-8,4,10.262275563458596
-8,4,17.085251902116948
-8,4,33.33550029993837
-8,4,10.360049230597498
-8,4,10.837969733759728
-8,4,5.0
-8,4,17.31049680038957
-8,4,9.431457241760054
-8,4,24.465855593120118
-8,4,5.0
-8,4,30.091538197926067
-8,4,9.9546038464278
-8,4,26.268354976815438
-8,4,16.155010274756357
-8,4,8.803826924720687
-8,4,18.320280963283395
-8,4,18.1809294963445
-8,4,8.872300221414765
-8,3,6.731853319746423
-8,3,12.266247731745697
-8,3,5.0
-8,3,7.471606407037401
-8,3,5.6174755295986145
-8,3,5.0
-8,3,6.539567557489117
-8,3,7.466049689333378
-8,3,23.04161846082328
-8,3,23.953541596243298
-8,3,19.43972874500438
-8,3,8.63724642606549
-8,3,17.17903251445866
-8,3,18.701480436892826
-8,3,16.300132772758154
-8,3,17.585078036739603
-8,3,12.734856555619846
-8,3,5.0
-8,3,5.6251858680604006
-8,3,19.134699308899084
-8,2,19.471742937478425
-8,2,14.580697669097946
-8,2,10.094659341657742
-8,2,5.947560770410022
-8,2,6.245162566461266
-8,2,8.730392737913155
-8,2,11.55898027690757
-8,2,17.298459670201378
-8,2,24.257250674266736
-8,2,16.340047548185378
-8,2,9.451687371969035
-8,2,9.015768476917085
-8,2,19.521910944214167
-8,2,22.87853646598621
-8,2,18.51760262032577
-8,2,30.012282270650175
-8,2,5.0
-8,2,17.40386344565498
-8,2,9.93469266666352
-8,2,12.298657370570353
-8,1,25.12031583115038
-8,1,32.22224766753935
-8,1,15.550530064753609
-8,1,5.0
-8,1,8.39663352431899
-8,1,12.248109458238408
-8,1,5.0
-8,1,13.553821223551228
-8,1,22.812090797806995
-8,1,5.0
-8,1,13.713816015815933
-8,1,38.1165357576963
-8,1,12.624865589326301
-8,1,18.56993829656204
-8,1,12.533972007827673
-8,1,8.97257628827816
-8,1,11.071858388224069
-8,1,5.0
-8,1,5.0
-8,1,6.0526223197634135
-7,1,7.1734215687095775
-7,1,11.244158133966978
-7,1,5.0
-7,1,18.24599742887202
-7,1,14.9768970819723
-7,1,12.630542669037828
-7,1,21.955686683949327
-7,1,26.553749773643922
-7,1,19.214229603125805
-7,1,23.22330567193746
-7,1,22.071841409070853
-7,1,27.162708919696033
-7,1,15.499782467340534
-7,1,24.508777323387488
-7,1,10.125657565445398
-7,1,14.745966345906446
-7,1,22.461339715808442
-7,1,17.451275793758093
-7,1,11.220129540970804
-7,1,24.126982695797903
-7,0,5.0
-7,0,15.780006104920448
-7,0,5.094143330890604
-7,0,11.452486043618642
-7,0,5.0
-7,0,25.426122453531562
-7,0,18.7814735482598
-7,0,16.94533435851885
-7,0,34.04500168951772
-7,0,11.018574014506935
-7,0,24.01608207010535
-7,0,12.499830370371363
-7,0,14.345645689967567
-7,0,14.968013754495576
-7,0,9.869135414293927
-7,0,18.145786256573302
-7,0,11.44418435223766
-7,0,31.557882801113585
-7,0,10.863577514241715
-7,0,5.0
-7,-1,20.96973073816456
-7,-1,14.274387173961186
-7,-1,13.241044223539927
-7,-1,15.662856078580665
-7,-1,13.66346193405785
-7,-1,11.010320696919617
-7,-1,11.56376234825523
-7,-1,19.019458759894675
-7,-1,11.355410961346005
-7,-1,15.153537589065415
-7,-1,20.010313980645535
-7,-1,13.180916519916897
-7,-1,26.077456735882528
-7,-1,15.677306558181725
-7,-1,10.74691668169937
-7,-1,7.384393346326201
-7,-1,5.39411473202928
-7,-1,16.451838466496472
-7,-1,15.800535499659722
-7,-1,5.230482114809012
-7,-2,12.452315123118495
-7,-2,20.958511559058053
-7,-2,27.116297602323144
-7,-2,29.534224845458553
-7,-2,17.124674343756784
-7,-2,16.145312140874758
-7,-2,11.206564754715636
-7,-2,16.960709490654462
-7,-2,39.574177794771145
-7,-2,16.079227227117883
-7,-2,15.16500011444585
-7,-2,18.118936068643094
-7,-2,11.67058198009172
-7,-2,18.79468017314688
-7,-2,5.0
-7,-2,16.31050039357067
-7,-2,31.562315230990833
-7,-2,19.242908630860395
-7,-2,18.297797986554574
-7,-2,6.020703600121153
-6,-2,12.865520405453385
-6,-2,15.273052252349512
-6,-2,38.449877277194204
-6,-2,20.729319865546447
-6,-2,26.522803927529658
-6,-2,31.610572806077386
-6,-2,19.386722286879383
-6,-2,24.853214708373432
-6,-2,10.528430678904718
-6,-2,20.186617964506556
-6,-2,5.0
-6,-2,24.413213282248083
-6,-2,14.041757596099766
-6,-2,29.456470412617414
-6,-2,26.323115661543767
-6,-2,18.26922101823392
-6,-2,28.597560579012917
-6,-2,5.0
-6,-2,32.097474366282796
-6,-2,26.48266109717712
-6,-3,9.238965422689528
-6,-3,34.04526983907532
-6,-3,26.455554227951087
-6,-3,7.434016655298838
-6,-3,25.12613732676042
-6,-3,15.304346242482843
-6,-3,21.534994290180308
-6,-3,8.662626975451186
-6,-3,35.91109526828558
-6,-3,16.85621815391803
-6,-3,12.616380412186825
-6,-3,10.86531823951049
-6,-3,9.338210419242106
-6,-3,12.452852713129715
-6,-3,15.580886216557232
-6,-3,5.0
-6,-3,32.764859668265046
-6,-3,21.268185367090727
-6,-3,13.339887989079749
-6,-3,28.11045399411138
-6,-4,17.82718996601858
-6,-4,17.735764930183038
-6,-4,13.366838475311946
-6,-4,5.088620565894372
-6,-4,13.161752494034285
-6,-4,13.443512977764648
-6,-4,14.127583710568675
-6,-4,9.654072990442472
-6,-4,20.45879140787423
-6,-4,11.247535513518333
-6,-4,30.692801023111667
-6,-4,8.615306685762341
-6,-4,24.932686044824784
-6,-4,11.412607299659118
-6,-4,8.341815789688646
-6,-4,13.669307634373077
-6,-4,23.27252502323264
-6,-4,8.832230969858385
-6,-4,11.023698903212308
-6,-4,26.632906297200623
-5,-4,15.434272521665024
-5,-4,8.373653115677419
-5,-4,17.613066066794207
-5,-4,33.42235144355011
-5,-4,36.51754828542897
-5,-4,21.63717180632936
-5,-4,10.060336781136748
-5,-4,16.488253165169823
-5,-4,24.935426453395788
-5,-4,9.752433986002758
-5,-4,28.248471351449357
-5,-4,26.266686831641845
-5,-4,10.22628957024414
-5,-4,18.462811349993824
-5,-4,14.751253958286817
-5,-4,7.228122059158154
-5,-4,11.419554245606841
-5,-4,13.230046816696476
-5,-4,23.343503199115204
-5,-4,25.41347183556207
-4,-4,18.356271219780083
-4,-4,29.66072110411304
-4,-4,21.582942540750075
-4,-4,16.770409155345984
-4,-4,21.49241234061965
-4,-4,7.491670498540596
-4,-4,29.64895865699946
-4,-4,15.964779543775535
-4,-4,7.70019868307574
-4,-4,21.677871282846922
-4,-4,19.015586693711356
-4,-4,9.081267918149342
-4,-4,10.743851014282107
-4,-4,14.921688088751434
-4,-4,21.457723854881714
-4,-4,22.43952404100981
-4,-4,13.724200413123024
-4,-4,41.875691137678615
-4,-4,8.780757516951489
-4,-4,11.300192726743834
-3,-4,5.0
-3,-4,12.658916792606622
-3,-4,8.363922951630613
-3,-4,17.428596489427555
-3,-4,15.737200456040604
-3,-4,15.902001505557532
-3,-4,14.408539349973308
-3,-4,23.82447520495424
-3,-4,13.768973269376751
-3,-4,19.449338311827347
-3,-4,16.644992795660198
-3,-4,19.05542533619459
-3,-4,12.475352551704724
-3,-4,9.027067798834405
-3,-4,25.19648937095097
-3,-4,14.002083352080511
-3,-4,38.89228865397753
-3,-4,5.0
-3,-4,6.943821538185069
-3,-4,19.810366624321013
-3,-3,14.869087655304023
-3,-3,19.720814390856283
-3,-3,19.813817749309013
-3,-3,16.510712213045654
-3,-3,29.342470106761883
-3,-3,10.640920990221536
-3,-3,23.434390935892818
-3,-3,15.64616877239917
-3,-3,15.511342168441946
-3,-3,22.955811907237727
-3,-3,32.24207751003956
-3,-3,22.979959922849982
-3,-3,23.26483162527941
-3,-3,13.27036903957658
-3,-3,21.65092469281158
-3,-3,22.553259830728898
-3,-3,20.86668496518798
-3,-3,26.942169968867685
-3,-3,13.321216502630564
-3,-3,21.43356877000379
-3,-4,12.718835418025233
-3,-4,19.81101541808173
-3,-4,29.788360651373168
-3,-4,5.0
-3,-4,18.59155664900799
-3,-4,27.38970433469072
-3,-4,18.304286534384776
-3,-4,16.38815533588107
-3,-4,28.29606547179911
-3,-4,28.912505148189293
-3,-4,13.80946807520171
-3,-4,19.965356778955556
-3,-4,13.977971847368737
-3,-4,24.721298927995665
-3,-4,24.34142083610284
-3,-4,29.119815337381876
-3,-4,5.0
-3,-4,22.0533029500466
-3,-4,16.87549934558888
-3,-4,22.42332241261572
-3,-3,16.73186559396928
-3,-3,20.521883852300384
-3,-3,31.297815206749775
-3,-3,15.529925988683162
-3,-3,12.532742174542765
-3,-3,33.62195041096503
-3,-3,20.893418012430015
-3,-3,15.976205831231855
-3,-3,25.921568505003943
-3,-3,30.28696958288304
-3,-3,38.29311347441647
-3,-3,23.148963911190148
-3,-3,21.82145888757919
-3,-3,36.87107679849208
-3,-3,25.262672709041155
-3,-3,33.969878218651395
-3,-3,19.05725882281454
-3,-3,51.891350350088885
-3,-3,31.07963445419321
-3,-3,29.49151415203935
-3,-4,23.518313936185287
-3,-4,10.241509450248799
-3,-4,24.798937205375562
-3,-4,44.131908265684956
-3,-4,25.41610596659488
-3,-4,25.293510284957424
-3,-4,38.27039296817293
-3,-4,5.0
-3,-4,25.859805733943976
-3,-4,16.330250633039867
-3,-4,22.923130741558936
-3,-4,35.899548655611255
-3,-4,19.140063594382077
-3,-4,18.6796455510202
-3,-4,40.06735422616652
-3,-4,7.094668383499309
-3,-4,15.379967022089705
-3,-4,25.813313373764384
-3,-4,22.757994110046067
-3,-4,26.432893642008516
-3,-5,17.81583385731945
-3,-5,19.416965343236015
-3,-5,11.335746126352777
-3,-5,20.178442552726395
-3,-5,17.355451095706286
-3,-5,5.0
-3,-5,12.534899777966707
-3,-5,12.698675735813993
-3,-5,10.99853165297835
-3,-5,16.43466854459758
-3,-5,13.998150016668243
-3,-5,21.12189516684706
-3,-5,20.65194713729882
-3,-5,25.149815905958103
-3,-5,10.927462473185553
-3,-5,26.902050277895405
-3,-5,10.52239290017197
-3,-5,23.956664261661043
-3,-5,9.287027445428281
-3,-5,15.565254018437255
-4,-5,5.0
-4,-5,5.0
-4,-5,5.0
-4,-5,32.73872093633414
-4,-5,17.610825641249203
-4,-5,5.0
-4,-5,15.371597544291673
-4,-5,18.129705531312286
-4,-5,16.973116301493782
-4,-5,5.385175640110091
-4,-5,5.0
-4,-5,5.0
-4,-5,15.766853816253581
-4,-5,17.082130030565267
-4,-5,7.652329568227708
-4,-5,34.7148462042592
-4,-5,14.978454765082303
-4,-5,20.82828668589926
-4,-5,32.0092732401107
-4,-5,18.871319728690132
-3,-5,13.760802083086034
-3,-5,5.572312407534673
-3,-5,11.798215936763139
-3,-5,18.593632688091926
-3,-5,29.98100653886783
-3,-5,17.403865103927316
-3,-5,11.724824703132217
-3,-5,40.29531188309517
-3,-5,9.8697462254751
-3,-5,10.392441519823233
-3,-5,38.43154549257572
-3,-5,5.0
-3,-5,15.085137774958817
-3,-5,16.874626739038987
-3,-5,10.146719484211555
-3,-5,17.75218306687073
-3,-5,6.654912250509037
-3,-5,13.372950910867413
-3,-5,19.42686172196206
-3,-5,12.591156214807143
-2,-5,19.195133965716952
-2,-5,15.407482435949857
-2,-5,15.160988636211412
-2,-5,8.954160337600825
-2,-5,16.694165835965876
-2,-5,6.876571450590754
-2,-5,22.550706451286178
-2,-5,26.38357217664114
-2,-5,17.848393918113924
-2,-5,12.723253646492799
-2,-5,25.820071349406884
-2,-5,24.930514277302315
-2,-5,48.47289254372362
-2,-5,30.90388561389459
-2,-5,32.60733066330083
-2,-5,16.11723037533127
-2,-5,26.28739457023555
-2,-5,25.46437184621998
-2,-5,20.93192993894999
-2,-5,17.366420199979967
-2,-6,12.452510883283297
-2,-6,16.404739066591624
-2,-6,8.153001038184605
-2,-6,17.182633169470762
-2,-6,6.7441556994656775
-2,-6,28.41222569162804
-2,-6,13.46408358638716
-2,-6,17.993358511428386
-2,-6,25.693652002659302
-2,-6,16.49526822423367
-2,-6,5.594234017471756
-2,-6,24.606806809015918
-2,-6,18.946760101136384
-2,-6,19.20606969361355
-2,-6,31.306129946038983
-2,-6,14.36282758948747
-2,-6,17.072191948659345
-2,-6,15.829106810945516
-2,-6,30.541879607332657
-2,-6,20.320385774847615
-1,-6,17.72962321055951
-1,-6,13.715245188743522
-1,-6,27.84321726875615
-1,-6,18.5245749630119
-1,-6,23.783367597055616
-1,-6,26.987682123260974
-1,-6,17.48872411748064
-1,-6,18.19888798705319
-1,-6,32.195634766130134
-1,-6,16.67583796296384
-1,-6,20.85505163312382
-1,-6,17.442429602702518
-1,-6,9.389825411590511
-1,-6,10.019370117302321
-1,-6,18.687158615275322
-1,-6,10.2376514817733
-1,-6,22.21891590867063
-1,-6,23.743493083519063
-1,-6,12.806745112157852
-1,-6,21.660955017647332
-1,-7,21.025032735894733
-1,-7,19.801622249388974
-1,-7,15.825370450736735
-1,-7,30.556978860074377
-1,-7,5.0
-1,-7,19.560985460850258
-1,-7,29.9120558849213
-1,-7,18.89447631206927
-1,-7,18.047244532476274
-1,-7,23.23504360143898
-1,-7,29.474758740552552
-1,-7,5.0
-1,-7,22.34339598558902
-1,-7,14.641255326080657
-1,-7,10.894450317121436
-1,-7,27.012647804069893
-1,-7,19.42622080909014
-1,-7,22.50052793100398
-1,-7,31.721292147130395
-1,-7,33.88643481345706
0,-7,26.12856064923672
0,-7,23.32173381745249
0,-7,29.69394491311058
0,-7,10.851126847649418
0,-7,9.379587845117257
0,-7,22.88904809532364
0,-7,20.289164283170678
0,-7,20.86938951240862
0,-7,25.51245237437729
0,-7,13.375357597046786
0,-7,5.86929668829195
0,-7,36.34164106837693
0,-7,7.60898001337638
0,-7,11.100558014807419
0,-7,25.139109747491204
0,-7,36.70422565320514
0,-7,36.069525498084836
0,-7,16.272512900935904
0,-7,9.828602217190786
0,-7,23.618020230475818
0,-8,23.188211420690926
0,-8,38.76360383597216
0,-8,14.739880025594664
0,-8,15.238636395512394
0,-8,13.360739484237387
0,-8,20.112938849768614
0,-8,21.30134499838054
0,-8,22.067831727849736
0,-8,13.51415392090195
0,-8,5.0
0,-8,14.314962082847757
0,-8,12.360813831064675
0,-8,5.0
0,-8,15.904254579339542
0,-8,19.58427082728216
0,-8,26.21584158162925
0,-8,7.888334022418752
0,-8,8.401450217090037
0,-8,12.979563002664158
0,-8,5.0
-1,-8,18.379243312808722
-1,-8,12.770034768747696
-1,-8,24.449096587618513
-1,-8,19.32096926382977
-1,-8,7.372967308274207
-1,-8,12.15145504926215
-1,-8,10.11238616180882
-1,-8,23.97727907096141
-1,-8,9.048774088902665
-1,-8,22.79331773934569
-1,-8,12.750062104866016
-1,-8,10.599452594579699
-1,-8,7.427228252670794
-1,-8,31.43221313307879
-1,-8,5.0
-1,-8,8.493423110058535
-1,-8,13.371581688121303
-1,-8,21.531187482093642
-1,-8,7.741710687163186
-1,-8,12.697981095043506
-2,-8,20.32158695243654
-2,-8,14.680197454934802
-2,-8,28.735231376809896
-2,-8,16.962468021683687
-2,-8,5.73674043544644
-2,-8,8.958915453069043
-2,-8,20.781207063637567
-2,-8,21.897539294954644
-2,-8,26.68482359536116
-2,-8,27.39910559846225
-2,-8,18.654695706281583
-2,-8,11.636244597830121
-2,-8,14.8319831067963
-2,-8,5.0
-2,-8,19.40214538839182
-2,-8,11.905181839211583
-2,-8,6.973242391503802
-2,-8,19.491372475097222
-2,-8,10.526142330474977
-2,-8,10.865839989961914
-3,-8,5.59762797878315
-3,-8,21.617466518433375
-3,-8,33.80123822121578
-3,-8,18.402112727580985
-3,-8,15.52023854241009
-3,-8,23.048301156511908
-3,-8,12.753893860753697
-3,-8,5.0
-3,-8,8.589517877199683
-3,-8,11.28672409676443
-3,-8,23.923762869179452
-3,-8,5.0
-3,-8,10.763074167315091
-3,-8,27.561104312097317
-3,-8,17.836049161716357
-3,-8,5.0
-3,-8,5.0
-3,-8,18.20284611808639
-3,-8,16.011994421898812
-3,-8,13.098878280776916
-2,-8,7.004115041965235
-2,-8,17.652764884177394
-2,-8,17.324656537479097
-2,-8,21.88124602956076
-2,-8,10.070091548720056
-2,-8,23.29593108372341
-2,-8,22.80446003761859
-2,-8,7.393679577673786
-2,-8,6.032926604054449
-2,-8,23.212661896020144
-2,-8,5.0
-2,-8,25.28171523395097
-2,-8,23.096075654843755
-2,-8,26.01004290995548
-2,-8,13.562545887031618
-2,-8,5.0
-2,-8,5.0
-2,-8,23.37509713934486
-2,-8,15.32341055838853
-2,-8,28.285955368806263
-1,-8,26.597974946669986
-1,-8,18.08895934048034
-1,-8,14.899191028695714
-1,-8,9.57356749761188
-1,-8,13.798606484044093
-1,-8,5.0
-1,-8,9.229978342458152
-1,-8,18.167694073940886
-1,-8,13.031657511890598
-1,-8,16.648733689224283
-1,-8,23.2468097659059
-1,-8,6.414756859843116
-1,-8,15.195794551475215
-1,-8,23.47075322091763
-1,-8,10.69092673898943
-1,-8,15.368740343585026
-1,-8,12.7508822207181
-1,-8,10.461589384073005
-1,-8,15.309420820114033
-1,-8,6.94975164632938
-2,-8,11.620117445532625
-2,-8,8.483338870365834
-2,-8,15.469295115529215
-2,-8,19.343022939061445
-2,-8,11.166322425253947
-2,-8,24.397309423097997
-2,-8,5.0
-2,-8,21.603568211912638
-2,-8,17.122850574694553
-2,-8,17.67791493864052
-2,-8,13.358131327384266
-2,-8,23.985228652978893
-2,-8,14.838801411324685
-2,-8,20.70801374177015
-2,-8,21.889856888865843
-2,-8,8.336081105752106
-2,-8,5.0
-2,-8,11.563838964917522
-2,-8,14.374754297620045
-2,-8,9.142745998247907
-3,-8,7.938853076297122
-3,-8,5.0
-3,-8,18.573088946018817
-3,-8,17.131517687581198
-3,-8,8.88076115400667
-3,-8,22.398753732012718
-3,-8,35.759051586012575
-3,-8,11.241252401278711
-3,-8,10.985730089356753
-3,-8,21.73677709893547
-3,-8,5.0
-3,-8,5.746078651534231
-3,-8,9.638574470620103
-3,-8,11.452725958888593
-3,-8,11.74816031389858
-3,-8,17.00947032174713
-3,-8,5.0
-3,-8,12.722187243310449
-3,-8,11.373717835308012
-3,-8,6.63540538701989
-4,-8,16.00055755020908
-4,-8,16.595557920022586
-4,-8,16.209991750950024
-4,-8,7.934283683345267
-4,-8,14.193917062246818
-4,-8,14.811313141443017
-4,-8,26.0159915892306
-4,-8,7.144775815823117
-4,-8,9.620686419247775
-4,-8,10.574752649922884
-4,-8,13.385707417998399
-4,-8,23.67398050147596
-4,-8,10.486353237392292
-4,-8,5.0
-4,-8,16.665644169497988
-4,-8,14.170153455255228
-4,-8,11.995684602336281
-4,-8,13.43627620282745
-4,-8,12.090285657267835
-4,-8,8.16144702552811
-3,-8,21.299071080844342
-3,-8,15.78297647291566
-3,-8,15.878661044253732
-3,-8,26.610635309731045
-3,-8,24.30947706463116
-3,-8,14.93654734686594
-3,-8,23.573154737849165
-3,-8,18.36370236062352
-3,-8,10.062031612087628
-3,-8,5.0
-3,-8,7.786666443515845
-3,-8,20.827631800859262
-3,-8,16.851332055381658
-3,-8,11.03362061549003
-3,-8,7.414733411726107
-3,-8,17.429230547048135
-3,-8,11.993661703981484
-3,-8,15.375946393113438
-3,-8,11.685452039856232
-3,-8,9.967800851605706
-4,-8,23.877171417204497
-4,-8,11.637484297256051
-4,-8,11.225366650822325
-4,-8,36.700392770566324
-4,-8,27.06791600564736
-4,-8,17.07156768720468
-4,-8,5.0
-4,-8,20.744784920369245
-4,-8,5.0
-4,-8,33.99941967892691
-4,-8,14.78881291460907
-4,-8,5.0
-4,-8,10.626824067332842
-4,-8,8.00118305045821
-4,-8,10.214746378700662
-4,-8,25.38901770586554
-4,-8,9.694617727255139
-4,-8,19.365748188755873
-4,-8,26.33587197735643
-4,-8,18.319608712163255
-3,-8,24.01981656351522
-3,-8,18.497569172536178
-3,-8,16.126705799609958
-3,-8,31.455201572996923
-3,-8,7.264323876919553
-3,-8,9.727326221895538
-3,-8,9.767450572275578
-3,-8,17.014982105976124
-3,-8,21.152066373126
-3,-8,14.477654397633586
-3,-8,17.444071207221103
-3,-8,5.633738307029885
-3,-8,13.013884140933577
-3,-8,21.592235828147878
-3,-8,6.8869917876269096
-3,-8,14.487507327368759
-3,-8,34.35647424941383
-3,-8,8.23709387542628
-3,-8,17.566614422030167
-3,-8,5.0
-4,-8,15.056956564381846
-4,-8,5.0
-4,-8,10.360047050248173
-4,-8,23.94538873757251
-4,-8,11.660805965812136
-4,-8,8.770347168391314
-4,-8,6.411878650678793
-4,-8,20.29773770989702
-4,-8,18.815083180650863
-4,-8,10.477992041572922
-4,-8,13.0543682503729
-4,-8,10.23887642692714
-4,-8,38.81686846726359
-4,-8,6.831197276966236
-4,-8,17.481513167230787
-4,-8,20.411596580180557
-4,-8,5.0
-4,-8,16.56707755695116
-4,-8,22.18251953407395
-4,-8,27.616071767062458
-3,-8,5.0
-3,-8,16.52917670412193
-3,-8,9.210801260196426
-3,-8,5.0
-3,-8,26.637103301929848
-3,-8,19.178977607857014
-3,-8,18.627345469724357
-3,-8,20.391831972134124
-3,-8,15.61602880551454
-3,-8,24.48235528198835
-3,-8,22.300484343013707
-3,-8,26.320931314254125
-3,-8,20.92382401191825
-3,-8,10.042198008883048
-3,-8,5.0
-3,-8,23.53690435948429
-3,-8,9.055056203024751
-3,-8,22.97820052309012
-3,-8,26.78991414792095
-3,-8,13.247067839975582
-2,-8,9.944404163833273
-2,-8,10.805287165415786
-2,-8,7.460088611736743
-2,-8,10.84956919850441
-2,-8,30.52184899535402
-2,-8,5.0
-2,-8,8.989602503195705
-2,-8,15.535007798965568
-2,-8,5.0
-2,-8,8.589610755497647
-2,-8,12.201854505250527
-2,-8,8.900548185816136
-2,-8,30.293511490007873
-2,-8,6.590303904399029
-2,-8,7.240209780247119
-2,-8,8.244549007073966
-2,-8,35.30380186925581
-2,-8,9.29978807577183
-2,-8,21.726477451829478
-2,-8,14.645174878994224
-3,-8,17.466127556799037
-3,-8,8.199132501464105
-3,-8,5.0
-3,-8,5.0
-3,-8,20.129544707160534
-3,-8,5.0
-3,-8,13.059966940416032
-3,-8,26.82570063481218
-3,-8,19.337013749904205
-3,-8,5.0
-3,-8,10.760578655871852
-3,-8,9.490820872495245
-3,-8,6.818320658917742
-3,-8,16.09940954301844
-3,-8,12.888318158985594
-3,-8,8.80548592681576
-3,-8,26.87406447837932
-3,-8,20.701584558497167
-3,-8,11.346788429538245
-3,-8,10.934374391535314
-4,-8,5.182735832925425
-4,-8,11.507609336351633
-4,-8,5.651228294313708
-4,-8,11.740957673802743
-4,-8,5.0
-4,-8,22.444276516210035
-4,-8,25.266343370431755
-4,-8,11.46500398259305
-4,-8,12.453449245312797
-4,-8,14.741639851097412
-4,-8,15.520908747174122
-4,-8,18.454714353600775
-4,-8,6.714443457513094
-4,-8,11.658119088181909
-4,-8,8.158694143352376
-4,-8,10.063186029662473
-4,-8,11.71229710611888
-4,-8,19.411015976925608
-4,-8,13.158134690607195
-4,-8,16.14246645393031
-5,-8,16.99579198202561
-5,-8,18.05576825604072
-5,-8,17.753028586428808
-5,-8,5.0
-5,-8,5.0
-5,-8,11.768143174185159
-5,-8,26.871301605017237
-5,-8,15.15036954932411
-5,-8,11.242495946930621
-5,-8,13.44729707312802
-5,-8,10.589972391791717
-5,-8,13.585587980382755
-5,-8,13.778732498042022
-5,-8,31.892381928914688
-5,-8,5.0
-5,-8,6.773892330461923
-5,-8,7.6896318290193815
-5,-8,23.03394806567834
-5,-8,19.996133558026436
-5,-8,5.0
-6,-8,14.333545035583214
-6,-8,15.70416699865116
-6,-8,11.176315814159018
-6,-8,8.918478364997368
-6,-8,12.74958140514279
-6,-8,16.410840923111596
-6,-8,9.236784549876225
-6,-8,24.786195504147233
-6,-8,6.967768102056036
-6,-8,17.34274499680093
-6,-8,5.94267188977734
-6,-8,10.473713677253937
-6,-8,17.678280588441197
-6,-8,15.04721269105114
-6,-8,19.75464287246806
-6,-8,17.618853792886124
-6,-8,19.6974335530672
-6,-8,8.535539748112203
-6,-8,7.039341411504706
-6,-8,5.0
-5,-8,17.06194507354759
-5,-8,6.6428626030960185
-5,-8,15.397298526077789
-5,-8,5.0
-5,-8,5.0
-5,-8,21.13107099022264
-5,-8,19.663876950387696
-5,-8,5.419175975615412
-5,-8,19.949412244804307
-5,-8,5.0
-5,-8,17.942735598977734
-5,-8,28.75344290118788
-5,-8,21.611077439990854
-5,-8,17.402069484593454
-5,-8,14.00133311310098
-5,-8,9.424853597089566
-5,-8,5.0
-5,-8,19.230745587332823
-5,-8,21.522899829786624
-5,-8,17.562362156345053
-6,-8,13.98831172523345
-6,-8,10.12296261032498
-6,-8,13.359266017513415
-6,-8,12.084279302680429
-6,-8,23.92524774602385
-6,-8,10.602960859177632
-6,-8,5.0
-6,-8,14.422371508521183
-6,-8,17.711043388219665
-6,-8,20.18207963649474
-6,-8,23.234199777090105
-6,-8,13.958812357713374
-6,-8,9.537373607970359
-6,-8,5.0
-6,-8,12.024778251420349
-6,-8,22.178473912875997
-6,-8,9.302879291977302
-6,-8,23.057877053234243
-6,-8,8.781462025444705
-6,-8,13.066598151854262
-5,-8,18.815233017783548
-5,-8,14.483591014054188
-5,-8,17.790075193642537
-5,-8,14.2403216612291
-5,-8,11.600162593973888
-5,-8,22.98836309492971
-5,-8,14.856107170229773
-5,-8,16.21240399129184
-5,-8,26.69393396714494
-5,-8,7.085170574790622
-5,-8,10.3881222381712
-5,-8,6.097792872511397
-5,-8,5.0
-5,-8,13.500183018924016
-5,-8,22.13350872749265
-5,-8,21.013504011297734
-5,-8,24.638157786331426
-5,-8,13.41584167005736
-5,-8,16.162957325827723
-5,-8,9.879324655033525
-6,-8,5.289470992159212
-6,-8,7.805224142562969
-6,-8,29.82137154369184
-6,-8,16.681299152686147
-6,-8,29.418174302688634
-6,-8,5.0
-6,-8,21.116400383832136
-6,-8,12.486343827476285
-6,-8,9.978167936425232
-6,-8,5.0
-6,-8,20.9198239412095
-6,-8,25.55392047740019
-6,-8,15.311727574696551
-6,-8,5.0
-6,-8,11.418677198209238
-6,-8,23.002758789499538
-6,-8,16.802759668587274
-6,-8,13.644995598013848
-6,-8,28.104221584432004
-6,-8,19.92708525813681
-7,-8,5.0
-7,-8,5.0
-7,-8,22.171877252207967
-7,-8,5.550660229839578
-7,-8,15.62341246493175
-7,-8,5.703686891776661
-7,-8,5.0
-7,-8,11.346390143061493
-7,-8,25.347266293350675
-7,-8,5.0
-7,-8,8.018796804677581
-7,-8,11.67912317079877
-7,-8,17.270572100466484
-7,-8,8.047325635250688
-7,-8,9.564060281994204
-7,-8,10.417924003770212
-7,-8,15.700563608166995
-7,-8,14.410924138818809
-7,-8,16.445060017008036
-7,-8,31.23875491978822
-6,-8,7.334560875470096
-6,-8,5.0
-6,-8,21.402782558205914
-6,-8,5.647601880104414
-6,-8,9.304985394651169
-6,-8,10.710662212160535
-6,-8,28.013073038545933
-6,-8,7.231668697887269
-6,-8,5.0
-6,-8,40.21460914813404
-6,-8,5.153749087807121
-6,-8,12.083473183785124
-6,-8,20.276818322265772
-6,-8,5.836772289082699
-6,-8,15.162947760476154
-6,-8,13.191457184507438
-6,-8,8.99587364433274
-6,-8,13.795177094868583
-6,-8,5.933455083476334
-6,-8,27.332709281049294
-5,-8,5.0
-5,-8,5.0
-5,-8,18.193790765403136
-5,-8,5.0
-5,-8,6.0779914049419705
-5,-8,14.489084979379658
-5,-8,5.0
-5,-8,12.9942600630508
-5,-8,16.069651136732084
-5,-8,9.401577308611559
-5,-8,16.80595504319062
-5,-8,17.71991365440201
-5,-8,16.1977408966232
-5,-8,15.469266892796306
-5,-8,17.77252306101353
-5,-8,13.849548280762221
-5,-8,6.808697804910556
-5,-8,5.0
-5,-8,8.177774183911332
-5,-8,16.619368494651766
-6,-8,21.089852719110013
-6,-8,5.0
-6,-8,11.36421131387171
-6,-8,5.0
-6,-8,13.20025826216238
-6,-8,8.209789021499088
-6,-8,5.9110793783750335
-6,-8,11.040441401464335
-6,-8,18.757106064351614
-6,-8,8.33238191148179
-6,-8,5.0
-6,-8,5.608504102891747
-6,-8,10.855933724651836
-6,-8,32.44431998725804
-6,-8,26.63475661859966
-6,-8,5.0
-6,-8,8.618042131693118
-6,-8,20.12655292455417
-6,-8,14.888884977289674
-6,-8,15.83406681785923
-7,-8,17.72830802966995
-7,-8,11.168692899077767
-7,-8,6.5993741005710085
-7,-8,11.90132184061083
-7,-8,5.0
-7,-8,35.48234191846557
-7,-8,5.0
-7,-8,13.081493478617679
-7,-8,5.717854594073078
-7,-8,6.922335383094079
-7,-8,20.323133255209108
-7,-8,5.0
-7,-8,12.45590188210699
-7,-8,7.4930745076877
-7,-8,20.67853109037021
-7,-8,5.0
-7,-8,5.0
-7,-8,25.986083238950908
-7,-8,6.187295081758794
-7,-8,16.175711358521635
-8,-8,13.196323187651215
-8,-8,9.305493717255956
-8,-8,8.818790994034277
-8,-8,5.0
-8,-8,26.148575502462023
-8,-8,5.0
-8,-8,18.996821514844633
-8,-8,14.66317593853287
-8,-8,6.774894452991515
-8,-8,10.236659686765378
-8,-8,11.299761971207431
-8,-8,10.972829001025286
-8,-8,6.737347682445254
-8,-8,5.0
-8,-8,5.0
-8,-8,20.86007888486101
-8,-8,6.704624257625856
-8,-8,11.75698146483689
-8,-8,5.0
-8,-8,16.035419082664674
-9,-8,12.524028237854534
-9,-8,5.0
-9,-8,5.0
-9,-8,6.141928730370671
-9,-8,5.0
-9,-8,5.0
-9,-8,27.533615435573132
-9,-8,6.561850298093075
-9,-8,16.709228027274918
-9,-8,9.437320865432842
-9,-8,27.240231552922225
-9,-8,5.0
-9,-8,9.10045334905774
-9,-8,8.81077723562276
-9,-8,5.0
-9,-8,19.07372388775733
-9,-8,7.36878550929009
-9,-8,11.433435063152183
-9,-8,5.0
-9,-8,5.0
-10,-8,5.0
-10,-8,27.096176686824823
-10,-8,5.0
-10,-8,22.923440073682045
-10,-8,8.080444104132564
-10,-8,14.578545096355928
-10,-8,7.423620349363347
-10,-8,11.524369437053904
-10,-8,5.0
-10,-8,5.0
-10,-8,16.82766710125751
-10,-8,5.0
-10,-8,5.411832753214009
-10,-8,11.216863418249357
-10,-8,17.43072163094121
-10,-8,25.963407704412006
-10,-8,14.302946389800336
-10,-8,12.024593434516476
-10,-8,16.961578971474587
-10,-8,5.0
-11,-8,10.201674088931385
-11,-8,8.363863883032174
-11,-8,5.0
-11,-8,5.0
-11,-8,24.259368367056727
-11,-8,7.045805043689288
-11,-8,5.0
-11,-8,15.553945409095409
-11,-8,8.950594233151511
-11,-8,19.83146215751922
-11,-8,8.375669820027209
-11,-8,17.595927955205646
-11,-8,5.0
-11,-8,19.550920535050345
-11,-8,5.0
-11,-8,15.565809489061529
-11,-8,8.464928636940645
-11,-8,6.735222043670554
-11,-8,14.99104655579936
-11,-8,8.579097193282683
-12,-8,5.0
-12,-8,9.458357394325958
-12,-8,17.620062268193735
-12,-8,10.426501379762719
-12,-8,7.442496536716405
-12,-8,5.0
-12,-8,14.89348946265889
-12,-8,10.961122063069281
-12,-8,8.204912088750232
-12,-8,14.430286149206777
-12,-8,17.48272976731608
-12,-8,5.122318510361219
-12,-8,6.9513030113991165
-12,-8,11.107343500441031
-12,-8,5.0
-12,-8,5.0
-12,-8,6.414639518627817
-12,-8,23.39997710386276
-12,-8,5.0
-12,-8,7.584003386028897
-11,-8,5.0
-11,-8,5.0
-11,-8,9.28661081382741
-11,-8,13.545708362416931
-11,-8,12.975060779651182
-11,-8,11.807878163036339
-11,-8,5.0
-11,-8,14.387025514071736
-11,-8,5.0
-11,-8,5.0
-11,-8,10.136593764081884
-11,-8,19.158634742119162
-11,-8,9.646726442973089
-11,-8,5.0
-11,-8,12.284592317096637
-11,-8,6.068325089966617
-11,-8,10.638676465487858
-11,-8,7.582916433311535
-11,-8,5.0
-11,-8,5.895788425768082
-12,-8,13.526112372927509
-12,-8,11.004032586257605
-12,-8,19.644961861142857
-12,-8,5.0
-12,-8,12.924629060690764
-12,-8,5.0
-12,-8,5.0
-12,-8,6.794318970386408
-12,-8,14.881907788749592
-12,-8,7.488424279736025
-12,-8,8.347514201332574
-12,-8,12.046219102992499
-12,-8,10.973617069358035
-12,-8,10.966818391947251
-12,-8,5.0
-12,-8,10.357356402154322
-12,-8,5.0
-12,-8,10.355616377843921
-12,-8,8.848788933592994
-12,-8,9.88798249819864
-13,-8,24.111418145634193
-13,-8,5.0
-13,-8,5.0
-13,-8,5.0
-13,-8,8.528517487072438
-13,-8,5.0
-13,-8,5.0
-13,-8,10.519504709913525
-13,-8,24.100322686398776
-13,-8,10.782243227975908
-13,-8,16.126734587586576
-13,-8,5.352155367677963
-13,-8,16.251104564638915
-13,-8,14.03699579474071
-13,-8,5.0
-13,-8,9.655819170128384
-13,-8,12.910721593879035
-13,-8,15.366292080976379
-13,-8,7.917790499767895
-13,-8,5.0
-14,-8,7.82834473208006
-14,-8,12.057212674521667
-14,-8,8.524771865749681
-14,-8,18.289509776422538
-14,-8,14.742503739923103
-14,-8,5.0
-14,-8,5.0
-14,-8,11.249132306368097
-14,-8,5.0
-14,-8,7.654892173353935
-14,-8,6.878159645357634
-14,-8,10.46939308938616
-14,-8,13.781958241789516
-14,-8,5.0
-14,-8,5.0
-14,-8,5.0
-14,-8,5.0
-14,-8,5.0
-14,-8,17.146696498634828
-14,-8,11.071336470756851
-15,-8,5.0
-15,-8,5.433985217491392
-15,-8,7.238451420497283
-15,-8,5.0
-15,-8,5.0
-15,-8,5.0
-15,-8,5.0
-15,-8,5.0
-15,-8,5.0
-15,-8,5.0
-15,-8,8.85448253028123
-15,-8,6.352744954311445
-15,-8,5.532181365705426
-15,-8,5.0
-15,-8,5.0
-15,-8,5.0
-15,-8,5.0
-15,-8,5.0
-15,-8,9.707223701359634
-15,-8,5.0
-16,-8,5.0
-16,-8,13.325741282417805
-16,-8,5.0
-16,-8,11.901826500906925
-16,-8,5.0
-16,-8,5.0
-16,-8,5.0
-16,-8,5.0
-16,-8,5.0
-16,-8,5.0
-16,-8,5.0
-16,-8,5.0
-16,-8,5.0
-16,-8,5.0
-16,-8,5.0
-16,-8,7.028088094870336
-16,-8,5.493676739067057
-16,-8,12.957016819072555
-16,-8,19.786647977325238
-16,-8,15.517076536482122
-17,-8,5.0
-17,-8,7.986290499861784
-17,-8,5.0
-17,-8,6.20791541437583
-17,-8,5.0
-17,-8,5.350160501547886
-17,-8,5.0
-17,-8,8.151629555390793
-17,-8,5.0
-17,-8,5.8989519191471596
-17,-8,9.026254528138796
-17,-8,5.0
-17,-8,5.0
-17,-8,5.0
-17,-8,11.663777114169026
-17,-8,5.0
-17,-8,5.0
-17,-8,11.643339480610809
-17,-8,5.0
-17,-8,6.883405598497447
-16,-8,12.197982800781201
-16,-8,20.93266037013384
-16,-8,5.0
-16,-8,5.0
-16,-8,5.0
-16,-8,5.0
-16,-8,6.989762843439298
-16,-8,5.0
-16,-8,6.5023249400678145
-16,-8,11.328294851146435
-16,-8,36.182852083268415
-16,-8,5.0
-16,-8,5.306577091658154
-16,-8,5.0
-16,-8,5.0
-16,-8,12.467370723544839
-16,-8,5.0
-16,-8,5.0
-16,-8,5.846895133406834
-16,-8,7.0311096263283375
-15,-8,7.024600360888342
-15,-8,23.98222051090171
-15,-8,5.0
-15,-8,14.30203963481511
-15,-8,5.540717635013376
-15,-8,10.734149238647575
-15,-8,5.0
-15,-8,5.0
-15,-8,5.0
-15,-8,5.0
-15,-8,5.0
-15,-8,10.138699160156746
-15,-8,5.0
-15,-8,12.452756238351055
-15,-8,5.0
-15,-8,5.0
-15,-8,8.291400619124785
-15,-8,5.0
-15,-8,5.0
-15,-8,5.0
-15,-7,16.9531884314014
-15,-7,8.109219776450395
-15,-7,5.0
-15,-7,5.0
-15,-7,5.0
-15,-7,5.0
-15,-7,6.498081780549225
-15,-7,5.0
-15,-7,5.0
-15,-7,6.953090300296844
-15,-7,6.092881071179624
-15,-7,5.0
-15,-7,5.0
-15,-7,5.0
-15,-7,19.096466230493995
-15,-7,5.0
-15,-7,39.93051941020619
-15,-7,5.0
-15,-7,5.0
-15,-7,5.0
-14,-7,5.0
-14,-7,21.306202800179733
-14,-7,5.0
-14,-7,11.829533707086796
-14,-7,5.246411814675106
-14,-7,5.681965588516796
-14,-7,25.182805947584736
-14,-7,5.0
-14,-7,23.44929446436775
-14,-7,6.55660166844131
-14,-7,5.0
-14,-7,25.575832402005013
-14,-7,11.741460517212946
-14,-7,5.0
-14,-7,7.548841568874377
-14,-7,16.071565026651633
-14,-7,5.0
-14,-7,5.0
-14,-7,17.297857472976233
-14,-7,5.0
-14,-8,10.047097761566269
-14,-8,8.376023446460032
-14,-8,17.42730867791767
-14,-8,5.0
-14,-8,9.187332695975481
-14,-8,7.534200863254681
-14,-8,6.957996063218109
-14,-8,10.316090605440717
-14,-8,15.427713441154225
-14,-8,5.0
-14,-8,8.47290394379289
-14,-8,21.803043575915613
-14,-8,9.690633480174283
-14,-8,20.26104154464575
-14,-8,5.0
-14,-8,8.951408132904906
-14,-8,5.434474569181079
-14,-8,7.213192381837367
-14,-8,5.0
-14,-8,5.0
-13,-8,5.0
-13,-8,18.063670027123308
-13,-8,5.288443716491893
-13,-8,5.0
-13,-8,7.01823786282786
-13,-8,8.475258405648482
-13,-8,5.0
-13,-8,7.464148222197126
-13,-8,5.0
-13,-8,13.569560785090511
-13,-8,5.0
-13,-8,5.0
-13,-8,5.029002039903536
-13,-8,5.0
-13,-8,5.698642021045153
-13,-8,5.0
-13,-8,5.0
-13,-8,5.0
-13,-8,5.0
-13,-8,6.521696187779117
-12,-8,5.0
-12,-8,5.0
-12,-8,5.0
-12,-8,19.826881256177245
-12,-8,8.339163967463538
-12,-8,6.764894944439037
-12,-8,6.641941461385958
-12,-8,17.475325950883427
-12,-8,11.867713141675111
-12,-8,5.0
-12,-8,8.319327549645054
-12,-8,12.028323680907123
-12,-8,16.328880142163406
-12,-8,10.52419865155901
-12,-8,14.95791731646232
-12,-8,7.189086427737748
-12,-8,5.0
-12,-8,21.836298396366725
-12,-8,5.0
-12,-8,10.52158816072064
-11,-8,5.0
-11,-8,8.668756147196383
-11,-8,5.0
-11,-8,5.0
-11,-8,15.031578346889809
-11,-8,15.144560482338777
-11,-8,13.10923233828543
-11,-8,5.0
-11,-8,10.485687080470647
-11,-8,12.012494819488245
-11,-8,5.0
-11,-8,10.041391616943255
-11,-8,12.92559124502384
-11,-8,5.0
-11,-8,5.0
-11,-8,21.801946194151395
-11,-8,14.807535031069783
-11,-8,9.711500595789673
-11,-8,6.418456112975884
-11,-8,6.955935187250762
-11,-7,8.566534847360828
-11,-7,11.066269949643257
-11,-7,13.89454784794816
-11,-7,10.165646356548919
-11,-7,13.944923089389722
-11,-7,12.049544203606395
-11,-7,5.481065234112165
-11,-7,5.0
-11,-7,10.572276224772978
-11,-7,5.0
-11,-7,20.809207158178964
-11,-7,19.197694607055006
-11,-7,13.981808368207496
-11,-7,5.0
-11,-7,10.558485376364105
-11,-7,8.568414980702517
-11,-7,5.406214148879609
-11,-7,5.0
-11,-7,14.853033441187304
-11,-7,5.0
-10,-7,5.0
-10,-7,5.0
-10,-7,23.606004246221303
-10,-7,14.455304422188847
-10,-7,13.917364570333644
-10,-7,18.14874588784631
-10,-7,5.0
-10,-7,5.0
-10,-7,5.0
-10,-7,15.124513732435155
-10,-7,25.410493143344212
-10,-7,24.782687981743543
-10,-7,6.414976813735212
-10,-7,5.0
-10,-7,29.93151667471169
-10,-7,6.191965942136233
-10,-7,14.86021709697425
-10,-7,9.62677679099035
-10,-7,10.27222089771168
-10,-7,5.0
-9,-7,5.0
-9,-7,10.256211462566055
-9,-7,22.84093002433149
-9,-7,5.0
-9,-7,18.461795740636326
-9,-7,7.349152630445746
-9,-7,11.51338213317977
-9,-7,11.59798255112541
-9,-7,5.0
-9,-7,5.0
-9,-7,13.948648963531316
-9,-7,23.211928879285495
-9,-7,11.819452894679142
-9,-7,7.1382362827878065
-9,-7,19.451609112768192
-9,-7,5.0
-9,-7,11.291292561893407
-9,-7,14.370832077821285
-9,-7,6.057114471101011
-9,-7,9.565618229357442
-10,-7,5.0
-10,-7,14.515533788029014
-10,-7,5.219018117457503
-10,-7,17.52544758940295
-10,-7,25.58354393352476
-10,-7,27.020970917281332
-10,-7,25.733385987792584
-10,-7,17.33417133268503
-10,-7,8.077334811868653
-10,-7,26.4631349310242
-10,-7,14.418848957694177
-10,-7,5.0
-10,-7,21.52829457500193
-10,-7,5.0
-10,-7,10.524816570314627
-10,-7,10.51604609784702
-10,-7,23.22813245360929
-10,-7,19.037420210107395
-10,-7,12.61839420429574
-10,-7,5.0
-9,-7,18.20387299605475
-9,-7,6.866725270497941
-9,-7,5.0
-9,-7,20.271761959387508
-9,-7,5.0
-9,-7,18.690820965359137
-9,-7,6.2105169406963965
-9,-7,12.041804162318172
-9,-7,5.0
-9,-7,18.3931340124608
-9,-7,15.163117047094993
-9,-7,10.471293773421891
-9,-7,9.716454829490996
-9,-7,23.768371609856757
-9,-7,5.890405378127092
-9,-7,18.550198174908406
-9,-7,11.092370567746801
-9,-7,5.0
-9,-7,5.0
-9,-7,13.153194059091577
-9,-8,22.226851771832564
-9,-8,26.990575699627467
-9,-8,7.159894370645752
-9,-8,18.904130285814368
-9,-8,12.745939313704431
-9,-8,28.64133821004071
-9,-8,6.33294214195448
-9,-8,5.0
-9,-8,6.122843000563735
-9,-8,6.237227229225628
-9,-8,7.930316526197634
-9,-8,11.580461796522293
-9,-8,6.2978701452876225
-9,-8,5.799865475786453
-9,-8,13.49669841450057
-9,-8,13.480174392205065
-9,-8,5.0
-9,-8,18.875700575725272
-9,-8,22.363939701549185
-9,-8,32.42601160489647
-9,-7,7.977116925688517
-9,-7,5.0
-9,-7,5.0
-9,-7,17.919292776783287
-9,-7,11.329490815107576
-9,-7,21.603019242284528
-9,-7,5.0
-9,-7,13.217715453793135
-9,-7,8.281714996833681
-9,-7,8.01642410272335
-9,-7,5.0
-9,-7,7.1283074722090625
-9,-7,11.100079447291037
-9,-7,14.967850939305546
-9,-7,5.0
-9,-7,10.92099724107666
-9,-7,17.264966303240787
-9,-7,15.154489824979272
-9,-7,5.816421545349298
-9,-7,17.35275430886935
-8,-7,14.578434847578638
-8,-7,16.302807854768307
-8,-7,5.0
-8,-7,17.932011110622852
-8,-7,15.68144163275766
-8,-7,5.0
-8,-7,5.0
-8,-7,22.461391435479275
-8,-7,14.629333627885423
-8,-7,5.0
-8,-7,20.743830040118702
-8,-7,12.616231418004865
-8,-7,5.0
-8,-7,8.41411979081872
-8,-7,8.54904859250317
-8,-7,12.61115076058104
-8,-7,25.922082538726777
-8,-7,9.206597464933012
-8,-7,8.7344109673421
-8,-7,24.227811740770147
-7,-7,5.0
-7,-7,21.75132239589165
-7,-7,5.0
-7,-7,9.401512407329502
-7,-7,5.0
-7,-7,11.880821338159906
-7,-7,18.64238234780731
-7,-7,15.038498814977006
-7,-7,16.1168825223783
-7,-7,5.0
-7,-7,28.76731636498099
-7,-7,20.391178210465675
-7,-7,22.642210427847353
-7,-7,28.6771758562846
-7,-7,15.178662385235887
-7,-7,25.56062271605657
-7,-7,21.447830521364768
-7,-7,9.275599390499856
-7,-7,6.277719661055757
-7,-7,15.876560329557108
-7,-8,6.444380531217669
-7,-8,23.614043317576854
-7,-8,17.141202027790523
-7,-8,5.0
-7,-8,28.495465817605854
-7,-8,13.77085639201298
-7,-8,5.0
-7,-8,13.860276295351028
-7,-8,11.508360943187624
-7,-8,18.24612499017521
-7,-8,6.7850097016420765
-7,-8,26.173412804706796
-7,-8,17.337443460781152
-7,-8,8.867890195880051
-7,-8,5.0
-7,-8,25.924936588282907
-7,-8,8.959765209879953
-7,-8,5.0
-7,-8,5.566455373229583
-7,-8,25.692786656845186
-6,-8,21.544806339458493
-6,-8,17.47658257386065
-6,-8,11.988897730281431
-6,-8,11.625164496137565
-6,-8,16.88174352805852
-6,-8,17.523818614995683
-6,-8,16.175682809137417
-6,-8,14.785067029870959
-6,-8,6.818672821215631
-6,-8,14.335518925287076
-6,-8,10.506525713376474
-6,-8,5.0
-6,-8,18.68615900110201
-6,-8,20.591153048062203
-6,-8,23.575187505041306
-6,-8,12.342848702909421
-6,-8,27.158302870628475
-6,-8,11.942941361996525
-6,-8,9.338390098518646
-6,-8,18.228740977170155
-5,-8,6.463460404266065
-5,-8,18.004791195801747
-5,-8,33.0099973073815
-5,-8,14.837632977775392
-5,-8,23.726160529624195
-5,-8,24.71008538262697
-5,-8,14.432817795535005
-5,-8,21.43601705493534
-5,-8,14.51353651984138
-5,-8,14.780999334302201
-5,-8,6.69047128773672
-5,-8,7.09500955907836
-5,-8,18.411601233449836
-5,-8,21.773414375583783
-5,-8,17.277282849830428
-5,-8,11.149805276544239
-5,-8,17.754846185335634
-5,-8,25.060773494784158
-5,-8,7.519841871875827
-5,-8,14.375399004252081
-5,-9,20.059130174709296
-5,-9,7.776193120418234
-5,-9,14.297173858988586
-5,-9,5.0
-5,-9,21.243803977796528
-5,-9,23.35746544296113
-5,-9,14.767536477032259
-5,-9,5.0
-5,-9,11.7102715818979
-5,-9,5.0
-5,-9,6.80849621227649
-5,-9,21.351618435604415
-5,-9,10.341942088671749
-5,-9,19.42199737208491
-5,-9,5.0
-5,-9,12.007242389348594
-5,-9,9.598137537544083
-5,-9,17.07069608105038
-5,-9,6.637928843280312
-5,-9,13.213138785145208
-6,-9,5.841819914384292
-6,-9,6.727901738317206
-6,-9,18.003793515222114
-6,-9,17.027653159881673
-6,-9,19.2370821023641
-6,-9,6.889618541450075
-6,-9,14.63046704984147
-6,-9,23.721128631939667
-6,-9,15.979657774360176
-6,-9,8.140082801689143
-6,-9,10.875040880592511
-6,-9,19.62518538313462
-6,-9,8.389622670261241
-6,-9,5.0
-6,-9,6.730194903258745
-6,-9,6.698040885545369
-6,-9,5.0
-6,-9,12.493485243104432
-6,-9,5.0
-6,-9,5.0
-5,-9,22.992982213716765
-5,-9,28.34274167768252
-5,-9,19.628588337924487
-5,-9,17.781605572817455
-5,-9,7.035359474121949
-5,-9,20.09630779533151
-5,-9,11.137052776163632
-5,-9,11.574799998562796
-5,-9,5.0
-5,-9,8.82997703681639
-5,-9,15.101617435426332
-5,-9,5.717704488764772
-5,-9,9.659729066252241
-5,-9,15.85739933195886
-5,-9,21.694828121798285
-5,-9,28.369714947453602
-5,-9,5.917646050973771
-5,-9,14.201497858744014
-5,-9,14.559191981317738
-5,-9,15.807840501840353
-4,-9,21.990539039583336
-4,-9,5.0
-4,-9,30.168503326368164
-4,-9,7.232596348244177
-4,-9,16.980801477683187
-4,-9,16.330839376319993
-4,-9,14.608154584303097
-4,-9,7.695164621513811
-4,-9,23.46284192221643
-4,-9,5.0
-4,-9,5.0
-4,-9,14.151475469067389
-4,-9,5.0
-4,-9,11.84462302852336
-4,-9,5.0
-4,-9,5.0
-4,-9,8.728017685118827
-4,-9,29.96302326412919
-4,-9,23.72199836407907
-4,-9,9.490377556999572
-5,-9,13.910685146285935
-5,-9,5.0
-5,-9,8.439479576642075
-5,-9,16.90220502777612
-5,-9,31.332942461951365
-5,-9,33.331894155385555
-5,-9,5.374889080960859
-5,-9,19.847982160617615
-5,-9,12.193249769085211
-5,-9,14.940399708467607
-5,-9,5.0
-5,-9,28.430109793363314
-5,-9,5.0
-5,-9,21.897786570608204
-5,-9,5.0
-5,-9,15.474326341809448
-5,-9,23.299197654601308
-5,-9,9.164548625228578
-5,-9,11.743099283700063
-5,-9,17.403721005316388
-4,-9,9.539824825694815
-4,-9,30.166207393129127
-4,-9,9.03498869734718
-4,-9,27.467346139092594
-4,-9,11.180701996278358
-4,-9,16.12534281526343
-4,-9,19.017185010691485
-4,-9,23.818403944325624
-4,-9,7.929530647596562
-4,-9,12.858511271321804
-4,-9,10.127014910552829
-4,-9,13.91240650347888
-4,-9,5.0
-4,-9,5.0
-4,-9,18.94703849988542
-4,-9,7.7362349891532
-4,-9,22.67715821350111
-4,-9,12.421626948386672
-4,-9,5.824704004929213
-4,-9,5.0
-3,-9,13.000514623982845
-3,-9,14.675923424128872
-3,-9,21.099600169088834
-3,-9,16.214656063938023
-3,-9,9.123035931566475
-3,-9,5.0
-3,-9,5.0
-3,-9,23.428027095716256
-3,-9,10.873180736876467
-3,-9,23.898683550029
-3,-9,13.313927504318146
-3,-9,6.9753622150049175
-3,-9,25.031285249739575
-3,-9,24.145284033025913
-3,-9,22.222601329317627
-3,-9,5.0
-3,-9,8.228509753969712
-3,-9,6.275766881601637
-3,-9,5.0
-3,-9,22.675298273548627
-3,-10,11.083263470444937
-3,-10,17.733672502214688
-3,-10,5.0
-3,-10,26.216849692791993
-3,-10,14.88915031165309
-3,-10,12.57616927573403
-3,-10,15.344866381984133
-3,-10,33.80625550465412
-3,-10,33.87926348003728
-3,-10,16.861724961367507
-3,-10,9.877677424283071
-3,-10,12.86082192433241
-3,-10,10.760348708493883
-3,-10,10.628071187908278
-3,-10,18.282514444986564
-3,-10,15.948105894537832
-3,-10,11.55663290030808
-3,-10,5.0
-3,-10,19.287474706603955
-3,-10,10.268103259387527
-3,-11,21.37926177396538
-3,-11,28.841395269848345
-3,-11,10.144271755451417
-3,-11,12.686249788723401
-3,-11,11.670664523488748
-3,-11,11.548397124871226
-3,-11,13.991438323804267
-3,-11,7.409546090132836
-3,-11,7.419231087487538
-3,-11,5.0
-3,-11,21.28486995960973
-3,-11,20.434401809978237
-3,-11,17.881682607444652
-3,-11,23.478301151246658
-3,-11,16.764496726727323
-3,-11,36.09811456481927
-3,-11,5.0
-3,-11,5.0
-3,-11,5.0
-3,-11,5.0076978797244704
-2,-11,8.48668189966007
-2,-11,5.943792545500633
-2,-11,13.78088174057061
-2,-11,11.20425231991277
-2,-11,22.66684023763966
-2,-11,16.593992425947718
-2,-11,5.73068406697186
-2,-11,7.769027224819188
-2,-11,19.163210818511676
-2,-11,10.908210939234866
-2,-11,13.4020401640617
-2,-11,17.761488825922193
-2,-11,14.501314526928194
-2,-11,5.0
-2,-11,17.46769485928163
-2,-11,15.310875084493848
-2,-11,16.074793430757833
-2,-11,11.711811786258638
-2,-11,11.627981256343979
-2,-11,5.906858788436366
-1,-11,5.971752961170521
-1,-11,14.601634317980489
-1,-11,9.626150475151002
-1,-11,9.01367098214491
-1,-11,5.0
-1,-11,11.14092121639672
-1,-11,6.384223717210995
-1,-11,15.444298093006157
-1,-11,14.324014207649956
-1,-11,5.0
-1,-11,13.903377279011599
-1,-11,5.0
-1,-11,5.0
-1,-11,13.549893348711073
-1,-11,44.37040313936171
-1,-11,5.0
-1,-11,5.0
-1,-11,6.937516363723753
-1,-11,5.0
-1,-11,29.71931487225975
0,-11,14.507156165188292
0,-11,26.57835370277662
0,-11,15.159850308425586
0,-11,11.478629101418736
0,-11,12.650431533725499
0,-11,26.25820939107658
0,-11,20.14787765206079
0,-11,7.919091547154996
0,-11,8.341243603755931
0,-11,18.91260318109641
0,-11,23.852945866545344
0,-11,13.034526872968225
0,-11,21.197950203638925
0,-11,18.459559192241915
0,-11,17.02375049700551
0,-11,15.60852726255769
0,-11,11.187059481218496
0,-11,5.0
0,-11,26.555226306665812
0,-11,5.571582363422269
1,-11,9.398397146277873
1,-11,17.31657157885895
1,-11,5.0
1,-11,5.0
1,-11,5.0
1,-11,8.228428687630784
1,-11,32.43039637952869
1,-11,32.676849616441785
1,-11,30.78731673116871
1,-11,11.526942193582672
1,-11,5.0
1,-11,5.0
1,-11,5.073457942526334
1,-11,13.552346833148324
1,-11,8.696616588824002
1,-11,10.547270693574722
1,-11,11.388232737060024
1,-11,10.613196115933963
1,-11,25.337807393617172
1,-11,15.099325175594362
0,-11,22.838404511573824
0,-11,5.118765168963014
0,-11,22.52742814341348
0,-11,5.0
0,-11,9.895207367823154
0,-11,14.518855372672844
0,-11,11.835257897697003
0,-11,15.003434167576762
0,-11,5.0
0,-11,7.321262264817766
0,-11,25.276798998035396
0,-11,5.0
0,-11,21.425710327054688
0,-11,19.629122276526594
0,-11,7.429323246646214
0,-11,5.0
0,-11,25.87725854243954
0,-11,23.477021506332072
0,-11,5.786351494817918
0,-11,10.93251710721605
1,-11,5.0
1,-11,10.634170694144649
1,-11,18.058530617290124
1,-11,5.0
1,-11,32.342010707710756
1,-11,17.775899339712733
1,-11,5.705818790546818
1,-11,10.361505272201677
1,-11,20.154977084929996
1,-11,33.20070433009181
1,-11,14.21533755837769
1,-11,5.0
1,-11,5.0
1,-11,7.310808134593349
1,-11,28.727867956785573
1,-11,12.6968928731898
1,-11,18.17341863070902
1,-11,27.961599680447144
1,-11,11.226868145611034
1,-11,11.872307499944963
1,-12,6.290513148810518
1,-12,5.0
1,-12,11.276714756975018
1,-12,5.0
1,-12,12.411075367033053
1,-12,23.30368386114407
1,-12,15.35243522937656
1,-12,8.13190252345781
1,-12,8.655330778221728
1,-12,16.136660454438267
1,-12,5.0
1,-12,7.955178893649039
1,-12,25.743835084237237
1,-12,11.966008724605548
1,-12,17.990875872045784
1,-12,18.531671241847633
1,-12,17.77276504719037
1,-12,5.325077060240851
1,-12,11.013006494276679
1,-12,9.594490775950566
0,-12,16.388942465674994
0,-12,7.370729556588349
0,-12,17.442616243552802
0,-12,24.336643835932364
0,-12,11.219484166527954
0,-12,5.0
0,-12,9.855648837504855
0,-12,9.79200897701078
0,-12,10.799629485889882
0,-12,8.27293907013289
0,-12,13.428512079995503
0,-12,10.574854327072106
0,-12,6.016469984850267
0,-12,5.0
0,-12,26.864527673189414
0,-12,14.025123746795991
0,-12,19.684550685513386
0,-12,19.021561669208538
0,-12,5.0
0,-12,14.832424770136104
-1,-12,20.264198037857778
-1,-12,11.874995810802009
-1,-12,5.0
-1,-12,5.0
-1,-12,7.824631505375194
-1,-12,30.83569482230053
-1,-12,13.244575779075689
-1,-12,5.0
-1,-12,15.02684125208857
-1,-12,15.06897670151196
-1,-12,14.965407256607145
-1,-12,16.121015234451484
-1,-12,22.85749841310502
-1,-12,17.794570719012373
-1,-12,20.619571385971454
-1,-12,10.062875268741887
-1,-12,5.0
-1,-12,15.200141905543893
-1,-12,7.148554361006138
-1,-12,5.618633992848864
0,-12,7.498363132657328
0,-12,5.0
0,-12,18.090764138359173
0,-12,8.769577035072745
0,-12,21.131002263272165
0,-12,18.34865052256522
0,-12,7.618386036021199
0,-12,5.0
0,-12,12.88652560243551
0,-12,9.8272799052576
0,-12,28.900697533843456
0,-12,6.842872124019256
0,-12,7.1108642568750255
0,-12,5.0
0,-12,16.50563941523855
0,-12,5.0
0,-12,5.0
0,-12,14.416693502701845
0,-12,9.388061622851705
0,-12,7.733898915459886
0,-13,5.0
0,-13,8.300385701506872
0,-13,13.134725552098285
0,-13,7.263686818411253
0,-13,12.202136699150575
0,-13,9.776590716470668
0,-13,10.21295091585567
0,-13,9.029354910487513
0,-13,5.0
0,-13,13.696586847515086
0,-13,5.0
0,-13,9.025602316893266
0,-13,19.931496638901855
0,-13,5.0
0,-13,14.487698798838363
0,-13,5.560862740929432
0,-13,7.862065088394687
0,-13,5.0
0,-13,9.257131758209374
0,-13,11.425901827142177
1,-13,5.0
1,-13,7.0019819690607035
1,-13,10.571870305479848
1,-13,6.787761272812251
1,-13,11.521901866420047
1,-13,14.199653992702965
1,-13,6.929808611266229
1,-13,10.394841391906347
1,-13,10.671669731665581
1,-13,13.99132602281156
1,-13,5.0
1,-13,6.649394668402484
1,-13,18.426456008533563
1,-13,10.520545097423735
1,-13,17.611743975706826
1,-13,9.06284551843162
1,-13,5.0
1,-13,7.24400712161991
1,-13,5.0
1,-13,13.311529961070104
2,-13,5.0
2,-13,5.0
2,-13,13.383622287808784
2,-13,5.0
2,-13,5.301139565314407
2,-13,5.0
2,-13,17.557438430058962
2,-13,12.75323168796335
2,-13,9.853300746191781
2,-13,5.0
2,-13,12.187897982903005
2,-13,24.897680620482674
2,-13,16.319933799489725
2,-13,27.034015349996345
2,-13,17.20226243018983
2,-13,10.907844711543884
2,-13,14.222137040090548
2,-13,12.810816734849237
2,-13,7.091479537624901
2,-13,5.0
2,-14,6.073107030786748
2,-14,10.217135386130849
2,-14,12.366298951108222
2,-14,14.881940500598441
2,-14,5.0
2,-14,5.721428350302097
2,-14,21.989036976637607
2,-14,12.097571560489598
2,-14,5.0
2,-14,5.0
2,-14,10.604458592978073
2,-14,6.648767753260936
2,-14,7.254678916574113
2,-14,5.0
2,-14,9.947350238555707
2,-14,14.592152979199389
2,-14,6.190421957646157
2,-14,5.0
2,-14,20.582107197638965
2,-14,5.0
3,-14,11.550153139565712
3,-14,12.373328240950183
3,-14,5.406683059901419
3,-14,11.8726035147388
3,-14,5.0
3,-14,5.531033904530862
3,-14,19.213313422608735
3,-14,21.844553656534053
3,-14,15.556859284038165
3,-14,7.826750191528141
3,-14,24.003241316610577
3,-14,6.4039889965253085
3,-14,14.780043314246596
3,-14,5.0
3,-14,7.277118290855235
3,-14,13.156444710997624
3,-14,7.519528834219596
3,-14,5.0
3,-14,6.21927739110276
3,-14,14.290481265099192
4,-14,15.02489299845464
4,-14,5.117406260335711
4,-14,14.325797011089652
4,-14,5.0
4,-14,5.968288215010298
4,-14,5.0
4,-14,11.038910256603627
4,-14,5.678572728207533
4,-14,14.240639573025245
4,-14,5.746682659612054
4,-14,5.0
4,-14,13.06401647627856
4,-14,5.0
4,-14,14.937363251130245
4,-14,17.403878200814813
4,-14,5.974615847443276
4,-14,5.0
4,-14,5.0
4,-14,14.167563778072177
4,-14,13.714675994281867
5,-14,5.0
5,-14,7.837106292279095
5,-14,20.599349323618227
5,-14,7.589499747471688
5,-14,6.362519233591486
5,-14,6.819051876141781
5,-14,9.754593553673407
5,-14,7.459931025028154
5,-14,14.796061099605577
5,-14,5.0
5,-14,8.567608257625283
5,-14,5.0
5,-14,30.333067724443783
5,-14,8.63377151468206
5,-14,13.0006716827439
5,-14,5.0
5,-14,5.0
5,-14,10.470018526521926
5,-14,16.64181002179415
5,-14,10.675047095686978
6,-14,14.029014304371774
6,-14,5.0
6,-14,9.52086215477742
6,-14,10.798523054509204
6,-14,6.652624676419798
6,-14,5.0
6,-14,14.150516242895467
6,-14,5.0
6,-14,19.643738469361736
6,-14,24.832062576021528
6,-14,17.442009477427128
6,-14,9.249045332068906
6,-14,5.0
6,-14,18.473615825301124
6,-14,5.995947852525624
6,-14,16.331585768887706
6,-14,15.520930212135417
6,-14,16.31352745257879
6,-14,10.609219178236973
6,-14,5.0
6,-15,5.0
6,-15,10.683933928358368
6,-15,5.0
6,-15,9.890545347470539
6,-15,5.0
6,-15,5.0
6,-15,15.235207532060278
6,-15,6.506470521366985
6,-15,13.972413152343956
6,-15,5.0
6,-15,9.094765577785394
6,-15,15.050830431649935
6,-15,17.830269695625034
6,-15,6.654131245604681
6,-15,9.604821441309099
6,-15,6.282122512179031
6,-15,7.923915515325887
6,-15,5.0
6,-15,12.946706506558574
6,-15,5.0
7,-15,18.067515381909594
7,-15,18.581827649282104
7,-15,5.0
7,-15,8.520322974825286
7,-15,5.0
7,-15,7.68650379511204
7,-15,6.314615684251491
7,-15,8.500093242979965
7,-15,5.0
7,-15,5.0
7,-15,6.8901130726893385
7,-15,10.76957346421586
7,-15,7.855379892212332
7,-15,5.0
7,-15,11.100778727532147
7,-15,17.521463227833827
7,-15,12.72805210160362
7,-15,13.97341762167012
7,-15,22.128553680994052
7,-15,5.0
7,-14,11.971054133310444
7,-14,17.61949763815538
7,-14,11.059893494018947
7,-14,12.163173515562683
7,-14,5.0
7,-14,7.618094856150405
7,-14,7.273706087445557
7,-14,13.055440832834252
7,-14,5.0
7,-14,5.0
7,-14,27.172100875670015
7,-14,5.0
7,-14,5.0
7,-14,5.0
7,-14,5.0
7,-14,5.0
7,-14,11.446359825169083
7,-14,10.399661267382944
7,-14,5.0
7,-14,5.0
6,-14,5.0
6,-14,5.0
6,-14,5.0
6,-14,5.0
6,-14,11.667209057750249
6,-14,14.879247404288476
6,-14,6.582732643468246
6,-14,16.154578590943736
6,-14,5.9411684160648655
6,-14,5.0
6,-14,5.0
6,-14,12.692059525601035
6,-14,5.0
6,-14,12.54469652071802
6,-14,9.980859527325176
6,-14,10.537037720491993
6,-14,5.0
6,-14,5.013381916156507
6,-14,8.640821116940735
6,-14,5.0
7,-14,5.803999943153007
7,-14,7.908492523061321
7,-14,5.0
7,-14,16.039731703441362
7,-14,8.025537763788446
7,-14,18.421549274261473
7,-14,9.289281016102233
7,-14,12.77771144829121
7,-14,5.0
7,-14,5.0
7,-14,5.0
7,-14,5.0
7,-14,5.0
7,-14,5.0
7,-14,18.628219689382796
7,-14,11.270128213678024
7,-14,7.477661729108812
7,-14,5.495515254976814
7,-14,9.617426489675182
7,-14,5.0
8,-14,9.797613676870693
8,-14,5.0
8,-14,5.0
8,-14,8.02725616508763
8,-14,8.624684345421118
8,-14,5.0
8,-14,5.0
8,-14,5.0
8,-14,18.42009360325454
8,-14,5.722519071010975
8,-14,10.579858572015295
8,-14,5.0
8,-14,5.0
8,-14,5.0
8,-14,9.067887387822555
8,-14,5.300133922160201
8,-14,17.10764699733417
8,-14,12.600546224630545
8,-14,5.912017373791839
8,-14,21.510250300743024
9,-14,12.031496987278413
9,-14,5.0
9,-14,5.0
9,-14,5.874984484266722
9,-14,5.0
9,-14,5.0
9,-14,5.577348433229313
9,-14,7.2198626399307395
9,-14,6.243042443047985
9,-14,5.0
9,-14,13.433590900932401
9,-14,8.18018303669825
9,-14,5.0
9,-14,11.012660633129046
9,-14,5.156173123359262
9,-14,5.0
9,-14,5.0
9,-14,9.725574852102609
9,-14,5.0
9,-14,5.0
10,-14,12.61808828103546
10,-14,5.0
10,-14,5.0
10,-14,5.0
10,-14,13.30155146321093
10,-14,5.0
10,-14,5.229848101939112
10,-14,10.163421235363138
10,-14,11.812772322236055
10,-14,9.07996044365256
10,-14,5.0
10,-14,14.533888545865224
10,-14,5.0
10,-14,11.283227320422984
10,-14,18.789030615195742
10,-14,5.0
10,-14,5.0
10,-14,5.0
10,-14,5.0
10,-14,5.0
11,-14,15.577466963049703
11,-14,7.824903778074332
11,-14,5.0
11,-14,17.22877259437778
11,-14,5.0
11,-14,5.0
11,-14,5.0
11,-14,5.0
11,-14,9.625385967166778
11,-14,12.263749385089554
11,-14,5.84994133986549
11,-14,5.0
11,-14,5.00959585747579
11,-14,10.13226410498515
11,-14,8.273110933953717
11,-14,9.433173005252831
11,-14,5.0
11,-14,5.0
11,-14,5.0
11,-14,14.88858649417446
12,-14,5.0
12,-14,5.0
12,-14,9.473933361308774
12,-14,8.578844167875452
12,-14,7.296009509057074
12,-14,5.0
12,-14,10.941091132765898
12,-14,10.57512648280325
12,-14,5.0
12,-14,5.0
12,-14,5.81471874353973
12,-14,5.6848148521910105
12,-14,5.0
12,-14,13.51726428420449
12,-14,5.0
12,-14,5.0
12,-14,12.466584408348949
12,-14,5.0
12,-14,13.647944328368702
12,-14,5.0
13,-14,13.5622080107817
13,-14,14.736003706968043
13,-14,10.202742460479726
13,-14,5.0
13,-14,5.0
13,-14,5.0
13,-14,5.0
13,-14,5.075219538333358
13,-14,12.501795084283987
13,-14,5.0
13,-14,5.0
13,-14,5.0
13,-14,8.669463858465528
13,-14,8.40289455109824
13,-14,15.42651642395313
13,-14,5.0
13,-14,5.0
13,-14,11.802804349763209
13,-14,5.0
13,-14,5.0
14,-14,5.0
14,-14,5.0
14,-14,9.771153701006655
14,-14,5.0
14,-14,5.0
14,-14,5.0
14,-14,12.140537400774587
14,-14,14.916271383348164
14,-14,14.700720767010111
14,-14,5.0
14,-14,5.0
14,-14,5.0
14,-14,5.0
14,-14,5.200626725897858
14,-14,5.0
14,-14,5.0
14,-14,6.336713511883827
14,-14,11.03100765979937
14,-14,5.0
14,-14,6.726490336072571
14,-15,5.0
14,-15,5.993327955474898
14,-15,13.041041739832979
14,-15,5.0
14,-15,5.0
14,-15,5.213605266431323
14,-15,6.622918733365278
14,-15,5.0
14,-15,5.0
14,-15,5.0
14,-15,16.198920328692402
14,-15,5.0
14,-15,5.0
14,-15,18.03307100394689
14,-15,11.627160143928428
14,-15,11.34071237043251
14,-15,5.710685475899227
14,-15,6.643859245151052
14,-15,5.599347904551783
14,-15,5.0
15,-15,5.0
15,-15,5.0
15,-15,5.0
15,-15,5.0
15,-15,6.007200342699767
15,-15,5.327294356737903
15,-15,5.0
15,-15,5.0
15,-15,5.705662999659891
15,-15,5.0
15,-15,5.0
15,-15,5.0
15,-15,5.0
15,-15,26.07566721376075
15,-15,5.0
15,-15,5.0
15,-15,6.069728513440639
15,-15,5.0
15,-15,5.1325291790872996
15,-15,5.0
14,-15,5.0
14,-15,5.0
14,-15,5.0
14,-15,5.0
14,-15,5.0
14,-15,5.0
14,-15,5.0
14,-15,5.0
14,-15,5.0
14,-15,5.477855270594183
14,-15,5.0
14,-15,5.0
14,-15,9.563463492716714
14,-15,5.0
14,-15,5.0
14,-15,12.319927904739611
14,-15,5.0
14,-15,5.0
14,-15,5.0
14,-15,10.094849777716673
14,-16,7.715898714942803
14,-16,5.0
14,-16,5.572885523997307
14,-16,16.74482562350353
14,-16,5.0
14,-16,16.046903015727963
14,-16,5.0
14,-16,5.0
14,-16,5.0
14,-16,12.591255404475465
14,-16,5.4761309628904336
14,-16,6.479350786347914
14,-16,5.0
14,-16,5.0
14,-16,5.0
14,-16,5.0
14,-16,5.0
14,-16,9.725432629837957
14,-16,5.3366691664652475
14,-16,5.0
14,-17,5.0
14,-17,5.547831208561844
14,-17,5.0
14,-17,5.0
14,-17,5.0
14,-17,5.0
14,-17,5.0
14,-17,5.0
14,-17,5.0
14,-17,5.0
14,-17,13.821764158842134
14,-17,5.0
14,-17,7.776343156029045
14,-17,5.0
14,-17,5.0
14,-17,5.0
14,-17,8.093568185860086
14,-17,5.0
14,-17,5.0
14,-17,5.0
14,-16,5.0
14,-16,17.91397434668229
14,-16,9.895182420512498
14,-16,5.0
14,-16,5.400992228359828
14,-16,5.0
14,-16,5.0
14,-16,5.0
14,-16,5.0
14,-16,5.0
14,-16,10.653738659730616
14,-16,18.089618852909013
14,-16,8.924620797483147
14,-16,5.0
14,-16,5.0
14,-16,9.180653762478446
14,-16,5.0
14,-16,12.232050584399232
14,-16,17.950892977657517
14,-16,5.0
15,-16,5.0
15,-16,5.0
15,-16,5.0
15,-16,26.756115365774797
15,-16,6.98542207848322
15,-16,5.0
15,-16,5.0
15,-16,16.642699607021456
15,-16,5.052503495363889
15,-16,5.0
15,-16,5.0
15,-16,7.720783617724262
15,-16,5.0
15,-16,7.4126528939418845
15,-16,5.0
15,-16,11.231842606624863
15,-16,5.0
15,-16,11.592594459492881
15,-16,5.0
15,-16,5.0
16,-16,15.618221895715761
16,-16,5.0
16,-16,5.0
16,-16,5.0
16,-16,5.0
16,-16,5.0
16,-16,5.0
16,-16,5.0
16,-16,5.0
16,-16,5.0
16,-16,5.0
16,-16,5.0
16,-16,5.0
16,-16,5.0
16,-16,5.0
16,-16,10.473532571305642
16,-16,5.0
16,-16,5.0
16,-16,5.0
16,-16,5.0
16,-17,5.0
16,-17,15.527775263109483
16,-17,9.905972738213428
16,-17,5.0
16,-17,5.0
16,-17,8.725762420520809
16,-17,5.0
16,-17,5.0
16,-17,5.0
16,-17,8.074763742706972
16,-17,5.0
16,-17,5.0
16,-17,5.0
16,-17,5.0
16,-17,5.0
16,-17,5.0
16,-17,16.007399199261037
16,-17,5.0
16,-17,5.0
16,-17,5.0
16,-18,5.0
16,-18,13.19688667575882
16,-18,5.0
16,-18,5.0
16,-18,5.0
16,-18,5.0
16,-18,5.0
16,-18,5.0
16,-18,15.177216794142916
16,-18,5.0
16,-18,5.0
16,-18,5.245590417505576
16,-18,9.972565862051912
16,-18,5.0
16,-18,5.0
16,-18,5.0
16,-18,5.0
16,-18,5.0
16,-18,5.0
16,-18,5.0
16,-19,5.0
16,-19,8.469637412264168
16,-19,5.0
16,-19,5.0
16,-19,5.0
16,-19,8.059244796353603
16,-19,5.0
16,-19,5.0
16,-19,7.484729180200832
16,-19,5.0
16,-19,5.0
16,-19,5.0
16,-19,5.0
16,-19,5.0
16,-19,5.0
16,-19,5.0
16,-19,5.0
16,-19,5.0
16,-19,8.23069049673968
16,-19,5.0
16,-20,5.0
16,-20,5.0
16,-20,5.0
16,-20,8.05703553122688
16,-20,7.720626799004723
16,-20,5.0
16,-20,5.0
16,-20,6.537137221589239
16,-20,5.0
16,-20,5.0
16,-20,5.0
16,-20,5.0
16,-20,5.0
16,-20,5.0
16,-20,7.275052095408219
16,-20,5.0
16,-20,5.0
16,-20,5.0
16,-20,5.0
16,-20,5.0
17,-20,5.0
17,-20,5.0
17,-20,5.0
17,-20,5.0
17,-20,5.0
17,-20,9.224323919181716
17,-20,5.0
17,-20,5.0
17,-20,5.0
17,-20,5.0
17,-20,5.0
17,-20,5.0
17,-20,5.0
17,-20,5.0
17,-20,5.0
17,-20,5.0
17,-20,5.0
17,-20,5.0
17,-20,5.0
17,-20,12.173400665280305
18,-20,5.0
18,-20,5.0
18,-20,5.0
18,-20,5.0
18,-20,5.0
18,-20,5.0
18,-20,5.0
18,-20,5.0
18,-20,5.0
18,-20,5.0
18,-20,5.0
18,-20,5.0
18,-20,5.0
18,-20,5.0
18,-20,6.84838694266427
18,-20,5.0
18,-20,5.0
18,-20,5.0
18,-20,5.0
18,-20,5.0
19,-20,5.0
19,-20,5.0
19,-20,5.0
19,-20,5.0
19,-20,6.678768426824709
19,-20,5.0
19,-20,17.959788300324576
19,-20,5.0
19,-20,5.0
19,-20,5.0
19,-20,5.0
19,-20,5.0
19,-20,5.0
19,-20,8.025197346622383
19,-20,5.0
19,-20,5.0
19,-20,5.0
19,-20,5.0
19,-20,5.0
19,-20,5.0
20,-20,5.0
20,-20,5.0
20,-20,5.0
20,-20,5.0
20,-20,5.0
20,-20,5.123352299891019
20,-20,5.0
20,-20,5.0
20,-20,5.0
20,-20,5.0
20,-20,5.0
20,-20,5.0
20,-20,5.0
20,-20,5.0
20,-20,7.382268101255313
20,-20,5.0
20,-20,5.0
20,-20,5.0
20,-20,5.0
20,-20,5.0
20,-19,5.0
20,-19,7.508715000556878
20,-19,5.0
20,-19,5.0
20,-19,5.0
20,-19,5.0
20,-19,5.0
20,-19,5.0
20,-19,5.0
20,-19,5.0
20,-19,5.0
20,-19,5.0
20,-19,5.0
20,-19,5.0
20,-19,5.0
20,-19,5.0
20,-19,5.0
20,-19,5.0
20,-19,5.0
20,-19,5.0
20,-18,5.0
20,-18,5.0
20,-18,5.0
20,-18,5.0
20,-18,5.0
20,-18,5.0
20,-18,5.0
20,-18,5.0
20,-18,5.0
20,-18,5.0
20,-18,5.0
20,-18,5.0
20,-18,5.0
20,-18,5.0
20,-18,5.0
20,-18,5.0
20,-18,5.0
20,-18,5.0
20,-18,5.0
20,-18,5.0
20,-17,5.0
20,-17,5.0
20,-17,5.0
20,-17,5.0
20,-17,5.0
20,-17,5.0
20,-17,5.0
20,-17,5.0
20,-17,5.0
20,-17,5.0
20,-17,6.194874968988627
20,-17,5.0
20,-17,5.0
20,-17,5.0
20,-17,5.0
20,-17,5.0
20,-17,5.0
20,-17,5.0
20,-17,5.0
20,-17,5.0
20,-16,5.0
20,-16,5.0
20,-16,5.0
20,-16,5.0
20,-16,5.0
20,-16,5.0
20,-16,5.0
20,-16,5.0
20,-16,5.0
20,-16,5.0
20,-16,5.0
20,-16,5.0
20,-16,5.0
20,-16,5.0
20,-16,5.0
20,-16,5.0
20,-16,5.0
20,-16,13.427875587719441
20,-16,5.0
20,-16,5.0
20,-17,5.0
20,-17,5.0
20,-17,5.0
20,-17,5.0
20,-17,5.0
20,-17,5.0
20,-17,5.0
20,-17,5.0
20,-17,5.0
20,-17,5.0
20,-17,5.0
20,-17,5.0
20,-17,5.0
20,-17,5.0
20,-17,5.0
20,-17,5.0
20,-17,5.0
20,-17,5.0
20,-17,5.0
20,-17,5.0
20,-18,5.0
20,-18,5.0
20,-18,8.485403295908608
20,-18,5.0
20,-18,5.0
20,-18,5.0
20,-18,5.0
20,-18,5.0
20,-18,5.0
20,-18,5.0
20,-18,5.0
20,-18,5.0
20,-18,5.0
20,-18,5.0
20,-18,6.412789613006544
20,-18,5.865269374771087
20,-18,5.9941777417497235
20,-18,5.0
20,-18,5.0
20,-18,5.0
20,-17,5.0
20,-17,5.0
20,-17,5.0
20,-17,5.0
20,-17,5.0
20,-17,5.0
20,-17,5.0
20,-17,5.0
20,-17,5.0
20,-17,5.0
20,-17,5.0
20,-17,5.0
20,-17,5.0
20,-17,5.0
20,-17,5.0
20,-17,5.0
20,-17,5.0
20,-17,5.0
20,-17,5.0
20,-17,5.0
20,-16,5.0
20,-16,5.0
20,-16,5.0
20,-16,5.0
20,-16,5.0
20,-16,7.83929745921191
20,-16,9.63471646812705
20,-16,5.0
20,-16,5.0
20,-16,5.0
20,-16,5.0
20,-16,5.0
20,-16,5.0
20,-16,5.0
20,-16,5.0
20,-16,5.0
20,-16,5.0
20,-16,15.639976298150097
20,-16,5.0
20,-16,5.0
20,-15,17.1554709549645
20,-15,5.0
20,-15,5.0
20,-15,5.0
20,-15,9.99959075789092
20,-15,5.0
20,-15,5.0
20,-15,5.0
20,-15,5.0
20,-15,5.0
20,-15,5.0
20,-15,5.0
20,-15,5.0
20,-15,12.385612976356178
20,-15,5.0
20,-15,5.0
20,-15,5.0
20,-15,5.0
20,-15,5.0
20,-15,5.0
20,-14,5.0
20,-14,12.762403193964412
20,-14,5.0
20,-14,5.0
20,-14,5.0
20,-14,8.954228497993272
20,-14,5.0
20,-14,5.0
20,-14,7.591280417842919
20,-14,5.0
20,-14,5.0
20,-14,5.0
20,-14,5.0
20,-14,5.0
20,-14,9.419662135931334
20,-14,20.985808908017045
20,-14,5.0
20,-14,5.0
20,-14,5.0
20,-14,5.0
20,-13,5.0
20,-13,5.0
20,-13,10.5680448398452
20,-13,5.0
20,-13,5.0
20,-13,5.0
20,-13,5.0
20,-13,5.029358760873297
20,-13,5.0
20,-13,5.0
20,-13,5.0
20,-13,13.114009066416703
20,-13,5.0
20,-13,5.0
20,-13,22.288354404778342
20,-13,5.0
20,-13,5.0
20,-13,5.0
20,-13,5.0
20,-13,5.72230159358885
20,-12,15.255373329352434
20,-12,5.0
20,-12,8.752878599081392
20,-12,5.0
20,-12,5.784994614386527
20,-12,5.516766672243063
20,-12,5.0
20,-12,5.0
20,-12,5.0
20,-12,5.0
20,-12,11.151994291329464
20,-12,5.0
20,-12,5.0
20,-12,5.0
20,-12,6.768889786359337
20,-12,5.0
20,-12,5.0
20,-12,5.0
20,-12,5.0
20,-12,5.0
20,-11,6.345359969974421
20,-11,5.0
20,-11,5.0
20,-11,11.46245628079963
20,-11,5.0
20,-11,5.0
20,-11,5.0
20,-11,5.0
20,-11,5.0
20,-11,5.0
20,-11,9.035498091664584
20,-11,5.0
20,-11,7.267085449871585
20,-11,8.189893867857993
20,-11,5.0
20,-11,5.0
20,-11,5.0
20,-11,5.0
20,-11,5.0
20,-11,5.0
20,-10,5.0
20,-10,5.0
20,-10,12.274230208225692
20,-10,5.0
20,-10,9.220350971751714
20,-10,5.0
20,-10,5.0
20,-10,5.0
20,-10,5.0
20,-10,5.0
20,-10,5.0
20,-10,5.0
20,-10,5.0
20,-10,5.0
20,-10,5.0
20,-10,11.975983984974443
20,-10,5.0
20,-10,5.0
20,-10,5.0
20,-10,5.0
20,-9,5.0
20,-9,5.0
20,-9,11.249850471202112
20,-9,5.0
20,-9,11.709172283118079
20,-9,5.0
20,-9,5.0
20,-9,12.037173043331041
20,-9,5.0
20,-9,18.37188321322813
20,-9,10.094900542343247
20,-9,5.0
20,-9,5.0
20,-9,5.0
20,-9,5.0
20,-9,5.0
20,-9,5.0
20,-9,5.0
20,-9,10.009442163481324
20,-9,14.108581923775409
20,-8,10.532645543531089
20,-8,5.0
20,-8,5.0
20,-8,5.0
20,-8,5.0
20,-8,5.0
20,-8,5.0
20,-8,25.065244608991406
20,-8,13.192510234461162
20,-8,5.0
20,-8,5.0
20,-8,5.0
20,-8,7.529639699671341
20,-8,5.0
20,-8,5.0
20,-8,8.62535877084516
20,-8,7.925016920233895
20,-8,5.0
20,-8,5.0
20,-8,5.0
19,-8,5.0
19,-8,5.0
19,-8,5.0
19,-8,5.0
19,-8,5.0
19,-8,5.0
19,-8,9.814088435352634
19,-8,5.0
19,-8,6.641754850038609
19,-8,5.0
19,-8,5.0
19,-8,21.371550677050188
19,-8,5.0
19,-8,5.0
19,-8,5.0
19,-8,5.0
19,-8,5.135678014811131
19,-8,11.570357300773255
19,-8,5.0
19,-8,5.0
18,-8,5.0
18,-8,5.0
18,-8,5.0
18,-8,5.0
18,-8,9.842643318866703
18,-8,5.0
18,-8,5.506301549366709
18,-8,5.0
18,-8,5.0
18,-8,5.0
18,-8,7.914568632802371
18,-8,16.691801837833943
18,-8,6.093752350406771
18,-8,5.0
18,-8,5.0
18,-8,5.0
18,-8,11.936076328239647
18,-8,5.0
18,-8,5.0
18,-8,6.140446799859469
17,-8,5.0
17,-8,5.0
17,-8,5.0
17,-8,13.337530474009775
17,-8,5.0
17,-8,5.0
17,-8,5.0
17,-8,5.0
17,-8,5.0
17,-8,5.0
17,-8,5.0
17,-8,5.0
17,-8,5.872040993900269
17,-8,5.0
17,-8,5.0
17,-8,5.0
17,-8,5.0
17,-8,5.948886150032381
17,-8,9.59989630380068
17,-8,5.0
16,-8,5.0
16,-8,5.0
16,-8,10.548931173725592
16,-8,14.456421544307169
16,-8,5.0
16,-8,5.0
16,-8,5.0
16,-8,19.95810323070819
16,-8,11.939571208827784
16,-8,5.0
16,-8,5.0
16,-8,5.0
16,-8,10.09913741644629
16,-8,5.0
16,-8,6.7155798346418685
16,-8,5.0
16,-8,5.0
16,-8,5.1073971113115935
16,-8,5.0
16,-8,11.858633022769173
15,-8,5.0
15,-8,21.635788086197874
15,-8,5.0
15,-8,16.841332782971513
15,-8,16.991919806543248
15,-8,25.158144473864848
15,-8,5.0
15,-8,10.569500975981743
15,-8,5.3978532978135405
15,-8,6.318242465860795
15,-8,5.0
15,-8,6.236738670730103
15,-8,5.0
15,-8,5.0
15,-8,7.49811277733319
15,-8,15.05338416861262
15,-8,5.0
15,-8,27.3863663330245
15,-8,10.082288128001707
15,-8,5.0
14,-8,11.977657866761438
14,-8,5.0
14,-8,6.223043257000124
14,-8,6.245940217239668
14,-8,5.008104036580987
14,-8,5.0
14,-8,5.0
14,-8,20.261336123610597
14,-8,5.0
14,-8,5.354901701443845
14,-8,5.0
14,-8,5.0
14,-8,5.0
14,-8,7.948060486204657
14,-8,20.500885323684667
14,-8,21.056313032803416
14,-8,5.0
14,-8,12.13748339401189
14,-8,5.91809954422522
14,-8,5.0
13,-8,5.0
13,-8,5.0
13,-8,5.0
13,-8,5.0
13,-8,5.0
13,-8,5.0
13,-8,5.0
13,-8,5.0
13,-8,18.359333372293918
13,-8,15.786687119195193
13,-8,12.87147349555751
13,-8,5.0
13,-8,9.18388887301518
13,-8,15.58195249231314
13,-8,5.0
13,-8,5.0
13,-8,5.0
13,-8,16.183659404195055
13,-8,11.332453144086529
13,-8,8.72023257115306
12,-8,22.46382983537898
12,-8,20.063308121852106
12,-8,15.2356406214433
12,-8,10.22853046935942
12,-8,10.31431877413807
12,-8,5.0
12,-8,12.301161555333355
12,-8,5.0
12,-8,24.332851302062316
12,-8,13.186466636687767
12,-8,5.0
12,-8,5.0
12,-8,5.0
12,-8,5.0
12,-8,11.844992696398414
12,-8,17.310718555438314
12,-8,12.41537868766155
12,-8,10.635209571580514
12,-8,18.892019456136897
12,-8,16.60464155497106
11,-8,18.025768657645017
11,-8,12.542150750330043
11,-8,15.926605431198636
11,-8,11.625191986735157
11,-8,11.173498243288034
11,-8,10.873627458147324
11,-8,5.0
11,-8,11.022086391601215
11,-8,5.0
11,-8,13.797720702316576
11,-8,21.100426639482844
11,-8,13.187999285239645
11,-8,28.544721029091633
11,-8,19.211050985642025
11,-8,6.020198895681439
11,-8,10.696743867391818
11,-8,5.0
11,-8,10.940697424043671
11,-8,5.0
11,-8,14.691677574377692
10,-8,17.95747621692728
10,-8,5.0
10,-8,15.086696082262206
10,-8,8.548359938910368
10,-8,18.34810691688213
10,-8,10.15318433478133
10,-8,10.979702683532008
10,-8,7.406957151903234
10,-8,10.75881263941615
10,-8,5.0
10,-8,11.41442566441393
10,-8,5.0
10,-8,12.265017074211361
10,-8,12.700879210820142
10,-8,9.364873473835916
10,-8,13.015263119745857
10,-8,9.507652862057432
10,-8,10.391705866230385
10,-8,12.27095010886207
10,-8,5.0
10,-7,5.0
10,-7,9.32422818787878
10,-7,5.0
10,-7,5.0
10,-7,15.450168056591664
10,-7,18.77926436946703
10,-7,11.527314583687668
10,-7,16.073620350766344
10,-7,16.900063691463796
10,-7,7.277247086883252
10,-7,13.665053853948217
10,-7,11.710004429520307
10,-7,8.270259567608402
10,-7,12.997742647188495
10,-7,6.894309334933677
10,-7,14.724034863062048
10,-7,23.649003129177633
10,-7,21.620995420044597
10,-7,5.0
10,-7,11.069251229256338
9,-7,14.335883343905527
9,-7,9.724234234842765
9,-7,10.514437855425264
9,-7,13.842271056782854
9,-7,10.616074146217356
9,-7,6.672612779390174
9,-7,10.781047988980255
9,-7,20.5693259776309
9,-7,18.699212224465843
9,-7,13.471249519872256
9,-7,19.076727270556525
9,-7,15.789989261261026
9,-7,8.551713269972732
9,-7,9.807237228928505
9,-7,14.17010992133612
9,-7,12.482224507847873
9,-7,32.255839374535626
9,-7,6.5847527083636335
9,-7,5.0
9,-7,13.26339010985679
8,-7,7.268247006332691
8,-7,18.008519254074045
8,-7,6.333094731653748
8,-7,15.049245835156439
8,-7,5.0
8,-7,24.319767584261136
8,-7,8.47305006654111
8,-7,18.246033410304037
8,-7,18.910565268855883
8,-7,15.106178359781863
8,-7,5.0
8,-7,11.648039378361421
8,-7,10.80759126633572
8,-7,23.720511465371782
8,-7,5.0
8,-7,9.464560060007786
8,-7,18.961379120317247
8,-7,11.831030184831562
8,-7,7.979793406751461
8,-7,5.0
7,-7,5.0
7,-7,15.30841490301053
7,-7,12.019731971397825
7,-7,11.80607830466055
7,-7,6.960730788492112
7,-7,5.0
7,-7,16.054267427237615
7,-7,11.330166631195668
7,-7,19.35269523151272
7,-7,18.098915572365623
7,-7,10.746681791046264
7,-7,22.432549695808547
7,-7,5.0
7,-7,14.047055774856302
7,-7,19.766319572770055
7,-7,26.028364230129366
7,-7,22.43353356653594
7,-7,19.226832616984282
7,-7,8.295228633146092
7,-7,5.0
7,-8,14.724896202490015
7,-8,5.27116459917193
7,-8,6.740003006682506
7,-8,11.495065573935983
7,-8,18.89878344755794
7,-8,12.02984297011453
7,-8,7.812328317464293
7,-8,13.036396131885109
7,-8,8.995412126832031
7,-8,18.0916742537194
7,-8,14.405937775244125
7,-8,5.0
7,-8,16.60765966078022
7,-8,8.851309605326264
7,-8,13.9440167387658
7,-8,32.383968284336895
7,-8,33.96423666562939
7,-8,20.642681601843176
7,-8,15.04265457805339
7,-8,9.315618090305229
6,-8,29.804495225247315
6,-8,5.0
6,-8,14.54119696474217
6,-8,13.912197359298581
6,-8,8.261505682260015
6,-8,16.649400903421792
6,-8,21.397900906135483
6,-8,15.144527405845704
6,-8,20.16680392289384
6,-8,23.097458137127745
6,-8,14.797998369249997
6,-8,17.912962758072496
6,-8,8.778660966776055
6,-8,15.301546505493121
6,-8,13.825198298831678
6,-8,26.69143953722492
6,-8,30.041980409573803
6,-8,5.0
6,-8,19.079636096226306
6,-8,8.889052182043532
5,-8,10.226217807094509
5,-8,31.85364172178316
5,-8,15.03927385987799
5,-8,5.0
5,-8,13.201408418263247
5,-8,29.434793387316518
5,-8,8.658476666586292
5,-8,21.366452999417646
5,-8,17.092269550864557
5,-8,5.0
5,-8,10.161886354406866
5,-8,11.360471918926562
5,-8,17.560814876574963
5,-8,17.22047639081773
5,-8,16.70549593812011
5,-8,25.115631483520268
5,-8,8.647714443660256
5,-8,12.01563769407501
5,-8,15.916646527728714
5,-8,29.08150031802664
6,-8,19.0695858177844
6,-8,19.69365536668072
6,-8,10.681804572061305
6,-8,12.416643682880023
6,-8,13.944262079894893
6,-8,11.439893533350519
6,-8,23.252540689859607
6,-8,17.54687295225201
6,-8,5.0
6,-8,13.747182268714619
6,-8,23.5853425281988
6,-8,17.933426317431643
6,-8,31.4490407402945
6,-8,7.979708175447559
6,-8,16.859106734137768
6,-8,7.443214516658198
6,-8,8.645363251131265
6,-8,28.847284522234453
6,-8,5.0
6,-8,11.558425560386006
6,-9,12.73173405467703
6,-9,5.0
6,-9,17.629756650099615
6,-9,15.17571408599317
6,-9,10.20118453884443
6,-9,11.979988412420658
6,-9,6.157687222829947
6,-9,19.559502961865622
6,-9,12.440679130398847
6,-9,5.0
6,-9,8.212185414860809
6,-9,13.907478946579747
6,-9,16.12601208203749
6,-9,12.564429140807041
6,-9,5.0
6,-9,12.632801851469132
6,-9,5.0
6,-9,5.0
6,-9,10.269897806481943
6,-9,8.166215281369801
5,-9,5.0
5,-9,14.063599110183365
5,-9,25.604819348778847
5,-9,5.0
5,-9,17.999674382969413
5,-9,22.91803341149438
5,-9,22.500560749520098
5,-9,7.2796679665524975
5,-9,5.0
5,-9,9.07216026156522
5,-9,6.396501581916347
5,-9,17.05465566536732
5,-9,15.914620847618925
5,-9,8.473623863656577
5,-9,29.995710294365463
5,-9,22.078926196712498
5,-9,6.892923206596212
5,-9,12.07367423800859
5,-9,15.537455422520235
5,-9,43.475979865876184
4,-9,17.9615968280552
4,-9,24.432261197609378
4,-9,13.11943668128647
4,-9,21.923741478357964
4,-9,19.706980102602262
4,-9,17.89295120289508
4,-9,16.11463251071733
4,-9,14.22197311904182
4,-9,8.615679991490216
4,-9,5.0
4,-9,14.441518715150663
4,-9,6.0907509835018665
4,-9,5.0
4,-9,5.817043723863545
4,-9,7.143526999669969
4,-9,18.017749272658364
4,-9,5.0
4,-9,12.652888144981498
4,-9,20.00545660794334
4,-9,5.0
3,-9,25.12065608241295
3,-9,17.53263941529639
3,-9,6.887855730728631
3,-9,5.0
3,-9,19.53546247668105
3,-9,18.73701517049563
3,-9,18.373366522733416
3,-9,6.8878393062764935
3,-9,15.31841253796686
3,-9,13.029709721377548
3,-9,9.70440063409933
3,-9,9.647527599523476
3,-9,5.0
3,-9,5.0
3,-9,34.198553252899224
3,-9,9.512017546706812
3,-9,16.8521088413508
3,-9,11.102400988396546
3,-9,21.721428819179085
3,-9,10.543493126056335
4,-9,15.309082910691503
4,-9,24.420020515045906
4,-9,13.497577011810877
4,-9,20.402153837809436
4,-9,18.894571294868985
4,-9,18.61816602306201
4,-9,5.0
4,-9,24.99502500658994
4,-9,10.68285325028754
4,-9,7.736324947118831
4,-9,13.970248940685757
4,-9,18.548881386726954
4,-9,11.741719997831122
4,-9,17.58830017683977
4,-9,5.0
4,-9,19.892415299193818
4,-9,9.922269307777473
4,-9,5.0
4,-9,23.500566151225115
4,-9,31.396467402101457
5,-9,10.817377877150877
5,-9,13.859735927327506
5,-9,5.0
5,-9,37.873769772460534
5,-9,5.0
5,-9,17.285022334573608
5,-9,15.442631635166025
5,-9,13.989253524166472
5,-9,5.0
5,-9,18.71717892606858
5,-9,16.649165375288156
5,-9,5.984878535307976
5,-9,13.581811139493592
5,-9,8.344250150649847
5,-9,20.90064033133168
5,-9,6.545583964059966
5,-9,8.657096895211998
5,-9,12.290907734525065
5,-9,12.009480727316799
5,-9,10.296114773137155
4,-9,5.0
4,-9,22.015536205251266
4,-9,14.972943740207924
4,-9,35.541780312154145
4,-9,23.096645288844027
4,-9,7.44180323058171
4,-9,8.72776535600604
4,-9,5.0
4,-9,14.164020841818946
4,-9,28.543046544931798
4,-9,18.0042269491994
4,-9,10.653770759194941
4,-9,27.884183996146085
4,-9,22.7923093658516
4,-9,7.239355204154602
4,-9,25.06588743819707
4,-9,12.76080098498391
4,-9,16.938349080136053
4,-9,10.181623633347968
4,-9,27.864140523969038
4,-10,13.710406828688388
4,-10,23.831889444435216
4,-10,10.069504939793934
4,-10,15.231836090116513
4,-10,18.79861745363727
4,-10,9.97260544857351
4,-10,6.917344006347795
4,-10,23.5172384955703
4,-10,15.209636884404944
4,-10,6.34225599781703
4,-10,13.648761314855706
4,-10,14.156532330282404
4,-10,24.389756996982058
4,-10,13.466496609251674
4,-10,5.0
4,-10,16.661657359930526
4,-10,9.197094431016987
4,-10,26.98598777893308
4,-10,23.36216627816456
4,-10,11.713738731730048
3,-10,33.6364728850726
3,-10,24.191789383764934
3,-10,13.71164186290374
3,-10,5.0
3,-10,7.310527754235256
3,-10,8.250944976472164
3,-10,12.32920386239427
3,-10,13.953205348472068
3,-10,26.987121389149237
3,-10,17.536304872036794
3,-10,7.422833674792498
3,-10,12.821044567541191
3,-10,10.391917052919224
3,-10,5.097000314166735
3,-10,33.47787355856926
3,-10,19.047134222216663
3,-10,13.714757363707156
3,-10,23.44091034113285
3,-10,5.0
3,-10,18.283370185819706
4,-10,10.852402154592603
4,-10,14.287706595614981
4,-10,6.307852406680672
4,-10,9.834390025759028
4,-10,16.821271464879285
4,-10,5.0
4,-10,11.443543899386691
4,-10,15.472820994005016
4,-10,13.418659388593781
4,-10,17.963318720629157
4,-10,14.706847755669967
4,-10,7.937389600614592
4,-10,20.91589603361905
4,-10,8.59907691518914
4,-10,6.025341349224551
4,-10,7.2905606249224135
4,-10,11.589215574984115
4,-10,15.284618778917999
4,-10,29.698973462158
4,-10,19.39821393990711
4,-11,21.837270492188942
4,-11,13.602757918020313
4,-11,11.633544815156293
4,-11,13.945204255931952
4,-11,16.8201504062853
4,-11,9.725349339061925
4,-11,19.710473902394195
4,-11,26.86086222617167
4,-11,11.561783359108965
4,-11,5.0
4,-11,12.226912029810155
4,-11,9.181993060269722
4,-11,9.54022997785726
4,-11,11.843771675219921
4,-11,5.0
4,-11,5.0
4,-11,11.017389466844891
4,-11,5.0
4,-11,23.27269165790755
4,-11,5.0
3,-11,10.194451442029454
3,-11,23.455496093816357
3,-11,12.603132198757374
3,-11,7.6620101549075805
3,-11,19.417411319874322
3,-11,15.934486737328722
3,-11,5.0
3,-11,17.407358004553654
3,-11,13.746695651684982
3,-11,31.28878074871713
3,-11,31.053202374947276
3,-11,5.0
3,-11,9.384367536779688
3,-11,5.0
3,-11,8.265536564780536
3,-11,5.0
3,-11,11.116042621680753
3,-11,5.0
3,-11,31.239585229876536
3,-11,10.569176781850798
2,-11,5.0
2,-11,11.2561340399639
2,-11,14.736079843538436
2,-11,6.727265683786532
2,-11,6.273384478236327
2,-11,11.126649514611103
2,-11,7.070387467435733
2,-11,12.225035140416697
2,-11,28.75736388414233
2,-11,9.133890045803925
2,-11,15.813702143862987
2,-11,6.127004081259733
2,-11,6.801795122574708
2,-11,12.553140674401103
2,-11,5.0
2,-11,5.0
2,-11,15.59690220410753
2,-11,12.75117224704842
2,-11,15.167739314254208
2,-11,5.0
1,-11,12.50551616042663
1,-11,15.40575881554916
1,-11,18.416449506168526
1,-11,5.0
1,-11,19.430930344493156
1,-11,11.929609217766417
1,-11,5.583336983033119
1,-11,10.84681712772252
1,-11,5.0
1,-11,14.839240118842902
1,-11,13.377097148557823
1,-11,5.0
1,-11,21.45173249700869
1,-11,18.350112250726355
1,-11,19.038098250929586
1,-11,9.02925317017951
1,-11,6.67583147631346
1,-11,7.448481689889222
1,-11,7.669053280090096
1,-11,11.009949402718448
0,-11,19.172720866407516
0,-11,11.103278413645292
0,-11,15.04772063677577
0,-11,27.187624378921058
0,-11,5.0
0,-11,20.216451499326375
0,-11,20.456393537961123
0,-11,18.461323710107663
0,-11,35.77387402817398
0,-11,28.24869982338185
0,-11,5.0
0,-11,11.869076984039886
0,-11,5.0
0,-11,17.004632868327448
0,-11,17.905384960152766
0,-11,18.82019890126771
0,-11,7.39420575444195
0,-11,22.391830717965625
0,-11,6.838904049409239
0,-11,5.0
-1,-11,16.37588654404829
-1,-11,8.689866378734795
-1,-11,9.13580031033554
-1,-11,17.85499400143013
-1,-11,12.67687213835892
-1,-11,18.06881817913312
-1,-11,6.898528170263606
-1,-11,6.633108736070551
-1,-11,9.253103990458472
-1,-11,5.0
-1,-11,8.298477580092175
-1,-11,18.89884006916114
-1,-11,5.782690976528583
-1,-11,14.349603083040108
-1,-11,5.0
-1,-11,16.998582949478973
-1,-11,9.202381681733815
-1,-11,18.02303958682445
-1,-11,5.0
-1,-11,6.1790229654915985
-1,-12,9.975007805422091
-1,-12,15.882887328437933
-1,-12,5.0
-1,-12,8.061317614435866
-1,-12,17.350297125647103
-1,-12,12.062276186738872
-1,-12,17.88442509959046
-1,-12,5.0
-1,-12,8.3684685677363
-1,-12,17.682426842552122
-1,-12,20.052023174636368
-1,-12,6.7509993278200024
-1,-12,5.0
-1,-12,22.031276973800544
-1,-12,8.197366271643817
-1,-12,14.544590171386256
-1,-12,7.715531152143695
-1,-12,20.34448317657381
-1,-12,11.263392191396733
-1,-12,7.176548399707299
-2,-12,24.437068973774913
-2,-12,6.029880122195236
-2,-12,10.250971715627372
-2,-12,18.69134259605697
-2,-12,26.973484821820623
-2,-12,19.345707844103345
-2,-12,27.307248042723497
-2,-12,19.453000317278217
-2,-12,12.590955434672559
-2,-12,9.394993568352392
-2,-12,23.304512155290418
-2,-12,10.641128313376194
-2,-12,5.0
-2,-12,7.910872077121846
-2,-12,5.0
-2,-12,5.0
-2,-12,22.62935223766504
-2,-12,14.676840489378403
-2,-12,20.333994522916896
-2,-12,21.3976116892713
-3,-12,12.582992504367793
-3,-12,7.986935079140815
-3,-12,17.90458328472829
-3,-12,15.911590531261458
-3,-12,13.426520955674961
-3,-12,20.704916655859815
-3,-12,5.0
-3,-12,10.708342471606265
-3,-12,5.7892896936869835
-3,-12,14.470743682680041
-3,-12,8.237667585838011
-3,-12,5.0
-3,-12,5.0
-3,-12,10.229112655861654
-3,-12,14.679188169469926
-3,-12,9.28041924832521
-3,-12,5.0
-3,-12,27.392612034138864
-3,-12,5.0
-3,-12,11.083375156357913
-3,-13,5.0
-3,-13,5.0
-3,-13,7.791405840894595
-3,-13,14.519711691239506
-3,-13,9.631065595224676
-3,-13,23.30503851213448
-3,-13,20.60819541248434
-3,-13,21.432219703460618
-3,-13,11.419267537490104
-3,-13,5.0
-3,-13,17.87220294008246
-3,-13,12.100655405419234
-3,-13,16.710101567294497
-3,-13,5.0
-3,-13,18.073929397728634
-3,-13,11.95331038430872
-3,-13,7.151925438760422
-3,-13,5.0
-3,-13,8.67895388505711
-3,-13,10.403872399417438
-4,-13,9.365002019657421
-4,-13,5.0
-4,-13,13.59800444661849
-4,-13,14.6013703917655
-4,-13,7.341016194314325
-4,-13,5.0
-4,-13,17.443131841937586
-4,-13,5.0
-4,-13,8.463283787994932
-4,-13,6.193139323962977
-4,-13,13.784331370306871
-4,-13,5.0
-4,-13,5.0
-4,-13,5.488738395686758
-4,-13,7.734752429605283
-4,-13,11.51460806022211
-4,-13,12.041760227299202
-4,-13,26.38431438503108
-4,-13,15.682753495160942
-4,-13,26.480281493364004
-5,-13,23.79789047038077
-5,-13,26.85478550572094
-5,-13,5.0
-5,-13,7.253226558153852
-5,-13,6.63410996058353
-5,-13,5.6786706911161025
-5,-13,9.457504802590384
-5,-13,12.062466140428535
-5,-13,5.0
-5,-13,8.687291287147424
-5,-13,7.926370906642932
-5,-13,20.30775171221223
-5,-13,10.382052848344838
-5,-13,7.640932111483659
-5,-13,5.0
-5,-13,13.061881924349235
-5,-13,8.392470063079362
-5,-13,17.695607731347767
-5,-13,7.371980492874852
-5,-13,6.491403890288631
-6,-13,5.0
-6,-13,10.444691066057002
-6,-13,5.0
-6,-13,24.51565945988673
-6,-13,11.820020863722705
-6,-13,5.0
-6,-13,19.835025556030203
-6,-13,7.704631721116189
-6,-13,5.0
-6,-13,5.0
-6,-13,13.309232587042938
-6,-13,17.612957327825036
-6,-13,18.825945007014965
-6,-13,10.783824319775544
-6,-13,12.739543120343104
-6,-13,5.0
-6,-13,5.0
-6,-13,17.72570061537477
-6,-13,5.0
-6,-13,5.0
-5,-13,20.18499977053572
-5,-13,8.564416966429267
-5,-13,17.76023103798607
-5,-13,5.0
-5,-13,12.31407185924986
-5,-13,9.993579837402873
-5,-13,5.0
-5,-13,5.0
-5,-13,5.0
-5,-13,6.303891397111725
-5,-13,20.067465899543635
-5,-13,5.0
-5,-13,6.386637157546124
-5,-13,13.863744196151854
-5,-13,20.440031193469608
-5,-13,19.238159150708345
-5,-13,17.838744063829427
-5,-13,22.434908536832545
-5,-13,13.715365384352083
-5,-13,5.0
-6,-13,5.0
-6,-13,5.0
-6,-13,5.928861232089745
-6,-13,18.05231661626247
-6,-13,5.0
-6,-13,18.17102183750778
-6,-13,5.0
-6,-13,7.287770426750225
-6,-13,7.84139421635553
-6,-13,8.430550870097472
-6,-13,18.428678712386834
-6,-13,5.0
-6,-13,17.937487402907
-6,-13,12.0598451475901
-6,-13,5.0
-6,-13,5.0
-6,-13,14.143940128440615
-6,-13,5.0
-6,-13,8.06118111031752
-6,-13,13.611160570860696
-6,-14,5.0
-6,-14,10.074163801582356
-6,-14,5.0
-6,-14,21.05737309758492
-6,-14,13.411514509878835
-6,-14,18.260887435325454
-6,-14,12.284882211485726
-6,-14,5.0
-6,-14,5.243278450702469
-6,-14,17.238375746407183
-6,-14,9.132203257431037
-6,-14,6.503874361550625
-6,-14,12.79889536009695
-6,-14,34.58591519265683
-6,-14,10.982487560056072
-6,-14,10.77103339903401
-6,-14,12.627880263402027
-6,-14,6.595675005255204
-6,-14,5.0
-6,-14,20.90055449639778
-7,-14,5.0
-7,-14,5.0
-7,-14,5.0
-7,-14,13.791366937026726
-7,-14,5.0
-7,-14,5.0
-7,-14,5.0
-7,-14,6.690354464912708
-7,-14,11.022945250607945
-7,-14,8.02717414539264
-7,-14,12.55173440932364
-7,-14,5.0
-7,-14,6.318954624125565
-7,-14,5.0
-7,-14,7.037246164987883
-7,-14,5.476097511907021
-7,-14,5.0
-7,-14,6.704501964121284
-7,-14,5.0
-7,-14,10.758341500098547
-6,-14,20.27368909811818
-6,-14,13.251904452417858
-6,-14,5.0
-6,-14,15.668924814828767
-6,-14,10.174451055052721
-6,-14,5.0
-6,-14,5.173100924883376
-6,-14,5.0
-6,-14,9.15429593376629
-6,-14,10.935470782210949
-6,-14,12.698989849013467
-6,-14,12.59092227902442
-6,-14,20.179180802872033
-6,-14,5.0
-6,-14,5.0
-6,-14,13.294976042870589
-6,-14,5.0
-6,-14,9.400802479074361
-6,-14,5.0
-6,-14,18.07239600728775
-7,-14,5.0
-7,-14,5.0
-7,-14,11.744347033673463
-7,-14,12.43589177221127
-7,-14,6.6948637298305
-7,-14,5.0
-7,-14,5.0
-7,-14,5.0
-7,-14,5.0
-7,-14,5.0
-7,-14,5.0
-7,-14,5.0
-7,-14,5.133671375375833
-7,-14,5.0
-7,-14,9.86890987508377
-7,-14,11.151655852099399
-7,-14,12.602962473498582
-7,-14,5.0
-7,-14,5.0
-7,-14,14.074629314834256
-7,-15,5.0147912571643705
-7,-15,7.964712974303774
-7,-15,5.0
-7,-15,5.0
-7,-15,5.0
-7,-15,5.0
-7,-15,5.0
-7,-15,9.940735563601644
-7,-15,5.837445040848603
-7,-15,9.372466842348606
-7,-15,5.0
-7,-15,5.0
-7,-15,5.0
-7,-15,5.0
-7,-15,19.27542544010072
-7,-15,12.171653842048471
-7,-15,5.0
-7,-15,5.0
-7,-15,15.095867924974497
-7,-15,5.0
-8,-15,5.0
-8,-15,5.0
-8,-15,5.0
-8,-15,5.393340704925319
-8,-15,23.866052645792934
-8,-15,14.11511766964235
-8,-15,18.63553320712223
-8,-15,5.0
-8,-15,5.0
-8,-15,5.0
-8,-15,9.874501682598709
-8,-15,15.41872471672936
-8,-15,12.788541302961107
-8,-15,20.046179162340238
-8,-15,5.0
-8,-15,5.0
-8,-15,5.0
-8,-15,5.0
-8,-15,9.223146652785276
-8,-15,12.854527510443784
-9,-15,5.0
-9,-15,10.067144139960726
-9,-15,13.692994094556525
-9,-15,5.0
-9,-15,5.594463423120374
-9,-15,5.0
-9,-15,14.875399021093786
-9,-15,5.671024425061606
-9,-15,5.0
-9,-15,5.0
-9,-15,5.0
-9,-15,13.262706895708746
-9,-15,5.171579985521184
-9,-15,10.21876255924673
-9,-15,5.0
-9,-15,8.192904249768013
-9,-15,5.0
-9,-15,6.505962109574517
-9,-15,5.0
-9,-15,5.5017067434928855
-10,-15,5.0
-10,-15,10.44972355221207
-10,-15,5.0
-10,-15,5.0
-10,-15,12.861125328950513
-10,-15,14.129477815363403
-10,-15,13.246995298089125
-10,-15,6.3380519311026955
-10,-15,11.969969271433762
-10,-15,13.69441099150815
-10,-15,5.0
-10,-15,6.540711858919273
-10,-15,5.0
-10,-15,10.499328399315587
-10,-15,5.0
-10,-15,5.0
-10,-15,9.42661783934662
-10,-15,5.0
-10,-15,5.0
-10,-15,5.0
-11,-15,5.0
-11,-15,5.0
-11,-15,7.513169490204254
-11,-15,12.86836531299514
-11,-15,5.0
-11,-15,5.0
-11,-15,5.0
-11,-15,5.2307416953444035
-11,-15,18.49923109511448
-11,-15,11.591501249756568
-11,-15,5.0
-11,-15,7.711283364027328
-11,-15,5.0
-11,-15,9.094330508599574
-11,-15,15.790051643972836
-11,-15,5.0
-11,-15,11.782060628869376
-11,-15,8.806025403286505
-11,-15,11.735569000163895
-11,-15,5.0
-10,-15,17.62418307760492
-10,-15,5.0
-10,-15,9.997065394069331
-10,-15,12.846542069580257
-10,-15,8.141174778687319
-10,-15,5.0
-10,-15,5.0
-10,-15,20.396982790000024
-10,-15,9.494324171518645
-10,-15,5.0912218651742105
-10,-15,18.42477556775075
-10,-15,12.446901169910586
-10,-15,12.960263038908998
-10,-15,5.0
-10,-15,9.996655557736684
-10,-15,6.171703541651257
-10,-15,5.0
-10,-15,5.0
-10,-15,5.0
-10,-15,5.0
-11,-15,8.717292973814297
-11,-15,7.243010385173695
-11,-15,5.0
-11,-15,5.0
-11,-15,7.765084200438766
-11,-15,19.28084502354411
-11,-15,5.0
-11,-15,13.017007897901827
-11,-15,6.202284899989979
-11,-15,5.0
-11,-15,5.0
-11,-15,5.0
-11,-15,5.0
-11,-15,15.652708545178019
-11,-15,10.12997238696448
-11,-15,5.0
-11,-15,8.99205723306249
-11,-15,5.0
-11,-15,6.356981926581019
-11,-15,21.68097413819662
-12,-15,5.0
-12,-15,5.0
-12,-15,5.0
-12,-15,6.0849010816873665
-12,-15,7.762756313821862
-12,-15,5.0
-12,-15,5.0
-12,-15,5.0
-12,-15,5.0
-12,-15,10.811754443320954
-12,-15,5.0
-12,-15,21.637127119390104
-12,-15,5.0
-12,-15,15.863770937441076
-12,-15,5.0
-12,-15,11.31196778939181
-12,-15,13.826662846920188
-12,-15,5.0
-12,-15,7.810078081139289
-12,-15,6.098737145049417
-13,-15,5.0
-13,-15,10.73610055731772
-13,-15,5.0
-13,-15,5.0
-13,-15,5.0
-13,-15,25.522211397852562
-13,-15,6.918056947218007
-13,-15,5.0
-13,-15,10.231863062405202
-13,-15,8.587525525741238
-13,-15,5.4103057590880415
-13,-15,5.0
-13,-15,5.0
-13,-15,5.883363962326623
-13,-15,5.0
-13,-15,5.256385342386523
-13,-15,5.0
-13,-15,10.093127921918763
-13,-15,19.713556415434972
-13,-15,5.0
-14,-15,5.0
-14,-15,5.0
-14,-15,5.0
-14,-15,5.0
-14,-15,16.827717844604855
-14,-15,5.0
-14,-15,9.94761790426912
-14,-15,5.0
-14,-15,5.0
-14,-15,5.0
-14,-15,5.0
-14,-15,11.037469673681734
-14,-15,5.0
-14,-15,11.682630080498631
-14,-15,5.0
-14,-15,5.0
-14,-15,16.334916338634127
-14,-15,5.0
-14,-15,5.0
-14,-15,5.0
-15,-15,5.0
-15,-15,5.0
-15,-15,5.0
-15,-15,5.0
-15,-15,5.0
-15,-15,5.0
-15,-15,5.0
-15,-15,14.921002361003845
-15,-15,9.315057412761359
-15,-15,5.0
-15,-15,5.0
-15,-15,5.0
-15,-15,15.17676863647233
-15,-15,5.0
-15,-15,5.0
-15,-15,5.0
-15,-15,7.782568601479133
-15,-15,5.0
-15,-15,5.0
-15,-15,9.108508786750058
-15,-16,5.0
-15,-16,5.0
-15,-16,5.0
-15,-16,8.69805275558942
-15,-16,5.0
-15,-16,5.0
-15,-16,6.288034569987447
-15,-16,5.0
-15,-16,5.0
-15,-16,10.192169591232965
-15,-16,5.0
-15,-16,5.0
-15,-16,5.0
-15,-16,5.0
-15,-16,5.0
-15,-16,5.0
-15,-16,5.0
-15,-16,5.0
-15,-16,5.0
-15,-16,16.34664507392734
-16,-16,5.0
-16,-16,5.0
-16,-16,5.0
-16,-16,5.0
-16,-16,7.1446683027386815
-16,-16,5.0
-16,-16,5.0
-16,-16,5.0
-16,-16,10.005516852004066
-16,-16,5.0
-16,-16,5.0
-16,-16,5.0
-16,-16,5.0
-16,-16,5.0
-16,-16,5.0
-16,-16,5.0
-16,-16,5.0
-16,-16,5.0
-16,-16,5.0
-16,-16,5.0
-17,-16,8.657644900168368
-17,-16,8.298981846013493
-17,-16,5.0
-17,-16,5.0
-17,-16,5.0
-17,-16,5.0
-17,-16,5.0
-17,-16,10.05433231560613
-17,-16,14.679978727334388
-17,-16,8.16352813223406
-17,-16,5.0
-17,-16,5.2348312483970165
-17,-16,5.0
-17,-16,5.0
-17,-16,6.322907154610965
-17,-16,5.0
-17,-16,5.0
-17,-16,5.0
-17,-16,5.0
-17,-16,23.18647984089777
-18,-16,5.0
-18,-16,5.7989199893074606
-18,-16,5.0
-18,-16,5.0
-18,-16,5.0
-18,-16,5.0
-18,-16,6.9370452973244685
-18,-16,5.0
-18,-16,5.0
-18,-16,5.0
-18,-16,5.0
-18,-16,5.0
-18,-16,9.463348780165562
-18,-16,5.383333358133587
-18,-16,5.0
-18,-16,5.0
-18,-16,5.0
-18,-16,5.0
-18,-16,5.0
-18,-16,13.23401396704706
-19,-16,5.0
-19,-16,5.0
-19,-16,5.0
-19,-16,5.0
-19,-16,5.0
-19,-16,5.0
-19,-16,5.0
-19,-16,5.0
-19,-16,5.0
-19,-16,5.0
-19,-16,5.0
-19,-16,5.0
-19,-16,5.0
-19,-16,5.0
-19,-16,5.0
-19,-16,5.0
-19,-16,5.0
-19,-16,5.0
-19,-16,5.0
-19,-16,5.0
-20,-16,6.737854893238158
-20,-16,6.585970853544536
-20,-16,5.0
-20,-16,5.0
-20,-16,8.58889887862984
-20,-16,5.0
-20,-16,5.0
-20,-16,5.0
-20,-16,5.0
-20,-16,5.0
-20,-16,7.873990608908494
-20,-16,7.342892703258894
-20,-16,5.0
-20,-16,5.0
-20,-16,5.0
-20,-16,5.0
-20,-16,5.0
-20,-16,5.0
-20,-16,5.0
-20,-16,5.0
-19,-16,5.0
-19,-16,18.731012092964416
-19,-16,16.278336850758066
-19,-16,5.0
-19,-16,5.0
-19,-16,5.0
-19,-16,5.0
-19,-16,10.49398059617431
-19,-16,5.0
-19,-16,5.0
-19,-16,5.0
-19,-16,5.0
-19,-16,8.417099780535352
-19,-16,5.0
-19,-16,5.0
-19,-16,5.524650873449443
-19,-16,5.0
-19,-16,5.0
-19,-16,5.0
-19,-16,5.0
-19,-17,5.0
-19,-17,5.0
-19,-17,5.0
-19,-17,5.0
-19,-17,5.0
-19,-17,5.0
-19,-17,5.0
-19,-17,5.0
-19,-17,5.0
-19,-17,5.0
-19,-17,5.0
-19,-17,5.0
-19,-17,5.0
-19,-17,5.0
-19,-17,5.0
-19,-17,5.6873340688876635
-19,-17,12.923604070939875
-19,-17,5.0
-19,-17,5.0
-19,-17,5.0
-18,-17,5.0
-18,-17,5.0
-18,-17,5.0
-18,-17,5.0
-18,-17,5.0
-18,-17,5.0
-18,-17,5.0
-18,-17,5.0
-18,-17,5.0
-18,-17,5.0
-18,-17,5.0
-18,-17,5.0
-18,-17,5.0
-18,-17,5.838684980322654
-18,-17,5.0
-18,-17,7.516575184760896
-18,-17,5.0
-18,-17,5.0
-18,-17,5.0
-18,-17,11.796101329561658
-18,-16,5.0
-18,-16,5.528586193723188
-18,-16,5.0
-18,-16,5.0
-18,-16,5.0
-18,-16,5.0
-18,-16,5.0
-18,-16,5.0
-18,-16,5.0
-18,-16,5.0
-18,-16,5.0
-18,-16,5.0
-18,-16,5.0
-18,-16,5.0
-18,-16,5.0
-18,-16,5.0
-18,-16,5.0
-18,-16,5.0
-18,-16,5.0
-18,-16,5.0
-17,-16,5.0
-17,-16,5.0
-17,-16,5.0
-17,-16,5.0
-17,-16,5.0
-17,-16,5.0
-17,-16,5.0
-17,-16,5.0
-17,-16,5.0
-17,-16,6.2799682135902035
-17,-16,5.0
-17,-16,5.433382357969178
-17,-16,5.0
-17,-16,5.0
-17,-16,5.0
-17,-16,5.0
-17,-16,5.0
-17,-16,8.82222896768134
-17,-16,5.559855635300874
-17,-16,5.0
-16,-16,13.878859028705968
-16,-16,5.0
-16,-16,5.0
-16,-16,7.170133239628952
-16,-16,5.0
-16,-16,5.0
-16,-16,5.0
-16,-16,5.633659631607953
-16,-16,5.0
-16,-16,5.0
-16,-16,5.0
-16,-16,5.0
-16,-16,5.0
-16,-16,5.0
-16,-16,5.0
-16,-16,5.0
-16,-16,5.0
-16,-16,5.0
-16,-16,5.0
-16,-16,8.148974392071189
-15,-16,5.0
-15,-16,5.0
-15,-16,5.0
-15,-16,5.0
-15,-16,10.21430201496677
-15,-16,5.0
-15,-16,5.0
-15,-16,5.0
-15,-16,5.0
-15,-16,5.0
-15,-16,11.559444638797725
-15,-16,5.0
-15,-16,8.204651645255623
-15,-16,5.0
-15,-16,5.0
-15,-16,5.0
-15,-16,5.0
-15,-16,13.45746378679491
-15,-16,5.0
-15,-16,12.739209458977458
-15,-15,5.0
-15,-15,5.0
-15,-15,5.0
-15,-15,5.0
-15,-15,5.885105576273787
-15,-15,5.0
-15,-15,5.0
-15,-15,5.0
-15,-15,5.0
-15,-15,5.0
-15,-15,5.0
-15,-15,5.0
-15,-15,5.0
-15,-15,9.147261171467946
-15,-15,5.0
-15,-15,5.0
-15,-15,5.0
-15,-15,13.781413719252608
-15,-15,5.0
-15,-15,5.0
-14,-15,14.046899917088101
-14,-15,5.0
-14,-15,5.0
-14,-15,5.0
-14,-15,5.0
-14,-15,5.0
-14,-15,5.0
-14,-15,7.927639993080181
-14,-15,5.0
-14,-15,5.0
-14,-15,5.0
-14,-15,5.0
-14,-15,5.0
-14,-15,5.0
-14,-15,5.0
-14,-15,5.0
-14,-15,7.233704030269643
-14,-15,5.0
-14,-15,5.0
-14,-15,5.0
-13,-15,11.410941265918238
-13,-15,5.0
-13,-15,5.0
-13,-15,12.057059262899868
-13,-15,5.0
-13,-15,7.709293553032236
-13,-15,5.0
-13,-15,5.0
-13,-15,5.0
-13,-15,5.0
-13,-15,5.0
-13,-15,5.0
-13,-15,5.0
-13,-15,10.066106147670155
-13,-15,5.0
-13,-15,5.0
-13,-15,9.154686867296874
-13,-15,5.0
-13,-15,10.098207035432697
-13,-15,7.695122123078692
-12,-15,15.096022001325192
-12,-15,15.76364541815675
-12,-15,13.198591347894071
-12,-15,5.0
-12,-15,5.0
-12,-15,10.733957122338138
-12,-15,5.0
-12,-15,5.0
-12,-15,5.0
-12,-15,5.0
-12,-15,5.0
-12,-15,5.0
-12,-15,5.0
-12,-15,12.385175567379992
-12,-15,5.0
-12,-15,9.644546710439254
-12,-15,12.995229829100088
-12,-15,5.0
-12,-15,11.991825231353594
-12,-15,5.0
-12,-16,5.0
-12,-16,5.0
-12,-16,5.0
-12,-16,6.957370261716333
-12,-16,5.0
-12,-16,10.976222655474778
-12,-16,5.0
-12,-16,5.0
-12,-16,16.26223126351338
-12,-16,5.0
-12,-16,5.0
-12,-16,5.0
-12,-16,5.0
-12,-16,5.0
-12,-16,5.0
-12,-16,5.0
-12,-16,5.0
-12,-16,5.0
-12,-16,5.0
-12,-16,5.0
-12,-15,5.0
-12,-15,8.891893604000277
-12,-15,18.93053051009567
-12,-15,20.867463047653224
-12,-15,5.45847457288685
-12,-15,5.0
-12,-15,7.1093562302091815
-12,-15,10.898726177267449
-12,-15,5.0
-12,-15,9.132548752894014
-12,-15,5.0
-12,-15,10.288461425413837
-12,-15,5.0
-12,-15,5.0
-12,-15,12.798570656490227
-12,-15,10.753514192653206
-12,-15,6.2012800414279825
-12,-15,5.0
-12,-15,5.0
-12,-15,5.0
-13,-15,11.08504623410602
-13,-15,5.0
-13,-15,5.0
-13,-15,5.234485515493037
-13,-15,5.0
-13,-15,5.0
-13,-15,5.0
-13,-15,5.7805546216041686
-13,-15,5.0
-13,-15,5.0
-13,-15,5.0
-13,-15,5.0
-13,-15,5.0
-13,-15,5.0
-13,-15,5.0
-13,-15,5.0
-13,-15,13.797697910355998
-13,-15,5.0
-13,-15,5.0
-13,-15,10.559572134287492
-12,-15,5.0
-12,-15,8.779093208498908
-12,-15,5.0
-12,-15,10.375688343901139
-12,-15,5.0
-12,-15,10.847535334528924
-12,-15,14.806224571406988
-12,-15,9.360944959702561
-12,-15,7.248574985955886
-12,-15,5.0
-12,-15,18.539717443587936
-12,-15,6.280218631376229
-12,-15,5.0
-12,-15,12.41167622623053
-12,-15,5.0
-12,-15,6.70625812886691
-12,-15,5.0
-12,-15,5.0
-12,-15,5.0
-12,-15,9.063845996555283
-11,-15,5.0
-11,-15,12.189941080823615
-11,-15,10.574713813478134
-11,-15,5.0
-11,-15,21.282433884896548
-11,-15,8.661140917814578
-11,-15,5.0
-11,-15,5.0
-11,-15,5.0
-11,-15,5.0
-11,-15,5.0
-11,-15,5.0
-11,-15,5.0
-11,-15,20.97340652350263
-11,-15,5.0
-11,-15,5.0
-11,-15,5.0
-11,-15,15.010048562304165
-11,-15,5.0
-11,-15,5.0
-10,-15,5.0
-10,-15,18.74340939997197
-10,-15,5.0
-10,-15,7.563222007347022
-10,-15,7.1502038332043
-10,-15,5.0
-10,-15,5.0
-10,-15,10.6702928431328
-10,-15,17.29896838004939
-10,-15,12.344531922103938
-10,-15,19.487210871021098
-10,-15,5.132697888080479
-10,-15,7.528536581700656
-10,-15,6.102734179241044
-10,-15,5.0
-10,-15,7.587847561608545
-10,-15,5.0
-10,-15,5.0
-10,-15,5.0
-10,-15,5.0
-9,-15,9.545062751651535
-9,-15,11.59037710090307
-9,-15,20.896262273955756
-9,-15,7.299782321661079
-9,-15,8.385859490886558
-9,-15,5.0
-9,-15,5.0
-9,-15,5.0
-9,-15,5.0
-9,-15,5.0
-9,-15,5.0
-9,-15,5.0
-9,-15,7.075746419764525
-9,-15,5.0
-9,-15,12.491997003191058
-9,-15,14.361584203010143
-9,-15,5.0
-9,-15,9.119565021648503
-9,-15,13.101323037270266
-9,-15,5.0
-8,-15,7.878678956727237
-8,-15,6.941499914148173
-8,-15,5.0
-8,-15,9.999640745001106
-8,-15,5.0
-8,-15,5.0
-8,-15,9.286062137777247
-8,-15,8.221932922225175
-8,-15,5.0
-8,-15,5.0
-8,-15,16.256857281634524
-8,-15,5.0
-8,-15,5.0
-8,-15,12.711354464692224
-8,-15,5.0
-8,-15,6.026083194986915
-8,-15,5.0
-8,-15,5.825513479632029
-8,-15,14.278160029177796
-8,-15,5.629374587295908
-9,-15,9.801915977337302
-9,-15,7.203343426005421
-9,-15,14.852411704030423
-9,-15,5.0
-9,-15,5.0
-9,-15,5.0
-9,-15,10.044156651700717
-9,-15,6.752132487373138
-9,-15,14.537588132716895
-9,-15,24.205424760147825
-9,-15,5.0
-9,-15,5.0
-9,-15,5.0
-9,-15,5.0
-9,-15,5.491104190566681
-9,-15,5.0
-9,-15,8.848289495887366
-9,-15,12.047948182900743
-9,-15,5.0
-9,-15,20.728931855921005
-9,-16,5.0
-9,-16,17.611603016918412
-9,-16,7.706844804273684
-9,-16,5.0
-9,-16,5.0
-9,-16,10.037743385018215
-9,-16,5.0
-9,-16,5.0
-9,-16,5.0
-9,-16,5.0
-9,-16,5.0
-9,-16,7.27873128774166
-9,-16,10.667814273758069
-9,-16,5.0
-9,-16,5.0
-9,-16,8.20686325697741
-9,-16,5.0580424290386405
-9,-16,5.0
-9,-16,15.477574920119023
-9,-16,9.297143986667539
-9,-15,5.0
-9,-15,20.072023562417428
-9,-15,23.076131691879556
-9,-15,5.0
-9,-15,5.0
-9,-15,5.0
-9,-15,5.517030669369781
-9,-15,5.0
-9,-15,7.20744568552741
-9,-15,16.27715014982703
-9,-15,16.42629506915962
-9,-15,5.0
-9,-15,5.0
-9,-15,5.0
-9,-15,5.0
-9,-15,8.404317850034458
-9,-15,10.717408995298742
-9,-15,5.0
-9,-15,5.0
-9,-15,5.0
-8,-15,5.0
-8,-15,5.0
-8,-15,5.0
-8,-15,20.481196905896127
-8,-15,10.045545424015991
-8,-15,18.67516285194115
-8,-15,5.0
-8,-15,12.572659558950786
-8,-15,19.450474597357584
-8,-15,17.389968490394686
-8,-15,5.0
-8,-15,13.171690887376325
-8,-15,7.823005335698604
-8,-15,17.693901640321968
-8,-15,5.0
-8,-15,11.306584701312577
-8,-15,5.0
-8,-15,9.07185573676675
-8,-15,5.0
-8,-15,7.543995566290596
-8,-14,16.016243396997922
-8,-14,10.017253674984506
-8,-14,7.035824529834949
-8,-14,5.0
-8,-14,5.0
-8,-14,5.0
-8,-14,5.6821265783364545
-8,-14,17.71852061920994
-8,-14,23.557038191059746
-8,-14,5.0
-8,-14,9.144204174681471
-8,-14,5.077410777309236
-8,-14,8.5712258790187
-8,-14,5.0
-8,-14,9.48263991682115
-8,-14,5.0
-8,-14,5.0
-8,-14,7.417582118826049
-8,-14,7.8273228677453695
-8,-14,18.626433784940502
-7,-14,12.725176353939538
-7,-14,9.881205814924515
-7,-14,17.266992489441492
-7,-14,12.121400988183362
-7,-14,11.67611706447558
-7,-14,10.619888660001733
-7,-14,5.0
-7,-14,15.629880077146524
-7,-14,5.139081702273016
-7,-14,5.0
-7,-14,8.981438674364497
-7,-14,15.1650982350002
-7,-14,5.0
-7,-14,5.0
-7,-14,9.674072880175501
-7,-14,16.702887488127406
-7,-14,5.0
-7,-14,23.9831070958486
-7,-14,5.0
-7,-14,5.0
-6,-14,5.0
-6,-14,5.0
-6,-14,9.345629019964171
-6,-14,5.0
-6,-14,5.0
-6,-14,9.974884822761506
-6,-14,23.58231300533754
-6,-14,7.4263205968834765
-6,-14,9.215468716271594
-6,-14,14.267136184719012
-6,-14,5.0
-6,-14,5.0
-6,-14,17.155998269035095
-6,-14,5.0
-6,-14,5.0
-6,-14,5.0
-6,-14,5.0
-6,-14,8.187977586124724
-6,-14,5.0
-6,-14,12.019059452383976
-5,-14,13.981883652387278
-5,-14,5.0
-5,-14,15.132324096104387
-5,-14,22.951305553758843
-5,-14,10.125628063353531
-5,-14,8.344273185295922
-5,-14,6.151634204371562
-5,-14,5.0
-5,-14,5.0
-5,-14,18.077213976997317
-5,-14,6.773570636298573
-5,-14,17.245856275311922
-5,-14,5.0
-5,-14,8.626998552807201
-5,-14,15.958718700099508
-5,-14,8.848002240009553
-5,-14,5.0
-5,-14,8.97460008094473
-5,-14,5.609808272012882
-5,-14,5.0
-5,-13,16.02359458305387
-5,-13,7.438186984945572
-5,-13,23.642857164528028
-5,-13,17.013913113971554
-5,-13,17.22758616882235
-5,-13,5.0
-5,-13,13.364310657249574
-5,-13,14.906468119566721
-5,-13,5.405699398235712
-5,-13,5.0
-5,-13,17.404215399907823
-5,-13,5.0
-5,-13,10.637037534964456
-5,-13,11.935576115265057
-5,-13,12.724835941667703
-5,-13,6.252342178458071
-5,-13,8.946783820428822
-5,-13,20.70377052952243
-5,-13,11.85123568787115
-5,-13,10.62939855871815
-4,-13,9.098588663822765
-4,-13,5.0
-4,-13,5.0
-4,-13,5.0
-4,-13,5.0
-4,-13,9.979088230816574
-4,-13,14.26481167959966
-4,-13,5.0
-4,-13,10.269281075143736
-4,-13,7.652344085989659
-4,-13,9.971077988322788
-4,-13,5.0
-4,-13,5.0
-4,-13,10.136976913957062
-4,-13,13.409208609860137
-4,-13,12.109569915034294
-4,-13,8.288691451437627
-4,-13,24.012449555356447
-4,-13,10.285842373261836
-4,-13,13.895820554326844
-3,-13,24.518986992819848
-3,-13,5.0
-3,-13,12.073879150796527
-3,-13,5.0
-3,-13,9.639619210196866
-3,-13,12.17273284550457
-3,-13,11.724121567733619
-3,-13,11.053422447297342
-3,-13,5.0
-3,-13,8.605539481141
-3,-13,5.014275277233611
-3,-13,5.0
-3,-13,5.0
-3,-13,5.7637176878056255
-3,-13,30.627787262921384
-3,-13,18.70857587564817
-3,-13,9.484221949448338
-3,-13,5.0
-3,-13,12.577960187018405
-3,-13,5.0
-2,-13,11.924281452748902
-2,-13,11.752441663689584
-2,-13,15.189403162622572
-2,-13,6.454100622133852
-2,-13,5.619356351810916
-2,-13,5.0
-2,-13,19.08046410492585
-2,-13,10.60564305436323
-2,-13,17.332735744002647
-2,-13,17.088756524564907
-2,-13,10.765938350479054
-2,-13,17.421128732323947
-2,-13,7.5997623769497595
-2,-13,5.567045443508566
-2,-13,11.984258613051418
-2,-13,15.863541341331826
-2,-13,5.661770885955548
-2,-13,17.126243304920454
-2,-13,5.0
-2,-13,13.906187424770906
-1,-13,8.066899404960868
-1,-13,10.680790635350034
-1,-13,6.757595382413379
-1,-13,31.742399331729153
-1,-13,15.653775145784463
-1,-13,5.685236962517557
-1,-13,17.272795657554454
-1,-13,5.0
-1,-13,13.995457696739614
-1,-13,11.24702841000573
-1,-13,6.793853143461292
-1,-13,22.373357221259877
-1,-13,6.11654363683075
-1,-13,12.289391009146167
-1,-13,10.19961596024186
-1,-13,14.526401882714573
-1,-13,14.824799230444484
-1,-13,5.971661810187853
-1,-13,24.9917657785848
-1,-13,16.22520594557041
-1,-12,14.654898793875558
-1,-12,5.919520258333321
-1,-12,5.0
-1,-12,5.0
-1,-12,18.97503888365489
-1,-12,24.912468531249345
-1,-12,8.153767315513559
-1,-12,23.02061119910899
-1,-12,5.457154863043983
-1,-12,9.359072746455443
-1,-12,14.18431590014112
-1,-12,5.0
-1,-12,11.80026528122573
-1,-12,5.0
-1,-12,11.885145025140426
-1,-12,5.0
-1,-12,5.0
-1,-12,9.597390062918432
-1,-12,17.84176074459936
-1,-12,5.0
-2,-12,6.266601617950743
-2,-12,15.633521077613477
-2,-12,14.783690239375126
-2,-12,5.0
-2,-12,11.416876473124711
-2,-12,14.95036290422611
-2,-12,5.0
-2,-12,15.915381854453418
-2,-12,22.841749836425315
-2,-12,10.107105893231592
-2,-12,6.285842971345598
-2,-12,12.380241037586686
-2,-12,11.54378092545457
-2,-12,5.0
-2,-12,5.0
-2,-12,7.171862809387178
-2,-12,13.48169027579094
-2,-12,11.62128215879586
-2,-12,5.0
-2,-12,9.673035432114848
-1,-12,13.69259784898739
-1,-12,5.0
-1,-12,5.897833424670088
-1,-12,16.077446407737277
-1,-12,11.50614575333909
-1,-12,10.823890652476363
-1,-12,15.967739806652027
-1,-12,11.750434308738168
-1,-12,16.21776827384858
-1,-12,16.080938281536845
-1,-12,11.512517570329612
-1,-12,22.733413067023243
-1,-12,22.558072890033582
-1,-12,8.899093698604677
-1,-12,6.639091811824234
-1,-12,9.732680432701303
-1,-12,12.700806672181741
-1,-12,11.876730199399253
-1,-12,5.209912338538368
-1,-12,5.0
-1,-11,16.959963721903577
-1,-11,12.858073425677961
-1,-11,11.132542866597765
-1,-11,14.778590882682696
-1,-11,17.23566917487938
-1,-11,19.883291062666487
-1,-11,11.648288988774787
-1,-11,23.089974402085463
-1,-11,5.0
-1,-11,21.619348173292437
-1,-11,5.0
-1,-11,19.276328236474978
-1,-11,15.722721953295219
-1,-11,29.409554929930557
-1,-11,5.0
-1,-11,13.46134234973057
-1,-11,21.50524073567965
-1,-11,19.107400883337213
-1,-11,27.850418873917313
-1,-11,16.417811275636172
-1,-12,5.9871867928009594
-1,-12,5.0
-1,-12,6.1861489001615295
-1,-12,5.0
-1,-12,23.96005417644056
-1,-12,10.14720960286163
-1,-12,5.0
-1,-12,11.655820035065135
-1,-12,22.913170998104803
-1,-12,7.197791729300663
-1,-12,8.573300046849804
-1,-12,12.94871182545007
-1,-12,20.67382331139599
-1,-12,5.0
-1,-12,32.23237465647523
-1,-12,14.02957124603872
-1,-12,12.765638620853835
-1,-12,5.0
-1,-12,12.103447538349089
-1,-12,29.149711122016946
-2,-12,7.510316260661167
-2,-12,12.7129670403935
-2,-12,17.67570881898344
-2,-12,9.18946460922913
-2,-12,12.744497961513499
-2,-12,16.690754052881815
-2,-12,6.7358792814289155
-2,-12,11.296364586589963
-2,-12,11.116066603825868
-2,-12,18.222386723718056
-2,-12,17.38398431653616
-2,-12,12.688951851324125
-2,-12,10.155150512152485
-2,-12,16.59022561242381
-2,-12,13.528691461508675
-2,-12,5.0
-2,-12,24.34736498681181
-2,-12,9.884667573150207
-2,-12,8.10562865482638
-2,-12,8.33337140053361
-1,-12,22.579256197172615
-1,-12,11.057006010379256
-1,-12,24.9431570003454
-1,-12,5.0
-1,-12,25.44649329353235
-1,-12,5.0
-1,-12,5.0
-1,-12,6.793380841369166
-1,-12,20.140116527858588
-1,-12,11.606154021835344
-1,-12,18.489168901989512
-1,-12,5.0
-1,-12,5.0
-1,-12,10.265685562402204
-1,-12,8.67868912675146
-1,-12,14.993553267304277
-1,-12,27.020680518081925
-1,-12,14.616084852151621
-1,-12,20.45192426203038
-1,-12,5.0
-1,-11,9.058757486694084
-1,-11,11.221404987776229
-1,-11,13.37730534314346
-1,-11,10.48529117545515
-1,-11,17.035376267528758
-1,-11,5.0
-1,-11,6.911375868705967
-1,-11,8.485010499404959
-1,-11,22.911432836197037
-1,-11,12.669304061460664
-1,-11,12.820865865414405
-1,-11,5.0
-1,-11,34.434520020258574
-1,-11,21.2235011271339
-1,-11,5.5812682507154765
-1,-11,6.084817196151047
-1,-11,7.000171257187169
-1,-11,5.0
-1,-11,5.0
-1,-11,9.721217197717518
0,-11,5.0
0,-11,10.759381432702543
0,-11,8.803362664417865
0,-11,15.089456285330787
0,-11,8.667559375281666
0,-11,8.718996854749479
0,-11,21.01417381567034
0,-11,5.0
0,-11,5.0
0,-11,24.802955220442954
0,-11,5.0
0,-11,24.795158387533434
0,-11,15.792971512065321
0,-11,5.0
0,-11,21.29547028547666
0,-11,5.097147787441109
0,-11,16.078713320088564
0,-11,6.2470575836864874
0,-11,14.080030211211243
0,-11,17.60901769118908
0,-10,13.453192730132994
0,-10,9.382218452872527
0,-10,22.316334851217345
0,-10,5.0
0,-10,15.205576731694284
0,-10,9.353594768412911
0,-10,14.210190182649015
0,-10,16.842015326010408
0,-10,13.519199065282844
0,-10,7.808439312482799
0,-10,18.70845345575239
0,-10,17.678207427905917
0,-10,12.58574108521717
0,-10,12.311630098507681
0,-10,5.287987682639222
0,-10,9.471390611119988
0,-10,5.0
0,-10,7.048458516115354
0,-10,9.288644270805118
0,-10,13.83157347581625
0,-9,30.67021458940199
0,-9,16.37137170659018
0,-9,18.269077155830004
0,-9,11.204098601260448
0,-9,27.82153689387812
0,-9,19.913796836841833
0,-9,14.044028231066237
0,-9,5.0
0,-9,9.269039625510992
0,-9,9.684300180113075
0,-9,33.323109079870235
0,-9,34.89302480865836
0,-9,18.21626360476058
0,-9,19.674117756506902
0,-9,14.529971810638147
0,-9,24.380567785969948
0,-9,8.568437319282552
0,-9,17.555520581878653
0,-9,15.841300063296636
0,-9,15.931571015039797
-1,-9,5.0
-1,-9,14.401823892045993
-1,-9,17.09929755686345
-1,-9,12.395998678401842
-1,-9,5.0
-1,-9,24.732610654319096
-1,-9,16.080414544370324
-1,-9,20.86477734774853
-1,-9,16.33368437599086
-1,-9,28.278944022192317
-1,-9,5.0
-1,-9,8.965171501432765
-1,-9,19.50554374923646
-1,-9,12.978115581608018
-1,-9,10.061300791381685
-1,-9,10.033638586697002
-1,-9,6.054473062180556
-1,-9,7.135492112804119
-1,-9,16.077080976707894
-1,-9,27.49814212375946
0,-9,14.65746054133215
0,-9,21.713044869125724
0,-9,12.810393851057569
0,-9,12.114797203062974
0,-9,21.22058866068133
0,-9,20.0867804014453
0,-9,22.323869749345185
0,-9,22.595048178900946
0,-9,32.08013323008142
0,-9,10.802641879357049
0,-9,13.761524145228874
0,-9,25.920457996790226
0,-9,18.772877507788515
0,-9,17.788820562718705
0,-9,13.707521394533245
0,-9,7.599250219492048
0,-9,5.0
0,-9,12.216069067826345
0,-9,5.0
0,-9,5.0
1,-9,11.062685694737516
1,-9,10.166387558697368
1,-9,15.573040036818554
1,-9,19.81550902505164
1,-9,13.412485160527888
1,-9,13.675731208309863
1,-9,8.398908468260771
1,-9,23.677039934542144
1,-9,11.87056584168351
1,-9,5.0
1,-9,12.516505438243929
1,-9,5.0
1,-9,16.12164412562439
1,-9,23.930388851169777
1,-9,8.441551559426694
1,-9,15.574347930807308
1,-9,6.134580348254924
1,-9,24.579019125590523
1,-9,32.48358788521506
1,-9,25.68678495077177
0,-9,18.31729140979622
0,-9,20.22222038302182
0,-9,11.75251907242269
0,-9,16.69410706598805
0,-9,15.93862656980073
0,-9,9.793762822093033
0,-9,10.825495548889077
0,-9,5.0
0,-9,23.024044611989435
0,-9,6.890565673168055
0,-9,24.394757958598014
0,-9,10.396552020341412
0,-9,17.11560548245015
0,-9,5.0
0,-9,12.250265646671966
0,-9,8.075686286697273
0,-9,5.0
0,-9,23.428770708359323
0,-9,11.285561021716457
0,-9,18.95116009546085
-1,-9,20.901337890580393
-1,-9,9.004077291469075
-1,-9,14.99608218008344
-1,-9,19.914255285045442
-1,-9,22.470636302264396
-1,-9,7.073528908076936
-1,-9,15.634277306751418
-1,-9,5.0
-1,-9,21.546948037027608
-1,-9,15.954885281305806
-1,-9,6.859103062591181
-1,-9,9.030526593001458
-1,-9,16.24774580434965
-1,-9,5.0
-1,-9,18.90322151896847
-1,-9,6.0720660312290615
-1,-9,6.823477625677758
-1,-9,13.777526157134975
-1,-9,14.038206121229425
-1,-9,5.0
0,-9,13.835001728482043
0,-9,9.61783135029059
0,-9,21.11288192289129
0,-9,9.978524578629676
0,-9,8.559795831076263
0,-9,10.233735779552834
0,-9,6.742297741803687
0,-9,12.90639305740473
0,-9,24.69861879601693
0,-9,22.226754618129657
0,-9,10.737549070567045
0,-9,15.18234353194456
0,-9,17.15282356080528
0,-9,22.3709808099957
0,-9,18.97121968335489
0,-9,5.0
0,-9,17.760301251044613
0,-9,18.351936967216133
0,-9,14.118063272601235
0,-9,5.0
-1,-9,20.189400453029126
-1,-9,12.440407845210922
-1,-9,23.78814872212951
-1,-9,17.82152710777698
-1,-9,13.734788246710188
-1,-9,8.33353174456305
-1,-9,16.954844567436854
-1,-9,19.703265850987798
-1,-9,5.0
-1,-9,20.82078835620994
-1,-9,26.617891307526094
-1,-9,23.45818372515917
-1,-9,13.916919879287889
-1,-9,19.416884035447524
-1,-9,5.0
-1,-9,13.543167398788384
-1,-9,5.131705353172136
-1,-9,5.0
-1,-9,18.123169594034
-1,-9,17.369509864732326
0,-9,9.953045623940572
0,-9,13.908103970796482
0,-9,33.252071051517404
0,-9,21.90927067144271
0,-9,26.92761411693142
0,-9,27.62703215386849
0,-9,26.419788360933836
0,-9,8.65942241399038
0,-9,11.413584071747742
0,-9,18.93050592270049
0,-9,22.585192055391786
0,-9,21.834150710502307
0,-9,18.755606029971773
0,-9,18.455710172139938
0,-9,5.410165273564504
0,-9,22.047627550372617
0,-9,30.083365841235597
0,-9,19.153176886396864
0,-9,16.642717784727004
0,-9,10.483052242506272
1,-9,33.9658916110873
1,-9,24.63763885449518
1,-9,18.2480633308673
1,-9,20.5246885090611
1,-9,15.216915344638565
1,-9,5.361527383723821
1,-9,6.343226712098406
1,-9,24.787235378102693
1,-9,5.0
1,-9,20.947864925105673
1,-9,15.693053257470119
1,-9,20.172563493436535
1,-9,13.502853546725978
1,-9,9.853036671914744
1,-9,17.548590285813436
1,-9,25.168068885572144
1,-9,7.250043039801685
1,-9,8.195876454387943
1,-9,15.32556136531056
1,-9,17.480181543992032
2,-9,17.23368363108779
2,-9,20.609641716735197
2,-9,17.9656497637758
2,-9,11.704828211086683
2,-9,12.662597084016745
2,-9,24.392025506596784
2,-9,22.495282513267963
2,-9,33.31220986595994
2,-9,9.76193094638085
2,-9,5.0
2,-9,14.142036707256448
2,-9,16.955768637791564
2,-9,16.71511989284888
2,-9,13.912764860529283
2,-9,18.03340905593463
2,-9,14.973425063618096
2,-9,10.54318053429133
2,-9,7.549202847666308
2,-9,11.240627065986146
2,-9,9.164484384735356
2,-8,13.322549428848822
2,-8,28.40540263606279
2,-8,8.542319006862567
2,-8,22.390744518537584
2,-8,6.52817104058118
2,-8,19.13166779685323
2,-8,22.03217241988714
2,-8,10.110697136845145
2,-8,16.175900820705298
2,-8,8.003098699232899
2,-8,14.87241789990982
2,-8,19.239320277909663
2,-8,25.20026774049837
2,-8,18.479317706412026
2,-8,25.92841252302578
2,-8,14.758165988070456
2,-8,15.024595394808083
2,-8,27.760215745194117
2,-8,17.609305780510635
2,-8,18.785055864140162
3,-8,5.0
3,-8,18.140526008500906
3,-8,5.0
3,-8,13.0059684939569
3,-8,20.691256178741344
3,-8,17.565052259068377
3,-8,10.833718984991997
3,-8,23.692444047957405
3,-8,12.474242396234535
3,-8,9.399243778683072
3,-8,15.184155907558742
3,-8,20.459372581103842
3,-8,30.32907864802447
3,-8,15.83629936377421
3,-8,5.0
3,-8,14.168416109938025
3,-8,5.0
3,-8,19.4252713205813
3,-8,19.943946927682696
3,-8,5.0
4,-8,18.001026927375744
4,-8,24.23808595410242
4,-8,28.268038145135073
4,-8,15.827962989165302
4,-8,19.745088364989822
4,-8,5.0
4,-8,27.062603618516764
4,-8,13.150487554070247
4,-8,8.867734358493605
4,-8,10.666981196471614
4,-8,14.912718827635137
4,-8,10.125809758333427
4,-8,16.671422484750632
4,-8,15.029888112065317
4,-8,46.69368737936837
4,-8,13.485863369687255
4,-8,25.653862913015523
4,-8,16.32625502958758
4,-8,27.255729484536644
4,-8,24.434307633565084
4,-9,22.533348436163273
4,-9,13.390631981058222
4,-9,12.22414111449481
4,-9,25.646635692962295
4,-9,16.733512450599783
4,-9,8.004944590663772
4,-9,14.468639745142337
4,-9,14.522737203598314
4,-9,18.580329130117747
4,-9,5.0
4,-9,10.890104454397967
4,-9,19.61131420618335
4,-9,5.0
4,-9,18.94353392087622
4,-9,17.006550544954436
4,-9,5.0
4,-9,13.2246079934828
4,-9,12.270862464135151
4,-9,13.360661955825973
4,-9,7.579658248950768
3,-9,8.05004408279416
3,-9,29.947997933531003
3,-9,14.398592157829757
3,-9,15.145111854069842
3,-9,25.78195258032469
3,-9,18.525978678701915
3,-9,21.047980812306324
3,-9,18.284746698565844
3,-9,20.829279942380815
3,-9,7.8734396182016795
3,-9,13.852824977953286
3,-9,5.0
3,-9,20.484989253396908
3,-9,9.587361741130795
3,-9,22.17177677688665
3,-9,27.74377193035417
3,-9,7.715309191365554
3,-9,16.69172073676148
3,-9,5.0
3,-9,21.07019619616855
2,-9,5.0
2,-9,21.0743876877798
2,-9,18.738105756231516
2,-9,19.653878549247985
2,-9,11.188649043804483
2,-9,10.576590791010704
2,-9,11.484257670280115
2,-9,11.40744390897128
2,-9,5.0
2,-9,7.985516226147954
2,-9,14.698527805000971
2,-9,16.98658015079817
2,-9,14.743119735598073
2,-9,5.193625213912506
2,-9,7.294649831615936
2,-9,10.924616222884175
2,-9,5.613985142397075
2,-9,27.97500898437769
2,-9,5.748250847454841
2,-9,23.207579688792798
1,-9,5.0
1,-9,20.965098657102196
1,-9,7.093612667518286
1,-9,19.34365813256642
1,-9,7.549191605855988
1,-9,20.966551771315697
1,-9,13.510816758694794
1,-9,21.736780056966857
1,-9,13.540694577533726
1,-9,9.749247472161409
1,-9,14.75687494510981
1,-9,12.088617198125512
1,-9,15.668988367557313
1,-9,13.345808041689924
1,-9,10.831255784303485
1,-9,13.889657466100104
1,-9,17.92398015551798
1,-9,15.684545070917281
1,-9,26.142655465361507
1,-9,9.271838439790901
1,-10,9.938046889721596
1,-10,13.931138136123282
1,-10,10.448856199091841
1,-10,22.448112380593138
1,-10,5.0
1,-10,13.00211491367623
1,-10,13.626455728965155
1,-10,17.3529424088229
1,-10,23.235050696198066
1,-10,11.273098574477043
1,-10,19.723304026544625
1,-10,15.667823409247285
1,-10,27.236783243020874
1,-10,5.0
1,-10,5.0
1,-10,31.892298807791246
1,-10,5.0
1,-10,13.482405125890418
1,-10,17.34293618161101
1,-10,12.217121408623667
0,-10,11.923762418156578
0,-10,8.79554598198418
0,-10,8.35177803977416
0,-10,18.57848549593146
0,-10,11.379253023948174
0,-10,11.546854233299534
0,-10,7.76442884290531
0,-10,5.0
0,-10,5.786609343457782
0,-10,5.0
0,-10,7.487579894096208
0,-10,14.249911570747322
0,-10,5.0
0,-10,9.600603952224182
0,-10,10.578334377466527
0,-10,36.501950823741424
0,-10,6.5764768645971206
0,-10,21.950741217481834
0,-10,25.557355962944843
0,-10,27.95325138575626
0,-11,17.556062298779167
0,-11,20.889394831933103
0,-11,18.565765868551118
0,-11,7.7406512412792985
0,-11,5.811898909172909
0,-11,5.83523226378799
0,-11,5.0
0,-11,5.0
0,-11,6.192984089273701
0,-11,12.067828886517084
0,-11,5.0
0,-11,15.2233966735653
0,-11,5.0
0,-11,15.428179624453724
0,-11,10.804231128119133
0,-11,13.459306750556337
0,-11,16.41655520719945
0,-11,6.194576107112383
0,-11,14.552787813509763
0,-11,17.789069489260825
0,-12,21.885002288746605
0,-12,9.271655885477703
0,-12,7.352038778570401
0,-12,5.0
0,-12,5.0
0,-12,7.191049155513315
0,-12,5.0
0,-12,12.4775299773445
0,-12,5.0
0,-12,10.940180386308061
0,-12,14.202989639917675
0,-12,14.15850814262702
0,-12,20.81074071198276
0,-12,8.903912433273828
0,-12,5.0
0,-12,11.038554334621685
0,-12,5.0
0,-12,18.325351715909086
0,-12,5.0
0,-12,13.851696722055728
0,-11,5.281339858122768
0,-11,11.776552969106666
0,-11,7.281331255482421
0,-11,7.7902277850979935
0,-11,6.78555601039881
0,-11,11.900556292255533
0,-11,29.350039533684296
0,-11,11.741944126351786
0,-11,12.208146643565247
0,-11,6.278994023727437
0,-11,27.808625927139545
0,-11,5.652570232649201
0,-11,14.41043472302481
0,-11,24.80593581312818
0,-11,5.0
0,-11,5.0
0,-11,5.0
0,-11,21.27217977078873
0,-11,25.040532735683993
0,-11,5.0
1,-11,8.905753652837497
1,-11,6.133389001386842
1,-11,13.676328559569981
1,-11,15.906845955612775
1,-11,11.938212462988544
1,-11,5.0
1,-11,22.269690746440425
1,-11,25.407273885702455
1,-11,11.016548382405968
1,-11,5.0
1,-11,26.799440298971355
1,-11,5.071141812776943
1,-11,14.91045391012886
1,-11,10.500815422098261
1,-11,11.274370230012725
1,-11,8.88385703542987
1,-11,21.24287241961476
1,-11,11.792036725224872
1,-11,14.049327410331701
1,-11,22.85356975343411
1,-12,5.0
1,-12,9.303108956575983
1,-12,29.636823966350725
1,-12,5.0
1,-12,6.863871520912642
1,-12,7.847445236037792
1,-12,14.356486448379233
1,-12,6.544691982186435
1,-12,15.381605320112733
1,-12,18.776590349435946
1,-12,5.749388717048252
1,-12,30.07217613820685
1,-12,17.895019858218404
1,-12,9.552142341323151
1,-12,20.854578714799967
1,-12,5.076767028562138
1,-12,14.566220594588419
1,-12,17.444527798146314
1,-12,5.0
1,-12,19.408824215964017
2,-12,5.0
2,-12,17.80694623664023
2,-12,22.69211723380929
2,-12,14.180524377081959
2,-12,9.194298605147798
2,-12,16.6320153700105
2,-12,19.982543111921125
2,-12,22.608577665132426
2,-12,8.483421663654726
2,-12,19.727711060775462
2,-12,15.681501197552663
2,-12,7.29314476037292
2,-12,14.054240269826806
2,-12,9.178510474912787
2,-12,20.00354344616673
2,-12,21.716638775981764
2,-12,24.5421711573267
2,-12,9.517604760546696
2,-12,9.275871056349917
2,-12,14.804732284980368
2,-11,5.0
2,-11,11.475077422062217
2,-11,5.0
2,-11,14.298519259519413
2,-11,9.240428280545146
2,-11,8.562807968816275
2,-11,5.0
2,-11,12.661334209210125
2,-11,5.0
2,-11,21.701461581481148
2,-11,5.0
2,-11,22.714380009514457
2,-11,5.0
2,-11,5.0
2,-11,27.43812558026628
2,-11,7.243422844483305
2,-11,12.244208915034086
2,-11,30.815899788954543
2,-11,16.34608763257872
2,-11,5.554669211136302
2,-10,5.0
2,-10,5.169769770789471
2,-10,10.10707322602365
2,-10,26.649308831926817
2,-10,16.56556094507883
2,-10,17.68478955143403
2,-10,13.705931119770174
2,-10,8.091763125780842
2,-10,8.115406881281746
2,-10,23.546894957888377
2,-10,5.0
2,-10,19.551993271361823
2,-10,22.389692148875255
2,-10,10.870527912173614
2,-10,6.268374583719674
2,-10,20.23248513295526
2,-10,16.958856507104326
2,-10,11.576233213984665
2,-10,21.97217067717077
2,-10,7.027266260037302
2,-9,22.461365460166384
2,-9,23.627369662827924
2,-9,15.646781560894635
2,-9,23.461690943048648
2,-9,17.807574750458556
2,-9,11.310451552478984
2,-9,17.710426705118234
2,-9,15.832485475298235
2,-9,19.751159034786856
2,-9,16.95704879623627
2,-9,5.4566528885152215
2,-9,5.0
2,-9,13.042263423001854
2,-9,5.0
2,-9,18.314117754516584
2,-9,10.430098574548898
2,-9,20.872280416648778
2,-9,13.774468735455606
2,-9,14.461852531294648
2,-9,5.0
3,-9,5.0
3,-9,5.0
3,-9,8.217599153057062
3,-9,10.708559546814433
3,-9,19.68096487395077
3,-9,21.354866051146296
3,-9,13.698435163365888
3,-9,13.299075747290939
3,-9,19.953996817447514
3,-9,5.0
3,-9,30.732381311707055
3,-9,8.196904024287853
3,-9,20.156700658300444
3,-9,20.551621497949377
3,-9,28.180593441892093
3,-9,14.043647458407756
3,-9,26.065171887082776
3,-9,21.60188459653189
3,-9,8.391660544570982
3,-9,21.403895374985805
2,-9,12.62635595708042
2,-9,7.416835708892904
2,-9,11.340490068891775
2,-9,22.515068391223608
2,-9,5.0
2,-9,10.272912766213707
2,-9,22.416101242154404
2,-9,5.826334469556408
2,-9,29.449222417312427
2,-9,5.0
2,-9,15.062722813944097
2,-9,5.0
2,-9,12.533859876768044
2,-9,12.727432285660097
2,-9,15.92293324622474
2,-9,13.22922805532729
2,-9,15.237744799255125
2,-9,9.665908242907717
2,-9,30.14573051337908
2,-9,5.0
2,-8,12.892348068538924
2,-8,16.04115483118907
2,-8,24.39871148725802
2,-8,19.07896140455201
2,-8,26.3819520118588
2,-8,17.284338808490563
2,-8,15.358257467146517
2,-8,21.96218788030614
2,-8,11.046800905621724
2,-8,16.304179355940867
2,-8,5.475440200177735
2,-8,18.008938811654616
2,-8,32.33722882792878
2,-8,34.478793296228204
2,-8,30.748988533908864
2,-8,25.505528937441053
2,-8,17.884293064727842
2,-8,5.0
2,-8,11.940408401155448
2,-8,20.263704028183305
2,-9,5.734308551543492
2,-9,28.00601133116871
2,-9,30.667588644659002
2,-9,21.424351033282317
2,-9,28.454421738953485
2,-9,11.841416169783255
2,-9,10.93883737654707
2,-9,5.333964796416211
2,-9,9.398592753206632
2,-9,9.43327094674419
2,-9,9.016506411545976
2,-9,22.458005198563022
2,-9,10.839224332918047
2,-9,11.729765417362607
2,-9,8.075954474097742
2,-9,15.581636300266393
2,-9,24.104917963632488
2,-9,36.68219238967943
2,-9,9.619235211638067
2,-9,21.617061149870622
3,-9,5.0
3,-9,10.204869404531177
3,-9,5.0
3,-9,10.97839367694779
3,-9,12.191633240114884
3,-9,17.620279896346283
3,-9,5.7824314350509765
3,-9,8.294476240680215
3,-9,12.952549499195834
3,-9,8.21778166704003
3,-9,10.238570629302066
3,-9,14.649972767460762
3,-9,10.828526663017016
3,-9,19.512251897101116
3,-9,15.335754563176799
3,-9,11.211240674540313
3,-9,12.023258254948594
3,-9,15.537729713071801
3,-9,15.068097527433423
3,-9,30.084197761484454
3,-8,10.205352209632139
3,-8,21.54995175707932
3,-8,15.11422221405645
3,-8,12.911653112947903
3,-8,40.690118011592425
3,-8,24.22027916020904
3,-8,10.620455702965849
3,-8,23.074439619981483
3,-8,14.182231288652858
3,-8,8.74691636146288
3,-8,5.0
3,-8,7.467984556137805
3,-8,9.44198908953402
3,-8,17.454510453284364
3,-8,15.790348490916323
3,-8,8.893983245241259
3,-8,6.899494517420498
3,-8,14.23870590704603
3,-8,7.780269373338651
3,-8,8.605323746627816
4,-8,19.07488696013131
4,-8,18.799249604456662
4,-8,24.807445181430374
4,-8,5.0
4,-8,23.411579087387466
4,-8,23.227645613695053
4,-8,25.209715670756076
4,-8,19.585644527980023
4,-8,13.946008741800352
4,-8,10.59171568500544
4,-8,12.361233072035397
4,-8,20.543398993159983
4,-8,9.829529800595285
4,-8,23.280828225437055
4,-8,5.0
4,-8,17.32589810689121
4,-8,35.384727386227794
4,-8,10.140745996728377
4,-8,18.26536954359682
4,-8,10.645704465973912
5,-8,5.0
5,-8,5.0
5,-8,9.583279912255271
5,-8,28.778830027756023
5,-8,26.969329826598056
5,-8,19.610140748512414
5,-8,8.431592816843557
5,-8,6.925129187961614
5,-8,7.605523953696045
5,-8,13.589111622111758
5,-8,7.5995099722506385
5,-8,8.206366736470889
5,-8,5.0
5,-8,9.390800007808611
5,-8,5.262886243893069
5,-8,10.089989610884714
5,-8,13.922179378562888
5,-8,8.43378226536256
5,-8,6.962989505640653
5,-8,25.69684199325072
6,-8,17.404900313901166
6,-8,27.777135776423044
6,-8,10.619400011613221
6,-8,16.99500904959966
6,-8,21.259865661724398
6,-8,17.762589936119298
6,-8,8.39863786975222
6,-8,19.788620858394253
6,-8,12.181075341786146
6,-8,21.15782451287036
6,-8,5.555258408911208
6,-8,13.140044861410065
6,-8,26.99727977355973
6,-8,11.343626089432481
6,-8,6.484802722270048
6,-8,29.676403969304317
6,-8,18.641586606884744
6,-8,6.9028686016765946
6,-8,22.99802258417571
6,-8,17.129916143926145
6,-7,19.292892615332573
6,-7,14.998116531958534
6,-7,7.346772626212042
6,-7,8.20628115510929
6,-7,12.723839589651435
6,-7,22.975111231781938
6,-7,27.18472450192387
6,-7,14.831536111724281
6,-7,15.021624003465615
6,-7,18.894143682566316
6,-7,12.870918784741228
6,-7,26.841566117580577
6,-7,6.064237174172879
6,-7,10.226973507731774
6,-7,31.25688605290108
6,-7,13.757230077274873
6,-7,19.40689577056969
6,-7,9.870029133846597
6,-7,18.30140085138971
6,-7,13.67501232355302
6,-6,9.868483814769094
6,-6,18.804875093590685
6,-6,20.499696221884072
6,-6,22.124197255028996
6,-6,19.702230088113197
6,-6,7.698805323577475
6,-6,17.266339305591977
6,-6,5.0
6,-6,21.65870547716863
6,-6,30.44784970920516
6,-6,13.015515021037515
6,-6,13.52140396581461
6,-6,18.66976729809827
6,-6,9.404636767602476
6,-6,21.598643624553443
6,-6,7.557021025690737
6,-6,5.98350567886483
6,-6,10.22809541690945
6,-6,23.639728960260047
6,-6,25.66949520885904
7,-6,8.195324247919583
7,-6,30.294407290674627
7,-6,16.63452263054216
7,-6,10.956964449293283
7,-6,26.993532937704053
7,-6,17.647825513845987
7,-6,5.0
7,-6,10.350482070916547
7,-6,8.754530260568817
7,-6,49.136377735963954
7,-6,11.48351678515522
7,-6,8.326923073469672
7,-6,7.66472231743847
7,-6,25.39418822707038
7,-6,22.75950361526252
7,-6,16.712695115040848
7,-6,17.02018151839809
7,-6,8.902149777175174
7,-6,17.552063250099255
7,-6,27.86262169732822
7,-7,5.372202071371804
7,-7,10.769085736028538
7,-7,25.34603873444717
7,-7,11.92588960478904
7,-7,9.557022906266477
7,-7,8.271336781851764
7,-7,17.29815615746165
7,-7,21.082686717096806
7,-7,5.0
7,-7,20.153081229231383
7,-7,16.823521639312652
7,-7,5.223158277917303
7,-7,12.016877128041758
7,-7,6.46360307222432
7,-7,10.171780475881953
7,-7,6.842837236679301
7,-7,16.484960783320858
7,-7,10.05389264861295
7,-7,5.0
7,-7,7.4698300807980935
6,-7,15.126704736370353
6,-7,10.37996821945174
6,-7,13.153104328083895
6,-7,9.401962399184006
6,-7,13.681088851024713
6,-7,20.088958741426794
6,-7,5.0
6,-7,5.672785791394612
6,-7,16.309816959920393
6,-7,15.149160077467528
6,-7,5.0
6,-7,14.271447993109458
6,-7,25.63369122104127
6,-7,7.271217213242343
6,-7,5.0
6,-7,6.572305858832876
6,-7,12.232599392906469
6,-7,8.083946185076423
6,-7,7.512677545244692
6,-7,12.712009336509801
7,-7,21.843431482677026
7,-7,15.507296030591966
7,-7,14.193232296773381
7,-7,11.194107476812444
7,-7,8.909110845864856
7,-7,11.407467760313775
7,-7,30.348755856426983
7,-7,20.23658198038999
7,-7,34.80511958645273
7,-7,8.694446886001494
7,-7,20.834412683838092
7,-7,34.92469072860099
7,-7,11.011077210276222
7,-7,8.041786782278692
7,-7,8.897157999116228
7,-7,5.0
7,-7,13.530017553400356
7,-7,5.0
7,-7,9.594716305792995
7,-7,5.196707374247149
8,-7,5.0
8,-7,8.748177180750293
8,-7,14.839974732981567
8,-7,15.992509185454573
8,-7,13.190271568058858
8,-7,16.17075243432705
8,-7,18.32693081689905
8,-7,10.616907992358382
8,-7,11.371191267680809
8,-7,13.90703016537413
8,-7,27.30785498313326
8,-7,6.215441448848465
8,-7,27.24474844699849
8,-7,17.12386439245565
8,-7,10.070245550164763
8,-7,5.0
8,-7,35.0237068188665
8,-7,7.897681323330437
8,-7,5.0
8,-7,11.401724752421444
8,-6,14.87955637438375
8,-6,6.407238760301642
8,-6,18.069016935009543
8,-6,6.611840908844929
8,-6,19.055947545020423
8,-6,26.184526531103064
8,-6,7.447482987135766
8,-6,17.5010319261839
8,-6,17.01543384193049
8,-6,5.0
8,-6,8.588611431061082
8,-6,9.487986602541934
8,-6,23.614980173036443
8,-6,17.779927266111354
8,-6,10.25290018337489
8,-6,21.652405161540422
8,-6,15.95050641217139
8,-6,7.198775644702647
8,-6,17.250900575556674
8,-6,16.87105083420878
7,-6,6.99584616886296
7,-6,10.306944628657737
7,-6,14.776720023687178
7,-6,27.65050601245367
7,-6,11.224294827093795
7,-6,12.80541000743783
7,-6,15.725597587248242
7,-6,22.393947758477406
7,-6,8.327907591470417
7,-6,5.0
7,-6,12.081826565625938
7,-6,18.542799707873677
7,-6,13.163501108092584
7,-6,28.95251260041511
7,-6,12.551714732769211
7,-6,10.497309226442265
7,-6,15.616005825315739
7,-6,6.435920357873698
7,-6,34.76241802904998
7,-6,25.153557127352798
7,-5,21.527460095986516
7,-5,11.030583556401936
7,-5,16.53324680315351
7,-5,9.439643941622368
7,-5,25.7519695586764
7,-5,13.835792337697974
7,-5,7.599536324022813
7,-5,16.167778694410313
7,-5,7.685936451526677
7,-5,17.126118830416292
7,-5,5.0
7,-5,5.5907228397753155
7,-5,14.417252166978162
7,-5,14.342553232286658
7,-5,6.543963645610852
7,-5,5.0
7,-5,29.829256473695963
7,-5,12.335759980870037
7,-5,10.851470391702275
7,-5,7.855260776006539
7,-4,23.00891582068402
7,-4,8.899045379094915
7,-4,18.236549653896517
7,-4,10.625293020828401
7,-4,16.176646848462497
7,-4,24.22690815727303
7,-4,6.846811536670186
7,-4,18.963039180319946
7,-4,9.756034427551304
7,-4,10.710142712224684
7,-4,14.815925443987048
7,-4,28.89172230292528
7,-4,35.60082738530791
7,-4,7.895050174730175
7,-4,26.765984794330823
7,-4,17.48318379378177
7,-4,26.610017719014955
7,-4,21.554565497563736
7,-4,11.107357852003691
7,-4,8.896361365080333
8,-4,16.98088283235677
8,-4,37.692978474869804
8,-4,8.007090102234622
8,-4,6.687771942639799
8,-4,18.40836633462639
8,-4,5.0
8,-4,10.873360302098176
8,-4,27.096934345173537
8,-4,17.990433903471338
8,-4,14.312020637918017
8,-4,10.475569415143656
8,-4,19.521114108767968
8,-4,5.0
8,-4,5.0
8,-4,10.934870133914803
8,-4,20.997504099105768
8,-4,11.268661318160344
8,-4,37.34405000974455
8,-4,5.0
8,-4,10.108718402768337
9,-4,26.64968178333511
9,-4,14.735781854777125
9,-4,34.00286045302276
9,-4,13.920716535242734
9,-4,9.695527635676848
9,-4,8.24306669022026
9,-4,23.1244499306615
9,-4,5.0
9,-4,25.809763190917558
9,-4,5.0
9,-4,23.351633633835675
9,-4,9.723820107196403
9,-4,26.2376794896571
9,-4,8.605929541690717
9,-4,27.037474428823618
9,-4,11.871239290223311
9,-4,5.0
9,-4,13.409564922953503
9,-4,15.009317274798235
9,-4,14.656309669983072
9,-3,21.639066620901364
9,-3,14.053499732687568
9,-3,6.567449793350528
9,-3,9.360809025745763
9,-3,5.949315125790003
9,-3,7.613938662334077
9,-3,10.720900734974693
9,-3,12.453540249334782
9,-3,29.096209753434632
9,-3,13.584441755027074
9,-3,17.903532725647676
9,-3,21.721338153169796
9,-3,19.200109319688274
9,-3,5.0
9,-3,16.425597241677004
9,-3,17.12443536746255
9,-3,25.67797630765528
9,-3,15.888681630566776
9,-3,5.0
9,-3,10.04181072280471
9,-2,8.423696931489957
9,-2,11.09599049578572
9,-2,10.643559224379953
9,-2,32.51524209697355
9,-2,24.76508774718998
9,-2,25.257420986657028
9,-2,18.65214436882897
9,-2,5.0
9,-2,5.0
9,-2,16.63238265388021
9,-2,10.617939749622142
9,-2,17.87192391138956
9,-2,5.0
9,-2,14.240365597256735
9,-2,27.02422336613626
9,-2,11.549644340208223
9,-2,22.093000111407118
9,-2,10.121027039658879
9,-2,14.657965075853038
9,-2,20.29900761829096
10,-2,9.77542444507197
10,-2,10.165799758878563
10,-2,16.663589235262954
10,-2,9.822415945904176
10,-2,16.70723927969127
10,-2,35.13046934013747
10,-2,10.791308845977126
10,-2,8.570920586023531
10,-2,5.0
10,-2,9.9181286716194
10,-2,21.14199194626416
10,-2,14.301790177508172
10,-2,16.493533274381416
10,-2,19.279801189323244
10,-2,13.147027853241738
10,-2,14.300812225898827
10,-2,27.53872009777683
10,-2,24.283100770537775
10,-2,9.997659208222808
10,-2,12.757492366604486
9,-2,6.939223384942837
9,-2,9.551754488911783
9,-2,7.804709082086074
9,-2,9.218233629635318
9,-2,17.72230999881743
9,-2,20.616406498647805
9,-2,32.60082004562331
9,-2,15.633017223154468
9,-2,5.534987702620412
9,-2,30.23257900891342
9,-2,5.0
9,-2,21.202898327062286
9,-2,16.421210864821706
9,-2,15.52007460365081
9,-2,29.504366887743245
9,-2,37.97116107839096
9,-2,14.193012841001668
9,-2,18.19810965703951
9,-2,5.142412927860572
9,-2,20.723444889158408
10,-2,22.624886190037266
10,-2,14.778307154566292
10,-2,5.0
10,-2,13.052723886799352
10,-2,11.252882624999513
10,-2,21.707401405265575
10,-2,5.0
10,-2,8.584438228034406
10,-2,16.850925437132872
10,-2,25.309354737553384
10,-2,7.414214218194468
10,-2,5.0
10,-2,38.52236549243705
10,-2,18.961273755213224
10,-2,24.024160491187715
10,-2,24.352220736476973
10,-2,20.38014667627838
10,-2,37.95725974763391
10,-2,8.040930398391192
10,-2,5.0
10,-1,15.630815913053915
10,-1,14.536953060355081
10,-1,17.32132527440959
10,-1,14.3373388379906
10,-1,19.7530726847207
10,-1,8.068875172765903
10,-1,18.539515640571867
10,-1,5.0
10,-1,28.626352619764926
10,-1,24.87309228424121
10,-1,7.655479803394519
10,-1,8.327795538823578
10,-1,8.821962166211396
10,-1,5.608691530163592
10,-1,9.113825315195097
10,-1,20.614871412470382
10,-1,16.7612842741637
10,-1,10.723775730483489
10,-1,23.57118820234463
10,-1,6.798078067479233
11,-1,15.353113978659488
11,-1,17.06717443542831
11,-1,22.39220772655955
11,-1,5.841335074531584
11,-1,8.066933055208521
11,-1,5.7516968196183935
11,-1,19.60347283606445
11,-1,20.621500862998875
11,-1,13.589959881947934
11,-1,5.0
11,-1,5.0
11,-1,5.319319930448517
11,-1,13.945821080048757
11,-1,16.81799715547188
11,-1,17.909317960323076
11,-1,10.768681625765064
11,-1,20.94780983405664
11,-1,11.337394201705926
11,-1,5.0
11,-1,9.764757078565248
11,0,14.76183049097849
11,0,7.8037984516143375
11,0,16.30139780030704
11,0,9.981394690505667
11,0,13.91210595793283
11,0,24.74140691282424
11,0,5.0
11,0,20.302287346715858
11,0,20.652245644926943
11,0,10.553801981330924
11,0,5.0
11,0,12.946300402051705
11,0,13.311538172578691
11,0,5.0
11,0,5.0
11,0,11.82892044629288
11,0,5.0
11,0,31.084466471695844
11,0,14.59167762293215
11,0,8.660031702291374
12,0,17.11592056076092
12,0,5.017282028021806
12,0,6.891376577568052
12,0,5.0
12,0,33.27164541002524
12,0,14.746053252855228
12,0,5.0
12,0,7.383620386912293
12,0,19.891441790086525
12,0,8.293565633879211
12,0,8.899530755448069
12,0,17.27591850547759
12,0,5.0
12,0,14.69836742705455
12,0,8.997762206284975
12,0,11.61939055986211
12,0,7.6966122735852345
12,0,11.178998212928631
12,0,13.90394145337747
12,0,11.928374259714383
12,1,9.501322318264018
12,1,5.0
12,1,5.0
12,1,13.408023858426994
12,1,15.369424170616803
12,1,9.000480395255089
12,1,14.165690049678126
12,1,5.0
12,1,10.857430220283238
12,1,12.291930902341981
12,1,12.752439403887987
12,1,5.0
12,1,11.706792732465493
12,1,5.0
12,1,5.0
12,1,16.004942911704745
12,1,10.772890805596845
12,1,5.0
12,1,8.611397440912452
12,1,13.732837772084311
12,2,26.394130436871148
12,2,20.145620309146395
12,2,5.0
12,2,5.0
12,2,5.0
12,2,12.528701462043934
12,2,9.08480904715659
12,2,9.250799220746206
12,2,7.470590669584528
12,2,5.0
12,2,16.036552254611543
12,2,10.758195244632557
12,2,18.13416323708337
12,2,7.246951528902439
12,2,5.937762414186249
12,2,19.729823003522505
12,2,12.656188881460675
12,2,6.913335781898516
12,2,5.0
12,2,17.08925671078954
13,2,8.144892066275636
13,2,8.84690140898097
13,2,13.55671228750096
13,2,5.0
13,2,6.787012388378872
13,2,9.955333078084733
13,2,5.0
13,2,5.0
13,2,6.73724409359733
13,2,9.115385632039981
13,2,25.492549122324164
13,2,5.0
13,2,5.0
13,2,10.744849052552993
13,2,8.51584076004461
13,2,17.70986725911919
13,2,5.0
13,2,5.0
13,2,5.0
13,2,8.787998303515497
13,3,15.729372483323031
13,3,13.542743672668287
13,3,8.362963983638846
13,3,5.0
13,3,16.420654454315656
13,3,5.0
13,3,9.079358637669417
13,3,17.776310317441133
13,3,20.881606222155877
13,3,5.0
13,3,5.0
13,3,15.399446731218521
13,3,14.051860923492383
13,3,5.0
13,3,5.0
13,3,5.0
13,3,7.456628355522299
13,3,24.426459511589076
13,3,13.723991488141156
13,3,8.422981612752736
12,3,5.0
12,3,5.0
12,3,11.783155934095168
12,3,6.126266231138313
12,3,11.095650492738548
12,3,5.0
12,3,5.0
12,3,5.0
12,3,5.0
12,3,15.91472227422187
12,3,9.382171902628537
12,3,10.93071117238174
12,3,5.0
12,3,6.820698888653352
12,3,13.260078482817647
12,3,8.40385063267595
12,3,10.217233599667185
12,3,9.135091881262076
12,3,5.0
12,3,5.0
12,4,5.0
12,4,5.0
12,4,6.450304499609615
12,4,22.816329439998654
12,4,16.67485437388456
12,4,13.622087092385922
12,4,5.0
12,4,18.86474251168426
12,4,6.200706883779149
12,4,17.81823297428257
12,4,24.57229255333055
12,4,5.0
12,4,5.0
12,4,25.981516251007776
12,4,7.403753432652802
12,4,29.197823469667597
12,4,5.0
12,4,11.266718391977927
12,4,5.0
12,4,5.0
13,4,5.0
13,4,5.106769822914187
13,4,5.3572348338293025
13,4,10.443924886366263
13,4,5.0
13,4,5.0
13,4,5.0
13,4,5.0
13,4,17.38376346009135
13,4,23.196259315498025
13,4,5.0
13,4,9.936287798279432
13,4,13.229284740403216
13,4,5.0
13,4,15.836221450378083
13,4,5.0
13,4,20.50740388035004
13,4,7.287360966276903
13,4,6.833374572351766
13,4,7.913754088056577
12,4,5.0
12,4,5.0
12,4,5.0
12,4,9.940062243457982
12,4,7.044986265665053
12,4,16.635957475404297
12,4,8.121179875935159
12,4,18.3190939074482
12,4,15.326177087012317
12,4,5.439412104641788
12,4,13.483720628121036
12,4,26.285869476119473
12,4,5.0
12,4,6.290919222901632
12,4,13.341872977163494
12,4,14.468233000401035
12,4,7.4687638630778705
12,4,6.2926772998322225
12,4,19.49203130863426
12,4,6.883384060142051
12,5,8.545733501427653
12,5,19.72322847406968
12,5,9.287780612738299
12,5,5.0
12,5,19.429082127246147
12,5,11.389483789583675
12,5,27.298396955423534
12,5,5.0
12,5,8.2131111571321
12,5,13.96063654822714
12,5,10.650434587959106
12,5,5.0
12,5,5.0
12,5,5.605426476973995
12,5,7.595482892303363
12,5,5.0
12,5,11.180419148852746
12,5,5.0
12,5,6.770514645059209
12,5,15.787708886279216
13,5,7.617020151622693
13,5,5.0
13,5,10.106629407863785
13,5,5.0
13,5,5.0
13,5,5.0
13,5,11.365356680761117
13,5,19.069563398594717
13,5,5.0
13,5,5.0
13,5,10.597798913822965
13,5,5.19527041915603
13,5,5.0
13,5,11.021957723211212
13,5,13.859162189540537
13,5,11.175259772600711
13,5,13.226705968959209
13,5,7.600058157845231
13,5,5.0
13,5,7.356687064458779
14,5,5.0
14,5,5.935439153001453
14,5,5.3904994121391
14,5,5.0
14,5,5.0
14,5,5.0
14,5,5.734823938405821
14,5,5.0
14,5,15.969180139701798
14,5,5.0
14,5,9.823402585483185
14,5,5.0
14,5,7.142797537042461
14,5,5.0
14,5,13.294483801230067
14,5,5.0
14,5,11.855896767267158
14,5,6.311981098901992
14,5,7.1371052883154285
14,5,12.818621894828631
13,5,6.060760417215669
13,5,13.682188493765945
13,5,13.982905638637693
13,5,6.707367300746922
13,5,8.089633040390375
13,5,5.0
13,5,10.346140114949913
13,5,5.0
13,5,7.697422592499297
13,5,5.0
13,5,12.415890796423637
13,5,9.246211773954151
13,5,13.573982284852285
13,5,14.521070188933226
13,5,24.228361998675865
13,5,8.944625068167124
13,5,12.59597992929843
13,5,5.0
13,5,9.053638436925771
13,5,27.569350950610175
13,4,27.969121887794323
13,4,9.07506450147026
13,4,7.147151717537129
13,4,6.257666361086976
13,4,18.506075412449867
13,4,5.0
13,4,14.68986582718287
13,4,5.0
13,4,8.621573262760224
13,4,5.863821926513253
13,4,5.0
13,4,16.842564854764255
13,4,5.0
13,4,5.0
13,4,5.0
13,4,12.698311959793315
13,4,18.538673340415297
13,4,5.0
13,4,10.483321557551058
13,4,15.723507363902069
14,4,5.0
14,4,5.0
14,4,6.106290380805122
14,4,5.0
14,4,8.037979626988534
14,4,9.649427202253879
14,4,18.594917515169094
14,4,5.0
14,4,5.0
14,4,5.0
14,4,5.0
14,4,15.339617598978434
14,4,17.907337672434778
14,4,5.0
14,4,5.0
14,4,5.0
14,4,5.0
14,4,14.621607645712583
14,4,5.0
14,4,27.364520793204733
14,5,10.307771328423915
14,5,5.0
14,5,5.0
14,5,5.0
14,5,10.013493199210025
14,5,5.0
14,5,5.0
14,5,11.834515280229965
14,5,5.0
14,5,5.0
14,5,10.556756269648975
14,5,8.4507784202147
14,5,9.95721092942648
14,5,11.75266647485133
14,5,21.348301594271387
14,5,5.0
14,5,14.299992260805153
14,5,5.0
14,5,14.199750313416553
14,5,9.78509413771687
15,5,16.289017906530923
15,5,9.198169622152623
15,5,12.604560886814665
15,5,5.0
15,5,5.78555669668967
15,5,5.0
15,5,5.37713720457203
15,5,7.649620966113574
15,5,16.711944631371853
15,5,9.61054873399602
15,5,6.462007740720287
15,5,5.0
15,5,14.155934988155881
15,5,9.1527022756497
15,5,5.0
15,5,5.0
15,5,5.0
15,5,21.504009358280072
15,5,8.364702298817477
15,5,9.27092336138618
16,5,5.0
16,5,5.0
16,5,5.0
16,5,7.690706803619063
16,5,5.0
16,5,7.828997790452856
16,5,5.0
16,5,5.0
16,5,5.0
16,5,12.29150641976472
16,5,7.507163263508486
16,5,16.609828303461047
16,5,14.182930341350321
16,5,5.0
16,5,5.085086592177651
16,5,6.272122598083065
16,5,6.0304592373335915
16,5,6.00765588157417
16,5,8.528267497947924
16,5,12.573326252776447
17,5,5.0
17,5,5.0
17,5,5.0
17,5,5.0
17,5,8.139821408682934
17,5,14.400059030568888
17,5,5.0
17,5,5.0
17,5,5.0
17,5,9.68530199521565
17,5,5.0
17,5,16.306238703139844
17,5,13.044970435816062
17,5,7.2601499896448844
17,5,5.0
17,5,8.137763046489708
17,5,8.429796912905712
17,5,5.0
17,5,5.0
17,5,5.0
18,5,9.696626368748024
18,5,5.0
18,5,5.0
18,5,12.591989183172366
18,5,5.0
18,5,5.0
18,5,5.0
18,5,5.0
18,5,5.0
18,5,5.0
18,5,7.355510075554501
18,5,13.533583398660385
18,5,5.0
18,5,5.0
18,5,5.0
18,5,5.0
18,5,5.0
18,5,6.125805289160336
18,5,13.424110282641697
18,5,16.662763650776917
18,6,5.0
18,6,14.083001432943755
18,6,5.0
18,6,5.534475977573791
18,6,5.0
18,6,13.996446571680861
18,6,5.0
18,6,6.922583348402557
18,6,5.0
18,6,5.0
18,6,5.0
18,6,5.0
18,6,5.0
18,6,14.609755696841512
18,6,5.860289779763552
18,6,10.300517664919735
18,6,5.0
18,6,5.803068244941455
18,6,5.0
18,6,5.0
18,7,7.355638569569978
18,7,5.0
18,7,10.091299423173535
18,7,8.460671766838026
18,7,5.0
18,7,5.0
18,7,5.0
18,7,5.3493610545505526
18,7,14.633190284178625
18,7,5.0
18,7,5.0
18,7,5.0
18,7,11.285149993906304
18,7,5.0
18,7,5.0
18,7,5.0
18,7,8.595975748575208
18,7,6.328705349555526
18,7,5.0
18,7,5.0
18,8,5.6238782532355955
18,8,9.322183467400789
18,8,5.0
18,8,6.741966535932794
18,8,5.0
18,8,5.0
18,8,6.920394076547898
18,8,14.379361640585298
18,8,5.0
18,8,5.0
18,8,5.0
18,8,5.0
18,8,5.0
18,8,13.509988450411967
18,8,5.3602246321107785
18,8,5.0
18,8,5.0
18,8,5.306155028858059
18,8,6.996396116509047
18,8,5.0
19,8,5.0
19,8,5.0
19,8,6.471725943889093
19,8,5.0
19,8,5.0
19,8,12.978852416279388
19,8,5.018011602690473
19,8,5.0
19,8,5.0
19,8,5.0
19,8,5.0
19,8,5.0
19,8,5.0
19,8,5.0
19,8,5.0
19,8,20.516056850961967
19,8,5.0
19,8,5.0
19,8,5.0
19,8,5.0
20,8,5.0
20,8,5.0
20,8,5.0
20,8,5.0
20,8,5.0
20,8,5.0
20,8,16.50051131071877
20,8,16.362648068465596
20,8,5.0
20,8,10.595870089693786
20,8,7.187591565772937
20,8,5.0
20,8,5.0
20,8,5.0
20,8,12.315094091232714
20,8,5.0
20,8,5.0
20,8,5.0
20,8,5.0
20,8,8.346100570732617
19,8,5.0
19,8,5.0
19,8,8.10816722934874
19,8,8.866482232676582
19,8,5.0
19,8,5.0
19,8,5.0
19,8,5.0
19,8,5.0
19,8,5.0
19,8,5.0
19,8,7.0774206136263285
19,8,5.0
19,8,6.96578816362952
19,8,5.0
19,8,5.0
19,8,5.0
19,8,5.0
19,8,8.85116814109325
19,8,5.0
18,8,6.687232640201446
18,8,12.306068254586298
18,8,5.870002158894933
18,8,5.0
18,8,5.0
18,8,5.0
18,8,5.0
18,8,5.0
18,8,5.0
18,8,5.369469156537853
18,8,5.0
18,8,5.0
18,8,5.0
18,8,5.0
18,8,10.070222124987097
18,8,5.0
18,8,5.0
18,8,16.50895757733987
18,8,10.584393280829769
18,8,5.0
17,8,5.0
17,8,5.0
17,8,5.0
17,8,14.222158400154374
17,8,5.0
17,8,21.33863153014181
17,8,5.0
17,8,17.10429020752859
17,8,5.0
17,8,5.0
17,8,5.0
17,8,5.220313373412694
17,8,5.0
17,8,5.0
17,8,5.0
17,8,5.0
17,8,9.693618937979144
17,8,6.518511694030691
17,8,5.0
17,8,11.418915085966612
16,8,10.276186475631505
16,8,5.0
16,8,5.0
16,8,5.0
16,8,5.0
16,8,5.0
16,8,5.0
16,8,5.7339221486946315
16,8,5.0
16,8,5.0
16,8,11.138118716954153
16,8,5.0
16,8,5.0
16,8,5.7953674510001605
16,8,5.0
16,8,5.0
16,8,5.0
16,8,5.0
16,8,5.0
16,8,5.0
15,8,8.14012111466986
15,8,5.0
15,8,5.0
15,8,17.196267951418875
15,8,9.855346648108686
15,8,8.841656295274003
15,8,5.0
15,8,5.526719598030807
15,8,5.0
15,8,5.4537811416687125
15,8,5.0
15,8,5.0
15,8,5.0
15,8,11.734837243288373
15,8,22.976140767227143
15,8,8.21082565813784
15,8,5.0
15,8,8.619091566359597
15,8,5.0
15,8,5.0
14,8,5.0
14,8,5.0
14,8,12.479925759325521
14,8,5.0
14,8,5.0
14,8,5.0
14,8,5.0
14,8,5.0
14,8,5.0
14,8,5.429647948108469
14,8,5.0
14,8,9.165140815207087
14,8,5.0
14,8,7.416581182662011
14,8,12.909461253593857
14,8,21.461568281119227
14,8,5.0
14,8,16.357239846326898
14,8,5.0
14,8,6.877758114935945
13,8,18.5847744458365
13,8,5.0
13,8,28.931572066906558
13,8,7.051481028331869
13,8,9.671667606306775
13,8,5.0
13,8,5.0
13,8,8.425365982095563
13,8,19.82095831175349
13,8,5.0
13,8,5.0
13,8,5.0
13,8,16.36082841926506
13,8,5.0
13,8,5.0
13,8,5.0
13,8,5.0
13,8,5.0
13,8,7.633880913502441
13,8,5.0
12,8,11.760717058895292
12,8,10.660996136651233
12,8,5.603114820752289
12,8,14.16229530468513
12,8,6.327472475160315
12,8,6.772779215564813
12,8,5.0
12,8,5.0
12,8,5.0
12,8,5.0854997533878725
12,8,8.758040969404021
12,8,19.96521130916414
12,8,14.637144252236034
12,8,5.0
12,8,6.181225015601473
12,8,9.293239635815759
12,8,5.0
12,8,5.0
12,8,19.008908224617457
12,8,8.571604001108081
12,9,11.322672892941627
12,9,5.0
12,9,14.215067703949813
12,9,19.673092335123314
12,9,15.741555962905958
12,9,5.0
12,9,14.562647932846088
12,9,5.9450359777396145
12,9,5.0
12,9,7.293976342663443
12,9,5.0
12,9,11.052973738772454
12,9,8.641811222189327
12,9,5.0
12,9,5.0
12,9,24.69501550297145
12,9,5.0
12,9,5.0
12,9,16.662048242953112
12,9,5.0
12,8,24.397503426953694
12,8,5.0
12,8,8.847152424850007
12,8,9.84506668335008
12,8,17.31192012155329
12,8,5.0
12,8,12.958338857445128
12,8,10.703084818652535
12,8,5.0
12,8,8.359249334309157
12,8,9.814745619436904
12,8,5.752719751486703
12,8,5.0
12,8,8.009995682508015
12,8,5.0
12,8,18.6048721063396
12,8,19.012340108310276
12,8,6.4261671697892195
12,8,5.0
12,8,6.7651784414370795
12,7,5.0
12,7,5.0
12,7,5.0
12,7,5.0
12,7,5.0
12,7,5.0
12,7,5.830842501852496
12,7,5.0
12,7,5.0
12,7,14.280123084917353
12,7,11.662973534653691
12,7,5.0
12,7,6.683235754986117
12,7,12.786746869953404
12,7,13.010897796404894
12,7,6.191263169973298
12,7,8.250159377933967
12,7,10.836188678652398
12,7,5.0
12,7,5.0
12,6,5.0
12,6,9.096641774807559
12,6,5.303161522822122
12,6,21.673030193298374
12,6,8.223033156883844
12,6,5.0
12,6,5.0
12,6,24.928576549454014
12,6,11.494475985935804
12,6,8.93969457214518
12,6,8.338761753917721
12,6,20.83930559296042
12,6,17.83238018631804
12,6,5.146395216413627
12,6,10.160702892443226
12,6,16.376248401149052
12,6,17.20286757881428
12,6,5.0
12,6,5.0
12,6,5.0
12,5,23.505887980639493
12,5,11.249137674046457
12,5,5.0
12,5,5.0
12,5,8.235491686926492
12,5,17.820303443925475
12,5,12.909916466299089
12,5,19.420446932613142
12,5,5.0
12,5,5.0
12,5,5.0
12,5,8.235407828262028
12,5,7.137267842386969
12,5,10.966310293335077
12,5,8.59181468469435
12,5,15.190937285268141
12,5,5.0
12,5,5.0
12,5,24.447433893953047
12,5,11.236533447027824
12,4,7.447766604754723
12,4,10.022376850417743
12,4,6.357087551951297
12,4,5.596789758907759
12,4,5.0
12,4,16.69275282167054
12,4,17.3447356433528
12,4,12.127618399962461
12,4,7.2482676517837685
12,4,5.9292149406821295
12,4,5.0
12,4,16.88808349069786
12,4,9.823813037291181
12,4,24.193149603536558
12,4,14.519966227382923
12,4,6.938228355409622
12,4,13.821176423402742
12,4,11.165847296800143
12,4,16.097590019474275
12,4,9.5702550707201
12,3,9.800177255094956
12,3,16.2041801958215
12,3,6.712326652300327
12,3,7.626068287350137
12,3,8.339606489197427
12,3,7.935577274430312
12,3,5.0
12,3,5.0
12,3,5.0
12,3,14.98980025748877
12,3,13.883224804563715
12,3,10.939588295553628
12,3,7.610106863060915
12,3,8.779760836506982
12,3,17.401782483059606
12,3,5.0
12,3,5.0
12,3,28.988745966492402
12,3,16.618573721080118
12,3,9.945116837523726
13,3,20.249829763992047
13,3,5.0
13,3,5.016998956962339
13,3,5.0
13,3,8.921591373225029
13,3,9.404465678887645
13,3,5.0
13,3,7.1937301872992805
13,3,6.979945884699106
13,3,38.06411629864098
13,3,5.0
13,3,5.0
13,3,5.0
13,3,5.0
13,3,5.0
13,3,9.415738027124608
13,3,5.0
13,3,16.611181401004412
13,3,10.12736489009727
13,3,9.382167844406684
12,3,8.921750446102896
12,3,6.192897850853751
12,3,25.731677800933188
12,3,5.0
12,3,22.865623938330096
12,3,15.140706218806226
12,3,33.13736652184656
12,3,14.142560842091688
12,3,12.111374260427661
12,3,7.827065109674544
12,3,12.19972836548962
12,3,6.481863645705708
12,3,5.0
12,3,6.331209675100079
12,3,20.74493866305771
12,3,13.73335709374819
12,3,11.324956559024667
12,3,12.8932726390263
12,3,9.37279441261888
12,3,7.850086958958654
13,3,7.150289578875796
13,3,14.193911959904032
13,3,10.2641568106691
13,3,6.647669454219363
13,3,13.047557899181914
13,3,5.0
13,3,20.90860893626768
13,3,11.70471283222232
13,3,17.612290172714733
13,3,5.0
13,3,5.0
13,3,15.46292376876994
13,3,18.697930351868532
13,3,19.27052785408059
13,3,5.0
13,3,8.694868598907568
13,3,7.702652399526126
13,3,9.166269216600872
13,3,5.0
13,3,5.0
14,3,18.253115453022787
14,3,5.0
14,3,9.258458914451738
14,3,5.0
14,3,19.28958325574443
14,3,9.203953082163824
14,3,8.504024454505988
14,3,5.394409864336939
14,3,14.875481566882268
14,3,5.0
14,3,14.79603769373604
14,3,6.616648829804699
14,3,12.516444528855647
14,3,5.0
14,3,9.820422014349633
14,3,5.0
14,3,12.780312359642584
14,3,5.0
14,3,12.651983467399495
14,3,16.656100754167227
13,3,11.715087085103281
13,3,12.077869793718202
13,3,5.0
13,3,5.0
13,3,5.0
13,3,26.528244196504506
13,3,5.0
13,3,5.0
13,3,9.636535800759559
13,3,14.157532063002009
13,3,5.0
13,3,11.609991223101927
13,3,8.622646864418037
13,3,25.46419602882105
13,3,5.0
13,3,10.920271821607892
13,3,27.9605156237833
13,3,6.401115065360438
13,3,5.0
13,3,7.0656508877378
14,3,15.764513857302497
14,3,5.8455019757915165
14,3,20.417495862059035
14,3,16.77943614825597
14,3,5.0
14,3,5.0
14,3,24.416233996360372
14,3,5.0
14,3,6.441382219504964
14,3,5.0
14,3,10.626569660647517
14,3,5.0
14,3,5.0
14,3,5.0
14,3,7.256699140710812
14,3,23.218464504581192
14,3,5.0
14,3,5.0
14,3,5.0
14,3,7.630379036920057
13,3,16.759863388914063
13,3,10.953174028105845
13,3,12.983263559618909
13,3,5.0
13,3,5.0
13,3,5.0
13,3,6.522335202546458
13,3,5.0
13,3,16.24917189711236
13,3,17.947943051436837
13,3,5.0
13,3,19.08922607330972
13,3,11.003701436786399
13,3,12.358750208900462
13,3,14.50381159263427
13,3,5.0
13,3,13.43126498485775
13,3,9.683176235775191
13,3,13.890267186981283
13,3,5.0
13,2,5.0
13,2,11.00049159454524
13,2,8.83685086663898
13,2,16.564152155639228
13,2,5.0
13,2,5.96769503325586
13,2,5.0
13,2,8.504203709578546
13,2,10.096003429663238
13,2,15.896833827534765
13,2,24.027360518726532
13,2,19.98561411235459
13,2,6.802287211362195
13,2,8.166020793665979
13,2,6.468147595903768
13,2,5.0
13,2,5.0
13,2,5.0
13,2,5.0
13,2,6.719931102407096
13,1,5.0
13,1,5.0
13,1,24.0756439525664
13,1,9.41309704534532
13,1,10.743651866112385
13,1,7.935827377123887
13,1,19.932407301477912
13,1,5.0
13,1,5.64297234385294
13,1,5.5007943371887364
13,1,11.421302325020907
13,1,5.417916832604251
13,1,12.558018944447687
13,1,12.020822786928896
13,1,10.626880843279109
13,1,27.46200803837818
13,1,17.98697834365742
13,1,8.98654253395372
13,1,16.751133632972856
13,1,16.910756689012842
