16,-15,8.367706426216738
16,-15,5.0
16,-15,11.739914873178488
16,-15,5.0
16,-15,5.0
16,-15,5.0
16,-15,5.0
16,-15,25.306011430728475
16,-15,5.0
16,-15,10.781892788558888
16,-15,18.078485336182794
16,-15,24.095570004045726
16,-15,5.0
16,-15,20.038490037509444
16,-15,15.39879121570535
16,-15,5.0
16,-15,31.331541132006738
16,-15,5.0
16,-15,13.743774007908003
16,-15,5.0
16,-14,5.0
16,-14,12.446875038821378
16,-14,5.0
16,-14,24.72187738997253
16,-14,5.0
16,-14,5.0
16,-14,5.0
16,-14,5.0
16,-14,5.0
16,-14,5.0
16,-14,7.793057567302892
16,-14,11.319066918271218
16,-14,5.0
16,-14,5.0
16,-14,5.0
16,-14,5.0
16,-14,11.314473684433157
16,-14,10.305455494912076
16,-14,5.0
16,-14,5.0
16,-13,5.0
16,-13,12.874037359606866
16,-13,9.764324243934727
16,-13,8.347243950591492
16,-13,14.236578112986644
16,-13,16.719618147650223
16,-13,15.501864358133151
16,-13,14.88467911527302
16,-13,5.0
16,-13,5.0
16,-13,13.137329762186761
16,-13,5.0
16,-13,5.0
16,-13,43.984028750143274
16,-13,5.0
16,-13,5.801452488480877
16,-13,5.0
16,-13,5.0
16,-13,5.0
16,-13,5.0
16,-12,13.754238185935645
16,-12,15.017912104902566
16,-12,25.74013301155091
16,-12,28.86824407093929
16,-12,8.25316650697804
16,-12,5.0
16,-12,5.0
16,-12,5.0
16,-12,11.778069988978256
16,-12,5.0
16,-12,10.170825373758646
16,-12,9.83513587293588
16,-12,5.0
16,-12,6.591295419762918
16,-12,5.0
16,-12,5.0
16,-12,8.095979771819865
16,-12,11.781274738379846
16,-12,5.0
16,-12,5.0
16,-11,5.0
16,-11,32.77449597568613
16,-11,5.0
16,-11,18.132954399101926
16,-11,15.666379437177518
16,-11,5.0
16,-11,5.0
16,-11,5.0
16,-11,5.0
16,-11,11.392529422916583
16,-11,5.0
16,-11,5.0
16,-11,26.352090771062297
16,-11,23.89998548146856
16,-11,6.294500532311454
16,-11,10.057195359794862
16,-11,11.07273984180476
16,-11,40.20729842790432
16,-11,11.922822886447229
16,-11,21.573545386506293
15,-11,9.745911073410264
15,-11,5.0
15,-11,6.982929406992471
15,-11,16.395831211456873
15,-11,5.0
15,-11,8.100908006334885
15,-11,27.073231393893273
15,-11,5.0
15,-11,5.0
15,-11,22.135632110228457
15,-11,6.518591019265166
15,-11,6.676032304004324
15,-11,19.625176798279355
15,-11,21.071076937288264
15,-11,5.0
15,-11,22.3957366905892
15,-11,5.0
15,-11,11.547204451886465
15,-11,5.0
15,-11,19.7618546386051
14,-11,12.582059203108896
14,-11,9.277238319661144
14,-11,5.0
14,-11,5.0
14,-11,5.0
14,-11,10.21198582703005
14,-11,5.0
14,-11,17.636339333874737
14,-11,5.0
14,-11,19.634880311060634
14,-11,8.198941524036993
14,-11,5.0
14,-11,31.425654326043286
14,-11,18.528399016574603
14,-11,18.977216737547014
14,-11,12.48307521242823
14,-11,5.0
14,-11,23.952982508717202
14,-11,9.265643226411836
14,-11,5.0
15,-11,5.304714378415391
15,-11,11.41453532078479
15,-11,6.333912906207066
15,-11,14.0855469650272
15,-11,7.620794565331394
15,-11,5.0
15,-11,7.290215858161211
15,-11,8.8601531881981
15,-11,10.557513845867105
15,-11,23.627090522060904
15,-11,11.86239300930081
15,-11,22.187027487872186
15,-11,22.369678570860216
15,-11,5.0
15,-11,5.0
15,-11,5.0
15,-11,5.0
15,-11,5.0
15,-11,8.134272887717382
15,-11,22.969076399390246
14,-11,14.041279013177906
14,-11,5.0
14,-11,29.762395661448164
14,-11,19.294278498422866
14,-11,9.467714277867993
14,-11,5.270337121618773
14,-11,5.0
14,-11,29.054889848476577
14,-11,5.0
14,-11,17.366073397369124
14,-11,9.887393501503404
14,-11,5.0
14,-11,5.0
14,-11,5.0
14,-11,5.0
14,-11,5.0
14,-11,5.0
14,-11,5.0
14,-11,14.45274334402512
14,-11,9.30202955399035
14,-10,22.773460623937822
14,-10,10.677807432387212
14,-10,34.732077726191726
14,-10,5.0
14,-10,17.000075199631684
14,-10,5.0
14,-10,5.0
14,-10,5.010263258468692
14,-10,8.921962407213755
14,-10,25.88996186543846
14,-10,13.952056539666858
14,-10,5.0
14,-10,20.948341710481067
14,-10,8.333134190391677
14,-10,10.381295527332991
14,-10,5.0
14,-10,13.321044909696582
14,-10,23.10554192454658
14,-10,13.567090478373219
14,-10,6.003102550835512
13,-10,9.004962771252217
13,-10,5.0
13,-10,19.863031410467347
13,-10,25.709296290025236
13,-10,12.282224879180202
13,-10,11.468359391837684
13,-10,24.883904318578786
13,-10,18.081819906654204
13,-10,11.628918070992492
13,-10,33.646816597499225
13,-10,13.6106754843887
13,-10,5.0
13,-10,31.87062571818684
13,-10,27.560340506619006
13,-10,35.25473742026288
13,-10,17.72529958637826
13,-10,9.885415402466315
13,-10,30.286575422343617
13,-10,29.511374613579765
13,-10,13.265746237636638
12,-10,16.81751231112643
12,-10,9.761116697991989
12,-10,12.38998806182503
12,-10,19.879580954917607
12,-10,26.967389940583683
12,-10,27.537260946451827
12,-10,30.483776554070307
12,-10,6.129666999651112
12,-10,5.0
12,-10,18.734700929793878
12,-10,20.8459539230181
12,-10,10.43829884233482
12,-10,5.0
12,-10,16.61245191172913
12,-10,8.420461648183739
12,-10,5.0
12,-10,23.71913361826702
12,-10,5.845797518471028
12,-10,23.95951004162442
12,-10,16.385961859747642
11,-10,16.737953391837237
11,-10,30.322030539977735
11,-10,5.0
11,-10,17.783586869869087
11,-10,23.48731272883703
11,-10,5.0
11,-10,22.506274518861737
11,-10,5.0
11,-10,10.320752697463572
11,-10,5.0
11,-10,5.0
11,-10,10.817475261948822
11,-10,32.34838972183942
11,-10,13.133537292367727
11,-10,12.549967469173975
11,-10,19.622638570926107
11,-10,27.779163157378314
11,-10,30.32607253385291
11,-10,24.625796285853724
11,-10,5.566322903243508
11,-9,5.910646569305985
11,-9,15.10374820861481
11,-9,21.234700649065463
11,-9,5.0
11,-9,30.569196389428292
11,-9,19.734662598333774
11,-9,5.0
11,-9,19.295470392071007
11,-9,43.03928822439745
11,-9,20.096869106147963
11,-9,5.0
11,-9,20.85019362879792
11,-9,20.077155470072384
11,-9,7.7187619487737065
11,-9,5.0
11,-9,16.05081322460085
11,-9,19.012956302843627
11,-9,11.47483935560893
11,-9,25.08032637346311
11,-9,23.004355525833045
12,-9,5.0
12,-9,48.627673694956385
12,-9,9.533886748840503
12,-9,8.87000169643991
12,-9,5.0
12,-9,25.306350656542897
12,-9,27.265269948364168
12,-9,22.83505164453643
12,-9,5.0
12,-9,24.405574881964384
12,-9,8.174726809079177
12,-9,5.0
12,-9,5.0
12,-9,8.31557999753294
12,-9,29.27588446637275
12,-9,31.51291586803011
12,-9,5.0
12,-9,5.0
12,-9,21.401570025929495
12,-9,5.0
12,-8,5.0
12,-8,5.0
12,-8,24.559909470074135
12,-8,38.78724740851935
12,-8,24.006383025386366
12,-8,21.996039285899705
12,-8,40.32890571576961
12,-8,11.030739882873464
12,-8,11.286042975868929
12,-8,15.358117602961858
12,-8,17.017335951431352
12,-8,5.0
12,-8,13.079504566520743
12,-8,5.0
12,-8,5.0
12,-8,30.40865552163734
12,-8,24.752743725344946
12,-8,28.743268239268843
12,-8,5.0
12,-8,15.597381803428267
11,-8,16.892209392534777
11,-8,31.89429544402745
11,-8,21.3300323936124
11,-8,5.0
11,-8,5.0
11,-8,7.345003180306037
11,-8,20.091492145515264
11,-8,8.324453947762466
11,-8,16.26353721137677
11,-8,19.602260918195867
11,-8,35.268758551408524
11,-8,11.167348206515124
11,-8,15.134201715618246
11,-8,12.245283446471024
11,-8,56.00546483743785
11,-8,5.0
11,-8,5.0
11,-8,16.625040666687966
11,-8,5.0
11,-8,11.928231848272176
11,-7,19.170565013662614
11,-7,11.592315500144284
11,-7,5.0
11,-7,31.472317271292106
11,-7,15.561326123893977
11,-7,7.554892265115548
11,-7,10.785011811223491
11,-7,12.176243409401094
11,-7,18.70253343558913
11,-7,17.88065257084205
11,-7,5.7434560433172415
11,-7,6.656358929731679
11,-7,6.426202385622522
11,-7,24.21631873570478
11,-7,5.0
11,-7,5.0
11,-7,12.76655992098673
11,-7,21.023739696815134
11,-7,25.118883756360894
11,-7,5.582366708218226
10,-7,14.329265504781198
10,-7,11.04535576910444
10,-7,13.262141124558958
10,-7,10.511956786884106
10,-7,19.354057899365653
10,-7,30.02442508774017
10,-7,26.053305558727253
10,-7,21.96701524736281
10,-7,15.754668764386834
10,-7,5.0
10,-7,11.729166502187487
10,-7,32.09518616914362
10,-7,19.975868480648465
10,-7,42.13277250730396
10,-7,45.36422564782199
10,-7,18.817960781724956
10,-7,29.748910053181163
10,-7,35.66374200010323
10,-7,5.0
10,-7,6.828170421892917
9,-7,13.009265727099047
9,-7,31.013606708398918
9,-7,5.0
9,-7,5.0
9,-7,25.52920964995891
9,-7,5.0
9,-7,40.18196532386627
9,-7,37.164139516463536
9,-7,5.648134977047739
9,-7,22.01293185347222
9,-7,28.084146421306937
9,-7,38.271925100670636
9,-7,35.48146933539216
9,-7,15.12397125712172
9,-7,25.715669278933426
9,-7,5.0
9,-7,5.0
9,-7,37.58723707052119
9,-7,5.0
9,-7,5.0
8,-7,8.624116511728124
8,-7,26.72586594497495
8,-7,28.588571737340228
8,-7,16.285411282827564
8,-7,21.620651428457023
8,-7,25.58265492183489
8,-7,30.860735079139495
8,-7,20.696991381811063
8,-7,18.6750432416884
8,-7,9.976515769977697
8,-7,19.825186586391112
8,-7,17.829366986751346
8,-7,9.892705006181796
8,-7,38.79544280759151
8,-7,13.285321560616351
8,-7,18.254648058872238
8,-7,16.978822071253955
8,-7,47.04393284769503
8,-7,19.70964098290373
8,-7,14.93993752422233
8,-6,26.616644031158536
8,-6,5.0
8,-6,26.98425431995486
8,-6,44.791130280234206
8,-6,26.966558780429047
8,-6,15.892500566321022
8,-6,42.37276768229307
8,-6,35.89943967169248
8,-6,5.0
8,-6,19.99041648227488
8,-6,23.89286737527076
8,-6,35.448661880578555
8,-6,39.019513839753344
8,-6,25.52890810750212
8,-6,33.50372417853982
8,-6,24.455710006447624
8,-6,5.0
8,-6,20.690933410300975
8,-6,24.138018323723237
8,-6,28.603288517568863
8,-5,15.090090855897708
8,-5,21.726629548987987
8,-5,55.059548778406395
8,-5,46.546382828515206
8,-5,23.686949880747804
8,-5,5.0
8,-5,5.48362580029227
8,-5,19.295035380361337
8,-5,20.999661804335165
8,-5,32.37298537756935
8,-5,26.423432579188315
8,-5,5.0
8,-5,19.586100390625337
8,-5,25.753736417014743
8,-5,20.34548526349975
8,-5,17.88031292554156
8,-5,22.33887822141945
8,-5,37.889517335235304
8,-5,28.2209438924337
8,-5,30.03037385028719
8,-4,25.838649191930163
8,-4,33.49236929568866
8,-4,9.773979950888375
8,-4,41.56285498406968
8,-4,42.54904653774233
8,-4,13.542095581947915
8,-4,17.091840805911183
8,-4,11.599079620538685
8,-4,12.084242484881944
8,-4,31.16530541488119
8,-4,15.452000487804554
8,-4,14.048423064941748
8,-4,19.732198194526784
8,-4,41.23068739413047
8,-4,18.455642883504638
8,-4,17.886751250796003
8,-4,35.19813743134478
8,-4,13.169791149643471
8,-4,14.440009927823084
8,-4,27.245292516775116
7,-4,38.94308167663241
7,-4,11.380367782058475
7,-4,19.483949812714524
7,-4,10.851510468544063
7,-4,64.7384667884299
7,-4,19.433395667505152
7,-4,36.79109335147106
7,-4,24.471775726995475
7,-4,30.405518588117612
7,-4,15.57687944487544
7,-4,30.185475949283457
7,-4,25.608919042349267
7,-4,27.324406573944515
7,-4,26.729090603229746
7,-4,20.089560672993883
7,-4,5.0
7,-4,27.97634090746137
7,-4,36.552181939570175
7,-4,40.15677030825903
7,-4,43.25562015209634
7,-5,21.928432231790005
7,-5,30.7619496740481
7,-5,38.8880262080756
7,-5,11.656319516811447
7,-5,30.40694661286232
7,-5,8.337049341587706
7,-5,16.678287707433682
7,-5,49.776383755223804
7,-5,33.615233315225524
7,-5,21.38473312721872
7,-5,5.0
7,-5,44.8717167978825
7,-5,26.474838015001318
7,-5,24.77559675178667
7,-5,8.256917655540867
7,-5,37.269576057758854
7,-5,52.758158374903
7,-5,9.130770135004875
7,-5,34.26617759443736
7,-5,23.47515538065773
7,-4,52.66890451751743
7,-4,26.020276149338372
7,-4,11.534796724905004
7,-4,38.88478972795873
7,-4,9.881426414283357
7,-4,33.002800591764185
7,-4,5.0
7,-4,34.406167415406046
7,-4,30.448482559957743
7,-4,27.984456068818847
7,-4,43.673916650580935
7,-4,51.292041873062345
7,-4,32.10954690593248
7,-4,29.060370203557426
7,-4,5.0
7,-4,25.07717448935238
7,-4,25.150328657565296
7,-4,19.18240473846743
7,-4,31.957584678566963
7,-4,38.18432828198354
8,-4,28.533285081747344
8,-4,5.0
8,-4,39.0088428687218
8,-4,14.510920498332174
8,-4,27.92754702042644
8,-4,37.774508565365416
8,-4,38.65705247111565
8,-4,25.79306199373032
8,-4,34.32370283763929
8,-4,40.79442154454371
8,-4,18.273355462260525
8,-4,14.589866741289681
8,-4,17.612644816339074
8,-4,12.648477186932396
8,-4,28.860899951618073
8,-4,29.448924220972792
8,-4,26.53158644147348
8,-4,32.087678715398106
8,-4,5.0
8,-4,39.479080935922866
7,-4,14.209040206363312
7,-4,23.472726186605183
7,-4,19.083347589458363
7,-4,28.858135763259714
7,-4,17.079633710843662
7,-4,34.605881957475404
7,-4,16.158010690414592
7,-4,10.46511205275904
7,-4,35.39602081398515
7,-4,8.533144088002857
7,-4,14.929906091488416
7,-4,27.807510542343636
7,-4,47.724850297380996
7,-4,23.044988773246153
7,-4,20.885668656600707
7,-4,5.0
7,-4,18.375682907114506
7,-4,32.8242834650644
7,-4,12.094426693293252
7,-4,32.96970881510916
6,-4,46.59077633383985
6,-4,58.17719014606129
6,-4,32.01522800251298
6,-4,50.77127878485322
6,-4,33.33972579573024
6,-4,35.3434914599923
6,-4,29.575322400599955
6,-4,30.558839077038634
6,-4,24.927083508829412
6,-4,24.1526347567178
6,-4,21.242632075879136
6,-4,5.4224818298838
6,-4,12.804492877589697
6,-4,22.291615606057622
6,-4,36.05378966513713
6,-4,5.0
6,-4,21.656819044540672
6,-4,21.993501401903274
6,-4,12.073389028808043
6,-4,23.483481005474438
6,-3,29.47620769931231
6,-3,56.50161921765698
6,-3,35.309774304098724
6,-3,30.960087777864292
6,-3,19.388659631545046
6,-3,38.467307692605374
6,-3,40.243411422216056
6,-3,7.628360196874411
6,-3,50.501074645949885
6,-3,27.264746935809846
6,-3,24.286169596148515
6,-3,27.519197319922373
6,-3,31.64332526354505
6,-3,5.0
6,-3,38.71573613356005
6,-3,51.15692168403703
6,-3,18.627778618410062
6,-3,15.583003334268678
6,-3,31.652314265247032
6,-3,20.0337422929041
5,-3,26.05765117526809
5,-3,7.2761597086439735
5,-3,40.6187934057342
5,-3,8.984775169041656
5,-3,43.680473464054515
5,-3,44.02786003508194
5,-3,16.73074567462497
5,-3,33.52418960235282
5,-3,24.680322576545173
5,-3,26.691790683743466
5,-3,23.587464647130737
5,-3,5.0
5,-3,11.459443619711504
5,-3,32.5503205705414
5,-3,5.0
5,-3,26.760813275955897
5,-3,51.51444368759374
5,-3,5.0
5,-3,20.472319915803098
5,-3,5.0
4,-3,34.29743692953579
4,-3,22.537444419006327
4,-3,35.53017621433954
4,-3,62.88284990648519
4,-3,30.112438089488172
4,-3,31.130467812033295
4,-3,28.938004917587914
4,-3,40.78078260001054
4,-3,21.63892142215447
4,-3,37.545915719434845
4,-3,30.88297160719647
4,-3,23.838130522489035
4,-3,34.17347470852588
4,-3,27.306150246624004
4,-3,41.5376189923607
4,-3,50.039588812720126
4,-3,33.29903513658034
4,-3,58.58773782817549
4,-3,40.20862228248906
4,-3,44.96269054255876
4,-2,17.299898193393823
4,-2,53.88810201818666
4,-2,43.40784111824401
4,-2,30.32282788154325
4,-2,46.77315086350688
4,-2,27.32116642082716
4,-2,39.94583532905054
4,-2,48.82190998176915
4,-2,19.262749288349617
4,-2,53.4920418322971
4,-2,9.35438510326578
4,-2,36.809382571335625
4,-2,26.239966061325056
4,-2,13.38029458318741
4,-2,39.382506142618794
4,-2,25.784262060185863
4,-2,23.712192536643915
4,-2,14.21508320074439
4,-2,42.64350731445691
4,-2,21.00584924147771
4,-1,18.787218046870088
4,-1,41.9470232131798
4,-1,48.42450975074791
4,-1,58.3589824458681
4,-1,13.684046785963975
4,-1,25.157692905034573
4,-1,48.998809169645114
4,-1,27.00915095720668
4,-1,41.094181904755565
4,-1,33.91082867610197
4,-1,40.52507693999616
4,-1,27.3632305240723
4,-1,31.334342478620634
4,-1,26.395936379401164
4,-1,21.67531235565392
4,-1,16.09615230116846
4,-1,31.682035666634906
4,-1,16.628064425320062
4,-1,46.84953868180438
4,-1,70.42613668539917
5,-1,7.453300914494733
5,-1,47.65368009211146
5,-1,32.54213222986006
5,-1,30.73026439692754
5,-1,23.19389911531436
5,-1,33.46802840063806
5,-1,30.812029692214544
5,-1,50.13474796436236
5,-1,22.479312738587563
5,-1,28.520701809008937
5,-1,11.985799306131673
5,-1,36.303307291646725
5,-1,20.758184063227304
5,-1,25.783584088338245
5,-1,8.926564362990412
5,-1,6.641550449560793
5,-1,34.05279308937986
5,-1,17.359671448927728
5,-1,45.95086613328402
5,-1,5.0
4,-1,33.5105400987933
4,-1,39.85721496971268
4,-1,41.49133432468212
4,-1,33.07798427030652
4,-1,14.178228668245723
4,-1,36.75663356126389
4,-1,31.01405761944537
4,-1,59.284344435072214
4,-1,33.25822270418266
4,-1,5.0
4,-1,42.49996757046488
4,-1,31.540805377060245
4,-1,22.105874762665323
4,-1,13.956254932735986
4,-1,36.04504013434282
4,-1,35.03146681572637
4,-1,33.39520063313364
4,-1,56.52581682558343
4,-1,22.444768816193136
4,-1,50.804889265784055
3,-1,32.48373577898562
3,-1,38.12483073064301
3,-1,46.585914320901075
3,-1,36.439455822424875
3,-1,51.59475393900793
3,-1,47.49572467926612
3,-1,38.90651181708887
3,-1,9.96325615717825
3,-1,44.88138940354058
3,-1,37.61528757236598
3,-1,33.565387703446774
3,-1,38.220942073222275
3,-1,27.395135384410747
3,-1,22.434323357982954
3,-1,31.864713104163894
3,-1,28.38150508914757
3,-1,38.39105127970976
3,-1,71.45718811246887
3,-1,40.78642107683105
3,-1,19.756411158867948
2,-1,33.51265621243751
2,-1,37.537208964978824
2,-1,60.607253360996296
2,-1,27.33539871519397
2,-1,22.413997405592983
2,-1,52.874655638553904
2,-1,27.573423356134626
2,-1,51.93052409698241
2,-1,32.262024424953395
2,-1,35.68316590150097
2,-1,49.26039818228322
2,-1,28.4681962039904
2,-1,25.578691054904127
2,-1,39.42161341875334
2,-1,40.452418267884084
2,-1,24.984106992804577
2,-1,30.318769953695334
2,-1,16.241502379113406
2,-1,34.764131301231814
2,-1,37.61342959509448
2,0,43.83054419475485
2,0,39.8721212623835
2,0,17.655540400342296
2,0,40.82499226954996
2,0,40.21606002862654
2,0,28.222610898148062
2,0,38.540825115362054
2,0,37.80797005646645
2,0,28.676054204676518
2,0,36.479216077502834
2,0,19.767048630390963
2,0,35.23199310235786
2,0,27.363959377659448
2,0,39.214438504429566
2,0,50.22793649323861
2,0,46.29459828417808
2,0,24.249671829514668
2,0,30.361028118244
2,0,42.16656181092526
2,0,40.88309965365138
2,1,43.168951126627995
2,1,32.17648025245231
2,1,24.873226259475018
2,1,38.11094614492478
2,1,25.368831165601794
2,1,48.951292359871736
2,1,37.88915511342629
2,1,28.80365069846286
2,1,41.39731391088741
2,1,36.455760149765084
2,1,20.65052632558035
2,1,53.64516030631555
2,1,18.580779981415688
2,1,37.71382869225777
2,1,34.27597914257862
2,1,38.62510794839778
2,1,27.89917261518845
2,1,31.660159216356558
2,1,70.89359936697957
2,1,45.60981962545239
2,2,46.486887548049225
2,2,55.42458060046711
2,2,49.98112233745107
2,2,18.398967967356928
2,2,29.818515380270078
2,2,17.82264641822013
2,2,11.671066016219505
2,2,21.958006161292467
2,2,41.12219005193125
2,2,21.035697075226928
2,2,17.388973341902826
2,2,13.925848160720214
2,2,47.25086775027027
2,2,52.370246664705974
2,2,34.118895198628984
2,2,32.53072887807814
2,2,16.526039973870674
2,2,18.874363932073663
2,2,29.542031699296015
2,2,21.204601597921098
1,2,28.4404131302753
1,2,22.508813022123135
1,2,35.855999425489536
1,2,18.135614180176667
1,2,35.259102946899375
1,2,21.800793186968722
1,2,28.542641078484333
1,2,25.740310069617813
1,2,40.37935130359888
1,2,15.330751255218118
1,2,18.230197798897485
1,2,32.60892862241206
1,2,37.0781356021728
1,2,47.417811389317976
1,2,24.75960099985467
1,2,34.05683865396353
1,2,35.813134873125286
1,2,13.4877765405795
1,2,57.29709935226796
1,2,35.61501607113576
0,2,37.29396626631
0,2,25.66997852398839
0,2,58.00268498759624
0,2,28.37208882293071
0,2,5.444884134329083
0,2,51.23090038996553
0,2,45.565847474227304
0,2,19.007876625319927
0,2,27.3316719715054
0,2,25.387731680025375
0,2,30.030759668360098
0,2,32.175875590302944
0,2,49.93967423127124
0,2,53.04995170111292
0,2,21.062916499153186
0,2,21.258150418294864
0,2,65.77526435509522
0,2,19.905180585212424
0,2,41.32245468197957
0,2,41.88712689447359
0,3,45.54548427564971
0,3,26.41369836963392
0,3,45.437037271550246
0,3,46.021199954079194
0,3,38.14896382074733
0,3,34.99367127152312
0,3,32.01582680594247
0,3,37.23702589301819
0,3,18.961370444194223
0,3,27.1116066135533
0,3,29.511132562789403
0,3,55.81922241029208
0,3,21.10038532745092
0,3,25.822823457107106
0,3,24.21577211933176
0,3,47.470143898550546
0,3,15.934120305934293
0,3,29.28045971334099
0,3,43.59784649334519
0,3,30.82664850556961
-1,3,53.16733839681412
-1,3,36.164452361444525
-1,3,7.821408978313798
-1,3,5.275166519220253
-1,3,28.736979556609455
-1,3,25.520839330012507
-1,3,66.27078436470777
-1,3,27.006463637455486
-1,3,24.17056828867276
-1,3,34.26723827520405
-1,3,19.86197550462962
-1,3,64.80082361106147
-1,3,36.187707163812036
-1,3,21.442588871949074
-1,3,22.905117881413908
-1,3,23.79759117233464
-1,3,64.20693051565
-1,3,31.038866130289094
-1,3,13.16677026183298
-1,3,17.25077422933729
0,3,22.23266992512968
0,3,19.690068387421153
0,3,33.31818896078449
0,3,28.02524509032904
0,3,30.287663372472643
0,3,34.22506647331173
0,3,17.530365627748775
0,3,20.402570541971876
0,3,25.502189719033346
0,3,38.0494470368299
0,3,38.09340252509267
0,3,40.367877259757016
0,3,31.43467192452581
0,3,27.250146411845737
0,3,50.89746734727984
0,3,53.091680148725786
0,3,30.914583845064314
0,3,38.94674681335603
0,3,45.076990719709784
0,3,46.88223602978282
-1,3,48.07192855270124
-1,3,9.924066047459366
-1,3,18.4395419702517
-1,3,26.671847224797425
-1,3,13.501568815612863
-1,3,36.1445796926233
-1,3,42.714822584344084
-1,3,5.0
-1,3,5.0
-1,3,5.0
-1,3,31.761859862186473
-1,3,43.937240856813474
-1,3,43.82856579147419
-1,3,18.716382165381702
-1,3,15.459271416031072
-1,3,45.339248015346115
-1,3,30.98591652718915
-1,3,37.478807584897986
-1,3,22.744135738234156
-1,3,47.354596245054246
-2,3,39.13121555477667
-2,3,33.006198187558475
-2,3,27.5363999869301
-2,3,24.204676696487798
-2,3,48.14785042087632
-2,3,50.36779276475947
-2,3,58.25440249404231
-2,3,33.29828999053983
-2,3,35.52229197267895
-2,3,23.57509389376402
-2,3,32.65747319631011
-2,3,17.298360006621103
-2,3,49.946801222499126
-2,3,19.622251713996427
-2,3,38.081720798151835
-2,3,43.11453903423324
-2,3,39.10551834824463
-2,3,50.44192508867965
-2,3,45.50086190796806
-2,3,26.147973684384024
-2,4,18.959072671490308
-2,4,17.59981768111789
-2,4,15.636809998627003
-2,4,41.0089472912626
-2,4,35.18356834033657
-2,4,19.680169429790315
-2,4,12.812403965191532
-2,4,25.99127811205248
-2,4,35.13080943344428
-2,4,14.455605354880635
-2,4,5.0
-2,4,37.835522551228436
-2,4,28.74991425634226
-2,4,40.037169274352806
-2,4,24.17103181673568
-2,4,44.148089062108156
-2,4,35.381729561814545
-2,4,51.87928755378422
-2,4,26.231720077962553
-2,4,20.863965557212566
-2,5,24.43545815132699
-2,5,5.0
-2,5,50.183366692440735
-2,5,8.823786414501182
-2,5,18.60265878638441
-2,5,44.93126277320701
-2,5,37.689110296809226
-2,5,29.98158461496859
-2,5,11.721067233952166
-2,5,25.957102153863094
-2,5,9.583308206840513
-2,5,27.523130768610397
-2,5,40.68102782896479
-2,5,24.903683995829226
-2,5,57.37882931512721
-2,5,35.923778490526125
-2,5,46.572466643349095
-2,5,26.581519279671042
-2,5,30.19462749618543
-2,5,14.765546925323392
-2,6,21.15294336926333
-2,6,19.14080553207355
-2,6,27.66868285921279
-2,6,54.00421796330857
-2,6,28.460339535290665
-2,6,26.125324288795532
-2,6,23.275733283477976
-2,6,5.0
-2,6,28.370626042817012
-2,6,18.05842340858623
-2,6,35.53058237959522
-2,6,5.0
-2,6,24.00740342368235
-2,6,26.856813656937426
-2,6,45.547267137965335
-2,6,30.95434923080354
-2,6,23.557543215464417
-2,6,23.908648462379542
-2,6,30.181678139812526
-2,6,22.908993604984186
-1,6,33.429521009818515
-1,6,44.96268363280485
-1,6,5.0
-1,6,43.149701500580626
-1,6,16.556100837387675
-1,6,32.51161897040804
-1,6,30.844013257695796
-1,6,5.0
-1,6,24.080758323410066
-1,6,35.20223970283498
-1,6,27.639713128159034
-1,6,18.604756274295404
-1,6,32.93385750669249
-1,6,9.359465781064985
-1,6,12.339644593441461
-1,6,8.15376960741208
-1,6,25.455793722957292
-1,6,35.650569368005925
-1,6,52.05548533482926
-1,6,29.372140464771622
0,6,20.569625305947163
0,6,36.29663732879666
0,6,5.0
0,6,47.95833096293502
0,6,49.584823284188914
0,6,16.24962307209521
0,6,31.773779041962424
0,6,43.21585593959064
0,6,20.428073213240268
0,6,22.245240438562963
0,6,40.68355686523992
0,6,34.04086873314856
0,6,5.0
0,6,31.04457698529284
0,6,13.113207907647496
0,6,40.81632363921538
0,6,24.621515900394677
0,6,11.46244505597671
0,6,44.39306768733398
0,6,38.23316573944174
-1,6,18.955072163891096
-1,6,32.33503896303268
-1,6,26.054592287509752
-1,6,27.40690013204568
-1,6,22.076800879914206
-1,6,20.843578543102375
-1,6,26.952600962803352
-1,6,15.496552959516698
-1,6,32.890259062855925
-1,6,18.137088685546395
-1,6,31.440674879735518
-1,6,35.082216149230874
-1,6,38.25225374515618
-1,6,24.027641451770982
-1,6,26.44872092746504
-1,6,19.73730440735054
-1,6,20.109019601324597
-1,6,36.66645238831137
-1,6,31.701132403843296
-1,6,7.793252339244944
-2,6,21.97024781258175
-2,6,59.55540125137401
-2,6,25.48700821101453
-2,6,34.18455868114799
-2,6,38.20948228042884
-2,6,9.371256814902004
-2,6,8.199253779224247
-2,6,50.96984468836827
-2,6,57.849573695383214
-2,6,48.076441159412994
-2,6,27.071522193734292
-2,6,17.802392954679675
-2,6,16.15518105419489
-2,6,37.38748872792101
-2,6,19.13087094717473
-2,6,21.92775650869205
-2,6,39.39271664499877
-2,6,24.959856230857774
-2,6,13.081710648846206
-2,6,5.0
-1,6,22.514214117217097
-1,6,34.479496084476295
-1,6,38.952656414662435
-1,6,9.824837437182705
-1,6,35.83737771374868
-1,6,31.77511060687069
-1,6,46.09452220210933
-1,6,36.81812139800952
-1,6,44.95497428982145
-1,6,38.551578791699505
-1,6,32.77561585006211
-1,6,47.244234706155254
-1,6,29.27579681985361
-1,6,18.67495397822606
-1,6,21.402375068173374
-1,6,21.091552647672128
-1,6,28.97276363194653
-1,6,32.8226419990806
-1,6,18.89925657721777
-1,6,45.24595919127199
-2,6,16.99375707653028
-2,6,34.919886117510075
-2,6,46.079821362399414
-2,6,15.17812576016643
-2,6,38.10822220746552
-2,6,20.622368694660658
-2,6,39.13249698388886
-2,6,5.0
-2,6,13.391913042470268
-2,6,52.420600663399384
-2,6,5.0
-2,6,15.001917452673606
-2,6,23.446544293513735
-2,6,47.322798972680545
-2,6,13.285344305462047
-2,6,37.25625898270825
-2,6,20.160674323317245
-2,6,10.715567699729174
-2,6,5.0
-2,6,38.360964699005365
-2,7,6.371422030716527
-2,7,36.15442830688518
-2,7,49.80686175187533
-2,7,26.75067565736281
-2,7,17.378304619802527
-2,7,35.44370847536998
-2,7,28.625672207657992
-2,7,11.48550135606139
-2,7,20.089060504127563
-2,7,24.44801735292183
-2,7,40.00660000180298
-2,7,13.513548880584374
-2,7,22.850680570523103
-2,7,34.3097155209441
-2,7,15.151543031582012
-2,7,5.794771246302314
-2,7,6.101804158863654
-2,7,25.090162793765796
-2,7,15.076578375329596
-2,7,22.18117201009235
-1,7,5.0
-1,7,15.932103724968915
-1,7,16.4923020965592
-1,7,35.442797232245034
-1,7,31.42705748236309
-1,7,23.109574023068824
-1,7,18.76161762733582
-1,7,35.64299736958435
-1,7,14.626691877695967
-1,7,26.86619730999941
-1,7,18.901994674658848
-1,7,5.0
-1,7,5.0
-1,7,22.423805191506414
-1,7,45.20872585932995
-1,7,5.0
-1,7,29.904267429636466
-1,7,22.365667032003145
-1,7,25.40697931873712
-1,7,52.88597845733601
-2,7,21.31073182771773
-2,7,24.95006454824003
-2,7,20.086250297300406
-2,7,22.145949992327928
-2,7,17.637072881936223
-2,7,15.81921336029553
-2,7,42.117597886462704
-2,7,23.599709677498254
-2,7,33.26490671945541
-2,7,21.657749291833827
-2,7,32.030352145552726
-2,7,26.69132368514319
-2,7,34.71833656440991
-2,7,12.128379099975577
-2,7,13.90588695623808
-2,7,22.73383944911859
-2,7,18.709635969674103
-2,7,11.13156578279983
-2,7,32.45943841682236
-2,7,5.0
-1,7,5.0
-1,7,41.27228879307816
-1,7,21.60734611655966
-1,7,13.065985220593916
-1,7,26.37893074106605
-1,7,14.42581634054239
-1,7,39.33777767565469
-1,7,22.9392514002016
-1,7,31.719919251170104
-1,7,33.12130833700029
-1,7,26.369282446761247
-1,7,13.653733558764873
-1,7,21.442770981020495
-1,7,25.4411444634973
-1,7,7.041112401520202
-1,7,40.31138270188177
-1,7,19.849223871153644
-1,7,27.106610327663457
-1,7,29.979618020521247
-1,7,5.0
-2,7,48.046367525584024
-2,7,21.85324487616044
-2,7,7.6132478405605575
-2,7,43.44995778062132
-2,7,5.0
-2,7,36.482547901239656
-2,7,18.97940792007354
-2,7,35.20787661305057
-2,7,42.91091518009816
-2,7,6.161037031170267
-2,7,41.100519677201966
-2,7,23.55640481155281
-2,7,14.537210852353905
-2,7,8.748377403149105
-2,7,24.341527247094287
-2,7,15.53271982410053
-2,7,31.11462781273253
-2,7,5.0
-2,7,6.440547802274182
-2,7,5.421752919067039
-2,6,42.88826170733709
-2,6,54.68397547127172
-2,6,28.913991608177405
-2,6,43.2690742414389
-2,6,24.356590613449452
-2,6,28.230574129543147
-2,6,14.322889295254237
-2,6,51.429517285001154
-2,6,52.567204706198936
-2,6,40.53972096017714
-2,6,49.957302883407465
-2,6,45.06601134111497
-2,6,27.361639906743342
-2,6,26.40559790836818
-2,6,42.792622543649074
-2,6,22.35458471939067
-2,6,28.31472294830945
-2,6,14.86542593215919
-2,6,5.0
-2,6,19.677083078413418
-3,6,18.29123699568614
-3,6,31.19449321687665
-3,6,23.853532375662788
-3,6,17.384080235718066
-3,6,12.541998969089441
-3,6,54.02839997777065
-3,6,26.73972132076908
-3,6,51.400860050876815
-3,6,22.990591629634498
-3,6,24.875592639415423
-3,6,30.92222170031088
-3,6,30.33457208924567
-3,6,22.90564181620746
-3,6,25.239970306317602
-3,6,29.808542015129838
-3,6,25.03806460543743
-3,6,53.52999149129795
-3,6,34.9029376482033
-3,6,13.550195558751208
-3,6,32.25992676886527
-3,7,26.15130911318584
-3,7,25.595301058685003
-3,7,12.802522766200315
-3,7,12.693196981015387
-3,7,7.483626908802183
-3,7,10.000234785145457
-3,7,22.723077198997313
-3,7,16.037525104108386
-3,7,22.56945959633775
-3,7,30.187159295315777
-3,7,23.663006253844497
-3,7,36.79207735209826
-3,7,35.88895827517649
-3,7,25.294834350963043
-3,7,19.66505683722759
-3,7,35.64139238582613
-3,7,9.477389821115537
-3,7,14.60422802011678
-3,7,19.796490466608986
-3,7,20.418158932322367
-4,7,10.774181387964525
-4,7,39.79403775496043
-4,7,26.78455580983618
-4,7,11.890457470730773
-4,7,11.380160385943896
-4,7,22.248426194123695
-4,7,5.872081840423235
-4,7,12.978491662534436
-4,7,46.68049593454131
-4,7,14.41559671208844
-4,7,37.459468340664436
-4,7,25.196357146759308
-4,7,26.19101930690792
-4,7,22.223810914290883
-4,7,13.29196083192317
-4,7,41.78508393313092
-4,7,28.379567538996834
-4,7,5.0
-4,7,20.745056281699128
-4,7,20.38311208287993
-4,8,18.171071327870667
-4,8,41.4232151222907
-4,8,27.472259849254733
-4,8,20.017457112976327
-4,8,27.26788852091693
-4,8,13.950298234439867
-4,8,24.23006118845374
-4,8,31.001674917604888
-4,8,5.0
-4,8,5.0
-4,8,22.654475289690183
-4,8,13.969028783485793
-4,8,21.85904726897392
-4,8,23.10269499680623
-4,8,29.652899766778734
-4,8,27.107674178712386
-4,8,5.0
-4,8,19.131938293602662
-4,8,5.0
-4,8,14.02577518806078
-5,8,17.34290039085981
-5,8,14.913279743072714
-5,8,32.038080208788024
-5,8,24.686864908842658
-5,8,28.838469003317076
-5,8,21.292662098999163
-5,8,47.571609384527676
-5,8,34.35745087499145
-5,8,23.439642101352423
-5,8,26.352107418891187
-5,8,20.835846725565318
-5,8,20.390564276775276
-5,8,6.6159013537982165
-5,8,36.89173443492734
-5,8,15.533644651180767
-5,8,36.65650082135897
-5,8,14.399681982559013
-5,8,12.274755560370469
-5,8,10.468109882984995
-5,8,5.4084416238608135
-5,9,19.68692295276059
-5,9,32.08646178655761
-5,9,43.12357531140459
-5,9,5.067908734544162
-5,9,21.768093112179738
-5,9,35.99305259714831
-5,9,18.808176713461037
-5,9,7.231390796016893
-5,9,20.330605292437323
-5,9,5.0
-5,9,31.084077446997807
-5,9,32.46403767785213
-5,9,30.629302225818094
-5,9,7.165881915050328
-5,9,40.41251340147808
-5,9,26.095140382011813
-5,9,17.276434617565183
-5,9,26.589491731137244
-5,9,38.8979751281081
-5,9,14.140018755004878
-6,9,14.611789616382605
-6,9,12.499222318129167
-6,9,27.09128966674388
-6,9,8.12689860422099
-6,9,10.354491063191826
-6,9,34.080226866375845
-6,9,19.160577441312793
-6,9,24.091461941594304
-6,9,18.91984011723891
-6,9,38.04220816494556
-6,9,5.0
-6,9,8.472881642864769
-6,9,28.62864589467557
-6,9,65.8422606015571
-6,9,16.076724972780884
-6,9,15.922935682487225
-6,9,19.988478896279144
-6,9,12.511201267517892
-6,9,32.40517770064543
-6,9,20.691185534476126
-5,9,24.11942192522052
-5,9,19.32826251653982
-5,9,17.029597292293786
-5,9,32.29710840845
-5,9,43.299532915591044
-5,9,6.83769902969669
-5,9,21.521336663944957
-5,9,25.334930306218826
-5,9,20.51829029379158
-5,9,38.60237974700574
-5,9,28.571990099200633
-5,9,17.16071892944725
-5,9,28.165407026025534
-5,9,36.25988454559372
-5,9,5.0
-5,9,9.791219469442064
-5,9,35.25751264836744
-5,9,31.228224511804925
-5,9,49.538267057032925
-5,9,10.868964169975818
-5,10,32.739629471138855
-5,10,15.828915158111013
-5,10,27.357162171556265
-5,10,13.282389242369117
-5,10,46.12893977886619
-5,10,20.98651367399186
-5,10,19.85573792975245
-5,10,5.0
-5,10,26.754547741523808
-5,10,39.756781405203164
-5,10,23.708901699029525
-5,10,9.106416888932209
-5,10,44.06378155749982
-5,10,23.287456788360203
-5,10,14.76917689543339
-5,10,23.139015057458906
-5,10,31.78165561189284
-5,10,22.49865078910799
-5,10,19.795380403773898
-5,10,5.0
-6,10,35.212927627268655
-6,10,10.86423152250358
-6,10,16.962934032800387
-6,10,41.34654769109814
-6,10,5.0
-6,10,19.00417093296259
-6,10,19.357828847382542
-6,10,9.460120274475923
-6,10,5.0
-6,10,38.44754385478723
-6,10,20.48755562142724
-6,10,41.93033793155277
-6,10,16.041192107578105
-6,10,28.292993236621818
-6,10,32.6738118493371
-6,10,10.389644351848926
-6,10,31.464943068390706
-6,10,29.50493535715559
-6,10,8.567181353225799
-6,10,14.447750642327563
-7,10,37.139344981118505
-7,10,54.9947122152595
-7,10,5.0
-7,10,13.209174009701716
-7,10,5.0
-7,10,40.447595390531504
-7,10,17.54306973789917
-7,10,11.811860393475307
-7,10,19.548647988568412
-7,10,5.175988503010727
-7,10,7.503652012229882
-7,10,16.7188038353094
-7,10,7.066462897197896
-7,10,31.967883892688747
-7,10,18.664661301577485
-7,10,21.059574252388384
-7,10,46.42733129602624
-7,10,12.777989920918838
-7,10,5.0
-7,10,7.316501346599557
-8,10,5.0
-8,10,12.089745541308405
-8,10,19.237762805320667
-8,10,24.27404953455254
-8,10,5.0
-8,10,5.0
-8,10,5.0
-8,10,34.0958478899081
-8,10,29.243145109266976
-8,10,18.102804657093827
-8,10,7.9053596101779755
-8,10,11.576876758740422
-8,10,14.277939817640606
-8,10,16.505201851489073
-8,10,5.0
-8,10,5.0
-8,10,5.0
-8,10,50.3669342454464
-8,10,18.79485612752592
-8,10,24.852375875121226
-9,10,5.0
-9,10,27.8035353691726
-9,10,28.875282012496292
-9,10,23.71690137558712
-9,10,33.646872370808765
-9,10,21.408098156155994
-9,10,5.0
-9,10,20.84206812594107
-9,10,7.840949140274387
-9,10,9.189190641127785
-9,10,22.956427180268953
-9,10,17.212044053485098
-9,10,6.022569066475887
-9,10,5.0
-9,10,16.94132770632817
-9,10,5.0
-9,10,29.42902462609024
-9,10,30.868660857835433
-9,10,5.0
-9,10,43.979096815371705
-10,10,24.26441680111582
-10,10,5.0
-10,10,5.576007625053977
-10,10,5.0
-10,10,23.909803289022452
-10,10,22.809376058113116
-10,10,14.251768764322376
-10,10,18.236736010251683
-10,10,15.508679294024502
-10,10,26.384021760741653
-10,10,34.18316767121099
-10,10,5.0
-10,10,25.45507140480636
-10,10,25.73112085503746
-10,10,5.0
-10,10,16.62136093787815
-10,10,22.940665149959322
-10,10,26.687296524115723
-10,10,8.56709778735095
-10,10,19.894673877417063
-11,10,5.0
-11,10,5.0
-11,10,5.0
-11,10,12.457389150475874
-11,10,10.406489956247999
-11,10,5.0
-11,10,12.905718388717437
-11,10,17.984356773124727
-11,10,27.120929056453413
-11,10,22.09690477862351
-11,10,5.0
-11,10,11.341024485351031
-11,10,20.101717564072864
-11,10,11.683438391080342
-11,10,5.0
-11,10,42.68027935388065
-11,10,5.0
-11,10,9.579886042005596
-11,10,5.0
-11,10,6.447067528621327
-12,10,14.59264385118421
-12,10,15.962430111318964
-12,10,17.223225653529116
-12,10,27.175653284802937
-12,10,5.0
-12,10,6.827197890912891
-12,10,19.054104415013207
-12,10,5.0
-12,10,5.0
-12,10,45.342423766329404
-12,10,32.901567446543055
-12,10,20.863536309082292
-12,10,17.55901969470404
-12,10,6.582401005388615
-12,10,9.087524129029614
-12,10,29.09084500175637
-12,10,5.0
-12,10,5.0
-12,10,30.140798729868408
-12,10,5.0
-13,10,36.58501095727654
-13,10,12.730103368617321
-13,10,31.10252634558981
-13,10,13.793106588145845
-13,10,5.0
-13,10,28.864807407552185
-13,10,9.388748642437479
-13,10,17.77909571013395
-13,10,35.38309963702475
-13,10,5.0
-13,10,11.269699356030568
-13,10,10.405592063582155
-13,10,29.921965731178766
-13,10,9.886200168226026
-13,10,34.301742767258276
-13,10,5.0
-13,10,5.0
-13,10,17.598751904630372
-13,10,33.94357368841305
-13,10,18.859023288210892
-13,9,10.836351975277847
-13,9,29.632550331556345
-13,9,19.999333966094866
-13,9,41.90140649417174
-13,9,16.64400679497441
-13,9,11.948983362277943
-13,9,25.797747501794525
-13,9,11.08400237416519
-13,9,5.0
-13,9,11.720115120506431
-13,9,5.0
-13,9,12.68454921067358
-13,9,6.124493714089925
-13,9,9.658411644239079
-13,9,14.789020006861673
-13,9,23.692396095894225
-13,9,5.0
-13,9,5.0
-13,9,24.599396536152152
-13,9,5.911270581373291
-13,10,18.31438531942657
-13,10,14.691488374439984
-13,10,5.0
-13,10,5.0
-13,10,25.251656403290724
-13,10,5.0
-13,10,5.0
-13,10,6.233721533263232
-13,10,5.0
-13,10,39.79141552054412
-13,10,5.0
-13,10,28.009779411725532
-13,10,5.0
-13,10,5.0
-13,10,5.0
-13,10,15.67534255643399
-13,10,15.86318461984158
-13,10,5.0
-13,10,20.030193767266468
-13,10,5.0
-12,10,7.299196574113305
-12,10,5.0
-12,10,5.0
-12,10,8.009760769552681
-12,10,5.0
-12,10,7.787952459130683
-12,10,19.10287949888811
-12,10,14.50969147579972
-12,10,32.584540310553805
-12,10,27.043761916709947
-12,10,33.76506135801086
-12,10,13.250437776248543
-12,10,15.849474392202485
-12,10,5.0
-12,10,5.0
-12,10,17.691815648220153
-12,10,24.53034689158467
-12,10,14.889512456214336
-12,10,13.580910174239426
-12,10,8.247060786302088
-12,11,5.0
-12,11,8.530060143951
-12,11,5.0
-12,11,13.773752763780168
-12,11,5.0
-12,11,5.0
-12,11,5.0
-12,11,14.86994421830909
-12,11,8.802402464996907
-12,11,25.228196800300218
-12,11,5.0
-12,11,13.524466549388524
-12,11,19.139682339458226
-12,11,16.645537725088577
-12,11,5.0
-12,11,5.0
-12,11,16.286313827303562
-12,11,17.948219197844224
-12,11,28.212575619676596
-12,11,11.009778828050221
-13,11,35.99981922613121
-13,11,29.9298876641485
-13,11,8.66405669151069
-13,11,13.65929607758663
-13,11,14.906551908524072
-13,11,9.753978360104584
-13,11,9.117975198010951
-13,11,5.0
-13,11,6.180065318297822
-13,11,8.003819274191432
-13,11,11.229328538876363
-13,11,8.725230183151892
-13,11,18.914890927944754
-13,11,22.040716446790604
-13,11,13.325508111278676
-13,11,5.0
-13,11,5.0
-13,11,11.988759304158163
-13,11,14.619202463187875
-13,11,5.0
-13,10,15.95105680860891
-13,10,5.0
-13,10,12.808852404922883
-13,10,5.0
-13,10,19.96270442038002
-13,10,11.15562102542312
-13,10,16.265600660685404
-13,10,20.210148785328904
-13,10,12.580746312737897
-13,10,24.03564505821275
-13,10,15.438447793190239
-13,10,5.0
-13,10,11.058451395386355
-13,10,30.913036446108144
-13,10,5.0
-13,10,5.0
-13,10,5.0
-13,10,5.705699807093297
-13,10,9.69495529715682
-13,10,15.340924268428072
-13,11,9.93333025163045
-13,11,20.377538377875368
-13,11,5.0
-13,11,5.0
-13,11,8.679663803859748
-13,11,30.27122371831553
-13,11,13.941274866706648
-13,11,16.94701312221093
-13,11,9.124324704963364
-13,11,7.626749870317311
-13,11,5.0
-13,11,20.036344040995367
-13,11,16.3577262979513
-13,11,21.932650176205
-13,11,21.189740360704402
-13,11,5.0
-13,11,15.511070959664
-13,11,5.0
-13,11,22.901825427295968
-13,11,5.0
-14,11,5.0
-14,11,5.0
-14,11,21.67786752175001
-14,11,5.067501343718584
-14,11,5.0
-14,11,12.147685799547077
-14,11,11.791164780587982
-14,11,5.0
-14,11,5.0
-14,11,5.0
-14,11,12.813965988921627
-14,11,5.0
-14,11,21.24244877778829
-14,11,5.0
-14,11,5.0
-14,11,6.638521849736962
-14,11,5.0
-14,11,6.757563792692023
-14,11,19.918382801228425
-14,11,20.31582167254887
-15,11,5.0
-15,11,5.0
-15,11,11.990444286036771
-15,11,5.0
-15,11,11.235159442357439
-15,11,15.353742968177096
-15,11,5.0
-15,11,5.0
-15,11,29.421761496025695
-15,11,49.70907343352547
-15,11,18.4252388214405
-15,11,7.852061609482864
-15,11,8.894116766427608
-15,11,15.319108183138525
-15,11,10.515765993638794
-15,11,5.499422398459044
-15,11,27.410401040778133
-15,11,5.306372679995011
-15,11,5.0
-15,11,5.0
-15,12,5.0
-15,12,16.154351623794067
-15,12,14.928874475953698
-15,12,5.956222537412049
-15,12,5.0
-15,12,5.0
-15,12,5.0
-15,12,15.401694908464727
-15,12,17.393211849925567
-15,12,41.38685028170139
-15,12,5.0
-15,12,5.0
-15,12,5.0
-15,12,5.0
-15,12,5.0
-15,12,5.0
-15,12,9.929672391209284
-15,12,7.188588961469008
-15,12,5.0
-15,12,7.93506916459172
-16,12,5.0
-16,12,5.0
-16,12,5.0
-16,12,6.821638182204199
-16,12,5.0
-16,12,28.351997916871458
-16,12,13.524980447743522
-16,12,17.24054766130724
-16,12,10.082980731552414
-16,12,5.0
-16,12,5.0
-16,12,9.006706970105473
-16,12,24.29123565466929
-16,12,23.47251216291089
-16,12,13.942964519205985
-16,12,11.24102100215445
-16,12,5.0
-16,12,15.355572451771943
-16,12,11.666730005104576
-16,12,5.0
-16,11,7.518418518644671
-16,11,12.860468139748317
-16,11,5.0
-16,11,5.0
-16,11,24.84615757735199
-16,11,11.407022711986428
-16,11,5.0
-16,11,5.0
-16,11,6.741272793027438
-16,11,28.375950234328766
-16,11,5.0
-16,11,11.61916866623875
-16,11,5.0
-16,11,9.691607678550383
-16,11,5.0
-16,11,8.974572724781641
-16,11,5.0
-16,11,5.0
-16,11,5.0
-16,11,17.15606011487756
-15,11,6.908834167674998
-15,11,8.016912457131824
-15,11,17.614049358946772
-15,11,5.2300552215376666
-15,11,9.893350066477742
-15,11,8.592431285420595
-15,11,20.554139526583853
-15,11,12.838200358063183
-15,11,5.0
-15,11,15.171478348570139
-15,11,5.0
-15,11,5.0
-15,11,14.767258764972016
-15,11,5.0
-15,11,14.086458270756829
-15,11,5.0
-15,11,6.422370267786901
-15,11,5.0
-15,11,10.06204014649286
-15,11,16.043676628503512
-16,11,5.0
-16,11,5.0
-16,11,5.0
-16,11,7.13824289574194
-16,11,5.0
-16,11,5.0
-16,11,5.0
-16,11,5.0
-16,11,5.0
-16,11,6.559866105991179
-16,11,5.0
-16,11,5.0
-16,11,5.0
-16,11,5.0
-16,11,5.0
-16,11,5.0
-16,11,33.22526496149313
-16,11,8.396476029498047
-16,11,5.0
-16,11,5.0
-15,11,5.0
-15,11,9.623016671547873
-15,11,23.98117993320829
-15,11,5.0
-15,11,8.878654794367709
-15,11,5.0
-15,11,9.566451120447669
-15,11,26.306371473402315
-15,11,24.388765708772215
-15,11,22.045556919718393
-15,11,5.0
-15,11,5.0
-15,11,23.213530455586238
-15,11,10.189723334051685
-15,11,5.0
-15,11,16.98437120341344
-15,11,14.756327316575767
-15,11,16.426979219093333
-15,11,30.2279816663626
-15,11,5.0
-15,10,5.0
-15,10,5.0
-15,10,5.0
-15,10,15.85779544748571
-15,10,5.0
-15,10,5.0
-15,10,15.763376326088563
-15,10,18.656611484162006
-15,10,5.0
-15,10,5.0
-15,10,5.0
-15,10,18.173410954457264
-15,10,6.875095729333289
-15,10,5.0
-15,10,8.938573393379869
-15,10,6.041502808851897
-15,10,23.682022773988262
-15,10,5.0
-15,10,20.737432604205182
-15,10,13.315154654518583
-14,10,5.215892912982387
-14,10,5.0
-14,10,6.593950756742148
-14,10,42.53210086800582
-14,10,15.491923562882445
-14,10,5.0
-14,10,5.0
-14,10,8.013039851219666
-14,10,15.216394694680345
-14,10,40.18499440562675
-14,10,5.0
-14,10,10.991220285802308
-14,10,5.0
-14,10,5.0
-14,10,10.371126649953133
-14,10,9.740117542912703
-14,10,5.0
-14,10,18.52486411349291
-14,10,15.224287840822274
-14,10,15.835188328826725
-14,11,5.0
-14,11,8.406731443517385
-14,11,5.0
-14,11,5.0
-14,11,19.12722107166119
-14,11,5.0
-14,11,22.282418960422945
-14,11,13.663440389300192
-14,11,16.148939436248718
-14,11,41.962243699346615
-14,11,5.0
-14,11,5.0
-14,11,29.614266683195627
-14,11,5.0
-14,11,18.651886678944006
-14,11,7.808721913931852
-14,11,16.49431325018568
-14,11,25.85332148312171
-14,11,19.474000052009668
-14,11,5.0
-14,12,23.35709906503517
-14,12,5.0
-14,12,16.68885228297668
-14,12,26.22977462830578
-14,12,5.0
-14,12,7.363080413066171
-14,12,5.0
-14,12,6.900482135805382
-14,12,8.086811895908056
-14,12,32.27645852824953
-14,12,5.0
-14,12,5.0
-14,12,5.0
-14,12,27.229582121360302
-14,12,5.0
-14,12,5.0
-14,12,33.28865956428851
-14,12,5.0
-14,12,5.0
-14,12,11.151926016803843
-14,11,27.27436529418484
-14,11,16.321807338554798
-14,11,5.0
-14,11,5.0
-14,11,24.38152888516177
-14,11,5.0
-14,11,32.78929606335115
-14,11,21.185752824360904
-14,11,5.0
-14,11,8.818982201071458
-14,11,5.0
-14,11,5.0
-14,11,22.606252830817716
-14,11,5.0
-14,11,12.983111376726765
-14,11,5.0
-14,11,5.0
-14,11,5.0
-14,11,14.66335081743421
-14,11,28.62162721274771
-13,11,7.71299616296326
-13,11,5.0
-13,11,5.0
-13,11,14.374607460860313
-13,11,39.734456046271575
-13,11,5.0
-13,11,5.0
-13,11,12.973854492732134
-13,11,6.008485372613032
-13,11,7.835883213774414
-13,11,11.652691509775444
-13,11,29.308296840277944
-13,11,5.0
-13,11,5.474822663805715
-13,11,20.735269930431176
-13,11,9.37139499474837
-13,11,5.0
-13,11,12.373008872155616
-13,11,6.533536343677356
-13,11,18.714876880522663
-12,11,18.23094911194687
-12,11,6.355737464424481
-12,11,18.863017910165503
-12,11,5.0
-12,11,5.0
-12,11,5.285217559053688
-12,11,40.35525570326082
-12,11,5.0
-12,11,12.175450805397318
-12,11,5.0
-12,11,10.23778921887931
-12,11,23.497283474847915
-12,11,16.814216791272322
-12,11,20.06882242799555
-12,11,5.758077217826931
-12,11,5.0
-12,11,20.459604408984006
-12,11,5.0
-12,11,5.0
-12,11,6.2224717867953725
-12,10,26.539991761405247
-12,10,9.041575813541797
-12,10,5.0
-12,10,7.7660645302783635
-12,10,20.595592738302617
-12,10,5.0
-12,10,8.54081755003441
-12,10,5.0
-12,10,38.28255936378472
-12,10,5.0
-12,10,5.0
-12,10,28.982182502816176
-12,10,11.95395784470186
-12,10,10.20748109616297
-12,10,5.0
-12,10,6.239882569939379
-12,10,22.154018814625324
-12,10,16.35211446197499
-12,10,30.93649564761942
-12,10,13.865753676850384
-12,9,35.257836548250935
-12,9,21.71245002694711
-12,9,12.243532078338456
-12,9,29.492882055007506
-12,9,37.132864767581985
-12,9,5.0
-12,9,5.693154583715348
-12,9,14.749945853545933
-12,9,26.532458969513982
-12,9,5.479404514348188
-12,9,5.434741276177757
-12,9,26.211482187079497
-12,9,12.230888317787267
-12,9,5.0
-12,9,7.008495155604041
-12,9,20.73978455320126
-12,9,10.614082020969787
-12,9,5.0
-12,9,5.0
-12,9,5.0
-11,9,5.0
-11,9,5.0
-11,9,5.0
-11,9,26.887546424022688
-11,9,14.507168806210357
-11,9,15.390312589249413
-11,9,22.164077008586556
-11,9,40.71878298734336
-11,9,5.0
-11,9,22.738063707774025
-11,9,5.0
-11,9,13.705906554864594
-11,9,5.0
-11,9,16.266590838117068
-11,9,14.72513030186157
-11,9,38.05818082212077
-11,9,5.0
-11,9,6.876876607381535
-11,9,32.476390452325475
-11,9,26.93766426796326
-11,8,14.591109926500668
-11,8,11.176326623969212
-11,8,19.833070362688783
-11,8,5.0
-11,8,12.291186918684453
-11,8,5.0
-11,8,26.631237080221588
-11,8,28.15849013722845
-11,8,5.0
-11,8,27.16873957034168
-11,8,5.345894248330708
-11,8,27.770372898625403
-11,8,6.790241765364989
-11,8,7.33198770271578
-11,8,57.86511071375688
-11,8,20.084512725462947
-11,8,24.466723943156673
-11,8,37.65961690767821
-11,8,12.085080601445938
-11,8,5.0
-11,7,5.0
-11,7,27.254328231448405
-11,7,24.582923435425766
-11,7,30.134324501628942
-11,7,9.617636538698884
-11,7,51.18416834309873
-11,7,5.0
-11,7,34.25732276906504
-11,7,5.0
-11,7,8.556945202456202
-11,7,6.034730461269346
-11,7,5.4294105773343535
-11,7,18.014293698368128
-11,7,24.76973766677899
-11,7,29.238413816603163
-11,7,5.0
-11,7,5.0
-11,7,48.28971030014477
-11,7,10.686730325394409
-11,7,12.150286736751038
-11,8,28.66042983371847
-11,8,5.0
-11,8,10.906894609267
-11,8,25.715900197642757
-11,8,20.439071963629697
-11,8,23.755909753344554
-11,8,8.702743415899374
-11,8,20.40210682150427
-11,8,5.0
-11,8,14.684756591829075
-11,8,9.905044838638672
-11,8,10.221318977026115
-11,8,17.067423726414233
-11,8,5.0
-11,8,7.272297607735017
-11,8,10.028013341308036
-11,8,5.580831447734113
-11,8,16.078156840319544
-11,8,5.0
-11,8,16.533790155699773
-11,7,13.15277348876456
-11,7,27.695458399325208
-11,7,9.289902196880016
-11,7,12.596782563285082
-11,7,24.926399148638165
-11,7,24.548761804721895
-11,7,43.57885194643552
-11,7,5.0
-11,7,8.22256411238727
-11,7,20.944791206700152
-11,7,24.3336085965245
-11,7,21.457722226044996
-11,7,5.0
-11,7,26.971616054603402
-11,7,27.19826551952891
-11,7,5.0
-11,7,31.613389547224468
-11,7,14.832329341742767
-11,7,5.0
-11,7,5.0
-12,7,14.918679019080939
-12,7,17.507279827166553
-12,7,26.615074613513645
-12,7,18.444566973160924
-12,7,22.945837379688925
-12,7,12.69904956252435
-12,7,22.779305963701056
-12,7,31.30945097097858
-12,7,17.710089678165332
-12,7,10.434689036714076
-12,7,26.49336243189409
-12,7,5.0
-12,7,5.34404226748583
-12,7,16.464288492021282
-12,7,12.661061316463682
-12,7,32.44101803255015
-12,7,19.58807886032339
-12,7,21.430007216819426
-12,7,25.341280058941692
-12,7,6.871492296573383
-12,8,5.0
-12,8,18.707074509986896
-12,8,23.746867001100604
-12,8,22.139959439508623
-12,8,5.0
-12,8,25.158073442692675
-12,8,13.851451607109258
-12,8,34.57130806334672
-12,8,15.859224956963349
-12,8,23.656958849983653
-12,8,17.554062205464326
-12,8,5.0
-12,8,18.508428169855122
-12,8,8.508286930747028
-12,8,18.098753418153215
-12,8,34.77280722963475
-12,8,8.525076075462252
-12,8,6.816831839514338
-12,8,10.62190047854554
-12,8,20.081684980419
-13,8,14.217464666112877
-13,8,5.0
-13,8,22.876942691506954
-13,8,5.0
-13,8,8.252470487897371
-13,8,5.0
-13,8,5.0
-13,8,5.0
-13,8,5.0
-13,8,5.0
-13,8,7.173370022307265
-13,8,5.0
-13,8,7.405458479372354
-13,8,21.795784044913447
-13,8,14.96644833935213
-13,8,19.305708904317395
-13,8,5.0
-13,8,21.035597066173622
-13,8,6.4677338298135485
-13,8,27.79317171018142
-12,8,17.678837104147625
-12,8,30.472408424323074
-12,8,21.009097921135847
-12,8,28.576409931221068
-12,8,12.216936722309237
-12,8,5.0
-12,8,7.638458213869474
-12,8,32.132749893053
-12,8,6.096628687078836
-12,8,17.618855815590855
-12,8,5.0
-12,8,11.992018445127242
-12,8,21.71173929142668
-12,8,37.13510188590505
-12,8,13.767803320682608
-12,8,5.0
-12,8,7.2917302807106035
-12,8,50.925258871624436
-12,8,50.50971096717885
-12,8,5.0
-12,9,12.988186140636424
-12,9,5.0
-12,9,12.454500513825664
-12,9,5.0
-12,9,22.507719420282854
-12,9,5.0
-12,9,12.000575875328163
-12,9,12.421729374845835
-12,9,14.018247410699795
-12,9,5.644868463157298
-12,9,5.0
-12,9,5.0
-12,9,9.261247269691582
-12,9,7.471250411163285
-12,9,15.20886403598754
-12,9,16.59366662627887
-12,9,16.735724267855588
-12,9,5.0
-12,9,5.0
-12,9,5.0
-11,9,24.549820861561454
-11,9,24.395353685727414
-11,9,25.381107680668087
-11,9,5.0
-11,9,17.307932493821085
-11,9,5.0
-11,9,14.157727060595217
-11,9,19.26454915789941
-11,9,14.645691134532411
-11,9,21.62006856742058
-11,9,5.0
-11,9,5.0
-11,9,11.258685522515199
-11,9,16.091629575036563
-11,9,12.359742045651135
-11,9,7.385456156540071
-11,9,31.60356886810811
-11,9,48.216366173335864
-11,9,5.0
-11,9,5.478034318387954
-11,8,11.06776315634935
-11,8,40.95051142456801
-11,8,20.677934832733634
-11,8,11.835564062633106
-11,8,5.0
-11,8,5.0
-11,8,12.431091080923679
-11,8,20.813256897411183
-11,8,14.38745548867032
-11,8,42.50476960774242
-11,8,14.200993476152993
-11,8,12.327223838902858
-11,8,5.0
-11,8,22.963746091142227
-11,8,36.036186400446695
-11,8,26.067933383872248
-11,8,7.67368232280844
-11,8,5.0
-11,8,21.10076516960518
-11,8,8.78995436815
-10,8,11.52811767117028
-10,8,5.0
-10,8,10.96509066317004
-10,8,8.693214393034907
-10,8,5.856931186087355
-10,8,10.913858956234087
-10,8,7.280060607516953
-10,8,16.303600997808665
-10,8,17.694577844430412
-10,8,9.752081562662044
-10,8,24.76104962680667
-10,8,41.39110817995872
-10,8,16.23075597086534
-10,8,33.07283712582638
-10,8,20.383311938200478
-10,8,5.0
-10,8,30.306986472225713
-10,8,5.0
-10,8,5.0
-10,8,23.141841128344222
-10,7,13.029870195043618
-10,7,39.66313077322377
-10,7,21.284698733152435
-10,7,27.169705272480147
-10,7,24.40820426044473
-10,7,12.454360025243918
-10,7,5.0
-10,7,17.210839138497295
-10,7,43.50453902692579
-10,7,27.602680297909238
-10,7,27.019904542561015
-10,7,21.797048335904773
-10,7,25.25692460522024
-10,7,23.822808364277837
-10,7,37.03040811791661
-10,7,5.0
-10,7,11.399052373972655
-10,7,14.813009985579146
-10,7,7.597165262602454
-10,7,5.686075400232401
-9,7,10.847313201368957
-9,7,19.945845594998612
-9,7,25.900761964015913
-9,7,24.227623329689184
-9,7,21.20227745271277
-9,7,29.431146215156467
-9,7,14.691090598919946
-9,7,5.0
-9,7,24.463198116438537
-9,7,14.378626097386505
-9,7,10.693671391350637
-9,7,20.50205651472955
-9,7,39.06970375134408
-9,7,5.0
-9,7,13.263132216732622
-9,7,6.0158172321783
-9,7,20.245941988175055
-9,7,9.93128410570345
-9,7,28.24767956954635
-9,7,16.8292476537279
-9,8,29.158980892525143
-9,8,5.0
-9,8,9.51388295607623
-9,8,5.0
-9,8,12.264741683603091
-9,8,25.880288230786256
-9,8,26.131069651263992
-9,8,34.74413798803944
-9,8,32.8647680581299
-9,8,34.86589258154283
-9,8,27.904244475754165
-9,8,15.827898553014528
-9,8,32.14216558263274
-9,8,5.0
-9,8,5.0
-9,8,5.0
-9,8,8.641828813368788
-9,8,30.919118950202662
-9,8,5.0
-9,8,36.10280419556028
-10,8,16.821830845151087
-10,8,22.51422862698893
-10,8,19.58148648769473
-10,8,7.632696045678855
-10,8,5.0
-10,8,5.0
-10,8,18.604635487867554
-10,8,15.145459315829369
-10,8,5.0
-10,8,22.88085943015898
-10,8,21.099197280696238
-10,8,16.304718113171496
-10,8,8.886059142879706
-10,8,9.01315037747598
-10,8,23.11776732950638
-10,8,7.062164904869938
-10,8,38.2517744490947
-10,8,8.901810242328185
-10,8,11.499683448678233
-10,8,31.872247119680846
-10,7,5.0
-10,7,17.90681572584549
-10,7,10.216544757856543
-10,7,20.596329426748987
-10,7,11.241364758190349
-10,7,5.0
-10,7,6.372545337702864
-10,7,9.377281541971005
-10,7,5.737899932797335
-10,7,23.707857517592675
-10,7,19.31363498898314
-10,7,26.109050747266057
-10,7,10.171609520931288
-10,7,13.860953119317251
-10,7,21.82690695288552
-10,7,33.656509684254246
-10,7,43.89414036763866
-10,7,19.432634548198774
-10,7,24.28548334980268
-10,7,9.787674513515704
-9,7,14.352671508850879
-9,7,9.62866696099668
-9,7,5.0
-9,7,9.641225698599321
-9,7,5.0
-9,7,51.69258953682841
-9,7,32.57650278768626
-9,7,9.448790386852588
-9,7,26.954256773173583
-9,7,5.0
-9,7,28.767667970840265
-9,7,5.0
-9,7,38.81065613903394
-9,7,19.57582960328253
-9,7,5.0
-9,7,52.815217024362866
-9,7,13.097787890988656
-9,7,32.38763262519561
-9,7,21.791430680369757
-9,7,23.771778003286958
-10,7,5.0
-10,7,14.464526244807743
-10,7,6.477712058245551
-10,7,19.409438557879355
-10,7,6.6782776847124445
-10,7,11.596102170276874
-10,7,27.262444268777493
-10,7,31.343359499900252
-10,7,20.955662989312604
-10,7,13.684778016718722
-10,7,17.944964259427664
-10,7,24.72111958099169
-10,7,12.628487367249635
-10,7,11.163574584503536
-10,7,5.0
-10,7,30.643768300427197
-10,7,20.287179367426308
-10,7,17.88499395518451
-10,7,14.281109429922301
-10,7,27.044447103417994
-10,6,12.128164286330122
-10,6,10.737457633253445
-10,6,10.29640271539905
-10,6,14.478282619544938
-10,6,29.17458271308606
-10,6,8.770319681459192
-10,6,5.0
-10,6,25.388120271375946
-10,6,30.12215541727936
-10,6,5.0
-10,6,21.231295420621418
-10,6,17.93296372274264
-10,6,24.78171129557164
-10,6,15.691153505698965
-10,6,26.940510891671856
-10,6,35.80870867743784
-10,6,29.200685036075733
-10,6,10.37613046168952
-10,6,16.012770367921977
-10,6,5.0
-10,5,5.0
-10,5,28.88662354693518
-10,5,13.148371987241093
-10,5,5.0
-10,5,24.45510539520454
-10,5,20.191236844090227
-10,5,21.924460232608162
-10,5,11.14243129135054
-10,5,28.321877428080697
-10,5,8.071470134063821
-10,5,11.647309314457205
-10,5,14.802920973689437
-10,5,5.899700084834764
-10,5,35.346755414154856
-10,5,18.201921595922208
-10,5,28.921192796115513
-10,5,25.36449411702898
-10,5,25.41473388006553
-10,5,13.471228703739884
-10,5,5.0
-9,5,26.064972106980566
-9,5,5.0
-9,5,18.840570874804115
-9,5,5.538507901464779
-9,5,17.06024918072272
-9,5,13.20687748769154
-9,5,18.68730329907534
-9,5,27.871808279300673
-9,5,32.877696122000586
-9,5,21.976987104973592
-9,5,21.70011069609674
-9,5,10.85934961312714
-9,5,21.16337425153771
-9,5,20.21631638484308
-9,5,16.538349485395646
-9,5,5.0
-9,5,19.722472486386227
-9,5,8.432073316426369
-9,5,46.96227205041116
-9,5,28.639688533559283
-8,5,5.0
-8,5,16.238202601149062
-8,5,20.659022775969806
-8,5,25.508736806647242
-8,5,49.553985448625724
-8,5,18.652323571477844
-8,5,17.29920325817118
-8,5,20.322630792006315
-8,5,6.389224557546699
-8,5,5.0
-8,5,34.23991135692476
-8,5,16.894762992115506
-8,5,5.0
-8,5,18.376249157490395
-8,5,5.0
-8,5,26.413269652004665
-8,5,16.305648280699515
-8,5,5.0
-8,5,12.96209529519859
-8,5,40.03836365520037
-8,4,5.054990662430626
-8,4,25.57435496804299
-8,4,42.45908693006901
-8,4,15.03374182389955
-8,4,5.0
-8,4,38.3048337089469
-8,4,13.495019917283543
-8,4,45.59917149293063
-8,4,34.66653639688469
-8,4,14.640776403619148
-8,4,12.513771426819943
-8,4,19.75128722972743
-8,4,20.248588098731627
-8,4,23.082666726279456
-8,4,25.733235270385737
-8,4,17.776993698159792
-8,4,20.274097995532678
-8,4,39.03433857802717
-8,4,13.255895686279382
-8,4,22.98396455232017
-8,3,58.354685033134785
-8,3,10.85124011788791
-8,3,21.219178880196054
-8,3,5.0
-8,3,37.13308341174205
-8,3,20.610827996825762
-8,3,49.649560120159514
-8,3,35.999473223797004
-8,3,9.676813641889002
-8,3,45.74883138866342
-8,3,49.332481653203175
-8,3,43.73869637303457
-8,3,33.81835511573283
-8,3,18.529996226047704
-8,3,24.587984938453758
-8,3,29.227472695302488
-8,3,39.19456365297984
-8,3,14.546399061086195
-8,3,27.422813637155244
-8,3,10.663195683086563
-8,2,41.030256937173036
-8,2,20.7952421441595
-8,2,21.431982363296008
-8,2,37.57136691835041
-8,2,5.0
-8,2,59.91708572254777
-8,2,24.59744282335125
-8,2,20.0338281631132
-8,2,6.4433964555182826
-8,2,24.455611199382947
-8,2,28.14833194665551
-8,2,37.42725557729773
-8,2,9.73626945735942
-8,2,12.441667574451799
-8,2,5.0
-8,2,44.086887524169214
-8,2,18.091322449972992
-8,2,14.908568366332227
-8,2,33.92959613150564
-8,2,5.185938836472193
-8,1,18.8283275090577
-8,1,21.67861723503176
-8,1,27.4574421020654
-8,1,50.100003684023235
-8,1,5.0
-8,1,27.30267350009758
-8,1,12.58397738309296
-8,1,19.009626611132525
-8,1,28.92427125892045
-8,1,37.02250276875343
-8,1,44.71396162411747
-8,1,31.97437239986429
-8,1,25.6659709283411
-8,1,30.24543295985755
-8,1,33.7594378785774
-8,1,31.33251553769512
-8,1,25.276949290847377
-8,1,32.65476965408321
-8,1,15.202236302461294
-8,1,5.0
-7,1,42.698100399257044
-7,1,31.39084717378433
-7,1,26.119311451419854
-7,1,22.635505156341274
-7,1,16.89793390473004
-7,1,17.12806203480708
-7,1,39.15661876675339
-7,1,28.353144982807315
-7,1,62.719321339664326
-7,1,20.221746466021212
-7,1,25.22419015630756
-7,1,24.158717983325563
-7,1,20.276433303470096
-7,1,24.29438502173832
-7,1,24.629385972790395
-7,1,22.796921096449584
-7,1,5.0
-7,1,10.022483392175886
-7,1,14.473897851722043
-7,1,25.316700385311673
-7,0,30.958893548944282
-7,0,24.20769366776919
-7,0,5.0
-7,0,5.0
-7,0,41.638590302625964
-7,0,30.168384724258278
-7,0,24.91459766735056
-7,0,32.868024886082715
-7,0,10.385555342064308
-7,0,7.817319008181077
-7,0,19.84064817948295
-7,0,17.6070312387364
-7,0,33.92851465493039
-7,0,36.288119261847214
-7,0,32.7003168179579
-7,0,37.37589360018606
-7,0,24.371886425047197
-7,0,5.0
-7,0,25.63347892700687
-7,0,56.56528359278775
-7,-1,35.1675035788449
-7,-1,46.220442284051
-7,-1,26.5849704723085
-7,-1,31.549199589006488
-7,-1,17.23900733882023
-7,-1,34.16568731356355
-7,-1,54.04908443698326
-7,-1,17.70093813349057
-7,-1,5.0
-7,-1,35.53984867811788
-7,-1,57.30151835302902
-7,-1,22.979369139357786
-7,-1,38.28912869010753
-7,-1,5.0
-7,-1,5.0
-7,-1,17.265701492859662
-7,-1,12.10131948226602
-7,-1,30.88391078906991
-7,-1,5.0
-7,-1,15.2528528992964
-7,-2,28.56928449359448
-7,-2,26.329068453545247
-7,-2,9.054250717976373
-7,-2,5.0
-7,-2,51.22856548469321
-7,-2,10.071109641990747
-7,-2,5.353247005060588
-7,-2,5.0
-7,-2,17.317202029779203
-7,-2,22.31179605071033
-7,-2,32.735653442957236
-7,-2,22.3470939269343
-7,-2,34.32829402710278
-7,-2,15.547214869466522
-7,-2,23.458795104141494
-7,-2,33.44659030083594
-7,-2,16.837224749943488
-7,-2,18.52748585954615
-7,-2,8.423491242406921
-7,-2,27.72818974278961
-6,-2,31.50093779831611
-6,-2,24.084412259098848
-6,-2,17.175567870151934
-6,-2,12.33241571168783
-6,-2,44.20080732273136
-6,-2,23.137105067185658
-6,-2,12.894439841338048
-6,-2,8.164483210321109
-6,-2,50.748414546610675
-6,-2,34.812779225002735
-6,-2,54.74444042996096
-6,-2,14.485213570346692
-6,-2,70.63914972867684
-6,-2,38.740842445376266
-6,-2,12.959036872759816
-6,-2,15.106897134785939
-6,-2,15.123669535901858
-6,-2,13.754199013924385
-6,-2,5.0
-6,-2,31.97441772817099
-6,-3,20.134017925107095
-6,-3,19.576268396321417
-6,-3,22.66741086445866
-6,-3,18.73390969100579
-6,-3,9.816899728492762
-6,-3,34.07398502143696
-6,-3,32.885846411418925
-6,-3,16.915416784411505
-6,-3,23.028343004490157
-6,-3,18.900199086191037
-6,-3,29.373842314756104
-6,-3,31.180148069847768
-6,-3,11.25711581251681
-6,-3,41.989002574492375
-6,-3,33.85457095133954
-6,-3,15.193088786078754
-6,-3,35.773205733430366
-6,-3,5.898078912181825
-6,-3,39.74381056818997
-6,-3,25.142391886357323
-6,-4,46.43602216910988
-6,-4,15.165463085729973
-6,-4,5.0
-6,-4,28.677807445728128
-6,-4,19.719814967067865
-6,-4,52.998771952725605
-6,-4,24.84909893692368
-6,-4,45.751987367747915
-6,-4,15.764452727916852
-6,-4,9.239675439695276
-6,-4,27.55792001693084
-6,-4,35.425328559681105
-6,-4,45.19355683584472
-6,-4,52.44821104157696
-6,-4,34.5408431003132
-6,-4,23.382680378591356
-6,-4,5.0
-6,-4,5.576306029051263
-6,-4,16.194281858479105
-6,-4,43.761974150447756
-5,-4,24.551278347403304
-5,-4,21.43226379357951
-5,-4,41.36691725367899
-5,-4,6.4617777930123985
-5,-4,33.25429816764061
-5,-4,10.70486940303601
-5,-4,14.441616505916912
-5,-4,23.562184628986422
-5,-4,18.640789633565575
-5,-4,29.84127395239703
-5,-4,17.569849733968866
-5,-4,7.126684763002192
-5,-4,32.65667838003993
-5,-4,38.60607480721602
-5,-4,50.693324496914215
-5,-4,48.698593306643915
-5,-4,32.66508096746753
-5,-4,5.0
-5,-4,20.96995425015458
-5,-4,46.36533069978066
-4,-4,35.851722489472564
-4,-4,30.847452390497086
-4,-4,18.893118441399412
-4,-4,5.0
-4,-4,48.306293068438954
-4,-4,38.78647910132506
-4,-4,14.772401052751668
-4,-4,34.069201811941724
-4,-4,16.309368759197312
-4,-4,54.894301175940505
-4,-4,35.88275904448199
-4,-4,32.58411436299438
-4,-4,11.797435848530323
-4,-4,9.65889079989564
-4,-4,39.369349467960824
-4,-4,17.752703918341922
-4,-4,37.09786677896891
-4,-4,5.0
-4,-4,22.798029188745243
-4,-4,11.394038209371121
-3,-4,40.59775312040061
-3,-4,25.41888679388035
-3,-4,30.072232571510003
-3,-4,17.076889049905763
-3,-4,7.755727887107028
-3,-4,40.12882983941449
-3,-4,30.19528743502571
-3,-4,26.720194500437007
-3,-4,40.541353951837536
-3,-4,45.58538085380403
-3,-4,24.66678661452859
-3,-4,36.568594749378214
-3,-4,34.23988334767177
-3,-4,20.248319317717183
-3,-4,21.412032455160944
-3,-4,6.92407931805657
-3,-4,29.122226160037137
-3,-4,15.186182990056347
-3,-4,22.391441449518357
-3,-4,37.060221867708755
-3,-3,38.13839372105401
-3,-3,47.827511983982305
-3,-3,47.094619987122115
-3,-3,44.98493665727337
-3,-3,32.000906536158865
-3,-3,46.74358714768327
-3,-3,27.671543721185664
-3,-3,50.07379093882206
-3,-3,27.650445024046064
-3,-3,23.387205614409588
-3,-3,54.529790213632694
-3,-3,37.02720550490227
-3,-3,50.189433538948066
-3,-3,23.46585005043297
-3,-3,28.292320632807215
-3,-3,48.58766017340805
-3,-3,21.977706722718544
-3,-3,34.95811070203523
-3,-3,37.68697365210443
-3,-3,20.16314803806958
-3,-4,34.44326708524557
-3,-4,13.409349560395334
-3,-4,14.073106745903779
-3,-4,42.886530299628475
-3,-4,32.60763862165086
-3,-4,34.4735566707406
-3,-4,31.69695075862718
-3,-4,44.81755006569547
-3,-4,31.704986221019418
-3,-4,23.56461022792802
-3,-4,30.238391607739796
-3,-4,33.238781714127235
-3,-4,36.70842887933503
-3,-4,37.20126497732744
-3,-4,31.64568740309702
-3,-4,34.276124559756454
-3,-4,40.66337508522659
-3,-4,48.347568915662535
-3,-4,23.78623350311747
-3,-4,44.63594507173068
-3,-3,35.41880250635698
-3,-3,49.477719172619
-3,-3,26.067341445169884
-3,-3,28.181767763467928
-3,-3,34.824203748148975
-3,-3,9.97364684353828
-3,-3,25.068151760513057
-3,-3,10.609522298285745
-3,-3,10.48451624717918
-3,-3,27.440370596768446
-3,-3,40.844871337398274
-3,-3,30.60709629988412
-3,-3,29.960470574624765
-3,-3,24.246773458553907
-3,-3,27.45643322506394
-3,-3,9.902326628308565
-3,-3,26.307191378005612
-3,-3,72.21625499810224
-3,-3,44.54629076837061
-3,-3,45.40377599608577
-3,-4,27.42008576539681
-3,-4,19.47523816785371
-3,-4,25.051291754134436
-3,-4,21.517470947663845
-3,-4,5.516726448834778
-3,-4,13.59026054369842
-3,-4,5.0
-3,-4,65.41525603852297
-3,-4,27.30785915198308
-3,-4,35.75622738366043
-3,-4,14.66880496708234
-3,-4,29.517988606519857
-3,-4,19.128523225940683
-3,-4,24.547665242524833
-3,-4,41.76236972904661
-3,-4,41.70346204048331
-3,-4,27.98050495413124
-3,-4,20.32950908825736
-3,-4,34.370967254121126
-3,-4,52.684624186543616
-3,-5,44.550668942972436
-3,-5,44.591375895581834
-3,-5,18.810365531813712
-3,-5,12.575874268101494
-3,-5,25.635872155096486
-3,-5,28.333782846452035
-3,-5,16.8247097636674
-3,-5,51.38317590050086
-3,-5,16.16264854116556
-3,-5,12.574662563327498
-3,-5,30.003895346882977
-3,-5,28.872376986433714
-3,-5,29.745944425185087
-3,-5,5.136551414764462
-3,-5,19.285945531049045
-3,-5,11.450240121021551
-3,-5,39.462168032182696
-3,-5,9.140423214141633
-3,-5,5.0
-3,-5,36.62323878818176
-4,-5,47.104948047569664
-4,-5,29.4995892980403
-4,-5,23.073103819865604
-4,-5,41.856380181101315
-4,-5,30.5157267607132
-4,-5,30.924805999344002
-4,-5,17.371344739660046
-4,-5,40.30606800427608
-4,-5,15.137756749184557
-4,-5,49.799993618636165
-4,-5,20.83663381364479
-4,-5,22.143036548156225
-4,-5,6.048917302327521
-4,-5,23.3389175989349
-4,-5,5.0
-4,-5,32.84738342233518
-4,-5,27.974140106049507
-4,-5,19.649562967081266
-4,-5,21.949752344161908
-4,-5,23.773995724221198
-3,-5,24.946367678537353
-3,-5,26.990712720054553
-3,-5,6.855157800413458
-3,-5,36.64815024228385
-3,-5,18.377659967396973
-3,-5,39.936172230359205
-3,-5,21.558836029017225
-3,-5,19.067253869437366
-3,-5,24.17196596872084
-3,-5,39.392350244064396
-3,-5,40.646940855982976
-3,-5,43.391563137227074
-3,-5,21.955400756015496
-3,-5,34.19340754923488
-3,-5,32.18735751549497
-3,-5,7.594882085872371
-3,-5,56.015309452266976
-3,-5,38.72893292184598
-3,-5,32.63453820799543
-3,-5,66.89182111432541
-2,-5,46.037475300402434
-2,-5,26.159772364349323
-2,-5,26.090225630269718
-2,-5,34.305305255844566
-2,-5,36.72507980960094
-2,-5,35.34255020634395
-2,-5,23.40612439506247
-2,-5,54.36249980677848
-2,-5,36.998495638702465
-2,-5,13.319315487747364
-2,-5,42.721819354141296
-2,-5,14.051032530924342
-2,-5,32.58872851992665
-2,-5,36.615029451583645
-2,-5,50.50343867558679
-2,-5,30.885132983757018
-2,-5,30.136522296646273
-2,-5,41.19553721250587
-2,-5,8.975420956097754
-2,-5,5.0
-2,-6,43.77611381435969
-2,-6,25.934869838811053
-2,-6,11.349055343441094
-2,-6,26.734563242639023
-2,-6,18.50779735901429
-2,-6,55.35261087609984
-2,-6,30.772119990822755
-2,-6,24.35316858494464
-2,-6,19.54967966819826
-2,-6,19.103016276815673
-2,-6,39.72590232263808
-2,-6,5.0
-2,-6,17.036980832758324
-2,-6,32.86363846550599
-2,-6,18.652364400048143
-2,-6,47.67418899236465
-2,-6,22.53406863214337
-2,-6,32.580074506636954
-2,-6,29.55199426754064
-2,-6,25.08178667363653
-1,-6,5.0
-1,-6,38.359451104136106
-1,-6,22.136031376062984
-1,-6,20.160966121038236
-1,-6,10.00725596522905
-1,-6,15.721124282854024
-1,-6,31.02953952390116
-1,-6,15.054303436530823
-1,-6,46.844333933381805
-1,-6,33.895875298713946
-1,-6,47.531454309446374
-1,-6,37.76667492984218
-1,-6,18.561399955443246
-1,-6,9.033721648440125
-1,-6,29.196823962454225
-1,-6,10.735065240103506
-1,-6,19.62108070315557
-1,-6,10.866087491591525
-1,-6,37.59983909166163
-1,-6,28.963313675960425
-1,-7,14.031808845474535
-1,-7,10.855272898300997
-1,-7,30.95446589577595
-1,-7,44.582842913642054
-1,-7,23.338899345502682
-1,-7,48.951189938010884
-1,-7,28.03304673286863
-1,-7,16.78214862558204
-1,-7,9.188520036617568
-1,-7,5.0
-1,-7,34.63643177400171
-1,-7,35.52538269018054
-1,-7,21.878928804456294
-1,-7,16.83252032461263
-1,-7,46.29985886758133
-1,-7,5.0
-1,-7,48.11763827894555
-1,-7,13.64159192923501
-1,-7,50.04094559332097
-1,-7,18.405799922504833
0,-7,5.0
0,-7,9.080254666638439
0,-7,18.138457465471973
0,-7,27.16183917784541
0,-7,21.968917144741177
0,-7,19.552249989966864
0,-7,31.159353731075853
0,-7,15.73496212867846
0,-7,28.59772096248505
0,-7,9.565708043025275
0,-7,44.25294158547487
0,-7,32.85018522608699
0,-7,24.21223014177219
0,-7,28.300722898647784
0,-7,41.331298264172844
0,-7,15.298415438605538
0,-7,26.976253248820512
0,-7,22.28707823603388
0,-7,36.61298165126041
0,-7,27.138415220090742
0,-8,25.38973307059141
0,-8,5.3264758549577245
0,-8,24.443374136288355
0,-8,12.894976540319114
0,-8,38.15358000697914
0,-8,21.887637671582333
0,-8,19.184494201852843
0,-8,12.736541702419402
0,-8,24.356012502672023
0,-8,53.102279459315454
0,-8,29.886648774289228
0,-8,32.044397813411535
0,-8,5.0
0,-8,31.444884642671383
0,-8,43.13896377549027
0,-8,71.0937290564517
0,-8,42.54183254145451
0,-8,32.21458070029695
0,-8,18.076756091422105
0,-8,6.267845832126103
-1,-8,27.326879451556575
-1,-8,19.491080906348014
-1,-8,27.291648971411213
-1,-8,11.665404865838337
-1,-8,5.0
-1,-8,61.87159334701863
-1,-8,39.597882038699744
-1,-8,5.611302142690125
-1,-8,19.67886670871682
-1,-8,14.28336382723165
-1,-8,5.0
-1,-8,16.026850959324534
-1,-8,23.153334435921536
-1,-8,31.8141639138544
-1,-8,18.74491451075235
-1,-8,42.203685887043285
-1,-8,16.721288454455582
-1,-8,34.08015596795997
-1,-8,20.93413920925632
-1,-8,24.41365678623497
-2,-8,20.230401437356846
-2,-8,24.29828056133108
-2,-8,38.07446059768835
-2,-8,26.74071073775258
-2,-8,6.808242721633686
-2,-8,21.71346662543042
-2,-8,29.99384084173547
-2,-8,29.480808850877082
-2,-8,5.0
-2,-8,25.179762669479402
-2,-8,31.543907281883246
-2,-8,52.57253392502922
-2,-8,29.254845986151793
-2,-8,41.18841823049057
-2,-8,5.0
-2,-8,29.67494185687159
-2,-8,5.0
-2,-8,26.919817960987608
-2,-8,10.194999975538769
-2,-8,11.670570421403376
-3,-8,12.510038798479812
-3,-8,50.71427983216813
-3,-8,23.923308780426247
-3,-8,26.822259882042715
-3,-8,9.601985111123648
-3,-8,32.71402877775529
-3,-8,22.115914492812408
-3,-8,16.26493077037112
-3,-8,43.58079718265856
-3,-8,16.506776350427117
-3,-8,13.673815201732092
-3,-8,5.0
-3,-8,31.480697825309505
-3,-8,51.44482823104387
-3,-8,26.242617735699522
-3,-8,24.782939987878333
-3,-8,15.15778988166264
-3,-8,28.721989118778524
-3,-8,30.986546880704726
-3,-8,12.867886496888953
-2,-8,47.4585879228724
-2,-8,15.705966070953906
-2,-8,35.30980260507043
-2,-8,27.981236360878885
-2,-8,32.06481173320523
-2,-8,26.06699696654931
-2,-8,42.307945181578205
-2,-8,21.422586171066616
-2,-8,26.636748891293802
-2,-8,43.238565362001665
-2,-8,32.76506602000346
-2,-8,46.18308568997583
-2,-8,44.85204374754876
-2,-8,44.54974873841553
-2,-8,29.791317831618034
-2,-8,12.391766932597676
-2,-8,28.206406896649753
-2,-8,45.99538477473692
-2,-8,20.330611527288827
-2,-8,15.156106702197317
-1,-8,47.48194070140312
-1,-8,15.2633719787572
-1,-8,31.632187636895882
-1,-8,31.780798289628127
-1,-8,22.649169940303924
-1,-8,29.235215099260504
-1,-8,24.837500888255395
-1,-8,23.190176935565145
-1,-8,21.01054008356795
-1,-8,5.0
-1,-8,10.704377039037421
-1,-8,11.578969444794748
-1,-8,19.68104946596336
-1,-8,51.38591777154807
-1,-8,5.0
-1,-8,18.38395383613874
-1,-8,29.061230710162192
-1,-8,32.65234641548522
-1,-8,40.824459273530344
-1,-8,9.5676367272665
-2,-8,59.37796473272465
-2,-8,28.92804711045261
-2,-8,29.85053271067065
-2,-8,22.53764337536897
-2,-8,26.841621760996844
-2,-8,5.0
-2,-8,17.30771432185881
-2,-8,30.979540234301133
-2,-8,29.27356872589791
-2,-8,27.88043450282194
-2,-8,49.41102310766553
-2,-8,30.345345891303666
-2,-8,42.25350901743564
-2,-8,27.63441059105991
-2,-8,7.068852808167643
-2,-8,40.621748727908496
-2,-8,24.373726604478104
-2,-8,25.5187277055111
-2,-8,13.075698017320446
-2,-8,21.544837617411545
-3,-8,46.12974089916403
-3,-8,5.0
-3,-8,15.246613895079976
-3,-8,13.160699484521658
-3,-8,18.249169746568263
-3,-8,51.430951400919966
-3,-8,22.91449518649733
-3,-8,36.11353350271509
-3,-8,12.369100829643333
-3,-8,37.48491417685152
-3,-8,39.23690202270704
-3,-8,37.296827984242825
-3,-8,36.20381456835294
-3,-8,13.650478954245969
-3,-8,20.17603280530329
-3,-8,14.88679705186891
-3,-8,34.628675147441704
-3,-8,42.56819064527694
-3,-8,21.50695770537484
-3,-8,26.59199173903172
-4,-8,33.146999058621375
-4,-8,8.001170086957977
-4,-8,32.08734787636444
-4,-8,26.78835289811109
-4,-8,13.296219056592786
-4,-8,18.464596683156415
-4,-8,40.033464638600606
-4,-8,22.32169454648514
-4,-8,32.306962176189295
-4,-8,12.303201778207896
-4,-8,21.266122693161577
-4,-8,33.349906554088264
-4,-8,51.73385416995083
-4,-8,5.0
-4,-8,5.0
-4,-8,9.139409007310112
-4,-8,9.988955203144071
-4,-8,14.500208318725766
-4,-8,26.81351977491119
-4,-8,27.855900126421496
-3,-8,9.853361989482776
-3,-8,33.55960876998759
-3,-8,31.046148632523895
-3,-8,20.869640982430624
-3,-8,12.551739441502352
-3,-8,19.785107918839376
-3,-8,18.956505340380033
-3,-8,20.249234798015763
-3,-8,17.315592462877945
-3,-8,23.05708319551776
-3,-8,28.41222822271377
-3,-8,23.03489772534813
-3,-8,36.88456018914601
-3,-8,15.476022565942253
-3,-8,8.808234746138135
-3,-8,28.98776291356706
-3,-8,52.73462903717193
-3,-8,32.60490493692161
-3,-8,30.07815488752923
-3,-8,33.50453190870066
-4,-8,5.0
-4,-8,5.0
-4,-8,23.314573337053563
-4,-8,17.557260270405344
-4,-8,19.863709101166364
-4,-8,28.870702734491495
-4,-8,12.172409028441988
-4,-8,37.46578369997256
-4,-8,29.418604015677403
-4,-8,24.918178128978433
-4,-8,6.829186657398836
-4,-8,50.67100726924618
-4,-8,31.598948879666928
-4,-8,31.43806990370863
-4,-8,42.47042442321185
-4,-8,13.411536840893787
-4,-8,22.2573843448173
-4,-8,18.122060169622003
-4,-8,32.029022011436425
-4,-8,14.837433553162402
-3,-8,29.873397987913915
-3,-8,20.058891064376656
-3,-8,32.21281285121444
-3,-8,44.32838890384439
-3,-8,14.38220846108052
-3,-8,24.9157353755977
-3,-8,28.701218059932156
-3,-8,33.605757740380234
-3,-8,35.29213764126092
-3,-8,10.575524954701132
-3,-8,41.15815679073138
-3,-8,24.97480888996391
-3,-8,16.931663600256172
-3,-8,5.0
-3,-8,12.302770779767233
-3,-8,33.09014456876246
-3,-8,23.899997987236425
-3,-8,55.47699353786907
-3,-8,23.265030386313477
-3,-8,21.005161433820007
-4,-8,12.723511323906601
-4,-8,25.054315559278635
-4,-8,17.64461938907321
-4,-8,27.702890101730276
-4,-8,37.426500253939736
-4,-8,30.495987517724284
-4,-8,35.717411982352985
-4,-8,20.379018186546915
-4,-8,5.0
-4,-8,17.08040788832401
-4,-8,28.43155611017853
-4,-8,22.621402750720527
-4,-8,25.068732506036007
-4,-8,15.538322234007182
-4,-8,15.332921403629676
-4,-8,47.7986540139578
-4,-8,38.9233962185239
-4,-8,17.583580224721807
-4,-8,21.14938909476879
-4,-8,42.0287977896687
-3,-8,12.450116811952476
-3,-8,46.80584321055851
-3,-8,27.675463138235518
-3,-8,21.245763155683633
-3,-8,10.889252758399556
-3,-8,11.465842322722608
-3,-8,11.66250058413781
-3,-8,35.77632769033158
-3,-8,5.0
-3,-8,24.82700137891714
-3,-8,22.629697356147123
-3,-8,52.80202070911422
-3,-8,13.306196018166489
-3,-8,38.08150488416741
-3,-8,39.71674607956253
-3,-8,31.677733967422814
-3,-8,31.82234314835911
-3,-8,26.131851893399443
-3,-8,5.525060313611981
-3,-8,5.0
-2,-8,26.966425977887884
-2,-8,64.20127457366402
-2,-8,5.0
-2,-8,11.96886422603611
-2,-8,8.357299696243292
-2,-8,24.09707265972338
-2,-8,40.16247847552698
-2,-8,11.89133743860414
-2,-8,48.87345210656375
-2,-8,13.87703142236383
-2,-8,38.90136639242221
-2,-8,13.719154799896558
-2,-8,33.21160839673045
-2,-8,40.74411830750953
-2,-8,29.18725583233982
-2,-8,43.47299492226048
-2,-8,26.337135578638687
-2,-8,15.795021495044267
-2,-8,21.588814405245685
-2,-8,5.0
-3,-8,27.91535152777376
-3,-8,44.7709545101127
-3,-8,39.735580269689834
-3,-8,15.006302797799526
-3,-8,16.09967215354991
-3,-8,30.47703472669903
-3,-8,29.616683988395636
-3,-8,10.161503908864132
-3,-8,17.549795680840194
-3,-8,27.30588785135602
-3,-8,20.574565435204157
-3,-8,47.8771726251522
-3,-8,13.035981847379947
-3,-8,20.334988876363305
-3,-8,22.80412631996166
-3,-8,30.489538423774864
-3,-8,24.20087395997097
-3,-8,12.356556354290658
-3,-8,5.0
-3,-8,34.66475896112789
-4,-8,14.30139717021933
-4,-8,41.31201458767008
-4,-8,21.612297368836046
-4,-8,5.0
-4,-8,24.497681558407013
-4,-8,15.026910649564787
-4,-8,19.577237507695255
-4,-8,7.372280541306354
-4,-8,33.41261442706909
-4,-8,33.22288404121407
-4,-8,20.7920704916953
-4,-8,30.739825709433624
-4,-8,18.75961607059689
-4,-8,36.32175360008442
-4,-8,5.0
-4,-8,27.15067618892983
-4,-8,15.714562339647989
-4,-8,22.448480313817438
-4,-8,21.422665187677055
-4,-8,25.556670396462295
-5,-8,14.281517694053916
-5,-8,22.047094110148635
-5,-8,23.3536354549745
-5,-8,23.24236172706093
-5,-8,19.06008829160573
-5,-8,34.24804864646228
-5,-8,40.497142065848834
-5,-8,28.27744520366386
-5,-8,31.53701214237741
-5,-8,26.31829545099642
-5,-8,22.76684743270076
-5,-8,17.992647558008134
-5,-8,39.90692738457655
-5,-8,47.65847911520447
-5,-8,21.052861378765122
-5,-8,22.764975254581852
-5,-8,17.559911182030596
-5,-8,33.895329590702985
-5,-8,14.2591662920778
-5,-8,5.0
-6,-8,6.543069883794939
-6,-8,5.0
-6,-8,18.78096441716676
-6,-8,39.6357636745858
-6,-8,20.56676815170225
-6,-8,7.153374076901315
-6,-8,37.10198691539473
-6,-8,36.83251500641603
-6,-8,34.222183586407596
-6,-8,43.537365272337
-6,-8,19.898266920995695
-6,-8,22.800475511593827
-6,-8,13.739997024352423
-6,-8,19.743563358203872
-6,-8,25.649347261960074
-6,-8,7.499500666620584
-6,-8,28.31009774074451
-6,-8,13.429839913177172
-6,-8,13.64300533350206
-6,-8,5.0
-5,-8,11.914122997169553
-5,-8,32.59286328472745
-5,-8,21.45433009195313
-5,-8,5.0
-5,-8,34.059634796502095
-5,-8,11.25614012021159
-5,-8,23.245919738851427
-5,-8,14.580112723543177
-5,-8,7.418129254726237
-5,-8,33.16820992707961
-5,-8,21.250606170447387
-5,-8,8.569793364753082
-5,-8,17.45129386148951
-5,-8,11.379868124254685
-5,-8,23.193910452082246
-5,-8,24.37887712635511
-5,-8,11.931660039570831
-5,-8,28.085187218035465
-5,-8,6.8197129352785115
-5,-8,33.414995297933196
-6,-8,26.109617569930556
-6,-8,5.0
-6,-8,32.14085930112792
-6,-8,16.91417314227784
-6,-8,27.11255945958773
-6,-8,24.838525977703437
-6,-8,17.907427292977545
-6,-8,30.023637263860124
-6,-8,11.440455654579733
-6,-8,6.17225023767887
-6,-8,35.387966020243994
-6,-8,10.316376185583957
-6,-8,34.351566716699466
-6,-8,28.289249518381805
-6,-8,16.183372156789346
-6,-8,23.512241911379615
-6,-8,24.187861641887608
-6,-8,11.285827483640709
-6,-8,6.985143346693766
-6,-8,6.2545379492533275
-5,-8,7.845430966699579
-5,-8,26.42635979541356
-5,-8,20.03382702683875
-5,-8,5.0
-5,-8,36.95522843014019
-5,-8,35.24767566517137
-5,-8,18.765539908333785
-5,-8,35.71436670281525
-5,-8,12.570780695543725
-5,-8,5.0
-5,-8,8.91545040364472
-5,-8,34.045388754066316
-5,-8,5.0
-5,-8,48.54911681726501
-5,-8,5.622964500578503
-5,-8,14.650341225662654
-5,-8,20.663384727992174
-5,-8,36.59115039337853
-5,-8,15.581038051333456
-5,-8,22.824965479531897
-6,-8,38.4074835640895
-6,-8,16.756083260834565
-6,-8,15.677821663962657
-6,-8,5.0
-6,-8,7.503022832450776
-6,-8,15.579495922660332
-6,-8,23.225158917657325
-6,-8,39.604974306839864
-6,-8,15.73930505013298
-6,-8,12.746579033640902
-6,-8,66.07177862243479
-6,-8,29.15706990647173
-6,-8,27.857070718441484
-6,-8,9.982677136530524
-6,-8,33.6335169379741
-6,-8,18.297773761874165
-6,-8,31.762277723862894
-6,-8,23.68503502535301
-6,-8,16.040544375297095
-6,-8,20.884397609456812
-7,-8,37.11690069815276
-7,-8,10.187499268427912
-7,-8,15.216160547412521
-7,-8,31.857105621773265
-7,-8,34.897790784676104
-7,-8,23.46775971496246
-7,-8,15.977831101888452
-7,-8,27.50480070150828
-7,-8,23.260950769388742
-7,-8,6.3966106354425705
-7,-8,18.57966205827097
-7,-8,17.571661124279895
-7,-8,27.40906918914741
-7,-8,7.655857723566559
-7,-8,21.780822725758384
-7,-8,12.48232300027691
-7,-8,10.969430813042804
-7,-8,32.64398442927572
-7,-8,16.503643280119377
-7,-8,18.727243755519385
-6,-8,13.161003472035782
-6,-8,22.815673721560263
-6,-8,44.166399724985894
-6,-8,16.712280710095488
-6,-8,14.269614456093043
-6,-8,28.10980062178878
-6,-8,5.0
-6,-8,22.90106049970296
-6,-8,25.865042157588352
-6,-8,37.65844519785076
-6,-8,18.01355061140848
-6,-8,24.996871322551108
-6,-8,5.0
-6,-8,24.727627212418174
-6,-8,26.916840143875653
-6,-8,20.960808697459303
-6,-8,42.77362058706815
-6,-8,7.5819526796924315
-6,-8,28.830070237378887
-6,-8,5.0
-5,-8,37.96972679357864
-5,-8,35.44196887071364
-5,-8,35.56395597200748
-5,-8,36.00967046523536
-5,-8,5.0
-5,-8,21.06373820727108
-5,-8,16.00660977822668
-5,-8,20.583584522598983
-5,-8,12.017549578985006
-5,-8,28.032018219505805
-5,-8,37.685266767714026
-5,-8,32.654036057819326
-5,-8,14.477582537776625
-5,-8,23.41557200175262
-5,-8,5.0
-5,-8,39.801663156977746
-5,-8,6.824054777266841
-5,-8,5.732260243605992
-5,-8,31.412516344915147
-5,-8,13.586551283190918
-6,-8,25.398769674989627
-6,-8,26.535641547669456
-6,-8,23.044190349646183
-6,-8,7.482687769070672
-6,-8,24.115382607826792
-6,-8,17.228968434668538
-6,-8,26.24796759584097
-6,-8,14.596208805801439
-6,-8,34.134499187144804
-6,-8,18.34757480090102
-6,-8,19.799566721117973
-6,-8,24.099734788131162
-6,-8,26.729959849150262
-6,-8,29.5888826619448
-6,-8,12.26147469336019
-6,-8,25.93184220465122
-6,-8,5.81532345240684
-6,-8,15.854477247622409
-6,-8,16.296591258567993
-6,-8,37.155599142000504
-7,-8,29.18279419948034
-7,-8,34.6782213484995
-7,-8,25.86924211982588
-7,-8,12.146578959277356
-7,-8,19.766658412434836
-7,-8,9.227525377871538
-7,-8,33.39337473994055
-7,-8,17.595882525136727
-7,-8,33.47320984087011
-7,-8,40.042011697329784
-7,-8,32.38202404107635
-7,-8,22.69425265845036
-7,-8,12.212860616632195
-7,-8,19.754419969187783
-7,-8,41.33280466702831
-7,-8,33.695062794247164
-7,-8,5.0
-7,-8,6.333861595204041
-7,-8,31.737710993188045
-7,-8,10.723122653013952
-8,-8,29.48846337822019
-8,-8,19.517889301634725
-8,-8,12.518361534002567
-8,-8,28.41027678193901
-8,-8,13.191411710354412
-8,-8,37.010340125400035
-8,-8,19.42928648345309
-8,-8,23.334616923339244
-8,-8,5.0
-8,-8,8.410418437289326
-8,-8,35.63565271622457
-8,-8,12.388867775851383
-8,-8,29.940445644652158
-8,-8,18.655053617011692
-8,-8,32.769046042574615
-8,-8,5.0
-8,-8,20.954738043758855
-8,-8,5.0
-8,-8,34.61555184520618
-8,-8,37.50037462443257
-9,-8,20.699611779648293
-9,-8,6.797409363614603
-9,-8,8.127731610774312
-9,-8,35.309566463915694
-9,-8,21.146107181729615
-9,-8,17.835910916336722
-9,-8,5.0
-9,-8,16.76081784951534
-9,-8,25.51040009963384
-9,-8,5.0
-9,-8,21.274259094529523
-9,-8,30.023658673650722
-9,-8,5.0
-9,-8,19.791200647836092
-9,-8,19.8885177275167
-9,-8,23.711162670426905
-9,-8,28.854472998977954
-9,-8,31.805513940227236
-9,-8,6.16773610793315
-9,-8,5.0
-10,-8,10.366155801705391
-10,-8,18.321743473176166
-10,-8,5.6270800749638585
-10,-8,23.372124902589267
-10,-8,10.175621398321583
-10,-8,26.276192874068876
-10,-8,23.31265821822901
-10,-8,21.201518409838844
-10,-8,27.035280118606927
-10,-8,10.056349632580947
-10,-8,37.58078491421032
-10,-8,5.0
-10,-8,50.42311662657073
-10,-8,13.523901087871593
-10,-8,11.134315654074348
-10,-8,15.440320859987342
-10,-8,24.627614098452256
-10,-8,26.372520885565876
-10,-8,14.534563487273633
-10,-8,13.000972392522906
-11,-8,5.0
-11,-8,38.421719038327865
-11,-8,37.580198563497106
-11,-8,5.0
-11,-8,11.167239205079225
-11,-8,30.167925787856895
-11,-8,29.18917105965982
-11,-8,5.0
-11,-8,5.0
-11,-8,19.943408955198567
-11,-8,7.2607883018647295
-11,-8,15.695449471526244
-11,-8,26.85003584290767
-11,-8,36.90878410033067
-11,-8,27.307508585007188
-11,-8,20.42085657711667
-11,-8,30.388486180113134
-11,-8,21.035033457468028
-11,-8,5.0
-11,-8,5.0
-12,-8,35.3613427458543
-12,-8,5.0
-12,-8,26.04991032216136
-12,-8,7.183908487167379
-12,-8,17.26138873169964
-12,-8,12.037388708230868
-12,-8,16.91177157244837
-12,-8,6.53602249574768
-12,-8,8.589788120680048
-12,-8,17.565133916144443
-12,-8,30.305983884760373
-12,-8,7.5388465198202566
-12,-8,5.543202323391298
-12,-8,5.0
-12,-8,5.0
-12,-8,15.328080161715377
-12,-8,5.0
-12,-8,5.0
-12,-8,6.417812488920694
-12,-8,11.097455192443565
-11,-8,22.556242170024877
-11,-8,11.28549186893037
-11,-8,30.372828638515724
-11,-8,17.528085705390737
-11,-8,17.45953689260255
-11,-8,7.484025316632616
-11,-8,5.0
-11,-8,5.0
-11,-8,17.705396145588555
-11,-8,5.328769192158951
-11,-8,11.73489848299653
-11,-8,5.0
-11,-8,9.285599836227593
-11,-8,5.0
-11,-8,10.645421383639398
-11,-8,19.564872333177192
-11,-8,22.426738667655872
-11,-8,14.473339822384547
-11,-8,5.0
-11,-8,10.939593359454639
-12,-8,5.0
-12,-8,5.0
-12,-8,5.0
-12,-8,11.19962957441075
-12,-8,52.24674033130938
-12,-8,5.0
-12,-8,16.690294173329296
-12,-8,30.42405530253863
-12,-8,14.629656875968818
-12,-8,13.77908697279278
-12,-8,31.11952662630828
-12,-8,5.0
-12,-8,15.743678595263493
-12,-8,5.0
-12,-8,16.220488730363652
-12,-8,5.0
-12,-8,5.0
-12,-8,5.0
-12,-8,11.530079596432529
-12,-8,17.59610510555495
-13,-8,5.0
-13,-8,14.493218501169622
-13,-8,5.36209156030887
-13,-8,5.0
-13,-8,6.538380041774908
-13,-8,15.941207552509972
-13,-8,30.684376586992638
-13,-8,17.37427009438265
-13,-8,5.8671874798616654
-13,-8,16.821274924432068
-13,-8,5.0
-13,-8,32.81934199021656
-13,-8,5.0
-13,-8,14.325209111932768
-13,-8,5.0
-13,-8,6.170604284797237
-13,-8,13.97631873799331
-13,-8,5.0
-13,-8,5.0
-13,-8,22.51018375573434
-14,-8,9.179800887996418
-14,-8,5.0
-14,-8,8.193035128982205
-14,-8,8.226260887971575
-14,-8,13.946840917082584
-14,-8,15.937502305439471
-14,-8,17.295725740962098
-14,-8,5.0
-14,-8,23.206364838628446
-14,-8,19.978354836958918
-14,-8,11.170202179585756
-14,-8,5.0
-14,-8,5.0
-14,-8,13.882815715520131
-14,-8,16.412462678339587
-14,-8,5.733611525129954
-14,-8,14.384199572853252
-14,-8,5.0
-14,-8,19.031230170101516
-14,-8,26.253225904508543
-15,-8,15.64487653213903
-15,-8,5.0
-15,-8,5.0
-15,-8,12.09489025988686
-15,-8,10.831654823899157
-15,-8,5.0
-15,-8,5.0
-15,-8,5.0
-15,-8,5.0
-15,-8,7.204750839521586
-15,-8,5.0
-15,-8,20.715905192121518
-15,-8,15.06139236038273
-15,-8,5.0
-15,-8,21.34633881639455
-15,-8,10.75165025374265
-15,-8,5.0
-15,-8,5.0
-15,-8,38.1501100841089
-15,-8,32.39500096200496
-16,-8,5.0
-16,-8,9.336337440495063
-16,-8,9.982012917342118
-16,-8,9.946323747883842
-16,-8,13.602479479290396
-16,-8,5.0
-16,-8,5.0
-16,-8,11.819162087548287
-16,-8,5.0
-16,-8,10.984975470539473
-16,-8,15.276059775343072
-16,-8,30.501298215379162
-16,-8,5.582208659717441
-16,-8,5.965614902991367
-16,-8,27.001744150962818
-16,-8,5.0
-16,-8,10.16932057131693
-16,-8,5.0
-16,-8,13.51236665788591
-16,-8,19.095018593298363
-17,-8,24.09680609122256
-17,-8,9.753248249109445
-17,-8,11.264346347919982
-17,-8,5.0
-17,-8,45.90419200652512
-17,-8,5.0
-17,-8,5.0
-17,-8,9.836148652976627
-17,-8,5.0
-17,-8,5.0
-17,-8,12.93386039412594
-17,-8,19.586947373851793
-17,-8,5.0
-17,-8,11.945169312053977
-17,-8,5.0
-17,-8,5.0
-17,-8,15.719684388618635
-17,-8,11.120514509018044
-17,-8,29.078813641035524
-17,-8,24.988170086871534
-16,-8,5.0
-16,-8,5.0
-16,-8,5.0
-16,-8,6.483277331303959
-16,-8,5.496229761707463
-16,-8,5.0
-16,-8,11.555913665943505
-16,-8,5.0
-16,-8,28.79105970578879
-16,-8,34.52634094371315
-16,-8,5.0
-16,-8,17.017795586041558
-16,-8,17.4223084800237
-16,-8,13.072162017299592
-16,-8,9.182832339462335
-16,-8,22.439207277144575
-16,-8,5.0
-16,-8,5.0
-16,-8,16.92629517727298
-16,-8,7.597300013668182
-15,-8,12.28454750431092
-15,-8,20.374986402632533
-15,-8,25.942192522963225
-15,-8,41.71019796499715
-15,-8,9.909928059971117
-15,-8,11.665929615779012
-15,-8,5.0
-15,-8,5.0
-15,-8,5.666777936282973
-15,-8,5.0
-15,-8,5.0
-15,-8,5.0
-15,-8,22.72047853683036
-15,-8,5.0
-15,-8,5.549623944533987
-15,-8,35.476443402513915
-15,-8,25.355348942717196
-15,-8,5.0
-15,-8,30.44023885058617
-15,-8,19.29073877718551
-15,-7,30.488499378319407
-15,-7,26.567588501789377
-15,-7,28.053534327968695
-15,-7,6.04924913600657
-15,-7,5.0
-15,-7,5.0
-15,-7,26.789033795192715
-15,-7,6.373847337080266
-15,-7,5.0
-15,-7,5.0
-15,-7,5.0
-15,-7,11.608083899549182
-15,-7,10.598336583171259
-15,-7,24.895704921816872
-15,-7,16.475573245870095
-15,-7,5.0
-15,-7,20.133776464513524
-15,-7,20.098222008831076
-15,-7,5.0
-15,-7,25.107772125403116
-14,-7,38.82484966177033
-14,-7,35.79528515331594
-14,-7,13.764991455349158
-14,-7,5.6562187638054535
-14,-7,9.789415525098132
-14,-7,5.0
-14,-7,16.863764455899503
-14,-7,14.856149310786037
-14,-7,5.0
-14,-7,5.0
-14,-7,47.847486691103455
-14,-7,5.0
-14,-7,5.0
-14,-7,18.288127096952625
-14,-7,59.44828343399398
-14,-7,12.246309852272342
-14,-7,10.915720204117882
-14,-7,20.758043681120476
-14,-7,14.382358995973073
-14,-7,28.024742027402887
-14,-8,32.98327580595057
-14,-8,5.0
-14,-8,7.901754877643416
-14,-8,5.0
-14,-8,28.515685325819334
-14,-8,7.885500766044789
-14,-8,13.420121209227766
-14,-8,48.615413668636684
-14,-8,13.007543216186919
-14,-8,7.631910161769341
-14,-8,20.896867938523002
-14,-8,16.048522297424448
-14,-8,5.0
-14,-8,5.0
-14,-8,8.078006320028113
-14,-8,29.66813385041231
-14,-8,5.0
-14,-8,5.0
-14,-8,16.607172621180087
-14,-8,5.643460024487882
-13,-8,7.61311663254129
-13,-8,5.0
-13,-8,31.615562150288174
-13,-8,5.0
-13,-8,5.0
-13,-8,33.17769549515954
-13,-8,17.0383575856448
-13,-8,28.88475130606151
-13,-8,12.922107417098509
-13,-8,18.89096557952562
-13,-8,11.24115151398574
-13,-8,12.705158652253358
-13,-8,5.0
-13,-8,21.569732651865223
-13,-8,27.603455472646694
-13,-8,5.0
-13,-8,12.343645234225075
-13,-8,23.92650083220431
-13,-8,5.0
-13,-8,5.0
-12,-8,5.0
-12,-8,29.673363163221552
-12,-8,14.217953286208411
-12,-8,5.48877347857743
-12,-8,5.0
-12,-8,5.0
-12,-8,5.0
-12,-8,21.65082173362438
-12,-8,10.058571336349159
-12,-8,19.670510144342533
-12,-8,5.0
-12,-8,23.64458469341723
-12,-8,24.207256150986915
-12,-8,16.311601632516126
-12,-8,12.30615246500649
-12,-8,21.19086410481251
-12,-8,11.834050270821884
-12,-8,9.845703857599357
-12,-8,21.549578048414734
-12,-8,5.0
-11,-8,5.0
-11,-8,24.141975497754967
-11,-8,9.547379249048234
-11,-8,22.19228516827532
-11,-8,13.862295717830271
-11,-8,5.928217837573715
-11,-8,26.04813836222941
-11,-8,5.0
-11,-8,12.54248027770831
-11,-8,9.804568131438215
-11,-8,29.483913825395668
-11,-8,10.94220103609977
-11,-8,9.50654549231805
-11,-8,27.920370917446228
-11,-8,5.0
-11,-8,13.286246501238761
-11,-8,39.51022605266305
-11,-8,9.832946712646237
-11,-8,16.17002203322567
-11,-8,18.910188396717544
-11,-7,21.56701883680696
-11,-7,21.942536719816264
-11,-7,29.22477133312704
-11,-7,14.27094829835873
-11,-7,13.689248218315532
-11,-7,5.0
-11,-7,31.32602595359493
-11,-7,9.91141153905897
-11,-7,32.49892832754618
-11,-7,12.490944559662791
-11,-7,50.70566834226085
-11,-7,5.0
-11,-7,34.24893838475273
-11,-7,5.0
-11,-7,25.657321692979977
-11,-7,35.85468347780442
-11,-7,6.080110938245069
-11,-7,17.098373731050863
-11,-7,40.18557549284148
-11,-7,24.667605225500058
-10,-7,37.06772422666883
-10,-7,5.0
-10,-7,23.919318715195637
-10,-7,31.143211989799347
-10,-7,7.174939541018793
-10,-7,34.78055062795168
-10,-7,5.0
-10,-7,6.1412798897786125
-10,-7,5.0
-10,-7,30.698970371776316
-10,-7,19.39648296864466
-10,-7,43.650609646529304
-10,-7,27.852553006024685
-10,-7,27.95051431944446
-10,-7,28.674174277209254
-10,-7,10.096583559264722
-10,-7,16.55113754881163
-10,-7,19.261035127401612
-10,-7,5.0
-10,-7,16.881479305722877
-9,-7,16.439333951587237
-9,-7,8.703040530102802
-9,-7,23.89712807791296
-9,-7,5.0
-9,-7,8.337068577811296
-9,-7,11.747656125980924
-9,-7,24.109419392875566
-9,-7,22.578585040311786
-9,-7,28.276320857538536
-9,-7,26.78596692568631
-9,-7,15.182938149320064
-9,-7,10.911662870129906
-9,-7,41.593679847505555
-9,-7,15.153050851141444
-9,-7,44.66365065422604
-9,-7,5.0
-9,-7,24.270261327928832
-9,-7,12.399867085257222
-9,-7,20.191609073171332
-9,-7,5.0
-10,-7,23.865987740539065
-10,-7,15.987528905957149
-10,-7,5.0
-10,-7,25.004272048491377
-10,-7,33.08985907018315
-10,-7,21.908616175441264
-10,-7,14.927572480062246
-10,-7,21.500053720182073
-10,-7,52.023410194464475
-10,-7,5.0
-10,-7,12.648456168876427
-10,-7,19.748863166377312
-10,-7,25.653777304313486
-10,-7,17.648876581326878
-10,-7,20.349100832696877
-10,-7,34.242343905859826
-10,-7,18.511396695631465
-10,-7,40.875379708113286
-10,-7,5.0
-10,-7,12.937139013271697
-9,-7,28.975254347769273
-9,-7,37.01116427495244
-9,-7,5.0
-9,-7,28.654169224489756
-9,-7,19.539965844887583
-9,-7,7.414556943307042
-9,-7,19.938888892249533
-9,-7,7.008565291036522
-9,-7,5.0
-9,-7,5.0
-9,-7,11.532213446166875
-9,-7,5.0
-9,-7,24.809197355310374
-9,-7,31.964726823567005
-9,-7,24.06068729120192
-9,-7,10.653784394393835
-9,-7,29.276786309466786
-9,-7,17.270637178242676
-9,-7,31.74779232858776
-9,-7,39.724602716385355
-9,-8,8.344322517977018
-9,-8,15.411569171709287
-9,-8,9.435785335455465
-9,-8,6.041203940664454
-9,-8,5.0
-9,-8,26.8793311890344
-9,-8,15.21602398722066
-9,-8,5.56371998086175
-9,-8,14.653456347965049
-9,-8,49.244151294337186
-9,-8,30.80719912996254
-9,-8,13.154608890639729
-9,-8,19.593020693440405
-9,-8,12.234499123728739
-9,-8,6.38558856014682
-9,-8,44.66516232969124
-9,-8,8.812301929375973
-9,-8,25.911324584909313
-9,-8,5.0
-9,-8,21.236924656016573
-9,-7,5.0
-9,-7,41.05810080077222
-9,-7,13.409294001417969
-9,-7,10.837439383161797
-9,-7,30.232421132638116
-9,-7,12.949853770836864
-9,-7,27.11770302966454
-9,-7,35.42023808842498
-9,-7,27.440332262176703
-9,-7,32.97388836535177
-9,-7,41.61446837553209
-9,-7,32.77737293699898
-9,-7,5.0
-9,-7,5.0
-9,-7,16.328114296344467
-9,-7,7.357248236185653
-9,-7,45.91212080168614
-9,-7,26.642925399955452
-9,-7,5.7042030845226
-9,-7,5.0
-8,-7,17.035409548739757
-8,-7,16.45176510937448
-8,-7,51.24347185563623
-8,-7,22.00141404319072
-8,-7,10.166850679704796
-8,-7,16.25255137762204
-8,-7,7.475747376791141
-8,-7,37.958977837349764
-8,-7,8.166910115046282
-8,-7,6.144870081245097
-8,-7,5.0
-8,-7,19.719434623043753
-8,-7,23.135660078128385
-8,-7,48.05662326453467
-8,-7,23.754864371567088
-8,-7,15.220831916509123
-8,-7,37.61559473847817
-8,-7,27.45356264384648
-8,-7,15.809107409838063
-8,-7,27.426111843895843
-7,-7,41.604161407433395
-7,-7,14.837652165053534
-7,-7,27.58413452694247
-7,-7,18.20645011893742
-7,-7,35.07711438077148
-7,-7,5.0
-7,-7,18.56399995594746
-7,-7,16.285074625958476
-7,-7,22.473723344317598
-7,-7,29.861024759917576
-7,-7,30.296231559664182
-7,-7,39.49765756189825
-7,-7,18.322266814010906
-7,-7,41.775180488549
-7,-7,30.47286111924052
-7,-7,28.412669448851016
-7,-7,60.101996558197946
-7,-7,11.876553296199102
-7,-7,5.0
-7,-7,13.238002083912173
-7,-8,30.893442234754502
-7,-8,10.999685663751297
-7,-8,38.13822819979204
-7,-8,32.56244206977969
-7,-8,26.618301854657936
-7,-8,28.90925901346342
-7,-8,25.364135341386742
-7,-8,28.00397914630588
-7,-8,33.941136721035015
-7,-8,15.931332055020594
-7,-8,37.30820492829993
-7,-8,5.0
-7,-8,5.0
-7,-8,13.605795069902543
-7,-8,5.0
-7,-8,21.482838773133594
-7,-8,16.25279096808227
-7,-8,18.183766732364283
-7,-8,37.23070508092609
-7,-8,21.949039610469008
-6,-8,16.113869731142366
-6,-8,53.40849547261678
-6,-8,5.0
-6,-8,27.147653648959054
-6,-8,18.590150278172622
-6,-8,36.908647922535636
-6,-8,35.0512545437082
-6,-8,20.475040356900674
-6,-8,29.91633452066702
-6,-8,21.37308473670614
-6,-8,7.002525919156739
-6,-8,22.799474958975807
-6,-8,18.266217238405808
-6,-8,28.89371438690476
-6,-8,20.24651788366453
-6,-8,16.059769777455294
-6,-8,26.689775854143697
-6,-8,18.670082688208982
-6,-8,17.876133636246234
-6,-8,21.000779481095808
-5,-8,18.62463137599187
-5,-8,23.973532588830178
-5,-8,34.26219767854967
-5,-8,29.39680262841678
-5,-8,6.661656089098557
-5,-8,45.824944889383644
-5,-8,16.32254727451317
-5,-8,41.572798548778636
-5,-8,19.268139093624676
-5,-8,33.286658470088064
-5,-8,20.40226224967288
-5,-8,8.888350730021713
-5,-8,34.67955738700162
-5,-8,15.85669345456381
-5,-8,42.35895280213715
-5,-8,26.930429793267614
-5,-8,24.109792540151318
-5,-8,19.447070495815222
-5,-8,24.674171583793356
-5,-8,34.14201768605838
-5,-9,16.361997953654342
-5,-9,22.125019836125738
-5,-9,20.798673663223504
-5,-9,5.0
-5,-9,24.584479171674687
-5,-9,15.86411409144755
-5,-9,32.915727498857514
-5,-9,25.020091142430406
-5,-9,15.110442923941514
-5,-9,20.505763103789274
-5,-9,31.18751452369377
-5,-9,13.535788667837885
-5,-9,26.631801835063
-5,-9,34.48634843599391
-5,-9,24.579203596339926
-5,-9,13.721074450986308
-5,-9,12.165534305896491
-5,-9,16.10458891132939
-5,-9,12.82036335209537
-5,-9,35.97492784874195
-6,-9,27.308451706346045
-6,-9,17.432918539145703
-6,-9,38.932512398951545
-6,-9,14.550542439371569
-6,-9,39.07096734732893
-6,-9,5.0
-6,-9,14.017255163316356
-6,-9,26.756321878334365
-6,-9,33.878061329145595
-6,-9,13.727604907580016
-6,-9,35.105122007787045
-6,-9,9.042543439418512
-6,-9,25.046112994412525
-6,-9,27.272506323016977
-6,-9,32.218082772951334
-6,-9,27.82941207790323
-6,-9,6.139446941447364
-6,-9,25.23535854457235
-6,-9,6.866398047964182
-6,-9,35.749718228228986
-5,-9,31.31163846815933
-5,-9,12.397109779608089
-5,-9,7.823001641994731
-5,-9,49.89176240169854
-5,-9,13.34230187269089
-5,-9,13.836616217853674
-5,-9,52.800824195424134
-5,-9,35.028558146652486
-5,-9,8.84855998506447
-5,-9,5.0
-5,-9,36.35433313654303
-5,-9,5.0
-5,-9,25.60571850044565
-5,-9,13.757282992691888
-5,-9,8.419515606572407
-5,-9,5.0
-5,-9,45.702576844409506
-5,-9,5.0
-5,-9,20.94972471288076
-5,-9,19.981680496887876
-4,-9,15.104995964744736
-4,-9,7.259667821240823
-4,-9,46.872283683932636
-4,-9,5.0
-4,-9,5.584792556856346
-4,-9,20.17184633041823
-4,-9,5.0
-4,-9,35.69884902700025
-4,-9,50.026352456319835
-4,-9,34.56040915204006
-4,-9,38.52879085482452
-4,-9,24.50999578489542
-4,-9,6.765789780070413
-4,-9,30.85614685864843
-4,-9,5.0
-4,-9,5.0
-4,-9,8.01500757339845
-4,-9,13.974103880701094
-4,-9,28.068876128937056
-4,-9,29.811637048643128
-5,-9,18.796463445977714
-5,-9,19.04191963040842
-5,-9,30.38521145690003
-5,-9,22.97319270411217
-5,-9,24.14662128239238
-5,-9,15.388461797990693
-5,-9,10.774718679155077
-5,-9,7.355723860439056
-5,-9,45.4534217377564
-5,-9,24.895515319495512
-5,-9,25.50015120496621
-5,-9,15.932396906168604
-5,-9,28.38321363432208
-5,-9,23.413441984245846
-5,-9,24.81564106503445
-5,-9,7.963508173183344
-5,-9,24.516195841264057
-5,-9,31.938324166157486
-5,-9,33.181832530126506
-5,-9,16.478395618344905
-4,-9,15.512083192789383
-4,-9,5.0
-4,-9,22.493591565072613
-4,-9,16.825067027176914
-4,-9,5.0
-4,-9,9.619475817940671
-4,-9,5.0
-4,-9,31.415655995320037
-4,-9,6.296267608481459
-4,-9,7.647735012736064
-4,-9,18.31936191700767
-4,-9,17.692859571668688
-4,-9,5.0
-4,-9,16.16235983914879
-4,-9,44.8953690992874
-4,-9,20.587706446716837
-4,-9,14.727344044645665
-4,-9,12.731601069696762
-4,-9,33.820584386000505
-4,-9,36.87378598667688
-3,-9,42.08631874731829
-3,-9,12.057255101418104
-3,-9,40.48447617887071
-3,-9,5.350890995369815
-3,-9,12.549706962203418
-3,-9,5.0
-3,-9,38.435750202147545
-3,-9,23.70884603322224
-3,-9,33.15606873947323
-3,-9,20.396837325941608
-3,-9,36.79897198663127
-3,-9,21.311608684629483
-3,-9,18.125300932311614
-3,-9,30.74110787599903
-3,-9,9.434716369152097
-3,-9,5.0
-3,-9,28.14432743097241
-3,-9,15.57829387660335
-3,-9,37.223224604292994
-3,-9,33.94248254464549
-3,-10,36.086645994433795
-3,-10,43.08797055567287
-3,-10,22.087505531846755
-3,-10,18.314182253224374
-3,-10,24.741229504124814
-3,-10,16.15783555195092
-3,-10,22.28877159372252
-3,-10,50.79180226325539
-3,-10,45.666868523982885
-3,-10,5.0
-3,-10,18.27337067990874
-3,-10,49.030048940645145
-3,-10,23.388599511566447
-3,-10,9.150351716621898
-3,-10,16.75287117938579
-3,-10,26.183873593257786
-3,-10,5.0
-3,-10,21.164614407528624
-3,-10,21.44286213576656
-3,-10,31.34540402960053
-3,-11,7.596455624242278
-3,-11,13.551185743948835
-3,-11,18.62955630803214
-3,-11,20.70144615852846
-3,-11,7.349343156831436
-3,-11,11.167431847274958
-3,-11,18.838829193283058
-3,-11,5.0
-3,-11,28.1316070802422
-3,-11,17.93063444666677
-3,-11,15.759089204780647
-3,-11,21.18092292857352
-3,-11,21.230881031282557
-3,-11,5.0
-3,-11,5.0
-3,-11,5.0
-3,-11,16.532295527628687
-3,-11,5.0
-3,-11,13.449432779350218
-3,-11,7.0290283009949235
-2,-11,29.673999020095007
-2,-11,34.61602930571589
-2,-11,31.96876772911166
-2,-11,25.898855644689547
-2,-11,12.125733512022991
-2,-11,29.065803565965673
-2,-11,20.723634821854247
-2,-11,7.995303863434353
-2,-11,9.352403981347841
-2,-11,23.854650537586682
-2,-11,27.06094283781342
-2,-11,5.0
-2,-11,24.52636336913027
-2,-11,46.72068702203228
-2,-11,26.38789192774228
-2,-11,5.0
-2,-11,26.868746343006524
-2,-11,27.654338508686507
-2,-11,12.323857864418276
-2,-11,52.55934448926129
-1,-11,7.265272793653121
-1,-11,8.04578754443692
-1,-11,25.932992012621398
-1,-11,29.058234710091533
-1,-11,26.186487126762767
-1,-11,5.552734964840008
-1,-11,24.283341536729925
-1,-11,16.626750860757422
-1,-11,17.500501812825394
-1,-11,19.787688055032717
-1,-11,24.645523719603503
-1,-11,22.61033001953507
-1,-11,5.0
-1,-11,30.92053956849372
-1,-11,19.774597979821486
-1,-11,30.60620616029422
-1,-11,7.95652294624419
-1,-11,34.10441783502702
-1,-11,45.48617685903628
-1,-11,36.42203068143748
0,-11,6.695621470907241
0,-11,34.71318679798282
0,-11,5.0
0,-11,9.148574747948619
0,-11,20.86368167846106
0,-11,9.881179595879825
0,-11,19.701037304327357
0,-11,26.25655380197292
0,-11,23.167525457436057
0,-11,31.473971065361074
0,-11,27.87930875286762
0,-11,29.75785748587905
0,-11,21.968317960299213
0,-11,25.267337019869714
0,-11,5.0
0,-11,12.645818366449813
0,-11,32.56231172819451
0,-11,18.68363776827449
0,-11,5.0
0,-11,17.71346168686452
1,-11,24.034036044313638
1,-11,20.421014713213154
1,-11,5.795277572672184
1,-11,22.468631610089293
1,-11,29.198246588502837
1,-11,25.0948486772822
1,-11,12.775285300342702
1,-11,16.155825001698556
1,-11,22.136581554322923
1,-11,19.5287170581694
1,-11,5.0
1,-11,19.27216342542689
1,-11,30.018057026850204
1,-11,22.995180914187948
1,-11,5.0
1,-11,23.26130104186322
1,-11,11.547894924065659
1,-11,42.57698309769154
1,-11,16.849198122310554
1,-11,36.67181083160192
0,-11,12.452744761045341
0,-11,38.1670937450521
0,-11,11.576177693223473
0,-11,42.01696005677836
0,-11,27.52367959888625
0,-11,28.49345073713006
0,-11,7.116835160402667
0,-11,41.04346950875227
0,-11,20.5902413155371
0,-11,22.02563750052632
0,-11,27.45472457561753
0,-11,5.0
0,-11,5.0
0,-11,36.36900636782691
0,-11,17.517954815260996
0,-11,19.171866807739953
0,-11,10.91064344227238
0,-11,24.868606611531316
0,-11,25.24186034847279
0,-11,16.668336164253635
1,-11,35.34665169115758
1,-11,16.871026961512484
1,-11,27.160811801971708
1,-11,5.0
1,-11,23.967859972547267
1,-11,21.220681096864883
1,-11,15.39015312136326
1,-11,38.191525392623504
1,-11,21.615905541686843
1,-11,34.195449858483215
1,-11,10.601411021378206
1,-11,21.516347904705203
1,-11,26.340507853704782
1,-11,6.562830214648097
1,-11,49.6721527773488
1,-11,18.236456107833998
1,-11,17.84545671327911
1,-11,10.968536297786711
1,-11,5.0
1,-11,19.42910890267064
1,-12,16.879229371250393
1,-12,25.697672291380087
1,-12,21.800839543237654
1,-12,22.349736420412306
1,-12,5.0
1,-12,21.366487723231206
1,-12,5.615287249097598
1,-12,26.33871769005161
1,-12,37.738007774095806
1,-12,32.6740188195801
1,-12,23.172972556589674
1,-12,5.0
1,-12,15.070220370057116
1,-12,12.757862740386601
1,-12,27.442900976550064
1,-12,5.0
1,-12,11.027593783097945
1,-12,27.902927573532324
1,-12,12.483975882085605
1,-12,9.056357748888127
0,-12,18.967321221458196
0,-12,27.048042410870547
0,-12,5.0
0,-12,5.0
0,-12,26.82886821504703
0,-12,11.932598636648938
0,-12,15.28119961279583
0,-12,9.512410919977713
0,-12,21.203260703379346
0,-12,25.158342442502857
0,-12,5.0
0,-12,31.950296396588364
0,-12,28.2126531816978
0,-12,24.176188666763323
0,-12,35.53358117067531
0,-12,25.430321147679113
0,-12,5.0
0,-12,23.359016718573542
0,-12,13.376833661502994
0,-12,12.087911603469031
-1,-12,24.010217146833202
-1,-12,5.26821531697051
-1,-12,37.34140934475161
-1,-12,5.0
-1,-12,19.752952919984097
-1,-12,30.129981647705883
-1,-12,11.522764747849799
-1,-12,22.165670195947694
-1,-12,34.85850425624602
-1,-12,27.2855365423457
-1,-12,7.873425141749265
-1,-12,10.415203329370804
-1,-12,26.294602967453024
-1,-12,9.861247955731129
-1,-12,25.581602091659438
-1,-12,26.439730012822807
-1,-12,7.794235475798336
-1,-12,25.523152703342458
-1,-12,26.732257385705914
-1,-12,5.0
0,-12,5.0
0,-12,5.0
0,-12,51.1301066762139
0,-12,31.671889384627953
0,-12,21.583157553529126
0,-12,25.94212788159163
0,-12,10.483073379740517
0,-12,46.80231420215161
0,-12,5.0
0,-12,20.007505631183058
0,-12,6.99313730013902
0,-12,14.627065847222335
0,-12,8.974669196791051
0,-12,32.17123841226106
0,-12,10.574626859422807
0,-12,15.897687553065456
0,-12,19.095367390736076
0,-12,45.32112130443991
0,-12,28.36277240454612
0,-12,5.0
0,-13,27.539546717296084
0,-13,19.950242636543706
0,-13,5.0
0,-13,32.8053381076309
0,-13,16.07963757803938
0,-13,17.95663334257741
0,-13,6.358751211036106
0,-13,20.459526623799576
0,-13,16.876756023409836
0,-13,16.156422248884923
0,-13,5.0
0,-13,12.827504356850293
0,-13,17.436913737171462
0,-13,7.882472361654745
0,-13,20.718026581345168
0,-13,24.112949674077477
0,-13,5.0
0,-13,17.205606501008727
0,-13,27.57510292033146
0,-13,26.85216334290575
1,-13,6.828869622178106
1,-13,12.143891723614374
1,-13,5.0
1,-13,15.995755511431964
1,-13,10.774291521041146
1,-13,5.0
1,-13,23.301444320666516
1,-13,29.341060654937976
1,-13,20.099102802274526
1,-13,5.0
1,-13,5.0416067435739755
1,-13,9.387972824208525
1,-13,12.387642965855866
1,-13,30.424823362450987
1,-13,50.09318918789533
1,-13,26.744095618507203
1,-13,39.27101610899728
1,-13,5.0
1,-13,21.2555029416627
1,-13,5.0
2,-13,5.0
2,-13,12.793841805832745
2,-13,11.309703116208716
2,-13,57.51614091203649
2,-13,8.735893911614928
2,-13,12.765605328867553
2,-13,5.796049087679187
2,-13,12.059814652057533
2,-13,9.848639220473393
2,-13,40.29062186883132
2,-13,32.63226321853816
2,-13,29.07582862695613
2,-13,17.67020882823011
2,-13,21.418439386000756
2,-13,5.0
2,-13,35.04458948004525
2,-13,15.943134904517697
2,-13,12.131289845342652
2,-13,22.93692889594162
2,-13,11.689600469696398
2,-14,9.502492468693124
2,-14,12.595978872120195
2,-14,14.56988683720433
2,-14,30.539676134077204
2,-14,31.23862949675771
2,-14,5.0
2,-14,23.33096581412277
2,-14,5.0
2,-14,5.0
2,-14,10.11919728089108
2,-14,21.043694454625662
2,-14,31.933844946178585
2,-14,10.33776018723589
2,-14,7.0399176163627315
2,-14,5.557002258560365
2,-14,6.379666928015744
2,-14,15.272639299096605
2,-14,17.881032126527472
2,-14,28.437582211182267
2,-14,7.053012213687717
3,-14,33.96014071163263
3,-14,5.0
3,-14,31.907956840848087
3,-14,10.749125475196296
3,-14,5.0
3,-14,7.515656437048394
3,-14,8.989914088719258
3,-14,20.372638462866746
3,-14,6.439135450361196
3,-14,28.72480170978489
3,-14,5.0
3,-14,29.53641698135464
3,-14,5.0
3,-14,23.277491760056332
3,-14,5.0
3,-14,19.779946913585064
3,-14,21.236498351356552
3,-14,12.50738906298161
3,-14,26.448597384702364
3,-14,20.30611561746933
4,-14,5.0
4,-14,6.954973152999029
4,-14,30.83435109466473
4,-14,52.03362936493134
4,-14,45.24046171456039
4,-14,17.345441249816638
4,-14,5.204039410646873
4,-14,22.167668248016533
4,-14,12.051748591196786
4,-14,16.88917302891842
4,-14,9.236933617154302
4,-14,9.655280678258979
4,-14,10.112852402290365
4,-14,12.612748136550104
4,-14,19.098749773619787
4,-14,29.371821870758875
4,-14,35.248607550910144
4,-14,38.65630135038089
4,-14,5.0
4,-14,6.352569313601501
5,-14,23.828980412484356
5,-14,5.0
5,-14,5.0
5,-14,5.720120223992925
5,-14,11.192176254584949
5,-14,24.814207253457436
5,-14,50.750818827567606
5,-14,10.498931092282515
5,-14,5.0
5,-14,8.757697169420664
5,-14,5.0
5,-14,33.21377082600867
5,-14,21.831192961511288
5,-14,7.45766422613942
5,-14,11.49684686188702
5,-14,5.494055830348632
5,-14,17.097413874415427
5,-14,8.619553885316076
5,-14,20.70693939540986
5,-14,20.856241867976355
6,-14,19.785277892612452
6,-14,10.449119007056257
6,-14,14.972359952810677
6,-14,32.55769004803783
6,-14,5.0
6,-14,5.0
6,-14,5.0
6,-14,27.91144790496528
6,-14,7.136355445692369
6,-14,5.0
6,-14,13.045575052457664
6,-14,23.17938435428083
6,-14,9.627051946603595
6,-14,13.48795465191439
6,-14,5.0
6,-14,13.65544243342056
6,-14,22.366771673153863
6,-14,7.625786780561858
6,-14,21.55712731960046
6,-14,25.546017297517913
6,-15,12.168462097407007
6,-15,5.0
6,-15,15.49471119049175
6,-15,24.79095849013313
6,-15,5.0
6,-15,16.251831801318993
6,-15,5.0
6,-15,7.027760535351174
6,-15,5.0
6,-15,19.099349458498036
6,-15,24.203475165993652
6,-15,5.0
6,-15,14.937174902350101
6,-15,5.0
6,-15,6.302652082751182
6,-15,10.94488836418591
6,-15,5.0
6,-15,13.282150120873958
6,-15,18.50512399272551
6,-15,25.653003675528844
7,-15,22.088561971866305
7,-15,5.0
7,-15,5.0
7,-15,6.356614247742259
7,-15,5.0
7,-15,16.81457869806027
7,-15,24.568259237013493
7,-15,14.111449937165842
7,-15,10.794081613135765
7,-15,5.0
7,-15,5.0
7,-15,5.0
7,-15,22.89967386369635
7,-15,27.816354668372785
7,-15,20.79112020973226
7,-15,35.23527097021555
7,-15,5.0
7,-15,5.0
7,-15,50.596826095886584
7,-15,23.15369139913177
7,-14,25.309761373996146
7,-14,14.15989101287084
7,-14,5.0
7,-14,7.720917948162651
7,-14,6.610937000361033
7,-14,5.0
7,-14,21.26311820683122
7,-14,5.0
7,-14,41.09247222475945
7,-14,17.560845324816473
7,-14,5.0
7,-14,21.551519020284154
7,-14,5.0
7,-14,25.993557072609185
7,-14,18.87880623210146
7,-14,39.82798449064198
7,-14,5.0
7,-14,6.662708968924613
7,-14,25.171767761345265
7,-14,13.70446088976427
6,-14,25.515338919718218
6,-14,5.0
6,-14,11.851508204675198
6,-14,31.223794395692817
6,-14,5.0
6,-14,20.58423651210544
6,-14,13.868106017630108
6,-14,18.26953080743444
6,-14,5.0
6,-14,11.512338440309819
6,-14,5.0
6,-14,29.16488965897605
6,-14,13.133128361296055
6,-14,12.963340078766182
6,-14,7.025627764944009
6,-14,5.0
6,-14,25.53232713336694
6,-14,24.46114342468338
6,-14,12.98931964936597
6,-14,18.77456010516856
7,-14,5.0
7,-14,20.101487041318215
7,-14,33.57503642079288
7,-14,5.1946736621737815
7,-14,12.207779675954855
7,-14,24.76383153955855
7,-14,26.35733859625202
7,-14,33.38710393079907
7,-14,32.644152353292455
7,-14,8.405625699592832
7,-14,39.279258648599615
7,-14,5.0
7,-14,24.82963870883895
7,-14,11.892662799245821
7,-14,5.0
7,-14,7.65185104205499
7,-14,9.611832606720224
7,-14,5.0
7,-14,10.887216794623262
7,-14,14.910304108561766
8,-14,10.173246854251957
8,-14,22.953550980422737
8,-14,16.494282941856216
8,-14,22.148104631938953
8,-14,9.849971154530152
8,-14,20.8678033471316
8,-14,24.44684300819472
8,-14,40.462229565983094
8,-14,5.0
8,-14,32.201341002566124
8,-14,6.4157572297146945
8,-14,20.503021469370907
8,-14,14.823608871285051
8,-14,5.0
8,-14,33.76873356620838
8,-14,18.377565879217705
8,-14,34.8613754222105
8,-14,21.11273792796476
8,-14,35.06343738714563
8,-14,5.0
9,-14,5.0
9,-14,17.077076030418134
9,-14,5.0
9,-14,24.589483968092644
9,-14,6.100942891455674
9,-14,5.0
9,-14,29.871171446514563
9,-14,35.05945115779527
9,-14,13.395205089661339
9,-14,9.69540468154929
9,-14,5.0
9,-14,5.0
9,-14,5.0
9,-14,23.521247793191886
9,-14,28.695296713266202
9,-14,10.997254603884073
9,-14,5.0
9,-14,5.0
9,-14,15.52680968758445
9,-14,5.0
10,-14,5.0
10,-14,10.835176967740626
10,-14,17.86371787533593
10,-14,6.931245634939832
10,-14,5.0
10,-14,29.387443584015358
10,-14,19.693777259749766
10,-14,5.0
10,-14,5.0
10,-14,5.0
10,-14,34.262209050653794
10,-14,21.56175221242828
10,-14,5.0
10,-14,5.0
10,-14,26.25040266656194
10,-14,6.7833732434552125
10,-14,6.3130481442236785
10,-14,15.83815459720629
10,-14,5.9171101618563995
10,-14,15.615287565578372
11,-14,15.676876217714728
11,-14,5.0
11,-14,5.0
11,-14,22.48982442530665
11,-14,7.873538965252902
11,-14,34.81114373554553
11,-14,8.682418347261118
11,-14,5.0
11,-14,11.921014453315543
11,-14,5.0
11,-14,5.0
11,-14,5.0
11,-14,34.4516689645703
11,-14,14.124779506440508
11,-14,35.33957644915462
11,-14,5.0
11,-14,7.905299073666182
11,-14,5.0
11,-14,5.0
11,-14,17.98751336611513
12,-14,34.07317273543619
12,-14,5.0
12,-14,17.049392962733982
12,-14,12.426192675191551
12,-14,21.671985275934702
12,-14,19.10022144993645
12,-14,53.32816102695079
12,-14,15.26671662070305
12,-14,5.0
12,-14,5.0
12,-14,11.190537522619612
12,-14,5.0
12,-14,5.213541494980522
12,-14,23.145929783507885
12,-14,26.34953594896855
12,-14,7.683849142981914
12,-14,7.375499098092288
12,-14,5.0
12,-14,5.0
12,-14,7.4242780214957875
13,-14,24.84303550432252
13,-14,5.0
13,-14,20.290581876133857
13,-14,5.0
13,-14,5.0
13,-14,5.0
13,-14,21.847140838738053
13,-14,5.0
13,-14,5.0
13,-14,5.0
13,-14,5.965700951657028
13,-14,19.398237204952938
13,-14,10.382642081134193
13,-14,5.0
13,-14,11.405339096720896
13,-14,15.767095041740731
13,-14,5.0
13,-14,11.079923257838075
13,-14,19.840179550308804
13,-14,5.0
14,-14,5.0
14,-14,20.684861295986913
14,-14,5.0
14,-14,5.0
14,-14,9.129239304410312
14,-14,5.0
14,-14,5.0
14,-14,5.0
14,-14,5.0
14,-14,5.0
14,-14,5.0
14,-14,5.0
14,-14,5.0
14,-14,12.594980867696288
14,-14,5.0
14,-14,25.06188408277057
14,-14,6.636598085053135
14,-14,20.751826095531236
14,-14,5.0
14,-14,22.183271229517523
14,-15,13.609135196870628
14,-15,5.0
14,-15,5.0
14,-15,5.0
14,-15,14.06723578632462
14,-15,5.0
14,-15,22.91574024103586
14,-15,5.0
14,-15,5.0
14,-15,13.168799452382277
14,-15,5.0
14,-15,5.0
14,-15,5.0
14,-15,5.0
14,-15,16.8800709512684
14,-15,13.607630476933808
14,-15,5.0
14,-15,7.492702067701879
14,-15,5.0
14,-15,13.668640243535082
15,-15,5.190745873704722
15,-15,5.0
15,-15,18.455140900582983
15,-15,27.56511124310241
15,-15,28.092794221525338
15,-15,7.461014185120933
15,-15,5.6895126317705405
15,-15,5.0
15,-15,5.0
15,-15,6.532758758934122
15,-15,10.509564825948715
15,-15,5.0
15,-15,21.155543556970223
15,-15,5.0
15,-15,5.0
15,-15,9.11956149095516
15,-15,5.0
15,-15,9.718565389359044
15,-15,27.362570814832385
15,-15,5.0
14,-15,9.070806697875687
14,-15,5.0
14,-15,5.0
14,-15,5.0
14,-15,7.974201951700605
14,-15,18.142195459058016
14,-15,5.0
14,-15,5.0
14,-15,15.175529704983653
14,-15,5.0
14,-15,5.0
14,-15,5.0
14,-15,12.90644561223496
14,-15,15.071843827342642
14,-15,5.0
14,-15,30.038633720713403
14,-15,5.0
14,-15,9.282512697322975
14,-15,5.0
14,-15,12.616126769962285
14,-16,5.0
14,-16,28.35942110726266
14,-16,16.670181891306346
14,-16,5.0
14,-16,18.208987492166777
14,-16,5.0
14,-16,14.11791399098189
14,-16,31.17538080248456
14,-16,14.274959265606
14,-16,5.0
14,-16,7.030043576361174
14,-16,13.479217322184324
14,-16,5.0
14,-16,5.0
14,-16,5.0
14,-16,16.670653529720713
14,-16,5.0
14,-16,5.0
14,-16,6.374332514846938
14,-16,5.0
14,-17,5.0
14,-17,5.0
14,-17,6.726815348279262
14,-17,5.0
14,-17,21.98009357463988
14,-17,5.0
14,-17,5.0
14,-17,11.719439407783065
14,-17,15.962953509899728
14,-17,5.0
14,-17,5.0
14,-17,5.0
14,-17,5.0
14,-17,8.23298369323945
14,-17,9.268187078266976
14,-17,10.31621707370872
14,-17,6.165286676467239
14,-17,5.0
14,-17,5.0
14,-17,23.03789275557359
14,-16,5.0
14,-16,5.0
14,-16,8.255470601062228
14,-16,6.622029594015248
14,-16,23.763902501212403
14,-16,5.0
14,-16,5.0
14,-16,5.0
14,-16,5.0
14,-16,6.459548135880221
14,-16,5.0
14,-16,5.0
14,-16,5.0
14,-16,5.0
14,-16,5.0
14,-16,15.939069223194634
14,-16,14.666556608495847
14,-16,6.929552115365782
14,-16,5.0
14,-16,5.0
15,-16,5.0
15,-16,20.722551129154873
15,-16,5.0
15,-16,5.0
15,-16,5.0
15,-16,5.917402038211961
15,-16,5.0
15,-16,5.0
15,-16,5.0
15,-16,11.753539427015193
15,-16,5.0
15,-16,5.0
15,-16,5.0
15,-16,5.0
15,-16,5.0
15,-16,11.377960022170306
15,-16,5.0
15,-16,5.0
15,-16,5.0
15,-16,6.4672697839896625
16,-16,8.214002110821133
16,-16,5.0
16,-16,5.0
16,-16,5.0
16,-16,9.66177409455506
16,-16,5.0
16,-16,6.3985538198431176
16,-16,5.0
16,-16,5.0
16,-16,5.0
16,-16,5.0
16,-16,5.0
16,-16,5.0
16,-16,5.0
16,-16,9.723507602808189
16,-16,6.150413708021896
16,-16,5.0
16,-16,6.659897061096662
16,-16,5.0
16,-16,5.0
16,-17,5.0
16,-17,5.0
16,-17,5.0
16,-17,21.01009175041084
16,-17,5.0
16,-17,5.0
16,-17,18.76935175984662
16,-17,5.0
16,-17,5.0
16,-17,28.432046397574332
16,-17,5.0
16,-17,13.409422979863127
16,-17,5.0
16,-17,6.6139528335147215
16,-17,5.0
16,-17,18.480369917883664
16,-17,7.898454405327848
16,-17,5.0
16,-17,5.0
16,-17,5.0
16,-18,5.0
16,-18,5.0
16,-18,5.0
16,-18,5.0
16,-18,5.0
16,-18,5.0
16,-18,5.0
16,-18,5.0
16,-18,5.0
16,-18,9.680258617700206
16,-18,28.229593048562062
16,-18,16.89151893245745
16,-18,26.612626655811862
16,-18,26.407713158910564
16,-18,5.0
16,-18,12.600320801789156
16,-18,5.0
16,-18,5.0
16,-18,5.0
16,-18,5.6956424357808135
16,-19,5.0
16,-19,17.899403291415442
16,-19,5.0
16,-19,5.0
16,-19,5.0
16,-19,5.0
16,-19,5.0
16,-19,5.0
16,-19,7.720258474467961
16,-19,5.0
16,-19,5.0
16,-19,9.780979207007462
16,-19,5.0
16,-19,5.0
16,-19,5.701047172032639
16,-19,5.0
16,-19,21.615954101169372
16,-19,6.4027234625520055
16,-19,5.0
16,-19,5.0
16,-20,5.0
16,-20,5.0
16,-20,8.922592342276662
16,-20,5.0
16,-20,10.169319336879704
16,-20,5.0
16,-20,5.0
16,-20,5.0
16,-20,5.0
16,-20,5.0
16,-20,5.0
16,-20,5.0
16,-20,5.0
16,-20,5.0
16,-20,5.0
16,-20,5.0
16,-20,5.0
16,-20,5.0
16,-20,5.0
16,-20,12.059889899042734
17,-20,5.0
17,-20,5.0
17,-20,12.27246192085697
17,-20,5.0
17,-20,5.0
17,-20,5.0
17,-20,10.046288350500422
17,-20,5.0
17,-20,6.724128218572913
17,-20,5.0
17,-20,9.573498669922383
17,-20,6.188595730484762
17,-20,5.0
17,-20,5.0
17,-20,11.583778486789566
17,-20,5.0
17,-20,5.0
17,-20,13.994125839712009
17,-20,5.0
17,-20,5.0
18,-20,5.0
18,-20,5.0
18,-20,5.98108691131546
18,-20,5.0
18,-20,5.0
18,-20,5.0
18,-20,5.0
18,-20,8.970391049051791
18,-20,5.0
18,-20,5.0
18,-20,5.0
18,-20,5.0
18,-20,5.0
18,-20,5.0
18,-20,5.879928695565571
18,-20,5.0
18,-20,27.7125233706298
18,-20,5.0
18,-20,5.0
18,-20,5.0
19,-20,5.0
19,-20,5.0
19,-20,5.0
19,-20,5.0
19,-20,5.0
19,-20,5.0
19,-20,11.453982685689502
19,-20,5.0
19,-20,5.0
19,-20,5.0
19,-20,5.0
19,-20,5.0
19,-20,5.0
19,-20,5.0
19,-20,5.0
19,-20,5.0
19,-20,18.61255718939351
19,-20,10.879429679808291
19,-20,5.0
19,-20,5.0
20,-20,5.979296374002235
20,-20,5.0
20,-20,5.0
20,-20,5.0
20,-20,5.0
20,-20,5.0
20,-20,5.0
20,-20,5.0
20,-20,5.0
20,-20,5.0
20,-20,5.0
20,-20,5.0
20,-20,5.0
20,-20,5.0
20,-20,5.0
20,-20,5.0
20,-20,5.0
20,-20,5.0
20,-20,5.0
20,-20,8.57362178271719
20,-19,5.0
20,-19,20.655515709021824
20,-19,20.362722613156027
20,-19,5.0
20,-19,5.0
20,-19,5.0
20,-19,18.755229521271364
20,-19,5.0
20,-19,5.0
20,-19,5.0
20,-19,7.995355586912456
20,-19,5.0
20,-19,5.0
20,-19,5.0
20,-19,5.0
20,-19,7.286357199504025
20,-19,5.0
20,-19,5.0
20,-19,5.0
20,-19,5.0
20,-18,5.0
20,-18,5.0
20,-18,5.0
20,-18,5.0
20,-18,5.0
20,-18,5.0
20,-18,5.0
20,-18,5.0
20,-18,5.0
20,-18,14.144221965718017
20,-18,14.228196916227937
20,-18,12.502952220285083
20,-18,5.0
20,-18,5.0
20,-18,5.0
20,-18,5.0
20,-18,23.60137579098616
20,-18,5.0
20,-18,13.216859442256723
20,-18,8.619608919633198
20,-17,5.0
20,-17,8.417732301221665
20,-17,33.34111499187027
20,-17,5.0
20,-17,5.0
20,-17,5.0
20,-17,5.0
20,-17,5.091219891647256
20,-17,5.0
20,-17,5.0
20,-17,5.0
20,-17,5.0
20,-17,6.819522561868682
20,-17,5.0
20,-17,5.0
20,-17,5.0
20,-17,5.0
20,-17,5.0
20,-17,33.51248803269887
20,-17,5.0
20,-16,5.0
20,-16,5.0
20,-16,5.0
20,-16,12.495021296655365
20,-16,5.0
20,-16,5.0
20,-16,5.0
20,-16,5.0
20,-16,5.0
20,-16,5.0
20,-16,5.0
20,-16,5.0
20,-16,10.714226329257217
20,-16,5.0
20,-16,22.170164175891323
20,-16,7.761884751509035
20,-16,5.0
20,-16,5.0
20,-16,5.0
20,-16,5.0
20,-17,5.0
20,-17,5.0
20,-17,8.209481480925811
20,-17,23.934786522406476
20,-17,5.0
20,-17,5.0
20,-17,5.0
20,-17,5.0
20,-17,5.0
20,-17,5.0
20,-17,5.0
20,-17,5.0
20,-17,5.0
20,-17,5.0
20,-17,5.0
20,-17,5.0
20,-17,5.0
20,-17,5.0
20,-17,5.0
20,-17,5.0
20,-18,19.873624783173597
20,-18,9.320372393827359
20,-18,5.0
20,-18,5.0
20,-18,5.0
20,-18,5.0
20,-18,5.0
20,-18,5.0
20,-18,5.0
20,-18,5.0
20,-18,5.0
20,-18,5.0
20,-18,5.0
20,-18,5.0
20,-18,5.0
20,-18,7.737366839681783
20,-18,5.0
20,-18,10.135376266779135
20,-18,5.0
20,-18,5.697948741993438
20,-17,5.0
20,-17,5.0
20,-17,5.0
20,-17,5.0
20,-17,5.0
20,-17,5.0
20,-17,5.0
20,-17,5.0
20,-17,5.0
20,-17,6.361916878498866
20,-17,5.0
20,-17,5.0
20,-17,5.0
20,-17,5.0
20,-17,9.873027456830336
20,-17,5.0
20,-17,5.0
20,-17,5.0
20,-17,5.0
20,-17,5.0
20,-16,5.0
20,-16,5.0
20,-16,5.0
20,-16,5.0
20,-16,5.0
20,-16,25.472768128463095
20,-16,5.0
20,-16,14.585631984583674
20,-16,5.0
20,-16,5.0
20,-16,5.0
20,-16,5.0
20,-16,5.0
20,-16,5.0
20,-16,5.0
20,-16,5.0
20,-16,5.0
20,-16,21.188078942916793
20,-16,5.0
20,-16,5.0
20,-15,12.999361570396916
20,-15,5.0
20,-15,5.0
20,-15,5.0
20,-15,5.0
20,-15,5.0
20,-15,5.0
20,-15,5.0
20,-15,5.0
20,-15,15.97603052517728
20,-15,5.0
20,-15,5.0
20,-15,6.2419605961910865
20,-15,18.174317068767373
20,-15,5.0
20,-15,5.0
20,-15,5.0
20,-15,5.0
20,-15,5.0
20,-15,5.0
20,-14,5.0
20,-14,5.0
20,-14,8.264473522343181
20,-14,5.0
20,-14,5.0
20,-14,5.0
20,-14,5.0
20,-14,5.0
20,-14,5.0
20,-14,5.0
20,-14,5.0
20,-14,5.0
20,-14,5.0
20,-14,19.430511099485727
20,-14,6.421438486188249
20,-14,5.0
20,-14,5.074894328785591
20,-14,5.0
20,-14,7.921158634248204
20,-14,15.100689560385915
20,-13,5.0
20,-13,7.599189142921689
20,-13,5.0
20,-13,5.0
20,-13,5.0
20,-13,5.0
20,-13,5.0
20,-13,9.120173810479963
20,-13,10.673393677101826
20,-13,5.0
20,-13,5.0
20,-13,5.0
20,-13,5.0
20,-13,5.0
20,-13,5.0
20,-13,5.0
20,-13,5.0
20,-13,5.0
20,-13,8.424889165734005
20,-13,5.0
20,-12,5.0
20,-12,11.923635467610417
20,-12,5.0
20,-12,10.068987049305877
20,-12,5.0
20,-12,5.0
20,-12,20.13788571062246
20,-12,5.0
20,-12,5.0
20,-12,19.99342073730988
20,-12,5.0
20,-12,5.0
20,-12,5.0
20,-12,5.0
20,-12,7.011950923527495
20,-12,19.482778297501646
20,-12,5.0
20,-12,5.0
20,-12,6.980470090398197
20,-12,5.0
20,-11,8.260776737313963
20,-11,5.0
20,-11,5.0
20,-11,5.0
20,-11,5.1426420720190436
20,-11,5.0
20,-11,12.99510864510664
20,-11,5.0
20,-11,5.0
20,-11,5.0
20,-11,5.0
20,-11,23.440776361397152
20,-11,5.735557136611439
20,-11,5.0
20,-11,5.0
20,-11,5.0
20,-11,8.027675812857517
20,-11,5.0
20,-11,9.89766327296909
20,-11,5.0
20,-10,15.5024706927193
20,-10,6.34842063906295
20,-10,5.0
20,-10,14.597897781870333
20,-10,5.0
20,-10,5.0
20,-10,5.0
20,-10,10.616537925446298
20,-10,5.0
20,-10,5.0
20,-10,10.306826443671365
20,-10,5.0
20,-10,12.05620879162359
20,-10,5.0
20,-10,13.122097370221642
20,-10,5.0
20,-10,5.0
20,-10,5.0
20,-10,5.0
20,-10,5.0
20,-9,5.0
20,-9,5.0
20,-9,5.0
20,-9,5.335816856221636
20,-9,5.0
20,-9,5.0
20,-9,5.0
20,-9,5.0
20,-9,5.0
20,-9,22.037055074621495
20,-9,5.0
20,-9,26.86479562619409
20,-9,5.0
20,-9,16.084217435320255
20,-9,5.0
20,-9,5.0
20,-9,8.723255961140365
20,-9,5.0
20,-9,5.0
20,-9,5.0
20,-8,5.0
20,-8,5.0
20,-8,5.0
20,-8,10.970015354444516
20,-8,31.87106704173617
20,-8,5.0
20,-8,17.140194342528574
20,-8,5.0
20,-8,5.0
20,-8,5.0
20,-8,26.919669795323625
20,-8,5.0
20,-8,18.074437935111327
20,-8,5.0
20,-8,10.901975605358798
20,-8,5.0
20,-8,10.075187368396511
20,-8,11.45725387585242
20,-8,6.888824856358304
20,-8,5.0
19,-8,12.841892685687732
19,-8,5.0
19,-8,11.594274243405222
19,-8,5.0
19,-8,5.0
19,-8,5.0
19,-8,25.33967107454653
19,-8,20.18525210615542
19,-8,5.0
19,-8,28.902549553894485
19,-8,5.0
19,-8,6.026698452275545
19,-8,5.0
19,-8,5.0
19,-8,27.473133907743588
19,-8,5.0
19,-8,31.52813084062437
19,-8,5.0
19,-8,5.877460591702376
19,-8,5.0
18,-8,18.02080591787421
18,-8,8.743983977357118
18,-8,22.040463943442212
18,-8,5.0
18,-8,5.0
18,-8,5.0
18,-8,5.0
18,-8,5.0
18,-8,31.85916847964203
18,-8,8.392901511639588
18,-8,5.0
18,-8,5.0
18,-8,23.165554447038733
18,-8,5.0
18,-8,11.997128958609574
18,-8,5.0
18,-8,7.712161368616934
18,-8,5.0
18,-8,5.0
18,-8,15.82215353332321
17,-8,29.54709867166848
17,-8,5.0
17,-8,53.19845749778964
17,-8,5.0
17,-8,33.139439430797715
17,-8,5.0
17,-8,5.0
17,-8,5.0
17,-8,5.0
17,-8,8.438030056476709
17,-8,5.0
17,-8,5.0
17,-8,5.0
17,-8,22.697186173500107
17,-8,5.0
17,-8,5.0
17,-8,5.0
17,-8,5.0
17,-8,5.330969880715303
17,-8,9.760922106741681
16,-8,5.0
16,-8,18.584437844055593
16,-8,29.715038605095167
16,-8,6.50031626285622
16,-8,5.0
16,-8,5.0
16,-8,11.129772620071872
16,-8,27.193632901355663
16,-8,26.28889047583891
16,-8,13.606912631541622
16,-8,5.0
16,-8,12.013769722579948
16,-8,41.744024734782464
16,-8,14.633622884828814
16,-8,29.42580561479033
16,-8,6.746267910480526
16,-8,13.67018410497782
16,-8,8.948672304679942
16,-8,5.074909970036552
16,-8,15.031587868213457
15,-8,23.11896043044468
15,-8,7.580043013910252
15,-8,17.90321617547727
15,-8,6.411351801606275
15,-8,5.0
15,-8,11.099418413643765
15,-8,28.182445924486682
15,-8,5.0
15,-8,5.0
15,-8,10.689191170490624
15,-8,37.121426019751304
15,-8,5.0
15,-8,8.022983422424645
15,-8,25.517598943824154
15,-8,18.284701874799268
15,-8,36.69516956442706
15,-8,17.83980707971348
15,-8,17.78597934769354
15,-8,10.185799750407876
15,-8,8.770384050700207
14,-8,5.0
14,-8,8.516136266778346
14,-8,20.710140923886712
14,-8,5.0
14,-8,23.64787971887685
14,-8,23.012869875674788
14,-8,17.772241611928198
14,-8,5.0
14,-8,5.0
14,-8,23.64624652155345
14,-8,18.365276963576417
14,-8,15.875932929057818
14,-8,22.97739896878959
14,-8,24.344673470581426
14,-8,5.0
14,-8,26.078190787477354
14,-8,53.76116413187073
14,-8,14.427662454805048
14,-8,14.954229219488575
14,-8,21.58084544296111
13,-8,35.33454328930378
13,-8,10.920312623942978
13,-8,27.654560169773198
13,-8,12.129221052146097
13,-8,5.0
13,-8,20.970254087833617
13,-8,44.120686517063675
13,-8,11.124951340703127
13,-8,17.314419486124628
13,-8,25.27612223544069
13,-8,5.0
13,-8,5.418541616395382
13,-8,14.533390861307167
13,-8,22.16876755565468
13,-8,11.653257665494996
13,-8,34.6593385301757
13,-8,16.61794033187077
13,-8,11.830387217414792
13,-8,5.0
13,-8,7.386962372352488
12,-8,26.82865406227851
12,-8,5.0
12,-8,13.621797727020624
12,-8,15.899104351721563
12,-8,25.99019260265755
12,-8,21.813823842656966
12,-8,15.289612983956934
12,-8,31.705035730403793
12,-8,21.210973629692035
12,-8,27.785032169731583
12,-8,18.48580525558758
12,-8,19.08168203771072
12,-8,6.903715789261644
12,-8,15.35826054445113
12,-8,12.017012810957098
12,-8,15.786632109180953
12,-8,7.132062048678648
12,-8,23.796654562835904
12,-8,20.31881332058279
12,-8,27.404953547799657
11,-8,7.928335672332268
11,-8,22.692211263826476
11,-8,5.0
11,-8,19.068492839811938
11,-8,26.60630920715925
11,-8,5.0
11,-8,28.61004516288365
11,-8,26.172249826396836
11,-8,16.157042124938915
11,-8,28.5148629981813
11,-8,32.03116127144594
11,-8,24.52182303916468
11,-8,7.675718169074398
11,-8,20.5304306746242
11,-8,5.0
11,-8,9.56340080920487
11,-8,23.628943124883442
11,-8,19.928356465999087
11,-8,27.295896440331077
11,-8,21.030088735015774
10,-8,31.195821650431355
10,-8,13.880098626293236
10,-8,5.0
10,-8,26.534992766148118
10,-8,5.0409389028442995
10,-8,21.98837122336643
10,-8,45.4355796524675
10,-8,24.761626667810063
10,-8,5.0
10,-8,12.98453812741116
10,-8,14.054573120544356
10,-8,15.911685729396254
10,-8,5.0
10,-8,18.29582537089798
10,-8,25.726410395766113
10,-8,27.942827515560822
10,-8,14.47810504699208
10,-8,5.0
10,-8,5.0
10,-8,35.40000041469803
10,-7,5.0
10,-7,31.443149898220756
10,-7,8.085297521136827
10,-7,25.471275826306893
10,-7,5.0
10,-7,8.061681149169678
10,-7,15.051644336636034
10,-7,52.22807765290461
10,-7,5.0
10,-7,14.090399345716065
10,-7,41.10558997646889
10,-7,24.528108297429874
10,-7,10.951326781394968
10,-7,25.428960874342764
10,-7,25.550624133958276
10,-7,24.046612714754033
10,-7,48.5493194027456
10,-7,21.140655468806152
10,-7,10.491068589921994
10,-7,6.144677799852312
9,-7,10.826260616982474
9,-7,24.52175157940053
9,-7,14.578368938767582
9,-7,36.79185667048833
9,-7,9.120082714353668
9,-7,6.218222624653594
9,-7,31.934720109474092
9,-7,19.070970533192853
9,-7,20.192910635923887
9,-7,15.82711020652754
9,-7,47.12664487102697
9,-7,7.457850016119389
9,-7,5.0
9,-7,36.76472482009281
9,-7,45.21540569243404
9,-7,37.62557158747397
9,-7,12.909503749303031
9,-7,34.38519069430033
9,-7,27.731151449506868
9,-7,5.0
8,-7,5.0
8,-7,29.35230703450094
8,-7,27.36622918067797
8,-7,14.187953324619254
8,-7,5.971243952542416
8,-7,34.11285818209364
8,-7,29.822288469543828
8,-7,5.0
8,-7,12.974142335133145
8,-7,5.0
8,-7,35.56250793977033
8,-7,28.67373343107702
8,-7,43.63804328938301
8,-7,27.12708284889008
8,-7,18.267826361325934
8,-7,6.899137363300234
8,-7,32.598862695708334
8,-7,38.685978411787275
8,-7,33.31990183511796
8,-7,24.133143771967887
7,-7,13.409354188817174
7,-7,31.960415982236597
7,-7,27.869392708707537
7,-7,40.86732713986622
7,-7,13.238339152130427
7,-7,27.105379233473773
7,-7,19.012364897261158
7,-7,29.468144017859608
7,-7,7.725665264048448
7,-7,8.357966664299102
7,-7,33.25993977306088
7,-7,35.67453787990125
7,-7,33.73227165798648
7,-7,23.935168092008663
7,-7,48.958488924888414
7,-7,5.5749966458214395
7,-7,38.77844127373718
7,-7,16.45721692581069
7,-7,15.760630365687014
7,-7,23.996606932439228
7,-8,11.124007297589669
7,-8,5.0
7,-8,30.280239184752766
7,-8,37.452886676611854
7,-8,24.75780694966167
7,-8,14.432683922496034
7,-8,14.226839314599012
7,-8,17.89699469823772
7,-8,20.657374595385566
7,-8,5.0
7,-8,14.43488224930738
7,-8,20.030368592186754
7,-8,28.65884698241089
7,-8,16.281283791855188
7,-8,51.39977125295496
7,-8,23.085054885352402
7,-8,5.0
7,-8,35.78820451451027
7,-8,31.130891264638542
7,-8,5.0
6,-8,31.42593557108924
6,-8,30.703883185152932
6,-8,47.76550828456944
6,-8,5.0
6,-8,15.453369531685134
6,-8,16.82030485197856
6,-8,26.643887329944864
6,-8,34.47255602258993
6,-8,9.591631869969273
6,-8,56.527612246308436
6,-8,28.651074589660602
6,-8,50.814012735123654
6,-8,29.05748705942218
6,-8,24.9978942070223
6,-8,5.0
6,-8,25.300504466965872
6,-8,14.534085392434848
6,-8,29.761070761889425
6,-8,31.801174721200425
6,-8,21.031603765801567
5,-8,8.453215246823202
5,-8,29.512672823031195
5,-8,41.66444445340793
5,-8,47.69522882039789
5,-8,16.01568725689454
5,-8,22.96712509944573
5,-8,20.577697744362563
5,-8,34.654791864372484
5,-8,60.355118236119765
5,-8,7.6048096179888045
5,-8,38.024067088069735
5,-8,32.86850701537243
5,-8,8.226292162451548
5,-8,14.39090716026788
5,-8,5.0
5,-8,10.672535908555124
5,-8,39.966375733190645
5,-8,40.71326081901574
5,-8,41.33733160587004
5,-8,24.899281401144833
6,-8,5.0
6,-8,5.0
6,-8,9.696451741177826
6,-8,9.258245524634757
6,-8,43.813966156491155
6,-8,15.835169294735362
6,-8,13.917948589559103
6,-8,13.054944518852464
6,-8,31.33221523083533
6,-8,8.865223078105936
6,-8,5.0
6,-8,19.70132189666111
6,-8,22.81963971622614
6,-8,5.0
6,-8,32.27765894436793
6,-8,22.361462892815513
6,-8,41.341074651412896
6,-8,5.0
6,-8,5.0
6,-8,12.315094654429478
6,-9,25.04879620618737
6,-9,5.0
6,-9,42.29109884971628
6,-9,22.798822793719552
6,-9,29.86107479768789
6,-9,21.300349375493127
6,-9,17.404975682609173
6,-9,34.45746753182341
6,-9,11.893642114201366
6,-9,32.21291888296048
6,-9,24.13380799858946
6,-9,5.0
6,-9,21.394181142526797
6,-9,35.53006240988118
6,-9,11.781626701071891
6,-9,14.898763305900369
6,-9,22.34129852760047
6,-9,28.051100846022077
6,-9,39.42909308032263
6,-9,24.976997215631165
5,-9,26.62630699388128
5,-9,47.59283701952724
5,-9,7.812445819802116
5,-9,27.44096112809615
5,-9,31.67397427383052
5,-9,44.81829602520405
5,-9,28.314152949116806
5,-9,14.66365175453222
5,-9,31.86179858746428
5,-9,5.0
5,-9,41.931635223136325
5,-9,18.74680414798741
5,-9,46.350844175952616
5,-9,5.0
5,-9,23.32616562742911
5,-9,25.73596130451898
5,-9,31.494660910317442
5,-9,17.858145828454525
5,-9,29.11676325491994
5,-9,5.0
4,-9,21.502700843347636
4,-9,25.03697634930248
4,-9,5.0
4,-9,6.078173513790556
4,-9,30.342617196664825
4,-9,6.021107301027898
4,-9,30.079287014986484
4,-9,24.605047176945973
4,-9,30.154730656834843
4,-9,28.71742739325555
4,-9,40.49194945525636
4,-9,25.919390990420055
4,-9,33.27212472350088
4,-9,7.226029312504565
4,-9,12.574040988674511
4,-9,12.803641379660402
4,-9,31.302862726836103
4,-9,7.955348104690225
4,-9,15.530897767659333
4,-9,21.177109199658524
3,-9,27.491628063641592
3,-9,32.39959982251209
3,-9,15.886138004269483
3,-9,43.96162922237334
3,-9,34.77575355481859
3,-9,18.106824317200072
3,-9,28.340448211829457
3,-9,25.875314112437987
3,-9,26.410017966516797
3,-9,24.19812374589069
3,-9,36.519276521351316
3,-9,39.59681020430086
3,-9,12.259569106831876
3,-9,26.80449636622058
3,-9,35.71981864419292
3,-9,37.26679243270377
3,-9,7.2826848424969715
3,-9,22.56642597958059
3,-9,54.94748699621349
3,-9,14.439737951999845
4,-9,21.739517111307784
4,-9,5.489225040446108
4,-9,48.13961988993391
4,-9,22.473175441060846
4,-9,22.990470972551574
4,-9,26.163003578092592
4,-9,47.56362290295988
4,-9,15.128314405978895
4,-9,14.054957925797408
4,-9,22.413674987462006
4,-9,38.849662648549995
4,-9,12.538540445991165
4,-9,30.105158651047912
4,-9,26.952603463597626
4,-9,7.218464002774004
4,-9,8.769677741381427
4,-9,45.46923346942029
4,-9,22.040019605970627
4,-9,15.21379115801231
4,-9,30.27468957692167
5,-9,29.411503431067462
5,-9,19.265648788315218
5,-9,30.269935918740288
5,-9,5.0
5,-9,7.4374096630819295
5,-9,26.98189504554679
5,-9,22.028531392264114
5,-9,32.824904420782104
5,-9,28.575259166533495
5,-9,19.960843467203023
5,-9,16.27378187355373
5,-9,33.900959125153534
5,-9,5.0
5,-9,11.344284224281171
5,-9,13.722022715885116
5,-9,34.536586318662586
5,-9,32.12836692061301
5,-9,30.065631075763164
5,-9,5.0
5,-9,21.599906564702366
4,-9,30.723785568913925
4,-9,38.006948003710086
4,-9,7.760205045327133
4,-9,5.0
4,-9,24.64824676080624
4,-9,12.072274639651335
4,-9,32.95319851064286
4,-9,50.948506503936855
4,-9,17.916716046676147
4,-9,16.011645451925713
4,-9,5.0
4,-9,22.243827605505185
4,-9,33.93875889864471
4,-9,17.735320653415673
4,-9,27.844876257628023
4,-9,39.30151193721519
4,-9,35.46766300413994
4,-9,5.0
4,-9,8.798669771993698
4,-9,5.0
4,-10,27.775327890538072
4,-10,17.39445733745812
4,-10,27.386599785307702
4,-10,24.119181876714578
4,-10,5.0
4,-10,22.974614521859618
4,-10,25.158925498523143
4,-10,6.63074072243835
4,-10,40.696919374655806
4,-10,24.950193202811526
4,-10,31.50611592625232
4,-10,21.75150100958524
4,-10,12.454344127572949
4,-10,20.293136683718547
4,-10,22.934126126992435
4,-10,5.0
4,-10,27.230504890824506
4,-10,20.93874334874623
4,-10,35.14071279421792
4,-10,14.110393480077963
3,-10,30.30965224441372
3,-10,15.021320113502018
3,-10,24.674581423573493
3,-10,16.85940083788855
3,-10,18.599720154645134
3,-10,41.947301109142714
3,-10,5.0
3,-10,18.276342974499393
3,-10,33.513477801334986
3,-10,13.161784327776786
3,-10,28.66604783955559
3,-10,33.94694324033632
3,-10,20.052400452052485
3,-10,15.821962784227521
3,-10,8.573823556838853
3,-10,9.084925131223388
3,-10,5.0
3,-10,14.50759524676
3,-10,24.983371946752964
3,-10,5.0
4,-10,5.0
4,-10,30.50710394554988
4,-10,13.094604186244265
4,-10,5.0
4,-10,19.286509665249277
4,-10,31.207716233391125
4,-10,5.86863413193872
4,-10,25.802386570376477
4,-10,25.01248220766555
4,-10,21.464404426093672
4,-10,9.078880747911384
4,-10,8.040665329505616
4,-10,5.0
4,-10,26.38292374809269
4,-10,14.133093675104783
4,-10,27.455400317706708
4,-10,42.109092677424115
4,-10,11.430962299658278
4,-10,20.9454594432904
4,-10,8.449817269814153
4,-11,23.016892200488726
4,-11,12.050278431219224
4,-11,16.86355732344335
4,-11,5.0
4,-11,31.84075050339481
4,-11,14.59300287696058
4,-11,12.238717249126235
4,-11,6.037461050697358
4,-11,5.0
4,-11,5.0
4,-11,31.912449351760642
4,-11,46.9780222059567
4,-11,16.98974152842528
4,-11,5.370916343135907
4,-11,34.41734184323464
4,-11,13.889372261317028
4,-11,7.022463200643534
4,-11,12.529057500008133
4,-11,29.830891185552787
4,-11,12.341245774202635
3,-11,5.734801141675028
3,-11,5.0
3,-11,17.057109131908113
3,-11,7.4059883905790205
3,-11,29.243281580902412
3,-11,5.0
3,-11,22.213377153749036
3,-11,10.771435459504112
3,-11,33.301526517841616
3,-11,5.488600331785413
3,-11,25.64975605606911
3,-11,22.4105771296092
3,-11,26.043266248959952
3,-11,5.0
3,-11,46.155585065735394
3,-11,25.06938907417687
3,-11,5.0
3,-11,24.784230985914437
3,-11,19.289777175542447
3,-11,12.021557455786626
2,-11,30.575469890863076
2,-11,25.365088863276775
2,-11,5.0
2,-11,11.472504095961828
2,-11,34.17983485434154
2,-11,18.962185599544426
2,-11,9.785500786848164
2,-11,5.0
2,-11,5.0
2,-11,15.356930860465752
2,-11,24.01690802671127
2,-11,5.0
2,-11,18.967833022378134
2,-11,14.444336200171621
2,-11,25.050586535931338
2,-11,9.409811129277337
2,-11,29.977712785700128
2,-11,34.56938872623989
2,-11,10.885219202157952
2,-11,18.040975691559275
1,-11,15.257469760593263
1,-11,27.352967443505193
1,-11,5.0
1,-11,18.3636407845282
1,-11,13.797104312900716
1,-11,18.101092429735402
1,-11,16.374072614031135
1,-11,37.94308895065747
1,-11,34.55884677583994
1,-11,6.168649332862044
1,-11,32.248921876330286
1,-11,21.56994887792195
1,-11,44.94427433372842
1,-11,31.319232811839214
1,-11,22.846620018460605
1,-11,18.06674031246563
1,-11,32.962710662793164
1,-11,28.569254984037084
1,-11,17.69992111957745
1,-11,19.716860411335375
0,-11,22.47690260505863
0,-11,5.0
0,-11,26.09385360992419
0,-11,15.546732649246792
0,-11,7.5947160067337585
0,-11,7.9673208817733645
0,-11,6.03843816644269
0,-11,14.38779699740824
0,-11,13.176648123835797
0,-11,40.58116839620566
0,-11,15.62851010039141
0,-11,22.314764426717097
0,-11,14.948023235662824
0,-11,34.13189478472373
0,-11,8.18060104907321
0,-11,20.318581473341332
0,-11,5.0
0,-11,23.7862711108706
0,-11,11.454254432533745
0,-11,40.684261892165296
-1,-11,32.1998220337027
-1,-11,23.42235016041967
-1,-11,23.54966782361475
-1,-11,26.410132401794833
-1,-11,17.60285235019311
-1,-11,27.707620880526513
-1,-11,8.240485715062462
-1,-11,5.0
-1,-11,14.472452827809748
-1,-11,13.108859105112227
-1,-11,46.347309320102745
-1,-11,31.258819466801235
-1,-11,22.192859971136315
-1,-11,9.18149611059077
-1,-11,5.0
-1,-11,30.76561714858171
-1,-11,14.330912619559811
-1,-11,14.650766681792375
-1,-11,38.49037023772348
-1,-11,5.9036707077603285
-1,-12,5.0
-1,-12,9.896227022004311
-1,-12,16.07167133177594
-1,-12,5.0
-1,-12,45.00610151504511
-1,-12,17.71444124693422
-1,-12,20.959765470870064
-1,-12,5.0
-1,-12,30.81502860294858
-1,-12,30.498629429699292
-1,-12,13.796798854022839
-1,-12,5.0
-1,-12,38.90773781122215
-1,-12,5.0
-1,-12,5.0
-1,-12,5.0
-1,-12,26.135605120116907
-1,-12,5.0
-1,-12,24.34388919191449
-1,-12,17.950912945695443
-2,-12,5.0
-2,-12,34.38185289355232
-2,-12,19.4045986655875
-2,-12,11.629574427905826
-2,-12,8.948896172262927
-2,-12,23.230498561483042
-2,-12,29.470630358989048
-2,-12,5.0
-2,-12,5.0
-2,-12,7.671835190329535
-2,-12,19.130692338746435
-2,-12,11.916746260289614
-2,-12,5.883027772214396
-2,-12,7.3433257318393395
-2,-12,5.0
-2,-12,18.27344000503603
-2,-12,14.510711175861813
-2,-12,18.016372752496736
-2,-12,5.0
-2,-12,29.22953847017778
-3,-12,42.87588437900379
-3,-12,29.57437712801974
-3,-12,5.0
-3,-12,13.709934193135872
-3,-12,5.0
-3,-12,31.86393090306446
-3,-12,27.61647414591104
-3,-12,38.92532362000653
-3,-12,9.085746592241588
-3,-12,5.0
-3,-12,10.531123460091358
-3,-12,5.0
-3,-12,22.355088081564652
-3,-12,5.0
-3,-12,17.824007320853394
-3,-12,23.968584557899202
-3,-12,34.8211195763279
-3,-12,29.28106483248208
-3,-12,18.203010086910734
-3,-12,34.11049212051975
-3,-13,6.292342252941074
-3,-13,33.401512666339855
-3,-13,22.272576223647558
-3,-13,11.136788163988815
-3,-13,5.0
-3,-13,5.0
-3,-13,28.102586128388175
-3,-13,5.0
-3,-13,44.86987284811687
-3,-13,18.43166038386115
-3,-13,29.542195789540706
-3,-13,11.407057792070619
-3,-13,6.870244258070885
-3,-13,26.698389922019402
-3,-13,5.641760018326082
-3,-13,10.552178738297398
-3,-13,19.078511151475446
-3,-13,13.510418073928678
-3,-13,10.665137276006405
-3,-13,27.831150039182628
-4,-13,5.0
-4,-13,9.548559026703554
-4,-13,5.0
-4,-13,27.470329609022293
-4,-13,10.840279649500253
-4,-13,5.0
-4,-13,11.396157456525371
-4,-13,53.95609499659131
-4,-13,8.227944871483576
-4,-13,10.647798706019103
-4,-13,22.813703649257707
-4,-13,11.467444945055911
-4,-13,5.0
-4,-13,14.937077717922792
-4,-13,9.91669806653281
-4,-13,5.0
-4,-13,5.0
-4,-13,46.11266849981049
-4,-13,33.16039825800759
-4,-13,19.094185512101102
-5,-13,21.971060035089927
-5,-13,5.0
-5,-13,35.02869056948957
-5,-13,7.1833121063940375
-5,-13,11.808601599879115
-5,-13,34.77258676633174
-5,-13,29.470791428524738
-5,-13,5.0
-5,-13,32.93766150584662
-5,-13,30.44004938794774
-5,-13,16.134799905098927
-5,-13,24.310905073919667
-5,-13,11.086044169904532
-5,-13,18.542461118046493
-5,-13,13.559583277057644
-5,-13,17.031618527025472
-5,-13,12.99827015724855
-5,-13,5.0
-5,-13,6.037637841298026
-5,-13,29.38853892699021
-6,-13,15.997433944974592
-6,-13,9.14579557603208
-6,-13,13.821712977586664
-6,-13,5.0
-6,-13,9.22811220118392
-6,-13,17.346847624050934
-6,-13,24.611750654542128
-6,-13,27.28840859562855
-6,-13,22.83211095109875
-6,-13,6.608579275941086
-6,-13,17.517958271651352
-6,-13,5.0
-6,-13,7.415004581150598
-6,-13,11.169314029299295
-6,-13,9.89669146526651
-6,-13,35.383522843757284
-6,-13,19.83350294778605
-6,-13,5.0
-6,-13,21.725642884281676
-6,-13,35.64277224946305
-5,-13,15.307296436759438
-5,-13,5.0
-5,-13,5.0
-5,-13,31.062263359643858
-5,-13,9.711718593285973
-5,-13,13.343855372144109
-5,-13,7.033931983603689
-5,-13,17.601869683973796
-5,-13,27.944749212779826
-5,-13,13.700875607877618
-5,-13,23.717868996656613
-5,-13,13.398113304040852
-5,-13,5.0
-5,-13,29.428706563226754
-5,-13,24.808840496770067
-5,-13,5.0
-5,-13,15.416054079542478
-5,-13,22.468284054343183
-5,-13,24.17039652846366
-5,-13,22.936941184230335
-6,-13,18.330542440674208
-6,-13,29.637403808558886
-6,-13,5.0
-6,-13,21.164566027926533
-6,-13,5.0
-6,-13,5.0
-6,-13,5.0
-6,-13,45.89625815127054
-6,-13,5.0
-6,-13,21.76668968690396
-6,-13,11.934506791002631
-6,-13,5.0
-6,-13,27.863709466252025
-6,-13,5.0
-6,-13,6.302572338147676
-6,-13,8.602587021902373
-6,-13,29.519468027988275
-6,-13,23.685248886113886
-6,-13,15.121065444738672
-6,-13,36.99821210197594
-6,-14,13.999324485269806
-6,-14,5.0
-6,-14,14.449101385326687
-6,-14,15.250658658006941
-6,-14,21.532801207130575
-6,-14,25.776330949509575
-6,-14,16.520029838662744
-6,-14,5.0
-6,-14,5.0
-6,-14,6.290899559665658
-6,-14,22.391579969511643
-6,-14,5.0
-6,-14,12.55991089232786
-6,-14,29.69258327941656
-6,-14,21.670208047280923
-6,-14,5.0
-6,-14,19.947000423543315
-6,-14,5.0
-6,-14,20.952087225875285
-6,-14,6.743853026430262
-7,-14,17.581806388315204
-7,-14,5.0
-7,-14,13.215944750403253
-7,-14,36.46380968484521
-7,-14,27.612984973711097
-7,-14,5.0
-7,-14,18.53176451258856
-7,-14,14.210360533888938
-7,-14,5.0
-7,-14,22.552023064580005
-7,-14,21.705334897190184
-7,-14,16.909447520039052
-7,-14,21.40885677131847
-7,-14,23.215241068399102
-7,-14,5.0
-7,-14,5.0
-7,-14,16.932507159979316
-7,-14,5.0
-7,-14,8.95930165634732
-7,-14,20.558451465626355
-6,-14,6.786940621827704
-6,-14,5.0
-6,-14,47.86157277549934
-6,-14,22.967957112027676
-6,-14,13.253516105149792
-6,-14,10.020043000214187
-6,-14,30.45536502813639
-6,-14,5.0
-6,-14,17.608428285358862
-6,-14,28.299554619775247
-6,-14,5.0
-6,-14,10.840867572875718
-6,-14,9.041377430215748
-6,-14,9.567141342572686
-6,-14,5.0
-6,-14,8.554606970766313
-6,-14,28.698804371778394
-6,-14,16.55504352758271
-6,-14,13.89201144241629
-6,-14,5.0
-7,-14,14.85539506072319
-7,-14,26.989369149253367
-7,-14,5.0
-7,-14,5.0
-7,-14,26.64364193631379
-7,-14,24.18615112930472
-7,-14,8.573816571490289
-7,-14,13.177281106817857
-7,-14,5.0
-7,-14,33.64004575147141
-7,-14,28.44369241833424
-7,-14,18.893350957746282
-7,-14,5.0
-7,-14,21.98591282488612
-7,-14,32.231455611210734
-7,-14,8.499054661725328
-7,-14,6.474178858011998
-7,-14,18.875792458964927
-7,-14,10.93596814446817
-7,-14,5.0
-7,-15,20.57168671855846
-7,-15,5.2937299090094685
-7,-15,5.0
-7,-15,28.017487974065475
-7,-15,19.343604824441712
-7,-15,5.0
-7,-15,5.0
-7,-15,11.860623774821253
-7,-15,29.89340141302523
-7,-15,5.0
-7,-15,17.067574692726257
-7,-15,5.0
-7,-15,7.113937370210235
-7,-15,5.0
-7,-15,11.881057103623998
-7,-15,18.963948655157985
-7,-15,5.138831410227243
-7,-15,5.0
-7,-15,13.004557041360528
-7,-15,6.845436453093876
-8,-15,13.961228659213962
-8,-15,7.1738526919284435
-8,-15,5.0
-8,-15,5.0
-8,-15,7.651887097009792
-8,-15,39.52484691631594
-8,-15,9.958518682408366
-8,-15,5.0
-8,-15,15.063547030023777
-8,-15,5.0
-8,-15,5.0
-8,-15,16.14270801405539
-8,-15,10.59567642295933
-8,-15,5.0
-8,-15,5.0
-8,-15,19.690735533106746
-8,-15,5.0
-8,-15,15.029897849074096
-8,-15,5.0
-8,-15,5.0
-9,-15,5.0
-9,-15,12.855135096430402
-9,-15,10.513487165997487
-9,-15,23.753367696155884
-9,-15,15.786484821449887
-9,-15,9.78794235900401
-9,-15,27.259727188118635
-9,-15,5.0
-9,-15,16.310419242501933
-9,-15,5.0
-9,-15,20.804396008462888
-9,-15,10.044058964090135
-9,-15,13.083986106289206
-9,-15,19.663908210922436
-9,-15,17.00418209662436
-9,-15,13.732881631172965
-9,-15,20.752948388728036
-9,-15,5.0
-9,-15,23.444146232265823
-9,-15,10.011427536157498
-10,-15,6.1357792203343084
-10,-15,30.667882970793343
-10,-15,7.819472988544097
-10,-15,5.0
-10,-15,5.0
-10,-15,20.096507406442214
-10,-15,5.0
-10,-15,14.219537133550714
-10,-15,23.865193915763488
-10,-15,17.775700427821526
-10,-15,10.355156150189076
-10,-15,6.367439223950992
-10,-15,5.0
-10,-15,9.616294501779109
-10,-15,14.866097045587843
-10,-15,34.482052580124986
-10,-15,18.726551870078847
-10,-15,27.22915974218178
-10,-15,5.974209166837458
-10,-15,5.0
-11,-15,5.0
-11,-15,15.642614161962394
-11,-15,5.0
-11,-15,5.0
-11,-15,5.0
-11,-15,17.650994772455043
-11,-15,5.0
-11,-15,17.03910261938853
-11,-15,5.0
-11,-15,5.0
-11,-15,6.966913409513458
-11,-15,22.56226127751784
-11,-15,11.727179358546097
-11,-15,20.337916579304483
-11,-15,5.0
-11,-15,5.0
-11,-15,11.8656409301645
-11,-15,5.0
-11,-15,5.0
-11,-15,11.627813359456663
-10,-15,24.64344968048074
-10,-15,6.914381809645423
-10,-15,18.143354765321796
-10,-15,20.702144150451154
-10,-15,5.0
-10,-15,16.227656915676516
-10,-15,19.781966046228888
-10,-15,5.0
-10,-15,7.006867980205022
-10,-15,8.744802058685337
-10,-15,18.196010164377554
-10,-15,20.072196809910295
-10,-15,19.591113527550142
-10,-15,5.0
-10,-15,7.121340528098828
-10,-15,5.0
-10,-15,15.749487822953025
-10,-15,16.197365299084645
-10,-15,5.0
-10,-15,8.900001490462277
-11,-15,5.0
-11,-15,12.615402139724903
-11,-15,5.0
-11,-15,6.307602432579052
-11,-15,5.0
-11,-15,33.92173380811984
-11,-15,5.0
-11,-15,41.254127458462186
-11,-15,16.532368402113413
-11,-15,12.191643709157553
-11,-15,16.94382922817843
-11,-15,11.546370996351094
-11,-15,5.0
-11,-15,5.0
-11,-15,5.0
-11,-15,20.99737240457678
-11,-15,5.0
-11,-15,5.0
-11,-15,5.0
-11,-15,5.0
-12,-15,12.783539871806806
-12,-15,5.0
-12,-15,17.554589438630295
-12,-15,9.978238926294893
-12,-15,7.745533436773394
-12,-15,9.742482905271544
-12,-15,19.445895940597506
-12,-15,24.36357233167699
-12,-15,21.250542595357665
-12,-15,20.027777519269094
-12,-15,10.713221404232502
-12,-15,8.329697714863832
-12,-15,6.688680439504023
-12,-15,5.0
-12,-15,5.0
-12,-15,5.0
-12,-15,5.0
-12,-15,5.0
-12,-15,6.889173744986614
-12,-15,5.0
-13,-15,5.0
-13,-15,12.315214719874652
-13,-15,35.33293554931916
-13,-15,5.0
-13,-15,5.0
-13,-15,9.172934652496046
-13,-15,5.0
-13,-15,5.0
-13,-15,5.810565935001054
-13,-15,16.129823366197243
-13,-15,16.156699299423494
-13,-15,5.0
-13,-15,5.0
-13,-15,22.718908803848503
-13,-15,17.87322846258289
-13,-15,5.0
-13,-15,13.492423646534304
-13,-15,14.878656042297884
-13,-15,17.998801655808002
-13,-15,8.304609800363808
-14,-15,5.0
-14,-15,14.045524408730074
-14,-15,5.0
-14,-15,8.874965293961452
-14,-15,30.60538438981423
-14,-15,8.551514356042668
-14,-15,35.275214209881156
-14,-15,5.0
-14,-15,5.0
-14,-15,5.0
-14,-15,24.454066729318754
-14,-15,12.598908397631252
-14,-15,7.692855123712684
-14,-15,16.30404347187396
-14,-15,5.0
-14,-15,6.159085742826701
-14,-15,5.0
-14,-15,5.0
-14,-15,5.0
-14,-15,5.0
-15,-15,5.853428871457591
-15,-15,5.0
-15,-15,5.0
-15,-15,5.0
-15,-15,5.0
-15,-15,5.0
-15,-15,14.294141292282657
-15,-15,13.528784202466797
-15,-15,31.466345901022898
-15,-15,5.0
-15,-15,5.0
-15,-15,13.442737623525154
-15,-15,5.0
-15,-15,25.683339601703594
-15,-15,5.0
-15,-15,9.2082169328092
-15,-15,41.41203706341857
-15,-15,8.094749356534628
-15,-15,37.006497820548205
-15,-15,5.0
-15,-16,8.541123851168582
-15,-16,10.791705666727317
-15,-16,9.223499441193725
-15,-16,12.10672202007769
-15,-16,38.36572873376507
-15,-16,5.0
-15,-16,11.76760683067582
-15,-16,5.0
-15,-16,5.0
-15,-16,5.0
-15,-16,15.515835440959995
-15,-16,11.418828233199958
-15,-16,5.0
-15,-16,9.915382166431638
-15,-16,5.0
-15,-16,5.0
-15,-16,24.506086203679104
-15,-16,5.0
-15,-16,44.24359173450488
-15,-16,17.999295488614393
-16,-16,5.0
-16,-16,5.0
-16,-16,9.39330998670025
-16,-16,7.64985726951196
-16,-16,5.0
-16,-16,5.0
-16,-16,5.0
-16,-16,5.0
-16,-16,5.0
-16,-16,5.0
-16,-16,5.0
-16,-16,10.680353996465877
-16,-16,5.0
-16,-16,15.1269121501019
-16,-16,5.0
-16,-16,5.0
-16,-16,5.0
-16,-16,5.0
-16,-16,5.0
-16,-16,5.0
-17,-16,5.0
-17,-16,5.0
-17,-16,5.0
-17,-16,8.970491146910486
-17,-16,5.0
-17,-16,5.0
-17,-16,5.0
-17,-16,5.0
-17,-16,5.0
-17,-16,5.0
-17,-16,5.0
-17,-16,5.0
-17,-16,5.0
-17,-16,5.0
-17,-16,5.0
-17,-16,5.0
-17,-16,19.30072502223536
-17,-16,5.0
-17,-16,9.20553377227767
-17,-16,5.0
-18,-16,5.0
-18,-16,5.0
-18,-16,5.0
-18,-16,5.0
-18,-16,5.0
-18,-16,7.012751595985785
-18,-16,15.742975161991552
-18,-16,5.0
-18,-16,5.0
-18,-16,5.0
-18,-16,22.308903194335567
-18,-16,5.0
-18,-16,5.0
-18,-16,5.0
-18,-16,5.0
-18,-16,5.0
-18,-16,5.0
-18,-16,5.0
-18,-16,9.938201410233905
-18,-16,5.0
-19,-16,5.0
-19,-16,5.0
-19,-16,5.0
-19,-16,14.946142662325972
-19,-16,5.118920461765469
-19,-16,21.496245934885394
-19,-16,5.0
-19,-16,5.0
-19,-16,5.0
-19,-16,5.0
-19,-16,24.72134992636129
-19,-16,5.0
-19,-16,5.0
-19,-16,5.0
-19,-16,5.0
-19,-16,5.0
-19,-16,18.1638758606425
-19,-16,5.0
-19,-16,5.0
-19,-16,5.0
-20,-16,10.54787825876307
-20,-16,12.090645566214434
-20,-16,5.0
-20,-16,5.0
-20,-16,5.0
-20,-16,8.915581759428084
-20,-16,10.665100740584661
-20,-16,5.0
-20,-16,25.392397948463632
-20,-16,5.126176945676857
-20,-16,5.0
-20,-16,5.0
-20,-16,20.35798931723131
-20,-16,5.0
-20,-16,5.0
-20,-16,5.0
-20,-16,5.0
-20,-16,5.0
-20,-16,5.0
-20,-16,19.189988162323353
-19,-16,5.039774019814454
-19,-16,5.0
-19,-16,5.0
-19,-16,14.930801328174194
-19,-16,5.0
-19,-16,10.993906715248851
-19,-16,5.0
-19,-16,5.0
-19,-16,5.0
-19,-16,5.0
-19,-16,5.0
-19,-16,5.0
-19,-16,5.0
-19,-16,16.812380364891084
-19,-16,5.0
-19,-16,5.0
-19,-16,5.605883197632789
-19,-16,5.0
-19,-16,5.0
-19,-16,5.0
-19,-17,12.161987808297539
-19,-17,5.0
-19,-17,5.0
-19,-17,5.0
-19,-17,5.0
-19,-17,5.0
-19,-17,8.042494822189807
-19,-17,5.0
-19,-17,5.0
-19,-17,5.0
-19,-17,5.0
-19,-17,5.0
-19,-17,11.235014147499284
-19,-17,11.264485741448059
-19,-17,5.0
-19,-17,6.128165410995198
-19,-17,5.0
-19,-17,10.115117621919447
-19,-17,5.0
-19,-17,5.0
-18,-17,5.0
-18,-17,22.1351936331227
-18,-17,5.0
-18,-17,7.468176186340291
-18,-17,5.0
-18,-17,5.0
-18,-17,5.0
-18,-17,5.0
-18,-17,5.0
-18,-17,5.0
-18,-17,5.0
-18,-17,7.3190736006903085
-18,-17,5.0
-18,-17,9.399037202359942
-18,-17,5.0
-18,-17,12.165436829599813
-18,-17,5.0
-18,-17,5.0
-18,-17,20.046367068292103
-18,-17,5.0
-18,-16,39.600022822514866
-18,-16,5.0
-18,-16,10.214448362700177
-18,-16,8.93488153960835
-18,-16,6.7988167369647305
-18,-16,10.341827593427526
-18,-16,23.08191439374814
-18,-16,5.0
-18,-16,5.0
-18,-16,5.328493223708483
-18,-16,5.0
-18,-16,5.0
-18,-16,8.571110631848537
-18,-16,9.942811724630412
-18,-16,5.0
-18,-16,5.0
-18,-16,5.0
-18,-16,5.0
-18,-16,10.174416577299604
-18,-16,5.0
-17,-16,5.0
-17,-16,5.0
-17,-16,7.965613822110413
-17,-16,5.0
-17,-16,5.0
-17,-16,6.550103112562628
-17,-16,5.0
-17,-16,5.0
-17,-16,5.0
-17,-16,5.0
-17,-16,10.485901006158231
-17,-16,5.0
-17,-16,5.0
-17,-16,22.64094990114994
-17,-16,5.0
-17,-16,5.0
-17,-16,5.0
-17,-16,5.0
-17,-16,6.326283913806812
-17,-16,5.0
-16,-16,5.0
-16,-16,7.168177564760214
-16,-16,10.967896848748698
-16,-16,11.499069975647892
-16,-16,6.359674058350325
-16,-16,5.0
-16,-16,5.0
-16,-16,5.52883481896302
-16,-16,5.0
-16,-16,5.0
-16,-16,5.0
-16,-16,18.95007412906584
-16,-16,7.338747972094806
-16,-16,5.0
-16,-16,18.559484024156955
-16,-16,5.0
-16,-16,5.0
-16,-16,12.78879869738223
-16,-16,5.0
-16,-16,5.0
-15,-16,5.0
-15,-16,5.0
-15,-16,5.0
-15,-16,5.0
-15,-16,5.0
-15,-16,14.884289015293604
-15,-16,5.0
-15,-16,5.0
-15,-16,36.63177105856214
-15,-16,5.0
-15,-16,5.0
-15,-16,5.0
-15,-16,11.948632143317521
-15,-16,5.0
-15,-16,5.0
-15,-16,5.0
-15,-16,6.1323922310462855
-15,-16,5.0
-15,-16,6.923185568766595
-15,-16,5.0
-15,-15,5.0
-15,-15,5.703957783784323
-15,-15,5.0
-15,-15,5.0
-15,-15,5.0
-15,-15,5.0
-15,-15,8.4607804090048
-15,-15,5.0
-15,-15,26.609982393167634
-15,-15,5.0
-15,-15,21.965128633167982
-15,-15,5.0
-15,-15,5.0
-15,-15,8.86058599544034
-15,-15,5.0
-15,-15,5.0
-15,-15,11.479762850329692
-15,-15,5.0
-15,-15,5.0
-15,-15,15.432818668134653
-14,-15,5.0
-14,-15,15.904080415050077
-14,-15,5.0
-14,-15,15.798836881447075
-14,-15,5.0
-14,-15,5.0
-14,-15,5.0
-14,-15,8.910747909245428
-14,-15,5.0
-14,-15,5.0
-14,-15,5.0
-14,-15,5.0
-14,-15,5.0
-14,-15,5.0
-14,-15,5.0
-14,-15,5.0
-14,-15,6.031260016686383
-14,-15,17.847981421208637
-14,-15,5.0
-14,-15,5.0
-13,-15,26.98595787362271
-13,-15,5.0
-13,-15,25.915255060979362
-13,-15,13.050806067302721
-13,-15,5.0
-13,-15,5.0
-13,-15,5.0
-13,-15,12.261137327628404
-13,-15,10.378049870531875
-13,-15,17.41895965338287
-13,-15,9.994236087999255
-13,-15,5.0
-13,-15,11.494502790835924
-13,-15,12.012920390064618
-13,-15,5.0
-13,-15,5.0
-13,-15,5.0
-13,-15,5.0
-13,-15,5.0
-13,-15,5.0
-12,-15,7.939656070240337
-12,-15,5.0
-12,-15,11.533252433403394
-12,-15,5.0
-12,-15,8.789752278343562
-12,-15,5.0
-12,-15,5.0
-12,-15,5.0
-12,-15,5.0
-12,-15,5.0
-12,-15,5.0
-12,-15,5.0
-12,-15,25.61401175082471
-12,-15,8.916678918641647
-12,-15,5.0
-12,-15,15.674842001281124
-12,-15,5.4076095761138205
-12,-15,5.0
-12,-15,9.448363267906263
-12,-15,7.361717982059401
-12,-16,5.0
-12,-16,8.145632938397235
-12,-16,31.567442905520927
-12,-16,13.898593820890927
-12,-16,5.0
-12,-16,5.0
-12,-16,23.434292755362097
-12,-16,5.0
-12,-16,8.221633098655543
-12,-16,5.0
-12,-16,5.0
-12,-16,5.0
-12,-16,9.759581585002717
-12,-16,5.0
-12,-16,5.0
-12,-16,27.005631660443914
-12,-16,5.0
-12,-16,19.02186842534327
-12,-16,5.0
-12,-16,5.0
-12,-15,17.79082739336993
-12,-15,5.0
-12,-15,12.499222110935845
-12,-15,5.022936544799324
-12,-15,35.17455273333093
-12,-15,5.0
-12,-15,5.0
-12,-15,19.43787868218522
-12,-15,6.681768682439644
-12,-15,5.0
-12,-15,32.61760412036186
-12,-15,5.0
-12,-15,10.82123407343032
-12,-15,12.921737280668228
-12,-15,5.0
-12,-15,5.0
-12,-15,5.0
-12,-15,29.22483589933839
-12,-15,17.339974623696293
-12,-15,5.0
-13,-15,23.370653425568175
-13,-15,5.0
-13,-15,5.0
-13,-15,30.877068409847556
-13,-15,5.0
-13,-15,11.931452850147199
-13,-15,5.0
-13,-15,40.66038358617921
-13,-15,5.0
-13,-15,19.155783768715338
-13,-15,8.639453995647594
-13,-15,5.0
-13,-15,5.0
-13,-15,5.0
-13,-15,5.0
-13,-15,5.0
-13,-15,10.395246354741268
-13,-15,5.0
-13,-15,5.0
-13,-15,5.0
-12,-15,18.6934921243717
-12,-15,24.378022743229085
-12,-15,21.45423389362101
-12,-15,19.012451695747828
-12,-15,5.0
-12,-15,5.0
-12,-15,5.0
-12,-15,5.0
-12,-15,9.97982118672409
-12,-15,5.595987151901995
-12,-15,5.0
-12,-15,12.778121608995878
-12,-15,5.0
-12,-15,5.0
-12,-15,16.545391768370834
-12,-15,13.289989429786537
-12,-15,5.0
-12,-15,18.021430883036565
-12,-15,5.0
-12,-15,12.105635542655257
-11,-15,34.2094340874568
-11,-15,15.239963685908405
-11,-15,13.424337355262026
-11,-15,6.623729796113993
-11,-15,24.431451022610226
-11,-15,11.555388994458482
-11,-15,34.74931805322113
-11,-15,14.137786456586387
-11,-15,5.0
-11,-15,5.0
-11,-15,11.736962587581342
-11,-15,20.33345849923522
-11,-15,5.0
-11,-15,5.0
-11,-15,26.503782003406023
-11,-15,5.0
-11,-15,7.583168743635119
-11,-15,5.0
-11,-15,5.0
-11,-15,5.0
-10,-15,6.388567228251559
-10,-15,12.74783018683765
-10,-15,5.0
-10,-15,13.015218247263457
-10,-15,5.0
-10,-15,34.060790188890415
-10,-15,5.0
-10,-15,16.9005213706767
-10,-15,5.0
-10,-15,16.782887943650465
-10,-15,17.730802386510234
-10,-15,18.235064653608994
-10,-15,5.239061829628449
-10,-15,29.776287128612225
-10,-15,5.0
-10,-15,5.0
-10,-15,16.48879327430581
-10,-15,19.251859577655168
-10,-15,18.820848163335114
-10,-15,5.0
-9,-15,7.25260648197685
-9,-15,10.334532849075298
-9,-15,9.70836246656295
-9,-15,11.821498726957424
-9,-15,7.269227002211466
-9,-15,5.0
-9,-15,5.0
-9,-15,5.0
-9,-15,5.0
-9,-15,5.0
-9,-15,5.0
-9,-15,21.196735346916768
-9,-15,35.51005827466743
-9,-15,5.0
-9,-15,16.101055544726385
-9,-15,5.0
-9,-15,21.538444542884136
-9,-15,5.0
-9,-15,14.999866302450409
-9,-15,6.20048274158241
-8,-15,44.64972548765165
-8,-15,14.606548573423513
-8,-15,5.0
-8,-15,43.36574851969345
-8,-15,11.735893713634628
-8,-15,23.711600509532754
-8,-15,5.0
-8,-15,18.32073020965434
-8,-15,21.33296614157683
-8,-15,5.0
-8,-15,15.714985300838851
-8,-15,5.0
-8,-15,14.006903579985122
-8,-15,7.017226260464184
-8,-15,8.236057884104136
-8,-15,10.38243489982006
-8,-15,23.934255938615337
-8,-15,5.0
-8,-15,5.0
-8,-15,17.887199976825237
-9,-15,5.0
-9,-15,11.550891230245993
-9,-15,5.0
-9,-15,5.0
-9,-15,5.0
-9,-15,5.0
-9,-15,16.783300371849855
-9,-15,25.343361465655313
-9,-15,5.0
-9,-15,5.0
-9,-15,10.184299590062366
-9,-15,5.0
-9,-15,26.269803875107172
-9,-15,10.490092050585055
-9,-15,5.0
-9,-15,5.0
-9,-15,35.05369200305469
-9,-15,5.0
-9,-15,44.86271874819876
-9,-15,15.146324300810544
-9,-16,5.0
-9,-16,5.0
-9,-16,21.21816076874707
-9,-16,18.56111574212313
-9,-16,13.021619579199122
-9,-16,13.080483563064917
-9,-16,12.395407570516612
-9,-16,5.0
-9,-16,5.448070645857102
-9,-16,10.451899182112374
-9,-16,10.678900826211006
-9,-16,18.53930660551203
-9,-16,9.117058705548837
-9,-16,15.159921528072967
-9,-16,5.0
-9,-16,5.0
-9,-16,5.0
-9,-16,37.710202976333115
-9,-16,32.90948544450446
-9,-16,5.0
-9,-15,5.0
-9,-15,5.0
-9,-15,15.313599114518997
-9,-15,5.0
-9,-15,5.0
-9,-15,5.0
-9,-15,5.0
-9,-15,5.0
-9,-15,23.846959593276026
-9,-15,15.960543731824119
-9,-15,5.0
-9,-15,5.0
-9,-15,13.035133112027294
-9,-15,5.0
-9,-15,5.0
-9,-15,5.0
-9,-15,11.304640151446957
-9,-15,7.837569445486682
-9,-15,6.903769186168313
-9,-15,12.855750794844443
-8,-15,31.582771174518854
-8,-15,17.725726650402486
-8,-15,22.921484187486126
-8,-15,8.103896494505891
-8,-15,5.0
-8,-15,11.975276892609369
-8,-15,5.0
-8,-15,32.31600816097139
-8,-15,27.10433263981228
-8,-15,16.173019108343972
-8,-15,28.141522581894954
-8,-15,9.207378030818314
-8,-15,7.519899147584112
-8,-15,25.669843286576715
-8,-15,14.498832234190441
-8,-15,5.0
-8,-15,5.0
-8,-15,5.0
-8,-15,5.0
-8,-15,5.0
-8,-14,19.025326491556434
-8,-14,23.919574328501263
-8,-14,5.0
-8,-14,19.512736794205907
-8,-14,14.510239977125593
-8,-14,34.04233970380679
-8,-14,5.0
-8,-14,17.48924340911796
-8,-14,15.75976234423236
-8,-14,11.592480328509906
-8,-14,11.45885197768289
-8,-14,8.145605429463085
-8,-14,5.0
-8,-14,15.501416979579112
-8,-14,22.968138614467186
-8,-14,5.0
-8,-14,19.148122538616136
-8,-14,22.664414507854712
-8,-14,10.324343935020812
-8,-14,10.381952155254544
-7,-14,5.0
-7,-14,34.82442123978556
-7,-14,19.62434820774661
-7,-14,25.49659643739956
-7,-14,5.0
-7,-14,26.871916569150276
-7,-14,38.67380858728291
-7,-14,8.498981234426443
-7,-14,19.89619755026468
-7,-14,23.335114205007347
-7,-14,12.731347714697822
-7,-14,26.835110458214096
-7,-14,5.0
-7,-14,5.0
-7,-14,9.787853025686738
-7,-14,7.032203967019314
-7,-14,20.13342029154633
-7,-14,12.337236287441634
-7,-14,13.928982365045655
-7,-14,5.0
-6,-14,12.72150831620347
-6,-14,20.18906164405152
-6,-14,6.672134420521083
-6,-14,41.69848114147514
-6,-14,5.0
-6,-14,16.788083687928772
-6,-14,16.36302301969358
-6,-14,33.31823117035867
-6,-14,8.60072239485573
-6,-14,8.576856741290126
-6,-14,14.450610728143674
-6,-14,6.508519588317042
-6,-14,48.50439666025601
-6,-14,10.52278120461225
-6,-14,38.90998669461026
-6,-14,8.404654694206414
-6,-14,15.07158275570011
-6,-14,10.038900581792639
-6,-14,8.17084388568427
-6,-14,5.0
-5,-14,20.863903532156456
-5,-14,31.12157444416314
-5,-14,20.614231236005587
-5,-14,5.302976739953066
-5,-14,7.540829363216178
-5,-14,22.793861531537523
-5,-14,7.790956349247148
-5,-14,22.247386504570375
-5,-14,7.857755602908858
-5,-14,6.988994328738862
-5,-14,19.13230612585433
-5,-14,9.717916555075375
-5,-14,15.62768810670396
-5,-14,31.73708575555019
-5,-14,5.0
-5,-14,5.0
-5,-14,43.41117002062728
-5,-14,13.737973523314079
-5,-14,15.3403181098448
-5,-14,23.649098550094187
-5,-13,32.760999647989166
-5,-13,26.584216646002606
-5,-13,12.844107207682967
-5,-13,8.787688209060361
-5,-13,16.075952339468454
-5,-13,20.490514064836706
-5,-13,10.40157358418043
-5,-13,15.269873611786899
-5,-13,5.0
-5,-13,5.0
-5,-13,11.602764326568515
-5,-13,21.891993554104655
-5,-13,7.177700904318252
-5,-13,5.0
-5,-13,23.050683975016383
-5,-13,5.0
-5,-13,28.126222416312316
-5,-13,9.454963036192176
-5,-13,40.63770945484187
-5,-13,5.0
-4,-13,5.0
-4,-13,5.0
-4,-13,5.0
-4,-13,32.3449389887424
-4,-13,34.98079895145234
-4,-13,9.692133467248532
-4,-13,20.473724717495916
-4,-13,29.574736477993213
-4,-13,18.580606246930998
-4,-13,12.760972720487358
-4,-13,24.841123049677112
-4,-13,5.0
-4,-13,31.83229948463402
-4,-13,34.24143830527336
-4,-13,21.72999297905023
-4,-13,24.858237479053603
-4,-13,28.26710163181187
-4,-13,7.0384081920597925
-4,-13,5.0
-4,-13,28.788130552851513
-3,-13,36.53528570469891
-3,-13,13.395115127463647
-3,-13,13.700821555376319
-3,-13,10.582245731128005
-3,-13,5.0
-3,-13,5.0
-3,-13,6.837445769035831
-3,-13,11.00336804772261
-3,-13,24.937379152902732
-3,-13,18.830501597978788
-3,-13,22.43638702318244
-3,-13,29.29114133844918
-3,-13,18.666108933667942
-3,-13,15.154278258199753
-3,-13,26.391580164795666
-3,-13,21.352625464338953
-3,-13,11.5394261602132
-3,-13,5.0
-3,-13,17.948377248580584
-3,-13,30.428749534066917
-2,-13,20.46889046471054
-2,-13,12.26668493746201
-2,-13,36.0527900337444
-2,-13,30.496992481406906
-2,-13,17.372823327870908
-2,-13,29.49392768151909
-2,-13,42.12000476306336
-2,-13,27.83991046875763
-2,-13,25.46770618429647
-2,-13,6.044946453775296
-2,-13,22.287685376927016
-2,-13,29.57098544934965
-2,-13,12.450117523206028
-2,-13,19.41322056911988
-2,-13,7.606810458184691
-2,-13,12.44199717083539
-2,-13,14.139670757627457
-2,-13,6.578449078210433
-2,-13,23.770052421745937
-2,-13,31.88417907024615
-1,-13,35.445053868215126
-1,-13,25.28913967097236
-1,-13,5.0
-1,-13,30.19929048687063
-1,-13,14.31558039996316
-1,-13,7.8036665401457945
-1,-13,30.35984479298368
-1,-13,5.0
-1,-13,13.383801123886597
-1,-13,12.722005345369766
-1,-13,5.0
-1,-13,31.603487825002006
-1,-13,32.962837420340286
-1,-13,26.299252620347232
-1,-13,36.51685843928368
-1,-13,40.5632765202664
-1,-13,7.078982726632475
-1,-13,19.881212498970456
-1,-13,5.0
-1,-13,20.638128835106723
-1,-12,13.941480366573845
-1,-12,28.94969424426252
-1,-12,12.781641816841724
-1,-12,7.679560926123971
-1,-12,5.0
-1,-12,6.415346089094729
-1,-12,21.030626348717053
-1,-12,28.056574906634857
-1,-12,36.1749562822889
-1,-12,9.253364960495393
-1,-12,5.0
-1,-12,32.338518540776384
-1,-12,9.535238902311864
-1,-12,23.378523243600696
-1,-12,29.24067344419104
-1,-12,5.731530652493387
-1,-12,5.0
-1,-12,19.605667663303244
-1,-12,39.102665233131994
-1,-12,6.936866867369792
-2,-12,22.55210731885024
-2,-12,23.404098412952344
-2,-12,26.918659573696267
-2,-12,16.97279146587629
-2,-12,14.589778786166807
-2,-12,20.638045404729866
-2,-12,16.13941109776595
-2,-12,11.770474124603108
-2,-12,29.297379414359906
-2,-12,20.612676670587856
-2,-12,12.29657031663303
-2,-12,20.729122997452503
-2,-12,38.28289791781468
-2,-12,14.092220502576822
-2,-12,27.82679328677918
-2,-12,5.0
-2,-12,11.241567751765086
-2,-12,20.26352518751954
-2,-12,12.141794985662166
-2,-12,44.05930421379338
-1,-12,7.95930030875428
-1,-12,6.3900054443319405
-1,-12,41.092616936254814
-1,-12,5.0
-1,-12,52.072230277277804
-1,-12,22.244898144319286
-1,-12,5.0
-1,-12,40.818664098094416
-1,-12,24.47852363924781
-1,-12,35.28297735987208
-1,-12,8.055545159032205
-1,-12,19.767503577187355
-1,-12,18.225414233609175
-1,-12,15.95308781621297
-1,-12,11.998479041681925
-1,-12,17.73151209803946
-1,-12,31.965992663975968
-1,-12,28.36786542418224
-1,-12,11.60491632373887
-1,-12,5.0
-1,-11,5.0
-1,-11,21.96920055445791
-1,-11,5.0
-1,-11,18.84729698422559
-1,-11,5.0
-1,-11,5.0
-1,-11,19.957838166613335
-1,-11,10.221507668483012
-1,-11,22.96468297697389
-1,-11,19.129393474440782
-1,-11,5.0
-1,-11,28.123986234772396
-1,-11,31.054918750690014
-1,-11,18.05399482479776
-1,-11,23.767464958073752
-1,-11,10.625078935099983
-1,-11,27.885109193459144
-1,-11,55.40021470363007
-1,-11,24.964924260204604
-1,-11,5.0
-1,-12,29.48118122628795
-1,-12,21.430292245233396
-1,-12,17.99780996473418
-1,-12,9.564348864033834
-1,-12,23.26795210345751
-1,-12,13.941680822085821
-1,-12,16.119116245525007
-1,-12,45.27881676983503
-1,-12,25.05879794242006
-1,-12,5.0
-1,-12,20.4676753456895
-1,-12,30.369089511344754
-1,-12,5.0
-1,-12,21.694755062085346
-1,-12,8.194136654979786
-1,-12,5.0
-1,-12,18.690910726028612
-1,-12,31.372737168355883
-1,-12,21.915440870693818
-1,-12,13.90465078858579
-2,-12,20.864925528741008
-2,-12,25.048466742683143
-2,-12,21.300676242734028
-2,-12,17.768072257858854
-2,-12,5.677792552232379
-2,-12,18.306671403099482
-2,-12,9.932875535478281
-2,-12,15.723518896594902
-2,-12,5.0
-2,-12,9.104785629002286
-2,-12,15.012436955142642
-2,-12,15.09734830825375
-2,-12,5.618638189772193
-2,-12,43.76833544741997
-2,-12,14.24286153745691
-2,-12,26.721827027404565
-2,-12,5.0
-2,-12,8.028166353448624
-2,-12,26.499062566433473
-2,-12,22.69674012486999
-1,-12,21.0491951860975
-1,-12,17.83950757823374
-1,-12,6.7188276210577325
-1,-12,9.140798157396414
-1,-12,46.753131219019295
-1,-12,34.207136268287044
-1,-12,11.735665138456167
-1,-12,22.04524693187254
-1,-12,26.057302797563494
-1,-12,21.093238529644463
-1,-12,6.995300202375542
-1,-12,29.384357228231114
-1,-12,18.274643638097636
-1,-12,5.0
-1,-12,19.254003735962293
-1,-12,24.35860368524732
-1,-12,18.000884643512997
-1,-12,15.989670221124237
-1,-12,5.0
-1,-12,12.685938179259015
-1,-11,29.149274796818247
-1,-11,5.0
-1,-11,11.456522107581387
-1,-11,5.0
-1,-11,7.785687330580684
-1,-11,40.82980040589574
-1,-11,23.739566158636784
-1,-11,38.539052323585125
-1,-11,50.03020654948686
-1,-11,35.05073578798522
-1,-11,18.883896386514845
-1,-11,17.901058526256218
-1,-11,5.0
-1,-11,5.0
-1,-11,29.721444499232263
-1,-11,22.40704255934619
-1,-11,5.0
-1,-11,8.196886529334101
-1,-11,23.14756535892406
-1,-11,14.055439879894763
0,-11,12.30529036952975
0,-11,5.0
0,-11,17.26435776072053
0,-11,22.858051480852843
0,-11,17.417104350084063
0,-11,18.75608357537144
0,-11,6.825243769751582
0,-11,52.79643122432952
0,-11,6.9621658712702725
0,-11,34.00050660353788
0,-11,16.40391547762243
0,-11,24.114903164028846
0,-11,35.09561569317003
0,-11,17.45351008687915
0,-11,5.0
0,-11,8.998183805068361
0,-11,26.6992793864304
0,-11,23.549234502943
0,-11,5.0
0,-11,21.610560303883766
0,-10,11.37186267766806
0,-10,31.672697150584458
0,-10,5.0
0,-10,5.0
0,-10,23.113037373705847
0,-10,5.0
0,-10,27.11744924796605
0,-10,38.82483899876573
0,-10,13.520080169293998
0,-10,44.88734961612034
0,-10,14.904778357448913
0,-10,17.816119820125802
0,-10,5.0
0,-10,11.777996430430901
0,-10,36.784956595829065
0,-10,29.0003439779158
0,-10,44.72301133374446
0,-10,36.256923605187175
0,-10,31.431856905113314
0,-10,21.957942023613327
0,-9,13.322189125900401
0,-9,24.15010237419592
0,-9,28.438990784972617
0,-9,21.404514594092436
0,-9,23.159847560003556
0,-9,32.22839225092195
0,-9,44.83519968217721
0,-9,20.956820721258975
0,-9,38.04834319067902
0,-9,37.13718777276755
0,-9,25.2617712683979
0,-9,31.30538330772972
0,-9,12.860100056841713
0,-9,5.0
0,-9,36.85473933907566
0,-9,12.446243849874621
0,-9,24.060637331779425
0,-9,5.0
0,-9,33.121613509961364
0,-9,16.66710025903852
-1,-9,21.365013861793877
-1,-9,32.6001158279606
-1,-9,34.405845867502826
-1,-9,42.505271094314224
-1,-9,25.704487927912385
-1,-9,30.403401202499374
-1,-9,5.0
-1,-9,30.509359621125736
-1,-9,42.98172688778275
-1,-9,26.46116669078637
-1,-9,8.566045861529494
-1,-9,18.2507911569928
-1,-9,29.053199267696233
-1,-9,14.161734868511106
-1,-9,32.824421382388266
-1,-9,27.026800751473484
-1,-9,24.825376280074178
-1,-9,5.0
-1,-9,58.01823669743435
-1,-9,15.375851831435636
0,-9,21.516827252417997
0,-9,39.3253474401871
0,-9,44.55433573518013
0,-9,31.281542317585778
0,-9,22.151237124205267
0,-9,25.65528466590314
0,-9,36.97494074009548
0,-9,34.30902469780955
0,-9,14.963273691838868
0,-9,22.344339689097072
0,-9,22.57567181405167
0,-9,15.45796484014957
0,-9,27.367866668554985
0,-9,55.377866378898865
0,-9,42.297396509312776
0,-9,23.4373817318954
0,-9,34.06309390143497
0,-9,17.481634765040294
0,-9,58.57542741542288
0,-9,23.409211990378893
1,-9,59.64713486463117
1,-9,37.003582759782454
1,-9,46.852685522969324
1,-9,63.01400944178333
1,-9,24.876033147393134
1,-9,33.837351714818986
1,-9,18.292934739229697
1,-9,34.08544035299935
1,-9,14.897631807651436
1,-9,28.047623317757754
1,-9,39.32948982047652
1,-9,23.753410725122944
1,-9,24.3853553200681
1,-9,50.9720539715437
1,-9,16.561843638539965
1,-9,43.19586487152104
1,-9,11.144414508004232
1,-9,18.78589994243694
1,-9,49.42427871180054
1,-9,23.756305139375925
0,-9,35.73355769055357
0,-9,51.4378131694092
0,-9,31.803118814629705
0,-9,12.7503128143047
0,-9,5.0
0,-9,6.916403893030882
0,-9,31.399445044844715
0,-9,27.310887028757378
0,-9,9.04566451027718
0,-9,23.430730754904403
0,-9,5.0
0,-9,24.784452862888685
0,-9,51.58205469229845
0,-9,11.117675816038851
0,-9,26.719602735042855
0,-9,15.768356059620558
0,-9,12.466893023182644
0,-9,20.050830542471726
0,-9,5.759646355093864
0,-9,14.748511690031599
-1,-9,19.042235402074567
-1,-9,13.792061802054025
-1,-9,17.438661817319684
-1,-9,18.30707339352788
-1,-9,12.73967500492998
-1,-9,17.079397892379205
-1,-9,10.370636906572754
-1,-9,22.742862795590902
-1,-9,28.914230647061597
-1,-9,5.0
-1,-9,44.97483794033178
-1,-9,17.852517744307427
-1,-9,24.583648587919708
-1,-9,18.23857164686928
-1,-9,20.997505097247046
-1,-9,12.249066737387736
-1,-9,20.723546252535982
-1,-9,15.337497318870788
-1,-9,5.0
-1,-9,32.97385605601687
0,-9,28.15304783175945
0,-9,18.70244838393514
0,-9,48.550335645780365
0,-9,27.37014480578106
0,-9,11.240467355387313
0,-9,41.4088574373079
0,-9,6.512824268128842
0,-9,31.733681407152737
0,-9,29.420274080402507
0,-9,20.126369764727915
0,-9,20.712005812157358
0,-9,30.61157678467381
0,-9,24.618793439525493
0,-9,60.78415368024986
0,-9,19.120938736328775
0,-9,8.541479018467177
0,-9,5.0
0,-9,6.749706075208163
0,-9,15.325354874292804
0,-9,21.850943664513913
-1,-9,30.69019982394651
-1,-9,56.99139221584505
-1,-9,27.17324354236147
-1,-9,43.718955523172056
-1,-9,5.0
-1,-9,26.20913700470597
-1,-9,12.239023010793298
-1,-9,5.0
-1,-9,34.02569818447407
-1,-9,29.546086481837936
-1,-9,49.686171814229574
-1,-9,29.46100251345287
-1,-9,8.543041530747532
-1,-9,27.326169127805205
-1,-9,24.429952924699837
-1,-9,20.92168251883185
-1,-9,25.11655422453751
-1,-9,13.080496330299658
-1,-9,5.0
-1,-9,24.91001527191832
0,-9,22.816555195177767
0,-9,5.0
0,-9,32.276791199327235
0,-9,19.279836404895185
0,-9,5.0
0,-9,31.707683763419517
0,-9,20.668236145624775
0,-9,8.467320727970005
0,-9,8.443543490607079
0,-9,23.86197299481992
0,-9,35.65434649689569
0,-9,16.540295775830856
0,-9,14.975188073970166
0,-9,37.88422804121919
0,-9,44.15084996517144
0,-9,27.544187153675157
0,-9,36.84694864980354
0,-9,10.330546369110705
0,-9,17.717888117474782
0,-9,33.36373812620752
1,-9,8.559758695201698
1,-9,23.472222925948483
1,-9,14.283068301817947
1,-9,25.296161759100258
1,-9,21.935590678983115
1,-9,14.482344258086021
1,-9,5.0
1,-9,5.698801222825605
1,-9,26.877744900912308
1,-9,51.44255385948688
1,-9,13.038524609778547
1,-9,5.0
1,-9,12.705000850327403
1,-9,30.080918318145773
1,-9,7.852302568844472
1,-9,32.89561110408197
1,-9,19.28144424019738
1,-9,18.6646172133049
1,-9,16.340739586283753
1,-9,41.71258887534732
2,-9,8.83643907234438
2,-9,41.39418930426447
2,-9,14.489012732183038
2,-9,21.069541234839086
2,-9,21.926146761886102
2,-9,22.32406856934537
2,-9,9.17157653392298
2,-9,10.415006724657559
2,-9,5.0
2,-9,5.0
2,-9,33.28706731896277
2,-9,22.708774513864448
2,-9,7.690621762532324
2,-9,29.96265900701164
2,-9,21.202584056855706
2,-9,18.229799229293054
2,-9,32.64948892030292
2,-9,25.462041441571962
2,-9,9.821270838884844
2,-9,13.994756388477455
2,-8,9.38277106265763
2,-8,19.045377511201377
2,-8,23.807182908368574
2,-8,18.415554818270376
2,-8,30.375546876894234
2,-8,28.739918910934087
2,-8,16.52869814610512
2,-8,27.72192366284816
2,-8,48.48420138455159
2,-8,42.690004258887015
2,-8,14.568995350771266
2,-8,25.017622857033704
2,-8,11.65395548912831
2,-8,36.691906610921166
2,-8,41.98832227495232
2,-8,39.12877472688997
2,-8,16.759191981240285
2,-8,28.371277861827682
2,-8,23.007088510599374
2,-8,5.0
3,-8,23.40612569629876
3,-8,33.53906448603806
3,-8,41.52912817736241
3,-8,28.816864960427825
3,-8,20.14147019680556
3,-8,29.52034065701435
3,-8,27.73651064791391
3,-8,5.0
3,-8,17.66311307287146
3,-8,38.033786368036495
3,-8,37.91298903039713
3,-8,10.546423678634287
3,-8,21.658417106030033
3,-8,5.0
3,-8,36.984779825793744
3,-8,56.42124048993572
3,-8,39.196007503696805
3,-8,45.81036007014856
3,-8,25.488469816985496
3,-8,27.159131121378294
4,-8,18.796895978877583
4,-8,9.701146523535817
4,-8,12.105132699665234
4,-8,28.497266454251125
4,-8,21.260238035742695
4,-8,18.35314389239536
4,-8,6.453933781551521
4,-8,29.00398180968103
4,-8,47.61925153769282
4,-8,21.38772854002491
4,-8,21.854809320296912
4,-8,20.57478601336794
4,-8,19.906216798581863
4,-8,18.676772778328708
4,-8,41.384284286646945
4,-8,41.94103864892598
4,-8,16.99213527702108
4,-8,41.92447079327424
4,-8,16.584475008835806
4,-8,16.097354625677426
4,-9,43.89951486625759
4,-9,5.0
4,-9,16.94369326344436
4,-9,35.97900425092104
4,-9,14.357359217209531
4,-9,25.84365348303306
4,-9,22.38098967330942
4,-9,62.55673267107939
4,-9,15.98289742652437
4,-9,27.60967426663283
4,-9,40.82122746635147
4,-9,39.77474854468765
4,-9,54.43555825454198
4,-9,18.597843652826864
4,-9,32.54537895232444
4,-9,39.776321822795666
4,-9,8.065775691427577
4,-9,9.811858471779809
4,-9,21.86387549377993
4,-9,10.377937595180658
3,-9,16.488688657694404
3,-9,5.0
3,-9,16.656011707068917
3,-9,38.64596555266022
3,-9,18.361941969431616
3,-9,8.280933404116547
3,-9,5.0
3,-9,25.9535978402858
3,-9,15.334523778202254
3,-9,34.04874501419627
3,-9,37.30238560611029
3,-9,35.72583685127179
3,-9,21.787031135384908
3,-9,43.95342416186335
3,-9,24.73829767360032
3,-9,19.492186641929553
3,-9,20.62209637099174
3,-9,44.63102164817194
3,-9,31.027095064144525
3,-9,15.38752295744301
2,-9,5.0
2,-9,14.729902108422934
2,-9,18.39195967701305
2,-9,12.011622778462423
2,-9,24.17038952108942
2,-9,17.497602678284167
2,-9,23.716362636224183
2,-9,12.84879029565568
2,-9,29.51954712831003
2,-9,12.989610618313797
2,-9,5.0
2,-9,15.292880704995842
2,-9,22.00291989272467
2,-9,22.427891507360002
2,-9,23.96042017226837
2,-9,19.57359179329746
2,-9,5.0
2,-9,15.3539942611337
2,-9,17.962476802258642
2,-9,13.648620818158513
1,-9,5.1078342392808835
1,-9,51.051350701967394
1,-9,5.0
1,-9,16.633336201641537
1,-9,17.875140898771093
1,-9,20.656514894320374
1,-9,5.0
1,-9,24.9081571454583
1,-9,13.900602348111422
1,-9,24.376975728133083
1,-9,9.733645381217341
1,-9,27.873766974684855
1,-9,5.0
1,-9,38.03408825337069
1,-9,22.984792066923475
1,-9,5.0
1,-9,12.476070521512154
1,-9,30.7820394125541
1,-9,12.087490760581678
1,-9,5.0
1,-10,56.631181932403095
1,-10,33.94583601882756
1,-10,20.253839323431933
1,-10,13.320197006431309
1,-10,31.204631510622203
1,-10,30.71643572213217
1,-10,5.0
1,-10,19.67946075338265
1,-10,5.0
1,-10,22.320063660017347
1,-10,11.224147022772089
1,-10,32.25825536532659
1,-10,24.342895563991554
1,-10,26.718862573439477
1,-10,22.537343254288857
1,-10,28.171756538990373
1,-10,32.61150785447214
1,-10,5.0
1,-10,19.400788206092695
1,-10,25.50095973211452
0,-10,21.57103754143153
0,-10,12.783729603123298
0,-10,5.0
0,-10,5.0
0,-10,20.832176438835724
0,-10,43.79117848626596
0,-10,5.0
0,-10,51.32295437359334
0,-10,8.107444119835014
0,-10,54.85420253743942
0,-10,60.007031147336605
0,-10,5.0
0,-10,25.434063380965657
0,-10,42.802377241170944
0,-10,27.97166056934821
0,-10,5.0
0,-10,24.408671057218818
0,-10,5.0
0,-10,31.556145972948066
0,-10,18.67917052281808
0,-11,34.81701513863834
0,-11,27.82215039029368
0,-11,8.303306064149934
0,-11,20.283264193531743
0,-11,31.8860072138322
0,-11,27.73531920859333
0,-11,13.922753061899892
0,-11,10.017535608195502
0,-11,26.730977476263142
0,-11,6.744024283098442
0,-11,5.919408252222606
0,-11,30.968796943696915
0,-11,33.053020496930785
0,-11,18.46014108447744
0,-11,20.731612731151024
0,-11,44.50031289079476
0,-11,12.452655394928154
0,-11,9.396778876435942
0,-11,19.99559909836923
0,-11,13.724562458451093
0,-12,5.0
0,-12,11.897126787139795
0,-12,52.404299247158086
0,-12,7.5753222365125765
0,-12,23.976778679623692
0,-12,18.876388213597547
0,-12,26.930336424157964
0,-12,32.56456299510825
0,-12,34.76788587852272
0,-12,18.487560051358393
0,-12,29.41779441489753
0,-12,16.566522850970273
0,-12,39.83463233547013
0,-12,5.0
0,-12,17.381410735684195
0,-12,59.01906715760162
0,-12,29.552855886046714
0,-12,23.52906338485754
0,-12,24.18487828430032
0,-12,5.0
0,-11,13.804076760353883
0,-11,27.108021018901187
0,-11,10.05694761642051
0,-11,43.443597303175814
0,-11,19.780621100449356
0,-11,48.204885049783805
0,-11,34.73207792774923
0,-11,11.545361055507612
0,-11,31.340872511786834
0,-11,19.973147639493728
0,-11,32.71793798921961
0,-11,5.0
0,-11,21.58011970917577
0,-11,30.06960185897102
0,-11,12.984947855164272
0,-11,26.139306004920282
0,-11,20.001807712186356
0,-11,14.998300853246562
0,-11,20.958581671817917
0,-11,15.041943444540184
1,-11,27.219698515360527
1,-11,49.3806969449113
1,-11,14.608368473920356
1,-11,16.69427706670551
1,-11,22.40397461615336
1,-11,26.210925314802587
1,-11,44.56772091894034
1,-11,16.955228467133665
1,-11,5.0
1,-11,13.429471267015433
1,-11,5.0
1,-11,30.406455957877338
1,-11,26.539606682243623
1,-11,27.820206602485385
1,-11,19.38293448497454
1,-11,22.111798210861327
1,-11,14.102561552613565
1,-11,5.0
1,-11,22.33520446194778
1,-11,32.50843262465035
1,-12,22.23612919990365
1,-12,15.417133152293623
1,-12,15.35498214004779
1,-12,48.67851092626714
1,-12,5.0
1,-12,17.470007397308205
1,-12,5.0
1,-12,16.794696182924813
1,-12,34.86052007438569
1,-12,7.001928282756641
1,-12,10.450517875794935
1,-12,15.783477406908483
1,-12,32.104699914995486
1,-12,5.0
1,-12,30.859977778757802
1,-12,38.03186696543287
1,-12,19.929498140291436
1,-12,35.29559646260722
1,-12,5.0
1,-12,36.72706669638808
2,-12,13.5262160555637
2,-12,18.357135191899257
2,-12,8.532184439952424
2,-12,28.458825284143344
2,-12,5.18949806700504
2,-12,20.559358628816728
2,-12,8.636855559128836
2,-12,13.809732775965873
2,-12,19.02224814851504
2,-12,9.462466414278829
2,-12,23.5596103223103
2,-12,21.362653184368277
2,-12,5.0
2,-12,16.25036426219185
2,-12,27.08421747220283
2,-12,17.32605563440867
2,-12,31.861158602499824
2,-12,9.90002528566415
2,-12,8.037518239279343
2,-12,17.49046518451349
2,-11,5.571452600485731
2,-11,14.562683313515338
2,-11,26.821989698812427
2,-11,5.039182940115271
2,-11,19.78922285435502
2,-11,24.69796684444269
2,-11,21.06939253582446
2,-11,10.419646777948229
2,-11,39.87035601951785
2,-11,20.44424450486734
2,-11,44.99081370121358
2,-11,31.126996427068434
2,-11,13.84750869879966
2,-11,32.58491336622863
2,-11,23.18138692992453
2,-11,31.23417755279536
2,-11,20.695632105044425
2,-11,22.107376954074855
2,-11,26.30866983017537
2,-11,29.84506871133543
2,-10,12.568761843990352
2,-10,35.70670290400202
2,-10,14.204678609730626
2,-10,31.018730081180784
2,-10,23.50997903183471
2,-10,13.538228102037493
2,-10,53.14639336683727
2,-10,37.6047487419228
2,-10,27.17108329284185
2,-10,24.245623063004057
2,-10,28.370615197179642
2,-10,5.0
2,-10,32.4960250447718
2,-10,5.0
2,-10,15.089883885137652
2,-10,18.53194077491782
2,-10,25.42315378327953
2,-10,23.537240116708983
2,-10,26.036311806453796
2,-10,28.244045152986477
2,-9,17.257310488283252
2,-9,19.469056717289888
2,-9,34.818517014008265
2,-9,5.0
2,-9,18.53218953634463
2,-9,20.782646138269453
2,-9,5.0
2,-9,35.216952831177736
2,-9,29.454195179053148
2,-9,44.36478842484681
2,-9,31.253304027581258
2,-9,19.551218768835422
2,-9,15.52805122412397
2,-9,22.244871460555068
2,-9,39.6355756261082
2,-9,54.19706979641818
2,-9,5.0
2,-9,5.0
2,-9,5.0
2,-9,22.28981547375949
3,-9,31.022546838714817
3,-9,5.0
3,-9,34.28632877369102
3,-9,23.523177181852194
3,-9,18.775644876172493
3,-9,15.487641103715845
3,-9,20.18436741953751
3,-9,27.09113596495436
3,-9,26.87692919481664
3,-9,46.743973501062236
3,-9,27.48811579228004
3,-9,58.40623835983455
3,-9,36.618833684892614
3,-9,26.95549205680817
3,-9,51.956835686057254
3,-9,14.858992177090041
3,-9,19.113122538218494
3,-9,29.447154175569878
3,-9,15.040232513194404
3,-9,24.22401871196286
2,-9,11.344241682577456
2,-9,18.14263637051237
2,-9,20.139015090161205
2,-9,48.06491232374695
2,-9,35.157459620215405
2,-9,18.343560625562226
2,-9,28.660629868674103
2,-9,27.50479725352219
2,-9,43.55806714247012
2,-9,8.490759233107378
2,-9,32.32111529964433
2,-9,43.2372386710869
2,-9,12.937386762664813
2,-9,13.549380853598219
2,-9,27.650510733085405
2,-9,20.442360104334362
2,-9,18.35557860610959
2,-9,39.384944119626695
2,-9,34.23022045993544
2,-9,24.56626337147975
2,-8,41.43252583873363
2,-8,5.0
2,-8,30.456650014865573
2,-8,23.91754024892907
2,-8,42.70574958233107
2,-8,18.23423604838608
2,-8,43.620848177073555
2,-8,20.28822964963681
2,-8,13.258321786130821
2,-8,5.0
2,-8,32.619509798425526
2,-8,7.989780279372283
2,-8,21.42680691555199
2,-8,39.57915864844681
2,-8,44.727301791805345
2,-8,33.17673786011551
2,-8,16.285510959220527
2,-8,5.484099814842992
2,-8,29.486929478595204
2,-8,11.296032172495273
2,-9,22.64802782307855
2,-9,16.16389685342171
2,-9,23.53070819465997
2,-9,5.0
2,-9,13.127419045079861
2,-9,6.912259526685361
2,-9,32.734213734131494
2,-9,32.31863950866138
2,-9,23.62883604924079
2,-9,29.433294192313085
2,-9,44.239182466784094
2,-9,12.467815021802894
2,-9,26.984510631140807
2,-9,18.93248683855804
2,-9,21.313155857449214
2,-9,11.511662443916894
2,-9,40.601090709886364
2,-9,23.803364377735885
2,-9,27.328411477754578
2,-9,5.0
3,-9,23.289737481146474
3,-9,19.790747109626476
3,-9,17.45911492549579
3,-9,14.05521321858051
3,-9,20.68261447024006
3,-9,40.92686815420734
3,-9,26.9691765845003
3,-9,25.934172960421986
3,-9,33.28264489912007
3,-9,20.667410638553157
3,-9,24.299123214119906
3,-9,14.110915817107982
3,-9,30.903489622985354
3,-9,31.173709530881005
3,-9,24.275306584301376
3,-9,45.015476647295515
3,-9,15.325663199313201
3,-9,5.0
3,-9,22.123842817520206
3,-9,9.343946782474966
3,-8,32.40696483936664
3,-8,32.818687688010854
3,-8,17.974593601174572
3,-8,39.42185846544196
3,-8,13.207464552767561
3,-8,26.705074193098785
3,-8,6.594030391975096
3,-8,21.26880879951865
3,-8,53.917273075084964
3,-8,44.171951721031505
3,-8,18.53714417111117
3,-8,21.747750878619538
3,-8,5.0
3,-8,20.499361542289346
3,-8,13.977493726086722
3,-8,37.771170400256864
3,-8,8.61387056636736
3,-8,24.972363529788023
3,-8,41.64578606346531
3,-8,26.249722707369312
4,-8,19.67002977907035
4,-8,5.0
4,-8,31.056484501129333
4,-8,46.22287577678235
4,-8,31.446611312070438
4,-8,5.0
4,-8,9.78735479453317
4,-8,43.48612405029199
4,-8,32.84163859349867
4,-8,18.99672829785257
4,-8,5.053138313524979
4,-8,37.74324774514674
4,-8,19.623671653390282
4,-8,17.29633105984632
4,-8,39.08054998816414
4,-8,5.0
4,-8,46.542212904852654
4,-8,19.661418703789053
4,-8,13.76159604045802
4,-8,23.261493473426647
5,-8,8.112183199645665
5,-8,51.51773978865627
5,-8,41.5355843963636
5,-8,23.732206324001723
5,-8,16.577709536567404
5,-8,35.23291351759573
5,-8,59.35377652681706
5,-8,35.01359225080616
5,-8,44.40973100966887
5,-8,52.56389351767882
5,-8,28.956986710663074
5,-8,35.218721965652726
5,-8,16.28443334447752
5,-8,6.740202282954609
5,-8,30.781544484035145
5,-8,31.76766013983754
5,-8,17.552871495417563
5,-8,43.051402592105305
5,-8,40.45991493161718
5,-8,9.66935547555059
6,-8,46.68842830529391
6,-8,22.65731493520212
6,-8,39.65860379603028
6,-8,15.35423223728444
6,-8,30.29693202178967
6,-8,25.205626870327023
6,-8,33.44754073503347
6,-8,36.011419107940654
6,-8,14.928162115081381
6,-8,28.05426292766736
6,-8,20.98886433729567
6,-8,24.901211016469333
6,-8,19.976475128708877
6,-8,20.634614239996804
6,-8,19.09029826276038
6,-8,5.0
6,-8,13.241747722705936
6,-8,22.78099512415733
6,-8,9.704118071813836
6,-8,8.099336956074934
6,-7,24.7831625282314
6,-7,36.35585868362848
6,-7,6.993247139002467
6,-7,50.43240707495565
6,-7,5.0
6,-7,6.46907630661409
6,-7,17.31507364958936
6,-7,15.105426083929089
6,-7,19.135249962030823
6,-7,27.296968968503997
6,-7,28.907452207421173
6,-7,8.966677994013276
6,-7,19.966594670129215
6,-7,30.561769469919106
6,-7,11.915604657537362
6,-7,5.0
6,-7,21.037089159711392
6,-7,23.56022592548313
6,-7,41.082504158147124
6,-7,13.31805532364001
6,-6,8.469561522424431
6,-6,18.582083433911272
6,-6,41.38679475239458
6,-6,24.64635738259586
6,-6,7.8811811262301426
6,-6,17.284655051384195
6,-6,17.493130369187366
6,-6,23.394948080830016
6,-6,37.55124195917875
6,-6,36.62425708896248
6,-6,31.747223792517723
6,-6,28.01181712684027
6,-6,10.701616741424548
6,-6,9.835175543705608
6,-6,28.87847331439429
6,-6,11.905283434516981
6,-6,10.49895497462273
6,-6,24.43132743780608
6,-6,35.07803996416692
6,-6,15.76028558109167
7,-6,29.414446265884685
7,-6,36.13787012161315
7,-6,34.001887113244784
7,-6,11.859643783015574
7,-6,38.96434717254192
7,-6,27.110611829278078
7,-6,26.11404923504947
7,-6,13.717926439826023
7,-6,19.3936869151368
7,-6,18.47808132418949
7,-6,18.02163559160941
7,-6,21.28378296128989
7,-6,38.522313481283064
7,-6,27.071062965645645
7,-6,17.186809565428604
7,-6,5.0
7,-6,19.874631898605017
7,-6,27.84479795209507
7,-6,12.467951069862888
7,-6,34.598818481980686
7,-7,27.353390663237708
7,-7,18.831484246457396
7,-7,29.94307848025199
7,-7,23.59233596350224
7,-7,12.88789699278759
7,-7,31.455996534818233
7,-7,28.09169240065472
7,-7,20.82991019145127
7,-7,21.03994138033222
7,-7,20.379022368890563
7,-7,21.669095728607843
7,-7,16.3081890407383
7,-7,30.96788890362329
7,-7,18.347792589197432
7,-7,13.665282970677712
7,-7,5.0
7,-7,38.453672586229466
7,-7,16.929217018511054
7,-7,25.86267041792296
7,-7,5.247683326123639
6,-7,22.800353793139408
6,-7,35.436277790509024
6,-7,10.40577912652437
6,-7,39.70654563006191
6,-7,17.71153190877025
6,-7,27.632018024300233
6,-7,17.286454268046352
6,-7,30.747862410515296
6,-7,18.99644789560144
6,-7,14.560439952768277
6,-7,36.83476034399979
6,-7,24.15240081559278
6,-7,5.0
6,-7,18.203643531169085
6,-7,28.633788026247043
6,-7,31.191032839243583
6,-7,37.26806582165628
6,-7,30.941675260609493
6,-7,13.969088940391558
6,-7,26.28734633497683
7,-7,21.712214691340893
7,-7,19.860292706160287
7,-7,21.03217603572436
7,-7,30.71935767493072
7,-7,35.18525811075751
7,-7,17.34263440595665
7,-7,18.87921309871194
7,-7,5.0
7,-7,9.115398257354142
7,-7,48.79073506949369
7,-7,67.37972537992285
7,-7,13.25672811236604
7,-7,5.0
7,-7,24.98588512552547
7,-7,5.0
7,-7,5.72422213535642
7,-7,5.0
7,-7,32.762980313375884
7,-7,38.07725048841978
7,-7,19.92266771871363
8,-7,43.212162674172816
8,-7,5.0
8,-7,23.67600075488011
8,-7,10.77396617504687
8,-7,5.0
8,-7,6.1094212393714304
8,-7,5.0
8,-7,17.3432730225324
8,-7,41.03448108109809
8,-7,28.275727041121584
8,-7,23.53918365550297
8,-7,29.713080725782483
8,-7,5.0
8,-7,43.01697308203295
8,-7,19.140392164870264
8,-7,53.792435908883064
8,-7,13.545068279300487
8,-7,31.26692451856623
8,-7,16.121261864410517
8,-7,28.183231402850392
8,-6,36.6648258627328
8,-6,14.254547884063632
8,-6,6.92643205158951
8,-6,37.11517088871112
8,-6,32.32657457319661
8,-6,28.620349020024932
8,-6,21.3478469614933
8,-6,18.772004835628763
8,-6,25.028384023424884
8,-6,5.0
8,-6,21.515567814326122
8,-6,5.854073623717316
8,-6,21.358596722613502
8,-6,8.09977107606127
8,-6,6.308330027761366
8,-6,27.396102041326984
8,-6,34.21070627872821
8,-6,9.743798185355653
8,-6,36.77207773084064
8,-6,19.53871959066725
7,-6,15.837048324463794
7,-6,15.06539518308695
7,-6,26.420835170710696
7,-6,44.30686615171179
7,-6,18.14047928591677
7,-6,31.5411227323469
7,-6,32.81301925238259
7,-6,55.27192251253393
7,-6,48.45578896138088
7,-6,47.014295210864766
7,-6,30.082742056199972
7,-6,8.79329207198763
7,-6,20.09185078213543
7,-6,6.1890911483057
7,-6,17.181762170783543
7,-6,27.58616648796019
7,-6,24.82606035036032
7,-6,28.029236478627286
7,-6,20.156934394630973
7,-6,35.62454943701233
7,-5,33.03035560788885
7,-5,15.18048401252025
7,-5,19.631413997711338
7,-5,21.261940385078624
7,-5,25.459127090283317
7,-5,32.21321080218289
7,-5,40.19437353005195
7,-5,5.0
7,-5,26.928220371188882
7,-5,35.87617798794471
7,-5,24.91728479592379
7,-5,36.09782846291341
7,-5,22.886725084989287
7,-5,15.869073132196572
7,-5,34.36315677907066
7,-5,29.681219813233213
7,-5,22.93874567653168
7,-5,7.608426247482658
7,-5,20.61564742538328
7,-5,10.962998801438852
7,-4,5.0
7,-4,27.9558850595573
7,-4,8.457285119262835
7,-4,37.992477412256235
7,-4,44.79257188808116
7,-4,36.54196469262557
7,-4,20.14880520450758
7,-4,35.391619368330495
7,-4,20.944868407971093
7,-4,9.221642682066104
7,-4,42.20283965263539
7,-4,44.592074002193925
7,-4,11.595268684383651
7,-4,34.93747902225578
7,-4,14.068639914529683
7,-4,21.877861305820574
7,-4,5.0
7,-4,5.0
7,-4,14.128318933944907
7,-4,5.0
8,-4,9.978693399070137
8,-4,5.0
8,-4,29.9158396888702
8,-4,44.5572986197262
8,-4,40.782457204757485
8,-4,35.48298960289817
8,-4,43.336419232926325
8,-4,42.450041492904845
8,-4,23.250148456072562
8,-4,37.78714021003018
8,-4,29.52047170881555
8,-4,17.288679132568785
8,-4,22.746137790240212
8,-4,28.92685026865074
8,-4,29.811920575280503
8,-4,6.731728102461737
8,-4,14.006542955301544
8,-4,38.79304776475473
8,-4,5.0
8,-4,53.0122182064817
9,-4,24.424206054688927
9,-4,16.24250591375015
9,-4,10.010753164635501
9,-4,5.0
9,-4,10.099865501505125
9,-4,21.97634305675849
9,-4,13.45111743942314
9,-4,24.987438537481218
9,-4,37.35274283565465
9,-4,35.457313279815025
9,-4,22.375316558465226
9,-4,10.56759796467224
9,-4,11.225347527504532
9,-4,5.0
9,-4,37.20169390937424
9,-4,5.0
9,-4,26.39441496714443
9,-4,19.769917146922875
9,-4,37.23886655064045
9,-4,6.99078243912043
9,-3,46.97406524721592
9,-3,5.0
9,-3,37.16406211719951
9,-3,25.175959736154184
9,-3,31.07156864921584
9,-3,20.173969814359946
9,-3,47.146164653316475
9,-3,34.733466393376816
9,-3,44.26335013513754
9,-3,27.12664904130955
9,-3,16.97092842175225
9,-3,17.975864477910186
9,-3,19.87234426732026
9,-3,29.96563810354384
9,-3,17.50109919491162
9,-3,19.52569592169725
9,-3,49.92408249708886
9,-3,16.31212865895593
9,-3,5.0
9,-3,39.879324561664404
9,-2,5.0
9,-2,40.09208598554392
9,-2,29.381400124311313
9,-2,9.378151788860146
9,-2,9.900914380107647
9,-2,5.959015934498961
9,-2,44.31268170413011
9,-2,22.899952839721035
9,-2,26.800778449465632
9,-2,14.116666202019404
9,-2,58.91236515424178
9,-2,41.7363554879724
9,-2,13.792789542265215
9,-2,18.856920430377915
9,-2,12.63827937243402
9,-2,21.520832444859252
9,-2,40.49610931765221
9,-2,42.90257903563587
9,-2,45.84046330444359
9,-2,30.5826531893161
10,-2,30.37556646295581
10,-2,26.446348353824146
10,-2,21.62832445795632
10,-2,11.825974583439736
10,-2,39.68365559134237
10,-2,15.310784540651666
10,-2,11.414567953738045
10,-2,21.01673984644139
10,-2,5.0
10,-2,11.43266182533882
10,-2,6.8849654875973805
10,-2,32.852585644738866
10,-2,14.922896828940551
10,-2,33.976944694776954
10,-2,7.339249251829919
10,-2,27.109634157740988
10,-2,25.780437471214082
10,-2,5.0
10,-2,14.754911460981461
10,-2,5.0
9,-2,32.77415092147457
9,-2,13.914712929109763
9,-2,26.250801843264295
9,-2,27.727457979508593
9,-2,25.52647378458691
9,-2,37.005015361161924
9,-2,28.731097653095805
9,-2,21.085040533207696
9,-2,25.64161683484889
9,-2,33.34907900719751
9,-2,18.38524271489222
9,-2,29.63693701238008
9,-2,7.9099912623531985
9,-2,32.78111841977848
9,-2,43.45999022402762
9,-2,18.352241624655957
9,-2,34.65869895825607
9,-2,30.103648506300633
9,-2,55.13964273581766
9,-2,30.11111477652691
10,-2,5.0
10,-2,25.11009164647398
10,-2,5.0
10,-2,12.435903517187327
10,-2,5.0
10,-2,9.509827288676078
10,-2,36.5435940644413
10,-2,19.237872219590063
10,-2,33.21751687444168
10,-2,34.49325376874974
10,-2,13.136356500146848
10,-2,31.404643832336944
10,-2,16.210796354633
10,-2,19.44861695533552
10,-2,28.228456277163648
10,-2,29.190595285606804
10,-2,47.76090162472335
10,-2,5.0
10,-2,35.28502756799904
10,-2,22.541043892320246
10,-1,5.044387160736118
10,-1,23.25745536909119
10,-1,11.220802843172226
10,-1,6.710143441034749
10,-1,47.65978064188009
10,-1,7.091434632072916
10,-1,18.790984762903147
10,-1,36.73823969142897
10,-1,50.742011746775404
10,-1,32.510621420548404
10,-1,29.339764076248745
10,-1,41.46406641642635
10,-1,22.571649450591604
10,-1,45.557536300994855
10,-1,5.0
10,-1,28.49521018615947
10,-1,15.12691080720309
10,-1,26.08080941294582
10,-1,21.992030980200923
10,-1,13.638998680280437
11,-1,5.0
11,-1,11.0775206528449
11,-1,17.55787183844248
11,-1,15.313516304770621
11,-1,21.961694870258388
11,-1,40.046201785707865
11,-1,5.539894090533952
11,-1,22.36665629978771
11,-1,21.33515359628531
11,-1,30.36007256567914
11,-1,14.381402013948492
11,-1,5.0
11,-1,33.86997811619751
11,-1,20.560425460884115
11,-1,5.0
11,-1,41.92552924911111
11,-1,23.106356845446523
11,-1,5.0
11,-1,20.165781800915056
11,-1,48.604688137723564
11,0,13.639897115236856
11,0,24.8992272498973
11,0,5.0
11,0,5.0
11,0,21.63526572352663
11,0,5.738800097399633
11,0,22.35895683615192
11,0,30.95478123861801
11,0,33.02799252082701
11,0,9.052894712420187
11,0,5.0
11,0,9.210773962526266
11,0,22.291669011131894
11,0,5.0
11,0,37.415959434949535
11,0,15.565460328688266
11,0,19.949964095298764
11,0,9.630522647913327
11,0,6.315631093471769
11,0,12.98367774398246
12,0,17.94829197869552
12,0,17.38709488831355
12,0,22.01017539800074
12,0,11.9210938206571
12,0,18.251132279729763
12,0,5.0
12,0,38.220677057355374
12,0,7.217699180153877
12,0,11.957743399126338
12,0,19.007488811857815
12,0,43.81609632863048
12,0,5.0
12,0,19.116650238083942
12,0,23.736379389686366
12,0,5.0
12,0,10.821044363035409
12,0,31.28487288216744
12,0,5.0
12,0,22.44796938657466
12,0,25.717594225490142
12,1,27.52874460756062
12,1,33.72943406841122
12,1,20.304852726427615
12,1,5.0
12,1,16.59151088459749
12,1,27.73870148939063
12,1,34.94738193614068
12,1,5.0
12,1,6.2717531466851515
12,1,41.61454454640343
12,1,5.0
12,1,19.137530253988164
12,1,26.099713880184858
12,1,5.0
12,1,5.0
12,1,26.424382630859604
12,1,5.0
12,1,24.854367435203706
12,1,5.582490986271019
12,1,23.50484393851144
12,2,9.577868833238046
12,2,32.98840480426013
12,2,14.006484989827895
12,2,21.296954911353982
12,2,12.310972608641382
12,2,5.0
12,2,5.0
12,2,28.731067876344547
12,2,19.40534636286545
12,2,5.0
12,2,42.30186428349763
12,2,22.851186104234674
12,2,16.244132532532806
12,2,21.2967467455151
12,2,38.02587674198466
12,2,22.00209334990505
12,2,8.965835647525264
12,2,10.832573390268912
12,2,5.0
12,2,27.802484953088868
13,2,10.771421976929783
13,2,21.127113437025464
13,2,5.0
13,2,11.368235442819039
13,2,5.0
13,2,18.404304078054
13,2,5.364918301022483
13,2,7.33619312975957
13,2,5.0
13,2,21.646944773898745
13,2,5.0
13,2,30.079499336029293
13,2,5.0
13,2,10.019700001284601
13,2,20.617372297200163
13,2,5.0
13,2,18.486591345422283
13,2,15.715511613468017
13,2,5.0
13,2,22.721901426606863
13,3,25.605381457881364
13,3,28.85580108758581
13,3,5.0
13,3,10.838736426374757
13,3,21.032248164329665
13,3,29.99329506694859
13,3,12.731548731825592
13,3,25.60219535368794
13,3,16.365265449929517
13,3,11.629978470862804
13,3,5.0
13,3,13.034491796470759
13,3,19.850508653601857
13,3,15.98747683814919
13,3,16.668117600163228
13,3,17.718823255894016
13,3,21.81470512725498
13,3,5.0
13,3,17.578540361049246
13,3,10.746775728536763
12,3,24.643605473324126
12,3,22.4409347041602
12,3,14.94025243241591
12,3,11.671013483756957
12,3,18.832941027510092
12,3,5.314064703322584
12,3,48.03521477243219
12,3,20.09465192565634
12,3,5.0
12,3,12.097510922237005
12,3,35.61168127057951
12,3,29.60706344275903
12,3,29.27994261593238
12,3,15.365186855440655
12,3,5.0
12,3,10.976801402017328
12,3,6.767482306127315
12,3,42.74852351733533
12,3,13.008540760542076
12,3,5.0
12,4,5.0
12,4,5.0
12,4,25.700916119184484
12,4,24.207568900219783
12,4,5.0
12,4,13.798864711019919
12,4,11.958878904534394
12,4,23.410971994366903
12,4,5.0
12,4,5.0
12,4,5.0
12,4,32.912577174784765
12,4,5.0
12,4,28.600342166712252
12,4,5.0
12,4,7.629300580623704
12,4,8.338167775741372
12,4,9.032641422812674
12,4,38.170594073393204
12,4,5.971268209881893
13,4,20.30688715753092
13,4,5.0
13,4,5.0
13,4,17.83146767603162
13,4,25.06064939808047
13,4,5.0
13,4,5.0
13,4,5.0
13,4,11.326450232384
13,4,12.31186890514021
13,4,5.0
13,4,8.469405459518647
13,4,14.82967834931327
13,4,6.951444283094307
13,4,27.593938211094702
13,4,21.635537933238254
13,4,10.7505859629923
13,4,22.32860835201832
13,4,24.923791460884352
13,4,21.856655655689206
12,4,5.0
12,4,13.287925040412025
12,4,30.517461691312036
12,4,20.764735247684307
12,4,5.0
12,4,5.0
12,4,20.821198466511024
12,4,5.0
12,4,26.564914793823444
12,4,6.04583895035443
12,4,26.045518910551465
12,4,5.0
12,4,5.0
12,4,14.347403427919495
12,4,15.267311400561365
12,4,37.0941994744531
12,4,24.050108886386344
12,4,5.0
12,4,35.82071421601678
12,4,22.416085033930948
12,5,11.88363028973085
12,5,15.352710662509635
12,5,5.0
12,5,26.650823312868845
12,5,13.935487380870079
12,5,23.273713360653836
12,5,22.06017183799451
12,5,19.917979050380648
12,5,17.671492391567064
12,5,9.267137045787358
12,5,28.82400886099234
12,5,5.0
12,5,5.0
12,5,5.0
12,5,5.572326497996112
12,5,34.51492333068872
12,5,12.462477409156431
12,5,7.6755322405705355
12,5,19.67664825813555
12,5,39.48778117290168
13,5,5.0
13,5,16.171790742181994
13,5,17.959820774060255
13,5,21.008454095216408
13,5,5.0
13,5,19.4247097321
13,5,15.347395896667626
13,5,5.0
13,5,23.192840509717062
13,5,36.8168940531895
13,5,12.745934179406815
13,5,21.99862411584087
13,5,5.0
13,5,14.520827612419756
13,5,11.011422661752537
13,5,24.04502029681219
13,5,5.0
13,5,5.0
13,5,5.0
13,5,23.358268206751653
14,5,8.050859219301813
14,5,26.725128922430848
14,5,5.0
14,5,17.581070629719854
14,5,20.086756476666178
14,5,24.583010831352166
14,5,14.321098334682178
14,5,5.0
14,5,14.122525503930376
14,5,17.208630659896034
14,5,7.855040464326766
14,5,21.64617403184701
14,5,31.375142677981387
14,5,15.9951988205822
14,5,11.670255346842286
14,5,25.96905423946997
14,5,7.4705905901703495
14,5,5.0
14,5,5.0
14,5,5.0
13,5,16.861716640253725
13,5,5.0
13,5,17.274969024708724
13,5,16.01530878714714
13,5,22.66340271711089
13,5,5.0
13,5,8.575712400169099
13,5,11.469507461214087
13,5,12.787678120184204
13,5,32.48348473767259
13,5,9.07608834936148
13,5,12.367410088477136
13,5,7.673946569505072
13,5,7.707243295286802
13,5,5.0
13,5,18.48281938060237
13,5,5.0
13,5,19.03013341718634
13,5,5.0
13,5,33.61197694378469
13,4,17.868302164077704
13,4,10.83822733464756
13,4,15.540204510593167
13,4,5.0
13,4,16.49896384927077
13,4,5.0
13,4,20.86840200605414
13,4,14.175008985057683
13,4,6.5939117269604735
13,4,36.51447665864674
13,4,5.0
13,4,5.0
13,4,24.747121895847147
13,4,14.469312945252542
13,4,36.057810424008615
13,4,37.617575127155455
13,4,5.0
13,4,25.771327437297476
13,4,5.0
13,4,19.994417656147654
14,4,31.10452859001039
14,4,7.874487969477884
14,4,5.415045196785271
14,4,21.597824967682044
14,4,20.681661895201348
14,4,13.58175463450601
14,4,5.0
14,4,5.0
14,4,5.0
14,4,5.0
14,4,13.959244568550847
14,4,5.0
14,4,12.279032501966043
14,4,38.268301611925224
14,4,13.798617535344134
14,4,31.62445769340966
14,4,48.06674758301229
14,4,10.536467514423792
14,4,5.698710108791091
14,4,7.345590260782351
14,5,6.989353995317687
14,5,12.940879006256516
14,5,5.0
14,5,7.419672268935826
14,5,10.331607627954485
14,5,36.6776984945203
14,5,5.0
14,5,31.84393270618998
14,5,8.487165205977657
14,5,5.0
14,5,7.058765853430513
14,5,10.382785247664861
14,5,17.646575246886616
14,5,7.341356099008651
14,5,5.0
14,5,5.0
14,5,6.533733497108034
14,5,5.0
14,5,30.305441744440273
14,5,5.0
15,5,5.0
15,5,6.382293724813701
15,5,5.0
15,5,5.0
15,5,6.647645275822071
15,5,5.0
15,5,8.391857623240194
15,5,21.4045978008675
15,5,12.399229299969843
15,5,39.20700510943738
15,5,5.0
15,5,5.0
15,5,10.12489964982667
15,5,9.73820775618238
15,5,11.753394736541587
15,5,5.0
15,5,5.0
15,5,8.878801738370894
15,5,12.446275586064054
15,5,5.0
16,5,5.0
16,5,7.13272029001805
16,5,5.0
16,5,26.38297003136396
16,5,5.0
16,5,5.0
16,5,35.835319987601196
16,5,8.630751248753356
16,5,5.0
16,5,9.045069126869748
16,5,13.004321747445886
16,5,36.043608325097225
16,5,29.030632720014683
16,5,39.71026544256007
16,5,26.731732238975656
16,5,14.651219555200075
16,5,32.6965596256305
16,5,8.21038053509553
16,5,5.0
16,5,5.0
17,5,21.283049909715515
17,5,16.344741959646328
17,5,5.0
17,5,5.0
17,5,23.64843668443056
17,5,30.225888521634023
17,5,5.0
17,5,12.182400271531744
17,5,18.7738662699105
17,5,10.621414785226754
17,5,5.0
17,5,5.0
17,5,5.0
17,5,5.0
17,5,10.291527232770271
17,5,5.0
17,5,5.0
17,5,5.0
17,5,5.0
17,5,8.968514404934492
18,5,26.856469747393923
18,5,5.0
18,5,28.391897761439566
18,5,5.407868212894445
18,5,18.513096750652956
18,5,5.427419449531019
18,5,24.888127875621706
18,5,13.868833172536187
18,5,5.0
18,5,13.814662275542483
18,5,5.0
18,5,5.0
18,5,11.574557678634001
18,5,5.0
18,5,5.0
18,5,5.0
18,5,5.0
18,5,5.0
18,5,5.0
18,5,16.41303109560143
18,6,5.0
18,6,10.628049874208
18,6,7.142265740877631
18,6,7.02070643631639
18,6,5.0
18,6,22.5126288192092
18,6,21.534090462390193
18,6,5.0
18,6,15.016692142800544
18,6,50.23641801366273
18,6,5.0
18,6,5.0
18,6,24.701829096585215
18,6,5.0
18,6,13.526740080481364
18,6,13.359229355033973
18,6,5.0
18,6,31.53739783557184
18,6,5.0
18,6,5.0
18,7,5.0
18,7,5.0
18,7,5.0
18,7,5.0
18,7,9.885999828902701
18,7,6.696325631187516
18,7,9.083739950036925
18,7,5.0
18,7,5.0
18,7,5.0
18,7,14.726578829024813
18,7,9.402353923632987
18,7,5.0
18,7,5.49999714100996
18,7,5.0
18,7,19.82858460597572
18,7,7.957926276117825
18,7,18.183959459096467
18,7,5.0
18,7,7.007030187625201
18,8,5.0
18,8,5.0
18,8,11.682137565133472
18,8,5.0
18,8,24.540066241670004
18,8,17.47207924830821
18,8,12.821523214252831
18,8,8.73693800000625
18,8,19.924782187356463
18,8,5.0
18,8,7.728217506947867
18,8,5.0
18,8,8.38827180433968
18,8,12.056091728268065
18,8,5.0
18,8,5.0
18,8,5.0
18,8,13.583331664414244
18,8,11.438068444550094
18,8,5.0
19,8,5.0
19,8,8.370457175072403
19,8,5.0
19,8,5.0
19,8,5.0
19,8,7.514329937384006
19,8,5.0
19,8,5.0
19,8,5.0
19,8,24.90522416426769
19,8,5.0
19,8,5.0
19,8,5.362184451780465
19,8,11.451290018654731
19,8,5.0
19,8,5.0
19,8,14.228912696376314
19,8,7.8699040121514
19,8,5.0
19,8,5.0
20,8,5.0
20,8,5.0
20,8,5.0
20,8,23.643446847205716
20,8,5.0
20,8,11.836427613736966
20,8,22.66130091630785
20,8,11.806640061428196
20,8,8.3242074489165
20,8,21.21508664635492
20,8,5.0
20,8,5.0
20,8,5.0
20,8,5.0
20,8,17.22173557867203
20,8,5.0
20,8,5.0
20,8,5.0
20,8,5.0
20,8,6.6529449897175255
19,8,5.0
19,8,14.777922519290797
19,8,14.449014950767987
19,8,14.777369177407692
19,8,5.0
19,8,7.293944876653812
19,8,5.0
19,8,5.0
19,8,5.0
19,8,5.0
19,8,5.858833776316728
19,8,5.0
19,8,5.0
19,8,5.0
19,8,5.0
19,8,10.816532580567177
19,8,21.170508039436285
19,8,5.0
19,8,5.0
19,8,5.450649915339697
18,8,5.0
18,8,29.091812242695703
18,8,12.021669894225969
18,8,7.979225614173641
18,8,12.348163997977363
18,8,18.517331146593023
18,8,5.0
18,8,8.167531562814409
18,8,21.401766303184438
18,8,5.0
18,8,11.06646756480601
18,8,5.0
18,8,16.254738009384113
18,8,6.213171201229246
18,8,5.0
18,8,5.372512438841938
18,8,5.0
18,8,33.306181832370974
18,8,5.0
18,8,5.0
17,8,21.473115721616317
17,8,5.0
17,8,5.0
17,8,14.241328541157117
17,8,5.0
17,8,19.11080866250581
17,8,13.557181294778122
17,8,22.26054317032307
17,8,23.204619752043044
17,8,5.0
17,8,9.041464941665925
17,8,13.330169620517891
17,8,20.138727783392596
17,8,5.0
17,8,20.562925426872184
17,8,11.322977473249694
17,8,7.570653077766799
17,8,5.0
17,8,5.0
17,8,15.781682149516742
16,8,17.41264497903471
16,8,12.06501537343178
16,8,12.178616806216391
16,8,13.069895948323518
16,8,5.0
16,8,5.0
16,8,7.594137192699826
16,8,5.0
16,8,5.0
16,8,14.373049620488068
16,8,5.0
16,8,31.092555768152373
16,8,5.0
16,8,5.0
16,8,5.0
16,8,5.0
16,8,24.88772960157237
16,8,5.0
16,8,8.268983855474273
16,8,19.56785054502851
15,8,7.125777874775861
15,8,19.02207945825417
15,8,15.70906537661168
15,8,5.0
15,8,27.197447777727916
15,8,16.894863711808703
15,8,5.0
15,8,18.648780994215393
15,8,32.607888846959355
15,8,22.740964297579385
15,8,12.951500117599902
15,8,28.29959830738274
15,8,5.0
15,8,36.42109653679464
15,8,5.0
15,8,6.002011181806969
15,8,5.0
15,8,5.0
15,8,5.0
15,8,5.0
14,8,5.0
14,8,5.0
14,8,14.202022319129394
14,8,11.949966142886629
14,8,15.91847627518777
14,8,5.0
14,8,13.873453068311864
14,8,15.054417212604964
14,8,8.930379830696273
14,8,17.902220883969022
14,8,5.0
14,8,35.237836284522174
14,8,28.183108534346786
14,8,6.0356306296300914
14,8,5.0
14,8,23.436108666243143
14,8,5.0
14,8,5.0
14,8,5.484098630151884
14,8,5.0
13,8,5.0
13,8,20.0180258478583
13,8,18.33338774820677
13,8,5.0
13,8,17.51814024289488
13,8,8.016570440959551
13,8,5.0
13,8,27.925740573382246
13,8,34.669237304848295
13,8,9.947776738910944
13,8,5.0
13,8,9.599078051001285
13,8,11.71066668564228
13,8,9.794146887388713
13,8,18.97468087699763
13,8,5.0
13,8,12.334787010808533
13,8,5.0
13,8,33.50761213484445
13,8,14.248028206740077
12,8,20.351100891422487
12,8,18.87651179166508
12,8,37.47483557188057
12,8,28.2794683461216
12,8,37.567616233903614
12,8,5.0
12,8,5.0
12,8,8.9114004831357
12,8,5.0
12,8,6.361634398699629
12,8,7.062538169060016
12,8,35.37893628516271
12,8,5.0
12,8,20.506111104918432
12,8,32.298366196325446
12,8,8.31707564305635
12,8,8.472061679317637
12,8,5.0
12,8,8.909680458085113
12,8,5.0
12,9,5.0
12,9,32.614016592455386
12,9,15.77781713918538
12,9,5.119476896257696
12,9,23.00991351480969
12,9,5.0
12,9,20.025423787372887
12,9,10.229691864399381
12,9,15.587928458144361
12,9,5.0
12,9,25.885570997289005
12,9,50.424732566767744
12,9,5.0
12,9,5.0
12,9,29.77879643697262
12,9,5.0
12,9,11.481281677681137
12,9,7.979969199951653
12,9,5.0
12,9,6.86385377851654
12,8,14.637000989541603
12,8,25.836574246653306
12,8,5.0
12,8,5.0
12,8,23.358190816981335
12,8,19.24991876150862
12,8,14.460250994506069
12,8,9.67964380785557
12,8,12.632281977369246
12,8,8.59228768020335
12,8,5.0
12,8,14.688029425836806
12,8,8.897545554481432
12,8,22.91918560295109
12,8,8.301705417324442
12,8,24.802337099836684
12,8,21.601491514081047
12,8,18.15094087247815
12,8,12.422394319795892
12,8,5.0
12,7,7.198642844716929
12,7,33.98981368534231
12,7,25.58363253252132
12,7,5.0
12,7,12.097123003404771
12,7,26.47927610131581
12,7,8.42889908607939
12,7,53.862762182230405
12,7,11.9676932846706
12,7,17.704364524406582
12,7,5.0
12,7,5.0
12,7,5.0
12,7,5.0
12,7,5.0
12,7,5.0
12,7,23.120579968556882
12,7,20.08230008637987
12,7,5.0
12,7,5.978367459580322
12,6,15.790464169031528
12,6,17.0327471925413
12,6,5.777135654160734
12,6,28.735495414612583
12,6,12.708145781839656
12,6,7.0996726325386925
12,6,5.0
12,6,30.34614507419689
12,6,28.66285347953518
12,6,34.17969983144919
12,6,38.98798282275905
12,6,5.0
12,6,17.247064435835362
12,6,7.50780071059984
12,6,54.562398881815966
12,6,29.220470011377703
12,6,8.989392951635454
12,6,38.99056915147689
12,6,13.092357893252453
12,6,12.356716083673904
12,5,14.8925691567017
12,5,15.320903365778195
12,5,18.24001394788568
12,5,18.732885425516066
12,5,41.55006223720022
12,5,26.776397881541563
12,5,5.0
12,5,5.0
12,5,9.328988794796782
12,5,5.946689526583786
12,5,13.841801292921149
12,5,48.10266123997768
12,5,13.254804856454095
12,5,5.0
12,5,28.108097958463468
12,5,7.1189450346795065
12,5,32.86540665814131
12,5,33.62273546718458
12,5,5.0
12,5,9.40595868770254
12,4,22.367490712682716
12,4,23.946489819365453
12,4,25.02010962417548
12,4,5.0
12,4,35.58470202443574
12,4,21.347345236891755
12,4,6.33239210614274
12,4,5.0
12,4,5.0
12,4,23.90956670526832
12,4,13.14508373596581
12,4,21.518305427248777
12,4,41.73201408258313
12,4,42.12722715855454
12,4,5.0
12,4,28.331411422859844
12,4,5.0
12,4,27.644435141661134
12,4,5.0
12,4,8.251892333653903
12,3,17.39154310362674
12,3,5.0
12,3,6.189889891728672
12,3,27.737324080640363
12,3,5.0
12,3,22.344355885156602
12,3,23.251180457631687
12,3,33.62051851730245
12,3,5.0
12,3,5.0
12,3,28.721164487425078
12,3,5.0
12,3,14.228454212226248
12,3,16.383590398587504
12,3,16.014657557731482
12,3,5.0
12,3,10.450174849427784
12,3,34.64505737579765
12,3,14.869060138493726
12,3,30.47264774937099
13,3,5.0
13,3,5.0
13,3,5.0
13,3,5.0
13,3,19.895313834575056
13,3,19.114544065847
13,3,5.0
13,3,32.81773502078846
13,3,8.393592932698514
13,3,5.0
13,3,19.39502896017684
13,3,5.0
13,3,8.237663135128255
13,3,17.3638673462583
13,3,22.208599689599094
13,3,8.235785848135574
13,3,15.135038873912531
13,3,23.132162158593886
13,3,24.12277761328113
13,3,13.998683198734767
12,3,18.07457627399019
12,3,5.0
12,3,5.0
12,3,5.0
12,3,29.6752382779058
12,3,9.515111724707738
12,3,9.91089610242723
12,3,10.559810832177696
12,3,29.369856135932988
12,3,10.646320124502314
12,3,18.88946565222384
12,3,5.0
12,3,28.373921611248655
12,3,24.27995267187789
12,3,19.070504896976047
12,3,19.892298103274705
12,3,5.0
12,3,25.91005742556939
12,3,14.257973177666749
12,3,5.0
13,3,5.0
13,3,7.487960258380463
13,3,35.21666288555603
13,3,21.226247255188632
13,3,5.0
13,3,9.810902200472249
13,3,12.314858609830996
13,3,35.05186918037191
13,3,8.664832880331437
13,3,14.962523882684412
13,3,12.930031322448503
13,3,8.864763233729665
13,3,5.0
13,3,17.36665418240994
13,3,18.719313919345954
13,3,47.45188891374751
13,3,14.842222443893398
13,3,5.0
13,3,29.77881265103169
13,3,23.61748155560216
14,3,32.66612447256056
14,3,11.808456165725966
14,3,6.3209133432904965
14,3,15.41217985571874
14,3,16.525262240904933
14,3,26.90039888522729
14,3,41.86702079450645
14,3,29.54639071154877
14,3,5.0
14,3,5.0
14,3,7.525291336318702
14,3,14.85099122666592
14,3,20.63961587185682
14,3,13.120090507533394
14,3,5.0
14,3,12.318750648412355
14,3,23.384164152033016
14,3,5.0
14,3,23.55333692980755
14,3,27.080577752216005
13,3,18.75673730091839
13,3,5.883720350961109
13,3,37.700367493504565
13,3,15.393662605625458
13,3,36.25644208507394
13,3,5.0
13,3,5.0
13,3,13.20691569773575
13,3,8.211258351655939
13,3,5.0
13,3,5.0
13,3,26.913092077119508
13,3,39.153200331027634
13,3,50.92402474133984
13,3,13.471436138399545
13,3,15.259624390412146
13,3,6.689664049950473
13,3,12.847979249641252
13,3,18.22423862828675
13,3,12.857379907242425
14,3,7.680803831294401
14,3,5.0
14,3,6.211644062125998
14,3,5.0
14,3,15.274656094341509
14,3,5.0
14,3,5.0
14,3,49.11359368767769
14,3,7.349630185819846
14,3,5.0
14,3,20.488742236088193
14,3,17.0217043947165
14,3,40.654862834679065
14,3,16.40682786612085
14,3,15.914847158071925
14,3,9.687388837249985
14,3,14.388614478251798
14,3,10.877110687434488
14,3,5.0
14,3,5.0
13,3,18.947948691666006
13,3,5.0
13,3,19.923651873386724
13,3,31.052915769447495
13,3,8.891138204641422
13,3,30.760933750538065
13,3,5.0
13,3,12.71928316269162
13,3,24.559606247455378
13,3,12.372692156492118
13,3,25.45978027708557
13,3,18.582796184533287
13,3,27.464689660253597
13,3,48.97035247570859
13,3,18.936381274413012
13,3,19.103265832202485
13,3,5.0
13,3,5.0
13,3,19.262108908097336
13,3,14.510954069924185
13,2,19.090166999351958
13,2,14.267462491010786
13,2,13.722412690085921
13,2,15.936548786460092
13,2,5.305105355547784
13,2,10.057524977544864
13,2,5.0
13,2,51.956668921010674
13,2,21.459170589159076
13,2,17.680064431917657
13,2,25.50477412277025
13,2,5.0
13,2,38.878478429929785
13,2,5.0
13,2,10.796860603115585
13,2,5.0
13,2,5.0
13,2,23.418097467444966
13,2,15.638130869071517
13,2,5.0
13,1,5.525448307295152
13,1,28.0488260571441
13,1,13.943245170701353
13,1,24.002133220128865
13,1,26.875442806022626
13,1,50.84371258025455
13,1,12.347145350948209
13,1,13.698373994080777
13,1,20.516060315133853
13,1,19.303797711837944
13,1,5.0
13,1,5.0
13,1,20.005511388909913
13,1,6.847063649340612
13,1,32.153141948049424
13,1,10.38565701155491
13,1,5.097028967627713
13,1,5.0
13,1,5.0
13,1,27.994313331354917
