16,-15,2.5
16,-15,2.5
16,-15,2.5
16,-15,2.5
16,-15,5.583219140016977
16,-15,2.5
16,-15,8.014606018385923
16,-15,2.5
16,-15,2.5
16,-15,3.822421686495413
16,-15,2.5
16,-15,2.5288003759373066
16,-15,15.45501860906545
16,-15,2.5
16,-15,9.649431310699155
16,-15,2.5
16,-15,2.518291539992596
16,-15,6.328420647904769
16,-15,7.188049867932708
16,-15,3.930711131252735
16,-15,2.5
16,-15,2.5
16,-15,2.5
16,-15,2.5
16,-15,8.457336187258548
16,-15,2.5
16,-15,13.809704911287701
16,-15,2.5
16,-15,2.5
16,-15,2.5
16,-15,2.5
16,-15,2.5
16,-15,6.479727215618954
16,-15,7.50382917541421
16,-15,2.5
16,-15,3.6262889337398576
16,-15,4.035266078129034
16,-15,8.210175900437047
16,-15,2.5
16,-15,2.5
16,-14,2.5
16,-14,2.5
16,-14,2.5
16,-14,2.5
16,-14,3.224099271454996
16,-14,2.5
16,-14,4.100374521008578
16,-14,9.29319037545418
16,-14,12.04622585188978
16,-14,2.5
16,-14,2.5
16,-14,2.5
16,-14,2.5
16,-14,2.5
16,-14,2.5
16,-14,2.5
16,-14,13.921761157925092
16,-14,2.5
16,-14,2.5
16,-14,2.5
16,-14,2.5
16,-14,2.5
16,-14,2.5
16,-14,7.822580362952359
16,-14,2.5
16,-14,2.5
16,-14,2.5
16,-14,2.6893917081116534
16,-14,2.5
16,-14,2.785172745909796
16,-14,2.5
16,-14,2.5
16,-14,2.5
16,-14,2.5
16,-14,2.5
16,-14,2.5
16,-14,2.5
16,-14,2.5
16,-14,2.5
16,-14,2.5
16,-13,2.5
16,-13,2.5
16,-13,2.5
16,-13,5.076068175638866
16,-13,3.6370587508250676
16,-13,2.5
16,-13,6.444065681331257
16,-13,2.5
16,-13,7.462701406786958
16,-13,2.5
16,-13,2.5
16,-13,7.306570631552923
16,-13,14.161283132066265
16,-13,2.5
16,-13,2.5
16,-13,2.5
16,-13,2.5
16,-13,2.5
16,-13,15.367489249605814
16,-13,9.33254464581288
16,-13,2.5
16,-13,5.611209466747389
16,-13,2.5
16,-13,2.5
16,-13,2.5
16,-13,10.691901813707032
16,-13,2.5
16,-13,2.5
16,-13,2.5
16,-13,2.5
16,-13,6.348398038686697
16,-13,2.5
16,-13,2.5
16,-13,2.5
16,-13,2.5
16,-13,9.031726559078754
16,-13,2.5
16,-13,2.5
16,-13,5.699494386735582
16,-13,7.017546148108784
16,-12,2.5
16,-12,2.5
16,-12,2.8179970723843963
16,-12,2.5
16,-12,2.5
16,-12,7.495373046634149
16,-12,6.130051722444259
16,-12,5.006261658597619
16,-12,7.616558665105262
16,-12,4.6988447755688165
16,-12,2.5
16,-12,2.605648452114066
16,-12,2.5
16,-12,12.246830118332905
16,-12,2.5
16,-12,5.254523823222685
16,-12,3.5025903098949827
16,-12,2.5
16,-12,2.5
16,-12,6.040786968818434
16,-12,12.384654204847996
16,-12,2.5
16,-12,4.278903604037103
16,-12,10.207856287577334
16,-12,9.911492124187781
16,-12,2.5
16,-12,2.5
16,-12,2.5
16,-12,2.5
16,-12,3.8900816786120034
16,-12,2.5
16,-12,9.804246040694752
16,-12,3.9736933851863365
16,-12,3.813803623535227
16,-12,2.5
16,-12,2.5
16,-12,2.5
16,-12,2.5
16,-12,2.5
16,-12,5.926470678985522
16,-11,3.948225647228982
16,-11,12.332509316830976
16,-11,4.463099057296333
16,-11,2.5
16,-11,9.494879305759593
16,-11,3.47992611970288
16,-11,8.651979961453206
16,-11,9.728616528139524
16,-11,9.587211491836431
16,-11,2.5
16,-11,2.5
16,-11,6.030051997884811
16,-11,4.174843216982642
16,-11,2.5
16,-11,11.605866805493909
16,-11,9.997294483826455
16,-11,2.5
16,-11,2.5
16,-11,3.6433616621583482
16,-11,2.5
16,-11,2.5
16,-11,5.185483589943526
16,-11,8.508174533662004
16,-11,7.67557310200574
16,-11,2.5
16,-11,7.243037742328646
16,-11,7.379172803001338
16,-11,4.688787397782196
16,-11,19.456927419469352
16,-11,8.948886592073519
16,-11,5.003563362971654
16,-11,3.511309244087557
16,-11,2.5
16,-11,2.529359114231883
16,-11,5.89502292305222
16,-11,2.5
16,-11,2.5
16,-11,15.545625441708623
16,-11,7.410273141480011
16,-11,2.5
15,-11,13.90931716778171
15,-11,2.5
15,-11,2.5
15,-11,2.5
15,-11,3.207993194424513
15,-11,2.5
15,-11,5.525101661350085
15,-11,2.5
15,-11,2.5
15,-11,2.5
15,-11,8.972117490447737
15,-11,3.2164179971032314
15,-11,3.330504061988697
15,-11,18.724460994365025
15,-11,2.5
15,-11,6.304734971018599
15,-11,2.5
15,-11,2.5
15,-11,2.5
15,-11,3.6041461081685098
15,-11,3.653448978681833
15,-11,8.80921124748857
15,-11,2.5
15,-11,2.5
15,-11,2.5
15,-11,5.203500106450569
15,-11,2.9410796602016216
15,-11,6.552364262662596
15,-11,9.154387899640403
15,-11,3.0262624496524264
15,-11,15.179190047147957
15,-11,2.5
15,-11,2.5
15,-11,2.5
15,-11,9.509462862057758
15,-11,8.502342104840919
15,-11,2.94828769008638
15,-11,6.174311792939884
15,-11,2.5
15,-11,2.5
14,-11,2.5
14,-11,2.5
14,-11,9.093667354909284
14,-11,4.501645004639347
14,-11,2.5
14,-11,2.5
14,-11,2.5
14,-11,12.003479875014614
14,-11,2.5
14,-11,2.5
14,-11,6.55372855760603
14,-11,5.433328193574091
14,-11,2.5
14,-11,2.5
14,-11,8.368087115809033
14,-11,2.5
14,-11,2.5
14,-11,2.5833562550979914
14,-11,2.5
14,-11,2.9394211371608816
14,-11,8.877482346847632
14,-11,2.5
14,-11,11.49194008372859
14,-11,9.389577851229635
14,-11,5.847418336498929
14,-11,7.394234333028393
14,-11,6.478959205717296
14,-11,12.003298393450919
14,-11,4.6131667074254405
14,-11,5.32883930432609
14,-11,7.6419288567028225
14,-11,2.5
14,-11,2.5
14,-11,11.997456464434743
14,-11,3.5234540936201455
14,-11,2.5
14,-11,2.5
14,-11,2.959313816015743
14,-11,6.792889183906215
14,-11,14.515822165393491
15,-11,8.64568912808722
15,-11,9.641457323908572
15,-11,12.499965279325078
15,-11,2.5
15,-11,10.471927205853289
15,-11,2.5
15,-11,3.9477213003648144
15,-11,2.5
15,-11,8.732481460746055
15,-11,2.5
15,-11,4.204572569630312
15,-11,2.5
15,-11,2.5
15,-11,13.234241523257216
15,-11,9.294139010016746
15,-11,2.5
15,-11,2.5
15,-11,6.659155143020486
15,-11,6.004958613684724
15,-11,2.5
15,-11,6.073889941659282
15,-11,5.2931349663971545
15,-11,16.889222164822502
15,-11,2.5
15,-11,15.410423228782616
15,-11,4.675311300255052
15,-11,7.366803610936046
15,-11,9.549433642917833
15,-11,2.5
15,-11,2.5
15,-11,8.408480109380156
15,-11,6.280639664038651
15,-11,8.556516093366078
15,-11,11.602357490515008
15,-11,2.5
15,-11,2.5732518887620497
15,-11,4.6363233461817295
15,-11,9.46446599277326
15,-11,3.2332444157524254
15,-11,2.5
14,-11,7.767706575682022
14,-11,2.5
14,-11,2.5
14,-11,2.5
14,-11,24.790038651767134
14,-11,2.524777371264168
14,-11,4.123566524171435
14,-11,2.5
14,-11,2.5
14,-11,2.5
14,-11,2.5
14,-11,2.5
14,-11,5.6805612338691605
14,-11,2.5
14,-11,2.5
14,-11,12.706342882637944
14,-11,2.5
14,-11,2.5
14,-11,9.859127966957008
14,-11,2.5
14,-11,2.5
14,-11,5.7916549024027635
14,-11,4.740975528273067
14,-11,8.130997126506694
14,-11,2.5
14,-11,5.355869454088319
14,-11,4.497748923995662
14,-11,7.759272207853245
14,-11,6.828747944862473
14,-11,10.969030565698429
14,-11,2.5
14,-11,4.03318576016858
14,-11,9.593397163084536
14,-11,2.5
14,-11,2.5
14,-11,6.639859181947453
14,-11,2.5
14,-11,2.5
14,-11,6.585923824516027
14,-11,2.5
14,-10,9.42619314415026
14,-10,14.845041178454592
14,-10,6.784650064695563
14,-10,2.5
14,-10,2.5
14,-10,11.565352399306722
14,-10,2.5
14,-10,4.123174541681191
14,-10,2.5
14,-10,2.5
14,-10,2.5
14,-10,2.5
14,-10,2.5
14,-10,10.942217430326467
14,-10,6.039948712608855
14,-10,2.5
14,-10,3.484882718193382
14,-10,6.760888728671007
14,-10,17.18643986459935
14,-10,2.5
14,-10,4.187066316032749
14,-10,2.5
14,-10,7.057467761237804
14,-10,4.35223562770107
14,-10,5.021896586570451
14,-10,2.5
14,-10,2.5
14,-10,2.5
14,-10,2.5
14,-10,2.5
14,-10,2.5
14,-10,14.282904286958859
14,-10,2.5
14,-10,2.5
14,-10,2.5
14,-10,2.5
14,-10,5.638606460317833
14,-10,11.083966743912885
14,-10,2.5
14,-10,2.5
13,-10,3.6081308425110703
13,-10,8.597848514116286
13,-10,3.2645972079517933
13,-10,7.361325133933475
13,-10,7.864592138372643
13,-10,3.038121833841463
13,-10,4.107723935038088
13,-10,9.322135978451408
13,-10,2.5
13,-10,4.532987971472227
13,-10,2.5
13,-10,7.744007655303305
13,-10,2.5
13,-10,12.120064671535964
13,-10,3.261265028980871
13,-10,10.04679325494995
13,-10,7.871754222128761
13,-10,2.612492442024421
13,-10,23.867604983146357
13,-10,6.967675986273528
13,-10,10.704860569533668
13,-10,10.911447308988786
13,-10,2.5
13,-10,2.5
13,-10,2.5
13,-10,2.5
13,-10,2.5
13,-10,2.5
13,-10,2.9109765629345854
13,-10,2.5
13,-10,6.720263730309565
13,-10,7.078287797479416
13,-10,9.016924871188817
13,-10,13.042172732638383
13,-10,8.919775155399618
13,-10,13.0622153319821
13,-10,2.5
13,-10,2.5
13,-10,4.414148854140157
13,-10,2.5
12,-10,5.437484079843764
12,-10,2.5
12,-10,2.5
12,-10,3.3012518831855724
12,-10,26.679418477011918
12,-10,2.5
12,-10,6.312288296891782
12,-10,2.5
12,-10,2.5
12,-10,2.5
12,-10,8.587779959523083
12,-10,2.5
12,-10,11.668928356001272
12,-10,2.5
12,-10,14.227944315881524
12,-10,5.252398601861432
12,-10,2.5
12,-10,2.5
12,-10,2.5
12,-10,2.5
12,-10,15.706092199095517
12,-10,2.5
12,-10,7.288986840180986
12,-10,2.5
12,-10,4.315343036666401
12,-10,2.5
12,-10,7.548395508043399
12,-10,6.882835619299432
12,-10,5.60468049353876
12,-10,8.791322711503312
12,-10,4.19959462658933
12,-10,2.5
12,-10,7.926001687753364
12,-10,2.5
12,-10,5.863509438368686
12,-10,2.5
12,-10,6.241228973851923
12,-10,11.755864638926402
12,-10,10.591495421764662
12,-10,13.687425568978199
11,-10,2.5
11,-10,30.031086452741157
11,-10,2.5
11,-10,10.552200788242118
11,-10,5.16368366105077
11,-10,3.8443659416110028
11,-10,8.094588314628949
11,-10,2.5
11,-10,3.3606302972288646
11,-10,9.321231097689846
11,-10,2.5
11,-10,11.129445875763736
11,-10,12.493096687275209
11,-10,4.777297428074874
11,-10,8.686594153211225
11,-10,2.5
11,-10,2.5
11,-10,2.5
11,-10,7.0403968797556455
11,-10,10.956005011018485
11,-10,4.338254153289805
11,-10,20.787790311409772
11,-10,2.5
11,-10,28.442518048347345
11,-10,4.176283532081549
11,-10,5.051443399686978
11,-10,2.580180032220075
11,-10,3.627948213433765
11,-10,10.260578203424028
11,-10,24.588007308880925
11,-10,2.5
11,-10,9.036850905604492
11,-10,2.5
11,-10,2.5
11,-10,9.251769930417327
11,-10,2.5
11,-10,13.548408634962605
11,-10,9.314384297295
11,-10,2.5
11,-10,2.5
11,-9,20.749090139041673
11,-9,12.0627821089914
11,-9,19.093931384151748
11,-9,2.5
11,-9,4.7108624583166945
11,-9,9.938922192229981
11,-9,3.5917962191959285
11,-9,11.421364573126851
11,-9,8.831178810734725
11,-9,11.600333888075486
11,-9,16.34315238806706
11,-9,7.05544676388735
11,-9,12.83413566067801
11,-9,2.5
11,-9,6.760938213915749
11,-9,10.612393094431464
11,-9,3.828560573170528
11,-9,2.5
11,-9,2.5
11,-9,10.175334751193077
11,-9,3.9428083393073563
11,-9,2.5
11,-9,5.295083724079641
11,-9,18.775524171326026
11,-9,4.454121352788899
11,-9,9.153914639165713
11,-9,2.990702275502972
11,-9,2.5
11,-9,2.5
11,-9,4.096737818572937
11,-9,7.7980822303115005
11,-9,9.47496868653431
11,-9,2.5
11,-9,14.32058606284382
11,-9,2.5
11,-9,8.858226667744875
11,-9,11.90792771414505
11,-9,6.279582356970523
11,-9,17.683203431859578
11,-9,8.633942763519002
12,-9,7.266486283076639
12,-9,9.28778234211712
12,-9,2.5
12,-9,4.168357422663814
12,-9,12.667058858271403
12,-9,23.314376055117155
12,-9,8.590010763274075
12,-9,4.81398058566409
12,-9,3.9380953932434815
12,-9,9.550641126458114
12,-9,2.7580385522286335
12,-9,4.459178418947539
12,-9,2.5
12,-9,6.565433553754332
12,-9,6.509317965578014
12,-9,10.178905187608724
12,-9,2.5
12,-9,12.832119422831486
12,-9,9.619531941549223
12,-9,15.99290180207135
12,-9,9.993170043598298
12,-9,9.147074213836806
12,-9,7.121194615800133
12,-9,5.052261385774036
12,-9,5.118912034892554
12,-9,6.326370805690972
12,-9,2.5
12,-9,2.5
12,-9,2.5
12,-9,2.5
12,-9,2.5
12,-9,4.500534881164504
12,-9,8.918026480863954
12,-9,4.339484522278653
12,-9,6.083587827613488
12,-9,8.853827085522804
12,-9,20.681323841062508
12,-9,2.5
12,-9,8.620315347902732
12,-9,3.8531187430736544
12,-8,15.137798647606399
12,-8,26.508819028223613
12,-8,10.024898956653532
12,-8,5.460099354701711
12,-8,15.382190268448655
12,-8,6.4946894957501575
12,-8,3.7607094518687516
12,-8,3.912544222747017
12,-8,2.5
12,-8,8.266127428868318
12,-8,2.5
12,-8,8.999032341307512
12,-8,2.5
12,-8,2.5
12,-8,6.907693820847488
12,-8,5.190165604371726
12,-8,9.936399818515033
12,-8,6.772986857838559
12,-8,2.5
12,-8,6.14682819640389
12,-8,7.789564213245516
12,-8,2.5
12,-8,2.6089132871838716
12,-8,3.5396928699963315
12,-8,11.320365840832281
12,-8,17.358237022626724
12,-8,2.5
12,-8,11.689878065265404
12,-8,10.826039489058186
12,-8,3.8459158028602114
12,-8,2.5
12,-8,2.5
12,-8,2.5
12,-8,8.94713002587149
12,-8,5.448344450945559
12,-8,2.5
12,-8,5.535044447462805
12,-8,10.433253259790053
12,-8,4.276208514930053
12,-8,10.449771007995974
11,-8,10.263982745760172
11,-8,3.252385113025906
11,-8,2.5
11,-8,3.363574228494865
11,-8,8.796117795470016
11,-8,6.255322374015148
11,-8,8.714137054528448
11,-8,9.50744676901882
11,-8,2.5
11,-8,8.201943503626131
11,-8,2.5
11,-8,13.058625110575615
11,-8,4.344875002607529
11,-8,6.194900326242594
11,-8,5.962828685987053
11,-8,4.08213143171968
11,-8,11.051373515107377
11,-8,8.263393742320408
11,-8,2.7539791986711575
11,-8,4.460085718767241
11,-8,5.774000422696903
11,-8,2.5
11,-8,2.5
11,-8,4.0781399655312445
11,-8,4.189710013835034
11,-8,4.979307765367055
11,-8,10.410198011818666
11,-8,9.68783445569657
11,-8,2.5
11,-8,7.278911171220848
11,-8,2.5
11,-8,8.928821085515274
11,-8,8.821007665677731
11,-8,2.821962701344108
11,-8,4.520740175225393
11,-8,4.596570174908326
11,-8,5.155128702978752
11,-8,5.864251861033758
11,-8,5.074166763935984
11,-8,4.3254029402102745
11,-7,8.023361743279425
11,-7,12.560629643692458
11,-7,2.5
11,-7,11.600827658110349
11,-7,7.794623017785816
11,-7,2.5
11,-7,2.5
11,-7,2.5
11,-7,6.766752662744613
11,-7,8.05353037882376
11,-7,5.701877690538348
11,-7,8.364305392143587
11,-7,11.360154018128572
11,-7,2.5
11,-7,14.50331709651053
11,-7,6.242300153724638
11,-7,2.5
11,-7,2.5
11,-7,2.5
11,-7,9.03053132177775
11,-7,6.488991285500406
11,-7,3.6839770634161875
11,-7,7.839489537285186
11,-7,7.3308174987982255
11,-7,9.895936418596934
11,-7,12.709972799566703
11,-7,10.915859355795302
11,-7,16.220288021811424
11,-7,10.121237062894762
11,-7,9.070033342431573
11,-7,7.634561207454551
11,-7,2.5
11,-7,7.2718175082744505
11,-7,2.5
11,-7,4.601181095310859
11,-7,5.249336022637452
11,-7,6.87261326540784
11,-7,10.157636786604177
11,-7,9.034707878265781
11,-7,3.680361244972859
10,-7,10.08130009501384
10,-7,7.56846977449552
10,-7,2.5
10,-7,5.456754308901065
10,-7,4.141257281687926
10,-7,8.653561802462606
10,-7,8.815900355511397
10,-7,2.5
10,-7,12.31906985073801
10,-7,6.839635824255346
10,-7,8.9986259770586
10,-7,2.5
10,-7,8.61185442840326
10,-7,16.291290587451314
10,-7,13.87022098333275
10,-7,9.856697426639986
10,-7,8.089459170740756
10,-7,11.429320167487164
10,-7,3.914879490603325
10,-7,16.279340000831198
10,-7,10.928017740978008
10,-7,4.889517181613453
10,-7,2.68549744890204
10,-7,6.666362963357214
10,-7,8.937016765891244
10,-7,21.464443022204712
10,-7,2.9514597473728745
10,-7,2.5
10,-7,5.051212032035538
10,-7,8.21919931073252
10,-7,7.5762983827858585
10,-7,8.620681047360291
10,-7,4.743614436140702
10,-7,5.653294950663588
10,-7,3.5173960003209714
10,-7,12.603938305750503
10,-7,2.5
10,-7,2.5
10,-7,14.003412086798814
10,-7,8.96057244167805
9,-7,2.7603235147144853
9,-7,7.3459301854512455
9,-7,4.836003558475041
9,-7,2.9379265643618533
9,-7,20.6025924096735
9,-7,9.47323847840114
9,-7,2.5
9,-7,7.849040385090281
9,-7,8.186639617534203
9,-7,15.782799983049172
9,-7,7.911677864009968
9,-7,13.937959110174397
9,-7,4.63181574757313
9,-7,19.677406918488973
9,-7,5.886926218410349
9,-7,8.763238347235228
9,-7,6.1318338058715804
9,-7,2.5
9,-7,2.5
9,-7,8.687716524732851
9,-7,6.812290510295159
9,-7,2.942435369314274
9,-7,12.507976011896417
9,-7,13.574113877784022
9,-7,2.5
9,-7,4.540983980609701
9,-7,8.240549343831624
9,-7,17.01950218853
9,-7,6.267890941742063
9,-7,6.336639063858256
9,-7,3.69815501604029
9,-7,7.131121974588036
9,-7,8.684426399377958
9,-7,3.3694058843679056
9,-7,11.912115234509374
9,-7,20.813504857567136
9,-7,3.971166054267961
9,-7,12.243557254041741
9,-7,6.617536960162429
9,-7,6.148136480586881
8,-7,2.5
8,-7,2.5
8,-7,8.962615686769933
8,-7,6.82163568955531
8,-7,10.444102195715194
8,-7,13.014647559157428
8,-7,14.036853871479424
8,-7,9.044274337711993
8,-7,12.257928488144406
8,-7,2.5
8,-7,18.55708532113043
8,-7,6.12194478427111
8,-7,12.801555578547525
8,-7,2.5
8,-7,4.030150083093709
8,-7,13.991245150603456
8,-7,4.229084765190368
8,-7,11.907996970547421
8,-7,5.834759945282247
8,-7,14.521756501992574
8,-7,11.883516530556363
8,-7,19.50625026508899
8,-7,2.5
8,-7,2.988963059979602
8,-7,6.513574331960264
8,-7,8.466597231768414
8,-7,18.667973162731787
8,-7,5.5300268750177315
8,-7,4.199573743128357
8,-7,7.285761112087713
8,-7,10.68662585747853
8,-7,2.5
8,-7,5.4339316423194175
8,-7,10.241035841487713
8,-7,8.475102255793963
8,-7,5.63920487274239
8,-7,14.83808007929218
8,-7,18.21146662179534
8,-7,10.10028519107929
8,-7,16.00398458476755
8,-6,16.476777322310536
8,-6,11.34963645167833
8,-6,8.135333074360336
8,-6,5.3431120106153855
8,-6,7.209542925494638
8,-6,6.223234495691729
8,-6,2.5
8,-6,16.996302499794417
8,-6,4.1414086976549696
8,-6,10.893036266641534
8,-6,8.90843047486041
8,-6,17.26526640470371
8,-6,8.92584318195083
8,-6,7.33283706313955
8,-6,5.947397130425838
8,-6,18.02681342876131
8,-6,3.4198110788568714
8,-6,4.963926732178968
8,-6,12.233488685904373
8,-6,5.67274130668308
8,-6,12.601746854337176
8,-6,12.967710999619218
8,-6,4.415171363350238
8,-6,8.062673163848451
8,-6,15.497740645501718
8,-6,13.017735358202305
8,-6,3.404723908528859
8,-6,10.315926335122022
8,-6,2.5
8,-6,14.844153721246396
8,-6,7.841551484865522
8,-6,2.5
8,-6,4.785239781993736
8,-6,2.5
8,-6,4.226577239961572
8,-6,6.740561423071134
8,-6,5.058127406792997
8,-6,2.5
8,-6,6.071978294941712
8,-6,7.158605067688613
8,-5,2.9518513068473977
8,-5,8.089677654782392
8,-5,11.571906905989486
8,-5,10.13371315912876
8,-5,11.50747460577994
8,-5,9.942157773892637
8,-5,8.444705580724053
8,-5,6.424847007571222
8,-5,6.49250641382841
8,-5,2.5
8,-5,7.608995153812298
8,-5,7.165825537710544
8,-5,3.954072756555484
8,-5,13.304083140643268
8,-5,11.036330767400067
8,-5,3.153058289851218
8,-5,13.136500760591558
8,-5,20.55284517403976
8,-5,7.203689771869462
8,-5,13.11656660506516
8,-5,11.034254614070354
8,-5,6.73053478077834
8,-5,14.591888803028523
8,-5,11.564968167713264
8,-5,8.250517665458812
8,-5,7.110276334546581
8,-5,9.010351033950322
8,-5,9.143978234005788
8,-5,5.151200072277085
8,-5,22.244751815498617
8,-5,12.491199142288595
8,-5,10.075054649209086
8,-5,9.102120211460429
8,-5,23.434142415256368
8,-5,10.978087181337532
8,-5,20.128351222013187
8,-5,6.412339821617809
8,-5,12.92522926006872
8,-5,13.420082479003767
8,-5,15.557363298002443
8,-4,14.396137939709977
8,-4,10.431681046326528
8,-4,8.306369711589387
8,-4,9.412127178342793
8,-4,17.47534851025932
8,-4,2.5
8,-4,21.733012644093016
8,-4,19.20655085844165
8,-4,9.749593735422
8,-4,15.290898914767336
8,-4,2.5
8,-4,17.889846727065795
8,-4,7.752659532535711
8,-4,12.700301701951993
8,-4,16.16485171109818
8,-4,9.448433029534273
8,-4,11.849347829367797
8,-4,10.139363879695578
8,-4,3.435277664190403
8,-4,8.752720832251725
8,-4,7.009641076218395
8,-4,8.578809935340471
8,-4,9.76944238759693
8,-4,7.088288966263538
8,-4,6.7301283767950055
8,-4,4.511860884207808
8,-4,11.955456073867847
8,-4,3.939410012385405
8,-4,16.128017674432034
8,-4,6.602111861527681
8,-4,6.293529430792276
8,-4,6.202599539647061
8,-4,10.39172032292453
8,-4,7.260823291373782
8,-4,16.798301250184736
8,-4,10.592567529241867
8,-4,7.114836682055656
8,-4,6.5123251211437605
8,-4,20.298590123864464
8,-4,5.890178037878645
7,-4,14.889949301512676
7,-4,7.516943597105719
7,-4,5.3721086951452985
7,-4,5.366672074927331
7,-4,13.32149986740587
7,-4,7.061402503544708
7,-4,9.669640439944214
7,-4,15.163980404501032
7,-4,2.5
7,-4,19.383331929415885
7,-4,12.716517490195086
7,-4,15.628167560733205
7,-4,9.481458952941704
7,-4,12.624938942010212
7,-4,7.543167633226627
7,-4,13.75030886726939
7,-4,9.412972418439601
7,-4,5.98763914268408
7,-4,11.609314477583355
7,-4,3.346038081334301
7,-4,12.86834790049329
7,-4,23.706598213458943
7,-4,3.516616265719871
7,-4,22.141238049197774
7,-4,10.744782762303224
7,-4,2.5
7,-4,2.5
7,-4,25.87721081007289
7,-4,15.054365762373198
7,-4,17.63583226084318
7,-4,2.5
7,-4,21.239858938316466
7,-4,15.767906466671516
7,-4,17.3842923168884
7,-4,2.8861234797689885
7,-4,8.845213786264187
7,-4,13.297028791597565
7,-4,13.01310910790359
7,-4,16.28004952452109
7,-4,20.57329664082508
7,-5,7.295040141186843
7,-5,11.269893139961333
7,-5,16.130704715249635
7,-5,12.927471962836043
7,-5,4.529863171886124
7,-5,16.864818100969945
7,-5,7.187550288902252
7,-5,8.46784572604064
7,-5,14.198021070946137
7,-5,15.70636125418406
7,-5,7.555010929492305
7,-5,14.447126915471213
7,-5,5.605881373967051
7,-5,8.972569464786456
7,-5,14.681921372169619
7,-5,11.794092827552992
7,-5,11.740114134286062
7,-5,10.782764861883708
7,-5,10.226343927278961
7,-5,15.919198167609345
7,-5,4.67858957756864
7,-5,6.104751374426594
7,-5,3.021021326199702
7,-5,11.435132279911102
7,-5,10.654114614124936
7,-5,14.030754985056573
7,-5,8.142645023750312
7,-5,11.12645370606855
7,-5,8.730975820521067
7,-5,12.28999912727629
7,-5,13.903035741149726
7,-5,2.619190275041152
7,-5,11.469877444846988
7,-5,9.490870632547336
7,-5,5.786947904309318
7,-5,11.601237951150981
7,-5,17.38163791182836
7,-5,15.380331297740495
7,-5,22.036921381871277
7,-5,2.5
7,-4,15.312140944596958
7,-4,11.1221215481191
7,-4,3.0256228367179157
7,-4,10.747801557521115
7,-4,17.59533841057458
7,-4,10.2555450592999
7,-4,11.030003787481578
7,-4,12.060597541517192
7,-4,10.082564806781244
7,-4,19.21054573586547
7,-4,10.569031302956729
7,-4,2.5
7,-4,11.996745534962994
7,-4,4.766654864341235
7,-4,5.179418232628995
7,-4,15.17991187511348
7,-4,13.184124198970615
7,-4,10.152742048654062
7,-4,14.3339624553291
7,-4,13.152851867276226
7,-4,8.819052757350113
7,-4,7.939944254029473
7,-4,12.70605321767609
7,-4,5.24481932897511
7,-4,12.978955321156015
7,-4,15.751123932346292
7,-4,17.062177782649126
7,-4,3.27542672503386
7,-4,11.08967843867119
7,-4,2.5
7,-4,2.9896235419474912
7,-4,2.5
7,-4,20.098487772866946
7,-4,2.5
7,-4,15.563099104146396
7,-4,9.815683911207309
7,-4,9.480392520297212
7,-4,18.655283537621987
7,-4,19.780100834395927
7,-4,14.338272396074634
8,-4,7.448720201284123
8,-4,10.269109495844026
8,-4,2.5
8,-4,12.027547587777269
8,-4,2.5
8,-4,9.234346832208455
8,-4,17.3678875467816
8,-4,3.8826540557479112
8,-4,18.159235265639573
8,-4,13.860649585048757
8,-4,8.471190253425767
8,-4,17.63621004791321
8,-4,10.960537479352437
8,-4,8.054472224010741
8,-4,18.32477394031323
8,-4,7.988432645591168
8,-4,12.312386362887569
8,-4,5.956333197132478
8,-4,13.10849706075929
8,-4,6.741174673050014
8,-4,9.328472350482746
8,-4,3.799280843496442
8,-4,5.710942641943665
8,-4,11.35685833984597
8,-4,7.263142912757105
8,-4,13.560319293072084
8,-4,15.22927316661352
8,-4,11.35694475850737
8,-4,7.965388864441392
8,-4,2.5
8,-4,2.5
8,-4,9.160281956150513
8,-4,15.993530496513252
8,-4,8.871867953458782
8,-4,20.422064253056234
8,-4,7.482711979925332
8,-4,5.251026040338463
8,-4,7.576513971602296
8,-4,4.150815084495604
8,-4,14.253157070396192
7,-4,8.785759154818924
7,-4,7.863207739896994
7,-4,12.274682400218364
7,-4,12.673733438656035
7,-4,7.273073982450304
7,-4,23.1814324892444
7,-4,5.859331763906615
7,-4,11.913646400857077
7,-4,10.995731829429992
7,-4,9.206911518249623
7,-4,14.241215508784736
7,-4,6.0820929181078265
7,-4,2.5
7,-4,15.32576772913642
7,-4,15.489313812119953
7,-4,8.1892052692972
7,-4,8.398821168450374
7,-4,7.776773008277541
7,-4,13.984571546286956
7,-4,13.51549167810013
7,-4,8.078904827371781
7,-4,19.262794937676716
7,-4,12.611489038301437
7,-4,10.460140720053936
7,-4,10.883653592695913
7,-4,15.2654092624033
7,-4,9.32792945854513
7,-4,7.897292368153697
7,-4,17.32194630617714
7,-4,4.104868541672698
7,-4,27.28983402286186
7,-4,17.05987456317962
7,-4,11.944368657518172
7,-4,10.187943625527284
7,-4,3.1681371846689723
7,-4,11.496418121800431
7,-4,14.529408631197729
7,-4,6.699109608961891
7,-4,8.808139109367701
7,-4,2.5
6,-4,16.894209323159636
6,-4,2.5
6,-4,7.363234423340388
6,-4,14.209118894019966
6,-4,15.059233442852484
6,-4,9.384461944745214
6,-4,25.74926985153474
6,-4,19.394173652832023
6,-4,5.135192896990417
6,-4,7.225579774748539
6,-4,11.325669608552028
6,-4,9.615867146962469
6,-4,10.300114678516078
6,-4,4.559246994843617
6,-4,16.96336754443702
6,-4,16.879139777676308
6,-4,9.482420688554694
6,-4,9.702534875497784
6,-4,9.666554938676306
6,-4,5.867202958662079
6,-4,10.434933759139874
6,-4,13.111297174493385
6,-4,9.106356613433238
6,-4,2.5
6,-4,21.00579028323753
6,-4,17.980007152223273
6,-4,19.326295620741668
6,-4,14.146245239814093
6,-4,4.757876557123927
6,-4,11.876006797756764
6,-4,18.37138185848222
6,-4,18.30371947387082
6,-4,19.31922302456031
6,-4,12.583626901183699
6,-4,15.155500882470239
6,-4,3.6617190091979577
6,-4,7.270938003377211
6,-4,9.194370175941689
6,-4,17.221353321088937
6,-4,13.410673800057953
6,-3,7.070560153496784
6,-3,17.025604310439892
6,-3,7.019681720798657
6,-3,15.398813766345572
6,-3,13.748544992482772
6,-3,35.68212548542664
6,-3,4.622203332123126
6,-3,11.40712057983647
6,-3,10.131068004984767
6,-3,2.7850877322991687
6,-3,8.72117293569293
6,-3,17.401825266601495
6,-3,9.594890844023904
6,-3,10.510529011695839
6,-3,11.76377002802752
6,-3,4.958560495430513
6,-3,15.469531624877567
6,-3,3.3588648890632564
6,-3,10.0924116612989
6,-3,11.443179718514543
6,-3,19.96392155552623
6,-3,4.0696228962108965
6,-3,8.532625650345524
6,-3,16.95607036254816
6,-3,11.75149187245226
6,-3,24.59904504680356
6,-3,5.493030108998701
6,-3,5.327485752444405
6,-3,3.7715443471697583
6,-3,14.323674582003022
6,-3,31.11931927126407
6,-3,28.582362669151305
6,-3,8.775245719501143
6,-3,22.151942627873275
6,-3,5.76143705305269
6,-3,11.314873826790071
6,-3,8.67036517559023
6,-3,7.077495363615916
6,-3,2.5
6,-3,13.676706824985262
5,-3,13.852288937970068
5,-3,19.32444126906519
5,-3,13.966424425280284
5,-3,13.248802588788418
5,-3,9.943117026734056
5,-3,20.460328369948854
5,-3,8.235666932825746
5,-3,16.64657722127764
5,-3,20.711578276818464
5,-3,8.08290982787656
5,-3,13.701518658350757
5,-3,9.03852192714837
5,-3,13.696167188179926
5,-3,13.968325852476244
5,-3,10.415517554497448
5,-3,4.767684778187752
5,-3,13.284706124228673
5,-3,9.293948763386421
5,-3,8.759597447287405
5,-3,12.290377688236438
5,-3,19.86589791264114
5,-3,18.058473088948404
5,-3,17.95152043970936
5,-3,10.467641067770348
5,-3,11.82481684811682
5,-3,13.79804801091244
5,-3,24.376947365531766
5,-3,8.174328484368777
5,-3,5.836755076134087
5,-3,15.150407818383705
5,-3,7.8808722266396565
5,-3,11.39737192515258
5,-3,19.921410008667806
5,-3,17.34120469048705
5,-3,6.769502112590557
5,-3,14.533869314347866
5,-3,10.532427359494406
5,-3,19.330639357144825
5,-3,7.289647881798298
5,-3,16.155450624256204
4,-3,10.068191953937074
4,-3,7.770424393673594
4,-3,4.013256700628997
4,-3,10.486717308068348
4,-3,14.911036536806089
4,-3,9.602655052248611
4,-3,9.67753733297273
4,-3,18.938531526578537
4,-3,13.543296217141235
4,-3,16.547858241397442
4,-3,9.430262535233812
4,-3,11.09160352668442
4,-3,7.056908104998924
4,-3,8.409016785990314
4,-3,10.633311235811494
4,-3,12.164207468988906
4,-3,12.901576421450907
4,-3,8.086807200637425
4,-3,15.100629284136517
4,-3,23.100576089650108
4,-3,10.461287322884914
4,-3,18.02055500700651
4,-3,12.1848632844463
4,-3,20.457991967833557
4,-3,16.211583990852713
4,-3,14.779449664967522
4,-3,6.363742381181589
4,-3,7.628883321446183
4,-3,10.363001628600095
4,-3,6.472414275898366
4,-3,20.210680575880975
4,-3,8.49426925945857
4,-3,16.539691553418514
4,-3,18.359036437398387
4,-3,8.166526541002568
4,-3,10.275529968014002
4,-3,9.427341951700276
4,-3,9.154030626711549
4,-3,12.787780045693896
4,-3,7.278244951677846
4,-2,12.225444965721893
4,-2,15.3264797266695
4,-2,17.019376491478695
4,-2,15.43368197724959
4,-2,18.537515417419
4,-2,17.64799551210278
4,-2,3.0043953597462094
4,-2,11.253745177313798
4,-2,17.071908366367115
4,-2,14.55155951282169
4,-2,3.3420136932968063
4,-2,8.209943438320147
4,-2,10.163659609146285
4,-2,19.64196227068458
4,-2,2.5
4,-2,8.824328609824672
4,-2,19.31709147844717
4,-2,2.5
4,-2,10.916127353758485
4,-2,9.378185424585629
4,-2,26.88629087218669
4,-2,17.176285641697927
4,-2,19.25636082531866
4,-2,10.52976663927663
4,-2,11.908932158970957
4,-2,19.35591879338456
4,-2,15.563268715057136
4,-2,15.736416402359511
4,-2,2.5
4,-2,18.19769000295045
4,-2,18.629571281479624
4,-2,15.746107061487098
4,-2,9.969882561139402
4,-2,17.86399441011538
4,-2,18.774991467674866
4,-2,15.148934926297006
4,-2,9.587215556037014
4,-2,18.68844266579677
4,-2,21.781730666409704
4,-2,16.354835812248215
4,-1,15.246129150186475
4,-1,9.00621202944059
4,-1,13.642264412188277
4,-1,4.404290707868361
4,-1,13.254498752229422
4,-1,21.19404503165265
4,-1,6.259336992603041
4,-1,13.977200870678887
4,-1,14.774980979685733
4,-1,16.46322659208187
4,-1,11.268323085415105
4,-1,29.121046590987106
4,-1,17.01837036987827
4,-1,10.592995456374576
4,-1,2.5
4,-1,5.341581953295389
4,-1,16.990350020887913
4,-1,14.993842118511566
4,-1,14.129780017689093
4,-1,17.644996304488423
4,-1,13.351940194532855
4,-1,13.569175156293529
4,-1,18.780230515964384
4,-1,26.982966652755763
4,-1,14.977150456557474
4,-1,3.450340537507768
4,-1,21.48213028691673
4,-1,10.448318279361047
4,-1,21.33963181040047
4,-1,10.849418789475074
4,-1,14.711260032556176
4,-1,17.840128937165666
4,-1,13.971040967565123
4,-1,21.288359670836485
4,-1,14.327089816769362
4,-1,16.46128023058489
4,-1,11.199450181255314
4,-1,21.159408292112257
4,-1,16.003524499040683
4,-1,9.14822419056957
5,-1,18.084019328537387
5,-1,7.69918643796345
5,-1,10.717905203761855
5,-1,18.702512919305796
5,-1,9.062526050579066
5,-1,21.70168700327322
5,-1,9.64010175983239
5,-1,24.17051659269908
5,-1,16.28377210605253
5,-1,22.10533232885736
5,-1,11.115477957766457
5,-1,10.566036992376247
5,-1,19.75263378928453
5,-1,5.604484656462388
5,-1,2.5
5,-1,5.363986886593523
5,-1,4.755270140751558
5,-1,4.1029233694673515
5,-1,13.534156358651906
5,-1,19.545488962019704
5,-1,5.463789083375259
5,-1,10.305183284616515
5,-1,8.514405051557143
5,-1,20.110507366015234
5,-1,25.24481527170449
5,-1,13.738855661897112
5,-1,26.047586913163453
5,-1,16.685457583994424
5,-1,11.42741647293811
5,-1,11.402761209170045
5,-1,11.489929960859268
5,-1,22.048303484404276
5,-1,10.864220163118667
5,-1,15.243777508117285
5,-1,11.397696068371229
5,-1,17.804158973510656
5,-1,14.641979379397315
5,-1,12.685987490673313
5,-1,15.880191766311858
5,-1,16.53886800971219
4,-1,19.687049048367538
4,-1,17.036259389630704
4,-1,9.95992008130585
4,-1,13.880101829564754
4,-1,21.568777044066852
4,-1,18.91536954365607
4,-1,8.942978821162207
4,-1,10.63774306942533
4,-1,24.42866458139477
4,-1,11.660497638269785
4,-1,20.794990404273175
4,-1,12.828294501627798
4,-1,8.16598387330524
4,-1,11.400764872220707
4,-1,15.524649284514854
4,-1,6.04152013751308
4,-1,16.317365164147965
4,-1,10.328626258520206
4,-1,2.817980951655729
4,-1,15.795749819457333
4,-1,10.992177260062922
4,-1,21.096340969997634
4,-1,20.175738427479896
4,-1,20.190086037656457
4,-1,5.403730866509752
4,-1,11.962465359397122
4,-1,20.948422586982957
4,-1,8.490260933523867
4,-1,13.009339976939408
4,-1,14.322719371015014
4,-1,11.093978449592028
4,-1,9.693441882196655
4,-1,13.731209466564893
4,-1,11.921145925900884
4,-1,12.65257162702
4,-1,14.1601477812412
4,-1,3.887485017006643
4,-1,4.696126323281064
4,-1,20.044812753757025
4,-1,14.006085124976808
3,-1,4.2030265499714226
3,-1,12.283185791383659
3,-1,17.377779932307178
3,-1,21.919487694762392
3,-1,13.027579664183992
3,-1,7.507721529945159
3,-1,19.548847135341557
3,-1,24.848562762675922
3,-1,7.586540638461254
3,-1,29.196365623524162
3,-1,11.088081793473542
3,-1,18.08281517408352
3,-1,11.766982635647924
3,-1,13.811807201263715
3,-1,6.778615990667944
3,-1,16.87427836941889
3,-1,15.17726138623858
3,-1,7.5752728261286
3,-1,11.1578089893372
3,-1,18.581471847860108
3,-1,19.139543855092107
3,-1,17.133302125099352
3,-1,25.799088263609185
3,-1,12.382956642404883
3,-1,4.564512148343498
3,-1,12.125087615840517
3,-1,12.427525693830558
3,-1,16.683983084160097
3,-1,13.674390755041888
3,-1,19.248590750983045
3,-1,18.082075934014146
3,-1,5.232378441069094
3,-1,22.200728948883054
3,-1,22.748285242129377
3,-1,22.61579501717469
3,-1,10.796924670531782
3,-1,11.978114289049607
3,-1,16.527038005908853
3,-1,8.51773853583726
3,-1,16.26330710025884
2,-1,16.2328557972389
2,-1,13.471069848905701
2,-1,17.7270435716276
2,-1,16.025609485423537
2,-1,15.926296196266637
2,-1,13.612474973982817
2,-1,8.141941978138089
2,-1,14.846999929594615
2,-1,14.222664796389637
2,-1,22.051791461612698
2,-1,13.992382088216516
2,-1,19.801944071689604
2,-1,14.191771012373994
2,-1,19.595729871261256
2,-1,8.310625450757692
2,-1,22.9489790248971
2,-1,11.538312847460048
2,-1,17.32190886372012
2,-1,15.742455716909914
2,-1,5.755731772195692
2,-1,26.613019924822197
2,-1,3.898733912537855
2,-1,8.472543489647428
2,-1,19.333485127652
2,-1,15.348064959543892
2,-1,19.069959517829815
2,-1,22.861291090888958
2,-1,7.596259943876417
2,-1,14.611888184584517
2,-1,21.992429159761098
2,-1,12.382992960471729
2,-1,4.6363971411181275
2,-1,8.9661092488929
2,-1,27.367250113031858
2,-1,4.2896548393212175
2,-1,20.015079643181373
2,-1,12.81451449237975
2,-1,14.236150322077147
2,-1,18.037831623329588
2,-1,13.813228730337217
2,0,20.022517519016027
2,0,5.414633470597794
2,0,17.888136587747265
2,0,9.91497411902386
2,0,21.838025083573648
2,0,12.564253508500279
2,0,11.259646150693522
2,0,10.844734999080455
2,0,17.169507587102416
2,0,14.267159582971109
2,0,15.282021692165202
2,0,2.796886034394861
2,0,10.70520848367211
2,0,29.69595560012327
2,0,13.792683919300519
2,0,18.341012955176545
2,0,5.242757508571635
2,0,12.138504407654676
2,0,16.39922627795114
2,0,15.725533763089436
2,0,12.222974436903566
2,0,15.826707606577402
2,0,8.443810032037135
2,0,10.59704488784683
2,0,23.955469139488166
2,0,25.18056979869759
2,0,17.314665317760248
2,0,18.377210941548537
2,0,19.10672002352252
2,0,18.474348379625493
2,0,12.49959238830336
2,0,16.3577608899509
2,0,20.590715103458756
2,0,15.273133568998025
2,0,11.486777141169902
2,0,15.156496460334287
2,0,15.101839396989952
2,0,6.679836513478541
2,0,11.124707270316447
2,0,16.16265932770166
2,1,14.245027769108207
2,1,18.814177555976215
2,1,17.017733204328714
2,1,16.779616569747006
2,1,17.580636494709573
2,1,12.577326316164438
2,1,19.954726796825607
2,1,16.390908294028943
2,1,18.171948096108558
2,1,22.758745385489995
2,1,10.117283369838525
2,1,6.246525180616757
2,1,16.34150937233814
2,1,10.447953258035483
2,1,9.922346978868596
2,1,13.38398572655599
2,1,14.968273961117678
2,1,9.34362013842372
2,1,15.58939593061978
2,1,19.549954570563095
2,1,11.268592945220485
2,1,13.742107080534488
2,1,19.5739941261878
2,1,21.926368699174585
2,1,13.778287416223884
2,1,21.332727486164192
2,1,16.954374937799685
2,1,7.1561889349438985
2,1,10.975843348369041
2,1,16.42950114215992
2,1,19.332072095997738
2,1,10.767548309282837
2,1,19.985566417840307
2,1,13.914613885326805
2,1,21.38194406208949
2,1,3.2313784812046897
2,1,15.868110893331476
2,1,17.23379151087173
2,1,13.503606599379884
2,1,16.214165942667716
2,2,18.03555550642198
2,2,15.109021158221356
2,2,12.302487461137684
2,2,21.34039760498121
2,2,10.766022845596712
2,2,13.061570372319052
2,2,7.140505089243733
2,2,23.178403737587406
2,2,17.589599546346847
2,2,22.079980442065413
2,2,32.42827058709122
2,2,14.08673097887443
2,2,7.45040080183826
2,2,19.53351775163238
2,2,9.516055975997904
2,2,23.172088565655528
2,2,22.17394369084971
2,2,7.629380313030102
2,2,15.262898775764894
2,2,12.89538374995277
2,2,21.940799352012768
2,2,17.20143699987588
2,2,11.908856112499878
2,2,8.462700494224542
2,2,19.182357166836482
2,2,22.187204405629174
2,2,2.5
2,2,15.883277152616591
2,2,14.716788989293224
2,2,17.421652316965766
2,2,10.844100626690818
2,2,14.062885597224778
2,2,21.155773616747098
2,2,13.149402944165038
2,2,17.14640046717672
2,2,4.793518197755249
2,2,2.5
2,2,14.201497919940937
2,2,19.893069884811855
2,2,23.383466077061506
1,2,9.87339106754683
1,2,22.102275828457664
1,2,15.194655593856794
1,2,18.337415821309797
1,2,16.801776553417017
1,2,12.520033110234067
1,2,18.1372313443805
1,2,9.436522426678739
1,2,20.838591961777595
1,2,18.156159094017944
1,2,9.06762775577472
1,2,23.033168694995798
1,2,6.488038890248565
1,2,13.60301084367935
1,2,5.173998419124351
1,2,21.91443241555214
1,2,14.478921416028859
1,2,18.816590772846247
1,2,8.016618472813693
1,2,24.60773823977639
1,2,12.473455319614148
1,2,7.037361584861703
1,2,17.669738058937757
1,2,12.315431124472447
1,2,20.094972214894163
1,2,17.798477565656377
1,2,10.843551084247471
1,2,3.3217914378176623
1,2,6.592684612731148
1,2,13.651224219742717
1,2,22.72792644651336
1,2,16.13857082409464
1,2,9.243355356497988
1,2,14.214584360794504
1,2,14.58074990161109
1,2,3.2548460176151632
1,2,18.26438293951194
1,2,23.91500721026875
1,2,19.54458561154282
1,2,12.232093132860465
0,2,16.72863450452543
0,2,27.038345826300954
0,2,18.095629214256263
0,2,16.485306976407358
0,2,24.276524143588016
0,2,12.912502836638474
0,2,19.24230162127335
0,2,13.709660821525715
0,2,16.544327258233654
0,2,16.817016897835828
0,2,20.220973474584078
0,2,9.056927990182036
0,2,17.891460701591523
0,2,7.158189873274615
0,2,6.002959488647493
0,2,22.737986743804115
0,2,17.050171157057623
0,2,20.073824980612006
0,2,16.361253240195918
0,2,5.5753182602828755
0,2,10.826825392037776
0,2,10.578922300636973
0,2,15.905770665262006
0,2,16.05762654168418
0,2,17.1073403172826
0,2,14.97432292041596
0,2,12.510914826524576
0,2,13.812053858860656
0,2,11.442002023411542
0,2,18.63455081590719
0,2,20.33167801551688
0,2,16.322549056561524
0,2,7.872092476051986
0,2,12.087294848194617
0,2,14.06491049960429
0,2,18.47189109284345
0,2,19.08195475089632
0,2,20.174560901003886
0,2,24.776620661716382
0,2,20.385509797246552
0,3,11.188484626359955
0,3,13.703978951271177
0,3,21.07042867228926
0,3,13.682011802970639
0,3,19.02724489113634
0,3,23.17965258604472
0,3,19.97500980697078
0,3,11.165848290472356
0,3,20.681377629511648
0,3,21.314114514273243
0,3,23.054511349573247
0,3,14.47704152394795
0,3,12.239145047494508
0,3,21.160580297264485
0,3,11.132925966288035
0,3,11.197105994120736
0,3,25.2959705200687
0,3,23.42976847976675
0,3,10.475017714307839
0,3,16.139312461948464
0,3,14.281558442190727
0,3,16.6765435503979
0,3,5.9152646511565905
0,3,22.66426586421833
0,3,14.499867603347523
0,3,16.968395026959783
0,3,27.570702422093674
0,3,9.34532738217745
0,3,12.469833541212118
0,3,11.664713997784748
0,3,14.50528715830496
0,3,17.681008742909953
0,3,6.104741720225633
0,3,13.344155328851524
0,3,11.025730479549603
0,3,10.408363764709126
0,3,2.5
0,3,18.07169186714537
0,3,20.255086674552537
0,3,14.139825807999085
-1,3,19.33824422488581
-1,3,21.77143286093493
-1,3,14.863602312492269
-1,3,10.182635364813581
-1,3,28.565572099641713
-1,3,12.167399869776036
-1,3,9.455247735472877
-1,3,9.131409329657277
-1,3,4.764011329037521
-1,3,13.892278748060512
-1,3,6.537729310338728
-1,3,14.627619069606585
-1,3,9.186622618872775
-1,3,28.09485097293053
-1,3,14.121539555603297
-1,3,8.502226348230426
-1,3,16.874195895683908
-1,3,13.679365833711103
-1,3,13.855095010159403
-1,3,11.406679078464634
-1,3,15.887016327640746
-1,3,13.76120592078274
-1,3,15.236498706276862
-1,3,19.987664106915535
-1,3,9.34797012976935
-1,3,15.484650780823408
-1,3,8.798857202437734
-1,3,13.090821862581327
-1,3,20.322551199599303
-1,3,22.01491850991725
-1,3,15.665143786168455
-1,3,10.711834111433113
-1,3,13.492814211753334
-1,3,24.093262892378675
-1,3,9.596148444883626
-1,3,12.628181218748725
-1,3,21.771301994329825
-1,3,16.047840975742705
-1,3,8.887661069159961
-1,3,20.378487757795057
0,3,11.760607318180835
0,3,21.305289859655524
0,3,7.938104835054521
0,3,19.69940457188224
0,3,13.645685917784153
0,3,14.176666746015055
0,3,14.881752979166931
0,3,17.32344115440867
0,3,12.725651092762622
0,3,10.13644479778496
0,3,14.66300949204538
0,3,22.151275295414273
0,3,11.088767162727448
0,3,4.830144486554843
0,3,17.956819809559736
0,3,15.658948433075231
0,3,16.302943700345146
0,3,13.575288568355463
0,3,13.932351650947314
0,3,11.265380920746608
0,3,4.903570723370695
0,3,10.011975314724339
0,3,11.646898809863217
0,3,21.241977227763954
0,3,16.704436478141417
0,3,19.427206590647515
0,3,16.727083215545793
0,3,22.680826974473696
0,3,22.193962779013468
0,3,16.377947024288
0,3,15.859975292666341
0,3,9.373624376741851
0,3,11.922745803532514
0,3,15.067518119956443
0,3,11.527676580350322
0,3,15.687333707207447
0,3,10.193766193276335
0,3,18.2705433283115
0,3,4.80212948784108
0,3,2.5
-1,3,17.269972643543635
-1,3,8.115054375942336
-1,3,24.18797222719543
-1,3,2.798957222708406
-1,3,11.822297730904921
-1,3,5.530925960190675
-1,3,2.5
-1,3,8.970678645309645
-1,3,17.38475405596769
-1,3,11.26858244077133
-1,3,7.217615624817187
-1,3,4.818345379786537
-1,3,9.666290751047576
-1,3,4.947145270818012
-1,3,10.081842082687904
-1,3,10.378429490593287
-1,3,21.71085689809936
-1,3,18.21850013275514
-1,3,16.442672001476645
-1,3,10.312128646180385
-1,3,18.868268659133157
-1,3,13.189387295106997
-1,3,14.817789138222984
-1,3,22.30766613199018
-1,3,25.7391076361981
-1,3,8.84057625172287
-1,3,8.054247474974886
-1,3,2.5
-1,3,11.759791159623841
-1,3,18.964277486894403
-1,3,17.972245270600947
-1,3,15.311173521561443
-1,3,18.292350457651416
-1,3,15.127880580836058
-1,3,16.162156671548814
-1,3,14.619973935683163
-1,3,13.362256768985894
-1,3,12.070177431389663
-1,3,5.1924365319693635
-1,3,9.682278110452614
-2,3,17.510267739906478
-2,3,26.51079506072757
-2,3,17.977660860094538
-2,3,16.07720392966983
-2,3,15.273675649881515
-2,3,32.22895916066197
-2,3,26.07536768071361
-2,3,9.45503515618989
-2,3,13.642620371041458
-2,3,11.276010586115127
-2,3,16.733709316325378
-2,3,9.263536557331436
-2,3,13.506729414214963
-2,3,6.8334920356463416
-2,3,18.943058576515558
-2,3,12.207750149856619
-2,3,14.857584470484952
-2,3,22.132916697066666
-2,3,23.9400070582154
-2,3,7.889723280171761
-2,3,20.000839658012584
-2,3,20.11383756559122
-2,3,11.108650656684375
-2,3,6.172659529632314
-2,3,9.041669935602751
-2,3,8.772751755391436
-2,3,19.912426715448014
-2,3,13.725764275837113
-2,3,16.4726222264463
-2,3,10.592789323209686
-2,3,16.44344882088827
-2,3,17.36470540598699
-2,3,12.765335330656265
-2,3,5.690864219228407
-2,3,26.11480443342662
-2,3,9.617383687398622
-2,3,8.825348915993256
-2,3,16.903532476055734
-2,3,10.943355000984488
-2,3,13.794927279561367
-2,4,9.295481562127774
-2,4,12.029129732653812
-2,4,13.975055066987892
-2,4,21.899589923782756
-2,4,4.830312232682565
-2,4,11.226820297572575
-2,4,15.367246169035663
-2,4,11.39056389500393
-2,4,15.381828259528174
-2,4,9.748779395029208
-2,4,11.665964655288631
-2,4,5.810401466101542
-2,4,6.575842099948387
-2,4,14.667267322843353
-2,4,13.18795345140575
-2,4,27.05852324184295
-2,4,5.533413341271325
-2,4,8.008783569720439
-2,4,9.75485634115609
-2,4,18.217170270341366
-2,4,20.472936456789146
-2,4,20.98919263953384
-2,4,8.798005732188273
-2,4,7.532337387143012
-2,4,12.262461440497342
-2,4,16.03244192351686
-2,4,24.13203719689014
-2,4,10.796834228050697
-2,4,19.675850823290368
-2,4,11.720920733662977
-2,4,13.36148707656356
-2,4,18.841277849722772
-2,4,14.1084213680935
-2,4,22.80087195131396
-2,4,6.125524174377859
-2,4,11.84159615155088
-2,4,14.436698144231572
-2,4,20.136540655336766
-2,4,7.948895807422764
-2,4,17.13713561167365
-2,5,12.20476725424897
-2,5,2.5
-2,5,7.568729672628215
-2,5,10.313801095607271
-2,5,13.984638203750677
-2,5,11.216539131146655
-2,5,36.375936479044114
-2,5,12.309091585811226
-2,5,21.214031561283804
-2,5,9.284255712613149
-2,5,13.161703166266825
-2,5,7.286174703580587
-2,5,20.46229440864167
-2,5,13.509551833607231
-2,5,11.097923220729484
-2,5,7.144188036921952
-2,5,15.972958827947178
-2,5,12.727626139769717
-2,5,16.855100208817742
-2,5,2.5
-2,5,18.103016216551637
-2,5,10.099316295044122
-2,5,15.341048018695988
-2,5,14.027097383576795
-2,5,16.876845245207853
-2,5,15.339014097715408
-2,5,20.02268582156918
-2,5,21.17588116542591
-2,5,12.156352653813663
-2,5,14.842648042243761
-2,5,11.278411797981875
-2,5,12.58103063237385
-2,5,10.934885204690758
-2,5,7.513909693814971
-2,5,15.666533014652543
-2,5,17.142612752972127
-2,5,14.88721035627852
-2,5,16.532095623209337
-2,5,12.409906012775295
-2,5,16.48446288554313
-2,6,2.5
-2,6,15.777806521438016
-2,6,2.5
-2,6,3.7540897809499
-2,6,2.5
-2,6,4.509170832061205
-2,6,12.857679994588885
-2,6,8.886171120230951
-2,6,5.626832900273715
-2,6,3.2437222720925796
-2,6,29.235132780195975
-2,6,8.763901566556871
-2,6,14.432541665481105
-2,6,7.244007774151441
-2,6,14.789352508750413
-2,6,8.448641512057987
-2,6,12.669649685210638
-2,6,9.819117746215401
-2,6,6.44620575378963
-2,6,19.4337856946589
-2,6,14.237883832342915
-2,6,16.919811523388933
-2,6,14.066811450600582
-2,6,6.550091486880185
-2,6,10.592662105577947
-2,6,19.114057510592822
-2,6,11.262724408613005
-2,6,7.819323695480044
-2,6,19.653261406934405
-2,6,8.82642865616139
-2,6,8.390812903504306
-2,6,9.269679279761556
-2,6,12.105422548598417
-2,6,17.012098640131967
-2,6,2.5
-2,6,5.132260723495863
-2,6,13.648683569429616
-2,6,5.01296291864123
-2,6,8.723438372759457
-2,6,12.887916752457983
-1,6,11.711488350078016
-1,6,27.580665044194674
-1,6,11.118422114583947
-1,6,13.328460568378778
-1,6,2.5
-1,6,11.8880402190135
-1,6,13.825313444465046
-1,6,13.514401808124067
-1,6,12.976309059969749
-1,6,11.820326609395886
-1,6,3.280163097660287
-1,6,13.778142095798897
-1,6,11.572839663734106
-1,6,21.951931233392862
-1,6,7.413253850950541
-1,6,7.61613242946964
-1,6,13.741257397511703
-1,6,9.610670833698453
-1,6,6.687003058535845
-1,6,6.8634145333035725
-1,6,8.862071036561785
-1,6,13.420863963003084
-1,6,10.548784529324209
-1,6,24.249300737810344
-1,6,9.367629711214908
-1,6,11.733661303672758
-1,6,21.06187817040913
-1,6,12.06600171957997
-1,6,17.696131617255997
-1,6,17.945679783307924
-1,6,3.0755105099140057
-1,6,13.389565768612144
-1,6,3.674725875065409
-1,6,11.718924465993455
-1,6,7.279850092945252
-1,6,9.648327340000085
-1,6,24.563964538523265
-1,6,20.8077316561712
-1,6,9.305012521998627
-1,6,4.432769329974207
0,6,12.391104759561593
0,6,13.260122793346586
0,6,6.527148129670567
0,6,18.576328617981414
0,6,15.148844915606208
0,6,13.387829284728616
0,6,2.5
0,6,10.667472191681751
0,6,5.938979476639429
0,6,12.737347616942973
0,6,13.096035547094942
0,6,4.2957393819215675
0,6,16.30882190258645
0,6,24.68296446044875
0,6,9.538286107769615
0,6,2.5
0,6,10.977429534835112
0,6,9.306619710741913
0,6,18.63221312149811
0,6,11.050011144965026
0,6,9.76163114868401
0,6,11.929155947067775
0,6,19.157503915461998
0,6,13.150296862698017
0,6,11.814278750905965
0,6,7.791610605161063
0,6,6.9923829994372815
0,6,8.693827869805183
0,6,13.782417832406619
0,6,13.280076143318652
0,6,13.36492611964068
0,6,13.496014279054782
0,6,17.78253780134598
0,6,18.584116567929605
0,6,14.449373661452986
0,6,7.681295419981662
0,6,11.045708630316927
0,6,4.09546414206647
0,6,3.071454431763268
0,6,7.976908240057853
-1,6,13.110161811465876
-1,6,5.748207461634283
-1,6,24.483827870101763
-1,6,10.809097879027071
-1,6,2.5
-1,6,21.33902685687611
-1,6,11.983842985855622
-1,6,13.290569292072849
-1,6,18.13139581649579
-1,6,6.553540651609804
-1,6,10.764127381773182
-1,6,16.70254895609311
-1,6,10.443414318518741
-1,6,9.94669406100891
-1,6,2.5
-1,6,9.473134910597121
-1,6,4.899998532043184
-1,6,6.385025357431883
-1,6,19.60415128374983
-1,6,11.890365774495274
-1,6,9.49359901886621
-1,6,18.849568155753513
-1,6,16.911800289573257
-1,6,9.40653347958511
-1,6,15.966310683015928
-1,6,13.545089315855114
-1,6,13.83487043411355
-1,6,17.008874897929314
-1,6,15.943350267408471
-1,6,11.349218238817732
-1,6,9.990696570374984
-1,6,13.503628600228776
-1,6,12.353025075768286
-1,6,5.57579574341166
-1,6,21.441075901098788
-1,6,12.047146258735358
-1,6,14.641968708663356
-1,6,14.080594233092684
-1,6,5.323634044108159
-1,6,6.63966042491979
-2,6,5.609298084020657
-2,6,5.274287397609271
-2,6,12.106139817909018
-2,6,20.52054671193644
-2,6,10.947004193506661
-2,6,14.168147156723178
-2,6,16.26608611317405
-2,6,11.598030309727664
-2,6,21.170377414522875
-2,6,5.613687428030706
-2,6,5.6365704763522
-2,6,19.215853359815554
-2,6,7.8611324534893265
-2,6,5.636765325817676
-2,6,5.628515709291477
-2,6,19.57275442187118
-2,6,22.22337745304227
-2,6,15.723170600559662
-2,6,9.605590029927903
-2,6,9.849140952773478
-2,6,11.906298240476184
-2,6,13.193550384643444
-2,6,9.46308089920559
-2,6,10.099657849704325
-2,6,2.795777978123187
-2,6,16.381574338663764
-2,6,8.677337788967908
-2,6,2.5
-2,6,17.1540330764952
-2,6,9.028503271335007
-2,6,7.959629085998443
-2,6,2.5
-2,6,12.81491338692168
-2,6,3.2626888738388917
-2,6,12.933226829044173
-2,6,7.217977111710532
-2,6,12.403861207053168
-2,6,19.7089314243677
-2,6,10.353695774905058
-2,6,20.614532701028203
-1,6,12.022935465515229
-1,6,8.139238051916085
-1,6,5.578888886377492
-1,6,13.377767650551075
-1,6,18.232460335472137
-1,6,2.5
-1,6,14.0340382224084
-1,6,9.105849155688007
-1,6,11.941514241255383
-1,6,7.100683271307223
-1,6,11.020648693066244
-1,6,2.5
-1,6,12.986738583501435
-1,6,16.573225488792183
-1,6,12.249538529456792
-1,6,5.156602574059995
-1,6,14.5365370956001
-1,6,9.146954846855099
-1,6,19.031657837850172
-1,6,6.338729995295098
-1,6,6.192475375685486
-1,6,4.641925609855869
-1,6,16.452455020735325
-1,6,9.896465564608427
-1,6,7.523873639798494
-1,6,7.0182913405891245
-1,6,18.168365760651994
-1,6,18.123509200198292
-1,6,13.090533099286256
-1,6,4.526076419914507
-1,6,14.530492509418098
-1,6,11.177999327388774
-1,6,8.181933931279351
-1,6,8.076655682404866
-1,6,7.462704675734844
-1,6,8.563756836300858
-1,6,2.5
-1,6,2.5
-1,6,16.196944515942953
-1,6,16.800884125106496
-2,6,12.827072599060141
-2,6,12.443263698789295
-2,6,10.764864064531704
-2,6,11.47890238967424
-2,6,4.080355980238647
-2,6,11.297203461114137
-2,6,17.242968651615904
-2,6,12.398518514084278
-2,6,8.916441152957233
-2,6,16.494793856961923
-2,6,14.95665519529182
-2,6,9.097436714658523
-2,6,4.9183744320935086
-2,6,16.69290808698107
-2,6,15.299892614048439
-2,6,10.4779728263813
-2,6,12.125277168018274
-2,6,11.840611257853244
-2,6,2.5
-2,6,2.5
-2,6,6.6371935819856756
-2,6,5.321812777313372
-2,6,15.21055454024739
-2,6,3.5947589645823523
-2,6,18.7161392989986
-2,6,15.884452486523754
-2,6,3.1438412347849924
-2,6,17.928014147946403
-2,6,10.419825996493833
-2,6,12.573639848792117
-2,6,2.694822025487259
-2,6,19.396168463357263
-2,6,16.892446259731212
-2,6,11.716429375225648
-2,6,16.15969341406427
-2,6,8.377042857953123
-2,6,8.44903514932417
-2,6,10.572893427379341
-2,6,10.066692713793705
-2,6,10.834637017256815
-2,7,4.8001738511278464
-2,7,12.624708474102427
-2,7,12.84115392117469
-2,7,14.194972862678894
-2,7,21.12997751193999
-2,7,5.604930851721495
-2,7,11.490986463750785
-2,7,12.833943829759937
-2,7,15.69697891821956
-2,7,7.884657646220651
-2,7,10.827317055394413
-2,7,6.013719352029793
-2,7,8.616921895393572
-2,7,2.5
-2,7,14.604140644142694
-2,7,10.967450026657426
-2,7,8.622198999223814
-2,7,9.080980909495578
-2,7,17.071057001011603
-2,7,17.703194065225482
-2,7,7.323124464657639
-2,7,13.825496132421108
-2,7,9.708802896579071
-2,7,9.178741712732716
-2,7,13.464967496082334
-2,7,11.2389383678162
-2,7,18.7771646907135
-2,7,20.044565267586783
-2,7,19.33139338731295
-2,7,18.495551791581324
-2,7,10.256986099152735
-2,7,9.677004592139777
-2,7,2.530921202344558
-2,7,7.102236020581601
-2,7,14.34647436094837
-2,7,10.466304942554963
-2,7,12.040000160287565
-2,7,19.645682253523923
-2,7,2.5
-2,7,13.455654511503036
-1,7,10.837929303181769
-1,7,10.012265103538846
-1,7,10.892183730078163
-1,7,3.5268130804126887
-1,7,7.5780675024842505
-1,7,16.225968171664412
-1,7,16.08381353131694
-1,7,19.96162142853346
-1,7,12.876572650263
-1,7,5.15890821136776
-1,7,4.370755698898689
-1,7,4.603081796149908
-1,7,16.682178465099025
-1,7,12.497679965096136
-1,7,11.419971078008567
-1,7,14.9902179109058
-1,7,16.7777383323331
-1,7,15.050034748142632
-1,7,13.243927612502612
-1,7,6.635808533941146
-1,7,8.450546174275864
-1,7,11.639676554974978
-1,7,3.8969008900300155
-1,7,2.581578710881951
-1,7,4.6234769569979015
-1,7,7.889553768893546
-1,7,13.576799710703309
-1,7,10.767524609753819
-1,7,8.321700183337706
-1,7,13.001378949391789
-1,7,8.815543276873726
-1,7,14.616098536074002
-1,7,14.259919493119943
-1,7,12.505454411970101
-1,7,16.444957624439333
-1,7,3.9330181846670857
-1,7,3.8887047833067916
-1,7,20.03540317610058
-1,7,12.083170197972073
-1,7,10.59195957895145
-2,7,6.3894616721597695
-2,7,20.113332833952345
-2,7,17.729144240218442
-2,7,11.300830336172053
-2,7,2.9234987025747694
-2,7,7.360800324534435
-2,7,19.098156996049724
-2,7,11.139450880537408
-2,7,18.986495671328534
-2,7,8.04623700763535
-2,7,12.331138073926901
-2,7,11.751742983152356
-2,7,17.156241316480692
-2,7,19.364273417915122
-2,7,21.408002890939848
-2,7,11.574235312172785
-2,7,12.822032047292119
-2,7,7.553155404520818
-2,7,15.721010816645938
-2,7,17.423889601937134
-2,7,7.706849853426769
-2,7,11.426692917177332
-2,7,8.360995884855186
-2,7,5.616105770572692
-2,7,15.277414099111391
-2,7,14.41435156533382
-2,7,19.38694961866377
-2,7,8.409045077277561
-2,7,8.8115219485533
-2,7,11.957771259014905
-2,7,14.487776584686396
-2,7,13.599066914552928
-2,7,15.063005051889949
-2,7,20.496317473618504
-2,7,10.497024315473528
-2,7,6.657085209782385
-2,7,16.74283559812537
-2,7,17.72047376981333
-2,7,14.186695894183886
-2,7,13.249624389202147
-1,7,18.054523546896156
-1,7,6.73688382786275
-1,7,7.589390661122919
-1,7,9.745806294025172
-1,7,6.7788172243195435
-1,7,23.03087162032169
-1,7,2.5
-1,7,12.751482506218341
-1,7,8.326545012443104
-1,7,22.894855724983053
-1,7,7.572132627610469
-1,7,6.2675857262004415
-1,7,11.239351715184261
-1,7,9.497119839393196
-1,7,18.034283376415257
-1,7,5.95402926842601
-1,7,17.840337498160007
-1,7,15.07979388181862
-1,7,14.0986864645661
-1,7,7.4181772638540835
-1,7,13.413089996494113
-1,7,12.35075186380026
-1,7,8.62395549937409
-1,7,10.438763436379599
-1,7,5.055529901393107
-1,7,8.508034258237908
-1,7,9.923555666238075
-1,7,2.5
-1,7,13.972525219502883
-1,7,12.83911121027853
-1,7,16.21718145647048
-1,7,12.94870484497465
-1,7,17.483450772875706
-1,7,20.46370543860116
-1,7,3.468639399298466
-1,7,4.273598083726138
-1,7,5.216878262453205
-1,7,13.120601152349888
-1,7,17.35691404481078
-1,7,13.742544662882047
-2,7,8.459400839498063
-2,7,16.383023138544843
-2,7,9.422340224606398
-2,7,6.683227160452329
-2,7,15.373017636598332
-2,7,8.198956713650531
-2,7,7.0283059357928215
-2,7,17.9631255293391
-2,7,5.97552020895872
-2,7,6.130164216131292
-2,7,14.546422423255057
-2,7,9.074033058264357
-2,7,8.639364231465859
-2,7,4.623032096212657
-2,7,16.556972899783872
-2,7,14.25596993085221
-2,7,7.4413590909634255
-2,7,17.61110397062137
-2,7,5.065156149266136
-2,7,12.769017985288437
-2,7,21.58787703818995
-2,7,16.5800273957322
-2,7,10.921487939875785
-2,7,4.482152915939996
-2,7,9.495935501938137
-2,7,21.878029096894757
-2,7,4.933837766473387
-2,7,9.76473093435494
-2,7,12.796306148670038
-2,7,7.509612461185464
-2,7,16.931593476333916
-2,7,13.75997899347188
-2,7,16.37815618375128
-2,7,9.909763929867676
-2,7,7.504107759848605
-2,7,4.867770644205964
-2,7,12.196101037197359
-2,7,21.668197686018708
-2,7,9.637271844380338
-2,7,12.70883698926706
-2,6,9.357557572535491
-2,6,10.65964792353795
-2,6,14.615450386601145
-2,6,16.887499793453767
-2,6,12.400389541366398
-2,6,19.40162420572409
-2,6,4.052571869326287
-2,6,17.440521541955956
-2,6,3.754074754951379
-2,6,5.9293705055885395
-2,6,13.535018560347208
-2,6,10.9292863823233
-2,6,14.879679000013493
-2,6,17.13620981311983
-2,6,10.403083764550136
-2,6,12.373176746792323
-2,6,12.966387786624166
-2,6,2.5
-2,6,18.617840896001972
-2,6,17.24748928574252
-2,6,16.035814232205077
-2,6,14.510599460984967
-2,6,6.4525417680098816
-2,6,5.405396189023431
-2,6,6.481559391871092
-2,6,15.265528327979933
-2,6,10.906690413632935
-2,6,24.19588689559029
-2,6,2.5
-2,6,14.249255699921488
-2,6,9.306905136392675
-2,6,16.870547528094704
-2,6,12.554898239460869
-2,6,13.08998233125475
-2,6,2.5
-2,6,16.28246226067761
-2,6,14.09689034711085
-2,6,9.362085472520077
-2,6,12.879676827507309
-2,6,12.778734475648232
-3,6,7.379618788657764
-3,6,6.6670068203003305
-3,6,17.403973222327366
-3,6,10.506920264395113
-3,6,17.67556056055833
-3,6,8.162176834844303
-3,6,11.542392608455526
-3,6,8.199094848221884
-3,6,12.958993008428994
-3,6,15.210178577601798
-3,6,4.495057096411559
-3,6,7.968130111006478
-3,6,8.585241482157176
-3,6,4.6815951717617645
-3,6,18.16662557700222
-3,6,10.78364375559159
-3,6,14.906153460134485
-3,6,9.334017704207081
-3,6,14.639652595627561
-3,6,7.903505018827314
-3,6,15.313490871301292
-3,6,13.144644812397058
-3,6,10.553952311848956
-3,6,16.263844048132082
-3,6,11.225148751216485
-3,6,11.534192656557838
-3,6,25.034768514951903
-3,6,17.406881030312054
-3,6,10.414668402400705
-3,6,15.919038470753033
-3,6,16.210622636032642
-3,6,15.785930373390954
-3,6,8.649695029231268
-3,6,19.780910548901307
-3,6,9.736033557185248
-3,6,2.5
-3,6,4.454359126461976
-3,6,16.79445085238137
-3,6,26.295997064599817
-3,6,17.417122709202804
-3,7,10.823863018849899
-3,7,7.932019593658535
-3,7,14.377113443719084
-3,7,6.136068404360884
-3,7,9.113294058979685
-3,7,16.72079190107891
-3,7,13.546113819534058
-3,7,18.01283542260567
-3,7,24.570541363104887
-3,7,11.627134056945724
-3,7,4.610243614738334
-3,7,8.524842009854856
-3,7,13.881053608762828
-3,7,13.355035995801476
-3,7,4.1307359435980935
-3,7,2.5
-3,7,14.271255267639702
-3,7,8.933052941428356
-3,7,18.126221625662907
-3,7,13.810933496645251
-3,7,8.648013766691758
-3,7,10.291373950102315
-3,7,9.979019202971312
-3,7,12.77380149418915
-3,7,11.11999888327031
-3,7,13.65794979482941
-3,7,9.251341186515882
-3,7,3.867539314545952
-3,7,6.821230651542369
-3,7,16.46666574721838
-3,7,6.843851722200881
-3,7,20.294340494536417
-3,7,10.70535451789996
-3,7,11.062121541529315
-3,7,2.5
-3,7,2.5
-3,7,15.84753221979727
-3,7,10.010579069086168
-3,7,11.568946612471272
-3,7,13.974558140134251
-4,7,10.374642745983715
-4,7,11.163005973479802
-4,7,10.69771783516202
-4,7,5.3887160673355154
-4,7,11.230823997346427
-4,7,11.57917720913605
-4,7,13.622354393492325
-4,7,13.969437975345562
-4,7,6.362961000010095
-4,7,6.558793929897996
-4,7,3.9579146391179574
-4,7,15.9335332381445
-4,7,16.654259011760267
-4,7,3.924415013602035
-4,7,14.373379538289376
-4,7,12.156884246943777
-4,7,4.747501284553142
-4,7,10.596060397071048
-4,7,8.13632591924115
-4,7,17.24067009624132
-4,7,9.423497951698312
-4,7,4.6699999996888835
-4,7,10.535040823374413
-4,7,15.237071599707697
-4,7,13.93799955002369
-4,7,6.398680911461784
-4,7,5.241862992208227
-4,7,11.1751036080283
-4,7,7.543134711505618
-4,7,4.661128347251856
-4,7,4.9930875776676045
-4,7,6.788034750983344
-4,7,6.024432063743448
-4,7,11.848270343787435
-4,7,12.896669806678045
-4,7,12.376513858334487
-4,7,9.444953717435881
-4,7,17.14299649134514
-4,7,20.001093037960423
-4,7,17.8651021288385
-4,8,2.5
-4,8,16.42453433969022
-4,8,10.684015219871943
-4,8,20.885276015135858
-4,8,2.5
-4,8,14.155059278653631
-4,8,19.894854583933324
-4,8,8.991708059860143
-4,8,19.78397721417144
-4,8,4.97742211913123
-4,8,9.209737654854393
-4,8,10.906570217191124
-4,8,26.681567441004105
-4,8,19.749502380358557
-4,8,12.292905313226129
-4,8,11.831447121956401
-4,8,6.548294161886348
-4,8,9.481124733488567
-4,8,9.942167219316511
-4,8,7.041858542309624
-4,8,4.951118981063903
-4,8,11.533226937318865
-4,8,2.5
-4,8,8.75229420914034
-4,8,7.466931945337157
-4,8,13.13201925564855
-4,8,4.8022077791380715
-4,8,2.715643595372713
-4,8,14.142646703006559
-4,8,7.798725647396129
-4,8,16.178929485616322
-4,8,2.5
-4,8,9.357878934302564
-4,8,15.57188324995677
-4,8,9.024126286188451
-4,8,2.5
-4,8,18.361734420910064
-4,8,7.997335640710366
-4,8,8.041131273964385
-4,8,2.5
-5,8,12.895739854017807
-5,8,9.173805492569315
-5,8,2.5
-5,8,10.432727277667958
-5,8,8.502946613443024
-5,8,8.666722445830743
-5,8,18.310905812107023
-5,8,2.5
-5,8,9.285448880209858
-5,8,13.23622208036982
-5,8,6.099957596275068
-5,8,10.27508885464885
-5,8,4.239574984341511
-5,8,12.778117539541835
-5,8,2.5
-5,8,10.474012348482185
-5,8,16.304137010315287
-5,8,14.980226010798624
-5,8,16.057040540159754
-5,8,12.209619788034203
-5,8,8.037161685744259
-5,8,9.574578230172229
-5,8,6.683832316797265
-5,8,5.571317073873902
-5,8,9.553706552073095
-5,8,5.033968827519715
-5,8,2.5
-5,8,10.340603674426912
-5,8,6.296077622025534
-5,8,2.5
-5,8,2.5
-5,8,7.452121847899598
-5,8,16.136857221868215
-5,8,13.584602850934907
-5,8,7.193520560776863
-5,8,2.5
-5,8,13.8147461488089
-5,8,2.5
-5,8,10.057035034090754
-5,8,2.5
-5,9,2.5
-5,9,2.5
-5,9,7.258773925423954
-5,9,11.815491143838802
-5,9,15.534277290069909
-5,9,7.3115025033382475
-5,9,2.5
-5,9,9.10306268109955
-5,9,5.594747377850789
-5,9,18.21019348123921
-5,9,2.5
-5,9,2.5
-5,9,2.5
-5,9,9.087559164090322
-5,9,2.5
-5,9,21.2992833821897
-5,9,13.92303603043409
-5,9,10.780337293145115
-5,9,11.141991833431982
-5,9,5.273807208263543
-5,9,7.199228384623335
-5,9,6.770391632463427
-5,9,13.692266386191147
-5,9,14.699354468536896
-5,9,5.148460077281515
-5,9,15.17057715748728
-5,9,3.5657362639666923
-5,9,7.2575401091719485
-5,9,16.003876573267377
-5,9,5.04901422347271
-5,9,12.2599471433769
-5,9,4.633615468299293
-5,9,8.450864347777488
-5,9,7.871304958341811
-5,9,9.86387627267697
-5,9,9.399344725518295
-5,9,14.19851285561256
-5,9,6.033023693333443
-5,9,12.71008353574429
-5,9,2.5
-6,9,11.273110372594026
-6,9,6.6754614609359955
-6,9,10.85906630989147
-6,9,9.120026504043887
-6,9,6.279284717557722
-6,9,13.542413357787982
-6,9,7.023629755278045
-6,9,9.053116812425783
-6,9,7.176583086176095
-6,9,9.027308973220986
-6,9,2.5482641487995883
-6,9,3.502723330109589
-6,9,4.513941880701656
-6,9,11.701127008980478
-6,9,21.212690533349107
-6,9,8.937472110155548
-6,9,10.477446390290059
-6,9,7.995480109654833
-6,9,5.338395525958715
-6,9,12.02432716810126
-6,9,4.1978170800705765
-6,9,5.616838603861604
-6,9,4.427435624755517
-6,9,2.5
-6,9,9.011837656362617
-6,9,2.5
-6,9,9.664957245900737
-6,9,17.91833870633361
-6,9,8.610079348590745
-6,9,2.5
-6,9,2.5
-6,9,4.324360954501863
-6,9,2.5
-6,9,2.5
-6,9,14.018180817243813
-6,9,2.9898192911311776
-6,9,13.928629117816019
-6,9,3.8848539131946547
-6,9,16.156598974224046
-6,9,22.18603582393311
-5,9,10.193268373117895
-5,9,2.5
-5,9,5.806425278569511
-5,9,17.976666977031954
-5,9,12.032187015278272
-5,9,8.908542452180074
-5,9,8.801195302181199
-5,9,5.341480719236851
-5,9,8.254574977907058
-5,9,14.483132287748248
-5,9,12.855543984733036
-5,9,7.835293149487389
-5,9,12.398457182679238
-5,9,6.617144701840925
-5,9,9.705546175568838
-5,9,11.135767254443486
-5,9,12.230217967157119
-5,9,2.5
-5,9,6.681567205029459
-5,9,7.096723570821158
-5,9,10.415598120529767
-5,9,10.351961022637212
-5,9,25.139244772401845
-5,9,19.161300738659715
-5,9,2.5
-5,9,4.063674669562119
-5,9,5.068517574153056
-5,9,2.5
-5,9,5.49064308489479
-5,9,9.494443812803318
-5,9,10.818347515033706
-5,9,8.962554574588358
-5,9,13.415341002080284
-5,9,19.307595157047572
-5,9,12.016644794464609
-5,9,10.789538461400536
-5,9,19.050651159447966
-5,9,19.265135979598718
-5,9,3.996235101252781
-5,9,13.341369937577877
-5,10,20.784999972175697
-5,10,7.523022148424689
-5,10,19.755945147000322
-5,10,8.70855195043736
-5,10,3.60213735786693
-5,10,8.421027941375723
-5,10,9.501995142685324
-5,10,12.492259469609156
-5,10,12.812660274855972
-5,10,15.999675929931467
-5,10,14.014910267815214
-5,10,11.296884022659906
-5,10,4.891003628113575
-5,10,2.5
-5,10,4.159755722220467
-5,10,4.3722666628256155
-5,10,10.062720919420755
-5,10,12.927040421691302
-5,10,6.193774742130873
-5,10,8.934520313061006
-5,10,9.147011284350484
-5,10,14.577316437833318
-5,10,16.289994319249907
-5,10,5.504767392654964
-5,10,6.741524537792826
-5,10,9.30627210982878
-5,10,15.468320825181447
-5,10,5.1563807276479094
-5,10,5.145355332504919
-5,10,2.5
-5,10,2.5
-5,10,9.202024225139155
-5,10,4.423507685542078
-5,10,5.949148633780606
-5,10,13.23176435271164
-5,10,16.436324742354717
-5,10,4.054193661118649
-5,10,4.204624688346793
-5,10,12.698888297402256
-5,10,20.74913240110355
-6,10,2.5
-6,10,12.86153641630837
-6,10,10.250010528055668
-6,10,12.154917271854261
-6,10,12.091492531971504
-6,10,5.443322720672972
-6,10,6.1035544807731785
-6,10,14.934136307272066
-6,10,20.900381290202702
-6,10,13.356156776969902
-6,10,10.918459218967817
-6,10,5.193579380385535
-6,10,16.964144108733677
-6,10,7.199665686932289
-6,10,12.701121783709883
-6,10,13.245451821051049
-6,10,13.221451276224276
-6,10,11.986141798626644
-6,10,9.009081410273339
-6,10,4.548479920823404
-6,10,11.214761748338264
-6,10,6.578422589025845
-6,10,8.709825312117577
-6,10,6.2496354547234105
-6,10,6.711234059711621
-6,10,8.680048375324644
-6,10,4.323260022559831
-6,10,6.432687171778427
-6,10,9.991252411606126
-6,10,10.688641774872904
-6,10,3.479189189936556
-6,10,10.689520315694958
-6,10,2.880546126648756
-6,10,4.373423327233393
-6,10,11.762940247323892
-6,10,5.591924338492151
-6,10,9.153055727550218
-6,10,13.799885219776849
-6,10,10.45219587760796
-6,10,3.1367281915275367
-7,10,13.27944035027435
-7,10,4.994692121051948
-7,10,3.034792187079123
-7,10,12.497262920755357
-7,10,9.645303867979155
-7,10,6.61118588635667
-7,10,10.549120187648368
-7,10,2.5
-7,10,2.5
-7,10,5.789895664711514
-7,10,9.422869884918104
-7,10,2.5
-7,10,10.40427571969196
-7,10,3.5641282415399003
-7,10,11.460851932716547
-7,10,6.298309547399992
-7,10,2.5
-7,10,8.52903444941058
-7,10,2.5
-7,10,8.402059570130229
-7,10,21.417845955399056
-7,10,2.5
-7,10,5.299303250224803
-7,10,6.313965135053559
-7,10,2.5
-7,10,7.13628618544651
-7,10,6.337047973828639
-7,10,2.5
-7,10,17.389004090082153
-7,10,4.444442720288487
-7,10,11.055463504714382
-7,10,2.5
-7,10,2.5
-7,10,2.5
-7,10,9.882772466142761
-7,10,11.060742533561296
-7,10,2.5
-7,10,17.415230820893917
-7,10,13.710341405132176
-7,10,2.7706054619959835
-8,10,14.188993988379693
-8,10,2.5
-8,10,2.5
-8,10,2.5
-8,10,7.547000002415152
-8,10,4.7208041017333935
-8,10,6.7946540909743645
-8,10,7.032611523853472
-8,10,12.584515030891112
-8,10,3.1835432854717816
-8,10,8.102192437226613
-8,10,9.694719343405854
-8,10,2.5
-8,10,9.137444968511176
-8,10,17.220547559298378
-8,10,4.010539758576421
-8,10,7.444105840546009
-8,10,12.934761519911383
-8,10,4.0099805241097854
-8,10,12.555987788853006
-8,10,2.5
-8,10,2.5
-8,10,3.5598571544679727
-8,10,4.317804694495205
-8,10,14.602579661768093
-8,10,14.875956157824472
-8,10,3.146865841146526
-8,10,11.044871593946569
-8,10,14.212795402543247
-8,10,15.856314060639374
-8,10,14.357416254574154
-8,10,2.5
-8,10,11.714849827839924
-8,10,7.735555623351252
-8,10,5.494780467037064
-8,10,2.5
-8,10,5.049062604361707
-8,10,22.726343682868396
-8,10,7.919122742843163
-8,10,14.66860328281123
-9,10,4.162867827517699
-9,10,2.5
-9,10,5.588043566253498
-9,10,2.5
-9,10,2.5
-9,10,6.931259960445507
-9,10,2.5
-9,10,2.5
-9,10,2.5
-9,10,14.885325207882797
-9,10,8.101570827176719
-9,10,7.385048152564739
-9,10,9.749494093789245
-9,10,2.5
-9,10,2.5
-9,10,3.5885423516323485
-9,10,2.5
-9,10,6.991226055721961
-9,10,2.5
-9,10,13.142002891174272
-9,10,2.5
-9,10,8.298110409585584
-9,10,9.417003473763154
-9,10,12.013285180644338
-9,10,2.5586089599362287
-9,10,11.386277226460281
-9,10,18.938598603034556
-9,10,15.13809460478025
-9,10,11.256156237317143
-9,10,8.87861533091506
-9,10,8.177641685919864
-9,10,4.257345547809093
-9,10,15.530294084750617
-9,10,2.5
-9,10,10.62282212726377
-9,10,2.5
-9,10,12.338683029555563
-9,10,2.5
-9,10,5.507323395012779
-9,10,13.622332720946588
-10,10,2.5
-10,10,11.415453601991366
-10,10,5.156213571450432
-10,10,4.657020207997528
-10,10,3.3713324853160946
-10,10,6.004798895329093
-10,10,9.731002521980924
-10,10,9.732484168041044
-10,10,4.628963854064649
-10,10,8.84187614818957
-10,10,3.3087668525536476
-10,10,4.849707961806101
-10,10,2.5
-10,10,2.5
-10,10,12.052735422311805
-10,10,11.359819906941617
-10,10,2.5
-10,10,2.5
-10,10,2.5
-10,10,18.914744828835545
-10,10,2.5
-10,10,7.932315754672487
-10,10,2.5
-10,10,7.681254563822508
-10,10,6.4846251051893455
-10,10,11.43267579423533
-10,10,20.310257657658603
-10,10,2.5
-10,10,10.8756546472366
-10,10,2.5
-10,10,15.2370964691069
-10,10,3.968831906084031
-10,10,3.281044697294585
-10,10,2.5
-10,10,2.5
-10,10,2.5
-10,10,7.700168676485215
-10,10,7.036256046787335
-10,10,4.265708994755516
-10,10,2.5
-11,10,2.5
-11,10,10.6315966779969
-11,10,2.5
-11,10,2.5
-11,10,5.551067964276781
-11,10,3.9139354546850624
-11,10,5.991132837096737
-11,10,2.5
-11,10,2.5
-11,10,2.5
-11,10,7.466916875742074
-11,10,5.772155916087406
-11,10,2.5
-11,10,9.394052418315288
-11,10,2.5
-11,10,7.653851928408592
-11,10,3.731288358798782
-11,10,6.147927240821313
-11,10,6.266071046065543
-11,10,2.5
-11,10,12.585673652006719
-11,10,2.5
-11,10,2.5
-11,10,15.951834384582355
-11,10,4.254844312813137
-11,10,2.5
-11,10,9.358423462744094
-11,10,17.075676417576986
-11,10,3.7636498653005037
-11,10,2.5
-11,10,3.9962042222622616
-11,10,12.306957357699599
-11,10,4.27546821609585
-11,10,5.195106957800548
-11,10,7.703909876360125
-11,10,2.5
-11,10,4.807414578433603
-11,10,8.218503996271293
-11,10,9.451198999539795
-11,10,2.5
-12,10,8.67624700430055
-12,10,2.5
-12,10,2.5
-12,10,8.465087517464625
-12,10,11.369533378887034
-12,10,9.516572930247051
-12,10,8.260716778994095
-12,10,9.367159773868412
-12,10,4.653761997318754
-12,10,4.962337348335161
-12,10,7.79921454593128
-12,10,10.642578197872783
-12,10,2.5
-12,10,11.252467538289103
-12,10,2.5
-12,10,8.369084029937648
-12,10,2.9395573530740857
-12,10,2.5
-12,10,2.5
-12,10,13.375050025404125
-12,10,6.146954093240257
-12,10,5.135997321326507
-12,10,2.5
-12,10,9.315710876687426
-12,10,2.5
-12,10,2.5
-12,10,17.311874007314273
-12,10,2.5
-12,10,6.789285117929958
-12,10,12.177377668052667
-12,10,7.677718869999019
-12,10,2.780689934533094
-12,10,5.646724372186421
-12,10,2.5
-12,10,7.829100340110109
-12,10,9.943080649708666
-12,10,2.5
-12,10,2.5
-12,10,6.32945386796626
-12,10,2.5
-13,10,7.704171479683622
-13,10,18.445012967980077
-13,10,7.685041248416994
-13,10,2.5
-13,10,6.980951283946859
-13,10,6.498468276277766
-13,10,2.5
-13,10,19.001248189978618
-13,10,2.5
-13,10,2.5
-13,10,12.357541281637863
-13,10,2.5
-13,10,4.481808821350623
-13,10,10.82689561925775
-13,10,2.5
-13,10,6.7506919728800625
-13,10,2.5
-13,10,2.5
-13,10,3.639382544859833
-13,10,22.427225793313305
-13,10,4.401432669194823
-13,10,2.5
-13,10,12.646296013154227
-13,10,7.717246570561061
-13,10,2.5
-13,10,2.5
-13,10,2.5
-13,10,6.1804333557488
-13,10,2.5
-13,10,2.5
-13,10,2.5
-13,10,5.289740855050102
-13,10,2.7828111456576012
-13,10,2.5
-13,10,2.5
-13,10,5.889143695632557
-13,10,12.051611949445594
-13,10,2.5
-13,10,12.224474004578834
-13,10,2.5
-13,9,7.997449325951396
-13,9,8.25300043739189
-13,9,8.508740330712195
-13,9,4.375144159048621
-13,9,7.165942158408642
-13,9,3.278905099395005
-13,9,3.543514728400917
-13,9,7.775954329667697
-13,9,4.535921453431489
-13,9,9.825070676032734
-13,9,8.340750137703843
-13,9,2.692345030477868
-13,9,7.654181987774434
-13,9,6.451951597591803
-13,9,2.5
-13,9,5.199346933380647
-13,9,4.975571377336841
-13,9,13.119348480872162
-13,9,6.939319599344557
-13,9,6.5874025935745815
-13,9,5.918882431315337
-13,9,14.246293550158802
-13,9,2.5
-13,9,15.023639407917376
-13,9,8.99121348130437
-13,9,4.9346555283891345
-13,9,2.5
-13,9,2.5
-13,9,11.261277276529919
-13,9,9.236959210145276
-13,9,10.395273253269403
-13,9,5.363534074602301
-13,9,5.858366675966839
-13,9,3.9706314166466488
-13,9,2.5
-13,9,10.98827146652988
-13,9,2.5
-13,9,2.5
-13,9,4.266014952010871
-13,9,2.5
-13,10,5.45841479667901
-13,10,4.227650029007069
-13,10,5.001385174662352
-13,10,8.847319792898533
-13,10,2.5
-13,10,2.5
-13,10,2.5
-13,10,2.5
-13,10,3.8169559639623047
-13,10,2.5
-13,10,2.5
-13,10,15.780514542040537
-13,10,11.248945092441053
-13,10,4.258568344023943
-13,10,11.048970849525965
-13,10,6.239032195627363
-13,10,2.5
-13,10,12.778547129312294
-13,10,9.079324447069077
-13,10,12.428738595915439
-13,10,2.5
-13,10,9.951791785167687
-13,10,2.5
-13,10,6.015368449969299
-13,10,3.404738884355022
-13,10,2.5
-13,10,10.446154607771508
-13,10,2.5
-13,10,5.736268198596159
-13,10,2.636792869985043
-13,10,2.5
-13,10,10.235341521617052
-13,10,11.981875727393295
-13,10,8.446287573886224
-13,10,2.5
-13,10,4.672506606690971
-13,10,8.747553080803534
-13,10,8.57249500323302
-13,10,5.940247542631223
-13,10,3.507698157305275
-12,10,11.903990985249793
-12,10,2.5
-12,10,2.5
-12,10,2.5
-12,10,7.9210804611480725
-12,10,14.26771144886159
-12,10,2.5
-12,10,2.5
-12,10,3.5637680029645997
-12,10,15.070934077292398
-12,10,4.084082699249626
-12,10,2.5
-12,10,2.5
-12,10,3.24200559783293
-12,10,14.114491736416955
-12,10,6.843201177519549
-12,10,7.028612652576805
-12,10,10.68213565521874
-12,10,2.5
-12,10,13.118251656387528
-12,10,5.7028723975068845
-12,10,6.025827697018415
-12,10,12.87538264549681
-12,10,2.5
-12,10,2.5
-12,10,2.5
-12,10,2.5
-12,10,4.512647844972964
-12,10,2.5
-12,10,2.5
-12,10,2.5
-12,10,8.36493329178975
-12,10,4.475385040147026
-12,10,2.5
-12,10,6.717671627441325
-12,10,3.648928471577917
-12,10,19.603966001041137
-12,10,7.818376930429354
-12,10,13.907061385625717
-12,10,9.415192216495221
-12,11,5.362713564081783
-12,11,4.019124687103567
-12,11,3.3420346774828187
-12,11,15.533822432108037
-12,11,2.5
-12,11,7.602365928504743
-12,11,9.351383553354044
-12,11,6.976810298242231
-12,11,9.728353341791903
-12,11,6.695101596164427
-12,11,5.381777959198105
-12,11,7.19957050467903
-12,11,3.2545974962343087
-12,11,13.97318030553962
-12,11,2.5
-12,11,2.5
-12,11,2.5
-12,11,4.248401417023214
-12,11,13.719269281151767
-12,11,10.42945761473437
-12,11,2.5
-12,11,2.5
-12,11,16.442837715490338
-12,11,5.046892431101311
-12,11,4.886536835148806
-12,11,2.5
-12,11,2.5
-12,11,5.0508464725877396
-12,11,13.960825565278123
-12,11,2.5
-12,11,2.5
-12,11,2.5
-12,11,11.809153302178029
-12,11,2.5
-12,11,4.471437668787074
-12,11,4.129333375323583
-12,11,2.5
-12,11,2.5
-12,11,17.572721270595146
-12,11,8.819529319237096
-13,11,8.013824897426687
-13,11,2.5
-13,11,9.338380489081718
-13,11,2.708987737535269
-13,11,3.0839557473112724
-13,11,19.75899073219397
-13,11,8.071708396215723
-13,11,9.910683194412503
-13,11,2.5
-13,11,3.544180985028561
-13,11,2.5
-13,11,14.1676355097482
-13,11,11.959008752666179
-13,11,2.5
-13,11,2.5
-13,11,2.5
-13,11,2.5
-13,11,4.735137819086425
-13,11,7.698148570751603
-13,11,2.5
-13,11,5.581949895946975
-13,11,7.513611466829013
-13,11,2.5
-13,11,2.5
-13,11,2.5
-13,11,2.5
-13,11,4.815981139819756
-13,11,2.5
-13,11,2.5
-13,11,2.5
-13,11,2.5
-13,11,17.609027264020924
-13,11,7.270105826439179
-13,11,3.1903434831930015
-13,11,4.509288590259969
-13,11,16.27370244110071
-13,11,5.171204492991288
-13,11,2.5
-13,11,13.157177399784665
-13,11,10.92999550163698
-13,10,5.127381387263748
-13,10,15.93241304516913
-13,10,2.5
-13,10,5.24182122149512
-13,10,6.345675023624058
-13,10,2.5
-13,10,11.862984069403437
-13,10,13.144615014572004
-13,10,4.208360702539262
-13,10,4.493078680740856
-13,10,8.052131501543435
-13,10,2.5
-13,10,14.551511821869111
-13,10,7.247782710478146
-13,10,2.5
-13,10,9.092724031611741
-13,10,2.5
-13,10,10.919548845250356
-13,10,8.121267671938533
-13,10,18.328530452434343
-13,10,10.312713688862821
-13,10,2.5
-13,10,4.055652277864543
-13,10,15.366883436344294
-13,10,6.241895257653537
-13,10,2.717007429642466
-13,10,10.387455123532376
-13,10,16.920891404027124
-13,10,2.5
-13,10,10.06599883681465
-13,10,8.617822269785998
-13,10,2.5
-13,10,5.813398902142986
-13,10,2.5
-13,10,4.2766667245836665
-13,10,2.5
-13,10,3.480276522191343
-13,10,12.820953189576866
-13,10,2.5
-13,10,6.14844880390973
-13,11,9.71600533118649
-13,11,6.950301981238777
-13,11,2.6826488217837703
-13,11,10.628738637287483
-13,11,2.5
-13,11,3.9131024305778546
-13,11,2.5
-13,11,2.5
-13,11,7.733204096956417
-13,11,11.872497580341946
-13,11,2.5
-13,11,3.6364893874262716
-13,11,5.002118910627301
-13,11,6.178022605709037
-13,11,5.9073561486193995
-13,11,2.5
-13,11,5.292893917334167
-13,11,6.02706429612303
-13,11,5.796756643107266
-13,11,11.387446295111644
-13,11,5.838518194869065
-13,11,10.916957995027836
-13,11,2.5
-13,11,11.486001481651108
-13,11,2.5
-13,11,16.96546219993266
-13,11,7.723366490241032
-13,11,5.1082822644144485
-13,11,5.560149608768024
-13,11,2.5
-13,11,10.913545673372703
-13,11,2.5
-13,11,3.2128476245136683
-13,11,5.9925872862365335
-13,11,8.3508687475065
-13,11,3.8121122600980235
-13,11,2.5
-13,11,10.138694649161792
-13,11,2.5
-13,11,3.047080709058317
-14,11,3.2817723454154715
-14,11,2.901144975699666
-14,11,5.8236605728066415
-14,11,2.5
-14,11,5.513117638426827
-14,11,5.255001598937623
-14,11,6.890216151811986
-14,11,3.087575207671167
-14,11,10.505328995651276
-14,11,2.9235905936198825
-14,11,23.196303261721205
-14,11,2.5
-14,11,7.231142862897984
-14,11,4.319785794531745
-14,11,7.554146132838458
-14,11,2.5
-14,11,2.5
-14,11,9.280023984038019
-14,11,2.5
-14,11,9.113546370756573
-14,11,2.5
-14,11,2.5
-14,11,2.5
-14,11,2.5
-14,11,2.5
-14,11,7.987795604422727
-14,11,4.939262738090637
-14,11,2.5
-14,11,2.5
-14,11,4.870548457137837
-14,11,6.011495783363281
-14,11,15.577488376469013
-14,11,6.764729290824341
-14,11,16.369551641495185
-14,11,10.206597434842596
-14,11,3.4360967279752654
-14,11,16.347519887020447
-14,11,6.138986075809246
-14,11,11.952230501319793
-14,11,2.5
-15,11,3.433424000304428
-15,11,2.5
-15,11,6.8625616448426765
-15,11,7.654553114379202
-15,11,2.5
-15,11,2.5
-15,11,2.5
-15,11,2.5
-15,11,2.5
-15,11,5.974113051977578
-15,11,2.7930644285400903
-15,11,5.741113457885968
-15,11,2.5
-15,11,2.5
-15,11,4.872635712614415
-15,11,9.84881722251281
-15,11,5.162475210384043
-15,11,2.5
-15,11,5.870194450373315
-15,11,3.793321229716215
-15,11,3.237913815763567
-15,11,2.5145599880366225
-15,11,2.5
-15,11,2.5
-15,11,8.853729989733306
-15,11,2.5
-15,11,2.5
-15,11,2.5
-15,11,2.5
-15,11,2.5
-15,11,2.5
-15,11,2.5
-15,11,2.5
-15,11,2.5
-15,11,6.980626946095737
-15,11,11.571904772073
-15,11,2.5
-15,11,2.5
-15,11,7.879893419381743
-15,11,3.763125420887559
-15,12,2.5
-15,12,4.939635844837941
-15,12,2.5
-15,12,2.5
-15,12,4.9850559659983436
-15,12,2.5
-15,12,2.5
-15,12,2.5
-15,12,11.041426549711549
-15,12,6.62584276542438
-15,12,2.5
-15,12,7.135873586951605
-15,12,3.4251872758881508
-15,12,8.444269344867811
-15,12,2.5
-15,12,2.5
-15,12,2.7053642543483694
-15,12,4.135062448624714
-15,12,2.5
-15,12,5.116854547837395
-15,12,2.5
-15,12,10.13330080810592
-15,12,13.136598666304533
-15,12,6.8583844191343974
-15,12,3.2151317049923005
-15,12,6.376997383787207
-15,12,2.5
-15,12,2.5
-15,12,2.5
-15,12,2.7758219013630954
-15,12,2.5
-15,12,8.622681924439426
-15,12,2.5
-15,12,2.5
-15,12,2.5
-15,12,2.5
-15,12,2.5
-15,12,2.5
-15,12,3.069686315651983
-15,12,4.280927661112742
-16,12,2.5
-16,12,2.5
-16,12,8.501830623155119
-16,12,2.5
-16,12,2.5
-16,12,5.395089302843751
-16,12,5.7700303325928095
-16,12,2.5
-16,12,9.114357216619737
-16,12,2.5
-16,12,7.6935250908685076
-16,12,2.5
-16,12,2.5
-16,12,2.5
-16,12,2.5
-16,12,2.5
-16,12,2.5
-16,12,7.531329537932092
-16,12,8.05302898616462
-16,12,2.7030557571604037
-16,12,2.5
-16,12,2.6441413562625806
-16,12,2.5
-16,12,2.9316660901780063
-16,12,2.5
-16,12,3.5552783518662
-16,12,10.63788581717407
-16,12,2.5
-16,12,2.5939131000747873
-16,12,2.5
-16,12,2.5
-16,12,2.5
-16,12,2.5
-16,12,2.5
-16,12,2.5
-16,12,2.5
-16,12,16.082768527737255
-16,12,2.5
-16,12,2.5
-16,12,2.5
-16,11,2.5
-16,11,2.5
-16,11,2.5
-16,11,2.5
-16,11,2.5
-16,11,6.323234396793726
-16,11,2.5
-16,11,2.5
-16,11,2.5
-16,11,3.346519846488741
-16,11,19.66200956229344
-16,11,3.9511738979013775
-16,11,10.193037998027096
-16,11,2.5
-16,11,4.560520213731779
-16,11,4.932671875677696
-16,11,2.5
-16,11,2.5
-16,11,2.6852091313916113
-16,11,7.553115446266317
-16,11,5.479212201532304
-16,11,2.5
-16,11,6.811875600081945
-16,11,2.5
-16,11,2.5
-16,11,3.6281137078052135
-16,11,2.5
-16,11,9.347733040539675
-16,11,2.5
-16,11,6.745044610583938
-16,11,10.050092308311251
-16,11,12.030808593268562
-16,11,10.924730948591636
-16,11,3.3087730725118636
-16,11,5.094249239815827
-16,11,2.5
-16,11,12.118574048545707
-16,11,3.918971145567768
-16,11,6.2070423383673505
-16,11,2.5
-15,11,4.961092171139031
-15,11,6.414605264875461
-15,11,6.2693692938417485
-15,11,7.358980275846587
-15,11,11.17197582213442
-15,11,2.5
-15,11,5.683317347302898
-15,11,2.5
-15,11,18.866832688437903
-15,11,3.685078546049513
-15,11,2.5
-15,11,2.5
-15,11,2.5
-15,11,2.5
-15,11,2.5
-15,11,2.5
-15,11,6.133465429850958
-15,11,2.5
-15,11,2.5
-15,11,5.731142551632714
-15,11,14.38515906512143
-15,11,2.636439786657421
-15,11,2.5
-15,11,5.255227290619118
-15,11,2.5
-15,11,16.45164204294063
-15,11,9.431621970857499
-15,11,2.5
-15,11,2.5
-15,11,2.5
-15,11,14.960074024650618
-15,11,2.5
-15,11,5.9167748954569435
-15,11,2.5
-15,11,2.5
-15,11,6.6216558658366935
-15,11,2.5
-15,11,2.5
-15,11,2.5
-15,11,5.734591800825655
-16,11,2.5
-16,11,2.5
-16,11,2.5
-16,11,2.5
-16,11,2.5
-16,11,2.5
-16,11,8.544043549903435
-16,11,7.69955961616228
-16,11,2.999524593668634
-16,11,2.5
-16,11,2.5
-16,11,2.5595168631667673
-16,11,2.5
-16,11,9.30105843437928
-16,11,2.5
-16,11,2.5
-16,11,2.5
-16,11,2.502463600388083
-16,11,2.5
-16,11,21.368774947788587
-16,11,2.5
-16,11,2.9802965477484697
-16,11,5.831198688937219
-16,11,2.5
-16,11,2.5
-16,11,6.049830223811194
-16,11,2.5
-16,11,5.386268529163754
-16,11,2.5
-16,11,5.091677098324908
-16,11,2.5
-16,11,2.5
-16,11,13.190373760803006
-16,11,2.5
-16,11,2.5
-16,11,2.5
-16,11,7.6254730238839885
-16,11,2.5
-16,11,6.444675995413035
-16,11,2.5
-15,11,2.5
-15,11,2.5
-15,11,2.5
-15,11,4.81493943711174
-15,11,6.681939100131425
-15,11,6.659697997441621
-15,11,2.5
-15,11,2.5514443057517604
-15,11,9.093556224448951
-15,11,3.251282813002098
-15,11,2.5
-15,11,2.5
-15,11,6.3399625334302945
-15,11,2.5
-15,11,2.5
-15,11,5.8639639131239
-15,11,5.41952493393027
-15,11,2.623017456150645
-15,11,2.5
-15,11,10.058308856808203
-15,11,2.5
-15,11,11.081620999560423
-15,11,11.789119034490453
-15,11,5.05151821415609
-15,11,2.5
-15,11,2.5
-15,11,2.5
-15,11,2.5466586107914218
-15,11,4.267195943885983
-15,11,2.5
-15,11,4.8649831195265225
-15,11,3.9095897769085757
-15,11,4.5209394209989675
-15,11,2.5
-15,11,12.78942512745637
-15,11,2.5
-15,11,2.5
-15,11,2.5
-15,11,2.5
-15,11,2.5
-15,10,17.368343510174277
-15,10,9.911447570217998
-15,10,2.5
-15,10,10.846693033971452
-15,10,2.5
-15,10,9.49196951184426
-15,10,2.5
-15,10,2.5
-15,10,6.992743268494861
-15,10,2.5
-15,10,2.5
-15,10,6.072031254478819
-15,10,6.731166819574506
-15,10,4.710370767859883
-15,10,11.552684435079016
-15,10,2.5
-15,10,4.675379412726448
-15,10,9.870622293131344
-15,10,6.908515578733226
-15,10,2.5
-15,10,2.5
-15,10,9.322927765769862
-15,10,2.5
-15,10,2.5
-15,10,5.429954728023926
-15,10,2.5
-15,10,2.5
-15,10,6.161575068968738
-15,10,2.5
-15,10,9.798600714188161
-15,10,6.3786453887011305
-15,10,5.5494220511256565
-15,10,5.640803013179384
-15,10,3.455999234323002
-15,10,2.5
-15,10,2.5
-15,10,2.5
-15,10,2.5
-15,10,2.5
-15,10,4.657507319563108
-14,10,2.5
-14,10,2.5
-14,10,2.5
-14,10,2.5
-14,10,3.955813189235535
-14,10,2.694736092209324
-14,10,12.540525188564724
-14,10,10.150719512168791
-14,10,6.997552876289719
-14,10,14.08574411563726
-14,10,4.242793763148008
-14,10,2.5
-14,10,3.6531109491570364
-14,10,6.459027939349024
-14,10,2.5
-14,10,6.403786328216107
-14,10,2.5
-14,10,7.907006671154498
-14,10,3.640437792843361
-14,10,2.5
-14,10,2.5
-14,10,2.5
-14,10,9.2962976249784
-14,10,2.9511750445079232
-14,10,6.35949061436996
-14,10,2.5
-14,10,5.142109812347075
-14,10,2.5
-14,10,5.904351923544455
-14,10,2.5
-14,10,8.676643328909325
-14,10,2.5
-14,10,5.655492308558959
-14,10,6.889898911991351
-14,10,13.29231204607843
-14,10,2.5
-14,10,3.9605642284816382
-14,10,10.793203127443729
-14,10,2.5
-14,10,2.5
-14,11,10.367397149650117
-14,11,2.5
-14,11,6.538705225554443
-14,11,2.5
-14,11,11.334875452166226
-14,11,5.641516118647151
-14,11,3.2214826461266703
-14,11,3.870033130625885
-14,11,2.5
-14,11,4.8458667922454195
-14,11,2.6842952004112046
-14,11,2.5
-14,11,3.2456810807679535
-14,11,13.639813048690844
-14,11,6.298353869937014
-14,11,9.855470543197997
-14,11,6.0074652012707
-14,11,7.4874057034662815
-14,11,7.216470482894929
-14,11,2.5
-14,11,7.449951468452973
-14,11,9.1226629128751
-14,11,18.240212759450383
-14,11,2.5
-14,11,5.7906760042493675
-14,11,5.305459980744857
-14,11,2.7181849135580842
-14,11,2.5
-14,11,2.5
-14,11,12.330560891967384
-14,11,2.5
-14,11,2.5
-14,11,2.5
-14,11,2.5
-14,11,9.898328763172326
-14,11,2.730466855487337
-14,11,2.5
-14,11,17.024410195439245
-14,11,16.005194858271953
-14,11,2.5
-14,12,2.5
-14,12,6.723012533707169
-14,12,2.5
-14,12,2.5
-14,12,2.5
-14,12,2.5
-14,12,2.566880393263662
-14,12,11.719329394539912
-14,12,15.534655757053823
-14,12,2.5
-14,12,5.164438673928753
-14,12,4.345806427546656
-14,12,2.5
-14,12,5.6003247087852985
-14,12,2.5
-14,12,2.5
-14,12,2.8522069345112775
-14,12,8.896191582621679
-14,12,2.57561129455186
-14,12,6.553243490431436
-14,12,2.5
-14,12,2.5
-14,12,2.5
-14,12,2.7141308832265185
-14,12,2.5
-14,12,2.5
-14,12,2.5
-14,12,9.115998964214059
-14,12,14.716725999498845
-14,12,2.5
-14,12,10.8593666043452
-14,12,2.5
-14,12,2.5
-14,12,6.698063573515042
-14,12,8.622171485431526
-14,12,2.5
-14,12,2.5
-14,12,3.171664007278449
-14,12,8.19401463639688
-14,12,2.5
-14,11,3.506324197616955
-14,11,11.202762616901296
-14,11,2.5
-14,11,5.588987791047024
-14,11,3.9044723833012784
-14,11,2.5
-14,11,4.792248583182253
-14,11,2.5
-14,11,2.5
-14,11,9.062731695416698
-14,11,2.5
-14,11,2.5
-14,11,2.5
-14,11,2.5
-14,11,2.5
-14,11,9.370630256463402
-14,11,2.784253903482035
-14,11,9.651040958947739
-14,11,2.5
-14,11,2.5
-14,11,5.340755147715034
-14,11,2.5
-14,11,2.5
-14,11,2.5
-14,11,2.5
-14,11,14.21096490049986
-14,11,2.7647214475838853
-14,11,3.2931517174189233
-14,11,13.0769954127683
-14,11,10.461626822949395
-14,11,9.923572686057486
-14,11,10.576656395330058
-14,11,3.0015438300859936
-14,11,8.487108653401414
-14,11,7.896537815344346
-14,11,2.9879417192679543
-14,11,5.394726368072179
-14,11,5.911294810364649
-14,11,2.5
-14,11,2.5
-13,11,2.5
-13,11,4.876335053285775
-13,11,2.5
-13,11,7.621658125333628
-13,11,11.01484621381775
-13,11,8.343860058757404
-13,11,3.447914596846407
-13,11,2.5
-13,11,2.5
-13,11,2.5
-13,11,5.107673134942676
-13,11,3.3608782123336756
-13,11,3.2365481670703127
-13,11,6.111051704300541
-13,11,4.294297955113402
-13,11,2.5
-13,11,2.5
-13,11,9.20793431805941
-13,11,6.758027216418897
-13,11,2.5
-13,11,2.5
-13,11,2.5
-13,11,2.5
-13,11,2.5
-13,11,9.623364588214148
-13,11,3.478734821215424
-13,11,11.650898035501626
-13,11,6.786897967885036
-13,11,2.5
-13,11,2.5
-13,11,2.5
-13,11,2.5
-13,11,5.023323843412639
-13,11,3.5507349496025298
-13,11,5.0327464551547285
-13,11,6.835233573875172
-13,11,3.625805039963729
-13,11,16.221869916845144
-13,11,2.5
-13,11,8.269318443419415
-12,11,2.5
-12,11,5.369596244121248
-12,11,2.5
-12,11,13.398279538590115
-12,11,6.199239186173164
-12,11,8.48080165171303
-12,11,2.7598417233985972
-12,11,16.285940389982965
-12,11,15.512905480943823
-12,11,3.9352744246278473
-12,11,2.5
-12,11,3.3055812761571968
-12,11,3.577484962715652
-12,11,2.5
-12,11,4.220911725620562
-12,11,7.192840498929934
-12,11,2.5
-12,11,2.5
-12,11,6.81410204120208
-12,11,8.73498352083907
-12,11,6.833933963370765
-12,11,6.149370999079103
-12,11,10.415467369402649
-12,11,6.637380038725656
-12,11,2.5
-12,11,2.5
-12,11,4.464994243847752
-12,11,5.423390821839661
-12,11,2.5
-12,11,8.390695155294955
-12,11,2.5
-12,11,2.5
-12,11,4.548759051218279
-12,11,3.8471786063920015
-12,11,5.7309931673481
-12,11,8.910018404444614
-12,11,4.826948888316887
-12,11,2.5
-12,11,6.476565863821094
-12,11,3.2888573029558157
-12,10,6.791382293160506
-12,10,3.3410923720085264
-12,10,6.497981031800597
-12,10,3.4799298121036855
-12,10,2.5
-12,10,7.213962282083093
-12,10,2.5
-12,10,8.209041604353315
-12,10,9.707163967974862
-12,10,5.065181267035622
-12,10,4.94289221509111
-12,10,2.5
-12,10,2.7985429740809415
-12,10,2.5
-12,10,6.612355331176375
-12,10,2.5
-12,10,3.9943464113053793
-12,10,2.5
-12,10,6.2928036453303795
-12,10,8.281100874833895
-12,10,5.01720453982086
-12,10,19.46837116300442
-12,10,8.27829695206697
-12,10,8.818012609185365
-12,10,9.682081445450136
-12,10,6.739341460749089
-12,10,8.744845169501136
-12,10,7.111153653682357
-12,10,2.5
-12,10,2.5
-12,10,7.1830772729627
-12,10,13.231086031857181
-12,10,7.250994861935158
-12,10,5.68173713752495
-12,10,9.016640679556097
-12,10,2.5
-12,10,13.378668881299939
-12,10,7.700640540067526
-12,10,10.722480896406385
-12,10,2.5
-12,9,4.2955897368053915
-12,9,4.3858597353087045
-12,9,10.894277294372522
-12,9,3.8491114940466735
-12,9,12.595446763288612
-12,9,19.029200385710638
-12,9,2.5
-12,9,5.974225195275674
-12,9,8.61175992360776
-12,9,2.5
-12,9,14.366861545508138
-12,9,4.13916076409774
-12,9,4.891972358563062
-12,9,10.033704365856991
-12,9,11.102744037545808
-12,9,10.72220198504263
-12,9,7.6998959755925345
-12,9,13.362699581065597
-12,9,9.090793365223634
-12,9,8.387757497449549
-12,9,6.3286051519982935
-12,9,6.124686236877705
-12,9,2.5
-12,9,3.3752711426795505
-12,9,11.631940261269646
-12,9,5.772632867473362
-12,9,4.273714675222228
-12,9,2.5
-12,9,2.5
-12,9,11.992192479047063
-12,9,13.533976732671615
-12,9,2.5
-12,9,2.672289966689564
-12,9,7.7769434922431735
-12,9,23.073245042548507
-12,9,2.5
-12,9,2.5
-12,9,7.532478357724564
-12,9,18.204636145940828
-12,9,2.5
-11,9,2.5
-11,9,3.7079355041977817
-11,9,9.633850064385944
-11,9,2.5
-11,9,2.5
-11,9,2.5
-11,9,11.45972408348719
-11,9,12.06430393743087
-11,9,5.459958708147377
-11,9,14.988293570051923
-11,9,6.538658647739132
-11,9,4.2835377381751565
-11,9,2.5
-11,9,2.5
-11,9,9.22207082267567
-11,9,2.5
-11,9,15.116994330902665
-11,9,12.67845732168867
-11,9,7.192218506532629
-11,9,2.998143736935635
-11,9,11.114744041608557
-11,9,2.5
-11,9,12.265057440770793
-11,9,2.5
-11,9,2.5
-11,9,6.245307604970744
-11,9,2.5
-11,9,12.977795203287249
-11,9,3.7341065416871877
-11,9,2.5
-11,9,2.5
-11,9,14.627010377088512
-11,9,9.107033271233451
-11,9,10.299953745877241
-11,9,5.8845708214350925
-11,9,11.604567637857937
-11,9,5.699420347505811
-11,9,24.519374747023697
-11,9,2.5
-11,9,10.490660945107944
-11,8,9.650420691203177
-11,8,7.3463537473246925
-11,8,4.541452030654202
-11,8,12.05732656829003
-11,8,9.150508747563842
-11,8,2.5
-11,8,2.5
-11,8,6.915773679844668
-11,8,12.52737030750443
-11,8,14.070574497491569
-11,8,2.5
-11,8,9.486514901662366
-11,8,4.276695072676031
-11,8,13.661329546852784
-11,8,5.239874971559527
-11,8,2.5
-11,8,2.5
-11,8,7.496422579802093
-11,8,7.4263925084607445
-11,8,9.010306060236527
-11,8,2.5
-11,8,2.6336947658099974
-11,8,12.05971799549128
-11,8,6.104819233441204
-11,8,24.948175152286254
-11,8,2.5
-11,8,8.241489368866537
-11,8,16.797915916017338
-11,8,10.033618368437315
-11,8,5.537270714178009
-11,8,18.023796036927585
-11,8,10.93968526899532
-11,8,10.471569067684014
-11,8,3.1809614640731834
-11,8,4.864577338073701
-11,8,2.5
-11,8,3.2961986548514854
-11,8,4.238849049467348
-11,8,2.5
-11,8,2.5
-11,7,2.5
-11,7,4.061911201574789
-11,7,3.7015537196945703
-11,7,17.53742829333384
-11,7,6.6858593883000275
-11,7,10.983744363705998
-11,7,12.384160336108383
-11,7,8.980310508952549
-11,7,10.931425643767682
-11,7,6.212293348195716
-11,7,11.092267125340678
-11,7,10.977271947123832
-11,7,12.750066769117861
-11,7,13.397902006866987
-11,7,9.377765869054256
-11,7,3.3450860459547895
-11,7,7.863240225091072
-11,7,3.7479016015276083
-11,7,10.967466694421232
-11,7,7.669121527652402
-11,7,11.61186611728526
-11,7,11.385661530986976
-11,7,2.989095220149828
-11,7,8.73098713869115
-11,7,15.790951030333336
-11,7,2.5
-11,7,7.000725972138966
-11,7,6.967165192636075
-11,7,10.512196398419464
-11,7,7.416542773867429
-11,7,5.743839556155465
-11,7,3.661805687678255
-11,7,16.217225231653693
-11,7,8.496675159949348
-11,7,14.326786956411341
-11,7,8.687363616579802
-11,7,9.924831441049081
-11,7,2.5
-11,7,17.766482150646898
-11,7,9.285417508502768
-11,8,13.101318356985097
-11,8,5.340870458814791
-11,8,13.06560916630559
-11,8,13.24116362381655
-11,8,2.5
-11,8,15.407635391107842
-11,8,12.078654989029694
-11,8,2.5
-11,8,2.5
-11,8,12.22550535723208
-11,8,5.468146902648789
-11,8,16.30533313666076
-11,8,9.27674576465746
-11,8,13.919591366104829
-11,8,3.7682168122450133
-11,8,2.5
-11,8,6.904328519812626
-11,8,11.675637716588378
-11,8,4.771552070058393
-11,8,2.5
-11,8,13.403122037713986
-11,8,4.8179987943566775
-11,8,7.4760085836841395
-11,8,20.77294827521517
-11,8,6.9684584380937356
-11,8,2.5
-11,8,6.8435249953377015
-11,8,2.5
-11,8,4.8244583482843435
-11,8,2.5
-11,8,14.976902167855759
-11,8,8.138477730724247
-11,8,8.820836849467247
-11,8,12.738565314327424
-11,8,12.205679429888743
-11,8,6.888649230492677
-11,8,4.828234643627759
-11,8,9.947576951279377
-11,8,2.5
-11,8,14.404775330499763
-11,7,15.696041097612186
-11,7,2.885625204450837
-11,7,8.307019352780555
-11,7,8.041718618528801
-11,7,15.530447139932576
-11,7,2.5
-11,7,11.3998704211445
-11,7,8.307131804612306
-11,7,9.10680584460124
-11,7,2.5
-11,7,10.823651293192745
-11,7,9.269148810617551
-11,7,2.5
-11,7,6.168581969021794
-11,7,4.8358032631257855
-11,7,5.336969128566302
-11,7,3.0327622516752997
-11,7,4.408253343207225
-11,7,22.43687405838735
-11,7,8.898943284544018
-11,7,12.74778291258832
-11,7,4.071519070499596
-11,7,13.081488395149341
-11,7,3.786967719764923
-11,7,2.786287573614625
-11,7,6.141978112416526
-11,7,5.152741728912283
-11,7,8.346837798255763
-11,7,9.09400282938859
-11,7,14.582233283560466
-11,7,6.3864363561327515
-11,7,11.200926319035952
-11,7,4.858548347741698
-11,7,11.006195089701743
-11,7,9.479271880866644
-11,7,2.5
-11,7,8.04188099753399
-11,7,4.509439908390734
-11,7,5.378424137892216
-11,7,2.5
-12,7,4.2057562635461325
-12,7,20.47793112930038
-12,7,5.435759232474439
-12,7,12.723897900473533
-12,7,11.36327103595955
-12,7,2.5
-12,7,5.758836550494116
-12,7,2.5
-12,7,2.5
-12,7,7.051009522475055
-12,7,3.6168582300547936
-12,7,6.256261945719301
-12,7,6.566762275723972
-12,7,9.565569723035171
-12,7,19.419653152973666
-12,7,2.5
-12,7,11.68497162721365
-12,7,3.0087851197348052
-12,7,2.6043553271430353
-12,7,9.395697311171125
-12,7,9.576487892578793
-12,7,7.029097117556931
-12,7,2.581891188154784
-12,7,2.5
-12,7,17.382390055367033
-12,7,12.571000296405941
-12,7,10.352106358859494
-12,7,2.5
-12,7,5.285995883042752
-12,7,11.867713594083172
-12,7,14.076572093291032
-12,7,5.646415191838936
-12,7,3.2770073728780456
-12,7,2.5
-12,7,7.699799424177947
-12,7,3.6503183454214105
-12,7,3.767769916661757
-12,7,2.5
-12,7,2.5
-12,7,12.13729016869798
-12,8,13.044647787910062
-12,8,3.0335576402051796
-12,8,2.5
-12,8,11.554892838247076
-12,8,2.540323927867086
-12,8,12.198388726181946
-12,8,3.1394101144305258
-12,8,2.5
-12,8,2.5
-12,8,10.375980698046366
-12,8,2.5
-12,8,5.156766788594416
-12,8,8.9692235335468
-12,8,2.5
-12,8,9.446215397644654
-12,8,11.624931184498841
-12,8,2.5
-12,8,8.869423218758165
-12,8,2.5
-12,8,14.342351337713303
-12,8,19.098300783399836
-12,8,2.5
-12,8,13.42644767099923
-12,8,5.772924718597107
-12,8,13.748039470120148
-12,8,4.240134950904781
-12,8,8.617259014349404
-12,8,12.447358391508377
-12,8,2.5
-12,8,3.381433698270493
-12,8,2.5
-12,8,7.781281783528561
-12,8,6.528905001932715
-12,8,7.389766652081522
-12,8,2.5
-12,8,7.232267530971981
-12,8,5.578113054273664
-12,8,5.893557696229457
-12,8,2.5
-12,8,4.773408812671886
-13,8,13.053643367626101
-13,8,2.5
-13,8,6.617990957205171
-13,8,6.2601997894760855
-13,8,6.328369880031264
-13,8,8.591634640517869
-13,8,2.5
-13,8,2.5
-13,8,2.6091563230800214
-13,8,2.5
-13,8,11.38080122890825
-13,8,3.4354503440525312
-13,8,10.673417542343394
-13,8,2.766324914057679
-13,8,2.5
-13,8,11.21469409127922
-13,8,7.211192007673635
-13,8,11.993044073356385
-13,8,2.5
-13,8,2.5
-13,8,7.225788638945579
-13,8,12.554332553412284
-13,8,2.5
-13,8,2.5
-13,8,2.5
-13,8,13.41508569288185
-13,8,3.9217972608765903
-13,8,3.085377706200184
-13,8,4.231679617021324
-13,8,7.561505128116881
-13,8,9.944275679519242
-13,8,2.5
-13,8,2.5
-13,8,13.627850235358073
-13,8,2.5
-13,8,2.5
-13,8,6.393982086975566
-13,8,2.5
-13,8,2.5
-13,8,2.5
-12,8,2.5
-12,8,4.296507324482132
-12,8,6.288725970182975
-12,8,8.763526361991794
-12,8,7.687943742040669
-12,8,5.136046402143665
-12,8,7.781550432738202
-12,8,6.1691201482306015
-12,8,21.223964158465378
-12,8,12.584816119456974
-12,8,4.349154282168692
-12,8,7.338088217765891
-12,8,2.5
-12,8,8.401785176895373
-12,8,13.861871669122875
-12,8,2.5
-12,8,2.5
-12,8,3.811706775104668
-12,8,20.485254858942845
-12,8,2.5
-12,8,2.5
-12,8,4.699271105033761
-12,8,18.128456064768827
-12,8,2.5
-12,8,5.491100483741314
-12,8,6.66155124712308
-12,8,2.5
-12,8,13.977205928073124
-12,8,12.59572897309258
-12,8,2.5
-12,8,5.499038028146422
-12,8,16.085073019236532
-12,8,15.327558591882253
-12,8,3.767651002821609
-12,8,9.865699495637312
-12,8,11.974967254140608
-12,8,3.840560793025042
-12,8,2.5
-12,8,2.5
-12,8,3.2131481851195356
-12,9,2.5
-12,9,2.5
-12,9,8.688735489901745
-12,9,12.486741491164034
-12,9,10.709533319123793
-12,9,7.24543963062861
-12,9,3.6250197984192667
-12,9,3.7381558396199983
-12,9,7.5002465892687535
-12,9,22.986118643584284
-12,9,16.706270737681276
-12,9,4.680980711812646
-12,9,2.5
-12,9,11.727910627936826
-12,9,2.8165798278887224
-12,9,9.243774976227558
-12,9,5.689288331917613
-12,9,2.5
-12,9,8.149639016745933
-12,9,2.5
-12,9,2.5
-12,9,2.5
-12,9,3.3655759856667946
-12,9,7.48544221762634
-12,9,2.5
-12,9,4.719462734892691
-12,9,12.777506960922246
-12,9,2.5
-12,9,17.778160194405668
-12,9,2.5
-12,9,2.5
-12,9,9.269454352601635
-12,9,9.279528193713052
-12,9,3.6923555032377386
-12,9,6.024509668577476
-12,9,2.5
-12,9,2.5
-12,9,7.596716222901536
-12,9,7.398237303941411
-12,9,3.171141683457305
-11,9,15.433791758623947
-11,9,10.037989984194231
-11,9,9.436175293174228
-11,9,13.370107311764698
-11,9,15.05629579910936
-11,9,2.5
-11,9,5.576565985452349
-11,9,15.891093537679883
-11,9,7.45735326911656
-11,9,2.5
-11,9,6.065539164527689
-11,9,2.5
-11,9,7.966619679837184
-11,9,8.954148383507189
-11,9,4.663325544398488
-11,9,2.5
-11,9,24.35654043565436
-11,9,9.72686034523598
-11,9,11.394533107980575
-11,9,7.73268626340138
-11,9,11.415719986631844
-11,9,14.648031375976554
-11,9,3.8607614711566316
-11,9,3.0748579109187055
-11,9,12.431225079712103
-11,9,11.625634200161949
-11,9,14.105424484833502
-11,9,2.5
-11,9,11.548148660031988
-11,9,9.314603566903632
-11,9,2.5
-11,9,5.014123577874226
-11,9,12.586041113029399
-11,9,12.610417129380286
-11,9,8.871572316196264
-11,9,2.5
-11,9,9.66846989833054
-11,9,7.077617600298008
-11,9,4.606468229900392
-11,9,2.8145379819405267
-11,8,2.5
-11,8,8.415418342090625
-11,8,3.6790100947575337
-11,8,14.655585001482063
-11,8,4.218749021781576
-11,8,14.17082198805107
-11,8,5.634137393001097
-11,8,7.771532939982095
-11,8,5.9522694265282805
-11,8,14.418466942534707
-11,8,2.9616919446450245
-11,8,2.5
-11,8,8.730449288772638
-11,8,20.69149986842139
-11,8,11.771162121727766
-11,8,2.5
-11,8,6.338156716251691
-11,8,13.475592108293583
-11,8,12.840951036860709
-11,8,7.583815387740546
-11,8,2.5
-11,8,2.5
-11,8,10.338138551876764
-11,8,8.3403902685092
-11,8,2.5
-11,8,6.66580302038542
-11,8,2.5
-11,8,2.5
-11,8,2.6134740009661073
-11,8,6.338146269066754
-11,8,5.170573080683532
-11,8,5.966290713457046
-11,8,4.986023025272977
-11,8,8.386441251000596
-11,8,2.5
-11,8,3.2666606253124044
-11,8,12.376574644253438
-11,8,3.664846090551884
-11,8,11.6976040892284
-11,8,5.638711832251842
-10,8,2.5
-10,8,12.552513594327927
-10,8,15.391158881585245
-10,8,9.93971488034007
-10,8,9.817606033963633
-10,8,11.707106342754944
-10,8,5.370432182309015
-10,8,6.2364583526675155
-10,8,13.682892759261184
-10,8,11.641227912949532
-10,8,5.105715276419131
-10,8,4.352899951188627
-10,8,5.862270788093385
-10,8,12.337806902655842
-10,8,10.871545329834808
-10,8,3.081280693416674
-10,8,3.4671058292034083
-10,8,6.611193907017837
-10,8,19.23529075560544
-10,8,6.610918258913493
-10,8,6.2478543512534515
-10,8,9.86402590833599
-10,8,8.490971472220155
-10,8,2.5
-10,8,3.0958544104018264
-10,8,4.120858973347182
-10,8,2.5
-10,8,6.97363129089111
-10,8,14.452378987271718
-10,8,10.39375551699888
-10,8,9.076084275579761
-10,8,2.5
-10,8,5.4284229996220565
-10,8,7.846867044396595
-10,8,3.4829622135512497
-10,8,16.280818325213744
-10,8,4.808472497764253
-10,8,2.5
-10,8,2.5
-10,8,13.158365113639956
-10,7,13.052828170534553
-10,7,17.548433489794462
-10,7,9.666159205061
-10,7,8.003114841124964
-10,7,3.1671805101173964
-10,7,10.664437169390013
-10,7,2.5344358943218066
-10,7,2.5
-10,7,14.727270937012877
-10,7,2.5
-10,7,15.659789719723959
-10,7,2.5
-10,7,10.853711380819657
-10,7,2.5
-10,7,10.847702384241586
-10,7,18.70030079332343
-10,7,12.991277136157674
-10,7,11.795350903581163
-10,7,8.233797704101372
-10,7,11.339799094731314
-10,7,4.989297809133179
-10,7,6.139470895778532
-10,7,5.9149590747320655
-10,7,12.544664222161527
-10,7,15.499663048036606
-10,7,6.300060245708549
-10,7,17.98483269702617
-10,7,2.5
-10,7,15.479840192869784
-10,7,13.659921705027513
-10,7,7.802245532392501
-10,7,2.5
-10,7,8.226577689031831
-10,7,2.5
-10,7,9.446555731366836
-10,7,9.870449950457111
-10,7,13.340524308749842
-10,7,8.549316833572904
-10,7,4.51910715743922
-10,7,2.5
-9,7,8.684214252762288
-9,7,9.615892151362536
-9,7,4.4349253399461075
-9,7,6.273295169698796
-9,7,18.549671265714856
-9,7,2.9041465578326635
-9,7,7.559979905881582
-9,7,15.173877729836297
-9,7,2.5
-9,7,12.224634720394992
-9,7,5.229814983454396
-9,7,6.322814731858232
-9,7,17.34319309664389
-9,7,2.5
-9,7,5.503881588546283
-9,7,14.506134613503402
-9,7,7.593949959789293
-9,7,14.553201599073084
-9,7,9.775589754581532
-9,7,3.280025135126544
-9,7,2.5
-9,7,12.601091650426302
-9,7,15.016213563486762
-9,7,3.6130341948699103
-9,7,3.6355783662099084
-9,7,16.83852869314221
-9,7,11.30433442028629
-9,7,11.995444545391962
-9,7,3.753727337406138
-9,7,17.04386777912518
-9,7,4.3870095744146695
-9,7,8.794242245930015
-9,7,7.8228009838024635
-9,7,3.999411965439843
-9,7,4.699174222846306
-9,7,5.808138867870432
-9,7,7.17935737131225
-9,7,5.236167605910046
-9,7,8.05167472948782
-9,7,5.707313184230566
-9,8,11.845707219429414
-9,8,2.5
-9,8,12.420728800949933
-9,8,2.5
-9,8,3.6185831466207414
-9,8,6.268822041481002
-9,8,10.395607501707513
-9,8,8.854754617918278
-9,8,2.871791899238972
-9,8,4.386374405623995
-9,8,5.99276523157411
-9,8,2.5
-9,8,2.5
-9,8,4.795522944153981
-9,8,7.512311602517828
-9,8,11.606652940045127
-9,8,6.788958108100301
-9,8,3.9161388960214145
-9,8,3.452421714265227
-9,8,2.5
-9,8,11.157594509565063
-9,8,3.00624600929564
-9,8,11.68632731992738
-9,8,6.920046846936322
-9,8,7.422048910928131
-9,8,4.932463925942503
-9,8,4.259770876594284
-9,8,2.5
-9,8,2.5
-9,8,11.73259226403406
-9,8,5.794376637545631
-9,8,2.5
-9,8,11.794663253514116
-9,8,5.393439196560916
-9,8,7.470624506380052
-9,8,12.378781483295903
-9,8,15.973847883922529
-9,8,11.633235221641286
-9,8,9.451798866494943
-9,8,15.367487930578267
-10,8,2.5
-10,8,4.925759895153085
-10,8,2.5
-10,8,5.360136328235733
-10,8,3.6443219759665877
-10,8,2.5
-10,8,9.851517622426961
-10,8,10.544390470737477
-10,8,6.858638002522322
-10,8,2.5
-10,8,15.374512487262065
-10,8,10.134718297489616
-10,8,3.6051920608541828
-10,8,15.539720917799698
-10,8,2.5
-10,8,4.588650971645169
-10,8,10.876795594951897
-10,8,3.7474616703357464
-10,8,2.91084570821642
-10,8,5.425400513151293
-10,8,2.5
-10,8,15.154382278463002
-10,8,5.923883879641183
-10,8,9.851699912618743
-10,8,3.2940404155847163
-10,8,3.23612344425881
-10,8,9.87692921227032
-10,8,8.969916679666897
-10,8,6.94800864207169
-10,8,5.719132546201601
-10,8,2.5
-10,8,7.369229389328861
-10,8,2.7704596770656504
-10,8,16.80090546000507
-10,8,5.589825138627001
-10,8,4.589415488016894
-10,8,2.5
-10,8,2.5
-10,8,8.606528887043678
-10,8,15.41197200994407
-10,7,19.952231773219726
-10,7,9.558919902356791
-10,7,2.5
-10,7,9.08006296284778
-10,7,8.679546114143845
-10,7,7.339489042515673
-10,7,4.993229526865126
-10,7,5.788510107143351
-10,7,9.286086037804502
-10,7,8.541439545011388
-10,7,6.321198370306343
-10,7,2.5
-10,7,7.190591099849036
-10,7,2.5
-10,7,2.5
-10,7,14.428753121029438
-10,7,9.881810063451121
-10,7,7.197846622968803
-10,7,5.7418308807436205
-10,7,12.294660903343132
-10,7,2.5
-10,7,5.139634786056723
-10,7,12.384017290065238
-10,7,7.346787713449547
-10,7,12.259230601138157
-10,7,9.538385171988834
-10,7,11.096889011823869
-10,7,7.512987645412912
-10,7,10.592519395157593
-10,7,4.325648720431479
-10,7,3.9391360999457237
-10,7,10.02937619678048
-10,7,11.903849118885212
-10,7,16.25137526876651
-10,7,7.359488409332834
-10,7,23.2108381320411
-10,7,5.3429355603088755
-10,7,11.241282452681475
-10,7,2.5
-10,7,2.5
-9,7,10.44714279865199
-9,7,15.453059274802323
-9,7,12.091887307457274
-9,7,2.5
-9,7,2.5
-9,7,2.5
-9,7,4.2514005776437465
-9,7,7.930664584838792
-9,7,9.194028637646332
-9,7,3.5733314566924097
-9,7,14.582601839284383
-9,7,16.280208924082526
-9,7,2.5
-9,7,9.921813032317035
-9,7,8.554927787878063
-9,7,15.063664139781949
-9,7,2.5
-9,7,5.9165884286043475
-9,7,9.6137705421193
-9,7,18.564360080516863
-9,7,11.910348938907514
-9,7,4.951873262906014
-9,7,7.531281436485207
-9,7,2.5
-9,7,11.493169818393007
-9,7,11.42143646247838
-9,7,2.5
-9,7,10.221984355924254
-9,7,13.097388978815692
-9,7,13.798255898437114
-9,7,12.034954318074767
-9,7,6.770501212969009
-9,7,2.5
-9,7,17.45256544519023
-9,7,14.267339018294763
-9,7,5.964745686830244
-9,7,8.781665865382656
-9,7,8.595089271130506
-9,7,2.5
-9,7,14.50536952278609
-10,7,2.5
-10,7,4.062428917852468
-10,7,9.470290312278793
-10,7,2.5
-10,7,2.5
-10,7,8.491278273039583
-10,7,13.85331198894748
-10,7,11.109326965467606
-10,7,2.5
-10,7,3.910081694880109
-10,7,4.84457894487185
-10,7,6.260393964353958
-10,7,8.129886174746574
-10,7,4.1433291243308545
-10,7,2.5
-10,7,2.5
-10,7,7.062381598432512
-10,7,7.59473520262038
-10,7,6.138976616341699
-10,7,8.450558937301075
-10,7,12.620420373029482
-10,7,10.20138089188385
-10,7,7.498036258531913
-10,7,2.5
-10,7,10.374234247270842
-10,7,2.5
-10,7,6.72628187003456
-10,7,3.779089629816622
-10,7,9.233975176344
-10,7,18.9510687727364
-10,7,10.174454441165317
-10,7,6.564054960110272
-10,7,4.490396235756723
-10,7,2.5
-10,7,8.122113047057402
-10,7,13.143603759482602
-10,7,8.96790671111943
-10,7,2.5
-10,7,2.5
-10,7,9.712739956768495
-10,6,4.408748861145562
-10,6,3.555220900342695
-10,6,3.452457036424268
-10,6,17.098489806029775
-10,6,6.433444584509197
-10,6,8.583522605847353
-10,6,3.160825061265279
-10,6,3.335384151039542
-10,6,8.15393820649175
-10,6,2.5
-10,6,18.397946341767305
-10,6,2.5
-10,6,10.287931817125342
-10,6,19.005774096453628
-10,6,10.27058459310914
-10,6,9.208923851733376
-10,6,13.659407135604937
-10,6,5.659920180911556
-10,6,16.08665922027971
-10,6,2.5
-10,6,2.5
-10,6,2.5
-10,6,11.615486763221986
-10,6,9.237521490320267
-10,6,2.5
-10,6,21.614301500483084
-10,6,8.685021253134517
-10,6,11.768390698590434
-10,6,9.343763294180796
-10,6,4.165072428389483
-10,6,2.5
-10,6,7.815486152841154
-10,6,10.853659574218135
-10,6,8.768128488617524
-10,6,9.874702572510902
-10,6,13.819083389666021
-10,6,8.8853864156087
-10,6,15.846158502773143
-10,6,2.8933116439888673
-10,6,5.509441095315728
-10,5,8.386772163651816
-10,5,7.133172668979881
-10,5,10.034902164045608
-10,5,2.5
-10,5,3.5542160657350097
-10,5,9.634136288749644
-10,5,2.5
-10,5,15.005179264122749
-10,5,5.066305453522139
-10,5,2.5
-10,5,15.56040127138646
-10,5,6.453473417859049
-10,5,2.5
-10,5,2.5
-10,5,3.256148367191697
-10,5,7.660144082310659
-10,5,7.21571459046152
-10,5,2.5
-10,5,5.147591242679276
-10,5,2.5
-10,5,16.722992268236254
-10,5,3.922620355328008
-10,5,6.777844451590719
-10,5,17.076214969489357
-10,5,3.17739282811079
-10,5,2.5
-10,5,7.717349449747826
-10,5,18.3216790718496
-10,5,7.146537811968766
-10,5,2.5
-10,5,6.98696448780372
-10,5,14.595491645533183
-10,5,8.078885820015108
-10,5,9.370453668869478
-10,5,5.7728981216031725
-10,5,2.5
-10,5,12.577368939962003
-10,5,14.829215965449233
-10,5,5.42066762997568
-10,5,8.593542133225709
-9,5,16.32174683839011
-9,5,2.5
-9,5,11.994199663977716
-9,5,2.5
-9,5,11.6740048483387
-9,5,10.702495746454858
-9,5,14.167137280950326
-9,5,11.518394190680716
-9,5,9.613733347072028
-9,5,3.888069540590786
-9,5,3.568370904086539
-9,5,14.786182126234657
-9,5,22.584361707302982
-9,5,4.294985250433677
-9,5,13.50237608612984
-9,5,2.9862566789961233
-9,5,20.297911454570336
-9,5,2.5
-9,5,2.5
-9,5,7.21099529018852
-9,5,3.2392695612586095
-9,5,2.5
-9,5,9.48415018140623
-9,5,2.5804134716074385
-9,5,8.78026442646672
-9,5,6.083795753141004
-9,5,12.669019145484565
-9,5,6.7296041121788654
-9,5,6.925574354246926
-9,5,8.535406528916706
-9,5,10.336541183194454
-9,5,6.610251064673441
-9,5,6.386217109690682
-9,5,3.8089628857286497
-9,5,11.350414846439344
-9,5,19.277210623857435
-9,5,11.10907346851132
-9,5,8.847829362806312
-9,5,12.546793223243968
-9,5,6.862586487867463
-8,5,11.949501825876146
-8,5,13.694608282222463
-8,5,11.015700467334034
-8,5,17.489308756025135
-8,5,6.788423058842432
-8,5,14.732445903209534
-8,5,4.11932956862254
-8,5,17.878518509210295
-8,5,11.219937702277216
-8,5,3.8064025745861665
-8,5,9.071644115405887
-8,5,5.37588078901666
-8,5,17.347361392481822
-8,5,4.587946924271106
-8,5,7.305832166659552
-8,5,21.537838107216032
-8,5,2.6807338250129296
-8,5,22.557203415045485
-8,5,4.2026662865152495
-8,5,6.162856370063851
-8,5,2.5
-8,5,6.543094155126807
-8,5,8.690771451720984
-8,5,7.323360628108201
-8,5,11.058888983915034
-8,5,8.191213632986386
-8,5,14.235933961389222
-8,5,14.430465476114158
-8,5,8.429035973265428
-8,5,2.921803733219875
-8,5,2.5
-8,5,15.226435843447433
-8,5,7.694403570908942
-8,5,5.2252402433236025
-8,5,5.1249212465548535
-8,5,5.606779369790009
-8,5,9.25677443018645
-8,5,5.169052494010001
-8,5,15.12385450108334
-8,5,6.213192542310057
-8,4,4.736898617170127
-8,4,13.84515826716045
-8,4,8.78215097570709
-8,4,9.410383722064175
-8,4,17.314601723638553
-8,4,4.7058596684581335
-8,4,9.938800668378375
-8,4,16.106341846362493
-8,4,6.988229981359511
-8,4,16.975873875299364
-8,4,8.597409907050244
-8,4,11.801842921899853
-8,4,5.568646832851255
-8,4,14.46313426940101
-8,4,13.656229114848493
-8,4,13.671322823124735
-8,4,2.5
-8,4,2.5
-8,4,10.07065669498588
-8,4,15.126992893734501
-8,4,3.6155674449417705
-8,4,10.054051582445831
-8,4,13.70466460207218
-8,4,8.848231011242714
-8,4,18.649715019983617
-8,4,5.532184408868575
-8,4,10.344414531217197
-8,4,6.887781554673699
-8,4,12.294550437834621
-8,4,3.237601202274008
-8,4,11.29796856857843
-8,4,12.572386782352844
-8,4,10.511799573469824
-8,4,2.5
-8,4,21.824666465160327
-8,4,13.918863884779237
-8,4,7.705854884012903
-8,4,6.5151775871850335
-8,4,10.89282672763921
-8,4,13.335182389407313
-8,3,18.969881530938068
-8,3,14.563815027325054
-8,3,2.5
-8,3,10.004368785205596
-8,3,20.46788487727141
-8,3,17.168867343714428
-8,3,13.430803957656483
-8,3,10.160051785191044
-8,3,13.475887081846277
-8,3,7.654359871622095
-8,3,10.21479302949626
-8,3,2.9291291037624916
-8,3,7.9291301932781
-8,3,16.99062227778538
-8,3,9.446870798303689
-8,3,16.41950014699466
-8,3,17.115154249170057
-8,3,10.44445097620484
-8,3,16.815341925881626
-8,3,7.399965426721851
-8,3,17.651480881071706
-8,3,12.22656037459996
-8,3,3.694719220044945
-8,3,9.071590773861802
-8,3,8.356515576467409
-8,3,12.190507562510419
-8,3,13.879252212325923
-8,3,5.177407029991548
-8,3,14.656430362518819
-8,3,10.655055509514888
-8,3,3.8192194013884126
-8,3,7.815863618523961
-8,3,11.291744973639624
-8,3,18.951558434304083
-8,3,22.055785001804644
-8,3,2.5
-8,3,8.309851297291099
-8,3,17.25711611103553
-8,3,18.13699795250232
-8,3,22.202654329982835
-8,2,10.612883983433715
-8,2,22.530855750933092
-8,2,22.15567520390281
-8,2,11.869696272114325
-8,2,7.718656745145056
-8,2,11.77665938426427
-8,2,2.5
-8,2,16.82607588303964
-8,2,2.5
-8,2,14.193557543199386
-8,2,17.860674167961037
-8,2,4.679974007224422
-8,2,2.5
-8,2,14.3239201806317
-8,2,5.173650306125341
-8,2,18.432785154121056
-8,2,5.994023931778607
-8,2,6.162162228384731
-8,2,18.768311213718473
-8,2,10.76635500064206
-8,2,5.475178516238672
-8,2,9.89417409138015
-8,2,12.44703528140759
-8,2,9.65590031181299
-8,2,2.5
-8,2,17.894047025374295
-8,2,9.031077182990199
-8,2,10.386372523172193
-8,2,5.042129478111333
-8,2,11.156388795999726
-8,2,8.738058576120244
-8,2,11.723977658695143
-8,2,5.2977267273188104
-8,2,10.060283154634948
-8,2,2.5
-8,2,2.5
-8,2,9.02687468541889
-8,2,4.267901393801947
-8,2,10.199032663392673
-8,2,9.332815798950078
-8,1,4.486943509324744
-8,1,18.712551559756836
-8,1,9.822894406428635
-8,1,10.285807611435585
-8,1,13.511953077560712
-8,1,2.5
-8,1,8.605845521471196
-8,1,18.33248886103069
-8,1,12.980523248788177
-8,1,4.228167500962746
-8,1,14.070969009028742
-8,1,19.432213058790875
-8,1,14.59328711074386
-8,1,12.928610567744965
-8,1,7.000527495879542
-8,1,22.976785270119954
-8,1,2.5
-8,1,13.619535483870994
-8,1,9.250678703550923
-8,1,10.943318680878683
-8,1,3.1412888849613125
-8,1,12.093630621507852
-8,1,9.606113557898187
-8,1,19.32620675697536
-8,1,2.5
-8,1,9.171468158070857
-8,1,12.873125310209904
-8,1,11.959213800288289
-8,1,12.616265262701718
-8,1,23.065771143038326
-8,1,11.544275723940114
-8,1,5.438343182188585
-8,1,2.5
-8,1,9.063871658765859
-8,1,18.31752055881887
-8,1,12.812869249407438
-8,1,16.29912017464786
-8,1,4.91708790172796
-8,1,5.616857606278512
-8,1,7.279456294136315
-7,1,16.951210411526088
-7,1,17.838955942056398
-7,1,11.866863208242577
-7,1,6.389287790474253
-7,1,5.607481101634861
-7,1,5.810651311868504
-7,1,2.5
-7,1,13.44660814579199
-7,1,5.469043875080018
-7,1,7.674563387125776
-7,1,2.5
-7,1,17.638681147200934
-7,1,26.00787777362422
-7,1,8.78224072533181
-7,1,9.276243503434682
-7,1,9.810877563341936
-7,1,13.170476321821019
-7,1,2.5
-7,1,8.446825319933984
-7,1,11.281568691896341
-7,1,16.242149617571982
-7,1,16.3052899781163
-7,1,27.570428696135522
-7,1,19.362313682334648
-7,1,2.9445109779068446
-7,1,9.437814630268743
-7,1,13.376049778463804
-7,1,14.011426389556746
-7,1,7.981252699442279
-7,1,12.931494544984727
-7,1,10.521053362732234
-7,1,20.922747157725013
-7,1,7.1854403530655455
-7,1,14.021931719973452
-7,1,16.719555349620528
-7,1,22.501643341295015
-7,1,7.457344639754379
-7,1,7.761483332857504
-7,1,12.91866246835532
-7,1,8.962358341726926
-7,0,19.50792195983753
-7,0,2.5
-7,0,6.313576766404512
-7,0,9.022224437372921
-7,0,19.877089352381716
-7,0,16.62053906232966
-7,0,2.5
-7,0,17.085409693138402
-7,0,18.44156108755718
-7,0,7.475151292864684
-7,0,16.970609774259728
-7,0,10.454690357005514
-7,0,9.240349165561723
-7,0,11.982463187207047
-7,0,5.8066902809791685
-7,0,3.003041896620913
-7,0,8.519114087166722
-7,0,17.89921903213524
-7,0,15.535738355004733
-7,0,21.455177557664275
-7,0,24.558010496150686
-7,0,6.088340387013392
-7,0,21.366087867187183
-7,0,11.756588610757108
-7,0,12.719462308532055
-7,0,9.543598274907664
-7,0,8.140407209922968
-7,0,2.5
-7,0,7.583308926470274
-7,0,10.20528015942174
-7,0,17.07945070247587
-7,0,10.722474614608236
-7,0,17.31663384406405
-7,0,2.5
-7,0,16.37055956623899
-7,0,23.402951380731402
-7,0,12.736606564474055
-7,0,12.16916467986968
-7,0,10.151414907766737
-7,0,7.205438156962815
-7,-1,4.697601927911951
-7,-1,2.5
-7,-1,5.800448389633083
-7,-1,14.198124431207823
-7,-1,11.13886910070254
-7,-1,2.5
-7,-1,17.8242321534224
-7,-1,7.622042075965452
-7,-1,25.630632896115912
-7,-1,12.987797360995396
-7,-1,8.42491032671172
-7,-1,6.491156905081935
-7,-1,19.120040191450233
-7,-1,5.906167431489909
-7,-1,15.373756061687386
-7,-1,14.160281483787848
-7,-1,12.84324801340268
-7,-1,6.790558262587249
-7,-1,5.366429821308093
-7,-1,4.684741039264687
-7,-1,4.628558594902149
-7,-1,9.254708984818274
-7,-1,13.184795501962784
-7,-1,7.622895318825062
-7,-1,9.615294490481027
-7,-1,14.479063872676145
-7,-1,6.0286311074492485
-7,-1,10.34791139688609
-7,-1,12.237479447263608
-7,-1,5.206557219555939
-7,-1,7.4701506165032185
-7,-1,19.601249748957034
-7,-1,7.585133047700124
-7,-1,12.765324657311368
-7,-1,12.42374459932644
-7,-1,14.849098172081794
-7,-1,9.684452016009923
-7,-1,6.089486931888332
-7,-1,6.4411587923114375
-7,-1,2.5
-7,-2,17.319877659425913
-7,-2,17.967262033286826
-7,-2,6.8475414518472775
-7,-2,2.5
-7,-2,5.338471711015137
-7,-2,4.685162555622195
-7,-2,18.66291044959965
-7,-2,5.904330082609727
-7,-2,18.29391161218629
-7,-2,14.108099204808267
-7,-2,12.428596847859529
-7,-2,22.211611822205462
-7,-2,2.5
-7,-2,2.5
-7,-2,18.92958721726699
-7,-2,21.51125897068108
-7,-2,7.147472573225352
-7,-2,13.081832408347413
-7,-2,5.034400090780793
-7,-2,2.5
-7,-2,18.668505707477394
-7,-2,6.904099231499636
-7,-2,10.540505647613509
-7,-2,11.398082352272212
-7,-2,15.11614843894099
-7,-2,2.5
-7,-2,14.479495625229102
-7,-2,13.142254147854928
-7,-2,10.012738440127528
-7,-2,12.303013958435997
-7,-2,10.819786086762292
-7,-2,10.193078064328589
-7,-2,13.060360501492367
-7,-2,12.066870705073198
-7,-2,9.958201034211525
-7,-2,12.355149924474754
-7,-2,10.245825813665752
-7,-2,13.969095906639403
-7,-2,17.56601400056542
-7,-2,5.883862742302151
-6,-2,2.7118101646569146
-6,-2,8.44847317834684
-6,-2,16.086846741196062
-6,-2,12.914571359773962
-6,-2,19.685526954554916
-6,-2,10.225068395758893
-6,-2,8.600836196822906
-6,-2,10.137141499196382
-6,-2,22.260307746051986
-6,-2,17.76345301457011
-6,-2,8.809236053494633
-6,-2,2.5
-6,-2,6.687572023724197
-6,-2,6.771614971492005
-6,-2,13.488131241555253
-6,-2,4.868064875702411
-6,-2,2.5
-6,-2,3.7762530247701953
-6,-2,11.595442368420278
-6,-2,11.856063187741265
-6,-2,5.207709315335497
-6,-2,4.064533734050851
-6,-2,16.336135022778585
-6,-2,6.248588497110062
-6,-2,2.5
-6,-2,14.619345050410304
-6,-2,4.229865123830919
-6,-2,16.128188444980516
-6,-2,19.516009815853252
-6,-2,11.73882834285213
-6,-2,16.923103510874213
-6,-2,8.005457010904596
-6,-2,17.495179152701922
-6,-2,11.08199684309909
-6,-2,14.179079591988005
-6,-2,14.663650350060493
-6,-2,24.26401737465794
-6,-2,6.651890373985214
-6,-2,5.379295616659934
-6,-2,5.939842601960734
-6,-3,17.45956192237873
-6,-3,9.351308600457557
-6,-3,4.768931054653279
-6,-3,13.816004194228807
-6,-3,6.393252787697507
-6,-3,11.81830785801025
-6,-3,11.595933440468238
-6,-3,17.347305621289937
-6,-3,13.278482934420973
-6,-3,4.468064644209833
-6,-3,3.184443306392832
-6,-3,9.31663501026052
-6,-3,15.204125173503698
-6,-3,13.370600319972242
-6,-3,11.5828138928235
-6,-3,7.663404724788104
-6,-3,22.489742155237153
-6,-3,14.79919961749204
-6,-3,10.865772635798223
-6,-3,14.764341047301507
-6,-3,8.590079206392762
-6,-3,19.898834578777866
-6,-3,11.886001554945596
-6,-3,20.316224558471465
-6,-3,15.718343477401762
-6,-3,7.425037638955415
-6,-3,25.590925078987695
-6,-3,12.583995868538828
-6,-3,12.669039761893512
-6,-3,17.31009527712468
-6,-3,13.833997399806897
-6,-3,10.808817685967504
-6,-3,16.118411292311375
-6,-3,20.3729128070225
-6,-3,20.585956550433536
-6,-3,24.519987114342747
-6,-3,24.03990998526168
-6,-3,20.049966400933034
-6,-3,13.410700906017547
-6,-3,3.8852408999080685
-6,-4,2.5
-6,-4,12.883336808109332
-6,-4,4.49538593999934
-6,-4,2.5
-6,-4,16.897978541886374
-6,-4,8.530505829973363
-6,-4,9.91966614148811
-6,-4,21.804665385625302
-6,-4,8.054341726134776
-6,-4,13.289193663037882
-6,-4,14.818896695784387
-6,-4,10.121335942911019
-6,-4,15.923308762390956
-6,-4,15.708280105705908
-6,-4,16.270787757535885
-6,-4,14.885071492420686
-6,-4,5.8766608296203335
-6,-4,9.470053100135955
-6,-4,2.5
-6,-4,17.601818661753732
-6,-4,13.910047822132457
-6,-4,5.57731634634257
-6,-4,12.8511695967938
-6,-4,13.714141366292669
-6,-4,15.0094568606846
-6,-4,12.461278204501864
-6,-4,12.211809682155058
-6,-4,17.79060913195645
-6,-4,2.5
-6,-4,4.951421898710669
-6,-4,18.55697156586718
-6,-4,6.9956774069923915
-6,-4,6.85520691751425
-6,-4,4.5776629946552285
-6,-4,20.79548198776456
-6,-4,25.942581635022087
-6,-4,13.677846617483311
-6,-4,27.612453614210416
-6,-4,5.264441980919696
-6,-4,11.562518866931102
-5,-4,19.274116754406315
-5,-4,16.997160235563214
-5,-4,9.129384279817424
-5,-4,7.095397176599986
-5,-4,2.5
-5,-4,14.154049611387148
-5,-4,19.13043659637016
-5,-4,7.711841180837183
-5,-4,16.571543068299444
-5,-4,4.531895641475159
-5,-4,19.981563466943612
-5,-4,17.226001001152046
-5,-4,13.984510671462132
-5,-4,17.12560847106489
-5,-4,23.132410630035565
-5,-4,8.595136522204541
-5,-4,15.80170772931946
-5,-4,4.814240878156937
-5,-4,14.77424286378948
-5,-4,21.21872704284437
-5,-4,9.695691667567383
-5,-4,8.84690874530283
-5,-4,19.37912987449016
-5,-4,9.185606351824243
-5,-4,13.989322728288597
-5,-4,8.51623574987373
-5,-4,5.697212551280435
-5,-4,8.201813022932297
-5,-4,2.5
-5,-4,9.878550066798027
-5,-4,19.960910354875843
-5,-4,4.686262900275235
-5,-4,3.4897311287962527
-5,-4,11.552971090775507
-5,-4,10.399878048154806
-5,-4,14.858145964862466
-5,-4,19.72837804145421
-5,-4,6.754189648450106
-5,-4,11.31764087880962
-5,-4,8.73444726643891
-4,-4,12.907935722882797
-4,-4,12.766806597693211
-4,-4,15.310157037597014
-4,-4,16.474740008415125
-4,-4,14.390086997009819
-4,-4,16.14060529318758
-4,-4,2.7830687098584583
-4,-4,6.953194918492313
-4,-4,16.28615679410898
-4,-4,6.59379760271997
-4,-4,9.75267604264554
-4,-4,10.419113976102468
-4,-4,20.02615653071781
-4,-4,8.53390621251828
-4,-4,20.66474612707214
-4,-4,20.80509384816734
-4,-4,10.556258329780242
-4,-4,14.07423201077814
-4,-4,10.913615632727463
-4,-4,31.58170471937984
-4,-4,21.8247377027241
-4,-4,15.475117908162343
-4,-4,20.375241743944564
-4,-4,12.196595493116988
-4,-4,7.563282756713129
-4,-4,12.207902701344283
-4,-4,17.29414859039061
-4,-4,5.225418857566516
-4,-4,24.179738578983674
-4,-4,4.135688357739635
-4,-4,4.199905598249556
-4,-4,7.484173119630097
-4,-4,14.514814336273234
-4,-4,13.099648984252262
-4,-4,19.52808245274637
-4,-4,11.831313032354918
-4,-4,8.291092924165163
-4,-4,13.465064002050886
-4,-4,14.211069295493266
-4,-4,11.157633897718902
-3,-4,22.162900061396208
-3,-4,13.640649317597745
-3,-4,9.149521518293351
-3,-4,21.188355188152272
-3,-4,9.876451842672388
-3,-4,9.416000295433864
-3,-4,15.449727956692634
-3,-4,22.81113916323855
-3,-4,12.892983923261303
-3,-4,19.028417252858812
-3,-4,17.702066324526225
-3,-4,2.5
-3,-4,14.46812185107013
-3,-4,4.971997816881739
-3,-4,16.677386112875112
-3,-4,9.74528330201245
-3,-4,4.249230990783691
-3,-4,10.029415773202947
-3,-4,13.271698766393904
-3,-4,14.1455794134092
-3,-4,11.522560238055133
-3,-4,18.18116020677453
-3,-4,7.233004295137731
-3,-4,17.133845617508875
-3,-4,6.340373234190103
-3,-4,2.5
-3,-4,22.80890272016594
-3,-4,16.170078019619773
-3,-4,12.814954130250074
-3,-4,4.732392931033302
-3,-4,9.205724264359095
-3,-4,10.043039293273784
-3,-4,11.647051576868318
-3,-4,2.5
-3,-4,21.067041328992946
-3,-4,9.730194328180607
-3,-4,4.90122798519749
-3,-4,7.730657676394169
-3,-4,8.981566316557256
-3,-4,21.372085336216806
-3,-3,9.214180994566124
-3,-3,14.999936658296795
-3,-3,12.491494376449287
-3,-3,11.637113546264377
-3,-3,17.77542574969277
-3,-3,13.847863542453496
-3,-3,15.733229054823864
-3,-3,12.267051677022877
-3,-3,7.77403969305751
-3,-3,7.8116883845986855
-3,-3,23.453589491249247
-3,-3,19.660242171688026
-3,-3,12.043908918625114
-3,-3,13.718948529587166
-3,-3,5.449880646991428
-3,-3,10.300593596067502
-3,-3,21.4212030395345
-3,-3,25.176765271686506
-3,-3,8.110167355174625
-3,-3,4.3864132144019905
-3,-3,13.261202557432123
-3,-3,16.10262270475092
-3,-3,2.5
-3,-3,16.03616965120222
-3,-3,10.440933162981079
-3,-3,9.903411029549817
-3,-3,19.078341009431142
-3,-3,15.94228292834077
-3,-3,10.782582041932615
-3,-3,20.95300697759192
-3,-3,7.907475052377095
-3,-3,21.946309994913847
-3,-3,10.793348279006883
-3,-3,15.233704766360018
-3,-3,9.622012173194342
-3,-3,20.842663287990472
-3,-3,18.782926301249553
-3,-3,8.399893360404906
-3,-3,8.255557733508294
-3,-3,10.120857769415068
-3,-4,14.135896650362804
-3,-4,4.753034540120946
-3,-4,10.335776520248851
-3,-4,26.14423994702299
-3,-4,6.790869988790085
-3,-4,15.369732253805903
-3,-4,10.269503944386217
-3,-4,10.97711111103598
-3,-4,20.95745804949953
-3,-4,17.40327360664093
-3,-4,11.547472787813735
-3,-4,22.42006335503001
-3,-4,25.498894269941232
-3,-4,15.465362058866864
-3,-4,20.00411431939412
-3,-4,15.056134023512328
-3,-4,9.453955999766283
-3,-4,7.083694667348952
-3,-4,20.269367354544276
-3,-4,7.930423623731546
-3,-4,11.930774144986996
-3,-4,2.7893763796187283
-3,-4,13.77459335784226
-3,-4,9.359230575464185
-3,-4,12.189702722256483
-3,-4,8.444696697241794
-3,-4,14.379214492905732
-3,-4,7.59570718884561
-3,-4,29.82983400863297
-3,-4,5.749035966681447
-3,-4,5.5664889238900495
-3,-4,6.7399105691098145
-3,-4,18.317039657997874
-3,-4,10.333532954181582
-3,-4,9.821218822602678
-3,-4,7.753897827970469
-3,-4,20.00579393642275
-3,-4,17.45920023320692
-3,-4,13.260942691383175
-3,-4,8.808478656700121
-3,-3,25.78420521192422
-3,-3,15.260989714628948
-3,-3,6.763877016316626
-3,-3,33.96826821725609
-3,-3,20.080240681912734
-3,-3,9.052782669976438
-3,-3,11.225967861622724
-3,-3,15.05581019827454
-3,-3,7.339214767665616
-3,-3,8.35942860321547
-3,-3,14.22394528704955
-3,-3,5.086927610190982
-3,-3,15.703123059692562
-3,-3,20.865737454036378
-3,-3,8.466343548056113
-3,-3,9.265610961355584
-3,-3,10.796715136483648
-3,-3,8.09791648080154
-3,-3,5.326394579094328
-3,-3,17.159192204995165
-3,-3,7.3135557107370195
-3,-3,19.533954466372087
-3,-3,21.72592981391618
-3,-3,6.4139355683571795
-3,-3,11.146672391862863
-3,-3,19.023921399496395
-3,-3,17.613644516618518
-3,-3,13.663645986281036
-3,-3,9.806076383278711
-3,-3,7.900021665466148
-3,-3,12.502153069878846
-3,-3,6.013353230009403
-3,-3,7.733673392037732
-3,-3,12.368529918279512
-3,-3,13.19639068828658
-3,-3,24.468140638399575
-3,-3,15.017091630264883
-3,-3,11.392415397007689
-3,-3,18.658359210322082
-3,-3,14.483387522147927
-3,-4,16.043038103711208
-3,-4,11.21402977830552
-3,-4,14.442694348905466
-3,-4,15.374219279758659
-3,-4,11.380969372365008
-3,-4,13.929961788935216
-3,-4,12.67567352755608
-3,-4,15.915695053243644
-3,-4,12.900021654392408
-3,-4,11.307237270206123
-3,-4,9.37809830481859
-3,-4,11.78507430756266
-3,-4,2.5
-3,-4,16.753643912496155
-3,-4,12.681475683888287
-3,-4,13.478423246866214
-3,-4,4.801723696133502
-3,-4,17.637220265974825
-3,-4,10.242136148118178
-3,-4,12.16721202976543
-3,-4,29.621017186757065
-3,-4,16.75435440241236
-3,-4,17.31403340574056
-3,-4,2.5
-3,-4,9.532443377627153
-3,-4,7.185243034624641
-3,-4,14.480291335929925
-3,-4,7.895040481849187
-3,-4,17.91705477283428
-3,-4,7.37202365000635
-3,-4,6.18674860689814
-3,-4,12.202165491001015
-3,-4,18.559354163295666
-3,-4,13.515152911596086
-3,-4,10.94111736791628
-3,-4,23.098521746693645
-3,-4,18.21310560422057
-3,-4,7.354714356389947
-3,-4,14.077134884087211
-3,-4,9.067712531944032
-3,-5,10.735253237046216
-3,-5,13.300806770436358
-3,-5,20.252493831060768
-3,-5,11.182680157041073
-3,-5,11.258831644402576
-3,-5,12.889057613314224
-3,-5,4.397747025190404
-3,-5,9.25929665896368
-3,-5,10.413974281097769
-3,-5,2.5
-3,-5,15.876249325793655
-3,-5,14.212159344936051
-3,-5,13.118077951355964
-3,-5,12.026853290233563
-3,-5,16.234461050555133
-3,-5,24.727116044946133
-3,-5,10.55850472193408
-3,-5,12.239416097792885
-3,-5,12.96240188170162
-3,-5,11.819274190178664
-3,-5,2.5
-3,-5,11.880832879510267
-3,-5,26.355442788193162
-3,-5,5.371393438830788
-3,-5,6.7268042195024345
-3,-5,19.42277343532929
-3,-5,9.043699053364112
-3,-5,18.109107896257882
-3,-5,15.961915127091814
-3,-5,11.268487712161251
-3,-5,11.15263227948385
-3,-5,14.20394389036972
-3,-5,17.19860584676193
-3,-5,13.449236477100348
-3,-5,20.551754927017203
-3,-5,8.279324369922374
-3,-5,11.046178836240696
-3,-5,7.251394450598766
-3,-5,20.614688950685533
-3,-5,10.711029116038823
-4,-5,10.570971378578417
-4,-5,11.002419831457441
-4,-5,8.893008174888786
-4,-5,16.233414864418222
-4,-5,12.709164521702881
-4,-5,12.10217026209781
-4,-5,2.8427049990950604
-4,-5,12.525905332516201
-4,-5,15.404497997728724
-4,-5,7.60856367725082
-4,-5,4.492720871541422
-4,-5,13.183855845754497
-4,-5,2.6233228657990626
-4,-5,14.673175595176316
-4,-5,4.363324374124
-4,-5,18.096698360036186
-4,-5,12.543677830800737
-4,-5,18.360089574032603
-4,-5,18.30739973151753
-4,-5,24.185489571451587
-4,-5,20.69241911166737
-4,-5,12.454814468025448
-4,-5,7.765626795107936
-4,-5,15.957366746853234
-4,-5,10.441912589577864
-4,-5,3.024433446080982
-4,-5,21.90395630899185
-4,-5,11.524758952408726
-4,-5,13.72501251189534
-4,-5,17.766153592845082
-4,-5,20.346065252881903
-4,-5,15.020018780504847
-4,-5,14.959590354459257
-4,-5,16.03373293062034
-4,-5,11.293056905233254
-4,-5,10.64175421459718
-4,-5,3.915834312354569
-4,-5,15.182117938233029
-4,-5,13.134968263211539
-4,-5,10.644380303313824
-3,-5,17.73666337590749
-3,-5,7.626065456335509
-3,-5,18.83177785273309
-3,-5,21.744798389152272
-3,-5,13.86585573589766
-3,-5,12.769694152878904
-3,-5,14.962912405412208
-3,-5,3.8383232104923426
-3,-5,12.467846469730546
-3,-5,20.881824510278975
-3,-5,12.856626139152372
-3,-5,18.25380880467742
-3,-5,7.238072493280506
-3,-5,15.524137161259349
-3,-5,10.05893569075592
-3,-5,23.1552053939687
-3,-5,8.854292064545731
-3,-5,13.577912562624581
-3,-5,23.658808858040572
-3,-5,8.428043562479454
-3,-5,24.458566993849555
-3,-5,10.823195819298805
-3,-5,2.608389031722277
-3,-5,13.183695777252124
-3,-5,17.250757339433648
-3,-5,14.084253962787503
-3,-5,16.90805911566326
-3,-5,8.783307554648795
-3,-5,7.227007777919828
-3,-5,9.697417817659854
-3,-5,13.600904175204255
-3,-5,17.24982862744024
-3,-5,17.987423978921175
-3,-5,19.282284276159416
-3,-5,7.019647553968964
-3,-5,25.095140895916998
-3,-5,8.838164865734251
-3,-5,22.80066447600914
-3,-5,29.312533916726245
-3,-5,16.016353416163657
-2,-5,18.27222991389836
-2,-5,15.99653949285877
-2,-5,12.011139486162323
-2,-5,16.435750939997536
-2,-5,4.761704081326258
-2,-5,11.568461961124177
-2,-5,7.708297121969918
-2,-5,11.625882443990148
-2,-5,18.071526643348435
-2,-5,18.348568838182786
-2,-5,13.29685562629252
-2,-5,13.952531661250513
-2,-5,17.133077170743853
-2,-5,3.477989286949537
-2,-5,6.613348877803537
-2,-5,16.808629402993436
-2,-5,14.825451943635368
-2,-5,22.128355604838397
-2,-5,5.221234520532544
-2,-5,24.96452882608326
-2,-5,14.995061054612119
-2,-5,3.8431251064675926
-2,-5,12.352536742012447
-2,-5,2.5
-2,-5,16.276532033892018
-2,-5,5.284372209619017
-2,-5,17.514071150642614
-2,-5,8.414887493822386
-2,-5,18.142851983330633
-2,-5,19.16676565187483
-2,-5,8.837723409386673
-2,-5,8.038500150473153
-2,-5,17.924459311569414
-2,-5,16.989526808326353
-2,-5,18.785391532761423
-2,-5,8.048305341441171
-2,-5,10.841745675950914
-2,-5,12.080723508174195
-2,-5,6.01059760906538
-2,-5,19.065056484059657
-2,-6,12.226841997356829
-2,-6,14.36265685906498
-2,-6,10.358025169554555
-2,-6,7.932294269162443
-2,-6,7.55310794708871
-2,-6,17.315765579608502
-2,-6,14.840100731784219
-2,-6,3.14638959600944
-2,-6,20.72512140207641
-2,-6,9.690881181064732
-2,-6,9.287822497772353
-2,-6,3.2276957745000487
-2,-6,8.963786562045227
-2,-6,13.764665196199083
-2,-6,6.561960902139841
-2,-6,12.324854095527183
-2,-6,10.368966268618939
-2,-6,19.982752557808368
-2,-6,12.585976362777245
-2,-6,20.80820110141869
-2,-6,6.455130185519243
-2,-6,12.986313100223576
-2,-6,9.787591491567392
-2,-6,21.383985683866904
-2,-6,19.683409021073558
-2,-6,15.965930803885197
-2,-6,8.742066688460955
-2,-6,7.116907315936911
-2,-6,10.451698021720441
-2,-6,8.615092231269104
-2,-6,10.176375702423515
-2,-6,19.23612344924096
-2,-6,14.145012459744835
-2,-6,13.293696966416427
-2,-6,12.993712001566157
-2,-6,10.757475494256266
-2,-6,3.058686373711235
-2,-6,2.5
-2,-6,14.05011109356338
-2,-6,4.331569851569672
-1,-6,13.176103836621879
-1,-6,17.946919382453174
-1,-6,16.049770417632235
-1,-6,16.86024266844409
-1,-6,6.179612406808739
-1,-6,17.457592811257733
-1,-6,10.777073673815448
-1,-6,14.385004593955305
-1,-6,20.512662572297774
-1,-6,20.40344919589907
-1,-6,7.66845242909209
-1,-6,20.074293213528335
-1,-6,15.524970675123473
-1,-6,11.418043146201661
-1,-6,11.074115999529052
-1,-6,13.12076006765546
-1,-6,14.252960858833584
-1,-6,18.339736723353592
-1,-6,16.0135580072551
-1,-6,12.378392120788277
-1,-6,2.947714759553201
-1,-6,26.427836663898155
-1,-6,19.21512271361547
-1,-6,2.5
-1,-6,11.13953742203152
-1,-6,17.56860288017229
-1,-6,12.03583237534843
-1,-6,15.237324622982332
-1,-6,12.16222008266545
-1,-6,11.256759451630842
-1,-6,5.256222402708293
-1,-6,4.303860433617131
-1,-6,2.5
-1,-6,13.460709683882039
-1,-6,10.089367591469859
-1,-6,5.677624046130306
-1,-6,14.0027369460093
-1,-6,10.947652193234495
-1,-6,19.836103590833897
-1,-6,11.604476908137546
-1,-7,8.698996590007877
-1,-7,12.819688803689422
-1,-7,12.238422883643832
-1,-7,6.946705712659938
-1,-7,21.626730757558946
-1,-7,15.81414210872057
-1,-7,8.224209868989542
-1,-7,18.119844372068577
-1,-7,4.135838445746953
-1,-7,9.15236490408402
-1,-7,2.5
-1,-7,9.663027842671193
-1,-7,10.368825536391235
-1,-7,11.378888497570003
-1,-7,16.768576070521647
-1,-7,2.5
-1,-7,22.862880359573836
-1,-7,9.58420837905103
-1,-7,13.649469319532294
-1,-7,12.351393903172083
-1,-7,9.779643373649726
-1,-7,12.67018819686836
-1,-7,8.880331011083175
-1,-7,19.459356800755955
-1,-7,18.432563291815406
-1,-7,10.216947626716873
-1,-7,15.54429813738647
-1,-7,2.5
-1,-7,2.99959376294348
-1,-7,16.435368966785678
-1,-7,14.71783907401253
-1,-7,19.092033928253436
-1,-7,7.618510150513767
-1,-7,11.08014747043934
-1,-7,21.48878483910238
-1,-7,9.214708530091027
-1,-7,13.119809561445724
-1,-7,11.625371146308135
-1,-7,3.419752004058478
-1,-7,4.209880339515649
0,-7,12.341425352630715
0,-7,2.5
0,-7,17.99525025909844
0,-7,18.670151030014647
0,-7,13.080205942790373
0,-7,12.65010523685438
0,-7,10.536094254258927
0,-7,24.564370881620817
0,-7,10.203511981199977
0,-7,9.334040375345122
0,-7,2.5
0,-7,13.172624117057088
0,-7,17.080344295295898
0,-7,9.085017483125384
0,-7,7.533435202722862
0,-7,10.041680961369561
0,-7,6.275224411974287
0,-7,12.599929704302477
0,-7,12.97027096847387
0,-7,17.237059567445314
0,-7,10.151012230002019
0,-7,10.256633392097054
0,-7,10.428794088931923
0,-7,21.400134601162435
0,-7,10.598126200841909
0,-7,22.703497240218944
0,-7,20.36689057648124
0,-7,18.860849871842703
0,-7,15.581248377595104
0,-7,18.650169791210736
0,-7,19.73793245559953
0,-7,20.533514677021426
0,-7,9.913173527224288
0,-7,22.058066138593713
0,-7,3.8737540069598184
0,-7,5.227183778135434
0,-7,15.643878301252876
0,-7,8.77179493766669
0,-7,12.586051973612463
0,-7,14.059629571801455
0,-8,15.054661413325459
0,-8,6.843740363926801
0,-8,13.440409395267222
0,-8,2.650360830408461
0,-8,8.308871662926489
0,-8,26.64462369691561
0,-8,14.853925962657838
0,-8,6.436185698465273
0,-8,16.101228788716284
0,-8,2.5
0,-8,15.602986826758084
0,-8,22.467952174937402
0,-8,9.21144076296049
0,-8,3.47693514610666
0,-8,10.869178090258897
0,-8,9.568545220344538
0,-8,8.33625129965769
0,-8,6.031869353081515
0,-8,14.005493334694727
0,-8,5.923988033959828
0,-8,16.592227529678098
0,-8,11.871051211212722
0,-8,10.166740291077526
0,-8,2.5
0,-8,11.284942816103477
0,-8,18.72725429758122
0,-8,14.826465107279189
0,-8,16.66853195461425
0,-8,24.331269441977952
0,-8,3.6855077600106885
0,-8,7.111958412033028
0,-8,11.143007432520516
0,-8,10.81827138158113
0,-8,9.276361338770206
0,-8,10.514973424993796
0,-8,9.383325546931424
0,-8,10.120239711996627
0,-8,5.252863990643133
0,-8,3.7792302472200614
0,-8,11.284057237986787
-1,-8,4.893226670268579
-1,-8,15.980807715095121
-1,-8,14.210416331348728
-1,-8,10.880663821289328
-1,-8,18.003357177722787
-1,-8,8.778538809726484
-1,-8,8.987202339358358
-1,-8,5.1130795258722515
-1,-8,13.577293518266876
-1,-8,11.156378762682895
-1,-8,4.955934021743621
-1,-8,8.075285568423604
-1,-8,10.808473387846195
-1,-8,6.437217431416665
-1,-8,12.909192790904067
-1,-8,3.871610189240985
-1,-8,16.40909520553845
-1,-8,11.626548232880923
-1,-8,11.007435016849248
-1,-8,12.012252387006127
-1,-8,16.3867507877473
-1,-8,6.9281353423692345
-1,-8,12.78452551338831
-1,-8,4.280819186775314
-1,-8,10.321278107305606
-1,-8,7.682606219528789
-1,-8,11.342304666551765
-1,-8,11.93839104962855
-1,-8,24.519441598830447
-1,-8,4.518914108285361
-1,-8,10.36003254494526
-1,-8,3.8779949194332053
-1,-8,19.500379407555485
-1,-8,8.406354454950671
-1,-8,8.590297065083424
-1,-8,16.205014226738136
-1,-8,11.007643061506634
-1,-8,18.85944930476119
-1,-8,3.560978261055297
-1,-8,21.2657324440724
-2,-8,16.337347081995535
-2,-8,12.121735918988426
-2,-8,11.951739009309097
-2,-8,15.83153363003213
-2,-8,13.239322217070669
-2,-8,17.346018589530605
-2,-8,2.5
-2,-8,26.821928255473782
-2,-8,5.628792927593588
-2,-8,4.718764438854912
-2,-8,18.642325623029247
-2,-8,19.216230845393504
-2,-8,13.014260982682433
-2,-8,16.166016813244468
-2,-8,4.745552578604509
-2,-8,19.359131882010136
-2,-8,15.00184694291859
-2,-8,2.5
-2,-8,15.082913238654932
-2,-8,5.870350957880173
-2,-8,7.221130957311171
-2,-8,5.9588567056340365
-2,-8,21.02050077057336
-2,-8,19.979668815216947
-2,-8,16.621465352551724
-2,-8,8.342347481568275
-2,-8,11.527032455287383
-2,-8,9.558922977292987
-2,-8,4.543463180512392
-2,-8,14.437226401185397
-2,-8,8.454872111283876
-2,-8,9.576520974996283
-2,-8,13.581461358039881
-2,-8,17.272933525913338
-2,-8,15.314518440029097
-2,-8,6.772614802458821
-2,-8,11.48397586256257
-2,-8,13.109795509721229
-2,-8,16.559577594258663
-2,-8,10.892676373784417
-3,-8,12.561039180887537
-3,-8,10.584451277236374
-3,-8,13.160481151343863
-3,-8,5.64161616061849
-3,-8,9.38939900426999
-3,-8,16.38988451000944
-3,-8,3.783612670319255
-3,-8,11.811456197591975
-3,-8,6.890211416527284
-3,-8,6.602627947638843
-3,-8,8.22987175406377
-3,-8,15.437010370314558
-3,-8,7.676168273546786
-3,-8,9.619217967397578
-3,-8,26.385685793015362
-3,-8,8.509107858844542
-3,-8,23.186857026380785
-3,-8,15.974928837281292
-3,-8,3.0658451970782714
-3,-8,17.172664132283405
-3,-8,11.369228799449843
-3,-8,5.933658389947205
-3,-8,12.825322386563972
-3,-8,6.5514610515915015
-3,-8,8.666819297544027
-3,-8,6.507825812688842
-3,-8,22.671120028846822
-3,-8,30.096384982168605
-3,-8,16.641390881195036
-3,-8,8.628255756079092
-3,-8,2.5
-3,-8,7.0247008645927265
-3,-8,2.5
-3,-8,8.538772973982203
-3,-8,11.110580687087204
-3,-8,13.948398489202127
-3,-8,16.873694495932128
-3,-8,4.241234554512295
-3,-8,12.512001275299594
-3,-8,8.055514676661836
-2,-8,8.457431413876954
-2,-8,5.96405689534386
-2,-8,5.2532439901241545
-2,-8,5.294376934334469
-2,-8,14.835239426864652
-2,-8,23.273515500543915
-2,-8,2.5
-2,-8,20.539679413613875
-2,-8,9.190631793840579
-2,-8,8.728959339806567
-2,-8,7.758123042129451
-2,-8,11.161336078972601
-2,-8,13.758553614319583
-2,-8,16.954581437922815
-2,-8,5.949099913767099
-2,-8,9.477435274665364
-2,-8,17.261855906208574
-2,-8,3.2959520882795372
-2,-8,6.866813968124726
-2,-8,13.890607774285225
-2,-8,3.6429826070978275
-2,-8,14.572622487706246
-2,-8,14.834474301905315
-2,-8,20.357455262107766
-2,-8,14.101348041429784
-2,-8,10.239471164128293
-2,-8,9.712520329908214
-2,-8,18.57590732000879
-2,-8,15.213269179495587
-2,-8,13.912302963129239
-2,-8,14.690521518555697
-2,-8,5.785024662348015
-2,-8,14.265203519856406
-2,-8,18.052427387799703
-2,-8,7.847953531983439
-2,-8,6.6092164542716745
-2,-8,12.752787630790719
-2,-8,13.239534643064061
-2,-8,10.52551563456178
-2,-8,16.18898905166789
-1,-8,11.091600338646895
-1,-8,15.454054888672022
-1,-8,13.646313209912725
-1,-8,15.908824445114984
-1,-8,10.390154133443291
-1,-8,6.525371310647635
-1,-8,10.1566896946159
-1,-8,9.772510226649665
-1,-8,9.166647742889142
-1,-8,8.136154392396469
-1,-8,6.641599329104888
-1,-8,15.157085937678868
-1,-8,20.9969194242685
-1,-8,6.365695222058771
-1,-8,10.77840943724189
-1,-8,18.400652297912806
-1,-8,16.082123771361246
-1,-8,20.966171786990916
-1,-8,4.036165700968764
-1,-8,15.217451332031054
-1,-8,16.550064430859912
-1,-8,13.376367628892242
-1,-8,15.822263217980828
-1,-8,8.460426926668912
-1,-8,8.623542137000136
-1,-8,8.806332027935447
-1,-8,16.97820357623661
-1,-8,8.836616791673809
-1,-8,2.5
-1,-8,19.630894928689337
-1,-8,14.585512708445378
-1,-8,13.227820181601865
-1,-8,10.819213791129894
-1,-8,17.421472514375917
-1,-8,11.636142930749203
-1,-8,11.127521605219457
-1,-8,15.83917422657997
-1,-8,6.100911353908839
-1,-8,17.21140332728076
-1,-8,12.962291683181515
-2,-8,12.20505683587229
-2,-8,17.8221979017666
-2,-8,19.025471656645102
-2,-8,10.919293186840076
-2,-8,2.5564211473975123
-2,-8,11.397127201417897
-2,-8,25.21005018115882
-2,-8,15.460974270137957
-2,-8,18.26955000306442
-2,-8,21.840195268719214
-2,-8,19.49789791592584
-2,-8,5.467093280683103
-2,-8,17.45338066062396
-2,-8,10.234735391297438
-2,-8,14.647324079168278
-2,-8,12.67470593920413
-2,-8,24.054905881024087
-2,-8,12.353673144364276
-2,-8,15.21293933129579
-2,-8,6.808292314429499
-2,-8,4.288366208460618
-2,-8,7.950527463677326
-2,-8,12.802075588198797
-2,-8,9.650405864949732
-2,-8,3.926679617509718
-2,-8,11.695346150253384
-2,-8,16.713566515792284
-2,-8,12.95553539974668
-2,-8,11.903060372625212
-2,-8,9.317122556668112
-2,-8,13.111514585211957
-2,-8,6.396233652362488
-2,-8,14.419070368197442
-2,-8,2.5
-2,-8,6.219660541810606
-2,-8,18.339534673965062
-2,-8,7.710890447455917
-2,-8,4.011492824602021
-2,-8,4.476562172012055
-2,-8,7.891909017981117
-3,-8,18.37330605168331
-3,-8,13.443312230739856
-3,-8,7.152715353266134
-3,-8,9.041459847283932
-3,-8,3.491584932398873
-3,-8,13.695557553214034
-3,-8,25.30427467930057
-3,-8,6.597681707986606
-3,-8,8.491360378566515
-3,-8,18.038929018520818
-3,-8,11.400719096209308
-3,-8,8.087373362768547
-3,-8,26.70894215322884
-3,-8,7.585061841955147
-3,-8,2.5
-3,-8,16.57613205762808
-3,-8,18.348890190739112
-3,-8,12.099920874232419
-3,-8,13.6932582173421
-3,-8,9.953478168076337
-3,-8,13.33268375016162
-3,-8,18.643544289926503
-3,-8,7.9919973629518655
-3,-8,19.096478278567027
-3,-8,13.313783342208422
-3,-8,11.654434583639606
-3,-8,2.7274836434297116
-3,-8,2.5
-3,-8,6.599482603836213
-3,-8,2.5
-3,-8,15.136071618232808
-3,-8,6.81480629316769
-3,-8,9.313718613294576
-3,-8,6.25558157311042
-3,-8,10.63430346285186
-3,-8,12.389296077593777
-3,-8,11.014468398436941
-3,-8,3.799568220614842
-3,-8,14.286258435761493
-3,-8,13.163843623201556
-4,-8,22.92957849078956
-4,-8,14.64889078636264
-4,-8,18.4076454502232
-4,-8,8.443053778507355
-4,-8,9.785962922927096
-4,-8,15.535208262348768
-4,-8,14.583387986392243
-4,-8,2.5
-4,-8,2.5
-4,-8,10.57865121443365
-4,-8,20.994256575921654
-4,-8,12.834210280438139
-4,-8,14.864642041290429
-4,-8,2.5
-4,-8,3.3040911429105186
-4,-8,3.227559848359494
-4,-8,11.34602079548313
-4,-8,16.630154462833524
-4,-8,14.610758207759677
-4,-8,5.765491885732545
-4,-8,9.574651201169939
-4,-8,10.127662112613315
-4,-8,13.800012487798217
-4,-8,7.041125913405974
-4,-8,22.69722809671211
-4,-8,6.515512207197453
-4,-8,8.665606048607254
-4,-8,19.232219046243017
-4,-8,15.454815603117545
-4,-8,6.289531008165687
-4,-8,2.5
-4,-8,13.553558913483041
-4,-8,9.113962124012732
-4,-8,13.172904944634753
-4,-8,2.9822306284703455
-4,-8,18.601726481157858
-4,-8,2.5
-4,-8,4.294710369066281
-4,-8,11.422514522611143
-4,-8,3.43309558883736
-3,-8,11.603814458369696
-3,-8,3.175224613606863
-3,-8,12.751454107699335
-3,-8,13.328489506559306
-3,-8,10.536178294696207
-3,-8,19.93735962676507
-3,-8,14.978522539674362
-3,-8,6.399212862590965
-3,-8,2.5
-3,-8,2.5
-3,-8,3.2817599450834116
-3,-8,19.571839233976846
-3,-8,13.805096113223339
-3,-8,8.164341245524618
-3,-8,16.08317811561149
-3,-8,6.524897030562797
-3,-8,4.6070006397501135
-3,-8,19.56041421651473
-3,-8,4.617671668023644
-3,-8,13.787332083468062
-3,-8,3.130421188759645
-3,-8,8.221932470479533
-3,-8,12.626592821060202
-3,-8,8.713654858213483
-3,-8,7.205637678983318
-3,-8,17.982821045056554
-3,-8,14.810432039550891
-3,-8,20.01372345357145
-3,-8,2.5
-3,-8,14.41982490225239
-3,-8,18.263093353939276
-3,-8,12.733786741986467
-3,-8,10.285965869799771
-3,-8,13.485676246444996
-3,-8,3.357417257992746
-3,-8,6.236880367396034
-3,-8,12.594570933650242
-3,-8,9.73694650287715
-3,-8,7.449013489212433
-3,-8,9.967091388842995
-4,-8,11.774609849588954
-4,-8,16.329132577943074
-4,-8,12.829235234040523
-4,-8,8.987469153037559
-4,-8,3.7216806921668972
-4,-8,2.5
-4,-8,7.725992122365952
-4,-8,12.183249210521229
-4,-8,13.852296890212358
-4,-8,5.765360882206291
-4,-8,15.62296495530131
-4,-8,2.5
-4,-8,17.936781374665657
-4,-8,18.298251148093172
-4,-8,5.800374843855423
-4,-8,3.3293565190850813
-4,-8,6.806918647712385
-4,-8,8.4243155219726
-4,-8,10.754605649810191
-4,-8,15.034313490219253
-4,-8,5.923224708415235
-4,-8,17.237513547194652
-4,-8,10.556522275831703
-4,-8,2.5
-4,-8,10.744581056392134
-4,-8,12.160534679963515
-4,-8,8.32213902352378
-4,-8,16.12988451905996
-4,-8,8.703619659631261
-4,-8,4.8375789731160275
-4,-8,9.25463475617944
-4,-8,2.5
-4,-8,15.589641764674626
-4,-8,14.844683693461617
-4,-8,10.283527366365929
-4,-8,8.402306810173652
-4,-8,8.166480341201947
-4,-8,14.813902997407055
-4,-8,12.112287241210872
-4,-8,13.385311967007386
-3,-8,8.086979742995073
-3,-8,8.342571557659777
-3,-8,11.800408248631236
-3,-8,13.200367230705083
-3,-8,13.809285464407466
-3,-8,15.944514178313089
-3,-8,5.427966868967645
-3,-8,3.5464942207874435
-3,-8,26.64571945626527
-3,-8,15.751762357923685
-3,-8,2.5
-3,-8,17.27623680619152
-3,-8,9.232290727196064
-3,-8,15.1220381515407
-3,-8,17.361895923776295
-3,-8,15.707143264698978
-3,-8,16.36004238025308
-3,-8,10.903303799489805
-3,-8,7.487283679611917
-3,-8,4.668827223247866
-3,-8,8.166267669997518
-3,-8,9.720693038515872
-3,-8,11.605566056125001
-3,-8,6.487508929979786
-3,-8,7.126854862598955
-3,-8,7.034260167274562
-3,-8,9.742808378175393
-3,-8,23.343468626249255
-3,-8,15.264645341631832
-3,-8,9.815792082850276
-3,-8,19.54083073914664
-3,-8,13.000905219459572
-3,-8,10.827035087014622
-3,-8,23.487818924892068
-3,-8,11.778901691159433
-3,-8,18.024283198222037
-3,-8,7.201607488551443
-3,-8,16.524766168111128
-3,-8,2.5
-3,-8,6.675195270595651
-4,-8,25.820062005679283
-4,-8,13.491384647676684
-4,-8,11.397736755834902
-4,-8,6.101883949471196
-4,-8,3.9575676833100477
-4,-8,8.61146903822702
-4,-8,14.221027482955742
-4,-8,13.714251474646101
-4,-8,16.156985412038626
-4,-8,11.620710070421042
-4,-8,7.0696800095104315
-4,-8,8.872907247202072
-4,-8,2.5
-4,-8,2.5
-4,-8,9.220378643469607
-4,-8,4.536423376556167
-4,-8,2.5
-4,-8,12.503208868465762
-4,-8,2.5
-4,-8,13.125078665704828
-4,-8,7.557845353819133
-4,-8,5.308850080137128
-4,-8,2.8303886913022582
-4,-8,3.523422215921342
-4,-8,9.737897975260449
-4,-8,28.330799021734364
-4,-8,2.5
-4,-8,5.562012134339892
-4,-8,16.481769882718414
-4,-8,14.730357409672148
-4,-8,19.01790026135632
-4,-8,11.212861945160794
-4,-8,15.890939772102545
-4,-8,17.98236543954466
-4,-8,3.322211278710628
-4,-8,4.6030249610314975
-4,-8,8.304200317897529
-4,-8,16.11591690159016
-4,-8,10.488732389682811
-4,-8,25.037118572499438
-3,-8,10.146642839215552
-3,-8,9.809311166817626
-3,-8,9.002523993617096
-3,-8,2.5
-3,-8,2.5
-3,-8,4.9645099453398345
-3,-8,13.630988034395545
-3,-8,10.569304471441283
-3,-8,17.317331482917126
-3,-8,4.76281306415455
-3,-8,6.235257118930459
-3,-8,11.709163510370363
-3,-8,6.683122832278153
-3,-8,18.849269415521018
-3,-8,11.060095392994365
-3,-8,3.4407624687164953
-3,-8,13.917131183817883
-3,-8,17.32972828702462
-3,-8,4.670720354722686
-3,-8,2.5
-3,-8,8.503473177122986
-3,-8,8.58820760726318
-3,-8,18.072822145838124
-3,-8,11.26647453840993
-3,-8,14.5892178044545
-3,-8,8.508297630601453
-3,-8,5.059808640950699
-3,-8,6.741936411019822
-3,-8,20.67579172999093
-3,-8,2.566099073735793
-3,-8,13.520233549416126
-3,-8,4.612202361834954
-3,-8,15.673546679017544
-3,-8,12.10269139388105
-3,-8,6.117114322770227
-3,-8,14.435073983029586
-3,-8,2.5
-3,-8,6.030571864439055
-3,-8,19.755082456595026
-3,-8,5.17531041455981
-2,-8,13.025280653659943
-2,-8,6.818313421564128
-2,-8,11.442083312653244
-2,-8,9.540239834926128
-2,-8,6.692770648065192
-2,-8,18.78863837636643
-2,-8,8.321946699173449
-2,-8,9.745043573844857
-2,-8,7.815848523527199
-2,-8,9.668717233443154
-2,-8,5.964470088035174
-2,-8,2.5
-2,-8,6.197201512820133
-2,-8,9.364340151043065
-2,-8,15.667225152011536
-2,-8,18.08546449992683
-2,-8,7.526553119162257
-2,-8,18.274365892512034
-2,-8,6.588455227258065
-2,-8,10.702876649396012
-2,-8,4.071899212166729
-2,-8,10.987956215851705
-2,-8,5.1600425208548115
-2,-8,15.833737901093759
-2,-8,30.18035717478884
-2,-8,11.414928883222453
-2,-8,14.458855168087387
-2,-8,4.364835407332267
-2,-8,17.68351791749053
-2,-8,2.9484099267759563
-2,-8,12.809805909878943
-2,-8,9.875653925445524
-2,-8,11.096716361337961
-2,-8,14.755386722826724
-2,-8,9.97906140568727
-2,-8,10.181634975425371
-2,-8,11.256571937617116
-2,-8,7.226898653310513
-2,-8,5.622453069820834
-2,-8,10.393176342795599
-3,-8,13.087394309035616
-3,-8,3.196700652956549
-3,-8,3.373263656059396
-3,-8,8.13082079009837
-3,-8,2.668532848653082
-3,-8,8.90425417947063
-3,-8,16.68605699602858
-3,-8,11.272711848769106
-3,-8,12.563852005140525
-3,-8,2.5
-3,-8,3.192839018888165
-3,-8,17.800471088065432
-3,-8,20.606558604550628
-3,-8,11.701633484801837
-3,-8,11.546002999577896
-3,-8,2.5
-3,-8,2.5
-3,-8,9.578523369116114
-3,-8,8.312802892399366
-3,-8,5.03502513535538
-3,-8,17.417773776717105
-3,-8,9.619736289868895
-3,-8,2.5
-3,-8,8.606610796501752
-3,-8,14.909740215352528
-3,-8,9.94268519340298
-3,-8,11.477146421397752
-3,-8,11.10466469871531
-3,-8,2.7247645404358316
-3,-8,17.304184614509886
-3,-8,4.997994165196219
-3,-8,15.819933171316453
-3,-8,14.922317946285643
-3,-8,9.266397227248493
-3,-8,16.333283223182164
-3,-8,5.989361244223039
-3,-8,7.714741804797444
-3,-8,12.605050917265846
-3,-8,10.537695360557896
-3,-8,2.5
-4,-8,2.5
-4,-8,12.397898600239941
-4,-8,16.545571773902083
-4,-8,14.557130799035331
-4,-8,13.924666888754254
-4,-8,5.198004055007112
-4,-8,22.222947633760413
-4,-8,4.298252042355752
-4,-8,11.674829031630969
-4,-8,5.5307209415130645
-4,-8,2.5
-4,-8,17.380046327917132
-4,-8,6.673139950602271
-4,-8,12.500171532630494
-4,-8,8.918257617272014
-4,-8,13.695782132093985
-4,-8,12.120987807522845
-4,-8,12.095734658049624
-4,-8,10.620194406650151
-4,-8,15.557497955440136
-4,-8,9.852434866466108
-4,-8,9.078362209928576
-4,-8,23.55361363590331
-4,-8,10.608185014148434
-4,-8,9.15904490997781
-4,-8,24.319142672128773
-4,-8,11.961638012654376
-4,-8,9.795639213027831
-4,-8,16.94499143688045
-4,-8,6.384214112563345
-4,-8,14.607309886616388
-4,-8,19.343348596500782
-4,-8,12.805409078900944
-4,-8,25.197021593233202
-4,-8,9.526934300575059
-4,-8,19.108519137034996
-4,-8,10.67735373430343
-4,-8,9.476824099162037
-4,-8,15.099905471002543
-4,-8,8.839573030902704
-5,-8,18.76132566127718
-5,-8,9.116944877064876
-5,-8,9.127477881510243
-5,-8,7.442102810301298
-5,-8,5.864682939887379
-5,-8,10.682173441725684
-5,-8,8.286599362042933
-5,-8,2.5
-5,-8,7.787601923027981
-5,-8,5.003095600125849
-5,-8,17.89128414036117
-5,-8,26.013676464652153
-5,-8,5.06214344998223
-5,-8,10.243267561595992
-5,-8,10.734717987540906
-5,-8,8.74818054894831
-5,-8,2.5
-5,-8,18.88944663173359
-5,-8,8.840638336836507
-5,-8,2.5
-5,-8,8.081226271031122
-5,-8,2.5
-5,-8,5.157853861650811
-5,-8,9.565436329011325
-5,-8,16.711713424612693
-5,-8,9.64083733745109
-5,-8,9.3635611893836
-5,-8,15.950833392785839
-5,-8,12.042930596869708
-5,-8,4.67352777120703
-5,-8,8.926206530600282
-5,-8,12.72105173725651
-5,-8,3.1316955965213475
-5,-8,13.66403512211321
-5,-8,13.134086703647714
-5,-8,22.472914175717932
-5,-8,14.283734334767628
-5,-8,9.884512088431341
-5,-8,4.5854858915351695
-5,-8,2.6811257846436103
-6,-8,10.763399935419525
-6,-8,12.375694035193826
-6,-8,2.9631204128285624
-6,-8,12.323087855826872
-6,-8,5.429464122415477
-6,-8,8.62677750347601
-6,-8,8.99464009176856
-6,-8,2.5
-6,-8,5.648725892862866
-6,-8,16.636993152803935
-6,-8,16.700275869941557
-6,-8,2.5
-6,-8,4.3703842224796325
-6,-8,25.096199937434744
-6,-8,6.5257951609253375
-6,-8,6.534927902955166
-6,-8,10.241182679941591
-6,-8,19.669633472878512
-6,-8,5.298965550702194
-6,-8,16.15120528018278
-6,-8,12.98718142291377
-6,-8,8.428368481952617
-6,-8,2.5
-6,-8,9.953434871679288
-6,-8,4.5223874673546565
-6,-8,10.078363072492639
-6,-8,19.779806401181553
-6,-8,3.117132768175094
-6,-8,3.8164818339285898
-6,-8,18.003039608484105
-6,-8,4.827452543233726
-6,-8,9.018899401810689
-6,-8,8.16609020026917
-6,-8,4.368158693597366
-6,-8,2.5
-6,-8,11.000810818001538
-6,-8,10.277644428386337
-6,-8,14.357734956934587
-6,-8,2.9650176667435275
-6,-8,10.90338300669326
-5,-8,3.079249116155296
-5,-8,12.86283107795041
-5,-8,8.496033064642589
-5,-8,8.791831149623667
-5,-8,11.642087538822988
-5,-8,2.7782267447254965
-5,-8,6.121389498303499
-5,-8,5.686755560720046
-5,-8,7.382666073075013
-5,-8,11.078788347715722
-5,-8,11.000140731404807
-5,-8,2.5
-5,-8,15.226807931541334
-5,-8,2.5
-5,-8,7.446437859046305
-5,-8,7.371125443170838
-5,-8,15.288424465069184
-5,-8,5.282408717302895
-5,-8,6.119691622938903
-5,-8,18.083236075813605
-5,-8,9.714314037959786
-5,-8,16.108579948074375
-5,-8,12.464277234283795
-5,-8,6.069206943732883
-5,-8,2.6009868197842687
-5,-8,14.352032695708
-5,-8,24.06838428465316
-5,-8,6.610979510034294
-5,-8,4.5188528498370895
-5,-8,9.83612876943167
-5,-8,12.93851841099798
-5,-8,8.077052785426938
-5,-8,13.973446669827402
-5,-8,13.579565298624445
-5,-8,8.312097087741254
-5,-8,18.52621573668496
-5,-8,14.78517889071787
-5,-8,14.008931197612267
-5,-8,3.5638117796994804
-5,-8,5.470712256558545
-6,-8,8.369072111560774
-6,-8,8.571836335662146
-6,-8,12.616629353707587
-6,-8,11.064767643318298
-6,-8,8.285680003314095
-6,-8,5.845169146227805
-6,-8,7.8779375307436545
-6,-8,10.222782678897742
-6,-8,12.820268877850015
-6,-8,2.5
-6,-8,14.735988706447147
-6,-8,13.163284169081956
-6,-8,6.456303681392578
-6,-8,20.645878798903567
-6,-8,11.936697477262953
-6,-8,17.480477488774582
-6,-8,10.943604837584642
-6,-8,8.831013389602619
-6,-8,12.180325140068259
-6,-8,11.261933076175106
-6,-8,15.098539100426027
-6,-8,2.5
-6,-8,2.5
-6,-8,3.7742325823086444
-6,-8,5.167691572825988
-6,-8,12.060705265418305
-6,-8,6.71470226559175
-6,-8,15.30200461490048
-6,-8,11.625264269753526
-6,-8,13.514748777453296
-6,-8,2.5
-6,-8,7.088407362527205
-6,-8,11.805137696593302
-6,-8,4.445278056361552
-6,-8,8.637839226805196
-6,-8,4.1245119634964675
-6,-8,19.284702639538995
-6,-8,2.5
-6,-8,2.5
-6,-8,8.546846051521547
-5,-8,11.055800414292543
-5,-8,4.910896012081492
-5,-8,15.610066647496868
-5,-8,12.282607626992995
-5,-8,10.593658641162373
-5,-8,13.049854274254855
-5,-8,6.011990879782759
-5,-8,11.571711397801398
-5,-8,23.03992162866505
-5,-8,7.720416721690357
-5,-8,26.2889581632283
-5,-8,13.273100666081614
-5,-8,11.983704940801733
-5,-8,2.5
-5,-8,10.913526588752873
-5,-8,22.857166500012482
-5,-8,8.509705160179177
-5,-8,12.047819975656953
-5,-8,12.152958353899232
-5,-8,5.246164862041273
-5,-8,9.388851033975131
-5,-8,3.4231247013773736
-5,-8,6.983131769354084
-5,-8,11.490795794828957
-5,-8,6.039731224879428
-5,-8,13.896499786384101
-5,-8,18.76383976364343
-5,-8,14.853876222220592
-5,-8,2.5
-5,-8,14.757798834282127
-5,-8,11.16915040580585
-5,-8,15.31141964525165
-5,-8,23.01699185734566
-5,-8,2.5
-5,-8,5.82860981024767
-5,-8,8.69125394190732
-5,-8,4.2938186617979754
-5,-8,15.426042797914667
-5,-8,2.5979287777759543
-5,-8,15.915044052840752
-6,-8,13.163046630898565
-6,-8,4.501722617130564
-6,-8,10.939126834160541
-6,-8,6.023050941995561
-6,-8,2.5
-6,-8,2.500649389592782
-6,-8,6.808978105343799
-6,-8,4.93849987406155
-6,-8,2.5
-6,-8,19.120028683299935
-6,-8,16.472006760501657
-6,-8,10.59795540148467
-6,-8,9.943502330812159
-6,-8,2.5
-6,-8,13.548819661638642
-6,-8,6.518012543006636
-6,-8,4.9847071519612935
-6,-8,16.255232294767854
-6,-8,10.753722565472033
-6,-8,18.516243613087944
-6,-8,5.451604169205609
-6,-8,17.89508699702855
-6,-8,14.566309826966133
-6,-8,8.267905066263602
-6,-8,8.297368287016726
-6,-8,6.890223124439798
-6,-8,7.3912919256534035
-6,-8,9.686415913980003
-6,-8,9.092114555109983
-6,-8,2.5
-6,-8,18.88219442061435
-6,-8,2.5
-6,-8,25.075992963897917
-6,-8,9.583013382096416
-6,-8,2.5
-6,-8,18.94664680992049
-6,-8,15.655870314464767
-6,-8,9.63449154399797
-6,-8,5.955850077961141
-6,-8,6.330724716591039
-7,-8,2.5
-7,-8,17.900808887693927
-7,-8,6.957838749144882
-7,-8,2.5
-7,-8,14.81871061687293
-7,-8,7.097710261304486
-7,-8,4.139658910789487
-7,-8,8.798341775910531
-7,-8,2.5
-7,-8,12.067404879153791
-7,-8,12.640039946056824
-7,-8,10.484399181309385
-7,-8,10.249533982855521
-7,-8,18.397550505915692
-7,-8,15.973660157578873
-7,-8,6.268281253007862
-7,-8,7.2095388456858025
-7,-8,3.482494321175814
-7,-8,8.894686363628994
-7,-8,5.721408757995087
-7,-8,2.517015495925488
-7,-8,8.168593604991004
-7,-8,2.5
-7,-8,4.138956413550666
-7,-8,7.802870486749777
-7,-8,5.074235444833722
-7,-8,15.611467353960535
-7,-8,10.58612370092626
-7,-8,11.435148761569604
-7,-8,32.64765219970745
-7,-8,15.640889730338067
-7,-8,8.915668196881887
-7,-8,2.5
-7,-8,5.934867935180507
-7,-8,11.826638970174741
-7,-8,8.31617822856066
-7,-8,6.801716222108344
-7,-8,3.537568670720934
-7,-8,5.400872562752856
-7,-8,3.7517460951247807
-6,-8,14.773417674545328
-6,-8,13.999025590107838
-6,-8,7.134222224468982
-6,-8,13.528951803705022
-6,-8,3.5034635987948217
-6,-8,9.545906928253018
-6,-8,4.057613998239868
-6,-8,3.8166494746889668
-6,-8,5.901370136017586
-6,-8,12.265784863730259
-6,-8,4.268633203187012
-6,-8,2.866303678761013
-6,-8,6.148711443014616
-6,-8,16.852906046874327
-6,-8,10.137825543136833
-6,-8,11.29083339535355
-6,-8,7.521364860743985
-6,-8,5.3074103599335
-6,-8,3.440191795641341
-6,-8,2.5010685931746446
-6,-8,9.410662964626514
-6,-8,2.5
-6,-8,11.369218087624454
-6,-8,24.50158721562748
-6,-8,16.900427844464463
-6,-8,15.474247243660356
-6,-8,5.184408109886802
-6,-8,6.029945757156364
-6,-8,10.337689411179262
-6,-8,6.678776195307422
-6,-8,4.202640825993751
-6,-8,2.699510665242131
-6,-8,2.5
-6,-8,12.112777912835583
-6,-8,13.77661835488512
-6,-8,2.5
-6,-8,2.5
-6,-8,8.06853084349487
-6,-8,8.906320759948953
-6,-8,9.176815497795495
-5,-8,15.454104191398518
-5,-8,9.733631661050467
-5,-8,3.7897314169856813
-5,-8,13.067230203708595
-5,-8,19.334537108197708
-5,-8,8.584372632595198
-5,-8,10.210272422037852
-5,-8,2.6056774758855514
-5,-8,18.60557975594715
-5,-8,10.971752615605993
-5,-8,11.031332174039246
-5,-8,2.5
-5,-8,12.79654993983136
-5,-8,22.532887217484923
-5,-8,8.327568071107017
-5,-8,2.5
-5,-8,12.601979005308547
-5,-8,4.85488238509048
-5,-8,12.05979727307776
-5,-8,16.049097870351286
-5,-8,11.206832109220258
-5,-8,17.3202823034958
-5,-8,9.162837672640181
-5,-8,3.765771249656244
-5,-8,23.23251663949816
-5,-8,9.698905712727782
-5,-8,23.309729382616048
-5,-8,6.828407507142075
-5,-8,16.67651353501192
-5,-8,2.5
-5,-8,17.488611079904434
-5,-8,12.544823925839882
-5,-8,7.577357614541644
-5,-8,5.23608228670359
-5,-8,6.03495460342365
-5,-8,11.336841871122271
-5,-8,9.38344838478543
-5,-8,11.935448877234919
-5,-8,10.272733593187137
-5,-8,9.731798862284098
-6,-8,13.845324074546378
-6,-8,13.987174318675436
-6,-8,11.547241393423356
-6,-8,12.872765093658753
-6,-8,13.432307292713352
-6,-8,8.00695397475188
-6,-8,15.443114322413098
-6,-8,5.613546874580101
-6,-8,3.9152086718205616
-6,-8,2.5
-6,-8,2.5
-6,-8,9.682352575588956
-6,-8,8.553865249982465
-6,-8,2.5265043448486244
-6,-8,9.481412376014788
-6,-8,13.238071896796747
-6,-8,15.756519180148164
-6,-8,11.584836684751824
-6,-8,2.5
-6,-8,19.177916151295108
-6,-8,6.476819497378932
-6,-8,8.446349119683305
-6,-8,9.054042317735998
-6,-8,15.920768220838655
-6,-8,9.27665856907188
-6,-8,4.018280759524393
-6,-8,2.5
-6,-8,12.47370217305977
-6,-8,2.5
-6,-8,8.60378348883127
-6,-8,12.316964968351556
-6,-8,16.726514804786113
-6,-8,13.46963369446065
-6,-8,5.222254476652034
-6,-8,3.1328693509396635
-6,-8,10.69777070145069
-6,-8,6.32032434890749
-6,-8,2.5
-6,-8,5.355707682909229
-6,-8,17.739325700724926
-7,-8,7.082473470523256
-7,-8,4.206224805460341
-7,-8,7.763884245785226
-7,-8,13.407733392229458
-7,-8,15.185443928507237
-7,-8,14.004175123737818
-7,-8,10.58264066908432
-7,-8,2.5
-7,-8,8.348259222513931
-7,-8,6.950407679320913
-7,-8,2.5
-7,-8,7.282633091138422
-7,-8,2.693753440354466
-7,-8,10.8159231596245
-7,-8,13.12136139779165
-7,-8,10.501622949350157
-7,-8,4.840176072116368
-7,-8,5.279687198991048
-7,-8,12.889230953894225
-7,-8,14.187456217591777
-7,-8,2.5
-7,-8,5.302456360163474
-7,-8,4.313945269699752
-7,-8,14.220109163425018
-7,-8,12.522384709425111
-7,-8,12.745041696936841
-7,-8,19.528281965565768
-7,-8,4.441483212483869
-7,-8,15.247361111634875
-7,-8,13.069474492965725
-7,-8,2.5
-7,-8,12.143853668372586
-7,-8,5.497416578083689
-7,-8,10.100986382478169
-7,-8,2.5
-7,-8,8.618740973407618
-7,-8,13.33334139104954
-7,-8,13.436914872069064
-7,-8,10.206040902742302
-7,-8,10.00959883835529
-8,-8,2.5
-8,-8,5.814045989663723
-8,-8,2.5
-8,-8,7.878146294695187
-8,-8,2.5
-8,-8,7.173033440030261
-8,-8,2.5
-8,-8,3.636339680773724
-8,-8,4.128885785964925
-8,-8,10.72714609396693
-8,-8,18.448812599306343
-8,-8,3.7302602838769867
-8,-8,3.9781760674794775
-8,-8,7.90404077416845
-8,-8,5.243380882932456
-8,-8,15.597449118690736
-8,-8,23.315361960658137
-8,-8,7.39813034574604
-8,-8,23.739847235579806
-8,-8,2.5
-8,-8,11.364142813281944
-8,-8,14.84255423947113
-8,-8,10.499536695895848
-8,-8,11.14985685590101
-8,-8,8.836288002912369
-8,-8,11.280786444196877
-8,-8,4.550861537634042
-8,-8,2.694418797166234
-8,-8,9.052634185356135
-8,-8,2.5
-8,-8,11.245761330396341
-8,-8,18.063228511741602
-8,-8,7.780575677631813
-8,-8,10.6205087384724
-8,-8,17.648384091238643
-8,-8,8.621551220240457
-8,-8,12.729446973068452
-8,-8,14.73368192604315
-8,-8,12.445260552596501
-8,-8,7.604575793602601
-9,-8,7.185357013631015
-9,-8,12.444212962811552
-9,-8,9.28866361274537
-9,-8,2.5
-9,-8,6.66108784861333
-9,-8,3.960364227325165
-9,-8,12.428831517190762
-9,-8,7.489252813151663
-9,-8,2.5
-9,-8,5.973147831109059
-9,-8,2.5
-9,-8,9.414783464490151
-9,-8,2.5
-9,-8,14.328106836209411
-9,-8,12.156768786382965
-9,-8,10.318757451928045
-9,-8,4.262177444718131
-9,-8,10.435356159816862
-9,-8,8.778598903930838
-9,-8,2.5
-9,-8,9.366182273455117
-9,-8,11.180585245637443
-9,-8,2.5
-9,-8,3.9470858008480567
-9,-8,22.011986519495988
-9,-8,2.5
-9,-8,3.5481592990917354
-9,-8,15.970357834173216
-9,-8,2.5
-9,-8,2.5
-9,-8,2.5
-9,-8,14.583867299121357
-9,-8,13.265261363489774
-9,-8,8.008548049343892
-9,-8,5.037944699187115
-9,-8,7.184895457494564
-9,-8,4.697865519275919
-9,-8,9.420770379523145
-9,-8,13.804449402391526
-9,-8,4.534166547424366
-10,-8,5.6626161998751865
-10,-8,15.43285746174564
-10,-8,9.416368893249729
-10,-8,2.5
-10,-8,6.813516237748701
-10,-8,7.894643342346491
-10,-8,14.603382872836306
-10,-8,8.130688053625304
-10,-8,4.570436296033165
-10,-8,2.5
-10,-8,10.830719957299829
-10,-8,11.505554802864571
-10,-8,2.5
-10,-8,2.5
-10,-8,20.444331977972503
-10,-8,5.7570402996166194
-10,-8,7.01599275958042
-10,-8,10.247478471562209
-10,-8,3.813188986830223
-10,-8,9.759585048540673
-10,-8,4.688057806453842
-10,-8,2.5
-10,-8,24.951660572276154
-10,-8,8.468130295567432
-10,-8,2.5
-10,-8,13.356491928849081
-10,-8,2.5
-10,-8,6.6074330218233825
-10,-8,7.862971665212264
-10,-8,2.5
-10,-8,6.145014457336787
-10,-8,12.138503806330386
-10,-8,2.5
-10,-8,7.973591944872779
-10,-8,8.87220270235185
-10,-8,2.5
-10,-8,6.016442921783382
-10,-8,2.5
-10,-8,4.612829113381428
-10,-8,11.562872809591402
-11,-8,5.577438981806474
-11,-8,2.5
-11,-8,14.208350042618342
-11,-8,14.752473926030625
-11,-8,10.819513044887387
-11,-8,3.7439309664978264
-11,-8,7.102693434709069
-11,-8,2.5
-11,-8,9.214216428174023
-11,-8,2.5
-11,-8,2.5
-11,-8,8.498142992292868
-11,-8,8.654975054237308
-11,-8,5.505590454122593
-11,-8,5.393371748705955
-11,-8,2.5
-11,-8,4.425927204991455
-11,-8,8.142403924597684
-11,-8,14.261951315061733
-11,-8,8.107537854901839
-11,-8,2.5
-11,-8,8.977189143996672
-11,-8,10.94918098118216
-11,-8,14.266305389696921
-11,-8,12.65589687944814
-11,-8,5.062995793153652
-11,-8,6.4554316395010005
-11,-8,16.959705639357132
-11,-8,8.073163663808014
-11,-8,2.5
-11,-8,2.5
-11,-8,7.199565876736446
-11,-8,13.867961776953074
-11,-8,2.5
-11,-8,10.561997892792526
-11,-8,6.00893387522347
-11,-8,2.5
-11,-8,5.012545592827909
-11,-8,2.5
-11,-8,11.81579032694771
-12,-8,7.514561034464708
-12,-8,6.356792997483376
-12,-8,19.00742581962722
-12,-8,13.540925557199515
-12,-8,4.57465549996365
-12,-8,22.061327992549685
-12,-8,13.477999854708768
-12,-8,2.5
-12,-8,8.579948404964567
-12,-8,3.923392281632546
-12,-8,2.5
-12,-8,2.5
-12,-8,6.334063639566104
-12,-8,2.5
-12,-8,2.5
-12,-8,13.57200103174453
-12,-8,2.5
-12,-8,23.19530927962245
-12,-8,10.503122017408995
-12,-8,9.647964169393392
-12,-8,2.5
-12,-8,10.399957441345695
-12,-8,2.5
-12,-8,9.889212457788474
-12,-8,10.301743248611633
-12,-8,6.398550017822074
-12,-8,10.939891335074185
-12,-8,2.5
-12,-8,5.556178726291915
-12,-8,9.267862287612356
-12,-8,2.5
-12,-8,2.5
-12,-8,2.92256083964623
-12,-8,2.7910091750227606
-12,-8,5.863771307922461
-12,-8,3.0681719894915864
-12,-8,11.081114350821577
-12,-8,14.031208642807403
-12,-8,10.303839731537126
-12,-8,8.219001305235565
-11,-8,10.035186100242427
-11,-8,10.95067048658963
-11,-8,8.33222221495138
-11,-8,2.5
-11,-8,9.129386668765267
-11,-8,2.5
-11,-8,5.452796963244081
-11,-8,3.0627214800358784
-11,-8,9.001106655525392
-11,-8,16.205194521979287
-11,-8,6.784623603239579
-11,-8,5.061023317096359
-11,-8,13.565586161335247
-11,-8,12.41962025528057
-11,-8,6.726094839213947
-11,-8,5.239597627441148
-11,-8,2.5
-11,-8,4.896157853163835
-11,-8,2.5
-11,-8,2.5
-11,-8,22.388557062933536
-11,-8,7.409134272797158
-11,-8,4.559681953995121
-11,-8,10.738153649873077
-11,-8,6.221683848446061
-11,-8,11.70266774810009
-11,-8,5.557154349595777
-11,-8,8.561823177788108
-11,-8,3.825814691317635
-11,-8,29.096428800914794
-11,-8,2.5
-11,-8,17.480761388185037
-11,-8,6.302795754151817
-11,-8,20.81905641643374
-11,-8,8.766262302263653
-11,-8,11.589819900492152
-11,-8,8.02356710843511
-11,-8,13.705340926702306
-11,-8,7.428095337453647
-11,-8,2.5
-12,-8,7.011820551058933
-12,-8,5.1187864437565445
-12,-8,5.380092789863973
-12,-8,7.058412921761931
-12,-8,21.850456828945415
-12,-8,8.494098767319189
-12,-8,6.665595472032736
-12,-8,2.5
-12,-8,13.807874852079284
-12,-8,9.383341770981035
-12,-8,4.577539273873087
-12,-8,7.784450594870355
-12,-8,2.5
-12,-8,6.6990338269347625
-12,-8,8.282758623863836
-12,-8,3.6546681395720024
-12,-8,2.5
-12,-8,16.33278186473672
-12,-8,10.468188722052052
-12,-8,3.00267636226464
-12,-8,2.5
-12,-8,16.536833790738925
-12,-8,3.597233133973175
-12,-8,7.595447120940966
-12,-8,2.5
-12,-8,14.911408548246547
-12,-8,6.837094649221678
-12,-8,4.127185588244938
-12,-8,11.654849904119898
-12,-8,16.081924549370363
-12,-8,2.5
-12,-8,7.41703115030983
-12,-8,4.0940990130000205
-12,-8,7.405704697629444
-12,-8,10.951353123975512
-12,-8,12.510244820582649
-12,-8,2.5
-12,-8,15.941366640275053
-12,-8,2.5
-12,-8,8.614198565492792
-13,-8,2.5
-13,-8,4.972847924710812
-13,-8,2.5
-13,-8,8.106223842038276
-13,-8,4.540212782927999
-13,-8,3.676009368617243
-13,-8,9.468073276619489
-13,-8,4.612138989511115
-13,-8,2.5
-13,-8,3.147155317655543
-13,-8,11.385814907478618
-13,-8,11.867384640473343
-13,-8,7.42771499244594
-13,-8,9.070016869808201
-13,-8,6.38167103352267
-13,-8,13.054012982470162
-13,-8,2.5
-13,-8,10.626689729870199
-13,-8,2.5
-13,-8,6.267896612598
-13,-8,2.5
-13,-8,4.728448328867812
-13,-8,6.655021391093798
-13,-8,4.256736444035037
-13,-8,13.218833954870728
-13,-8,7.392302219054172
-13,-8,8.924474499571971
-13,-8,8.153404577213154
-13,-8,2.5
-13,-8,3.933754317284701
-13,-8,11.790976083722077
-13,-8,11.402110672964795
-13,-8,2.5
-13,-8,8.540063089822869
-13,-8,2.5
-13,-8,2.5
-13,-8,2.5
-13,-8,2.5
-13,-8,10.555353306213267
-13,-8,11.273939756694727
-14,-8,6.1848836208997415
-14,-8,2.5
-14,-8,2.5
-14,-8,4.159672976945637
-14,-8,7.475225642437589
-14,-8,11.266287372412197
-14,-8,4.791091750974836
-14,-8,2.5
-14,-8,14.411476913077674
-14,-8,2.5
-14,-8,2.5
-14,-8,3.664555287556482
-14,-8,2.5
-14,-8,8.89200322038333
-14,-8,4.753726563851088
-14,-8,16.09678499659325
-14,-8,9.822349155815143
-14,-8,2.5
-14,-8,4.418356172556662
-14,-8,7.032898354296897
-14,-8,2.987813784748627
-14,-8,8.113229912914043
-14,-8,2.5
-14,-8,2.5
-14,-8,2.5
-14,-8,9.108513813677995
-14,-8,2.5
-14,-8,2.5
-14,-8,4.840278889434013
-14,-8,6.653397719556088
-14,-8,9.950876618566777
-14,-8,9.169759261135605
-14,-8,2.5
-14,-8,6.659924548576596
-14,-8,8.5844916167712
-14,-8,3.0862590809216015
-14,-8,2.5
-14,-8,2.5
-14,-8,12.268969615417518
-14,-8,4.3513671612417015
-15,-8,8.306780290140015
-15,-8,4.57309570204108
-15,-8,6.768113111393481
-15,-8,8.081714235990187
-15,-8,2.5
-15,-8,3.817737419475533
-15,-8,9.501914091505654
-15,-8,2.5
-15,-8,2.5
-15,-8,5.385246898202916
-15,-8,4.496691060162857
-15,-8,2.5
-15,-8,5.578818326711916
-15,-8,18.412580378469276
-15,-8,2.5
-15,-8,10.450681532447739
-15,-8,6.899946687710984
-15,-8,2.5
-15,-8,2.5
-15,-8,2.5
-15,-8,2.5
-15,-8,11.520758978849905
-15,-8,16.954877966115312
-15,-8,3.6462648909359245
-15,-8,15.608604463127895
-15,-8,4.33394651585078
-15,-8,9.669955542786091
-15,-8,6.837541917863608
-15,-8,2.5
-15,-8,9.461067373981166
-15,-8,7.333160594838182
-15,-8,2.5
-15,-8,9.146256575013197
-15,-8,5.382725492351968
-15,-8,4.621243034809491
-15,-8,2.5
-15,-8,5.06109257514093
-15,-8,2.5
-15,-8,3.6245279411685205
-15,-8,19.00900644813155
-16,-8,8.737451155129577
-16,-8,4.920283903365769
-16,-8,5.432653739145179
-16,-8,2.5
-16,-8,5.578041768699973
-16,-8,2.856744884732756
-16,-8,4.411121789835557
-16,-8,2.8679419731076665
-16,-8,6.79780370955872
-16,-8,2.5
-16,-8,4.702356117917886
-16,-8,3.6629589326848855
-16,-8,17.34454958257499
-16,-8,8.047369713639414
-16,-8,2.6871375433043365
-16,-8,6.606602929154839
-16,-8,7.316660307024228
-16,-8,2.5
-16,-8,4.435679165308452
-16,-8,2.5
-16,-8,2.5
-16,-8,6.43334373409181
-16,-8,2.5
-16,-8,2.5
-16,-8,2.5
-16,-8,3.882845865199619
-16,-8,4.254541312471607
-16,-8,2.5
-16,-8,9.81597667497967
-16,-8,2.5
-16,-8,2.5
-16,-8,10.100226799546292
-16,-8,2.5
-16,-8,2.5
-16,-8,4.9199693309852
-16,-8,2.5
-16,-8,4.801592075608561
-16,-8,2.5
-16,-8,2.5
-16,-8,2.5
-17,-8,4.20932167464141
-17,-8,7.930394055892592
-17,-8,2.5
-17,-8,2.5
-17,-8,2.5
-17,-8,2.5
-17,-8,2.5
-17,-8,7.421479539634851
-17,-8,2.5
-17,-8,2.5
-17,-8,8.884894476737824
-17,-8,8.603630637037103
-17,-8,3.1705608564935313
-17,-8,10.269241825947947
-17,-8,4.9997967536739445
-17,-8,18.664322968168484
-17,-8,2.5
-17,-8,2.5
-17,-8,8.817353221069668
-17,-8,2.5
-17,-8,2.5
-17,-8,12.984135575466741
-17,-8,2.5
-17,-8,2.828089127775514
-17,-8,7.743359001323987
-17,-8,8.059699376648553
-17,-8,16.303624288046635
-17,-8,2.5
-17,-8,2.5
-17,-8,6.2493275538051165
-17,-8,2.5
-17,-8,2.5
-17,-8,2.5
-17,-8,12.124543485520043
-17,-8,4.1912727909802765
-17,-8,2.5
-17,-8,2.5
-17,-8,3.576087654946931
-17,-8,2.5
-17,-8,8.753559033346106
-16,-8,2.5
-16,-8,3.3582949049640582
-16,-8,2.67149588780601
-16,-8,11.098252192931072
-16,-8,2.5
-16,-8,2.5
-16,-8,2.5
-16,-8,8.251176610671308
-16,-8,2.5
-16,-8,6.175237219845296
-16,-8,2.5
-16,-8,2.5
-16,-8,5.74247767527115
-16,-8,9.494684325109182
-16,-8,3.9165676890211167
-16,-8,2.5
-16,-8,2.5
-16,-8,4.139956467923547
-16,-8,4.910369361917417
-16,-8,2.5
-16,-8,11.628211692993377
-16,-8,4.885642430728929
-16,-8,18.80076331460714
-16,-8,2.5
-16,-8,3.877061452953558
-16,-8,2.5
-16,-8,6.141759196965863
-16,-8,13.28536977631284
-16,-8,2.5
-16,-8,10.23807481893649
-16,-8,2.5
-16,-8,2.5
-16,-8,12.618959378832773
-16,-8,6.582205834388763
-16,-8,5.8150113231048515
-16,-8,6.008722084264418
-16,-8,5.842498383140386
-16,-8,6.410865574453537
-16,-8,2.5
-16,-8,2.5
-15,-8,2.5
-15,-8,6.7401918868491695
-15,-8,10.826656452168816
-15,-8,5.955102625429014
-15,-8,3.422278867981694
-15,-8,2.5
-15,-8,5.750291445793866
-15,-8,9.808493196385221
-15,-8,2.5
-15,-8,4.567841373901036
-15,-8,7.639538860665339
-15,-8,2.5
-15,-8,2.5
-15,-8,6.880090171191206
-15,-8,5.741984519286616
-15,-8,2.5
-15,-8,2.5
-15,-8,2.5
-15,-8,2.5
-15,-8,7.493538620515925
-15,-8,5.199324180566496
-15,-8,5.126563460517824
-15,-8,2.5
-15,-8,2.5
-15,-8,2.5
-15,-8,2.5
-15,-8,2.5
-15,-8,18.20860133072896
-15,-8,12.32834718207156
-15,-8,3.648131259243813
-15,-8,3.40571457645971
-15,-8,2.6533388887921725
-15,-8,8.223664742621773
-15,-8,4.578611593087437
-15,-8,2.5
-15,-8,2.5
-15,-8,6.014661331313267
-15,-8,7.229104402704213
-15,-8,2.5
-15,-8,2.5
-15,-7,2.5
-15,-7,2.5
-15,-7,2.5
-15,-7,10.019943184875043
-15,-7,5.929030528830506
-15,-7,13.220637050671822
-15,-7,7.705092085874714
-15,-7,2.5
-15,-7,2.5
-15,-7,11.246725675302939
-15,-7,12.091021000157586
-15,-7,16.342067932343152
-15,-7,2.7137406754016355
-15,-7,2.5
-15,-7,6.037295520601362
-15,-7,6.428278712920766
-15,-7,6.776181679488368
-15,-7,2.5
-15,-7,6.4219235454003805
-15,-7,4.292861512793708
-15,-7,2.5
-15,-7,5.945807966941495
-15,-7,2.5
-15,-7,5.597464984870647
-15,-7,6.851705479802622
-15,-7,2.5
-15,-7,2.5
-15,-7,5.940372132087321
-15,-7,9.65123674147549
-15,-7,2.5
-15,-7,5.451564087272207
-15,-7,6.778467658047631
-15,-7,2.5
-15,-7,7.5359967425223005
-15,-7,9.223227756747018
-15,-7,2.5
-15,-7,5.574385680299995
-15,-7,2.5
-15,-7,8.899827477146765
-15,-7,2.5
-14,-7,2.5
-14,-7,12.444909639301368
-14,-7,2.5
-14,-7,3.070426063276259
-14,-7,2.762342152479392
-14,-7,2.5
-14,-7,2.5728050407587024
-14,-7,4.31829423636826
-14,-7,8.487202860732182
-14,-7,16.512818557549277
-14,-7,2.6786225223349343
-14,-7,10.025495556216217
-14,-7,9.586856608923956
-14,-7,15.050667610328377
-14,-7,2.5
-14,-7,10.324048901378134
-14,-7,10.691931486447361
-14,-7,5.409579244927549
-14,-7,2.5
-14,-7,7.43030440133093
-14,-7,2.5
-14,-7,11.813291490363572
-14,-7,13.29653539850602
-14,-7,11.980203250418986
-14,-7,2.8797864562458546
-14,-7,5.944885472608863
-14,-7,5.932353303412244
-14,-7,2.5
-14,-7,5.368064836923132
-14,-7,6.352039724101872
-14,-7,2.5728718027440465
-14,-7,4.382127993648943
-14,-7,2.5
-14,-7,4.506032601793406
-14,-7,2.5
-14,-7,2.5
-14,-7,5.3212179527868715
-14,-7,6.49791053767524
-14,-7,8.427899744079713
-14,-7,6.7324782854001715
-14,-8,7.151834701761597
-14,-8,2.5
-14,-8,6.866935130771046
-14,-8,2.5
-14,-8,2.5
-14,-8,15.764143101082075
-14,-8,5.515364205554983
-14,-8,12.480553660377925
-14,-8,2.994937260209266
-14,-8,13.451115138061375
-14,-8,2.5
-14,-8,11.753699687822941
-14,-8,3.4842760049663495
-14,-8,2.5
-14,-8,8.471238666271299
-14,-8,15.037690301303954
-14,-8,2.5
-14,-8,4.975688076824324
-14,-8,2.5
-14,-8,2.5
-14,-8,11.282169134906688
-14,-8,2.5
-14,-8,2.5
-14,-8,3.775816783404916
-14,-8,3.7982095164379466
-14,-8,3.166381466826672
-14,-8,12.396418295254634
-14,-8,4.170050374120165
-14,-8,4.780227954114521
-14,-8,5.594006176744228
-14,-8,9.12528516799506
-14,-8,16.714603854222254
-14,-8,2.5
-14,-8,10.532115309079614
-14,-8,2.5
-14,-8,5.735793717865038
-14,-8,9.108973843529332
-14,-8,3.495617769954658
-14,-8,8.387442704108668
-14,-8,2.5
-13,-8,2.5
-13,-8,13.561771633774224
-13,-8,6.21865375310133
-13,-8,13.99482210815373
-13,-8,8.567379895783201
-13,-8,16.080168939460073
-13,-8,6.039814397593351
-13,-8,2.5
-13,-8,2.5
-13,-8,8.957261886913901
-13,-8,2.5
-13,-8,2.5
-13,-8,2.5
-13,-8,2.5
-13,-8,6.307101112280231
-13,-8,3.928173153528996
-13,-8,2.5
-13,-8,15.057479295679347
-13,-8,3.99583230034963
-13,-8,5.052423914952875
-13,-8,3.053135930334625
-13,-8,2.5
-13,-8,4.830795157127689
-13,-8,2.5
-13,-8,2.5
-13,-8,8.264684845528425
-13,-8,3.1148282924814263
-13,-8,15.903360269980714
-13,-8,2.5
-13,-8,4.601530477486511
-13,-8,2.5
-13,-8,6.799791391050516
-13,-8,8.170736706876475
-13,-8,6.352083606905501
-13,-8,3.7367908636123657
-13,-8,2.5
-13,-8,21.508983474461232
-13,-8,2.5
-13,-8,14.568476890686298
-13,-8,5.888020583587767
-12,-8,5.839460962622789
-12,-8,2.5
-12,-8,2.9245855103611436
-12,-8,11.894268909649902
-12,-8,11.930561440726713
-12,-8,4.826496152666864
-12,-8,7.3307232723331355
-12,-8,9.282787208976169
-12,-8,11.447028963733697
-12,-8,2.5
-12,-8,2.5
-12,-8,11.047865646981084
-12,-8,3.3650580965449217
-12,-8,4.640442058031327
-12,-8,13.9277388386577
-12,-8,10.439976863102366
-12,-8,5.543809560109878
-12,-8,2.5
-12,-8,13.052454558582765
-12,-8,2.5
-12,-8,2.5
-12,-8,2.5
-12,-8,2.5
-12,-8,2.5
-12,-8,4.053919125830638
-12,-8,2.5
-12,-8,4.316978416692182
-12,-8,6.508564063807747
-12,-8,9.69269227589604
-12,-8,3.845859393094689
-12,-8,2.5
-12,-8,4.361133299513177
-12,-8,2.5
-12,-8,2.9160426181651427
-12,-8,2.9376731846257855
-12,-8,6.6749564640016015
-12,-8,9.698265177936108
-12,-8,5.834467986119602
-12,-8,2.5
-12,-8,5.472210682405297
-11,-8,5.180314354267201
-11,-8,5.282050861605399
-11,-8,3.6766353983111455
-11,-8,2.5
-11,-8,2.5
-11,-8,22.60885648502982
-11,-8,2.5
-11,-8,9.170721926587623
-11,-8,6.5164157905344835
-11,-8,14.959959488425696
-11,-8,2.5
-11,-8,4.4352521124772375
-11,-8,2.5462146070425873
-11,-8,11.63879143206109
-11,-8,9.450156342666311
-11,-8,8.185102790822997
-11,-8,2.5
-11,-8,12.14911050217745
-11,-8,10.969697078854004
-11,-8,2.5
-11,-8,2.5
-11,-8,2.5
-11,-8,10.006391148520356
-11,-8,10.987435964547833
-11,-8,6.391808358275565
-11,-8,9.091412622107164
-11,-8,10.620041010416237
-11,-8,13.95165319783542
-11,-8,8.434886056949138
-11,-8,5.804894412137391
-11,-8,5.370459877677503
-11,-8,4.654796928450246
-11,-8,11.048080109922392
-11,-8,3.278345276230812
-11,-8,5.439814468150861
-11,-8,9.241786287561698
-11,-8,10.099069512088626
-11,-8,2.5
-11,-8,16.912655569470193
-11,-8,15.473256899010607
-11,-7,13.20487253739606
-11,-7,2.5
-11,-7,4.883552504684035
-11,-7,14.15892462349061
-11,-7,9.42479446126047
-11,-7,17.67167796211134
-11,-7,14.475964192042083
-11,-7,4.781477522353441
-11,-7,7.413852303817208
-11,-7,5.052401064863101
-11,-7,20.99334068180228
-11,-7,2.5
-11,-7,7.782791608230674
-11,-7,2.5
-11,-7,2.5
-11,-7,4.630417179366546
-11,-7,11.753126165403078
-11,-7,8.40896121184212
-11,-7,2.5
-11,-7,6.364159586178017
-11,-7,4.468835791377206
-11,-7,2.5652375130667444
-11,-7,4.124677909461678
-11,-7,13.967651135684934
-11,-7,6.495061761093936
-11,-7,3.29258802051044
-11,-7,12.137393257036175
-11,-7,4.853354953435254
-11,-7,2.5
-11,-7,5.039459730237889
-11,-7,3.942688734763549
-11,-7,11.129664617796593
-11,-7,7.559739546716945
-11,-7,5.410881573458891
-11,-7,2.5
-11,-7,3.975625541375062
-11,-7,3.257426118276765
-11,-7,15.258151089274342
-11,-7,4.822921605557518
-11,-7,2.5
-10,-7,13.189527864054837
-10,-7,2.5
-10,-7,7.618354225069234
-10,-7,4.757933222320505
-10,-7,9.558703862798428
-10,-7,8.624772639175628
-10,-7,3.0413023801096326
-10,-7,9.923067833114981
-10,-7,9.19426725254908
-10,-7,2.5
-10,-7,9.283853992152633
-10,-7,10.56722641149881
-10,-7,6.544999596486239
-10,-7,12.024555806399864
-10,-7,7.521684895729123
-10,-7,7.836356229588567
-10,-7,4.688261810682754
-10,-7,9.128839272590124
-10,-7,12.833857244797759
-10,-7,4.628205919849584
-10,-7,2.5
-10,-7,8.76447014428204
-10,-7,12.591409200527744
-10,-7,13.007479411624818
-10,-7,3.7546499977465073
-10,-7,9.978753240643945
-10,-7,9.110012790094391
-10,-7,4.148951518296002
-10,-7,14.448145405711522
-10,-7,9.013290554043467
-10,-7,2.5
-10,-7,8.468738054033567
-10,-7,2.5
-10,-7,12.495629072115605
-10,-7,13.142276135094432
-10,-7,6.507555028752971
-10,-7,12.926723824321229
-10,-7,4.229112072139642
-10,-7,4.831992422354444
-10,-7,12.046855038800796
-9,-7,6.159154187203253
-9,-7,8.713434069603267
-9,-7,6.112222571823643
-9,-7,2.5
-9,-7,15.779417293627056
-9,-7,8.266027622027035
-9,-7,10.050136432872423
-9,-7,10.594785482602733
-9,-7,5.417742119464193
-9,-7,14.497662173350744
-9,-7,7.169557941428156
-9,-7,16.234848723292764
-9,-7,16.26527653559913
-9,-7,8.515719366502514
-9,-7,17.66807100956742
-9,-7,14.579356802700605
-9,-7,5.635665531701907
-9,-7,7.818981775968139
-9,-7,4.706455300838535
-9,-7,6.921740215005157
-9,-7,13.902512498257273
-9,-7,20.615610370350325
-9,-7,15.726459670283475
-9,-7,8.877175867150498
-9,-7,12.984835371191622
-9,-7,8.645794818656952
-9,-7,2.5
-9,-7,15.502016651327503
-9,-7,9.939727270378286
-9,-7,4.916120825888265
-9,-7,16.88803352124498
-9,-7,11.105525144285545
-9,-7,8.998257219909512
-9,-7,10.77077807709183
-9,-7,2.5
-9,-7,7.164585385784214
-9,-7,2.5
-9,-7,7.998096691192155
-9,-7,16.334956605312456
-9,-7,5.384920578575571
-10,-7,5.96057235070791
-10,-7,10.16306076032376
-10,-7,2.5
-10,-7,2.5
-10,-7,11.159562178210255
-10,-7,17.299739091944907
-10,-7,8.839220521572797
-10,-7,3.7264244708341208
-10,-7,4.590164621721098
-10,-7,2.5
-10,-7,2.5
-10,-7,9.506380302467825
-10,-7,8.63813636885958
-10,-7,8.04360882060902
-10,-7,4.523460815007872
-10,-7,2.7187789585224644
-10,-7,2.5
-10,-7,13.790240850644144
-10,-7,12.136357557826567
-10,-7,10.571052482382907
-10,-7,12.262692684031723
-10,-7,5.239674913160532
-10,-7,14.16244376297827
-10,-7,5.009934415769562
-10,-7,13.31568487335641
-10,-7,9.092058466118594
-10,-7,8.105441472609597
-10,-7,3.592415023019953
-10,-7,10.623570748795997
-10,-7,8.71524927221668
-10,-7,5.8739294661424335
-10,-7,2.5
-10,-7,6.0848754155773115
-10,-7,2.524635711192021
-10,-7,7.001524809301267
-10,-7,21.64528647165304
-10,-7,2.5
-10,-7,11.78294729492977
-10,-7,5.501332922688752
-10,-7,9.531789344102485
-9,-7,5.6984748928667655
-9,-7,3.3351377863524783
-9,-7,8.401165237992542
-9,-7,12.59344747599777
-9,-7,8.922779437126595
-9,-7,9.819580531024615
-9,-7,3.266342245240897
-9,-7,16.542870062501493
-9,-7,14.585322560938838
-9,-7,5.099116212780682
-9,-7,12.362669442608345
-9,-7,12.81920146943915
-9,-7,11.456059401201264
-9,-7,2.5
-9,-7,8.771570160014058
-9,-7,16.503182043414185
-9,-7,2.9354380416131667
-9,-7,7.592831134719059
-9,-7,12.483974963640879
-9,-7,16.385102033129144
-9,-7,4.88785455371898
-9,-7,3.761011673513007
-9,-7,2.5498007616481706
-9,-7,2.5
-9,-7,10.620851714266134
-9,-7,6.071833228135041
-9,-7,11.735631005690161
-9,-7,2.5
-9,-7,14.19621102048651
-9,-7,14.118876749296486
-9,-7,5.214495517389104
-9,-7,2.5
-9,-7,13.704319600059605
-9,-7,2.5
-9,-7,2.5
-9,-7,15.468946827650221
-9,-7,12.339906725813087
-9,-7,8.168977369853772
-9,-7,5.1870915580501125
-9,-7,9.91956814745223
-9,-8,2.5
-9,-8,5.682987110447598
-9,-8,10.254702790907759
-9,-8,4.626808658273536
-9,-8,3.405099814651607
-9,-8,11.732805576219992
-9,-8,14.860241618996763
-9,-8,7.699521077373089
-9,-8,4.8291930529412435
-9,-8,9.413007714776496
-9,-8,2.857147653737628
-9,-8,11.781976880215193
-9,-8,6.181594554519542
-9,-8,4.993282542620269
-9,-8,13.363134925807454
-9,-8,3.078879396653262
-9,-8,19.48238391762931
-9,-8,10.4135454093819
-9,-8,14.539216627872719
-9,-8,9.474415177227966
-9,-8,2.5
-9,-8,20.35103800415969
-9,-8,16.40868836404234
-9,-8,12.435840469041974
-9,-8,7.604085401653829
-9,-8,9.865616144963134
-9,-8,5.216310438340821
-9,-8,12.078779539956452
-9,-8,5.574775393003547
-9,-8,13.324445590251866
-9,-8,12.281561128274749
-9,-8,4.9738213032714835
-9,-8,2.5
-9,-8,2.9851208510642095
-9,-8,2.732912227193048
-9,-8,2.5
-9,-8,12.321740063048393
-9,-8,2.5
-9,-8,5.379047453692868
-9,-8,2.5
-9,-7,4.012956048189554
-9,-7,9.509725544561288
-9,-7,4.53833370243594
-9,-7,8.247923799460613
-9,-7,7.866905812452364
-9,-7,19.50406988291542
-9,-7,2.5
-9,-7,8.239226529224075
-9,-7,12.719524440961703
-9,-7,2.5
-9,-7,17.921077997479088
-9,-7,7.091193714028324
-9,-7,2.5
-9,-7,9.611395828402866
-9,-7,9.900565945045031
-9,-7,10.522016803769588
-9,-7,6.932540346103533
-9,-7,2.5
-9,-7,6.385157404789967
-9,-7,18.973397481783344
-9,-7,19.421166106853235
-9,-7,19.720065629504518
-9,-7,13.813265407141824
-9,-7,6.892094241146919
-9,-7,15.345119652896418
-9,-7,5.310569893148534
-9,-7,10.082966303647721
-9,-7,10.031037824290056
-9,-7,9.552685117440642
-9,-7,17.967538127043817
-9,-7,6.28139807065001
-9,-7,21.2975354084301
-9,-7,3.6436570620055475
-9,-7,9.759031437136539
-9,-7,12.324689239910148
-9,-7,7.569396647346959
-9,-7,17.76512054767722
-9,-7,11.926540792897942
-9,-7,5.740593093747094
-9,-7,4.98335414240869
-8,-7,9.944672783322568
-8,-7,3.5872946060182
-8,-7,7.290035526202758
-8,-7,25.447138261234024
-8,-7,12.303441306994472
-8,-7,7.563432713003713
-8,-7,8.948467879794535
-8,-7,12.295592193209265
-8,-7,15.728910639548502
-8,-7,14.91726169102731
-8,-7,11.05221631745638
-8,-7,11.862041516625109
-8,-7,2.5
-8,-7,17.45213319286251
-8,-7,3.6973009190201784
-8,-7,3.450447016261923
-8,-7,7.236924499463482
-8,-7,19.218914157284303
-8,-7,4.211912736798945
-8,-7,17.223365382541886
-8,-7,21.68912543601815
-8,-7,14.302992530218159
-8,-7,2.5
-8,-7,11.40192172855874
-8,-7,8.909025006372671
-8,-7,10.44978128016303
-8,-7,6.162005555579835
-8,-7,14.722251068020157
-8,-7,8.295634726147757
-8,-7,7.147939030423542
-8,-7,14.477262605471658
-8,-7,9.218285944246304
-8,-7,21.694960869294075
-8,-7,2.834065810243225
-8,-7,2.5
-8,-7,5.469620324753197
-8,-7,7.156326608497017
-8,-7,6.73354088814402
-8,-7,4.205698022762513
-8,-7,15.734901628038852
-7,-7,8.94293656029002
-7,-7,2.5
-7,-7,9.74648074314744
-7,-7,11.574217070475441
-7,-7,3.758137403051529
-7,-7,12.12359008223568
-7,-7,18.3864870992416
-7,-7,20.0945820026745
-7,-7,8.740044084311208
-7,-7,7.71663377175653
-7,-7,6.789058336548631
-7,-7,12.21199576546445
-7,-7,15.215512303077322
-7,-7,2.5
-7,-7,2.5
-7,-7,4.161223284250166
-7,-7,17.011976119686565
-7,-7,14.252357817080775
-7,-7,5.932732308098563
-7,-7,6.838010481353682
-7,-7,5.011302144159118
-7,-7,7.693175459209804
-7,-7,10.413492363886254
-7,-7,4.01468035047708
-7,-7,6.825557842271724
-7,-7,17.712100605053
-7,-7,9.092246946155774
-7,-7,2.5
-7,-7,2.5
-7,-7,11.287844150334958
-7,-7,10.623575408596771
-7,-7,8.24228670608589
-7,-7,20.732921633979664
-7,-7,3.1134762106003357
-7,-7,19.746586304529316
-7,-7,13.65012633616153
-7,-7,2.8569063022770225
-7,-7,2.5
-7,-7,5.484261341598292
-7,-7,14.081623141956907
-7,-8,7.187858258688602
-7,-8,8.257401420014824
-7,-8,9.806366184680256
-7,-8,3.94136923016275
-7,-8,18.40421275934456
-7,-8,4.881379919815404
-7,-8,14.83606395002855
-7,-8,5.870812750513637
-7,-8,14.368803271049703
-7,-8,2.5
-7,-8,2.5
-7,-8,11.345863767421381
-7,-8,12.335783357325397
-7,-8,10.30594187577486
-7,-8,12.733597109310647
-7,-8,2.613031766527303
-7,-8,10.505604572786064
-7,-8,2.5
-7,-8,4.14234920444513
-7,-8,3.8956945494177333
-7,-8,10.594829814037931
-7,-8,4.840516262884965
-7,-8,2.6321631061350272
-7,-8,12.695500975380055
-7,-8,8.897339504073281
-7,-8,6.514850016276698
-7,-8,11.954746656953109
-7,-8,5.761119544363218
-7,-8,10.903498633637952
-7,-8,2.5
-7,-8,5.682197306045152
-7,-8,9.219250666524923
-7,-8,10.982490396842444
-7,-8,2.5
-7,-8,6.6771579714994
-7,-8,11.479070107156046
-7,-8,7.922754205869978
-7,-8,6.842642268279847
-7,-8,6.341344488068066
-7,-8,16.347151019234797
-6,-8,17.21403639356184
-6,-8,20.088834502273023
-6,-8,11.95145526378911
-6,-8,3.077262921399843
-6,-8,14.455315899764198
-6,-8,10.127677773238213
-6,-8,3.2350387072497444
-6,-8,9.599631372995344
-6,-8,10.16400425324263
-6,-8,12.066631714923673
-6,-8,13.210697205415423
-6,-8,15.292754874656142
-6,-8,5.688466709557758
-6,-8,2.552977434657115
-6,-8,12.054211108118126
-6,-8,2.5
-6,-8,4.134167265830256
-6,-8,10.434378871726805
-6,-8,6.373524090564892
-6,-8,2.5
-6,-8,8.945830709511034
-6,-8,18.130338251245345
-6,-8,8.697518559879736
-6,-8,8.650863955938792
-6,-8,2.5
-6,-8,9.930232900353147
-6,-8,8.901832488490177
-6,-8,2.5
-6,-8,14.298945072848056
-6,-8,10.419463406486303
-6,-8,7.768361798926698
-6,-8,15.95707578515168
-6,-8,13.301373604231982
-6,-8,17.242928417824103
-6,-8,13.29114892672429
-6,-8,24.53840979467862
-6,-8,11.579944174342547
-6,-8,9.403339399978503
-6,-8,10.279335004629498
-6,-8,8.458933423883563
-5,-8,2.5
-5,-8,7.0133253906719055
-5,-8,16.962794971121905
-5,-8,4.1481452081235695
-5,-8,16.002364318093502
-5,-8,6.521315262026149
-5,-8,16.02964429370324
-5,-8,2.5
-5,-8,8.564309691292006
-5,-8,11.363874893941242
-5,-8,14.901793161078995
-5,-8,13.466616586895272
-5,-8,7.518220791286423
-5,-8,2.5
-5,-8,4.577528863175055
-5,-8,13.719085017356946
-5,-8,16.08093729994044
-5,-8,4.918759189441575
-5,-8,8.938590620632235
-5,-8,14.758749707728946
-5,-8,26.285759044314304
-5,-8,15.219542604517208
-5,-8,19.707872656657216
-5,-8,5.988184916536579
-5,-8,12.047730498071626
-5,-8,15.797828458742565
-5,-8,5.113657357457102
-5,-8,15.475160354684046
-5,-8,3.7929592265703977
-5,-8,10.986588987873276
-5,-8,2.7224759229850144
-5,-8,26.339037059935915
-5,-8,2.5
-5,-8,11.929134234545678
-5,-8,10.06846692579233
-5,-8,7.450632945388072
-5,-8,15.302938690108451
-5,-8,11.815470150932557
-5,-8,13.659865336939575
-5,-8,14.100434008578404
-5,-9,2.5
-5,-9,20.804116486786974
-5,-9,16.171418467801207
-5,-9,8.883072600795739
-5,-9,2.5
-5,-9,9.356981712654886
-5,-9,7.283657289233961
-5,-9,12.859410490459096
-5,-9,7.609148037443219
-5,-9,4.4138830090507915
-5,-9,12.029606232391757
-5,-9,7.0558058380022945
-5,-9,7.7349578955462155
-5,-9,3.170394279587925
-5,-9,7.3629201303832845
-5,-9,7.958363857506982
-5,-9,2.5
-5,-9,4.185838969224785
-5,-9,16.31909784074595
-5,-9,2.5
-5,-9,13.806519763313261
-5,-9,7.818984530836117
-5,-9,13.01406274829999
-5,-9,20.72566527924191
-5,-9,8.748161922518033
-5,-9,3.605932524761415
-5,-9,8.087439770000197
-5,-9,9.106992083560703
-5,-9,16.245075837533985
-5,-9,14.383309767468662
-5,-9,7.230797272086388
-5,-9,5.558207085469399
-5,-9,7.165929241936685
-5,-9,7.18048645172639
-5,-9,15.010253127737691
-5,-9,15.996587725346807
-5,-9,11.977678257190439
-5,-9,5.396406228406476
-5,-9,15.16459206651089
-5,-9,9.201091444360621
-6,-9,15.720307216804873
-6,-9,8.723506392135704
-6,-9,17.921804770734774
-6,-9,16.160494359821843
-6,-9,9.716151501352117
-6,-9,14.546595166580286
-6,-9,8.822902812044012
-6,-9,5.819572430688838
-6,-9,9.141661862227753
-6,-9,10.567953420090474
-6,-9,5.9499724582180535
-6,-9,2.5
-6,-9,13.485056601039762
-6,-9,6.375178450816294
-6,-9,8.657971806481608
-6,-9,18.634319329862855
-6,-9,14.177832991125346
-6,-9,16.902572515002127
-6,-9,4.573523945947603
-6,-9,15.332217479958532
-6,-9,16.93517888952783
-6,-9,6.319121039077038
-6,-9,15.234502213105355
-6,-9,14.48820914655498
-6,-9,9.42325432282828
-6,-9,7.274751040575893
-6,-9,10.159983962372664
-6,-9,15.775100005886149
-6,-9,3.031763045751381
-6,-9,2.5
-6,-9,6.521140141422169
-6,-9,9.393521851977258
-6,-9,10.736921991395066
-6,-9,12.51039795168693
-6,-9,7.487752077173047
-6,-9,7.260302127744769
-6,-9,8.024153540597629
-6,-9,7.390196464681813
-6,-9,2.6809869532996373
-6,-9,12.132262088817317
-5,-9,4.941531445678032
-5,-9,10.712492828363214
-5,-9,2.5
-5,-9,2.5
-5,-9,2.5
-5,-9,11.837827508577021
-5,-9,13.766103120780867
-5,-9,2.5
-5,-9,23.035118071690768
-5,-9,14.672853821332293
-5,-9,22.472944663900616
-5,-9,7.370239230393015
-5,-9,13.958766842528444
-5,-9,5.95065827228613
-5,-9,7.183031654036627
-5,-9,2.5
-5,-9,11.30236538855565
-5,-9,4.027025417883783
-5,-9,3.1087566143724628
-5,-9,23.289812706186922
-5,-9,14.264146755795341
-5,-9,17.346412735223325
-5,-9,6.733113776537891
-5,-9,12.222335867838524
-5,-9,7.543280703957215
-5,-9,7.365338900112726
-5,-9,7.971144078046237
-5,-9,13.839160340687668
-5,-9,6.720450470480966
-5,-9,6.620342604635302
-5,-9,3.9828337818243167
-5,-9,11.186510979230803
-5,-9,4.6723153724263415
-5,-9,6.065729992526674
-5,-9,13.946817071671656
-5,-9,19.869257921153004
-5,-9,3.8708036588593413
-5,-9,2.5
-5,-9,3.8900752565719197
-5,-9,10.11558251974906
-4,-9,11.966453208439303
-4,-9,7.740323346947713
-4,-9,4.486353172877963
-4,-9,10.835824852406464
-4,-9,3.291084696945677
-4,-9,6.9766663134090106
-4,-9,11.37209778176286
-4,-9,6.686910884790327
-4,-9,6.863629431413256
-4,-9,9.658697937946334
-4,-9,8.871734812163615
-4,-9,9.11558578225962
-4,-9,12.398927140835646
-4,-9,15.23017211617282
-4,-9,2.5
-4,-9,7.962436435779718
-4,-9,9.63863172474894
-4,-9,9.107751257251671
-4,-9,17.64235711080785
-4,-9,2.5
-4,-9,19.24266468345834
-4,-9,9.506802050140621
-4,-9,11.973406198626067
-4,-9,9.850408809587854
-4,-9,8.763237568641035
-4,-9,14.72751393829925
-4,-9,5.033733643000081
-4,-9,4.262765671123057
-4,-9,10.972494286042043
-4,-9,2.5
-4,-9,18.023031648333294
-4,-9,18.665289681078253
-4,-9,11.692046845709243
-4,-9,13.554306196505745
-4,-9,18.523709525307968
-4,-9,13.182697713323426
-4,-9,2.7931892145918544
-4,-9,28.908899595585932
-4,-9,3.485064835835183
-4,-9,10.705120039112147
-5,-9,17.999510219078566
-5,-9,14.422637338346146
-5,-9,2.5
-5,-9,16.068123491940305
-5,-9,6.868870923426495
-5,-9,16.869504385831043
-5,-9,5.6941921597097895
-5,-9,10.900237528415026
-5,-9,6.352277043236127
-5,-9,12.179134586871026
-5,-9,2.881944879322446
-5,-9,12.048703448729714
-5,-9,3.6059149617938866
-5,-9,8.861707683539729
-5,-9,12.728070632133477
-5,-9,6.607922983415664
-5,-9,13.236000047441177
-5,-9,16.154864774628706
-5,-9,8.04377029572407
-5,-9,10.49752445433966
-5,-9,12.111470391055875
-5,-9,8.373893635420677
-5,-9,6.939497063494757
-5,-9,10.778230962040901
-5,-9,8.504991072127126
-5,-9,3.790213615024901
-5,-9,5.531740493436648
-5,-9,5.628922717550127
-5,-9,10.609305877810359
-5,-9,8.150617190840606
-5,-9,4.248003849863111
-5,-9,7.677131807775675
-5,-9,13.43649001374813
-5,-9,13.915004685079175
-5,-9,10.348200508758357
-5,-9,16.579858700527218
-5,-9,13.858034286181763
-5,-9,12.456053803382023
-5,-9,13.49173691374896
-5,-9,15.416523191058452
-4,-9,2.5
-4,-9,8.718392926975028
-4,-9,11.313808915526593
-4,-9,7.021619050250717
-4,-9,4.485813315953888
-4,-9,12.084236129651934
-4,-9,20.36619443862136
-4,-9,8.905431416259232
-4,-9,7.601165036905401
-4,-9,4.790094428149591
-4,-9,7.544417652053184
-4,-9,10.419025206882626
-4,-9,14.11996758468374
-4,-9,10.068098238254738
-4,-9,2.5
-4,-9,4.439834916109566
-4,-9,2.7771089865668834
-4,-9,13.112723724998778
-4,-9,10.65500606523022
-4,-9,19.411519711195062
-4,-9,6.866005061561005
-4,-9,5.280240845209298
-4,-9,5.674140790691262
-4,-9,2.5
-4,-9,6.501391919385137
-4,-9,12.301856726764228
-4,-9,10.247829866819412
-4,-9,12.124695833144518
-4,-9,2.5
-4,-9,12.148311936696647
-4,-9,8.82847060173782
-4,-9,10.091865672600305
-4,-9,12.167027744432358
-4,-9,11.94103950353365
-4,-9,13.295075358137645
-4,-9,4.400195660274928
-4,-9,7.960714995837647
-4,-9,9.284653242501197
-4,-9,3.5669804066008757
-4,-9,3.8358171257887133
-3,-9,8.872776388481041
-3,-9,14.581849248498788
-3,-9,11.43038323168291
-3,-9,2.5
-3,-9,6.143954836173739
-3,-9,6.580746827134075
-3,-9,11.432895067010772
-3,-9,11.450215607532968
-3,-9,2.5
-3,-9,12.025360293589728
-3,-9,11.773553242530015
-3,-9,11.80821173302403
-3,-9,17.483542476959485
-3,-9,5.8927751659709156
-3,-9,11.1137428834073
-3,-9,9.375555716506868
-3,-9,2.5
-3,-9,3.1020978626874536
-3,-9,5.336145026630702
-3,-9,16.199992830689716
-3,-9,3.303686052537801
-3,-9,6.6091573704638185
-3,-9,2.5
-3,-9,14.38563271221983
-3,-9,6.421677478350234
-3,-9,17.589508501065094
-3,-9,9.179559270405147
-3,-9,24.72833888785143
-3,-9,8.123745783081247
-3,-9,2.5
-3,-9,7.858803098399898
-3,-9,2.5
-3,-9,10.85695002203004
-3,-9,23.473006680913706
-3,-9,17.14055461596821
-3,-9,18.806056590773807
-3,-9,15.110035838010308
-3,-9,20.65378082386995
-3,-9,2.5
-3,-9,13.61583928897348
-3,-10,10.428307190239735
-3,-10,12.543929032481348
-3,-10,5.309839869234223
-3,-10,15.439278857635198
-3,-10,16.553200904312128
-3,-10,9.708927270561604
-3,-10,13.405160101546327
-3,-10,10.855959301205228
-3,-10,8.993333046204786
-3,-10,11.70352316349724
-3,-10,5.086255639720366
-3,-10,6.984828203790311
-3,-10,5.90401872351344
-3,-10,4.604072581835099
-3,-10,6.227446420568862
-3,-10,8.212977169196478
-3,-10,7.845472250328768
-3,-10,16.377920446045884
-3,-10,2.5
-3,-10,3.964519601001654
-3,-10,6.825050722321263
-3,-10,13.764197497851502
-3,-10,27.34376231149226
-3,-10,18.275433591562813
-3,-10,6.674238141663008
-3,-10,9.110274785863398
-3,-10,13.46826300412188
-3,-10,12.04967305047763
-3,-10,6.183279736200104
-3,-10,12.712879417737419
-3,-10,12.366050131168342
-3,-10,12.614344475210435
-3,-10,11.656499216865981
-3,-10,6.198044551729304
-3,-10,9.74739555586153
-3,-10,2.5
-3,-10,7.78176904548887
-3,-10,15.253055518848669
-3,-10,13.587869373018751
-3,-10,8.52112234956711
-3,-11,2.5
-3,-11,15.776168341434143
-3,-11,13.319997781141304
-3,-11,2.5
-3,-11,9.569632721892475
-3,-11,2.5
-3,-11,14.63427943214904
-3,-11,3.889042192182413
-3,-11,2.5
-3,-11,4.187395614024837
-3,-11,12.344448384066283
-3,-11,4.7354342481560625
-3,-11,7.3637499010862975
-3,-11,4.919613921985091
-3,-11,4.740313823825224
-3,-11,7.853303113960786
-3,-11,2.5
-3,-11,2.5
-3,-11,11.818515908720713
-3,-11,17.96356724502914
-3,-11,14.463258301058652
-3,-11,6.7057476508875595
-3,-11,9.283441731019861
-3,-11,7.787813259556846
-3,-11,16.402119280928435
-3,-11,6.129862169355235
-3,-11,7.572840520592909
-3,-11,4.050723531180302
-3,-11,2.5
-3,-11,17.67633669901758
-3,-11,4.194781352487489
-3,-11,9.757389702757505
-3,-11,2.5
-3,-11,16.04073745403411
-3,-11,4.125861353335958
-3,-11,3.7129851791819277
-3,-11,9.969932816299105
-3,-11,4.716473114323482
-3,-11,2.5
-3,-11,16.15509720525838
-2,-11,2.5
-2,-11,4.252420701906952
-2,-11,2.5
-2,-11,11.053770316315466
-2,-11,5.466135036479182
-2,-11,2.5
-2,-11,2.5
-2,-11,2.87380301335791
-2,-11,2.5
-2,-11,16.450160274826466
-2,-11,12.83682561643127
-2,-11,2.5
-2,-11,12.64702438550998
-2,-11,11.159018271692712
-2,-11,8.478547664229843
-2,-11,8.628963227291145
-2,-11,11.773447574875012
-2,-11,17.790989197208383
-2,-11,13.389204529253316
-2,-11,12.07810128313583
-2,-11,2.5
-2,-11,15.066868569439801
-2,-11,10.464641571584208
-2,-11,9.809440457897368
-2,-11,11.194738415910992
-2,-11,2.5
-2,-11,6.274340002916506
-2,-11,6.064580407689011
-2,-11,14.411540514374012
-2,-11,8.625184892455694
-2,-11,3.9696830707213273
-2,-11,15.010400830755415
-2,-11,11.450685647165535
-2,-11,2.5
-2,-11,7.1299101641235065
-2,-11,3.3396017516266765
-2,-11,2.5
-2,-11,7.666036802242821
-2,-11,8.567535419874407
-2,-11,8.379475806252533
-1,-11,7.201712492815472
-1,-11,8.681631781308589
-1,-11,8.593270161380397
-1,-11,13.550686692325154
-1,-11,12.789666991298109
-1,-11,21.152965465309993
-1,-11,2.5
-1,-11,10.728285439055082
-1,-11,6.957612911535409
-1,-11,5.005660284250163
-1,-11,3.2929435431767615
-1,-11,4.766230312565284
-1,-11,12.21964016038222
-1,-11,5.545018553763243
-1,-11,18.875589819572774
-1,-11,12.260598508350972
-1,-11,4.825394899827339
-1,-11,17.262835065398363
-1,-11,11.06222315639025
-1,-11,4.999019498989832
-1,-11,2.8443197484096556
-1,-11,10.2953276251542
-1,-11,16.674201656470444
-1,-11,12.253367661809103
-1,-11,2.5
-1,-11,5.946506931241928
-1,-11,6.473824073248539
-1,-11,6.996848883131346
-1,-11,11.297285802215079
-1,-11,6.362604663930691
-1,-11,11.714833794444857
-1,-11,14.319563203672978
-1,-11,11.599343747429234
-1,-11,2.7965474006490654
-1,-11,15.287262692171911
-1,-11,11.996621575273661
-1,-11,12.143083947233222
-1,-11,3.170232983978929
-1,-11,10.040420336818327
-1,-11,16.673332927460315
0,-11,9.358582540412558
0,-11,2.5
0,-11,2.5
0,-11,9.983228694079788
0,-11,12.769526115064288
0,-11,7.739706028499604
0,-11,17.082199776620428
0,-11,7.093308820568373
0,-11,2.5
0,-11,18.64713224908388
0,-11,6.87624667866647
0,-11,6.151912078382289
0,-11,8.689238007306582
0,-11,4.448565758314372
0,-11,2.5
0,-11,9.981242982192821
0,-11,9.498092064485618
0,-11,2.5
0,-11,7.210793010664409
0,-11,12.314255940792828
0,-11,4.870247019182834
0,-11,2.5
0,-11,13.961098472011967
0,-11,2.5
0,-11,11.094516307206547
0,-11,11.324843352549399
0,-11,11.777755722137876
0,-11,8.123539388152524
0,-11,13.528077629416195
0,-11,2.5
0,-11,2.9966021541576238
0,-11,11.180621810475651
0,-11,5.471305012675474
0,-11,7.611025443775658
0,-11,3.586502857246076
0,-11,9.235699321338384
0,-11,8.80580354746364
0,-11,2.5
0,-11,7.216857070604819
0,-11,5.192860118227151
1,-11,4.123825016818638
1,-11,9.884333573127327
1,-11,9.832176384034069
1,-11,13.999654011361113
1,-11,7.7918003593807175
1,-11,23.227028931035544
1,-11,6.915784481578973
1,-11,9.87392843044266
1,-11,12.27965853209771
1,-11,12.753453603139855
1,-11,4.191485830465708
1,-11,2.5
1,-11,3.586107904365898
1,-11,25.022615229996042
1,-11,2.5
1,-11,2.5
1,-11,16.822660364831144
1,-11,6.37309178992012
1,-11,6.144849154990386
1,-11,5.913581477411121
1,-11,13.552376490029364
1,-11,4.169777689524726
1,-11,3.6890280498707115
1,-11,4.246019643563383
1,-11,11.515502172640744
1,-11,17.848257435829463
1,-11,2.5
1,-11,8.003693637545446
1,-11,13.119289034723991
1,-11,9.668091882119688
1,-11,16.39271731264057
1,-11,14.557002439508535
1,-11,11.79044601088485
1,-11,2.5
1,-11,11.821839622186733
1,-11,7.123441291439109
1,-11,8.356182278195536
1,-11,6.05697404266089
1,-11,2.5
1,-11,5.116283736964598
0,-11,14.226603639935838
0,-11,7.339479699351697
0,-11,10.558018845041023
0,-11,9.729154023217896
0,-11,7.63065110795262
0,-11,3.0785686896910676
0,-11,4.816977678297464
0,-11,12.114286986300302
0,-11,3.775031584776743
0,-11,10.317869459021823
0,-11,2.801216638477552
0,-11,4.7140971148857655
0,-11,2.5
0,-11,2.5
0,-11,21.368481821082803
0,-11,9.899564040191164
0,-11,4.73346812012649
0,-11,9.299550367881572
0,-11,6.606431156666659
0,-11,9.086325987137501
0,-11,12.72128326975761
0,-11,9.730305868776957
0,-11,2.5
0,-11,8.705992564446266
0,-11,18.43334172805158
0,-11,6.17643976847136
0,-11,4.135873461200771
0,-11,17.31865398081753
0,-11,2.5
0,-11,12.324671615278472
0,-11,10.339420157655468
0,-11,11.270382968298833
0,-11,2.5
0,-11,11.049653044604792
0,-11,11.649683754870663
0,-11,2.5
0,-11,2.5
0,-11,17.67647137775652
0,-11,6.234634029919528
0,-11,2.694101343529158
1,-11,7.807035880589322
1,-11,5.981852231533628
1,-11,2.61190605103328
1,-11,11.897928511712685
1,-11,5.671846096269137
1,-11,6.606274181829344
1,-11,10.19502960246355
1,-11,9.630038704906552
1,-11,8.277987838025023
1,-11,11.489211139252172
1,-11,2.5
1,-11,2.8467324318687934
1,-11,2.5
1,-11,2.5
1,-11,2.5
1,-11,2.5
1,-11,6.721974668123931
1,-11,18.908646600113993
1,-11,8.873427523374744
1,-11,2.5
1,-11,5.733180636295481
1,-11,11.524063558737591
1,-11,9.4567556269357
1,-11,4.395220139242115
1,-11,11.904252898921419
1,-11,4.101324987196613
1,-11,8.25596454018098
1,-11,2.5
1,-11,6.8590435774331535
1,-11,3.43981306637721
1,-11,11.880999854891758
1,-11,7.08403200117291
1,-11,9.345066605483238
1,-11,12.192996765415645
1,-11,14.199679250972302
1,-11,4.94561718509993
1,-11,5.261116069266637
1,-11,12.847367269820614
1,-11,23.72295416455316
1,-11,11.663521277793345
1,-12,12.283095522992962
1,-12,12.245867577324633
1,-12,2.5
1,-12,3.3597117708167987
1,-12,10.027394493204719
1,-12,17.28744486113303
1,-12,6.262659918264034
1,-12,6.520788490609711
1,-12,5.311028180438186
1,-12,2.5
1,-12,15.695926831904302
1,-12,16.8566894659288
1,-12,5.732804498648966
1,-12,11.102925066402106
1,-12,2.5
1,-12,5.040227008314849
1,-12,17.144965787355915
1,-12,8.589564767580542
1,-12,2.5
1,-12,2.5
1,-12,10.311156252767478
1,-12,10.978225094528176
1,-12,2.5
1,-12,5.440446389108911
1,-12,10.879066350351076
1,-12,15.34098278473223
1,-12,9.834667014632391
1,-12,8.434176059667603
1,-12,8.306291648171436
1,-12,8.41837195020418
1,-12,13.29381346491397
1,-12,17.102703084145872
1,-12,12.096792814092487
1,-12,6.362221307993888
1,-12,9.369852634834457
1,-12,2.5
1,-12,13.651984224898278
1,-12,5.083164436146118
1,-12,5.545187362976354
1,-12,18.03198841263911
0,-12,5.9231697793382505
0,-12,9.337180609218462
0,-12,2.5
0,-12,11.296133706931942
0,-12,4.81925329892019
0,-12,9.244153997144638
0,-12,13.280084987432168
0,-12,8.438584688206392
0,-12,19.25575195987306
0,-12,5.560799451937347
0,-12,8.02736067676892
0,-12,5.907375487524305
0,-12,3.9497530230291655
0,-12,8.639394035208138
0,-12,9.216106037925286
0,-12,13.099023006252795
0,-12,10.763810498975907
0,-12,18.68192865953867
0,-12,2.5
0,-12,8.231313711323066
0,-12,5.6469887818485
0,-12,14.70687968030687
0,-12,9.340049791502446
0,-12,13.146387021157572
0,-12,9.09885126373556
0,-12,13.183587985736395
0,-12,19.8173565378858
0,-12,7.72450746680213
0,-12,2.5
0,-12,8.882487242421451
0,-12,2.5
0,-12,8.716776512723756
0,-12,2.5
0,-12,2.5
0,-12,10.181235936503914
0,-12,2.7535496371946877
0,-12,17.296024783802206
0,-12,2.5
0,-12,2.5
0,-12,7.511768660389476
-1,-12,5.443104307793878
-1,-12,2.5
-1,-12,2.5
-1,-12,9.060204194007591
-1,-12,14.357763889115542
-1,-12,8.789183369600787
-1,-12,14.957937393232058
-1,-12,6.78556097120181
-1,-12,7.062372937436988
-1,-12,11.823510161786364
-1,-12,6.795227741381829
-1,-12,13.446008768469458
-1,-12,10.070468534751145
-1,-12,12.200238417684607
-1,-12,9.148757577319538
-1,-12,13.10458269203605
-1,-12,4.554525704818779
-1,-12,9.023104588563356
-1,-12,6.242282829660143
-1,-12,3.0612929500451544
-1,-12,8.454536829390182
-1,-12,8.473180476519094
-1,-12,2.5
-1,-12,8.42076741780921
-1,-12,8.306023643180682
-1,-12,14.79290533089048
-1,-12,2.5
-1,-12,2.887113497853335
-1,-12,6.5876366807695845
-1,-12,3.4153754335180544
-1,-12,9.773780292270063
-1,-12,12.551121182572734
-1,-12,14.972240253021077
-1,-12,7.9270724548559715
-1,-12,8.161320228951151
-1,-12,4.277385451369276
-1,-12,2.5
-1,-12,3.811700674082198
-1,-12,6.016738379026876
-1,-12,16.597956248400546
0,-12,2.5
0,-12,11.303443679450515
0,-12,9.71892640331091
0,-12,11.460453262950216
0,-12,16.448453641264685
0,-12,9.494321913289074
0,-12,5.454836787661799
0,-12,7.5477385964744474
0,-12,4.235145443261397
0,-12,9.128731979128057
0,-12,2.5
0,-12,6.258319266519908
0,-12,12.210266696398286
0,-12,4.258544153349886
0,-12,2.5
0,-12,2.5
0,-12,7.456009763926179
0,-12,9.324375785274087
0,-12,21.36916651194752
0,-12,10.1215938888604
0,-12,2.5
0,-12,9.590147242695945
0,-12,3.425377705318153
0,-12,6.368654637869431
0,-12,5.799976641357063
0,-12,9.319144014331183
0,-12,2.5
0,-12,11.015657574849
0,-12,21.15087481749579
0,-12,11.482576858461371
0,-12,12.224916474491657
0,-12,19.56765976340255
0,-12,12.192298035420011
0,-12,12.203839249340046
0,-12,16.187586312683962
0,-12,2.5
0,-12,5.209935446304998
0,-12,7.9551537113753925
0,-12,3.8069399688426566
0,-12,10.237026302500198
0,-13,8.259003852195933
0,-13,12.995740682290457
0,-13,2.5
0,-13,7.505476352094982
0,-13,9.82282234646518
0,-13,2.5
0,-13,7.361999802502533
0,-13,24.142400773764564
0,-13,10.863853516804244
0,-13,22.49282311000983
0,-13,18.660987781295326
0,-13,2.5
0,-13,2.885822206921378
0,-13,8.899224378487528
0,-13,14.681474336528447
0,-13,15.168250041825615
0,-13,2.8445838532286265
0,-13,4.9774307512178915
0,-13,2.5
0,-13,21.869656046011542
0,-13,2.5
0,-13,8.26181298090111
0,-13,13.90359913591649
0,-13,9.03497251617985
0,-13,16.409244227631596
0,-13,11.113252925033702
0,-13,6.2757056263707724
0,-13,8.855607122388228
0,-13,12.427923337679466
0,-13,3.8695246453708143
0,-13,6.346783427845246
0,-13,8.489803335632065
0,-13,10.285316035320282
0,-13,8.092322534821943
0,-13,8.627110181386776
0,-13,8.486382558229439
0,-13,10.170848574529678
0,-13,12.801402588656009
0,-13,7.422691958191021
0,-13,10.34741294647447
1,-13,2.5
1,-13,9.426165757463993
1,-13,2.5
1,-13,6.910619332422866
1,-13,7.231104471225127
1,-13,10.8571750727174
1,-13,3.231949746252381
1,-13,5.6912651325525925
1,-13,4.24943260813274
1,-13,6.720494136287224
1,-13,9.123221643342376
1,-13,4.818232478788806
1,-13,9.321288633643546
1,-13,2.5
1,-13,2.5
1,-13,8.829121585167012
1,-13,2.5
1,-13,5.1087927808866205
1,-13,4.40719717554976
1,-13,2.5
1,-13,9.682901106225358
1,-13,11.312131481420895
1,-13,7.286520350494544
1,-13,4.9903991649392045
1,-13,4.696254477855549
1,-13,2.5
1,-13,10.581333749640283
1,-13,8.605220526937721
1,-13,14.727727438813861
1,-13,2.5
1,-13,2.5
1,-13,7.190416359107271
1,-13,10.74820413242419
1,-13,10.017860712204765
1,-13,6.415659989872035
1,-13,8.710877691055192
1,-13,5.610184464241837
1,-13,8.503191188829515
1,-13,7.3885811174343985
1,-13,2.5
2,-13,4.689213839892678
2,-13,3.2656146316350894
2,-13,3.687386381424891
2,-13,10.078289562368637
2,-13,4.0781494808959735
2,-13,21.664404156497945
2,-13,9.952303313140606
2,-13,17.918999881074917
2,-13,17.2098967631509
2,-13,13.668731561108421
2,-13,6.224336826354984
2,-13,10.222018556159586
2,-13,16.84827499529417
2,-13,13.073890165597117
2,-13,4.00706666277134
2,-13,3.4797430380410432
2,-13,2.5
2,-13,5.964543971038599
2,-13,2.5
2,-13,11.232119771955613
2,-13,13.537550859465027
2,-13,12.467508908824367
2,-13,21.76806219071691
2,-13,14.653698894361492
2,-13,6.038433023087181
2,-13,11.753138120739681
2,-13,2.5
2,-13,9.131367054861643
2,-13,16.137597487221882
2,-13,2.5
2,-13,5.44244010413719
2,-13,4.547508213072611
2,-13,9.895989457619175
2,-13,3.4011216889461098
2,-13,2.5
2,-13,10.705404406324764
2,-13,3.2691135759948313
2,-13,6.875326062991688
2,-13,4.872495021864779
2,-13,7.320914227977145
2,-14,2.5
2,-14,2.5
2,-14,6.239906326235539
2,-14,3.700837535482596
2,-14,10.326399580762367
2,-14,13.532376643234361
2,-14,2.5
2,-14,2.7455486401398654
2,-14,2.5
2,-14,2.5
2,-14,2.5
2,-14,9.66806601706656
2,-14,2.5
2,-14,4.798170038132732
2,-14,3.6757558642897927
2,-14,11.771562742648934
2,-14,3.4399667871067634
2,-14,5.214512713484531
2,-14,4.258376932564314
2,-14,4.78656155803302
2,-14,2.5
2,-14,2.5
2,-14,12.73042687296826
2,-14,4.400244024275853
2,-14,2.5
2,-14,6.974313491450499
2,-14,2.5
2,-14,4.28703291830565
2,-14,4.663359608388344
2,-14,16.73446460096718
2,-14,15.14233748095765
2,-14,10.745530750932156
2,-14,8.119522512470722
2,-14,19.445282084522006
2,-14,3.5281237594837487
2,-14,17.769144964231067
2,-14,16.65293095582425
2,-14,2.5
2,-14,10.360344215667414
2,-14,2.9512975322630064
3,-14,6.305365675115724
3,-14,2.5
3,-14,12.409165733178678
3,-14,8.24870014632087
3,-14,11.040072552159979
3,-14,6.885183228830161
3,-14,4.649921633588691
3,-14,13.744921900533987
3,-14,7.701918173710144
3,-14,5.40812042593102
3,-14,12.90753504902759
3,-14,10.620369852926961
3,-14,2.5
3,-14,7.411303863602108
3,-14,4.595945955804068
3,-14,5.639420865874899
3,-14,2.5
3,-14,8.616862589187729
3,-14,7.764067276372281
3,-14,9.934144941351846
3,-14,10.809246891197144
3,-14,2.5
3,-14,5.609489945996065
3,-14,2.5
3,-14,16.256025432381048
3,-14,6.75694978678799
3,-14,14.426242174005896
3,-14,5.93668036163441
3,-14,10.090350786800364
3,-14,10.286894897121389
3,-14,2.5
3,-14,17.847711275193262
3,-14,7.626359253716814
3,-14,9.92960962677882
3,-14,6.148512976730504
3,-14,8.816408666119873
3,-14,19.777247596243193
3,-14,12.293255264262015
3,-14,20.390664487557572
3,-14,2.5
4,-14,2.7194547150227057
4,-14,2.5
4,-14,2.5
4,-14,9.953096615473925
4,-14,3.078582295378029
4,-14,6.311250833616736
4,-14,8.374861388680834
4,-14,4.66441638588125
4,-14,7.660949000912854
4,-14,7.808392194101824
4,-14,2.5
4,-14,2.5
4,-14,10.747352413911969
4,-14,6.783069885662063
4,-14,2.5
4,-14,10.746147593427757
4,-14,5.052957532123718
4,-14,16.638309617749517
4,-14,7.530651088656198
4,-14,2.6256402559682597
4,-14,9.03924271794598
4,-14,10.736562581014075
4,-14,7.0501896951683936
4,-14,2.5
4,-14,11.962302624924416
4,-14,2.5
4,-14,2.5
4,-14,2.5
4,-14,7.988541209005178
4,-14,10.583520858798101
4,-14,2.5
4,-14,3.2053276787021123
4,-14,2.5
4,-14,4.1958264784012105
4,-14,2.9030523041291683
4,-14,9.590652423698476
4,-14,3.830543623387425
4,-14,2.5
4,-14,12.43918059868767
4,-14,3.000978212781093
5,-14,2.5
5,-14,6.601437018040876
5,-14,5.668394718558509
5,-14,29.571446356156567
5,-14,3.2241143549928686
5,-14,12.84763781814124
5,-14,8.548075768449294
5,-14,10.777616500173997
5,-14,4.737914071238104
5,-14,3.930046149759106
5,-14,2.5
5,-14,9.732424180084186
5,-14,2.5
5,-14,14.639694153144779
5,-14,2.5
5,-14,2.5
5,-14,3.1005380947391705
5,-14,6.271439763031914
5,-14,3.1315349777745087
5,-14,10.286409347497084
5,-14,9.879780878252935
5,-14,10.101800347500717
5,-14,2.5
5,-14,5.541205334941468
5,-14,7.941572385896723
5,-14,8.315185954899185
5,-14,2.5
5,-14,6.897072526972477
5,-14,2.5
5,-14,2.5
5,-14,4.724727668179417
5,-14,7.0922998961480985
5,-14,4.804547634329395
5,-14,2.5
5,-14,10.42348824741913
5,-14,11.743960092407335
5,-14,7.514667843147764
5,-14,5.197887581720901
5,-14,17.294450164578755
5,-14,2.9279666810420544
6,-14,10.182755147560512
6,-14,8.93855348900875
6,-14,5.860343133914609
6,-14,2.5
6,-14,9.700600528975748
6,-14,2.5
6,-14,8.393348849371012
6,-14,3.8298514313252037
6,-14,4.2096903683170295
6,-14,2.5
6,-14,2.5
6,-14,2.5
6,-14,4.369480924934597
6,-14,2.5
6,-14,8.967959888828357
6,-14,2.5
6,-14,2.5
6,-14,2.5
6,-14,5.296569937058215
6,-14,2.5
6,-14,2.5
6,-14,2.5
6,-14,2.5
6,-14,6.213033274732979
6,-14,5.535970852073341
6,-14,10.968980048535844
6,-14,10.429476103076954
6,-14,2.5
6,-14,6.0528457434412735
6,-14,2.5
6,-14,2.5
6,-14,21.92385269175128
6,-14,11.012439107398102
6,-14,2.5
6,-14,6.303342786328718
6,-14,11.669706597497072
6,-14,2.5
6,-14,4.168671642582352
6,-14,8.542050490381293
6,-14,9.206814621923222
6,-15,4.466204610371633
6,-15,4.756173689288444
6,-15,2.5
6,-15,18.87706119270501
6,-15,11.83359211321567
6,-15,10.447760955898849
6,-15,11.70223115871912
6,-15,2.5
6,-15,4.933209169658952
6,-15,6.638042517459326
6,-15,2.5
6,-15,7.042581761188961
6,-15,4.1863232749243275
6,-15,4.868706892606453
6,-15,2.909744350824383
6,-15,6.313711502579766
6,-15,7.208432197862999
6,-15,2.5
6,-15,9.212347658347136
6,-15,7.44248234044735
6,-15,11.668500023565128
6,-15,7.567326346290145
6,-15,11.071295622454041
6,-15,18.010793881347908
6,-15,2.5
6,-15,8.995394490157299
6,-15,4.123698658317674
6,-15,8.13258851476142
6,-15,10.15795949652991
6,-15,11.366796275435508
6,-15,7.951980952964009
6,-15,2.5
6,-15,2.5
6,-15,10.11660053235402
6,-15,2.5
6,-15,6.907368421070487
6,-15,5.63516707626072
6,-15,4.439009229860511
6,-15,7.081307704845293
6,-15,2.5
7,-15,2.5
7,-15,2.5
7,-15,2.5
7,-15,2.5
7,-15,6.948455799317461
7,-15,2.5
7,-15,4.029453363791535
7,-15,2.5
7,-15,2.5
7,-15,2.5
7,-15,2.5
7,-15,4.550097685825465
7,-15,3.145102632853467
7,-15,2.5
7,-15,7.2936648950115375
7,-15,4.830997880292968
7,-15,8.461891366976433
7,-15,5.66789584873686
7,-15,4.748542177694353
7,-15,2.5
7,-15,2.5
7,-15,3.9928293840040014
7,-15,2.5
7,-15,4.671834733362029
7,-15,10.247197603178535
7,-15,3.533183316450223
7,-15,4.822941650559922
7,-15,5.8817175985273416
7,-15,9.972734001856244
7,-15,10.467887457566837
7,-15,2.5
7,-15,5.932658353420926
7,-15,2.5
7,-15,10.273105482967756
7,-15,2.5
7,-15,2.5
7,-15,13.479744182787678
7,-15,2.5
7,-15,12.931165093631174
7,-15,2.5
7,-14,9.270205398869063
7,-14,2.973870789914462
7,-14,4.597049914434392
7,-14,2.5
7,-14,2.5
7,-14,2.5
7,-14,7.614385882042955
7,-14,10.043970131288646
7,-14,2.5
7,-14,13.199602288644863
7,-14,12.674761064234934
7,-14,7.341357038435368
7,-14,11.28228962996753
7,-14,8.69911736224963
7,-14,16.689789408656413
7,-14,10.539813200410055
7,-14,2.5
7,-14,12.009687589811932
7,-14,2.5
7,-14,2.5
7,-14,5.232873177135019
7,-14,6.094410443359816
7,-14,11.313387836244068
7,-14,2.5
7,-14,8.64006791055872
7,-14,6.1486315335604464
7,-14,2.5
7,-14,2.5
7,-14,2.5
7,-14,2.5
7,-14,7.706449746160755
7,-14,2.5
7,-14,3.8938762277720453
7,-14,5.707620413903525
7,-14,2.5
7,-14,5.680734799341635
7,-14,2.5
7,-14,8.926756113341026
7,-14,2.5
7,-14,2.5
6,-14,5.063484539406419
6,-14,2.683515049660204
6,-14,8.005594346337901
6,-14,2.5
6,-14,14.324385164198542
6,-14,16.468281970193082
6,-14,17.69391381658625
6,-14,2.5
6,-14,9.757594177042161
6,-14,2.5
6,-14,2.5
6,-14,4.831856376055908
6,-14,5.809620027036742
6,-14,11.567537429777023
6,-14,2.5
6,-14,4.230708255824832
6,-14,8.887574824107144
6,-14,3.5077080117238038
6,-14,9.87787785426076
6,-14,2.5
6,-14,4.637148033465696
6,-14,2.5
6,-14,6.448059452358705
6,-14,2.5
6,-14,6.9797245538362365
6,-14,6.076583643902472
6,-14,2.5
6,-14,7.197452831353756
6,-14,13.090019789474841
6,-14,9.027260538531083
6,-14,8.099260092993578
6,-14,2.5
6,-14,8.404155673926855
6,-14,7.753975325269397
6,-14,2.5
6,-14,2.5
6,-14,7.448123579672979
6,-14,2.5
6,-14,2.5
6,-14,10.52226384584636
7,-14,4.740492169282069
7,-14,10.70559020702116
7,-14,5.748706708283498
7,-14,4.554503104237775
7,-14,2.5
7,-14,4.8526396187033205
7,-14,10.073890439100012
7,-14,2.5
7,-14,5.740157464437144
7,-14,9.9208713653425
7,-14,5.895559023341606
7,-14,4.472498105519176
7,-14,16.700944689758522
7,-14,2.5
7,-14,7.501053194141114
7,-14,2.5
7,-14,2.5
7,-14,2.5
7,-14,11.831823552617143
7,-14,2.5
7,-14,5.884481975787742
7,-14,3.594071010918413
7,-14,4.088806159828135
7,-14,3.7286551191706585
7,-14,8.65235702080614
7,-14,12.149613313085913
7,-14,3.218946562612769
7,-14,4.700924318929111
7,-14,2.5
7,-14,9.31815744466927
7,-14,2.5
7,-14,2.5
7,-14,7.1148591370543715
7,-14,6.797415125109305
7,-14,4.910205075285665
7,-14,4.239947239448866
7,-14,3.323542324162309
7,-14,13.371644487398807
7,-14,2.5
7,-14,2.9378270486906075
8,-14,4.756625085283551
8,-14,2.5
8,-14,3.6708517202536064
8,-14,2.5
8,-14,6.545080215566168
8,-14,9.77386337926934
8,-14,2.598922788757801
8,-14,7.499725830421909
8,-14,6.403645047067739
8,-14,8.423610174261134
8,-14,2.5
8,-14,12.655153673287943
8,-14,2.5
8,-14,8.75682188395269
8,-14,2.5
8,-14,2.5
8,-14,6.027356556330725
8,-14,9.568535001385415
8,-14,5.068086562168455
8,-14,2.5
8,-14,10.719335614982196
8,-14,5.767816446458135
8,-14,2.5
8,-14,6.509622501711121
8,-14,3.8479334233713085
8,-14,7.529997265754208
8,-14,2.5
8,-14,2.5
8,-14,2.5
8,-14,8.119982522736137
8,-14,2.5
8,-14,2.5
8,-14,12.633169123987678
8,-14,5.35396276550503
8,-14,2.5
8,-14,2.5
8,-14,5.530042930710877
8,-14,11.480314480467452
8,-14,2.5
8,-14,8.457507545590238
9,-14,2.5
9,-14,3.646291515738631
9,-14,3.7033146924287434
9,-14,2.5
9,-14,8.901192340151255
9,-14,5.718903241707597
9,-14,5.92232296019395
9,-14,2.5
9,-14,4.044847401042889
9,-14,2.5
9,-14,2.5
9,-14,4.833360726858447
9,-14,2.5
9,-14,13.1569613560542
9,-14,18.360506273903557
9,-14,11.278114652739687
9,-14,10.384372036839306
9,-14,11.546892885865446
9,-14,11.020138449677454
9,-14,2.5
9,-14,6.272228507461977
9,-14,2.5
9,-14,2.5
9,-14,2.5
9,-14,5.9709969986704
9,-14,2.5
9,-14,8.50650607981365
9,-14,3.709350966074661
9,-14,8.931643678017494
9,-14,2.5
9,-14,3.8980651951906538
9,-14,2.7550751964363975
9,-14,8.034891884101741
9,-14,6.855621954341317
9,-14,2.5
9,-14,2.5
9,-14,9.24902788002112
9,-14,2.5
9,-14,2.5
9,-14,7.374381592774302
10,-14,2.5
10,-14,6.964191482146024
10,-14,2.5
10,-14,7.732146507705574
10,-14,3.0170740765707267
10,-14,2.5
10,-14,5.392606885856207
10,-14,2.5
10,-14,3.494861131466198
10,-14,4.389937778459329
10,-14,2.5
10,-14,2.5
10,-14,13.58888587408107
10,-14,6.107033912075848
10,-14,7.989489403524584
10,-14,4.789958001606272
10,-14,2.5
10,-14,7.51294251247186
10,-14,12.413751091876374
10,-14,2.5
10,-14,2.5
10,-14,11.589851499605253
10,-14,16.67541427998536
10,-14,2.8807266612185334
10,-14,6.957228325361267
10,-14,9.371691735522603
10,-14,2.5
10,-14,3.837404857643905
10,-14,2.5
10,-14,3.832062214413917
10,-14,4.723582205927994
10,-14,2.5
10,-14,3.6964327651722817
10,-14,2.5
10,-14,3.5633172465655827
10,-14,2.5
10,-14,9.17071368650527
10,-14,9.079456550157149
10,-14,4.963638949115863
10,-14,2.5
11,-14,3.0952570414829657
11,-14,3.5724896117849165
11,-14,10.2320151920051
11,-14,7.0890363559781004
11,-14,2.5
11,-14,2.5101194174217767
11,-14,6.539924304858918
11,-14,2.5
11,-14,15.800580625108402
11,-14,2.5
11,-14,4.859625416623903
11,-14,2.6514152241742
11,-14,3.9223166814418713
11,-14,2.5
11,-14,2.5
11,-14,3.545629883516657
11,-14,5.792971960180018
11,-14,13.166595653901412
11,-14,7.736930178787315
11,-14,3.3210096314143067
11,-14,2.5
11,-14,11.505689314461456
11,-14,5.915089617251944
11,-14,16.782718495539953
11,-14,2.5
11,-14,2.5
11,-14,2.5
11,-14,8.348258449329357
11,-14,5.460109646492132
11,-14,5.622634454060791
11,-14,2.5
11,-14,2.5
11,-14,2.5
11,-14,2.5
11,-14,2.5
11,-14,2.5
11,-14,2.5
11,-14,2.5
11,-14,2.5
11,-14,15.628999862124695
12,-14,2.5
12,-14,2.7668966237520953
12,-14,12.786086669202154
12,-14,14.807230600451875
12,-14,2.5
12,-14,6.539103868638473
12,-14,11.518269917875815
12,-14,6.242951353973046
12,-14,15.304508951043514
12,-14,2.5
12,-14,11.010562800280791
12,-14,6.164631367505146
12,-14,2.5
12,-14,2.5
12,-14,2.5
12,-14,2.5
12,-14,5.980106430628814
12,-14,5.498678806130657
12,-14,2.5
12,-14,7.438654678303079
12,-14,12.328677223038525
12,-14,4.255587239941937
12,-14,7.1540069139801705
12,-14,10.521458186329234
12,-14,5.51283667164728
12,-14,4.682944519503994
12,-14,9.355620879975948
12,-14,10.482155430858082
12,-14,2.5
12,-14,13.206056157002195
12,-14,3.2361413234331877
12,-14,3.985202579033952
12,-14,7.49156056779586
12,-14,9.615341583029796
12,-14,2.5
12,-14,6.649737620403841
12,-14,9.323437690873652
12,-14,2.5
12,-14,2.5
12,-14,3.185721785154401
13,-14,2.5
13,-14,5.701829165972555
13,-14,2.5
13,-14,9.6571012066058
13,-14,2.5
13,-14,4.30685589813884
13,-14,2.5
13,-14,9.435894378238107
13,-14,2.5
13,-14,3.688258979954813
13,-14,11.050374031500592
13,-14,2.5
13,-14,4.43599337246771
13,-14,2.5
13,-14,2.5
13,-14,7.390121721214727
13,-14,2.5
13,-14,2.5
13,-14,4.982329210106299
13,-14,2.5
13,-14,2.5
13,-14,2.5
13,-14,2.5
13,-14,8.150174801315195
13,-14,2.5
13,-14,23.87939802188375
13,-14,2.5
13,-14,2.5
13,-14,2.5
13,-14,27.103870051472075
13,-14,2.5
13,-14,2.5
13,-14,4.490990863945488
13,-14,6.4633799824694504
13,-14,2.5
13,-14,4.940798146048741
13,-14,4.215361857022666
13,-14,2.5
13,-14,2.5443626235231527
13,-14,2.5
14,-14,3.1516263829534896
14,-14,7.572545941022462
14,-14,2.5
14,-14,2.5
14,-14,7.711397940970344
14,-14,2.5
14,-14,5.988624432141512
14,-14,2.5
14,-14,2.5
14,-14,2.5
14,-14,2.5
14,-14,2.5
14,-14,2.5
14,-14,4.489068709371353
14,-14,2.5
14,-14,4.793672048439369
14,-14,2.5
14,-14,13.055282376829224
14,-14,3.178618349199161
14,-14,2.5
14,-14,5.644898075035854
14,-14,12.158332240525395
14,-14,7.185013199062947
14,-14,2.5
14,-14,2.5
14,-14,2.5
14,-14,8.204240597400194
14,-14,2.5
14,-14,12.855400463333883
14,-14,2.5
14,-14,2.5
14,-14,11.287488251727906
14,-14,2.5
14,-14,10.995102990115287
14,-14,2.5
14,-14,2.5
14,-14,2.5
14,-14,2.5
14,-14,2.5
14,-14,3.723916747972937
14,-15,4.814561474117994
14,-15,2.5
14,-15,2.5
14,-15,11.94170345760955
14,-15,13.020895030067226
14,-15,3.092222761685391
14,-15,2.5
14,-15,2.5
14,-15,11.869985166573713
14,-15,13.76083894916413
14,-15,3.8143920530836244
14,-15,3.6899577570735014
14,-15,2.5
14,-15,2.5
14,-15,9.349388219653557
14,-15,3.9835776111488976
14,-15,3.211086301852247
14,-15,2.5
14,-15,2.5
14,-15,6.515790700050837
14,-15,5.37067914727202
14,-15,2.5
14,-15,16.013172131870597
14,-15,2.712001868137721
14,-15,5.708027113729875
14,-15,12.434580440460266
14,-15,2.5
14,-15,2.5
14,-15,2.5
14,-15,2.5
14,-15,2.5
14,-15,7.932637891044292
14,-15,7.114031369190739
14,-15,2.5
14,-15,2.5
14,-15,6.336074101568326
14,-15,2.5
14,-15,2.5
14,-15,2.5
14,-15,13.897118073432013
15,-15,2.5
15,-15,2.5
15,-15,14.54464288158273
15,-15,2.5
15,-15,7.527367785844994
15,-15,2.5
15,-15,2.5
15,-15,2.5
15,-15,2.5
15,-15,3.7639112140653808
15,-15,10.609121729417009
15,-15,2.5
15,-15,2.5
15,-15,2.5
15,-15,2.5
15,-15,2.5
15,-15,6.8350714563888335
15,-15,10.381495176678962
15,-15,9.276842816112822
15,-15,2.5
15,-15,2.5
15,-15,2.5
15,-15,2.5
15,-15,2.5
15,-15,4.404926774690655
15,-15,10.964686603890028
15,-15,2.5
15,-15,2.5
15,-15,4.140293267607381
15,-15,2.5
15,-15,2.5
15,-15,2.5
15,-15,2.5
15,-15,2.5
15,-15,2.5
15,-15,2.5
15,-15,2.5
15,-15,11.752388469054148
15,-15,2.5
15,-15,2.5
14,-15,5.544972904578538
14,-15,2.5
14,-15,2.5
14,-15,5.73712355660143
14,-15,7.7771940520959975
14,-15,2.5
14,-15,4.714340928410646
14,-15,2.5
14,-15,6.789414426056647
14,-15,8.248621441675667
14,-15,2.5
14,-15,2.5
14,-15,3.2609237421935173
14,-15,14.996726713143804
14,-15,2.5
14,-15,2.5
14,-15,2.5
14,-15,2.9169601189128844
14,-15,2.5
14,-15,2.6753301679771635
14,-15,4.1204479991714305
14,-15,4.525100382854642
14,-15,2.5
14,-15,11.015665807395518
14,-15,2.5
14,-15,2.5
14,-15,7.351100774038568
14,-15,2.5
14,-15,7.662689280622087
14,-15,2.5
14,-15,8.009656124503834
14,-15,3.922422451922162
14,-15,3.9808972972305745
14,-15,2.5
14,-15,2.5559917683569857
14,-15,4.4463952408429215
14,-15,6.03740353786008
14,-15,2.5
14,-15,9.853220821753002
14,-15,2.5
14,-16,5.489528549508924
14,-16,2.5
14,-16,2.5
14,-16,2.5
14,-16,2.5
14,-16,3.0612848288284216
14,-16,2.5702171743275253
14,-16,5.019274600677303
14,-16,2.5
14,-16,2.5
14,-16,2.5
14,-16,2.5
14,-16,2.5
14,-16,7.033392180013027
14,-16,2.5
14,-16,4.970327692447319
14,-16,7.636905957213828
14,-16,2.5
14,-16,3.127377417532583
14,-16,2.5
14,-16,7.015666581810395
14,-16,3.92870801390805
14,-16,3.3060878827902234
14,-16,5.556015355691912
14,-16,2.5
14,-16,2.5
14,-16,2.5
14,-16,2.5
14,-16,2.5
14,-16,2.5
14,-16,3.119260162983156
14,-16,3.0119498361785952
14,-16,7.9949523256263415
14,-16,14.906373224630535
14,-16,2.5
14,-16,2.5
14,-16,3.889040420865264
14,-16,5.829340773270425
14,-16,5.203978647269247
14,-16,9.745382990034354
14,-17,8.483631122753753
14,-17,2.5
14,-17,4.700955569955541
14,-17,3.2450915386392922
14,-17,2.5
14,-17,2.999691983504397
14,-17,2.5
14,-17,2.5
14,-17,13.286549397670175
14,-17,2.5
14,-17,2.5
14,-17,7.760264832278978
14,-17,2.5
14,-17,2.5
14,-17,2.5
14,-17,2.5708645368943457
14,-17,2.5
14,-17,9.11362140128606
14,-17,8.797079066823956
14,-17,2.5
14,-17,2.5
14,-17,2.5
14,-17,2.5
14,-17,2.5
14,-17,2.5
14,-17,2.5
14,-17,2.5
14,-17,2.5
14,-17,2.5
14,-17,4.592048211321925
14,-17,2.5
14,-17,2.5
14,-17,2.5
14,-17,2.5
14,-17,2.5
14,-17,4.313416354424523
14,-17,2.962853742022141
14,-17,8.476218432396024
14,-17,5.8047991107823425
14,-17,5.745180943203419
14,-16,2.5
14,-16,12.45611359055012
14,-16,2.5
14,-16,2.5
14,-16,2.5
14,-16,7.910395148331816
14,-16,4.682399655312578
14,-16,9.332106692962354
14,-16,2.5
14,-16,2.5
14,-16,4.518744461855859
14,-16,2.5
14,-16,3.5659062827627794
14,-16,4.174791829468363
14,-16,2.5
14,-16,3.653201008860085
14,-16,2.5
14,-16,2.5
14,-16,2.5
14,-16,2.8650992295202746
14,-16,5.9630009327591065
14,-16,2.5
14,-16,2.5
14,-16,4.478040709551534
14,-16,2.827921356671605
14,-16,18.081819085120372
14,-16,2.5
14,-16,2.5
14,-16,2.5
14,-16,17.958136417334003
14,-16,2.5
14,-16,11.249400545664704
14,-16,5.433577829146532
14,-16,2.5
14,-16,2.5
14,-16,2.5
14,-16,2.5
14,-16,8.647216415327282
14,-16,2.5
14,-16,2.5
15,-16,2.5
15,-16,7.344652798078624
15,-16,2.5
15,-16,2.5
15,-16,2.5
15,-16,2.5
15,-16,10.416372685270524
15,-16,7.552990827098353
15,-16,7.986324486676956
15,-16,2.5
15,-16,2.5
15,-16,2.5
15,-16,2.5
15,-16,2.5
15,-16,2.5
15,-16,4.829085059338443
15,-16,8.66350653330796
15,-16,2.5
15,-16,2.5
15,-16,8.495914995080565
15,-16,2.5
15,-16,10.111319178117684
15,-16,2.5
15,-16,10.66391801127275
15,-16,2.5
15,-16,2.5
15,-16,2.5
15,-16,5.0344023480337965
15,-16,2.5
15,-16,2.5
15,-16,2.5
15,-16,12.567110191421
15,-16,8.506250585904366
15,-16,2.5
15,-16,2.5
15,-16,2.5
15,-16,6.165290107950288
15,-16,2.5
15,-16,2.5
15,-16,2.5
16,-16,3.7584842727654
16,-16,2.5
16,-16,6.038091667225351
16,-16,2.5903802531498514
16,-16,2.5
16,-16,11.662181365611772
16,-16,2.5
16,-16,6.349923820324459
16,-16,2.5
16,-16,2.5
16,-16,2.5
16,-16,2.5
16,-16,2.5
16,-16,5.56500494082366
16,-16,2.5
16,-16,2.5
16,-16,2.5
16,-16,2.5
16,-16,2.5
16,-16,6.159981269237184
16,-16,2.5
16,-16,7.811234361307809
16,-16,2.5
16,-16,9.314097760724664
16,-16,2.5
16,-16,2.5
16,-16,2.5
16,-16,4.027244863466219
16,-16,4.20472296001105
16,-16,3.8720334901560616
16,-16,2.5
16,-16,4.401014427046416
16,-16,2.5
16,-16,7.7624468711407095
16,-16,2.5
16,-16,11.57165569075994
16,-16,14.952563049480908
16,-16,2.5
16,-16,4.13349029629506
16,-16,5.993075986370236
16,-17,2.5
16,-17,10.85499658305201
16,-17,5.108333151121986
16,-17,2.5
16,-17,2.5
16,-17,2.5
16,-17,2.5
16,-17,2.5
16,-17,2.5
16,-17,2.5
16,-17,2.5
16,-17,2.5
16,-17,5.893349405832479
16,-17,2.5
16,-17,2.5
16,-17,2.5
16,-17,2.5
16,-17,6.6613578797693265
16,-17,2.5
16,-17,2.5
16,-17,2.5
16,-17,2.5
16,-17,4.725852071530245
16,-17,2.5
16,-17,8.294965130996081
16,-17,6.0553219516458725
16,-17,2.5
16,-17,3.8903925949314635
16,-17,2.5
16,-17,2.5
16,-17,2.5
16,-17,2.5
16,-17,6.943025173169943
16,-17,2.5
16,-17,2.5
16,-17,6.497403480044535
16,-17,2.5
16,-17,2.5
16,-17,2.5
16,-17,2.5
16,-18,10.068873503374592
16,-18,2.5
16,-18,2.5
16,-18,8.600360071027414
16,-18,5.244527453225263
16,-18,2.5
16,-18,2.5
16,-18,2.898976798249651
16,-18,2.5
16,-18,2.5
16,-18,2.5
16,-18,2.5
16,-18,2.5
16,-18,2.5
16,-18,5.361717728895933
16,-18,2.5
16,-18,6.050704855220478
16,-18,2.5
16,-18,2.5
16,-18,2.5
16,-18,2.5
16,-18,2.5
16,-18,3.977339570826005
16,-18,2.5
16,-18,2.5
16,-18,2.5
16,-18,7.415349289382586
16,-18,2.5
16,-18,2.5
16,-18,2.5
16,-18,2.5
16,-18,2.75873011744624
16,-18,2.5
16,-18,2.5
16,-18,2.5
16,-18,2.5
16,-18,2.5
16,-18,2.5
16,-18,2.5
16,-18,6.697359385988804
16,-19,2.5
16,-19,2.5
16,-19,2.5
16,-19,2.5
16,-19,7.391348629938923
16,-19,2.5
16,-19,2.5
16,-19,5.146067475293741
16,-19,2.5
16,-19,2.5
16,-19,5.281276456115557
16,-19,2.5
16,-19,2.5
16,-19,2.5
16,-19,2.5
16,-19,5.536564290634849
16,-19,2.5
16,-19,6.797124649018713
16,-19,2.5
16,-19,2.5
16,-19,2.5
16,-19,5.42063773535991
16,-19,2.5
16,-19,2.5
16,-19,2.5
16,-19,2.5
16,-19,2.5
16,-19,2.5
16,-19,5.364929436651101
16,-19,2.5
16,-19,2.5
16,-19,9.973122547157187
16,-19,6.448084707292732
16,-19,2.5
16,-19,2.5
16,-19,8.099394101087935
16,-19,2.5
16,-19,2.5
16,-19,3.5798605255937925
16,-19,4.476925909204309
16,-20,2.5
16,-20,5.796619602065356
16,-20,2.5
16,-20,2.5
16,-20,2.5
16,-20,2.5
16,-20,2.5
16,-20,2.5
16,-20,2.5
16,-20,2.5
16,-20,9.148906295302245
16,-20,2.5
16,-20,11.907167440619284
16,-20,3.0061457213835316
16,-20,2.5
16,-20,2.5
16,-20,2.5
16,-20,2.5
16,-20,2.5
16,-20,2.5
16,-20,2.5
16,-20,3.020664538127022
16,-20,2.5
16,-20,2.5
16,-20,2.5
16,-20,2.5
16,-20,2.5
16,-20,5.238295506712865
16,-20,2.5
16,-20,2.5
16,-20,2.5
16,-20,2.5
16,-20,2.5
16,-20,2.5
16,-20,2.5
16,-20,3.8688646098553514
16,-20,2.5
16,-20,4.768458400940462
16,-20,2.5
16,-20,7.675106746582227
17,-20,11.605067558698348
17,-20,2.5
17,-20,2.5
17,-20,2.5
17,-20,3.7958655151499636
17,-20,2.7479325735883586
17,-20,2.5
17,-20,2.5
17,-20,2.5
17,-20,2.5
17,-20,2.5
17,-20,2.5
17,-20,2.5
17,-20,2.5
17,-20,2.5
17,-20,2.5
17,-20,2.5
17,-20,2.5
17,-20,2.5
17,-20,2.5
17,-20,2.5
17,-20,2.5
17,-20,2.5
17,-20,2.5
17,-20,2.5
17,-20,5.208894553284629
17,-20,2.5
17,-20,2.5
17,-20,2.5
17,-20,2.5
17,-20,2.5
17,-20,2.5
17,-20,2.5
17,-20,2.5
17,-20,2.5
17,-20,2.5
17,-20,2.5
17,-20,2.5
17,-20,2.5
17,-20,2.5
18,-20,2.5
18,-20,2.5
18,-20,2.5
18,-20,2.5
18,-20,2.5
18,-20,2.5
18,-20,2.5
18,-20,2.5
18,-20,5.3525302361444655
18,-20,2.5
18,-20,2.5
18,-20,2.5
18,-20,2.5
18,-20,2.5
18,-20,2.5
18,-20,2.5
18,-20,2.5
18,-20,2.5
18,-20,2.5
18,-20,2.5
18,-20,2.5
18,-20,2.5
18,-20,2.5
18,-20,2.5
18,-20,2.5
18,-20,2.5
18,-20,2.5
18,-20,2.5
18,-20,2.5
18,-20,2.5
18,-20,2.5
18,-20,8.450191444587652
18,-20,2.5
18,-20,2.5
18,-20,2.5
18,-20,5.3048535947229665
18,-20,2.5
18,-20,2.5
18,-20,2.5
18,-20,2.5
19,-20,2.7609381431577393
19,-20,2.5
19,-20,2.5
19,-20,2.5
19,-20,2.5
19,-20,2.5
19,-20,2.5
19,-20,2.5
19,-20,2.5
19,-20,2.5
19,-20,2.5
19,-20,2.5
19,-20,2.5
19,-20,2.5
19,-20,2.5
19,-20,2.6296305216925626
19,-20,2.5
19,-20,2.5
19,-20,2.5
19,-20,3.1651649341539727
19,-20,2.5
19,-20,2.5
19,-20,2.5
19,-20,2.5
19,-20,2.5
19,-20,2.5
19,-20,2.5
19,-20,3.8155758633998396
19,-20,2.976281766642389
19,-20,2.5
19,-20,7.166608984129676
19,-20,2.5
19,-20,2.5
19,-20,2.5
19,-20,2.5
19,-20,2.5
19,-20,2.5
19,-20,7.3529374272073
19,-20,2.5
19,-20,2.5
20,-20,2.5
20,-20,2.5
20,-20,2.5
20,-20,6.322221135144261
20,-20,2.5
20,-20,2.5
20,-20,2.5
20,-20,6.3630288152263805
20,-20,2.5
20,-20,2.5
20,-20,2.5
20,-20,2.5
20,-20,2.5
20,-20,2.5
20,-20,2.5
20,-20,2.5
20,-20,2.5
20,-20,3.713154785044132
20,-20,2.5
20,-20,2.5
20,-20,2.5
20,-20,2.5
20,-20,2.5
20,-20,2.5
20,-20,2.5
20,-20,2.5
20,-20,2.5
20,-20,3.391587472525929
20,-20,2.5
20,-20,2.5
20,-20,2.5
20,-20,2.5
20,-20,2.5
20,-20,2.5
20,-20,2.5
20,-20,2.5
20,-20,2.5
20,-20,2.5
20,-20,2.5
20,-20,2.5
20,-19,2.5
20,-19,2.5
20,-19,2.5
20,-19,2.5
20,-19,2.5
20,-19,2.5
20,-19,2.5
20,-19,2.5
20,-19,2.5
20,-19,9.2683533547039
20,-19,2.5
20,-19,2.5
20,-19,2.5
20,-19,2.5
20,-19,2.5
20,-19,9.956466439209795
20,-19,2.5
20,-19,2.5
20,-19,4.025685478004711
20,-19,2.5
20,-19,2.5
20,-19,2.5
20,-19,2.5
20,-19,2.5
20,-19,2.5
20,-19,2.5
20,-19,2.5
20,-19,2.5
20,-19,2.5
20,-19,2.5
20,-19,2.5
20,-19,2.5
20,-19,2.5
20,-19,4.574261209714084
20,-19,2.5
20,-19,2.5
20,-19,2.5
20,-19,2.5
20,-19,2.5
20,-19,2.5
20,-18,2.5
20,-18,2.5
20,-18,2.5
20,-18,10.00554373896249
20,-18,2.5
20,-18,2.5
20,-18,2.5
20,-18,2.5
20,-18,2.5
20,-18,2.5
20,-18,2.5
20,-18,7.414442627085673
20,-18,2.5
20,-18,2.5
20,-18,2.5
20,-18,2.5
20,-18,2.5
20,-18,2.5
20,-18,2.5
20,-18,2.5
20,-18,5.8875992207181
20,-18,2.5
20,-18,2.5
20,-18,2.5
20,-18,2.5
20,-18,2.935818727834447
20,-18,2.5
20,-18,2.5
20,-18,2.5
20,-18,2.5
20,-18,2.5
20,-18,2.5
20,-18,7.274206833903712
20,-18,2.5
20,-18,2.5
20,-18,2.5
20,-18,2.5
20,-18,2.5
20,-18,2.5
20,-18,2.5
20,-17,2.5
20,-17,5.5313926720943405
20,-17,7.648094622599965
20,-17,2.5
20,-17,2.5
20,-17,2.5
20,-17,2.5
20,-17,2.5
20,-17,2.5
20,-17,2.5
20,-17,2.5
20,-17,2.5
20,-17,2.5
20,-17,2.5
20,-17,13.861599488542904
20,-17,2.5
20,-17,2.5
20,-17,2.5
20,-17,2.5
20,-17,2.5
20,-17,2.5
20,-17,2.5
20,-17,2.5
20,-17,2.5
20,-17,2.5
20,-17,4.789040225772585
20,-17,2.5
20,-17,2.5
20,-17,2.5
20,-17,2.5
20,-17,2.5
20,-17,2.5
20,-17,2.5
20,-17,2.5
20,-17,2.5
20,-17,2.5
20,-17,2.5
20,-17,2.5
20,-17,2.5
20,-17,7.555469294580451
20,-16,2.5
20,-16,2.5
20,-16,3.15010448186285
20,-16,2.5
20,-16,2.5
20,-16,2.5
20,-16,2.5
20,-16,2.5
20,-16,2.5
20,-16,7.4729087893335215
20,-16,2.5
20,-16,2.5
20,-16,2.5
20,-16,2.5
20,-16,2.5
20,-16,2.5
20,-16,2.5
20,-16,2.5
20,-16,2.5
20,-16,2.5
20,-16,2.5
20,-16,2.5
20,-16,2.5
20,-16,3.6340523673127816
20,-16,7.418541611330086
20,-16,2.5
20,-16,2.5
20,-16,2.5
20,-16,2.5
20,-16,2.5
20,-16,5.648324927628734
20,-16,2.5
20,-16,7.892803154464543
20,-16,2.5
20,-16,3.5329603646941363
20,-16,8.803135791060633
20,-16,2.5
20,-16,2.5
20,-16,2.5
20,-16,2.5
20,-17,2.5
20,-17,2.5
20,-17,2.5
20,-17,2.5
20,-17,2.5
20,-17,2.5
20,-17,2.5
20,-17,2.5
20,-17,2.5
20,-17,2.5
20,-17,2.5
20,-17,2.5
20,-17,2.5
20,-17,2.5
20,-17,2.5
20,-17,2.5
20,-17,2.982836196380373
20,-17,2.5
20,-17,2.5
20,-17,5.891387756709952
20,-17,2.5
20,-17,2.5
20,-17,2.5
20,-17,2.5
20,-17,2.5
20,-17,2.5
20,-17,2.5
20,-17,2.5
20,-17,2.5
20,-17,2.5
20,-17,6.603479855368715
20,-17,2.5
20,-17,2.5
20,-17,2.5
20,-17,6.108157783578325
20,-17,2.5
20,-17,2.5
20,-17,2.5
20,-17,2.5
20,-17,2.5
20,-18,2.5
20,-18,2.5
20,-18,2.5
20,-18,2.5
20,-18,2.5
20,-18,2.5
20,-18,2.5
20,-18,2.5
20,-18,2.5
20,-18,2.5
20,-18,2.5
20,-18,2.5
20,-18,5.31952515507124
20,-18,2.5
20,-18,2.5
20,-18,4.092387398223998
20,-18,2.5
20,-18,2.5
20,-18,2.5
20,-18,2.5
20,-18,2.5
20,-18,3.9522928455596267
20,-18,2.5
20,-18,2.5
20,-18,2.5
20,-18,2.5
20,-18,2.5
20,-18,2.5
20,-18,2.5
20,-18,2.5
20,-18,2.5
20,-18,2.5
20,-18,2.5
20,-18,2.5
20,-18,2.5
20,-18,2.5
20,-18,2.5
20,-18,2.5
20,-18,2.5
20,-18,2.5
20,-17,4.1526758590074175
20,-17,2.5
20,-17,2.5
20,-17,2.5
20,-17,2.5
20,-17,2.5
20,-17,2.5
20,-17,2.5
20,-17,2.5
20,-17,2.5
20,-17,2.5
20,-17,2.5
20,-17,2.5
20,-17,2.5
20,-17,2.5
20,-17,2.5
20,-17,2.5
20,-17,2.5
20,-17,2.5
20,-17,2.5
20,-17,2.5
20,-17,4.781112858215588
20,-17,2.5
20,-17,2.5
20,-17,2.5
20,-17,7.576818332926605
20,-17,2.5
20,-17,2.5
20,-17,2.5
20,-17,8.8782872909861
20,-17,2.5
20,-17,3.438603903244239
20,-17,2.5
20,-17,2.5
20,-17,3.610116412320245
20,-17,2.5
20,-17,2.5
20,-17,2.5
20,-17,2.5
20,-17,2.5
20,-16,2.5
20,-16,2.5
20,-16,2.5
20,-16,2.5
20,-16,7.704238354206742
20,-16,2.5
20,-16,2.5
20,-16,2.5
20,-16,2.5
20,-16,7.24043061115627
20,-16,2.5
20,-16,2.7258333019317087
20,-16,2.5
20,-16,2.5
20,-16,2.5
20,-16,2.5
20,-16,2.5
20,-16,2.5
20,-16,10.541509442076455
20,-16,2.5
20,-16,2.5
20,-16,2.5
20,-16,2.5
20,-16,2.5
20,-16,2.5
20,-16,2.5
20,-16,2.5
20,-16,2.5
20,-16,11.068952584877174
20,-16,2.5
20,-16,2.5
20,-16,2.5
20,-16,5.718170675294191
20,-16,2.610244041232956
20,-16,2.5
20,-16,2.5
20,-16,5.249656159506613
20,-16,2.5
20,-16,2.5
20,-16,2.5
20,-15,2.5
20,-15,2.5
20,-15,2.5
20,-15,2.5
20,-15,2.5
20,-15,2.5
20,-15,5.786584266437611
20,-15,3.950158242033422
20,-15,2.5
20,-15,10.885403324574813
20,-15,8.0223844056102
20,-15,2.5
20,-15,2.5
20,-15,2.5
20,-15,2.5
20,-15,2.5
20,-15,2.5
20,-15,2.5
20,-15,4.609051569866063
20,-15,2.757475911944911
20,-15,2.5
20,-15,2.5
20,-15,2.5
20,-15,2.5
20,-15,2.5
20,-15,2.5
20,-15,14.139314134165623
20,-15,2.5
20,-15,2.5
20,-15,2.5
20,-15,2.5
20,-15,2.5
20,-15,2.5
20,-15,2.5
20,-15,2.5
20,-15,2.5
20,-15,4.52350744292468
20,-15,2.789250449272923
20,-15,2.661314619545924
20,-15,4.84263169419456
20,-14,3.5334934231967736
20,-14,2.5
20,-14,2.5
20,-14,2.5
20,-14,2.5
20,-14,6.523594317225547
20,-14,2.5
20,-14,4.278250143423387
20,-14,4.797960099389725
20,-14,2.5
20,-14,2.5
20,-14,2.5
20,-14,9.057927455775953
20,-14,2.5
20,-14,2.5
20,-14,2.5
20,-14,2.5
20,-14,2.5
20,-14,2.5
20,-14,2.5
20,-14,2.5
20,-14,2.5
20,-14,2.5
20,-14,2.5
20,-14,2.5
20,-14,2.5
20,-14,2.5
20,-14,5.538352071090952
20,-14,6.273933795383442
20,-14,5.504599248429012
20,-14,2.5
20,-14,2.5
20,-14,2.5
20,-14,2.5
20,-14,2.5
20,-14,2.5
20,-14,9.733662621150398
20,-14,2.5
20,-14,2.5
20,-14,3.313994910838154
20,-13,2.5
20,-13,2.5
20,-13,2.5
20,-13,2.5
20,-13,4.379834638059708
20,-13,4.412861188411403
20,-13,2.5
20,-13,4.7421043027642185
20,-13,9.604941636758568
20,-13,9.138010616315913
20,-13,3.6157826176536556
20,-13,8.286891858227557
20,-13,2.5
20,-13,2.5
20,-13,2.5
20,-13,2.5
20,-13,9.45408724810923
20,-13,2.5
20,-13,2.5
20,-13,2.5
20,-13,2.5
20,-13,2.5
20,-13,9.125828517687546
20,-13,2.5
20,-13,4.113202931541935
20,-13,2.5
20,-13,2.5
20,-13,8.000497792632654
20,-13,2.5
20,-13,2.5
20,-13,3.0705181766111234
20,-13,7.842520669148744
20,-13,2.5
20,-13,2.5
20,-13,14.620682783793228
20,-13,2.5
20,-13,15.187082004127562
20,-13,2.5
20,-13,8.60218460031263
20,-13,2.5
20,-12,2.5
20,-12,2.5
20,-12,2.5
20,-12,2.5
20,-12,2.9191850383249767
20,-12,8.21818557884828
20,-12,2.5
20,-12,2.5
20,-12,3.366227478090363
20,-12,7.480048657468158
20,-12,2.5
20,-12,5.440840548285442
20,-12,2.5
20,-12,2.5
20,-12,2.5
20,-12,2.5
20,-12,4.280988543855057
20,-12,2.5
20,-12,2.5
20,-12,8.675084122365284
20,-12,2.5
20,-12,2.5
20,-12,3.085028573402034
20,-12,2.5
20,-12,7.281853448694336
20,-12,5.8557969738752105
20,-12,2.988991206001863
20,-12,2.5
20,-12,2.5
20,-12,2.5
20,-12,2.5
20,-12,2.5
20,-12,2.5
20,-12,2.5
20,-12,3.5386384506412103
20,-12,2.5
20,-12,2.5
20,-12,2.733408065035718
20,-12,2.5
20,-12,2.5
20,-11,2.5
20,-11,2.5
20,-11,2.5
20,-11,2.5
20,-11,2.5
20,-11,2.5
20,-11,2.5
20,-11,2.5
20,-11,2.5
20,-11,2.5
20,-11,11.424077999037308
20,-11,2.5
20,-11,3.2934496121816608
20,-11,2.5
20,-11,2.5
20,-11,2.5
20,-11,2.5
20,-11,2.5
20,-11,2.5
20,-11,2.5
20,-11,2.5
20,-11,2.5
20,-11,2.5
20,-11,5.187772395688489
20,-11,2.5
20,-11,2.5
20,-11,2.5
20,-11,7.0064450287615045
20,-11,3.6499939981239677
20,-11,2.5
20,-11,2.5
20,-11,4.039952591851725
20,-11,2.5
20,-11,2.5
20,-11,2.5
20,-11,2.5
20,-11,6.1868363251996055
20,-11,5.795203629459564
20,-11,2.5
20,-11,13.776582373910832
20,-10,4.792203780013609
20,-10,9.072396045496543
20,-10,2.5
20,-10,2.5
20,-10,2.5
20,-10,2.5
20,-10,2.5
20,-10,9.279989980763583
20,-10,2.5
20,-10,4.073958265612958
20,-10,2.822324861957717
20,-10,2.5
20,-10,2.5
20,-10,11.866788124012858
20,-10,11.149430783518595
20,-10,2.5
20,-10,2.5
20,-10,2.5
20,-10,2.5
20,-10,10.059265435089838
20,-10,2.5
20,-10,2.5
20,-10,2.5
20,-10,2.5
20,-10,3.6268190954084454
20,-10,2.5
20,-10,2.5
20,-10,6.0856446412921334
20,-10,4.282636607065744
20,-10,2.5
20,-10,7.845171286598761
20,-10,2.5
20,-10,4.543585805802782
20,-10,2.5
20,-10,2.5
20,-10,2.5
20,-10,2.5
20,-10,4.294460440184988
20,-10,2.5
20,-10,3.580642748379681
20,-9,2.5
20,-9,2.5
20,-9,2.5
20,-9,2.5
20,-9,2.5
20,-9,3.0583629312860263
20,-9,4.884792286826129
20,-9,6.045227304102891
20,-9,2.5
20,-9,3.1777611138421276
20,-9,9.033007284141942
20,-9,2.5
20,-9,2.5
20,-9,2.5
20,-9,5.743630121132831
20,-9,2.5
20,-9,2.5
20,-9,2.5
20,-9,2.5
20,-9,2.5
20,-9,9.36420981377286
20,-9,15.72778399077005
20,-9,6.0193408730718225
20,-9,2.5
20,-9,3.806932117048957
20,-9,2.5
20,-9,2.5
20,-9,2.5
20,-9,7.130665609522602
20,-9,2.5
20,-9,4.348852581169713
20,-9,4.010784430855771
20,-9,2.5
20,-9,10.16352730903077
20,-9,2.5
20,-9,2.5
20,-9,2.5
20,-9,9.204699588386063
20,-9,2.5
20,-9,2.5
20,-8,3.391616624234584
20,-8,2.5
20,-8,2.5
20,-8,8.458688165922279
20,-8,2.724183323327967
20,-8,7.0814818537491515
20,-8,2.5
20,-8,11.41414225949158
20,-8,5.902221695061823
20,-8,3.819497868882971
20,-8,8.9150183614865
20,-8,2.5
20,-8,2.5
20,-8,2.5
20,-8,2.5
20,-8,2.5
20,-8,2.5
20,-8,5.21291534879747
20,-8,2.5
20,-8,5.3199895622575655
20,-8,2.5
20,-8,8.546753857168216
20,-8,2.5
20,-8,2.5
20,-8,2.5
20,-8,2.5
20,-8,2.5
20,-8,2.5
20,-8,2.5
20,-8,3.68368578512591
20,-8,7.209723921625445
20,-8,2.5
20,-8,2.5
20,-8,2.5
20,-8,4.6793797067118135
20,-8,2.5
20,-8,2.5
20,-8,2.5
20,-8,2.5
20,-8,2.5
19,-8,3.8101727440449262
19,-8,11.142412450761846
19,-8,2.5
19,-8,2.5
19,-8,3.109291518292298
19,-8,2.5
19,-8,2.5
19,-8,3.1249826004913492
19,-8,2.5
19,-8,2.5
19,-8,5.618193453533068
19,-8,4.259253285684538
19,-8,2.5
19,-8,3.5841997242184593
19,-8,4.531129605338262
19,-8,2.5
19,-8,2.5
19,-8,11.588568880609683
19,-8,8.381818485431195
19,-8,4.9282191279237235
19,-8,3.005540041068252
19,-8,8.463037399999518
19,-8,2.5465836493065006
19,-8,7.165932652214423
19,-8,2.5
19,-8,2.5
19,-8,2.8463096506768366
19,-8,2.5
19,-8,6.235636526012854
19,-8,2.5
19,-8,2.5
19,-8,8.359345259829675
19,-8,9.781703356332496
19,-8,2.5
19,-8,14.262715140550712
19,-8,2.5
19,-8,9.145209551557894
19,-8,2.5
19,-8,2.5
19,-8,2.5
18,-8,2.5
18,-8,2.5
18,-8,8.003740998642654
18,-8,2.5
18,-8,3.9181980132352687
18,-8,2.5
18,-8,2.5
18,-8,7.192934374053181
18,-8,2.5
18,-8,4.1264140253076285
18,-8,2.5
18,-8,14.686677689259952
18,-8,5.096282011442061
18,-8,2.5
18,-8,2.5
18,-8,2.5
18,-8,3.261499385514796
18,-8,2.5
18,-8,2.5
18,-8,3.034181817351398
18,-8,2.5
18,-8,2.7889768469283776
18,-8,2.5
18,-8,2.5
18,-8,2.5
18,-8,2.5
18,-8,2.5
18,-8,5.518144883613219
18,-8,2.5
18,-8,2.5
18,-8,4.886188297300483
18,-8,7.662711040530106
18,-8,11.586504689472651
18,-8,13.799210648135167
18,-8,6.861380186065549
18,-8,2.5
18,-8,2.5
18,-8,3.104302434439094
18,-8,2.5
18,-8,2.5
17,-8,5.728938137211787
17,-8,2.5
17,-8,11.81367579244558
17,-8,6.339191809717106
17,-8,5.151731054288129
17,-8,16.42351722217372
17,-8,12.073963274456077
17,-8,12.020318980340226
17,-8,2.5
17,-8,3.25215175792564
17,-8,7.010844642340874
17,-8,3.3236826638122365
17,-8,5.290387168865929
17,-8,5.865639306034604
17,-8,2.5
17,-8,3.007717560993333
17,-8,2.5
17,-8,18.68020515080589
17,-8,2.5
17,-8,3.5442310015642926
17,-8,2.5
17,-8,6.3949134513340535
17,-8,4.916063850107179
17,-8,2.5
17,-8,2.5
17,-8,2.5
17,-8,4.897815346519418
17,-8,2.5
17,-8,10.878213046899212
17,-8,8.836287977165261
17,-8,2.5
17,-8,2.5
17,-8,7.413883438324048
17,-8,5.7835380874506885
17,-8,2.5
17,-8,14.461711461939204
17,-8,2.5
17,-8,2.5
17,-8,2.5
17,-8,7.285915806072573
16,-8,2.5
16,-8,7.470835641845842
16,-8,5.328815465166629
16,-8,2.5
16,-8,10.169196338073823
16,-8,2.5
16,-8,2.5
16,-8,4.949358195819073
16,-8,3.2773225288586056
16,-8,7.225074126502422
16,-8,2.5
16,-8,4.455005194013014
16,-8,2.5
16,-8,2.5
16,-8,9.969171015952119
16,-8,7.822530852955746
16,-8,2.5
16,-8,2.5
16,-8,14.97104631137452
16,-8,3.6295118460433935
16,-8,4.027944750228999
16,-8,3.4225030564204384
16,-8,2.5
16,-8,2.673884794131403
16,-8,2.5
16,-8,8.582037902342226
16,-8,7.803808964911822
16,-8,2.5
16,-8,7.634780938975482
16,-8,2.5
16,-8,12.621191710697811
16,-8,13.045289205485844
16,-8,2.7743358212368383
16,-8,7.784643285513722
16,-8,2.5
16,-8,2.5
16,-8,2.5
16,-8,7.925291971987595
16,-8,2.5
16,-8,6.421580042905486
15,-8,2.5
15,-8,2.5
15,-8,2.5
15,-8,5.281520410303545
15,-8,6.4531217385249695
15,-8,5.5820224862911365
15,-8,2.5
15,-8,2.626837586955271
15,-8,3.347872404630504
15,-8,2.5
15,-8,2.5
15,-8,11.993811074369663
15,-8,2.5
15,-8,2.5
15,-8,15.842121051393374
15,-8,8.766555751305152
15,-8,2.5
15,-8,11.212419362678146
15,-8,2.5
15,-8,2.901899585490843
15,-8,2.5
15,-8,2.5
15,-8,2.5
15,-8,16.680174444282535
15,-8,2.5
15,-8,4.7942103659021145
15,-8,2.5
15,-8,7.214165063010145
15,-8,13.122397918975352
15,-8,16.83160035506294
15,-8,2.5
15,-8,2.5
15,-8,2.5
15,-8,2.5
15,-8,6.000622531119944
15,-8,2.5
15,-8,2.5
15,-8,4.024374679483397
15,-8,2.5
15,-8,2.5
14,-8,2.5
14,-8,2.5
14,-8,11.713158979053173
14,-8,7.967606689041864
14,-8,10.499864547536419
14,-8,2.5
14,-8,7.3399004470917095
14,-8,2.5
14,-8,5.878884859588398
14,-8,10.86251569535759
14,-8,13.075414875885706
14,-8,2.5
14,-8,11.951620790206784
14,-8,9.880531222172593
14,-8,14.757113978942527
14,-8,8.666139196803561
14,-8,5.1435035205158055
14,-8,12.381904997866409
14,-8,2.618528644173214
14,-8,2.5
14,-8,2.5
14,-8,5.991455300951782
14,-8,2.5
14,-8,2.5
14,-8,8.539086004850638
14,-8,5.988265990484212
14,-8,3.7327407775330013
14,-8,2.5
14,-8,11.39398781131269
14,-8,2.5
14,-8,2.5
14,-8,11.130166823760092
14,-8,2.5
14,-8,3.1246361731957237
14,-8,8.846024031034403
14,-8,8.51597473035751
14,-8,2.5
14,-8,8.425579148505522
14,-8,3.5542644960726966
14,-8,2.5
13,-8,7.7143497527300635
13,-8,5.2988710773819285
13,-8,2.5
13,-8,15.117884553393889
13,-8,6.055420457246006
13,-8,6.789041446493636
13,-8,2.5
13,-8,11.604529264196383
13,-8,5.493136598282483
13,-8,13.189060450853262
13,-8,10.21767211018311
13,-8,3.9581774093517317
13,-8,13.589444918911346
13,-8,3.432187030298708
13,-8,15.970942741466368
13,-8,8.444723998845724
13,-8,6.119650592790483
13,-8,2.5
13,-8,7.922261336373726
13,-8,2.5
13,-8,2.5
13,-8,10.179645066455048
13,-8,2.7314072936514395
13,-8,3.4884149365695185
13,-8,11.114415879750403
13,-8,3.7039697107397247
13,-8,2.5
13,-8,9.792821155766307
13,-8,14.549802236562638
13,-8,2.5
13,-8,6.559752515051182
13,-8,8.158964195217782
13,-8,2.772947513362892
13,-8,15.888862428094145
13,-8,2.5
13,-8,2.5
13,-8,8.816904529544072
13,-8,2.5
13,-8,3.3900906886999564
13,-8,2.5
12,-8,5.499476751355317
12,-8,8.013328246648188
12,-8,2.83262051218154
12,-8,9.510658023589597
12,-8,7.497764966925264
12,-8,2.5
12,-8,7.178222052438087
12,-8,22.709839508859588
12,-8,7.2770329417874215
12,-8,2.5
12,-8,5.736620559618056
12,-8,6.766906760662926
12,-8,6.884953072647537
12,-8,3.3506273701070524
12,-8,12.535028951693212
12,-8,10.436450662423809
12,-8,10.544138209191305
12,-8,2.5
12,-8,17.441149650752052
12,-8,4.854620139952034
12,-8,8.663390457859624
12,-8,6.9600807932070365
12,-8,8.354192337316167
12,-8,7.931099747238068
12,-8,4.478359578129974
12,-8,12.106534914792075
12,-8,6.333037406925636
12,-8,2.5
12,-8,15.467080032673882
12,-8,5.78536991257397
12,-8,2.5
12,-8,5.665729527827464
12,-8,6.501109372258833
12,-8,2.5
12,-8,2.5044163192851485
12,-8,2.5
12,-8,5.328373068128338
12,-8,12.872405248226313
12,-8,2.5
12,-8,11.05182962004018
11,-8,2.5
11,-8,3.768140112164109
11,-8,2.5
11,-8,2.5
11,-8,6.508742230624264
11,-8,2.5
11,-8,8.195672073361756
11,-8,3.9162913612582617
11,-8,6.21566570466506
11,-8,13.545870918924383
11,-8,15.8242637885801
11,-8,15.756614040993046
11,-8,2.5
11,-8,3.282193093413834
11,-8,3.8981354531610597
11,-8,8.676815477388523
11,-8,7.698404403452946
11,-8,2.5
11,-8,7.301375128945234
11,-8,2.5
11,-8,8.434639565475976
11,-8,2.5
11,-8,5.078370016248196
11,-8,9.830586504396578
11,-8,4.244144318705912
11,-8,15.9903226304819
11,-8,2.5
11,-8,17.122859904973154
11,-8,2.5
11,-8,2.5
11,-8,10.879461566526935
11,-8,13.752757315388656
11,-8,2.5
11,-8,6.042161441899571
11,-8,2.5
11,-8,2.5
11,-8,10.023432952744429
11,-8,2.5
11,-8,12.848217642113257
11,-8,8.659740292939851
10,-8,13.481733217487523
10,-8,11.802667168701216
10,-8,9.097114922185078
10,-8,5.430482388652714
10,-8,7.977123103010612
10,-8,2.5
10,-8,2.5
10,-8,6.017052630074464
10,-8,2.5
10,-8,9.491794366409154
10,-8,5.357988467526178
10,-8,2.5
10,-8,13.21467430766305
10,-8,8.81120551765029
10,-8,3.6661293229666945
10,-8,20.36322102061032
10,-8,17.61087831357927
10,-8,6.299761671582843
10,-8,2.5
10,-8,2.5
10,-8,21.235732734908268
10,-8,6.622263063011319
10,-8,2.5
10,-8,3.302921861460611
10,-8,5.766790068519805
10,-8,11.302881005193598
10,-8,6.91441288800473
10,-8,11.549916751904117
10,-8,2.5
10,-8,3.6398984694041023
10,-8,2.5
10,-8,5.585818944316142
10,-8,9.553013923412191
10,-8,6.118098149815241
10,-8,8.533779857252105
10,-8,14.50528045882883
10,-8,2.5
10,-8,11.155916589990927
10,-8,12.039306581140279
10,-8,3.8074839746589384
10,-7,11.506558077223143
10,-7,17.935599006569326
10,-7,15.74657191562096
10,-7,10.103033868924777
10,-7,11.565493531294853
10,-7,6.828177783274624
10,-7,11.491135461826623
10,-7,15.841438834535907
10,-7,2.5
10,-7,17.366253644244757
10,-7,10.246951507290852
10,-7,6.805407035709986
10,-7,16.860955820587233
10,-7,2.5
10,-7,8.040851656953713
10,-7,3.6437799553549386
10,-7,10.48689471618216
10,-7,8.41606333625478
10,-7,5.84004871217175
10,-7,6.140376787968812
10,-7,2.5
10,-7,3.0189590504550985
10,-7,3.3506908844010517
10,-7,8.408113362189091
10,-7,8.325024389675974
10,-7,15.199368105262462
10,-7,8.105810931106983
10,-7,12.440262051324865
10,-7,2.5
10,-7,18.2482131837048
10,-7,4.175806340040772
10,-7,2.5
10,-7,12.59758224935881
10,-7,11.726582066151934
10,-7,9.653988946063308
10,-7,15.270367311216871
10,-7,2.5
10,-7,2.5
10,-7,10.908194713476734
10,-7,6.994167886437126
9,-7,2.5
9,-7,2.5
9,-7,21.906122236272022
9,-7,9.751804718162658
9,-7,17.198011771294226
9,-7,14.605379466172131
9,-7,10.673722988077957
9,-7,8.787912658240057
9,-7,6.381233222265439
9,-7,19.413233297956744
9,-7,17.07084154961847
9,-7,17.3952955445899
9,-7,7.67772715392297
9,-7,4.968009833184356
9,-7,22.37023735250545
9,-7,3.6888868971444992
9,-7,4.678215073918265
9,-7,12.178003687601846
9,-7,2.5
9,-7,13.680892067633092
9,-7,3.9638997940338245
9,-7,12.220986841822798
9,-7,10.53231788760586
9,-7,9.480209986109006
9,-7,10.323051346661257
9,-7,2.5
9,-7,11.583171878865272
9,-7,5.1291791076436475
9,-7,2.5
9,-7,7.310015361151015
9,-7,2.5
9,-7,13.595821341377949
9,-7,30.09329519506216
9,-7,9.22226042191624
9,-7,10.297394919424713
9,-7,10.974526275912545
9,-7,14.81574578286564
9,-7,8.637096366003368
9,-7,14.557161758279195
9,-7,9.362150058394644
8,-7,5.317758269196403
8,-7,2.5
8,-7,2.5
8,-7,9.17800140376865
8,-7,2.5640544217038066
8,-7,7.30532178439474
8,-7,2.5
8,-7,22.816452148545473
8,-7,2.5
8,-7,10.462770008676781
8,-7,13.755037362010949
8,-7,2.5
8,-7,20.431354816923147
8,-7,2.5
8,-7,4.3080226466601905
8,-7,13.717811790008282
8,-7,19.234342851066884
8,-7,8.509296742148445
8,-7,2.5
8,-7,12.672653414359537
8,-7,7.322920926690914
8,-7,14.737621871473578
8,-7,4.337009110313401
8,-7,13.173465639493688
8,-7,9.018828586376037
8,-7,16.042361783587456
8,-7,4.679732139110413
8,-7,14.157758734847233
8,-7,8.696377944656465
8,-7,4.797048410020544
8,-7,18.606929335952252
8,-7,2.5
8,-7,13.933773380466315
8,-7,7.743622967631658
8,-7,2.5
8,-7,2.5
8,-7,4.654893222259775
8,-7,2.5
8,-7,2.5370346244729665
8,-7,9.792747632062975
7,-7,3.8448006215986057
7,-7,6.729088842017315
7,-7,16.226099244686836
7,-7,2.5
7,-7,11.443769453140611
7,-7,12.558444230490124
7,-7,6.476360460844928
7,-7,5.655763509989854
7,-7,13.322727942307393
7,-7,18.66293992995257
7,-7,9.146938382386042
7,-7,14.527771436183471
7,-7,20.478243193672554
7,-7,5.126059059579024
7,-7,5.384858706622353
7,-7,10.753785796725413
7,-7,12.551547731391123
7,-7,15.636545100106101
7,-7,9.780514104666517
7,-7,11.888706408723934
7,-7,2.595694909093142
7,-7,13.571108349199852
7,-7,7.217819652652032
7,-7,11.730928577587271
7,-7,7.324190192583661
7,-7,8.34222425093623
7,-7,7.427238070167682
7,-7,6.186133218141358
7,-7,6.937071011225287
7,-7,12.09856264244402
7,-7,14.858952064121151
7,-7,17.35637624026046
7,-7,13.32795777055764
7,-7,9.182650747543246
7,-7,10.397472639201238
7,-7,2.6661865863724117
7,-7,11.626308006393957
7,-7,2.5
7,-7,2.5
7,-7,13.119581234378309
7,-8,9.099262444270828
7,-8,9.744111851535571
7,-8,13.706174329113365
7,-8,16.374156476705732
7,-8,19.567107982093454
7,-8,4.077711399203441
7,-8,15.330143043306263
7,-8,8.166598440166096
7,-8,14.139682295611651
7,-8,6.483544836973196
7,-8,2.5
7,-8,2.5
7,-8,12.923668787847651
7,-8,6.25147813147834
7,-8,14.198323763741108
7,-8,3.596604846771389
7,-8,10.345214900086972
7,-8,9.685257908744424
7,-8,3.595900894493197
7,-8,7.620304702339687
7,-8,2.5
7,-8,8.134709316047319
7,-8,17.259051015999976
7,-8,13.614345230546174
7,-8,7.755571483009513
7,-8,15.498179243620548
7,-8,10.880739559377432
7,-8,7.30785083992642
7,-8,14.110169222009237
7,-8,17.53593409109951
7,-8,15.71236367558025
7,-8,7.80415140115981
7,-8,2.5
7,-8,10.125839781670411
7,-8,4.206585068292879
7,-8,4.007046065416086
7,-8,9.218239012917484
7,-8,26.00348971018444
7,-8,9.094436503323838
7,-8,15.905673035461739
6,-8,15.915097384355711
6,-8,8.220980032644716
6,-8,2.5
6,-8,7.715603978895746
6,-8,3.0563480031920536
6,-8,10.333732707290675
6,-8,6.787781427206909
6,-8,5.263143936408625
6,-8,11.630500037015253
6,-8,2.5
6,-8,10.197825489572232
6,-8,2.5
6,-8,16.0892941433279
6,-8,10.588497183515486
6,-8,2.5
6,-8,17.26419284037904
6,-8,13.258850401201226
6,-8,5.633281204540182
6,-8,15.816168255886257
6,-8,11.744600213916371
6,-8,2.5
6,-8,12.756144573096176
6,-8,7.825474646295775
6,-8,7.40856852532917
6,-8,16.965941243734697
6,-8,8.789259395533715
6,-8,23.64377607655809
6,-8,8.50808646886612
6,-8,6.431588967793068
6,-8,3.8589162263613987
6,-8,5.166147328031112
6,-8,18.988961357988586
6,-8,6.5891040629224555
6,-8,9.5038666887177
6,-8,12.809966410311409
6,-8,12.995766496074339
6,-8,9.84881818462869
6,-8,9.28200561796195
6,-8,5.164350608800124
6,-8,9.187566066780331
5,-8,6.3242700256360935
5,-8,14.693472012374714
5,-8,5.810370193849026
5,-8,8.165167053534741
5,-8,2.5
5,-8,6.293058464553883
5,-8,12.512334633461851
5,-8,13.816191641908988
5,-8,15.822386080897358
5,-8,10.281228243290673
5,-8,4.070072225101147
5,-8,15.034409118447986
5,-8,15.346898191840847
5,-8,7.950895004961047
5,-8,3.6642557886952307
5,-8,13.194469089639652
5,-8,17.964489388339953
5,-8,18.291483666551617
5,-8,13.828155092350045
5,-8,11.89464606757897
5,-8,10.252533461974146
5,-8,3.2756476988180054
5,-8,2.7185675156137687
5,-8,26.36637814173146
5,-8,6.0672136833595545
5,-8,2.5
5,-8,11.997249515377128
5,-8,3.6477574883338155
5,-8,6.870142609570905
5,-8,6.4115819883406
5,-8,5.035220860455727
5,-8,14.818703480320014
5,-8,21.181462463436105
5,-8,12.245876915335982
5,-8,10.984953838179294
5,-8,2.5
5,-8,12.678996529572544
5,-8,15.521273232123189
5,-8,15.001984789146789
5,-8,13.813591078498515
6,-8,3.7133297489275963
6,-8,10.489361775210964
6,-8,14.609638804449219
6,-8,7.370712716877339
6,-8,13.80496325449969
6,-8,13.953841875476337
6,-8,12.071663555965053
6,-8,7.354755155157896
6,-8,13.438877122178791
6,-8,14.433243313888745
6,-8,19.669045093533086
6,-8,8.02764161017264
6,-8,20.10301358774107
6,-8,10.79153592992528
6,-8,8.087573170639002
6,-8,7.732105328087664
6,-8,5.497846514167621
6,-8,14.89871167501343
6,-8,5.85201256436533
6,-8,11.052994254111931
6,-8,9.336213111858887
6,-8,6.549858558460423
6,-8,10.955749442860263
6,-8,5.95878474845584
6,-8,20.349043314647407
6,-8,3.1312663493677735
6,-8,10.784709087490914
6,-8,13.436468943158772
6,-8,2.5
6,-8,12.943855650633925
6,-8,2.5
6,-8,2.5
6,-8,14.857533261051854
6,-8,8.832250019880677
6,-8,2.5954340992840157
6,-8,9.921903948464433
6,-8,9.951954371016775
6,-8,2.5
6,-8,3.4679512999282758
6,-8,2.5
6,-9,2.5
6,-9,14.629771754472518
6,-9,4.78566830244875
6,-9,6.006423191722251
6,-9,2.5
6,-9,11.645253586663355
6,-9,9.195515247305103
6,-9,19.754847827089282
6,-9,11.426339774767515
6,-9,6.995204977764235
6,-9,11.759337155050998
6,-9,10.885698723760326
6,-9,18.502251410926412
6,-9,4.746165554749269
6,-9,6.956103221885828
6,-9,2.5
6,-9,9.912010612272367
6,-9,24.03193481506409
6,-9,7.225054909712361
6,-9,19.287777826186325
6,-9,9.78871348806523
6,-9,15.772928840319333
6,-9,17.702364307197485
6,-9,11.582660697779279
6,-9,11.138201882116796
6,-9,10.554032406309714
6,-9,3.4564488717295134
6,-9,2.5
6,-9,2.5750321735105235
6,-9,12.460937153203686
6,-9,13.735182494727034
6,-9,9.96849282608292
6,-9,6.525778214371384
6,-9,2.5
6,-9,2.5
6,-9,4.44737792810636
6,-9,13.718085397523755
6,-9,11.698400324336546
6,-9,12.632647925990886
6,-9,7.54186856913357
5,-9,9.307624990146076
5,-9,5.904010283071182
5,-9,6.60216959967522
5,-9,17.74685954291582
5,-9,15.24957251748437
5,-9,18.382500978362764
5,-9,2.5
5,-9,2.5
5,-9,4.704505371200415
5,-9,11.570767069138762
5,-9,9.010493577177277
5,-9,2.5
5,-9,4.59198917104182
5,-9,14.425118470478296
5,-9,2.891959398109461
5,-9,17.50476769851777
5,-9,7.148051674276401
5,-9,11.910572349310886
5,-9,3.962961815111959
5,-9,15.043934646127592
5,-9,14.833085025654459
5,-9,8.221462084648666
5,-9,6.112370615721083
5,-9,12.354896541024546
5,-9,14.543936722410796
5,-9,20.159538318617194
5,-9,7.971916863404267
5,-9,8.757775587945064
5,-9,16.482063244752055
5,-9,17.663681781035194
5,-9,2.6472468738890678
5,-9,4.044302630787591
5,-9,8.59805886803132
5,-9,6.337836328882252
5,-9,2.5
5,-9,8.06825268795983
5,-9,4.180746591593914
5,-9,12.589117613568881
5,-9,7.604497355560833
5,-9,12.134043383696858
4,-9,3.260725626990461
4,-9,14.42347516235456
4,-9,15.53456352667136
4,-9,17.07914167261927
4,-9,16.5343384122942
4,-9,8.713997361375702
4,-9,17.46580431907926
4,-9,10.709804321178988
4,-9,7.254571874462599
4,-9,5.182288758623378
4,-9,15.101552663945684
4,-9,12.415399036818709
4,-9,14.755242290141124
4,-9,14.096284613293204
4,-9,9.732643915426804
4,-9,7.433456236752781
4,-9,2.5
4,-9,10.587842673786636
4,-9,8.056145897629118
4,-9,6.918023539110651
4,-9,11.445609672024865
4,-9,7.551061764167963
4,-9,10.100941002058946
4,-9,5.634053656726208
4,-9,13.08414450632814
4,-9,14.924402786823219
4,-9,8.415870715416352
4,-9,12.65490209127117
4,-9,11.954082084094168
4,-9,20.23839214752043
4,-9,16.24573112990696
4,-9,10.677050336585726
4,-9,10.402193892114457
4,-9,3.8200202507381373
4,-9,6.492668373105889
4,-9,6.603690340964096
4,-9,10.297827055780102
4,-9,11.46403817169119
4,-9,6.752724844886446
4,-9,2.5
3,-9,2.5
3,-9,8.127606026504306
3,-9,10.827094660874854
3,-9,13.909856795518168
3,-9,8.318756843418257
3,-9,2.5
3,-9,13.519757410123113
3,-9,10.413761405099368
3,-9,13.78979480639909
3,-9,17.965485954551273
3,-9,8.698486869172177
3,-9,8.361481454119877
3,-9,12.596253198734441
3,-9,5.232911237741753
3,-9,6.208901753144634
3,-9,11.623679430394528
3,-9,13.266109778868552
3,-9,3.6644620028682118
3,-9,11.738515765248245
3,-9,2.5
3,-9,2.5
3,-9,21.96178995761769
3,-9,14.837383305321396
3,-9,7.890321188308468
3,-9,7.471713579056942
3,-9,10.164644891875946
3,-9,22.812711249351246
3,-9,10.430443789034943
3,-9,7.037776993767089
3,-9,6.226001508049393
3,-9,8.244647118167785
3,-9,2.5
3,-9,16.112187779775788
3,-9,15.92504896622065
3,-9,5.741338579201443
3,-9,11.496252569873256
3,-9,4.386732961087244
3,-9,2.5
3,-9,4.366448856571453
3,-9,8.086605548830965
4,-9,8.342012402349727
4,-9,5.839153373710228
4,-9,15.45164021875047
4,-9,15.758531929350712
4,-9,5.878657242002422
4,-9,17.962423054756158
4,-9,2.5
4,-9,9.287962465956841
4,-9,2.5
4,-9,2.5
4,-9,5.650016638826443
4,-9,11.94977821533582
4,-9,10.198304012251043
4,-9,17.65196697178888
4,-9,12.699778251331226
4,-9,15.6524740313808
4,-9,9.744110235420347
4,-9,19.40147819461605
4,-9,15.918790919879797
4,-9,3.128031112085057
4,-9,4.438552386374873
4,-9,11.016081585267269
4,-9,5.038981320497236
4,-9,7.483213266115276
4,-9,17.921454823125515
4,-9,23.51500195678517
4,-9,3.7267985767856997
4,-9,4.8688804233308565
4,-9,14.512303636642404
4,-9,11.530430235700443
4,-9,5.4631309419308565
4,-9,6.204279076198432
4,-9,17.191376145146002
4,-9,8.932388169186412
4,-9,3.8342924442992663
4,-9,2.8900115191760056
4,-9,20.370848937595515
4,-9,21.576195493157954
4,-9,6.004303785378479
4,-9,10.46190501566979
5,-9,2.5
5,-9,4.827551550950704
5,-9,7.862483204645309
5,-9,11.033410632028245
5,-9,5.260208485661534
5,-9,10.878118299776082
5,-9,8.464850194930543
5,-9,8.893589843438338
5,-9,2.5
5,-9,13.885377525049808
5,-9,10.022791704821287
5,-9,11.58218072018723
5,-9,21.725794749536902
5,-9,11.321920029423852
5,-9,8.269007831960971
5,-9,2.5
5,-9,6.471487900139047
5,-9,10.139089217669037
5,-9,2.5
5,-9,2.5
5,-9,2.5
5,-9,10.126189246757399
5,-9,4.788768048923959
5,-9,9.72775367874377
5,-9,13.355255174604675
5,-9,3.559442523900813
5,-9,9.976998189643366
5,-9,2.5
5,-9,21.096933424775493
5,-9,4.9346385956846
5,-9,10.236315983742939
5,-9,16.954780750751418
5,-9,9.327086976312852
5,-9,11.76552706676113
5,-9,12.525222829204758
5,-9,4.441637541545118
5,-9,10.869452316913337
5,-9,17.15341255868364
5,-9,2.5
5,-9,3.097759438555187
4,-9,2.5
4,-9,7.939022255549199
4,-9,13.145786467628362
4,-9,2.5
4,-9,2.5
4,-9,21.25386856229119
4,-9,13.829777626334733
4,-9,14.902057163104384
4,-9,7.525950259195897
4,-9,9.627603333779476
4,-9,13.593773061607143
4,-9,3.823593058589866
4,-9,13.894459128695903
4,-9,8.674443883062601
4,-9,10.240357025479705
4,-9,11.31378716668424
4,-9,5.88114406489353
4,-9,10.12397343769983
4,-9,8.750084776109816
4,-9,8.845161191173055
4,-9,13.641705803292577
4,-9,10.42656457132046
4,-9,3.9835607338287993
4,-9,8.32002967799937
4,-9,12.426506578514665
4,-9,7.853272862289562
4,-9,9.01971758547078
4,-9,5.694474662916379
4,-9,12.520706827853882
4,-9,2.5
4,-9,7.505370530827072
4,-9,11.019235947154831
4,-9,21.081564718734178
4,-9,6.064109842397645
4,-9,2.5
4,-9,3.8418706775116274
4,-9,15.811907616583607
4,-9,14.407130712827524
4,-9,16.81576658986644
4,-9,8.04391490005982
4,-10,2.5
4,-10,10.95347067456416
4,-10,5.1491683076487185
4,-10,12.89793936437101
4,-10,3.271836505640838
4,-10,17.649428568233656
4,-10,15.558151997838838
4,-10,6.446918659307402
4,-10,2.5
4,-10,9.639491714260394
4,-10,14.095638392040893
4,-10,7.7805668630844105
4,-10,3.824784552354841
4,-10,14.552444849632511
4,-10,18.40670683636242
4,-10,2.5
4,-10,18.95918747814479
4,-10,10.342163015088657
4,-10,2.5
4,-10,13.343027599627316
4,-10,3.9801051408399974
4,-10,10.84292402554392
4,-10,17.973765922939474
4,-10,4.960427952147052
4,-10,23.962991077205473
4,-10,15.942302419597658
4,-10,10.031028817940234
4,-10,2.5
4,-10,10.305267234596437
4,-10,9.432822206142294
4,-10,3.125443896264801
4,-10,17.32141816203576
4,-10,11.991501487514054
4,-10,5.568326896016973
4,-10,12.842449478833217
4,-10,11.926273871192052
4,-10,17.50799461978868
4,-10,11.982731953165356
4,-10,15.147150711887878
4,-10,4.539834458869348
3,-10,3.9707977632999283
3,-10,14.63144833045468
3,-10,9.828306174662663
3,-10,11.68551434523403
3,-10,2.5
3,-10,5.138147157409141
3,-10,2.5
3,-10,9.862327044259386
3,-10,8.665037594646357
3,-10,9.12147583872504
3,-10,2.5
3,-10,14.758707633226717
3,-10,2.5
3,-10,5.982772250558854
3,-10,13.638573231149564
3,-10,13.19278228192048
3,-10,6.54003904578796
3,-10,20.530952145043177
3,-10,12.95724628951027
3,-10,2.5
3,-10,15.639736495527199
3,-10,8.45400696873184
3,-10,10.201678475241776
3,-10,8.410185961059119
3,-10,14.68382568637032
3,-10,2.5
3,-10,9.130339802050095
3,-10,13.374681588191514
3,-10,18.382641013298155
3,-10,11.44143339574194
3,-10,2.5
3,-10,15.425471954127314
3,-10,16.28919183724266
3,-10,3.43222176836382
3,-10,9.271045597582969
3,-10,9.212283838702582
3,-10,14.103063510614538
3,-10,6.6583283688878385
3,-10,14.176008782529077
3,-10,16.7410648428842
4,-10,9.50563700322053
4,-10,6.868699707631841
4,-10,2.8050149137849134
4,-10,6.569157214705648
4,-10,18.800004203466784
4,-10,2.5
4,-10,14.173009673207304
4,-10,5.912921725586896
4,-10,2.5
4,-10,10.188172800479931
4,-10,2.5
4,-10,6.657922718540123
4,-10,6.925835003826069
4,-10,7.784430579802761
4,-10,2.5
4,-10,15.961461290475324
4,-10,10.326253764775903
4,-10,11.777522502663242
4,-10,10.409652892100564
4,-10,9.440611377081467
4,-10,16.260674009496903
4,-10,9.402332656105607
4,-10,2.5
4,-10,15.94773127281691
4,-10,19.1112056581046
4,-10,17.10246267030339
4,-10,20.251926710199054
4,-10,11.435211919651655
4,-10,6.232588855456154
4,-10,12.126820810600098
4,-10,14.242698285251482
4,-10,5.1827120575848955
4,-10,4.065641506362263
4,-10,2.5
4,-10,6.8534083301406605
4,-10,9.150637219277428
4,-10,9.402864347495415
4,-10,16.976905606019706
4,-10,4.349121604510676
4,-10,8.774496460609736
4,-11,2.5
4,-11,2.5
4,-11,6.50972100987166
4,-11,10.068583684888111
4,-11,9.578220386222961
4,-11,9.127261680732467
4,-11,4.265742756247476
4,-11,5.612078435757676
4,-11,2.5
4,-11,9.850583839496112
4,-11,4.834561220701468
4,-11,7.307071043489909
4,-11,17.594417051509414
4,-11,15.032518557431882
4,-11,14.291878409135004
4,-11,2.5
4,-11,19.657188952580086
4,-11,10.810891788175791
4,-11,2.791632397018609
4,-11,18.641726897041913
4,-11,5.438785340638785
4,-11,7.2451049457260455
4,-11,7.55028985888933
4,-11,4.693836304749974
4,-11,4.674972317069605
4,-11,8.071292123982717
4,-11,3.5419269472089736
4,-11,9.546311629659485
4,-11,20.98795059857806
4,-11,15.644918110570549
4,-11,5.16845565168937
4,-11,5.421400832991395
4,-11,4.556308198336864
4,-11,4.622465000120459
4,-11,2.5
4,-11,6.989698005763193
4,-11,14.67488260289311
4,-11,2.5
4,-11,21.43382352269711
4,-11,11.648134601964575
3,-11,3.0192066868946146
3,-11,4.037582023538863
3,-11,2.5
3,-11,10.944226977911935
3,-11,9.939421497675333
3,-11,12.115493369509647
3,-11,10.338036022198272
3,-11,2.5
3,-11,20.192552197307254
3,-11,14.86880325754774
3,-11,2.5
3,-11,10.884964979180108
3,-11,13.051673453056361
3,-11,8.365037502908287
3,-11,5.736568334912096
3,-11,9.85819286395779
3,-11,2.5
3,-11,15.231188439933145
3,-11,3.3768318282216088
3,-11,2.5
3,-11,5.162359501406217
3,-11,13.67434028354672
3,-11,17.750001562323835
3,-11,9.954238530292264
3,-11,16.585788164842054
3,-11,5.228192886585537
3,-11,8.200519510328034
3,-11,16.68058063188422
3,-11,7.461620079889467
3,-11,15.829209622301157
3,-11,19.15795059645248
3,-11,8.374467995961766
3,-11,8.237364372290202
3,-11,16.37831080790894
3,-11,23.63545843629229
3,-11,17.80590272037223
3,-11,6.2205233200349
3,-11,6.733914174804559
3,-11,14.469676851061287
3,-11,13.084946771377021
2,-11,11.853963894367764
2,-11,2.5
2,-11,7.934335378370905
2,-11,8.851314450987795
2,-11,15.26393852896018
2,-11,9.72571527993274
2,-11,3.434294206001687
2,-11,6.164639616919149
2,-11,2.5
2,-11,8.49277317994655
2,-11,8.174601181229724
2,-11,8.60727975379908
2,-11,2.5
2,-11,13.343906198444063
2,-11,12.93716402840222
2,-11,7.9574694775392905
2,-11,13.83601995321881
2,-11,9.975965058540364
2,-11,3.0597161254275074
2,-11,2.5
2,-11,23.431998421871647
2,-11,14.960370607329498
2,-11,4.025772986349522
2,-11,11.25540880791825
2,-11,16.123480563025574
2,-11,8.55387073130422
2,-11,3.131381555778338
2,-11,9.115623751810459
2,-11,3.241165812975952
2,-11,2.5
2,-11,13.919523090018707
2,-11,2.5
2,-11,8.869412790425702
2,-11,2.5
2,-11,9.951466104021783
2,-11,13.956531748535468
2,-11,2.5
2,-11,11.525457920567748
2,-11,11.622449743364244
2,-11,5.462333029157914
1,-11,7.417730918778636
1,-11,10.13167240352843
1,-11,5.201679819486452
1,-11,2.90322551972012
1,-11,2.5
1,-11,5.990126059751789
1,-11,9.924044587947952
1,-11,7.662037068730539
1,-11,6.334707464229334
1,-11,2.5
1,-11,7.949847225515964
1,-11,13.009114588985351
1,-11,8.813429632049763
1,-11,8.467835699742079
1,-11,9.023194469294783
1,-11,5.984813668301423
1,-11,6.220759924106933
1,-11,6.643307670130173
1,-11,13.773288787559242
1,-11,16.974446328098125
1,-11,5.486526338374291
1,-11,2.5
1,-11,14.18124334458426
1,-11,24.444497261616903
1,-11,2.5
1,-11,4.8294022933523895
1,-11,26.388225167075277
1,-11,3.904471293724728
1,-11,9.600816495327761
1,-11,3.3049684462465176
1,-11,9.79129490956277
1,-11,2.5
1,-11,12.339270687289789
1,-11,17.2910564466853
1,-11,6.52890869812043
1,-11,11.825984091922535
1,-11,3.3231418879397703
1,-11,10.652316693599545
1,-11,15.877976325329294
1,-11,3.20393686333302
0,-11,2.5
0,-11,10.238336777908406
0,-11,17.619867602264655
0,-11,4.75429425318146
0,-11,2.5
0,-11,7.948604524819022
0,-11,12.443558766602187
0,-11,2.5
0,-11,4.757752526628797
0,-11,9.73291144324178
0,-11,2.5
0,-11,2.6347265121142938
0,-11,4.402756744445458
0,-11,4.687032745879701
0,-11,8.748621794336021
0,-11,15.25153968080732
0,-11,16.421170972356265
0,-11,17.79263050202965
0,-11,16.716467705908766
0,-11,21.10864131378929
0,-11,5.560006346183308
0,-11,6.639137197654181
0,-11,2.5
0,-11,14.005796108760133
0,-11,2.5
0,-11,9.123311487235938
0,-11,9.463800359007287
0,-11,9.438895585660497
0,-11,8.75556696369161
0,-11,20.54251902243746
0,-11,3.2973690764300367
0,-11,2.5
0,-11,9.778390592061653
0,-11,14.686787189416416
0,-11,13.79158576926757
0,-11,12.881564702871158
0,-11,6.08918833887161
0,-11,11.285405110073633
0,-11,12.051770850310294
0,-11,8.7149056973227
-1,-11,10.040567199347974
-1,-11,5.077133463568058
-1,-11,7.433606965139942
-1,-11,2.5
-1,-11,11.908182550987659
-1,-11,7.345333240373432
-1,-11,3.6987515952418413
-1,-11,7.945069122638471
-1,-11,6.338981689150327
-1,-11,13.567217330617366
-1,-11,7.8251960829112415
-1,-11,11.78714700328215
-1,-11,6.169136494205668
-1,-11,19.188007830904233
-1,-11,4.114019212680038
-1,-11,15.869835111272787
-1,-11,14.933375515817485
-1,-11,8.611021148531965
-1,-11,10.269188533771235
-1,-11,10.085946453734465
-1,-11,2.6900913867505016
-1,-11,11.397554126484648
-1,-11,6.687614076081638
-1,-11,5.783041554328304
-1,-11,12.206652516155188
-1,-11,14.937172206368171
-1,-11,9.835450561449992
-1,-11,4.932448090540837
-1,-11,3.3164622173984597
-1,-11,6.906463769375521
-1,-11,3.169309948433906
-1,-11,16.872175187979117
-1,-11,13.75106089906427
-1,-11,19.60456348543608
-1,-11,16.694735838920362
-1,-11,13.324375079223802
-1,-11,6.5177658016239555
-1,-11,13.873956942653713
-1,-11,2.5
-1,-11,2.5
-1,-12,7.018805511160128
-1,-12,16.9688287964707
-1,-12,18.993981821466612
-1,-12,3.4696918707443665
-1,-12,6.813924162428218
-1,-12,3.4896795621766312
-1,-12,10.217775398956913
-1,-12,2.5
-1,-12,8.97271487966554
-1,-12,11.103322108362951
-1,-12,9.380737924839195
-1,-12,9.40598926990179
-1,-12,2.5097638855143094
-1,-12,3.788640919925556
-1,-12,14.543592665105566
-1,-12,7.972876059866508
-1,-12,2.5142626847778735
-1,-12,20.20817395831532
-1,-12,12.734753973770953
-1,-12,14.355744065076655
-1,-12,7.5906808783978175
-1,-12,7.536593115059884
-1,-12,2.811703354950768
-1,-12,6.175712080303952
-1,-12,3.2313389838450552
-1,-12,2.5
-1,-12,3.386345232174767
-1,-12,6.415543162169047
-1,-12,12.647985491484096
-1,-12,2.5
-1,-12,11.634949784216207
-1,-12,9.56971344712098
-1,-12,2.5
-1,-12,14.336606018291857
-1,-12,2.5
-1,-12,10.711921387534193
-1,-12,15.827674401134121
-1,-12,11.575213132421458
-1,-12,9.733058928356414
-1,-12,2.5
-2,-12,3.1281426303948017
-2,-12,9.133254790121844
-2,-12,4.965685153521479
-2,-12,2.5
-2,-12,6.566205962612349
-2,-12,7.236277867682848
-2,-12,8.167051291829265
-2,-12,5.498985447704565
-2,-12,2.5
-2,-12,6.769920751936697
-2,-12,15.766701287305342
-2,-12,15.770093601098354
-2,-12,9.07821236622494
-2,-12,6.121966124602508
-2,-12,15.475208866378619
-2,-12,9.237643729399311
-2,-12,19.82715689892533
-2,-12,2.5
-2,-12,8.91593447296583
-2,-12,5.458832871209989
-2,-12,17.670980591033505
-2,-12,3.019693611956699
-2,-12,7.345217410871656
-2,-12,2.5
-2,-12,10.952090858254518
-2,-12,5.899638969173815
-2,-12,2.5
-2,-12,2.7322245786616186
-2,-12,2.5
-2,-12,14.92742458060036
-2,-12,2.5
-2,-12,11.51372435321818
-2,-12,2.5
-2,-12,4.3907765047150855
-2,-12,7.546410912534217
-2,-12,11.840992375210199
-2,-12,3.6965193891190724
-2,-12,11.099666282297042
-2,-12,12.446378116027619
-2,-12,3.3613520249179096
-3,-12,4.032760715859132
-3,-12,6.544541691363829
-3,-12,7.832076201803485
-3,-12,4.861355538777123
-3,-12,2.5
-3,-12,15.948626645829645
-3,-12,4.397927268150934
-3,-12,4.810674376045483
-3,-12,3.2167783929996245
-3,-12,8.075996447128697
-3,-12,15.881557040603244
-3,-12,7.803013899107399
-3,-12,10.610694689949423
-3,-12,7.238441431147155
-3,-12,12.009506864778366
-3,-12,3.0638915719934436
-3,-12,7.724700343217753
-3,-12,3.0076451438495937
-3,-12,4.676527564614426
-3,-12,2.5
-3,-12,2.5
-3,-12,2.5
-3,-12,8.164377396043935
-3,-12,2.5
-3,-12,2.5
-3,-12,4.439113993146556
-3,-12,6.27745506657808
-3,-12,8.544942703921748
-3,-12,14.318624235508514
-3,-12,11.855884432298794
-3,-12,4.727759574828035
-3,-12,15.187384053128888
-3,-12,3.975634342935083
-3,-12,5.834688126915368
-3,-12,5.486256659195487
-3,-12,11.667714991091625
-3,-12,7.63197212724281
-3,-12,2.5
-3,-12,9.415799416093419
-3,-12,6.263513899798809
-3,-13,9.733233423897492
-3,-13,2.5
-3,-13,2.5
-3,-13,14.54179677784818
-3,-13,2.5
-3,-13,3.073612564930211
-3,-13,20.292599185960597
-3,-13,5.350648996785947
-3,-13,6.026906379650865
-3,-13,11.637541881126545
-3,-13,3.376813543795066
-3,-13,2.5
-3,-13,13.645511671859902
-3,-13,2.5
-3,-13,3.1030219989274634
-3,-13,8.625134515531492
-3,-13,3.3160307087484266
-3,-13,7.864998914030378
-3,-13,8.30402354596257
-3,-13,2.5
-3,-13,2.5861580851475905
-3,-13,2.5
-3,-13,8.02224148035642
-3,-13,2.5
-3,-13,2.5
-3,-13,4.0349367757840735
-3,-13,14.145748097117126
-3,-13,2.5
-3,-13,8.113787854945388
-3,-13,11.136958996449028
-3,-13,6.359720922421264
-3,-13,10.851934840914941
-3,-13,6.348914164726482
-3,-13,2.5
-3,-13,11.250778434155158
-3,-13,17.34074736497299
-3,-13,2.5
-3,-13,24.14118262695151
-3,-13,2.5
-3,-13,6.485291388697925
-4,-13,5.407560160578273
-4,-13,16.911846746115547
-4,-13,9.085871897599462
-4,-13,13.667885173827672
-4,-13,11.373275796279874
-4,-13,12.954084117947001
-4,-13,13.011128872471751
-4,-13,2.5
-4,-13,6.199901251014406
-4,-13,2.5
-4,-13,2.5
-4,-13,7.185655636621418
-4,-13,2.5
-4,-13,2.5
-4,-13,14.302542487311014
-4,-13,4.540319461232446
-4,-13,2.7952133639529952
-4,-13,8.197837924323295
-4,-13,2.5
-4,-13,10.092804565584778
-4,-13,8.180152189517138
-4,-13,8.788057299531003
-4,-13,6.059173897505229
-4,-13,10.453849411679917
-4,-13,5.683167038938423
-4,-13,7.209388433052816
-4,-13,14.798310782654497
-4,-13,6.480644724839987
-4,-13,2.5
-4,-13,6.25327171190777
-4,-13,13.077756002464143
-4,-13,2.5
-4,-13,13.666495825586493
-4,-13,8.291232376128232
-4,-13,10.842911416569855
-4,-13,12.304712951249854
-4,-13,6.401646003948798
-4,-13,12.357623388948324
-4,-13,13.922293207115725
-4,-13,10.281705016707743
-5,-13,2.5
-5,-13,3.5862985945446257
-5,-13,5.712415688084191
-5,-13,10.569237807781061
-5,-13,2.5
-5,-13,2.5
-5,-13,9.718240854886107
-5,-13,12.33809524824359
-5,-13,2.5
-5,-13,4.119568889587235
-5,-13,10.178209769880489
-5,-13,7.313874113386182
-5,-13,11.450459256535664
-5,-13,10.096765700645301
-5,-13,4.104920745510576
-5,-13,9.93226269622869
-5,-13,9.64795894837854
-5,-13,2.5
-5,-13,4.94349525388628
-5,-13,11.714561705926307
-5,-13,2.704022942178927
-5,-13,2.5
-5,-13,4.663151370416957
-5,-13,2.555199053486101
-5,-13,2.5940010184562254
-5,-13,2.908442220826111
-5,-13,10.510748075386541
-5,-13,16.583061298733952
-5,-13,2.5
-5,-13,2.5
-5,-13,10.943920801975004
-5,-13,3.8554450974650187
-5,-13,2.5
-5,-13,5.546585406899623
-5,-13,2.5
-5,-13,2.6013279023439875
-5,-13,6.086573706274273
-5,-13,11.515070748483213
-5,-13,2.5
-5,-13,2.5
-6,-13,2.9708725222628574
-6,-13,4.022700176338802
-6,-13,2.5
-6,-13,2.5
-6,-13,14.0901618925461
-6,-13,12.866421439115125
-6,-13,16.38190891203733
-6,-13,3.263987004583787
-6,-13,11.325398249819276
-6,-13,2.5
-6,-13,2.5
-6,-13,13.982248271965931
-6,-13,4.836199363766923
-6,-13,2.5
-6,-13,3.9028835825091894
-6,-13,2.5
-6,-13,8.614705002048773
-6,-13,12.707995110407467
-6,-13,3.8011199554968407
-6,-13,10.963336339410777
-6,-13,7.026278115379348
-6,-13,2.799304133509383
-6,-13,2.5
-6,-13,7.752397762234803
-6,-13,2.5
-6,-13,15.882314573902827
-6,-13,2.5
-6,-13,2.5
-6,-13,4.1443978955299965
-6,-13,5.701623281182758
-6,-13,9.34070326389364
-6,-13,3.1729139469156835
-6,-13,4.289756317408242
-6,-13,2.5
-6,-13,5.922890763788858
-6,-13,2.5
-6,-13,4.768791026532403
-6,-13,2.8350600143427034
-6,-13,9.499236471223318
-6,-13,2.5
-5,-13,15.06817470608543
-5,-13,19.51708308938106
-5,-13,2.5
-5,-13,6.313541575242029
-5,-13,2.5
-5,-13,3.0405302916337105
-5,-13,2.5
-5,-13,3.2267130739590955
-5,-13,14.39533605866351
-5,-13,2.5
-5,-13,10.472104371046179
-5,-13,6.016580805455556
-5,-13,6.040107796338999
-5,-13,9.284385826685067
-5,-13,3.728024596890433
-5,-13,5.936240778195057
-5,-13,2.5
-5,-13,6.306645101613551
-5,-13,15.962980340172797
-5,-13,8.52126982988015
-5,-13,14.872652172515842
-5,-13,6.782116846800629
-5,-13,22.244282615242824
-5,-13,2.5
-5,-13,4.951426597031297
-5,-13,2.5
-5,-13,13.012571665443744
-5,-13,9.315758980879083
-5,-13,17.37032879613566
-5,-13,2.785961562451891
-5,-13,15.21309135010806
-5,-13,2.5
-5,-13,11.252569637685028
-5,-13,15.613357274635801
-5,-13,4.655548166935688
-5,-13,4.321755139562158
-5,-13,9.362701567258128
-5,-13,13.302561164935238
-5,-13,2.5
-5,-13,2.5
-6,-13,2.9542823132226115
-6,-13,12.766274183947392
-6,-13,3.978833538541735
-6,-13,10.294208521498753
-6,-13,2.5
-6,-13,2.5
-6,-13,6.721039902929223
-6,-13,2.718207399439724
-6,-13,13.378342194655541
-6,-13,4.250146618376828
-6,-13,8.657983545668916
-6,-13,9.340012715792023
-6,-13,2.5
-6,-13,6.46116372110866
-6,-13,3.4731587524089367
-6,-13,18.03069000525319
-6,-13,12.615553649284553
-6,-13,13.486122869417844
-6,-13,5.015086517074784
-6,-13,10.231049213688042
-6,-13,3.5595819210838315
-6,-13,2.5
-6,-13,14.775077234953182
-6,-13,3.99749635099671
-6,-13,6.1914502746649225
-6,-13,2.5
-6,-13,15.620880727039633
-6,-13,2.5
-6,-13,2.5
-6,-13,6.21320073372768
-6,-13,16.904988124561257
-6,-13,10.521664171418841
-6,-13,7.054866853681805
-6,-13,4.215601382898454
-6,-13,7.007638691736791
-6,-13,4.459481010434514
-6,-13,12.365442594014947
-6,-13,6.152404392949607
-6,-13,16.077131820215563
-6,-13,7.320151338528191
-6,-14,18.84042981430127
-6,-14,2.5
-6,-14,2.5
-6,-14,3.38671870062936
-6,-14,14.738376904278791
-6,-14,9.315766152770337
-6,-14,2.5
-6,-14,7.47057511452496
-6,-14,13.820002548771356
-6,-14,12.918666622724388
-6,-14,6.729644379421918
-6,-14,4.470680112290628
-6,-14,6.53121744412521
-6,-14,2.5
-6,-14,4.610341986602412
-6,-14,2.5
-6,-14,4.912171185143681
-6,-14,10.398499059269808
-6,-14,7.1114854247914625
-6,-14,7.147310663839929
-6,-14,2.5
-6,-14,10.100215652423609
-6,-14,9.816327707869892
-6,-14,4.446848118010795
-6,-14,2.5
-6,-14,7.308962341621746
-6,-14,2.5
-6,-14,15.427269178301929
-6,-14,10.880778829853247
-6,-14,13.857104134236337
-6,-14,7.651966923197451
-6,-14,2.5
-6,-14,4.992631190810159
-6,-14,5.996361268049427
-6,-14,3.010272874493424
-6,-14,2.5
-6,-14,11.310541431205259
-6,-14,4.578397508829804
-6,-14,7.342261742424275
-6,-14,2.5
-7,-14,7.24106494503285
-7,-14,4.937790164941402
-7,-14,4.418891771976982
-7,-14,14.793638989684823
-7,-14,8.636993518047598
-7,-14,10.7150736231874
-7,-14,3.350860197444235
-7,-14,2.5
-7,-14,7.192353736056063
-7,-14,11.11897153129619
-7,-14,2.5
-7,-14,9.543313923013445
-7,-14,10.736571229484046
-7,-14,4.143709296972881
-7,-14,2.5
-7,-14,12.419635500800641
-7,-14,6.1292880603639395
-7,-14,7.104459739209195
-7,-14,9.785235427495458
-7,-14,2.5
-7,-14,7.159073682904701
-7,-14,2.5
-7,-14,7.552897893597299
-7,-14,3.3604042688447904
-7,-14,2.5
-7,-14,2.5
-7,-14,3.525898989349032
-7,-14,20.690634593071103
-7,-14,7.539252370392762
-7,-14,2.5
-7,-14,9.87947801370295
-7,-14,2.5
-7,-14,2.5
-7,-14,2.5
-7,-14,8.141382045853993
-7,-14,9.950766443788677
-7,-14,2.5
-7,-14,2.5
-7,-14,16.12134639995479
-7,-14,2.5
-6,-14,9.978818126541249
-6,-14,2.5
-6,-14,8.492313308470772
-6,-14,3.0809973260222447
-6,-14,2.5
-6,-14,5.032690668938947
-6,-14,10.960414015896163
-6,-14,8.298112228794723
-6,-14,3.4574995515464995
-6,-14,2.5
-6,-14,9.569694607900436
-6,-14,3.014254364019828
-6,-14,8.822556927485621
-6,-14,2.8969262692227113
-6,-14,2.5
-6,-14,7.048648759206557
-6,-14,7.71603991116844
-6,-14,12.255975506498466
-6,-14,10.53576944311907
-6,-14,2.5
-6,-14,4.605373181850086
-6,-14,14.220906344554155
-6,-14,2.5
-6,-14,10.05987348063946
-6,-14,4.973981913669618
-6,-14,3.162381042528108
-6,-14,8.386613208385919
-6,-14,8.227531169298032
-6,-14,2.5
-6,-14,8.40028685078143
-6,-14,2.5
-6,-14,2.5
-6,-14,10.495409942655915
-6,-14,9.487908137035173
-6,-14,2.5
-6,-14,11.894483836807847
-6,-14,2.5
-6,-14,2.5
-6,-14,4.217612929069963
-6,-14,7.145571279985269
-7,-14,2.5
-7,-14,5.618202943572054
-7,-14,6.20990059698004
-7,-14,16.41166685888279
-7,-14,15.345533454478796
-7,-14,2.5
-7,-14,6.039156768885514
-7,-14,2.5
-7,-14,3.5679376140414516
-7,-14,6.448395225602246
-7,-14,2.5
-7,-14,8.263339617957609
-7,-14,9.614083480384743
-7,-14,9.964353910179952
-7,-14,17.671608809488554
-7,-14,6.497744042644728
-7,-14,2.5
-7,-14,14.869379019416812
-7,-14,5.945216737265371
-7,-14,5.507232426753713
-7,-14,12.700865231288876
-7,-14,4.9417801143149775
-7,-14,2.5
-7,-14,2.5
-7,-14,9.423879589988408
-7,-14,3.708297774623908
-7,-14,12.90798990644063
-7,-14,10.86217356285374
-7,-14,2.5
-7,-14,3.961162232919399
-7,-14,15.762293999359871
-7,-14,16.174824969867487
-7,-14,9.507513357126568
-7,-14,2.5
-7,-14,10.725635653289185
-7,-14,2.5
-7,-14,13.89887568721559
-7,-14,3.9422909307021214
-7,-14,5.39219526078305
-7,-14,2.5
-7,-15,2.5
-7,-15,2.5
-7,-15,8.568076411135564
-7,-15,4.276198549296759
-7,-15,5.9788366714643395
-7,-15,9.42997841329933
-7,-15,8.833627428119918
-7,-15,15.497216506883756
-7,-15,4.9010151138122655
-7,-15,3.4644327546759595
-7,-15,7.363138408225241
-7,-15,2.5
-7,-15,6.94922264538549
-7,-15,2.5
-7,-15,10.149534225916142
-7,-15,8.64776036893345
-7,-15,6.171690954349218
-7,-15,2.6670852259667064
-7,-15,2.5
-7,-15,8.09823592846367
-7,-15,5.008540887910713
-7,-15,9.305454979188205
-7,-15,2.5
-7,-15,4.279662559735306
-7,-15,2.5
-7,-15,9.2049256116489
-7,-15,5.701702626627889
-7,-15,5.00888260094749
-7,-15,2.5
-7,-15,7.466089767554301
-7,-15,2.5
-7,-15,8.580335937439276
-7,-15,2.5
-7,-15,10.232943923271007
-7,-15,2.8332129548784657
-7,-15,2.5
-7,-15,2.5
-7,-15,2.5
-7,-15,2.5
-7,-15,4.893418034305788
-8,-15,11.524385113557988
-8,-15,2.5
-8,-15,9.619252974004361
-8,-15,16.071926351651648
-8,-15,2.5
-8,-15,19.048201330360463
-8,-15,3.68021273828506
-8,-15,8.519669859227697
-8,-15,2.81460663288676
-8,-15,2.5
-8,-15,2.5
-8,-15,5.826981140474383
-8,-15,10.384163828445754
-8,-15,2.5
-8,-15,12.15815261249416
-8,-15,7.939575877579589
-8,-15,9.689652529612466
-8,-15,2.5
-8,-15,2.5
-8,-15,2.5
-8,-15,2.5
-8,-15,2.698682992027451
-8,-15,6.558547339534562
-8,-15,3.1605830747631476
-8,-15,2.5
-8,-15,4.312264764415126
-8,-15,2.5
-8,-15,2.5
-8,-15,3.3773182605131895
-8,-15,6.700660314661033
-8,-15,9.780557208422838
-8,-15,5.411758968224338
-8,-15,15.008545498761581
-8,-15,2.5
-8,-15,7.440583102249269
-8,-15,2.5
-8,-15,10.2800243062822
-8,-15,7.851445782291373
-8,-15,22.036547370716583
-8,-15,2.5
-9,-15,9.991037801946511
-9,-15,2.936971312083208
-9,-15,9.475733609432602
-9,-15,5.010574024727962
-9,-15,2.5
-9,-15,2.5
-9,-15,2.5
-9,-15,2.5
-9,-15,2.5
-9,-15,6.858081765053079
-9,-15,4.891573032736448
-9,-15,2.5
-9,-15,4.308234220679026
-9,-15,9.724675073995073
-9,-15,14.238290889059694
-9,-15,2.5
-9,-15,5.454048492737291
-9,-15,10.80472067797292
-9,-15,2.5
-9,-15,8.95769549924914
-9,-15,2.5290131991206275
-9,-15,5.792703620245276
-9,-15,4.3140391078601175
-9,-15,2.5
-9,-15,2.5
-9,-15,9.092983742966217
-9,-15,2.5
-9,-15,7.778571243467194
-9,-15,5.9221763909349985
-9,-15,10.76361205065322
-9,-15,2.5
-9,-15,16.121506200888458
-9,-15,5.119954752132561
-9,-15,2.5
-9,-15,3.054076603668844
-9,-15,2.664759534864073
-9,-15,2.5
-9,-15,2.5
-9,-15,8.945217973805821
-9,-15,2.5
-10,-15,2.5
-10,-15,9.399921444420535
-10,-15,2.5
-10,-15,5.095532444701277
-10,-15,2.5
-10,-15,2.5
-10,-15,2.5
-10,-15,2.5
-10,-15,2.5
-10,-15,2.5
-10,-15,4.89925694346996
-10,-15,10.410968870623513
-10,-15,9.148120049791567
-10,-15,2.5
-10,-15,2.5
-10,-15,2.8134544678114017
-10,-15,2.5
-10,-15,2.5
-10,-15,8.771611423964693
-10,-15,2.5
-10,-15,2.5
-10,-15,11.301724362209626
-10,-15,5.91287049015736
-10,-15,2.5
-10,-15,8.311500871993369
-10,-15,8.445697193913034
-10,-15,2.5
-10,-15,2.5
-10,-15,3.697081300221481
-10,-15,2.5
-10,-15,2.5
-10,-15,3.8326048521541813
-10,-15,3.28491267010213
-10,-15,3.868275175697038
-10,-15,2.5
-10,-15,14.136430956159847
-10,-15,2.5
-10,-15,2.5
-10,-15,6.375498509982463
-10,-15,2.5
-11,-15,7.3903617379926905
-11,-15,2.5
-11,-15,2.5
-11,-15,15.941438230500056
-11,-15,2.5
-11,-15,5.5560327986750995
-11,-15,2.5
-11,-15,5.582467037835897
-11,-15,2.5
-11,-15,2.5
-11,-15,2.5
-11,-15,6.930828722443466
-11,-15,2.5
-11,-15,10.984510987634081
-11,-15,2.5
-11,-15,2.5
-11,-15,4.562380473121406
-11,-15,2.5
-11,-15,10.33780888425115
-11,-15,4.263624812467722
-11,-15,5.664999061162562
-11,-15,2.5
-11,-15,7.126173369061046
-11,-15,4.256563215373063
-11,-15,6.050600620489533
-11,-15,2.5
-11,-15,4.3313006753108105
-11,-15,2.5
-11,-15,4.568655738171438
-11,-15,2.5
-11,-15,3.640317703623763
-11,-15,2.5
-11,-15,2.5
-11,-15,7.452621472058134
-11,-15,2.5
-11,-15,8.135358878159401
-11,-15,11.999047681524484
-11,-15,3.1163896783825873
-11,-15,3.062035457592887
-11,-15,2.633493871700648
-10,-15,12.791126179905525
-10,-15,2.5
-10,-15,2.6595292317851174
-10,-15,4.805718808353981
-10,-15,10.088644628435864
-10,-15,5.582644187173918
-10,-15,2.5
-10,-15,2.5
-10,-15,6.740532454112037
-10,-15,5.208275221668526
-10,-15,10.74210633607324
-10,-15,2.5
-10,-15,9.933216122805801
-10,-15,2.5
-10,-15,2.5
-10,-15,2.5
-10,-15,2.5
-10,-15,5.8631902700441865
-10,-15,2.5
-10,-15,7.603555564967575
-10,-15,2.5
-10,-15,2.5
-10,-15,2.5
-10,-15,5.465033002627354
-10,-15,7.123357183135665
-10,-15,2.5
-10,-15,15.284083983444754
-10,-15,2.5
-10,-15,4.557146578311039
-10,-15,2.5
-10,-15,2.5
-10,-15,17.768130956967966
-10,-15,3.0193729894677874
-10,-15,5.370368719534583
-10,-15,2.5
-10,-15,2.5
-10,-15,2.5
-10,-15,9.05211364412789
-10,-15,10.245704570740664
-10,-15,2.5
-11,-15,2.5
-11,-15,4.107300790926456
-11,-15,2.5
-11,-15,13.992943045785701
-11,-15,3.2730598330378378
-11,-15,2.5
-11,-15,2.5
-11,-15,2.5
-11,-15,4.911994060694721
-11,-15,2.5
-11,-15,3.3758110216978405
-11,-15,12.194078450161902
-11,-15,2.5
-11,-15,2.5
-11,-15,2.5
-11,-15,2.5
-11,-15,2.5
-11,-15,2.5
-11,-15,6.206344992731079
-11,-15,4.506458086333728
-11,-15,2.5
-11,-15,3.5173639621669532
-11,-15,2.5
-11,-15,8.603083868836993
-11,-15,2.5
-11,-15,2.5
-11,-15,2.5
-11,-15,6.573155577007114
-11,-15,7.290225925781911
-11,-15,2.5
-11,-15,5.248464386741922
-11,-15,2.5
-11,-15,7.353700003600981
-11,-15,6.1028677417357775
-11,-15,11.310946873783477
-11,-15,2.5
-11,-15,2.5
-11,-15,2.5
-11,-15,5.0070124018971995
-11,-15,4.502956326314369
-12,-15,7.886121106783613
-12,-15,2.5
-12,-15,9.176018927854935
-12,-15,2.5
-12,-15,2.5
-12,-15,5.107229691865026
-12,-15,2.5
-12,-15,7.7326173268548
-12,-15,2.5
-12,-15,2.5
-12,-15,2.5
-12,-15,2.5
-12,-15,10.599233164887742
-12,-15,2.5
-12,-15,4.411680274229607
-12,-15,2.5
-12,-15,2.5
-12,-15,5.064911424768168
-12,-15,6.109748391568793
-12,-15,5.289489584113957
-12,-15,2.5
-12,-15,4.646878862506986
-12,-15,2.5
-12,-15,3.4651507206785848
-12,-15,2.5
-12,-15,2.5
-12,-15,2.5
-12,-15,2.5
-12,-15,10.772014158153228
-12,-15,11.30821050084007
-12,-15,2.5
-12,-15,18.145279743290374
-12,-15,11.724282027993086
-12,-15,2.5
-12,-15,5.385017562128928
-12,-15,2.5
-12,-15,2.5
-12,-15,3.008543747005237
-12,-15,2.5
-12,-15,3.9190121365301938
-13,-15,2.5
-13,-15,2.5
-13,-15,7.352157146450916
-13,-15,2.5
-13,-15,3.543175083404164
-13,-15,4.7412721903228805
-13,-15,2.5
-13,-15,2.5
-13,-15,3.45589194187675
-13,-15,3.615009902082437
-13,-15,8.002155733406727
-13,-15,2.5
-13,-15,12.412724888970295
-13,-15,5.194343375960008
-13,-15,8.5513659449375
-13,-15,2.5
-13,-15,2.5
-13,-15,12.964707139853353
-13,-15,2.5
-13,-15,2.5
-13,-15,2.5
-13,-15,6.4956145689815825
-13,-15,2.5
-13,-15,2.5
-13,-15,2.5
-13,-15,2.5
-13,-15,4.216730473068578
-13,-15,4.384759376138088
-13,-15,2.5
-13,-15,2.5
-13,-15,4.108620698060232
-13,-15,2.5949997333390273
-13,-15,6.185918348992034
-13,-15,2.5
-13,-15,2.5
-13,-15,3.8563898551165434
-13,-15,2.5
-13,-15,2.5
-13,-15,2.5
-13,-15,9.37801574233071
-14,-15,2.5
-14,-15,2.5
-14,-15,2.5
-14,-15,2.5
-14,-15,11.72045968827382
-14,-15,2.5
-14,-15,2.5347474696515695
-14,-15,2.5
-14,-15,2.5
-14,-15,2.5
-14,-15,2.5
-14,-15,4.175489791227056
-14,-15,13.953867883128797
-14,-15,2.5
-14,-15,6.6367537214691295
-14,-15,2.5
-14,-15,2.5
-14,-15,4.372649672038518
-14,-15,17.507428588985427
-14,-15,2.5
-14,-15,2.6288300305747754
-14,-15,5.655232999337392
-14,-15,3.1294097700451657
-14,-15,2.5
-14,-15,3.0471617374084956
-14,-15,2.5
-14,-15,10.519397606365272
-14,-15,11.751040603682629
-14,-15,8.163459706738513
-14,-15,12.503407811616444
-14,-15,2.5
-14,-15,3.737490352922391
-14,-15,2.5
-14,-15,2.5
-14,-15,4.321408697206394
-14,-15,2.5
-14,-15,2.5
-14,-15,3.60549399366226
-14,-15,2.5
-14,-15,2.5
-15,-15,2.5
-15,-15,2.5
-15,-15,8.65084104489669
-15,-15,2.5
-15,-15,3.5173235665539693
-15,-15,12.2190769812466
-15,-15,2.5
-15,-15,2.5
-15,-15,2.5
-15,-15,2.5
-15,-15,12.319786078003641
-15,-15,19.878351617320213
-15,-15,2.5
-15,-15,2.5
-15,-15,2.502797476431265
-15,-15,2.5
-15,-15,2.5
-15,-15,2.5
-15,-15,3.155866336902623
-15,-15,2.5
-15,-15,2.5
-15,-15,2.5
-15,-15,2.5
-15,-15,2.5
-15,-15,9.654483813681573
-15,-15,4.31023938227704
-15,-15,4.350513214674025
-15,-15,11.877156898257425
-15,-15,2.5
-15,-15,2.5
-15,-15,2.5
-15,-15,8.096551502318732
-15,-15,6.295925496067194
-15,-15,2.5
-15,-15,6.199247533353556
-15,-15,2.5
-15,-15,6.631700389765483
-15,-15,2.5
-15,-15,2.5
-15,-15,2.5
-15,-16,15.309519873529478
-15,-16,2.5
-15,-16,4.430414998256633
-15,-16,2.5
-15,-16,2.5
-15,-16,2.5
-15,-16,4.957332441752638
-15,-16,2.5
-15,-16,2.5
-15,-16,4.742047311790008
-15,-16,7.301310455797568
-15,-16,2.5
-15,-16,3.63579932373737
-15,-16,2.5
-15,-16,2.5
-15,-16,8.5459710997112
-15,-16,4.081677030721926
-15,-16,5.720045819476706
-15,-16,8.29209147076308
-15,-16,12.889454824243085
-15,-16,2.5
-15,-16,2.754791499676946
-15,-16,2.5
-15,-16,2.5
-15,-16,2.5
-15,-16,2.5
-15,-16,2.5
-15,-16,2.5
-15,-16,8.24143607872233
-15,-16,2.5
-15,-16,2.5850897311253034
-15,-16,2.5
-15,-16,2.5
-15,-16,2.5
-15,-16,6.387234570448072
-15,-16,2.5
-15,-16,2.5
-15,-16,6.1685127020061685
-15,-16,4.2805458183683225
-15,-16,2.5
-16,-16,6.20756236301699
-16,-16,4.039171857146055
-16,-16,2.5
-16,-16,2.5
-16,-16,2.5
-16,-16,2.5
-16,-16,2.5
-16,-16,2.5
-16,-16,3.7756853035715396
-16,-16,2.5
-16,-16,2.5
-16,-16,2.5
-16,-16,2.5
-16,-16,2.5
-16,-16,4.684712213825768
-16,-16,2.5
-16,-16,2.5
-16,-16,2.5
-16,-16,2.5
-16,-16,2.5
-16,-16,13.342999707668119
-16,-16,2.5
-16,-16,2.5
-16,-16,2.5
-16,-16,2.5
-16,-16,8.159700601122283
-16,-16,2.5
-16,-16,2.5
-16,-16,2.5
-16,-16,2.5
-16,-16,2.5
-16,-16,2.5
-16,-16,2.5
-16,-16,5.535149029537587
-16,-16,5.694805712980773
-16,-16,4.338515339319223
-16,-16,3.4877392687142463
-16,-16,2.503855249277919
-16,-16,2.5
-16,-16,2.5
-17,-16,2.5
-17,-16,2.5
-17,-16,2.5
-17,-16,2.5
-17,-16,2.5
-17,-16,2.5
-17,-16,2.5
-17,-16,2.5
-17,-16,2.5
-17,-16,2.5
-17,-16,2.5
-17,-16,2.5
-17,-16,2.5
-17,-16,2.5
-17,-16,2.5
-17,-16,2.5
-17,-16,2.5
-17,-16,2.5
-17,-16,2.5
-17,-16,2.5
-17,-16,3.323734660479011
-17,-16,2.5
-17,-16,2.5
-17,-16,2.5
-17,-16,2.5492553467378185
-17,-16,4.00246200627275
-17,-16,2.5
-17,-16,2.5
-17,-16,2.53147215045543
-17,-16,2.5
-17,-16,3.635212604547096
-17,-16,3.3745596228477153
-17,-16,2.5
-17,-16,2.5
-17,-16,2.5
-17,-16,2.5
-17,-16,2.5
-17,-16,2.5
-17,-16,2.5
-17,-16,2.5
-18,-16,2.8158530227801233
-18,-16,2.5
-18,-16,2.5
-18,-16,2.5
-18,-16,2.5
-18,-16,3.4243303835194734
-18,-16,2.5
-18,-16,2.5
-18,-16,2.5
-18,-16,2.5
-18,-16,2.5
-18,-16,2.5
-18,-16,2.5
-18,-16,2.5
-18,-16,5.286033013165153
-18,-16,2.5
-18,-16,2.5
-18,-16,2.5
-18,-16,3.59768862927182
-18,-16,2.5
-18,-16,2.5
-18,-16,2.5
-18,-16,2.5
-18,-16,2.5
-18,-16,2.5
-18,-16,2.5
-18,-16,2.5
-18,-16,2.5
-18,-16,2.5
-18,-16,6.66627634207858
-18,-16,2.5
-18,-16,2.5
-18,-16,14.688594950471575
-18,-16,7.9632747468235845
-18,-16,2.5
-18,-16,2.5
-18,-16,2.5
-18,-16,2.5
-18,-16,2.5
-18,-16,6.148304815354641
-19,-16,2.5
-19,-16,6.859562290998079
-19,-16,8.757729840502394
-19,-16,2.5
-19,-16,2.5
-19,-16,2.5
-19,-16,2.5
-19,-16,2.5
-19,-16,2.5
-19,-16,6.813228627986286
-19,-16,2.5
-19,-16,2.5
-19,-16,8.623031207297208
-19,-16,2.5
-19,-16,2.5
-19,-16,2.5
-19,-16,2.5
-19,-16,4.8522041460746275
-19,-16,2.5
-19,-16,2.5
-19,-16,2.572746443024562
-19,-16,2.5
-19,-16,2.5
-19,-16,2.5
-19,-16,2.5
-19,-16,2.5
-19,-16,2.5
-19,-16,2.5
-19,-16,2.5
-19,-16,3.358674148714066
-19,-16,2.5
-19,-16,2.5
-19,-16,2.5
-19,-16,2.5
-19,-16,2.5
-19,-16,13.81745738976811
-19,-16,2.5
-19,-16,2.5
-19,-16,2.5
-19,-16,2.5
-20,-16,2.5
-20,-16,12.079589585699235
-20,-16,2.5
-20,-16,10.525729672228263
-20,-16,2.5
-20,-16,2.5
-20,-16,2.5
-20,-16,2.5
-20,-16,2.5
-20,-16,2.5
-20,-16,2.5
-20,-16,2.5
-20,-16,2.5
-20,-16,2.5
-20,-16,2.5
-20,-16,2.5
-20,-16,2.5
-20,-16,2.5
-20,-16,2.5
-20,-16,2.5
-20,-16,2.5
-20,-16,10.788068031231028
-20,-16,2.5
-20,-16,2.5
-20,-16,2.5
-20,-16,3.0669029521706004
-20,-16,2.5
-20,-16,2.609813672061924
-20,-16,2.5
-20,-16,2.5
-20,-16,2.5
-20,-16,5.8760619132436265
-20,-16,15.196707443621603
-20,-16,2.5
-20,-16,2.5
-20,-16,2.5
-20,-16,2.5
-20,-16,2.5
-20,-16,2.5
-20,-16,2.70292121486475
-19,-16,2.5
-19,-16,2.5
-19,-16,2.5
-19,-16,2.5
-19,-16,2.5
-19,-16,2.5
-19,-16,3.272243187371152
-19,-16,2.5
-19,-16,2.5
-19,-16,2.5
-19,-16,2.5
-19,-16,2.5
-19,-16,5.919928172208758
-19,-16,2.5
-19,-16,2.5
-19,-16,5.137552812913588
-19,-16,2.5
-19,-16,2.5
-19,-16,2.5
-19,-16,2.5
-19,-16,2.5
-19,-16,2.5
-19,-16,2.646071671925035
-19,-16,2.5
-19,-16,2.5
-19,-16,8.959265928701956
-19,-16,2.5
-19,-16,2.5
-19,-16,2.5
-19,-16,3.903407488046727
-19,-16,2.5
-19,-16,6.92005439614209
-19,-16,2.5
-19,-16,2.8366396654586072
-19,-16,12.458968997134296
-19,-16,2.5
-19,-16,2.5
-19,-16,2.5
-19,-16,2.5
-19,-16,2.5
-19,-17,2.5
-19,-17,2.5
-19,-17,2.5
-19,-17,2.5
-19,-17,2.5
-19,-17,2.5
-19,-17,2.5
-19,-17,2.5
-19,-17,2.5
-19,-17,2.5
-19,-17,2.5
-19,-17,2.5
-19,-17,9.680451136277739
-19,-17,2.5
-19,-17,2.5
-19,-17,2.5
-19,-17,2.5
-19,-17,2.5
-19,-17,2.5
-19,-17,2.5
-19,-17,2.5
-19,-17,2.909321672690763
-19,-17,6.5988331017555755
-19,-17,2.5
-19,-17,2.5
-19,-17,2.5
-19,-17,2.5
-19,-17,6.1002904091184345
-19,-17,2.5
-19,-17,7.441510855402353
-19,-17,4.287521349879039
-19,-17,5.47226631591052
-19,-17,2.5
-19,-17,2.5
-19,-17,4.884249456577768
-19,-17,2.5
-19,-17,2.5
-19,-17,2.5
-19,-17,2.5
-19,-17,2.5
-18,-17,2.5
-18,-17,2.5
-18,-17,11.674516460304067
-18,-17,2.5
-18,-17,2.5
-18,-17,2.5
-18,-17,2.5
-18,-17,2.5
-18,-17,2.5
-18,-17,2.5
-18,-17,2.5
-18,-17,2.5
-18,-17,2.5
-18,-17,2.5
-18,-17,2.5
-18,-17,2.5
-18,-17,2.5
-18,-17,2.5
-18,-17,2.5
-18,-17,2.5
-18,-17,2.5
-18,-17,2.5
-18,-17,2.5
-18,-17,2.5
-18,-17,2.5
-18,-17,2.5
-18,-17,2.5
-18,-17,9.420509976069793
-18,-17,2.5
-18,-17,2.5
-18,-17,2.5
-18,-17,2.5
-18,-17,2.5
-18,-17,4.342985688729692
-18,-17,2.5
-18,-17,2.5
-18,-17,2.5
-18,-17,2.5
-18,-17,2.5
-18,-17,2.5
-18,-16,2.5
-18,-16,2.5
-18,-16,2.5
-18,-16,2.5
-18,-16,2.5
-18,-16,2.5
-18,-16,2.5
-18,-16,2.5
-18,-16,9.544680647217117
-18,-16,2.5
-18,-16,2.5
-18,-16,2.5
-18,-16,2.5
-18,-16,2.5
-18,-16,2.5
-18,-16,2.5
-18,-16,3.051545855801261
-18,-16,2.5
-18,-16,2.5
-18,-16,6.24365745991591
-18,-16,6.372978419329473
-18,-16,4.00865631627252
-18,-16,2.5
-18,-16,2.5386158137535633
-18,-16,2.5
-18,-16,2.5
-18,-16,2.5
-18,-16,4.306753214782809
-18,-16,6.601388651671336
-18,-16,2.5
-18,-16,2.5
-18,-16,2.5
-18,-16,2.5
-18,-16,2.5
-18,-16,2.5
-18,-16,2.5
-18,-16,2.5
-18,-16,10.566340206328075
-18,-16,2.5
-18,-16,2.5
-17,-16,4.988553518830602
-17,-16,2.5
-17,-16,2.5
-17,-16,2.5
-17,-16,2.5
-17,-16,2.5
-17,-16,6.406330655883596
-17,-16,2.5
-17,-16,7.765723867623173
-17,-16,2.5
-17,-16,2.5
-17,-16,4.449966466590649
-17,-16,2.5
-17,-16,2.5
-17,-16,5.958037892840013
-17,-16,2.5
-17,-16,2.5
-17,-16,2.5
-17,-16,9.383035619742275
-17,-16,2.5
-17,-16,2.5
-17,-16,7.335580825651175
-17,-16,2.5
-17,-16,6.356347722508373
-17,-16,2.5
-17,-16,2.5
-17,-16,2.5
-17,-16,3.338323994712983
-17,-16,10.345701684736417
-17,-16,2.5
-17,-16,2.5
-17,-16,2.5
-17,-16,2.5
-17,-16,2.5
-17,-16,3.8971135604391907
-17,-16,2.5
-17,-16,2.5
-17,-16,2.5
-17,-16,2.5
-17,-16,6.7983284450269235
-16,-16,2.5
-16,-16,2.5
-16,-16,2.5
-16,-16,2.5
-16,-16,2.5
-16,-16,6.167007297279462
-16,-16,2.5
-16,-16,3.139318709781687
-16,-16,2.5
-16,-16,2.5
-16,-16,2.5
-16,-16,2.5
-16,-16,2.5
-16,-16,2.5
-16,-16,2.5
-16,-16,2.5
-16,-16,4.231040599848908
-16,-16,6.150050742044358
-16,-16,6.058475290033657
-16,-16,6.532046042548584
-16,-16,2.5
-16,-16,7.4195654959293424
-16,-16,2.5
-16,-16,2.5
-16,-16,2.5
-16,-16,2.5
-16,-16,2.5
-16,-16,2.5
-16,-16,4.156572382868964
-16,-16,2.5
-16,-16,2.5
-16,-16,2.5
-16,-16,2.5
-16,-16,15.556153530593786
-16,-16,7.689735384071804
-16,-16,6.112325749498863
-16,-16,2.5
-16,-16,2.5
-16,-16,2.5
-16,-16,2.5
-15,-16,2.5
-15,-16,4.520437700455004
-15,-16,3.571599871532167
-15,-16,2.5
-15,-16,2.5
-15,-16,2.5
-15,-16,2.5
-15,-16,2.5
-15,-16,2.5
-15,-16,2.5
-15,-16,2.5
-15,-16,9.171468268627649
-15,-16,2.5
-15,-16,2.5
-15,-16,2.5
-15,-16,2.5
-15,-16,2.5
-15,-16,2.5
-15,-16,2.5
-15,-16,2.5
-15,-16,2.5
-15,-16,2.6049255035658074
-15,-16,2.5
-15,-16,2.5
-15,-16,2.5
-15,-16,4.649650890049741
-15,-16,2.5
-15,-16,2.5
-15,-16,2.5
-15,-16,12.036379835270335
-15,-16,6.618356988253006
-15,-16,2.5
-15,-16,2.5
-15,-16,3.539419489115228
-15,-16,2.5
-15,-16,2.5
-15,-16,12.385506064497495
-15,-16,6.472639540192716
-15,-16,2.5
-15,-16,5.485937917218878
-15,-15,10.125648158121649
-15,-15,3.9477613478627887
-15,-15,3.000526534373284
-15,-15,2.5
-15,-15,5.807771186126892
-15,-15,2.5
-15,-15,2.5
-15,-15,6.969393861960635
-15,-15,2.5
-15,-15,2.5491093851095976
-15,-15,2.5
-15,-15,5.7014356542769935
-15,-15,5.587315340499429
-15,-15,5.405368072649206
-15,-15,8.97259716459339
-15,-15,5.52904829051485
-15,-15,2.5
-15,-15,10.383691015360338
-15,-15,2.5
-15,-15,3.0416048808673737
-15,-15,10.78508227471179
-15,-15,2.5
-15,-15,6.024794767395162
-15,-15,2.5
-15,-15,9.58471281196102
-15,-15,2.5
-15,-15,7.074993684209654
-15,-15,2.5
-15,-15,2.5
-15,-15,12.11813847621794
-15,-15,10.102163292654721
-15,-15,2.5
-15,-15,3.919241207198316
-15,-15,2.5
-15,-15,2.5
-15,-15,2.5
-15,-15,4.215518165701741
-15,-15,3.7977999323982043
-15,-15,12.068580695860504
-15,-15,2.5
-14,-15,2.5
-14,-15,9.911724153056609
-14,-15,2.5
-14,-15,6.051346234341626
-14,-15,2.5
-14,-15,2.5
-14,-15,2.5
-14,-15,2.5
-14,-15,7.170181596691521
-14,-15,2.5
-14,-15,6.106580556530373
-14,-15,2.5
-14,-15,2.5
-14,-15,2.5
-14,-15,2.5
-14,-15,2.5
-14,-15,2.5
-14,-15,2.5
-14,-15,3.4876732064776608
-14,-15,12.387651426962456
-14,-15,2.5
-14,-15,3.6087336479167282
-14,-15,2.5
-14,-15,2.5
-14,-15,2.5
-14,-15,2.5
-14,-15,3.615274204941068
-14,-15,5.75960936076405
-14,-15,2.5
-14,-15,2.5
-14,-15,2.5
-14,-15,7.703287706553902
-14,-15,3.8134600219529626
-14,-15,2.5
-14,-15,2.5
-14,-15,2.5
-14,-15,2.642245011886156
-14,-15,3.030778082290675
-14,-15,2.5
-14,-15,4.850556253872195
-13,-15,2.5
-13,-15,2.5
-13,-15,2.5
-13,-15,12.929964900370146
-13,-15,2.5
-13,-15,2.5
-13,-15,5.613339933495411
-13,-15,2.5
-13,-15,2.5
-13,-15,7.5139665407460186
-13,-15,2.5
-13,-15,2.5
-13,-15,6.0929295051417345
-13,-15,5.160175867359834
-13,-15,8.315791454430912
-13,-15,4.38413452095157
-13,-15,2.5
-13,-15,2.6398890960225754
-13,-15,2.5
-13,-15,10.897336229516533
-13,-15,6.349384280389135
-13,-15,2.5
-13,-15,10.565430748847138
-13,-15,2.9344601136169484
-13,-15,11.312165537251097
-13,-15,3.4792005300880913
-13,-15,2.5
-13,-15,2.5
-13,-15,2.5
-13,-15,2.5
-13,-15,2.5
-13,-15,2.5
-13,-15,2.5
-13,-15,2.5
-13,-15,2.5
-13,-15,17.72038164440351
-13,-15,6.043574731691805
-13,-15,2.5
-13,-15,4.849289647487655
-13,-15,4.350648716794237
-12,-15,2.5
-12,-15,2.9826351652501852
-12,-15,6.18559527844764
-12,-15,8.295840576061886
-12,-15,3.459555988543117
-12,-15,2.5
-12,-15,2.5
-12,-15,8.355892115170688
-12,-15,3.591432946993169
-12,-15,2.549205756256399
-12,-15,5.020396549111528
-12,-15,2.5
-12,-15,7.3812349490392934
-12,-15,6.419126142280614
-12,-15,3.6967574494420434
-12,-15,3.7068389721279478
-12,-15,4.3681251942570505
-12,-15,2.5
-12,-15,2.5
-12,-15,4.452908656456071
-12,-15,2.5
-12,-15,2.5
-12,-15,13.460368688373574
-12,-15,5.4383853683427805
-12,-15,6.555786833205772
-12,-15,2.5
-12,-15,4.890153190103723
-12,-15,2.5
-12,-15,4.2362641272458355
-12,-15,7.097528468646779
-12,-15,2.5
-12,-15,5.503144947877088
-12,-15,5.65449359719033
-12,-15,2.5
-12,-15,2.5
-12,-15,2.5
-12,-15,2.5
-12,-15,2.5
-12,-15,8.830682353214861
-12,-15,3.376446790077155
-12,-16,2.5
-12,-16,2.5
-12,-16,2.5
-12,-16,2.5
-12,-16,4.941591392731537
-12,-16,8.849656648889628
-12,-16,2.5
-12,-16,2.5
-12,-16,2.5
-12,-16,9.183649427723541
-12,-16,13.1046386249893
-12,-16,2.5
-12,-16,6.630728585330139
-12,-16,2.5
-12,-16,2.5
-12,-16,2.5
-12,-16,2.5
-12,-16,4.3526096805156165
-12,-16,5.641721737338728
-12,-16,4.802159433848909
-12,-16,7.7743635906770985
-12,-16,3.6496390679831574
-12,-16,9.620789114713752
-12,-16,2.5
-12,-16,2.5
-12,-16,2.5
-12,-16,7.30721685681717
-12,-16,2.5
-12,-16,2.5
-12,-16,2.5
-12,-16,2.67237855240505
-12,-16,2.5
-12,-16,2.5
-12,-16,4.102647211596993
-12,-16,5.063979767991592
-12,-16,2.5
-12,-16,5.965753671578498
-12,-16,2.5
-12,-16,2.5
-12,-16,3.3926431891944904
-12,-15,2.6010601142013927
-12,-15,2.5
-12,-15,9.397961086532641
-12,-15,2.5
-12,-15,2.5
-12,-15,3.0521305012189313
-12,-15,2.5
-12,-15,2.9471799061611548
-12,-15,2.5
-12,-15,2.5
-12,-15,2.5
-12,-15,2.5
-12,-15,2.5
-12,-15,7.208513038818366
-12,-15,2.5
-12,-15,2.5
-12,-15,10.90354005754191
-12,-15,8.099030795506721
-12,-15,2.5
-12,-15,14.851537481595896
-12,-15,2.5
-12,-15,4.817730085986753
-12,-15,3.3764523205198014
-12,-15,14.440016640506245
-12,-15,5.679703578144052
-12,-15,2.708786356277389
-12,-15,2.9701114205149617
-12,-15,2.5
-12,-15,12.938453128481646
-12,-15,2.5
-12,-15,2.8074760854191494
-12,-15,2.5
-12,-15,4.369486152415957
-12,-15,2.711284862480483
-12,-15,2.5
-12,-15,2.5
-12,-15,2.5
-12,-15,2.5
-12,-15,13.839877004976426
-12,-15,3.032557307019058
-13,-15,2.5
-13,-15,2.5
-13,-15,12.944036129036837
-13,-15,2.5
-13,-15,5.555811735746051
-13,-15,2.5
-13,-15,2.5
-13,-15,2.5
-13,-15,5.388528548253765
-13,-15,2.5
-13,-15,2.5
-13,-15,2.5
-13,-15,2.5
-13,-15,7.47647482061793
-13,-15,5.057040948472709
-13,-15,2.6421727756835054
-13,-15,2.5
-13,-15,2.5
-13,-15,2.5
-13,-15,14.43246865810597
-13,-15,2.5
-13,-15,2.5
-13,-15,2.5
-13,-15,2.5
-13,-15,2.5
-13,-15,2.5
-13,-15,12.792799785082678
-13,-15,2.8476077803458293
-13,-15,6.055744862591925
-13,-15,9.688276766236497
-13,-15,3.9346410236984273
-13,-15,2.5
-13,-15,2.5
-13,-15,2.5
-13,-15,2.5
-13,-15,4.531756314475937
-13,-15,8.280841148552799
-13,-15,2.8072332134782423
-13,-15,4.8908163292936395
-13,-15,2.5
-12,-15,7.299146994885149
-12,-15,2.5
-12,-15,2.5
-12,-15,6.570243763682678
-12,-15,2.5
-12,-15,4.600704824501507
-12,-15,8.506697847674843
-12,-15,4.5944921513785015
-12,-15,8.254883436195263
-12,-15,2.5
-12,-15,9.70882602359761
-12,-15,2.5
-12,-15,2.5
-12,-15,2.5
-12,-15,7.128818538230935
-12,-15,2.5
-12,-15,2.5
-12,-15,14.827148792173647
-12,-15,4.636656191577067
-12,-15,3.072314556311284
-12,-15,2.5
-12,-15,2.5
-12,-15,8.961629004583894
-12,-15,2.5
-12,-15,2.5
-12,-15,2.5
-12,-15,2.5
-12,-15,4.381628759202281
-12,-15,2.5
-12,-15,7.814635758137501
-12,-15,3.200603034694575
-12,-15,6.512493552453924
-12,-15,2.9747667567021354
-12,-15,2.5
-12,-15,2.5
-12,-15,2.5
-12,-15,2.5
-12,-15,5.431809467366411
-12,-15,5.016606718809179
-12,-15,2.5
-11,-15,4.211018703674141
-11,-15,2.5
-11,-15,9.041553625610899
-11,-15,3.9730798587402685
-11,-15,2.5
-11,-15,2.5
-11,-15,11.150108797988857
-11,-15,6.079240404251658
-11,-15,3.7881721919550597
-11,-15,2.5
-11,-15,6.408934134291638
-11,-15,9.629044221450076
-11,-15,2.5
-11,-15,7.455583814901465
-11,-15,8.813027827846788
-11,-15,4.857915899221567
-11,-15,8.838068784743761
-11,-15,2.5
-11,-15,6.138380638083228
-11,-15,4.300183712226675
-11,-15,3.125214515930882
-11,-15,2.5
-11,-15,2.5
-11,-15,3.121685251764718
-11,-15,2.843551713421573
-11,-15,5.2619613821447
-11,-15,7.753829232715341
-11,-15,3.94373545004628
-11,-15,13.952038391098153
-11,-15,7.183983326769681
-11,-15,12.496907006314874
-11,-15,2.5
-11,-15,3.0313635095129747
-11,-15,2.5
-11,-15,11.335002065955964
-11,-15,9.6812544691105
-11,-15,4.767431350760531
-11,-15,3.6620801704118615
-11,-15,2.5
-11,-15,2.5
-10,-15,8.843829265209877
-10,-15,5.873928776856189
-10,-15,2.5
-10,-15,2.5
-10,-15,2.560614718752183
-10,-15,2.5
-10,-15,2.5
-10,-15,11.560796672474456
-10,-15,2.5
-10,-15,5.620367191671285
-10,-15,2.5
-10,-15,5.476859477681682
-10,-15,3.6329104395789953
-10,-15,8.353873573105282
-10,-15,11.648206107103425
-10,-15,5.0392047472572195
-10,-15,5.316420760222295
-10,-15,3.6217654591394255
-10,-15,2.5
-10,-15,2.5
-10,-15,2.5
-10,-15,6.178912121645561
-10,-15,2.525417264240013
-10,-15,5.1427975965157335
-10,-15,15.592955844719146
-10,-15,5.132823916818597
-10,-15,2.5
-10,-15,5.684168864108897
-10,-15,2.5
-10,-15,2.5
-10,-15,10.534052215577931
-10,-15,2.5
-10,-15,15.443177364247354
-10,-15,3.9608442075637424
-10,-15,2.5
-10,-15,2.5
-10,-15,2.5
-10,-15,5.283114439161974
-10,-15,4.953498479552951
-10,-15,18.433722565421434
-9,-15,2.5
-9,-15,4.071038419390426
-9,-15,5.290812026180259
-9,-15,4.67859499985761
-9,-15,7.257375375349401
-9,-15,2.5
-9,-15,12.20865732994873
-9,-15,2.5
-9,-15,6.888751217199768
-9,-15,5.109113781969574
-9,-15,7.171092453594959
-9,-15,3.91674269766773
-9,-15,2.5
-9,-15,7.909398099413224
-9,-15,6.876837124071557
-9,-15,2.5
-9,-15,2.5
-9,-15,2.5
-9,-15,2.5
-9,-15,8.95722040369224
-9,-15,10.172390178994494
-9,-15,12.103929505456113
-9,-15,7.101678737025329
-9,-15,2.5
-9,-15,2.5
-9,-15,10.105015740042418
-9,-15,2.5
-9,-15,2.5
-9,-15,7.356145999956091
-9,-15,3.6993186726294844
-9,-15,2.5
-9,-15,2.5
-9,-15,2.5
-9,-15,2.5
-9,-15,9.809430476760049
-9,-15,2.5
-9,-15,2.8491215258188856
-9,-15,2.5
-9,-15,9.414064775939787
-9,-15,7.594540989433375
-8,-15,6.223781601268801
-8,-15,2.9501495611273305
-8,-15,2.5
-8,-15,4.514588675196691
-8,-15,2.5
-8,-15,7.178111521842108
-8,-15,7.361374381951181
-8,-15,2.5
-8,-15,2.5
-8,-15,4.940168318667341
-8,-15,4.244066481897978
-8,-15,2.5
-8,-15,3.9752386487785025
-8,-15,2.5
-8,-15,2.5
-8,-15,6.809732740808016
-8,-15,13.18561964247036
-8,-15,6.091981306688791
-8,-15,10.249680096210948
-8,-15,12.302943191906829
-8,-15,2.5
-8,-15,8.189380032111773
-8,-15,6.4660691288321654
-8,-15,2.5
-8,-15,2.5
-8,-15,2.5
-8,-15,8.762565127207965
-8,-15,2.691757547121024
-8,-15,2.5
-8,-15,17.871935806295724
-8,-15,4.251941698685159
-8,-15,5.531167889337261
-8,-15,3.679646199501356
-8,-15,2.5
-8,-15,12.694703200030082
-8,-15,2.5
-8,-15,4.062826266886513
-8,-15,15.89725332828997
-8,-15,4.1321934663031
-8,-15,16.243195716729055
-9,-15,2.5
-9,-15,2.5
-9,-15,2.83255797486992
-9,-15,5.598968918855784
-9,-15,5.295657079573012
-9,-15,2.9153418192134994
-9,-15,4.990694781220527
-9,-15,2.5
-9,-15,8.484870996777639
-9,-15,2.5
-9,-15,2.5
-9,-15,4.996632002437988
-9,-15,3.9717946238127757
-9,-15,10.83855080919756
-9,-15,2.5
-9,-15,2.5
-9,-15,7.974928215467229
-9,-15,2.5
-9,-15,2.5
-9,-15,4.133545981592625
-9,-15,2.5
-9,-15,2.5
-9,-15,4.858902237980555
-9,-15,2.5
-9,-15,10.158541148863895
-9,-15,2.5
-9,-15,12.521003894826332
-9,-15,6.2971496803113585
-9,-15,2.5
-9,-15,2.5
-9,-15,12.907070062853755
-9,-15,3.929342500626965
-9,-15,2.5
-9,-15,7.560627066276322
-9,-15,2.5
-9,-15,3.2009528751961347
-9,-15,6.746099747090501
-9,-15,2.5
-9,-15,11.415848052175958
-9,-15,5.275230972429709
-9,-16,6.590557578501052
-9,-16,2.5
-9,-16,4.677621390304235
-9,-16,3.4244899329781835
-9,-16,2.5
-9,-16,4.133631481210969
-9,-16,2.985133462941132
-9,-16,4.1471760379338525
-9,-16,4.40050812135133
-9,-16,11.906322268141583
-9,-16,5.997526714379469
-9,-16,6.912039671693617
-9,-16,6.907710222450227
-9,-16,6.969585231168639
-9,-16,6.3633342810968045
-9,-16,2.5
-9,-16,10.450933040915547
-9,-16,7.7091114365100974
-9,-16,6.840066602778659
-9,-16,2.5
-9,-16,13.732558630698014
-9,-16,2.5
-9,-16,2.5
-9,-16,2.844219692846587
-9,-16,2.5
-9,-16,2.5
-9,-16,2.5
-9,-16,2.7388631826658596
-9,-16,3.477716069646244
-9,-16,7.090687567596345
-9,-16,7.375083171564848
-9,-16,9.305469082722762
-9,-16,13.601099029664365
-9,-16,2.5
-9,-16,9.74499738746642
-9,-16,4.966904849435737
-9,-16,6.9700871799206725
-9,-16,2.5
-9,-16,2.649461675573408
-9,-16,2.5
-9,-15,6.775321545623589
-9,-15,2.5
-9,-15,2.5
-9,-15,11.340082192954052
-9,-15,2.5
-9,-15,2.5
-9,-15,2.5
-9,-15,6.6137793376143375
-9,-15,2.5
-9,-15,2.5
-9,-15,3.177694595363209
-9,-15,7.377813120380054
-9,-15,12.220493405521363
-9,-15,4.6137883549327725
-9,-15,2.5
-9,-15,2.5
-9,-15,2.5
-9,-15,2.5
-9,-15,3.046289332986973
-9,-15,2.5
-9,-15,8.346159059567444
-9,-15,8.805156091995244
-9,-15,12.127956881970963
-9,-15,6.752176608941481
-9,-15,2.5
-9,-15,2.5
-9,-15,2.5
-9,-15,12.303622451989376
-9,-15,2.5
-9,-15,7.5276858840454235
-9,-15,2.5
-9,-15,2.5
-9,-15,2.5
-9,-15,2.5
-9,-15,2.5
-9,-15,15.01431974548827
-9,-15,7.9360328643131
-9,-15,2.5
-9,-15,4.305392180983874
-9,-15,2.5
-8,-15,9.85180041723473
-8,-15,2.5
-8,-15,2.5
-8,-15,3.1141481005674727
-8,-15,11.567030589440975
-8,-15,3.167527210339361
-8,-15,2.5
-8,-15,3.381579214817326
-8,-15,10.003614795401061
-8,-15,2.5
-8,-15,11.393620261633938
-8,-15,2.5
-8,-15,8.835526948583198
-8,-15,10.395816257455195
-8,-15,2.5
-8,-15,2.5
-8,-15,14.285388839619513
-8,-15,2.5
-8,-15,4.839531867759568
-8,-15,5.928282672686457
-8,-15,2.5
-8,-15,6.5044507811788765
-8,-15,6.555444972439439
-8,-15,8.455897778681287
-8,-15,2.7018663101923366
-8,-15,9.234997856366238
-8,-15,2.5
-8,-15,9.26643261589664
-8,-15,7.97751523219711
-8,-15,2.5
-8,-15,6.452028914860361
-8,-15,5.51709627804569
-8,-15,4.518183660857859
-8,-15,2.5
-8,-15,5.528849467169094
-8,-15,2.5
-8,-15,2.5
-8,-15,9.412890647537623
-8,-15,2.5
-8,-15,2.5
-8,-14,2.5
-8,-14,5.793831479085602
-8,-14,2.5
-8,-14,10.157993195737978
-8,-14,8.445218518373444
-8,-14,2.5
-8,-14,6.210319687019053
-8,-14,4.219429166306884
-8,-14,5.80134355995987
-8,-14,2.5
-8,-14,8.244658096418448
-8,-14,2.5
-8,-14,4.407036454115397
-8,-14,7.522273545888748
-8,-14,7.982697965684535
-8,-14,10.999849812731696
-8,-14,7.771813682003915
-8,-14,3.13862760862465
-8,-14,10.5264357738487
-8,-14,2.5
-8,-14,3.3448917354664367
-8,-14,2.5
-8,-14,5.023821334251096
-8,-14,5.783472926434418
-8,-14,2.5
-8,-14,7.050632262856362
-8,-14,6.965619606163708
-8,-14,8.104594750800278
-8,-14,10.352822248816128
-8,-14,4.4572169333303036
-8,-14,8.10148530026941
-8,-14,5.899054707151962
-8,-14,9.94960086347404
-8,-14,2.5
-8,-14,2.5
-8,-14,2.5
-8,-14,8.486793610260737
-8,-14,11.277392418394376
-8,-14,2.5
-8,-14,10.10517158987257
-7,-14,8.453334372072913
-7,-14,2.5
-7,-14,13.32700910600017
-7,-14,2.5
-7,-14,8.433991799311361
-7,-14,6.375137046489597
-7,-14,4.909781255380532
-7,-14,2.5
-7,-14,10.436954469951685
-7,-14,11.433265663361084
-7,-14,2.5
-7,-14,15.162618416543177
-7,-14,12.777566750388461
-7,-14,10.516300090298976
-7,-14,2.5
-7,-14,6.542814534203171
-7,-14,2.5
-7,-14,3.974325962018786
-7,-14,5.888018098115046
-7,-14,6.9730534002895315
-7,-14,9.38425964706926
-7,-14,2.5
-7,-14,2.5
-7,-14,4.859444573495705
-7,-14,2.5315464417236675
-7,-14,14.376272215672335
-7,-14,4.7416964796535455
-7,-14,7.616255941335558
-7,-14,2.5
-7,-14,2.5
-7,-14,2.5
-7,-14,15.457638109828238
-7,-14,7.957464553906069
-7,-14,4.293313740907649
-7,-14,7.540040814986116
-7,-14,13.867584219077008
-7,-14,8.146286237178131
-7,-14,4.820815420998184
-7,-14,7.541801146583486
-7,-14,7.447326209305028
-6,-14,6.861632621264445
-6,-14,2.5
-6,-14,6.077145027592017
-6,-14,5.99521851580688
-6,-14,11.201004841293022
-6,-14,13.098926063359098
-6,-14,6.577213523937883
-6,-14,4.728216272304935
-6,-14,3.4443474377477914
-6,-14,6.058928231519945
-6,-14,5.475392080724571
-6,-14,2.5
-6,-14,19.836034874132125
-6,-14,6.788730624172078
-6,-14,14.575069857634135
-6,-14,2.5
-6,-14,2.5
-6,-14,8.894514565860616
-6,-14,9.193870452605392
-6,-14,14.004681246944331
-6,-14,5.659279033017086
-6,-14,4.510229315332091
-6,-14,4.971417303506868
-6,-14,2.5
-6,-14,15.248170856054793
-6,-14,2.5
-6,-14,2.5
-6,-14,2.5
-6,-14,2.5
-6,-14,3.68265932285178
-6,-14,8.439214847419464
-6,-14,6.475490807793478
-6,-14,5.666877769186154
-6,-14,10.783955653502339
-6,-14,9.997592289351045
-6,-14,6.821753348117947
-6,-14,14.548699098745717
-6,-14,10.66629721731937
-6,-14,2.5
-6,-14,7.366406080038632
-5,-14,2.5
-5,-14,2.5
-5,-14,2.5
-5,-14,5.908188041133324
-5,-14,15.709021263550204
-5,-14,7.7634444451941045
-5,-14,9.540080872680736
-5,-14,7.769119867736822
-5,-14,4.877681495366245
-5,-14,4.118094709780883
-5,-14,2.5
-5,-14,11.88172470804274
-5,-14,5.155819141040055
-5,-14,10.768765253603782
-5,-14,2.5
-5,-14,2.5
-5,-14,4.015303552240576
-5,-14,4.602031693197375
-5,-14,2.5
-5,-14,2.5
-5,-14,5.596601009394825
-5,-14,4.892475677156231
-5,-14,2.5
-5,-14,5.80706686540544
-5,-14,2.575537791640108
-5,-14,7.376252836442467
-5,-14,14.719720117244535
-5,-14,8.912973989924694
-5,-14,8.517666063891804
-5,-14,2.5
-5,-14,5.090094837806967
-5,-14,4.389376505937744
-5,-14,2.5
-5,-14,7.996477488133027
-5,-14,11.122663071511967
-5,-14,7.248270083321111
-5,-14,2.5
-5,-14,5.647992080957264
-5,-14,2.5
-5,-14,5.2759807562572965
-5,-13,2.5
-5,-13,8.743836844377851
-5,-13,17.849752466193554
-5,-13,8.794335258769634
-5,-13,2.5
-5,-13,10.313747146794888
-5,-13,13.132789693956058
-5,-13,8.06862946266855
-5,-13,9.387923661175611
-5,-13,9.207961837532302
-5,-13,2.5
-5,-13,4.185880221991546
-5,-13,2.5
-5,-13,2.5
-5,-13,5.005707855098053
-5,-13,9.154247548984412
-5,-13,11.961003803781992
-5,-13,10.139505437127916
-5,-13,2.5
-5,-13,3.3696422363701384
-5,-13,12.811724241174751
-5,-13,3.8216006423082685
-5,-13,2.5
-5,-13,14.369974889288073
-5,-13,4.099301265281914
-5,-13,7.217521503254984
-5,-13,4.039076643914286
-5,-13,2.5
-5,-13,11.384572668878162
-5,-13,2.5
-5,-13,6.922677871263567
-5,-13,11.36574678727461
-5,-13,6.02599927548825
-5,-13,2.5
-5,-13,7.351675197630303
-5,-13,16.47118061597893
-5,-13,3.3377268705315633
-5,-13,13.482673527635743
-5,-13,6.528201203659046
-5,-13,9.521140278345566
-4,-13,13.159466576966317
-4,-13,12.090005573186723
-4,-13,7.883436231686753
-4,-13,2.5
-4,-13,2.5
-4,-13,2.5
-4,-13,3.4050378338391263
-4,-13,11.549793312973602
-4,-13,6.557847389224786
-4,-13,9.505654621759811
-4,-13,2.5
-4,-13,9.29585773200529
-4,-13,3.8179469312014676
-4,-13,6.613584871175933
-4,-13,15.109089381120818
-4,-13,5.485425782933262
-4,-13,2.5
-4,-13,14.010519795426873
-4,-13,2.5
-4,-13,10.415341396029582
-4,-13,6.392071320356013
-4,-13,9.696066392078112
-4,-13,10.589303038106952
-4,-13,12.087757723437363
-4,-13,2.5
-4,-13,5.6306760773048685
-4,-13,2.5
-4,-13,2.5
-4,-13,12.754521029163216
-4,-13,3.3325611355937044
-4,-13,12.554054677923155
-4,-13,7.280466402861498
-4,-13,6.408703174295917
-4,-13,14.079520250655403
-4,-13,8.799865834130589
-4,-13,2.988978541861062
-4,-13,5.890037492984826
-4,-13,2.5
-4,-13,2.5
-4,-13,7.993676743500951
-3,-13,8.68702295909415
-3,-13,3.8174471180542335
-3,-13,11.049995761295186
-3,-13,2.9447668279404144
-3,-13,6.635512062943258
-3,-13,2.5
-3,-13,2.5
-3,-13,9.659416365686106
-3,-13,10.028310288802757
-3,-13,2.5025040418614823
-3,-13,10.596661299526383
-3,-13,2.5
-3,-13,7.186782500108105
-3,-13,2.5
-3,-13,11.837200171137567
-3,-13,12.267332561239355
-3,-13,2.535195591313622
-3,-13,2.5
-3,-13,4.5138630123413055
-3,-13,2.6773453118636654
-3,-13,8.783445209385532
-3,-13,2.5
-3,-13,12.168626907405233
-3,-13,10.91948015294513
-3,-13,11.18943337433318
-3,-13,3.877066234146084
-3,-13,10.705805843072895
-3,-13,12.820748182050169
-3,-13,13.949041089039902
-3,-13,14.06655161390599
-3,-13,10.867422790820887
-3,-13,7.084378157820985
-3,-13,6.806436370926571
-3,-13,10.05706909380116
-3,-13,16.73173748169919
-3,-13,2.5
-3,-13,4.975299179911065
-3,-13,3.1243858218944984
-3,-13,11.539631181278935
-3,-13,8.008914597790092
-2,-13,12.220733647767013
-2,-13,10.015320445907733
-2,-13,6.962729236016925
-2,-13,2.5
-2,-13,2.5
-2,-13,2.5
-2,-13,9.082827854037832
-2,-13,17.49520497519316
-2,-13,5.557085473294299
-2,-13,11.698353967367233
-2,-13,2.5
-2,-13,12.012985536958048
-2,-13,2.5
-2,-13,19.6939355152506
-2,-13,9.042792261377636
-2,-13,6.193449266179776
-2,-13,7.390047470327939
-2,-13,2.6951550315029644
-2,-13,2.5
-2,-13,8.641142931037786
-2,-13,7.064559126458274
-2,-13,2.5
-2,-13,6.430814389389404
-2,-13,17.297053763793823
-2,-13,8.166068075531633
-2,-13,5.688071169826799
-2,-13,15.313716805651884
-2,-13,20.56566614712201
-2,-13,2.5
-2,-13,4.969698786175364
-2,-13,2.5
-2,-13,8.73894203294774
-2,-13,10.26787861542081
-2,-13,3.4160211748816884
-2,-13,2.5
-2,-13,12.137999128962665
-2,-13,7.272817172704779
-2,-13,2.5
-2,-13,9.839814267941911
-2,-13,14.623150486097394
-1,-13,13.088987413062961
-1,-13,9.652483790187835
-1,-13,9.158708798627147
-1,-13,2.5
-1,-13,10.552540984282258
-1,-13,9.170717774802878
-1,-13,4.762717328378301
-1,-13,14.785061874887276
-1,-13,2.5
-1,-13,7.467750643861472
-1,-13,2.5
-1,-13,5.0327892653119415
-1,-13,8.54666092033488
-1,-13,2.5
-1,-13,2.5
-1,-13,3.7953360254534285
-1,-13,7.476121471999103
-1,-13,27.989330283907137
-1,-13,3.7668204542799044
-1,-13,3.733058461889894
-1,-13,9.924168155559828
-1,-13,2.5
-1,-13,5.677214269396284
-1,-13,2.5
-1,-13,3.895489172995074
-1,-13,2.5
-1,-13,2.5
-1,-13,3.1965804711571493
-1,-13,14.399765102767299
-1,-13,5.082016800005559
-1,-13,6.603349064381509
-1,-13,2.5
-1,-13,5.054240194478603
-1,-13,2.5
-1,-13,4.26873443527276
-1,-13,3.4943112796832696
-1,-13,7.760081169255832
-1,-13,5.32018375453582
-1,-13,5.650626779474282
-1,-13,2.5
-1,-12,3.9677484511933145
-1,-12,2.9090861858258075
-1,-12,2.5
-1,-12,9.296689748549076
-1,-12,4.004907778050531
-1,-12,3.5997983396914943
-1,-12,2.5
-1,-12,2.5
-1,-12,12.78712826809095
-1,-12,5.1917393556547236
-1,-12,13.88158869619075
-1,-12,18.90004102220754
-1,-12,24.329044374960873
-1,-12,11.699397119148632
-1,-12,11.131951354971275
-1,-12,2.5
-1,-12,10.630205288528208
-1,-12,4.829601128379087
-1,-12,7.726254785198319
-1,-12,2.5
-1,-12,11.885845911635776
-1,-12,7.934848570193753
-1,-12,6.781787713924634
-1,-12,8.127738746472989
-1,-12,3.033274468434116
-1,-12,13.497743930797991
-1,-12,21.804687258474353
-1,-12,8.287191198349293
-1,-12,7.469113071709104
-1,-12,14.263096736574619
-1,-12,2.7230921980546
-1,-12,2.5
-1,-12,2.5
-1,-12,2.5
-1,-12,9.541765117035034
-1,-12,10.563049312211893
-1,-12,2.5
-1,-12,6.2940908180343875
-1,-12,5.074344296803693
-1,-12,4.620563092517839
-2,-12,17.56439803012978
-2,-12,12.568891104806994
-2,-12,11.66607448718668
-2,-12,6.092838120013017
-2,-12,2.5
-2,-12,2.5
-2,-12,6.377237223936879
-2,-12,8.831419408863212
-2,-12,4.611016052477279
-2,-12,2.5
-2,-12,8.859410828704734
-2,-12,12.783556258744838
-2,-12,4.4122788989245105
-2,-12,14.48331413856889
-2,-12,5.322033382342783
-2,-12,6.123072230135124
-2,-12,5.75149823427776
-2,-12,4.482667140110423
-2,-12,5.48311831296979
-2,-12,11.816440085101991
-2,-12,12.973201975445196
-2,-12,5.767746164579615
-2,-12,2.5
-2,-12,2.5
-2,-12,18.46817128475191
-2,-12,2.7777925950038482
-2,-12,2.5
-2,-12,2.5
-2,-12,12.03478200321344
-2,-12,12.933836946928022
-2,-12,12.382750306292149
-2,-12,15.179443971190286
-2,-12,3.3101711177085997
-2,-12,4.321280455122982
-2,-12,5.163668963298182
-2,-12,9.2055089170348
-2,-12,18.77088454982464
-2,-12,8.893009492097013
-2,-12,8.50325699541776
-2,-12,11.88755148807758
-1,-12,6.002452972100045
-1,-12,2.5
-1,-12,12.6240883157688
-1,-12,18.67312200862913
-1,-12,10.239721820881776
-1,-12,4.30039897615077
-1,-12,7.245695342110735
-1,-12,8.564641541584084
-1,-12,18.005394939850873
-1,-12,7.53683078080777
-1,-12,7.8185166368374155
-1,-12,5.3973374668937115
-1,-12,8.111881057852655
-1,-12,11.291646204275377
-1,-12,6.75138512468037
-1,-12,6.7484631976737885
-1,-12,7.424556829516554
-1,-12,3.927080120021353
-1,-12,3.5149245087440293
-1,-12,12.164847011701031
-1,-12,3.365537366666228
-1,-12,2.5
-1,-12,10.792287410529267
-1,-12,15.785612077734775
-1,-12,2.5332192365921693
-1,-12,12.714923523230748
-1,-12,5.53969484427882
-1,-12,7.161667960018416
-1,-12,10.714424355728838
-1,-12,5.604161111069594
-1,-12,4.440382562106898
-1,-12,9.996431381518143
-1,-12,13.94005524776124
-1,-12,6.703454394000412
-1,-12,2.5
-1,-12,5.251745769243978
-1,-12,2.5
-1,-12,9.79434425814399
-1,-12,8.580733548019161
-1,-12,9.661732758568327
-1,-11,11.840445933691024
-1,-11,20.79206192913059
-1,-11,14.808318105845549
-1,-11,13.802942296616578
-1,-11,17.35591576036967
-1,-11,2.5
-1,-11,2.5
-1,-11,10.816069806495289
-1,-11,7.809082852046961
-1,-11,10.083357218592143
-1,-11,9.85587279848963
-1,-11,6.995157063191254
-1,-11,8.923646705585163
-1,-11,5.872387344325611
-1,-11,2.5
-1,-11,12.936484129692646
-1,-11,2.5
-1,-11,3.5451457314734824
-1,-11,4.758071160639302
-1,-11,4.3660609387662594
-1,-11,12.020015399202782
-1,-11,4.349092407893689
-1,-11,2.5
-1,-11,4.21716440595495
-1,-11,11.343343705680097
-1,-11,23.308903103390428
-1,-11,12.362472636415205
-1,-11,14.413512003026938
-1,-11,9.05707831902168
-1,-11,3.2342949252240274
-1,-11,7.969652096883709
-1,-11,6.778129763257088
-1,-11,7.101617062821948
-1,-11,5.310595046697417
-1,-11,12.575400017719062
-1,-11,2.5
-1,-11,9.623076082981376
-1,-11,2.5
-1,-11,9.55011907374048
-1,-11,2.5
-1,-12,12.514843890053204
-1,-12,2.5
-1,-12,3.7991968837852923
-1,-12,5.770364779437444
-1,-12,4.937198063360724
-1,-12,8.346504142683315
-1,-12,2.5
-1,-12,9.61829078413199
-1,-12,14.779946847044961
-1,-12,6.638733108650282
-1,-12,10.551261924249264
-1,-12,5.104000357492045
-1,-12,2.5
-1,-12,15.094696079552183
-1,-12,2.5
-1,-12,9.562901641730054
-1,-12,16.41329310558711
-1,-12,4.126038369743775
-1,-12,3.3980253920388
-1,-12,6.184164995431909
-1,-12,14.26823927994122
-1,-12,12.74995036325684
-1,-12,5.486360089680502
-1,-12,10.074041483406688
-1,-12,7.1040735033110325
-1,-12,4.303303333948508
-1,-12,10.21297619029929
-1,-12,15.637600282778342
-1,-12,3.998622639007947
-1,-12,5.626533177303138
-1,-12,5.359164647379601
-1,-12,4.036380792366726
-1,-12,11.557855519764832
-1,-12,8.369913924212446
-1,-12,10.265992567353907
-1,-12,13.0851362943751
-1,-12,8.047051312003353
-1,-12,3.0718101673316403
-1,-12,17.556975398140466
-1,-12,14.955535558359301
-2,-12,11.69126796963674
-2,-12,2.5
-2,-12,10.725293291306135
-2,-12,7.49223746169648
-2,-12,2.5
-2,-12,11.03785845238313
-2,-12,7.264044038867765
-2,-12,9.256107891401756
-2,-12,7.373179179916917
-2,-12,8.410858207098055
-2,-12,2.5
-2,-12,4.990084948199524
-2,-12,8.64115551419711
-2,-12,7.183351384089771
-2,-12,2.5
-2,-12,21.491038682977706
-2,-12,2.5
-2,-12,3.1229880463666957
-2,-12,10.756465079314506
-2,-12,22.449920036882283
-2,-12,10.720868399355698
-2,-12,8.876599191640574
-2,-12,10.02227045536121
-2,-12,5.571368113484196
-2,-12,9.599784238333086
-2,-12,2.5
-2,-12,20.381013376656107
-2,-12,15.344396601150795
-2,-12,2.5
-2,-12,13.738159642207336
-2,-12,2.5
-2,-12,4.5788545579009625
-2,-12,2.5
-2,-12,14.199523517816466
-2,-12,5.96226248353641
-2,-12,23.916084637046655
-2,-12,13.951046322116998
-2,-12,9.15520634738088
-2,-12,12.714314187828709
-2,-12,18.805466927734123
-1,-12,13.455998431413573
-1,-12,8.505489375137799
-1,-12,13.20711351293706
-1,-12,2.5
-1,-12,7.359882496677478
-1,-12,4.494202826772401
-1,-12,6.834786807871165
-1,-12,5.187086594001315
-1,-12,4.283154611917102
-1,-12,9.115084881102733
-1,-12,13.430334013839602
-1,-12,12.718762056542374
-1,-12,11.267833518149253
-1,-12,2.5
-1,-12,2.5
-1,-12,11.038617035012749
-1,-12,4.133149427674756
-1,-12,7.504192574432242
-1,-12,10.209723623958347
-1,-12,6.747119847852162
-1,-12,2.5
-1,-12,16.879848687460964
-1,-12,9.652170182525829
-1,-12,13.56228822628042
-1,-12,9.498286667819803
-1,-12,8.616529414425518
-1,-12,8.416130767022217
-1,-12,10.71140512271359
-1,-12,2.5
-1,-12,18.217464050851106
-1,-12,3.1704489330782444
-1,-12,3.3024083275198164
-1,-12,2.5
-1,-12,5.589305605118648
-1,-12,17.98133866167197
-1,-12,15.40104967515116
-1,-12,4.5832107678490965
-1,-12,2.5
-1,-12,9.065055930018417
-1,-12,12.360229114915699
-1,-11,2.5
-1,-11,10.525878649966419
-1,-11,5.278736770973486
-1,-11,12.83096267045687
-1,-11,9.974023230757416
-1,-11,13.753602685401702
-1,-11,13.383221655805825
-1,-11,2.5
-1,-11,13.108803524238827
-1,-11,7.836178976074793
-1,-11,13.198000002814563
-1,-11,8.35394153615526
-1,-11,14.623489529684354
-1,-11,6.517101513341775
-1,-11,13.32803884692153
-1,-11,6.455609767638581
-1,-11,2.7665114977956105
-1,-11,10.149235513644392
-1,-11,8.368838390827925
-1,-11,8.47463153261708
-1,-11,2.5
-1,-11,5.582231166508185
-1,-11,6.31479042014752
-1,-11,10.838006897471978
-1,-11,13.856490850053518
-1,-11,5.549946051813569
-1,-11,13.927629731704968
-1,-11,9.828409829469829
-1,-11,16.84975494616554
-1,-11,9.292751396930143
-1,-11,6.459056837961289
-1,-11,6.9561793242216865
-1,-11,16.014981284090556
-1,-11,12.731979066993278
-1,-11,7.888728561573034
-1,-11,16.229459718959262
-1,-11,12.911815180981275
-1,-11,12.589836355451427
-1,-11,12.872681436764335
-1,-11,5.570864056109064
0,-11,4.963872077124773
0,-11,7.7117053811065714
0,-11,3.5101916497734305
0,-11,20.697087165441662
0,-11,9.269653419344202
0,-11,2.5
0,-11,13.762250103677035
0,-11,2.5
0,-11,13.135723490087827
0,-11,10.684608091941861
0,-11,16.38045376919859
0,-11,10.087227498999338
0,-11,17.142857381029298
0,-11,7.362186013877784
0,-11,15.490596015750626
0,-11,5.9461301825208235
0,-11,3.831430140568818
0,-11,9.979011580215353
0,-11,10.737952788735427
0,-11,3.2557209416896544
0,-11,5.294888875254041
0,-11,9.75668870129206
0,-11,17.26927981059427
0,-11,7.790983187629402
0,-11,5.039190026972906
0,-11,4.880828737997336
0,-11,18.623889684017715
0,-11,11.287197540747133
0,-11,2.5
0,-11,11.154837844095702
0,-11,10.82477084711428
0,-11,2.5
0,-11,5.812605289154034
0,-11,5.268153667314655
0,-11,9.671111607399194
0,-11,3.7599832892641194
0,-11,4.987689844802604
0,-11,10.377325146309474
0,-11,12.137015335391938
0,-11,15.264459148243127
0,-10,6.843677980225527
0,-10,12.09978523803788
0,-10,10.224460999352917
0,-10,8.349144638958137
0,-10,12.866777696558405
0,-10,8.167505719379959
0,-10,2.5
0,-10,11.098755858282043
0,-10,8.136615151143868
0,-10,10.960920498487063
0,-10,10.403343064383794
0,-10,2.5
0,-10,2.5
0,-10,4.38521699155141
0,-10,14.720344251888248
0,-10,10.336941098569767
0,-10,12.069325937461635
0,-10,17.23941627591992
0,-10,8.364070040830617
0,-10,3.935630977095979
0,-10,2.5
0,-10,13.309571946536524
0,-10,9.741775281647215
0,-10,2.5
0,-10,4.603151220103511
0,-10,15.273243209334044
0,-10,9.793518803522337
0,-10,2.5
0,-10,6.960345088945912
0,-10,4.405475844377945
0,-10,12.708161983915222
0,-10,2.5
0,-10,11.671597888981182
0,-10,22.535141405050403
0,-10,12.156484027266247
0,-10,11.754339081897783
0,-10,12.660158916928962
0,-10,7.78063883668494
0,-10,2.5
0,-10,17.741844708237664
0,-9,6.843672624192789
0,-9,15.24916393634448
0,-9,15.557378322373435
0,-9,8.631743641823801
0,-9,2.5
0,-9,5.896821723945902
0,-9,9.187484610811865
0,-9,7.9984545959331115
0,-9,8.371087852469898
0,-9,5.370716082328404
0,-9,9.058467328429634
0,-9,13.732813495612652
0,-9,8.870157834854709
0,-9,9.568393440278127
0,-9,13.490757920302622
0,-9,16.439812850678095
0,-9,11.343813072029914
0,-9,22.665530935938385
0,-9,7.682534702777195
0,-9,11.09456151887392
0,-9,4.5596432165066805
0,-9,5.621453648702751
0,-9,5.195813683274599
0,-9,8.402719469367396
0,-9,3.2593310056942038
0,-9,2.519150675780799
0,-9,9.040604278677904
0,-9,9.245936073716885
0,-9,4.634098807865063
0,-9,5.02046549832194
0,-9,19.110912960984127
0,-9,9.374556016435376
0,-9,10.71073480028097
0,-9,7.236082330870258
0,-9,16.725560574597317
0,-9,13.265412692714293
0,-9,5.743011313691987
0,-9,12.533231487110857
0,-9,12.379252308591537
0,-9,13.296086464041785
-1,-9,7.8584008288694225
-1,-9,5.362381100891405
-1,-9,11.965790331531297
-1,-9,10.87250353089701
-1,-9,2.5
-1,-9,5.734633683353859
-1,-9,6.685217121519023
-1,-9,4.4706775954942195
-1,-9,18.640637823364187
-1,-9,18.24259611934454
-1,-9,15.278968491575107
-1,-9,14.711378503653712
-1,-9,7.3872582449760005
-1,-9,3.1557902901958013
-1,-9,9.425781999857799
-1,-9,6.5686418912389115
-1,-9,10.315759241724134
-1,-9,2.5
-1,-9,6.8277331647568325
-1,-9,2.5
-1,-9,12.59257631306033
-1,-9,12.844913196344695
-1,-9,12.708579343427026
-1,-9,8.82731322010778
-1,-9,7.332620224604226
-1,-9,11.979102247986841
-1,-9,7.801565110937893
-1,-9,6.555746260801193
-1,-9,5.78649770783683
-1,-9,9.613804324053678
-1,-9,11.840452184031497
-1,-9,18.099944785511823
-1,-9,8.046166087010052
-1,-9,14.536674848899967
-1,-9,8.426602726935613
-1,-9,20.869781593551785
-1,-9,17.602058716663556
-1,-9,12.241735407788653
-1,-9,6.5389976379283805
-1,-9,2.5
0,-9,11.93212346868015
0,-9,18.871358756287087
0,-9,5.288789143246524
0,-9,20.705111649535034
0,-9,7.465949094441081
0,-9,6.274864117749239
0,-9,16.030333533450232
0,-9,14.32728423707287
0,-9,9.125328643583096
0,-9,13.582849849883543
0,-9,17.716172942093408
0,-9,5.629761167062716
0,-9,20.899355856972143
0,-9,8.982566729134913
0,-9,10.429360855308754
0,-9,8.1727236856435
0,-9,7.491926574342202
0,-9,5.5924401162436235
0,-9,3.6458342240527157
0,-9,2.5
0,-9,13.350779156380256
0,-9,7.279347518732857
0,-9,8.200298749980611
0,-9,14.004120492485631
0,-9,6.518239918227336
0,-9,17.85943252798385
0,-9,3.6467225128500678
0,-9,8.386008866925284
0,-9,4.575899440520664
0,-9,16.012816129297786
0,-9,2.5
0,-9,5.4875777455363535
0,-9,7.0042696669199245
0,-9,8.199287453729902
0,-9,10.275537377820902
0,-9,13.958822673580537
0,-9,12.76911453453836
0,-9,10.880853361314086
0,-9,10.76643285490481
0,-9,10.42347219552322
1,-9,6.2298825452306925
1,-9,18.76377324011363
1,-9,2.5
1,-9,12.504953313627338
1,-9,4.246431850810974
1,-9,16.08149301933328
1,-9,2.5
1,-9,18.997604166598386
1,-9,19.695862509378795
1,-9,6.315453377431982
1,-9,12.484227526434722
1,-9,9.983205723899133
1,-9,8.59111601740611
1,-9,17.290665160271804
1,-9,2.5
1,-9,9.745835510576923
1,-9,14.275453595681078
1,-9,13.884436814496837
1,-9,9.81719582777968
1,-9,5.821871809914322
1,-9,16.93336699597406
1,-9,7.060279681255926
1,-9,8.301470994271902
1,-9,14.388784570264754
1,-9,7.651437915527016
1,-9,11.28558921233126
1,-9,13.071121108034653
1,-9,8.426709367081417
1,-9,9.811432200470778
1,-9,2.5
1,-9,2.5
1,-9,16.868406208115772
1,-9,7.5142377186834795
1,-9,18.90642888622677
1,-9,15.771257652110425
1,-9,8.915399340543784
1,-9,18.04863149720873
1,-9,16.825674925618085
1,-9,15.574757081867658
1,-9,5.304150521983283
0,-9,7.84247545219239
0,-9,11.877752574611833
0,-9,3.89880103160624
0,-9,7.071756158105449
0,-9,4.503602672228223
0,-9,21.662904360793327
0,-9,2.5
0,-9,11.196217437933289
0,-9,6.396938521824349
0,-9,3.696605383469155
0,-9,11.604386145215841
0,-9,11.58639553914357
0,-9,11.974060214860407
0,-9,12.168995326900012
0,-9,15.252148304562603
0,-9,8.897135098711907
0,-9,4.068345448854334
0,-9,9.752305295494086
0,-9,22.754241134947726
0,-9,20.294587418093045
0,-9,13.991269252290213
0,-9,7.08007257539406
0,-9,12.230244542684863
0,-9,3.8333715786980065
0,-9,8.122181170946067
0,-9,12.102222101521036
0,-9,13.232284199704276
0,-9,10.714610213606676
0,-9,13.866774896291071
0,-9,9.256498070442062
0,-9,11.580060796106016
0,-9,11.83209088261826
0,-9,10.223363015596702
0,-9,4.561180779082362
0,-9,2.5
0,-9,8.510621956096461
0,-9,15.901181176319334
0,-9,3.0155611834097993
0,-9,5.01563853260831
0,-9,2.5
-1,-9,17.036854946646145
-1,-9,11.145260694463431
-1,-9,2.5
-1,-9,12.065938011540947
-1,-9,13.562666808976623
-1,-9,7.397741679154076
-1,-9,2.5
-1,-9,9.58112029545648
-1,-9,12.916604415221558
-1,-9,2.5
-1,-9,11.625270984259483
-1,-9,6.637671547029365
-1,-9,25.77132382971688
-1,-9,8.977039281012274
-1,-9,9.196065664969044
-1,-9,14.05577447739557
-1,-9,11.212801704422587
-1,-9,12.85955701773866
-1,-9,8.134230625341777
-1,-9,10.156546105500395
-1,-9,9.709077571448926
-1,-9,6.86902435491343
-1,-9,11.173052884162397
-1,-9,14.9179875936113
-1,-9,9.597078400187096
-1,-9,2.5
-1,-9,7.971347424887678
-1,-9,9.387535590592543
-1,-9,8.151566183168608
-1,-9,21.40088971048672
-1,-9,18.626437180083972
-1,-9,2.5
-1,-9,7.68945220571646
-1,-9,6.098649074318384
-1,-9,12.203912041446833
-1,-9,20.271564321631843
-1,-9,10.863154343387091
-1,-9,5.635703154235927
-1,-9,5.5003147489337545
-1,-9,16.205430939631235
0,-9,6.541477056424987
0,-9,2.5
0,-9,4.038946244223179
0,-9,13.735298820949726
0,-9,3.522262420298849
0,-9,7.896697074574366
0,-9,14.774955402498847
0,-9,17.291172894747188
0,-9,13.668652740040935
0,-9,14.625891157967619
0,-9,12.498577956730617
0,-9,9.152654099904435
0,-9,12.503733789008967
0,-9,21.712901260775805
0,-9,15.313666127483785
0,-9,2.5
0,-9,8.416173965978718
0,-9,8.890791728560146
0,-9,3.493721998356741
0,-9,4.964976240590114
0,-9,10.041533779367514
0,-9,7.541124188453418
0,-9,10.339881773988164
0,-9,11.693116685547091
0,-9,2.5
0,-9,2.5
0,-9,8.094100201621053
0,-9,9.759271143287538
0,-9,16.93008899566074
0,-9,5.273205490972552
0,-9,7.192597571942774
0,-9,6.781642968778411
0,-9,6.180731444181368
0,-9,2.5
0,-9,12.761003973676113
0,-9,24.810946409860577
0,-9,11.883455045392077
0,-9,24.982677990093688
0,-9,2.5
0,-9,9.998198920159524
-1,-9,15.551209638852763
-1,-9,2.5
-1,-9,12.449419436968121
-1,-9,7.27095677193862
-1,-9,7.991244518694947
-1,-9,14.802207512979226
-1,-9,10.100714118239527
-1,-9,3.998955983874679
-1,-9,10.56981856636783
-1,-9,7.342557213438984
-1,-9,6.565253784547254
-1,-9,6.202736400345729
-1,-9,6.382628165878967
-1,-9,11.661225829888512
-1,-9,13.118867982505076
-1,-9,12.349981029988472
-1,-9,6.985743194731324
-1,-9,5.219994684032068
-1,-9,4.941290571896207
-1,-9,7.34227605928945
-1,-9,7.958906920862761
-1,-9,6.636262745743238
-1,-9,7.950630361990838
-1,-9,13.809652571529844
-1,-9,10.423453715814114
-1,-9,10.146262841667472
-1,-9,18.753298427320196
-1,-9,8.61732745772319
-1,-9,14.016929304397678
-1,-9,12.024566057296674
-1,-9,10.174341480158493
-1,-9,13.798567809615015
-1,-9,14.193916211685451
-1,-9,18.114136015630223
-1,-9,9.880061544120359
-1,-9,2.5
-1,-9,7.455088833944005
-1,-9,15.621403099208898
-1,-9,18.940892078318175
-1,-9,5.761362282795511
0,-9,15.65843118542187
0,-9,8.72479652254399
0,-9,9.21493747430287
0,-9,11.51954878295004
0,-9,14.445195849277583
0,-9,10.69689904410374
0,-9,4.881874118780773
0,-9,17.327284665407618
0,-9,5.7716619734645915
0,-9,3.095900402879303
0,-9,9.60936734207881
0,-9,7.659579675829033
0,-9,9.774383342838771
0,-9,16.305951690915546
0,-9,4.79210708343977
0,-9,10.668505995236444
0,-9,14.941240038948525
0,-9,11.148444944701197
0,-9,10.569133757439218
0,-9,5.148982992975682
0,-9,19.173119823712007
0,-9,5.100411514338979
0,-9,6.928097520935706
0,-9,11.961393979665893
0,-9,6.39799091245108
0,-9,5.843933140668783
0,-9,11.146077519791557
0,-9,25.084182590285003
0,-9,18.31891256895431
0,-9,4.998142111363585
0,-9,7.8957488042476145
0,-9,5.1359299820192765
0,-9,4.341491311317063
0,-9,18.068875642774053
0,-9,12.862962364579628
0,-9,3.797926010870757
0,-9,8.15194345600779
0,-9,17.60678509984648
0,-9,3.9831575701419286
0,-9,17.146086634725094
1,-9,15.807710612048005
1,-9,8.475491811533795
1,-9,5.629788469062125
1,-9,7.110653011658499
1,-9,19.76389329128753
1,-9,15.981524892165405
1,-9,17.492017617153707
1,-9,6.042923350783627
1,-9,2.5
1,-9,11.133305714544592
1,-9,7.123718928489382
1,-9,4.592173282861442
1,-9,14.39245227989295
1,-9,4.368755490342289
1,-9,12.70827618992493
1,-9,12.334280086442812
1,-9,10.99699834662368
1,-9,2.5
1,-9,10.355673706231322
1,-9,2.5
1,-9,10.572378002020336
1,-9,8.497856410230764
1,-9,7.78507841916254
1,-9,8.288831110966115
1,-9,8.253316541858014
1,-9,14.21722681709295
1,-9,7.509832257280641
1,-9,2.5
1,-9,20.307506443350768
1,-9,9.781056912866937
1,-9,4.085396277090309
1,-9,7.983615083512468
1,-9,20.077827477114568
1,-9,8.046670871353614
1,-9,13.60081805685305
1,-9,4.677183473635205
1,-9,14.734985996071984
1,-9,12.23589372408303
1,-9,12.18190515444315
1,-9,7.680463018016139
2,-9,12.563807068785732
2,-9,11.609281892160178
2,-9,20.709259021277518
2,-9,2.5
2,-9,12.323323617494529
2,-9,13.417757448439309
2,-9,3.5823613540391115
2,-9,15.666331702724232
2,-9,9.754880119618013
2,-9,7.5117706382763245
2,-9,9.330857003071763
2,-9,4.817692587763822
2,-9,2.5
2,-9,9.731026288636754
2,-9,2.5
2,-9,11.797644636998447
2,-9,6.298362915904931
2,-9,10.014179154071062
2,-9,8.844321466152042
2,-9,5.8357187643486235
2,-9,15.53612117083199
2,-9,11.645777546797698
2,-9,18.22252616293924
2,-9,13.081705172146826
2,-9,15.431368555157498
2,-9,8.933158687597421
2,-9,7.746907990360059
2,-9,2.5
2,-9,19.73359240492868
2,-9,14.700279519855378
2,-9,12.214183053203154
2,-9,2.5
2,-9,18.85498841362523
2,-9,8.20563781947686
2,-9,7.269566545405575
2,-9,12.07208552100404
2,-9,2.5
2,-9,8.299317633318573
2,-9,12.537509416005067
2,-9,5.4308565427130775
2,-8,18.256764347734915
2,-8,10.621699397276608
2,-8,17.82011421902533
2,-8,7.205311180057303
2,-8,26.08016243991799
2,-8,10.289092084533227
2,-8,6.394424400924037
2,-8,10.537954334436813
2,-8,4.7358760294910285
2,-8,4.825827877263197
2,-8,11.153458690749831
2,-8,9.601370771280317
2,-8,11.773559794061535
2,-8,14.458992100062133
2,-8,12.581394269801384
2,-8,2.5
2,-8,10.913869936512949
2,-8,24.431480859682207
2,-8,11.087104883288907
2,-8,3.248501595702141
2,-8,2.5
2,-8,10.208727742031165
2,-8,13.88848245493385
2,-8,12.390360576522696
2,-8,13.741614018016866
2,-8,4.460863736277901
2,-8,6.723551236221106
2,-8,5.115415654925348
2,-8,20.493918846112333
2,-8,2.5
2,-8,6.083221459219363
2,-8,5.278600171256001
2,-8,32.981072089698756
2,-8,14.286666828767018
2,-8,20.54942807229662
2,-8,19.798101556023283
2,-8,9.384815750286522
2,-8,5.634067791322607
2,-8,23.490484752797602
2,-8,12.761807674981217
3,-8,4.678858753731585
3,-8,15.861473305270565
3,-8,8.93544546192281
3,-8,2.5
3,-8,12.411684752847304
3,-8,13.824236325526499
3,-8,8.25766265132009
3,-8,10.2831091402601
3,-8,6.0628445179286725
3,-8,15.620147473331881
3,-8,12.529041317990732
3,-8,2.5
3,-8,12.404877459802197
3,-8,10.601486733093829
3,-8,11.141646042555115
3,-8,6.3658296116465936
3,-8,11.290914556200768
3,-8,2.5
3,-8,11.364122625038702
3,-8,6.4985907174025845
3,-8,2.5
3,-8,17.831859226847033
3,-8,6.936875651502426
3,-8,7.04183232654169
3,-8,15.189110216566828
3,-8,5.899513521183335
3,-8,2.5
3,-8,12.632985615115604
3,-8,15.612312289496202
3,-8,5.765553208654714
3,-8,2.5
3,-8,8.914069354029484
3,-8,12.826336522048074
3,-8,12.245506020689364
3,-8,2.5
3,-8,10.260275409256082
3,-8,2.5
3,-8,12.73613675532442
3,-8,21.809472030007395
3,-8,18.45086241021937
4,-8,5.190179933361736
4,-8,2.5
4,-8,8.478571734259946
4,-8,4.186291190250208
4,-8,14.08866325731382
4,-8,9.321486470345283
4,-8,11.992318564395127
4,-8,11.55270669524982
4,-8,15.17615907966076
4,-8,2.99524375480459
4,-8,4.463558841895846
4,-8,7.836759790141125
4,-8,2.922731021840926
4,-8,2.5
4,-8,4.499443072623993
4,-8,8.585661905082997
4,-8,25.308975185566478
4,-8,9.1220290592748
4,-8,15.073727290767337
4,-8,9.97967242004857
4,-8,2.5
4,-8,5.028891475556916
4,-8,9.773433267788105
4,-8,18.488010082997558
4,-8,9.35805312314509
4,-8,15.312193396533564
4,-8,16.990305649283307
4,-8,20.375111117766323
4,-8,11.860583306050781
4,-8,7.2131543761396575
4,-8,5.761030268860871
4,-8,20.809334020812685
4,-8,9.093431791892247
4,-8,3.3476702435046057
4,-8,8.289052889159972
4,-8,2.5
4,-8,9.42244733735749
4,-8,9.413159748635852
4,-8,9.461561901929704
4,-8,7.040291821461983
4,-9,8.789618402662754
4,-9,19.885730994846295
4,-9,10.676964067986788
4,-9,9.266961276549331
4,-9,14.325636042697779
4,-9,24.231772256811904
4,-9,7.13632100205138
4,-9,10.489126033515413
4,-9,2.5
4,-9,24.266092002637855
4,-9,2.5
4,-9,18.237544943414733
4,-9,17.918526707643995
4,-9,14.931090836365145
4,-9,8.54402722204917
4,-9,8.467555790571042
4,-9,13.90491051364171
4,-9,8.218585847654351
4,-9,18.43669286709474
4,-9,18.591285513289208
4,-9,10.15108689624778
4,-9,11.416138652325326
4,-9,10.222764432614323
4,-9,10.60490041866473
4,-9,17.682250929871053
4,-9,3.5812952073666313
4,-9,19.091089771430493
4,-9,18.761777495557517
4,-9,7.691504688521321
4,-9,12.435973849170674
4,-9,2.5
4,-9,4.861541858352698
4,-9,2.5
4,-9,13.245929971082349
4,-9,3.2583122265727895
4,-9,2.5
4,-9,8.624468918408356
4,-9,8.834132661442865
4,-9,6.230886463535556
4,-9,6.573278870632866
3,-9,8.112486059057485
3,-9,3.4553104161859007
3,-9,6.898080160717207
3,-9,11.838016969632903
3,-9,7.580168987480629
3,-9,2.5
3,-9,11.324078769372123
3,-9,4.93618963835827
3,-9,5.462424099403054
3,-9,11.038949043715238
3,-9,6.4530375354408855
3,-9,2.5
3,-9,2.5
3,-9,22.255562253248097
3,-9,15.269357267525667
3,-9,11.003218456527772
3,-9,8.114519052897275
3,-9,11.303230812964788
3,-9,2.5
3,-9,5.498617737707099
3,-9,9.146528366084203
3,-9,13.163305971520058
3,-9,2.5
3,-9,5.802501846731326
3,-9,10.097792728640119
3,-9,11.26496607596083
3,-9,8.863110783628757
3,-9,8.659623460648572
3,-9,14.58775276612778
3,-9,5.816823845036655
3,-9,7.945198403788871
3,-9,10.506381102728907
3,-9,8.355052036410886
3,-9,10.85742787188487
3,-9,3.184659856804185
3,-9,9.248867635709217
3,-9,3.1547993609928033
3,-9,14.303365300813208
3,-9,17.715049077879396
3,-9,7.395108336970816
2,-9,10.866582875203992
2,-9,2.5
2,-9,2.5
2,-9,9.140132871430524
2,-9,11.761721195163126
2,-9,6.429194155260628
2,-9,7.376909511546758
2,-9,12.943561906265339
2,-9,8.98949636805789
2,-9,2.5
2,-9,7.682817379465435
2,-9,9.10883109534375
2,-9,11.54672219092054
2,-9,6.333354334720618
2,-9,18.683393174223887
2,-9,3.720929149446312
2,-9,22.150213053749617
2,-9,15.462366900494565
2,-9,9.922961266647603
2,-9,12.089104950771926
2,-9,13.69549167285045
2,-9,7.090209574074792
2,-9,6.426433048543873
2,-9,6.294135798743494
2,-9,6.938165144491771
2,-9,12.029960339917796
2,-9,9.210559561089902
2,-9,6.643381610853086
2,-9,14.7731205868903
2,-9,12.9457137434715
2,-9,3.4908823276046768
2,-9,11.128112647291314
2,-9,15.784342903683402
2,-9,10.610991673901687
2,-9,15.443009302918805
2,-9,10.29433979070738
2,-9,9.489057919629245
2,-9,11.286742420844512
2,-9,5.154158415095986
2,-9,2.5
1,-9,8.998889873736225
1,-9,14.64453810041
1,-9,14.05451260860837
1,-9,8.452878636331691
1,-9,12.253553234076675
1,-9,13.772446398801868
1,-9,8.940048716235793
1,-9,20.7751340376985
1,-9,7.696447091671002
1,-9,19.421975224270476
1,-9,6.904774116506394
1,-9,16.608335884974814
1,-9,16.52067577518241
1,-9,6.647651281426614
1,-9,14.366471658819902
1,-9,18.5674121437062
1,-9,6.882164290817626
1,-9,10.52529629673462
1,-9,16.403790139307915
1,-9,13.953911820034943
1,-9,14.54245704574962
1,-9,13.311392580143254
1,-9,17.861197338000277
1,-9,13.990149540773992
1,-9,11.796148111814835
1,-9,3.372450854064895
1,-9,11.188588062804826
1,-9,8.57510487347386
1,-9,8.842145353859848
1,-9,17.591565492382
1,-9,17.462860998795968
1,-9,7.712797924462789
1,-9,11.560959201755166
1,-9,3.8907416921297564
1,-9,9.597762661683708
1,-9,28.214080488162274
1,-9,6.370930182555817
1,-9,2.5
1,-9,2.5
1,-9,6.03488564713096
1,-10,9.850887318096433
1,-10,6.836425005928675
1,-10,10.59205636527302
1,-10,2.5
1,-10,4.9565530223827565
1,-10,7.96648102582604
1,-10,4.664810405274211
1,-10,10.809777263839266
1,-10,19.431664522750815
1,-10,12.604906929551657
1,-10,7.899660731444105
1,-10,2.5
1,-10,7.091228605449537
1,-10,9.29441243564203
1,-10,19.654083333614984
1,-10,7.341364809917222
1,-10,13.5529513257244
1,-10,2.5
1,-10,10.684674853475066
1,-10,2.5
1,-10,4.324073996825404
1,-10,5.719027066341025
1,-10,5.359537995768765
1,-10,5.898524435634258
1,-10,2.879234888104037
1,-10,2.5
1,-10,7.768184051448859
1,-10,10.358249685861962
1,-10,6.201110849090329
1,-10,12.171069605500366
1,-10,5.55979895102755
1,-10,4.189752238967897
1,-10,2.5
1,-10,19.00255446658032
1,-10,13.718500402740407
1,-10,8.044014164012218
1,-10,5.3589042777982066
1,-10,5.868692432778296
1,-10,4.047397662243856
1,-10,10.20357143152544
0,-10,14.433222569368136
0,-10,9.184729504623386
0,-10,15.106950175750107
0,-10,8.22515578319074
0,-10,5.932791400644815
0,-10,4.749310944383505
0,-10,22.036667644140152
0,-10,3.412992902912931
0,-10,9.99181487712854
0,-10,11.516657439995708
0,-10,2.7467105191866867
0,-10,11.409607694757597
0,-10,11.674848489593575
0,-10,12.479825421671906
0,-10,8.779290926321401
0,-10,2.5
0,-10,12.409571324384963
0,-10,8.674857420117927
0,-10,8.31818729314947
0,-10,2.5
0,-10,10.377822489196376
0,-10,2.5
0,-10,15.140300444953843
0,-10,6.159379736698208
0,-10,6.161923208847266
0,-10,17.168258213898536
0,-10,4.640766803823914
0,-10,2.5
0,-10,2.5
0,-10,2.5
0,-10,9.526233936717233
0,-10,13.215773513956432
0,-10,7.812386041319112
0,-10,5.909791808928281
0,-10,9.89834659152092
0,-10,8.282974521012038
0,-10,10.19696436973619
0,-10,2.5
0,-10,2.5
0,-10,5.143202076520517
0,-11,14.591233068362083
0,-11,15.437365639043339
0,-11,2.5
0,-11,7.509094980076845
0,-11,21.017276025513205
0,-11,8.227561103470878
0,-11,6.676212678697562
0,-11,7.695223269328572
0,-11,2.5
0,-11,2.5
0,-11,14.622574688709221
0,-11,10.14462038788025
0,-11,11.608349055892736
0,-11,13.671830018526544
0,-11,11.533016647232152
0,-11,8.800678812495166
0,-11,15.57303195756769
0,-11,6.947413074000532
0,-11,10.5341618243367
0,-11,6.7988700648061045
0,-11,7.252351400961069
0,-11,2.5
0,-11,15.58379282000312
0,-11,2.5
0,-11,7.860594395865809
0,-11,2.7620516674738598
0,-11,2.5
0,-11,6.265520768758041
0,-11,17.502708203091053
0,-11,14.041520819953888
0,-11,9.203201945174625
0,-11,11.522734475397352
0,-11,9.975444536213523
0,-11,18.421206045910097
0,-11,5.403801435284869
0,-11,8.270408502628177
0,-11,3.3502179709220012
0,-11,19.02918872543925
0,-11,3.0652734390221967
0,-11,6.244776165410947
0,-12,2.5
0,-12,9.389895004745565
0,-12,2.5
0,-12,5.59552505843129
0,-12,2.5
0,-12,7.4686907898733415
0,-12,7.638959364954796
0,-12,2.5
0,-12,2.5
0,-12,5.638397197234919
0,-12,7.2778780967874965
0,-12,14.041932713986851
0,-12,10.45836573134769
0,-12,9.950882475593003
0,-12,4.89123230601589
0,-12,4.91722534067495
0,-12,2.5
0,-12,3.8945306307938754
0,-12,11.270949384434203
0,-12,14.853430369108011
0,-12,15.20989368731998
0,-12,13.56206269163513
0,-12,2.5
0,-12,2.5
0,-12,2.5692168156641335
0,-12,2.5
0,-12,5.7871075564713
0,-12,2.5
0,-12,4.919118971059931
0,-12,2.715005247621155
0,-12,11.605517386191963
0,-12,11.367608952066492
0,-12,2.5
0,-12,4.781043322565244
0,-12,2.5380310819970875
0,-12,2.5
0,-12,5.093691259516302
0,-12,7.427543098297168
0,-12,2.5
0,-12,11.514726878492716
0,-11,6.129080308395041
0,-11,9.211425352680456
0,-11,13.467724460724545
0,-11,2.5
0,-11,22.869454553839308
0,-11,2.5
0,-11,5.176491198827273
0,-11,8.274641836392192
0,-11,15.509758188025458
0,-11,19.216625005725938
0,-11,5.337311954026376
0,-11,6.690056063124411
0,-11,6.186674896579367
0,-11,2.5
0,-11,3.125790303345756
0,-11,23.386684811416693
0,-11,2.5
0,-11,17.335318700885104
0,-11,7.919780298991341
0,-11,2.5
0,-11,2.5
0,-11,2.5
0,-11,15.288247681193287
0,-11,4.914918476091559
0,-11,6.730469222760928
0,-11,9.091750604126476
0,-11,15.441124362197831
0,-11,8.746771480420168
0,-11,4.595949005513046
0,-11,2.5
0,-11,12.889730935462755
0,-11,11.613749152249705
0,-11,7.724988567015744
0,-11,8.521638628090413
0,-11,11.730847789810625
0,-11,14.056663077644316
0,-11,12.959649201275798
0,-11,2.5
0,-11,15.116332241125043
0,-11,5.467748241976328
1,-11,5.812380018904721
1,-11,7.035951677072524
1,-11,12.904342058709306
1,-11,9.635604201945448
1,-11,2.5591625363673507
1,-11,7.10499107786827
1,-11,14.135118499286062
1,-11,15.553672525354168
1,-11,16.520661609214006
1,-11,2.5
1,-11,11.381446741224941
1,-11,6.981376847996811
1,-11,5.608543339347657
1,-11,2.5
1,-11,4.625146901377664
1,-11,16.697444113283154
1,-11,11.34402074514183
1,-11,3.0886451093221607
1,-11,11.408533415849934
1,-11,5.927604461393576
1,-11,2.5
1,-11,12.926952241948788
1,-11,10.643439851264343
1,-11,2.5
1,-11,4.636626308417388
1,-11,6.192596591657667
1,-11,2.5
1,-11,7.857155957247894
1,-11,6.09714944212584
1,-11,12.771814209064726
1,-11,4.682255108186971
1,-11,2.5
1,-11,11.835564155591738
1,-11,6.530202507127722
1,-11,21.421166310804274
1,-11,11.328337550539285
1,-11,5.930885830241147
1,-11,8.309895306915806
1,-11,9.227820349045336
1,-11,2.5
1,-12,2.9704870843178073
1,-12,3.049292695474957
1,-12,13.210664893382388
1,-12,5.001576313923718
1,-12,7.236108239006876
1,-12,7.959360602044257
1,-12,6.035155192606411
1,-12,6.670692986661401
1,-12,13.614218811389833
1,-12,6.195622520641536
1,-12,6.373380747141628
1,-12,15.34612883336074
1,-12,2.5
1,-12,21.370223915826994
1,-12,16.033575010337096
1,-12,2.5
1,-12,8.35938932050801
1,-12,2.5
1,-12,5.976807874496267
1,-12,12.254218515142071
1,-12,8.670996010022163
1,-12,5.093604121761798
1,-12,15.745359073802227
1,-12,18.574570064442405
1,-12,9.896003941693587
1,-12,12.766182913572623
1,-12,11.040947506746464
1,-12,8.74639395180264
1,-12,9.031345422676232
1,-12,10.723232856637146
1,-12,7.621752200981921
1,-12,10.689861413493004
1,-12,13.832347593443222
1,-12,11.339280154282243
1,-12,17.056705341275446
1,-12,3.700204674207577
1,-12,10.243329726290625
1,-12,4.427138127249835
1,-12,6.040587983678961
1,-12,9.876354074580505
2,-12,2.873308691656418
2,-12,8.458800860989754
2,-12,7.579766250450079
2,-12,6.353133410907628
2,-12,3.2991914002541645
2,-12,14.64722748345574
2,-12,2.5
2,-12,7.818871729896538
2,-12,10.204184342349704
2,-12,2.5
2,-12,2.5
2,-12,2.5
2,-12,4.263501507465879
2,-12,2.5
2,-12,9.414585812142093
2,-12,14.491325861559766
2,-12,7.328006548381435
2,-12,4.098578824823877
2,-12,8.73620473594901
2,-12,2.5
2,-12,3.3477970028822264
2,-12,2.5
2,-12,2.5
2,-12,7.327527238968796
2,-12,13.062629659667573
2,-12,11.243778673644872
2,-12,7.042077095424248
2,-12,11.021368634649114
2,-12,13.991469300712465
2,-12,9.373399130348268
2,-12,10.284082079736013
2,-12,2.6295860897769874
2,-12,2.9408885908677664
2,-12,9.1548221616759
2,-12,3.7077552940020575
2,-12,2.5
2,-12,2.5
2,-12,15.786693577205005
2,-12,11.570984869056446
2,-12,2.5
2,-11,3.9482048629695425
2,-11,2.5
2,-11,5.7787401996107
2,-11,10.26449235984024
2,-11,19.786870838728582
2,-11,7.377742445572653
2,-11,2.5
2,-11,2.5
2,-11,12.001604132319546
2,-11,2.5
2,-11,8.89019331447421
2,-11,33.805129193034084
2,-11,2.5
2,-11,8.514685670439816
2,-11,12.64812010929593
2,-11,2.5
2,-11,5.402251584826979
2,-11,10.295005368319027
2,-11,25.5784530625587
2,-11,3.5532943518896225
2,-11,5.137862135428961
2,-11,9.35302802739067
2,-11,19.02349193025338
2,-11,6.034630236910468
2,-11,8.522073489931358
2,-11,2.5
2,-11,7.847269205300299
2,-11,2.5
2,-11,12.692314144252553
2,-11,17.488083765383706
2,-11,15.49571650097413
2,-11,5.195449572059244
2,-11,8.813367317821813
2,-11,12.917220732541606
2,-11,12.28594375177611
2,-11,12.338985386778823
2,-11,16.463501480692674
2,-11,10.865552602135661
2,-11,5.556329165882996
2,-11,14.111344143551637
2,-10,21.499289774653626
2,-10,20.9230203383272
2,-10,9.26757101959059
2,-10,19.401807893595482
2,-10,9.18562139280043
2,-10,3.5251060716897564
2,-10,3.9601566111074886
2,-10,20.084765678212975
2,-10,5.089254234562484
2,-10,8.413721351535301
2,-10,8.597501037546538
2,-10,4.242024953746961
2,-10,8.822525205454188
2,-10,5.247384685351062
2,-10,11.187147315097377
2,-10,9.404917454325172
2,-10,8.502273121598433
2,-10,8.512269091827328
2,-10,18.601051384587862
2,-10,7.646556308097203
2,-10,11.348404468119508
2,-10,3.4799032166548693
2,-10,23.14379459978577
2,-10,6.593177634430835
2,-10,10.017333295516085
2,-10,12.185559908850598
2,-10,3.590399118443653
2,-10,11.8551998293924
2,-10,18.47276964674345
2,-10,13.38982172851891
2,-10,2.5
2,-10,8.3150894671454
2,-10,7.138566403236716
2,-10,2.6460093166883647
2,-10,9.4088448915577
2,-10,9.468003558649698
2,-10,18.252806290501205
2,-10,10.119751664808078
2,-10,9.525135115813889
2,-10,20.560928022184978
2,-9,7.407154298939959
2,-9,2.5
2,-9,4.195664899057478
2,-9,15.00856359446691
2,-9,13.07312233473015
2,-9,2.5
2,-9,2.5
2,-9,16.114572028512207
2,-9,14.432495494060891
2,-9,8.490398847744896
2,-9,7.559862845257266
2,-9,4.5161702427255275
2,-9,11.08310814213163
2,-9,8.931791973407599
2,-9,9.735127345840047
2,-9,6.192502633662229
2,-9,14.247969117253716
2,-9,12.215956316427253
2,-9,9.381428635913993
2,-9,3.8070628279058827
2,-9,14.8774836423218
2,-9,10.955703646434255
2,-9,9.219894438604861
2,-9,5.314405018325951
2,-9,17.26942105055778
2,-9,13.974014167597312
2,-9,4.565043971536279
2,-9,6.862388396502729
2,-9,14.42203648097551
2,-9,18.709612320396854
2,-9,12.241864409738456
2,-9,3.5672780086638927
2,-9,2.7161546571852533
2,-9,8.343451345763302
2,-9,13.17440243480578
2,-9,2.551652012354499
2,-9,13.092633940063997
2,-9,4.9987046133988535
2,-9,9.750732885905363
2,-9,11.706059726961271
3,-9,9.683277882029264
3,-9,9.06514953121868
3,-9,13.177781286871523
3,-9,3.2501619590497475
3,-9,13.140994800024352
3,-9,16.74753159058155
3,-9,10.940691299751425
3,-9,10.223240170902866
3,-9,2.5
3,-9,12.297177064390443
3,-9,4.151576899952946
3,-9,7.128209723574044
3,-9,16.057426020630096
3,-9,13.986157904882223
3,-9,14.192339495169012
3,-9,23.908364748582812
3,-9,2.9335456467287955
3,-9,2.5
3,-9,6.948594873695381
3,-9,9.291804403121107
3,-9,17.532167867801
3,-9,19.465514885826757
3,-9,13.73035394653113
3,-9,20.027441047794476
3,-9,9.6168614468245
3,-9,14.764031911308997
3,-9,10.401461280514582
3,-9,2.5
3,-9,14.090261710274415
3,-9,10.4408570654213
3,-9,19.243009267456074
3,-9,7.474200968168688
3,-9,7.790412688856156
3,-9,3.82482152424123
3,-9,13.11097280932546
3,-9,20.09121546598555
3,-9,6.967972601177392
3,-9,13.975418294988637
3,-9,23.429478647024222
3,-9,12.00195851692834
2,-9,19.878042155295397
2,-9,12.115228718716795
2,-9,4.344862641222656
2,-9,2.5
2,-9,13.204925252966474
2,-9,2.5
2,-9,6.573082654440113
2,-9,6.585200100266293
2,-9,21.467281333696512
2,-9,7.333406710119704
2,-9,11.020713301249804
2,-9,9.859562469022665
2,-9,12.11210538175212
2,-9,12.232363516942486
2,-9,4.1328871826991245
2,-9,17.38949455105398
2,-9,11.236462259924377
2,-9,18.559825159489225
2,-9,3.7667399308247185
2,-9,5.6011327940364435
2,-9,5.809740595377408
2,-9,6.250941126445671
2,-9,19.864891054827556
2,-9,7.624071661578453
2,-9,14.608938571497925
2,-9,8.144150403781085
2,-9,8.331256132732634
2,-9,13.042723581428394
2,-9,13.945377890102588
2,-9,5.91671359802207
2,-9,9.989742667396584
2,-9,2.5
2,-9,3.568899956252155
2,-9,9.674330391738213
2,-9,2.5
2,-9,2.5
2,-9,2.5
2,-9,3.363418022503521
2,-9,2.5
2,-9,8.260244064157027
2,-8,17.365510612984707
2,-8,16.599139295067136
2,-8,8.405691416538392
2,-8,3.14593133664858
2,-8,2.5
2,-8,14.0655651443646
2,-8,2.5
2,-8,13.914473751690984
2,-8,5.461262149826714
2,-8,3.525835155409977
2,-8,12.847882680084147
2,-8,10.408836222834493
2,-8,9.939276393225674
2,-8,7.387691497007553
2,-8,2.5
2,-8,7.9530772619410754
2,-8,11.010597404756226
2,-8,14.26880261258153
2,-8,8.360397479737417
2,-8,16.32874015807016
2,-8,5.466890498694601
2,-8,12.96259988351462
2,-8,3.9497200688669505
2,-8,14.345357880182934
2,-8,2.5
2,-8,6.082306443956416
2,-8,8.86115750769994
2,-8,2.5
2,-8,2.5
2,-8,11.843007420228197
2,-8,12.426845835438014
2,-8,11.848795843975873
2,-8,13.78060528467169
2,-8,6.160321937918757
2,-8,14.051689864272058
2,-8,15.100514600845885
2,-8,9.027804832065497
2,-8,8.07177265510349
2,-8,12.323384700667797
2,-8,11.014617615566777
2,-9,9.161186086709614
2,-9,10.987028124861304
2,-9,9.139978587346409
2,-9,5.832004705750445
2,-9,17.29174228193861
2,-9,4.787680480415385
2,-9,5.661359806874918
2,-9,11.639794403461615
2,-9,2.5
2,-9,11.946172224104668
2,-9,11.87432421094093
2,-9,11.71534739804925
2,-9,15.669139804595444
2,-9,9.76484427814279
2,-9,10.625896003494685
2,-9,8.925375314188129
2,-9,9.230483508976002
2,-9,5.7697732699173105
2,-9,12.939036679463458
2,-9,2.5
2,-9,11.764054795485732
2,-9,2.514114502623997
2,-9,9.466971784695348
2,-9,12.648631549390531
2,-9,16.319884597085213
2,-9,13.845689406043004
2,-9,16.271082751626125
2,-9,20.67063133480744
2,-9,9.96063669447505
2,-9,17.866973708500826
2,-9,7.698014754005283
2,-9,5.816369859014769
2,-9,4.576549210330213
2,-9,12.447725792716284
2,-9,12.802685930490428
2,-9,5.374298019293399
2,-9,8.71571629173985
2,-9,15.136057172865982
2,-9,25.26609389411228
2,-9,11.23335010041087
3,-9,27.54680856366401
3,-9,16.806966958687433
3,-9,10.595696972490513
3,-9,4.727552650794118
3,-9,13.680702238203105
3,-9,6.094408242847921
3,-9,6.34753034230191
3,-9,10.438469736195383
3,-9,6.453298578807895
3,-9,2.5
3,-9,7.1289636578257625
3,-9,4.271737228436907
3,-9,11.999861001075795
3,-9,10.945522047984483
3,-9,11.201427941842985
3,-9,16.52293800860719
3,-9,17.309519513108572
3,-9,2.5
3,-9,2.5
3,-9,9.60433439993369
3,-9,14.876949944067825
3,-9,10.086496469579245
3,-9,4.448377415885205
3,-9,3.671051458954228
3,-9,11.470463804616179
3,-9,7.806318285727698
3,-9,18.4992519650966
3,-9,12.316002446916468
3,-9,7.423212214788592
3,-9,9.429566850344791
3,-9,7.930819405417175
3,-9,16.273340353271593
3,-9,15.754365873032064
3,-9,15.887654942258603
3,-9,3.1284311036333383
3,-9,13.298154877917455
3,-9,11.830966074318368
3,-9,5.909053928195175
3,-9,6.98721436511446
3,-9,12.563153291386845
3,-8,16.404332774715975
3,-8,3.602801560169599
3,-8,2.5
3,-8,2.5
3,-8,2.5
3,-8,17.487606703978294
3,-8,19.019858218972992
3,-8,12.65610627671231
3,-8,19.054040939207226
3,-8,11.060838256636542
3,-8,25.999274436452595
3,-8,2.5
3,-8,18.8980192326325
3,-8,8.154576862678512
3,-8,6.668962349104163
3,-8,14.46158623805739
3,-8,6.265044909571612
3,-8,3.088044102182783
3,-8,13.831662109120774
3,-8,10.823610849540792
3,-8,8.854851705929757
3,-8,12.599076292389698
3,-8,7.707905894622282
3,-8,9.474067487502175
3,-8,8.672078029311777
3,-8,9.095890217986895
3,-8,15.422208856726446
3,-8,8.855298836703259
3,-8,11.457824152133336
3,-8,9.971209344471657
3,-8,11.82448339421568
3,-8,17.23798974998959
3,-8,10.78535927136797
3,-8,9.032417397382382
3,-8,17.266728311807487
3,-8,3.668085933269251
3,-8,11.92413006938505
3,-8,15.02898587331281
3,-8,17.74457776012226
3,-8,8.058257755807016
4,-8,5.210581351430083
4,-8,8.81781188442603
4,-8,5.131242871134488
4,-8,9.478098896019427
4,-8,3.7527976907659504
4,-8,14.943765180440518
4,-8,15.555762909031186
4,-8,8.296091476778631
4,-8,7.053023329407832
4,-8,16.374547711531836
4,-8,10.036708744256636
4,-8,26.96799934275678
4,-8,18.489168781738492
4,-8,13.73384711544753
4,-8,11.54154753700957
4,-8,6.330344398447609
4,-8,9.6143747006434
4,-8,13.740754845680833
4,-8,19.100068199598148
4,-8,2.5
4,-8,6.796145605426058
4,-8,2.5
4,-8,5.008404937490259
4,-8,10.900091537141158
4,-8,16.087246635128597
4,-8,17.143827414136346
4,-8,14.863271032401535
4,-8,2.5
4,-8,2.5
4,-8,14.192301380002533
4,-8,4.642176745441358
4,-8,15.925326603142281
4,-8,13.097103489644837
4,-8,3.8136260841688747
4,-8,9.739604560615847
4,-8,5.448468161305302
4,-8,19.67203547399983
4,-8,22.58219427985263
4,-8,6.396025851074972
4,-8,4.2092011594793926
5,-8,9.954219819233428
5,-8,12.160418102706462
5,-8,7.640710143556734
5,-8,10.222458913468166
5,-8,12.587190199900517
5,-8,8.015986332459722
5,-8,12.23201082677181
5,-8,4.485687375225147
5,-8,12.708631974760047
5,-8,9.124182969097541
5,-8,17.482436909048246
5,-8,9.800664712912475
5,-8,6.878132045089411
5,-8,7.451265576843504
5,-8,3.9456344982579434
5,-8,2.5
5,-8,5.540196977311715
5,-8,12.017671447097538
5,-8,11.273763875381063
5,-8,9.35180897334971
5,-8,8.23936152736603
5,-8,3.769958664058113
5,-8,11.462974022071677
5,-8,15.066675671795336
5,-8,8.17509911973789
5,-8,2.5
5,-8,6.766365980257855
5,-8,5.47835680533779
5,-8,18.32077444128763
5,-8,21.374252124695737
5,-8,16.62126258330971
5,-8,6.169778706086525
5,-8,9.683109369021635
5,-8,2.5
5,-8,12.932818994776364
5,-8,12.45530446606739
5,-8,9.87150737149142
5,-8,10.395209219733427
5,-8,8.504517290814297
5,-8,10.792378939555501
6,-8,6.264829987329594
6,-8,18.57077240311714
6,-8,5.02265109933612
6,-8,2.7436368868519905
6,-8,5.342276466420897
6,-8,15.534849819624926
6,-8,17.349734862789123
6,-8,9.941469010713982
6,-8,11.05553655631396
6,-8,2.5
6,-8,2.5
6,-8,22.86957575088619
6,-8,8.904120837882207
6,-8,5.207224466477174
6,-8,2.5
6,-8,11.173693646880485
6,-8,5.99373247819682
6,-8,3.28810100105194
6,-8,11.701249673083023
6,-8,7.95333370530175
6,-8,13.530588469220621
6,-8,2.885628470630671
6,-8,16.892058755928282
6,-8,10.974126913455786
6,-8,14.731233386360397
6,-8,9.061263778239985
6,-8,8.678314062306766
6,-8,13.302406719552248
6,-8,7.940600469584053
6,-8,11.416890156056137
6,-8,4.885263177351734
6,-8,16.9097571144034
6,-8,8.307521607090173
6,-8,8.9315220389875
6,-8,5.173086549332222
6,-8,18.011165789322256
6,-8,16.417320741628707
6,-8,2.5
6,-8,6.0274608784696575
6,-8,2.5
6,-7,15.796002522804006
6,-7,2.5
6,-7,9.587206858321188
6,-7,14.008021670361664
6,-7,16.35200773129998
6,-7,19.044955829100623
6,-7,18.93767215266345
6,-7,18.371009048701517
6,-7,4.140870400148922
6,-7,7.706082824125767
6,-7,16.034568919878023
6,-7,16.307005338183696
6,-7,7.620939114247028
6,-7,6.4065778133694335
6,-7,15.497090206304566
6,-7,7.072332160483835
6,-7,11.264288689033853
6,-7,19.370123228772172
6,-7,6.414307557318413
6,-7,9.46178447114187
6,-7,20.252300415891504
6,-7,7.805596608108162
6,-7,17.442887510879714
6,-7,15.235852247184544
6,-7,2.5
6,-7,5.751251522767763
6,-7,7.847584401761267
6,-7,14.495808456971014
6,-7,10.75632004031812
6,-7,12.21254084508138
6,-7,2.5095929138404625
6,-7,12.969057277358948
6,-7,13.472193058719903
6,-7,4.9167611871073404
6,-7,6.41996716475218
6,-7,4.152889167442006
6,-7,17.411516689381422
6,-7,21.097554431306406
6,-7,9.982553578582582
6,-7,14.929940814094055
6,-6,12.282449993442695
6,-6,2.5
6,-6,9.326840170504038
6,-6,12.766217084999699
6,-6,19.448689660522966
6,-6,2.5
6,-6,9.676750298910415
6,-6,26.148559444073328
6,-6,2.5
6,-6,12.69816324960162
6,-6,2.751182222924154
6,-6,6.996561261734812
6,-6,2.5543032476515393
6,-6,15.735833119876112
6,-6,2.5
6,-6,7.7394183835491255
6,-6,2.5
6,-6,11.96399581853431
6,-6,6.834545129784951
6,-6,6.6847214704995785
6,-6,13.449671836110067
6,-6,11.827422552587826
6,-6,16.306525670409876
6,-6,14.382084022934137
6,-6,9.916442173458423
6,-6,5.26216711222065
6,-6,2.5
6,-6,17.291924167408563
6,-6,11.301706034687818
6,-6,2.5
6,-6,9.398161921214067
6,-6,9.028185736589045
6,-6,2.6256926941582233
6,-6,9.556989463024436
6,-6,14.015648791046857
6,-6,9.327548258266123
6,-6,5.730119565824114
6,-6,13.784511030484023
6,-6,15.887422838325419
6,-6,11.20303932320634
7,-6,2.557436432516984
7,-6,6.282293914629922
7,-6,9.5730354520468
7,-6,3.7084851181032015
7,-6,4.91344339785375
7,-6,2.5
7,-6,4.002402414931836
7,-6,24.98897175480099
7,-6,9.533833166436223
7,-6,11.301479927666927
7,-6,2.5
7,-6,13.50361128437263
7,-6,13.29898069325508
7,-6,11.217103204495935
7,-6,7.656253786370932
7,-6,9.338728330371959
7,-6,5.399731838001147
7,-6,3.9246187973035114
7,-6,5.044947497863078
7,-6,13.638482536916662
7,-6,19.95296825793891
7,-6,6.749549606199405
7,-6,11.083583119130651
7,-6,10.268889607005539
7,-6,8.319668262181088
7,-6,3.83454945675157
7,-6,12.721936184701699
7,-6,14.230747121905894
7,-6,6.801777071014396
7,-6,15.675545544620945
7,-6,2.5
7,-6,2.5
7,-6,17.708780266028015
7,-6,10.325188284983545
7,-6,12.129748919916894
7,-6,6.833214162405849
7,-6,7.249977138929663
7,-6,14.359234015598824
7,-6,9.851420424755705
7,-6,17.095489181439014
7,-7,7.665544698464432
7,-7,8.37384658017599
7,-7,2.5
7,-7,12.048984011871523
7,-7,2.5
7,-7,3.0265440929868825
7,-7,6.198221069754221
7,-7,16.214285140645234
7,-7,10.088396303072896
7,-7,6.573235579232985
7,-7,5.605636473599358
7,-7,6.7720127329289195
7,-7,12.903476029802405
7,-7,2.5
7,-7,10.1608031475354
7,-7,9.439542298232348
7,-7,7.799539168733044
7,-7,10.79625329832414
7,-7,9.316167068011916
7,-7,8.700295192320922
7,-7,4.132911755642631
7,-7,11.805132163032328
7,-7,20.01846137043584
7,-7,8.96124786907027
7,-7,5.497744070081806
7,-7,11.954548247944548
7,-7,6.29442882752842
7,-7,9.245800335200242
7,-7,2.512222698238805
7,-7,2.5
7,-7,12.57891317367115
7,-7,13.235430133662017
7,-7,17.664444611438192
7,-7,15.847930446597623
7,-7,4.119211571386165
7,-7,2.5
7,-7,2.5
7,-7,12.57318451153307
7,-7,3.697998837819882
7,-7,10.08754816082055
6,-7,10.211742399515998
6,-7,4.401663323133482
6,-7,19.971409047113344
6,-7,9.042392399405756
6,-7,31.364589080637806
6,-7,16.825396911949284
6,-7,2.7789233454109166
6,-7,12.629371752167572
6,-7,11.815031964203067
6,-7,15.649395349485484
6,-7,11.844957158741067
6,-7,20.868339798681454
6,-7,3.051490549669584
6,-7,9.353184581553098
6,-7,9.493461246758667
6,-7,8.097419384222741
6,-7,2.5
6,-7,10.066990472755446
6,-7,9.288468218033874
6,-7,7.771536727748234
6,-7,12.255428343308068
6,-7,2.5
6,-7,17.46433311182153
6,-7,16.829765046626996
6,-7,5.716836266384891
6,-7,8.223221703002228
6,-7,8.017183444603129
6,-7,6.666712285353853
6,-7,11.588252270553081
6,-7,16.242551536169643
6,-7,6.941323021675096
6,-7,7.769888968496444
6,-7,13.877854665659779
6,-7,10.148411962705943
6,-7,7.292247915367417
6,-7,7.235959525251595
6,-7,2.5
6,-7,6.864131266123701
6,-7,4.780742950486156
6,-7,12.397773719361952
7,-7,12.373735012731778
7,-7,2.5
7,-7,9.313753829510082
7,-7,6.966581718962468
7,-7,6.415052418127592
7,-7,4.976557439793327
7,-7,3.498917813415045
7,-7,8.150601468574816
7,-7,8.77750619530699
7,-7,15.667562730756327
7,-7,15.490005058532578
7,-7,3.4459417011586506
7,-7,2.5
7,-7,7.832525617647686
7,-7,15.41142784787695
7,-7,26.126692777009332
7,-7,19.982738528811577
7,-7,9.131128541092387
7,-7,2.5
7,-7,11.64268956464843
7,-7,6.07871742945393
7,-7,2.5
7,-7,22.28147566416679
7,-7,8.163319559414619
7,-7,10.119176453818142
7,-7,13.809996240130094
7,-7,12.604692924053243
7,-7,14.138296726256609
7,-7,14.708813176607357
7,-7,20.111998060693267
7,-7,9.083840928714144
7,-7,2.9239320529144974
7,-7,4.873485206487209
7,-7,7.93484768381734
7,-7,5.085934581208132
7,-7,2.5
7,-7,5.538468090468274
7,-7,7.162273580516408
7,-7,13.272133542387586
7,-7,2.706629801807587
8,-7,13.663565798917055
8,-7,14.549085247721097
8,-7,12.387258817388272
8,-7,5.162227778286508
8,-7,17.3675459307824
8,-7,11.961700930939962
8,-7,13.460063302874234
8,-7,2.5
8,-7,12.60538328044603
8,-7,5.015809174909887
8,-7,2.5
8,-7,12.456585482500149
8,-7,16.400489883728888
8,-7,4.061342653416865
8,-7,8.19763173912043
8,-7,11.424012853401383
8,-7,15.462447647218173
8,-7,13.310093831797076
8,-7,17.5545487630247
8,-7,11.271198413890922
8,-7,2.5
8,-7,15.730421330547102
8,-7,10.729735737352918
8,-7,14.79055909748405
8,-7,21.88218474785578
8,-7,2.5
8,-7,2.546532220389861
8,-7,9.961210987112327
8,-7,9.911450431904509
8,-7,7.760766606287949
8,-7,10.429504845657286
8,-7,5.3531232046798305
8,-7,10.083841108747423
8,-7,6.541607061169071
8,-7,13.424929795136384
8,-7,9.213166613641352
8,-7,15.726709317987524
8,-7,8.232007441347784
8,-7,3.678259750474785
8,-7,5.43549113742471
8,-6,13.150942470636917
8,-6,2.5
8,-6,8.761276011459191
8,-6,2.5
8,-6,10.662291303708841
8,-6,12.817791731754985
8,-6,13.399051832252784
8,-6,15.75654549060185
8,-6,10.998528029610396
8,-6,10.821804367220485
8,-6,9.954826365405523
8,-6,2.5
8,-6,10.526434584666248
8,-6,2.5
8,-6,20.090625017128307
8,-6,16.878236880641026
8,-6,14.886247760280114
8,-6,7.714457978247726
8,-6,11.285040747727239
8,-6,14.857469640555129
8,-6,6.401595695267985
8,-6,14.96979377225895
8,-6,8.602707630172663
8,-6,12.556444208582386
8,-6,13.329145073846817
8,-6,9.129874929247672
8,-6,14.699014740660381
8,-6,4.792724309439318
8,-6,9.060343839873877
8,-6,10.818402740894138
8,-6,2.5
8,-6,4.199572129812033
8,-6,13.976721386767574
8,-6,23.95318920029852
8,-6,3.5536799595823485
8,-6,12.538336727840907
8,-6,10.54239180039274
8,-6,12.978893025499051
8,-6,4.617304691715663
8,-6,2.5
7,-6,2.5
7,-6,14.090200269828355
7,-6,10.652737293578124
7,-6,10.210886365242029
7,-6,10.423361809735132
7,-6,10.434191846499685
7,-6,20.108943896722586
7,-6,11.123736444497576
7,-6,8.59432001556784
7,-6,12.844150627316392
7,-6,7.345602977657555
7,-6,25.77515765239049
7,-6,12.873391019504286
7,-6,2.5
7,-6,9.988274013081979
7,-6,14.998221846711647
7,-6,12.871260534131109
7,-6,20.258685409966205
7,-6,4.173875625582475
7,-6,12.269502703298388
7,-6,14.434369104012664
7,-6,13.372775789002118
7,-6,4.571326407440716
7,-6,3.2350287053183155
7,-6,8.276972437980087
7,-6,8.739546373477515
7,-6,2.5
7,-6,4.757896582557684
7,-6,21.939986953876197
7,-6,6.345605397679773
7,-6,6.233803126375295
7,-6,8.198186048557556
7,-6,9.3596273436087
7,-6,2.5
7,-6,16.590620141861862
7,-6,8.256585795242955
7,-6,17.722358001964402
7,-6,11.838720000536393
7,-6,17.296965876715177
7,-6,7.772829513157561
7,-5,20.406126373754493
7,-5,15.179054788373863
7,-5,9.481564384807177
7,-5,11.556964082863622
7,-5,8.558601971494506
7,-5,5.546725125168176
7,-5,14.281414625161293
7,-5,5.934945205436375
7,-5,8.516030026776367
7,-5,18.497155809671025
7,-5,2.5
7,-5,12.923597997324794
7,-5,20.76785033215532
7,-5,13.814456272607908
7,-5,16.87141867796707
7,-5,8.844196042147574
7,-5,9.997780322727511
7,-5,2.5
7,-5,6.704986605074627
7,-5,6.163614855549164
7,-5,14.45200296637841
7,-5,11.610497045395759
7,-5,2.5
7,-5,5.7759731037072
7,-5,3.7469959237232233
7,-5,14.04878350955305
7,-5,4.978833051552203
7,-5,8.191296473430848
7,-5,12.800586349928116
7,-5,9.337439827608923
7,-5,8.40680676791733
7,-5,2.5
7,-5,18.900465703484954
7,-5,13.79641292997111
7,-5,9.122261832947148
7,-5,14.737551718992059
7,-5,6.511623237721924
7,-5,12.142731979983086
7,-5,18.942507980056682
7,-5,9.42960085923771
7,-4,12.320713453363847
7,-4,5.52367130238778
7,-4,9.008542785004693
7,-4,12.64503633975729
7,-4,19.69521319175421
7,-4,10.333281873470582
7,-4,13.552844252928093
7,-4,19.365305889260327
7,-4,11.652566421125478
7,-4,5.0304784747562525
7,-4,15.690190105283914
7,-4,2.5
7,-4,2.5
7,-4,2.5
7,-4,8.047517132631647
7,-4,13.959331322451249
7,-4,18.41697696413618
7,-4,14.472335229775524
7,-4,19.85762250125019
7,-4,36.490045360380286
7,-4,2.5
7,-4,10.92031052883275
7,-4,10.626301760702395
7,-4,3.0947288963074406
7,-4,14.092356987961487
7,-4,18.44731768785459
7,-4,9.551032388076166
7,-4,13.904632633850783
7,-4,2.5
7,-4,7.100414086621243
7,-4,21.450309409598123
7,-4,11.745404854506681
7,-4,13.759559021467387
7,-4,7.421054449677877
7,-4,13.44351229693644
7,-4,10.462813405372746
7,-4,7.049996424990471
7,-4,2.65724937771225
7,-4,16.5602480856856
7,-4,17.117784333642
8,-4,8.702440770704861
8,-4,17.02696318287059
8,-4,9.81547145538076
8,-4,14.494056141972557
8,-4,15.639443553501842
8,-4,7.846802538567494
8,-4,2.5
8,-4,4.238393417862737
8,-4,3.595985971230598
8,-4,2.5
8,-4,10.68071170816233
8,-4,2.5
8,-4,2.5
8,-4,8.314372294439035
8,-4,6.594644353630282
8,-4,12.510137054820515
8,-4,13.257579540791795
8,-4,4.813859977971813
8,-4,6.391927689715442
8,-4,3.185542379800812
8,-4,7.962150201577012
8,-4,7.8058734077590035
8,-4,12.71212578591677
8,-4,7.8484256492061
8,-4,12.384811714819005
8,-4,8.56027498561509
8,-4,3.2264070842297112
8,-4,2.5
8,-4,11.609094603484012
8,-4,2.5
8,-4,6.285675746029283
8,-4,7.839082772010027
8,-4,4.668538877623376
8,-4,11.725142459335089
8,-4,22.574287246568396
8,-4,17.02797513521811
8,-4,13.425443747483499
8,-4,6.781547247451261
8,-4,17.56957118689238
8,-4,2.6636646800719648
9,-4,4.293431688243776
9,-4,2.5
9,-4,16.04149078653411
9,-4,16.511184729270717
9,-4,2.5
9,-4,20.70236788332192
9,-4,10.246661081041822
9,-4,13.424654838556885
9,-4,3.4033043461097074
9,-4,3.7932114572853046
9,-4,7.04068385753658
9,-4,12.647884114008477
9,-4,2.5
9,-4,9.60317013190119
9,-4,9.475891277025095
9,-4,18.882246174331602
9,-4,15.686157808319951
9,-4,3.9458563256922528
9,-4,9.648397304197795
9,-4,10.678862546817722
9,-4,7.772287654085999
9,-4,4.63036233765171
9,-4,2.5
9,-4,14.034108674655805
9,-4,13.786272767769807
9,-4,17.616522387070972
9,-4,6.117940709077928
9,-4,2.5
9,-4,21.645412010955873
9,-4,7.991582483399566
9,-4,4.607004310334902
9,-4,13.302947411669662
9,-4,4.294829586363696
9,-4,12.771717535221446
9,-4,10.05759372996722
9,-4,7.856127257767069
9,-4,7.154173833149635
9,-4,6.3221951536300685
9,-4,4.3843000586815775
9,-4,9.272249561316638
9,-3,15.545751774901275
9,-3,2.5
9,-3,13.841131481646723
9,-3,3.037988111776956
9,-3,2.5
9,-3,9.428136324688081
9,-3,7.069186465267187
9,-3,19.30622891893482
9,-3,3.336113310815709
9,-3,8.15516285863498
9,-3,9.534823156790889
9,-3,9.970203917901316
9,-3,17.59972731483205
9,-3,12.55722219451989
9,-3,19.39415775387987
9,-3,13.139241384055385
9,-3,17.90135368409613
9,-3,12.91694815376551
9,-3,14.100166099057942
9,-3,9.760490334789209
9,-3,16.45384422623376
9,-3,10.840930094977269
9,-3,16.046931381007223
9,-3,18.15466846234062
9,-3,12.732201590195338
9,-3,12.156992181334472
9,-3,13.305298851913875
9,-3,8.029159039928805
9,-3,10.20437037087998
9,-3,10.330568733525835
9,-3,2.5
9,-3,4.4907446365331065
9,-3,2.5
9,-3,15.284495998132833
9,-3,5.900900646329532
9,-3,5.1146802656708905
9,-3,14.628190372281285
9,-3,9.81827536043971
9,-3,6.163913768945152
9,-3,21.849880756350807
9,-2,7.95892544305954
9,-2,2.990535709368152
9,-2,6.936404582961739
9,-2,3.5858922032859093
9,-2,7.548921850970503
9,-2,2.5
9,-2,8.92609366485548
9,-2,21.643415621458402
9,-2,2.5
9,-2,12.459701552777409
9,-2,9.935882494663286
9,-2,2.5
9,-2,4.522291529227267
9,-2,11.547668210065815
9,-2,11.863352238319363
9,-2,14.380470650595939
9,-2,8.38126608846749
9,-2,18.34349184035767
9,-2,5.37906420875936
9,-2,2.5
9,-2,11.317021757382504
9,-2,17.003771529345787
9,-2,10.580298155087302
9,-2,2.5
9,-2,14.517806231841533
9,-2,6.3440682730839955
9,-2,9.146958804490257
9,-2,6.978218067848674
9,-2,12.101970162706246
9,-2,14.623023008575823
9,-2,16.91539173550025
9,-2,2.5
9,-2,18.320728861228968
9,-2,9.161966235163488
9,-2,6.453755598393661
9,-2,10.215779163148047
9,-2,4.067576533654083
9,-2,12.394247319384553
9,-2,10.288532563780507
9,-2,5.515571182257548
10,-2,6.2380652039099065
10,-2,3.109891705672831
10,-2,3.1718170218770374
10,-2,11.56473925290478
10,-2,2.5
10,-2,13.432847834687998
10,-2,10.957991333238919
10,-2,8.21850491681515
10,-2,16.36765519244113
10,-2,14.841805755319761
10,-2,11.5584517501605
10,-2,2.5
10,-2,2.5
10,-2,10.988943200469867
10,-2,9.067841143271254
10,-2,11.894553282415973
10,-2,27.042424943614975
10,-2,17.004838196132383
10,-2,11.065543949163084
10,-2,11.457677387986102
10,-2,5.0467069235653685
10,-2,5.961322581143821
10,-2,13.737333150384423
10,-2,5.947553419200629
10,-2,10.631131380884543
10,-2,9.069044832324199
10,-2,5.271076706545331
10,-2,3.9808987318248494
10,-2,13.4286781465485
10,-2,13.137448829157996
10,-2,3.5273293230767795
10,-2,4.052414892320337
10,-2,10.195934118732156
10,-2,4.76098099272707
10,-2,2.5
10,-2,12.978891941018961
10,-2,7.253993962619424
10,-2,2.5
10,-2,12.201410546569441
10,-2,18.855742953103828
9,-2,24.47737992316771
9,-2,4.445005258543699
9,-2,11.401104118838663
9,-2,14.020154495285816
9,-2,16.050174257668367
9,-2,13.013180392336618
9,-2,4.54404845895928
9,-2,7.827791513072066
9,-2,4.632607214444277
9,-2,12.137322591347804
9,-2,8.104449396956706
9,-2,5.395497761209662
9,-2,3.5694789809570477
9,-2,11.73939538642928
9,-2,14.429189503224759
9,-2,2.5
9,-2,2.6075342664336176
9,-2,8.483435428768075
9,-2,12.822648305070409
9,-2,9.740135570146359
9,-2,9.379023580524256
9,-2,15.623831244959337
9,-2,6.804063291095324
9,-2,12.776395604363486
9,-2,2.5
9,-2,5.3266957254906595
9,-2,2.5
9,-2,12.324228026560604
9,-2,8.51614832795264
9,-2,21.7887653701988
9,-2,17.025826270577987
9,-2,17.69104768091325
9,-2,15.862160653399105
9,-2,19.78278534002213
9,-2,9.660541663548456
9,-2,9.645896235628271
9,-2,12.392503026037524
9,-2,7.87502404024973
9,-2,15.959740057202099
9,-2,2.5
10,-2,14.488111837148171
10,-2,17.30246215103122
10,-2,7.671482754545294
10,-2,7.802474274704317
10,-2,6.280481174717773
10,-2,16.16123248901374
10,-2,6.003996905402573
10,-2,10.169868633267308
10,-2,5.688939337584416
10,-2,2.9207817582846523
10,-2,2.5
10,-2,17.989735841994538
10,-2,5.112668241426845
10,-2,11.55098225653658
10,-2,6.6907205072289635
10,-2,4.506234505003452
10,-2,16.59113022232836
10,-2,5.6774194668271605
10,-2,7.325862531253743
10,-2,3.393790415925495
10,-2,22.182471398996483
10,-2,8.434712129928208
10,-2,13.452835825323916
10,-2,16.71967472203715
10,-2,16.18792812297897
10,-2,18.12717964038097
10,-2,12.56000767838159
10,-2,3.4681750024065563
10,-2,15.69158045132739
10,-2,12.477029175190154
10,-2,5.383066781043401
10,-2,11.500170875375378
10,-2,16.893718656872366
10,-2,3.0642461596224377
10,-2,6.718574950548618
10,-2,14.999938115938203
10,-2,6.859614023648309
10,-2,8.833826166573601
10,-2,13.528194560113363
10,-2,10.73202979495311
10,-1,6.675628140945982
10,-1,20.804392972915704
10,-1,3.986910274003953
10,-1,6.700994154124844
10,-1,13.331472889113321
10,-1,5.407088206179501
10,-1,3.2312910310931446
10,-1,11.253686680784988
10,-1,8.397452385480143
10,-1,12.708477433711778
10,-1,9.39566746956886
10,-1,7.715407894861563
10,-1,16.73965056089635
10,-1,4.715730371792089
10,-1,7.141408934448275
10,-1,12.891779586624253
10,-1,7.631909311435802
10,-1,10.128347369210793
10,-1,19.97393422531559
10,-1,18.272204404170722
10,-1,4.429104630150933
10,-1,10.921008892633987
10,-1,9.152367354607964
10,-1,3.6559846125783046
10,-1,7.784803456604886
10,-1,7.659898433343107
10,-1,9.891329158723348
10,-1,11.67363192940937
10,-1,15.429922606508583
10,-1,6.193617644656715
10,-1,17.283606997757587
10,-1,9.864842586043265
10,-1,10.763131968889562
10,-1,5.536760197826406
10,-1,15.319913691032562
10,-1,11.009181347296032
10,-1,13.043680375162683
10,-1,3.097529297318366
10,-1,16.793722863288604
10,-1,6.800401678569852
11,-1,6.527496431879198
11,-1,13.16127018431291
11,-1,7.322840295787426
11,-1,9.035112621881309
11,-1,14.187036160127414
11,-1,2.5
11,-1,6.482562452382323
11,-1,2.5
11,-1,12.085846475254073
11,-1,7.543796687592909
11,-1,6.01548654557612
11,-1,8.504549857864177
11,-1,11.523338191955032
11,-1,3.179301376661223
11,-1,9.881839863383355
11,-1,3.2122641654109683
11,-1,8.882647424381803
11,-1,2.5
11,-1,13.85218114943326
11,-1,17.974554277344335
11,-1,5.307472900557927
11,-1,3.200825244188435
11,-1,2.7833609240644783
11,-1,2.5
11,-1,23.9184430180647
11,-1,12.968543490635975
11,-1,5.304458362705161
11,-1,11.2966082826407
11,-1,14.849223357371896
11,-1,8.893138596727777
11,-1,2.5
11,-1,7.3483998544053595
11,-1,9.672244455653514
11,-1,7.682773753067537
11,-1,14.851175873077246
11,-1,2.5
11,-1,15.726396602114585
11,-1,6.650203766769749
11,-1,14.901086546938433
11,-1,16.798480493040515
11,0,9.02818694021973
11,0,10.676911629749371
11,0,7.49623406012981
11,0,2.5
11,0,5.663689975542368
11,0,8.933244861165015
11,0,12.84384536338894
11,0,8.862371585228086
11,0,16.4903502171713
11,0,7.494693179395016
11,0,2.5
11,0,23.012518896805958
11,0,2.5
11,0,11.4969518217335
11,0,10.330876708420714
11,0,10.692955504880501
11,0,19.24449935607654
11,0,4.265446060667963
11,0,9.48662887957157
11,0,8.4744949221337
11,0,7.550511085957778
11,0,5.969547715024742
11,0,5.870894761360879
11,0,10.387340861636986
11,0,8.271508917789873
11,0,2.5
11,0,11.082649496163508
11,0,4.890520612862077
11,0,9.952781490490283
11,0,2.5
11,0,10.439550593451926
11,0,13.598052371079092
11,0,22.16802761908631
11,0,13.301745390330234
11,0,12.265317916270638
11,0,13.275362642122364
11,0,13.406586823728773
11,0,2.5
11,0,17.07598825270747
11,0,9.238578244962685
12,0,3.292093935083798
12,0,16.180426836126365
12,0,10.50263319404522
12,0,2.5
12,0,11.416019213290568
12,0,6.148531930837313
12,0,10.362538948880223
12,0,9.579463619875092
12,0,5.203986556710676
12,0,5.974610274862902
12,0,2.5
12,0,5.30836891313763
12,0,5.329056602737005
12,0,2.5
12,0,5.571207304529829
12,0,17.032395960381407
12,0,8.66296122994099
12,0,5.737886487070435
12,0,10.024046311642142
12,0,5.096076693419133
12,0,3.8348822704272907
12,0,10.540413370647283
12,0,4.364199649194733
12,0,10.825863491626887
12,0,4.2604488479174805
12,0,16.004806099597758
12,0,4.52686735282294
12,0,5.0742003297234275
12,0,7.465848556861685
12,0,2.5
12,0,13.872712402542845
12,0,9.371819837136348
12,0,6.2532634204844975
12,0,12.293067226874713
12,0,3.441631266465512
12,0,12.570686952476843
12,0,2.5
12,0,7.78430546629602
12,0,2.5
12,0,11.11731966530309
12,1,18.865641853208693
12,1,2.9479358916857836
12,1,12.166778264132429
12,1,7.665347783905434
12,1,5.633221720703035
12,1,2.5
12,1,9.29090461658594
12,1,10.14803231052779
12,1,8.884784392515385
12,1,13.999113629823636
12,1,7.270516456944782
12,1,3.256265497081997
12,1,3.7301597619078657
12,1,14.08577048183812
12,1,14.053894022174585
12,1,2.668121402476391
12,1,7.9045332224883
12,1,10.052751764660794
12,1,9.465439179800551
12,1,10.01374253146432
12,1,9.638125462311358
12,1,8.132354637845802
12,1,6.691260405798804
12,1,2.805381018503962
12,1,2.6811835860814393
12,1,13.07583664668637
12,1,17.106215907554308
12,1,14.915223973345988
12,1,2.5
12,1,10.489428439491686
12,1,12.862489468788844
12,1,7.147673079610285
12,1,12.831533759426142
12,1,7.1077706102111415
12,1,11.3668552170526
12,1,3.7071357395352953
12,1,8.266570159608667
12,1,15.58880199538669
12,1,3.010107901740601
12,1,3.1936940685589112
12,2,12.89259523646465
12,2,3.537428344579667
12,2,20.130676844269942
12,2,8.516125017623372
12,2,9.032939197088153
12,2,4.372014968484429
12,2,13.269464477956989
12,2,4.898299193226352
12,2,5.65776402631026
12,2,11.453703276521832
12,2,13.937354484101341
12,2,2.5
12,2,2.520177780537751
12,2,5.5157856511754
12,2,11.932386713896738
12,2,7.198910864653555
12,2,5.618364385907038
12,2,3.393391701820218
12,2,16.294753588554062
12,2,4.8046653827635035
12,2,14.366016418128238
12,2,2.5
12,2,11.942652927556924
12,2,6.59089598175707
12,2,7.122733673083264
12,2,2.5
12,2,11.969739837576284
12,2,2.5
12,2,6.189320449146621
12,2,26.0081923485805
12,2,11.036209421939596
12,2,13.872042971080536
12,2,8.307129567196768
12,2,5.507282860290677
12,2,7.167868958915571
12,2,9.443449515589641
12,2,17.339137780478595
12,2,5.705448957628987
12,2,9.220154479519447
12,2,6.043928349217547
13,2,9.842149456607569
13,2,2.5
13,2,3.8706243167894083
13,2,6.852049921626039
13,2,5.530849568668647
13,2,15.422960129536957
13,2,16.4997795238374
13,2,4.022129143618467
13,2,3.473925765867653
13,2,9.176636015757381
13,2,5.913493550874256
13,2,5.191194018234528
13,2,9.343645512000064
13,2,4.365348646444514
13,2,2.7271025143122234
13,2,5.3781882632263445
13,2,11.026712483080999
13,2,9.1407740646892
13,2,2.5
13,2,2.5
13,2,8.457907943079901
13,2,2.5
13,2,6.97089615388873
13,2,3.8575150136949725
13,2,9.31936575004988
13,2,9.035029445227433
13,2,7.90419516654785
13,2,11.474038203823074
13,2,3.53707865773068
13,2,13.32945099533326
13,2,2.5
13,2,20.182911220577616
13,2,12.027681992462739
13,2,2.5
13,2,8.520485471479487
13,2,2.5
13,2,2.5
13,2,9.324678427709241
13,2,4.60542277818285
13,2,19.06451042788975
13,3,3.7219250836977884
13,3,10.16397699718706
13,3,2.5
13,3,15.985402869153386
13,3,5.017787973263761
13,3,14.461007962933675
13,3,3.5905652057551967
13,3,4.4386967783142355
13,3,2.5
13,3,15.93029619196095
13,3,3.844663416167091
13,3,15.390720879995936
13,3,5.675710897415181
13,3,10.37887199372229
13,3,8.659278452452654
13,3,2.5
13,3,5.929450226670868
13,3,4.60993886082107
13,3,2.5
13,3,4.3602974684459035
13,3,3.938814780282754
13,3,3.2056733579910768
13,3,5.917250865696473
13,3,12.82242184777971
13,3,3.778071004498224
13,3,16.95427982623361
13,3,2.8339751644731406
13,3,7.905660309313284
13,3,4.296596030799568
13,3,2.5
13,3,7.832567579055567
13,3,9.470697727069245
13,3,7.0241299429462165
13,3,11.816319002281443
13,3,13.331358356864149
13,3,17.247061834167745
13,3,2.5
13,3,2.5
13,3,5.286626991347778
13,3,2.5
12,3,2.5
12,3,4.3901968048983875
12,3,5.359444603340336
12,3,19.95760393667203
12,3,10.563432447650667
12,3,10.576660453658398
12,3,2.5
12,3,2.5
12,3,11.6761674038254
12,3,9.207804080428588
12,3,3.397277472665434
12,3,2.5
12,3,6.02983288693828
12,3,2.5
12,3,6.04478815072766
12,3,9.18467227960351
12,3,3.0902388050437954
12,3,2.5
12,3,11.755224213239511
12,3,9.417162395512339
12,3,9.506948642979943
12,3,9.504099569341744
12,3,3.662402734946598
12,3,2.5
12,3,18.5933298173318
12,3,12.32994036076477
12,3,7.960224270660823
12,3,14.290158994705298
12,3,6.554330465917599
12,3,6.349169569505642
12,3,8.756519644600893
12,3,2.5
12,3,2.5
12,3,2.896159988674012
12,3,9.319480769150806
12,3,2.5
12,3,2.5
12,3,14.471489991226228
12,3,11.283477597153887
12,3,15.752333238455964
12,4,12.750552874565944
12,4,17.790318047755804
12,4,13.5759021935128
12,4,12.619873341638309
12,4,7.295628314276914
12,4,3.3121761438656634
12,4,2.5
12,4,14.152301540164814
12,4,3.644951481697789
12,4,7.854960570686137
12,4,3.2917585606726316
12,4,4.759107222381975
12,4,9.061159668117616
12,4,6.391024930877569
12,4,4.616167821285867
12,4,16.857880917132416
12,4,5.491248740074367
12,4,12.438885690585593
12,4,11.937271684286902
12,4,13.228325288717162
12,4,3.8092037180615694
12,4,9.023334717023749
12,4,5.501894885398845
12,4,2.5
12,4,5.003104579413864
12,4,16.203568853418993
12,4,11.752470842577592
12,4,7.84130443661705
12,4,2.5
12,4,2.5
12,4,6.889342562736624
12,4,2.5
12,4,8.382384868426747
12,4,10.343511543673406
12,4,2.5
12,4,16.433593596647466
12,4,8.57366387939807
12,4,6.917987009026955
12,4,4.646509927465485
12,4,2.5
13,4,2.5
13,4,2.5
13,4,2.5
13,4,17.05200872241357
13,4,13.480057076892358
13,4,2.5
13,4,11.145912255717757
13,4,2.5
13,4,6.0109762373976325
13,4,2.5
13,4,24.165145034611488
13,4,2.5
13,4,2.5
13,4,11.633025120515967
13,4,6.429224961262635
13,4,2.5
13,4,2.5
13,4,3.9255847239439494
13,4,9.580579716893581
13,4,12.849709016614426
13,4,10.562214230085882
13,4,4.75076592499811
13,4,2.5
13,4,2.5
13,4,4.554133525037063
13,4,11.359031686544427
13,4,6.0568434634928305
13,4,2.5
13,4,13.13362424709739
13,4,3.6489954910772324
13,4,6.238746335762628
13,4,13.164234377182394
13,4,2.7082744264576353
13,4,5.760888386239467
13,4,2.5
13,4,2.5
13,4,8.861903742090417
13,4,8.20846926462043
13,4,3.959769640380645
13,4,8.167486675910684
12,4,11.965339803478837
12,4,2.5
12,4,19.774133273995616
12,4,8.077219673861801
12,4,2.5
12,4,9.590023749284256
12,4,2.5
12,4,5.950189923547433
12,4,5.203860117551935
12,4,5.950494030021623
12,4,5.412789594919374
12,4,2.5
12,4,7.706978672906628
12,4,6.070678668657858
12,4,6.552292454264673
12,4,7.789675915899082
12,4,2.5
12,4,10.34563480082872
12,4,3.553846118751242
12,4,23.793066451526812
12,4,14.75925507180027
12,4,10.597590825953851
12,4,11.047038870697845
12,4,2.5
12,4,15.710286623672735
12,4,11.074764027513263
12,4,4.056144952091653
12,4,5.969530478188908
12,4,4.729829362656533
12,4,2.5
12,4,4.931994588075916
12,4,10.861666373318371
12,4,7.150984227582767
12,4,12.525403272414719
12,4,6.953263769889831
12,4,6.517272457174187
12,4,2.5
12,4,17.87262138653503
12,4,9.472625856429577
12,4,3.7625792120218833
12,5,10.940913906351469
12,5,4.757003807169856
12,5,14.865723739706617
12,5,2.8886492306611435
12,5,2.5
12,5,3.302280079043072
12,5,13.491854486133992
12,5,18.33860189316181
12,5,7.298602436643352
12,5,6.175966205541834
12,5,2.5
12,5,3.215705716822187
12,5,7.219030064938899
12,5,8.426636974099228
12,5,5.566726329856951
12,5,11.749939556908531
12,5,2.5
12,5,11.495412695767495
12,5,2.5
12,5,3.5449816483593697
12,5,9.580996027933985
12,5,2.670934101198723
12,5,6.101919619604638
12,5,15.532636791727423
12,5,7.024666267915116
12,5,9.986793780888991
12,5,15.361137153564677
12,5,12.119823045300254
12,5,9.20169194809459
12,5,9.241885701653727
12,5,8.315465161754728
12,5,7.969293670901662
12,5,2.5
12,5,4.924984566250076
12,5,8.578761293621575
12,5,14.954648927649753
12,5,11.974872897933182
12,5,8.917586369111078
12,5,14.866249518797131
12,5,8.37825015685391
13,5,11.06862435912973
13,5,11.828438959548771
13,5,7.937127011123433
13,5,2.907973352788961
13,5,14.622835907905458
13,5,9.188492209803599
13,5,18.997543309515308
13,5,16.639862944431776
13,5,11.625797226413994
13,5,7.772781845119825
13,5,2.5
13,5,8.726450967951243
13,5,6.559345024790136
13,5,2.5
13,5,9.71917283306465
13,5,2.5
13,5,11.334259882655527
13,5,17.402525147072808
13,5,5.745393594078508
13,5,5.122792210747974
13,5,2.788137407276335
13,5,3.8850918413999196
13,5,7.214573383335401
13,5,8.470535169260623
13,5,5.021777152017522
13,5,17.017257260476757
13,5,12.003862036115443
13,5,2.5
13,5,15.071235402693981
13,5,2.5
13,5,9.221413458971682
13,5,4.535739225353728
13,5,9.095070102282856
13,5,13.422851829964223
13,5,18.11615339182721
13,5,11.154067258048638
13,5,7.885094006141159
13,5,2.5
13,5,8.623422061709075
13,5,2.5
14,5,8.758989436422215
14,5,13.435811270074437
14,5,9.747946394461934
14,5,2.5
14,5,2.5
14,5,6.568630424408644
14,5,2.5
14,5,6.449347749800257
14,5,8.188339397716664
14,5,7.350079437191307
14,5,10.494136973377588
14,5,10.09013334362315
14,5,16.945815830014002
14,5,17.779400716683234
14,5,4.555625793585033
14,5,7.4928529031594024
14,5,5.1011681589031825
14,5,2.5
14,5,5.142373065940478
14,5,7.651622400172137
14,5,12.68339388261225
14,5,3.7648829935880923
14,5,5.852534875099893
14,5,11.556247457579731
14,5,2.5
14,5,9.20847470545256
14,5,6.205359622232715
14,5,2.5
14,5,4.6530076520857
14,5,9.244035191810276
14,5,2.5
14,5,6.046037466209713
14,5,2.5
14,5,16.02051625421734
14,5,2.5
14,5,17.841500128001016
14,5,10.289670526139336
14,5,4.729746831505114
14,5,15.787126644869868
14,5,8.933529366317519
13,5,7.8814699343530155
13,5,3.59379900950472
13,5,2.5
13,5,10.720275234176535
13,5,2.5
13,5,9.640893351856464
13,5,2.5
13,5,4.2972376979224585
13,5,13.803100298108976
13,5,2.9122686878069395
13,5,13.114413865646096
13,5,5.490814419435703
13,5,2.5
13,5,2.5
13,5,3.423102227540594
13,5,7.6361580853091064
13,5,2.5
13,5,4.993574251201064
13,5,2.5
13,5,9.030258915271096
13,5,2.5
13,5,7.670274407220446
13,5,9.937543673502248
13,5,3.9309268211768984
13,5,5.253198666096722
13,5,2.546194120050269
13,5,2.5
13,5,7.582384269363042
13,5,7.681979859551186
13,5,2.5
13,5,7.62611160238409
13,5,6.427046691252093
13,5,7.913532038484882
13,5,15.926327215161999
13,5,4.736200759654405
13,5,2.5
13,5,4.78069336582565
13,5,6.783234922648694
13,5,7.594613901568793
13,5,6.37452822782209
13,4,4.705297245514786
13,4,14.275192587518942
13,4,2.5
13,4,8.166201837723587
13,4,6.593593569648201
13,4,2.5
13,4,2.540551244997107
13,4,7.150221187470613
13,4,5.695877788147019
13,4,8.971917382841621
13,4,4.587239951246124
13,4,2.5
13,4,6.859629998029627
13,4,2.5
13,4,3.4729675844105508
13,4,3.528190681872739
13,4,14.064125427587637
13,4,8.439345294254
13,4,17.130911270959764
13,4,17.726472839043513
13,4,11.769081055732148
13,4,5.851882921888684
13,4,13.655323760605269
13,4,2.5
13,4,6.8443154746080594
13,4,2.5
13,4,2.629131127699565
13,4,2.5
13,4,10.268365712870509
13,4,15.626836226208017
13,4,2.5
13,4,7.47482530423016
13,4,18.918480564806686
13,4,2.5909977811443605
13,4,14.823396542914587
13,4,8.146232853814642
13,4,6.681674445343144
13,4,2.5
13,4,7.329160910302665
13,4,16.564963352133585
14,4,2.5
14,4,2.5
14,4,5.277507409101368
14,4,6.4841230918471995
14,4,6.996508112361748
14,4,2.738561275877206
14,4,5.448817326265509
14,4,20.718941949739246
14,4,11.600768904655112
14,4,13.201409188722184
14,4,4.710102958088292
14,4,2.5
14,4,6.4985008745344315
14,4,9.850853842268723
14,4,5.058862792520962
14,4,7.779024572296926
14,4,6.061275826653309
14,4,3.057317636526692
14,4,8.056613688293979
14,4,8.702495693685243
14,4,9.330786419176919
14,4,8.010267784388482
14,4,8.445837740887065
14,4,5.071928654582948
14,4,5.145336265405086
14,4,2.5
14,4,11.771361846077347
14,4,2.5
14,4,11.921849146806089
14,4,4.093338168475758
14,4,3.254297289583569
14,4,2.5
14,4,12.269833549803609
14,4,4.71431762378182
14,4,9.97566936881814
14,4,2.5
14,4,6.044690826868429
14,4,2.5
14,4,11.457879404625398
14,4,10.087907488930075
14,5,2.5
14,5,7.011540909589111
14,5,2.5
14,5,2.5
14,5,5.718223482110142
14,5,2.5
14,5,2.5
14,5,4.531824654518475
14,5,3.163319211821617
14,5,2.9443468799113526
14,5,2.5
14,5,7.374955109210275
14,5,2.5
14,5,2.5
14,5,2.5
14,5,2.5
14,5,4.778317545484174
14,5,4.170153463084489
14,5,9.289227434677642
14,5,6.840407635587047
14,5,10.715996100057154
14,5,9.280368398058275
14,5,4.683860224710012
14,5,2.5
14,5,19.664231042472245
14,5,3.7464222141277483
14,5,7.7214635472160555
14,5,7.717449993617389
14,5,2.5
14,5,2.5
14,5,7.733502116454359
14,5,2.71712543217651
14,5,4.768656813108963
14,5,11.821196068904069
14,5,2.5
14,5,9.306748549582823
14,5,10.286948741674973
14,5,13.130228596329179
14,5,8.80047912720359
14,5,2.6212720128498392
15,5,3.3432380569766558
15,5,8.312541810793807
15,5,10.299159093492145
15,5,6.253939468456375
15,5,21.444714178484748
15,5,9.039734526127777
15,5,2.513631185618703
15,5,8.478883803848733
15,5,7.4767654700316655
15,5,3.524913970521934
15,5,11.358071583140315
15,5,13.389941957754349
15,5,8.949421617022933
15,5,2.5
15,5,4.169846606161214
15,5,5.8565007597637795
15,5,2.5
15,5,2.5
15,5,14.871737006868628
15,5,11.128640905226401
15,5,12.182637463255842
15,5,2.5
15,5,2.5
15,5,2.5
15,5,7.978644547240217
15,5,8.712148152842635
15,5,6.477009954330454
15,5,7.380458894929916
15,5,9.323417917734862
15,5,12.990718756174159
15,5,10.233274656300857
15,5,7.214499694714357
15,5,2.5
15,5,13.078607540107162
15,5,2.5
15,5,2.5
15,5,2.5
15,5,2.5
15,5,7.800750768314786
15,5,2.5
16,5,12.912100181711413
16,5,12.740140507406384
16,5,11.954109871685564
16,5,14.385266216432273
16,5,12.478982894609272
16,5,2.5
16,5,3.9028337076875217
16,5,2.5
16,5,8.007283651204762
16,5,2.5
16,5,8.498463479519257
16,5,2.5
16,5,2.5
16,5,3.9122300445342515
16,5,2.5
16,5,12.750145465098786
16,5,2.5
16,5,5.9361983514409244
16,5,3.0586103052204168
16,5,3.2802317955526465
16,5,4.024414632518415
16,5,2.5
16,5,2.5
16,5,11.636783190187705
16,5,4.763648693046706
16,5,4.524375973432378
16,5,20.87946109659262
16,5,10.898377403638394
16,5,3.3397867801720444
16,5,2.5
16,5,2.5
16,5,8.194400451618435
16,5,2.698817460853409
16,5,2.5
16,5,3.171619130387578
16,5,5.2307627929912375
16,5,2.5
16,5,2.5
16,5,6.397829438419703
16,5,2.523929796924847
17,5,9.005579613841977
17,5,2.5
17,5,2.5
17,5,3.497459894332938
17,5,2.5
17,5,5.457870707587453
17,5,2.5
17,5,2.5
17,5,5.981292794434685
17,5,13.67344666449365
17,5,2.5
17,5,2.5
17,5,4.540575691332059
17,5,3.188746172526909
17,5,3.381753982189731
17,5,2.5
17,5,2.5
17,5,3.0723079328581933
17,5,2.5
17,5,2.5
17,5,2.5
17,5,14.891667673991066
17,5,6.857702340720196
17,5,8.643986097472743
17,5,6.291078164142703
17,5,6.477837581704725
17,5,3.314104798153286
17,5,4.77716394150227
17,5,2.5
17,5,7.939528697478519
17,5,8.404452006994335
17,5,2.5
17,5,5.569258439594698
17,5,3.1706024895370057
17,5,2.5
17,5,4.20589322364157
17,5,6.3044473314591425
17,5,6.5407800970805186
17,5,2.767209715238081
17,5,2.5
18,5,7.1751789856243064
18,5,6.822095946515342
18,5,2.5
18,5,8.042385074782121
18,5,2.5
18,5,2.5
18,5,9.957817641074186
18,5,2.5
18,5,7.785185087039482
18,5,11.84502348226637
18,5,2.5
18,5,4.933884084625206
18,5,2.5
18,5,12.46155492582097
18,5,2.5
18,5,2.5
18,5,12.646063301285809
18,5,2.5
18,5,5.032884345466561
18,5,3.006770607079474
18,5,12.415770675672253
18,5,2.5
18,5,14.972035392116068
18,5,2.5
18,5,11.917410315038033
18,5,2.5
18,5,2.5
18,5,7.933098636883652
18,5,2.5
18,5,2.5
18,5,5.620285900635579
18,5,2.5
18,5,5.963686053360265
18,5,11.778525151437453
18,5,9.790430308913828
18,5,2.5
18,5,2.5
18,5,2.5
18,5,9.612544438531431
18,5,6.481866977455105
18,6,2.5
18,6,2.5
18,6,4.212745707076806
18,6,2.5
18,6,2.5
18,6,3.2317196385726006
18,6,2.9988360308885524
18,6,2.5
18,6,2.8438765975210774
18,6,2.5
18,6,2.5
18,6,2.5
18,6,2.5
18,6,10.943406095012802
18,6,2.5
18,6,2.5
18,6,2.5
18,6,2.5
18,6,2.5
18,6,6.801228704658108
18,6,10.086650220159708
18,6,8.703080068024311
18,6,2.5
18,6,2.5
18,6,2.5
18,6,2.5
18,6,2.5
18,6,2.5
18,6,2.5
18,6,2.5
18,6,2.945729521429539
18,6,2.5
18,6,2.5
18,6,6.7027783895455535
18,6,5.514064561407579
18,6,2.5
18,6,2.5
18,6,2.5
18,6,14.597646109977944
18,6,2.5
18,7,11.421506675459819
18,7,2.5
18,7,5.284857802487116
18,7,2.5
18,7,6.575081399041396
18,7,2.5
18,7,2.5542377883252443
18,7,4.655760474597482
18,7,6.49617218560476
18,7,2.5
18,7,3.228143381049
18,7,2.5
18,7,2.5
18,7,2.5
18,7,2.5
18,7,2.5
18,7,2.5
18,7,2.5
18,7,4.504793760664407
18,7,10.065307272044707
18,7,4.813028971213926
18,7,2.5
18,7,2.5
18,7,15.508036588871516
18,7,2.5
18,7,2.5
18,7,3.8454105581509834
18,7,4.095295673541633
18,7,2.5
18,7,2.5
18,7,13.806810145254504
18,7,2.5
18,7,2.9844208789292552
18,7,7.196477614259238
18,7,2.5
18,7,6.386347502354635
18,7,9.765921443026079
18,7,2.5
18,7,7.046013345754374
18,7,3.166517163330541
18,8,2.5
18,8,10.020291607009504
18,8,2.5
18,8,2.5
18,8,2.5
18,8,13.547036443166094
18,8,2.5
18,8,13.228557916199188
18,8,2.5
18,8,6.835465426988863
18,8,3.6672488082836976
18,8,7.245965040362246
18,8,2.5
18,8,3.103788842084934
18,8,2.5
18,8,6.17271556039196
18,8,6.051075667859772
18,8,2.5
18,8,2.5
18,8,2.5
18,8,5.217325248425558
18,8,2.634491913530905
18,8,2.5
18,8,2.5
18,8,2.5
18,8,6.452569142237632
18,8,2.5
18,8,2.5
18,8,2.5
18,8,2.5
18,8,2.5
18,8,2.5
18,8,3.9207071192717566
18,8,2.5
18,8,2.5
18,8,3.1798231363382845
18,8,2.5
18,8,2.5
18,8,6.565412479805588
18,8,2.5
19,8,5.623433955028259
19,8,13.207581934569326
19,8,2.5220906023634364
19,8,2.5
19,8,5.716145636786356
19,8,3.887504771555615
19,8,6.005149369188238
19,8,15.859850520510346
19,8,4.73179975317996
19,8,2.5
19,8,2.5
19,8,17.645266389107324
19,8,10.65157584687665
19,8,2.5
19,8,2.5
19,8,2.5
19,8,2.5
19,8,2.5107367146325217
19,8,5.167408676194168
19,8,2.5
19,8,2.5
19,8,5.847129823078633
19,8,2.5
19,8,2.5
19,8,9.067568941718639
19,8,2.5
19,8,3.5399092955546605
19,8,8.652367832035372
19,8,2.5
19,8,2.5
19,8,2.5
19,8,2.5
19,8,15.631943016943664
19,8,2.5
19,8,2.5
19,8,2.5
19,8,2.5
19,8,2.5
19,8,4.213208470079305
19,8,2.5
20,8,2.5
20,8,2.5
20,8,2.5
20,8,9.576630670770808
20,8,2.5
20,8,2.5
20,8,5.562423042839415
20,8,2.5
20,8,5.1540082418743385
20,8,2.5
20,8,4.3688123206335865
20,8,4.2076313666119045
20,8,2.5
20,8,2.5
20,8,8.334984498762221
20,8,13.564670468778441
20,8,2.5
20,8,2.5
20,8,2.5
20,8,2.5
20,8,2.5
20,8,2.5
20,8,2.5
20,8,2.5
20,8,2.5
20,8,2.5
20,8,2.5
20,8,2.5
20,8,4.413722986478602
20,8,2.5
20,8,4.824618549053701
20,8,4.4183638771056195
20,8,8.234633386177663
20,8,2.7275251575139
20,8,4.134368572263357
20,8,2.5
20,8,2.5
20,8,7.61353409192614
20,8,4.0348662476753425
20,8,2.5
19,8,2.5
19,8,7.770128228913431
19,8,2.5
19,8,6.504617992770336
19,8,2.5
19,8,2.5
19,8,2.5
19,8,13.239466602802388
19,8,4.099079456894886
19,8,10.76148868625752
19,8,2.5
19,8,4.952145280593823
19,8,3.3369321508417644
19,8,2.5
19,8,2.5
19,8,5.6459906629842145
19,8,3.2125738392891043
19,8,2.7339931022170547
19,8,7.375330589420904
19,8,5.64803932284255
19,8,2.5
19,8,2.5
19,8,2.5
19,8,2.5
19,8,19.12575831541459
19,8,2.5
19,8,7.556926947324535
19,8,4.839385278040609
19,8,10.338898043559883
19,8,8.471432451364784
19,8,2.5
19,8,2.5
19,8,2.5
19,8,2.9690184456047706
19,8,2.5
19,8,11.840955135635044
19,8,2.5
19,8,3.3508200749076704
19,8,6.269896167647246
19,8,5.503894589564753
18,8,2.5
18,8,2.9270428459923004
18,8,2.5
18,8,4.933301676655688
18,8,2.5
18,8,4.112371258423575
18,8,2.5
18,8,2.5
18,8,3.532765291410872
18,8,2.5
18,8,5.456904587181116
18,8,2.5
18,8,7.05703271182416
18,8,2.5
18,8,2.5
18,8,3.1125179260591187
18,8,2.5
18,8,5.727129804595069
18,8,7.654735573514592
18,8,2.600310995666654
18,8,2.5
18,8,2.5
18,8,2.5
18,8,2.5
18,8,7.852866513963147
18,8,2.5
18,8,2.6944894238877493
18,8,2.5
18,8,5.531057495187087
18,8,2.5
18,8,5.431816431197493
18,8,2.5
18,8,2.5
18,8,2.5
18,8,2.5
18,8,4.525449073020252
18,8,7.119996028336238
18,8,2.5
18,8,4.607322329067861
18,8,2.5
17,8,2.5
17,8,2.5
17,8,2.5
17,8,2.5
17,8,2.5
17,8,6.103075222574483
17,8,2.5
17,8,2.5
17,8,2.5
17,8,2.5
17,8,10.491409966176944
17,8,5.5379553965111725
17,8,4.424398069600807
17,8,3.579326667740538
17,8,3.213881065377941
17,8,2.5
17,8,2.5
17,8,2.801177245055214
17,8,2.5
17,8,8.001775055016598
17,8,9.023905327427599
17,8,8.752427054401892
17,8,2.5
17,8,2.5
17,8,7.367340348475224
17,8,9.570141998777473
17,8,2.5
17,8,2.5
17,8,2.5
17,8,2.5
17,8,2.5
17,8,2.5
17,8,13.645030051212567
17,8,16.56951931886187
17,8,2.5
17,8,2.5
17,8,2.5
17,8,2.5
17,8,2.669897974675113
17,8,4.556344960561859
16,8,2.5
16,8,2.5
16,8,2.5
16,8,5.282433172715677
16,8,2.5
16,8,2.5
16,8,2.5
16,8,7.304308131368028
16,8,6.229525299757048
16,8,10.36151304364165
16,8,6.251324950448057
16,8,5.518473790237509
16,8,2.5
16,8,2.5
16,8,3.279616158465361
16,8,7.39237111113793
16,8,3.559203592658711
16,8,2.5
16,8,2.5
16,8,6.679379537571091
16,8,2.5
16,8,3.8501008181863887
16,8,2.5
16,8,12.22636861005542
16,8,2.5
16,8,3.11275818352143
16,8,6.757631222166376
16,8,10.510016600323429
16,8,15.107295956653585
16,8,7.975978299906154
16,8,2.5
16,8,2.5
16,8,8.539803375651514
16,8,2.5
16,8,4.853621304495526
16,8,7.156667044999635
16,8,6.224507842408876
16,8,20.335372759052614
16,8,2.5
16,8,2.548375194839651
15,8,6.267765084225275
15,8,10.801812911577834
15,8,2.5
15,8,2.5
15,8,2.5
15,8,14.422719433482373
15,8,7.763239332701647
15,8,2.5
15,8,2.5
15,8,13.938992083322784
15,8,2.6746438619940456
15,8,12.252518970910653
15,8,7.90539354562776
15,8,3.8870720045002765
15,8,6.748482289779812
15,8,4.970516946194406
15,8,13.399479167263488
15,8,2.5
15,8,2.5
15,8,4.520671292805678
15,8,4.006581389419686
15,8,4.061580842189213
15,8,2.5
15,8,2.5
15,8,4.599253823863562
15,8,2.5
15,8,12.062835591724129
15,8,24.997299705436458
15,8,6.628096347239784
15,8,4.159328099981307
15,8,2.8198329337383217
15,8,2.5
15,8,4.397607217635607
15,8,6.1066943060750605
15,8,4.715249048548249
15,8,8.675910171369036
15,8,2.5
15,8,2.5
15,8,2.5
15,8,5.723068563836095
14,8,12.659689417704795
14,8,7.3422570527883355
14,8,8.235647527462953
14,8,12.627106025910148
14,8,2.5
14,8,3.4794586798585843
14,8,2.5
14,8,2.5
14,8,12.41970296103806
14,8,2.5
14,8,6.254330073757728
14,8,4.802526516547576
14,8,4.9315453216913125
14,8,2.7538125510110296
14,8,2.5
14,8,2.5
14,8,4.12169276051353
14,8,3.0241300574947223
14,8,4.913168134235927
14,8,5.729471670942275
14,8,6.089893940959268
14,8,4.601409889273921
14,8,2.883916824065213
14,8,6.242615349195638
14,8,2.5
14,8,2.837201234563153
14,8,2.5
14,8,11.92707319478612
14,8,3.253299089244116
14,8,14.800282974998318
14,8,3.8121774166593725
14,8,2.5
14,8,5.726032571389031
14,8,2.5
14,8,2.5
14,8,2.5
14,8,9.06434883211796
14,8,12.860680986128083
14,8,3.3679199173490812
14,8,3.695972952652949
13,8,11.149690771294374
13,8,2.5
13,8,10.564175327478372
13,8,4.925779614000609
13,8,2.5
13,8,7.134205545979633
13,8,15.281553470318046
13,8,8.5116355171448
13,8,2.5
13,8,5.782805695779877
13,8,14.465999800887014
13,8,2.921786505343648
13,8,7.93815856917793
13,8,21.081933924238918
13,8,2.5
13,8,9.786516694325574
13,8,15.752597694581231
13,8,12.405758659995604
13,8,3.8438911018257693
13,8,3.3526650003136815
13,8,7.978001269938478
13,8,8.893116551876362
13,8,3.0060560500356512
13,8,7.9645761954691565
13,8,10.370283477266607
13,8,7.125650158239321
13,8,5.94255128535721
13,8,4.214830660365781
13,8,5.52564269754949
13,8,10.85180472368306
13,8,11.405027137597921
13,8,10.360920716181784
13,8,2.5
13,8,2.5
13,8,6.420448970281103
13,8,8.889786248895668
13,8,9.527216099035913
13,8,2.5
13,8,2.5
13,8,2.5
12,8,2.5
12,8,8.832611666755795
12,8,12.656982134597792
12,8,2.5
12,8,13.133962200406618
12,8,2.5
12,8,2.5
12,8,2.5
12,8,2.5
12,8,9.44140006988944
12,8,3.0060467193819953
12,8,6.509150226804822
12,8,7.547064708877826
12,8,2.5
12,8,8.56081526066776
12,8,14.600036181385722
12,8,2.5
12,8,2.5
12,8,6.043906460633348
12,8,2.5
12,8,2.5
12,8,4.887886914482699
12,8,10.474406207606062
12,8,2.5
12,8,5.835493252576646
12,8,5.7734686498236965
12,8,15.436030955814022
12,8,20.43788063684928
12,8,19.3541305326399
12,8,8.042788555064492
12,8,9.98198394494607
12,8,9.58456351537826
12,8,3.758017060568911
12,8,6.19255522268541
12,8,3.17590803577827
12,8,2.5
12,8,4.138474618428542
12,8,10.28127561804298
12,8,8.05801104561806
12,8,3.8120690222891787
12,9,2.5
12,9,10.620224935504066
12,9,13.28733666036748
12,9,7.56507881112233
12,9,7.190740689049324
12,9,2.5
12,9,2.63186458494095
12,9,6.415807832743608
12,9,7.566817748723607
12,9,2.5
12,9,8.205152722636956
12,9,2.8036422035778776
12,9,2.5
12,9,3.1761159494527025
12,9,2.5
12,9,5.665734431319396
12,9,8.581263670644251
12,9,2.5
12,9,16.366339352035997
12,9,2.5
12,9,14.220629320448781
12,9,7.494246594943458
12,9,12.715262826467889
12,9,7.14265157697829
12,9,2.5
12,9,2.5
12,9,2.5
12,9,10.741998607279868
12,9,2.5
12,9,2.5
12,9,5.998856019240826
12,9,8.833745566381541
12,9,13.633660936606635
12,9,5.120823031104802
12,9,3.9737483180692847
12,9,2.5
12,9,9.246574054563911
12,9,6.431122176207522
12,9,9.145969614152676
12,9,8.817764984738352
12,8,3.6629938474705974
12,8,7.4110899885441555
12,8,4.292226740305895
12,8,2.5
12,8,5.479884522146683
12,8,9.738600962508928
12,8,8.877126631694345
12,8,2.5
12,8,4.683371582089755
12,8,10.888452345805739
12,8,2.5
12,8,6.616922770332551
12,8,5.948523484536655
12,8,5.973787789486345
12,8,12.778298768190094
12,8,2.5
12,8,2.5
12,8,4.121435945848207
12,8,6.440454119466613
12,8,9.903791724410489
12,8,5.824165114022726
12,8,3.416758845226394
12,8,8.574939909073125
12,8,2.5
12,8,2.5
12,8,10.680589948946228
12,8,2.5
12,8,2.5
12,8,2.5
12,8,11.232222255437275
12,8,2.5
12,8,2.5
12,8,2.5
12,8,2.5
12,8,2.5
12,8,10.809618184904647
12,8,2.5
12,8,2.5
12,8,2.5
12,8,13.982508211489092
12,7,8.402346220210958
12,7,4.842806705723754
12,7,5.451288335359392
12,7,2.5
12,7,6.378416873119027
12,7,2.5
12,7,2.5
12,7,2.5
12,7,5.509016549273818
12,7,6.435243894843403
12,7,2.5
12,7,10.585786356163489
12,7,5.046889883003178
12,7,12.325841084486944
12,7,9.452137444845723
12,7,17.64781404246942
12,7,6.542873376075025
12,7,5.116440991307093
12,7,2.5
12,7,2.5
12,7,18.336147523637084
12,7,7.12073928515459
12,7,8.878468062541769
12,7,6.157669149292297
12,7,16.02154978423222
12,7,2.645327823699419
12,7,5.782970878264237
12,7,4.779053800364706
12,7,8.399563664973783
12,7,9.659930389805547
12,7,10.074825803479694
12,7,7.187589218221954
12,7,7.7579105347871264
12,7,2.5
12,7,8.560152320315748
12,7,3.1559405131331313
12,7,21.330872892945205
12,7,6.412563907450454
12,7,2.971582598817208
12,7,8.90394858757136
12,6,2.5
12,6,11.432521437907575
12,6,7.850266487721385
12,6,6.688762299899058
12,6,4.618363316068017
12,6,2.5
12,6,6.130242720554234
12,6,9.96620300625019
12,6,4.228747189302441
12,6,4.358624474861878
12,6,2.5
12,6,2.5
12,6,10.456809967153294
12,6,4.193690299943303
12,6,8.999448581149277
12,6,2.5
12,6,7.984236624406852
12,6,5.519761796438271
12,6,9.101512125357923
12,6,5.115645178589723
12,6,2.5
12,6,3.602000693421345
12,6,2.5
12,6,5.643438813059795
12,6,5.610469777155224
12,6,8.613946919414492
12,6,2.807451774717289
12,6,9.680359333337542
12,6,2.5
12,6,5.507984526110152
12,6,9.12787706115661
12,6,7.2880109514379745
12,6,5.615192170210831
12,6,17.54843239688935
12,6,2.5
12,6,3.73071631110697
12,6,7.040683357695321
12,6,7.302348355193009
12,6,10.475199984560287
12,6,11.142159700562493
12,5,12.053495439176814
12,5,4.766252893673095
12,5,10.794441249168027
12,5,2.5
12,5,2.5
12,5,2.5
12,5,2.5
12,5,2.5
12,5,6.628817997649726
12,5,2.5
12,5,3.1251483300631353
12,5,5.384419201417813
12,5,12.935996902875516
12,5,2.5
12,5,6.518817203256873
12,5,14.79433146315243
12,5,5.03572918036966
12,5,16.05534199227092
12,5,12.376885485350797
12,5,7.750476122221056
12,5,7.049200509891177
12,5,7.194299453213097
12,5,10.144612549982126
12,5,4.8489169479144225
12,5,6.449098700336707
12,5,6.020094640229209
12,5,2.5
12,5,15.413187326774127
12,5,8.258872597216358
12,5,4.490281457470666
12,5,2.5
12,5,6.566155105107163
12,5,4.095457912228744
12,5,10.949662592678544
12,5,12.011435552453507
12,5,5.552384256696943
12,5,12.678170374297386
12,5,3.3136795562878762
12,5,11.912646109295256
12,5,11.767714006391442
12,4,20.93107859279447
12,4,7.099649947966287
12,4,2.5
12,4,3.2766744477524377
12,4,13.05771942631695
12,4,14.30331193544589
12,4,15.866071402566973
12,4,13.774909740994909
12,4,2.5
12,4,3.741993317569129
12,4,8.044439150532169
12,4,13.1270803469775
12,4,14.112433916386362
12,4,8.13349587974569
12,4,8.127134074316267
12,4,4.131681528261262
12,4,2.8077990993852766
12,4,2.5
12,4,7.184228613558856
12,4,9.500304459641226
12,4,13.69816273302976
12,4,3.719210271383069
12,4,17.121882305357207
12,4,9.313019264327533
12,4,8.364313650731765
12,4,13.006103112822204
12,4,8.00178742476115
12,4,3.5274946569368018
12,4,7.687237863093437
12,4,2.5
12,4,15.651413147321618
12,4,6.96367293076346
12,4,8.822417383197642
12,4,9.82337305710356
12,4,11.722754926222542
12,4,4.244703311126068
12,4,12.001275101959097
12,4,7.740491700721353
12,4,9.44887476817751
12,4,10.095772990177577
12,3,15.39787690946688
12,3,15.627536139653829
12,3,3.0226166875293696
12,3,8.129635991580416
12,3,12.317794288984832
12,3,13.878931513361398
12,3,6.1552166466352505
12,3,2.5
12,3,8.498983099608768
12,3,5.923576298847302
12,3,2.5
12,3,5.5053565414486165
12,3,10.437761969539821
12,3,6.582678720593619
12,3,12.468705468418712
12,3,13.281782666444109
12,3,7.913524810881578
12,3,3.5810459427072314
12,3,11.93884555974815
12,3,12.196079439864672
12,3,2.5
12,3,2.8247003124066246
12,3,2.5
12,3,2.5
12,3,14.791126194202137
12,3,2.5
12,3,8.445695408668689
12,3,2.569014576496646
12,3,11.833805011093462
12,3,7.32225087008643
12,3,8.015098675932476
12,3,5.613812525087519
12,3,14.769251707442098
12,3,4.5278842612953785
12,3,4.6504775624431165
12,3,3.090393617641187
12,3,8.293101911168206
12,3,5.371894716601804
12,3,10.375077363727954
12,3,9.605762283337445
13,3,8.079398634809888
13,3,3.0297326279333676
13,3,2.5
13,3,16.921363579313784
13,3,10.805345079900352
13,3,7.310836278319515
13,3,3.8643911235824437
13,3,10.909657090455863
13,3,9.713477274435805
13,3,3.6135599998660473
13,3,2.5
13,3,9.491889500203019
13,3,6.984294969423233
13,3,3.952707111519536
13,3,17.398907161065182
13,3,6.179211717000918
13,3,2.757596741077206
13,3,6.400306893670413
13,3,2.5
13,3,2.5
13,3,2.5
13,3,7.120487289957203
13,3,4.8553457982941435
13,3,7.476300085869763
13,3,6.666917823496809
13,3,11.741299838612171
13,3,18.026433425432025
13,3,2.5
13,3,6.437539360703688
13,3,8.3740954491104
13,3,8.4087465266598
13,3,2.5
13,3,15.796576771858556
13,3,15.158446467817665
13,3,3.603835037485486
13,3,6.325929313519125
13,3,17.032538738942897
13,3,5.719796096217465
13,3,13.516136957026491
13,3,2.5
12,3,11.881071962204626
12,3,13.278002876011175
12,3,6.571076118615108
12,3,5.494052826577793
12,3,15.50570814693182
12,3,6.006591882064286
12,3,6.621427359158874
12,3,6.898840192021354
12,3,16.3787676274047
12,3,14.290101598013855
12,3,12.92060848807267
12,3,2.5
12,3,9.40056738994625
12,3,3.257613418171936
12,3,3.728968279835544
12,3,9.440210764398808
12,3,14.484479203960436
12,3,6.905484169037581
12,3,17.185581135329187
12,3,4.520233841205969
12,3,2.5
12,3,12.273818795851907
12,3,2.8662759307996444
12,3,3.1570892137390505
12,3,14.69039463102644
12,3,2.5
12,3,4.108745202615831
12,3,8.071014104461948
12,3,5.7418010767431475
12,3,4.14348765689472
12,3,3.8517663475271307
12,3,7.168486037476567
12,3,4.65168323967612
12,3,11.885929780834815
12,3,8.075994976098618
12,3,6.415494029181071
12,3,7.855392774492849
12,3,2.5
12,3,10.891178759788481
12,3,2.5
13,3,7.458276665037568
13,3,6.944467522974813
13,3,9.533620486850634
13,3,11.605966695521026
13,3,2.5
13,3,11.698748126746892
13,3,2.5
13,3,3.2771960872114283
13,3,5.768399649016181
13,3,2.5
13,3,4.792225646373915
13,3,2.744061446239845
13,3,5.865563767012277
13,3,7.6510634322068904
13,3,2.5
13,3,2.5
13,3,11.026450299793716
13,3,4.101457886895116
13,3,6.439259962583128
13,3,2.5
13,3,12.8781311247008
13,3,2.980644278723915
13,3,2.7702363989175334
13,3,5.081220466378985
13,3,4.952329738224337
13,3,8.171385352408565
13,3,11.594953111743466
13,3,5.528443890701253
13,3,21.28486053183378
13,3,11.722903520657372
13,3,10.843434732586122
13,3,4.663462393003857
13,3,9.256225389956043
13,3,2.5
13,3,7.065478339853263
13,3,9.296283662714563
13,3,13.525330908611785
13,3,3.7248543782513632
13,3,15.547257818634732
13,3,11.977584937828567
14,3,10.462813840873341
14,3,5.587206360779236
14,3,4.514153816387313
14,3,8.866660864351044
14,3,6.331292180242697
14,3,10.488039321811936
14,3,7.264668411082938
14,3,2.5
14,3,7.6464399809815164
14,3,2.5
14,3,2.5
14,3,10.580093218961917
14,3,5.8867298693390175
14,3,9.548292851454907
14,3,6.321637214974356
14,3,7.448085657163205
14,3,2.5
14,3,2.5
14,3,14.822037537401606
14,3,4.26423989369099
14,3,5.161458558736891
14,3,2.966275376368527
14,3,2.5
14,3,2.5
14,3,16.053390105509028
14,3,2.5
14,3,9.002221147601464
14,3,9.530150601366085
14,3,4.828980793825079
14,3,4.965176313721531
14,3,3.4003361526820948
14,3,2.5658471917111196
14,3,2.5
14,3,8.197585564840212
14,3,9.229520740085471
14,3,2.5
14,3,2.5
14,3,7.695153005020462
14,3,2.5
14,3,2.5
13,3,12.32007241951641
13,3,7.377000563160866
13,3,7.5006710219700565
13,3,10.506012549353137
13,3,8.385717624575218
13,3,6.919921908252616
13,3,7.832995158989944
13,3,2.5
13,3,17.193665379655364
13,3,2.5
13,3,14.381741142194322
13,3,5.429080720809695
13,3,2.5
13,3,6.235414972826782
13,3,14.560796107977968
13,3,17.085412890852368
13,3,4.607200786848197
13,3,8.860769502616986
13,3,7.383902013244235
13,3,7.06890535582477
13,3,2.695218662365174
13,3,8.569601894491559
13,3,2.5
13,3,6.807808259850269
13,3,4.429482163252887
13,3,18.668553979717903
13,3,13.929553210553689
13,3,10.825939206486314
13,3,3.115729846050299
13,3,10.357474632442255
13,3,6.1249254705457945
13,3,4.230120863590438
13,3,23.777239148223146
13,3,7.498282223785015
13,3,7.251103634854148
13,3,9.040826827393325
13,3,5.615652772482171
13,3,5.907665753597249
13,3,3.3086085868676705
13,3,2.5
14,3,8.787041183253429
14,3,9.735165704665942
14,3,2.922949578288166
14,3,9.55747352340714
14,3,11.687343692572068
14,3,2.5
14,3,3.3665962784111576
14,3,12.96870704742649
14,3,9.686747085434586
14,3,4.58090579850369
14,3,10.012471293315281
14,3,5.011224040007771
14,3,8.728830763601309
14,3,4.453839532923077
14,3,2.5
14,3,5.103957895512835
14,3,2.5
14,3,9.363877379810981
14,3,11.232087837915262
14,3,21.849984961018375
14,3,13.206351132344357
14,3,4.432369128995877
14,3,3.7555184731672537
14,3,13.396018094579293
14,3,6.522912223956622
14,3,4.937187233553134
14,3,6.535929536240531
14,3,2.5
14,3,3.851166980974197
14,3,9.845178823346021
14,3,3.358086804377384
14,3,12.707771913654991
14,3,13.052833218537689
14,3,2.5
14,3,12.980278250033283
14,3,10.193312084628399
14,3,3.8430610896672732
14,3,4.665230581667957
14,3,2.5
14,3,6.480436756632465
13,3,12.854797710706304
13,3,19.18144509369344
13,3,8.024916283830994
13,3,2.5
13,3,2.5
13,3,11.85731376326616
13,3,14.31132129551856
13,3,6.037002480770033
13,3,2.5
13,3,5.987831885608396
13,3,7.7569293469658955
13,3,9.25560611260895
13,3,2.5
13,3,2.5
13,3,6.717102169149312
13,3,9.711740152242971
13,3,2.5
13,3,17.029327182138843
13,3,9.241819533997887
13,3,3.029246005472144
13,3,5.304244520275268
13,3,10.430308119775916
13,3,5.237365239333332
13,3,2.5
13,3,9.700626390358277
13,3,11.622890085422432
13,3,11.550769376522714
13,3,9.60673586742403
13,3,2.5
13,3,9.291640620146053
13,3,9.129018148249562
13,3,2.5
13,3,5.663539886416713
13,3,4.152813504320494
13,3,6.323345067145075
13,3,6.978573341161886
13,3,11.866488888754969
13,3,6.407520584459912
13,3,13.7533879241259
13,3,2.5
13,2,13.209302521579666
13,2,2.5
13,2,4.679001468665134
13,2,5.003921259669659
13,2,2.5
13,2,2.5
13,2,2.5
13,2,6.37394814311054
13,2,17.81335647561863
13,2,14.818539093831035
13,2,11.813591493289703
13,2,2.9392577478589716
13,2,5.651240969337276
13,2,7.993630410354367
13,2,2.5
13,2,2.5
13,2,7.009021306589539
13,2,9.403241645395065
13,2,5.895409900908722
13,2,11.347355481798562
13,2,7.685386695595024
13,2,8.21178883027312
13,2,3.0674267334976513
13,2,17.4579321134497
13,2,2.5
13,2,15.379810821358898
13,2,5.645285167234278
13,2,9.385834686680333
13,2,2.5
13,2,9.457421687017064
13,2,15.259618298555374
13,2,2.5
13,2,8.775710000849184
13,2,5.399546830003263
13,2,8.21495094585683
13,2,2.5
13,2,10.95169950573646
13,2,2.811030693790517
13,2,5.211993738907161
13,2,2.5
13,1,2.5
13,1,2.5
13,1,11.85070720830108
13,1,7.512638395502782
13,1,16.581715188104873
13,1,16.613021311453906
13,1,4.46672719947823
13,1,5.819443314983133
13,1,8.059204116112255
13,1,2.5
13,1,2.5
13,1,11.419369985763364
13,1,12.486076947905175
13,1,2.5
13,1,18.90222097418068
13,1,13.523518519640998
13,1,16.471448939867265
13,1,17.51283972085097
13,1,2.5
13,1,9.894485331604123
13,1,9.180483563697107
13,1,12.500597445495831
13,1,6.61847218230176
13,1,7.35943886112183
13,1,11.489645654780428
13,1,6.329458992395336
13,1,5.98885775639738
13,1,10.06366159821754
13,1,2.5
13,1,4.241341915708247
13,1,15.810047202143352
13,1,12.095084893602223
13,1,2.5
13,1,8.16079807804465
13,1,2.5
13,1,4.96359437150946
13,1,13.320882899896276
13,1,8.021354979990392
13,1,3.9422324161203264
13,1,2.5
