16,-15,1.6500000000000001
16,-15,1.6500000000000001
16,-15,1.6500000000000001
16,-15,1.6500000000000001
16,-15,1.6500000000000001
16,-15,1.6500000000000001
16,-15,1.6500000000000001
16,-15,1.6500000000000001
16,-15,4.78261107578124
16,-15,1.703093814707334
16,-15,1.6500000000000001
16,-15,5.3640125929251505
16,-15,1.6500000000000001
16,-15,1.6500000000000001
16,-15,1.6500000000000001
16,-15,2.841963057705924
16,-15,1.6500000000000001
16,-15,1.6500000000000001
16,-15,1.6500000000000001
16,-15,1.6500000000000001
16,-15,1.6500000000000001
16,-15,1.6500000000000001
16,-15,1.6500000000000001
16,-15,1.6500000000000001
16,-15,1.6500000000000001
16,-15,7.88129302952468
16,-15,1.6500000000000001
16,-15,5.641335531194216
16,-15,1.6500000000000001
16,-15,1.6500000000000001
16,-15,1.6669343762563658
16,-15,1.6500000000000001
16,-15,1.6500000000000001
16,-15,1.6500000000000001
16,-15,5.425317050139224
16,-15,1.6500000000000001
16,-15,1.6785583661551964
16,-15,3.1632462226482483
16,-15,3.070557041729603
16,-15,1.6500000000000001
16,-15,2.991068887124446
16,-15,1.6500000000000001
16,-15,1.6500000000000001
16,-15,1.6500000000000001
16,-15,2.6955055656341282
16,-15,1.6500000000000001
16,-15,1.6500000000000001
16,-15,1.6500000000000001
16,-15,1.6500000000000001
16,-15,1.6500000000000001
16,-15,1.6500000000000001
16,-15,1.6500000000000001
16,-15,1.6500000000000001
16,-15,1.6500000000000001
16,-15,1.6500000000000001
16,-15,1.6500000000000001
16,-15,1.6500000000000001
16,-15,1.6500000000000001
16,-15,3.9328498023580734
16,-15,1.6500000000000001
16,-15,1.6500000000000001
16,-14,1.6500000000000001
16,-14,1.6500000000000001
16,-14,1.6500000000000001
16,-14,1.6500000000000001
16,-14,1.6500000000000001
16,-14,1.6500000000000001
16,-14,1.6500000000000001
16,-14,1.6500000000000001
16,-14,1.6500000000000001
16,-14,1.6500000000000001
16,-14,1.6500000000000001
16,-14,4.160202727886452
16,-14,3.0253718935535105
16,-14,3.707511221341815
16,-14,1.6500000000000001
16,-14,1.6500000000000001
16,-14,2.6341649736142783
16,-14,1.6500000000000001
16,-14,3.344589618552615
16,-14,2.9486384992824886
16,-14,3.275505983375292
16,-14,1.6500000000000001
16,-14,1.6500000000000001
16,-14,3.992500139319286
16,-14,1.6500000000000001
16,-14,1.6500000000000001
16,-14,2.4949531962688463
16,-14,1.6500000000000001
16,-14,3.606321618797516
16,-14,1.6500000000000001
16,-14,1.6500000000000001
16,-14,1.6500000000000001
16,-14,1.6500000000000001
16,-14,1.6500000000000001
16,-14,1.6500000000000001
16,-14,1.6500000000000001
16,-14,3.788631110254823
16,-14,1.6500000000000001
16,-14,1.6500000000000001
16,-14,1.6500000000000001
16,-14,1.6500000000000001
16,-14,1.6500000000000001
16,-14,5.264973156216685
16,-14,2.2034839304471365
16,-14,2.287358463802163
16,-14,1.6500000000000001
16,-14,4.190860649079363
16,-14,2.376987242868455
16,-14,1.6500000000000001
16,-14,1.6500000000000001
16,-14,1.6500000000000001
16,-14,2.812858287294555
16,-14,2.4200187064316
16,-14,6.671551636945297
16,-14,1.6500000000000001
16,-14,1.6500000000000001
16,-14,1.6500000000000001
16,-14,1.6500000000000001
16,-14,1.6500000000000001
16,-14,1.6500000000000001
16,-14,1.6500000000000001
16,-13,1.6500000000000001
16,-13,2.850591617619576
16,-13,7.804773158120286
16,-13,1.6681599512152316
16,-13,1.6500000000000001
16,-13,1.6500000000000001
16,-13,1.6500000000000001
16,-13,3.1218456985693708
16,-13,1.6500000000000001
16,-13,1.6931514536247039
16,-13,1.6500000000000001
16,-13,1.6500000000000001
16,-13,1.6500000000000001
16,-13,1.6500000000000001
16,-13,1.6500000000000001
16,-13,2.8856070806099576
16,-13,1.6500000000000001
16,-13,4.563762765812644
16,-13,1.6500000000000001
16,-13,1.6500000000000001
16,-13,1.6500000000000001
16,-13,6.230529154572883
16,-13,1.6500000000000001
16,-13,1.6500000000000001
16,-13,1.6500000000000001
16,-13,1.6500000000000001
16,-13,1.6500000000000001
16,-13,1.6500000000000001
16,-13,5.2861627288672635
16,-13,1.6500000000000001
16,-13,1.6500000000000001
16,-13,1.6500000000000001
16,-13,8.544771988678498
16,-13,2.635681406640945
16,-13,3.8592535854455763
16,-13,1.6500000000000001
16,-13,1.6500000000000001
16,-13,1.6500000000000001
16,-13,1.6500000000000001
16,-13,4.398523517258875
16,-13,1.6500000000000001
16,-13,1.6500000000000001
16,-13,1.7812496677425262
16,-13,1.6500000000000001
16,-13,1.6500000000000001
16,-13,1.6917830262921865
16,-13,1.6500000000000001
16,-13,1.6500000000000001
16,-13,1.6500000000000001
16,-13,2.469380678112567
16,-13,4.122922320930531
16,-13,1.6500000000000001
16,-13,1.6500000000000001
16,-13,1.6500000000000001
16,-13,1.6500000000000001
16,-13,1.6500000000000001
16,-13,1.6500000000000001
16,-13,1.6500000000000001
16,-13,2.030601077225189
16,-13,1.6500000000000001
16,-12,1.6500000000000001
16,-12,1.6500000000000001
16,-12,1.6500000000000001
16,-12,1.6500000000000001
16,-12,3.7843439522310485
16,-12,3.4894828571848775
16,-12,1.6500000000000001
16,-12,1.6500000000000001
16,-12,1.6500000000000001
16,-12,1.6500000000000001
16,-12,1.6500000000000001
16,-12,1.6500000000000001
16,-12,3.347679254565573
16,-12,1.6500000000000001
16,-12,1.6500000000000001
16,-12,1.6500000000000001
16,-12,1.6500000000000001
16,-12,1.6500000000000001
16,-12,1.6500000000000001
16,-12,1.6500000000000001
16,-12,1.6500000000000001
16,-12,1.7311277908532885
16,-12,10.1299843816036
16,-12,3.222282987651461
16,-12,3.139352558509078
16,-12,1.6500000000000001
16,-12,3.483960360508597
16,-12,2.017709467174141
16,-12,4.217287348700201
16,-12,1.6500000000000001
16,-12,1.6500000000000001
16,-12,3.123190184084404
16,-12,1.6500000000000001
16,-12,1.6924169756141993
16,-12,1.7611909752152344
16,-12,3.273993129466027
16,-12,1.6500000000000001
16,-12,1.6500000000000001
16,-12,1.6500000000000001
16,-12,1.6500000000000001
16,-12,3.2342528678074967
16,-12,5.411432480649503
16,-12,1.6500000000000001
16,-12,1.6500000000000001
16,-12,1.6500000000000001
16,-12,1.6500000000000001
16,-12,1.6500000000000001
16,-12,1.6500000000000001
16,-12,1.6500000000000001
16,-12,1.6500000000000001
16,-12,1.6500000000000001
16,-12,2.1951523496163876
16,-12,2.1141325012381245
16,-12,1.9339053782396995
16,-12,1.6500000000000001
16,-12,1.6500000000000001
16,-12,1.6500000000000001
16,-12,3.5434508140355994
16,-12,4.701851969489036
16,-12,2.3670265326363076
16,-12,1.6500000000000001
16,-11,1.6500000000000001
16,-11,1.6500000000000001
16,-11,1.6500000000000001
16,-11,1.6500000000000001
16,-11,1.6500000000000001
16,-11,1.6500000000000001
16,-11,3.4337043365481605
16,-11,3.576240946985147
16,-11,1.6500000000000001
16,-11,3.3291856090044676
16,-11,1.6500000000000001
16,-11,1.6500000000000001
16,-11,6.007989345949949
16,-11,3.9418570745416854
16,-11,1.6500000000000001
16,-11,1.6500000000000001
16,-11,2.1824064608506593
16,-11,1.6500000000000001
16,-11,1.6500000000000001
16,-11,2.735255290205459
16,-11,1.6500000000000001
16,-11,2.2403175101766593
16,-11,1.6500000000000001
16,-11,3.2706966179523524
16,-11,4.390905683601
16,-11,1.6500000000000001
16,-11,1.6500000000000001
16,-11,1.6500000000000001
16,-11,5.714104067767373
16,-11,1.6500000000000001
16,-11,9.03172474489504
16,-11,1.6500000000000001
16,-11,5.635526582883682
16,-11,1.6500000000000001
16,-11,5.232522404659549
16,-11,1.6500000000000001
16,-11,1.6500000000000001
16,-11,1.6500000000000001
16,-11,1.6500000000000001
16,-11,1.6500000000000001
16,-11,1.6500000000000001
16,-11,1.6500000000000001
16,-11,4.702629536105775
16,-11,1.6500000000000001
16,-11,1.6500000000000001
16,-11,3.7068337212855633
16,-11,1.779273653077552
16,-11,1.6500000000000001
16,-11,1.6500000000000001
16,-11,1.6500000000000001
16,-11,2.19934015301853
16,-11,6.498894462738759
16,-11,1.8175436481841096
16,-11,1.6500000000000001
16,-11,3.839947730091201
16,-11,4.117916315085589
16,-11,2.043769778967759
16,-11,1.6500000000000001
16,-11,1.6500000000000001
16,-11,1.6500000000000001
16,-11,1.6500000000000001
15,-11,1.6500000000000001
15,-11,1.6500000000000001
15,-11,2.6261682194044793
15,-11,9.038548061715684
15,-11,1.6500000000000001
15,-11,1.6657778795112224
15,-11,1.6500000000000001
15,-11,3.7792264570594907
15,-11,1.6500000000000001
15,-11,1.6500000000000001
15,-11,1.6500000000000001
15,-11,1.6500000000000001
15,-11,1.6500000000000001
15,-11,1.6500000000000001
15,-11,1.6500000000000001
15,-11,5.468108301992128
15,-11,1.6500000000000001
15,-11,1.6500000000000001
15,-11,1.6500000000000001
15,-11,3.292061011938176
15,-11,1.6500000000000001
15,-11,1.6500000000000001
15,-11,1.6500000000000001
15,-11,3.439375397501248
15,-11,5.407061045767596
15,-11,5.911196088227264
15,-11,1.6500000000000001
15,-11,9.536975885407234
15,-11,1.6500000000000001
15,-11,4.180775508022163
15,-11,1.6500000000000001
15,-11,6.277830791878335
15,-11,1.6500000000000001
15,-11,3.198356297218935
15,-11,1.6500000000000001
15,-11,1.6500000000000001
15,-11,1.6500000000000001
15,-11,1.6500000000000001
15,-11,4.094682373982108
15,-11,5.720696537321116
15,-11,1.6500000000000001
15,-11,4.140042696502658
15,-11,1.6500000000000001
15,-11,4.349841764242328
15,-11,2.3870379127540993
15,-11,2.5892805184332173
15,-11,1.6500000000000001
15,-11,1.6500000000000001
15,-11,1.6500000000000001
15,-11,1.6500000000000001
15,-11,1.684875736613286
15,-11,2.074428607512781
15,-11,3.285853571143539
15,-11,1.6500000000000001
15,-11,1.6500000000000001
15,-11,1.6500000000000001
15,-11,3.6478019964668884
15,-11,7.796372566888036
15,-11,4.903119830025602
15,-11,5.897138829990903
14,-11,2.277153530510605
14,-11,1.6500000000000001
14,-11,2.7829140458959993
14,-11,5.858582808154387
14,-11,1.6500000000000001
14,-11,1.6500000000000001
14,-11,1.6500000000000001
14,-11,1.6500000000000001
14,-11,6.678770165159901
14,-11,7.330438949089083
14,-11,1.6500000000000001
14,-11,1.6541407364888938
14,-11,3.5931507778024967
14,-11,1.6500000000000001
14,-11,3.741602475520663
14,-11,1.6500000000000001
14,-11,1.6500000000000001
14,-11,4.122108754927449
14,-11,1.6500000000000001
14,-11,1.6500000000000001
14,-11,1.6500000000000001
14,-11,3.829282329478923
14,-11,1.6500000000000001
14,-11,3.0770451683777713
14,-11,1.6500000000000001
14,-11,4.669827388119905
14,-11,2.143070783916167
14,-11,1.6500000000000001
14,-11,6.166012745675132
14,-11,2.716814799593549
14,-11,1.6500000000000001
14,-11,1.6500000000000001
14,-11,1.6500000000000001
14,-11,2.5210601586782495
14,-11,6.7716847661956034
14,-11,1.6500000000000001
14,-11,1.6500000000000001
14,-11,1.6500000000000001
14,-11,8.894611502097828
14,-11,6.988175905322164
14,-11,1.6500000000000001
14,-11,4.215206309088357
14,-11,3.7632062663589503
14,-11,6.161537088402625
14,-11,1.6500000000000001
14,-11,1.6500000000000001
14,-11,2.324687215386744
14,-11,1.6500000000000001
14,-11,5.8393827595044705
14,-11,4.610839144788221
14,-11,1.6500000000000001
14,-11,2.92376102784214
14,-11,6.225630805132907
14,-11,4.015873028070505
14,-11,1.6500000000000001
14,-11,2.8692002684230853
14,-11,4.637057120702219
14,-11,4.117558077274049
14,-11,1.6500000000000001
14,-11,5.5870023852148964
14,-11,3.163723638589244
15,-11,1.6500000000000001
15,-11,1.6500000000000001
15,-11,1.6500000000000001
15,-11,1.6500000000000001
15,-11,3.975610486303471
15,-11,1.6500000000000001
15,-11,1.6959360989990608
15,-11,4.558974196445993
15,-11,1.6500000000000001
15,-11,2.6827588787741257
15,-11,2.619672837698181
15,-11,1.6500000000000001
15,-11,4.725842606025011
15,-11,6.737149682809779
15,-11,2.158981062371846
15,-11,1.7375262852896174
15,-11,1.6500000000000001
15,-11,2.086183522606248
15,-11,1.6500000000000001
15,-11,8.090027841218177
15,-11,7.85668528793892
15,-11,1.6500000000000001
15,-11,2.8739967617015933
15,-11,3.245732572932806
15,-11,2.525437992637783
15,-11,1.6500000000000001
15,-11,1.6500000000000001
15,-11,5.187737994401523
15,-11,1.7963129869138286
15,-11,3.756605426499406
15,-11,5.270966886515499
15,-11,1.6500000000000001
15,-11,1.6500000000000001
15,-11,1.6500000000000001
15,-11,1.6500000000000001
15,-11,4.637350847894767
15,-11,3.595755342333634
15,-11,1.802858619418728
15,-11,1.6500000000000001
15,-11,2.5536410032668218
15,-11,1.6500000000000001
15,-11,2.77655243923478
15,-11,1.6500000000000001
15,-11,1.6500000000000001
15,-11,1.6500000000000001
15,-11,8.130085145882248
15,-11,1.9681329939568988
15,-11,2.5706194182437367
15,-11,3.4038641490359365
15,-11,3.870140111282132
15,-11,1.6500000000000001
15,-11,3.7590500767893373
15,-11,1.6500000000000001
15,-11,1.6500000000000001
15,-11,1.6500000000000001
15,-11,1.6797541542057708
15,-11,2.3746105349439324
15,-11,1.6500000000000001
15,-11,1.6500000000000001
15,-11,7.498819673819878
14,-11,1.6500000000000001
14,-11,2.653741987204713
14,-11,1.6500000000000001
14,-11,1.7870202832150657
14,-11,2.4452976200531236
14,-11,2.0060394189329185
14,-11,4.602834090791484
14,-11,3.1794967864222237
14,-11,1.6500000000000001
14,-11,1.6500000000000001
14,-11,2.5008508647043985
14,-11,1.6500000000000001
14,-11,1.858767402299149
14,-11,2.288520136912977
14,-11,1.6500000000000001
14,-11,1.6500000000000001
14,-11,3.8518999759909804
14,-11,4.291378728840976
14,-11,4.042019490956539
14,-11,1.6500000000000001
14,-11,1.6500000000000001
14,-11,1.6500000000000001
14,-11,1.6500000000000001
14,-11,2.1474062476128912
14,-11,1.6500000000000001
14,-11,1.6500000000000001
14,-11,8.322543244232147
14,-11,1.6500000000000001
14,-11,4.246204201109364
14,-11,1.6500000000000001
14,-11,1.717115918251939
14,-11,1.6500000000000001
14,-11,1.9100551800503591
14,-11,4.60018154522455
14,-11,1.6500000000000001
14,-11,1.6500000000000001
14,-11,5.63807790417673
14,-11,1.6500000000000001
14,-11,1.6500000000000001
14,-11,2.2261128686331144
14,-11,3.3173800235859523
14,-11,1.9092089754241979
14,-11,1.6500000000000001
14,-11,3.2438293995511005
14,-11,1.9751522242958093
14,-11,1.9256534465293589
14,-11,8.361004198147903
14,-11,3.398694810112122
14,-11,1.6500000000000001
14,-11,1.6500000000000001
14,-11,7.143565588719294
14,-11,1.6500000000000001
14,-11,3.451039356743984
14,-11,1.6500000000000001
14,-11,1.6500000000000001
14,-11,1.6500000000000001
14,-11,1.6500000000000001
14,-11,5.763208460247409
14,-11,2.40847191003729
14,-11,2.876570377200791
14,-11,4.631088984924531
14,-10,4.74141195169056
14,-10,1.6500000000000001
14,-10,1.6500000000000001
14,-10,1.6500000000000001
14,-10,2.8590063695267784
14,-10,1.6500000000000001
14,-10,4.473295118376305
14,-10,1.6500000000000001
14,-10,6.485126198440925
14,-10,1.6500000000000001
14,-10,2.7292128232990023
14,-10,1.6500000000000001
14,-10,1.6500000000000001
14,-10,1.6500000000000001
14,-10,1.6500000000000001
14,-10,1.6500000000000001
14,-10,5.038857721281288
14,-10,6.2302842628033925
14,-10,1.6500000000000001
14,-10,4.831834174047749
14,-10,5.642433818067588
14,-10,6.064939451516478
14,-10,4.174563549704095
14,-10,5.4179874486511785
14,-10,1.6500000000000001
14,-10,4.214902743167281
14,-10,3.5769783846326004
14,-10,8.129727806828782
14,-10,4.4924381108728
14,-10,1.6500000000000001
14,-10,1.6662026746686922
14,-10,1.6500000000000001
14,-10,1.6500000000000001
14,-10,4.165751575834468
14,-10,1.6500000000000001
14,-10,6.461948324870841
14,-10,1.6500000000000001
14,-10,4.023375064353381
14,-10,1.6500000000000001
14,-10,4.520642188251509
14,-10,3.3287170398607953
14,-10,1.6500000000000001
14,-10,1.6500000000000001
14,-10,3.495506148968171
14,-10,7.358689605900987
14,-10,3.653462329504158
14,-10,1.6500000000000001
14,-10,1.6500000000000001
14,-10,1.6500000000000001
14,-10,1.6500000000000001
14,-10,1.6500000000000001
14,-10,1.6500000000000001
14,-10,3.8516175677727142
14,-10,1.6500000000000001
14,-10,2.5587001592889136
14,-10,1.6500000000000001
14,-10,1.6500000000000001
14,-10,1.6500000000000001
14,-10,2.2730922847002413
14,-10,1.6500000000000001
14,-10,6.853184394815879
13,-10,1.6500000000000001
13,-10,3.6549951117433945
13,-10,3.2749054454290554
13,-10,1.752232165785687
13,-10,1.6500000000000001
13,-10,5.559596540545944
13,-10,3.979314327879276
13,-10,2.997677906628153
13,-10,1.6500000000000001
13,-10,9.728507270217289
13,-10,3.7629009738978962
13,-10,2.421620877561009
13,-10,15.355398719245995
13,-10,4.269675544623533
13,-10,2.437532624313496
13,-10,1.6500000000000001
13,-10,4.1408494764181185
13,-10,4.031093369266763
13,-10,5.547137077381288
13,-10,9.750656821929155
13,-10,1.6500000000000001
13,-10,3.1976615200061023
13,-10,1.6500000000000001
13,-10,1.6500000000000001
13,-10,3.240876985931648
13,-10,4.24964610158134
13,-10,4.451001094505808
13,-10,5.020073232268674
13,-10,1.6500000000000001
13,-10,3.2844833248014313
13,-10,1.942322172409354
13,-10,1.6500000000000001
13,-10,1.6500000000000001
13,-10,2.8381993690215466
13,-10,1.6500000000000001
13,-10,5.333665137279764
13,-10,1.6500000000000001
13,-10,1.6500000000000001
13,-10,2.8611127939587346
13,-10,5.572648112091394
13,-10,5.813031485472791
13,-10,4.342279147505985
13,-10,1.6500000000000001
13,-10,2.661188919096364
13,-10,1.6500000000000001
13,-10,1.6500000000000001
13,-10,1.6500000000000001
13,-10,2.584151870134202
13,-10,1.6500000000000001
13,-10,8.537628372256327
13,-10,1.6500000000000001
13,-10,1.6500000000000001
13,-10,1.6500000000000001
13,-10,1.6500000000000001
13,-10,1.6500000000000001
13,-10,4.324256798595209
13,-10,1.6500000000000001
13,-10,1.6500000000000001
13,-10,7.107328469698775
13,-10,2.646006322023375
12,-10,5.638563706361843
12,-10,2.878940541561708
12,-10,1.7153129265624605
12,-10,3.2286831640228097
12,-10,3.6482357171617616
12,-10,1.6500000000000001
12,-10,2.5340986694219456
12,-10,1.6500000000000001
12,-10,2.2547214290404116
12,-10,1.8906527267389848
12,-10,1.6500000000000001
12,-10,4.311067962674695
12,-10,1.96424086345547
12,-10,2.4604824456423975
12,-10,1.6500000000000001
12,-10,4.1180698766428545
12,-10,5.610019387641405
12,-10,3.630113210893091
12,-10,3.8005424235994862
12,-10,2.518778935316126
12,-10,4.834708251830714
12,-10,2.5565169136800647
12,-10,4.67063332966901
12,-10,1.6500000000000001
12,-10,3.396819943500014
12,-10,1.6500000000000001
12,-10,9.110543695597627
12,-10,2.24846595226088
12,-10,1.6500000000000001
12,-10,3.882050265519635
12,-10,7.6353627495931615
12,-10,1.6500000000000001
12,-10,1.6500000000000001
12,-10,3.9609043745985932
12,-10,7.139391870263911
12,-10,1.7445252725061273
12,-10,6.110772205994852
12,-10,5.46656673054636
12,-10,5.5432956568836556
12,-10,4.344779366600475
12,-10,1.6500000000000001
12,-10,2.037029269099467
12,-10,2.8370448733287255
12,-10,1.6500000000000001
12,-10,2.358343663331234
12,-10,5.314988403595029
12,-10,1.6500000000000001
12,-10,2.7000732536025196
12,-10,1.6500000000000001
12,-10,4.074729671222764
12,-10,3.0651683421242963
12,-10,1.6500000000000001
12,-10,2.1799805368494463
12,-10,3.384430013437046
12,-10,3.7257540286214974
12,-10,2.165621392319032
12,-10,2.4726450348680284
12,-10,6.839926220687687
12,-10,3.612476827657241
12,-10,6.744850504027648
12,-10,4.700102021991068
11,-10,3.2493783288486116
11,-10,1.6500000000000001
11,-10,12.450113646986498
11,-10,3.7133527850114905
11,-10,5.219926562140426
11,-10,5.654596868657697
11,-10,1.6500000000000001
11,-10,4.3195623470611295
11,-10,1.6500000000000001
11,-10,10.226198539834513
11,-10,5.767980515167403
11,-10,2.5023672657851854
11,-10,7.4692077676370445
11,-10,3.270601188540519
11,-10,1.6500000000000001
11,-10,6.122101274738814
11,-10,2.3849391097300376
11,-10,5.520593011658555
11,-10,4.810879133648934
11,-10,6.045503709933445
11,-10,1.6500000000000001
11,-10,1.6500000000000001
11,-10,5.1663509497283915
11,-10,5.661346199517356
11,-10,1.6500000000000001
11,-10,7.743737107864616
11,-10,1.6500000000000001
11,-10,1.6500000000000001
11,-10,1.6500000000000001
11,-10,2.030751966636002
11,-10,1.9967160211841735
11,-10,1.6500000000000001
11,-10,3.40092871023909
11,-10,5.7026140649014625
11,-10,2.4920065984582096
11,-10,1.6500000000000001
11,-10,6.543018223790537
11,-10,1.6500000000000001
11,-10,1.6500000000000001
11,-10,7.574190313897651
11,-10,6.50305142394318
11,-10,1.6500000000000001
11,-10,1.6500000000000001
11,-10,1.6500000000000001
11,-10,1.6500000000000001
11,-10,3.1181863351709236
11,-10,1.6500000000000001
11,-10,3.38142772248884
11,-10,1.6500000000000001
11,-10,1.6500000000000001
11,-10,6.981843699672517
11,-10,6.117179975521781
11,-10,1.7138482699338953
11,-10,1.6500000000000001
11,-10,2.5575896092607886
11,-10,3.0476711257787423
11,-10,9.835704678237047
11,-10,1.8403994455727826
11,-10,2.8142250329806395
11,-10,1.6500000000000001
11,-9,3.2839129675299463
11,-9,1.6500000000000001
11,-9,2.7633366004115523
11,-9,1.6500000000000001
11,-9,6.254892273551574
11,-9,1.6500000000000001
11,-9,5.072308815680716
11,-9,1.6500000000000001
11,-9,3.330829992375465
11,-9,5.484747771014745
11,-9,3.077098975885029
11,-9,1.6500000000000001
11,-9,1.6500000000000001
11,-9,5.37212862838114
11,-9,6.394373040247151
11,-9,3.4797374117621764
11,-9,1.6500000000000001
11,-9,3.9354965250876752
11,-9,8.73143247910208
11,-9,2.395338978663921
11,-9,5.886732834353788
11,-9,4.1844919873901265
11,-9,7.8377223211943425
11,-9,3.8379301543562514
11,-9,4.158797442053956
11,-9,1.6500000000000001
11,-9,7.2321120318685015
11,-9,1.6500000000000001
11,-9,5.33848475906139
11,-9,8.248187465745957
11,-9,2.6765453144619684
11,-9,3.3676027731035756
11,-9,2.150221637556319
11,-9,1.6500000000000001
11,-9,8.361063435605455
11,-9,5.832855397495637
11,-9,2.4712363218621323
11,-9,6.026811730551978
11,-9,4.440611148891279
11,-9,5.2142312389509815
11,-9,9.405099598570818
11,-9,1.6500000000000001
11,-9,6.300164176619697
11,-9,1.6500000000000001
11,-9,1.9788917269926247
11,-9,1.6500000000000001
11,-9,2.474516834509775
11,-9,8.422235700734111
11,-9,5.3668814000083565
11,-9,1.6500000000000001
11,-9,5.219997084648883
11,-9,2.16409816440076
11,-9,3.9821962995485123
11,-9,1.6500000000000001
11,-9,2.347923591535563
11,-9,5.555747208494758
11,-9,6.370043440212951
11,-9,1.6500000000000001
11,-9,6.50740505794875
11,-9,4.721973266316395
11,-9,4.68948692506577
12,-9,4.187636758975291
12,-9,1.6500000000000001
12,-9,6.489254502518837
12,-9,8.616046070773862
12,-9,1.6500000000000001
12,-9,5.62040757918327
12,-9,1.6500000000000001
12,-9,4.329176980907288
12,-9,2.958914610709278
12,-9,2.8336809965221343
12,-9,7.892894777013142
12,-9,1.6500000000000001
12,-9,1.6500000000000001
12,-9,2.520165571250962
12,-9,1.6500000000000001
12,-9,1.6500000000000001
12,-9,4.329945582951621
12,-9,2.003097483819165
12,-9,1.6500000000000001
12,-9,1.6500000000000001
12,-9,2.85997732105373
12,-9,1.6500000000000001
12,-9,2.6330542716134246
12,-9,1.6500000000000001
12,-9,1.6500000000000001
12,-9,5.165404240022337
12,-9,3.5776123603860452
12,-9,1.6500000000000001
12,-9,1.6500000000000001
12,-9,6.927836077015552
12,-9,4.840479033422313
12,-9,4.010917899870466
12,-9,2.698714355713978
12,-9,1.6500000000000001
12,-9,3.5034618169961664
12,-9,4.614036901462308
12,-9,1.6500000000000001
12,-9,1.979763454655893
12,-9,8.062654835801755
12,-9,3.4384610524017196
12,-9,2.520923925024502
12,-9,1.6500000000000001
12,-9,12.648379905136046
12,-9,2.5863482798522592
12,-9,1.6500000000000001
12,-9,4.351131820119091
12,-9,7.057597944608942
12,-9,1.6500000000000001
12,-9,1.652668125703117
12,-9,2.7408057211480457
12,-9,1.6500000000000001
12,-9,2.01020399187061
12,-9,1.7328710394002829
12,-9,2.31646403636572
12,-9,1.7560342575982206
12,-9,1.6500000000000001
12,-9,5.020907204785779
12,-9,5.578057998191779
12,-9,7.553889907580586
12,-9,1.6500000000000001
12,-9,2.112406323694202
12,-8,1.6500000000000001
12,-8,1.6500000000000001
12,-8,4.240627327374819
12,-8,6.368862105875371
12,-8,2.836676410671212
12,-8,1.6500000000000001
12,-8,3.244661992962244
12,-8,1.6500000000000001
12,-8,2.2675015333146153
12,-8,6.739746541186371
12,-8,8.150097751289229
12,-8,1.6500000000000001
12,-8,5.6249848051436215
12,-8,3.5615349040414275
12,-8,3.2291897936121843
12,-8,2.346099713719983
12,-8,1.6500000000000001
12,-8,4.208548382949607
12,-8,1.6500000000000001
12,-8,1.6500000000000001
12,-8,4.103459231325507
12,-8,1.6500000000000001
12,-8,3.1079431688056705
12,-8,6.243547096498252
12,-8,2.8701141175246536
12,-8,2.801860861935224
12,-8,7.969135557522704
12,-8,2.1604564502192396
12,-8,1.6500000000000001
12,-8,4.026629473412357
12,-8,4.813275456115341
12,-8,6.407312305049482
12,-8,6.450894617967943
12,-8,1.8576645248135903
12,-8,1.6500000000000001
12,-8,5.960614723734989
12,-8,1.6500000000000001
12,-8,2.476474389506759
12,-8,4.172062020134243
12,-8,5.554361949336456
12,-8,3.938311991641383
12,-8,2.627041916943803
12,-8,1.6500000000000001
12,-8,1.7365069605103336
12,-8,6.21744607762768
12,-8,8.501069407325332
12,-8,2.512418311021981
12,-8,5.139297966795944
12,-8,3.6987734880255427
12,-8,3.8223114063210852
12,-8,7.232501064580082
12,-8,3.889585777643199
12,-8,7.852228904653003
12,-8,8.043274345735075
12,-8,2.211342666613994
12,-8,1.6500000000000001
12,-8,2.574742779161955
12,-8,1.6500000000000001
12,-8,1.6500000000000001
12,-8,4.8616353723958605
11,-8,1.6500000000000001
11,-8,2.0103139477126204
11,-8,5.602180238596358
11,-8,4.468859525736486
11,-8,3.7504402518673334
11,-8,3.0568907721390874
11,-8,3.2185677797141996
11,-8,8.550361320608747
11,-8,1.7547216552730984
11,-8,3.181493489792389
11,-8,4.227732491894211
11,-8,3.048018036044058
11,-8,6.001353555312954
11,-8,1.6500000000000001
11,-8,5.1801251882786294
11,-8,2.795904475898924
11,-8,5.4773294934732775
11,-8,1.6500000000000001
11,-8,3.9609364845568553
11,-8,1.6500000000000001
11,-8,4.284262651229445
11,-8,2.6680301287077857
11,-8,7.762625552788017
11,-8,3.9886385430021543
11,-8,7.33104875995875
11,-8,1.6500000000000001
11,-8,3.6354929403881875
11,-8,1.6500000000000001
11,-8,10.998451356029587
11,-8,5.347413277063007
11,-8,2.338380824476733
11,-8,8.506624518296341
11,-8,2.814417320706885
11,-8,1.6500000000000001
11,-8,3.131513467297883
11,-8,1.6500000000000001
11,-8,5.075039676054457
11,-8,5.857163023665956
11,-8,4.942981058826046
11,-8,3.0978604080492396
11,-8,1.6500000000000001
11,-8,8.305730323042997
11,-8,3.4617666679513084
11,-8,3.28668538819072
11,-8,5.4674196103336214
11,-8,3.3939963415110035
11,-8,4.622149175297489
11,-8,3.713678578770552
11,-8,3.9656337665856376
11,-8,3.495881626104118
11,-8,5.096116813609866
11,-8,6.864453092107333
11,-8,7.914825128768683
11,-8,6.057455158307306
11,-8,5.647185013989395
11,-8,1.770914776556046
11,-8,1.6500000000000001
11,-8,3.877552827482015
11,-8,3.6682279074787574
11,-8,1.6500000000000001
11,-8,9.751221058455583
11,-7,1.6500000000000001
11,-7,5.298529859735925
11,-7,1.8107983020419118
11,-7,1.6500000000000001
11,-7,1.6500000000000001
11,-7,7.105217012080104
11,-7,7.558993833609339
11,-7,3.5686641936098713
11,-7,1.6500000000000001
11,-7,5.2828712671764135
11,-7,3.0355169165677425
11,-7,3.5186762519533556
11,-7,6.311418939344845
11,-7,7.4500130509649
11,-7,5.101154689132266
11,-7,2.208015228508789
11,-7,8.481578361723543
11,-7,4.034795867921816
11,-7,3.6053962191420412
11,-7,1.6500000000000001
11,-7,3.303594443362466
11,-7,2.1153228849925556
11,-7,2.5508448772712637
11,-7,2.4524329561626157
11,-7,2.9103404016980168
11,-7,8.025110540362837
11,-7,3.9816130675005015
11,-7,4.750273217099518
11,-7,7.565495035470287
11,-7,3.487345415360258
11,-7,5.10193229893369
11,-7,2.5838252631655116
11,-7,5.2655545647595865
11,-7,4.016818819410011
11,-7,5.01283434905952
11,-7,2.9392955172356268
11,-7,4.09171844851356
11,-7,8.965568066835239
11,-7,7.482100267154989
11,-7,4.372693340044888
11,-7,1.6500000000000001
11,-7,3.62745313976863
11,-7,9.32176986445006
11,-7,1.6500000000000001
11,-7,3.2137852101717046
11,-7,2.5814579360742496
11,-7,13.194711185431036
11,-7,1.9320521862219227
11,-7,1.8697251468539446
11,-7,4.264109719206364
11,-7,3.3508123777335435
11,-7,1.6500000000000001
11,-7,3.3674623335456153
11,-7,5.887795427056288
11,-7,1.6500000000000001
11,-7,5.0163657506039065
11,-7,1.6500000000000001
11,-7,7.034802914529184
11,-7,3.5227952776783007
11,-7,6.6874206607289715
10,-7,3.3818147392576536
10,-7,1.6500000000000001
10,-7,6.698512041376144
10,-7,1.6500000000000001
10,-7,1.6500000000000001
10,-7,2.6119825750538137
10,-7,3.4021403748311596
10,-7,7.7047972425059505
10,-7,1.7352162546655836
10,-7,10.155521461580669
10,-7,5.149738290676196
10,-7,8.002110324356897
10,-7,1.6500000000000001
10,-7,9.61511073751278
10,-7,3.4115279145582313
10,-7,1.6500000000000001
10,-7,6.12336423163306
10,-7,1.6500000000000001
10,-7,1.6500000000000001
10,-7,1.6500000000000001
10,-7,4.446726371440305
10,-7,5.74111187003713
10,-7,3.842769127230002
10,-7,3.699898264975635
10,-7,7.006596746323713
10,-7,3.1643643106723487
10,-7,5.412931835618336
10,-7,1.6500000000000001
10,-7,2.5717013304215044
10,-7,5.356761478187856
10,-7,1.6500000000000001
10,-7,8.294220591665272
10,-7,1.6500000000000001
10,-7,3.345456430895881
10,-7,3.845590435830742
10,-7,3.019877798206368
10,-7,2.2582102786621734
10,-7,3.2377754349492287
10,-7,6.321993975108766
10,-7,5.072907787828912
10,-7,5.89426919457603
10,-7,1.6500000000000001
10,-7,6.37618883189978
10,-7,4.653746015630865
10,-7,4.0047115058384914
10,-7,1.6500000000000001
10,-7,9.593597362916254
10,-7,3.4804242997775834
10,-7,1.6500000000000001
10,-7,2.45173914691843
10,-7,3.9754698183264296
10,-7,8.295747039131989
10,-7,3.578945358995472
10,-7,7.377167173833424
10,-7,4.4283460691522585
10,-7,6.603186929152289
10,-7,4.2817600657020805
10,-7,1.6500000000000001
10,-7,2.0476613315126713
10,-7,5.1581342061539
10,-7,2.2187230039466277
9,-7,7.020523072750118
9,-7,6.947325198674432
9,-7,9.257167776373347
9,-7,6.89314376896408
9,-7,4.746876518795539
9,-7,9.361043321244203
9,-7,3.14645394980589
9,-7,5.707318441621505
9,-7,4.535040042264619
9,-7,7.228625298935688
9,-7,3.9392598392098597
9,-7,14.302944837009914
9,-7,5.3280139463769025
9,-7,3.641110153099143
9,-7,4.968513743147058
9,-7,3.1009079324709914
9,-7,1.6500000000000001
9,-7,5.571469562145825
9,-7,9.699837858649994
9,-7,5.231273116045586
9,-7,3.485647386713506
9,-7,2.549416331942128
9,-7,4.816072944286946
9,-7,9.764688459752543
9,-7,3.039557227476818
9,-7,3.84953033175654
9,-7,1.6500000000000001
9,-7,5.553515113508181
9,-7,5.801906659975161
9,-7,5.705527624480564
9,-7,5.309654014322726
9,-7,7.720278908535553
9,-7,2.7821190473296866
9,-7,4.298891374516738
9,-7,3.2636953662306487
9,-7,9.133280190630316
9,-7,3.362157355951398
9,-7,5.479971781573658
9,-7,1.6500000000000001
9,-7,5.069287464974104
9,-7,4.418115409446756
9,-7,1.6500000000000001
9,-7,6.030931594655056
9,-7,3.312456947209114
9,-7,7.549761601875966
9,-7,5.3183219847146255
9,-7,6.7830214458063445
9,-7,4.253334977637156
9,-7,5.031045591340145
9,-7,1.6500000000000001
9,-7,1.6500000000000001
9,-7,1.6500000000000001
9,-7,4.694871976338114
9,-7,8.60015057794173
9,-7,9.352153242544126
9,-7,4.312634615032732
9,-7,4.628965616746344
9,-7,8.674547769421542
9,-7,5.451916283183323
9,-7,4.4185730317701895
9,-7,1.6500000000000001
8,-7,4.120003960768098
8,-7,6.643085776307653
8,-7,8.143730145460728
8,-7,4.596534490098026
8,-7,6.137973670628696
8,-7,6.212683540647141
8,-7,6.774274586874031
8,-7,3.2524330736525826
8,-7,4.459502764528353
8,-7,7.752201277652748
8,-7,4.327600757953916
8,-7,5.604719537520239
8,-7,7.954899279957703
8,-7,9.344773996457775
8,-7,3.3195834735980183
8,-7,7.242450190349862
8,-7,5.081250847040241
8,-7,2.3767749678559817
8,-7,3.3415705504804056
8,-7,11.047376527560802
8,-7,1.6500000000000001
8,-7,3.4081221737627874
8,-7,9.115335933367621
8,-7,3.5600862763363166
8,-7,2.590413882668373
8,-7,3.4376682962849068
8,-7,1.6500000000000001
8,-7,4.091674750256382
8,-7,1.964907379259499
8,-7,1.68570253443829
8,-7,10.582744262775917
8,-7,6.5673948657009
8,-7,11.58290862204844
8,-7,9.762878797142228
8,-7,6.5113313985285055
8,-7,4.707457807221557
8,-7,5.963625714726938
8,-7,4.834242129804116
8,-7,1.8981157957756856
8,-7,2.955224780578142
8,-7,7.504425776382027
8,-7,1.6500000000000001
8,-7,1.6500000000000001
8,-7,7.590782330499422
8,-7,7.3951059879395284
8,-7,3.8856199949853067
8,-7,6.836760812413234
8,-7,6.160887528074323
8,-7,5.431397087382285
8,-7,4.389701893723903
8,-7,5.804895631579304
8,-7,4.741207093704617
8,-7,1.6500000000000001
8,-7,3.896501545995991
8,-7,1.6500000000000001
8,-7,1.6500000000000001
8,-7,4.745311012884583
8,-7,1.8390451212380086
8,-7,9.18803763467691
8,-7,6.98205384712492
8,-6,5.024620628470185
8,-6,5.18356754821979
8,-6,1.8710850767585052
8,-6,7.459559825177275
8,-6,1.6500000000000001
8,-6,2.802247499310741
8,-6,10.954042105710968
8,-6,4.203701504028054
8,-6,1.6500000000000001
8,-6,5.598900769987255
8,-6,3.2891785190098686
8,-6,2.5415997810991584
8,-6,5.478679423223964
8,-6,4.9478911789837365
8,-6,1.6500000000000001
8,-6,8.450148643982232
8,-6,9.769322588025528
8,-6,7.826695981465322
8,-6,11.72947142290921
8,-6,8.405030609999958
8,-6,8.690430263991988
8,-6,14.910026483747462
8,-6,6.2371458934159705
8,-6,2.772576048648087
8,-6,6.297303624606832
8,-6,6.741801634960691
8,-6,8.53252883496949
8,-6,5.580169002252481
8,-6,3.097925282521241
8,-6,5.482492731447238
8,-6,5.095838920592387
8,-6,3.285926709318318
8,-6,5.310608917215463
8,-6,4.591253387337341
8,-6,1.6500000000000001
8,-6,11.611318840132352
8,-6,11.270411321805838
8,-6,4.650904985449919
8,-6,8.589665725935337
8,-6,5.6114427196353525
8,-6,2.713165085436705
8,-6,5.601175522844594
8,-6,3.9985097487435457
8,-6,4.137151584012119
8,-6,5.865674354905208
8,-6,1.6500000000000001
8,-6,13.142753813795775
8,-6,4.8638251485047705
8,-6,15.127538559303865
8,-6,9.594732164781465
8,-6,1.6500000000000001
8,-6,3.322997103616939
8,-6,4.798423798927876
8,-6,6.670481705907561
8,-6,2.798449454574364
8,-6,11.078336878292543
8,-6,6.241741272304872
8,-6,6.549168888892109
8,-6,1.828553153182686
8,-6,4.062630756601291
8,-6,4.567143417768051
8,-5,8.336397457575298
8,-5,3.434868861924425
8,-5,1.6500000000000001
8,-5,6.882249790031937
8,-5,7.946151593231603
8,-5,4.703804288909736
8,-5,6.519033723296433
8,-5,6.428837143548305
8,-5,4.519907309992294
8,-5,1.6500000000000001
8,-5,1.6500000000000001
8,-5,1.6500000000000001
8,-5,1.6500000000000001
8,-5,1.6659257810819086
8,-5,4.384425304839075
8,-5,3.6248843954223364
8,-5,2.2987996831090105
8,-5,11.421107109775058
8,-5,3.452538908849028
8,-5,5.668264644287094
8,-5,4.348657599940495
8,-5,7.522564191438344
8,-5,12.3098387285155
8,-5,6.227330267621631
8,-5,7.303249012769492
8,-5,4.941795149042103
8,-5,8.989857980891228
8,-5,9.760636324019519
8,-5,3.0564187492741413
8,-5,4.6488248478863206
8,-5,3.281672228692142
8,-5,6.560862620331184
8,-5,4.284500998743736
8,-5,6.058506310326424
8,-5,5.643669697853597
8,-5,1.6819085787727173
8,-5,4.714371666446473
8,-5,6.501781973298073
8,-5,3.0787167250905254
8,-5,6.634732389407805
8,-5,5.44917130131385
8,-5,3.0383115949340898
8,-5,3.2511768687754303
8,-5,3.319554777996239
8,-5,4.64714948798004
8,-5,1.6500000000000001
8,-5,4.808837196964186
8,-5,4.798806785923804
8,-5,2.9346665592075354
8,-5,3.1922508148123
8,-5,2.9260828237359755
8,-5,8.586495756754209
8,-5,5.8676823757350824
8,-5,5.197597017218383
8,-5,6.648019761064779
8,-5,8.203693515319634
8,-5,9.995312338289686
8,-5,4.857998987339371
8,-5,11.745872454699068
8,-5,6.531738575849919
8,-4,3.346035232075957
8,-4,6.780875077451576
8,-4,5.06543473707722
8,-4,7.457006014453217
8,-4,5.182943016704284
8,-4,3.4163574906452254
8,-4,1.6500000000000001
8,-4,6.582465401609651
8,-4,7.3753493783855735
8,-4,6.149768838868367
8,-4,2.9377575631145283
8,-4,7.111702324970687
8,-4,8.47986614499901
8,-4,2.747513056970517
8,-4,8.18272515598747
8,-4,3.1221267919097944
8,-4,4.490561660732709
8,-4,1.6546860342739476
8,-4,1.6500000000000001
8,-4,4.130485904006036
8,-4,1.6500000000000001
8,-4,8.01972378849919
8,-4,7.430145118181485
8,-4,5.414314410491698
8,-4,6.243737185754382
8,-4,4.104419567199937
8,-4,6.684547807288964
8,-4,11.006279783109434
8,-4,5.577170466040828
8,-4,7.630851053245822
8,-4,1.6500000000000001
8,-4,7.985500965584003
8,-4,6.734645571265569
8,-4,5.502144770007201
8,-4,2.6346684848233295
8,-4,3.982235460500531
8,-4,8.010317905876878
8,-4,2.437736642310956
8,-4,1.6500000000000001
8,-4,4.590119845312987
8,-4,8.198303421292307
8,-4,4.699055373301496
8,-4,3.874297182308937
8,-4,8.305984600246394
8,-4,4.476065750838345
8,-4,1.6500000000000001
8,-4,7.02481711148361
8,-4,8.023397057000503
8,-4,4.893841930712983
8,-4,2.0467136524172456
8,-4,1.6500000000000001
8,-4,13.7689536575737
8,-4,7.5080177423502725
8,-4,1.6500000000000001
8,-4,10.679346128402356
8,-4,2.5055572456737454
8,-4,5.82632670662535
8,-4,4.424843113225747
8,-4,8.312837496310602
8,-4,4.019100985035715
8,-4,3.68353471115564
7,-4,8.006615909797732
7,-4,11.523495196606913
7,-4,10.767024276111226
7,-4,5.780821637902723
7,-4,9.791361337187094
7,-4,8.015994923085461
7,-4,5.509415348996989
7,-4,14.712124964736564
7,-4,3.6029435588630387
7,-4,3.598833236834531
7,-4,1.6500000000000001
7,-4,4.9010369918671435
7,-4,5.563163426359502
7,-4,6.6594448100686945
7,-4,6.996059792621752
7,-4,7.1881201748150865
7,-4,5.579358091502501
7,-4,3.8129759530057354
7,-4,11.747986069570082
7,-4,5.186568310874021
7,-4,4.034201548736465
7,-4,6.851693592372996
7,-4,3.8833547595626747
7,-4,6.484346098299406
7,-4,4.985877372334974
7,-4,6.547515176546548
7,-4,10.067777130776587
7,-4,9.032948788339196
7,-4,9.123432201994184
7,-4,12.659613173816105
7,-4,3.2529455024133895
7,-4,5.673863683489618
7,-4,4.595510220773168
7,-4,6.467094569214586
7,-4,7.774695325213294
7,-4,5.275848385178592
7,-4,9.84594291599031
7,-4,8.819762900804534
7,-4,4.8533238514839105
7,-4,8.949815563960417
7,-4,7.537980670902922
7,-4,1.8038438141931938
7,-4,1.6500000000000001
7,-4,6.808592495941203
7,-4,7.969441220406489
7,-4,5.166310220566525
7,-4,2.175439433837199
7,-4,6.407657525291874
7,-4,3.3835967819588917
7,-4,1.7911569025508953
7,-4,4.120254866764411
7,-4,6.579426002314622
7,-4,4.690869020464911
7,-4,4.799495373265757
7,-4,7.536963914451876
7,-4,2.94267970302615
7,-4,4.571721852017701
7,-4,11.288984213362511
7,-4,7.4710187146280065
7,-4,1.6500000000000001
7,-4,4.776908474262231
7,-5,2.6725574754733437
7,-5,5.0095703707737105
7,-5,10.528523029802232
7,-5,4.384237801948888
7,-5,11.076084069201514
7,-5,10.312677942567502
7,-5,7.492451331219202
7,-5,15.516042797587884
7,-5,8.319355115213865
7,-5,5.421775193732868
7,-5,1.6500000000000001
7,-5,8.569668815463537
7,-5,5.5058301222321635
7,-5,1.6500000000000001
7,-5,6.352167538882692
7,-5,10.877400366478266
7,-5,6.72053693198964
7,-5,6.909124060600496
7,-5,5.602748645558787
7,-5,5.796862953550387
7,-5,7.693839695151913
7,-5,7.242072898564742
7,-5,5.950015684844121
7,-5,8.079057839093577
7,-5,10.694195530120062
7,-5,6.776541589747984
7,-5,5.837998118030353
7,-5,2.983034409426567
7,-5,2.68594453685152
7,-5,7.656797331634063
7,-5,13.82600135606351
7,-5,1.6500000000000001
7,-5,2.344371609779043
7,-5,7.719177938261884
7,-5,4.524307008114248
7,-5,7.3118200102967155
7,-5,4.8432534489132575
7,-5,6.655179990195008
7,-5,11.26920125453844
7,-5,10.136589742706857
7,-5,9.091511815580063
7,-5,7.953873221712557
7,-5,6.8044210175873365
7,-5,1.6500000000000001
7,-5,4.462289946165998
7,-5,6.268634044704536
7,-5,10.119553743130574
7,-5,5.086406878686264
7,-5,5.454001244139189
7,-5,6.253625425606261
7,-5,7.527438190943567
7,-5,7.301287661331724
7,-5,6.792377319141153
7,-5,5.03030977547787
7,-5,4.527774478429844
7,-5,1.6500000000000001
7,-5,1.6500000000000001
7,-5,6.229079384467138
7,-5,5.769227498555724
7,-5,4.9046539015225346
7,-4,1.6500000000000001
7,-4,7.454746283514026
7,-4,4.567663122385553
7,-4,4.986246358320136
7,-4,8.933409988273636
7,-4,6.915844593949977
7,-4,6.851632132750265
7,-4,8.640060559743608
7,-4,9.980592981713597
7,-4,2.073966193404236
7,-4,11.224972488191913
7,-4,3.6896641080077366
7,-4,7.391332031393481
7,-4,12.660737632793662
7,-4,7.831740476551565
7,-4,1.6500000000000001
7,-4,4.300598746965592
7,-4,7.343245587070166
7,-4,8.792223915000328
7,-4,3.944828793880788
7,-4,1.6500000000000001
7,-4,7.5606807431301934
7,-4,8.47886708220994
7,-4,4.931990748550743
7,-4,5.317507048032622
7,-4,4.762712853189627
7,-4,2.3620601661105374
7,-4,4.465281087038051
7,-4,1.6500000000000001
7,-4,9.367568848149965
7,-4,3.9747940611427013
7,-4,3.1156293775129087
7,-4,8.922562140203755
7,-4,3.30676574726311
7,-4,1.6500000000000001
7,-4,7.628397118343889
7,-4,7.269529247140933
7,-4,2.032964831195267
7,-4,10.144028328104381
7,-4,2.8741456210834535
7,-4,5.213300058845512
7,-4,5.926577841984872
7,-4,17.854888461706906
7,-4,4.543242589193081
7,-4,4.8566034934558076
7,-4,3.045658801419357
7,-4,4.406793465488802
7,-4,6.353083457291773
7,-4,10.048339375838623
7,-4,4.54275146114008
7,-4,9.058350929827514
7,-4,14.334787727039783
7,-4,6.923645200373944
7,-4,2.983509918388032
7,-4,6.007543413437513
7,-4,6.482295687679982
7,-4,1.6500000000000001
7,-4,5.389104825948541
7,-4,4.012407943524381
7,-4,3.6588053045650644
7,-4,5.463188566957083
8,-4,4.588705007942854
8,-4,5.8146213936391415
8,-4,7.039227137914401
8,-4,2.7608515923442307
8,-4,4.533012081142728
8,-4,5.780539912405779
8,-4,11.533945406421651
8,-4,5.980367106683959
8,-4,9.308249028188943
8,-4,2.9653070598785867
8,-4,1.6500000000000001
8,-4,3.450095110549903
8,-4,12.899801840924173
8,-4,3.005169997326034
8,-4,1.6500000000000001
8,-4,4.667747293142302
8,-4,4.80316974876534
8,-4,5.335585352217712
8,-4,12.254174135306984
8,-4,2.833730098302116
8,-4,4.962341869864611
8,-4,10.569656374852137
8,-4,9.074424481477628
8,-4,8.752944387625353
8,-4,1.6500000000000001
8,-4,4.707302737801881
8,-4,9.060776125315089
8,-4,8.490721913451786
8,-4,1.6500000000000001
8,-4,4.735592146364171
8,-4,1.6500000000000001
8,-4,5.324699697706183
8,-4,1.6500000000000001
8,-4,3.0189945954562836
8,-4,7.235172662877264
8,-4,8.809784968540711
8,-4,2.428594078345501
8,-4,6.022882885360456
8,-4,1.6500000000000001
8,-4,6.312163899394083
8,-4,11.719231600673128
8,-4,8.96809633302047
8,-4,5.341609438438195
8,-4,1.9954320689706617
8,-4,8.48018813895133
8,-4,5.0762140426246045
8,-4,9.236025736974154
8,-4,14.500410351536601
8,-4,2.5323560039421436
8,-4,7.352368713325261
8,-4,3.709826964368034
8,-4,4.35063465810325
8,-4,4.06269491701284
8,-4,6.128396886548873
8,-4,4.131179211340007
8,-4,9.501756756979164
8,-4,9.008428270186723
8,-4,3.5338897084120022
8,-4,2.645298931660579
8,-4,4.81545183521434
7,-4,5.980653880702548
7,-4,2.4914889613114752
7,-4,5.014072499793215
7,-4,6.844062417501057
7,-4,3.678362276868646
7,-4,2.454884580732071
7,-4,2.5842460735900055
7,-4,3.9861351566272476
7,-4,10.027839017556225
7,-4,2.7859567866863535
7,-4,12.036523679832435
7,-4,5.322575483877754
7,-4,10.644382615214067
7,-4,10.350035968113717
7,-4,6.059832073347482
7,-4,7.48224447718102
7,-4,6.723033449751231
7,-4,4.39825622417387
7,-4,8.453921729250153
7,-4,3.927886148739054
7,-4,3.906017983877025
7,-4,7.42912203057546
7,-4,1.6500000000000001
7,-4,4.242077828625628
7,-4,13.47512428753263
7,-4,9.565928037886234
7,-4,3.182138319997883
7,-4,8.501355387024788
7,-4,5.664408050949081
7,-4,6.5553151450303755
7,-4,8.018991559275133
7,-4,10.000265583406248
7,-4,5.033259077981445
7,-4,1.6500000000000001
7,-4,5.33263604933125
7,-4,6.634218209964017
7,-4,4.306642774855761
7,-4,5.172875159463503
7,-4,5.563809361319239
7,-4,6.8147087774988
7,-4,1.6500000000000001
7,-4,3.0711587624184333
7,-4,5.982147250789951
7,-4,11.286537045632507
7,-4,12.60329874393781
7,-4,6.342685576491937
7,-4,4.821490631588231
7,-4,7.672973266035588
7,-4,9.844150965160928
7,-4,9.413284853453398
7,-4,7.913928318115076
7,-4,4.229922122970509
7,-4,8.777610659746985
7,-4,9.756377228729741
7,-4,4.08166612909271
7,-4,2.116055069357245
7,-4,1.6500000000000001
7,-4,6.437794896593234
7,-4,10.1417388195181
7,-4,6.716978015537174
7,-4,11.554720415444898
6,-4,9.25156041733576
6,-4,9.462776721189469
6,-4,7.590048841603592
6,-4,6.6056277667263
6,-4,9.232623918719764
6,-4,3.8770851694914215
6,-4,7.189739177362691
6,-4,10.917072051839103
6,-4,1.6500000000000001
6,-4,3.087963883095888
6,-4,9.102212666049192
6,-4,3.518070527602034
6,-4,7.508795855478683
6,-4,15.061037343273885
6,-4,8.215596613739013
6,-4,11.641419956708685
6,-4,9.090828756475373
6,-4,5.074242507349945
6,-4,9.472044875916875
6,-4,4.25791760360769
6,-4,8.626224508970735
6,-4,9.84739680854358
6,-4,9.546350745403771
6,-4,6.271203562951537
6,-4,12.637343363378871
6,-4,4.608005534515126
6,-4,9.609127873106262
6,-4,2.9738949539206976
6,-4,6.587467327904646
6,-4,6.496552243873821
6,-4,1.6500000000000001
6,-4,1.9257095147781733
6,-4,1.6500000000000001
6,-4,8.929033724355108
6,-4,8.272139652779062
6,-4,4.434069860359208
6,-4,9.108199777861747
6,-4,1.6500000000000001
6,-4,11.669383765253585
6,-4,6.044819221165593
6,-4,4.144832604394818
6,-4,7.734775432638553
6,-4,4.042404865987438
6,-4,7.333724269543339
6,-4,7.921494719559037
6,-4,4.164486618618005
6,-4,10.107091396063591
6,-4,8.726459967985635
6,-4,5.193006496424529
6,-4,8.106988493822719
6,-4,7.578524156716348
6,-4,6.255924925610319
6,-4,1.6500000000000001
6,-4,3.862679714299377
6,-4,6.202563185248384
6,-4,8.878567462057513
6,-4,10.977505703850486
6,-4,8.421321556515476
6,-4,10.411342753192121
6,-4,8.133997476141083
6,-4,5.169467703974597
6,-3,1.6500000000000001
6,-3,8.60201970669804
6,-3,6.019652944481983
6,-3,3.0293552718709393
6,-3,5.931349248066828
6,-3,3.7657340460720423
6,-3,6.377269650190055
6,-3,3.2974884778513887
6,-3,5.87949949662138
6,-3,5.213228600249703
6,-3,5.956714004436864
6,-3,4.631475052009126
6,-3,3.6825992082742482
6,-3,6.58177264536826
6,-3,6.238372812962877
6,-3,9.489988846936349
6,-3,10.64566142305722
6,-3,6.863471545889692
6,-3,7.495685347892255
6,-3,10.714020406192803
6,-3,3.866362214107726
6,-3,7.746748950084523
6,-3,8.627387146535808
6,-3,6.556422648437497
6,-3,8.998785549352727
6,-3,7.110147230269089
6,-3,8.802548309059429
6,-3,6.99851026488987
6,-3,1.6500000000000001
6,-3,9.500860159582773
6,-3,10.439475999679335
6,-3,5.874915336790757
6,-3,6.427303553676082
6,-3,8.915428292367793
6,-3,1.6500000000000001
6,-3,3.5000551886399314
6,-3,7.175600739114452
6,-3,7.957797272982231
6,-3,6.270418371898524
6,-3,6.996838078831662
6,-3,8.940647810560794
6,-3,7.361363199813379
6,-3,11.55750498073373
6,-3,2.0953459257304514
6,-3,3.3385156360692285
6,-3,6.905166013811601
6,-3,6.626893010614995
6,-3,1.7285946551046303
6,-3,13.97674041245967
6,-3,7.201577628798848
6,-3,1.6500000000000001
6,-3,10.746082788298137
6,-3,5.395104365448662
6,-3,4.189674640392841
6,-3,3.8516574218291546
6,-3,8.697294064781016
6,-3,7.808670379945792
6,-3,9.175452223519212
6,-3,7.703690640300838
6,-3,6.6972469105839005
5,-3,9.684142138043498
5,-3,6.006708170899008
5,-3,13.097842019299453
5,-3,12.885093759689997
5,-3,3.498886721998035
5,-3,3.4472756367452138
5,-3,1.6500000000000001
5,-3,9.443261679238098
5,-3,9.623457418292775
5,-3,8.357501364164577
5,-3,3.88458440147163
5,-3,11.707577830333866
5,-3,7.36532799591081
5,-3,6.688657943654218
5,-3,8.661694964255895
5,-3,2.2526121016509
5,-3,5.595717721782239
5,-3,1.6500000000000001
5,-3,6.702352175270535
5,-3,7.32004780324182
5,-3,15.168057363826051
5,-3,6.435911936296348
5,-3,2.8042411264900435
5,-3,3.958751954418098
5,-3,1.6500000000000001
5,-3,8.302057946807988
5,-3,4.298661025655911
5,-3,8.15135786120302
5,-3,6.5102630850184
5,-3,4.635765562922417
5,-3,10.309193707456135
5,-3,16.442400604000277
5,-3,2.295582914215643
5,-3,3.4747450008345946
5,-3,8.771943373960784
5,-3,4.921827495663696
5,-3,11.719226960937343
5,-3,1.6500000000000001
5,-3,9.12585225347599
5,-3,2.2632562592011274
5,-3,8.869754768265627
5,-3,6.339805994384169
5,-3,8.123601586807627
5,-3,5.679386664544534
5,-3,11.115689258067253
5,-3,6.09855284913204
5,-3,9.804677340006947
5,-3,7.737000245486616
5,-3,6.118081468685728
5,-3,7.943635269888096
5,-3,8.03990488618132
5,-3,8.013486920172218
5,-3,9.549397328303668
5,-3,5.564507593035395
5,-3,13.53518164560549
5,-3,12.699757821248944
5,-3,3.266338071453113
5,-3,6.685071098040772
5,-3,5.652370252944469
5,-3,4.2668052680355
5,-3,8.77242472987741
4,-3,15.159269176412518
4,-3,5.121155608741705
4,-3,1.6500000000000001
4,-3,17.518256151810775
4,-3,9.871710401923089
4,-3,12.3290439534753
4,-3,3.1988660619715663
4,-3,3.9613542320989383
4,-3,10.936046976333401
4,-3,6.987584684885469
4,-3,11.12306182087534
4,-3,7.700571603295582
4,-3,10.300379215773738
4,-3,1.6500000000000001
4,-3,13.357068614637024
4,-3,6.992165131000815
4,-3,4.128431720033697
4,-3,10.19274075166506
4,-3,6.045338217418291
4,-3,6.700145142182712
4,-3,14.904402978382507
4,-3,8.775383675928442
4,-3,8.677383768874032
4,-3,8.787416477279862
4,-3,6.708789896133203
4,-3,8.181140822091054
4,-3,6.638476966292113
4,-3,1.6500000000000001
4,-3,12.783717911717542
4,-3,4.847446856489425
4,-3,11.362289252991278
4,-3,1.6500000000000001
4,-3,7.818872805320819
4,-3,2.236863654512387
4,-3,9.950796402219797
4,-3,6.118976506029165
4,-3,11.840687704448857
4,-3,2.0544867400241493
4,-3,6.534452523597732
4,-3,4.587700682996431
4,-3,3.032844192781809
4,-3,11.646511734463557
4,-3,6.779404265633951
4,-3,4.871116063287294
4,-3,6.994122823971492
4,-3,7.968717604088474
4,-3,6.100042249559695
4,-3,5.576162208868293
4,-3,10.891465191622329
4,-3,14.25410542962306
4,-3,11.523726038414072
4,-3,10.954815706965386
4,-3,8.53835512097524
4,-3,4.990857085677376
4,-3,9.99503624537635
4,-3,10.87434932567223
4,-3,3.357993161206385
4,-3,4.288052182264726
4,-3,6.377317694098511
4,-3,4.669937697205025
4,-2,7.159779129744832
4,-2,11.727966476041658
4,-2,6.4208984632641695
4,-2,14.2641192077552
4,-2,11.040279767038083
4,-2,8.198942676842096
4,-2,11.055484638981223
4,-2,1.6500000000000001
4,-2,5.521972975793883
4,-2,13.204018700687877
4,-2,6.701273413780296
4,-2,6.033905628446193
4,-2,9.41983152481796
4,-2,7.456309534522418
4,-2,6.786937608942507
4,-2,8.146191669526132
4,-2,7.865031993284669
4,-2,9.974822774846643
4,-2,9.655796497178738
4,-2,8.007063597653563
4,-2,2.3938896021409892
4,-2,8.606976869924363
4,-2,14.603132542854663
4,-2,7.290780726551906
4,-2,8.735362930521152
4,-2,4.663494277783189
4,-2,6.030309616698051
4,-2,5.198974310847484
4,-2,11.683051259115235
4,-2,8.148526360543817
4,-2,5.313100689620616
4,-2,7.214423669744838
4,-2,5.1857199680736965
4,-2,6.1985640422778125
4,-2,5.666488789738375
4,-2,10.168331015749212
4,-2,8.441550095578954
4,-2,8.615067388228884
4,-2,1.6500000000000001
4,-2,10.850592474649979
4,-2,10.877578930123557
4,-2,1.6500000000000001
4,-2,5.049831552243007
4,-2,2.145652618306725
4,-2,1.6500000000000001
4,-2,3.900377929924776
4,-2,9.133710240022317
4,-2,5.483915987712206
4,-2,5.632055224895991
4,-2,5.37877932123901
4,-2,3.401795036189009
4,-2,3.321067381993918
4,-2,7.813791821241684
4,-2,7.782289371644743
4,-2,5.49165582056557
4,-2,5.8560600396699245
4,-2,7.477682815662578
4,-2,7.877896203768791
4,-2,6.72300145970718
4,-2,4.510278192855845
4,-2,13.877045193348287
4,-1,9.918661633463808
4,-1,6.627288099179694
4,-1,11.178939224205886
4,-1,7.279140523900326
4,-1,8.758072028957633
4,-1,10.982439740593119
4,-1,1.8870015712555848
4,-1,8.613015207702164
4,-1,3.2600847068403436
4,-1,7.304198587013744
4,-1,12.650356541000015
4,-1,11.45966931091101
4,-1,6.987432367897895
4,-1,8.081814758782297
4,-1,7.137235800021713
4,-1,4.55601977911893
4,-1,5.500909122068417
4,-1,5.451746344659197
4,-1,5.316235455056807
4,-1,11.501830140944076
4,-1,5.925952678044597
4,-1,5.598447019389113
4,-1,11.02122813233103
4,-1,9.24044279441253
4,-1,12.699564545642541
4,-1,3.7364333932186087
4,-1,5.543860522577545
4,-1,4.64869048986764
4,-1,9.286056222585241
4,-1,5.356792489554346
4,-1,11.386003634086965
4,-1,12.342377304043973
4,-1,4.777158698916168
4,-1,9.360762741543432
4,-1,6.173270408629725
4,-1,8.105949916040935
4,-1,9.030096553001199
4,-1,5.6845403621046895
4,-1,2.237818356057028
4,-1,7.683919007897929
4,-1,4.855525335438228
4,-1,10.759495535158232
4,-1,11.168533528397154
4,-1,11.98538044128934
4,-1,6.930032046700895
4,-1,9.722099893331507
4,-1,5.181912189883311
4,-1,6.94992199295416
4,-1,10.897348695579293
4,-1,4.769244706460949
4,-1,8.399164835199443
4,-1,8.67915585523613
4,-1,7.9666452012584275
4,-1,5.8890080029708685
4,-1,1.6500000000000001
4,-1,8.35882620898541
4,-1,5.823109248736862
4,-1,6.844357385284918
4,-1,6.253301873049743
4,-1,7.995059516602936
4,-1,7.29349611322765
5,-1,1.6500000000000001
5,-1,4.136523245195014
5,-1,9.630762357633161
5,-1,6.270825268764975
5,-1,10.570486823897067
5,-1,4.671050539339269
5,-1,12.44663622666697
5,-1,3.8668203814297377
5,-1,1.6500000000000001
5,-1,1.6500000000000001
5,-1,3.5716631234066614
5,-1,8.590057121055752
5,-1,10.917824771639674
5,-1,9.978235444185708
5,-1,10.854965294611606
5,-1,1.6500000000000001
5,-1,10.444974619752678
5,-1,7.440774693618664
5,-1,10.550011645071683
5,-1,6.231080195460491
5,-1,2.7035080189925464
5,-1,12.834252543354921
5,-1,4.858358941654224
5,-1,9.658732562268506
5,-1,3.2218876820035915
5,-1,12.112668455594502
5,-1,5.314607649793022
5,-1,7.7491185689474955
5,-1,6.50382805608416
5,-1,5.308711240009674
5,-1,7.6308931546668255
5,-1,6.91877432658891
5,-1,6.5426856842881636
5,-1,4.317571581679516
5,-1,7.033149808387812
5,-1,8.135142461315077
5,-1,2.759859260094326
5,-1,7.06450732817633
5,-1,3.630920920058404
5,-1,6.130195813362007
5,-1,8.515177118034588
5,-1,9.00099417116962
5,-1,11.378402751747856
5,-1,10.720410043769876
5,-1,11.523465895230835
5,-1,10.739014182033563
5,-1,7.5218867923717
5,-1,5.669209664295128
5,-1,11.797518299831934
5,-1,4.249491686270915
5,-1,9.539766870840332
5,-1,6.1321906517906415
5,-1,5.046134646789178
5,-1,4.321796098565226
5,-1,8.983496340103741
5,-1,12.14964164673527
5,-1,12.766608118885202
5,-1,6.243882783433714
5,-1,10.963469358217246
5,-1,6.170001645520825
4,-1,7.7812907197417625
4,-1,6.117968364636244
4,-1,9.728493393729106
4,-1,6.176420186178722
4,-1,8.227616798285679
4,-1,8.684491663136946
4,-1,14.125707387644534
4,-1,2.1579730932137418
4,-1,15.811329832905722
4,-1,6.57184198877816
4,-1,11.322346215199449
4,-1,14.014214533922694
4,-1,10.619217082913096
4,-1,5.633371773602945
4,-1,10.054651840641549
4,-1,6.472436507469377
4,-1,8.01817750052008
4,-1,10.224862131521512
4,-1,5.725116674962612
4,-1,12.071554333514072
4,-1,4.663734434928576
4,-1,8.235578594979497
4,-1,11.280214177722982
4,-1,6.82641430251823
4,-1,10.099339442371704
4,-1,6.399000071580987
4,-1,7.198010751262397
4,-1,3.9301981976531946
4,-1,6.870220998772527
4,-1,9.09330301964421
4,-1,7.945541696040572
4,-1,3.8052275962784154
4,-1,4.875370855110488
4,-1,5.6772990141769615
4,-1,8.546965930732554
4,-1,12.833232274710667
4,-1,3.6713400158722456
4,-1,4.1182841021871965
4,-1,9.19241184297889
4,-1,3.8256577707883905
4,-1,3.5385205871600167
4,-1,6.33139061948172
4,-1,8.105558741238092
4,-1,8.819184136823944
4,-1,8.800799770595669
4,-1,9.267782894886118
4,-1,5.948337784158612
4,-1,6.27804357131915
4,-1,9.015915962551448
4,-1,10.921457207413969
4,-1,5.395089696472429
4,-1,5.518460594404433
4,-1,4.853758756164272
4,-1,10.391089179610631
4,-1,8.897355092516477
4,-1,8.94593686365684
4,-1,10.751246969777029
4,-1,1.6500000000000001
4,-1,10.49401876825442
4,-1,8.393560765539963
4,-1,9.863833100547808
3,-1,4.531839395454611
3,-1,8.212263745377843
3,-1,10.202165618016402
3,-1,9.944449360496833
3,-1,13.394065986142897
3,-1,12.621949191192346
3,-1,6.937321121820313
3,-1,6.92882056906406
3,-1,11.770789458356958
3,-1,9.67176611353997
3,-1,5.764906325432177
3,-1,5.8876735277678645
3,-1,7.333205046250408
3,-1,9.369940508455462
3,-1,7.343136436934121
3,-1,7.97497267240966
3,-1,10.007929567451784
3,-1,7.797795351389103
3,-1,6.860032880471709
3,-1,6.396674486124652
3,-1,8.601686700279494
3,-1,4.39299816814264
3,-1,7.777038843795471
3,-1,10.47108906282109
3,-1,7.132780087570958
3,-1,5.276250092229453
3,-1,11.292987792999654
3,-1,9.595871755957585
3,-1,13.433216239333156
3,-1,6.640967119084365
3,-1,5.687929623148998
3,-1,6.295473699283283
3,-1,9.081418841421236
3,-1,9.985493438631087
3,-1,10.30016188610662
3,-1,5.686065172750832
3,-1,7.288371111045789
3,-1,11.538072270124504
3,-1,9.17227936118166
3,-1,4.839358890118066
3,-1,7.038092806562941
3,-1,6.991128380790506
3,-1,4.249707608998245
3,-1,4.2852943758625415
3,-1,9.153551765976545
3,-1,4.186779014699333
3,-1,5.643032388059414
3,-1,1.6500000000000001
3,-1,7.677672041949285
3,-1,2.358368478316579
3,-1,9.258485984562409
3,-1,11.93257708738361
3,-1,3.931676487664741
3,-1,4.203865472999572
3,-1,8.326209477085088
3,-1,5.236696148855907
3,-1,8.781762710413483
3,-1,8.084668235015753
3,-1,8.03699540568558
3,-1,14.494090245689797
3,-1,5.722406935917915
2,-1,5.194545950920136
2,-1,9.272355274537707
2,-1,7.586228159032965
2,-1,9.246444323861782
2,-1,4.455639582682389
2,-1,7.050599657457598
2,-1,7.01958962867843
2,-1,7.681178831737627
2,-1,5.9061078839652845
2,-1,8.03628559015254
2,-1,3.6375847469153193
2,-1,5.824175491431708
2,-1,5.587232289420874
2,-1,9.332335625246028
2,-1,8.650006915936325
2,-1,8.210134528664454
2,-1,10.20364672419043
2,-1,3.554130360518169
2,-1,9.653851338040203
2,-1,10.423453300801695
2,-1,10.091461336099552
2,-1,5.187104125099151
2,-1,8.061560655994578
2,-1,8.414774154539787
2,-1,11.658584798819119
2,-1,3.7389987354630874
2,-1,11.626267648655194
2,-1,5.708344193407738
2,-1,8.751346114282608
2,-1,9.89198553202133
2,-1,10.285871685637046
2,-1,16.55593555032302
2,-1,7.680829480637172
2,-1,6.160637311435873
2,-1,8.275227534780482
2,-1,6.805154322064087
2,-1,7.345765386788641
2,-1,11.372230650418988
2,-1,7.806078900627086
2,-1,9.748006285560603
2,-1,3.856537352258461
2,-1,8.431707724815356
2,-1,10.536269560497377
2,-1,7.102197200134783
2,-1,8.832782849586039
2,-1,7.974679529330604
2,-1,7.685677782386799
2,-1,12.23156731404224
2,-1,7.903402627116242
2,-1,13.06484100948552
2,-1,12.290956995692373
2,-1,7.963973835553245
2,-1,5.358672973091524
2,-1,8.184458935883516
2,-1,7.313068507775242
2,-1,11.251210446062341
2,-1,7.887616704472732
2,-1,6.3870713107068084
2,-1,6.381431232870847
2,-1,13.826103466464865
2,0,10.837841631748555
2,0,6.673082243737582
2,0,8.543512563034973
2,0,8.21976889058052
2,0,24.07836918374249
2,0,11.443744980589969
2,0,9.604081808721311
2,0,6.705458837906445
2,0,12.714083421610862
2,0,9.088329184683184
2,0,11.317904776947376
2,0,9.845891687749207
2,0,9.293070442944058
2,0,5.3339973607026305
2,0,9.939946990670556
2,0,6.343466917733915
2,0,11.41115750810531
2,0,14.348788964566833
2,0,3.902254635951922
2,0,10.188480083156655
2,0,11.676099156991883
2,0,12.956055052340854
2,0,11.04959730426398
2,0,18.62232883659719
2,0,16.575415120739937
2,0,10.853329754455062
2,0,13.308292077748986
2,0,5.9003661632001805
2,0,10.61477649189236
2,0,11.405450009055933
2,0,13.118376746448664
2,0,7.558126676136435
2,0,8.578998914483002
2,0,15.314808739179341
2,0,14.521810561379159
2,0,8.880550107677765
2,0,8.118152343214438
2,0,14.93583106263678
2,0,4.045430429630998
2,0,5.404609019962232
2,0,6.156789463695357
2,0,6.394995376598091
2,0,11.055277376971421
2,0,18.420048344581655
2,0,6.4334160202992
2,0,8.41199889613694
2,0,8.024124777619843
2,0,9.840911284473908
2,0,12.620367809901065
2,0,10.179016633648404
2,0,8.551439017308695
2,0,9.960017710086206
2,0,9.660746845953463
2,0,7.194867081889425
2,0,4.100671740911204
2,0,5.851578275638763
2,0,7.529780507340136
2,0,16.499602683457855
2,0,10.565756396926279
2,0,10.808208181225556
2,0,9.578152265381506
2,1,8.463142993902594
2,1,5.7065221523453795
2,1,14.080348132440133
2,1,11.204599229561241
2,1,2.494177209465751
2,1,7.304136108026264
2,1,10.175408123094119
2,1,9.807857023386724
2,1,10.184483469781274
2,1,8.491838553123722
2,1,7.21059788523357
2,1,9.878796333851415
2,1,17.723177244032897
2,1,7.1464108628931236
2,1,9.085054266936877
2,1,9.808897710395986
2,1,11.62538331352252
2,1,9.673670862469683
2,1,7.552220749948454
2,1,7.307466154706086
2,1,8.233589470566166
2,1,3.133195305228754
2,1,11.803724787655938
2,1,1.6500000000000001
2,1,8.509760960228261
2,1,6.185069241377526
2,1,6.189473553956809
2,1,8.425354331488235
2,1,10.683771510456584
2,1,7.917064386690054
2,1,7.537165021143573
2,1,9.33991485890674
2,1,6.589323309042702
2,1,9.505864189845981
2,1,12.665434000327469
2,1,13.69188663050921
2,1,11.979425486105853
2,1,12.521564386904355
2,1,12.218809032704812
2,1,12.34365682142234
2,1,16.523671116478187
2,1,5.366611598603141
2,1,8.729429967183002
2,1,7.571626701733528
2,1,12.690068756207282
2,1,7.050326541249099
2,1,7.843201463123722
2,1,8.035952837634724
2,1,11.407606667451638
2,1,3.165113443758621
2,1,2.380028714548401
2,1,12.790120301559558
2,1,7.059292029200372
2,1,8.266575781601404
2,1,9.362950429431413
2,1,9.55465413879345
2,1,6.687296565168513
2,1,10.624025334458437
2,1,5.735657372877473
2,1,7.979750566419505
2,2,11.685280428677085
2,2,7.027089529909114
2,2,7.310743131706678
2,2,14.054184703680434
2,2,11.572991474163604
2,2,1.6500000000000001
2,2,4.814325702947796
2,2,18.271013026820082
2,2,5.529947986383785
2,2,9.244517246241807
2,2,7.067540926131572
2,2,9.086826586180774
2,2,8.761067565649235
2,2,15.411195450293638
2,2,7.841231508654451
2,2,7.816032564592728
2,2,6.455095089078114
2,2,11.431606284522388
2,2,8.260543352967632
2,2,7.3639039636299835
2,2,7.790916638512289
2,2,10.283297065598926
2,2,22.72791812862262
2,2,14.560840586951585
2,2,6.503185216187494
2,2,11.513458767436124
2,2,8.630062169788381
2,2,7.7165707558347325
2,2,9.655190202199474
2,2,12.537449770749943
2,2,4.750620941222026
2,2,6.743523139715517
2,2,3.5228255466015836
2,2,10.131300904751997
2,2,6.336723776364856
2,2,8.238032043529612
2,2,14.49562822238814
2,2,6.6552256726283705
2,2,5.021481568462384
2,2,14.008029429091339
2,2,9.906793998808414
2,2,6.559019262279469
2,2,10.234551474561695
2,2,10.9740955400383
2,2,7.610794824015356
2,2,14.02861751822059
2,2,6.3932887420546995
2,2,12.240323890214553
2,2,12.736788386961042
2,2,8.391426629610942
2,2,6.090782049157635
2,2,14.165264618988655
2,2,5.446137890618526
2,2,6.444075595312674
2,2,12.788528338756286
2,2,6.150796214252764
2,2,10.934912601015297
2,2,7.862836630934874
2,2,11.928276230253658
2,2,6.0421942749410595
2,2,11.898981401058409
1,2,9.941645494348005
1,2,11.518404764941035
1,2,16.76214134533427
1,2,6.414137792914074
1,2,11.49391445280536
1,2,12.849431393649887
1,2,9.815506529244683
1,2,4.349184700076218
1,2,12.283299332922109
1,2,8.539650353402264
1,2,9.873905726939935
1,2,8.440988297385967
1,2,8.735491999026838
1,2,6.143384980091934
1,2,15.157798615352634
1,2,13.609615874020701
1,2,6.6292796554819065
1,2,8.287533486142358
1,2,11.1228231014945
1,2,8.910905367933358
1,2,6.8407411574663755
1,2,4.405148665640498
1,2,7.234872642248253
1,2,12.827567827593239
1,2,13.102636807461437
1,2,6.699393906107216
1,2,13.744607902668708
1,2,3.715571011295756
1,2,5.353299740975569
1,2,9.428059806314876
1,2,11.692452349491726
1,2,6.2698273802719005
1,2,4.628765527249238
1,2,7.213862296934489
1,2,11.313849214042408
1,2,9.931093152924612
1,2,3.9308585003575263
1,2,12.83513394235639
1,2,11.620508719814831
1,2,9.778840021323248
1,2,9.403395299738467
1,2,7.708452519272166
1,2,10.583681186799172
1,2,2.2159668452618417
1,2,6.175655710382441
1,2,6.45344043327246
1,2,8.379310399028796
1,2,5.985230258400664
1,2,13.122361060821007
1,2,12.767352130154952
1,2,9.536642857088566
1,2,9.940785473453657
1,2,12.387320774236228
1,2,14.671390026594839
1,2,4.725833886565628
1,2,8.127331495942036
1,2,9.413289576864766
1,2,5.328439776011219
1,2,6.445395733363595
1,2,10.485255142841954
1,2,12.758260587119386
0,2,12.172766231498448
0,2,6.312768701113817
0,2,10.150550220089233
0,2,11.637706703346353
0,2,9.520184947709875
0,2,7.07240849428201
0,2,7.0019839909721275
0,2,7.4958497778445885
0,2,10.86910813679984
0,2,8.531842135056738
0,2,13.35268528572038
0,2,6.876175416727066
0,2,17.812270044258707
0,2,8.64590402746369
0,2,10.956024258809373
0,2,13.799580230391133
0,2,13.697766216697833
0,2,5.567063901539484
0,2,13.831492871287043
0,2,9.899452736175945
0,2,3.63173825888968
0,2,11.094030856511084
0,2,8.82113678722327
0,2,6.345023695652431
0,2,7.379297238484799
0,2,9.147107778548339
0,2,7.85953574986473
0,2,5.859558348041201
0,2,11.593197627970161
0,2,11.45038068026997
0,2,8.998667636148566
0,2,9.618933947332582
0,2,13.864552870712835
0,2,3.7488062443212993
0,2,8.992315891259347
0,2,7.122296193211106
0,2,8.063284587056028
0,2,15.38619389678583
0,2,11.466489610204018
0,2,23.27908513596901
0,2,14.219585864676699
0,2,8.299409043111266
0,2,2.579847651829704
0,2,10.910579190271875
0,2,10.874532282404761
0,2,6.085065556939181
0,2,11.945150115078185
0,2,4.059170338329728
0,2,8.806665394863458
0,2,15.96780140532025
0,2,7.597595680424637
0,2,8.775947819269152
0,2,8.08736033987864
0,2,9.62198843860044
0,2,5.422854802573685
0,2,10.17436712688783
0,2,10.970234435583901
0,2,1.6500000000000001
0,2,6.866682614336442
0,2,1.850151744468655
0,3,15.164946050186675
0,3,8.226059115199783
0,3,6.976534381352274
0,3,7.578143479260815
0,3,13.997373233232313
0,3,6.487789477053486
0,3,7.822798214820224
0,3,10.021955500919363
0,3,1.6500000000000001
0,3,5.458847965727192
0,3,5.9952667171966985
0,3,7.016228905960763
0,3,14.382741532089103
0,3,11.878649168453629
0,3,5.757084376145689
0,3,11.071162188628492
0,3,9.012640195674958
0,3,7.050350296581601
0,3,5.5818937898581895
0,3,8.614919417720328
0,3,8.1136031070116
0,3,6.100621344838562
0,3,9.688223758014816
0,3,5.381091218386021
0,3,11.362895040512049
0,3,5.683415309424967
0,3,9.033926587048226
0,3,4.643979478188329
0,3,8.346173182260372
0,3,10.135808244683599
0,3,3.2300662357680725
0,3,11.591175910762457
0,3,5.5421757139457535
0,3,14.840721736706168
0,3,9.584933834859765
0,3,4.862271567066002
0,3,11.78422200381203
0,3,2.934958223898673
0,3,8.890310629986553
0,3,4.245889198619077
0,3,1.6500000000000001
0,3,10.857886183065949
0,3,9.867241422315136
0,3,7.178552250278397
0,3,11.704606028205019
0,3,10.131840340923517
0,3,9.126575333335154
0,3,8.691046248023438
0,3,12.710045015358027
0,3,13.475439315086792
0,3,14.191224747255326
0,3,9.324159856724172
0,3,11.443837052885037
0,3,14.314252248794867
0,3,10.348348095922507
0,3,9.960914790307822
0,3,4.358130017130588
0,3,8.406588619506948
0,3,8.930490891956882
0,3,7.219816495632463
0,3,14.270547817967577
-1,3,8.550849592353064
-1,3,9.28463294907296
-1,3,5.044051039486187
-1,3,4.933090031993153
-1,3,9.114286638209576
-1,3,7.31570057237431
-1,3,15.16345525315682
-1,3,13.958905164003998
-1,3,11.482758440490205
-1,3,10.48159686469983
-1,3,6.135863506290235
-1,3,6.839154734744171
-1,3,11.727925261743408
-1,3,11.157438288669407
-1,3,9.806785466899738
-1,3,7.414089938117251
-1,3,9.579356237678647
-1,3,6.501887072746713
-1,3,6.398994487191058
-1,3,12.685115311385687
-1,3,7.038304455854538
-1,3,6.9919368379295435
-1,3,6.203091388668725
-1,3,11.338437981052408
-1,3,11.334327817344626
-1,3,9.926737451256233
-1,3,15.333303788414053
-1,3,6.074821768467639
-1,3,8.153589170954083
-1,3,5.689859281341491
-1,3,4.969220491605755
-1,3,8.515087636622384
-1,3,1.6500000000000001
-1,3,6.7580386572287665
-1,3,7.256916498997381
-1,3,9.691397598176108
-1,3,12.242861495890283
-1,3,9.592366915008501
-1,3,12.28169962383629
-1,3,9.524697615824696
-1,3,9.528452110745528
-1,3,3.958344367384554
-1,3,8.233335683939949
-1,3,9.884138919877685
-1,3,8.390607753677827
-1,3,8.52325562567338
-1,3,11.104674076739194
-1,3,7.542704014022067
-1,3,15.359036933391472
-1,3,6.646883789404488
-1,3,8.868036411899642
-1,3,13.998535405995291
-1,3,12.09765656850045
-1,3,10.049392186114934
-1,3,6.96286361034741
-1,3,12.283691178695118
-1,3,8.996551362527924
-1,3,8.290051903593023
-1,3,10.748953368210017
-1,3,5.187996051697748
0,3,3.4351475024307545
0,3,11.748515742842958
0,3,16.522356235159933
0,3,13.78566578523775
0,3,7.690033522694922
0,3,8.851679433635482
0,3,2.17205380613506
0,3,11.16804391338274
0,3,13.245120090903125
0,3,13.557483638606678
0,3,4.159920613571755
0,3,6.655077449337566
0,3,5.6643287438866645
0,3,11.299494031730298
0,3,8.853489257475156
0,3,10.092072099821111
0,3,12.688397047796206
0,3,9.38995482485981
0,3,4.698074756433243
0,3,12.312759835810217
0,3,10.164973955076297
0,3,12.996195404954225
0,3,5.977051606819769
0,3,8.144582210853907
0,3,6.450513499735014
0,3,6.3636918364384325
0,3,6.525490344125245
0,3,10.454296590030554
0,3,7.854151766376139
0,3,6.406254492708489
0,3,11.647246991408517
0,3,8.686921230459692
0,3,16.22545609816524
0,3,13.29668781327236
0,3,12.577660988397628
0,3,8.141634085575738
0,3,8.634135892412306
0,3,9.357579099278503
0,3,11.86064408978149
0,3,13.751654311314903
0,3,6.166446935245532
0,3,15.981790936496585
0,3,9.530896922822587
0,3,12.555107736751566
0,3,11.151134809976647
0,3,7.886828678163562
0,3,6.8243342787633665
0,3,14.255346068173207
0,3,9.985553416892575
0,3,16.766615857005387
0,3,8.781802560444422
0,3,3.607048072511443
0,3,4.989262701684058
0,3,7.666432354780627
0,3,4.3356345188976055
0,3,11.036656638992655
0,3,7.237464939616826
0,3,10.62536052839238
0,3,8.134614925739132
0,3,6.175076933850443
0,3,7.928743336265641
-1,3,8.585005475596345
-1,3,8.889165097719207
-1,3,7.130252541995747
-1,3,6.3048597034967475
-1,3,7.788500185329044
-1,3,8.175198128847404
-1,3,3.0126885513205828
-1,3,2.5782362671340424
-1,3,7.588030071566842
-1,3,9.04573140526235
-1,3,5.51537563491845
-1,3,7.0161245159210655
-1,3,8.812463249162278
-1,3,6.2427557683825805
-1,3,17.52371375934288
-1,3,9.912611200820598
-1,3,6.94347104881179
-1,3,18.96636923949952
-1,3,7.113347013509831
-1,3,13.6603118784009
-1,3,6.170659537973244
-1,3,9.336884368304142
-1,3,6.008868722757824
-1,3,6.777322993475864
-1,3,13.644073107840685
-1,3,6.029877157473342
-1,3,9.975289108743796
-1,3,9.735068695959194
-1,3,5.3079341606157655
-1,3,11.238261293227366
-1,3,4.066428623156943
-1,3,10.11453703605604
-1,3,7.355448548481817
-1,3,11.55929052399537
-1,3,9.215264214381069
-1,3,5.895807059377013
-1,3,16.47194697055233
-1,3,3.8109317682989152
-1,3,5.9592715411081345
-1,3,11.162945524664075
-1,3,5.01076706399747
-1,3,9.46118126124808
-1,3,4.694328906843782
-1,3,7.671430521617761
-1,3,7.039250925368306
-1,3,12.684306151002609
-1,3,10.098454054658358
-1,3,8.36936726585606
-1,3,3.6690045826972617
-1,3,7.3197557515330764
-1,3,8.961965909987976
-1,3,10.85666059599542
-1,3,5.63805376128888
-1,3,8.690431480435102
-1,3,10.534302296045244
-1,3,8.369394790802733
-1,3,5.475674847942841
-1,3,6.838939260549202
-1,3,7.38832607993062
-1,3,5.374233117915062
-1,3,8.295320906610058
-2,3,5.135178285902352
-2,3,8.425317611379276
-2,3,8.781583894123003
-2,3,5.810835513100971
-2,3,14.826900777862008
-2,3,12.689427908038237
-2,3,14.664251150994176
-2,3,7.811866510612205
-2,3,3.9809365443306994
-2,3,6.33088218064862
-2,3,8.149619441565441
-2,3,10.919141370392305
-2,3,12.027421450243715
-2,3,10.105503881534982
-2,3,11.232839269318898
-2,3,4.5432902048167705
-2,3,8.464873227809642
-2,3,12.284070659630492
-2,3,6.909764162374907
-2,3,16.265813616114407
-2,3,7.308436588402184
-2,3,3.2504391393591217
-2,3,5.845323271269304
-2,3,7.347403338354002
-2,3,9.132391456466367
-2,3,8.806862129926383
-2,3,7.889866612537788
-2,3,6.958848049849725
-2,3,6.212332153666731
-2,3,10.923912657848394
-2,3,14.285191306767654
-2,3,8.333719572301565
-2,3,8.89578691047506
-2,3,9.106924182925004
-2,3,15.929035104694805
-2,3,10.214815505060919
-2,3,5.233785406325673
-2,3,3.7520660700130444
-2,3,8.264634214627522
-2,3,10.632529915937583
-2,3,8.832263965159692
-2,3,8.63332772392316
-2,3,19.88985882160252
-2,3,14.830286630131129
-2,3,10.32876722123895
-2,3,6.172249207257424
-2,3,9.46744163033958
-2,3,9.276554956625414
-2,3,5.563235362432673
-2,3,13.617038184679622
-2,3,4.380679585165737
-2,3,8.06736505959049
-2,3,2.50952254434147
-2,3,5.259475361448846
-2,3,11.457087505374533
-2,3,7.047613688876646
-2,3,3.0550609360946788
-2,3,6.536388396620044
-2,3,5.9760093248673956
-2,3,7.747160010777302
-2,4,6.914740930425966
-2,4,7.042118475082115
-2,4,11.41209131874773
-2,4,7.06110310708579
-2,4,7.452098341209373
-2,4,8.367586538783762
-2,4,10.119611769833526
-2,4,6.328604383310798
-2,4,9.360015335000853
-2,4,11.797220461003619
-2,4,3.0012621912676734
-2,4,10.059407222711915
-2,4,7.654365765791613
-2,4,4.6470644833725565
-2,4,8.824658975766962
-2,4,11.08244048703528
-2,4,10.894316100099818
-2,4,6.597037828588606
-2,4,7.270223481474049
-2,4,11.407123329502754
-2,4,8.207900477273633
-2,4,10.951982755257813
-2,4,6.206856765323077
-2,4,8.50265851056994
-2,4,13.791000333971335
-2,4,11.294441338259828
-2,4,9.292552169809305
-2,4,7.298211447926679
-2,4,9.624543775536528
-2,4,6.440647411509087
-2,4,8.761165198260718
-2,4,6.262527413564146
-2,4,10.897427072457067
-2,4,6.448940321464174
-2,4,12.01743914547313
-2,4,9.64346822895294
-2,4,1.6500000000000001
-2,4,9.267777927046023
-2,4,8.975122762989283
-2,4,6.90487231103794
-2,4,7.944756980757518
-2,4,17.114487138392867
-2,4,4.001637643786296
-2,4,10.504819350048749
-2,4,7.797538861728963
-2,4,10.108075958702111
-2,4,14.317357509809781
-2,4,1.6500000000000001
-2,4,4.718715160422225
-2,4,5.793532825000134
-2,4,4.921404764548759
-2,4,4.93286024761975
-2,4,6.139138162689235
-2,4,16.956206401645947
-2,4,4.96644009737088
-2,4,8.752141980284106
-2,4,3.285168046682171
-2,4,9.889675172724381
-2,4,7.152804271285101
-2,4,7.720982941856444
-2,4,7.453071792510407
-2,5,7.458395743656251
-2,5,8.009665943619861
-2,5,7.748885855944496
-2,5,6.042894199702671
-2,5,6.907737368337775
-2,5,9.613169111217369
-2,5,3.332446561072151
-2,5,10.088007357434067
-2,5,4.634227324251718
-2,5,4.957124352911311
-2,5,4.943462037586684
-2,5,4.8178297394674505
-2,5,9.44805287963474
-2,5,1.6500000000000001
-2,5,10.266175658786885
-2,5,6.220540576767772
-2,5,7.178228594819184
-2,5,8.099211003630598
-2,5,9.142202530213783
-2,5,9.567780604745785
-2,5,4.222416912156868
-2,5,11.573346852527909
-2,5,13.90507984599208
-2,5,5.356267431609208
-2,5,5.7705200782050365
-2,5,4.901579660266594
-2,5,8.544194968765623
-2,5,6.831039185025392
-2,5,7.636521358595142
-2,5,7.0258261637924875
-2,5,6.634745498413739
-2,5,10.066654655949579
-2,5,7.942200764777115
-2,5,3.792628850449182
-2,5,5.390361689844426
-2,5,10.205441308884085
-2,5,5.266574630555048
-2,5,17.187632473632128
-2,5,8.718143375085273
-2,5,1.9001257363362178
-2,5,4.468135553685409
-2,5,10.977305946753614
-2,5,5.566951022267344
-2,5,8.650895112000889
-2,5,3.4926546608434172
-2,5,7.631164135505732
-2,5,6.32022858695974
-2,5,11.582400432817131
-2,5,8.295022483601477
-2,5,5.530036097068175
-2,5,10.17808885009711
-2,5,10.062666438021967
-2,5,7.940005366249508
-2,5,16.423240396710735
-2,5,4.803467348966428
-2,5,5.774366606638855
-2,5,7.105666024660334
-2,5,8.06992251316666
-2,5,5.8344411880561715
-2,5,7.131269133986083
-2,6,9.308631819320585
-2,6,3.0581466242126285
-2,6,11.190603539327002
-2,6,5.893972619203771
-2,6,6.510264596120995
-2,6,7.155946165551256
-2,6,6.270046016204909
-2,6,5.1534533974337515
-2,6,3.6068017208212115
-2,6,1.6500000000000001
-2,6,7.5566613566659555
-2,6,4.481362141807153
-2,6,8.047886916823959
-2,6,8.340147957928336
-2,6,13.244306564940217
-2,6,12.987671526039147
-2,6,5.509805440106319
-2,6,2.3849837936988028
-2,6,4.570990406894577
-2,6,11.539647515817418
-2,6,6.231443836329924
-2,6,8.246434105787598
-2,6,11.250794156654889
-2,6,8.041056498385402
-2,6,3.885252691054354
-2,6,8.487586208960833
-2,6,7.997974233672671
-2,6,4.602499886735432
-2,6,2.7859772649989174
-2,6,6.2027956518243625
-2,6,3.0464969801188664
-2,6,9.00040400362609
-2,6,3.098290618229309
-2,6,9.959642662972879
-2,6,5.688756870277783
-2,6,4.873057564080091
-2,6,1.6500000000000001
-2,6,7.250728411030815
-2,6,7.157312260426592
-2,6,6.92301181754654
-2,6,6.40749785340012
-2,6,7.462201090654403
-2,6,7.370853269286764
-2,6,7.076899922335718
-2,6,8.321204103792994
-2,6,12.086175406502
-2,6,6.584090131956527
-2,6,12.887451817366639
-2,6,8.300300302228521
-2,6,7.142706785481867
-2,6,8.274482551186928
-2,6,10.55803666807265
-2,6,7.890877610496557
-2,6,8.735541372703072
-2,6,14.179431394295083
-2,6,8.321892094658011
-2,6,6.370617846373488
-2,6,10.09147107955245
-2,6,2.8097033334213144
-2,6,8.61184501920072
-2,6,8.857173107941458
-1,6,6.576075731200252
-1,6,12.591210658264963
-1,6,6.607477692914736
-1,6,11.859863647710899
-1,6,7.967572254529834
-1,6,11.27501397874656
-1,6,7.509913239015881
-1,6,6.578723020517239
-1,6,7.706143937817932
-1,6,4.733325423026898
-1,6,11.028759320319578
-1,6,6.725301477788989
-1,6,7.749929975445478
-1,6,3.7709223777521386
-1,6,7.645947856194751
-1,6,10.18216389036738
-1,6,10.698539609582754
-1,6,9.441768681885463
-1,6,7.364758835958911
-1,6,9.522940831585082
-1,6,7.691414487311079
-1,6,12.493757190463754
-1,6,5.669899497665214
-1,6,4.6469849233678024
-1,6,8.442621312255177
-1,6,11.799648794961756
-1,6,7.6877749765433245
-1,6,4.67302291167961
-1,6,5.443054489860385
-1,6,11.018617960137554
-1,6,4.256044627633259
-1,6,7.501681886155819
-1,6,8.622700983390562
-1,6,6.686143981063134
-1,6,5.7152463182872
-1,6,2.783867092250957
-1,6,3.983238118730649
-1,6,7.298099604481511
-1,6,9.323451356761097
-1,6,5.80663481679724
-1,6,10.82500803247268
-1,6,1.9781375581974316
-1,6,8.334667182110888
-1,6,11.863185656173433
-1,6,4.6162355704199225
-1,6,2.8919035985543857
-1,6,9.477026239230982
-1,6,4.343999050504447
-1,6,9.932568543975913
-1,6,6.165940152691141
-1,6,8.792315005873942
-1,6,1.6500000000000001
-1,6,4.523887328769238
-1,6,12.824537760081546
-1,6,10.497968856535373
-1,6,6.224640414045718
-1,6,11.934221895357805
-1,6,12.405294119029156
-1,6,13.09281349478672
-1,6,12.310104753012203
-1,6,7.796403054828163
0,6,12.36200674058865
0,6,9.727712127019544
0,6,10.867327970154882
0,6,7.759082089104094
0,6,8.634376947288027
0,6,8.448729514056378
0,6,4.001865420227737
0,6,11.572092588175362
0,6,20.85177752373243
0,6,5.778988921209774
0,6,9.023048547684445
0,6,4.561747331640051
0,6,4.8940099267873585
0,6,13.223967428456756
0,6,5.850171713159678
0,6,6.623961884733333
0,6,7.494469074694316
0,6,6.910341161020247
0,6,6.1850197093756885
0,6,3.3884590763875093
0,6,3.368949297142415
0,6,6.946382595400476
0,6,5.3126889427015325
0,6,1.6500000000000001
0,6,7.648848515967361
0,6,8.689222080792733
0,6,6.01861829066961
0,6,10.405510839712125
0,6,7.77897395238292
0,6,7.266440075148282
0,6,4.225281820356145
0,6,7.4529351445114145
0,6,5.1764438198331355
0,6,10.328032061328773
0,6,8.897167467044726
0,6,7.632632110181288
0,6,4.0694832769877145
0,6,7.369723197096292
0,6,1.6500000000000001
0,6,3.538648703541914
0,6,5.752281484862356
0,6,4.963228054229723
0,6,10.550158843305296
0,6,10.299109082097583
0,6,1.6500000000000001
0,6,6.021789733018192
0,6,8.11349981889917
0,6,6.005749359783359
0,6,3.4425986977265812
0,6,6.0188057966104935
0,6,2.9662634425106473
0,6,7.2407268384838614
0,6,9.624805857473003
0,6,12.095189992733543
0,6,8.280135981640633
0,6,7.469006595621287
0,6,6.06867414759436
0,6,9.040808703420248
0,6,6.3953489391857286
0,6,11.315941629880303
-1,6,6.489830878109544
-1,6,8.376998246715896
-1,6,3.98168381291911
-1,6,4.022052408588786
-1,6,7.627373263330678
-1,6,8.377861084978866
-1,6,5.626998968777381
-1,6,4.723620141992266
-1,6,11.28428165100424
-1,6,2.4626235673482713
-1,6,3.023249733397945
-1,6,6.150896485418519
-1,6,7.291724092347959
-1,6,10.9872946318945
-1,6,8.775889048594411
-1,6,6.27885895728502
-1,6,10.130131362970483
-1,6,3.301164498245458
-1,6,13.273904391878165
-1,6,7.392335907552208
-1,6,8.886004071529964
-1,6,8.912419193495715
-1,6,1.6500000000000001
-1,6,1.7856383177444046
-1,6,11.55826743037685
-1,6,4.697621237069036
-1,6,7.935774553939287
-1,6,7.447410811585266
-1,6,10.44895298703193
-1,6,5.6563535649200745
-1,6,8.715107879346096
-1,6,11.148835344523023
-1,6,6.803372478153103
-1,6,6.12293796543676
-1,6,6.227144806297363
-1,6,4.892872836051017
-1,6,6.10702351239483
-1,6,1.9654346314558833
-1,6,5.197770599544982
-1,6,3.033387290815523
-1,6,6.658023029341479
-1,6,2.1478219676285235
-1,6,5.253973971410771
-1,6,9.446950730461225
-1,6,9.138072275965719
-1,6,5.309403155036612
-1,6,3.7523541417126918
-1,6,10.645728106152198
-1,6,4.686406727545533
-1,6,5.530412559822134
-1,6,7.4546687027407845
-1,6,6.3892023210718225
-1,6,13.353619451659597
-1,6,5.53542912893368
-1,6,7.56179916186084
-1,6,6.027476245931561
-1,6,3.049460295240055
-1,6,12.76735534695278
-1,6,12.249695592371012
-1,6,7.621041748307644
-1,6,6.541134253316603
-2,6,6.97336613916028
-2,6,5.994744748555396
-2,6,6.959458039359035
-2,6,5.808929732029326
-2,6,3.0440056619177307
-2,6,7.758021128646909
-2,6,8.683619858659155
-2,6,2.7039084180913946
-2,6,5.635703295956532
-2,6,13.18473466764137
-2,6,10.758782944369422
-2,6,2.731483317748681
-2,6,1.6500000000000001
-2,6,4.616864770266382
-2,6,9.30199058615623
-2,6,9.859503585372256
-2,6,5.067226195044924
-2,6,3.140911684190069
-2,6,10.824574889323598
-2,6,3.863600522314813
-2,6,8.933222057404588
-2,6,5.275505985783764
-2,6,19.468627390075376
-2,6,5.641975408299933
-2,6,7.66194096047515
-2,6,10.263115004764309
-2,6,5.959337893794052
-2,6,1.7493036188737454
-2,6,6.427984747474612
-2,6,1.8839488791504264
-2,6,4.161388399072924
-2,6,7.7925892001145405
-2,6,12.721599185967523
-2,6,10.015748369917798
-2,6,10.975005470316852
-2,6,10.693250902890627
-2,6,5.097937332343785
-2,6,7.458796269391487
-2,6,14.554698972968303
-2,6,10.007402345948634
-2,6,11.530338522060124
-2,6,8.828185380034164
-2,6,3.5340511519983777
-2,6,2.639180875077
-2,6,9.789719584630994
-2,6,7.923214386358804
-2,6,6.693655324497456
-2,6,5.013199186006435
-2,6,3.110846407884791
-2,6,3.4520403965658613
-2,6,3.862526611553958
-2,6,5.012535540517993
-2,6,7.080259027182271
-2,6,5.201705882897276
-2,6,7.85427938689108
-2,6,9.414020373404163
-2,6,5.993702661161395
-2,6,3.6467930133600635
-2,6,7.244720081887668
-2,6,3.1496236522474996
-1,6,7.301463685363103
-1,6,6.386085244232305
-1,6,2.9289478951746304
-1,6,8.213091874086263
-1,6,2.4908898918997266
-1,6,4.176207299529615
-1,6,10.846777561142849
-1,6,8.50136885035608
-1,6,9.037924252235168
-1,6,11.217689145026586
-1,6,12.907897964345228
-1,6,7.655539283182753
-1,6,8.71573817172327
-1,6,11.553688519424739
-1,6,4.717719145327656
-1,6,7.112371926921714
-1,6,5.2896265434193905
-1,6,9.88561814084408
-1,6,6.321960671884387
-1,6,7.292436778752006
-1,6,4.374410955269058
-1,6,7.094784938365794
-1,6,7.061740628244777
-1,6,8.292960490873403
-1,6,3.395672801083795
-1,6,6.410926992439203
-1,6,5.04573336501057
-1,6,7.3609318472398675
-1,6,4.234362803501738
-1,6,11.558679215503304
-1,6,4.341728476491865
-1,6,2.292692316779796
-1,6,6.926437548646274
-1,6,9.147176083893719
-1,6,6.3356576627607115
-1,6,7.618684057417053
-1,6,12.677035943294337
-1,6,10.669874256369559
-1,6,15.419204102883803
-1,6,1.6500000000000001
-1,6,8.24696872989038
-1,6,6.747580189459672
-1,6,6.928371767220026
-1,6,12.567609180571651
-1,6,3.992567904000013
-1,6,8.780739215179823
-1,6,11.38414675330693
-1,6,8.21920558779734
-1,6,7.694542926450831
-1,6,4.653763983984291
-1,6,3.975627122317179
-1,6,1.6500000000000001
-1,6,7.3975081209940505
-1,6,4.412980946004122
-1,6,1.9029538981222336
-1,6,6.78697595553642
-1,6,5.983746255377998
-1,6,6.556350228403872
-1,6,8.11947992672303
-1,6,7.253966112018671
-1,6,11.563476424341255
-2,6,3.311915444010891
-2,6,5.392560331983575
-2,6,10.217129668221231
-2,6,7.877922930626946
-2,6,6.605285849643595
-2,6,6.7785898999169385
-2,6,12.747490351652921
-2,6,5.763947370811447
-2,6,6.1165985397468035
-2,6,6.502185645223907
-2,6,4.958057723914303
-2,6,14.46205781973533
-2,6,8.844850361918034
-2,6,5.994694679898897
-2,6,8.892994511565101
-2,6,13.308361029142226
-2,6,3.5905085664190715
-2,6,7.526685936629829
-2,6,7.708055703281136
-2,6,3.0142006228940064
-2,6,5.1973537268055825
-2,6,2.306544318133442
-2,6,3.841310625694497
-2,6,5.410584659377095
-2,6,13.09563182760624
-2,6,5.217702453884044
-2,6,7.665816223000765
-2,6,7.426591685072741
-2,6,7.7041322353772825
-2,6,8.21354856694198
-2,6,4.31337080104692
-2,6,10.540553597412012
-2,6,3.902421696532886
-2,6,7.290473307426602
-2,6,7.093383879578394
-2,6,10.452501290276082
-2,6,11.756923922854453
-2,6,6.694489070466708
-2,6,3.566765882148819
-2,6,6.743140421658831
-2,6,11.208266435344845
-2,6,7.826691479762766
-2,6,6.306231101154397
-2,6,6.583083556310023
-2,6,7.890196945114092
-2,6,9.875678350992874
-2,6,11.674576106069024
-2,6,5.361092736236847
-2,6,10.102219123342163
-2,6,8.151442801128228
-2,6,4.806230547508038
-2,6,14.898592959073518
-2,6,6.586435628403144
-2,6,6.358608796720482
-2,6,4.91772054031954
-2,6,6.416866736878918
-2,6,9.208717668094966
-2,6,8.143358344639802
-2,6,3.7522171974966434
-2,6,6.823530023765134
-2,6,14.920996517366714
-2,7,5.936070790719807
-2,7,4.790691487622797
-2,7,1.6500000000000001
-2,7,6.11811084471398
-2,7,3.6887420356182203
-2,7,11.672135335051333
-2,7,6.916709910169275
-2,7,3.0504592541160473
-2,7,1.6500000000000001
-2,7,5.4309731447305385
-2,7,4.017649414352755
-2,7,11.153824609251027
-2,7,6.635517058221077
-2,7,9.037216071853297
-2,7,1.6500000000000001
-2,7,4.428378767304351
-2,7,4.563053084857957
-2,7,3.6986855314320657
-2,7,7.795457796568878
-2,7,6.858934911441256
-2,7,12.345163954044736
-2,7,6.984612317037254
-2,7,6.683650818706271
-2,7,6.223580335481825
-2,7,7.13435923061476
-2,7,6.608235107300895
-2,7,12.989216308803254
-2,7,7.936012997961739
-2,7,5.7081636828814615
-2,7,5.001585730160782
-2,7,3.2734191938474697
-2,7,8.59704912379137
-2,7,4.2723004259504895
-2,7,2.7596718231398745
-2,7,9.076950266169959
-2,7,6.04028418697942
-2,7,12.991615016039365
-2,7,5.176469667949141
-2,7,5.256454379267383
-2,7,6.257653801644695
-2,7,10.060729243973341
-2,7,2.651521934677753
-2,7,6.50580127909101
-2,7,5.925331409628574
-2,7,6.665264627163379
-2,7,10.91729855975598
-2,7,11.808326153527766
-2,7,6.800424041100343
-2,7,1.6500000000000001
-2,7,4.336636233439926
-2,7,12.066641483540195
-2,7,7.153350214895414
-2,7,5.663337395607703
-2,7,7.141261631651613
-2,7,1.6500000000000001
-2,7,7.73635056268523
-2,7,7.230534870623917
-2,7,4.131682689645853
-2,7,5.876625160327876
-2,7,9.728868263723218
-1,7,4.621700304954715
-1,7,11.913030393599097
-1,7,4.685972129234328
-1,7,13.286020094220332
-1,7,7.883629118936838
-1,7,5.850498110921626
-1,7,8.278310331862606
-1,7,10.244171112922926
-1,7,5.2171528754673195
-1,7,5.338850641471359
-1,7,3.7753131835985636
-1,7,3.9015067150571006
-1,7,5.962846524767624
-1,7,9.103784188296292
-1,7,3.91811150572184
-1,7,11.2192927012147
-1,7,7.183678346433936
-1,7,6.55484611555863
-1,7,10.027621775806757
-1,7,4.341720845937447
-1,7,5.475623965613293
-1,7,14.621439116351286
-1,7,7.147655403699714
-1,7,13.057368419122135
-1,7,5.544096028024608
-1,7,2.1615360163479256
-1,7,7.863664904999254
-1,7,6.443114391972794
-1,7,8.666842737435037
-1,7,3.71725046693679
-1,7,10.049161376318319
-1,7,7.549617268666832
-1,7,6.873138488437909
-1,7,1.6500000000000001
-1,7,5.298030434826183
-1,7,8.696459935292754
-1,7,11.199958008366504
-1,7,4.7760573848107954
-1,7,15.06192513163478
-1,7,13.135172076102304
-1,7,6.29016968110835
-1,7,5.575873503599897
-1,7,5.7607010222211885
-1,7,7.940371073507533
-1,7,4.980326825384695
-1,7,6.257158670872593
-1,7,7.021775147026972
-1,7,13.035079491966325
-1,7,6.552463013685064
-1,7,4.751674535951892
-1,7,9.513330767267862
-1,7,3.0511008100888484
-1,7,8.531665551640101
-1,7,7.847671399177988
-1,7,8.075845852234652
-1,7,4.968563652665776
-1,7,1.890423498312236
-1,7,3.2909031435138654
-1,7,12.214370351344478
-1,7,6.460707660228112
-1,7,5.130087987419472
-2,7,12.900723380569426
-2,7,15.396497312652537
-2,7,1.7429898186135504
-2,7,8.289935092592557
-2,7,5.198246133758307
-2,7,7.043652866798654
-2,7,10.237780071633846
-2,7,6.7420894317007285
-2,7,12.09444966539725
-2,7,7.669516833292425
-2,7,7.191161357898956
-2,7,6.49768474061349
-2,7,4.851356162806344
-2,7,9.849175928178461
-2,7,7.144254948681404
-2,7,10.480441739664753
-2,7,8.049050278353066
-2,7,6.5290448304213
-2,7,5.8346347334559585
-2,7,6.401231946889778
-2,7,11.342689540239789
-2,7,9.339175867950964
-2,7,3.111031244276756
-2,7,15.566901697665264
-2,7,1.6500000000000001
-2,7,5.276046637047439
-2,7,6.2671565462492556
-2,7,8.085651903024491
-2,7,5.981963822967061
-2,7,5.229831720486214
-2,7,4.740072122387732
-2,7,7.022705518802399
-2,7,6.405533734013141
-2,7,7.862796225022325
-2,7,8.58765595804022
-2,7,1.6500000000000001
-2,7,9.582502979184309
-2,7,3.1241098920227666
-2,7,3.072214116521362
-2,7,13.970568564045237
-2,7,6.767124900469049
-2,7,12.681534366349304
-2,7,7.510743959227684
-2,7,4.581088400480965
-2,7,7.07186877499744
-2,7,1.8870512064253582
-2,7,9.354192354992087
-2,7,5.287586796946277
-2,7,10.369963413850494
-2,7,3.6192215430765993
-2,7,3.8352691878418788
-2,7,8.45751030644971
-2,7,5.512846669820766
-2,7,14.29674933734234
-2,7,17.011171652599124
-2,7,7.482725397582264
-2,7,4.22513065090009
-2,7,12.973121472397358
-2,7,2.867214001213473
-2,7,3.77411310775544
-1,7,9.754261208953999
-1,7,5.8402868695475
-1,7,7.472704020533871
-1,7,4.360159714407777
-1,7,4.617607772410773
-1,7,2.1452148674221925
-1,7,7.679891025203227
-1,7,8.153625152996577
-1,7,9.26926405440711
-1,7,6.037580116364913
-1,7,4.877198088961974
-1,7,7.669217456475103
-1,7,5.7054393433706405
-1,7,9.908731902591416
-1,7,5.212018458447022
-1,7,6.509045219818543
-1,7,12.8838888459955
-1,7,13.240547937237835
-1,7,4.7937564059750954
-1,7,9.378977462286318
-1,7,1.6500000000000001
-1,7,6.870764823304433
-1,7,9.956712479754188
-1,7,8.63029814857833
-1,7,2.8188111185154137
-1,7,4.392301794101072
-1,7,7.503820003687432
-1,7,7.9368131822636565
-1,7,5.299932298740947
-1,7,11.103428378751266
-1,7,6.066102328070879
-1,7,10.327977743058916
-1,7,2.6943996399614454
-1,7,6.29940364888667
-1,7,6.631913248084359
-1,7,8.146712120268825
-1,7,6.930727583953245
-1,7,4.074542557802207
-1,7,5.190936050268953
-1,7,7.390940002366687
-1,7,6.552448473105336
-1,7,7.155428883925874
-1,7,9.746765200809175
-1,7,2.7048598239726944
-1,7,4.390079496035163
-1,7,6.0562666304754735
-1,7,4.648365994463213
-1,7,6.9345332211540285
-1,7,6.410486231306481
-1,7,4.1790081181924315
-1,7,6.261008996707498
-1,7,5.2278390770306995
-1,7,3.4669648709446546
-1,7,2.8462561012375165
-1,7,7.3789643455180265
-1,7,6.495879222297766
-1,7,5.974497996808843
-1,7,3.9759152564053304
-1,7,12.888996217511886
-1,7,11.30996285789119
-1,7,9.390242255635645
-2,7,11.611291211292599
-2,7,10.252512188896791
-2,7,8.029645580418821
-2,7,9.432174478951026
-2,7,5.167446435269111
-2,7,2.6317771422611926
-2,7,3.2930535172964253
-2,7,6.213649749703114
-2,7,17.552403104997186
-2,7,10.421504445488106
-2,7,4.3298177059045635
-2,7,6.231733076829098
-2,7,11.086029070013396
-2,7,7.696001990513298
-2,7,7.39496883013409
-2,7,7.9294499352363665
-2,7,6.6231938236415875
-2,7,7.4907280764339035
-2,7,6.369510025739917
-2,7,8.060541447805996
-2,7,8.451871701163723
-2,7,7.979776358407686
-2,7,5.521263744303574
-2,7,9.60221384788823
-2,7,5.955821575778884
-2,7,5.0640079087615835
-2,7,11.474598647125005
-2,7,5.1197123987225375
-2,7,6.997049181337062
-2,7,13.713864172942767
-2,7,4.896222048626679
-2,7,2.997476596703388
-2,7,2.0867110804009217
-2,7,4.942351315072604
-2,7,7.792457410360795
-2,7,3.4293006199900273
-2,7,3.3861377550637872
-2,7,8.742684459401172
-2,7,6.849233903606503
-2,7,9.531163903617653
-2,7,10.141225866970556
-2,7,7.643883923106783
-2,7,2.552286771454229
-2,7,5.320254988184029
-2,7,10.503101903053203
-2,7,8.990434725679078
-2,7,6.850840619077343
-2,7,10.815936347002385
-2,7,10.201339317864074
-2,7,2.823601669917636
-2,7,3.074933923675952
-2,7,4.019002632374665
-2,7,5.786510503694554
-2,7,10.589928137192427
-2,7,6.840147663605931
-2,7,8.641237315255582
-2,7,4.409211105371957
-2,7,11.068466900730103
-2,7,8.10014268607111
-2,7,8.377872436437595
-2,7,7.03955601769834
-2,6,7.60698544153565
-2,6,5.9876616849455715
-2,6,10.109998957117487
-2,6,5.176065723193128
-2,6,10.334297681501138
-2,6,8.316913263197405
-2,6,3.991556548901261
-2,6,6.237276915638962
-2,6,9.12253504385116
-2,6,10.483155476153206
-2,6,8.328161296560005
-2,6,10.796885567061588
-2,6,5.647194925196252
-2,6,16.482598770418782
-2,6,8.764546759274383
-2,6,13.476039825669396
-2,6,10.5158343125915
-2,6,8.30217823987615
-2,6,10.81071758618467
-2,6,6.32983208783338
-2,6,3.942765758396346
-2,6,3.5571403264110497
-2,6,5.99202377671508
-2,6,8.593880095784682
-2,6,8.066694414318757
-2,6,9.90943212413301
-2,6,12.503624481614796
-2,6,5.6837702803743735
-2,6,6.963392280186776
-2,6,7.814186557740779
-2,6,4.606530362816219
-2,6,7.849071127347771
-2,6,8.335780639140124
-2,6,9.18269663418332
-2,6,12.688404736045964
-2,6,7.585717883113574
-2,6,9.35173132328551
-2,6,15.604628732453714
-2,6,9.956167216020496
-2,6,12.506007715203001
-2,6,6.903634474022927
-2,6,10.070779884444722
-2,6,7.536611686555631
-2,6,12.458986338706776
-2,6,9.829409833542172
-2,6,3.465775765108556
-2,6,10.691022025340756
-2,6,5.297615560542825
-2,6,8.365421446595947
-2,6,7.512007798213143
-2,6,3.001445487037415
-2,6,14.63724803334428
-2,6,6.585737068101472
-2,6,6.615317966942933
-2,6,9.039271163957624
-2,6,8.322793754149515
-2,6,8.875773659894953
-2,6,3.716455718848888
-2,6,3.259766500878201
-2,6,4.588089297224128
-3,6,9.241333238827984
-3,6,20.26706962028791
-3,6,1.6500000000000001
-3,6,1.6500000000000001
-3,6,14.401043985077361
-3,6,7.431848731211252
-3,6,7.601067315567022
-3,6,4.408023817916694
-3,6,6.116683772546269
-3,6,6.171983009064056
-3,6,1.6500000000000001
-3,6,7.278037401354118
-3,6,4.356329361453172
-3,6,12.489336625828056
-3,6,4.6035206937851
-3,6,7.306913856773504
-3,6,8.220909988888344
-3,6,1.6500000000000001
-3,6,9.240629045119656
-3,6,4.1860813395963365
-3,6,11.788219834805734
-3,6,6.022198360750873
-3,6,3.9287229465314826
-3,6,6.303204591112593
-3,6,7.485312046499907
-3,6,3.152775548249198
-3,6,6.00890330657522
-3,6,10.57493512860524
-3,6,3.32461537818726
-3,6,4.175891697701238
-3,6,12.060062470416892
-3,6,1.6500000000000001
-3,6,13.557500775570666
-3,6,8.252571965486027
-3,6,8.91840375995647
-3,6,6.92121045452835
-3,6,6.356534575489509
-3,6,10.587397797208407
-3,6,6.222246571196667
-3,6,8.979821124021608
-3,6,12.947382253803358
-3,6,6.7990354818039656
-3,6,10.118775727819989
-3,6,6.868824725428803
-3,6,9.719220372505756
-3,6,6.697632722601227
-3,6,6.964094148685731
-3,6,12.842623622521511
-3,6,8.57945396240364
-3,6,9.854718105168136
-3,6,4.2999741397656095
-3,6,11.78912109287281
-3,6,13.02025069692534
-3,6,9.342032032646934
-3,6,1.6500000000000001
-3,6,4.160990106245455
-3,6,8.253371161937734
-3,6,4.302937417906087
-3,6,5.823332882657857
-3,6,6.476542307148374
-3,6,5.381970374977501
-3,7,4.874443875528913
-3,7,5.388410408611585
-3,7,6.632392880320703
-3,7,6.269229197863007
-3,7,6.029402019511397
-3,7,5.818384480542224
-3,7,3.1320995378100687
-3,7,4.049844113876913
-3,7,3.4891806199851167
-3,7,3.6224697310024565
-3,7,4.973625465788646
-3,7,1.6500000000000001
-3,7,6.262931526598161
-3,7,6.328221054178206
-3,7,6.0436292757921946
-3,7,6.471342423565341
-3,7,14.023029207867147
-3,7,5.527445174687258
-3,7,6.02631014232853
-3,7,9.485549099885375
-3,7,7.56162759556949
-3,7,9.91284117039674
-3,7,5.346045328361597
-3,7,8.867767925503935
-3,7,7.544430516044175
-3,7,4.21773055405599
-3,7,9.375856640994243
-3,7,8.185297650627877
-3,7,7.69945577299857
-3,7,9.061915594733197
-3,7,9.808206313409931
-3,7,6.476775711773638
-3,7,1.6500000000000001
-3,7,6.529176046849423
-3,7,8.494538891659001
-3,7,5.261662597588866
-3,7,5.48683967565917
-3,7,5.4112379747605655
-3,7,5.02931314725905
-3,7,7.688123781884098
-3,7,7.898438284826818
-3,7,4.663333601556455
-3,7,13.018514815927777
-3,7,8.010584932729076
-3,7,3.4878420102428356
-3,7,4.066828108965459
-3,7,1.6500000000000001
-3,7,4.222322113438963
-3,7,10.375366621826402
-3,7,1.6500000000000001
-3,7,8.98200019852229
-3,7,10.062124717210818
-3,7,4.241142954656164
-3,7,15.083450335525686
-3,7,11.862550849635475
-3,7,7.552157216972025
-3,7,5.2837542531201525
-3,7,5.305925897378985
-3,7,8.999715159323241
-3,7,7.048681891393064
-4,7,8.3203428844036
-4,7,7.283819855802664
-4,7,7.9942793736193
-4,7,1.6500000000000001
-4,7,13.548988637240665
-4,7,6.179079091615317
-4,7,7.0829416965101375
-4,7,5.710335448554395
-4,7,7.773344063129274
-4,7,6.8845162293947775
-4,7,7.253511995995067
-4,7,4.911591022552244
-4,7,5.6196482043117095
-4,7,4.806180362431775
-4,7,5.448621997937476
-4,7,4.586071163489771
-4,7,9.085069893542789
-4,7,3.1250104017808686
-4,7,5.95023967863495
-4,7,4.360407808563467
-4,7,6.685756638095921
-4,7,9.451983730970147
-4,7,8.635055426910334
-4,7,5.1086097951913105
-4,7,10.011197191227762
-4,7,2.5841084289459317
-4,7,5.724422059518297
-4,7,4.427607446112431
-4,7,12.857241622642317
-4,7,8.314652899727538
-4,7,6.153996281290017
-4,7,6.267196428652605
-4,7,5.111771594553453
-4,7,3.5069527306063506
-4,7,5.622509430182657
-4,7,3.6916960486332586
-4,7,5.010252359621816
-4,7,3.741846419529914
-4,7,4.158191397857619
-4,7,6.939887711766037
-4,7,7.902171400059219
-4,7,6.3385234035835225
-4,7,8.134175088784836
-4,7,4.661165229134454
-4,7,6.777733323208414
-4,7,2.11110337731523
-4,7,8.662629982195817
-4,7,7.267622250581466
-4,7,3.840268359263212
-4,7,3.529886646106911
-4,7,7.394403266631149
-4,7,5.061335676217626
-4,7,8.241469164417122
-4,7,12.422796984715726
-4,7,5.846345160326509
-4,7,8.846009657327127
-4,7,5.92102360817493
-4,7,8.597980020551422
-4,7,5.258754105981356
-4,7,1.7525888764366222
-4,7,2.266504792206492
-4,8,4.569873534610062
-4,8,5.925988236604507
-4,8,9.78946997444977
-4,8,3.660102055669951
-4,8,8.273940190270558
-4,8,5.621645026403893
-4,8,4.378383873395244
-4,8,8.47312053884373
-4,8,10.007963761280067
-4,8,6.806130067092343
-4,8,4.020360015470947
-4,8,1.6500000000000001
-4,8,6.690314335619411
-4,8,5.640582700285976
-4,8,5.7300930990405465
-4,8,3.9058150680993697
-4,8,2.2541939662613952
-4,8,2.0060188484546915
-4,8,8.316854938346932
-4,8,6.090763394324158
-4,8,9.484875370425808
-4,8,3.0734475145489104
-4,8,10.225472194360915
-4,8,4.075885813240546
-4,8,5.81901018538014
-4,8,2.221176050466609
-4,8,6.535094403143566
-4,8,8.452704436738157
-4,8,3.5845074843101967
-4,8,1.7959197066658374
-4,8,6.676541750567391
-4,8,5.671231518644535
-4,8,6.456641331006441
-4,8,4.713775462559045
-4,8,7.912453928330468
-4,8,4.255157096382582
-4,8,4.367018504146221
-4,8,10.506222289285414
-4,8,3.426097779204158
-4,8,3.8405609475623965
-4,8,3.9840596893156506
-4,8,2.95999679354949
-4,8,4.41687342795927
-4,8,10.347454542809869
-4,8,4.448024226309629
-4,8,9.375701751114878
-4,8,3.5894895247420644
-4,8,6.641826348372758
-4,8,2.541134593442509
-4,8,3.7012739591810555
-4,8,15.023528496112025
-4,8,1.6500000000000001
-4,8,11.556397805841613
-4,8,7.780840354243644
-4,8,2.51521055093278
-4,8,12.391948370762435
-4,8,7.705226678765895
-4,8,6.293357359393909
-4,8,5.20700412194884
-4,8,6.876009552299939
-4,8,4.8341136240272915
-5,8,9.566826110269362
-5,8,1.6500000000000001
-5,8,1.6500000000000001
-5,8,3.2812447290410205
-5,8,8.660055887166616
-5,8,4.270743681197621
-5,8,4.958346956418615
-5,8,6.881061381306607
-5,8,4.627607262420765
-5,8,9.494484699529343
-5,8,7.702893253814685
-5,8,6.161479867329771
-5,8,2.049692958808702
-5,8,7.6957328139169565
-5,8,6.536388247788645
-5,8,8.665382759858137
-5,8,4.090511769449872
-5,8,6.639533122172608
-5,8,7.1603204801484805
-5,8,6.912470504464856
-5,8,3.2320208519953324
-5,8,4.089089502374842
-5,8,1.6500000000000001
-5,8,3.547439396220566
-5,8,14.32926523900796
-5,8,1.6500000000000001
-5,8,3.7971626482649574
-5,8,6.269977510667851
-5,8,5.963703693451912
-5,8,3.3552070296945957
-5,8,6.865121462025961
-5,8,5.713892461429765
-5,8,8.39479398912648
-5,8,4.364319242178539
-5,8,7.008822569094729
-5,8,5.333176415938898
-5,8,12.87085865780896
-5,8,4.119777177557726
-5,8,6.161893213261684
-5,8,13.497669548726234
-5,8,3.121407934887346
-5,8,7.278247142738599
-5,8,5.813634862642832
-5,8,14.285261699159804
-5,8,7.3672199781342655
-5,8,4.9831550491508505
-5,8,2.4949093436976266
-5,8,7.708183362153656
-5,8,7.81376575065478
-5,8,2.428665173279403
-5,8,3.0066514102245487
-5,8,6.0290997639543145
-5,8,5.746204136542959
-5,8,6.0975940626621705
-5,8,1.6500000000000001
-5,8,4.816672428124984
-5,8,7.233848411202361
-5,8,12.682685643853223
-5,8,11.696690769967187
-5,8,3.2955829809365422
-5,9,5.3052184726253735
-5,9,4.620027913088982
-5,9,5.9016192730223676
-5,9,4.062446484579146
-5,9,5.424553013635252
-5,9,2.284041649323649
-5,9,6.502366830983169
-5,9,1.6500000000000001
-5,9,5.880184430573527
-5,9,3.076664427018925
-5,9,7.322248805671228
-5,9,5.679093991362206
-5,9,5.276973807164064
-5,9,5.933984680451918
-5,9,4.316600891471604
-5,9,2.1142815726409707
-5,9,8.157912454246638
-5,9,5.456327719423742
-5,9,12.882517680127197
-5,9,6.300105689737469
-5,9,6.408903542178753
-5,9,1.6500000000000001
-5,9,6.123894667553357
-5,9,3.5751344347419547
-5,9,10.700942906234078
-5,9,9.833529549286835
-5,9,5.92068385495172
-5,9,6.23823988274325
-5,9,4.235122359976955
-5,9,6.166300914795726
-5,9,1.6500000000000001
-5,9,7.969267253167802
-5,9,3.4313582928377784
-5,9,11.761337311252767
-5,9,10.28700669359474
-5,9,3.175580051568204
-5,9,12.668002832126872
-5,9,1.6500000000000001
-5,9,5.148522456541204
-5,9,1.966766791422037
-5,9,3.6135998805371305
-5,9,3.206362904788572
-5,9,12.359707493609495
-5,9,6.115906514593148
-5,9,2.824115878999374
-5,9,4.986638892473784
-5,9,6.019561049219623
-5,9,8.559458019437391
-5,9,2.932837578141391
-5,9,4.877488647035829
-5,9,4.8390724219262164
-5,9,7.175874086621738
-5,9,6.41668244125098
-5,9,14.44456246112442
-5,9,2.336473958974008
-5,9,1.6500000000000001
-5,9,17.44141419785951
-5,9,8.343889413193214
-5,9,3.869281858908315
-5,9,2.1015133709203293
-5,9,3.877941338793005
-6,9,2.5002984417094547
-6,9,7.413061259757768
-6,9,8.81156580428772
-6,9,7.652033506881329
-6,9,4.598038249451348
-6,9,2.7965245564780528
-6,9,3.3448444834812285
-6,9,6.685840072933539
-6,9,5.597517462498509
-6,9,7.09851747362446
-6,9,2.955991339993103
-6,9,2.3185346021152737
-6,9,9.230267878107608
-6,9,11.157409791694473
-6,9,3.9483380866406272
-6,9,2.503822978401218
-6,9,4.49959313685333
-6,9,15.394475380169908
-6,9,3.5248414331679796
-6,9,4.436697638111598
-6,9,8.614734437884652
-6,9,4.658575405548381
-6,9,3.0151430288522265
-6,9,10.907057903666704
-6,9,5.16201762764123
-6,9,2.873392288479841
-6,9,5.885147936515488
-6,9,6.92317628170983
-6,9,5.223261352229339
-6,9,3.724955610155991
-6,9,7.2823514694365485
-6,9,4.376178744727157
-6,9,4.495237135195404
-6,9,2.408144956931918
-6,9,3.664775303844668
-6,9,1.9352186602060146
-6,9,12.009186562610168
-6,9,6.736945166948975
-6,9,12.191590200954728
-6,9,6.318390857026987
-6,9,7.728411584246553
-6,9,8.07816158900685
-6,9,11.199983789089076
-6,9,8.294912517964763
-6,9,5.578351864313952
-6,9,1.6500000000000001
-6,9,3.435487894834076
-6,9,1.6500000000000001
-6,9,6.951191008165909
-6,9,4.2891308201239
-6,9,3.8675850533926064
-6,9,4.967927165670399
-6,9,7.5149336919527725
-6,9,5.193335101941305
-6,9,6.374142118544137
-6,9,5.676103776318733
-6,9,1.6500000000000001
-6,9,8.187951862120043
-6,9,3.900652390600522
-6,9,6.546884812547136
-6,9,5.738173779267326
-5,9,6.496929352375414
-5,9,1.9472368503079762
-5,9,2.3713622440286453
-5,9,4.389048543105243
-5,9,7.119448260977471
-5,9,2.6852437365247495
-5,9,4.757826100582043
-5,9,1.6500000000000001
-5,9,7.350366496264586
-5,9,2.263218807516774
-5,9,3.4340012361836996
-5,9,1.6500000000000001
-5,9,12.62482073402187
-5,9,11.844530335385208
-5,9,8.77261298884139
-5,9,7.10208662216232
-5,9,4.201994267494763
-5,9,7.619839781161746
-5,9,7.514526587099816
-5,9,2.5473105033824637
-5,9,5.068790287406462
-5,9,2.3145885162840663
-5,9,3.499148578346075
-5,9,9.76042969618309
-5,9,6.6538531080848236
-5,9,5.311152294810829
-5,9,10.054038279392373
-5,9,4.802614747311482
-5,9,12.492760280861368
-5,9,4.988468699050178
-5,9,3.7657670835948545
-5,9,7.509489054297296
-5,9,1.6500000000000001
-5,9,7.187022731672758
-5,9,5.460998356764389
-5,9,10.381678956330415
-5,9,15.646593030181458
-5,9,8.619949827454786
-5,9,4.742677150184686
-5,9,4.2547204417977085
-5,9,3.8947695451916355
-5,9,8.633964357744544
-5,9,9.840836811346225
-5,9,4.97449981604405
-5,9,6.595665556363139
-5,9,6.420768750040273
-5,9,4.981763632210361
-5,9,8.035768269179442
-5,9,4.167556273729303
-5,9,3.5697294333217866
-5,9,2.584789422207482
-5,9,11.498348372428456
-5,9,1.6708072390999833
-5,9,2.4639680192283406
-5,9,4.824121103130676
-5,9,3.217228840365692
-5,9,3.01268420199471
-5,9,4.006594414478894
-5,9,2.6543358047331367
-5,9,9.535639045089237
-5,10,4.593061296457287
-5,10,5.032346426797117
-5,10,3.6574346439451766
-5,10,1.6500000000000001
-5,10,3.0229741285224803
-5,10,4.4982702827339
-5,10,1.6500000000000001
-5,10,3.4387778182766975
-5,10,3.398016485667589
-5,10,1.6500000000000001
-5,10,10.904875881867037
-5,10,4.413386174823294
-5,10,2.6559495063045353
-5,10,3.6158076401253876
-5,10,1.9721046383815737
-5,10,7.837792929848289
-5,10,9.350491649893819
-5,10,4.4116168462470755
-5,10,4.37401575576875
-5,10,1.6500000000000001
-5,10,5.429119684467088
-5,10,3.9135079945117104
-5,10,6.206059784662432
-5,10,5.244184420044052
-5,10,2.204500259866643
-5,10,1.6500000000000001
-5,10,12.593607377435632
-5,10,2.1713966116856573
-5,10,4.861493014783212
-5,10,3.755902676804156
-5,10,1.6500000000000001
-5,10,2.7676240888114414
-5,10,6.3904702497674775
-5,10,2.377618024047056
-5,10,3.4392760365854764
-5,10,15.229664368087441
-5,10,6.15146083504248
-5,10,6.191121577294624
-5,10,1.6500000000000001
-5,10,2.646214215666489
-5,10,7.243100134924656
-5,10,5.838722221747877
-5,10,5.7254520044872885
-5,10,4.645279707856884
-5,10,5.910944692267075
-5,10,9.341160613945336
-5,10,6.164882199279626
-5,10,4.654500501283323
-5,10,4.707443892163975
-5,10,4.251918978860833
-5,10,7.007252017811013
-5,10,1.9749317013819048
-5,10,8.38147812728407
-5,10,2.0410779905914413
-5,10,6.336002029438618
-5,10,4.54166568346605
-5,10,4.821256590417097
-5,10,4.553675618366622
-5,10,1.6500000000000001
-5,10,1.6672858823087418
-5,10,2.953033219986971
-6,10,3.4384522105224393
-6,10,11.969669471547205
-6,10,2.326913969616516
-6,10,7.229983409113877
-6,10,3.4901580402931374
-6,10,8.81827581563434
-6,10,10.993423238137115
-6,10,1.765429272217966
-6,10,5.692856184817899
-6,10,6.948868563809126
-6,10,1.6500000000000001
-6,10,7.893245878292383
-6,10,6.729692438567605
-6,10,4.28098847280382
-6,10,10.661954237391285
-6,10,12.572439163058778
-6,10,11.184125041496065
-6,10,1.6500000000000001
-6,10,6.8564369829078196
-6,10,3.4089803862580066
-6,10,9.723179518956977
-6,10,9.458290271219065
-6,10,10.355001034040557
-6,10,2.9476016386837878
-6,10,5.453493533821868
-6,10,7.339808826937228
-6,10,4.8205242420118655
-6,10,4.253619210765875
-6,10,4.789536248521173
-6,10,3.3653140591138806
-6,10,12.07470399194122
-6,10,1.6500000000000001
-6,10,12.925081814383136
-6,10,5.379744985400821
-6,10,3.283557623182067
-6,10,5.489282973880654
-6,10,5.382843578209567
-6,10,5.557237967462784
-6,10,2.532086289080059
-6,10,2.1088299959050323
-6,10,1.6500000000000001
-6,10,2.4764661555265137
-6,10,3.3109353583679075
-6,10,1.6500000000000001
-6,10,1.6500000000000001
-6,10,4.243920064470263
-6,10,5.990395821355632
-6,10,7.79404319699878
-6,10,4.751412258846614
-6,10,4.611391016300175
-6,10,9.674997222809107
-6,10,5.3676307980290305
-6,10,5.883416849525705
-6,10,3.6829414840528893
-6,10,9.527256268483683
-6,10,1.6500000000000001
-6,10,1.6500000000000001
-6,10,1.6500000000000001
-6,10,5.645199618484653
-6,10,1.6500000000000001
-7,10,13.621075489935288
-7,10,5.424955555208458
-7,10,6.546482298436034
-7,10,3.1461049569453388
-7,10,9.40473117790137
-7,10,3.01975417771401
-7,10,5.19261017783216
-7,10,1.6500000000000001
-7,10,5.218970996900703
-7,10,2.316330687297471
-7,10,4.956670713006054
-7,10,6.8807223966158455
-7,10,7.6400794291819505
-7,10,9.428956187713782
-7,10,2.8618079577896713
-7,10,4.394032885757773
-7,10,10.098555372195824
-7,10,3.0388741495806744
-7,10,3.868608500093088
-7,10,3.6325758275012054
-7,10,4.351356349740966
-7,10,5.6991984850052475
-7,10,6.528343677796199
-7,10,6.1553354278819725
-7,10,10.395016054399616
-7,10,3.52900245490089
-7,10,5.900557632879088
-7,10,7.249420546784561
-7,10,4.603003209795144
-7,10,4.163987661938617
-7,10,4.191566253700641
-7,10,1.6500000000000001
-7,10,2.581561650312612
-7,10,3.8179300177006414
-7,10,3.116859092792791
-7,10,1.72891873790845
-7,10,8.98407886337313
-7,10,4.2970764586269805
-7,10,4.577318210476461
-7,10,3.9101537400478232
-7,10,2.1867434715025413
-7,10,4.406949963083694
-7,10,4.678576737963166
-7,10,7.504308034942833
-7,10,4.182924870536486
-7,10,1.6500000000000001
-7,10,4.7224455817993345
-7,10,8.841745294520383
-7,10,2.1990836557868567
-7,10,12.400890085592078
-7,10,6.877294154925894
-7,10,1.6500000000000001
-7,10,3.7088179687913376
-7,10,3.442788730525017
-7,10,4.023024571435674
-7,10,4.9458850717557015
-7,10,4.055570704106664
-7,10,10.702796302070979
-7,10,6.374494760013525
-7,10,2.2812140989054654
-7,10,3.0364081669170044
-8,10,2.0121360528530263
-8,10,6.601324761859259
-8,10,3.5845189689996815
-8,10,3.30707491346576
-8,10,4.810264860398151
-8,10,1.6500000000000001
-8,10,1.6500000000000001
-8,10,1.6500000000000001
-8,10,1.6500000000000001
-8,10,6.550078928994068
-8,10,1.6500000000000001
-8,10,3.7685121767182626
-8,10,1.6500000000000001
-8,10,1.6500000000000001
-8,10,10.195009238232618
-8,10,10.633892400801024
-8,10,8.234168922749282
-8,10,4.712097827761456
-8,10,9.713072164922256
-8,10,3.3960735845294967
-8,10,5.1413051193280745
-8,10,1.6500000000000001
-8,10,5.753677405742821
-8,10,4.763453670571368
-8,10,4.044413533452275
-8,10,5.614450697921607
-8,10,2.2335837659264124
-8,10,1.6500000000000001
-8,10,8.54309757985283
-8,10,2.497740143593791
-8,10,3.4358807719944418
-8,10,1.6500000000000001
-8,10,3.468727601312221
-8,10,2.1335920187401127
-8,10,8.26973463720461
-8,10,6.056664733513049
-8,10,2.8171883578794708
-8,10,5.10564426075865
-8,10,4.761912075695851
-8,10,3.5931613778227565
-8,10,5.222701126163485
-8,10,1.6500000000000001
-8,10,3.5450646306390046
-8,10,5.139741776005365
-8,10,8.713694931807048
-8,10,7.881353163754907
-8,10,4.5953951985506825
-8,10,3.2776931014183583
-8,10,5.0824093721862855
-8,10,2.2622547757584948
-8,10,1.6500000000000001
-8,10,7.2347309802525555
-8,10,10.213840428169235
-8,10,4.866182429161989
-8,10,5.87689679483523
-8,10,2.6703334781728967
-8,10,4.4714022689652655
-8,10,1.6500000000000001
-8,10,2.0471289949093605
-8,10,3.3809916467999646
-8,10,5.299931517639729
-9,10,6.296519501085934
-9,10,1.6500000000000001
-9,10,9.411218408446189
-9,10,2.246897146053098
-9,10,2.89432483463366
-9,10,9.228995724228152
-9,10,5.879739181561684
-9,10,5.603511675344647
-9,10,1.6500000000000001
-9,10,3.607053631593834
-9,10,7.590203173929298
-9,10,1.6500000000000001
-9,10,2.8144053154520976
-9,10,1.6500000000000001
-9,10,1.6500000000000001
-9,10,5.222406241450762
-9,10,3.455944829628137
-9,10,1.6500000000000001
-9,10,3.8088325026949006
-9,10,1.6500000000000001
-9,10,6.518453888299419
-9,10,2.567298261066964
-9,10,4.056828571952233
-9,10,2.7818074730444486
-9,10,10.388749969764465
-9,10,3.7825204053962875
-9,10,5.12705814383608
-9,10,3.8755490974488342
-9,10,7.8608960400928005
-9,10,1.744017310833267
-9,10,7.232761789934476
-9,10,6.413446151178626
-9,10,2.6369374232542535
-9,10,2.5278681330255033
-9,10,3.4407963226237204
-9,10,5.114312531520301
-9,10,7.094910340153469
-9,10,1.6500000000000001
-9,10,1.6500000000000001
-9,10,1.6500000000000001
-9,10,3.9359876446039608
-9,10,1.8841108737417676
-9,10,1.6500000000000001
-9,10,1.6500000000000001
-9,10,1.6500000000000001
-9,10,3.831161786247529
-9,10,7.523455168090731
-9,10,4.504930659448835
-9,10,1.6500000000000001
-9,10,4.593914850919105
-9,10,2.3163339314764406
-9,10,2.2261645633390925
-9,10,7.458954405072708
-9,10,4.498042296143949
-9,10,4.89482663121967
-9,10,1.6500000000000001
-9,10,3.6964861465118393
-9,10,7.860409352813531
-9,10,3.9958747598051065
-9,10,4.071266167998209
-10,10,1.6500000000000001
-10,10,7.0649491353982405
-10,10,1.6500000000000001
-10,10,4.213813710021115
-10,10,1.6500000000000001
-10,10,1.6500000000000001
-10,10,3.6821111844078436
-10,10,5.293650714734262
-10,10,1.6500000000000001
-10,10,4.347875062664988
-10,10,1.6500000000000001
-10,10,2.8993783363476173
-10,10,1.6500000000000001
-10,10,4.761568071733282
-10,10,7.129876959440215
-10,10,1.6500000000000001
-10,10,3.489517574180528
-10,10,1.6500000000000001
-10,10,10.237509176786457
-10,10,8.681086192598414
-10,10,1.6500000000000001
-10,10,1.6500000000000001
-10,10,2.5025999941867045
-10,10,6.163535523036013
-10,10,1.6500000000000001
-10,10,2.6607291506278257
-10,10,2.8962287929986923
-10,10,1.6500000000000001
-10,10,2.6277803789199146
-10,10,3.5835859845561213
-10,10,2.471461344186615
-10,10,4.096687690151388
-10,10,9.003849809858227
-10,10,2.3832443144241013
-10,10,10.90822907694896
-10,10,9.573410909715054
-10,10,2.848712031383961
-10,10,4.565231576731112
-10,10,7.167630565544268
-10,10,1.6500000000000001
-10,10,1.6500000000000001
-10,10,3.1445071438993777
-10,10,1.9660024746160918
-10,10,1.6500000000000001
-10,10,1.6500000000000001
-10,10,1.6500000000000001
-10,10,3.9135225753877916
-10,10,2.5376509704776455
-10,10,2.0016607990931603
-10,10,5.332090325449128
-10,10,5.086508705025808
-10,10,1.6500000000000001
-10,10,1.6734529344052738
-10,10,6.906127799536204
-10,10,6.985424911784233
-10,10,4.875327959597234
-10,10,8.539591484297278
-10,10,11.905742164471583
-10,10,2.0069992795854867
-10,10,4.595760596045954
-10,10,1.9284070081901783
-11,10,6.5099133617386595
-11,10,3.0236711268808873
-11,10,1.6500000000000001
-11,10,3.169742875078434
-11,10,5.361160834745689
-11,10,4.2390371759680665
-11,10,1.6500000000000001
-11,10,1.6500000000000001
-11,10,8.922974926288546
-11,10,4.447691689419624
-11,10,1.9263696268731874
-11,10,5.697444866340014
-11,10,6.349938053552062
-11,10,3.978516438362552
-11,10,1.6500000000000001
-11,10,2.194534379723452
-11,10,1.6500000000000001
-11,10,2.463895057025542
-11,10,3.0711074749036347
-11,10,10.639056289934736
-11,10,1.6500000000000001
-11,10,6.49388817153775
-11,10,5.519900165723833
-11,10,3.9984834522434882
-11,10,1.6500000000000001
-11,10,6.889307351009108
-11,10,4.463011188922609
-11,10,6.968839466239213
-11,10,5.466485398183484
-11,10,1.6500000000000001
-11,10,5.527328676621505
-11,10,1.6500000000000001
-11,10,5.064576071033143
-11,10,5.276853730343607
-11,10,1.6500000000000001
-11,10,6.048943223391249
-11,10,4.664088646078728
-11,10,6.319598184798711
-11,10,1.6500000000000001
-11,10,1.6500000000000001
-11,10,6.710659592595535
-11,10,1.6500000000000001
-11,10,3.965964219211677
-11,10,1.6500000000000001
-11,10,5.67817435761301
-11,10,1.6500000000000001
-11,10,1.6500000000000001
-11,10,2.7247404050052353
-11,10,2.279869617693863
-11,10,1.7247921589065307
-11,10,2.053168265356075
-11,10,1.6500000000000001
-11,10,4.625888467802951
-11,10,1.6500000000000001
-11,10,1.6500000000000001
-11,10,1.6500000000000001
-11,10,3.9551972322172446
-11,10,1.6500000000000001
-11,10,2.214260676380049
-11,10,1.6500000000000001
-12,10,1.6500000000000001
-12,10,8.157913449691568
-12,10,1.6500000000000001
-12,10,1.7671593220710866
-12,10,10.940570633221835
-12,10,3.4425130318167825
-12,10,8.038042805525382
-12,10,4.254704210986746
-12,10,1.6500000000000001
-12,10,1.6500000000000001
-12,10,2.0467231831695023
-12,10,3.5441724164201394
-12,10,3.061733208134743
-12,10,6.7554721155884145
-12,10,10.234069114398299
-12,10,3.8807769855092187
-12,10,3.5580388460252292
-12,10,5.704918237327059
-12,10,9.274121464267179
-12,10,4.761031375372054
-12,10,2.4430404243402783
-12,10,7.265177910271631
-12,10,1.6500000000000001
-12,10,7.415868436831952
-12,10,5.542581463960071
-12,10,1.6500000000000001
-12,10,1.6500000000000001
-12,10,1.6500000000000001
-12,10,6.126522744133272
-12,10,1.6500000000000001
-12,10,1.6500000000000001
-12,10,1.6500000000000001
-12,10,1.6500000000000001
-12,10,1.9508072175162074
-12,10,7.747369198679916
-12,10,1.6500000000000001
-12,10,1.6500000000000001
-12,10,4.636976351009175
-12,10,1.6500000000000001
-12,10,5.018861879535382
-12,10,1.6500000000000001
-12,10,3.245225853410085
-12,10,6.046111462024071
-12,10,8.691864169074263
-12,10,5.770048256564309
-12,10,3.652314371958257
-12,10,1.6500000000000001
-12,10,5.772123658260094
-12,10,6.2349354470410265
-12,10,2.254533519424024
-12,10,2.119883672390068
-12,10,3.2963545466521333
-12,10,4.943639650092134
-12,10,1.6500000000000001
-12,10,4.403387438737166
-12,10,2.3210151197191067
-12,10,1.6500000000000001
-12,10,2.881717497962215
-12,10,1.6500000000000001
-12,10,1.6500000000000001
-12,10,6.850446927777041
-13,10,2.176111212017356
-13,10,1.6500000000000001
-13,10,1.6500000000000001
-13,10,1.6500000000000001
-13,10,2.7466900973844943
-13,10,1.6500000000000001
-13,10,5.783409521775175
-13,10,1.6500000000000001
-13,10,1.6500000000000001
-13,10,1.6500000000000001
-13,10,1.6500000000000001
-13,10,5.6880884585385445
-13,10,6.81606817204244
-13,10,1.6500000000000001
-13,10,1.6500000000000001
-13,10,3.7688145012194463
-13,10,2.0009459729825356
-13,10,1.6500000000000001
-13,10,5.6478953953674065
-13,10,2.041663053402351
-13,10,1.8671901345801152
-13,10,2.8453326304204953
-13,10,3.9224986695410853
-13,10,3.7914847632564586
-13,10,1.6500000000000001
-13,10,9.911559942593497
-13,10,5.334530462561522
-13,10,3.5292595725920117
-13,10,4.148409104451142
-13,10,1.6500000000000001
-13,10,3.8215045326527886
-13,10,2.6225983083302347
-13,10,1.6500000000000001
-13,10,2.6877662432372382
-13,10,1.6500000000000001
-13,10,1.6500000000000001
-13,10,7.290267967238281
-13,10,3.892936452881736
-13,10,3.5442270080707585
-13,10,1.6500000000000001
-13,10,1.6500000000000001
-13,10,5.6621709852969495
-13,10,2.4161600116348176
-13,10,1.6500000000000001
-13,10,2.100773635699202
-13,10,3.1665286993095103
-13,10,5.5979817893210875
-13,10,5.542348577885799
-13,10,1.6500000000000001
-13,10,1.6500000000000001
-13,10,1.6500000000000001
-13,10,2.6461597496081803
-13,10,13.660557477137916
-13,10,8.714834552691764
-13,10,5.351373243013773
-13,10,2.6433755614258554
-13,10,2.809980100882065
-13,10,1.6500000000000001
-13,10,4.583646332813583
-13,10,3.856739063543384
-13,10,1.6500000000000001
-13,9,1.6500000000000001
-13,9,5.488795476290692
-13,9,1.6500000000000001
-13,9,3.5314276774577014
-13,9,1.6500000000000001
-13,9,5.02754665216295
-13,9,5.799982385236158
-13,9,1.6500000000000001
-13,9,1.6500000000000001
-13,9,3.734702758611391
-13,9,3.3039053277938377
-13,9,4.252623670762743
-13,9,1.6500000000000001
-13,9,1.6500000000000001
-13,9,2.792033227381088
-13,9,3.691588049564146
-13,9,3.6702909098643453
-13,9,1.6500000000000001
-13,9,12.431966184695405
-13,9,6.407017086721101
-13,9,1.6626356082107316
-13,9,3.3380915580704076
-13,9,1.6500000000000001
-13,9,1.7036831687479497
-13,9,1.9427787085159471
-13,9,4.203638046932003
-13,9,3.845145913477593
-13,9,3.6323055317533037
-13,9,3.1401440056977266
-13,9,6.892641421395757
-13,9,9.128154863949169
-13,9,9.269691617997587
-13,9,3.2051443231607193
-13,9,1.6500000000000001
-13,9,1.6500000000000001
-13,9,3.8280677141442334
-13,9,2.3520441155978045
-13,9,1.6500000000000001
-13,9,7.771905844072429
-13,9,5.5456597177053135
-13,9,4.882823190553518
-13,9,5.175416962867239
-13,9,1.6500000000000001
-13,9,1.6500000000000001
-13,9,6.366749461425634
-13,9,3.730624227742494
-13,9,3.4697691208628627
-13,9,8.103690036621146
-13,9,1.6500000000000001
-13,9,1.6500000000000001
-13,9,1.6500000000000001
-13,9,2.823836508377272
-13,9,3.9511147702090286
-13,9,1.6500000000000001
-13,9,1.6736260766310112
-13,9,1.6500000000000001
-13,9,2.6006994722511956
-13,9,5.065499865025066
-13,9,3.7592690686754446
-13,9,1.6500000000000001
-13,10,3.896277715495866
-13,10,3.1788896656029184
-13,10,5.01578330058666
-13,10,1.6500000000000001
-13,10,6.193491766542844
-13,10,4.614265725310714
-13,10,6.336983780242308
-13,10,4.7966790368809935
-13,10,6.932691838465176
-13,10,6.1552728906538885
-13,10,5.196394956434759
-13,10,6.201556157801432
-13,10,1.6500000000000001
-13,10,1.6500000000000001
-13,10,1.6500000000000001
-13,10,5.975991578313604
-13,10,3.4111558584177706
-13,10,6.952279260105113
-13,10,1.7355965206161266
-13,10,4.958671791630202
-13,10,4.312801353538019
-13,10,5.215912380693199
-13,10,7.233430586547575
-13,10,6.747511538367567
-13,10,1.6500000000000001
-13,10,1.981709369026605
-13,10,1.6500000000000001
-13,10,4.557130462258067
-13,10,2.4166576884982485
-13,10,3.984361580430623
-13,10,2.5544928110343257
-13,10,1.6500000000000001
-13,10,3.09533272490196
-13,10,1.6500000000000001
-13,10,1.9685751160075744
-13,10,1.6500000000000001
-13,10,2.1604217953585128
-13,10,6.075707768900436
-13,10,7.143566430740474
-13,10,3.2621748386524914
-13,10,1.6500000000000001
-13,10,1.6500000000000001
-13,10,1.6500000000000001
-13,10,1.6500000000000001
-13,10,3.144177039729458
-13,10,1.6500000000000001
-13,10,1.6500000000000001
-13,10,3.3294515364948367
-13,10,3.5974003221755004
-13,10,4.831382845976314
-13,10,5.365863669218095
-13,10,1.6500000000000001
-13,10,9.441833288932298
-13,10,1.9477302729342227
-13,10,9.61150918502008
-13,10,4.529263010949008
-13,10,2.441005872561405
-13,10,1.6500000000000001
-13,10,1.6500000000000001
-13,10,3.072664445124545
-13,10,2.6852709357830395
-12,10,6.03139172182829
-12,10,1.6500000000000001
-12,10,1.6500000000000001
-12,10,5.85400722092175
-12,10,1.6500000000000001
-12,10,1.6500000000000001
-12,10,6.511932334063943
-12,10,8.342373017497465
-12,10,1.6500000000000001
-12,10,4.884960742037507
-12,10,1.6500000000000001
-12,10,3.8313831893502965
-12,10,2.0401328648675454
-12,10,1.6500000000000001
-12,10,5.466820071622409
-12,10,6.390806656003959
-12,10,1.6500000000000001
-12,10,5.029939649778833
-12,10,2.918554889669288
-12,10,1.6500000000000001
-12,10,5.979455863401419
-12,10,5.31900088670836
-12,10,1.6500000000000001
-12,10,1.6500000000000001
-12,10,1.6500000000000001
-12,10,4.1510704438712125
-12,10,7.475028146837859
-12,10,1.6500000000000001
-12,10,1.6500000000000001
-12,10,5.2409274882255215
-12,10,1.6500000000000001
-12,10,4.635050854242455
-12,10,1.6500000000000001
-12,10,2.3584633069700005
-12,10,1.6500000000000001
-12,10,5.005113590696803
-12,10,2.712302472420184
-12,10,2.992637251009728
-12,10,13.53240474373805
-12,10,12.561582573823461
-12,10,5.444679692154723
-12,10,2.374166737991935
-12,10,1.6500000000000001
-12,10,5.489480281121443
-12,10,4.050257311568524
-12,10,6.315983409933288
-12,10,1.6500000000000001
-12,10,6.334893286057956
-12,10,1.6500000000000001
-12,10,5.967172135693273
-12,10,3.337827658624775
-12,10,1.6500000000000001
-12,10,8.661000291037926
-12,10,4.529143562829875
-12,10,4.23652624480643
-12,10,5.438498192344492
-12,10,3.104016110246005
-12,10,2.915813848143533
-12,10,1.6500000000000001
-12,10,6.5563441541281415
-12,11,1.6500000000000001
-12,11,7.053544310318519
-12,11,3.750382336740794
-12,11,1.6500000000000001
-12,11,3.9807807546516236
-12,11,3.652831456680416
-12,11,10.085178780386954
-12,11,1.6500000000000001
-12,11,6.911919484798261
-12,11,1.6500000000000001
-12,11,3.83322215299876
-12,11,3.263458915208802
-12,11,8.890473896951182
-12,11,4.965580754215472
-12,11,7.331002313488607
-12,11,4.318592392098925
-12,11,3.48686850915658
-12,11,1.6500000000000001
-12,11,1.6674852880037534
-12,11,4.4558315762953
-12,11,1.6500000000000001
-12,11,6.524743993848425
-12,11,10.288084516672225
-12,11,3.9951308162532424
-12,11,1.6500000000000001
-12,11,2.161219021845685
-12,11,1.6500000000000001
-12,11,1.6500000000000001
-12,11,1.6500000000000001
-12,11,6.392321274335946
-12,11,1.6500000000000001
-12,11,2.729314783178994
-12,11,1.6500000000000001
-12,11,4.679604857366787
-12,11,6.838475806723625
-12,11,3.30055777308944
-12,11,1.6500000000000001
-12,11,2.423894032917752
-12,11,5.061309641507492
-12,11,3.8145297034195504
-12,11,1.6500000000000001
-12,11,3.90887318068933
-12,11,1.6500000000000001
-12,11,2.7186401215373426
-12,11,1.6500000000000001
-12,11,2.538566726132914
-12,11,1.6500000000000001
-12,11,1.6500000000000001
-12,11,2.1166763121068772
-12,11,5.708122462095446
-12,11,3.3388391170030145
-12,11,9.548055800884448
-12,11,1.6500000000000001
-12,11,5.142547271291649
-12,11,1.6500000000000001
-12,11,6.76409033146372
-12,11,4.221186163650336
-12,11,2.259116055330981
-12,11,2.7100226759847805
-12,11,1.6500000000000001
-12,11,6.269160711544469
-13,11,1.6500000000000001
-13,11,1.8118393483017567
-13,11,6.201929831277502
-13,11,3.674439481129223
-13,11,1.6500000000000001
-13,11,5.000918998906346
-13,11,1.6500000000000001
-13,11,1.6500000000000001
-13,11,2.1631262569842464
-13,11,1.6500000000000001
-13,11,5.091633315593382
-13,11,1.6500000000000001
-13,11,1.6500000000000001
-13,11,3.832417684766982
-13,11,3.443774006297354
-13,11,2.2010127546178504
-13,11,5.167679673498274
-13,11,4.353771698626951
-13,11,1.6500000000000001
-13,11,6.501780005942673
-13,11,1.6500000000000001
-13,11,1.6500000000000001
-13,11,4.724214913313151
-13,11,7.537623685408078
-13,11,2.610351004100824
-13,11,2.159441037595972
-13,11,1.6500000000000001
-13,11,2.8169592220521062
-13,11,3.901637267298414
-13,11,4.130548159097105
-13,11,1.6500000000000001
-13,11,1.6500000000000001
-13,11,5.268724132909743
-13,11,4.53080832544448
-13,11,1.6500000000000001
-13,11,2.009231983732401
-13,11,1.6500000000000001
-13,11,5.461368425485661
-13,11,5.116296552565608
-13,11,9.509410778444511
-13,11,1.6500000000000001
-13,11,3.9155375567090207
-13,11,1.6500000000000001
-13,11,7.205554051636866
-13,11,4.361489410457609
-13,11,4.265496253314724
-13,11,9.191606457588032
-13,11,3.122233144770253
-13,11,6.478682207143217
-13,11,1.7780100557228777
-13,11,1.6500000000000001
-13,11,5.087951097135699
-13,11,4.296253052463802
-13,11,1.6500000000000001
-13,11,1.6500000000000001
-13,11,2.301005098649277
-13,11,1.6500000000000001
-13,11,1.6500000000000001
-13,11,1.6500000000000001
-13,11,1.6500000000000001
-13,11,1.6500000000000001
-13,10,1.6500000000000001
-13,10,7.194234904574704
-13,10,2.694281964291915
-13,10,3.6654926681538917
-13,10,3.996833559015286
-13,10,8.186917317056277
-13,10,4.5551589883330355
-13,10,4.381858016156798
-13,10,4.540385539226197
-13,10,6.024517493465989
-13,10,7.412098041362971
-13,10,3.2028494066526125
-13,10,1.6500000000000001
-13,10,1.6500000000000001
-13,10,2.8857718638516108
-13,10,1.6500000000000001
-13,10,1.6500000000000001
-13,10,5.752391072183727
-13,10,1.6500000000000001
-13,10,2.6629282158272845
-13,10,2.3839233994840177
-13,10,1.6500000000000001
-13,10,3.066476194546605
-13,10,1.6500000000000001
-13,10,6.025505253497851
-13,10,2.7967399492056773
-13,10,2.8105576255740594
-13,10,6.339928530831173
-13,10,8.432708616961436
-13,10,2.5106221388264762
-13,10,8.619273872848705
-13,10,3.9136238201404194
-13,10,1.6500000000000001
-13,10,8.255418134321797
-13,10,7.011634504754968
-13,10,1.6500000000000001
-13,10,7.058268503521092
-13,10,6.850505884719368
-13,10,3.8334133261754233
-13,10,1.6500000000000001
-13,10,1.6520655674667417
-13,10,3.596919902507913
-13,10,1.7433187618718322
-13,10,5.954147226761078
-13,10,2.440899752965061
-13,10,1.6500000000000001
-13,10,5.088746336548313
-13,10,1.8111665940571104
-13,10,5.563381905239371
-13,10,1.6500000000000001
-13,10,1.6500000000000001
-13,10,1.6500000000000001
-13,10,1.6500000000000001
-13,10,10.980359056449164
-13,10,1.6500000000000001
-13,10,5.2067866766758995
-13,10,6.014203487618573
-13,10,4.579578677434448
-13,10,1.6500000000000001
-13,10,4.377329578617999
-13,11,2.939828846117663
-13,11,6.173113962856265
-13,11,1.6943395272728685
-13,11,3.6249363221782764
-13,11,1.6500000000000001
-13,11,1.8301326341018749
-13,11,1.6500000000000001
-13,11,4.397587853250359
-13,11,1.6500000000000001
-13,11,11.242893104521194
-13,11,4.467794308043088
-13,11,2.428469495455262
-13,11,1.6500000000000001
-13,11,1.6500000000000001
-13,11,1.6500000000000001
-13,11,8.744953135003044
-13,11,3.4208624796094185
-13,11,11.082791575523803
-13,11,1.6500000000000001
-13,11,1.6500000000000001
-13,11,1.6500000000000001
-13,11,1.6500000000000001
-13,11,4.236105422711006
-13,11,1.6500000000000001
-13,11,4.057939921557432
-13,11,1.6500000000000001
-13,11,3.2743543967804882
-13,11,5.652767801287446
-13,11,4.2640973333550285
-13,11,1.6500000000000001
-13,11,10.41591412446309
-13,11,1.6500000000000001
-13,11,1.6500000000000001
-13,11,4.1436062015216395
-13,11,1.6500000000000001
-13,11,6.462228977742146
-13,11,3.158886501625801
-13,11,4.616644356952052
-13,11,6.512773156636026
-13,11,7.996591762682822
-13,11,1.6500000000000001
-13,11,10.009031222951325
-13,11,4.483744343686142
-13,11,4.128406257742091
-13,11,6.871193647355955
-13,11,1.6500000000000001
-13,11,4.576337988732316
-13,11,7.729557081927934
-13,11,5.601922591564242
-13,11,3.4250904994763394
-13,11,1.9641640506002762
-13,11,1.6500000000000001
-13,11,1.6500000000000001
-13,11,1.6500000000000001
-13,11,1.6500000000000001
-13,11,1.6500000000000001
-13,11,2.2651440564399348
-13,11,8.600119598242653
-13,11,2.9486849694460107
-13,11,2.3177751775184867
-13,11,1.9331112777192514
-14,11,7.648494630575288
-14,11,3.086510201359738
-14,11,5.1140946342745135
-14,11,8.11456483224082
-14,11,1.6500000000000001
-14,11,1.6500000000000001
-14,11,7.104021170522249
-14,11,4.601762994314923
-14,11,1.6500000000000001
-14,11,3.1546220787622268
-14,11,1.6500000000000001
-14,11,1.6500000000000001
-14,11,1.6500000000000001
-14,11,1.6500000000000001
-14,11,1.6500000000000001
-14,11,2.229935213723088
-14,11,1.6500000000000001
-14,11,1.6500000000000001
-14,11,2.0482414353824114
-14,11,1.6500000000000001
-14,11,1.6500000000000001
-14,11,1.6500000000000001
-14,11,1.6500000000000001
-14,11,8.733916860961337
-14,11,2.8662784649368476
-14,11,3.717234914091494
-14,11,2.1593618026093018
-14,11,1.6500000000000001
-14,11,2.9841746636979667
-14,11,8.65531561036094
-14,11,1.6500000000000001
-14,11,2.680617738633651
-14,11,1.6500000000000001
-14,11,4.620621771878323
-14,11,1.6500000000000001
-14,11,4.981014402559879
-14,11,2.8357624571715663
-14,11,3.166117374705485
-14,11,1.6500000000000001
-14,11,1.6500000000000001
-14,11,1.6500000000000001
-14,11,1.6500000000000001
-14,11,1.6500000000000001
-14,11,1.6500000000000001
-14,11,6.624297241504626
-14,11,4.633098245588126
-14,11,1.6500000000000001
-14,11,1.6500000000000001
-14,11,6.289045153913062
-14,11,1.8333660815485069
-14,11,1.6500000000000001
-14,11,1.6500000000000001
-14,11,1.6500000000000001
-14,11,7.049932131938212
-14,11,1.6500000000000001
-14,11,1.6500000000000001
-14,11,1.6500000000000001
-14,11,5.503003807919759
-14,11,2.7606585050971937
-14,11,1.962199976854354
-15,11,1.6500000000000001
-15,11,1.6500000000000001
-15,11,2.8313782008500556
-15,11,1.6500000000000001
-15,11,1.6500000000000001
-15,11,3.796910470955995
-15,11,6.406253219458068
-15,11,1.6500000000000001
-15,11,5.392098267433086
-15,11,2.196000524109682
-15,11,2.841183798244362
-15,11,6.389650057023261
-15,11,4.865961351424047
-15,11,6.071541783915383
-15,11,4.079078265955202
-15,11,3.1828581701518606
-15,11,1.6500000000000001
-15,11,1.844058619871979
-15,11,1.6500000000000001
-15,11,1.835486853424452
-15,11,1.6500000000000001
-15,11,2.096984827851304
-15,11,1.6500000000000001
-15,11,1.6500000000000001
-15,11,1.6500000000000001
-15,11,1.6500000000000001
-15,11,2.8378096302375693
-15,11,3.4634112183774444
-15,11,3.931017415810939
-15,11,1.6500000000000001
-15,11,2.695977741202367
-15,11,1.6500000000000001
-15,11,1.6500000000000001
-15,11,3.4303250947307364
-15,11,1.6500000000000001
-15,11,7.923878378845924
-15,11,1.6500000000000001
-15,11,4.471394530939593
-15,11,1.6500000000000001
-15,11,1.6500000000000001
-15,11,1.6500000000000001
-15,11,3.8989349910734967
-15,11,1.7090292451371463
-15,11,5.42569357617789
-15,11,3.9610405696619297
-15,11,4.168259747154103
-15,11,7.349530281444991
-15,11,1.6500000000000001
-15,11,4.206976655673742
-15,11,1.6500000000000001
-15,11,5.21020633682345
-15,11,8.75750738771565
-15,11,2.862113753368999
-15,11,1.6500000000000001
-15,11,1.6500000000000001
-15,11,1.6500000000000001
-15,11,4.830056048714728
-15,11,5.024360764776551
-15,11,1.6500000000000001
-15,11,4.092881980806315
-15,11,3.049190325141289
-15,12,1.6500000000000001
-15,12,5.488833351894169
-15,12,2.521360379360644
-15,12,4.078937803257301
-15,12,4.8871124613023476
-15,12,3.178697690689115
-15,12,1.6500000000000001
-15,12,2.420244602394067
-15,12,1.7139390761579087
-15,12,1.6500000000000001
-15,12,1.6500000000000001
-15,12,1.6500000000000001
-15,12,3.8982586356682094
-15,12,1.6500000000000001
-15,12,7.061635994224736
-15,12,1.6500000000000001
-15,12,2.37848866649129
-15,12,1.6500000000000001
-15,12,6.402604628414047
-15,12,3.4011097556530183
-15,12,1.6500000000000001
-15,12,3.478948788344634
-15,12,4.758854657478175
-15,12,1.6500000000000001
-15,12,1.6500000000000001
-15,12,1.992226874228752
-15,12,1.6500000000000001
-15,12,1.6500000000000001
-15,12,1.6500000000000001
-15,12,3.5791786693473915
-15,12,3.001294900949897
-15,12,1.6500000000000001
-15,12,2.5050682915605305
-15,12,6.309093800938815
-15,12,1.6500000000000001
-15,12,1.6500000000000001
-15,12,5.908199221951429
-15,12,3.693505933288762
-15,12,1.6500000000000001
-15,12,5.869318761664735
-15,12,1.6500000000000001
-15,12,1.6500000000000001
-15,12,1.6500000000000001
-15,12,1.6500000000000001
-15,12,1.6500000000000001
-15,12,1.6500000000000001
-15,12,1.6500000000000001
-15,12,1.6500000000000001
-15,12,1.6500000000000001
-15,12,1.6500000000000001
-15,12,4.705543394811652
-15,12,1.9091140480045565
-15,12,1.6500000000000001
-15,12,5.105456722960506
-15,12,1.6500000000000001
-15,12,1.6500000000000001
-15,12,1.6500000000000001
-15,12,5.766986094863348
-15,12,1.6500000000000001
-15,12,1.6500000000000001
-15,12,1.6500000000000001
-16,12,1.6500000000000001
-16,12,1.980169858212492
-16,12,1.6500000000000001
-16,12,3.6224012753296346
-16,12,1.6500000000000001
-16,12,2.0260009908146164
-16,12,8.635748292377766
-16,12,5.562116824311034
-16,12,4.306393167788424
-16,12,1.6500000000000001
-16,12,1.6500000000000001
-16,12,1.6500000000000001
-16,12,1.6500000000000001
-16,12,1.6500000000000001
-16,12,2.6924830640854354
-16,12,7.595687473262956
-16,12,1.6500000000000001
-16,12,11.22745187616253
-16,12,1.6500000000000001
-16,12,1.6500000000000001
-16,12,3.7426398628585362
-16,12,1.6500000000000001
-16,12,1.6500000000000001
-16,12,1.6500000000000001
-16,12,1.6500000000000001
-16,12,2.7364850532240745
-16,12,1.6500000000000001
-16,12,3.3749333284315224
-16,12,1.6500000000000001
-16,12,1.6500000000000001
-16,12,1.999583827892511
-16,12,1.6500000000000001
-16,12,1.6500000000000001
-16,12,1.6500000000000001
-16,12,1.6500000000000001
-16,12,4.808371113233321
-16,12,3.1797570023750437
-16,12,2.480123050734834
-16,12,11.112688312003504
-16,12,5.978284941210469
-16,12,1.6500000000000001
-16,12,1.6500000000000001
-16,12,1.6500000000000001
-16,12,1.6500000000000001
-16,12,1.6500000000000001
-16,12,1.6500000000000001
-16,12,6.426387050190859
-16,12,1.6500000000000001
-16,12,1.6500000000000001
-16,12,1.6500000000000001
-16,12,1.6500000000000001
-16,12,3.9303752918832258
-16,12,1.6500000000000001
-16,12,1.6500000000000001
-16,12,1.6500000000000001
-16,12,2.433379066254994
-16,12,1.6500000000000001
-16,12,5.5679122262483896
-16,12,1.6500000000000001
-16,12,1.6500000000000001
-16,11,1.6500000000000001
-16,11,1.6500000000000001
-16,11,2.169942218471449
-16,11,6.7322590297703195
-16,11,1.6500000000000001
-16,11,1.6500000000000001
-16,11,1.6500000000000001
-16,11,1.6500000000000001
-16,11,1.6500000000000001
-16,11,1.6500000000000001
-16,11,3.2299096346277425
-16,11,1.6500000000000001
-16,11,1.6500000000000001
-16,11,1.6500000000000001
-16,11,1.6500000000000001
-16,11,9.658985165036615
-16,11,1.7542466034050384
-16,11,1.6500000000000001
-16,11,5.445473767871564
-16,11,1.6500000000000001
-16,11,1.6500000000000001
-16,11,1.947933293142116
-16,11,11.077178985711763
-16,11,1.6500000000000001
-16,11,1.6500000000000001
-16,11,1.6500000000000001
-16,11,1.9926757396244168
-16,11,2.1353829868148755
-16,11,1.6500000000000001
-16,11,1.6500000000000001
-16,11,1.6500000000000001
-16,11,2.8258242802633373
-16,11,1.6500000000000001
-16,11,4.1547384286565645
-16,11,1.6500000000000001
-16,11,1.6500000000000001
-16,11,2.7751067386135206
-16,11,1.6500000000000001
-16,11,1.6500000000000001
-16,11,1.6500000000000001
-16,11,1.6500000000000001
-16,11,1.6500000000000001
-16,11,5.734042996340788
-16,11,1.6500000000000001
-16,11,1.6500000000000001
-16,11,2.5104342406185918
-16,11,1.6500000000000001
-16,11,4.949747251803599
-16,11,4.913713786784291
-16,11,3.114854340186741
-16,11,1.6500000000000001
-16,11,1.6500000000000001
-16,11,1.6500000000000001
-16,11,1.6500000000000001
-16,11,3.1393304981537904
-16,11,1.6500000000000001
-16,11,3.0333326887297885
-16,11,5.343739636844786
-16,11,2.2099853366515987
-16,11,1.6500000000000001
-16,11,7.142606235956902
-15,11,1.6500000000000001
-15,11,1.6500000000000001
-15,11,2.313768067262625
-15,11,1.6500000000000001
-15,11,1.6500000000000001
-15,11,4.003794017130614
-15,11,1.6500000000000001
-15,11,1.6500000000000001
-15,11,1.6500000000000001
-15,11,1.6500000000000001
-15,11,1.6500000000000001
-15,11,1.6500000000000001
-15,11,6.8604828624023355
-15,11,2.6025097927661807
-15,11,8.438589592030581
-15,11,1.6500000000000001
-15,11,4.779739426936961
-15,11,2.136058591022426
-15,11,5.011631487501761
-15,11,1.6500000000000001
-15,11,1.6500000000000001
-15,11,1.6500000000000001
-15,11,5.020959522762126
-15,11,1.6500000000000001
-15,11,1.6500000000000001
-15,11,3.14163330520797
-15,11,1.6500000000000001
-15,11,1.6500000000000001
-15,11,2.607468684747769
-15,11,1.7052834750698491
-15,11,1.6500000000000001
-15,11,1.6500000000000001
-15,11,1.6500000000000001
-15,11,1.6500000000000001
-15,11,5.845024766671793
-15,11,1.6500000000000001
-15,11,1.6500000000000001
-15,11,5.679948078102221
-15,11,1.6500000000000001
-15,11,1.6500000000000001
-15,11,5.0573025761106445
-15,11,4.764050035111259
-15,11,4.076584579202708
-15,11,1.6500000000000001
-15,11,1.6500000000000001
-15,11,1.6500000000000001
-15,11,4.129993385549832
-15,11,4.750512707258614
-15,11,4.418261534491154
-15,11,3.7496182740218074
-15,11,1.6500000000000001
-15,11,1.6500000000000001
-15,11,1.6500000000000001
-15,11,3.359988381480229
-15,11,6.752891569406419
-15,11,6.532781600607523
-15,11,5.827895210260808
-15,11,1.6500000000000001
-15,11,2.884324047405825
-15,11,2.7571663318387594
-16,11,3.61109143233044
-16,11,2.839046542140192
-16,11,2.6657616406088165
-16,11,1.6500000000000001
-16,11,2.0648113854629444
-16,11,1.6500000000000001
-16,11,1.6500000000000001
-16,11,1.6500000000000001
-16,11,1.6500000000000001
-16,11,1.6500000000000001
-16,11,3.412563621792308
-16,11,11.024987589634275
-16,11,4.872523003404192
-16,11,1.6500000000000001
-16,11,1.6500000000000001
-16,11,1.6500000000000001
-16,11,1.6500000000000001
-16,11,1.6500000000000001
-16,11,7.593805872469343
-16,11,2.8165084629454014
-16,11,1.6500000000000001
-16,11,1.6500000000000001
-16,11,1.6500000000000001
-16,11,1.6500000000000001
-16,11,1.6500000000000001
-16,11,1.6500000000000001
-16,11,3.5652013764480044
-16,11,5.00486336142674
-16,11,6.621411496339906
-16,11,1.6500000000000001
-16,11,2.0567002221376014
-16,11,1.6500000000000001
-16,11,6.3798942555356275
-16,11,1.6500000000000001
-16,11,1.6500000000000001
-16,11,2.8096255701852733
-16,11,3.349593017248722
-16,11,1.6500000000000001
-16,11,1.6500000000000001
-16,11,2.668875948357264
-16,11,1.6500000000000001
-16,11,1.6500000000000001
-16,11,1.6500000000000001
-16,11,1.6500000000000001
-16,11,1.6500000000000001
-16,11,3.7804696317682884
-16,11,1.943489471747243
-16,11,1.6500000000000001
-16,11,1.6500000000000001
-16,11,1.95651063579636
-16,11,1.6500000000000001
-16,11,1.6500000000000001
-16,11,1.6500000000000001
-16,11,3.0042914338331834
-16,11,5.16076480118156
-16,11,2.717686522606073
-16,11,1.6500000000000001
-16,11,3.084752909969705
-16,11,1.6500000000000001
-16,11,2.507851629802479
-16,11,5.811374967388614
-15,11,4.792505626715416
-15,11,5.214277272354465
-15,11,1.6500000000000001
-15,11,2.6044202959712814
-15,11,4.001030302686791
-15,11,1.6500000000000001
-15,11,4.046810516349562
-15,11,3.208753733125653
-15,11,1.6500000000000001
-15,11,6.357139634776598
-15,11,3.5684065656090165
-15,11,1.6500000000000001
-15,11,3.0683710988038797
-15,11,1.6500000000000001
-15,11,3.7399823864254733
-15,11,9.359419934216104
-15,11,1.6500000000000001
-15,11,1.6500000000000001
-15,11,1.8318491743478058
-15,11,2.368705755854436
-15,11,1.6500000000000001
-15,11,1.6500000000000001
-15,11,1.6500000000000001
-15,11,1.6500000000000001
-15,11,6.878625914831023
-15,11,1.6500000000000001
-15,11,4.115034545120543
-15,11,1.6500000000000001
-15,11,6.857942170915977
-15,11,4.175374230121396
-15,11,1.6500000000000001
-15,11,2.496962155083601
-15,11,2.58045424177981
-15,11,2.6284369621289434
-15,11,5.115019350400841
-15,11,1.6500000000000001
-15,11,1.6500000000000001
-15,11,3.3412199723288563
-15,11,4.034113246158518
-15,11,6.766003458393696
-15,11,1.6500000000000001
-15,11,3.9783028525009394
-15,11,1.6500000000000001
-15,11,2.158077698034611
-15,11,5.874460834862887
-15,11,3.4754582778811423
-15,11,3.6669090200650256
-15,11,2.737748178090541
-15,11,1.6500000000000001
-15,11,4.529731018492086
-15,11,1.6500000000000001
-15,11,1.6500000000000001
-15,11,1.6500000000000001
-15,11,4.903804218131871
-15,11,4.077513383182867
-15,11,4.878746959449607
-15,11,1.6500000000000001
-15,11,10.936364994452564
-15,11,2.991403259676418
-15,11,1.6500000000000001
-15,11,3.0024710621895707
-15,10,1.6500000000000001
-15,10,3.6860288187288957
-15,10,2.5852700012734084
-15,10,2.807954120864828
-15,10,1.6500000000000001
-15,10,1.6500000000000001
-15,10,5.767367380996834
-15,10,2.7468995136336103
-15,10,8.364127043989763
-15,10,3.2848116648206984
-15,10,1.6500000000000001
-15,10,1.6500000000000001
-15,10,3.7479995172936214
-15,10,17.22556653864141
-15,10,1.6500000000000001
-15,10,1.6500000000000001
-15,10,1.6500000000000001
-15,10,2.662925948463365
-15,10,3.088696984366069
-15,10,3.109082349796637
-15,10,2.7797225011019258
-15,10,6.747409061538409
-15,10,4.614279023650419
-15,10,3.3212035099814585
-15,10,2.578356084381984
-15,10,1.6500000000000001
-15,10,1.659343456065963
-15,10,3.105073827745269
-15,10,1.6500000000000001
-15,10,1.6500000000000001
-15,10,7.927282902876601
-15,10,1.6500000000000001
-15,10,4.284019273229214
-15,10,2.096261973004227
-15,10,4.35791550605294
-15,10,1.6500000000000001
-15,10,1.6500000000000001
-15,10,5.284177781220356
-15,10,4.687667629357962
-15,10,4.4219542963914416
-15,10,1.6500000000000001
-15,10,1.6500000000000001
-15,10,1.6500000000000001
-15,10,4.4120001753205464
-15,10,4.225627682280513
-15,10,2.014749335881371
-15,10,1.6500000000000001
-15,10,2.603723785627198
-15,10,3.0810466677016985
-15,10,5.839602431102435
-15,10,7.28627160196583
-15,10,1.6500000000000001
-15,10,2.700937422996511
-15,10,2.3648452856541393
-15,10,1.6500000000000001
-15,10,5.809049461317235
-15,10,1.6500000000000001
-15,10,4.684030031912757
-15,10,6.230637381758132
-15,10,5.241629263190362
-14,10,2.556034810463734
-14,10,2.0157747369945884
-14,10,1.6500000000000001
-14,10,2.8226770776215613
-14,10,1.9575052222442126
-14,10,1.6500000000000001
-14,10,6.348081887979275
-14,10,1.6500000000000001
-14,10,4.24877666453502
-14,10,6.916853547968989
-14,10,1.6500000000000001
-14,10,1.9535173164762774
-14,10,1.9502354335592256
-14,10,3.3834484032025456
-14,10,2.600040053077625
-14,10,3.844353850914021
-14,10,2.2445721804633174
-14,10,1.6500000000000001
-14,10,1.6500000000000001
-14,10,1.6500000000000001
-14,10,1.6500000000000001
-14,10,1.6500000000000001
-14,10,11.847132194362496
-14,10,1.6500000000000001
-14,10,1.9565652207016155
-14,10,2.4970941792414703
-14,10,6.8668598892708275
-14,10,7.476420473818667
-14,10,1.6500000000000001
-14,10,3.271390824215778
-14,10,3.262688152581596
-14,10,3.835803645639932
-14,10,4.282166821735887
-14,10,1.6500000000000001
-14,10,6.482004659347997
-14,10,1.6500000000000001
-14,10,2.7208520575848736
-14,10,6.457578703748891
-14,10,1.6500000000000001
-14,10,1.6500000000000001
-14,10,7.5920451852249755
-14,10,4.718893471661087
-14,10,8.430558470725561
-14,10,4.870295564490316
-14,10,1.6500000000000001
-14,10,1.6500000000000001
-14,10,4.300431375987337
-14,10,3.4441457223645884
-14,10,1.6500000000000001
-14,10,1.6500000000000001
-14,10,2.166897726339209
-14,10,4.756407935799075
-14,10,2.2567994662550785
-14,10,1.6500000000000001
-14,10,1.6500000000000001
-14,10,9.518093299305786
-14,10,4.224647081448874
-14,10,3.7313298872666016
-14,10,7.929824250640784
-14,10,3.68169570480372
-14,10,2.7705113740039824
-14,11,1.6500000000000001
-14,11,2.436579401775254
-14,11,1.6500000000000001
-14,11,1.6500000000000001
-14,11,1.6500000000000001
-14,11,4.357525727325101
-14,11,1.6500000000000001
-14,11,7.878288326970996
-14,11,1.6500000000000001
-14,11,2.447084003698345
-14,11,2.0000582180465507
-14,11,1.6500000000000001
-14,11,3.8313965009053375
-14,11,5.840419497387494
-14,11,1.6500000000000001
-14,11,3.7813923600629096
-14,11,5.44693339357671
-14,11,6.233489953573052
-14,11,1.6500000000000001
-14,11,3.0440621784489643
-14,11,1.6500000000000001
-14,11,2.2532716466910188
-14,11,1.6500000000000001
-14,11,1.6500000000000001
-14,11,5.481862192790396
-14,11,1.6629383807163693
-14,11,1.6500000000000001
-14,11,6.435221634533596
-14,11,1.6500000000000001
-14,11,1.6500000000000001
-14,11,5.590415917649706
-14,11,3.8319263569649973
-14,11,1.6500000000000001
-14,11,6.768703250670116
-14,11,1.6500000000000001
-14,11,1.6500000000000001
-14,11,7.801336546594581
-14,11,4.252595420652501
-14,11,4.6660045962052035
-14,11,1.6500000000000001
-14,11,1.6500000000000001
-14,11,1.6500000000000001
-14,11,6.675111208555231
-14,11,2.008646622631966
-14,11,1.6500000000000001
-14,11,1.6500000000000001
-14,11,2.409513939717638
-14,11,1.6500000000000001
-14,11,1.6612815732182837
-14,11,1.6500000000000001
-14,11,3.8843437006280643
-14,11,2.5435613490604507
-14,11,6.0118234044498
-14,11,3.3599014091285015
-14,11,3.669444923351162
-14,11,1.6500000000000001
-14,11,3.6080742684843163
-14,11,5.805833952346292
-14,11,3.1752876838924458
-14,11,3.8655330698709296
-14,12,1.6500000000000001
-14,12,1.6500000000000001
-14,12,1.6500000000000001
-14,12,1.6500000000000001
-14,12,1.6500000000000001
-14,12,4.462096378676797
-14,12,1.6500000000000001
-14,12,2.3211529213496123
-14,12,3.7287054284715224
-14,12,1.6500000000000001
-14,12,2.4344170081118315
-14,12,5.122592731606934
-14,12,1.6500000000000001
-14,12,1.6500000000000001
-14,12,6.715281407780227
-14,12,1.6500000000000001
-14,12,5.2421472118751815
-14,12,5.902112264539443
-14,12,1.6500000000000001
-14,12,1.6500000000000001
-14,12,1.6500000000000001
-14,12,1.6500000000000001
-14,12,9.869744914038105
-14,12,1.6500000000000001
-14,12,4.55812109630585
-14,12,2.019984436447138
-14,12,2.3164829995865355
-14,12,6.6588748833905145
-14,12,4.107444794351327
-14,12,2.2364708780917297
-14,12,2.841594074584523
-14,12,1.6500000000000001
-14,12,3.267328666820654
-14,12,5.205665835116221
-14,12,1.7102760177881056
-14,12,1.6500000000000001
-14,12,2.4495790378025166
-14,12,1.6500000000000001
-14,12,1.6500000000000001
-14,12,6.4421040769425
-14,12,6.121676445900188
-14,12,7.330708249012944
-14,12,5.038861538127002
-14,12,2.590433205897172
-14,12,6.4950819835588955
-14,12,6.576056185821258
-14,12,1.6500000000000001
-14,12,1.6500000000000001
-14,12,5.652856005167294
-14,12,1.6500000000000001
-14,12,4.323787463758191
-14,12,3.397435189217724
-14,12,3.1674349489872244
-14,12,1.6500000000000001
-14,12,2.5282544425678473
-14,12,1.6500000000000001
-14,12,1.6500000000000001
-14,12,3.949059835617092
-14,12,1.6500000000000001
-14,12,1.6500000000000001
-14,12,4.334348334480225
-14,11,3.4495911242418074
-14,11,5.970812302310275
-14,11,2.734267049071412
-14,11,1.6500000000000001
-14,11,1.6500000000000001
-14,11,2.370695632490432
-14,11,4.419964451313135
-14,11,1.6500000000000001
-14,11,7.250021145493632
-14,11,1.6500000000000001
-14,11,2.7424740046585847
-14,11,4.415872359715089
-14,11,4.809635869633903
-14,11,1.7042550507645742
-14,11,1.6500000000000001
-14,11,5.866031970722564
-14,11,2.3735532042969782
-14,11,2.464028621004343
-14,11,4.055259567495268
-14,11,7.054725474542096
-14,11,1.6500000000000001
-14,11,5.356703057512712
-14,11,1.6500000000000001
-14,11,1.6500000000000001
-14,11,1.6500000000000001
-14,11,3.4716783267528037
-14,11,2.9300474910809227
-14,11,6.723106414154296
-14,11,5.704690139580187
-14,11,1.6500000000000001
-14,11,1.6500000000000001
-14,11,1.6500000000000001
-14,11,1.6500000000000001
-14,11,5.92484159662275
-14,11,5.245083517964326
-14,11,3.560604613528197
-14,11,7.171287245167699
-14,11,1.6500000000000001
-14,11,3.1089889656596634
-14,11,1.6500000000000001
-14,11,3.475323424539596
-14,11,4.968266119323569
-14,11,1.6500000000000001
-14,11,2.2043230158762723
-14,11,1.6500000000000001
-14,11,1.6500000000000001
-14,11,4.443700852224894
-14,11,1.6500000000000001
-14,11,4.687032066448404
-14,11,1.6500000000000001
-14,11,1.6500000000000001
-14,11,1.6500000000000001
-14,11,1.6500000000000001
-14,11,1.9164114300750779
-14,11,2.2585390511837637
-14,11,3.0015985049125113
-14,11,2.6501217522188014
-14,11,8.185250152207828
-14,11,3.012404479162427
-14,11,2.6167026947938803
-14,11,1.6500000000000001
-13,11,6.746528056542525
-13,11,2.1734826445660893
-13,11,7.057517090759314
-13,11,5.850192298000355
-13,11,3.1209671209779586
-13,11,4.815514163554731
-13,11,9.41414712340985
-13,11,1.7983315754474127
-13,11,3.5537718577240476
-13,11,5.05890620055199
-13,11,4.238508728082359
-13,11,1.6500000000000001
-13,11,1.6500000000000001
-13,11,1.6500000000000001
-13,11,3.216588942332414
-13,11,3.81046492539193
-13,11,2.197482200492451
-13,11,1.9796203844787046
-13,11,2.6810421352028304
-13,11,2.772003044932627
-13,11,4.020715168436243
-13,11,3.0333211998392753
-13,11,4.236643733269938
-13,11,1.7082951685378238
-13,11,2.281665097533576
-13,11,1.6500000000000001
-13,11,4.960065773233211
-13,11,4.733553900532243
-13,11,1.6500000000000001
-13,11,3.626433028984266
-13,11,6.127296004120609
-13,11,1.6500000000000001
-13,11,6.477139460239092
-13,11,4.096207094999965
-13,11,1.6500000000000001
-13,11,11.26916245899486
-13,11,3.405606796420854
-13,11,9.969362102447482
-13,11,4.102423835575916
-13,11,1.6500000000000001
-13,11,1.6500000000000001
-13,11,5.454408308744968
-13,11,2.5553554776295915
-13,11,5.7132144999704355
-13,11,6.905532273370513
-13,11,1.6500000000000001
-13,11,1.6500000000000001
-13,11,3.1108755683842215
-13,11,1.6500000000000001
-13,11,1.6500000000000001
-13,11,3.07666991780633
-13,11,4.639748610439526
-13,11,1.6500000000000001
-13,11,4.100395392699326
-13,11,1.8087111727208325
-13,11,1.6500000000000001
-13,11,2.8556594607843815
-13,11,2.4470832207474174
-13,11,1.6500000000000001
-13,11,1.6500000000000001
-12,11,3.972571170982399
-12,11,8.191657041817544
-12,11,5.994093706359541
-12,11,2.4276173007263027
-12,11,3.5429010379369377
-12,11,1.6500000000000001
-12,11,4.164258920447542
-12,11,2.635247027802578
-12,11,1.6500000000000001
-12,11,5.57893081284689
-12,11,2.4363998121284087
-12,11,1.7059531052959216
-12,11,5.22430737412296
-12,11,13.880305737252005
-12,11,4.733143624377707
-12,11,2.0208076345402852
-12,11,1.6500000000000001
-12,11,6.395933753315503
-12,11,1.6500000000000001
-12,11,1.6500000000000001
-12,11,7.235042743637127
-12,11,1.701615631455276
-12,11,3.7353520315322015
-12,11,1.6500000000000001
-12,11,3.607646344391094
-12,11,1.6500000000000001
-12,11,6.459379465586112
-12,11,1.6500000000000001
-12,11,1.6500000000000001
-12,11,1.6500000000000001
-12,11,4.801694083815173
-12,11,3.60853254726103
-12,11,1.6500000000000001
-12,11,12.283136264860763
-12,11,1.6500000000000001
-12,11,2.210088284189812
-12,11,1.6500000000000001
-12,11,1.6500000000000001
-12,11,5.362337455122528
-12,11,5.160661608448074
-12,11,1.6500000000000001
-12,11,2.3501077022161745
-12,11,1.6500000000000001
-12,11,6.842522629398717
-12,11,1.6500000000000001
-12,11,5.560775399276142
-12,11,6.678514810885672
-12,11,1.6500000000000001
-12,11,5.3871982966225955
-12,11,1.6776609614606057
-12,11,2.6686657770422824
-12,11,3.231348175988602
-12,11,1.6500000000000001
-12,11,1.6500000000000001
-12,11,3.6253988565115414
-12,11,2.507689716856943
-12,11,1.6500000000000001
-12,11,11.96526660589356
-12,11,1.6500000000000001
-12,11,8.515681076987475
-12,11,3.211942973607622
-12,10,1.6500000000000001
-12,10,2.4335636379583465
-12,10,1.6500000000000001
-12,10,4.4910155009862
-12,10,5.767717097128115
-12,10,4.0542792581187665
-12,10,4.912587419195574
-12,10,8.375588349501783
-12,10,2.538129568630036
-12,10,1.6500000000000001
-12,10,1.6500000000000001
-12,10,3.419230875808954
-12,10,2.2185772566309767
-12,10,1.6500000000000001
-12,10,1.7690199254347259
-12,10,8.905828582084467
-12,10,1.6500000000000001
-12,10,11.139533208683929
-12,10,1.6500000000000001
-12,10,1.6500000000000001
-12,10,1.6500000000000001
-12,10,2.4391556071357217
-12,10,6.280790366026514
-12,10,3.4733302176205805
-12,10,4.536214940423737
-12,10,9.101307725302046
-12,10,5.074398331031901
-12,10,5.839151291034403
-12,10,1.9676223753809612
-12,10,5.020489941947426
-12,10,4.782210275582633
-12,10,2.199847822931386
-12,10,2.4410811606793086
-12,10,1.6500000000000001
-12,10,3.9492273608653714
-12,10,1.6500000000000001
-12,10,6.556832694687305
-12,10,3.2136917192771763
-12,10,2.713352408574405
-12,10,2.5620459352232907
-12,10,1.6500000000000001
-12,10,2.99680518071988
-12,10,2.8068512744264025
-12,10,3.7676676192854788
-12,10,1.6500000000000001
-12,10,1.6500000000000001
-12,10,1.6500000000000001
-12,10,1.6500000000000001
-12,10,6.58311443529891
-12,10,6.9002439621858676
-12,10,5.812193598207883
-12,10,1.6500000000000001
-12,10,1.6500000000000001
-12,10,1.6500000000000001
-12,10,1.6500000000000001
-12,10,1.6500000000000001
-12,10,10.362936335954315
-12,10,6.030831089365389
-12,10,3.03123298071373
-12,10,2.3261953710105616
-12,10,3.9276076372787294
-12,9,1.6500000000000001
-12,9,2.156529502854254
-12,9,8.106887606386362
-12,9,6.53031555291713
-12,9,1.849972353707429
-12,9,3.5666510948958043
-12,9,11.372400253582768
-12,9,7.853086978962425
-12,9,3.0410034095669096
-12,9,1.6500000000000001
-12,9,1.6500000000000001
-12,9,3.789145344695247
-12,9,1.6500000000000001
-12,9,3.878273821552918
-12,9,3.3625184592583066
-12,9,5.3221353861383065
-12,9,3.6093625695487193
-12,9,3.5364431287130076
-12,9,1.6500000000000001
-12,9,1.6500000000000001
-12,9,1.6500000000000001
-12,9,5.129973891381199
-12,9,2.5278582864243564
-12,9,1.6500000000000001
-12,9,1.6500000000000001
-12,9,8.385032786638185
-12,9,6.226787014927465
-12,9,7.711036357062708
-12,9,1.6500000000000001
-12,9,12.1686846287073
-12,9,6.720909425629627
-12,9,4.299568252574079
-12,9,5.388017532554009
-12,9,1.9057865349274798
-12,9,4.058313457780269
-12,9,2.6409203351769097
-12,9,6.550826888318651
-12,9,4.962908820613389
-12,9,9.083722154663624
-12,9,4.651037882030826
-12,9,2.985599209467077
-12,9,1.6500000000000001
-12,9,3.7270053321871677
-12,9,6.098041263837764
-12,9,6.238454919810167
-12,9,5.511247040431298
-12,9,5.232838289482272
-12,9,3.780907523655164
-12,9,1.6500000000000001
-12,9,1.6500000000000001
-12,9,5.055566079761005
-12,9,3.284051137823093
-12,9,5.347801167728382
-12,9,2.4472098657703367
-12,9,2.7625137428871485
-12,9,3.852652398845003
-12,9,4.397604896844741
-12,9,3.470509561378589
-12,9,2.615498896719797
-12,9,2.017026445743782
-11,9,2.410751466587113
-11,9,4.004013044966097
-11,9,3.7392975899511174
-11,9,3.696763477355116
-11,9,3.137473440350587
-11,9,3.6913123356811277
-11,9,1.6500000000000001
-11,9,6.340420358599914
-11,9,1.6500000000000001
-11,9,4.074799365936844
-11,9,1.6500000000000001
-11,9,1.6500000000000001
-11,9,3.0395365509676946
-11,9,6.790834174073835
-11,9,1.6500000000000001
-11,9,3.7627631585588217
-11,9,4.923545860057025
-11,9,1.6500000000000001
-11,9,5.319689260206064
-11,9,6.038514852055542
-11,9,6.52462973095261
-11,9,1.6500000000000001
-11,9,1.6500000000000001
-11,9,1.6500000000000001
-11,9,1.6500000000000001
-11,9,1.6500000000000001
-11,9,1.6500000000000001
-11,9,1.6694761991963416
-11,9,4.741937091499737
-11,9,3.8206966276372074
-11,9,3.02957793450117
-11,9,2.709903582763327
-11,9,2.261972428435818
-11,9,10.536098225626262
-11,9,1.6500000000000001
-11,9,2.897276535021232
-11,9,1.6500000000000001
-11,9,4.802142633139984
-11,9,2.595495867962875
-11,9,1.6500000000000001
-11,9,2.687020780006516
-11,9,7.485391887145876
-11,9,4.483639180937408
-11,9,3.017229631502265
-11,9,3.190162634055498
-11,9,3.615040262128585
-11,9,2.096141418142567
-11,9,2.6568383049285433
-11,9,4.513721589427181
-11,9,14.697879973675484
-11,9,6.09520225081396
-11,9,2.1786853112146405
-11,9,8.83296668031241
-11,9,1.6500000000000001
-11,9,2.353987069584506
-11,9,10.940054352272618
-11,9,6.865399263946732
-11,9,6.50347788195093
-11,9,4.122823430877906
-11,9,4.4683249430709955
-11,9,1.6500000000000001
-11,8,7.044287767480681
-11,8,11.290985505368539
-11,8,4.096814104701566
-11,8,3.1535455303313618
-11,8,2.4516822800537144
-11,8,4.438081524449517
-11,8,3.6938509670220174
-11,8,5.98600178301033
-11,8,4.54836624093089
-11,8,2.930086975474921
-11,8,1.6500000000000001
-11,8,2.2657360385603083
-11,8,3.3814581963326944
-11,8,8.027451993450313
-11,8,2.801948235636127
-11,8,11.503831906919531
-11,8,2.325344439043333
-11,8,3.909000000114958
-11,8,1.6500000000000001
-11,8,1.6500000000000001
-11,8,1.6500000000000001
-11,8,8.087689885331901
-11,8,1.6500000000000001
-11,8,8.057479619304587
-11,8,1.6500000000000001
-11,8,8.411185338143975
-11,8,6.254423421811229
-11,8,2.469234066478752
-11,8,3.986198466114434
-11,8,2.3154705272288902
-11,8,1.6500000000000001
-11,8,8.892464451322226
-11,8,4.603362487211075
-11,8,7.177143921090682
-11,8,2.0326711827492407
-11,8,4.877879828066877
-11,8,2.817688195186662
-11,8,1.6500000000000001
-11,8,2.0005542755654973
-11,8,3.8265460735040815
-11,8,4.981909841465697
-11,8,4.178565454452937
-11,8,1.6500000000000001
-11,8,5.946695489070942
-11,8,15.346258855313943
-11,8,12.864512308197256
-11,8,4.027373125282871
-11,8,9.746054130590338
-11,8,3.494533317142366
-11,8,2.3259605442856146
-11,8,6.631560385499249
-11,8,4.704616996123652
-11,8,5.847531389068414
-11,8,9.679749346977253
-11,8,4.693304671015042
-11,8,1.6500000000000001
-11,8,2.689708861350708
-11,8,4.059473594186141
-11,8,7.359737983137949
-11,8,7.513698950657595
-11,7,3.8029235717103425
-11,7,6.6304090759650105
-11,7,7.374911472824776
-11,7,3.0114638051718288
-11,7,7.612434429964029
-11,7,2.4050280939354876
-11,7,7.471367627068597
-11,7,7.779390696776097
-11,7,6.796737084275633
-11,7,4.90136819392306
-11,7,6.370351935396947
-11,7,7.275869957150947
-11,7,1.7569487280060292
-11,7,3.860947158799102
-11,7,3.7400189047360444
-11,7,5.463104434836257
-11,7,1.9020104677616416
-11,7,10.344546912467788
-11,7,3.9905558391477305
-11,7,6.096846190007581
-11,7,4.428937337703046
-11,7,1.6500000000000001
-11,7,6.172854946403062
-11,7,8.77652597767648
-11,7,9.65654698165557
-11,7,6.767762681957795
-11,7,3.0835253560792366
-11,7,6.6662780848560725
-11,7,6.196113537913063
-11,7,1.6500000000000001
-11,7,1.6500000000000001
-11,7,2.4482005406086955
-11,7,6.039939317145944
-11,7,8.2642399862488
-11,7,3.725117287981056
-11,7,7.953679968292599
-11,7,5.692925732078011
-11,7,1.6500000000000001
-11,7,1.6500000000000001
-11,7,5.1642951236152115
-11,7,3.773386259976759
-11,7,5.847429180830277
-11,7,3.952210933014744
-11,7,7.019641180495507
-11,7,4.670663781071046
-11,7,1.6500000000000001
-11,7,1.78890143556072
-11,7,6.004979530796526
-11,7,4.087654522445091
-11,7,2.138643929237995
-11,7,1.6500000000000001
-11,7,4.991533456955608
-11,7,4.042832211565118
-11,7,17.066517323801648
-11,7,4.107814090220601
-11,7,7.7167690193456355
-11,7,7.943082039833623
-11,7,1.6500000000000001
-11,7,1.6500000000000001
-11,7,3.068671898407388
-11,7,4.377440225490139
-11,8,7.120115577648839
-11,8,1.6500000000000001
-11,8,7.390071200383862
-11,8,1.6500000000000001
-11,8,1.6500000000000001
-11,8,6.773571921312437
-11,8,3.5949667973163155
-11,8,2.9157227104399404
-11,8,3.381902443660082
-11,8,7.101762895282217
-11,8,3.009603905371791
-11,8,4.434140430387107
-11,8,1.6500000000000001
-11,8,4.415040090394251
-11,8,1.6500000000000001
-11,8,1.6500000000000001
-11,8,6.189343211580146
-11,8,5.817118261791149
-11,8,12.542160516560696
-11,8,4.158508705300312
-11,8,1.6500000000000001
-11,8,3.034144153978114
-11,8,4.769348749653989
-11,8,1.9649413667298474
-11,8,2.2450183312977505
-11,8,5.062719469657734
-11,8,2.499736946515828
-11,8,5.92878610962824
-11,8,2.7763063946236386
-11,8,6.645855185173843
-11,8,1.6500000000000001
-11,8,1.6500000000000001
-11,8,2.7553380551527034
-11,8,3.920968892044092
-11,8,3.3198382063945777
-11,8,4.124914449540852
-11,8,1.8013158513837007
-11,8,3.7446607470291546
-11,8,5.56230921860993
-11,8,9.233279015268506
-11,8,1.6500000000000001
-11,8,2.3805811061533797
-11,8,7.636907246242438
-11,8,4.063738149935752
-11,8,10.61901701221802
-11,8,1.6500000000000001
-11,8,1.6500000000000001
-11,8,4.329755602776267
-11,8,4.265684852002044
-11,8,10.727223214372554
-11,8,3.188180607609346
-11,8,1.6500000000000001
-11,8,1.6500000000000001
-11,8,8.755726597910186
-11,8,2.7926793681277995
-11,8,1.6500000000000001
-11,8,8.208081794339172
-11,8,1.6500000000000001
-11,8,4.509054569056833
-11,8,6.4331241173465665
-11,8,5.843371519850982
-11,7,2.696077908380818
-11,7,1.9281380007696935
-11,7,4.29310480879623
-11,7,1.6500000000000001
-11,7,3.504738532237649
-11,7,4.40027057546306
-11,7,3.2219390183646954
-11,7,1.6500000000000001
-11,7,4.441078367442722
-11,7,1.6500000000000001
-11,7,3.340027465010288
-11,7,4.480554476575668
-11,7,4.041986558919365
-11,7,7.013402503956073
-11,7,6.444854213111749
-11,7,4.191647047388421
-11,7,3.917330521698144
-11,7,1.6500000000000001
-11,7,6.759168344806278
-11,7,1.6500000000000001
-11,7,3.9195092565745453
-11,7,1.9776347573859092
-11,7,5.242617410327734
-11,7,2.2146828711947433
-11,7,1.6500000000000001
-11,7,1.6500000000000001
-11,7,7.321304081458465
-11,7,5.104834570847581
-11,7,7.214394182468818
-11,7,1.6500000000000001
-11,7,1.6500000000000001
-11,7,3.7280619409210582
-11,7,2.6014552409668816
-11,7,1.6500000000000001
-11,7,6.824301529809141
-11,7,6.1717599074029925
-11,7,4.113728528315542
-11,7,1.6809832629063473
-11,7,1.6500000000000001
-11,7,5.113687896010358
-11,7,3.0010235998845984
-11,7,1.6500000000000001
-11,7,1.6500000000000001
-11,7,3.268497542570884
-11,7,1.6500000000000001
-11,7,3.6570386144254883
-11,7,1.6500000000000001
-11,7,12.0266966370375
-11,7,4.904215250130718
-11,7,6.580815806307674
-11,7,1.6500000000000001
-11,7,2.9461005694234945
-11,7,2.940151307276808
-11,7,5.365175135556125
-11,7,1.6500000000000001
-11,7,7.731459881949908
-11,7,8.926512363291202
-11,7,7.362806680939327
-11,7,3.6377377183242374
-11,7,6.789515619279228
-12,7,5.982664359439254
-12,7,6.941879122591698
-12,7,1.6500000000000001
-12,7,1.6500000000000001
-12,7,9.69824364973282
-12,7,3.8183633990995847
-12,7,4.223792571167099
-12,7,3.5160448788452388
-12,7,7.592846529881746
-12,7,6.103889543824772
-12,7,10.877713197315305
-12,7,3.491181313705039
-12,7,1.6500000000000001
-12,7,6.938480115745177
-12,7,1.6500000000000001
-12,7,6.934508382389257
-12,7,1.6500000000000001
-12,7,5.818470447181346
-12,7,1.6500000000000001
-12,7,1.6500000000000001
-12,7,1.6500000000000001
-12,7,4.174354276923662
-12,7,1.6531028981963347
-12,7,2.9551145712630866
-12,7,4.654397165731774
-12,7,4.976529155124897
-12,7,2.8044331341198103
-12,7,4.051342737605198
-12,7,6.85204812327247
-12,7,5.550598095948783
-12,7,3.9560042130032307
-12,7,3.0077915533677
-12,7,13.0002881548559
-12,7,2.621310770904893
-12,7,4.702061088527083
-12,7,5.710026072910046
-12,7,3.1826699064105077
-12,7,1.6500000000000001
-12,7,1.6500000000000001
-12,7,2.2045611190628107
-12,7,1.6500000000000001
-12,7,2.820393660184639
-12,7,3.754925464549557
-12,7,4.168295470252646
-12,7,1.6500000000000001
-12,7,1.6500000000000001
-12,7,1.6500000000000001
-12,7,4.979231260750481
-12,7,5.66145174445106
-12,7,10.73393081746083
-12,7,6.905003174766158
-12,7,6.471852954971213
-12,7,3.788245858532674
-12,7,3.898669122723002
-12,7,8.535591187472765
-12,7,11.114302525441921
-12,7,1.6500000000000001
-12,7,15.153760242394561
-12,7,2.9085454305248386
-12,7,1.6500000000000001
-12,7,2.9180285273971607
-12,8,3.7843787927525754
-12,8,3.3960765818872467
-12,8,3.424470691223366
-12,8,5.456029779353484
-12,8,3.8988325623476525
-12,8,11.638163066715332
-12,8,11.266714877346601
-12,8,7.249853249971089
-12,8,4.665177505636043
-12,8,5.331585155395128
-12,8,2.5398280913925655
-12,8,1.6500000000000001
-12,8,2.493023353674739
-12,8,5.02648341352171
-12,8,1.6500000000000001
-12,8,1.6500000000000001
-12,8,5.787157262945229
-12,8,4.8598504787386645
-12,8,8.693491002428624
-12,8,4.978130716050125
-12,8,1.6500000000000001
-12,8,1.6500000000000001
-12,8,1.6500000000000001
-12,8,1.6500000000000001
-12,8,7.098511490274683
-12,8,7.392648000572979
-12,8,2.283855406851632
-12,8,4.514697246184134
-12,8,2.9214560945601655
-12,8,1.9549192160597646
-12,8,4.2768323945320486
-12,8,1.6500000000000001
-12,8,2.023750174057997
-12,8,5.428602036805482
-12,8,9.15184161235451
-12,8,6.28088150520561
-12,8,9.945478237769457
-12,8,1.6500000000000001
-12,8,5.327589505121951
-12,8,2.2340085847961633
-12,8,6.295570155841323
-12,8,1.6500000000000001
-12,8,4.468689593750483
-12,8,7.357227575144531
-12,8,2.1251179504370246
-12,8,1.6500000000000001
-12,8,7.313312284906141
-12,8,1.6500000000000001
-12,8,1.6500000000000001
-12,8,6.389211627039051
-12,8,5.294029617350322
-12,8,1.6500000000000001
-12,8,2.5885968779606916
-12,8,5.3760481378931395
-12,8,4.651354425988553
-12,8,8.070780600841395
-12,8,2.2489605181322503
-12,8,1.7131723178567086
-12,8,2.1323382415054937
-12,8,2.6693365156288618
-13,8,4.85528417457262
-13,8,1.6500000000000001
-13,8,1.6500000000000001
-13,8,1.6500000000000001
-13,8,3.005013016357389
-13,8,6.190968348319199
-13,8,9.804982196448382
-13,8,2.4998723792686457
-13,8,6.764421619480346
-13,8,1.6500000000000001
-13,8,1.6500000000000001
-13,8,3.825620702645576
-13,8,1.6500000000000001
-13,8,1.8335232079472723
-13,8,1.6500000000000001
-13,8,1.6500000000000001
-13,8,1.8481455995174314
-13,8,9.407322832401052
-13,8,6.1321941796854755
-13,8,6.095930574456027
-13,8,8.26187532111093
-13,8,1.6500000000000001
-13,8,1.6500000000000001
-13,8,3.6931422016493682
-13,8,6.28226421269679
-13,8,1.6500000000000001
-13,8,8.182678516685558
-13,8,11.143049895324344
-13,8,5.028012149827676
-13,8,1.6500000000000001
-13,8,1.6500000000000001
-13,8,4.687687790141146
-13,8,6.6474385217628855
-13,8,11.936970421103478
-13,8,18.729759617305334
-13,8,4.75498104009199
-13,8,10.310827834988107
-13,8,4.64103314666867
-13,8,1.6500000000000001
-13,8,1.6500000000000001
-13,8,6.970571315324141
-13,8,3.080553048441768
-13,8,5.19170029311583
-13,8,8.137238586160452
-13,8,1.6500000000000001
-13,8,6.604176913827997
-13,8,1.6500000000000001
-13,8,5.327139161336383
-13,8,1.6500000000000001
-13,8,9.874493460582578
-13,8,5.144627799643635
-13,8,3.574271137708249
-13,8,1.6500000000000001
-13,8,5.269124599072266
-13,8,1.6500000000000001
-13,8,2.463096075544634
-13,8,1.6500000000000001
-13,8,2.0129953201998703
-13,8,6.01118846153533
-13,8,8.549640526920086
-13,8,1.6500000000000001
-12,8,1.6500000000000001
-12,8,8.657508831303343
-12,8,4.174176367952786
-12,8,4.686680784166142
-12,8,7.613968744343241
-12,8,6.937573327379116
-12,8,6.257091073528662
-12,8,1.6500000000000001
-12,8,4.621768642371367
-12,8,4.078687122173704
-12,8,3.976664256558877
-12,8,1.6500000000000001
-12,8,4.820212182643574
-12,8,9.254788071458913
-12,8,4.364849975800336
-12,8,2.958738404526975
-12,8,5.970026300701699
-12,8,8.912996302159414
-12,8,1.8394345240588832
-12,8,1.6500000000000001
-12,8,3.2247904480458685
-12,8,12.036250078803585
-12,8,1.6500000000000001
-12,8,3.4404717737750814
-12,8,7.836402388699874
-12,8,1.6500000000000001
-12,8,2.097487998163767
-12,8,2.368221866947466
-12,8,2.081046806768216
-12,8,5.031097576594934
-12,8,5.324829588915685
-12,8,5.932475293017651
-12,8,4.889051113363231
-12,8,3.78716871532401
-12,8,6.3697487985957775
-12,8,1.6500000000000001
-12,8,2.1476502921732883
-12,8,8.781567915220691
-12,8,11.443754893615337
-12,8,6.557415306472372
-12,8,6.828130289004486
-12,8,11.954081239084699
-12,8,1.6500000000000001
-12,8,1.7678890215654617
-12,8,2.1966726147453186
-12,8,3.142190559314302
-12,8,3.1425459591575753
-12,8,10.168613341140919
-12,8,8.2649522129454
-12,8,4.467522512804752
-12,8,2.84751333431854
-12,8,1.6500000000000001
-12,8,1.6500000000000001
-12,8,5.293017336421966
-12,8,4.297101541383462
-12,8,1.6500000000000001
-12,8,1.678152152195251
-12,8,5.073552227824277
-12,8,7.109954917957911
-12,8,4.499549265753459
-12,8,4.523895262288136
-12,9,1.6500000000000001
-12,9,7.100462952250915
-12,9,1.6500000000000001
-12,9,4.8281050541779
-12,9,1.6500000000000001
-12,9,1.6500000000000001
-12,9,1.6500000000000001
-12,9,3.2054981650670005
-12,9,2.1949138344217847
-12,9,4.2944747753246535
-12,9,4.592664987758046
-12,9,9.569116541061042
-12,9,4.40820402674152
-12,9,4.319929647264612
-12,9,3.7000390205263427
-12,9,3.1939437768392485
-12,9,1.6500000000000001
-12,9,8.417082957463572
-12,9,2.8351113699265285
-12,9,1.6500000000000001
-12,9,4.54352020944558
-12,9,7.1953870921804235
-12,9,3.3816980413905515
-12,9,2.2894582026553643
-12,9,1.6500000000000001
-12,9,6.77204888549769
-12,9,4.449796328091529
-12,9,11.290999534116242
-12,9,1.6500000000000001
-12,9,1.6500000000000001
-12,9,3.018151674078155
-12,9,5.832165431474078
-12,9,4.96705450600268
-12,9,1.6500000000000001
-12,9,5.432379382573848
-12,9,1.6500000000000001
-12,9,3.0192162327802015
-12,9,1.6500000000000001
-12,9,1.6500000000000001
-12,9,6.899977309921757
-12,9,3.759109255613687
-12,9,9.840346098849878
-12,9,1.6500000000000001
-12,9,6.592142149974649
-12,9,1.6500000000000001
-12,9,3.1548425968992597
-12,9,2.422087848379633
-12,9,2.844427435709325
-12,9,3.99061692928974
-12,9,1.6500000000000001
-12,9,3.19255472063764
-12,9,2.383969555167869
-12,9,5.168205084347842
-12,9,6.967981961155936
-12,9,3.6595427570934396
-12,9,5.736481853936626
-12,9,5.109079555666538
-12,9,1.6500000000000001
-12,9,11.603730760952617
-12,9,2.17529373708323
-11,9,6.60541008757103
-11,9,2.229285832837202
-11,9,6.012940457304355
-11,9,1.6500000000000001
-11,9,7.6821337353121635
-11,9,1.6500000000000001
-11,9,4.38293337839264
-11,9,1.7487033964855416
-11,9,8.798924140624578
-11,9,6.901164533878038
-11,9,5.356866484370953
-11,9,1.6500000000000001
-11,9,1.6500000000000001
-11,9,1.6500000000000001
-11,9,6.804601393691333
-11,9,1.6500000000000001
-11,9,1.6500000000000001
-11,9,6.277517490282729
-11,9,4.261573451408231
-11,9,7.536019738656886
-11,9,1.6500000000000001
-11,9,5.946881731576585
-11,9,1.6500000000000001
-11,9,4.284433750082288
-11,9,8.054844445334565
-11,9,1.6500000000000001
-11,9,2.3822514862759006
-11,9,7.302101927978304
-11,9,8.289988929631388
-11,9,1.7138002359869922
-11,9,1.6500000000000001
-11,9,7.229314325564051
-11,9,2.0364291847363702
-11,9,3.7768776200055876
-11,9,1.6500000000000001
-11,9,4.926745048400976
-11,9,3.5884043046595293
-11,9,9.761551969138832
-11,9,6.75946176438385
-11,9,3.7262121173549696
-11,9,7.978989165857676
-11,9,4.6411061584265285
-11,9,5.3824439063048155
-11,9,2.051286732447493
-11,9,1.6500000000000001
-11,9,5.900802198265245
-11,9,6.89651275810248
-11,9,3.3353272032308072
-11,9,4.269898018716853
-11,9,9.30894114680545
-11,9,4.509636071426262
-11,9,3.430796522312777
-11,9,2.160187116371636
-11,9,6.924237642379201
-11,9,1.6500000000000001
-11,9,3.2000936367518023
-11,9,5.133255669479967
-11,9,1.7864248095614017
-11,9,1.6500000000000001
-11,9,2.8670110125889336
-11,9,2.47063777677094
-11,8,2.871114435875181
-11,8,5.196083383634674
-11,8,1.6500000000000001
-11,8,1.6500000000000001
-11,8,6.260738774513051
-11,8,3.0509815045726
-11,8,3.7490921570863387
-11,8,5.532662055293788
-11,8,1.6500000000000001
-11,8,5.945870126879483
-11,8,9.292354177157442
-11,8,1.6500000000000001
-11,8,2.211931351378745
-11,8,4.215093492313785
-11,8,5.743219050556116
-11,8,8.148266727325977
-11,8,3.456284774452689
-11,8,9.598553208006532
-11,8,5.743908045850509
-11,8,1.6500000000000001
-11,8,5.517602423940477
-11,8,6.903533080469771
-11,8,4.23952240319735
-11,8,1.6500000000000001
-11,8,6.426018476350461
-11,8,1.6500000000000001
-11,8,1.6500000000000001
-11,8,2.352706240721209
-11,8,1.6500000000000001
-11,8,6.554125102546715
-11,8,6.740378398894351
-11,8,2.8815575672046356
-11,8,1.6500000000000001
-11,8,8.866380622923907
-11,8,7.794952670617773
-11,8,3.1938342028199505
-11,8,3.5927513389344545
-11,8,1.6500000000000001
-11,8,3.422523853776881
-11,8,1.6500000000000001
-11,8,4.810726332178287
-11,8,4.051281594074492
-11,8,8.866180537060107
-11,8,5.200085322487998
-11,8,1.6500000000000001
-11,8,1.6500000000000001
-11,8,2.7900021202439413
-11,8,10.29689167659679
-11,8,10.664301585515151
-11,8,4.654316585237206
-11,8,1.6500000000000001
-11,8,2.6942568541752747
-11,8,10.699068816592295
-11,8,3.8922471574906705
-11,8,1.6500000000000001
-11,8,4.5450645696096155
-11,8,1.6500000000000001
-11,8,7.842338408350158
-11,8,1.6500000000000001
-11,8,12.75198361463619
-10,8,4.433459637709715
-10,8,11.177050951105908
-10,8,2.7239113963951764
-10,8,6.937429035186345
-10,8,1.6500000000000001
-10,8,2.3279443591342757
-10,8,3.844563810474623
-10,8,5.312054118167661
-10,8,2.5475189012851454
-10,8,5.472109303371919
-10,8,1.6500000000000001
-10,8,2.046506240932633
-10,8,7.029800685355788
-10,8,1.6500000000000001
-10,8,7.47839338548797
-10,8,7.314511046170941
-10,8,1.8990484415822775
-10,8,9.474916644423468
-10,8,1.6500000000000001
-10,8,1.6500000000000001
-10,8,2.558833886021232
-10,8,8.952041596274206
-10,8,2.381832441615483
-10,8,6.956624114302292
-10,8,6.347730763998372
-10,8,2.5957292917716397
-10,8,4.024326538956334
-10,8,11.902529442929545
-10,8,3.45990344277097
-10,8,3.0672959139465688
-10,8,4.744157703172661
-10,8,4.0041107250513015
-10,8,2.52913520985186
-10,8,9.96574665512955
-10,8,1.6500000000000001
-10,8,6.304114640408293
-10,8,9.661588898188066
-10,8,4.117791385448529
-10,8,4.7302077387357455
-10,8,3.5771357131609243
-10,8,3.3802885365926425
-10,8,5.4889253672454075
-10,8,1.777042904589199
-10,8,1.6500000000000001
-10,8,1.6500000000000001
-10,8,1.6500000000000001
-10,8,3.9326817935496363
-10,8,7.630509778046546
-10,8,2.430804899068342
-10,8,7.98504007640571
-10,8,5.648532288095213
-10,8,6.556991904121517
-10,8,5.8747798241908535
-10,8,1.6500000000000001
-10,8,3.5034766612046466
-10,8,2.73097451838816
-10,8,6.141324898196989
-10,8,5.295488719466828
-10,8,1.6500000000000001
-10,8,1.6500000000000001
-10,8,1.6500000000000001
-10,7,4.317077384414539
-10,7,6.246355049447711
-10,7,4.553707307613316
-10,7,12.437173475387969
-10,7,12.03582965903224
-10,7,1.6500000000000001
-10,7,7.013099769413232
-10,7,6.0484238242441695
-10,7,6.780562871835615
-10,7,4.283680282432892
-10,7,3.420661211493664
-10,7,8.328649745534054
-10,7,5.489886912751018
-10,7,1.6500000000000001
-10,7,7.621734315338957
-10,7,4.944147292179645
-10,7,1.6595753134173337
-10,7,1.6500000000000001
-10,7,3.5521364125554435
-10,7,3.2623779397185384
-10,7,1.6500000000000001
-10,7,3.717893120642219
-10,7,1.6500000000000001
-10,7,1.6500000000000001
-10,7,8.88356736742255
-10,7,5.87187846179405
-10,7,5.370439573206237
-10,7,6.0411108969113805
-10,7,7.014656888953715
-10,7,5.01498813635273
-10,7,3.5858748032899697
-10,7,4.654277756969405
-10,7,5.407189071567998
-10,7,4.300137635985902
-10,7,15.60998181245
-10,7,7.380249913719011
-10,7,1.7846545804787843
-10,7,5.200757634327218
-10,7,8.095941617579982
-10,7,6.553945348127261
-10,7,3.597391641720205
-10,7,3.0004220770174372
-10,7,1.6500000000000001
-10,7,5.2116539715503665
-10,7,6.317701152899858
-10,7,2.381779171172001
-10,7,3.338863105743934
-10,7,4.523028557686715
-10,7,6.288067426484081
-10,7,1.6500000000000001
-10,7,4.493369394720114
-10,7,8.218813265911505
-10,7,9.57502336880616
-10,7,9.817545879157777
-10,7,2.56667055811731
-10,7,1.6500000000000001
-10,7,1.6500000000000001
-10,7,3.871431297698091
-10,7,1.6500000000000001
-10,7,1.6500000000000001
-10,7,4.0315908084325045
-9,7,2.82521317950184
-9,7,5.6731501575875685
-9,7,6.214471978594228
-9,7,9.092303797208098
-9,7,3.4602985522506895
-9,7,9.127519603528954
-9,7,5.789897242132847
-9,7,1.6500000000000001
-9,7,4.018746923757039
-9,7,1.6500000000000001
-9,7,1.6500000000000001
-9,7,5.329064188274013
-9,7,7.432664689961221
-9,7,3.870893115352457
-9,7,7.802251037488814
-9,7,8.743869961258635
-9,7,3.9570092463741924
-9,7,6.119511516867361
-9,7,1.6500000000000001
-9,7,8.409985818480768
-9,7,3.3925570864016628
-9,7,1.7126884323626013
-9,7,7.761751644035411
-9,7,7.127344959772977
-9,7,4.583805851449189
-9,7,6.914243662786444
-9,7,1.6500000000000001
-9,7,9.817930469399265
-9,7,4.910622462950516
-9,7,17.7052663852527
-9,7,2.8132765031500746
-9,7,8.116613832260295
-9,7,13.384346342696368
-9,7,6.639322957785669
-9,7,7.916220437496888
-9,7,3.2837044318271786
-9,7,4.682847517023305
-9,7,5.245946556391502
-9,7,3.7418505112361022
-9,7,5.4911081949401055
-9,7,2.528707820297695
-9,7,6.302211180962065
-9,7,5.406960713355501
-9,7,3.585213793901871
-9,7,5.003167475121581
-9,7,1.8694434786300924
-9,7,1.9489140810014591
-9,7,3.909086104609104
-9,7,3.573023219439168
-9,7,3.3448613310429667
-9,7,4.42893424115559
-9,7,3.4879283566306643
-9,7,4.628433501247263
-9,7,5.965867476357911
-9,7,5.423063747349939
-9,7,3.5446655800110407
-9,7,5.964630773354452
-9,7,5.3647049703610215
-9,7,5.859704175511144
-9,7,3.3233804083126794
-9,8,8.565648616761774
-9,8,2.3108051567899333
-9,8,2.9823102029268584
-9,8,1.6500000000000001
-9,8,7.2927746226020655
-9,8,3.549967910964201
-9,8,9.12492104828598
-9,8,6.459483855153647
-9,8,2.522868600743076
-9,8,5.756920715782399
-9,8,8.444321975504764
-9,8,7.011318052414728
-9,8,4.778776887519308
-9,8,10.199346694615048
-9,8,8.750001238192747
-9,8,1.6815645020179584
-9,8,7.166418045072589
-9,8,1.6500000000000001
-9,8,2.487401673083081
-9,8,4.393533600481347
-9,8,5.272258641813204
-9,8,5.865049535153166
-9,8,8.712152798208326
-9,8,1.6500000000000001
-9,8,2.3257054014201204
-9,8,6.530977109386077
-9,8,8.654131463773627
-9,8,2.607106003405091
-9,8,11.300336285669534
-9,8,5.624153105783496
-9,8,5.913687225647493
-9,8,1.6500000000000001
-9,8,4.193986958901202
-9,8,3.734786642128456
-9,8,2.838571967962782
-9,8,2.6995094378033384
-9,8,3.121810585061853
-9,8,11.862568527044631
-9,8,2.8548061127505178
-9,8,5.4288770473060115
-9,8,13.485791157586593
-9,8,6.7126099360968565
-9,8,1.6500000000000001
-9,8,5.288875384009654
-9,8,4.146342264029849
-9,8,1.6500000000000001
-9,8,4.328682680837449
-9,8,8.343230947847601
-9,8,7.522695402252045
-9,8,5.301818237414359
-9,8,6.857347325013176
-9,8,10.585657032464425
-9,8,10.61273388801337
-9,8,1.6500000000000001
-9,8,6.883164853837538
-9,8,1.6500000000000001
-9,8,3.3832384501990447
-9,8,1.6500000000000001
-9,8,3.0326259776565037
-9,8,2.848623887418534
-9,8,3.9724833128444517
-10,8,7.36782662712751
-10,8,2.063359641985946
-10,8,6.552038394533475
-10,8,4.721278140962733
-10,8,2.5742974942947163
-10,8,14.582883038004802
-10,8,7.630529233399631
-10,8,2.850978922676688
-10,8,5.796438291854093
-10,8,4.120199026400109
-10,8,6.284879159159784
-10,8,1.6500000000000001
-10,8,5.102480043402209
-10,8,7.784024742407728
-10,8,5.33117443316401
-10,8,2.6148403226295716
-10,8,1.6500000000000001
-10,8,1.6500000000000001
-10,8,4.866864256217726
-10,8,2.3415413184271987
-10,8,4.606741311918691
-10,8,1.6500000000000001
-10,8,1.6500000000000001
-10,8,4.041673183793655
-10,8,1.7643663133993734
-10,8,8.582307911141378
-10,8,8.813370856593465
-10,8,2.206064576609016
-10,8,7.901079018769472
-10,8,1.7323403882354198
-10,8,1.6500000000000001
-10,8,1.6500000000000001
-10,8,2.807838185201761
-10,8,1.6500000000000001
-10,8,3.9847001675113924
-10,8,2.301047666189798
-10,8,6.028935523292276
-10,8,7.20468397401533
-10,8,5.6315392433242675
-10,8,12.213767769824347
-10,8,5.716530164357101
-10,8,5.396204952106804
-10,8,6.205134265246626
-10,8,4.0926250998169085
-10,8,5.800004026253123
-10,8,2.312525974764708
-10,8,8.118517615494781
-10,8,5.962849848164147
-10,8,2.43651910296857
-10,8,7.323750226676029
-10,8,2.720235561315784
-10,8,5.530558115184743
-10,8,10.874320600157557
-10,8,5.813429470455929
-10,8,9.220322556424648
-10,8,3.299386792118037
-10,8,1.6500000000000001
-10,8,1.8975593519644307
-10,8,8.007662548102022
-10,8,3.26274152113334
-10,7,1.6500000000000001
-10,7,2.907537990229403
-10,7,4.516726430726434
-10,7,2.485535947092699
-10,7,1.6500000000000001
-10,7,1.9994814284116202
-10,7,5.401904686171608
-10,7,2.196585671133595
-10,7,8.300958917269183
-10,7,4.815495579964455
-10,7,1.8727092477727698
-10,7,1.6500000000000001
-10,7,2.683141226400783
-10,7,5.709930287405674
-10,7,4.336953954352498
-10,7,7.838752748197264
-10,7,2.659074963994577
-10,7,7.295667313320474
-10,7,13.019013748152915
-10,7,3.247584011175821
-10,7,10.572949244036955
-10,7,9.449099451482112
-10,7,3.00441131884763
-10,7,6.724623274466766
-10,7,2.7041149991809075
-10,7,5.075481821429552
-10,7,1.6500000000000001
-10,7,4.665414754116304
-10,7,5.913277776540459
-10,7,1.6500000000000001
-10,7,1.6500000000000001
-10,7,5.020596560705411
-10,7,1.6500000000000001
-10,7,1.6500000000000001
-10,7,8.4468247457576
-10,7,9.504083236756653
-10,7,6.575331942527233
-10,7,4.400843433469543
-10,7,6.97336134710357
-10,7,5.073578632932672
-10,7,4.387063540117815
-10,7,1.6500000000000001
-10,7,4.3984879620015604
-10,7,1.6500000000000001
-10,7,3.180961020851348
-10,7,2.9935552486232764
-10,7,4.491532767755955
-10,7,2.1635725795507357
-10,7,3.5327642956433696
-10,7,3.6033278616403868
-10,7,6.22958192912755
-10,7,7.004087906524624
-10,7,4.7206145837345606
-10,7,1.6500000000000001
-10,7,1.6500000000000001
-10,7,7.0454322610249775
-10,7,3.1562826132742923
-10,7,7.9875643533884695
-10,7,4.010942504590078
-10,7,2.978734747737267
-10,7,3.678024208984052
-9,7,4.904797146240337
-9,7,3.3407756017484087
-9,7,1.6500000000000001
-9,7,2.705755274988406
-9,7,6.3406113600154
-9,7,4.078882963902694
-9,7,4.515061623410412
-9,7,7.316730853968896
-9,7,8.18741944289667
-9,7,4.134423386080895
-9,7,5.956171155709214
-9,7,4.4413908297350915
-9,7,4.686970454608634
-9,7,3.2836544097345914
-9,7,9.730121251608637
-9,7,3.003649597705242
-9,7,8.772489683838568
-9,7,5.322157950583337
-9,7,4.272928303284805
-9,7,3.7902516384091145
-9,7,6.859655836868998
-9,7,4.67274147459914
-9,7,2.7748526264731668
-9,7,2.0699728834817974
-9,7,1.6500000000000001
-9,7,7.653672116133013
-9,7,4.50729463794293
-9,7,10.245096825285685
-9,7,4.079415191052746
-9,7,9.1687404953216
-9,7,4.966100407038931
-9,7,5.475814208469419
-9,7,11.824256315747727
-9,7,5.77469384097392
-9,7,4.027919038075976
-9,7,4.365782150227641
-9,7,5.425631757367029
-9,7,2.3671290671094503
-9,7,1.6500000000000001
-9,7,3.1120467542511423
-9,7,1.6500000000000001
-9,7,3.5061017875792504
-9,7,5.560611878534154
-9,7,5.347404250485782
-9,7,12.287812681735321
-9,7,1.6500000000000001
-9,7,4.277122336427138
-9,7,7.35408961957971
-9,7,6.067808828899368
-9,7,2.314601443561962
-9,7,5.167981853196688
-9,7,6.098255731405266
-9,7,1.6500000000000001
-9,7,5.976556507236944
-9,7,7.037769127917931
-9,7,14.152854776545418
-9,7,1.6500000000000001
-9,7,4.752928498279342
-9,7,3.980496338872859
-9,7,6.039696656395714
-9,7,10.23870938734435
-10,7,4.504970839084727
-10,7,7.9666098660180555
-10,7,1.6500000000000001
-10,7,3.310481363073304
-10,7,3.891087174996589
-10,7,5.144209494984976
-10,7,2.8345849805754844
-10,7,7.000654111231847
-10,7,3.867536144815723
-10,7,5.791064765405015
-10,7,2.063311534280998
-10,7,5.053814733225852
-10,7,8.06808257140506
-10,7,2.2444741099964056
-10,7,4.195551494428934
-10,7,2.4946537497042263
-10,7,10.680099364573998
-10,7,1.6500000000000001
-10,7,1.6500000000000001
-10,7,3.972451871179245
-10,7,3.1080174588222578
-10,7,3.4466149809343793
-10,7,1.6500000000000001
-10,7,5.542032533099825
-10,7,7.6592026681601375
-10,7,5.402344615080486
-10,7,1.6500000000000001
-10,7,1.6500000000000001
-10,7,2.6820357880515564
-10,7,1.7215555351202967
-10,7,3.0117251448311753
-10,7,5.119188241429991
-10,7,3.405994859120735
-10,7,1.6500000000000001
-10,7,9.795280769911344
-10,7,4.01728761134722
-10,7,4.477016645741238
-10,7,6.50312882029742
-10,7,8.78380888591995
-10,7,4.066057573012452
-10,7,1.6500000000000001
-10,7,6.867500485475803
-10,7,2.456185865244995
-10,7,4.834172904220718
-10,7,1.6500000000000001
-10,7,9.223036025924362
-10,7,1.6500000000000001
-10,7,8.723830944056463
-10,7,5.949946359593202
-10,7,4.638546657522261
-10,7,4.265602537920427
-10,7,1.7830756496533002
-10,7,2.3640679175632986
-10,7,10.36960366442057
-10,7,4.036555009079286
-10,7,1.6500000000000001
-10,7,3.2448913838006654
-10,7,1.6500000000000001
-10,7,2.201832334870741
-10,7,3.349829028444751
-10,6,7.33655112627293
-10,6,3.8530142135948333
-10,6,4.2834726917902906
-10,6,4.250747381883153
-10,6,9.085490448270816
-10,6,3.5469920581044976
-10,6,6.378826493096668
-10,6,3.6172900758719386
-10,6,4.6462681694591526
-10,6,4.318270759640929
-10,6,11.02816917154274
-10,6,3.547135096460409
-10,6,7.771204718547194
-10,6,2.5410724798467608
-10,6,1.6571237987836742
-10,6,5.127947923543852
-10,6,7.191448079166601
-10,6,10.124758705753358
-10,6,3.038174008091049
-10,6,11.642766119723538
-10,6,1.6500000000000001
-10,6,2.672533826900419
-10,6,4.695124671359423
-10,6,1.6500000000000001
-10,6,11.112767605717725
-10,6,8.267643087558154
-10,6,11.06729559392096
-10,6,3.6907820402820484
-10,6,5.815390895108866
-10,6,9.015626720601961
-10,6,3.1120654025222327
-10,6,1.6500000000000001
-10,6,10.592122339510443
-10,6,2.527460993422147
-10,6,8.950138158646467
-10,6,1.6500000000000001
-10,6,3.9192734765761505
-10,6,5.511674803464458
-10,6,4.684988312582171
-10,6,5.583178043195248
-10,6,2.3558956143485914
-10,6,7.020790320064077
-10,6,7.854527341599464
-10,6,7.408551173559307
-10,6,5.911918128436505
-10,6,4.868784121681408
-10,6,1.6500000000000001
-10,6,7.05312247425159
-10,6,7.683584014238896
-10,6,7.559743659225989
-10,6,3.0099302993506853
-10,6,4.723744475120476
-10,6,3.72464335473103
-10,6,4.1076755544121335
-10,6,5.280209683557343
-10,6,4.985839776281523
-10,6,6.026778801648833
-10,6,6.913457800521448
-10,6,8.5514570380471
-10,6,5.131538524511026
-10,6,4.812806661965375
-10,5,2.180166128896886
-10,5,3.1789963458418034
-10,5,7.308086010250466
-10,5,2.6003456060730885
-10,5,8.324147802338757
-10,5,7.4212223831516955
-10,5,1.7331294011943088
-10,5,3.5992781650779198
-10,5,1.6500000000000001
-10,5,1.6500000000000001
-10,5,8.372623896055103
-10,5,6.631546421104175
-10,5,17.62455450566725
-10,5,2.4809612650077426
-10,5,5.054173321893032
-10,5,2.408161062927141
-10,5,4.791882248308536
-10,5,5.228445471378377
-10,5,3.8951734786975063
-10,5,1.6500000000000001
-10,5,5.6545381013901315
-10,5,15.305232724211132
-10,5,3.3476557694856344
-10,5,7.400245558421927
-10,5,2.032851536172257
-10,5,1.6500000000000001
-10,5,4.535632502233105
-10,5,6.072385151168206
-10,5,6.804912113904597
-10,5,14.023361213540714
-10,5,1.6500000000000001
-10,5,3.3415676831699344
-10,5,2.7734085463177673
-10,5,12.338440123937236
-10,5,4.344627762604678
-10,5,8.704654114239588
-10,5,6.679053894594588
-10,5,1.6500000000000001
-10,5,4.7053498829479485
-10,5,9.826593784758028
-10,5,6.398567173827737
-10,5,6.193156641203295
-10,5,3.8776539958603187
-10,5,6.263196106115398
-10,5,5.728199382520906
-10,5,2.9623631978643745
-10,5,2.9146213475340463
-10,5,1.9039808333963104
-10,5,5.215269569810256
-10,5,1.6500000000000001
-10,5,3.179772801160976
-10,5,6.902294510379036
-10,5,10.893767384548063
-10,5,11.837842109124098
-10,5,1.6500000000000001
-10,5,1.6500000000000001
-10,5,5.657275364420437
-10,5,1.6500000000000001
-10,5,1.7089715140401975
-10,5,8.178814404641317
-9,5,1.6500000000000001
-9,5,4.994156184913183
-9,5,1.6500000000000001
-9,5,10.612204197815956
-9,5,9.061859651434892
-9,5,7.903454994326499
-9,5,9.489019115986805
-9,5,6.431122761046639
-9,5,6.840674845925756
-9,5,7.546898408718169
-9,5,3.862203974996933
-9,5,6.071492407106659
-9,5,6.071913154186461
-9,5,5.733650598339768
-9,5,3.4150853563470234
-9,5,8.358036940777247
-9,5,2.4885022827463628
-9,5,1.6668071275984793
-9,5,7.603190035762512
-9,5,1.6500000000000001
-9,5,5.418867033057727
-9,5,4.594334708173848
-9,5,3.05524960988246
-9,5,4.270689031244479
-9,5,3.4549120534587474
-9,5,9.046791838457937
-9,5,3.6647090766319512
-9,5,7.853529799203422
-9,5,9.519008434842243
-9,5,2.678328193485056
-9,5,4.034093497282445
-9,5,2.2832516736980355
-9,5,8.643634599470971
-9,5,7.139866894363774
-9,5,11.27854264571149
-9,5,2.086508561761201
-9,5,3.504558188708678
-9,5,4.829877881784248
-9,5,4.701372688187434
-9,5,7.574537707520018
-9,5,7.212008119021746
-9,5,5.672061411190668
-9,5,11.581280133529742
-9,5,1.6500000000000001
-9,5,4.142972780967037
-9,5,7.672745909017818
-9,5,10.30182442967677
-9,5,6.599916655810117
-9,5,2.778879845611759
-9,5,10.351032972445093
-9,5,5.35815108673667
-9,5,4.729018608301795
-9,5,3.4429960908670765
-9,5,1.6500000000000001
-9,5,9.44062752677433
-9,5,7.029688813133955
-9,5,3.5995449893729234
-9,5,7.359354471721706
-9,5,3.598597944261021
-9,5,3.329932500420961
-9,5,5.795834895430419
-8,5,7.379893531390133
-8,5,9.189772267384697
-8,5,6.498981506539596
-8,5,5.853357215446373
-8,5,4.702228617860144
-8,5,4.823995575262726
-8,5,7.278765638510148
-8,5,5.454287887040381
-8,5,5.234742128859894
-8,5,8.00144674994257
-8,5,3.643018980155672
-8,5,5.688763378196885
-8,5,3.819453883717903
-8,5,7.2299632031689445
-8,5,5.056053844236751
-8,5,6.229742530022487
-8,5,2.169439574653132
-8,5,6.6112134395152635
-8,5,4.2337377866554275
-8,5,7.524959383120678
-8,5,7.215873690800958
-8,5,10.866818358121375
-8,5,7.166072159032071
-8,5,12.485174679273566
-8,5,2.202841942716611
-8,5,2.9112980868144773
-8,5,5.011539166304734
-8,5,4.736513495353757
-8,5,9.809068850978
-8,5,1.6500000000000001
-8,5,3.891200024086567
-8,5,7.48934668838327
-8,5,7.992562997754297
-8,5,6.088054789353343
-8,5,4.0168024710978445
-8,5,9.242388309025106
-8,5,5.233850999448602
-8,5,6.368449563844257
-8,5,5.834857443981909
-8,5,8.252415065048947
-8,5,4.22325762179937
-8,5,5.047440865838311
-8,5,2.186786909588486
-8,5,5.835662029212476
-8,5,5.928598957228843
-8,5,7.473428880362181
-8,5,7.962591119152174
-8,5,11.69914932065254
-8,5,5.7897229802042345
-8,5,9.840238116388193
-8,5,11.287458244818488
-8,5,4.585389602075528
-8,5,5.59472601166906
-8,5,11.427005865080403
-8,5,2.354324083416254
-8,5,15.359724926580274
-8,5,9.209659556171212
-8,5,3.4475964360831766
-8,5,4.016473603111274
-8,5,6.976135364461111
-8,5,12.170197590665396
-8,4,6.884848914144673
-8,4,3.713606599736809
-8,4,6.6000881583979965
-8,4,4.303375029481551
-8,4,7.619840049965749
-8,4,12.920959347745159
-8,4,2.0555057910288297
-8,4,8.410217984618807
-8,4,4.083027405507302
-8,4,15.406225707894317
-8,4,8.196461135193589
-8,4,7.467026599930195
-8,4,1.6500000000000001
-8,4,1.6500000000000001
-8,4,8.67534528761749
-8,4,3.999316469533743
-8,4,4.638581369341429
-8,4,5.4791835455199145
-8,4,8.307910691395126
-8,4,12.160995910083829
-8,4,7.821018235280329
-8,4,1.9113820771334584
-8,4,5.925597709113844
-8,4,5.600931758570716
-8,4,1.6500000000000001
-8,4,5.113372271613265
-8,4,11.472904603734474
-8,4,6.401313365959926
-8,4,1.6500000000000001
-8,4,8.177519198785872
-8,4,6.365919114945234
-8,4,5.673585402915474
-8,4,1.6500000000000001
-8,4,7.998913534543407
-8,4,6.2683601036334675
-8,4,2.2297063832682307
-8,4,6.7858182195871635
-8,4,5.861446318402116
-8,4,9.930230858004032
-8,4,8.234297729718243
-8,4,1.6500000000000001
-8,4,13.218536379303593
-8,4,4.200612772016571
-8,4,8.896363877396391
-8,4,1.6500000000000001
-8,4,2.431961944679944
-8,4,9.581344571556627
-8,4,3.7001220259408276
-8,4,1.6500000000000001
-8,4,1.6500000000000001
-8,4,1.6500000000000001
-8,4,4.847606894331443
-8,4,4.576461256100776
-8,4,8.50005418580574
-8,4,1.97154634453462
-8,4,4.8209009922941455
-8,4,2.8075039394022085
-8,4,3.5024215099390985
-8,4,7.077795640421327
-8,4,7.615396579780312
-8,3,3.6499949156954337
-8,3,1.6500000000000001
-8,3,8.289280793448912
-8,3,8.666754534722443
-8,3,6.7705439129748894
-8,3,4.581079993282723
-8,3,3.4286887855226196
-8,3,4.40580400171228
-8,3,1.6500000000000001
-8,3,8.808242682975147
-8,3,1.6500000000000001
-8,3,9.074570991073449
-8,3,6.768824459285289
-8,3,6.507554382676553
-8,3,7.4593607648265925
-8,3,7.931072874496211
-8,3,12.0769019833662
-8,3,3.6709252564800527
-8,3,5.566064855058394
-8,3,8.556437326089636
-8,3,7.917287430982389
-8,3,1.6500000000000001
-8,3,5.633506826656303
-8,3,6.086402273753125
-8,3,2.6865318096033253
-8,3,4.798131006959078
-8,3,15.4276143107932
-8,3,4.298684179082034
-8,3,8.890758704371684
-8,3,5.264355964195153
-8,3,3.9212911326637707
-8,3,10.251913014234432
-8,3,14.925381609774952
-8,3,6.078523509153503
-8,3,7.133627132951539
-8,3,4.53500732550133
-8,3,3.094477358521522
-8,3,8.187461530208191
-8,3,2.4764515391208475
-8,3,10.121215003050033
-8,3,6.354430687407374
-8,3,13.770860640427735
-8,3,10.942912436017853
-8,3,9.872906873634301
-8,3,4.235336434356132
-8,3,4.906981818221472
-8,3,2.2474377933411036
-8,3,6.255910694503378
-8,3,5.1437211481869145
-8,3,10.177068484858202
-8,3,6.070434910109284
-8,3,8.499939987562655
-8,3,10.0237863444903
-8,3,2.678890523824018
-8,3,6.023925785427241
-8,3,2.0361514536605725
-8,3,6.7065646439445805
-8,3,4.959213869147278
-8,3,3.0113468596232806
-8,3,9.183369708884133
-8,3,7.889683043821249
-8,2,7.250416166595279
-8,2,2.7775435956578938
-8,2,7.963294114152734
-8,2,12.566223406922258
-8,2,5.327508605071105
-8,2,8.046045838190448
-8,2,8.08746003690829
-8,2,6.131141252334385
-8,2,2.895757829215406
-8,2,6.040084214114151
-8,2,7.982539661288897
-8,2,5.054290876184229
-8,2,8.098435462546252
-8,2,14.895101289426513
-8,2,5.217574324783772
-8,2,7.6380974562225035
-8,2,5.408022758287061
-8,2,11.274828234594963
-8,2,10.182368094377106
-8,2,8.121891795338435
-8,2,3.8134241031753233
-8,2,12.880143177068657
-8,2,8.656192788196304
-8,2,7.130354766454528
-8,2,11.111676482525457
-8,2,5.649175067726986
-8,2,10.066451807853689
-8,2,6.188695173786567
-8,2,7.114923334545166
-8,2,7.27644794821137
-8,2,13.273272748629108
-8,2,12.340162116551658
-8,2,4.7804926076819525
-8,2,1.6500000000000001
-8,2,8.980392037535635
-8,2,8.87513355008986
-8,2,8.579688140932886
-8,2,6.559370567018592
-8,2,7.863826714834767
-8,2,6.364140145394978
-8,2,1.6500000000000001
-8,2,1.6500000000000001
-8,2,8.31021461735355
-8,2,4.3233530867666055
-8,2,9.133634767689133
-8,2,12.411480614781478
-8,2,2.0960668846791837
-8,2,7.112554480751153
-8,2,14.050480554086267
-8,2,7.418358647358256
-8,2,10.999287074440966
-8,2,5.3861572080469475
-8,2,1.6500000000000001
-8,2,9.44041705770493
-8,2,5.91780555899246
-8,2,14.106073703038923
-8,2,5.777079049182937
-8,2,9.184112152902136
-8,2,9.713820363057954
-8,2,5.968361241284349
-8,1,1.6500000000000001
-8,1,3.3013294933268624
-8,1,4.729765216304173
-8,1,2.7338393153759184
-8,1,4.0165716459707825
-8,1,4.199261808896219
-8,1,12.573917868158162
-8,1,3.842785602363865
-8,1,7.995605302303304
-8,1,2.505715972589376
-8,1,4.6578679273087396
-8,1,3.611433729756592
-8,1,7.8256960923870835
-8,1,6.983128943856357
-8,1,5.299801672912914
-8,1,3.1573406225411085
-8,1,5.302230194930063
-8,1,5.917083265178014
-8,1,5.68673560048734
-8,1,6.366662025801178
-8,1,6.865541967234639
-8,1,10.783425321523062
-8,1,4.756303551889439
-8,1,5.535198712923716
-8,1,4.402412509466741
-8,1,5.53701143884448
-8,1,10.166198183277437
-8,1,6.379609839648605
-8,1,4.724313728815839
-8,1,6.428388333741188
-8,1,2.792615704720469
-8,1,7.481780710138258
-8,1,7.389882415504361
-8,1,2.898508172393173
-8,1,5.301313600811095
-8,1,2.457306424125756
-8,1,4.496131003498593
-8,1,3.185473177611676
-8,1,3.591632726745285
-8,1,12.17699199313364
-8,1,11.178820231786563
-8,1,2.9280806028849864
-8,1,3.5816983390402553
-8,1,8.446047134135144
-8,1,6.913539167222183
-8,1,4.356987976269496
-8,1,6.743653486039804
-8,1,3.406406453870175
-8,1,4.451467959184101
-8,1,3.665536755342363
-8,1,4.805904002787866
-8,1,8.703005146842509
-8,1,5.938412118417096
-8,1,7.0613127932517346
-8,1,4.524702029453534
-8,1,9.672533648630544
-8,1,7.872583658941598
-8,1,9.266488345569005
-8,1,4.119237588449462
-8,1,5.959282639932961
-8,1,7.919906111856598
-7,1,6.1700359716744195
-7,1,7.6288281836898015
-7,1,7.779477607889552
-7,1,4.646195392735976
-7,1,9.168787809625556
-7,1,4.412565877649026
-7,1,4.195562255380908
-7,1,9.337194798473014
-7,1,6.672014092125635
-7,1,8.533277478624266
-7,1,6.910281134687882
-7,1,12.342527054768109
-7,1,9.302030875391758
-7,1,10.370357382888317
-7,1,7.726638157484431
-7,1,6.671624609184707
-7,1,3.122392097262557
-7,1,11.049098116268908
-7,1,3.195591569435762
-7,1,9.098674502489104
-7,1,1.8218086925890367
-7,1,14.182118434827194
-7,1,8.941759813258429
-7,1,8.861390263684912
-7,1,7.360393445554555
-7,1,4.668731476109408
-7,1,9.777011043183046
-7,1,4.071220896519618
-7,1,7.744299756151278
-7,1,8.604243031076523
-7,1,2.251812140871068
-7,1,11.707074874070209
-7,1,8.46098820097942
-7,1,10.767332097845577
-7,1,7.882272964070916
-7,1,4.2883855360134735
-7,1,5.257532319566574
-7,1,3.26122806750545
-7,1,7.41183385168567
-7,1,2.4923569947710114
-7,1,9.177636364931697
-7,1,1.6500000000000001
-7,1,9.813536460525647
-7,1,6.633769369978658
-7,1,1.6500000000000001
-7,1,6.1426721012928915
-7,1,4.476024997786062
-7,1,4.589591388120468
-7,1,6.790467803336315
-7,1,5.638788247562579
-7,1,5.322784932069361
-7,1,2.9003547053368104
-7,1,5.125747336540924
-7,1,6.922633218668963
-7,1,3.5877675452743425
-7,1,4.480347605500375
-7,1,8.706216716003219
-7,1,7.888155247425436
-7,1,4.552360415418901
-7,1,14.712169593308277
-7,1,8.568841186831207
-7,0,5.994896594525515
-7,0,9.405275287545999
-7,0,7.830261898782394
-7,0,7.477787982505397
-7,0,5.786990600426009
-7,0,7.619389145993179
-7,0,7.111215682995288
-7,0,6.283951065074082
-7,0,1.7577050280654714
-7,0,8.179781420790865
-7,0,4.626769613722075
-7,0,10.243339017738482
-7,0,9.878054680993056
-7,0,7.653992118607587
-7,0,12.030806747083956
-7,0,3.430983432968283
-7,0,6.865098880404755
-7,0,4.551536491301725
-7,0,7.31349342769729
-7,0,3.9851693140137865
-7,0,8.578432058188412
-7,0,13.075019177483755
-7,0,7.824864097421041
-7,0,9.616464857884795
-7,0,8.747920874500837
-7,0,10.22042808224488
-7,0,7.275216385914606
-7,0,5.202698834783278
-7,0,5.249365699257096
-7,0,8.181349478558136
-7,0,8.182371276599046
-7,0,2.2798639713257725
-7,0,4.105584372380522
-7,0,8.364860068599356
-7,0,7.365874502705854
-7,0,5.490833176311834
-7,0,3.196174338360306
-7,0,7.665376118454957
-7,0,5.031327721579362
-7,0,7.783348039211103
-7,0,4.621991045418216
-7,0,6.138269133404833
-7,0,8.894191929707526
-7,0,6.932357858595824
-7,0,5.6874736465677245
-7,0,6.72942530318658
-7,0,5.0711185617305805
-7,0,12.683142598310933
-7,0,8.630733804941222
-7,0,6.089030541026465
-7,0,10.233013672469045
-7,0,5.475591985587949
-7,0,7.791442761563987
-7,0,4.41233129775839
-7,0,9.038247781862012
-7,0,1.8243321806904644
-7,0,3.37636167391734
-7,0,5.910091952413029
-7,0,11.131625307482953
-7,0,5.8486250841759535
-7,-1,5.12254895491378
-7,-1,19.033096952186902
-7,-1,5.529575970168633
-7,-1,6.85815661981328
-7,-1,1.6500000000000001
-7,-1,9.662356946154173
-7,-1,5.855507352811532
-7,-1,2.87618216960373
-7,-1,4.894672019570453
-7,-1,7.979228134929707
-7,-1,3.2923611261662273
-7,-1,9.870280242085261
-7,-1,1.6500000000000001
-7,-1,6.623814317641365
-7,-1,4.423813415019541
-7,-1,2.952104774916876
-7,-1,8.557568870899566
-7,-1,7.091552763576731
-7,-1,8.04026412331908
-7,-1,8.167151823045804
-7,-1,11.52656000470224
-7,-1,3.8163884662821532
-7,-1,10.086537692997755
-7,-1,15.168262111913085
-7,-1,9.276753828467877
-7,-1,6.475176403344493
-7,-1,7.320331761371627
-7,-1,2.0958455850903013
-7,-1,4.894509319049062
-7,-1,10.35409720850311
-7,-1,14.717004419403496
-7,-1,2.844509824927737
-7,-1,7.569451373049936
-7,-1,9.630281679894761
-7,-1,9.086575243883711
-7,-1,2.8664065796367306
-7,-1,8.85456772798407
-7,-1,8.12137327193793
-7,-1,9.232419426296847
-7,-1,9.423412721203865
-7,-1,4.05030598311555
-7,-1,6.786891941320094
-7,-1,2.1440541005888702
-7,-1,3.8623335517287476
-7,-1,8.084866582430212
-7,-1,10.69982344950646
-7,-1,2.7257348655904194
-7,-1,5.024248099882256
-7,-1,1.6500000000000001
-7,-1,3.881483214313419
-7,-1,4.017947929783367
-7,-1,9.969119827075696
-7,-1,4.767970140377133
-7,-1,3.498194704537042
-7,-1,5.267863911162728
-7,-1,4.128231732289752
-7,-1,7.048935561923539
-7,-1,8.293630836623732
-7,-1,6.7151479240466605
-7,-1,6.444685475713753
-7,-1,7.390303835072414
-7,-2,5.260294070003342
-7,-2,3.828521860036917
-7,-2,5.131266058915626
-7,-2,1.6500000000000001
-7,-2,3.1522552686634757
-7,-2,6.564760756145087
-7,-2,4.091980605951017
-7,-2,5.985480492168375
-7,-2,4.814905421233064
-7,-2,4.769409692807872
-7,-2,1.6500000000000001
-7,-2,10.374415229582683
-7,-2,3.315921084357064
-7,-2,9.092789979670606
-7,-2,9.612836357062427
-7,-2,5.025777175666434
-7,-2,5.126877302536901
-7,-2,4.180229473817958
-7,-2,3.3790099103506805
-7,-2,5.944812524769326
-7,-2,5.72659664069266
-7,-2,4.177547168211082
-7,-2,1.766425225347346
-7,-2,5.115328360184241
-7,-2,12.395106152429697
-7,-2,11.474515418965286
-7,-2,13.01480142423269
-7,-2,5.216419512909233
-7,-2,10.517290055099831
-7,-2,7.884925410456334
-7,-2,9.397123608625545
-7,-2,7.449315553323486
-7,-2,5.426350000806591
-7,-2,7.101619165770682
-7,-2,3.1985923315900164
-7,-2,9.549861303896748
-7,-2,8.548384270132203
-7,-2,8.122270563689344
-7,-2,1.6500000000000001
-7,-2,1.7075914909060081
-7,-2,4.852551749559483
-7,-2,7.844919451212847
-7,-2,4.804319351497011
-7,-2,9.78787979653545
-7,-2,8.533243950046321
-7,-2,5.945935703002958
-7,-2,6.760329003006715
-7,-2,7.440761063481182
-7,-2,6.977206116953263
-7,-2,5.63461019158496
-7,-2,1.6500000000000001
-7,-2,9.372816276341748
-7,-2,3.4610410413885933
-7,-2,8.91267073545456
-7,-2,4.220120707144908
-7,-2,4.538004744962717
-7,-2,5.608748087308642
-7,-2,7.982351235037647
-7,-2,10.095463988550401
-7,-2,3.6451685837612886
-7,-2,6.427978489719117
-6,-2,1.6500000000000001
-6,-2,5.8313983791848445
-6,-2,5.095511290898384
-6,-2,8.623066157055991
-6,-2,5.299752235583545
-6,-2,21.414428049363394
-6,-2,4.407557525310349
-6,-2,12.06217955931314
-6,-2,12.101733609843677
-6,-2,8.84089316598881
-6,-2,5.73792602735562
-6,-2,5.896866548305551
-6,-2,8.918440222197706
-6,-2,8.91841190764292
-6,-2,2.918404985415222
-6,-2,12.701183579237252
-6,-2,4.756382577217712
-6,-2,11.004632981934357
-6,-2,3.796124464664741
-6,-2,10.817749567429713
-6,-2,5.1634057060029415
-6,-2,1.6500000000000001
-6,-2,4.76001259830029
-6,-2,9.155029848926533
-6,-2,8.214909339849626
-6,-2,3.6597225625686973
-6,-2,5.061035956548991
-6,-2,4.845042673294697
-6,-2,11.058468616135906
-6,-2,6.4662348200344875
-6,-2,13.935739118764282
-6,-2,7.527674145297608
-6,-2,8.768782644784258
-6,-2,10.590006742301213
-6,-2,12.312606546171404
-6,-2,4.833483812712899
-6,-2,7.855612397738241
-6,-2,7.249412544106562
-6,-2,10.234806438412482
-6,-2,6.938918032926686
-6,-2,5.281089926915742
-6,-2,4.902922819888097
-6,-2,10.747377650595958
-6,-2,9.182599565275371
-6,-2,1.8056111536441515
-6,-2,9.99533212496748
-6,-2,3.162434408304901
-6,-2,5.347839847721949
-6,-2,6.454114579422673
-6,-2,4.934067833217114
-6,-2,2.3233684377373045
-6,-2,14.148595813416573
-6,-2,4.7378319161140805
-6,-2,6.480517431007074
-6,-2,13.216177865654116
-6,-2,3.2290135666047513
-6,-2,12.804254276671145
-6,-2,12.769347163519356
-6,-2,3.045403213666111
-6,-2,10.518380206885915
-6,-3,6.5096077908993015
-6,-3,10.870951984735715
-6,-3,13.951021786229742
-6,-3,3.2516839965663205
-6,-3,10.839663581781444
-6,-3,6.765572989745436
-6,-3,8.258708002162086
-6,-3,5.66278808511164
-6,-3,21.07741599121094
-6,-3,7.338197348845013
-6,-3,2.933584354316653
-6,-3,6.337216652575487
-6,-3,4.432566285589939
-6,-3,5.398010223042812
-6,-3,6.4115041993694755
-6,-3,6.490540947996355
-6,-3,5.967528222996089
-6,-3,6.036440033456722
-6,-3,4.630365081153166
-6,-3,13.588166578431956
-6,-3,6.2193904371396265
-6,-3,7.485959623734975
-6,-3,5.93388884868389
-6,-3,18.94681607237814
-6,-3,12.402797016831553
-6,-3,4.51677019520924
-6,-3,9.462347610233005
-6,-3,5.227016748648655
-6,-3,3.8508136397900397
-6,-3,4.2763115836594
-6,-3,6.622662312931309
-6,-3,2.8838879121327743
-6,-3,9.273241455664586
-6,-3,1.6500000000000001
-6,-3,4.410057948282412
-6,-3,7.488527723706857
-6,-3,4.447727705215492
-6,-3,10.7217161436899
-6,-3,4.410831864848348
-6,-3,6.872256797726505
-6,-3,6.870938980301285
-6,-3,1.6500000000000001
-6,-3,3.861577138849116
-6,-3,6.859505898142136
-6,-3,9.169632888918642
-6,-3,6.169485885313056
-6,-3,8.237232799684788
-6,-3,7.584843175611779
-6,-3,8.456155335187933
-6,-3,8.528731804575912
-6,-3,2.4453496112728725
-6,-3,4.678869726967497
-6,-3,1.6500000000000001
-6,-3,8.971253060258398
-6,-3,4.323943261861115
-6,-3,4.853322331495052
-6,-3,11.05556223963312
-6,-3,10.766224394515762
-6,-3,5.555655003282311
-6,-3,6.388850170213947
-6,-3,10.16863622031281
-6,-4,11.234766488711514
-6,-4,6.848185163962753
-6,-4,10.512999631012637
-6,-4,4.7837470912484275
-6,-4,4.432416935641415
-6,-4,9.10419550759156
-6,-4,6.410251565875329
-6,-4,7.675561698222474
-6,-4,1.6500000000000001
-6,-4,7.436190272345581
-6,-4,10.142229155654917
-6,-4,5.203594390932127
-6,-4,6.624939410274397
-6,-4,9.031817293606546
-6,-4,7.37332714972389
-6,-4,16.957997685756638
-6,-4,4.4354277836411535
-6,-4,6.900460575961523
-6,-4,7.514797601851503
-6,-4,4.72759393688811
-6,-4,3.6998534154194864
-6,-4,9.869725257985799
-6,-4,4.165024964738949
-6,-4,2.778292327158275
-6,-4,8.942462229852957
-6,-4,5.972867433416479
-6,-4,5.6585611850311475
-6,-4,5.5368099018072385
-6,-4,9.272415171323596
-6,-4,3.283693886297213
-6,-4,6.22109510769334
-6,-4,7.935394263157444
-6,-4,10.578957200561984
-6,-4,5.058584684726853
-6,-4,1.6522881728788557
-6,-4,7.404242919714221
-6,-4,7.249973106893613
-6,-4,1.6500000000000001
-6,-4,8.0265250839859
-6,-4,8.745395605783385
-6,-4,10.64958143616033
-6,-4,12.754706718852582
-6,-4,6.950995217097117
-6,-4,8.545273535148104
-6,-4,12.14019262832242
-6,-4,11.43465492320577
-6,-4,1.6500000000000001
-6,-4,4.973659159460263
-6,-4,4.669318611406288
-6,-4,4.746303360556881
-6,-4,2.954302322715831
-6,-4,4.846369982879343
-6,-4,7.981007778592969
-6,-4,3.988410521716058
-6,-4,5.002861777198783
-6,-4,5.120576436215639
-6,-4,6.440985281058068
-6,-4,6.99413750025288
-6,-4,6.723526000248302
-6,-4,7.604741387247246
-5,-4,4.139497394992596
-5,-4,9.128335137387145
-5,-4,11.872401733341901
-5,-4,7.3774951048708814
-5,-4,3.8632210227332724
-5,-4,9.781462633700801
-5,-4,7.317697367699625
-5,-4,8.209719846395299
-5,-4,9.794168619325202
-5,-4,7.166258101156489
-5,-4,3.7099031946112113
-5,-4,8.307974022900925
-5,-4,10.981884598096265
-5,-4,1.6500000000000001
-5,-4,7.545139689712429
-5,-4,7.570198402408954
-5,-4,6.554452043016628
-5,-4,8.107595736581743
-5,-4,10.863352028111471
-5,-4,4.3162175850475855
-5,-4,8.594894510423247
-5,-4,4.765275220368632
-5,-4,14.445911639464704
-5,-4,6.256038659265925
-5,-4,8.9618322136113
-5,-4,6.5684382415276215
-5,-4,7.464134778643771
-5,-4,2.827527906417109
-5,-4,12.709574550629554
-5,-4,6.688384521838202
-5,-4,8.763574266557985
-5,-4,9.559273180760863
-5,-4,6.585332459218777
-5,-4,5.041077040031561
-5,-4,4.067939348828432
-5,-4,1.6500000000000001
-5,-4,7.2653562169121315
-5,-4,11.17160854587834
-5,-4,9.448567575341587
-5,-4,12.342233851822733
-5,-4,3.898952856559028
-5,-4,4.053193728276935
-5,-4,8.186694426015226
-5,-4,7.235086285609089
-5,-4,11.096876449388642
-5,-4,1.8447214759749233
-5,-4,2.052416288710881
-5,-4,7.490248658459012
-5,-4,7.400736775509701
-5,-4,4.66229106813762
-5,-4,15.02497073535075
-5,-4,7.4353474373848725
-5,-4,5.6492253385561115
-5,-4,7.067052603819583
-5,-4,10.8787007971519
-5,-4,7.438406328205232
-5,-4,1.6500000000000001
-5,-4,13.04679723599454
-5,-4,5.610240593754371
-5,-4,8.335763769225471
-5,-4,3.3921571113467732
-4,-4,6.928432510728267
-4,-4,8.822426703002012
-4,-4,8.26691592580102
-4,-4,11.88473152600391
-4,-4,8.30710612146368
-4,-4,4.936001312784116
-4,-4,8.425687565288314
-4,-4,9.26542722156771
-4,-4,7.9892194538599295
-4,-4,7.723074159614532
-4,-4,11.648535884500756
-4,-4,4.862470373218418
-4,-4,3.892913386928177
-4,-4,7.095146805471073
-4,-4,10.630980416437515
-4,-4,11.758080832591403
-4,-4,6.595443200777358
-4,-4,6.568711743446986
-4,-4,8.487121137450663
-4,-4,7.066000602123665
-4,-4,4.7736181966478
-4,-4,7.369552730057906
-4,-4,8.95356277369554
-4,-4,10.594407723673369
-4,-4,9.834637563053464
-4,-4,2.6353251573157843
-4,-4,5.12297407494249
-4,-4,7.616156378784371
-4,-4,1.6500000000000001
-4,-4,6.803132494145036
-4,-4,8.956533951271275
-4,-4,6.043393754149237
-4,-4,9.958270656301172
-4,-4,6.065240218297742
-4,-4,3.4887309588545516
-4,-4,5.635586740238418
-4,-4,12.586560409341178
-4,-4,9.001411852775103
-4,-4,1.6500000000000001
-4,-4,7.998299597874598
-4,-4,8.22096969608064
-4,-4,8.179103344844558
-4,-4,4.118217527824542
-4,-4,4.432989834544172
-4,-4,10.992225840793056
-4,-4,7.935133445751884
-4,-4,7.859165073743455
-4,-4,5.0827240765757775
-4,-4,5.081108064327406
-4,-4,11.382940862165677
-4,-4,4.490329910628621
-4,-4,10.470806269446815
-4,-4,15.949280063330086
-4,-4,8.41279316467448
-4,-4,6.486733273506715
-4,-4,4.640396916209031
-4,-4,14.745459943527814
-4,-4,8.71435719184908
-4,-4,6.241407011290587
-4,-4,6.393557563489781
-4,-4,6.962913540608041
-3,-4,3.7364391417334404
-3,-4,8.671342318552835
-3,-4,6.783927215105248
-3,-4,5.87196492628886
-3,-4,4.673677281289322
-3,-4,8.267324088329808
-3,-4,4.00723145189035
-3,-4,10.449682351428471
-3,-4,5.389626997975404
-3,-4,4.862068219246225
-3,-4,9.862635439900115
-3,-4,2.6005386794093885
-3,-4,10.751117118669624
-3,-4,8.214391137927628
-3,-4,1.9776784162205132
-3,-4,8.492795092007974
-3,-4,12.155949181811872
-3,-4,8.43644478110583
-3,-4,2.227134479199356
-3,-4,6.1407494416509065
-3,-4,6.443040312764018
-3,-4,7.240878926469604
-3,-4,10.026973946452657
-3,-4,7.966790114054627
-3,-4,3.890763263393918
-3,-4,10.442194099554545
-3,-4,12.546645640368325
-3,-4,12.12090290955745
-3,-4,3.3206057612581947
-3,-4,6.8421229106300725
-3,-4,9.384056655105653
-3,-4,7.764688949231024
-3,-4,8.798834404797663
-3,-4,5.22333307581426
-3,-4,8.474683874570275
-3,-4,7.550901722841823
-3,-4,4.05143322096731
-3,-4,9.435486106277049
-3,-4,9.764741647334077
-3,-4,3.3547214219281396
-3,-4,5.691624623265246
-3,-4,10.36261842948588
-3,-4,8.703201503514887
-3,-4,7.403415715875574
-3,-4,10.929058184424424
-3,-4,3.9429807027367065
-3,-4,5.856460597589463
-3,-4,7.818491898086602
-3,-4,8.981702708927745
-3,-4,6.890382904240459
-3,-4,6.092338110071452
-3,-4,3.201386114339682
-3,-4,3.058157896629544
-3,-4,6.747320042828604
-3,-4,5.804379977156994
-3,-4,7.60505462886327
-3,-4,4.951836776203386
-3,-4,6.4817144332334875
-3,-4,2.1582721408004124
-3,-4,7.436708739503421
-3,-3,11.511640093410573
-3,-3,6.526870723900684
-3,-3,3.702802021279406
-3,-3,6.500462130896281
-3,-3,8.223626793594942
-3,-3,6.835417732961826
-3,-3,10.66577502492121
-3,-3,9.91805139485927
-3,-3,8.861266927148074
-3,-3,7.286124056521898
-3,-3,11.911783546954641
-3,-3,9.798870970106835
-3,-3,9.90090642231599
-3,-3,7.335634455980522
-3,-3,6.836884750020353
-3,-3,12.617460993102895
-3,-3,11.402664186404813
-3,-3,9.17965983081329
-3,-3,6.630355007880155
-3,-3,5.130248956628402
-3,-3,12.49357134840493
-3,-3,12.620542486753722
-3,-3,6.99824025794461
-3,-3,4.158042841167349
-3,-3,2.278129437316262
-3,-3,7.104674323904795
-3,-3,8.68642241725272
-3,-3,9.073553204815129
-3,-3,11.416473805951824
-3,-3,10.861461460474228
-3,-3,9.18451030202714
-3,-3,3.26440845296844
-3,-3,8.231804696685579
-3,-3,7.677975364969165
-3,-3,5.367903668962091
-3,-3,7.134142842379881
-3,-3,9.382749088068305
-3,-3,9.243192866315034
-3,-3,6.1621544737049785
-3,-3,6.833524285053284
-3,-3,8.953398559102787
-3,-3,1.6500000000000001
-3,-3,7.844990465488622
-3,-3,10.224264226570291
-3,-3,10.018110548673839
-3,-3,4.409073195363037
-3,-3,9.949267535272124
-3,-3,6.762158261828543
-3,-3,5.550492674490179
-3,-3,6.24350048680963
-3,-3,15.690366886028174
-3,-3,7.935701855811469
-3,-3,6.6863998930593365
-3,-3,4.768144998708932
-3,-3,7.933271236407688
-3,-3,10.239798820233345
-3,-3,5.548073065311721
-3,-3,3.118296319743726
-3,-3,6.3059830523221105
-3,-3,5.971349058047825
-3,-3,9.655407510934431
-3,-4,10.797590465196773
-3,-4,15.676583904386518
-3,-4,4.1697703157743735
-3,-4,7.561060152978438
-3,-4,5.966191886078949
-3,-4,18.195147655127535
-3,-4,3.4120408473201778
-3,-4,7.113647771778397
-3,-4,9.750137440771889
-3,-4,7.669345634251819
-3,-4,4.828714424601884
-3,-4,1.6500000000000001
-3,-4,4.229655575416709
-3,-4,9.559059252915658
-3,-4,11.215489388566255
-3,-4,7.520367866561476
-3,-4,8.643479339701614
-3,-4,8.781309545689282
-3,-4,8.529078898424373
-3,-4,10.645004246335738
-3,-4,5.937150008440248
-3,-4,7.573614350996519
-3,-4,5.26292665307639
-3,-4,3.6043529015572124
-3,-4,7.673572623540393
-3,-4,8.726357829879566
-3,-4,6.688382859991674
-3,-4,5.85221419312079
-3,-4,8.372330656183312
-3,-4,12.221677549184395
-3,-4,8.612261227347524
-3,-4,17.96862647584291
-3,-4,7.908880314148346
-3,-4,8.275442048524692
-3,-4,6.454492545324715
-3,-4,6.178113822289943
-3,-4,9.492690791205996
-3,-4,17.33900744333909
-3,-4,5.533412303714341
-3,-4,9.59062218144198
-3,-4,4.601348266503377
-3,-4,10.760851674664366
-3,-4,9.341343212942974
-3,-4,8.46200628994422
-3,-4,8.987624862698807
-3,-4,11.24578468624641
-3,-4,6.8793419941677
-3,-4,4.806314264908372
-3,-4,8.989728580087872
-3,-4,10.615902984712722
-3,-4,11.4962262966616
-3,-4,5.053011846324592
-3,-4,7.803723670574068
-3,-4,6.810959431622627
-3,-4,12.22627630896286
-3,-4,3.374071730279905
-3,-4,7.146496617371159
-3,-4,4.413019163909835
-3,-4,12.531896819570564
-3,-4,3.2867218756225043
-3,-3,16.16166102524449
-3,-3,6.106525943385722
-3,-3,10.848231975604378
-3,-3,9.185541611290876
-3,-3,7.015132377469993
-3,-3,5.473195020738069
-3,-3,5.264139117952117
-3,-3,7.247284940871309
-3,-3,3.330155707999905
-3,-3,8.220191997307461
-3,-3,17.522440176180087
-3,-3,2.894055748867464
-3,-3,8.604338277572689
-3,-3,5.507535311579054
-3,-3,8.086167168768743
-3,-3,5.131150332491128
-3,-3,3.611273959243448
-3,-3,4.4229507011522085
-3,-3,5.193010147959759
-3,-3,10.745571090538736
-3,-3,12.620291133930834
-3,-3,10.340851177871617
-3,-3,7.995209291673731
-3,-3,6.183179733843336
-3,-3,5.765283275817006
-3,-3,8.975521664709472
-3,-3,1.6500000000000001
-3,-3,12.566885809866651
-3,-3,1.6500000000000001
-3,-3,14.700581664160048
-3,-3,9.60078818130606
-3,-3,6.628850364942857
-3,-3,19.219100403154954
-3,-3,7.307058197831089
-3,-3,11.899060295302478
-3,-3,7.281004307764269
-3,-3,7.075635046446943
-3,-3,3.5194078703835334
-3,-3,10.376588329896228
-3,-3,11.12566056582532
-3,-3,8.228810857523502
-3,-3,1.6500000000000001
-3,-3,10.033486267157722
-3,-3,8.446105163600654
-3,-3,1.8223199069557054
-3,-3,5.30407077634908
-3,-3,5.779266586335752
-3,-3,3.8882999014431565
-3,-3,8.306852950287556
-3,-3,3.3719132979140705
-3,-3,11.142254631202734
-3,-3,21.690841590450503
-3,-3,9.954643772307374
-3,-3,6.8903477236677055
-3,-3,4.464965738418017
-3,-3,8.864447750637146
-3,-3,8.824697277193184
-3,-3,5.299841032065531
-3,-3,6.26843231912375
-3,-3,9.49855957159384
-3,-3,13.183991896760125
-3,-4,12.779630213909636
-3,-4,6.5805463026326265
-3,-4,9.470942216577154
-3,-4,6.40687896065292
-3,-4,6.986237602923518
-3,-4,8.129079433157981
-3,-4,8.280951875585833
-3,-4,11.168216437386976
-3,-4,3.315169618846781
-3,-4,7.707577040406421
-3,-4,1.6500000000000001
-3,-4,10.607903578845889
-3,-4,13.825224478236596
-3,-4,10.522891443225525
-3,-4,9.554031256173822
-3,-4,5.632757520430403
-3,-4,4.225142128086265
-3,-4,7.477382942619704
-3,-4,7.929095284474068
-3,-4,7.8024619053794915
-3,-4,11.724198285571129
-3,-4,11.294917227087632
-3,-4,7.447450028327242
-3,-4,11.727376471803332
-3,-4,10.385388576301587
-3,-4,8.008119885293896
-3,-4,8.869763734510663
-3,-4,10.729460414041485
-3,-4,5.243014015773048
-3,-4,3.584946832498392
-3,-4,10.853421424557945
-3,-4,11.273392822360648
-3,-4,5.85009985234126
-3,-4,16.522210869317252
-3,-4,14.936416985691814
-3,-4,5.740485612483869
-3,-4,7.847162813732406
-3,-4,20.8606739481414
-3,-4,6.041118945247219
-3,-4,15.492177293823715
-3,-4,8.311948819261293
-3,-4,3.336705148408857
-3,-4,3.9787791162518187
-3,-4,1.6500000000000001
-3,-4,8.555595174192144
-3,-4,5.069096625945466
-3,-4,7.026872462111188
-3,-4,9.575670879406871
-3,-4,6.336671109526766
-3,-4,6.194895735706418
-3,-4,9.732015489643057
-3,-4,8.907859772873847
-3,-4,2.912560214137403
-3,-4,8.37563756993227
-3,-4,2.38619041351581
-3,-4,6.281330219795957
-3,-4,8.3834484301702
-3,-4,8.32532170948349
-3,-4,10.722264782408011
-3,-4,9.089908313000974
-3,-4,10.821445892755161
-3,-5,4.973156368186713
-3,-5,5.765194573670591
-3,-5,9.141033074130474
-3,-5,7.566341136669648
-3,-5,5.582540319616642
-3,-5,10.660410556646804
-3,-5,8.60324584376491
-3,-5,5.586717123401165
-3,-5,5.121809061408902
-3,-5,3.4267653372403095
-3,-5,3.7084894400686346
-3,-5,5.088167822194368
-3,-5,5.107411613358336
-3,-5,1.6500000000000001
-3,-5,5.72789524270605
-3,-5,10.361511799254068
-3,-5,10.094968976747218
-3,-5,2.883321091733178
-3,-5,4.504893637243249
-3,-5,12.676681846506085
-3,-5,11.366402647420793
-3,-5,12.399997350702806
-3,-5,8.533677972762954
-3,-5,9.55258692604149
-3,-5,11.232788281831404
-3,-5,8.272083693057914
-3,-5,6.337345075291845
-3,-5,6.1264189712322095
-3,-5,4.294996263214685
-3,-5,6.112114828066364
-3,-5,5.124187307573069
-3,-5,3.939665894397408
-3,-5,5.086844775501786
-3,-5,5.733169461697186
-3,-5,13.131745725773392
-3,-5,13.30494913931448
-3,-5,11.411030452304722
-3,-5,2.4322707533418084
-3,-5,6.808057832122559
-3,-5,11.510572457375586
-3,-5,7.9548861937867885
-3,-5,3.5381438631029667
-3,-5,4.602894266270008
-3,-5,5.691662477989242
-3,-5,20.661400209779615
-3,-5,8.029750432811849
-3,-5,10.823096107768574
-3,-5,6.674679694624706
-3,-5,9.03232408709268
-3,-5,7.793937861436942
-3,-5,1.6500000000000001
-3,-5,10.802754525303216
-3,-5,9.545213602093918
-3,-5,12.927532718347715
-3,-5,5.547843725231874
-3,-5,4.5603132027883335
-3,-5,6.289806818701167
-3,-5,7.4310754883186245
-3,-5,12.235137372521557
-3,-5,6.622137095855095
-4,-5,11.371501988017135
-4,-5,5.797196760643459
-4,-5,2.4839204951250373
-4,-5,7.669679711405104
-4,-5,9.556695225962885
-4,-5,4.946077408347133
-4,-5,5.18113058967068
-4,-5,7.613377454637792
-4,-5,4.348411723097514
-4,-5,7.483363928106066
-4,-5,5.72487797296751
-4,-5,16.87620127532889
-4,-5,9.723706087941123
-4,-5,5.380809189853262
-4,-5,14.390838852224435
-4,-5,4.457886453805844
-4,-5,7.163639892525744
-4,-5,6.472060749888475
-4,-5,8.21526033477783
-4,-5,5.548728052409706
-4,-5,4.8950215711087175
-4,-5,7.641992044614213
-4,-5,7.4062532306279
-4,-5,6.285659782491166
-4,-5,13.368864986009894
-4,-5,9.516689991435463
-4,-5,4.8813976784309085
-4,-5,4.815073712337314
-4,-5,5.860558654105846
-4,-5,6.376315728374405
-4,-5,8.87712308520919
-4,-5,8.174260451416753
-4,-5,6.526904031018069
-4,-5,1.6500000000000001
-4,-5,4.9499463658327585
-4,-5,7.352180402596973
-4,-5,12.1690371355451
-4,-5,8.141655968855217
-4,-5,6.832619759156842
-4,-5,8.75719603134327
-4,-5,3.5348642424443213
-4,-5,5.8806679349276365
-4,-5,6.956123693566974
-4,-5,6.315071773263248
-4,-5,1.7021280213718404
-4,-5,8.052836740821636
-4,-5,1.6500000000000001
-4,-5,1.6500000000000001
-4,-5,7.134288228214644
-4,-5,6.368633272705648
-4,-5,8.798930729250475
-4,-5,11.109719064267667
-4,-5,6.3998292561423655
-4,-5,4.7002578749930555
-4,-5,2.1728631244940946
-4,-5,8.856151066364575
-4,-5,7.365189153796041
-4,-5,6.515524915627534
-4,-5,7.134356153369142
-4,-5,6.2584739578018365
-4,-5,8.751171887991282
-3,-5,11.203668264438516
-3,-5,9.793685476469362
-3,-5,10.496300642282588
-3,-5,10.191008479306445
-3,-5,5.756545153311099
-3,-5,8.46242655923896
-3,-5,7.150083041989759
-3,-5,4.657129461460697
-3,-5,5.205183857559346
-3,-5,9.537379323865355
-3,-5,8.36059424336446
-3,-5,10.97663428057958
-3,-5,8.756231611221954
-3,-5,6.885502239996318
-3,-5,9.450004133169543
-3,-5,7.887510217899214
-3,-5,12.524826797775955
-3,-5,4.71064672956077
-3,-5,6.137693196426708
-3,-5,18.900078973635942
-3,-5,8.027530641071012
-3,-5,3.8711328430407157
-3,-5,3.0194235520581385
-3,-5,1.6500000000000001
-3,-5,9.169641010019213
-3,-5,4.5474711518308295
-3,-5,7.272070769335465
-3,-5,4.563797501824235
-3,-5,5.594509778281313
-3,-5,7.377311325876694
-3,-5,1.6500000000000001
-3,-5,4.261004714345979
-3,-5,6.090230088119526
-3,-5,4.787005487116606
-3,-5,5.838105090628578
-3,-5,7.100995437978909
-3,-5,7.544095931500049
-3,-5,9.030523678424293
-3,-5,3.361452852777208
-3,-5,8.147359566336684
-3,-5,6.191564131982259
-3,-5,4.213945102497863
-3,-5,5.830405716541982
-3,-5,8.488484010837139
-3,-5,10.651573494212172
-3,-5,7.823749382881343
-3,-5,8.310334124071783
-3,-5,13.56816753581111
-3,-5,4.0455951921753925
-3,-5,5.738877504111215
-3,-5,8.540892694940563
-3,-5,11.812550712387653
-3,-5,5.24710538571145
-3,-5,7.356570069923798
-3,-5,8.01447254261852
-3,-5,4.900994004185028
-3,-5,9.925235412320433
-3,-5,10.035028056584816
-3,-5,5.229767400732337
-3,-5,5.347782807635694
-2,-5,6.889151899684894
-2,-5,5.069101580170674
-2,-5,6.299128004516173
-2,-5,6.122577729866264
-2,-5,6.55719421703402
-2,-5,3.7875324530356362
-2,-5,8.49892297279464
-2,-5,9.566531918918916
-2,-5,8.8261043755415
-2,-5,3.510683684974962
-2,-5,5.79919748745704
-2,-5,5.747479438373884
-2,-5,5.313870635380524
-2,-5,5.244555268831403
-2,-5,4.8792253090122735
-2,-5,6.84592561727879
-2,-5,4.861293548562619
-2,-5,7.091713388631107
-2,-5,9.686463774546967
-2,-5,2.2289492749755224
-2,-5,6.223265848690137
-2,-5,7.776394040563437
-2,-5,2.844863193118641
-2,-5,2.632199675416185
-2,-5,7.760716313662948
-2,-5,7.44096908470753
-2,-5,10.074282645283875
-2,-5,9.734324924867778
-2,-5,9.337188993269699
-2,-5,4.758047579422082
-2,-5,7.038346077789222
-2,-5,3.7027399335493487
-2,-5,4.56444107225362
-2,-5,5.344321963146428
-2,-5,5.868680448700877
-2,-5,3.4555090412855125
-2,-5,13.760115144694263
-2,-5,9.475332059857346
-2,-5,4.995302051602787
-2,-5,6.3060997457431265
-2,-5,5.431167583729822
-2,-5,10.970610509694204
-2,-5,8.3446908539489
-2,-5,1.6500000000000001
-2,-5,6.05467800747803
-2,-5,4.419802511972265
-2,-5,6.833513576602263
-2,-5,4.094488047242653
-2,-5,7.635942675818962
-2,-5,6.186954824418992
-2,-5,9.169327114229565
-2,-5,6.106977910675489
-2,-5,5.0754643173365475
-2,-5,7.572129520232873
-2,-5,4.068200580032739
-2,-5,11.62098335191008
-2,-5,5.118488151887557
-2,-5,12.841984411927044
-2,-5,1.9812555878514893
-2,-5,9.67478554362626
-2,-5,7.710270931690769
-2,-6,8.919977103963305
-2,-6,10.300000669607272
-2,-6,5.1969961172768615
-2,-6,6.264752558588914
-2,-6,7.709620858718656
-2,-6,6.030261167841937
-2,-6,14.22135409596914
-2,-6,8.605695035565446
-2,-6,2.262735918692843
-2,-6,15.676592958462665
-2,-6,7.277983953486587
-2,-6,10.314707632643598
-2,-6,2.2773635424592626
-2,-6,6.995006057487042
-2,-6,8.78222679188407
-2,-6,6.873845077507289
-2,-6,6.138799989032999
-2,-6,4.991160106578505
-2,-6,12.163008601663106
-2,-6,15.777551564581442
-2,-6,1.6500000000000001
-2,-6,1.6500000000000001
-2,-6,4.743240515659045
-2,-6,4.111746216057103
-2,-6,4.03688847603255
-2,-6,1.6500000000000001
-2,-6,5.547629105255645
-2,-6,7.199471528447044
-2,-6,7.920541650174515
-2,-6,13.311167295056961
-2,-6,5.973849494899381
-2,-6,7.2392103196217725
-2,-6,6.638365463503099
-2,-6,6.66544271665466
-2,-6,7.480407212297347
-2,-6,2.962674912663047
-2,-6,5.415640830690194
-2,-6,2.494158222820115
-2,-6,13.146950215908028
-2,-6,8.105712433085259
-2,-6,10.155132816596181
-2,-6,9.539384684769505
-2,-6,5.423184619399266
-2,-6,15.254229461573736
-2,-6,6.419453864925983
-2,-6,7.5663291805607304
-2,-6,6.965632922174666
-2,-6,3.6302687657757793
-2,-6,6.521698288708454
-2,-6,8.789864208201614
-2,-6,2.622812902066006
-2,-6,10.816169206341609
-2,-6,6.26353663397903
-2,-6,7.761620605229501
-2,-6,4.924187372398569
-2,-6,2.604468372841022
-2,-6,6.734743113768327
-2,-6,5.040099755501094
-2,-6,8.427149605467205
-2,-6,7.41866684573732
-2,-6,11.74546211328867
-1,-6,12.219586413348601
-1,-6,6.178339539881367
-1,-6,5.5090023101764904
-1,-6,6.6650644416570755
-1,-6,6.477175310120975
-1,-6,7.714146514812842
-1,-6,6.111169190301446
-1,-6,3.3917314970550887
-1,-6,8.497983145994278
-1,-6,12.615502816920916
-1,-6,3.497146325179828
-1,-6,9.975262789797227
-1,-6,6.9239810174805285
-1,-6,7.169284411869832
-1,-6,3.217357857307644
-1,-6,7.164212891328867
-1,-6,12.07120974713444
-1,-6,8.876634037226008
-1,-6,7.294423256736612
-1,-6,4.8976667810417815
-1,-6,11.036154035250295
-1,-6,11.164910666000404
-1,-6,12.469092421576274
-1,-6,8.647987369233777
-1,-6,1.6500000000000001
-1,-6,1.6500000000000001
-1,-6,5.805083128608464
-1,-6,7.083564876269551
-1,-6,4.769601257149798
-1,-6,4.82955496755175
-1,-6,10.721095372677834
-1,-6,10.305871794960813
-1,-6,3.868036710832256
-1,-6,4.692925049273608
-1,-6,3.40083136789882
-1,-6,4.415160585678116
-1,-6,7.5869602867366845
-1,-6,3.925170495920735
-1,-6,7.574685339967978
-1,-6,10.969044693200377
-1,-6,10.485163659903419
-1,-6,5.196595252574213
-1,-6,8.150027764680521
-1,-6,12.110615709905108
-1,-6,8.459356865134566
-1,-6,5.248666361604677
-1,-6,7.459518630814201
-1,-6,7.06182440399214
-1,-6,8.147250241762208
-1,-6,7.0293958295400305
-1,-6,1.9875316414026258
-1,-6,2.9919184779158816
-1,-6,10.191646526005272
-1,-6,9.399599645348587
-1,-6,8.898085097653395
-1,-6,4.30817143603815
-1,-6,2.8294066059026224
-1,-6,7.4342149466834595
-1,-6,3.950183441910715
-1,-6,6.215700186192172
-1,-7,5.288223066220747
-1,-7,6.989851504733006
-1,-7,3.2123566068936333
-1,-7,6.32683014257663
-1,-7,6.023161048019836
-1,-7,6.304061721664263
-1,-7,8.29254584803472
-1,-7,8.440890105087503
-1,-7,8.181878460641345
-1,-7,7.225065258467879
-1,-7,6.502219529631109
-1,-7,8.309599533024752
-1,-7,5.466766269403346
-1,-7,4.6448266856569616
-1,-7,10.688832057874137
-1,-7,4.0431741030159305
-1,-7,7.495015916954591
-1,-7,4.042769068228269
-1,-7,7.329332843261138
-1,-7,3.5632613266542235
-1,-7,6.5637277907678975
-1,-7,14.050378643171154
-1,-7,7.8008789824936295
-1,-7,8.14481268257435
-1,-7,4.744779305646478
-1,-7,7.013354867695236
-1,-7,4.956324132408162
-1,-7,11.363350267548784
-1,-7,6.226508017609337
-1,-7,2.6024507221970468
-1,-7,6.595269634050024
-1,-7,5.77587981999461
-1,-7,10.358598715215514
-1,-7,4.924195224285579
-1,-7,1.8915533047093662
-1,-7,6.691654262887906
-1,-7,3.3549169914445454
-1,-7,5.942112327130743
-1,-7,6.223109829271869
-1,-7,5.285953579084803
-1,-7,6.824735869447101
-1,-7,6.749182683589244
-1,-7,6.007076932960493
-1,-7,7.41908879539318
-1,-7,6.335242788533178
-1,-7,7.171487840012349
-1,-7,7.476518310706268
-1,-7,1.903413371174544
-1,-7,4.620515712294019
-1,-7,8.016350970947606
-1,-7,8.417826062253672
-1,-7,9.564630212833658
-1,-7,2.546097859919215
-1,-7,6.310603430047036
-1,-7,7.159897599138487
-1,-7,3.117310017625045
-1,-7,11.831029391837326
-1,-7,2.409634518056571
-1,-7,4.651139059806231
-1,-7,1.6500000000000001
-1,-7,11.329991329039544
0,-7,7.74178103363144
0,-7,5.225029663015224
0,-7,6.286273732336528
0,-7,12.472952791637944
0,-7,3.1591602544801147
0,-7,8.708177624497832
0,-7,7.23064795549456
0,-7,1.6500000000000001
0,-7,6.0836562418171605
0,-7,4.51581332206689
0,-7,5.556570911717461
0,-7,8.649851343389578
0,-7,6.992672590294785
0,-7,9.516723487202
0,-7,2.418705232409306
0,-7,7.242261097337431
0,-7,6.310569912508595
0,-7,8.682144049356728
0,-7,9.926052554149095
0,-7,2.5760076730009653
0,-7,13.365393614014721
0,-7,5.548428118320242
0,-7,8.33526068597369
0,-7,7.117448207760502
0,-7,11.161242807347719
0,-7,5.557911323505845
0,-7,9.681486713392523
0,-7,5.268419505577823
0,-7,1.6500000000000001
0,-7,8.112330438777756
0,-7,8.168701602171156
0,-7,3.204701713327633
0,-7,6.093635656237537
0,-7,2.711430839217906
0,-7,5.94212850357179
0,-7,3.5747702293942556
0,-7,5.696312291204066
0,-7,13.46182013941775
0,-7,11.022482042282345
0,-7,7.087347907671566
0,-7,1.6500000000000001
0,-7,7.721693634442523
0,-7,6.561445854185391
0,-7,8.10664346809658
0,-7,1.6500000000000001
0,-7,8.949862923734033
0,-7,7.441321162677039
0,-7,8.804968760751004
0,-7,6.436044891175846
0,-7,9.266134343858337
0,-7,15.638945588598771
0,-7,7.830409743272494
0,-7,6.230577029288492
0,-7,16.806709059080262
0,-7,14.627416288493773
0,-7,8.911149798294517
0,-7,7.1559441768457965
0,-7,2.9737690731453026
0,-7,8.145061131369301
0,-7,5.079049379314836
0,-8,2.8578880921465193
0,-8,4.487424619162713
0,-8,6.191309626000464
0,-8,8.215514130518882
0,-8,4.606197864594494
0,-8,1.6500000000000001
0,-8,3.084367108626172
0,-8,5.332556674698964
0,-8,5.13580330773828
0,-8,6.134153324648946
0,-8,7.593730718690214
0,-8,5.902046218058056
0,-8,3.662393270191002
0,-8,11.102177218825311
0,-8,5.415282361799515
0,-8,13.997098396115435
0,-8,9.483734784216182
0,-8,5.92527725113458
0,-8,7.354186378773939
0,-8,9.847017286932862
0,-8,6.07644376235853
0,-8,5.394572180084253
0,-8,5.179406509015342
0,-8,2.637438310837891
0,-8,3.3610304325419134
0,-8,3.292420389663194
0,-8,4.227624042550282
0,-8,2.2865209129120188
0,-8,7.898900167549296
0,-8,11.06364191521023
0,-8,8.426238618574185
0,-8,3.6017818807910422
0,-8,8.319090928936209
0,-8,9.205887873731745
0,-8,3.627634147045982
0,-8,5.708141758172785
0,-8,5.316812561736679
0,-8,4.409941285405489
0,-8,5.585472109184587
0,-8,1.6500000000000001
0,-8,2.3947065782376007
0,-8,3.9657941603689624
0,-8,9.043669065489713
0,-8,8.711782229059203
0,-8,4.757743711610348
0,-8,7.769156312235001
0,-8,9.821483401135096
0,-8,5.321631591006115
0,-8,5.934031994988911
0,-8,2.041128585240422
0,-8,6.166061123982772
0,-8,1.6500000000000001
0,-8,8.11103540410642
0,-8,4.326708213159198
0,-8,2.5240038090127417
0,-8,10.071890554722273
0,-8,4.681683101536448
0,-8,4.701479770069847
0,-8,4.25330090276927
0,-8,2.9543105585504112
0,-8,4.759344986312196
-1,-8,6.824889304565374
-1,-8,7.4671746338084075
-1,-8,9.84268800535288
-1,-8,8.303562563027251
-1,-8,4.1729690210577015
-1,-8,4.705316921204872
-1,-8,7.890929419204449
-1,-8,7.810888357444239
-1,-8,5.131148174858625
-1,-8,3.2031414254449557
-1,-8,7.299542247338448
-1,-8,5.159891610993651
-1,-8,7.873008613944608
-1,-8,2.623881181983586
-1,-8,6.811975892750035
-1,-8,7.107832454079421
-1,-8,6.729856137049575
-1,-8,4.310979868944059
-1,-8,4.71017783938915
-1,-8,2.1413906559869695
-1,-8,5.913522248346712
-1,-8,8.75723220239346
-1,-8,6.642426017450261
-1,-8,8.020012097576576
-1,-8,5.057400782168674
-1,-8,7.4243489715632585
-1,-8,14.25177158510581
-1,-8,5.82743138011077
-1,-8,1.6500000000000001
-1,-8,5.447905128472028
-1,-8,3.946839616426477
-1,-8,2.093314330115578
-1,-8,4.468605324873044
-1,-8,3.8108844012519705
-1,-8,8.339807157659557
-1,-8,8.38012982725709
-1,-8,3.4647642003644017
-1,-8,1.6500000000000001
-1,-8,6.029164526576577
-1,-8,1.6500000000000001
-1,-8,5.747219883206176
-1,-8,12.227089530672824
-1,-8,6.570210170832508
-1,-8,9.816649223556468
-1,-8,8.954609527128536
-1,-8,9.054710864396199
-1,-8,5.144701993975888
-1,-8,12.993035617536961
-1,-8,5.320494344186189
-1,-8,9.599586603593785
-1,-8,6.732356824562475
-1,-8,8.116109484706021
-1,-8,1.6500000000000001
-1,-8,2.0085285705355957
-1,-8,6.5272307913209575
-1,-8,5.641090382459035
-1,-8,2.6330460492485406
-1,-8,2.942097235508908
-1,-8,4.414911663004695
-1,-8,6.974481576658868
-1,-8,10.98198730480362
-2,-8,5.902973519314882
-2,-8,4.599498634009981
-2,-8,3.0503975403413177
-2,-8,3.286024317430587
-2,-8,2.0715778438969497
-2,-8,3.501214846242587
-2,-8,9.244351217938258
-2,-8,1.6500000000000001
-2,-8,5.996363014605231
-2,-8,1.6500000000000001
-2,-8,3.7622617363023148
-2,-8,12.572726045152791
-2,-8,2.873494409460895
-2,-8,3.4461231660198526
-2,-8,2.5551554531106273
-2,-8,1.822216812844366
-2,-8,5.748076798997436
-2,-8,5.096738223466798
-2,-8,6.980929979286566
-2,-8,7.624435473645756
-2,-8,6.448878732067231
-2,-8,3.1483763872351735
-2,-8,3.3982378894400926
-2,-8,6.558897458132295
-2,-8,8.724885785255022
-2,-8,10.264860310186418
-2,-8,3.838560217785108
-2,-8,12.988226893582052
-2,-8,17.482065742304563
-2,-8,3.6911099004275485
-2,-8,5.803281243358414
-2,-8,9.243023670277713
-2,-8,7.188263048529327
-2,-8,4.447354291774839
-2,-8,7.919250252702138
-2,-8,4.099350668521724
-2,-8,3.2297881992223716
-2,-8,5.041022399998056
-2,-8,10.11497336577807
-2,-8,9.415967134723005
-2,-8,6.669531304022849
-2,-8,4.099860475553729
-2,-8,2.407852860918901
-2,-8,6.17287524065616
-2,-8,5.727378587688351
-2,-8,8.002654362202865
-2,-8,13.400883368862008
-2,-8,5.279721042222137
-2,-8,5.614493410008671
-2,-8,4.944169275748072
-2,-8,8.824804895432813
-2,-8,5.810698673832252
-2,-8,4.041104110708764
-2,-8,2.715887742655921
-2,-8,5.43231396520414
-2,-8,7.2404981485794595
-2,-8,6.697920680055942
-2,-8,7.198627330600698
-2,-8,7.811441446385439
-2,-8,2.5427848241674855
-3,-8,6.15904591553359
-3,-8,1.6500000000000001
-3,-8,6.014859671052221
-3,-8,4.261307580176764
-3,-8,3.926332934058488
-3,-8,5.972130623275628
-3,-8,7.46312080445584
-3,-8,1.6500000000000001
-3,-8,8.66077061164822
-3,-8,7.257198004309401
-3,-8,9.19493418092092
-3,-8,7.1202621200886345
-3,-8,6.310955653617954
-3,-8,5.305168419708797
-3,-8,11.365625834109451
-3,-8,9.029990756514449
-3,-8,5.802880466154341
-3,-8,1.6500000000000001
-3,-8,1.8509746254049793
-3,-8,7.322604318251209
-3,-8,4.641007125496235
-3,-8,16.293702688808906
-3,-8,2.590909067747763
-3,-8,3.0362186792194867
-3,-8,5.389341018029123
-3,-8,8.298219560796637
-3,-8,1.6500000000000001
-3,-8,5.533323883971731
-3,-8,4.206619627765933
-3,-8,3.821548545508775
-3,-8,7.328832405990271
-3,-8,10.585073602762046
-3,-8,3.09800082905143
-3,-8,9.075609796579311
-3,-8,4.833356107010329
-3,-8,3.4812214365115484
-3,-8,4.144414571069052
-3,-8,7.533500039822755
-3,-8,14.49854627281775
-3,-8,1.6500000000000001
-3,-8,7.903749525774499
-3,-8,1.6500000000000001
-3,-8,3.87283695890373
-3,-8,9.452182859739157
-3,-8,6.454125142677354
-3,-8,5.353305533146146
-3,-8,1.6500000000000001
-3,-8,10.417453717898603
-3,-8,3.5291298168610723
-3,-8,4.843652027812529
-3,-8,5.850766949142019
-3,-8,6.8540203945170095
-3,-8,1.6500000000000001
-3,-8,5.325262792223249
-3,-8,8.740613919548869
-3,-8,6.1686428017621004
-3,-8,6.196406650014571
-3,-8,6.172139265152957
-3,-8,4.564615836312341
-3,-8,11.372498852663846
-3,-8,7.85216392923069
-2,-8,3.49012585910863
-2,-8,8.149140775456917
-2,-8,2.4248907608331742
-2,-8,8.116658291617883
-2,-8,1.729018718429054
-2,-8,3.899807054958785
-2,-8,7.300158124168607
-2,-8,6.346239959011343
-2,-8,7.733736809430159
-2,-8,6.369584292533992
-2,-8,8.76903418251778
-2,-8,6.120657186156341
-2,-8,1.6500000000000001
-2,-8,5.608115429751952
-2,-8,9.912014760726915
-2,-8,6.331716058134839
-2,-8,7.759367227837937
-2,-8,8.837887264762971
-2,-8,7.832999407519539
-2,-8,13.943407891962877
-2,-8,5.1900166410270865
-2,-8,7.068618801287167
-2,-8,6.96757288672453
-2,-8,3.8905294103850334
-2,-8,9.078691243965382
-2,-8,9.284515474683069
-2,-8,7.908588366632797
-2,-8,5.863194809136491
-2,-8,6.422698709270484
-2,-8,9.059579581321017
-2,-8,7.359132766455151
-2,-8,8.9849992419892
-2,-8,4.522606066519327
-2,-8,3.054511368487246
-2,-8,2.715667958074232
-2,-8,6.965321341770112
-2,-8,8.243660334110222
-2,-8,4.379031804834133
-2,-8,6.030049293337052
-2,-8,7.748526652890048
-2,-8,7.051221188508902
-2,-8,7.992659385192753
-2,-8,9.383371602611557
-2,-8,6.429782016235172
-2,-8,8.691649365155262
-2,-8,4.263151179946323
-2,-8,7.72892336260942
-2,-8,4.429213351929022
-2,-8,6.817555035906777
-2,-8,11.070500877414249
-2,-8,5.331546331936898
-2,-8,1.6500000000000001
-2,-8,9.086787024749547
-2,-8,2.5376073892185236
-2,-8,11.398187420128256
-2,-8,4.603089237190122
-2,-8,6.0426337298227235
-2,-8,8.866070675817413
-2,-8,6.851098493137676
-2,-8,3.902990533202337
-1,-8,8.839717289917623
-1,-8,1.6500000000000001
-1,-8,4.896967625544624
-1,-8,2.544278539184635
-1,-8,7.790728511233579
-1,-8,5.684341125029995
-1,-8,13.149000886388524
-1,-8,8.135157865084807
-1,-8,5.671817202738819
-1,-8,8.038499306953273
-1,-8,9.857922264063802
-1,-8,7.186518700351139
-1,-8,1.6500000000000001
-1,-8,5.383984950513155
-1,-8,2.405613988789301
-1,-8,9.514630704642515
-1,-8,7.179090869485138
-1,-8,5.26471273911746
-1,-8,13.977156463728551
-1,-8,4.040847365078125
-1,-8,5.557558354783426
-1,-8,4.392560569636712
-1,-8,8.238890295233094
-1,-8,4.747611800272255
-1,-8,3.5428547345344814
-1,-8,3.8446039944357713
-1,-8,1.7737634722071238
-1,-8,1.6500000000000001
-1,-8,12.424921532063713
-1,-8,4.72497447591888
-1,-8,1.6500000000000001
-1,-8,8.271162510518437
-1,-8,10.735969080595229
-1,-8,7.321192833602041
-1,-8,3.316297160044979
-1,-8,1.6500000000000001
-1,-8,7.128641221280818
-1,-8,6.689837229961707
-1,-8,8.479911388244721
-1,-8,2.248233053451668
-1,-8,10.331939859710761
-1,-8,8.358625957101928
-1,-8,7.356383568558041
-1,-8,5.510075279879344
-1,-8,7.480261583424473
-1,-8,7.220005920796535
-1,-8,5.279960154513059
-1,-8,1.6500000000000001
-1,-8,9.191918948615339
-1,-8,3.1846508826695237
-1,-8,10.199194131097414
-1,-8,9.03702446152072
-1,-8,2.7095186744856523
-1,-8,1.6500000000000001
-1,-8,7.756040233115771
-1,-8,4.490928870311931
-1,-8,5.889391450910862
-1,-8,7.641877292703604
-1,-8,5.17169554396609
-1,-8,16.785246649476004
-1,-8,2.005146312700715
-2,-8,3.5302442671027014
-2,-8,5.244533087867794
-2,-8,6.976441223943409
-2,-8,4.128706022967231
-2,-8,2.8802197108309593
-2,-8,9.250982438866506
-2,-8,6.2462577440057405
-2,-8,7.667250982405787
-2,-8,7.8543487158567125
-2,-8,3.551011213382399
-2,-8,6.544677850792991
-2,-8,6.181019169490331
-2,-8,4.950512884889072
-2,-8,3.771314678951856
-2,-8,4.262057314428995
-2,-8,2.263429175363801
-2,-8,5.0706612552207595
-2,-8,9.100304550546081
-2,-8,4.579805784815155
-2,-8,2.990822267174152
-2,-8,9.497154695046028
-2,-8,2.251299460380052
-2,-8,1.6500000000000001
-2,-8,10.498602368070639
-2,-8,6.703948595375898
-2,-8,12.770839499570524
-2,-8,4.890831839908523
-2,-8,3.1409657977279526
-2,-8,9.345597851372611
-2,-8,4.406796794273372
-2,-8,9.124380348662527
-2,-8,3.5707179289369413
-2,-8,6.021215964426441
-2,-8,1.6500000000000001
-2,-8,4.124334330248409
-2,-8,4.378494598594817
-2,-8,6.010622530563422
-2,-8,7.059399463853697
-2,-8,3.9031747150062808
-2,-8,4.457510754090135
-2,-8,3.118299986678839
-2,-8,2.7813397698284335
-2,-8,4.133947482439889
-2,-8,9.834994346428964
-2,-8,16.2390262198194
-2,-8,3.762814989667749
-2,-8,4.904066809426949
-2,-8,1.6500000000000001
-2,-8,4.360164484351551
-2,-8,4.116672227434224
-2,-8,6.464163064608748
-2,-8,9.554974853981292
-2,-8,2.3440975968077824
-2,-8,3.978271790258809
-2,-8,6.398119954326298
-2,-8,3.0210892290779214
-2,-8,1.9788682326722595
-2,-8,4.635850726980535
-2,-8,4.944233155668086
-2,-8,6.080852363327226
-2,-8,5.698089508666679
-3,-8,1.6500000000000001
-3,-8,10.481580372616088
-3,-8,6.32009587734706
-3,-8,9.112697382523468
-3,-8,6.23449192149927
-3,-8,5.834394768883538
-3,-8,7.128445583898424
-3,-8,7.0449034534139825
-3,-8,2.9350658480092413
-3,-8,4.016893028974856
-3,-8,8.377350160996476
-3,-8,1.6500000000000001
-3,-8,1.6500000000000001
-3,-8,2.2066614064658285
-3,-8,10.42329030206593
-3,-8,3.8322442450702523
-3,-8,4.68444114594477
-3,-8,4.558638673738412
-3,-8,4.395626763884922
-3,-8,7.970636059876808
-3,-8,9.029589725722008
-3,-8,5.967021454731765
-3,-8,13.60682183061834
-3,-8,12.899437631822627
-3,-8,1.6500000000000001
-3,-8,4.682284098132074
-3,-8,4.929927732509613
-3,-8,9.64289623576976
-3,-8,10.015180609764261
-3,-8,6.165696461561687
-3,-8,8.40035095867056
-3,-8,2.8609586916640244
-3,-8,2.127101628502472
-3,-8,9.234097665105054
-3,-8,10.008922452710088
-3,-8,1.6500000000000001
-3,-8,6.484724252068713
-3,-8,6.397102683130896
-3,-8,9.210104945571212
-3,-8,3.608590157435958
-3,-8,5.322019660236733
-3,-8,6.930224788622578
-3,-8,7.8754265348556345
-3,-8,5.790979661792048
-3,-8,1.6500000000000001
-3,-8,8.263883006269442
-3,-8,2.817594430367857
-3,-8,10.545892110914721
-3,-8,5.532254169137233
-3,-8,7.276984057269159
-3,-8,1.6500000000000001
-3,-8,8.561896702040379
-3,-8,2.1063074471292467
-3,-8,5.739565605614013
-3,-8,3.996268860778206
-3,-8,3.4864988737714566
-3,-8,11.065304211718612
-3,-8,3.82772618137657
-3,-8,1.6500000000000001
-3,-8,5.559757560927304
-4,-8,3.0681860562259278
-4,-8,5.508287127200109
-4,-8,10.605214265241413
-4,-8,3.950396852758323
-4,-8,4.2262491686199155
-4,-8,12.53935046742011
-4,-8,6.449477857956001
-4,-8,4.90717779423739
-4,-8,3.596803528529505
-4,-8,5.668680124734973
-4,-8,1.723240877870726
-4,-8,5.812011300871618
-4,-8,2.2626109393072946
-4,-8,5.676725269345137
-4,-8,1.6500000000000001
-4,-8,2.5941708205338005
-4,-8,6.055520232080814
-4,-8,4.500615533721279
-4,-8,5.405791863393745
-4,-8,9.749671567073682
-4,-8,5.504016512813416
-4,-8,6.142616945318116
-4,-8,8.417141268411603
-4,-8,1.6500000000000001
-4,-8,1.6500000000000001
-4,-8,7.692277292479067
-4,-8,6.5042549754312295
-4,-8,7.283526570997009
-4,-8,1.6500000000000001
-4,-8,4.838138713349785
-4,-8,5.143383357346203
-4,-8,6.556983501548813
-4,-8,2.5515714517188157
-4,-8,2.6717324589238616
-4,-8,6.467600801293201
-4,-8,5.837986767134971
-4,-8,10.458558413209195
-4,-8,7.867874589085387
-4,-8,2.422754919564107
-4,-8,5.476938280764095
-4,-8,2.1720810282617506
-4,-8,5.030527945542015
-4,-8,9.17449337881723
-4,-8,4.205526895723431
-4,-8,14.450603961548069
-4,-8,5.989195032766361
-4,-8,8.060317470181195
-4,-8,5.631499813251446
-4,-8,6.1522508266981655
-4,-8,7.231657194646857
-4,-8,3.8712213217190605
-4,-8,17.956338178889432
-4,-8,5.894908939821759
-4,-8,7.3438654079572805
-4,-8,7.461932136569198
-4,-8,6.434591474777644
-4,-8,2.5321565643236426
-4,-8,6.718494123507135
-4,-8,9.32761289120213
-4,-8,8.04676486076439
-4,-8,6.506429033745609
-3,-8,7.944653654641037
-3,-8,8.35781668097396
-3,-8,4.395039459510454
-3,-8,4.670326083178432
-3,-8,2.485537052885591
-3,-8,8.956390112854635
-3,-8,4.57085261588748
-3,-8,1.6500000000000001
-3,-8,8.520034158998891
-3,-8,4.857538044583125
-3,-8,4.203508255958678
-3,-8,5.1348903642396655
-3,-8,4.9260233689596085
-3,-8,3.6491464446378745
-3,-8,11.37623659932214
-3,-8,3.1600323018226484
-3,-8,2.442200775128377
-3,-8,10.096209768440978
-3,-8,9.996174951619446
-3,-8,3.6988561977745373
-3,-8,9.419732464224435
-3,-8,10.632233954605724
-3,-8,4.838315497560245
-3,-8,9.176441322181773
-3,-8,3.44729214514166
-3,-8,11.632834087229536
-3,-8,5.505076626408367
-3,-8,3.286457710949165
-3,-8,3.1974845036889397
-3,-8,4.6685283732817915
-3,-8,3.7757007087887793
-3,-8,4.112768271861498
-3,-8,7.740478051977304
-3,-8,10.930652297219666
-3,-8,4.402341754283325
-3,-8,9.93442689891796
-3,-8,1.8607103065356503
-3,-8,7.652603657235504
-3,-8,5.18444063600633
-3,-8,4.433525559548203
-3,-8,9.715800131457973
-3,-8,6.6966834482301225
-3,-8,4.688039805957642
-3,-8,1.6500000000000001
-3,-8,4.775072125712392
-3,-8,10.154976457067182
-3,-8,12.404540196232885
-3,-8,2.8838087681580524
-3,-8,9.251533232077849
-3,-8,5.427231942521794
-3,-8,4.181915231037966
-3,-8,13.987589107922435
-3,-8,8.286987897060172
-3,-8,5.122576510156955
-3,-8,2.824915705991885
-3,-8,11.865442556735406
-3,-8,9.418989132709847
-3,-8,8.028381305599927
-3,-8,4.655488307560861
-3,-8,3.2382057758250737
-4,-8,8.693080094250696
-4,-8,8.065182636170286
-4,-8,9.675220806637808
-4,-8,10.731844940925678
-4,-8,10.669981182809774
-4,-8,4.951133458144407
-4,-8,7.2520364520958625
-4,-8,6.56591958821337
-4,-8,3.326027291147367
-4,-8,7.109895074115598
-4,-8,14.795384880050772
-4,-8,3.992097743224294
-4,-8,5.805383225470702
-4,-8,4.7652160246125295
-4,-8,3.7336182725952076
-4,-8,1.6500000000000001
-4,-8,7.833431724986051
-4,-8,5.2594625032217595
-4,-8,6.25271030168461
-4,-8,2.969137881301195
-4,-8,4.110588427559937
-4,-8,5.657619845447455
-4,-8,1.682709035437381
-4,-8,3.977978377874077
-4,-8,6.271944755063832
-4,-8,4.068901112236802
-4,-8,2.6763876530733413
-4,-8,3.34708876854204
-4,-8,7.436604049052245
-4,-8,1.6500000000000001
-4,-8,1.859246967715769
-4,-8,2.156555103931435
-4,-8,7.74474486455807
-4,-8,6.051019055123419
-4,-8,6.703111591950641
-4,-8,1.6500000000000001
-4,-8,2.2420293571841308
-4,-8,8.129506556349066
-4,-8,8.992627742354832
-4,-8,5.241227323446626
-4,-8,4.171858477658807
-4,-8,1.6500000000000001
-4,-8,9.470098679189807
-4,-8,4.555064018899408
-4,-8,5.60142700710969
-4,-8,4.398097370424203
-4,-8,6.96044356941413
-4,-8,2.949460392367541
-4,-8,4.043511824627572
-4,-8,3.5002784214383693
-4,-8,5.257260240350406
-4,-8,4.473555829030298
-4,-8,12.843484989647871
-4,-8,4.551423118368875
-4,-8,1.6500000000000001
-4,-8,5.653856035254902
-4,-8,4.822467578606126
-4,-8,2.7603113858568875
-4,-8,6.443528866795013
-4,-8,4.7459763547980005
-4,-8,3.4381772067968734
-3,-8,2.2211265038442107
-3,-8,7.762424466541912
-3,-8,6.283104909101423
-3,-8,3.4111271151533296
-3,-8,6.256645998047399
-3,-8,5.276334535161971
-3,-8,7.920599124553277
-3,-8,4.564174944584156
-3,-8,4.017891173760638
-3,-8,3.564001197072087
-3,-8,5.785084688085102
-3,-8,4.704323734720178
-3,-8,8.116123693611545
-3,-8,5.287523144981895
-3,-8,4.486615936518106
-3,-8,14.525691918978072
-3,-8,5.460889369421497
-3,-8,5.182257382405055
-3,-8,11.63779691062656
-3,-8,2.1647835441600756
-3,-8,5.800647642360713
-3,-8,6.892993562112929
-3,-8,1.6500000000000001
-3,-8,7.246248780067811
-3,-8,3.522824571758715
-3,-8,4.533977137103452
-3,-8,1.6500000000000001
-3,-8,2.287999073558522
-3,-8,3.6728647321847547
-3,-8,6.981934332487327
-3,-8,5.34456773416953
-3,-8,4.722902526022847
-3,-8,5.46912239438467
-3,-8,7.952598003378888
-3,-8,10.27224561350178
-3,-8,4.198689135412193
-3,-8,5.127601616902492
-3,-8,1.8988776785040962
-3,-8,5.9750356611170385
-3,-8,11.628652878842697
-3,-8,7.232996410169822
-3,-8,8.097666514628212
-3,-8,5.40893063352601
-3,-8,8.369210502905286
-3,-8,2.706681282330948
-3,-8,6.132330229135894
-3,-8,4.629823570704244
-3,-8,7.80068764814038
-3,-8,4.285049632984595
-3,-8,2.639634350524519
-3,-8,1.6500000000000001
-3,-8,9.526460622075223
-3,-8,5.305665864146402
-3,-8,4.9460596576546125
-3,-8,4.562114353188692
-3,-8,7.065101717301508
-3,-8,13.012587116266726
-3,-8,8.830104034514061
-3,-8,4.623150657773856
-3,-8,12.802478184363395
-3,-8,2.724069023795529
-4,-8,3.700426375793268
-4,-8,5.252953554732555
-4,-8,6.93421604265182
-4,-8,3.1695053905142947
-4,-8,2.2821376998823455
-4,-8,1.6500000000000001
-4,-8,14.90261955675242
-4,-8,6.977302485990749
-4,-8,8.433888254850384
-4,-8,5.551035516404141
-4,-8,5.284439111666047
-4,-8,2.3056253105307554
-4,-8,6.069122062460893
-4,-8,8.494847906984132
-4,-8,7.218473701217745
-4,-8,6.13178705981534
-4,-8,6.0768683524837535
-4,-8,6.136573706180325
-4,-8,1.6500000000000001
-4,-8,9.701020252256972
-4,-8,4.991454923703064
-4,-8,3.695091484757608
-4,-8,4.487157915171897
-4,-8,6.113933073926018
-4,-8,1.6500000000000001
-4,-8,3.8780389005588263
-4,-8,4.826480589133023
-4,-8,8.925713524307373
-4,-8,2.6113169542228505
-4,-8,5.06416192959851
-4,-8,1.6500000000000001
-4,-8,6.438962860070005
-4,-8,8.729442425221146
-4,-8,3.5356704695667487
-4,-8,5.518971359018574
-4,-8,5.991038745446217
-4,-8,6.3234289338646255
-4,-8,10.787493621668794
-4,-8,2.1981985148429897
-4,-8,10.276946422832404
-4,-8,6.59021882518705
-4,-8,3.1203935295209346
-4,-8,7.454993091450674
-4,-8,8.734080012016127
-4,-8,5.418413358376308
-4,-8,9.350484139512318
-4,-8,11.669058815112978
-4,-8,6.847663663484154
-4,-8,5.365434994339088
-4,-8,4.760515074385699
-4,-8,2.5684817685116528
-4,-8,7.449928777881551
-4,-8,9.843038425203426
-4,-8,3.9837074530146026
-4,-8,4.578902666274069
-4,-8,6.929060625824836
-4,-8,7.617012176256844
-4,-8,4.477739809046744
-4,-8,4.245452885147413
-4,-8,7.917783970062038
-3,-8,4.0029505287393174
-3,-8,2.5598538924831167
-3,-8,4.487775038606986
-3,-8,4.385166802911674
-3,-8,7.5224381628809605
-3,-8,5.336149682213483
-3,-8,7.004930297412723
-3,-8,6.348536357861285
-3,-8,6.9999746711966
-3,-8,10.533581860958176
-3,-8,3.373115768174187
-3,-8,4.636791587153069
-3,-8,7.171471476865991
-3,-8,4.646800141278171
-3,-8,2.5495519920330265
-3,-8,2.9358475034849887
-3,-8,5.614914527211228
-3,-8,5.775492071728672
-3,-8,4.530878518977711
-3,-8,6.09559007351395
-3,-8,3.0290564008728027
-3,-8,5.399456329337403
-3,-8,1.6500000000000001
-3,-8,7.453003523934926
-3,-8,2.795915525162992
-3,-8,6.9220696391979635
-3,-8,14.649757140546123
-3,-8,2.1269549702224175
-3,-8,7.57434207746004
-3,-8,1.6500000000000001
-3,-8,5.541765318498277
-3,-8,10.676098971387653
-3,-8,1.6500000000000001
-3,-8,13.286698829237002
-3,-8,2.3036026720602507
-3,-8,8.258693583390588
-3,-8,3.7184272865177337
-3,-8,3.0215563965194665
-3,-8,5.535543758396067
-3,-8,1.6500000000000001
-3,-8,2.197766914136387
-3,-8,12.055908321300677
-3,-8,5.0812892228036075
-3,-8,6.820389842261326
-3,-8,2.9061824424027884
-3,-8,2.361682857662713
-3,-8,1.9929111041314553
-3,-8,7.3403404002816375
-3,-8,6.919813304191976
-3,-8,4.781406812528237
-3,-8,8.340865254664916
-3,-8,10.431504964340814
-3,-8,10.454628706965392
-3,-8,4.791036080694992
-3,-8,15.180773236536117
-3,-8,6.641526255684906
-3,-8,5.7520238265836765
-3,-8,7.055489532580008
-3,-8,7.08410158846119
-3,-8,11.310405865084759
-3,-8,6.0863367211715245
-2,-8,16.980482515568013
-2,-8,7.609402361097681
-2,-8,1.9372952088472788
-2,-8,6.764977212789469
-2,-8,6.236285995930378
-2,-8,9.856786784302992
-2,-8,10.941617662748925
-2,-8,5.674968616293038
-2,-8,7.967993364509704
-2,-8,5.6265724256399805
-2,-8,7.791895126381755
-2,-8,3.393245356102151
-2,-8,3.3886332452776458
-2,-8,6.413185599360485
-2,-8,3.9098980815667916
-2,-8,7.274857779901069
-2,-8,4.5577942455847635
-2,-8,4.885438858642523
-2,-8,10.387566301100366
-2,-8,5.825922292218801
-2,-8,5.91385062438428
-2,-8,6.784573794333596
-2,-8,13.21254305012831
-2,-8,1.6500000000000001
-2,-8,4.7829938452138006
-2,-8,3.249150507024494
-2,-8,5.6876741374623805
-2,-8,1.6500000000000001
-2,-8,6.72758527405341
-2,-8,4.668684929866359
-2,-8,6.4259805464274375
-2,-8,6.574425027209436
-2,-8,3.7767061015912495
-2,-8,4.741009700916977
-2,-8,3.4340853978473094
-2,-8,5.547382263959492
-2,-8,4.9263676933306595
-2,-8,6.866753963989499
-2,-8,4.613361264253056
-2,-8,3.1089570784875966
-2,-8,3.004414180539534
-2,-8,9.899133429027124
-2,-8,3.498720672115341
-2,-8,1.6500000000000001
-2,-8,3.9336173878463168
-2,-8,12.355891898098335
-2,-8,1.6500000000000001
-2,-8,8.503364863868796
-2,-8,1.6500000000000001
-2,-8,1.6500000000000001
-2,-8,4.646499745504536
-2,-8,9.71890107592207
-2,-8,1.6500000000000001
-2,-8,4.500420710960628
-2,-8,7.515287730885156
-2,-8,5.949233488526786
-2,-8,6.005444564194166
-2,-8,5.02447440687877
-2,-8,13.529722056223711
-2,-8,3.807477641258606
-2,-8,5.763240435477986
-3,-8,6.4200315884149015
-3,-8,13.263795404489482
-3,-8,8.460785314643235
-3,-8,5.162547251798357
-3,-8,4.869898952020774
-3,-8,10.011498067914353
-3,-8,8.50232296775366
-3,-8,5.977150413231984
-3,-8,1.884173457096379
-3,-8,9.618202785064687
-3,-8,5.229611893469914
-3,-8,6.091976147556204
-3,-8,2.5459097334225183
-3,-8,3.6912573070252854
-3,-8,4.097956313594026
-3,-8,1.6500000000000001
-3,-8,6.723343333820703
-3,-8,7.349743308488953
-3,-8,4.581616925441344
-3,-8,2.3103750774569383
-3,-8,10.024557221826667
-3,-8,11.170505680131077
-3,-8,5.550855095507913
-3,-8,1.6500000000000001
-3,-8,6.180570058721901
-3,-8,5.205191388905573
-3,-8,19.377123644108277
-3,-8,6.661929684320151
-3,-8,6.29432656186595
-3,-8,9.405529621280369
-3,-8,1.6500000000000001
-3,-8,6.384403538440158
-3,-8,2.266125504334302
-3,-8,5.791404048496088
-3,-8,3.5860735133170154
-3,-8,4.896963442619905
-3,-8,3.256008642885482
-3,-8,9.481642316025427
-3,-8,10.157631379134191
-3,-8,11.085231856097046
-3,-8,12.00272435991869
-3,-8,8.907096913099737
-3,-8,2.706089607843184
-3,-8,3.6179320022171204
-3,-8,2.901778363504683
-3,-8,5.622380935084219
-3,-8,5.440042598819484
-3,-8,6.333397630317679
-3,-8,4.991742870932811
-3,-8,6.853714968996846
-3,-8,6.496948144831414
-3,-8,5.274753833245946
-3,-8,1.6500000000000001
-3,-8,14.20918070317144
-3,-8,10.32149974850865
-3,-8,4.205522230047494
-3,-8,5.0698891894267115
-3,-8,9.643969377486348
-3,-8,5.7518049398758055
-3,-8,8.986931789607496
-4,-8,4.756913520013481
-4,-8,9.354990768853037
-4,-8,12.684259957103325
-4,-8,4.271281457921231
-4,-8,7.842004990860587
-4,-8,8.881547522419243
-4,-8,9.376076698486045
-4,-8,3.956515598949086
-4,-8,2.9714679290338184
-4,-8,7.734574157377141
-4,-8,8.016838899956094
-4,-8,10.620716267659853
-4,-8,5.483193055028489
-4,-8,5.073774877893347
-4,-8,7.343276005696627
-4,-8,8.576812022884951
-4,-8,8.187676440062624
-4,-8,8.726381864968628
-4,-8,8.117730468487197
-4,-8,9.831213979917791
-4,-8,10.693218348154979
-4,-8,7.128835223040674
-4,-8,1.8123275685943891
-4,-8,3.918341806719349
-4,-8,4.039642801324645
-4,-8,11.766743631955189
-4,-8,6.055407235237028
-4,-8,5.747352387212964
-4,-8,14.120522916320763
-4,-8,7.151972489168029
-4,-8,3.759792342944638
-4,-8,8.17710493412929
-4,-8,7.010286922840152
-4,-8,4.79291750792155
-4,-8,5.517442002282448
-4,-8,11.11044789796836
-4,-8,9.733467168633162
-4,-8,5.849520094653959
-4,-8,1.6500000000000001
-4,-8,2.5039373321924256
-4,-8,9.737295523363388
-4,-8,2.9233980875094034
-4,-8,1.6500000000000001
-4,-8,1.6500000000000001
-4,-8,2.2772276633957835
-4,-8,8.440902093742643
-4,-8,9.451630349511733
-4,-8,6.981767741513639
-4,-8,2.0442914574583737
-4,-8,3.751960827300371
-4,-8,7.061468102906984
-4,-8,7.30697234342365
-4,-8,1.6500000000000001
-4,-8,10.260048554648655
-4,-8,4.786667239703195
-4,-8,1.6500000000000001
-4,-8,1.6500000000000001
-4,-8,1.6500000000000001
-4,-8,1.6500000000000001
-4,-8,2.3568748222256337
-4,-8,2.600944679762807
-5,-8,6.493059357421113
-5,-8,9.518262185872167
-5,-8,6.6392227441563
-5,-8,5.696736239445773
-5,-8,9.17076261331905
-5,-8,5.11597958667039
-5,-8,6.0182296529069585
-5,-8,2.5752378586081464
-5,-8,5.603396494334355
-5,-8,1.6500000000000001
-5,-8,8.45716529827086
-5,-8,3.722528544164348
-5,-8,4.33911488762563
-5,-8,3.84122700236377
-5,-8,6.574547969791928
-5,-8,4.8565768903197135
-5,-8,5.879120706505031
-5,-8,4.892000822121322
-5,-8,4.03780529521155
-5,-8,4.968125025065163
-5,-8,3.0218410386196553
-5,-8,6.697502325164239
-5,-8,5.191895434383693
-5,-8,6.0807015941153475
-5,-8,5.230075224706758
-5,-8,5.599883379404788
-5,-8,9.493248314684593
-5,-8,6.0207905045891295
-5,-8,7.741582748350671
-5,-8,4.136826659804526
-5,-8,6.4673549308967715
-5,-8,2.239017766192293
-5,-8,2.05712012844055
-5,-8,6.710827277249001
-5,-8,1.6500000000000001
-5,-8,4.644948278849952
-5,-8,10.86816014645862
-5,-8,2.3721978958709067
-5,-8,6.45981377681099
-5,-8,2.219529037885555
-5,-8,9.891140329255517
-5,-8,7.854119021161199
-5,-8,7.724438161165987
-5,-8,4.721581243000392
-5,-8,7.332147881516411
-5,-8,10.120017762018374
-5,-8,8.375844901733819
-5,-8,5.555575145758471
-5,-8,8.333703641077205
-5,-8,6.144743123442582
-5,-8,7.62341782313604
-5,-8,8.077755265247733
-5,-8,4.687366638575812
-5,-8,7.835587407631427
-5,-8,8.496559146925563
-5,-8,4.924229387299718
-5,-8,3.4752536666936513
-5,-8,2.0127356967642753
-5,-8,4.778778065330107
-5,-8,4.966440674975173
-6,-8,5.229966974438184
-6,-8,1.948683990463414
-6,-8,1.6500000000000001
-6,-8,12.140289011939913
-6,-8,3.9240464598033977
-6,-8,13.519002163679819
-6,-8,4.406505668857555
-6,-8,4.356675624505362
-6,-8,4.258738461145279
-6,-8,6.440932729518511
-6,-8,2.85247047178964
-6,-8,3.3486624072591886
-6,-8,1.7268620252735714
-6,-8,8.968320947584967
-6,-8,10.371598737892484
-6,-8,11.093340957687353
-6,-8,1.6500000000000001
-6,-8,6.3439093596568545
-6,-8,9.713190950227826
-6,-8,1.6500000000000001
-6,-8,9.838544335411132
-6,-8,6.153294051293332
-6,-8,4.300637439751719
-6,-8,1.6500000000000001
-6,-8,1.6500000000000001
-6,-8,2.1854643653556467
-6,-8,9.140511211307022
-6,-8,1.6500000000000001
-6,-8,4.691819165048153
-6,-8,5.223473664128571
-6,-8,8.229973071650548
-6,-8,6.84097828491925
-6,-8,1.6500000000000001
-6,-8,1.6500000000000001
-6,-8,8.785502182816973
-6,-8,3.950612671694926
-6,-8,4.880821715276347
-6,-8,6.553568972170398
-6,-8,8.782275425572376
-6,-8,8.440359011607361
-6,-8,9.933148786092984
-6,-8,6.653928139350139
-6,-8,6.276326115914283
-6,-8,1.6500000000000001
-6,-8,6.616797113200273
-6,-8,4.166788327358179
-6,-8,5.389452509638712
-6,-8,3.010202447848923
-6,-8,7.101926751787141
-6,-8,1.6500000000000001
-6,-8,3.0935151510923298
-6,-8,7.136074099399358
-6,-8,4.642885774736608
-6,-8,7.927161100362758
-6,-8,3.4625190329538187
-6,-8,1.6500000000000001
-6,-8,1.6500000000000001
-6,-8,6.397004541813365
-6,-8,1.6500000000000001
-6,-8,1.6500000000000001
-6,-8,1.6500000000000001
-5,-8,6.980328172143012
-5,-8,4.927407177795214
-5,-8,1.6500000000000001
-5,-8,2.9871688416151585
-5,-8,4.38902476117402
-5,-8,6.257449446741015
-5,-8,3.3185427090351247
-5,-8,1.9014053352086409
-5,-8,6.237495680702532
-5,-8,7.59835523956578
-5,-8,5.243526728868391
-5,-8,3.0861038688833893
-5,-8,4.610132760499829
-5,-8,5.498430506696799
-5,-8,4.070484443491723
-5,-8,10.071124970198461
-5,-8,4.147604167958957
-5,-8,8.658396835260017
-5,-8,3.607430891759605
-5,-8,4.064002446632732
-5,-8,4.012148688300463
-5,-8,7.740655170870518
-5,-8,1.7272972698009763
-5,-8,1.6500000000000001
-5,-8,4.00996329029823
-5,-8,11.66565293948938
-5,-8,4.240989264512653
-5,-8,6.782172772384273
-5,-8,9.168709634692611
-5,-8,3.6070420800310723
-5,-8,1.6500000000000001
-5,-8,3.6752718299241462
-5,-8,4.225024907623741
-5,-8,1.6500000000000001
-5,-8,4.482531791546753
-5,-8,8.077232764801334
-5,-8,4.021949830331571
-5,-8,2.523940134552741
-5,-8,4.679397856766728
-5,-8,1.727720922817214
-5,-8,3.4914934720457658
-5,-8,6.2359544147709
-5,-8,9.141870460962958
-5,-8,9.12384178520075
-5,-8,7.19577432520386
-5,-8,8.47091738464674
-5,-8,9.620139277641659
-5,-8,10.715780509228916
-5,-8,1.6500000000000001
-5,-8,2.5937788156336876
-5,-8,6.119757769945901
-5,-8,8.49929028831745
-5,-8,1.6500000000000001
-5,-8,5.340696474357477
-5,-8,4.35498606307704
-5,-8,4.122122852951786
-5,-8,16.444231983986565
-5,-8,3.2802117451871204
-5,-8,5.371641148117762
-5,-8,2.7995265365700135
-5,-8,7.664302632132975
-6,-8,4.466078972852468
-6,-8,10.412421658476854
-6,-8,8.336673299755239
-6,-8,1.6500000000000001
-6,-8,4.626832945990928
-6,-8,5.738192131503681
-6,-8,4.882268774885408
-6,-8,4.958250315051443
-6,-8,6.363568241899675
-6,-8,3.617730749597035
-6,-8,1.6500000000000001
-6,-8,6.054698912744296
-6,-8,4.276881354705481
-6,-8,5.048551524239917
-6,-8,4.9626452004409245
-6,-8,4.513625449264173
-6,-8,11.327317055473912
-6,-8,5.125823346694664
-6,-8,7.367737868399882
-6,-8,4.210302929134898
-6,-8,3.515578813058696
-6,-8,2.095969773549507
-6,-8,7.113410908766804
-6,-8,4.488565013573333
-6,-8,7.134845511344612
-6,-8,7.89278585110951
-6,-8,3.5362985142095944
-6,-8,4.219510007064501
-6,-8,3.8575403958711805
-6,-8,4.356710052234109
-6,-8,8.586264050182141
-6,-8,4.213273298624081
-6,-8,4.817428645112626
-6,-8,1.6500000000000001
-6,-8,3.2653494292730723
-6,-8,7.766489192719792
-6,-8,4.847256576840371
-6,-8,3.8083335574528516
-6,-8,1.6500000000000001
-6,-8,4.113850887723699
-6,-8,3.6527894128743954
-6,-8,2.7178639044253425
-6,-8,6.45011233916025
-6,-8,7.119158767785343
-6,-8,1.6500000000000001
-6,-8,3.5801393127991488
-6,-8,4.567930444372991
-6,-8,5.92643734641332
-6,-8,1.6500000000000001
-6,-8,10.514559174804877
-6,-8,9.226220068492879
-6,-8,4.657794777202888
-6,-8,8.203934321993861
-6,-8,6.862812209341412
-6,-8,4.96072429403733
-6,-8,5.521161389302343
-6,-8,5.339310092741036
-6,-8,3.134469742123932
-6,-8,2.781764136211472
-6,-8,5.450821964091792
-5,-8,3.53511312562205
-5,-8,2.1633399386869083
-5,-8,4.0680322863225395
-5,-8,6.517590250236809
-5,-8,1.6500000000000001
-5,-8,9.940396015706513
-5,-8,11.564464406814327
-5,-8,11.148160468265466
-5,-8,1.6500000000000001
-5,-8,3.779186829796058
-5,-8,7.491212383605692
-5,-8,8.78753396330063
-5,-8,3.2010700343109724
-5,-8,6.257950336748347
-5,-8,8.939436602197894
-5,-8,16.02078068873578
-5,-8,1.6500000000000001
-5,-8,8.828518041924944
-5,-8,5.23370921155443
-5,-8,1.8503501321026006
-5,-8,4.782606460108023
-5,-8,1.6500000000000001
-5,-8,1.6500000000000001
-5,-8,5.286358667359674
-5,-8,3.0401376469596046
-5,-8,4.125211357601803
-5,-8,1.6500000000000001
-5,-8,5.18865821219586
-5,-8,9.996519669321934
-5,-8,1.6500000000000001
-5,-8,6.677505854473321
-5,-8,1.6500000000000001
-5,-8,3.09612724842964
-5,-8,5.388847345126002
-5,-8,1.6500000000000001
-5,-8,4.032643371887773
-5,-8,7.346525179102868
-5,-8,6.417234548380346
-5,-8,9.338829626817542
-5,-8,3.060941854462203
-5,-8,8.51588304815765
-5,-8,5.433496834821545
-5,-8,6.004637035111515
-5,-8,6.595650672166218
-5,-8,7.958129105238624
-5,-8,7.526336788171463
-5,-8,2.9078300694816503
-5,-8,7.544386613161596
-5,-8,8.64676957498302
-5,-8,7.105623798733684
-5,-8,1.6500000000000001
-5,-8,5.371846380459304
-5,-8,7.072061687332891
-5,-8,4.283050888480187
-5,-8,10.109832699960284
-5,-8,8.271096170729699
-5,-8,1.6519974435836353
-5,-8,10.368479341618638
-5,-8,5.7014812106461035
-5,-8,8.775655372516615
-5,-8,6.785463116029579
-6,-8,2.429344615377562
-6,-8,7.851215826525852
-6,-8,1.6500000000000001
-6,-8,6.641543171437058
-6,-8,6.496114450891946
-6,-8,2.967421970250407
-6,-8,4.570672157179719
-6,-8,3.9076878365604903
-6,-8,3.2276011486163743
-6,-8,7.044004046443648
-6,-8,6.045412313903697
-6,-8,8.706440725193561
-6,-8,3.7005636731933422
-6,-8,10.053519923723247
-6,-8,2.779101636019556
-6,-8,1.6500000000000001
-6,-8,7.093125099697957
-6,-8,7.177146223079052
-6,-8,7.202546811789685
-6,-8,6.5259101815544565
-6,-8,6.147298197535148
-6,-8,6.943042545063902
-6,-8,1.6534068983698953
-6,-8,4.59396638129237
-6,-8,11.404126929852506
-6,-8,4.064487523568655
-6,-8,7.460239033526728
-6,-8,7.345084819185834
-6,-8,4.879612244388221
-6,-8,2.7913925376989326
-6,-8,10.202274027178143
-6,-8,4.3334838365729755
-6,-8,6.187616388063947
-6,-8,7.932282535020197
-6,-8,8.293766974046632
-6,-8,2.2553352736177428
-6,-8,12.476119299609973
-6,-8,6.686602554528361
-6,-8,9.10054844605217
-6,-8,1.6500000000000001
-6,-8,4.155020109582037
-6,-8,3.423192303368028
-6,-8,3.2517381463386736
-6,-8,1.6500000000000001
-6,-8,1.8515488868254524
-6,-8,9.402731921228348
-6,-8,4.299690592858402
-6,-8,5.464478215023897
-6,-8,7.143264785943138
-6,-8,9.225693561349573
-6,-8,6.289657565678512
-6,-8,15.026221806550826
-6,-8,7.05995740940431
-6,-8,4.217954700703033
-6,-8,2.1560664092110984
-6,-8,3.293542956429262
-6,-8,4.270968673552316
-6,-8,2.289911819797414
-6,-8,1.6500000000000001
-6,-8,1.6500000000000001
-7,-8,6.005829168865004
-7,-8,5.852990138664442
-7,-8,3.5190630678460857
-7,-8,6.2109338788031465
-7,-8,10.534126711103038
-7,-8,9.164565344753496
-7,-8,6.29868145422259
-7,-8,7.107839743765414
-7,-8,2.7001785335136526
-7,-8,3.284442083823096
-7,-8,7.298652573847436
-7,-8,7.852477738127855
-7,-8,1.6500000000000001
-7,-8,7.595718933128305
-7,-8,1.6500000000000001
-7,-8,11.892965161237633
-7,-8,1.6500000000000001
-7,-8,3.3166753919726646
-7,-8,4.347158173370985
-7,-8,4.050732114157299
-7,-8,3.818492209293627
-7,-8,11.046846228063005
-7,-8,11.313878876722871
-7,-8,6.811131762453511
-7,-8,9.199332814182085
-7,-8,8.571178066882124
-7,-8,1.9590603553816641
-7,-8,1.6500000000000001
-7,-8,5.702576519764683
-7,-8,8.344766725293324
-7,-8,5.475162525717696
-7,-8,7.192270786940106
-7,-8,2.1840921527008432
-7,-8,5.078565155321813
-7,-8,3.824698429754812
-7,-8,5.467168092471882
-7,-8,3.6334242256607645
-7,-8,2.8494976682291084
-7,-8,12.523745934571712
-7,-8,4.010230503125275
-7,-8,4.5318357993617955
-7,-8,7.023751128834752
-7,-8,3.6833565615944908
-7,-8,5.9098364543167285
-7,-8,4.297961102726389
-7,-8,3.0804965328049576
-7,-8,6.555292308249429
-7,-8,11.646368541215978
-7,-8,7.323130491818286
-7,-8,7.520150497012761
-7,-8,2.494716090289594
-7,-8,10.276372391098182
-7,-8,1.6500000000000001
-7,-8,3.6710519757916975
-7,-8,3.2530687610697857
-7,-8,2.1900297091034773
-7,-8,3.1930554984674853
-7,-8,6.156546325546551
-7,-8,1.6500000000000001
-7,-8,5.590802781480367
-7,-8,8.388761507942116
-6,-8,7.458928651460129
-6,-8,1.6500000000000001
-6,-8,4.1494903273378
-6,-8,6.573375473118081
-6,-8,13.64666628930263
-6,-8,7.654377108788852
-6,-8,3.6452725937853474
-6,-8,4.445302683496222
-6,-8,2.2364917534435964
-6,-8,9.119078837606013
-6,-8,5.374372919857206
-6,-8,1.6500000000000001
-6,-8,1.6500000000000001
-6,-8,16.21918447956088
-6,-8,7.551114736192975
-6,-8,5.080920922544206
-6,-8,7.984964321918309
-6,-8,8.628244903280493
-6,-8,1.8342742313113023
-6,-8,2.7025049867301276
-6,-8,3.1381916302446324
-6,-8,6.687378063013851
-6,-8,11.568765638865118
-6,-8,2.5151294717877457
-6,-8,6.510719251488041
-6,-8,6.2080939283185845
-6,-8,9.573389625733766
-6,-8,5.68392147329945
-6,-8,2.8284331823788573
-6,-8,1.6500000000000001
-6,-8,13.395849129332351
-6,-8,8.017156904372964
-6,-8,5.7732969972438735
-6,-8,7.564855367907841
-6,-8,7.4860677758968315
-6,-8,7.993782173442248
-6,-8,2.2520917072921196
-6,-8,6.014802216626517
-6,-8,6.670100052106086
-6,-8,6.431168645118767
-6,-8,1.6500000000000001
-6,-8,4.951011636720656
-6,-8,3.5677202514544213
-6,-8,3.1146989408472407
-6,-8,9.356551655596286
-6,-8,3.976898577786816
-6,-8,3.810413592656872
-6,-8,6.505120895329179
-6,-8,7.610270612973798
-6,-8,3.3961955748927704
-6,-8,3.918400463460164
-6,-8,3.406156904365339
-6,-8,7.138508544321706
-6,-8,6.123883218719069
-6,-8,5.488391316452267
-6,-8,1.6500000000000001
-6,-8,8.101680426090907
-6,-8,10.406692813796703
-6,-8,13.430587732980857
-6,-8,3.264956267423405
-6,-8,6.393771155618766
-5,-8,7.733775467276256
-5,-8,10.522329704525792
-5,-8,3.899937423561279
-5,-8,6.624003624222406
-5,-8,3.790007442640318
-5,-8,7.316942901324852
-5,-8,6.034771269844088
-5,-8,9.129254798629978
-5,-8,3.543295082513508
-5,-8,5.75942470482165
-5,-8,6.597935973637301
-5,-8,5.488756371744133
-5,-8,1.6500000000000001
-5,-8,12.340329510461407
-5,-8,2.74841539112313
-5,-8,7.4739062491126536
-5,-8,6.791150559313796
-5,-8,1.6500000000000001
-5,-8,8.953866674595147
-5,-8,4.2592306407430325
-5,-8,2.804363107337429
-5,-8,9.942374845226254
-5,-8,2.9536104690504144
-5,-8,7.342764560739154
-5,-8,8.036684689817044
-5,-8,3.5209238394288387
-5,-8,1.8362964155662342
-5,-8,4.021819755588834
-5,-8,4.062026555664515
-5,-8,3.498389462140492
-5,-8,1.6500000000000001
-5,-8,2.57929493766181
-5,-8,5.416908478815777
-5,-8,8.092100084859954
-5,-8,11.580328310822598
-5,-8,7.080610787560131
-5,-8,5.608039050842081
-5,-8,5.749934410866499
-5,-8,7.302160855874262
-5,-8,5.809220210286156
-5,-8,2.491034047901729
-5,-8,6.590673695877013
-5,-8,12.896501802372951
-5,-8,7.22247496847055
-5,-8,6.554587518630853
-5,-8,5.025986476648948
-5,-8,4.629591328210321
-5,-8,10.749194048198095
-5,-8,8.262163303793393
-5,-8,7.290050376048328
-5,-8,4.278370049590344
-5,-8,2.2392503262125136
-5,-8,10.437258303433333
-5,-8,3.861671278698062
-5,-8,5.208632198004008
-5,-8,3.4324781745852095
-5,-8,6.189634958431115
-5,-8,5.6586126169464315
-5,-8,6.775676723538532
-5,-8,2.936360154640523
-6,-8,6.104716118923577
-6,-8,5.120806874259838
-6,-8,5.059822601918648
-6,-8,3.352825768636559
-6,-8,5.404904010286034
-6,-8,1.6500000000000001
-6,-8,2.231719031466141
-6,-8,11.874463846059509
-6,-8,5.613573142798701
-6,-8,4.674872054275562
-6,-8,6.785458184271507
-6,-8,2.0265361462330818
-6,-8,1.6500000000000001
-6,-8,5.202575765628043
-6,-8,5.414384937882796
-6,-8,7.85686647173507
-6,-8,5.855395379988018
-6,-8,2.810059422453035
-6,-8,5.330443435500234
-6,-8,5.690510569762547
-6,-8,8.777074529907788
-6,-8,6.492491849289054
-6,-8,10.4808273342157
-6,-8,6.686718026606121
-6,-8,6.259896963008432
-6,-8,7.314150453809881
-6,-8,3.66247795721726
-6,-8,11.705688045909403
-6,-8,3.194456372503213
-6,-8,6.056313594938678
-6,-8,5.467205376509615
-6,-8,5.491818471286602
-6,-8,5.870753816498386
-6,-8,4.217476051857462
-6,-8,3.962380358745122
-6,-8,4.898147814387196
-6,-8,5.7029832029560525
-6,-8,7.428536055697241
-6,-8,6.060659925960568
-6,-8,1.6500000000000001
-6,-8,1.6500000000000001
-6,-8,1.6500000000000001
-6,-8,5.075006166994455
-6,-8,3.6430178048885784
-6,-8,5.975528602341537
-6,-8,1.6500000000000001
-6,-8,12.640183466981469
-6,-8,12.247604273148823
-6,-8,6.01448172600624
-6,-8,5.370152517211678
-6,-8,4.922539505831066
-6,-8,4.863607943199445
-6,-8,2.798488974977766
-6,-8,20.480376180785317
-6,-8,8.036145136772905
-6,-8,6.874237063951296
-6,-8,4.632130407450718
-6,-8,3.4278283343646696
-6,-8,3.5367407141016587
-6,-8,3.8132820440775
-6,-8,4.158867819590709
-7,-8,3.6754185409426112
-7,-8,9.398816072606412
-7,-8,3.698115078716902
-7,-8,11.672829829839648
-7,-8,3.550835651373893
-7,-8,4.508564531592289
-7,-8,2.135041258731693
-7,-8,5.286053818745495
-7,-8,6.784747846972015
-7,-8,3.9700992093025214
-7,-8,4.319908596770379
-7,-8,4.335008228895405
-7,-8,1.6500000000000001
-7,-8,5.638095187661076
-7,-8,3.8411593805093256
-7,-8,4.325933373548496
-7,-8,3.6425659684978067
-7,-8,2.924986513563027
-7,-8,9.01115287387708
-7,-8,5.288442609946436
-7,-8,6.242219473874549
-7,-8,1.6981853657079942
-7,-8,5.2562294067592115
-7,-8,12.73603844248368
-7,-8,1.8423722460017085
-7,-8,6.447904673169819
-7,-8,10.42230292647278
-7,-8,5.991858122569721
-7,-8,9.291850608149906
-7,-8,1.6500000000000001
-7,-8,3.063961616161272
-7,-8,3.496719614891032
-7,-8,1.6500000000000001
-7,-8,4.4881642310380645
-7,-8,4.34653627014032
-7,-8,9.085947754236903
-7,-8,2.6609609249324953
-7,-8,4.340943714999067
-7,-8,1.6500000000000001
-7,-8,4.045287375546697
-7,-8,3.569810163370104
-7,-8,1.773355789624775
-7,-8,7.126126163465276
-7,-8,2.5243781099858245
-7,-8,6.536874440044802
-7,-8,6.970203244034819
-7,-8,4.906807066141069
-7,-8,5.949726619958449
-7,-8,6.952494844598901
-7,-8,6.823059870715984
-7,-8,4.660835979640911
-7,-8,7.8836557200744295
-7,-8,3.7123311480391994
-7,-8,1.7247637518529393
-7,-8,6.4532150137703255
-7,-8,11.854241145830997
-7,-8,5.775369037826267
-7,-8,2.672067950948728
-7,-8,1.6784678392711418
-7,-8,5.150329828943024
-8,-8,13.442588182051278
-8,-8,3.7049190568347976
-8,-8,1.6500000000000001
-8,-8,4.4810833364511184
-8,-8,3.1962478131552023
-8,-8,2.947813227895672
-8,-8,6.130520088707558
-8,-8,10.197125304396279
-8,-8,1.6500000000000001
-8,-8,9.9127567123439
-8,-8,10.294853282827585
-8,-8,1.6500000000000001
-8,-8,6.0162539293859325
-8,-8,5.94552417646491
-8,-8,6.131378183050051
-8,-8,2.1734335345197433
-8,-8,3.3648254993334796
-8,-8,6.947446266596492
-8,-8,8.090826794293404
-8,-8,1.6500000000000001
-8,-8,5.169400195888193
-8,-8,6.454523796013623
-8,-8,8.711862027707475
-8,-8,8.011331143093887
-8,-8,12.475437100642374
-8,-8,3.3581078729193297
-8,-8,2.4404269486872847
-8,-8,8.864093413528623
-8,-8,4.639896954063281
-8,-8,8.134152564357604
-8,-8,3.502514735218828
-8,-8,1.6500000000000001
-8,-8,8.64187679155321
-8,-8,8.97342366688719
-8,-8,6.995950962477093
-8,-8,1.7983937327717818
-8,-8,5.799770278174971
-8,-8,10.1314334279432
-8,-8,1.6500000000000001
-8,-8,7.724224969107048
-8,-8,4.434645287029306
-8,-8,3.510588751430718
-8,-8,7.168052602453676
-8,-8,5.998969751081017
-8,-8,3.6238579729898612
-8,-8,4.536828068334952
-8,-8,4.3601133679693005
-8,-8,1.6500000000000001
-8,-8,3.8713927896182088
-8,-8,7.717814375572284
-8,-8,2.4280771853234224
-8,-8,1.6500000000000001
-8,-8,6.6118882632164295
-8,-8,4.786353444485253
-8,-8,5.70579611129815
-8,-8,1.6500000000000001
-8,-8,4.344068231953331
-8,-8,10.485321573727138
-8,-8,2.7772316664321766
-8,-8,8.410630405017425
-8,-8,1.6500000000000001
-9,-8,1.6500000000000001
-9,-8,5.150869603992127
-9,-8,7.559388122330944
-9,-8,5.076940549102898
-9,-8,3.479978041776182
-9,-8,4.265362014829464
-9,-8,7.077687774349561
-9,-8,5.958816230654174
-9,-8,1.654750687831788
-9,-8,7.982732108367735
-9,-8,5.133756450256633
-9,-8,3.104245184833834
-9,-8,2.9979678719839438
-9,-8,2.685214120722595
-9,-8,1.8926763373808493
-9,-8,6.867545256235416
-9,-8,1.6500000000000001
-9,-8,1.841011511457629
-9,-8,6.046729875278741
-9,-8,4.935624521633661
-9,-8,9.348608438065593
-9,-8,5.830525243814401
-9,-8,1.6500000000000001
-9,-8,3.7244479580471
-9,-8,6.948677250315769
-9,-8,2.326389149801678
-9,-8,16.67714536406247
-9,-8,5.843928554342256
-9,-8,4.936998391922615
-9,-8,2.9205567465429283
-9,-8,8.689415477441928
-9,-8,1.6500000000000001
-9,-8,6.253462334323803
-9,-8,3.539252262270482
-9,-8,8.46903244813775
-9,-8,7.428075990954927
-9,-8,8.029903725987744
-9,-8,7.334076855389281
-9,-8,9.306081987560727
-9,-8,2.924390940667542
-9,-8,1.6500000000000001
-9,-8,8.831178274686046
-9,-8,3.7578192546460576
-9,-8,1.6500000000000001
-9,-8,6.235483644332094
-9,-8,4.772100896959844
-9,-8,2.6690592696035447
-9,-8,1.6500000000000001
-9,-8,1.6500000000000001
-9,-8,4.609151140781297
-9,-8,6.08489355611981
-9,-8,3.03213228573222
-9,-8,2.4806261960361278
-9,-8,9.949090456225788
-9,-8,5.159898039514497
-9,-8,1.6500000000000001
-9,-8,6.626903875371031
-9,-8,13.345865882521235
-9,-8,7.760524979885152
-9,-8,9.98185454148851
-9,-8,4.336894446610518
-10,-8,2.148871411640907
-10,-8,5.779776603351831
-10,-8,1.6500000000000001
-10,-8,3.1777540410478955
-10,-8,5.470136470262153
-10,-8,2.7680279577587745
-10,-8,2.592295337522396
-10,-8,2.929981465483028
-10,-8,6.4234007200810215
-10,-8,5.071452050539526
-10,-8,3.5304902045919717
-10,-8,7.575463593737228
-10,-8,5.1038016594907205
-10,-8,1.7603694865450854
-10,-8,3.7477293795020974
-10,-8,8.78108369238047
-10,-8,1.6500000000000001
-10,-8,2.202331975869155
-10,-8,5.83136457089341
-10,-8,6.2865557353170125
-10,-8,1.6500000000000001
-10,-8,4.398408381901205
-10,-8,10.994360298931017
-10,-8,3.9966420873921735
-10,-8,1.6500000000000001
-10,-8,1.6500000000000001
-10,-8,2.345237715918768
-10,-8,3.6272364357312865
-10,-8,8.031536388695377
-10,-8,5.678384914816263
-10,-8,7.901909744471712
-10,-8,3.6616443388132414
-10,-8,6.795326545135943
-10,-8,1.6500000000000001
-10,-8,5.259143928809573
-10,-8,5.284062247477126
-10,-8,2.8127332954511908
-10,-8,3.592986979943777
-10,-8,3.2819137152901043
-10,-8,7.903626351169374
-10,-8,4.8934381027531515
-10,-8,8.177880357962737
-10,-8,3.384609376048279
-10,-8,1.6500000000000001
-10,-8,4.690229234800859
-10,-8,5.967730173378727
-10,-8,1.772259581157593
-10,-8,9.134511360490084
-10,-8,7.3192660610527485
-10,-8,3.2347057306331166
-10,-8,5.783193489463436
-10,-8,4.5133782741860315
-10,-8,1.6500000000000001
-10,-8,4.609339155680518
-10,-8,1.6500000000000001
-10,-8,1.6500000000000001
-10,-8,1.6500000000000001
-10,-8,13.234848565293756
-10,-8,4.192083114338063
-10,-8,3.510673058334565
-11,-8,1.6500000000000001
-11,-8,3.7448302791665435
-11,-8,1.6500000000000001
-11,-8,1.6500000000000001
-11,-8,5.744148669894547
-11,-8,4.441806108738575
-11,-8,1.6500000000000001
-11,-8,1.6500000000000001
-11,-8,2.351277388211784
-11,-8,1.6500000000000001
-11,-8,2.621247259389638
-11,-8,7.187112119322726
-11,-8,4.28580435702445
-11,-8,4.915495827621058
-11,-8,2.7611514269753568
-11,-8,4.467688232063289
-11,-8,1.6500000000000001
-11,-8,2.7479435649052846
-11,-8,6.38343903216888
-11,-8,5.428698875055162
-11,-8,8.316771593192376
-11,-8,8.304999099571944
-11,-8,7.124775693769521
-11,-8,4.951751938754541
-11,-8,9.940680438128696
-11,-8,6.187092089163905
-11,-8,8.445856220360431
-11,-8,3.769680774597134
-11,-8,4.903004938624542
-11,-8,1.6500000000000001
-11,-8,6.3199366035289435
-11,-8,9.515989550593641
-11,-8,6.130651932349624
-11,-8,2.9776357149697894
-11,-8,4.980763971922625
-11,-8,1.6500000000000001
-11,-8,6.514718079423462
-11,-8,9.97606952202289
-11,-8,1.6500000000000001
-11,-8,1.6500000000000001
-11,-8,1.6500000000000001
-11,-8,2.7429574871828195
-11,-8,4.908768559050137
-11,-8,1.6500000000000001
-11,-8,8.813810235504164
-11,-8,2.5873738161369735
-11,-8,5.568840481354225
-11,-8,1.6500000000000001
-11,-8,1.6500000000000001
-11,-8,4.02743148956417
-11,-8,3.9298332730406567
-11,-8,5.310750183216692
-11,-8,1.6500000000000001
-11,-8,4.078337054619513
-11,-8,4.602626003165739
-11,-8,4.32810063694755
-11,-8,7.590070048442248
-11,-8,2.860512602994154
-11,-8,1.6500000000000001
-11,-8,6.491429170203488
-11,-8,5.0394665275815225
-12,-8,1.6500000000000001
-12,-8,3.707965935051384
-12,-8,1.6500000000000001
-12,-8,4.5649401047469365
-12,-8,3.5207503940101548
-12,-8,5.412611080368722
-12,-8,10.818068083433314
-12,-8,2.6500032529869797
-12,-8,1.6500000000000001
-12,-8,1.6500000000000001
-12,-8,2.3778094784184556
-12,-8,3.818699466376347
-12,-8,1.6500000000000001
-12,-8,1.9684628479507429
-12,-8,1.7737491287497804
-12,-8,9.0739422217883
-12,-8,5.238530933165827
-12,-8,2.7467710417638895
-12,-8,6.755299713957443
-12,-8,1.6500000000000001
-12,-8,7.8267292990911725
-12,-8,1.8358031039007905
-12,-8,3.320706300745487
-12,-8,1.6500000000000001
-12,-8,3.530606512721142
-12,-8,4.725360147013842
-12,-8,3.767047720143996
-12,-8,1.6500000000000001
-12,-8,1.6500000000000001
-12,-8,5.004254468071882
-12,-8,10.594590470964572
-12,-8,4.913188082907789
-12,-8,3.3801000944519917
-12,-8,1.6500000000000001
-12,-8,1.6500000000000001
-12,-8,1.6500000000000001
-12,-8,7.902264985625328
-12,-8,1.6500000000000001
-12,-8,1.6500000000000001
-12,-8,2.4510553006980507
-12,-8,1.6500000000000001
-12,-8,1.6500000000000001
-12,-8,6.189414106834199
-12,-8,3.2629016901402004
-12,-8,2.8162913217888623
-12,-8,3.1966823769370003
-12,-8,1.6500000000000001
-12,-8,3.353262325904787
-12,-8,1.6500000000000001
-12,-8,4.132830386202194
-12,-8,4.538724302516965
-12,-8,2.381293526368447
-12,-8,4.788277978355201
-12,-8,4.706618797004031
-12,-8,4.6971969920754155
-12,-8,1.6500000000000001
-12,-8,3.059117391929795
-12,-8,3.04379566535617
-12,-8,4.258641421604819
-12,-8,7.920672853406589
-11,-8,4.291138055129949
-11,-8,3.516705357561051
-11,-8,1.6500000000000001
-11,-8,1.6500000000000001
-11,-8,5.152722866334649
-11,-8,3.0378268569133065
-11,-8,4.192882274308916
-11,-8,2.462739614890954
-11,-8,4.165106527538645
-11,-8,1.6500000000000001
-11,-8,1.6500000000000001
-11,-8,2.556920436052423
-11,-8,5.236717318024342
-11,-8,5.518173211972702
-11,-8,5.674353439779434
-11,-8,2.1361087297024133
-11,-8,3.0632288546454816
-11,-8,1.6500000000000001
-11,-8,7.067124316129291
-11,-8,4.95143692151048
-11,-8,3.0153294404200546
-11,-8,6.3907170892411695
-11,-8,5.797631797771194
-11,-8,5.105252580025553
-11,-8,4.60381201105599
-11,-8,1.6500000000000001
-11,-8,1.7997891207757037
-11,-8,1.6500000000000001
-11,-8,3.150357364483468
-11,-8,1.6500000000000001
-11,-8,1.6500000000000001
-11,-8,4.817520758480031
-11,-8,8.434533097785366
-11,-8,1.6500000000000001
-11,-8,2.400977399394021
-11,-8,1.6500000000000001
-11,-8,5.789567427411346
-11,-8,6.47228472206993
-11,-8,6.279647211968635
-11,-8,1.6500000000000001
-11,-8,7.037743936062425
-11,-8,4.626495859685326
-11,-8,7.595030695153206
-11,-8,1.6500000000000001
-11,-8,8.40153195215795
-11,-8,4.67917971573491
-11,-8,1.9543404030307683
-11,-8,1.6500000000000001
-11,-8,1.9720630538583497
-11,-8,8.885784610608782
-11,-8,1.848222732903011
-11,-8,4.004965524661059
-11,-8,3.369037514952729
-11,-8,2.3994629675648307
-11,-8,7.621526623725547
-11,-8,4.229990575689731
-11,-8,4.545154416026821
-11,-8,1.6500000000000001
-11,-8,5.730631898287328
-11,-8,1.6500000000000001
-11,-8,1.6500000000000001
-12,-8,4.2276634484464815
-12,-8,3.9945840838344995
-12,-8,2.876860956277744
-12,-8,1.9510307775645352
-12,-8,1.6500000000000001
-12,-8,2.2912070459546166
-12,-8,4.483973254347495
-12,-8,1.6500000000000001
-12,-8,7.077241838272554
-12,-8,1.6500000000000001
-12,-8,1.6500000000000001
-12,-8,1.6500000000000001
-12,-8,8.474455891135792
-12,-8,5.55759514965124
-12,-8,7.9543532120081935
-12,-8,3.122008829887728
-12,-8,1.6500000000000001
-12,-8,1.6500000000000001
-12,-8,1.6500000000000001
-12,-8,6.830491959409488
-12,-8,7.239120401122902
-12,-8,1.6500000000000001
-12,-8,7.321726891349822
-12,-8,3.1948906512861495
-12,-8,2.1912211019084604
-12,-8,2.7419658274835768
-12,-8,2.545600543125695
-12,-8,1.6500000000000001
-12,-8,8.676270036634353
-12,-8,3.9427175173010327
-12,-8,6.262909892637478
-12,-8,3.058963828471212
-12,-8,4.293492502609332
-12,-8,5.192593514649937
-12,-8,5.201824029722153
-12,-8,3.128815246653549
-12,-8,6.238759114655434
-12,-8,3.2560825863779406
-12,-8,2.495332541797664
-12,-8,6.615498207734847
-12,-8,1.6500000000000001
-12,-8,5.995671762021164
-12,-8,6.44058235130711
-12,-8,3.178161256688298
-12,-8,4.881124952612952
-12,-8,2.659203558384515
-12,-8,3.7975171221050577
-12,-8,4.362984390515527
-12,-8,6.5549442925006485
-12,-8,1.6500000000000001
-12,-8,1.6500000000000001
-12,-8,1.8341148507107168
-12,-8,4.528975396197607
-12,-8,2.6084951574963555
-12,-8,3.5331747557974578
-12,-8,1.6500000000000001
-12,-8,5.264847305708492
-12,-8,1.6500000000000001
-12,-8,5.633062189839018
-12,-8,5.158560722270121
-12,-8,1.6500000000000001
-13,-8,6.117611879487767
-13,-8,5.7954864274364155
-13,-8,1.6500000000000001
-13,-8,6.595230638040279
-13,-8,6.4369447330892235
-13,-8,1.6500000000000001
-13,-8,1.9947262242914388
-13,-8,8.316749198972238
-13,-8,2.084566466697951
-13,-8,3.006273257570843
-13,-8,4.376250003561478
-13,-8,5.0013616831634575
-13,-8,5.331750847808384
-13,-8,3.1910834923580644
-13,-8,2.4095010246147366
-13,-8,4.670950997191904
-13,-8,6.194955233525723
-13,-8,4.7912846828024165
-13,-8,8.267787192933746
-13,-8,1.6500000000000001
-13,-8,1.6500000000000001
-13,-8,1.6500000000000001
-13,-8,1.6500000000000001
-13,-8,2.4286252108162807
-13,-8,4.654925273091933
-13,-8,4.854660567416987
-13,-8,10.900573113612689
-13,-8,10.368210483492312
-13,-8,1.6500000000000001
-13,-8,1.6500000000000001
-13,-8,5.264016010238291
-13,-8,1.6500000000000001
-13,-8,1.6500000000000001
-13,-8,2.2931994308668724
-13,-8,2.330402456840794
-13,-8,1.9271853813861455
-13,-8,1.6500000000000001
-13,-8,1.6500000000000001
-13,-8,1.6500000000000001
-13,-8,3.9890347831626247
-13,-8,1.6500000000000001
-13,-8,1.6500000000000001
-13,-8,1.6500000000000001
-13,-8,1.6500000000000001
-13,-8,4.776907081837962
-13,-8,1.6500000000000001
-13,-8,6.151544219541156
-13,-8,1.6500000000000001
-13,-8,3.58606244576898
-13,-8,1.6500000000000001
-13,-8,9.247774221605791
-13,-8,4.132899533095917
-13,-8,8.997154822832753
-13,-8,8.895038280626114
-13,-8,2.7413959626950417
-13,-8,1.6500000000000001
-13,-8,1.6500000000000001
-13,-8,8.340869032133568
-13,-8,2.1497522704086687
-13,-8,2.0736724872577397
-14,-8,4.885247736605653
-14,-8,9.213923252891853
-14,-8,1.9655066783797626
-14,-8,1.6500000000000001
-14,-8,1.6500000000000001
-14,-8,1.6500000000000001
-14,-8,3.830703840073784
-14,-8,3.8414132732721957
-14,-8,3.8681179722397943
-14,-8,1.6500000000000001
-14,-8,3.2448408806512905
-14,-8,5.1363562193253625
-14,-8,1.6500000000000001
-14,-8,11.366820809073019
-14,-8,1.6500000000000001
-14,-8,2.2330891472315955
-14,-8,1.6500000000000001
-14,-8,2.336940111368767
-14,-8,8.40017182495829
-14,-8,1.6500000000000001
-14,-8,1.6500000000000001
-14,-8,7.183120996654451
-14,-8,1.6500000000000001
-14,-8,2.8584767907901956
-14,-8,2.8028428245939643
-14,-8,1.6500000000000001
-14,-8,1.9924316673467026
-14,-8,2.3712245627448327
-14,-8,3.306262173649354
-14,-8,1.6500000000000001
-14,-8,3.1991188365831307
-14,-8,15.19191124330569
-14,-8,1.6500000000000001
-14,-8,2.4895453867143345
-14,-8,2.6696662827172064
-14,-8,2.5271639520513416
-14,-8,7.52998179176948
-14,-8,3.736975096044073
-14,-8,1.6500000000000001
-14,-8,1.6500000000000001
-14,-8,6.536343879640116
-14,-8,2.55281132357626
-14,-8,1.6500000000000001
-14,-8,1.8563646236501596
-14,-8,5.7985964761352315
-14,-8,4.785554087754427
-14,-8,1.6500000000000001
-14,-8,1.6500000000000001
-14,-8,9.337814520171094
-14,-8,1.692214758470791
-14,-8,1.6500000000000001
-14,-8,3.88428449799358
-14,-8,3.269510200840714
-14,-8,1.6500000000000001
-14,-8,1.6500000000000001
-14,-8,1.6500000000000001
-14,-8,1.6500000000000001
-14,-8,2.977632224205301
-14,-8,1.6500000000000001
-14,-8,1.6500000000000001
-14,-8,1.6500000000000001
-15,-8,5.707447848280491
-15,-8,1.6500000000000001
-15,-8,3.087438738971693
-15,-8,1.6500000000000001
-15,-8,1.6500000000000001
-15,-8,1.6500000000000001
-15,-8,1.6500000000000001
-15,-8,4.124637669142437
-15,-8,4.780145677666001
-15,-8,1.6500000000000001
-15,-8,9.771662746329145
-15,-8,2.1964641159190146
-15,-8,1.6500000000000001
-15,-8,1.6500000000000001
-15,-8,4.16598890337743
-15,-8,4.791819924060756
-15,-8,4.073471207665483
-15,-8,10.575090208769456
-15,-8,5.328624928698909
-15,-8,8.451057109246124
-15,-8,7.846382548515459
-15,-8,1.6500000000000001
-15,-8,6.0823240250613475
-15,-8,1.6500000000000001
-15,-8,1.6500000000000001
-15,-8,1.6500000000000001
-15,-8,6.563654861845097
-15,-8,1.6500000000000001
-15,-8,1.6500000000000001
-15,-8,1.6500000000000001
-15,-8,3.1732814977285964
-15,-8,3.6634561007823607
-15,-8,1.6500000000000001
-15,-8,1.6500000000000001
-15,-8,3.0674888146038573
-15,-8,1.6500000000000001
-15,-8,4.721436463318302
-15,-8,3.078444931938492
-15,-8,1.6500000000000001
-15,-8,6.361575827501579
-15,-8,1.6500000000000001
-15,-8,2.407206058777196
-15,-8,2.062971029504231
-15,-8,1.6500000000000001
-15,-8,3.074894304509986
-15,-8,1.6500000000000001
-15,-8,1.6500000000000001
-15,-8,2.3924763131409197
-15,-8,1.6500000000000001
-15,-8,1.6500000000000001
-15,-8,1.6500000000000001
-15,-8,1.6500000000000001
-15,-8,1.6500000000000001
-15,-8,1.6500000000000001
-15,-8,9.639828282991695
-15,-8,1.6500000000000001
-15,-8,8.686862298579381
-15,-8,5.725744790852923
-15,-8,1.6500000000000001
-15,-8,4.554376376423049
-16,-8,1.6500000000000001
-16,-8,1.6500000000000001
-16,-8,3.649395339375864
-16,-8,2.032496433530744
-16,-8,12.049684500590624
-16,-8,1.6500000000000001
-16,-8,1.6500000000000001
-16,-8,1.6500000000000001
-16,-8,1.6500000000000001
-16,-8,1.6500000000000001
-16,-8,1.6500000000000001
-16,-8,2.6464632144938536
-16,-8,1.6500000000000001
-16,-8,1.6500000000000001
-16,-8,1.6500000000000001
-16,-8,1.6500000000000001
-16,-8,1.6500000000000001
-16,-8,1.6500000000000001
-16,-8,12.337715538561827
-16,-8,1.6500000000000001
-16,-8,1.6500000000000001
-16,-8,1.6500000000000001
-16,-8,3.716359295125187
-16,-8,1.6500000000000001
-16,-8,3.337944858396407
-16,-8,1.6500000000000001
-16,-8,4.237827888268447
-16,-8,3.5714125343924126
-16,-8,8.830544066530805
-16,-8,5.801823803225915
-16,-8,5.037170943366034
-16,-8,3.0976536688349325
-16,-8,4.365066590316222
-16,-8,1.6500000000000001
-16,-8,3.1348156047945697
-16,-8,1.6500000000000001
-16,-8,1.975419414228964
-16,-8,1.6500000000000001
-16,-8,2.9185310022547095
-16,-8,10.305352260113692
-16,-8,1.6500000000000001
-16,-8,3.390008443681183
-16,-8,3.687216102899589
-16,-8,1.6500000000000001
-16,-8,4.273820078835028
-16,-8,5.474964892652458
-16,-8,1.6500000000000001
-16,-8,1.6500000000000001
-16,-8,2.5651014922205486
-16,-8,4.437166368036295
-16,-8,11.10888721498552
-16,-8,1.8042864516489945
-16,-8,3.5510251989488975
-16,-8,9.422244566854188
-16,-8,1.784358891073011
-16,-8,2.0459948593096877
-16,-8,7.766836518259442
-16,-8,1.6500000000000001
-16,-8,1.6500000000000001
-16,-8,3.004227729226466
-16,-8,1.6500000000000001
-17,-8,1.7453024643552628
-17,-8,1.6500000000000001
-17,-8,4.355913065623705
-17,-8,1.6500000000000001
-17,-8,2.322044294449426
-17,-8,1.6500000000000001
-17,-8,3.86310085009387
-17,-8,1.6500000000000001
-17,-8,1.6500000000000001
-17,-8,1.6500000000000001
-17,-8,1.6500000000000001
-17,-8,1.6500000000000001
-17,-8,1.6500000000000001
-17,-8,1.6500000000000001
-17,-8,2.911647493305632
-17,-8,1.6500000000000001
-17,-8,1.6500000000000001
-17,-8,3.2306656996970604
-17,-8,10.259416358466563
-17,-8,1.6500000000000001
-17,-8,1.6500000000000001
-17,-8,1.6500000000000001
-17,-8,1.6500000000000001
-17,-8,1.6500000000000001
-17,-8,1.6500000000000001
-17,-8,4.225851085637955
-17,-8,1.6500000000000001
-17,-8,1.6500000000000001
-17,-8,3.7595400576812246
-17,-8,4.560011099317777
-17,-8,1.6500000000000001
-17,-8,1.6500000000000001
-17,-8,1.6500000000000001
-17,-8,2.946602444088967
-17,-8,2.970516462945983
-17,-8,1.6500000000000001
-17,-8,2.5387211908573044
-17,-8,1.6500000000000001
-17,-8,3.900356115156222
-17,-8,1.6500000000000001
-17,-8,2.6945456716764173
-17,-8,1.9223575309535441
-17,-8,1.6500000000000001
-17,-8,7.1177505041808455
-17,-8,1.6500000000000001
-17,-8,2.142501848378963
-17,-8,3.4719233730622028
-17,-8,3.371690198912049
-17,-8,1.6500000000000001
-17,-8,1.6500000000000001
-17,-8,1.8383268997559892
-17,-8,3.9359807384024146
-17,-8,1.6500000000000001
-17,-8,1.830881342568125
-17,-8,1.8397812061162915
-17,-8,7.283873245566792
-17,-8,1.6500000000000001
-17,-8,1.6500000000000001
-17,-8,1.6500000000000001
-17,-8,1.6500000000000001
-17,-8,1.9743452263060606
-16,-8,1.6500000000000001
-16,-8,3.5641189375164997
-16,-8,1.8648235885750162
-16,-8,1.6500000000000001
-16,-8,1.6500000000000001
-16,-8,3.5051536710960574
-16,-8,3.5175353518495434
-16,-8,3.9856300268665477
-16,-8,4.441714161715247
-16,-8,1.6500000000000001
-16,-8,1.6500000000000001
-16,-8,1.6500000000000001
-16,-8,4.871801227806846
-16,-8,1.6500000000000001
-16,-8,1.6500000000000001
-16,-8,12.099452909693984
-16,-8,4.774067929943868
-16,-8,7.17178685091477
-16,-8,1.6500000000000001
-16,-8,1.6500000000000001
-16,-8,3.279387826872773
-16,-8,6.114644273792663
-16,-8,1.6500000000000001
-16,-8,1.7669393503922628
-16,-8,1.6500000000000001
-16,-8,1.6500000000000001
-16,-8,1.6500000000000001
-16,-8,6.4540543055565625
-16,-8,1.6500000000000001
-16,-8,10.434982084763977
-16,-8,1.6500000000000001
-16,-8,6.016298663431647
-16,-8,1.6500000000000001
-16,-8,1.6500000000000001
-16,-8,5.827813945191055
-16,-8,6.816299636474806
-16,-8,1.6500000000000001
-16,-8,4.203287621419484
-16,-8,6.797671233348851
-16,-8,4.9660228917750056
-16,-8,1.6500000000000001
-16,-8,1.6500000000000001
-16,-8,6.248019362290851
-16,-8,2.357486674862338
-16,-8,4.63713424359908
-16,-8,1.6500000000000001
-16,-8,2.244423326873213
-16,-8,1.9312939323152212
-16,-8,1.6500000000000001
-16,-8,6.493941040546614
-16,-8,2.339570235039888
-16,-8,3.1051182280851393
-16,-8,8.560107281278043
-16,-8,1.8250327526242995
-16,-8,11.155840903504227
-16,-8,1.9155319047437611
-16,-8,1.943969927732894
-16,-8,1.7025473542162157
-16,-8,1.6500000000000001
-16,-8,1.6500000000000001
-15,-8,3.862636562309932
-15,-8,1.6500000000000001
-15,-8,4.846112656770803
-15,-8,2.4892409155402557
-15,-8,1.9779437358055236
-15,-8,1.6500000000000001
-15,-8,3.5240440480921147
-15,-8,2.0067649544179047
-15,-8,2.3929922705861433
-15,-8,4.192486887970514
-15,-8,2.172765423769577
-15,-8,1.6500000000000001
-15,-8,3.4909183216361077
-15,-8,3.525235920784331
-15,-8,10.298229022533565
-15,-8,10.911190058435547
-15,-8,1.6500000000000001
-15,-8,3.0441117423123383
-15,-8,1.6500000000000001
-15,-8,2.086673268397016
-15,-8,3.9290601618371643
-15,-8,1.6500000000000001
-15,-8,2.052185451928838
-15,-8,1.6500000000000001
-15,-8,4.377234080854302
-15,-8,5.0897892697735285
-15,-8,2.965796464074545
-15,-8,5.790791696412384
-15,-8,1.6500000000000001
-15,-8,8.80738984695289
-15,-8,1.6500000000000001
-15,-8,8.061145704354592
-15,-8,1.6500000000000001
-15,-8,2.142825797394214
-15,-8,4.686471274000569
-15,-8,3.900896321908329
-15,-8,8.954724177050569
-15,-8,5.472827940329254
-15,-8,2.843751885930966
-15,-8,1.6500000000000001
-15,-8,1.6500000000000001
-15,-8,4.4975752773255095
-15,-8,1.6500000000000001
-15,-8,3.657676109285325
-15,-8,1.6500000000000001
-15,-8,1.6500000000000001
-15,-8,1.6500000000000001
-15,-8,1.6500000000000001
-15,-8,1.6500000000000001
-15,-8,3.019972567771327
-15,-8,4.439652154521171
-15,-8,1.6500000000000001
-15,-8,6.705761927848276
-15,-8,1.6500000000000001
-15,-8,2.0047853769428636
-15,-8,1.6500000000000001
-15,-8,5.184335250334016
-15,-8,1.6823774164059009
-15,-8,1.6500000000000001
-15,-8,5.167589653027126
-15,-8,2.433342058847497
-15,-7,5.376157049930283
-15,-7,1.6500000000000001
-15,-7,6.48181540426325
-15,-7,3.2269161379714584
-15,-7,12.891828784510071
-15,-7,1.6500000000000001
-15,-7,1.6500000000000001
-15,-7,1.8463254313353474
-15,-7,8.528518351173938
-15,-7,10.896385445416128
-15,-7,1.7836101779855866
-15,-7,1.6997297421651258
-15,-7,1.6500000000000001
-15,-7,5.415776094821019
-15,-7,1.8774027386980223
-15,-7,3.867741034362949
-15,-7,3.5913634981509754
-15,-7,3.5258678293790324
-15,-7,7.933292181283346
-15,-7,2.6899964357201265
-15,-7,1.6500000000000001
-15,-7,5.184064161104531
-15,-7,1.6500000000000001
-15,-7,10.19026430966888
-15,-7,9.140122165203811
-15,-7,1.6500000000000001
-15,-7,1.912590097514776
-15,-7,4.8012781256687305
-15,-7,1.6500000000000001
-15,-7,5.718388800738026
-15,-7,3.0818939974266337
-15,-7,1.6500000000000001
-15,-7,3.298596521194737
-15,-7,1.6500000000000001
-15,-7,1.6500000000000001
-15,-7,1.6500000000000001
-15,-7,3.620613621510423
-15,-7,3.393013568827789
-15,-7,1.6500000000000001
-15,-7,1.6500000000000001
-15,-7,2.6365362578239364
-15,-7,1.6500000000000001
-15,-7,1.6500000000000001
-15,-7,1.6500000000000001
-15,-7,1.6500000000000001
-15,-7,4.06701162561466
-15,-7,1.6500000000000001
-15,-7,1.6500000000000001
-15,-7,1.7432739518877223
-15,-7,1.6500000000000001
-15,-7,3.1284828969699428
-15,-7,3.358780049439463
-15,-7,1.6500000000000001
-15,-7,1.6500000000000001
-15,-7,1.6500000000000001
-15,-7,2.8809348558606707
-15,-7,1.6500000000000001
-15,-7,2.78535551673998
-15,-7,6.899866037831346
-15,-7,6.266282241468483
-14,-7,1.6500000000000001
-14,-7,1.6500000000000001
-14,-7,4.481958520650855
-14,-7,1.6500000000000001
-14,-7,1.6500000000000001
-14,-7,1.8154095964983779
-14,-7,2.1823152523153126
-14,-7,2.7708476079526183
-14,-7,4.531560482463419
-14,-7,1.6500000000000001
-14,-7,6.253239209118121
-14,-7,1.6500000000000001
-14,-7,8.498494238281111
-14,-7,5.662995929807563
-14,-7,3.2252012855565297
-14,-7,5.7101258062097155
-14,-7,1.6500000000000001
-14,-7,4.0554097462481575
-14,-7,3.5746683769611227
-14,-7,4.934839931368956
-14,-7,1.6500000000000001
-14,-7,5.789150582470451
-14,-7,3.690002424534045
-14,-7,3.7293173805346753
-14,-7,6.422035683186229
-14,-7,1.6500000000000001
-14,-7,1.6500000000000001
-14,-7,1.6500000000000001
-14,-7,3.845770780814127
-14,-7,1.6500000000000001
-14,-7,1.6500000000000001
-14,-7,2.2620760544809957
-14,-7,1.6500000000000001
-14,-7,1.6500000000000001
-14,-7,1.6500000000000001
-14,-7,1.6500000000000001
-14,-7,10.203633786194438
-14,-7,3.041303221710457
-14,-7,6.836187319592407
-14,-7,1.6500000000000001
-14,-7,1.6500000000000001
-14,-7,1.6500000000000001
-14,-7,6.2836459009716
-14,-7,6.756982095825529
-14,-7,1.6500000000000001
-14,-7,1.6500000000000001
-14,-7,1.6500000000000001
-14,-7,8.9901589266823
-14,-7,8.13123074323953
-14,-7,1.6500000000000001
-14,-7,1.6500000000000001
-14,-7,2.475819432838173
-14,-7,1.6500000000000001
-14,-7,8.674878302983274
-14,-7,4.647636423674851
-14,-7,3.3005624708450148
-14,-7,2.3932419257541224
-14,-7,4.163580754279973
-14,-7,1.6500000000000001
-14,-7,1.6500000000000001
-14,-7,2.540537104432651
-14,-8,1.6500000000000001
-14,-8,1.6500000000000001
-14,-8,2.674153978020811
-14,-8,3.481307967405647
-14,-8,1.6500000000000001
-14,-8,3.3901145229109932
-14,-8,6.619641447023202
-14,-8,1.702608814964135
-14,-8,3.7885716375766356
-14,-8,3.894011768219343
-14,-8,3.1596915370006284
-14,-8,2.913136224002298
-14,-8,7.9738673626815455
-14,-8,4.350622760566502
-14,-8,1.6500000000000001
-14,-8,1.6500000000000001
-14,-8,6.497133371865854
-14,-8,1.6500000000000001
-14,-8,7.470824017018307
-14,-8,4.376060968845971
-14,-8,1.6500000000000001
-14,-8,1.6500000000000001
-14,-8,3.5226414084602693
-14,-8,1.6500000000000001
-14,-8,1.6500000000000001
-14,-8,3.381573522393512
-14,-8,1.6500000000000001
-14,-8,5.597810969408779
-14,-8,4.364534462126889
-14,-8,1.6500000000000001
-14,-8,1.6500000000000001
-14,-8,1.6500000000000001
-14,-8,7.287475592320007
-14,-8,7.512129439019348
-14,-8,3.4002374859474034
-14,-8,1.6500000000000001
-14,-8,2.9497284003596773
-14,-8,1.6500000000000001
-14,-8,1.9263603741398594
-14,-8,9.524606697963947
-14,-8,1.6500000000000001
-14,-8,9.771311743190898
-14,-8,3.216238205205351
-14,-8,2.012462413988534
-14,-8,1.6500000000000001
-14,-8,1.8134151894610806
-14,-8,2.8740280606604744
-14,-8,1.6500000000000001
-14,-8,1.6500000000000001
-14,-8,3.58491137597846
-14,-8,2.845494081054764
-14,-8,4.093328606871392
-14,-8,6.735344365526384
-14,-8,3.7494807708987397
-14,-8,2.7189201522832365
-14,-8,4.603064364958795
-14,-8,2.3804315263933034
-14,-8,3.506071199047972
-14,-8,1.6500000000000001
-14,-8,2.2342550053875803
-14,-8,5.123085956458951
-13,-8,2.9423292082280064
-13,-8,6.636515683245215
-13,-8,3.0103005955697597
-13,-8,1.6500000000000001
-13,-8,1.6500000000000001
-13,-8,10.700057835896207
-13,-8,1.6500000000000001
-13,-8,4.507321924503557
-13,-8,1.6500000000000001
-13,-8,8.43421421654407
-13,-8,3.4983648743144857
-13,-8,1.6500000000000001
-13,-8,7.2906107713809565
-13,-8,2.6452003025834325
-13,-8,2.268235063880613
-13,-8,6.0547973665677315
-13,-8,1.6500000000000001
-13,-8,1.6500000000000001
-13,-8,6.037272075662247
-13,-8,5.77486012945969
-13,-8,1.6500000000000001
-13,-8,3.015818998309323
-13,-8,2.815168051914141
-13,-8,9.153173408886143
-13,-8,6.125742371998927
-13,-8,6.873091337404102
-13,-8,5.119911708873669
-13,-8,7.635520223804733
-13,-8,3.9856416591450996
-13,-8,9.081935675897618
-13,-8,1.6500000000000001
-13,-8,1.6500000000000001
-13,-8,1.6500000000000001
-13,-8,3.7767147472390254
-13,-8,5.05644373715975
-13,-8,6.188515838499702
-13,-8,7.252210249302973
-13,-8,5.078398396491863
-13,-8,1.6500000000000001
-13,-8,5.9420756155728505
-13,-8,5.063975011815478
-13,-8,2.883249028509878
-13,-8,7.08598638860007
-13,-8,2.9911263292621024
-13,-8,2.369804969254548
-13,-8,1.6500000000000001
-13,-8,2.9853042248820065
-13,-8,1.6500000000000001
-13,-8,6.777233193222996
-13,-8,4.97707483734271
-13,-8,1.7480607716964973
-13,-8,2.642125844353227
-13,-8,5.5975363131529825
-13,-8,1.6500000000000001
-13,-8,4.241459534914644
-13,-8,5.740221329052304
-13,-8,5.426619378554338
-13,-8,3.103401937008279
-13,-8,1.6500000000000001
-13,-8,1.6500000000000001
-12,-8,4.628074950216174
-12,-8,3.79097133252694
-12,-8,1.6500000000000001
-12,-8,7.804301669010661
-12,-8,2.7925507543889156
-12,-8,8.391609832078654
-12,-8,10.061645952429684
-12,-8,3.998658156052659
-12,-8,1.6500000000000001
-12,-8,1.8043120703003237
-12,-8,3.4651745105141973
-12,-8,4.143360457069497
-12,-8,6.125550664205349
-12,-8,4.8782555286851075
-12,-8,4.792134530241439
-12,-8,1.6500000000000001
-12,-8,3.2960619312777415
-12,-8,3.3301456064577284
-12,-8,3.95196940846476
-12,-8,1.6500000000000001
-12,-8,4.345750321624496
-12,-8,3.336370371103379
-12,-8,1.9425346660911624
-12,-8,1.6500000000000001
-12,-8,1.6500000000000001
-12,-8,1.6500000000000001
-12,-8,6.310619420176413
-12,-8,5.982520258438407
-12,-8,1.6500000000000001
-12,-8,6.638248628450988
-12,-8,1.6500000000000001
-12,-8,1.6500000000000001
-12,-8,4.286377219298307
-12,-8,1.6500000000000001
-12,-8,5.203445644592852
-12,-8,6.205233111353932
-12,-8,1.6500000000000001
-12,-8,5.2351522452547625
-12,-8,5.199469471822891
-12,-8,9.541382313729818
-12,-8,4.003712030340443
-12,-8,1.6500000000000001
-12,-8,3.9597139640366077
-12,-8,3.27351329436134
-12,-8,5.938253913148678
-12,-8,7.072084284667495
-12,-8,1.6500000000000001
-12,-8,6.884112472269672
-12,-8,11.447802708927135
-12,-8,3.680688520643316
-12,-8,9.45847707158594
-12,-8,6.533296582388303
-12,-8,1.6500000000000001
-12,-8,1.6500000000000001
-12,-8,1.6500000000000001
-12,-8,1.6500000000000001
-12,-8,7.314804510114795
-12,-8,4.723232267504665
-12,-8,2.2506374658027837
-12,-8,5.382250971051203
-12,-8,6.708971046902077
-11,-8,6.674812885724406
-11,-8,3.004163886672934
-11,-8,1.6500000000000001
-11,-8,1.6500000000000001
-11,-8,2.122668047791615
-11,-8,1.6500000000000001
-11,-8,3.1088035870060775
-11,-8,6.6333035082196545
-11,-8,1.6500000000000001
-11,-8,1.8773080662523356
-11,-8,2.2381856916630936
-11,-8,1.6500000000000001
-11,-8,1.6500000000000001
-11,-8,1.6500000000000001
-11,-8,1.6500000000000001
-11,-8,3.7228955642346984
-11,-8,9.246028198210965
-11,-8,4.657240144926615
-11,-8,7.537424118979789
-11,-8,1.6500000000000001
-11,-8,4.70083382782868
-11,-8,1.6837330903302514
-11,-8,3.755361779272273
-11,-8,2.5261554186129525
-11,-8,3.1734025280109948
-11,-8,2.4444375177348903
-11,-8,2.1777983137916532
-11,-8,3.5294361991821006
-11,-8,12.709674454218918
-11,-8,2.9677214058125583
-11,-8,5.507388914143608
-11,-8,1.6500000000000001
-11,-8,1.6500000000000001
-11,-8,1.6500000000000001
-11,-8,4.069630281485052
-11,-8,5.392907459965029
-11,-8,1.6500000000000001
-11,-8,1.6500000000000001
-11,-8,6.901112867682745
-11,-8,4.479626281858349
-11,-8,1.6500000000000001
-11,-8,7.624705966336992
-11,-8,2.144481124208109
-11,-8,6.316359315043
-11,-8,1.6500000000000001
-11,-8,12.627285187858732
-11,-8,3.378332147673397
-11,-8,9.498415821506523
-11,-8,6.9062316697604675
-11,-8,6.815811007841834
-11,-8,5.105355933701135
-11,-8,3.200299754058861
-11,-8,1.6500000000000001
-11,-8,2.988517120303587
-11,-8,1.6500000000000001
-11,-8,5.813685353172562
-11,-8,3.8507808779358763
-11,-8,3.5626872051514873
-11,-8,1.7504835410861403
-11,-8,1.6500000000000001
-11,-8,1.8126367826780823
-11,-7,1.6500000000000001
-11,-7,6.474465071708982
-11,-7,3.5158653894634173
-11,-7,8.833830128657398
-11,-7,1.6500000000000001
-11,-7,3.5446905980146393
-11,-7,2.829898857090548
-11,-7,7.795424226401254
-11,-7,10.062600119058729
-11,-7,3.209820247366425
-11,-7,3.85387014278201
-11,-7,1.6500000000000001
-11,-7,16.05075538082824
-11,-7,5.616302293236074
-11,-7,4.664858951262222
-11,-7,2.3566725047081727
-11,-7,3.518994075604121
-11,-7,3.7394936478099225
-11,-7,2.49962354058972
-11,-7,3.0725332520937965
-11,-7,5.987569318280346
-11,-7,9.001630225048388
-11,-7,8.956732257819294
-11,-7,7.080031746437983
-11,-7,6.545159984677912
-11,-7,5.185199737971469
-11,-7,4.785331446464438
-11,-7,1.6500000000000001
-11,-7,7.825972438869979
-11,-7,12.06185214687897
-11,-7,1.6500000000000001
-11,-7,3.2533569976188317
-11,-7,1.6500000000000001
-11,-7,1.6500000000000001
-11,-7,6.476369162782573
-11,-7,3.7508448654840794
-11,-7,5.032097953440016
-11,-7,2.5670605540134606
-11,-7,2.6577413097917573
-11,-7,2.6756199794069273
-11,-7,2.2087959242284274
-11,-7,1.6500000000000001
-11,-7,4.617456939685342
-11,-7,4.453457589931277
-11,-7,1.6500000000000001
-11,-7,1.6500000000000001
-11,-7,3.5712580011569806
-11,-7,5.535196472719223
-11,-7,13.824742901005289
-11,-7,6.104132178583485
-11,-7,6.055984862240237
-11,-7,1.6500000000000001
-11,-7,1.6500000000000001
-11,-7,1.6500000000000001
-11,-7,2.3548912023482
-11,-7,12.563339973929732
-11,-7,3.6505180192965354
-11,-7,1.6500000000000001
-11,-7,5.069271571859719
-11,-7,4.789281230824832
-10,-7,1.7426976170730626
-10,-7,1.6500000000000001
-10,-7,1.6500000000000001
-10,-7,1.6500000000000001
-10,-7,1.941671066601135
-10,-7,4.448970945333083
-10,-7,3.9169029040014522
-10,-7,2.2418589256844967
-10,-7,7.388848873479484
-10,-7,2.949499162730614
-10,-7,4.355781150919425
-10,-7,3.011762370125781
-10,-7,6.693179842462999
-10,-7,2.840208683073857
-10,-7,5.424580953213832
-10,-7,11.080955823252578
-10,-7,3.2975303780295615
-10,-7,7.286349529894823
-10,-7,5.732178651545969
-10,-7,2.638775135764487
-10,-7,7.848392741805862
-10,-7,1.6500000000000001
-10,-7,1.6500000000000001
-10,-7,2.6327763271123787
-10,-7,2.6489847221658227
-10,-7,4.70568710254699
-10,-7,4.146227029749706
-10,-7,1.884718741627802
-10,-7,7.188143996755632
-10,-7,1.6500000000000001
-10,-7,1.6500000000000001
-10,-7,1.6500000000000001
-10,-7,5.219492558242864
-10,-7,3.386869679475696
-10,-7,4.530288744031238
-10,-7,6.72207528461391
-10,-7,5.326578312665072
-10,-7,5.762771068727126
-10,-7,1.826657566015803
-10,-7,1.6500000000000001
-10,-7,5.2786639051455495
-10,-7,3.31127813782742
-10,-7,1.6500000000000001
-10,-7,8.950274613660326
-10,-7,3.935213020240618
-10,-7,3.9313669847993973
-10,-7,5.649923248277599
-10,-7,4.753183365143647
-10,-7,1.6500000000000001
-10,-7,8.838152162621
-10,-7,6.116156022984987
-10,-7,3.9571801055704574
-10,-7,1.6500000000000001
-10,-7,3.7386474303484314
-10,-7,1.9241137137820221
-10,-7,7.448050256816998
-10,-7,7.414260282359545
-10,-7,7.832288724645681
-10,-7,5.541751578620402
-10,-7,4.957430047768691
-10,-7,5.422690226860719
-9,-7,1.6500000000000001
-9,-7,6.606044798718313
-9,-7,4.784065288015691
-9,-7,1.6500000000000001
-9,-7,1.919989461959792
-9,-7,4.551069951402141
-9,-7,3.449303320507677
-9,-7,3.7150233644322337
-9,-7,7.358134064222847
-9,-7,6.026312059829406
-9,-7,2.169652368734432
-9,-7,6.6951760159142
-9,-7,5.197596301934706
-9,-7,6.982014339708943
-9,-7,2.9539918102964915
-9,-7,1.6500000000000001
-9,-7,9.529674868757922
-9,-7,9.021466545442394
-9,-7,4.457473021277047
-9,-7,12.635146630221731
-9,-7,5.240833263752723
-9,-7,7.33545972607067
-9,-7,3.1026632954081492
-9,-7,1.6500000000000001
-9,-7,1.6500000000000001
-9,-7,5.86076282185055
-9,-7,6.693439875855498
-9,-7,1.801533146886377
-9,-7,7.655059063530649
-9,-7,2.3149685453659252
-9,-7,1.6500000000000001
-9,-7,3.012923468964293
-9,-7,1.6500000000000001
-9,-7,4.097308997073852
-9,-7,4.516644709515791
-9,-7,2.9538599579853653
-9,-7,9.46290302820747
-9,-7,1.6500000000000001
-9,-7,6.401457961867594
-9,-7,5.365142714863137
-9,-7,8.648730500979793
-9,-7,5.23150607030823
-9,-7,2.695295024312315
-9,-7,6.420652802778658
-9,-7,6.648636418977394
-9,-7,2.5925619415400063
-9,-7,2.99593199944107
-9,-7,5.7864082085315
-9,-7,2.4161568740429358
-9,-7,1.6500000000000001
-9,-7,1.6500000000000001
-9,-7,5.297687506724326
-9,-7,1.6500000000000001
-9,-7,1.6500000000000001
-9,-7,6.254162382031177
-9,-7,5.976870955091816
-9,-7,1.6500000000000001
-9,-7,4.429464892215707
-9,-7,11.808866350856587
-9,-7,2.042080528607633
-10,-7,11.081925509310672
-10,-7,1.721832963208461
-10,-7,4.174533703234603
-10,-7,9.01766302258968
-10,-7,1.6532899689047666
-10,-7,1.6500000000000001
-10,-7,7.110663377129193
-10,-7,4.65216196162939
-10,-7,1.6500000000000001
-10,-7,5.109223237361667
-10,-7,3.1490629486078148
-10,-7,4.387582923344333
-10,-7,4.6759159334526466
-10,-7,5.775733293948443
-10,-7,2.2384000969065867
-10,-7,8.274715151917531
-10,-7,3.2418323623757876
-10,-7,4.753491133671292
-10,-7,11.006708306484914
-10,-7,5.23909682065539
-10,-7,3.1524875252027513
-10,-7,1.6500000000000001
-10,-7,9.111385896791328
-10,-7,4.981526656169962
-10,-7,6.7075654732470475
-10,-7,9.973820211104805
-10,-7,11.47092308225723
-10,-7,9.240855001301538
-10,-7,9.96506625271024
-10,-7,1.6500000000000001
-10,-7,1.6500000000000001
-10,-7,1.6500000000000001
-10,-7,5.399298932728737
-10,-7,3.8221017099109336
-10,-7,12.492102608440154
-10,-7,4.4476188707930335
-10,-7,1.6500000000000001
-10,-7,1.6500000000000001
-10,-7,1.6500000000000001
-10,-7,1.6500000000000001
-10,-7,2.0504362928231297
-10,-7,5.6853327284711614
-10,-7,10.189561174877046
-10,-7,15.233638027846277
-10,-7,14.046873881027174
-10,-7,3.9358032271057803
-10,-7,3.9312290575156426
-10,-7,3.0977206117784966
-10,-7,9.209177802031547
-10,-7,4.875976266272366
-10,-7,1.6500000000000001
-10,-7,3.5439100261027097
-10,-7,5.505017053682043
-10,-7,2.834156378246966
-10,-7,7.291577197646614
-10,-7,4.610788346547748
-10,-7,7.099697314266692
-10,-7,6.720295902961238
-10,-7,11.67163619840085
-10,-7,3.635945971863915
-10,-7,2.487794633000437
-9,-7,4.225262786941027
-9,-7,3.039987763519222
-9,-7,3.0222937368790808
-9,-7,2.585544975778485
-9,-7,8.64249760180066
-9,-7,3.589812292304562
-9,-7,5.530504325924819
-9,-7,3.6702103206616963
-9,-7,9.038818322537837
-9,-7,5.883556542615708
-9,-7,3.4274452650243568
-9,-7,5.210801811896134
-9,-7,7.100763279701653
-9,-7,3.3741098582986346
-9,-7,9.744821742638125
-9,-7,1.6500000000000001
-9,-7,2.3584539314574235
-9,-7,3.5486961507771824
-9,-7,5.453893138389281
-9,-7,1.6500000000000001
-9,-7,9.335965771792702
-9,-7,6.750457534201553
-9,-7,6.727243626756323
-9,-7,7.950404093749015
-9,-7,5.073063195150204
-9,-7,1.6500000000000001
-9,-7,7.957927054914846
-9,-7,2.589605890855905
-9,-7,2.71604677826125
-9,-7,1.6500000000000001
-9,-7,5.474945415361296
-9,-7,1.6500000000000001
-9,-7,4.010830893290797
-9,-7,3.7920723008186785
-9,-7,7.280589069687986
-9,-7,4.346941519993001
-9,-7,9.273855030066557
-9,-7,5.582800204740387
-9,-7,2.087624706524873
-9,-7,6.0587018785822515
-9,-7,10.545796645508757
-9,-7,5.079912274042844
-9,-7,5.1043658028138115
-9,-7,1.7425547763225353
-9,-7,4.023338676946331
-9,-7,6.1825909094571845
-9,-7,2.757546274836952
-9,-7,3.021206626666885
-9,-7,11.572242872337572
-9,-7,1.6500000000000001
-9,-7,8.706246458220846
-9,-7,5.45818798174209
-9,-7,1.6500000000000001
-9,-7,4.469525188644313
-9,-7,8.925068565815462
-9,-7,2.958730610892789
-9,-7,3.6424686363836476
-9,-7,4.731254310532034
-9,-7,3.6588019384385224
-9,-7,1.6500000000000001
-9,-7,8.483670049925122
-9,-8,3.6529873877053234
-9,-8,3.7188111182899535
-9,-8,1.7200935430900932
-9,-8,4.670131225338234
-9,-8,2.6532397481467433
-9,-8,3.963229972216306
-9,-8,1.6500000000000001
-9,-8,4.309039268850319
-9,-8,2.1032997587928497
-9,-8,5.834056573242212
-9,-8,2.640070097352531
-9,-8,1.6500000000000001
-9,-8,11.700516288415287
-9,-8,13.406021221022742
-9,-8,5.926807388211985
-9,-8,13.471418802614973
-9,-8,5.152201431933693
-9,-8,7.9766437529543
-9,-8,3.268899057040144
-9,-8,1.6500000000000001
-9,-8,6.4296896604641125
-9,-8,7.342408060316005
-9,-8,5.8783067099456545
-9,-8,5.875693191694968
-9,-8,2.466975084536081
-9,-8,5.42423071129708
-9,-8,5.612265618961292
-9,-8,5.624379931689186
-9,-8,4.272355942339408
-9,-8,6.550219067153725
-9,-8,8.43848929043318
-9,-8,3.7714941566751143
-9,-8,7.691159157135761
-9,-8,1.6500000000000001
-9,-8,1.6500000000000001
-9,-8,1.708721168395296
-9,-8,6.1545461658643354
-9,-8,7.972602427791393
-9,-8,5.95965889626343
-9,-8,4.204120717822001
-9,-8,1.6500000000000001
-9,-8,2.6130166168920583
-9,-8,1.6500000000000001
-9,-8,4.182647160565412
-9,-8,4.434489791113957
-9,-8,3.2981414516726306
-9,-8,6.737230879234166
-9,-8,8.175505509206106
-9,-8,1.6500000000000001
-9,-8,1.6500000000000001
-9,-8,2.188235741465677
-9,-8,3.297718206132785
-9,-8,3.4283339055615745
-9,-8,3.1232114213787505
-9,-8,3.0487300410421474
-9,-8,1.9619193855359705
-9,-8,1.6500000000000001
-9,-8,11.021835338611442
-9,-8,8.194427528513138
-9,-8,6.866965315204963
-9,-7,3.532068055414205
-9,-7,4.716149356345369
-9,-7,4.333636661780626
-9,-7,3.8572192121821733
-9,-7,9.584477410078257
-9,-7,3.284867902998851
-9,-7,6.829888199915848
-9,-7,1.6500000000000001
-9,-7,3.1643983249499863
-9,-7,5.214204612582008
-9,-7,1.6500000000000001
-9,-7,7.487549468310108
-9,-7,4.260126268479074
-9,-7,5.121323975153173
-9,-7,2.7731501182773104
-9,-7,7.105900843892184
-9,-7,3.3637994890936405
-9,-7,10.427782323203054
-9,-7,4.040395642357027
-9,-7,5.3340440411393075
-9,-7,4.053746426117097
-9,-7,1.8151172717510904
-9,-7,3.8942350531801635
-9,-7,3.7275779751422315
-9,-7,6.313253229018853
-9,-7,1.6500000000000001
-9,-7,2.411895292211224
-9,-7,9.205646279996792
-9,-7,2.6440289934903602
-9,-7,4.545545145339189
-9,-7,3.894513906762138
-9,-7,2.7059619831366986
-9,-7,1.6500000000000001
-9,-7,3.7713311864993617
-9,-7,2.0732069332091005
-9,-7,4.4610148196156665
-9,-7,5.890294275404307
-9,-7,5.674270622351104
-9,-7,3.8794825273629114
-9,-7,3.5534075372991083
-9,-7,6.414346476503646
-9,-7,1.8262983862443556
-9,-7,2.0273432184997016
-9,-7,1.6500000000000001
-9,-7,3.0474266652995468
-9,-7,1.6500000000000001
-9,-7,2.996570995579398
-9,-7,4.5513392494893266
-9,-7,5.443283609695978
-9,-7,1.6500000000000001
-9,-7,4.732771388816899
-9,-7,2.0209105540930556
-9,-7,4.123994021936271
-9,-7,5.97778547378168
-9,-7,2.4705672534473484
-9,-7,6.436837002591661
-9,-7,5.8846313283248906
-9,-7,1.6500000000000001
-9,-7,5.5609975153769655
-9,-7,2.3548161801209146
-9,-7,9.891549175212479
-8,-7,7.032509662198782
-8,-7,7.092317351405544
-8,-7,3.625177331200855
-8,-7,3.1449556991448917
-8,-7,18.7733379954602
-8,-7,3.4505528795491367
-8,-7,1.6500000000000001
-8,-7,1.6500000000000001
-8,-7,11.115288521814378
-8,-7,3.277511518167261
-8,-7,8.621822140414766
-8,-7,3.374996320171727
-8,-7,4.415035367609469
-8,-7,5.00086628422099
-8,-7,5.342345386723946
-8,-7,9.857136277607037
-8,-7,1.932466001005165
-8,-7,4.699891972621536
-8,-7,4.66611679080316
-8,-7,5.891994387527547
-8,-7,4.529547080138333
-8,-7,1.6500000000000001
-8,-7,15.010950358735329
-8,-7,3.040839304749408
-8,-7,2.906224867829448
-8,-7,6.216689146004573
-8,-7,8.29196094895753
-8,-7,5.720536423505775
-8,-7,7.037131782101541
-8,-7,4.289085958463436
-8,-7,1.6500000000000001
-8,-7,4.069677014234064
-8,-7,2.889772497508858
-8,-7,2.2841206281255415
-8,-7,6.655970652290777
-8,-7,2.2212964063179292
-8,-7,3.7311341670513656
-8,-7,6.362939486417893
-8,-7,2.623321423541764
-8,-7,6.168179443744382
-8,-7,6.592011080254814
-8,-7,1.6500000000000001
-8,-7,6.297832307559438
-8,-7,6.2713039928270735
-8,-7,1.6500000000000001
-8,-7,5.783464730291242
-8,-7,1.6500000000000001
-8,-7,4.808127261015635
-8,-7,5.057572273589486
-8,-7,6.940907952120657
-8,-7,5.1296409673276
-8,-7,12.361337845363565
-8,-7,2.545468701719172
-8,-7,3.0346782125305403
-8,-7,5.181149142062588
-8,-7,7.181716057857406
-8,-7,1.6500000000000001
-8,-7,8.377965276322996
-8,-7,9.823485989665892
-8,-7,5.92180116182186
-7,-7,2.6459580958982807
-7,-7,6.924013414878799
-7,-7,1.6848304460372368
-7,-7,7.764972324693087
-7,-7,10.983233584461418
-7,-7,9.093075881296784
-7,-7,4.858065836455517
-7,-7,4.039198346430141
-7,-7,4.222065638238339
-7,-7,1.6500000000000001
-7,-7,2.9332870030193736
-7,-7,9.697752645494422
-7,-7,7.195933954262556
-7,-7,7.522158503268863
-7,-7,3.458515304132684
-7,-7,5.563392265777777
-7,-7,5.255346016627185
-7,-7,6.482025368144834
-7,-7,5.148609982804454
-7,-7,5.563544854147369
-7,-7,5.656012066112719
-7,-7,4.217082533961302
-7,-7,11.01372137313748
-7,-7,1.6500000000000001
-7,-7,7.280652904109739
-7,-7,4.276882368955991
-7,-7,6.520847275222374
-7,-7,5.65796308917875
-7,-7,8.935751176604457
-7,-7,7.279315877632084
-7,-7,10.232118382800586
-7,-7,6.461107910495416
-7,-7,5.434419790868468
-7,-7,9.217934081697326
-7,-7,7.828042814415918
-7,-7,4.3788009861942845
-7,-7,4.949396974066548
-7,-7,4.912205259148623
-7,-7,4.736754167737665
-7,-7,2.5302330035774054
-7,-7,3.453667969580425
-7,-7,8.351062108452217
-7,-7,7.971931969764304
-7,-7,6.314785323647015
-7,-7,5.526693384444504
-7,-7,6.689563218081073
-7,-7,2.7343082717704505
-7,-7,1.6500000000000001
-7,-7,7.8902768804306245
-7,-7,5.595217666368064
-7,-7,12.1801796344572
-7,-7,3.196858639546818
-7,-7,7.487956486025073
-7,-7,11.145545504384366
-7,-7,4.4971147812472845
-7,-7,4.410395978012527
-7,-7,11.855982746562304
-7,-7,1.9861058173257407
-7,-7,12.65458655220015
-7,-7,7.262511711890382
-7,-7,6.951121979756094
-7,-8,4.249144293168747
-7,-8,6.3341912480718525
-7,-8,2.800843195976924
-7,-8,6.809571464202859
-7,-8,6.513941194447092
-7,-8,3.155530995017503
-7,-8,2.935208360335211
-7,-8,10.250532127938467
-7,-8,1.6755656124141258
-7,-8,4.555459120390868
-7,-8,2.227712805373649
-7,-8,4.083505191870312
-7,-8,1.6500000000000001
-7,-8,4.661719620827859
-7,-8,2.0619060529209885
-7,-8,4.406833815132995
-7,-8,8.024301823619142
-7,-8,4.584585161693704
-7,-8,1.6500000000000001
-7,-8,2.025837986838388
-7,-8,2.038649327076627
-7,-8,4.858327146898647
-7,-8,3.5071970636623586
-7,-8,1.6500000000000001
-7,-8,12.179345822677746
-7,-8,4.7910993139232145
-7,-8,7.231737782247306
-7,-8,6.628316866370913
-7,-8,6.629744044511834
-7,-8,11.039552797688826
-7,-8,4.0365631035861576
-7,-8,1.6500000000000001
-7,-8,9.447067099849475
-7,-8,5.814788065041949
-7,-8,1.6500000000000001
-7,-8,2.22918509128641
-7,-8,4.180588766646685
-7,-8,3.1409097412967952
-7,-8,2.4998827111924267
-7,-8,7.410963446041118
-7,-8,2.009245695575266
-7,-8,8.36937875709977
-7,-8,6.378165732768839
-7,-8,3.9373568640090144
-7,-8,9.847007634899478
-7,-8,1.6500000000000001
-7,-8,4.49684655016242
-7,-8,11.902381838011777
-7,-8,6.338930111198804
-7,-8,3.6738077688602555
-7,-8,14.617161425579102
-7,-8,3.9135695311943035
-7,-8,1.6500000000000001
-7,-8,4.449035473683988
-7,-8,1.6500000000000001
-7,-8,3.1695726500413084
-7,-8,5.078444059996425
-7,-8,3.0604080104069156
-7,-8,5.028205245031013
-7,-8,8.330175805552294
-7,-8,3.313504272762583
-6,-8,4.459585054705317
-6,-8,5.7269689483750295
-6,-8,4.411087468826336
-6,-8,5.429397965703828
-6,-8,2.1340754272859135
-6,-8,1.6500000000000001
-6,-8,11.04372445653869
-6,-8,7.310279254847809
-6,-8,5.6128749829160185
-6,-8,5.790730969305347
-6,-8,1.6500000000000001
-6,-8,7.473690053151849
-6,-8,6.992378016786336
-6,-8,11.522521303461165
-6,-8,6.58049037148492
-6,-8,4.504607775405758
-6,-8,3.8752312359814685
-6,-8,3.92411047550938
-6,-8,1.6500000000000001
-6,-8,3.201639643143865
-6,-8,4.768382569635201
-6,-8,5.713004256334846
-6,-8,8.927932793576348
-6,-8,1.6500000000000001
-6,-8,12.245371363300734
-6,-8,5.408688992335075
-6,-8,6.7395138395119325
-6,-8,8.403330118634473
-6,-8,7.292306118344097
-6,-8,3.554136892408176
-6,-8,12.737165008839998
-6,-8,5.38662979713653
-6,-8,7.443933686349406
-6,-8,4.438938005303481
-6,-8,3.3413193756476964
-6,-8,5.1135744979159465
-6,-8,5.479240898486843
-6,-8,6.183867872484054
-6,-8,7.735640018483306
-6,-8,6.788104290702345
-6,-8,2.297373906660001
-6,-8,5.16782759238591
-6,-8,7.495000244727262
-6,-8,7.0432556782663145
-6,-8,7.043687434402477
-6,-8,4.503607334552466
-6,-8,6.373692897711819
-6,-8,1.6500000000000001
-6,-8,6.972955555236901
-6,-8,6.70449931129843
-6,-8,7.3906465771183
-6,-8,4.21865369160926
-6,-8,5.744124080470552
-6,-8,12.918369475096572
-6,-8,6.900691385237019
-6,-8,5.406266167553605
-6,-8,5.582605420087763
-6,-8,8.417783577877358
-6,-8,5.078739640569128
-6,-8,5.153921267596806
-5,-8,7.932923564927654
-5,-8,8.088332750957436
-5,-8,1.6500000000000001
-5,-8,12.069915227725641
-5,-8,10.183865743777599
-5,-8,4.326676565466498
-5,-8,6.553763627017094
-5,-8,12.407023804168038
-5,-8,15.943977236308635
-5,-8,4.8698369938047605
-5,-8,2.3180539296930984
-5,-8,10.836771876621043
-5,-8,10.11765311106591
-5,-8,10.483660297790705
-5,-8,2.5234585816845265
-5,-8,1.6500000000000001
-5,-8,4.794533208071893
-5,-8,2.0012625680611884
-5,-8,7.577084862194843
-5,-8,6.7818968227996415
-5,-8,2.921018913286191
-5,-8,6.697161874092319
-5,-8,6.663332184695352
-5,-8,7.25847039390294
-5,-8,5.1386636278139015
-5,-8,6.936851691482315
-5,-8,8.048788134945017
-5,-8,9.844722837313963
-5,-8,2.3821499255311114
-5,-8,1.6500000000000001
-5,-8,3.3001463143768888
-5,-8,2.4872279851452714
-5,-8,7.011315037652201
-5,-8,7.904473483216089
-5,-8,2.068404353491116
-5,-8,7.838226416063716
-5,-8,6.15877143477265
-5,-8,8.71218254650205
-5,-8,1.7487112032469319
-5,-8,16.564873686403697
-5,-8,18.795957528174885
-5,-8,4.025253070970871
-5,-8,6.232604443336274
-5,-8,2.544180730463877
-5,-8,10.715090063310884
-5,-8,11.092364351654005
-5,-8,2.4005655651489253
-5,-8,1.6500000000000001
-5,-8,3.080770857283185
-5,-8,7.995759193880122
-5,-8,3.589695399924706
-5,-8,10.084823219899686
-5,-8,6.0577114804846435
-5,-8,8.610741752713661
-5,-8,6.490946047023616
-5,-8,1.827384612250098
-5,-8,6.829456398913792
-5,-8,7.453583130376552
-5,-8,4.978105718340562
-5,-8,6.321369417960923
-5,-8,4.1784827737320445
-5,-9,6.174733298040775
-5,-9,4.871678913818352
-5,-9,2.6086534822565155
-5,-9,5.212074671574793
-5,-9,7.1334459218973
-5,-9,6.0920219013739745
-5,-9,2.0887446563384717
-5,-9,4.5442237387845665
-5,-9,7.07253005305218
-5,-9,4.407494057709641
-5,-9,3.48220276137273
-5,-9,5.064837302931726
-5,-9,6.749311121782389
-5,-9,10.3407346219917
-5,-9,5.214703543680354
-5,-9,8.206077596587319
-5,-9,2.8102089449555687
-5,-9,3.0429723403814033
-5,-9,1.9330508753135214
-5,-9,8.57627712569479
-5,-9,10.995064188134059
-5,-9,4.192243319664096
-5,-9,9.278021808825212
-5,-9,3.7662855212822635
-5,-9,3.794333539379614
-5,-9,3.1562997780433784
-5,-9,4.844331198407134
-5,-9,5.427506350982529
-5,-9,5.790098358033615
-5,-9,7.052484295307123
-5,-9,6.046061121588241
-5,-9,7.520679755103075
-5,-9,7.013460173080996
-5,-9,7.1570181532391315
-5,-9,4.4000481929380175
-5,-9,2.576321731231271
-5,-9,6.327539658419128
-5,-9,4.614291805537969
-5,-9,1.6500000000000001
-5,-9,15.65191355065027
-5,-9,4.481589959265638
-5,-9,12.275241301598744
-5,-9,1.6500000000000001
-5,-9,1.6500000000000001
-5,-9,5.139282159913068
-5,-9,4.883245786389791
-5,-9,5.980667719743492
-5,-9,6.6217145275236575
-5,-9,6.691508457145412
-5,-9,15.251880539466239
-5,-9,1.6500000000000001
-5,-9,6.6615817588158475
-5,-9,5.373136584202664
-5,-9,6.659460310852296
-5,-9,3.851218192762718
-5,-9,5.148266684040838
-5,-9,6.994704767116854
-5,-9,9.32192940626935
-5,-9,9.164487947638406
-5,-9,1.901714303536675
-6,-9,9.67211860061375
-6,-9,6.031599004156103
-6,-9,1.6500000000000001
-6,-9,5.2269419373565595
-6,-9,2.4572044882316924
-6,-9,9.079811016045065
-6,-9,4.806737889568455
-6,-9,8.421625754488613
-6,-9,1.6500000000000001
-6,-9,6.994625975724541
-6,-9,9.30108812055212
-6,-9,3.3163774969404916
-6,-9,1.6500000000000001
-6,-9,9.305679310241755
-6,-9,8.21127977523565
-6,-9,10.167329509236021
-6,-9,6.4755639448819755
-6,-9,4.483529723845761
-6,-9,11.07950207448743
-6,-9,1.6500000000000001
-6,-9,10.25830735923728
-6,-9,6.30583994408742
-6,-9,4.596708932852008
-6,-9,4.962364966565778
-6,-9,5.039949123654734
-6,-9,1.6500000000000001
-6,-9,7.385781563904398
-6,-9,6.447950609191558
-6,-9,9.089019667789639
-6,-9,7.365604192304875
-6,-9,6.815739112310942
-6,-9,7.277647156709035
-6,-9,4.206107348025041
-6,-9,7.609267997919293
-6,-9,5.4141195099873745
-6,-9,6.2757636422198715
-6,-9,7.422658874301215
-6,-9,1.6500000000000001
-6,-9,1.6500000000000001
-6,-9,2.3806987602154863
-6,-9,5.765023709388555
-6,-9,9.5383861182588
-6,-9,8.275930393676218
-6,-9,6.0502413849545595
-6,-9,13.20692641614713
-6,-9,3.628431419871012
-6,-9,6.485990430653781
-6,-9,3.021870970151533
-6,-9,6.457234501058066
-6,-9,2.6454402884995503
-6,-9,6.017636426846275
-6,-9,5.0478484345705095
-6,-9,1.6500000000000001
-6,-9,5.693437271613083
-6,-9,5.661883154571085
-6,-9,3.460818481575328
-6,-9,11.161939402405956
-6,-9,1.6500000000000001
-6,-9,1.6500000000000001
-6,-9,3.8702232358874875
-6,-9,3.116556902367065
-5,-9,8.159736964425317
-5,-9,3.9126853354819735
-5,-9,5.373729749511595
-5,-9,5.5563702707431935
-5,-9,5.278212120799851
-5,-9,5.705292637163655
-5,-9,2.9119485793967956
-5,-9,4.501379057121362
-5,-9,7.320564482786665
-5,-9,4.7011127777775705
-5,-9,2.7450987623864043
-5,-9,4.740883339465774
-5,-9,8.361123114727746
-5,-9,1.6500000000000001
-5,-9,4.494147216374105
-5,-9,1.6500000000000001
-5,-9,5.821612842113741
-5,-9,6.630381632111933
-5,-9,3.568443909204783
-5,-9,8.987881968499078
-5,-9,5.1563567680676075
-5,-9,2.8691619268067603
-5,-9,4.771461640492688
-5,-9,4.172730526403393
-5,-9,6.965979344452797
-5,-9,5.299221807795797
-5,-9,6.5261228225254735
-5,-9,5.848207349230516
-5,-9,5.696949820341813
-5,-9,1.6500000000000001
-5,-9,8.387019271995532
-5,-9,3.591584930328784
-5,-9,6.532579659210891
-5,-9,3.580905461222039
-5,-9,3.5270510594026714
-5,-9,6.95442149385543
-5,-9,6.730602614378303
-5,-9,1.6500000000000001
-5,-9,1.8466434408236738
-5,-9,5.140425197737775
-5,-9,4.227875408929412
-5,-9,10.498824773647653
-5,-9,2.239390907466043
-5,-9,7.492320363780866
-5,-9,4.49897083846321
-5,-9,7.259333505390771
-5,-9,7.139522288027269
-5,-9,3.6702699437105957
-5,-9,4.89996847002325
-5,-9,4.138135877713319
-5,-9,1.6500000000000001
-5,-9,7.457457586750701
-5,-9,1.6500000000000001
-5,-9,3.3732318144139617
-5,-9,6.878436915886132
-5,-9,3.3642388223299475
-5,-9,3.545569638153311
-5,-9,8.854798808730349
-5,-9,7.304157288436411
-5,-9,11.630655054828555
-5,-9,5.592896486208669
-4,-9,3.6953336104892216
-4,-9,15.322074388926453
-4,-9,6.373276887388348
-4,-9,8.477078899535762
-4,-9,3.0454771426689153
-4,-9,5.716857200105597
-4,-9,9.61269726028061
-4,-9,4.259133147895235
-4,-9,6.464023072471576
-4,-9,2.810595132630824
-4,-9,7.76794648638071
-4,-9,3.2896282958505108
-4,-9,3.376183966548745
-4,-9,14.38099911912982
-4,-9,5.889144816692486
-4,-9,1.6500000000000001
-4,-9,6.076143909694086
-4,-9,4.317614790228727
-4,-9,6.262376174177024
-4,-9,3.764743092045599
-4,-9,5.724596374058525
-4,-9,4.6987347516046425
-4,-9,1.6500000000000001
-4,-9,8.608781474046388
-4,-9,3.865439541156649
-4,-9,8.284965972638204
-4,-9,5.266743636431961
-4,-9,10.724877042557
-4,-9,5.147491113257734
-4,-9,6.5184476341669155
-4,-9,7.920240046273849
-4,-9,14.613411052056382
-4,-9,1.6500000000000001
-4,-9,4.124906411765751
-4,-9,10.375538486573902
-4,-9,5.171583595318107
-4,-9,4.389654166730108
-4,-9,7.7632071267762495
-4,-9,6.770223568596096
-4,-9,8.982390402631168
-4,-9,14.168399353035511
-4,-9,3.4217210036839156
-4,-9,4.482756936374331
-4,-9,5.5237976226551435
-4,-9,14.826719389911117
-4,-9,5.701658444757869
-4,-9,4.8664937909129975
-4,-9,5.224553594076604
-4,-9,12.628996349350519
-4,-9,12.760872905328789
-4,-9,10.7847440152315
-4,-9,4.952725167925917
-4,-9,3.5500236272477084
-4,-9,7.943239929695416
-4,-9,4.572811674126337
-4,-9,5.945480963719275
-4,-9,11.627665597640204
-4,-9,2.33436834270134
-4,-9,2.767758285768751
-4,-9,13.709344101516699
-5,-9,1.7747826318663282
-5,-9,5.288688877057879
-5,-9,4.7399931502195125
-5,-9,3.809705368404676
-5,-9,8.03338960801709
-5,-9,5.633564261646898
-5,-9,7.2329430292866945
-5,-9,7.064814373174349
-5,-9,3.8239593010318496
-5,-9,4.8771753177291455
-5,-9,10.884515475753147
-5,-9,2.331139726027207
-5,-9,1.6500000000000001
-5,-9,8.040511838729724
-5,-9,1.6500000000000001
-5,-9,7.358179699153762
-5,-9,10.801426060804953
-5,-9,9.90741967539118
-5,-9,5.70079516895288
-5,-9,11.190307957208384
-5,-9,6.303714336159783
-5,-9,5.72551779844765
-5,-9,6.909997687292966
-5,-9,5.42031302169163
-5,-9,8.49143418755173
-5,-9,3.6848056463530305
-5,-9,2.491323510569445
-5,-9,9.32390272714754
-5,-9,4.817781744654699
-5,-9,10.873145454096166
-5,-9,8.501154064537806
-5,-9,5.146448779426188
-5,-9,2.970830016143344
-5,-9,3.826431711193841
-5,-9,9.689207703971231
-5,-9,3.529476112438126
-5,-9,3.558441437162112
-5,-9,5.357432699739361
-5,-9,3.627604723059767
-5,-9,2.446970684147551
-5,-9,4.069800704379948
-5,-9,5.6130905782659255
-5,-9,5.836035769079068
-5,-9,7.357504391637156
-5,-9,9.714261481067606
-5,-9,4.917301123849746
-5,-9,7.821642689668307
-5,-9,3.695548017618731
-5,-9,3.3838693002603835
-5,-9,5.231488037424747
-5,-9,1.6500000000000001
-5,-9,5.4757775336397625
-5,-9,5.039737031937795
-5,-9,7.07032052641883
-5,-9,6.12550281786072
-5,-9,7.203516088858992
-5,-9,4.520930923586509
-5,-9,7.036391963946372
-5,-9,1.6500000000000001
-5,-9,6.502429131192478
-5,-9,5.429341225753498
-4,-9,4.351087998149959
-4,-9,6.570424020806312
-4,-9,10.507988687199212
-4,-9,3.2989962944564537
-4,-9,1.6500000000000001
-4,-9,9.09060731100887
-4,-9,5.645471225742116
-4,-9,3.4413975119240066
-4,-9,7.268261925006337
-4,-9,2.021082570162622
-4,-9,1.6500000000000001
-4,-9,4.287852381817399
-4,-9,1.6500000000000001
-4,-9,4.762005292862254
-4,-9,11.144071337690903
-4,-9,6.437996538148425
-4,-9,5.264193648326959
-4,-9,7.077317974719977
-4,-9,3.250177418195635
-4,-9,3.6929786144821555
-4,-9,5.526466197249685
-4,-9,7.251604597131959
-4,-9,7.772263574569138
-4,-9,4.7305971753267055
-4,-9,4.3592150796704505
-4,-9,2.808680479452438
-4,-9,2.056045538438987
-4,-9,5.223702211373448
-4,-9,1.7626911996712735
-4,-9,6.204079814599748
-4,-9,5.808017135223024
-4,-9,2.3163911286065764
-4,-9,1.6500000000000001
-4,-9,7.331383462321661
-4,-9,2.9912434861627664
-4,-9,1.902959321310298
-4,-9,1.6500000000000001
-4,-9,1.6500000000000001
-4,-9,7.954390060096944
-4,-9,1.6500000000000001
-4,-9,4.168065328451807
-4,-9,3.6268288855205
-4,-9,5.624697189112926
-4,-9,3.1984709876215662
-4,-9,7.007564393868758
-4,-9,5.860534336429401
-4,-9,10.910796602496085
-4,-9,7.86578286619416
-4,-9,15.009427205386064
-4,-9,6.369934481692092
-4,-9,1.9142139054207146
-4,-9,4.690873582547581
-4,-9,1.6500000000000001
-4,-9,5.007053461174959
-4,-9,7.436454123934561
-4,-9,8.359571402440253
-4,-9,5.449522175344139
-4,-9,4.298356778775359
-4,-9,13.172476097595045
-4,-9,1.6500000000000001
-3,-9,3.451274126866934
-3,-9,1.6500000000000001
-3,-9,2.9379355265799014
-3,-9,5.7659319613664834
-3,-9,4.859805331552027
-3,-9,10.077062228219592
-3,-9,5.554232354632942
-3,-9,8.790353624305405
-3,-9,5.206196592188194
-3,-9,7.345972340578032
-3,-9,4.287294992242692
-3,-9,10.26383809046986
-3,-9,5.346294639119368
-3,-9,8.71578224752389
-3,-9,4.549827348617755
-3,-9,7.677185514080751
-3,-9,5.319216959480295
-3,-9,12.003435200310367
-3,-9,8.356364275689447
-3,-9,7.176202696661162
-3,-9,6.460349267610898
-3,-9,5.127497815198492
-3,-9,1.6500000000000001
-3,-9,5.971504918333587
-3,-9,8.100531749626052
-3,-9,4.054524731413336
-3,-9,4.651800827731239
-3,-9,2.2067802580651072
-3,-9,4.048310075823712
-3,-9,5.195323897129919
-3,-9,4.363311520941174
-3,-9,3.46036962944314
-3,-9,5.943151727526031
-3,-9,4.116766203626784
-3,-9,3.027855822159036
-3,-9,1.6500000000000001
-3,-9,4.91186148566223
-3,-9,4.27404916905475
-3,-9,7.696641953510606
-3,-9,8.971872519484027
-3,-9,9.945090693659274
-3,-9,4.146082662583998
-3,-9,5.9306720369935615
-3,-9,3.2155130536128333
-3,-9,6.923799732994851
-3,-9,5.0640540586997425
-3,-9,8.030083748429478
-3,-9,5.265442108802049
-3,-9,5.1513592050493635
-3,-9,8.879887671517096
-3,-9,8.384656091556025
-3,-9,8.40526490366246
-3,-9,5.678540724521251
-3,-9,6.7558740697867234
-3,-9,7.995039302490178
-3,-9,3.0051381833989748
-3,-9,1.6500000000000001
-3,-9,1.6500000000000001
-3,-9,10.488371090572851
-3,-9,6.725156389642008
-3,-9,4.823889964708524
-3,-10,6.991960602435554
-3,-10,5.11606948055807
-3,-10,4.172634951372983
-3,-10,11.438021021059578
-3,-10,4.927232974529083
-3,-10,6.624727967237683
-3,-10,12.571063391619427
-3,-10,2.6435488139237346
-3,-10,4.962558474560433
-3,-10,3.3588571797813014
-3,-10,16.6814108407806
-3,-10,4.809844224369831
-3,-10,3.5272980274699006
-3,-10,2.492818420664239
-3,-10,10.755594233140338
-3,-10,5.707418374462598
-3,-10,1.6500000000000001
-3,-10,3.282797978285405
-3,-10,7.2974893460756505
-3,-10,8.078469953121438
-3,-10,7.3994666216038265
-3,-10,3.346204199702906
-3,-10,1.6500000000000001
-3,-10,2.8153370265966617
-3,-10,6.86331474733393
-3,-10,2.4575785926131357
-3,-10,8.004277106503693
-3,-10,9.17585529156142
-3,-10,8.506193143081365
-3,-10,7.281453272718874
-3,-10,1.6500000000000001
-3,-10,3.8112262944198796
-3,-10,14.888033757417897
-3,-10,3.514655035115293
-3,-10,5.213500718979316
-3,-10,7.06631609627958
-3,-10,6.3918220581674765
-3,-10,5.842324127135921
-3,-10,8.061347472637527
-3,-10,6.872091186856549
-3,-10,15.897644790582106
-3,-10,5.011173684497285
-3,-10,4.474992651684463
-3,-10,4.99894074051589
-3,-10,9.80584780181618
-3,-10,1.6500000000000001
-3,-10,7.662272047020529
-3,-10,8.938236811340877
-3,-10,2.9086083615556553
-3,-10,1.6500000000000001
-3,-10,1.6500000000000001
-3,-10,7.153344027882113
-3,-10,2.1519755741369377
-3,-10,6.459202102636455
-3,-10,4.685283122425173
-3,-10,3.2055227056049276
-3,-10,6.279141230131265
-3,-10,4.227801080875681
-3,-10,2.465544629280777
-3,-10,5.758167679863167
-3,-10,2.2316943782302703
-3,-11,6.490620625007943
-3,-11,5.645351599145718
-3,-11,7.435723917073234
-3,-11,3.224497477838445
-3,-11,3.233185013509356
-3,-11,4.486371363788448
-3,-11,5.255032267123968
-3,-11,2.2268932685035714
-3,-11,6.951941224640222
-3,-11,1.6500000000000001
-3,-11,2.449720376338895
-3,-11,1.6500000000000001
-3,-11,1.6500000000000001
-3,-11,4.968601342749828
-3,-11,2.273340346613002
-3,-11,1.6500000000000001
-3,-11,4.903640950274068
-3,-11,7.853539774280163
-3,-11,5.641300010152598
-3,-11,3.6163091870071034
-3,-11,2.969389991494243
-3,-11,2.2764524683099916
-3,-11,5.104339942392537
-3,-11,6.255615706895124
-3,-11,3.8089139882441327
-3,-11,1.6500000000000001
-3,-11,4.689087737555861
-3,-11,4.497835622232624
-3,-11,14.18105755828952
-3,-11,4.103685903606891
-3,-11,1.6500000000000001
-3,-11,3.6976065164966547
-3,-11,8.174181179042876
-3,-11,5.178827534735058
-3,-11,1.6500000000000001
-3,-11,9.95766365083186
-3,-11,4.892891185153307
-3,-11,3.8208911359161837
-3,-11,9.755567632646326
-3,-11,3.9409124876493014
-3,-11,3.67347625146361
-3,-11,7.336635113097937
-3,-11,3.5550561366557556
-3,-11,1.6500000000000001
-3,-11,6.0217050847460865
-3,-11,3.935428365761254
-3,-11,5.7418532042029
-3,-11,7.243963088617544
-3,-11,6.617083331807811
-3,-11,2.6608925563181116
-3,-11,9.013310053207874
-3,-11,1.6500000000000001
-3,-11,3.849765163317632
-3,-11,1.6500000000000001
-3,-11,1.6500000000000001
-3,-11,9.0277364548773
-3,-11,2.412654891630064
-3,-11,5.474520204864649
-3,-11,3.3042885124447405
-3,-11,5.306045155129745
-2,-11,3.207761540848369
-2,-11,1.6500000000000001
-2,-11,7.522098058759068
-2,-11,2.591745171296824
-2,-11,1.768489063984937
-2,-11,6.825888081842246
-2,-11,5.395677825370658
-2,-11,5.369238601508345
-2,-11,1.6500000000000001
-2,-11,6.719051899256875
-2,-11,8.056622336692438
-2,-11,10.577370450248601
-2,-11,1.8600770749411368
-2,-11,5.790925954380077
-2,-11,5.541954386373546
-2,-11,8.371775255582463
-2,-11,1.6500000000000001
-2,-11,6.0435446773835455
-2,-11,4.7286675307707675
-2,-11,1.6500000000000001
-2,-11,3.1652006742880987
-2,-11,4.07221359707222
-2,-11,9.46328766895495
-2,-11,2.3949689702613757
-2,-11,7.644798723782156
-2,-11,7.898859585148774
-2,-11,3.3515170171123283
-2,-11,5.295401513577435
-2,-11,4.36269467321921
-2,-11,12.427972469679823
-2,-11,3.9942501623635085
-2,-11,8.056496535391886
-2,-11,6.847500487867859
-2,-11,7.583947873084132
-2,-11,4.97778647516216
-2,-11,8.314119229431029
-2,-11,4.2413688321559855
-2,-11,8.133257816211268
-2,-11,3.824223420743005
-2,-11,2.458945317205096
-2,-11,3.8228631091215775
-2,-11,7.42335411707651
-2,-11,1.6500000000000001
-2,-11,6.439195721907899
-2,-11,1.6500000000000001
-2,-11,5.129195705439776
-2,-11,10.919992737204975
-2,-11,1.6500000000000001
-2,-11,10.195488246315143
-2,-11,4.279837889199525
-2,-11,3.851232484801758
-2,-11,4.390551976067431
-2,-11,2.5846897578682584
-2,-11,10.36822843165718
-2,-11,1.6500000000000001
-2,-11,3.990526193067402
-2,-11,7.3886122653978745
-2,-11,12.279340116027901
-2,-11,3.0422825571328094
-2,-11,7.992593496186615
-2,-11,9.535500648134725
-1,-11,8.914690030989107
-1,-11,1.6500000000000001
-1,-11,4.171828947616434
-1,-11,5.099410865231112
-1,-11,1.6500000000000001
-1,-11,4.736004410338072
-1,-11,5.759114007098325
-1,-11,8.104512410575534
-1,-11,1.6500000000000001
-1,-11,6.171976348967849
-1,-11,3.1498755655628314
-1,-11,7.13250134978621
-1,-11,8.782753602014065
-1,-11,1.6500000000000001
-1,-11,5.7689520110654495
-1,-11,5.153032358249136
-1,-11,2.5055065155580456
-1,-11,1.6500000000000001
-1,-11,3.123158982903436
-1,-11,7.0656729770072335
-1,-11,1.6500000000000001
-1,-11,6.399465801027848
-1,-11,7.862164154675355
-1,-11,7.954512502802192
-1,-11,1.6500000000000001
-1,-11,5.5749169691799345
-1,-11,2.6246897669997966
-1,-11,7.586634092564127
-1,-11,4.8483661061832
-1,-11,4.508992131940016
-1,-11,9.295895213389816
-1,-11,6.528371155861919
-1,-11,3.5491338249875257
-1,-11,1.6500000000000001
-1,-11,7.59890337902048
-1,-11,5.625695625338518
-1,-11,7.194675651217121
-1,-11,2.156296320237095
-1,-11,10.409600554438207
-1,-11,5.996725496043366
-1,-11,6.0216172457416866
-1,-11,7.6197104891846195
-1,-11,2.263079667300175
-1,-11,2.794713469058232
-1,-11,6.312694069524233
-1,-11,9.606971285752111
-1,-11,3.6333390055404227
-1,-11,6.2334373222472825
-1,-11,1.6500000000000001
-1,-11,6.027162402857573
-1,-11,1.6500000000000001
-1,-11,5.552761220609666
-1,-11,4.095241179194428
-1,-11,5.3860181328269086
-1,-11,5.14268735374454
-1,-11,7.3781198951204345
-1,-11,6.240512380175763
-1,-11,6.961331753537882
-1,-11,5.008604384150153
-1,-11,4.855400840019024
0,-11,5.625052769708153
0,-11,4.874228101652425
0,-11,4.8559986962362744
0,-11,5.334631208861679
0,-11,3.560933015429027
0,-11,1.6500000000000001
0,-11,8.335787975276055
0,-11,6.35927629772516
0,-11,3.278400980542047
0,-11,10.658054213132663
0,-11,5.665107357262656
0,-11,1.6500000000000001
0,-11,1.6500000000000001
0,-11,5.578493343894337
0,-11,10.253495919535421
0,-11,2.2501049365173804
0,-11,2.045844585651734
0,-11,4.146567314317849
0,-11,1.6500000000000001
0,-11,10.467884059731261
0,-11,6.098289628004604
0,-11,5.526060350911377
0,-11,2.2840689275523287
0,-11,4.621198426123863
0,-11,5.481913963859136
0,-11,1.9911486328064476
0,-11,3.6888497238961144
0,-11,1.6500000000000001
0,-11,6.491086468951551
0,-11,3.922057633982558
0,-11,5.174635874257002
0,-11,8.212325118763227
0,-11,7.187280131404618
0,-11,3.1986822979539635
0,-11,3.805041025363357
0,-11,4.591560957277621
0,-11,2.6849341229954504
0,-11,5.638313995674672
0,-11,4.073832192006001
0,-11,4.358681992847923
0,-11,4.352438660990045
0,-11,8.320361247883934
0,-11,3.717945310074744
0,-11,11.432393843756753
0,-11,2.045221013592834
0,-11,5.961622931900487
0,-11,7.489233217052048
0,-11,1.6500000000000001
0,-11,1.6500000000000001
0,-11,1.6500000000000001
0,-11,5.504047890427914
0,-11,6.654753402470062
0,-11,2.759842805733229
0,-11,1.6500000000000001
0,-11,6.035562925009466
0,-11,5.179825468471509
0,-11,1.6792369334805874
0,-11,4.678656339959504
0,-11,7.783137986090296
0,-11,2.29724499450112
0,-11,2.0909236346075577
1,-11,4.0016682089340625
1,-11,2.5405194370370277
1,-11,6.558263227645547
1,-11,1.6500000000000001
1,-11,1.6500000000000001
1,-11,5.804054663478336
1,-11,2.9614966735290613
1,-11,4.213249363440566
1,-11,6.714858610667864
1,-11,2.8047758343795146
1,-11,11.581088701404262
1,-11,5.671191022229614
1,-11,8.022437563160782
1,-11,6.462205825343339
1,-11,6.0427958420262105
1,-11,2.690133848394674
1,-11,4.144118259881888
1,-11,9.849783103047614
1,-11,8.835353722042118
1,-11,4.960553445558567
1,-11,3.1427994401562205
1,-11,3.2402286401596547
1,-11,3.1544997966667143
1,-11,5.671621958038504
1,-11,4.174906968326797
1,-11,5.571859891787327
1,-11,7.7120821942277
1,-11,3.9401872403680684
1,-11,1.6500000000000001
1,-11,4.38256366357916
1,-11,8.376529493881941
1,-11,1.7748006979254733
1,-11,9.952737642796532
1,-11,2.038420277029301
1,-11,5.055826313489942
1,-11,7.198774655187766
1,-11,1.6500000000000001
1,-11,4.345328109700861
1,-11,6.309274498137478
1,-11,6.204351293331164
1,-11,11.226569870648891
1,-11,6.063954509338489
1,-11,1.6500000000000001
1,-11,2.9876006916408366
1,-11,1.6500000000000001
1,-11,4.188438116478642
1,-11,3.405782380959942
1,-11,5.844002264546506
1,-11,4.49743592238455
1,-11,11.08575503887075
1,-11,10.330219878021273
1,-11,2.3580983248979512
1,-11,6.882114248515403
1,-11,10.942197791871049
1,-11,11.186419191815888
1,-11,5.63514129947248
1,-11,5.843926034190037
1,-11,3.7043879101075854
1,-11,12.226783045103549
1,-11,3.6005684726840173
1,-11,1.6500000000000001
0,-11,1.6500000000000001
0,-11,1.6500000000000001
0,-11,1.6500000000000001
0,-11,2.769739451318181
0,-11,3.394781635590798
0,-11,1.6500000000000001
0,-11,2.457796797376408
0,-11,4.141947835896889
0,-11,1.6500000000000001
0,-11,7.800869912733921
0,-11,4.435715787984616
0,-11,7.561169062693703
0,-11,10.564279541350004
0,-11,1.6500000000000001
0,-11,6.520048773226588
0,-11,4.100868756474598
0,-11,1.6500000000000001
0,-11,4.363726819835513
0,-11,1.6500000000000001
0,-11,9.765982493456459
0,-11,13.47252688150496
0,-11,3.4444086471339395
0,-11,2.6839064111754087
0,-11,8.014873904711205
0,-11,1.6500000000000001
0,-11,7.264979565002317
0,-11,4.314708891908234
0,-11,2.291279182634463
0,-11,7.833275841845414
0,-11,7.119502447842034
0,-11,1.6500000000000001
0,-11,2.3102277349020035
0,-11,4.526116806717946
0,-11,7.176181626778919
0,-11,5.641030772716607
0,-11,2.229904709878106
0,-11,1.6500000000000001
0,-11,6.80964640493263
0,-11,4.6349357502271324
0,-11,2.4400600605500866
0,-11,6.969603588839494
0,-11,4.952774216444047
0,-11,5.6738120056717065
0,-11,1.6500000000000001
0,-11,10.546162369952748
0,-11,9.211507375241197
0,-11,7.911084812517529
0,-11,5.454909691356393
0,-11,4.373856423687388
0,-11,3.2811974433212496
0,-11,2.5744835900854084
0,-11,3.464319763453699
0,-11,4.682931367740231
0,-11,6.176530754473941
0,-11,4.108188010693226
0,-11,5.638915510168729
0,-11,5.342737500769532
0,-11,5.029392745997252
0,-11,4.230809605803987
0,-11,1.9375961638510106
1,-11,5.997729687118807
1,-11,5.63969874939021
1,-11,3.006607560652487
1,-11,2.5925419535279017
1,-11,2.193059676074215
1,-11,6.801037745257724
1,-11,1.6500000000000001
1,-11,8.748928194791823
1,-11,3.8226076118026224
1,-11,8.469803934341465
1,-11,1.6500000000000001
1,-11,3.9522073938130555
1,-11,5.619477977620997
1,-11,6.319175186786192
1,-11,1.6500000000000001
1,-11,8.48132397008953
1,-11,15.18870545126752
1,-11,4.531741282681837
1,-11,4.926116384157604
1,-11,1.8953449458517797
1,-11,5.73782150498077
1,-11,1.6500000000000001
1,-11,9.688706034473746
1,-11,8.818114957856453
1,-11,4.433437505735377
1,-11,1.6500000000000001
1,-11,4.250892016827648
1,-11,7.364355274771935
1,-11,2.484638935126227
1,-11,4.913767521103924
1,-11,2.906230925435924
1,-11,7.009080835023435
1,-11,2.9148870706155243
1,-11,3.9179504263043956
1,-11,3.8108421730408546
1,-11,4.4568531478678715
1,-11,4.787821859934341
1,-11,2.3079960682283707
1,-11,2.58458247468082
1,-11,4.7804863423628134
1,-11,5.1847560457696975
1,-11,1.8507549712997342
1,-11,1.6500000000000001
1,-11,4.203249358461155
1,-11,2.182581248056342
1,-11,1.6500000000000001
1,-11,1.6500000000000001
1,-11,5.701992775343967
1,-11,8.131118452949508
1,-11,2.6159559987779253
1,-11,9.404950758026576
1,-11,10.151530140563267
1,-11,3.395634545225526
1,-11,1.6500000000000001
1,-11,8.218385662963769
1,-11,4.893829243074745
1,-11,1.7781978690945266
1,-11,1.6500000000000001
1,-11,7.0218506951750665
1,-11,5.240602617498726
1,-11,1.6500000000000001
1,-12,14.321783800972936
1,-12,2.691015551587361
1,-12,1.6500000000000001
1,-12,6.2442612618542155
1,-12,11.049392427449582
1,-12,8.796648396229706
1,-12,2.9509445859789163
1,-12,1.6500000000000001
1,-12,1.6500000000000001
1,-12,1.6500000000000001
1,-12,2.4063729582704436
1,-12,5.838172559711086
1,-12,2.8512980839355646
1,-12,6.405355540047133
1,-12,5.166725905790077
1,-12,4.433327697837922
1,-12,9.144158902602246
1,-12,3.752640876670012
1,-12,2.200207964419248
1,-12,3.7268281540225283
1,-12,2.539503048912663
1,-12,3.1952447289581687
1,-12,9.163977680260228
1,-12,5.710897499999028
1,-12,2.6037370396969335
1,-12,10.77704517059109
1,-12,6.0388634661093805
1,-12,6.715105912597444
1,-12,3.6932190422025575
1,-12,5.088633865370633
1,-12,1.9451047734596956
1,-12,1.6500000000000001
1,-12,3.676613203424268
1,-12,7.510474823721162
1,-12,2.0313501722999727
1,-12,2.848226119624557
1,-12,6.97133885753431
1,-12,4.739996614416497
1,-12,4.445503770802729
1,-12,7.0560440357698315
1,-12,6.388998953152075
1,-12,4.30374550646061
1,-12,3.5346211875833764
1,-12,7.212133423442787
1,-12,1.6500000000000001
1,-12,7.371380175527102
1,-12,1.6500000000000001
1,-12,3.5611015484284563
1,-12,3.8881459359181774
1,-12,1.6500000000000001
1,-12,4.255139903770077
1,-12,7.261815000675962
1,-12,4.02604900857177
1,-12,2.4906485395166906
1,-12,1.6500000000000001
1,-12,1.6500000000000001
1,-12,1.6500000000000001
1,-12,1.6500000000000001
1,-12,7.865237622563466
1,-12,1.6500000000000001
0,-12,5.741778267134712
0,-12,2.6703301964069617
0,-12,11.374115111519233
0,-12,1.6500000000000001
0,-12,1.6500000000000001
0,-12,1.6500000000000001
0,-12,10.8733833795531
0,-12,6.710396640888135
0,-12,3.253123515553418
0,-12,4.540775937852057
0,-12,6.502464978225081
0,-12,11.273158423836898
0,-12,3.0020732626269826
0,-12,3.2020847360826803
0,-12,7.562138303092235
0,-12,1.6500000000000001
0,-12,5.359554983564013
0,-12,6.292978031896897
0,-12,8.725060147899887
0,-12,1.6500000000000001
0,-12,1.6500000000000001
0,-12,1.6500000000000001
0,-12,7.8147477985926965
0,-12,1.6500000000000001
0,-12,2.7742997868721107
0,-12,6.340175866093487
0,-12,6.145311690310358
0,-12,4.4809821245515
0,-12,5.746253334333498
0,-12,1.6500000000000001
0,-12,9.715955779092901
0,-12,1.6500000000000001
0,-12,10.67991345770335
0,-12,3.411693873772398
0,-12,1.6500000000000001
0,-12,5.535417329850693
0,-12,1.8269457122255872
0,-12,4.506584097565542
0,-12,5.750291283992639
0,-12,3.678677767514077
0,-12,3.1571837163624523
0,-12,4.2294879442416775
0,-12,3.226225939660471
0,-12,4.742424680581083
0,-12,1.6500000000000001
0,-12,2.7416849849017213
0,-12,12.94845634950796
0,-12,4.666953211680985
0,-12,5.005264032705163
0,-12,6.303990968236023
0,-12,3.07253446781452
0,-12,8.227375839104639
0,-12,5.144788849707082
0,-12,5.1875502986230755
0,-12,5.012434446973987
0,-12,7.372955311832039
0,-12,2.8253615456534638
0,-12,2.2086801881947857
0,-12,1.6500000000000001
0,-12,2.4230710589101916
0,-12,5.170750255343276
-1,-12,6.064910598159603
-1,-12,1.6500000000000001
-1,-12,6.472381625439428
-1,-12,6.054350305447049
-1,-12,2.9940763640686687
-1,-12,3.1904639608049195
-1,-12,2.5539722929405277
-1,-12,4.633317749066085
-1,-12,7.462734674676579
-1,-12,5.5725223985373
-1,-12,9.65148914185263
-1,-12,4.672298693305252
-1,-12,4.907192610608357
-1,-12,6.616135653702118
-1,-12,1.6500000000000001
-1,-12,1.6500000000000001
-1,-12,11.640066378663711
-1,-12,4.739435297399422
-1,-12,3.328254436827739
-1,-12,4.739131988757852
-1,-12,7.424889614382341
-1,-12,6.023584263734791
-1,-12,1.6500000000000001
-1,-12,3.782871321445387
-1,-12,6.8754449724970605
-1,-12,10.966266921371169
-1,-12,1.6500000000000001
-1,-12,8.579928864782763
-1,-12,3.9674037080051545
-1,-12,4.111364496928043
-1,-12,11.251171833774658
-1,-12,4.984156794793307
-1,-12,4.428266246726377
-1,-12,3.9041364328625723
-1,-12,6.381884756564526
-1,-12,2.818165040866285
-1,-12,3.6491462344517993
-1,-12,1.6500000000000001
-1,-12,1.6500000000000001
-1,-12,6.487354879504272
-1,-12,7.361156373872901
-1,-12,1.6500000000000001
-1,-12,5.170877965935752
-1,-12,5.967513490932323
-1,-12,6.486525421503872
-1,-12,2.6487313757240445
-1,-12,1.888393136510624
-1,-12,6.5750090531341066
-1,-12,5.414374616108211
-1,-12,1.6500000000000001
-1,-12,3.342288821556847
-1,-12,3.0475090038682167
-1,-12,2.012646234931852
-1,-12,1.6500000000000001
-1,-12,4.9649726192022205
-1,-12,2.9727205459711175
-1,-12,4.739998136943084
-1,-12,1.6500000000000001
-1,-12,2.028674874511207
-1,-12,5.386111835713225
-1,-12,1.6500000000000001
0,-12,9.180920471330676
0,-12,13.151974619862727
0,-12,3.2058500315280565
0,-12,4.392109999886772
0,-12,1.9247065996550992
0,-12,4.005238437213102
0,-12,6.635060584032792
0,-12,8.189781126950207
0,-12,4.840335847951509
0,-12,7.776271674598883
0,-12,4.106580213926236
0,-12,1.6500000000000001
0,-12,1.6500000000000001
0,-12,1.6500000000000001
0,-12,6.226185476408597
0,-12,1.8977748803510255
0,-12,5.209433464521615
0,-12,2.246118452124146
0,-12,3.87728266374316
0,-12,8.702570312310774
0,-12,7.814275686596824
0,-12,4.131832016207693
0,-12,1.6500000000000001
0,-12,4.599136502430204
0,-12,1.711667436893055
0,-12,3.10306906397732
0,-12,6.006653746219576
0,-12,3.9460344245302994
0,-12,6.581549146147648
0,-12,1.6500000000000001
0,-12,8.236658644083997
0,-12,1.6500000000000001
0,-12,2.2000547494739457
0,-12,4.497042023264136
0,-12,3.978747526399646
0,-12,8.785017605147502
0,-12,8.224163613516907
0,-12,2.3816297937425346
0,-12,10.09819192350675
0,-12,7.127133716908762
0,-12,9.750747291489974
0,-12,3.2550018708235977
0,-12,4.418917044221917
0,-12,6.8243527004941384
0,-12,2.5442773785979647
0,-12,11.502979759408296
0,-12,5.956186850550712
0,-12,8.654607623136066
0,-12,2.7639455684558767
0,-12,4.6954019451284825
0,-12,2.014451454978373
0,-12,1.6500000000000001
0,-12,2.2932257066316475
0,-12,1.6500000000000001
0,-12,5.084190796296992
0,-12,4.087457146993176
0,-12,6.722626867926879
0,-12,4.7329110775523695
0,-12,2.763880100727666
0,-12,2.063032294411593
0,-13,8.348447606069174
0,-13,2.5496110726921133
0,-13,4.317238542771917
0,-13,4.130930697907475
0,-13,5.013040048851783
0,-13,5.853703676074355
0,-13,10.591450679598292
0,-13,3.051513288239314
0,-13,1.6500000000000001
0,-13,1.6500000000000001
0,-13,3.383560700147098
0,-13,1.6500000000000001
0,-13,6.146859521465603
0,-13,3.903667136652201
0,-13,1.6500000000000001
0,-13,1.6500000000000001
0,-13,1.6500000000000001
0,-13,4.892949881837053
0,-13,4.658664749557543
0,-13,9.462706785567732
0,-13,1.6500000000000001
0,-13,6.767525788592792
0,-13,6.06817498103295
0,-13,7.747199176269442
0,-13,12.063749605999657
0,-13,3.6954108046190295
0,-13,8.01535788036493
0,-13,5.964077868909724
0,-13,3.143136588541232
0,-13,5.33637258820671
0,-13,3.237304492741637
0,-13,10.992017818295402
0,-13,4.081292120435979
0,-13,1.6500000000000001
0,-13,5.60612866877902
0,-13,5.605188577659152
0,-13,1.6500000000000001
0,-13,10.48998838842563
0,-13,11.722575599394716
0,-13,1.6500000000000001
0,-13,3.8019534457316477
0,-13,3.8370235333208607
0,-13,3.0982240689013856
0,-13,7.958314752757733
0,-13,4.557472904048143
0,-13,2.4037364551774383
0,-13,4.832896524292001
0,-13,3.7378081846972435
0,-13,8.46063438715758
0,-13,2.8901336963839404
0,-13,1.6500000000000001
0,-13,4.090463253198012
0,-13,3.2201462576892714
0,-13,10.983002667533
0,-13,3.939563522167741
0,-13,1.6500000000000001
0,-13,1.8547466880509997
0,-13,4.441429649758402
0,-13,3.3544663963159653
0,-13,1.6500000000000001
0,-13,1.6500000000000001
1,-13,2.7020169500905373
1,-13,1.7836968380914395
1,-13,4.483442932388642
1,-13,4.4813684165554335
1,-13,8.556873334572884
1,-13,3.302386504320938
1,-13,1.6500000000000001
1,-13,4.843856323953318
1,-13,1.9988316241882433
1,-13,6.564248927317878
1,-13,1.6500000000000001
1,-13,3.2964899849514717
1,-13,2.636300940973503
1,-13,1.6500000000000001
1,-13,9.833865388250436
1,-13,7.49205019088168
1,-13,1.6500000000000001
1,-13,1.6500000000000001
1,-13,1.6500000000000001
1,-13,6.166018928312589
1,-13,2.152465527703165
1,-13,1.6500000000000001
1,-13,1.6500000000000001
1,-13,1.6500000000000001
1,-13,3.7514121309280446
1,-13,4.460833963082517
1,-13,3.0509902481335964
1,-13,3.4604914031239544
1,-13,3.0452212646627626
1,-13,2.913150541867945
1,-13,3.3482962281610544
1,-13,2.5885010715197265
1,-13,2.87618961922089
1,-13,3.174219837325439
1,-13,3.872332926447851
1,-13,5.752958231851138
1,-13,4.115032218339022
1,-13,1.6500000000000001
1,-13,1.6500000000000001
1,-13,7.8740545163891165
1,-13,12.214832608699137
1,-13,1.6500000000000001
1,-13,8.783167253602635
1,-13,4.438395119450393
1,-13,6.532628930004008
1,-13,1.6500000000000001
1,-13,4.203313910374438
1,-13,9.04054995535403
1,-13,3.2648129118772946
1,-13,1.6500000000000001
1,-13,1.6500000000000001
1,-13,3.6499254221813278
1,-13,4.503889964604654
1,-13,2.7920476518480135
1,-13,8.352904344221784
1,-13,3.973699038077281
1,-13,1.6535318096480287
1,-13,1.661773962102342
1,-13,10.716745490792647
1,-13,3.660337983353328
1,-13,2.217641660956403
2,-13,1.6500000000000001
2,-13,1.6500000000000001
2,-13,4.560750967427211
2,-13,2.552008285778254
2,-13,3.196626011467549
2,-13,5.328580070149339
2,-13,5.100183557290196
2,-13,3.1634039261343077
2,-13,1.6500000000000001
2,-13,1.6500000000000001
2,-13,1.6500000000000001
2,-13,9.110566415746119
2,-13,3.3821707171628663
2,-13,8.929890970035885
2,-13,1.6500000000000001
2,-13,4.232710677738883
2,-13,3.4566837562186574
2,-13,1.6620339257548777
2,-13,6.4770045724017535
2,-13,11.129202003715186
2,-13,1.6500000000000001
2,-13,3.285639557274255
2,-13,1.6500000000000001
2,-13,5.930814078633983
2,-13,8.92107069850849
2,-13,1.6500000000000001
2,-13,8.851411372115626
2,-13,1.6500000000000001
2,-13,4.804400516818724
2,-13,3.281043642228399
2,-13,8.032634461158423
2,-13,2.8136315865895174
2,-13,6.437663395084378
2,-13,2.598249596357273
2,-13,4.710018187348041
2,-13,2.279097277539509
2,-13,6.422974159843104
2,-13,9.066406506154017
2,-13,6.004037192723327
2,-13,1.6500000000000001
2,-13,10.583398316282388
2,-13,1.675994789426135
2,-13,5.159798208788773
2,-13,7.368660876576831
2,-13,10.101224210702965
2,-13,2.3697005764840515
2,-13,1.6500000000000001
2,-13,5.927150650204542
2,-13,11.545436702074385
2,-13,6.793173054863633
2,-13,2.4424092522873417
2,-13,8.000282075420419
2,-13,7.873624761804097
2,-13,9.502504699912834
2,-13,3.0703371778123336
2,-13,5.784557884375044
2,-13,6.458783802574259
2,-13,4.101178998946172
2,-13,2.9090837582614495
2,-13,2.6436377434983167
2,-14,10.540533622884436
2,-14,7.184526446191784
2,-14,1.6500000000000001
2,-14,4.513069573877642
2,-14,3.39554828496971
2,-14,1.6500000000000001
2,-14,5.310278227705291
2,-14,1.6500000000000001
2,-14,2.847008066953425
2,-14,2.291501771553288
2,-14,4.439922680032121
2,-14,1.6500000000000001
2,-14,5.15040340820062
2,-14,2.467623268525495
2,-14,4.465714643787971
2,-14,5.623709660554836
2,-14,5.2582686794254005
2,-14,5.096516966449266
2,-14,3.464626236275579
2,-14,1.6500000000000001
2,-14,2.837412219690246
2,-14,1.6500000000000001
2,-14,11.323313836654883
2,-14,1.6500000000000001
2,-14,2.4010323901062085
2,-14,4.353333017822661
2,-14,5.345018244364746
2,-14,8.856790409844761
2,-14,2.6438051939623333
2,-14,3.4790000565928993
2,-14,1.672503457553675
2,-14,2.1052406442988465
2,-14,1.6500000000000001
2,-14,8.83777829895921
2,-14,4.582581668527513
2,-14,9.573405915748644
2,-14,7.064287789853889
2,-14,6.659810322532024
2,-14,2.3695462919677976
2,-14,8.586239121866992
2,-14,7.250048155747541
2,-14,1.8841552817159284
2,-14,1.6500000000000001
2,-14,1.6500000000000001
2,-14,1.9801900185862453
2,-14,4.099769007741081
2,-14,1.6500000000000001
2,-14,1.6500000000000001
2,-14,1.6500000000000001
2,-14,8.680930860247908
2,-14,4.231867967591738
2,-14,7.310925051067633
2,-14,1.9660142683376898
2,-14,5.539307021051229
2,-14,7.832656365582738
2,-14,5.0189203242658165
2,-14,6.027268262546613
2,-14,1.6500000000000001
2,-14,5.929822357156853
2,-14,7.920532362478935
2,-14,4.137036723600575
3,-14,2.918092705483518
3,-14,2.1645130817326557
3,-14,1.6500000000000001
3,-14,3.9920282660730217
3,-14,9.437724036037498
3,-14,1.6500000000000001
3,-14,2.3104089220609216
3,-14,8.823526167213608
3,-14,1.6500000000000001
3,-14,7.9616123631660995
3,-14,6.422360825916316
3,-14,4.004738522620381
3,-14,7.393235639628583
3,-14,4.015708434634628
3,-14,1.6500000000000001
3,-14,1.6500000000000001
3,-14,4.87585476128046
3,-14,3.441712692815391
3,-14,3.146762412500605
3,-14,6.080162716738437
3,-14,6.452099422278131
3,-14,6.1839594201981365
3,-14,9.452394084731946
3,-14,5.254492429732364
3,-14,1.6500000000000001
3,-14,4.977758571265737
3,-14,9.668658334336527
3,-14,5.4855012081315895
3,-14,3.802531251583929
3,-14,5.082080089650946
3,-14,4.79860733482761
3,-14,8.075289555644465
3,-14,6.275008734198885
3,-14,1.6500000000000001
3,-14,2.017906907726081
3,-14,1.6500000000000001
3,-14,5.337488404248116
3,-14,4.408981800431758
3,-14,3.5663751275327784
3,-14,3.7817279985968
3,-14,1.6500000000000001
3,-14,3.7005291990451994
3,-14,4.602596164374217
3,-14,6.55351334668665
3,-14,4.65113105280194
3,-14,2.229822294367965
3,-14,2.7264669115843496
3,-14,2.2562698699037584
3,-14,2.8487006810000803
3,-14,4.618687145572912
3,-14,6.817186846134792
3,-14,1.6500000000000001
3,-14,4.972485720569927
3,-14,6.782152859981942
3,-14,4.902997528452345
3,-14,1.6500000000000001
3,-14,11.002509109111418
3,-14,6.683911763281347
3,-14,2.892825068115712
3,-14,6.275159526889505
4,-14,3.6620251554739225
4,-14,4.062760835194027
4,-14,5.589247626953554
4,-14,2.4001411012049094
4,-14,2.6403673137833814
4,-14,4.347096012637081
4,-14,7.040782743616831
4,-14,4.146537114800923
4,-14,1.6500000000000001
4,-14,3.4581109532080885
4,-14,1.6500000000000001
4,-14,1.6500000000000001
4,-14,3.9724988661708434
4,-14,1.6500000000000001
4,-14,1.6500000000000001
4,-14,5.182235771830893
4,-14,7.505350501003277
4,-14,2.6499886158228403
4,-14,1.7793840251027015
4,-14,2.7777991311129266
4,-14,4.483807347349815
4,-14,1.6500000000000001
4,-14,6.219469521074929
4,-14,5.77072452148437
4,-14,5.416571596119407
4,-14,6.220022315475896
4,-14,7.383372171834959
4,-14,3.1160127927537333
4,-14,2.6173934450561136
4,-14,7.324962502452168
4,-14,2.071047513546555
4,-14,4.083501031845332
4,-14,7.3652567449081285
4,-14,1.6500000000000001
4,-14,1.6500000000000001
4,-14,4.050360790766399
4,-14,13.22138019034683
4,-14,3.1992241260862957
4,-14,5.080070603042668
4,-14,8.12957417451668
4,-14,1.6500000000000001
4,-14,4.217143530380305
4,-14,4.078573453612884
4,-14,1.6500000000000001
4,-14,5.074238478723459
4,-14,1.6500000000000001
4,-14,3.3049457160123934
4,-14,13.806615399627658
4,-14,3.5207376951995992
4,-14,2.5258874086057705
4,-14,1.6500000000000001
4,-14,1.6500000000000001
4,-14,5.6486665331221895
4,-14,1.6500000000000001
4,-14,1.9085638730316048
4,-14,3.9313102336839356
4,-14,6.261326670491174
4,-14,4.71146901115132
4,-14,1.6500000000000001
4,-14,2.344124949487405
4,-14,1.6500000000000001
5,-14,1.6500000000000001
5,-14,2.351938590231319
5,-14,1.6500000000000001
5,-14,1.6500000000000001
5,-14,4.817795370572951
5,-14,3.3515206076546358
5,-14,1.6500000000000001
5,-14,2.97704818384227
5,-14,1.6500000000000001
5,-14,1.6500000000000001
5,-14,1.6500000000000001
5,-14,1.6500000000000001
5,-14,6.557374145337192
5,-14,1.6500000000000001
5,-14,6.329668402253043
5,-14,8.301806975373236
5,-14,5.19477668875629
5,-14,8.613596973854683
5,-14,2.1694638373572364
5,-14,6.687070442548574
5,-14,1.6500000000000001
5,-14,7.186917671537022
5,-14,7.926103087181419
5,-14,3.327119254888104
5,-14,5.111732170441358
5,-14,7.551157576830783
5,-14,4.840331208106427
5,-14,1.8285418841644252
5,-14,7.9871784475948155
5,-14,1.6500000000000001
5,-14,3.276274645524143
5,-14,3.1777410924185423
5,-14,1.6500000000000001
5,-14,4.418610938064646
5,-14,8.27067001389092
5,-14,7.3421427598137985
5,-14,1.6500000000000001
5,-14,1.721532587442806
5,-14,4.136872151558056
5,-14,1.6500000000000001
5,-14,3.2422982403034446
5,-14,1.6500000000000001
5,-14,1.6500000000000001
5,-14,7.180185918794951
5,-14,4.688288178721539
5,-14,4.690085603455705
5,-14,1.787742581783795
5,-14,4.765767860671507
5,-14,3.678937653959314
5,-14,1.6500000000000001
5,-14,3.238019450299494
5,-14,7.121324600657431
5,-14,1.690178720231108
5,-14,11.71666879780004
5,-14,1.6500000000000001
5,-14,1.7622526388898443
5,-14,1.6500000000000001
5,-14,4.568261493286314
5,-14,10.853742070123086
5,-14,1.6500000000000001
5,-14,5.256827757677135
6,-14,2.124419457484883
6,-14,1.6500000000000001
6,-14,2.878492575287684
6,-14,1.6500000000000001
6,-14,1.6500000000000001
6,-14,1.6500000000000001
6,-14,6.239638494758613
6,-14,2.5802907525883314
6,-14,9.045466748337986
6,-14,2.0389942865279775
6,-14,1.6500000000000001
6,-14,5.306959016081864
6,-14,4.252422207667959
6,-14,3.2926543302939764
6,-14,1.6500000000000001
6,-14,1.6500000000000001
6,-14,7.430527640076649
6,-14,1.7508440435149624
6,-14,1.6500000000000001
6,-14,1.6500000000000001
6,-14,1.6500000000000001
6,-14,3.7273449078399947
6,-14,1.6500000000000001
6,-14,1.6500000000000001
6,-14,7.55544169627838
6,-14,4.195353604429988
6,-14,1.6500000000000001
6,-14,2.2823351029712873
6,-14,5.269616086608206
6,-14,5.3000960116827995
6,-14,1.6500000000000001
6,-14,7.337461106194055
6,-14,3.8670275539804955
6,-14,1.6500000000000001
6,-14,2.9279297261349013
6,-14,6.307073703675537
6,-14,2.696409774899904
6,-14,1.6500000000000001
6,-14,2.210365926752702
6,-14,3.66547263346976
6,-14,4.65111837309554
6,-14,1.6500000000000001
6,-14,2.1449929519493205
6,-14,1.6500000000000001
6,-14,4.864488256136684
6,-14,5.667877142327759
6,-14,3.708048785682616
6,-14,2.537017792841455
6,-14,3.0328012164117775
6,-14,3.1063295664017003
6,-14,1.6500000000000001
6,-14,1.6500000000000001
6,-14,5.061560765531635
6,-14,5.625721086235467
6,-14,1.6500000000000001
6,-14,12.017767776428972
6,-14,1.6500000000000001
6,-14,2.857826999047693
6,-14,5.147558319777808
6,-14,1.6500000000000001
6,-15,3.0365722859868423
6,-15,1.9788252362459162
6,-15,2.3764373074473766
6,-15,5.18358834974244
6,-15,1.6500000000000001
6,-15,5.147689115040182
6,-15,1.6500000000000001
6,-15,1.6500000000000001
6,-15,4.505683885641274
6,-15,4.9595754130585625
6,-15,4.866246206036675
6,-15,3.898935521920966
6,-15,2.2145506022533827
6,-15,4.087697351497456
6,-15,1.6500000000000001
6,-15,1.6500000000000001
6,-15,1.6500000000000001
6,-15,6.185764097936575
6,-15,1.8962234051468232
6,-15,8.476222105289235
6,-15,3.439177652119149
6,-15,6.145026245521613
6,-15,5.813056808138611
6,-15,8.430132962307034
6,-15,1.6682751986248536
6,-15,2.600306080256762
6,-15,1.6500000000000001
6,-15,3.1031859968166087
6,-15,2.854016675765526
6,-15,1.6500000000000001
6,-15,1.6500000000000001
6,-15,1.6500000000000001
6,-15,2.712249967218874
6,-15,4.948321356256969
6,-15,3.2368803149919017
6,-15,6.266804815115467
6,-15,4.640748102632234
6,-15,3.639405978288246
6,-15,4.8001758269708485
6,-15,1.6500000000000001
6,-15,4.3170187418156605
6,-15,4.659052405488574
6,-15,5.454037077098702
6,-15,3.792574019851789
6,-15,1.6500000000000001
6,-15,4.08940623591959
6,-15,1.6500000000000001
6,-15,2.78198837644022
6,-15,12.892419556156996
6,-15,1.6500000000000001
6,-15,1.6500000000000001
6,-15,1.6500000000000001
6,-15,5.44185605066663
6,-15,1.6500000000000001
6,-15,2.2555614406322624
6,-15,8.695048520802303
6,-15,3.718916300139332
6,-15,1.6500000000000001
6,-15,1.9516132446656804
6,-15,1.6500000000000001
6,-15,1.6500000000000001
7,-15,1.6500000000000001
7,-15,2.0082718830742396
7,-15,6.241053338154513
7,-15,4.821649798071743
7,-15,1.6500000000000001
7,-15,4.667577741072171
7,-15,1.7172569997857237
7,-15,2.4104754462247056
7,-15,5.252877659888778
7,-15,1.6500000000000001
7,-15,1.6500000000000001
7,-15,4.933873927768245
7,-15,1.6500000000000001
7,-15,2.871457613436524
7,-15,4.971400082904525
7,-15,6.920360549777762
7,-15,10.33707467082429
7,-15,2.3954903119179125
7,-15,1.6500000000000001
7,-15,5.88639028281732
7,-15,3.145772995734234
7,-15,2.709398964812487
7,-15,1.6500000000000001
7,-15,1.6500000000000001
7,-15,5.180189777840544
7,-15,2.1168586988734983
7,-15,2.3126644022039597
7,-15,9.90544002321895
7,-15,1.6500000000000001
7,-15,1.6500000000000001
7,-15,1.6500000000000001
7,-15,2.6110565046145564
7,-15,1.6500000000000001
7,-15,1.6500000000000001
7,-15,1.6500000000000001
7,-15,5.0406400992704565
7,-15,9.79022044428081
7,-15,1.6500000000000001
7,-15,2.675727610341983
7,-15,1.6500000000000001
7,-15,1.6500000000000001
7,-15,5.798864379525003
7,-15,5.223049076379783
7,-15,1.6691110371657498
7,-15,1.6500000000000001
7,-15,4.624343656344211
7,-15,3.3257689930745924
7,-15,1.6500000000000001
7,-15,1.6500000000000001
7,-15,1.6500000000000001
7,-15,1.6500000000000001
7,-15,2.8664228333829853
7,-15,1.6500000000000001
7,-15,1.6500000000000001
7,-15,3.587015082361723
7,-15,5.893227576220403
7,-15,1.9491244700660237
7,-15,1.6500000000000001
7,-15,1.9617891787437802
7,-15,1.6500000000000001
7,-14,3.5298815538701005
7,-14,1.6500000000000001
7,-14,6.14966558567208
7,-14,1.6500000000000001
7,-14,2.3268532297963924
7,-14,3.837889966575612
7,-14,6.623943055163971
7,-14,1.6500000000000001
7,-14,1.6500000000000001
7,-14,3.322524462598804
7,-14,2.1661475956483
7,-14,1.6500000000000001
7,-14,3.275188188765405
7,-14,2.7078240584093916
7,-14,3.721138952245234
7,-14,8.84933671299229
7,-14,1.6500000000000001
7,-14,2.1115421862171297
7,-14,3.7844475833435745
7,-14,7.192666892638567
7,-14,1.6500000000000001
7,-14,4.54957947735328
7,-14,6.826009299166675
7,-14,4.41633042343931
7,-14,7.56829065109734
7,-14,1.6500000000000001
7,-14,11.490618972162178
7,-14,1.6500000000000001
7,-14,6.153800329835812
7,-14,3.089478976860841
7,-14,2.865808105732658
7,-14,5.456456367611414
7,-14,1.6500000000000001
7,-14,1.8049393347225793
7,-14,5.883470644272062
7,-14,1.6500000000000001
7,-14,1.6500000000000001
7,-14,1.6500000000000001
7,-14,7.508310783413403
7,-14,3.665814227846157
7,-14,1.6500000000000001
7,-14,5.288122340173858
7,-14,2.224846608287447
7,-14,1.6500000000000001
7,-14,4.756043335505225
7,-14,2.082446688659494
7,-14,1.6500000000000001
7,-14,1.6500000000000001
7,-14,1.6500000000000001
7,-14,3.2305697417522588
7,-14,1.6500000000000001
7,-14,1.6500000000000001
7,-14,1.6500000000000001
7,-14,1.9566415908886625
7,-14,7.237262881750721
7,-14,2.4342002542793386
7,-14,1.6500000000000001
7,-14,6.058096828439702
7,-14,5.025703180961687
7,-14,8.212808411095779
7,-14,1.6500000000000001
6,-14,1.6500000000000001
6,-14,1.6500000000000001
6,-14,9.31882427988294
6,-14,4.7643570413918965
6,-14,5.186698008417846
6,-14,1.6500000000000001
6,-14,2.8892433692874437
6,-14,3.624216822707553
6,-14,3.4555981063760948
6,-14,2.9433778784888585
6,-14,3.117594966944226
6,-14,5.20276949644486
6,-14,4.699200087553474
6,-14,3.5174443549772128
6,-14,3.5280443029436506
6,-14,7.856413961187102
6,-14,3.9985168594200817
6,-14,1.8283107106994458
6,-14,5.042476753943339
6,-14,1.6500000000000001
6,-14,7.501533188801142
6,-14,4.495240902478034
6,-14,6.510395390672095
6,-14,1.6500000000000001
6,-14,2.8017239630522024
6,-14,5.13532082791642
6,-14,1.6500000000000001
6,-14,2.503789090189251
6,-14,1.6500000000000001
6,-14,4.557925244186573
6,-14,4.916689112035594
6,-14,1.6500000000000001
6,-14,3.8204802226146777
6,-14,4.152589397248413
6,-14,3.184012170688111
6,-14,3.7966954991117827
6,-14,4.659648136416956
6,-14,1.6500000000000001
6,-14,1.6500000000000001
6,-14,4.391158097512519
6,-14,8.568060774205096
6,-14,1.6500000000000001
6,-14,1.6500000000000001
6,-14,7.936405725062673
6,-14,1.6500000000000001
6,-14,6.091908775721458
6,-14,2.36487143825907
6,-14,1.6500000000000001
6,-14,3.404094083373938
6,-14,4.096566517881778
6,-14,3.427890584535384
6,-14,4.426899243317482
6,-14,5.0558647041262805
6,-14,7.198908196921214
6,-14,4.0385669848733015
6,-14,2.313409703882736
6,-14,3.3701748920143126
6,-14,1.6500000000000001
6,-14,1.6500000000000001
6,-14,6.970456053304386
6,-14,1.6500000000000001
7,-14,7.147442885518548
7,-14,3.708867995901029
7,-14,3.523532765869006
7,-14,2.891301213649744
7,-14,2.3591241634994655
7,-14,4.579514667211777
7,-14,5.336970506067831
7,-14,3.199764694294721
7,-14,5.274417629787273
7,-14,2.5445951347116087
7,-14,1.6500000000000001
7,-14,4.971365191156914
7,-14,2.8959992072651324
7,-14,1.6500000000000001
7,-14,6.800264923756814
7,-14,6.905919630873186
7,-14,2.7217812334231253
7,-14,9.234606346102805
7,-14,1.6607513889522771
7,-14,2.5636724410605636
7,-14,5.965346782198283
7,-14,7.242917022892125
7,-14,5.638932895351692
7,-14,1.6500000000000001
7,-14,1.6500000000000001
7,-14,5.1782984851718625
7,-14,2.770675395333388
7,-14,2.6955408018283125
7,-14,5.720122392079112
7,-14,6.061204534692344
7,-14,4.49017559237834
7,-14,1.6500000000000001
7,-14,3.845985826940992
7,-14,4.280725092065904
7,-14,1.6500000000000001
7,-14,1.6500000000000001
7,-14,1.6500000000000001
7,-14,1.6500000000000001
7,-14,2.378771955983198
7,-14,5.370982615951602
7,-14,6.158981875074169
7,-14,2.7598572599763136
7,-14,1.8525103141105514
7,-14,1.6500000000000001
7,-14,3.7409317335437957
7,-14,4.589387526133165
7,-14,3.8447535449024284
7,-14,4.801666167660214
7,-14,7.315868437210547
7,-14,1.6500000000000001
7,-14,3.166689196501908
7,-14,2.747667429570583
7,-14,7.705818442746917
7,-14,7.665427410566851
7,-14,3.335458737541725
7,-14,10.90597503337308
7,-14,3.8465924672973344
7,-14,1.6500000000000001
7,-14,1.7024422855579184
7,-14,4.985240873999686
8,-14,3.020592668277048
8,-14,2.8068750206625164
8,-14,1.7790580996415972
8,-14,2.3223488565463244
8,-14,3.474720359704811
8,-14,1.6500000000000001
8,-14,3.2623566160671174
8,-14,6.876724209649962
8,-14,4.639858987667614
8,-14,4.110102289966795
8,-14,2.4190171655130364
8,-14,2.6530261317652597
8,-14,1.6500000000000001
8,-14,8.144027369493227
8,-14,1.6500000000000001
8,-14,5.217586062561996
8,-14,1.6500000000000001
8,-14,7.061030804099145
8,-14,1.6500000000000001
8,-14,1.6500000000000001
8,-14,1.6500000000000001
8,-14,1.6500000000000001
8,-14,2.6604669036990236
8,-14,1.8169297314187396
8,-14,1.6500000000000001
8,-14,4.18214112479101
8,-14,1.943135294591639
8,-14,2.9252419009027553
8,-14,4.859208689451139
8,-14,2.1798329708335347
8,-14,1.6500000000000001
8,-14,3.2779689107195136
8,-14,2.7080083860142903
8,-14,4.083261709356046
8,-14,2.200855491364657
8,-14,5.913131064899096
8,-14,4.1979848244760465
8,-14,3.8571847620304496
8,-14,1.6500000000000001
8,-14,2.100144109007333
8,-14,3.2120133036794396
8,-14,4.987622359946732
8,-14,4.994213973131733
8,-14,3.4864647247849865
8,-14,1.6500000000000001
8,-14,7.883569614630888
8,-14,7.838992581812619
8,-14,3.7543870631601717
8,-14,1.8399803883688548
8,-14,1.6500000000000001
8,-14,1.6500000000000001
8,-14,2.493636515736064
8,-14,8.57280693954176
8,-14,6.687522720812863
8,-14,6.116921813995333
8,-14,4.195633241097406
8,-14,3.6107339762542265
8,-14,4.524493605319835
8,-14,6.574319422045347
8,-14,1.6500000000000001
8,-14,1.6500000000000001
9,-14,1.6500000000000001
9,-14,2.9154254397083794
9,-14,1.9759464366679702
9,-14,1.6500000000000001
9,-14,8.851890697977499
9,-14,1.9283700315156889
9,-14,2.5137186965237994
9,-14,1.6500000000000001
9,-14,1.7632244892087714
9,-14,6.462910792601507
9,-14,2.269205198516891
9,-14,1.6500000000000001
9,-14,1.6500000000000001
9,-14,5.1694493661549465
9,-14,1.6500000000000001
9,-14,1.7321611193601458
9,-14,4.732915618690873
9,-14,1.6881275829800462
9,-14,3.300473859824701
9,-14,3.7185580157079263
9,-14,1.6500000000000001
9,-14,1.6500000000000001
9,-14,3.291913219657263
9,-14,4.556724517115677
9,-14,1.6500000000000001
9,-14,4.655119553873766
9,-14,1.6500000000000001
9,-14,1.6500000000000001
9,-14,3.552641682179428
9,-14,1.6500000000000001
9,-14,2.2974478041257904
9,-14,1.6500000000000001
9,-14,1.6500000000000001
9,-14,1.6500000000000001
9,-14,2.5509028462786922
9,-14,1.6500000000000001
9,-14,2.0343210028650236
9,-14,1.789585218794609
9,-14,1.7630230137431258
9,-14,4.303488952436129
9,-14,1.6500000000000001
9,-14,1.6500000000000001
9,-14,5.795779432180892
9,-14,6.697861611258514
9,-14,1.6500000000000001
9,-14,4.60410607896329
9,-14,1.8817088906618977
9,-14,1.6500000000000001
9,-14,1.6500000000000001
9,-14,4.990024835473792
9,-14,3.126861611492411
9,-14,4.4877027890383125
9,-14,1.6500000000000001
9,-14,5.13016746249683
9,-14,2.439320981741131
9,-14,2.10897722577333
9,-14,1.6500000000000001
9,-14,1.6500000000000001
9,-14,1.6500000000000001
9,-14,1.7167302652852436
10,-14,3.6199407160083386
10,-14,7.34517849120662
10,-14,3.3229424925694824
10,-14,1.6500000000000001
10,-14,1.6500000000000001
10,-14,1.6500000000000001
10,-14,1.917058795504441
10,-14,1.6500000000000001
10,-14,1.6500000000000001
10,-14,3.2975083522750657
10,-14,1.6500000000000001
10,-14,1.6500000000000001
10,-14,9.12841816806355
10,-14,1.695635309630264
10,-14,2.363517907959971
10,-14,4.042914476246522
10,-14,1.6500000000000001
10,-14,1.6500000000000001
10,-14,3.297335781721462
10,-14,3.386802094030429
10,-14,6.298770937143907
10,-14,1.6500000000000001
10,-14,1.6500000000000001
10,-14,2.982931197019585
10,-14,4.752508041382573
10,-14,5.063226923519091
10,-14,1.6500000000000001
10,-14,4.631162314460167
10,-14,1.6500000000000001
10,-14,6.856063171284367
10,-14,4.345753712664997
10,-14,5.543041658292724
10,-14,1.6500000000000001
10,-14,1.6500000000000001
10,-14,1.6500000000000001
10,-14,1.6500000000000001
10,-14,4.523724760910094
10,-14,2.1131207877737004
10,-14,3.2440973841806438
10,-14,1.6500000000000001
10,-14,1.6500000000000001
10,-14,8.764749219507523
10,-14,2.759887865174562
10,-14,2.7069044985410535
10,-14,1.6500000000000001
10,-14,1.6500000000000001
10,-14,1.6500000000000001
10,-14,2.3256944229761713
10,-14,5.776202390500556
10,-14,1.6500000000000001
10,-14,5.604722144275227
10,-14,7.654281935997162
10,-14,1.9558204845198153
10,-14,1.7119209088607084
10,-14,2.66187907807085
10,-14,1.6500000000000001
10,-14,1.6500000000000001
10,-14,4.478640826640346
10,-14,3.7479529291653493
10,-14,1.8601721526357329
10,-14,1.7833370647165503
11,-14,7.276210307448349
11,-14,3.5789638205430823
11,-14,1.6500000000000001
11,-14,4.627361604890307
11,-14,1.6584599288756552
11,-14,3.7066921861530893
11,-14,1.6500000000000001
11,-14,2.184769719124159
11,-14,1.6500000000000001
11,-14,1.6500000000000001
11,-14,9.57465690302369
11,-14,2.9619238560254786
11,-14,2.2852628943766335
11,-14,5.293349450526029
11,-14,5.885419836423547
11,-14,1.6500000000000001
11,-14,1.6500000000000001
11,-14,1.7044883366995423
11,-14,6.1583921159786446
11,-14,1.7090835836540863
11,-14,6.519860547414868
11,-14,1.6500000000000001
11,-14,1.6500000000000001
11,-14,2.3977909461079006
11,-14,4.500883344489747
11,-14,1.6500000000000001
11,-14,1.6500000000000001
11,-14,5.0900770334673835
11,-14,2.0520817283586026
11,-14,1.6500000000000001
11,-14,1.6500000000000001
11,-14,9.38471282230942
11,-14,1.6500000000000001
11,-14,1.7520962865974166
11,-14,3.1021194040064515
11,-14,1.7992222556057704
11,-14,1.6500000000000001
11,-14,1.6500000000000001
11,-14,3.240340226453187
11,-14,1.6500000000000001
11,-14,1.6500000000000001
11,-14,1.8836920240325625
11,-14,3.179359828839604
11,-14,4.977254450221184
11,-14,1.6500000000000001
11,-14,1.6500000000000001
11,-14,4.815727311873861
11,-14,3.667685014439229
11,-14,1.8715819698990799
11,-14,1.6500000000000001
11,-14,1.6500000000000001
11,-14,1.6500000000000001
11,-14,1.6500000000000001
11,-14,1.6500000000000001
11,-14,3.408318959944098
11,-14,1.6500000000000001
11,-14,1.6500000000000001
11,-14,1.6500000000000001
11,-14,1.6500000000000001
11,-14,1.6500000000000001
11,-14,3.349706297941528
12,-14,1.6500000000000001
12,-14,3.9813242508138824
12,-14,1.6500000000000001
12,-14,2.469573590565107
12,-14,1.6500000000000001
12,-14,2.7213171686041284
12,-14,1.6500000000000001
12,-14,1.6557712827344062
12,-14,1.6500000000000001
12,-14,1.6500000000000001
12,-14,1.6500000000000001
12,-14,1.6500000000000001
12,-14,7.893321386442779
12,-14,1.6500000000000001
12,-14,1.6500000000000001
12,-14,2.360203454857084
12,-14,1.6500000000000001
12,-14,3.676907216910289
12,-14,1.6500000000000001
12,-14,1.6500000000000001
12,-14,1.6500000000000001
12,-14,2.3384546260284247
12,-14,1.7944632606392241
12,-14,3.6870514517418798
12,-14,1.6500000000000001
12,-14,5.7320372251334275
12,-14,1.6500000000000001
12,-14,4.324833198629353
12,-14,4.633282348665064
12,-14,1.6500000000000001
12,-14,1.6500000000000001
12,-14,6.2828980227762825
12,-14,2.5349431227220602
12,-14,1.6500000000000001
12,-14,2.8212884533218503
12,-14,1.6500000000000001
12,-14,3.8209057261764556
12,-14,5.570531147569554
12,-14,3.7034348234404657
12,-14,1.6500000000000001
12,-14,1.6500000000000001
12,-14,1.6500000000000001
12,-14,1.6500000000000001
12,-14,1.6500000000000001
12,-14,1.785104553485363
12,-14,8.371943136960883
12,-14,1.8223351064194062
12,-14,1.6500000000000001
12,-14,6.914546692580497
12,-14,1.6500000000000001
12,-14,1.6500000000000001
12,-14,1.6500000000000001
12,-14,6.419008081336583
12,-14,1.6500000000000001
12,-14,4.024126927863845
12,-14,2.1599658333049616
12,-14,1.6500000000000001
12,-14,5.300325542668897
12,-14,1.6500000000000001
12,-14,1.6500000000000001
13,-14,2.156042147308954
13,-14,1.8031520676130934
13,-14,1.6500000000000001
13,-14,1.6500000000000001
13,-14,1.6500000000000001
13,-14,1.6500000000000001
13,-14,1.6500000000000001
13,-14,6.101779586723038
13,-14,1.6500000000000001
13,-14,4.711573700742811
13,-14,2.094047996942849
13,-14,1.7492194456868206
13,-14,1.6500000000000001
13,-14,2.306556421287147
13,-14,1.6500000000000001
13,-14,1.7760538062867879
13,-14,1.6500000000000001
13,-14,1.6500000000000001
13,-14,1.6500000000000001
13,-14,3.172428689780034
13,-14,1.6500000000000001
13,-14,5.4977015221218
13,-14,2.1502687544568193
13,-14,6.206092500277982
13,-14,1.6500000000000001
13,-14,1.6500000000000001
13,-14,1.6500000000000001
13,-14,1.6500000000000001
13,-14,1.6910048980772148
13,-14,3.5804218434881827
13,-14,1.6500000000000001
13,-14,1.6500000000000001
13,-14,1.6500000000000001
13,-14,1.6500000000000001
13,-14,2.667844682257228
13,-14,1.6500000000000001
13,-14,1.6500000000000001
13,-14,1.6500000000000001
13,-14,1.6500000000000001
13,-14,1.6500000000000001
13,-14,1.6500000000000001
13,-14,1.6500000000000001
13,-14,2.090803357636137
13,-14,1.6500000000000001
13,-14,1.6500000000000001
13,-14,4.7769784319421795
13,-14,5.14015086941355
13,-14,4.300830446115752
13,-14,1.6500000000000001
13,-14,3.7529314297704195
13,-14,1.6500000000000001
13,-14,2.6144282576982936
13,-14,1.683978600664643
13,-14,5.434378697722625
13,-14,1.6500000000000001
13,-14,2.488471111170986
13,-14,4.391399206850529
13,-14,1.6500000000000001
13,-14,1.7138580922836455
13,-14,1.7207702354833656
13,-14,4.7118864039027635
14,-14,8.717200228622932
14,-14,1.6500000000000001
14,-14,1.6500000000000001
14,-14,4.8825742005792385
14,-14,1.6500000000000001
14,-14,8.311834954441842
14,-14,2.2487585074981356
14,-14,1.6500000000000001
14,-14,1.6500000000000001
14,-14,2.792592107741559
14,-14,1.6500000000000001
14,-14,2.0861146850924097
14,-14,1.6500000000000001
14,-14,1.6500000000000001
14,-14,1.6500000000000001
14,-14,1.6500000000000001
14,-14,1.6500000000000001
14,-14,1.6500000000000001
14,-14,1.6500000000000001
14,-14,2.994547964242233
14,-14,3.571795209494697
14,-14,1.6500000000000001
14,-14,1.6500000000000001
14,-14,1.6500000000000001
14,-14,1.6500000000000001
14,-14,2.282535438257047
14,-14,1.8857686137257113
14,-14,1.6500000000000001
14,-14,4.6544932485819785
14,-14,1.6500000000000001
14,-14,1.6500000000000001
14,-14,1.6500000000000001
14,-14,1.6500000000000001
14,-14,1.6500000000000001
14,-14,4.448553201354757
14,-14,1.6500000000000001
14,-14,5.112218202232057
14,-14,1.6500000000000001
14,-14,3.398794741237868
14,-14,2.1026863329965098
14,-14,4.61237421066362
14,-14,2.612454493735508
14,-14,1.6500000000000001
14,-14,1.6500000000000001
14,-14,1.6500000000000001
14,-14,2.6081475914856824
14,-14,1.6500000000000001
14,-14,1.6500000000000001
14,-14,1.6500000000000001
14,-14,1.6500000000000001
14,-14,1.6500000000000001
14,-14,1.6500000000000001
14,-14,1.6500000000000001
14,-14,1.6500000000000001
14,-14,1.6500000000000001
14,-14,1.6500000000000001
14,-14,6.61025670774635
14,-14,1.6500000000000001
14,-14,1.6500000000000001
14,-14,3.959383366306937
14,-15,11.583689874495
14,-15,1.6500000000000001
14,-15,1.6500000000000001
14,-15,4.086498769449225
14,-15,2.703735494489049
14,-15,1.6500000000000001
14,-15,1.6500000000000001
14,-15,6.432107682553363
14,-15,2.0967530531573146
14,-15,1.6500000000000001
14,-15,1.6500000000000001
14,-15,7.255612615500549
14,-15,1.6500000000000001
14,-15,2.8711236387791628
14,-15,1.6500000000000001
14,-15,1.6500000000000001
14,-15,1.6500000000000001
14,-15,4.15471707061725
14,-15,1.6500000000000001
14,-15,1.6500000000000001
14,-15,1.6500000000000001
14,-15,1.6500000000000001
14,-15,4.230498977842208
14,-15,1.6500000000000001
14,-15,5.221263840982114
14,-15,1.9261748970426935
14,-15,1.6500000000000001
14,-15,1.6500000000000001
14,-15,1.6500000000000001
14,-15,1.6500000000000001
14,-15,2.9084365854380794
14,-15,1.6500000000000001
14,-15,6.873786192895537
14,-15,3.183665183023634
14,-15,1.6500000000000001
14,-15,1.6500000000000001
14,-15,5.937808542659409
14,-15,2.6731305631073514
14,-15,1.6500000000000001
14,-15,1.6500000000000001
14,-15,2.875191453674331
14,-15,3.051287283994029
14,-15,1.6500000000000001
14,-15,1.6500000000000001
14,-15,1.6500000000000001
14,-15,6.4128282321858014
14,-15,1.6500000000000001
14,-15,3.4975706558554207
14,-15,1.6500000000000001
14,-15,1.6500000000000001
14,-15,1.6500000000000001
14,-15,1.6500000000000001
14,-15,1.6500000000000001
14,-15,1.6500000000000001
14,-15,1.6500000000000001
14,-15,5.510010483523076
14,-15,1.6500000000000001
14,-15,1.6500000000000001
14,-15,3.967047610082332
14,-15,1.6500000000000001
14,-15,2.314743290265675
15,-15,3.3498382938923013
15,-15,1.6500000000000001
15,-15,1.6500000000000001
15,-15,1.6500000000000001
15,-15,1.6500000000000001
15,-15,1.6500000000000001
15,-15,1.6500000000000001
15,-15,8.393883675678145
15,-15,3.015618922518098
15,-15,2.1083465669197192
15,-15,2.1258222519646957
15,-15,1.6500000000000001
15,-15,1.6500000000000001
15,-15,5.970807386989425
15,-15,1.6500000000000001
15,-15,1.6500000000000001
15,-15,1.6500000000000001
15,-15,1.6500000000000001
15,-15,1.6500000000000001
15,-15,1.6500000000000001
15,-15,1.6500000000000001
15,-15,1.6500000000000001
15,-15,2.21649502173865
15,-15,1.6500000000000001
15,-15,2.3746186271073455
15,-15,1.6500000000000001
15,-15,1.6500000000000001
15,-15,1.6500000000000001
15,-15,3.475906924408386
15,-15,1.6500000000000001
15,-15,2.521580691690961
15,-15,3.369399793561955
15,-15,1.6500000000000001
15,-15,1.6500000000000001
15,-15,1.6500000000000001
15,-15,4.686927100784808
15,-15,1.6500000000000001
15,-15,1.6500000000000001
15,-15,1.6500000000000001
15,-15,1.6500000000000001
15,-15,4.760570933264333
15,-15,1.6500000000000001
15,-15,3.345769072743545
15,-15,1.6500000000000001
15,-15,1.6500000000000001
15,-15,1.6500000000000001
15,-15,2.1665667759340863
15,-15,1.9874225716395326
15,-15,1.6500000000000001
15,-15,1.6500000000000001
15,-15,2.4692960186302715
15,-15,1.6500000000000001
15,-15,1.6500000000000001
15,-15,1.6500000000000001
15,-15,1.9543736086714467
15,-15,1.6500000000000001
15,-15,1.6500000000000001
15,-15,4.396364798737979
15,-15,1.6500000000000001
15,-15,1.6500000000000001
15,-15,1.6500000000000001
14,-15,1.6500000000000001
14,-15,1.7512684779286665
14,-15,4.537071613838201
14,-15,3.177231495990389
14,-15,5.829222714730367
14,-15,1.6500000000000001
14,-15,1.6500000000000001
14,-15,1.6500000000000001
14,-15,4.709623449627539
14,-15,3.2887149333678543
14,-15,1.6500000000000001
14,-15,1.6500000000000001
14,-15,1.6500000000000001
14,-15,1.6500000000000001
14,-15,5.137836979468651
14,-15,1.6500000000000001
14,-15,3.95716817209696
14,-15,2.8951890691441626
14,-15,4.876620420754259
14,-15,2.4033986866421246
14,-15,1.6500000000000001
14,-15,1.6500000000000001
14,-15,1.6500000000000001
14,-15,2.5311546189992735
14,-15,1.6500000000000001
14,-15,5.343864522586957
14,-15,1.9004903129707889
14,-15,1.6500000000000001
14,-15,1.6500000000000001
14,-15,1.6500000000000001
14,-15,1.6500000000000001
14,-15,4.278819394644504
14,-15,3.212243083330946
14,-15,1.6500000000000001
14,-15,9.426367540407819
14,-15,2.0990824278621476
14,-15,2.4758377935093363
14,-15,1.6500000000000001
14,-15,1.6500000000000001
14,-15,3.165655906558273
14,-15,1.6500000000000001
14,-15,3.3633527864017823
14,-15,1.6500000000000001
14,-15,4.265669454043655
14,-15,1.9717574778050122
14,-15,10.974061744042624
14,-15,1.6500000000000001
14,-15,2.220669227736261
14,-15,1.6500000000000001
14,-15,1.6500000000000001
14,-15,1.6500000000000001
14,-15,2.642112250208088
14,-15,1.6500000000000001
14,-15,5.443731531411695
14,-15,1.6500000000000001
14,-15,1.6500000000000001
14,-15,2.7370979750151148
14,-15,1.6500000000000001
14,-15,1.6500000000000001
14,-15,1.6500000000000001
14,-16,1.6500000000000001
14,-16,1.6500000000000001
14,-16,1.6500000000000001
14,-16,5.58235039518807
14,-16,5.417099044385395
14,-16,1.6500000000000001
14,-16,6.900849565308987
14,-16,2.857824379157519
14,-16,1.6500000000000001
14,-16,4.041708166784047
14,-16,3.305002366303498
14,-16,1.6500000000000001
14,-16,1.6500000000000001
14,-16,1.6500000000000001
14,-16,1.6500000000000001
14,-16,1.6500000000000001
14,-16,5.1847260441219
14,-16,2.4732650374702096
14,-16,1.6500000000000001
14,-16,1.6500000000000001
14,-16,1.6500000000000001
14,-16,1.6500000000000001
14,-16,1.6500000000000001
14,-16,1.7620794692329296
14,-16,1.6500000000000001
14,-16,1.6500000000000001
14,-16,2.3314497036021713
14,-16,1.6500000000000001
14,-16,1.6500000000000001
14,-16,1.9804038286419539
14,-16,1.6500000000000001
14,-16,1.6500000000000001
14,-16,1.6500000000000001
14,-16,1.6500000000000001
14,-16,1.6500000000000001
14,-16,1.6500000000000001
14,-16,1.6500000000000001
14,-16,1.6500000000000001
14,-16,2.7273611576465666
14,-16,1.6500000000000001
14,-16,1.6500000000000001
14,-16,2.2223996345685384
14,-16,1.6500000000000001
14,-16,1.6500000000000001
14,-16,1.6500000000000001
14,-16,1.6500000000000001
14,-16,1.6500000000000001
14,-16,1.8822172990722386
14,-16,5.988494886359428
14,-16,1.6500000000000001
14,-16,1.6500000000000001
14,-16,1.6500000000000001
14,-16,4.858825095662181
14,-16,1.6500000000000001
14,-16,1.6500000000000001
14,-16,5.683419031863593
14,-16,1.6500000000000001
14,-16,2.092172051117445
14,-16,3.1087160093669737
14,-16,1.6500000000000001
14,-16,1.6500000000000001
14,-17,2.109868876525028
14,-17,1.6500000000000001
14,-17,1.6500000000000001
14,-17,1.6500000000000001
14,-17,2.4336768174788412
14,-17,2.5263901867657874
14,-17,1.6500000000000001
14,-17,1.6500000000000001
14,-17,1.6500000000000001
14,-17,4.285512467571399
14,-17,1.6500000000000001
14,-17,2.9123831102435855
14,-17,1.6500000000000001
14,-17,1.6500000000000001
14,-17,2.9143759493062693
14,-17,3.8461266873837308
14,-17,2.315936245446295
14,-17,1.6500000000000001
14,-17,1.6500000000000001
14,-17,2.1679575304698213
14,-17,1.6500000000000001
14,-17,5.390718991256949
14,-17,1.6500000000000001
14,-17,1.6500000000000001
14,-17,1.6500000000000001
14,-17,1.6500000000000001
14,-17,1.6500000000000001
14,-17,1.6500000000000001
14,-17,1.6500000000000001
14,-17,9.898918588703186
14,-17,1.6500000000000001
14,-17,1.6500000000000001
14,-17,1.6500000000000001
14,-17,1.6500000000000001
14,-17,1.6500000000000001
14,-17,1.6500000000000001
14,-17,1.6500000000000001
14,-17,3.045326045859407
14,-17,1.6500000000000001
14,-17,1.6500000000000001
14,-17,3.964145117252762
14,-17,1.6500000000000001
14,-17,1.6500000000000001
14,-17,1.6500000000000001
14,-17,1.6500000000000001
14,-17,1.6500000000000001
14,-17,5.744810981716002
14,-17,1.6500000000000001
14,-17,1.6500000000000001
14,-17,1.6500000000000001
14,-17,1.6500000000000001
14,-17,1.6500000000000001
14,-17,1.6500000000000001
14,-17,1.6500000000000001
14,-17,1.6500000000000001
14,-17,3.0275216821129702
14,-17,1.6500000000000001
14,-17,1.6500000000000001
14,-17,6.611764194984888
14,-17,2.4967757746908537
14,-16,1.6500000000000001
14,-16,1.6500000000000001
14,-16,1.6500000000000001
14,-16,1.6500000000000001
14,-16,1.6500000000000001
14,-16,3.7055278355461527
14,-16,1.6500000000000001
14,-16,4.256023293813673
14,-16,1.6500000000000001
14,-16,6.377427686207247
14,-16,1.6500000000000001
14,-16,1.969260333002254
14,-16,1.7338050986377296
14,-16,1.6500000000000001
14,-16,1.6500000000000001
14,-16,1.6500000000000001
14,-16,1.6500000000000001
14,-16,2.007728124971451
14,-16,1.6500000000000001
14,-16,1.6500000000000001
14,-16,1.6500000000000001
14,-16,5.490118647315837
14,-16,1.6500000000000001
14,-16,1.6500000000000001
14,-16,1.6500000000000001
14,-16,1.8806121278131949
14,-16,1.6500000000000001
14,-16,2.3022195080420653
14,-16,1.6500000000000001
14,-16,1.6500000000000001
14,-16,4.854053681224362
14,-16,1.6500000000000001
14,-16,1.9475087659279038
14,-16,2.9727165651828926
14,-16,3.7950922484791354
14,-16,1.6500000000000001
14,-16,4.358046060366941
14,-16,1.6500000000000001
14,-16,1.6500000000000001
14,-16,1.6500000000000001
14,-16,2.7121056592832815
14,-16,1.8050605777710138
14,-16,1.6500000000000001
14,-16,1.7721919282911167
14,-16,1.6500000000000001
14,-16,1.6500000000000001
14,-16,1.6500000000000001
14,-16,1.6500000000000001
14,-16,1.6500000000000001
14,-16,1.6500000000000001
14,-16,2.127879866296775
14,-16,1.6500000000000001
14,-16,2.233160575191315
14,-16,1.6500000000000001
14,-16,3.6621985302116085
14,-16,3.901629590687131
14,-16,6.5060802794013455
14,-16,1.6500000000000001
14,-16,3.6372353410293408
14,-16,3.6368503100640943
14,-16,1.6500000000000001
15,-16,2.1341369101680723
15,-16,1.6500000000000001
15,-16,1.6500000000000001
15,-16,1.6500000000000001
15,-16,1.6500000000000001
15,-16,1.6500000000000001
15,-16,1.6500000000000001
15,-16,1.6500000000000001
15,-16,1.6500000000000001
15,-16,2.0713398288084397
15,-16,2.175462347813678
15,-16,2.419008954500837
15,-16,1.6500000000000001
15,-16,1.6500000000000001
15,-16,1.7019106377728996
15,-16,1.6500000000000001
15,-16,1.6500000000000001
15,-16,1.6500000000000001
15,-16,1.6500000000000001
15,-16,2.649939558286056
15,-16,1.6500000000000001
15,-16,3.112569117615247
15,-16,2.735602452507109
15,-16,1.6500000000000001
15,-16,1.6500000000000001
15,-16,1.6500000000000001
15,-16,1.6500000000000001
15,-16,4.437847558980278
15,-16,2.465272673116658
15,-16,1.6500000000000001
15,-16,1.6500000000000001
15,-16,1.7258514838812862
15,-16,1.6500000000000001
15,-16,1.6500000000000001
15,-16,1.6500000000000001
15,-16,1.6500000000000001
15,-16,4.276055747355877
15,-16,1.6500000000000001
15,-16,1.6500000000000001
15,-16,1.659390021129138
15,-16,1.6500000000000001
15,-16,1.6500000000000001
15,-16,1.6500000000000001
15,-16,2.1170980299057716
15,-16,1.6500000000000001
15,-16,2.5735916579123486
15,-16,1.6500000000000001
15,-16,1.6500000000000001
15,-16,2.105708133867256
15,-16,3.140929058473103
15,-16,5.771360090568394
15,-16,1.910237886861348
15,-16,3.13697848949917
15,-16,1.6500000000000001
15,-16,1.6500000000000001
15,-16,1.6500000000000001
15,-16,2.3520542243766545
15,-16,1.6500000000000001
15,-16,1.6500000000000001
15,-16,1.6500000000000001
15,-16,1.6500000000000001
16,-16,1.6500000000000001
16,-16,2.653540542279663
16,-16,1.6500000000000001
16,-16,1.6500000000000001
16,-16,1.6500000000000001
16,-16,1.6500000000000001
16,-16,3.2385780190718068
16,-16,1.6500000000000001
16,-16,1.8067211729052834
16,-16,2.9510924218788084
16,-16,6.6315171141374245
16,-16,2.877368733978911
16,-16,1.6500000000000001
16,-16,1.6500000000000001
16,-16,6.398903961272374
16,-16,1.6500000000000001
16,-16,1.6500000000000001
16,-16,1.6500000000000001
16,-16,5.220172328711377
16,-16,5.6011427625882755
16,-16,1.6500000000000001
16,-16,1.6500000000000001
16,-16,1.6500000000000001
16,-16,3.507191446663453
16,-16,1.6500000000000001
16,-16,1.6500000000000001
16,-16,3.038805577543781
16,-16,1.6500000000000001
16,-16,1.6500000000000001
16,-16,1.6500000000000001
16,-16,1.6500000000000001
16,-16,1.6500000000000001
16,-16,1.6500000000000001
16,-16,1.6500000000000001
16,-16,1.6500000000000001
16,-16,1.6500000000000001
16,-16,1.6500000000000001
16,-16,1.6500000000000001
16,-16,1.6500000000000001
16,-16,5.459586919421467
16,-16,3.437019813695502
16,-16,1.9552408673692796
16,-16,1.6500000000000001
16,-16,1.6500000000000001
16,-16,2.599258486297912
16,-16,1.6500000000000001
16,-16,1.6500000000000001
16,-16,1.6500000000000001
16,-16,1.6500000000000001
16,-16,3.2942090445036025
16,-16,1.6500000000000001
16,-16,1.6500000000000001
16,-16,1.6500000000000001
16,-16,2.3896959676057414
16,-16,1.6500000000000001
16,-16,4.820757511594499
16,-16,1.6500000000000001
16,-16,1.6500000000000001
16,-16,1.6500000000000001
16,-16,1.6500000000000001
16,-17,1.6500000000000001
16,-17,4.432778068979331
16,-17,1.6500000000000001
16,-17,1.6500000000000001
16,-17,3.1174748320467693
16,-17,1.6500000000000001
16,-17,3.1249876303143873
16,-17,1.6500000000000001
16,-17,1.6500000000000001
16,-17,1.6500000000000001
16,-17,1.6500000000000001
16,-17,5.944020077654591
16,-17,1.6500000000000001
16,-17,1.6500000000000001
16,-17,4.043941905709238
16,-17,1.6500000000000001
16,-17,1.6500000000000001
16,-17,1.8683100054086483
16,-17,1.6500000000000001
16,-17,1.6500000000000001
16,-17,1.6500000000000001
16,-17,4.172028781205262
16,-17,1.6500000000000001
16,-17,1.6500000000000001
16,-17,1.6500000000000001
16,-17,6.978909467295114
16,-17,1.7861658121373947
16,-17,1.6500000000000001
16,-17,1.6500000000000001
16,-17,1.6500000000000001
16,-17,1.6500000000000001
16,-17,1.6500000000000001
16,-17,4.880226003209407
16,-17,1.6500000000000001
16,-17,1.6500000000000001
16,-17,1.6500000000000001
16,-17,1.6500000000000001
16,-17,1.6500000000000001
16,-17,1.6500000000000001
16,-17,1.6500000000000001
16,-17,5.3045465950874995
16,-17,1.6500000000000001
16,-17,1.6500000000000001
16,-17,1.6500000000000001
16,-17,4.1053370901454755
16,-17,1.6500000000000001
16,-17,1.6500000000000001
16,-17,1.6500000000000001
16,-17,1.6500000000000001
16,-17,1.6500000000000001
16,-17,1.6500000000000001
16,-17,1.6500000000000001
16,-17,1.6500000000000001
16,-17,1.6500000000000001
16,-17,1.6500000000000001
16,-17,1.6500000000000001
16,-17,4.099234661683863
16,-17,1.6500000000000001
16,-17,1.6500000000000001
16,-17,1.6500000000000001
16,-17,1.6500000000000001
16,-18,1.6500000000000001
16,-18,1.6500000000000001
16,-18,1.6500000000000001
16,-18,1.6500000000000001
16,-18,2.890588296989102
16,-18,1.77416117170735
16,-18,1.6500000000000001
16,-18,1.6500000000000001
16,-18,1.6500000000000001
16,-18,1.6500000000000001
16,-18,1.6500000000000001
16,-18,1.6500000000000001
16,-18,1.6500000000000001
16,-18,1.6500000000000001
16,-18,1.6500000000000001
16,-18,1.6500000000000001
16,-18,1.6500000000000001
16,-18,2.4119721085472845
16,-18,1.6500000000000001
16,-18,1.6500000000000001
16,-18,1.6500000000000001
16,-18,1.6500000000000001
16,-18,1.6500000000000001
16,-18,1.6500000000000001
16,-18,1.6500000000000001
16,-18,1.6500000000000001
16,-18,1.6500000000000001
16,-18,1.6500000000000001
16,-18,1.6500000000000001
16,-18,1.6500000000000001
16,-18,1.6500000000000001
16,-18,4.373885476123114
16,-18,1.6500000000000001
16,-18,3.4526557976851158
16,-18,1.6500000000000001
16,-18,1.6500000000000001
16,-18,1.6500000000000001
16,-18,5.172481651971587
16,-18,1.6500000000000001
16,-18,3.1002686038518807
16,-18,4.93039334892959
16,-18,1.6500000000000001
16,-18,3.494856634860464
16,-18,2.170566768901883
16,-18,1.6500000000000001
16,-18,4.79858403961059
16,-18,1.6500000000000001
16,-18,1.6500000000000001
16,-18,3.501606306587144
16,-18,4.527815940249445
16,-18,3.1859742551807666
16,-18,1.6500000000000001
16,-18,5.089593931022064
16,-18,1.6500000000000001
16,-18,1.6500000000000001
16,-18,1.6500000000000001
16,-18,5.1494533669393
16,-18,1.6500000000000001
16,-18,1.6500000000000001
16,-18,1.6500000000000001
16,-19,1.6500000000000001
16,-19,1.6500000000000001
16,-19,3.9581317156538205
16,-19,1.6500000000000001
16,-19,1.6500000000000001
16,-19,1.6500000000000001
16,-19,1.656918614230431
16,-19,1.6500000000000001
16,-19,1.6500000000000001
16,-19,1.6500000000000001
16,-19,1.6500000000000001
16,-19,1.6500000000000001
16,-19,1.6500000000000001
16,-19,1.6500000000000001
16,-19,3.6300483836149153
16,-19,1.6500000000000001
16,-19,1.6500000000000001
16,-19,1.6500000000000001
16,-19,2.3816320950181433
16,-19,1.6500000000000001
16,-19,1.6500000000000001
16,-19,1.6500000000000001
16,-19,1.6500000000000001
16,-19,1.9741319515111337
16,-19,1.6500000000000001
16,-19,1.6500000000000001
16,-19,1.6500000000000001
16,-19,1.6500000000000001
16,-19,1.6500000000000001
16,-19,2.2360578912014946
16,-19,1.6500000000000001
16,-19,1.6500000000000001
16,-19,1.6500000000000001
16,-19,1.6500000000000001
16,-19,1.6500000000000001
16,-19,1.6935474926640492
16,-19,1.6500000000000001
16,-19,1.6592914075911573
16,-19,1.6500000000000001
16,-19,1.6500000000000001
16,-19,1.6500000000000001
16,-19,1.6500000000000001
16,-19,1.6500000000000001
16,-19,1.6500000000000001
16,-19,1.6500000000000001
16,-19,1.6500000000000001
16,-19,4.899392507916461
16,-19,1.6500000000000001
16,-19,1.6500000000000001
16,-19,1.6500000000000001
16,-19,1.6500000000000001
16,-19,1.6500000000000001
16,-19,1.6500000000000001
16,-19,1.6500000000000001
16,-19,1.6500000000000001
16,-19,1.6500000000000001
16,-19,5.688347656593398
16,-19,1.6500000000000001
16,-19,1.6500000000000001
16,-19,1.6500000000000001
16,-19,1.6500000000000001
16,-20,1.6500000000000001
16,-20,2.5560843956020385
16,-20,1.6500000000000001
16,-20,1.6500000000000001
16,-20,1.6500000000000001
16,-20,1.6500000000000001
16,-20,1.6500000000000001
16,-20,1.6500000000000001
16,-20,1.6500000000000001
16,-20,1.6500000000000001
16,-20,1.6500000000000001
16,-20,1.6500000000000001
16,-20,3.6749285583001976
16,-20,1.6500000000000001
16,-20,1.6500000000000001
16,-20,1.6500000000000001
16,-20,1.6500000000000001
16,-20,1.6500000000000001
16,-20,1.6500000000000001
16,-20,1.6500000000000001
16,-20,1.6500000000000001
16,-20,5.006265630783384
16,-20,1.6500000000000001
16,-20,1.6500000000000001
16,-20,1.6500000000000001
16,-20,1.6500000000000001
16,-20,3.85237343262465
16,-20,1.6500000000000001
16,-20,1.6500000000000001
16,-20,5.630361132806805
16,-20,1.6500000000000001
16,-20,1.6500000000000001
16,-20,1.6500000000000001
16,-20,2.9836852259455684
16,-20,3.082062637488275
16,-20,1.6500000000000001
16,-20,1.6500000000000001
16,-20,1.6500000000000001
16,-20,1.6500000000000001
16,-20,1.6500000000000001
16,-20,1.6500000000000001
16,-20,1.6500000000000001
16,-20,1.6500000000000001
16,-20,6.64301361445634
16,-20,1.6500000000000001
16,-20,1.6500000000000001
16,-20,1.6525065244615464
16,-20,1.6500000000000001
16,-20,4.354084299454653
16,-20,1.6500000000000001
16,-20,1.6500000000000001
16,-20,1.8353391266141488
16,-20,1.6500000000000001
16,-20,1.6500000000000001
16,-20,1.6500000000000001
16,-20,1.6500000000000001
16,-20,1.6500000000000001
16,-20,2.607698148070986
16,-20,1.6500000000000001
16,-20,1.6500000000000001
16,-20,1.6500000000000001
17,-20,1.6500000000000001
17,-20,3.6640587638454063
17,-20,1.6500000000000001
17,-20,1.6500000000000001
17,-20,1.6500000000000001
17,-20,1.6500000000000001
17,-20,1.6500000000000001
17,-20,1.6500000000000001
17,-20,1.6500000000000001
17,-20,1.6500000000000001
17,-20,1.6500000000000001
17,-20,7.242099682104072
17,-20,1.6500000000000001
17,-20,1.6500000000000001
17,-20,1.6500000000000001
17,-20,1.6500000000000001
17,-20,1.6500000000000001
17,-20,1.6500000000000001
17,-20,4.2509232176588245
17,-20,1.6500000000000001
17,-20,1.6500000000000001
17,-20,1.6500000000000001
17,-20,1.6500000000000001
17,-20,1.6500000000000001
17,-20,1.6500000000000001
17,-20,1.6500000000000001
17,-20,1.6500000000000001
17,-20,1.6500000000000001
17,-20,1.6500000000000001
17,-20,1.6500000000000001
17,-20,1.6500000000000001
17,-20,1.6500000000000001
17,-20,1.6500000000000001
17,-20,1.6500000000000001
17,-20,1.6500000000000001
17,-20,1.6500000000000001
17,-20,1.6500000000000001
17,-20,1.6500000000000001
17,-20,2.784245094151979
17,-20,1.6500000000000001
17,-20,1.6500000000000001
17,-20,3.9439595490433836
17,-20,1.6500000000000001
17,-20,1.6500000000000001
17,-20,2.037688080391381
17,-20,1.6500000000000001
17,-20,1.6500000000000001
17,-20,1.806667530978669
17,-20,1.6500000000000001
17,-20,3.1934280422142134
17,-20,1.6500000000000001
17,-20,1.6500000000000001
17,-20,1.6500000000000001
17,-20,1.6500000000000001
17,-20,1.6500000000000001
17,-20,1.6500000000000001
17,-20,1.6500000000000001
17,-20,1.6500000000000001
17,-20,1.6500000000000001
17,-20,1.6500000000000001
18,-20,2.3769227178008734
18,-20,1.6500000000000001
18,-20,1.6500000000000001
18,-20,1.6500000000000001
18,-20,1.6500000000000001
18,-20,1.6500000000000001
18,-20,1.6500000000000001
18,-20,2.6265838210668706
18,-20,1.6500000000000001
18,-20,1.6500000000000001
18,-20,1.6500000000000001
18,-20,1.6500000000000001
18,-20,1.6500000000000001
18,-20,1.6500000000000001
18,-20,1.6500000000000001
18,-20,1.6500000000000001
18,-20,1.6500000000000001
18,-20,1.6500000000000001
18,-20,3.398263555896351
18,-20,1.6500000000000001
18,-20,2.165496511991659
18,-20,1.6500000000000001
18,-20,1.6500000000000001
18,-20,1.6500000000000001
18,-20,1.6500000000000001
18,-20,1.6500000000000001
18,-20,2.418734137384523
18,-20,1.6500000000000001
18,-20,1.6500000000000001
18,-20,1.6500000000000001
18,-20,1.6512694149167837
18,-20,1.6500000000000001
18,-20,1.6500000000000001
18,-20,1.6500000000000001
18,-20,1.6500000000000001
18,-20,1.6500000000000001
18,-20,1.6500000000000001
18,-20,1.6500000000000001
18,-20,1.6500000000000001
18,-20,1.6500000000000001
18,-20,1.6500000000000001
18,-20,1.6500000000000001
18,-20,1.6500000000000001
18,-20,1.6500000000000001
18,-20,1.6500000000000001
18,-20,1.6500000000000001
18,-20,1.6500000000000001
18,-20,1.6500000000000001
18,-20,1.6500000000000001
18,-20,1.6500000000000001
18,-20,1.6500000000000001
18,-20,1.6500000000000001
18,-20,1.6500000000000001
18,-20,1.6500000000000001
18,-20,1.6500000000000001
18,-20,1.6500000000000001
18,-20,1.6500000000000001
18,-20,1.6500000000000001
18,-20,1.6500000000000001
18,-20,1.6500000000000001
18,-20,1.6500000000000001
19,-20,1.6500000000000001
19,-20,1.6500000000000001
19,-20,1.6500000000000001
19,-20,1.6500000000000001
19,-20,1.6500000000000001
19,-20,1.6500000000000001
19,-20,1.6500000000000001
19,-20,1.6500000000000001
19,-20,1.6500000000000001
19,-20,1.6500000000000001
19,-20,1.6500000000000001
19,-20,1.6500000000000001
19,-20,1.6500000000000001
19,-20,1.6500000000000001
19,-20,1.6500000000000001
19,-20,1.6500000000000001
19,-20,1.6500000000000001
19,-20,1.6500000000000001
19,-20,1.6500000000000001
19,-20,2.5834632092552843
19,-20,1.6500000000000001
19,-20,1.6500000000000001
19,-20,1.6500000000000001
19,-20,1.6500000000000001
19,-20,1.6500000000000001
19,-20,3.1267934312518744
19,-20,1.6500000000000001
19,-20,1.6500000000000001
19,-20,1.6500000000000001
19,-20,1.6500000000000001
19,-20,1.6500000000000001
19,-20,1.6500000000000001
19,-20,1.6500000000000001
19,-20,2.344284097911266
19,-20,1.6500000000000001
19,-20,1.6500000000000001
19,-20,1.6500000000000001
19,-20,1.6500000000000001
19,-20,1.6500000000000001
19,-20,1.6500000000000001
19,-20,1.6500000000000001
19,-20,1.6500000000000001
19,-20,1.6500000000000001
19,-20,1.6500000000000001
19,-20,1.6500000000000001
19,-20,4.427545418474931
19,-20,1.6500000000000001
19,-20,1.6500000000000001
19,-20,1.6500000000000001
19,-20,1.6500000000000001
19,-20,1.6500000000000001
19,-20,1.6500000000000001
19,-20,1.6500000000000001
19,-20,1.6500000000000001
19,-20,1.6500000000000001
19,-20,1.6500000000000001
19,-20,1.6500000000000001
19,-20,5.397512645904174
19,-20,1.6500000000000001
19,-20,1.6500000000000001
19,-20,1.6500000000000001
20,-20,1.6500000000000001
20,-20,1.6500000000000001
20,-20,1.6500000000000001
20,-20,1.6500000000000001
20,-20,1.6500000000000001
20,-20,1.6500000000000001
20,-20,1.6500000000000001
20,-20,1.6500000000000001
20,-20,1.6500000000000001
20,-20,2.5299595520223885
20,-20,1.6500000000000001
20,-20,1.6500000000000001
20,-20,1.6500000000000001
20,-20,1.6500000000000001
20,-20,1.6500000000000001
20,-20,1.6500000000000001
20,-20,1.6500000000000001
20,-20,1.6500000000000001
20,-20,1.6500000000000001
20,-20,1.6500000000000001
20,-20,1.6500000000000001
20,-20,1.6500000000000001
20,-20,1.6500000000000001
20,-20,2.04113228970789
20,-20,1.7933700322685633
20,-20,1.6500000000000001
20,-20,1.6500000000000001
20,-20,1.6500000000000001
20,-20,1.6500000000000001
20,-20,1.6500000000000001
20,-20,1.6500000000000001
20,-20,1.6500000000000001
20,-20,1.6500000000000001
20,-20,1.6500000000000001
20,-20,1.6500000000000001
20,-20,1.6500000000000001
20,-20,1.6500000000000001
20,-20,2.9813009951247817
20,-20,1.6500000000000001
20,-20,1.6500000000000001
20,-20,1.6500000000000001
20,-20,1.6500000000000001
20,-20,1.6500000000000001
20,-20,1.6500000000000001
20,-20,1.6500000000000001
20,-20,1.6500000000000001
20,-20,1.6500000000000001
20,-20,1.6500000000000001
20,-20,1.6500000000000001
20,-20,1.6500000000000001
20,-20,1.6500000000000001
20,-20,1.6500000000000001
20,-20,1.6500000000000001
20,-20,1.6500000000000001
20,-20,1.6500000000000001
20,-20,1.6500000000000001
20,-20,1.6500000000000001
20,-20,1.6500000000000001
20,-20,3.4196862252868048
20,-20,1.6500000000000001
20,-19,1.6500000000000001
20,-19,1.7972034671457786
20,-19,1.6500000000000001
20,-19,1.6500000000000001
20,-19,1.6500000000000001
20,-19,1.6500000000000001
20,-19,1.6500000000000001
20,-19,1.6500000000000001
20,-19,1.6500000000000001
20,-19,1.6500000000000001
20,-19,1.6500000000000001
20,-19,1.6500000000000001
20,-19,1.6500000000000001
20,-19,3.8027862977542064
20,-19,1.6500000000000001
20,-19,1.6500000000000001
20,-19,1.6500000000000001
20,-19,1.6500000000000001
20,-19,1.6500000000000001
20,-19,1.6500000000000001
20,-19,1.6500000000000001
20,-19,5.274995038995485
20,-19,1.6500000000000001
20,-19,1.6500000000000001
20,-19,1.6500000000000001
20,-19,1.6500000000000001
20,-19,1.6500000000000001
20,-19,1.6500000000000001
20,-19,1.6500000000000001
20,-19,2.4458532794056946
20,-19,1.6500000000000001
20,-19,1.6500000000000001
20,-19,1.6500000000000001
20,-19,1.6500000000000001
20,-19,1.6500000000000001
20,-19,1.6500000000000001
20,-19,1.6500000000000001
20,-19,1.6500000000000001
20,-19,1.6500000000000001
20,-19,2.956415234957819
20,-19,1.6500000000000001
20,-19,1.6500000000000001
20,-19,1.6500000000000001
20,-19,1.6500000000000001
20,-19,1.6500000000000001
20,-19,1.6500000000000001
20,-19,3.2359429021140516
20,-19,1.6500000000000001
20,-19,1.6500000000000001
20,-19,2.1154239319328347
20,-19,1.6500000000000001
20,-19,1.6500000000000001
20,-19,1.6500000000000001
20,-19,1.6500000000000001
20,-19,1.6500000000000001
20,-19,4.2779057130685
20,-19,1.6500000000000001
20,-19,1.6500000000000001
20,-19,1.6500000000000001
20,-19,1.6500000000000001
20,-19,1.6500000000000001
20,-18,1.6500000000000001
20,-18,1.6500000000000001
20,-18,1.6500000000000001
20,-18,1.6500000000000001
20,-18,1.6500000000000001
20,-18,1.6500000000000001
20,-18,1.6500000000000001
20,-18,1.6500000000000001
20,-18,1.6500000000000001
20,-18,1.6500000000000001
20,-18,1.6500000000000001
20,-18,1.6500000000000001
20,-18,1.6500000000000001
20,-18,1.6500000000000001
20,-18,1.6500000000000001
20,-18,1.6500000000000001
20,-18,6.160247430875845
20,-18,1.6500000000000001
20,-18,1.6500000000000001
20,-18,1.6500000000000001
20,-18,1.6500000000000001
20,-18,1.6500000000000001
20,-18,1.6500000000000001
20,-18,1.6500000000000001
20,-18,1.6500000000000001
20,-18,1.6500000000000001
20,-18,1.6500000000000001
20,-18,1.6500000000000001
20,-18,1.6500000000000001
20,-18,1.6500000000000001
20,-18,1.6500000000000001
20,-18,1.6500000000000001
20,-18,7.147520227223547
20,-18,1.6500000000000001
20,-18,1.7318353269693971
20,-18,1.6500000000000001
20,-18,1.6500000000000001
20,-18,1.6500000000000001
20,-18,1.6500000000000001
20,-18,1.800291805599422
20,-18,1.6500000000000001
20,-18,1.6500000000000001
20,-18,2.959446763027949
20,-18,1.6500000000000001
20,-18,1.6500000000000001
20,-18,1.6500000000000001
20,-18,1.6500000000000001
20,-18,1.6500000000000001
20,-18,1.6500000000000001
20,-18,1.6500000000000001
20,-18,1.6500000000000001
20,-18,1.6500000000000001
20,-18,1.6500000000000001
20,-18,1.6500000000000001
20,-18,1.6500000000000001
20,-18,1.6500000000000001
20,-18,1.6500000000000001
20,-18,1.6500000000000001
20,-18,1.6500000000000001
20,-18,1.6500000000000001
20,-17,1.6500000000000001
20,-17,1.6500000000000001
20,-17,1.6500000000000001
20,-17,1.6500000000000001
20,-17,1.6500000000000001
20,-17,1.6500000000000001
20,-17,1.6500000000000001
20,-17,1.6500000000000001
20,-17,7.44494101193964
20,-17,1.6500000000000001
20,-17,1.6500000000000001
20,-17,1.6500000000000001
20,-17,1.6500000000000001
20,-17,1.6500000000000001
20,-17,1.6500000000000001
20,-17,1.6500000000000001
20,-17,1.6500000000000001
20,-17,1.6500000000000001
20,-17,1.6500000000000001
20,-17,1.6500000000000001
20,-17,1.6500000000000001
20,-17,1.6500000000000001
20,-17,1.6500000000000001
20,-17,1.6500000000000001
20,-17,1.6500000000000001
20,-17,1.6500000000000001
20,-17,1.6500000000000001
20,-17,1.6500000000000001
20,-17,1.6500000000000001
20,-17,1.6500000000000001
20,-17,1.6500000000000001
20,-17,1.6500000000000001
20,-17,1.6500000000000001
20,-17,1.6500000000000001
20,-17,1.6500000000000001
20,-17,1.6500000000000001
20,-17,1.6500000000000001
20,-17,1.6500000000000001
20,-17,1.8270132742455814
20,-17,1.6500000000000001
20,-17,1.6500000000000001
20,-17,1.6500000000000001
20,-17,1.6500000000000001
20,-17,1.6500000000000001
20,-17,2.160982636306079
20,-17,1.6500000000000001
20,-17,1.6500000000000001
20,-17,1.6500000000000001
20,-17,1.6500000000000001
20,-17,1.6500000000000001
20,-17,2.1014390562757015
20,-17,1.6500000000000001
20,-17,1.6500000000000001
20,-17,2.8099697358434392
20,-17,1.6500000000000001
20,-17,1.6500000000000001
20,-17,1.6500000000000001
20,-17,1.6500000000000001
20,-17,1.6500000000000001
20,-17,1.6500000000000001
20,-17,1.6500000000000001
20,-16,1.6500000000000001
20,-16,1.6500000000000001
20,-16,1.6500000000000001
20,-16,2.1017743926741264
20,-16,1.6500000000000001
20,-16,1.6500000000000001
20,-16,1.6500000000000001
20,-16,1.6500000000000001
20,-16,1.6500000000000001
20,-16,1.6500000000000001
20,-16,1.6500000000000001
20,-16,1.6500000000000001
20,-16,2.266861329778904
20,-16,1.6500000000000001
20,-16,1.6500000000000001
20,-16,1.6500000000000001
20,-16,2.14374268095617
20,-16,2.1689445484489545
20,-16,3.6488826045580858
20,-16,1.6500000000000001
20,-16,1.6500000000000001
20,-16,1.6500000000000001
20,-16,1.7079828598334852
20,-16,2.317770316388051
20,-16,1.6500000000000001
20,-16,6.5219983119093765
20,-16,1.6500000000000001
20,-16,1.6500000000000001
20,-16,1.6500000000000001
20,-16,1.6500000000000001
20,-16,1.6500000000000001
20,-16,3.3045076047087667
20,-16,1.6500000000000001
20,-16,1.6500000000000001
20,-16,1.6500000000000001
20,-16,1.6500000000000001
20,-16,1.6500000000000001
20,-16,1.6500000000000001
20,-16,1.6500000000000001
20,-16,1.6500000000000001
20,-16,1.6500000000000001
20,-16,1.6500000000000001
20,-16,1.6500000000000001
20,-16,1.6500000000000001
20,-16,1.6500000000000001
20,-16,1.6500000000000001
20,-16,1.6500000000000001
20,-16,1.6500000000000001
20,-16,4.841884219161393
20,-16,1.6500000000000001
20,-16,1.6500000000000001
20,-16,2.8278909265930863
20,-16,1.6500000000000001
20,-16,1.6500000000000001
20,-16,1.6500000000000001
20,-16,1.6500000000000001
20,-16,1.6500000000000001
20,-16,1.6500000000000001
20,-16,1.6500000000000001
20,-16,1.6500000000000001
20,-16,1.6500000000000001
20,-17,1.6500000000000001
20,-17,1.6500000000000001
20,-17,2.630612421032115
20,-17,1.6500000000000001
20,-17,1.6500000000000001
20,-17,1.6500000000000001
20,-17,1.6500000000000001
20,-17,1.6500000000000001
20,-17,1.6500000000000001
20,-17,1.6500000000000001
20,-17,1.6500000000000001
20,-17,1.6500000000000001
20,-17,3.7415598229529925
20,-17,1.6500000000000001
20,-17,1.6500000000000001
20,-17,1.6500000000000001
20,-17,1.6500000000000001
20,-17,2.0566460384203196
20,-17,1.6500000000000001
20,-17,1.6500000000000001
20,-17,1.6500000000000001
20,-17,1.6500000000000001
20,-17,1.6500000000000001
20,-17,1.6500000000000001
20,-17,1.6500000000000001
20,-17,1.6500000000000001
20,-17,1.6500000000000001
20,-17,1.6500000000000001
20,-17,1.6500000000000001
20,-17,1.6500000000000001
20,-17,1.9082561375132587
20,-17,1.6500000000000001
20,-17,1.6500000000000001
20,-17,1.6500000000000001
20,-17,1.6500000000000001
20,-17,1.6500000000000001
20,-17,1.6500000000000001
20,-17,1.6500000000000001
20,-17,1.6500000000000001
20,-17,1.6500000000000001
20,-17,1.6500000000000001
20,-17,1.6630779982619175
20,-17,1.6500000000000001
20,-17,1.6500000000000001
20,-17,1.6500000000000001
20,-17,1.6500000000000001
20,-17,1.6500000000000001
20,-17,1.6500000000000001
20,-17,3.9767327991308354
20,-17,1.6500000000000001
20,-17,1.6500000000000001
20,-17,1.6500000000000001
20,-17,1.6500000000000001
20,-17,1.6500000000000001
20,-17,1.6500000000000001
20,-17,1.6500000000000001
20,-17,2.543078564000019
20,-17,1.6500000000000001
20,-17,3.0768475075116184
20,-17,1.6500000000000001
20,-18,1.6500000000000001
20,-18,1.6500000000000001
20,-18,1.6500000000000001
20,-18,1.6500000000000001
20,-18,1.6500000000000001
20,-18,1.6500000000000001
20,-18,1.6500000000000001
20,-18,1.6500000000000001
20,-18,1.6500000000000001
20,-18,1.6500000000000001
20,-18,1.6500000000000001
20,-18,1.6500000000000001
20,-18,1.6500000000000001
20,-18,1.6500000000000001
20,-18,1.6500000000000001
20,-18,1.6500000000000001
20,-18,1.6500000000000001
20,-18,1.6500000000000001
20,-18,5.249922639152029
20,-18,1.6500000000000001
20,-18,1.6500000000000001
20,-18,1.6500000000000001
20,-18,1.6500000000000001
20,-18,1.6500000000000001
20,-18,1.6500000000000001
20,-18,1.6500000000000001
20,-18,1.6500000000000001
20,-18,1.6500000000000001
20,-18,1.6500000000000001
20,-18,1.6500000000000001
20,-18,1.6500000000000001
20,-18,1.6500000000000001
20,-18,1.6500000000000001
20,-18,1.6500000000000001
20,-18,1.6500000000000001
20,-18,1.6500000000000001
20,-18,1.6500000000000001
20,-18,1.6500000000000001
20,-18,1.6500000000000001
20,-18,1.6500000000000001
20,-18,1.6500000000000001
20,-18,1.6500000000000001
20,-18,1.6500000000000001
20,-18,1.9302981613704135
20,-18,1.6500000000000001
20,-18,1.6500000000000001
20,-18,1.6500000000000001
20,-18,1.6500000000000001
20,-18,1.6500000000000001
20,-18,1.6500000000000001
20,-18,1.6500000000000001
20,-18,3.0768419098709154
20,-18,1.6500000000000001
20,-18,1.6500000000000001
20,-18,3.531230185401305
20,-18,1.6500000000000001
20,-18,1.6500000000000001
20,-18,1.6500000000000001
20,-18,1.6500000000000001
20,-18,1.6500000000000001
20,-18,1.6500000000000001
20,-17,1.6500000000000001
20,-17,1.6500000000000001
20,-17,1.6500000000000001
20,-17,1.6500000000000001
20,-17,1.6500000000000001
20,-17,1.6500000000000001
20,-17,1.6500000000000001
20,-17,1.6500000000000001
20,-17,3.1667221995745978
20,-17,1.6500000000000001
20,-17,1.6500000000000001
20,-17,1.6500000000000001
20,-17,1.6500000000000001
20,-17,1.6500000000000001
20,-17,1.6500000000000001
20,-17,1.6500000000000001
20,-17,1.6500000000000001
20,-17,1.6500000000000001
20,-17,1.6500000000000001
20,-17,1.6500000000000001
20,-17,1.6500000000000001
20,-17,1.6500000000000001
20,-17,1.7845851882164872
20,-17,1.6500000000000001
20,-17,1.6500000000000001
20,-17,1.6500000000000001
20,-17,1.6500000000000001
20,-17,3.2762813966160858
20,-17,1.6500000000000001
20,-17,1.6500000000000001
20,-17,1.6500000000000001
20,-17,1.6500000000000001
20,-17,1.6500000000000001
20,-17,1.6500000000000001
20,-17,1.6500000000000001
20,-17,1.6500000000000001
20,-17,1.6500000000000001
20,-17,1.6500000000000001
20,-17,1.6500000000000001
20,-17,1.6500000000000001
20,-17,1.6500000000000001
20,-17,1.6500000000000001
20,-17,1.6500000000000001
20,-17,1.6500000000000001
20,-17,1.6500000000000001
20,-17,1.6500000000000001
20,-17,1.6500000000000001
20,-17,1.6500000000000001
20,-17,1.6500000000000001
20,-17,1.6500000000000001
20,-17,1.6500000000000001
20,-17,1.6500000000000001
20,-17,1.6500000000000001
20,-17,1.6500000000000001
20,-17,1.6500000000000001
20,-17,1.6500000000000001
20,-17,1.6500000000000001
20,-17,1.6500000000000001
20,-17,1.6500000000000001
20,-17,1.6500000000000001
20,-16,1.6500000000000001
20,-16,1.6500000000000001
20,-16,1.6500000000000001
20,-16,1.6500000000000001
20,-16,1.6500000000000001
20,-16,1.6500000000000001
20,-16,1.6500000000000001
20,-16,1.6500000000000001
20,-16,3.9741419243776255
20,-16,1.6500000000000001
20,-16,1.6500000000000001
20,-16,1.6500000000000001
20,-16,1.6500000000000001
20,-16,1.6500000000000001
20,-16,1.6500000000000001
20,-16,1.6500000000000001
20,-16,1.6500000000000001
20,-16,1.6500000000000001
20,-16,1.6500000000000001
20,-16,1.6500000000000001
20,-16,1.6500000000000001
20,-16,1.6500000000000001
20,-16,1.6500000000000001
20,-16,1.6500000000000001
20,-16,1.6500000000000001
20,-16,1.6500000000000001
20,-16,1.6500000000000001
20,-16,1.6500000000000001
20,-16,1.6500000000000001
20,-16,1.6500000000000001
20,-16,8.146461598041096
20,-16,3.1579664989611658
20,-16,1.6500000000000001
20,-16,8.03124132916607
20,-16,1.6500000000000001
20,-16,1.6500000000000001
20,-16,1.6500000000000001
20,-16,1.6500000000000001
20,-16,1.6500000000000001
20,-16,1.6500000000000001
20,-16,1.6500000000000001
20,-16,1.6500000000000001
20,-16,1.6500000000000001
20,-16,1.6500000000000001
20,-16,3.8050646430280857
20,-16,1.6500000000000001
20,-16,1.6500000000000001
20,-16,1.6500000000000001
20,-16,1.6500000000000001
20,-16,1.6500000000000001
20,-16,1.6500000000000001
20,-16,1.6500000000000001
20,-16,1.6500000000000001
20,-16,1.6500000000000001
20,-16,1.6500000000000001
20,-16,1.6500000000000001
20,-16,1.6500000000000001
20,-16,1.6500000000000001
20,-16,1.6500000000000001
20,-16,2.4782870986462555
20,-16,2.6783088488811675
20,-15,1.6500000000000001
20,-15,2.561107802656766
20,-15,1.6500000000000001
20,-15,1.6500000000000001
20,-15,1.6500000000000001
20,-15,1.6500000000000001
20,-15,1.6500000000000001
20,-15,1.6500000000000001
20,-15,1.6500000000000001
20,-15,1.6500000000000001
20,-15,1.6500000000000001
20,-15,1.6500000000000001
20,-15,1.6500000000000001
20,-15,1.6500000000000001
20,-15,1.6500000000000001
20,-15,1.6500000000000001
20,-15,1.6500000000000001
20,-15,1.6500000000000001
20,-15,1.6500000000000001
20,-15,1.6500000000000001
20,-15,1.6500000000000001
20,-15,1.6500000000000001
20,-15,1.6500000000000001
20,-15,1.6500000000000001
20,-15,1.6500000000000001
20,-15,1.6500000000000001
20,-15,1.6500000000000001
20,-15,2.034725690515855
20,-15,1.6500000000000001
20,-15,1.6500000000000001
20,-15,1.6500000000000001
20,-15,4.10858386928559
20,-15,1.6500000000000001
20,-15,1.6500000000000001
20,-15,1.6500000000000001
20,-15,7.34976966050735
20,-15,1.9742121285621015
20,-15,1.6500000000000001
20,-15,1.6500000000000001
20,-15,1.6500000000000001
20,-15,1.6500000000000001
20,-15,2.627190437693945
20,-15,1.6500000000000001
20,-15,2.3493443794403546
20,-15,1.6500000000000001
20,-15,1.6500000000000001
20,-15,1.6500000000000001
20,-15,1.6500000000000001
20,-15,1.6500000000000001
20,-15,1.6500000000000001
20,-15,1.6500000000000001
20,-15,1.6500000000000001
20,-15,1.6500000000000001
20,-15,1.6500000000000001
20,-15,1.6500000000000001
20,-15,1.6500000000000001
20,-15,1.6500000000000001
20,-15,1.6500000000000001
20,-15,1.6500000000000001
20,-15,1.6500000000000001
20,-15,1.6500000000000001
20,-14,1.6500000000000001
20,-14,1.6500000000000001
20,-14,5.218962047380135
20,-14,1.6500000000000001
20,-14,2.4620043313421145
20,-14,1.6500000000000001
20,-14,1.6500000000000001
20,-14,1.6500000000000001
20,-14,2.237240168694389
20,-14,1.6500000000000001
20,-14,1.6601580812434071
20,-14,2.3140471623208105
20,-14,1.6500000000000001
20,-14,1.6500000000000001
20,-14,1.6500000000000001
20,-14,1.6500000000000001
20,-14,1.6500000000000001
20,-14,1.6500000000000001
20,-14,1.6500000000000001
20,-14,1.6500000000000001
20,-14,1.6500000000000001
20,-14,1.6500000000000001
20,-14,1.6500000000000001
20,-14,1.6500000000000001
20,-14,2.5793366628850176
20,-14,1.6500000000000001
20,-14,1.6500000000000001
20,-14,2.065258405440435
20,-14,1.6500000000000001
20,-14,3.3873979280274513
20,-14,7.633308276091288
20,-14,1.6500000000000001
20,-14,4.415149733006872
20,-14,1.6500000000000001
20,-14,2.1825392527744163
20,-14,1.6500000000000001
20,-14,1.6500000000000001
20,-14,3.4332222299004664
20,-14,1.6500000000000001
20,-14,1.6500000000000001
20,-14,1.6500000000000001
20,-14,1.6500000000000001
20,-14,1.6500000000000001
20,-14,1.6500000000000001
20,-14,1.6500000000000001
20,-14,1.6500000000000001
20,-14,4.386346893177017
20,-14,1.6500000000000001
20,-14,1.6500000000000001
20,-14,1.6500000000000001
20,-14,1.6500000000000001
20,-14,4.840290652583135
20,-14,1.6500000000000001
20,-14,1.6500000000000001
20,-14,1.6500000000000001
20,-14,1.6500000000000001
20,-14,1.6500000000000001
20,-14,2.8098063501395765
20,-14,1.6500000000000001
20,-14,1.6500000000000001
20,-13,1.6500000000000001
20,-13,1.6500000000000001
20,-13,1.6500000000000001
20,-13,1.6500000000000001
20,-13,1.6500000000000001
20,-13,1.6500000000000001
20,-13,1.6500000000000001
20,-13,1.6500000000000001
20,-13,1.6500000000000001
20,-13,1.6500000000000001
20,-13,1.6500000000000001
20,-13,1.6500000000000001
20,-13,4.759318926302091
20,-13,1.6500000000000001
20,-13,1.6500000000000001
20,-13,1.6500000000000001
20,-13,1.6500000000000001
20,-13,1.6500000000000001
20,-13,1.734671113364871
20,-13,1.6500000000000001
20,-13,1.8335502891707516
20,-13,1.6500000000000001
20,-13,1.6500000000000001
20,-13,1.6500000000000001
20,-13,1.6500000000000001
20,-13,1.6500000000000001
20,-13,1.6500000000000001
20,-13,1.6500000000000001
20,-13,1.6500000000000001
20,-13,2.8234818027480943
20,-13,1.6500000000000001
20,-13,1.6500000000000001
20,-13,1.6500000000000001
20,-13,1.6500000000000001
20,-13,2.3000551711852184
20,-13,1.6500000000000001
20,-13,7.763405286080863
20,-13,1.6500000000000001
20,-13,1.6500000000000001
20,-13,1.6500000000000001
20,-13,1.6500000000000001
20,-13,1.6500000000000001
20,-13,3.923520721613162
20,-13,1.6500000000000001
20,-13,1.6500000000000001
20,-13,1.6500000000000001
20,-13,1.6500000000000001
20,-13,1.6500000000000001
20,-13,3.4395573182177954
20,-13,1.97990163781692
20,-13,1.6500000000000001
20,-13,1.6500000000000001
20,-13,1.6500000000000001
20,-13,3.449945244870002
20,-13,5.4551146490782925
20,-13,3.1780106280345275
20,-13,1.6500000000000001
20,-13,1.6500000000000001
20,-13,3.585712303144975
20,-13,1.6500000000000001
20,-13,2.3562650308066013
20,-12,1.6500000000000001
20,-12,8.498327136849596
20,-12,1.6500000000000001
20,-12,1.6500000000000001
20,-12,1.9544834186512627
20,-12,1.6500000000000001
20,-12,1.6500000000000001
20,-12,1.6500000000000001
20,-12,3.7687220857450185
20,-12,1.6500000000000001
20,-12,1.6500000000000001
20,-12,1.6500000000000001
20,-12,12.4874108219355
20,-12,1.6500000000000001
20,-12,1.6500000000000001
20,-12,2.483239067546899
20,-12,2.0446569381721753
20,-12,3.387533563764225
20,-12,1.6500000000000001
20,-12,1.6500000000000001
20,-12,3.2220534370891287
20,-12,3.923136864637101
20,-12,2.091610705760712
20,-12,1.6500000000000001
20,-12,1.6500000000000001
20,-12,6.998597241481945
20,-12,1.6500000000000001
20,-12,1.6500000000000001
20,-12,1.6500000000000001
20,-12,1.6500000000000001
20,-12,1.6500000000000001
20,-12,1.6500000000000001
20,-12,1.6500000000000001
20,-12,1.6500000000000001
20,-12,1.6500000000000001
20,-12,1.6500000000000001
20,-12,1.6500000000000001
20,-12,4.58699390487877
20,-12,1.6500000000000001
20,-12,1.6500000000000001
20,-12,2.2878442118499853
20,-12,1.6500000000000001
20,-12,1.6500000000000001
20,-12,1.6500000000000001
20,-12,1.6500000000000001
20,-12,1.6500000000000001
20,-12,4.561126238079296
20,-12,5.6637643509783695
20,-12,1.6500000000000001
20,-12,3.0117782383092266
20,-12,1.6500000000000001
20,-12,1.6500000000000001
20,-12,3.384578069734594
20,-12,1.6500000000000001
20,-12,1.6500000000000001
20,-12,7.544709565666295
20,-12,1.6500000000000001
20,-12,1.6500000000000001
20,-12,1.6500000000000001
20,-12,1.6500000000000001
20,-11,1.6500000000000001
20,-11,1.6500000000000001
20,-11,1.7886970884259994
20,-11,1.6500000000000001
20,-11,4.6253784616193
20,-11,1.6500000000000001
20,-11,3.825697844432793
20,-11,1.6500000000000001
20,-11,1.6500000000000001
20,-11,1.6500000000000001
20,-11,3.3726713174461826
20,-11,2.5614761898153184
20,-11,1.6500000000000001
20,-11,3.3811674792520505
20,-11,2.727707832570633
20,-11,4.057294823215123
20,-11,1.6500000000000001
20,-11,1.6500000000000001
20,-11,1.6500000000000001
20,-11,1.6500000000000001
20,-11,1.6500000000000001
20,-11,1.6500000000000001
20,-11,1.6500000000000001
20,-11,1.6500000000000001
20,-11,1.6500000000000001
20,-11,2.8936434933515143
20,-11,1.6500000000000001
20,-11,1.6500000000000001
20,-11,1.6500000000000001
20,-11,1.6500000000000001
20,-11,1.6500000000000001
20,-11,1.6500000000000001
20,-11,1.6500000000000001
20,-11,1.6500000000000001
20,-11,1.6500000000000001
20,-11,1.6500000000000001
20,-11,7.959828519529619
20,-11,1.6500000000000001
20,-11,4.19764207276369
20,-11,1.6500000000000001
20,-11,9.195064634525052
20,-11,1.6500000000000001
20,-11,3.973568986318935
20,-11,1.6500000000000001
20,-11,2.5265373659792676
20,-11,1.6500000000000001
20,-11,1.6500000000000001
20,-11,1.6500000000000001
20,-11,5.8217181518563095
20,-11,1.6500000000000001
20,-11,1.6500000000000001
20,-11,1.6500000000000001
20,-11,1.6500000000000001
20,-11,1.6500000000000001
20,-11,2.080849755243481
20,-11,1.6500000000000001
20,-11,1.6500000000000001
20,-11,1.6500000000000001
20,-11,1.6500000000000001
20,-11,1.6500000000000001
20,-11,1.6500000000000001
20,-10,3.751449767256073
20,-10,1.6500000000000001
20,-10,1.868063004253159
20,-10,1.6500000000000001
20,-10,1.6500000000000001
20,-10,1.6500000000000001
20,-10,1.6500000000000001
20,-10,1.6500000000000001
20,-10,1.6500000000000001
20,-10,1.6500000000000001
20,-10,5.218760277733092
20,-10,1.6500000000000001
20,-10,7.044889505922728
20,-10,1.6500000000000001
20,-10,1.6500000000000001
20,-10,1.6500000000000001
20,-10,1.6500000000000001
20,-10,2.6630175999141223
20,-10,1.6500000000000001
20,-10,1.6500000000000001
20,-10,2.825145902363743
20,-10,1.6500000000000001
20,-10,1.6500000000000001
20,-10,2.2584678896646224
20,-10,1.6500000000000001
20,-10,1.6500000000000001
20,-10,1.6500000000000001
20,-10,1.6500000000000001
20,-10,1.6500000000000001
20,-10,1.6500000000000001
20,-10,1.6500000000000001
20,-10,1.6500000000000001
20,-10,1.6500000000000001
20,-10,1.6500000000000001
20,-10,1.6500000000000001
20,-10,1.6500000000000001
20,-10,1.6500000000000001
20,-10,1.6500000000000001
20,-10,2.991855495497025
20,-10,1.6500000000000001
20,-10,1.6500000000000001
20,-10,5.244092507430207
20,-10,1.6500000000000001
20,-10,1.6500000000000001
20,-10,1.6500000000000001
20,-10,1.6500000000000001
20,-10,1.6500000000000001
20,-10,1.6500000000000001
20,-10,1.6500000000000001
20,-10,1.6500000000000001
20,-10,1.6500000000000001
20,-10,1.6500000000000001
20,-10,1.6500000000000001
20,-10,1.6500000000000001
20,-10,1.6500000000000001
20,-10,1.6500000000000001
20,-10,1.6500000000000001
20,-10,1.6500000000000001
20,-10,1.6500000000000001
20,-10,1.6500000000000001
20,-10,1.6500000000000001
20,-9,6.435400051207514
20,-9,1.6500000000000001
20,-9,1.6500000000000001
20,-9,1.6500000000000001
20,-9,1.6500000000000001
20,-9,1.6500000000000001
20,-9,1.9656671144003468
20,-9,3.2560058643871694
20,-9,1.6500000000000001
20,-9,6.223087792950065
20,-9,1.6500000000000001
20,-9,1.6500000000000001
20,-9,2.2437541362786386
20,-9,1.6500000000000001
20,-9,1.6500000000000001
20,-9,1.6500000000000001
20,-9,1.6500000000000001
20,-9,3.2678130980290163
20,-9,1.6500000000000001
20,-9,1.6500000000000001
20,-9,1.6500000000000001
20,-9,1.6500000000000001
20,-9,1.6500000000000001
20,-9,1.6500000000000001
20,-9,1.6500000000000001
20,-9,1.6500000000000001
20,-9,1.6500000000000001
20,-9,1.6500000000000001
20,-9,5.130918037098489
20,-9,1.6500000000000001
20,-9,3.9405269410182937
20,-9,1.6500000000000001
20,-9,1.6500000000000001
20,-9,1.8750586960356557
20,-9,1.6500000000000001
20,-9,1.6500000000000001
20,-9,2.7323212518465163
20,-9,1.6500000000000001
20,-9,1.6500000000000001
20,-9,1.6500000000000001
20,-9,1.6500000000000001
20,-9,1.6500000000000001
20,-9,1.6500000000000001
20,-9,1.6500000000000001
20,-9,2.7857182655437507
20,-9,1.6500000000000001
20,-9,4.2430216901716795
20,-9,6.320872077587915
20,-9,1.6500000000000001
20,-9,1.6500000000000001
20,-9,1.6500000000000001
20,-9,2.679701933582457
20,-9,1.6500000000000001
20,-9,1.6500000000000001
20,-9,1.6500000000000001
20,-9,1.6500000000000001
20,-9,1.6500000000000001
20,-9,1.6500000000000001
20,-9,4.547745903062879
20,-9,1.6500000000000001
20,-8,1.6500000000000001
20,-8,1.6500000000000001
20,-8,2.570396254313592
20,-8,3.5374429136334067
20,-8,1.6500000000000001
20,-8,6.381420454031676
20,-8,4.066744157870523
20,-8,4.139737178622846
20,-8,1.9838249257230818
20,-8,1.6500000000000001
20,-8,1.6500000000000001
20,-8,1.6500000000000001
20,-8,1.6500000000000001
20,-8,1.6500000000000001
20,-8,1.9938535683454939
20,-8,1.6500000000000001
20,-8,1.6500000000000001
20,-8,4.0386419442707915
20,-8,2.6461349024607657
20,-8,5.443504770690944
20,-8,2.7331833675851533
20,-8,1.6500000000000001
20,-8,1.6500000000000001
20,-8,1.6500000000000001
20,-8,2.512499259536099
20,-8,2.8203485184808668
20,-8,1.6500000000000001
20,-8,1.6500000000000001
20,-8,5.13966806553958
20,-8,3.474149547027238
20,-8,1.695023440573537
20,-8,1.6500000000000001
20,-8,6.6334105605436555
20,-8,1.6500000000000001
20,-8,1.6500000000000001
20,-8,1.6500000000000001
20,-8,1.6500000000000001
20,-8,1.6500000000000001
20,-8,1.6500000000000001
20,-8,5.857623971923692
20,-8,6.433763921891844
20,-8,1.676418219363069
20,-8,1.6500000000000001
20,-8,3.8042307909474573
20,-8,5.384819285231079
20,-8,1.6500000000000001
20,-8,1.6500000000000001
20,-8,1.6500000000000001
20,-8,1.6500000000000001
20,-8,1.6500000000000001
20,-8,1.6500000000000001
20,-8,1.6500000000000001
20,-8,1.6500000000000001
20,-8,1.6500000000000001
20,-8,1.6500000000000001
20,-8,1.6500000000000001
20,-8,2.5042178414484386
20,-8,6.78588354825799
20,-8,1.6500000000000001
20,-8,1.6500000000000001
20,-8,1.6500000000000001
19,-8,1.6500000000000001
19,-8,9.982299532911878
19,-8,1.6500000000000001
19,-8,1.6500000000000001
19,-8,1.6500000000000001
19,-8,1.6500000000000001
19,-8,1.6500000000000001
19,-8,2.3543372339465405
19,-8,1.6500000000000001
19,-8,1.6500000000000001
19,-8,1.6500000000000001
19,-8,1.6500000000000001
19,-8,1.6500000000000001
19,-8,1.6500000000000001
19,-8,1.6500000000000001
19,-8,1.6500000000000001
19,-8,1.6500000000000001
19,-8,1.6500000000000001
19,-8,5.5418189124328405
19,-8,5.7153917371958896
19,-8,1.6500000000000001
19,-8,2.0555987431055565
19,-8,1.6500000000000001
19,-8,1.6500000000000001
19,-8,1.6500000000000001
19,-8,2.3513117317112706
19,-8,2.514795596659319
19,-8,2.5635096789661147
19,-8,1.6500000000000001
19,-8,1.6500000000000001
19,-8,2.80757457364888
19,-8,1.6500000000000001
19,-8,1.6500000000000001
19,-8,1.6500000000000001
19,-8,2.708514232963819
19,-8,4.697287686256631
19,-8,1.6500000000000001
19,-8,1.6500000000000001
19,-8,1.6500000000000001
19,-8,3.995390756626421
19,-8,1.6500000000000001
19,-8,3.8230985376898508
19,-8,1.6500000000000001
19,-8,1.6500000000000001
19,-8,1.6500000000000001
19,-8,1.6500000000000001
19,-8,1.6500000000000001
19,-8,1.6500000000000001
19,-8,1.8691704705221563
19,-8,1.6500000000000001
19,-8,1.6500000000000001
19,-8,2.7135100577469933
19,-8,1.6500000000000001
19,-8,1.6500000000000001
19,-8,3.176755214725429
19,-8,1.6500000000000001
19,-8,4.969092162257764
19,-8,1.6500000000000001
19,-8,1.6500000000000001
19,-8,1.6500000000000001
18,-8,1.6500000000000001
18,-8,1.6500000000000001
18,-8,1.8530499558588405
18,-8,2.332475265415418
18,-8,1.7283366576756967
18,-8,2.962242125898646
18,-8,1.6500000000000001
18,-8,1.6500000000000001
18,-8,8.045710444292276
18,-8,3.0315845952402634
18,-8,1.6500000000000001
18,-8,1.6500000000000001
18,-8,1.6500000000000001
18,-8,2.4382353977961944
18,-8,1.6500000000000001
18,-8,1.6500000000000001
18,-8,1.6500000000000001
18,-8,1.6500000000000001
18,-8,3.0746246650184625
18,-8,2.4262046786681806
18,-8,1.6500000000000001
18,-8,2.3910100818042133
18,-8,1.6500000000000001
18,-8,1.6500000000000001
18,-8,1.6500000000000001
18,-8,1.6500000000000001
18,-8,1.6500000000000001
18,-8,1.8287817195588367
18,-8,1.6500000000000001
18,-8,1.6500000000000001
18,-8,1.6500000000000001
18,-8,1.6500000000000001
18,-8,2.3308956122374886
18,-8,1.6500000000000001
18,-8,1.6500000000000001
18,-8,1.6500000000000001
18,-8,1.6500000000000001
18,-8,1.6500000000000001
18,-8,6.030139649006819
18,-8,3.246893345486255
18,-8,1.6500000000000001
18,-8,1.6500000000000001
18,-8,2.1263148275701855
18,-8,1.6500000000000001
18,-8,1.6500000000000001
18,-8,3.503335837781087
18,-8,2.205898615396248
18,-8,5.20289993299528
18,-8,5.2544184379809895
18,-8,3.831648983827482
18,-8,3.1979329185238923
18,-8,1.6500000000000001
18,-8,1.6500000000000001
18,-8,6.506508614311815
18,-8,1.6500000000000001
18,-8,1.6500000000000001
18,-8,1.6500000000000001
18,-8,1.6500000000000001
18,-8,1.6500000000000001
18,-8,1.6500000000000001
18,-8,2.2426062737844012
17,-8,1.6500000000000001
17,-8,1.6500000000000001
17,-8,1.6500000000000001
17,-8,1.6500000000000001
17,-8,1.6500000000000001
17,-8,1.6500000000000001
17,-8,1.6500000000000001
17,-8,1.6660958490351536
17,-8,1.6500000000000001
17,-8,1.6500000000000001
17,-8,1.6548110423770894
17,-8,1.6500000000000001
17,-8,1.6500000000000001
17,-8,2.63958734620065
17,-8,6.936013579239901
17,-8,1.6500000000000001
17,-8,4.882580344582463
17,-8,4.386096007682912
17,-8,1.6500000000000001
17,-8,1.6500000000000001
17,-8,4.003423074478768
17,-8,1.6500000000000001
17,-8,2.684282504009756
17,-8,1.6500000000000001
17,-8,1.6500000000000001
17,-8,5.22540289924731
17,-8,1.6500000000000001
17,-8,1.6500000000000001
17,-8,1.6500000000000001
17,-8,1.6500000000000001
17,-8,2.0479245614221337
17,-8,1.734247033702836
17,-8,2.2579057011802663
17,-8,3.3357792702534494
17,-8,1.6500000000000001
17,-8,1.6500000000000001
17,-8,3.669805704990948
17,-8,1.6500000000000001
17,-8,4.490066298297453
17,-8,3.8622700319948744
17,-8,1.835440016071055
17,-8,1.6500000000000001
17,-8,2.462702484197863
17,-8,1.7094029739504957
17,-8,1.6500000000000001
17,-8,1.6500000000000001
17,-8,4.040565620359954
17,-8,1.6500000000000001
17,-8,8.789516060140759
17,-8,1.6500000000000001
17,-8,1.6500000000000001
17,-8,1.6500000000000001
17,-8,1.6500000000000001
17,-8,1.6500000000000001
17,-8,4.974203568627693
17,-8,1.6500000000000001
17,-8,2.2361894238466298
17,-8,1.6500000000000001
17,-8,5.499868711254245
17,-8,3.8733402474218503
17,-8,1.6500000000000001
16,-8,1.6500000000000001
16,-8,7.168881847708449
16,-8,5.403424856911335
16,-8,1.6500000000000001
16,-8,1.6500000000000001
16,-8,1.6500000000000001
16,-8,3.3122029367308423
16,-8,8.649506427347573
16,-8,5.597620446013587
16,-8,1.6500000000000001
16,-8,1.6500000000000001
16,-8,1.6500000000000001
16,-8,4.701573611790918
16,-8,5.756408903358738
16,-8,1.6500000000000001
16,-8,6.199390867458403
16,-8,1.6500000000000001
16,-8,5.996826342130888
16,-8,4.328436006613922
16,-8,4.260869353841503
16,-8,2.1157097171904873
16,-8,1.6500000000000001
16,-8,2.6673901472813646
16,-8,6.0959409474726565
16,-8,5.709260181758524
16,-8,1.6500000000000001
16,-8,1.9907843621828414
16,-8,1.6500000000000001
16,-8,2.4942674748810365
16,-8,1.6500000000000001
16,-8,1.6500000000000001
16,-8,1.6500000000000001
16,-8,6.185319487763627
16,-8,1.6500000000000001
16,-8,1.6500000000000001
16,-8,1.6500000000000001
16,-8,2.5139391400478237
16,-8,1.6500000000000001
16,-8,1.6500000000000001
16,-8,4.995819752258241
16,-8,6.504833766596097
16,-8,1.6500000000000001
16,-8,1.6500000000000001
16,-8,1.6500000000000001
16,-8,1.6500000000000001
16,-8,1.6500000000000001
16,-8,2.1494169347417964
16,-8,3.1022033490689322
16,-8,3.5060675773066095
16,-8,1.6500000000000001
16,-8,2.3551067246450135
16,-8,1.6500000000000001
16,-8,1.6500000000000001
16,-8,1.6500000000000001
16,-8,4.029603798753595
16,-8,1.6500000000000001
16,-8,1.7649070381302197
16,-8,4.101011781526601
16,-8,6.324877058778413
16,-8,1.6500000000000001
15,-8,5.2985737293880995
15,-8,1.881905286344711
15,-8,1.6500000000000001
15,-8,1.9428699713271103
15,-8,1.6500000000000001
15,-8,2.366484424163607
15,-8,2.685691652178216
15,-8,1.6500000000000001
15,-8,1.6500000000000001
15,-8,4.236424968159
15,-8,9.305990296545293
15,-8,1.6500000000000001
15,-8,1.6500000000000001
15,-8,4.639684537733411
15,-8,1.6500000000000001
15,-8,7.889370457952082
15,-8,1.6500000000000001
15,-8,2.148464383038459
15,-8,1.6500000000000001
15,-8,1.6500000000000001
15,-8,1.6500000000000001
15,-8,2.707876198889453
15,-8,8.246447851367975
15,-8,1.6500000000000001
15,-8,1.6500000000000001
15,-8,4.7132317919282425
15,-8,5.701933246562416
15,-8,1.6500000000000001
15,-8,2.393957797769598
15,-8,1.8127587705723607
15,-8,9.07064132681889
15,-8,1.6500000000000001
15,-8,2.7794793971027145
15,-8,3.779576828404177
15,-8,2.528079602787705
15,-8,1.6500000000000001
15,-8,3.511409485583411
15,-8,4.26406883625231
15,-8,1.6500000000000001
15,-8,2.9356676413074676
15,-8,1.6500000000000001
15,-8,4.849930485781063
15,-8,1.6500000000000001
15,-8,6.108722372974022
15,-8,1.6500000000000001
15,-8,3.4414703446697295
15,-8,1.6500000000000001
15,-8,1.6500000000000001
15,-8,5.59445015310675
15,-8,2.7978339250173936
15,-8,1.6500000000000001
15,-8,2.86588181116628
15,-8,1.6500000000000001
15,-8,4.1741210218257185
15,-8,2.786765919358169
15,-8,2.611399678128647
15,-8,1.6500000000000001
15,-8,12.27581184127688
15,-8,3.368898161277899
15,-8,4.025625731121355
15,-8,8.752864707380631
14,-8,1.6500000000000001
14,-8,6.788161581982294
14,-8,6.006023199154285
14,-8,1.6500000000000001
14,-8,4.2767726039492615
14,-8,4.666216943736948
14,-8,4.109501808207347
14,-8,5.6597571449983235
14,-8,2.7488580266863374
14,-8,1.918100714461373
14,-8,1.6500000000000001
14,-8,3.599725978578939
14,-8,1.6500000000000001
14,-8,5.175368207168836
14,-8,2.9227434453105605
14,-8,1.6500000000000001
14,-8,1.8462280588005866
14,-8,1.6500000000000001
14,-8,1.6500000000000001
14,-8,1.6500000000000001
14,-8,1.6500000000000001
14,-8,1.6500000000000001
14,-8,4.259014038009965
14,-8,1.6500000000000001
14,-8,3.506713483394851
14,-8,1.6500000000000001
14,-8,1.6500000000000001
14,-8,1.6500000000000001
14,-8,2.6111361988761272
14,-8,11.00601429790692
14,-8,7.088688529031936
14,-8,3.5432832118286335
14,-8,2.7445831346762635
14,-8,1.7458507024487249
14,-8,5.726733215086693
14,-8,1.6500000000000001
14,-8,1.6500000000000001
14,-8,1.6500000000000001
14,-8,1.6500000000000001
14,-8,1.6500000000000001
14,-8,1.6500000000000001
14,-8,1.6500000000000001
14,-8,2.336624820253034
14,-8,3.394187018704123
14,-8,1.6500000000000001
14,-8,6.209136271101605
14,-8,5.846403762880636
14,-8,5.0329499362908585
14,-8,9.427634928701774
14,-8,2.870209239627436
14,-8,1.6500000000000001
14,-8,1.6500000000000001
14,-8,1.6500000000000001
14,-8,4.4652396915215125
14,-8,1.6500000000000001
14,-8,1.6500000000000001
14,-8,1.6500000000000001
14,-8,4.397253317994508
14,-8,1.6500000000000001
14,-8,3.4919957491457074
13,-8,7.102412490786861
13,-8,1.6500000000000001
13,-8,3.9388432704080816
13,-8,1.6500000000000001
13,-8,1.6500000000000001
13,-8,2.243157223730507
13,-8,2.8725819466348685
13,-8,1.6500000000000001
13,-8,2.538722738984397
13,-8,2.7956129775236334
13,-8,1.6500000000000001
13,-8,2.319001167108638
13,-8,10.412037347559298
13,-8,5.596802437602777
13,-8,1.6500000000000001
13,-8,3.9247645563749485
13,-8,3.4632932267616763
13,-8,1.6500000000000001
13,-8,4.152005833441499
13,-8,4.473955663472239
13,-8,4.217461968703046
13,-8,1.6500000000000001
13,-8,4.016758690963724
13,-8,1.6500000000000001
13,-8,3.0593705792129535
13,-8,1.6500000000000001
13,-8,2.2148560669833515
13,-8,1.743100926292174
13,-8,5.945228888809657
13,-8,6.215184146166418
13,-8,2.0129365048168557
13,-8,1.6500000000000001
13,-8,5.114689921374689
13,-8,1.6500000000000001
13,-8,1.6500000000000001
13,-8,1.6500000000000001
13,-8,1.6500000000000001
13,-8,1.6500000000000001
13,-8,5.314962706597518
13,-8,3.3341665333277453
13,-8,10.810272920002589
13,-8,3.6360014175336377
13,-8,1.6500000000000001
13,-8,1.6500000000000001
13,-8,4.563894744902191
13,-8,4.493663114735546
13,-8,3.3651732441584405
13,-8,2.8212469281821044
13,-8,5.861300236439744
13,-8,6.487999418339612
13,-8,2.340747592320415
13,-8,1.6500000000000001
13,-8,4.777045450724175
13,-8,1.8551146865459582
13,-8,1.6500000000000001
13,-8,1.6500000000000001
13,-8,4.500679593251151
13,-8,7.383052243533569
13,-8,2.533755366138111
13,-8,1.6500000000000001
13,-8,7.960580197316056
12,-8,1.6500000000000001
12,-8,5.841864431095408
12,-8,2.0936484906534627
12,-8,2.9145702970626863
12,-8,1.6500000000000001
12,-8,3.6111078222304265
12,-8,2.741859148102372
12,-8,6.311555075031104
12,-8,1.6500000000000001
12,-8,2.3361918814991673
12,-8,5.845579596717477
12,-8,13.404059063226
12,-8,1.6500000000000001
12,-8,7.5999650515058494
12,-8,7.6689639183534934
12,-8,4.083439632042968
12,-8,1.6500000000000001
12,-8,2.405313016517682
12,-8,1.6500000000000001
12,-8,1.6500000000000001
12,-8,5.224834635278789
12,-8,1.6500000000000001
12,-8,4.744755149445197
12,-8,2.532322326057052
12,-8,3.622618603677593
12,-8,1.6500000000000001
12,-8,6.983178128631612
12,-8,5.75464026580015
12,-8,1.9337941468498878
12,-8,2.284877134185954
12,-8,2.2689857409932968
12,-8,3.3942158218008487
12,-8,1.6500000000000001
12,-8,8.174102226885179
12,-8,7.971197995258731
12,-8,2.750915666778368
12,-8,1.6500000000000001
12,-8,1.6500000000000001
12,-8,5.954411874967809
12,-8,5.168311139538346
12,-8,4.438507351330952
12,-8,1.6500000000000001
12,-8,9.415556086120873
12,-8,1.6500000000000001
12,-8,3.4509504274569354
12,-8,6.32199345791329
12,-8,7.596828091242166
12,-8,3.6430412909631347
12,-8,4.4394567018664315
12,-8,10.562710384036365
12,-8,6.628527690654035
12,-8,6.0728670945994025
12,-8,3.6653490051443374
12,-8,1.6500000000000001
12,-8,3.6220932663741796
12,-8,5.358144391197923
12,-8,11.800538375051516
12,-8,3.2179966075531277
12,-8,2.207307003772807
12,-8,4.08213095898014
12,-8,1.9900160471773163
11,-8,7.859254381545071
11,-8,2.9215600839397338
11,-8,3.0744618614477446
11,-8,1.6500000000000001
11,-8,1.6500000000000001
11,-8,4.666960910247209
11,-8,1.6500000000000001
11,-8,3.530267178250538
11,-8,1.6500000000000001
11,-8,1.6500000000000001
11,-8,1.6500000000000001
11,-8,3.2037098672312423
11,-8,4.104859454425906
11,-8,3.7542744636087844
11,-8,1.6500000000000001
11,-8,5.630352710234213
11,-8,1.7412085525322276
11,-8,1.922883657319932
11,-8,6.534414899538765
11,-8,4.516717887112185
11,-8,6.708283134883899
11,-8,1.6500000000000001
11,-8,5.9812622205539085
11,-8,4.002495319400695
11,-8,3.2814108394145287
11,-8,1.6500000000000001
11,-8,4.862679743956394
11,-8,3.9678580049391483
11,-8,7.4711132889850855
11,-8,7.037811303858725
11,-8,9.710674985340953
11,-8,3.592126468828976
11,-8,5.555617180935171
11,-8,3.0529284439987303
11,-8,3.8813429594855764
11,-8,2.7714135038482453
11,-8,5.10071391198167
11,-8,1.6500000000000001
11,-8,2.137002308571411
11,-8,1.6500000000000001
11,-8,3.5465451076130434
11,-8,4.392834823417565
11,-8,3.9857666578281994
11,-8,3.05027654145572
11,-8,1.6500000000000001
11,-8,3.274784208945388
11,-8,8.233940256898801
11,-8,1.6500000000000001
11,-8,1.6500000000000001
11,-8,3.763358636476042
11,-8,1.6500000000000001
11,-8,3.4375647873430104
11,-8,1.6565472965354573
11,-8,1.6500000000000001
11,-8,1.6500000000000001
11,-8,4.310358642454626
11,-8,4.630110819509877
11,-8,2.968400188181633
11,-8,1.6500000000000001
11,-8,6.398782707406797
10,-8,4.513446600061266
10,-8,1.6500000000000001
10,-8,8.091091404773
10,-8,4.301534701898726
10,-8,1.6500000000000001
10,-8,3.6184854252020413
10,-8,1.6500000000000001
10,-8,1.6500000000000001
10,-8,1.6500000000000001
10,-8,1.6500000000000001
10,-8,3.7208550454836047
10,-8,11.094436403104726
10,-8,2.5773967835908307
10,-8,3.7769513305889033
10,-8,4.9917170632216274
10,-8,5.482169019566321
10,-8,6.955520189348409
10,-8,6.605350741569719
10,-8,3.1319022268513534
10,-8,5.599123264648293
10,-8,5.854715232416866
10,-8,6.4080548405245965
10,-8,1.6849215938825792
10,-8,4.053358659460815
10,-8,7.740257123960578
10,-8,2.295830834663127
10,-8,6.719397488138261
10,-8,1.6500000000000001
10,-8,4.760619709507694
10,-8,6.569887678481347
10,-8,1.6500000000000001
10,-8,1.6500000000000001
10,-8,6.881488356835248
10,-8,1.6500000000000001
10,-8,4.696264175779819
10,-8,9.329331576504035
10,-8,4.707240159787172
10,-8,1.6500000000000001
10,-8,2.674257073776489
10,-8,3.8618347783386717
10,-8,3.7397315377334337
10,-8,1.6500000000000001
10,-8,5.46738838792566
10,-8,11.430763617363496
10,-8,3.617711508538277
10,-8,1.6500000000000001
10,-8,4.385430014345956
10,-8,5.911857355930221
10,-8,3.384914667617821
10,-8,6.916544413495232
10,-8,1.6500000000000001
10,-8,5.295238726030883
10,-8,4.795189782760709
10,-8,4.324366976978017
10,-8,9.25601597461754
10,-8,4.40194767691471
10,-8,2.124432961007272
10,-8,5.967677275916018
10,-8,5.287931225495415
10,-8,3.012768514755835
10,-8,4.112075629496539
10,-7,5.543765528471731
10,-7,5.736704544173234
10,-7,4.424117266659408
10,-7,3.250175581269613
10,-7,7.865659302866428
10,-7,2.802945349717943
10,-7,3.3243473493706723
10,-7,6.748598964735823
10,-7,4.108509602703727
10,-7,2.1107905013583217
10,-7,1.6500000000000001
10,-7,2.391634005464204
10,-7,1.6500000000000001
10,-7,5.0440289426172225
10,-7,1.6500000000000001
10,-7,2.6669588332583345
10,-7,5.72570655053053
10,-7,4.342568274187104
10,-7,8.42328057639541
10,-7,4.129317459659296
10,-7,9.911906501632501
10,-7,1.6500000000000001
10,-7,6.45705563242811
10,-7,1.6500000000000001
10,-7,1.6873491380822192
10,-7,8.712720196429096
10,-7,4.977991888141981
10,-7,6.658433129894492
10,-7,3.8883515847940586
10,-7,6.419001481448461
10,-7,3.168381632867474
10,-7,1.6500000000000001
10,-7,6.911592198309025
10,-7,1.6500000000000001
10,-7,4.036509616070797
10,-7,1.6500000000000001
10,-7,5.2671438291783215
10,-7,1.6500000000000001
10,-7,2.1991970555471605
10,-7,3.3835261949198965
10,-7,2.595623837493881
10,-7,9.906351948712917
10,-7,4.758917100250537
10,-7,6.446352447789353
10,-7,2.642380055705749
10,-7,5.2879827256406085
10,-7,3.513480346213416
10,-7,8.536137995369575
10,-7,5.427940527532056
10,-7,11.121748463809967
10,-7,6.682100207499573
10,-7,3.1351108495177353
10,-7,6.3049403433047315
10,-7,1.6500000000000001
10,-7,5.9506908923414095
10,-7,5.1030070034444694
10,-7,4.2509063793668656
10,-7,1.6500000000000001
10,-7,4.453676990512267
10,-7,7.849793525258657
9,-7,1.6500000000000001
9,-7,4.852984013592361
9,-7,8.887147192685147
9,-7,6.49418977700105
9,-7,4.311682585928798
9,-7,6.1676613048880204
9,-7,6.240370478975751
9,-7,6.154426469387308
9,-7,1.6500000000000001
9,-7,4.042413131905661
9,-7,8.756556601524476
9,-7,6.5139935879354836
9,-7,5.311578018357509
9,-7,6.2081050709046
9,-7,2.9175755778528125
9,-7,2.1141317311511063
9,-7,5.445513708954824
9,-7,7.453256498104402
9,-7,4.441445380289828
9,-7,3.5336277714527586
9,-7,5.820914300170168
9,-7,5.23872319369161
9,-7,1.6500000000000001
9,-7,3.014392151204863
9,-7,3.325446868511313
9,-7,3.545380600837646
9,-7,1.6500000000000001
9,-7,1.6500000000000001
9,-7,1.6500000000000001
9,-7,1.6500000000000001
9,-7,6.112532728072328
9,-7,1.6500000000000001
9,-7,6.30978222471658
9,-7,2.5663016480716965
9,-7,6.813408975614822
9,-7,4.755652015407627
9,-7,4.995803492659143
9,-7,5.904652758821626
9,-7,7.932075314639814
9,-7,1.8144780972071697
9,-7,4.9337978401485865
9,-7,2.950896362065098
9,-7,4.487035746520011
9,-7,10.804428533462998
9,-7,3.3938390563622733
9,-7,4.924267023014531
9,-7,1.6500000000000001
9,-7,5.750260054048423
9,-7,5.143054482749443
9,-7,7.620456995184477
9,-7,3.8487663360268294
9,-7,7.333905844099263
9,-7,1.6500000000000001
9,-7,1.6500000000000001
9,-7,2.5950120465971374
9,-7,6.238576510649048
9,-7,2.3376889034166877
9,-7,1.9952867472834348
9,-7,3.2937237169725115
9,-7,4.21600367699326
9,-7,4.8147551547268295
8,-7,5.740891360464344
8,-7,5.49083990591093
8,-7,7.30793446965642
8,-7,4.749841465092198
8,-7,1.6500000000000001
8,-7,2.050910906080427
8,-7,4.528120149189082
8,-7,6.465851690877747
8,-7,8.627740254772734
8,-7,8.114108369318958
8,-7,8.916134004117469
8,-7,6.291256330133126
8,-7,8.526161913417624
8,-7,7.226990200585192
8,-7,1.6500000000000001
8,-7,1.6500000000000001
8,-7,4.281917500650053
8,-7,5.48124359834799
8,-7,4.8776587961412625
8,-7,1.6500000000000001
8,-7,3.6935690895011932
8,-7,6.707939793868421
8,-7,3.569316245532835
8,-7,6.28011171345395
8,-7,3.4047172364352543
8,-7,12.259811759730248
8,-7,7.516535559091431
8,-7,2.2476441558703866
8,-7,3.738695138485008
8,-7,5.463574362852556
8,-7,3.694204723528258
8,-7,11.63443780749083
8,-7,4.063709243859823
8,-7,5.571833659953665
8,-7,6.939939066628371
8,-7,5.788801351081415
8,-7,7.283981208133664
8,-7,8.831494463975627
8,-7,4.921689411725146
8,-7,1.6500000000000001
8,-7,4.734116802726062
8,-7,5.8781964286140305
8,-7,1.6500000000000001
8,-7,6.826125625999372
8,-7,1.7262476636368582
8,-7,5.401240013195537
8,-7,5.570728921060555
8,-7,3.64188219929796
8,-7,6.114912020727322
8,-7,8.310322971777637
8,-7,7.568387711472685
8,-7,3.181115604911804
8,-7,3.2878174255350148
8,-7,1.846368314093219
8,-7,6.394062689139285
8,-7,2.806251526071166
8,-7,7.641672091550715
8,-7,3.2358604676693705
8,-7,3.6924322836900654
8,-7,2.8232257473438827
8,-7,9.544779632502642
7,-7,6.442649305800088
7,-7,5.497677034291674
7,-7,9.12340136426595
7,-7,1.6500000000000001
7,-7,6.3246886430902105
7,-7,2.176869285332831
7,-7,4.430596193210998
7,-7,3.9748415678240945
7,-7,2.596732586092712
7,-7,8.319121989800951
7,-7,8.18053290200203
7,-7,1.6500000000000001
7,-7,3.8550739052381005
7,-7,1.6817049502306887
7,-7,3.7801286056391064
7,-7,3.444397283438648
7,-7,1.6500000000000001
7,-7,6.803070451246926
7,-7,3.8003486936292576
7,-7,7.447374774611559
7,-7,3.862339086956117
7,-7,7.891658416436767
7,-7,3.8881762313180874
7,-7,3.125203473283889
7,-7,5.06705882446086
7,-7,5.688302345247715
7,-7,3.8903177075314175
7,-7,4.062959391907173
7,-7,7.466752342573096
7,-7,3.709193284334696
7,-7,1.6500000000000001
7,-7,5.114923001291292
7,-7,4.489794209853425
7,-7,5.594487788767607
7,-7,6.243046081420898
7,-7,7.686383412867892
7,-7,2.647485393099484
7,-7,1.6500000000000001
7,-7,5.158354308550853
7,-7,12.598336237344892
7,-7,7.379362890685163
7,-7,3.8708609516428445
7,-7,6.718116656010981
7,-7,4.7338224393268895
7,-7,3.3004798151629737
7,-7,3.6555371516410666
7,-7,1.6500000000000001
7,-7,1.6500000000000001
7,-7,7.390032739612822
7,-7,1.6500000000000001
7,-7,1.9125492487805262
7,-7,4.7433856178882206
7,-7,4.941631059303443
7,-7,5.300626957380438
7,-7,5.115831488639245
7,-7,4.162688743063648
7,-7,1.6500000000000001
7,-7,4.539225472785163
7,-7,6.4638183033452785
7,-7,10.084693333846474
7,-8,10.540806058934713
7,-8,11.266350110338136
7,-8,3.4478189009140014
7,-8,1.6500000000000001
7,-8,8.897868500481573
7,-8,4.4149246619802724
7,-8,6.348235898421633
7,-8,6.4237348285311295
7,-8,4.776644750458445
7,-8,7.586061310240403
7,-8,2.9171465464382997
7,-8,5.1812613624623305
7,-8,6.4092179351358745
7,-8,1.6500000000000001
7,-8,6.190038000650356
7,-8,4.04011211498356
7,-8,5.89923941677354
7,-8,10.41422003102751
7,-8,1.6500000000000001
7,-8,7.129491218046658
7,-8,5.462295414276645
7,-8,5.592044938714152
7,-8,3.6136374576402277
7,-8,5.628934123281129
7,-8,4.273376827475325
7,-8,1.6500000000000001
7,-8,8.326759272988374
7,-8,5.310549153273433
7,-8,8.395029362360972
7,-8,3.5002599504914653
7,-8,3.318185749278787
7,-8,4.910807499934799
7,-8,3.9318124618668167
7,-8,5.616484894338188
7,-8,4.634243117953112
7,-8,2.6066676170002365
7,-8,5.101770466011752
7,-8,10.533347341173114
7,-8,9.6527009320919
7,-8,1.7840320128248384
7,-8,9.726570557961193
7,-8,5.958395827000679
7,-8,4.687402782265086
7,-8,10.454259631330068
7,-8,1.6500000000000001
7,-8,3.5544720313841163
7,-8,6.137713552209147
7,-8,8.932299365293982
7,-8,7.060213122447651
7,-8,3.633858342485172
7,-8,1.9192563488771395
7,-8,5.346423963468129
7,-8,6.242676487208525
7,-8,2.8458302376870073
7,-8,6.728503305878016
7,-8,2.8182509881770716
7,-8,9.704809158848002
7,-8,7.041170540518843
7,-8,6.983787592567007
7,-8,4.197577816464296
7,-8,4.811574578924465
6,-8,11.298562374780284
6,-8,4.1101202857688754
6,-8,8.129949790656834
6,-8,1.6500000000000001
6,-8,3.4701824028948023
6,-8,2.0895624849320886
6,-8,10.387526922543604
6,-8,6.819862073414758
6,-8,7.72812900764265
6,-8,5.170918270737271
6,-8,7.458702670971665
6,-8,7.380034187375948
6,-8,3.31369462786924
6,-8,5.158700241966018
6,-8,7.043024763136909
6,-8,6.055253428808933
6,-8,9.604587716325039
6,-8,3.195969213070966
6,-8,7.43918262669797
6,-8,4.752861839764572
6,-8,4.607705830932577
6,-8,4.819535749084828
6,-8,6.125788803290438
6,-8,8.27777375610892
6,-8,4.840851551066406
6,-8,6.141246034898317
6,-8,9.006011751959894
6,-8,3.036229544825125
6,-8,5.48866071232501
6,-8,2.658953215119659
6,-8,4.988343073123082
6,-8,6.61507498053552
6,-8,4.198927091942934
6,-8,6.605090761676776
6,-8,4.070305148294516
6,-8,6.555803124366864
6,-8,5.697748236125516
6,-8,7.053440371073592
6,-8,6.913489493107353
6,-8,3.0464389384340294
6,-8,1.6500000000000001
6,-8,2.028897440080491
6,-8,5.778483952779332
6,-8,6.0643894768399065
6,-8,3.0757055473837873
6,-8,5.6772221185341625
6,-8,8.726064336734122
6,-8,6.61315537842819
6,-8,3.5586014931283083
6,-8,1.7737802356865497
6,-8,4.554144676357741
6,-8,2.9760215438874678
6,-8,1.8402782463111143
6,-8,6.897463003794002
6,-8,2.387726769923709
6,-8,8.099253317670199
6,-8,1.6500000000000001
6,-8,1.6500000000000001
6,-8,2.230281765774366
6,-8,6.927003965097679
6,-8,5.19219825954793
5,-8,1.6500000000000001
5,-8,5.210022407857008
5,-8,5.172180414310919
5,-8,5.345497212428103
5,-8,5.887193896523057
5,-8,2.8671268460715718
5,-8,4.059671811942206
5,-8,4.134918865844535
5,-8,1.6500000000000001
5,-8,3.8163603750876804
5,-8,1.6500000000000001
5,-8,2.2976417653241823
5,-8,1.6631683856688166
5,-8,9.918221490496945
5,-8,7.294215339552459
5,-8,5.205568270720788
5,-8,9.55539348329732
5,-8,5.524711503218878
5,-8,5.829314683798524
5,-8,12.723727757635798
5,-8,12.454862343258814
5,-8,7.3677157952729795
5,-8,5.9881781296649095
5,-8,6.22420226677476
5,-8,2.7440211788991773
5,-8,8.912299985198597
5,-8,12.34525285950474
5,-8,5.408192308222029
5,-8,1.6500000000000001
5,-8,9.4980441768355
5,-8,4.569151787309222
5,-8,3.2593946004515435
5,-8,4.767894976000704
5,-8,11.427691152649555
5,-8,5.794109935502898
5,-8,7.442603053966534
5,-8,4.644054800092916
5,-8,4.160270112294473
5,-8,4.214992710158367
5,-8,8.948175476684805
5,-8,7.864617594166813
5,-8,1.6500000000000001
5,-8,2.8083253547177627
5,-8,5.037793325427587
5,-8,11.153319348702698
5,-8,1.6500000000000001
5,-8,1.8778804066569528
5,-8,2.9464031382266986
5,-8,1.6500000000000001
5,-8,4.677252492808749
5,-8,1.6500000000000001
5,-8,6.3428773623036285
5,-8,1.6500000000000001
5,-8,5.801296564561216
5,-8,3.5121557492978197
5,-8,3.5821173006903364
5,-8,5.6119509687800315
5,-8,1.6500000000000001
5,-8,5.397545981865773
5,-8,7.767980862156458
6,-8,7.889199178561332
6,-8,6.295185658614403
6,-8,5.42996971554443
6,-8,4.581137710323799
6,-8,10.22199485168538
6,-8,3.5866798716636232
6,-8,4.088386007967796
6,-8,4.795301749203653
6,-8,4.27841401692555
6,-8,6.025219027180848
6,-8,5.490474990420183
6,-8,11.229205046744681
6,-8,9.13542109487771
6,-8,4.4705790581766385
6,-8,9.515714253070975
6,-8,2.2557932919953085
6,-8,9.964678451939966
6,-8,7.404160381559098
6,-8,1.6500000000000001
6,-8,1.6500000000000001
6,-8,2.8143274467085053
6,-8,5.721905940993191
6,-8,6.047927007399642
6,-8,1.6500000000000001
6,-8,5.274314732644498
6,-8,1.6500000000000001
6,-8,5.437024925490864
6,-8,13.97655488215304
6,-8,5.564380944599416
6,-8,3.1504910768765866
6,-8,2.338198974987453
6,-8,5.041668245446278
6,-8,1.6500000000000001
6,-8,7.154228046529557
6,-8,5.264085889047966
6,-8,7.539817155122185
6,-8,8.931009690697618
6,-8,1.6500000000000001
6,-8,2.9693099221744257
6,-8,7.7184545536616085
6,-8,6.156238094814296
6,-8,9.87121538245434
6,-8,1.6500000000000001
6,-8,1.6500000000000001
6,-8,10.59142267419638
6,-8,4.210134203375023
6,-8,1.6500000000000001
6,-8,3.7940642456721836
6,-8,8.351049873890213
6,-8,4.423719286595153
6,-8,6.572938442475184
6,-8,10.399470291296575
6,-8,5.578787631522079
6,-8,2.0481144378014475
6,-8,3.4477462506176226
6,-8,3.2318041829333084
6,-8,1.9963027871101096
6,-8,11.173433401593776
6,-8,7.168538945132447
6,-8,6.961313801900189
6,-8,3.1127927831204154
6,-9,10.910054945343369
6,-9,3.868292644392475
6,-9,7.061373387910518
6,-9,7.580966934048886
6,-9,1.6500000000000001
6,-9,1.6500000000000001
6,-9,5.676781278756614
6,-9,5.2579319337527215
6,-9,4.34365576910134
6,-9,8.672643182213893
6,-9,2.3869226353157966
6,-9,6.2611499868306195
6,-9,4.622848352529209
6,-9,8.985520098935702
6,-9,1.6500000000000001
6,-9,2.7490400615084853
6,-9,4.692167341615537
6,-9,3.4579769443817607
6,-9,1.6500000000000001
6,-9,1.6500000000000001
6,-9,5.232592637346347
6,-9,3.8260040938615725
6,-9,4.106380477755634
6,-9,5.975608651172048
6,-9,4.539831305655801
6,-9,13.056494480651837
6,-9,9.307454744818315
6,-9,12.975815231365976
6,-9,4.229702639502438
6,-9,6.485450119311503
6,-9,5.744395813823758
6,-9,5.528976070881195
6,-9,2.9541968717577283
6,-9,3.936858881299692
6,-9,8.428337704929447
6,-9,5.79174657349941
6,-9,7.793733269090925
6,-9,7.399930931910614
6,-9,1.7609986493971364
6,-9,3.5526181834320303
6,-9,8.145104634295823
6,-9,1.9365408107506177
6,-9,3.1572400083218244
6,-9,1.6500000000000001
6,-9,4.093074254140104
6,-9,4.314936674978896
6,-9,5.368034928509484
6,-9,5.369012750570612
6,-9,4.770917884229798
6,-9,5.362878441854054
6,-9,7.84422397559857
6,-9,6.378574426633477
6,-9,1.6500000000000001
6,-9,1.6500000000000001
6,-9,5.834017927328652
6,-9,1.7385231549917033
6,-9,4.974813158684404
6,-9,1.6500000000000001
6,-9,5.939953760735047
6,-9,6.080385387269354
5,-9,1.6500000000000001
5,-9,2.4440865409418846
5,-9,4.699497284539875
5,-9,8.014861803015688
5,-9,7.611939216662038
5,-9,5.711296019380603
5,-9,5.2007674316556125
5,-9,6.02680437574705
5,-9,1.6500000000000001
5,-9,4.372200488973816
5,-9,6.735040138690904
5,-9,11.005318472172146
5,-9,6.333679992616966
5,-9,4.224396182558005
5,-9,7.512397921349118
5,-9,4.197799167956342
5,-9,2.954134785615562
5,-9,7.121091839834804
5,-9,7.665281509775267
5,-9,5.044913172715661
5,-9,10.913190974389565
5,-9,4.431823681891555
5,-9,7.725413464189579
5,-9,1.6500000000000001
5,-9,9.572708354771796
5,-9,1.6500000000000001
5,-9,2.3579425496363946
5,-9,2.6245646396808993
5,-9,1.6500000000000001
5,-9,10.362069785940985
5,-9,2.244480951082768
5,-9,7.100301759203324
5,-9,6.173762513903972
5,-9,7.653918692744275
5,-9,3.556799938983483
5,-9,3.8277888717285546
5,-9,2.7272249219506906
5,-9,11.284019379759318
5,-9,8.096206230255715
5,-9,4.010298441648032
5,-9,1.6500000000000001
5,-9,8.939077725464823
5,-9,1.6500000000000001
5,-9,4.89595866123465
5,-9,4.03715351021766
5,-9,4.145852675639938
5,-9,5.946821054613475
5,-9,1.6500000000000001
5,-9,1.6500000000000001
5,-9,7.477761253479857
5,-9,1.6500000000000001
5,-9,4.8026296749591095
5,-9,2.481946043990729
5,-9,1.6500000000000001
5,-9,5.873643480270531
5,-9,1.6500000000000001
5,-9,5.295844734701401
5,-9,6.179598202675211
5,-9,7.147152062494145
5,-9,2.0372026201123123
5,-9,1.9068587838993687
4,-9,9.231397409781891
4,-9,3.020929811630786
4,-9,5.9608462224785335
4,-9,2.509037528136128
4,-9,2.4538444902486316
4,-9,12.466910288751418
4,-9,7.977799285469388
4,-9,14.343742615694538
4,-9,6.094197494753304
4,-9,4.802586098148779
4,-9,7.126643392675776
4,-9,9.934549135269744
4,-9,7.358120466289534
4,-9,8.892426816022795
4,-9,13.539699816448298
4,-9,5.311346216127212
4,-9,8.284074255694007
4,-9,4.198260560578819
4,-9,3.961593444176754
4,-9,6.396631490191302
4,-9,2.378529213308732
4,-9,9.036547617550049
4,-9,12.848436363907425
4,-9,6.243261319893867
4,-9,3.1266742428020824
4,-9,4.190214241144442
4,-9,5.87003131665249
4,-9,7.921025064036822
4,-9,5.194939208315295
4,-9,7.9052498144008
4,-9,5.159133999394417
4,-9,1.6500000000000001
4,-9,6.817996216688302
4,-9,1.6500000000000001
4,-9,8.334153344933215
4,-9,3.403049361026762
4,-9,10.976320994090884
4,-9,7.209115102879957
4,-9,5.735079959871267
4,-9,6.3071126920570455
4,-9,2.638613177117475
4,-9,1.6500000000000001
4,-9,4.414840739064465
4,-9,1.6500000000000001
4,-9,4.850881148497849
4,-9,4.21022659739834
4,-9,4.223732407678678
4,-9,6.090165715219614
4,-9,9.558240086408809
4,-9,3.6468285158132603
4,-9,2.144491487700862
4,-9,3.631246039787512
4,-9,5.3026881801310815
4,-9,3.1618786351289576
4,-9,7.253769991391802
4,-9,5.1513145186036455
4,-9,10.913839757453346
4,-9,7.295791420552407
4,-9,8.613483343136028
4,-9,4.920575005783868
4,-9,3.446342621287421
3,-9,13.58089581832018
3,-9,7.115506592565395
3,-9,6.353312329602573
3,-9,6.306184356907394
3,-9,1.6500000000000001
3,-9,5.7975745537161725
3,-9,6.659068914099558
3,-9,2.523679213911955
3,-9,7.719118954844966
3,-9,9.335904024372768
3,-9,2.708282396139713
3,-9,4.282175530603652
3,-9,5.640736248683323
3,-9,4.379097403684858
3,-9,2.016253133353772
3,-9,6.612332419603714
3,-9,6.464682604378878
3,-9,6.06890372556481
3,-9,5.399202868320518
3,-9,4.041458950866272
3,-9,9.277766878011665
3,-9,3.1757641819077946
3,-9,3.3113470469425073
3,-9,9.211157870929918
3,-9,2.973986958990511
3,-9,1.6500000000000001
3,-9,8.344883499458643
3,-9,3.722981785489165
3,-9,4.402193263368563
3,-9,5.561319284403661
3,-9,10.83515931966619
3,-9,4.609061139349223
3,-9,2.879830017496627
3,-9,3.301339970535645
3,-9,7.164859465305503
3,-9,7.097399890492055
3,-9,9.637802964235282
3,-9,6.910399285771449
3,-9,5.369483891143255
3,-9,5.107527653451384
3,-9,1.6500000000000001
3,-9,1.6538329597656896
3,-9,2.7296053853251565
3,-9,8.465252040758857
3,-9,5.942002644234839
3,-9,10.09148373889076
3,-9,4.324614310638207
3,-9,3.660752468872139
3,-9,6.417275266714274
3,-9,8.698203409379591
3,-9,7.688095105013355
3,-9,1.6500000000000001
3,-9,10.125211046613117
3,-9,8.238500565094572
3,-9,6.343457795325489
3,-9,1.7136578389744002
3,-9,11.826521987545112
3,-9,5.308174603209174
3,-9,5.348606383350763
3,-9,5.732916731139395
4,-9,6.624465356227232
4,-9,7.154707125469537
4,-9,15.670591317807173
4,-9,1.6500000000000001
4,-9,15.303602926237076
4,-9,6.933527734822505
4,-9,3.42216452961861
4,-9,5.257503637774313
4,-9,5.852013729446705
4,-9,5.77719932446594
4,-9,11.220800283350933
4,-9,8.243337823772801
4,-9,5.778083750950798
4,-9,11.595698252168727
4,-9,4.046041351986511
4,-9,3.581465200262227
4,-9,8.565199339534537
4,-9,5.809259943204252
4,-9,4.735231652303984
4,-9,3.9609230426120345
4,-9,8.371722262377032
4,-9,3.2868167900167653
4,-9,8.808989206484444
4,-9,1.6500000000000001
4,-9,6.434814806351225
4,-9,2.248974580494504
4,-9,3.232907539985813
4,-9,5.478590414920375
4,-9,1.6500000000000001
4,-9,9.17726917691728
4,-9,11.493078740757653
4,-9,11.11554783004403
4,-9,7.913803377401423
4,-9,5.740594892025227
4,-9,9.539436685856147
4,-9,7.186781674134572
4,-9,5.22489665224471
4,-9,11.317640857807724
4,-9,7.267380716766896
4,-9,7.428239545179592
4,-9,3.5117511770726306
4,-9,3.0463043867971167
4,-9,6.737905923965145
4,-9,5.098397382645597
4,-9,9.666148638132189
4,-9,11.734658771039108
4,-9,6.684545889706833
4,-9,1.6500000000000001
4,-9,7.391020059896771
4,-9,4.3386284791160215
4,-9,5.410912756095076
4,-9,6.7314251290320675
4,-9,8.23414783200513
4,-9,7.893236084602011
4,-9,4.356729097474278
4,-9,5.919179905446312
4,-9,1.6500000000000001
4,-9,8.045378312926296
4,-9,4.3335587142513505
4,-9,1.8602483068689848
4,-9,4.315511102830047
5,-9,4.157768751948035
5,-9,1.6500000000000001
5,-9,7.218400164952273
5,-9,1.6500000000000001
5,-9,10.561413242474375
5,-9,4.971411053744719
5,-9,6.163339987269947
5,-9,4.506000798767922
5,-9,2.1816618270557617
5,-9,1.6500000000000001
5,-9,9.527372893964358
5,-9,6.581058128161548
5,-9,6.370358173566469
5,-9,1.6500000000000001
5,-9,3.3400904328464778
5,-9,10.518158715093687
5,-9,5.309481201433842
5,-9,7.072514657777469
5,-9,3.749521746397294
5,-9,1.6500000000000001
5,-9,6.995859455405306
5,-9,3.8557604369259653
5,-9,1.6500000000000001
5,-9,5.2658201960911235
5,-9,8.77580423400482
5,-9,4.055033292211435
5,-9,7.29970937533512
5,-9,1.744058056055704
5,-9,6.387565534372967
5,-9,2.150574441152885
5,-9,4.711975298853685
5,-9,4.641369935394946
5,-9,4.325630160127903
5,-9,6.81503992154467
5,-9,7.460601129788534
5,-9,5.24897684684256
5,-9,5.555956629220408
5,-9,9.902617792339381
5,-9,2.5298401952794802
5,-9,4.613479341466979
5,-9,6.424805831085157
5,-9,9.40144735832402
5,-9,6.565197416187082
5,-9,7.325789391208733
5,-9,4.549673003857558
5,-9,2.8821022279469357
5,-9,4.155779858396754
5,-9,7.313219405295911
5,-9,8.28286830779839
5,-9,2.575712607222383
5,-9,6.706476454688252
5,-9,6.69900918868523
5,-9,14.692688488766603
5,-9,12.921163076737653
5,-9,4.220378516228769
5,-9,12.045192947382784
5,-9,9.22281027942488
5,-9,12.158839193863574
5,-9,4.396942823316984
5,-9,6.133463669393372
4,-9,3.037775078426926
4,-9,8.03954838313309
4,-9,13.456517271135263
4,-9,3.9149976941456366
4,-9,4.088324233173642
4,-9,2.46443170107042
4,-9,3.6640912857758305
4,-9,1.6500000000000001
4,-9,9.800864138034754
4,-9,2.394816948333015
4,-9,4.4518878430625
4,-9,4.609123428209601
4,-9,2.223945808466819
4,-9,4.832527228508231
4,-9,6.02233493119263
4,-9,6.389487235290176
4,-9,7.2561918827692145
4,-9,7.078818375129037
4,-9,2.9374354730591645
4,-9,5.456975771625596
4,-9,7.550948096772736
4,-9,7.323722310644595
4,-9,5.140871538196924
4,-9,7.59118553344266
4,-9,3.770766811806704
4,-9,6.882270105820394
4,-9,7.366515014895082
4,-9,8.367098944545079
4,-9,3.307195503950709
4,-9,4.275788886817401
4,-9,5.8612053055334075
4,-9,7.541087532622724
4,-9,1.6500000000000001
4,-9,7.246721419348871
4,-9,5.346219686500097
4,-9,10.351633315344884
4,-9,2.8450825990275805
4,-9,2.5435190124048694
4,-9,2.8037709070774186
4,-9,3.870212410314925
4,-9,3.3538879794067236
4,-9,6.5435789828574205
4,-9,4.533373840160458
4,-9,7.55215168468837
4,-9,8.269352081559898
4,-9,5.59095298415497
4,-9,6.59392283189347
4,-9,8.064030322439201
4,-9,6.38470635894565
4,-9,6.440763599523462
4,-9,3.9823774595485766
4,-9,2.7792164806379227
4,-9,4.480305268299884
4,-9,5.638786989468398
4,-9,3.9021617928224686
4,-9,12.332298621800582
4,-9,3.781344635385281
4,-9,5.4338112641762635
4,-9,6.824704936374608
4,-9,6.559142510561607
4,-9,5.981792958935251
4,-10,3.977566937190675
4,-10,1.6500000000000001
4,-10,5.280732395895534
4,-10,1.6500000000000001
4,-10,6.653212954823028
4,-10,1.6500000000000001
4,-10,4.769406915512025
4,-10,6.59604957159755
4,-10,2.2136704757037973
4,-10,1.7861753674424357
4,-10,1.6500000000000001
4,-10,11.343426389994843
4,-10,4.72386899058169
4,-10,5.109749245909514
4,-10,3.5970150124806177
4,-10,8.778437991491032
4,-10,1.6500000000000001
4,-10,2.3239749682325685
4,-10,3.062430684587614
4,-10,3.311316684204575
4,-10,8.506165854852236
4,-10,7.435802199497857
4,-10,1.6500000000000001
4,-10,8.627435220188659
4,-10,7.646308908654603
4,-10,2.8081505802196367
4,-10,3.0283950062927305
4,-10,4.350336297454093
4,-10,8.827030093516314
4,-10,4.756826082051172
4,-10,7.7495078940492155
4,-10,6.530345633162641
4,-10,7.212280217053055
4,-10,1.652437463931562
4,-10,2.3047983028297496
4,-10,5.931836149563598
4,-10,4.439354986688378
4,-10,4.265923485461163
4,-10,4.381288618128455
4,-10,5.124701773767974
4,-10,3.453113079147293
4,-10,7.341002688671902
4,-10,4.843640637148391
4,-10,10.555042787364702
4,-10,6.142990570107914
4,-10,7.216096729429713
4,-10,6.5908892843696165
4,-10,1.6500000000000001
4,-10,5.139587358759171
4,-10,4.018960878707703
4,-10,9.019983850340743
4,-10,1.6500000000000001
4,-10,3.6943574884588335
4,-10,5.932264680889819
4,-10,5.038624029411294
4,-10,4.402235132387097
4,-10,7.95270056252118
4,-10,9.858834887164267
4,-10,1.6500000000000001
4,-10,10.66709249695355
4,-10,5.402898162538145
3,-10,11.247890956866101
3,-10,6.222135201340469
3,-10,5.804291135998261
3,-10,8.60558097207403
3,-10,8.478117850094767
3,-10,9.469665915763041
3,-10,3.624704735085768
3,-10,3.822180878671178
3,-10,3.929955477682016
3,-10,6.317273817570139
3,-10,6.679864991541269
3,-10,3.7185846429673894
3,-10,1.8275825719984038
3,-10,6.710765628272649
3,-10,4.167300921148729
3,-10,4.712405276818634
3,-10,5.06788467596982
3,-10,2.366354505146168
3,-10,3.050141828632742
3,-10,10.677803118932212
3,-10,5.198628705536492
3,-10,12.444093537380706
3,-10,3.6598159163211093
3,-10,4.846789381322317
3,-10,7.652487840134077
3,-10,1.9726917265059334
3,-10,3.243697498827565
3,-10,4.251698264755819
3,-10,3.6789029515315126
3,-10,5.666226752290429
3,-10,1.6500000000000001
3,-10,1.6500000000000001
3,-10,8.837573198885483
3,-10,8.270021862038814
3,-10,7.34231863085202
3,-10,2.675000620745143
3,-10,9.51403440525755
3,-10,2.7536142509462698
3,-10,4.156036279535654
3,-10,7.910276861360886
3,-10,3.9222644138559954
3,-10,5.290736071852319
3,-10,3.7424601366146524
3,-10,4.370711367758606
3,-10,4.995461970176706
3,-10,6.780747994753604
3,-10,5.687999446249966
3,-10,6.27968555414741
3,-10,7.917525575601161
3,-10,10.320537131949283
3,-10,3.784180837403299
3,-10,1.6500000000000001
3,-10,6.920585557152343
3,-10,5.717828208974205
3,-10,6.752617003519166
3,-10,8.155206506091002
3,-10,5.108785388428151
3,-10,7.610573445629912
3,-10,9.88450571305513
3,-10,8.796204587682826
4,-10,1.7347920071311753
4,-10,3.654445214757475
4,-10,3.771505187974385
4,-10,3.4448788226966456
4,-10,3.9109747336690175
4,-10,6.084434218603088
4,-10,3.217940883154245
4,-10,1.6500000000000001
4,-10,1.836076301254602
4,-10,6.845953162171227
4,-10,5.097240695973634
4,-10,2.599282950484183
4,-10,5.90039374902897
4,-10,2.712649847713296
4,-10,6.925359319074011
4,-10,4.695776165685877
4,-10,3.9925309244599254
4,-10,6.849643061235428
4,-10,6.210151187477839
4,-10,3.8983153763135414
4,-10,11.193121516408338
4,-10,2.6166987280369876
4,-10,5.150137793824134
4,-10,8.609053909991632
4,-10,1.6500000000000001
4,-10,1.6910766666168882
4,-10,3.333673928277885
4,-10,2.834421827392794
4,-10,9.222909109155752
4,-10,1.7064644394891353
4,-10,4.043922812647905
4,-10,2.7183255568807008
4,-10,8.12016672343178
4,-10,7.257335102208909
4,-10,5.468847651082433
4,-10,5.854694433866486
4,-10,4.776266786715728
4,-10,10.944713973737402
4,-10,5.679214593433265
4,-10,2.871644246856569
4,-10,1.6500000000000001
4,-10,13.767543279189264
4,-10,3.825982030189419
4,-10,3.0314256857134207
4,-10,1.6500000000000001
4,-10,3.3327018728584745
4,-10,8.810281418140722
4,-10,6.308570187187436
4,-10,9.030538631546879
4,-10,1.6500000000000001
4,-10,7.323515527304814
4,-10,7.452126805156038
4,-10,3.6441287640051403
4,-10,6.7082104378371055
4,-10,6.794607251985914
4,-10,2.407151417848121
4,-10,5.202561777474752
4,-10,4.141650093753422
4,-10,7.2746462100869635
4,-10,2.176691737857836
4,-10,5.285788339388255
4,-11,3.7214023744743705
4,-11,1.6500000000000001
4,-11,8.552427333743182
4,-11,5.958139735892623
4,-11,8.9960906966257
4,-11,6.855637212840609
4,-11,4.984993575834055
4,-11,3.272293245518542
4,-11,2.216732423673992
4,-11,1.6500000000000001
4,-11,5.7638443315853936
4,-11,7.513140378784806
4,-11,3.3308766272272683
4,-11,3.954611846857346
4,-11,13.775924541860235
4,-11,1.6500000000000001
4,-11,1.8661296155219578
4,-11,6.467854036251271
4,-11,4.048378875994292
4,-11,6.546607528538701
4,-11,1.6500000000000001
4,-11,1.9452932041865112
4,-11,3.539037042216578
4,-11,8.398777980343135
4,-11,1.6500000000000001
4,-11,3.3046042680631187
4,-11,4.02954532787073
4,-11,9.848482703627496
4,-11,11.53347911877567
4,-11,8.213328497793373
4,-11,3.75922668732477
4,-11,1.6500000000000001
4,-11,3.2467656666712434
4,-11,7.012608566981541
4,-11,2.0596542745646262
4,-11,3.6586537202398453
4,-11,6.727297257855407
4,-11,3.5102291171078295
4,-11,9.137218954116188
4,-11,2.3245897734988294
4,-11,1.6500000000000001
4,-11,6.616085491071181
4,-11,8.757803630248482
4,-11,1.8263716143562658
4,-11,4.260196555274762
4,-11,1.6500000000000001
4,-11,5.238761387562287
4,-11,7.05621076324031
4,-11,7.835065981802174
4,-11,5.332699352806989
4,-11,1.6500000000000001
4,-11,5.986871750315356
4,-11,5.446299001720067
4,-11,8.991603759071008
4,-11,7.607407925501595
4,-11,11.09316224237859
4,-11,1.806928018981805
4,-11,9.17452923800629
4,-11,1.6500000000000001
4,-11,2.6891748125228405
3,-11,2.561220059325678
3,-11,8.155327537757847
3,-11,3.8020528548938533
3,-11,2.520926081076304
3,-11,6.005221794396721
3,-11,3.097488930171176
3,-11,3.7176977735604915
3,-11,5.4122889727723855
3,-11,1.6500000000000001
3,-11,2.2489144719213954
3,-11,3.7588741374941708
3,-11,10.269166457144735
3,-11,5.029666627745114
3,-11,1.6500000000000001
3,-11,6.359168417639763
3,-11,10.9744631481847
3,-11,1.6500000000000001
3,-11,4.800900468653869
3,-11,4.699421165782729
3,-11,5.57366133587619
3,-11,1.6500000000000001
3,-11,7.008927993584325
3,-11,4.047216913299616
3,-11,4.335963877521101
3,-11,6.876430239260539
3,-11,11.04183168823713
3,-11,6.097388475599782
3,-11,6.542166242124239
3,-11,4.3931866809459015
3,-11,4.257842964295572
3,-11,1.6500000000000001
3,-11,4.9998770293569335
3,-11,1.8841055675701495
3,-11,1.6500000000000001
3,-11,6.838301111239257
3,-11,6.7890717630309245
3,-11,6.920569778861626
3,-11,4.446364442419522
3,-11,3.486752925346768
3,-11,5.684835663154633
3,-11,2.571887026223029
3,-11,5.291803710307343
3,-11,2.2645848944517732
3,-11,10.426444383316063
3,-11,2.2885346470061303
3,-11,5.474241120774413
3,-11,7.033525527427839
3,-11,8.407783006569929
3,-11,8.759077609660748
3,-11,4.125918861970827
3,-11,2.8949127837983992
3,-11,1.6500000000000001
3,-11,5.700525012650683
3,-11,4.588959730846015
3,-11,1.6500000000000001
3,-11,4.62766726709534
3,-11,7.1974658842061
3,-11,2.5084018047745555
3,-11,2.265899099852901
3,-11,6.399084206189247
3,-11,5.238951679457724
2,-11,9.08273938463557
2,-11,3.9074535853682337
2,-11,5.308503177625479
2,-11,3.356618754186157
2,-11,3.337842047526501
2,-11,5.497460386732367
2,-11,5.155434121187907
2,-11,7.584205362410131
2,-11,6.465721557072949
2,-11,3.3755377059801384
2,-11,5.65875806714281
2,-11,5.825510254269279
2,-11,5.243020203031338
2,-11,1.6500000000000001
2,-11,4.87302179692095
2,-11,8.734312962088293
2,-11,8.914677110231352
2,-11,2.1319993575308454
2,-11,7.896122255030427
2,-11,1.6500000000000001
2,-11,3.894937972438719
2,-11,6.740336106795732
2,-11,5.847557590491496
2,-11,8.772173941920228
2,-11,2.076858271091053
2,-11,1.6500000000000001
2,-11,4.181006381850214
2,-11,6.127083052287072
2,-11,10.465814921095916
2,-11,5.320259480646006
2,-11,2.9426661077085177
2,-11,3.940272665398695
2,-11,5.889241435971133
2,-11,4.057149742218227
2,-11,5.203108876045666
2,-11,3.458795364550404
2,-11,3.2947326057819666
2,-11,4.042751219815513
2,-11,3.016563903582633
2,-11,5.277863045533927
2,-11,4.677073271439969
2,-11,4.752217343093371
2,-11,1.6500000000000001
2,-11,3.586352710877083
2,-11,1.6500000000000001
2,-11,4.977863798823672
2,-11,3.151053126255322
2,-11,1.6500000000000001
2,-11,1.6500000000000001
2,-11,2.193647634826482
2,-11,3.803521522773962
2,-11,4.929551560513638
2,-11,9.426870473858632
2,-11,5.314603335895275
2,-11,8.75488848217837
2,-11,5.853505900893648
2,-11,7.022702503868327
2,-11,1.6500000000000001
2,-11,4.455006807421031
2,-11,5.6723186800745555
2,-11,3.8800964459686074
1,-11,3.662571938641956
1,-11,4.184339950381472
1,-11,3.8776850146198503
1,-11,4.874925492218421
1,-11,4.583485690206664
1,-11,9.401081871268026
1,-11,1.6500000000000001
1,-11,1.970107016891041
1,-11,1.6500000000000001
1,-11,1.6500000000000001
1,-11,1.6500000000000001
1,-11,1.7556984423921302
1,-11,3.822552174886522
1,-11,5.824408136731451
1,-11,7.353568752785437
1,-11,4.650793966106413
1,-11,7.638816666535591
1,-11,3.2503059774250587
1,-11,3.828012680088151
1,-11,8.777765379119641
1,-11,5.648605763089353
1,-11,1.6500000000000001
1,-11,6.331267420101138
1,-11,7.045224656527417
1,-11,7.718067003696555
1,-11,4.744124516478597
1,-11,11.871176313838124
1,-11,2.383957940776475
1,-11,2.4445654774544376
1,-11,6.435996282819265
1,-11,13.350184779011858
1,-11,5.185268296074883
1,-11,4.96389075906312
1,-11,7.300372189415471
1,-11,1.6500000000000001
1,-11,4.232546473146648
1,-11,7.551938859140536
1,-11,1.7336712809168526
1,-11,6.073786422448332
1,-11,4.429228638172602
1,-11,3.137139517800861
1,-11,8.47089785581529
1,-11,1.6500000000000001
1,-11,4.751646085120348
1,-11,5.894582708114283
1,-11,2.6011537519826016
1,-11,6.550727764382295
1,-11,7.654201635933953
1,-11,8.525404037969562
1,-11,2.058240610356838
1,-11,6.846101475853659
1,-11,5.101179220718752
1,-11,4.609699696277614
1,-11,5.71086214014118
1,-11,1.6563186063103834
1,-11,4.852802387319336
1,-11,7.133071912284463
1,-11,2.4979770632948024
1,-11,4.423843182363726
1,-11,3.5540054797606047
0,-11,1.6500000000000001
0,-11,6.871776397051751
0,-11,5.3156686098286325
0,-11,6.038822951699086
0,-11,7.771972402918245
0,-11,7.500742805285309
0,-11,1.6500000000000001
0,-11,7.7251261545857535
0,-11,3.860106118940526
0,-11,7.101923310088436
0,-11,3.299128690782914
0,-11,7.117176959828476
0,-11,5.847540782121131
0,-11,5.420048744710912
0,-11,6.997869983822117
0,-11,6.496696485453168
0,-11,6.661780676806646
0,-11,7.103185634724364
0,-11,10.179160061677024
0,-11,3.960424429708544
0,-11,7.825707678280671
0,-11,1.6500000000000001
0,-11,2.8082428572780875
0,-11,3.1058833906929726
0,-11,5.106082480293702
0,-11,6.80920238839262
0,-11,2.518615420083259
0,-11,12.140788268061389
0,-11,7.209616062090525
0,-11,3.4952469775141735
0,-11,4.431183147943362
0,-11,1.6500000000000001
0,-11,2.487663769245079
0,-11,3.9419956023043277
0,-11,4.66684927948148
0,-11,7.015357237976595
0,-11,10.629559833484528
0,-11,6.690403313312686
0,-11,4.844658420698531
0,-11,1.6500000000000001
0,-11,3.8770838129251346
0,-11,4.387570389691062
0,-11,3.2493192298961375
0,-11,1.6500000000000001
0,-11,4.387588315220888
0,-11,5.921407391828249
0,-11,2.8765703448483353
0,-11,10.090832502646023
0,-11,1.6500000000000001
0,-11,9.471129753600447
0,-11,5.911347161224979
0,-11,6.191825855104217
0,-11,2.9871028310449876
0,-11,1.6500000000000001
0,-11,8.468341427810882
0,-11,7.1483448962972505
0,-11,1.6500000000000001
0,-11,2.5724185028804976
0,-11,4.047343627419411
0,-11,1.6500000000000001
0,-11,5.118620659030452
-1,-11,3.322739238489329
-1,-11,12.936114573473581
-1,-11,9.309647329220311
-1,-11,2.3107913621968397
-1,-11,6.244438588470185
-1,-11,1.6500000000000001
-1,-11,2.219959348128631
-1,-11,4.793988300759664
-1,-11,3.0440976970666176
-1,-11,9.074932223419243
-1,-11,1.6500000000000001
-1,-11,7.219818105937704
-1,-11,9.538654303320124
-1,-11,7.564067109226794
-1,-11,3.6797851265047066
-1,-11,3.7829477971706433
-1,-11,6.119613481607323
-1,-11,3.988210340744875
-1,-11,5.651053306424667
-1,-11,11.218499521098959
-1,-11,2.020860654026106
-1,-11,1.6500000000000001
-1,-11,9.214651283185052
-1,-11,2.255834945022797
-1,-11,4.277026272901131
-1,-11,3.8914336481479785
-1,-11,4.585538997785758
-1,-11,7.044919132396281
-1,-11,4.388660276489724
-1,-11,6.1957907743356815
-1,-11,1.6500000000000001
-1,-11,3.356817846431561
-1,-11,1.6500000000000001
-1,-11,1.6500000000000001
-1,-11,1.6500000000000001
-1,-11,4.430017335290893
-1,-11,9.170204853445181
-1,-11,4.924718732308292
-1,-11,4.906150307877344
-1,-11,1.6500000000000001
-1,-11,3.430381103178954
-1,-11,7.033875037395572
-1,-11,2.7460600668620145
-1,-11,2.1608137853815554
-1,-11,4.1647460760735076
-1,-11,2.329134628796791
-1,-11,4.469097028127867
-1,-11,5.809640785993873
-1,-11,6.106954472271174
-1,-11,3.7135059844541485
-1,-11,5.882047317248352
-1,-11,3.5303178148249943
-1,-11,3.3904788747662677
-1,-11,1.6500000000000001
-1,-11,1.6500000000000001
-1,-11,12.802738553467602
-1,-11,9.007089327107273
-1,-11,6.3072196422676745
-1,-11,3.5172777439139207
-1,-11,2.9215339094064605
-1,-12,4.214323197582519
-1,-12,6.7511276249761165
-1,-12,1.6500000000000001
-1,-12,4.520406195419812
-1,-12,8.405492022002448
-1,-12,4.587481652124654
-1,-12,4.443503586733177
-1,-12,4.0719995145223935
-1,-12,1.6500000000000001
-1,-12,5.936389194460287
-1,-12,1.6500000000000001
-1,-12,6.632301561857277
-1,-12,10.147980493611787
-1,-12,4.655572764642551
-1,-12,5.999801991840309
-1,-12,9.018849305237953
-1,-12,8.998809679506412
-1,-12,2.32710698664876
-1,-12,4.550516659608338
-1,-12,2.822627197773455
-1,-12,1.6500000000000001
-1,-12,1.6500000000000001
-1,-12,2.872239035250257
-1,-12,4.591963798540534
-1,-12,1.6500000000000001
-1,-12,1.6500000000000001
-1,-12,3.823743890013152
-1,-12,7.838419174240496
-1,-12,1.6500000000000001
-1,-12,6.770684062002783
-1,-12,2.4713210394139753
-1,-12,1.6500000000000001
-1,-12,9.138270205471027
-1,-12,4.287132187340849
-1,-12,3.9052451454437294
-1,-12,6.1169366692843266
-1,-12,4.591855014168965
-1,-12,3.0294681820358034
-1,-12,4.3505942294607465
-1,-12,5.7086712662348935
-1,-12,1.6500000000000001
-1,-12,2.312478313407024
-1,-12,4.444511153807793
-1,-12,12.337547570755696
-1,-12,4.390429713929966
-1,-12,5.531866551598941
-1,-12,1.6500000000000001
-1,-12,3.1224603166037914
-1,-12,1.6500000000000001
-1,-12,11.525897451549001
-1,-12,7.69120471131084
-1,-12,6.577320025399223
-1,-12,2.022422239969344
-1,-12,9.189872498575932
-1,-12,4.400417231076289
-1,-12,11.825392806695564
-1,-12,1.6500000000000001
-1,-12,10.668582221662483
-1,-12,6.569185077326617
-1,-12,9.073735519252244
-1,-12,7.092943944496982
-2,-12,2.398212926368809
-2,-12,1.8927721958060804
-2,-12,4.989861293074716
-2,-12,2.5719547851362297
-2,-12,8.220379197708121
-2,-12,5.197095881293399
-2,-12,4.234143388137088
-2,-12,1.6500000000000001
-2,-12,1.6500000000000001
-2,-12,1.6500000000000001
-2,-12,4.541447025158923
-2,-12,9.549966442976535
-2,-12,4.200463475443851
-2,-12,4.2541490482185775
-2,-12,3.78690078207302
-2,-12,5.362835789527051
-2,-12,2.59674976337676
-2,-12,4.845025932269431
-2,-12,4.7422897814897
-2,-12,1.6500000000000001
-2,-12,5.748345395871054
-2,-12,2.603419201585636
-2,-12,3.945284650288945
-2,-12,8.557667986199736
-2,-12,8.73396494183988
-2,-12,7.443918405724993
-2,-12,1.6500000000000001
-2,-12,6.819505570304445
-2,-12,4.6494094787630065
-2,-12,5.977746883852462
-2,-12,5.333703667051742
-2,-12,7.796780633384726
-2,-12,8.103354078765708
-2,-12,2.2810554114896378
-2,-12,1.6500000000000001
-2,-12,5.513688473837704
-2,-12,6.58233647743025
-2,-12,1.6500000000000001
-2,-12,2.7599627203413077
-2,-12,7.43457553729918
-2,-12,1.6500000000000001
-2,-12,1.6500000000000001
-2,-12,2.185816511644629
-2,-12,8.558400061679599
-2,-12,4.8764958909211185
-2,-12,7.660895455386912
-2,-12,3.4942068885758877
-2,-12,3.6088957822789176
-2,-12,3.6887465225923837
-2,-12,3.012253659917352
-2,-12,1.6500000000000001
-2,-12,3.728961468882305
-2,-12,3.574971126054499
-2,-12,5.013022781060384
-2,-12,9.735616521176171
-2,-12,1.6500000000000001
-2,-12,2.1521086388530866
-2,-12,4.015929048003895
-2,-12,5.795462391620796
-2,-12,3.1818905105736848
-2,-12,9.393407509810533
-3,-12,3.9514199105691494
-3,-12,5.110221234708133
-3,-12,2.9948576814006698
-3,-12,2.1386492002572055
-3,-12,2.666754611335615
-3,-12,10.097417986652617
-3,-12,6.7905130439536805
-3,-12,4.967184740925048
-3,-12,1.6500000000000001
-3,-12,3.6073528402398356
-3,-12,7.3857347200942955
-3,-12,1.6500000000000001
-3,-12,8.894789274130734
-3,-12,6.784111939061029
-3,-12,1.6500000000000001
-3,-12,2.029069789378004
-3,-12,1.6500000000000001
-3,-12,1.6500000000000001
-3,-12,1.6500000000000001
-3,-12,5.960266520009826
-3,-12,9.190531891630052
-3,-12,6.993217708635649
-3,-12,1.6500000000000001
-3,-12,2.443796424156014
-3,-12,6.401898593824257
-3,-12,1.6500000000000001
-3,-12,4.6240087551988704
-3,-12,4.599392695843502
-3,-12,4.05051693028844
-3,-12,1.6500000000000001
-3,-12,2.816986717973314
-3,-12,10.454159318255538
-3,-12,6.16816175863779
-3,-12,9.539886737861899
-3,-12,5.839767641194941
-3,-12,12.828912794660196
-3,-12,9.834216093376359
-3,-12,3.6706879553405685
-3,-12,1.6500000000000001
-3,-12,1.6500000000000001
-3,-12,8.340403518466418
-3,-12,2.416062185515927
-3,-12,7.644145003367411
-3,-12,1.6500000000000001
-3,-12,7.562314313663935
-3,-12,4.81912191461349
-3,-12,1.6500000000000001
-3,-12,6.868920698761142
-3,-12,2.825609760160744
-3,-12,5.616374132597101
-3,-12,1.7080389980895871
-3,-12,3.0467449337458783
-3,-12,2.275438971412499
-3,-12,10.962733154293801
-3,-12,1.9238148328057179
-3,-12,6.948538565110314
-3,-12,6.64207060731284
-3,-12,1.6500000000000001
-3,-12,1.6500000000000001
-3,-12,9.275349815479213
-3,-13,2.202723248019723
-3,-13,2.5298492623345483
-3,-13,1.6500000000000001
-3,-13,10.685559231589394
-3,-13,3.05359491257192
-3,-13,4.288121380475846
-3,-13,13.911864387809633
-3,-13,4.227567235165251
-3,-13,3.6005040476934544
-3,-13,6.056531682804755
-3,-13,4.032388994899934
-3,-13,4.354023957436924
-3,-13,1.6500000000000001
-3,-13,8.05050737184564
-3,-13,2.074799235613459
-3,-13,7.376926405154146
-3,-13,2.685611416656492
-3,-13,3.2747130436276737
-3,-13,5.7743601792191335
-3,-13,3.5961888451704658
-3,-13,1.6500000000000001
-3,-13,3.4137149304636893
-3,-13,1.6500000000000001
-3,-13,1.91452989535051
-3,-13,13.031309637156285
-3,-13,6.3476669239728745
-3,-13,1.7097559145947843
-3,-13,5.827542809810099
-3,-13,2.4205140360387127
-3,-13,6.687818773698837
-3,-13,1.6500000000000001
-3,-13,2.544862531446004
-3,-13,1.6500000000000001
-3,-13,1.6500000000000001
-3,-13,3.691979920827815
-3,-13,1.6500000000000001
-3,-13,2.6645038845825804
-3,-13,5.637558379882836
-3,-13,4.238553925318243
-3,-13,1.6500000000000001
-3,-13,1.6500000000000001
-3,-13,1.6500000000000001
-3,-13,6.609903322549345
-3,-13,4.962988602655617
-3,-13,4.08306368299726
-3,-13,5.328901336804185
-3,-13,6.603095987604279
-3,-13,9.262725076698645
-3,-13,4.356512188530657
-3,-13,2.5252242879814797
-3,-13,7.168495781068003
-3,-13,2.415053607013392
-3,-13,2.179848957325133
-3,-13,1.6500000000000001
-3,-13,2.929265802601231
-3,-13,7.1381662003231865
-3,-13,1.6500000000000001
-3,-13,10.248894575084933
-3,-13,1.6500000000000001
-3,-13,3.7353985362730224
-3,-13,4.990322209005091
-4,-13,8.470244260578767
-4,-13,8.272367506286255
-4,-13,3.3064213830636664
-4,-13,5.55126615011248
-4,-13,6.550926694515413
-4,-13,4.603003062522814
-4,-13,7.4935696551657625
-4,-13,4.180016843772318
-4,-13,1.6500000000000001
-4,-13,6.374910761173972
-4,-13,4.604725564046316
-4,-13,2.1595254770328776
-4,-13,1.6500000000000001
-4,-13,1.6500000000000001
-4,-13,2.1824868200566656
-4,-13,5.704155659207737
-4,-13,8.65441128186381
-4,-13,2.238824004513721
-4,-13,1.6500000000000001
-4,-13,1.6500000000000001
-4,-13,4.053352385971887
-4,-13,3.3464232093621264
-4,-13,2.219920443675118
-4,-13,1.6500000000000001
-4,-13,3.5488980983861915
-4,-13,3.7745654747557627
-4,-13,3.41616785792558
-4,-13,6.652019625899854
-4,-13,4.822726779758349
-4,-13,6.5831465296883565
-4,-13,1.6500000000000001
-4,-13,1.6500000000000001
-4,-13,4.639153163740764
-4,-13,1.6500000000000001
-4,-13,2.110227065025983
-4,-13,1.6500000000000001
-4,-13,4.325369288194003
-4,-13,1.6500000000000001
-4,-13,2.0155360410661456
-4,-13,3.0287022218330275
-4,-13,5.129205295288941
-4,-13,9.878323882853554
-4,-13,5.946457110096123
-4,-13,1.6500000000000001
-4,-13,1.6500000000000001
-4,-13,1.6500000000000001
-4,-13,1.6500000000000001
-4,-13,1.6500000000000001
-4,-13,3.677410235259636
-4,-13,3.5331907294430924
-4,-13,2.4306846899955756
-4,-13,1.6500000000000001
-4,-13,11.75244586857086
-4,-13,2.0149249914987983
-4,-13,1.6500000000000001
-4,-13,3.374904122557148
-4,-13,2.371977919544129
-4,-13,3.41046644791449
-4,-13,1.6500000000000001
-4,-13,6.310656965928928
-5,-13,6.101282702834287
-5,-13,7.654345545454495
-5,-13,9.084106699798202
-5,-13,4.060517732211274
-5,-13,2.9548355059179556
-5,-13,4.07637633482001
-5,-13,1.6500000000000001
-5,-13,1.6500000000000001
-5,-13,3.2679583908426255
-5,-13,1.6500000000000001
-5,-13,2.8408183105453264
-5,-13,3.971610876527901
-5,-13,3.327708657913042
-5,-13,2.4773369867557284
-5,-13,1.6500000000000001
-5,-13,4.345845455851296
-5,-13,8.533493827363163
-5,-13,2.703147217404993
-5,-13,6.428375868197617
-5,-13,9.070407977775009
-5,-13,9.967813339618104
-5,-13,6.083123643035089
-5,-13,4.411582823805418
-5,-13,3.909543349978259
-5,-13,5.1107648763436435
-5,-13,1.6500000000000001
-5,-13,5.021911914362837
-5,-13,1.6500000000000001
-5,-13,4.117708293486244
-5,-13,3.6851913155656644
-5,-13,4.380938437904037
-5,-13,6.766590348170238
-5,-13,1.6500000000000001
-5,-13,5.705836981944162
-5,-13,6.1110385611255245
-5,-13,7.8262132796960024
-5,-13,1.6500000000000001
-5,-13,4.617177532509764
-5,-13,1.8574529852571244
-5,-13,3.3013247161875747
-5,-13,3.371255706400098
-5,-13,5.995093185805442
-5,-13,2.042562967614263
-5,-13,1.6500000000000001
-5,-13,7.0085813153574525
-5,-13,3.9796663938354344
-5,-13,3.5852613748535775
-5,-13,1.6500000000000001
-5,-13,6.10057117101192
-5,-13,5.154751825120045
-5,-13,10.715228886074684
-5,-13,5.305910812421367
-5,-13,1.6500000000000001
-5,-13,3.2919387653860794
-5,-13,1.6500000000000001
-5,-13,2.639784287407653
-5,-13,1.6500000000000001
-5,-13,6.195983357583408
-5,-13,3.451981395362828
-5,-13,3.7982487181696247
-5,-13,4.211554114411774
-6,-13,2.562957668433818
-6,-13,4.752584927901135
-6,-13,6.099559362755256
-6,-13,1.6500000000000001
-6,-13,5.697721993236932
-6,-13,1.6500000000000001
-6,-13,2.8484343468136144
-6,-13,1.6500000000000001
-6,-13,4.2681525528778455
-6,-13,7.519743044379798
-6,-13,1.6500000000000001
-6,-13,1.6500000000000001
-6,-13,4.12544969605813
-6,-13,6.549747408105283
-6,-13,10.517518574465822
-6,-13,5.3999344189623155
-6,-13,2.482377315942863
-6,-13,2.5173761766842824
-6,-13,4.014696639621852
-6,-13,6.342998753655908
-6,-13,1.6500000000000001
-6,-13,3.2788963622492635
-6,-13,2.4199161947555567
-6,-13,1.6500000000000001
-6,-13,9.730535356886456
-6,-13,3.242282292165488
-6,-13,6.458300566931059
-6,-13,4.9101566760514626
-6,-13,2.9954211678248623
-6,-13,2.119600075988174
-6,-13,4.597774314109165
-6,-13,1.6500000000000001
-6,-13,3.031643695276764
-6,-13,4.431813570137948
-6,-13,4.671522151940485
-6,-13,2.5743596016953325
-6,-13,6.492214486756303
-6,-13,4.023057472912818
-6,-13,2.4600331371309316
-6,-13,2.4381630635057614
-6,-13,3.209828998393258
-6,-13,2.865855162402905
-6,-13,3.1603322310543165
-6,-13,5.063737372458151
-6,-13,1.7306836286151046
-6,-13,5.390496107722296
-6,-13,3.9538981463673957
-6,-13,1.6500000000000001
-6,-13,4.3842398826759466
-6,-13,1.6500000000000001
-6,-13,1.6500000000000001
-6,-13,7.11197009993657
-6,-13,1.6500000000000001
-6,-13,1.6500000000000001
-6,-13,9.778192945343623
-6,-13,1.6500000000000001
-6,-13,1.6500000000000001
-6,-13,1.6500000000000001
-6,-13,1.6500000000000001
-6,-13,1.6500000000000001
-6,-13,3.9974966359870803
-5,-13,6.883270368590615
-5,-13,5.265702404162977
-5,-13,6.246605284532755
-5,-13,2.6060489416908723
-5,-13,5.966392883681323
-5,-13,1.6500000000000001
-5,-13,8.54151849203802
-5,-13,12.947883667880003
-5,-13,1.6500000000000001
-5,-13,1.6500000000000001
-5,-13,8.842027734742228
-5,-13,5.523246482709848
-5,-13,2.964039783517514
-5,-13,5.284456641558865
-5,-13,9.935602843639836
-5,-13,1.6500000000000001
-5,-13,1.6500000000000001
-5,-13,1.6500000000000001
-5,-13,2.9165936728431126
-5,-13,2.209764026959445
-5,-13,1.9606860173224683
-5,-13,1.6500000000000001
-5,-13,4.5357492748985795
-5,-13,4.232798976521878
-5,-13,6.351419835889831
-5,-13,2.2081318535496086
-5,-13,4.1362218984489125
-5,-13,3.8546896393504646
-5,-13,2.4132775476918478
-5,-13,1.6500000000000001
-5,-13,1.6500000000000001
-5,-13,1.6500000000000001
-5,-13,5.845393519664139
-5,-13,2.1186955966524104
-5,-13,2.7354468765408
-5,-13,7.499338383328845
-5,-13,9.52855853563515
-5,-13,4.799383353342748
-5,-13,1.6500000000000001
-5,-13,2.886446315813558
-5,-13,3.4270462911537902
-5,-13,2.70276517465474
-5,-13,4.858341474348429
-5,-13,4.315473102588496
-5,-13,4.170475221619384
-5,-13,7.449054621224041
-5,-13,7.410096086378836
-5,-13,9.370664461526932
-5,-13,3.9478547347641566
-5,-13,1.9350570935061062
-5,-13,8.947328303838802
-5,-13,6.014259235521162
-5,-13,4.632084795737825
-5,-13,1.6500000000000001
-5,-13,3.1702703626063298
-5,-13,1.6500000000000001
-5,-13,8.419455106352126
-5,-13,1.6500000000000001
-5,-13,1.6500000000000001
-5,-13,1.6500000000000001
-6,-13,3.2009964153803345
-6,-13,1.6500000000000001
-6,-13,5.1044965112365315
-6,-13,8.205889468985358
-6,-13,7.668838950756694
-6,-13,1.6500000000000001
-6,-13,1.6500000000000001
-6,-13,6.602772386778662
-6,-13,4.890207135077723
-6,-13,3.507425754950694
-6,-13,4.021311786381368
-6,-13,8.41795176556261
-6,-13,4.618271532561593
-6,-13,10.136971711585717
-6,-13,4.921107177313703
-6,-13,6.9610119309878975
-6,-13,1.6500000000000001
-6,-13,4.588734996569477
-6,-13,5.562325065546476
-6,-13,1.6500000000000001
-6,-13,3.779063744293932
-6,-13,3.840271055941246
-6,-13,4.8287549942809225
-6,-13,4.712398912047039
-6,-13,4.982525582039823
-6,-13,6.007864259400056
-6,-13,8.388956566590059
-6,-13,4.5216422927219835
-6,-13,1.6500000000000001
-6,-13,3.1149798259115054
-6,-13,2.7483083033293445
-6,-13,1.8874090300690094
-6,-13,6.329640978175803
-6,-13,5.585759162886904
-6,-13,9.868624070711899
-6,-13,6.647435107411722
-6,-13,1.6500000000000001
-6,-13,3.5400038265296354
-6,-13,4.222207731445705
-6,-13,3.7416534520839124
-6,-13,4.667743066357668
-6,-13,4.565552796077487
-6,-13,4.15437886308903
-6,-13,3.603386559654714
-6,-13,2.968491776651896
-6,-13,2.8776296611177514
-6,-13,7.646914876457643
-6,-13,1.6500000000000001
-6,-13,1.6500000000000001
-6,-13,5.307319325618381
-6,-13,1.6500000000000001
-6,-13,4.163026188308763
-6,-13,3.529244088539298
-6,-13,1.9305327120217302
-6,-13,3.553660517709484
-6,-13,1.6500000000000001
-6,-13,1.8183188948543423
-6,-13,5.169963266597029
-6,-13,3.28632834224203
-6,-13,1.6500000000000001
-6,-13,1.6500000000000001
-6,-14,1.6500000000000001
-6,-14,3.6581728479160596
-6,-14,1.6500000000000001
-6,-14,3.7683254781514197
-6,-14,5.137417893679274
-6,-14,2.7951640962767916
-6,-14,2.585746136544332
-6,-14,4.150857687498625
-6,-14,8.067167309167342
-6,-14,1.6500000000000001
-6,-14,1.6500000000000001
-6,-14,2.214061160831455
-6,-14,9.547006387774967
-6,-14,2.4182430512732522
-6,-14,1.6500000000000001
-6,-14,2.7722318621769895
-6,-14,1.6500000000000001
-6,-14,6.397556441085678
-6,-14,7.0648585068177825
-6,-14,4.46788649798045
-6,-14,1.6500000000000001
-6,-14,5.30746713418784
-6,-14,7.302415002160644
-6,-14,2.1144514827359817
-6,-14,4.79875531961204
-6,-14,4.61093869516343
-6,-14,1.6500000000000001
-6,-14,1.6500000000000001
-6,-14,4.332182857044338
-6,-14,2.9412583321698444
-6,-14,1.6500000000000001
-6,-14,4.687722321717528
-6,-14,1.6500000000000001
-6,-14,1.6500000000000001
-6,-14,1.6500000000000001
-6,-14,3.655614145263652
-6,-14,1.6500000000000001
-6,-14,4.691786662923698
-6,-14,1.6500000000000001
-6,-14,4.016312141250587
-6,-14,1.6500000000000001
-6,-14,1.6500000000000001
-6,-14,3.9814407127419247
-6,-14,5.527276031430656
-6,-14,5.710679432334668
-6,-14,1.6500000000000001
-6,-14,5.437193783864448
-6,-14,3.6651266728011933
-6,-14,3.286410126215881
-6,-14,2.7602140293079422
-6,-14,3.1509129452112656
-6,-14,4.911623147508645
-6,-14,1.6500000000000001
-6,-14,1.6500000000000001
-6,-14,1.6500000000000001
-6,-14,1.6500000000000001
-6,-14,3.3952808521824083
-6,-14,1.6500000000000001
-6,-14,1.6500000000000001
-6,-14,3.8209994773236478
-7,-14,2.4522022749605874
-7,-14,6.172226239713936
-7,-14,8.686497795165234
-7,-14,1.916174019257914
-7,-14,6.954075550581733
-7,-14,1.6500000000000001
-7,-14,4.942969840828573
-7,-14,6.071423564474745
-7,-14,4.497582907392924
-7,-14,5.963870411413106
-7,-14,1.6500000000000001
-7,-14,1.8435909730462599
-7,-14,6.113941599418862
-7,-14,2.3349030630558762
-7,-14,5.130574248454407
-7,-14,1.6500000000000001
-7,-14,1.6500000000000001
-7,-14,4.406135866289989
-7,-14,6.102855554556861
-7,-14,1.6500000000000001
-7,-14,1.6500000000000001
-7,-14,1.6500000000000001
-7,-14,1.6500000000000001
-7,-14,7.413383988961425
-7,-14,3.973589909285945
-7,-14,3.694801423584188
-7,-14,2.7448042412167757
-7,-14,1.6500000000000001
-7,-14,3.02900082588683
-7,-14,1.6500000000000001
-7,-14,5.680106978491356
-7,-14,1.7476535798969048
-7,-14,2.109462439959192
-7,-14,7.862332978213294
-7,-14,1.6500000000000001
-7,-14,4.4887819671517475
-7,-14,11.032927778046247
-7,-14,6.804929528550109
-7,-14,4.756742283441342
-7,-14,7.781081862214046
-7,-14,1.6500000000000001
-7,-14,1.7068854527495403
-7,-14,1.6500000000000001
-7,-14,4.260746161555021
-7,-14,6.442078250118037
-7,-14,6.244472447419126
-7,-14,1.6500000000000001
-7,-14,2.2917820205001895
-7,-14,1.6500000000000001
-7,-14,5.053203367219708
-7,-14,2.240328295888834
-7,-14,4.967797995884447
-7,-14,1.6500000000000001
-7,-14,3.873092498780913
-7,-14,1.6500000000000001
-7,-14,1.8757223267092673
-7,-14,2.911147054850265
-7,-14,4.856352843130386
-7,-14,1.6500000000000001
-7,-14,6.236748900435735
-7,-14,7.3716087755731134
-6,-14,4.35256603102365
-6,-14,1.6500000000000001
-6,-14,1.6500000000000001
-6,-14,2.791783971908939
-6,-14,1.6500000000000001
-6,-14,8.031954422504274
-6,-14,1.6500000000000001
-6,-14,4.104811314099457
-6,-14,3.1502137458858814
-6,-14,1.6500000000000001
-6,-14,1.6500000000000001
-6,-14,1.9809378437037388
-6,-14,1.6500000000000001
-6,-14,7.774468543457425
-6,-14,1.6500000000000001
-6,-14,9.490593786964045
-6,-14,4.964131589291654
-6,-14,1.6500000000000001
-6,-14,4.922953358411027
-6,-14,9.988858703485935
-6,-14,4.291533026197354
-6,-14,2.752715535030621
-6,-14,10.260542140010031
-6,-14,1.6500000000000001
-6,-14,4.6568506749372345
-6,-14,7.076742704723823
-6,-14,7.870550872197511
-6,-14,1.666357941566559
-6,-14,1.6500000000000001
-6,-14,1.6500000000000001
-6,-14,4.26783238357311
-6,-14,1.6500000000000001
-6,-14,2.595093253706659
-6,-14,1.6500000000000001
-6,-14,6.821113254293914
-6,-14,4.459138685119967
-6,-14,5.0870103506014654
-6,-14,2.638210329623362
-6,-14,2.0275436712956183
-6,-14,9.423379736846513
-6,-14,4.890293035364132
-6,-14,3.8245032613943195
-6,-14,5.610355836803867
-6,-14,7.3715060248439475
-6,-14,1.6500000000000001
-6,-14,2.366820139287848
-6,-14,5.423129507507582
-6,-14,1.6500000000000001
-6,-14,4.696894199704136
-6,-14,7.300417556766771
-6,-14,1.6500000000000001
-6,-14,1.6500000000000001
-6,-14,2.5365854384394
-6,-14,6.316600820705752
-6,-14,4.19714204109695
-6,-14,1.6500000000000001
-6,-14,3.2193318782898896
-6,-14,1.6500000000000001
-6,-14,1.7393173156472248
-6,-14,1.6500000000000001
-6,-14,6.247508941926938
-7,-14,7.234283747758088
-7,-14,6.325302245974593
-7,-14,1.6500000000000001
-7,-14,2.628730393373994
-7,-14,1.6500000000000001
-7,-14,5.818148603346879
-7,-14,3.307245032958471
-7,-14,1.6500000000000001
-7,-14,5.33961163770476
-7,-14,1.6500000000000001
-7,-14,5.98284776426636
-7,-14,3.581026586376826
-7,-14,1.8060772229630746
-7,-14,2.636887549125293
-7,-14,4.237300574407607
-7,-14,1.6500000000000001
-7,-14,2.805431515823004
-7,-14,2.6282260751277073
-7,-14,2.183677306771999
-7,-14,1.6500000000000001
-7,-14,8.226371852449637
-7,-14,2.6776607319105477
-7,-14,6.415131963100523
-7,-14,1.6568272955605772
-7,-14,1.6500000000000001
-7,-14,9.520627601871734
-7,-14,6.620701454052314
-7,-14,1.6500000000000001
-7,-14,9.382518276022116
-7,-14,2.1975455003788382
-7,-14,1.6500000000000001
-7,-14,1.6500000000000001
-7,-14,2.7302450672816305
-7,-14,3.8907701487714164
-7,-14,7.164523638023997
-7,-14,1.6500000000000001
-7,-14,4.51588131774082
-7,-14,3.64190557087958
-7,-14,8.509418968838474
-7,-14,3.35498582826323
-7,-14,10.134323696316832
-7,-14,2.026440619833017
-7,-14,1.6500000000000001
-7,-14,1.6500000000000001
-7,-14,13.320228937094031
-7,-14,1.7313234601333256
-7,-14,1.6500000000000001
-7,-14,1.6500000000000001
-7,-14,1.6500000000000001
-7,-14,6.373959149987871
-7,-14,4.017960086275387
-7,-14,3.346742116725785
-7,-14,1.6500000000000001
-7,-14,1.9213149099841103
-7,-14,11.519597458810132
-7,-14,1.7737109193295235
-7,-14,2.7415806650505266
-7,-14,3.7910314330461174
-7,-14,4.002949017256338
-7,-14,1.6500000000000001
-7,-15,3.45265021237138
-7,-15,8.73929969110708
-7,-15,3.1806580206323143
-7,-15,9.015121705784301
-7,-15,1.6500000000000001
-7,-15,1.6500000000000001
-7,-15,2.7044019923792164
-7,-15,3.804044405030385
-7,-15,5.060648815902429
-7,-15,1.6500000000000001
-7,-15,3.429507951204557
-7,-15,3.7480430949068575
-7,-15,5.119567166963602
-7,-15,3.520261759810574
-7,-15,4.897391027802992
-7,-15,2.4656521912314524
-7,-15,1.8899221831361226
-7,-15,5.076796594921664
-7,-15,2.6712293763010413
-7,-15,2.108371698216628
-7,-15,4.12278788577038
-7,-15,1.6500000000000001
-7,-15,4.385873700868874
-7,-15,3.1781564401182982
-7,-15,1.6500000000000001
-7,-15,1.6500000000000001
-7,-15,1.6500000000000001
-7,-15,3.601698324557019
-7,-15,3.396201318046633
-7,-15,3.0155575519820865
-7,-15,1.6500000000000001
-7,-15,2.1306276667755037
-7,-15,2.196094377568181
-7,-15,2.9716269614404904
-7,-15,8.721273192560849
-7,-15,1.8168652539957377
-7,-15,2.1464886773085423
-7,-15,1.6500000000000001
-7,-15,1.7375064697247626
-7,-15,10.117548400654012
-7,-15,1.6500000000000001
-7,-15,4.594063590287396
-7,-15,1.6500000000000001
-7,-15,7.3952533056505825
-7,-15,1.6500000000000001
-7,-15,4.334373592423379
-7,-15,2.717936236342205
-7,-15,1.6500000000000001
-7,-15,6.013119936977775
-7,-15,1.6500000000000001
-7,-15,1.6500000000000001
-7,-15,4.724682213923421
-7,-15,6.334169761507567
-7,-15,2.600129518629096
-7,-15,6.444823385674589
-7,-15,7.277676743941999
-7,-15,1.6500000000000001
-7,-15,3.1241894097593867
-7,-15,2.2509353653092967
-7,-15,1.6500000000000001
-7,-15,1.6500000000000001
-8,-15,1.6500000000000001
-8,-15,5.004387091877232
-8,-15,1.6500000000000001
-8,-15,3.5696577543507546
-8,-15,1.7409735633859882
-8,-15,3.2316178821555255
-8,-15,1.6500000000000001
-8,-15,8.528760262121185
-8,-15,2.5738783710672375
-8,-15,1.6500000000000001
-8,-15,3.2340108747397345
-8,-15,1.6500000000000001
-8,-15,1.6500000000000001
-8,-15,1.6500000000000001
-8,-15,1.6500000000000001
-8,-15,3.918790118158997
-8,-15,1.6500000000000001
-8,-15,1.6500000000000001
-8,-15,4.799050588889347
-8,-15,3.0036240677208728
-8,-15,9.51104374206356
-8,-15,1.6500000000000001
-8,-15,2.682823251243882
-8,-15,1.6500000000000001
-8,-15,4.511391827561477
-8,-15,2.179302631542903
-8,-15,1.6500000000000001
-8,-15,4.2877456610306774
-8,-15,3.4867898806270583
-8,-15,1.6500000000000001
-8,-15,1.6500000000000001
-8,-15,1.6500000000000001
-8,-15,3.67873706611366
-8,-15,1.6500000000000001
-8,-15,2.9848406325283063
-8,-15,4.045116867248093
-8,-15,2.5780698053627984
-8,-15,1.6500000000000001
-8,-15,6.032911107210452
-8,-15,2.115076244356301
-8,-15,5.33675682853972
-8,-15,2.5777087035008663
-8,-15,1.6500000000000001
-8,-15,1.6500000000000001
-8,-15,1.6500000000000001
-8,-15,3.603781875695797
-8,-15,1.6500000000000001
-8,-15,1.6500000000000001
-8,-15,2.107938568326714
-8,-15,1.6500000000000001
-8,-15,3.483560718902722
-8,-15,1.6500000000000001
-8,-15,5.248034553105938
-8,-15,1.6500000000000001
-8,-15,6.912387446348014
-8,-15,13.183776973870115
-8,-15,1.6500000000000001
-8,-15,1.6500000000000001
-8,-15,7.055808550782448
-8,-15,4.00122224281155
-8,-15,4.68306481181501
-9,-15,1.6500000000000001
-9,-15,1.871639363301616
-9,-15,1.6500000000000001
-9,-15,1.6500000000000001
-9,-15,4.260540925095577
-9,-15,1.8353477019461324
-9,-15,3.6300398285378694
-9,-15,2.888902727048604
-9,-15,6.841550106274767
-9,-15,1.6500000000000001
-9,-15,1.9424477610048294
-9,-15,3.459585594851574
-9,-15,3.230427637862473
-9,-15,2.02923806862602
-9,-15,1.6500000000000001
-9,-15,4.610286835348164
-9,-15,4.563180102271066
-9,-15,1.6721228996398587
-9,-15,1.6500000000000001
-9,-15,1.6500000000000001
-9,-15,3.2735316940934798
-9,-15,1.6500000000000001
-9,-15,2.374163016386223
-9,-15,7.025609961950679
-9,-15,3.4348098894493924
-9,-15,1.6500000000000001
-9,-15,1.6500000000000001
-9,-15,6.425198485879076
-9,-15,3.9774636299833093
-9,-15,1.6500000000000001
-9,-15,1.6500000000000001
-9,-15,1.6500000000000001
-9,-15,1.6500000000000001
-9,-15,4.142665928014518
-9,-15,1.6500000000000001
-9,-15,5.968316502263717
-9,-15,1.6500000000000001
-9,-15,1.702785488894528
-9,-15,4.260456349444396
-9,-15,1.6500000000000001
-9,-15,1.9782957403618648
-9,-15,1.6500000000000001
-9,-15,1.6500000000000001
-9,-15,6.160470297190209
-9,-15,7.872177302831488
-9,-15,1.6500000000000001
-9,-15,1.6500000000000001
-9,-15,4.929344742757029
-9,-15,3.916193630058576
-9,-15,4.637354712013018
-9,-15,3.023904911224135
-9,-15,3.783953862061101
-9,-15,1.6500000000000001
-9,-15,1.6500000000000001
-9,-15,3.3026030276267235
-9,-15,4.329465482699136
-9,-15,1.6500000000000001
-9,-15,4.1944566050037375
-9,-15,4.497138058897255
-9,-15,8.358446278667348
-10,-15,5.286291424841179
-10,-15,3.3977583074158044
-10,-15,1.6500000000000001
-10,-15,4.330488846394834
-10,-15,4.307472539612275
-10,-15,1.6500000000000001
-10,-15,1.6500000000000001
-10,-15,2.476263271030267
-10,-15,1.6500000000000001
-10,-15,5.637533071325509
-10,-15,3.8451620057378113
-10,-15,3.8740085309498493
-10,-15,1.6500000000000001
-10,-15,1.6500000000000001
-10,-15,1.6500000000000001
-10,-15,1.6500000000000001
-10,-15,1.782250292447665
-10,-15,2.231105970712834
-10,-15,2.896844927569745
-10,-15,1.6500000000000001
-10,-15,1.6500000000000001
-10,-15,1.6500000000000001
-10,-15,5.958921080289022
-10,-15,1.6510474340445267
-10,-15,1.9802430693379125
-10,-15,5.305532471357331
-10,-15,1.6500000000000001
-10,-15,1.6500000000000001
-10,-15,1.6500000000000001
-10,-15,8.119435495002413
-10,-15,1.6500000000000001
-10,-15,1.6500000000000001
-10,-15,1.979551815402163
-10,-15,1.6500000000000001
-10,-15,1.6500000000000001
-10,-15,4.565688845330335
-10,-15,2.1410938368971335
-10,-15,1.6500000000000001
-10,-15,2.5167280802365886
-10,-15,6.2923593761065515
-10,-15,1.6500000000000001
-10,-15,5.491635426936457
-10,-15,1.6500000000000001
-10,-15,5.216200574559833
-10,-15,3.431598882660314
-10,-15,2.6815284810146807
-10,-15,7.1944274955734
-10,-15,1.6500000000000001
-10,-15,7.862019299564183
-10,-15,1.6500000000000001
-10,-15,1.6500000000000001
-10,-15,3.17351759231394
-10,-15,2.799746557875836
-10,-15,2.0716144947617385
-10,-15,1.6500000000000001
-10,-15,1.6500000000000001
-10,-15,1.6500000000000001
-10,-15,8.117897774388306
-10,-15,6.909724477149139
-10,-15,5.836241190105498
-10,-15,5.8036809114845145
-11,-15,1.6500000000000001
-11,-15,2.4241808083205014
-11,-15,3.2900246096972823
-11,-15,2.4551889025949145
-11,-15,1.6500000000000001
-11,-15,1.6500000000000001
-11,-15,4.289008252736574
-11,-15,1.6500000000000001
-11,-15,3.768321377802102
-11,-15,1.6500000000000001
-11,-15,2.5352106253807283
-11,-15,1.6500000000000001
-11,-15,1.6500000000000001
-11,-15,2.1697316057129803
-11,-15,1.6500000000000001
-11,-15,1.6500000000000001
-11,-15,3.5920006923855503
-11,-15,1.6500000000000001
-11,-15,1.6500000000000001
-11,-15,1.6500000000000001
-11,-15,5.54817224331781
-11,-15,1.6500000000000001
-11,-15,1.6500000000000001
-11,-15,1.6500000000000001
-11,-15,3.844786067743745
-11,-15,7.955709101190305
-11,-15,1.6500000000000001
-11,-15,1.6500000000000001
-11,-15,2.8393829491802745
-11,-15,7.331017973600481
-11,-15,1.6500000000000001
-11,-15,2.6013049935337573
-11,-15,6.360734910418072
-11,-15,1.7931684102434053
-11,-15,1.6500000000000001
-11,-15,7.711270337267939
-11,-15,1.6500000000000001
-11,-15,1.6678014886089958
-11,-15,3.2640424884237365
-11,-15,2.8557546119849126
-11,-15,1.6500000000000001
-11,-15,3.27712838985582
-11,-15,1.6500000000000001
-11,-15,8.762648876313058
-11,-15,1.8259549373367474
-11,-15,1.6500000000000001
-11,-15,1.6500000000000001
-11,-15,1.6500000000000001
-11,-15,1.6500000000000001
-11,-15,2.711548419898521
-11,-15,1.6500000000000001
-11,-15,5.262884767164094
-11,-15,1.6500000000000001
-11,-15,5.578417294219813
-11,-15,1.6500000000000001
-11,-15,1.6500000000000001
-11,-15,1.6500000000000001
-11,-15,1.6500000000000001
-11,-15,5.988516379875645
-11,-15,1.6500000000000001
-10,-15,1.815854331972397
-10,-15,2.4276355318841696
-10,-15,1.6500000000000001
-10,-15,1.6500000000000001
-10,-15,2.057633759377567
-10,-15,1.6500000000000001
-10,-15,3.0925266727921423
-10,-15,5.88243997469932
-10,-15,1.6500000000000001
-10,-15,2.1578628973643514
-10,-15,1.6500000000000001
-10,-15,1.6500000000000001
-10,-15,1.6500000000000001
-10,-15,1.6500000000000001
-10,-15,1.6500000000000001
-10,-15,1.6500000000000001
-10,-15,1.6500000000000001
-10,-15,2.197139432978266
-10,-15,1.6500000000000001
-10,-15,2.160179996298044
-10,-15,5.180952105203759
-10,-15,3.429330219454527
-10,-15,1.6500000000000001
-10,-15,1.6500000000000001
-10,-15,1.6500000000000001
-10,-15,5.216601528525819
-10,-15,9.574702585482257
-10,-15,9.293963749892459
-10,-15,3.0666980557290278
-10,-15,1.6500000000000001
-10,-15,1.6500000000000001
-10,-15,2.936907517872256
-10,-15,5.5068143955019435
-10,-15,3.395428904481818
-10,-15,1.8804237099033823
-10,-15,4.148851926120937
-10,-15,1.691654395456659
-10,-15,4.130073919159843
-10,-15,3.7299490610347332
-10,-15,3.140245791118763
-10,-15,1.6500000000000001
-10,-15,4.422004084128035
-10,-15,1.794133789698421
-10,-15,8.30907453019734
-10,-15,2.83674180554728
-10,-15,4.000896704617156
-10,-15,3.861789837030654
-10,-15,5.340068566243968
-10,-15,1.6500000000000001
-10,-15,3.729935291656106
-10,-15,5.792602581268467
-10,-15,9.241433811672133
-10,-15,2.6050751560938155
-10,-15,2.0335397845222714
-10,-15,3.874441592884171
-10,-15,4.648067219926663
-10,-15,1.6500000000000001
-10,-15,5.843470597676411
-10,-15,1.6500000000000001
-10,-15,3.2259847604573824
-10,-15,1.6500000000000001
-11,-15,1.6500000000000001
-11,-15,3.770076982223014
-11,-15,1.6500000000000001
-11,-15,4.642598952782123
-11,-15,2.359789710076045
-11,-15,1.6500000000000001
-11,-15,1.6500000000000001
-11,-15,4.558240004182544
-11,-15,1.6500000000000001
-11,-15,1.6500000000000001
-11,-15,2.3635395922237823
-11,-15,1.80255893480418
-11,-15,3.3237921627271882
-11,-15,8.379336625832103
-11,-15,1.6500000000000001
-11,-15,1.6500000000000001
-11,-15,1.6500000000000001
-11,-15,1.6500000000000001
-11,-15,2.4928175951075526
-11,-15,2.2009566767507374
-11,-15,1.873111055156749
-11,-15,10.587580273152223
-11,-15,2.2994342562549868
-11,-15,2.23477098836074
-11,-15,1.6500000000000001
-11,-15,3.2055498690221143
-11,-15,2.888570186369483
-11,-15,1.6500000000000001
-11,-15,1.6500000000000001
-11,-15,1.6500000000000001
-11,-15,1.6500000000000001
-11,-15,1.6500000000000001
-11,-15,3.420559109246915
-11,-15,1.6500000000000001
-11,-15,2.7616040843239227
-11,-15,1.6500000000000001
-11,-15,1.6500000000000001
-11,-15,1.6500000000000001
-11,-15,1.6500000000000001
-11,-15,1.7712012789047014
-11,-15,1.6500000000000001
-11,-15,1.6500000000000001
-11,-15,5.742051418647814
-11,-15,2.247974776457506
-11,-15,1.6500000000000001
-11,-15,1.6500000000000001
-11,-15,1.6500000000000001
-11,-15,1.6500000000000001
-11,-15,5.552908869401286
-11,-15,1.8371538855795166
-11,-15,1.6500000000000001
-11,-15,4.046069115791399
-11,-15,1.6500000000000001
-11,-15,8.723452355155874
-11,-15,2.819190817654591
-11,-15,1.6500000000000001
-11,-15,3.6820886804612094
-11,-15,5.179960900571065
-11,-15,5.632420736391234
-11,-15,3.2989951355683997
-11,-15,1.6500000000000001
-12,-15,1.6500000000000001
-12,-15,1.6500000000000001
-12,-15,1.6500000000000001
-12,-15,1.6741708023420754
-12,-15,1.6500000000000001
-12,-15,3.747696727346334
-12,-15,1.6500000000000001
-12,-15,1.6500000000000001
-12,-15,2.125426079498199
-12,-15,4.146830741801338
-12,-15,1.6500000000000001
-12,-15,8.76807598200583
-12,-15,6.345179391984381
-12,-15,5.924859404835564
-12,-15,1.6500000000000001
-12,-15,1.6500000000000001
-12,-15,1.6500000000000001
-12,-15,1.6500000000000001
-12,-15,5.850473253769316
-12,-15,1.6500000000000001
-12,-15,1.6500000000000001
-12,-15,1.6500000000000001
-12,-15,6.494030420573694
-12,-15,1.6500000000000001
-12,-15,1.6500000000000001
-12,-15,1.6500000000000001
-12,-15,4.260962063595818
-12,-15,1.6500000000000001
-12,-15,4.832722799776315
-12,-15,2.33257408383919
-12,-15,3.6825539955648443
-12,-15,1.6500000000000001
-12,-15,1.6500000000000001
-12,-15,1.6500000000000001
-12,-15,1.6500000000000001
-12,-15,7.442155272691089
-12,-15,1.6500000000000001
-12,-15,7.709222492864779
-12,-15,1.6500000000000001
-12,-15,1.6500000000000001
-12,-15,4.431386262957854
-12,-15,3.2689935816661357
-12,-15,1.6500000000000001
-12,-15,1.6500000000000001
-12,-15,2.0946993418566455
-12,-15,1.6500000000000001
-12,-15,5.891757809199881
-12,-15,1.6500000000000001
-12,-15,1.6500000000000001
-12,-15,1.6500000000000001
-12,-15,5.927291522555099
-12,-15,5.80136074642768
-12,-15,7.302349155876909
-12,-15,7.180353650027086
-12,-15,1.6500000000000001
-12,-15,2.7580388868614953
-12,-15,1.6500000000000001
-12,-15,1.847333005052186
-12,-15,1.6500000000000001
-12,-15,2.8039539781896132
-13,-15,4.6326249673241
-13,-15,1.6500000000000001
-13,-15,1.6500000000000001
-13,-15,2.5527087123667185
-13,-15,3.2106541387040473
-13,-15,1.6500000000000001
-13,-15,1.6500000000000001
-13,-15,2.4015718136082107
-13,-15,1.6500000000000001
-13,-15,2.680009085465663
-13,-15,1.6500000000000001
-13,-15,11.48790886074384
-13,-15,1.6500000000000001
-13,-15,2.207855947449165
-13,-15,1.6500000000000001
-13,-15,1.6500000000000001
-13,-15,1.6500000000000001
-13,-15,1.6500000000000001
-13,-15,1.6500000000000001
-13,-15,2.4132235072970896
-13,-15,4.610536127580463
-13,-15,7.563610720355331
-13,-15,1.6500000000000001
-13,-15,1.6500000000000001
-13,-15,2.371603552736303
-13,-15,2.8060929946950823
-13,-15,1.6500000000000001
-13,-15,1.6500000000000001
-13,-15,1.6500000000000001
-13,-15,1.6500000000000001
-13,-15,3.0587208152651177
-13,-15,2.8229181292333907
-13,-15,6.880413683885616
-13,-15,2.946655309112207
-13,-15,1.6500000000000001
-13,-15,5.010450577498709
-13,-15,1.6500000000000001
-13,-15,1.6500000000000001
-13,-15,1.6500000000000001
-13,-15,3.7028755724830065
-13,-15,1.6500000000000001
-13,-15,5.985623948758777
-13,-15,1.6500000000000001
-13,-15,5.039669148910299
-13,-15,2.761072027395297
-13,-15,1.6500000000000001
-13,-15,1.6500000000000001
-13,-15,3.9783114079044517
-13,-15,1.6500000000000001
-13,-15,4.486509487037095
-13,-15,4.780798432711439
-13,-15,1.6500000000000001
-13,-15,1.6500000000000001
-13,-15,1.6500000000000001
-13,-15,1.6500000000000001
-13,-15,1.6500000000000001
-13,-15,4.970826285445336
-13,-15,1.6500000000000001
-13,-15,2.7716923774587485
-13,-15,2.75213641842602
-13,-15,1.6655580265927283
-14,-15,4.817347205551426
-14,-15,2.3765750109264747
-14,-15,1.6500000000000001
-14,-15,1.6500000000000001
-14,-15,4.056921190572798
-14,-15,1.6500000000000001
-14,-15,8.545367330609693
-14,-15,1.6500000000000001
-14,-15,2.264845947554316
-14,-15,5.256019074508206
-14,-15,1.6500000000000001
-14,-15,8.57291080879119
-14,-15,1.6500000000000001
-14,-15,1.6500000000000001
-14,-15,1.6500000000000001
-14,-15,1.6500000000000001
-14,-15,1.6500000000000001
-14,-15,2.15001996205071
-14,-15,6.1584931445060676
-14,-15,1.6500000000000001
-14,-15,2.7218450338936506
-14,-15,1.6500000000000001
-14,-15,1.6500000000000001
-14,-15,3.313106457209222
-14,-15,1.6500000000000001
-14,-15,1.6500000000000001
-14,-15,4.983980763737276
-14,-15,1.6500000000000001
-14,-15,3.248825935754796
-14,-15,1.6500000000000001
-14,-15,1.6500000000000001
-14,-15,6.006475481937753
-14,-15,4.975433132862829
-14,-15,3.3801790902136877
-14,-15,1.6500000000000001
-14,-15,1.6500000000000001
-14,-15,1.6500000000000001
-14,-15,1.6500000000000001
-14,-15,1.6500000000000001
-14,-15,2.0110787493800633
-14,-15,1.9233535523550538
-14,-15,3.4019952616775107
-14,-15,7.381100362893484
-14,-15,2.0321959003338317
-14,-15,1.6500000000000001
-14,-15,3.8201297559270797
-14,-15,5.309188257185616
-14,-15,1.6500000000000001
-14,-15,1.6500000000000001
-14,-15,1.6500000000000001
-14,-15,1.6500000000000001
-14,-15,2.1782303737894537
-14,-15,1.6500000000000001
-14,-15,1.7309271367793813
-14,-15,5.4855351149693785
-14,-15,5.173650114678777
-14,-15,1.6500000000000001
-14,-15,3.3645552614286927
-14,-15,1.6500000000000001
-14,-15,1.6500000000000001
-15,-15,1.6500000000000001
-15,-15,10.181702247090687
-15,-15,1.6500000000000001
-15,-15,3.2187436947401937
-15,-15,1.710052799009318
-15,-15,3.0780257445522685
-15,-15,3.967714422555546
-15,-15,1.6500000000000001
-15,-15,2.8487001685053945
-15,-15,1.6500000000000001
-15,-15,1.6500000000000001
-15,-15,1.6500000000000001
-15,-15,1.6500000000000001
-15,-15,1.6500000000000001
-15,-15,1.6500000000000001
-15,-15,1.6500000000000001
-15,-15,1.6799136920453104
-15,-15,1.6500000000000001
-15,-15,1.6500000000000001
-15,-15,4.691655657358426
-15,-15,6.744916780701764
-15,-15,1.6500000000000001
-15,-15,3.2910726019266083
-15,-15,1.6500000000000001
-15,-15,1.6500000000000001
-15,-15,4.333644583208811
-15,-15,1.6500000000000001
-15,-15,1.6500000000000001
-15,-15,1.6500000000000001
-15,-15,1.6500000000000001
-15,-15,1.6500000000000001
-15,-15,2.498571128552966
-15,-15,1.6500000000000001
-15,-15,1.6500000000000001
-15,-15,1.6500000000000001
-15,-15,1.6500000000000001
-15,-15,1.6500000000000001
-15,-15,2.771688599550347
-15,-15,3.2598331520816997
-15,-15,3.4979688568829705
-15,-15,4.848008440384485
-15,-15,1.6500000000000001
-15,-15,1.6500000000000001
-15,-15,7.469065206277785
-15,-15,4.745995417943185
-15,-15,1.6500000000000001
-15,-15,4.7144440931820615
-15,-15,1.6500000000000001
-15,-15,1.6500000000000001
-15,-15,1.6500000000000001
-15,-15,3.6706105752695413
-15,-15,1.6500000000000001
-15,-15,1.6500000000000001
-15,-15,3.7615923839435417
-15,-15,2.3087757305775356
-15,-15,1.6500000000000001
-15,-15,1.6500000000000001
-15,-15,1.6500000000000001
-15,-15,1.6500000000000001
-15,-15,1.6500000000000001
-15,-15,1.6500000000000001
-15,-16,1.6500000000000001
-15,-16,5.456874562354377
-15,-16,4.764667631735004
-15,-16,1.6500000000000001
-15,-16,1.6500000000000001
-15,-16,7.211723444686165
-15,-16,1.6671025520637706
-15,-16,4.398647733379451
-15,-16,1.6500000000000001
-15,-16,5.98678872796841
-15,-16,1.6500000000000001
-15,-16,1.6500000000000001
-15,-16,1.6500000000000001
-15,-16,4.701041035723938
-15,-16,1.6500000000000001
-15,-16,3.650102636920324
-15,-16,1.6500000000000001
-15,-16,1.6500000000000001
-15,-16,7.2619791784321235
-15,-16,1.6500000000000001
-15,-16,1.6500000000000001
-15,-16,1.6500000000000001
-15,-16,1.6500000000000001
-15,-16,1.6500000000000001
-15,-16,1.7953733202805107
-15,-16,1.6500000000000001
-15,-16,1.6862959216950923
-15,-16,1.6500000000000001
-15,-16,1.6500000000000001
-15,-16,1.6500000000000001
-15,-16,1.6500000000000001
-15,-16,1.6500000000000001
-15,-16,1.6500000000000001
-15,-16,1.6500000000000001
-15,-16,1.6500000000000001
-15,-16,1.6500000000000001
-15,-16,1.6500000000000001
-15,-16,1.6500000000000001
-15,-16,3.6474232832347044
-15,-16,1.6500000000000001
-15,-16,1.6500000000000001
-15,-16,1.6500000000000001
-15,-16,1.6500000000000001
-15,-16,1.6500000000000001
-15,-16,1.6500000000000001
-15,-16,2.319970929909561
-15,-16,1.6500000000000001
-15,-16,1.6500000000000001
-15,-16,1.6500000000000001
-15,-16,1.6500000000000001
-15,-16,3.1135327994250144
-15,-16,3.255538315737659
-15,-16,1.6500000000000001
-15,-16,5.387509483613549
-15,-16,1.6500000000000001
-15,-16,1.6500000000000001
-15,-16,1.6500000000000001
-15,-16,1.6500000000000001
-15,-16,2.0817160698148918
-15,-16,1.6500000000000001
-15,-16,1.6500000000000001
-16,-16,5.4551915445658015
-16,-16,2.189334998305759
-16,-16,1.6500000000000001
-16,-16,1.6500000000000001
-16,-16,1.6500000000000001
-16,-16,1.6500000000000001
-16,-16,1.6500000000000001
-16,-16,1.9639638900853047
-16,-16,1.6500000000000001
-16,-16,1.6500000000000001
-16,-16,3.0425987848527485
-16,-16,1.6500000000000001
-16,-16,6.134675549552362
-16,-16,1.6500000000000001
-16,-16,2.6391869827487833
-16,-16,5.010163581189187
-16,-16,1.6500000000000001
-16,-16,1.6500000000000001
-16,-16,1.6500000000000001
-16,-16,1.6500000000000001
-16,-16,2.385369036932119
-16,-16,1.6500000000000001
-16,-16,1.6500000000000001
-16,-16,1.6500000000000001
-16,-16,1.6500000000000001
-16,-16,1.6500000000000001
-16,-16,1.6500000000000001
-16,-16,2.966944970462184
-16,-16,1.6500000000000001
-16,-16,1.6500000000000001
-16,-16,1.6500000000000001
-16,-16,1.6500000000000001
-16,-16,1.6500000000000001
-16,-16,1.6500000000000001
-16,-16,6.685103846274511
-16,-16,1.6500000000000001
-16,-16,1.6500000000000001
-16,-16,1.6500000000000001
-16,-16,1.6500000000000001
-16,-16,6.174628140601195
-16,-16,1.6500000000000001
-16,-16,2.9862509692961745
-16,-16,2.4085966144053312
-16,-16,3.499877544510899
-16,-16,1.6500000000000001
-16,-16,1.6500000000000001
-16,-16,1.6500000000000001
-16,-16,2.5524803071631093
-16,-16,1.6500000000000001
-16,-16,1.6500000000000001
-16,-16,1.6500000000000001
-16,-16,1.6500000000000001
-16,-16,1.6500000000000001
-16,-16,1.9591173138747489
-16,-16,1.6500000000000001
-16,-16,1.6500000000000001
-16,-16,1.6500000000000001
-16,-16,1.6500000000000001
-16,-16,1.6500000000000001
-16,-16,1.6500000000000001
-17,-16,1.9644935932322676
-17,-16,3.241880027901381
-17,-16,1.6500000000000001
-17,-16,2.1811017613009698
-17,-16,3.657105291367455
-17,-16,1.6500000000000001
-17,-16,1.6500000000000001
-17,-16,1.6500000000000001
-17,-16,1.6500000000000001
-17,-16,1.6500000000000001
-17,-16,7.4294152772400786
-17,-16,1.6500000000000001
-17,-16,3.2076564614587078
-17,-16,1.6500000000000001
-17,-16,1.6500000000000001
-17,-16,1.6500000000000001
-17,-16,1.6500000000000001
-17,-16,1.8943478756432985
-17,-16,5.25776992450825
-17,-16,1.6500000000000001
-17,-16,1.6500000000000001
-17,-16,2.6287390443536647
-17,-16,1.6500000000000001
-17,-16,1.6500000000000001
-17,-16,1.6500000000000001
-17,-16,1.6500000000000001
-17,-16,1.6500000000000001
-17,-16,1.6500000000000001
-17,-16,2.5283823273600583
-17,-16,4.327088999258761
-17,-16,2.4090484514466346
-17,-16,1.6500000000000001
-17,-16,3.3334004255414813
-17,-16,2.733684976342595
-17,-16,1.6500000000000001
-17,-16,1.6500000000000001
-17,-16,1.6500000000000001
-17,-16,1.6500000000000001
-17,-16,1.6500000000000001
-17,-16,1.6500000000000001
-17,-16,1.6500000000000001
-17,-16,1.6500000000000001
-17,-16,2.089742446839556
-17,-16,2.734741962537227
-17,-16,2.6555082665804437
-17,-16,1.6500000000000001
-17,-16,1.6500000000000001
-17,-16,1.6500000000000001
-17,-16,1.6500000000000001
-17,-16,1.6500000000000001
-17,-16,2.069126545067635
-17,-16,5.758949310460552
-17,-16,1.6500000000000001
-17,-16,1.6500000000000001
-17,-16,1.6500000000000001
-17,-16,1.6500000000000001
-17,-16,1.6500000000000001
-17,-16,3.1900299301365425
-17,-16,1.9978272669169164
-17,-16,1.6500000000000001
-17,-16,1.6500000000000001
-18,-16,1.6500000000000001
-18,-16,1.6500000000000001
-18,-16,1.6500000000000001
-18,-16,1.6500000000000001
-18,-16,1.6500000000000001
-18,-16,1.6500000000000001
-18,-16,1.6500000000000001
-18,-16,1.6500000000000001
-18,-16,1.6500000000000001
-18,-16,1.6500000000000001
-18,-16,1.6500000000000001
-18,-16,1.6500000000000001
-18,-16,3.6924322984777493
-18,-16,2.437690020157229
-18,-16,1.6500000000000001
-18,-16,1.6500000000000001
-18,-16,1.6783419476588872
-18,-16,1.6500000000000001
-18,-16,3.3702943081450196
-18,-16,1.6500000000000001
-18,-16,1.6500000000000001
-18,-16,1.6500000000000001
-18,-16,1.6500000000000001
-18,-16,1.6500000000000001
-18,-16,3.42334083212821
-18,-16,4.953928201394525
-18,-16,1.6500000000000001
-18,-16,1.6500000000000001
-18,-16,1.6500000000000001
-18,-16,1.6500000000000001
-18,-16,1.6500000000000001
-18,-16,1.6500000000000001
-18,-16,1.6500000000000001
-18,-16,8.05295973584981
-18,-16,1.6500000000000001
-18,-16,3.0168180459398135
-18,-16,1.6500000000000001
-18,-16,1.6500000000000001
-18,-16,1.6500000000000001
-18,-16,6.57743287416881
-18,-16,1.6500000000000001
-18,-16,6.34412100498019
-18,-16,1.6500000000000001
-18,-16,1.6500000000000001
-18,-16,1.6500000000000001
-18,-16,2.870878098715214
-18,-16,1.6500000000000001
-18,-16,4.310221109371446
-18,-16,5.046068612178084
-18,-16,1.6500000000000001
-18,-16,4.920825869036558
-18,-16,1.6500000000000001
-18,-16,2.381623653473082
-18,-16,2.8671835591293005
-18,-16,1.6500000000000001
-18,-16,1.6500000000000001
-18,-16,1.6500000000000001
-18,-16,2.288563469921499
-18,-16,1.6500000000000001
-18,-16,1.6500000000000001
-19,-16,1.6500000000000001
-19,-16,1.6500000000000001
-19,-16,1.759138749996331
-19,-16,1.6500000000000001
-19,-16,2.645604556781414
-19,-16,1.6500000000000001
-19,-16,2.319895448399106
-19,-16,1.6500000000000001
-19,-16,2.698413381709057
-19,-16,1.6500000000000001
-19,-16,1.6500000000000001
-19,-16,1.6500000000000001
-19,-16,1.6500000000000001
-19,-16,1.6500000000000001
-19,-16,1.6500000000000001
-19,-16,1.6500000000000001
-19,-16,1.6500000000000001
-19,-16,2.3197231366305684
-19,-16,1.6500000000000001
-19,-16,1.6500000000000001
-19,-16,1.6500000000000001
-19,-16,1.6500000000000001
-19,-16,1.6500000000000001
-19,-16,2.4450353268468112
-19,-16,1.6500000000000001
-19,-16,1.6500000000000001
-19,-16,1.6500000000000001
-19,-16,1.6500000000000001
-19,-16,1.6500000000000001
-19,-16,1.6500000000000001
-19,-16,1.6500000000000001
-19,-16,1.6500000000000001
-19,-16,1.6500000000000001
-19,-16,5.705224099826292
-19,-16,3.960581158767117
-19,-16,1.6500000000000001
-19,-16,1.6500000000000001
-19,-16,1.6500000000000001
-19,-16,1.6500000000000001
-19,-16,1.6500000000000001
-19,-16,1.6500000000000001
-19,-16,4.56680857975505
-19,-16,1.6500000000000001
-19,-16,1.6500000000000001
-19,-16,2.3914812013570916
-19,-16,1.6500000000000001
-19,-16,1.6500000000000001
-19,-16,6.003432041926467
-19,-16,1.6500000000000001
-19,-16,1.6500000000000001
-19,-16,1.6500000000000001
-19,-16,1.6500000000000001
-19,-16,2.061467988909583
-19,-16,1.6500000000000001
-19,-16,1.6500000000000001
-19,-16,1.6500000000000001
-19,-16,1.6500000000000001
-19,-16,1.6500000000000001
-19,-16,2.573740913371068
-19,-16,1.6500000000000001
-19,-16,1.6500000000000001
-20,-16,3.384281286127935
-20,-16,2.56615189704016
-20,-16,1.6500000000000001
-20,-16,1.6500000000000001
-20,-16,8.7027168678864
-20,-16,1.6500000000000001
-20,-16,1.6500000000000001
-20,-16,3.1065701806010195
-20,-16,1.6500000000000001
-20,-16,1.6500000000000001
-20,-16,3.4209454857476578
-20,-16,1.6500000000000001
-20,-16,1.6500000000000001
-20,-16,1.6500000000000001
-20,-16,1.6500000000000001
-20,-16,4.46400125612923
-20,-16,3.9582943488211795
-20,-16,1.6500000000000001
-20,-16,1.6500000000000001
-20,-16,1.6500000000000001
-20,-16,1.6500000000000001
-20,-16,1.6500000000000001
-20,-16,1.6500000000000001
-20,-16,1.6500000000000001
-20,-16,1.6500000000000001
-20,-16,1.6500000000000001
-20,-16,1.6500000000000001
-20,-16,1.6500000000000001
-20,-16,1.6500000000000001
-20,-16,1.6500000000000001
-20,-16,1.6500000000000001
-20,-16,1.6500000000000001
-20,-16,1.6500000000000001
-20,-16,1.6500000000000001
-20,-16,1.6500000000000001
-20,-16,1.6500000000000001
-20,-16,1.6500000000000001
-20,-16,1.6500000000000001
-20,-16,1.6500000000000001
-20,-16,1.6500000000000001
-20,-16,1.6500000000000001
-20,-16,1.6500000000000001
-20,-16,1.6500000000000001
-20,-16,1.6500000000000001
-20,-16,1.7714520385225345
-20,-16,1.6500000000000001
-20,-16,1.6500000000000001
-20,-16,1.6500000000000001
-20,-16,1.6500000000000001
-20,-16,2.394981816937433
-20,-16,1.6500000000000001
-20,-16,2.7245018281776243
-20,-16,1.6500000000000001
-20,-16,1.6500000000000001
-20,-16,1.6500000000000001
-20,-16,1.6500000000000001
-20,-16,1.6500000000000001
-20,-16,2.556661639736442
-20,-16,1.6500000000000001
-20,-16,1.6500000000000001
-20,-16,1.6500000000000001
-19,-16,1.6500000000000001
-19,-16,1.6500000000000001
-19,-16,1.6500000000000001
-19,-16,1.6500000000000001
-19,-16,3.5892074172265005
-19,-16,1.6500000000000001
-19,-16,1.6500000000000001
-19,-16,3.2290709136935725
-19,-16,1.6500000000000001
-19,-16,1.6500000000000001
-19,-16,1.6500000000000001
-19,-16,3.0437017724770263
-19,-16,1.6500000000000001
-19,-16,1.6500000000000001
-19,-16,1.6500000000000001
-19,-16,1.6500000000000001
-19,-16,1.6500000000000001
-19,-16,1.6500000000000001
-19,-16,2.954970015187482
-19,-16,3.532700621773813
-19,-16,1.6500000000000001
-19,-16,1.6500000000000001
-19,-16,1.6500000000000001
-19,-16,1.6500000000000001
-19,-16,1.6500000000000001
-19,-16,1.6500000000000001
-19,-16,1.6500000000000001
-19,-16,1.6500000000000001
-19,-16,1.6500000000000001
-19,-16,1.6500000000000001
-19,-16,1.6500000000000001
-19,-16,1.6500000000000001
-19,-16,1.6500000000000001
-19,-16,4.83968182078477
-19,-16,1.6500000000000001
-19,-16,1.8264081206936367
-19,-16,1.6500000000000001
-19,-16,1.6500000000000001
-19,-16,1.6500000000000001
-19,-16,1.6500000000000001
-19,-16,1.6500000000000001
-19,-16,1.6500000000000001
-19,-16,1.6500000000000001
-19,-16,1.6500000000000001
-19,-16,1.6500000000000001
-19,-16,1.6500000000000001
-19,-16,1.6500000000000001
-19,-16,1.6500000000000001
-19,-16,1.6500000000000001
-19,-16,1.6500000000000001
-19,-16,1.6500000000000001
-19,-16,1.6500000000000001
-19,-16,1.6500000000000001
-19,-16,1.6500000000000001
-19,-16,1.6500000000000001
-19,-16,5.906163097810972
-19,-16,1.6500000000000001
-19,-16,1.6500000000000001
-19,-16,1.6500000000000001
-19,-16,1.6500000000000001
-19,-17,1.6500000000000001
-19,-17,1.6500000000000001
-19,-17,1.6500000000000001
-19,-17,1.6500000000000001
-19,-17,6.343602403522583
-19,-17,2.1698268222751658
-19,-17,1.6500000000000001
-19,-17,3.434365203560196
-19,-17,1.6500000000000001
-19,-17,1.6500000000000001
-19,-17,1.6500000000000001
-19,-17,1.6500000000000001
-19,-17,6.100577658535894
-19,-17,3.622387571171438
-19,-17,2.8184997327236383
-19,-17,1.6500000000000001
-19,-17,1.6500000000000001
-19,-17,1.6500000000000001
-19,-17,4.402541977347272
-19,-17,1.7841526182810394
-19,-17,1.6500000000000001
-19,-17,1.6500000000000001
-19,-17,1.6500000000000001
-19,-17,1.6500000000000001
-19,-17,1.6500000000000001
-19,-17,1.6500000000000001
-19,-17,2.6887074345932778
-19,-17,1.6500000000000001
-19,-17,1.6500000000000001
-19,-17,1.6500000000000001
-19,-17,1.6500000000000001
-19,-17,6.386220254324353
-19,-17,1.6500000000000001
-19,-17,1.6500000000000001
-19,-17,1.6500000000000001
-19,-17,1.6500000000000001
-19,-17,1.6500000000000001
-19,-17,1.6500000000000001
-19,-17,1.6500000000000001
-19,-17,9.216086741607473
-19,-17,1.6500000000000001
-19,-17,1.6500000000000001
-19,-17,1.6500000000000001
-19,-17,1.6500000000000001
-19,-17,1.6500000000000001
-19,-17,1.6500000000000001
-19,-17,2.085220767107011
-19,-17,1.6500000000000001
-19,-17,3.5441597392456794
-19,-17,2.584309026059175
-19,-17,1.6500000000000001
-19,-17,1.6500000000000001
-19,-17,1.6500000000000001
-19,-17,1.6500000000000001
-19,-17,1.6500000000000001
-19,-17,3.8914375899688514
-19,-17,2.1776416355331087
-19,-17,1.6500000000000001
-19,-17,1.6500000000000001
-19,-17,9.319031677204176
-19,-17,5.715031153471639
-18,-17,1.6500000000000001
-18,-17,1.6500000000000001
-18,-17,1.6500000000000001
-18,-17,1.6500000000000001
-18,-17,1.6500000000000001
-18,-17,1.6500000000000001
-18,-17,6.193064884407785
-18,-17,1.6500000000000001
-18,-17,1.6500000000000001
-18,-17,1.6500000000000001
-18,-17,1.6500000000000001
-18,-17,5.076077224982939
-18,-17,5.826520467556387
-18,-17,1.6500000000000001
-18,-17,6.25036068878046
-18,-17,1.6500000000000001
-18,-17,1.6500000000000001
-18,-17,1.6500000000000001
-18,-17,1.6500000000000001
-18,-17,3.405934160322007
-18,-17,4.338741492471428
-18,-17,2.3723079606710846
-18,-17,1.6500000000000001
-18,-17,1.6500000000000001
-18,-17,1.6500000000000001
-18,-17,1.6500000000000001
-18,-17,1.6500000000000001
-18,-17,1.6500000000000001
-18,-17,1.6500000000000001
-18,-17,1.6500000000000001
-18,-17,1.6500000000000001
-18,-17,1.6500000000000001
-18,-17,1.6500000000000001
-18,-17,3.8643967888749007
-18,-17,1.6500000000000001
-18,-17,1.6500000000000001
-18,-17,1.6500000000000001
-18,-17,1.6500000000000001
-18,-17,1.6500000000000001
-18,-17,1.6500000000000001
-18,-17,1.6500000000000001
-18,-17,1.6500000000000001
-18,-17,1.6500000000000001
-18,-17,1.6500000000000001
-18,-17,1.7375195173425384
-18,-17,1.6500000000000001
-18,-17,1.6500000000000001
-18,-17,1.6500000000000001
-18,-17,1.6500000000000001
-18,-17,4.765421393042412
-18,-17,1.6500000000000001
-18,-17,2.5612862469826974
-18,-17,1.6500000000000001
-18,-17,1.6500000000000001
-18,-17,1.6500000000000001
-18,-17,1.6500000000000001
-18,-17,4.456605253039469
-18,-17,1.6500000000000001
-18,-17,1.6500000000000001
-18,-17,8.85250978040295
-18,-16,1.6500000000000001
-18,-16,1.6500000000000001
-18,-16,1.6500000000000001
-18,-16,1.6500000000000001
-18,-16,1.6500000000000001
-18,-16,1.6500000000000001
-18,-16,1.6500000000000001
-18,-16,1.6500000000000001
-18,-16,1.6500000000000001
-18,-16,1.6500000000000001
-18,-16,1.6500000000000001
-18,-16,3.6445403469500035
-18,-16,1.6500000000000001
-18,-16,3.1251210089245323
-18,-16,1.6500000000000001
-18,-16,5.257645988495519
-18,-16,1.6500000000000001
-18,-16,1.6500000000000001
-18,-16,1.6500000000000001
-18,-16,1.6500000000000001
-18,-16,1.6500000000000001
-18,-16,1.6500000000000001
-18,-16,1.6500000000000001
-18,-16,1.6500000000000001
-18,-16,1.6500000000000001
-18,-16,1.6500000000000001
-18,-16,1.6500000000000001
-18,-16,1.6500000000000001
-18,-16,1.6500000000000001
-18,-16,1.6500000000000001
-18,-16,1.6500000000000001
-18,-16,1.6500000000000001
-18,-16,1.6500000000000001
-18,-16,1.6500000000000001
-18,-16,1.6500000000000001
-18,-16,1.6500000000000001
-18,-16,1.6500000000000001
-18,-16,4.121853323530229
-18,-16,1.6500000000000001
-18,-16,4.567943122610074
-18,-16,1.6500000000000001
-18,-16,1.6500000000000001
-18,-16,1.6500000000000001
-18,-16,1.6500000000000001
-18,-16,3.571907540559338
-18,-16,1.6500000000000001
-18,-16,6.322759179612023
-18,-16,2.007418701345755
-18,-16,1.6500000000000001
-18,-16,4.190669619551692
-18,-16,2.771477018503535
-18,-16,1.6500000000000001
-18,-16,1.6500000000000001
-18,-16,1.6500000000000001
-18,-16,1.9523436214753884
-18,-16,1.6500000000000001
-18,-16,1.6500000000000001
-18,-16,1.6500000000000001
-18,-16,1.6500000000000001
-18,-16,1.6500000000000001
-18,-16,1.6500000000000001
-17,-16,1.6500000000000001
-17,-16,1.6500000000000001
-17,-16,1.6500000000000001
-17,-16,3.1393261848125507
-17,-16,1.6500000000000001
-17,-16,1.6500000000000001
-17,-16,1.6500000000000001
-17,-16,2.8987532937739102
-17,-16,6.321205430126665
-17,-16,1.6500000000000001
-17,-16,1.6500000000000001
-17,-16,1.6500000000000001
-17,-16,2.6489940011376847
-17,-16,1.6500000000000001
-17,-16,1.6500000000000001
-17,-16,1.6500000000000001
-17,-16,1.7587959500196855
-17,-16,1.6500000000000001
-17,-16,4.255202081541452
-17,-16,1.6500000000000001
-17,-16,1.7826146572825068
-17,-16,1.6500000000000001
-17,-16,1.6500000000000001
-17,-16,5.613910315650122
-17,-16,1.6500000000000001
-17,-16,1.6500000000000001
-17,-16,1.6500000000000001
-17,-16,1.6500000000000001
-17,-16,1.6500000000000001
-17,-16,1.6500000000000001
-17,-16,3.5222202078365656
-17,-16,1.6500000000000001
-17,-16,1.6500000000000001
-17,-16,2.2612249414750236
-17,-16,1.6500000000000001
-17,-16,1.6500000000000001
-17,-16,1.6500000000000001
-17,-16,3.602589787082695
-17,-16,1.6500000000000001
-17,-16,2.951923962567367
-17,-16,2.075879581299481
-17,-16,1.6500000000000001
-17,-16,1.6500000000000001
-17,-16,1.6500000000000001
-17,-16,1.6500000000000001
-17,-16,4.545856229218208
-17,-16,1.6500000000000001
-17,-16,1.6500000000000001
-17,-16,1.6500000000000001
-17,-16,1.6500000000000001
-17,-16,1.6500000000000001
-17,-16,1.6500000000000001
-17,-16,1.6500000000000001
-17,-16,2.7427460024855717
-17,-16,1.6500000000000001
-17,-16,4.212285579000035
-17,-16,1.6500000000000001
-17,-16,2.941101368481594
-17,-16,1.6500000000000001
-17,-16,1.6500000000000001
-17,-16,1.6500000000000001
-16,-16,2.9367643075319365
-16,-16,1.6500000000000001
-16,-16,1.6500000000000001
-16,-16,2.713864513322766
-16,-16,1.6500000000000001
-16,-16,2.7250984785261387
-16,-16,3.7035191601012167
-16,-16,1.6500000000000001
-16,-16,1.6500000000000001
-16,-16,1.6500000000000001
-16,-16,1.6500000000000001
-16,-16,1.6500000000000001
-16,-16,1.6500000000000001
-16,-16,1.6500000000000001
-16,-16,1.6500000000000001
-16,-16,1.6500000000000001
-16,-16,1.6500000000000001
-16,-16,1.6500000000000001
-16,-16,1.6500000000000001
-16,-16,1.6500000000000001
-16,-16,1.6500000000000001
-16,-16,4.300404898857893
-16,-16,1.6500000000000001
-16,-16,1.6500000000000001
-16,-16,1.6500000000000001
-16,-16,1.6500000000000001
-16,-16,2.01254037999143
-16,-16,1.6500000000000001
-16,-16,1.6500000000000001
-16,-16,1.7060563406098084
-16,-16,1.6500000000000001
-16,-16,1.6500000000000001
-16,-16,1.6500000000000001
-16,-16,1.6500000000000001
-16,-16,1.6500000000000001
-16,-16,3.391911714069386
-16,-16,5.077004142239369
-16,-16,1.6500000000000001
-16,-16,2.5748797978459104
-16,-16,4.156766198572622
-16,-16,1.6500000000000001
-16,-16,1.6500000000000001
-16,-16,1.6500000000000001
-16,-16,4.867339151273741
-16,-16,1.6500000000000001
-16,-16,2.4023793196409198
-16,-16,2.176927738836339
-16,-16,1.6500000000000001
-16,-16,5.053159964715081
-16,-16,1.6500000000000001
-16,-16,3.4655422234966626
-16,-16,10.938974516153962
-16,-16,1.7111935484097103
-16,-16,1.6500000000000001
-16,-16,3.859167620016303
-16,-16,1.7140121454514203
-16,-16,3.1264250508843885
-16,-16,1.6500000000000001
-16,-16,1.6500000000000001
-16,-16,1.6500000000000001
-15,-16,1.6500000000000001
-15,-16,6.332695857836673
-15,-16,1.6500000000000001
-15,-16,5.3843690628135565
-15,-16,1.6500000000000001
-15,-16,4.734231117934645
-15,-16,1.6500000000000001
-15,-16,1.6500000000000001
-15,-16,2.607141072896942
-15,-16,1.6500000000000001
-15,-16,1.6500000000000001
-15,-16,1.7068916003234293
-15,-16,2.211444771305045
-15,-16,1.6500000000000001
-15,-16,3.1372489442626006
-15,-16,5.280321345945398
-15,-16,4.647833571179402
-15,-16,2.7158267988817317
-15,-16,1.6500000000000001
-15,-16,1.6500000000000001
-15,-16,2.1209066334213693
-15,-16,3.4939650523328827
-15,-16,4.939501375680861
-15,-16,3.5350873018593814
-15,-16,1.6500000000000001
-15,-16,1.6500000000000001
-15,-16,1.6500000000000001
-15,-16,1.6500000000000001
-15,-16,1.6500000000000001
-15,-16,1.6500000000000001
-15,-16,1.6500000000000001
-15,-16,1.6500000000000001
-15,-16,1.6500000000000001
-15,-16,1.6500000000000001
-15,-16,1.6500000000000001
-15,-16,1.6500000000000001
-15,-16,1.6500000000000001
-15,-16,1.6500000000000001
-15,-16,6.205586592111965
-15,-16,3.076021980108014
-15,-16,1.9698555087373242
-15,-16,1.6500000000000001
-15,-16,2.4100890325183855
-15,-16,1.6500000000000001
-15,-16,3.0373197443898854
-15,-16,1.6500000000000001
-15,-16,7.206910908737204
-15,-16,1.828917029340539
-15,-16,1.6500000000000001
-15,-16,1.6500000000000001
-15,-16,4.894032626302544
-15,-16,1.6500000000000001
-15,-16,2.136128713537628
-15,-16,5.288612077556834
-15,-16,1.6500000000000001
-15,-16,1.6500000000000001
-15,-16,1.6500000000000001
-15,-16,5.300903380842203
-15,-16,4.413388727639484
-15,-16,1.6500000000000001
-15,-16,1.962937609683176
-15,-15,3.019464656537406
-15,-15,1.6500000000000001
-15,-15,1.6500000000000001
-15,-15,1.6500000000000001
-15,-15,1.6500000000000001
-15,-15,1.6500000000000001
-15,-15,1.6500000000000001
-15,-15,5.893298689029608
-15,-15,1.895072151136746
-15,-15,1.6500000000000001
-15,-15,1.6500000000000001
-15,-15,1.6500000000000001
-15,-15,1.6500000000000001
-15,-15,1.6500000000000001
-15,-15,1.6500000000000001
-15,-15,1.6500000000000001
-15,-15,1.6500000000000001
-15,-15,1.6500000000000001
-15,-15,1.6500000000000001
-15,-15,3.942004092949915
-15,-15,1.953794331173697
-15,-15,2.210709091231844
-15,-15,1.6500000000000001
-15,-15,1.6500000000000001
-15,-15,1.6500000000000001
-15,-15,1.6500000000000001
-15,-15,1.6500000000000001
-15,-15,1.6500000000000001
-15,-15,1.6500000000000001
-15,-15,3.2268049936490506
-15,-15,7.2348010710496675
-15,-15,1.6500000000000001
-15,-15,1.6718475051099821
-15,-15,1.6500000000000001
-15,-15,2.770948295463187
-15,-15,1.6500000000000001
-15,-15,3.3340338839944126
-15,-15,1.6500000000000001
-15,-15,1.6500000000000001
-15,-15,1.6500000000000001
-15,-15,1.6500000000000001
-15,-15,1.6500000000000001
-15,-15,1.6500000000000001
-15,-15,1.6500000000000001
-15,-15,1.6500000000000001
-15,-15,1.6500000000000001
-15,-15,1.6500000000000001
-15,-15,1.6500000000000001
-15,-15,1.6500000000000001
-15,-15,1.6500000000000001
-15,-15,1.6500000000000001
-15,-15,1.6500000000000001
-15,-15,1.6500000000000001
-15,-15,1.6500000000000001
-15,-15,1.6500000000000001
-15,-15,1.6500000000000001
-15,-15,1.6500000000000001
-15,-15,1.6500000000000001
-15,-15,1.6500000000000001
-15,-15,1.6500000000000001
-14,-15,1.6500000000000001
-14,-15,2.1475148768314343
-14,-15,1.6500000000000001
-14,-15,7.02814913000206
-14,-15,1.6500000000000001
-14,-15,1.6500000000000001
-14,-15,1.6500000000000001
-14,-15,1.6500000000000001
-14,-15,3.5708340721585947
-14,-15,8.66934072015957
-14,-15,1.6500000000000001
-14,-15,1.6500000000000001
-14,-15,1.6500000000000001
-14,-15,2.2087838851637933
-14,-15,1.6500000000000001
-14,-15,5.511996208281781
-14,-15,1.6500000000000001
-14,-15,1.6500000000000001
-14,-15,1.6500000000000001
-14,-15,1.6500000000000001
-14,-15,1.6500000000000001
-14,-15,1.6500000000000001
-14,-15,2.1700521321959125
-14,-15,8.481357292024693
-14,-15,1.6500000000000001
-14,-15,1.6500000000000001
-14,-15,6.070701471919679
-14,-15,1.6500000000000001
-14,-15,1.6500000000000001
-14,-15,1.6500000000000001
-14,-15,1.6500000000000001
-14,-15,2.5145934183931486
-14,-15,4.116666595459975
-14,-15,1.6500000000000001
-14,-15,6.1185209196280645
-14,-15,1.6500000000000001
-14,-15,1.6500000000000001
-14,-15,1.6500000000000001
-14,-15,1.6500000000000001
-14,-15,3.0634560311071968
-14,-15,1.6500000000000001
-14,-15,5.950709053695261
-14,-15,1.6500000000000001
-14,-15,2.304898555564164
-14,-15,3.9281195416199206
-14,-15,2.31920110260341
-14,-15,1.6500000000000001
-14,-15,1.6500000000000001
-14,-15,1.6500000000000001
-14,-15,1.6500000000000001
-14,-15,1.6500000000000001
-14,-15,1.6500000000000001
-14,-15,1.6500000000000001
-14,-15,1.6500000000000001
-14,-15,1.6500000000000001
-14,-15,4.009694191182284
-14,-15,3.1175493954051237
-14,-15,3.4968619628653212
-14,-15,6.330722791243407
-14,-15,1.6500000000000001
-14,-15,1.6500000000000001
-13,-15,1.6500000000000001
-13,-15,2.629466985281403
-13,-15,1.6500000000000001
-13,-15,2.336556334066515
-13,-15,1.6500000000000001
-13,-15,3.1450604756332
-13,-15,1.6500000000000001
-13,-15,3.3866949536530124
-13,-15,1.6500000000000001
-13,-15,1.6500000000000001
-13,-15,1.6500000000000001
-13,-15,2.945535382317132
-13,-15,1.6500000000000001
-13,-15,2.5129509322700017
-13,-15,1.6500000000000001
-13,-15,1.6500000000000001
-13,-15,6.073944219058326
-13,-15,1.6500000000000001
-13,-15,1.6500000000000001
-13,-15,1.6500000000000001
-13,-15,4.9308803487201285
-13,-15,2.153037369093666
-13,-15,2.6669199496596034
-13,-15,1.6500000000000001
-13,-15,1.6500000000000001
-13,-15,1.6500000000000001
-13,-15,3.035632275180482
-13,-15,2.568956825174852
-13,-15,2.147088104197918
-13,-15,1.6500000000000001
-13,-15,4.477876728674533
-13,-15,1.6500000000000001
-13,-15,1.6500000000000001
-13,-15,1.6500000000000001
-13,-15,2.808190641155921
-13,-15,1.6500000000000001
-13,-15,1.6500000000000001
-13,-15,1.6500000000000001
-13,-15,1.6500000000000001
-13,-15,1.6500000000000001
-13,-15,1.9348460869379984
-13,-15,1.6500000000000001
-13,-15,1.6500000000000001
-13,-15,1.6500000000000001
-13,-15,1.6500000000000001
-13,-15,6.546714727483579
-13,-15,1.6500000000000001
-13,-15,1.6500000000000001
-13,-15,1.6500000000000001
-13,-15,1.6500000000000001
-13,-15,1.6500000000000001
-13,-15,1.6500000000000001
-13,-15,3.9515167637911
-13,-15,1.6500000000000001
-13,-15,1.6500000000000001
-13,-15,3.139910527837789
-13,-15,2.7681564850198095
-13,-15,1.6500000000000001
-13,-15,1.6500000000000001
-13,-15,1.6500000000000001
-13,-15,1.6500000000000001
-12,-15,1.6500000000000001
-12,-15,8.391262053943027
-12,-15,4.109744165959716
-12,-15,6.189561549310779
-12,-15,2.132816558712548
-12,-15,4.806737674309542
-12,-15,7.37410403360506
-12,-15,2.283494781386245
-12,-15,3.4665884455498475
-12,-15,8.566431919697116
-12,-15,4.955135412627917
-12,-15,6.317524265129351
-12,-15,2.355244770663435
-12,-15,1.6500000000000001
-12,-15,1.6500000000000001
-12,-15,5.389672679175385
-12,-15,4.531801954222426
-12,-15,1.6500000000000001
-12,-15,6.270953640937066
-12,-15,1.6500000000000001
-12,-15,1.999923910038864
-12,-15,1.6500000000000001
-12,-15,1.6500000000000001
-12,-15,1.6500000000000001
-12,-15,8.976215828474611
-12,-15,2.6434614455724637
-12,-15,2.5962714418792183
-12,-15,3.7622756813687275
-12,-15,2.1022677240225125
-12,-15,1.6500000000000001
-12,-15,1.6500000000000001
-12,-15,1.6500000000000001
-12,-15,1.6500000000000001
-12,-15,8.077320347361995
-12,-15,1.6500000000000001
-12,-15,7.221537475342505
-12,-15,1.6500000000000001
-12,-15,1.6500000000000001
-12,-15,2.443676139483352
-12,-15,9.062281725668406
-12,-15,1.6500000000000001
-12,-15,1.6500000000000001
-12,-15,1.6500000000000001
-12,-15,1.6500000000000001
-12,-15,10.097132430306978
-12,-15,1.8206441524494217
-12,-15,2.5490137320878037
-12,-15,1.6500000000000001
-12,-15,1.6500000000000001
-12,-15,1.6500000000000001
-12,-15,1.6500000000000001
-12,-15,3.1890260136341944
-12,-15,1.6500000000000001
-12,-15,4.958218345640345
-12,-15,7.6654343337233835
-12,-15,3.4736996537333105
-12,-15,1.8635775347362629
-12,-15,1.6500000000000001
-12,-15,1.6500000000000001
-12,-15,4.444327537813509
-12,-16,1.6500000000000001
-12,-16,1.6500000000000001
-12,-16,3.697001844284501
-12,-16,1.724799535198814
-12,-16,1.6500000000000001
-12,-16,3.9834220472905604
-12,-16,4.585305268662426
-12,-16,1.6500000000000001
-12,-16,1.6500000000000001
-12,-16,1.6500000000000001
-12,-16,5.461337527889783
-12,-16,1.6500000000000001
-12,-16,3.5099593571540195
-12,-16,1.6500000000000001
-12,-16,2.0662007312735344
-12,-16,1.6500000000000001
-12,-16,2.6633610927513347
-12,-16,1.6500000000000001
-12,-16,5.6539275006081215
-12,-16,8.333426970455795
-12,-16,1.6500000000000001
-12,-16,1.6500000000000001
-12,-16,3.389574378122701
-12,-16,1.6500000000000001
-12,-16,1.6500000000000001
-12,-16,3.0500413182161186
-12,-16,1.6500000000000001
-12,-16,1.6840526095128427
-12,-16,1.6500000000000001
-12,-16,3.8144690020482526
-12,-16,1.6500000000000001
-12,-16,2.989352684241802
-12,-16,1.6500000000000001
-12,-16,3.6398316574357654
-12,-16,4.990030884099635
-12,-16,1.6500000000000001
-12,-16,1.8446181276200937
-12,-16,1.9577931949214427
-12,-16,3.6986430032869944
-12,-16,1.6500000000000001
-12,-16,1.6500000000000001
-12,-16,1.6500000000000001
-12,-16,4.232842346635406
-12,-16,1.6500000000000001
-12,-16,5.196721275055298
-12,-16,4.05654440044527
-12,-16,2.367659676329368
-12,-16,1.6500000000000001
-12,-16,2.6511926868551345
-12,-16,1.6500000000000001
-12,-16,1.6500000000000001
-12,-16,1.6500000000000001
-12,-16,7.341360845717412
-12,-16,1.6500000000000001
-12,-16,3.8381029217320535
-12,-16,1.6500000000000001
-12,-16,3.927869339181338
-12,-16,1.6500000000000001
-12,-16,1.6500000000000001
-12,-16,2.9985412788952917
-12,-16,1.9442117230063807
-12,-15,6.837108357469415
-12,-15,1.6500000000000001
-12,-15,1.937240234237008
-12,-15,3.2713255195787285
-12,-15,1.6500000000000001
-12,-15,4.177609159012155
-12,-15,1.6500000000000001
-12,-15,3.0790400882639686
-12,-15,1.9599839644072417
-12,-15,1.6500000000000001
-12,-15,1.6500000000000001
-12,-15,1.6500000000000001
-12,-15,1.8730626558754764
-12,-15,1.6500000000000001
-12,-15,1.7479027886561411
-12,-15,10.08812647640018
-12,-15,2.6120039482296376
-12,-15,2.7325589750499124
-12,-15,1.6500000000000001
-12,-15,4.970428493840613
-12,-15,1.6500000000000001
-12,-15,1.6500000000000001
-12,-15,4.68479173909785
-12,-15,3.1431954646344407
-12,-15,1.6500000000000001
-12,-15,1.6500000000000001
-12,-15,2.9115049968092688
-12,-15,1.6500000000000001
-12,-15,8.536895153575177
-12,-15,1.6500000000000001
-12,-15,4.196833160055585
-12,-15,1.7568610096723825
-12,-15,1.6500000000000001
-12,-15,1.6500000000000001
-12,-15,2.4694588150810013
-12,-15,1.6500000000000001
-12,-15,2.0672950131045136
-12,-15,1.6500000000000001
-12,-15,2.369736227224524
-12,-15,1.8042465091659476
-12,-15,1.6500000000000001
-12,-15,1.6500000000000001
-12,-15,2.737324255979625
-12,-15,6.964263233068187
-12,-15,1.7309806914293486
-12,-15,2.790464644187221
-12,-15,2.647671022908835
-12,-15,1.6500000000000001
-12,-15,1.6500000000000001
-12,-15,3.751809792716317
-12,-15,1.6500000000000001
-12,-15,4.145191786634918
-12,-15,1.6500000000000001
-12,-15,1.6500000000000001
-12,-15,1.6937270039665169
-12,-15,3.362288837809147
-12,-15,2.998906755619772
-12,-15,1.6500000000000001
-12,-15,1.6500000000000001
-12,-15,1.6500000000000001
-13,-15,5.438813771368369
-13,-15,1.7856322229946195
-13,-15,2.158339750473886
-13,-15,1.6500000000000001
-13,-15,1.9245914120854453
-13,-15,1.6500000000000001
-13,-15,6.527083734490487
-13,-15,3.061429812344336
-13,-15,2.89149462290065
-13,-15,1.6500000000000001
-13,-15,6.469624894936034
-13,-15,1.6500000000000001
-13,-15,1.6500000000000001
-13,-15,1.6500000000000001
-13,-15,1.6500000000000001
-13,-15,1.6500000000000001
-13,-15,1.6500000000000001
-13,-15,1.6500000000000001
-13,-15,1.6500000000000001
-13,-15,1.6500000000000001
-13,-15,1.6500000000000001
-13,-15,5.223768978135198
-13,-15,1.6500000000000001
-13,-15,2.021564704672852
-13,-15,4.9496087978759284
-13,-15,1.6500000000000001
-13,-15,1.6500000000000001
-13,-15,2.798463892835553
-13,-15,2.378353937531406
-13,-15,1.6500000000000001
-13,-15,1.6500000000000001
-13,-15,1.6500000000000001
-13,-15,1.6500000000000001
-13,-15,1.6500000000000001
-13,-15,1.6500000000000001
-13,-15,1.6500000000000001
-13,-15,1.6500000000000001
-13,-15,1.6500000000000001
-13,-15,1.6500000000000001
-13,-15,1.6500000000000001
-13,-15,1.6500000000000001
-13,-15,1.6500000000000001
-13,-15,2.8121412429515966
-13,-15,1.6500000000000001
-13,-15,4.879946739371291
-13,-15,1.6500000000000001
-13,-15,4.076217643640405
-13,-15,1.6500000000000001
-13,-15,4.993663492379227
-13,-15,1.6500000000000001
-13,-15,8.620059640125866
-13,-15,2.9891081203672627
-13,-15,4.439674993877997
-13,-15,1.6500000000000001
-13,-15,1.6500000000000001
-13,-15,1.6500000000000001
-13,-15,1.8684727988251906
-13,-15,1.6500000000000001
-13,-15,1.6500000000000001
-13,-15,1.6500000000000001
-13,-15,1.6500000000000001
-12,-15,7.960051048899585
-12,-15,1.6500000000000001
-12,-15,1.6500000000000001
-12,-15,1.6500000000000001
-12,-15,7.290538686633504
-12,-15,8.171635983755154
-12,-15,1.6500000000000001
-12,-15,2.870826160936192
-12,-15,8.213155507646253
-12,-15,1.6500000000000001
-12,-15,1.6500000000000001
-12,-15,2.3114760842950908
-12,-15,1.6500000000000001
-12,-15,1.6500000000000001
-12,-15,6.88591667776559
-12,-15,1.6500000000000001
-12,-15,3.194648542079685
-12,-15,1.6500000000000001
-12,-15,4.748396065567722
-12,-15,1.6500000000000001
-12,-15,5.4207521681671205
-12,-15,1.6500000000000001
-12,-15,1.6500000000000001
-12,-15,1.6500000000000001
-12,-15,2.7918240505969845
-12,-15,1.6500000000000001
-12,-15,1.6500000000000001
-12,-15,1.6500000000000001
-12,-15,1.6500000000000001
-12,-15,10.460455331676005
-12,-15,2.3459523800067594
-12,-15,1.6500000000000001
-12,-15,1.6500000000000001
-12,-15,2.656226140848118
-12,-15,5.110167163656281
-12,-15,3.1045000504978653
-12,-15,1.6500000000000001
-12,-15,1.6500000000000001
-12,-15,12.33428896031154
-12,-15,1.6500000000000001
-12,-15,1.6500000000000001
-12,-15,2.0149624735613467
-12,-15,3.3858613724991695
-12,-15,1.6500000000000001
-12,-15,1.6500000000000001
-12,-15,1.6500000000000001
-12,-15,2.5373865164178415
-12,-15,1.6500000000000001
-12,-15,6.502413034987832
-12,-15,3.9926564238877065
-12,-15,1.6500000000000001
-12,-15,1.6500000000000001
-12,-15,1.6500000000000001
-12,-15,1.6500000000000001
-12,-15,6.047863435437843
-12,-15,1.6500000000000001
-12,-15,1.6500000000000001
-12,-15,1.6500000000000001
-12,-15,7.566606503907879
-12,-15,10.181156212174383
-12,-15,1.6500000000000001
-11,-15,1.9436389920368158
-11,-15,4.417520332619031
-11,-15,3.222908618310794
-11,-15,1.6500000000000001
-11,-15,5.258727350921819
-11,-15,9.439867173647492
-11,-15,1.6500000000000001
-11,-15,1.6500000000000001
-11,-15,1.6500000000000001
-11,-15,1.6500000000000001
-11,-15,2.540610974511293
-11,-15,3.7970848036811446
-11,-15,1.6500000000000001
-11,-15,3.089113432535198
-11,-15,9.306175218162219
-11,-15,1.6500000000000001
-11,-15,2.9714033080410136
-11,-15,1.6500000000000001
-11,-15,4.548687862561613
-11,-15,4.775299391308419
-11,-15,4.029717983514652
-11,-15,1.6500000000000001
-11,-15,1.6500000000000001
-11,-15,1.6500000000000001
-11,-15,1.6500000000000001
-11,-15,1.6500000000000001
-11,-15,4.1353219618077155
-11,-15,2.652264197793461
-11,-15,1.6500000000000001
-11,-15,1.6500000000000001
-11,-15,2.0950823665970373
-11,-15,1.6500000000000001
-11,-15,1.6500000000000001
-11,-15,3.4231478905533748
-11,-15,1.6500000000000001
-11,-15,2.3686805091556433
-11,-15,1.6500000000000001
-11,-15,7.293214771576032
-11,-15,5.796809225004975
-11,-15,4.5215968372016775
-11,-15,5.260368415817206
-11,-15,1.6500000000000001
-11,-15,2.308603775864104
-11,-15,5.675976422889239
-11,-15,3.5930835086386796
-11,-15,2.5393653920213186
-11,-15,3.7907965478638825
-11,-15,1.6500000000000001
-11,-15,1.6500000000000001
-11,-15,2.0312432466429295
-11,-15,1.7995386265811844
-11,-15,1.6500000000000001
-11,-15,5.6242238093006724
-11,-15,4.257258047286193
-11,-15,1.6500000000000001
-11,-15,1.6500000000000001
-11,-15,7.614152019292403
-11,-15,1.6500000000000001
-11,-15,1.6500000000000001
-11,-15,1.6500000000000001
-10,-15,3.7582681713541346
-10,-15,10.540424186184731
-10,-15,4.852981798200988
-10,-15,7.169654874120279
-10,-15,1.6500000000000001
-10,-15,1.6500000000000001
-10,-15,4.443755123362214
-10,-15,1.6500000000000001
-10,-15,8.329520489297785
-10,-15,1.6500000000000001
-10,-15,1.6500000000000001
-10,-15,3.730300641592497
-10,-15,9.539029778258257
-10,-15,1.7848749586924457
-10,-15,1.6500000000000001
-10,-15,1.6500000000000001
-10,-15,1.6500000000000001
-10,-15,4.973101008591195
-10,-15,4.303362449630762
-10,-15,1.6500000000000001
-10,-15,1.6500000000000001
-10,-15,1.6500000000000001
-10,-15,3.1838641772202605
-10,-15,1.804569537564243
-10,-15,8.240573341300621
-10,-15,7.373347702523236
-10,-15,7.516382467008878
-10,-15,4.524570255892698
-10,-15,3.6690270754106793
-10,-15,7.390119656420736
-10,-15,1.6500000000000001
-10,-15,1.6500000000000001
-10,-15,2.4694435601177576
-10,-15,4.832817328732515
-10,-15,6.926323716795344
-10,-15,2.5796786030743273
-10,-15,1.6500000000000001
-10,-15,1.7728392891094296
-10,-15,3.6112271213305425
-10,-15,1.6500000000000001
-10,-15,3.2774669412056974
-10,-15,4.516415094222628
-10,-15,1.6500000000000001
-10,-15,1.6500000000000001
-10,-15,1.6500000000000001
-10,-15,5.459383251286683
-10,-15,4.252397816595511
-10,-15,1.6500000000000001
-10,-15,1.6956616689471877
-10,-15,1.6500000000000001
-10,-15,3.643082846790954
-10,-15,3.6191849766055277
-10,-15,1.6500000000000001
-10,-15,1.6500000000000001
-10,-15,6.528150280549688
-10,-15,1.6500000000000001
-10,-15,1.6500000000000001
-10,-15,3.807665366755765
-10,-15,1.6500000000000001
-10,-15,1.6500000000000001
-10,-15,3.2961116974214697
-9,-15,1.8739533497294063
-9,-15,7.326057049392058
-9,-15,3.49344374514589
-9,-15,4.971081826415862
-9,-15,1.6500000000000001
-9,-15,2.036420520935991
-9,-15,8.619780180758752
-9,-15,3.330287614152236
-9,-15,8.269175761949079
-9,-15,9.911346656904062
-9,-15,3.942744479256701
-9,-15,1.6500000000000001
-9,-15,1.6500000000000001
-9,-15,2.0013815162112776
-9,-15,3.0437265724982847
-9,-15,1.6500000000000001
-9,-15,5.566712974356929
-9,-15,5.205443636802923
-9,-15,1.6500000000000001
-9,-15,1.967925692931412
-9,-15,3.7929034311058443
-9,-15,5.847850281429062
-9,-15,1.6500000000000001
-9,-15,5.026901704414378
-9,-15,1.6500000000000001
-9,-15,1.6500000000000001
-9,-15,3.7821703041738006
-9,-15,1.6500000000000001
-9,-15,2.5705634157469355
-9,-15,1.6500000000000001
-9,-15,2.458929774493917
-9,-15,1.6500000000000001
-9,-15,3.0893100654277776
-9,-15,1.6500000000000001
-9,-15,5.471247192739228
-9,-15,2.5852484941164993
-9,-15,5.928867164193429
-9,-15,2.3075210096847942
-9,-15,1.6500000000000001
-9,-15,1.6500000000000001
-9,-15,4.8640675197700425
-9,-15,3.438324065093501
-9,-15,1.701800638963374
-9,-15,1.6500000000000001
-9,-15,1.6500000000000001
-9,-15,1.6500000000000001
-9,-15,4.059614562237567
-9,-15,1.7270876137492366
-9,-15,2.406363253153343
-9,-15,4.75391751756811
-9,-15,1.6500000000000001
-9,-15,1.6500000000000001
-9,-15,3.9325083826164873
-9,-15,1.6500000000000001
-9,-15,1.6500000000000001
-9,-15,1.6500000000000001
-9,-15,3.3297061319645467
-9,-15,5.508346640402066
-9,-15,1.6500000000000001
-9,-15,1.6500000000000001
-9,-15,4.499153787821159
-8,-15,5.463107221147774
-8,-15,1.6500000000000001
-8,-15,1.6500000000000001
-8,-15,1.6500000000000001
-8,-15,1.6500000000000001
-8,-15,10.615025649720305
-8,-15,1.6500000000000001
-8,-15,4.354413719129533
-8,-15,1.6500000000000001
-8,-15,8.025671109440236
-8,-15,1.6500000000000001
-8,-15,1.6500000000000001
-8,-15,1.6500000000000001
-8,-15,11.305326783262093
-8,-15,1.6500000000000001
-8,-15,1.6500000000000001
-8,-15,2.593027815775893
-8,-15,2.5656896475735347
-8,-15,3.508486851787315
-8,-15,1.6500000000000001
-8,-15,9.840074643785034
-8,-15,1.6500000000000001
-8,-15,1.6500000000000001
-8,-15,4.461134392530761
-8,-15,1.6500000000000001
-8,-15,5.304984268872626
-8,-15,4.624158467512316
-8,-15,2.500149439053789
-8,-15,1.6500000000000001
-8,-15,1.8362010362247316
-8,-15,6.689121664923782
-8,-15,3.286153241324638
-8,-15,1.6500000000000001
-8,-15,1.6500000000000001
-8,-15,1.6500000000000001
-8,-15,2.2614571450485803
-8,-15,1.6500000000000001
-8,-15,1.6500000000000001
-8,-15,1.6500000000000001
-8,-15,3.459614017256349
-8,-15,1.8866886720498823
-8,-15,6.2867107983491675
-8,-15,1.6500000000000001
-8,-15,3.438763907166921
-8,-15,3.526678534313412
-8,-15,4.1665244239771955
-8,-15,3.5885986451203786
-8,-15,1.6500000000000001
-8,-15,5.6989035620206145
-8,-15,4.05724306621682
-8,-15,1.6500000000000001
-8,-15,2.597045592289395
-8,-15,1.6500000000000001
-8,-15,1.6500000000000001
-8,-15,8.313389273778103
-8,-15,3.0997315381658628
-8,-15,1.7072932966839796
-8,-15,4.373954032220329
-8,-15,1.6962724287021234
-8,-15,3.617304462950683
-9,-15,4.092087246084872
-9,-15,1.6500000000000001
-9,-15,3.8468296168093525
-9,-15,1.6500000000000001
-9,-15,1.6500000000000001
-9,-15,3.918840855657116
-9,-15,1.6500000000000001
-9,-15,6.556065247159151
-9,-15,1.6500000000000001
-9,-15,3.5927338974735554
-9,-15,1.6500000000000001
-9,-15,1.6500000000000001
-9,-15,1.6500000000000001
-9,-15,1.6500000000000001
-9,-15,3.343048180818297
-9,-15,1.6500000000000001
-9,-15,3.8806699055051954
-9,-15,8.480026155889336
-9,-15,1.6500000000000001
-9,-15,1.6500000000000001
-9,-15,1.7467185621734271
-9,-15,4.604454882178591
-9,-15,1.6500000000000001
-9,-15,1.6500000000000001
-9,-15,4.002518983237466
-9,-15,2.636055889549695
-9,-15,1.6500000000000001
-9,-15,1.6500000000000001
-9,-15,4.659631157044262
-9,-15,5.8657886876452565
-9,-15,4.157119309543413
-9,-15,2.0616142808370417
-9,-15,1.6500000000000001
-9,-15,2.5989747617358065
-9,-15,7.220690164573656
-9,-15,1.6500000000000001
-9,-15,3.066574862908047
-9,-15,1.6500000000000001
-9,-15,2.4327184286767256
-9,-15,2.7458521248548697
-9,-15,2.5775776832247628
-9,-15,1.6500000000000001
-9,-15,1.6500000000000001
-9,-15,1.6500000000000001
-9,-15,1.6500000000000001
-9,-15,3.6746310722726423
-9,-15,5.042872795789385
-9,-15,1.6500000000000001
-9,-15,1.9452502496329982
-9,-15,1.6500000000000001
-9,-15,1.6500000000000001
-9,-15,1.6500000000000001
-9,-15,1.6500000000000001
-9,-15,1.6500000000000001
-9,-15,2.615907905607755
-9,-15,5.72413791171371
-9,-15,2.2560029716597025
-9,-15,1.6500000000000001
-9,-15,1.6500000000000001
-9,-15,1.6500000000000001
-9,-15,6.646098941457599
-9,-16,4.689113015352589
-9,-16,3.459155463431427
-9,-16,4.063544343041041
-9,-16,1.6500000000000001
-9,-16,6.685002421137473
-9,-16,1.6500000000000001
-9,-16,1.6500000000000001
-9,-16,6.332360008411545
-9,-16,5.100202473452285
-9,-16,1.6500000000000001
-9,-16,2.2310961904705833
-9,-16,1.6500000000000001
-9,-16,1.6500000000000001
-9,-16,2.284869464346345
-9,-16,5.626479829238855
-9,-16,1.6500000000000001
-9,-16,4.183606546228274
-9,-16,1.6500000000000001
-9,-16,1.6500000000000001
-9,-16,1.6500000000000001
-9,-16,4.306149632785893
-9,-16,5.601128663875839
-9,-16,1.6500000000000001
-9,-16,4.707994948691311
-9,-16,5.483474420235439
-9,-16,3.32416783989929
-9,-16,1.6500000000000001
-9,-16,10.638896719797252
-9,-16,1.6500000000000001
-9,-16,2.0566069104262557
-9,-16,2.241243711870269
-9,-16,1.6500000000000001
-9,-16,1.6500000000000001
-9,-16,1.6500000000000001
-9,-16,1.6500000000000001
-9,-16,4.193485172388579
-9,-16,2.3398502177029927
-9,-16,9.304630804332948
-9,-16,6.575256945595975
-9,-16,1.6500000000000001
-9,-16,1.6500000000000001
-9,-16,1.6500000000000001
-9,-16,3.0867285054544493
-9,-16,1.6500000000000001
-9,-16,3.3099714280026165
-9,-16,1.6500000000000001
-9,-16,5.889134209027295
-9,-16,3.1421102816408832
-9,-16,1.6500000000000001
-9,-16,1.6500000000000001
-9,-16,1.6500000000000001
-9,-16,5.91150404617929
-9,-16,1.6500000000000001
-9,-16,1.6500000000000001
-9,-16,8.590479701669377
-9,-16,3.118770186115263
-9,-16,1.6500000000000001
-9,-16,1.6500000000000001
-9,-16,2.5981455643488305
-9,-16,1.6500000000000001
-9,-15,7.278436018639213
-9,-15,8.523219736548201
-9,-15,5.482172077160206
-9,-15,4.983826676083394
-9,-15,6.785160184992524
-9,-15,1.6500000000000001
-9,-15,4.456563957929276
-9,-15,1.6500000000000001
-9,-15,1.6500000000000001
-9,-15,2.4257799662717625
-9,-15,2.5736205135404804
-9,-15,1.6500000000000001
-9,-15,1.6500000000000001
-9,-15,6.335356337408633
-9,-15,1.6500000000000001
-9,-15,1.6500000000000001
-9,-15,1.6500000000000001
-9,-15,1.6500000000000001
-9,-15,1.6500000000000001
-9,-15,1.6500000000000001
-9,-15,1.7355709068470895
-9,-15,1.6500000000000001
-9,-15,1.792231524312908
-9,-15,1.6500000000000001
-9,-15,2.239857243585952
-9,-15,2.848839785881856
-9,-15,1.7349582652971507
-9,-15,9.429796314695857
-9,-15,3.0046473350450342
-9,-15,1.6500000000000001
-9,-15,1.6500000000000001
-9,-15,4.985918180485138
-9,-15,6.330817139318525
-9,-15,1.6500000000000001
-9,-15,1.6500000000000001
-9,-15,1.6500000000000001
-9,-15,1.845817554257726
-9,-15,2.931040371438745
-9,-15,1.6500000000000001
-9,-15,1.6500000000000001
-9,-15,1.6500000000000001
-9,-15,6.000781188354221
-9,-15,8.944015274970646
-9,-15,1.6500000000000001
-9,-15,3.8153834850910346
-9,-15,1.6500000000000001
-9,-15,1.6500000000000001
-9,-15,1.9468440218161387
-9,-15,2.40664920738557
-9,-15,2.142413125972212
-9,-15,7.471824342055599
-9,-15,4.01908151609306
-9,-15,1.6500000000000001
-9,-15,1.6500000000000001
-9,-15,1.6500000000000001
-9,-15,1.6500000000000001
-9,-15,1.6500000000000001
-9,-15,2.7027260174892827
-9,-15,1.6500000000000001
-9,-15,2.065270195837825
-9,-15,3.878382744431273
-8,-15,1.8984120683182883
-8,-15,3.3231807660304775
-8,-15,2.3847221174523856
-8,-15,1.6500000000000001
-8,-15,9.81195713804223
-8,-15,1.9513838381297517
-8,-15,1.919524974850091
-8,-15,1.6500000000000001
-8,-15,1.6500000000000001
-8,-15,3.1648037172756007
-8,-15,7.241083684789764
-8,-15,1.6500000000000001
-8,-15,3.501151356792111
-8,-15,1.6500000000000001
-8,-15,1.6500000000000001
-8,-15,1.6500000000000001
-8,-15,1.6500000000000001
-8,-15,6.3037786082954455
-8,-15,5.812039291326757
-8,-15,3.1253269954294507
-8,-15,4.161377732092745
-8,-15,7.6504922470344185
-8,-15,2.4106099075614913
-8,-15,7.293743551463448
-8,-15,1.6500000000000001
-8,-15,5.223257202982929
-8,-15,5.305530702142297
-8,-15,7.062432853898708
-8,-15,2.7017059687134113
-8,-15,6.491480704044717
-8,-15,2.2892159717468994
-8,-15,4.196248425498741
-8,-15,1.9129846801859451
-8,-15,1.6500000000000001
-8,-15,1.6500000000000001
-8,-15,1.6500000000000001
-8,-15,1.6500000000000001
-8,-15,10.00907658286155
-8,-15,1.6500000000000001
-8,-15,1.6500000000000001
-8,-15,5.52657724723939
-8,-15,1.7050248955820246
-8,-15,1.6500000000000001
-8,-15,6.235896651607721
-8,-15,1.6500000000000001
-8,-15,1.6500000000000001
-8,-15,8.751839358894106
-8,-15,1.6500000000000001
-8,-15,1.6500000000000001
-8,-15,2.887761654901839
-8,-15,1.6500000000000001
-8,-15,2.9475278952952015
-8,-15,5.710919247481457
-8,-15,1.6500000000000001
-8,-15,1.6500000000000001
-8,-15,1.6500000000000001
-8,-15,5.223973197680474
-8,-15,1.6500000000000001
-8,-15,1.6500000000000001
-8,-15,3.6734096739211446
-8,-15,3.459827576706583
-8,-14,2.748221327059311
-8,-14,1.6500000000000001
-8,-14,3.912609802653991
-8,-14,6.111174596573377
-8,-14,3.145103055568342
-8,-14,6.483672536692964
-8,-14,2.2017765809597565
-8,-14,2.110212344356039
-8,-14,1.6500000000000001
-8,-14,4.9602918917709236
-8,-14,2.3150124081701096
-8,-14,6.627219469850491
-8,-14,1.6500000000000001
-8,-14,4.567720651249594
-8,-14,4.040721747306808
-8,-14,1.6500000000000001
-8,-14,4.122474489918015
-8,-14,3.799512351433629
-8,-14,3.1855418624585092
-8,-14,10.611779894233695
-8,-14,4.9475639962588005
-8,-14,1.6500000000000001
-8,-14,5.461402326793691
-8,-14,1.94477716711576
-8,-14,7.472986640335721
-8,-14,1.6500000000000001
-8,-14,4.329272745325403
-8,-14,4.159119715216852
-8,-14,1.6595346176356505
-8,-14,3.9836319361943513
-8,-14,6.236153306496612
-8,-14,1.6500000000000001
-8,-14,1.6500000000000001
-8,-14,1.6500000000000001
-8,-14,1.6500000000000001
-8,-14,6.078644345539855
-8,-14,3.325846017696808
-8,-14,1.6815273035785825
-8,-14,2.955366266982622
-8,-14,1.6500000000000001
-8,-14,5.393960483568808
-8,-14,4.078680569155519
-8,-14,2.1547147859151727
-8,-14,1.8112878311807368
-8,-14,1.6500000000000001
-8,-14,2.58545695655817
-8,-14,1.6500000000000001
-8,-14,5.35657027202973
-8,-14,1.6500000000000001
-8,-14,1.6500000000000001
-8,-14,1.6500000000000001
-8,-14,3.6655538978506748
-8,-14,3.9344038163260846
-8,-14,3.035712535317666
-8,-14,1.6500000000000001
-8,-14,1.8018827508162705
-8,-14,4.774553706384909
-8,-14,1.6500000000000001
-8,-14,6.947200492673902
-8,-14,7.910701133015142
-7,-14,1.6500000000000001
-7,-14,1.6500000000000001
-7,-14,5.925605760332498
-7,-14,3.8118682439253684
-7,-14,4.518140929083913
-7,-14,2.715457546719139
-7,-14,3.517097073898804
-7,-14,4.029891966203656
-7,-14,3.63366381863883
-7,-14,1.7576238104164568
-7,-14,4.467649351412952
-7,-14,2.4366599978704984
-7,-14,1.6500000000000001
-7,-14,1.6500000000000001
-7,-14,2.0560390935032915
-7,-14,1.6500000000000001
-7,-14,5.182197696042899
-7,-14,9.447552472353731
-7,-14,3.5682216473399837
-7,-14,1.6500000000000001
-7,-14,1.6500000000000001
-7,-14,3.4734982673262396
-7,-14,1.6500000000000001
-7,-14,5.892454892554019
-7,-14,1.6500000000000001
-7,-14,2.5056856829129566
-7,-14,1.6500000000000001
-7,-14,6.150130938167095
-7,-14,4.999273620944529
-7,-14,1.98930891762763
-7,-14,4.595076076016926
-7,-14,7.668455417649394
-7,-14,7.712949177861701
-7,-14,5.401856205783567
-7,-14,2.230934148539756
-7,-14,4.881969855283579
-7,-14,1.6500000000000001
-7,-14,1.6500000000000001
-7,-14,3.171249948109831
-7,-14,1.6500000000000001
-7,-14,5.923971638046901
-7,-14,2.76024347914467
-7,-14,1.6500000000000001
-7,-14,1.6500000000000001
-7,-14,1.6500000000000001
-7,-14,4.626690702937742
-7,-14,1.6500000000000001
-7,-14,4.878376632985595
-7,-14,3.4822825867784877
-7,-14,1.6500000000000001
-7,-14,1.6500000000000001
-7,-14,1.6500000000000001
-7,-14,1.6500000000000001
-7,-14,6.371962081315015
-7,-14,2.30987437052839
-7,-14,4.503485138059439
-7,-14,4.192198978473152
-7,-14,1.6500000000000001
-7,-14,6.296362231365486
-7,-14,2.534581500650721
-7,-14,6.849131255572738
-6,-14,1.6500000000000001
-6,-14,1.6500000000000001
-6,-14,1.6500000000000001
-6,-14,3.2928966047060206
-6,-14,7.614245370153109
-6,-14,5.70847021765416
-6,-14,2.9519703989327897
-6,-14,1.6500000000000001
-6,-14,1.88645566087499
-6,-14,2.7542180182855516
-6,-14,1.9589619180382545
-6,-14,1.6500000000000001
-6,-14,3.956704726740857
-6,-14,3.3514562108820147
-6,-14,2.839661719682776
-6,-14,1.6500000000000001
-6,-14,6.936745010364531
-6,-14,1.6500000000000001
-6,-14,3.835422181771346
-6,-14,5.787349942142743
-6,-14,10.886611164102739
-6,-14,5.352652386079032
-6,-14,1.6500000000000001
-6,-14,1.6500000000000001
-6,-14,1.6500000000000001
-6,-14,6.450110795331005
-6,-14,5.412992445564711
-6,-14,2.227847356034975
-6,-14,3.7259439646148937
-6,-14,3.397582709270152
-6,-14,5.75665490126579
-6,-14,2.313722388424719
-6,-14,6.361967177207857
-6,-14,2.257932645122458
-6,-14,1.6868993542366657
-6,-14,4.040025632286004
-6,-14,3.7274469765104197
-6,-14,3.0349085022267204
-6,-14,1.6500000000000001
-6,-14,2.5727200150527967
-6,-14,2.488761440519287
-6,-14,1.9679888532521106
-6,-14,3.7500891713568705
-6,-14,2.8255522935254995
-6,-14,8.901598387048924
-6,-14,8.880847741965649
-6,-14,1.6500000000000001
-6,-14,4.08972126459658
-6,-14,1.6500000000000001
-6,-14,1.6500000000000001
-6,-14,1.875499812940046
-6,-14,4.569355669218278
-6,-14,2.266779818060984
-6,-14,3.369637908292398
-6,-14,5.064007292623689
-6,-14,4.1326867835069185
-6,-14,1.6500000000000001
-6,-14,1.8125905918935215
-6,-14,1.6500000000000001
-6,-14,1.6500000000000001
-5,-14,1.6500000000000001
-5,-14,8.162654233535564
-5,-14,3.2898310573428438
-5,-14,1.6500000000000001
-5,-14,3.9798012233124602
-5,-14,1.6500000000000001
-5,-14,1.6500000000000001
-5,-14,4.186965504433296
-5,-14,4.1975020326881545
-5,-14,2.4974602511795556
-5,-14,4.562832835848461
-5,-14,2.72542173944504
-5,-14,4.034013863210227
-5,-14,1.6500000000000001
-5,-14,2.297486491293919
-5,-14,1.947708668970456
-5,-14,1.6500000000000001
-5,-14,1.6500000000000001
-5,-14,1.6500000000000001
-5,-14,1.6500000000000001
-5,-14,3.7993866448522424
-5,-14,7.320325600414668
-5,-14,3.528618047399651
-5,-14,2.8512976043852882
-5,-14,6.893348172061962
-5,-14,10.295183894921802
-5,-14,1.8289044191481805
-5,-14,3.427878349637485
-5,-14,3.2074433796529647
-5,-14,4.213876918497865
-5,-14,7.321819945578058
-5,-14,6.907866197212053
-5,-14,3.2327397073316426
-5,-14,1.6500000000000001
-5,-14,10.593384758538603
-5,-14,6.638387141542405
-5,-14,15.79429668257827
-5,-14,1.6500000000000001
-5,-14,2.5325426821937094
-5,-14,7.940250858396886
-5,-14,7.237919038675406
-5,-14,1.6500000000000001
-5,-14,3.7286847319787153
-5,-14,3.851773359280566
-5,-14,5.199911755915112
-5,-14,2.1807381330076576
-5,-14,6.023370486184731
-5,-14,5.592308625926701
-5,-14,5.9863775002664115
-5,-14,1.6500000000000001
-5,-14,1.9908847250485464
-5,-14,8.525373650558599
-5,-14,1.8033576856982665
-5,-14,1.6500000000000001
-5,-14,7.841785167222423
-5,-14,6.8359177825716495
-5,-14,1.6500000000000001
-5,-14,7.235495108735943
-5,-14,5.233158570139411
-5,-14,5.388173014555913
-5,-14,2.176279742118821
-5,-13,11.084569279580304
-5,-13,6.552565287593465
-5,-13,1.9973253646586573
-5,-13,3.199785041054197
-5,-13,4.600655114325448
-5,-13,5.31247277363404
-5,-13,3.1885322654764066
-5,-13,6.068635970011034
-5,-13,4.849374274696267
-5,-13,3.361981876173824
-5,-13,1.6500000000000001
-5,-13,7.1509079643768665
-5,-13,15.524259044507957
-5,-13,2.093543679248473
-5,-13,7.296998987074756
-5,-13,7.325401263326018
-5,-13,1.6500000000000001
-5,-13,4.739467964517111
-5,-13,1.6500000000000001
-5,-13,6.078836175480745
-5,-13,3.610563721756922
-5,-13,3.5116175540515755
-5,-13,2.5143295382991657
-5,-13,3.1177920967793358
-5,-13,4.420776017324787
-5,-13,9.693202798659833
-5,-13,7.958185002922015
-5,-13,5.127474086063565
-5,-13,1.6500000000000001
-5,-13,3.712138652289692
-5,-13,2.893363976794241
-5,-13,3.8030396523923535
-5,-13,4.717947698114335
-5,-13,4.290229803538766
-5,-13,2.9280485133547565
-5,-13,2.9497427928956066
-5,-13,3.1301354691704026
-5,-13,2.4283214600021017
-5,-13,1.6500000000000001
-5,-13,5.589337699309812
-5,-13,4.875560548967613
-5,-13,6.687350201540935
-5,-13,3.8469888675251243
-5,-13,1.6500000000000001
-5,-13,1.6500000000000001
-5,-13,7.497460620638439
-5,-13,5.360818701054997
-5,-13,8.497041643358612
-5,-13,7.459596945629752
-5,-13,10.386713454847879
-5,-13,1.6500000000000001
-5,-13,3.7656823350752315
-5,-13,6.367840908568463
-5,-13,2.8952120502148064
-5,-13,1.6500000000000001
-5,-13,8.07006287115576
-5,-13,3.8099402313390773
-5,-13,5.7700963816730955
-5,-13,1.6500000000000001
-5,-13,1.6644107795600558
-5,-13,8.423867486040765
-4,-13,2.2254342636393476
-4,-13,1.6500000000000001
-4,-13,8.33480116188775
-4,-13,5.373419087524676
-4,-13,4.320690969261157
-4,-13,1.6500000000000001
-4,-13,1.6500000000000001
-4,-13,13.447962904860447
-4,-13,1.6500000000000001
-4,-13,3.5788936962153604
-4,-13,3.1560078400467506
-4,-13,3.606886924775174
-4,-13,7.447365346842931
-4,-13,1.6500000000000001
-4,-13,2.2499876737314897
-4,-13,6.985204444950423
-4,-13,2.8186164135871596
-4,-13,4.019327757018008
-4,-13,10.517273440095394
-4,-13,5.914543624741947
-4,-13,5.029613656280564
-4,-13,3.3521691795221304
-4,-13,1.6500000000000001
-4,-13,3.0738023720514764
-4,-13,4.823135810981091
-4,-13,5.147528921634749
-4,-13,2.3443390561554303
-4,-13,1.7358389619246142
-4,-13,4.962631848298628
-4,-13,5.20629322611695
-4,-13,3.27486193417462
-4,-13,1.6500000000000001
-4,-13,1.6500000000000001
-4,-13,1.6500000000000001
-4,-13,1.6500000000000001
-4,-13,5.199855557826905
-4,-13,1.6500000000000001
-4,-13,1.6500000000000001
-4,-13,8.815829730200596
-4,-13,3.34326518763733
-4,-13,5.175554586582438
-4,-13,6.859610460345573
-4,-13,6.770650444071816
-4,-13,4.725735150547241
-4,-13,3.8519711074762775
-4,-13,1.6500000000000001
-4,-13,2.7965292024763375
-4,-13,1.6500000000000001
-4,-13,5.57625613125273
-4,-13,1.6500000000000001
-4,-13,4.460751015751003
-4,-13,4.129197583808476
-4,-13,1.6500000000000001
-4,-13,4.181586338648794
-4,-13,4.053365856545084
-4,-13,1.6500000000000001
-4,-13,1.6500000000000001
-4,-13,1.6500000000000001
-4,-13,1.6500000000000001
-4,-13,1.6500000000000001
-3,-13,5.278895161927151
-3,-13,1.6500000000000001
-3,-13,3.9073355064043302
-3,-13,5.918650512497606
-3,-13,10.314605912770926
-3,-13,3.034492184459081
-3,-13,4.898348135720674
-3,-13,1.6991545004583224
-3,-13,5.081133770176813
-3,-13,5.6178174882138
-3,-13,1.6500000000000001
-3,-13,1.6500000000000001
-3,-13,1.6500000000000001
-3,-13,2.5051650748569254
-3,-13,4.954991100485593
-3,-13,9.158001381460416
-3,-13,2.8468416283550857
-3,-13,7.613648107669329
-3,-13,3.1880550577330147
-3,-13,3.139214347456423
-3,-13,2.209036177646791
-3,-13,3.8546957212088393
-3,-13,3.432714672448825
-3,-13,1.6500000000000001
-3,-13,3.1626840190064347
-3,-13,2.4812565005344878
-3,-13,1.6500000000000001
-3,-13,1.6500000000000001
-3,-13,1.6500000000000001
-3,-13,4.3072661167754855
-3,-13,2.34554760277819
-3,-13,3.519667223120753
-3,-13,2.6696490039739906
-3,-13,10.065604155952428
-3,-13,4.753075006128732
-3,-13,5.0078960294762815
-3,-13,8.526858142217192
-3,-13,4.382074167121556
-3,-13,11.513306026920542
-3,-13,1.6500000000000001
-3,-13,2.579969391776008
-3,-13,1.6500000000000001
-3,-13,5.539823355471172
-3,-13,1.6500000000000001
-3,-13,2.264022927592285
-3,-13,2.3411293271451985
-3,-13,3.8027755035479247
-3,-13,2.4706603068388855
-3,-13,1.9125625775178143
-3,-13,8.207603504033045
-3,-13,2.0175293887961327
-3,-13,4.71890655163307
-3,-13,3.5096269228153316
-3,-13,5.4895903783917515
-3,-13,3.3016839549837056
-3,-13,5.134072667597638
-3,-13,1.6500000000000001
-3,-13,5.061091613064736
-3,-13,2.1536734875383616
-3,-13,7.398025109194251
-3,-13,10.064230993377937
-2,-13,3.423819745772351
-2,-13,13.271830784001363
-2,-13,3.1849164489899655
-2,-13,1.6500000000000001
-2,-13,1.6500000000000001
-2,-13,7.420034250191372
-2,-13,1.6500000000000001
-2,-13,1.6500000000000001
-2,-13,6.085967170095849
-2,-13,3.3761744344348616
-2,-13,1.6500000000000001
-2,-13,6.247342424830912
-2,-13,2.7210582311027265
-2,-13,1.6500000000000001
-2,-13,2.2437923326116582
-2,-13,3.097308719140278
-2,-13,6.321403577995193
-2,-13,3.670128285345182
-2,-13,3.2569575797046717
-2,-13,5.470770458786359
-2,-13,7.4888210534727255
-2,-13,6.274818740055737
-2,-13,4.240380588166715
-2,-13,4.808247764809692
-2,-13,9.548853027384268
-2,-13,4.441384247791091
-2,-13,5.1975191693511045
-2,-13,7.0343899030212995
-2,-13,4.036506351408404
-2,-13,3.256357465879193
-2,-13,11.374066341509415
-2,-13,4.030407713239631
-2,-13,1.6500000000000001
-2,-13,6.98181995093416
-2,-13,4.300743880153546
-2,-13,4.9136993795292
-2,-13,1.6500000000000001
-2,-13,4.913918024112111
-2,-13,4.597604680364188
-2,-13,6.11651642452903
-2,-13,7.351846808907993
-2,-13,1.6500000000000001
-2,-13,4.402368158790942
-2,-13,12.337121938909796
-2,-13,7.5801033398445075
-2,-13,5.618770825000224
-2,-13,4.121826725035375
-2,-13,5.138884951007406
-2,-13,2.601344829874977
-2,-13,5.538272684066819
-2,-13,4.759530560142834
-2,-13,8.09970627694056
-2,-13,3.973066801679965
-2,-13,7.819643773672452
-2,-13,6.134379968311504
-2,-13,3.879801392027316
-2,-13,2.4032473607824527
-2,-13,2.8820678022172537
-2,-13,4.059473263600198
-2,-13,1.6500000000000001
-1,-13,4.653048211271269
-1,-13,4.583652795302271
-1,-13,5.609279459262954
-1,-13,1.6500000000000001
-1,-13,1.6500000000000001
-1,-13,4.501213076813658
-1,-13,2.618542381002465
-1,-13,1.6500000000000001
-1,-13,5.197438615345092
-1,-13,5.6716222144208706
-1,-13,1.7349680175200655
-1,-13,10.888706301156132
-1,-13,2.0082161881134
-1,-13,3.032018516833648
-1,-13,4.29908706859967
-1,-13,2.282164641264944
-1,-13,1.6500000000000001
-1,-13,4.589579455975326
-1,-13,5.7767861722768545
-1,-13,1.6500000000000001
-1,-13,1.6500000000000001
-1,-13,4.433835483314092
-1,-13,6.3809653990637925
-1,-13,2.0851030705464018
-1,-13,6.402334220355281
-1,-13,4.7726009862134475
-1,-13,1.6500000000000001
-1,-13,3.488483956475214
-1,-13,4.723351119754253
-1,-13,8.966354884211555
-1,-13,4.694737192282471
-1,-13,1.6500000000000001
-1,-13,7.86648806775337
-1,-13,4.387069607256376
-1,-13,3.002236922070376
-1,-13,4.480081386037545
-1,-13,3.3454358417350822
-1,-13,1.986712312310663
-1,-13,1.6500000000000001
-1,-13,3.626659457626813
-1,-13,3.9607375539118825
-1,-13,6.316952511992122
-1,-13,2.6633948316748706
-1,-13,2.7261065393829536
-1,-13,3.9308912809915006
-1,-13,1.6500000000000001
-1,-13,9.721085764397333
-1,-13,5.90798788109142
-1,-13,1.6500000000000001
-1,-13,7.286406843706756
-1,-13,3.651460715143775
-1,-13,2.2805403149844667
-1,-13,1.9521891823563104
-1,-13,4.386496512943197
-1,-13,1.6500000000000001
-1,-13,3.088135592066217
-1,-13,6.282724877332481
-1,-13,2.130209517262244
-1,-13,3.209311018906957
-1,-13,3.0306672311784597
-1,-13,6.8890500700396835
-1,-12,6.357957498336501
-1,-12,8.09757576854727
-1,-12,1.6500000000000001
-1,-12,1.6500000000000001
-1,-12,4.762252128522187
-1,-12,1.6500000000000001
-1,-12,3.07102483907791
-1,-12,5.493407385756905
-1,-12,3.7881077542936046
-1,-12,13.368184388606524
-1,-12,5.982739834394207
-1,-12,5.362583360044368
-1,-12,4.834879797533313
-1,-12,3.145508651063725
-1,-12,6.815676469542906
-1,-12,10.299804625654215
-1,-12,3.1615650934265886
-1,-12,5.773281615332944
-1,-12,2.1405191691698398
-1,-12,7.937860477040239
-1,-12,1.853288574167801
-1,-12,7.1426298428884945
-1,-12,8.807044072496105
-1,-12,1.6500000000000001
-1,-12,4.19356092573381
-1,-12,5.7907856972832805
-1,-12,5.698149585734287
-1,-12,6.766510928439317
-1,-12,6.812533539780615
-1,-12,4.333801626377341
-1,-12,4.1697877639450915
-1,-12,3.376740133769283
-1,-12,7.019282810007928
-1,-12,4.011868566580867
-1,-12,11.54621478890013
-1,-12,9.47875051745288
-1,-12,5.622985005711082
-1,-12,1.997587975145007
-1,-12,3.3877131203218265
-1,-12,5.847557917809677
-1,-12,1.9272192059289606
-1,-12,5.094304321553894
-1,-12,4.5156477270479805
-1,-12,4.934434780448909
-1,-12,5.600774565222629
-1,-12,2.98603382245651
-1,-12,8.670591853709197
-1,-12,4.752382778888314
-1,-12,6.780139664407779
-1,-12,6.11150333612232
-1,-12,1.6500000000000001
-1,-12,2.1522582314479015
-1,-12,2.9037929081830693
-1,-12,5.186093454250725
-1,-12,8.337077278511863
-1,-12,1.6500000000000001
-1,-12,2.8344448563562965
-1,-12,1.6500000000000001
-1,-12,1.6500000000000001
-1,-12,8.947902656870788
-1,-12,1.6500000000000001
-2,-12,1.6500000000000001
-2,-12,1.6500000000000001
-2,-12,2.0617688041740383
-2,-12,2.007358536585775
-2,-12,1.7705855579167715
-2,-12,7.152915471587068
-2,-12,6.8201005826423575
-2,-12,6.681398844467568
-2,-12,2.193887833401289
-2,-12,4.5590123041476875
-2,-12,4.194493323300667
-2,-12,3.2886930853206113
-2,-12,7.801535809251037
-2,-12,1.6500000000000001
-2,-12,10.439536084145479
-2,-12,2.0088379585177245
-2,-12,1.6500000000000001
-2,-12,1.6500000000000001
-2,-12,6.877283708943585
-2,-12,2.8327621138077537
-2,-12,4.043559688945372
-2,-12,2.242085714784509
-2,-12,2.3117586866556996
-2,-12,2.9946511655129395
-2,-12,4.554126565174795
-2,-12,1.6500000000000001
-2,-12,7.424681146309192
-2,-12,3.762402096631819
-2,-12,9.970006899360266
-2,-12,4.197999696307518
-2,-12,3.7966792583895397
-2,-12,5.584208009379525
-2,-12,5.515425055866654
-2,-12,3.684227331395199
-2,-12,1.6500000000000001
-2,-12,2.5979302060365925
-2,-12,1.6500000000000001
-2,-12,1.6500000000000001
-2,-12,4.873995385498123
-2,-12,1.6500000000000001
-2,-12,6.127481838055267
-2,-12,1.9841736627031157
-2,-12,7.302775679106505
-2,-12,1.6500000000000001
-2,-12,1.891983188109488
-2,-12,1.6500000000000001
-2,-12,4.461986539002167
-2,-12,1.6500000000000001
-2,-12,5.27328436172217
-2,-12,7.931373340029683
-2,-12,5.662356010733967
-2,-12,12.008372748116685
-2,-12,5.0503221990757075
-2,-12,5.774614117983311
-2,-12,1.6500000000000001
-2,-12,13.101854561143085
-2,-12,5.776280953118114
-2,-12,2.5381697376190706
-2,-12,7.204819522976022
-2,-12,6.414896253011969
-1,-12,2.329870609268596
-1,-12,8.833917476041734
-1,-12,5.091556042353487
-1,-12,6.824131584188271
-1,-12,1.6500000000000001
-1,-12,4.7102804739417685
-1,-12,13.18888880544529
-1,-12,1.6500000000000001
-1,-12,3.5843851922830225
-1,-12,2.345393282274863
-1,-12,3.4766292089378714
-1,-12,4.289700874234058
-1,-12,4.473961459332491
-1,-12,2.816170574270691
-1,-12,1.6500000000000001
-1,-12,6.215121488451299
-1,-12,1.6500000000000001
-1,-12,9.391903317154686
-1,-12,6.4648755979180255
-1,-12,4.786076478745937
-1,-12,2.0866143137638167
-1,-12,2.963255793957136
-1,-12,1.6500000000000001
-1,-12,10.863962423071438
-1,-12,7.63658551039271
-1,-12,5.9449045918595536
-1,-12,9.041309719160996
-1,-12,1.8431976188084995
-1,-12,17.32862576902226
-1,-12,8.658358732148635
-1,-12,3.8064478350565816
-1,-12,2.720011364291853
-1,-12,4.329694461630741
-1,-12,3.526069164889459
-1,-12,3.5272045262902996
-1,-12,2.3547228310884627
-1,-12,6.665069633477454
-1,-12,8.619152407784853
-1,-12,10.251923427480211
-1,-12,6.952648493346939
-1,-12,8.099094959347546
-1,-12,5.847689603067353
-1,-12,3.0081962002631464
-1,-12,2.4163477013768686
-1,-12,1.6500000000000001
-1,-12,2.697896091983825
-1,-12,1.6500000000000001
-1,-12,3.950420265906303
-1,-12,5.338976117288215
-1,-12,8.618305298213423
-1,-12,2.664618440991725
-1,-12,6.606742849552878
-1,-12,5.528982679332262
-1,-12,1.6500000000000001
-1,-12,1.6500000000000001
-1,-12,12.042818987186969
-1,-12,3.1781510231002352
-1,-12,8.405824652312628
-1,-12,5.824768494850925
-1,-12,5.839619207597848
-1,-12,5.469072575221054
-1,-11,1.6500000000000001
-1,-11,6.7202596341141625
-1,-11,2.3002243920898455
-1,-11,6.198945860098119
-1,-11,1.7229107049710297
-1,-11,5.651676211028614
-1,-11,1.6500000000000001
-1,-11,4.356753676824892
-1,-11,7.173347966887732
-1,-11,8.777176835691176
-1,-11,7.7765334123714664
-1,-11,3.830352767521827
-1,-11,5.475259062574894
-1,-11,11.127994995962002
-1,-11,1.9978541413617448
-1,-11,6.1847901087087855
-1,-11,1.6500000000000001
-1,-11,2.174780518151267
-1,-11,11.84272227995766
-1,-11,8.632695244949408
-1,-11,3.1437749532081556
-1,-11,4.5235377711107665
-1,-11,1.6500000000000001
-1,-11,1.6500000000000001
-1,-11,1.7000572432445349
-1,-11,1.6500000000000001
-1,-11,2.123231392888925
-1,-11,2.3525270447230464
-1,-11,3.2823813235538353
-1,-11,3.820435879987822
-1,-11,1.6500000000000001
-1,-11,9.193907958753158
-1,-11,2.581504681744594
-1,-11,3.1644276291388103
-1,-11,7.025504521749006
-1,-11,6.886399368499491
-1,-11,6.6384391452618345
-1,-11,1.9731299307130628
-1,-11,4.7885606267571905
-1,-11,2.055111441647764
-1,-11,1.6500000000000001
-1,-11,3.9779899672622347
-1,-11,2.088006423850771
-1,-11,1.6500000000000001
-1,-11,7.7983452952612815
-1,-11,9.765104306662279
-1,-11,7.369809843205676
-1,-11,7.575743888158866
-1,-11,3.486225706629803
-1,-11,9.425900209569647
-1,-11,2.285192377131139
-1,-11,5.012436509578823
-1,-11,5.244956869066842
-1,-11,5.705162878190107
-1,-11,4.322199497226684
-1,-11,1.6500000000000001
-1,-11,8.290525935829336
-1,-11,8.930519153807843
-1,-11,6.927229418658918
-1,-11,4.166890622346629
-1,-12,1.6500000000000001
-1,-12,5.019250854961143
-1,-12,7.84083577013259
-1,-12,9.666690861195537
-1,-12,3.2836395695338125
-1,-12,2.027163595290926
-1,-12,6.9340045224489595
-1,-12,3.829670061484789
-1,-12,9.952284797476175
-1,-12,11.13530420304421
-1,-12,2.002624999299723
-1,-12,12.279241229297229
-1,-12,6.995771115009771
-1,-12,3.8076408345470636
-1,-12,12.689635261744156
-1,-12,1.6500000000000001
-1,-12,1.6500000000000001
-1,-12,7.546584199760507
-1,-12,4.577870220553348
-1,-12,3.4376431904581666
-1,-12,3.782731108906638
-1,-12,2.715667106477463
-1,-12,4.24750056948795
-1,-12,8.158435262956
-1,-12,3.522679326358953
-1,-12,1.8769033894065943
-1,-12,5.320704030572825
-1,-12,5.5615704145891005
-1,-12,1.6500000000000001
-1,-12,6.913630832500038
-1,-12,3.47677060535731
-1,-12,4.472903970860456
-1,-12,6.467351422613088
-1,-12,1.6500000000000001
-1,-12,2.3579126517090083
-1,-12,7.882799538387941
-1,-12,1.6500000000000001
-1,-12,5.380075020112258
-1,-12,1.6500000000000001
-1,-12,5.005846902647848
-1,-12,6.074146471641729
-1,-12,9.638373557061012
-1,-12,2.7954995853140496
-1,-12,1.6500000000000001
-1,-12,1.6500000000000001
-1,-12,4.334917184723011
-1,-12,3.0575180308428944
-1,-12,2.232403338653938
-1,-12,5.299360009734336
-1,-12,3.0710636193763636
-1,-12,6.6238109999606
-1,-12,6.283588155295833
-1,-12,4.647479232273064
-1,-12,5.649647684318223
-1,-12,1.6500000000000001
-1,-12,2.3656301626067773
-1,-12,1.6500000000000001
-1,-12,6.408485903340271
-1,-12,10.635315361546478
-1,-12,5.847807395893163
-1,-12,1.6500000000000001
-2,-12,5.096903428868869
-2,-12,2.0155236947196444
-2,-12,2.097066492249736
-2,-12,4.071280939935609
-2,-12,3.0932882607730416
-2,-12,2.6019532165617703
-2,-12,6.5658566213968
-2,-12,7.773929182972679
-2,-12,9.977037873220457
-2,-12,4.0313075937685054
-2,-12,4.003835672808415
-2,-12,3.895737643038705
-2,-12,7.494393882647646
-2,-12,2.9710666353790707
-2,-12,2.838739439509095
-2,-12,8.021622520567554
-2,-12,6.918154279533372
-2,-12,14.58258414701585
-2,-12,6.03236845294386
-2,-12,3.781653064478571
-2,-12,1.9956816684600143
-2,-12,1.6500000000000001
-2,-12,1.6500000000000001
-2,-12,1.6500000000000001
-2,-12,6.215506344778164
-2,-12,6.729839691305907
-2,-12,8.300812398310963
-2,-12,8.894492974593966
-2,-12,10.104735607662974
-2,-12,7.36007114843395
-2,-12,6.456573006850457
-2,-12,1.6500000000000001
-2,-12,2.838094128653057
-2,-12,5.648059909437
-2,-12,3.2649546364721997
-2,-12,1.6500000000000001
-2,-12,8.486364708927029
-2,-12,1.6500000000000001
-2,-12,6.609159094477565
-2,-12,1.6500000000000001
-2,-12,2.2454830167107014
-2,-12,4.551140864881617
-2,-12,7.789778510769776
-2,-12,7.11520236209469
-2,-12,1.6500000000000001
-2,-12,1.6500000000000001
-2,-12,6.174450421426613
-2,-12,5.275042587900614
-2,-12,4.803664517025675
-2,-12,11.903704915868099
-2,-12,6.4369446125488725
-2,-12,3.0191861433637284
-2,-12,5.617705818624719
-2,-12,5.431992476727357
-2,-12,2.1422509487494867
-2,-12,5.419339056393751
-2,-12,3.797713767070302
-2,-12,3.4537758754601247
-2,-12,2.2404350421119834
-2,-12,1.6500000000000001
-2,-12,1.7443467139210806
-1,-12,5.508766095526449
-1,-12,3.7156475494848062
-1,-12,4.871601343170562
-1,-12,5.35533571784593
-1,-12,5.931855070750269
-1,-12,3.171193769226911
-1,-12,9.27055964042512
-1,-12,6.0596900574019115
-1,-12,1.6500000000000001
-1,-12,4.383064857240368
-1,-12,3.9539729942446415
-1,-12,4.422044698580855
-1,-12,1.8006578376102311
-1,-12,3.322694527435777
-1,-12,8.378766196516914
-1,-12,3.794614898617967
-1,-12,5.750335888595705
-1,-12,4.412923402328549
-1,-12,4.580443733751057
-1,-12,7.152586167279565
-1,-12,6.385567009268888
-1,-12,5.064558265093702
-1,-12,9.3101342306452
-1,-12,1.6500000000000001
-1,-12,2.210137104969915
-1,-12,4.09419244796551
-1,-12,8.355788066062669
-1,-12,5.238090732887114
-1,-12,6.371086832065044
-1,-12,1.6500000000000001
-1,-12,3.9023195042349217
-1,-12,4.908085764347548
-1,-12,7.213629116667471
-1,-12,2.5608449183113744
-1,-12,7.11843818075988
-1,-12,3.7399715362896764
-1,-12,4.5953291982219255
-1,-12,10.404760141092558
-1,-12,3.0258574844856945
-1,-12,6.26685767879782
-1,-12,2.837382190795952
-1,-12,13.130607065440236
-1,-12,1.6500000000000001
-1,-12,8.370941356019927
-1,-12,4.647442389143363
-1,-12,5.007540072027121
-1,-12,4.047599724035854
-1,-12,2.005775959559482
-1,-12,1.6500000000000001
-1,-12,1.6500000000000001
-1,-12,1.6500000000000001
-1,-12,3.457058786166209
-1,-12,5.758370425348135
-1,-12,3.5350160996461817
-1,-12,4.966763758576939
-1,-12,6.559044591414391
-1,-12,6.918577365873276
-1,-12,3.7157646926200445
-1,-12,4.007164530744927
-1,-12,7.683961151638547
-1,-11,1.6500000000000001
-1,-11,1.6500000000000001
-1,-11,3.802090038914478
-1,-11,7.539473253573727
-1,-11,1.6500000000000001
-1,-11,1.6500000000000001
-1,-11,6.134803271235413
-1,-11,6.718343689120277
-1,-11,2.191572102451117
-1,-11,5.677473912388942
-1,-11,4.793412270733432
-1,-11,1.6500000000000001
-1,-11,7.814773654656127
-1,-11,2.2155852222426904
-1,-11,2.462079941661657
-1,-11,2.6016389817405714
-1,-11,1.7104816407712415
-1,-11,5.942889642523554
-1,-11,6.248798462199785
-1,-11,5.364466862054205
-1,-11,2.4097407819761
-1,-11,7.2061048431924215
-1,-11,9.048509825611966
-1,-11,5.323553337954237
-1,-11,1.6500000000000001
-1,-11,2.6969917433549777
-1,-11,1.6500000000000001
-1,-11,1.6500000000000001
-1,-11,7.127917803932671
-1,-11,1.6500000000000001
-1,-11,5.328921230736561
-1,-11,6.759601714539865
-1,-11,1.6500000000000001
-1,-11,4.142108340989364
-1,-11,7.738222492946573
-1,-11,8.361661189288583
-1,-11,3.8212680488984567
-1,-11,1.6500000000000001
-1,-11,6.1521498345145
-1,-11,1.6500000000000001
-1,-11,1.6500000000000001
-1,-11,1.725414293472836
-1,-11,1.6500000000000001
-1,-11,4.044850369407579
-1,-11,3.244993680920156
-1,-11,5.5194335730065145
-1,-11,7.824347826218751
-1,-11,5.574007621714481
-1,-11,8.574526263262786
-1,-11,3.2403755610832157
-1,-11,5.79754903251904
-1,-11,1.6500000000000001
-1,-11,6.924552284576491
-1,-11,8.446995717050147
-1,-11,1.6500000000000001
-1,-11,4.512260785404514
-1,-11,2.4080291116767856
-1,-11,5.085579854513154
-1,-11,4.372602498805195
-1,-11,4.35032302069658
-1,-11,1.6500000000000001
0,-11,4.5524265869995695
0,-11,5.603104827678823
0,-11,8.084838127111126
0,-11,5.359668706675903
0,-11,5.682201037189142
0,-11,3.1220937653263636
0,-11,7.0887926065662885
0,-11,1.6500000000000001
0,-11,1.6500000000000001
0,-11,2.4938648374494
0,-11,7.636056398080099
0,-11,4.551763226964746
0,-11,4.729662591296382
0,-11,1.6500000000000001
0,-11,6.841840890925013
0,-11,2.1794973433129052
0,-11,7.041909058379332
0,-11,5.702206951876889
0,-11,16.16534055375092
0,-11,3.789806018784726
0,-11,6.4031073040716695
0,-11,9.238662039799681
0,-11,7.312195747254659
0,-11,7.312323798165291
0,-11,9.094319926971103
0,-11,2.7534661853623854
0,-11,4.501627378449903
0,-11,7.47647671684819
0,-11,6.871127240834998
0,-11,3.1153840759705718
0,-11,7.281431694540946
0,-11,5.717617929836558
0,-11,5.441339182213661
0,-11,4.382695498547659
0,-11,1.6500000000000001
0,-11,4.969809217660825
0,-11,7.899108318203956
0,-11,10.500770513740425
0,-11,2.3713989697448348
0,-11,3.2946355620772727
0,-11,1.6500000000000001
0,-11,11.314741457255131
0,-11,7.9778615075178845
0,-11,8.113696531775421
0,-11,4.957009543837663
0,-11,1.6500000000000001
0,-11,1.6500000000000001
0,-11,1.6500000000000001
0,-11,4.704405375963179
0,-11,7.415682251826765
0,-11,3.1656951509305715
0,-11,7.05018526129596
0,-11,4.419392569309042
0,-11,1.6500000000000001
0,-11,2.2623062754100363
0,-11,3.378466533130464
0,-11,13.030753063321773
0,-11,4.742043650352754
0,-11,5.593142064193976
0,-11,7.200680397224145
0,-10,5.048785838043979
0,-10,7.077065195624133
0,-10,5.505689092152512
0,-10,8.276575186901791
0,-10,5.9366687372702325
0,-10,5.320861287673238
0,-10,3.8478373328151294
0,-10,1.6500000000000001
0,-10,6.968958485652855
0,-10,9.403250094475524
0,-10,4.1350112458608175
0,-10,3.2786847222494093
0,-10,2.329907016421054
0,-10,2.2827407059596028
0,-10,3.4132759700270814
0,-10,5.822508836899529
0,-10,1.6500000000000001
0,-10,4.3974046385531205
0,-10,4.528857077651121
0,-10,3.9036940519541474
0,-10,6.364111871206904
0,-10,5.9632186024140195
0,-10,6.5027681988815464
0,-10,4.096243723121073
0,-10,8.058777138280487
0,-10,1.6500000000000001
0,-10,6.577709958508034
0,-10,3.282185632677445
0,-10,3.7777492120398612
0,-10,1.7300057847781232
0,-10,3.357655379569439
0,-10,5.3081384787044925
0,-10,2.420049836431131
0,-10,2.908411362927538
0,-10,5.794689385843487
0,-10,7.638466426243371
0,-10,4.784118522296553
0,-10,4.559534744076985
0,-10,6.065459979836314
0,-10,5.1316589920591476
0,-10,2.755303955779251
0,-10,4.341968109893809
0,-10,4.752805322390719
0,-10,11.55699160062052
0,-10,1.6824257460537195
0,-10,5.12811458058485
0,-10,2.970368200351343
0,-10,3.347762175776099
0,-10,9.191763821462077
0,-10,6.058061702991386
0,-10,2.6019782407357805
0,-10,3.260870321702003
0,-10,6.00397517214982
0,-10,7.845517610376632
0,-10,5.2389922096406725
0,-10,3.123735051847177
0,-10,1.6500000000000001
0,-10,3.995628288230457
0,-10,2.7092464924327713
0,-10,1.6500000000000001
0,-10,1.6500000000000001
0,-9,9.80724406988191
0,-9,6.88554553994306
0,-9,8.236012063168204
0,-9,6.359592625919568
0,-9,6.976430308404072
0,-9,8.7819258150027
0,-9,1.6500000000000001
0,-9,3.1352617880517912
0,-9,4.218899372899205
0,-9,3.5086684600533973
0,-9,11.855982526123135
0,-9,6.864183196179661
0,-9,7.861690532728934
0,-9,6.517727164743036
0,-9,8.955931584103098
0,-9,4.646910298927971
0,-9,1.6500000000000001
0,-9,2.9294869299231587
0,-9,2.7810720097123527
0,-9,8.13686644280107
0,-9,1.9835808457320847
0,-9,4.608347640860463
0,-9,3.7861526654613638
0,-9,3.3999611480490803
0,-9,7.489730204029365
0,-9,6.534655456301493
0,-9,3.572674203320486
0,-9,2.1862231963682874
0,-9,7.793537663913956
0,-9,8.53101398787815
0,-9,4.514719625181276
0,-9,6.283603161817905
0,-9,6.112313103255682
0,-9,5.102961505390934
0,-9,10.51714475089452
0,-9,1.6500000000000001
0,-9,7.722329579465696
0,-9,8.281474287143663
0,-9,5.74495525752116
0,-9,2.970270633490768
0,-9,6.419791331448955
0,-9,6.612295746936884
0,-9,6.740849655541292
0,-9,5.526009192881183
0,-9,6.253639222177923
0,-9,9.335160374104115
0,-9,9.709077478301873
0,-9,3.5022151221199604
0,-9,6.415337833875546
0,-9,1.6500000000000001
0,-9,5.637243242718769
0,-9,4.155300700882156
0,-9,4.6853080920011125
0,-9,10.270880237927132
0,-9,5.123540976808669
0,-9,2.184018921899714
0,-9,3.7587756571605704
0,-9,2.540655255884488
0,-9,8.81469068655536
0,-9,5.393489702677906
0,-9,6.933116846231259
-1,-9,5.011181722824032
-1,-9,10.780548131804755
-1,-9,2.6649275757717543
-1,-9,6.06373922679749
-1,-9,4.393648178041994
-1,-9,6.634371138965381
-1,-9,4.669773629370737
-1,-9,2.3423445394690376
-1,-9,11.969282375061907
-1,-9,10.97383711722038
-1,-9,4.16627330334172
-1,-9,10.80458526696058
-1,-9,4.70056814576674
-1,-9,6.777354862200864
-1,-9,11.071704324844337
-1,-9,6.182135859929708
-1,-9,4.417686927354539
-1,-9,4.897490693192393
-1,-9,10.22158261670367
-1,-9,8.156689699792368
-1,-9,8.066495414646889
-1,-9,13.199297384234747
-1,-9,4.697329432741368
-1,-9,15.12182004094161
-1,-9,7.344523130627754
-1,-9,2.007541414147921
-1,-9,5.730220007736275
-1,-9,4.064776097744586
-1,-9,7.515074722625908
-1,-9,6.532574912850212
-1,-9,5.408841871543551
-1,-9,6.454963062387863
-1,-9,8.625795446987276
-1,-9,7.545765671257072
-1,-9,1.6500000000000001
-1,-9,7.389545993752707
-1,-9,3.6824992716475706
-1,-9,7.574185307653019
-1,-9,5.192048228815438
-1,-9,8.15295790275456
-1,-9,5.998006675090157
-1,-9,7.790627700819247
-1,-9,5.600213413199571
-1,-9,9.736852961458997
-1,-9,7.881562340247573
-1,-9,2.443771265135275
-1,-9,6.676996920110314
-1,-9,6.92385127166702
-1,-9,11.028352218897354
-1,-9,8.234130676603549
-1,-9,3.189341303378839
-1,-9,7.8519099414749265
-1,-9,7.506665402929314
-1,-9,4.4713216781711065
-1,-9,6.2544700609177095
-1,-9,3.763469406795264
-1,-9,5.394547478288581
-1,-9,4.91351600391483
-1,-9,6.662124767991133
-1,-9,8.10357834095039
0,-9,1.6500000000000001
0,-9,8.8886704889255
0,-9,1.6500000000000001
0,-9,5.354091148904813
0,-9,3.844165718619286
0,-9,6.928054135359285
0,-9,4.647858392658214
0,-9,10.27591845056254
0,-9,9.729324194184056
0,-9,8.61473230593724
0,-9,3.641939525404625
0,-9,6.4927736783789705
0,-9,2.3395579621846676
0,-9,10.924811771821785
0,-9,4.598880436002067
0,-9,5.14054392071378
0,-9,5.898204401162611
0,-9,4.797486901858377
0,-9,5.791471188907652
0,-9,4.996544503300932
0,-9,9.688151358852881
0,-9,7.860161637174906
0,-9,4.835606057838676
0,-9,2.821378862588434
0,-9,1.6500000000000001
0,-9,13.422215277807908
0,-9,6.466836529984822
0,-9,6.189633356912511
0,-9,13.072160094386458
0,-9,5.629872094801512
0,-9,2.931049638815359
0,-9,10.27619156376859
0,-9,1.6500000000000001
0,-9,7.460845551969296
0,-9,4.471877143806229
0,-9,7.144066446711344
0,-9,3.6164601070030953
0,-9,5.081878409953657
0,-9,5.956245586155198
0,-9,8.821916208106243
0,-9,4.101664316875256
0,-9,1.6500000000000001
0,-9,12.593331678073007
0,-9,10.314543857013355
0,-9,5.852590372838296
0,-9,11.045967768015238
0,-9,3.675812133420484
0,-9,3.647533152406875
0,-9,6.0999579082153925
0,-9,3.322312400145745
0,-9,4.94309389407293
0,-9,5.553232452547446
0,-9,16.618246196427606
0,-9,4.102821604633187
0,-9,11.00055368305544
0,-9,2.888961017396332
0,-9,5.944961068135434
0,-9,7.657844194120456
0,-9,2.1862750725470814
0,-9,1.6500000000000001
0,-9,6.410514642037659
1,-9,4.172265608492948
1,-9,8.901555758514457
1,-9,10.140795339040789
1,-9,4.950499586723831
1,-9,1.6500000000000001
1,-9,7.5047415957213675
1,-9,7.8144701802964605
1,-9,1.6500000000000001
1,-9,5.859000655784588
1,-9,5.975433042339922
1,-9,4.683130975803147
1,-9,7.67571945525372
1,-9,3.0441402960210344
1,-9,4.388091969280155
1,-9,6.671469799402126
1,-9,3.3475311487112895
1,-9,6.898999185547375
1,-9,1.6500000000000001
1,-9,4.386534724946007
1,-9,10.130509665188399
1,-9,6.03045733622215
1,-9,6.325268256478816
1,-9,6.497871390481931
1,-9,5.868346437520004
1,-9,10.452236554713709
1,-9,8.116211083445423
1,-9,7.770379722320959
1,-9,15.192512457222694
1,-9,5.852124481889661
1,-9,14.815500988434195
1,-9,1.6500000000000001
1,-9,6.605605369509717
1,-9,4.822340709308035
1,-9,7.521666319796692
1,-9,7.093121839390312
1,-9,1.6500000000000001
1,-9,5.172937363994148
1,-9,4.421713204133569
1,-9,6.280163978511916
1,-9,7.34325122977862
1,-9,5.94225927746248
1,-9,9.092487856754786
1,-9,11.825704356883241
1,-9,12.047132657896217
1,-9,4.9805802510770505
1,-9,5.552545571287344
1,-9,5.411206271534187
1,-9,6.60257211144882
1,-9,8.756339799965868
1,-9,6.54696878194547
1,-9,2.1511223578540095
1,-9,6.633614976186221
1,-9,1.8865771303218195
1,-9,1.9367792155540005
1,-9,7.001565866826471
1,-9,4.771195237310289
1,-9,6.58327742401192
1,-9,11.554794173672548
1,-9,7.55318339009807
1,-9,5.692996145983115
0,-9,7.60436746237
0,-9,9.028303263342009
0,-9,6.099403167791885
0,-9,1.6500000000000001
0,-9,7.9392412624705635
0,-9,5.698410083097625
0,-9,4.687055386347514
0,-9,5.207838663477758
0,-9,1.6500000000000001
0,-9,5.200016235581607
0,-9,1.6500000000000001
0,-9,4.842146529509156
0,-9,2.523082935633915
0,-9,4.484781362878771
0,-9,9.56461104074836
0,-9,15.485979380405595
0,-9,4.476676342826924
0,-9,6.170438145405919
0,-9,2.619700245884943
0,-9,8.187560989424195
0,-9,3.0156813501574504
0,-9,5.7516294680538556
0,-9,1.6500000000000001
0,-9,4.955787096768129
0,-9,9.895440612175427
0,-9,9.370162342098196
0,-9,2.5576117721884852
0,-9,11.720953380464874
0,-9,4.904392476122057
0,-9,3.1454700640073976
0,-9,1.6500000000000001
0,-9,5.339444437576332
0,-9,1.6500000000000001
0,-9,5.7623111251181545
0,-9,6.445513731448993
0,-9,3.872179427379357
0,-9,7.109993919836858
0,-9,7.757812251941001
0,-9,4.318744007240589
0,-9,5.746223839549597
0,-9,7.410445856338994
0,-9,4.5190154507030105
0,-9,4.611181317720972
0,-9,4.574694998917321
0,-9,3.4967677004063944
0,-9,11.09583570179732
0,-9,9.856155090150155
0,-9,3.313803081509464
0,-9,8.768934824407749
0,-9,5.692661219145458
0,-9,7.784252107505862
0,-9,5.4235631404845215
0,-9,7.660803880692637
0,-9,4.961737127871703
0,-9,4.459671580246659
0,-9,9.476101578487466
0,-9,6.247186889104157
0,-9,9.366002903252964
0,-9,1.6500000000000001
0,-9,5.950660690391889
0,-9,8.815163181032121
-1,-9,3.6142818110977046
-1,-9,6.058863925335521
-1,-9,1.6500000000000001
-1,-9,4.893775811419968
-1,-9,1.6500000000000001
-1,-9,7.3379363595114615
-1,-9,6.409184849635409
-1,-9,9.034876663670909
-1,-9,9.009972360758955
-1,-9,1.6500000000000001
-1,-9,9.549345749623313
-1,-9,1.6500000000000001
-1,-9,2.335245369859887
-1,-9,4.758858484665341
-1,-9,10.098711057436855
-1,-9,8.89991052808019
-1,-9,4.379044186254809
-1,-9,4.96684131627633
-1,-9,6.763429100724498
-1,-9,9.036081535386637
-1,-9,1.731271577616825
-1,-9,3.218006676102137
-1,-9,4.1621497535454814
-1,-9,4.947251580092241
-1,-9,7.887847624034059
-1,-9,9.148032717882538
-1,-9,3.5753545011292998
-1,-9,3.2546432280233004
-1,-9,10.397665595594603
-1,-9,8.577408714162681
-1,-9,3.97833684502684
-1,-9,8.144226560010255
-1,-9,10.001958296351386
-1,-9,5.557084696760267
-1,-9,5.131879388783904
-1,-9,6.3764349514760985
-1,-9,5.0673470556637294
-1,-9,8.194151253649604
-1,-9,1.6500000000000001
-1,-9,2.8212511616445433
-1,-9,5.220310067533353
-1,-9,3.8429203158455207
-1,-9,10.828123898667368
-1,-9,1.6500000000000001
-1,-9,7.0831019662603705
-1,-9,1.6500000000000001
-1,-9,6.138331337801256
-1,-9,3.387592134555643
-1,-9,8.998957774344538
-1,-9,1.7294047295861197
-1,-9,8.680403716136691
-1,-9,4.450116923942523
-1,-9,9.554320883645909
-1,-9,8.426710331186529
-1,-9,4.055252353164372
-1,-9,6.037774832133154
-1,-9,4.698419643148623
-1,-9,1.6500000000000001
-1,-9,3.8295041015109046
-1,-9,4.199560778112783
-1,-9,2.8341439836040676
0,-9,9.531140089609044
0,-9,12.504200351446624
0,-9,7.961432888638687
0,-9,9.18693419748441
0,-9,3.7517057580410547
0,-9,6.634671232570175
0,-9,7.875927844751333
0,-9,3.9094932413095904
0,-9,4.6177167052335095
0,-9,5.763794781149041
0,-9,10.721626040853636
0,-9,6.089581732537836
0,-9,8.506352052300361
0,-9,12.29641475326451
0,-9,7.046811037192012
0,-9,9.234712150076932
0,-9,7.077178989669185
0,-9,2.8187865011271747
0,-9,3.4498992981550574
0,-9,12.247840468854257
0,-9,5.374114727706096
0,-9,3.876964719741922
0,-9,5.079513630742244
0,-9,6.611946429652371
0,-9,9.232188980885853
0,-9,1.948528877615057
0,-9,2.2987558064207345
0,-9,4.500281750203935
0,-9,1.6500000000000001
0,-9,11.996650672979033
0,-9,3.7931413649934096
0,-9,2.27627294315486
0,-9,6.222246982399091
0,-9,5.031084010356635
0,-9,8.948292517267857
0,-9,8.606871324968635
0,-9,9.482147391019462
0,-9,6.000461357944566
0,-9,5.528410524187689
0,-9,6.225823073720521
0,-9,7.184410918080278
0,-9,8.853003345864353
0,-9,5.425187048707554
0,-9,7.388850172953022
0,-9,1.6500000000000001
0,-9,2.077629750913407
0,-9,6.37432886842895
0,-9,4.321103210858128
0,-9,8.833661629321156
0,-9,5.909845684216438
0,-9,5.478726121995211
0,-9,1.6500000000000001
0,-9,12.939951392055235
0,-9,2.2039680972789104
0,-9,7.397621455349613
0,-9,8.176474328461229
0,-9,10.674582982310344
0,-9,9.315978427092528
0,-9,4.565177581993277
0,-9,1.6500000000000001
-1,-9,4.340460473629376
-1,-9,10.07921296338571
-1,-9,8.190010044307412
-1,-9,5.3055745065895925
-1,-9,6.7077760953664285
-1,-9,5.173164478610862
-1,-9,2.317370703884291
-1,-9,1.6500000000000001
-1,-9,8.30787816373051
-1,-9,2.9875072503342786
-1,-9,5.499559785408417
-1,-9,8.281850823043914
-1,-9,2.51268343002642
-1,-9,9.960192631879744
-1,-9,9.304353031512127
-1,-9,3.605885872201081
-1,-9,3.4974041114682914
-1,-9,12.180653724961505
-1,-9,6.557732486577283
-1,-9,1.8859184856675775
-1,-9,6.320946941978779
-1,-9,5.673047935324064
-1,-9,6.779742721508487
-1,-9,8.980296560970771
-1,-9,2.953478513373454
-1,-9,3.621119233060482
-1,-9,8.227182315393325
-1,-9,10.702554529262585
-1,-9,4.119090580209026
-1,-9,5.428722908218904
-1,-9,4.617716659047696
-1,-9,5.386453739274349
-1,-9,7.074266286992806
-1,-9,3.269000901786222
-1,-9,1.6500000000000001
-1,-9,5.137073652035174
-1,-9,5.586724047211705
-1,-9,7.3141204182277395
-1,-9,7.24882914439539
-1,-9,4.704532538284532
-1,-9,9.365536016238142
-1,-9,2.345420665394435
-1,-9,12.049435559017905
-1,-9,1.6500000000000001
-1,-9,10.331405771190514
-1,-9,4.9733492799226084
-1,-9,2.0692841502514967
-1,-9,3.0513057463972886
-1,-9,9.962812962737466
-1,-9,3.5469009402791105
-1,-9,7.197707528648593
-1,-9,8.374938068628103
-1,-9,9.988755178731145
-1,-9,8.777924475326008
-1,-9,4.214457785606422
-1,-9,8.767890906215555
-1,-9,5.47408958875856
-1,-9,4.253330636542101
-1,-9,3.3868793618447066
-1,-9,5.597113826998252
-1,-9,5.534198220467655
0,-9,8.462551192964828
0,-9,6.455921938227853
0,-9,5.486303032429426
0,-9,6.156414733090723
0,-9,6.358599501046279
0,-9,2.537544085854826
0,-9,9.319968961036441
0,-9,5.505350332295793
0,-9,3.697945906570231
0,-9,4.43063521732068
0,-9,1.6500000000000001
0,-9,8.944157932016624
0,-9,4.126586224627113
0,-9,6.806005975609397
0,-9,2.544411637657855
0,-9,3.881754719570729
0,-9,4.300925285241736
0,-9,1.6500000000000001
0,-9,2.595193099062896
0,-9,7.170513769264515
0,-9,5.869276107440365
0,-9,7.275752786912774
0,-9,5.121640542814277
0,-9,4.865485841257129
0,-9,13.430616759034741
0,-9,4.8848451757552205
0,-9,2.3113100203503114
0,-9,4.094185846989271
0,-9,3.167283636708692
0,-9,5.447858074159199
0,-9,9.055746194534981
0,-9,4.4215518582596784
0,-9,9.35917169702784
0,-9,4.294908213978073
0,-9,5.531551536334402
0,-9,9.598680619299923
0,-9,7.9065735962067025
0,-9,9.272038481214052
0,-9,4.7903017974373405
0,-9,9.653925179097158
0,-9,10.835692159744347
0,-9,12.463242664828954
0,-9,4.191755735056513
0,-9,2.7895571459986015
0,-9,1.6500000000000001
0,-9,7.353111811087789
0,-9,2.287309442748959
0,-9,6.416477790523257
0,-9,3.3408100551586517
0,-9,4.879498252366347
0,-9,9.813173445473778
0,-9,8.222466373977388
0,-9,1.6500000000000001
0,-9,8.286558153216596
0,-9,6.143703477305298
0,-9,6.7439273950781695
0,-9,11.333265048869103
0,-9,3.3808496022190373
0,-9,5.512296026029959
0,-9,3.5395047300317724
0,-9,17.241433089568112
1,-9,5.200508753073625
1,-9,1.6500000000000001
1,-9,6.602675934413293
1,-9,2.9806470737205277
1,-9,5.593906399181213
1,-9,5.389571320087745
1,-9,5.785410275459108
1,-9,2.435524120600833
1,-9,5.191089113686808
1,-9,4.656457658195306
1,-9,3.251253929734509
1,-9,4.64996244624054
1,-9,1.6500000000000001
1,-9,3.610184457473677
1,-9,7.6669813194722884
1,-9,1.6855706632949516
1,-9,3.467697363058204
1,-9,1.6500000000000001
1,-9,12.316837129398479
1,-9,5.093836521368198
1,-9,4.169174087636824
1,-9,2.5245114521150955
1,-9,9.76147605291967
1,-9,5.309964458084543
1,-9,4.271676556588557
1,-9,7.286021189974453
1,-9,4.898436541451861
1,-9,1.6500000000000001
1,-9,5.738929623545461
1,-9,6.770882720094226
1,-9,5.037849670974446
1,-9,4.3411156017514205
1,-9,7.220682781380265
1,-9,9.008533208588792
1,-9,8.470228144931603
1,-9,3.9315933885027987
1,-9,3.3998891196351746
1,-9,5.514474931155698
1,-9,5.557872489103357
1,-9,4.47632634874543
1,-9,13.336031034860618
1,-9,4.481088239173989
1,-9,6.48104347974283
1,-9,7.682721958995339
1,-9,6.31099738931898
1,-9,3.881999895513019
1,-9,5.07223923688976
1,-9,1.6500000000000001
1,-9,9.171958877110349
1,-9,6.276304454784237
1,-9,1.9576263712573927
1,-9,7.153730833166868
1,-9,2.8372755817002773
1,-9,4.3912966059116165
1,-9,5.0229799718385255
1,-9,10.159101904601197
1,-9,5.5549022334549
1,-9,4.568491463543544
1,-9,7.333432157648984
1,-9,8.789974641369929
2,-9,7.066788263379971
2,-9,5.52882098149613
2,-9,4.194816529823957
2,-9,3.0771126044941166
2,-9,7.924074666391737
2,-9,5.927266627991549
2,-9,8.826186704704263
2,-9,4.69172770581315
2,-9,3.8783174992219087
2,-9,1.6500000000000001
2,-9,1.6500000000000001
2,-9,7.779254092695673
2,-9,8.25685322279948
2,-9,4.1027926448121175
2,-9,12.825781357978904
2,-9,10.217778619070844
2,-9,1.6500000000000001
2,-9,7.090160333549544
2,-9,5.794116776093496
2,-9,9.429277528084587
2,-9,9.361382925719546
2,-9,9.661764746168483
2,-9,6.550033863817898
2,-9,9.099105459198194
2,-9,4.901334050770763
2,-9,4.228307514868621
2,-9,1.6500000000000001
2,-9,13.803109084824207
2,-9,4.289617676056494
2,-9,12.463526469363
2,-9,6.497931217861899
2,-9,4.513108020433813
2,-9,3.069778437074078
2,-9,1.6500000000000001
2,-9,11.798308868594809
2,-9,8.80269481045395
2,-9,5.685562445348078
2,-9,3.993607250605322
2,-9,5.774146074763756
2,-9,6.166771555941959
2,-9,6.079478655769774
2,-9,5.3183766855983095
2,-9,6.9966967635610935
2,-9,8.301339907477974
2,-9,6.860645922416931
2,-9,3.1759272683267503
2,-9,7.725519856485809
2,-9,5.990796684075261
2,-9,1.6500000000000001
2,-9,4.840411288845106
2,-9,1.6500000000000001
2,-9,7.058783843775679
2,-9,7.11111264723752
2,-9,6.866216476034748
2,-9,1.6500000000000001
2,-9,5.625748051570161
2,-9,4.073069628493405
2,-9,6.399945927911247
2,-9,7.284749867225441
2,-9,4.2966928602904515
2,-9,4.495687332876406
2,-8,3.7546278531469204
2,-8,13.527369849425249
2,-8,9.439705072711108
2,-8,3.2833654524406968
2,-8,6.408875002414849
2,-8,5.888133335327145
2,-8,6.93327030215605
2,-8,3.8581871247820207
2,-8,5.6743854355415015
2,-8,16.33308457147917
2,-8,1.6500000000000001
2,-8,4.385261549414125
2,-8,6.854126171845534
2,-8,10.778738741959518
2,-8,6.9826574878749454
2,-8,9.073315391139278
2,-8,1.6500000000000001
2,-8,4.987759628568085
2,-8,2.122716712981149
2,-8,3.350291170081534
2,-8,6.419879634811364
2,-8,5.016724680766094
2,-8,3.3329759413793667
2,-8,8.20992108179761
2,-8,10.888794752951478
2,-8,8.142541322769556
2,-8,5.441368182989049
2,-8,6.914160801913226
2,-8,1.6500000000000001
2,-8,6.979643687540071
2,-8,5.365405905349132
2,-8,1.6500000000000001
2,-8,2.8409048496859626
2,-8,1.6942628981088461
2,-8,14.15980008974717
2,-8,7.817685060163921
2,-8,4.16368560417698
2,-8,2.6289932105598606
2,-8,10.807941941574478
2,-8,6.071740377604798
2,-8,6.412720282372668
2,-8,1.6500000000000001
2,-8,6.334652708938602
2,-8,7.390355407993662
2,-8,1.6500000000000001
2,-8,9.897634634368675
2,-8,9.114191048799363
2,-8,1.6500000000000001
2,-8,4.979628807564577
2,-8,12.534942088678076
2,-8,6.785666745050677
2,-8,4.453614631730542
2,-8,6.095638527411246
2,-8,8.958204171274224
2,-8,8.54592455554965
2,-8,10.936752241505266
2,-8,4.877858528611373
2,-8,7.468141420129011
2,-8,5.990031843230377
2,-8,5.038327466448502
3,-8,5.963066936243857
3,-8,2.3860465725778783
3,-8,6.77997191920133
3,-8,12.119095030981873
3,-8,5.108010877991482
3,-8,1.6500000000000001
3,-8,1.6500000000000001
3,-8,2.3561790438889054
3,-8,6.249402601138239
3,-8,10.83153096301176
3,-8,9.330859526413018
3,-8,8.183764673403559
3,-8,3.8346246647323916
3,-8,6.2938008547323125
3,-8,4.242122248324342
3,-8,6.357629712728781
3,-8,4.494607136561663
3,-8,8.120080441420384
3,-8,6.815026274524264
3,-8,2.90662141429434
3,-8,14.945688016220924
3,-8,13.27680781349612
3,-8,6.266936271240226
3,-8,3.636739498653518
3,-8,12.399418400626232
3,-8,6.50372216959807
3,-8,6.498554887229355
3,-8,5.950389455177563
3,-8,5.664220552298404
3,-8,5.152682387317312
3,-8,8.876799517343178
3,-8,2.932511893702802
3,-8,4.226835535646581
3,-8,6.43121510387247
3,-8,4.488759679946849
3,-8,6.200761105428437
3,-8,8.042761709777272
3,-8,7.1227026622082485
3,-8,5.064872482167474
3,-8,4.674888483136943
3,-8,8.111867267466138
3,-8,4.642346789861617
3,-8,6.3305397299058495
3,-8,3.0998147428065463
3,-8,3.9763984221692
3,-8,11.293086956210777
3,-8,5.133842751019722
3,-8,4.796739701273245
3,-8,11.612470608092593
3,-8,13.366028357923508
3,-8,4.31500639447307
3,-8,4.609285163458254
3,-8,8.431784309056047
3,-8,5.83797898612241
3,-8,1.6500000000000001
3,-8,5.604794260520437
3,-8,3.5084128270027652
3,-8,2.743235534942029
3,-8,3.631331539981779
3,-8,12.205949485927654
3,-8,14.891997789840659
4,-8,2.9608155542217296
4,-8,6.556190877528192
4,-8,6.246327682644531
4,-8,8.000147675986168
4,-8,10.67619369256088
4,-8,8.506363618779204
4,-8,4.015612555076444
4,-8,5.8393115108171
4,-8,1.6500000000000001
4,-8,3.450222271759432
4,-8,4.1279323959514365
4,-8,3.4079378770036506
4,-8,10.44789877744181
4,-8,5.23392007943921
4,-8,2.1870551240150697
4,-8,11.034661598554159
4,-8,5.6608569203552435
4,-8,4.338006099484643
4,-8,4.419239955363175
4,-8,2.4905863074442487
4,-8,4.7368271250712475
4,-8,3.5184962438158554
4,-8,6.0782781287323004
4,-8,4.575859689181209
4,-8,1.6500000000000001
4,-8,7.68155807284683
4,-8,4.123344713840767
4,-8,1.6500000000000001
4,-8,2.6480029884329888
4,-8,9.123650820450377
4,-8,4.1812254041806645
4,-8,3.4688497758640033
4,-8,1.7117842499592104
4,-8,4.714057703122904
4,-8,10.036775947612405
4,-8,4.550112442241186
4,-8,2.531485866435786
4,-8,9.624752747860551
4,-8,1.8249765624561594
4,-8,10.691745071833761
4,-8,2.467808830319493
4,-8,2.6478354612874946
4,-8,10.333592977892375
4,-8,4.63549697565743
4,-8,6.416744044085768
4,-8,3.425034508977037
4,-8,7.000835803721181
4,-8,1.6500000000000001
4,-8,4.207777959820424
4,-8,9.966801239739919
4,-8,10.035267098367434
4,-8,4.064516525398011
4,-8,1.6500000000000001
4,-8,8.352706519579945
4,-8,2.0131656753484983
4,-8,7.368300803236034
4,-8,7.22742338714775
4,-8,6.779729752258166
4,-8,7.3117486328229155
4,-8,10.156422599997923
4,-8,7.674415672790086
4,-9,6.072973536621492
4,-9,4.454197831432125
4,-9,3.2191208874501065
4,-9,11.037404424693586
4,-9,1.6500000000000001
4,-9,2.44304572772457
4,-9,8.707776791285353
4,-9,11.330578349115086
4,-9,8.38918985437785
4,-9,4.647079614456588
4,-9,1.6500000000000001
4,-9,7.238358563298818
4,-9,2.580897698471921
4,-9,3.5318250821886075
4,-9,5.669741558276157
4,-9,5.704625044361006
4,-9,14.419209961311294
4,-9,4.759621109985027
4,-9,7.74604536850309
4,-9,3.8288985476830932
4,-9,8.128382833225531
4,-9,11.343529339018826
4,-9,3.505293072938949
4,-9,5.247785300558836
4,-9,6.7613537497902385
4,-9,1.6500000000000001
4,-9,7.241362692560401
4,-9,3.950858454414732
4,-9,3.509558852496226
4,-9,8.684798320731932
4,-9,9.518674793162464
4,-9,3.180204384819948
4,-9,4.148967580286257
4,-9,6.810075578299096
4,-9,4.101668305447005
4,-9,9.109636905385608
4,-9,6.425236913728652
4,-9,7.295752096493127
4,-9,3.8983112658828576
4,-9,6.987934920934988
4,-9,11.74869333329127
4,-9,6.305321993384121
4,-9,3.4256538802506213
4,-9,2.9877113227969003
4,-9,3.4127891322281263
4,-9,6.2515542698847275
4,-9,2.5386977608702956
4,-9,9.410731831984727
4,-9,2.215425516954737
4,-9,4.78116636427815
4,-9,7.270684806634714
4,-9,5.882970474630854
4,-9,7.771815677628092
4,-9,4.592758651646271
4,-9,14.085239539181917
4,-9,13.382590480974244
4,-9,6.8819250712401
4,-9,3.809853694068206
4,-9,10.732807127778248
4,-9,1.6906438656000917
3,-9,4.498993665371548
3,-9,5.8646479716513795
3,-9,1.6500000000000001
3,-9,1.6500000000000001
3,-9,12.811447398929543
3,-9,3.4526716870021703
3,-9,4.677477183250932
3,-9,3.521967041081062
3,-9,4.039441445549647
3,-9,4.079292058632611
3,-9,4.260243274905557
3,-9,1.6500000000000001
3,-9,4.007803998410976
3,-9,6.9348170135174385
3,-9,6.614905299993848
3,-9,4.414005966543048
3,-9,3.557715651432253
3,-9,1.9789623533657124
3,-9,15.765852063633977
3,-9,6.435300558025377
3,-9,3.885764641439896
3,-9,5.611387710969374
3,-9,1.6500000000000001
3,-9,1.6500000000000001
3,-9,1.6500000000000001
3,-9,5.647618276887432
3,-9,2.7819353614476943
3,-9,3.050224187776921
3,-9,4.916308028915937
3,-9,2.945615402469084
3,-9,5.450686242256341
3,-9,8.594624751755045
3,-9,2.7664781528540896
3,-9,3.553509776272275
3,-9,10.137223546088688
3,-9,11.55920022692001
3,-9,6.732969015406356
3,-9,7.240481944752826
3,-9,3.060915886900398
3,-9,1.6500000000000001
3,-9,1.836194905445566
3,-9,4.160030712234975
3,-9,2.0932032860944703
3,-9,8.217356454550458
3,-9,5.969829949352865
3,-9,6.062282948731118
3,-9,3.112186030429066
3,-9,12.60541720187724
3,-9,1.6500000000000001
3,-9,3.7139399149326926
3,-9,1.6500000000000001
3,-9,2.2436993194529644
3,-9,4.532135741432941
3,-9,8.10409776413149
3,-9,7.618746130154385
3,-9,6.710294943330597
3,-9,1.6500000000000001
3,-9,5.307878022293269
3,-9,6.735328081557949
3,-9,6.042737278116249
3,-9,5.1795375561501285
2,-9,1.6500000000000001
2,-9,4.7292358526919935
2,-9,6.059060059867455
2,-9,2.903104603883207
2,-9,1.6500000000000001
2,-9,7.105106246297476
2,-9,7.830191574092854
2,-9,12.386409194167534
2,-9,12.285143965379596
2,-9,6.428144070365304
2,-9,5.626363807621675
2,-9,6.83079064202119
2,-9,1.6500000000000001
2,-9,3.321249080001298
2,-9,4.7809462770516
2,-9,7.73211429054948
2,-9,9.496170590144864
2,-9,4.372136723269978
2,-9,12.657470626464598
2,-9,4.29158389462252
2,-9,7.902436805366443
2,-9,10.41619419682123
2,-9,7.061369759553748
2,-9,1.6500000000000001
2,-9,3.6521221005977225
2,-9,4.754385368006817
2,-9,4.469355864265179
2,-9,4.58611715851142
2,-9,7.715387032863438
2,-9,5.154025013318497
2,-9,1.6500000000000001
2,-9,12.908125230083094
2,-9,9.244165296707504
2,-9,8.827131733996005
2,-9,11.004410822052819
2,-9,3.9904821051112584
2,-9,8.095595198525057
2,-9,11.202999307953668
2,-9,3.595511429111258
2,-9,1.6500000000000001
2,-9,6.49489886427019
2,-9,6.382347824488001
2,-9,3.7975723469806506
2,-9,14.170025005765908
2,-9,7.394413568171761
2,-9,2.855161156808569
2,-9,4.572845549282738
2,-9,13.27566735122302
2,-9,9.16738763407678
2,-9,2.6093067870462616
2,-9,12.994695106904167
2,-9,5.227740155830815
2,-9,1.7456540321893126
2,-9,7.370171097457124
2,-9,2.268772095678433
2,-9,2.300624218678285
2,-9,7.837978439439068
2,-9,1.6500000000000001
2,-9,9.384917975420706
2,-9,3.1947619090520414
1,-9,1.6500000000000001
1,-9,10.902404726118379
1,-9,8.43397220235983
1,-9,5.96351803450225
1,-9,7.9427343574874785
1,-9,1.6500000000000001
1,-9,3.846234085398068
1,-9,6.113057395924708
1,-9,5.165613518575415
1,-9,5.455481030985791
1,-9,6.98955533985949
1,-9,8.371325699432168
1,-9,6.051888237992849
1,-9,6.7694655125928165
1,-9,5.090867931255692
1,-9,2.5828900787877425
1,-9,7.474404515967045
1,-9,8.192392596049514
1,-9,2.7852301108277078
1,-9,1.6500000000000001
1,-9,5.314148860832965
1,-9,6.108528632891548
1,-9,1.6500000000000001
1,-9,3.4528686459034548
1,-9,4.44256413507025
1,-9,8.970649278443222
1,-9,11.6750436540963
1,-9,10.109653039323458
1,-9,9.523259009511829
1,-9,6.629278515974663
1,-9,6.011763463065425
1,-9,3.708840528284819
1,-9,2.450271198168527
1,-9,3.839238796009864
1,-9,6.963040192454741
1,-9,4.587264363064709
1,-9,1.6500000000000001
1,-9,9.1384055200975
1,-9,8.370996795707464
1,-9,2.609745983107355
1,-9,2.8558790780101395
1,-9,7.948588556775508
1,-9,10.826115045740796
1,-9,7.705113736083554
1,-9,2.9891836368952025
1,-9,6.7008612135003816
1,-9,8.189877424532991
1,-9,8.456003423100068
1,-9,4.645794027432829
1,-9,9.027506788723722
1,-9,6.890034705396974
1,-9,1.6500000000000001
1,-9,6.419256067123225
1,-9,5.805356734254354
1,-9,5.055429482914036
1,-9,8.759231006201906
1,-9,6.789233311839026
1,-9,4.486753906837469
1,-9,9.153483916896935
1,-9,4.950532241605992
1,-9,2.6888435472707424
1,-10,8.044665377599149
1,-10,7.719785555301369
1,-10,4.746883795527919
1,-10,3.601857517100733
1,-10,1.9309289440277286
1,-10,6.860413550434273
1,-10,7.202888354523442
1,-10,4.936773961159441
1,-10,3.1989108693358443
1,-10,1.6500000000000001
1,-10,2.115231453070119
1,-10,3.8778060254509374
1,-10,3.7216630813515583
1,-10,7.5605265022755335
1,-10,11.883887215902462
1,-10,9.828611094878763
1,-10,7.9936540698391365
1,-10,1.6500000000000001
1,-10,1.7804150814080244
1,-10,5.713846636705554
1,-10,5.366847354012903
1,-10,3.460701260869191
1,-10,6.496335592839603
1,-10,7.850318904656069
1,-10,1.6500000000000001
1,-10,17.19952195287477
1,-10,4.297224682873535
1,-10,1.6500000000000001
1,-10,7.68003033628979
1,-10,4.520934421963479
1,-10,7.2582975536191885
1,-10,4.85109418430674
1,-10,9.292372997847243
1,-10,9.558946071344781
1,-10,2.770638731013731
1,-10,4.239938797156814
1,-10,5.550011921451352
1,-10,8.824189039762894
1,-10,6.976705669320055
1,-10,8.108033578357096
1,-10,7.760669788380902
1,-10,2.9439697242876446
1,-10,4.046139595329387
1,-10,2.2610679038530384
1,-10,1.6500000000000001
1,-10,5.88977864982291
1,-10,2.5967646516045693
1,-10,7.947272734092945
1,-10,8.750574217770177
1,-10,3.993517215994504
1,-10,6.227360387133439
1,-10,5.24322810446206
1,-10,7.694765549616806
1,-10,10.576092424115213
1,-10,7.00730611079868
1,-10,5.430832580135535
1,-10,9.90899533177538
1,-10,1.6500000000000001
1,-10,2.831435541994018
1,-10,1.6500000000000001
1,-10,1.8783045467488706
0,-10,9.077903082891972
0,-10,5.732057877317482
0,-10,5.929860806791639
0,-10,1.6500000000000001
0,-10,12.294020132254222
0,-10,5.976093773295826
0,-10,7.491980250099571
0,-10,1.6500000000000001
0,-10,2.6178093183120232
0,-10,3.62661659090527
0,-10,3.9979251439085903
0,-10,6.189419186221389
0,-10,8.542659917825594
0,-10,2.2473665639441096
0,-10,4.447978227082596
0,-10,3.6599187353916145
0,-10,8.167704841605346
0,-10,4.4974823788256515
0,-10,1.9299300628569407
0,-10,3.8892952454627183
0,-10,6.191289727523511
0,-10,2.3818674493897403
0,-10,8.557046301236145
0,-10,2.5514147680704387
0,-10,6.256773174889123
0,-10,7.5385039751783545
0,-10,1.6500000000000001
0,-10,4.300242107505091
0,-10,5.201486091885357
0,-10,11.089222652682224
0,-10,13.333348634524535
0,-10,5.146589962924229
0,-10,4.4748700942828945
0,-10,2.073876351545706
0,-10,10.929447196348747
0,-10,7.160268824827959
0,-10,1.6500000000000001
0,-10,1.6500000000000001
0,-10,2.880371999850409
0,-10,4.834064400945627
0,-10,3.464219271251825
0,-10,4.150951105199698
0,-10,6.303475944835343
0,-10,11.44217827826378
0,-10,6.938044388347594
0,-10,7.171016935301995
0,-10,6.690903602626648
0,-10,5.331792902680078
0,-10,3.8622810533372895
0,-10,13.712196212694709
0,-10,3.453187666103217
0,-10,6.959483037095012
0,-10,6.019124873512742
0,-10,9.248057945127929
0,-10,3.016329267570072
0,-10,2.2008375917459526
0,-10,9.353744043265412
0,-10,3.5653135116708716
0,-10,2.0628206255818378
0,-10,2.411929091595842
0,-11,6.309819193630226
0,-11,6.499464395466253
0,-11,4.061265724902137
0,-11,11.975488369097786
0,-11,7.494746679763644
0,-11,1.6500000000000001
0,-11,3.1548864682241957
0,-11,7.256131437091437
0,-11,1.6500000000000001
0,-11,1.6500000000000001
0,-11,5.111318661252807
0,-11,6.230553429563175
0,-11,8.067315286940826
0,-11,3.6733000091390213
0,-11,5.908305471587214
0,-11,3.4204894215027455
0,-11,4.920235954677548
0,-11,6.255074010252496
0,-11,1.861978636355051
0,-11,5.23063881607301
0,-11,8.54670001870927
0,-11,5.67211099572497
0,-11,10.622693293531778
0,-11,9.166258366564346
0,-11,2.083048669676331
0,-11,2.2789659766244545
0,-11,1.6500000000000001
0,-11,6.9134464753526395
0,-11,4.28701690315016
0,-11,2.8390279337408106
0,-11,3.4761816920940722
0,-11,2.697236689334109
0,-11,10.511790163712481
0,-11,4.236966893566869
0,-11,7.67917892064534
0,-11,3.453055254214898
0,-11,1.6500000000000001
0,-11,7.909445620434083
0,-11,8.957722974587305
0,-11,4.525683585427035
0,-11,6.142062381236931
0,-11,12.438460692875923
0,-11,10.090481484640222
0,-11,5.473021533099615
0,-11,4.706900404819416
0,-11,4.507569530122565
0,-11,8.414213997790675
0,-11,8.295438497652501
0,-11,3.1371549404910697
0,-11,5.476127807750729
0,-11,3.6272602447748326
0,-11,1.6500000000000001
0,-11,4.276848753282524
0,-11,4.200360628210469
0,-11,10.755717066180775
0,-11,8.895566892969194
0,-11,1.6500000000000001
0,-11,4.946627304623259
0,-11,10.270368073355128
0,-11,5.474811843471776
0,-11,3.491965981018801
0,-12,6.066588387195344
0,-12,7.42646481791967
0,-12,8.273397173368704
0,-12,5.743870768557096
0,-12,1.6500000000000001
0,-12,6.12648428990171
0,-12,1.6500000000000001
0,-12,2.221850915728509
0,-12,9.445141834323092
0,-12,2.68728918980057
0,-12,3.727881601178458
0,-12,4.6811947130003
0,-12,4.795946393261907
0,-12,6.612220226529999
0,-12,3.3803149014688483
0,-12,3.903694385595707
0,-12,4.807203721509833
0,-12,5.776272841068819
0,-12,3.71762580784986
0,-12,1.6500000000000001
0,-12,2.838921298938113
0,-12,8.86146444587705
0,-12,2.252041322198849
0,-12,5.506826305913589
0,-12,1.958967358384705
0,-12,4.544911037582327
0,-12,2.845241351382865
0,-12,5.769104203568926
0,-12,2.3277826842093616
0,-12,4.605397075207123
0,-12,2.4553626190625724
0,-12,7.936583526487624
0,-12,8.225301654683928
0,-12,1.6500000000000001
0,-12,1.6500000000000001
0,-12,1.6500000000000001
0,-12,1.6500000000000001
0,-12,2.0735393925725583
0,-12,10.513601274306478
0,-12,1.6500000000000001
0,-12,1.6500000000000001
0,-12,1.6500000000000001
0,-12,6.428135227157094
0,-12,1.6500000000000001
0,-12,5.109013114018688
0,-12,2.416289545164652
0,-12,2.895947905072296
0,-12,10.1355123296876
0,-12,4.912896106066288
0,-12,1.6500000000000001
0,-12,2.486651512202194
0,-12,2.654210715771061
0,-12,11.861084220599299
0,-12,4.367465585272081
0,-12,1.6500000000000001
0,-12,2.4440943963402093
0,-12,6.229554248414224
0,-12,8.04394237524171
0,-12,6.294801280479269
0,-12,12.685714963887154
0,-11,14.364774564623023
0,-11,9.651761558121258
0,-11,1.6500000000000001
0,-11,7.22216755091138
0,-11,1.7279116717011709
0,-11,9.865766059540796
0,-11,3.0388215753139662
0,-11,6.070183631274051
0,-11,1.6500000000000001
0,-11,5.785096251826923
0,-11,1.6500000000000001
0,-11,1.8889605908341127
0,-11,7.865954423069025
0,-11,8.064830941371817
0,-11,5.253258054759055
0,-11,8.300016780933042
0,-11,10.322207492830417
0,-11,10.579201263145599
0,-11,6.3652061390390635
0,-11,3.82517206005049
0,-11,2.195878954507894
0,-11,5.5694388421395296
0,-11,6.605803230881538
0,-11,1.8181548908955505
0,-11,2.900488268439748
0,-11,7.396181878937952
0,-11,10.68145097241363
0,-11,15.116511852324287
0,-11,8.761585924566376
0,-11,7.918020466300932
0,-11,7.361943983304022
0,-11,1.6500000000000001
0,-11,3.140567364259401
0,-11,1.6500000000000001
0,-11,1.6500000000000001
0,-11,6.8816506124673005
0,-11,3.170206952620725
0,-11,1.6500000000000001
0,-11,10.585509433834304
0,-11,3.9325339639614234
0,-11,1.6500000000000001
0,-11,1.6500000000000001
0,-11,4.177280242995954
0,-11,1.7647706822027018
0,-11,1.6500000000000001
0,-11,5.239369877238875
0,-11,3.4802296747328163
0,-11,9.395601833336833
0,-11,7.765922106312269
0,-11,7.067524432037892
0,-11,3.033167401626809
0,-11,11.10339858331119
0,-11,4.577705205391076
0,-11,9.29778584075375
0,-11,3.2012063390394
0,-11,1.6500000000000001
0,-11,6.414993933263032
0,-11,4.586396012788221
0,-11,6.195395991445551
0,-11,3.988588980424349
0,-11,3.2452379131918287
1,-11,1.6500000000000001
1,-11,3.784066194711606
1,-11,5.612685235130357
1,-11,3.900507940599623
1,-11,5.76475149881934
1,-11,2.550159440516256
1,-11,1.6500000000000001
1,-11,2.1847013300994127
1,-11,7.128114823098404
1,-11,5.753179675242464
1,-11,4.326104152358154
1,-11,9.513167537350572
1,-11,1.6500000000000001
1,-11,10.2122958062613
1,-11,5.224906027575951
1,-11,3.991802956858073
1,-11,6.033867099884922
1,-11,6.921234530967085
1,-11,6.741786684394917
1,-11,1.6852048178167287
1,-11,5.71548387563926
1,-11,7.325515382335329
1,-11,2.134819872500397
1,-11,12.083697781550253
1,-11,1.6500000000000001
1,-11,4.717153270523582
1,-11,7.961131377058509
1,-11,9.498351904536879
1,-11,5.460162398756192
1,-11,8.778557715437497
1,-11,3.2773671325426843
1,-11,5.632516129547143
1,-11,12.848234633909279
1,-11,8.890673830825031
1,-11,2.629332872411418
1,-11,5.5326667130509275
1,-11,5.7992482901186655
1,-11,4.982587136985774
1,-11,6.321263146154891
1,-11,2.794461585300536
1,-11,2.058687077585142
1,-11,1.6500000000000001
1,-11,3.6753743092631046
1,-11,6.813145834168325
1,-11,2.1000488540265634
1,-11,2.199694596972072
1,-11,7.180747440875246
1,-11,4.884318808172991
1,-11,8.8254004837327
1,-11,5.173786314453183
1,-11,4.705018678072251
1,-11,5.303444161194979
1,-11,1.6500000000000001
1,-11,3.6971659660966765
1,-11,11.755739773378723
1,-11,1.6500000000000001
1,-11,1.6500000000000001
1,-11,2.893226830931021
1,-11,6.977884672947997
1,-11,3.086661341800186
1,-11,5.130395755191143
1,-12,5.89014446998335
1,-12,7.390832069577783
1,-12,4.751244006349846
1,-12,5.563744866236
1,-12,9.621258645422529
1,-12,2.963003880850474
1,-12,4.1088035500075994
1,-12,5.376538888726749
1,-12,9.02997488479418
1,-12,4.6935633330197275
1,-12,11.121572804436338
1,-12,12.414633320150196
1,-12,3.328627361346302
1,-12,9.26216301198146
1,-12,2.7047202779480477
1,-12,4.364492521666137
1,-12,3.316371715479194
1,-12,8.759672067677844
1,-12,1.6500000000000001
1,-12,7.014735246757825
1,-12,3.3068690075844653
1,-12,3.0839419450706913
1,-12,11.829863418724074
1,-12,4.579549313917098
1,-12,6.156294954103137
1,-12,3.8906890887621444
1,-12,7.625489196977589
1,-12,5.609558368866376
1,-12,9.410089331092298
1,-12,3.388492106873999
1,-12,1.6500000000000001
1,-12,1.6500000000000001
1,-12,4.470436153800158
1,-12,6.041025932469581
1,-12,6.487814798209207
1,-12,2.298994117031479
1,-12,4.661535509530764
1,-12,4.750595841953519
1,-12,6.4907076843473
1,-12,1.6500000000000001
1,-12,4.054500866898227
1,-12,2.211649441050258
1,-12,1.8169799952762355
1,-12,3.9622585745323393
1,-12,3.6750006814961385
1,-12,2.60829954790579
1,-12,2.531197727746547
1,-12,1.6500000000000001
1,-12,3.6493575883788703
1,-12,4.983731273479947
1,-12,3.7469536186390924
1,-12,1.6500000000000001
1,-12,2.5307198468596326
1,-12,1.6500000000000001
1,-12,1.6500000000000001
1,-12,6.65580251814305
1,-12,2.051477210480979
1,-12,7.349688982784588
1,-12,2.2495753460902335
1,-12,7.857981266806453
2,-12,4.485950478867322
2,-12,1.6500000000000001
2,-12,3.893474065039289
2,-12,10.041989269838876
2,-12,4.535230859508133
2,-12,5.49502316104338
2,-12,3.530606558344507
2,-12,7.631355504417524
2,-12,5.174947618122268
2,-12,6.323078148931047
2,-12,6.759015736691403
2,-12,5.808505496296235
2,-12,4.306059735898128
2,-12,6.6129373271386465
2,-12,8.343623784417245
2,-12,4.7225157024533075
2,-12,4.34154116244002
2,-12,1.8305443277188975
2,-12,5.187901392280034
2,-12,3.6378288522895694
2,-12,1.6500000000000001
2,-12,4.052540251421778
2,-12,8.494520104193178
2,-12,7.263368470320508
2,-12,1.791443833092864
2,-12,7.090235942400599
2,-12,1.6500000000000001
2,-12,7.544230361568365
2,-12,5.437353638762001
2,-12,4.337183860886646
2,-12,1.6500000000000001
2,-12,2.0279926835052016
2,-12,3.6258506024227586
2,-12,9.69761716252905
2,-12,4.6183748283320725
2,-12,7.0421109596371245
2,-12,5.996765156462565
2,-12,7.461029317533989
2,-12,7.655334093653438
2,-12,2.22738971146172
2,-12,3.8671759292028822
2,-12,3.692993459385009
2,-12,1.6500000000000001
2,-12,2.813156127159009
2,-12,4.818411938576375
2,-12,1.6500000000000001
2,-12,4.610793822541854
2,-12,2.9662396482751667
2,-12,3.9167596324489957
2,-12,4.399644061915615
2,-12,8.60517203473092
2,-12,5.8433007721199335
2,-12,2.936713656835628
2,-12,1.6500000000000001
2,-12,9.043766689660742
2,-12,6.401595973065962
2,-12,2.9043044596820495
2,-12,2.172072909491264
2,-12,3.9360066201156005
2,-12,7.957407253473477
2,-12,3.7940251311447044
2,-11,6.321284829292962
2,-11,3.092969405599292
2,-11,4.700335480616135
2,-11,7.245379544071029
2,-11,10.456336976684856
2,-11,5.251292838176263
2,-11,7.7300532116913665
2,-11,1.6500000000000001
2,-11,6.671466651304852
2,-11,5.871334412677827
2,-11,9.041607714024437
2,-11,8.021607640405914
2,-11,4.553400355808934
2,-11,6.456615744874054
2,-11,1.6500000000000001
2,-11,3.0689520971884665
2,-11,2.0942819632786955
2,-11,2.3876065429006865
2,-11,3.0797653581676894
2,-11,6.9189333879603785
2,-11,5.367000917270115
2,-11,4.148345415976429
2,-11,1.6500000000000001
2,-11,1.6500000000000001
2,-11,1.6500000000000001
2,-11,4.852746723632647
2,-11,2.6734835635307896
2,-11,7.49192696104301
2,-11,3.948707783174764
2,-11,4.4121080738629015
2,-11,7.290557994268868
2,-11,1.6500000000000001
2,-11,13.764948730929667
2,-11,6.1866892939555775
2,-11,1.6500000000000001
2,-11,3.9433365193657695
2,-11,1.6500000000000001
2,-11,5.5953881144765845
2,-11,4.4540360913114485
2,-11,6.194987605546091
2,-11,3.3501665048133806
2,-11,5.833405418036481
2,-11,2.232540328320135
2,-11,6.925482554061792
2,-11,2.6576686547413777
2,-11,5.579758142857029
2,-11,1.6500000000000001
2,-11,9.816044884452033
2,-11,6.171402954755292
2,-11,6.9841125923547525
2,-11,3.917305592664265
2,-11,1.6500000000000001
2,-11,7.4562950436627755
2,-11,2.557551250923633
2,-11,5.861373631748898
2,-11,1.6500000000000001
2,-11,10.13359466427778
2,-11,7.67392771445669
2,-11,3.186769150476562
2,-11,5.38670950613679
2,-10,8.910110143004145
2,-10,4.775197079755775
2,-10,4.33530864630824
2,-10,2.195244238621539
2,-10,5.78670632108794
2,-10,9.808877376179904
2,-10,4.680049647304335
2,-10,4.213103536220678
2,-10,1.6500000000000001
2,-10,6.826322920665337
2,-10,1.6500000000000001
2,-10,14.336193348351454
2,-10,4.367966574418773
2,-10,1.6500000000000001
2,-10,2.9196771628924494
2,-10,8.859570906528857
2,-10,9.869136615577833
2,-10,7.357952236685803
2,-10,9.920109529353205
2,-10,6.8275810201229845
2,-10,1.6500000000000001
2,-10,4.650721994060053
2,-10,7.5840708567965915
2,-10,2.4025901463445
2,-10,1.6500000000000001
2,-10,2.7594289019149603
2,-10,6.55996208884219
2,-10,3.7220486762285043
2,-10,1.9657405322310777
2,-10,4.408210043568795
2,-10,4.617148637197271
2,-10,6.542320181700818
2,-10,3.638329024367377
2,-10,7.045699363245411
2,-10,9.123344047271562
2,-10,8.090581652057946
2,-10,1.6500000000000001
2,-10,4.5205828135527115
2,-10,8.059440440807387
2,-10,1.9480568347142055
2,-10,7.984501592648886
2,-10,6.742299806237415
2,-10,6.128066472311773
2,-10,7.852210105991846
2,-10,7.995755756676987
2,-10,2.9642844502483903
2,-10,9.19320576131279
2,-10,1.6500000000000001
2,-10,13.889925908934568
2,-10,5.4506439914929095
2,-10,5.636225812663026
2,-10,2.5692403989610404
2,-10,12.332407802848564
2,-10,3.3794141651837677
2,-10,1.8859805419160023
2,-10,12.267777843062667
2,-10,2.389239025717046
2,-10,4.19430182591018
2,-10,1.6500000000000001
2,-10,6.372073267042192
2,-10,1.6500000000000001
2,-9,1.6500000000000001
2,-9,6.496520174757488
2,-9,4.4380591726401715
2,-9,3.4128366886612036
2,-9,1.6500000000000001
2,-9,7.101761443936381
2,-9,7.519695952146838
2,-9,12.337429639230722
2,-9,8.820973272750761
2,-9,5.28480709403761
2,-9,12.97467272561066
2,-9,3.5293986310865533
2,-9,3.178244370334911
2,-9,6.862861912077037
2,-9,2.130376017375293
2,-9,11.83969295573539
2,-9,1.6500000000000001
2,-9,5.968893475285804
2,-9,4.48341357767739
2,-9,9.503894147573584
2,-9,10.27991686211471
2,-9,3.4522053881748205
2,-9,5.192677082322233
2,-9,3.17455143716754
2,-9,3.592008072846876
2,-9,4.882431262695338
2,-9,5.165094185618423
2,-9,8.027338748199337
2,-9,6.125283498477237
2,-9,4.518726791119144
2,-9,9.327324480816241
2,-9,1.6500000000000001
2,-9,5.829945105253968
2,-9,6.149145612994565
2,-9,7.908930554163367
2,-9,1.6500000000000001
2,-9,9.166279332196146
2,-9,3.594107570692542
2,-9,2.1584971289124404
2,-9,3.6040289962659116
2,-9,4.397498514111635
2,-9,5.154744119509748
2,-9,3.7327251005215887
2,-9,6.357657631949692
2,-9,4.517827654042687
2,-9,1.6500000000000001
2,-9,1.8650448895098628
2,-9,7.983312126119268
2,-9,4.414436136992692
2,-9,3.5511388496739884
2,-9,9.065134769917071
2,-9,6.2813184482128985
2,-9,5.971482681752606
2,-9,9.021621400010902
2,-9,7.829782956716299
2,-9,4.168524791904349
2,-9,5.792091969574136
2,-9,10.608256798361927
2,-9,5.718452067082594
2,-9,7.255543189602746
2,-9,5.1481504439505095
3,-9,5.5810511391982605
3,-9,7.899705545034255
3,-9,3.7889791257418186
3,-9,3.6131125831124384
3,-9,5.452586546343684
3,-9,5.764512102964701
3,-9,6.915494802932875
3,-9,10.542477791045172
3,-9,2.6481679171849155
3,-9,6.565945466793395
3,-9,1.6500000000000001
3,-9,1.6500000000000001
3,-9,1.6500000000000001
3,-9,7.3904894678944135
3,-9,1.7792465104429702
3,-9,1.6500000000000001
3,-9,6.03837285896417
3,-9,4.942553818223977
3,-9,1.6500000000000001
3,-9,3.857154891029087
3,-9,7.2120325464610255
3,-9,11.538989598934169
3,-9,8.850488629235283
3,-9,4.886944971292529
3,-9,7.0221965933241455
3,-9,6.846905133243856
3,-9,5.188958195299311
3,-9,8.481452062892743
3,-9,8.470641340565773
3,-9,9.858929840797561
3,-9,15.465831075323646
3,-9,7.236802683182958
3,-9,8.814903660308351
3,-9,6.548371399910649
3,-9,6.546871886514339
3,-9,5.102570105079402
3,-9,7.299254251343274
3,-9,7.069946443206396
3,-9,3.942429303993415
3,-9,2.67651235345581
3,-9,5.827660331701302
3,-9,1.8777296724659691
3,-9,7.215347374754094
3,-9,2.073541380473455
3,-9,8.285118543031912
3,-9,7.085213048166766
3,-9,3.713111676198749
3,-9,7.882214127496178
3,-9,7.76425949056776
3,-9,3.356415462755172
3,-9,4.139209753400365
3,-9,4.470116879712017
3,-9,8.87601917354775
3,-9,1.6500000000000001
3,-9,1.6500000000000001
3,-9,8.345524958463463
3,-9,8.320342395964186
3,-9,9.496636698041812
3,-9,9.376392071265741
3,-9,3.9555216042942107
2,-9,9.409817654723899
2,-9,5.015972654191037
2,-9,5.24274599198801
2,-9,4.027026478497034
2,-9,4.055609222055488
2,-9,11.744949101117365
2,-9,6.905659783041739
2,-9,2.414853431040239
2,-9,6.766049835971051
2,-9,3.0369160668164077
2,-9,9.158172802819266
2,-9,7.2620263145365005
2,-9,7.006551257649455
2,-9,6.04663056352533
2,-9,7.998324998726215
2,-9,6.368750138758572
2,-9,5.224143651366252
2,-9,7.616586246766656
2,-9,10.129121625911978
2,-9,7.763665575155497
2,-9,11.820815215293386
2,-9,3.9961667261765723
2,-9,4.147320133066157
2,-9,5.142683204930014
2,-9,5.637601328487845
2,-9,2.3683456181722438
2,-9,6.604926026936697
2,-9,9.15389959618279
2,-9,5.279031856428625
2,-9,12.699977776639631
2,-9,6.194281027016151
2,-9,2.456033114182758
2,-9,5.554739841324518
2,-9,11.364334529443704
2,-9,5.5450343143580705
2,-9,4.554600212360532
2,-9,8.68126872246594
2,-9,5.739121302395522
2,-9,4.771402189230749
2,-9,5.667042202558404
2,-9,7.675397178829732
2,-9,15.54006410633192
2,-9,5.564350703413648
2,-9,5.359400750350731
2,-9,5.832266316481896
2,-9,4.073605483515807
2,-9,2.970675976171153
2,-9,7.294744944005949
2,-9,5.395731012133084
2,-9,1.9688623664994225
2,-9,4.823047344076604
2,-9,3.5873378466324968
2,-9,5.175761481184505
2,-9,1.6500000000000001
2,-9,1.962197737787427
2,-9,4.51999266556128
2,-9,5.268163125253645
2,-9,1.8023759164551145
2,-9,3.842346485932654
2,-9,1.6500000000000001
2,-9,3.5028282384401255
2,-8,1.6500000000000001
2,-8,6.4873823688265695
2,-8,9.673231843915246
2,-8,8.556314080280616
2,-8,6.42488207346444
2,-8,10.564309554281643
2,-8,1.7847388350261735
2,-8,9.220079154042073
2,-8,12.512035888920792
2,-8,5.782961161684953
2,-8,5.2461685313120086
2,-8,6.928866098072694
2,-8,9.781056571176471
2,-8,6.455125159835429
2,-8,4.147932590399023
2,-8,2.7557068108425096
2,-8,6.856591305399891
2,-8,8.776805728983398
2,-8,8.836620532272834
2,-8,4.801980918220551
2,-8,3.9094351471006323
2,-8,10.879485082320807
2,-8,5.023448139549988
2,-8,6.536927414324285
2,-8,7.571266141898097
2,-8,4.04883083286036
2,-8,5.142522319595381
2,-8,1.6500000000000001
2,-8,3.6489916944829446
2,-8,10.507312284776173
2,-8,7.627964944352259
2,-8,1.6500000000000001
2,-8,7.67601887730917
2,-8,5.195186263811339
2,-8,8.53152395435943
2,-8,1.6500000000000001
2,-8,4.713359342334042
2,-8,1.6500000000000001
2,-8,5.549627146209706
2,-8,8.884951795172645
2,-8,6.2154644188566035
2,-8,1.6500000000000001
2,-8,9.048276620392809
2,-8,6.06125838350843
2,-8,1.6500000000000001
2,-8,8.274174718256829
2,-8,2.7532644776207706
2,-8,9.049199333673231
2,-8,15.46121790961641
2,-8,4.565467267283345
2,-8,4.743016665640061
2,-8,5.494104101211029
2,-8,9.241429798776256
2,-8,9.145272576515275
2,-8,6.853847327905264
2,-8,6.3914026495321545
2,-8,12.11702487028426
2,-8,7.201300503524113
2,-8,3.753448225937434
2,-8,5.430448939871354
2,-9,7.273362615922522
2,-9,4.910408909968682
2,-9,6.221574733726349
2,-9,10.977713507228447
2,-9,6.9291733028292395
2,-9,6.095438308367102
2,-9,3.3845772907314817
2,-9,1.9704968865782786
2,-9,3.118087080390526
2,-9,6.266245372728996
2,-9,6.148659755845679
2,-9,3.5678912176097035
2,-9,13.503594934532273
2,-9,7.059390411001812
2,-9,8.348307620597629
2,-9,6.563757083230895
2,-9,1.6500000000000001
2,-9,3.9454407586472975
2,-9,10.598585334777638
2,-9,1.6500000000000001
2,-9,6.128721557158951
2,-9,3.264491228778736
2,-9,6.146730126134192
2,-9,3.4818704277244232
2,-9,7.302781642044885
2,-9,1.6500000000000001
2,-9,7.228408600695605
2,-9,3.798677374982291
2,-9,7.714963587653749
2,-9,7.3595636080289095
2,-9,1.7953968407024714
2,-9,4.702777015781782
2,-9,10.679671415564572
2,-9,4.398312920643804
2,-9,3.1085347060222848
2,-9,3.6334509404223656
2,-9,6.8395371770234314
2,-9,5.620690804570058
2,-9,5.960617467634092
2,-9,3.826542558288117
2,-9,6.569352973516785
2,-9,7.178080451614848
2,-9,2.809967086243414
2,-9,1.6500000000000001
2,-9,4.355830027193451
2,-9,3.2044381291319266
2,-9,1.6500000000000001
2,-9,5.981926648985485
2,-9,1.6500000000000001
2,-9,13.590590973086016
2,-9,7.7375684149810535
2,-9,5.610593466607622
2,-9,11.11775412530648
2,-9,2.370706561485536
2,-9,6.384096050035195
2,-9,9.473507725987236
2,-9,7.450692559673872
2,-9,5.246331920859659
2,-9,5.329167945787913
2,-9,8.64208874618628
2,-9,6.766912570745167
3,-9,4.7460624301978545
3,-9,9.859965179882764
3,-9,7.008177397086364
3,-9,13.419178468566837
3,-9,5.422418080512389
3,-9,1.6500000000000001
3,-9,4.145292593250864
3,-9,4.831444064103088
3,-9,4.9541509056748305
3,-9,4.821477256387735
3,-9,8.748319545522962
3,-9,3.1225761647403174
3,-9,2.4277104324100107
3,-9,7.678441965753363
3,-9,3.6175456309123737
3,-9,3.4061522347787188
3,-9,6.6802560911347175
3,-9,1.6500000000000001
3,-9,1.6500000000000001
3,-9,10.798157283159018
3,-9,7.482428359594298
3,-9,2.678816286886493
3,-9,3.2352861635979835
3,-9,3.5688205715017487
3,-9,5.652068612316934
3,-9,3.63500258597879
3,-9,3.408192751082825
3,-9,4.647595813667297
3,-9,7.614197858031535
3,-9,5.057519888787787
3,-9,1.8536161999780782
3,-9,9.768388552964977
3,-9,3.041279565286834
3,-9,7.5716236288525325
3,-9,4.585472336964378
3,-9,5.342747945993167
3,-9,7.599693049498225
3,-9,8.967707700750369
3,-9,7.692947705365439
3,-9,6.894690865912358
3,-9,7.173659420446122
3,-9,7.750947247782777
3,-9,5.535371648258309
3,-9,4.3986184566127315
3,-9,5.632110944635087
3,-9,10.8624276134178
3,-9,7.838991085362139
3,-9,1.6500000000000001
3,-9,3.757308870830964
3,-9,1.6500000000000001
3,-9,4.30484171258727
3,-9,4.272057405419911
3,-9,8.263573364885048
3,-9,6.441778604643877
3,-9,2.587660795652257
3,-9,9.039435572415293
3,-9,5.205916476873771
3,-9,7.2188493315497455
3,-9,4.66788439240211
3,-9,7.007451755689326
3,-9,1.6500000000000001
3,-8,4.060435377055932
3,-8,5.78855193506608
3,-8,4.946501557618921
3,-8,1.6500000000000001
3,-8,10.059412750161586
3,-8,11.535584602379409
3,-8,10.016132009328778
3,-8,6.431368890893596
3,-8,7.174646540155412
3,-8,7.849248953018927
3,-8,5.8547563758836825
3,-8,10.290400356848581
3,-8,10.90479626932322
3,-8,7.141661327547318
3,-8,7.460211523968483
3,-8,3.201332221989347
3,-8,5.3366249134745765
3,-8,3.4544019318395134
3,-8,6.737078976006689
3,-8,4.218405704280016
3,-8,1.6500000000000001
3,-8,10.37909661671976
3,-8,5.773901019989824
3,-8,4.363808677745184
3,-8,5.932183178536757
3,-8,4.961438966106616
3,-8,5.885802289449695
3,-8,5.856604387860457
3,-8,1.6500000000000001
3,-8,6.9374770391568115
3,-8,6.007585829494136
3,-8,3.6211652198882316
3,-8,5.796897349547267
3,-8,8.357939607897501
3,-8,6.997326683587898
3,-8,10.743109673936868
3,-8,7.784174288415821
3,-8,5.687949091029124
3,-8,2.829944949776401
3,-8,5.816411967322202
3,-8,5.50470755653477
3,-8,2.578274711773439
3,-8,6.705771430543317
3,-8,4.9425272580605375
3,-8,9.224078584277486
3,-8,6.545455856784489
3,-8,3.07474854334901
3,-8,9.984834225163425
3,-8,9.82578099840313
3,-8,9.86816306618642
3,-8,9.843075047704197
3,-8,4.882532191268571
3,-8,11.676863743672179
3,-8,2.999234398684212
3,-8,7.073450951486754
3,-8,7.456374991679969
3,-8,1.790352245224847
3,-8,6.620815423744795
3,-8,2.689826050257825
3,-8,9.521803410255002
4,-8,1.6500000000000001
4,-8,10.80795767776948
4,-8,9.652687720554518
4,-8,7.608473182294206
4,-8,6.269990910955071
4,-8,3.806959687870445
4,-8,4.056073745980205
4,-8,12.34661263618137
4,-8,7.239192686754281
4,-8,7.628437000117161
4,-8,11.170152647698188
4,-8,13.81153748688674
4,-8,2.04102213735072
4,-8,1.6500000000000001
4,-8,4.711289885562563
4,-8,3.471898303630775
4,-8,3.8221538049893717
4,-8,1.6500000000000001
4,-8,7.5297463714460084
4,-8,4.373020055375843
4,-8,7.538164064275634
4,-8,1.7781486582266561
4,-8,2.9382182025192707
4,-8,1.6500000000000001
4,-8,2.9955092586232106
4,-8,5.036599159166249
4,-8,1.6500000000000001
4,-8,10.762173159825714
4,-8,8.341340244119266
4,-8,6.783732200126169
4,-8,7.636428058037341
4,-8,14.78459224679279
4,-8,1.6500000000000001
4,-8,6.382207433069048
4,-8,14.93705873655668
4,-8,7.720800437018951
4,-8,1.6500000000000001
4,-8,6.240323302489456
4,-8,3.7201125195084113
4,-8,7.907744202082759
4,-8,6.514665799203759
4,-8,6.501346245238816
4,-8,9.736261148376993
4,-8,9.24983950133796
4,-8,9.30647594876985
4,-8,7.331975096102417
4,-8,5.341772745277217
4,-8,2.149468067437902
4,-8,4.185176178477088
4,-8,2.7947614800496385
4,-8,6.260019977835483
4,-8,13.189379239323161
4,-8,7.487938232325914
4,-8,5.297036173230355
4,-8,4.136564077192169
4,-8,3.6455699895406677
4,-8,6.607697426675406
4,-8,5.349318550618203
4,-8,5.193671947108012
4,-8,5.449702842860463
4,-8,6.533165511006581
5,-8,1.8859334207004852
5,-8,11.508643112069558
5,-8,1.6500000000000001
5,-8,6.995720883430403
5,-8,7.624188915158281
5,-8,11.635680911497953
5,-8,5.160271288423683
5,-8,4.482606025078872
5,-8,3.1832728787047384
5,-8,4.126092498447047
5,-8,7.1251324862499
5,-8,1.6500000000000001
5,-8,2.0513434319389887
5,-8,5.914437466586001
5,-8,8.12107645551519
5,-8,8.400528266916902
5,-8,1.6999531929259213
5,-8,2.5865404855323715
5,-8,3.8585427199352873
5,-8,1.6500000000000001
5,-8,2.439167659649251
5,-8,4.98130180505594
5,-8,1.6500000000000001
5,-8,6.928263388961712
5,-8,9.248651570313115
5,-8,6.916127684591453
5,-8,6.0837327938480055
5,-8,1.6500000000000001
5,-8,13.00798112288425
5,-8,5.072919900080557
5,-8,5.5459965227418895
5,-8,10.22801164005265
5,-8,2.9251214839786677
5,-8,8.16091556258037
5,-8,4.042610225706927
5,-8,1.6500000000000001
5,-8,4.5321762411910544
5,-8,3.8541194601303026
5,-8,3.3362080430044556
5,-8,2.746823437060116
5,-8,6.803436444716944
5,-8,8.630819505219481
5,-8,3.228750234973034
5,-8,5.9053395248507226
5,-8,4.022313453785557
5,-8,3.852407060158071
5,-8,2.139072986196323
5,-8,10.78217659228854
5,-8,2.994527264805211
5,-8,5.993537461422208
5,-8,10.916398694973942
5,-8,1.6500000000000001
5,-8,8.579469269620988
5,-8,1.6500000000000001
5,-8,2.798952109494435
5,-8,6.368199464149486
5,-8,5.065533256016594
5,-8,9.325522396637592
5,-8,4.895847883006405
5,-8,5.28236914401123
6,-8,1.6500000000000001
6,-8,7.872816788136507
6,-8,3.9218044903055818
6,-8,7.108989398478469
6,-8,15.122746472281957
6,-8,3.136227027823556
6,-8,5.680161879730575
6,-8,7.268003026681933
6,-8,10.145886285990859
6,-8,3.692233744761006
6,-8,1.6500000000000001
6,-8,6.961545875588467
6,-8,8.222587411315603
6,-8,5.3006366058659795
6,-8,9.93694390179611
6,-8,1.6500000000000001
6,-8,10.17439382667049
6,-8,14.538539729527564
6,-8,2.8134601361282905
6,-8,2.3748919884780357
6,-8,5.1078455304952755
6,-8,9.579918314787525
6,-8,5.465886110055252
6,-8,9.56733477841696
6,-8,3.9993320304698816
6,-8,5.7884194813547705
6,-8,2.3759481310998125
6,-8,4.337077111141345
6,-8,4.364794023678957
6,-8,4.673404517862968
6,-8,3.150241751791084
6,-8,7.6195014845077775
6,-8,9.348799632890318
6,-8,7.950392546735909
6,-8,7.232012474804253
6,-8,7.23824127755754
6,-8,6.31220625124211
6,-8,5.789948245236175
6,-8,5.6377855687926735
6,-8,3.2082038979817886
6,-8,8.615069698289682
6,-8,11.242675344936737
6,-8,6.7306481961519715
6,-8,2.5939701841204403
6,-8,7.3745047961513555
6,-8,5.3239989849660425
6,-8,6.0769206876665
6,-8,3.0073659427309005
6,-8,2.227297727723049
6,-8,6.1924234343808475
6,-8,5.764609922429276
6,-8,1.6500000000000001
6,-8,5.940273435904881
6,-8,6.148101140362033
6,-8,5.401557736199589
6,-8,7.82054593400642
6,-8,2.934150368191879
6,-8,4.359533616146112
6,-8,4.564632199208903
6,-8,3.5668197427557002
6,-8,3.778442725191651
6,-7,3.9710696736401587
6,-7,3.4887278001921675
6,-7,1.6500000000000001
6,-7,6.262026874108662
6,-7,3.402476754771463
6,-7,1.6500000000000001
6,-7,8.144917086231192
6,-7,13.985156360569253
6,-7,2.1567139631684573
6,-7,3.6107392930048023
6,-7,5.903294299944258
6,-7,6.429311128246913
6,-7,4.556717857474546
6,-7,11.48359218387768
6,-7,1.6500000000000001
6,-7,2.2179650735769507
6,-7,3.010363666159788
6,-7,13.112727319190167
6,-7,9.548629225980843
6,-7,5.59507214977991
6,-7,1.6500000000000001
6,-7,5.83814425049961
6,-7,5.032067495934308
6,-7,8.44880074944319
6,-7,1.6500000000000001
6,-7,5.798945033920196
6,-7,5.01145680483966
6,-7,9.037495153144476
6,-7,5.908249835344241
6,-7,3.745248970933904
6,-7,7.585299191926496
6,-7,2.538948515731032
6,-7,3.9432153160072705
6,-7,8.519356640476826
6,-7,15.779794001484262
6,-7,7.071080016148184
6,-7,1.6500000000000001
6,-7,2.253209046010914
6,-7,1.6500000000000001
6,-7,7.523763443874231
6,-7,10.553045777137184
6,-7,3.2076080681103227
6,-7,5.734584501592013
6,-7,1.6500000000000001
6,-7,10.684946146166606
6,-7,1.6500000000000001
6,-7,7.61207782879331
6,-7,4.360095681561736
6,-7,9.171264480965641
6,-7,4.702457048895986
6,-7,4.096204575468754
6,-7,7.035632611737361
6,-7,2.407538455227211
6,-7,6.616870961575843
6,-7,3.3121024098195697
6,-7,1.6500000000000001
6,-7,3.534190709457692
6,-7,6.493896483092461
6,-7,2.4691284858796396
6,-7,4.597062748624982
6,-7,4.598270486985786
6,-6,8.900862827211895
6,-6,7.18238414331927
6,-6,7.897499288921589
6,-6,8.173647686644655
6,-6,10.534940562775512
6,-6,4.809929840929962
6,-6,10.22631504291008
6,-6,3.774011984721901
6,-6,6.32114873468203
6,-6,4.030399782887818
6,-6,4.801403109671244
6,-6,9.056529568806871
6,-6,3.689952781720413
6,-6,3.231052610249126
6,-6,8.389228801510631
6,-6,6.169540563790166
6,-6,3.790902509349247
6,-6,4.907792115112494
6,-6,7.599462048835051
6,-6,4.381075789077491
6,-6,3.0127750227260366
6,-6,7.681111839449265
6,-6,10.019240349979263
6,-6,6.387936859754699
6,-6,8.556154430610045
6,-6,12.832172145369187
6,-6,8.330640187507955
6,-6,8.170380334129021
6,-6,9.339533308704711
6,-6,5.887877392294695
6,-6,1.6500000000000001
6,-6,3.0792921394858657
6,-6,7.013698717015459
6,-6,4.898840670860789
6,-6,6.474116140049603
6,-6,3.7077294509119945
6,-6,11.040359190766848
6,-6,9.436592209620322
6,-6,3.7835598921830433
6,-6,3.9124546898984955
6,-6,1.6500000000000001
6,-6,9.529021461558902
6,-6,8.173160861919136
6,-6,7.324333343930101
6,-6,6.8604713390858105
6,-6,2.16640854854581
6,-6,8.68505165315415
6,-6,5.7435268122230365
6,-6,6.3069000187506035
6,-6,2.5342692686674466
6,-6,4.535594604024629
6,-6,3.2969795867064664
6,-6,3.7987778270180863
6,-6,4.055601790313695
6,-6,7.726585986932209
6,-6,4.062698771893036
6,-6,2.070856853956539
6,-6,6.917760944356254
6,-6,8.81269417502698
6,-6,1.6500000000000001
7,-6,6.106681365741226
7,-6,5.026852928853411
7,-6,1.6500000000000001
7,-6,12.656023459727978
7,-6,3.1536181754919883
7,-6,6.860236871216618
7,-6,1.6500000000000001
7,-6,7.047597880155138
7,-6,14.046924999817143
7,-6,7.956395670225554
7,-6,5.610015980030085
7,-6,1.6500000000000001
7,-6,9.967848073292192
7,-6,4.414620969197303
7,-6,5.176029525446615
7,-6,3.4479892401085124
7,-6,4.839390864778438
7,-6,3.2465263152673733
7,-6,1.6500000000000001
7,-6,6.873466987811517
7,-6,5.517268204449266
7,-6,6.747806320612105
7,-6,6.6550641393183465
7,-6,4.08695018251377
7,-6,7.423808831750024
7,-6,6.466701709789272
7,-6,15.139591172410793
7,-6,5.124940358031805
7,-6,4.95806163966115
7,-6,1.6500000000000001
7,-6,18.557402126520206
7,-6,4.1885777971763805
7,-6,4.339659430409369
7,-6,4.049608858413856
7,-6,3.225334130247074
7,-6,4.40346517961219
7,-6,2.5092639069677625
7,-6,3.2273877960542663
7,-6,1.6500000000000001
7,-6,7.672668297776643
7,-6,4.498435834386411
7,-6,5.8104255770744535
7,-6,9.443058121055444
7,-6,3.446720824211471
7,-6,5.542986184830568
7,-6,6.925753308076051
7,-6,4.031730068066007
7,-6,3.291373245132138
7,-6,1.6500000000000001
7,-6,6.15231941604901
7,-6,4.483416045166144
7,-6,1.6500000000000001
7,-6,4.398362704442737
7,-6,5.428694765549402
7,-6,3.3489772818761687
7,-6,6.597306486089334
7,-6,1.6500000000000001
7,-6,9.611341655573709
7,-6,6.0173925179100785
7,-6,5.224775504643342
7,-6,6.668857892720194
7,-7,6.053143086045274
7,-7,4.333390646130107
7,-7,7.36443693645572
7,-7,5.341805454535927
7,-7,2.587356897948463
7,-7,5.4345742024795936
7,-7,5.519449036288263
7,-7,7.089808991127997
7,-7,4.788897642391194
7,-7,5.607218907512611
7,-7,4.707073229964666
7,-7,9.254568488230028
7,-7,7.807605122051623
7,-7,6.155449099613021
7,-7,12.815606266523433
7,-7,2.233254679369561
7,-7,7.136777651030851
7,-7,5.332425321271354
7,-7,6.47038023500266
7,-7,1.6500000000000001
7,-7,1.6500000000000001
7,-7,3.2092680303749255
7,-7,1.6500000000000001
7,-7,6.635108959243167
7,-7,3.7052753903437265
7,-7,2.057583716235967
7,-7,6.138625037689176
7,-7,4.232530459510501
7,-7,1.7871939342599772
7,-7,3.411497599921718
7,-7,10.500825259447073
7,-7,6.991629387476541
7,-7,7.329099988641952
7,-7,7.447113877928304
7,-7,9.468356174617305
7,-7,1.8492288738074034
7,-7,3.9382684131631107
7,-7,3.1472335168412817
7,-7,1.6500000000000001
7,-7,6.611299102960235
7,-7,2.2984816104002057
7,-7,10.625136857729155
7,-7,4.59766911060726
7,-7,3.713478297517666
7,-7,4.312152827828955
7,-7,4.0083611472450755
7,-7,6.037660221382106
7,-7,9.082547562231962
7,-7,3.132434252121052
7,-7,1.7420954737964385
7,-7,1.6500000000000001
7,-7,4.35482802531686
7,-7,6.92882602685997
7,-7,8.967393996093474
7,-7,6.478143428374362
7,-7,4.177322887342223
7,-7,7.322959559788027
7,-7,5.988949939754662
7,-7,8.257495906812354
7,-7,8.77029742558058
7,-7,7.810163227338978
6,-7,5.240870557971656
6,-7,4.379914152766279
6,-7,1.6500000000000001
6,-7,6.1052469159213505
6,-7,1.6500000000000001
6,-7,3.0760725761457044
6,-7,4.899031020065879
6,-7,11.240452870755263
6,-7,5.134146832858626
6,-7,3.667866052425249
6,-7,5.966996718066914
6,-7,3.2802907354724713
6,-7,4.658933750758841
6,-7,5.311373919895305
6,-7,1.6500000000000001
6,-7,1.6500000000000001
6,-7,9.393430195401514
6,-7,1.6500000000000001
6,-7,16.145061315037793
6,-7,4.812447952609999
6,-7,3.9252686160006753
6,-7,7.07372487032752
6,-7,6.6155083218325625
6,-7,1.6500000000000001
6,-7,2.9315139004626847
6,-7,3.019652510403543
6,-7,2.6352472846029853
6,-7,5.092334618494618
6,-7,14.295376401710893
6,-7,9.838999321878735
6,-7,9.562501077960164
6,-7,4.715440007231682
6,-7,3.9117126015878254
6,-7,3.860379408730008
6,-7,2.6364048419990285
6,-7,3.161411223158635
6,-7,4.356461288935405
6,-7,4.558032997566068
6,-7,1.6500000000000001
6,-7,5.986765644144402
6,-7,2.3420513461033927
6,-7,1.6500000000000001
6,-7,3.8935076502595676
6,-7,1.6500000000000001
6,-7,1.6500000000000001
6,-7,4.182371754958027
6,-7,6.735998390792799
6,-7,7.595286877243933
6,-7,8.83221785531353
6,-7,14.33049281791368
6,-7,3.0094598463117515
6,-7,5.189060497155331
6,-7,9.902350250126485
6,-7,8.621515626220317
6,-7,6.512528643300516
6,-7,2.451054044961798
6,-7,4.4684461195578224
6,-7,9.02463688070125
6,-7,8.593926165320719
6,-7,12.731956556383091
7,-7,4.139007929336264
7,-7,7.5743206823542355
7,-7,6.04031097708658
7,-7,1.6500000000000001
7,-7,5.531345151586038
7,-7,6.050381208076276
7,-7,8.633980133135218
7,-7,6.065284440621161
7,-7,2.6789711725752574
7,-7,6.275450578049786
7,-7,1.6500000000000001
7,-7,6.775045239359758
7,-7,2.859866072873093
7,-7,3.5113551831084466
7,-7,3.202693802148497
7,-7,5.226006133359876
7,-7,3.618299871898502
7,-7,5.069896455809713
7,-7,8.009249578087122
7,-7,5.415228466757162
7,-7,4.012938063195104
7,-7,5.858224708911296
7,-7,1.6500000000000001
7,-7,6.326736983907373
7,-7,6.41280193290957
7,-7,6.166932684346996
7,-7,3.1835388102026174
7,-7,6.8364260896186355
7,-7,6.60777237080531
7,-7,6.4468389971052265
7,-7,4.952122097483719
7,-7,6.211841422324904
7,-7,7.716155212320327
7,-7,7.6302191876888035
7,-7,7.951574572772202
7,-7,4.7615852724461405
7,-7,11.749086980821492
7,-7,3.7407318922769415
7,-7,6.368616957738102
7,-7,5.632905672018364
7,-7,3.832181553713607
7,-7,7.702696548189182
7,-7,6.138113073352214
7,-7,10.999544213276067
7,-7,3.197495155689542
7,-7,7.932096457916263
7,-7,4.954647124432655
7,-7,1.6500000000000001
7,-7,6.797658129580687
7,-7,2.958862607154527
7,-7,3.8995276275232227
7,-7,2.839226524367708
7,-7,6.847042259478785
7,-7,8.705482226210934
7,-7,5.452038568211754
7,-7,5.211774694692475
7,-7,12.284611010300265
7,-7,4.232007883867729
7,-7,4.804846288311874
7,-7,9.75151538994778
7,-7,2.862947095205773
8,-7,4.181909375573321
8,-7,4.452801738554342
8,-7,6.947415495857171
8,-7,8.432326321578026
8,-7,1.6500000000000001
8,-7,1.6500000000000001
8,-7,3.318329719634157
8,-7,9.508677337302439
8,-7,8.833664642234112
8,-7,5.548326721612197
8,-7,1.6500000000000001
8,-7,5.305036712018404
8,-7,1.6500000000000001
8,-7,7.374366892319273
8,-7,4.514027934317311
8,-7,3.1608728617799766
8,-7,7.41931066065268
8,-7,1.6500000000000001
8,-7,1.6500000000000001
8,-7,3.666441437385219
8,-7,3.5754299745071743
8,-7,2.1532130696827463
8,-7,4.962639709858253
8,-7,7.55294216250431
8,-7,5.952726640762672
8,-7,1.7180175284654964
8,-7,5.482725491518703
8,-7,5.136719654444373
8,-7,6.543057018179642
8,-7,5.289876058449376
8,-7,3.6413671455881413
8,-7,2.546912100504704
8,-7,3.941661335768332
8,-7,4.007621485703841
8,-7,8.426716329265048
8,-7,6.765533787669515
8,-7,6.342795631971372
8,-7,6.147503670793705
8,-7,1.6500000000000001
8,-7,5.359007321385332
8,-7,5.499670167420924
8,-7,1.6500000000000001
8,-7,2.5003502128594963
8,-7,3.227191650438832
8,-7,6.72155040135384
8,-7,5.139658269154011
8,-7,3.6778695042319924
8,-7,5.61813620664711
8,-7,10.638890503954082
8,-7,3.128043764224487
8,-7,4.170589258190006
8,-7,3.545320396888545
8,-7,6.588461264479754
8,-7,4.78309406274848
8,-7,3.659755398047045
8,-7,5.371450671120876
8,-7,4.273892600765751
8,-7,2.2174180581804017
8,-7,1.9752100569751354
8,-7,7.7432373645978885
8,-6,7.978880255821295
8,-6,10.351597253061968
8,-6,2.308121355368463
8,-6,5.40338486153896
8,-6,7.7456540279223205
8,-6,2.380634786084642
8,-6,4.871979306850825
8,-6,1.6500000000000001
8,-6,3.4419506176138848
8,-6,9.52587862823334
8,-6,1.6500000000000001
8,-6,3.8668741561802866
8,-6,5.53617558699445
8,-6,1.7809978394329367
8,-6,6.812017206430925
8,-6,2.041345656907403
8,-6,2.8860508379420873
8,-6,10.904818615647415
8,-6,4.062233621773791
8,-6,3.9285183222246376
8,-6,2.0706219078357972
8,-6,9.639392269062089
8,-6,3.174422450793074
8,-6,9.493694615984602
8,-6,5.51398567708815
8,-6,3.455462595123235
8,-6,5.786853546276294
8,-6,3.605745774082622
8,-6,1.6500000000000001
8,-6,7.863830747363924
8,-6,7.398094054243233
8,-6,8.623317111449303
8,-6,5.840060384455584
8,-6,2.4079125293146415
8,-6,5.4170547098417
8,-6,1.714473682061067
8,-6,2.875606751456923
8,-6,4.6815895003681245
8,-6,1.6500000000000001
8,-6,7.368181986173857
8,-6,1.8693856397116724
8,-6,5.096975178197382
8,-6,3.1231511780688126
8,-6,4.087460413508325
8,-6,5.488301983193009
8,-6,6.850198828240398
8,-6,4.692943744036068
8,-6,8.872227572364174
8,-6,10.213608583029284
8,-6,3.03597451557995
8,-6,4.962583214242836
8,-6,1.6500000000000001
8,-6,6.158588175912842
8,-6,3.9219033711493756
8,-6,10.470176670648083
8,-6,8.803081856473161
8,-6,5.120816424504528
8,-6,3.224336933069767
8,-6,7.096796882209711
8,-6,11.808761093285185
8,-6,1.6500000000000001
7,-6,6.397117506438976
7,-6,7.238029262577488
7,-6,11.067988721452624
7,-6,7.052882565080244
7,-6,6.598495004766497
7,-6,5.3884690350682805
7,-6,5.259400789244906
7,-6,5.342974091885487
7,-6,10.560734706608507
7,-6,11.440856313013668
7,-6,6.758930753863585
7,-6,7.704259530340808
7,-6,2.7262728141834254
7,-6,5.291070677547533
7,-6,5.419650775950075
7,-6,11.250636426868256
7,-6,5.415248261772617
7,-6,8.017513360699922
7,-6,4.047216446275427
7,-6,7.483607481461956
7,-6,4.744598537899929
7,-6,3.196614067626572
7,-6,11.345383576310228
7,-6,1.6500000000000001
7,-6,3.7950861222066545
7,-6,11.760548893108464
7,-6,8.063986068569537
7,-6,9.926831583678922
7,-6,1.6500000000000001
7,-6,8.647211928409696
7,-6,1.6500000000000001
7,-6,4.957144316849356
7,-6,1.6500000000000001
7,-6,6.765909275588234
7,-6,10.074391144884764
7,-6,9.692431080861077
7,-6,8.055241043288019
7,-6,8.642775334351672
7,-6,7.775207381164089
7,-6,3.220952952600959
7,-6,11.070920114549857
7,-6,3.5493727176094403
7,-6,8.968676356487993
7,-6,4.233830686334617
7,-6,5.209634346751728
7,-6,1.6500000000000001
7,-6,7.043897761385958
7,-6,5.1754671950142015
7,-6,2.2030215288991783
7,-6,8.000538552919316
7,-6,6.020173452342819
7,-6,7.395455018815382
7,-6,6.540220815122729
7,-6,4.8880045817715905
7,-6,4.3656732684799975
7,-6,1.8925974071301668
7,-6,3.646362313147052
7,-6,8.096623043797893
7,-6,3.240826961089152
7,-6,3.26282392327556
7,-6,15.242688436285881
7,-5,6.510740959263821
7,-5,6.905291996232792
7,-5,2.503335807075841
7,-5,6.686961617179872
7,-5,4.597571758680017
7,-5,8.448032615110947
7,-5,3.3103408087990793
7,-5,12.058110015675503
7,-5,9.904000927472858
7,-5,2.7139061723450375
7,-5,8.949349258955982
7,-5,1.6500000000000001
7,-5,1.6500000000000001
7,-5,3.086707165155463
7,-5,2.7917342845534407
7,-5,4.2773802073739615
7,-5,1.6500000000000001
7,-5,5.06059155758333
7,-5,1.6500000000000001
7,-5,6.630837682382799
7,-5,1.6500000000000001
7,-5,6.617367296339072
7,-5,5.341100125250855
7,-5,6.228596017807081
7,-5,3.2289302477285724
7,-5,4.192357876806614
7,-5,10.481311294427034
7,-5,6.333591848423619
7,-5,6.969187950470699
7,-5,1.6500000000000001
7,-5,7.326686930169757
7,-5,8.668172555419003
7,-5,5.972360370180266
7,-5,10.645978093076465
7,-5,1.6500000000000001
7,-5,6.053586272301979
7,-5,6.720917626266329
7,-5,3.6484018480684854
7,-5,1.6500000000000001
7,-5,3.8198092664462235
7,-5,1.6500000000000001
7,-5,4.94694387699671
7,-5,2.7867895073365183
7,-5,5.77741885028
7,-5,4.348799402911286
7,-5,8.66824972848056
7,-5,3.731249615972728
7,-5,6.652811023585888
7,-5,7.739385243938626
7,-5,3.1276657029784123
7,-5,4.544399527455241
7,-5,7.14735761263938
7,-5,4.870276502737362
7,-5,3.6436957723514167
7,-5,5.646628546280097
7,-5,6.143966215150693
7,-5,7.0553464584284535
7,-5,5.9100951781832
7,-5,1.6500000000000001
7,-5,3.0089275300110727
7,-4,5.858337684328299
7,-4,2.518133904662136
7,-4,5.711812930049014
7,-4,8.512458486419945
7,-4,5.862562697933421
7,-4,1.6500000000000001
7,-4,4.575538738159201
7,-4,8.172354444690654
7,-4,5.10220298690726
7,-4,7.460995344414293
7,-4,9.107035048413044
7,-4,7.519316303509578
7,-4,9.192086472396277
7,-4,7.519993727848015
7,-4,6.302065488795378
7,-4,5.246113242134392
7,-4,12.81581435484146
7,-4,7.91840297506312
7,-4,2.7408759629432926
7,-4,6.848719597005215
7,-4,5.1707822866893824
7,-4,7.795669996933458
7,-4,5.333731192827794
7,-4,5.478675921268179
7,-4,7.7434925884186665
7,-4,8.671259188260805
7,-4,4.108333986413825
7,-4,5.647067689301162
7,-4,6.622233830603848
7,-4,4.7641050406783005
7,-4,5.34695361410042
7,-4,11.603163777078805
7,-4,3.3897514836334963
7,-4,9.934436503514391
7,-4,5.715898537005312
7,-4,4.698168818088943
7,-4,4.8413279310853055
7,-4,12.775121167608422
7,-4,4.2549221916566395
7,-4,4.939864037286261
7,-4,6.140596716290079
7,-4,9.164030850772695
7,-4,1.6500000000000001
7,-4,1.6500000000000001
7,-4,4.343204469649878
7,-4,1.6500000000000001
7,-4,6.292167376925168
7,-4,5.313223562371096
7,-4,11.922394008654662
7,-4,4.768014687730403
7,-4,8.836598975508569
7,-4,4.617710069271712
7,-4,6.551179704300199
7,-4,8.320884571487733
7,-4,4.471244449938736
7,-4,5.352943016056659
7,-4,3.1213228095831753
7,-4,4.0031482072521385
7,-4,8.792141801750967
7,-4,4.29893474972738
7,-4,5.5241589519618
8,-4,10.882387831653265
8,-4,1.6500000000000001
8,-4,1.6500000000000001
8,-4,6.2301375415335585
8,-4,1.6500000000000001
8,-4,4.986354291654365
8,-4,1.6500000000000001
8,-4,11.787738040040466
8,-4,4.178179453277769
8,-4,1.6500000000000001
8,-4,6.835295408023105
8,-4,5.948067596338008
8,-4,4.529383445888361
8,-4,5.386081948069107
8,-4,7.611280865016842
8,-4,3.2186086239810465
8,-4,2.879515538753061
8,-4,5.725485722177927
8,-4,11.080604875483715
8,-4,3.536499137017406
8,-4,12.277468069546897
8,-4,9.596204483453139
8,-4,3.31755008774575
8,-4,9.546272174034922
8,-4,2.9463678396188877
8,-4,5.178037900133431
8,-4,3.4979993529443254
8,-4,14.463318502410772
8,-4,1.6500000000000001
8,-4,3.0682268721587223
8,-4,3.580665166123342
8,-4,9.075654493677007
8,-4,11.14393338986942
8,-4,5.460242918146399
8,-4,5.706669960479788
8,-4,5.717420435481101
8,-4,1.6500000000000001
8,-4,6.604600853708261
8,-4,2.993100767292749
8,-4,4.512478381729233
8,-4,1.6500000000000001
8,-4,4.4963260941028045
8,-4,9.328803526610951
8,-4,3.2340181031358424
8,-4,4.488054026909025
8,-4,1.6500000000000001
8,-4,10.7609903779019
8,-4,6.163311332946073
8,-4,10.344144631618853
8,-4,2.380406653218295
8,-4,1.6500000000000001
8,-4,5.710490847091134
8,-4,6.3318646623927135
8,-4,1.6500000000000001
8,-4,5.709621236635234
8,-4,9.706440237062779
8,-4,8.997827027002305
8,-4,3.5731133462826996
8,-4,3.8866518799807013
8,-4,3.928245620810995
9,-4,3.106818116948265
9,-4,4.165965445953682
9,-4,5.973849501595427
9,-4,5.291821837269829
9,-4,7.05165318245677
9,-4,1.6500000000000001
9,-4,1.6500000000000001
9,-4,7.798190380784302
9,-4,1.6500000000000001
9,-4,5.849731493998995
9,-4,5.010096885569538
9,-4,1.6500000000000001
9,-4,5.675463676565833
9,-4,1.6500000000000001
9,-4,1.6500000000000001
9,-4,3.3996962041951475
9,-4,9.181328855187719
9,-4,5.8179355220066125
9,-4,6.000662768957364
9,-4,3.685539451574236
9,-4,2.618738667160689
9,-4,11.630722029183474
9,-4,7.006831252616076
9,-4,6.116944918429301
9,-4,3.6252469576358477
9,-4,6.032390404489201
9,-4,9.802499013863013
9,-4,6.502392094149715
9,-4,12.178293597817857
9,-4,1.6500000000000001
9,-4,5.520697503788871
9,-4,5.13432266435169
9,-4,4.076951382686788
9,-4,3.016270484192206
9,-4,7.751942989472293
9,-4,1.6500000000000001
9,-4,6.548276733927418
9,-4,9.208566888410305
9,-4,8.21909661476829
9,-4,5.123092447051261
9,-4,1.6500000000000001
9,-4,6.120784992133426
9,-4,1.6500000000000001
9,-4,9.680826883947859
9,-4,4.204591075197482
9,-4,5.3769337334817395
9,-4,12.896927638391283
9,-4,6.355438955658661
9,-4,1.6500000000000001
9,-4,9.563860248128137
9,-4,6.238851280179171
9,-4,4.29360982537222
9,-4,1.866132171786358
9,-4,2.5136799036756896
9,-4,2.2949207032333745
9,-4,3.2235002710475786
9,-4,7.865086014693212
9,-4,8.995335524145315
9,-4,2.2323992777166253
9,-4,1.6500000000000001
9,-4,5.333611413587192
9,-3,3.8144591611031844
9,-3,3.000072570364323
9,-3,7.899490843956664
9,-3,6.623812623130072
9,-3,2.5691991222757733
9,-3,13.178013072220347
9,-3,5.5845198368872255
9,-3,2.6681878259020237
9,-3,6.813705573604456
9,-3,10.45394450400294
9,-3,10.944473606763175
9,-3,12.11209208113318
9,-3,6.75372537311367
9,-3,1.6500000000000001
9,-3,4.828359753007947
9,-3,3.350544596959137
9,-3,4.272407751517827
9,-3,4.501069293567449
9,-3,2.5861308771503233
9,-3,5.2960521665568505
9,-3,5.10188947881034
9,-3,1.6500000000000001
9,-3,5.052051760411822
9,-3,1.6500000000000001
9,-3,4.315138108999054
9,-3,12.555461329432074
9,-3,4.063060355616031
9,-3,4.415090792103087
9,-3,4.7208167832709576
9,-3,7.174979882496391
9,-3,3.500623246866403
9,-3,6.3409559883043745
9,-3,5.847249198440898
9,-3,12.001144625652497
9,-3,5.114875495283681
9,-3,2.8470918911323766
9,-3,8.001475195404556
9,-3,3.693423904034999
9,-3,2.479292903700136
9,-3,12.856961576039492
9,-3,3.3069405695188303
9,-3,6.346159693856694
9,-3,3.668175076180504
9,-3,4.405848805529123
9,-3,8.560521966851297
9,-3,7.756275935404467
9,-3,5.407376699621554
9,-3,5.3844280483989735
9,-3,3.8550263107531295
9,-3,4.833974166906589
9,-3,6.7740299156245065
9,-3,14.636945555956732
9,-3,5.082378605500946
9,-3,3.5840064720201834
9,-3,7.762585208729911
9,-3,8.014687217544365
9,-3,8.127677842699162
9,-3,4.416593847183067
9,-3,1.7708712807010656
9,-3,7.1408140547474455
9,-3,3.9709396787305766
9,-2,9.151008809463308
9,-2,4.865698323024555
9,-2,6.623444662161309
9,-2,8.048912692047466
9,-2,6.615361254526291
9,-2,2.5847398339970966
9,-2,5.53636346349683
9,-2,7.2131358228825935
9,-2,1.8961636701228257
9,-2,2.528436766547915
9,-2,4.108089152090754
9,-2,6.299710096972875
9,-2,9.133971419161167
9,-2,4.109467463189497
9,-2,3.864613177075263
9,-2,6.311009694269084
9,-2,3.399615638059918
9,-2,6.475038365191728
9,-2,2.1771508736305543
9,-2,9.062794329412037
9,-2,4.884892426551754
9,-2,9.125390346914891
9,-2,1.6500000000000001
9,-2,7.3276419829055355
9,-2,9.853433545713404
9,-2,7.948228862207948
9,-2,4.299642652889744
9,-2,6.041710736389425
9,-2,2.893668080799445
9,-2,4.354228166761171
9,-2,6.176698285912998
9,-2,10.94893170509194
9,-2,3.433830605578854
9,-2,8.00807370321373
9,-2,1.6500000000000001
9,-2,5.8592550905349565
9,-2,1.6500000000000001
9,-2,2.390131375960397
9,-2,3.714821981255148
9,-2,4.899033859282421
9,-2,14.146774274885647
9,-2,8.205056494958072
9,-2,5.951323401155278
9,-2,3.3116315298503967
9,-2,5.670578729244245
9,-2,2.87919136262037
9,-2,3.1920404035617236
9,-2,5.58491119411407
9,-2,2.4896221955133337
9,-2,4.5408598093437185
9,-2,2.891368383558423
9,-2,9.638429648024868
9,-2,8.123969640760805
9,-2,8.185463831414385
9,-2,8.236183871705638
9,-2,5.250868694107127
9,-2,9.886977173589813
9,-2,3.717912586195964
9,-2,5.036037394320855
9,-2,4.899435436831044
10,-2,2.5392854595114267
10,-2,6.050686521057074
10,-2,5.943093694829944
10,-2,1.6500000000000001
10,-2,1.6500000000000001
10,-2,3.12575641711536
10,-2,4.251105972173952
10,-2,6.132297949582954
10,-2,4.597567716771117
10,-2,5.319559843855146
10,-2,6.525696419337215
10,-2,7.595786687549273
10,-2,1.6500000000000001
10,-2,7.4512606570973725
10,-2,2.9595966926086423
10,-2,4.4633279049071035
10,-2,8.864414823519425
10,-2,5.40356674535395
10,-2,1.6500000000000001
10,-2,4.569040035578482
10,-2,6.5168294549537364
10,-2,1.6500000000000001
10,-2,1.6500000000000001
10,-2,5.0116261977478604
10,-2,3.0037322724371167
10,-2,5.118069940923287
10,-2,10.517291740642868
10,-2,4.685348525387113
10,-2,4.851362848512243
10,-2,8.177585420831193
10,-2,5.277188657782448
10,-2,11.161005233424923
10,-2,2.1354759462238073
10,-2,6.99748291731001
10,-2,8.599344779250874
10,-2,1.764640778189548
10,-2,3.8398639622726902
10,-2,9.50089375903899
10,-2,5.611175239429882
10,-2,3.2478211186918617
10,-2,2.7244928536088975
10,-2,4.295038619729587
10,-2,1.8883564683936669
10,-2,6.940725994997489
10,-2,2.2609410973101913
10,-2,6.738794333026282
10,-2,3.585292022483228
10,-2,1.6500000000000001
10,-2,5.612872310708698
10,-2,4.166826339343302
10,-2,1.6859509737100358
10,-2,1.6500000000000001
10,-2,4.655372929197504
10,-2,5.432565021789107
10,-2,7.828435115185377
10,-2,6.56816294476603
10,-2,4.454960275512057
10,-2,13.353792887566662
10,-2,1.8677452172217626
10,-2,1.6500000000000001
10,-2,9.140407363226196
9,-2,4.449126633373432
9,-2,11.311118545938918
9,-2,3.3139858925032195
9,-2,1.9622298493334656
9,-2,2.6631421795363632
9,-2,4.438489267435739
9,-2,7.592997461381104
9,-2,4.197456293244262
9,-2,3.687252198845295
9,-2,4.755685922990133
9,-2,2.7035444039582917
9,-2,4.066680313396903
9,-2,1.6500000000000001
9,-2,4.31051352279485
9,-2,7.429057711134672
9,-2,20.34838195702313
9,-2,3.8890544085263525
9,-2,4.5503714678897005
9,-2,4.5746331189693095
9,-2,3.930339517168189
9,-2,4.859701861672526
9,-2,4.2542433596352724
9,-2,1.6500000000000001
9,-2,1.6500000000000001
9,-2,10.698442508313137
9,-2,11.185796547688842
9,-2,7.460018746506336
9,-2,12.865329029889423
9,-2,7.008342295092211
9,-2,4.590182112140014
9,-2,4.365159208487043
9,-2,5.504807789005588
9,-2,3.750476256246918
9,-2,11.196922728612726
9,-2,15.449550564672878
9,-2,9.009702272435346
9,-2,1.6500000000000001
9,-2,3.185503075963573
9,-2,4.176179234267206
9,-2,4.709623253254905
9,-2,1.6500000000000001
9,-2,2.3631775458441013
9,-2,1.6500000000000001
9,-2,6.662378913030786
9,-2,6.363975852126753
9,-2,3.914053884554463
9,-2,4.555246148995725
9,-2,5.547396438895835
9,-2,3.3469658233945707
9,-2,5.304114403412236
9,-2,1.6500000000000001
9,-2,4.769765676638174
9,-2,2.4284500573823675
9,-2,2.987461927427441
9,-2,5.714803276503439
9,-2,6.114674193465309
9,-2,4.961524275461345
9,-2,1.6500000000000001
9,-2,5.898928787287392
9,-2,4.705537650776551
10,-2,1.6500000000000001
10,-2,4.800528016261575
10,-2,5.7677418645850596
10,-2,1.6500000000000001
10,-2,1.6500000000000001
10,-2,6.994838079284341
10,-2,6.821071239979171
10,-2,3.8074834180100865
10,-2,1.8691934350728703
10,-2,7.028420575845994
10,-2,1.6500000000000001
10,-2,8.097942201841828
10,-2,7.074895239425282
10,-2,7.722284266010211
10,-2,1.6500000000000001
10,-2,5.488778184070254
10,-2,8.506807132292671
10,-2,3.2631182007049384
10,-2,1.6500000000000001
10,-2,7.47124615736535
10,-2,8.129878198558467
10,-2,8.448095789016659
10,-2,3.5449131473902717
10,-2,8.610488244240011
10,-2,5.25000487701864
10,-2,7.548250647318166
10,-2,3.764247283801467
10,-2,3.160847626752376
10,-2,14.00877665404786
10,-2,8.294702922498628
10,-2,5.173761790689075
10,-2,6.451751443786941
10,-2,1.982464434458901
10,-2,2.834603581176789
10,-2,6.306928580229137
10,-2,1.6500000000000001
10,-2,6.10700900940171
10,-2,4.19836989005541
10,-2,8.294055693760772
10,-2,5.859977501483919
10,-2,1.6500000000000001
10,-2,6.29435126217025
10,-2,2.3199290995034336
10,-2,6.656996046283439
10,-2,3.867317825962919
10,-2,5.989580841342935
10,-2,4.748567621440696
10,-2,5.88989751615313
10,-2,3.8933191306559864
10,-2,2.7645722436857456
10,-2,7.188081156475796
10,-2,4.522359009267115
10,-2,5.647047114524964
10,-2,6.71382583630292
10,-2,2.7166907833581533
10,-2,4.844445404748051
10,-2,1.6500000000000001
10,-2,1.6500000000000001
10,-2,4.911763891221439
10,-2,5.382430703319587
10,-2,4.249327932591948
10,-1,7.283530638117122
10,-1,1.6500000000000001
10,-1,5.850630905138454
10,-1,9.144472601372211
10,-1,11.860639200042666
10,-1,5.89367409033212
10,-1,3.9790997329692246
10,-1,6.097534670417315
10,-1,1.9920654651765735
10,-1,5.839089936267599
10,-1,7.636602860069044
10,-1,6.608775660745776
10,-1,8.08017412780307
10,-1,4.756566119756913
10,-1,3.1914632319196183
10,-1,4.884000484802341
10,-1,3.217803763287886
10,-1,2.8506189295903845
10,-1,7.648165023473141
10,-1,6.945187556609861
10,-1,2.5335234369772426
10,-1,1.6500000000000001
10,-1,7.172519922209744
10,-1,3.7742521995333496
10,-1,6.169403661381186
10,-1,7.200733629969099
10,-1,2.593075509453237
10,-1,8.001339543327854
10,-1,6.820962919136678
10,-1,5.9751400126034575
10,-1,2.8608156761976926
10,-1,2.2917009213419868
10,-1,3.3780319621976957
10,-1,1.6500000000000001
10,-1,1.6500000000000001
10,-1,8.505090063406668
10,-1,8.823698292769278
10,-1,4.94613631970706
10,-1,7.0821299344431665
10,-1,4.5885885425157005
10,-1,6.665920641311591
10,-1,1.6500000000000001
10,-1,9.233662962447731
10,-1,1.6500000000000001
10,-1,6.095947969849295
10,-1,5.984911721341672
10,-1,2.7359474735375313
10,-1,1.8744315568101895
10,-1,9.307059190133986
10,-1,2.1424819072626877
10,-1,1.6500000000000001
10,-1,3.9794995380215505
10,-1,1.6500000000000001
10,-1,3.0437012566779496
10,-1,4.603004455130732
10,-1,3.0573464535042665
10,-1,5.738025754769376
10,-1,8.045568972999893
10,-1,7.179338332758519
10,-1,10.961662602350238
10,-1,4.075025191581076
11,-1,2.219359748180407
11,-1,4.971069560743849
11,-1,2.169253473482884
11,-1,2.2282707116393548
11,-1,7.011430851577879
11,-1,2.673848398415037
11,-1,7.012639096034306
11,-1,1.6500000000000001
11,-1,1.6500000000000001
11,-1,3.7532746195392708
11,-1,5.10106953510842
11,-1,4.278816947107342
11,-1,5.62839063897322
11,-1,6.273624653386757
11,-1,3.2951096696184705
11,-1,2.9590904260270916
11,-1,1.807889027598026
11,-1,3.72662331888646
11,-1,5.456511841404643
11,-1,4.309292501983879
11,-1,3.3057880866277487
11,-1,1.9931708728045243
11,-1,6.325814901833542
11,-1,4.703986604202543
11,-1,4.935419505098048
11,-1,3.450363337108489
11,-1,4.821996253434963
11,-1,1.8683314410667773
11,-1,1.6500000000000001
11,-1,7.610788256317008
11,-1,7.8003662873479485
11,-1,4.993168169023768
11,-1,5.301424778042751
11,-1,3.1787654340495433
11,-1,4.63392504561782
11,-1,2.0033869866329694
11,-1,8.924098750525022
11,-1,8.035000499675718
11,-1,5.2519169203553195
11,-1,4.514011909174185
11,-1,3.6161306822416233
11,-1,5.178815812432375
11,-1,1.6500000000000001
11,-1,3.0869952413433186
11,-1,5.641007087849109
11,-1,1.6500000000000001
11,-1,4.135245555885003
11,-1,3.301130908115858
11,-1,9.478162325568885
11,-1,6.735521880339489
11,-1,1.6500000000000001
11,-1,7.893136593724744
11,-1,5.773197727958008
11,-1,3.4080582255878653
11,-1,6.1886473832516495
11,-1,4.500658200858196
11,-1,4.468200029710603
11,-1,1.6500000000000001
11,-1,7.5976999473701206
11,-1,7.940305330166526
11,0,6.783605973658869
11,0,14.655224160909057
11,0,8.330953228842093
11,0,1.6500000000000001
11,0,5.081494589937745
11,0,1.7877829598490464
11,0,1.6500000000000001
11,0,4.633850493948636
11,0,8.061986434037285
11,0,10.430854140380497
11,0,2.999494242501867
11,0,6.254938550889815
11,0,3.856181800034083
11,0,8.945235918944734
11,0,5.7109394587462745
11,0,2.7126278368755443
11,0,6.206449999620554
11,0,2.8801042329206146
11,0,3.0544172058458967
11,0,8.688759143400839
11,0,3.7534789523612293
11,0,9.8204754653217
11,0,1.6500000000000001
11,0,10.532199414508584
11,0,3.3430341247726583
11,0,3.0065660494945488
11,0,2.441567997601931
11,0,10.413817783086632
11,0,5.7376978533834455
11,0,1.9588293726969828
11,0,4.760887004799614
11,0,1.6500000000000001
11,0,6.398311210306556
11,0,10.973026233693307
11,0,10.14145538961435
11,0,4.604432553740585
11,0,5.27560138695684
11,0,8.410906647512949
11,0,1.6500000000000001
11,0,5.124405369857193
11,0,4.685692524434971
11,0,7.464121133260139
11,0,6.790099196635037
11,0,2.810744596457676
11,0,5.001565565491341
11,0,2.481754272872344
11,0,2.5132151889256997
11,0,9.730974127834807
11,0,5.089234046020556
11,0,9.97112297245259
11,0,6.074896428674096
11,0,7.2955103769779965
11,0,11.084238133946084
11,0,5.603615414250496
11,0,7.6351731550514375
11,0,5.176002297197026
11,0,3.1026363146225244
11,0,2.6521546188881535
11,0,8.92552450778733
11,0,2.8325023021046807
11,0,5.29194391515752
12,0,9.369841882055333
12,0,4.165977671401346
12,0,4.08756286574153
12,0,1.6500000000000001
12,0,8.686295592960603
12,0,4.285470451556366
12,0,13.748674117744317
12,0,5.175369527750986
12,0,9.460901541841832
12,0,2.7463013901419355
12,0,2.7991862743632634
12,0,3.113241323516675
12,0,10.252118221395293
12,0,3.7502896054961314
12,0,6.428210112557434
12,0,4.76472619580491
12,0,10.916769476511526
12,0,6.056534010468993
12,0,8.205183610529259
12,0,3.5360890394959967
12,0,5.669062629453387
12,0,5.053214173344761
12,0,1.6500000000000001
12,0,3.300402944230413
12,0,4.553433087507997
12,0,2.8740522812171685
12,0,1.6500000000000001
12,0,1.6500000000000001
12,0,6.805303309785309
12,0,10.199334603490568
12,0,10.693415006616112
12,0,6.262836917389698
12,0,5.63228370396785
12,0,2.0664315959331976
12,0,7.578200151509183
12,0,12.885557962314458
12,0,1.6805578531264533
12,0,2.48114881887371
12,0,5.588384032548779
12,0,2.416164973651269
12,0,10.049763915589605
12,0,1.6545896046800994
12,0,10.110299764382017
12,0,1.6500000000000001
12,0,2.1072756495694946
12,0,3.671554985985493
12,0,6.7705502531183965
12,0,4.691714382146122
12,0,7.319739947909951
12,0,1.6500000000000001
12,0,3.3809072347544955
12,0,11.691987231414135
12,0,2.376346743656963
12,0,6.00891980068468
12,0,7.716499964254944
12,0,4.053271470887298
12,0,9.532154271860922
12,0,6.021018554625784
12,0,4.582877120082084
12,0,12.111407621547798
12,1,3.185604460118129
12,1,2.9040223235119824
12,1,6.328931068944362
12,1,14.300447509742956
12,1,6.441005290682261
12,1,3.4719563590447335
12,1,6.216903210756689
12,1,1.6500000000000001
12,1,5.284364088284138
12,1,2.261087051196979
12,1,5.709833992477467
12,1,1.6500000000000001
12,1,7.175528221047249
12,1,6.791418015601551
12,1,6.81625282873361
12,1,1.6500000000000001
12,1,5.832524225931036
12,1,3.6598677497775127
12,1,7.979400607538204
12,1,2.0862965895959835
12,1,8.238160738780685
12,1,2.6917073999503356
12,1,4.563555849009237
12,1,3.2362936103900948
12,1,1.6500000000000001
12,1,2.2859542849166745
12,1,9.646259045489096
12,1,2.0016692155258626
12,1,1.8741611178723532
12,1,5.722332344532607
12,1,7.603154823210961
12,1,10.497694476415894
12,1,3.382767918195573
12,1,3.1996390654915077
12,1,1.6500000000000001
12,1,1.6500000000000001
12,1,4.381388870350256
12,1,6.56926510906226
12,1,3.91930369473074
12,1,4.04821668786809
12,1,5.567840646328616
12,1,4.1824307953328415
12,1,3.228734974570641
12,1,14.520519770865345
12,1,3.6241167501140494
12,1,3.4849878156287453
12,1,11.749974012178555
12,1,3.715517890675657
12,1,2.9085529839200226
12,1,4.949339721337993
12,1,1.6500000000000001
12,1,9.687358861227985
12,1,2.7211737760587575
12,1,9.242482952128274
12,1,6.438267628782693
12,1,11.762440224981145
12,1,4.481991894998099
12,1,4.655394140777889
12,1,1.6500000000000001
12,1,4.830153026654934
12,1,6.937049835356486
12,2,4.443818275071124
12,2,7.491531732508122
12,2,10.591258254960835
12,2,3.9787124566128984
12,2,7.822729536495553
12,2,1.6500000000000001
12,2,4.718302046261664
12,2,3.809752891956446
12,2,7.169260600018525
12,2,8.707272720162935
12,2,4.164799886192657
12,2,4.548596124848119
12,2,1.6500000000000001
12,2,8.422699424100749
12,2,5.46687406639775
12,2,1.6500000000000001
12,2,3.0281162939971056
12,2,15.573270101224976
12,2,2.3499926028362363
12,2,4.5042325793664775
12,2,5.555235465540024
12,2,7.184111407370798
12,2,1.6500000000000001
12,2,4.958623658073734
12,2,1.6500000000000001
12,2,1.958521011422935
12,2,6.514468117719586
12,2,9.666524115179447
12,2,2.8881741412620068
12,2,4.947581221289879
12,2,5.659444711714994
12,2,3.206601621342601
12,2,4.617452245023263
12,2,7.507308858824285
12,2,4.64487369125441
12,2,6.7365235669672225
12,2,1.6500000000000001
12,2,11.610026979969863
12,2,1.7094649799333115
12,2,4.190068121455093
12,2,10.262951615421258
12,2,5.083422839129328
12,2,1.9720038527074626
12,2,5.033111262211604
12,2,1.6500000000000001
12,2,1.6500000000000001
12,2,9.535716828175374
12,2,1.8537766293698412
12,2,3.2347704589412274
12,2,9.417108661896789
12,2,3.17009335030118
12,2,1.6500000000000001
12,2,10.444615384351788
12,2,3.7425130162791165
12,2,3.4977636719874514
12,2,3.740850173043677
12,2,4.284516222554293
12,2,2.3979539449707508
12,2,10.66821605870142
12,2,1.6500000000000001
12,2,9.812262444434063
13,2,5.339411008946304
13,2,7.238120730564062
13,2,1.6500000000000001
13,2,3.500341996418485
13,2,2.466623625543372
13,2,1.6500000000000001
13,2,5.487944539363591
13,2,4.216448294779398
13,2,6.186259805792697
13,2,2.5486883455452163
13,2,1.6500000000000001
13,2,7.016120755508923
13,2,3.6289705419969778
13,2,3.089426876624994
13,2,6.0843214002627235
13,2,6.243485812708842
13,2,1.6500000000000001
13,2,8.70398132024294
13,2,5.569296605291232
13,2,8.532824913713458
13,2,5.726926785608093
13,2,12.151300348973482
13,2,1.6500000000000001
13,2,8.277684203957708
13,2,2.080398242366104
13,2,4.49680802478974
13,2,4.178810603011903
13,2,12.319617665024921
13,2,2.919381044263738
13,2,14.127451828019066
13,2,4.523485214589844
13,2,3.2340198414579913
13,2,5.619785491078114
13,2,6.990540810977219
13,2,3.5747747437719943
13,2,4.519044636952136
13,2,9.427814079269476
13,2,1.6720529916305285
13,2,5.927233642182477
13,2,1.6500000000000001
13,2,14.89825436336988
13,2,5.695270945117358
13,2,1.7604928341856219
13,2,9.818124159647468
13,2,8.385896656968862
13,2,4.518813366816694
13,2,3.913302119770264
13,2,3.381405053504067
13,2,3.196815767844615
13,2,5.141135456264676
13,2,1.6500000000000001
13,2,6.862160922312705
13,2,5.426007399098896
13,2,2.9222446183492274
13,2,3.462641626256223
13,2,4.365530099078592
13,2,2.5492256267050726
13,2,7.136772747233107
13,2,5.206135983731814
13,2,7.945921449837429
13,3,3.0442190081505336
13,3,3.9721325525623348
13,3,9.997028379597014
13,3,7.95869841813454
13,3,6.631128174051939
13,3,5.969714227874426
13,3,1.6500000000000001
13,3,1.6500000000000001
13,3,5.016818652782212
13,3,1.6500000000000001
13,3,11.133964091543795
13,3,4.497282392438505
13,3,1.6500000000000001
13,3,2.5960253839802125
13,3,4.476169638998593
13,3,1.6500000000000001
13,3,11.232088255319653
13,3,1.6500000000000001
13,3,2.4396440794921896
13,3,3.16255390734601
13,3,4.589606682936656
13,3,2.483709368390011
13,3,5.977535830798989
13,3,7.568649686521828
13,3,14.3384283496598
13,3,5.659385962325522
13,3,2.966835144068036
13,3,6.956661384468952
13,3,3.8995900115978492
13,3,6.102370272254654
13,3,1.6500000000000001
13,3,1.6500000000000001
13,3,2.095839955692927
13,3,5.183895859305546
13,3,1.6500000000000001
13,3,5.050231539459486
13,3,1.6500000000000001
13,3,5.461816737006202
13,3,2.321742113230409
13,3,1.6500000000000001
13,3,1.6500000000000001
13,3,2.3781493991727056
13,3,7.144537415016736
13,3,1.7353897032705483
13,3,3.067536167511947
13,3,1.6900812273855759
13,3,5.619870005260783
13,3,5.187507037394708
13,3,1.6500000000000001
13,3,8.499755132177675
13,3,1.8542953350714577
13,3,4.918109178295742
13,3,4.279042363786483
13,3,7.194021455695266
13,3,4.595234955882569
13,3,2.4580892076315917
13,3,2.5557041004865866
13,3,8.068515469242449
13,3,9.278959912333352
13,3,6.999995754315465
13,3,11.25099536508483
12,3,7.393691201332219
12,3,2.948394401022165
12,3,3.804917684315862
12,3,2.593184935708686
12,3,1.6500000000000001
12,3,6.3431597779413895
12,3,1.6500000000000001
12,3,8.272667614905826
12,3,3.480998150539596
12,3,6.78522463670552
12,3,2.7267497575418647
12,3,1.6500000000000001
12,3,6.791297266795814
12,3,6.366715614991065
12,3,5.166326537808706
12,3,1.954970087243082
12,3,3.641478394436506
12,3,5.880197016007904
12,3,1.6878225323694604
12,3,1.7961435586239864
12,3,9.798453790112113
12,3,5.922930055955795
12,3,6.266588699649823
12,3,1.6500000000000001
12,3,4.11104051053279
12,3,2.666579078089323
12,3,6.062633338561361
12,3,4.032810216626141
12,3,3.506603823824516
12,3,2.0883561029544833
12,3,5.041803916814161
12,3,8.892702791927928
12,3,3.7580411978513792
12,3,10.207067509394552
12,3,4.918492660317346
12,3,2.9205673995817514
12,3,5.796200945508064
12,3,6.649454159342952
12,3,4.767668475647723
12,3,10.490729152849287
12,3,3.806110675442035
12,3,4.340467353753549
12,3,2.1096400369623254
12,3,3.6117939068855027
12,3,8.933227596496938
12,3,4.596949928306199
12,3,11.213820922133173
12,3,3.94514195128144
12,3,7.495536461503038
12,3,2.1840933853502436
12,3,3.6721639991573287
12,3,1.6500000000000001
12,3,5.294797153630314
12,3,2.5663798979827916
12,3,4.818085934598416
12,3,2.512582727055973
12,3,1.7220870111911872
12,3,6.036186855133394
12,3,5.913339019041377
12,3,5.856823658764505
12,4,11.745618269315193
12,4,10.219110477639882
12,4,1.6500000000000001
12,4,7.943673239390707
12,4,4.5315012145441855
12,4,4.426207678301605
12,4,3.8465749295800293
12,4,10.322937229953443
12,4,2.540815609430717
12,4,10.143721621953961
12,4,3.4550063059518976
12,4,6.860554000853336
12,4,6.745301310673618
12,4,4.220741310761657
12,4,18.253467792838897
12,4,8.796926332294312
12,4,4.53074396498721
12,4,11.300709692768098
12,4,11.701824586433602
12,4,7.252936854792152
12,4,1.6500000000000001
12,4,2.6548913425185
12,4,1.6500000000000001
12,4,4.004539520767976
12,4,5.529665132503981
12,4,6.560351915979892
12,4,1.6500000000000001
12,4,5.132333715157881
12,4,7.224114074030018
12,4,4.90830903898393
12,4,7.433538686040392
12,4,2.1029631426936692
12,4,2.281943158311705
12,4,6.793538734023329
12,4,9.453340174970293
12,4,5.061164903346635
12,4,1.6500000000000001
12,4,1.6500000000000001
12,4,5.080303279978362
12,4,3.9689316895388194
12,4,1.838832757095538
12,4,1.6500000000000001
12,4,8.202424011373997
12,4,5.229047330362323
12,4,12.119445870409898
12,4,4.400630188948519
12,4,10.125063122023322
12,4,10.860474168039083
12,4,1.6500000000000001
12,4,3.504899030660315
12,4,1.861668066716656
12,4,1.8941185234760318
12,4,5.465840538368445
12,4,8.94643646734947
12,4,2.785301591243513
12,4,1.6500000000000001
12,4,5.629375005317099
12,4,4.292643870218734
12,4,4.02203243294322
12,4,4.98553636468648
12,4,5.02120801474868
13,4,12.653803223458443
13,4,1.6500000000000001
13,4,6.435495114928302
13,4,2.9760876743606013
13,4,1.6500000000000001
13,4,1.6500000000000001
13,4,3.9423437213737773
13,4,8.165042671132447
13,4,1.6500000000000001
13,4,1.6500000000000001
13,4,4.611786998395977
13,4,4.857934500985214
13,4,2.400868981905986
13,4,1.6500000000000001
13,4,1.6500000000000001
13,4,1.690486579200024
13,4,1.6500000000000001
13,4,1.6500000000000001
13,4,12.962838830266575
13,4,5.212431518481335
13,4,1.66637508928845
13,4,5.447794870668092
13,4,1.6500000000000001
13,4,5.008472093733295
13,4,1.6500000000000001
13,4,1.6500000000000001
13,4,5.055323843658083
13,4,1.6500000000000001
13,4,1.6500000000000001
13,4,3.526591347668906
13,4,1.7071348204707162
13,4,2.169664803481406
13,4,9.31209898167426
13,4,1.6500000000000001
13,4,5.7850742493644525
13,4,1.6500000000000001
13,4,1.6500000000000001
13,4,3.7755522531621315
13,4,1.6500000000000001
13,4,5.98503626298821
13,4,1.6500000000000001
13,4,3.342555832255801
13,4,1.6500000000000001
13,4,6.5969077197667785
13,4,1.6500000000000001
13,4,3.4796306299661346
13,4,1.6500000000000001
13,4,6.368322437163776
13,4,5.5523816821729985
13,4,3.512325077969283
13,4,9.428421629302777
13,4,6.115003467074599
13,4,7.201758743712365
13,4,4.595126149209278
13,4,2.7083563178097583
13,4,2.5636594431543522
13,4,3.323629636810339
13,4,1.6500000000000001
13,4,3.0361922449309975
13,4,6.184591617241236
13,4,1.6500000000000001
12,4,6.548367549581705
12,4,1.6500000000000001
12,4,3.677438491324235
12,4,3.1423824441566683
12,4,13.310073937064736
12,4,8.829007070023671
12,4,7.215849517659402
12,4,1.6500000000000001
12,4,6.006537518510921
12,4,2.4652516295519282
12,4,8.34724505989102
12,4,3.7988437823193326
12,4,9.770421225118458
12,4,2.95359089401268
12,4,8.147080547728674
12,4,8.024540967247699
12,4,8.861689885783269
12,4,4.982029209227296
12,4,11.965287107279359
12,4,7.159255536156544
12,4,8.8154250987943
12,4,6.173152789105784
12,4,2.797478330540499
12,4,4.882545792528928
12,4,4.85387786754699
12,4,3.5253019356766955
12,4,6.378142337839888
12,4,7.95282941764364
12,4,5.0344969565549444
12,4,4.09660429982966
12,4,2.493199044834263
12,4,6.962370485082575
12,4,1.6500000000000001
12,4,6.242716202524125
12,4,1.6500000000000001
12,4,5.403633552801583
12,4,1.6500000000000001
12,4,3.5867583753699064
12,4,5.78324694875398
12,4,2.611747667578392
12,4,7.17543854898026
12,4,5.621669280535957
12,4,3.179037444480119
12,4,7.386859164265903
12,4,2.272756659180599
12,4,6.016669947085554
12,4,4.243069119827275
12,4,4.785208625253821
12,4,5.283152415975473
12,4,1.6500000000000001
12,4,1.6500000000000001
12,4,5.13458389601987
12,4,5.018149214555785
12,4,5.108712513668671
12,4,1.6500000000000001
12,4,4.5838939689968035
12,4,11.725983414912747
12,4,1.6500000000000001
12,4,1.6500000000000001
12,4,7.493191463344921
12,5,5.871428153181179
12,5,1.6500000000000001
12,5,6.7610988215003
12,5,4.157221735109607
12,5,2.758851165483189
12,5,10.228025218653844
12,5,9.584076873359827
12,5,4.120250848145163
12,5,1.6500000000000001
12,5,4.464164978421037
12,5,1.9974455502926394
12,5,3.3469117271451756
12,5,3.8679230623891456
12,5,14.197447018184944
12,5,2.9563116704224757
12,5,1.6500000000000001
12,5,1.6500000000000001
12,5,1.6500000000000001
12,5,9.425599270661728
12,5,6.930874096369376
12,5,3.682828956255986
12,5,6.823277353182663
12,5,1.6500000000000001
12,5,2.530344957096289
12,5,4.973341594389742
12,5,1.6500000000000001
12,5,2.171955502129309
12,5,7.07240312969132
12,5,1.8083466472021457
12,5,7.5860177922523695
12,5,5.067401429774673
12,5,3.7913213729502084
12,5,8.201320871209512
12,5,8.205979083618953
12,5,2.718055628526346
12,5,1.8154042004100086
12,5,3.856358208423207
12,5,1.6500000000000001
12,5,3.9799827192541297
12,5,2.4343886601932487
12,5,1.6500000000000001
12,5,3.799757862782732
12,5,7.1445696968608585
12,5,8.629972176308716
12,5,8.470951445121313
12,5,5.858464387162505
12,5,4.707714183693726
12,5,6.5490099066600695
12,5,2.0432292475701894
12,5,1.6500000000000001
12,5,5.987138586354472
12,5,6.072732537199908
12,5,4.843402597528441
12,5,6.780778697259739
12,5,7.279639151194319
12,5,3.3734054073379816
12,5,1.848056076292973
12,5,3.7811865734954107
12,5,6.847183781251232
12,5,3.5508395576833904
12,5,5.435456266242946
13,5,1.6500000000000001
13,5,2.9917863684219577
13,5,9.337148603298392
13,5,3.973814008714025
13,5,3.86657590126054
13,5,7.704372855011504
13,5,3.106470860678346
13,5,10.942661898712997
13,5,1.6500000000000001
13,5,9.07721419514765
13,5,1.6500000000000001
13,5,3.1894151537910904
13,5,2.329582870456469
13,5,3.7488342966141386
13,5,4.396431313734322
13,5,4.263707527657403
13,5,5.716379075916061
13,5,3.221361875211927
13,5,3.8516231759273296
13,5,13.381406906773716
13,5,3.5420385063441686
13,5,1.6500000000000001
13,5,4.987190859301194
13,5,1.6500000000000001
13,5,7.293797504568239
13,5,2.430991519970443
13,5,6.377527203943197
13,5,4.646758431135275
13,5,13.910649750916614
13,5,1.6500000000000001
13,5,8.560425339493385
13,5,2.240652286275737
13,5,6.296157874622358
13,5,1.6500000000000001
13,5,4.188566846336597
13,5,10.055481277801636
13,5,8.814429606735404
13,5,9.091838552282212
13,5,4.374105448077186
13,5,1.6500000000000001
13,5,9.138097069409152
13,5,1.6500000000000001
13,5,2.143156161895459
13,5,2.605983183257362
13,5,12.734529820119825
13,5,2.8481802763749653
13,5,4.785381736613611
13,5,12.471496507625744
13,5,4.758290414527908
13,5,9.412568702201678
13,5,1.6500000000000001
13,5,3.583304489892265
13,5,5.144044551195979
13,5,3.4111990655803575
13,5,16.88584728437502
13,5,3.373520846754089
13,5,14.056855420101304
13,5,2.347293908948809
13,5,4.17990240103672
13,5,5.338224065508484
14,5,4.310759062767271
14,5,3.6936976739904965
14,5,5.116068027463292
14,5,2.6856611875270766
14,5,5.985272675124581
14,5,1.6500000000000001
14,5,2.292396982684079
14,5,5.553773307497452
14,5,3.777097131414116
14,5,6.906616320511948
14,5,6.183259221712453
14,5,1.6500000000000001
14,5,1.6500000000000001
14,5,5.182215603643614
14,5,1.8494011693397
14,5,1.6500000000000001
14,5,10.741115880977153
14,5,7.853508202741035
14,5,1.6500000000000001
14,5,5.596370533602901
14,5,3.1900605428733813
14,5,1.6500000000000001
14,5,1.6500000000000001
14,5,1.6500000000000001
14,5,3.0604300942097127
14,5,2.017985920376511
14,5,1.9857175191132113
14,5,3.8465140392405077
14,5,1.6500000000000001
14,5,1.6500000000000001
14,5,1.6500000000000001
14,5,1.6500000000000001
14,5,6.84018061391871
14,5,4.263441393175523
14,5,3.329094547173338
14,5,6.415362600084815
14,5,9.228713201297584
14,5,1.6500000000000001
14,5,4.200100457980123
14,5,3.588914948450717
14,5,6.960399512055257
14,5,4.354131414053645
14,5,5.5297507677198094
14,5,6.901085835774175
14,5,3.423146810609463
14,5,3.059518378111155
14,5,3.179557254959694
14,5,2.427843080720703
14,5,6.31056538718123
14,5,1.6500000000000001
14,5,1.6500000000000001
14,5,4.338825147240382
14,5,1.6500000000000001
14,5,2.9963164990737288
14,5,1.6500000000000001
14,5,1.6500000000000001
14,5,2.1864089433083813
14,5,5.794927330028884
14,5,1.6500000000000001
14,5,1.6500000000000001
14,5,1.6500000000000001
13,5,1.7330551022297191
13,5,4.2987739793568895
13,5,5.558192061176669
13,5,1.6500000000000001
13,5,4.280912156706302
13,5,2.3139785342337165
13,5,11.520495569175502
13,5,6.92451158836807
13,5,2.6231248832139653
13,5,9.176184247040482
13,5,7.075832248506353
13,5,1.6500000000000001
13,5,3.2469949521172716
13,5,4.177779789905801
13,5,4.588617934531866
13,5,8.1669319861854
13,5,2.3296632995056594
13,5,9.3181232538016
13,5,1.6500000000000001
13,5,3.7344737833106727
13,5,1.6500000000000001
13,5,3.237649783205279
13,5,4.989705930638793
13,5,2.3053905907582983
13,5,2.1344753055046883
13,5,2.5758049665037803
13,5,4.288625235939597
13,5,3.5981237735342226
13,5,5.95006676779962
13,5,1.6500000000000001
13,5,1.6500000000000001
13,5,1.6500000000000001
13,5,8.918878574703372
13,5,6.532423584080425
13,5,3.4646471817078863
13,5,4.145621360916907
13,5,4.23721139660155
13,5,1.7457750056955599
13,5,4.087847302129978
13,5,2.1756782746620975
13,5,1.6500000000000001
13,5,1.6500000000000001
13,5,6.308054849035994
13,5,1.6500000000000001
13,5,6.5388680721445525
13,5,13.240486099900263
13,5,1.6500000000000001
13,5,5.825092224896105
13,5,6.279667895058918
13,5,3.801430344738571
13,5,5.437137011473762
13,5,6.437891606367382
13,5,4.907790148230408
13,5,10.584776566721303
13,5,8.621470691446117
13,5,1.6500000000000001
13,5,3.57751908594034
13,5,3.409056847911608
13,5,2.6423807954886276
13,5,1.6500000000000001
13,5,6.11313087193102
13,4,4.910144253808302
13,4,3.4221555225027425
13,4,1.6500000000000001
13,4,12.515265973029932
13,4,3.712629993158251
13,4,4.537534666097469
13,4,2.289657660739829
13,4,1.6500000000000001
13,4,7.099434468763429
13,4,1.6500000000000001
13,4,1.6500000000000001
13,4,4.826945684946146
13,4,9.26684499122749
13,4,1.7837254939499632
13,4,7.881835722696172
13,4,8.248881343030986
13,4,9.067279058621473
13,4,4.560749903540964
13,4,1.6500000000000001
13,4,4.617328189475279
13,4,4.367062593463425
13,4,1.6500000000000001
13,4,1.9027626585629729
13,4,8.7907738447909
13,4,7.594875774617456
13,4,2.024780901319141
13,4,12.308927025213263
13,4,5.412019745759138
13,4,8.792480641206204
13,4,3.874556545174852
13,4,1.6500000000000001
13,4,6.119931145615803
13,4,3.8579100785102503
13,4,5.899880221802717
13,4,2.5022988071135863
13,4,1.6500000000000001
13,4,1.6500000000000001
13,4,3.090055464385296
13,4,1.6500000000000001
13,4,4.221474636023645
13,4,4.239152099601426
13,4,8.251761499204274
13,4,5.493744802057286
13,4,1.6500000000000001
13,4,7.82757172590397
13,4,1.6500000000000001
13,4,4.461242457703086
13,4,6.546546928147964
13,4,1.6500000000000001
13,4,1.6500000000000001
13,4,1.6500000000000001
13,4,4.119847727358355
13,4,4.0755381065666905
13,4,2.6461102224374544
13,4,1.6500000000000001
13,4,4.723553617997611
13,4,3.520467651574208
13,4,9.026782458355697
13,4,4.632049190722139
13,4,5.223206441760102
14,4,3.1687944624453404
14,4,6.748845393185915
14,4,7.105876998320198
14,4,6.028588542461423
14,4,3.8880119451402293
14,4,1.6500000000000001
14,4,1.6500000000000001
14,4,1.6500000000000001
14,4,13.225613029679508
14,4,3.813202590386701
14,4,1.6500000000000001
14,4,5.320543080089224
14,4,2.4103724735702676
14,4,5.65921243330449
14,4,2.439560695689005
14,4,1.6500000000000001
14,4,6.777321463873159
14,4,5.457672841663975
14,4,3.453824220790878
14,4,8.360972289118644
14,4,6.120294512313044
14,4,3.2305912689558864
14,4,2.9153934139857727
14,4,1.6500000000000001
14,4,5.1927150429729565
14,4,6.863608652612345
14,4,1.6500000000000001
14,4,1.6500000000000001
14,4,6.10802147384266
14,4,1.6500000000000001
14,4,4.630820647243874
14,4,3.685589315527864
14,4,11.616374415539791
14,4,7.02136736531248
14,4,1.6500000000000001
14,4,1.6500000000000001
14,4,2.826083080138188
14,4,1.6500000000000001
14,4,5.75407762704849
14,4,5.419657907466123
14,4,5.8911183661138065
14,4,3.657256829236717
14,4,3.4286258146368134
14,4,1.6500000000000001
14,4,7.964302752715771
14,4,3.6225133473288134
14,4,8.071931735908734
14,4,8.824957684638253
14,4,2.5236408830550854
14,4,2.2044754682245657
14,4,3.990378550817286
14,4,4.297984407350499
14,4,5.804028873436027
14,4,1.6500000000000001
14,4,1.8560363995123343
14,4,5.806333291784675
14,4,16.073118461821608
14,4,5.476337467965156
14,4,1.6500000000000001
14,4,5.818093118962759
14,4,1.6500000000000001
14,5,3.9721894808716725
14,5,3.760921840511985
14,5,1.7647741724885693
14,5,1.6500000000000001
14,5,1.8582267734364888
14,5,1.6500000000000001
14,5,6.29922389945292
14,5,1.7300875682701027
14,5,2.3762577566766834
14,5,5.106139732741141
14,5,1.6500000000000001
14,5,1.6500000000000001
14,5,3.5573268578221438
14,5,1.6500000000000001
14,5,10.539804542127728
14,5,5.381500986565506
14,5,1.738778183901372
14,5,4.359627078686358
14,5,1.947741915558371
14,5,9.288283191070699
14,5,4.733160194716637
14,5,3.543580561037704
14,5,1.6500000000000001
14,5,5.959644791460187
14,5,3.9895560949747986
14,5,1.8190410611017
14,5,4.970480782958711
14,5,1.6500000000000001
14,5,6.262372648170222
14,5,2.706503915586671
14,5,1.6500000000000001
14,5,9.027449319016453
14,5,9.254994043136938
14,5,1.6500000000000001
14,5,2.3328925197554216
14,5,1.6500000000000001
14,5,1.6500000000000001
14,5,2.2980014039365453
14,5,1.6500000000000001
14,5,1.6500000000000001
14,5,5.968041546366492
14,5,1.6500000000000001
14,5,4.6559157479126085
14,5,1.8730191857658613
14,5,3.6118034127704663
14,5,6.315192463756743
14,5,1.6500000000000001
14,5,1.7075485917464426
14,5,2.8862338213367362
14,5,7.664406684902181
14,5,10.129521990588888
14,5,1.6500000000000001
14,5,1.6500000000000001
14,5,2.1012743530733204
14,5,8.80549474064674
14,5,2.8535935595159083
14,5,5.952379714491099
14,5,2.83745415598353
14,5,2.154302767334579
14,5,11.59095218592414
14,5,1.6500000000000001
15,5,1.7536969111753848
15,5,7.553083843343607
15,5,2.660906301072064
15,5,2.084060204358827
15,5,1.6500000000000001
15,5,6.414025163333246
15,5,2.787516825611457
15,5,1.8878307743714187
15,5,4.290231986145027
15,5,4.720756168641561
15,5,4.048964312701625
15,5,2.9415361072627073
15,5,1.6500000000000001
15,5,7.4629017753062765
15,5,1.6500000000000001
15,5,1.6500000000000001
15,5,9.863608480907903
15,5,4.165564380724829
15,5,1.6500000000000001
15,5,1.896646859310227
15,5,3.880683525332194
15,5,2.082395562044425
15,5,10.938542529905675
15,5,1.6500000000000001
15,5,1.6500000000000001
15,5,4.811263313580326
15,5,8.729171637679585
15,5,5.337855251313378
15,5,1.6516302905785092
15,5,1.6500000000000001
15,5,4.26725062830093
15,5,6.561143003886611
15,5,1.7940581740658108
15,5,2.4065981825370546
15,5,2.74640236885946
15,5,2.3861211196271683
15,5,1.6500000000000001
15,5,3.091359405113538
15,5,4.955643843129273
15,5,1.6500000000000001
15,5,6.33631614408692
15,5,2.6256074675872023
15,5,4.932323453957456
15,5,7.7764465745611515
15,5,1.6500000000000001
15,5,1.6500000000000001
15,5,6.570180273658948
15,5,1.6500000000000001
15,5,1.6500000000000001
15,5,5.854830065692154
15,5,1.6500000000000001
15,5,6.329051437710074
15,5,1.6500000000000001
15,5,1.6500000000000001
15,5,11.02907491174185
15,5,2.019076437574211
15,5,2.7008024466061893
15,5,2.103380113596809
15,5,1.6500000000000001
15,5,3.37726167564784
16,5,5.333296603947124
16,5,1.6500000000000001
16,5,7.849591388249893
16,5,2.184567390929169
16,5,1.9824421804827046
16,5,1.6500000000000001
16,5,4.410229058300635
16,5,4.894570308921385
16,5,1.6500000000000001
16,5,2.5482170564766733
16,5,9.948341686161395
16,5,5.27589155225208
16,5,3.4628476970152176
16,5,1.6500000000000001
16,5,3.74286776779976
16,5,1.6500000000000001
16,5,6.0581732906247225
16,5,5.896937788393437
16,5,1.9021942320386582
16,5,3.2401547079739745
16,5,5.412490064776485
16,5,2.3884035802504124
16,5,4.468306608076629
16,5,6.917249078739296
16,5,1.6500000000000001
16,5,1.6500000000000001
16,5,3.147821553872732
16,5,2.077356749569688
16,5,3.352092586563903
16,5,1.8926742745939549
16,5,1.8309048362974396
16,5,1.6500000000000001
16,5,3.7786057430587725
16,5,1.6500000000000001
16,5,2.077758723100081
16,5,1.842323890324812
16,5,2.9647546545412666
16,5,7.514368608167883
16,5,1.6500000000000001
16,5,3.8846578887999064
16,5,9.867852740432301
16,5,3.7698949809939664
16,5,1.6500000000000001
16,5,5.172223313872366
16,5,4.287988399703622
16,5,1.6500000000000001
16,5,2.4028405666322294
16,5,5.675261748115883
16,5,1.6500000000000001
16,5,2.550506724304195
16,5,1.6500000000000001
16,5,4.58527807597794
16,5,2.9166925286732575
16,5,1.6500000000000001
16,5,1.6500000000000001
16,5,3.289617939975764
16,5,3.173852789749767
16,5,3.390486458866824
16,5,1.6500000000000001
16,5,1.8280907544792557
16,5,3.7017418559984963
17,5,3.1229372266325024
17,5,2.5781584395331314
17,5,1.6500000000000001
17,5,3.2398336645534997
17,5,1.6500000000000001
17,5,4.325417036945789
17,5,3.5785488159976016
17,5,1.9402640444022703
17,5,1.6500000000000001
17,5,1.7451349961612699
17,5,1.6500000000000001
17,5,1.6500000000000001
17,5,6.943024668269742
17,5,1.6500000000000001
17,5,1.9587563809585415
17,5,4.295828560530542
17,5,1.6500000000000001
17,5,3.2474647101618395
17,5,1.6500000000000001
17,5,6.479809875313061
17,5,2.16623922290546
17,5,3.1324421083766927
17,5,5.084005081694116
17,5,1.6500000000000001
17,5,4.190716493288752
17,5,1.9441142187708425
17,5,16.105523533120646
17,5,1.6500000000000001
17,5,8.547752698816993
17,5,1.6500000000000001
17,5,2.0913289671291757
17,5,2.33772673282136
17,5,1.6500000000000001
17,5,1.6500000000000001
17,5,9.438261191298782
17,5,1.6500000000000001
17,5,4.503066538631702
17,5,1.6500000000000001
17,5,1.6500000000000001
17,5,1.6500000000000001
17,5,1.6500000000000001
17,5,2.6474104905403406
17,5,6.616345593913492
17,5,1.6500000000000001
17,5,4.433680853251753
17,5,4.415523958194173
17,5,1.6500000000000001
17,5,1.6500000000000001
17,5,1.6500000000000001
17,5,1.6500000000000001
17,5,8.433284358860568
17,5,1.6500000000000001
17,5,1.6500000000000001
17,5,4.407257814123853
17,5,7.751930172597249
17,5,1.7019458553658082
17,5,10.582867016623537
17,5,1.693877510954509
17,5,7.251985996629536
17,5,1.6500000000000001
18,5,6.724714426656224
18,5,2.160352542073368
18,5,4.62926991445886
18,5,1.6500000000000001
18,5,6.392774418019944
18,5,2.7791191035418548
18,5,1.6500000000000001
18,5,1.6500000000000001
18,5,1.6500000000000001
18,5,8.92665016312285
18,5,3.0389628572718514
18,5,2.787710454368358
18,5,5.429525873400603
18,5,7.926106919390695
18,5,2.1742348009443786
18,5,1.6500000000000001
18,5,1.6500000000000001
18,5,1.6500000000000001
18,5,1.6500000000000001
18,5,2.075661758749783
18,5,1.6500000000000001
18,5,1.6500000000000001
18,5,1.6500000000000001
18,5,3.092192577615876
18,5,11.408753520495797
18,5,1.6500000000000001
18,5,1.6500000000000001
18,5,1.6500000000000001
18,5,1.6500000000000001
18,5,1.6500000000000001
18,5,1.6500000000000001
18,5,1.6500000000000001
18,5,2.6259884325775604
18,5,1.6500000000000001
18,5,1.6500000000000001
18,5,1.6500000000000001
18,5,1.6500000000000001
18,5,1.6500000000000001
18,5,5.4084353203126545
18,5,2.2800471564957796
18,5,2.9728288847468542
18,5,1.6500000000000001
18,5,1.6500000000000001
18,5,8.75496140800248
18,5,1.6500000000000001
18,5,2.4623528753734067
18,5,1.6500000000000001
18,5,1.6500000000000001
18,5,4.13257470799669
18,5,4.084610101712904
18,5,3.1957891227372794
18,5,1.6500000000000001
18,5,1.6500000000000001
18,5,2.058882124045332
18,5,4.316685436260251
18,5,1.6500000000000001
18,5,4.760369852081352
18,5,1.6500000000000001
18,5,3.671708725490953
18,5,8.44997556870426
18,5,2.3005536134487707
18,6,3.3581854103021263
18,6,1.6500000000000001
18,6,1.6500000000000001
18,6,7.271906593805565
18,6,1.6500000000000001
18,6,8.755276475563402
18,6,1.6500000000000001
18,6,3.457829507251815
18,6,1.6500000000000001
18,6,1.6500000000000001
18,6,1.6500000000000001
18,6,4.120227054931638
18,6,1.6500000000000001
18,6,6.6780701537431755
18,6,2.8706997582450438
18,6,1.6500000000000001
18,6,3.191420332449853
18,6,6.170990183777501
18,6,2.3630739500322075
18,6,1.6500000000000001
18,6,9.374289170517592
18,6,3.263592738554063
18,6,1.6500000000000001
18,6,1.6500000000000001
18,6,4.04128453810521
18,6,1.6500000000000001
18,6,5.750803138273407
18,6,1.6500000000000001
18,6,6.1279705756244365
18,6,3.4706826005822484
18,6,7.9753651494162385
18,6,1.6500000000000001
18,6,1.6500000000000001
18,6,1.6500000000000001
18,6,1.6500000000000001
18,6,6.132736911577274
18,6,2.69019974586762
18,6,3.261017338798842
18,6,6.171126560392231
18,6,3.354084257364799
18,6,2.500369924847657
18,6,3.0965481807638415
18,6,5.542354726744734
18,6,4.672838417709701
18,6,1.6500000000000001
18,6,5.273972857750916
18,6,1.6500000000000001
18,6,1.6500000000000001
18,6,1.6500000000000001
18,6,1.6500000000000001
18,6,1.6500000000000001
18,6,2.586713905849512
18,6,1.6500000000000001
18,6,4.632776856960017
18,6,3.395439244176495
18,6,1.6500000000000001
18,6,4.086654932799602
18,6,1.6500000000000001
18,6,1.6500000000000001
18,6,1.6500000000000001
18,6,1.6500000000000001
18,7,1.6500000000000001
18,7,1.6500000000000001
18,7,5.714254343864932
18,7,3.176647797410051
18,7,3.4372050730175334
18,7,4.70133125798143
18,7,4.002759153562329
18,7,2.4850828238390514
18,7,6.032759925557263
18,7,1.6500000000000001
18,7,12.493638737217784
18,7,1.6500000000000001
18,7,16.195737204349086
18,7,1.6500000000000001
18,7,3.499548291783804
18,7,1.6500000000000001
18,7,1.6500000000000001
18,7,2.2876955055575787
18,7,2.48758934015218
18,7,8.25964492334358
18,7,1.6500000000000001
18,7,1.6500000000000001
18,7,3.2541701198111146
18,7,1.6500000000000001
18,7,3.142990192488489
18,7,1.7212400582646477
18,7,1.6500000000000001
18,7,4.4999491454094915
18,7,4.200254108801395
18,7,1.6500000000000001
18,7,3.0084216339060066
18,7,1.6500000000000001
18,7,1.6500000000000001
18,7,1.6500000000000001
18,7,6.488582890148111
18,7,3.0560296370822746
18,7,1.6500000000000001
18,7,1.6500000000000001
18,7,2.111927600314367
18,7,1.6500000000000001
18,7,9.609986114304508
18,7,1.6500000000000001
18,7,1.6500000000000001
18,7,1.6500000000000001
18,7,6.289493943715856
18,7,2.652245208924736
18,7,1.6500000000000001
18,7,4.622572224221297
18,7,1.6500000000000001
18,7,7.32875403925146
18,7,8.344205408699725
18,7,2.028028748106228
18,7,3.411989155987345
18,7,5.513460664022972
18,7,4.020445654635536
18,7,2.027667654455816
18,7,4.019635747354378
18,7,1.6500000000000001
18,7,2.897801920529396
18,7,1.6692770298033772
18,8,1.6500000000000001
18,8,1.8927162592108868
18,8,6.134868342621661
18,8,1.6500000000000001
18,8,1.6500000000000001
18,8,1.994424508884243
18,8,1.6500000000000001
18,8,1.6500000000000001
18,8,5.780196093578741
18,8,1.6500000000000001
18,8,1.6500000000000001
18,8,1.6500000000000001
18,8,2.8467755129397285
18,8,2.98765015505591
18,8,1.6500000000000001
18,8,1.6500000000000001
18,8,9.253694214982257
18,8,1.6500000000000001
18,8,1.6500000000000001
18,8,1.6500000000000001
18,8,1.8749334397178934
18,8,9.735744266575765
18,8,6.112632907402649
18,8,1.6500000000000001
18,8,5.022253043201506
18,8,2.4402691666863507
18,8,1.6500000000000001
18,8,1.6500000000000001
18,8,3.7005589012063167
18,8,1.6500000000000001
18,8,1.9717267735507598
18,8,1.6500000000000001
18,8,1.6500000000000001
18,8,7.849480769612451
18,8,1.7716085265806671
18,8,1.6500000000000001
18,8,2.309388935661254
18,8,1.6500000000000001
18,8,3.8597175803073354
18,8,1.6500000000000001
18,8,8.799256330336183
18,8,3.3318897042263047
18,8,1.6500000000000001
18,8,1.6500000000000001
18,8,4.395150312232214
18,8,1.6500000000000001
18,8,1.6500000000000001
18,8,1.9068234863682885
18,8,1.6500000000000001
18,8,1.6500000000000001
18,8,1.6500000000000001
18,8,10.580165288175555
18,8,7.841705886237661
18,8,1.6500000000000001
18,8,1.6500000000000001
18,8,1.6500000000000001
18,8,1.6500000000000001
18,8,1.6500000000000001
18,8,2.4088032795750087
18,8,8.65131543994848
18,8,1.6500000000000001
19,8,4.823571928519332
19,8,5.563968687834187
19,8,2.195513286299479
19,8,1.6500000000000001
19,8,1.6500000000000001
19,8,2.800482329772423
19,8,3.3781438773580357
19,8,1.6500000000000001
19,8,1.6500000000000001
19,8,1.6500000000000001
19,8,1.6500000000000001
19,8,3.126803288609431
19,8,6.112638825477523
19,8,1.6500000000000001
19,8,1.6500000000000001
19,8,1.6500000000000001
19,8,1.6500000000000001
19,8,1.6500000000000001
19,8,1.6500000000000001
19,8,1.6500000000000001
19,8,5.52010889317013
19,8,1.6500000000000001
19,8,1.6500000000000001
19,8,5.073551073963036
19,8,1.6500000000000001
19,8,1.6500000000000001
19,8,1.6500000000000001
19,8,5.078039177682442
19,8,1.6500000000000001
19,8,1.6500000000000001
19,8,8.127598826849297
19,8,1.6500000000000001
19,8,4.086353972541709
19,8,2.449791789630693
19,8,8.820281248731007
19,8,3.8688898764012176
19,8,6.9888767631728665
19,8,1.6500000000000001
19,8,1.8157522543863038
19,8,1.6500000000000001
19,8,3.281123519820179
19,8,1.6500000000000001
19,8,1.6500000000000001
19,8,5.819375907395385
19,8,1.6500000000000001
19,8,2.6979781291506253
19,8,1.6500000000000001
19,8,1.6500000000000001
19,8,1.6500000000000001
19,8,1.6500000000000001
19,8,2.365761181213595
19,8,1.6500000000000001
19,8,1.6500000000000001
19,8,6.337944403974431
19,8,4.119510475246915
19,8,1.6500000000000001
19,8,1.6500000000000001
19,8,1.6500000000000001
19,8,1.6500000000000001
19,8,1.6500000000000001
20,8,1.6500000000000001
20,8,1.6500000000000001
20,8,1.6500000000000001
20,8,1.6500000000000001
20,8,3.7604382726683085
20,8,2.4081193502350686
20,8,2.026162829081046
20,8,10.172755685649687
20,8,1.6500000000000001
20,8,1.6500000000000001
20,8,1.8465383688457637
20,8,5.159100464928196
20,8,1.6500000000000001
20,8,1.6500000000000001
20,8,6.35966212726236
20,8,1.6500000000000001
20,8,1.6500000000000001
20,8,1.6500000000000001
20,8,2.6351623304554206
20,8,1.6500000000000001
20,8,1.6500000000000001
20,8,5.325539254067033
20,8,2.5984627645865386
20,8,1.6500000000000001
20,8,1.6500000000000001
20,8,1.6500000000000001
20,8,4.713321241314329
20,8,1.6500000000000001
20,8,2.28841748399836
20,8,1.6500000000000001
20,8,1.6500000000000001
20,8,1.6500000000000001
20,8,1.6500000000000001
20,8,1.6500000000000001
20,8,8.003491918902995
20,8,3.1511531965734467
20,8,1.6500000000000001
20,8,6.782421211755848
20,8,1.6500000000000001
20,8,1.9165301337498448
20,8,2.6678610164006984
20,8,1.6500000000000001
20,8,1.6500000000000001
20,8,1.6500000000000001
20,8,5.642063745194318
20,8,1.6500000000000001
20,8,1.6500000000000001
20,8,1.6500000000000001
20,8,1.6500000000000001
20,8,1.6500000000000001
20,8,1.7331629384788676
20,8,1.6500000000000001
20,8,1.6500000000000001
20,8,1.6500000000000001
20,8,1.6500000000000001
20,8,1.6500000000000001
20,8,1.6500000000000001
20,8,1.6500000000000001
20,8,1.688185412576234
20,8,2.1875622952714875
20,8,1.6500000000000001
19,8,1.6500000000000001
19,8,1.6500000000000001
19,8,1.6500000000000001
19,8,1.6500000000000001
19,8,1.6627363726111772
19,8,2.638717328583144
19,8,1.6500000000000001
19,8,2.8594574420222028
19,8,3.1656965464255205
19,8,5.28727392054392
19,8,1.6500000000000001
19,8,1.6500000000000001
19,8,1.6500000000000001
19,8,1.6500000000000001
19,8,6.248176244306107
19,8,3.8860912752625874
19,8,2.83583662203495
19,8,1.6500000000000001
19,8,1.6500000000000001
19,8,1.6500000000000001
19,8,1.6500000000000001
19,8,4.945322112390642
19,8,1.6500000000000001
19,8,5.818687257658375
19,8,1.6500000000000001
19,8,4.272466873124488
19,8,1.6500000000000001
19,8,1.8181246623554301
19,8,1.6500000000000001
19,8,1.6500000000000001
19,8,11.415395537646791
19,8,4.699724286335046
19,8,5.821432980886671
19,8,7.3030723237215955
19,8,1.6500000000000001
19,8,1.6500000000000001
19,8,2.212835755244407
19,8,1.6500000000000001
19,8,1.6500000000000001
19,8,2.739384598398883
19,8,4.688678428264824
19,8,8.146004753874632
19,8,2.693680951943216
19,8,1.6500000000000001
19,8,1.6500000000000001
19,8,1.6500000000000001
19,8,4.058869551430623
19,8,1.9465462543995904
19,8,1.6500000000000001
19,8,5.1451389454201735
19,8,5.036961687342926
19,8,4.86041936328224
19,8,1.6500000000000001
19,8,1.6500000000000001
19,8,1.6500000000000001
19,8,2.8482085555352836
19,8,1.6500000000000001
19,8,1.6500000000000001
19,8,2.9943988840398665
19,8,4.378719081279568
19,8,1.7306122228195597
18,8,9.557220339919326
18,8,4.901755907847966
18,8,1.6500000000000001
18,8,1.6500000000000001
18,8,1.6500000000000001
18,8,3.2032449833775645
18,8,7.445728510749227
18,8,1.6500000000000001
18,8,1.6500000000000001
18,8,1.6500000000000001
18,8,6.277630348761111
18,8,1.6500000000000001
18,8,1.6500000000000001
18,8,1.6500000000000001
18,8,3.23108341574624
18,8,1.6500000000000001
18,8,12.923529251788969
18,8,1.6500000000000001
18,8,5.825159549929663
18,8,1.6500000000000001
18,8,3.6562736570331578
18,8,2.1593978483299665
18,8,1.6500000000000001
18,8,3.9408384221765576
18,8,1.6500000000000001
18,8,4.634281089776562
18,8,1.6500000000000001
18,8,1.6500000000000001
18,8,1.6500000000000001
18,8,1.6500000000000001
18,8,6.80965531860039
18,8,1.6500000000000001
18,8,2.6957883473545006
18,8,3.317449602206993
18,8,1.6500000000000001
18,8,2.93922582388721
18,8,4.400834059624887
18,8,3.6726362205800207
18,8,7.769921797056052
18,8,1.6500000000000001
18,8,1.6500000000000001
18,8,1.6500000000000001
18,8,1.6500000000000001
18,8,6.615599932807087
18,8,4.051388581739543
18,8,2.0715388388390776
18,8,1.6500000000000001
18,8,3.6940319654394216
18,8,1.6500000000000001
18,8,5.354726745552439
18,8,2.366987168693072
18,8,4.662579087797413
18,8,2.5667895928710176
18,8,6.747698336887996
18,8,1.6500000000000001
18,8,1.6500000000000001
18,8,4.110250725938773
18,8,1.6500000000000001
18,8,1.6500000000000001
18,8,1.6500000000000001
17,8,1.6500000000000001
17,8,3.349440702457571
17,8,3.6509683701933735
17,8,1.6500000000000001
17,8,1.6500000000000001
17,8,4.059808256376388
17,8,1.6500000000000001
17,8,1.6500000000000001
17,8,1.6500000000000001
17,8,2.1361106140654016
17,8,1.6500000000000001
17,8,2.4772277212546663
17,8,1.6500000000000001
17,8,2.592166199104884
17,8,10.373704398770215
17,8,1.6500000000000001
17,8,1.6500000000000001
17,8,1.6500000000000001
17,8,1.6500000000000001
17,8,7.243995748991911
17,8,1.6500000000000001
17,8,1.6500000000000001
17,8,1.6500000000000001
17,8,4.82355270308751
17,8,1.6500000000000001
17,8,1.6500000000000001
17,8,5.380787461917208
17,8,2.016272412648994
17,8,6.677023156610355
17,8,3.496835111522209
17,8,7.882943513076462
17,8,7.246146866210803
17,8,5.089917768958577
17,8,1.6500000000000001
17,8,3.4427989995635615
17,8,5.932641318459808
17,8,1.6500000000000001
17,8,2.605161418583077
17,8,1.6500000000000001
17,8,1.6500000000000001
17,8,5.912953471497634
17,8,5.836530964450185
17,8,4.77039648561065
17,8,1.6500000000000001
17,8,1.6500000000000001
17,8,1.6500000000000001
17,8,1.6500000000000001
17,8,1.8827500895792277
17,8,9.481089576049223
17,8,2.8149439902882154
17,8,4.339631886132505
17,8,5.802443105659545
17,8,12.694472408784117
17,8,4.74683117222385
17,8,1.6500000000000001
17,8,4.761597342312218
17,8,1.6500000000000001
17,8,1.6500000000000001
17,8,1.6500000000000001
17,8,3.015688962031775
17,8,4.324993532381638
16,8,1.6500000000000001
16,8,6.597017191406158
16,8,1.6500000000000001
16,8,1.6500000000000001
16,8,3.63455004989422
16,8,1.6500000000000001
16,8,1.6500000000000001
16,8,2.654766719816578
16,8,2.6436677196414933
16,8,2.1297050650440674
16,8,3.84452382183513
16,8,1.6500000000000001
16,8,2.690305666325183
16,8,3.0599559956414804
16,8,1.6500000000000001
16,8,1.6500000000000001
16,8,2.7199496847805618
16,8,6.312171158262901
16,8,1.6500000000000001
16,8,1.6500000000000001
16,8,4.19423337456664
16,8,2.200485331955953
16,8,1.6500000000000001
16,8,1.6500000000000001
16,8,1.7535347631243545
16,8,1.6500000000000001
16,8,5.6212404282931345
16,8,2.2817147397738884
16,8,1.6500000000000001
16,8,2.058334006525531
16,8,1.6500000000000001
16,8,1.6500000000000001
16,8,1.6500000000000001
16,8,1.944760466196471
16,8,1.6500000000000001
16,8,6.043294452008741
16,8,7.172011920218576
16,8,1.6500000000000001
16,8,2.255571931057306
16,8,1.6500000000000001
16,8,1.6500000000000001
16,8,2.1388071189437867
16,8,7.27056339808167
16,8,1.6500000000000001
16,8,2.967724483415598
16,8,1.6500000000000001
16,8,2.2835620442517035
16,8,1.6500000000000001
16,8,3.5061248136498837
16,8,1.6500000000000001
16,8,7.1030425958519565
16,8,1.6500000000000001
16,8,5.805635744096712
16,8,1.6500000000000001
16,8,1.6500000000000001
16,8,2.6539905878187966
16,8,1.6500000000000001
16,8,3.1228198435518526
16,8,3.424194227266956
16,8,3.644040527083426
15,8,4.741264920149629
15,8,3.105058496020728
15,8,1.6500000000000001
15,8,9.065626357138907
15,8,1.6500000000000001
15,8,1.6500000000000001
15,8,1.6500000000000001
15,8,11.610834908346833
15,8,1.6500000000000001
15,8,12.294713825242482
15,8,1.6500000000000001
15,8,9.302048512681928
15,8,1.6500000000000001
15,8,6.080200522005672
15,8,1.6500000000000001
15,8,3.324122215794091
15,8,4.4224452533022385
15,8,4.957324087996003
15,8,1.6500000000000001
15,8,1.6500000000000001
15,8,1.6500000000000001
15,8,6.888507209684098
15,8,8.691536974730848
15,8,9.299581951766289
15,8,5.678064513795984
15,8,1.6500000000000001
15,8,4.8646741673673315
15,8,6.8227270718396795
15,8,1.6500000000000001
15,8,4.79104048258546
15,8,1.6500000000000001
15,8,1.6500000000000001
15,8,9.970590592492911
15,8,1.6500000000000001
15,8,1.6500000000000001
15,8,1.6500000000000001
15,8,4.453458569266796
15,8,1.6500000000000001
15,8,3.8638344751690425
15,8,9.205793130967841
15,8,15.30235259437627
15,8,6.549283595497486
15,8,1.6500000000000001
15,8,1.6500000000000001
15,8,4.647033653074998
15,8,1.6500000000000001
15,8,1.6500000000000001
15,8,1.6500000000000001
15,8,1.6500000000000001
15,8,2.0850859921808995
15,8,2.3124362941346055
15,8,1.6500000000000001
15,8,1.6500000000000001
15,8,1.6500000000000001
15,8,3.005827889969461
15,8,2.2227536443337463
15,8,1.6500000000000001
15,8,6.5942508954753585
15,8,3.132819318624849
15,8,4.689663879966312
15,8,1.6500000000000001
14,8,1.6500000000000001
14,8,10.796484404295231
14,8,2.4316385480920792
14,8,1.6500000000000001
14,8,1.6500000000000001
14,8,1.6500000000000001
14,8,1.6500000000000001
14,8,5.27742287139804
14,8,1.7818992073176227
14,8,1.6500000000000001
14,8,1.6500000000000001
14,8,5.565399371888429
14,8,1.6500000000000001
14,8,1.6500000000000001
14,8,1.6500000000000001
14,8,1.6500000000000001
14,8,3.6703265263049487
14,8,1.6500000000000001
14,8,2.279687130662319
14,8,11.780639932008846
14,8,1.6500000000000001
14,8,2.1045149564405907
14,8,1.6500000000000001
14,8,1.6500000000000001
14,8,8.06993350571701
14,8,1.9030182862445355
14,8,1.6500000000000001
14,8,1.6500000000000001
14,8,3.854680874519966
14,8,9.473611576850374
14,8,5.516532273273123
14,8,3.049489699724488
14,8,3.7295414984416224
14,8,1.6500000000000001
14,8,6.0204293594786815
14,8,11.476642874165844
14,8,1.6500000000000001
14,8,1.9888879697948936
14,8,1.6500000000000001
14,8,3.5294228761736903
14,8,4.01919911218026
14,8,9.82635649603709
14,8,4.354772810293683
14,8,3.2319223575847036
14,8,1.6500000000000001
14,8,1.6500000000000001
14,8,1.6500000000000001
14,8,1.6500000000000001
14,8,1.8320291138631077
14,8,10.03514867024526
14,8,6.03105382045281
14,8,1.6500000000000001
14,8,1.6500000000000001
14,8,3.119813718780464
14,8,1.6500000000000001
14,8,1.6500000000000001
14,8,1.6500000000000001
14,8,11.367719377296758
14,8,3.8415530714461075
14,8,1.6500000000000001
14,8,9.462827493570076
13,8,7.083502025314882
13,8,7.2366506897119285
13,8,3.629527446913374
13,8,1.6500000000000001
13,8,10.13271527255322
13,8,1.6972908687652155
13,8,1.6500000000000001
13,8,3.8385201957656427
13,8,12.50986522988887
13,8,5.70255924053693
13,8,2.4332000864974566
13,8,1.6500000000000001
13,8,7.689964410673653
13,8,4.89576010724256
13,8,1.6500000000000001
13,8,3.3792985281573635
13,8,8.49814141437501
13,8,11.653587934760502
13,8,5.887056380853284
13,8,1.6500000000000001
13,8,2.3325404044589755
13,8,1.6500000000000001
13,8,1.6500000000000001
13,8,7.3706526917098385
13,8,2.0748118795089967
13,8,4.048733897868633
13,8,5.221253342258889
13,8,6.486033341090748
13,8,10.88784818775867
13,8,4.325378059365081
13,8,1.9183262000230785
13,8,1.6500000000000001
13,8,4.788198387268345
13,8,1.6500000000000001
13,8,2.466603325026771
13,8,4.187941340481491
13,8,3.3409768778382456
13,8,5.712310588567575
13,8,2.454181826489906
13,8,3.273013492164982
13,8,1.6500000000000001
13,8,1.6500000000000001
13,8,1.6500000000000001
13,8,4.103234281266194
13,8,4.72441512158018
13,8,1.6500000000000001
13,8,5.107355458648023
13,8,2.1479842921474726
13,8,1.6500000000000001
13,8,6.674721183786879
13,8,8.795379385396819
13,8,3.4176291437872015
13,8,6.970248298657875
13,8,2.5701136117417684
13,8,10.681283575347742
13,8,3.3684103386049307
13,8,1.6500000000000001
13,8,2.4162381264528614
13,8,1.7684510375408917
13,8,1.6500000000000001
12,8,7.947698627430479
12,8,4.822377249331438
12,8,4.77776738887898
12,8,11.053085031529926
12,8,6.503790394727105
12,8,1.6500000000000001
12,8,4.389861629192254
12,8,8.539393816873236
12,8,6.67500955030264
12,8,1.6500000000000001
12,8,4.090328080308167
12,8,1.9794107153282345
12,8,3.5590180914536074
12,8,1.6500000000000001
12,8,3.075587790321186
12,8,1.6500000000000001
12,8,4.8421098808710274
12,8,1.6500000000000001
12,8,2.177257814976253
12,8,1.6500000000000001
12,8,1.6500000000000001
12,8,1.6500000000000001
12,8,5.126591421174506
12,8,3.2772930735448353
12,8,1.6500000000000001
12,8,4.770477346251684
12,8,1.6500000000000001
12,8,1.6500000000000001
12,8,6.225851116276875
12,8,12.193693821465043
12,8,5.595075530167388
12,8,1.6500000000000001
12,8,1.6500000000000001
12,8,4.553961805303721
12,8,4.407601267143691
12,8,3.1276165064485575
12,8,5.424949512662733
12,8,4.166791213551283
12,8,1.6500000000000001
12,8,2.267924594050485
12,8,3.5516940282796643
12,8,1.6500000000000001
12,8,5.428669141196497
12,8,2.141041406349875
12,8,1.6500000000000001
12,8,1.6500000000000001
12,8,1.6500000000000001
12,8,1.6500000000000001
12,8,1.6500000000000001
12,8,9.696493519944953
12,8,11.034793956661547
12,8,3.9002453868625366
12,8,2.3818797068850834
12,8,6.46625358059838
12,8,5.522678683008234
12,8,12.037604481880074
12,8,2.2089450346329005
12,8,12.033555583195295
12,8,1.6500000000000001
12,8,1.9621247779401363
12,8,2.852401546418096
12,9,11.330210308288676
12,9,8.20782640373023
12,9,4.47190945808116
12,9,4.78755468236415
12,9,10.478347694385974
12,9,2.3694306724028915
12,9,3.3826410886615883
12,9,1.6500000000000001
12,9,1.6500000000000001
12,9,8.907835709678197
12,9,1.6500000000000001
12,9,8.73844307016708
12,9,5.224733181981321
12,9,5.9913964570964335
12,9,9.976193360300828
12,9,7.309572064874086
12,9,2.239235308897406
12,9,1.67227769231621
12,9,1.9410948757585904
12,9,8.047957399332345
12,9,4.3511350987340425
12,9,1.6500000000000001
12,9,7.578148420902734
12,9,2.4289495920998414
12,9,1.6500000000000001
12,9,1.6500000000000001
12,9,1.6500000000000001
12,9,2.9162068175723204
12,9,1.6500000000000001
12,9,7.143046194857083
12,9,6.389200650985757
12,9,6.2154039597945046
12,9,3.1756355799415132
12,9,1.6500000000000001
12,9,1.6500000000000001
12,9,5.821435335190862
12,9,6.264305410075414
12,9,5.130093653394823
12,9,4.366134993692995
12,9,7.876399933675845
12,9,4.370358717336977
12,9,3.590879914979082
12,9,1.6500000000000001
12,9,6.548510416891621
12,9,8.813120366419513
12,9,1.6500000000000001
12,9,1.6500000000000001
12,9,8.411544636133362
12,9,3.9914983154499195
12,9,3.1330652776237153
12,9,9.90612400817922
12,9,1.6500000000000001
12,9,7.836655202812813
12,9,2.002536751732059
12,9,1.6500000000000001
12,9,2.743354484668563
12,9,1.6500000000000001
12,9,1.6500000000000001
12,9,12.078578576052518
12,9,6.934468312389086
12,8,1.6500000000000001
12,8,3.5884304692017572
12,8,3.8918505788886146
12,8,5.657243063936167
12,8,2.545357640290715
12,8,6.608841492990005
12,8,4.516623986949112
12,8,4.712232505053976
12,8,8.371613547891224
12,8,5.044835736381452
12,8,5.330685537443934
12,8,8.207916195874262
12,8,3.3741588700212986
12,8,1.6500000000000001
12,8,10.691677175422548
12,8,7.124597049390984
12,8,1.6500000000000001
12,8,3.476680646895988
12,8,6.907309499247556
12,8,1.6500000000000001
12,8,1.6500000000000001
12,8,12.641070594686784
12,8,4.704561649719489
12,8,1.6500000000000001
12,8,5.350733251241072
12,8,3.322330885751102
12,8,4.534430220178267
12,8,1.6500000000000001
12,8,5.085153323076078
12,8,4.788325565738028
12,8,1.6500000000000001
12,8,7.795535516830806
12,8,3.0505533590233003
12,8,2.923434060221461
12,8,6.333800749465312
12,8,1.9136729796181164
12,8,1.6500000000000001
12,8,9.192770304526753
12,8,1.6500000000000001
12,8,2.928913597918343
12,8,4.270790964065085
12,8,7.460635563930276
12,8,4.677034942944225
12,8,4.0605822037118875
12,8,9.28071290586334
12,8,4.934540282409282
12,8,1.6500000000000001
12,8,6.528793159088509
12,8,7.179681216619176
12,8,1.6500000000000001
12,8,7.26132446471191
12,8,11.212752361703288
12,8,7.743194475282811
12,8,6.868824572645287
12,8,1.693911521386569
12,8,1.6500000000000001
12,8,1.6500000000000001
12,8,2.84874565255757
12,8,4.684845228340766
12,8,9.68462527599885
12,8,2.0382968980267617
12,7,1.7864725044541787
12,7,1.6500000000000001
12,7,6.125987398468508
12,7,1.6500000000000001
12,7,5.309776247188399
12,7,3.2935605008994253
12,7,2.218232341019924
12,7,1.8953848537050302
12,7,8.98259551071062
12,7,1.6500000000000001
12,7,8.035418319455186
12,7,4.113612850713004
12,7,1.8492079829089443
12,7,3.9665392559869317
12,7,3.7619396453781166
12,7,4.928579802613209
12,7,4.0431583890191805
12,7,11.463015939609992
12,7,7.129474509269332
12,7,6.465886269637891
12,7,1.6500000000000001
12,7,8.581139288007797
12,7,7.604454561996214
12,7,1.6500000000000001
12,7,1.6500000000000001
12,7,13.711949794745735
12,7,2.0430868848344086
12,7,12.724304703768095
12,7,5.8254822370324675
12,7,4.309349305740558
12,7,3.737750071093653
12,7,3.404946109497771
12,7,6.2243968569658135
12,7,5.673390154736973
12,7,9.211168745154136
12,7,4.743000212598969
12,7,9.596407097360302
12,7,8.16631525621461
12,7,4.231391503348628
12,7,9.181207401302036
12,7,4.83458397934522
12,7,8.622093476825352
12,7,3.696941993077422
12,7,5.138641547922525
12,7,6.479821881347204
12,7,6.15157145169335
12,7,3.813198529897041
12,7,6.146776894145338
12,7,4.865007910544042
12,7,4.757088500317029
12,7,4.849998736139923
12,7,8.464613515255614
12,7,5.2583685290651045
12,7,10.993701790054493
12,7,1.6500000000000001
12,7,4.664715570493484
12,7,3.291248674415571
12,7,5.266007166763048
12,7,10.845445456293419
12,7,2.4013702853503895
12,7,10.305475432193516
12,6,6.740288717978846
12,6,4.744678451636916
12,6,3.486783289854749
12,6,8.355346162051505
12,6,2.116853550238435
12,6,3.359537112549055
12,6,5.029781152421881
12,6,1.6500000000000001
12,6,6.793420448447975
12,6,1.6500000000000001
12,6,3.0480772672695426
12,6,8.040052293845408
12,6,1.6500000000000001
12,6,3.6013713527180204
12,6,4.420612589021306
12,6,3.224728078423406
12,6,1.6500000000000001
12,6,3.6523170145395483
12,6,1.6500000000000001
12,6,5.5178144636792625
12,6,5.035721336292962
12,6,1.6500000000000001
12,6,5.300003360648001
12,6,4.15751253801156
12,6,4.745145729951474
12,6,4.181993196791121
12,6,8.669103778467374
12,6,1.857064200250687
12,6,12.349558572870114
12,6,8.65723036997026
12,6,9.446312627578916
12,6,8.599034909958117
12,6,1.6500000000000001
12,6,3.2923918532443617
12,6,2.937554031844886
12,6,1.6500000000000001
12,6,1.6500000000000001
12,6,5.398272862411887
12,6,1.6500000000000001
12,6,2.911064602365705
12,6,7.324195451314516
12,6,5.558281065152605
12,6,5.009101391760311
12,6,4.279004118938955
12,6,4.374756449762555
12,6,1.6500000000000001
12,6,3.5663854936096775
12,6,5.60277387868136
12,6,1.6500000000000001
12,6,1.811378107655347
12,6,2.530850456203186
12,6,9.177144414865108
12,6,1.6500000000000001
12,6,7.115682814629435
12,6,3.869064001682223
12,6,1.6500000000000001
12,6,1.6500000000000001
12,6,6.7705770558872995
12,6,1.6500000000000001
12,6,8.772900774970385
12,5,3.1993144882238953
12,5,3.2791677496631886
12,5,3.017479354632453
12,5,1.6500000000000001
12,5,5.783679905108942
12,5,6.804955262572221
12,5,2.8182953592810573
12,5,5.873490067473396
12,5,7.41936597566076
12,5,8.543968437612
12,5,2.445030666057086
12,5,6.545569820642864
12,5,1.6500000000000001
12,5,10.206966277063179
12,5,8.826335774795668
12,5,2.5263395354145306
12,5,2.530670967601819
12,5,6.186784848071794
12,5,8.503619601591634
12,5,6.914604116428818
12,5,6.694247321205357
12,5,2.918869605703606
12,5,3.712052077355356
12,5,6.542658340913608
12,5,5.991572073253571
12,5,8.27426449595237
12,5,6.534763262403051
12,5,8.414032872106661
12,5,1.6500000000000001
12,5,3.7729826666810995
12,5,6.991188628440875
12,5,3.280752210061414
12,5,14.461913106678185
12,5,1.6500000000000001
12,5,1.6500000000000001
12,5,3.6620820558192766
12,5,4.146491099362599
12,5,7.76651134665113
12,5,3.952920463453724
12,5,4.265847539453139
12,5,5.991805709929977
12,5,12.441308514820683
12,5,1.6500000000000001
12,5,6.848691014475921
12,5,1.6500000000000001
12,5,1.6500000000000001
12,5,3.992055815812919
12,5,10.847914045632825
12,5,1.8797749500417917
12,5,4.838753856710471
12,5,3.8390320797097854
12,5,4.504132989929818
12,5,2.633054627781515
12,5,1.6500000000000001
12,5,1.6500000000000001
12,5,3.367803480735081
12,5,5.502909217787132
12,5,4.245882084858144
12,5,6.138664056500241
12,5,4.9422496585844735
12,5,1.6500000000000001
12,4,1.6500000000000001
12,4,7.570575624385707
12,4,6.735635057015333
12,4,1.8224545015413487
12,4,7.31358450370885
12,4,4.476743346326531
12,4,1.6500000000000001
12,4,4.55196808308243
12,4,1.6500000000000001
12,4,2.9746913789906615
12,4,8.790384529326502
12,4,6.9735717805681565
12,4,6.839337600899494
12,4,10.237463551894797
12,4,7.630030548124086
12,4,7.034445939578122
12,4,2.931878150539279
12,4,2.34451334123447
12,4,1.6500000000000001
12,4,1.6500000000000001
12,4,4.554749154807266
12,4,3.3897727177114856
12,4,8.359713840327673
12,4,5.757994079002833
12,4,2.1168933051893792
12,4,9.771686862055777
12,4,4.749424667753197
12,4,1.6500000000000001
12,4,7.793767396964279
12,4,3.2230023652613333
12,4,5.773526378227004
12,4,1.6500000000000001
12,4,9.556030793516337
12,4,8.309796604504667
12,4,1.9159135817599884
12,4,9.131888279888255
12,4,1.6500000000000001
12,4,4.530434018298559
12,4,3.419646135887304
12,4,1.6500000000000001
12,4,2.6953843239169393
12,4,4.660330893624608
12,4,8.109791372286763
12,4,1.6500000000000001
12,4,8.240682223017824
12,4,3.6174494962532955
12,4,10.417433366787447
12,4,2.5538095948910526
12,4,3.2114547795398236
12,4,4.014987266498586
12,4,13.992741515397066
12,4,4.079742176031876
12,4,6.674128818142513
12,4,8.910368633564914
12,4,1.6500000000000001
12,4,10.490335381863053
12,4,2.6061661378547614
12,4,1.6500000000000001
12,4,4.399371219320072
12,4,6.294208158193786
12,3,8.019640956293836
12,3,2.3142787751201235
12,3,2.4060188104119735
12,3,7.734507679442758
12,3,2.301316640545598
12,3,4.649362481729015
12,3,7.058497322232136
12,3,1.6500000000000001
12,3,11.31386322702491
12,3,4.647994737197211
12,3,6.081047690548364
12,3,2.1400662567306865
12,3,9.59106677150255
12,3,6.888391431185432
12,3,2.367838661720649
12,3,1.6500000000000001
12,3,12.468476578408808
12,3,3.4223173307933448
12,3,1.6500000000000001
12,3,4.887374544760471
12,3,2.8283735895174877
12,3,1.6500000000000001
12,3,1.6500000000000001
12,3,1.6500000000000001
12,3,1.9443129357877675
12,3,8.380736266655573
12,3,7.143744940002557
12,3,5.636763302269521
12,3,1.6500000000000001
12,3,7.612995986626542
12,3,1.6500000000000001
12,3,2.5757054552822067
12,3,3.1374260700110295
12,3,5.919099804410278
12,3,3.7720336114961146
12,3,3.1323290773232255
12,3,5.476429398752567
12,3,12.21477138451868
12,3,9.346421708162785
12,3,4.712191201878562
12,3,5.382198028258329
12,3,4.3117039247065385
12,3,1.6500000000000001
12,3,7.387040360293992
12,3,7.0125140290143735
12,3,5.7458416363216465
12,3,3.043700301869934
12,3,14.39468042873629
12,3,4.296615482478684
12,3,2.271347213894343
12,3,5.405193795463166
12,3,3.5734983501041544
12,3,1.6500000000000001
12,3,4.819591923878798
12,3,5.4840580534213865
12,3,3.8473297616344238
12,3,7.158917516994726
12,3,7.3283922667814005
12,3,3.8635650895160554
12,3,1.6500000000000001
12,3,2.0097128104249453
13,3,1.6500000000000001
13,3,2.9318554348490053
13,3,2.336452407218464
13,3,3.682792756689005
13,3,3.2175460502719586
13,3,4.032629250388763
13,3,5.569812247888294
13,3,7.341096766507068
13,3,3.4157021929956493
13,3,6.414420355595899
13,3,4.333854078338732
13,3,8.415080749029059
13,3,1.6500000000000001
13,3,4.750076177135564
13,3,1.6500000000000001
13,3,5.507955273795986
13,3,1.6500000000000001
13,3,7.825496994652369
13,3,2.6247660612986903
13,3,3.4917852370290667
13,3,2.6793965253758305
13,3,1.908453685048476
13,3,4.162021648531242
13,3,2.469940891476195
13,3,2.230266593326859
13,3,1.7845970747783095
13,3,1.6500000000000001
13,3,1.6500000000000001
13,3,11.82091737101911
13,3,3.8060017199421283
13,3,5.585479141215162
13,3,10.016264967785839
13,3,7.133691969585249
13,3,5.812131043801717
13,3,1.6500000000000001
13,3,8.872984788061869
13,3,2.1731191070664457
13,3,1.6500000000000001
13,3,1.6500000000000001
13,3,5.999350836858703
13,3,1.6500000000000001
13,3,1.6500000000000001
13,3,12.62463546390804
13,3,2.001810485762179
13,3,4.737607200636544
13,3,1.6500000000000001
13,3,5.008260314642263
13,3,2.1204499191063313
13,3,8.303208169587284
13,3,3.9791885312841
13,3,7.643289245947496
13,3,2.3714662408056553
13,3,2.8171999811221737
13,3,7.3128539747822305
13,3,6.030679628319507
13,3,1.6500000000000001
13,3,1.6500000000000001
13,3,6.330523416307486
13,3,7.799860220937079
13,3,4.013401020172303
13,3,1.6500000000000001
12,3,3.9384377366735563
12,3,5.970691468082809
12,3,4.29442161889473
12,3,6.670337578125239
12,3,1.795920625533674
12,3,2.1898229053874747
12,3,1.6500000000000001
12,3,1.8999629081258336
12,3,4.28141629317407
12,3,6.8326081445402345
12,3,11.841545312973137
12,3,1.6500000000000001
12,3,8.589921601111467
12,3,6.309302791920583
12,3,3.5290832514298156
12,3,8.050067566683811
12,3,3.9689802015905453
12,3,5.305439952648467
12,3,5.128973825052825
12,3,4.921354621839448
12,3,2.398687579403581
12,3,3.6014039098803226
12,3,2.059834925428013
12,3,4.255209575226936
12,3,7.002628206065703
12,3,5.8132028635778905
12,3,3.402259434813691
12,3,2.832805841376924
12,3,1.6500000000000001
12,3,6.703295505010682
12,3,1.6500000000000001
12,3,9.270868526652936
12,3,4.926453042548539
12,3,1.952461135100485
12,3,2.0227789648889094
12,3,10.007041105201811
12,3,8.284136238607417
12,3,1.6500000000000001
12,3,2.694737637237492
12,3,2.3915456898243597
12,3,1.6500000000000001
12,3,1.6500000000000001
12,3,1.6500000000000001
12,3,5.9362620005710784
12,3,5.770802986798868
12,3,1.6500000000000001
12,3,2.42106375316522
12,3,5.428356317965006
12,3,8.919067276600622
12,3,2.98890299797835
12,3,1.6500000000000001
12,3,1.6500000000000001
12,3,5.217308432499364
12,3,16.508061584894545
12,3,5.617505928689919
12,3,4.97107944094404
12,3,3.1348537028018058
12,3,5.138139133750197
12,3,1.6500000000000001
12,3,4.54379650362117
13,3,1.6500000000000001
13,3,1.6500000000000001
13,3,11.241743560315651
13,3,2.5986715856707723
13,3,4.167781819868668
13,3,4.075562251111432
13,3,2.177740506394931
13,3,2.652773307648252
13,3,4.496269237852035
13,3,3.629842310786097
13,3,5.53952723077142
13,3,6.057764652381845
13,3,5.640928577993671
13,3,4.204159968640759
13,3,9.156455890156616
13,3,8.322615594988319
13,3,1.6500000000000001
13,3,6.168412329201869
13,3,2.529619700221837
13,3,6.203635339559723
13,3,1.9818968472286325
13,3,5.055136241736705
13,3,5.799405749121861
13,3,4.493431956910321
13,3,2.660506328575252
13,3,3.857689805481475
13,3,9.092333298489136
13,3,3.3154172472611125
13,3,1.6500000000000001
13,3,3.862223624547814
13,3,7.378103503942807
13,3,5.020181530128563
13,3,11.083735787047587
13,3,8.130133783830987
13,3,7.009145782903788
13,3,3.382721628799322
13,3,6.91099758095025
13,3,6.854969502109804
13,3,1.6500000000000001
13,3,5.672971623791002
13,3,1.6500000000000001
13,3,4.400531260166313
13,3,9.055442619212545
13,3,1.6500000000000001
13,3,1.6500000000000001
13,3,3.2026653065899757
13,3,6.548227033281041
13,3,1.8341904728490819
13,3,1.6500000000000001
13,3,2.7243258147636302
13,3,5.207498532770966
13,3,5.723175231494026
13,3,4.658672250610678
13,3,5.208615555580672
13,3,4.415846608540865
13,3,1.6500000000000001
13,3,1.6500000000000001
13,3,1.6500000000000001
13,3,3.5090510681870613
13,3,7.063958199740268
13,3,3.776514702201831
14,3,9.761783295659525
14,3,6.728201741873915
14,3,4.443853133187426
14,3,2.1279305300367017
14,3,7.676710763452183
14,3,4.983511027745321
14,3,4.943442240543149
14,3,1.6500000000000001
14,3,3.5408481977165733
14,3,1.6500000000000001
14,3,1.6500000000000001
14,3,4.082603376913313
14,3,5.421981983234366
14,3,2.0940920929715285
14,3,1.6500000000000001
14,3,3.1548084994764523
14,3,3.1646248116164495
14,3,2.282839886102861
14,3,7.881116993479892
14,3,1.758909981648297
14,3,3.526788401971718
14,3,2.3628928024250477
14,3,3.026344749764597
14,3,9.837778532036385
14,3,1.6500000000000001
14,3,7.952258831488551
14,3,1.6500000000000001
14,3,5.402450548213073
14,3,3.314986718486762
14,3,5.4999587346794225
14,3,2.960228956161451
14,3,2.8996117436362363
14,3,3.1403491309708995
14,3,2.019141641430457
14,3,5.623845891694789
14,3,1.903195803653217
14,3,1.6500000000000001
14,3,4.349044385862631
14,3,4.883545850972073
14,3,6.71910186727707
14,3,4.966534843717105
14,3,5.411215543203117
14,3,1.6500000000000001
14,3,6.550550977051613
14,3,3.542991139720014
14,3,6.617416146655041
14,3,6.6054167279297245
14,3,1.6500000000000001
14,3,1.6500000000000001
14,3,4.29397892934832
14,3,5.21264593162282
14,3,9.799209553628447
14,3,1.8938647072969799
14,3,2.2528405334600317
14,3,1.6500000000000001
14,3,1.6500000000000001
14,3,2.6948585402846006
14,3,3.7610038427102843
14,3,8.821096071909178
14,3,2.4983522601389243
13,3,1.6500000000000001
13,3,3.7544816150672196
13,3,1.6500000000000001
13,3,6.100248851582344
13,3,6.301407762626571
13,3,4.067113364523156
13,3,1.770453623108538
13,3,5.0663390175324645
13,3,4.149848231415831
13,3,9.231034236129766
13,3,8.90948904052751
13,3,5.49522655924439
13,3,1.6500000000000001
13,3,10.35081116278599
13,3,1.6500000000000001
13,3,1.6500000000000001
13,3,6.01610173735015
13,3,6.500960076678405
13,3,4.365513519177675
13,3,10.029165497763351
13,3,2.1985885242869307
13,3,2.0458794756468466
13,3,3.3492473522530584
13,3,1.6500000000000001
13,3,8.865410859196441
13,3,1.6500000000000001
13,3,4.724512182659978
13,3,2.379985730894419
13,3,3.02807469103566
13,3,5.10546566634994
13,3,6.955631292750207
13,3,3.019024752823498
13,3,2.1078605032371374
13,3,1.6500000000000001
13,3,2.470737030175083
13,3,7.592750729678551
13,3,8.37879247241069
13,3,2.5877333897496992
13,3,2.9771078200789405
13,3,12.730381177820963
13,3,7.8574806576534995
13,3,7.090412448765495
13,3,1.6500000000000001
13,3,13.125931107631136
13,3,1.6500000000000001
13,3,3.829786864764727
13,3,6.331064037737945
13,3,1.6500000000000001
13,3,1.6500000000000001
13,3,2.5902044377192968
13,3,6.245142828428384
13,3,4.854443593287452
13,3,1.6500000000000001
13,3,2.1083962828065648
13,3,5.707193244738078
13,3,1.6500000000000001
13,3,7.406732968596998
13,3,6.649065467481518
13,3,9.971985765456482
13,3,8.131384952684387
13,3,3.1003931048209417
14,3,6.296210002921518
14,3,1.6500000000000001
14,3,3.511304035304941
14,3,2.4737054901557407
14,3,1.8963499920132758
14,3,10.775825562832374
14,3,2.6713190464897254
14,3,4.478577530793102
14,3,5.890500071445086
14,3,9.635997946549917
14,3,7.536351769912978
14,3,5.952597652886586
14,3,9.67637072153821
14,3,5.936940454025902
14,3,5.267032685667631
14,3,4.094966814016616
14,3,1.6500000000000001
14,3,3.8260526501546517
14,3,4.459609248586877
14,3,8.253870300951736
14,3,5.911214536490431
14,3,1.6500000000000001
14,3,1.6500000000000001
14,3,1.6500000000000001
14,3,10.224713639725842
14,3,2.9577055619517294
14,3,1.6500000000000001
14,3,1.6500000000000001
14,3,6.74986521162869
14,3,7.845215738522569
14,3,2.881227463640053
14,3,4.416984946968619
14,3,3.7869941871534074
14,3,5.60113568776888
14,3,1.982348413047569
14,3,4.414176354524804
14,3,4.542654815127907
14,3,2.010325957829793
14,3,2.584678735280362
14,3,1.6500000000000001
14,3,2.593169387605113
14,3,3.3744405660119647
14,3,2.969496614289551
14,3,1.6500000000000001
14,3,3.047031436352209
14,3,1.7826945957258649
14,3,10.77450764863547
14,3,9.029759561423065
14,3,2.982129060466783
14,3,4.291762378414104
14,3,1.6500000000000001
14,3,8.460343072833343
14,3,1.6500000000000001
14,3,1.6500000000000001
14,3,1.6500000000000001
14,3,2.5011929695138266
14,3,2.081513368905111
14,3,1.9353615465908218
14,3,9.566105201720077
14,3,4.574403328736782
14,3,5.065031223824762
13,3,3.2868634217913595
13,3,3.7960766825365755
13,3,4.967540847539469
13,3,5.160625110851748
13,3,2.500743084343908
13,3,11.020031363898322
13,3,2.7459719085081673
13,3,6.969015366377527
13,3,8.39196669985765
13,3,6.45119070175609
13,3,5.782498975687582
13,3,2.4698205803074567
13,3,1.6500000000000001
13,3,6.3929022851087725
13,3,3.3009352436694934
13,3,3.4477314573677416
13,3,1.8007867739862462
13,3,7.530091648691153
13,3,6.489874461394256
13,3,1.6500000000000001
13,3,7.782699973659234
13,3,2.5355436113600924
13,3,4.03480520140061
13,3,11.06201402518968
13,3,2.98765238202429
13,3,4.661599323100854
13,3,4.2714868814039875
13,3,2.703946780616301
13,3,1.6500000000000001
13,3,2.9756184386790623
13,3,9.49320811837273
13,3,4.742586342139638
13,3,3.870025696860589
13,3,4.75282270470352
13,3,4.1201671099117325
13,3,2.5542503971851502
13,3,9.64285112172944
13,3,5.365584232048802
13,3,1.6500000000000001
13,3,5.480911033105899
13,3,4.460340610175721
13,3,4.313318597286846
13,3,1.6500000000000001
13,3,1.6500000000000001
13,3,5.254300609713221
13,3,1.9550751127405106
13,3,5.597702827183129
13,3,8.999579834188511
13,3,7.918544857888092
13,3,4.4383575829908235
13,3,6.27651897541509
13,3,2.3440949880842603
13,3,1.6500000000000001
13,3,4.620706031532909
13,3,4.194713001757977
13,3,2.8502918995018702
13,3,5.676099211853665
13,3,6.401326036950635
13,3,1.6500000000000001
13,3,6.070886174161543
13,2,1.6500000000000001
13,2,1.6500000000000001
13,2,4.885951374457269
13,2,6.086160783339611
13,2,5.974473705400411
13,2,2.5428582374023216
13,2,2.918507123608789
13,2,6.668633998616775
13,2,2.828229238668699
13,2,1.6500000000000001
13,2,2.656006314595884
13,2,5.63571543606183
13,2,8.186433499087155
13,2,7.297477957359036
13,2,1.6500000000000001
13,2,4.494427647668488
13,2,9.460975435951251
13,2,2.270496629393561
13,2,8.994977319833502
13,2,7.609001733491991
13,2,1.6500000000000001
13,2,1.6500000000000001
13,2,9.57989925605687
13,2,2.639227761130025
13,2,3.4267985324499985
13,2,3.8445740545848164
13,2,6.131200879402201
13,2,3.673639806448316
13,2,2.3402260668144685
13,2,3.06509573115897
13,2,1.6500000000000001
13,2,8.26074800371149
13,2,3.241060259218926
13,2,1.6500000000000001
13,2,1.6500000000000001
13,2,7.987911490416756
13,2,5.287928515661105
13,2,8.02340104516481
13,2,3.332263161482498
13,2,8.577354945292349
13,2,11.378361414634236
13,2,2.1408828914101847
13,2,7.605304730405544
13,2,4.058471924422717
13,2,4.248867685800056
13,2,8.009546939708471
13,2,7.562107580546165
13,2,4.218582373335455
13,2,9.427235833626536
13,2,1.6500000000000001
13,2,12.055948022634443
13,2,8.70193169175587
13,2,5.147956304655457
13,2,1.6500000000000001
13,2,1.6500000000000001
13,2,1.6500000000000001
13,2,3.227860182940506
13,2,4.368927200647665
13,2,1.6500000000000001
13,2,12.38703468280196
13,2,1.6500000000000001
13,1,4.177819501732611
13,1,3.6874126561042706
13,1,6.392004399682912
13,1,10.207401650148562
13,1,1.6500000000000001
13,1,7.869916882503148
13,1,5.632581184984364
13,1,3.9889696244552315
13,1,6.559479538499053
13,1,4.063644257150348
13,1,5.001322350541522
13,1,10.111257414792846
13,1,5.2681902998822725
13,1,2.7997098399257103
13,1,5.639422683358835
13,1,1.6500000000000001
13,1,1.6500000000000001
13,1,2.5810241521047517
13,1,12.699856308341579
13,1,4.046978937221695
13,1,5.251502050312242
13,1,3.4674373904849807
13,1,7.405270951128893
13,1,7.577862761970627
13,1,3.4826080941416873
13,1,4.218537290963164
13,1,1.6500000000000001
13,1,1.6500000000000001
13,1,1.6500000000000001
13,1,1.6500000000000001
13,1,1.9897889808295686
13,1,4.578003386080903
13,1,4.163347812541504
13,1,6.941639623035823
13,1,7.987537880097235
13,1,2.61272836912505
13,1,6.782812654623375
13,1,1.6500000000000001
13,1,6.4400388786155744
13,1,1.6500000000000001
13,1,6.907198147075556
13,1,2.9008973398997564
13,1,5.956603144794315
13,1,1.6500000000000001
13,1,13.536655050763784
13,1,3.1964079811405908
13,1,10.067127446862697
13,1,1.8934399782033438
13,1,1.6500000000000001
13,1,12.74799368000727
13,1,1.6500000000000001
13,1,9.228860213708208
13,1,6.618298386159372
13,1,1.6500000000000001
13,1,5.4852561646970734
13,1,9.090440965124596
13,1,3.3519640869954523
13,1,7.130692387865211
13,1,5.220656456846886
13,1,8.70855979786422
