-12,15,1.6500000000000001
-12,15,10.259602788837235
-12,15,1.6500000000000001
-12,15,1.6500000000000001
-12,15,1.6500000000000001
-12,15,1.6500000000000001
-12,15,1.6500000000000001
-12,15,3.2453048022995272
-12,15,1.7816817682206323
-12,15,1.6500000000000001
-12,15,1.6500000000000001
-12,15,1.6500000000000001
-12,15,1.6500000000000001
-12,15,1.6500000000000001
-12,15,1.6500000000000001
-12,15,1.6500000000000001
-12,15,1.6500000000000001
-12,15,16.076024230657517
-12,15,1.6500000000000001
-12,15,1.6500000000000001
-12,15,5.918946714861569
-12,15,1.6500000000000001
-12,15,1.6500000000000001
-12,15,1.6500000000000001
-12,15,1.6500000000000001
-12,15,1.6500000000000001
-12,15,1.6500000000000001
-12,15,1.6500000000000001
-12,15,14.860881762746617
-12,15,1.6500000000000001
-12,15,1.6500000000000001
-12,15,1.6500000000000001
-12,15,1.6500000000000001
-12,15,1.6500000000000001
-12,15,1.6500000000000001
-12,15,9.446729077742017
-12,15,1.6500000000000001
-12,15,5.331381244188098
-12,15,11.408856926272533
-12,15,27.02652133359662
-12,15,1.6500000000000001
-12,15,1.6500000000000001
-12,15,1.6500000000000001
-12,15,1.6500000000000001
-12,15,7.951065478722104
-12,15,11.380751115439796
-12,15,1.6500000000000001
-12,15,1.6500000000000001
-12,15,6.832316071476491
-12,15,1.6500000000000001
-12,15,1.6500000000000001
-12,15,1.6500000000000001
-12,15,1.6500000000000001
-12,15,1.6500000000000001
-12,15,1.6500000000000001
-12,15,1.6500000000000001
-12,15,1.6500000000000001
-12,15,1.6500000000000001
-12,15,1.6500000000000001
-12,15,21.9797541607511
-12,15,1.6500000000000001
-12,15,1.6500000000000001
-12,15,16.24025146995607
-12,15,7.341921293383761
-12,15,1.6500000000000001
-12,15,1.6500000000000001
-12,15,4.434494050616852
-12,15,15.068619827897336
-12,15,4.1642730864326385
-12,15,1.6500000000000001
-12,15,14.086637982839077
-12,15,1.6500000000000001
-12,15,14.509359025626255
-12,15,1.8398660616755258
-12,15,1.6500000000000001
-12,15,1.6500000000000001
-12,15,10.681256383701244
-12,15,9.086583949843202
-12,15,1.6500000000000001
-12,15,7.800696853206029
-12,15,1.6500000000000001
-12,15,9.421588640176514
-12,15,11.08034581267875
-12,15,13.37114664895554
-12,15,13.64645058080507
-12,15,1.6500000000000001
-12,15,1.6500000000000001
-12,15,1.6500000000000001
-12,15,24.898581619957614
-12,15,18.652796057551495
-12,15,1.6500000000000001
-12,15,1.6500000000000001
-12,15,20.42545203986799
-12,15,1.6500000000000001
-12,15,1.6500000000000001
-12,15,1.6500000000000001
-12,15,5.909268107931175
-12,15,1.6500000000000001
-12,15,1.6500000000000001
-12,15,26.883049679186424
-12,15,21.10422224090591
-12,15,1.6500000000000001
-12,15,1.6500000000000001
-12,15,1.6500000000000001
-12,15,1.6500000000000001
-12,15,1.6500000000000001
-12,15,1.6500000000000001
-12,15,1.6500000000000001
-12,15,1.6500000000000001
-12,15,29.7
-12,15,6.220012915584047
-12,15,1.6500000000000001
-12,15,3.1516493614359185
-12,15,1.6500000000000001
-12,15,9.879323675790648
-12,15,1.6500000000000001
-12,15,1.6500000000000001
-12,15,1.6500000000000001
-12,15,1.6500000000000001
-12,15,1.6500000000000001
-12,15,1.6500000000000001
-12,15,8.377106858161879
-12,14,6.471659066025026
-12,14,1.6500000000000001
-12,14,1.6500000000000001
-12,14,1.6500000000000001
-12,14,1.6500000000000001
-12,14,1.6500000000000001
-12,14,1.6500000000000001
-12,14,2.504249491097278
-12,14,5.031687890767356
-12,14,1.6500000000000001
-12,14,1.6500000000000001
-12,14,1.6500000000000001
-12,14,1.6500000000000001
-12,14,8.100365085158264
-12,14,1.6500000000000001
-12,14,1.6500000000000001
-12,14,1.6500000000000001
-12,14,1.6500000000000001
-12,14,1.6500000000000001
-12,14,5.702260541428599
-12,14,3.212586018624293
-12,14,1.6500000000000001
-12,14,11.459850177166471
-12,14,1.6500000000000001
-12,14,1.6500000000000001
-12,14,10.561370212178332
-12,14,1.6500000000000001
-12,14,1.6500000000000001
-12,14,4.227421429831731
-12,14,1.6500000000000001
-12,14,1.6500000000000001
-12,14,1.6500000000000001
-12,14,6.40761613516948
-12,14,1.6500000000000001
-12,14,1.6500000000000001
-12,14,3.9321303446363025
-12,14,1.6500000000000001
-12,14,1.6500000000000001
-12,14,1.6500000000000001
-12,14,1.6500000000000001
-12,14,21.610044145500822
-12,14,1.6500000000000001
-12,14,2.3950540590009206
-12,14,1.6500000000000001
-12,14,1.6500000000000001
-12,14,1.6500000000000001
-12,14,1.6500000000000001
-12,14,20.336370574143594
-12,14,1.6500000000000001
-12,14,7.8359895561032085
-12,14,1.6500000000000001
-12,14,8.590165837698844
-12,14,4.0816242106441925
-12,14,1.6500000000000001
-12,14,1.6500000000000001
-12,14,1.6500000000000001
-12,14,1.6500000000000001
-12,14,2.083320766585313
-12,14,1.6500000000000001
-12,14,8.888898651558517
-12,14,1.6500000000000001
-12,14,1.6500000000000001
-12,14,2.3312371481644383
-12,14,1.6500000000000001
-12,14,1.6500000000000001
-12,14,1.6500000000000001
-12,14,1.6500000000000001
-12,14,1.6500000000000001
-12,14,1.6500000000000001
-12,14,13.580458962774184
-12,14,1.6500000000000001
-12,14,7.298823977603309
-12,14,1.6500000000000001
-12,14,11.114551913266657
-12,14,1.6500000000000001
-12,14,20.067959070499512
-12,14,16.29193968637843
-12,14,1.6500000000000001
-12,14,1.6500000000000001
-12,14,27.2886334710288
-12,14,29.7
-12,14,1.6500000000000001
-12,14,3.9656092609940763
-12,14,1.6500000000000001
-12,14,1.6500000000000001
-12,14,7.717640984397587
-12,14,24.91347184168726
-12,14,1.6500000000000001
-12,14,1.6500000000000001
-12,14,1.6500000000000001
-12,14,14.129631240119114
-12,14,7.688240397120801
-12,14,14.5293525019268
-12,14,1.6500000000000001
-12,14,1.6500000000000001
-12,14,13.67185724722652
-12,14,12.209446506197583
-12,14,3.0907383435549542
-12,14,1.6500000000000001
-12,14,1.6500000000000001
-12,14,1.6500000000000001
-12,14,24.479023778706487
-12,14,1.6500000000000001
-12,14,1.6500000000000001
-12,14,1.6500000000000001
-12,14,1.6500000000000001
-12,14,5.971324313185395
-12,14,16.07491875649705
-12,14,1.6500000000000001
-12,14,10.92479399913656
-12,14,12.57199542101714
-12,14,1.6500000000000001
-12,14,14.786963562990165
-12,14,15.792228092238517
-12,14,11.793409600023695
-12,14,1.6500000000000001
-12,14,2.300185971156683
-12,14,1.6500000000000001
-12,14,1.6500000000000001
-12,14,12.446651465443635
-12,14,1.6500000000000001
-12,14,1.6500000000000001
-12,13,1.6500000000000001
-12,13,1.6500000000000001
-12,13,1.6500000000000001
-12,13,1.6500000000000001
-12,13,17.282124405857665
-12,13,1.6500000000000001
-12,13,1.6500000000000001
-12,13,5.026780780807263
-12,13,5.929161506163332
-12,13,1.6500000000000001
-12,13,1.6500000000000001
-12,13,1.6500000000000001
-12,13,15.865399154107665
-12,13,16.95355823484194
-12,13,8.629317102347791
-12,13,6.229122856715918
-12,13,1.9607421138341818
-12,13,1.6500000000000001
-12,13,3.2420966364182675
-12,13,2.059490989892055
-12,13,9.911301538642043
-12,13,1.6500000000000001
-12,13,8.130767713952118
-12,13,1.6500000000000001
-12,13,3.88988071288984
-12,13,1.6500000000000001
-12,13,7.616467747805333
-12,13,4.713274334644012
-12,13,1.6500000000000001
-12,13,1.6500000000000001
-12,13,1.6500000000000001
-12,13,5.856372694293091
-12,13,29.7
-12,13,1.6500000000000001
-12,13,1.6500000000000001
-12,13,16.09957478650064
-12,13,11.0926348892402
-12,13,1.6500000000000001
-12,13,9.428199602952896
-12,13,1.6500000000000001
-12,13,1.6500000000000001
-12,13,1.6500000000000001
-12,13,1.6500000000000001
-12,13,1.6500000000000001
-12,13,1.6500000000000001
-12,13,1.6500000000000001
-12,13,1.6500000000000001
-12,13,1.6500000000000001
-12,13,12.769592334937272
-12,13,1.6500000000000001
-12,13,4.930866068829216
-12,13,10.852769456839015
-12,13,1.6500000000000001
-12,13,12.033974728827355
-12,13,1.6500000000000001
-12,13,2.7635411648135744
-12,13,1.6500000000000001
-12,13,11.544834376971579
-12,13,1.6500000000000001
-12,13,11.766381854945918
-12,13,1.6500000000000001
-12,13,22.70501293004332
-12,13,1.6500000000000001
-12,13,1.6500000000000001
-12,13,6.887142422534818
-12,13,1.6500000000000001
-12,13,6.566057914257529
-12,13,1.6500000000000001
-12,13,11.17600437324364
-12,13,1.6500000000000001
-12,13,1.6500000000000001
-12,13,5.828300061860775
-12,13,1.6500000000000001
-12,13,1.6500000000000001
-12,13,1.6500000000000001
-12,13,15.021629166614641
-12,13,1.6500000000000001
-12,13,5.157412104086674
-12,13,1.6500000000000001
-12,13,28.60095412335783
-12,13,14.974807500691169
-12,13,7.120410007237795
-12,13,12.971037298165198
-12,13,1.6500000000000001
-12,13,1.6500000000000001
-12,13,1.6500000000000001
-12,13,1.6500000000000001
-12,13,1.6500000000000001
-12,13,25.741939815509088
-12,13,1.6500000000000001
-12,13,1.6500000000000001
-12,13,1.6500000000000001
-12,13,9.243592756780785
-12,13,1.6500000000000001
-12,13,1.6500000000000001
-12,13,29.7
-12,13,1.6500000000000001
-12,13,1.6500000000000001
-12,13,1.6500000000000001
-12,13,1.6500000000000001
-12,13,6.939700986688246
-12,13,1.6500000000000001
-12,13,2.1743069651978457
-12,13,1.6500000000000001
-12,13,1.6500000000000001
-12,13,1.6500000000000001
-12,13,1.6500000000000001
-12,13,12.352424340167913
-12,13,1.6500000000000001
-12,13,22.006706788786463
-12,13,1.6500000000000001
-12,13,14.577249030527083
-12,13,1.6500000000000001
-12,13,1.6500000000000001
-12,13,1.6500000000000001
-12,13,24.76541289888153
-12,13,2.025078103696128
-12,13,1.6500000000000001
-12,13,8.185911442350049
-12,13,1.6500000000000001
-12,13,1.6500000000000001
-12,13,7.955454218441916
-12,12,8.824298113960602
-12,12,1.6500000000000001
-12,12,1.6500000000000001
-12,12,1.6500000000000001
-12,12,9.225152318591775
-12,12,8.076723127048858
-12,12,1.6500000000000001
-12,12,1.6500000000000001
-12,12,8.495363320376025
-12,12,21.703271793922127
-12,12,1.6500000000000001
-12,12,1.6500000000000001
-12,12,1.6500000000000001
-12,12,1.6500000000000001
-12,12,12.755708425936167
-12,12,1.6500000000000001
-12,12,1.6500000000000001
-12,12,3.3751248911776957
-12,12,2.9815975318110173
-12,12,1.6500000000000001
-12,12,1.6500000000000001
-12,12,1.6500000000000001
-12,12,9.045162693970124
-12,12,11.104408255129734
-12,12,14.297699608398771
-12,12,1.6500000000000001
-12,12,1.6500000000000001
-12,12,1.6500000000000001
-12,12,16.982553873920182
-12,12,13.583638778598951
-12,12,2.2629463231932934
-12,12,1.6500000000000001
-12,12,1.6500000000000001
-12,12,7.9434940333409125
-12,12,1.6500000000000001
-12,12,1.6500000000000001
-12,12,1.6500000000000001
-12,12,1.6500000000000001
-12,12,5.422771281866158
-12,12,17.946436778305635
-12,12,14.785778677511521
-12,12,1.6500000000000001
-12,12,12.776666552426644
-12,12,1.6500000000000001
-12,12,1.6500000000000001
-12,12,3.4255307312797463
-12,12,6.7951332653129395
-12,12,1.6500000000000001
-12,12,1.6500000000000001
-12,12,1.6500000000000001
-12,12,1.6500000000000001
-12,12,1.6500000000000001
-12,12,11.872415677711647
-12,12,1.6500000000000001
-12,12,1.6500000000000001
-12,12,9.174212021933632
-12,12,1.6500000000000001
-12,12,1.6500000000000001
-12,12,29.7
-12,12,1.6500000000000001
-12,12,1.6500000000000001
-12,12,1.6500000000000001
-12,12,15.275163522771903
-12,12,1.6500000000000001
-12,12,1.6500000000000001
-12,12,1.6500000000000001
-12,12,1.6500000000000001
-12,12,1.6500000000000001
-12,12,1.6500000000000001
-12,12,1.6500000000000001
-12,12,7.790420038050997
-12,12,6.900163527471475
-12,12,1.6500000000000001
-12,12,1.6500000000000001
-12,12,1.6500000000000001
-12,12,1.6500000000000001
-12,12,1.6500000000000001
-12,12,1.6500000000000001
-12,12,5.701374851114592
-12,12,1.6500000000000001
-12,12,1.6500000000000001
-12,12,1.6500000000000001
-12,12,18.52736219799658
-12,12,18.951204056927143
-12,12,1.6500000000000001
-12,12,1.6500000000000001
-12,12,1.6500000000000001
-12,12,1.6500000000000001
-12,12,1.6500000000000001
-12,12,1.6500000000000001
-12,12,1.6500000000000001
-12,12,17.983424743749218
-12,12,1.6500000000000001
-12,12,14.693759612074052
-12,12,10.310953783245203
-12,12,9.691202806160895
-12,12,4.499463725600636
-12,12,1.6500000000000001
-12,12,1.6500000000000001
-12,12,2.503110479157824
-12,12,1.6500000000000001
-12,12,7.279298476533655
-12,12,3.223669099667638
-12,12,12.653367595290042
-12,12,1.6500000000000001
-12,12,4.6650969342236435
-12,12,8.416251321591444
-12,12,1.6500000000000001
-12,12,4.594163847497251
-12,12,1.6500000000000001
-12,12,1.6500000000000001
-12,12,10.365264642290638
-12,12,1.6500000000000001
-12,12,1.6500000000000001
-12,12,1.6500000000000001
-12,12,11.397886517499966
-12,12,7.40935196421104
-12,12,5.49763818831215
-12,12,1.6500000000000001
-12,12,17.644766802162426
-12,12,2.7766140426970884
-12,12,12.991425641492093
-13,12,1.6500000000000001
-13,12,1.6500000000000001
-13,12,1.6500000000000001
-13,12,5.106260067026078
-13,12,1.6500000000000001
-13,12,1.6500000000000001
-13,12,4.192720061474082
-13,12,3.5333204190962517
-13,12,29.7
-13,12,1.6500000000000001
-13,12,1.6500000000000001
-13,12,1.6500000000000001
-13,12,1.6500000000000001
-13,12,1.6500000000000001
-13,12,17.91489529486796
-13,12,1.6500000000000001
-13,12,13.33429053280076
-13,12,1.6500000000000001
-13,12,1.6500000000000001
-13,12,1.6500000000000001
-13,12,1.6500000000000001
-13,12,1.6500000000000001
-13,12,1.6500000000000001
-13,12,1.6500000000000001
-13,12,1.6500000000000001
-13,12,17.11480855081343
-13,12,1.6500000000000001
-13,12,5.503504317833521
-13,12,19.428814332241252
-13,12,1.6500000000000001
-13,12,1.6500000000000001
-13,12,1.6500000000000001
-13,12,28.29786496580944
-13,12,1.6500000000000001
-13,12,1.6500000000000001
-13,12,1.6500000000000001
-13,12,1.6500000000000001
-13,12,21.700510968856005
-13,12,1.6500000000000001
-13,12,1.6500000000000001
-13,12,19.267323142023173
-13,12,26.868656649215946
-13,12,1.6500000000000001
-13,12,6.1644141506017585
-13,12,1.6500000000000001
-13,12,1.6500000000000001
-13,12,1.6500000000000001
-13,12,1.6500000000000001
-13,12,1.6500000000000001
-13,12,12.685005065512641
-13,12,1.6500000000000001
-13,12,1.6500000000000001
-13,12,1.6500000000000001
-13,12,1.6500000000000001
-13,12,1.6500000000000001
-13,12,1.6500000000000001
-13,12,1.6500000000000001
-13,12,20.594396640053404
-13,12,1.6500000000000001
-13,12,11.830041664312313
-13,12,1.6500000000000001
-13,12,1.6500000000000001
-13,12,1.6500000000000001
-13,12,1.6500000000000001
-13,12,1.6500000000000001
-13,12,13.246400967826357
-13,12,1.6500000000000001
-13,12,1.6500000000000001
-13,12,1.6500000000000001
-13,12,29.7
-13,12,1.6500000000000001
-13,12,1.6500000000000001
-13,12,1.6500000000000001
-13,12,2.148486617029175
-13,12,1.6500000000000001
-13,12,18.160188892806207
-13,12,1.6500000000000001
-13,12,1.6500000000000001
-13,12,5.1142308846966475
-13,12,3.2588083083311137
-13,12,1.6500000000000001
-13,12,1.6500000000000001
-13,12,5.859251499273943
-13,12,12.98600702010119
-13,12,4.49721974788287
-13,12,1.6500000000000001
-13,12,1.6500000000000001
-13,12,1.6500000000000001
-13,12,1.6500000000000001
-13,12,18.25652931244869
-13,12,1.6500000000000001
-13,12,21.000607927604573
-13,12,1.6500000000000001
-13,12,10.48577115069521
-13,12,4.944345933024412
-13,12,2.8154182469208777
-13,12,1.6500000000000001
-13,12,1.6500000000000001
-13,12,18.506967458881913
-13,12,15.276466389906007
-13,12,17.451802823061563
-13,12,1.6500000000000001
-13,12,1.6500000000000001
-13,12,1.6500000000000001
-13,12,4.782723008154748
-13,12,1.6500000000000001
-13,12,3.1013094731041235
-13,12,16.792588900617282
-13,12,10.232211380566387
-13,12,25.96730866217129
-13,12,1.6500000000000001
-13,12,1.6500000000000001
-13,12,17.37818738234285
-13,12,1.6500000000000001
-13,12,10.14719690286919
-13,12,18.426403802561392
-13,12,1.6500000000000001
-13,12,1.6500000000000001
-13,12,13.99213738055472
-13,12,1.6500000000000001
-13,12,1.6500000000000001
-13,12,1.6500000000000001
-13,12,1.6500000000000001
-14,12,1.6500000000000001
-14,12,1.6500000000000001
-14,12,1.6500000000000001
-14,12,1.6500000000000001
-14,12,29.7
-14,12,9.102836689630841
-14,12,1.6500000000000001
-14,12,1.6500000000000001
-14,12,11.707815252403101
-14,12,1.6500000000000001
-14,12,16.050398479223166
-14,12,1.6500000000000001
-14,12,2.810038614506846
-14,12,3.8335286445334447
-14,12,1.6500000000000001
-14,12,1.6500000000000001
-14,12,1.6500000000000001
-14,12,1.6500000000000001
-14,12,9.522078613950452
-14,12,1.6500000000000001
-14,12,1.6500000000000001
-14,12,22.25817236007733
-14,12,1.6500000000000001
-14,12,1.6500000000000001
-14,12,1.6500000000000001
-14,12,8.728040511588512
-14,12,1.6500000000000001
-14,12,9.604819950337681
-14,12,1.6500000000000001
-14,12,3.335110450944173
-14,12,1.6500000000000001
-14,12,8.73356009813209
-14,12,1.6500000000000001
-14,12,8.038467093172216
-14,12,1.6500000000000001
-14,12,1.6500000000000001
-14,12,9.730476705813969
-14,12,7.2180858068878
-14,12,14.275953155074669
-14,12,1.6500000000000001
-14,12,1.6500000000000001
-14,12,5.613631948182277
-14,12,1.6500000000000001
-14,12,18.488848154844185
-14,12,1.6500000000000001
-14,12,24.05366832068184
-14,12,1.6500000000000001
-14,12,1.6500000000000001
-14,12,1.6500000000000001
-14,12,1.6500000000000001
-14,12,1.9916291381708824
-14,12,19.554405007791786
-14,12,1.6500000000000001
-14,12,1.6500000000000001
-14,12,1.6500000000000001
-14,12,16.154492537960717
-14,12,9.491877086514258
-14,12,7.543825400682152
-14,12,1.6500000000000001
-14,12,1.6500000000000001
-14,12,6.97610577090383
-14,12,1.6500000000000001
-14,12,1.6500000000000001
-14,12,1.6500000000000001
-14,12,1.6500000000000001
-14,12,5.845782364382837
-14,12,3.7755259120185602
-14,12,7.558631262066736
-14,12,3.36562135176199
-14,12,13.633900987364662
-14,12,1.6500000000000001
-14,12,1.6500000000000001
-14,12,1.6500000000000001
-14,12,1.6500000000000001
-14,12,1.6500000000000001
-14,12,4.077521428690792
-14,12,1.6500000000000001
-14,12,1.6500000000000001
-14,12,1.6500000000000001
-14,12,1.6500000000000001
-14,12,10.057857035159348
-14,12,6.3160947293860294
-14,12,19.74372674345412
-14,12,1.6500000000000001
-14,12,1.8757969637219727
-14,12,1.6500000000000001
-14,12,1.6500000000000001
-14,12,29.612254675938296
-14,12,1.6500000000000001
-14,12,1.6500000000000001
-14,12,1.663847645453167
-14,12,6.9057441299725255
-14,12,16.904514974322687
-14,12,1.6500000000000001
-14,12,2.9512851807135534
-14,12,24.357578910558814
-14,12,1.6500000000000001
-14,12,1.6500000000000001
-14,12,1.6500000000000001
-14,12,1.6500000000000001
-14,12,1.6500000000000001
-14,12,1.6500000000000001
-14,12,1.6500000000000001
-14,12,1.6500000000000001
-14,12,4.697059981924115
-14,12,12.879260604426001
-14,12,1.6500000000000001
-14,12,4.619488105192464
-14,12,1.6500000000000001
-14,12,5.804776954775348
-14,12,1.6500000000000001
-14,12,1.6500000000000001
-14,12,1.6500000000000001
-14,12,19.761402073402472
-14,12,1.6500000000000001
-14,12,9.292752621361442
-14,12,5.236303542040357
-14,12,25.9814003760456
-14,12,2.4762579177008295
-14,12,1.6500000000000001
-14,12,8.704417252435828
-14,12,2.6994248610613134
-15,12,9.364183396260058
-15,12,13.464086322876025
-15,12,6.481299702885977
-15,12,1.6500000000000001
-15,12,1.6500000000000001
-15,12,1.6500000000000001
-15,12,1.6500000000000001
-15,12,1.6500000000000001
-15,12,2.12466660884372
-15,12,11.921279937600659
-15,12,12.05011273455289
-15,12,1.6500000000000001
-15,12,1.6500000000000001
-15,12,1.6500000000000001
-15,12,1.6500000000000001
-15,12,1.6500000000000001
-15,12,1.6500000000000001
-15,12,10.589836925707223
-15,12,1.6500000000000001
-15,12,1.6500000000000001
-15,12,8.020499555969003
-15,12,1.6500000000000001
-15,12,1.6500000000000001
-15,12,1.6500000000000001
-15,12,1.6500000000000001
-15,12,12.083179010544
-15,12,1.6500000000000001
-15,12,1.7717547551184323
-15,12,1.6500000000000001
-15,12,1.6500000000000001
-15,12,29.7
-15,12,1.6500000000000001
-15,12,1.6500000000000001
-15,12,1.6500000000000001
-15,12,3.23985811227152
-15,12,1.6500000000000001
-15,12,1.6500000000000001
-15,12,1.6500000000000001
-15,12,1.6500000000000001
-15,12,1.6500000000000001
-15,12,1.6500000000000001
-15,12,1.6500000000000001
-15,12,1.6500000000000001
-15,12,1.6500000000000001
-15,12,3.208786792316733
-15,12,4.047167591332551
-15,12,8.48821877524815
-15,12,1.6500000000000001
-15,12,1.6500000000000001
-15,12,1.6500000000000001
-15,12,6.82352858551298
-15,12,1.6500000000000001
-15,12,1.6500000000000001
-15,12,5.528226382086569
-15,12,6.401524718769847
-15,12,1.6500000000000001
-15,12,1.6500000000000001
-15,12,1.6500000000000001
-15,12,1.6500000000000001
-15,12,1.6500000000000001
-15,12,2.7908863410666687
-15,12,1.6500000000000001
-15,12,21.116581577856074
-15,12,1.6500000000000001
-15,12,1.6500000000000001
-15,12,1.6500000000000001
-15,12,1.6500000000000001
-15,12,1.6500000000000001
-15,12,1.6500000000000001
-15,12,1.6500000000000001
-15,12,1.6500000000000001
-15,12,1.6500000000000001
-15,12,27.6072752455637
-15,12,1.6500000000000001
-15,12,1.6500000000000001
-15,12,1.6500000000000001
-15,12,2.1815036479646617
-15,12,9.136075701331862
-15,12,13.758673893948597
-15,12,1.6500000000000001
-15,12,1.6500000000000001
-15,12,1.6500000000000001
-15,12,1.6500000000000001
-15,12,1.6500000000000001
-15,12,15.743821776320633
-15,12,6.845435150459606
-15,12,18.86243446767564
-15,12,1.6500000000000001
-15,12,1.6500000000000001
-15,12,1.6500000000000001
-15,12,1.6500000000000001
-15,12,1.6500000000000001
-15,12,1.6500000000000001
-15,12,1.6500000000000001
-15,12,1.6500000000000001
-15,12,5.9862382812684505
-15,12,14.814090246357765
-15,12,1.6500000000000001
-15,12,1.6500000000000001
-15,12,14.71013614851611
-15,12,1.6500000000000001
-15,12,1.6500000000000001
-15,12,3.358495731835898
-15,12,7.9900420923109685
-15,12,15.812715098147315
-15,12,6.035441125284366
-15,12,1.6500000000000001
-15,12,11.655322546985715
-15,12,6.260951176238759
-15,12,1.6500000000000001
-15,12,1.6500000000000001
-15,12,1.6500000000000001
-15,12,1.6500000000000001
-15,12,1.6500000000000001
-15,12,8.842863030693692
-15,12,1.6500000000000001
-15,12,13.207614049184281
-15,12,1.6500000000000001
-15,12,1.6500000000000001
-15,12,10.9392761257261
-15,12,1.6500000000000001
-15,12,2.885260920665506
-15,13,1.6500000000000001
-15,13,29.7
-15,13,1.6500000000000001
-15,13,1.6500000000000001
-15,13,1.6500000000000001
-15,13,1.6500000000000001
-15,13,1.6500000000000001
-15,13,1.6500000000000001
-15,13,19.343378464766285
-15,13,1.6500000000000001
-15,13,1.6500000000000001
-15,13,10.55351963551563
-15,13,6.6668131036435945
-15,13,19.945228646849557
-15,13,2.0129313438360157
-15,13,1.6500000000000001
-15,13,1.6500000000000001
-15,13,1.6500000000000001
-15,13,1.6500000000000001
-15,13,1.6500000000000001
-15,13,1.6500000000000001
-15,13,1.6500000000000001
-15,13,1.6500000000000001
-15,13,1.6500000000000001
-15,13,1.6500000000000001
-15,13,1.6500000000000001
-15,13,1.6500000000000001
-15,13,1.6500000000000001
-15,13,1.6500000000000001
-15,13,4.701279672139227
-15,13,1.6500000000000001
-15,13,1.6500000000000001
-15,13,5.245494633868354
-15,13,1.6500000000000001
-15,13,15.810949208294137
-15,13,1.6500000000000001
-15,13,1.6500000000000001
-15,13,1.6500000000000001
-15,13,15.272439241961091
-15,13,11.513025769744308
-15,13,1.6500000000000001
-15,13,1.6500000000000001
-15,13,1.6500000000000001
-15,13,1.6500000000000001
-15,13,4.397793914855323
-15,13,13.338248762884593
-15,13,1.6500000000000001
-15,13,1.6500000000000001
-15,13,23.266798309929218
-15,13,16.369896757165495
-15,13,1.6500000000000001
-15,13,1.6500000000000001
-15,13,11.119191173125484
-15,13,1.6500000000000001
-15,13,1.6500000000000001
-15,13,1.6500000000000001
-15,13,1.6500000000000001
-15,13,1.6500000000000001
-15,13,10.1432992855996
-15,13,1.6500000000000001
-15,13,4.156781129685058
-15,13,1.6500000000000001
-15,13,1.6500000000000001
-15,13,25.220169782785213
-15,13,13.535171993921757
-15,13,1.6500000000000001
-15,13,1.6500000000000001
-15,13,1.6500000000000001
-15,13,1.6500000000000001
-15,13,1.6500000000000001
-15,13,1.6500000000000001
-15,13,8.337999524462099
-15,13,1.6500000000000001
-15,13,1.6500000000000001
-15,13,1.6500000000000001
-15,13,1.6500000000000001
-15,13,1.6500000000000001
-15,13,1.6500000000000001
-15,13,1.6500000000000001
-15,13,29.7
-15,13,1.6500000000000001
-15,13,1.6500000000000001
-15,13,1.6500000000000001
-15,13,29.7
-15,13,12.515607975470978
-15,13,1.6500000000000001
-15,13,1.6500000000000001
-15,13,1.6500000000000001
-15,13,6.494876630128088
-15,13,1.6500000000000001
-15,13,7.924648140555831
-15,13,12.911228177597817
-15,13,1.6500000000000001
-15,13,1.6500000000000001
-15,13,1.6500000000000001
-15,13,1.6500000000000001
-15,13,1.6500000000000001
-15,13,1.6500000000000001
-15,13,1.6500000000000001
-15,13,1.6500000000000001
-15,13,1.6500000000000001
-15,13,1.6500000000000001
-15,13,1.6500000000000001
-15,13,13.138575590062608
-15,13,1.6500000000000001
-15,13,1.6500000000000001
-15,13,1.6500000000000001
-15,13,25.475179351769007
-15,13,9.94566042621051
-15,13,1.6500000000000001
-15,13,1.6500000000000001
-15,13,1.6500000000000001
-15,13,21.99791148128471
-15,13,10.155346875184154
-15,13,13.100783685995026
-15,13,29.7
-15,13,1.6500000000000001
-15,13,10.25214548252055
-15,13,1.6500000000000001
-15,13,3.2230057141359314
-15,13,1.6500000000000001
-15,13,1.6500000000000001
-15,12,23.557692534535757
-15,12,1.6500000000000001
-15,12,1.6500000000000001
-15,12,1.6500000000000001
-15,12,1.6500000000000001
-15,12,5.429253160551379
-15,12,3.03784627637405
-15,12,1.6500000000000001
-15,12,1.6500000000000001
-15,12,9.545361710634289
-15,12,1.6500000000000001
-15,12,7.829365029574994
-15,12,1.6500000000000001
-15,12,15.949309023300525
-15,12,4.597365246684591
-15,12,1.6500000000000001
-15,12,1.6500000000000001
-15,12,1.6500000000000001
-15,12,1.6500000000000001
-15,12,2.578661483954268
-15,12,21.156140822294763
-15,12,1.6500000000000001
-15,12,1.6500000000000001
-15,12,16.289056932577637
-15,12,8.01958402547054
-15,12,1.6500000000000001
-15,12,1.6500000000000001
-15,12,1.6500000000000001
-15,12,1.6500000000000001
-15,12,1.6500000000000001
-15,12,1.6500000000000001
-15,12,1.6500000000000001
-15,12,21.65855299843274
-15,12,1.6500000000000001
-15,12,1.6500000000000001
-15,12,1.6500000000000001
-15,12,12.00080891041027
-15,12,1.6500000000000001
-15,12,1.6500000000000001
-15,12,1.6500000000000001
-15,12,17.15624743257141
-15,12,1.6500000000000001
-15,12,29.7
-15,12,8.78386828584995
-15,12,1.6500000000000001
-15,12,1.6500000000000001
-15,12,19.498917357838753
-15,12,4.353490466611104
-15,12,13.363061450988086
-15,12,13.520226221072647
-15,12,1.6500000000000001
-15,12,5.952398574875719
-15,12,1.6500000000000001
-15,12,1.6500000000000001
-15,12,23.64739999468828
-15,12,5.536614435388142
-15,12,19.139998816309543
-15,12,1.6500000000000001
-15,12,1.6500000000000001
-15,12,24.200831630432145
-15,12,1.6500000000000001
-15,12,1.6500000000000001
-15,12,1.6500000000000001
-15,12,11.456488119707577
-15,12,1.6500000000000001
-15,12,1.6500000000000001
-15,12,22.176750916617294
-15,12,10.889691491338013
-15,12,1.6500000000000001
-15,12,12.287070183589828
-15,12,1.6500000000000001
-15,12,14.3765853065268
-15,12,1.6500000000000001
-15,12,1.6500000000000001
-15,12,1.6500000000000001
-15,12,3.5031805150313975
-15,12,9.248695583216492
-15,12,1.6500000000000001
-15,12,9.80612713750119
-15,12,13.173932961167923
-15,12,13.2569756683983
-15,12,17.232763816641807
-15,12,1.6500000000000001
-15,12,20.77144342705029
-15,12,1.6500000000000001
-15,12,1.6500000000000001
-15,12,20.845815378190707
-15,12,1.6500000000000001
-15,12,1.6500000000000001
-15,12,1.6500000000000001
-15,12,1.6500000000000001
-15,12,14.486142102955693
-15,12,1.6500000000000001
-15,12,1.6500000000000001
-15,12,1.6500000000000001
-15,12,6.138858239052428
-15,12,9.538393059129682
-15,12,1.6500000000000001
-15,12,1.6500000000000001
-15,12,1.6500000000000001
-15,12,1.6500000000000001
-15,12,1.6500000000000001
-15,12,28.087064767617907
-15,12,1.6500000000000001
-15,12,1.6500000000000001
-15,12,14.686228678035878
-15,12,1.6500000000000001
-15,12,1.6500000000000001
-15,12,3.4297887029490024
-15,12,1.6500000000000001
-15,12,2.4558999771711085
-15,12,12.096000558308878
-15,12,1.6500000000000001
-15,12,1.6500000000000001
-15,12,3.5077710468162486
-15,12,1.6500000000000001
-15,12,1.6500000000000001
-15,12,9.00426197622117
-15,12,1.6500000000000001
-15,12,1.6500000000000001
-15,12,1.6500000000000001
-15,12,9.06042763230186
-15,11,1.6500000000000001
-15,11,1.6500000000000001
-15,11,7.998462236607096
-15,11,1.6500000000000001
-15,11,1.6500000000000001
-15,11,1.6500000000000001
-15,11,1.6500000000000001
-15,11,1.6500000000000001
-15,11,10.734633944437785
-15,11,4.070628481000793
-15,11,26.46402547054675
-15,11,1.6500000000000001
-15,11,1.6500000000000001
-15,11,1.6500000000000001
-15,11,1.6500000000000001
-15,11,1.6500000000000001
-15,11,3.8856986338019865
-15,11,9.943247977055034
-15,11,1.6500000000000001
-15,11,1.6500000000000001
-15,11,1.6500000000000001
-15,11,1.6500000000000001
-15,11,1.6500000000000001
-15,11,1.6500000000000001
-15,11,1.6500000000000001
-15,11,1.6500000000000001
-15,11,25.19283541596758
-15,11,1.6500000000000001
-15,11,1.6500000000000001
-15,11,1.6500000000000001
-15,11,1.6500000000000001
-15,11,7.812432752423946
-15,11,1.6500000000000001
-15,11,27.896272286976796
-15,11,1.6500000000000001
-15,11,1.6500000000000001
-15,11,9.776894241379877
-15,11,1.6500000000000001
-15,11,21.18613558407183
-15,11,13.912921648637232
-15,11,1.6500000000000001
-15,11,1.6500000000000001
-15,11,1.6500000000000001
-15,11,1.6500000000000001
-15,11,2.8206577081543434
-15,11,1.6500000000000001
-15,11,15.159352294469738
-15,11,1.6500000000000001
-15,11,11.264496765445944
-15,11,3.6084166856448885
-15,11,4.485475928233121
-15,11,1.6500000000000001
-15,11,1.6500000000000001
-15,11,5.283667175457228
-15,11,6.687297891081701
-15,11,1.6500000000000001
-15,11,1.6500000000000001
-15,11,4.177184255809639
-15,11,1.6500000000000001
-15,11,1.6500000000000001
-15,11,1.6500000000000001
-15,11,9.472964464487966
-15,11,1.6500000000000001
-15,11,1.6500000000000001
-15,11,1.6500000000000001
-15,11,6.020738343405782
-15,11,1.6500000000000001
-15,11,5.1427538614599975
-15,11,1.6500000000000001
-15,11,12.01060149905249
-15,11,3.367025150973417
-15,11,8.891063898852712
-15,11,1.6500000000000001
-15,11,24.701688919016455
-15,11,1.6500000000000001
-15,11,9.714650474122081
-15,11,1.6500000000000001
-15,11,5.174156338623216
-15,11,1.6500000000000001
-15,11,3.7104166586100424
-15,11,1.6500000000000001
-15,11,1.6500000000000001
-15,11,1.6500000000000001
-15,11,1.6500000000000001
-15,11,1.6500000000000001
-15,11,1.6500000000000001
-15,11,1.6500000000000001
-15,11,1.6500000000000001
-15,11,1.6500000000000001
-15,11,3.901849001157139
-15,11,3.9076901406090623
-15,11,1.6500000000000001
-15,11,1.6500000000000001
-15,11,1.8175138836631937
-15,11,10.89080452866898
-15,11,3.610044382330514
-15,11,1.6500000000000001
-15,11,1.6500000000000001
-15,11,25.717209906246033
-15,11,1.6500000000000001
-15,11,1.6500000000000001
-15,11,7.995320478664308
-15,11,1.6500000000000001
-15,11,2.4975180758122217
-15,11,1.6500000000000001
-15,11,1.6500000000000001
-15,11,1.6500000000000001
-15,11,3.946493395543576
-15,11,3.9657860322092873
-15,11,1.6500000000000001
-15,11,4.906210543134104
-15,11,17.103041827231866
-15,11,1.6500000000000001
-15,11,1.6500000000000001
-15,11,1.6500000000000001
-15,11,1.6500000000000001
-15,11,1.6500000000000001
-15,11,1.6500000000000001
-15,11,1.6500000000000001
-15,11,1.6500000000000001
-15,11,19.812901045534833
-15,11,1.6500000000000001
-15,11,1.6500000000000001
-15,10,1.6500000000000001
-15,10,1.6500000000000001
-15,10,5.56267850625051
-15,10,1.6500000000000001
-15,10,1.6500000000000001
-15,10,1.6500000000000001
-15,10,1.6500000000000001
-15,10,16.265273166650044
-15,10,1.6500000000000001
-15,10,1.6500000000000001
-15,10,16.254772907109732
-15,10,1.6500000000000001
-15,10,1.6500000000000001
-15,10,1.6500000000000001
-15,10,1.6500000000000001
-15,10,1.6500000000000001
-15,10,1.6500000000000001
-15,10,12.417130454982297
-15,10,1.6500000000000001
-15,10,1.6500000000000001
-15,10,1.6500000000000001
-15,10,1.6500000000000001
-15,10,1.6500000000000001
-15,10,1.6500000000000001
-15,10,7.152049865655494
-15,10,1.6500000000000001
-15,10,21.28511539171008
-15,10,18.92252690977301
-15,10,4.877278949515472
-15,10,1.6500000000000001
-15,10,1.6500000000000001
-15,10,1.6500000000000001
-15,10,1.6500000000000001
-15,10,1.6500000000000001
-15,10,1.6500000000000001
-15,10,5.172372897082934
-15,10,1.6500000000000001
-15,10,15.62178984078308
-15,10,1.6500000000000001
-15,10,1.6500000000000001
-15,10,1.6500000000000001
-15,10,1.6500000000000001
-15,10,1.6500000000000001
-15,10,1.6500000000000001
-15,10,1.6500000000000001
-15,10,1.6500000000000001
-15,10,1.6500000000000001
-15,10,4.562045547030787
-15,10,1.6500000000000001
-15,10,9.075069135163771
-15,10,15.966229779678665
-15,10,1.6500000000000001
-15,10,9.901663430144875
-15,10,15.707932063454493
-15,10,1.6500000000000001
-15,10,1.6500000000000001
-15,10,7.885051006884131
-15,10,1.6500000000000001
-15,10,8.647077326855525
-15,10,3.4951212700164973
-15,10,4.161548086117836
-15,10,1.6500000000000001
-15,10,7.04927859032885
-15,10,1.6500000000000001
-15,10,1.6500000000000001
-15,10,1.6500000000000001
-15,10,12.156421572044202
-15,10,1.6500000000000001
-15,10,1.6500000000000001
-15,10,11.168411624458948
-15,10,3.8608623954255057
-15,10,13.512131610225172
-15,10,4.438026341817942
-15,10,25.62053326800934
-15,10,1.6500000000000001
-15,10,21.666138579321643
-15,10,1.6500000000000001
-15,10,9.18960750054217
-15,10,3.107237704896754
-15,10,1.6500000000000001
-15,10,1.6500000000000001
-15,10,7.256684324991943
-15,10,1.6500000000000001
-15,10,20.300007832561665
-15,10,8.8409808694581
-15,10,25.666245945289965
-15,10,1.6500000000000001
-15,10,1.6500000000000001
-15,10,1.6500000000000001
-15,10,1.6500000000000001
-15,10,1.6500000000000001
-15,10,3.552571068276828
-15,10,9.22522487781159
-15,10,1.6500000000000001
-15,10,1.6500000000000001
-15,10,11.403343950795238
-15,10,1.6500000000000001
-15,10,19.975521622776693
-15,10,13.832285027085625
-15,10,1.6500000000000001
-15,10,1.6500000000000001
-15,10,1.6500000000000001
-15,10,1.6500000000000001
-15,10,1.6500000000000001
-15,10,20.158325281568633
-15,10,1.6500000000000001
-15,10,1.6500000000000001
-15,10,1.6500000000000001
-15,10,1.6500000000000001
-15,10,1.6500000000000001
-15,10,8.543557540598755
-15,10,13.068589193113421
-15,10,3.542822978523523
-15,10,1.6500000000000001
-15,10,1.9245136114892838
-15,10,1.6500000000000001
-15,10,1.6500000000000001
-15,10,26.12225838151948
-15,10,1.6500000000000001
-15,10,4.469324005585856
-15,10,1.6500000000000001
-15,10,12.173327727805226
-15,9,1.6500000000000001
-15,9,1.6500000000000001
-15,9,1.6500000000000001
-15,9,1.6500000000000001
-15,9,1.6500000000000001
-15,9,4.922393199513223
-15,9,1.6500000000000001
-15,9,1.6500000000000001
-15,9,3.9967381378945195
-15,9,21.440270827615844
-15,9,1.881951270664847
-15,9,6.923899418478683
-15,9,1.6500000000000001
-15,9,12.530278066672626
-15,9,3.7493793421965744
-15,9,23.660248301865714
-15,9,14.71864106312367
-15,9,1.6500000000000001
-15,9,1.6500000000000001
-15,9,9.109262153615767
-15,9,1.6500000000000001
-15,9,12.147299854524144
-15,9,1.6500000000000001
-15,9,1.6500000000000001
-15,9,12.79600359918158
-15,9,1.6500000000000001
-15,9,9.170089937145644
-15,9,1.6500000000000001
-15,9,24.8198305227692
-15,9,1.6500000000000001
-15,9,1.6500000000000001
-15,9,1.6500000000000001
-15,9,1.6500000000000001
-15,9,1.6500000000000001
-15,9,1.6500000000000001
-15,9,1.844981089393166
-15,9,5.9314939139065554
-15,9,12.923390727560445
-15,9,1.6500000000000001
-15,9,1.6500000000000001
-15,9,1.6500000000000001
-15,9,17.30781967690977
-15,9,1.6500000000000001
-15,9,1.6500000000000001
-15,9,1.6500000000000001
-15,9,1.6500000000000001
-15,9,1.6500000000000001
-15,9,4.81088828707063
-15,9,3.7457103921596246
-15,9,3.7373369943415167
-15,9,1.6500000000000001
-15,9,1.6500000000000001
-15,9,18.050125822189198
-15,9,1.6500000000000001
-15,9,1.6500000000000001
-15,9,1.6500000000000001
-15,9,7.9996690397073875
-15,9,1.6500000000000001
-15,9,1.6500000000000001
-15,9,1.6500000000000001
-15,9,1.6500000000000001
-15,9,25.49670117665255
-15,9,1.6500000000000001
-15,9,1.6500000000000001
-15,9,1.6500000000000001
-15,9,1.6500000000000001
-15,9,1.6500000000000001
-15,9,1.6500000000000001
-15,9,19.334335585309894
-15,9,1.6500000000000001
-15,9,7.951736019329031
-15,9,1.6500000000000001
-15,9,12.789013024097866
-15,9,1.6500000000000001
-15,9,8.749102633379765
-15,9,1.6500000000000001
-15,9,1.6500000000000001
-15,9,1.6500000000000001
-15,9,1.6500000000000001
-15,9,18.68402467667274
-15,9,1.6500000000000001
-15,9,19.540538800353378
-15,9,3.4731712319451464
-15,9,9.124044763070788
-15,9,3.7876433612618343
-15,9,1.6500000000000001
-15,9,1.6500000000000001
-15,9,4.871511492925409
-15,9,9.264344868279705
-15,9,13.757518858767874
-15,9,1.6500000000000001
-15,9,17.992468496013
-15,9,1.6500000000000001
-15,9,2.711624088176616
-15,9,1.6500000000000001
-15,9,1.6500000000000001
-15,9,1.6500000000000001
-15,9,10.985032906360159
-15,9,1.6500000000000001
-15,9,9.893738951003568
-15,9,1.6500000000000001
-15,9,3.6229613185227194
-15,9,4.881281146875077
-15,9,29.7
-15,9,1.6500000000000001
-15,9,1.6500000000000001
-15,9,13.336216088247902
-15,9,1.6500000000000001
-15,9,7.831213460137363
-15,9,18.325778214826112
-15,9,1.6500000000000001
-15,9,1.6500000000000001
-15,9,25.365426177578136
-15,9,1.6500000000000001
-15,9,16.077617196433096
-15,9,1.6500000000000001
-15,9,1.6500000000000001
-15,9,1.6500000000000001
-15,9,15.787491028987954
-15,9,1.6500000000000001
-15,9,1.6500000000000001
-15,9,15.653482166732639
-15,10,18.309169253579206
-15,10,1.6500000000000001
-15,10,1.6500000000000001
-15,10,12.311378647302558
-15,10,9.900629858075495
-15,10,2.071427511470722
-15,10,1.6500000000000001
-15,10,5.063891760067747
-15,10,1.6500000000000001
-15,10,5.771193387771431
-15,10,1.6500000000000001
-15,10,2.72415784516962
-15,10,1.6500000000000001
-15,10,3.0891709518731707
-15,10,18.831439678051904
-15,10,1.6500000000000001
-15,10,23.890218112115896
-15,10,1.6500000000000001
-15,10,1.6500000000000001
-15,10,1.6500000000000001
-15,10,1.6500000000000001
-15,10,1.6500000000000001
-15,10,1.6500000000000001
-15,10,14.441258584513363
-15,10,2.644938878286773
-15,10,1.6500000000000001
-15,10,14.43332661999704
-15,10,1.6500000000000001
-15,10,1.6500000000000001
-15,10,17.891241493778995
-15,10,8.153535510334528
-15,10,1.6500000000000001
-15,10,1.6500000000000001
-15,10,1.6500000000000001
-15,10,1.6500000000000001
-15,10,12.136787705149493
-15,10,11.43890995639767
-15,10,1.6500000000000001
-15,10,1.6500000000000001
-15,10,4.42889242508693
-15,10,8.195610098551942
-15,10,1.6500000000000001
-15,10,1.6500000000000001
-15,10,6.165852406075107
-15,10,1.6500000000000001
-15,10,1.6500000000000001
-15,10,28.690111264229472
-15,10,10.45642983171003
-15,10,1.6500000000000001
-15,10,1.6500000000000001
-15,10,3.2565855890003315
-15,10,1.6500000000000001
-15,10,1.6500000000000001
-15,10,11.080114477347227
-15,10,13.617283096640303
-15,10,1.6500000000000001
-15,10,27.92814291619188
-15,10,1.6500000000000001
-15,10,1.729761574303316
-15,10,8.568493132030273
-15,10,13.00633905711397
-15,10,1.6500000000000001
-15,10,1.6500000000000001
-15,10,19.048448584881562
-15,10,1.6500000000000001
-15,10,15.650683363246081
-15,10,1.6500000000000001
-15,10,12.710164826260234
-15,10,1.6500000000000001
-15,10,18.811228027649193
-15,10,1.6500000000000001
-15,10,6.748682806637931
-15,10,3.278958404783599
-15,10,1.6500000000000001
-15,10,1.6500000000000001
-15,10,1.6500000000000001
-15,10,5.491831936431588
-15,10,8.726497242779693
-15,10,1.6500000000000001
-15,10,1.6500000000000001
-15,10,1.6500000000000001
-15,10,1.6500000000000001
-15,10,1.6500000000000001
-15,10,1.6500000000000001
-15,10,22.488627360506722
-15,10,1.6500000000000001
-15,10,1.6500000000000001
-15,10,1.6500000000000001
-15,10,1.6500000000000001
-15,10,4.711471872295005
-15,10,1.6500000000000001
-15,10,1.6500000000000001
-15,10,9.996066035999362
-15,10,1.6500000000000001
-15,10,1.6500000000000001
-15,10,1.6500000000000001
-15,10,1.6500000000000001
-15,10,1.6500000000000001
-15,10,1.6500000000000001
-15,10,1.6500000000000001
-15,10,2.8503219332718537
-15,10,1.6500000000000001
-15,10,11.592998919544037
-15,10,13.009211126819448
-15,10,1.6500000000000001
-15,10,1.6500000000000001
-15,10,9.443741170566867
-15,10,12.283917911514502
-15,10,14.387725186398484
-15,10,1.6500000000000001
-15,10,1.6500000000000001
-15,10,1.6500000000000001
-15,10,1.6500000000000001
-15,10,1.6500000000000001
-15,10,1.6500000000000001
-15,10,1.6500000000000001
-15,10,3.504759656126242
-15,10,1.6500000000000001
-15,10,2.9792483770559173
-15,10,1.9270534912323707
-15,10,17.979406879876148
-15,10,1.6500000000000001
-15,9,1.6500000000000001
-15,9,1.6500000000000001
-15,9,1.6500000000000001
-15,9,1.6500000000000001
-15,9,1.6500000000000001
-15,9,1.6500000000000001
-15,9,1.6500000000000001
-15,9,1.6500000000000001
-15,9,8.999337855187147
-15,9,17.83099821581755
-15,9,29.7
-15,9,12.279143330462878
-15,9,1.6500000000000001
-15,9,2.9552988486610454
-15,9,1.6500000000000001
-15,9,1.6500000000000001
-15,9,2.5383180641476724
-15,9,11.408986880213037
-15,9,16.01201593179723
-15,9,1.6500000000000001
-15,9,1.6500000000000001
-15,9,1.6500000000000001
-15,9,1.6500000000000001
-15,9,1.6500000000000001
-15,9,6.439337017977649
-15,9,19.21916793458551
-15,9,9.430707672026722
-15,9,2.601530975729964
-15,9,1.6500000000000001
-15,9,7.757479285321842
-15,9,1.6500000000000001
-15,9,8.688051083395099
-15,9,6.534920649830274
-15,9,5.648105497251232
-15,9,2.004881523372081
-15,9,1.6500000000000001
-15,9,1.6500000000000001
-15,9,1.6500000000000001
-15,9,3.6586330644043144
-15,9,2.0907273835227556
-15,9,6.556422093513198
-15,9,1.6500000000000001
-15,9,14.94285189886308
-15,9,19.42060563183293
-15,9,1.6500000000000001
-15,9,4.6203643566165695
-15,9,1.6500000000000001
-15,9,16.246559100322433
-15,9,17.7374105032171
-15,9,1.6500000000000001
-15,9,1.6500000000000001
-15,9,1.6500000000000001
-15,9,1.6500000000000001
-15,9,1.6500000000000001
-15,9,13.079023175168054
-15,9,4.058719332596695
-15,9,1.6500000000000001
-15,9,1.6500000000000001
-15,9,17.925784743032317
-15,9,1.6500000000000001
-15,9,1.6500000000000001
-15,9,1.6500000000000001
-15,9,1.6500000000000001
-15,9,1.6500000000000001
-15,9,1.6500000000000001
-15,9,1.6500000000000001
-15,9,2.3463753443225652
-15,9,1.6500000000000001
-15,9,18.54310017473937
-15,9,1.6500000000000001
-15,9,1.6500000000000001
-15,9,1.6500000000000001
-15,9,1.6500000000000001
-15,9,1.6500000000000001
-15,9,1.6500000000000001
-15,9,28.945517519180974
-15,9,14.802056410171977
-15,9,1.6500000000000001
-15,9,1.6500000000000001
-15,9,15.677616383220457
-15,9,1.6500000000000001
-15,9,23.10272483495718
-15,9,1.6500000000000001
-15,9,1.6500000000000001
-15,9,4.9729027703465505
-15,9,1.6500000000000001
-15,9,4.014144338803996
-15,9,1.6500000000000001
-15,9,7.179528867300251
-15,9,1.6500000000000001
-15,9,1.6500000000000001
-15,9,1.6500000000000001
-15,9,1.6500000000000001
-15,9,7.0755832776648315
-15,9,2.4361541318644053
-15,9,1.6500000000000001
-15,9,1.6500000000000001
-15,9,1.6500000000000001
-15,9,1.6500000000000001
-15,9,1.6500000000000001
-15,9,1.6500000000000001
-15,9,6.32706763619966
-15,9,1.6500000000000001
-15,9,10.706683742943847
-15,9,5.536559920766834
-15,9,8.453440794490191
-15,9,13.683287392343042
-15,9,23.211381473808558
-15,9,1.6500000000000001
-15,9,3.694328765333493
-15,9,1.6500000000000001
-15,9,1.6500000000000001
-15,9,1.6500000000000001
-15,9,14.323255849247372
-15,9,3.78193480857729
-15,9,1.6500000000000001
-15,9,20.114143890106753
-15,9,13.243457107798976
-15,9,1.6500000000000001
-15,9,1.6500000000000001
-15,9,1.6500000000000001
-15,9,1.6500000000000001
-15,10,1.6500000000000001
-15,10,1.6500000000000001
-15,10,17.491672030509935
-15,10,3.9790978587965817
-15,10,1.6500000000000001
-15,10,1.6500000000000001
-15,10,8.89971280594428
-15,10,1.6500000000000001
-15,10,1.6500000000000001
-15,10,1.6500000000000001
-15,10,1.6500000000000001
-15,10,1.6500000000000001
-15,10,16.938430313284467
-15,10,13.903434056530752
-15,10,1.6500000000000001
-15,10,1.6500000000000001
-15,10,1.6500000000000001
-15,10,1.6500000000000001
-15,10,1.6500000000000001
-15,10,4.827595142235348
-15,10,13.472038058649566
-15,10,16.664326129851943
-15,10,1.6500000000000001
-15,10,2.5591921677090745
-15,10,1.6500000000000001
-15,10,1.6500000000000001
-15,10,16.31594833005383
-15,10,1.6500000000000001
-15,10,1.6500000000000001
-15,10,1.6500000000000001
-15,10,14.254475524573563
-15,10,1.6500000000000001
-15,10,4.263597937604903
-15,10,1.6500000000000001
-15,10,1.6500000000000001
-15,10,1.6500000000000001
-15,10,1.6500000000000001
-15,10,1.6500000000000001
-15,10,1.6500000000000001
-15,10,20.391423282198037
-15,10,1.6500000000000001
-15,10,29.7
-15,10,1.6500000000000001
-15,10,1.6500000000000001
-15,10,4.988149559186334
-15,10,1.6500000000000001
-15,10,1.6500000000000001
-15,10,1.6500000000000001
-15,10,1.6500000000000001
-15,10,13.56997630416485
-15,10,1.6500000000000001
-15,10,1.6500000000000001
-15,10,15.925954339052524
-15,10,15.114725060549416
-15,10,1.6500000000000001
-15,10,1.6500000000000001
-15,10,4.284596108551991
-15,10,4.471625769099885
-15,10,6.2130447328577505
-15,10,1.6500000000000001
-15,10,1.6500000000000001
-15,10,1.6500000000000001
-15,10,1.6500000000000001
-15,10,1.6500000000000001
-15,10,11.815701352493557
-15,10,1.6500000000000001
-15,10,1.6500000000000001
-15,10,1.6500000000000001
-15,10,16.909066975219062
-15,10,1.6500000000000001
-15,10,1.6500000000000001
-15,10,1.6500000000000001
-15,10,6.166950808685146
-15,10,1.6500000000000001
-15,10,18.96572607164851
-15,10,1.6500000000000001
-15,10,1.6500000000000001
-15,10,1.6500000000000001
-15,10,7.808062986077977
-15,10,26.998817006256466
-15,10,1.6500000000000001
-15,10,1.6500000000000001
-15,10,2.6038131915338116
-15,10,1.6761804948534547
-15,10,1.6500000000000001
-15,10,2.3525999719652777
-15,10,1.6500000000000001
-15,10,1.6500000000000001
-15,10,3.715359971795289
-15,10,15.15995943005363
-15,10,1.6500000000000001
-15,10,1.940588292312755
-15,10,10.33408337102821
-15,10,11.727773827265194
-15,10,12.933491606013476
-15,10,1.6500000000000001
-15,10,17.694543347469953
-15,10,1.6500000000000001
-15,10,1.6500000000000001
-15,10,1.6500000000000001
-15,10,13.970198378195963
-15,10,19.412872856765574
-15,10,1.6500000000000001
-15,10,13.930618929477525
-15,10,1.6500000000000001
-15,10,1.6500000000000001
-15,10,1.6500000000000001
-15,10,13.802670188292222
-15,10,16.77778158952669
-15,10,1.6500000000000001
-15,10,13.581534898432722
-15,10,1.6500000000000001
-15,10,1.6500000000000001
-15,10,1.6500000000000001
-15,10,17.16782087539693
-15,10,10.222659913362994
-15,10,1.6500000000000001
-15,10,1.6500000000000001
-15,10,1.6500000000000001
-15,10,7.117193258355456
-15,10,1.6500000000000001
-15,10,4.207242562085779
-15,10,1.6500000000000001
-15,9,1.6500000000000001
-15,9,2.725050514906627
-15,9,12.57171396614931
-15,9,1.6500000000000001
-15,9,1.6500000000000001
-15,9,1.6500000000000001
-15,9,13.337533464111612
-15,9,1.6500000000000001
-15,9,18.625058642254487
-15,9,1.6500000000000001
-15,9,1.6500000000000001
-15,9,1.6500000000000001
-15,9,2.9148654012748594
-15,9,1.6500000000000001
-15,9,14.313542541166276
-15,9,1.6500000000000001
-15,9,2.0876242607963644
-15,9,4.537706696005646
-15,9,1.6500000000000001
-15,9,1.6500000000000001
-15,9,1.6500000000000001
-15,9,1.68071555919808
-15,9,1.6500000000000001
-15,9,25.319701146928825
-15,9,1.6500000000000001
-15,9,1.6500000000000001
-15,9,10.034646025028039
-15,9,1.7935666713405842
-15,9,2.0901888145464786
-15,9,1.6500000000000001
-15,9,1.6500000000000001
-15,9,1.6500000000000001
-15,9,3.254772262827448
-15,9,1.6500000000000001
-15,9,6.571872416697522
-15,9,10.410647897960416
-15,9,1.6500000000000001
-15,9,1.6500000000000001
-15,9,1.6500000000000001
-15,9,1.6500000000000001
-15,9,1.6500000000000001
-15,9,1.6500000000000001
-15,9,1.6500000000000001
-15,9,1.6500000000000001
-15,9,1.6500000000000001
-15,9,1.6500000000000001
-15,9,1.6500000000000001
-15,9,16.00558687909892
-15,9,11.111335339184016
-15,9,1.6500000000000001
-15,9,1.6500000000000001
-15,9,20.847122183072102
-15,9,1.6500000000000001
-15,9,1.6500000000000001
-15,9,1.6500000000000001
-15,9,1.6500000000000001
-15,9,6.989325077836703
-15,9,3.999391412079086
-15,9,13.214447507111927
-15,9,15.997742418781977
-15,9,1.6500000000000001
-15,9,1.6500000000000001
-15,9,1.6500000000000001
-15,9,1.6500000000000001
-15,9,1.6500000000000001
-15,9,1.6500000000000001
-15,9,1.6500000000000001
-15,9,1.6500000000000001
-15,9,13.920364795427416
-15,9,1.6500000000000001
-15,9,1.6500000000000001
-15,9,16.71994997920802
-15,9,1.6500000000000001
-15,9,1.6500000000000001
-15,9,8.440274802460722
-15,9,6.378573114636473
-15,9,1.6500000000000001
-15,9,1.6500000000000001
-15,9,1.6500000000000001
-15,9,1.6500000000000001
-15,9,1.6500000000000001
-15,9,1.6500000000000001
-15,9,29.7
-15,9,1.6500000000000001
-15,9,1.6500000000000001
-15,9,22.964403127514032
-15,9,1.6500000000000001
-15,9,15.157326767483632
-15,9,1.6500000000000001
-15,9,13.61930693452544
-15,9,1.6500000000000001
-15,9,20.083574114415505
-15,9,1.6500000000000001
-15,9,3.464971035671849
-15,9,1.6500000000000001
-15,9,1.6500000000000001
-15,9,8.671757941692496
-15,9,8.338407363146832
-15,9,1.6500000000000001
-15,9,1.6500000000000001
-15,9,8.625301826226298
-15,9,1.8924113434418912
-15,9,26.665288911495466
-15,9,27.62624138006758
-15,9,1.6500000000000001
-15,9,1.6500000000000001
-15,9,17.66309058363015
-15,9,1.6500000000000001
-15,9,20.495657828165218
-15,9,7.056692842245129
-15,9,1.6500000000000001
-15,9,1.6500000000000001
-15,9,1.6500000000000001
-15,9,1.6500000000000001
-15,9,1.6500000000000001
-15,9,19.586159739894402
-15,9,12.335193289495127
-15,9,17.86667770993881
-15,9,1.6500000000000001
-15,9,4.847657103160628
-15,9,1.6500000000000001
-15,9,1.6500000000000001
-15,8,1.6500000000000001
-15,8,1.6500000000000001
-15,8,1.6500000000000001
-15,8,18.228187540076977
-15,8,3.453445633828968
-15,8,1.6500000000000001
-15,8,1.6500000000000001
-15,8,1.6500000000000001
-15,8,1.6500000000000001
-15,8,1.6500000000000001
-15,8,1.6673174936730368
-15,8,1.6500000000000001
-15,8,1.6500000000000001
-15,8,13.317164777661622
-15,8,1.6500000000000001
-15,8,1.6500000000000001
-15,8,22.079045458991587
-15,8,1.6500000000000001
-15,8,1.6500000000000001
-15,8,16.57653554434645
-15,8,1.6500000000000001
-15,8,1.6500000000000001
-15,8,1.6500000000000001
-15,8,6.708770329257516
-15,8,1.6500000000000001
-15,8,1.6500000000000001
-15,8,1.6500000000000001
-15,8,19.28287590889128
-15,8,12.626247084108297
-15,8,1.6500000000000001
-15,8,25.483246605255168
-15,8,5.287569321436859
-15,8,19.420941456370016
-15,8,3.5417701923592166
-15,8,10.019266396061408
-15,8,9.538199147442308
-15,8,2.926657228156228
-15,8,1.6500000000000001
-15,8,1.6500000000000001
-15,8,1.6500000000000001
-15,8,17.26213696769809
-15,8,9.765067870167456
-15,8,1.6500000000000001
-15,8,14.883860054190034
-15,8,1.6500000000000001
-15,8,1.6500000000000001
-15,8,1.6500000000000001
-15,8,1.6500000000000001
-15,8,20.887179899026652
-15,8,1.6500000000000001
-15,8,1.6500000000000001
-15,8,1.6500000000000001
-15,8,1.6500000000000001
-15,8,1.6500000000000001
-15,8,1.6500000000000001
-15,8,1.6500000000000001
-15,8,1.6500000000000001
-15,8,1.6500000000000001
-15,8,26.229993152463038
-15,8,18.446689869722135
-15,8,1.6500000000000001
-15,8,12.100036445444122
-15,8,24.391740596531484
-15,8,1.6500000000000001
-15,8,5.7565883486391956
-15,8,8.937219422857545
-15,8,1.6500000000000001
-15,8,1.6500000000000001
-15,8,1.6500000000000001
-15,8,6.817152286020898
-15,8,1.6500000000000001
-15,8,1.6500000000000001
-15,8,1.6500000000000001
-15,8,1.6500000000000001
-15,8,1.6500000000000001
-15,8,11.444008223036498
-15,8,20.715608297904943
-15,8,5.859047619137243
-15,8,19.965691990347448
-15,8,1.6500000000000001
-15,8,19.633065601324706
-15,8,24.27389688904094
-15,8,15.04994116847312
-15,8,14.586531607723161
-15,8,1.6500000000000001
-15,8,1.6500000000000001
-15,8,8.201673631632175
-15,8,1.6500000000000001
-15,8,1.6500000000000001
-15,8,2.771606538919672
-15,8,1.6500000000000001
-15,8,26.454451537786152
-15,8,10.123613862656022
-15,8,1.6500000000000001
-15,8,1.6500000000000001
-15,8,1.6500000000000001
-15,8,1.6500000000000001
-15,8,3.2247792808792575
-15,8,29.7
-15,8,5.496232400408092
-15,8,10.558036503358815
-15,8,1.6500000000000001
-15,8,1.6500000000000001
-15,8,1.6500000000000001
-15,8,1.6500000000000001
-15,8,1.6500000000000001
-15,8,2.8904630803835403
-15,8,7.407724137547076
-15,8,12.379103502635338
-15,8,1.6500000000000001
-15,8,1.9968295753832892
-15,8,1.6500000000000001
-15,8,1.6500000000000001
-15,8,15.175246148106297
-15,8,26.932261778958217
-15,8,27.756909696187407
-15,8,1.6500000000000001
-15,8,1.6500000000000001
-15,8,11.447860177325069
-15,8,20.119675733599685
-15,8,12.23317242496438
-15,8,22.78603176810236
-15,7,6.838334442940836
-15,7,5.418711513383645
-15,7,12.755229235134797
-15,7,11.197646501631294
-15,7,1.6500000000000001
-15,7,1.6500000000000001
-15,7,1.6500000000000001
-15,7,11.683898509690977
-15,7,1.6500000000000001
-15,7,28.74876756855984
-15,7,1.6500000000000001
-15,7,1.6500000000000001
-15,7,1.6500000000000001
-15,7,1.6500000000000001
-15,7,7.462655108882837
-15,7,1.7006362648383195
-15,7,8.209435951768254
-15,7,19.45280662127445
-15,7,29.7
-15,7,1.6500000000000001
-15,7,1.6500000000000001
-15,7,1.6500000000000001
-15,7,1.6500000000000001
-15,7,18.900604265776554
-15,7,1.6500000000000001
-15,7,1.6500000000000001
-15,7,10.518399193868309
-15,7,1.6500000000000001
-15,7,1.6500000000000001
-15,7,2.4665212648622514
-15,7,1.6500000000000001
-15,7,12.666147284414572
-15,7,1.6500000000000001
-15,7,1.6500000000000001
-15,7,1.6500000000000001
-15,7,29.7
-15,7,1.6500000000000001
-15,7,15.120300704814975
-15,7,21.15315682832809
-15,7,1.6500000000000001
-15,7,1.6500000000000001
-15,7,1.6500000000000001
-15,7,22.58772575976123
-15,7,1.6500000000000001
-15,7,29.7
-15,7,14.208544290853194
-15,7,1.6500000000000001
-15,7,1.6500000000000001
-15,7,1.6500000000000001
-15,7,1.6500000000000001
-15,7,1.6500000000000001
-15,7,1.6500000000000001
-15,7,1.6500000000000001
-15,7,13.46413066955683
-15,7,18.83264566260993
-15,7,1.6500000000000001
-15,7,1.6500000000000001
-15,7,1.6500000000000001
-15,7,1.6500000000000001
-15,7,1.6500000000000001
-15,7,1.6500000000000001
-15,7,1.6500000000000001
-15,7,1.6500000000000001
-15,7,1.6500000000000001
-15,7,1.6500000000000001
-15,7,8.481382765329894
-15,7,1.6500000000000001
-15,7,1.6500000000000001
-15,7,1.6500000000000001
-15,7,6.6644489563328415
-15,7,1.6500000000000001
-15,7,1.6500000000000001
-15,7,1.6500000000000001
-15,7,1.6500000000000001
-15,7,1.6500000000000001
-15,7,18.366588184943296
-15,7,14.539611735352132
-15,7,1.6500000000000001
-15,7,23.319403356565957
-15,7,3.1883527547335175
-15,7,1.6500000000000001
-15,7,1.6500000000000001
-15,7,28.793201179724118
-15,7,1.6500000000000001
-15,7,1.6500000000000001
-15,7,9.575424089339265
-15,7,8.55936275176565
-15,7,1.6500000000000001
-15,7,1.6500000000000001
-15,7,1.6500000000000001
-15,7,9.103290620559367
-15,7,1.6500000000000001
-15,7,7.750768202827901
-15,7,5.371197135178649
-15,7,1.6500000000000001
-15,7,23.64201015736427
-15,7,1.6500000000000001
-15,7,21.97612520350529
-15,7,1.6500000000000001
-15,7,5.776220390092173
-15,7,1.6500000000000001
-15,7,1.6500000000000001
-15,7,12.449280380997852
-15,7,1.6500000000000001
-15,7,1.6500000000000001
-15,7,2.485554113675562
-15,7,1.6500000000000001
-15,7,1.6500000000000001
-15,7,1.6500000000000001
-15,7,11.25222383265673
-15,7,22.848098757429646
-15,7,7.349051884297102
-15,7,1.6500000000000001
-15,7,1.6500000000000001
-15,7,17.645808916915037
-15,7,1.6500000000000001
-15,7,3.1362934805413465
-15,7,11.986355675896707
-15,7,1.6500000000000001
-15,7,4.243433408370683
-15,7,1.6500000000000001
-15,7,1.6500000000000001
-15,8,9.469710860656518
-15,8,1.6500000000000001
-15,8,6.27176724965366
-15,8,16.747517624154465
-15,8,2.439533545544371
-15,8,1.6500000000000001
-15,8,15.077141938118254
-15,8,1.6500000000000001
-15,8,18.334168737847083
-15,8,3.5967651910872536
-15,8,1.6500000000000001
-15,8,12.4510663420812
-15,8,1.6500000000000001
-15,8,1.6500000000000001
-15,8,2.364315868481025
-15,8,1.6500000000000001
-15,8,10.797107593589965
-15,8,3.5697446677587585
-15,8,11.832936921199682
-15,8,5.369737397270876
-15,8,1.6500000000000001
-15,8,1.6500000000000001
-15,8,1.6500000000000001
-15,8,1.6500000000000001
-15,8,8.186330968478766
-15,8,1.6500000000000001
-15,8,21.781612268322082
-15,8,19.400252573140758
-15,8,13.849016670382571
-15,8,1.6500000000000001
-15,8,1.6500000000000001
-15,8,1.6500000000000001
-15,8,1.6500000000000001
-15,8,1.6500000000000001
-15,8,1.6500000000000001
-15,8,1.6500000000000001
-15,8,1.6500000000000001
-15,8,1.6500000000000001
-15,8,1.6500000000000001
-15,8,1.6500000000000001
-15,8,1.6500000000000001
-15,8,1.6500000000000001
-15,8,1.6500000000000001
-15,8,1.6500000000000001
-15,8,17.578355542817405
-15,8,25.643720969762864
-15,8,7.02944591002009
-15,8,1.6500000000000001
-15,8,20.21892390060783
-15,8,1.6500000000000001
-15,8,10.613874426320889
-15,8,1.6500000000000001
-15,8,16.267788171297486
-15,8,1.6500000000000001
-15,8,5.071600835392964
-15,8,29.7
-15,8,1.6500000000000001
-15,8,1.6500000000000001
-15,8,1.6500000000000001
-15,8,10.045602816797427
-15,8,1.6500000000000001
-15,8,1.6500000000000001
-15,8,2.23791585393262
-15,8,2.483441664506023
-15,8,7.756091988235433
-15,8,25.015548793750703
-15,8,1.6500000000000001
-15,8,1.6500000000000001
-15,8,1.6500000000000001
-15,8,1.6500000000000001
-15,8,1.6500000000000001
-15,8,1.6500000000000001
-15,8,21.388311954750453
-15,8,1.6500000000000001
-15,8,8.37512519942706
-15,8,3.6175518845408488
-15,8,14.287561643084908
-15,8,7.698507279925792
-15,8,15.978366196741955
-15,8,1.6500000000000001
-15,8,1.6500000000000001
-15,8,12.540403077487941
-15,8,1.6500000000000001
-15,8,1.6500000000000001
-15,8,10.926603904497416
-15,8,1.6500000000000001
-15,8,19.6249628583063
-15,8,7.319912191246816
-15,8,1.6500000000000001
-15,8,4.658055502314417
-15,8,8.792416789146941
-15,8,1.6500000000000001
-15,8,1.6500000000000001
-15,8,1.6500000000000001
-15,8,1.6500000000000001
-15,8,1.6500000000000001
-15,8,24.880457896100054
-15,8,2.7296093606378857
-15,8,13.895087251721147
-15,8,17.15105623775114
-15,8,10.25703934682185
-15,8,16.323006831308874
-15,8,1.6500000000000001
-15,8,1.6500000000000001
-15,8,2.660851349203278
-15,8,8.68560370142189
-15,8,12.228634159446344
-15,8,1.6500000000000001
-15,8,1.6500000000000001
-15,8,3.2931258372471817
-15,8,1.6500000000000001
-15,8,1.6500000000000001
-15,8,1.6500000000000001
-15,8,1.6500000000000001
-15,8,1.6500000000000001
-15,8,1.6500000000000001
-15,8,1.6500000000000001
-15,8,6.78513109024548
-15,8,11.71359330769537
-15,8,21.823672456841123
-15,8,25.925782142351032
-15,8,1.6500000000000001
-15,8,1.6500000000000001
-15,7,1.6500000000000001
-15,7,29.7
-15,7,1.6500000000000001
-15,7,1.6500000000000001
-15,7,1.6500000000000001
-15,7,8.602706016001676
-15,7,29.7
-15,7,1.6500000000000001
-15,7,4.656645832718526
-15,7,29.7
-15,7,1.6500000000000001
-15,7,10.160335994550413
-15,7,27.005047215547982
-15,7,1.6500000000000001
-15,7,1.6500000000000001
-15,7,1.6500000000000001
-15,7,1.6500000000000001
-15,7,1.6500000000000001
-15,7,13.863704161955065
-15,7,5.608038959354019
-15,7,25.365550596163366
-15,7,19.87883976811076
-15,7,1.6500000000000001
-15,7,1.6500000000000001
-15,7,14.744924026891814
-15,7,1.6500000000000001
-15,7,19.38508330767275
-15,7,24.088394746644646
-15,7,1.6500000000000001
-15,7,1.6500000000000001
-15,7,2.6887380075736456
-15,7,1.6500000000000001
-15,7,1.6500000000000001
-15,7,1.6500000000000001
-15,7,1.6500000000000001
-15,7,1.6500000000000001
-15,7,1.6500000000000001
-15,7,1.6500000000000001
-15,7,12.128735511169314
-15,7,1.6500000000000001
-15,7,11.990512546480298
-15,7,1.6500000000000001
-15,7,1.6500000000000001
-15,7,1.6500000000000001
-15,7,20.64522862107457
-15,7,1.6500000000000001
-15,7,1.6500000000000001
-15,7,1.6500000000000001
-15,7,5.024709220907605
-15,7,1.6500000000000001
-15,7,1.6500000000000001
-15,7,3.422470241183799
-15,7,6.176836300980928
-15,7,29.7
-15,7,1.6500000000000001
-15,7,6.039427077487435
-15,7,1.6500000000000001
-15,7,1.6500000000000001
-15,7,1.6500000000000001
-15,7,1.6500000000000001
-15,7,26.813928361432904
-15,7,12.246483251355068
-15,7,5.899933167237181
-15,7,6.121748668161344
-15,7,1.6500000000000001
-15,7,1.6500000000000001
-15,7,6.0425777277162815
-15,7,1.6500000000000001
-15,7,1.6500000000000001
-15,7,1.7063421018733003
-15,7,1.6500000000000001
-15,7,2.50968052704276
-15,7,19.084640051049693
-15,7,1.6500000000000001
-15,7,11.85959745455334
-15,7,4.334640488687837
-15,7,1.6500000000000001
-15,7,1.6500000000000001
-15,7,8.709042815041578
-15,7,9.80559715924727
-15,7,1.6500000000000001
-15,7,20.423005797114644
-15,7,1.6500000000000001
-15,7,23.86889628123424
-15,7,1.6500000000000001
-15,7,1.6500000000000001
-15,7,29.7
-15,7,1.6500000000000001
-15,7,1.6500000000000001
-15,7,1.6500000000000001
-15,7,27.41702369447532
-15,7,1.6500000000000001
-15,7,1.6500000000000001
-15,7,4.984240552306526
-15,7,6.020160489068635
-15,7,1.6500000000000001
-15,7,1.6500000000000001
-15,7,1.6500000000000001
-15,7,1.6500000000000001
-15,7,1.6500000000000001
-15,7,6.654491324484905
-15,7,21.393208736548353
-15,7,20.610037909182736
-15,7,15.236338066348218
-15,7,3.1983563909241943
-15,7,12.637461220753355
-15,7,25.599180827039625
-15,7,1.6500000000000001
-15,7,1.6500000000000001
-15,7,15.384298765477133
-15,7,28.097745368593014
-15,7,23.9361481350096
-15,7,15.965575612899157
-15,7,1.6500000000000001
-15,7,2.2812762157125688
-15,7,1.6500000000000001
-15,7,18.491419452299837
-15,7,1.6500000000000001
-15,7,3.7308433758957285
-15,7,15.605785298238331
-15,7,15.55439615292057
-15,7,15.249785388433331
-15,6,1.6500000000000001
-15,6,1.6500000000000001
-15,6,1.7531098049046845
-15,6,5.499641929094876
-15,6,20.872099805649576
-15,6,11.294895215833655
-15,6,3.7992801567267054
-15,6,13.964885559460711
-15,6,1.6500000000000001
-15,6,1.7777619423906799
-15,6,1.6500000000000001
-15,6,6.141742067292445
-15,6,16.270667099877222
-15,6,1.6500000000000001
-15,6,14.63897365570103
-15,6,1.6500000000000001
-15,6,1.6500000000000001
-15,6,1.6500000000000001
-15,6,1.6500000000000001
-15,6,1.6500000000000001
-15,6,1.6500000000000001
-15,6,5.036820279976217
-15,6,1.6500000000000001
-15,6,5.534457771036578
-15,6,19.870159312444414
-15,6,3.3430351092267587
-15,6,1.6500000000000001
-15,6,1.6500000000000001
-15,6,14.846788774175387
-15,6,15.54137418921139
-15,6,1.6500000000000001
-15,6,4.76586815871539
-15,6,14.943489196782522
-15,6,8.959908873924135
-15,6,20.925174906613577
-15,6,1.6500000000000001
-15,6,13.52254302552364
-15,6,7.1765118046753145
-15,6,1.6500000000000001
-15,6,18.094350886951695
-15,6,18.883631300410414
-15,6,1.6500000000000001
-15,6,1.6500000000000001
-15,6,1.6500000000000001
-15,6,5.821819954013392
-15,6,2.0573832040251476
-15,6,1.6500000000000001
-15,6,7.5016694747824735
-15,6,1.6500000000000001
-15,6,8.277563699410555
-15,6,5.835768158708045
-15,6,14.93267548736162
-15,6,3.8810628019028357
-15,6,1.6500000000000001
-15,6,26.716181326219107
-15,6,12.75385506281605
-15,6,2.203488027242437
-15,6,20.194299258881223
-15,6,20.18917546079405
-15,6,1.6500000000000001
-15,6,1.6500000000000001
-15,6,1.6500000000000001
-15,6,5.646525488610221
-15,6,1.6500000000000001
-15,6,26.22234030478064
-15,6,2.454343825324274
-15,6,11.93612980957016
-15,6,1.6500000000000001
-15,6,1.6500000000000001
-15,6,15.60178530789068
-15,6,1.6500000000000001
-15,6,5.51260006651378
-15,6,1.6500000000000001
-15,6,3.9796746609886187
-15,6,1.6500000000000001
-15,6,15.069769277025161
-15,6,1.6500000000000001
-15,6,1.6500000000000001
-15,6,7.435165999998116
-15,6,1.6500000000000001
-15,6,1.6500000000000001
-15,6,1.6500000000000001
-15,6,2.069685572870136
-15,6,1.6500000000000001
-15,6,1.6500000000000001
-15,6,1.6500000000000001
-15,6,4.180154484230293
-15,6,16.026483565239488
-15,6,1.6500000000000001
-15,6,1.6500000000000001
-15,6,16.12590139308822
-15,6,22.17993616998362
-15,6,21.456886577858167
-15,6,1.6500000000000001
-15,6,1.6500000000000001
-15,6,6.212212836480648
-15,6,4.5512651659488474
-15,6,1.6500000000000001
-15,6,1.6500000000000001
-15,6,12.00316029299681
-15,6,4.49367838769823
-15,6,1.6500000000000001
-15,6,15.0961227167431
-15,6,24.348987105975958
-15,6,10.80603615281814
-15,6,16.28809706375989
-15,6,1.6500000000000001
-15,6,13.663419843175014
-15,6,1.6500000000000001
-15,6,7.48540890549238
-15,6,1.8430941580107627
-15,6,20.00121463828405
-15,6,1.6500000000000001
-15,6,4.213862825328355
-15,6,1.6500000000000001
-15,6,1.6500000000000001
-15,6,4.387693449206793
-15,6,1.6500000000000001
-15,6,7.072732716662415
-15,6,1.6500000000000001
-15,6,16.833945318752903
-15,6,5.775715444205375
-15,5,5.61475903467802
-15,5,1.6500000000000001
-15,5,1.6500000000000001
-15,5,1.6500000000000001
-15,5,1.6500000000000001
-15,5,12.25762698554805
-15,5,3.9431662176280087
-15,5,1.6500000000000001
-15,5,16.97840183052922
-15,5,1.6500000000000001
-15,5,10.037730292750531
-15,5,1.6500000000000001
-15,5,1.6500000000000001
-15,5,1.6500000000000001
-15,5,1.6500000000000001
-15,5,13.5885535305733
-15,5,1.6500000000000001
-15,5,1.6500000000000001
-15,5,1.6500000000000001
-15,5,1.6500000000000001
-15,5,12.057685069547587
-15,5,7.694939786399647
-15,5,2.8929672443228878
-15,5,7.256860911093752
-15,5,1.6500000000000001
-15,5,1.6500000000000001
-15,5,1.6500000000000001
-15,5,9.937016367721832
-15,5,1.6500000000000001
-15,5,12.22182054106858
-15,5,16.64071502462537
-15,5,14.135401118981568
-15,5,1.6500000000000001
-15,5,14.448212653989854
-15,5,1.6500000000000001
-15,5,1.6500000000000001
-15,5,1.6500000000000001
-15,5,1.6500000000000001
-15,5,22.540937327243235
-15,5,8.86192500165226
-15,5,1.6500000000000001
-15,5,3.3724023552663946
-15,5,1.6500000000000001
-15,5,1.6500000000000001
-15,5,1.6500000000000001
-15,5,6.601813981442566
-15,5,1.6500000000000001
-15,5,5.100495801245
-15,5,7.634545689067041
-15,5,1.6500000000000001
-15,5,5.284995383677531
-15,5,23.643576298946694
-15,5,4.186245531235965
-15,5,1.6500000000000001
-15,5,1.6500000000000001
-15,5,1.6500000000000001
-15,5,1.6500000000000001
-15,5,1.6500000000000001
-15,5,1.6500000000000001
-15,5,26.533472101611853
-15,5,12.216786456107629
-15,5,25.84465062599842
-15,5,1.6500000000000001
-15,5,1.6500000000000001
-15,5,4.480787439938479
-15,5,15.231137296182501
-15,5,8.636241236293579
-15,5,1.6500000000000001
-15,5,3.6392028538782375
-15,5,16.68185343567641
-15,5,1.6500000000000001
-15,5,15.64731337282177
-15,5,16.647519238139076
-15,5,22.419221798892824
-15,5,1.6500000000000001
-15,5,1.6500000000000001
-15,5,13.958940402640824
-15,5,1.6500000000000001
-15,5,1.6500000000000001
-15,5,1.6500000000000001
-15,5,17.861720231277793
-15,5,1.6500000000000001
-15,5,23.853806334190807
-15,5,1.6500000000000001
-15,5,3.710470899033947
-15,5,17.390344489461974
-15,5,17.049964345073217
-15,5,1.6500000000000001
-15,5,1.6500000000000001
-15,5,1.6500000000000001
-15,5,2.839414163944121
-15,5,1.6500000000000001
-15,5,1.6500000000000001
-15,5,7.220107377527315
-15,5,1.6500000000000001
-15,5,1.6500000000000001
-15,5,18.748466040170566
-15,5,14.40288183813739
-15,5,3.2532182498148194
-15,5,1.6500000000000001
-15,5,29.7
-15,5,1.6500000000000001
-15,5,1.6500000000000001
-15,5,1.6500000000000001
-15,5,1.6500000000000001
-15,5,14.733040358448257
-15,5,1.6500000000000001
-15,5,1.6500000000000001
-15,5,29.7
-15,5,17.596824911394336
-15,5,6.690963427347852
-15,5,16.499653460965952
-15,5,1.6500000000000001
-15,5,2.220106278117406
-15,5,1.6500000000000001
-15,5,1.6500000000000001
-15,5,1.6500000000000001
-15,5,1.6500000000000001
-15,5,1.6500000000000001
-15,5,7.007861671728623
-15,5,1.6500000000000001
-15,5,1.6500000000000001
-15,4,1.6500000000000001
-15,4,13.941860817075137
-15,4,1.6500000000000001
-15,4,1.6500000000000001
-15,4,5.058070119143945
-15,4,1.6500000000000001
-15,4,21.690415099960788
-15,4,14.223137614417546
-15,4,1.6500000000000001
-15,4,1.6500000000000001
-15,4,1.6500000000000001
-15,4,1.6500000000000001
-15,4,1.6500000000000001
-15,4,29.7
-15,4,1.6500000000000001
-15,4,1.6500000000000001
-15,4,22.126042754659995
-15,4,14.1185169147424
-15,4,4.063176320089961
-15,4,1.905513746957452
-15,4,13.6066897584842
-15,4,19.579290430752273
-15,4,1.6500000000000001
-15,4,9.183871853250032
-15,4,8.658967941542564
-15,4,1.6500000000000001
-15,4,1.6500000000000001
-15,4,1.6500000000000001
-15,4,24.225954533252203
-15,4,1.6500000000000001
-15,4,7.520197140232909
-15,4,1.6500000000000001
-15,4,9.149576424657125
-15,4,1.6500000000000001
-15,4,1.6500000000000001
-15,4,13.532699149780056
-15,4,9.756324645638779
-15,4,1.6500000000000001
-15,4,11.737712167176445
-15,4,1.6500000000000001
-15,4,4.187440413938606
-15,4,10.201657721475975
-15,4,20.76433038171468
-15,4,1.6500000000000001
-15,4,1.6500000000000001
-15,4,1.6500000000000001
-15,4,1.6500000000000001
-15,4,21.20019833116769
-15,4,1.6500000000000001
-15,4,5.278401739363365
-15,4,10.152525750634691
-15,4,16.824423043543206
-15,4,16.28996888344695
-15,4,3.3442428591181868
-15,4,1.6500000000000001
-15,4,1.6500000000000001
-15,4,1.6500000000000001
-15,4,1.6500000000000001
-15,4,1.6500000000000001
-15,4,13.782717336837063
-15,4,1.6500000000000001
-15,4,23.023958889659426
-15,4,3.9602347215011315
-15,4,1.6500000000000001
-15,4,1.6500000000000001
-15,4,21.006326841173188
-15,4,28.992691512891454
-15,4,6.584133042813544
-15,4,9.291455679722503
-15,4,29.7
-15,4,16.898863479956326
-15,4,21.32967034137855
-15,4,1.6500000000000001
-15,4,1.6500000000000001
-15,4,1.6500000000000001
-15,4,13.996591571929983
-15,4,1.6500000000000001
-15,4,5.425829133012671
-15,4,12.092164833113465
-15,4,26.952362637801546
-15,4,1.6500000000000001
-15,4,1.6500000000000001
-15,4,1.6500000000000001
-15,4,9.998405070943635
-15,4,1.6500000000000001
-15,4,27.553039463042044
-15,4,1.6500000000000001
-15,4,1.6500000000000001
-15,4,1.6500000000000001
-15,4,1.6500000000000001
-15,4,1.6500000000000001
-15,4,9.031049508251071
-15,4,8.353577554642523
-15,4,14.173848490521156
-15,4,1.6500000000000001
-15,4,1.6500000000000001
-15,4,13.045666607734345
-15,4,1.6500000000000001
-15,4,13.635275196395542
-15,4,1.6500000000000001
-15,4,29.7
-15,4,1.6500000000000001
-15,4,1.6500000000000001
-15,4,15.02818034674127
-15,4,21.24441838325686
-15,4,1.6500000000000001
-15,4,15.055651937645528
-15,4,29.7
-15,4,2.5123803464736625
-15,4,1.6500000000000001
-15,4,29.7
-15,4,10.21638206084512
-15,4,21.65792007280706
-15,4,1.6500000000000001
-15,4,1.6500000000000001
-15,4,10.508792159462086
-15,4,1.6500000000000001
-15,4,7.511305589926953
-15,4,1.6500000000000001
-15,4,6.892053994756824
-15,4,1.6500000000000001
-15,4,11.043793757985025
-16,4,9.255543285404677
-16,4,1.6500000000000001
-16,4,1.6500000000000001
-16,4,1.6500000000000001
-16,4,1.6500000000000001
-16,4,18.94528551965605
-16,4,13.566732134112675
-16,4,1.6500000000000001
-16,4,5.848173175568801
-16,4,12.241757165937063
-16,4,1.6500000000000001
-16,4,18.52627833981186
-16,4,1.6500000000000001
-16,4,15.089733739039358
-16,4,1.6500000000000001
-16,4,1.6500000000000001
-16,4,1.6500000000000001
-16,4,1.6500000000000001
-16,4,6.3100177839859235
-16,4,1.6500000000000001
-16,4,1.6500000000000001
-16,4,25.65136799705123
-16,4,1.6500000000000001
-16,4,21.89238902974367
-16,4,20.626850331055955
-16,4,1.6500000000000001
-16,4,1.6500000000000001
-16,4,1.6500000000000001
-16,4,1.6500000000000001
-16,4,1.6500000000000001
-16,4,1.6500000000000001
-16,4,4.744092468642698
-16,4,8.637721864565643
-16,4,1.6500000000000001
-16,4,7.394803932536602
-16,4,1.6500000000000001
-16,4,9.017828044658085
-16,4,1.6500000000000001
-16,4,17.03176925299109
-16,4,1.6500000000000001
-16,4,1.6500000000000001
-16,4,23.01230950394866
-16,4,5.332661532180431
-16,4,3.587542574290273
-16,4,1.6500000000000001
-16,4,10.560652711464789
-16,4,6.405259254766603
-16,4,2.4786094705659147
-16,4,1.6500000000000001
-16,4,1.6500000000000001
-16,4,1.6500000000000001
-16,4,1.6500000000000001
-16,4,8.9259814754217
-16,4,15.448864183311429
-16,4,13.685701813928356
-16,4,25.03564356841499
-16,4,3.738278299971917
-16,4,1.6500000000000001
-16,4,1.6500000000000001
-16,4,1.6500000000000001
-16,4,1.6500000000000001
-16,4,10.938055914146648
-16,4,1.6500000000000001
-16,4,6.930597062740697
-16,4,1.9544173623744128
-16,4,1.6500000000000001
-16,4,1.6500000000000001
-16,4,5.447598509736764
-16,4,1.6500000000000001
-16,4,17.781384965750302
-16,4,1.6500000000000001
-16,4,18.20174957079314
-16,4,5.623290223688745
-16,4,29.7
-16,4,25.62670417405435
-16,4,1.6500000000000001
-16,4,11.601261869620206
-16,4,10.108668616150133
-16,4,1.6500000000000001
-16,4,2.301083094779652
-16,4,9.841136583219068
-16,4,1.6500000000000001
-16,4,2.5573916945327677
-16,4,7.164775695826132
-16,4,9.417600847623424
-16,4,21.41628447500559
-16,4,1.6500000000000001
-16,4,1.6500000000000001
-16,4,16.973516031215937
-16,4,2.7426492765916692
-16,4,1.6500000000000001
-16,4,17.61808902743745
-16,4,15.990297633531913
-16,4,2.364389259129105
-16,4,1.6500000000000001
-16,4,1.6500000000000001
-16,4,1.6500000000000001
-16,4,1.6500000000000001
-16,4,6.110725799609133
-16,4,1.6500000000000001
-16,4,18.20886391190605
-16,4,1.6500000000000001
-16,4,24.011197344876955
-16,4,12.013530914461468
-16,4,1.6500000000000001
-16,4,5.510181120072279
-16,4,1.6500000000000001
-16,4,4.927643347757882
-16,4,9.386513208977334
-16,4,17.34946768969576
-16,4,1.6500000000000001
-16,4,1.6760215978087711
-16,4,1.6500000000000001
-16,4,1.6500000000000001
-16,4,17.010256858608876
-16,4,1.6500000000000001
-16,4,1.6500000000000001
-16,4,1.6500000000000001
-16,4,27.045870596150795
-16,4,1.6500000000000001
-16,4,1.6500000000000001
-16,4,1.6500000000000001
-16,4,19.070367136212724
-16,3,1.6500000000000001
-16,3,12.217619380465875
-16,3,1.6500000000000001
-16,3,23.74631965425494
-16,3,1.6500000000000001
-16,3,1.6500000000000001
-16,3,7.012522187862188
-16,3,17.0577317799279
-16,3,5.620431730129187
-16,3,1.6500000000000001
-16,3,16.28447436632786
-16,3,1.6500000000000001
-16,3,25.63123600966749
-16,3,1.6500000000000001
-16,3,1.6500000000000001
-16,3,1.6500000000000001
-16,3,19.605159527092976
-16,3,1.6500000000000001
-16,3,1.6500000000000001
-16,3,1.6500000000000001
-16,3,9.339717234058345
-16,3,1.6500000000000001
-16,3,1.6500000000000001
-16,3,25.9392908951956
-16,3,1.6500000000000001
-16,3,4.336705563239256
-16,3,5.596892099342686
-16,3,19.782886772125874
-16,3,1.6500000000000001
-16,3,21.094276290460645
-16,3,1.6500000000000001
-16,3,24.448959964879855
-16,3,1.6500000000000001
-16,3,1.6500000000000001
-16,3,1.6500000000000001
-16,3,1.6500000000000001
-16,3,1.6500000000000001
-16,3,16.65488634754213
-16,3,15.377593433787093
-16,3,1.6500000000000001
-16,3,9.844126348696253
-16,3,1.6500000000000001
-16,3,6.2106544172546965
-16,3,1.6500000000000001
-16,3,1.6500000000000001
-16,3,1.6500000000000001
-16,3,1.705620259980396
-16,3,1.6500000000000001
-16,3,1.6500000000000001
-16,3,1.6500000000000001
-16,3,14.70130715171019
-16,3,1.6500000000000001
-16,3,12.013794668556486
-16,3,11.813110051757695
-16,3,3.499433747124124
-16,3,1.6500000000000001
-16,3,1.6500000000000001
-16,3,1.6500000000000001
-16,3,1.6500000000000001
-16,3,22.749317101469767
-16,3,29.7
-16,3,1.6500000000000001
-16,3,7.816647893332111
-16,3,1.6500000000000001
-16,3,21.69239185745235
-16,3,1.6500000000000001
-16,3,11.458975738926537
-16,3,1.6500000000000001
-16,3,14.173700272565153
-16,3,9.28725602521996
-16,3,12.076137111865116
-16,3,29.39310292383539
-16,3,1.6500000000000001
-16,3,1.6500000000000001
-16,3,1.6500000000000001
-16,3,1.6500000000000001
-16,3,29.7
-16,3,5.670674584680831
-16,3,1.6500000000000001
-16,3,1.6500000000000001
-16,3,7.895279104199048
-16,3,1.6500000000000001
-16,3,1.6500000000000001
-16,3,1.6500000000000001
-16,3,14.094321389435564
-16,3,1.6500000000000001
-16,3,1.6500000000000001
-16,3,5.257375207159416
-16,3,16.358452184057885
-16,3,22.63800496121413
-16,3,1.6500000000000001
-16,3,5.3833947051369995
-16,3,1.6500000000000001
-16,3,1.6500000000000001
-16,3,4.763403645524856
-16,3,5.383276928842942
-16,3,12.07538634518428
-16,3,2.754074160284138
-16,3,2.8475509997471233
-16,3,1.6500000000000001
-16,3,9.436603647711578
-16,3,5.56623764600336
-16,3,1.6500000000000001
-16,3,1.6500000000000001
-16,3,12.96516889483825
-16,3,27.96951148976519
-16,3,6.539484269238685
-16,3,12.280798224698238
-16,3,14.293214593439368
-16,3,5.867300378483668
-16,3,1.6500000000000001
-16,3,16.966505916315967
-16,3,1.6500000000000001
-16,3,1.6500000000000001
-16,3,6.859230054213946
-16,3,5.179660947322022
-16,3,3.0570334923875775
-16,3,23.85310724223765
-16,3,1.6500000000000001
-16,3,1.6500000000000001
-16,3,13.114472947472255
-16,3,1.6500000000000001
-16,2,1.6500000000000001
-16,2,10.800140135947254
-16,2,1.6500000000000001
-16,2,1.6500000000000001
-16,2,1.6500000000000001
-16,2,1.6500000000000001
-16,2,1.6500000000000001
-16,2,1.6500000000000001
-16,2,1.6500000000000001
-16,2,8.800184725759893
-16,2,1.6500000000000001
-16,2,1.6500000000000001
-16,2,2.231597876948247
-16,2,1.6500000000000001
-16,2,15.07191276021824
-16,2,1.6500000000000001
-16,2,13.007578547580358
-16,2,21.91773261436389
-16,2,29.7
-16,2,18.91592473133368
-16,2,9.837347019378953
-16,2,15.14269247208492
-16,2,5.532691026749946
-16,2,29.7
-16,2,1.6500000000000001
-16,2,7.2564927759987015
-16,2,1.6500000000000001
-16,2,1.6500000000000001
-16,2,1.6500000000000001
-16,2,10.497936785171115
-16,2,11.085562628902263
-16,2,4.28125070444922
-16,2,4.316676964817314
-16,2,1.6500000000000001
-16,2,9.63548915330151
-16,2,4.520052890097042
-16,2,4.234489814742454
-16,2,1.6500000000000001
-16,2,1.6500000000000001
-16,2,1.6500000000000001
-16,2,1.6500000000000001
-16,2,4.350520869952506
-16,2,1.6500000000000001
-16,2,22.22548321437237
-16,2,1.6500000000000001
-16,2,1.6500000000000001
-16,2,8.280843282447101
-16,2,1.6500000000000001
-16,2,28.531367226113083
-16,2,1.6500000000000001
-16,2,1.6500000000000001
-16,2,1.6500000000000001
-16,2,14.765399735268183
-16,2,1.6500000000000001
-16,2,1.6500000000000001
-16,2,5.399955681652544
-16,2,3.390151157591072
-16,2,11.261618233448393
-16,2,1.6500000000000001
-16,2,28.92576483677998
-16,2,1.6500000000000001
-16,2,1.6500000000000001
-16,2,2.4869799960022263
-16,2,9.534647251562538
-16,2,9.240831349360374
-16,2,1.6500000000000001
-16,2,13.555443501895931
-16,2,1.6500000000000001
-16,2,23.300590227911066
-16,2,1.6500000000000001
-16,2,1.6500000000000001
-16,2,2.2351399108912364
-16,2,1.6500000000000001
-16,2,29.7
-16,2,1.6500000000000001
-16,2,1.6500000000000001
-16,2,1.6500000000000001
-16,2,1.6500000000000001
-16,2,1.6500000000000001
-16,2,14.941925727279797
-16,2,21.761361183315316
-16,2,1.6500000000000001
-16,2,15.228349475152955
-16,2,1.6500000000000001
-16,2,1.6500000000000001
-16,2,1.6500000000000001
-16,2,3.3677811585746094
-16,2,9.988622281003144
-16,2,1.6500000000000001
-16,2,29.7
-16,2,10.477868866583266
-16,2,1.6500000000000001
-16,2,8.474565235057025
-16,2,1.6500000000000001
-16,2,13.364049342134216
-16,2,24.129678180953835
-16,2,1.6500000000000001
-16,2,1.6500000000000001
-16,2,1.6500000000000001
-16,2,20.10993655939055
-16,2,7.5752934744004525
-16,2,1.6500000000000001
-16,2,2.52998790717104
-16,2,3.0700387308751154
-16,2,1.6500000000000001
-16,2,13.52242394808676
-16,2,1.6500000000000001
-16,2,1.6500000000000001
-16,2,1.6500000000000001
-16,2,3.4676995680998495
-16,2,1.6500000000000001
-16,2,1.6500000000000001
-16,2,1.6500000000000001
-16,2,2.3780143058485628
-16,2,11.555977118221032
-16,2,4.544652521107993
-16,2,1.6500000000000001
-16,2,11.222154591084246
-16,2,1.6500000000000001
-16,2,8.587586316129233
-16,2,1.6500000000000001
-16,2,8.854546187771383
-16,1,1.6500000000000001
-16,1,23.206053972070016
-16,1,1.6500000000000001
-16,1,23.319175230212533
-16,1,2.918069967538763
-16,1,1.6500000000000001
-16,1,1.6500000000000001
-16,1,9.484856826364178
-16,1,1.6500000000000001
-16,1,1.6500000000000001
-16,1,1.6500000000000001
-16,1,6.35843424043958
-16,1,1.6500000000000001
-16,1,1.6500000000000001
-16,1,1.6500000000000001
-16,1,1.6500000000000001
-16,1,6.038385422447995
-16,1,1.6500000000000001
-16,1,1.6500000000000001
-16,1,1.6500000000000001
-16,1,9.960404238837224
-16,1,8.126308854519273
-16,1,1.6500000000000001
-16,1,9.926920183535952
-16,1,1.6500000000000001
-16,1,10.019350686658502
-16,1,19.883308724401864
-16,1,1.6500000000000001
-16,1,1.6500000000000001
-16,1,4.387730476497762
-16,1,6.822572429013949
-16,1,1.6500000000000001
-16,1,10.935403034931966
-16,1,1.6500000000000001
-16,1,5.588079875116662
-16,1,1.6500000000000001
-16,1,13.551815418936412
-16,1,24.51195678941816
-16,1,14.220025853922124
-16,1,14.937115636225894
-16,1,1.6500000000000001
-16,1,1.6500000000000001
-16,1,1.6500000000000001
-16,1,1.6500000000000001
-16,1,1.6500000000000001
-16,1,1.6500000000000001
-16,1,6.60408250007241
-16,1,8.429452981921337
-16,1,10.15669677531972
-16,1,1.7055900577869876
-16,1,1.6500000000000001
-16,1,1.6500000000000001
-16,1,1.6500000000000001
-16,1,17.58282479407812
-16,1,1.6500000000000001
-16,1,14.20542115640758
-16,1,1.6500000000000001
-16,1,5.9679454590768035
-16,1,1.6500000000000001
-16,1,1.6500000000000001
-16,1,1.6500000000000001
-16,1,3.9671042031207895
-16,1,7.24380472130373
-16,1,5.135875924164926
-16,1,1.6500000000000001
-16,1,1.6500000000000001
-16,1,24.43102542742054
-16,1,1.6500000000000001
-16,1,10.36744006382728
-16,1,13.893371050526259
-16,1,14.493565411684191
-16,1,1.6500000000000001
-16,1,1.6500000000000001
-16,1,1.9896976155847979
-16,1,29.114329140918727
-16,1,10.123683295375363
-16,1,1.6500000000000001
-16,1,1.6500000000000001
-16,1,7.2718446739920735
-16,1,13.032797355412612
-16,1,16.822290586618337
-16,1,9.600134379144674
-16,1,14.175731825778552
-16,1,1.6500000000000001
-16,1,1.6500000000000001
-16,1,1.6500000000000001
-16,1,1.6500000000000001
-16,1,1.6500000000000001
-16,1,25.829194485382477
-16,1,1.6500000000000001
-16,1,3.0706829394342563
-16,1,1.6500000000000001
-16,1,1.6500000000000001
-16,1,1.6500000000000001
-16,1,1.6500000000000001
-16,1,7.677701831379808
-16,1,17.47809604211566
-16,1,1.6500000000000001
-16,1,18.65834422292306
-16,1,1.6500000000000001
-16,1,1.6500000000000001
-16,1,8.91456970840121
-16,1,5.665327399936185
-16,1,29.7
-16,1,19.431518261686442
-16,1,1.6500000000000001
-16,1,6.396120465448901
-16,1,1.6500000000000001
-16,1,1.6500000000000001
-16,1,1.6500000000000001
-16,1,1.6500000000000001
-16,1,2.933725707458371
-16,1,1.6500000000000001
-16,1,25.0099465632957
-16,1,26.52800874162442
-16,1,1.6500000000000001
-16,1,12.952983041714536
-16,1,5.722323537376946
-16,1,1.6500000000000001
-16,1,20.666674461623032
-16,1,1.6500000000000001
-16,1,1.6500000000000001
-17,1,2.085213406803553
-17,1,1.6500000000000001
-17,1,2.7836355926379626
-17,1,1.6500000000000001
-17,1,10.737710371077183
-17,1,1.6500000000000001
-17,1,1.6500000000000001
-17,1,11.850360811676842
-17,1,8.801632030634705
-17,1,5.513764992925898
-17,1,1.6500000000000001
-17,1,8.950827904009639
-17,1,20.617619046674974
-17,1,8.505113458388672
-17,1,1.6500000000000001
-17,1,5.2864349211726775
-17,1,1.6500000000000001
-17,1,1.6500000000000001
-17,1,24.77069571710202
-17,1,1.6500000000000001
-17,1,1.6500000000000001
-17,1,10.650368074492519
-17,1,8.539756924845662
-17,1,17.289259289013277
-17,1,13.119117188925031
-17,1,7.734673034304533
-17,1,13.630775129549574
-17,1,1.6500000000000001
-17,1,7.017266391031196
-17,1,12.532542587138568
-17,1,29.7
-17,1,1.6500000000000001
-17,1,6.134576151283924
-17,1,1.6715015664350341
-17,1,1.6500000000000001
-17,1,19.00873395619917
-17,1,1.6500000000000001
-17,1,1.6500000000000001
-17,1,1.6500000000000001
-17,1,1.6500000000000001
-17,1,1.6500000000000001
-17,1,17.32846362881818
-17,1,1.6500000000000001
-17,1,1.6500000000000001
-17,1,5.927842222297952
-17,1,15.445067044926052
-17,1,7.132347323570677
-17,1,12.33230901770437
-17,1,12.437123195339451
-17,1,1.6500000000000001
-17,1,1.6500000000000001
-17,1,1.6500000000000001
-17,1,1.6500000000000001
-17,1,1.6500000000000001
-17,1,1.6500000000000001
-17,1,1.6500000000000001
-17,1,1.6500000000000001
-17,1,5.254317444226864
-17,1,1.6500000000000001
-17,1,12.871826717953637
-17,1,1.6500000000000001
-17,1,12.215298851689562
-17,1,1.6500000000000001
-17,1,1.891792525546442
-17,1,16.49851385038183
-17,1,12.029858432004179
-17,1,1.6500000000000001
-17,1,1.6500000000000001
-17,1,4.701711318761916
-17,1,7.969771884186514
-17,1,1.6500000000000001
-17,1,1.6500000000000001
-17,1,1.6500000000000001
-17,1,1.6500000000000001
-17,1,1.6500000000000001
-17,1,8.539480338128053
-17,1,1.6500000000000001
-17,1,16.410299532607727
-17,1,1.6500000000000001
-17,1,1.6947402963095928
-17,1,13.375991990945968
-17,1,12.421765574283523
-17,1,6.442803704748857
-17,1,1.6500000000000001
-17,1,9.334486290428515
-17,1,7.752604251259087
-17,1,1.6500000000000001
-17,1,19.659536302182126
-17,1,1.6500000000000001
-17,1,2.352294362240692
-17,1,1.6500000000000001
-17,1,27.047033550167555
-17,1,7.557874980270058
-17,1,6.918379329753249
-17,1,1.7437631731934842
-17,1,1.6500000000000001
-17,1,1.6500000000000001
-17,1,1.6500000000000001
-17,1,1.6500000000000001
-17,1,1.6500000000000001
-17,1,10.330063439654841
-17,1,1.9030382857449177
-17,1,3.1638091437851337
-17,1,1.6500000000000001
-17,1,10.227011074600922
-17,1,1.6500000000000001
-17,1,1.6500000000000001
-17,1,29.7
-17,1,1.6500000000000001
-17,1,1.6500000000000001
-17,1,1.6500000000000001
-17,1,4.085444141868869
-17,1,7.781425382591902
-17,1,19.653543806923626
-17,1,1.6500000000000001
-17,1,4.400199098342062
-17,1,1.6500000000000001
-17,1,1.6500000000000001
-17,1,1.6500000000000001
-17,1,13.025725673960245
-17,1,4.211786121681174
-17,1,1.6500000000000001
-17,0,1.6500000000000001
-17,0,12.925667964134597
-17,0,1.6500000000000001
-17,0,5.520106787976657
-17,0,26.188518574769738
-17,0,11.642307452358182
-17,0,1.6500000000000001
-17,0,1.6500000000000001
-17,0,29.7
-17,0,1.6500000000000001
-17,0,1.6500000000000001
-17,0,1.6500000000000001
-17,0,1.6500000000000001
-17,0,6.061129287833962
-17,0,1.6500000000000001
-17,0,1.6500000000000001
-17,0,1.6500000000000001
-17,0,12.141544750286997
-17,0,1.6500000000000001
-17,0,29.7
-17,0,1.6500000000000001
-17,0,1.6500000000000001
-17,0,1.6500000000000001
-17,0,14.856222276209376
-17,0,4.792933560059468
-17,0,1.6500000000000001
-17,0,17.862911060680513
-17,0,6.455637072248015
-17,0,17.107111796892042
-17,0,7.1764190034147886
-17,0,9.879159643927325
-17,0,1.6500000000000001
-17,0,12.980533933042526
-17,0,1.6500000000000001
-17,0,20.090394775930196
-17,0,26.57692455992654
-17,0,1.6500000000000001
-17,0,9.271055600074567
-17,0,6.5230431074745425
-17,0,4.531321590126085
-17,0,1.6500000000000001
-17,0,10.00637855436061
-17,0,1.6500000000000001
-17,0,1.6500000000000001
-17,0,1.6500000000000001
-17,0,1.6500000000000001
-17,0,1.6500000000000001
-17,0,7.590143192399738
-17,0,12.726941618202066
-17,0,14.970461738711395
-17,0,1.6500000000000001
-17,0,1.6500000000000001
-17,0,1.6500000000000001
-17,0,1.6500000000000001
-17,0,1.6500000000000001
-17,0,21.16786155954677
-17,0,11.379582287301783
-17,0,10.118761389361932
-17,0,3.148655408067361
-17,0,1.6500000000000001
-17,0,20.020065496281678
-17,0,1.6500000000000001
-17,0,1.6500000000000001
-17,0,1.6500000000000001
-17,0,9.88719417126722
-17,0,7.5193939090343305
-17,0,1.6500000000000001
-17,0,1.6500000000000001
-17,0,5.894909928042111
-17,0,1.6500000000000001
-17,0,1.6500000000000001
-17,0,20.988610734787766
-17,0,1.6500000000000001
-17,0,3.3114939481399066
-17,0,26.604801023932286
-17,0,26.32671342302934
-17,0,1.6500000000000001
-17,0,16.397260504871667
-17,0,29.7
-17,0,5.831962381121128
-17,0,17.513272335872863
-17,0,4.169501485805073
-17,0,15.753705279233083
-17,0,1.6500000000000001
-17,0,3.9033792472559634
-17,0,1.6500000000000001
-17,0,3.798297910133048
-17,0,2.122148903709729
-17,0,1.6500000000000001
-17,0,1.6500000000000001
-17,0,5.882057220952143
-17,0,1.6500000000000001
-17,0,1.6500000000000001
-17,0,11.410764191924091
-17,0,6.293359342636686
-17,0,1.6500000000000001
-17,0,5.25348456191141
-17,0,1.6500000000000001
-17,0,4.882235666019157
-17,0,1.6500000000000001
-17,0,9.349360007153749
-17,0,21.707107963799785
-17,0,1.6500000000000001
-17,0,1.6500000000000001
-17,0,1.6500000000000001
-17,0,1.6500000000000001
-17,0,2.150832433904018
-17,0,15.026035785076946
-17,0,5.328173289208456
-17,0,1.6500000000000001
-17,0,13.525877036543633
-17,0,1.6500000000000001
-17,0,19.644727950935696
-17,0,9.025307037997912
-17,0,1.6500000000000001
-17,0,12.766379211715783
-17,0,17.44586388662909
-17,0,1.6500000000000001
-17,0,20.25852766911328
-17,0,1.6500000000000001
-17,0,1.6500000000000001
-17,0,1.6500000000000001
-17,0,1.6500000000000001
-17,-1,26.108254433022484
-17,-1,1.6500000000000001
-17,-1,23.378439495078254
-17,-1,4.952710419371565
-17,-1,1.6500000000000001
-17,-1,5.767038603280192
-17,-1,1.6500000000000001
-17,-1,1.6500000000000001
-17,-1,1.6500000000000001
-17,-1,3.3555339374487616
-17,-1,1.6500000000000001
-17,-1,1.6500000000000001
-17,-1,7.60513087561186
-17,-1,1.6500000000000001
-17,-1,19.530537754629947
-17,-1,1.6500000000000001
-17,-1,20.666561689647462
-17,-1,1.6500000000000001
-17,-1,1.6500000000000001
-17,-1,1.6500000000000001
-17,-1,1.6500000000000001
-17,-1,4.809263580139655
-17,-1,1.6500000000000001
-17,-1,17.66045372499367
-17,-1,1.6500000000000001
-17,-1,1.7997895208177965
-17,-1,16.436826284075618
-17,-1,1.6500000000000001
-17,-1,1.6500000000000001
-17,-1,7.256680833193576
-17,-1,8.161477791462705
-17,-1,1.6500000000000001
-17,-1,1.6500000000000001
-17,-1,1.6500000000000001
-17,-1,1.6500000000000001
-17,-1,1.6500000000000001
-17,-1,8.769610431692133
-17,-1,1.6500000000000001
-17,-1,1.6500000000000001
-17,-1,1.6500000000000001
-17,-1,1.6500000000000001
-17,-1,1.6500000000000001
-17,-1,19.659184043342595
-17,-1,4.58233279929863
-17,-1,1.6500000000000001
-17,-1,13.396834381975452
-17,-1,12.636099556519223
-17,-1,1.6500000000000001
-17,-1,23.088011517358453
-17,-1,17.883772404659325
-17,-1,1.6500000000000001
-17,-1,7.680369584450479
-17,-1,1.6500000000000001
-17,-1,1.6500000000000001
-17,-1,1.6500000000000001
-17,-1,4.067435897568522
-17,-1,1.6500000000000001
-17,-1,1.6500000000000001
-17,-1,1.6500000000000001
-17,-1,1.6500000000000001
-17,-1,1.6500000000000001
-17,-1,1.6500000000000001
-17,-1,1.6500000000000001
-17,-1,1.6500000000000001
-17,-1,18.962934503425267
-17,-1,1.6500000000000001
-17,-1,8.73529342408774
-17,-1,1.6500000000000001
-17,-1,2.73050553763173
-17,-1,1.6500000000000001
-17,-1,4.91775928775991
-17,-1,1.6500000000000001
-17,-1,8.33702295973282
-17,-1,1.6500000000000001
-17,-1,2.0526794749667507
-17,-1,1.6500000000000001
-17,-1,1.6500000000000001
-17,-1,7.365304953295517
-17,-1,7.352804659897014
-17,-1,1.6500000000000001
-17,-1,1.6500000000000001
-17,-1,1.6500000000000001
-17,-1,1.6500000000000001
-17,-1,11.20397081789196
-17,-1,1.6500000000000001
-17,-1,1.6500000000000001
-17,-1,12.697660932295625
-17,-1,1.6500000000000001
-17,-1,1.6500000000000001
-17,-1,1.6500000000000001
-17,-1,29.7
-17,-1,1.6500000000000001
-17,-1,10.345198620643757
-17,-1,1.6500000000000001
-17,-1,1.6500000000000001
-17,-1,2.2429836780256878
-17,-1,1.6500000000000001
-17,-1,1.6500000000000001
-17,-1,1.6500000000000001
-17,-1,7.847294157294336
-17,-1,1.6500000000000001
-17,-1,1.6500000000000001
-17,-1,8.581111374059079
-17,-1,1.6500000000000001
-17,-1,1.6500000000000001
-17,-1,1.6500000000000001
-17,-1,6.925506677661485
-17,-1,15.023680588604943
-17,-1,29.7
-17,-1,16.92541923282781
-17,-1,1.6500000000000001
-17,-1,1.6500000000000001
-17,-1,1.6500000000000001
-17,-1,1.6500000000000001
-17,-1,1.6500000000000001
-17,-1,7.799483322417887
-17,-1,1.6500000000000001
-17,-1,1.6500000000000001
-17,-1,2.511940171246062
-17,-1,1.6500000000000001
-17,-1,4.244849812562471
-17,-1,1.6500000000000001
-18,-1,1.6500000000000001
-18,-1,1.6500000000000001
-18,-1,1.6500000000000001
-18,-1,11.529033557763572
-18,-1,1.6500000000000001
-18,-1,20.564697904170096
-18,-1,1.6500000000000001
-18,-1,1.6500000000000001
-18,-1,1.6500000000000001
-18,-1,1.6500000000000001
-18,-1,4.706748530678396
-18,-1,1.6500000000000001
-18,-1,3.130154488580021
-18,-1,20.971736708792356
-18,-1,17.00688002373368
-18,-1,8.16086758809143
-18,-1,1.6500000000000001
-18,-1,4.601985967131926
-18,-1,13.588837711974271
-18,-1,1.6500000000000001
-18,-1,1.6500000000000001
-18,-1,1.6500000000000001
-18,-1,1.6500000000000001
-18,-1,1.6500000000000001
-18,-1,1.6500000000000001
-18,-1,1.6500000000000001
-18,-1,1.6500000000000001
-18,-1,29.7
-18,-1,29.7
-18,-1,1.6500000000000001
-18,-1,1.6500000000000001
-18,-1,6.47908586088691
-18,-1,1.6500000000000001
-18,-1,1.6500000000000001
-18,-1,3.4080417490229107
-18,-1,1.6500000000000001
-18,-1,1.6500000000000001
-18,-1,1.6500000000000001
-18,-1,1.6500000000000001
-18,-1,19.10212879709659
-18,-1,1.6500000000000001
-18,-1,1.6500000000000001
-18,-1,1.6500000000000001
-18,-1,1.6500000000000001
-18,-1,1.6500000000000001
-18,-1,1.6500000000000001
-18,-1,1.6500000000000001
-18,-1,1.6500000000000001
-18,-1,1.6500000000000001
-18,-1,1.6500000000000001
-18,-1,1.6500000000000001
-18,-1,10.510850987748315
-18,-1,1.6500000000000001
-18,-1,1.6500000000000001
-18,-1,7.249238951744006
-18,-1,1.6500000000000001
-18,-1,9.538858007167041
-18,-1,1.6500000000000001
-18,-1,1.6500000000000001
-18,-1,11.408938482375023
-18,-1,3.5861341868187333
-18,-1,1.6500000000000001
-18,-1,14.71386911615966
-18,-1,13.94564588333464
-18,-1,1.6500000000000001
-18,-1,7.803520961877082
-18,-1,13.69727991871499
-18,-1,1.6500000000000001
-18,-1,1.6500000000000001
-18,-1,10.75696423513553
-18,-1,4.817221980968534
-18,-1,1.6500000000000001
-18,-1,1.6500000000000001
-18,-1,1.6500000000000001
-18,-1,4.562844538657821
-18,-1,19.93008281116053
-18,-1,1.6500000000000001
-18,-1,1.6500000000000001
-18,-1,1.6500000000000001
-18,-1,8.79303789882443
-18,-1,10.541739743446279
-18,-1,1.6500000000000001
-18,-1,5.2632753754061365
-18,-1,12.627747746257628
-18,-1,18.991864793941605
-18,-1,1.9801224865444333
-18,-1,1.6500000000000001
-18,-1,1.6500000000000001
-18,-1,1.6500000000000001
-18,-1,1.6500000000000001
-18,-1,1.6500000000000001
-18,-1,1.6500000000000001
-18,-1,1.6500000000000001
-18,-1,12.502172328587775
-18,-1,1.6500000000000001
-18,-1,1.6500000000000001
-18,-1,1.6500000000000001
-18,-1,8.747628225795369
-18,-1,1.6500000000000001
-18,-1,3.785189562581061
-18,-1,1.6500000000000001
-18,-1,1.6500000000000001
-18,-1,1.6500000000000001
-18,-1,2.6358843503152762
-18,-1,1.6500000000000001
-18,-1,1.6500000000000001
-18,-1,1.6500000000000001
-18,-1,1.6500000000000001
-18,-1,1.6500000000000001
-18,-1,1.8926098931684652
-18,-1,3.5720528806389606
-18,-1,13.636727788714385
-18,-1,14.44354443836717
-18,-1,1.6500000000000001
-18,-1,1.6500000000000001
-18,-1,1.6500000000000001
-18,-1,1.6500000000000001
-18,-1,6.032248868575761
-18,-1,29.7
-18,-1,3.2821646226814334
-18,-1,1.6500000000000001
-18,-1,13.37642146124237
-18,-2,13.749404256352733
-18,-2,1.6500000000000001
-18,-2,15.209655485433775
-18,-2,1.6500000000000001
-18,-2,1.6500000000000001
-18,-2,1.6500000000000001
-18,-2,6.947590032455796
-18,-2,7.898256379079377
-18,-2,15.12360549374436
-18,-2,1.6500000000000001
-18,-2,13.223034248347965
-18,-2,1.6500000000000001
-18,-2,1.6500000000000001
-18,-2,25.433055640249158
-18,-2,1.6500000000000001
-18,-2,1.6500000000000001
-18,-2,1.6500000000000001
-18,-2,1.6500000000000001
-18,-2,1.6500000000000001
-18,-2,29.7
-18,-2,1.6500000000000001
-18,-2,1.6500000000000001
-18,-2,1.6500000000000001
-18,-2,16.164678381507844
-18,-2,1.6500000000000001
-18,-2,4.43640166498007
-18,-2,1.6500000000000001
-18,-2,1.6500000000000001
-18,-2,7.514056056204119
-18,-2,19.22292680961112
-18,-2,1.6500000000000001
-18,-2,1.6500000000000001
-18,-2,1.6500000000000001
-18,-2,3.4384544023933583
-18,-2,3.730289499605627
-18,-2,15.741362647033123
-18,-2,1.6500000000000001
-18,-2,10.730570255287143
-18,-2,1.6500000000000001
-18,-2,5.364096623054642
-18,-2,1.6500000000000001
-18,-2,1.6500000000000001
-18,-2,1.6500000000000001
-18,-2,6.0732763806760435
-18,-2,1.6500000000000001
-18,-2,3.5445191994331924
-18,-2,1.6500000000000001
-18,-2,8.857067159791352
-18,-2,1.6500000000000001
-18,-2,1.6500000000000001
-18,-2,26.160627383782785
-18,-2,1.6500000000000001
-18,-2,13.427044713302262
-18,-2,1.6500000000000001
-18,-2,12.699129882598651
-18,-2,16.080573124743484
-18,-2,1.6500000000000001
-18,-2,1.6500000000000001
-18,-2,1.6500000000000001
-18,-2,23.087183536935942
-18,-2,1.6500000000000001
-18,-2,3.125405103911213
-18,-2,1.6500000000000001
-18,-2,1.6500000000000001
-18,-2,11.133657196644435
-18,-2,1.6500000000000001
-18,-2,6.157260533399111
-18,-2,1.6500000000000001
-18,-2,1.6500000000000001
-18,-2,1.6500000000000001
-18,-2,7.238331081740535
-18,-2,1.6500000000000001
-18,-2,5.297466382362446
-18,-2,1.6500000000000001
-18,-2,2.2347892439184474
-18,-2,4.463699467473237
-18,-2,1.6500000000000001
-18,-2,1.6500000000000001
-18,-2,29.7
-18,-2,1.6500000000000001
-18,-2,1.6500000000000001
-18,-2,1.6500000000000001
-18,-2,1.6500000000000001
-18,-2,10.12586901592541
-18,-2,1.6500000000000001
-18,-2,4.6456189083393795
-18,-2,1.6500000000000001
-18,-2,7.23102794080668
-18,-2,1.6500000000000001
-18,-2,3.9293229034925288
-18,-2,1.6500000000000001
-18,-2,5.6868062103979025
-18,-2,1.6500000000000001
-18,-2,5.355213573454705
-18,-2,1.6500000000000001
-18,-2,1.6500000000000001
-18,-2,1.6500000000000001
-18,-2,1.6500000000000001
-18,-2,1.6500000000000001
-18,-2,1.6500000000000001
-18,-2,1.6500000000000001
-18,-2,1.6500000000000001
-18,-2,13.486039131255122
-18,-2,1.6500000000000001
-18,-2,6.369337426787656
-18,-2,1.6500000000000001
-18,-2,1.6500000000000001
-18,-2,1.6500000000000001
-18,-2,1.6500000000000001
-18,-2,1.6500000000000001
-18,-2,1.6500000000000001
-18,-2,1.6500000000000001
-18,-2,1.6500000000000001
-18,-2,1.6500000000000001
-18,-2,1.6500000000000001
-18,-2,1.6500000000000001
-18,-2,8.907194193572995
-18,-2,1.6500000000000001
-18,-2,1.6500000000000001
-18,-2,1.6500000000000001
-18,-2,9.441848933509856
-18,-2,1.6500000000000001
-18,-3,1.6500000000000001
-18,-3,1.6500000000000001
-18,-3,3.7705043223041805
-18,-3,10.592170152891416
-18,-3,1.6500000000000001
-18,-3,1.6500000000000001
-18,-3,17.613332816627484
-18,-3,1.6500000000000001
-18,-3,1.6500000000000001
-18,-3,1.6500000000000001
-18,-3,20.19883445589954
-18,-3,1.6500000000000001
-18,-3,1.6500000000000001
-18,-3,19.778094444027264
-18,-3,1.6500000000000001
-18,-3,1.6500000000000001
-18,-3,14.325334391533868
-18,-3,5.59599604966038
-18,-3,1.6500000000000001
-18,-3,18.075066592524298
-18,-3,1.6500000000000001
-18,-3,1.6500000000000001
-18,-3,12.688417988309038
-18,-3,11.781477659149516
-18,-3,1.6500000000000001
-18,-3,6.394425359161397
-18,-3,1.6500000000000001
-18,-3,1.6500000000000001
-18,-3,15.590053615395078
-18,-3,4.077208675324259
-18,-3,17.431361827532314
-18,-3,1.6500000000000001
-18,-3,1.6500000000000001
-18,-3,1.6500000000000001
-18,-3,12.981241926342696
-18,-3,1.6500000000000001
-18,-3,1.6500000000000001
-18,-3,1.6500000000000001
-18,-3,15.313726203230148
-18,-3,1.6500000000000001
-18,-3,1.6500000000000001
-18,-3,19.582129601915792
-18,-3,1.6500000000000001
-18,-3,1.6500000000000001
-18,-3,1.6500000000000001
-18,-3,1.6500000000000001
-18,-3,1.6500000000000001
-18,-3,1.6500000000000001
-18,-3,9.85289844677898
-18,-3,1.6500000000000001
-18,-3,1.6500000000000001
-18,-3,21.54839492426432
-18,-3,1.6500000000000001
-18,-3,1.6500000000000001
-18,-3,1.6500000000000001
-18,-3,20.126370363284465
-18,-3,1.6500000000000001
-18,-3,1.6500000000000001
-18,-3,2.6080661902480076
-18,-3,1.6500000000000001
-18,-3,2.6915333648963173
-18,-3,18.493620589210966
-18,-3,12.111565704577048
-18,-3,3.136337660134851
-18,-3,29.534626186194078
-18,-3,1.6500000000000001
-18,-3,2.7092958414110004
-18,-3,1.6500000000000001
-18,-3,10.122989637536367
-18,-3,1.6500000000000001
-18,-3,1.6500000000000001
-18,-3,1.6500000000000001
-18,-3,1.6500000000000001
-18,-3,6.482935365969107
-18,-3,1.6500000000000001
-18,-3,7.06062018662802
-18,-3,5.044331600439855
-18,-3,28.21613395683575
-18,-3,1.6500000000000001
-18,-3,1.6500000000000001
-18,-3,6.548005769812367
-18,-3,3.8681063048024864
-18,-3,1.6500000000000001
-18,-3,1.6500000000000001
-18,-3,1.7499427869275999
-18,-3,5.959883330306204
-18,-3,1.6500000000000001
-18,-3,4.189216451131249
-18,-3,1.6500000000000001
-18,-3,4.955781608849831
-18,-3,2.1478440756966553
-18,-3,8.942825461448376
-18,-3,1.6500000000000001
-18,-3,1.6500000000000001
-18,-3,1.6500000000000001
-18,-3,2.759066636193519
-18,-3,1.6500000000000001
-18,-3,6.203020397554036
-18,-3,14.50189678371044
-18,-3,1.6500000000000001
-18,-3,1.6500000000000001
-18,-3,1.6500000000000001
-18,-3,28.38160679774659
-18,-3,1.6500000000000001
-18,-3,1.6500000000000001
-18,-3,29.7
-18,-3,1.6500000000000001
-18,-3,11.224105549411368
-18,-3,5.149100130806079
-18,-3,29.7
-18,-3,1.6500000000000001
-18,-3,3.818033953937584
-18,-3,1.6500000000000001
-18,-3,1.6500000000000001
-18,-3,1.6500000000000001
-18,-3,9.793108409144878
-18,-3,2.0005574880494046
-18,-3,5.804798019132411
-18,-3,1.6500000000000001
-18,-3,1.6500000000000001
-18,-3,1.6500000000000001
-18,-3,24.0709538837272
-18,-4,12.177398072095817
-18,-4,2.9921228417509464
-18,-4,5.908884135682987
-18,-4,1.6500000000000001
-18,-4,4.704782488491956
-18,-4,29.59428221184011
-18,-4,1.6500000000000001
-18,-4,1.6500000000000001
-18,-4,14.346659512184004
-18,-4,2.6385376215927505
-18,-4,1.6500000000000001
-18,-4,1.6500000000000001
-18,-4,1.6500000000000001
-18,-4,2.057999669385268
-18,-4,1.6500000000000001
-18,-4,1.6500000000000001
-18,-4,1.6500000000000001
-18,-4,6.8735515518686245
-18,-4,1.6500000000000001
-18,-4,1.6500000000000001
-18,-4,1.6500000000000001
-18,-4,1.6500000000000001
-18,-4,5.019822196546985
-18,-4,1.6500000000000001
-18,-4,8.900348915477752
-18,-4,13.112176468880689
-18,-4,1.6500000000000001
-18,-4,1.6500000000000001
-18,-4,1.6500000000000001
-18,-4,9.010706217657397
-18,-4,7.954198469988473
-18,-4,1.6500000000000001
-18,-4,1.6500000000000001
-18,-4,1.6500000000000001
-18,-4,1.6500000000000001
-18,-4,1.6500000000000001
-18,-4,1.6500000000000001
-18,-4,1.6500000000000001
-18,-4,1.6500000000000001
-18,-4,20.535681440203742
-18,-4,4.094219760087784
-18,-4,20.435144107550386
-18,-4,1.6500000000000001
-18,-4,1.6500000000000001
-18,-4,1.6500000000000001
-18,-4,1.6500000000000001
-18,-4,15.209035823611064
-18,-4,1.6500000000000001
-18,-4,1.6500000000000001
-18,-4,1.6500000000000001
-18,-4,1.6500000000000001
-18,-4,1.6500000000000001
-18,-4,1.6500000000000001
-18,-4,1.6500000000000001
-18,-4,9.350096356044894
-18,-4,1.6500000000000001
-18,-4,3.1942914286590027
-18,-4,1.6500000000000001
-18,-4,6.057024364198892
-18,-4,1.6500000000000001
-18,-4,1.6500000000000001
-18,-4,1.6500000000000001
-18,-4,19.798489033856338
-18,-4,12.57601978084603
-18,-4,5.023060290022196
-18,-4,1.6500000000000001
-18,-4,1.6500000000000001
-18,-4,7.918802530361415
-18,-4,1.6500000000000001
-18,-4,4.350545313134309
-18,-4,1.6500000000000001
-18,-4,1.6500000000000001
-18,-4,18.485674014658294
-18,-4,1.6500000000000001
-18,-4,1.6500000000000001
-18,-4,1.6500000000000001
-18,-4,1.6500000000000001
-18,-4,1.6500000000000001
-18,-4,4.973043539364412
-18,-4,1.6500000000000001
-18,-4,1.6500000000000001
-18,-4,2.8887263210920047
-18,-4,1.6500000000000001
-18,-4,1.6500000000000001
-18,-4,14.459652052996958
-18,-4,5.838051056114551
-18,-4,8.87527175978947
-18,-4,1.6500000000000001
-18,-4,14.293525576584077
-18,-4,1.6500000000000001
-18,-4,1.6500000000000001
-18,-4,4.369127845733824
-18,-4,5.909678538920856
-18,-4,1.6500000000000001
-18,-4,16.62902137106971
-18,-4,20.360026585061735
-18,-4,6.510038973645276
-18,-4,1.6500000000000001
-18,-4,1.6500000000000001
-18,-4,1.6500000000000001
-18,-4,1.6500000000000001
-18,-4,1.6500000000000001
-18,-4,1.6500000000000001
-18,-4,6.336037985101919
-18,-4,1.6500000000000001
-18,-4,29.7
-18,-4,1.6500000000000001
-18,-4,10.635844552482311
-18,-4,1.6500000000000001
-18,-4,1.6500000000000001
-18,-4,2.053133883876138
-18,-4,1.6500000000000001
-18,-4,1.6500000000000001
-18,-4,7.150773470655412
-18,-4,10.515567582318594
-18,-4,19.471963825789487
-18,-4,1.6500000000000001
-18,-4,20.71986052994764
-18,-4,1.6500000000000001
-18,-4,1.6500000000000001
-18,-4,1.6500000000000001
-18,-4,1.6500000000000001
-18,-4,7.729884161706174
-18,-3,16.72680127219058
-18,-3,1.6500000000000001
-18,-3,1.6500000000000001
-18,-3,29.7
-18,-3,17.974732534060667
-18,-3,14.14102470785679
-18,-3,10.608756396947262
-18,-3,28.057298334617926
-18,-3,1.6500000000000001
-18,-3,1.6500000000000001
-18,-3,10.9190177352772
-18,-3,1.6500000000000001
-18,-3,1.6500000000000001
-18,-3,8.453632656584949
-18,-3,2.1813141535172895
-18,-3,1.6500000000000001
-18,-3,9.912994571306642
-18,-3,1.6500000000000001
-18,-3,1.6500000000000001
-18,-3,1.6500000000000001
-18,-3,13.758441449586456
-18,-3,1.6500000000000001
-18,-3,1.6500000000000001
-18,-3,8.43346638055399
-18,-3,1.6500000000000001
-18,-3,18.066710853860915
-18,-3,1.6500000000000001
-18,-3,12.018453741479208
-18,-3,1.6500000000000001
-18,-3,1.6500000000000001
-18,-3,3.018608862654405
-18,-3,2.107428837908374
-18,-3,3.987965686010476
-18,-3,1.6500000000000001
-18,-3,1.6500000000000001
-18,-3,18.08064260655518
-18,-3,1.6500000000000001
-18,-3,9.898381720466379
-18,-3,1.6500000000000001
-18,-3,17.62605377939665
-18,-3,15.833783366718176
-18,-3,1.6500000000000001
-18,-3,8.519166166613811
-18,-3,1.6500000000000001
-18,-3,1.6500000000000001
-18,-3,1.6500000000000001
-18,-3,1.8515373521334642
-18,-3,12.705354643512138
-18,-3,8.018669053218385
-18,-3,1.6500000000000001
-18,-3,1.6500000000000001
-18,-3,1.6500000000000001
-18,-3,1.6500000000000001
-18,-3,1.694599347151751
-18,-3,1.6500000000000001
-18,-3,1.6500000000000001
-18,-3,25.260758699470937
-18,-3,10.68287265637539
-18,-3,1.6500000000000001
-18,-3,1.6500000000000001
-18,-3,1.6500000000000001
-18,-3,1.6500000000000001
-18,-3,5.710205604609191
-18,-3,4.367990183120706
-18,-3,1.6500000000000001
-18,-3,1.6500000000000001
-18,-3,1.6500000000000001
-18,-3,1.6500000000000001
-18,-3,1.6500000000000001
-18,-3,14.444980585265796
-18,-3,1.6500000000000001
-18,-3,1.6500000000000001
-18,-3,1.6500000000000001
-18,-3,1.6500000000000001
-18,-3,1.6500000000000001
-18,-3,1.6500000000000001
-18,-3,10.2745211126988
-18,-3,1.6500000000000001
-18,-3,1.6500000000000001
-18,-3,1.6500000000000001
-18,-3,1.6500000000000001
-18,-3,1.6500000000000001
-18,-3,1.7073101801849502
-18,-3,1.6500000000000001
-18,-3,1.6500000000000001
-18,-3,1.6500000000000001
-18,-3,1.6500000000000001
-18,-3,1.6500000000000001
-18,-3,1.6500000000000001
-18,-3,1.6500000000000001
-18,-3,1.6500000000000001
-18,-3,16.384006965507112
-18,-3,14.308163666609833
-18,-3,8.510543401974592
-18,-3,1.6500000000000001
-18,-3,1.6500000000000001
-18,-3,12.844039670146783
-18,-3,1.6500000000000001
-18,-3,14.207425944681761
-18,-3,1.6500000000000001
-18,-3,1.6500000000000001
-18,-3,1.6500000000000001
-18,-3,1.6500000000000001
-18,-3,1.6500000000000001
-18,-3,1.6500000000000001
-18,-3,1.6500000000000001
-18,-3,17.457545486773807
-18,-3,17.140519310460373
-18,-3,9.88661717332898
-18,-3,14.818509092548842
-18,-3,1.6500000000000001
-18,-3,24.037102428507183
-18,-3,1.6500000000000001
-18,-3,1.6500000000000001
-18,-3,21.499956567237152
-18,-3,1.6500000000000001
-18,-3,1.6500000000000001
-18,-3,9.187729138909031
-18,-3,1.6500000000000001
-18,-3,1.6500000000000001
-18,-3,1.8140019425742633
-18,-3,15.866483217924443
-18,-4,5.04012782749067
-18,-4,2.551672064194089
-18,-4,5.103107684930204
-18,-4,18.54671226418331
-18,-4,1.6500000000000001
-18,-4,5.633547391994596
-18,-4,2.9712824447072044
-18,-4,1.6500000000000001
-18,-4,1.6500000000000001
-18,-4,2.326265053273921
-18,-4,1.6500000000000001
-18,-4,1.6500000000000001
-18,-4,2.9693320045582503
-18,-4,4.118702393657735
-18,-4,1.6500000000000001
-18,-4,1.6500000000000001
-18,-4,1.6500000000000001
-18,-4,6.564485029755671
-18,-4,21.358525331724024
-18,-4,26.46818007383406
-18,-4,1.6500000000000001
-18,-4,7.092551412992245
-18,-4,29.7
-18,-4,1.6500000000000001
-18,-4,1.6500000000000001
-18,-4,10.86649728742974
-18,-4,1.6500000000000001
-18,-4,1.6500000000000001
-18,-4,2.133495873026456
-18,-4,1.6500000000000001
-18,-4,1.6500000000000001
-18,-4,1.6500000000000001
-18,-4,1.6500000000000001
-18,-4,19.421405416497972
-18,-4,1.6500000000000001
-18,-4,1.6500000000000001
-18,-4,1.6500000000000001
-18,-4,13.727818769318729
-18,-4,6.101836597344857
-18,-4,1.6500000000000001
-18,-4,1.6500000000000001
-18,-4,1.6500000000000001
-18,-4,1.6500000000000001
-18,-4,7.289597829849334
-18,-4,1.6500000000000001
-18,-4,1.6500000000000001
-18,-4,1.6500000000000001
-18,-4,2.1645395618955723
-18,-4,1.6500000000000001
-18,-4,3.414663173089517
-18,-4,1.6500000000000001
-18,-4,1.6500000000000001
-18,-4,5.5859640790895355
-18,-4,5.219043987316632
-18,-4,1.6500000000000001
-18,-4,1.6500000000000001
-18,-4,5.651270034546096
-18,-4,1.6500000000000001
-18,-4,1.6500000000000001
-18,-4,1.6500000000000001
-18,-4,1.6500000000000001
-18,-4,1.6500000000000001
-18,-4,1.6500000000000001
-18,-4,1.6500000000000001
-18,-4,1.6500000000000001
-18,-4,1.6500000000000001
-18,-4,1.6500000000000001
-18,-4,1.6500000000000001
-18,-4,12.964401224544206
-18,-4,1.6500000000000001
-18,-4,3.091151570761653
-18,-4,1.6500000000000001
-18,-4,1.6500000000000001
-18,-4,15.418667038834352
-18,-4,5.175299764992825
-18,-4,17.22311718811885
-18,-4,1.6500000000000001
-18,-4,10.879887737201472
-18,-4,1.6500000000000001
-18,-4,1.6500000000000001
-18,-4,1.6500000000000001
-18,-4,4.065768449622357
-18,-4,1.6500000000000001
-18,-4,7.188502793549827
-18,-4,15.04980238654973
-18,-4,1.6500000000000001
-18,-4,1.6500000000000001
-18,-4,5.02962155826936
-18,-4,1.6500000000000001
-18,-4,1.6500000000000001
-18,-4,1.6500000000000001
-18,-4,12.888156741460007
-18,-4,1.6500000000000001
-18,-4,5.640562456753658
-18,-4,5.500363953751928
-18,-4,1.6500000000000001
-18,-4,1.6500000000000001
-18,-4,13.142344171675639
-18,-4,19.535851823347905
-18,-4,7.530827141180543
-18,-4,2.9877034638927604
-18,-4,1.6500000000000001
-18,-4,1.6500000000000001
-18,-4,10.11104414772804
-18,-4,1.6500000000000001
-18,-4,5.6542109582448745
-18,-4,11.592240267970507
-18,-4,1.6500000000000001
-18,-4,1.6500000000000001
-18,-4,2.8594624060261977
-18,-4,9.738930008468254
-18,-4,1.6500000000000001
-18,-4,5.538542642300336
-18,-4,9.271666139558896
-18,-4,11.848187389803169
-18,-4,10.706592188097513
-18,-4,1.6500000000000001
-18,-4,1.6500000000000001
-18,-4,1.6500000000000001
-18,-4,1.6500000000000001
-18,-4,1.6500000000000001
-18,-4,1.6500000000000001
-18,-5,1.6500000000000001
-18,-5,17.12031480359017
-18,-5,13.836414683815054
-18,-5,5.542673175202844
-18,-5,1.6500000000000001
-18,-5,8.834189428169742
-18,-5,1.6500000000000001
-18,-5,21.339117367382098
-18,-5,1.6500000000000001
-18,-5,1.6500000000000001
-18,-5,1.6500000000000001
-18,-5,1.6500000000000001
-18,-5,1.6500000000000001
-18,-5,1.6500000000000001
-18,-5,1.6500000000000001
-18,-5,5.729820138666277
-18,-5,1.6500000000000001
-18,-5,14.16455770206855
-18,-5,1.6500000000000001
-18,-5,1.6500000000000001
-18,-5,25.641367026681326
-18,-5,16.708965691003602
-18,-5,10.2942456081865
-18,-5,1.6500000000000001
-18,-5,3.2569846007690533
-18,-5,1.6500000000000001
-18,-5,1.6500000000000001
-18,-5,1.6500000000000001
-18,-5,1.6500000000000001
-18,-5,14.406828566838513
-18,-5,1.6500000000000001
-18,-5,1.6500000000000001
-18,-5,1.6500000000000001
-18,-5,8.043657651906695
-18,-5,1.6500000000000001
-18,-5,14.101743910406881
-18,-5,19.245585902999963
-18,-5,1.6500000000000001
-18,-5,4.052902386714365
-18,-5,1.6500000000000001
-18,-5,3.6141774188542684
-18,-5,1.6500000000000001
-18,-5,11.117393892808597
-18,-5,1.6500000000000001
-18,-5,1.6500000000000001
-18,-5,7.176268255587061
-18,-5,21.24839734249273
-18,-5,1.6500000000000001
-18,-5,2.5747935177144097
-18,-5,1.6500000000000001
-18,-5,1.6500000000000001
-18,-5,1.6500000000000001
-18,-5,8.400398772482509
-18,-5,1.6500000000000001
-18,-5,1.6500000000000001
-18,-5,1.6500000000000001
-18,-5,2.9215580194892166
-18,-5,1.6500000000000001
-18,-5,1.6500000000000001
-18,-5,5.440364262080105
-18,-5,8.845100545270764
-18,-5,1.6500000000000001
-18,-5,1.6500000000000001
-18,-5,1.6500000000000001
-18,-5,13.285776942273083
-18,-5,4.76746245770436
-18,-5,1.6500000000000001
-18,-5,1.6500000000000001
-18,-5,1.6500000000000001
-18,-5,4.7600892513745245
-18,-5,1.6500000000000001
-18,-5,1.6500000000000001
-18,-5,1.6500000000000001
-18,-5,1.6500000000000001
-18,-5,1.6500000000000001
-18,-5,1.6500000000000001
-18,-5,6.262486054536493
-18,-5,1.6500000000000001
-18,-5,1.6500000000000001
-18,-5,12.858991691258224
-18,-5,1.6500000000000001
-18,-5,1.6500000000000001
-18,-5,1.6500000000000001
-18,-5,13.139794043417195
-18,-5,1.6500000000000001
-18,-5,1.6500000000000001
-18,-5,27.4020951979978
-18,-5,1.6500000000000001
-18,-5,1.6500000000000001
-18,-5,1.6500000000000001
-18,-5,1.6500000000000001
-18,-5,1.6500000000000001
-18,-5,1.6500000000000001
-18,-5,6.248157626270878
-18,-5,1.6500000000000001
-18,-5,1.6500000000000001
-18,-5,1.6500000000000001
-18,-5,1.6500000000000001
-18,-5,1.6500000000000001
-18,-5,1.6500000000000001
-18,-5,25.39008425300793
-18,-5,1.6500000000000001
-18,-5,24.58786314525779
-18,-5,4.270197248340733
-18,-5,1.6500000000000001
-18,-5,1.6500000000000001
-18,-5,1.6500000000000001
-18,-5,1.6500000000000001
-18,-5,10.327552944866882
-18,-5,1.6500000000000001
-18,-5,1.6500000000000001
-18,-5,1.6500000000000001
-18,-5,1.6500000000000001
-18,-5,1.6500000000000001
-18,-5,1.6500000000000001
-18,-5,1.6500000000000001
-18,-5,1.6500000000000001
-18,-5,1.6500000000000001
-18,-5,1.6500000000000001
-18,-5,1.6500000000000001
-18,-5,10.39617074352492
-18,-5,1.6500000000000001
-18,-6,1.9176756659695515
-18,-6,1.6500000000000001
-18,-6,1.6500000000000001
-18,-6,1.6500000000000001
-18,-6,6.689779923128471
-18,-6,1.6500000000000001
-18,-6,1.6500000000000001
-18,-6,1.6500000000000001
-18,-6,29.7
-18,-6,1.6500000000000001
-18,-6,6.750020753202236
-18,-6,1.6500000000000001
-18,-6,1.6500000000000001
-18,-6,6.626224857362876
-18,-6,1.6500000000000001
-18,-6,1.6500000000000001
-18,-6,4.757880055613326
-18,-6,1.6500000000000001
-18,-6,1.6500000000000001
-18,-6,12.99455528385706
-18,-6,5.239884814308533
-18,-6,11.03495552405801
-18,-6,17.90184925969999
-18,-6,10.086540343231595
-18,-6,1.8579789808042366
-18,-6,11.087975458547506
-18,-6,1.6500000000000001
-18,-6,3.34525459892982
-18,-6,1.6500000000000001
-18,-6,1.6500000000000001
-18,-6,1.6500000000000001
-18,-6,1.6500000000000001
-18,-6,3.0874673771532795
-18,-6,1.6500000000000001
-18,-6,1.6500000000000001
-18,-6,14.812531182130598
-18,-6,1.6500000000000001
-18,-6,1.6500000000000001
-18,-6,1.6500000000000001
-18,-6,1.6500000000000001
-18,-6,1.6500000000000001
-18,-6,12.033424888010227
-18,-6,1.6500000000000001
-18,-6,11.88266918235032
-18,-6,8.232491919982841
-18,-6,1.6500000000000001
-18,-6,1.6500000000000001
-18,-6,1.6500000000000001
-18,-6,1.6500000000000001
-18,-6,1.6500000000000001
-18,-6,6.529903679652621
-18,-6,1.6500000000000001
-18,-6,1.6500000000000001
-18,-6,1.6500000000000001
-18,-6,2.4319679160918737
-18,-6,1.6500000000000001
-18,-6,1.6500000000000001
-18,-6,9.027743488987303
-18,-6,1.6500000000000001
-18,-6,1.6500000000000001
-18,-6,1.6500000000000001
-18,-6,22.013031909301418
-18,-6,1.6500000000000001
-18,-6,1.6500000000000001
-18,-6,1.6500000000000001
-18,-6,1.6500000000000001
-18,-6,1.6500000000000001
-18,-6,1.6500000000000001
-18,-6,1.6500000000000001
-18,-6,1.6500000000000001
-18,-6,1.6500000000000001
-18,-6,23.871699047859835
-18,-6,1.6500000000000001
-18,-6,1.6500000000000001
-18,-6,1.6500000000000001
-18,-6,18.991756809473387
-18,-6,1.6500000000000001
-18,-6,1.6500000000000001
-18,-6,1.6500000000000001
-18,-6,1.6500000000000001
-18,-6,5.051910201841624
-18,-6,1.6500000000000001
-18,-6,1.6500000000000001
-18,-6,1.6500000000000001
-18,-6,16.43564340940679
-18,-6,1.6500000000000001
-18,-6,1.6500000000000001
-18,-6,1.6500000000000001
-18,-6,1.6500000000000001
-18,-6,1.6500000000000001
-18,-6,1.6500000000000001
-18,-6,1.6500000000000001
-18,-6,1.6500000000000001
-18,-6,1.6500000000000001
-18,-6,15.41056216312397
-18,-6,7.167459189845886
-18,-6,1.6500000000000001
-18,-6,1.6500000000000001
-18,-6,1.6500000000000001
-18,-6,1.6500000000000001
-18,-6,1.6500000000000001
-18,-6,25.761432915455025
-18,-6,1.6500000000000001
-18,-6,15.285694599037381
-18,-6,1.6500000000000001
-18,-6,15.142895097673556
-18,-6,1.6500000000000001
-18,-6,1.6500000000000001
-18,-6,1.6500000000000001
-18,-6,1.6500000000000001
-18,-6,1.6500000000000001
-18,-6,1.6500000000000001
-18,-6,1.6500000000000001
-18,-6,1.6500000000000001
-18,-6,1.6500000000000001
-18,-6,1.6500000000000001
-18,-6,10.265806167493391
-18,-6,1.6500000000000001
-18,-6,3.524489034794339
-18,-6,1.6500000000000001
-18,-6,1.6500000000000001
-18,-6,2.920551926229063
-18,-6,1.6500000000000001
-18,-7,13.0814382376701
-18,-7,1.6500000000000001
-18,-7,3.3719005679689644
-18,-7,5.364090526041977
-18,-7,1.6500000000000001
-18,-7,4.3832889787519385
-18,-7,1.6500000000000001
-18,-7,1.6500000000000001
-18,-7,1.6500000000000001
-18,-7,8.636589967029927
-18,-7,1.6500000000000001
-18,-7,1.6500000000000001
-18,-7,1.6500000000000001
-18,-7,1.6500000000000001
-18,-7,5.992058562997718
-18,-7,1.6500000000000001
-18,-7,8.426194788217657
-18,-7,5.168650938383931
-18,-7,15.033167836586358
-18,-7,1.6500000000000001
-18,-7,1.6500000000000001
-18,-7,1.6500000000000001
-18,-7,1.6500000000000001
-18,-7,1.6500000000000001
-18,-7,1.6500000000000001
-18,-7,1.6500000000000001
-18,-7,1.6500000000000001
-18,-7,1.6500000000000001
-18,-7,1.6500000000000001
-18,-7,1.6500000000000001
-18,-7,1.6500000000000001
-18,-7,1.6500000000000001
-18,-7,1.6500000000000001
-18,-7,1.6500000000000001
-18,-7,1.8993889923137859
-18,-7,1.6500000000000001
-18,-7,1.6500000000000001
-18,-7,1.6500000000000001
-18,-7,1.6500000000000001
-18,-7,1.6500000000000001
-18,-7,15.643665913325666
-18,-7,23.354720564526666
-18,-7,1.6500000000000001
-18,-7,1.6500000000000001
-18,-7,1.6500000000000001
-18,-7,10.783701097016605
-18,-7,7.601582341620106
-18,-7,1.6500000000000001
-18,-7,1.6500000000000001
-18,-7,1.6500000000000001
-18,-7,1.6500000000000001
-18,-7,13.703740377319907
-18,-7,1.6500000000000001
-18,-7,1.6500000000000001
-18,-7,8.070622401835157
-18,-7,1.6500000000000001
-18,-7,7.793670258304331
-18,-7,1.6500000000000001
-18,-7,19.23954539164854
-18,-7,1.6500000000000001
-18,-7,1.6500000000000001
-18,-7,13.124531828889115
-18,-7,9.121386343013883
-18,-7,1.6500000000000001
-18,-7,1.6500000000000001
-18,-7,23.792808022787053
-18,-7,1.6500000000000001
-18,-7,1.6500000000000001
-18,-7,1.6500000000000001
-18,-7,1.6500000000000001
-18,-7,13.359765201303464
-18,-7,11.952496344913945
-18,-7,1.6500000000000001
-18,-7,1.6500000000000001
-18,-7,1.6500000000000001
-18,-7,6.406906895579973
-18,-7,1.6500000000000001
-18,-7,1.6500000000000001
-18,-7,1.6500000000000001
-18,-7,1.6500000000000001
-18,-7,1.6500000000000001
-18,-7,1.6500000000000001
-18,-7,10.046232596345076
-18,-7,4.5872472711858325
-18,-7,1.6500000000000001
-18,-7,15.339114587566671
-18,-7,1.6500000000000001
-18,-7,2.3065452991606366
-18,-7,1.6500000000000001
-18,-7,1.6500000000000001
-18,-7,1.6500000000000001
-18,-7,3.425360886704226
-18,-7,1.6500000000000001
-18,-7,1.6500000000000001
-18,-7,1.6500000000000001
-18,-7,3.491606987105815
-18,-7,1.6500000000000001
-18,-7,1.6500000000000001
-18,-7,1.6500000000000001
-18,-7,11.299373249478665
-18,-7,1.6500000000000001
-18,-7,1.6500000000000001
-18,-7,1.6500000000000001
-18,-7,1.6500000000000001
-18,-7,1.6500000000000001
-18,-7,14.30089629240197
-18,-7,6.441187353760428
-18,-7,1.6500000000000001
-18,-7,9.750778291202046
-18,-7,5.812869830828881
-18,-7,14.916255030375124
-18,-7,6.314987369249305
-18,-7,19.24058862524366
-18,-7,1.6500000000000001
-18,-7,7.909543467671973
-18,-7,3.245506477322312
-18,-7,12.655452636025013
-18,-7,1.6500000000000001
-18,-7,1.6500000000000001
-18,-7,1.6500000000000001
-18,-7,1.6500000000000001
-18,-7,9.466019788301265
-18,-8,10.066554495219343
-18,-8,1.6500000000000001
-18,-8,3.197340326499961
-18,-8,1.6500000000000001
-18,-8,1.6500000000000001
-18,-8,1.6500000000000001
-18,-8,1.6500000000000001
-18,-8,2.034545214222863
-18,-8,1.6500000000000001
-18,-8,1.6500000000000001
-18,-8,1.6500000000000001
-18,-8,1.6500000000000001
-18,-8,1.6500000000000001
-18,-8,1.6500000000000001
-18,-8,5.546982157571275
-18,-8,1.6500000000000001
-18,-8,1.6500000000000001
-18,-8,1.6500000000000001
-18,-8,28.277537090027216
-18,-8,1.6500000000000001
-18,-8,9.207278181367503
-18,-8,1.6500000000000001
-18,-8,17.037512405922886
-18,-8,1.6500000000000001
-18,-8,1.6500000000000001
-18,-8,1.6500000000000001
-18,-8,1.6500000000000001
-18,-8,1.6500000000000001
-18,-8,3.276680321830697
-18,-8,1.6500000000000001
-18,-8,1.6500000000000001
-18,-8,11.427202856957338
-18,-8,1.6500000000000001
-18,-8,11.135729020974484
-18,-8,7.342008011621889
-18,-8,1.6500000000000001
-18,-8,1.6500000000000001
-18,-8,1.6500000000000001
-18,-8,1.6500000000000001
-18,-8,1.6500000000000001
-18,-8,1.6500000000000001
-18,-8,29.7
-18,-8,1.6500000000000001
-18,-8,1.6500000000000001
-18,-8,1.6500000000000001
-18,-8,6.377289751781738
-18,-8,1.6500000000000001
-18,-8,1.6500000000000001
-18,-8,1.6500000000000001
-18,-8,1.6500000000000001
-18,-8,9.945055327717602
-18,-8,1.6500000000000001
-18,-8,1.6500000000000001
-18,-8,1.6500000000000001
-18,-8,1.6500000000000001
-18,-8,1.6500000000000001
-18,-8,13.566542402365737
-18,-8,3.958886681590556
-18,-8,26.551081992814154
-18,-8,9.29099899762243
-18,-8,1.6500000000000001
-18,-8,7.854038288920259
-18,-8,1.6500000000000001
-18,-8,1.6500000000000001
-18,-8,4.053951113232543
-18,-8,1.6500000000000001
-18,-8,1.6500000000000001
-18,-8,1.6500000000000001
-18,-8,1.6500000000000001
-18,-8,1.6500000000000001
-18,-8,1.6500000000000001
-18,-8,1.6500000000000001
-18,-8,1.6500000000000001
-18,-8,7.186855893504649
-18,-8,1.6500000000000001
-18,-8,1.6500000000000001
-18,-8,1.6500000000000001
-18,-8,1.6500000000000001
-18,-8,1.6500000000000001
-18,-8,2.6125576956045737
-18,-8,2.1262951772242196
-18,-8,1.6500000000000001
-18,-8,1.6500000000000001
-18,-8,15.043888817978141
-18,-8,3.2403882640918464
-18,-8,14.614848818805772
-18,-8,10.049070033493532
-18,-8,16.91274818817174
-18,-8,24.885020847057064
-18,-8,1.6500000000000001
-18,-8,1.6500000000000001
-18,-8,1.6500000000000001
-18,-8,2.3203251279380686
-18,-8,1.6500000000000001
-18,-8,1.6500000000000001
-18,-8,1.6500000000000001
-18,-8,1.6500000000000001
-18,-8,3.05035860780746
-18,-8,1.6500000000000001
-18,-8,1.6500000000000001
-18,-8,1.6500000000000001
-18,-8,1.6500000000000001
-18,-8,2.7940851009795917
-18,-8,1.6500000000000001
-18,-8,1.6500000000000001
-18,-8,1.6500000000000001
-18,-8,13.493082559771256
-18,-8,1.6500000000000001
-18,-8,1.6500000000000001
-18,-8,1.6500000000000001
-18,-8,3.775354264512779
-18,-8,3.8825671102265895
-18,-8,1.6500000000000001
-18,-8,1.6500000000000001
-18,-8,1.6500000000000001
-18,-8,4.981429188019002
-18,-8,1.6500000000000001
-18,-8,1.6500000000000001
-18,-8,1.6500000000000001
-18,-8,1.6500000000000001
-18,-8,1.6500000000000001
-18,-8,1.6500000000000001
-18,-9,2.5249974262440222
-18,-9,12.855378535600886
-18,-9,1.6500000000000001
-18,-9,23.621769875789806
-18,-9,1.6500000000000001
-18,-9,1.6500000000000001
-18,-9,1.6500000000000001
-18,-9,1.6500000000000001
-18,-9,1.6500000000000001
-18,-9,18.826078275755243
-18,-9,1.6500000000000001
-18,-9,1.6500000000000001
-18,-9,1.6500000000000001
-18,-9,1.6500000000000001
-18,-9,1.6500000000000001
-18,-9,21.993394567497383
-18,-9,1.6500000000000001
-18,-9,1.6500000000000001
-18,-9,1.6500000000000001
-18,-9,1.6500000000000001
-18,-9,1.6500000000000001
-18,-9,1.6500000000000001
-18,-9,9.18873338215492
-18,-9,1.6500000000000001
-18,-9,1.6500000000000001
-18,-9,1.6500000000000001
-18,-9,6.3656897320781916
-18,-9,1.6500000000000001
-18,-9,1.6500000000000001
-18,-9,1.6500000000000001
-18,-9,1.6500000000000001
-18,-9,1.6500000000000001
-18,-9,1.6500000000000001
-18,-9,1.6500000000000001
-18,-9,1.6500000000000001
-18,-9,1.6500000000000001
-18,-9,1.6500000000000001
-18,-9,1.6500000000000001
-18,-9,1.6500000000000001
-18,-9,1.6500000000000001
-18,-9,1.6500000000000001
-18,-9,1.6500000000000001
-18,-9,2.0296451830726845
-18,-9,1.6500000000000001
-18,-9,1.6500000000000001
-18,-9,1.6500000000000001
-18,-9,12.012933680290182
-18,-9,1.6500000000000001
-18,-9,10.507724262877426
-18,-9,1.6500000000000001
-18,-9,1.6500000000000001
-18,-9,1.6500000000000001
-18,-9,4.881942567952148
-18,-9,16.05787140873007
-18,-9,13.705250656280203
-18,-9,1.6500000000000001
-18,-9,1.6500000000000001
-18,-9,1.6500000000000001
-18,-9,1.6500000000000001
-18,-9,1.6500000000000001
-18,-9,1.6500000000000001
-18,-9,25.92813132521456
-18,-9,1.6500000000000001
-18,-9,15.749093001205019
-18,-9,1.6500000000000001
-18,-9,1.6500000000000001
-18,-9,24.018641792286346
-18,-9,12.286595961205109
-18,-9,1.6500000000000001
-18,-9,2.8210358372793713
-18,-9,2.707195085822989
-18,-9,2.1434478390377922
-18,-9,1.6500000000000001
-18,-9,6.773935483579946
-18,-9,7.9803650360055265
-18,-9,1.6500000000000001
-18,-9,1.6500000000000001
-18,-9,1.6500000000000001
-18,-9,1.6500000000000001
-18,-9,18.17813485494457
-18,-9,5.498159146315089
-18,-9,21.606369369084238
-18,-9,1.6500000000000001
-18,-9,1.6500000000000001
-18,-9,8.64478414838835
-18,-9,1.6500000000000001
-18,-9,20.64275901953242
-18,-9,1.6500000000000001
-18,-9,8.918051216467887
-18,-9,1.6500000000000001
-18,-9,9.75556031731365
-18,-9,1.6500000000000001
-18,-9,1.6500000000000001
-18,-9,1.6500000000000001
-18,-9,23.406206000633087
-18,-9,1.6500000000000001
-18,-9,1.6500000000000001
-18,-9,1.6500000000000001
-18,-9,1.6500000000000001
-18,-9,9.988340759479513
-18,-9,1.6500000000000001
-18,-9,11.060571051930914
-18,-9,1.6500000000000001
-18,-9,1.6500000000000001
-18,-9,1.6500000000000001
-18,-9,1.6500000000000001
-18,-9,5.069018872005422
-18,-9,13.371684465801593
-18,-9,1.6500000000000001
-18,-9,9.735341389066498
-18,-9,1.6500000000000001
-18,-9,1.6500000000000001
-18,-9,1.6500000000000001
-18,-9,1.6500000000000001
-18,-9,5.751706416081877
-18,-9,3.275638279282324
-18,-9,1.6500000000000001
-18,-9,1.6500000000000001
-18,-9,1.6500000000000001
-18,-9,13.006315075249812
-18,-9,6.94263811959423
-18,-9,20.110629096241503
-18,-10,1.6500000000000001
-18,-10,3.0223818025068105
-18,-10,1.6500000000000001
-18,-10,10.012000072996976
-18,-10,1.6500000000000001
-18,-10,1.6500000000000001
-18,-10,1.6500000000000001
-18,-10,1.6500000000000001
-18,-10,1.6500000000000001
-18,-10,14.628136064963243
-18,-10,2.073619231131957
-18,-10,1.6500000000000001
-18,-10,11.066511713780764
-18,-10,1.6500000000000001
-18,-10,5.53528058276398
-18,-10,1.6500000000000001
-18,-10,1.6500000000000001
-18,-10,4.621439324740573
-18,-10,1.6500000000000001
-18,-10,1.6500000000000001
-18,-10,1.6500000000000001
-18,-10,1.6500000000000001
-18,-10,1.6500000000000001
-18,-10,1.6500000000000001
-18,-10,1.6500000000000001
-18,-10,1.6500000000000001
-18,-10,1.6500000000000001
-18,-10,14.255188028096942
-18,-10,1.6500000000000001
-18,-10,1.6500000000000001
-18,-10,1.6500000000000001
-18,-10,3.127166811550163
-18,-10,5.210796277464557
-18,-10,1.6500000000000001
-18,-10,1.6500000000000001
-18,-10,1.6500000000000001
-18,-10,6.583113586560308
-18,-10,1.6500000000000001
-18,-10,5.34880654666506
-18,-10,27.461300636168293
-18,-10,1.6500000000000001
-18,-10,1.6500000000000001
-18,-10,13.388194758200202
-18,-10,1.6500000000000001
-18,-10,19.885916590967753
-18,-10,1.6500000000000001
-18,-10,1.6500000000000001
-18,-10,1.6500000000000001
-18,-10,16.125342706202183
-18,-10,1.6500000000000001
-18,-10,1.6500000000000001
-18,-10,1.6500000000000001
-18,-10,1.6500000000000001
-18,-10,1.6500000000000001
-18,-10,1.6500000000000001
-18,-10,1.6500000000000001
-18,-10,1.6500000000000001
-18,-10,1.6500000000000001
-18,-10,1.6500000000000001
-18,-10,6.129808560626392
-18,-10,1.6500000000000001
-18,-10,1.6500000000000001
-18,-10,1.6500000000000001
-18,-10,15.409646515701162
-18,-10,5.5874657015404825
-18,-10,1.6500000000000001
-18,-10,1.6500000000000001
-18,-10,1.6500000000000001
-18,-10,1.6500000000000001
-18,-10,1.6500000000000001
-18,-10,1.6500000000000001
-18,-10,1.6500000000000001
-18,-10,1.6500000000000001
-18,-10,1.6500000000000001
-18,-10,1.6500000000000001
-18,-10,1.6500000000000001
-18,-10,1.6500000000000001
-18,-10,6.095428017689736
-18,-10,1.6500000000000001
-18,-10,1.6500000000000001
-18,-10,1.6500000000000001
-18,-10,17.31608076247395
-18,-10,1.6500000000000001
-18,-10,1.6500000000000001
-18,-10,1.6500000000000001
-18,-10,8.630999639171526
-18,-10,1.6500000000000001
-18,-10,1.6500000000000001
-18,-10,1.6500000000000001
-18,-10,14.260555875990686
-18,-10,1.6500000000000001
-18,-10,1.6500000000000001
-18,-10,1.6500000000000001
-18,-10,1.6500000000000001
-18,-10,23.102256133441468
-18,-10,1.6500000000000001
-18,-10,1.9742127138430408
-18,-10,1.6500000000000001
-18,-10,1.6500000000000001
-18,-10,1.6500000000000001
-18,-10,1.6500000000000001
-18,-10,1.6500000000000001
-18,-10,28.083580419917585
-18,-10,1.6500000000000001
-18,-10,1.6500000000000001
-18,-10,14.14383477093592
-18,-10,20.33853530126442
-18,-10,1.6500000000000001
-18,-10,1.6500000000000001
-18,-10,1.6500000000000001
-18,-10,1.6500000000000001
-18,-10,19.397234982179807
-18,-10,1.6500000000000001
-18,-10,1.7159030735652676
-18,-10,1.6500000000000001
-18,-10,1.6500000000000001
-18,-10,1.6500000000000001
-18,-10,1.6500000000000001
-18,-10,1.6500000000000001
-18,-10,1.6500000000000001
-18,-10,1.6500000000000001
-18,-10,1.6500000000000001
-18,-11,3.2246655224233916
-18,-11,1.6500000000000001
-18,-11,1.6500000000000001
-18,-11,12.067525303620735
-18,-11,11.91160933962668
-18,-11,1.6500000000000001
-18,-11,6.196650519333005
-18,-11,6.265714509531856
-18,-11,1.6500000000000001
-18,-11,1.6500000000000001
-18,-11,1.6500000000000001
-18,-11,1.6500000000000001
-18,-11,1.6500000000000001
-18,-11,1.6500000000000001
-18,-11,1.6500000000000001
-18,-11,1.6500000000000001
-18,-11,1.6500000000000001
-18,-11,1.6500000000000001
-18,-11,1.6500000000000001
-18,-11,1.6500000000000001
-18,-11,1.6500000000000001
-18,-11,1.6500000000000001
-18,-11,1.6500000000000001
-18,-11,6.976008643577462
-18,-11,26.570899858612375
-18,-11,1.6500000000000001
-18,-11,12.641565329362482
-18,-11,1.6500000000000001
-18,-11,15.064656910818858
-18,-11,1.6500000000000001
-18,-11,6.823256909590581
-18,-11,1.6500000000000001
-18,-11,1.6500000000000001
-18,-11,1.6500000000000001
-18,-11,1.6500000000000001
-18,-11,1.6500000000000001
-18,-11,1.6500000000000001
-18,-11,3.6707695447252
-18,-11,4.559565615458874
-18,-11,1.6500000000000001
-18,-11,6.779272485769246
-18,-11,1.6500000000000001
-18,-11,1.6500000000000001
-18,-11,1.6500000000000001
-18,-11,1.6500000000000001
-18,-11,1.6500000000000001
-18,-11,11.113957190271373
-18,-11,13.943616993459099
-18,-11,1.6500000000000001
-18,-11,1.6500000000000001
-18,-11,1.6500000000000001
-18,-11,1.6500000000000001
-18,-11,1.6500000000000001
-18,-11,12.662641305937672
-18,-11,10.325336370600194
-18,-11,1.6500000000000001
-18,-11,1.6500000000000001
-18,-11,11.756647777700092
-18,-11,12.412604094281736
-18,-11,1.6500000000000001
-18,-11,1.6500000000000001
-18,-11,1.712647070098381
-18,-11,14.939832636580213
-18,-11,13.744492017832375
-18,-11,1.6500000000000001
-18,-11,1.6500000000000001
-18,-11,1.6500000000000001
-18,-11,1.6500000000000001
-18,-11,1.6500000000000001
-18,-11,25.050919299770612
-18,-11,1.6500000000000001
-18,-11,1.6500000000000001
-18,-11,1.6500000000000001
-18,-11,1.6500000000000001
-18,-11,1.6500000000000001
-18,-11,6.3785446974485485
-18,-11,1.6500000000000001
-18,-11,1.6500000000000001
-18,-11,1.6500000000000001
-18,-11,1.6500000000000001
-18,-11,1.6500000000000001
-18,-11,1.6500000000000001
-18,-11,16.21211722054819
-18,-11,1.6500000000000001
-18,-11,3.0463232522784267
-18,-11,1.6500000000000001
-18,-11,1.6500000000000001
-18,-11,1.6500000000000001
-18,-11,1.6500000000000001
-18,-11,1.6500000000000001
-18,-11,20.191845196068073
-18,-11,12.36793200922883
-18,-11,1.6500000000000001
-18,-11,1.6500000000000001
-18,-11,1.6500000000000001
-18,-11,1.6500000000000001
-18,-11,16.631665650792243
-18,-11,1.6500000000000001
-18,-11,1.6500000000000001
-18,-11,1.6500000000000001
-18,-11,1.6500000000000001
-18,-11,1.6500000000000001
-18,-11,13.757955149468717
-18,-11,3.9038611787323916
-18,-11,1.6500000000000001
-18,-11,1.6500000000000001
-18,-11,1.6500000000000001
-18,-11,1.6500000000000001
-18,-11,18.392448971709968
-18,-11,1.6500000000000001
-18,-11,1.6500000000000001
-18,-11,3.9185374331951994
-18,-11,29.7
-18,-11,1.6500000000000001
-18,-11,1.6500000000000001
-18,-11,4.465896031184762
-18,-11,1.6500000000000001
-18,-11,1.6500000000000001
-18,-11,1.6500000000000001
-18,-11,1.6500000000000001
-18,-11,1.6500000000000001
-18,-11,1.6500000000000001
-18,-11,1.6500000000000001
-18,-10,1.6500000000000001
-18,-10,1.6500000000000001
-18,-10,21.94299192710991
-18,-10,9.516721130686085
-18,-10,1.6500000000000001
-18,-10,1.6500000000000001
-18,-10,1.6500000000000001
-18,-10,2.939296672954704
-18,-10,1.6500000000000001
-18,-10,18.09173771502264
-18,-10,1.6500000000000001
-18,-10,1.6500000000000001
-18,-10,1.6500000000000001
-18,-10,1.6500000000000001
-18,-10,1.6500000000000001
-18,-10,1.675842336676669
-18,-10,1.6500000000000001
-18,-10,1.6500000000000001
-18,-10,1.6500000000000001
-18,-10,1.6500000000000001
-18,-10,1.6500000000000001
-18,-10,1.6500000000000001
-18,-10,9.900926848668883
-18,-10,1.6500000000000001
-18,-10,1.6500000000000001
-18,-10,1.6500000000000001
-18,-10,1.6500000000000001
-18,-10,1.6500000000000001
-18,-10,1.6500000000000001
-18,-10,1.6500000000000001
-18,-10,1.6500000000000001
-18,-10,1.6500000000000001
-18,-10,1.6500000000000001
-18,-10,1.6500000000000001
-18,-10,1.6500000000000001
-18,-10,1.6500000000000001
-18,-10,1.6500000000000001
-18,-10,1.6500000000000001
-18,-10,1.6500000000000001
-18,-10,1.6500000000000001
-18,-10,1.6500000000000001
-18,-10,1.6500000000000001
-18,-10,1.6610859642715088
-18,-10,2.3756898762310215
-18,-10,2.8239881773439253
-18,-10,1.6500000000000001
-18,-10,1.6500000000000001
-18,-10,1.6500000000000001
-18,-10,1.6500000000000001
-18,-10,1.6500000000000001
-18,-10,2.087829365350893
-18,-10,1.6500000000000001
-18,-10,17.250925927758885
-18,-10,1.6500000000000001
-18,-10,15.737054150062491
-18,-10,1.6500000000000001
-18,-10,7.729328296344443
-18,-10,1.6500000000000001
-18,-10,1.6500000000000001
-18,-10,1.6500000000000001
-18,-10,1.6500000000000001
-18,-10,1.6500000000000001
-18,-10,1.6500000000000001
-18,-10,1.6500000000000001
-18,-10,9.139550297949379
-18,-10,1.6500000000000001
-18,-10,2.441326285958917
-18,-10,1.6500000000000001
-18,-10,1.6500000000000001
-18,-10,3.313872676101713
-18,-10,15.917215912211354
-18,-10,1.6500000000000001
-18,-10,8.573230890651772
-18,-10,16.200223056216718
-18,-10,1.6500000000000001
-18,-10,1.6500000000000001
-18,-10,1.6500000000000001
-18,-10,1.6500000000000001
-18,-10,1.6500000000000001
-18,-10,1.6500000000000001
-18,-10,1.6500000000000001
-18,-10,1.6500000000000001
-18,-10,4.8252616099684715
-18,-10,1.6500000000000001
-18,-10,1.6500000000000001
-18,-10,5.084390458501733
-18,-10,1.6500000000000001
-18,-10,1.6500000000000001
-18,-10,1.6500000000000001
-18,-10,1.6500000000000001
-18,-10,1.6500000000000001
-18,-10,1.6500000000000001
-18,-10,1.6500000000000001
-18,-10,1.6500000000000001
-18,-10,1.6500000000000001
-18,-10,1.6500000000000001
-18,-10,1.6500000000000001
-18,-10,1.6500000000000001
-18,-10,2.89914760115444
-18,-10,14.185209261708593
-18,-10,1.6500000000000001
-18,-10,15.567866795168875
-18,-10,3.3796393637875255
-18,-10,1.6500000000000001
-18,-10,1.6500000000000001
-18,-10,24.828133242206906
-18,-10,1.6500000000000001
-18,-10,1.6500000000000001
-18,-10,1.6500000000000001
-18,-10,1.6500000000000001
-18,-10,1.6500000000000001
-18,-10,1.6500000000000001
-18,-10,1.6500000000000001
-18,-10,1.6500000000000001
-18,-10,1.6500000000000001
-18,-10,1.6500000000000001
-18,-10,1.6500000000000001
-18,-10,6.478179916678275
-18,-10,1.6500000000000001
-18,-10,1.6500000000000001
-18,-10,1.6500000000000001
-18,-10,1.6500000000000001
-17,-10,1.6500000000000001
-17,-10,7.223007385923832
-17,-10,1.6500000000000001
-17,-10,1.6500000000000001
-17,-10,1.6500000000000001
-17,-10,16.376069071350063
-17,-10,10.221714409494346
-17,-10,2.203232486646811
-17,-10,8.464118966951908
-17,-10,4.032000482862206
-17,-10,24.320796926106627
-17,-10,1.6500000000000001
-17,-10,1.6500000000000001
-17,-10,1.6500000000000001
-17,-10,1.6500000000000001
-17,-10,7.932446210188711
-17,-10,1.6500000000000001
-17,-10,1.6500000000000001
-17,-10,1.6500000000000001
-17,-10,1.6500000000000001
-17,-10,16.82321904271511
-17,-10,1.6500000000000001
-17,-10,1.6500000000000001
-17,-10,2.246537887794015
-17,-10,1.6500000000000001
-17,-10,18.44307507568415
-17,-10,5.281640020533062
-17,-10,1.6500000000000001
-17,-10,1.6500000000000001
-17,-10,1.6500000000000001
-17,-10,1.6500000000000001
-17,-10,3.7126052250270334
-17,-10,3.738614066105642
-17,-10,1.6500000000000001
-17,-10,29.7
-17,-10,1.6500000000000001
-17,-10,1.6500000000000001
-17,-10,1.8713806591017281
-17,-10,1.6500000000000001
-17,-10,1.6500000000000001
-17,-10,1.6500000000000001
-17,-10,2.75514402426702
-17,-10,19.929072873169318
-17,-10,1.6500000000000001
-17,-10,1.6500000000000001
-17,-10,1.6500000000000001
-17,-10,1.6500000000000001
-17,-10,1.6500000000000001
-17,-10,1.6500000000000001
-17,-10,9.38762604200633
-17,-10,1.6500000000000001
-17,-10,1.6500000000000001
-17,-10,1.6500000000000001
-17,-10,5.637766921040949
-17,-10,1.6500000000000001
-17,-10,1.6500000000000001
-17,-10,1.6500000000000001
-17,-10,25.939867226416972
-17,-10,5.128866470896368
-17,-10,1.6500000000000001
-17,-10,1.6500000000000001
-17,-10,1.6500000000000001
-17,-10,3.458586848327104
-17,-10,18.160212687925892
-17,-10,1.6500000000000001
-17,-10,10.431722129190605
-17,-10,1.6500000000000001
-17,-10,4.837219410510706
-17,-10,1.6500000000000001
-17,-10,1.6500000000000001
-17,-10,1.6500000000000001
-17,-10,1.6500000000000001
-17,-10,1.6500000000000001
-17,-10,1.6500000000000001
-17,-10,1.6500000000000001
-17,-10,1.6500000000000001
-17,-10,1.6500000000000001
-17,-10,1.6500000000000001
-17,-10,1.6500000000000001
-17,-10,1.6500000000000001
-17,-10,1.6500000000000001
-17,-10,1.6500000000000001
-17,-10,1.6500000000000001
-17,-10,1.6500000000000001
-17,-10,1.6500000000000001
-17,-10,1.6500000000000001
-17,-10,1.6500000000000001
-17,-10,1.6500000000000001
-17,-10,3.662538319388594
-17,-10,1.6500000000000001
-17,-10,1.6500000000000001
-17,-10,1.6500000000000001
-17,-10,1.6500000000000001
-17,-10,1.6500000000000001
-17,-10,1.6500000000000001
-17,-10,1.6500000000000001
-17,-10,5.395279949999965
-17,-10,29.7
-17,-10,1.6500000000000001
-17,-10,24.012675449149913
-17,-10,22.063028707451792
-17,-10,1.6500000000000001
-17,-10,10.102644575127751
-17,-10,1.6500000000000001
-17,-10,16.799669527676865
-17,-10,1.6500000000000001
-17,-10,1.6500000000000001
-17,-10,13.063017740104891
-17,-10,1.6500000000000001
-17,-10,1.6500000000000001
-17,-10,1.6500000000000001
-17,-10,8.56623915941749
-17,-10,1.6500000000000001
-17,-10,6.597690678597323
-17,-10,1.6500000000000001
-17,-10,1.6500000000000001
-17,-10,1.6500000000000001
-17,-10,9.864605158026121
-17,-10,1.6500000000000001
-17,-10,1.6500000000000001
-17,-10,1.6500000000000001
-17,-10,1.6500000000000001
-18,-10,1.9169055326675313
-18,-10,1.6500000000000001
-18,-10,1.6500000000000001
-18,-10,1.6500000000000001
-18,-10,1.6500000000000001
-18,-10,2.227960763949742
-18,-10,1.6500000000000001
-18,-10,4.8082802636963535
-18,-10,1.6500000000000001
-18,-10,11.591582652449937
-18,-10,1.6500000000000001
-18,-10,1.6500000000000001
-18,-10,1.6500000000000001
-18,-10,1.6500000000000001
-18,-10,1.6500000000000001
-18,-10,1.6500000000000001
-18,-10,1.6500000000000001
-18,-10,6.41661930440579
-18,-10,20.056240143722125
-18,-10,25.521794286593536
-18,-10,12.561967047629011
-18,-10,1.6500000000000001
-18,-10,1.6500000000000001
-18,-10,1.6500000000000001
-18,-10,1.6500000000000001
-18,-10,4.36002505534252
-18,-10,1.6500000000000001
-18,-10,1.6500000000000001
-18,-10,5.927494392495589
-18,-10,1.6500000000000001
-18,-10,1.6500000000000001
-18,-10,1.6500000000000001
-18,-10,1.6500000000000001
-18,-10,1.6500000000000001
-18,-10,1.6500000000000001
-18,-10,14.644553064537384
-18,-10,4.4660065275581005
-18,-10,1.6500000000000001
-18,-10,1.6500000000000001
-18,-10,2.551672078995739
-18,-10,11.336982150974947
-18,-10,1.6500000000000001
-18,-10,1.6500000000000001
-18,-10,3.85486927658103
-18,-10,4.738254677771424
-18,-10,1.6500000000000001
-18,-10,1.6500000000000001
-18,-10,1.6500000000000001
-18,-10,1.6500000000000001
-18,-10,17.014588714757927
-18,-10,1.6500000000000001
-18,-10,8.396536132042486
-18,-10,1.6500000000000001
-18,-10,1.6500000000000001
-18,-10,4.655247473192368
-18,-10,1.6500000000000001
-18,-10,1.6500000000000001
-18,-10,26.91968395237697
-18,-10,18.505035606570463
-18,-10,1.6500000000000001
-18,-10,1.6500000000000001
-18,-10,1.6500000000000001
-18,-10,1.6500000000000001
-18,-10,1.6500000000000001
-18,-10,1.6500000000000001
-18,-10,7.330334669909311
-18,-10,1.6500000000000001
-18,-10,1.6500000000000001
-18,-10,1.6500000000000001
-18,-10,9.12866206615633
-18,-10,1.6500000000000001
-18,-10,16.95900787384869
-18,-10,1.6500000000000001
-18,-10,5.206815693915862
-18,-10,1.6500000000000001
-18,-10,1.6500000000000001
-18,-10,1.6500000000000001
-18,-10,1.6500000000000001
-18,-10,9.713256810410185
-18,-10,1.6500000000000001
-18,-10,1.6500000000000001
-18,-10,1.6500000000000001
-18,-10,1.6500000000000001
-18,-10,1.6500000000000001
-18,-10,2.1477548359740766
-18,-10,7.280334219080455
-18,-10,1.6500000000000001
-18,-10,1.6500000000000001
-18,-10,1.6500000000000001
-18,-10,1.6500000000000001
-18,-10,4.852297826350258
-18,-10,14.188963191268611
-18,-10,1.6500000000000001
-18,-10,1.6500000000000001
-18,-10,1.6500000000000001
-18,-10,1.6500000000000001
-18,-10,1.6500000000000001
-18,-10,1.6500000000000001
-18,-10,1.6500000000000001
-18,-10,1.6500000000000001
-18,-10,2.047542855135098
-18,-10,1.6500000000000001
-18,-10,1.6500000000000001
-18,-10,1.6500000000000001
-18,-10,1.6500000000000001
-18,-10,3.0917952139686555
-18,-10,1.6500000000000001
-18,-10,1.6500000000000001
-18,-10,1.6500000000000001
-18,-10,1.6500000000000001
-18,-10,1.6500000000000001
-18,-10,1.6500000000000001
-18,-10,1.6500000000000001
-18,-10,1.6500000000000001
-18,-10,1.6500000000000001
-18,-10,4.50996658545888
-18,-10,1.6500000000000001
-18,-10,1.6500000000000001
-18,-10,1.6500000000000001
-18,-10,1.6500000000000001
-18,-10,1.6500000000000001
-18,-10,12.910956633552452
-18,-9,2.3143310635507968
-18,-9,1.908358011014613
-18,-9,1.6500000000000001
-18,-9,1.6500000000000001
-18,-9,11.558571754682026
-18,-9,1.6500000000000001
-18,-9,1.6500000000000001
-18,-9,1.6500000000000001
-18,-9,1.6500000000000001
-18,-9,1.6500000000000001
-18,-9,1.6500000000000001
-18,-9,16.227085771987227
-18,-9,2.313327121481697
-18,-9,1.6500000000000001
-18,-9,1.6500000000000001
-18,-9,16.92615068225874
-18,-9,1.6500000000000001
-18,-9,3.524352720608941
-18,-9,1.6500000000000001
-18,-9,1.6500000000000001
-18,-9,1.6500000000000001
-18,-9,1.6500000000000001
-18,-9,1.6500000000000001
-18,-9,1.6500000000000001
-18,-9,1.6500000000000001
-18,-9,1.6500000000000001
-18,-9,11.347411586616651
-18,-9,1.6500000000000001
-18,-9,12.537250942898098
-18,-9,2.4822532204060614
-18,-9,1.6500000000000001
-18,-9,5.858452618233642
-18,-9,1.6500000000000001
-18,-9,1.6500000000000001
-18,-9,29.7
-18,-9,1.6500000000000001
-18,-9,1.6500000000000001
-18,-9,1.6500000000000001
-18,-9,5.810621006613161
-18,-9,1.6500000000000001
-18,-9,4.789558281138108
-18,-9,1.6500000000000001
-18,-9,1.6500000000000001
-18,-9,1.6500000000000001
-18,-9,1.6500000000000001
-18,-9,1.6500000000000001
-18,-9,1.6500000000000001
-18,-9,1.6500000000000001
-18,-9,1.6500000000000001
-18,-9,1.6500000000000001
-18,-9,1.6500000000000001
-18,-9,3.883166194017538
-18,-9,1.6500000000000001
-18,-9,1.6500000000000001
-18,-9,1.6500000000000001
-18,-9,8.00106772794038
-18,-9,11.50166416642154
-18,-9,1.6500000000000001
-18,-9,4.899977093731351
-18,-9,1.6500000000000001
-18,-9,16.509718320776994
-18,-9,1.6500000000000001
-18,-9,1.6500000000000001
-18,-9,6.066662307737131
-18,-9,1.6500000000000001
-18,-9,11.652229541260946
-18,-9,1.6500000000000001
-18,-9,1.6500000000000001
-18,-9,23.61909306160777
-18,-9,1.6500000000000001
-18,-9,1.6500000000000001
-18,-9,1.6500000000000001
-18,-9,1.6500000000000001
-18,-9,1.6500000000000001
-18,-9,11.978470641339651
-18,-9,1.6500000000000001
-18,-9,1.6500000000000001
-18,-9,16.282587717940732
-18,-9,1.6500000000000001
-18,-9,1.6500000000000001
-18,-9,1.6500000000000001
-18,-9,1.6500000000000001
-18,-9,7.221820487211435
-18,-9,1.6500000000000001
-18,-9,17.762931604964677
-18,-9,4.637888887181089
-18,-9,1.6500000000000001
-18,-9,5.58021811503208
-18,-9,1.6500000000000001
-18,-9,1.6500000000000001
-18,-9,10.948154652463394
-18,-9,1.6500000000000001
-18,-9,1.6500000000000001
-18,-9,1.6500000000000001
-18,-9,1.6500000000000001
-18,-9,1.6500000000000001
-18,-9,1.6500000000000001
-18,-9,1.6500000000000001
-18,-9,1.6500000000000001
-18,-9,5.648713333313115
-18,-9,1.6500000000000001
-18,-9,1.6500000000000001
-18,-9,12.340607788138222
-18,-9,4.744820779590796
-18,-9,1.6500000000000001
-18,-9,3.7282002359714514
-18,-9,14.113512324708466
-18,-9,1.6500000000000001
-18,-9,1.6500000000000001
-18,-9,1.6500000000000001
-18,-9,5.204394177827318
-18,-9,1.6500000000000001
-18,-9,7.147253851215693
-18,-9,3.3087774688227913
-18,-9,1.6500000000000001
-18,-9,1.6500000000000001
-18,-9,1.6500000000000001
-18,-9,1.6500000000000001
-18,-9,13.798523529446545
-18,-9,3.6129417509442394
-18,-9,14.288707262980026
-18,-9,1.6500000000000001
-18,-10,1.6500000000000001
-18,-10,1.6500000000000001
-18,-10,1.6500000000000001
-18,-10,9.866372013742717
-18,-10,11.441307661614788
-18,-10,1.6500000000000001
-18,-10,1.6500000000000001
-18,-10,10.704439502773898
-18,-10,1.6500000000000001
-18,-10,14.75370285433797
-18,-10,1.6500000000000001
-18,-10,1.6500000000000001
-18,-10,1.6500000000000001
-18,-10,6.409664550529627
-18,-10,1.6500000000000001
-18,-10,1.6500000000000001
-18,-10,1.6500000000000001
-18,-10,1.6500000000000001
-18,-10,1.6500000000000001
-18,-10,1.6500000000000001
-18,-10,17.139085347132177
-18,-10,1.6500000000000001
-18,-10,1.6500000000000001
-18,-10,1.6500000000000001
-18,-10,1.6500000000000001
-18,-10,17.44707430996668
-18,-10,1.6500000000000001
-18,-10,1.6500000000000001
-18,-10,1.6500000000000001
-18,-10,1.6500000000000001
-18,-10,1.6500000000000001
-18,-10,1.6500000000000001
-18,-10,1.6500000000000001
-18,-10,5.986306581647371
-18,-10,1.6500000000000001
-18,-10,1.6500000000000001
-18,-10,1.6500000000000001
-18,-10,1.6500000000000001
-18,-10,1.6500000000000001
-18,-10,1.6500000000000001
-18,-10,1.6500000000000001
-18,-10,1.6500000000000001
-18,-10,21.442986073895447
-18,-10,1.6500000000000001
-18,-10,17.543340310874342
-18,-10,1.6500000000000001
-18,-10,1.6500000000000001
-18,-10,1.6500000000000001
-18,-10,15.19804342423775
-18,-10,1.6500000000000001
-18,-10,8.325283983512916
-18,-10,1.6500000000000001
-18,-10,1.6500000000000001
-18,-10,1.6500000000000001
-18,-10,1.6500000000000001
-18,-10,1.6500000000000001
-18,-10,1.6500000000000001
-18,-10,1.6500000000000001
-18,-10,2.681213079321692
-18,-10,1.6500000000000001
-18,-10,1.6500000000000001
-18,-10,1.6500000000000001
-18,-10,1.6500000000000001
-18,-10,1.6500000000000001
-18,-10,1.6500000000000001
-18,-10,1.6500000000000001
-18,-10,19.125778884722237
-18,-10,6.061136205663596
-18,-10,23.90163623305961
-18,-10,1.6500000000000001
-18,-10,19.269624817006928
-18,-10,1.6500000000000001
-18,-10,14.035461740583983
-18,-10,1.6500000000000001
-18,-10,1.6500000000000001
-18,-10,1.6500000000000001
-18,-10,1.6500000000000001
-18,-10,1.6500000000000001
-18,-10,1.6500000000000001
-18,-10,1.6500000000000001
-18,-10,1.6500000000000001
-18,-10,1.6500000000000001
-18,-10,1.6500000000000001
-18,-10,1.6500000000000001
-18,-10,1.6500000000000001
-18,-10,1.6500000000000001
-18,-10,10.432343159350316
-18,-10,1.6500000000000001
-18,-10,1.6500000000000001
-18,-10,1.6500000000000001
-18,-10,1.6500000000000001
-18,-10,1.6500000000000001
-18,-10,1.6500000000000001
-18,-10,1.6500000000000001
-18,-10,1.6500000000000001
-18,-10,6.216476495145887
-18,-10,1.6500000000000001
-18,-10,1.6500000000000001
-18,-10,1.6500000000000001
-18,-10,4.915537831520767
-18,-10,1.6500000000000001
-18,-10,1.6500000000000001
-18,-10,1.6500000000000001
-18,-10,1.6500000000000001
-18,-10,29.346405441656366
-18,-10,3.580842749685563
-18,-10,1.6500000000000001
-18,-10,3.326860801418512
-18,-10,1.6500000000000001
-18,-10,16.183366172109537
-18,-10,1.6500000000000001
-18,-10,1.6500000000000001
-18,-10,1.6500000000000001
-18,-10,5.337021486675033
-18,-10,1.6500000000000001
-18,-10,1.6500000000000001
-18,-10,1.6500000000000001
-18,-10,4.307428126515518
-18,-10,1.6500000000000001
-18,-10,6.503654706355068
-18,-10,1.6500000000000001
-18,-10,1.6500000000000001
-18,-10,1.6500000000000001
-18,-11,23.6511864422967
-18,-11,1.6500000000000001
-18,-11,1.6500000000000001
-18,-11,1.6500000000000001
-18,-11,1.6500000000000001
-18,-11,7.387327958875771
-18,-11,1.6500000000000001
-18,-11,8.810966883516194
-18,-11,25.714534096938046
-18,-11,1.6500000000000001
-18,-11,16.11308084785739
-18,-11,1.6500000000000001
-18,-11,1.6500000000000001
-18,-11,11.080240060452528
-18,-11,23.07603700505503
-18,-11,1.6500000000000001
-18,-11,11.04166762838122
-18,-11,10.406578524443674
-18,-11,13.327521551294279
-18,-11,1.6500000000000001
-18,-11,1.6500000000000001
-18,-11,8.31904956390067
-18,-11,1.6500000000000001
-18,-11,12.857028432392756
-18,-11,2.89474555083262
-18,-11,1.6500000000000001
-18,-11,1.6500000000000001
-18,-11,1.6500000000000001
-18,-11,1.6500000000000001
-18,-11,1.6500000000000001
-18,-11,1.6500000000000001
-18,-11,1.6500000000000001
-18,-11,2.0956236990517496
-18,-11,23.2409559692799
-18,-11,1.6500000000000001
-18,-11,1.6500000000000001
-18,-11,1.6500000000000001
-18,-11,1.6500000000000001
-18,-11,2.1749612360824955
-18,-11,1.6500000000000001
-18,-11,1.8777994553934985
-18,-11,1.6500000000000001
-18,-11,1.6500000000000001
-18,-11,1.6500000000000001
-18,-11,15.820280076477811
-18,-11,29.7
-18,-11,1.6500000000000001
-18,-11,1.6500000000000001
-18,-11,1.6500000000000001
-18,-11,1.6500000000000001
-18,-11,1.6500000000000001
-18,-11,1.6500000000000001
-18,-11,1.6500000000000001
-18,-11,1.6500000000000001
-18,-11,1.6500000000000001
-18,-11,1.6500000000000001
-18,-11,1.6500000000000001
-18,-11,1.6500000000000001
-18,-11,1.6500000000000001
-18,-11,1.6500000000000001
-18,-11,1.6500000000000001
-18,-11,18.152346646059684
-18,-11,1.6500000000000001
-18,-11,1.6500000000000001
-18,-11,13.079997912056626
-18,-11,3.006949265258042
-18,-11,1.6500000000000001
-18,-11,23.077740753075744
-18,-11,1.6500000000000001
-18,-11,1.6500000000000001
-18,-11,1.6500000000000001
-18,-11,3.5786509083126763
-18,-11,1.6500000000000001
-18,-11,1.6500000000000001
-18,-11,4.0754765493618486
-18,-11,1.6500000000000001
-18,-11,1.6500000000000001
-18,-11,1.6500000000000001
-18,-11,18.306836698011246
-18,-11,1.6500000000000001
-18,-11,1.6500000000000001
-18,-11,1.6500000000000001
-18,-11,1.7895378670210111
-18,-11,1.6500000000000001
-18,-11,1.6500000000000001
-18,-11,1.6500000000000001
-18,-11,1.6500000000000001
-18,-11,1.6500000000000001
-18,-11,12.263234103297055
-18,-11,1.6500000000000001
-18,-11,1.6500000000000001
-18,-11,1.6500000000000001
-18,-11,1.6500000000000001
-18,-11,1.6500000000000001
-18,-11,11.801496769036351
-18,-11,5.6585238732507115
-18,-11,22.02718441630135
-18,-11,1.6500000000000001
-18,-11,1.6500000000000001
-18,-11,1.6500000000000001
-18,-11,1.6500000000000001
-18,-11,1.6500000000000001
-18,-11,18.803163441523594
-18,-11,1.6500000000000001
-18,-11,1.6500000000000001
-18,-11,1.6500000000000001
-18,-11,1.6500000000000001
-18,-11,1.6500000000000001
-18,-11,1.6500000000000001
-18,-11,1.6500000000000001
-18,-11,1.6500000000000001
-18,-11,1.6500000000000001
-18,-11,1.6500000000000001
-18,-11,1.7401754014974324
-18,-11,9.731983719123466
-18,-11,17.013360093390265
-18,-11,1.6500000000000001
-18,-11,1.6500000000000001
-18,-11,10.01648520299865
-18,-11,1.6500000000000001
-18,-11,1.6500000000000001
-18,-11,1.6500000000000001
-18,-12,15.637309702306414
-18,-12,1.6500000000000001
-18,-12,1.6500000000000001
-18,-12,1.6500000000000001
-18,-12,1.6500000000000001
-18,-12,1.6500000000000001
-18,-12,1.6500000000000001
-18,-12,1.6500000000000001
-18,-12,1.6500000000000001
-18,-12,29.7
-18,-12,1.6500000000000001
-18,-12,1.6500000000000001
-18,-12,1.6500000000000001
-18,-12,1.6500000000000001
-18,-12,1.6500000000000001
-18,-12,1.6500000000000001
-18,-12,1.6500000000000001
-18,-12,1.6500000000000001
-18,-12,1.6500000000000001
-18,-12,1.6500000000000001
-18,-12,1.6500000000000001
-18,-12,17.745029253046177
-18,-12,6.264289272428927
-18,-12,21.62758458725304
-18,-12,1.6500000000000001
-18,-12,1.6500000000000001
-18,-12,6.531862560639997
-18,-12,1.6500000000000001
-18,-12,1.6500000000000001
-18,-12,1.6500000000000001
-18,-12,1.6500000000000001
-18,-12,1.6500000000000001
-18,-12,1.6500000000000001
-18,-12,1.6500000000000001
-18,-12,1.6500000000000001
-18,-12,1.6500000000000001
-18,-12,1.6500000000000001
-18,-12,1.6500000000000001
-18,-12,1.6500000000000001
-18,-12,1.6500000000000001
-18,-12,1.6500000000000001
-18,-12,1.6500000000000001
-18,-12,9.38166268576602
-18,-12,1.6500000000000001
-18,-12,1.6500000000000001
-18,-12,1.6500000000000001
-18,-12,1.6500000000000001
-18,-12,1.6500000000000001
-18,-12,1.6500000000000001
-18,-12,1.6500000000000001
-18,-12,16.529044837408136
-18,-12,1.6500000000000001
-18,-12,1.6500000000000001
-18,-12,1.6500000000000001
-18,-12,1.6500000000000001
-18,-12,1.6500000000000001
-18,-12,1.6500000000000001
-18,-12,8.632679190817257
-18,-12,1.6500000000000001
-18,-12,1.6500000000000001
-18,-12,1.6500000000000001
-18,-12,1.6500000000000001
-18,-12,1.6500000000000001
-18,-12,4.225886916282928
-18,-12,12.954672100577866
-18,-12,1.6500000000000001
-18,-12,1.6500000000000001
-18,-12,1.6500000000000001
-18,-12,1.6500000000000001
-18,-12,1.6500000000000001
-18,-12,23.188351402827017
-18,-12,7.814168065391678
-18,-12,1.6500000000000001
-18,-12,1.6500000000000001
-18,-12,1.6500000000000001
-18,-12,1.6500000000000001
-18,-12,3.7997216696497222
-18,-12,14.344631205052224
-18,-12,10.68231572356438
-18,-12,1.6500000000000001
-18,-12,1.6500000000000001
-18,-12,1.6500000000000001
-18,-12,1.6500000000000001
-18,-12,1.6500000000000001
-18,-12,1.6500000000000001
-18,-12,1.6500000000000001
-18,-12,1.6500000000000001
-18,-12,3.9584126296750544
-18,-12,1.6500000000000001
-18,-12,1.6500000000000001
-18,-12,1.6500000000000001
-18,-12,3.326792820441762
-18,-12,1.6500000000000001
-18,-12,1.6500000000000001
-18,-12,1.6500000000000001
-18,-12,1.6500000000000001
-18,-12,1.6500000000000001
-18,-12,7.440271359125388
-18,-12,1.6500000000000001
-18,-12,1.6500000000000001
-18,-12,1.6500000000000001
-18,-12,1.6500000000000001
-18,-12,1.6500000000000001
-18,-12,1.6500000000000001
-18,-12,1.6500000000000001
-18,-12,1.6500000000000001
-18,-12,3.9904504993670233
-18,-12,24.896413083452316
-18,-12,1.6500000000000001
-18,-12,5.297136768701023
-18,-12,1.6500000000000001
-18,-12,1.6500000000000001
-18,-12,1.6500000000000001
-18,-12,1.6500000000000001
-18,-12,1.6500000000000001
-18,-12,1.6500000000000001
-18,-12,1.6500000000000001
-18,-12,1.6500000000000001
-18,-12,1.6500000000000001
-18,-12,1.6500000000000001
-18,-12,16.285640507164125
-18,-12,1.6500000000000001
-18,-13,29.7
-18,-13,1.6500000000000001
-18,-13,29.454706046518567
-18,-13,1.6500000000000001
-18,-13,1.6500000000000001
-18,-13,1.6500000000000001
-18,-13,1.6500000000000001
-18,-13,3.742574002880218
-18,-13,1.6500000000000001
-18,-13,1.6500000000000001
-18,-13,1.6500000000000001
-18,-13,1.6500000000000001
-18,-13,1.6500000000000001
-18,-13,1.6500000000000001
-18,-13,1.6500000000000001
-18,-13,1.6500000000000001
-18,-13,1.6500000000000001
-18,-13,2.22924790521272
-18,-13,1.6500000000000001
-18,-13,1.6500000000000001
-18,-13,1.6500000000000001
-18,-13,1.6500000000000001
-18,-13,20.19234561048097
-18,-13,1.6500000000000001
-18,-13,2.4315825622996297
-18,-13,1.6500000000000001
-18,-13,1.6500000000000001
-18,-13,1.6500000000000001
-18,-13,2.0564540168733227
-18,-13,1.6500000000000001
-18,-13,1.6500000000000001
-18,-13,1.6500000000000001
-18,-13,1.6500000000000001
-18,-13,1.6500000000000001
-18,-13,1.6500000000000001
-18,-13,1.6500000000000001
-18,-13,1.6500000000000001
-18,-13,1.6500000000000001
-18,-13,1.6500000000000001
-18,-13,19.619115120900634
-18,-13,6.98781558643417
-18,-13,1.6500000000000001
-18,-13,1.6500000000000001
-18,-13,1.6500000000000001
-18,-13,1.6500000000000001
-18,-13,1.88516414904832
-18,-13,1.6500000000000001
-18,-13,5.74190484432847
-18,-13,1.6500000000000001
-18,-13,1.6500000000000001
-18,-13,1.6500000000000001
-18,-13,1.6500000000000001
-18,-13,1.6500000000000001
-18,-13,1.6500000000000001
-18,-13,1.6500000000000001
-18,-13,5.855027088039547
-18,-13,1.6500000000000001
-18,-13,2.781299819817507
-18,-13,1.6500000000000001
-18,-13,1.6500000000000001
-18,-13,1.6500000000000001
-18,-13,1.6500000000000001
-18,-13,1.6500000000000001
-18,-13,1.6500000000000001
-18,-13,1.6500000000000001
-18,-13,1.6500000000000001
-18,-13,6.742729273129251
-18,-13,1.6500000000000001
-18,-13,1.6500000000000001
-18,-13,1.6500000000000001
-18,-13,11.20709582803713
-18,-13,1.6500000000000001
-18,-13,1.6500000000000001
-18,-13,1.6500000000000001
-18,-13,1.6500000000000001
-18,-13,1.6500000000000001
-18,-13,5.136965309908726
-18,-13,1.6500000000000001
-18,-13,1.6500000000000001
-18,-13,1.6500000000000001
-18,-13,1.6500000000000001
-18,-13,1.6500000000000001
-18,-13,5.026411552138796
-18,-13,1.6500000000000001
-18,-13,1.6500000000000001
-18,-13,1.6500000000000001
-18,-13,1.6500000000000001
-18,-13,1.6500000000000001
-18,-13,1.6500000000000001
-18,-13,1.6500000000000001
-18,-13,1.6500000000000001
-18,-13,1.6500000000000001
-18,-13,1.6500000000000001
-18,-13,1.6500000000000001
-18,-13,2.6350082312021454
-18,-13,1.6500000000000001
-18,-13,1.6500000000000001
-18,-13,1.6500000000000001
-18,-13,1.6500000000000001
-18,-13,1.6500000000000001
-18,-13,1.6500000000000001
-18,-13,1.6500000000000001
-18,-13,1.6500000000000001
-18,-13,1.6500000000000001
-18,-13,1.6500000000000001
-18,-13,1.6500000000000001
-18,-13,12.058645223832663
-18,-13,1.6500000000000001
-18,-13,1.6500000000000001
-18,-13,3.966965490368203
-18,-13,1.6500000000000001
-18,-13,9.47997218800591
-18,-13,1.6500000000000001
-18,-13,26.395894461621786
-18,-13,1.6500000000000001
-18,-13,1.6500000000000001
-18,-13,14.286075860611696
-18,-13,1.6500000000000001
-18,-13,1.6500000000000001
-18,-13,1.6500000000000001
-18,-13,12.45673691457629
-18,-13,1.6500000000000001
-18,-14,1.6500000000000001
-18,-14,7.368694551709744
-18,-14,1.6500000000000001
-18,-14,12.038662291661723
-18,-14,1.6500000000000001
-18,-14,1.6500000000000001
-18,-14,1.6500000000000001
-18,-14,1.6500000000000001
-18,-14,1.6500000000000001
-18,-14,1.6500000000000001
-18,-14,1.6500000000000001
-18,-14,4.480717012686727
-18,-14,1.6500000000000001
-18,-14,1.6500000000000001
-18,-14,2.439146140462297
-18,-14,1.6500000000000001
-18,-14,8.905957177826721
-18,-14,17.369868871978102
-18,-14,1.6500000000000001
-18,-14,1.6500000000000001
-18,-14,1.6500000000000001
-18,-14,1.6500000000000001
-18,-14,1.6500000000000001
-18,-14,10.629090818988333
-18,-14,1.6500000000000001
-18,-14,1.6500000000000001
-18,-14,1.6500000000000001
-18,-14,1.6500000000000001
-18,-14,1.6500000000000001
-18,-14,1.6500000000000001
-18,-14,1.6500000000000001
-18,-14,1.6500000000000001
-18,-14,1.6500000000000001
-18,-14,9.008239977206253
-18,-14,1.6500000000000001
-18,-14,1.6500000000000001
-18,-14,1.6500000000000001
-18,-14,22.414218662252967
-18,-14,1.6500000000000001
-18,-14,1.9823081279519918
-18,-14,1.6500000000000001
-18,-14,1.6500000000000001
-18,-14,1.6500000000000001
-18,-14,1.6500000000000001
-18,-14,1.6500000000000001
-18,-14,1.6500000000000001
-18,-14,1.6500000000000001
-18,-14,1.6500000000000001
-18,-14,1.6500000000000001
-18,-14,1.6500000000000001
-18,-14,1.6500000000000001
-18,-14,1.6500000000000001
-18,-14,1.6500000000000001
-18,-14,1.6500000000000001
-18,-14,9.903799333247603
-18,-14,18.667007335920744
-18,-14,1.6500000000000001
-18,-14,1.6500000000000001
-18,-14,1.6500000000000001
-18,-14,16.504705580072837
-18,-14,1.6500000000000001
-18,-14,1.6500000000000001
-18,-14,1.6500000000000001
-18,-14,1.6500000000000001
-18,-14,1.6500000000000001
-18,-14,1.6500000000000001
-18,-14,1.6500000000000001
-18,-14,1.6500000000000001
-18,-14,5.359961172289026
-18,-14,6.816318871283654
-18,-14,1.6500000000000001
-18,-14,1.6500000000000001
-18,-14,1.6500000000000001
-18,-14,1.6500000000000001
-18,-14,1.6500000000000001
-18,-14,1.6500000000000001
-18,-14,2.031879407682551
-18,-14,1.6500000000000001
-18,-14,1.6500000000000001
-18,-14,1.6500000000000001
-18,-14,1.6500000000000001
-18,-14,1.6500000000000001
-18,-14,1.6500000000000001
-18,-14,1.6500000000000001
-18,-14,1.6500000000000001
-18,-14,1.6500000000000001
-18,-14,1.6500000000000001
-18,-14,1.6500000000000001
-18,-14,1.6500000000000001
-18,-14,1.6500000000000001
-18,-14,1.6500000000000001
-18,-14,1.6500000000000001
-18,-14,1.6500000000000001
-18,-14,1.6500000000000001
-18,-14,1.6500000000000001
-18,-14,1.6500000000000001
-18,-14,7.429448660267045
-18,-14,1.6500000000000001
-18,-14,1.6500000000000001
-18,-14,5.534096527269009
-18,-14,1.6500000000000001
-18,-14,1.6500000000000001
-18,-14,1.6500000000000001
-18,-14,9.076134554608313
-18,-14,1.6500000000000001
-18,-14,1.6500000000000001
-18,-14,1.6500000000000001
-18,-14,1.6500000000000001
-18,-14,1.6500000000000001
-18,-14,1.6500000000000001
-18,-14,1.6500000000000001
-18,-14,11.719932971287427
-18,-14,1.6500000000000001
-18,-14,1.6500000000000001
-18,-14,1.6500000000000001
-18,-14,1.6500000000000001
-18,-14,1.6500000000000001
-18,-14,1.6500000000000001
-18,-14,1.6500000000000001
-18,-14,1.6500000000000001
-18,-14,3.6949576206568704
-18,-14,6.6043539533742255
-18,-14,1.6500000000000001
-18,-15,1.6500000000000001
-18,-15,1.6500000000000001
-18,-15,1.6500000000000001
-18,-15,1.6500000000000001
-18,-15,10.420222168878848
-18,-15,1.6500000000000001
-18,-15,1.6500000000000001
-18,-15,2.647272904305959
-18,-15,2.2118681141509633
-18,-15,11.858140853668708
-18,-15,1.6500000000000001
-18,-15,1.6500000000000001
-18,-15,3.4701116787823256
-18,-15,1.6500000000000001
-18,-15,1.6500000000000001
-18,-15,1.6500000000000001
-18,-15,1.6500000000000001
-18,-15,1.6500000000000001
-18,-15,1.6500000000000001
-18,-15,1.6500000000000001
-18,-15,1.6500000000000001
-18,-15,1.6500000000000001
-18,-15,1.6500000000000001
-18,-15,1.6500000000000001
-18,-15,1.6500000000000001
-18,-15,1.6500000000000001
-18,-15,1.6500000000000001
-18,-15,1.6500000000000001
-18,-15,1.6500000000000001
-18,-15,7.648140512877884
-18,-15,1.6500000000000001
-18,-15,1.6500000000000001
-18,-15,1.6500000000000001
-18,-15,1.6500000000000001
-18,-15,1.6500000000000001
-18,-15,1.6500000000000001
-18,-15,1.6500000000000001
-18,-15,1.6500000000000001
-18,-15,1.6500000000000001
-18,-15,1.6500000000000001
-18,-15,1.6500000000000001
-18,-15,1.6500000000000001
-18,-15,1.6500000000000001
-18,-15,1.6500000000000001
-18,-15,1.6500000000000001
-18,-15,1.897324195607327
-18,-15,1.6500000000000001
-18,-15,10.640739010600832
-18,-15,1.6500000000000001
-18,-15,1.6500000000000001
-18,-15,1.6500000000000001
-18,-15,1.6500000000000001
-18,-15,1.6500000000000001
-18,-15,4.96909256995999
-18,-15,1.6500000000000001
-18,-15,1.6500000000000001
-18,-15,1.6500000000000001
-18,-15,1.6500000000000001
-18,-15,1.6500000000000001
-18,-15,1.6500000000000001
-18,-15,1.6500000000000001
-18,-15,20.505402472068376
-18,-15,1.6500000000000001
-18,-15,1.6500000000000001
-18,-15,1.6500000000000001
-18,-15,1.6500000000000001
-18,-15,5.924557356655814
-18,-15,1.6500000000000001
-18,-15,1.6500000000000001
-18,-15,1.6500000000000001
-18,-15,1.6500000000000001
-18,-15,1.6500000000000001
-18,-15,1.6500000000000001
-18,-15,1.6500000000000001
-18,-15,16.06260799894065
-18,-15,1.6500000000000001
-18,-15,1.6500000000000001
-18,-15,1.6500000000000001
-18,-15,1.6500000000000001
-18,-15,1.6500000000000001
-18,-15,1.6500000000000001
-18,-15,1.6500000000000001
-18,-15,1.6500000000000001
-18,-15,1.6500000000000001
-18,-15,1.6500000000000001
-18,-15,13.63630612531107
-18,-15,1.6500000000000001
-18,-15,1.6500000000000001
-18,-15,1.6500000000000001
-18,-15,1.6500000000000001
-18,-15,20.996763573196628
-18,-15,1.6500000000000001
-18,-15,1.6500000000000001
-18,-15,1.6500000000000001
-18,-15,1.6500000000000001
-18,-15,1.6500000000000001
-18,-15,1.6500000000000001
-18,-15,1.6500000000000001
-18,-15,1.6500000000000001
-18,-15,1.6500000000000001
-18,-15,1.6500000000000001
-18,-15,1.6500000000000001
-18,-15,1.6500000000000001
-18,-15,1.6500000000000001
-18,-15,1.6500000000000001
-18,-15,1.6500000000000001
-18,-15,1.6500000000000001
-18,-15,1.6500000000000001
-18,-15,13.13883109216803
-18,-15,10.645910543628936
-18,-15,1.6500000000000001
-18,-15,1.6500000000000001
-18,-15,7.288286450632629
-18,-15,1.6500000000000001
-18,-15,1.6500000000000001
-18,-15,14.279288625339767
-18,-15,1.6500000000000001
-18,-15,1.6500000000000001
-18,-15,7.533103346040866
-18,-15,1.6500000000000001
-18,-15,12.098794975108863
-18,-15,1.6500000000000001
-18,-16,1.6500000000000001
-18,-16,1.6500000000000001
-18,-16,1.6500000000000001
-18,-16,1.6500000000000001
-18,-16,1.6500000000000001
-18,-16,3.860163427604336
-18,-16,1.6500000000000001
-18,-16,1.6500000000000001
-18,-16,16.429968292060728
-18,-16,1.6500000000000001
-18,-16,1.6500000000000001
-18,-16,19.86727628845997
-18,-16,1.6500000000000001
-18,-16,1.6500000000000001
-18,-16,1.6500000000000001
-18,-16,1.6500000000000001
-18,-16,1.6500000000000001
-18,-16,7.969548477452577
-18,-16,12.684411267465943
-18,-16,1.6500000000000001
-18,-16,1.6500000000000001
-18,-16,1.6500000000000001
-18,-16,1.6500000000000001
-18,-16,1.6500000000000001
-18,-16,1.6500000000000001
-18,-16,1.6500000000000001
-18,-16,4.9071209264989
-18,-16,1.6500000000000001
-18,-16,3.5668954604156795
-18,-16,1.6500000000000001
-18,-16,1.6500000000000001
-18,-16,1.6500000000000001
-18,-16,1.6500000000000001
-18,-16,1.6500000000000001
-18,-16,1.6500000000000001
-18,-16,1.6500000000000001
-18,-16,1.6500000000000001
-18,-16,1.6500000000000001
-18,-16,1.6500000000000001
-18,-16,1.6500000000000001
-18,-16,1.6500000000000001
-18,-16,6.243709142406072
-18,-16,7.844351386344609
-18,-16,3.37539110554844
-18,-16,1.6500000000000001
-18,-16,1.6500000000000001
-18,-16,1.6500000000000001
-18,-16,1.6500000000000001
-18,-16,8.420696276128801
-18,-16,8.621803036405705
-18,-16,1.6500000000000001
-18,-16,1.6500000000000001
-18,-16,1.6500000000000001
-18,-16,1.6500000000000001
-18,-16,1.6500000000000001
-18,-16,1.6500000000000001
-18,-16,1.6500000000000001
-18,-16,1.6500000000000001
-18,-16,9.41407300602614
-18,-16,11.453589163410935
-18,-16,1.6500000000000001
-18,-16,1.6500000000000001
-18,-16,1.6500000000000001
-18,-16,3.628796449166572
-18,-16,1.6500000000000001
-18,-16,1.6500000000000001
-18,-16,12.785136564263095
-18,-16,1.6500000000000001
-18,-16,1.6500000000000001
-18,-16,1.6500000000000001
-18,-16,1.6500000000000001
-18,-16,2.007530556075128
-18,-16,1.6500000000000001
-18,-16,1.6500000000000001
-18,-16,1.6500000000000001
-18,-16,1.6500000000000001
-18,-16,3.3552793768759273
-18,-16,9.50928896226171
-18,-16,1.6500000000000001
-18,-16,1.6500000000000001
-18,-16,1.6500000000000001
-18,-16,18.831838722531863
-18,-16,1.6500000000000001
-18,-16,1.6500000000000001
-18,-16,1.6500000000000001
-18,-16,1.6500000000000001
-18,-16,1.6500000000000001
-18,-16,1.6500000000000001
-18,-16,1.6500000000000001
-18,-16,1.6500000000000001
-18,-16,1.6500000000000001
-18,-16,3.9123417493108654
-18,-16,1.6500000000000001
-18,-16,1.6500000000000001
-18,-16,1.6500000000000001
-18,-16,1.6500000000000001
-18,-16,1.6500000000000001
-18,-16,1.6500000000000001
-18,-16,1.6500000000000001
-18,-16,1.6500000000000001
-18,-16,1.6500000000000001
-18,-16,4.243050476368291
-18,-16,1.6500000000000001
-18,-16,6.290530973374212
-18,-16,1.6500000000000001
-18,-16,1.6500000000000001
-18,-16,1.6500000000000001
-18,-16,1.6500000000000001
-18,-16,1.6500000000000001
-18,-16,1.6500000000000001
-18,-16,1.6500000000000001
-18,-16,1.6500000000000001
-18,-16,1.6500000000000001
-18,-16,1.6500000000000001
-18,-16,1.6500000000000001
-18,-16,1.6500000000000001
-18,-16,1.6500000000000001
-18,-16,1.6500000000000001
-18,-16,1.6500000000000001
-18,-16,1.6500000000000001
-18,-16,1.6500000000000001
-18,-16,1.6500000000000001
-18,-17,1.6500000000000001
-18,-17,1.6500000000000001
-18,-17,1.6500000000000001
-18,-17,7.575831382631796
-18,-17,1.6500000000000001
-18,-17,5.055121639399445
-18,-17,1.6500000000000001
-18,-17,1.6500000000000001
-18,-17,1.6500000000000001
-18,-17,1.6500000000000001
-18,-17,1.6500000000000001
-18,-17,1.6500000000000001
-18,-17,1.6500000000000001
-18,-17,1.6500000000000001
-18,-17,1.6500000000000001
-18,-17,1.6500000000000001
-18,-17,1.6500000000000001
-18,-17,1.6500000000000001
-18,-17,1.6500000000000001
-18,-17,1.6500000000000001
-18,-17,1.6500000000000001
-18,-17,1.6500000000000001
-18,-17,1.6500000000000001
-18,-17,1.6500000000000001
-18,-17,1.6500000000000001
-18,-17,1.6500000000000001
-18,-17,1.6500000000000001
-18,-17,1.6500000000000001
-18,-17,1.6500000000000001
-18,-17,1.6500000000000001
-18,-17,1.6500000000000001
-18,-17,4.147566051648367
-18,-17,3.4844081120750143
-18,-17,4.884232923315249
-18,-17,1.6500000000000001
-18,-17,11.249632915298385
-18,-17,1.6500000000000001
-18,-17,6.585275629935268
-18,-17,1.6500000000000001
-18,-17,1.6500000000000001
-18,-17,1.6500000000000001
-18,-17,7.252149315598697
-18,-17,1.6500000000000001
-18,-17,1.6500000000000001
-18,-17,1.6500000000000001
-18,-17,1.6500000000000001
-18,-17,14.504173847236807
-18,-17,1.6500000000000001
-18,-17,1.6500000000000001
-18,-17,1.6500000000000001
-18,-17,1.6500000000000001
-18,-17,1.6500000000000001
-18,-17,1.6500000000000001
-18,-17,10.400612052807531
-18,-17,1.6500000000000001
-18,-17,1.6500000000000001
-18,-17,1.6500000000000001
-18,-17,1.6500000000000001
-18,-17,1.6500000000000001
-18,-17,1.6500000000000001
-18,-17,1.6500000000000001
-18,-17,1.6500000000000001
-18,-17,1.6500000000000001
-18,-17,1.6500000000000001
-18,-17,1.6500000000000001
-18,-17,1.6500000000000001
-18,-17,1.6500000000000001
-18,-17,1.6500000000000001
-18,-17,1.6500000000000001
-18,-17,1.6500000000000001
-18,-17,1.6500000000000001
-18,-17,1.6500000000000001
-18,-17,1.6500000000000001
-18,-17,1.6500000000000001
-18,-17,1.6500000000000001
-18,-17,1.6500000000000001
-18,-17,1.6500000000000001
-18,-17,1.6500000000000001
-18,-17,1.6500000000000001
-18,-17,1.6500000000000001
-18,-17,1.6500000000000001
-18,-17,1.6500000000000001
-18,-17,1.6500000000000001
-18,-17,1.6500000000000001
-18,-17,1.6500000000000001
-18,-17,3.9300624523650214
-18,-17,4.751973246274202
-18,-17,1.6500000000000001
-18,-17,1.6500000000000001
-18,-17,1.6500000000000001
-18,-17,1.907771606640372
-18,-17,1.6500000000000001
-18,-17,1.6500000000000001
-18,-17,1.6500000000000001
-18,-17,1.6500000000000001
-18,-17,1.6500000000000001
-18,-17,9.691155792106493
-18,-17,1.6500000000000001
-18,-17,3.825718046237487
-18,-17,1.6500000000000001
-18,-17,1.6500000000000001
-18,-17,1.6500000000000001
-18,-17,1.6500000000000001
-18,-17,1.6500000000000001
-18,-17,1.6500000000000001
-18,-17,1.6500000000000001
-18,-17,5.701851890551069
-18,-17,1.6500000000000001
-18,-17,1.6500000000000001
-18,-17,1.6500000000000001
-18,-17,1.6500000000000001
-18,-17,6.84843728694381
-18,-17,1.6500000000000001
-18,-17,1.6500000000000001
-18,-17,1.6500000000000001
-18,-17,1.6500000000000001
-18,-17,1.6500000000000001
-18,-17,1.6500000000000001
-18,-17,1.6500000000000001
-18,-17,1.6500000000000001
-18,-17,1.6500000000000001
-18,-17,1.6500000000000001
-17,-17,1.6500000000000001
-17,-17,1.6500000000000001
-17,-17,1.6500000000000001
-17,-17,1.6500000000000001
-17,-17,1.6500000000000001
-17,-17,2.9115528340856844
-17,-17,1.6500000000000001
-17,-17,1.6500000000000001
-17,-17,4.2365419747923845
-17,-17,1.6500000000000001
-17,-17,1.6500000000000001
-17,-17,1.6500000000000001
-17,-17,1.6500000000000001
-17,-17,1.6500000000000001
-17,-17,1.6500000000000001
-17,-17,1.6500000000000001
-17,-17,1.6500000000000001
-17,-17,1.6769206186295378
-17,-17,1.6500000000000001
-17,-17,1.6500000000000001
-17,-17,1.6500000000000001
-17,-17,1.6500000000000001
-17,-17,1.6500000000000001
-17,-17,1.6500000000000001
-17,-17,14.686057138697656
-17,-17,7.730949975235017
-17,-17,1.6500000000000001
-17,-17,1.6500000000000001
-17,-17,1.6500000000000001
-17,-17,3.3077920130805776
-17,-17,1.6500000000000001
-17,-17,7.006093449973232
-17,-17,1.6500000000000001
-17,-17,9.036728003868486
-17,-17,1.6500000000000001
-17,-17,1.6500000000000001
-17,-17,2.9441575954235955
-17,-17,7.653726228055362
-17,-17,1.6500000000000001
-17,-17,1.6500000000000001
-17,-17,1.6500000000000001
-17,-17,1.6500000000000001
-17,-17,1.6500000000000001
-17,-17,1.6500000000000001
-17,-17,1.6500000000000001
-17,-17,1.6500000000000001
-17,-17,1.6500000000000001
-17,-17,1.6500000000000001
-17,-17,1.6500000000000001
-17,-17,1.6500000000000001
-17,-17,1.6500000000000001
-17,-17,1.6500000000000001
-17,-17,1.6500000000000001
-17,-17,1.6500000000000001
-17,-17,1.6500000000000001
-17,-17,1.6500000000000001
-17,-17,19.83288214012114
-17,-17,1.6500000000000001
-17,-17,1.6500000000000001
-17,-17,10.27181493128327
-17,-17,1.6500000000000001
-17,-17,1.6500000000000001
-17,-17,1.6500000000000001
-17,-17,1.6500000000000001
-17,-17,1.6500000000000001
-17,-17,1.6500000000000001
-17,-17,1.6500000000000001
-17,-17,1.6500000000000001
-17,-17,1.6500000000000001
-17,-17,1.6500000000000001
-17,-17,1.6500000000000001
-17,-17,1.6500000000000001
-17,-17,1.6500000000000001
-17,-17,7.07948468927413
-17,-17,1.6500000000000001
-17,-17,1.6500000000000001
-17,-17,1.6500000000000001
-17,-17,8.668234454476568
-17,-17,1.6500000000000001
-17,-17,1.6500000000000001
-17,-17,7.679079023515584
-17,-17,1.6500000000000001
-17,-17,1.6500000000000001
-17,-17,1.6500000000000001
-17,-17,1.6500000000000001
-17,-17,3.07673865570548
-17,-17,21.016338994606915
-17,-17,1.6500000000000001
-17,-17,1.6500000000000001
-17,-17,1.6500000000000001
-17,-17,1.6500000000000001
-17,-17,1.6500000000000001
-17,-17,1.6500000000000001
-17,-17,2.0892138681599874
-17,-17,1.6500000000000001
-17,-17,1.6500000000000001
-17,-17,1.6500000000000001
-17,-17,1.6500000000000001
-17,-17,1.6500000000000001
-17,-17,4.603157152380145
-17,-17,1.6500000000000001
-17,-17,1.6500000000000001
-17,-17,1.6500000000000001
-17,-17,1.6500000000000001
-17,-17,1.6500000000000001
-17,-17,1.6500000000000001
-17,-17,4.2481316140665815
-17,-17,1.6500000000000001
-17,-17,1.6500000000000001
-17,-17,1.6500000000000001
-17,-17,1.6500000000000001
-17,-17,1.6500000000000001
-17,-17,1.6500000000000001
-17,-17,2.19712002455554
-17,-17,1.6500000000000001
-17,-17,5.259329268057797
-17,-17,1.6500000000000001
-17,-17,1.6500000000000001
-17,-17,1.6500000000000001
-17,-17,1.6500000000000001
-17,-17,1.6500000000000001
-17,-17,1.6500000000000001
-17,-18,1.6500000000000001
-17,-18,1.6500000000000001
-17,-18,1.6500000000000001
-17,-18,1.6500000000000001
-17,-18,1.6500000000000001
-17,-18,1.6500000000000001
-17,-18,1.6500000000000001
-17,-18,1.6500000000000001
-17,-18,1.6500000000000001
-17,-18,1.6500000000000001
-17,-18,1.6500000000000001
-17,-18,1.6500000000000001
-17,-18,1.6500000000000001
-17,-18,1.6500000000000001
-17,-18,1.6500000000000001
-17,-18,14.301824752029553
-17,-18,1.6500000000000001
-17,-18,1.6500000000000001
-17,-18,1.6500000000000001
-17,-18,1.6500000000000001
-17,-18,1.6500000000000001
-17,-18,13.534058309600514
-17,-18,1.6500000000000001
-17,-18,10.554959765436188
-17,-18,1.6500000000000001
-17,-18,1.6500000000000001
-17,-18,1.6500000000000001
-17,-18,1.6500000000000001
-17,-18,7.024459214652147
-17,-18,1.8039358640291976
-17,-18,1.6500000000000001
-17,-18,1.6500000000000001
-17,-18,1.6500000000000001
-17,-18,2.932175405276503
-17,-18,1.6500000000000001
-17,-18,9.252390790968011
-17,-18,18.41627453398736
-17,-18,1.6500000000000001
-17,-18,1.6500000000000001
-17,-18,11.778521129555479
-17,-18,12.340385895269243
-17,-18,1.6500000000000001
-17,-18,1.6500000000000001
-17,-18,1.6500000000000001
-17,-18,1.6500000000000001
-17,-18,1.6500000000000001
-17,-18,1.6500000000000001
-17,-18,1.6500000000000001
-17,-18,7.24098904396206
-17,-18,7.869537430348107
-17,-18,1.6500000000000001
-17,-18,11.117922641475761
-17,-18,1.6500000000000001
-17,-18,1.6500000000000001
-17,-18,1.6500000000000001
-17,-18,1.6500000000000001
-17,-18,1.6500000000000001
-17,-18,1.6500000000000001
-17,-18,1.6500000000000001
-17,-18,21.067587428677644
-17,-18,1.6500000000000001
-17,-18,2.649486830777205
-17,-18,1.6500000000000001
-17,-18,1.6500000000000001
-17,-18,1.6500000000000001
-17,-18,1.6500000000000001
-17,-18,1.6500000000000001
-17,-18,1.6500000000000001
-17,-18,1.6500000000000001
-17,-18,1.6500000000000001
-17,-18,1.6500000000000001
-17,-18,4.282321743627303
-17,-18,1.6500000000000001
-17,-18,1.6500000000000001
-17,-18,1.6500000000000001
-17,-18,1.6500000000000001
-17,-18,1.6500000000000001
-17,-18,1.6500000000000001
-17,-18,1.6500000000000001
-17,-18,1.6500000000000001
-17,-18,1.6500000000000001
-17,-18,1.6500000000000001
-17,-18,1.6500000000000001
-17,-18,1.6500000000000001
-17,-18,1.6500000000000001
-17,-18,19.866662839837616
-17,-18,1.6500000000000001
-17,-18,1.6500000000000001
-17,-18,2.2205658149603344
-17,-18,1.6500000000000001
-17,-18,1.6500000000000001
-17,-18,1.6500000000000001
-17,-18,2.8281909996312233
-17,-18,1.6500000000000001
-17,-18,1.6500000000000001
-17,-18,1.6500000000000001
-17,-18,1.6500000000000001
-17,-18,7.132152594494926
-17,-18,1.6500000000000001
-17,-18,1.6500000000000001
-17,-18,7.964117797102851
-17,-18,1.6500000000000001
-17,-18,1.6500000000000001
-17,-18,1.6500000000000001
-17,-18,10.355101399358574
-17,-18,1.6500000000000001
-17,-18,17.23265805273423
-17,-18,1.6500000000000001
-17,-18,1.6500000000000001
-17,-18,1.6500000000000001
-17,-18,1.6500000000000001
-17,-18,1.9938366210560083
-17,-18,1.6500000000000001
-17,-18,13.901341942832083
-17,-18,1.6500000000000001
-17,-18,1.6500000000000001
-17,-18,1.6500000000000001
-17,-18,1.6500000000000001
-17,-18,1.6500000000000001
-17,-18,1.6500000000000001
-17,-18,1.6500000000000001
-17,-18,1.6500000000000001
-17,-18,1.6500000000000001
-17,-19,1.6500000000000001
-17,-19,1.6500000000000001
-17,-19,1.6500000000000001
-17,-19,1.6500000000000001
-17,-19,1.6500000000000001
-17,-19,1.6500000000000001
-17,-19,1.6500000000000001
-17,-19,1.6500000000000001
-17,-19,1.6500000000000001
-17,-19,1.6500000000000001
-17,-19,1.6500000000000001
-17,-19,1.6500000000000001
-17,-19,1.6500000000000001
-17,-19,1.6500000000000001
-17,-19,1.6500000000000001
-17,-19,1.6500000000000001
-17,-19,1.6500000000000001
-17,-19,1.6500000000000001
-17,-19,1.6500000000000001
-17,-19,1.6500000000000001
-17,-19,1.6500000000000001
-17,-19,1.6500000000000001
-17,-19,1.6500000000000001
-17,-19,1.6500000000000001
-17,-19,1.6500000000000001
-17,-19,1.6500000000000001
-17,-19,1.6500000000000001
-17,-19,1.6500000000000001
-17,-19,1.6500000000000001
-17,-19,1.6500000000000001
-17,-19,1.6500000000000001
-17,-19,1.6500000000000001
-17,-19,1.6500000000000001
-17,-19,1.6500000000000001
-17,-19,1.6500000000000001
-17,-19,1.6500000000000001
-17,-19,1.6500000000000001
-17,-19,1.6500000000000001
-17,-19,11.755815077793361
-17,-19,1.6500000000000001
-17,-19,1.6500000000000001
-17,-19,1.6500000000000001
-17,-19,1.6500000000000001
-17,-19,1.6500000000000001
-17,-19,9.916536786044503
-17,-19,1.6500000000000001
-17,-19,1.6500000000000001
-17,-19,1.6500000000000001
-17,-19,1.6500000000000001
-17,-19,1.6500000000000001
-17,-19,9.416371748277879
-17,-19,1.6500000000000001
-17,-19,1.6500000000000001
-17,-19,1.6500000000000001
-17,-19,1.6500000000000001
-17,-19,1.6500000000000001
-17,-19,1.6500000000000001
-17,-19,1.6500000000000001
-17,-19,1.6500000000000001
-17,-19,1.6500000000000001
-17,-19,1.6500000000000001
-17,-19,1.6500000000000001
-17,-19,1.6500000000000001
-17,-19,1.6500000000000001
-17,-19,1.6500000000000001
-17,-19,18.411352552465978
-17,-19,1.6500000000000001
-17,-19,1.6500000000000001
-17,-19,15.396464418039841
-17,-19,1.6500000000000001
-17,-19,1.6500000000000001
-17,-19,1.6500000000000001
-17,-19,1.6500000000000001
-17,-19,1.6500000000000001
-17,-19,1.6500000000000001
-17,-19,1.6500000000000001
-17,-19,1.6500000000000001
-17,-19,1.6500000000000001
-17,-19,1.6500000000000001
-17,-19,1.6500000000000001
-17,-19,1.6500000000000001
-17,-19,4.196932437726735
-17,-19,1.6500000000000001
-17,-19,1.6500000000000001
-17,-19,4.179302257637175
-17,-19,1.6500000000000001
-17,-19,1.6500000000000001
-17,-19,1.6500000000000001
-17,-19,1.6500000000000001
-17,-19,1.6500000000000001
-17,-19,1.6500000000000001
-17,-19,1.6500000000000001
-17,-19,1.6500000000000001
-17,-19,1.8725033924144316
-17,-19,1.6500000000000001
-17,-19,1.6500000000000001
-17,-19,1.6500000000000001
-17,-19,1.6500000000000001
-17,-19,1.6500000000000001
-17,-19,1.6500000000000001
-17,-19,1.6500000000000001
-17,-19,1.6500000000000001
-17,-19,1.6500000000000001
-17,-19,1.6500000000000001
-17,-19,1.6500000000000001
-17,-19,5.805512085223651
-17,-19,1.6500000000000001
-17,-19,1.6500000000000001
-17,-19,1.6500000000000001
-17,-19,8.357743486170964
-17,-19,1.6500000000000001
-17,-19,1.6500000000000001
-17,-19,1.6500000000000001
-17,-19,1.6500000000000001
-17,-19,1.6500000000000001
-17,-19,1.6500000000000001
-17,-19,1.6500000000000001
-17,-19,25.545758191710483
-17,-19,6.193783974306248
-17,-19,1.6500000000000001
-17,-19,1.6500000000000001
-17,-19,1.6500000000000001
-16,-19,1.6500000000000001
-16,-19,1.6500000000000001
-16,-19,1.6500000000000001
-16,-19,1.6500000000000001
-16,-19,17.61481940538113
-16,-19,1.6500000000000001
-16,-19,1.6500000000000001
-16,-19,1.6500000000000001
-16,-19,1.6500000000000001
-16,-19,10.130684769835685
-16,-19,1.6500000000000001
-16,-19,1.6500000000000001
-16,-19,1.6500000000000001
-16,-19,1.6500000000000001
-16,-19,1.6500000000000001
-16,-19,1.6500000000000001
-16,-19,3.927276947139248
-16,-19,1.6500000000000001
-16,-19,1.6500000000000001
-16,-19,1.6500000000000001
-16,-19,1.6500000000000001
-16,-19,1.6500000000000001
-16,-19,1.6500000000000001
-16,-19,1.6500000000000001
-16,-19,1.6500000000000001
-16,-19,1.6500000000000001
-16,-19,1.6500000000000001
-16,-19,12.620219815398052
-16,-19,1.6500000000000001
-16,-19,1.6500000000000001
-16,-19,1.6500000000000001
-16,-19,5.082384330270051
-16,-19,1.6500000000000001
-16,-19,1.6500000000000001
-16,-19,1.6500000000000001
-16,-19,1.6500000000000001
-16,-19,1.6500000000000001
-16,-19,1.6500000000000001
-16,-19,1.6500000000000001
-16,-19,12.302188454191164
-16,-19,1.6500000000000001
-16,-19,1.6500000000000001
-16,-19,1.6500000000000001
-16,-19,1.6500000000000001
-16,-19,1.6500000000000001
-16,-19,1.6500000000000001
-16,-19,1.6500000000000001
-16,-19,1.6500000000000001
-16,-19,1.6500000000000001
-16,-19,1.6500000000000001
-16,-19,1.6500000000000001
-16,-19,1.6500000000000001
-16,-19,1.6500000000000001
-16,-19,1.6500000000000001
-16,-19,1.6500000000000001
-16,-19,1.6500000000000001
-16,-19,1.6500000000000001
-16,-19,15.763302865284313
-16,-19,1.6500000000000001
-16,-19,1.6500000000000001
-16,-19,1.6500000000000001
-16,-19,1.6500000000000001
-16,-19,1.6500000000000001
-16,-19,1.6500000000000001
-16,-19,1.6500000000000001
-16,-19,11.062200106292142
-16,-19,1.6500000000000001
-16,-19,1.6500000000000001
-16,-19,1.6500000000000001
-16,-19,1.6500000000000001
-16,-19,1.6500000000000001
-16,-19,1.6500000000000001
-16,-19,1.6500000000000001
-16,-19,1.6500000000000001
-16,-19,5.3627769822778895
-16,-19,1.6500000000000001
-16,-19,1.6500000000000001
-16,-19,1.6500000000000001
-16,-19,22.558616788167694
-16,-19,1.6500000000000001
-16,-19,15.180811246417157
-16,-19,1.6500000000000001
-16,-19,1.6500000000000001
-16,-19,1.6500000000000001
-16,-19,1.6500000000000001
-16,-19,1.6500000000000001
-16,-19,1.6500000000000001
-16,-19,1.6500000000000001
-16,-19,1.6500000000000001
-16,-19,1.6500000000000001
-16,-19,1.6500000000000001
-16,-19,1.6500000000000001
-16,-19,6.823099588063705
-16,-19,1.6500000000000001
-16,-19,1.6500000000000001
-16,-19,1.6500000000000001
-16,-19,1.6500000000000001
-16,-19,3.538277832908477
-16,-19,1.6500000000000001
-16,-19,1.6500000000000001
-16,-19,1.6500000000000001
-16,-19,20.770891639070236
-16,-19,1.6500000000000001
-16,-19,1.6500000000000001
-16,-19,1.6500000000000001
-16,-19,1.6500000000000001
-16,-19,1.6500000000000001
-16,-19,12.276137527242813
-16,-19,2.3903137271357817
-16,-19,1.6500000000000001
-16,-19,1.6500000000000001
-16,-19,1.6500000000000001
-16,-19,1.6500000000000001
-16,-19,3.659596529241096
-16,-19,1.6500000000000001
-16,-19,1.6500000000000001
-16,-19,1.6500000000000001
-16,-19,1.6500000000000001
-16,-19,1.6500000000000001
-16,-19,2.903587941751221
-16,-19,1.6500000000000001
-16,-19,1.6500000000000001
-17,-19,1.6500000000000001
-17,-19,1.6500000000000001
-17,-19,1.6500000000000001
-17,-19,1.6500000000000001
-17,-19,1.6500000000000001
-17,-19,1.6500000000000001
-17,-19,1.6500000000000001
-17,-19,12.406073425072819
-17,-19,1.6500000000000001
-17,-19,1.6500000000000001
-17,-19,5.594504691069446
-17,-19,4.707186478307488
-17,-19,1.6500000000000001
-17,-19,1.6500000000000001
-17,-19,1.6500000000000001
-17,-19,1.6500000000000001
-17,-19,1.6500000000000001
-17,-19,6.927046938319332
-17,-19,11.286617851827348
-17,-19,2.320519330215893
-17,-19,1.6500000000000001
-17,-19,1.6500000000000001
-17,-19,1.6500000000000001
-17,-19,1.6500000000000001
-17,-19,1.6500000000000001
-17,-19,1.6500000000000001
-17,-19,1.6500000000000001
-17,-19,1.6500000000000001
-17,-19,12.74003049048855
-17,-19,1.6500000000000001
-17,-19,1.6500000000000001
-17,-19,1.6500000000000001
-17,-19,1.6500000000000001
-17,-19,5.9160773829572655
-17,-19,1.6500000000000001
-17,-19,7.830353898149408
-17,-19,1.6500000000000001
-17,-19,1.6500000000000001
-17,-19,1.6500000000000001
-17,-19,1.6500000000000001
-17,-19,1.6500000000000001
-17,-19,2.2139174246123545
-17,-19,1.6500000000000001
-17,-19,1.6500000000000001
-17,-19,1.6500000000000001
-17,-19,1.6500000000000001
-17,-19,1.6500000000000001
-17,-19,1.6500000000000001
-17,-19,1.6500000000000001
-17,-19,1.6500000000000001
-17,-19,1.6500000000000001
-17,-19,1.6500000000000001
-17,-19,1.6500000000000001
-17,-19,1.6500000000000001
-17,-19,1.6500000000000001
-17,-19,1.6500000000000001
-17,-19,1.6500000000000001
-17,-19,1.6500000000000001
-17,-19,1.6500000000000001
-17,-19,1.6500000000000001
-17,-19,1.6500000000000001
-17,-19,1.6500000000000001
-17,-19,1.6500000000000001
-17,-19,1.6500000000000001
-17,-19,1.6500000000000001
-17,-19,1.6500000000000001
-17,-19,1.6500000000000001
-17,-19,1.6500000000000001
-17,-19,1.6500000000000001
-17,-19,1.6500000000000001
-17,-19,1.6500000000000001
-17,-19,2.2867150665917677
-17,-19,1.6500000000000001
-17,-19,1.6500000000000001
-17,-19,1.6500000000000001
-17,-19,1.6500000000000001
-17,-19,1.6500000000000001
-17,-19,1.6500000000000001
-17,-19,1.6500000000000001
-17,-19,1.6500000000000001
-17,-19,1.6500000000000001
-17,-19,4.78586248582965
-17,-19,5.790907210765436
-17,-19,1.6500000000000001
-17,-19,1.6500000000000001
-17,-19,1.6500000000000001
-17,-19,1.6500000000000001
-17,-19,1.6500000000000001
-17,-19,1.6500000000000001
-17,-19,1.6500000000000001
-17,-19,1.6500000000000001
-17,-19,1.6500000000000001
-17,-19,1.6500000000000001
-17,-19,1.6500000000000001
-17,-19,1.6500000000000001
-17,-19,1.6500000000000001
-17,-19,1.6500000000000001
-17,-19,1.6500000000000001
-17,-19,1.6500000000000001
-17,-19,1.6500000000000001
-17,-19,1.6500000000000001
-17,-19,1.6500000000000001
-17,-19,1.6500000000000001
-17,-19,1.6500000000000001
-17,-19,1.6500000000000001
-17,-19,1.6500000000000001
-17,-19,4.21345385037554
-17,-19,1.6500000000000001
-17,-19,1.6500000000000001
-17,-19,1.6500000000000001
-17,-19,11.306954282135578
-17,-19,1.6500000000000001
-17,-19,1.6500000000000001
-17,-19,1.6500000000000001
-17,-19,8.978074381424356
-17,-19,1.6500000000000001
-17,-19,1.6500000000000001
-17,-19,1.6500000000000001
-17,-19,1.6500000000000001
-17,-19,1.6500000000000001
-17,-19,1.6500000000000001
-17,-19,1.6500000000000001
-18,-19,1.6500000000000001
-18,-19,1.6500000000000001
-18,-19,6.1134030087136235
-18,-19,1.6500000000000001
-18,-19,1.6500000000000001
-18,-19,1.6500000000000001
-18,-19,1.6500000000000001
-18,-19,1.6500000000000001
-18,-19,1.6500000000000001
-18,-19,1.6500000000000001
-18,-19,1.6500000000000001
-18,-19,1.6500000000000001
-18,-19,1.6500000000000001
-18,-19,1.6500000000000001
-18,-19,19.625881885357828
-18,-19,1.6500000000000001
-18,-19,1.6500000000000001
-18,-19,1.6500000000000001
-18,-19,1.6500000000000001
-18,-19,1.6500000000000001
-18,-19,1.6500000000000001
-18,-19,1.6500000000000001
-18,-19,1.6500000000000001
-18,-19,1.6500000000000001
-18,-19,10.354019003189897
-18,-19,1.6500000000000001
-18,-19,1.6500000000000001
-18,-19,1.6500000000000001
-18,-19,1.6500000000000001
-18,-19,1.6500000000000001
-18,-19,5.4138422658417
-18,-19,1.6500000000000001
-18,-19,1.6500000000000001
-18,-19,1.6500000000000001
-18,-19,1.6500000000000001
-18,-19,1.6500000000000001
-18,-19,1.6500000000000001
-18,-19,1.6500000000000001
-18,-19,1.6500000000000001
-18,-19,1.6500000000000001
-18,-19,1.6500000000000001
-18,-19,1.6500000000000001
-18,-19,1.6500000000000001
-18,-19,1.6500000000000001
-18,-19,1.6500000000000001
-18,-19,1.6500000000000001
-18,-19,1.6500000000000001
-18,-19,1.6500000000000001
-18,-19,1.6500000000000001
-18,-19,1.6500000000000001
-18,-19,11.885148589506457
-18,-19,1.6500000000000001
-18,-19,1.6500000000000001
-18,-19,1.6500000000000001
-18,-19,1.6500000000000001
-18,-19,1.6500000000000001
-18,-19,1.6500000000000001
-18,-19,11.396862549254301
-18,-19,1.6500000000000001
-18,-19,1.6500000000000001
-18,-19,1.6500000000000001
-18,-19,1.6500000000000001
-18,-19,1.6500000000000001
-18,-19,1.6500000000000001
-18,-19,5.400335576789303
-18,-19,1.6500000000000001
-18,-19,1.6500000000000001
-18,-19,1.6500000000000001
-18,-19,1.6500000000000001
-18,-19,1.6500000000000001
-18,-19,1.6500000000000001
-18,-19,1.6500000000000001
-18,-19,1.6500000000000001
-18,-19,1.6500000000000001
-18,-19,1.6500000000000001
-18,-19,1.6500000000000001
-18,-19,1.6500000000000001
-18,-19,1.6500000000000001
-18,-19,1.6500000000000001
-18,-19,1.6500000000000001
-18,-19,1.6500000000000001
-18,-19,1.6500000000000001
-18,-19,1.6500000000000001
-18,-19,1.6500000000000001
-18,-19,1.6500000000000001
-18,-19,1.6500000000000001
-18,-19,1.6500000000000001
-18,-19,1.6500000000000001
-18,-19,1.6500000000000001
-18,-19,1.6500000000000001
-18,-19,1.6500000000000001
-18,-19,1.6500000000000001
-18,-19,1.6500000000000001
-18,-19,1.6500000000000001
-18,-19,1.6500000000000001
-18,-19,1.6500000000000001
-18,-19,3.7701030121964045
-18,-19,1.6500000000000001
-18,-19,1.6500000000000001
-18,-19,1.6500000000000001
-18,-19,1.6500000000000001
-18,-19,5.065929522292631
-18,-19,1.6500000000000001
-18,-19,1.6500000000000001
-18,-19,1.6500000000000001
-18,-19,1.6500000000000001
-18,-19,1.6500000000000001
-18,-19,10.627248206996462
-18,-19,1.6500000000000001
-18,-19,1.6500000000000001
-18,-19,1.6500000000000001
-18,-19,1.6500000000000001
-18,-19,1.6500000000000001
-18,-19,1.6500000000000001
-18,-19,1.6500000000000001
-18,-19,1.6500000000000001
-18,-19,1.6500000000000001
-18,-19,1.6500000000000001
-18,-19,1.6500000000000001
-18,-19,1.6500000000000001
-18,-19,1.6500000000000001
-18,-19,1.6500000000000001
-19,-19,1.6500000000000001
-19,-19,1.6500000000000001
-19,-19,1.6500000000000001
-19,-19,1.6500000000000001
-19,-19,1.6500000000000001
-19,-19,1.6500000000000001
-19,-19,1.6500000000000001
-19,-19,1.6500000000000001
-19,-19,1.6500000000000001
-19,-19,1.6500000000000001
-19,-19,1.6500000000000001
-19,-19,1.6500000000000001
-19,-19,1.6500000000000001
-19,-19,1.6500000000000001
-19,-19,1.6500000000000001
-19,-19,1.6500000000000001
-19,-19,1.6500000000000001
-19,-19,19.11659727777743
-19,-19,6.4542881963026275
-19,-19,5.499324904442712
-19,-19,1.6500000000000001
-19,-19,1.6500000000000001
-19,-19,1.6500000000000001
-19,-19,1.6500000000000001
-19,-19,1.6500000000000001
-19,-19,1.6500000000000001
-19,-19,1.6500000000000001
-19,-19,1.6500000000000001
-19,-19,1.6500000000000001
-19,-19,1.6500000000000001
-19,-19,1.6500000000000001
-19,-19,3.972988205014012
-19,-19,1.6500000000000001
-19,-19,1.6500000000000001
-19,-19,1.6500000000000001
-19,-19,1.6500000000000001
-19,-19,1.6500000000000001
-19,-19,1.6500000000000001
-19,-19,1.6500000000000001
-19,-19,1.6500000000000001
-19,-19,1.6500000000000001
-19,-19,1.6500000000000001
-19,-19,1.6500000000000001
-19,-19,1.6500000000000001
-19,-19,1.6500000000000001
-19,-19,1.6500000000000001
-19,-19,1.6500000000000001
-19,-19,1.6500000000000001
-19,-19,1.6500000000000001
-19,-19,6.669754839005215
-19,-19,1.6500000000000001
-19,-19,1.6500000000000001
-19,-19,1.6500000000000001
-19,-19,1.6500000000000001
-19,-19,1.6500000000000001
-19,-19,1.6500000000000001
-19,-19,1.6500000000000001
-19,-19,1.6500000000000001
-19,-19,1.6500000000000001
-19,-19,1.6500000000000001
-19,-19,1.6500000000000001
-19,-19,1.6500000000000001
-19,-19,1.6500000000000001
-19,-19,1.6500000000000001
-19,-19,1.6500000000000001
-19,-19,1.6500000000000001
-19,-19,1.6500000000000001
-19,-19,1.6500000000000001
-19,-19,1.6500000000000001
-19,-19,1.6500000000000001
-19,-19,1.6500000000000001
-19,-19,7.893973788341675
-19,-19,1.6500000000000001
-19,-19,8.299485335792564
-19,-19,1.6500000000000001
-19,-19,1.6500000000000001
-19,-19,1.6500000000000001
-19,-19,1.6500000000000001
-19,-19,1.6500000000000001
-19,-19,1.6500000000000001
-19,-19,1.6500000000000001
-19,-19,1.6500000000000001
-19,-19,1.6500000000000001
-19,-19,1.6500000000000001
-19,-19,1.6500000000000001
-19,-19,1.6500000000000001
-19,-19,1.6500000000000001
-19,-19,1.6500000000000001
-19,-19,1.6500000000000001
-19,-19,1.6500000000000001
-19,-19,1.6500000000000001
-19,-19,1.6500000000000001
-19,-19,1.6500000000000001
-19,-19,1.6500000000000001
-19,-19,1.6500000000000001
-19,-19,1.6500000000000001
-19,-19,13.524290941804697
-19,-19,1.6500000000000001
-19,-19,1.6500000000000001
-19,-19,1.6500000000000001
-19,-19,1.6500000000000001
-19,-19,3.856627099621651
-19,-19,1.6500000000000001
-19,-19,1.6500000000000001
-19,-19,1.6500000000000001
-19,-19,1.9480547272293105
-19,-19,1.6500000000000001
-19,-19,1.6500000000000001
-19,-19,5.400255448609624
-19,-19,1.6500000000000001
-19,-19,1.6500000000000001
-19,-19,1.6500000000000001
-19,-19,1.6500000000000001
-19,-19,1.6500000000000001
-19,-19,1.6500000000000001
-19,-19,1.6500000000000001
-19,-19,1.6500000000000001
-19,-19,1.6500000000000001
-19,-19,1.6500000000000001
-19,-19,1.6500000000000001
-19,-19,1.6500000000000001
-19,-19,1.6500000000000001
-19,-19,1.6500000000000001
-19,-20,1.6500000000000001
-19,-20,1.6500000000000001
-19,-20,1.6500000000000001
-19,-20,1.6500000000000001
-19,-20,1.6500000000000001
-19,-20,1.6500000000000001
-19,-20,1.6759207845261983
-19,-20,1.6500000000000001
-19,-20,1.6500000000000001
-19,-20,1.6500000000000001
-19,-20,2.3410342414119114
-19,-20,1.6500000000000001
-19,-20,1.6500000000000001
-19,-20,1.6500000000000001
-19,-20,1.6500000000000001
-19,-20,1.6500000000000001
-19,-20,1.6500000000000001
-19,-20,13.100890191210432
-19,-20,1.6500000000000001
-19,-20,1.6500000000000001
-19,-20,1.6500000000000001
-19,-20,1.6500000000000001
-19,-20,1.6500000000000001
-19,-20,1.6500000000000001
-19,-20,12.554741940485243
-19,-20,1.6500000000000001
-19,-20,1.6500000000000001
-19,-20,19.87155735128476
-19,-20,1.6500000000000001
-19,-20,1.6500000000000001
-19,-20,1.6500000000000001
-19,-20,1.6500000000000001
-19,-20,1.6500000000000001
-19,-20,1.6500000000000001
-19,-20,1.6500000000000001
-19,-20,1.6500000000000001
-19,-20,1.6500000000000001
-19,-20,1.6500000000000001
-19,-20,1.6500000000000001
-19,-20,12.183835989721352
-19,-20,1.6500000000000001
-19,-20,1.6500000000000001
-19,-20,11.998012797829162
-19,-20,1.6500000000000001
-19,-20,1.6500000000000001
-19,-20,1.6500000000000001
-19,-20,1.6500000000000001
-19,-20,1.6500000000000001
-19,-20,1.6500000000000001
-19,-20,1.6500000000000001
-19,-20,1.6500000000000001
-19,-20,1.6500000000000001
-19,-20,1.6500000000000001
-19,-20,6.61415680181079
-19,-20,1.6500000000000001
-19,-20,1.6500000000000001
-19,-20,1.6500000000000001
-19,-20,1.6500000000000001
-19,-20,1.6500000000000001
-19,-20,7.583000216587301
-19,-20,1.6500000000000001
-19,-20,1.6500000000000001
-19,-20,1.6500000000000001
-19,-20,1.6500000000000001
-19,-20,1.6500000000000001
-19,-20,1.6500000000000001
-19,-20,1.6500000000000001
-19,-20,1.6500000000000001
-19,-20,1.6500000000000001
-19,-20,1.6500000000000001
-19,-20,1.6500000000000001
-19,-20,1.6500000000000001
-19,-20,1.6500000000000001
-19,-20,1.6500000000000001
-19,-20,1.6500000000000001
-19,-20,1.6500000000000001
-19,-20,1.6500000000000001
-19,-20,1.6500000000000001
-19,-20,1.6500000000000001
-19,-20,1.6500000000000001
-19,-20,1.6500000000000001
-19,-20,1.6500000000000001
-19,-20,1.6500000000000001
-19,-20,1.6500000000000001
-19,-20,1.6500000000000001
-19,-20,1.6500000000000001
-19,-20,1.6500000000000001
-19,-20,1.6500000000000001
-19,-20,1.6500000000000001
-19,-20,1.6500000000000001
-19,-20,1.6500000000000001
-19,-20,1.6500000000000001
-19,-20,1.6500000000000001
-19,-20,1.6500000000000001
-19,-20,1.6500000000000001
-19,-20,1.6500000000000001
-19,-20,1.6500000000000001
-19,-20,1.6500000000000001
-19,-20,1.6500000000000001
-19,-20,1.6500000000000001
-19,-20,1.6500000000000001
-19,-20,1.6500000000000001
-19,-20,1.6500000000000001
-19,-20,1.6500000000000001
-19,-20,1.6500000000000001
-19,-20,1.6500000000000001
-19,-20,1.6500000000000001
-19,-20,1.6500000000000001
-19,-20,1.6500000000000001
-19,-20,1.6500000000000001
-19,-20,6.287614649229386
-19,-20,1.6500000000000001
-19,-20,1.6500000000000001
-19,-20,13.381707098695603
-19,-20,1.6500000000000001
-19,-20,1.6500000000000001
-19,-20,1.6500000000000001
-19,-20,1.6500000000000001
-19,-20,1.6500000000000001
-19,-20,1.6500000000000001
-19,-20,1.6500000000000001
-19,-20,1.6500000000000001
-18,-20,1.6500000000000001
-18,-20,1.6500000000000001
-18,-20,1.6500000000000001
-18,-20,1.6500000000000001
-18,-20,1.6500000000000001
-18,-20,5.496825152666997
-18,-20,1.6500000000000001
-18,-20,1.6500000000000001
-18,-20,1.6500000000000001
-18,-20,1.6500000000000001
-18,-20,1.6500000000000001
-18,-20,1.6500000000000001
-18,-20,1.6500000000000001
-18,-20,1.6500000000000001
-18,-20,1.6500000000000001
-18,-20,1.6500000000000001
-18,-20,29.7
-18,-20,1.6500000000000001
-18,-20,1.6500000000000001
-18,-20,1.6500000000000001
-18,-20,1.6500000000000001
-18,-20,1.6500000000000001
-18,-20,1.6500000000000001
-18,-20,1.6500000000000001
-18,-20,1.6500000000000001
-18,-20,1.6500000000000001
-18,-20,4.497876583365432
-18,-20,1.6500000000000001
-18,-20,1.6500000000000001
-18,-20,1.6500000000000001
-18,-20,1.6500000000000001
-18,-20,1.6500000000000001
-18,-20,1.6500000000000001
-18,-20,1.6500000000000001
-18,-20,1.6500000000000001
-18,-20,1.6500000000000001
-18,-20,10.604863761574226
-18,-20,1.6500000000000001
-18,-20,1.6500000000000001
-18,-20,1.6500000000000001
-18,-20,1.6500000000000001
-18,-20,1.6500000000000001
-18,-20,1.6500000000000001
-18,-20,1.6500000000000001
-18,-20,1.6500000000000001
-18,-20,5.1873282591617205
-18,-20,3.774820316347821
-18,-20,1.6500000000000001
-18,-20,1.6500000000000001
-18,-20,1.6500000000000001
-18,-20,1.6500000000000001
-18,-20,1.6500000000000001
-18,-20,1.6500000000000001
-18,-20,1.6500000000000001
-18,-20,1.6500000000000001
-18,-20,1.6500000000000001
-18,-20,1.6500000000000001
-18,-20,1.6500000000000001
-18,-20,1.6500000000000001
-18,-20,1.6500000000000001
-18,-20,1.6500000000000001
-18,-20,1.6500000000000001
-18,-20,1.6500000000000001
-18,-20,1.6500000000000001
-18,-20,1.6500000000000001
-18,-20,1.6500000000000001
-18,-20,1.6500000000000001
-18,-20,1.6500000000000001
-18,-20,1.6500000000000001
-18,-20,1.6500000000000001
-18,-20,1.6500000000000001
-18,-20,22.65137875367354
-18,-20,1.6500000000000001
-18,-20,1.6500000000000001
-18,-20,1.6500000000000001
-18,-20,1.6500000000000001
-18,-20,1.6500000000000001
-18,-20,6.1638211973259125
-18,-20,10.562555982801047
-18,-20,1.6500000000000001
-18,-20,1.6500000000000001
-18,-20,1.6500000000000001
-18,-20,1.6500000000000001
-18,-20,1.6500000000000001
-18,-20,6.163640600214702
-18,-20,1.6500000000000001
-18,-20,1.6500000000000001
-18,-20,1.6500000000000001
-18,-20,1.6500000000000001
-18,-20,1.6500000000000001
-18,-20,1.6500000000000001
-18,-20,1.6500000000000001
-18,-20,15.610899850263117
-18,-20,1.6500000000000001
-18,-20,1.6500000000000001
-18,-20,1.6500000000000001
-18,-20,5.956443186784963
-18,-20,1.6500000000000001
-18,-20,1.6500000000000001
-18,-20,1.6500000000000001
-18,-20,1.6500000000000001
-18,-20,1.6500000000000001
-18,-20,1.6500000000000001
-18,-20,1.6500000000000001
-18,-20,9.446132025703395
-18,-20,1.6500000000000001
-18,-20,1.6500000000000001
-18,-20,1.6500000000000001
-18,-20,1.6500000000000001
-18,-20,1.6500000000000001
-18,-20,1.6500000000000001
-18,-20,1.6500000000000001
-18,-20,1.6500000000000001
-18,-20,1.6500000000000001
-18,-20,1.6500000000000001
-18,-20,1.6500000000000001
-18,-20,1.6500000000000001
-18,-20,1.6500000000000001
-18,-20,1.6500000000000001
-18,-20,1.6500000000000001
-18,-20,1.6500000000000001
-18,-20,10.403213142418377
-19,-20,1.6500000000000001
-19,-20,1.6500000000000001
-19,-20,1.6500000000000001
-19,-20,1.6500000000000001
-19,-20,1.6500000000000001
-19,-20,1.6500000000000001
-19,-20,1.6500000000000001
-19,-20,1.6500000000000001
-19,-20,1.6500000000000001
-19,-20,1.6500000000000001
-19,-20,1.6500000000000001
-19,-20,1.6500000000000001
-19,-20,1.6500000000000001
-19,-20,17.229695740605678
-19,-20,1.6500000000000001
-19,-20,1.6500000000000001
-19,-20,1.6500000000000001
-19,-20,4.750947173092513
-19,-20,1.6500000000000001
-19,-20,1.6500000000000001
-19,-20,1.6500000000000001
-19,-20,7.150892397937898
-19,-20,1.6500000000000001
-19,-20,9.58141975088154
-19,-20,1.6500000000000001
-19,-20,1.6500000000000001
-19,-20,7.894885842446552
-19,-20,1.6500000000000001
-19,-20,1.6500000000000001
-19,-20,1.6500000000000001
-19,-20,1.6500000000000001
-19,-20,1.6500000000000001
-19,-20,1.6500000000000001
-19,-20,1.6500000000000001
-19,-20,1.6500000000000001
-19,-20,1.6500000000000001
-19,-20,3.2416532636044515
-19,-20,1.6500000000000001
-19,-20,1.6500000000000001
-19,-20,1.6500000000000001
-19,-20,1.6500000000000001
-19,-20,1.6500000000000001
-19,-20,1.6500000000000001
-19,-20,1.6500000000000001
-19,-20,1.6500000000000001
-19,-20,1.6500000000000001
-19,-20,1.6500000000000001
-19,-20,1.6500000000000001
-19,-20,1.6500000000000001
-19,-20,1.6500000000000001
-19,-20,1.6500000000000001
-19,-20,3.1577433783300144
-19,-20,1.6500000000000001
-19,-20,1.6500000000000001
-19,-20,1.6500000000000001
-19,-20,1.6500000000000001
-19,-20,1.6500000000000001
-19,-20,1.6500000000000001
-19,-20,1.6500000000000001
-19,-20,1.6500000000000001
-19,-20,1.6500000000000001
-19,-20,1.6500000000000001
-19,-20,1.6500000000000001
-19,-20,1.6500000000000001
-19,-20,1.6500000000000001
-19,-20,1.6500000000000001
-19,-20,1.6500000000000001
-19,-20,1.6500000000000001
-19,-20,19.39552954204654
-19,-20,1.6500000000000001
-19,-20,1.6500000000000001
-19,-20,1.6500000000000001
-19,-20,1.6500000000000001
-19,-20,1.6500000000000001
-19,-20,1.6500000000000001
-19,-20,1.6500000000000001
-19,-20,1.6500000000000001
-19,-20,1.6500000000000001
-19,-20,1.6500000000000001
-19,-20,1.6500000000000001
-19,-20,1.6500000000000001
-19,-20,1.6500000000000001
-19,-20,1.6500000000000001
-19,-20,1.6500000000000001
-19,-20,1.6500000000000001
-19,-20,1.6500000000000001
-19,-20,1.6500000000000001
-19,-20,1.6500000000000001
-19,-20,1.6500000000000001
-19,-20,1.6500000000000001
-19,-20,1.6500000000000001
-19,-20,1.6500000000000001
-19,-20,1.6500000000000001
-19,-20,1.6500000000000001
-19,-20,1.6500000000000001
-19,-20,1.6500000000000001
-19,-20,1.6500000000000001
-19,-20,1.6500000000000001
-19,-20,1.6500000000000001
-19,-20,3.1819407203592647
-19,-20,1.6500000000000001
-19,-20,1.6500000000000001
-19,-20,1.6500000000000001
-19,-20,1.6500000000000001
-19,-20,1.6500000000000001
-19,-20,1.6500000000000001
-19,-20,1.6500000000000001
-19,-20,1.6500000000000001
-19,-20,13.470585093000501
-19,-20,1.6500000000000001
-19,-20,1.6500000000000001
-19,-20,1.6500000000000001
-19,-20,1.6500000000000001
-19,-20,1.6500000000000001
-19,-20,1.6500000000000001
-19,-20,1.6500000000000001
-19,-20,1.6500000000000001
-19,-20,1.6500000000000001
-19,-20,1.6500000000000001
-19,-20,1.6500000000000001
-19,-20,1.6500000000000001
-19,-20,1.6500000000000001
-20,-20,1.6500000000000001
-20,-20,19.780342436388374
-20,-20,1.6500000000000001
-20,-20,1.6500000000000001
-20,-20,1.6500000000000001
-20,-20,1.6500000000000001
-20,-20,1.6500000000000001
-20,-20,1.6500000000000001
-20,-20,1.6500000000000001
-20,-20,1.6500000000000001
-20,-20,1.6500000000000001
-20,-20,8.738032538489175
-20,-20,1.6500000000000001
-20,-20,1.6500000000000001
-20,-20,1.6500000000000001
-20,-20,1.6500000000000001
-20,-20,1.6500000000000001
-20,-20,1.6500000000000001
-20,-20,1.6500000000000001
-20,-20,1.6500000000000001
-20,-20,1.6500000000000001
-20,-20,1.6500000000000001
-20,-20,1.6500000000000001
-20,-20,1.6500000000000001
-20,-20,1.6500000000000001
-20,-20,1.6500000000000001
-20,-20,1.6500000000000001
-20,-20,1.6500000000000001
-20,-20,1.6500000000000001
-20,-20,1.6500000000000001
-20,-20,1.6500000000000001
-20,-20,1.6500000000000001
-20,-20,10.438784423347169
-20,-20,1.6500000000000001
-20,-20,1.6500000000000001
-20,-20,1.6500000000000001
-20,-20,1.6500000000000001
-20,-20,1.6500000000000001
-20,-20,1.6500000000000001
-20,-20,1.6500000000000001
-20,-20,1.6500000000000001
-20,-20,1.6500000000000001
-20,-20,1.6500000000000001
-20,-20,1.6500000000000001
-20,-20,13.813112919448209
-20,-20,13.57348975368042
-20,-20,1.6500000000000001
-20,-20,1.6500000000000001
-20,-20,1.6500000000000001
-20,-20,1.6500000000000001
-20,-20,1.6500000000000001
-20,-20,1.6500000000000001
-20,-20,1.6500000000000001
-20,-20,1.6500000000000001
-20,-20,1.6500000000000001
-20,-20,5.613658845627132
-20,-20,1.6500000000000001
-20,-20,1.6500000000000001
-20,-20,1.6500000000000001
-20,-20,1.6500000000000001
-20,-20,1.6500000000000001
-20,-20,1.6500000000000001
-20,-20,1.6500000000000001
-20,-20,1.6500000000000001
-20,-20,1.6500000000000001
-20,-20,1.6500000000000001
-20,-20,1.6500000000000001
-20,-20,1.6500000000000001
-20,-20,1.6500000000000001
-20,-20,1.6500000000000001
-20,-20,1.6500000000000001
-20,-20,1.6500000000000001
-20,-20,1.6500000000000001
-20,-20,1.6500000000000001
-20,-20,1.6500000000000001
-20,-20,1.6500000000000001
-20,-20,9.922530744100147
-20,-20,1.6500000000000001
-20,-20,1.6500000000000001
-20,-20,1.6500000000000001
-20,-20,1.6500000000000001
-20,-20,1.6500000000000001
-20,-20,1.6500000000000001
-20,-20,1.6500000000000001
-20,-20,1.6500000000000001
-20,-20,1.6500000000000001
-20,-20,1.6500000000000001
-20,-20,1.6500000000000001
-20,-20,1.6500000000000001
-20,-20,1.6500000000000001
-20,-20,1.6500000000000001
-20,-20,1.6500000000000001
-20,-20,1.6500000000000001
-20,-20,1.6500000000000001
-20,-20,1.6500000000000001
-20,-20,1.6500000000000001
-20,-20,1.6500000000000001
-20,-20,1.6500000000000001
-20,-20,1.6500000000000001
-20,-20,1.6500000000000001
-20,-20,1.6500000000000001
-20,-20,1.6500000000000001
-20,-20,1.6500000000000001
-20,-20,1.6500000000000001
-20,-20,1.6500000000000001
-20,-20,1.6500000000000001
-20,-20,1.6500000000000001
-20,-20,1.6500000000000001
-20,-20,1.6500000000000001
-20,-20,1.6500000000000001
-20,-20,1.6500000000000001
-20,-20,1.6500000000000001
-20,-20,1.6500000000000001
-20,-20,1.6500000000000001
-20,-20,1.6500000000000001
-20,-20,1.6500000000000001
-20,-20,1.6500000000000001
-20,-20,1.6500000000000001
-20,-20,1.6500000000000001
-20,-20,1.6500000000000001
-20,-20,1.6500000000000001
-20,-20,1.6500000000000001
-19,-20,1.6500000000000001
-19,-20,1.6500000000000001
-19,-20,1.6500000000000001
-19,-20,1.6500000000000001
-19,-20,1.6500000000000001
-19,-20,1.6500000000000001
-19,-20,1.6500000000000001
-19,-20,1.6500000000000001
-19,-20,1.6500000000000001
-19,-20,1.6500000000000001
-19,-20,1.6500000000000001
-19,-20,1.6500000000000001
-19,-20,1.6500000000000001
-19,-20,1.6500000000000001
-19,-20,1.6500000000000001
-19,-20,1.6500000000000001
-19,-20,1.6500000000000001
-19,-20,1.6500000000000001
-19,-20,1.6500000000000001
-19,-20,1.6500000000000001
-19,-20,1.6500000000000001
-19,-20,1.6500000000000001
-19,-20,1.6500000000000001
-19,-20,1.6500000000000001
-19,-20,1.6500000000000001
-19,-20,4.621136369711039
-19,-20,1.6500000000000001
-19,-20,1.6500000000000001
-19,-20,1.6500000000000001
-19,-20,1.6500000000000001
-19,-20,1.6500000000000001
-19,-20,1.6500000000000001
-19,-20,1.6500000000000001
-19,-20,1.6500000000000001
-19,-20,8.968148454861495
-19,-20,1.6500000000000001
-19,-20,1.6500000000000001
-19,-20,1.6500000000000001
-19,-20,1.6500000000000001
-19,-20,1.6500000000000001
-19,-20,1.6500000000000001
-19,-20,1.6500000000000001
-19,-20,1.6500000000000001
-19,-20,1.6500000000000001
-19,-20,1.6500000000000001
-19,-20,1.6500000000000001
-19,-20,1.6500000000000001
-19,-20,19.28849728887722
-19,-20,1.6500000000000001
-19,-20,1.6500000000000001
-19,-20,1.6500000000000001
-19,-20,1.6500000000000001
-19,-20,1.6500000000000001
-19,-20,22.87608989579801
-19,-20,1.6500000000000001
-19,-20,1.6500000000000001
-19,-20,1.6500000000000001
-19,-20,1.6500000000000001
-19,-20,1.6500000000000001
-19,-20,1.6500000000000001
-19,-20,1.6927010696503544
-19,-20,1.6500000000000001
-19,-20,1.6500000000000001
-19,-20,1.6500000000000001
-19,-20,1.6500000000000001
-19,-20,1.6500000000000001
-19,-20,1.6500000000000001
-19,-20,1.6500000000000001
-19,-20,4.295952351160469
-19,-20,1.6500000000000001
-19,-20,1.6500000000000001
-19,-20,1.6500000000000001
-19,-20,1.6500000000000001
-19,-20,1.6500000000000001
-19,-20,1.6500000000000001
-19,-20,1.6500000000000001
-19,-20,1.6500000000000001
-19,-20,1.6500000000000001
-19,-20,1.6500000000000001
-19,-20,1.6500000000000001
-19,-20,1.6500000000000001
-19,-20,1.6500000000000001
-19,-20,1.6500000000000001
-19,-20,1.6500000000000001
-19,-20,1.6500000000000001
-19,-20,1.6500000000000001
-19,-20,1.6500000000000001
-19,-20,1.6500000000000001
-19,-20,1.6500000000000001
-19,-20,1.6500000000000001
-19,-20,1.6500000000000001
-19,-20,1.6500000000000001
-19,-20,1.6500000000000001
-19,-20,1.6500000000000001
-19,-20,1.6500000000000001
-19,-20,1.6500000000000001
-19,-20,1.6500000000000001
-19,-20,1.6500000000000001
-19,-20,1.6500000000000001
-19,-20,1.6500000000000001
-19,-20,1.6500000000000001
-19,-20,1.6500000000000001
-19,-20,1.6500000000000001
-19,-20,1.6500000000000001
-19,-20,6.981876896184332
-19,-20,1.6500000000000001
-19,-20,8.899542470812243
-19,-20,1.6500000000000001
-19,-20,1.6500000000000001
-19,-20,7.241712096926392
-19,-20,1.6500000000000001
-19,-20,1.6500000000000001
-19,-20,1.6500000000000001
-19,-20,1.6500000000000001
-19,-20,1.6500000000000001
-19,-20,1.6500000000000001
-19,-20,1.6500000000000001
-19,-20,1.6500000000000001
-19,-20,1.6500000000000001
-19,-20,1.6500000000000001
-19,-20,1.6500000000000001
-19,-20,1.6500000000000001
-19,-20,3.494906633922053
-19,-19,1.6500000000000001
-19,-19,1.6500000000000001
-19,-19,1.6500000000000001
-19,-19,1.6500000000000001
-19,-19,1.6500000000000001
-19,-19,1.6500000000000001
-19,-19,1.6500000000000001
-19,-19,1.6500000000000001
-19,-19,1.6500000000000001
-19,-19,1.6500000000000001
-19,-19,5.018349622204624
-19,-19,2.6111028780280527
-19,-19,1.6500000000000001
-19,-19,1.6500000000000001
-19,-19,8.27190423971437
-19,-19,5.96563642113772
-19,-19,1.6500000000000001
-19,-19,1.6500000000000001
-19,-19,3.5240356749224944
-19,-19,1.6500000000000001
-19,-19,1.6500000000000001
-19,-19,1.6500000000000001
-19,-19,1.6500000000000001
-19,-19,1.6500000000000001
-19,-19,1.6500000000000001
-19,-19,1.6500000000000001
-19,-19,1.6500000000000001
-19,-19,1.6500000000000001
-19,-19,1.6500000000000001
-19,-19,1.6500000000000001
-19,-19,1.6500000000000001
-19,-19,1.6500000000000001
-19,-19,1.6500000000000001
-19,-19,1.6500000000000001
-19,-19,1.6500000000000001
-19,-19,1.6500000000000001
-19,-19,1.6500000000000001
-19,-19,1.6500000000000001
-19,-19,1.6500000000000001
-19,-19,1.6500000000000001
-19,-19,1.6500000000000001
-19,-19,1.6500000000000001
-19,-19,1.6500000000000001
-19,-19,8.61864725470565
-19,-19,1.6500000000000001
-19,-19,1.6500000000000001
-19,-19,1.6500000000000001
-19,-19,16.251592669770947
-19,-19,1.6500000000000001
-19,-19,10.791853363604634
-19,-19,2.0026249779639542
-19,-19,1.6500000000000001
-19,-19,1.6500000000000001
-19,-19,1.6500000000000001
-19,-19,7.014818051845282
-19,-19,1.6500000000000001
-19,-19,1.6500000000000001
-19,-19,1.6500000000000001
-19,-19,1.6500000000000001
-19,-19,1.6500000000000001
-19,-19,1.6500000000000001
-19,-19,1.6500000000000001
-19,-19,1.6500000000000001
-19,-19,1.6500000000000001
-19,-19,1.6500000000000001
-19,-19,1.6500000000000001
-19,-19,1.6500000000000001
-19,-19,1.6500000000000001
-19,-19,1.6500000000000001
-19,-19,1.6500000000000001
-19,-19,1.6500000000000001
-19,-19,1.6500000000000001
-19,-19,1.6500000000000001
-19,-19,1.6500000000000001
-19,-19,1.6500000000000001
-19,-19,19.30127358320863
-19,-19,1.6500000000000001
-19,-19,1.6500000000000001
-19,-19,1.6500000000000001
-19,-19,1.6500000000000001
-19,-19,1.6500000000000001
-19,-19,1.6500000000000001
-19,-19,1.6500000000000001
-19,-19,1.6500000000000001
-19,-19,1.6500000000000001
-19,-19,1.6500000000000001
-19,-19,1.6500000000000001
-19,-19,1.6500000000000001
-19,-19,1.6500000000000001
-19,-19,1.6500000000000001
-19,-19,1.6500000000000001
-19,-19,1.6500000000000001
-19,-19,1.6500000000000001
-19,-19,1.6500000000000001
-19,-19,1.6500000000000001
-19,-19,1.6500000000000001
-19,-19,4.612144059385642
-19,-19,1.6500000000000001
-19,-19,1.6500000000000001
-19,-19,1.6500000000000001
-19,-19,10.032122799993807
-19,-19,1.6500000000000001
-19,-19,1.6500000000000001
-19,-19,1.6500000000000001
-19,-19,1.6500000000000001
-19,-19,1.6500000000000001
-19,-19,1.6500000000000001
-19,-19,1.6500000000000001
-19,-19,1.6500000000000001
-19,-19,1.6500000000000001
-19,-19,4.54312178495352
-19,-19,1.6500000000000001
-19,-19,1.6500000000000001
-19,-19,1.6500000000000001
-19,-19,1.6500000000000001
-19,-19,1.6500000000000001
-19,-19,1.6500000000000001
-19,-19,1.6500000000000001
-19,-19,1.6500000000000001
-19,-19,1.6500000000000001
-19,-19,1.6500000000000001
-19,-19,1.6500000000000001
-18,-19,1.6500000000000001
-18,-19,1.6500000000000001
-18,-19,12.158812479394467
-18,-19,1.6500000000000001
-18,-19,1.6500000000000001
-18,-19,1.6500000000000001
-18,-19,1.6500000000000001
-18,-19,1.6500000000000001
-18,-19,1.6500000000000001
-18,-19,1.6500000000000001
-18,-19,1.6500000000000001
-18,-19,1.6500000000000001
-18,-19,1.6500000000000001
-18,-19,1.6500000000000001
-18,-19,1.6500000000000001
-18,-19,1.6500000000000001
-18,-19,1.6500000000000001
-18,-19,1.6500000000000001
-18,-19,1.6500000000000001
-18,-19,1.6500000000000001
-18,-19,1.6500000000000001
-18,-19,8.328655392750662
-18,-19,1.6500000000000001
-18,-19,1.6500000000000001
-18,-19,1.6500000000000001
-18,-19,1.6500000000000001
-18,-19,1.6500000000000001
-18,-19,1.6500000000000001
-18,-19,1.6500000000000001
-18,-19,1.6500000000000001
-18,-19,1.6500000000000001
-18,-19,1.6500000000000001
-18,-19,1.6500000000000001
-18,-19,1.6500000000000001
-18,-19,1.6500000000000001
-18,-19,1.6500000000000001
-18,-19,1.6500000000000001
-18,-19,1.6500000000000001
-18,-19,1.6500000000000001
-18,-19,1.6500000000000001
-18,-19,1.6500000000000001
-18,-19,1.6500000000000001
-18,-19,1.6500000000000001
-18,-19,1.6500000000000001
-18,-19,1.6500000000000001
-18,-19,1.6500000000000001
-18,-19,1.6500000000000001
-18,-19,1.6500000000000001
-18,-19,1.6500000000000001
-18,-19,1.6500000000000001
-18,-19,1.6500000000000001
-18,-19,1.6500000000000001
-18,-19,3.3804952642754884
-18,-19,1.6500000000000001
-18,-19,1.6500000000000001
-18,-19,1.6500000000000001
-18,-19,1.6500000000000001
-18,-19,1.6500000000000001
-18,-19,1.6500000000000001
-18,-19,1.6500000000000001
-18,-19,1.6500000000000001
-18,-19,1.6500000000000001
-18,-19,3.690124549610168
-18,-19,5.6284700232293545
-18,-19,1.6500000000000001
-18,-19,1.6500000000000001
-18,-19,1.6500000000000001
-18,-19,1.6500000000000001
-18,-19,1.6500000000000001
-18,-19,24.629212326244954
-18,-19,1.6500000000000001
-18,-19,1.6500000000000001
-18,-19,1.6500000000000001
-18,-19,1.6500000000000001
-18,-19,1.6500000000000001
-18,-19,1.6500000000000001
-18,-19,1.6500000000000001
-18,-19,1.6500000000000001
-18,-19,1.6500000000000001
-18,-19,1.6500000000000001
-18,-19,1.6500000000000001
-18,-19,1.6500000000000001
-18,-19,1.6500000000000001
-18,-19,1.6500000000000001
-18,-19,1.6500000000000001
-18,-19,1.6500000000000001
-18,-19,5.436302803134222
-18,-19,1.6500000000000001
-18,-19,1.6500000000000001
-18,-19,1.6500000000000001
-18,-19,1.6500000000000001
-18,-19,1.6500000000000001
-18,-19,1.6500000000000001
-18,-19,1.6500000000000001
-18,-19,1.6500000000000001
-18,-19,1.6500000000000001
-18,-19,1.6500000000000001
-18,-19,1.6500000000000001
-18,-19,1.6500000000000001
-18,-19,1.6500000000000001
-18,-19,1.6500000000000001
-18,-19,1.6500000000000001
-18,-19,1.6500000000000001
-18,-19,1.6500000000000001
-18,-19,1.6500000000000001
-18,-19,1.6500000000000001
-18,-19,1.6500000000000001
-18,-19,1.6500000000000001
-18,-19,1.6500000000000001
-18,-19,1.6500000000000001
-18,-19,1.6500000000000001
-18,-19,1.6500000000000001
-18,-19,7.54325541150034
-18,-19,1.6500000000000001
-18,-19,1.6500000000000001
-18,-19,1.6500000000000001
-18,-19,1.6500000000000001
-18,-19,1.6500000000000001
-18,-19,1.6500000000000001
-18,-19,1.6500000000000001
-18,-19,1.6500000000000001
-18,-19,1.6500000000000001
-19,-19,1.6500000000000001
-19,-19,1.6500000000000001
-19,-19,1.6500000000000001
-19,-19,1.6500000000000001
-19,-19,1.6500000000000001
-19,-19,1.6500000000000001
-19,-19,1.6500000000000001
-19,-19,1.6500000000000001
-19,-19,1.6500000000000001
-19,-19,1.6500000000000001
-19,-19,1.6500000000000001
-19,-19,1.6500000000000001
-19,-19,1.6500000000000001
-19,-19,1.6500000000000001
-19,-19,4.94816068952985
-19,-19,1.6500000000000001
-19,-19,1.6500000000000001
-19,-19,1.6500000000000001
-19,-19,1.6500000000000001
-19,-19,1.6500000000000001
-19,-19,1.6500000000000001
-19,-19,1.6500000000000001
-19,-19,1.6500000000000001
-19,-19,1.6500000000000001
-19,-19,1.6500000000000001
-19,-19,1.6500000000000001
-19,-19,1.6500000000000001
-19,-19,1.6500000000000001
-19,-19,1.6500000000000001
-19,-19,1.6500000000000001
-19,-19,1.6500000000000001
-19,-19,1.6500000000000001
-19,-19,1.6500000000000001
-19,-19,9.690851399311349
-19,-19,1.6500000000000001
-19,-19,1.6500000000000001
-19,-19,1.6500000000000001
-19,-19,1.6500000000000001
-19,-19,1.6500000000000001
-19,-19,1.6500000000000001
-19,-19,1.6500000000000001
-19,-19,1.6500000000000001
-19,-19,1.6500000000000001
-19,-19,1.6500000000000001
-19,-19,1.6500000000000001
-19,-19,16.923317343514142
-19,-19,1.6500000000000001
-19,-19,1.6500000000000001
-19,-19,1.6500000000000001
-19,-19,1.6500000000000001
-19,-19,1.6500000000000001
-19,-19,1.6500000000000001
-19,-19,1.6500000000000001
-19,-19,1.6500000000000001
-19,-19,1.6500000000000001
-19,-19,1.6500000000000001
-19,-19,1.6500000000000001
-19,-19,1.6500000000000001
-19,-19,1.6500000000000001
-19,-19,1.6500000000000001
-19,-19,1.6500000000000001
-19,-19,1.6500000000000001
-19,-19,1.6500000000000001
-19,-19,1.6500000000000001
-19,-19,1.6500000000000001
-19,-19,1.6500000000000001
-19,-19,4.75360394922447
-19,-19,1.6500000000000001
-19,-19,1.6500000000000001
-19,-19,4.246097722466789
-19,-19,1.6500000000000001
-19,-19,1.6500000000000001
-19,-19,1.6500000000000001
-19,-19,1.6500000000000001
-19,-19,1.6500000000000001
-19,-19,1.6500000000000001
-19,-19,1.6500000000000001
-19,-19,1.6500000000000001
-19,-19,1.6500000000000001
-19,-19,1.6500000000000001
-19,-19,1.6500000000000001
-19,-19,1.6500000000000001
-19,-19,1.6500000000000001
-19,-19,1.6500000000000001
-19,-19,8.253446617210933
-19,-19,1.6500000000000001
-19,-19,1.6500000000000001
-19,-19,2.401119226569641
-19,-19,1.6500000000000001
-19,-19,1.6500000000000001
-19,-19,1.6500000000000001
-19,-19,1.6500000000000001
-19,-19,1.6500000000000001
-19,-19,1.6500000000000001
-19,-19,1.6500000000000001
-19,-19,1.6500000000000001
-19,-19,1.6500000000000001
-19,-19,1.6500000000000001
-19,-19,1.6500000000000001
-19,-19,1.6500000000000001
-19,-19,5.4571054859910255
-19,-19,1.6500000000000001
-19,-19,1.6500000000000001
-19,-19,1.6500000000000001
-19,-19,1.6500000000000001
-19,-19,1.6500000000000001
-19,-19,1.6500000000000001
-19,-19,1.6500000000000001
-19,-19,1.6500000000000001
-19,-19,1.6500000000000001
-19,-19,1.6500000000000001
-19,-19,2.4736872570340225
-19,-19,1.6500000000000001
-19,-19,1.6500000000000001
-19,-19,1.6500000000000001
-19,-19,1.6500000000000001
-19,-19,1.6500000000000001
-19,-19,1.6500000000000001
-19,-19,1.6500000000000001
-19,-19,1.6500000000000001
-19,-19,1.6500000000000001
-19,-19,8.328385731655146
-19,-18,1.6500000000000001
-19,-18,1.6500000000000001
-19,-18,1.6500000000000001
-19,-18,1.6500000000000001
-19,-18,1.6500000000000001
-19,-18,1.6500000000000001
-19,-18,1.6500000000000001
-19,-18,1.6500000000000001
-19,-18,1.6500000000000001
-19,-18,1.6500000000000001
-19,-18,1.6500000000000001
-19,-18,1.6500000000000001
-19,-18,1.6500000000000001
-19,-18,1.6500000000000001
-19,-18,1.6500000000000001
-19,-18,1.6500000000000001
-19,-18,1.6500000000000001
-19,-18,1.6500000000000001
-19,-18,1.6500000000000001
-19,-18,1.6500000000000001
-19,-18,1.6500000000000001
-19,-18,1.6500000000000001
-19,-18,1.6500000000000001
-19,-18,1.6500000000000001
-19,-18,1.6500000000000001
-19,-18,1.6500000000000001
-19,-18,1.6500000000000001
-19,-18,1.6500000000000001
-19,-18,1.6500000000000001
-19,-18,1.6500000000000001
-19,-18,1.6500000000000001
-19,-18,7.39245365033447
-19,-18,1.6500000000000001
-19,-18,1.6500000000000001
-19,-18,1.6500000000000001
-19,-18,10.724405862393517
-19,-18,1.6500000000000001
-19,-18,1.6500000000000001
-19,-18,1.6500000000000001
-19,-18,1.6500000000000001
-19,-18,1.6500000000000001
-19,-18,1.6500000000000001
-19,-18,1.6500000000000001
-19,-18,1.6500000000000001
-19,-18,1.6500000000000001
-19,-18,1.6500000000000001
-19,-18,6.309812740089768
-19,-18,1.6500000000000001
-19,-18,1.6500000000000001
-19,-18,1.6500000000000001
-19,-18,1.6500000000000001
-19,-18,1.6500000000000001
-19,-18,1.6500000000000001
-19,-18,1.6500000000000001
-19,-18,1.6500000000000001
-19,-18,1.6500000000000001
-19,-18,1.6500000000000001
-19,-18,1.6500000000000001
-19,-18,1.6500000000000001
-19,-18,1.6500000000000001
-19,-18,5.868587663859159
-19,-18,1.6500000000000001
-19,-18,1.6500000000000001
-19,-18,1.6500000000000001
-19,-18,1.6500000000000001
-19,-18,1.6500000000000001
-19,-18,1.6500000000000001
-19,-18,9.965501762359377
-19,-18,1.6500000000000001
-19,-18,1.6500000000000001
-19,-18,1.6500000000000001
-19,-18,1.6500000000000001
-19,-18,1.6500000000000001
-19,-18,1.6500000000000001
-19,-18,1.6500000000000001
-19,-18,1.6500000000000001
-19,-18,1.6500000000000001
-19,-18,1.6500000000000001
-19,-18,1.6500000000000001
-19,-18,1.6500000000000001
-19,-18,1.6500000000000001
-19,-18,1.6500000000000001
-19,-18,1.6500000000000001
-19,-18,1.6500000000000001
-19,-18,1.6500000000000001
-19,-18,1.6500000000000001
-19,-18,1.6500000000000001
-19,-18,1.6500000000000001
-19,-18,1.6500000000000001
-19,-18,1.6500000000000001
-19,-18,1.6500000000000001
-19,-18,1.6500000000000001
-19,-18,1.6500000000000001
-19,-18,1.6500000000000001
-19,-18,1.6500000000000001
-19,-18,1.6500000000000001
-19,-18,1.6500000000000001
-19,-18,1.6500000000000001
-19,-18,1.6500000000000001
-19,-18,1.6500000000000001
-19,-18,1.6500000000000001
-19,-18,1.6500000000000001
-19,-18,1.6500000000000001
-19,-18,1.6500000000000001
-19,-18,1.6500000000000001
-19,-18,1.6500000000000001
-19,-18,1.6500000000000001
-19,-18,1.6500000000000001
-19,-18,1.6500000000000001
-19,-18,1.6500000000000001
-19,-18,1.6500000000000001
-19,-18,1.6500000000000001
-19,-18,1.6500000000000001
-19,-18,1.6500000000000001
-19,-18,1.6500000000000001
-19,-18,1.6500000000000001
-19,-18,1.6500000000000001
-19,-18,1.6500000000000001
-19,-18,1.6500000000000001
-19,-18,1.6500000000000001
-19,-18,1.6500000000000001
-19,-18,1.6500000000000001
-19,-18,1.6500000000000001
-20,-18,1.6500000000000001
-20,-18,1.6500000000000001
-20,-18,1.6500000000000001
-20,-18,1.6500000000000001
-20,-18,1.6500000000000001
-20,-18,1.6500000000000001
-20,-18,9.127509476817625
-20,-18,1.6500000000000001
-20,-18,1.6500000000000001
-20,-18,1.6500000000000001
-20,-18,1.6500000000000001
-20,-18,1.6500000000000001
-20,-18,1.6500000000000001
-20,-18,1.6500000000000001
-20,-18,1.6500000000000001
-20,-18,1.6500000000000001
-20,-18,5.798398245286869
-20,-18,1.6500000000000001
-20,-18,1.6500000000000001
-20,-18,1.6500000000000001
-20,-18,1.6500000000000001
-20,-18,1.6500000000000001
-20,-18,1.6500000000000001
-20,-18,1.6500000000000001
-20,-18,1.6500000000000001
-20,-18,1.6500000000000001
-20,-18,1.6500000000000001
-20,-18,1.6500000000000001
-20,-18,1.6500000000000001
-20,-18,1.6500000000000001
-20,-18,1.6500000000000001
-20,-18,1.6500000000000001
-20,-18,1.6500000000000001
-20,-18,1.6500000000000001
-20,-18,1.6500000000000001
-20,-18,1.6500000000000001
-20,-18,1.6500000000000001
-20,-18,1.6500000000000001
-20,-18,1.6500000000000001
-20,-18,17.02438187275301
-20,-18,5.340600513252095
-20,-18,1.6500000000000001
-20,-18,1.6500000000000001
-20,-18,1.6500000000000001
-20,-18,1.6500000000000001
-20,-18,1.6500000000000001
-20,-18,1.6500000000000001
-20,-18,1.6500000000000001
-20,-18,1.6500000000000001
-20,-18,1.6500000000000001
-20,-18,1.6500000000000001
-20,-18,1.6500000000000001
-20,-18,1.6500000000000001
-20,-18,1.6500000000000001
-20,-18,1.6500000000000001
-20,-18,1.6500000000000001
-20,-18,1.6500000000000001
-20,-18,13.700160737982415
-20,-18,1.6500000000000001
-20,-18,1.6500000000000001
-20,-18,7.215980072624031
-20,-18,1.6500000000000001
-20,-18,1.6500000000000001
-20,-18,1.6500000000000001
-20,-18,1.6500000000000001
-20,-18,1.6500000000000001
-20,-18,1.6500000000000001
-20,-18,1.6500000000000001
-20,-18,1.6500000000000001
-20,-18,1.6500000000000001
-20,-18,1.6500000000000001
-20,-18,1.6500000000000001
-20,-18,1.6500000000000001
-20,-18,1.6500000000000001
-20,-18,1.8407250909450923
-20,-18,1.6500000000000001
-20,-18,1.6500000000000001
-20,-18,1.6500000000000001
-20,-18,1.6500000000000001
-20,-18,1.6500000000000001
-20,-18,1.6500000000000001
-20,-18,1.6500000000000001
-20,-18,4.1696350462194065
-20,-18,1.7433426735161923
-20,-18,3.476332926865627
-20,-18,1.6500000000000001
-20,-18,1.6500000000000001
-20,-18,17.3508564201265
-20,-18,7.486611266444477
-20,-18,1.6500000000000001
-20,-18,1.6500000000000001
-20,-18,1.6500000000000001
-20,-18,1.6500000000000001
-20,-18,1.6500000000000001
-20,-18,1.6500000000000001
-20,-18,1.6500000000000001
-20,-18,1.6500000000000001
-20,-18,1.6500000000000001
-20,-18,1.6500000000000001
-20,-18,1.6500000000000001
-20,-18,1.6500000000000001
-20,-18,1.6500000000000001
-20,-18,1.6500000000000001
-20,-18,1.6500000000000001
-20,-18,1.6500000000000001
-20,-18,1.6500000000000001
-20,-18,1.6500000000000001
-20,-18,1.6500000000000001
-20,-18,1.6500000000000001
-20,-18,1.6500000000000001
-20,-18,1.6500000000000001
-20,-18,1.6500000000000001
-20,-18,1.6500000000000001
-20,-18,1.6500000000000001
-20,-18,1.6500000000000001
-20,-18,1.6500000000000001
-20,-18,1.6500000000000001
-20,-18,1.6500000000000001
-20,-18,1.6500000000000001
-20,-18,1.6500000000000001
-20,-18,1.6500000000000001
-20,-18,1.6500000000000001
-20,-17,1.6500000000000001
-20,-17,1.6500000000000001
-20,-17,1.6500000000000001
-20,-17,1.6500000000000001
-20,-17,1.6500000000000001
-20,-17,1.6500000000000001
-20,-17,1.6500000000000001
-20,-17,1.6500000000000001
-20,-17,1.6500000000000001
-20,-17,8.42631576479415
-20,-17,1.6500000000000001
-20,-17,1.6500000000000001
-20,-17,1.6500000000000001
-20,-17,1.6500000000000001
-20,-17,1.6500000000000001
-20,-17,1.6500000000000001
-20,-17,1.6500000000000001
-20,-17,1.6500000000000001
-20,-17,11.667383074760554
-20,-17,1.6500000000000001
-20,-17,1.6500000000000001
-20,-17,1.6500000000000001
-20,-17,1.6500000000000001
-20,-17,1.6500000000000001
-20,-17,1.6500000000000001
-20,-17,1.6500000000000001
-20,-17,1.6500000000000001
-20,-17,1.6500000000000001
-20,-17,1.6500000000000001
-20,-17,1.6500000000000001
-20,-17,1.6500000000000001
-20,-17,1.6500000000000001
-20,-17,1.6500000000000001
-20,-17,1.6500000000000001
-20,-17,1.6500000000000001
-20,-17,1.6500000000000001
-20,-17,1.6500000000000001
-20,-17,1.6500000000000001
-20,-17,1.6500000000000001
-20,-17,1.6500000000000001
-20,-17,1.6500000000000001
-20,-17,1.6500000000000001
-20,-17,1.6500000000000001
-20,-17,1.6500000000000001
-20,-17,1.6500000000000001
-20,-17,1.6500000000000001
-20,-17,1.6500000000000001
-20,-17,1.6500000000000001
-20,-17,1.6500000000000001
-20,-17,1.6500000000000001
-20,-17,1.6500000000000001
-20,-17,1.6500000000000001
-20,-17,1.6500000000000001
-20,-17,1.6500000000000001
-20,-17,1.6500000000000001
-20,-17,6.04767009225225
-20,-17,1.6500000000000001
-20,-17,1.6500000000000001
-20,-17,1.6500000000000001
-20,-17,1.6500000000000001
-20,-17,1.6500000000000001
-20,-17,1.6500000000000001
-20,-17,1.6500000000000001
-20,-17,1.6500000000000001
-20,-17,1.6500000000000001
-20,-17,9.591391238103888
-20,-17,2.9763783068013154
-20,-17,1.6500000000000001
-20,-17,1.6500000000000001
-20,-17,1.6500000000000001
-20,-17,1.6500000000000001
-20,-17,1.6500000000000001
-20,-17,1.6500000000000001
-20,-17,1.6500000000000001
-20,-17,1.6500000000000001
-20,-17,1.6500000000000001
-20,-17,1.6500000000000001
-20,-17,1.6500000000000001
-20,-17,4.438785670849006
-20,-17,1.6500000000000001
-20,-17,1.6500000000000001
-20,-17,1.6500000000000001
-20,-17,1.6500000000000001
-20,-17,1.6500000000000001
-20,-17,1.6500000000000001
-20,-17,1.6500000000000001
-20,-17,1.6500000000000001
-20,-17,1.6500000000000001
-20,-17,1.6500000000000001
-20,-17,1.6500000000000001
-20,-17,1.6500000000000001
-20,-17,1.6500000000000001
-20,-17,1.6500000000000001
-20,-17,1.6500000000000001
-20,-17,1.6500000000000001
-20,-17,1.6500000000000001
-20,-17,1.6500000000000001
-20,-17,1.6500000000000001
-20,-17,1.6500000000000001
-20,-17,1.6500000000000001
-20,-17,1.6500000000000001
-20,-17,1.6500000000000001
-20,-17,1.6500000000000001
-20,-17,1.6500000000000001
-20,-17,1.6500000000000001
-20,-17,1.6500000000000001
-20,-17,1.6500000000000001
-20,-17,1.6500000000000001
-20,-17,1.6500000000000001
-20,-17,1.6500000000000001
-20,-17,1.6500000000000001
-20,-17,1.6500000000000001
-20,-17,1.6500000000000001
-20,-17,1.6500000000000001
-20,-17,1.8389350754158578
-20,-17,1.6500000000000001
-20,-17,5.1863993367052075
-20,-17,1.6500000000000001
-20,-17,1.6500000000000001
-20,-17,1.6500000000000001
-20,-17,1.6500000000000001
-20,-17,1.6500000000000001
-19,-17,2.511958483170366
-19,-17,1.6500000000000001
-19,-17,1.6500000000000001
-19,-17,1.6500000000000001
-19,-17,1.6500000000000001
-19,-17,1.6500000000000001
-19,-17,1.6500000000000001
-19,-17,1.6500000000000001
-19,-17,1.6500000000000001
-19,-17,8.282946120770752
-19,-17,1.6500000000000001
-19,-17,1.6500000000000001
-19,-17,1.6500000000000001
-19,-17,6.184741579251533
-19,-17,7.913150819452525
-19,-17,1.6500000000000001
-19,-17,1.6500000000000001
-19,-17,1.6500000000000001
-19,-17,1.6500000000000001
-19,-17,1.6500000000000001
-19,-17,1.6500000000000001
-19,-17,1.7771784212289283
-19,-17,1.6500000000000001
-19,-17,1.6500000000000001
-19,-17,1.6500000000000001
-19,-17,1.6500000000000001
-19,-17,1.6500000000000001
-19,-17,1.6500000000000001
-19,-17,1.6500000000000001
-19,-17,1.6500000000000001
-19,-17,1.6500000000000001
-19,-17,1.6500000000000001
-19,-17,1.6500000000000001
-19,-17,6.031612001995704
-19,-17,1.6500000000000001
-19,-17,1.6500000000000001
-19,-17,1.6500000000000001
-19,-17,1.6500000000000001
-19,-17,1.6500000000000001
-19,-17,18.169427213778082
-19,-17,1.6500000000000001
-19,-17,1.6500000000000001
-19,-17,1.6500000000000001
-19,-17,1.6500000000000001
-19,-17,1.6500000000000001
-19,-17,1.6500000000000001
-19,-17,1.6500000000000001
-19,-17,1.6500000000000001
-19,-17,1.6500000000000001
-19,-17,1.6500000000000001
-19,-17,3.805898704753785
-19,-17,8.825501920485507
-19,-17,1.6500000000000001
-19,-17,1.6500000000000001
-19,-17,1.6500000000000001
-19,-17,1.6500000000000001
-19,-17,1.6500000000000001
-19,-17,1.6500000000000001
-19,-17,1.6500000000000001
-19,-17,1.6500000000000001
-19,-17,7.148443367468875
-19,-17,1.6500000000000001
-19,-17,1.6500000000000001
-19,-17,1.6500000000000001
-19,-17,1.6500000000000001
-19,-17,1.6500000000000001
-19,-17,1.6500000000000001
-19,-17,1.6500000000000001
-19,-17,1.6500000000000001
-19,-17,1.6500000000000001
-19,-17,1.6500000000000001
-19,-17,1.9900355999028374
-19,-17,1.6500000000000001
-19,-17,1.6500000000000001
-19,-17,1.6500000000000001
-19,-17,1.6500000000000001
-19,-17,1.6500000000000001
-19,-17,1.6500000000000001
-19,-17,1.6500000000000001
-19,-17,1.6500000000000001
-19,-17,1.6500000000000001
-19,-17,1.6500000000000001
-19,-17,1.6500000000000001
-19,-17,1.6500000000000001
-19,-17,1.6500000000000001
-19,-17,1.6500000000000001
-19,-17,8.506423348467418
-19,-17,1.6500000000000001
-19,-17,1.6500000000000001
-19,-17,1.6500000000000001
-19,-17,1.6500000000000001
-19,-17,1.6500000000000001
-19,-17,1.6500000000000001
-19,-17,1.6500000000000001
-19,-17,1.6500000000000001
-19,-17,1.6500000000000001
-19,-17,1.6500000000000001
-19,-17,1.6500000000000001
-19,-17,4.78853298781835
-19,-17,1.6500000000000001
-19,-17,1.6500000000000001
-19,-17,1.6500000000000001
-19,-17,1.6500000000000001
-19,-17,1.6500000000000001
-19,-17,1.6500000000000001
-19,-17,1.6500000000000001
-19,-17,9.758837654757539
-19,-17,1.6500000000000001
-19,-17,1.6500000000000001
-19,-17,1.6500000000000001
-19,-17,1.6500000000000001
-19,-17,1.6500000000000001
-19,-17,1.6500000000000001
-19,-17,1.6500000000000001
-19,-17,1.6500000000000001
-19,-17,1.6500000000000001
-19,-17,1.6500000000000001
-19,-17,29.7
-19,-17,1.6500000000000001
-19,-17,1.6500000000000001
-19,-17,19.444107440865682
-19,-17,1.6500000000000001
-19,-16,1.6500000000000001
-19,-16,1.6500000000000001
-19,-16,1.6500000000000001
-19,-16,1.6500000000000001
-19,-16,1.6500000000000001
-19,-16,1.6500000000000001
-19,-16,1.6500000000000001
-19,-16,1.6500000000000001
-19,-16,1.6500000000000001
-19,-16,1.6500000000000001
-19,-16,1.6500000000000001
-19,-16,10.311324780248128
-19,-16,1.6500000000000001
-19,-16,1.6500000000000001
-19,-16,1.6500000000000001
-19,-16,1.6500000000000001
-19,-16,1.6500000000000001
-19,-16,1.6500000000000001
-19,-16,18.65641976017905
-19,-16,1.6500000000000001
-19,-16,1.6500000000000001
-19,-16,1.6500000000000001
-19,-16,1.6500000000000001
-19,-16,9.200497407965749
-19,-16,1.6500000000000001
-19,-16,1.6500000000000001
-19,-16,1.6500000000000001
-19,-16,7.864904715897644
-19,-16,1.6500000000000001
-19,-16,1.6500000000000001
-19,-16,1.6500000000000001
-19,-16,1.6500000000000001
-19,-16,1.6500000000000001
-19,-16,1.6500000000000001
-19,-16,1.6500000000000001
-19,-16,1.6500000000000001
-19,-16,1.6500000000000001
-19,-16,1.6500000000000001
-19,-16,1.6500000000000001
-19,-16,1.6500000000000001
-19,-16,1.6500000000000001
-19,-16,1.6500000000000001
-19,-16,1.6500000000000001
-19,-16,1.6500000000000001
-19,-16,1.6500000000000001
-19,-16,1.6500000000000001
-19,-16,1.6500000000000001
-19,-16,15.971215709338818
-19,-16,1.6500000000000001
-19,-16,2.7182468943464126
-19,-16,1.6500000000000001
-19,-16,1.6500000000000001
-19,-16,5.595796124036973
-19,-16,27.714693928129513
-19,-16,8.3663645689041
-19,-16,1.6500000000000001
-19,-16,3.325856306577357
-19,-16,1.6500000000000001
-19,-16,1.6500000000000001
-19,-16,17.46236214622586
-19,-16,1.6500000000000001
-19,-16,1.6500000000000001
-19,-16,1.6500000000000001
-19,-16,1.6500000000000001
-19,-16,1.6500000000000001
-19,-16,1.6500000000000001
-19,-16,1.6500000000000001
-19,-16,15.630939977674252
-19,-16,1.6500000000000001
-19,-16,1.6500000000000001
-19,-16,1.6500000000000001
-19,-16,1.6500000000000001
-19,-16,1.6500000000000001
-19,-16,1.6500000000000001
-19,-16,1.6500000000000001
-19,-16,1.6500000000000001
-19,-16,1.6500000000000001
-19,-16,1.6500000000000001
-19,-16,1.6500000000000001
-19,-16,1.6500000000000001
-19,-16,1.6500000000000001
-19,-16,1.6500000000000001
-19,-16,1.6500000000000001
-19,-16,8.208965156844958
-19,-16,1.6500000000000001
-19,-16,1.6500000000000001
-19,-16,1.6500000000000001
-19,-16,1.6500000000000001
-19,-16,12.61183694143515
-19,-16,1.6500000000000001
-19,-16,1.6500000000000001
-19,-16,1.6500000000000001
-19,-16,1.6500000000000001
-19,-16,1.6500000000000001
-19,-16,1.6500000000000001
-19,-16,1.6500000000000001
-19,-16,1.6500000000000001
-19,-16,1.6500000000000001
-19,-16,1.6500000000000001
-19,-16,1.6500000000000001
-19,-16,1.6500000000000001
-19,-16,1.6500000000000001
-19,-16,1.6500000000000001
-19,-16,1.6500000000000001
-19,-16,1.6500000000000001
-19,-16,1.6500000000000001
-19,-16,1.6500000000000001
-19,-16,1.6500000000000001
-19,-16,1.6500000000000001
-19,-16,1.6500000000000001
-19,-16,1.6500000000000001
-19,-16,1.6500000000000001
-19,-16,1.6500000000000001
-19,-16,1.6500000000000001
-19,-16,1.6500000000000001
-19,-16,6.270007772243666
-19,-16,1.6500000000000001
-19,-16,1.6500000000000001
-19,-16,1.6500000000000001
-19,-16,1.6500000000000001
-19,-16,1.6500000000000001
-19,-16,1.6500000000000001
-18,-16,1.6500000000000001
-18,-16,1.6500000000000001
-18,-16,1.6500000000000001
-18,-16,15.524154094488278
-18,-16,1.6500000000000001
-18,-16,1.6500000000000001
-18,-16,1.6500000000000001
-18,-16,1.6500000000000001
-18,-16,1.6500000000000001
-18,-16,1.6500000000000001
-18,-16,1.6500000000000001
-18,-16,1.6500000000000001
-18,-16,1.6500000000000001
-18,-16,1.6500000000000001
-18,-16,1.6500000000000001
-18,-16,1.6500000000000001
-18,-16,1.6500000000000001
-18,-16,1.6500000000000001
-18,-16,1.6500000000000001
-18,-16,6.676920088617443
-18,-16,16.329874421401147
-18,-16,1.6500000000000001
-18,-16,1.6500000000000001
-18,-16,1.6500000000000001
-18,-16,13.50816668981431
-18,-16,1.6500000000000001
-18,-16,1.6500000000000001
-18,-16,4.038995192172765
-18,-16,1.6500000000000001
-18,-16,1.6500000000000001
-18,-16,1.6500000000000001
-18,-16,1.6500000000000001
-18,-16,1.6500000000000001
-18,-16,2.5414402910558973
-18,-16,1.6500000000000001
-18,-16,1.6500000000000001
-18,-16,1.6500000000000001
-18,-16,1.6500000000000001
-18,-16,1.6500000000000001
-18,-16,1.6500000000000001
-18,-16,1.6500000000000001
-18,-16,1.6500000000000001
-18,-16,1.6500000000000001
-18,-16,1.6500000000000001
-18,-16,1.6500000000000001
-18,-16,1.6500000000000001
-18,-16,1.6500000000000001
-18,-16,1.6500000000000001
-18,-16,1.6500000000000001
-18,-16,21.523720447301965
-18,-16,1.6500000000000001
-18,-16,2.403145241086415
-18,-16,1.6500000000000001
-18,-16,1.6500000000000001
-18,-16,1.6500000000000001
-18,-16,1.6500000000000001
-18,-16,4.223965053037009
-18,-16,13.13855558604335
-18,-16,13.169536975075353
-18,-16,1.6500000000000001
-18,-16,1.6500000000000001
-18,-16,11.260793249038038
-18,-16,1.6500000000000001
-18,-16,1.6500000000000001
-18,-16,1.6500000000000001
-18,-16,1.6500000000000001
-18,-16,6.18202511607527
-18,-16,1.6500000000000001
-18,-16,1.6500000000000001
-18,-16,1.6500000000000001
-18,-16,1.6500000000000001
-18,-16,1.6500000000000001
-18,-16,1.6500000000000001
-18,-16,1.6500000000000001
-18,-16,1.6500000000000001
-18,-16,9.84766132810077
-18,-16,1.6500000000000001
-18,-16,18.04259461206171
-18,-16,1.6500000000000001
-18,-16,1.6500000000000001
-18,-16,1.6500000000000001
-18,-16,1.6500000000000001
-18,-16,1.6500000000000001
-18,-16,1.6500000000000001
-18,-16,1.6500000000000001
-18,-16,1.6500000000000001
-18,-16,1.6500000000000001
-18,-16,1.6500000000000001
-18,-16,1.6500000000000001
-18,-16,1.6500000000000001
-18,-16,1.6500000000000001
-18,-16,1.6500000000000001
-18,-16,1.6500000000000001
-18,-16,1.6500000000000001
-18,-16,1.6500000000000001
-18,-16,10.461533048566654
-18,-16,9.018634050810025
-18,-16,1.6500000000000001
-18,-16,1.6500000000000001
-18,-16,1.6500000000000001
-18,-16,1.6500000000000001
-18,-16,1.6500000000000001
-18,-16,1.6500000000000001
-18,-16,1.6500000000000001
-18,-16,1.6500000000000001
-18,-16,1.6500000000000001
-18,-16,1.6500000000000001
-18,-16,1.6500000000000001
-18,-16,1.6500000000000001
-18,-16,1.6500000000000001
-18,-16,7.802189199467719
-18,-16,1.6500000000000001
-18,-16,1.6500000000000001
-18,-16,1.6500000000000001
-18,-16,1.6500000000000001
-18,-16,1.6500000000000001
-18,-16,1.6500000000000001
-18,-16,1.6500000000000001
-18,-16,1.6500000000000001
-18,-16,1.6500000000000001
-18,-16,1.6500000000000001
-18,-16,1.6500000000000001
-18,-16,12.509717246033844
-17,-16,1.6500000000000001
-17,-16,1.6500000000000001
-17,-16,1.6500000000000001
-17,-16,1.6500000000000001
-17,-16,10.203861379758704
-17,-16,1.6500000000000001
-17,-16,8.902279472171763
-17,-16,1.6500000000000001
-17,-16,1.6500000000000001
-17,-16,1.6500000000000001
-17,-16,1.6500000000000001
-17,-16,1.6500000000000001
-17,-16,1.6500000000000001
-17,-16,1.6500000000000001
-17,-16,2.8647826496301665
-17,-16,1.6500000000000001
-17,-16,3.171981520588968
-17,-16,1.6500000000000001
-17,-16,8.689431760709587
-17,-16,20.25228543324398
-17,-16,1.6500000000000001
-17,-16,1.6500000000000001
-17,-16,1.6500000000000001
-17,-16,1.6500000000000001
-17,-16,1.6500000000000001
-17,-16,1.6500000000000001
-17,-16,1.6500000000000001
-17,-16,1.6500000000000001
-17,-16,1.6500000000000001
-17,-16,4.84546775440038
-17,-16,1.6500000000000001
-17,-16,1.6500000000000001
-17,-16,1.6500000000000001
-17,-16,1.6500000000000001
-17,-16,1.6500000000000001
-17,-16,1.6500000000000001
-17,-16,1.6500000000000001
-17,-16,1.6500000000000001
-17,-16,1.6500000000000001
-17,-16,1.6500000000000001
-17,-16,1.6500000000000001
-17,-16,1.6500000000000001
-17,-16,2.1723715747112777
-17,-16,1.6500000000000001
-17,-16,1.6500000000000001
-17,-16,1.6500000000000001
-17,-16,2.9611500605664443
-17,-16,1.6500000000000001
-17,-16,1.6500000000000001
-17,-16,1.6500000000000001
-17,-16,1.6500000000000001
-17,-16,1.6500000000000001
-17,-16,5.048074460695863
-17,-16,1.6500000000000001
-17,-16,3.43897241768617
-17,-16,1.6500000000000001
-17,-16,1.6500000000000001
-17,-16,1.6500000000000001
-17,-16,1.6500000000000001
-17,-16,1.6500000000000001
-17,-16,1.6500000000000001
-17,-16,1.6500000000000001
-17,-16,1.6500000000000001
-17,-16,1.6500000000000001
-17,-16,13.990303599444982
-17,-16,1.6500000000000001
-17,-16,1.6500000000000001
-17,-16,1.6500000000000001
-17,-16,1.6500000000000001
-17,-16,1.6500000000000001
-17,-16,1.6500000000000001
-17,-16,1.6500000000000001
-17,-16,6.406233361155243
-17,-16,5.222116364024448
-17,-16,1.6500000000000001
-17,-16,1.6500000000000001
-17,-16,1.6500000000000001
-17,-16,8.021641236340535
-17,-16,1.6500000000000001
-17,-16,1.6500000000000001
-17,-16,1.6500000000000001
-17,-16,1.6500000000000001
-17,-16,1.6500000000000001
-17,-16,1.6500000000000001
-17,-16,1.6500000000000001
-17,-16,1.6500000000000001
-17,-16,3.2327724768983153
-17,-16,1.6500000000000001
-17,-16,1.6500000000000001
-17,-16,1.6500000000000001
-17,-16,1.6500000000000001
-17,-16,1.6500000000000001
-17,-16,1.6500000000000001
-17,-16,1.6500000000000001
-17,-16,1.6500000000000001
-17,-16,1.6500000000000001
-17,-16,1.6500000000000001
-17,-16,1.6500000000000001
-17,-16,1.6500000000000001
-17,-16,1.6500000000000001
-17,-16,1.6500000000000001
-17,-16,1.6500000000000001
-17,-16,1.6500000000000001
-17,-16,1.6500000000000001
-17,-16,1.6500000000000001
-17,-16,1.6500000000000001
-17,-16,1.6500000000000001
-17,-16,1.6500000000000001
-17,-16,1.6500000000000001
-17,-16,6.709038306151406
-17,-16,1.6500000000000001
-17,-16,1.6500000000000001
-17,-16,1.6500000000000001
-17,-16,1.6500000000000001
-17,-16,1.6500000000000001
-17,-16,1.6500000000000001
-17,-16,1.6500000000000001
-17,-16,7.537961577404026
-17,-16,1.6500000000000001
-17,-16,1.6500000000000001
-17,-16,3.336366229881598
-17,-16,1.6500000000000001
-16,-16,1.6500000000000001
-16,-16,1.6500000000000001
-16,-16,2.3797489561140672
-16,-16,1.6500000000000001
-16,-16,1.6500000000000001
-16,-16,1.6500000000000001
-16,-16,1.6500000000000001
-16,-16,5.283902861794296
-16,-16,1.6500000000000001
-16,-16,1.6500000000000001
-16,-16,1.6500000000000001
-16,-16,1.6500000000000001
-16,-16,1.6500000000000001
-16,-16,1.6500000000000001
-16,-16,1.6500000000000001
-16,-16,2.452980083924553
-16,-16,1.6500000000000001
-16,-16,1.6500000000000001
-16,-16,1.6500000000000001
-16,-16,1.6500000000000001
-16,-16,1.6500000000000001
-16,-16,1.6500000000000001
-16,-16,22.537172293266266
-16,-16,1.6500000000000001
-16,-16,1.6500000000000001
-16,-16,1.6500000000000001
-16,-16,12.640319320023163
-16,-16,1.6500000000000001
-16,-16,1.6500000000000001
-16,-16,1.6500000000000001
-16,-16,1.6500000000000001
-16,-16,1.6500000000000001
-16,-16,1.6500000000000001
-16,-16,1.6500000000000001
-16,-16,1.6500000000000001
-16,-16,11.870999004975392
-16,-16,1.6500000000000001
-16,-16,1.6500000000000001
-16,-16,1.6500000000000001
-16,-16,6.018449723966306
-16,-16,1.6500000000000001
-16,-16,5.084078580170319
-16,-16,1.6500000000000001
-16,-16,1.6500000000000001
-16,-16,29.7
-16,-16,6.266036995717981
-16,-16,1.6500000000000001
-16,-16,1.6500000000000001
-16,-16,4.314039204531463
-16,-16,1.6500000000000001
-16,-16,1.6500000000000001
-16,-16,1.6500000000000001
-16,-16,1.6500000000000001
-16,-16,8.583727352725461
-16,-16,1.6500000000000001
-16,-16,1.6500000000000001
-16,-16,1.6500000000000001
-16,-16,1.6500000000000001
-16,-16,1.6500000000000001
-16,-16,13.278284299600127
-16,-16,3.416954954090574
-16,-16,1.6500000000000001
-16,-16,14.848354481514725
-16,-16,1.6500000000000001
-16,-16,1.6500000000000001
-16,-16,2.997338767178615
-16,-16,15.079471163001852
-16,-16,1.6500000000000001
-16,-16,1.6500000000000001
-16,-16,1.6500000000000001
-16,-16,1.6500000000000001
-16,-16,7.739923745203091
-16,-16,1.6500000000000001
-16,-16,1.6500000000000001
-16,-16,3.6017733355266124
-16,-16,1.6500000000000001
-16,-16,1.6500000000000001
-16,-16,1.6500000000000001
-16,-16,1.6500000000000001
-16,-16,1.6500000000000001
-16,-16,1.6500000000000001
-16,-16,1.6500000000000001
-16,-16,1.6500000000000001
-16,-16,1.6500000000000001
-16,-16,7.723633751694615
-16,-16,1.6500000000000001
-16,-16,1.6500000000000001
-16,-16,1.6500000000000001
-16,-16,1.6500000000000001
-16,-16,1.6500000000000001
-16,-16,1.6500000000000001
-16,-16,1.6500000000000001
-16,-16,1.6500000000000001
-16,-16,1.6500000000000001
-16,-16,1.6500000000000001
-16,-16,1.998953226587492
-16,-16,1.6500000000000001
-16,-16,1.6500000000000001
-16,-16,1.9082819311413708
-16,-16,11.349457610648123
-16,-16,1.6500000000000001
-16,-16,1.6500000000000001
-16,-16,1.6500000000000001
-16,-16,1.6500000000000001
-16,-16,1.6500000000000001
-16,-16,1.6500000000000001
-16,-16,12.292946972396223
-16,-16,1.6500000000000001
-16,-16,1.6500000000000001
-16,-16,1.6500000000000001
-16,-16,1.6500000000000001
-16,-16,1.6500000000000001
-16,-16,1.6500000000000001
-16,-16,7.52988926720511
-16,-16,1.6500000000000001
-16,-16,1.6500000000000001
-16,-16,1.6500000000000001
-16,-16,1.6500000000000001
-16,-16,1.6500000000000001
-16,-16,1.6500000000000001
-16,-16,1.6500000000000001
-16,-16,1.6500000000000001
-15,-16,1.6500000000000001
-15,-16,1.6500000000000001
-15,-16,1.6500000000000001
-15,-16,1.6500000000000001
-15,-16,1.6500000000000001
-15,-16,1.6500000000000001
-15,-16,4.298153081561145
-15,-16,1.6500000000000001
-15,-16,1.6500000000000001
-15,-16,1.6500000000000001
-15,-16,1.6500000000000001
-15,-16,1.6500000000000001
-15,-16,1.6500000000000001
-15,-16,1.6500000000000001
-15,-16,1.6500000000000001
-15,-16,1.6500000000000001
-15,-16,14.142243125682814
-15,-16,2.6421349618372485
-15,-16,9.717738399568233
-15,-16,1.6500000000000001
-15,-16,1.6500000000000001
-15,-16,1.6500000000000001
-15,-16,1.6500000000000001
-15,-16,1.6500000000000001
-15,-16,1.6500000000000001
-15,-16,3.0504716507971494
-15,-16,1.6500000000000001
-15,-16,1.6500000000000001
-15,-16,1.6500000000000001
-15,-16,2.0427942951304168
-15,-16,16.079138016217684
-15,-16,1.6500000000000001
-15,-16,1.6500000000000001
-15,-16,1.6500000000000001
-15,-16,1.6500000000000001
-15,-16,1.6500000000000001
-15,-16,1.6500000000000001
-15,-16,1.6500000000000001
-15,-16,1.6500000000000001
-15,-16,1.6500000000000001
-15,-16,1.6500000000000001
-15,-16,1.6500000000000001
-15,-16,4.891534618972319
-15,-16,1.6500000000000001
-15,-16,1.6500000000000001
-15,-16,9.41469200218252
-15,-16,1.6500000000000001
-15,-16,1.6500000000000001
-15,-16,1.6500000000000001
-15,-16,1.6500000000000001
-15,-16,1.6500000000000001
-15,-16,9.137759857528987
-15,-16,6.687042446318381
-15,-16,1.6500000000000001
-15,-16,1.6500000000000001
-15,-16,1.6500000000000001
-15,-16,1.6500000000000001
-15,-16,1.6500000000000001
-15,-16,1.6500000000000001
-15,-16,1.6500000000000001
-15,-16,1.6500000000000001
-15,-16,1.6500000000000001
-15,-16,1.6500000000000001
-15,-16,7.329363650798934
-15,-16,1.6500000000000001
-15,-16,2.052360123553985
-15,-16,1.6500000000000001
-15,-16,1.6500000000000001
-15,-16,1.6500000000000001
-15,-16,1.6500000000000001
-15,-16,1.6500000000000001
-15,-16,1.6500000000000001
-15,-16,1.6500000000000001
-15,-16,1.6500000000000001
-15,-16,1.6500000000000001
-15,-16,1.6500000000000001
-15,-16,12.072672637729653
-15,-16,1.6500000000000001
-15,-16,1.6500000000000001
-15,-16,1.6500000000000001
-15,-16,1.6500000000000001
-15,-16,1.6500000000000001
-15,-16,1.6500000000000001
-15,-16,3.5311031643783775
-15,-16,1.6500000000000001
-15,-16,5.906582318868466
-15,-16,1.6500000000000001
-15,-16,1.6500000000000001
-15,-16,1.6500000000000001
-15,-16,1.6500000000000001
-15,-16,1.6500000000000001
-15,-16,1.6500000000000001
-15,-16,1.6500000000000001
-15,-16,1.6500000000000001
-15,-16,1.6500000000000001
-15,-16,1.6500000000000001
-15,-16,1.6500000000000001
-15,-16,1.6500000000000001
-15,-16,1.6500000000000001
-15,-16,1.6500000000000001
-15,-16,1.6500000000000001
-15,-16,6.048923070636292
-15,-16,10.866755254830561
-15,-16,1.6500000000000001
-15,-16,2.6468095869826733
-15,-16,1.6500000000000001
-15,-16,1.6500000000000001
-15,-16,1.6500000000000001
-15,-16,1.6500000000000001
-15,-16,1.6500000000000001
-15,-16,1.6500000000000001
-15,-16,12.465419308538841
-15,-16,1.6500000000000001
-15,-16,1.6500000000000001
-15,-16,1.6500000000000001
-15,-16,9.147392930111522
-15,-16,1.6500000000000001
-15,-16,1.6500000000000001
-15,-16,1.6500000000000001
-15,-16,11.03773327797585
-15,-16,1.6500000000000001
-15,-16,16.902235793048522
-16,-16,1.6500000000000001
-16,-16,1.6500000000000001
-16,-16,7.340162414738186
-16,-16,1.6500000000000001
-16,-16,1.6500000000000001
-16,-16,1.6500000000000001
-16,-16,9.882207656900942
-16,-16,1.6500000000000001
-16,-16,1.6500000000000001
-16,-16,1.6500000000000001
-16,-16,1.6500000000000001
-16,-16,1.6500000000000001
-16,-16,1.6500000000000001
-16,-16,1.6500000000000001
-16,-16,18.07807976737608
-16,-16,1.6500000000000001
-16,-16,1.6500000000000001
-16,-16,1.6500000000000001
-16,-16,1.6500000000000001
-16,-16,9.369344019893663
-16,-16,2.6595657044819525
-16,-16,7.645828912009092
-16,-16,1.6500000000000001
-16,-16,1.8345251523850852
-16,-16,1.6500000000000001
-16,-16,1.6500000000000001
-16,-16,1.6500000000000001
-16,-16,1.6500000000000001
-16,-16,1.6500000000000001
-16,-16,1.6500000000000001
-16,-16,1.6500000000000001
-16,-16,1.6500000000000001
-16,-16,29.7
-16,-16,1.6500000000000001
-16,-16,1.6500000000000001
-16,-16,1.6500000000000001
-16,-16,1.6500000000000001
-16,-16,1.6500000000000001
-16,-16,1.6500000000000001
-16,-16,1.6500000000000001
-16,-16,1.6500000000000001
-16,-16,14.576670149717117
-16,-16,1.6500000000000001
-16,-16,1.6500000000000001
-16,-16,9.504499693082838
-16,-16,1.6500000000000001
-16,-16,3.0031686282760344
-16,-16,1.6500000000000001
-16,-16,1.6500000000000001
-16,-16,1.6500000000000001
-16,-16,27.958976345354866
-16,-16,1.6500000000000001
-16,-16,1.6500000000000001
-16,-16,1.6500000000000001
-16,-16,1.6500000000000001
-16,-16,1.6500000000000001
-16,-16,2.645074742817707
-16,-16,1.7235562491168617
-16,-16,1.6500000000000001
-16,-16,1.6500000000000001
-16,-16,6.819653100837511
-16,-16,1.6500000000000001
-16,-16,9.558530120319922
-16,-16,1.6500000000000001
-16,-16,1.6500000000000001
-16,-16,1.6500000000000001
-16,-16,1.6500000000000001
-16,-16,1.6500000000000001
-16,-16,1.6500000000000001
-16,-16,1.6500000000000001
-16,-16,1.6500000000000001
-16,-16,1.6500000000000001
-16,-16,1.6500000000000001
-16,-16,1.6500000000000001
-16,-16,1.6500000000000001
-16,-16,1.6500000000000001
-16,-16,1.6500000000000001
-16,-16,1.6500000000000001
-16,-16,1.6500000000000001
-16,-16,2.19755964207104
-16,-16,1.6500000000000001
-16,-16,8.441283707553005
-16,-16,1.6500000000000001
-16,-16,22.45091103307408
-16,-16,1.6500000000000001
-16,-16,1.6500000000000001
-16,-16,1.6500000000000001
-16,-16,1.6500000000000001
-16,-16,1.6500000000000001
-16,-16,1.6500000000000001
-16,-16,1.6500000000000001
-16,-16,5.301012284505745
-16,-16,6.361702885466956
-16,-16,1.6500000000000001
-16,-16,8.124567887930372
-16,-16,1.6500000000000001
-16,-16,1.6500000000000001
-16,-16,5.172233201619605
-16,-16,1.6500000000000001
-16,-16,1.6500000000000001
-16,-16,1.6500000000000001
-16,-16,1.6500000000000001
-16,-16,1.6500000000000001
-16,-16,1.6500000000000001
-16,-16,1.6500000000000001
-16,-16,1.6500000000000001
-16,-16,1.6500000000000001
-16,-16,1.6500000000000001
-16,-16,4.977622992184356
-16,-16,1.6500000000000001
-16,-16,1.6500000000000001
-16,-16,1.6500000000000001
-16,-16,2.7983767372816377
-16,-16,1.6500000000000001
-16,-16,1.6500000000000001
-16,-16,1.6500000000000001
-16,-16,1.6500000000000001
-16,-16,1.6500000000000001
-16,-16,1.6500000000000001
-16,-16,1.6500000000000001
-16,-16,1.6500000000000001
-16,-16,1.6500000000000001
-15,-16,1.6500000000000001
-15,-16,1.6500000000000001
-15,-16,1.6500000000000001
-15,-16,1.6500000000000001
-15,-16,1.6500000000000001
-15,-16,26.62712326646615
-15,-16,6.982824878364633
-15,-16,1.6500000000000001
-15,-16,1.6500000000000001
-15,-16,1.6500000000000001
-15,-16,1.6500000000000001
-15,-16,1.6500000000000001
-15,-16,1.6500000000000001
-15,-16,1.6500000000000001
-15,-16,1.6500000000000001
-15,-16,1.6500000000000001
-15,-16,1.6500000000000001
-15,-16,1.6500000000000001
-15,-16,1.6500000000000001
-15,-16,1.6500000000000001
-15,-16,1.754967768530257
-15,-16,1.6500000000000001
-15,-16,1.6500000000000001
-15,-16,12.522451683457742
-15,-16,1.6500000000000001
-15,-16,1.6500000000000001
-15,-16,29.7
-15,-16,1.6500000000000001
-15,-16,1.6500000000000001
-15,-16,14.941111625144035
-15,-16,1.6500000000000001
-15,-16,1.6500000000000001
-15,-16,9.419887814920587
-15,-16,1.6500000000000001
-15,-16,1.6500000000000001
-15,-16,1.6500000000000001
-15,-16,1.6500000000000001
-15,-16,1.6500000000000001
-15,-16,1.6500000000000001
-15,-16,1.6500000000000001
-15,-16,1.6500000000000001
-15,-16,1.6500000000000001
-15,-16,8.053730436757766
-15,-16,1.6500000000000001
-15,-16,1.6500000000000001
-15,-16,23.62701937926089
-15,-16,18.01641406925706
-15,-16,1.6500000000000001
-15,-16,1.6500000000000001
-15,-16,21.989303590779027
-15,-16,26.62531016708237
-15,-16,1.6500000000000001
-15,-16,1.6500000000000001
-15,-16,9.068572681837392
-15,-16,5.5707265831579456
-15,-16,1.6500000000000001
-15,-16,2.3680511459403277
-15,-16,1.6500000000000001
-15,-16,1.6500000000000001
-15,-16,1.6500000000000001
-15,-16,1.6500000000000001
-15,-16,4.819002822782018
-15,-16,1.6500000000000001
-15,-16,1.6500000000000001
-15,-16,1.6500000000000001
-15,-16,1.6500000000000001
-15,-16,1.6500000000000001
-15,-16,1.6500000000000001
-15,-16,15.121349479929545
-15,-16,1.6500000000000001
-15,-16,1.6500000000000001
-15,-16,6.0586189714875704
-15,-16,1.6500000000000001
-15,-16,1.6500000000000001
-15,-16,1.6500000000000001
-15,-16,1.6500000000000001
-15,-16,1.6500000000000001
-15,-16,1.6500000000000001
-15,-16,1.6500000000000001
-15,-16,8.999895173327157
-15,-16,1.6500000000000001
-15,-16,1.6500000000000001
-15,-16,1.6500000000000001
-15,-16,1.6500000000000001
-15,-16,12.345832601766261
-15,-16,1.6500000000000001
-15,-16,1.6500000000000001
-15,-16,1.6500000000000001
-15,-16,1.6500000000000001
-15,-16,19.329449982789406
-15,-16,1.6500000000000001
-15,-16,1.6500000000000001
-15,-16,1.6500000000000001
-15,-16,1.6500000000000001
-15,-16,1.6500000000000001
-15,-16,1.6500000000000001
-15,-16,1.6500000000000001
-15,-16,4.634054494805808
-15,-16,1.6500000000000001
-15,-16,5.852672304096831
-15,-16,1.6500000000000001
-15,-16,1.6500000000000001
-15,-16,1.6500000000000001
-15,-16,1.6500000000000001
-15,-16,1.6500000000000001
-15,-16,1.6500000000000001
-15,-16,11.384956546543368
-15,-16,1.6500000000000001
-15,-16,1.6500000000000001
-15,-16,1.6500000000000001
-15,-16,1.6500000000000001
-15,-16,1.6500000000000001
-15,-16,1.6500000000000001
-15,-16,5.511202806312049
-15,-16,7.845549033701712
-15,-16,1.6500000000000001
-15,-16,1.6500000000000001
-15,-16,1.6500000000000001
-15,-16,1.6500000000000001
-15,-16,1.6500000000000001
-15,-16,1.6500000000000001
-15,-16,1.6500000000000001
-15,-16,1.6500000000000001
-16,-16,12.967195717836574
-16,-16,1.6500000000000001
-16,-16,1.6500000000000001
-16,-16,1.6500000000000001
-16,-16,1.6500000000000001
-16,-16,1.6500000000000001
-16,-16,5.459863617382426
-16,-16,1.6500000000000001
-16,-16,1.6500000000000001
-16,-16,1.6500000000000001
-16,-16,1.6500000000000001
-16,-16,3.888934335804789
-16,-16,1.6500000000000001
-16,-16,17.538103216482646
-16,-16,1.6500000000000001
-16,-16,10.337109290373665
-16,-16,1.6500000000000001
-16,-16,1.6500000000000001
-16,-16,1.6500000000000001
-16,-16,1.6500000000000001
-16,-16,1.6500000000000001
-16,-16,1.6500000000000001
-16,-16,2.9853370888747666
-16,-16,1.6500000000000001
-16,-16,1.6500000000000001
-16,-16,1.6500000000000001
-16,-16,12.743994747851566
-16,-16,3.300801055375956
-16,-16,1.6500000000000001
-16,-16,1.6500000000000001
-16,-16,1.6500000000000001
-16,-16,1.6500000000000001
-16,-16,1.6500000000000001
-16,-16,1.6500000000000001
-16,-16,7.046869645117106
-16,-16,1.6500000000000001
-16,-16,1.6500000000000001
-16,-16,1.6500000000000001
-16,-16,1.6500000000000001
-16,-16,17.4352717007783
-16,-16,1.6500000000000001
-16,-16,1.6500000000000001
-16,-16,1.6500000000000001
-16,-16,1.6500000000000001
-16,-16,1.6500000000000001
-16,-16,1.6500000000000001
-16,-16,1.6500000000000001
-16,-16,1.6500000000000001
-16,-16,1.6500000000000001
-16,-16,1.6500000000000001
-16,-16,1.6500000000000001
-16,-16,1.6500000000000001
-16,-16,1.6500000000000001
-16,-16,4.4599663328337975
-16,-16,1.6500000000000001
-16,-16,1.6500000000000001
-16,-16,1.6500000000000001
-16,-16,1.6500000000000001
-16,-16,1.6500000000000001
-16,-16,1.6500000000000001
-16,-16,1.6500000000000001
-16,-16,1.6500000000000001
-16,-16,1.6500000000000001
-16,-16,1.6500000000000001
-16,-16,1.6500000000000001
-16,-16,1.6500000000000001
-16,-16,1.6500000000000001
-16,-16,1.6500000000000001
-16,-16,6.29781637955956
-16,-16,1.6500000000000001
-16,-16,5.850632909630296
-16,-16,3.330142350134036
-16,-16,1.6500000000000001
-16,-16,1.6500000000000001
-16,-16,4.179017425325313
-16,-16,1.6500000000000001
-16,-16,1.6500000000000001
-16,-16,1.6500000000000001
-16,-16,1.6500000000000001
-16,-16,1.6500000000000001
-16,-16,20.425420636964876
-16,-16,13.851431577699842
-16,-16,1.6500000000000001
-16,-16,5.5785544158825395
-16,-16,1.6500000000000001
-16,-16,1.6500000000000001
-16,-16,1.6500000000000001
-16,-16,1.6500000000000001
-16,-16,6.906491331276097
-16,-16,1.6500000000000001
-16,-16,1.6500000000000001
-16,-16,1.6500000000000001
-16,-16,1.6500000000000001
-16,-16,8.117914865067695
-16,-16,1.6500000000000001
-16,-16,1.6500000000000001
-16,-16,4.8964768791039095
-16,-16,1.6500000000000001
-16,-16,1.6500000000000001
-16,-16,1.6500000000000001
-16,-16,1.6500000000000001
-16,-16,1.6500000000000001
-16,-16,25.65234027093798
-16,-16,1.6500000000000001
-16,-16,1.6500000000000001
-16,-16,6.5607610486866275
-16,-16,9.40456407290454
-16,-16,1.6500000000000001
-16,-16,1.6500000000000001
-16,-16,1.6500000000000001
-16,-16,1.6500000000000001
-16,-16,1.6500000000000001
-16,-16,1.6500000000000001
-16,-16,1.6500000000000001
-16,-16,1.6500000000000001
-16,-16,1.6500000000000001
-16,-16,1.6500000000000001
-16,-16,8.074952823546127
-16,-16,1.6500000000000001
-16,-16,1.6500000000000001
-16,-16,1.6500000000000001
-16,-16,1.6500000000000001
-16,-15,1.6500000000000001
-16,-15,1.6500000000000001
-16,-15,1.6500000000000001
-16,-15,1.6500000000000001
-16,-15,1.6500000000000001
-16,-15,1.6500000000000001
-16,-15,13.74153083937458
-16,-15,1.6500000000000001
-16,-15,4.105558739861246
-16,-15,1.6500000000000001
-16,-15,1.6500000000000001
-16,-15,1.6500000000000001
-16,-15,13.495481123141708
-16,-15,1.6500000000000001
-16,-15,1.6500000000000001
-16,-15,1.6500000000000001
-16,-15,1.6500000000000001
-16,-15,1.6500000000000001
-16,-15,1.6500000000000001
-16,-15,1.6500000000000001
-16,-15,5.615021196573906
-16,-15,1.6500000000000001
-16,-15,1.6500000000000001
-16,-15,6.387425846463206
-16,-15,4.391236512973753
-16,-15,14.419868971455287
-16,-15,1.6500000000000001
-16,-15,1.6500000000000001
-16,-15,1.6500000000000001
-16,-15,1.6500000000000001
-16,-15,1.6500000000000001
-16,-15,1.6500000000000001
-16,-15,20.49608899079354
-16,-15,1.6500000000000001
-16,-15,16.4514448963504
-16,-15,1.6500000000000001
-16,-15,1.6500000000000001
-16,-15,1.6500000000000001
-16,-15,14.809074260610789
-16,-15,1.6500000000000001
-16,-15,1.6500000000000001
-16,-15,5.748432116158636
-16,-15,1.6500000000000001
-16,-15,11.37934333866283
-16,-15,1.6500000000000001
-16,-15,1.6500000000000001
-16,-15,1.6500000000000001
-16,-15,1.6500000000000001
-16,-15,1.6500000000000001
-16,-15,1.6500000000000001
-16,-15,1.6500000000000001
-16,-15,1.6500000000000001
-16,-15,1.6500000000000001
-16,-15,1.6500000000000001
-16,-15,1.6500000000000001
-16,-15,1.6500000000000001
-16,-15,1.6500000000000001
-16,-15,1.6500000000000001
-16,-15,1.6500000000000001
-16,-15,1.6500000000000001
-16,-15,1.6500000000000001
-16,-15,20.753203946351217
-16,-15,1.6500000000000001
-16,-15,1.6500000000000001
-16,-15,1.6500000000000001
-16,-15,1.6500000000000001
-16,-15,1.6500000000000001
-16,-15,2.204322775824785
-16,-15,1.6500000000000001
-16,-15,10.140725044894648
-16,-15,1.6500000000000001
-16,-15,1.6500000000000001
-16,-15,1.6500000000000001
-16,-15,2.2526998454241927
-16,-15,7.019710168166318
-16,-15,1.6500000000000001
-16,-15,7.88505832598635
-16,-15,1.6500000000000001
-16,-15,1.6500000000000001
-16,-15,1.6500000000000001
-16,-15,1.6500000000000001
-16,-15,1.6500000000000001
-16,-15,1.6500000000000001
-16,-15,11.752284984804561
-16,-15,1.6500000000000001
-16,-15,1.6500000000000001
-16,-15,1.6500000000000001
-16,-15,1.6500000000000001
-16,-15,11.117427542634157
-16,-15,1.6500000000000001
-16,-15,1.6500000000000001
-16,-15,1.6500000000000001
-16,-15,1.6500000000000001
-16,-15,10.61909122313709
-16,-15,1.6500000000000001
-16,-15,1.6500000000000001
-16,-15,1.6500000000000001
-16,-15,4.975690052962731
-16,-15,1.6500000000000001
-16,-15,1.7085502693496153
-16,-15,1.6500000000000001
-16,-15,1.6500000000000001
-16,-15,1.6500000000000001
-16,-15,1.6500000000000001
-16,-15,1.6500000000000001
-16,-15,1.6500000000000001
-16,-15,1.6500000000000001
-16,-15,1.6500000000000001
-16,-15,1.6500000000000001
-16,-15,1.6500000000000001
-16,-15,1.6500000000000001
-16,-15,1.6500000000000001
-16,-15,1.6500000000000001
-16,-15,1.6500000000000001
-16,-15,16.702639920701056
-16,-15,1.6500000000000001
-16,-15,2.546541004197426
-16,-15,1.6500000000000001
-16,-15,1.6500000000000001
-16,-15,17.81292309862752
-16,-15,17.250423607570877
-16,-15,28.336395076575556
-15,-15,1.6500000000000001
-15,-15,1.6500000000000001
-15,-15,1.6500000000000001
-15,-15,1.6500000000000001
-15,-15,1.6500000000000001
-15,-15,1.6500000000000001
-15,-15,1.7038642553997274
-15,-15,1.6500000000000001
-15,-15,3.6240133439877305
-15,-15,1.6500000000000001
-15,-15,1.6500000000000001
-15,-15,1.6500000000000001
-15,-15,12.199596954052971
-15,-15,5.123317875516195
-15,-15,1.6500000000000001
-15,-15,1.6500000000000001
-15,-15,1.6500000000000001
-15,-15,1.6500000000000001
-15,-15,1.6500000000000001
-15,-15,7.8559038055214465
-15,-15,1.6500000000000001
-15,-15,1.6500000000000001
-15,-15,1.6500000000000001
-15,-15,6.797793100578081
-15,-15,1.6500000000000001
-15,-15,12.979934218814837
-15,-15,1.6500000000000001
-15,-15,1.6500000000000001
-15,-15,1.6500000000000001
-15,-15,1.6500000000000001
-15,-15,5.407075047862595
-15,-15,2.428215264705088
-15,-15,1.6500000000000001
-15,-15,1.6500000000000001
-15,-15,1.6500000000000001
-15,-15,1.6500000000000001
-15,-15,1.6500000000000001
-15,-15,1.6500000000000001
-15,-15,1.6500000000000001
-15,-15,15.34016212933922
-15,-15,1.6500000000000001
-15,-15,1.6500000000000001
-15,-15,1.6500000000000001
-15,-15,29.7
-15,-15,1.6500000000000001
-15,-15,1.6500000000000001
-15,-15,1.6500000000000001
-15,-15,1.6500000000000001
-15,-15,9.573704514229242
-15,-15,1.6500000000000001
-15,-15,1.6500000000000001
-15,-15,6.230076216911753
-15,-15,1.6500000000000001
-15,-15,1.6500000000000001
-15,-15,1.6500000000000001
-15,-15,9.039115552287077
-15,-15,1.6500000000000001
-15,-15,1.6500000000000001
-15,-15,6.982836150607824
-15,-15,1.6500000000000001
-15,-15,1.6500000000000001
-15,-15,28.292860088356605
-15,-15,1.6500000000000001
-15,-15,16.179958474052224
-15,-15,6.296732805615356
-15,-15,1.6500000000000001
-15,-15,1.6500000000000001
-15,-15,1.6500000000000001
-15,-15,12.361320788823416
-15,-15,1.6500000000000001
-15,-15,1.6500000000000001
-15,-15,2.057095398599561
-15,-15,1.6500000000000001
-15,-15,1.6500000000000001
-15,-15,1.6500000000000001
-15,-15,1.6500000000000001
-15,-15,8.029554353463501
-15,-15,1.6500000000000001
-15,-15,10.399941464224668
-15,-15,17.472901625060796
-15,-15,1.6500000000000001
-15,-15,1.6500000000000001
-15,-15,1.6500000000000001
-15,-15,1.6500000000000001
-15,-15,1.6500000000000001
-15,-15,1.6500000000000001
-15,-15,1.6500000000000001
-15,-15,1.6500000000000001
-15,-15,1.6500000000000001
-15,-15,1.6500000000000001
-15,-15,1.6500000000000001
-15,-15,1.6500000000000001
-15,-15,1.6500000000000001
-15,-15,1.6500000000000001
-15,-15,1.6500000000000001
-15,-15,10.156616022140323
-15,-15,11.026248583354548
-15,-15,1.6500000000000001
-15,-15,1.6500000000000001
-15,-15,1.6500000000000001
-15,-15,1.6500000000000001
-15,-15,1.6500000000000001
-15,-15,1.6500000000000001
-15,-15,1.6500000000000001
-15,-15,1.6500000000000001
-15,-15,1.6500000000000001
-15,-15,1.6500000000000001
-15,-15,1.6500000000000001
-15,-15,1.6500000000000001
-15,-15,1.6500000000000001
-15,-15,1.6500000000000001
-15,-15,7.535357010819752
-15,-15,1.6500000000000001
-15,-15,8.259489470870932
-15,-15,1.6500000000000001
-15,-15,1.6500000000000001
-15,-15,1.6500000000000001
-15,-15,5.272404091636675
-15,-15,1.6500000000000001
-15,-15,1.6500000000000001
-15,-15,1.6500000000000001
-15,-15,1.6500000000000001
-15,-14,1.6500000000000001
-15,-14,1.6500000000000001
-15,-14,1.6500000000000001
-15,-14,1.6500000000000001
-15,-14,1.6500000000000001
-15,-14,1.6500000000000001
-15,-14,1.6500000000000001
-15,-14,5.579795237949252
-15,-14,1.6500000000000001
-15,-14,1.6500000000000001
-15,-14,1.6500000000000001
-15,-14,19.36996323929986
-15,-14,1.6500000000000001
-15,-14,10.302003222370885
-15,-14,1.6500000000000001
-15,-14,1.6500000000000001
-15,-14,1.6500000000000001
-15,-14,1.6500000000000001
-15,-14,1.6500000000000001
-15,-14,3.5379500416120013
-15,-14,1.6500000000000001
-15,-14,29.7
-15,-14,1.6500000000000001
-15,-14,1.6500000000000001
-15,-14,1.6500000000000001
-15,-14,1.6500000000000001
-15,-14,1.6500000000000001
-15,-14,9.170208288478108
-15,-14,1.6500000000000001
-15,-14,1.6500000000000001
-15,-14,1.6500000000000001
-15,-14,1.6500000000000001
-15,-14,1.6500000000000001
-15,-14,22.150940404044047
-15,-14,1.6500000000000001
-15,-14,1.6500000000000001
-15,-14,1.6500000000000001
-15,-14,17.101323082566232
-15,-14,5.963563346996789
-15,-14,1.6500000000000001
-15,-14,1.6500000000000001
-15,-14,1.6500000000000001
-15,-14,1.6500000000000001
-15,-14,1.6500000000000001
-15,-14,1.6500000000000001
-15,-14,1.6500000000000001
-15,-14,1.6500000000000001
-15,-14,1.6500000000000001
-15,-14,1.6500000000000001
-15,-14,1.6500000000000001
-15,-14,1.6500000000000001
-15,-14,1.6500000000000001
-15,-14,26.520106874562394
-15,-14,1.6500000000000001
-15,-14,1.6500000000000001
-15,-14,1.6500000000000001
-15,-14,1.6500000000000001
-15,-14,1.6500000000000001
-15,-14,1.6500000000000001
-15,-14,1.6500000000000001
-15,-14,1.6500000000000001
-15,-14,1.6500000000000001
-15,-14,1.6500000000000001
-15,-14,1.6500000000000001
-15,-14,20.054478047175163
-15,-14,9.472800625377248
-15,-14,4.7472563221315145
-15,-14,10.80163735183815
-15,-14,7.844550529471327
-15,-14,27.15609126793771
-15,-14,1.6500000000000001
-15,-14,1.6500000000000001
-15,-14,19.335760786706857
-15,-14,1.6500000000000001
-15,-14,13.760737454927504
-15,-14,1.6500000000000001
-15,-14,17.63693373369984
-15,-14,2.5492056053816317
-15,-14,1.6500000000000001
-15,-14,1.6500000000000001
-15,-14,1.6500000000000001
-15,-14,1.6500000000000001
-15,-14,1.6500000000000001
-15,-14,1.6500000000000001
-15,-14,1.6500000000000001
-15,-14,1.6500000000000001
-15,-14,1.6500000000000001
-15,-14,1.6500000000000001
-15,-14,4.569189045665617
-15,-14,1.6500000000000001
-15,-14,1.6500000000000001
-15,-14,1.6500000000000001
-15,-14,1.6500000000000001
-15,-14,14.517921640603006
-15,-14,5.39094726993155
-15,-14,4.708209394429344
-15,-14,4.979695688681223
-15,-14,1.6500000000000001
-15,-14,29.7
-15,-14,1.6500000000000001
-15,-14,1.6500000000000001
-15,-14,2.5498194992855385
-15,-14,1.6500000000000001
-15,-14,1.6500000000000001
-15,-14,1.6500000000000001
-15,-14,1.6500000000000001
-15,-14,1.6500000000000001
-15,-14,17.83177378043188
-15,-14,1.6500000000000001
-15,-14,1.6500000000000001
-15,-14,29.7
-15,-14,1.6500000000000001
-15,-14,1.6500000000000001
-15,-14,1.6500000000000001
-15,-14,1.6500000000000001
-15,-14,1.6500000000000001
-15,-14,1.6500000000000001
-15,-14,1.6500000000000001
-15,-14,9.867962569330293
-15,-14,1.6500000000000001
-15,-14,1.6500000000000001
-15,-14,1.6500000000000001
-15,-14,1.6500000000000001
-15,-13,1.6500000000000001
-15,-13,23.366449939066012
-15,-13,1.6500000000000001
-15,-13,1.6500000000000001
-15,-13,10.503473867906335
-15,-13,1.6500000000000001
-15,-13,1.6500000000000001
-15,-13,1.6500000000000001
-15,-13,1.6500000000000001
-15,-13,1.6500000000000001
-15,-13,1.6500000000000001
-15,-13,1.6500000000000001
-15,-13,1.6500000000000001
-15,-13,1.6500000000000001
-15,-13,1.6500000000000001
-15,-13,16.824168950373632
-15,-13,1.6500000000000001
-15,-13,3.0052876901304497
-15,-13,1.6500000000000001
-15,-13,1.6500000000000001
-15,-13,1.6500000000000001
-15,-13,1.6500000000000001
-15,-13,6.818825487536481
-15,-13,1.6500000000000001
-15,-13,1.6500000000000001
-15,-13,1.6500000000000001
-15,-13,1.6500000000000001
-15,-13,1.6500000000000001
-15,-13,1.6500000000000001
-15,-13,1.6500000000000001
-15,-13,1.6500000000000001
-15,-13,1.6500000000000001
-15,-13,1.6500000000000001
-15,-13,1.6500000000000001
-15,-13,1.6500000000000001
-15,-13,1.6500000000000001
-15,-13,4.5978038682529965
-15,-13,1.6500000000000001
-15,-13,8.772020743791535
-15,-13,12.133987701588477
-15,-13,1.6500000000000001
-15,-13,1.6500000000000001
-15,-13,7.933078456039356
-15,-13,20.33068793612342
-15,-13,1.6500000000000001
-15,-13,10.977737604327052
-15,-13,15.452117123379436
-15,-13,1.6500000000000001
-15,-13,1.6500000000000001
-15,-13,1.6500000000000001
-15,-13,1.6500000000000001
-15,-13,1.6500000000000001
-15,-13,1.6500000000000001
-15,-13,28.974693279934403
-15,-13,1.6500000000000001
-15,-13,1.6500000000000001
-15,-13,17.15788697181371
-15,-13,1.6500000000000001
-15,-13,15.953046482099161
-15,-13,1.6500000000000001
-15,-13,1.6500000000000001
-15,-13,1.6500000000000001
-15,-13,1.6500000000000001
-15,-13,1.6500000000000001
-15,-13,1.6500000000000001
-15,-13,1.6500000000000001
-15,-13,1.6500000000000001
-15,-13,1.6500000000000001
-15,-13,1.6500000000000001
-15,-13,1.6500000000000001
-15,-13,1.6500000000000001
-15,-13,1.6500000000000001
-15,-13,11.632428327860827
-15,-13,1.6500000000000001
-15,-13,1.6500000000000001
-15,-13,1.6500000000000001
-15,-13,20.47715177289655
-15,-13,13.261284391038274
-15,-13,1.6500000000000001
-15,-13,7.163375392449813
-15,-13,5.549912355154184
-15,-13,1.6500000000000001
-15,-13,1.6500000000000001
-15,-13,1.6500000000000001
-15,-13,1.6500000000000001
-15,-13,8.484242245265843
-15,-13,1.6500000000000001
-15,-13,1.6500000000000001
-15,-13,1.6500000000000001
-15,-13,1.6500000000000001
-15,-13,4.007300184371923
-15,-13,1.6500000000000001
-15,-13,1.6500000000000001
-15,-13,1.6500000000000001
-15,-13,5.877402792953747
-15,-13,10.546446190042385
-15,-13,2.4194913875498383
-15,-13,10.192069233380058
-15,-13,10.903766600716464
-15,-13,1.6500000000000001
-15,-13,1.6500000000000001
-15,-13,1.6500000000000001
-15,-13,1.6500000000000001
-15,-13,1.6500000000000001
-15,-13,1.6500000000000001
-15,-13,1.6500000000000001
-15,-13,1.6500000000000001
-15,-13,1.6500000000000001
-15,-13,1.6500000000000001
-15,-13,1.6500000000000001
-15,-13,1.6500000000000001
-15,-13,1.6500000000000001
-15,-13,25.92175162218522
-15,-13,1.6500000000000001
-15,-13,1.6500000000000001
-15,-13,1.6500000000000001
-15,-13,1.6500000000000001
-15,-13,1.6500000000000001
-15,-13,24.077201671212244
-15,-13,1.6500000000000001
-15,-13,1.6500000000000001
-15,-13,1.6500000000000001
-16,-13,1.6500000000000001
-16,-13,1.6500000000000001
-16,-13,2.465002533993199
-16,-13,1.6500000000000001
-16,-13,21.572355517153916
-16,-13,1.6500000000000001
-16,-13,1.6500000000000001
-16,-13,1.6500000000000001
-16,-13,1.6500000000000001
-16,-13,1.6500000000000001
-16,-13,1.6500000000000001
-16,-13,1.6500000000000001
-16,-13,1.6500000000000001
-16,-13,1.6500000000000001
-16,-13,1.6500000000000001
-16,-13,1.6500000000000001
-16,-13,1.6500000000000001
-16,-13,13.06279534639361
-16,-13,1.6500000000000001
-16,-13,1.6500000000000001
-16,-13,1.6500000000000001
-16,-13,1.6500000000000001
-16,-13,1.6500000000000001
-16,-13,1.6500000000000001
-16,-13,1.6500000000000001
-16,-13,1.6500000000000001
-16,-13,1.6500000000000001
-16,-13,1.6500000000000001
-16,-13,17.137514096186663
-16,-13,5.612692862221408
-16,-13,10.25928901852694
-16,-13,1.6500000000000001
-16,-13,1.6500000000000001
-16,-13,1.6500000000000001
-16,-13,1.6500000000000001
-16,-13,1.6500000000000001
-16,-13,1.6500000000000001
-16,-13,9.874295651605685
-16,-13,1.6500000000000001
-16,-13,29.7
-16,-13,1.6500000000000001
-16,-13,9.947082442023422
-16,-13,23.662977232255304
-16,-13,1.6500000000000001
-16,-13,2.0877964902331048
-16,-13,1.6500000000000001
-16,-13,1.6500000000000001
-16,-13,7.603379068830094
-16,-13,1.6500000000000001
-16,-13,1.6500000000000001
-16,-13,1.6500000000000001
-16,-13,4.523406981139004
-16,-13,1.6500000000000001
-16,-13,1.6500000000000001
-16,-13,1.6500000000000001
-16,-13,1.6500000000000001
-16,-13,1.6500000000000001
-16,-13,1.6500000000000001
-16,-13,3.7614349028005405
-16,-13,1.6500000000000001
-16,-13,1.6500000000000001
-16,-13,1.6500000000000001
-16,-13,1.6500000000000001
-16,-13,1.6500000000000001
-16,-13,1.6500000000000001
-16,-13,1.6500000000000001
-16,-13,17.659654846921327
-16,-13,17.94329305275379
-16,-13,5.345524004136392
-16,-13,1.6500000000000001
-16,-13,1.6500000000000001
-16,-13,1.6500000000000001
-16,-13,1.6500000000000001
-16,-13,1.6500000000000001
-16,-13,1.6500000000000001
-16,-13,26.084128013114913
-16,-13,1.6500000000000001
-16,-13,6.65595191282663
-16,-13,1.6500000000000001
-16,-13,1.6500000000000001
-16,-13,1.6500000000000001
-16,-13,1.6500000000000001
-16,-13,1.6500000000000001
-16,-13,1.6500000000000001
-16,-13,12.203629867439542
-16,-13,1.6500000000000001
-16,-13,1.6500000000000001
-16,-13,1.6500000000000001
-16,-13,18.55129156163563
-16,-13,14.047986261878489
-16,-13,10.633458964611846
-16,-13,1.6500000000000001
-16,-13,15.357051508386053
-16,-13,1.6500000000000001
-16,-13,1.6500000000000001
-16,-13,1.6500000000000001
-16,-13,7.357418778662174
-16,-13,1.6500000000000001
-16,-13,1.6500000000000001
-16,-13,1.6500000000000001
-16,-13,1.6500000000000001
-16,-13,17.979961208961175
-16,-13,1.6500000000000001
-16,-13,1.6500000000000001
-16,-13,8.378991995812004
-16,-13,1.6500000000000001
-16,-13,1.6500000000000001
-16,-13,1.6500000000000001
-16,-13,22.66367626606056
-16,-13,1.6500000000000001
-16,-13,5.5028913785910865
-16,-13,4.3117660653913195
-16,-13,1.6500000000000001
-16,-13,8.135835094008536
-16,-13,1.6500000000000001
-16,-13,5.594441506557381
-16,-13,1.6500000000000001
-16,-13,1.6500000000000001
-16,-13,3.4224563903823775
-16,-13,1.6500000000000001
-16,-13,1.6500000000000001
-16,-13,1.6500000000000001
-17,-13,1.6500000000000001
-17,-13,4.79463057059651
-17,-13,1.6500000000000001
-17,-13,1.6500000000000001
-17,-13,1.6500000000000001
-17,-13,1.6500000000000001
-17,-13,1.6500000000000001
-17,-13,1.6500000000000001
-17,-13,1.6500000000000001
-17,-13,4.189580980653062
-17,-13,4.9518642559045425
-17,-13,1.6500000000000001
-17,-13,1.6500000000000001
-17,-13,10.821896524132075
-17,-13,1.6500000000000001
-17,-13,1.6500000000000001
-17,-13,1.6500000000000001
-17,-13,1.6500000000000001
-17,-13,1.6500000000000001
-17,-13,1.6500000000000001
-17,-13,1.6500000000000001
-17,-13,1.6500000000000001
-17,-13,1.6500000000000001
-17,-13,1.6500000000000001
-17,-13,19.442743494357188
-17,-13,1.6500000000000001
-17,-13,1.6500000000000001
-17,-13,2.0321136302833303
-17,-13,1.6500000000000001
-17,-13,1.6500000000000001
-17,-13,1.6500000000000001
-17,-13,1.6500000000000001
-17,-13,1.6500000000000001
-17,-13,1.6500000000000001
-17,-13,8.905076115344455
-17,-13,18.236713268408515
-17,-13,1.6500000000000001
-17,-13,1.6500000000000001
-17,-13,1.6500000000000001
-17,-13,21.547047199937992
-17,-13,1.6500000000000001
-17,-13,1.6500000000000001
-17,-13,1.6500000000000001
-17,-13,1.6500000000000001
-17,-13,11.196838360554008
-17,-13,1.6500000000000001
-17,-13,1.6500000000000001
-17,-13,1.6500000000000001
-17,-13,1.6500000000000001
-17,-13,1.6500000000000001
-17,-13,1.6500000000000001
-17,-13,12.505055848205732
-17,-13,1.6500000000000001
-17,-13,15.562006908343495
-17,-13,1.6500000000000001
-17,-13,1.6500000000000001
-17,-13,1.6500000000000001
-17,-13,1.6500000000000001
-17,-13,1.6500000000000001
-17,-13,3.1105597718989397
-17,-13,19.50324581255008
-17,-13,1.6500000000000001
-17,-13,1.6500000000000001
-17,-13,21.4201761212675
-17,-13,7.066016181879036
-17,-13,29.7
-17,-13,1.6500000000000001
-17,-13,2.2843319184244093
-17,-13,1.6500000000000001
-17,-13,1.6500000000000001
-17,-13,17.305267782934678
-17,-13,1.6500000000000001
-17,-13,1.6500000000000001
-17,-13,1.6500000000000001
-17,-13,1.6500000000000001
-17,-13,1.6500000000000001
-17,-13,27.014815029619747
-17,-13,1.6500000000000001
-17,-13,4.906532566716704
-17,-13,1.6500000000000001
-17,-13,1.6500000000000001
-17,-13,11.047572706997927
-17,-13,1.6500000000000001
-17,-13,3.824704661563306
-17,-13,1.6500000000000001
-17,-13,1.6500000000000001
-17,-13,1.6500000000000001
-17,-13,1.6500000000000001
-17,-13,1.6500000000000001
-17,-13,1.6500000000000001
-17,-13,1.6500000000000001
-17,-13,1.6500000000000001
-17,-13,9.9183613142512
-17,-13,13.983262335502523
-17,-13,11.481655342040508
-17,-13,4.413770094057309
-17,-13,2.782656114655744
-17,-13,1.6500000000000001
-17,-13,1.6500000000000001
-17,-13,1.6500000000000001
-17,-13,1.6500000000000001
-17,-13,1.6500000000000001
-17,-13,1.6500000000000001
-17,-13,1.6500000000000001
-17,-13,1.6500000000000001
-17,-13,1.6500000000000001
-17,-13,1.6500000000000001
-17,-13,3.5108892834959535
-17,-13,1.6500000000000001
-17,-13,1.6500000000000001
-17,-13,4.77488968433511
-17,-13,1.6500000000000001
-17,-13,1.6500000000000001
-17,-13,1.6500000000000001
-17,-13,1.6500000000000001
-17,-13,1.6500000000000001
-17,-13,7.467707139090379
-17,-13,1.6500000000000001
-17,-13,6.898966365935623
-17,-13,1.6500000000000001
-17,-13,1.6500000000000001
-17,-13,1.6500000000000001
-17,-12,11.613737688492233
-17,-12,1.6500000000000001
-17,-12,3.9695974697364047
-17,-12,1.6500000000000001
-17,-12,15.618119282014344
-17,-12,14.634370851766743
-17,-12,1.6500000000000001
-17,-12,1.6500000000000001
-17,-12,1.6500000000000001
-17,-12,1.6500000000000001
-17,-12,4.783543155078274
-17,-12,5.2775254371186175
-17,-12,1.6500000000000001
-17,-12,1.6500000000000001
-17,-12,1.6500000000000001
-17,-12,1.6500000000000001
-17,-12,1.6500000000000001
-17,-12,1.6500000000000001
-17,-12,1.6500000000000001
-17,-12,4.127547719203747
-17,-12,14.972139839869335
-17,-12,1.6500000000000001
-17,-12,1.6500000000000001
-17,-12,3.8624875868345736
-17,-12,1.6500000000000001
-17,-12,9.821691421238782
-17,-12,1.6500000000000001
-17,-12,1.6500000000000001
-17,-12,1.6500000000000001
-17,-12,1.6500000000000001
-17,-12,1.6500000000000001
-17,-12,1.6500000000000001
-17,-12,1.6500000000000001
-17,-12,1.6500000000000001
-17,-12,1.6500000000000001
-17,-12,2.165438868905983
-17,-12,4.234041024211768
-17,-12,1.6500000000000001
-17,-12,1.6500000000000001
-17,-12,1.6500000000000001
-17,-12,1.6500000000000001
-17,-12,1.6500000000000001
-17,-12,10.440083466445651
-17,-12,11.379829140593735
-17,-12,1.7657305178938083
-17,-12,29.7
-17,-12,1.6500000000000001
-17,-12,1.6500000000000001
-17,-12,1.6500000000000001
-17,-12,1.6500000000000001
-17,-12,1.6500000000000001
-17,-12,1.6500000000000001
-17,-12,1.6500000000000001
-17,-12,5.729407399263376
-17,-12,1.6500000000000001
-17,-12,1.6500000000000001
-17,-12,1.6500000000000001
-17,-12,8.294158004978105
-17,-12,1.6500000000000001
-17,-12,12.876703598590467
-17,-12,1.6500000000000001
-17,-12,1.6500000000000001
-17,-12,1.6500000000000001
-17,-12,1.6500000000000001
-17,-12,12.079381406317854
-17,-12,1.6500000000000001
-17,-12,29.313495066050784
-17,-12,1.6500000000000001
-17,-12,1.6500000000000001
-17,-12,1.6500000000000001
-17,-12,1.6500000000000001
-17,-12,15.326702350974333
-17,-12,1.6500000000000001
-17,-12,1.6500000000000001
-17,-12,1.6500000000000001
-17,-12,1.6500000000000001
-17,-12,1.6500000000000001
-17,-12,1.6500000000000001
-17,-12,10.561862972479522
-17,-12,1.6500000000000001
-17,-12,1.6500000000000001
-17,-12,1.6500000000000001
-17,-12,1.6500000000000001
-17,-12,1.6500000000000001
-17,-12,1.6500000000000001
-17,-12,1.6500000000000001
-17,-12,2.376607828149478
-17,-12,1.6500000000000001
-17,-12,1.6500000000000001
-17,-12,1.6500000000000001
-17,-12,18.441044836520092
-17,-12,1.6500000000000001
-17,-12,1.6500000000000001
-17,-12,1.6500000000000001
-17,-12,1.6500000000000001
-17,-12,1.6500000000000001
-17,-12,4.82070585545932
-17,-12,11.51808652979392
-17,-12,1.6500000000000001
-17,-12,7.690051128930774
-17,-12,1.6500000000000001
-17,-12,1.6500000000000001
-17,-12,5.5218726729824645
-17,-12,18.145353691838427
-17,-12,1.6500000000000001
-17,-12,1.6500000000000001
-17,-12,1.6500000000000001
-17,-12,1.9159070030996146
-17,-12,1.6500000000000001
-17,-12,1.6500000000000001
-17,-12,1.6500000000000001
-17,-12,1.6500000000000001
-17,-12,1.6500000000000001
-17,-12,1.6500000000000001
-17,-12,1.6500000000000001
-17,-12,5.039926991564229
-17,-12,15.14003220538682
-17,-12,1.6500000000000001
-17,-12,1.6500000000000001
-17,-12,1.6500000000000001
-17,-12,21.035297880249455
-17,-12,9.153037659580962
-16,-12,11.699871247712245
-16,-12,1.6500000000000001
-16,-12,1.9430294986883503
-16,-12,1.6500000000000001
-16,-12,2.029187139076587
-16,-12,1.6500000000000001
-16,-12,22.355033783241765
-16,-12,4.293923556673018
-16,-12,23.792763988009284
-16,-12,1.6500000000000001
-16,-12,3.051706746452039
-16,-12,1.6500000000000001
-16,-12,1.6500000000000001
-16,-12,1.6500000000000001
-16,-12,1.6500000000000001
-16,-12,1.6500000000000001
-16,-12,3.087525818326503
-16,-12,1.6500000000000001
-16,-12,9.48514057252195
-16,-12,1.6500000000000001
-16,-12,1.6500000000000001
-16,-12,1.6500000000000001
-16,-12,10.283547747889008
-16,-12,1.6500000000000001
-16,-12,1.6500000000000001
-16,-12,7.972457255040657
-16,-12,27.583449406377323
-16,-12,22.823367786974675
-16,-12,6.0752339218988105
-16,-12,1.6500000000000001
-16,-12,15.213409930139662
-16,-12,1.6500000000000001
-16,-12,8.374686821718742
-16,-12,1.6500000000000001
-16,-12,1.6500000000000001
-16,-12,9.056683793714035
-16,-12,1.6500000000000001
-16,-12,1.6500000000000001
-16,-12,1.6500000000000001
-16,-12,1.6500000000000001
-16,-12,17.13886830696076
-16,-12,6.752943530040621
-16,-12,1.6500000000000001
-16,-12,1.6500000000000001
-16,-12,1.6500000000000001
-16,-12,1.6500000000000001
-16,-12,13.961108695994348
-16,-12,11.334280267619427
-16,-12,1.6500000000000001
-16,-12,1.6500000000000001
-16,-12,1.6500000000000001
-16,-12,1.6500000000000001
-16,-12,1.6500000000000001
-16,-12,1.6500000000000001
-16,-12,1.6500000000000001
-16,-12,1.6500000000000001
-16,-12,1.6500000000000001
-16,-12,1.6500000000000001
-16,-12,1.6500000000000001
-16,-12,1.6500000000000001
-16,-12,1.6500000000000001
-16,-12,1.6500000000000001
-16,-12,19.01643561491566
-16,-12,29.7
-16,-12,1.6500000000000001
-16,-12,11.6195585241007
-16,-12,6.660866682669223
-16,-12,13.607981523013542
-16,-12,1.6500000000000001
-16,-12,1.6500000000000001
-16,-12,1.6500000000000001
-16,-12,25.477354992213495
-16,-12,1.6500000000000001
-16,-12,9.719779069772915
-16,-12,1.6500000000000001
-16,-12,2.377562022035031
-16,-12,1.6500000000000001
-16,-12,1.6500000000000001
-16,-12,1.6500000000000001
-16,-12,1.6500000000000001
-16,-12,1.6500000000000001
-16,-12,1.6500000000000001
-16,-12,1.6500000000000001
-16,-12,1.6500000000000001
-16,-12,1.6500000000000001
-16,-12,13.626940968400266
-16,-12,1.6500000000000001
-16,-12,1.6500000000000001
-16,-12,2.616809469214955
-16,-12,1.6500000000000001
-16,-12,1.6500000000000001
-16,-12,1.6500000000000001
-16,-12,1.6500000000000001
-16,-12,1.6500000000000001
-16,-12,1.6500000000000001
-16,-12,1.6500000000000001
-16,-12,1.6500000000000001
-16,-12,1.6500000000000001
-16,-12,1.6500000000000001
-16,-12,1.6500000000000001
-16,-12,1.6500000000000001
-16,-12,8.848786890000184
-16,-12,1.6500000000000001
-16,-12,9.941255101311986
-16,-12,2.381803985211576
-16,-12,1.6500000000000001
-16,-12,1.6500000000000001
-16,-12,1.6500000000000001
-16,-12,1.6500000000000001
-16,-12,1.6500000000000001
-16,-12,1.6500000000000001
-16,-12,1.6500000000000001
-16,-12,1.6500000000000001
-16,-12,1.6500000000000001
-16,-12,1.6500000000000001
-16,-12,1.6500000000000001
-16,-12,1.6500000000000001
-16,-12,1.6500000000000001
-16,-12,1.6500000000000001
-16,-12,1.6500000000000001
-16,-12,1.6500000000000001
-16,-12,1.6500000000000001
-16,-12,2.350126934310443
-15,-12,1.6500000000000001
-15,-12,1.6500000000000001
-15,-12,7.567547012325548
-15,-12,1.6500000000000001
-15,-12,8.890502502905852
-15,-12,1.6500000000000001
-15,-12,1.6500000000000001
-15,-12,1.6500000000000001
-15,-12,1.6500000000000001
-15,-12,1.6500000000000001
-15,-12,7.247887728464423
-15,-12,1.6500000000000001
-15,-12,1.6500000000000001
-15,-12,1.6500000000000001
-15,-12,5.0414060548900785
-15,-12,1.6500000000000001
-15,-12,1.6500000000000001
-15,-12,29.7
-15,-12,1.6500000000000001
-15,-12,6.468727567181263
-15,-12,1.6500000000000001
-15,-12,5.124125113185621
-15,-12,9.598546928527735
-15,-12,1.6500000000000001
-15,-12,4.455006335043723
-15,-12,9.632227850352258
-15,-12,1.6500000000000001
-15,-12,1.6500000000000001
-15,-12,1.9943742941894875
-15,-12,1.6500000000000001
-15,-12,1.6500000000000001
-15,-12,3.6585627414182857
-15,-12,1.6500000000000001
-15,-12,1.6500000000000001
-15,-12,1.6500000000000001
-15,-12,1.6500000000000001
-15,-12,1.6500000000000001
-15,-12,1.6500000000000001
-15,-12,1.6500000000000001
-15,-12,1.6500000000000001
-15,-12,1.6500000000000001
-15,-12,1.6500000000000001
-15,-12,1.6500000000000001
-15,-12,1.6500000000000001
-15,-12,1.6500000000000001
-15,-12,1.6500000000000001
-15,-12,1.6500000000000001
-15,-12,7.271616228466781
-15,-12,1.6500000000000001
-15,-12,1.6500000000000001
-15,-12,1.6500000000000001
-15,-12,1.6500000000000001
-15,-12,18.904902021857207
-15,-12,9.390572186620483
-15,-12,7.096637909778922
-15,-12,1.6500000000000001
-15,-12,1.6500000000000001
-15,-12,1.6500000000000001
-15,-12,8.906513709762185
-15,-12,1.6500000000000001
-15,-12,20.859159590722196
-15,-12,1.6500000000000001
-15,-12,1.6500000000000001
-15,-12,4.8649646933426025
-15,-12,1.6500000000000001
-15,-12,1.6500000000000001
-15,-12,1.6500000000000001
-15,-12,1.6500000000000001
-15,-12,1.6500000000000001
-15,-12,1.6500000000000001
-15,-12,1.6500000000000001
-15,-12,1.6500000000000001
-15,-12,1.6500000000000001
-15,-12,1.6500000000000001
-15,-12,1.6500000000000001
-15,-12,1.6500000000000001
-15,-12,1.6500000000000001
-15,-12,1.6500000000000001
-15,-12,10.810140632867089
-15,-12,21.998200930854132
-15,-12,7.365699655166448
-15,-12,16.226356425014966
-15,-12,1.6500000000000001
-15,-12,1.6500000000000001
-15,-12,1.6500000000000001
-15,-12,1.6500000000000001
-15,-12,1.6500000000000001
-15,-12,3.9714287683697767
-15,-12,1.6500000000000001
-15,-12,15.851189617932416
-15,-12,7.465464733323882
-15,-12,1.6500000000000001
-15,-12,8.445849696960801
-15,-12,2.8899531764889903
-15,-12,1.6500000000000001
-15,-12,13.528567116517847
-15,-12,1.6500000000000001
-15,-12,1.6500000000000001
-15,-12,9.407251892905936
-15,-12,1.6500000000000001
-15,-12,1.6500000000000001
-15,-12,9.21661826776981
-15,-12,1.6500000000000001
-15,-12,1.6500000000000001
-15,-12,1.6500000000000001
-15,-12,24.470893999744565
-15,-12,1.6500000000000001
-15,-12,1.6500000000000001
-15,-12,5.934396254576484
-15,-12,1.6500000000000001
-15,-12,6.369110325112095
-15,-12,1.6500000000000001
-15,-12,5.084125985739318
-15,-12,20.64111838463868
-15,-12,1.6500000000000001
-15,-12,5.873831166694561
-15,-12,21.155450502016347
-15,-12,6.425071106383878
-15,-12,1.6500000000000001
-15,-12,1.6500000000000001
-15,-12,1.6500000000000001
-15,-12,1.6500000000000001
-14,-12,1.6500000000000001
-14,-12,12.797235184309919
-14,-12,1.6500000000000001
-14,-12,1.6500000000000001
-14,-12,1.6500000000000001
-14,-12,1.6500000000000001
-14,-12,1.6500000000000001
-14,-12,29.7
-14,-12,1.6500000000000001
-14,-12,1.6500000000000001
-14,-12,19.29699626274563
-14,-12,6.42799230621303
-14,-12,1.6500000000000001
-14,-12,29.7
-14,-12,1.6500000000000001
-14,-12,15.617720451850026
-14,-12,1.6500000000000001
-14,-12,1.6500000000000001
-14,-12,1.6500000000000001
-14,-12,1.6500000000000001
-14,-12,1.6500000000000001
-14,-12,1.6500000000000001
-14,-12,1.724745558092946
-14,-12,1.6500000000000001
-14,-12,1.6500000000000001
-14,-12,1.6500000000000001
-14,-12,1.6500000000000001
-14,-12,1.6500000000000001
-14,-12,1.6500000000000001
-14,-12,3.5553486715960725
-14,-12,1.6500000000000001
-14,-12,10.31707737131785
-14,-12,4.343720865358574
-14,-12,1.6500000000000001
-14,-12,1.6500000000000001
-14,-12,7.826173286982912
-14,-12,1.6500000000000001
-14,-12,1.6500000000000001
-14,-12,1.6500000000000001
-14,-12,12.498106610370732
-14,-12,1.6500000000000001
-14,-12,14.500334808947333
-14,-12,1.6500000000000001
-14,-12,1.6500000000000001
-14,-12,1.6500000000000001
-14,-12,1.6500000000000001
-14,-12,1.6500000000000001
-14,-12,5.077240713337423
-14,-12,1.6500000000000001
-14,-12,1.6500000000000001
-14,-12,11.158378216268407
-14,-12,8.209247464203044
-14,-12,1.6500000000000001
-14,-12,1.6500000000000001
-14,-12,1.6500000000000001
-14,-12,9.481851318052193
-14,-12,1.6500000000000001
-14,-12,4.016514458521073
-14,-12,1.6500000000000001
-14,-12,1.6500000000000001
-14,-12,1.6500000000000001
-14,-12,2.0123536927835133
-14,-12,1.6500000000000001
-14,-12,1.6500000000000001
-14,-12,4.760247898684522
-14,-12,1.6500000000000001
-14,-12,1.6500000000000001
-14,-12,7.475955788617258
-14,-12,1.6500000000000001
-14,-12,1.81458094722041
-14,-12,1.6500000000000001
-14,-12,5.960769891034518
-14,-12,1.6500000000000001
-14,-12,1.6500000000000001
-14,-12,1.6500000000000001
-14,-12,4.663267180994604
-14,-12,1.6500000000000001
-14,-12,1.6500000000000001
-14,-12,1.6500000000000001
-14,-12,1.6500000000000001
-14,-12,1.6500000000000001
-14,-12,1.6500000000000001
-14,-12,1.6500000000000001
-14,-12,4.5026108680043135
-14,-12,1.6500000000000001
-14,-12,1.6500000000000001
-14,-12,1.6500000000000001
-14,-12,1.6500000000000001
-14,-12,29.7
-14,-12,1.6500000000000001
-14,-12,25.242395493812417
-14,-12,1.6500000000000001
-14,-12,1.6500000000000001
-14,-12,1.6500000000000001
-14,-12,1.6500000000000001
-14,-12,1.6500000000000001
-14,-12,1.6500000000000001
-14,-12,1.6500000000000001
-14,-12,1.7547902310183288
-14,-12,1.6500000000000001
-14,-12,6.925865970573644
-14,-12,16.367367093855208
-14,-12,4.337224494354489
-14,-12,11.730696861361023
-14,-12,9.310750090059713
-14,-12,28.465067648316015
-14,-12,1.6500000000000001
-14,-12,17.353694480786395
-14,-12,1.6500000000000001
-14,-12,1.6500000000000001
-14,-12,29.7
-14,-12,1.6500000000000001
-14,-12,29.7
-14,-12,1.6500000000000001
-14,-12,13.406302435723633
-14,-12,29.7
-14,-12,1.6500000000000001
-14,-12,1.6500000000000001
-14,-12,1.6500000000000001
-14,-12,1.6500000000000001
-14,-12,1.6500000000000001
-14,-12,1.6500000000000001
-13,-12,1.6500000000000001
-13,-12,1.6500000000000001
-13,-12,1.6500000000000001
-13,-12,7.147087676410743
-13,-12,1.6500000000000001
-13,-12,1.6500000000000001
-13,-12,17.230260638881404
-13,-12,1.6500000000000001
-13,-12,1.6500000000000001
-13,-12,1.6500000000000001
-13,-12,1.6500000000000001
-13,-12,9.851319806511727
-13,-12,1.6500000000000001
-13,-12,1.6500000000000001
-13,-12,9.526654165328956
-13,-12,1.6500000000000001
-13,-12,1.6500000000000001
-13,-12,3.5618127948429557
-13,-12,1.6500000000000001
-13,-12,3.5392149793261236
-13,-12,1.6500000000000001
-13,-12,9.303463104409072
-13,-12,1.6500000000000001
-13,-12,1.6500000000000001
-13,-12,1.6500000000000001
-13,-12,11.936195821366635
-13,-12,4.57356206656149
-13,-12,1.6500000000000001
-13,-12,1.6500000000000001
-13,-12,1.6500000000000001
-13,-12,15.119619535836087
-13,-12,27.06232107476199
-13,-12,24.497660438098247
-13,-12,8.419562120482507
-13,-12,1.6500000000000001
-13,-12,8.867547569616763
-13,-12,4.970521028411609
-13,-12,1.6500000000000001
-13,-12,1.6500000000000001
-13,-12,1.6500000000000001
-13,-12,1.6500000000000001
-13,-12,5.0477521088400845
-13,-12,1.6500000000000001
-13,-12,25.708371437980272
-13,-12,15.1023289317917
-13,-12,1.6500000000000001
-13,-12,1.6500000000000001
-13,-12,1.6500000000000001
-13,-12,1.6500000000000001
-13,-12,1.6500000000000001
-13,-12,1.6500000000000001
-13,-12,19.684258207955786
-13,-12,1.6500000000000001
-13,-12,9.676677793246846
-13,-12,4.999346100827683
-13,-12,1.6500000000000001
-13,-12,1.6500000000000001
-13,-12,10.257681576818008
-13,-12,1.6500000000000001
-13,-12,1.6500000000000001
-13,-12,1.6500000000000001
-13,-12,18.051100504132908
-13,-12,1.6500000000000001
-13,-12,1.6500000000000001
-13,-12,13.605015434376126
-13,-12,1.6500000000000001
-13,-12,7.6641258093207965
-13,-12,1.6500000000000001
-13,-12,15.71862026001553
-13,-12,1.6500000000000001
-13,-12,1.6500000000000001
-13,-12,4.322417564846214
-13,-12,18.048736287758125
-13,-12,4.959567559272055
-13,-12,1.6500000000000001
-13,-12,10.826066524596186
-13,-12,1.6500000000000001
-13,-12,3.268567200602215
-13,-12,1.6500000000000001
-13,-12,1.6500000000000001
-13,-12,11.692089313237677
-13,-12,1.6500000000000001
-13,-12,1.6500000000000001
-13,-12,1.6500000000000001
-13,-12,1.6500000000000001
-13,-12,1.6500000000000001
-13,-12,1.6500000000000001
-13,-12,1.6500000000000001
-13,-12,1.6500000000000001
-13,-12,2.3913215974490507
-13,-12,8.93780468177223
-13,-12,12.456345985725996
-13,-12,1.6500000000000001
-13,-12,1.6500000000000001
-13,-12,1.6500000000000001
-13,-12,1.6500000000000001
-13,-12,1.6500000000000001
-13,-12,1.6500000000000001
-13,-12,13.432375699694115
-13,-12,10.69147729100117
-13,-12,1.6500000000000001
-13,-12,1.6500000000000001
-13,-12,1.6500000000000001
-13,-12,8.639368882931219
-13,-12,1.6500000000000001
-13,-12,1.6500000000000001
-13,-12,10.174710845329642
-13,-12,1.6500000000000001
-13,-12,1.6500000000000001
-13,-12,1.6500000000000001
-13,-12,1.6500000000000001
-13,-12,8.596007451463098
-13,-12,1.6500000000000001
-13,-12,15.44273070021882
-13,-12,26.389865274968248
-13,-12,23.171281794261866
-13,-12,24.135349721052954
-13,-12,1.6500000000000001
-13,-12,1.6500000000000001
-13,-12,4.54339369929855
-13,-12,1.6500000000000001
-13,-12,1.6500000000000001
-12,-12,1.6500000000000001
-12,-12,1.6500000000000001
-12,-12,1.6500000000000001
-12,-12,3.479077279507534
-12,-12,1.6500000000000001
-12,-12,2.7883629376786043
-12,-12,1.6500000000000001
-12,-12,9.058093074813712
-12,-12,1.6500000000000001
-12,-12,1.6500000000000001
-12,-12,6.070613023472767
-12,-12,1.6500000000000001
-12,-12,8.696047305400075
-12,-12,15.31068834544868
-12,-12,5.587450046492528
-12,-12,15.05466903830012
-12,-12,6.628886616280813
-12,-12,1.6594458107673011
-12,-12,1.6500000000000001
-12,-12,1.6500000000000001
-12,-12,1.6500000000000001
-12,-12,1.6500000000000001
-12,-12,1.6500000000000001
-12,-12,1.6500000000000001
-12,-12,17.822268954571804
-12,-12,7.942939968465003
-12,-12,1.6500000000000001
-12,-12,1.6500000000000001
-12,-12,1.6500000000000001
-12,-12,29.7
-12,-12,1.6500000000000001
-12,-12,1.6500000000000001
-12,-12,1.6500000000000001
-12,-12,9.874486466182827
-12,-12,8.76936904160422
-12,-12,4.400755660001796
-12,-12,22.18805238767022
-12,-12,3.2087062096331787
-12,-12,2.398110830321416
-12,-12,1.6500000000000001
-12,-12,10.275005435016736
-12,-12,1.6500000000000001
-12,-12,1.6500000000000001
-12,-12,8.995475086441175
-12,-12,11.969318302132308
-12,-12,1.6500000000000001
-12,-12,1.6500000000000001
-12,-12,3.757352260061033
-12,-12,1.6500000000000001
-12,-12,1.6500000000000001
-12,-12,2.3679266764888762
-12,-12,6.375300755816093
-12,-12,5.3704016232191005
-12,-12,1.6500000000000001
-12,-12,2.0337519412109684
-12,-12,1.6500000000000001
-12,-12,6.479116505260222
-12,-12,1.6500000000000001
-12,-12,1.6500000000000001
-12,-12,1.6500000000000001
-12,-12,1.6500000000000001
-12,-12,20.766448878079213
-12,-12,5.987421908008196
-12,-12,1.6500000000000001
-12,-12,1.6500000000000001
-12,-12,1.6500000000000001
-12,-12,5.570596928363981
-12,-12,12.193192971488514
-12,-12,19.34086250406147
-12,-12,1.656098955115592
-12,-12,1.6500000000000001
-12,-12,10.703415310355757
-12,-12,5.632972687422446
-12,-12,1.6500000000000001
-12,-12,1.6500000000000001
-12,-12,7.152462041374873
-12,-12,1.6500000000000001
-12,-12,15.696457646413549
-12,-12,13.942898228178388
-12,-12,1.6500000000000001
-12,-12,9.655175873877957
-12,-12,1.6500000000000001
-12,-12,1.6500000000000001
-12,-12,1.6500000000000001
-12,-12,1.6500000000000001
-12,-12,1.6500000000000001
-12,-12,1.6500000000000001
-12,-12,29.7
-12,-12,1.6500000000000001
-12,-12,1.6500000000000001
-12,-12,1.6500000000000001
-12,-12,4.524701571778633
-12,-12,21.213673140910224
-12,-12,1.6500000000000001
-12,-12,1.6500000000000001
-12,-12,11.812899430108212
-12,-12,7.24190199853823
-12,-12,4.927662057896518
-12,-12,10.715112900051414
-12,-12,5.588284420336244
-12,-12,29.7
-12,-12,1.6500000000000001
-12,-12,9.376967545718152
-12,-12,1.6500000000000001
-12,-12,2.677713046696524
-12,-12,24.354307453383797
-12,-12,3.4800714207223873
-12,-12,1.6500000000000001
-12,-12,3.4748528596922554
-12,-12,1.6500000000000001
-12,-12,1.6500000000000001
-12,-12,1.6500000000000001
-12,-12,1.6500000000000001
-12,-12,1.6500000000000001
-12,-12,15.234321535060799
-12,-12,21.067749123386598
-12,-12,1.6500000000000001
-12,-12,1.6500000000000001
-12,-12,8.929915058114615
-12,-12,1.6500000000000001
-12,-12,1.6500000000000001
-12,-12,1.6500000000000001
-11,-12,9.872849528074507
-11,-12,12.798001262022497
-11,-12,1.6500000000000001
-11,-12,1.6500000000000001
-11,-12,29.7
-11,-12,20.96825233867933
-11,-12,4.5721336096116465
-11,-12,1.6500000000000001
-11,-12,7.463191581519425
-11,-12,23.58860639838146
-11,-12,7.942760492658368
-11,-12,1.6500000000000001
-11,-12,1.6500000000000001
-11,-12,1.6500000000000001
-11,-12,12.74138591820545
-11,-12,1.6500000000000001
-11,-12,29.7
-11,-12,16.61264876553741
-11,-12,9.894016274268386
-11,-12,16.69547330386661
-11,-12,1.6500000000000001
-11,-12,1.6500000000000001
-11,-12,1.6500000000000001
-11,-12,9.604060029559175
-11,-12,1.6500000000000001
-11,-12,1.6500000000000001
-11,-12,12.422129751154687
-11,-12,5.708191419165095
-11,-12,6.6761791543526225
-11,-12,1.6500000000000001
-11,-12,2.467481417794173
-11,-12,1.6500000000000001
-11,-12,8.873202507365404
-11,-12,3.5956016931927044
-11,-12,1.6500000000000001
-11,-12,23.416769970597638
-11,-12,1.6500000000000001
-11,-12,14.56790524994477
-11,-12,25.66169813090297
-11,-12,7.418331619659455
-11,-12,1.6500000000000001
-11,-12,1.6500000000000001
-11,-12,19.545499262848814
-11,-12,1.6500000000000001
-11,-12,8.185075758915659
-11,-12,1.6500000000000001
-11,-12,1.6500000000000001
-11,-12,1.6500000000000001
-11,-12,1.6500000000000001
-11,-12,5.058176697048797
-11,-12,1.6500000000000001
-11,-12,1.6500000000000001
-11,-12,7.610551086774674
-11,-12,1.701788468817329
-11,-12,1.6500000000000001
-11,-12,1.6500000000000001
-11,-12,20.734272741588928
-11,-12,11.197526962933138
-11,-12,6.714909933362669
-11,-12,12.883756891228
-11,-12,8.273988132371189
-11,-12,19.108549460616313
-11,-12,1.6500000000000001
-11,-12,11.592055502722488
-11,-12,4.945484457071682
-11,-12,8.67662498150133
-11,-12,1.6500000000000001
-11,-12,15.636716695939404
-11,-12,1.9325191810273585
-11,-12,3.197356838212131
-11,-12,1.6500000000000001
-11,-12,1.6500000000000001
-11,-12,8.68772565757454
-11,-12,12.76570915945004
-11,-12,3.2411491094190064
-11,-12,1.6500000000000001
-11,-12,1.6500000000000001
-11,-12,5.745933595695405
-11,-12,1.6500000000000001
-11,-12,8.67226576365946
-11,-12,7.161322345294042
-11,-12,1.6500000000000001
-11,-12,1.6500000000000001
-11,-12,13.725505687270354
-11,-12,1.6500000000000001
-11,-12,1.6500000000000001
-11,-12,1.6500000000000001
-11,-12,1.6500000000000001
-11,-12,8.02697610555009
-11,-12,1.6500000000000001
-11,-12,1.6500000000000001
-11,-12,12.247467340048427
-11,-12,4.587690396211003
-11,-12,1.6500000000000001
-11,-12,1.6500000000000001
-11,-12,5.206698936411685
-11,-12,1.6500000000000001
-11,-12,1.6500000000000001
-11,-12,1.6500000000000001
-11,-12,1.6500000000000001
-11,-12,1.6500000000000001
-11,-12,8.582044838671527
-11,-12,3.2821856020341635
-11,-12,12.70218943025773
-11,-12,13.478145396289223
-11,-12,7.460471954059688
-11,-12,1.6500000000000001
-11,-12,8.152101757947685
-11,-12,16.724397045486498
-11,-12,1.6500000000000001
-11,-12,4.85317123345988
-11,-12,17.927195349447697
-11,-12,12.661120507211555
-11,-12,21.853175609091902
-11,-12,5.826711624871494
-11,-12,9.202054284872561
-11,-12,20.035898303586364
-11,-12,12.059231724419156
-11,-12,1.6500000000000001
-11,-12,1.6500000000000001
-11,-12,17.98291404346377
-11,-12,1.6500000000000001
-11,-12,6.532693746203448
-10,-12,4.4251965301797584
-10,-12,20.114892567298362
-10,-12,1.6500000000000001
-10,-12,1.6500000000000001
-10,-12,1.6500000000000001
-10,-12,1.6500000000000001
-10,-12,1.6500000000000001
-10,-12,22.608749163538537
-10,-12,1.6500000000000001
-10,-12,1.7717458544202007
-10,-12,3.046401054829932
-10,-12,10.414212007939293
-10,-12,22.799424979112928
-10,-12,3.1438255333075125
-10,-12,1.6500000000000001
-10,-12,16.77867963532092
-10,-12,10.490425273640103
-10,-12,1.6500000000000001
-10,-12,17.311595151385788
-10,-12,1.6500000000000001
-10,-12,1.6500000000000001
-10,-12,15.125885567805234
-10,-12,2.9114599852735563
-10,-12,12.835171492308122
-10,-12,1.6500000000000001
-10,-12,1.6500000000000001
-10,-12,12.012258236601062
-10,-12,1.6500000000000001
-10,-12,15.07777763402168
-10,-12,10.039475228128728
-10,-12,1.6500000000000001
-10,-12,3.361533669665278
-10,-12,4.619928640947658
-10,-12,1.6500000000000001
-10,-12,5.674186139059901
-10,-12,1.6500000000000001
-10,-12,1.6500000000000001
-10,-12,3.0687397829467455
-10,-12,1.6500000000000001
-10,-12,1.6500000000000001
-10,-12,16.2994649613874
-10,-12,1.6500000000000001
-10,-12,1.6500000000000001
-10,-12,13.353429606236286
-10,-12,1.6500000000000001
-10,-12,1.6500000000000001
-10,-12,7.640254438931924
-10,-12,2.726729818726238
-10,-12,1.6500000000000001
-10,-12,1.6500000000000001
-10,-12,15.925222856405341
-10,-12,29.7
-10,-12,7.328056774970184
-10,-12,9.50293149975985
-10,-12,1.6500000000000001
-10,-12,1.6500000000000001
-10,-12,27.730475243443557
-10,-12,1.6500000000000001
-10,-12,1.6500000000000001
-10,-12,1.6500000000000001
-10,-12,6.091172096911037
-10,-12,1.6500000000000001
-10,-12,1.6500000000000001
-10,-12,1.6500000000000001
-10,-12,11.055937378498394
-10,-12,1.6500000000000001
-10,-12,1.6500000000000001
-10,-12,2.3155513659842573
-10,-12,1.6500000000000001
-10,-12,1.6500000000000001
-10,-12,1.6500000000000001
-10,-12,8.972875172126285
-10,-12,5.065908779504381
-10,-12,1.6500000000000001
-10,-12,1.6500000000000001
-10,-12,1.6500000000000001
-10,-12,1.6500000000000001
-10,-12,1.6500000000000001
-10,-12,1.6500000000000001
-10,-12,1.6500000000000001
-10,-12,7.59539702298286
-10,-12,1.6500000000000001
-10,-12,1.6500000000000001
-10,-12,1.6500000000000001
-10,-12,29.7
-10,-12,1.6500000000000001
-10,-12,3.6013338597808726
-10,-12,21.74642328964619
-10,-12,1.6500000000000001
-10,-12,23.822321246855577
-10,-12,1.6500000000000001
-10,-12,1.6500000000000001
-10,-12,1.6500000000000001
-10,-12,22.6314582538826
-10,-12,12.707972512763673
-10,-12,1.6500000000000001
-10,-12,21.072052091216598
-10,-12,20.821393349077127
-10,-12,1.6500000000000001
-10,-12,6.684223994135188
-10,-12,3.7923793460292647
-10,-12,1.6500000000000001
-10,-12,5.156097346187352
-10,-12,16.263316769430958
-10,-12,13.644092075284671
-10,-12,1.6500000000000001
-10,-12,29.7
-10,-12,1.6500000000000001
-10,-12,4.766754524029707
-10,-12,1.6500000000000001
-10,-12,12.747768800048764
-10,-12,1.6500000000000001
-10,-12,4.340855712870706
-10,-12,1.6500000000000001
-10,-12,10.217240192872884
-10,-12,15.36977866146984
-10,-12,7.229686642470242
-10,-12,3.566455253104305
-10,-12,4.676956518129508
-10,-12,1.6500000000000001
-10,-12,8.563032664212322
-10,-12,1.6500000000000001
-10,-11,17.293170728338836
-10,-11,1.6500000000000001
-10,-11,1.6500000000000001
-10,-11,10.706945460451978
-10,-11,1.6500000000000001
-10,-11,5.148077980205793
-10,-11,1.6500000000000001
-10,-11,17.73973203038665
-10,-11,29.7
-10,-11,1.6500000000000001
-10,-11,15.943307928907156
-10,-11,1.6500000000000001
-10,-11,1.6500000000000001
-10,-11,15.053423427113254
-10,-11,18.296332381707245
-10,-11,1.6500000000000001
-10,-11,1.6500000000000001
-10,-11,27.76925658252178
-10,-11,1.6500000000000001
-10,-11,1.6500000000000001
-10,-11,12.308734409992827
-10,-11,1.6500000000000001
-10,-11,29.7
-10,-11,1.6500000000000001
-10,-11,1.9088364388786339
-10,-11,11.485930076322544
-10,-11,7.940418120089544
-10,-11,1.6500000000000001
-10,-11,1.6500000000000001
-10,-11,1.6500000000000001
-10,-11,20.54877176229961
-10,-11,1.6500000000000001
-10,-11,12.883219242278651
-10,-11,1.6500000000000001
-10,-11,1.6500000000000001
-10,-11,1.6500000000000001
-10,-11,1.6500000000000001
-10,-11,25.79997674977159
-10,-11,1.6500000000000001
-10,-11,4.383292501730416
-10,-11,4.716925532174263
-10,-11,1.6500000000000001
-10,-11,16.481900546714414
-10,-11,12.19106983272356
-10,-11,1.6500000000000001
-10,-11,21.645188911015822
-10,-11,7.880952493556791
-10,-11,9.38451441216106
-10,-11,11.695062910805591
-10,-11,1.6500000000000001
-10,-11,15.776426924583266
-10,-11,3.2251408023823993
-10,-11,1.6500000000000001
-10,-11,1.6500000000000001
-10,-11,1.9946406002928427
-10,-11,25.75604172149557
-10,-11,1.6500000000000001
-10,-11,20.477596245558885
-10,-11,13.093002750215794
-10,-11,1.6500000000000001
-10,-11,1.6500000000000001
-10,-11,1.6500000000000001
-10,-11,29.7
-10,-11,16.310751278336653
-10,-11,11.30622645311583
-10,-11,1.6500000000000001
-10,-11,9.79556588944613
-10,-11,10.089269912884763
-10,-11,3.261587555704752
-10,-11,1.7208499680922187
-10,-11,1.6500000000000001
-10,-11,1.6500000000000001
-10,-11,1.6500000000000001
-10,-11,9.47150479245185
-10,-11,27.810375449045804
-10,-11,1.6500000000000001
-10,-11,7.554654050620219
-10,-11,1.6500000000000001
-10,-11,1.6500000000000001
-10,-11,4.383473499611997
-10,-11,11.382424391028762
-10,-11,1.6500000000000001
-10,-11,1.6500000000000001
-10,-11,18.062765307717108
-10,-11,5.339343562484686
-10,-11,29.7
-10,-11,9.064288441998363
-10,-11,13.531481086806021
-10,-11,19.895156700170364
-10,-11,6.268683425508412
-10,-11,1.6500000000000001
-10,-11,1.6500000000000001
-10,-11,1.6500000000000001
-10,-11,1.6500000000000001
-10,-11,9.139184511705107
-10,-11,29.7
-10,-11,6.723682044883448
-10,-11,6.117043649500239
-10,-11,1.6500000000000001
-10,-11,20.954362910969884
-10,-11,1.6500000000000001
-10,-11,5.244419960307533
-10,-11,12.7209204988825
-10,-11,10.787632064176226
-10,-11,9.673474623723259
-10,-11,21.425938100919254
-10,-11,1.6500000000000001
-10,-11,15.27209487210389
-10,-11,1.6500000000000001
-10,-11,14.574917762142237
-10,-11,1.6500000000000001
-10,-11,1.6500000000000001
-10,-11,1.6500000000000001
-10,-11,6.398749308637394
-10,-11,1.6500000000000001
-10,-11,1.6500000000000001
-10,-11,5.086670050087306
-10,-11,13.570571068551411
-10,-11,1.6500000000000001
-10,-11,6.613049436911558
-10,-11,5.329352262233446
-10,-11,1.6500000000000001
-11,-11,22.459467048589147
-11,-11,1.6500000000000001
-11,-11,1.6500000000000001
-11,-11,18.001539466764605
-11,-11,26.512967637573894
-11,-11,1.6500000000000001
-11,-11,1.6500000000000001
-11,-11,1.6500000000000001
-11,-11,1.6500000000000001
-11,-11,2.966276794794882
-11,-11,13.335271032836227
-11,-11,13.673742335528488
-11,-11,2.9417977898716514
-11,-11,1.6500000000000001
-11,-11,13.481961420260983
-11,-11,19.65180170937546
-11,-11,7.654038339838456
-11,-11,6.234358550312247
-11,-11,1.6500000000000001
-11,-11,1.6500000000000001
-11,-11,2.79966588735698
-11,-11,21.303594070446543
-11,-11,5.655597497986161
-11,-11,11.036957903357202
-11,-11,1.6500000000000001
-11,-11,1.6500000000000001
-11,-11,11.27382818040671
-11,-11,8.104171778838076
-11,-11,7.5164017078203855
-11,-11,1.6500000000000001
-11,-11,1.6500000000000001
-11,-11,1.6500000000000001
-11,-11,10.966166644540447
-11,-11,1.6500000000000001
-11,-11,13.924601220303689
-11,-11,2.610778697020338
-11,-11,7.979701034984578
-11,-11,1.6500000000000001
-11,-11,1.6500000000000001
-11,-11,2.0841344376011515
-11,-11,1.6500000000000001
-11,-11,1.6500000000000001
-11,-11,17.844078012143115
-11,-11,1.6500000000000001
-11,-11,1.6500000000000001
-11,-11,1.6500000000000001
-11,-11,3.5310616017723264
-11,-11,1.6500000000000001
-11,-11,1.951287814748867
-11,-11,1.6500000000000001
-11,-11,12.879931609397094
-11,-11,15.211487104901241
-11,-11,1.6500000000000001
-11,-11,18.603355515179828
-11,-11,29.7
-11,-11,1.6500000000000001
-11,-11,14.48092049466937
-11,-11,1.6500000000000001
-11,-11,15.640596630714478
-11,-11,1.6500000000000001
-11,-11,1.6500000000000001
-11,-11,16.924804176910435
-11,-11,1.6500000000000001
-11,-11,1.6500000000000001
-11,-11,1.6500000000000001
-11,-11,18.000561049609534
-11,-11,1.6500000000000001
-11,-11,1.6500000000000001
-11,-11,1.6500000000000001
-11,-11,29.7
-11,-11,27.179598584973718
-11,-11,3.1397579708351113
-11,-11,29.7
-11,-11,23.956781447408634
-11,-11,1.6500000000000001
-11,-11,1.6500000000000001
-11,-11,6.320675533387579
-11,-11,1.6500000000000001
-11,-11,29.7
-11,-11,1.6500000000000001
-11,-11,7.730738411456851
-11,-11,1.6500000000000001
-11,-11,7.441045125214833
-11,-11,1.6500000000000001
-11,-11,14.068340075008466
-11,-11,9.514127702543197
-11,-11,1.6500000000000001
-11,-11,13.393766894922276
-11,-11,29.7
-11,-11,1.6500000000000001
-11,-11,2.6812645944259748
-11,-11,1.6500000000000001
-11,-11,1.6500000000000001
-11,-11,1.6500000000000001
-11,-11,1.6500000000000001
-11,-11,1.6500000000000001
-11,-11,1.6500000000000001
-11,-11,1.6500000000000001
-11,-11,1.6500000000000001
-11,-11,8.078695837721511
-11,-11,1.6500000000000001
-11,-11,1.6500000000000001
-11,-11,6.29144405016557
-11,-11,1.6500000000000001
-11,-11,16.302449134838472
-11,-11,1.6500000000000001
-11,-11,1.6500000000000001
-11,-11,1.6500000000000001
-11,-11,7.493279375414408
-11,-11,3.734510454656319
-11,-11,14.379784448841216
-11,-11,1.6500000000000001
-11,-11,1.6500000000000001
-11,-11,1.6500000000000001
-11,-11,1.6500000000000001
-11,-11,1.6500000000000001
-11,-11,17.032779580241836
-11,-11,4.269208579455831
-11,-11,4.32650885197935
-11,-11,4.530505580701672
-11,-11,1.6500000000000001
-11,-11,10.814780269371152
-10,-11,16.498949337646238
-10,-11,21.6470756350389
-10,-11,14.413514634206638
-10,-11,22.107276972566783
-10,-11,1.6500000000000001
-10,-11,17.33690242606412
-10,-11,1.6500000000000001
-10,-11,1.6500000000000001
-10,-11,3.7439843718967234
-10,-11,1.6500000000000001
-10,-11,6.61394516973419
-10,-11,7.560707519220933
-10,-11,9.455194346589147
-10,-11,1.6500000000000001
-10,-11,16.11991235797487
-10,-11,7.726251729353905
-10,-11,1.6500000000000001
-10,-11,1.6500000000000001
-10,-11,24.55876860727136
-10,-11,13.568488150849234
-10,-11,1.6500000000000001
-10,-11,12.550837966415118
-10,-11,1.6500000000000001
-10,-11,1.6500000000000001
-10,-11,1.6500000000000001
-10,-11,10.786623708608586
-10,-11,1.6500000000000001
-10,-11,1.6500000000000001
-10,-11,13.86106255157259
-10,-11,8.79406835038727
-10,-11,1.6500000000000001
-10,-11,1.6500000000000001
-10,-11,1.6500000000000001
-10,-11,14.296871334128468
-10,-11,26.96748397744585
-10,-11,3.625756345135355
-10,-11,27.660074126060934
-10,-11,1.6500000000000001
-10,-11,1.6500000000000001
-10,-11,4.546387131811628
-10,-11,1.6500000000000001
-10,-11,1.6500000000000001
-10,-11,1.6500000000000001
-10,-11,9.312899267903653
-10,-11,10.727597092397609
-10,-11,13.194064538436319
-10,-11,1.677981664879375
-10,-11,1.6500000000000001
-10,-11,1.6500000000000001
-10,-11,1.6500000000000001
-10,-11,1.6500000000000001
-10,-11,1.6500000000000001
-10,-11,5.712135773194991
-10,-11,1.6500000000000001
-10,-11,29.7
-10,-11,13.04393673312645
-10,-11,3.991039412374265
-10,-11,18.107482712736775
-10,-11,1.6500000000000001
-10,-11,1.6500000000000001
-10,-11,1.6500000000000001
-10,-11,1.6500000000000001
-10,-11,4.5333745210330605
-10,-11,9.593302858346375
-10,-11,1.6500000000000001
-10,-11,1.6500000000000001
-10,-11,1.6500000000000001
-10,-11,1.6500000000000001
-10,-11,10.955667489496612
-10,-11,1.6500000000000001
-10,-11,13.044910278065831
-10,-11,1.6500000000000001
-10,-11,1.6500000000000001
-10,-11,9.708009669894516
-10,-11,1.6500000000000001
-10,-11,10.142398142297198
-10,-11,20.975723966198682
-10,-11,20.42759435151285
-10,-11,10.503777356632412
-10,-11,6.812200270450957
-10,-11,1.6500000000000001
-10,-11,16.20512299342281
-10,-11,1.6500000000000001
-10,-11,22.19911338786136
-10,-11,1.6500000000000001
-10,-11,1.6500000000000001
-10,-11,11.212122292234247
-10,-11,1.6500000000000001
-10,-11,12.147768159832722
-10,-11,1.6500000000000001
-10,-11,1.6500000000000001
-10,-11,1.6500000000000001
-10,-11,1.6500000000000001
-10,-11,29.7
-10,-11,1.6500000000000001
-10,-11,11.304044356888163
-10,-11,1.6500000000000001
-10,-11,29.7
-10,-11,3.4046544899160125
-10,-11,3.7269451459375436
-10,-11,1.6500000000000001
-10,-11,12.527642012097239
-10,-11,4.86429768379307
-10,-11,1.6500000000000001
-10,-11,6.876160506751389
-10,-11,4.801800127093387
-10,-11,1.6500000000000001
-10,-11,17.329368487584528
-10,-11,1.6500000000000001
-10,-11,1.6500000000000001
-10,-11,25.471261946706928
-10,-11,5.656078023925814
-10,-11,15.620940612867846
-10,-11,1.6500000000000001
-10,-11,1.6500000000000001
-10,-11,1.6500000000000001
-10,-11,10.404595771798274
-10,-11,1.6500000000000001
-10,-11,1.6500000000000001
-10,-11,3.9669465580855707
-10,-11,2.625286202359942
-10,-11,1.6500000000000001
-10,-10,17.161182475589676
-10,-10,18.257326274290186
-10,-10,1.6500000000000001
-10,-10,8.451378603099567
-10,-10,1.6500000000000001
-10,-10,1.6500000000000001
-10,-10,1.6500000000000001
-10,-10,1.6500000000000001
-10,-10,7.326007698980696
-10,-10,8.085098585351682
-10,-10,1.6500000000000001
-10,-10,1.6500000000000001
-10,-10,3.7353312108725425
-10,-10,1.6500000000000001
-10,-10,3.5865551314750546
-10,-10,23.352097817566843
-10,-10,19.122882978512205
-10,-10,11.134442822929216
-10,-10,3.2067885425286087
-10,-10,14.21379087284579
-10,-10,13.241100656025953
-10,-10,1.6500000000000001
-10,-10,1.6500000000000001
-10,-10,14.61845603608058
-10,-10,15.141548871778456
-10,-10,12.908500250249002
-10,-10,1.6500000000000001
-10,-10,1.6500000000000001
-10,-10,1.6500000000000001
-10,-10,1.6500000000000001
-10,-10,15.606746889808933
-10,-10,1.6500000000000001
-10,-10,8.07546413179348
-10,-10,1.6500000000000001
-10,-10,4.637418093785562
-10,-10,12.933008277554025
-10,-10,19.80313481893016
-10,-10,1.6500000000000001
-10,-10,17.424346793703997
-10,-10,29.7
-10,-10,1.6500000000000001
-10,-10,1.6500000000000001
-10,-10,1.6500000000000001
-10,-10,29.7
-10,-10,10.32600855502676
-10,-10,1.6500000000000001
-10,-10,1.6500000000000001
-10,-10,1.6500000000000001
-10,-10,1.6500000000000001
-10,-10,1.6606810950822268
-10,-10,16.307474364140475
-10,-10,24.13245598215468
-10,-10,18.174083375973254
-10,-10,29.7
-10,-10,1.6500000000000001
-10,-10,14.187900509479919
-10,-10,16.328127523084945
-10,-10,1.6500000000000001
-10,-10,20.832360846779064
-10,-10,29.7
-10,-10,17.766254688127752
-10,-10,1.6500000000000001
-10,-10,6.879979208562304
-10,-10,12.604384338050252
-10,-10,2.8705895507503763
-10,-10,1.6500000000000001
-10,-10,1.6500000000000001
-10,-10,14.000793414499626
-10,-10,11.089012410847188
-10,-10,13.18719029174266
-10,-10,1.7794957507890474
-10,-10,1.6500000000000001
-10,-10,4.957378249775253
-10,-10,1.6500000000000001
-10,-10,12.352731433634228
-10,-10,8.259534336813745
-10,-10,1.6500000000000001
-10,-10,13.27132509471654
-10,-10,1.6500000000000001
-10,-10,12.723681458464025
-10,-10,3.1832238889783357
-10,-10,11.104132148942409
-10,-10,1.6500000000000001
-10,-10,21.93415550062345
-10,-10,17.471652074472527
-10,-10,4.4980579476455045
-10,-10,8.694393481301201
-10,-10,4.21284048245198
-10,-10,20.717887943372258
-10,-10,1.6500000000000001
-10,-10,7.8368435581676374
-10,-10,14.500654779264886
-10,-10,6.090358172299687
-10,-10,14.090396485512155
-10,-10,14.64269243222593
-10,-10,4.548867500915626
-10,-10,12.781524862163728
-10,-10,6.2047012912026025
-10,-10,5.841354435043723
-10,-10,18.946867962858917
-10,-10,5.430258254776006
-10,-10,19.67132561884275
-10,-10,1.6500000000000001
-10,-10,1.6500000000000001
-10,-10,22.4655640751341
-10,-10,18.338044875089864
-10,-10,1.6500000000000001
-10,-10,25.579345060618877
-10,-10,21.18677091530212
-10,-10,27.143402847422127
-10,-10,10.30882251643617
-10,-10,1.6500000000000001
-10,-10,18.28002434625882
-10,-10,14.108031592631887
-10,-10,3.079988780651482
-10,-10,2.8131376294365587
-10,-10,1.6500000000000001
-10,-10,1.6500000000000001
-10,-10,15.417978538473113
-10,-10,1.6500000000000001
-10,-10,1.6500000000000001
-10,-10,14.408228695803386
-10,-10,1.6500000000000001
-9,-10,1.6500000000000001
-9,-10,2.0975761474526635
-9,-10,10.386381706244448
-9,-10,2.0642119400967456
-9,-10,1.6500000000000001
-9,-10,4.5195581604351025
-9,-10,1.6500000000000001
-9,-10,5.438860327286967
-9,-10,1.6500000000000001
-9,-10,1.6500000000000001
-9,-10,12.942080944825623
-9,-10,21.58806780246164
-9,-10,5.785160319922118
-9,-10,8.396837242917414
-9,-10,19.86791512050098
-9,-10,10.954734099713942
-9,-10,4.994167564661021
-9,-10,4.3401905908973015
-9,-10,1.6500000000000001
-9,-10,1.6500000000000001
-9,-10,1.6500000000000001
-9,-10,21.137902352854624
-9,-10,16.7830814964434
-9,-10,13.659946071947125
-9,-10,12.083131990240442
-9,-10,1.6500000000000001
-9,-10,10.330219393207692
-9,-10,7.902226595166843
-9,-10,1.6500000000000001
-9,-10,1.6500000000000001
-9,-10,14.878893189776164
-9,-10,1.6500000000000001
-9,-10,15.07882199468766
-9,-10,6.899102660187261
-9,-10,3.3722325825233876
-9,-10,13.370494723244436
-9,-10,19.012054977919504
-9,-10,1.6500000000000001
-9,-10,12.958786952290325
-9,-10,1.6500000000000001
-9,-10,6.0248645157411
-9,-10,1.6500000000000001
-9,-10,5.42034257059843
-9,-10,1.6500000000000001
-9,-10,5.10590582198342
-9,-10,10.724115104432645
-9,-10,7.841756130178155
-9,-10,18.87112135291161
-9,-10,5.263023630350139
-9,-10,1.6500000000000001
-9,-10,2.3494605082832454
-9,-10,21.209563268421
-9,-10,3.816623954981159
-9,-10,1.6500000000000001
-9,-10,11.770827595662162
-9,-10,1.6500000000000001
-9,-10,1.6500000000000001
-9,-10,7.31748229636748
-9,-10,20.669986989092244
-9,-10,13.203808643856943
-9,-10,1.6500000000000001
-9,-10,18.577539253395113
-9,-10,18.454038101973854
-9,-10,19.023378060945902
-9,-10,11.313012844636308
-9,-10,1.6500000000000001
-9,-10,1.6500000000000001
-9,-10,1.6500000000000001
-9,-10,1.6500000000000001
-9,-10,1.6500000000000001
-9,-10,1.6500000000000001
-9,-10,12.70596392215089
-9,-10,1.6500000000000001
-9,-10,1.6500000000000001
-9,-10,1.6500000000000001
-9,-10,19.67534214892921
-9,-10,11.64536418609055
-9,-10,11.315492085569481
-9,-10,10.351578459517974
-9,-10,3.830555064147298
-9,-10,1.6500000000000001
-9,-10,17.559135465515254
-9,-10,2.9362312790621234
-9,-10,7.858889522570021
-9,-10,13.882298259772597
-9,-10,8.50355864340883
-9,-10,1.6500000000000001
-9,-10,1.6500000000000001
-9,-10,27.574046084653244
-9,-10,8.271554917246771
-9,-10,1.6500000000000001
-9,-10,20.60889892692643
-9,-10,16.566493040804612
-9,-10,1.6500000000000001
-9,-10,29.7
-9,-10,13.084579262858757
-9,-10,1.6500000000000001
-9,-10,1.6500000000000001
-9,-10,2.6442347180741907
-9,-10,6.674388937588682
-9,-10,12.832566087972403
-9,-10,11.989919212813161
-9,-10,1.6500000000000001
-9,-10,1.6500000000000001
-9,-10,18.860770366953442
-9,-10,6.4783740737097615
-9,-10,12.585573174655725
-9,-10,2.834122391703038
-9,-10,1.6500000000000001
-9,-10,10.132615653864814
-9,-10,2.288545719871394
-9,-10,26.074790239873398
-9,-10,1.6500000000000001
-9,-10,1.6500000000000001
-9,-10,9.600655946768821
-9,-10,19.340804300240492
-9,-10,12.614586969542597
-9,-10,1.6500000000000001
-9,-10,1.6500000000000001
-9,-10,1.6500000000000001
-9,-10,1.6500000000000001
-9,-10,12.851866894162292
-8,-10,1.6500000000000001
-8,-10,13.00530260187984
-8,-10,17.629660045460163
-8,-10,1.6500000000000001
-8,-10,1.6500000000000001
-8,-10,1.6500000000000001
-8,-10,29.7
-8,-10,11.565899622473468
-8,-10,13.17764196361342
-8,-10,13.107358350025152
-8,-10,2.5140931307983037
-8,-10,2.838043197718283
-8,-10,2.35315274990121
-8,-10,1.6500000000000001
-8,-10,1.6500000000000001
-8,-10,14.375914155294934
-8,-10,1.6500000000000001
-8,-10,1.6500000000000001
-8,-10,21.316219479783637
-8,-10,29.7
-8,-10,9.841384469163607
-8,-10,1.6500000000000001
-8,-10,5.7771355185206925
-8,-10,20.25424796273085
-8,-10,24.59431353863365
-8,-10,1.6500000000000001
-8,-10,4.54558682346778
-8,-10,9.200370694633301
-8,-10,9.541140808884887
-8,-10,24.00179366826054
-8,-10,15.907719296998062
-8,-10,26.191371521651998
-8,-10,12.746492528998793
-8,-10,18.126966240143116
-8,-10,7.686157665918194
-8,-10,25.662514078324207
-8,-10,1.6500000000000001
-8,-10,1.6500000000000001
-8,-10,1.6500000000000001
-8,-10,15.620644193476048
-8,-10,11.631205057065603
-8,-10,20.256262651748493
-8,-10,3.4102886742723064
-8,-10,21.89240569518168
-8,-10,24.15611353036571
-8,-10,18.10996694998403
-8,-10,22.712632320675592
-8,-10,1.6500000000000001
-8,-10,10.88962052210859
-8,-10,14.780097112113523
-8,-10,17.710879986607953
-8,-10,1.6500000000000001
-8,-10,1.6500000000000001
-8,-10,4.567551023496098
-8,-10,6.302358592902881
-8,-10,11.547574072654088
-8,-10,1.6500000000000001
-8,-10,4.119087767985144
-8,-10,1.6500000000000001
-8,-10,16.328226615334493
-8,-10,1.6500000000000001
-8,-10,8.926816552802007
-8,-10,1.6500000000000001
-8,-10,1.6500000000000001
-8,-10,18.714785611187235
-8,-10,1.6500000000000001
-8,-10,1.6500000000000001
-8,-10,21.001578004403967
-8,-10,6.827929858257131
-8,-10,10.24015195649123
-8,-10,1.6500000000000001
-8,-10,1.6500000000000001
-8,-10,13.339575427211907
-8,-10,1.6500000000000001
-8,-10,25.40222652731468
-8,-10,29.7
-8,-10,2.730336351623836
-8,-10,4.4607003963079865
-8,-10,18.298864195890992
-8,-10,26.768474822495044
-8,-10,12.821197936745694
-8,-10,18.4227070836179
-8,-10,29.7
-8,-10,12.994797851221328
-8,-10,1.6500000000000001
-8,-10,1.6500000000000001
-8,-10,1.6500000000000001
-8,-10,1.6500000000000001
-8,-10,1.6500000000000001
-8,-10,10.484136187710295
-8,-10,20.489752970472463
-8,-10,15.090498668022214
-8,-10,28.58974791440493
-8,-10,1.6500000000000001
-8,-10,1.6500000000000001
-8,-10,12.035110203475016
-8,-10,18.27171250452786
-8,-10,18.670131874241065
-8,-10,20.984077828438902
-8,-10,21.112874162683504
-8,-10,1.6500000000000001
-8,-10,1.6500000000000001
-8,-10,1.6500000000000001
-8,-10,15.27678128705399
-8,-10,1.6500000000000001
-8,-10,6.804870910783526
-8,-10,6.885973298390364
-8,-10,5.5459026155250255
-8,-10,1.6500000000000001
-8,-10,1.6500000000000001
-8,-10,20.310355351060217
-8,-10,4.892637058037675
-8,-10,4.146779390684848
-8,-10,14.832134761620711
-8,-10,11.139688353207685
-8,-10,1.6500000000000001
-8,-10,1.6500000000000001
-8,-10,9.282960705535547
-8,-10,1.6500000000000001
-8,-10,18.31453403724725
-8,-10,1.6500000000000001
-8,-10,8.099371485069307
-7,-10,1.6500000000000001
-7,-10,6.106006352391492
-7,-10,13.249962125823185
-7,-10,19.840109133608493
-7,-10,28.90085107214862
-7,-10,1.6500000000000001
-7,-10,1.6500000000000001
-7,-10,1.6500000000000001
-7,-10,20.40769911503717
-7,-10,14.220135092622517
-7,-10,16.560806086540644
-7,-10,15.80894781090199
-7,-10,12.475066650444315
-7,-10,12.195592237562378
-7,-10,13.858210435676352
-7,-10,29.7
-7,-10,5.013537130875631
-7,-10,1.6500000000000001
-7,-10,20.0524324535398
-7,-10,6.030439260781407
-7,-10,29.7
-7,-10,29.7
-7,-10,1.6500000000000001
-7,-10,1.6500000000000001
-7,-10,7.835854341621419
-7,-10,4.697765692428073
-7,-10,27.13463442918807
-7,-10,1.6500000000000001
-7,-10,10.684742522210382
-7,-10,13.704058000237545
-7,-10,1.6500000000000001
-7,-10,11.712680515368788
-7,-10,7.7468325053283555
-7,-10,1.6500000000000001
-7,-10,3.541797260322256
-7,-10,15.297991984595454
-7,-10,29.7
-7,-10,27.918649137241264
-7,-10,1.6500000000000001
-7,-10,8.537124538437196
-7,-10,14.071799650080406
-7,-10,12.786909437300444
-7,-10,1.6500000000000001
-7,-10,12.192509933040137
-7,-10,29.7
-7,-10,26.656612395207823
-7,-10,24.245050535572215
-7,-10,1.6500000000000001
-7,-10,1.6500000000000001
-7,-10,23.46346019464453
-7,-10,4.361521427459215
-7,-10,1.6500000000000001
-7,-10,11.729555645784682
-7,-10,8.970558297976623
-7,-10,1.6500000000000001
-7,-10,20.062455676770576
-7,-10,12.270402594844375
-7,-10,15.359517504647044
-7,-10,1.6500000000000001
-7,-10,16.937045467175103
-7,-10,29.7
-7,-10,29.7
-7,-10,1.6500000000000001
-7,-10,29.7
-7,-10,13.316244012631042
-7,-10,24.16071198495594
-7,-10,1.6500000000000001
-7,-10,1.6500000000000001
-7,-10,1.6500000000000001
-7,-10,6.389317401041627
-7,-10,17.646227977093844
-7,-10,1.6500000000000001
-7,-10,28.962921776698312
-7,-10,6.227904326134511
-7,-10,11.643580181022081
-7,-10,12.1247764688433
-7,-10,8.97544147842181
-7,-10,10.537846632329158
-7,-10,1.6500000000000001
-7,-10,1.6500000000000001
-7,-10,20.004523622961557
-7,-10,4.332842440725466
-7,-10,1.6500000000000001
-7,-10,10.880881497151748
-7,-10,17.458217698799924
-7,-10,26.57506457062931
-7,-10,1.6500000000000001
-7,-10,18.108046900739502
-7,-10,26.755737811751025
-7,-10,29.7
-7,-10,23.053702067436582
-7,-10,1.6500000000000001
-7,-10,23.228436420495104
-7,-10,1.6500000000000001
-7,-10,10.732399276039517
-7,-10,1.6500000000000001
-7,-10,9.696173128719392
-7,-10,1.6500000000000001
-7,-10,8.154222198716438
-7,-10,1.6500000000000001
-7,-10,17.702277190857494
-7,-10,24.390210068468985
-7,-10,15.702106326676692
-7,-10,9.777808190771989
-7,-10,23.215512108840198
-7,-10,28.836722754131216
-7,-10,9.984146705661297
-7,-10,1.6500000000000001
-7,-10,14.760969760605022
-7,-10,17.742021483121178
-7,-10,8.284505310309521
-7,-10,1.6500000000000001
-7,-10,1.6500000000000001
-7,-10,29.7
-7,-10,2.5166357724291952
-7,-10,2.519544277007677
-7,-10,5.128634952407973
-7,-10,1.6500000000000001
-7,-10,1.9261577057780297
-7,-10,28.163869720343186
-7,-10,1.6500000000000001
-7,-10,6.2800898285567195
-6,-10,20.33212015951684
-6,-10,12.462732216376045
-6,-10,1.6500000000000001
-6,-10,13.479941474130293
-6,-10,17.392218752480158
-6,-10,1.6500000000000001
-6,-10,29.7
-6,-10,15.155582790195766
-6,-10,25.680885058527338
-6,-10,15.407346710574679
-6,-10,1.6500000000000001
-6,-10,16.2834072295988
-6,-10,1.6500000000000001
-6,-10,13.945601266916825
-6,-10,1.6500000000000001
-6,-10,1.6500000000000001
-6,-10,4.45150735517197
-6,-10,24.286455818386223
-6,-10,18.54908033567481
-6,-10,1.7169068070800035
-6,-10,10.842125495305279
-6,-10,10.571959709483782
-6,-10,3.023763222859399
-6,-10,14.49279362521496
-6,-10,7.665687307386578
-6,-10,1.6500000000000001
-6,-10,6.869071843286992
-6,-10,15.743588339138103
-6,-10,7.972088681004294
-6,-10,1.6500000000000001
-6,-10,25.793050327579618
-6,-10,13.306238446172806
-6,-10,5.4444924234196455
-6,-10,7.361447051513037
-6,-10,1.9330048608555401
-6,-10,1.6500000000000001
-6,-10,11.742621428118374
-6,-10,7.796052434076367
-6,-10,28.80512110606664
-6,-10,29.7
-6,-10,15.524117541602152
-6,-10,15.604821245841293
-6,-10,1.6500000000000001
-6,-10,15.819635932029659
-6,-10,22.624876499786424
-6,-10,8.103847769813981
-6,-10,24.965792600042306
-6,-10,14.808919281354877
-6,-10,1.6500000000000001
-6,-10,29.7
-6,-10,23.097775351372903
-6,-10,3.3271110776412183
-6,-10,4.1723701484615265
-6,-10,29.7
-6,-10,10.354204510413815
-6,-10,1.6500000000000001
-6,-10,18.492060297754975
-6,-10,1.6500000000000001
-6,-10,13.01613334125302
-6,-10,16.457498319261695
-6,-10,4.904941313881073
-6,-10,29.7
-6,-10,18.93513818590821
-6,-10,25.806800948861927
-6,-10,11.530307384701223
-6,-10,29.7
-6,-10,11.243357717810454
-6,-10,1.6500000000000001
-6,-10,1.6500000000000001
-6,-10,12.314681053297537
-6,-10,1.6500000000000001
-6,-10,1.8748287540889192
-6,-10,18.14857991989345
-6,-10,27.65638719171019
-6,-10,1.6500000000000001
-6,-10,23.67515187818732
-6,-10,13.132648674379725
-6,-10,11.653816510107
-6,-10,28.368794231641846
-6,-10,18.200591763505386
-6,-10,17.000057488630674
-6,-10,9.829121846880646
-6,-10,1.6500000000000001
-6,-10,27.73341215511863
-6,-10,1.6500000000000001
-6,-10,19.664091845727285
-6,-10,1.6500000000000001
-6,-10,1.6500000000000001
-6,-10,24.33771077841147
-6,-10,11.574676935810057
-6,-10,4.363179612763464
-6,-10,1.6500000000000001
-6,-10,1.6500000000000001
-6,-10,22.050287999014778
-6,-10,1.6500000000000001
-6,-10,1.6500000000000001
-6,-10,6.7081120011501385
-6,-10,9.79061776014927
-6,-10,22.202290959556223
-6,-10,3.774724320781792
-6,-10,1.6500000000000001
-6,-10,16.77727392527451
-6,-10,17.676859699890556
-6,-10,28.488274972774086
-6,-10,15.690782980289924
-6,-10,13.366933863664793
-6,-10,1.6500000000000001
-6,-10,28.338916323889247
-6,-10,1.6500000000000001
-6,-10,26.181805458785327
-6,-10,5.640099550942873
-6,-10,29.7
-6,-10,11.721565595005448
-6,-10,4.21374473221789
-6,-10,7.477936611311538
-6,-10,11.225410104657334
-6,-10,1.6500000000000001
-6,-10,24.23948273461543
-6,-10,14.370500687271333
-6,-10,13.780695392438755
-6,-10,29.7
-6,-10,1.6500000000000001
-6,-10,18.695778162952983
-5,-10,12.186756330441307
-5,-10,1.6500000000000001
-5,-10,18.638915024928533
-5,-10,19.353931587482997
-5,-10,29.7
-5,-10,1.6500000000000001
-5,-10,1.6500000000000001
-5,-10,1.6500000000000001
-5,-10,1.6500000000000001
-5,-10,29.7
-5,-10,1.6500000000000001
-5,-10,1.6500000000000001
-5,-10,5.221623491348725
-5,-10,5.4212701110309185
-5,-10,5.413362453115429
-5,-10,1.6500000000000001
-5,-10,1.6500000000000001
-5,-10,18.673503057021513
-5,-10,24.02383769830504
-5,-10,2.6822359033092873
-5,-10,6.435893262847569
-5,-10,5.863860834446402
-5,-10,13.441744564070154
-5,-10,14.409223033152955
-5,-10,8.609104406048749
-5,-10,21.78144622182237
-5,-10,1.6500000000000001
-5,-10,22.83595078547752
-5,-10,21.813561683359858
-5,-10,1.6500000000000001
-5,-10,13.615233722715654
-5,-10,1.6500000000000001
-5,-10,12.175544498510652
-5,-10,27.935812128443725
-5,-10,4.708337033487172
-5,-10,27.882968278314443
-5,-10,2.6242407793326414
-5,-10,4.000992932614907
-5,-10,29.7
-5,-10,12.29918871233776
-5,-10,12.333962666378405
-5,-10,1.6500000000000001
-5,-10,19.18994242772667
-5,-10,1.6500000000000001
-5,-10,6.311078226050322
-5,-10,26.369163475942177
-5,-10,19.02264458351461
-5,-10,1.6500000000000001
-5,-10,24.569040019294334
-5,-10,16.911841532252637
-5,-10,1.6500000000000001
-5,-10,7.5958960624941625
-5,-10,1.6500000000000001
-5,-10,4.587661961108113
-5,-10,7.010421696993054
-5,-10,1.6500000000000001
-5,-10,29.7
-5,-10,18.6797992647147
-5,-10,1.6500000000000001
-5,-10,1.6500000000000001
-5,-10,1.6500000000000001
-5,-10,14.311604085595064
-5,-10,1.6500000000000001
-5,-10,1.6500000000000001
-5,-10,24.568932701005682
-5,-10,1.6500000000000001
-5,-10,29.7
-5,-10,25.004143046869885
-5,-10,1.6500000000000001
-5,-10,14.854077845157489
-5,-10,27.108774052907602
-5,-10,29.7
-5,-10,1.6500000000000001
-5,-10,20.1119245224585
-5,-10,17.38813752258553
-5,-10,1.6500000000000001
-5,-10,18.79115887205894
-5,-10,29.7
-5,-10,1.6500000000000001
-5,-10,1.6500000000000001
-5,-10,21.458167752114257
-5,-10,1.6500000000000001
-5,-10,19.64971348465253
-5,-10,1.6500000000000001
-5,-10,14.241544444391902
-5,-10,18.485124402874227
-5,-10,1.6500000000000001
-5,-10,4.09993589831662
-5,-10,15.995079725995621
-5,-10,1.6500000000000001
-5,-10,1.6500000000000001
-5,-10,1.6500000000000001
-5,-10,1.6500000000000001
-5,-10,23.52914720281371
-5,-10,7.811758615230107
-5,-10,4.8793551503348205
-5,-10,8.503940492017739
-5,-10,6.090918304559047
-5,-10,6.535802002723441
-5,-10,5.655759269531011
-5,-10,13.781107751797105
-5,-10,10.613583916968214
-5,-10,22.2602319837411
-5,-10,17.98938201111229
-5,-10,1.6500000000000001
-5,-10,19.66162954062432
-5,-10,19.862234757644927
-5,-10,19.834877041563708
-5,-10,1.6500000000000001
-5,-10,23.933372989147216
-5,-10,7.310066000162129
-5,-10,10.587862737303807
-5,-10,28.84210338309043
-5,-10,26.803973530320054
-5,-10,29.7
-5,-10,1.6500000000000001
-5,-10,12.776670002528384
-5,-10,18.09124127223858
-5,-10,10.781016525696643
-5,-10,7.014854485525064
-5,-10,14.425881681776023
-5,-10,1.6500000000000001
-4,-10,10.284695363417667
-4,-10,27.909481766182132
-4,-10,1.6500000000000001
-4,-10,1.6500000000000001
-4,-10,7.727859522752875
-4,-10,21.91637060252441
-4,-10,1.6500000000000001
-4,-10,29.664191589975268
-4,-10,5.077959863691239
-4,-10,29.7
-4,-10,1.6500000000000001
-4,-10,13.778713513064304
-4,-10,19.181040892624758
-4,-10,15.018360806293677
-4,-10,29.7
-4,-10,1.6500000000000001
-4,-10,16.875938762725603
-4,-10,7.9223215441844825
-4,-10,24.37271897586235
-4,-10,29.7
-4,-10,29.7
-4,-10,8.070057269463838
-4,-10,22.60059651104134
-4,-10,18.566537163169073
-4,-10,2.707508357549054
-4,-10,29.7
-4,-10,29.7
-4,-10,6.290633458698094
-4,-10,8.573741491872006
-4,-10,13.441591956065636
-4,-10,29.7
-4,-10,29.7
-4,-10,23.237933011825753
-4,-10,14.201564393662673
-4,-10,13.969355830090183
-4,-10,1.6500000000000001
-4,-10,7.697560082302761
-4,-10,19.16091070413806
-4,-10,3.9487794419516096
-4,-10,16.08726637621799
-4,-10,1.6841157293734312
-4,-10,1.6500000000000001
-4,-10,23.195432823828888
-4,-10,2.7117212565661184
-4,-10,6.22147214550996
-4,-10,1.6500000000000001
-4,-10,11.872428597062893
-4,-10,29.7
-4,-10,5.106274793874653
-4,-10,1.837436792726507
-4,-10,29.359661101492662
-4,-10,1.6500000000000001
-4,-10,1.6500000000000001
-4,-10,14.420379891659998
-4,-10,13.745152988125168
-4,-10,15.878108557356436
-4,-10,1.6500000000000001
-4,-10,6.245622102461395
-4,-10,2.636280134665742
-4,-10,1.6500000000000001
-4,-10,25.633745407770114
-4,-10,1.6500000000000001
-4,-10,1.6500000000000001
-4,-10,1.6500000000000001
-4,-10,25.862004162219286
-4,-10,18.50113297282953
-4,-10,9.124793923762557
-4,-10,6.795405471591722
-4,-10,12.27698604485242
-4,-10,11.664250446748046
-4,-10,21.53041243319345
-4,-10,22.0004988266559
-4,-10,1.6500000000000001
-4,-10,5.826523590266211
-4,-10,16.305193154945098
-4,-10,13.304666550712241
-4,-10,1.6500000000000001
-4,-10,29.7
-4,-10,1.6500000000000001
-4,-10,1.6500000000000001
-4,-10,29.7
-4,-10,24.64072082339966
-4,-10,18.7040528005237
-4,-10,11.271336397703072
-4,-10,9.396213601821007
-4,-10,17.481273646154108
-4,-10,3.074787857892897
-4,-10,12.289008579473043
-4,-10,4.89753420731804
-4,-10,14.536643401407346
-4,-10,10.50855282145623
-4,-10,12.858949527909997
-4,-10,1.6500000000000001
-4,-10,15.27491744822552
-4,-10,15.41386844718493
-4,-10,1.6500000000000001
-4,-10,29.7
-4,-10,18.216533333684097
-4,-10,6.756281702212062
-4,-10,29.7
-4,-10,28.538281192591615
-4,-10,14.672783038604114
-4,-10,19.65949042497353
-4,-10,14.002708263438093
-4,-10,11.750386785318618
-4,-10,6.056465917420013
-4,-10,1.6500000000000001
-4,-10,17.521924212322354
-4,-10,2.8421667602120673
-4,-10,16.54698537315541
-4,-10,11.991488049728158
-4,-10,3.52118108967772
-4,-10,18.38089950695359
-4,-10,24.57314884542802
-4,-10,6.0373573626505666
-4,-10,25.913831597752825
-4,-10,8.252664198681568
-4,-10,29.7
-4,-10,1.6500000000000001
-4,-10,19.257893811413783
-4,-10,27.57481507221513
-4,-10,19.78625828063371
-3,-10,14.49878903021115
-3,-10,6.280882313537549
-3,-10,16.123292778501238
-3,-10,12.448433450156152
-3,-10,13.223586611084716
-3,-10,4.655736732094928
-3,-10,1.6500000000000001
-3,-10,1.6500000000000001
-3,-10,16.228140287552357
-3,-10,15.426148739171111
-3,-10,16.031977228977375
-3,-10,23.628877598805172
-3,-10,15.779150669191267
-3,-10,1.6500000000000001
-3,-10,22.12314526491825
-3,-10,23.641378165238017
-3,-10,24.676955674692238
-3,-10,3.2177960938455197
-3,-10,1.6500000000000001
-3,-10,29.7
-3,-10,20.988543421620108
-3,-10,1.6500000000000001
-3,-10,7.966512225863225
-3,-10,29.7
-3,-10,1.6500000000000001
-3,-10,8.211097478337775
-3,-10,6.152081264196382
-3,-10,29.7
-3,-10,2.4627120360072947
-3,-10,12.811376757741353
-3,-10,1.6500000000000001
-3,-10,1.6500000000000001
-3,-10,5.633317657101356
-3,-10,21.31603169144565
-3,-10,1.6500000000000001
-3,-10,3.3954501852755623
-3,-10,22.085618986633932
-3,-10,29.7
-3,-10,1.6500000000000001
-3,-10,19.1420812614993
-3,-10,6.241274803648302
-3,-10,23.192603638520843
-3,-10,22.606625170255228
-3,-10,5.403654789950187
-3,-10,10.9446429270115
-3,-10,29.7
-3,-10,15.231798003125649
-3,-10,29.19775081981849
-3,-10,10.391883476524876
-3,-10,10.966832695234187
-3,-10,3.4037194984995685
-3,-10,1.6500000000000001
-3,-10,1.6500000000000001
-3,-10,22.41828145010163
-3,-10,23.26007949760224
-3,-10,29.7
-3,-10,29.7
-3,-10,1.6500000000000001
-3,-10,1.6500000000000001
-3,-10,3.928571139843931
-3,-10,1.6500000000000001
-3,-10,1.6500000000000001
-3,-10,1.6500000000000001
-3,-10,1.6500000000000001
-3,-10,1.6500000000000001
-3,-10,1.6500000000000001
-3,-10,29.7
-3,-10,1.6500000000000001
-3,-10,3.6175800167026564
-3,-10,1.6500000000000001
-3,-10,15.456622275519528
-3,-10,1.6500000000000001
-3,-10,10.081911024597984
-3,-10,29.7
-3,-10,4.379831796918856
-3,-10,16.010106599391083
-3,-10,29.7
-3,-10,23.197588912268365
-3,-10,14.623858118858976
-3,-10,16.446517433020063
-3,-10,9.359214851403385
-3,-10,15.72547580740125
-3,-10,18.07516757936478
-3,-10,21.09668872672413
-3,-10,29.7
-3,-10,29.7
-3,-10,4.5725365189957685
-3,-10,22.26755372748697
-3,-10,29.7
-3,-10,1.6500000000000001
-3,-10,3.992750897878526
-3,-10,6.597262772070849
-3,-10,29.7
-3,-10,3.7064803033405633
-3,-10,23.45221697044813
-3,-10,1.6500000000000001
-3,-10,29.7
-3,-10,29.7
-3,-10,1.6500000000000001
-3,-10,7.484290664970979
-3,-10,3.1985360681639676
-3,-10,29.7
-3,-10,1.6500000000000001
-3,-10,14.942795873670796
-3,-10,1.6500000000000001
-3,-10,11.697776085817194
-3,-10,16.28777888738234
-3,-10,12.447839690003978
-3,-10,8.051319683428401
-3,-10,9.80076076999619
-3,-10,19.934726163841198
-3,-10,14.090020151833595
-3,-10,11.067481155830706
-3,-10,1.6500000000000001
-3,-10,29.7
-3,-10,6.743624938760423
-3,-10,1.6500000000000001
-3,-10,16.110877469066562
-3,-10,19.7168173350728
-3,-10,17.16530014807107
-3,-10,19.875305501119552
-3,-10,9.959978921661545
-3,-9,27.258657976752293
-3,-9,28.999846000676385
-3,-9,26.372006905631903
-3,-9,9.124177629844592
-3,-9,27.568227398616486
-3,-9,11.059089573788013
-3,-9,27.1472190324619
-3,-9,26.755879232564467
-3,-9,3.2670389340876937
-3,-9,22.218553727936055
-3,-9,29.7
-3,-9,1.6500000000000001
-3,-9,1.8206019290203361
-3,-9,24.57034155553532
-3,-9,1.6500000000000001
-3,-9,1.6500000000000001
-3,-9,17.780100586734015
-3,-9,21.84296685508913
-3,-9,5.284311917480383
-3,-9,1.8258092422504468
-3,-9,20.296274508881027
-3,-9,1.6500000000000001
-3,-9,16.5567182951009
-3,-9,24.179272944249036
-3,-9,1.6500000000000001
-3,-9,1.6500000000000001
-3,-9,2.862566776648526
-3,-9,22.014649772731186
-3,-9,25.298264103806627
-3,-9,1.6500000000000001
-3,-9,29.7
-3,-9,1.6500000000000001
-3,-9,3.526429859538071
-3,-9,7.298050987825654
-3,-9,26.21406576077191
-3,-9,13.781046599879318
-3,-9,3.828275142557322
-3,-9,19.75226955591424
-3,-9,11.706876881266123
-3,-9,7.347069145140444
-3,-9,5.876799139754493
-3,-9,9.74948735111661
-3,-9,16.745575431473327
-3,-9,9.563687796190054
-3,-9,11.93268738646659
-3,-9,1.6500000000000001
-3,-9,8.617410571502418
-3,-9,13.984074532855164
-3,-9,29.7
-3,-9,7.095244553861943
-3,-9,29.7
-3,-9,13.326477935342274
-3,-9,29.7
-3,-9,28.503976743951824
-3,-9,15.312258262601132
-3,-9,4.297572043024958
-3,-9,18.065026484410197
-3,-9,29.294652614735185
-3,-9,1.6500000000000001
-3,-9,1.6500000000000001
-3,-9,15.522145696705724
-3,-9,5.025702959116694
-3,-9,25.79365560170912
-3,-9,21.879442627560273
-3,-9,1.6500000000000001
-3,-9,29.7
-3,-9,27.200022583571226
-3,-9,29.7
-3,-9,20.03379719741848
-3,-9,10.471703666387505
-3,-9,10.239390067184242
-3,-9,1.6500000000000001
-3,-9,29.7
-3,-9,4.100617953256373
-3,-9,19.499848080238287
-3,-9,16.213135273105188
-3,-9,29.7
-3,-9,29.7
-3,-9,29.7
-3,-9,27.4668985283512
-3,-9,3.672372695039371
-3,-9,14.215662610213545
-3,-9,19.067399038866633
-3,-9,17.13311764519304
-3,-9,15.184049321373424
-3,-9,2.656524109089087
-3,-9,16.7234911073837
-3,-9,25.022807479208595
-3,-9,17.61929071745293
-3,-9,27.290604472313674
-3,-9,7.331715785249352
-3,-9,4.583703206190146
-3,-9,29.7
-3,-9,15.839060710316522
-3,-9,6.809732849961498
-3,-9,6.83620523511846
-3,-9,29.7
-3,-9,3.9544221623136604
-3,-9,29.225772862998433
-3,-9,21.656618276893
-3,-9,1.6500000000000001
-3,-9,22.780298878171976
-3,-9,29.7
-3,-9,29.7
-3,-9,23.619765747303283
-3,-9,10.789085221361441
-3,-9,17.01459613922912
-3,-9,29.7
-3,-9,9.376672538560868
-3,-9,14.820047713234922
-3,-9,29.7
-3,-9,23.629165701023318
-3,-9,1.6500000000000001
-3,-9,4.443715198985042
-3,-9,4.533681646956061
-3,-9,3.6157494224014037
-3,-9,1.6500000000000001
-3,-9,1.6500000000000001
-3,-9,20.285817779869483
-3,-9,11.216968264253328
-3,-9,1.6500000000000001
-3,-9,6.887547148874875
-4,-9,17.723673787726586
-4,-9,1.6500000000000001
-4,-9,8.68208322630656
-4,-9,1.6500000000000001
-4,-9,11.940432202437245
-4,-9,18.056895690711993
-4,-9,5.435652102184472
-4,-9,1.6500000000000001
-4,-9,9.807973680263743
-4,-9,8.999598556498153
-4,-9,29.5543028827395
-4,-9,1.6500000000000001
-4,-9,1.6500000000000001
-4,-9,21.26431452010138
-4,-9,29.7
-4,-9,22.64826833823635
-4,-9,4.804446935277895
-4,-9,9.624095805512875
-4,-9,22.432793736462987
-4,-9,17.795023923635107
-4,-9,5.0143473145285835
-4,-9,21.87958213048367
-4,-9,14.853246820210797
-4,-9,25.115612584530556
-4,-9,26.772713007109594
-4,-9,11.513527812000648
-4,-9,9.642623118767329
-4,-9,24.889464509993974
-4,-9,8.988170260343807
-4,-9,14.626272389586898
-4,-9,21.321784201243005
-4,-9,10.801367135634543
-4,-9,25.31670663035462
-4,-9,17.166610569169748
-4,-9,18.313635059937297
-4,-9,29.7
-4,-9,11.970932261530189
-4,-9,29.7
-4,-9,1.6500000000000001
-4,-9,8.907264923835623
-4,-9,8.466187393002452
-4,-9,10.240700803846325
-4,-9,13.747468849342875
-4,-9,13.819770516291022
-4,-9,20.236130226312085
-4,-9,1.6500000000000001
-4,-9,1.6500000000000001
-4,-9,1.6500000000000001
-4,-9,18.40117090903416
-4,-9,11.18129683690857
-4,-9,29.7
-4,-9,3.196083848595025
-4,-9,1.6500000000000001
-4,-9,1.6500000000000001
-4,-9,10.60854913994859
-4,-9,5.789710159231627
-4,-9,13.132114101192814
-4,-9,27.129082249775266
-4,-9,9.223032702623868
-4,-9,5.453385308596374
-4,-9,19.600805916469927
-4,-9,29.7
-4,-9,22.740291560006817
-4,-9,4.711485721223664
-4,-9,13.165806817070557
-4,-9,27.902788629330118
-4,-9,7.154323748756999
-4,-9,19.41939554360932
-4,-9,1.6500000000000001
-4,-9,6.801355436091383
-4,-9,5.567611329422961
-4,-9,1.6500000000000001
-4,-9,12.081603225145068
-4,-9,20.269685812557576
-4,-9,2.0705697087208055
-4,-9,29.7
-4,-9,17.649002489393148
-4,-9,6.550833006206296
-4,-9,9.912055211677217
-4,-9,1.6500000000000001
-4,-9,10.91841859861191
-4,-9,11.056361078094792
-4,-9,1.6500000000000001
-4,-9,18.39842662542247
-4,-9,18.90547606026454
-4,-9,17.366193841708665
-4,-9,2.0450975873518082
-4,-9,12.258414911136052
-4,-9,23.35178154392863
-4,-9,24.27842432958144
-4,-9,2.9495519117878963
-4,-9,11.614456826152907
-4,-9,28.647871997820484
-4,-9,16.789769893573887
-4,-9,19.311846029480353
-4,-9,13.870828276071261
-4,-9,1.6500000000000001
-4,-9,18.955494057347128
-4,-9,29.7
-4,-9,1.6500000000000001
-4,-9,1.6500000000000001
-4,-9,1.6500000000000001
-4,-9,11.024911173145133
-4,-9,2.063209944810124
-4,-9,24.790680817820068
-4,-9,1.6500000000000001
-4,-9,1.6500000000000001
-4,-9,1.6500000000000001
-4,-9,9.356982494342322
-4,-9,29.7
-4,-9,1.6500000000000001
-4,-9,2.1696859039411365
-4,-9,28.15415506912686
-4,-9,29.7
-4,-9,1.6500000000000001
-4,-9,11.467132077221812
-4,-9,3.7341743083944188
-4,-9,13.738462669364736
-4,-9,1.6500000000000001
-4,-9,17.509151645094843
-4,-9,1.6500000000000001
-4,-9,1.6500000000000001
-4,-9,20.939704699345832
-3,-9,21.554100766193685
-3,-9,7.374167368404693
-3,-9,9.865682843424162
-3,-9,8.148718729960216
-3,-9,3.9225526430767346
-3,-9,5.219767944288656
-3,-9,2.2725572052561827
-3,-9,20.610827804090317
-3,-9,29.7
-3,-9,29.7
-3,-9,29.7
-3,-9,29.7
-3,-9,4.849863838345906
-3,-9,4.546102906850919
-3,-9,7.155014620559618
-3,-9,3.0869500762790274
-3,-9,10.559247252754776
-3,-9,17.40074842852271
-3,-9,1.6500000000000001
-3,-9,18.032866168462533
-3,-9,1.6500000000000001
-3,-9,14.178570982854811
-3,-9,22.421111869762274
-3,-9,18.839013179594442
-3,-9,12.210806251174622
-3,-9,29.7
-3,-9,1.6500000000000001
-3,-9,22.368028377921785
-3,-9,1.6500000000000001
-3,-9,29.7
-3,-9,11.48888192482057
-3,-9,24.244323260343762
-3,-9,1.6500000000000001
-3,-9,18.978898005502796
-3,-9,19.465147773367995
-3,-9,25.620152670787554
-3,-9,15.980700963156744
-3,-9,17.261725679556843
-3,-9,10.961502650099725
-3,-9,14.41410954648112
-3,-9,28.05497068837476
-3,-9,1.6500000000000001
-3,-9,29.595788266897884
-3,-9,21.029529423875395
-3,-9,1.9685222977631476
-3,-9,14.024741921637045
-3,-9,12.029610693302393
-3,-9,27.40567626122068
-3,-9,8.557269681662394
-3,-9,1.6500000000000001
-3,-9,25.192358096352514
-3,-9,29.7
-3,-9,4.460869495637703
-3,-9,29.7
-3,-9,15.313080370550836
-3,-9,11.22438851511854
-3,-9,29.7
-3,-9,1.6500000000000001
-3,-9,2.3504880371897876
-3,-9,1.6500000000000001
-3,-9,26.993085204713655
-3,-9,10.579505385803694
-3,-9,28.237188080322035
-3,-9,13.88939400642169
-3,-9,4.354957132029838
-3,-9,12.992977774863428
-3,-9,28.820310481095802
-3,-9,11.74994391114844
-3,-9,29.7
-3,-9,16.029908221314294
-3,-9,9.028389863253988
-3,-9,29.7
-3,-9,1.6500000000000001
-3,-9,8.626003383744083
-3,-9,25.857970662527023
-3,-9,7.221602756827315
-3,-9,6.697451730236927
-3,-9,4.874143327001784
-3,-9,24.22126096766273
-3,-9,3.70232539122426
-3,-9,7.289356573196547
-3,-9,22.524650453701664
-3,-9,19.410815039776878
-3,-9,24.097110105501287
-3,-9,7.262186788633266
-3,-9,1.9405348956303143
-3,-9,1.6500000000000001
-3,-9,1.6500000000000001
-3,-9,20.157741696849246
-3,-9,14.044102650700477
-3,-9,8.529867648888263
-3,-9,1.6500000000000001
-3,-9,1.6500000000000001
-3,-9,29.7
-3,-9,7.202901432046232
-3,-9,16.512921514923473
-3,-9,19.874777363802952
-3,-9,1.6500000000000001
-3,-9,3.9963311046601753
-3,-9,1.6500000000000001
-3,-9,4.379868960953909
-3,-9,1.6500000000000001
-3,-9,18.22273941482191
-3,-9,20.092518055873427
-3,-9,4.09912895656352
-3,-9,1.6500000000000001
-3,-9,18.803308677032213
-3,-9,29.54877151902296
-3,-9,16.867543412504467
-3,-9,11.582743974244908
-3,-9,4.753848138331088
-3,-9,3.9290241673773796
-3,-9,1.6500000000000001
-3,-9,5.3572715340049175
-3,-9,19.021199344687354
-3,-9,1.6500000000000001
-3,-9,17.564054292391624
-3,-9,23.217498321758
-3,-9,14.09483806940249
-3,-9,23.219960938221693
-3,-9,1.6500000000000001
-3,-9,29.7
-3,-8,1.6500000000000001
-3,-8,29.7
-3,-8,29.7
-3,-8,29.7
-3,-8,5.018259521540088
-3,-8,25.596960238134486
-3,-8,10.242314429107331
-3,-8,29.7
-3,-8,29.7
-3,-8,14.255282351151394
-3,-8,29.7
-3,-8,10.946497119490243
-3,-8,29.7
-3,-8,26.581424274738104
-3,-8,4.157165042545829
-3,-8,1.6500000000000001
-3,-8,24.55092752376018
-3,-8,7.911789565461106
-3,-8,1.6500000000000001
-3,-8,29.7
-3,-8,7.2519572123977944
-3,-8,11.647544813547373
-3,-8,23.119040122709023
-3,-8,10.131412954911548
-3,-8,28.839711803575184
-3,-8,15.414287361374956
-3,-8,20.496047545804075
-3,-8,22.444228103810175
-3,-8,27.10598771026394
-3,-8,22.46997746677303
-3,-8,22.44260785287215
-3,-8,2.1571628300761247
-3,-8,3.5601796935198102
-3,-8,3.8219529717236806
-3,-8,1.6500000000000001
-3,-8,17.11511610413056
-3,-8,26.665548933277297
-3,-8,5.251268474159341
-3,-8,29.7
-3,-8,12.944405512760074
-3,-8,26.049688666986675
-3,-8,13.289763342805806
-3,-8,5.095626406697942
-3,-8,12.470863845719375
-3,-8,9.824982245141104
-3,-8,4.827354772711454
-3,-8,23.7000231360025
-3,-8,17.77422602900101
-3,-8,1.6500000000000001
-3,-8,15.813204360524006
-3,-8,4.983700577685093
-3,-8,1.6500000000000001
-3,-8,29.7
-3,-8,17.223515353751445
-3,-8,16.35224391796814
-3,-8,22.513017894512256
-3,-8,28.36966713393819
-3,-8,18.309856505944136
-3,-8,9.44611999859832
-3,-8,22.990909915570878
-3,-8,28.001953191826857
-3,-8,29.7
-3,-8,4.516116751107731
-3,-8,17.378308849306947
-3,-8,29.7
-3,-8,25.159845246855213
-3,-8,16.268929854609034
-3,-8,29.7
-3,-8,1.6500000000000001
-3,-8,2.005821232970259
-3,-8,1.6500000000000001
-3,-8,10.546611840369605
-3,-8,11.067123634700408
-3,-8,1.6500000000000001
-3,-8,1.6500000000000001
-3,-8,29.7
-3,-8,1.6500000000000001
-3,-8,17.277533361533468
-3,-8,29.7
-3,-8,20.970195830944718
-3,-8,1.6500000000000001
-3,-8,28.924909240804766
-3,-8,23.972583729600807
-3,-8,3.4060530872518484
-3,-8,1.6500000000000001
-3,-8,15.684796393587687
-3,-8,29.7
-3,-8,1.6500000000000001
-3,-8,7.480046337727857
-3,-8,15.737416639954816
-3,-8,11.631969533222561
-3,-8,26.118446347913988
-3,-8,29.7
-3,-8,27.996897350493533
-3,-8,13.506794608667239
-3,-8,1.6500000000000001
-3,-8,29.7
-3,-8,14.08914487354243
-3,-8,16.93689657945965
-3,-8,16.332947655971395
-3,-8,1.6500000000000001
-3,-8,18.96513796517619
-3,-8,10.835182842899243
-3,-8,24.954140075343737
-3,-8,1.6500000000000001
-3,-8,1.6500000000000001
-3,-8,12.067090654303968
-3,-8,5.831198662875088
-3,-8,1.6500000000000001
-3,-8,20.95794246750519
-3,-8,4.368559706173702
-3,-8,29.7
-3,-8,29.7
-3,-8,1.6500000000000001
-3,-8,12.001330485797014
-3,-8,14.304565359467542
-3,-8,1.6500000000000001
-3,-8,1.698772818645164
-3,-8,1.6500000000000001
-3,-8,12.727348613620622
-3,-8,1.6500000000000001
-3,-8,16.348287038788357
-3,-7,23.843198824651047
-3,-7,9.964580884278185
-3,-7,6.834385788259631
-3,-7,14.659900612232185
-3,-7,29.7
-3,-7,11.071708023833605
-3,-7,29.7
-3,-7,14.31931504694337
-3,-7,1.6500000000000001
-3,-7,12.845723847636053
-3,-7,2.8220723038282145
-3,-7,4.544878811027113
-3,-7,3.2123675449847013
-3,-7,10.194145888954726
-3,-7,9.312268271056656
-3,-7,8.526829043729364
-3,-7,19.169397837901386
-3,-7,14.647636673514999
-3,-7,14.870520089264753
-3,-7,13.2633973893421
-3,-7,29.7
-3,-7,8.406236471022712
-3,-7,14.393491828566312
-3,-7,4.38819392753379
-3,-7,1.6500000000000001
-3,-7,1.6500000000000001
-3,-7,6.548638780619822
-3,-7,20.97393008561129
-3,-7,5.91090554923824
-3,-7,1.6500000000000001
-3,-7,1.7040295738600477
-3,-7,9.133022774543786
-3,-7,1.6500000000000001
-3,-7,11.134771686769763
-3,-7,7.653591629900083
-3,-7,29.7
-3,-7,10.825395008921745
-3,-7,16.389411976992005
-3,-7,7.922007357267054
-3,-7,26.089073355291404
-3,-7,9.280661778032947
-3,-7,20.517787645524738
-3,-7,4.958064021658847
-3,-7,3.818596034261793
-3,-7,29.7
-3,-7,1.6500000000000001
-3,-7,10.495413348669155
-3,-7,29.7
-3,-7,23.44286508338507
-3,-7,1.6500000000000001
-3,-7,6.826007963890687
-3,-7,21.168971805481704
-3,-7,27.189133219736455
-3,-7,13.263556330080531
-3,-7,8.52394432552697
-3,-7,11.972169968702193
-3,-7,18.337376202197248
-3,-7,1.6500000000000001
-3,-7,11.596205346712459
-3,-7,1.6500000000000001
-3,-7,29.7
-3,-7,23.545973145409672
-3,-7,5.505846660945748
-3,-7,24.389090718821265
-3,-7,13.356590978109217
-3,-7,7.242007346539579
-3,-7,12.85215746331539
-3,-7,26.39733740984287
-3,-7,26.837587532936073
-3,-7,29.7
-3,-7,21.24759227625881
-3,-7,4.373113294404991
-3,-7,1.6500000000000001
-3,-7,29.7
-3,-7,10.220253896918106
-3,-7,26.863560989453756
-3,-7,23.6811143247825
-3,-7,13.030242530302694
-3,-7,25.445697284358083
-3,-7,14.069589582855736
-3,-7,1.6500000000000001
-3,-7,2.794780952879373
-3,-7,29.7
-3,-7,1.6500000000000001
-3,-7,29.7
-3,-7,23.46395645206193
-3,-7,3.791368399449219
-3,-7,29.7
-3,-7,21.05519840942346
-3,-7,23.80521623226941
-3,-7,29.7
-3,-7,20.474038844806508
-3,-7,1.6500000000000001
-3,-7,29.7
-3,-7,29.7
-3,-7,29.7
-3,-7,29.7
-3,-7,3.845310353446216
-3,-7,10.41891086515928
-3,-7,23.5156409704576
-3,-7,15.765327062282472
-3,-7,24.192634817882183
-3,-7,25.179451933439978
-3,-7,16.681935069001486
-3,-7,6.106176961928066
-3,-7,21.955400568187464
-3,-7,16.064535332345777
-3,-7,5.241612021136204
-3,-7,29.7
-3,-7,29.525632080486794
-3,-7,19.434784417705128
-3,-7,29.7
-3,-7,16.646372166248874
-3,-7,12.380003919383876
-3,-7,4.923242582211927
-3,-7,29.7
-3,-7,7.041282161319114
-3,-7,24.79795979462856
-3,-7,9.670823274979439
-3,-7,12.46729886274747
-3,-7,19.30942041597953
-3,-7,29.7
-3,-6,29.7
-3,-6,15.780644573709264
-3,-6,29.7
-3,-6,25.98924236224611
-3,-6,2.7259514614067477
-3,-6,5.7825575042461
-3,-6,1.6500000000000001
-3,-6,11.214819311685288
-3,-6,29.7
-3,-6,15.909542026209602
-3,-6,2.393864197782097
-3,-6,29.7
-3,-6,13.965451752805684
-3,-6,27.991806601992657
-3,-6,9.114005093196536
-3,-6,17.570131355610215
-3,-6,12.849293219263739
-3,-6,13.816019537302079
-3,-6,29.30609100885364
-3,-6,29.62250968156436
-3,-6,2.0627880576893123
-3,-6,12.35987983290461
-3,-6,1.6500000000000001
-3,-6,23.163344775402656
-3,-6,12.734678437438808
-3,-6,15.084182924025935
-3,-6,4.3844843780007885
-3,-6,8.501645732434762
-3,-6,13.612180756690002
-3,-6,11.792248646724373
-3,-6,29.7
-3,-6,17.20535333009026
-3,-6,29.7
-3,-6,19.685918623297002
-3,-6,9.868459987180795
-3,-6,29.7
-3,-6,29.294934461215867
-3,-6,29.7
-3,-6,21.107502886639327
-3,-6,29.7
-3,-6,1.6500000000000001
-3,-6,29.7
-3,-6,28.982645535746357
-3,-6,19.081507727936994
-3,-6,14.122066812491514
-3,-6,6.92387922968045
-3,-6,29.7
-3,-6,29.7
-3,-6,21.990733561907117
-3,-6,2.7052207457374493
-3,-6,2.755588886132486
-3,-6,27.879672568296172
-3,-6,23.728053811092312
-3,-6,15.479901332593563
-3,-6,29.7
-3,-6,29.7
-3,-6,19.412165943232775
-3,-6,29.7
-3,-6,29.7
-3,-6,11.623300344422859
-3,-6,10.255938646531336
-3,-6,9.822509706983693
-3,-6,16.97833475250778
-3,-6,3.5366567559444313
-3,-6,29.650120911133925
-3,-6,8.237182679111278
-3,-6,26.148908144430678
-3,-6,21.492894803355046
-3,-6,12.594498375352398
-3,-6,18.756363652905975
-3,-6,29.7
-3,-6,23.160255528967856
-3,-6,20.783073877202305
-3,-6,20.851691858314133
-3,-6,13.010917735297491
-3,-6,24.57691436998793
-3,-6,8.491258360021012
-3,-6,16.704700594876453
-3,-6,29.7
-3,-6,4.910686268485701
-3,-6,17.25170758172443
-3,-6,19.03751830360536
-3,-6,16.78252322563692
-3,-6,16.89402267836259
-3,-6,2.9831932279565905
-3,-6,29.7
-3,-6,16.251479134443734
-3,-6,26.613001172649415
-3,-6,21.122141898805992
-3,-6,24.974869680272697
-3,-6,10.249210096453762
-3,-6,1.6500000000000001
-3,-6,29.7
-3,-6,29.7
-3,-6,14.299493169455397
-3,-6,25.347029702212623
-3,-6,2.982947117697883
-3,-6,16.59760606724338
-3,-6,29.7
-3,-6,8.06186488866535
-3,-6,28.197078271947735
-3,-6,29.7
-3,-6,28.27547476955076
-3,-6,1.6500000000000001
-3,-6,19.99735621221718
-3,-6,8.8702327065167
-3,-6,24.518507966217495
-3,-6,5.661382350300098
-3,-6,1.6500000000000001
-3,-6,29.7
-3,-6,4.501484217238328
-3,-6,29.7
-3,-6,29.7
-3,-6,8.388636674314474
-3,-6,12.031359420464195
-3,-6,2.003740719444501
-3,-6,1.6500000000000001
-3,-6,3.5020964109395507
-3,-6,28.253491075324888
-3,-6,16.247467756499486
-3,-6,28.452767390840418
-3,-6,29.7
-2,-6,18.555145719389525
-2,-6,1.6500000000000001
-2,-6,1.6500000000000001
-2,-6,13.95441759846031
-2,-6,1.6500000000000001
-2,-6,21.82590845579761
-2,-6,1.6500000000000001
-2,-6,1.6500000000000001
-2,-6,29.7
-2,-6,15.312056884571396
-2,-6,29.7
-2,-6,29.7
-2,-6,9.713062049067908
-2,-6,29.7
-2,-6,16.903743637807093
-2,-6,11.759478449753313
-2,-6,10.28457654716713
-2,-6,22.57748348325144
-2,-6,14.329992627801508
-2,-6,29.7
-2,-6,18.607538219280407
-2,-6,20.70219368391015
-2,-6,1.6500000000000001
-2,-6,1.6500000000000001
-2,-6,6.3522558534701385
-2,-6,29.7
-2,-6,1.6500000000000001
-2,-6,19.914166379806304
-2,-6,22.179268690908938
-2,-6,16.77728385903898
-2,-6,1.6500000000000001
-2,-6,5.993078137606211
-2,-6,1.6500000000000001
-2,-6,18.99639680210248
-2,-6,12.38415663486404
-2,-6,8.764374686219686
-2,-6,23.80970425227424
-2,-6,16.404985936688643
-2,-6,15.51561484011842
-2,-6,19.217158552069442
-2,-6,27.795519072876008
-2,-6,29.7
-2,-6,22.12164136725919
-2,-6,29.7
-2,-6,19.025418853702277
-2,-6,1.6500000000000001
-2,-6,1.6500000000000001
-2,-6,23.087805252339297
-2,-6,3.6526707631672437
-2,-6,19.853982467422625
-2,-6,9.7207354677897
-2,-6,26.381861932078493
-2,-6,13.580828280919345
-2,-6,9.576967540450518
-2,-6,29.7
-2,-6,29.7
-2,-6,24.520981234541267
-2,-6,29.7
-2,-6,1.6500000000000001
-2,-6,1.6500000000000001
-2,-6,1.6500000000000001
-2,-6,29.7
-2,-6,23.249567493710007
-2,-6,14.856381589069983
-2,-6,29.373889563406518
-2,-6,29.7
-2,-6,6.146415738740487
-2,-6,29.7
-2,-6,26.10665242456595
-2,-6,11.871250701102575
-2,-6,22.14282062963952
-2,-6,13.725070070552212
-2,-6,6.021154391684259
-2,-6,1.6500000000000001
-2,-6,23.383664949951157
-2,-6,7.174896532962482
-2,-6,1.6500000000000001
-2,-6,19.060970129637298
-2,-6,1.6500000000000001
-2,-6,18.611257341960645
-2,-6,29.7
-2,-6,16.497336796227444
-2,-6,9.21028715433962
-2,-6,25.247438370283266
-2,-6,6.1507531931539265
-2,-6,24.516347948653387
-2,-6,23.336737509335983
-2,-6,13.835921706291568
-2,-6,18.161474027504124
-2,-6,1.6500000000000001
-2,-6,3.4778455557124364
-2,-6,28.885867787116126
-2,-6,21.244834109227018
-2,-6,1.6500000000000001
-2,-6,29.7
-2,-6,23.32710530233081
-2,-6,29.221344215508033
-2,-6,28.72334729206434
-2,-6,14.537406761595077
-2,-6,29.7
-2,-6,1.6500000000000001
-2,-6,27.103725762431353
-2,-6,1.6500000000000001
-2,-6,1.6500000000000001
-2,-6,1.6500000000000001
-2,-6,8.430433488555153
-2,-6,27.325947385861845
-2,-6,18.0109651045582
-2,-6,13.626354392626437
-2,-6,26.645335050401414
-2,-6,29.7
-2,-6,29.7
-2,-6,16.451555615454417
-2,-6,28.611262489094194
-2,-6,21.228539889777526
-2,-6,19.41714380892039
-2,-6,1.6500000000000001
-2,-6,1.6500000000000001
-2,-6,8.231336579243358
-2,-6,1.6500000000000001
-2,-6,12.552230711469548
-2,-6,4.175235272889061
-2,-6,8.19248030108205
-2,-7,13.922369862816812
-2,-7,4.582643441358522
-2,-7,9.145390275888163
-2,-7,29.7
-2,-7,5.142784221302776
-2,-7,9.382522388213273
-2,-7,29.7
-2,-7,27.122551699781592
-2,-7,15.076612498141284
-2,-7,29.7
-2,-7,29.7
-2,-7,19.69181167082265
-2,-7,1.776120648802408
-2,-7,29.7
-2,-7,17.620131261743474
-2,-7,1.6500000000000001
-2,-7,15.174001726458785
-2,-7,29.7
-2,-7,1.6500000000000001
-2,-7,3.770579841359975
-2,-7,28.16933705600087
-2,-7,15.410149709233016
-2,-7,29.7
-2,-7,29.7
-2,-7,24.51640680668446
-2,-7,29.7
-2,-7,13.484044794810202
-2,-7,12.88054820820382
-2,-7,4.841123743089517
-2,-7,27.780651283836377
-2,-7,29.7
-2,-7,10.200524118840754
-2,-7,24.136015110738956
-2,-7,17.13338738610559
-2,-7,19.521811252948087
-2,-7,1.6500000000000001
-2,-7,21.318538107000645
-2,-7,9.80274838159131
-2,-7,14.712631911114867
-2,-7,1.6500000000000001
-2,-7,29.7
-2,-7,1.6500000000000001
-2,-7,16.92970581184696
-2,-7,25.06319764402007
-2,-7,9.44824961283876
-2,-7,20.924610471729903
-2,-7,29.7
-2,-7,5.424456902456326
-2,-7,29.7
-2,-7,1.6500000000000001
-2,-7,29.7
-2,-7,2.845471021495939
-2,-7,19.288774818122075
-2,-7,29.7
-2,-7,29.7
-2,-7,29.7
-2,-7,13.407544867515352
-2,-7,23.475381399670393
-2,-7,23.893342301855068
-2,-7,1.6500000000000001
-2,-7,28.526540154069565
-2,-7,9.314340755720572
-2,-7,29.7
-2,-7,29.7
-2,-7,1.8384490766302353
-2,-7,29.7
-2,-7,23.94180944655379
-2,-7,2.8663484992561443
-2,-7,14.231043252311716
-2,-7,1.6500000000000001
-2,-7,10.887804589031242
-2,-7,16.06915145133216
-2,-7,18.903765198814895
-2,-7,21.98337031901114
-2,-7,1.6500000000000001
-2,-7,10.042324126186367
-2,-7,22.377467998340798
-2,-7,8.619002839498261
-2,-7,15.036718083946969
-2,-7,1.6500000000000001
-2,-7,29.7
-2,-7,1.6500000000000001
-2,-7,1.6500000000000001
-2,-7,5.8272911241689815
-2,-7,1.6500000000000001
-2,-7,13.72268436596299
-2,-7,12.55312139919985
-2,-7,7.455458841677725
-2,-7,24.99304554123946
-2,-7,26.10786566175924
-2,-7,29.7
-2,-7,29.7
-2,-7,11.748135730572574
-2,-7,19.671884177861553
-2,-7,9.26640839337194
-2,-7,27.806104352470008
-2,-7,12.24161163445693
-2,-7,7.342609908259265
-2,-7,3.9061410924715663
-2,-7,25.375203511779652
-2,-7,16.275627122097767
-2,-7,10.196345117732935
-2,-7,21.399588971020787
-2,-7,29.7
-2,-7,17.645208224486893
-2,-7,7.276583007528837
-2,-7,29.7
-2,-7,21.106944585382436
-2,-7,11.322656515142896
-2,-7,3.8282641591179463
-2,-7,1.6500000000000001
-2,-7,16.580340197925835
-2,-7,28.478136064760008
-2,-7,9.861282141564107
-2,-7,1.6500000000000001
-2,-7,10.47400208441595
-2,-7,14.316386325556369
-2,-7,17.92243568014191
-2,-7,1.6500000000000001
-2,-7,12.620273358273423
-2,-7,29.7
-2,-7,13.811819399174105
-1,-7,19.290475126494744
-1,-7,17.71486006696177
-1,-7,9.333400141142882
-1,-7,29.7
-1,-7,13.039809803542589
-1,-7,4.878895102277264
-1,-7,21.687093077057938
-1,-7,26.182952619192562
-1,-7,17.63989916344549
-1,-7,1.6500000000000001
-1,-7,29.7
-1,-7,1.6500000000000001
-1,-7,29.7
-1,-7,21.818965302233536
-1,-7,9.17393490674709
-1,-7,29.7
-1,-7,13.251312789055591
-1,-7,22.140867922016543
-1,-7,2.7314234521444227
-1,-7,16.561305052310722
-1,-7,29.7
-1,-7,1.6500000000000001
-1,-7,15.716671473116882
-1,-7,1.6500000000000001
-1,-7,18.295279459214303
-1,-7,7.482272219633833
-1,-7,29.7
-1,-7,6.784123378266505
-1,-7,10.151971565605223
-1,-7,17.212364078942773
-1,-7,29.7
-1,-7,1.6500000000000001
-1,-7,8.192026692703081
-1,-7,27.51110459915456
-1,-7,3.824680889069864
-1,-7,18.10605743816549
-1,-7,9.58199806100031
-1,-7,5.867534542132187
-1,-7,12.178041337081847
-1,-7,29.7
-1,-7,25.831791974013157
-1,-7,23.462949821276347
-1,-7,13.950423086540852
-1,-7,16.456846560135403
-1,-7,23.6146718077491
-1,-7,18.761721453087635
-1,-7,14.509476355316826
-1,-7,11.859323198691985
-1,-7,18.526047713981995
-1,-7,19.48869676896409
-1,-7,18.645818531107953
-1,-7,1.6500000000000001
-1,-7,1.6500000000000001
-1,-7,1.6500000000000001
-1,-7,1.6500000000000001
-1,-7,5.971346523918589
-1,-7,22.1308120848555
-1,-7,29.7
-1,-7,10.712512578672438
-1,-7,1.6500000000000001
-1,-7,1.6500000000000001
-1,-7,19.2921363823807
-1,-7,18.984212996266457
-1,-7,29.7
-1,-7,15.466287950188164
-1,-7,11.955233180416363
-1,-7,24.23372813728643
-1,-7,8.227047857387332
-1,-7,3.8061951137149848
-1,-7,6.8444810226369075
-1,-7,29.7
-1,-7,7.598868975769829
-1,-7,29.7
-1,-7,17.55414770921511
-1,-7,29.7
-1,-7,29.7
-1,-7,21.166448503180312
-1,-7,4.451081829191962
-1,-7,12.07699688567054
-1,-7,29.7
-1,-7,9.25565953753854
-1,-7,13.056399036834426
-1,-7,4.998042743322392
-1,-7,11.12497161689379
-1,-7,18.32935928025058
-1,-7,29.7
-1,-7,8.71004146667804
-1,-7,10.761917314186732
-1,-7,8.812915324712863
-1,-7,21.578852235648892
-1,-7,23.24927491152689
-1,-7,26.731111996766607
-1,-7,15.950132554960593
-1,-7,29.7
-1,-7,28.119149723971628
-1,-7,29.7
-1,-7,4.404829279702385
-1,-7,8.685900118802607
-1,-7,14.310066362438395
-1,-7,29.7
-1,-7,14.924565486437631
-1,-7,9.86125741134108
-1,-7,8.289339972461267
-1,-7,17.241250726173135
-1,-7,29.7
-1,-7,16.468257461930865
-1,-7,1.6500000000000001
-1,-7,21.659816934046226
-1,-7,21.36348656930264
-1,-7,29.7
-1,-7,12.519093595849384
-1,-7,17.0756674920203
-1,-7,12.035840982420865
-1,-7,2.4629836007127466
-1,-7,1.869401330331847
-1,-7,21.425477700564034
-1,-7,29.20667136835231
-1,-7,3.6265138599073587
-1,-7,29.7
-1,-7,28.93891469154974
-1,-7,29.7
-1,-7,22.158698630775515
-1,-6,17.70468661094412
-1,-6,14.124477292033056
-1,-6,22.270877383508914
-1,-6,18.646421558179874
-1,-6,9.806109249095673
-1,-6,5.545264184577896
-1,-6,8.478393070774063
-1,-6,13.21568101722784
-1,-6,17.8873677616815
-1,-6,5.6454521981491315
-1,-6,27.19450124140806
-1,-6,29.7
-1,-6,7.917264412139199
-1,-6,29.7
-1,-6,11.10872213773069
-1,-6,29.7
-1,-6,29.7
-1,-6,24.765925454701325
-1,-6,29.7
-1,-6,7.711877496858262
-1,-6,29.141017083096937
-1,-6,29.7
-1,-6,29.7
-1,-6,15.685898313367083
-1,-6,26.613156645442796
-1,-6,2.939121679824755
-1,-6,12.438393338090297
-1,-6,17.246438427232906
-1,-6,28.99476848820071
-1,-6,11.02443326888849
-1,-6,11.744479037518435
-1,-6,23.90135801309097
-1,-6,29.7
-1,-6,11.938028273784326
-1,-6,18.845009039580614
-1,-6,19.601754100612816
-1,-6,27.125696544697178
-1,-6,7.374055828103867
-1,-6,29.7
-1,-6,3.8736140522645055
-1,-6,16.237118462095967
-1,-6,25.42646520656195
-1,-6,2.470005480197498
-1,-6,29.261704089718258
-1,-6,15.594498520318004
-1,-6,9.773003937845871
-1,-6,23.7549470367837
-1,-6,26.37965206993824
-1,-6,24.023076152759867
-1,-6,29.7
-1,-6,17.71707388752093
-1,-6,1.6500000000000001
-1,-6,21.24021200207766
-1,-6,26.463639888640596
-1,-6,13.963103518701287
-1,-6,29.7
-1,-6,11.242086761023407
-1,-6,28.912563149337604
-1,-6,7.844856122458591
-1,-6,14.213785020620803
-1,-6,29.7
-1,-6,27.82750147811533
-1,-6,18.195943178943544
-1,-6,27.127916744315947
-1,-6,15.308387444165897
-1,-6,29.07430753606337
-1,-6,6.6304657425305695
-1,-6,5.597731411748343
-1,-6,8.44721154327096
-1,-6,9.113781632213593
-1,-6,1.6500000000000001
-1,-6,29.7
-1,-6,7.944424792643819
-1,-6,10.845946861999606
-1,-6,18.77905019794447
-1,-6,5.271832111289999
-1,-6,29.7
-1,-6,20.051607628378918
-1,-6,27.360943320908945
-1,-6,17.5828740919369
-1,-6,14.749558129457808
-1,-6,28.956744838312346
-1,-6,29.7
-1,-6,5.538262910133323
-1,-6,29.7
-1,-6,22.534995980692194
-1,-6,6.9744439473395765
-1,-6,16.838957790960453
-1,-6,25.033547848110935
-1,-6,19.237711387168133
-1,-6,29.7
-1,-6,19.96885568814412
-1,-6,10.96161899291844
-1,-6,12.470770064764164
-1,-6,23.089313254698776
-1,-6,21.132099915730922
-1,-6,4.649260511226897
-1,-6,29.7
-1,-6,1.6500000000000001
-1,-6,29.7
-1,-6,29.7
-1,-6,13.935373327598896
-1,-6,17.010223406386473
-1,-6,7.688452846579432
-1,-6,29.7
-1,-6,5.589572299359279
-1,-6,29.7
-1,-6,13.337366566797774
-1,-6,29.7
-1,-6,20.168019306769658
-1,-6,9.884860102130064
-1,-6,5.331986854475808
-1,-6,7.810251416338362
-1,-6,9.769525869012243
-1,-6,29.7
-1,-6,23.88763363018821
-1,-6,13.159629381240347
-1,-6,14.719373102427488
-1,-6,26.143157124074875
-1,-6,26.175528628820402
-1,-6,27.001554027719568
-1,-6,1.775394457134853
0,-6,28.2565602189336
0,-6,7.466645482723505
0,-6,13.935591737307757
0,-6,26.009733050287537
0,-6,11.944067516008436
0,-6,6.398871274007373
0,-6,29.7
0,-6,29.7
0,-6,8.885888120392625
0,-6,12.6745377843035
0,-6,29.7
0,-6,9.038611719599519
0,-6,29.7
0,-6,29.7
0,-6,27.83768099395519
0,-6,29.7
0,-6,22.802377760366547
0,-6,24.191812776567698
0,-6,29.7
0,-6,1.6500000000000001
0,-6,23.840823278637963
0,-6,7.522660261627875
0,-6,8.586255560267668
0,-6,7.185490746295015
0,-6,29.7
0,-6,11.862923906617734
0,-6,16.765435190771697
0,-6,11.483149326123172
0,-6,27.864107736578447
0,-6,25.10290125170945
0,-6,15.11238505449244
0,-6,1.6500000000000001
0,-6,14.2445582025244
0,-6,29.319180253206923
0,-6,21.8356297436619
0,-6,22.341323700741896
0,-6,29.7
0,-6,23.010542757595374
0,-6,11.119083077590016
0,-6,1.6500000000000001
0,-6,21.98408631932572
0,-6,29.7
0,-6,18.7044649174794
0,-6,1.6500000000000001
0,-6,24.836299174621658
0,-6,12.036739702739641
0,-6,5.809632327948272
0,-6,22.646170307834666
0,-6,23.901091207754803
0,-6,14.30855729466811
0,-6,1.6500000000000001
0,-6,9.489351108440456
0,-6,18.31597513032714
0,-6,29.7
0,-6,1.6500000000000001
0,-6,23.194775985534392
0,-6,25.482944144097978
0,-6,1.6500000000000001
0,-6,26.334602165986283
0,-6,22.624177029982953
0,-6,25.439489299350377
0,-6,29.7
0,-6,12.201323983799021
0,-6,13.631668704531183
0,-6,11.882631405298184
0,-6,26.072756479970565
0,-6,29.7
0,-6,18.947071354711476
0,-6,13.033780027929618
0,-6,25.632093779135538
0,-6,17.919532311052656
0,-6,6.133602043506302
0,-6,13.562680949792592
0,-6,29.1605969821915
0,-6,7.009698729334261
0,-6,10.9150816621628
0,-6,15.70649441315182
0,-6,22.155364530447958
0,-6,10.170477038858595
0,-6,14.969655729423607
0,-6,23.85534576948858
0,-6,26.32639668855877
0,-6,16.73065115126315
0,-6,29.7
0,-6,5.090597143877867
0,-6,28.128383082154965
0,-6,29.007625248282217
0,-6,26.855696183479495
0,-6,29.7
0,-6,25.91340972041931
0,-6,9.238516000566579
0,-6,28.35821176852363
0,-6,18.66313142351483
0,-6,24.303125753596582
0,-6,21.2771497644114
0,-6,22.318961197838625
0,-6,23.465655078081184
0,-6,26.197928293174435
0,-6,11.448011479525707
0,-6,29.7
0,-6,28.745958575166803
0,-6,25.33119818900189
0,-6,19.319835200400824
0,-6,27.98684230266778
0,-6,29.7
0,-6,9.545436615861147
0,-6,2.0834785439070007
0,-6,1.6500000000000001
0,-6,24.968643092531604
0,-6,29.7
0,-6,22.57097334871014
0,-6,29.7
0,-6,22.869906834784196
0,-6,11.549657584421091
0,-6,3.263074886949717
0,-6,19.304331812181122
0,-6,25.88454234130961
0,-6,29.7
0,-6,16.895592584591313
0,-6,4.660671033694147
0,-6,12.169704918846643
0,-6,29.7
0,-6,23.087268532709764
0,-5,1.6500000000000001
0,-5,25.49450699460913
0,-5,13.189479135074517
0,-5,29.56394544072613
0,-5,28.947559825248874
0,-5,1.7615889201757327
0,-5,29.7
0,-5,29.7
0,-5,1.6500000000000001
0,-5,9.698077983211927
0,-5,29.59611484133595
0,-5,9.246537587997025
0,-5,16.406780511080395
0,-5,26.536093520143517
0,-5,18.337555246467016
0,-5,11.957949416978487
0,-5,29.7
0,-5,18.61026631738151
0,-5,7.607988666260711
0,-5,10.458986592194151
0,-5,7.8331899161422776
0,-5,23.73993952722566
0,-5,15.637584201883858
0,-5,29.7
0,-5,29.7
0,-5,28.875738888375327
0,-5,16.77022101718271
0,-5,9.85240717543087
0,-5,29.7
0,-5,27.39384049900623
0,-5,26.98031520314712
0,-5,6.113672991836259
0,-5,14.276696897268177
0,-5,4.423731615698138
0,-5,29.7
0,-5,26.856981202272102
0,-5,11.498107339338539
0,-5,29.7
0,-5,23.591762765310367
0,-5,29.7
0,-5,14.608713102321357
0,-5,14.865457225276216
0,-5,29.7
0,-5,29.7
0,-5,29.7
0,-5,14.146909045222237
0,-5,28.170297989231745
0,-5,29.7
0,-5,29.7
0,-5,14.16533881492478
0,-5,29.7
0,-5,18.71682293517025
0,-5,8.67556448054179
0,-5,29.7
0,-5,11.769223801227165
0,-5,8.017528354000374
0,-5,17.19926392967377
0,-5,16.856662211365997
0,-5,20.851399005923255
0,-5,13.34339570404824
0,-5,19.1304349571054
0,-5,23.09251261451665
0,-5,24.01607950163096
0,-5,22.881731259947728
0,-5,1.6500000000000001
0,-5,1.6500000000000001
0,-5,18.348093683516094
0,-5,2.23668124366125
0,-5,18.979130417449827
0,-5,18.635541331041345
0,-5,25.488723718134025
0,-5,3.5990704688756985
0,-5,9.321716966796687
0,-5,29.7
0,-5,9.187617413511703
0,-5,20.05494876109261
0,-5,16.594566099600012
0,-5,6.544311000381393
0,-5,11.187421769388822
0,-5,26.53203779755423
0,-5,24.89233825288491
0,-5,29.7
0,-5,19.669492026873584
0,-5,16.439122330329127
0,-5,1.6500000000000001
0,-5,18.21743922177735
0,-5,29.7
0,-5,29.7
0,-5,1.6500000000000001
0,-5,20.509902115294516
0,-5,29.7
0,-5,29.7
0,-5,1.6500000000000001
0,-5,4.1933210218689485
0,-5,29.7
0,-5,29.7
0,-5,18.16248758139063
0,-5,13.685535104356259
0,-5,11.377119526698976
0,-5,27.4768070041018
0,-5,29.7
0,-5,18.3267135433891
0,-5,1.6500000000000001
0,-5,15.610981418514418
0,-5,26.743497574325033
0,-5,29.7
0,-5,29.7
0,-5,26.097129722371758
0,-5,20.394705314026396
0,-5,19.432142041177695
0,-5,12.186054126822487
0,-5,18.469597471965546
0,-5,21.911067054586137
0,-5,17.98251310234866
0,-5,14.55328629928445
0,-5,28.61237250614156
0,-5,29.7
0,-5,29.7
0,-5,1.6500000000000001
0,-5,12.947883667941367
0,-5,29.7
0,-5,1.6500000000000001
1,-5,17.91710281331595
1,-5,22.4881158390291
1,-5,29.7
1,-5,1.6500000000000001
1,-5,26.951023275487035
1,-5,29.7
1,-5,29.7
1,-5,7.784790942068863
1,-5,29.7
1,-5,21.605090622276865
1,-5,23.17199667729461
1,-5,14.029201473223685
1,-5,5.97542600622349
1,-5,1.6500000000000001
1,-5,29.7
1,-5,3.9509536184884
1,-5,29.7
1,-5,23.621829345211538
1,-5,28.9663605601481
1,-5,6.0279671592397825
1,-5,22.651505796403917
1,-5,14.40387275826689
1,-5,27.523946773924678
1,-5,29.7
1,-5,16.74217641771951
1,-5,20.624507230151004
1,-5,29.7
1,-5,29.7
1,-5,20.65957159832825
1,-5,29.7
1,-5,6.476831055380199
1,-5,1.6500000000000001
1,-5,29.7
1,-5,29.7
1,-5,29.7
1,-5,15.814759855717815
1,-5,29.7
1,-5,14.62724231975901
1,-5,17.950669153361584
1,-5,29.7
1,-5,19.221317819162564
1,-5,29.499825147150947
1,-5,29.7
1,-5,1.6500000000000001
1,-5,26.471930918863997
1,-5,29.7
1,-5,29.7
1,-5,26.487050658357184
1,-5,29.328297646823934
1,-5,28.168653546111774
1,-5,18.199488062913623
1,-5,27.887066420629488
1,-5,1.6500000000000001
1,-5,12.149840403879562
1,-5,1.6500000000000001
1,-5,27.21060379551475
1,-5,9.338762883713866
1,-5,29.7
1,-5,9.355982886293337
1,-5,24.41837913503462
1,-5,24.54865961765816
1,-5,21.254813918400547
1,-5,25.464635812295853
1,-5,29.7
1,-5,17.947687916158653
1,-5,11.069433731027868
1,-5,27.899216212063763
1,-5,29.7
1,-5,15.856379959309066
1,-5,10.288223393910004
1,-5,4.427733621632855
1,-5,29.7
1,-5,29.7
1,-5,13.365341217656859
1,-5,13.18469885663167
1,-5,5.6112044381903345
1,-5,27.80357268125949
1,-5,2.967305286743443
1,-5,25.753286244379616
1,-5,29.7
1,-5,18.61382458169199
1,-5,1.6500000000000001
1,-5,29.7
1,-5,1.6500000000000001
1,-5,25.244958535282947
1,-5,29.646981518281066
1,-5,11.123827240056116
1,-5,29.7
1,-5,13.784949460691877
1,-5,29.7
1,-5,29.7
1,-5,17.172303806372092
1,-5,19.462349877089984
1,-5,21.184835631098192
1,-5,1.6500000000000001
1,-5,26.897052724407946
1,-5,29.7
1,-5,29.7
1,-5,1.6500000000000001
1,-5,29.7
1,-5,29.7
1,-5,9.285317227003272
1,-5,29.7
1,-5,29.7
1,-5,29.7
1,-5,29.047199321945214
1,-5,23.354127542799713
1,-5,29.7
1,-5,29.7
1,-5,29.7
1,-5,29.7
1,-5,4.790056775962517
1,-5,21.960169096525867
1,-5,10.536027366145417
1,-5,29.7
1,-5,29.7
1,-5,9.743946928500234
1,-5,21.733336576536118
1,-5,3.256924610459409
1,-5,19.913365136274624
1,-5,29.7
1,-5,16.15452173753126
2,-5,7.047836005075933
2,-5,5.790269088551359
2,-5,29.7
2,-5,12.412455167548869
2,-5,13.189927721154072
2,-5,25.15394837443681
2,-5,4.90467024379779
2,-5,10.268530720317411
2,-5,23.75498891881331
2,-5,29.7
2,-5,9.234072305376213
2,-5,25.22863253486751
2,-5,19.255140296467726
2,-5,19.779901964650502
2,-5,11.631422400460734
2,-5,4.341365742440665
2,-5,29.7
2,-5,2.8193150656637727
2,-5,28.585237547214053
2,-5,29.7
2,-5,2.8351403851950234
2,-5,13.288826310040248
2,-5,18.073744073767255
2,-5,19.20779484825365
2,-5,29.7
2,-5,14.028680837006602
2,-5,27.756943341270436
2,-5,27.557170835820827
2,-5,19.860827150054785
2,-5,5.8500189440177195
2,-5,7.189455325951144
2,-5,6.224676358559824
2,-5,29.7
2,-5,4.101713960770486
2,-5,27.48792058197448
2,-5,23.886559727701993
2,-5,20.381953792070433
2,-5,23.548739319524618
2,-5,1.6500000000000001
2,-5,25.462974527956817
2,-5,12.447776148555358
2,-5,28.318275057056916
2,-5,29.7
2,-5,29.7
2,-5,26.03072009742225
2,-5,11.558591889170032
2,-5,7.883193045144614
2,-5,29.7
2,-5,14.943706996258866
2,-5,19.7398343629134
2,-5,29.7
2,-5,19.992876782957573
2,-5,23.622992446343552
2,-5,18.516347660861257
2,-5,17.305473607090462
2,-5,9.663299755108266
2,-5,15.105871456607941
2,-5,24.04691149594541
2,-5,29.7
2,-5,1.6500000000000001
2,-5,6.9867234111520915
2,-5,20.223279946814632
2,-5,10.671046625169453
2,-5,29.7
2,-5,2.3644508332884246
2,-5,7.168357668560162
2,-5,20.26694446582745
2,-5,13.709544909350242
2,-5,12.55429628766167
2,-5,20.04397186182878
2,-5,29.7
2,-5,29.7
2,-5,19.02118906894762
2,-5,29.7
2,-5,23.451486242260728
2,-5,29.7
2,-5,29.7
2,-5,17.075220925837506
2,-5,23.034266719260962
2,-5,13.59666995843066
2,-5,13.786123709061227
2,-5,1.6500000000000001
2,-5,10.12659527988538
2,-5,29.7
2,-5,16.279390224939
2,-5,29.7
2,-5,29.7
2,-5,1.6500000000000001
2,-5,1.6500000000000001
2,-5,29.7
2,-5,1.6500000000000001
2,-5,21.8930007938352
2,-5,25.291551807665194
2,-5,29.7
2,-5,18.033662391010903
2,-5,20.09482447989251
2,-5,19.949031130010727
2,-5,26.729676619225327
2,-5,28.993841204928117
2,-5,29.7
2,-5,15.721743218256442
2,-5,29.7
2,-5,26.10977966133212
2,-5,24.436053264182014
2,-5,29.7
2,-5,27.893690217264623
2,-5,20.434171772871366
2,-5,6.993285179990416
2,-5,22.76727186605889
2,-5,14.774790340494151
2,-5,29.7
2,-5,29.7
2,-5,29.7
2,-5,29.7
2,-5,19.67768616318478
2,-5,29.7
2,-5,22.610595932957523
2,-5,29.7
2,-5,24.50818891966852
2,-5,7.59468368862105
2,-5,24.309757127004268
2,-5,20.501607617339275
2,-4,5.916523865579638
2,-4,1.6500000000000001
2,-4,25.230432523453047
2,-4,9.359333672243316
2,-4,29.7
2,-4,13.55900553974847
2,-4,27.947825201073627
2,-4,19.160333922340833
2,-4,19.752881228759055
2,-4,23.395744318417613
2,-4,9.522788642452385
2,-4,29.7
2,-4,3.6200627657807356
2,-4,1.6500000000000001
2,-4,29.7
2,-4,29.7
2,-4,17.39475478387934
2,-4,29.7
2,-4,11.471137246756532
2,-4,29.7
2,-4,24.7672903508646
2,-4,1.6500000000000001
2,-4,13.821169045717994
2,-4,18.22051043670082
2,-4,6.239665922316695
2,-4,27.180106649876457
2,-4,29.7
2,-4,17.902858912975248
2,-4,22.52530226912847
2,-4,29.7
2,-4,29.7
2,-4,29.7
2,-4,29.7
2,-4,29.7
2,-4,4.410797873833818
2,-4,6.860678052758777
2,-4,9.970162597511443
2,-4,29.7
2,-4,29.7
2,-4,29.7
2,-4,11.171791471027024
2,-4,8.783916886662405
2,-4,14.983021151197681
2,-4,17.22174166304709
2,-4,22.294122635753915
2,-4,29.7
2,-4,7.432063377982171
2,-4,1.6500000000000001
2,-4,15.864638721323573
2,-4,29.7
2,-4,24.766371117222263
2,-4,29.7
2,-4,29.7
2,-4,29.7
2,-4,29.7
2,-4,29.7
2,-4,28.022769277478986
2,-4,1.6500000000000001
2,-4,29.7
2,-4,6.1557973004383
2,-4,29.262636022963445
2,-4,29.7
2,-4,25.61535686279904
2,-4,29.7
2,-4,28.044114173438206
2,-4,15.314357610425342
2,-4,1.6500000000000001
2,-4,1.6500000000000001
2,-4,4.970090682263958
2,-4,16.882817024372404
2,-4,29.7
2,-4,29.7
2,-4,26.76687304290485
2,-4,5.884490294274993
2,-4,29.7
2,-4,29.12457541134313
2,-4,29.7
2,-4,1.6500000000000001
2,-4,17.784106767815928
2,-4,29.7
2,-4,28.691193934886737
2,-4,27.293082922139266
2,-4,25.083337812703682
2,-4,18.122141580993926
2,-4,24.661676235423602
2,-4,15.360068982512104
2,-4,5.39865473349067
2,-4,24.527101342149958
2,-4,29.7
2,-4,11.324919077374238
2,-4,29.7
2,-4,16.415186123499623
2,-4,15.68366370791725
2,-4,29.7
2,-4,18.063460780886306
2,-4,29.7
2,-4,18.95812003468736
2,-4,12.300377912906521
2,-4,29.7
2,-4,10.714452888376748
2,-4,22.628569613496584
2,-4,8.138754085841246
2,-4,25.458463467307304
2,-4,29.7
2,-4,21.25236518342479
2,-4,7.894811037896112
2,-4,2.9898078326296798
2,-4,29.7
2,-4,22.017580966409714
2,-4,29.7
2,-4,16.287435409173824
2,-4,21.087021941680838
2,-4,29.7
2,-4,29.7
2,-4,28.33921792808975
2,-4,1.6500000000000001
2,-4,29.7
2,-4,26.891811383544024
2,-4,29.7
2,-4,28.721606375089742
2,-4,29.7
2,-4,17.827938216888043
1,-4,29.398164335771668
1,-4,26.219189442222103
1,-4,29.7
1,-4,23.533531532415314
1,-4,19.624065024495543
1,-4,29.7
1,-4,8.42849991483416
1,-4,24.793222173902723
1,-4,29.7
1,-4,6.800287679803022
1,-4,11.947535009065103
1,-4,29.7
1,-4,23.159928303612745
1,-4,20.62919186012123
1,-4,18.652114925706005
1,-4,29.7
1,-4,18.773803383901914
1,-4,14.195322017371051
1,-4,17.24051419469214
1,-4,29.7
1,-4,29.7
1,-4,3.9958418327225864
1,-4,29.7
1,-4,29.7
1,-4,13.559026432925902
1,-4,29.7
1,-4,4.942573515004909
1,-4,20.946438593299046
1,-4,29.7
1,-4,29.7
1,-4,7.819313449343438
1,-4,1.6500000000000001
1,-4,21.16964572233386
1,-4,23.97203171151635
1,-4,29.7
1,-4,10.653782545476794
1,-4,15.396853584579839
1,-4,29.7
1,-4,19.06789759425027
1,-4,24.425652940728007
1,-4,25.013244961005416
1,-4,6.801771938592758
1,-4,29.7
1,-4,16.902372601215156
1,-4,24.141548651417793
1,-4,29.7
1,-4,18.871636194776716
1,-4,26.778477543364147
1,-4,25.237721038545
1,-4,9.571994894153871
1,-4,2.7707706146212487
1,-4,29.7
1,-4,1.6500000000000001
1,-4,12.575919125965557
1,-4,22.824187720092894
1,-4,9.03831195082496
1,-4,23.3611606672256
1,-4,29.7
1,-4,1.6500000000000001
1,-4,17.1914765730281
1,-4,25.668220015461916
1,-4,29.7
1,-4,29.7
1,-4,21.06111401591521
1,-4,29.7
1,-4,20.093171474864292
1,-4,29.7
1,-4,29.7
1,-4,6.850619523857745
1,-4,15.357901246609948
1,-4,1.6503563448116196
1,-4,4.097928731406373
1,-4,29.7
1,-4,5.032487624729509
1,-4,21.187720206362577
1,-4,22.706008422433783
1,-4,1.6500000000000001
1,-4,19.633950631863698
1,-4,20.024480257192433
1,-4,2.989172796492479
1,-4,29.7
1,-4,23.304430037619284
1,-4,23.867208317929034
1,-4,15.919484987779935
1,-4,29.7
1,-4,15.977796251549416
1,-4,17.66497592523812
1,-4,29.7
1,-4,22.131959128598172
1,-4,29.7
1,-4,20.16847369355692
1,-4,28.025955715913604
1,-4,5.366838401216359
1,-4,13.06163824404549
1,-4,21.66868281297701
1,-4,20.788044403071744
1,-4,29.7
1,-4,19.570109230228297
1,-4,6.4278596755350375
1,-4,26.88445292616256
1,-4,23.47268223453673
1,-4,29.7
1,-4,20.97623314686652
1,-4,28.917384606664186
1,-4,24.734093446991505
1,-4,19.277441269880473
1,-4,14.534320811760455
1,-4,13.153630321331688
1,-4,4.250339231674291
1,-4,1.6500000000000001
1,-4,1.6500000000000001
1,-4,12.925203603209072
1,-4,23.637756595555775
1,-4,21.762441663454084
1,-4,29.7
1,-4,26.1500722376116
1,-4,20.999639945718208
1,-4,29.7
1,-4,20.981399723725673
1,-4,29.7
1,-4,13.891327434506014
1,-4,29.7
1,-4,29.7
2,-4,29.7
2,-4,16.68711020456576
2,-4,27.44820615047206
2,-4,27.04779967253839
2,-4,9.200956557301366
2,-4,29.7
2,-4,29.7
2,-4,28.22073108154747
2,-4,7.511008172490367
2,-4,29.7
2,-4,29.7
2,-4,29.7
2,-4,29.7
2,-4,19.348520887589487
2,-4,29.7
2,-4,9.360403502934096
2,-4,29.66144232486437
2,-4,29.7
2,-4,21.151159559578474
2,-4,8.647255335523788
2,-4,29.7
2,-4,29.7
2,-4,13.880630860089553
2,-4,22.431391583617703
2,-4,1.6500000000000001
2,-4,29.7
2,-4,1.6500000000000001
2,-4,11.020129052250066
2,-4,7.494408112410337
2,-4,16.494368090738934
2,-4,29.7
2,-4,29.7
2,-4,29.7
2,-4,29.7
2,-4,1.6500000000000001
2,-4,29.7
2,-4,29.7
2,-4,29.7
2,-4,20.55860487578626
2,-4,11.341476186139094
2,-4,7.728319605605677
2,-4,7.847898824091878
2,-4,6.298498547509297
2,-4,29.7
2,-4,22.949326796939815
2,-4,14.435450771175457
2,-4,29.7
2,-4,29.175322179835014
2,-4,29.7
2,-4,17.908553651896085
2,-4,21.05371935224012
2,-4,14.059339590760088
2,-4,11.301756712037815
2,-4,16.571955146347534
2,-4,29.541686771878922
2,-4,5.011078507284072
2,-4,29.7
2,-4,23.252892037852096
2,-4,28.784907363918187
2,-4,29.7
2,-4,29.7
2,-4,29.7
2,-4,1.6500000000000001
2,-4,29.7
2,-4,29.7
2,-4,29.7
2,-4,29.7
2,-4,29.7
2,-4,19.53115796107068
2,-4,3.8284060055528677
2,-4,13.246628850484303
2,-4,8.097840929878377
2,-4,10.101900139324567
2,-4,8.325530932152038
2,-4,22.962168490906606
2,-4,29.7
2,-4,29.7
2,-4,22.580928198508293
2,-4,29.7
2,-4,1.6500000000000001
2,-4,29.7
2,-4,27.62738149713052
2,-4,27.36619589717123
2,-4,5.575771923503067
2,-4,29.7
2,-4,10.684108029255984
2,-4,29.7
2,-4,28.243473033273517
2,-4,26.927143451930423
2,-4,17.691645972092342
2,-4,21.358440354594705
2,-4,29.7
2,-4,29.7
2,-4,29.7
2,-4,24.0083681745528
2,-4,29.7
2,-4,14.44810485423175
2,-4,13.286452526372132
2,-4,11.05033229485477
2,-4,29.268439158396024
2,-4,23.403187624507016
2,-4,16.529691914964424
2,-4,5.572478730235474
2,-4,11.897197658307778
2,-4,25.324060424864577
2,-4,29.67316934213001
2,-4,29.7
2,-4,13.877119738317727
2,-4,29.7
2,-4,29.441541656965065
2,-4,18.960907179826883
2,-4,29.7
2,-4,2.2300115572044454
2,-4,7.920373655558716
2,-4,10.79784208282454
2,-4,18.003259671682084
2,-4,1.6500000000000001
2,-4,12.04227623373379
2,-4,17.31540749732779
2,-4,10.76231534028004
2,-4,27.36382971413713
2,-4,12.563098194074229
2,-3,1.6500000000000001
2,-3,10.97753625024339
2,-3,1.6500000000000001
2,-3,12.788368369064003
2,-3,15.601268953421576
2,-3,4.170805646084457
2,-3,21.77168415005851
2,-3,29.7
2,-3,11.476186495331648
2,-3,29.7
2,-3,29.7
2,-3,29.7
2,-3,27.85687924127491
2,-3,29.7
2,-3,14.86168685440859
2,-3,29.7
2,-3,29.7
2,-3,14.104490457610677
2,-3,11.351704714865171
2,-3,28.08013961234225
2,-3,20.82929466528185
2,-3,29.7
2,-3,9.180606435021119
2,-3,29.7
2,-3,29.7
2,-3,1.6500000000000001
2,-3,1.6500000000000001
2,-3,29.7
2,-3,29.7
2,-3,29.7
2,-3,24.54232912760713
2,-3,29.7
2,-3,8.529152370006003
2,-3,26.299846416526965
2,-3,24.572121555676098
2,-3,29.7
2,-3,27.30403333147218
2,-3,29.7
2,-3,17.847543171525434
2,-3,1.6500000000000001
2,-3,1.6500000000000001
2,-3,27.58554813365378
2,-3,25.467436340535478
2,-3,8.5424297149664
2,-3,16.960677206683094
2,-3,12.320836463453743
2,-3,1.6500000000000001
2,-3,29.7
2,-3,29.7
2,-3,7.049796611211587
2,-3,21.092316296650083
2,-3,29.7
2,-3,22.25251080950893
2,-3,1.6500000000000001
2,-3,28.205425178089357
2,-3,29.7
2,-3,18.57124582045512
2,-3,1.9061356118342765
2,-3,19.814788265911634
2,-3,15.881543075530569
2,-3,13.814584494434353
2,-3,29.660720804925965
2,-3,19.020980066421576
2,-3,22.339102990111563
2,-3,29.7
2,-3,9.411093774027583
2,-3,29.7
2,-3,29.007193000183428
2,-3,29.7
2,-3,1.6500000000000001
2,-3,29.7
2,-3,29.7
2,-3,29.7
2,-3,29.7
2,-3,29.682102536576245
2,-3,23.633606868058735
2,-3,25.533251367307766
2,-3,27.984004218883257
2,-3,29.7
2,-3,23.61140913161838
2,-3,27.203761442230704
2,-3,20.381918501155383
2,-3,28.225238704893457
2,-3,29.7
2,-3,27.76706888175002
2,-3,24.89230576746927
2,-3,12.665999910356872
2,-3,29.7
2,-3,29.7
2,-3,29.057372900504554
2,-3,21.422242503278447
2,-3,15.897179397091854
2,-3,29.7
2,-3,25.938181661608983
2,-3,29.7
2,-3,25.64681502651381
2,-3,29.7
2,-3,29.7
2,-3,29.7
2,-3,25.806030696230714
2,-3,29.7
2,-3,13.512776387037007
2,-3,29.7
2,-3,6.4857857520420445
2,-3,11.48580225775227
2,-3,27.555684547138632
2,-3,19.20933897712454
2,-3,7.584173518560197
2,-3,13.727433188959651
2,-3,14.946015565038937
2,-3,29.7
2,-3,29.7
2,-3,3.244717985743655
2,-3,21.841877256842743
2,-3,28.684629047419683
2,-3,24.76742191878794
2,-3,1.6500000000000001
2,-3,29.7
2,-3,13.740090781444213
2,-3,29.7
2,-3,13.427802375550412
2,-3,7.282621204871848
3,-3,29.7
3,-3,17.035733315797515
3,-3,29.7
3,-3,29.7
3,-3,29.7
3,-3,17.326544995528256
3,-3,1.6500000000000001
3,-3,14.30473419179011
3,-3,17.723263509698093
3,-3,29.7
3,-3,27.216347049505217
3,-3,6.3218615635430915
3,-3,20.79724843367535
3,-3,23.060962122704467
3,-3,19.448183321327974
3,-3,11.767411997444414
3,-3,15.37598417111904
3,-3,13.039373304988748
3,-3,29.7
3,-3,17.83988183052264
3,-3,26.199596135440412
3,-3,29.7
3,-3,24.27068132126111
3,-3,8.693088867743832
3,-3,29.7
3,-3,29.7
3,-3,21.9635824409462
3,-3,1.6500000000000001
3,-3,25.168106232747654
3,-3,13.342148556975035
3,-3,1.6500000000000001
3,-3,29.7
3,-3,19.44950065159734
3,-3,11.3817197624271
3,-3,29.7
3,-3,29.7
3,-3,9.589570437366273
3,-3,1.6500000000000001
3,-3,29.7
3,-3,6.235563060589298
3,-3,15.753038638496923
3,-3,29.7
3,-3,29.7
3,-3,17.954755989342043
3,-3,14.561661065845183
3,-3,8.60428952880436
3,-3,9.383855253955426
3,-3,5.093959552508338
3,-3,10.136433581968877
3,-3,15.671933485145578
3,-3,12.896153981059545
3,-3,7.8071386241723335
3,-3,18.971916769378925
3,-3,29.7
3,-3,23.786106180859022
3,-3,27.721377021640134
3,-3,17.485292101025856
3,-3,10.984066583541695
3,-3,8.988840660320662
3,-3,12.914502710627206
3,-3,14.33301715818266
3,-3,29.7
3,-3,1.6500000000000001
3,-3,24.24561296399532
3,-3,29.7
3,-3,1.6500000000000001
3,-3,20.998620264780474
3,-3,29.7
3,-3,29.7
3,-3,29.7
3,-3,29.7
3,-3,6.593163402191234
3,-3,11.398334764551226
3,-3,29.7
3,-3,29.7
3,-3,29.7
3,-3,8.118777252076521
3,-3,19.069093398825274
3,-3,23.42895326437252
3,-3,29.7
3,-3,29.7
3,-3,11.315361341645747
3,-3,4.119235838528578
3,-3,18.522117572344726
3,-3,23.963558024678115
3,-3,23.492196578153575
3,-3,29.7
3,-3,25.16544282390264
3,-3,29.7
3,-3,22.813655363366536
3,-3,29.7
3,-3,24.71248018648045
3,-3,8.457379178691555
3,-3,12.230956327347112
3,-3,1.6500000000000001
3,-3,10.393952162500032
3,-3,29.7
3,-3,1.6500000000000001
3,-3,29.7
3,-3,12.286195197295816
3,-3,28.467850090556794
3,-3,29.7
3,-3,29.7
3,-3,11.477062587752393
3,-3,29.7
3,-3,28.47270168661426
3,-3,21.212338158227436
3,-3,5.996886875232599
3,-3,24.341855361228568
3,-3,12.602018808272641
3,-3,29.7
3,-3,29.7
3,-3,4.135187319628745
3,-3,29.7
3,-3,15.74154174560135
3,-3,29.7
3,-3,29.7
3,-3,13.88487658319384
3,-3,18.228548162603687
3,-3,29.7
3,-3,19.003587505509604
3,-3,29.7
4,-3,22.614694632896743
4,-3,10.435693413499699
4,-3,29.7
4,-3,29.7
4,-3,26.599805448996154
4,-3,1.6500000000000001
4,-3,9.179650825491631
4,-3,10.522615245340447
4,-3,13.621154486197115
4,-3,7.18256449295585
4,-3,11.32332960644598
4,-3,11.391078926288236
4,-3,25.442189021873826
4,-3,29.7
4,-3,29.7
4,-3,14.202661491893242
4,-3,29.7
4,-3,24.84985224666406
4,-3,19.502038675467762
4,-3,12.964691156514258
4,-3,17.16700639358909
4,-3,12.809723517148008
4,-3,26.858517087078006
4,-3,25.27208760497642
4,-3,24.43914123292695
4,-3,24.083272570263492
4,-3,29.7
4,-3,23.26946511300711
4,-3,29.7
4,-3,18.025958230372467
4,-3,14.845818390219534
4,-3,29.7
4,-3,22.122391111010547
4,-3,3.1813150020451175
4,-3,22.25997275334037
4,-3,16.169145075809904
4,-3,1.6500000000000001
4,-3,5.904545065508412
4,-3,29.7
4,-3,29.7
4,-3,24.91167640491341
4,-3,13.170726078257648
4,-3,18.49459575579794
4,-3,23.24772706486204
4,-3,16.103546249879134
4,-3,8.510230060365915
4,-3,17.287900486961213
4,-3,28.65082449713496
4,-3,28.619908823700435
4,-3,29.7
4,-3,21.147172861142476
4,-3,11.645400341116659
4,-3,29.40267296711798
4,-3,10.487489515314625
4,-3,4.496792985840941
4,-3,2.395361796871324
4,-3,29.7
4,-3,6.841279174275543
4,-3,21.290865265986895
4,-3,25.027667599459697
4,-3,27.999041995030055
4,-3,29.7
4,-3,9.270838098762052
4,-3,21.186752402972793
4,-3,29.7
4,-3,22.69052076494514
4,-3,15.37677104859387
4,-3,19.836495267505722
4,-3,29.7
4,-3,29.7
4,-3,29.7
4,-3,1.6500000000000001
4,-3,16.22777950189813
4,-3,8.978217724331632
4,-3,29.7
4,-3,16.5843510988687
4,-3,28.305729552972814
4,-3,15.934821429219507
4,-3,9.966712038851687
4,-3,5.157274122914963
4,-3,19.20973737301301
4,-3,21.078117669325827
4,-3,10.66364597195524
4,-3,21.08608779961945
4,-3,26.400972818710166
4,-3,29.7
4,-3,10.450238292915376
4,-3,29.7
4,-3,29.7
4,-3,20.175614176912276
4,-3,21.369322251008434
4,-3,19.524629072203798
4,-3,4.186241429442436
4,-3,29.7
4,-3,1.6500000000000001
4,-3,17.85994756172113
4,-3,25.130253505122123
4,-3,7.7184071925754605
4,-3,6.0254207454794475
4,-3,29.7
4,-3,12.867850996089809
4,-3,29.7
4,-3,29.7
4,-3,29.7
4,-3,21.707882763497356
4,-3,7.649253724859943
4,-3,18.48812736803454
4,-3,11.131918855086095
4,-3,29.7
4,-3,13.529963809719334
4,-3,28.537601123964407
4,-3,29.501171859316106
4,-3,15.074195723706051
4,-3,12.058630938481164
4,-3,6.166205350909941
4,-3,29.7
4,-3,29.7
4,-3,29.7
4,-3,29.7
4,-3,29.7
4,-3,19.516105489432746
4,-3,28.520021143351045
5,-3,12.737296230107408
5,-3,29.7
5,-3,25.586414703442657
5,-3,2.546595648515998
5,-3,21.402326549934156
5,-3,29.7
5,-3,18.435030398789394
5,-3,13.930418756614873
5,-3,2.9192000588944182
5,-3,8.590345828615963
5,-3,21.97587261497786
5,-3,29.7
5,-3,29.7
5,-3,5.9855934557881465
5,-3,22.340742046480774
5,-3,16.634098211655008
5,-3,19.918397631022483
5,-3,1.6500000000000001
5,-3,8.454483517956227
5,-3,23.272898324906542
5,-3,10.317761803709264
5,-3,11.650373055000285
5,-3,29.7
5,-3,19.79883198360508
5,-3,23.45529883483297
5,-3,5.309237782828033
5,-3,11.98496373037168
5,-3,12.080989040890142
5,-3,12.930282431003967
5,-3,7.089692472930446
5,-3,29.7
5,-3,28.363628903859947
5,-3,29.7
5,-3,13.345516347991962
5,-3,29.7
5,-3,1.6500000000000001
5,-3,29.21026076618369
5,-3,29.7
5,-3,26.8251901186847
5,-3,14.660871761219205
5,-3,12.513943612943125
5,-3,24.948918903493237
5,-3,8.368050454265589
5,-3,23.383679882694917
5,-3,17.167436702124984
5,-3,20.208843583228457
5,-3,10.727674237201157
5,-3,23.880164012212354
5,-3,29.305334241697995
5,-3,1.6500000000000001
5,-3,29.7
5,-3,29.7
5,-3,29.7
5,-3,14.945408966461839
5,-3,27.819447381736705
5,-3,17.8434883946195
5,-3,22.37714526446585
5,-3,22.75091822078941
5,-3,29.7
5,-3,21.862790702698216
5,-3,29.7
5,-3,17.739284230728416
5,-3,16.679106272869802
5,-3,7.660214370671035
5,-3,29.7
5,-3,23.582526518874626
5,-3,29.7
5,-3,12.875149093642717
5,-3,7.235525861279468
5,-3,7.26383316781766
5,-3,12.201261756812524
5,-3,29.7
5,-3,7.959546740568882
5,-3,25.744955184063922
5,-3,16.05438687940385
5,-3,29.7
5,-3,3.7999764158818223
5,-3,15.489518118495585
5,-3,27.073872919039754
5,-3,29.7
5,-3,11.676273766219287
5,-3,1.6500000000000001
5,-3,25.681194441474744
5,-3,22.376791766056336
5,-3,29.7
5,-3,29.7
5,-3,23.94202519354235
5,-3,3.407254425762792
5,-3,29.7
5,-3,1.6500000000000001
5,-3,4.0477685631452935
5,-3,29.7
5,-3,27.805830124257888
5,-3,29.7
5,-3,23.16141179597551
5,-3,13.886807176741195
5,-3,28.94522043433102
5,-3,24.56008976681319
5,-3,29.7
5,-3,27.99351406183124
5,-3,9.414692148959332
5,-3,29.7
5,-3,1.6500000000000001
5,-3,29.7
5,-3,10.745180937491108
5,-3,29.7
5,-3,29.7
5,-3,17.498354907096044
5,-3,29.7
5,-3,8.948689345450854
5,-3,15.099502013055693
5,-3,29.7
5,-3,23.616779211544436
5,-3,23.96160978338626
5,-3,3.8998570061381024
5,-3,1.6500000000000001
5,-3,13.939177765130724
5,-3,9.460107323448874
5,-3,29.4752426420687
5,-3,15.546689253209061
5,-3,4.934572209867083
5,-3,29.7
5,-3,29.7
6,-3,4.818515147161303
6,-3,14.175739170400226
6,-3,21.04657768055486
6,-3,9.47082375014319
6,-3,23.721613400715796
6,-3,9.966205478134272
6,-3,23.62653114050462
6,-3,9.78698922182308
6,-3,16.55935556690611
6,-3,19.811302056935666
6,-3,1.6500000000000001
6,-3,14.22400480545894
6,-3,25.07137708958176
6,-3,24.535248592439274
6,-3,18.941442158611075
6,-3,29.7
6,-3,11.84115284553372
6,-3,8.356692893594712
6,-3,29.7
6,-3,29.15438370097565
6,-3,1.6500000000000001
6,-3,15.140890585800161
6,-3,1.6500000000000001
6,-3,29.7
6,-3,29.7
6,-3,8.622554838926703
6,-3,26.350687376875833
6,-3,29.28741871789147
6,-3,14.697643347743156
6,-3,5.14122055354823
6,-3,11.269605810759481
6,-3,29.7
6,-3,23.16760766674069
6,-3,16.97065460067857
6,-3,16.61786540214174
6,-3,29.7
6,-3,29.7
6,-3,1.8866122884657983
6,-3,24.110318749505776
6,-3,12.428889003150271
6,-3,14.06857754201704
6,-3,21.902181774545422
6,-3,20.58018284546291
6,-3,29.7
6,-3,22.60535703989699
6,-3,1.6500000000000001
6,-3,18.52786086441231
6,-3,23.579423905327562
6,-3,17.886768483595706
6,-3,12.666080266008333
6,-3,27.276501110328176
6,-3,9.253952711576956
6,-3,22.44597129192527
6,-3,26.98420961733612
6,-3,25.84769219845021
6,-3,25.398850085950404
6,-3,29.7
6,-3,17.46354336505607
6,-3,18.756404787955102
6,-3,1.6500000000000001
6,-3,19.544137023444655
6,-3,1.6500000000000001
6,-3,18.542113305232668
6,-3,29.7
6,-3,5.548439389480267
6,-3,5.630960753320316
6,-3,8.981998914145862
6,-3,12.681097824254966
6,-3,29.7
6,-3,29.7
6,-3,7.9156413630473965
6,-3,19.82356123785471
6,-3,29.7
6,-3,26.023778131502795
6,-3,19.07410204952155
6,-3,6.489020412869261
6,-3,29.7
6,-3,8.044156785644544
6,-3,8.559498713872687
6,-3,20.795010913329477
6,-3,29.7
6,-3,16.194767563100342
6,-3,29.7
6,-3,29.1604050770608
6,-3,18.411515980617892
6,-3,29.7
6,-3,29.7
6,-3,22.482124398945825
6,-3,29.7
6,-3,29.7
6,-3,15.764049102320136
6,-3,13.109953081910602
6,-3,1.6500000000000001
6,-3,15.882078846404342
6,-3,10.601436717843804
6,-3,29.7
6,-3,22.987628471752537
6,-3,9.632671056243975
6,-3,9.549608029831607
6,-3,24.019504539702712
6,-3,20.347783399853444
6,-3,29.7
6,-3,29.482236650417015
6,-3,10.450986303177437
6,-3,29.7
6,-3,22.882288567058225
6,-3,15.056520643559802
6,-3,29.7
6,-3,19.331966707755967
6,-3,4.3145902411234545
6,-3,19.840974491142955
6,-3,29.7
6,-3,28.397429450285948
6,-3,29.42894275214004
6,-3,29.7
6,-3,14.112680887503062
6,-3,28.489428894225092
6,-3,1.6500000000000001
6,-3,29.7
6,-3,11.68647521192136
6,-3,7.85907912540115
6,-3,29.7
5,-3,13.346872300569796
5,-3,17.64429232865993
5,-3,29.7
5,-3,27.551415734309387
5,-3,21.2629075493164
5,-3,3.1303057466056217
5,-3,19.18473339756144
5,-3,15.615542970619263
5,-3,29.7
5,-3,29.7
5,-3,14.05809879717898
5,-3,1.6500000000000001
5,-3,29.7
5,-3,25.952404178463027
5,-3,1.6500000000000001
5,-3,10.824526045563136
5,-3,7.212971100102132
5,-3,29.7
5,-3,11.944905471355872
5,-3,29.7
5,-3,29.7
5,-3,29.7
5,-3,5.083259693329563
5,-3,8.55406368088336
5,-3,23.62027190669478
5,-3,12.420700681286535
5,-3,24.545469785955795
5,-3,29.7
5,-3,29.7
5,-3,11.111955777556656
5,-3,11.236251493544584
5,-3,16.1087571952095
5,-3,15.732189691429136
5,-3,13.026321379623473
5,-3,29.7
5,-3,23.347484281575372
5,-3,29.7
5,-3,25.180710597738724
5,-3,21.44743993448791
5,-3,16.51424771726819
5,-3,28.42937266314638
5,-3,29.7
5,-3,29.623871730425485
5,-3,9.803402487717154
5,-3,29.7
5,-3,1.6500000000000001
5,-3,21.92861251889875
5,-3,19.886878973708875
5,-3,29.7
5,-3,19.637374115006676
5,-3,26.356600186246073
5,-3,19.04100196858144
5,-3,12.065386159196109
5,-3,21.255274635911128
5,-3,26.490861742221618
5,-3,29.7
5,-3,25.937913295579918
5,-3,4.954681291417341
5,-3,19.995340377806937
5,-3,22.729615675553752
5,-3,28.270367039111992
5,-3,29.7
5,-3,29.7
5,-3,29.7
5,-3,27.10679722386779
5,-3,15.699293202895564
5,-3,16.661623909233384
5,-3,25.61849908916292
5,-3,5.17055868662767
5,-3,1.6500000000000001
5,-3,13.423021561852421
5,-3,29.7
5,-3,18.658435532865386
5,-3,29.7
5,-3,16.03668758701588
5,-3,29.7
5,-3,24.0969120474741
5,-3,6.278848298832942
5,-3,7.884161356859012
5,-3,10.818661198646076
5,-3,27.111896177894252
5,-3,12.904901900278421
5,-3,5.790921180656648
5,-3,7.916253064343167
5,-3,16.93485095690253
5,-3,7.243668944040749
5,-3,11.020914766524012
5,-3,1.6500000000000001
5,-3,29.237356245689476
5,-3,1.6500000000000001
5,-3,14.068651327939076
5,-3,19.058024558550535
5,-3,13.169689155697425
5,-3,7.728484763757805
5,-3,1.6500000000000001
5,-3,22.69221698048443
5,-3,20.329377314612408
5,-3,22.903159920014748
5,-3,15.669191197806258
5,-3,13.198901825367583
5,-3,29.7
5,-3,29.7
5,-3,17.778762809137937
5,-3,1.6500000000000001
5,-3,23.51459514153233
5,-3,29.7
5,-3,29.7
5,-3,26.734521353723572
5,-3,12.86797801144474
5,-3,8.934297429437287
5,-3,29.7
5,-3,9.59067726543045
5,-3,29.7
5,-3,26.49844036104545
5,-3,25.057996442244416
5,-3,1.6500000000000001
5,-3,29.7
5,-3,23.49610768296575
5,-3,7.952704913138293
5,-3,13.53753917015674
5,-3,13.505471427969994
5,-3,21.501556341871304
6,-3,29.7
6,-3,2.8613643989170168
6,-3,19.725684347039287
6,-3,9.725602245366161
6,-3,29.7
6,-3,1.6500000000000001
6,-3,16.672584314696255
6,-3,1.6500000000000001
6,-3,8.883890693607798
6,-3,1.6500000000000001
6,-3,27.982359603317885
6,-3,6.862562884213375
6,-3,17.92436829734823
6,-3,1.6500000000000001
6,-3,11.760900224673492
6,-3,23.907130451169127
6,-3,2.711901812545346
6,-3,10.49882325107782
6,-3,29.7
6,-3,16.4034920264324
6,-3,29.7
6,-3,27.596359033115466
6,-3,23.83281232741788
6,-3,7.179560921300428
6,-3,26.882108265338623
6,-3,27.225430524079606
6,-3,1.6500000000000001
6,-3,13.20695090149915
6,-3,20.634377526800684
6,-3,9.553119109386117
6,-3,22.710570366011115
6,-3,6.568329688166423
6,-3,3.7581303131485093
6,-3,29.7
6,-3,14.237877109809943
6,-3,14.16994194665957
6,-3,9.675873274720855
6,-3,29.7
6,-3,1.6500000000000001
6,-3,29.7
6,-3,8.821837377942845
6,-3,17.862379191969456
6,-3,5.025990308182024
6,-3,10.18456531135475
6,-3,29.7
6,-3,18.891563174352804
6,-3,20.114028372571624
6,-3,8.803454404963393
6,-3,29.7
6,-3,9.263685071286663
6,-3,22.11325729472526
6,-3,8.228847810564375
6,-3,7.695909608828684
6,-3,1.6500000000000001
6,-3,27.66392892253911
6,-3,12.256378674342084
6,-3,29.7
6,-3,29.7
6,-3,29.7
6,-3,29.7
6,-3,29.7
6,-3,21.079715156950986
6,-3,24.768733881757637
6,-3,29.7
6,-3,20.65604260209808
6,-3,29.7
6,-3,5.887537347385775
6,-3,29.7
6,-3,29.7
6,-3,8.990401092304284
6,-3,29.7
6,-3,3.8462147602881274
6,-3,23.517574152048432
6,-3,29.7
6,-3,6.896180435285423
6,-3,13.370736770163065
6,-3,29.7
6,-3,15.154706538948654
6,-3,3.6686880563299304
6,-3,13.365467821423463
6,-3,6.632806832425498
6,-3,29.7
6,-3,16.4919384039172
6,-3,15.175977089852374
6,-3,13.376157634665047
6,-3,16.528287360516455
6,-3,27.443894581239842
6,-3,29.7
6,-3,23.49702979116475
6,-3,29.7
6,-3,15.44299892788792
6,-3,1.6500000000000001
6,-3,18.60176969330927
6,-3,5.918429691887958
6,-3,29.7
6,-3,20.41142229641438
6,-3,26.107905711342415
6,-3,14.686243218896102
6,-3,29.7
6,-3,29.7
6,-3,15.060653146420394
6,-3,2.923239760512928
6,-3,27.494129023274848
6,-3,1.6500000000000001
6,-3,1.6500000000000001
6,-3,10.924518865360152
6,-3,2.1220010411476196
6,-3,23.005032849495475
6,-3,16.57165165164283
6,-3,18.73264720244998
6,-3,18.298260068195827
6,-3,29.7
6,-3,20.96940196099162
6,-3,4.691951520076941
6,-3,23.33891345263254
6,-3,2.183236395198822
6,-3,17.235496353162677
6,-3,4.62048079525286
6,-3,19.600861406529813
6,-3,13.346433411221339
6,-3,12.310259522471362
6,-3,6.398238874306514
6,-2,1.6500000000000001
6,-2,18.200523891789903
6,-2,18.828923154008898
6,-2,22.498909792844955
6,-2,29.7
6,-2,6.296744908465666
6,-2,29.7
6,-2,15.323920760866915
6,-2,5.503150025336845
6,-2,24.25740593340872
6,-2,5.499769204311132
6,-2,24.75282542961262
6,-2,19.472634743064393
6,-2,8.501369055369068
6,-2,29.7
6,-2,22.42236130054301
6,-2,22.707300361200915
6,-2,9.180234632617431
6,-2,27.9454361786853
6,-2,2.8680765153705003
6,-2,1.6500000000000001
6,-2,24.83763019348941
6,-2,19.256190561901917
6,-2,29.7
6,-2,22.332425473598825
6,-2,12.582414143675162
6,-2,29.7
6,-2,21.595640890280613
6,-2,1.6500000000000001
6,-2,10.238448714453737
6,-2,16.793929247399767
6,-2,22.725490174869385
6,-2,28.72532052822521
6,-2,24.121229251315988
6,-2,18.69534171774668
6,-2,29.7
6,-2,29.075348694786094
6,-2,16.377108939722852
6,-2,24.207270942038345
6,-2,21.297380768388287
6,-2,14.602957632752704
6,-2,12.765441050022732
6,-2,11.557695508833671
6,-2,11.181081465851918
6,-2,6.981340476496719
6,-2,26.3521875284409
6,-2,12.369011481395827
6,-2,14.3341016696668
6,-2,28.889206670395005
6,-2,29.7
6,-2,18.019321916004834
6,-2,22.029061234965486
6,-2,23.272469085485042
6,-2,27.394211027742987
6,-2,3.6769968369265023
6,-2,29.7
6,-2,18.936108295163606
6,-2,20.061849802362964
6,-2,11.089942105644925
6,-2,29.7
6,-2,29.7
6,-2,20.322972234501357
6,-2,29.7
6,-2,18.83266281520744
6,-2,12.833709811522649
6,-2,29.287166520609635
6,-2,10.609504019182767
6,-2,11.684028023273179
6,-2,27.9249779167641
6,-2,21.27244492715549
6,-2,17.155680047357624
6,-2,29.7
6,-2,29.7
6,-2,16.39296727342493
6,-2,1.6500000000000001
6,-2,18.929813861467466
6,-2,28.60113851896871
6,-2,5.348839458547916
6,-2,16.26938907341152
6,-2,12.594215654362282
6,-2,16.55336907887709
6,-2,12.641372692645843
6,-2,2.9719208336345186
6,-2,8.111011872748435
6,-2,23.989809892781132
6,-2,28.0280653766534
6,-2,12.04516743913302
6,-2,1.6500000000000001
6,-2,29.7
6,-2,29.7
6,-2,29.7
6,-2,24.984299444509993
6,-2,1.6500000000000001
6,-2,9.789938618530414
6,-2,29.7
6,-2,29.7
6,-2,29.7
6,-2,29.7
6,-2,19.670432386414426
6,-2,6.979824677082393
6,-2,1.6500000000000001
6,-2,7.017188347656106
6,-2,7.242768272968911
6,-2,22.727006641332746
6,-2,29.7
6,-2,14.357682810905466
6,-2,29.7
6,-2,25.656311108625204
6,-2,29.7
6,-2,6.592249760642419
6,-2,4.264580197684612
6,-2,29.7
6,-2,24.08102609114045
6,-2,29.7
6,-2,29.401931795914365
6,-2,12.88738926282526
6,-2,4.1454924959710215
6,-2,23.836136937354063
6,-2,24.602093477515645
6,-2,2.0844857630148965
6,-2,1.8278437644387981
6,-2,1.6500000000000001
6,-1,18.667678193211742
6,-1,7.738132379098542
6,-1,29.7
6,-1,24.139036400463567
6,-1,10.597251670600318
6,-1,21.34467869427521
6,-1,9.76024450346857
6,-1,29.7
6,-1,17.827529742986226
6,-1,22.39785408326521
6,-1,20.895271124666895
6,-1,15.352769215384331
6,-1,25.43179509202252
6,-1,29.7
6,-1,18.553575678793173
6,-1,24.201846876153613
6,-1,10.889843213720916
6,-1,1.6500000000000001
6,-1,16.886199562841888
6,-1,11.333207215553433
6,-1,28.881095479512958
6,-1,25.67997540622534
6,-1,29.7
6,-1,26.421907272486926
6,-1,1.6500000000000001
6,-1,15.604509208325865
6,-1,20.361652657035755
6,-1,17.706347966545128
6,-1,1.6500000000000001
6,-1,29.7
6,-1,12.541948369172738
6,-1,29.7
6,-1,15.217573446683051
6,-1,7.375316712407338
6,-1,23.78001646401137
6,-1,16.828341429829003
6,-1,28.076192487397353
6,-1,21.588116964962886
6,-1,14.41688223477029
6,-1,24.460606950204735
6,-1,17.15584737417283
6,-1,5.682905178082818
6,-1,15.07356313711077
6,-1,29.7
6,-1,1.6500000000000001
6,-1,1.6500000000000001
6,-1,16.647932771069687
6,-1,16.674633890577304
6,-1,24.875019871952837
6,-1,8.284583663150464
6,-1,1.6500000000000001
6,-1,9.869811937990995
6,-1,12.375245481942116
6,-1,24.110262765631123
6,-1,7.6004497459154985
6,-1,29.7
6,-1,7.284364641420714
6,-1,27.95251790664485
6,-1,3.133816286155991
6,-1,1.6500000000000001
6,-1,29.7
6,-1,29.7
6,-1,3.5614376134351247
6,-1,14.763857977979994
6,-1,2.5219744906561203
6,-1,28.70856080423087
6,-1,28.584980168207736
6,-1,1.6500000000000001
6,-1,20.310477312053965
6,-1,1.6500000000000001
6,-1,14.295306217107502
6,-1,23.08868347314871
6,-1,29.7
6,-1,29.7
6,-1,20.76775377338245
6,-1,29.7
6,-1,27.030312816373044
6,-1,26.977493119075216
6,-1,20.685223431878867
6,-1,10.803877037479307
6,-1,5.894504257635374
6,-1,1.6500000000000001
6,-1,25.364196664326506
6,-1,11.475738516870777
6,-1,29.7
6,-1,6.463015229464823
6,-1,15.01559871957532
6,-1,8.434724873838515
6,-1,1.7020229235181805
6,-1,22.341848202832125
6,-1,1.6500000000000001
6,-1,18.610646103478075
6,-1,11.256941504961713
6,-1,23.21477774711201
6,-1,29.7
6,-1,1.6500000000000001
6,-1,29.7
6,-1,18.091800303605602
6,-1,9.796438053076491
6,-1,29.11322783917173
6,-1,18.647284357656822
6,-1,29.7
6,-1,3.4105071347340363
6,-1,14.26424916848627
6,-1,1.6500000000000001
6,-1,14.837275803853384
6,-1,29.7
6,-1,2.461463210098202
6,-1,12.255869743555566
6,-1,14.407044643490863
6,-1,15.871931560087894
6,-1,1.6500000000000001
6,-1,18.54768948995503
6,-1,22.910465650380008
6,-1,17.965728539990383
6,-1,18.118186436854863
6,-1,24.680211843544278
6,-1,29.7
6,-1,29.7
6,-1,13.840014699078683
6,-1,29.7
6,-1,15.106860872074433
6,-1,1.6500000000000001
6,0,29.7
6,0,5.168704733735471
6,0,29.7
6,0,29.7
6,0,14.639507677392515
6,0,1.6500000000000001
6,0,24.377487216402223
6,0,28.838478164337516
6,0,12.092657207447273
6,0,5.507568224182059
6,0,29.7
6,0,19.30730713796987
6,0,21.666743957836868
6,0,29.7
6,0,15.099842717956186
6,0,21.836839212129274
6,0,17.57888942130058
6,0,27.286664305651513
6,0,24.41878452190584
6,0,14.996479847532015
6,0,29.7
6,0,15.893160069621732
6,0,1.6500000000000001
6,0,16.351854490209853
6,0,11.373053714340617
6,0,29.7
6,0,1.6500000000000001
6,0,1.6500000000000001
6,0,29.7
6,0,26.894892386352772
6,0,29.7
6,0,27.329182889466555
6,0,27.72150421186317
6,0,27.646615145150992
6,0,29.7
6,0,9.177675748914663
6,0,18.252852915974536
6,0,6.019360177759802
6,0,29.58622469953844
6,0,13.380633186297882
6,0,21.444023712430315
6,0,20.232223364919705
6,0,15.310984639624131
6,0,27.566196797345498
6,0,29.7
6,0,6.757434629709074
6,0,15.988457430243173
6,0,15.186565465976956
6,0,17.540660181773166
6,0,22.993813149489895
6,0,23.2997320372077
6,0,29.7
6,0,29.7
6,0,1.6500000000000001
6,0,29.7
6,0,29.7
6,0,29.7
6,0,22.18026859324
6,0,10.400374715448024
6,0,15.59244176599589
6,0,16.425901196549415
6,0,28.046037388749646
6,0,29.7
6,0,29.46812828092318
6,0,1.6500000000000001
6,0,21.040952452798155
6,0,1.6500000000000001
6,0,1.6500000000000001
6,0,22.317065701038
6,0,21.209217872257728
6,0,11.439470787397044
6,0,19.774492252878414
6,0,14.528659213912771
6,0,11.469387265558215
6,0,13.752902657197374
6,0,19.7235041372304
6,0,29.7
6,0,29.7
6,0,7.336950746134933
6,0,27.469369669317963
6,0,29.7
6,0,11.160985085510113
6,0,29.7
6,0,28.74971773320747
6,0,16.886970535186023
6,0,16.784166964884207
6,0,19.937929384674256
6,0,16.411562634819035
6,0,19.050498632689653
6,0,26.01858360765693
6,0,18.675068516815713
6,0,16.860001789428754
6,0,24.99877824408964
6,0,6.5527104443859
6,0,1.6500000000000001
6,0,29.7
6,0,29.7
6,0,22.89016184212014
6,0,25.588535504099752
6,0,8.2974298652202
6,0,1.6500000000000001
6,0,27.854278020733837
6,0,28.318336032644552
6,0,29.7
6,0,29.7
6,0,23.67857278547637
6,0,29.7
6,0,24.75041134999519
6,0,19.436943228324704
6,0,11.989954697872609
6,0,1.6500000000000001
6,0,21.985359808555142
6,0,12.872052741147801
6,0,29.7
6,0,29.7
6,0,21.77607479257349
6,0,10.624093489958982
6,0,17.691555831991472
6,0,25.42623764160232
6,0,22.471586285738546
6,0,22.277638576443664
6,0,29.7
6,1,15.225042083264437
6,1,26.858844678117457
6,1,29.7
6,1,2.7612651672975765
6,1,28.173607098938987
6,1,23.831930748381712
6,1,24.9263279355601
6,1,29.7
6,1,2.8805888150914942
6,1,9.057383181249884
6,1,12.16693068003843
6,1,11.638694566842391
6,1,28.1586231141491
6,1,14.5533706208268
6,1,29.7
6,1,21.21639874397931
6,1,12.918728570223065
6,1,1.6500000000000001
6,1,8.47765224007884
6,1,2.475825132546955
6,1,29.7
6,1,17.631497492473443
6,1,26.21320660746762
6,1,15.115581198259063
6,1,29.09711394083381
6,1,1.6500000000000001
6,1,17.61175805684857
6,1,2.706656743903313
6,1,13.08321862278065
6,1,11.98515657534353
6,1,19.30037501122956
6,1,3.276254807538333
6,1,29.7
6,1,29.7
6,1,7.290030919815351
6,1,20.819622489565738
6,1,1.6500000000000001
6,1,27.393650850394266
6,1,1.6500000000000001
6,1,26.159309290258122
6,1,29.7
6,1,19.06037340189581
6,1,29.7
6,1,25.74984137246382
6,1,18.32456652436833
6,1,11.549188880371041
6,1,26.750144993278987
6,1,29.7
6,1,24.804568282425713
6,1,18.39945971055799
6,1,19.972435026019113
6,1,1.6500000000000001
6,1,23.58041948671191
6,1,6.535192396175429
6,1,29.7
6,1,29.7
6,1,20.080608416748046
6,1,11.791716983225337
6,1,28.721975231048155
6,1,1.6500000000000001
6,1,29.7
6,1,1.6500000000000001
6,1,29.7
6,1,12.301913710197395
6,1,16.557031327069282
6,1,9.631778174983529
6,1,29.7
6,1,14.777224721850626
6,1,10.836083436173244
6,1,3.9346669906624214
6,1,25.291899999580338
6,1,1.6500000000000001
6,1,24.441902519295994
6,1,19.708529338529413
6,1,16.76307404637317
6,1,18.62983177228226
6,1,17.0919686142826
6,1,10.64926507086439
6,1,18.190957218856326
6,1,29.7
6,1,1.6500000000000001
6,1,1.6500000000000001
6,1,29.498598503136414
6,1,1.6500000000000001
6,1,29.7
6,1,29.7
6,1,27.56920241052044
6,1,11.293592021192929
6,1,26.95717879347901
6,1,22.544473183813135
6,1,21.499223994652635
6,1,24.582949793479884
6,1,29.7
6,1,11.05969870228241
6,1,29.7
6,1,7.87027399206451
6,1,3.910193552298738
6,1,29.7
6,1,22.913178075424344
6,1,26.498183431617758
6,1,29.439946625380223
6,1,18.079098112743388
6,1,23.58039025114925
6,1,26.692793310099866
6,1,12.231427978017324
6,1,14.775460566493742
6,1,1.6500000000000001
6,1,14.252450995363088
6,1,10.458263809719707
6,1,29.7
6,1,11.633639405825917
6,1,29.7
6,1,18.20583770249363
6,1,29.7
6,1,7.9370735818116795
6,1,29.7
6,1,19.961545763880036
6,1,6.04768615676476
6,1,23.209681798226555
6,1,7.597104114596036
6,1,1.6500000000000001
6,1,29.66265530300614
7,1,15.399296564954074
7,1,17.77139522262987
7,1,24.57025118720642
7,1,25.049673826943753
7,1,25.687831704868685
7,1,16.877724628713036
7,1,1.6500000000000001
7,1,29.7
7,1,9.558208262337775
7,1,18.731064501027717
7,1,1.6500000000000001
7,1,1.6500000000000001
7,1,13.44234120441528
7,1,14.567719115065936
7,1,8.304176228177935
7,1,29.7
7,1,29.7
7,1,22.33197688244451
7,1,1.6500000000000001
7,1,22.991429605468618
7,1,14.56447646439215
7,1,6.444622407906998
7,1,1.6500000000000001
7,1,8.602310371689555
7,1,29.7
7,1,22.724312410649276
7,1,14.757961734747603
7,1,29.7
7,1,29.7
7,1,6.851717241126865
7,1,8.645206597738907
7,1,8.777994020181849
7,1,23.439228862411447
7,1,5.42124076872412
7,1,1.6500000000000001
7,1,24.53537628447993
7,1,29.7
7,1,7.073753747601563
7,1,27.45051262564331
7,1,14.621305517065604
7,1,4.060526461327809
7,1,4.979188631379619
7,1,23.32135833682634
7,1,7.347150573210429
7,1,17.477772042905965
7,1,15.561597256943
7,1,15.324355623301816
7,1,29.7
7,1,1.6500000000000001
7,1,29.7
7,1,1.6500000000000001
7,1,26.196121222111504
7,1,1.6500000000000001
7,1,5.182897838995746
7,1,29.7
7,1,14.442014753762948
7,1,29.7
7,1,22.335118893464426
7,1,1.6500000000000001
7,1,29.7
7,1,2.07192630658804
7,1,22.333453878493565
7,1,9.455483969382268
7,1,14.38688484563171
7,1,1.698153010276453
7,1,19.33322552832096
7,1,23.988230751256467
7,1,10.131374626640095
7,1,8.338774456722284
7,1,19.36864833983886
7,1,24.36251463913909
7,1,3.4480172079386886
7,1,23.26402551170547
7,1,19.804166888977363
7,1,20.422701165409556
7,1,29.7
7,1,1.6500000000000001
7,1,29.7
7,1,22.5616242176685
7,1,17.459790114563674
7,1,19.427146534500487
7,1,17.01336182795815
7,1,1.6500000000000001
7,1,17.225810405303164
7,1,7.607316281576569
7,1,26.512120305787324
7,1,6.278668932074391
7,1,4.925404773005646
7,1,24.30397076401208
7,1,1.6500000000000001
7,1,5.128877350254404
7,1,23.902894682842035
7,1,25.382031911684816
7,1,20.31831285840495
7,1,29.034506292281673
7,1,4.293167009522495
7,1,8.699942388967642
7,1,5.239905204657539
7,1,29.7
7,1,28.905283240375535
7,1,29.7
7,1,1.6500000000000001
7,1,13.38680991589402
7,1,25.98146943971718
7,1,1.6500000000000001
7,1,29.7
7,1,19.270314817945742
7,1,8.99165826807383
7,1,14.024685533620023
7,1,2.691167970208955
7,1,1.6500000000000001
7,1,29.7
7,1,18.862441058897126
7,1,29.7
7,1,29.7
7,1,20.170202137436945
7,1,5.336006588758618
7,1,14.997217765379089
7,1,29.7
7,1,29.7
7,1,13.212560447591793
7,1,1.6500000000000001
8,1,22.3198955693358
8,1,29.7
8,1,15.83388451019944
8,1,1.6500000000000001
8,1,1.6617615131834036
8,1,17.664947253916893
8,1,18.331098909279213
8,1,5.288445235565106
8,1,20.272069835220293
8,1,22.709444255539893
8,1,29.7
8,1,1.6500000000000001
8,1,29.7
8,1,2.256094285597367
8,1,25.73449657919687
8,1,1.6500000000000001
8,1,1.6500000000000001
8,1,29.7
8,1,22.463270820916065
8,1,28.293237291682363
8,1,21.016907547859724
8,1,7.209317030501776
8,1,5.8984461325501645
8,1,1.6500000000000001
8,1,5.526773213930623
8,1,20.48852473735976
8,1,19.52880620457967
8,1,27.19586061339905
8,1,21.04103762220887
8,1,1.6500000000000001
8,1,1.6500000000000001
8,1,18.24398997196539
8,1,17.802511783602384
8,1,5.601665291335557
8,1,5.911549605853967
8,1,8.209954247116574
8,1,15.558690162712796
8,1,29.7
8,1,29.7
8,1,28.590093702374247
8,1,11.013425975117809
8,1,20.661187508868387
8,1,25.70151556035339
8,1,1.6500000000000001
8,1,19.09284410196429
8,1,27.482879706096927
8,1,2.3897873428065193
8,1,6.93735441774904
8,1,27.26391364253339
8,1,6.239615038905059
8,1,18.99499211296756
8,1,29.7
8,1,12.890834290710938
8,1,20.32012000225643
8,1,7.591454704045522
8,1,29.7
8,1,20.85096321027871
8,1,1.6500000000000001
8,1,21.48821093448383
8,1,1.6500000000000001
8,1,16.286149553702913
8,1,15.90182258792975
8,1,13.5633494779825
8,1,24.23997835013188
8,1,27.591064728494075
8,1,25.72521384454857
8,1,25.917859823109602
8,1,3.473541824087352
8,1,3.0687683989925354
8,1,19.205598139388595
8,1,22.231224601515457
8,1,18.69258953182502
8,1,29.7
8,1,12.912719377451513
8,1,17.615505966807934
8,1,29.7
8,1,7.406150179383463
8,1,22.290698082206635
8,1,7.797275459701975
8,1,19.536352118062997
8,1,1.6500000000000001
8,1,5.487224033726012
8,1,28.808950809338874
8,1,19.864074896914055
8,1,2.3991927887302786
8,1,14.12293331939512
8,1,13.382355010668169
8,1,11.936732567274127
8,1,25.279925933512068
8,1,10.091624093241759
8,1,29.7
8,1,16.326658599596282
8,1,17.98254067919545
8,1,21.740839671349704
8,1,7.399954378239981
8,1,17.02435403924122
8,1,14.443633421260989
8,1,7.2683737981113286
8,1,29.7
8,1,18.619860842456653
8,1,7.818793817565421
8,1,28.297956873571543
8,1,1.6500000000000001
8,1,6.862025797296083
8,1,1.6500000000000001
8,1,8.17526139837022
8,1,1.6500000000000001
8,1,15.814558181001402
8,1,23.742288096456225
8,1,13.101040432911674
8,1,29.7
8,1,27.433517307009605
8,1,18.911721647923617
8,1,1.6500000000000001
8,1,29.7
8,1,17.069793841834414
8,1,29.7
8,1,16.089134541316234
8,1,12.798252973176105
8,1,15.04568904840819
8,1,1.6500000000000001
8,1,29.645244177511536
8,1,25.34531851953851
9,1,8.817843640517282
9,1,29.7
9,1,9.160855197808335
9,1,29.7
9,1,26.217310535383735
9,1,11.553208604657296
9,1,26.619291373278642
9,1,29.7
9,1,5.021036196333911
9,1,6.262943482946574
9,1,1.6500000000000001
9,1,19.037383008399104
9,1,8.35809666710291
9,1,6.599420217719137
9,1,16.03838658188447
9,1,15.33812967357352
9,1,9.163663524650758
9,1,1.6500000000000001
9,1,1.6500000000000001
9,1,19.193279376108972
9,1,23.8745497536059
9,1,3.457530788731397
9,1,26.37296176754915
9,1,18.508778495913035
9,1,23.994291983780887
9,1,25.789584588989662
9,1,1.6500000000000001
9,1,15.418933235082115
9,1,16.859428120803727
9,1,11.125978118780266
9,1,29.7
9,1,1.6500000000000001
9,1,1.6500000000000001
9,1,29.29539232621255
9,1,19.53222057324744
9,1,29.7
9,1,5.6506986456177675
9,1,12.030271111518141
9,1,4.525053962202394
9,1,26.65681595624442
9,1,29.598473325474636
9,1,18.129854799248502
9,1,18.515897304410224
9,1,16.072191547509156
9,1,17.37880692995589
9,1,9.81426239587811
9,1,1.6500000000000001
9,1,27.11970555592961
9,1,1.6500000000000001
9,1,17.22074868492068
9,1,1.6500000000000001
9,1,2.115770954731742
9,1,12.711333943014107
9,1,21.731449075659786
9,1,1.6500000000000001
9,1,1.6500000000000001
9,1,12.517450122428578
9,1,18.238043606087928
9,1,1.6500000000000001
9,1,1.6500000000000001
9,1,12.505000714586803
9,1,10.519568587086852
9,1,2.8543563130638683
9,1,7.910147819581388
9,1,1.6500000000000001
9,1,22.23978886130018
9,1,1.6500000000000001
9,1,14.894626027083092
9,1,1.6500000000000001
9,1,25.138412762304597
9,1,12.07462878036889
9,1,20.185314446497518
9,1,4.329777821924258
9,1,12.105090252884246
9,1,29.7
9,1,1.6500000000000001
9,1,29.7
9,1,13.801768974197847
9,1,8.932860184644056
9,1,22.897257422791736
9,1,23.772627521207216
9,1,18.221409731646958
9,1,29.7
9,1,8.253769199933455
9,1,24.32229152347155
9,1,5.21955982038947
9,1,7.3516913507173385
9,1,29.7
9,1,15.668670729349596
9,1,20.018489477835733
9,1,1.6500000000000001
9,1,29.7
9,1,4.320320925639753
9,1,15.520295711650322
9,1,19.32338083436575
9,1,29.7
9,1,1.6500000000000001
9,1,1.6500000000000001
9,1,4.475277132169458
9,1,15.928636278010188
9,1,29.7
9,1,5.12445833547779
9,1,14.51967937477932
9,1,8.479837383411839
9,1,10.894385213767752
9,1,20.472709387336778
9,1,1.6500000000000001
9,1,14.851602820958854
9,1,7.767568436559776
9,1,11.46474649185682
9,1,20.61424927116109
9,1,29.278384826820187
9,1,10.801647380106793
9,1,5.891500508763798
9,1,13.524832102775486
9,1,10.374292299546386
9,1,9.86311735233976
9,1,19.90366632104989
9,1,29.7
9,1,26.59212201015508
9,1,1.6500000000000001
9,1,28.03167181362264
9,2,1.6500000000000001
9,2,1.6500000000000001
9,2,17.651769125587926
9,2,29.7
9,2,1.6500000000000001
9,2,24.65695031316914
9,2,8.4118985560375
9,2,1.6500000000000001
9,2,12.873746524795639
9,2,4.858719188691339
9,2,13.282505550560375
9,2,29.7
9,2,1.6500000000000001
9,2,29.7
9,2,29.7
9,2,22.546927729128384
9,2,21.358766161917785
9,2,1.6500000000000001
9,2,1.6547241682714997
9,2,23.202392334023894
9,2,29.7
9,2,1.6500000000000001
9,2,1.6500000000000001
9,2,22.32037030608243
9,2,10.821155350746052
9,2,29.7
9,2,11.79710414638164
9,2,26.211668901880145
9,2,27.170988319268233
9,2,29.7
9,2,1.6500000000000001
9,2,29.7
9,2,12.57508952705878
9,2,29.7
9,2,22.320115960884397
9,2,1.6500000000000001
9,2,11.050800269394703
9,2,1.6500000000000001
9,2,14.888755240770175
9,2,1.6500000000000001
9,2,6.966632850347354
9,2,22.996636053740854
9,2,19.36994826679022
9,2,8.301754402210998
9,2,29.7
9,2,19.83912818661864
9,2,21.242936409013776
9,2,1.6500000000000001
9,2,15.196341384550934
9,2,12.798995881810193
9,2,7.408283448672918
9,2,14.316071111558344
9,2,21.49309942227356
9,2,17.74475760280728
9,2,21.08958994699157
9,2,22.93256075464317
9,2,1.6500000000000001
9,2,12.88480678457689
9,2,22.790934815143174
9,2,28.733990739270865
9,2,28.093539425095187
9,2,8.573315842411745
9,2,21.14109756743445
9,2,9.178333278911467
9,2,9.311628634283231
9,2,23.13190848306718
9,2,1.6500000000000001
9,2,25.866475843426837
9,2,5.724050550933777
9,2,29.7
9,2,18.896162027960962
9,2,14.513562468131456
9,2,1.6500000000000001
9,2,3.8412778585851246
9,2,29.7
9,2,14.641060366575328
9,2,7.9121343669356765
9,2,20.571062143172465
9,2,1.6500000000000001
9,2,11.470921239116823
9,2,9.092433876279136
9,2,25.33832805719389
9,2,20.281621338924054
9,2,12.652544058861668
9,2,5.018635295292052
9,2,11.31745952792749
9,2,1.6500000000000001
9,2,15.058639235293624
9,2,29.7
9,2,13.922680015640315
9,2,29.7
9,2,16.970553696516536
9,2,9.515083267240717
9,2,1.6500000000000001
9,2,19.254974798305586
9,2,23.842707917657584
9,2,21.14224802182732
9,2,29.7
9,2,25.143886409286694
9,2,18.011228199769853
9,2,29.7
9,2,13.966922490758511
9,2,14.301233317457605
9,2,2.999308237364395
9,2,1.6500000000000001
9,2,1.6500000000000001
9,2,29.7
9,2,26.448589516187717
9,2,20.793013454259576
9,2,6.908046944385481
9,2,18.216780322101727
9,2,1.6500000000000001
9,2,1.6500000000000001
9,2,29.7
9,2,29.7
9,2,19.23992944834433
9,2,12.097938791777427
9,2,16.083064192386963
9,2,1.6500000000000001
9,2,2.8344664132203112
9,2,3.536887999201399
9,2,16.559784893200085
10,2,1.6500000000000001
10,2,29.7
10,2,1.6500000000000001
10,2,11.353712695984614
10,2,15.634386550241924
10,2,14.703623132233052
10,2,1.6500000000000001
10,2,20.733903736820224
10,2,9.884016753400342
10,2,1.6500000000000001
10,2,2.4653344016086463
10,2,20.919533980813014
10,2,29.7
10,2,18.580302221470482
10,2,7.769329253261651
10,2,17.189162718920866
10,2,27.437620273040917
10,2,16.80928114754581
10,2,29.7
10,2,1.6500000000000001
10,2,20.29695951928351
10,2,17.558107151837593
10,2,8.209114575786728
10,2,15.854292183873264
10,2,1.6500000000000001
10,2,8.829246241940279
10,2,3.6787819939462345
10,2,11.541988161735906
10,2,11.351680635346368
10,2,1.6500000000000001
10,2,5.286469806088643
10,2,1.6500000000000001
10,2,21.781186764304998
10,2,1.6500000000000001
10,2,29.7
10,2,9.847676454479295
10,2,1.6500000000000001
10,2,19.32518657374196
10,2,1.6500000000000001
10,2,7.758472308294611
10,2,1.6500000000000001
10,2,14.527041163730878
10,2,9.11783127827665
10,2,14.162352154922294
10,2,7.667784737687222
10,2,7.333265187755576
10,2,21.67752121243137
10,2,1.6500000000000001
10,2,17.740260801416923
10,2,8.489779022853547
10,2,21.257716938212212
10,2,25.959059115713185
10,2,16.09908024449726
10,2,22.208841592906197
10,2,1.6500000000000001
10,2,12.782024262965363
10,2,26.622520147916546
10,2,15.389244407226679
10,2,29.7
10,2,5.309185782357405
10,2,22.160445026870843
10,2,12.516311145684377
10,2,19.464468461857955
10,2,10.06568662267247
10,2,18.556338090585328
10,2,29.7
10,2,7.984780012402896
10,2,15.972175578902752
10,2,21.996914784561646
10,2,14.404593133500516
10,2,15.92000100324707
10,2,12.172806162811176
10,2,3.7972104301122744
10,2,1.6500000000000001
10,2,1.6500000000000001
10,2,9.866922212105923
10,2,14.60014977566707
10,2,1.6500000000000001
10,2,14.253392032504937
10,2,1.6500000000000001
10,2,21.47190633882498
10,2,23.111197405188953
10,2,21.320132604272846
10,2,24.992356132801028
10,2,24.083306009101708
10,2,4.173235256196891
10,2,13.51893202872635
10,2,13.209776066246663
10,2,23.54643269511255
10,2,1.6500000000000001
10,2,17.76695420738723
10,2,8.224650033154955
10,2,24.985372166544085
10,2,21.14311751521536
10,2,1.6500000000000001
10,2,1.6500000000000001
10,2,14.627633889197828
10,2,9.834193875702189
10,2,7.870720230274541
10,2,1.6500000000000001
10,2,6.5074635167287305
10,2,5.7795452983380615
10,2,20.362024073325628
10,2,12.08445427649673
10,2,20.80603569029013
10,2,1.6500000000000001
10,2,19.97822090322953
10,2,1.6500000000000001
10,2,29.7
10,2,16.827013366332025
10,2,8.347943019385855
10,2,18.000369081254167
10,2,20.475558665237685
10,2,1.6500000000000001
10,2,12.276653459917576
10,2,24.466835852494313
10,2,19.46923379860174
10,2,14.122353734165895
10,2,8.427020773193904
10,2,8.819512641903984
10,2,27.553941782826673
10,2,1.6500000000000001
11,2,8.417119373325091
11,2,1.6500000000000001
11,2,1.6500000000000001
11,2,20.903798210836488
11,2,5.178532913704607
11,2,16.91724813965794
11,2,29.7
11,2,4.373604088954002
11,2,22.273910563283252
11,2,1.6500000000000001
11,2,25.855976794937888
11,2,12.060054003461573
11,2,1.6500000000000001
11,2,11.606350071315001
11,2,13.989400602407681
11,2,3.4998586216690306
11,2,8.774882557318337
11,2,29.7
11,2,1.6500000000000001
11,2,7.867679082101283
11,2,3.6556713489642485
11,2,20.506034323812006
11,2,17.064466735103284
11,2,12.113271418931669
11,2,29.7
11,2,9.642394056166733
11,2,22.75933388800084
11,2,7.626234549954735
11,2,1.6500000000000001
11,2,9.832063179238684
11,2,1.6500000000000001
11,2,18.523153629897607
11,2,16.213081264844707
11,2,18.813539589343776
11,2,10.15108996084355
11,2,9.089700980592045
11,2,1.6500000000000001
11,2,1.6500000000000001
11,2,22.342020667923176
11,2,12.480418751661936
11,2,7.894558508210008
11,2,1.6500000000000001
11,2,8.840079399823235
11,2,26.605060725618166
11,2,8.002983280521104
11,2,19.968792267900092
11,2,3.1848598708172062
11,2,2.8552351987880566
11,2,1.6500000000000001
11,2,1.6500000000000001
11,2,4.120718224747599
11,2,1.6500000000000001
11,2,14.393488478370886
11,2,4.093650915141249
11,2,7.257483511199981
11,2,1.6500000000000001
11,2,29.18286474937313
11,2,14.674868179458919
11,2,2.153719965787166
11,2,3.8708455345537125
11,2,21.012585717270053
11,2,6.225125939156742
11,2,7.291235736691613
11,2,1.6500000000000001
11,2,7.675937517583463
11,2,20.355600735434482
11,2,22.235798407382106
11,2,8.902008615789942
11,2,15.906088593102819
11,2,1.6500000000000001
11,2,4.167811086880199
11,2,28.768519966109288
11,2,4.001143915251236
11,2,22.121298948624645
11,2,4.230844226967816
11,2,7.461210958010591
11,2,2.164568858253106
11,2,11.885282147582677
11,2,8.97469125103149
11,2,17.70101178756685
11,2,23.81559998918965
11,2,9.468295160114616
11,2,9.027744603451666
11,2,15.38835939212756
11,2,1.6500000000000001
11,2,27.24186619021361
11,2,6.782483128360467
11,2,20.499430829424522
11,2,12.972185256881295
11,2,19.783125613855198
11,2,6.662657708867098
11,2,1.6500000000000001
11,2,10.853773280814451
11,2,1.6500000000000001
11,2,12.87584803378237
11,2,1.6500000000000001
11,2,20.606025884400722
11,2,22.168312296069523
11,2,4.54502531918563
11,2,2.3283447254380327
11,2,1.6500000000000001
11,2,1.6500000000000001
11,2,1.6500000000000001
11,2,5.190317091897748
11,2,6.230496270212942
11,2,19.16973626766262
11,2,16.38753394459965
11,2,11.118705349103495
11,2,10.286665903027579
11,2,29.7
11,2,1.6500000000000001
11,2,18.815023817762903
11,2,29.7
11,2,8.716333275650637
11,2,1.6500000000000001
11,2,22.50928531267497
11,2,1.6500000000000001
11,2,13.832517329598764
11,2,1.6500000000000001
11,2,1.6500000000000001
11,2,5.890118836890504
11,2,1.6500000000000001
11,3,29.7
11,3,12.339855758943632
11,3,1.7163468007541578
11,3,23.80689631398692
11,3,1.6500000000000001
11,3,17.682722405814225
11,3,1.6500000000000001
11,3,14.162237012636846
11,3,1.6500000000000001
11,3,1.6500000000000001
11,3,2.0989869426319068
11,3,1.6500000000000001
11,3,23.032485188242205
11,3,2.852355195576667
11,3,10.072217272718383
11,3,8.528539617781489
11,3,2.3986554001587077
11,3,1.6500000000000001
11,3,13.436709825656138
11,3,11.258815044636737
11,3,1.6500000000000001
11,3,15.498347923342346
11,3,1.6500000000000001
11,3,1.6500000000000001
11,3,8.869811594398394
11,3,4.848547011950786
11,3,4.186929847650774
11,3,29.178813796526946
11,3,1.6500000000000001
11,3,18.931063482580534
11,3,1.765517473299738
11,3,1.6500000000000001
11,3,5.285143515511037
11,3,14.339601951354908
11,3,22.331561309295495
11,3,26.830893120479715
11,3,17.780744684303592
11,3,3.0097119904945835
11,3,1.6500000000000001
11,3,5.522342613558638
11,3,11.494959268066872
11,3,1.6500000000000001
11,3,15.145320653386865
11,3,5.266786824415521
11,3,2.938303093397793
11,3,1.6500000000000001
11,3,3.448084942074799
11,3,14.433899824421799
11,3,21.347307585770892
11,3,22.174322487115663
11,3,13.899973339737144
11,3,9.717455478822686
11,3,6.729923441061074
11,3,10.138085695622415
11,3,11.38847827532745
11,3,4.257404589181054
11,3,1.6500000000000001
11,3,1.6500000000000001
11,3,1.6500000000000001
11,3,29.7
11,3,1.6500000000000001
11,3,1.6500000000000001
11,3,21.070147328923117
11,3,7.035873432778523
11,3,4.602795108772678
11,3,4.290455740113461
11,3,22.933438055383792
11,3,19.221024317087362
11,3,14.416390253350123
11,3,29.7
11,3,1.6500000000000001
11,3,7.152458530885606
11,3,11.228884765350195
11,3,12.30549476009713
11,3,5.593439785463464
11,3,24.48305714015025
11,3,20.672453612835056
11,3,6.2237203856569865
11,3,15.210115406336621
11,3,1.6500000000000001
11,3,4.779494050611953
11,3,4.225903570849162
11,3,6.37401232134973
11,3,1.6500000000000001
11,3,10.232912710023925
11,3,18.079852456451633
11,3,6.1331790114090525
11,3,1.6500000000000001
11,3,21.066671410922375
11,3,4.4339663053554395
11,3,1.6500000000000001
11,3,12.89770349347648
11,3,1.6500000000000001
11,3,1.6500000000000001
11,3,11.990861236878489
11,3,21.50379055367143
11,3,5.779625362424112
11,3,1.6500000000000001
11,3,8.46009912453054
11,3,20.832701850718447
11,3,16.349925841330517
11,3,18.607010747619313
11,3,24.58885403936022
11,3,1.6500000000000001
11,3,1.6500000000000001
11,3,29.7
11,3,19.4346516583878
11,3,1.6500000000000001
11,3,16.47012049904481
11,3,15.858871604199189
11,3,29.7
11,3,1.6500000000000001
11,3,14.549725364946314
11,3,1.6500000000000001
11,3,6.083117682349251
11,3,3.11501710653398
11,3,29.7
11,3,8.651327083465747
11,3,4.469759532734967
11,3,1.730539696457278
11,3,19.8494574495977
11,3,1.6500000000000001
11,3,3.826213882764433
12,3,1.6500000000000001
12,3,27.203358583743462
12,3,1.6500000000000001
12,3,1.6500000000000001
12,3,7.611928119958239
12,3,1.6500000000000001
12,3,25.18345632072102
12,3,16.4468100917259
12,3,1.6500000000000001
12,3,20.270782074135
12,3,2.5733659987869792
12,3,10.502800441040812
12,3,8.027854161686324
12,3,1.6500000000000001
12,3,29.7
12,3,1.6500000000000001
12,3,1.6500000000000001
12,3,19.843204098154647
12,3,1.6500000000000001
12,3,1.6500000000000001
12,3,1.6500000000000001
12,3,22.708710497769346
12,3,15.54059743461625
12,3,14.33057613998556
12,3,13.895899399453764
12,3,1.6500000000000001
12,3,10.155003815547532
12,3,12.654485727801339
12,3,9.412892163238313
12,3,1.6500000000000001
12,3,7.652514296729923
12,3,29.7
12,3,1.6500000000000001
12,3,25.852639781515755
12,3,1.6500000000000001
12,3,6.161204008730172
12,3,29.7
12,3,2.1126949085107922
12,3,1.6500000000000001
12,3,29.7
12,3,6.2283575415684505
12,3,1.6500000000000001
12,3,5.623995505837651
12,3,22.93884481366384
12,3,10.422561097829476
12,3,29.7
12,3,9.672503854678528
12,3,13.899732625027365
12,3,1.6500000000000001
12,3,20.16621605770942
12,3,4.5850543913024335
12,3,6.597392571925931
12,3,11.777938322828065
12,3,4.225522739516936
12,3,18.023928765836644
12,3,29.7
12,3,29.7
12,3,29.7
12,3,20.705715364588166
12,3,14.27213084911094
12,3,29.009776685799757
12,3,1.6500000000000001
12,3,2.0863982689134435
12,3,11.632114092632495
12,3,1.6500000000000001
12,3,1.6500000000000001
12,3,20.335895061843335
12,3,1.6500000000000001
12,3,1.6500000000000001
12,3,4.802326025120452
12,3,3.9487565119817267
12,3,27.161639530019265
12,3,1.7857220996752314
12,3,1.6500000000000001
12,3,3.885691795893063
12,3,17.611954792227237
12,3,2.7189506638648107
12,3,20.34448755486663
12,3,29.7
12,3,15.472559640894975
12,3,1.9502796604210184
12,3,23.62579936549574
12,3,18.818384674920463
12,3,17.178462706934553
12,3,27.19151310687082
12,3,2.8650058880637577
12,3,3.5899546943793084
12,3,29.133563662718537
12,3,4.490083770275195
12,3,1.6500000000000001
12,3,1.6500000000000001
12,3,1.6500000000000001
12,3,13.448471718561425
12,3,21.17712997706735
12,3,15.703265560726674
12,3,11.248055577032627
12,3,11.386672870403046
12,3,19.646656004154732
12,3,29.7
12,3,1.6500000000000001
12,3,18.040578182327693
12,3,8.366295767298563
12,3,24.007760936888758
12,3,29.7
12,3,18.453593399750602
12,3,15.105655030992745
12,3,20.83189991695476
12,3,17.54197833333428
12,3,1.6500000000000001
12,3,15.525838463045417
12,3,29.7
12,3,11.0715986783168
12,3,2.2346316761540974
12,3,17.16697984782404
12,3,1.6500000000000001
12,3,2.0827940449522
12,3,1.6500000000000001
12,3,1.6500000000000001
12,3,19.69785354638102
12,3,1.7536582705849497
12,3,1.6500000000000001
12,3,13.897830809587298
13,3,29.7
13,3,1.6961336671892084
13,3,16.31137004373594
13,3,1.6500000000000001
13,3,1.6500000000000001
13,3,1.6500000000000001
13,3,1.6500000000000001
13,3,1.6500000000000001
13,3,1.6500000000000001
13,3,1.6500000000000001
13,3,6.895318181506223
13,3,29.7
13,3,1.6500000000000001
13,3,29.7
13,3,1.6500000000000001
13,3,21.879423946519395
13,3,1.6500000000000001
13,3,14.739058886336295
13,3,17.745544950463593
13,3,1.6500000000000001
13,3,24.84735858969376
13,3,1.6500000000000001
13,3,11.013181371971061
13,3,2.7999187554495375
13,3,1.6500000000000001
13,3,2.831000884664694
13,3,5.169422095115767
13,3,1.6500000000000001
13,3,2.728368748501591
13,3,3.162385753795359
13,3,27.14253795723662
13,3,15.460587452786388
13,3,3.2123306362321564
13,3,1.6500000000000001
13,3,1.6500000000000001
13,3,5.147630990872747
13,3,1.6500000000000001
13,3,13.15990201373388
13,3,1.6500000000000001
13,3,6.583634100548342
13,3,3.5694326818287347
13,3,2.8824716204836776
13,3,1.6500000000000001
13,3,9.815880210039941
13,3,1.6500000000000001
13,3,1.6500000000000001
13,3,4.789459347750839
13,3,4.859886537038459
13,3,1.6500000000000001
13,3,5.888670725636691
13,3,5.683269632957688
13,3,16.415748224951912
13,3,19.479226375143227
13,3,5.235720263296451
13,3,12.568592744758083
13,3,5.223488954298718
13,3,29.7
13,3,12.690605293986728
13,3,4.553514266784237
13,3,6.943252596217796
13,3,27.65943266357007
13,3,26.426420909908376
13,3,1.6500000000000001
13,3,1.9939648327243602
13,3,10.907632034384669
13,3,7.3446983883200865
13,3,15.432040061961144
13,3,1.6500000000000001
13,3,29.7
13,3,10.480703322500688
13,3,5.133922389973323
13,3,1.6500000000000001
13,3,1.6500000000000001
13,3,1.6500000000000001
13,3,2.066583608092648
13,3,23.658045993229422
13,3,1.6500000000000001
13,3,7.917931285551613
13,3,1.6500000000000001
13,3,13.30291488144719
13,3,1.6500000000000001
13,3,1.6500000000000001
13,3,1.6500000000000001
13,3,1.6500000000000001
13,3,1.6500000000000001
13,3,1.6500000000000001
13,3,1.6500000000000001
13,3,1.6500000000000001
13,3,8.91946071676496
13,3,16.38266492893937
13,3,1.6500000000000001
13,3,1.6500000000000001
13,3,17.946419144852335
13,3,1.6500000000000001
13,3,1.6500000000000001
13,3,1.6500000000000001
13,3,3.640133982836613
13,3,8.974688521613338
13,3,6.163105708023945
13,3,1.6500000000000001
13,3,1.6500000000000001
13,3,7.284123688190274
13,3,1.6500000000000001
13,3,1.6500000000000001
13,3,1.6500000000000001
13,3,15.902562688970841
13,3,1.6500000000000001
13,3,1.6500000000000001
13,3,11.91046837827066
13,3,2.4063843645724927
13,3,10.069944437823327
13,3,1.6500000000000001
13,3,29.7
13,3,15.98548141907422
13,3,1.6500000000000001
13,3,1.8394567578147007
13,3,28.938795420459396
13,3,29.7
13,3,3.052798378078421
13,3,12.929675770901305
13,3,7.281078895990855
13,3,6.516690058296685
14,3,20.026376069728027
14,3,3.214721415254509
14,3,1.6500000000000001
14,3,14.00599212512746
14,3,13.358338366811815
14,3,1.6500000000000001
14,3,1.6500000000000001
14,3,16.175303557874834
14,3,4.067043901262033
14,3,17.481752998349045
14,3,1.6500000000000001
14,3,9.971543656278195
14,3,1.6500000000000001
14,3,26.103936821844133
14,3,1.6500000000000001
14,3,1.6500000000000001
14,3,4.793137188277459
14,3,19.44081369240424
14,3,1.6500000000000001
14,3,1.6500000000000001
14,3,27.477590335961832
14,3,9.353257864611884
14,3,3.9911581322373895
14,3,1.6500000000000001
14,3,12.081892934404024
14,3,1.6500000000000001
14,3,27.425017930933627
14,3,22.9309723606182
14,3,1.6500000000000001
14,3,1.6500000000000001
14,3,13.398674508268355
14,3,12.182013096096522
14,3,1.6500000000000001
14,3,1.6500000000000001
14,3,18.904592344064454
14,3,19.870856349785424
14,3,1.6500000000000001
14,3,1.6500000000000001
14,3,14.228236942840805
14,3,1.6500000000000001
14,3,1.6500000000000001
14,3,14.48002075799282
14,3,1.6500000000000001
14,3,5.659735255222817
14,3,18.087684831130254
14,3,1.6500000000000001
14,3,1.6500000000000001
14,3,1.6500000000000001
14,3,1.6500000000000001
14,3,1.6500000000000001
14,3,1.6500000000000001
14,3,1.6500000000000001
14,3,1.6500000000000001
14,3,15.530178235853413
14,3,12.160188170952487
14,3,4.635266726604076
14,3,3.843133836684391
14,3,10.15577409854528
14,3,1.6500000000000001
14,3,23.84347256529238
14,3,1.6500000000000001
14,3,19.041720005321032
14,3,5.7261488623797305
14,3,12.448361578052035
14,3,1.6500000000000001
14,3,6.325723728584165
14,3,17.949420469716976
14,3,1.6500000000000001
14,3,20.356465112926262
14,3,1.6500000000000001
14,3,4.748509151732935
14,3,1.6500000000000001
14,3,8.343425130757225
14,3,18.928516571161907
14,3,8.094995191584381
14,3,2.4107849408580826
14,3,1.6500000000000001
14,3,4.859068486041703
14,3,5.322681563065964
14,3,15.292651658120114
14,3,1.6500000000000001
14,3,17.620107702736213
14,3,1.6500000000000001
14,3,1.6500000000000001
14,3,1.6500000000000001
14,3,10.500742881346644
14,3,10.24317790504759
14,3,18.879121097822466
14,3,1.6500000000000001
14,3,2.279116436387911
14,3,15.218514398708564
14,3,1.6500000000000001
14,3,1.6500000000000001
14,3,16.333627670229014
14,3,10.59360899807996
14,3,5.234897956891999
14,3,25.587583812918105
14,3,13.38508154238874
14,3,1.6500000000000001
14,3,1.6500000000000001
14,3,1.6500000000000001
14,3,4.416589315008053
14,3,20.003494818029775
14,3,1.6500000000000001
14,3,20.2139458251779
14,3,10.04100096733136
14,3,17.230093064216135
14,3,1.9377128200976088
14,3,4.9470342881740414
14,3,12.5332578723753
14,3,18.26050190641616
14,3,1.6500000000000001
14,3,6.935604781910705
14,3,1.6500000000000001
14,3,5.098498874991551
14,3,1.6500000000000001
14,3,1.6500000000000001
14,3,6.687931779164913
14,3,1.6500000000000001
14,3,1.6500000000000001
14,3,1.6500000000000001
14,3,7.374151169738054
15,3,20.76317921552951
15,3,29.7
15,3,16.52291791068056
15,3,6.5015093887298185
15,3,10.224967652901462
15,3,14.405741297718484
15,3,13.256748160961394
15,3,12.512876199262408
15,3,1.6500000000000001
15,3,1.6500000000000001
15,3,14.8674047478291
15,3,17.19775154787842
15,3,13.990818885116635
15,3,4.075264481148484
15,3,25.14102893770581
15,3,1.6500000000000001
15,3,15.090478403254583
15,3,1.6500000000000001
15,3,17.107926414267606
15,3,5.776504848494493
15,3,5.268623461783898
15,3,14.44354989862261
15,3,1.6500000000000001
15,3,1.6500000000000001
15,3,1.6500000000000001
15,3,1.6500000000000001
15,3,9.247454232981124
15,3,1.6500000000000001
15,3,11.853743858975143
15,3,10.104812946606351
15,3,1.6500000000000001
15,3,1.6500000000000001
15,3,17.111376599232877
15,3,6.836549117165266
15,3,29.181678387063222
15,3,1.6500000000000001
15,3,26.315497214389246
15,3,6.747552512924946
15,3,1.6500000000000001
15,3,1.6500000000000001
15,3,1.6500000000000001
15,3,1.6500000000000001
15,3,18.253188031694073
15,3,1.6500000000000001
15,3,1.6500000000000001
15,3,19.644902859663617
15,3,19.025170260974168
15,3,19.01815238692009
15,3,5.964326128297287
15,3,14.959515273392384
15,3,10.28026343287126
15,3,1.6500000000000001
15,3,1.6500000000000001
15,3,11.821507951870142
15,3,14.826386217326032
15,3,1.6500000000000001
15,3,1.6500000000000001
15,3,1.6500000000000001
15,3,1.6500000000000001
15,3,1.6500000000000001
15,3,22.98349972187362
15,3,22.53723096690147
15,3,1.6500000000000001
15,3,21.86205848431474
15,3,6.7299975349713375
15,3,1.6500000000000001
15,3,6.638261783438648
15,3,1.6500000000000001
15,3,1.6500000000000001
15,3,11.35079748424231
15,3,12.610166566061539
15,3,7.983610016580973
15,3,1.6500000000000001
15,3,1.6500000000000001
15,3,1.6500000000000001
15,3,4.759158150557601
15,3,1.6500000000000001
15,3,19.152358172552894
15,3,1.6500000000000001
15,3,1.6500000000000001
15,3,16.67025789583556
15,3,7.207951086060548
15,3,3.5128244180568826
15,3,1.6500000000000001
15,3,1.6500000000000001
15,3,4.729893260404548
15,3,13.821577048446812
15,3,1.6500000000000001
15,3,14.968575022204352
15,3,1.6500000000000001
15,3,1.6500000000000001
15,3,1.6500000000000001
15,3,8.209461835296333
15,3,2.746264086813871
15,3,1.6500000000000001
15,3,1.6500000000000001
15,3,29.7
15,3,4.871329334584402
15,3,1.6500000000000001
15,3,1.6500000000000001
15,3,1.6500000000000001
15,3,1.6500000000000001
15,3,16.058821329790607
15,3,26.34252310760244
15,3,7.280438486366275
15,3,28.189655294444016
15,3,15.482843839995098
15,3,12.546624381266223
15,3,3.912657112866581
15,3,11.000494625613928
15,3,1.6500000000000001
15,3,1.6500000000000001
15,3,10.220940858412842
15,3,1.6500000000000001
15,3,1.6500000000000001
15,3,1.6500000000000001
15,3,2.2096724699240404
15,3,22.32254426537316
15,3,1.6500000000000001
15,3,2.846004484916371
15,3,20.654608747126787
15,3,10.156358453604101
15,4,13.335428776237253
15,4,1.6500000000000001
15,4,21.01949450262925
15,4,1.6500000000000001
15,4,7.124972459820312
15,4,1.6500000000000001
15,4,1.6500000000000001
15,4,2.906578173072819
15,4,10.085572056335812
15,4,1.6500000000000001
15,4,11.128540854230694
15,4,1.6500000000000001
15,4,6.054210398861491
15,4,1.6500000000000001
15,4,1.6500000000000001
15,4,1.6500000000000001
15,4,1.6500000000000001
15,4,1.6500000000000001
15,4,1.6500000000000001
15,4,1.6500000000000001
15,4,27.076567847140332
15,4,4.157500965132137
15,4,1.6500000000000001
15,4,1.6500000000000001
15,4,1.6500000000000001
15,4,1.6500000000000001
15,4,1.6500000000000001
15,4,3.079354669562151
15,4,4.425746356720637
15,4,1.6500000000000001
15,4,6.473993590477637
15,4,1.6500000000000001
15,4,10.921027273974317
15,4,11.717229950029637
15,4,2.0316037440507806
15,4,1.6500000000000001
15,4,4.504870732960331
15,4,21.292237983395133
15,4,14.479856176909253
15,4,1.6500000000000001
15,4,1.6500000000000001
15,4,19.266097106973035
15,4,1.6500000000000001
15,4,1.6500000000000001
15,4,8.763746354419215
15,4,25.558354893501754
15,4,2.414849721901296
15,4,1.6500000000000001
15,4,3.2592863485407317
15,4,2.796663645343637
15,4,3.4278302385603743
15,4,14.263770644239816
15,4,5.178901877247881
15,4,14.971692222454061
15,4,1.6500000000000001
15,4,5.427663608595352
15,4,15.005911200680465
15,4,1.6500000000000001
15,4,1.6500000000000001
15,4,1.6500000000000001
15,4,21.80882891246781
15,4,5.134213634890488
15,4,13.193671505968899
15,4,1.6500000000000001
15,4,1.6500000000000001
15,4,1.6500000000000001
15,4,1.6500000000000001
15,4,1.6500000000000001
15,4,18.732843216775635
15,4,1.6500000000000001
15,4,1.6500000000000001
15,4,21.915895502888638
15,4,14.114861975894009
15,4,1.6500000000000001
15,4,9.06369811682736
15,4,12.056704610883914
15,4,1.6500000000000001
15,4,2.1798062518230545
15,4,19.619771379958845
15,4,1.6500000000000001
15,4,14.237881897563158
15,4,3.823418475324945
15,4,1.6500000000000001
15,4,2.9234570176680474
15,4,1.6500000000000001
15,4,1.6500000000000001
15,4,12.53203447558883
15,4,11.439791324968827
15,4,1.6500000000000001
15,4,1.736155260665817
15,4,1.6500000000000001
15,4,11.598423707406063
15,4,10.299055505073468
15,4,1.6500000000000001
15,4,1.6500000000000001
15,4,10.940536740191945
15,4,26.440276414288626
15,4,1.6500000000000001
15,4,1.6500000000000001
15,4,1.6500000000000001
15,4,22.432548674674717
15,4,1.6500000000000001
15,4,1.6500000000000001
15,4,1.6500000000000001
15,4,28.39729444303729
15,4,3.15246204802241
15,4,18.926788947465276
15,4,1.6500000000000001
15,4,17.700914661464484
15,4,2.6409129591557723
15,4,1.6500000000000001
15,4,10.554541787788011
15,4,25.660609625465224
15,4,1.6500000000000001
15,4,12.095877682942412
15,4,1.6500000000000001
15,4,1.6500000000000001
15,4,4.620274276577604
15,4,1.6500000000000001
15,4,11.837838765312062
15,4,9.125657960365391
15,4,6.1952838433549395
15,4,3.0647777381386203
16,4,1.6500000000000001
16,4,4.055500037656177
16,4,15.61084092571326
16,4,1.6500000000000001
16,4,1.6500000000000001
16,4,5.990269887839151
16,4,1.6500000000000001
16,4,6.1424601206701395
16,4,1.6500000000000001
16,4,4.701301363511961
16,4,1.6500000000000001
16,4,1.6500000000000001
16,4,1.6500000000000001
16,4,1.6500000000000001
16,4,1.6500000000000001
16,4,1.6500000000000001
16,4,8.048222569751719
16,4,1.6500000000000001
16,4,9.814294617817616
16,4,21.654788703840545
16,4,1.6500000000000001
16,4,11.3331007156412
16,4,6.30273980760351
16,4,8.264165329794276
16,4,1.6500000000000001
16,4,1.6500000000000001
16,4,1.6500000000000001
16,4,17.350071546386935
16,4,1.6500000000000001
16,4,1.6500000000000001
16,4,1.6500000000000001
16,4,1.6500000000000001
16,4,1.6500000000000001
16,4,2.7414439960497177
16,4,1.6500000000000001
16,4,1.6500000000000001
16,4,1.6500000000000001
16,4,1.6500000000000001
16,4,3.5912064606990146
16,4,1.6500000000000001
16,4,10.680474269924712
16,4,9.58637987722105
16,4,1.6500000000000001
16,4,1.6500000000000001
16,4,8.613319001435078
16,4,24.51961296776978
16,4,1.8708400954727915
16,4,1.6500000000000001
16,4,12.085628207572167
16,4,1.6500000000000001
16,4,2.3736459894131183
16,4,1.6500000000000001
16,4,25.878075269417614
16,4,1.6500000000000001
16,4,2.9320872663479207
16,4,1.6500000000000001
16,4,23.401341303124216
16,4,8.373580309863295
16,4,3.006639558547892
16,4,1.6500000000000001
16,4,1.6500000000000001
16,4,1.6500000000000001
16,4,3.119541483704655
16,4,1.6500000000000001
16,4,4.612750443259291
16,4,6.4295503506426055
16,4,1.6500000000000001
16,4,11.971498796127717
16,4,1.6500000000000001
16,4,21.693302564348034
16,4,3.4554472147926525
16,4,1.6500000000000001
16,4,1.6500000000000001
16,4,1.6500000000000001
16,4,1.6500000000000001
16,4,1.6500000000000001
16,4,25.972754780584317
16,4,1.6500000000000001
16,4,4.393801472330715
16,4,1.6500000000000001
16,4,13.871061130193047
16,4,1.6500000000000001
16,4,1.6500000000000001
16,4,11.98081579366509
16,4,10.959665102263902
16,4,4.717298653524317
16,4,1.6500000000000001
16,4,1.6500000000000001
16,4,1.6500000000000001
16,4,4.77815773147575
16,4,3.7567670430052154
16,4,8.434908250065764
16,4,1.6500000000000001
16,4,1.6500000000000001
16,4,1.6500000000000001
16,4,17.31917808230967
16,4,1.6500000000000001
16,4,2.7194881272148743
16,4,1.6500000000000001
16,4,1.6500000000000001
16,4,8.037502312479777
16,4,1.6500000000000001
16,4,13.640062306157933
16,4,9.920128647157156
16,4,14.547119366164434
16,4,15.847136655719881
16,4,1.6500000000000001
16,4,1.6500000000000001
16,4,1.6500000000000001
16,4,27.099973199923273
16,4,29.7
16,4,1.6500000000000001
16,4,6.404319011128944
16,4,10.920455248156056
16,4,1.6500000000000001
16,4,4.5253860132788475
16,4,6.701137192539791
16,4,1.6500000000000001
16,4,17.156801967394987
16,4,13.85736637319082
16,4,1.6500000000000001
16,4,1.6500000000000001
15,4,22.71562993006456
15,4,1.6500000000000001
15,4,18.07488509890932
15,4,1.6500000000000001
15,4,1.6500000000000001
15,4,26.547919024019805
15,4,1.6500000000000001
15,4,1.6500000000000001
15,4,3.154530399954414
15,4,8.745259727532899
15,4,1.6500000000000001
15,4,25.900143217958878
15,4,1.6500000000000001
15,4,2.900564073294335
15,4,1.6500000000000001
15,4,1.6500000000000001
15,4,1.6500000000000001
15,4,5.308584736995299
15,4,1.6500000000000001
15,4,1.6500000000000001
15,4,1.6500000000000001
15,4,1.6500000000000001
15,4,13.26036839530461
15,4,2.1793433915708365
15,4,3.5016812612745007
15,4,7.423347670040493
15,4,1.6500000000000001
15,4,16.908048580784737
15,4,1.6500000000000001
15,4,3.8358642007162995
15,4,7.577189092038839
15,4,1.6500000000000001
15,4,1.6500000000000001
15,4,8.712420465428124
15,4,22.625544593400246
15,4,1.6500000000000001
15,4,1.6500000000000001
15,4,22.272604526960194
15,4,1.6500000000000001
15,4,21.391056419007782
15,4,1.6500000000000001
15,4,26.245660453200866
15,4,1.6500000000000001
15,4,1.6500000000000001
15,4,1.6500000000000001
15,4,12.030787137565689
15,4,16.99597594712319
15,4,1.6500000000000001
15,4,29.7
15,4,1.6500000000000001
15,4,1.6500000000000001
15,4,11.224380127262318
15,4,29.7
15,4,1.6500000000000001
15,4,1.6500000000000001
15,4,17.454483334175052
15,4,1.6500000000000001
15,4,29.7
15,4,6.190679503006251
15,4,1.6500000000000001
15,4,29.7
15,4,7.4627618993260905
15,4,29.7
15,4,1.6771746016710232
15,4,1.6500000000000001
15,4,14.570063181447349
15,4,1.6500000000000001
15,4,1.6500000000000001
15,4,1.6500000000000001
15,4,1.6500000000000001
15,4,1.6500000000000001
15,4,3.016963197303806
15,4,1.6500000000000001
15,4,1.6500000000000001
15,4,23.757127665725715
15,4,1.6500000000000001
15,4,1.6500000000000001
15,4,1.6500000000000001
15,4,1.6500000000000001
15,4,1.6500000000000001
15,4,12.847383069903662
15,4,1.6500000000000001
15,4,9.971124610240125
15,4,7.513891476356553
15,4,17.994491823943186
15,4,1.6500000000000001
15,4,1.6500000000000001
15,4,1.6500000000000001
15,4,1.6500000000000001
15,4,1.6500000000000001
15,4,23.956138766252916
15,4,2.8506695748398947
15,4,12.739093063656458
15,4,1.6500000000000001
15,4,18.703206638508146
15,4,1.6500000000000001
15,4,1.6500000000000001
15,4,1.8492635110067064
15,4,12.850393501685566
15,4,1.6500000000000001
15,4,1.6500000000000001
15,4,25.683400754004552
15,4,16.33760263282594
15,4,11.174045810075333
15,4,7.962691121846916
15,4,13.925956273434934
15,4,1.6500000000000001
15,4,17.055652024057157
15,4,1.6500000000000001
15,4,1.6500000000000001
15,4,1.6500000000000001
15,4,1.6500000000000001
15,4,15.875109591578836
15,4,1.6500000000000001
15,4,1.6500000000000001
15,4,7.21351839246061
15,4,25.64639923704152
15,4,1.6500000000000001
15,4,3.857851563534316
15,4,13.963237293131979
15,4,17.327959336549974
15,4,1.6500000000000001
14,4,29.078129197897272
14,4,1.6500000000000001
14,4,1.6500000000000001
14,4,1.6500000000000001
14,4,1.6500000000000001
14,4,1.6500000000000001
14,4,1.6500000000000001
14,4,1.6500000000000001
14,4,1.6500000000000001
14,4,7.958351868103778
14,4,5.702161351742502
14,4,1.6500000000000001
14,4,1.6500000000000001
14,4,1.6500000000000001
14,4,1.6500000000000001
14,4,1.6500000000000001
14,4,6.609106871273516
14,4,1.6500000000000001
14,4,1.6500000000000001
14,4,1.6500000000000001
14,4,3.7278186982803154
14,4,1.6500000000000001
14,4,14.890642801210108
14,4,10.52685517242672
14,4,10.050992416158419
14,4,14.573750291631088
14,4,1.6500000000000001
14,4,9.336060825699652
14,4,12.451755861190982
14,4,1.6500000000000001
14,4,5.796570696311692
14,4,17.52280807713486
14,4,1.6500000000000001
14,4,9.91812921341936
14,4,2.863399763316672
14,4,1.6500000000000001
14,4,19.220413117493784
14,4,1.6500000000000001
14,4,9.66880508958635
14,4,1.6500000000000001
14,4,1.6500000000000001
14,4,10.299520646091223
14,4,1.6500000000000001
14,4,8.783194955821452
14,4,6.436005588272624
14,4,1.6500000000000001
14,4,20.693975071630103
14,4,1.6500000000000001
14,4,12.008177733612007
14,4,1.6500000000000001
14,4,6.143019725935768
14,4,18.39281441718074
14,4,1.6500000000000001
14,4,1.6500000000000001
14,4,21.872049700972923
14,4,21.18969431019695
14,4,14.594944180657084
14,4,26.271590286530632
14,4,14.097092421455182
14,4,4.371872123188394
14,4,2.8040408018888074
14,4,1.6575972644638575
14,4,10.4908173599095
14,4,1.6500000000000001
14,4,1.6500000000000001
14,4,12.83638216494134
14,4,1.6500000000000001
14,4,1.6500000000000001
14,4,1.6500000000000001
14,4,6.620594071529844
14,4,19.85308236179058
14,4,11.216524528818043
14,4,29.7
14,4,1.6500000000000001
14,4,1.6500000000000001
14,4,24.81907658486191
14,4,7.601092088951496
14,4,17.097858594840538
14,4,1.6500000000000001
14,4,16.36873139597041
14,4,1.6500000000000001
14,4,10.437857159337371
14,4,7.005918151446432
14,4,29.7
14,4,14.704731028077283
14,4,3.52013896669378
14,4,29.7
14,4,19.460710466476346
14,4,1.6500000000000001
14,4,1.6500000000000001
14,4,29.7
14,4,1.6500000000000001
14,4,29.7
14,4,11.416389215921356
14,4,8.561563481800967
14,4,1.6500000000000001
14,4,1.6500000000000001
14,4,1.6500000000000001
14,4,1.6500000000000001
14,4,1.6500000000000001
14,4,12.72699445013604
14,4,25.634973860327985
14,4,6.637797014435811
14,4,1.6500000000000001
14,4,21.246788908096477
14,4,1.6500000000000001
14,4,9.99498489672514
14,4,6.051664336474776
14,4,5.818392517177925
14,4,1.6500000000000001
14,4,1.6500000000000001
14,4,1.6816021715766825
14,4,1.6500000000000001
14,4,6.806060701872231
14,4,1.6500000000000001
14,4,4.690315335806027
14,4,1.6500000000000001
14,4,21.798391361215824
14,4,6.653207471668374
14,4,1.6500000000000001
14,4,4.4376792673803145
14,4,1.6500000000000001
15,4,1.6500000000000001
15,4,14.192751465326142
15,4,1.7084111752919355
15,4,1.6500000000000001
15,4,1.6500000000000001
15,4,1.6500000000000001
15,4,1.6500000000000001
15,4,12.497806930994727
15,4,29.59572185227704
15,4,2.6228038116941255
15,4,4.352608653830709
15,4,12.12013130968698
15,4,1.6500000000000001
15,4,1.6500000000000001
15,4,12.774294579120893
15,4,3.3198377402760446
15,4,1.6500000000000001
15,4,13.304547891129552
15,4,1.6500000000000001
15,4,1.6500000000000001
15,4,1.6500000000000001
15,4,2.103374811339462
15,4,1.6500000000000001
15,4,12.220436993046293
15,4,1.6500000000000001
15,4,1.6500000000000001
15,4,10.546361606788752
15,4,1.6500000000000001
15,4,14.255460934068065
15,4,1.6500000000000001
15,4,9.723970679581434
15,4,1.6500000000000001
15,4,5.912574203167713
15,4,1.6500000000000001
15,4,1.6500000000000001
15,4,1.6500000000000001
15,4,12.399020983479543
15,4,24.57867324241706
15,4,1.6500000000000001
15,4,17.474772775403604
15,4,20.309461387899475
15,4,4.020736835914693
15,4,1.6500000000000001
15,4,1.6500000000000001
15,4,12.465190184466
15,4,1.6500000000000001
15,4,23.84614178546223
15,4,1.6500000000000001
15,4,23.26762136391451
15,4,1.6500000000000001
15,4,1.6500000000000001
15,4,1.6500000000000001
15,4,29.7
15,4,1.6500000000000001
15,4,11.812697939599607
15,4,1.6500000000000001
15,4,1.6500000000000001
15,4,15.290313882330302
15,4,22.400588909440934
15,4,1.6500000000000001
15,4,1.6500000000000001
15,4,1.6500000000000001
15,4,1.6500000000000001
15,4,1.6500000000000001
15,4,1.6500000000000001
15,4,1.6500000000000001
15,4,1.6500000000000001
15,4,29.7
15,4,7.889183825988097
15,4,28.52382530963513
15,4,1.6500000000000001
15,4,16.991536743570926
15,4,25.25415143248868
15,4,25.853928496579684
15,4,1.6500000000000001
15,4,1.6500000000000001
15,4,11.97319778271635
15,4,1.6500000000000001
15,4,1.6500000000000001
15,4,1.6500000000000001
15,4,1.6500000000000001
15,4,1.6500000000000001
15,4,17.42932078880746
15,4,9.627846082849256
15,4,2.2926033928767895
15,4,1.6500000000000001
15,4,13.726556116257864
15,4,1.6500000000000001
15,4,1.6500000000000001
15,4,26.55959072190399
15,4,1.6500000000000001
15,4,1.6500000000000001
15,4,1.6500000000000001
15,4,1.6500000000000001
15,4,1.6500000000000001
15,4,18.628402675392707
15,4,1.6500000000000001
15,4,1.6500000000000001
15,4,1.6500000000000001
15,4,10.724836420007527
15,4,1.6500000000000001
15,4,1.6500000000000001
15,4,1.6500000000000001
15,4,11.960886077315655
15,4,14.93233117890303
15,4,15.034624265937827
15,4,1.6500000000000001
15,4,1.6500000000000001
15,4,1.6500000000000001
15,4,1.6500000000000001
15,4,3.4195379369290544
15,4,7.045899747396975
15,4,1.6500000000000001
15,4,3.8899043197372856
15,4,10.280457034836669
15,4,1.6500000000000001
15,4,4.3018582213881436
15,4,1.6500000000000001
15,4,1.6500000000000001
15,4,1.6500000000000001
15,4,2.2716973145028687
15,4,20.693428156352397
15,4,28.94406587508558
14,4,1.6500000000000001
14,4,9.134546014287276
14,4,29.7
14,4,29.7
14,4,1.6500000000000001
14,4,16.876215203781413
14,4,1.6500000000000001
14,4,19.960749317047117
14,4,1.6500000000000001
14,4,1.6500000000000001
14,4,2.775461009317292
14,4,25.049369081736778
14,4,1.6500000000000001
14,4,4.187424492492003
14,4,1.6500000000000001
14,4,1.6500000000000001
14,4,12.154509891492694
14,4,1.6500000000000001
14,4,1.6500000000000001
14,4,1.6500000000000001
14,4,2.551396082132542
14,4,1.6500000000000001
14,4,7.53705303860762
14,4,1.6500000000000001
14,4,1.6500000000000001
14,4,1.6500000000000001
14,4,7.514967866539942
14,4,7.657282002400134
14,4,14.809441714379862
14,4,1.6500000000000001
14,4,3.2545605913841484
14,4,17.399641637326404
14,4,3.564816221308602
14,4,4.03183678578984
14,4,8.42837885246916
14,4,3.7674961479007085
14,4,1.6500000000000001
14,4,21.550295855688585
14,4,1.6500000000000001
14,4,1.6500000000000001
14,4,1.6500000000000001
14,4,1.6500000000000001
14,4,17.284979071658615
14,4,19.517907498809066
14,4,1.6500000000000001
14,4,1.6500000000000001
14,4,1.6500000000000001
14,4,4.436208029526534
14,4,1.6500000000000001
14,4,1.6500000000000001
14,4,1.6500000000000001
14,4,1.6500000000000001
14,4,1.7974657480108434
14,4,1.6500000000000001
14,4,3.294082185868276
14,4,1.6500000000000001
14,4,1.6500000000000001
14,4,5.1021333126836845
14,4,10.69088359049541
14,4,1.6500000000000001
14,4,22.841471397356564
14,4,1.6500000000000001
14,4,2.7688088551971513
14,4,1.6500000000000001
14,4,9.561950322403224
14,4,20.369807147268993
14,4,1.6500000000000001
14,4,1.6500000000000001
14,4,1.6500000000000001
14,4,17.18739942047699
14,4,3.103989376665182
14,4,1.6500000000000001
14,4,1.6500000000000001
14,4,6.735865134447419
14,4,1.6500000000000001
14,4,3.9967097169170973
14,4,23.234057807843485
14,4,1.6500000000000001
14,4,1.6500000000000001
14,4,13.640705683568221
14,4,1.6500000000000001
14,4,11.513172410951464
14,4,1.6500000000000001
14,4,12.84046821533831
14,4,1.6500000000000001
14,4,1.6500000000000001
14,4,1.6500000000000001
14,4,9.25809214647421
14,4,17.109776266008073
14,4,1.6500000000000001
14,4,6.30092697881659
14,4,24.14190388023364
14,4,14.598030446495752
14,4,14.856173895082247
14,4,19.523758904460383
14,4,6.434290175280366
14,4,6.679769061441967
14,4,10.036594445562669
14,4,4.6246137706442525
14,4,4.391322338169185
14,4,29.7
14,4,6.72806375623524
14,4,1.6500000000000001
14,4,3.4590758544530855
14,4,1.6500000000000001
14,4,15.789578244927405
14,4,12.081365158202228
14,4,27.04135149940044
14,4,21.83204389993253
14,4,1.6500000000000001
14,4,1.6500000000000001
14,4,1.6500000000000001
14,4,3.600895401733191
14,4,1.6500000000000001
14,4,1.6500000000000001
14,4,1.6500000000000001
14,4,7.23247666877241
14,4,14.750048630571701
14,4,12.466391590596087
14,4,1.6500000000000001
14,4,2.305473804936829
14,4,5.466806724572357
13,4,22.776365448058517
13,4,19.581040183440837
13,4,24.058008968958486
13,4,1.6500000000000001
13,4,13.492587564611656
13,4,26.864476009499576
13,4,1.6500000000000001
13,4,14.057742056422764
13,4,2.872302887086933
13,4,1.6500000000000001
13,4,7.338304586444535
13,4,1.6500000000000001
13,4,14.647118300692552
13,4,23.256787418947614
13,4,16.511395493923292
13,4,1.6500000000000001
13,4,11.770718691134727
13,4,24.853091429785174
13,4,1.6500000000000001
13,4,1.6500000000000001
13,4,29.7
13,4,3.3806051598234728
13,4,1.6500000000000001
13,4,29.7
13,4,3.9309163508928364
13,4,1.6500000000000001
13,4,1.6500000000000001
13,4,29.52199444842097
13,4,29.7
13,4,6.769360683290956
13,4,12.251578709424578
13,4,1.6500000000000001
13,4,2.3346308007582293
13,4,5.542065945367608
13,4,4.404230246451925
13,4,29.7
13,4,1.6500000000000001
13,4,1.6500000000000001
13,4,8.686752870215777
13,4,1.6500000000000001
13,4,16.548382711389813
13,4,15.278766613520562
13,4,7.287050559063379
13,4,5.200565111988102
13,4,1.6500000000000001
13,4,1.6500000000000001
13,4,5.052485069977983
13,4,13.985540507600282
13,4,1.6500000000000001
13,4,8.50743610361264
13,4,19.73205376085795
13,4,1.6500000000000001
13,4,29.7
13,4,3.1035310510009513
13,4,29.7
13,4,6.413284633275097
13,4,1.6500000000000001
13,4,1.6500000000000001
13,4,1.6500000000000001
13,4,7.064088133251488
13,4,2.923529395098666
13,4,1.6500000000000001
13,4,1.6500000000000001
13,4,9.246383985956014
13,4,1.6500000000000001
13,4,18.29886891370343
13,4,1.6500000000000001
13,4,19.085163595152306
13,4,1.6500000000000001
13,4,1.6500000000000001
13,4,1.6500000000000001
13,4,16.566885728467568
13,4,4.472144124050018
13,4,1.6500000000000001
13,4,27.146855933988927
13,4,1.6500000000000001
13,4,2.7343391962981523
13,4,14.855341992003584
13,4,1.6500000000000001
13,4,15.641747577943574
13,4,1.6500000000000001
13,4,1.6500000000000001
13,4,1.6500000000000001
13,4,24.89294203502334
13,4,18.620165467790198
13,4,1.6500000000000001
13,4,10.454092025130176
13,4,9.66091803952094
13,4,1.6500000000000001
13,4,7.5428443244405905
13,4,6.43608066163772
13,4,27.257009656741932
13,4,7.2424089119051525
13,4,1.6500000000000001
13,4,1.6500000000000001
13,4,1.6500000000000001
13,4,29.7
13,4,17.41690541702071
13,4,6.695257907051906
13,4,1.6500000000000001
13,4,12.408850536504206
13,4,1.6500000000000001
13,4,2.4923659793362396
13,4,15.549896650066287
13,4,1.6500000000000001
13,4,16.64571040188322
13,4,2.5457708908640972
13,4,9.632685755374638
13,4,14.816888286288604
13,4,6.862529025875755
13,4,13.878421580345684
13,4,3.9690341572963113
13,4,15.370840067213305
13,4,1.6500000000000001
13,4,21.355773101994977
13,4,15.878524080595696
13,4,2.1179848078167725
13,4,1.6500000000000001
13,4,1.6500000000000001
13,4,1.6500000000000001
13,4,12.480194960512662
13,4,1.6500000000000001
12,4,18.12787208341238
12,4,14.571520770694319
12,4,8.031882623541982
12,4,25.97684423487283
12,4,5.78762655490312
12,4,2.346626500306595
12,4,7.792941318897365
12,4,16.212653493220508
12,4,1.6500000000000001
12,4,24.021318123615643
12,4,9.212419588932502
12,4,1.6500000000000001
12,4,1.6500000000000001
12,4,7.15051991059061
12,4,12.964731077226077
12,4,17.02036850329495
12,4,15.76688489161004
12,4,29.483273658641803
12,4,24.63086222126432
12,4,3.236149493091262
12,4,13.292021167180831
12,4,7.045442017952289
12,4,6.619211760369123
12,4,10.37056622787353
12,4,1.6500000000000001
12,4,15.471216740769862
12,4,8.121075374040453
12,4,21.144115759696277
12,4,10.443845705100337
12,4,1.6500000000000001
12,4,12.252032847185395
12,4,1.6500000000000001
12,4,27.982687231994234
12,4,13.059588365460002
12,4,1.6500000000000001
12,4,2.495435543844901
12,4,1.6500000000000001
12,4,27.586331776643096
12,4,1.6500000000000001
12,4,7.83120183420734
12,4,1.6500000000000001
12,4,10.543748293381814
12,4,11.93292377763589
12,4,4.282710125042526
12,4,7.511497321911308
12,4,2.3679188705078307
12,4,1.6500000000000001
12,4,6.9031547798802215
12,4,9.547117444672212
12,4,6.585497453340325
12,4,11.807774936073782
12,4,1.6500000000000001
12,4,5.387918358166887
12,4,1.6500000000000001
12,4,1.6500000000000001
12,4,21.94111607475008
12,4,2.869910862422694
12,4,1.6500000000000001
12,4,3.3013313557837236
12,4,1.6500000000000001
12,4,20.44407268854345
12,4,1.6500000000000001
12,4,27.444522444647667
12,4,28.639988323541367
12,4,1.6500000000000001
12,4,1.6500000000000001
12,4,16.70323106933647
12,4,6.77998686982775
12,4,1.6500000000000001
12,4,1.6500000000000001
12,4,1.6500000000000001
12,4,14.028061450589437
12,4,1.6500000000000001
12,4,9.333685408539255
12,4,5.792826958373728
12,4,15.410948524957703
12,4,15.864021882244122
12,4,28.483975304182874
12,4,1.6500000000000001
12,4,29.7
12,4,1.6500000000000001
12,4,9.126259402875
12,4,8.527705661360475
12,4,1.6500000000000001
12,4,2.3983355229454766
12,4,29.7
12,4,10.3650965026039
12,4,12.625772113135843
12,4,14.270955599971414
12,4,1.6500000000000001
12,4,1.8568147303759568
12,4,3.0751660644174414
12,4,7.799062565769292
12,4,1.6500000000000001
12,4,3.881819249357391
12,4,8.343341295052266
12,4,29.7
12,4,4.6311904980466725
12,4,6.67416942258911
12,4,16.92602425988592
12,4,1.6500000000000001
12,4,5.990233229439964
12,4,2.122916945563491
12,4,1.6500000000000001
12,4,1.6500000000000001
12,4,1.6500000000000001
12,4,15.856614516692701
12,4,11.782455797535665
12,4,1.6500000000000001
12,4,4.107754693605354
12,4,8.730028034918371
12,4,1.6500000000000001
12,4,1.6500000000000001
12,4,5.904723852117289
12,4,1.6500000000000001
12,4,1.6500000000000001
12,4,1.6500000000000001
12,4,3.2440636606703173
12,4,1.6500000000000001
12,4,3.705564985328434
12,4,1.6500000000000001
12,4,1.6500000000000001
11,4,11.045913913658001
11,4,1.6500000000000001
11,4,9.340037213498375
11,4,21.209191793090206
11,4,12.132893868238927
11,4,1.6500000000000001
11,4,25.19838128020789
11,4,1.6500000000000001
11,4,13.261270655505903
11,4,1.6500000000000001
11,4,4.312428934778259
11,4,5.426492416573788
11,4,5.373500579860593
11,4,29.7
11,4,23.258251367605
11,4,13.164307530341688
11,4,1.6500000000000001
11,4,16.315928660460912
11,4,21.17228107399459
11,4,12.979247899804069
11,4,1.6500000000000001
11,4,19.67008587759132
11,4,1.6500000000000001
11,4,29.7
11,4,18.850959752864338
11,4,11.635669697996885
11,4,4.710221669421165
11,4,9.376720211983594
11,4,1.6500000000000001
11,4,24.819851124049613
11,4,12.440377692214104
11,4,22.491575943909233
11,4,7.835640134603319
11,4,3.7924261992311132
11,4,29.7
11,4,29.019582881637007
11,4,1.6500000000000001
11,4,20.462625321120747
11,4,1.6500000000000001
11,4,6.975850479640846
11,4,13.156308781392335
11,4,10.527408016456652
11,4,4.389436546927094
11,4,1.6500000000000001
11,4,1.6500000000000001
11,4,1.6500000000000001
11,4,1.6500000000000001
11,4,1.6500000000000001
11,4,2.900318798561306
11,4,16.112518648130024
11,4,15.720604874750698
11,4,14.454000550572243
11,4,1.6500000000000001
11,4,29.48454336173341
11,4,11.677529180942063
11,4,16.49271532868709
11,4,11.87908725686911
11,4,7.554845878709806
11,4,29.7
11,4,1.6500000000000001
11,4,26.29189987281873
11,4,16.402791360878982
11,4,12.614499640681288
11,4,18.33873514469436
11,4,1.6500000000000001
11,4,15.411067017541038
11,4,1.6500000000000001
11,4,6.394418321308993
11,4,7.78141530800257
11,4,1.6500000000000001
11,4,1.6500000000000001
11,4,1.6500000000000001
11,4,8.005675852622014
11,4,13.38226892598085
11,4,1.6500000000000001
11,4,5.047963380970065
11,4,29.7
11,4,11.382558770670531
11,4,13.474695202752157
11,4,19.192056367862964
11,4,1.6500000000000001
11,4,1.6500000000000001
11,4,13.861905268196475
11,4,13.950068752078808
11,4,1.6500000000000001
11,4,1.6500000000000001
11,4,29.7
11,4,29.7
11,4,10.274900216393675
11,4,5.695696229576265
11,4,7.732279273315716
11,4,13.744181000113755
11,4,10.12833751159929
11,4,14.548006019506818
11,4,10.656250324746438
11,4,16.05695043260635
11,4,1.6500000000000001
11,4,1.9546152829017611
11,4,6.583964743709888
11,4,14.25137822468972
11,4,1.6500000000000001
11,4,26.550308306378316
11,4,13.95259788597107
11,4,29.7
11,4,29.7
11,4,12.100154664318778
11,4,1.6500000000000001
11,4,7.222298934485622
11,4,21.7369998522785
11,4,1.6500000000000001
11,4,2.710956889343337
11,4,3.802392417854622
11,4,16.336749769025932
11,4,19.548543069624994
11,4,4.631368682160533
11,4,29.7
11,4,1.6500000000000001
11,4,14.611246126228279
11,4,5.4757200424444346
11,4,1.6500000000000001
11,4,11.651630288790427
11,4,17.04364446803858
12,4,10.128265031059321
12,4,24.30946367889405
12,4,17.654308864573448
12,4,23.90502279408662
12,4,8.956564899856215
12,4,1.6500000000000001
12,4,13.634375841785886
12,4,3.057086300283547
12,4,11.743577921642244
12,4,1.6500000000000001
12,4,2.8610121673857662
12,4,16.63426937144056
12,4,1.6500000000000001
12,4,15.808792195187602
12,4,14.40727840843798
12,4,2.231320550582211
12,4,29.7
12,4,9.977008858839637
12,4,1.6500000000000001
12,4,1.6500000000000001
12,4,23.922212314985885
12,4,12.284756971640672
12,4,13.625050162291856
12,4,1.6500000000000001
12,4,16.915931369946442
12,4,22.30641471500801
12,4,21.300454726329775
12,4,1.6500000000000001
12,4,1.6500000000000001
12,4,5.236337877094848
12,4,1.6500000000000001
12,4,7.68451822132319
12,4,15.32802092075633
12,4,1.8286837713414972
12,4,1.6500000000000001
12,4,23.51696001316315
12,4,29.7
12,4,5.9211859467049575
12,4,27.696759765228872
12,4,12.151212075904738
12,4,1.6500000000000001
12,4,1.6500000000000001
12,4,29.7
12,4,10.14096212641588
12,4,1.6500000000000001
12,4,2.452865364368151
12,4,19.058946246936536
12,4,1.6500000000000001
12,4,1.6500000000000001
12,4,12.93395519301532
12,4,16.457062351352825
12,4,1.6500000000000001
12,4,29.7
12,4,1.6500000000000001
12,4,27.600226797595962
12,4,16.62174598072553
12,4,1.6500000000000001
12,4,1.6500000000000001
12,4,8.13891222354915
12,4,11.196258370665387
12,4,1.6500000000000001
12,4,1.6500000000000001
12,4,3.9103924708511553
12,4,7.525759955675991
12,4,1.6500000000000001
12,4,2.7801140618523963
12,4,2.6899195618800844
12,4,1.6500000000000001
12,4,1.6662352614879907
12,4,1.6500000000000001
12,4,3.3699803875713483
12,4,1.6500000000000001
12,4,16.3401795985789
12,4,1.6500000000000001
12,4,12.389190530524232
12,4,1.6500000000000001
12,4,1.6500000000000001
12,4,11.31481428013716
12,4,13.753331046541307
12,4,1.6500000000000001
12,4,1.6500000000000001
12,4,1.6500000000000001
12,4,28.391291010555435
12,4,8.897092478141603
12,4,8.013610431897828
12,4,21.847817832736798
12,4,1.6500000000000001
12,4,1.6500000000000001
12,4,6.9854715022095215
12,4,1.6500000000000001
12,4,3.19998258289486
12,4,13.006234943557704
12,4,19.236353130904106
12,4,14.411626334527831
12,4,22.90923563549862
12,4,1.6500000000000001
12,4,1.6500000000000001
12,4,2.7534728855969917
12,4,1.6500000000000001
12,4,6.575686325094496
12,4,1.6500000000000001
12,4,8.052416776869592
12,4,21.477904492177768
12,4,17.73441450181184
12,4,11.583095903968557
12,4,1.6500000000000001
12,4,21.11640516401672
12,4,1.6500000000000001
12,4,24.60901459255532
12,4,21.928787666704995
12,4,15.270741456135575
12,4,17.28495752338808
12,4,1.6750442115704711
12,4,22.22474116963118
12,4,7.12045366191499
12,4,6.948587344032402
12,4,2.471103633252559
12,4,1.6500000000000001
12,4,1.6500000000000001
12,4,6.193154575693111
12,4,6.310364741355713
12,4,1.6500000000000001
12,4,1.6500000000000001
11,4,5.758361150946074
11,4,1.6500000000000001
11,4,4.988829021258615
11,4,14.342302265775988
11,4,26.536492695242874
11,4,5.430585016147077
11,4,11.278405784704969
11,4,29.096050448760277
11,4,2.6500788379117193
11,4,1.6500000000000001
11,4,1.6500000000000001
11,4,15.277406502517152
11,4,18.689564357992055
11,4,11.285696894664898
11,4,19.544689096627142
11,4,18.061471397526255
11,4,6.975093413045617
11,4,1.6500000000000001
11,4,29.7
11,4,4.877338830841169
11,4,1.6500000000000001
11,4,29.7
11,4,11.272329432717036
11,4,17.14427557375838
11,4,29.662720574296326
11,4,8.6419247927684
11,4,18.279758385178873
11,4,20.997902137566484
11,4,16.979846724985983
11,4,2.573699605013738
11,4,9.72088550964557
11,4,29.7
11,4,1.6500000000000001
11,4,1.6500000000000001
11,4,8.754752776063928
11,4,29.7
11,4,2.775518771600675
11,4,10.881847531858508
11,4,6.179666502712779
11,4,1.6500000000000001
11,4,28.90206659855327
11,4,29.7
11,4,1.6500000000000001
11,4,5.436837738530397
11,4,1.6500000000000001
11,4,7.089855627350136
11,4,4.683487061241248
11,4,20.96943483207546
11,4,1.6500000000000001
11,4,6.154925572959786
11,4,2.336778164459661
11,4,1.6500000000000001
11,4,3.2529584029828182
11,4,7.624752446898196
11,4,18.591074424996588
11,4,14.436613692032255
11,4,3.041383335529373
11,4,18.532399005539137
11,4,5.985707542397136
11,4,5.561977715346879
11,4,3.901390067663259
11,4,4.001022136842886
11,4,13.563426795280645
11,4,25.246173308210032
11,4,14.001004989284816
11,4,2.4678137584416255
11,4,20.765962445060627
11,4,4.572699040325688
11,4,15.784864681950937
11,4,12.408146337403515
11,4,15.545046995725066
11,4,8.637571690580533
11,4,24.13349408645177
11,4,1.6500000000000001
11,4,19.858026981872094
11,4,22.646324888760063
11,4,5.985728060395376
11,4,4.966716715956156
11,4,8.731851602641326
11,4,6.702331697303936
11,4,1.6500000000000001
11,4,6.270674378152524
11,4,25.79874340339376
11,4,1.6500000000000001
11,4,1.6500000000000001
11,4,16.496724660127374
11,4,20.619454183213303
11,4,15.033067783095227
11,4,1.6500000000000001
11,4,8.503382415575556
11,4,6.058376549405251
11,4,9.05814022377175
11,4,8.628947877821524
11,4,14.692742565651825
11,4,1.6500000000000001
11,4,29.7
11,4,19.888895919007254
11,4,1.6500000000000001
11,4,1.6500000000000001
11,4,26.776742533202523
11,4,15.286413143759878
11,4,2.648874386850027
11,4,12.5766773625891
11,4,20.11821813054837
11,4,1.6500000000000001
11,4,29.7
11,4,11.69715328038956
11,4,17.16263490124587
11,4,24.590775122179444
11,4,1.6500000000000001
11,4,15.478576887722527
11,4,3.008725001390536
11,4,1.6500000000000001
11,4,1.6500000000000001
11,4,1.6500000000000001
11,4,13.85133775399065
11,4,22.84006220431541
11,4,1.6500000000000001
11,4,13.336351467631205
11,4,19.074046700863853
11,4,13.102680768619447
11,4,8.52476537546277
10,4,13.71655281387723
10,4,5.5928986071312785
10,4,1.6500000000000001
10,4,19.714406462800625
10,4,7.189168090292939
10,4,12.40254996152646
10,4,25.865665019219463
10,4,1.6500000000000001
10,4,12.598989836489036
10,4,29.7
10,4,18.08086404750523
10,4,22.71850675573601
10,4,9.470472552415421
10,4,6.79107005977716
10,4,1.6500000000000001
10,4,29.7
10,4,12.683917386406996
10,4,1.6500000000000001
10,4,12.940263647654264
10,4,15.503005125612578
10,4,1.6500000000000001
10,4,6.372244075628793
10,4,14.227996137644359
10,4,29.7
10,4,1.6500000000000001
10,4,24.14269948445596
10,4,1.6500000000000001
10,4,18.526935884885663
10,4,6.7980151315506
10,4,17.71156978543015
10,4,13.885360941995144
10,4,29.7
10,4,12.204126332739605
10,4,1.6500000000000001
10,4,1.6500000000000001
10,4,17.87929279878532
10,4,1.6500000000000001
10,4,6.92775649491899
10,4,14.010484313262477
10,4,7.304487530664523
10,4,19.427159383196425
10,4,1.6500000000000001
10,4,1.6500000000000001
10,4,1.6500000000000001
10,4,1.6500000000000001
10,4,10.431233845063531
10,4,1.6500000000000001
10,4,21.966617035664758
10,4,2.7548004634134404
10,4,15.143817257466614
10,4,11.642286927702939
10,4,6.466412264136406
10,4,1.6500000000000001
10,4,20.313354059326493
10,4,8.61039412041644
10,4,24.28150333668806
10,4,1.6500000000000001
10,4,9.206000334143079
10,4,11.1454689102734
10,4,15.406147157757934
10,4,8.477475847462653
10,4,24.233131249406654
10,4,29.7
10,4,25.835186732051817
10,4,7.934916401330783
10,4,5.821150004616054
10,4,19.817204612848876
10,4,29.7
10,4,1.6500000000000001
10,4,25.832376490224874
10,4,2.503811912606239
10,4,1.6500000000000001
10,4,4.076350674750286
10,4,1.6500000000000001
10,4,29.7
10,4,20.166988971936455
10,4,4.9619881529562075
10,4,20.691385717360042
10,4,1.6500000000000001
10,4,28.31247991213983
10,4,1.6500000000000001
10,4,17.94865744947502
10,4,11.88055438969199
10,4,1.6500000000000001
10,4,14.091411497707577
10,4,1.6500000000000001
10,4,20.87933042806312
10,4,1.6500000000000001
10,4,2.9893612456497163
10,4,4.223438076232959
10,4,3.4732068487139465
10,4,29.7
10,4,5.5301925386870305
10,4,22.556221474299427
10,4,1.6500000000000001
10,4,1.6500000000000001
10,4,3.494006644981304
10,4,26.236331713413456
10,4,22.460594721270592
10,4,29.7
10,4,24.52687547141825
10,4,18.297891891683747
10,4,1.6500000000000001
10,4,8.903141140834936
10,4,29.7
10,4,16.876060120948228
10,4,20.67041779816532
10,4,23.202773469722086
10,4,26.2902258902691
10,4,5.114712080725175
10,4,1.6500000000000001
10,4,1.6500000000000001
10,4,1.6500000000000001
10,4,29.7
10,4,12.141023197198734
10,4,29.514938344798004
10,4,23.338671079062465
10,4,1.6500000000000001
10,4,1.6500000000000001
10,4,26.35063490659597
10,4,1.6500000000000001
10,4,12.146589176046284
9,4,29.7
9,4,24.973063487107176
9,4,1.6500000000000001
9,4,4.344028809266672
9,4,29.7
9,4,1.6500000000000001
9,4,12.994434269885947
9,4,11.533297161575664
9,4,16.452956627449872
9,4,18.592983686457096
9,4,1.6500000000000001
9,4,1.6500000000000001
9,4,1.6500000000000001
9,4,10.600181172467602
9,4,2.6243478599798546
9,4,5.204676591995065
9,4,1.6500000000000001
9,4,29.7
9,4,29.7
9,4,29.7
9,4,1.6500000000000001
9,4,1.6500000000000001
9,4,10.969846142949114
9,4,20.983448271294296
9,4,4.226143882254265
9,4,14.304355547398
9,4,19.27061218711264
9,4,1.6500000000000001
9,4,14.726999620804918
9,4,10.841371084285559
9,4,16.07738968121492
9,4,26.52637793143697
9,4,29.7
9,4,1.6500000000000001
9,4,29.7
9,4,1.6500000000000001
9,4,1.6500000000000001
9,4,1.6500000000000001
9,4,1.6500000000000001
9,4,19.995354953957012
9,4,2.6760891622466616
9,4,19.72235082074156
9,4,12.869435435892093
9,4,16.9757860655707
9,4,1.6500000000000001
9,4,29.7
9,4,1.6500000000000001
9,4,24.245441827894446
9,4,19.919959961802782
9,4,18.981546456592636
9,4,13.574030999381758
9,4,1.6500000000000001
9,4,26.03547658931931
9,4,20.23549780181916
9,4,18.933956730406617
9,4,24.961544910203266
9,4,1.9868514115713864
9,4,4.393414343077577
9,4,5.852286058551114
9,4,15.327775164162318
9,4,12.47907121531485
9,4,26.205691573357264
9,4,1.6500000000000001
9,4,4.770687433025167
9,4,12.003547397703175
9,4,20.11588510292011
9,4,19.55811946414721
9,4,4.910558520727211
9,4,7.876946365873414
9,4,29.7
9,4,1.6500000000000001
9,4,2.000606245345444
9,4,6.878223439050307
9,4,29.7
9,4,20.98137112816374
9,4,1.6500000000000001
9,4,22.121093966705658
9,4,1.6500000000000001
9,4,1.6500000000000001
9,4,20.831163345174605
9,4,27.65440480839797
9,4,22.529685031574395
9,4,1.6500000000000001
9,4,29.7
9,4,7.048944229735346
9,4,23.60900619280497
9,4,19.428013526256297
9,4,21.30569963363844
9,4,1.6500000000000001
9,4,27.88631210972957
9,4,25.320609965045687
9,4,25.412277293224406
9,4,8.212912614085583
9,4,1.6500000000000001
9,4,17.01639922899584
9,4,8.68788676765736
9,4,22.489197223230164
9,4,1.8672270180105777
9,4,1.6500000000000001
9,4,24.852188832959165
9,4,9.810305318120012
9,4,29.7
9,4,12.706153491855492
9,4,1.6500000000000001
9,4,1.6500000000000001
9,4,5.592908310767163
9,4,25.76579673326433
9,4,1.6500000000000001
9,4,7.776705471491641
9,4,12.06626950887774
9,4,1.6500000000000001
9,4,21.498887720999946
9,4,11.437036659054009
9,4,19.470935794052615
9,4,15.290653469837086
9,4,1.6500000000000001
9,4,8.34724697325591
9,4,21.78058328398756
9,4,5.550750981810427
9,4,11.293210575813413
9,4,27.392685220338876
9,4,9.57075395205597
10,4,5.572387344801287
10,4,5.880546531786669
10,4,20.051571492211675
10,4,8.849821361875302
10,4,19.327167225789353
10,4,6.8237727908806
10,4,19.76738700520496
10,4,1.6500000000000001
10,4,26.413013911334076
10,4,24.81522072063433
10,4,1.6500000000000001
10,4,22.175510348537443
10,4,8.58283267826462
10,4,14.269598800820539
10,4,2.5508690298507317
10,4,1.6500000000000001
10,4,1.6500000000000001
10,4,9.781848109918666
10,4,1.6500000000000001
10,4,1.6500000000000001
10,4,10.38681811615065
10,4,3.729012512562372
10,4,6.25753277569426
10,4,14.546030706704382
10,4,15.536465697637759
10,4,3.5903492038647533
10,4,1.6500000000000001
10,4,1.6500000000000001
10,4,11.417761781103074
10,4,2.8199820898170422
10,4,29.7
10,4,1.6500000000000001
10,4,1.6500000000000001
10,4,10.694158913988554
10,4,26.61556961922014
10,4,22.706567937560557
10,4,12.574356533148405
10,4,1.6500000000000001
10,4,2.8278418951670545
10,4,8.849193877852223
10,4,13.60324071643455
10,4,14.31299767617019
10,4,23.914774772495083
10,4,1.6500000000000001
10,4,1.6500000000000001
10,4,1.6500000000000001
10,4,11.313512299291881
10,4,17.789763107959953
10,4,1.6500000000000001
10,4,18.120956853310826
10,4,23.631681204926263
10,4,1.6500000000000001
10,4,1.6500000000000001
10,4,1.6500000000000001
10,4,1.6500000000000001
10,4,23.750706705670513
10,4,1.6500000000000001
10,4,19.875554006629017
10,4,1.6500000000000001
10,4,11.251031333738563
10,4,18.373695101528092
10,4,2.19287787320416
10,4,14.190574014987877
10,4,9.38590615509752
10,4,15.181964107353785
10,4,3.9801357570450637
10,4,26.64996748210896
10,4,8.331130479561923
10,4,1.777646753333915
10,4,6.952197318345625
10,4,7.641198297504635
10,4,3.9025056289484095
10,4,6.885005054815177
10,4,6.855351281350286
10,4,4.373353347977743
10,4,24.08103985431942
10,4,7.982987567760602
10,4,22.129845016883174
10,4,11.304788313552038
10,4,18.594840387234193
10,4,20.536476870883014
10,4,1.6500000000000001
10,4,9.264958814622723
10,4,26.17181213892289
10,4,2.9511688694422205
10,4,1.6500000000000001
10,4,12.079755743071225
10,4,2.8796000723909856
10,4,22.52758910489937
10,4,1.6500000000000001
10,4,1.6500000000000001
10,4,15.08192277653561
10,4,1.6500000000000001
10,4,1.6500000000000001
10,4,21.499153615473283
10,4,1.6500000000000001
10,4,1.6500000000000001
10,4,1.6500000000000001
10,4,1.6500000000000001
10,4,5.290787825081138
10,4,27.76144289946058
10,4,15.720002091192283
10,4,5.732463224195777
10,4,6.409630669694128
10,4,7.2836886880160385
10,4,1.6500000000000001
10,4,11.456531347418954
10,4,7.257758094273831
10,4,7.991447241881444
10,4,1.6500000000000001
10,4,12.084700342881803
10,4,11.914991467656945
10,4,1.6500000000000001
10,4,9.930446478701924
10,4,1.6500000000000001
10,4,14.815624005603418
10,4,1.6500000000000001
10,4,29.31924594851574
10,4,1.6500000000000001
10,4,1.6500000000000001
10,4,3.9182525013957683
10,4,15.359341107917526
10,5,15.319941735075142
10,5,7.183109603837579
10,5,6.449352467950118
10,5,29.7
10,5,12.404367468553787
10,5,20.851073029380643
10,5,1.6500000000000001
10,5,1.6500000000000001
10,5,13.227283930057823
10,5,19.888001521352727
10,5,1.6500000000000001
10,5,19.40638852376493
10,5,17.685369836961577
10,5,6.101096195909003
10,5,15.079820843737455
10,5,6.450223506294161
10,5,14.564728408707271
10,5,15.557249857116698
10,5,25.88720117303866
10,5,1.6500000000000001
10,5,29.7
10,5,18.913162589043658
10,5,20.540325992382364
10,5,1.6500000000000001
10,5,1.6500000000000001
10,5,17.88386991974584
10,5,6.455725371158175
10,5,1.6500000000000001
10,5,13.93966690608549
10,5,4.0053047425535535
10,5,15.646660829350376
10,5,1.6500000000000001
10,5,11.462138577965614
10,5,1.6500000000000001
10,5,27.529112210536713
10,5,1.6500000000000001
10,5,10.973781077301453
10,5,23.36356752034981
10,5,20.477191395066544
10,5,12.499159504220856
10,5,26.837024226314917
10,5,1.6500000000000001
10,5,17.15126653122021
10,5,6.884615717931972
10,5,4.9660418097536505
10,5,10.005336653240793
10,5,21.190567536113363
10,5,11.429171579380093
10,5,1.6500000000000001
10,5,10.941738675024796
10,5,1.6500000000000001
10,5,13.232185760472838
10,5,4.365253348415422
10,5,1.6500000000000001
10,5,7.097728945909131
10,5,14.863063950750693
10,5,11.086599357908666
10,5,1.6500000000000001
10,5,6.712044330065673
10,5,1.6500000000000001
10,5,11.148823681684233
10,5,8.2169333478571
10,5,1.6500000000000001
10,5,15.850227392284772
10,5,17.53812665878658
10,5,1.6500000000000001
10,5,15.879532997291292
10,5,1.6500000000000001
10,5,28.58022637989038
10,5,5.7416663987727175
10,5,9.928364595382009
10,5,4.699912563475166
10,5,29.7
10,5,13.319954906356866
10,5,7.743672107916879
10,5,12.589117791149652
10,5,17.77005120758367
10,5,16.425791629057635
10,5,3.901725089770826
10,5,8.334232328373458
10,5,1.6500000000000001
10,5,1.6500000000000001
10,5,26.443257091493674
10,5,1.6500000000000001
10,5,2.515039336514322
10,5,11.111201990629711
10,5,24.2298996703009
10,5,9.073459341808165
10,5,1.6500000000000001
10,5,3.598635172655417
10,5,1.6500000000000001
10,5,1.6500000000000001
10,5,16.88388305626014
10,5,3.7921866225564664
10,5,19.732361620414512
10,5,1.6500000000000001
10,5,1.6500000000000001
10,5,4.456420554591952
10,5,25.52516646405796
10,5,1.6500000000000001
10,5,6.652445676908128
10,5,6.368295154717392
10,5,21.408503831205365
10,5,12.014669065872118
10,5,1.6500000000000001
10,5,1.6500000000000001
10,5,24.54548066634769
10,5,8.669994483834714
10,5,1.6500000000000001
10,5,1.6500000000000001
10,5,6.156641301959356
10,5,7.746856348983124
10,5,15.322503727257036
10,5,19.83579015130264
10,5,1.6500000000000001
10,5,10.278594466120602
10,5,1.6500000000000001
10,5,1.6500000000000001
10,5,5.8941919747881935
10,5,22.736509951291755
10,5,12.465954585321965
10,5,1.6500000000000001
10,5,21.705276534463344
9,5,21.298391456454205
9,5,27.957020392206978
9,5,25.294516905448717
9,5,29.7
9,5,17.372635005324252
9,5,22.13295556538894
9,5,21.119014970498277
9,5,1.6500000000000001
9,5,1.6500000000000001
9,5,27.4219477761188
9,5,1.6500000000000001
9,5,6.674712141879248
9,5,2.6724788208098396
9,5,13.452569029551134
9,5,29.7
9,5,18.05782425136255
9,5,1.6500000000000001
9,5,25.456928396057744
9,5,7.047837013543858
9,5,4.615690160538671
9,5,5.949179807153495
9,5,4.829354438771637
9,5,1.6500000000000001
9,5,8.17842862442569
9,5,3.793139981804911
9,5,1.6500000000000001
9,5,25.68674450014314
9,5,9.53615114872162
9,5,6.064745928057807
9,5,1.6500000000000001
9,5,11.94711501289334
9,5,7.718280640904561
9,5,5.267379226212559
9,5,1.6500000000000001
9,5,1.6500000000000001
9,5,29.7
9,5,1.6500000000000001
9,5,16.61230847289519
9,5,9.411376793991487
9,5,13.429879560426128
9,5,9.625609705753083
9,5,7.839665290063019
9,5,29.7
9,5,11.488335498273365
9,5,19.10042633798712
9,5,22.13654156192446
9,5,1.6500000000000001
9,5,1.6500000000000001
9,5,8.28298810876052
9,5,11.077937916814866
9,5,9.643616898131283
9,5,8.052417264499997
9,5,24.2385870693189
9,5,13.362378616686197
9,5,1.6500000000000001
9,5,29.7
9,5,1.6500000000000001
9,5,25.47998161708074
9,5,1.6500000000000001
9,5,4.688325190638393
9,5,8.503831671164631
9,5,1.6500000000000001
9,5,22.45174895281628
9,5,21.552373542080993
9,5,16.728222632027197
9,5,23.96824627457157
9,5,12.58467805551118
9,5,27.024002944402703
9,5,2.022075580186061
9,5,10.072002750512388
9,5,17.856481524357445
9,5,14.768041521579237
9,5,1.6500000000000001
9,5,13.739879817120297
9,5,8.65967329308134
9,5,7.451751299464096
9,5,1.6500000000000001
9,5,6.315713343329865
9,5,26.957187539123723
9,5,12.14332620444706
9,5,20.606784397348193
9,5,5.675376960530439
9,5,1.6500000000000001
9,5,1.6500000000000001
9,5,1.6500000000000001
9,5,22.99196787122387
9,5,12.433055994389361
9,5,1.6500000000000001
9,5,29.7
9,5,1.6500000000000001
9,5,24.4314125085112
9,5,20.079675658594493
9,5,20.42117274638963
9,5,26.429656386326734
9,5,19.412745392355728
9,5,10.636443755553739
9,5,14.788378413723812
9,5,13.709435424274368
9,5,12.85117573538927
9,5,1.6500000000000001
9,5,29.7
9,5,1.6500000000000001
9,5,7.153840016299947
9,5,1.6500000000000001
9,5,29.7
9,5,6.229690054761342
9,5,14.12257871570575
9,5,1.6500000000000001
9,5,5.361514906913662
9,5,16.113052167863426
9,5,14.714990867715354
9,5,21.95924505714172
9,5,13.449036355866658
9,5,29.7
9,5,1.6500000000000001
9,5,5.300485061409139
9,5,10.202763358781798
9,5,4.682642036324223
9,5,1.803772158860113
9,5,29.7
9,5,22.864542056426767
9,5,29.55151049216078
8,5,1.6500000000000001
8,5,3.311630102443239
8,5,16.71822351872733
8,5,2.4161767678450516
8,5,1.6500000000000001
8,5,22.695610975611785
8,5,29.7
8,5,14.967787365044762
8,5,8.454020608489676
8,5,1.6500000000000001
8,5,12.63360800045584
8,5,11.653832136081256
8,5,1.6500000000000001
8,5,22.920804337181586
8,5,1.6500000000000001
8,5,29.7
8,5,24.354974494200526
8,5,11.098779567594274
8,5,6.331106631394686
8,5,3.0736033814345287
8,5,9.793429564567113
8,5,19.336226093494478
8,5,29.7
8,5,4.3540745677093575
8,5,17.662108028539034
8,5,8.570641615749926
8,5,29.7
8,5,8.530578304568898
8,5,21.582912506830947
8,5,21.38491519626045
8,5,1.6500000000000001
8,5,18.580639054544164
8,5,15.502415513050337
8,5,1.6500000000000001
8,5,15.207802721294073
8,5,23.975032728118432
8,5,1.6500000000000001
8,5,21.629231047347524
8,5,1.6500000000000001
8,5,1.6500000000000001
8,5,13.68645473291504
8,5,29.7
8,5,13.59609908413304
8,5,24.9602436023339
8,5,2.607097581848608
8,5,14.835934434663272
8,5,29.7
8,5,5.857335308343636
8,5,1.6500000000000001
8,5,1.6500000000000001
8,5,7.511332578714885
8,5,1.7389675801041502
8,5,22.07481730859549
8,5,18.536684526463816
8,5,29.7
8,5,16.253032121855536
8,5,1.6500000000000001
8,5,1.6500000000000001
8,5,7.270694071613441
8,5,26.24260942961192
8,5,15.733745366135695
8,5,1.6500000000000001
8,5,13.561987242103438
8,5,19.67820139527501
8,5,18.229120671158977
8,5,18.390089513341994
8,5,22.075555712486604
8,5,18.48665913599459
8,5,3.8538862837643215
8,5,18.375704957976744
8,5,21.891943542910045
8,5,29.7
8,5,22.28458048938107
8,5,23.498994209905913
8,5,29.7
8,5,1.6500000000000001
8,5,21.697554883121324
8,5,1.6500000000000001
8,5,16.092891877741785
8,5,18.532004993947687
8,5,1.6500000000000001
8,5,18.23426594131252
8,5,21.65116730485363
8,5,28.474396720618543
8,5,4.745980521344883
8,5,23.96397951866674
8,5,23.689386816831295
8,5,15.93494422348535
8,5,1.6500000000000001
8,5,5.264041660829879
8,5,29.7
8,5,27.207791408340988
8,5,1.6500000000000001
8,5,18.959576716098844
8,5,19.048782012849884
8,5,29.7
8,5,3.131463349469821
8,5,1.6500000000000001
8,5,24.53514613065866
8,5,23.100120459699042
8,5,8.979463285913543
8,5,10.210799990098835
8,5,17.652946376375716
8,5,14.103794567924083
8,5,6.429727558252436
8,5,20.155255673360113
8,5,13.372961375578564
8,5,1.6500000000000001
8,5,6.141937380657523
8,5,25.684866947418087
8,5,1.6500000000000001
8,5,18.281207557579144
8,5,24.17244680332589
8,5,16.835867741826892
8,5,3.6179247162625217
8,5,1.6500000000000001
8,5,26.15644606839722
8,5,5.646731675884121
8,5,8.603026427740971
8,5,14.528850238495366
8,5,29.7
8,5,7.87679659258138
7,5,21.38570102080844
7,5,28.617663477055316
7,5,26.064790345184704
7,5,1.6500000000000001
7,5,11.587957975216018
7,5,24.89429191014734
7,5,14.040076359084
7,5,22.34394232171961
7,5,1.6500000000000001
7,5,22.303014257980234
7,5,1.6500000000000001
7,5,21.115220579108126
7,5,1.6500000000000001
7,5,29.7
7,5,28.21440738555451
7,5,22.15279344045468
7,5,1.6500000000000001
7,5,14.266889318540048
7,5,1.6500000000000001
7,5,29.7
7,5,20.837730535632943
7,5,11.52261337789487
7,5,1.6500000000000001
7,5,13.451226408815042
7,5,17.85071504427188
7,5,20.10888327937466
7,5,8.272997333470101
7,5,13.97966433256779
7,5,16.39816566597538
7,5,1.6500000000000001
7,5,21.69245689836307
7,5,6.217297268451787
7,5,12.658811098918456
7,5,1.6500000000000001
7,5,29.7
7,5,29.7
7,5,29.7
7,5,24.443820676993187
7,5,12.997055028025514
7,5,1.7466708153912336
7,5,23.44684657442985
7,5,1.6500000000000001
7,5,24.20282014720472
7,5,1.6500000000000001
7,5,14.13806889716853
7,5,1.6500000000000001
7,5,4.214744489408753
7,5,20.11540961211703
7,5,9.204056085473058
7,5,27.369471772108945
7,5,25.49956735034813
7,5,18.641549715671655
7,5,1.6500000000000001
7,5,7.875307719271427
7,5,29.7
7,5,17.575736738253266
7,5,14.470769195859624
7,5,15.621522522438946
7,5,4.518774190704951
7,5,29.7
7,5,13.85439253021893
7,5,20.85613911400869
7,5,26.825192339433123
7,5,13.3458541290587
7,5,20.009380928925985
7,5,16.668278983906205
7,5,1.6500000000000001
7,5,1.6500000000000001
7,5,1.6500000000000001
7,5,1.6500000000000001
7,5,23.229933415766304
7,5,27.3093798984249
7,5,29.7
7,5,12.59206000026866
7,5,5.610836921560358
7,5,1.6500000000000001
7,5,14.295865494633748
7,5,16.67780481086039
7,5,1.9975152050028928
7,5,13.924657754857835
7,5,1.6500000000000001
7,5,7.279614624478189
7,5,26.47669780699585
7,5,29.13332949935527
7,5,17.80879417631712
7,5,1.6500000000000001
7,5,29.7
7,5,29.7
7,5,29.552064591878548
7,5,20.47555680968402
7,5,22.085612784481103
7,5,1.6500000000000001
7,5,1.6500000000000001
7,5,12.940879550802505
7,5,12.682443061477322
7,5,1.6500000000000001
7,5,14.446945339103682
7,5,3.422776738031338
7,5,29.149007434740195
7,5,20.967732463733554
7,5,2.4508312478939054
7,5,1.6500000000000001
7,5,17.70208240365977
7,5,12.402737886078562
7,5,29.7
7,5,4.964883045460981
7,5,18.04588276152823
7,5,1.6500000000000001
7,5,17.40379471485469
7,5,26.892525413091704
7,5,21.62659907370397
7,5,13.294963377948076
7,5,1.6500000000000001
7,5,25.11019767244884
7,5,1.6500000000000001
7,5,1.6500000000000001
7,5,27.83192509853577
7,5,11.919058778434295
7,5,4.293289043135185
7,5,4.41812034055127
7,5,1.6500000000000001
7,5,7.5869353399993305
6,5,20.484072321263763
6,5,8.753774138556496
6,5,26.07356014063925
6,5,9.667793092298577
6,5,13.01019716876377
6,5,12.233318717938486
6,5,29.7
6,5,16.57468223308705
6,5,20.438132194077138
6,5,29.7
6,5,5.128274989941103
6,5,29.7
6,5,1.6500000000000001
6,5,4.160984833284678
6,5,27.040388958752132
6,5,7.673586886570082
6,5,24.247550391103264
6,5,12.751553393072815
6,5,19.589150084108127
6,5,3.368511404414413
6,5,27.157463080518923
6,5,20.901497607815784
6,5,13.12604174287286
6,5,1.6500000000000001
6,5,24.763787009932337
6,5,2.4933966298947183
6,5,17.40120837283717
6,5,16.566730308585615
6,5,4.99822867109005
6,5,25.93353549885132
6,5,18.217321539743256
6,5,1.771909902732693
6,5,29.7
6,5,1.6500000000000001
6,5,4.604023908954602
6,5,6.569912211224636
6,5,6.132014159035011
6,5,19.01034390045903
6,5,1.6500000000000001
6,5,24.092467928130656
6,5,14.275734792324693
6,5,29.7
6,5,29.7
6,5,29.7
6,5,22.66849751165695
6,5,19.466150193206115
6,5,16.9157117772496
6,5,29.7
6,5,8.978957408385357
6,5,20.787156727599456
6,5,1.6500000000000001
6,5,20.899603127297613
6,5,29.7
6,5,26.81020289953244
6,5,21.347716099120795
6,5,29.7
6,5,26.91599244096282
6,5,25.744767697804086
6,5,19.370572094116483
6,5,1.6500000000000001
6,5,12.623930839079653
6,5,12.786199922249239
6,5,11.645957509642688
6,5,23.296864978392406
6,5,16.24622740333305
6,5,29.7
6,5,1.6500000000000001
6,5,23.43945859048807
6,5,16.23040096122591
6,5,25.572194185538716
6,5,1.6500000000000001
6,5,21.470646110587886
6,5,3.2540805263531123
6,5,2.9820416756422574
6,5,29.7
6,5,17.25659205009721
6,5,3.3085367965793875
6,5,1.8281790645016898
6,5,1.6500000000000001
6,5,22.900129487008133
6,5,8.811432366720783
6,5,14.053466237294662
6,5,27.92807994027571
6,5,1.6500000000000001
6,5,17.787474786948064
6,5,20.53781621788673
6,5,3.3357566435892423
6,5,11.362486551150843
6,5,17.267666548548394
6,5,29.7
6,5,7.446012124560305
6,5,19.28566786414176
6,5,1.6500000000000001
6,5,4.9596755332093885
6,5,8.59807623674393
6,5,11.80141108627893
6,5,9.800684418187274
6,5,18.579602300211256
6,5,1.6500000000000001
6,5,29.7
6,5,1.6500000000000001
6,5,1.6500000000000001
6,5,10.340718273401116
6,5,6.0531594147661245
6,5,3.633840475869052
6,5,27.620955559163363
6,5,20.039792707847326
6,5,1.6500000000000001
6,5,5.006406504158955
6,5,18.57811125571851
6,5,11.664260118510297
6,5,15.73358974380568
6,5,29.7
6,5,10.843532721717299
6,5,13.357631438993481
6,5,17.02709081265831
6,5,22.594584314563708
6,5,13.423452212072293
6,5,14.847899127861277
6,5,8.66986326324067
6,5,13.28447442887581
6,5,11.543393071358281
5,5,19.226512150759195
5,5,24.996222690661185
5,5,7.982858339464057
5,5,19.123042622690498
5,5,12.662006071428085
5,5,13.497068771803296
5,5,21.728834988491194
5,5,12.234465699142724
5,5,14.858100361752099
5,5,23.818492383041853
5,5,26.835192923730638
5,5,13.123348664307937
5,5,1.6500000000000001
5,5,12.645610781109266
5,5,7.189784299642335
5,5,20.921843692714866
5,5,10.477227765218334
5,5,5.744338026870954
5,5,14.590673212763015
5,5,16.05676649174814
5,5,5.472230627759917
5,5,23.90246318661528
5,5,1.7448992364192648
5,5,29.7
5,5,8.752261963629717
5,5,3.4432658737359088
5,5,6.725575305454292
5,5,1.6500000000000001
5,5,23.295499506033355
5,5,1.6500000000000001
5,5,15.339086659981618
5,5,26.859291064847262
5,5,1.6500000000000001
5,5,17.511381286223273
5,5,5.46344569185826
5,5,25.214360531682523
5,5,29.7
5,5,29.7
5,5,1.6500000000000001
5,5,29.7
5,5,19.72108734756568
5,5,1.6500000000000001
5,5,3.3148931256456624
5,5,10.574480141373407
5,5,17.7744033203724
5,5,21.126650015960635
5,5,13.261539560235153
5,5,18.881129486937194
5,5,20.799540145736685
5,5,7.91702072919386
5,5,16.533448999986614
5,5,29.7
5,5,17.156397410623136
5,5,29.7
5,5,13.681153426318744
5,5,19.53633064929424
5,5,1.6500000000000001
5,5,29.7
5,5,12.86017789123973
5,5,19.90698884345479
5,5,8.865051238437072
5,5,14.272458383355664
5,5,18.111384521901922
5,5,1.6500000000000001
5,5,24.953462855094237
5,5,25.329191235249876
5,5,29.7
5,5,7.350239487465286
5,5,1.6500000000000001
5,5,25.543616289392954
5,5,19.79829981752519
5,5,19.376211012973354
5,5,29.7
5,5,29.7
5,5,1.8970505523101941
5,5,29.7
5,5,29.7
5,5,4.852219702812553
5,5,14.39722102388469
5,5,26.556873646051883
5,5,2.9991997611782324
5,5,1.6500000000000001
5,5,26.14946503106682
5,5,4.807471533346504
5,5,24.60618296529948
5,5,20.730794680675185
5,5,8.201056963121045
5,5,18.828156860514568
5,5,11.54090878814197
5,5,21.55083111129095
5,5,15.378312380064987
5,5,11.899527437203158
5,5,20.004573092350867
5,5,29.7
5,5,26.11110721319244
5,5,16.495149913549174
5,5,21.39873168125141
5,5,6.910867027667674
5,5,13.450033266119915
5,5,2.1929000863842383
5,5,29.7
5,5,13.050894872518125
5,5,29.423041614910982
5,5,11.87919896050003
5,5,22.413595511268884
5,5,1.6500000000000001
5,5,3.6061365584930645
5,5,25.51095951983183
5,5,18.57390368972388
5,5,29.7
5,5,29.7
5,5,3.687598850884431
5,5,1.6500000000000001
5,5,1.6500000000000001
5,5,11.670930824035986
5,5,19.718916933265966
5,5,13.383436168448345
5,5,21.0123610552681
5,5,29.7
5,5,8.409011110188958
5,5,5.006120600691457
5,5,26.593818054954898
5,5,20.38322494207668
4,5,1.6500000000000001
4,5,1.6500000000000001
4,5,29.7
4,5,17.96811115613576
4,5,9.53968505781321
4,5,19.193294341382217
4,5,29.304933403001638
4,5,9.754896100649551
4,5,28.60824162415858
4,5,29.7
4,5,29.7
4,5,18.158744231228564
4,5,11.422972188648922
4,5,25.48949821074701
4,5,3.6358913161972755
4,5,29.7
4,5,29.7
4,5,29.7
4,5,1.6500000000000001
4,5,29.7
4,5,29.7
4,5,10.186388200855234
4,5,4.238326970295441
4,5,11.818247936697055
4,5,29.7
4,5,1.6500000000000001
4,5,13.961252321554202
4,5,26.301472630818054
4,5,1.6500000000000001
4,5,15.278965092826752
4,5,1.6500000000000001
4,5,10.730995537264182
4,5,13.567602489866465
4,5,29.63811584397451
4,5,4.453527210524015
4,5,29.7
4,5,5.831398120907277
4,5,22.919306560548975
4,5,20.507134715836003
4,5,29.7
4,5,16.738972331861476
4,5,29.018259339351026
4,5,22.703803074478497
4,5,25.22495758518939
4,5,8.526317216959672
4,5,9.382060435564782
4,5,18.050895815607237
4,5,25.167814778994718
4,5,25.528515290873784
4,5,15.001994357646605
4,5,29.7
4,5,29.7
4,5,20.107951826558658
4,5,3.220906246120988
4,5,20.262483317955596
4,5,27.56792485238656
4,5,21.650296385562548
4,5,29.7
4,5,15.674099662937463
4,5,17.71016759091697
4,5,29.7
4,5,19.623739559459676
4,5,12.382312318574133
4,5,12.234876924022782
4,5,1.6500000000000001
4,5,2.9159388843332046
4,5,13.028985925983903
4,5,1.6500000000000001
4,5,6.159409383135454
4,5,8.601203538692062
4,5,1.6500000000000001
4,5,3.5024848505259367
4,5,25.480921888322335
4,5,4.350475656380038
4,5,9.849542124520516
4,5,1.6500000000000001
4,5,29.7
4,5,17.341781999627177
4,5,24.218265236137903
4,5,1.6500000000000001
4,5,29.7
4,5,27.750877757622376
4,5,19.425884432978915
4,5,20.04613535613141
4,5,7.050783059108209
4,5,29.7
4,5,29.7
4,5,29.7
4,5,9.958846583280835
4,5,22.57371455807793
4,5,29.7
4,5,9.140481504263835
4,5,15.384053038531725
4,5,11.643039309336828
4,5,18.158844723951226
4,5,1.6500000000000001
4,5,18.820887798953272
4,5,27.030499023225453
4,5,3.256686494370456
4,5,29.7
4,5,17.94831333697953
4,5,29.7
4,5,1.6500000000000001
4,5,25.173233282709056
4,5,26.295707604767877
4,5,19.380601716090407
4,5,1.6500000000000001
4,5,25.752053897917456
4,5,29.7
4,5,27.814747862242132
4,5,25.385616366922235
4,5,29.7
4,5,21.306330034723334
4,5,16.183409888590738
4,5,22.423372557939558
4,5,16.527763747004258
4,5,13.360078107411244
4,5,23.0100559292965
4,5,12.183604989478992
4,5,5.4862026386371205
4,5,26.34097023536929
4,5,1.6500000000000001
3,5,29.7
3,5,14.38812667533313
3,5,29.7
3,5,1.6500000000000001
3,5,29.7
3,5,29.7
3,5,10.422049350959936
3,5,29.7
3,5,7.818522835771304
3,5,12.339927050540359
3,5,29.7
3,5,13.357412858243292
3,5,14.663982500187476
3,5,29.7
3,5,29.7
3,5,29.7
3,5,20.75526285119344
3,5,6.479666963526842
3,5,1.6500000000000001
3,5,7.361622795557404
3,5,11.010206870954843
3,5,29.7
3,5,13.22877960316427
3,5,29.7
3,5,24.527870785851828
3,5,21.43976525561922
3,5,23.872154431150417
3,5,5.690939976023786
3,5,27.995263945518886
3,5,13.317628588177445
3,5,29.7
3,5,29.7
3,5,29.7
3,5,18.566183490710074
3,5,22.789216621002307
3,5,24.335367162234462
3,5,22.356754579303253
3,5,29.7
3,5,25.49516288508979
3,5,1.6500000000000001
3,5,29.7
3,5,29.7
3,5,20.72864258697318
3,5,25.32398707805563
3,5,29.7
3,5,29.7
3,5,6.199786030579022
3,5,10.12898482155843
3,5,29.7
3,5,23.955963287605826
3,5,8.243053051826651
3,5,1.6500000000000001
3,5,29.7
3,5,19.712479701164405
3,5,22.375656416338533
3,5,18.165097169459408
3,5,1.6500000000000001
3,5,29.7
3,5,29.7
3,5,18.97401807227785
3,5,12.804144575511096
3,5,6.911887689459521
3,5,29.7
3,5,16.77918841589915
3,5,15.866080071341024
3,5,5.340268107365379
3,5,17.95765600791189
3,5,26.287654788760626
3,5,23.54068320722683
3,5,29.7
3,5,29.7
3,5,1.6500000000000001
3,5,10.696635296017545
3,5,29.7
3,5,28.985873980346547
3,5,29.7
3,5,25.85751189014659
3,5,7.16946399547021
3,5,5.268433735043301
3,5,21.748774867363093
3,5,2.941163879472736
3,5,29.7
3,5,2.991057874145035
3,5,26.314252658772617
3,5,27.211971283639947
3,5,27.7888665995253
3,5,16.186672119836448
3,5,14.808262236623058
3,5,29.7
3,5,20.29329328241313
3,5,1.6500000000000001
3,5,29.7
3,5,29.7
3,5,16.914543612417734
3,5,23.939801514252785
3,5,7.471305158621357
3,5,5.654798869226857
3,5,20.163405016933897
3,5,29.7
3,5,5.935554647931436
3,5,5.989986349086028
3,5,28.66239479470672
3,5,10.845275147653764
3,5,22.02506951927187
3,5,10.639039843508577
3,5,17.449057527763824
3,5,1.6500000000000001
3,5,25.295740836920977
3,5,25.734195166330515
3,5,23.129611011307702
3,5,28.144751690423988
3,5,1.6500000000000001
3,5,17.68121355144365
3,5,24.699311433675696
3,5,18.135242927111847
3,5,4.22601224054721
3,5,28.68579308644406
3,5,1.6500000000000001
3,5,24.347393650921266
3,5,15.238230373640233
3,5,29.7
3,5,28.131662416234988
2,5,21.482999379748144
2,5,29.7
2,5,29.7
2,5,2.063105272406954
2,5,29.7
2,5,23.943288065632306
2,5,18.46255604507841
2,5,1.6500000000000001
2,5,29.7
2,5,23.16240491977509
2,5,22.059135216177456
2,5,29.7
2,5,8.857343995223937
2,5,26.66725920457508
2,5,22.344955591572695
2,5,29.7
2,5,24.494511684797246
2,5,28.505902103716075
2,5,10.735933038328591
2,5,24.683420982620202
2,5,20.895793989396605
2,5,29.7
2,5,1.6500000000000001
2,5,29.7
2,5,19.102496040616273
2,5,25.0273961034884
2,5,29.7
2,5,17.122131331168312
2,5,16.526036989018454
2,5,21.5994624261964
2,5,29.63485331766383
2,5,10.455899356761023
2,5,19.94192556836171
2,5,16.90580844429359
2,5,12.06827948667909
2,5,29.7
2,5,29.663183133204527
2,5,13.297953211467059
2,5,17.245651629326385
2,5,27.577035973232878
2,5,10.105647853306271
2,5,29.7
2,5,29.7
2,5,19.649714915749286
2,5,7.017436934953135
2,5,19.23691451192956
2,5,1.6500000000000001
2,5,29.7
2,5,29.7
2,5,14.571336548274544
2,5,20.819778224355385
2,5,29.7
2,5,15.233808255769757
2,5,25.3874831829156
2,5,19.766383356760162
2,5,1.6500000000000001
2,5,6.023750211727597
2,5,2.2214017294056703
2,5,29.7
2,5,22.74972224904064
2,5,1.6500000000000001
2,5,29.7
2,5,4.484907091165807
2,5,29.7
2,5,18.191076527442796
2,5,12.598818295734132
2,5,12.345442779973519
2,5,11.608822767304579
2,5,14.51321470189589
2,5,7.239337526490063
2,5,28.89106943611597
2,5,1.6500000000000001
2,5,29.7
2,5,10.80881684710282
2,5,8.001888750152048
2,5,10.675896751158772
2,5,29.7
2,5,13.497818089238486
2,5,29.7
2,5,25.37549435307858
2,5,21.26293953060946
2,5,11.736760359374642
2,5,29.7
2,5,24.619123848859097
2,5,21.889429065316225
2,5,1.6500000000000001
2,5,1.6500000000000001
2,5,29.7
2,5,15.092361621610273
2,5,29.7
2,5,1.6500000000000001
2,5,29.7
2,5,29.7
2,5,16.307756418333494
2,5,29.7
2,5,12.001640192983766
2,5,26.98967324131991
2,5,22.31187952257481
2,5,18.622680900624808
2,5,26.109610741146117
2,5,21.901405272075237
2,5,29.7
2,5,1.6500000000000001
2,5,11.283432973797023
2,5,23.069963508661463
2,5,13.974976577852367
2,5,14.734736642962531
2,5,29.7
2,5,14.162338057269984
2,5,24.033066520051207
2,5,28.136275105901507
2,5,21.28417983412609
2,5,26.00205834946519
2,5,29.7
2,5,10.222779440617774
2,5,21.90450429360243
2,5,6.843774614439058
2,5,29.7
2,5,27.468079017232014
2,5,15.778056318833743
2,5,19.054400475295388
2,5,25.581759769768126
3,5,29.7
3,5,29.7
3,5,29.7
3,5,28.508449741187178
3,5,17.919329252315826
3,5,14.768955608759043
3,5,7.992855648449481
3,5,11.11094888614114
3,5,10.022900248559484
3,5,1.6500000000000001
3,5,1.6500000000000001
3,5,26.55923964608698
3,5,24.94813591308865
3,5,13.209288951420078
3,5,10.695237042083074
3,5,26.896337169413396
3,5,21.91333882562131
3,5,12.765837072606928
3,5,17.525753877377024
3,5,21.13405327393871
3,5,12.376012525645255
3,5,29.7
3,5,29.7
3,5,27.694330762547708
3,5,6.398538496145218
3,5,1.6593052224949183
3,5,2.6224440069276334
3,5,26.309032112296922
3,5,29.7
3,5,8.958036734581734
3,5,29.7
3,5,15.720464921108483
3,5,25.567938466787645
3,5,25.462885959097047
3,5,14.302796586347501
3,5,29.7
3,5,29.7
3,5,29.7
3,5,26.909356556911796
3,5,5.675522239603943
3,5,17.009750798573027
3,5,17.933486195437588
3,5,1.6500000000000001
3,5,26.452725352503784
3,5,17.28417576734079
3,5,3.2571752293480714
3,5,15.690476384203201
3,5,22.684953302885273
3,5,29.7
3,5,25.7988428895788
3,5,20.952148020268385
3,5,10.162660468574426
3,5,29.7
3,5,27.21529038558742
3,5,12.404877734138429
3,5,8.420958938680288
3,5,25.922222635839788
3,5,1.6500000000000001
3,5,9.63313974722577
3,5,10.76914459410555
3,5,24.61763172022338
3,5,22.31715561687774
3,5,20.624869616038794
3,5,14.149560735373726
3,5,29.7
3,5,23.16080433809151
3,5,9.420698132800048
3,5,20.745169077452527
3,5,24.055598471835438
3,5,22.55021587177582
3,5,29.7
3,5,3.495404314602329
3,5,10.524504078431251
3,5,15.918606557701533
3,5,4.646970646648912
3,5,29.7
3,5,25.8937025611097
3,5,10.439277152112242
3,5,20.60500058360898
3,5,12.572259826899483
3,5,13.918167686531055
3,5,19.868445981250076
3,5,25.352121314948274
3,5,29.7
3,5,22.311636523982184
3,5,23.011753295293122
3,5,2.4900222255631057
3,5,17.53176653768916
3,5,3.4646710415631787
3,5,4.305305687183338
3,5,24.951877807493172
3,5,29.7
3,5,27.281873124039862
3,5,20.90316875431466
3,5,18.16446389772166
3,5,29.7
3,5,29.7
3,5,9.734677454672779
3,5,2.4429652564945776
3,5,9.059914743517659
3,5,15.818682491744706
3,5,16.91910681572808
3,5,15.050336329376394
3,5,23.565729249504905
3,5,17.676102423749438
3,5,29.7
3,5,8.460831650647815
3,5,29.7
3,5,1.6500000000000001
3,5,6.9474353263046975
3,5,1.6500000000000001
3,5,29.7
3,5,15.289542224152038
3,5,29.7
3,5,12.870610545570122
3,5,23.74103017327908
3,5,3.0135420789590572
3,5,29.7
3,5,11.886350653747554
3,5,1.6500000000000001
3,5,1.6500000000000001
3,5,23.87605009904621
3,5,10.514358436782812
2,5,28.363715034360062
2,5,25.368304107838476
2,5,29.7
2,5,18.431321727829385
2,5,14.228779044594571
2,5,28.414218549927153
2,5,29.7
2,5,15.601680893394272
2,5,12.776701876698924
2,5,19.187415300661236
2,5,26.52804494918997
2,5,1.6500000000000001
2,5,18.58919041135505
2,5,9.050995656517996
2,5,22.814191989862692
2,5,8.786597368127444
2,5,6.880332940904239
2,5,6.865925123256382
2,5,15.976413251231198
2,5,29.7
2,5,8.95819033808416
2,5,7.526083461238164
2,5,21.14838350455987
2,5,9.715237225059877
2,5,25.99650994721804
2,5,16.069755536084458
2,5,12.263369880566643
2,5,29.7
2,5,29.7
2,5,4.928755302279972
2,5,18.195128876122347
2,5,11.53332424614153
2,5,29.7
2,5,2.9457040875961944
2,5,29.7
2,5,21.746276017742804
2,5,17.488321814984463
2,5,11.044829468293846
2,5,23.54130948018892
2,5,22.01938329552872
2,5,29.7
2,5,14.438359264809419
2,5,20.412822043871895
2,5,14.283652989910587
2,5,5.1677428758260096
2,5,6.152524878456161
2,5,17.856716753158974
2,5,1.6500000000000001
2,5,25.573560049387126
2,5,24.703921627945995
2,5,20.82944805812517
2,5,29.647384857447392
2,5,26.80069086828884
2,5,8.656254657774006
2,5,15.238550139058209
2,5,1.6500000000000001
2,5,26.9709274005171
2,5,29.7
2,5,17.27563407212328
2,5,18.74205945210681
2,5,11.861933218247795
2,5,19.43498395606513
2,5,1.6500000000000001
2,5,15.549672003129892
2,5,21.803165726266442
2,5,5.486014876612954
2,5,23.555089131118613
2,5,24.052392705672084
2,5,1.6500000000000001
2,5,23.3015646609399
2,5,29.120769874395876
2,5,29.7
2,5,12.91957951625105
2,5,29.7
2,5,27.300865606656277
2,5,29.7
2,5,17.5740480148568
2,5,29.303627622470003
2,5,29.7
2,5,22.195237665705985
2,5,27.37068556928744
2,5,21.827076967405667
2,5,21.101448673804565
2,5,29.7
2,5,2.7293102936004665
2,5,1.6500000000000001
2,5,29.7
2,5,29.7
2,5,4.391379269188761
2,5,29.7
2,5,21.491938767275315
2,5,29.7
2,5,23.765293419788932
2,5,11.327525949289196
2,5,15.5304927034944
2,5,10.179229083216637
2,5,29.7
2,5,14.133696157761067
2,5,20.93931065132645
2,5,29.7
2,5,20.939199572005517
2,5,23.210757742594147
2,5,7.53524082621254
2,5,7.59698249414201
2,5,8.153157592237422
2,5,1.6500000000000001
2,5,29.7
2,5,24.69006073345846
2,5,21.754037021725814
2,5,4.890617447141128
2,5,28.155044610572233
2,5,1.6500000000000001
2,5,26.170185033553544
2,5,28.02420931336666
2,5,1.6500000000000001
2,5,5.562990453128318
2,5,17.018108351273213
2,5,21.70397016549335
2,5,28.139622365327735
2,5,1.6500000000000001
2,5,4.382543126469766
2,5,19.00059222797437
2,6,21.42999517357864
2,6,26.42644255847656
2,6,19.35297698952528
2,6,20.821498244671044
2,6,10.239101935729927
2,6,29.7
2,6,25.950184867950192
2,6,20.66993560006695
2,6,9.07911907258188
2,6,6.174580147938407
2,6,12.825182259479535
2,6,1.6500000000000001
2,6,27.506335803320944
2,6,29.7
2,6,14.332626666280916
2,6,13.366714391979535
2,6,24.507409427770725
2,6,12.89994719686527
2,6,11.317190366593165
2,6,27.01931140242029
2,6,29.7
2,6,6.55560536933973
2,6,16.127393697431657
2,6,1.6500000000000001
2,6,1.6500000000000001
2,6,25.890833398328095
2,6,29.7
2,6,28.82892671021462
2,6,14.628754731490947
2,6,29.7
2,6,29.7
2,6,9.136652676117409
2,6,1.6500000000000001
2,6,1.6500000000000001
2,6,29.7
2,6,24.48081484057743
2,6,24.31892886569116
2,6,7.8928272812157445
2,6,9.661680893620316
2,6,29.7
2,6,25.77334752460977
2,6,18.43143254596747
2,6,29.7
2,6,29.7
2,6,12.807628724050964
2,6,15.248793104185129
2,6,29.7
2,6,28.319346846057613
2,6,21.911175058553532
2,6,18.472630309878795
2,6,1.6500000000000001
2,6,29.143984763671845
2,6,5.50955310246048
2,6,8.878436741900769
2,6,25.618629503578653
2,6,23.337295645433212
2,6,18.89559107728592
2,6,1.6500000000000001
2,6,20.10800378574153
2,6,14.896585620998874
2,6,24.783501784949877
2,6,15.649682194846816
2,6,29.7
2,6,25.847170802498944
2,6,23.94831186890417
2,6,4.8736790274464
2,6,29.7
2,6,19.851368650387595
2,6,12.285908059698475
2,6,29.7
2,6,17.919370960570788
2,6,21.813326583136217
2,6,29.7
2,6,11.992546406661466
2,6,29.7
2,6,10.495992416690974
2,6,29.7
2,6,19.264112031569923
2,6,1.6500000000000001
2,6,26.44563385989141
2,6,29.7
2,6,26.287093232818894
2,6,29.39995009330655
2,6,14.16926071189166
2,6,29.7
2,6,28.936768424135927
2,6,29.7
2,6,11.140803621093452
2,6,13.605219073440395
2,6,18.09598390014067
2,6,18.317862274903185
2,6,1.6500000000000001
2,6,12.475576595422643
2,6,15.720670877027592
2,6,22.853873706560364
2,6,20.52888629141897
2,6,4.113376341021768
2,6,5.994858631901947
2,6,4.977560087080464
2,6,29.7
2,6,15.298699640694636
2,6,2.230901866056298
2,6,26.874411845249817
2,6,2.8709557021636414
2,6,29.7
2,6,6.138335555297051
2,6,5.175070095606264
2,6,29.291130337834456
2,6,29.7
2,6,13.521385519603317
2,6,17.70560420905526
2,6,29.7
2,6,5.760629045070347
2,6,18.41930227782238
2,6,25.264915799951392
2,6,13.446779555126048
2,6,13.686972035566928
2,6,18.04613436927608
2,6,16.904660025034385
2,6,12.584333227081526
2,6,10.158412411389723
2,6,29.7
2,7,13.426182996895815
2,7,20.635335373217107
2,7,14.17392524361269
2,7,21.87060508528407
2,7,23.781556045421254
2,7,29.7
2,7,1.6500000000000001
2,7,17.114285530928075
2,7,17.606629700727343
2,7,17.909224469619886
2,7,9.784761003610773
2,7,29.7
2,7,19.889301606400174
2,7,25.53214537823561
2,7,18.965300147311098
2,7,2.6495599835801666
2,7,18.912149017274373
2,7,6.924833804466116
2,7,15.047004407403481
2,7,29.7
2,7,27.319548454268592
2,7,6.305008646666327
2,7,28.131231628630708
2,7,1.6500000000000001
2,7,9.69663079726353
2,7,1.6500000000000001
2,7,29.7
2,7,25.942777622670462
2,7,29.7
2,7,13.428352377675225
2,7,14.722703462042428
2,7,1.6500000000000001
2,7,20.299119158852314
2,7,6.637184220369653
2,7,4.7816814256887366
2,7,1.6500000000000001
2,7,29.7
2,7,16.311613183078528
2,7,24.345063183756903
2,7,1.6500000000000001
2,7,15.488709762769652
2,7,5.980047399867855
2,7,29.7
2,7,29.7
2,7,1.6500000000000001
2,7,20.65298620115523
2,7,15.349673745105985
2,7,9.906993034207167
2,7,14.893964251183693
2,7,6.43178101080046
2,7,23.05519978990231
2,7,15.70459757703411
2,7,19.517542069162964
2,7,3.0790455522310456
2,7,14.078214996712653
2,7,16.140966799510732
2,7,14.199980126549145
2,7,7.373379442393517
2,7,11.54251526760945
2,7,20.535886366803645
2,7,18.85580970238286
2,7,29.7
2,7,27.4931124210189
2,7,29.7
2,7,15.666338173909011
2,7,18.940849019798264
2,7,29.7
2,7,20.377762912328514
2,7,9.810833112312183
2,7,13.702676345101262
2,7,12.803893692541001
2,7,25.60290050050738
2,7,22.030287331546173
2,7,22.547340808797742
2,7,29.7
2,7,28.198483552419972
2,7,4.392854961055848
2,7,6.60059443041993
2,7,13.364132226957535
2,7,24.14462875143377
2,7,10.893612171308693
2,7,12.215034733381618
2,7,1.6500000000000001
2,7,7.285028390093057
2,7,26.71116870793857
2,7,29.7
2,7,11.632065304926748
2,7,29.7
2,7,22.710582545032338
2,7,10.12820320718632
2,7,29.7
2,7,24.604029705811893
2,7,8.696176381743783
2,7,10.575794923533202
2,7,17.264973862220657
2,7,10.278111486474202
2,7,2.011952166075611
2,7,25.398505744449693
2,7,29.7
2,7,15.906273086748087
2,7,29.7
2,7,1.6500000000000001
2,7,23.048907330483594
2,7,11.340821369676865
2,7,29.7
2,7,14.786424205789842
2,7,20.664737957912703
2,7,8.8531438445632
2,7,29.7
2,7,26.965341525938136
2,7,19.68273783088231
2,7,11.92258534387192
2,7,17.586062990223645
2,7,14.28075174598235
2,7,3.4040450570128975
2,7,10.871271343143507
2,7,29.7
2,7,24.35749182934267
2,7,28.158128380331767
2,7,29.7
2,7,29.7
2,7,5.405388501307751
1,7,26.911493429378048
1,7,16.659029490300277
1,7,20.81130664071238
1,7,29.057109390150167
1,7,1.6500000000000001
1,7,25.95601131546796
1,7,18.678417521184535
1,7,29.7
1,7,12.093439488762801
1,7,9.102671603602436
1,7,21.552731997550868
1,7,24.939714364618094
1,7,14.113106543973418
1,7,9.158815375315697
1,7,1.6500000000000001
1,7,2.812492053775607
1,7,24.531547650716245
1,7,9.320058970384954
1,7,17.584412989778343
1,7,15.124572543109455
1,7,18.7112189177423
1,7,12.607362479617343
1,7,29.016009511804462
1,7,12.107763872949565
1,7,7.117564780656121
1,7,20.477559155966283
1,7,21.09086014825524
1,7,11.48498547082133
1,7,27.186086196693843
1,7,16.726610737805306
1,7,4.747602363219178
1,7,21.70889527944785
1,7,1.6500000000000001
1,7,22.161714043801673
1,7,16.78601862322425
1,7,15.869898560465053
1,7,1.6500000000000001
1,7,10.592281396081486
1,7,23.513190252147034
1,7,21.209568888722263
1,7,15.75442904844498
1,7,1.6500000000000001
1,7,17.728591268401768
1,7,5.879386165380508
1,7,15.270847826528575
1,7,25.075276107524807
1,7,11.553117366971307
1,7,18.38682238101672
1,7,11.780410498462189
1,7,1.6500000000000001
1,7,8.914049413760909
1,7,1.6500000000000001
1,7,24.46110638666343
1,7,29.7
1,7,29.62989079909854
1,7,28.17144288425013
1,7,13.484092226803849
1,7,29.7
1,7,19.978141963453673
1,7,29.7
1,7,19.32437675715475
1,7,22.10507743005309
1,7,17.8262721131043
1,7,2.5683289951323793
1,7,29.7
1,7,7.3371331318580335
1,7,7.3622428042635
1,7,22.76793745073743
1,7,23.029982705676183
1,7,18.22534513117546
1,7,21.575342344927407
1,7,1.6500000000000001
1,7,10.874269501050112
1,7,1.6500000000000001
1,7,29.7
1,7,12.615357961568836
1,7,19.495863213932445
1,7,17.40029595093891
1,7,1.6500000000000001
1,7,1.6500000000000001
1,7,29.7
1,7,15.826176034131565
1,7,5.656933084973376
1,7,23.109857549697658
1,7,10.505830398368715
1,7,5.480816404692016
1,7,17.22951313702317
1,7,16.023710468366247
1,7,16.931483896456182
1,7,29.7
1,7,17.675226826237004
1,7,17.356797848241452
1,7,13.016769107783677
1,7,29.7
1,7,29.7
1,7,3.1374922916659322
1,7,1.6500000000000001
1,7,9.142829744886651
1,7,28.61681814524062
1,7,29.50938113499626
1,7,28.35949186178702
1,7,4.504109339230128
1,7,9.829557055453037
1,7,8.58828814220545
1,7,9.19554404632552
1,7,4.56081330114535
1,7,22.999667659531166
1,7,16.476280996434017
1,7,6.055708062421756
1,7,13.360895573025807
1,7,22.238677089981948
1,7,8.435012197109268
1,7,1.6500000000000001
1,7,23.869102830719246
1,7,24.71173752389816
1,7,1.6500000000000001
1,7,3.7851372429267975
1,7,17.903730490319962
1,7,25.012836342355236
1,7,29.7
1,7,7.939650814977327
1,7,2.5719854682187115
1,8,13.10088748075389
1,8,11.060148201477514
1,8,1.6500000000000001
1,8,1.6500000000000001
1,8,1.6500000000000001
1,8,29.7
1,8,18.56093611841889
1,8,29.36739285609604
1,8,29.7
1,8,2.034148550890725
1,8,3.539383165921052
1,8,20.524199907700904
1,8,12.406813128379525
1,8,21.547605550787967
1,8,29.7
1,8,3.6256454019170903
1,8,27.85978503540173
1,8,1.6500000000000001
1,8,1.6500000000000001
1,8,9.419337302621607
1,8,14.684340740474921
1,8,29.7
1,8,8.470222507140058
1,8,15.465336378560055
1,8,7.745075959355214
1,8,1.6500000000000001
1,8,23.793689151537166
1,8,8.357676869621873
1,8,29.7
1,8,18.944459991499834
1,8,29.7
1,8,29.7
1,8,1.6500000000000001
1,8,27.61111204803637
1,8,9.07684160458524
1,8,9.168225663808155
1,8,8.80251985137678
1,8,29.7
1,8,2.321616820238887
1,8,5.598360402388964
1,8,29.7
1,8,9.57142263829038
1,8,14.008234684292816
1,8,29.7
1,8,28.903131278387363
1,8,26.948042106334192
1,8,2.259594289171453
1,8,27.311853693246206
1,8,5.792479951643246
1,8,12.100070019304486
1,8,26.525666799950585
1,8,21.93034902492224
1,8,1.6500000000000001
1,8,4.32861092230182
1,8,14.860121131181089
1,8,8.790561651554938
1,8,16.9832863274401
1,8,26.908344202004596
1,8,8.225899212616284
1,8,1.6500000000000001
1,8,28.594963535293026
1,8,6.188183402579893
1,8,24.082740782357234
1,8,13.495980908445937
1,8,22.892009411031978
1,8,1.6500000000000001
1,8,23.020428602237025
1,8,9.707850661075863
1,8,15.400827990237254
1,8,11.108250835963062
1,8,15.657591943292479
1,8,5.841144851360557
1,8,16.080389290493496
1,8,28.317351391709767
1,8,6.115736122600595
1,8,24.133675881385006
1,8,22.121517319373115
1,8,7.94463491107805
1,8,5.01803896631983
1,8,21.439193613591463
1,8,22.11970507774527
1,8,22.006387261774655
1,8,21.54356656842568
1,8,6.512472729612872
1,8,14.815067379292175
1,8,26.90569044589993
1,8,13.148828016220477
1,8,20.89964366339411
1,8,29.259348850938256
1,8,18.60482999027711
1,8,23.660991764659652
1,8,6.496330377364933
1,8,11.128898156692925
1,8,21.23239613465135
1,8,22.218298248235612
1,8,29.7
1,8,7.555755528469058
1,8,15.958525954978011
1,8,26.116537224596193
1,8,12.552893637144882
1,8,1.6500000000000001
1,8,21.063817860362818
1,8,24.262920104419138
1,8,15.668330002059694
1,8,29.7
1,8,14.093497129452283
1,8,1.6500000000000001
1,8,29.7
1,8,29.7
1,8,22.078043438866537
1,8,24.17579069648123
1,8,17.57907768307968
1,8,4.396543823338579
1,8,3.063493129938742
1,8,15.340586295625341
1,8,1.6500000000000001
1,8,7.193815854212835
1,8,28.165946655053943
1,8,20.931868095364642
1,8,3.1413338338791377
1,8,22.259584737941587
1,8,14.889837974310742
1,8,1.6500000000000001
1,9,17.838113942202888
1,9,29.7
1,9,29.7
1,9,21.105064782324167
1,9,22.1635114277081
1,9,29.7
1,9,18.54776935972471
1,9,1.6500000000000001
1,9,29.7
1,9,8.49706430790788
1,9,19.176864854796314
1,9,29.7
1,9,17.050736973573752
1,9,6.533668806624577
1,9,18.283321483078513
1,9,3.423951914528308
1,9,25.235605127037623
1,9,1.6500000000000001
1,9,2.941170675040084
1,9,20.30297575555984
1,9,8.112703991340258
1,9,1.6500000000000001
1,9,20.750796115808583
1,9,11.338400786327224
1,9,18.989955281154504
1,9,8.951277085363845
1,9,3.600518941582859
1,9,29.7
1,9,29.7
1,9,29.7
1,9,18.92466031523722
1,9,1.6500000000000001
1,9,29.7
1,9,8.518356281364069
1,9,26.40454178267425
1,9,4.972825579694648
1,9,4.02148550200179
1,9,10.534515961900256
1,9,1.6500000000000001
1,9,11.618482544863387
1,9,29.7
1,9,12.549191442583975
1,9,10.310111796206336
1,9,10.463269621288852
1,9,1.6500000000000001
1,9,29.7
1,9,4.84694254367618
1,9,25.3231106098616
1,9,1.6500000000000001
1,9,21.066957813977183
1,9,12.233474742216524
1,9,24.34337189375823
1,9,5.4595802197168535
1,9,29.7
1,9,10.608962880037142
1,9,29.7
1,9,5.966114680388623
1,9,1.6500000000000001
1,9,29.7
1,9,19.15865228862669
1,9,3.2481089617804777
1,9,14.452409097908575
1,9,1.6500000000000001
1,9,29.7
1,9,27.787057564602144
1,9,18.90491597855536
1,9,1.6500000000000001
1,9,20.276304004251216
1,9,5.617899104753628
1,9,8.146480926875846
1,9,29.296470145057746
1,9,28.426677012061354
1,9,1.6500000000000001
1,9,17.461690933256836
1,9,7.161335441809333
1,9,1.6500000000000001
1,9,29.7
1,9,16.651032563181122
1,9,8.641378855653631
1,9,8.970023971854566
1,9,14.977181281280842
1,9,23.34697777297215
1,9,11.352739179036709
1,9,19.718399925584137
1,9,25.126805964293975
1,9,13.891000546156555
1,9,29.7
1,9,12.079021075336318
1,9,20.065142164276143
1,9,29.7
1,9,15.894530230980234
1,9,7.0192241409126455
1,9,15.636233875616224
1,9,23.798361086745018
1,9,27.917233048828912
1,9,9.254877809115587
1,9,9.534325518958342
1,9,17.68687957321096
1,9,9.839314198293826
1,9,14.531100401327807
1,9,28.915536427715573
1,9,29.7
1,9,13.435866517381681
1,9,29.7
1,9,1.6500000000000001
1,9,13.377679057514877
1,9,29.7
1,9,18.766742996733043
1,9,25.82125328501288
1,9,1.6500000000000001
1,9,8.674210551349198
1,9,29.7
1,9,11.664883422038907
1,9,15.672550258931969
1,9,13.508347533430088
1,9,4.2030825090185395
1,9,27.00736294433295
1,9,1.6500000000000001
1,9,8.802654270823856
1,9,29.7
1,9,12.95937194328754
1,9,4.033827140828267
0,9,13.296301396722056
0,9,20.59614306895585
0,9,20.63211203855583
0,9,19.21920736560705
0,9,28.557059956310034
0,9,29.7
0,9,1.6500000000000001
0,9,17.708270109792615
0,9,29.7
0,9,17.68389820645953
0,9,18.476561864793982
0,9,1.6500000000000001
0,9,1.6500000000000001
0,9,19.375150798946194
0,9,19.707617922943314
0,9,22.651046547551367
0,9,1.6500000000000001
0,9,25.479952483067596
0,9,16.48253635252338
0,9,15.13635260242768
0,9,15.180039102448033
0,9,14.62786091951655
0,9,1.6500000000000001
0,9,1.6500000000000001
0,9,17.442099408867723
0,9,11.052273706461506
0,9,29.7
0,9,23.649487530045135
0,9,1.6500000000000001
0,9,29.056175308950635
0,9,14.581903100823933
0,9,1.6500000000000001
0,9,16.20789622006154
0,9,1.6500000000000001
0,9,24.655966986280852
0,9,11.007144393741676
0,9,1.6500000000000001
0,9,4.202535644866423
0,9,23.835366003650247
0,9,26.651779626842956
0,9,1.6500000000000001
0,9,22.041682758875936
0,9,16.761355981940238
0,9,1.6500000000000001
0,9,7.6062918607099
0,9,9.202094080448926
0,9,29.7
0,9,20.716863319587034
0,9,2.109650402576742
0,9,1.9323127813117367
0,9,25.78500883999716
0,9,4.039124217389377
0,9,13.680383943565296
0,9,11.826047130515406
0,9,1.6500000000000001
0,9,1.6500000000000001
0,9,19.280125186255795
0,9,19.89864786101939
0,9,29.7
0,9,1.6500000000000001
0,9,20.57201826070724
0,9,10.059539012024041
0,9,25.784607971865242
0,9,10.178532805997632
0,9,27.251468117001252
0,9,26.419650414902485
0,9,20.997057768455946
0,9,1.6500000000000001
0,9,20.498918877687714
0,9,19.044235511455298
0,9,3.6885944551929644
0,9,21.4453732247783
0,9,25.321822175619754
0,9,27.15829944406746
0,9,3.9950800136157856
0,9,22.625047642333215
0,9,13.438437222888812
0,9,1.6500000000000001
0,9,19.90031963579837
0,9,5.51697379671676
0,9,7.644699782013472
0,9,10.53486716437807
0,9,21.72819678960159
0,9,5.110251523414213
0,9,1.6500000000000001
0,9,10.472965316010672
0,9,7.541468011109798
0,9,15.616551921259472
0,9,25.253759143107082
0,9,18.639266903881566
0,9,1.6500000000000001
0,9,29.7
0,9,15.031676732191857
0,9,29.7
0,9,7.732046143848938
0,9,22.930459161621975
0,9,27.089622293526894
0,9,1.6500000000000001
0,9,8.727558449072802
0,9,6.302260328505808
0,9,12.195830349195024
0,9,5.984212536538471
0,9,1.6500000000000001
0,9,1.6500000000000001
0,9,15.047795588768134
0,9,29.069568886293983
0,9,9.766179870743942
0,9,1.6500000000000001
0,9,21.426400189997388
0,9,29.7
0,9,1.6500000000000001
0,9,24.54530241869007
0,9,13.730147431245527
0,9,15.770989276120641
0,9,26.84276142600472
0,9,23.09985282311275
0,9,6.9400097685979745
0,9,29.7
0,9,1.6500000000000001
0,9,22.019780618675757
0,9,5.390624910512578
0,9,1.6500000000000001
-1,9,22.35373533378457
-1,9,21.31935890107507
-1,9,15.055017795275045
-1,9,9.544014811888465
-1,9,29.7
-1,9,29.7
-1,9,1.6500000000000001
-1,9,16.410410076438133
-1,9,29.7
-1,9,7.401963202562823
-1,9,23.757724296622865
-1,9,8.154319115303835
-1,9,26.206775315484705
-1,9,1.7321943313595956
-1,9,29.7
-1,9,14.750033894129434
-1,9,3.740917128709638
-1,9,4.125455033591226
-1,9,14.931223181269134
-1,9,29.7
-1,9,12.584885846814112
-1,9,18.12742422011496
-1,9,9.093431983293137
-1,9,22.331142757009122
-1,9,2.7329349825271603
-1,9,15.884030821706252
-1,9,9.98694822836195
-1,9,26.847835784620166
-1,9,8.688026662487141
-1,9,1.6500000000000001
-1,9,1.6500000000000001
-1,9,29.7
-1,9,2.4932022867102273
-1,9,5.688889888677572
-1,9,1.6500000000000001
-1,9,18.759103038236407
-1,9,13.890276052367478
-1,9,29.7
-1,9,18.529451224995316
-1,9,10.437174711301676
-1,9,24.062686659712092
-1,9,28.585528258831168
-1,9,9.33982236963227
-1,9,6.938514579277412
-1,9,13.470930162661539
-1,9,2.925440679727842
-1,9,10.973997983465177
-1,9,21.40078667671374
-1,9,13.124972238550962
-1,9,26.373191017361453
-1,9,29.7
-1,9,13.436281048418373
-1,9,29.7
-1,9,20.822040306808468
-1,9,4.708429260134504
-1,9,1.6500000000000001
-1,9,24.1942421010741
-1,9,12.043047496754784
-1,9,6.828502849684259
-1,9,10.314841994155644
-1,9,1.6500000000000001
-1,9,29.7
-1,9,11.084454515586586
-1,9,10.9563524997557
-1,9,24.970473668413156
-1,9,16.29004589904996
-1,9,1.6500000000000001
-1,9,19.337673012816758
-1,9,19.690566236383326
-1,9,13.811248927595983
-1,9,24.177798299427764
-1,9,21.351327872234627
-1,9,29.7
-1,9,19.06458396372276
-1,9,29.7
-1,9,24.485628949035277
-1,9,9.128598645966107
-1,9,11.828660705290364
-1,9,1.6500000000000001
-1,9,28.828472104911068
-1,9,18.97197434014066
-1,9,21.423829383861456
-1,9,10.765933018480677
-1,9,21.781363749711474
-1,9,17.77064109988752
-1,9,1.6500000000000001
-1,9,1.6500000000000001
-1,9,29.7
-1,9,7.213655882363029
-1,9,7.8991920272403755
-1,9,20.845719066285103
-1,9,20.493021294691765
-1,9,9.329964644696219
-1,9,29.7
-1,9,13.646590994353007
-1,9,16.1126496179969
-1,9,19.223492587175976
-1,9,24.293139701722133
-1,9,7.6094301546377805
-1,9,17.654323189203907
-1,9,16.020168469048393
-1,9,27.41603018807217
-1,9,22.444592642953957
-1,9,7.619079843010265
-1,9,1.6500000000000001
-1,9,6.895484658964918
-1,9,29.7
-1,9,1.6500000000000001
-1,9,24.053547402999783
-1,9,24.16215248068928
-1,9,8.195968348584515
-1,9,29.7
-1,9,25.52922909132382
-1,9,4.936730546047067
-1,9,1.6500000000000001
-1,9,2.899479964258388
-1,9,11.505745422295664
-1,9,29.7
-1,9,27.068302615008996
-1,9,21.172042216313802
-1,9,10.282060869716805
-1,9,17.88053968580716
-2,9,11.330227646739555
-2,9,22.050299189098467
-2,9,8.951703714394203
-2,9,12.47794908966991
-2,9,1.6500000000000001
-2,9,13.318353169015515
-2,9,23.374998506125525
-2,9,12.749972071293586
-2,9,1.6500000000000001
-2,9,29.7
-2,9,2.0921678887933712
-2,9,1.6500000000000001
-2,9,1.6500000000000001
-2,9,1.6500000000000001
-2,9,25.834317106140354
-2,9,3.657142879077167
-2,9,21.8367122862111
-2,9,1.6500000000000001
-2,9,12.217820739258878
-2,9,1.6500000000000001
-2,9,29.323462373550502
-2,9,11.657413615485106
-2,9,17.06905906030376
-2,9,23.090770043409165
-2,9,18.997727479662245
-2,9,9.631083808491326
-2,9,3.0090173816123738
-2,9,14.412298746165066
-2,9,16.772139569617895
-2,9,9.110354817638239
-2,9,27.485846176265778
-2,9,29.7
-2,9,1.6500000000000001
-2,9,1.6500000000000001
-2,9,10.398073216116483
-2,9,1.6500000000000001
-2,9,15.750560201870577
-2,9,8.574180725954822
-2,9,1.6500000000000001
-2,9,14.609303182039923
-2,9,22.166642623046283
-2,9,11.164892844346518
-2,9,5.526244932811254
-2,9,1.6500000000000001
-2,9,29.7
-2,9,16.849263636997673
-2,9,6.107664738502746
-2,9,14.102970168590495
-2,9,7.3058625689070835
-2,9,6.255746615461719
-2,9,29.7
-2,9,1.6500000000000001
-2,9,1.6500000000000001
-2,9,8.459019381013897
-2,9,5.63901870630752
-2,9,17.31785641166851
-2,9,29.7
-2,9,16.454109315984898
-2,9,11.963200156222918
-2,9,29.7
-2,9,29.7
-2,9,10.371581608752784
-2,9,29.7
-2,9,14.223378458406469
-2,9,13.85306315949693
-2,9,8.866089619194806
-2,9,12.637227182176337
-2,9,14.442688422691166
-2,9,11.806588047550424
-2,9,16.077369873386445
-2,9,3.3873434895736185
-2,9,1.6500000000000001
-2,9,10.870376597208704
-2,9,15.800614452834983
-2,9,1.6500000000000001
-2,9,19.122997644714818
-2,9,1.6500000000000001
-2,9,29.000701784323805
-2,9,20.220010835665857
-2,9,1.6500000000000001
-2,9,9.980058937022942
-2,9,29.7
-2,9,1.6500000000000001
-2,9,25.198063633502862
-2,9,25.28414590068561
-2,9,24.17432459536375
-2,9,11.914668920724385
-2,9,1.6500000000000001
-2,9,16.562323623144405
-2,9,1.6500000000000001
-2,9,11.589519765316766
-2,9,24.601507856118413
-2,9,29.7
-2,9,29.7
-2,9,9.239631592252726
-2,9,1.6500000000000001
-2,9,22.03169827623441
-2,9,5.81401985492934
-2,9,1.6500000000000001
-2,9,1.6500000000000001
-2,9,28.73436065747969
-2,9,8.848923308451516
-2,9,29.7
-2,9,1.6500000000000001
-2,9,5.864560051439893
-2,9,5.644228274343911
-2,9,12.903765195119226
-2,9,29.7
-2,9,14.629741559394466
-2,9,29.7
-2,9,19.41877104813076
-2,9,15.122228017246663
-2,9,6.5133755681728625
-2,9,28.2946830372342
-2,9,7.370677293111902
-2,9,29.7
-2,9,13.682107502960953
-2,9,16.1047735352417
-2,9,29.28390651284598
-2,9,18.46686078947721
-2,9,1.6500000000000001
-2,9,16.244920688034046
-2,10,1.6500000000000001
-2,10,25.077069517781027
-2,10,29.7
-2,10,1.6500000000000001
-2,10,1.6500000000000001
-2,10,14.98311936872409
-2,10,1.6500000000000001
-2,10,12.209525106096635
-2,10,9.203480793959972
-2,10,12.667306433194058
-2,10,18.246604686556957
-2,10,1.6500000000000001
-2,10,1.6500000000000001
-2,10,9.875659612934635
-2,10,17.473326689476224
-2,10,8.873350709219913
-2,10,6.4627580673980285
-2,10,5.288861791935625
-2,10,16.195091787247353
-2,10,16.3467040213937
-2,10,23.598152298018967
-2,10,1.6500000000000001
-2,10,1.6500000000000001
-2,10,17.797739756096156
-2,10,29.7
-2,10,29.7
-2,10,24.290021724695013
-2,10,29.7
-2,10,14.83348450498678
-2,10,8.07827213542176
-2,10,29.7
-2,10,22.328028341318525
-2,10,27.232599428401244
-2,10,20.668230087846624
-2,10,1.6500000000000001
-2,10,1.6500000000000001
-2,10,7.311225724896676
-2,10,18.473350656412435
-2,10,29.7
-2,10,8.98152066801157
-2,10,1.6500000000000001
-2,10,15.505844123428846
-2,10,15.531965220855216
-2,10,26.32785594227217
-2,10,15.87575322375414
-2,10,8.005916440230141
-2,10,1.6500000000000001
-2,10,23.455705325493557
-2,10,22.423711781432814
-2,10,26.41504621184247
-2,10,5.696077712127974
-2,10,12.77593061051033
-2,10,17.732043844500797
-2,10,18.260031077129256
-2,10,9.695336469182058
-2,10,24.561973791424236
-2,10,1.6500000000000001
-2,10,4.726442707140254
-2,10,13.886760098047356
-2,10,1.6500000000000001
-2,10,29.7
-2,10,29.7
-2,10,1.6500000000000001
-2,10,5.860040171819909
-2,10,29.7
-2,10,19.34230402018629
-2,10,29.7
-2,10,1.6500000000000001
-2,10,2.0988119179968656
-2,10,1.6500000000000001
-2,10,6.549220047191717
-2,10,26.1378895960465
-2,10,9.780871348021101
-2,10,22.245600440741228
-2,10,23.801497261396932
-2,10,29.7
-2,10,28.698581553768626
-2,10,10.003601064437847
-2,10,25.22960282508559
-2,10,20.24649623476527
-2,10,1.6500000000000001
-2,10,15.06760440174255
-2,10,11.259118677331202
-2,10,1.6500000000000001
-2,10,29.7
-2,10,1.6500000000000001
-2,10,1.6500000000000001
-2,10,18.017774475167506
-2,10,2.9126548041648324
-2,10,5.402746536337148
-2,10,1.6500000000000001
-2,10,12.198206690700045
-2,10,2.6273503765943547
-2,10,1.6500000000000001
-2,10,26.87719989583155
-2,10,2.382212659788318
-2,10,6.672326094980002
-2,10,1.6500000000000001
-2,10,17.68779437033543
-2,10,29.7
-2,10,7.076750700675043
-2,10,9.820607092740277
-2,10,29.131567701741
-2,10,20.17024440259805
-2,10,29.7
-2,10,15.798289212357654
-2,10,1.6500000000000001
-2,10,1.6500000000000001
-2,10,15.345728774603252
-2,10,29.7
-2,10,8.783646047418049
-2,10,23.94648316223575
-2,10,4.719337110514603
-2,10,16.028063504280496
-2,10,12.591211418176345
-2,10,21.51309327292413
-2,10,29.7
-2,10,1.6500000000000001
-2,10,1.6500000000000001
-2,10,6.694996561476086
-2,10,23.17790093585627
-2,10,1.6500000000000001
-2,10,15.993790439680646
-3,10,5.298474510605934
-3,10,12.986564848170042
-3,10,12.035925399824647
-3,10,1.6500000000000001
-3,10,5.22311960505858
-3,10,25.279232847102804
-3,10,1.6500000000000001
-3,10,1.6500000000000001
-3,10,11.586718895290764
-3,10,27.59863672768069
-3,10,16.907257118309083
-3,10,19.254411885843904
-3,10,25.50725132799542
-3,10,1.6500000000000001
-3,10,18.64041903472816
-3,10,3.428193340013877
-3,10,13.817926814683958
-3,10,22.88673157827956
-3,10,23.96191115952213
-3,10,26.323042600928712
-3,10,11.610239053703975
-3,10,1.6500000000000001
-3,10,23.726101214031132
-3,10,4.919933689938105
-3,10,20.38595681116948
-3,10,13.83257228325759
-3,10,9.271833993399879
-3,10,24.968972068317086
-3,10,1.6500000000000001
-3,10,1.6500000000000001
-3,10,13.884941545779956
-3,10,2.7231801580163637
-3,10,16.97105321445701
-3,10,11.129603471852956
-3,10,29.7
-3,10,1.6500000000000001
-3,10,29.0317862642393
-3,10,1.6500000000000001
-3,10,19.0595020601735
-3,10,11.984309246518954
-3,10,1.6500000000000001
-3,10,1.6500000000000001
-3,10,17.640972518803288
-3,10,13.264875641514198
-3,10,13.846036732317616
-3,10,1.6500000000000001
-3,10,20.420894950025804
-3,10,1.6500000000000001
-3,10,26.281826297817084
-3,10,10.811459808539276
-3,10,1.6500000000000001
-3,10,15.106804331132816
-3,10,11.101236661354003
-3,10,16.791188960710848
-3,10,29.364363483252298
-3,10,25.668462457977103
-3,10,1.6500000000000001
-3,10,13.19021393349342
-3,10,1.6500000000000001
-3,10,16.793604971937377
-3,10,20.274769717603796
-3,10,3.3075269716559017
-3,10,8.554333499420828
-3,10,18.5826534901941
-3,10,1.6500000000000001
-3,10,13.878302278832544
-3,10,19.556406384340413
-3,10,15.656915422924751
-3,10,25.342571623404403
-3,10,25.02363898111931
-3,10,1.6500000000000001
-3,10,1.6500000000000001
-3,10,29.7
-3,10,10.598794139418777
-3,10,1.6500000000000001
-3,10,1.6500000000000001
-3,10,20.702955204488852
-3,10,1.6500000000000001
-3,10,10.658997915867491
-3,10,29.7
-3,10,16.592775038877782
-3,10,3.6236707384445994
-3,10,9.292491131127566
-3,10,19.29530587895993
-3,10,17.86422898704738
-3,10,1.6500000000000001
-3,10,5.1459270509330475
-3,10,19.771057794297935
-3,10,20.329933440464853
-3,10,1.6500000000000001
-3,10,16.234591970379682
-3,10,19.50388393535525
-3,10,29.7
-3,10,18.322195611206265
-3,10,1.6500000000000001
-3,10,21.727915382598383
-3,10,8.975261730384942
-3,10,26.14242312477152
-3,10,3.8905255177505866
-3,10,18.82570943739608
-3,10,1.6500000000000001
-3,10,15.88858932490394
-3,10,1.6500000000000001
-3,10,7.689188751032446
-3,10,14.362745954303747
-3,10,6.649014399895159
-3,10,5.5071935292561385
-3,10,9.443819808583495
-3,10,28.145929707218922
-3,10,9.88288463729505
-3,10,1.6500000000000001
-3,10,1.6500000000000001
-3,10,29.7
-3,10,1.6500000000000001
-3,10,3.6055683522262614
-3,10,1.6500000000000001
-3,10,13.030479269143523
-3,10,23.457922787093278
-3,10,1.7680839050823511
-3,10,25.18352517693389
-3,10,1.6500000000000001
-3,10,2.409730277995455
-4,10,22.319329967570056
-4,10,15.134245475916995
-4,10,18.923748408749287
-4,10,15.444951268549573
-4,10,14.771925775992433
-4,10,9.933736560710404
-4,10,13.719520257743246
-4,10,21.788541004812735
-4,10,7.467787644280363
-4,10,26.267458431497477
-4,10,14.119284614605332
-4,10,1.6500000000000001
-4,10,1.6500000000000001
-4,10,1.6500000000000001
-4,10,23.11708894442251
-4,10,1.6500000000000001
-4,10,8.92784476145966
-4,10,1.6500000000000001
-4,10,29.7
-4,10,28.799063466405638
-4,10,29.7
-4,10,1.6500000000000001
-4,10,12.465287834207851
-4,10,5.613656304840825
-4,10,29.7
-4,10,8.312246265206717
-4,10,9.424620492117153
-4,10,1.6500000000000001
-4,10,6.05862676981846
-4,10,21.671008076568615
-4,10,29.7
-4,10,2.5330708174039476
-4,10,13.353074004264098
-4,10,1.7090388053633054
-4,10,29.7
-4,10,16.323655036812035
-4,10,29.7
-4,10,6.2394717328102525
-4,10,21.85181916109702
-4,10,1.6500000000000001
-4,10,1.6500000000000001
-4,10,17.9321421245228
-4,10,9.0991572618835
-4,10,1.9917448659172434
-4,10,6.670178279965624
-4,10,28.791068914158252
-4,10,13.206876060696366
-4,10,1.6500000000000001
-4,10,7.584941183154635
-4,10,1.6500000000000001
-4,10,19.86186114526135
-4,10,29.7
-4,10,11.379805786451058
-4,10,23.599478816059595
-4,10,15.597529362814875
-4,10,1.6500000000000001
-4,10,1.6500000000000001
-4,10,9.013474098978836
-4,10,1.6500000000000001
-4,10,18.250092965214243
-4,10,1.6500000000000001
-4,10,3.919727536048663
-4,10,2.8823252880223835
-4,10,5.350240950224505
-4,10,3.557941564427109
-4,10,18.328213848699402
-4,10,10.224492428314388
-4,10,7.254943759944096
-4,10,5.276237540575522
-4,10,2.0024520346693393
-4,10,20.8354545739969
-4,10,15.402314073705218
-4,10,2.9152782418209977
-4,10,1.6500000000000001
-4,10,1.6500000000000001
-4,10,21.358855483379788
-4,10,23.612338134193607
-4,10,1.6500000000000001
-4,10,20.038067274870926
-4,10,29.7
-4,10,1.6500000000000001
-4,10,9.770186608657102
-4,10,4.834761490904982
-4,10,17.159049412107407
-4,10,16.577360164337314
-4,10,13.883806422141868
-4,10,1.6500000000000001
-4,10,19.97824367346401
-4,10,8.30541395661205
-4,10,15.771822631730691
-4,10,2.0012912728958945
-4,10,1.6500000000000001
-4,10,1.6500000000000001
-4,10,6.855457526984814
-4,10,1.6500000000000001
-4,10,15.385919514776809
-4,10,1.6500000000000001
-4,10,6.883898651284688
-4,10,12.047879184445833
-4,10,1.6500000000000001
-4,10,1.6500000000000001
-4,10,17.15165469241468
-4,10,26.769421596803447
-4,10,21.925952459306647
-4,10,16.57553703270886
-4,10,1.6500000000000001
-4,10,12.740609702707664
-4,10,16.975518276844532
-4,10,4.938129588548502
-4,10,1.6500000000000001
-4,10,1.6500000000000001
-4,10,6.946930791636992
-4,10,26.494369580198626
-4,10,17.973009852147033
-4,10,8.746425773104033
-4,10,26.173007144383785
-4,10,9.629254890127243
-4,10,12.617969017219465
-4,10,1.6500000000000001
-4,10,3.721566919218974
-4,10,12.999027670320658
-4,10,25.488416773392863
-4,11,6.9309289886819245
-4,11,8.503291192157764
-4,11,4.556370106157599
-4,11,6.630269854989246
-4,11,17.214523233040314
-4,11,2.8063071797093917
-4,11,12.573799506526674
-4,11,16.23906873543616
-4,11,9.265996785939674
-4,11,1.6500000000000001
-4,11,17.438656465698482
-4,11,1.6500000000000001
-4,11,29.7
-4,11,13.968475608745518
-4,11,15.286952718977874
-4,11,25.12333380599941
-4,11,7.120986795163164
-4,11,1.6500000000000001
-4,11,24.452294256275415
-4,11,1.6500000000000001
-4,11,18.707211519130077
-4,11,11.60835653225927
-4,11,18.532315338459718
-4,11,1.6500000000000001
-4,11,24.24933654507973
-4,11,6.173447212144602
-4,11,24.094896646482777
-4,11,19.304474604308894
-4,11,29.7
-4,11,16.69987034504781
-4,11,8.84455544636655
-4,11,5.195555528802747
-4,11,1.6500000000000001
-4,11,27.06363290903531
-4,11,1.6500000000000001
-4,11,26.029188824027628
-4,11,1.6500000000000001
-4,11,9.998079074438671
-4,11,1.6500000000000001
-4,11,18.541902108109284
-4,11,1.6500000000000001
-4,11,29.7
-4,11,29.7
-4,11,24.371637197039195
-4,11,4.207387258474962
-4,11,9.811080499543985
-4,11,4.658377841802667
-4,11,1.6500000000000001
-4,11,7.744698228116615
-4,11,1.6500000000000001
-4,11,26.28212878467059
-4,11,11.827696284145105
-4,11,16.1414479767366
-4,11,15.824599628639868
-4,11,19.61184656824343
-4,11,1.6500000000000001
-4,11,1.6500000000000001
-4,11,17.03838384717881
-4,11,10.709330732174246
-4,11,16.094783052535686
-4,11,1.6500000000000001
-4,11,3.950575905468315
-4,11,6.595188125755833
-4,11,29.7
-4,11,27.040553217744872
-4,11,1.6500000000000001
-4,11,2.0781391377841487
-4,11,1.6500000000000001
-4,11,2.95193730544086
-4,11,19.05339655723003
-4,11,19.870334279617154
-4,11,29.7
-4,11,18.599184505739196
-4,11,18.35344915949767
-4,11,12.086321562407079
-4,11,11.699250702259604
-4,11,27.016291844061143
-4,11,29.7
-4,11,14.308480829606918
-4,11,2.7002836797210836
-4,11,1.6500000000000001
-4,11,1.6500000000000001
-4,11,16.18760175743165
-4,11,1.6500000000000001
-4,11,1.6500000000000001
-4,11,13.719042266250176
-4,11,16.730226950540345
-4,11,7.0821958755699725
-4,11,5.110265002730725
-4,11,6.171871835953201
-4,11,29.7
-4,11,14.503877999940453
-4,11,29.7
-4,11,1.6500000000000001
-4,11,18.005145835066266
-4,11,29.7
-4,11,1.6500000000000001
-4,11,16.859977431693107
-4,11,19.954255679768742
-4,11,1.6500000000000001
-4,11,8.212665958393586
-4,11,1.6500000000000001
-4,11,2.901512396541893
-4,11,20.577794798199236
-4,11,14.489398029910356
-4,11,9.94664663903059
-4,11,18.13281113364107
-4,11,11.24952290119649
-4,11,16.21298478775523
-4,11,18.747421384898445
-4,11,19.501367770363842
-4,11,7.602929795953975
-4,11,20.982739013710884
-4,11,28.632423285809587
-4,11,6.344689172159683
-4,11,11.036665640008001
-4,11,1.6500000000000001
-4,11,21.02103745353635
-4,11,13.941759279894907
-4,11,16.509378966364416
-4,11,17.790006451195538
-4,11,1.6500000000000001
-5,11,26.4462753286859
-5,11,12.125740208550868
-5,11,1.6500000000000001
-5,11,26.33918163203485
-5,11,14.631874339113013
-5,11,25.046042697463633
-5,11,21.33553050988901
-5,11,1.6500000000000001
-5,11,3.6585827997720717
-5,11,10.805662572421708
-5,11,1.6500000000000001
-5,11,8.01519423410889
-5,11,1.6500000000000001
-5,11,29.7
-5,11,7.79665619941547
-5,11,1.6500000000000001
-5,11,1.6500000000000001
-5,11,2.368271761455224
-5,11,21.854135198495634
-5,11,6.594788797732022
-5,11,16.864813070781977
-5,11,19.121984955711937
-5,11,12.038969567578322
-5,11,3.3188753141737255
-5,11,1.6500000000000001
-5,11,1.6500000000000001
-5,11,10.845059562156043
-5,11,16.285469652432532
-5,11,15.213853313545888
-5,11,13.892590431413396
-5,11,9.4933080939087
-5,11,12.139727067588145
-5,11,13.418957740488633
-5,11,19.305996154031618
-5,11,1.6500000000000001
-5,11,18.75210562668362
-5,11,1.6500000000000001
-5,11,1.6500000000000001
-5,11,1.6500000000000001
-5,11,17.925043737111945
-5,11,1.6500000000000001
-5,11,4.386726001208704
-5,11,12.65636216032572
-5,11,1.6500000000000001
-5,11,10.957219240438144
-5,11,1.6500000000000001
-5,11,1.6500000000000001
-5,11,16.141614908082307
-5,11,13.016380973963827
-5,11,1.6500000000000001
-5,11,12.096705623164919
-5,11,6.2253135505379715
-5,11,22.62565209431132
-5,11,10.930572872129076
-5,11,1.6500000000000001
-5,11,28.232514253771154
-5,11,7.627320860702888
-5,11,6.668235876190205
-5,11,1.6500000000000001
-5,11,1.6500000000000001
-5,11,29.7
-5,11,3.870683108638614
-5,11,12.219150043046712
-5,11,12.190245759013967
-5,11,26.190619480952535
-5,11,14.37190545314941
-5,11,3.1885147463295462
-5,11,5.2267142755141345
-5,11,20.896111439941073
-5,11,29.7
-5,11,1.8963796339986576
-5,11,1.6500000000000001
-5,11,21.14352890628018
-5,11,13.647554900745835
-5,11,6.822216037137724
-5,11,4.981078856228147
-5,11,1.6500000000000001
-5,11,12.645219664958024
-5,11,14.897590655909749
-5,11,20.026407012457334
-5,11,1.6500000000000001
-5,11,1.6500000000000001
-5,11,20.806001872739802
-5,11,13.649645158316492
-5,11,29.7
-5,11,2.3789789877794396
-5,11,14.438735312167703
-5,11,13.505860400363762
-5,11,1.6500000000000001
-5,11,1.6500000000000001
-5,11,1.6500000000000001
-5,11,1.6500000000000001
-5,11,19.411481822558926
-5,11,11.310998196748821
-5,11,1.6500000000000001
-5,11,17.08334719097798
-5,11,16.022364520213266
-5,11,5.679029253110577
-5,11,5.426133391657276
-5,11,6.9996876185534465
-5,11,17.898348642010554
-5,11,1.6500000000000001
-5,11,17.121773372638835
-5,11,1.6500000000000001
-5,11,1.6500000000000001
-5,11,27.569894241595264
-5,11,1.6500000000000001
-5,11,1.6500000000000001
-5,11,26.95317564008625
-5,11,14.717024253691623
-5,11,1.6500000000000001
-5,11,22.32548098508964
-5,11,14.102473553756344
-5,11,7.495770048458731
-5,11,1.6500000000000001
-5,11,3.9455122971583245
-5,11,23.238432234265023
-5,11,1.6500000000000001
-5,11,1.6500000000000001
-5,11,1.6500000000000001
-5,11,17.294276130397016
-5,11,15.006011436296484
-5,11,1.6500000000000001
-6,11,12.331267102860277
-6,11,1.6500000000000001
-6,11,29.7
-6,11,7.592171294510834
-6,11,8.296619736572833
-6,11,10.419547346352008
-6,11,17.790741758344637
-6,11,15.27597238589808
-6,11,1.6500000000000001
-6,11,29.7
-6,11,18.255344497925602
-6,11,7.817243680933316
-6,11,1.6500000000000001
-6,11,3.0264243873961343
-6,11,10.658834078979718
-6,11,1.6500000000000001
-6,11,14.013855880743431
-6,11,17.383194114585027
-6,11,1.6500000000000001
-6,11,12.616479560001771
-6,11,29.7
-6,11,18.862008867398888
-6,11,17.15210895348379
-6,11,1.6500000000000001
-6,11,1.6500000000000001
-6,11,26.115803270555592
-6,11,8.534486504545521
-6,11,11.32801276781263
-6,11,2.2499462769313023
-6,11,29.7
-6,11,13.367206281399545
-6,11,8.768706060771011
-6,11,29.7
-6,11,1.6500000000000001
-6,11,16.92803919385983
-6,11,12.126706680662977
-6,11,6.181466183945028
-6,11,29.7
-6,11,1.6500000000000001
-6,11,6.472311292354221
-6,11,18.134653378508098
-6,11,22.081527678041684
-6,11,1.6500000000000001
-6,11,3.7366166852654956
-6,11,18.68647789273193
-6,11,1.6500000000000001
-6,11,1.6500000000000001
-6,11,1.6500000000000001
-6,11,19.717960177538775
-6,11,9.859078210319703
-6,11,5.09939377456874
-6,11,29.7
-6,11,3.844125644783582
-6,11,12.840206030876477
-6,11,1.6500000000000001
-6,11,1.6500000000000001
-6,11,10.804694919637832
-6,11,1.6500000000000001
-6,11,29.7
-6,11,3.0853547488437716
-6,11,15.525746072395174
-6,11,29.7
-6,11,3.294118820799162
-6,11,13.099780685119896
-6,11,7.9043348702303335
-6,11,10.848627438680355
-6,11,1.6500000000000001
-6,11,8.91357646912503
-6,11,29.7
-6,11,5.785036713649539
-6,11,25.11789411275828
-6,11,12.100098627884384
-6,11,6.496671798106678
-6,11,1.6500000000000001
-6,11,29.7
-6,11,1.6500000000000001
-6,11,16.311643929513874
-6,11,3.7594093795927206
-6,11,29.7
-6,11,1.6500000000000001
-6,11,4.497204865300952
-6,11,1.6500000000000001
-6,11,29.7
-6,11,2.214014591259045
-6,11,7.738379676035454
-6,11,1.6500000000000001
-6,11,8.971470930362504
-6,11,1.6500000000000001
-6,11,22.57979152014784
-6,11,25.751560312568937
-6,11,19.86258528041058
-6,11,7.659190864710716
-6,11,17.241821963047514
-6,11,18.621732743589924
-6,11,24.02954799273588
-6,11,17.558728413079383
-6,11,1.9333917604909812
-6,11,14.86368845654898
-6,11,8.000918253210918
-6,11,1.6500000000000001
-6,11,17.113016650120162
-6,11,1.6500000000000001
-6,11,7.172251359863822
-6,11,1.6500000000000001
-6,11,23.7345562501106
-6,11,1.6500000000000001
-6,11,1.6500000000000001
-6,11,17.50942508477098
-6,11,4.145854086037913
-6,11,22.123912151050657
-6,11,3.851675652650023
-6,11,1.6500000000000001
-6,11,4.020825850415235
-6,11,18.140372522270887
-6,11,7.741772397350159
-6,11,22.631384029641815
-6,11,1.6500000000000001
-6,11,18.563689050455153
-6,11,21.563196696776014
-6,11,26.08034480766271
-6,11,21.03229895817576
-6,11,25.397766892052072
-7,11,1.6500000000000001
-7,11,23.918940542461947
-7,11,11.590419493641395
-7,11,15.277880454884183
-7,11,1.6500000000000001
-7,11,4.506326640111937
-7,11,22.91540308902941
-7,11,13.229191473441924
-7,11,5.370909050271842
-7,11,29.7
-7,11,1.6500000000000001
-7,11,20.806096078291777
-7,11,16.875755367399027
-7,11,1.6500000000000001
-7,11,8.193967716360406
-7,11,1.6500000000000001
-7,11,11.113433601853302
-7,11,29.7
-7,11,5.682671157424242
-7,11,6.813734807559505
-7,11,1.6500000000000001
-7,11,1.6500000000000001
-7,11,26.951471816219716
-7,11,5.080244888623508
-7,11,1.6500000000000001
-7,11,3.458097485579014
-7,11,14.233399049588755
-7,11,14.196236632245562
-7,11,6.300268630553654
-7,11,8.062805497751462
-7,11,1.6500000000000001
-7,11,6.390755351089858
-7,11,1.6500000000000001
-7,11,1.6500000000000001
-7,11,1.6500000000000001
-7,11,12.04829502653785
-7,11,1.6500000000000001
-7,11,24.708396523584415
-7,11,1.6500000000000001
-7,11,1.6500000000000001
-7,11,1.6500000000000001
-7,11,24.794696907018093
-7,11,29.006974788906685
-7,11,28.88591673465986
-7,11,1.6500000000000001
-7,11,13.023494046846597
-7,11,1.6500000000000001
-7,11,6.447187987564559
-7,11,1.6500000000000001
-7,11,21.865613704027965
-7,11,1.6500000000000001
-7,11,11.671389396578144
-7,11,13.724733976320163
-7,11,6.362911430801608
-7,11,8.501946718683216
-7,11,1.6500000000000001
-7,11,15.280358612538427
-7,11,1.6500000000000001
-7,11,2.287027912492648
-7,11,29.7
-7,11,4.737643359659274
-7,11,16.744572317940847
-7,11,13.241069520405262
-7,11,11.369286895414037
-7,11,23.06357566376569
-7,11,1.6500000000000001
-7,11,1.6500000000000001
-7,11,1.6500000000000001
-7,11,16.636803431713275
-7,11,7.6834235290744
-7,11,29.7
-7,11,1.6500000000000001
-7,11,1.6500000000000001
-7,11,1.6500000000000001
-7,11,11.18225788824805
-7,11,1.6500000000000001
-7,11,29.7
-7,11,1.6500000000000001
-7,11,14.823171654422168
-7,11,16.913778948387034
-7,11,29.7
-7,11,1.6500000000000001
-7,11,13.652969704102143
-7,11,28.411062209555578
-7,11,1.6500000000000001
-7,11,19.81158460872968
-7,11,3.730497278095756
-7,11,22.967451033984396
-7,11,1.6500000000000001
-7,11,29.7
-7,11,6.762401082288796
-7,11,11.608562295717833
-7,11,1.6500000000000001
-7,11,11.669767778200722
-7,11,12.933809308276196
-7,11,21.01869651977963
-7,11,2.3326702901758427
-7,11,18.576077118500205
-7,11,21.085788719635616
-7,11,22.549859291352313
-7,11,1.6500000000000001
-7,11,1.6500000000000001
-7,11,1.6500000000000001
-7,11,1.6500000000000001
-7,11,9.67761282949144
-7,11,1.6500000000000001
-7,11,29.7
-7,11,14.150564225258318
-7,11,17.875200813924554
-7,11,29.7
-7,11,29.7
-7,11,10.323764037873907
-7,11,1.6500000000000001
-7,11,29.7
-7,11,10.071982939729958
-7,11,29.7
-7,11,1.6500000000000001
-7,11,1.6500000000000001
-7,11,12.07770587584055
-7,11,14.721978340836175
-7,11,1.6500000000000001
-7,11,2.7130523363640635
-8,11,1.6500000000000001
-8,11,1.6500000000000001
-8,11,29.7
-8,11,8.09235703154912
-8,11,1.6500000000000001
-8,11,1.6500000000000001
-8,11,10.972867960043152
-8,11,17.7813692585498
-8,11,1.6500000000000001
-8,11,1.6500000000000001
-8,11,1.6500000000000001
-8,11,5.215438229008022
-8,11,17.82256853755968
-8,11,1.9422557642660754
-8,11,7.296643045822741
-8,11,7.229566337509128
-8,11,1.6500000000000001
-8,11,1.6500000000000001
-8,11,10.151417498454364
-8,11,1.6500000000000001
-8,11,12.635715870478409
-8,11,2.2347657739497517
-8,11,8.908314754989647
-8,11,1.6500000000000001
-8,11,1.6500000000000001
-8,11,27.613980755313868
-8,11,20.445584834470584
-8,11,1.6747573853377655
-8,11,4.755646367519764
-8,11,1.6500000000000001
-8,11,22.916889985918907
-8,11,1.6500000000000001
-8,11,9.799561635635783
-8,11,1.6500000000000001
-8,11,24.388337672600688
-8,11,3.923150222564843
-8,11,12.793674370177136
-8,11,1.6500000000000001
-8,11,2.1487988607984434
-8,11,1.6500000000000001
-8,11,14.542421392206727
-8,11,12.237466818997191
-8,11,1.6500000000000001
-8,11,1.6500000000000001
-8,11,18.415726889405803
-8,11,1.6500000000000001
-8,11,29.7
-8,11,6.147105704298756
-8,11,1.6500000000000001
-8,11,9.59151746170478
-8,11,1.6500000000000001
-8,11,10.545712749635815
-8,11,6.98530642664468
-8,11,14.583935411562242
-8,11,1.6500000000000001
-8,11,21.96436736533104
-8,11,1.6500000000000001
-8,11,29.7
-8,11,1.6500000000000001
-8,11,17.53221605020942
-8,11,1.6500000000000001
-8,11,1.6500000000000001
-8,11,15.178085551320097
-8,11,1.6500000000000001
-8,11,22.357081801793637
-8,11,1.6500000000000001
-8,11,1.6500000000000001
-8,11,14.276788906818066
-8,11,8.12468699341619
-8,11,23.05567601982055
-8,11,1.6500000000000001
-8,11,9.395849558178618
-8,11,17.44485386601462
-8,11,16.136883865010525
-8,11,27.438256394842387
-8,11,1.6500000000000001
-8,11,1.6500000000000001
-8,11,22.14886452532842
-8,11,18.62631228454583
-8,11,1.6500000000000001
-8,11,1.6500000000000001
-8,11,1.6500000000000001
-8,11,27.917317001383253
-8,11,1.6500000000000001
-8,11,2.2980199393793166
-8,11,1.6500000000000001
-8,11,7.685062360240448
-8,11,1.6500000000000001
-8,11,1.6500000000000001
-8,11,9.76418311945964
-8,11,18.394106132200406
-8,11,14.949558163185788
-8,11,1.6500000000000001
-8,11,8.761043554770083
-8,11,10.550288955000516
-8,11,1.6500000000000001
-8,11,23.110382216905833
-8,11,12.539790698261953
-8,11,26.088416400186933
-8,11,1.6500000000000001
-8,11,10.723269368900876
-8,11,1.6500000000000001
-8,11,7.556206391214269
-8,11,1.6500000000000001
-8,11,2.1631870008946916
-8,11,3.8805720270026605
-8,11,13.228584800261238
-8,11,4.582408292239592
-8,11,26.048332927141047
-8,11,6.785244141906758
-8,11,13.442572108582885
-8,11,15.626411395780183
-8,11,25.381349050120864
-8,11,22.33034920892063
-8,11,12.069527170686449
-8,11,12.954685060936932
-8,11,3.3678611085121384
-8,11,1.6500000000000001
-8,11,29.7
-8,11,22.871062259165548
-8,11,1.6500000000000001
-8,11,20.1396381309192
-9,11,1.6500000000000001
-9,11,29.7
-9,11,3.048350936847158
-9,11,1.6500000000000001
-9,11,1.6500000000000001
-9,11,14.687927972367284
-9,11,28.722640275687073
-9,11,1.6500000000000001
-9,11,24.42048749323509
-9,11,5.475774235771842
-9,11,1.6500000000000001
-9,11,1.6500000000000001
-9,11,1.6500000000000001
-9,11,1.6500000000000001
-9,11,1.6500000000000001
-9,11,12.018161366670137
-9,11,1.6500000000000001
-9,11,5.610023262076151
-9,11,1.6500000000000001
-9,11,23.95897738072002
-9,11,17.23176476130636
-9,11,1.6500000000000001
-9,11,7.422115747572677
-9,11,5.898589464183029
-9,11,1.6500000000000001
-9,11,29.7
-9,11,1.6500000000000001
-9,11,8.774087766872732
-9,11,1.6500000000000001
-9,11,1.6500000000000001
-9,11,1.6500000000000001
-9,11,17.912438111637623
-9,11,10.480593314416751
-9,11,1.6500000000000001
-9,11,13.042262088438791
-9,11,19.11894116523257
-9,11,1.6500000000000001
-9,11,1.6500000000000001
-9,11,12.492237610268786
-9,11,10.576210995061508
-9,11,15.886839349442413
-9,11,26.61063845564813
-9,11,11.859238985642797
-9,11,2.333698519812653
-9,11,1.6500000000000001
-9,11,16.49619578799868
-9,11,12.963098271295765
-9,11,10.413444157168332
-9,11,1.6500000000000001
-9,11,16.617743507970218
-9,11,4.014195855348423
-9,11,15.969994056915988
-9,11,1.6500000000000001
-9,11,9.410523925600987
-9,11,20.1746023028544
-9,11,20.900982668002378
-9,11,1.6500000000000001
-9,11,1.6500000000000001
-9,11,15.02571514571947
-9,11,1.6500000000000001
-9,11,1.6500000000000001
-9,11,11.342480069158999
-9,11,29.7
-9,11,1.6500000000000001
-9,11,25.480014834602535
-9,11,18.015335505077672
-9,11,13.979091316994868
-9,11,1.6500000000000001
-9,11,17.336099144341645
-9,11,9.702385624124425
-9,11,1.6500000000000001
-9,11,15.127101089785192
-9,11,1.6500000000000001
-9,11,11.33556818661965
-9,11,15.291278990259217
-9,11,18.07355730282604
-9,11,1.6500000000000001
-9,11,1.6500000000000001
-9,11,7.361508410042666
-9,11,8.019804191089381
-9,11,1.6500000000000001
-9,11,3.729940114674269
-9,11,4.935416837317048
-9,11,5.508345609264973
-9,11,12.337344905121602
-9,11,1.6500000000000001
-9,11,1.6500000000000001
-9,11,1.6500000000000001
-9,11,29.7
-9,11,1.6500000000000001
-9,11,5.440494591751232
-9,11,4.9684333235632145
-9,11,24.93292756361579
-9,11,1.6500000000000001
-9,11,1.6500000000000001
-9,11,1.6500000000000001
-9,11,2.870880239175233
-9,11,15.911870192366067
-9,11,1.6500000000000001
-9,11,29.7
-9,11,2.598396012147058
-9,11,15.771966106571712
-9,11,10.884805520833403
-9,11,1.6500000000000001
-9,11,10.900488302585734
-9,11,1.6500000000000001
-9,11,1.6500000000000001
-9,11,9.621021262222937
-9,11,1.6500000000000001
-9,11,15.122145674182082
-9,11,1.6500000000000001
-9,11,1.6500000000000001
-9,11,1.6500000000000001
-9,11,12.112162334888026
-9,11,1.6500000000000001
-9,11,11.529440724537523
-9,11,14.193334292057505
-9,11,1.6500000000000001
-9,11,20.54308449184133
-9,11,1.6500000000000001
-9,11,1.6500000000000001
-9,11,1.6500000000000001
-9,12,1.6500000000000001
-9,12,1.6500000000000001
-9,12,18.45437771046107
-9,12,1.6500000000000001
-9,12,1.6500000000000001
-9,12,1.6500000000000001
-9,12,17.11873003784807
-9,12,23.94685126772485
-9,12,3.607863952133852
-9,12,4.894215729242193
-9,12,15.571187661982323
-9,12,1.6500000000000001
-9,12,10.766903030187203
-9,12,1.6500000000000001
-9,12,1.6500000000000001
-9,12,10.92522457623502
-9,12,1.7904039634767037
-9,12,1.6500000000000001
-9,12,1.6500000000000001
-9,12,5.488226796410986
-9,12,18.187471062366342
-9,12,1.6500000000000001
-9,12,1.6500000000000001
-9,12,14.235982800861347
-9,12,2.4245550171640446
-9,12,3.175705097094568
-9,12,1.6500000000000001
-9,12,1.6500000000000001
-9,12,1.6500000000000001
-9,12,1.6500000000000001
-9,12,2.024910952315912
-9,12,1.6500000000000001
-9,12,7.2706254777589745
-9,12,2.1409030786742593
-9,12,1.6500000000000001
-9,12,1.6500000000000001
-9,12,24.412714216914942
-9,12,1.6500000000000001
-9,12,29.7
-9,12,1.6500000000000001
-9,12,3.3079982147075677
-9,12,1.6500000000000001
-9,12,29.7
-9,12,1.6500000000000001
-9,12,1.6500000000000001
-9,12,5.95243794878764
-9,12,5.863933558944365
-9,12,14.026015978518856
-9,12,1.6500000000000001
-9,12,4.875730910014068
-9,12,16.051348515036395
-9,12,1.6500000000000001
-9,12,19.585049745432556
-9,12,26.610426780363216
-9,12,1.6500000000000001
-9,12,1.6500000000000001
-9,12,1.6500000000000001
-9,12,11.559349759689727
-9,12,1.6500000000000001
-9,12,1.6500000000000001
-9,12,1.6500000000000001
-9,12,1.6500000000000001
-9,12,1.6500000000000001
-9,12,29.7
-9,12,1.6500000000000001
-9,12,1.6500000000000001
-9,12,4.733074868580939
-9,12,1.6500000000000001
-9,12,1.6500000000000001
-9,12,26.12834023016046
-9,12,1.6500000000000001
-9,12,1.6500000000000001
-9,12,1.6500000000000001
-9,12,1.6500000000000001
-9,12,4.882116222709676
-9,12,10.222461033196955
-9,12,11.134191407608004
-9,12,1.6500000000000001
-9,12,1.6500000000000001
-9,12,1.6500000000000001
-9,12,29.34859410215887
-9,12,10.38677732629139
-9,12,16.660803848103043
-9,12,1.6500000000000001
-9,12,1.6500000000000001
-9,12,17.848960423539452
-9,12,1.6500000000000001
-9,12,16.936833817889415
-9,12,3.2138608338931975
-9,12,16.57136508250317
-9,12,1.6500000000000001
-9,12,14.858723212692828
-9,12,1.6500000000000001
-9,12,1.6500000000000001
-9,12,1.6500000000000001
-9,12,12.769575878438443
-9,12,1.6500000000000001
-9,12,19.813454164178996
-9,12,7.069075360194849
-9,12,18.22553800968212
-9,12,1.6500000000000001
-9,12,1.6500000000000001
-9,12,1.6500000000000001
-9,12,1.6500000000000001
-9,12,1.6500000000000001
-9,12,1.6500000000000001
-9,12,1.6500000000000001
-9,12,18.33187582817628
-9,12,1.6500000000000001
-9,12,1.6500000000000001
-9,12,29.7
-9,12,9.157287709431317
-9,12,9.855777006056726
-9,12,1.6500000000000001
-9,12,1.6500000000000001
-9,12,1.6500000000000001
-9,12,1.6500000000000001
-9,12,19.506890235522683
-9,12,1.6500000000000001
-9,12,1.6500000000000001
-9,12,6.797751386454628
-9,12,25.11120317647849
-9,12,1.6500000000000001
-8,12,12.5399255072909
-8,12,1.6500000000000001
-8,12,1.6500000000000001
-8,12,12.01323636607824
-8,12,13.830781095964689
-8,12,1.6500000000000001
-8,12,1.6500000000000001
-8,12,14.000391014595758
-8,12,6.82530229109948
-8,12,25.310937633336607
-8,12,1.6500000000000001
-8,12,1.6500000000000001
-8,12,2.9461885553322795
-8,12,19.78863867313724
-8,12,6.620387645268569
-8,12,9.282969657742013
-8,12,7.948824551862045
-8,12,7.92935737023735
-8,12,16.170355520809927
-8,12,24.942355468669565
-8,12,5.111281269589985
-8,12,28.84519525247998
-8,12,1.6500000000000001
-8,12,1.6500000000000001
-8,12,2.529281267642749
-8,12,8.091450288109094
-8,12,1.6500000000000001
-8,12,5.328948994934525
-8,12,17.542343024190068
-8,12,8.938215426527409
-8,12,11.967797041628437
-8,12,1.6500000000000001
-8,12,1.6500000000000001
-8,12,1.6500000000000001
-8,12,6.925556627844866
-8,12,5.546025241550342
-8,12,13.678436253942422
-8,12,1.6500000000000001
-8,12,13.629005291903752
-8,12,1.6500000000000001
-8,12,1.6500000000000001
-8,12,18.100168712799963
-8,12,1.6500000000000001
-8,12,14.310293895831137
-8,12,1.6500000000000001
-8,12,6.790590047088589
-8,12,1.7363007891851847
-8,12,6.745190794603808
-8,12,1.6500000000000001
-8,12,19.80850976293523
-8,12,13.262290591824495
-8,12,1.6500000000000001
-8,12,21.379728942451717
-8,12,1.6500000000000001
-8,12,14.529155540446647
-8,12,16.59816795986591
-8,12,1.6500000000000001
-8,12,3.5964158345032424
-8,12,1.6500000000000001
-8,12,12.55273134277483
-8,12,4.294598499362777
-8,12,3.2413195746003227
-8,12,1.6500000000000001
-8,12,27.905213675262726
-8,12,12.663554039620147
-8,12,29.7
-8,12,1.6500000000000001
-8,12,1.6500000000000001
-8,12,20.55716951921373
-8,12,20.288916475327486
-8,12,7.938123992386027
-8,12,29.4794289765285
-8,12,1.6500000000000001
-8,12,1.6500000000000001
-8,12,1.6500000000000001
-8,12,12.285309958804891
-8,12,13.216009279273546
-8,12,1.6500000000000001
-8,12,17.649147730464865
-8,12,10.726928553558038
-8,12,4.7844597478942505
-8,12,22.80967763246599
-8,12,18.628119143700513
-8,12,24.904721888090943
-8,12,2.1898821066945993
-8,12,22.04615192808409
-8,12,10.781091626307042
-8,12,23.239648886256653
-8,12,1.6500000000000001
-8,12,11.704470623151675
-8,12,9.79777791085387
-8,12,1.6500000000000001
-8,12,1.6500000000000001
-8,12,1.6500000000000001
-8,12,1.6500000000000001
-8,12,1.6500000000000001
-8,12,1.6500000000000001
-8,12,9.443157313166344
-8,12,16.721610049030318
-8,12,5.460691095519731
-8,12,13.270762196108098
-8,12,2.583483080484066
-8,12,1.804148738974209
-8,12,1.6500000000000001
-8,12,8.737403926291405
-8,12,14.471850222579999
-8,12,10.905612748450814
-8,12,9.182962776754621
-8,12,18.556171701149225
-8,12,6.118257961529588
-8,12,21.972724907776357
-8,12,1.6500000000000001
-8,12,1.6500000000000001
-8,12,17.811837911014393
-8,12,1.6500000000000001
-8,12,1.6500000000000001
-8,12,13.965447837966003
-8,12,1.6500000000000001
-8,12,11.111320824711038
-8,12,1.6500000000000001
-8,12,18.947330347972432
-8,12,14.729493095888996
-9,12,1.6500000000000001
-9,12,1.6500000000000001
-9,12,1.6500000000000001
-9,12,1.6500000000000001
-9,12,1.6500000000000001
-9,12,24.203821047324
-9,12,1.6500000000000001
-9,12,1.6500000000000001
-9,12,2.5982541832190194
-9,12,1.6500000000000001
-9,12,22.824235039189475
-9,12,1.6500000000000001
-9,12,1.6500000000000001
-9,12,1.6500000000000001
-9,12,6.5664143105534425
-9,12,1.6500000000000001
-9,12,6.990806782387803
-9,12,1.6500000000000001
-9,12,8.334743267614437
-9,12,16.95490849116496
-9,12,1.6500000000000001
-9,12,5.875592430798386
-9,12,11.836292867681502
-9,12,12.868971812016209
-9,12,1.6500000000000001
-9,12,5.449977902631256
-9,12,28.627172330120654
-9,12,1.6500000000000001
-9,12,2.878515306309752
-9,12,29.7
-9,12,19.407339691589005
-9,12,1.6500000000000001
-9,12,1.6500000000000001
-9,12,5.018328089794317
-9,12,1.6500000000000001
-9,12,16.02844354948008
-9,12,20.894851299738143
-9,12,13.96252051843746
-9,12,4.514034692059726
-9,12,11.152949269999104
-9,12,1.6500000000000001
-9,12,1.6500000000000001
-9,12,12.461455658926077
-9,12,2.9273612870717303
-9,12,23.964408248582316
-9,12,1.6500000000000001
-9,12,1.6500000000000001
-9,12,1.6500000000000001
-9,12,1.6500000000000001
-9,12,23.417938683128124
-9,12,3.5148039384230834
-9,12,19.056902678045702
-9,12,1.6500000000000001
-9,12,5.046264984156058
-9,12,1.6500000000000001
-9,12,22.381914853811445
-9,12,1.6500000000000001
-9,12,4.98956122619934
-9,12,9.602273890773
-9,12,23.267819559311693
-9,12,1.6500000000000001
-9,12,1.6500000000000001
-9,12,1.6500000000000001
-9,12,8.23723049078961
-9,12,1.6500000000000001
-9,12,1.6500000000000001
-9,12,12.53130350390875
-9,12,8.023124671159405
-9,12,1.6500000000000001
-9,12,12.585886303105205
-9,12,17.525402981485712
-9,12,2.8859247516953235
-9,12,1.6500000000000001
-9,12,10.604335952987379
-9,12,10.029273057725447
-9,12,1.6500000000000001
-9,12,1.6500000000000001
-9,12,1.6500000000000001
-9,12,9.121081384448662
-9,12,1.6500000000000001
-9,12,1.6500000000000001
-9,12,1.6500000000000001
-9,12,1.6500000000000001
-9,12,15.976801781781278
-9,12,6.873630382510817
-9,12,5.2932059145103185
-9,12,1.6500000000000001
-9,12,5.238836174323254
-9,12,1.6500000000000001
-9,12,1.9843696828650192
-9,12,1.6500000000000001
-9,12,10.221755775672499
-9,12,1.6500000000000001
-9,12,1.6500000000000001
-9,12,1.6500000000000001
-9,12,1.6500000000000001
-9,12,1.6500000000000001
-9,12,1.6500000000000001
-9,12,10.482761079891938
-9,12,7.293218945792786
-9,12,1.6500000000000001
-9,12,1.6500000000000001
-9,12,21.97568370014749
-9,12,1.6500000000000001
-9,12,8.13534103374751
-9,12,1.6500000000000001
-9,12,1.6500000000000001
-9,12,15.887250477822992
-9,12,6.076344598987312
-9,12,2.800522364731947
-9,12,28.269463979544867
-9,12,1.6500000000000001
-9,12,22.85584789881768
-9,12,7.939023590947497
-9,12,1.6500000000000001
-9,12,1.6500000000000001
-9,12,1.6500000000000001
-9,12,9.214525176763512
-9,12,22.444373713603518
-9,12,3.7938177155896993
-9,12,18.763921472179327
-9,12,21.34543128757819
-10,12,5.270189753072023
-10,12,1.6500000000000001
-10,12,4.0036005791305165
-10,12,9.141689626805483
-10,12,1.6500000000000001
-10,12,1.6500000000000001
-10,12,1.6500000000000001
-10,12,12.060895990879265
-10,12,1.6500000000000001
-10,12,6.275738568665823
-10,12,12.663582530296779
-10,12,1.6500000000000001
-10,12,1.6500000000000001
-10,12,1.6500000000000001
-10,12,1.6500000000000001
-10,12,9.558623396218934
-10,12,1.6500000000000001
-10,12,1.6500000000000001
-10,12,1.6500000000000001
-10,12,7.1058852699966
-10,12,28.159115003856154
-10,12,1.6500000000000001
-10,12,3.4805093234476687
-10,12,1.6500000000000001
-10,12,6.143835127118243
-10,12,1.6500000000000001
-10,12,12.002564022179847
-10,12,1.6500000000000001
-10,12,1.6500000000000001
-10,12,18.17188618329679
-10,12,1.6500000000000001
-10,12,21.594977473899295
-10,12,1.6500000000000001
-10,12,14.979109932987752
-10,12,7.396609282960263
-10,12,1.6500000000000001
-10,12,5.385169947988179
-10,12,11.771259680472845
-10,12,1.6500000000000001
-10,12,1.6500000000000001
-10,12,1.6500000000000001
-10,12,4.870001431061661
-10,12,1.6500000000000001
-10,12,1.8821155492204662
-10,12,4.926207952095729
-10,12,1.6500000000000001
-10,12,1.6500000000000001
-10,12,29.7
-10,12,3.4772972683991865
-10,12,1.6500000000000001
-10,12,1.6500000000000001
-10,12,18.59117491626986
-10,12,2.1336156644121673
-10,12,23.58671254968826
-10,12,4.7236346273480505
-10,12,1.6500000000000001
-10,12,1.6500000000000001
-10,12,11.595471757313675
-10,12,1.6500000000000001
-10,12,7.994290691688761
-10,12,8.252179820799435
-10,12,1.6500000000000001
-10,12,20.393396089702563
-10,12,13.165241479496661
-10,12,27.979586675993357
-10,12,1.6500000000000001
-10,12,1.6500000000000001
-10,12,1.6500000000000001
-10,12,11.019724087394213
-10,12,4.829561038296254
-10,12,1.6500000000000001
-10,12,1.6500000000000001
-10,12,4.285300619818035
-10,12,5.4541641913128505
-10,12,1.6500000000000001
-10,12,3.115154136020016
-10,12,4.33495560916834
-10,12,5.985860231585734
-10,12,6.51724456274885
-10,12,2.5526006332655538
-10,12,8.556693120242633
-10,12,1.6500000000000001
-10,12,29.7
-10,12,1.6500000000000001
-10,12,7.475214201262222
-10,12,1.6500000000000001
-10,12,1.6500000000000001
-10,12,1.6500000000000001
-10,12,9.693617543465336
-10,12,1.6500000000000001
-10,12,1.6500000000000001
-10,12,1.6500000000000001
-10,12,1.832916518118382
-10,12,1.6500000000000001
-10,12,10.332609805197343
-10,12,5.234258488751596
-10,12,1.6500000000000001
-10,12,9.065997891833131
-10,12,1.6500000000000001
-10,12,1.6500000000000001
-10,12,23.181090727984174
-10,12,1.6500000000000001
-10,12,1.6500000000000001
-10,12,1.6500000000000001
-10,12,8.90038456770808
-10,12,1.6500000000000001
-10,12,9.339936985982987
-10,12,1.6500000000000001
-10,12,18.62506295273957
-10,12,1.6500000000000001
-10,12,1.6500000000000001
-10,12,12.55623139203258
-10,12,1.6500000000000001
-10,12,1.6500000000000001
-10,12,5.308730810038643
-10,12,18.21200696045441
-10,12,10.132272027455684
-10,12,2.2984906342610882
-10,12,12.25388425272733
-10,12,1.6500000000000001
-10,12,1.6500000000000001
-10,12,1.6500000000000001
-11,12,1.6500000000000001
-11,12,4.646444359811698
-11,12,26.11016390739608
-11,12,1.6500000000000001
-11,12,3.6642667874748565
-11,12,1.6500000000000001
-11,12,1.6500000000000001
-11,12,1.6500000000000001
-11,12,1.6500000000000001
-11,12,15.99001538996754
-11,12,7.7906674182360245
-11,12,27.323923991750444
-11,12,1.6500000000000001
-11,12,12.977792196049524
-11,12,1.6500000000000001
-11,12,1.9243828570836023
-11,12,1.6500000000000001
-11,12,19.05908585979771
-11,12,1.6500000000000001
-11,12,1.6500000000000001
-11,12,13.724842122747159
-11,12,1.6500000000000001
-11,12,5.884871957768645
-11,12,18.042316429556287
-11,12,1.6500000000000001
-11,12,11.616262410990618
-11,12,1.6500000000000001
-11,12,1.6500000000000001
-11,12,2.7296311963326882
-11,12,24.57918197022361
-11,12,1.6500000000000001
-11,12,1.6500000000000001
-11,12,8.371205387076767
-11,12,6.7384307712522915
-11,12,1.6500000000000001
-11,12,23.752142695123567
-11,12,13.44502936531395
-11,12,1.6500000000000001
-11,12,12.60223513139113
-11,12,1.6500000000000001
-11,12,23.071639810168914
-11,12,1.6500000000000001
-11,12,7.504083201243411
-11,12,1.6500000000000001
-11,12,1.6500000000000001
-11,12,3.3120486916627514
-11,12,29.7
-11,12,24.68477639815891
-11,12,1.6500000000000001
-11,12,7.73995427824324
-11,12,19.80926108659928
-11,12,1.6500000000000001
-11,12,2.4055327361995684
-11,12,1.6500000000000001
-11,12,1.6500000000000001
-11,12,1.6500000000000001
-11,12,1.6500000000000001
-11,12,1.6500000000000001
-11,12,9.910483658072778
-11,12,1.6500000000000001
-11,12,7.328739344107296
-11,12,2.5104793197807753
-11,12,29.7
-11,12,9.134913620794963
-11,12,23.979351066470297
-11,12,1.6500000000000001
-11,12,1.6500000000000001
-11,12,1.6500000000000001
-11,12,1.6500000000000001
-11,12,9.996352634589137
-11,12,1.6500000000000001
-11,12,1.6500000000000001
-11,12,1.6500000000000001
-11,12,1.6500000000000001
-11,12,5.17927880030401
-11,12,1.6500000000000001
-11,12,1.6500000000000001
-11,12,20.71765362324989
-11,12,1.6500000000000001
-11,12,1.6500000000000001
-11,12,11.715660304811777
-11,12,1.6500000000000001
-11,12,13.883186671424868
-11,12,29.550524737118096
-11,12,9.990566341583033
-11,12,1.6500000000000001
-11,12,1.6500000000000001
-11,12,1.6500000000000001
-11,12,1.6500000000000001
-11,12,1.6500000000000001
-11,12,8.31873547027655
-11,12,1.6500000000000001
-11,12,1.6500000000000001
-11,12,1.6500000000000001
-11,12,7.562345498265165
-11,12,12.477129019288324
-11,12,1.6500000000000001
-11,12,3.155264832536154
-11,12,21.138608534413805
-11,12,11.962713747794213
-11,12,1.6500000000000001
-11,12,19.497638861888007
-11,12,1.6500000000000001
-11,12,6.640668176977645
-11,12,16.40049220623895
-11,12,29.7
-11,12,1.6500000000000001
-11,12,14.261348515957613
-11,12,1.6500000000000001
-11,12,1.6500000000000001
-11,12,25.161929357592157
-11,12,2.90937160050345
-11,12,1.6500000000000001
-11,12,10.921166978599393
-11,12,1.6500000000000001
-11,12,13.027168523316186
-11,12,15.414748555206884
-11,12,1.6500000000000001
-11,12,23.111976083211207
-11,12,1.6500000000000001
-11,12,1.6500000000000001
-11,12,1.6500000000000001
-12,12,1.6500000000000001
-12,12,1.6500000000000001
-12,12,5.956966875332988
-12,12,1.6500000000000001
-12,12,1.6500000000000001
-12,12,1.6500000000000001
-12,12,1.6500000000000001
-12,12,1.6500000000000001
-12,12,2.6743880861042264
-12,12,7.318535462459721
-12,12,1.6500000000000001
-12,12,1.6500000000000001
-12,12,1.6500000000000001
-12,12,1.6500000000000001
-12,12,1.6500000000000001
-12,12,1.6500000000000001
-12,12,1.6500000000000001
-12,12,1.6500000000000001
-12,12,1.6500000000000001
-12,12,11.830943080138685
-12,12,1.6500000000000001
-12,12,1.6500000000000001
-12,12,16.648085483538555
-12,12,1.6500000000000001
-12,12,1.6500000000000001
-12,12,1.6500000000000001
-12,12,1.6500000000000001
-12,12,7.113063996103424
-12,12,1.6500000000000001
-12,12,1.6500000000000001
-12,12,1.6500000000000001
-12,12,4.718913444580885
-12,12,2.2958828092846773
-12,12,2.7777947986895235
-12,12,1.6500000000000001
-12,12,7.2679430876769935
-12,12,13.946331263846846
-12,12,1.6500000000000001
-12,12,5.651998250298151
-12,12,1.6500000000000001
-12,12,1.6500000000000001
-12,12,1.6500000000000001
-12,12,2.3839460092156477
-12,12,12.797621833106483
-12,12,1.6500000000000001
-12,12,1.6500000000000001
-12,12,1.6500000000000001
-12,12,12.467358298732302
-12,12,1.6500000000000001
-12,12,1.6500000000000001
-12,12,1.6500000000000001
-12,12,14.925987495236836
-12,12,18.570422499347227
-12,12,1.6500000000000001
-12,12,1.6500000000000001
-12,12,17.5435728619196
-12,12,1.6500000000000001
-12,12,7.600759303080311
-12,12,1.6500000000000001
-12,12,9.05248912049497
-12,12,1.6500000000000001
-12,12,1.6500000000000001
-12,12,1.6500000000000001
-12,12,17.26354231516432
-12,12,3.68302516559575
-12,12,1.6500000000000001
-12,12,21.04688041049172
-12,12,1.6500000000000001
-12,12,17.123284502656166
-12,12,29.7
-12,12,1.6500000000000001
-12,12,1.6500000000000001
-12,12,1.6500000000000001
-12,12,29.7
-12,12,1.6500000000000001
-12,12,4.901637561540146
-12,12,8.108817917565759
-12,12,1.6500000000000001
-12,12,1.6500000000000001
-12,12,1.6500000000000001
-12,12,12.222470201413103
-12,12,1.711666454369512
-12,12,1.6500000000000001
-12,12,8.313089683390231
-12,12,1.6500000000000001
-12,12,1.6500000000000001
-12,12,1.6500000000000001
-12,12,15.82244487148197
-12,12,1.6500000000000001
-12,12,1.6500000000000001
-12,12,25.996661237218103
-12,12,1.6500000000000001
-12,12,1.6500000000000001
-12,12,1.6500000000000001
-12,12,1.6500000000000001
-12,12,13.666496042233826
-12,12,1.6500000000000001
-12,12,16.864354133461262
-12,12,3.6239392258267955
-12,12,1.6500000000000001
-12,12,1.6500000000000001
-12,12,22.026099852123178
-12,12,16.31546671000453
-12,12,1.6500000000000001
-12,12,1.6500000000000001
-12,12,1.6500000000000001
-12,12,7.672935077567288
-12,12,1.6500000000000001
-12,12,1.6500000000000001
-12,12,1.6500000000000001
-12,12,1.6500000000000001
-12,12,13.074148950363115
-12,12,3.232170538094409
-12,12,1.752988262273449
-12,12,1.6500000000000001
-12,12,1.6500000000000001
-12,12,1.6500000000000001
-12,12,10.391009594099287
-12,12,1.6500000000000001
-12,12,9.81336757452442
-12,12,1.6500000000000001
-12,12,4.718592307391015
-12,12,1.6500000000000001
-12,13,10.898729454117008
-12,13,13.583266012939477
-12,13,1.6500000000000001
-12,13,1.6500000000000001
-12,13,1.6500000000000001
-12,13,3.1672593658190618
-12,13,1.6500000000000001
-12,13,13.525744131525386
-12,13,20.967402438294933
-12,13,1.6500000000000001
-12,13,1.6500000000000001
-12,13,10.976897005090747
-12,13,1.6500000000000001
-12,13,6.642676316834557
-12,13,16.592374428171624
-12,13,1.6500000000000001
-12,13,17.012139581404732
-12,13,1.6500000000000001
-12,13,1.6500000000000001
-12,13,1.6500000000000001
-12,13,12.963008248560955
-12,13,1.6500000000000001
-12,13,1.6500000000000001
-12,13,12.672473408068104
-12,13,7.366945056319853
-12,13,1.6500000000000001
-12,13,4.436946652618687
-12,13,5.40022890909055
-12,13,2.3505399360861334
-12,13,1.6500000000000001
-12,13,1.6500000000000001
-12,13,1.6500000000000001
-12,13,1.6500000000000001
-12,13,16.7494841668027
-12,13,18.73405683211866
-12,13,1.6500000000000001
-12,13,5.323839802723852
-12,13,17.299543065501826
-12,13,1.6500000000000001
-12,13,23.07058520186329
-12,13,29.663343477135957
-12,13,9.113029115353037
-12,13,1.6500000000000001
-12,13,18.72937414900737
-12,13,10.521947050547091
-12,13,1.6500000000000001
-12,13,7.729880123598353
-12,13,1.6500000000000001
-12,13,1.6500000000000001
-12,13,1.6500000000000001
-12,13,1.6500000000000001
-12,13,9.8187372364992
-12,13,1.6500000000000001
-12,13,1.6500000000000001
-12,13,28.099573065700653
-12,13,1.6500000000000001
-12,13,1.6500000000000001
-12,13,1.6500000000000001
-12,13,1.6500000000000001
-12,13,1.6500000000000001
-12,13,1.6500000000000001
-12,13,1.6500000000000001
-12,13,1.6500000000000001
-12,13,3.1839548033136005
-12,13,1.6500000000000001
-12,13,29.7
-12,13,14.874412019036
-12,13,1.6500000000000001
-12,13,1.6500000000000001
-12,13,1.6500000000000001
-12,13,1.6500000000000001
-12,13,1.6500000000000001
-12,13,11.285211322505402
-12,13,1.6500000000000001
-12,13,1.6500000000000001
-12,13,19.23959716486536
-12,13,1.6500000000000001
-12,13,4.136458101690298
-12,13,1.6500000000000001
-12,13,1.6500000000000001
-12,13,6.2367285064227325
-12,13,1.6500000000000001
-12,13,1.6500000000000001
-12,13,7.4405055516089815
-12,13,1.6500000000000001
-12,13,12.687389954889234
-12,13,1.6500000000000001
-12,13,1.6500000000000001
-12,13,1.6500000000000001
-12,13,1.6500000000000001
-12,13,5.683698270556265
-12,13,1.6500000000000001
-12,13,1.6500000000000001
-12,13,1.6500000000000001
-12,13,1.6500000000000001
-12,13,12.563239014940226
-12,13,1.6500000000000001
-12,13,1.6500000000000001
-12,13,1.6500000000000001
-12,13,11.650286669175395
-12,13,7.829216339624949
-12,13,1.6500000000000001
-12,13,3.247237856922199
-12,13,1.6500000000000001
-12,13,1.6500000000000001
-12,13,2.316016253300336
-12,13,1.6500000000000001
-12,13,8.923864476408491
-12,13,1.6500000000000001
-12,13,1.6500000000000001
-12,13,1.6500000000000001
-12,13,15.224224976614975
-12,13,14.836170708280102
-12,13,1.6500000000000001
-12,13,20.63360640241489
-12,13,1.6500000000000001
-12,13,1.6500000000000001
-12,13,1.6500000000000001
-12,13,2.953621389095514
-12,13,9.108519601649942
-12,13,9.229708199621157
-12,13,1.6500000000000001
-12,14,8.82933537447601
-12,14,1.6500000000000001
-12,14,26.382476970210465
-12,14,11.8271331149646
-12,14,9.835653007752517
-12,14,1.6500000000000001
-12,14,1.6500000000000001
-12,14,14.87146150222939
-12,14,22.911498400509778
-12,14,1.6500000000000001
-12,14,1.6500000000000001
-12,14,3.178194761081599
-12,14,1.6500000000000001
-12,14,1.6500000000000001
-12,14,1.6500000000000001
-12,14,8.16552113711603
-12,14,1.6500000000000001
-12,14,1.6500000000000001
-12,14,1.6500000000000001
-12,14,10.973406192259898
-12,14,1.6500000000000001
-12,14,7.66540053346142
-12,14,29.7
-12,14,1.6500000000000001
-12,14,9.36546877556588
-12,14,1.6500000000000001
-12,14,8.025436546140334
-12,14,1.6500000000000001
-12,14,20.18900129396175
-12,14,1.6500000000000001
-12,14,3.6721342262790593
-12,14,1.6500000000000001
-12,14,1.6500000000000001
-12,14,5.812377620299764
-12,14,1.6500000000000001
-12,14,1.6500000000000001
-12,14,1.6500000000000001
-12,14,1.6500000000000001
-12,14,1.6500000000000001
-12,14,1.6500000000000001
-12,14,1.6500000000000001
-12,14,16.24765247063359
-12,14,1.6500000000000001
-12,14,4.0321428444516485
-12,14,19.63150526065285
-12,14,3.916393490461804
-12,14,1.6500000000000001
-12,14,1.6500000000000001
-12,14,1.6500000000000001
-12,14,1.6500000000000001
-12,14,13.733087458911237
-12,14,16.353999047409644
-12,14,1.6500000000000001
-12,14,1.6500000000000001
-12,14,11.405897309277332
-12,14,1.6500000000000001
-12,14,1.6500000000000001
-12,14,1.6500000000000001
-12,14,1.6500000000000001
-12,14,10.614293437661843
-12,14,1.6500000000000001
-12,14,1.6500000000000001
-12,14,6.908010339576068
-12,14,1.6500000000000001
-12,14,1.6500000000000001
-12,14,1.6500000000000001
-12,14,1.6500000000000001
-12,14,1.6500000000000001
-12,14,1.6500000000000001
-12,14,1.6500000000000001
-12,14,9.378161596545018
-12,14,3.1849757331258344
-12,14,4.558630464399732
-12,14,18.233306623912405
-12,14,1.6500000000000001
-12,14,29.276652116433002
-12,14,3.21569799794252
-12,14,3.463050285712561
-12,14,6.2721041626095495
-12,14,11.828121156625347
-12,14,2.708372598443499
-12,14,1.6500000000000001
-12,14,1.6500000000000001
-12,14,1.6500000000000001
-12,14,1.6500000000000001
-12,14,5.704262031743949
-12,14,1.6500000000000001
-12,14,5.9473000989363385
-12,14,1.6500000000000001
-12,14,3.4274099728257266
-12,14,1.6500000000000001
-12,14,1.6500000000000001
-12,14,1.6500000000000001
-12,14,6.161367062339658
-12,14,1.6500000000000001
-12,14,11.607940990898808
-12,14,9.099101714458225
-12,14,1.6500000000000001
-12,14,16.78956995391537
-12,14,1.6500000000000001
-12,14,1.6500000000000001
-12,14,1.6500000000000001
-12,14,1.6500000000000001
-12,14,1.6500000000000001
-12,14,1.6500000000000001
-12,14,1.6500000000000001
-12,14,1.6500000000000001
-12,14,1.6500000000000001
-12,14,9.166583685991705
-12,14,10.50772473790551
-12,14,12.458797064900757
-12,14,14.830596597219827
-12,14,9.086756029264619
-12,14,1.6500000000000001
-12,14,1.6500000000000001
-12,14,1.6500000000000001
-12,14,1.6500000000000001
-12,14,5.067531296086265
-12,14,18.619283298230275
-12,14,2.840103300378881
-12,14,1.6500000000000001
-12,14,1.6500000000000001
-12,15,8.265095873127777
-12,15,1.6500000000000001
-12,15,1.6500000000000001
-12,15,1.6500000000000001
-12,15,1.6500000000000001
-12,15,1.6500000000000001
-12,15,1.6500000000000001
-12,15,6.374967646228559
-12,15,1.6500000000000001
-12,15,1.6500000000000001
-12,15,1.9572811211417775
-12,15,6.796595722357923
-12,15,1.6500000000000001
-12,15,19.000569845669045
-12,15,1.6500000000000001
-12,15,1.6500000000000001
-12,15,15.91125577578774
-12,15,22.35483890916081
-12,15,1.6500000000000001
-12,15,1.6500000000000001
-12,15,1.6500000000000001
-12,15,18.61163434281089
-12,15,1.6500000000000001
-12,15,1.6500000000000001
-12,15,7.033274967639894
-12,15,1.8832050352774239
-12,15,1.6500000000000001
-12,15,5.5886297224028425
-12,15,19.700625502688002
-12,15,1.6500000000000001
-12,15,1.6500000000000001
-12,15,1.6500000000000001
-12,15,1.6500000000000001
-12,15,1.6500000000000001
-12,15,21.357860822775233
-12,15,1.6500000000000001
-12,15,1.6500000000000001
-12,15,1.6500000000000001
-12,15,1.6500000000000001
-12,15,1.6500000000000001
-12,15,1.6500000000000001
-12,15,1.6500000000000001
-12,15,1.6500000000000001
-12,15,12.995139686800494
-12,15,1.6500000000000001
-12,15,1.6500000000000001
-12,15,13.326915913594686
-12,15,1.6500000000000001
-12,15,14.790482780130098
-12,15,1.6500000000000001
-12,15,1.6500000000000001
-12,15,11.741220979910558
-12,15,1.6500000000000001
-12,15,2.0413756841274986
-12,15,1.6500000000000001
-12,15,1.6500000000000001
-12,15,1.6500000000000001
-12,15,11.53283257732957
-12,15,6.17596337975364
-12,15,1.6500000000000001
-12,15,1.6500000000000001
-12,15,15.800547047472115
-12,15,1.6500000000000001
-12,15,13.887027625821759
-12,15,11.359472454481446
-12,15,1.6500000000000001
-12,15,1.6500000000000001
-12,15,13.118466355176611
-12,15,1.6500000000000001
-12,15,1.6500000000000001
-12,15,1.6500000000000001
-12,15,1.6500000000000001
-12,15,1.6500000000000001
-12,15,1.6500000000000001
-12,15,1.6500000000000001
-12,15,12.812957880856036
-12,15,1.6500000000000001
-12,15,1.6500000000000001
-12,15,5.42494922312023
-12,15,1.6500000000000001
-12,15,1.6500000000000001
-12,15,1.6500000000000001
-12,15,9.355083839080171
-12,15,19.688687247369902
-12,15,1.6500000000000001
-12,15,1.6500000000000001
-12,15,6.494484697494286
-12,15,1.6500000000000001
-12,15,1.6500000000000001
-12,15,1.6500000000000001
-12,15,3.325519990491679
-12,15,14.06742026720931
-12,15,17.029402315987486
-12,15,1.6500000000000001
-12,15,25.894267181849795
-12,15,1.6500000000000001
-12,15,1.6500000000000001
-12,15,3.5495907929973534
-12,15,1.6500000000000001
-12,15,1.6500000000000001
-12,15,1.6500000000000001
-12,15,1.6500000000000001
-12,15,1.6500000000000001
-12,15,1.6500000000000001
-12,15,1.6500000000000001
-12,15,1.6500000000000001
-12,15,1.6500000000000001
-12,15,3.9104140251645534
-12,15,1.6500000000000001
-12,15,1.6500000000000001
-12,15,1.6500000000000001
-12,15,1.6500000000000001
-12,15,12.917590124878814
-12,15,23.752613854929425
-12,15,21.786939975367037
-12,15,1.6500000000000001
-12,15,1.6500000000000001
-12,15,1.6500000000000001
-12,15,10.02155688908845
-12,15,21.375583298591103
-12,15,1.6500000000000001
-12,15,1.6500000000000001
-13,15,1.6500000000000001
-13,15,1.6500000000000001
-13,15,1.6500000000000001
-13,15,1.6500000000000001
-13,15,1.6500000000000001
-13,15,1.6500000000000001
-13,15,1.6500000000000001
-13,15,3.367621995495684
-13,15,1.6500000000000001
-13,15,1.6500000000000001
-13,15,22.244562284622056
-13,15,1.6500000000000001
-13,15,4.135262277648984
-13,15,1.6500000000000001
-13,15,1.6500000000000001
-13,15,1.6500000000000001
-13,15,1.6500000000000001
-13,15,1.6500000000000001
-13,15,7.511326027302481
-13,15,3.118582275010273
-13,15,1.6500000000000001
-13,15,13.149617814230286
-13,15,1.6500000000000001
-13,15,1.6500000000000001
-13,15,1.6500000000000001
-13,15,1.6500000000000001
-13,15,1.6500000000000001
-13,15,7.1111907327501385
-13,15,2.6908069535442642
-13,15,1.6500000000000001
-13,15,1.6500000000000001
-13,15,1.6500000000000001
-13,15,1.6500000000000001
-13,15,1.6500000000000001
-13,15,5.342563350556558
-13,15,9.05011994703456
-13,15,1.6500000000000001
-13,15,1.6500000000000001
-13,15,1.6500000000000001
-13,15,9.498611251416035
-13,15,1.6500000000000001
-13,15,5.7837340871573755
-13,15,1.6500000000000001
-13,15,5.492697490754164
-13,15,20.78791140596165
-13,15,1.6500000000000001
-13,15,11.18404187267753
-13,15,4.3710403483349305
-13,15,9.635744847594998
-13,15,9.235813975605488
-13,15,1.6500000000000001
-13,15,1.6500000000000001
-13,15,1.6500000000000001
-13,15,1.6500000000000001
-13,15,1.6500000000000001
-13,15,2.1916750754230696
-13,15,16.122346222507122
-13,15,1.6500000000000001
-13,15,1.6500000000000001
-13,15,23.135589208810142
-13,15,1.6500000000000001
-13,15,1.6500000000000001
-13,15,1.6500000000000001
-13,15,1.6500000000000001
-13,15,1.6500000000000001
-13,15,17.94430125262139
-13,15,1.6500000000000001
-13,15,1.6500000000000001
-13,15,10.987959184277784
-13,15,1.6500000000000001
-13,15,1.6500000000000001
-13,15,1.6500000000000001
-13,15,1.6500000000000001
-13,15,1.6500000000000001
-13,15,7.001905220695999
-13,15,1.6500000000000001
-13,15,1.6500000000000001
-13,15,1.6500000000000001
-13,15,1.6500000000000001
-13,15,1.6500000000000001
-13,15,1.6500000000000001
-13,15,1.6500000000000001
-13,15,1.6500000000000001
-13,15,1.6500000000000001
-13,15,1.6500000000000001
-13,15,14.288806744534902
-13,15,3.987129933840805
-13,15,17.315953845293382
-13,15,1.6500000000000001
-13,15,1.6500000000000001
-13,15,1.6500000000000001
-13,15,23.467128668881752
-13,15,5.857456394891694
-13,15,1.6500000000000001
-13,15,1.6500000000000001
-13,15,5.326425601247957
-13,15,1.6500000000000001
-13,15,1.6500000000000001
-13,15,1.6500000000000001
-13,15,1.6500000000000001
-13,15,1.6500000000000001
-13,15,1.6500000000000001
-13,15,14.854567764238993
-13,15,1.6500000000000001
-13,15,1.6500000000000001
-13,15,1.6500000000000001
-13,15,1.6500000000000001
-13,15,1.6500000000000001
-13,15,1.6500000000000001
-13,15,7.6724950491756125
-13,15,5.028420188638194
-13,15,1.6500000000000001
-13,15,1.6500000000000001
-13,15,4.8470915023054655
-13,15,5.673555454776898
-13,15,1.6500000000000001
-13,15,1.6500000000000001
-13,15,1.6500000000000001
-13,15,1.6500000000000001
-13,15,1.6500000000000001
-13,15,1.6500000000000001
-13,15,1.6500000000000001
-12,15,17.841557855601124
-12,15,21.97888788379219
-12,15,1.6500000000000001
-12,15,1.6500000000000001
-12,15,1.6500000000000001
-12,15,1.6500000000000001
-12,15,1.6500000000000001
-12,15,1.6500000000000001
-12,15,3.740803291048567
-12,15,1.6500000000000001
-12,15,1.6500000000000001
-12,15,5.4824306534521705
-12,15,1.6500000000000001
-12,15,6.838626102512427
-12,15,1.6500000000000001
-12,15,6.046279010708838
-12,15,1.6500000000000001
-12,15,12.585128724085925
-12,15,12.820434356717582
-12,15,1.6500000000000001
-12,15,1.6500000000000001
-12,15,1.6500000000000001
-12,15,1.6500000000000001
-12,15,1.6500000000000001
-12,15,1.6500000000000001
-12,15,1.6500000000000001
-12,15,1.6500000000000001
-12,15,1.6500000000000001
-12,15,1.6500000000000001
-12,15,1.6500000000000001
-12,15,1.6500000000000001
-12,15,1.6500000000000001
-12,15,6.35951272237039
-12,15,11.462655255253084
-12,15,1.6500000000000001
-12,15,1.6500000000000001
-12,15,2.875631220772838
-12,15,1.6500000000000001
-12,15,1.6500000000000001
-12,15,1.6500000000000001
-12,15,1.6500000000000001
-12,15,1.6500000000000001
-12,15,1.6500000000000001
-12,15,16.26739553212162
-12,15,1.6500000000000001
-12,15,1.6500000000000001
-12,15,1.6500000000000001
-12,15,1.6500000000000001
-12,15,1.6500000000000001
-12,15,1.6500000000000001
-12,15,7.989799106327398
-12,15,1.6500000000000001
-12,15,1.6500000000000001
-12,15,8.25068778886693
-12,15,1.6500000000000001
-12,15,1.6500000000000001
-12,15,1.6500000000000001
-12,15,1.6500000000000001
-12,15,1.6500000000000001
-12,15,2.7257495509187635
-12,15,15.513091515664623
-12,15,1.6500000000000001
-12,15,4.513507420854558
-12,15,1.6500000000000001
-12,15,1.6500000000000001
-12,15,1.6500000000000001
-12,15,1.6500000000000001
-12,15,1.6500000000000001
-12,15,25.867526988950317
-12,15,1.6500000000000001
-12,15,15.554067949303942
-12,15,10.005121259926604
-12,15,1.6500000000000001
-12,15,9.919502092152864
-12,15,1.6500000000000001
-12,15,7.152274368440639
-12,15,1.6500000000000001
-12,15,1.6500000000000001
-12,15,1.6500000000000001
-12,15,1.6500000000000001
-12,15,1.6500000000000001
-12,15,1.6500000000000001
-12,15,1.6500000000000001
-12,15,18.980006796778415
-12,15,14.420993462965725
-12,15,1.6500000000000001
-12,15,1.6500000000000001
-12,15,3.6861371224765325
-12,15,1.6500000000000001
-12,15,1.6500000000000001
-12,15,1.6500000000000001
-12,15,1.6500000000000001
-12,15,6.561524883254979
-12,15,1.6500000000000001
-12,15,11.558392694044533
-12,15,1.6500000000000001
-12,15,1.6500000000000001
-12,15,1.6500000000000001
-12,15,21.194199426712018
-12,15,1.6500000000000001
-12,15,1.6500000000000001
-12,15,1.6500000000000001
-12,15,1.6500000000000001
-12,15,1.6500000000000001
-12,15,1.6500000000000001
-12,15,1.6500000000000001
-12,15,1.6500000000000001
-12,15,6.54764321219883
-12,15,1.6500000000000001
-12,15,1.6500000000000001
-12,15,1.6500000000000001
-12,15,5.579212103327503
-12,15,7.255445617517789
-12,15,1.6500000000000001
-12,15,18.711692319809018
-12,15,1.6500000000000001
-12,15,7.546741028843222
-12,15,1.6500000000000001
-12,15,4.743426992507506
-12,15,1.6500000000000001
-12,15,5.055119032669859
-12,15,10.353318240708505
-12,15,1.6500000000000001
-12,16,2.1036610383189993
-12,16,1.6500000000000001
-12,16,1.6500000000000001
-12,16,4.777312083145759
-12,16,11.617069479879753
-12,16,1.6500000000000001
-12,16,1.6500000000000001
-12,16,1.6500000000000001
-12,16,11.392975504160985
-12,16,1.6500000000000001
-12,16,1.6500000000000001
-12,16,1.6500000000000001
-12,16,10.247874154215891
-12,16,20.88644287402571
-12,16,14.336701180380587
-12,16,13.761305850291297
-12,16,1.6500000000000001
-12,16,1.6500000000000001
-12,16,14.715636838199341
-12,16,1.6500000000000001
-12,16,1.6500000000000001
-12,16,22.512926057518218
-12,16,10.85957372939064
-12,16,1.6500000000000001
-12,16,1.6500000000000001
-12,16,1.6500000000000001
-12,16,28.595370069722282
-12,16,1.6500000000000001
-12,16,9.372345230330048
-12,16,10.58613165250891
-12,16,21.812224207759186
-12,16,1.6500000000000001
-12,16,1.6500000000000001
-12,16,1.6500000000000001
-12,16,1.6500000000000001
-12,16,2.257243764278283
-12,16,1.6500000000000001
-12,16,1.6500000000000001
-12,16,1.6500000000000001
-12,16,1.6500000000000001
-12,16,1.6500000000000001
-12,16,4.369498258319987
-12,16,1.6500000000000001
-12,16,11.544103925119824
-12,16,1.6500000000000001
-12,16,1.6500000000000001
-12,16,1.6500000000000001
-12,16,1.6500000000000001
-12,16,1.6500000000000001
-12,16,1.6500000000000001
-12,16,14.037767827023725
-12,16,6.997619995764895
-12,16,1.6500000000000001
-12,16,1.6500000000000001
-12,16,4.347078939695838
-12,16,1.6500000000000001
-12,16,5.984561884963355
-12,16,10.752583884177959
-12,16,10.035167771147131
-12,16,1.6500000000000001
-12,16,1.6500000000000001
-12,16,10.562059121809655
-12,16,1.6500000000000001
-12,16,13.38290455882293
-12,16,25.254379456800322
-12,16,1.6500000000000001
-12,16,3.0827395566862776
-12,16,1.6500000000000001
-12,16,1.6500000000000001
-12,16,18.79956949173468
-12,16,1.6500000000000001
-12,16,1.6500000000000001
-12,16,1.6500000000000001
-12,16,18.512850772563244
-12,16,1.6500000000000001
-12,16,1.6500000000000001
-12,16,1.6500000000000001
-12,16,1.6500000000000001
-12,16,1.6500000000000001
-12,16,1.6500000000000001
-12,16,1.6500000000000001
-12,16,1.6500000000000001
-12,16,1.6500000000000001
-12,16,1.6500000000000001
-12,16,1.6500000000000001
-12,16,1.6500000000000001
-12,16,1.6500000000000001
-12,16,12.141241162305928
-12,16,1.6500000000000001
-12,16,1.6500000000000001
-12,16,1.6500000000000001
-12,16,1.6500000000000001
-12,16,7.652657569714711
-12,16,12.324727788938983
-12,16,1.6500000000000001
-12,16,1.6500000000000001
-12,16,1.6500000000000001
-12,16,1.6500000000000001
-12,16,1.6500000000000001
-12,16,1.6500000000000001
-12,16,1.6500000000000001
-12,16,4.352259114645772
-12,16,16.308161063548003
-12,16,1.6500000000000001
-12,16,1.6500000000000001
-12,16,1.6500000000000001
-12,16,16.89368017992068
-12,16,1.6500000000000001
-12,16,1.6500000000000001
-12,16,1.6500000000000001
-12,16,1.6500000000000001
-12,16,1.6500000000000001
-12,16,1.6500000000000001
-12,16,1.6500000000000001
-12,16,1.6500000000000001
-12,16,1.6500000000000001
-12,16,1.6500000000000001
-12,16,1.6500000000000001
-12,16,10.144884085370055
-12,16,1.6500000000000001
-12,16,1.6500000000000001
-12,16,1.6500000000000001
-13,16,1.6500000000000001
-13,16,1.6500000000000001
-13,16,8.236929111460574
-13,16,15.660012500291021
-13,16,1.6500000000000001
-13,16,1.6500000000000001
-13,16,1.6500000000000001
-13,16,1.6500000000000001
-13,16,1.6500000000000001
-13,16,1.6500000000000001
-13,16,11.464509925510889
-13,16,1.6500000000000001
-13,16,1.6500000000000001
-13,16,1.6500000000000001
-13,16,1.6500000000000001
-13,16,1.6500000000000001
-13,16,1.6500000000000001
-13,16,1.6500000000000001
-13,16,1.6500000000000001
-13,16,1.6500000000000001
-13,16,8.288477468920716
-13,16,6.7784911730918775
-13,16,2.120388147509484
-13,16,5.920891475434464
-13,16,1.6500000000000001
-13,16,1.6500000000000001
-13,16,1.6500000000000001
-13,16,28.213563544672564
-13,16,1.6500000000000001
-13,16,12.92103638428282
-13,16,1.6500000000000001
-13,16,1.6500000000000001
-13,16,1.6500000000000001
-13,16,1.6500000000000001
-13,16,1.6500000000000001
-13,16,4.902980544715504
-13,16,1.6500000000000001
-13,16,1.6500000000000001
-13,16,14.778833209490973
-13,16,1.6500000000000001
-13,16,24.18533273090136
-13,16,1.6500000000000001
-13,16,1.6500000000000001
-13,16,1.6500000000000001
-13,16,2.931085240386346
-13,16,1.6500000000000001
-13,16,1.6500000000000001
-13,16,4.815368349089745
-13,16,1.6500000000000001
-13,16,15.17673608255004
-13,16,1.6500000000000001
-13,16,1.6500000000000001
-13,16,1.6500000000000001
-13,16,1.6500000000000001
-13,16,1.6500000000000001
-13,16,1.6500000000000001
-13,16,1.6500000000000001
-13,16,1.6500000000000001
-13,16,3.889153303217176
-13,16,1.6500000000000001
-13,16,1.6500000000000001
-13,16,1.6500000000000001
-13,16,1.6612134836855041
-13,16,22.099314718159984
-13,16,14.017479785484465
-13,16,1.6500000000000001
-13,16,10.458552624336242
-13,16,1.6500000000000001
-13,16,1.6500000000000001
-13,16,2.470559187324141
-13,16,1.6500000000000001
-13,16,16.018094166596374
-13,16,1.6500000000000001
-13,16,1.6500000000000001
-13,16,1.6500000000000001
-13,16,5.093983779862313
-13,16,1.6500000000000001
-13,16,7.585233245992166
-13,16,1.6500000000000001
-13,16,1.6500000000000001
-13,16,3.649245738576523
-13,16,1.6500000000000001
-13,16,1.6500000000000001
-13,16,1.6500000000000001
-13,16,1.6500000000000001
-13,16,1.6500000000000001
-13,16,1.6500000000000001
-13,16,1.6500000000000001
-13,16,5.23909018580504
-13,16,1.6500000000000001
-13,16,1.6500000000000001
-13,16,7.317971242497837
-13,16,1.6500000000000001
-13,16,1.6500000000000001
-13,16,1.6500000000000001
-13,16,1.6500000000000001
-13,16,1.6500000000000001
-13,16,1.6500000000000001
-13,16,1.6500000000000001
-13,16,1.6500000000000001
-13,16,1.6500000000000001
-13,16,1.6500000000000001
-13,16,1.6500000000000001
-13,16,1.6500000000000001
-13,16,1.6500000000000001
-13,16,4.609665420112899
-13,16,1.6500000000000001
-13,16,6.081639352507139
-13,16,1.6500000000000001
-13,16,3.050791063000709
-13,16,10.058484068624626
-13,16,1.6500000000000001
-13,16,9.574934902041747
-13,16,1.6500000000000001
-13,16,1.6500000000000001
-13,16,1.6500000000000001
-13,16,1.6500000000000001
-13,16,1.6500000000000001
-13,16,1.6500000000000001
-13,16,7.483852955931397
-13,16,1.6500000000000001
-13,16,1.6500000000000001
-14,16,1.6500000000000001
-14,16,19.967090836121375
-14,16,1.6500000000000001
-14,16,1.6500000000000001
-14,16,1.6500000000000001
-14,16,1.6500000000000001
-14,16,5.082010836321285
-14,16,7.919596680064789
-14,16,1.6500000000000001
-14,16,1.6500000000000001
-14,16,1.6500000000000001
-14,16,1.6500000000000001
-14,16,1.6500000000000001
-14,16,1.6500000000000001
-14,16,17.813668816841393
-14,16,1.6500000000000001
-14,16,1.6500000000000001
-14,16,3.7311123295592505
-14,16,5.605854280679292
-14,16,1.6500000000000001
-14,16,1.6500000000000001
-14,16,8.579405124050599
-14,16,1.6500000000000001
-14,16,2.3234257197159485
-14,16,1.6500000000000001
-14,16,1.6500000000000001
-14,16,1.6500000000000001
-14,16,1.6500000000000001
-14,16,1.6500000000000001
-14,16,8.131680629188107
-14,16,1.6500000000000001
-14,16,1.6500000000000001
-14,16,1.6500000000000001
-14,16,16.34350506852435
-14,16,5.235661136670808
-14,16,1.6500000000000001
-14,16,1.6500000000000001
-14,16,9.523369875965493
-14,16,6.60874682187136
-14,16,27.24363276751126
-14,16,3.2836308655231665
-14,16,1.6500000000000001
-14,16,1.6500000000000001
-14,16,14.53855753734474
-14,16,1.6500000000000001
-14,16,1.6500000000000001
-14,16,1.6500000000000001
-14,16,1.6500000000000001
-14,16,4.950193078295699
-14,16,1.6500000000000001
-14,16,1.6500000000000001
-14,16,1.6500000000000001
-14,16,1.6500000000000001
-14,16,1.6500000000000001
-14,16,1.6500000000000001
-14,16,1.6500000000000001
-14,16,1.6500000000000001
-14,16,9.046371250801235
-14,16,1.6500000000000001
-14,16,6.547522462062725
-14,16,1.6500000000000001
-14,16,1.6500000000000001
-14,16,1.6500000000000001
-14,16,1.6500000000000001
-14,16,1.6500000000000001
-14,16,25.310081303379278
-14,16,7.149243789670107
-14,16,1.6500000000000001
-14,16,1.6500000000000001
-14,16,1.6500000000000001
-14,16,1.6500000000000001
-14,16,1.6500000000000001
-14,16,1.6500000000000001
-14,16,7.270059560805093
-14,16,1.6500000000000001
-14,16,24.03644613002943
-14,16,14.404624417948668
-14,16,1.6500000000000001
-14,16,1.6500000000000001
-14,16,1.6500000000000001
-14,16,1.6500000000000001
-14,16,1.6500000000000001
-14,16,1.6500000000000001
-14,16,1.6500000000000001
-14,16,1.6500000000000001
-14,16,3.692110626022621
-14,16,1.6500000000000001
-14,16,1.6500000000000001
-14,16,1.6500000000000001
-14,16,1.6500000000000001
-14,16,1.6500000000000001
-14,16,1.6500000000000001
-14,16,1.6500000000000001
-14,16,1.6500000000000001
-14,16,1.6500000000000001
-14,16,3.2339739348950163
-14,16,1.6500000000000001
-14,16,1.6500000000000001
-14,16,1.6500000000000001
-14,16,1.6500000000000001
-14,16,1.6500000000000001
-14,16,1.6500000000000001
-14,16,1.6500000000000001
-14,16,1.6500000000000001
-14,16,1.6500000000000001
-14,16,5.217686166345816
-14,16,1.6500000000000001
-14,16,18.822184309952018
-14,16,2.038810289873167
-14,16,1.6500000000000001
-14,16,6.806578680727046
-14,16,1.6500000000000001
-14,16,1.6500000000000001
-14,16,1.6500000000000001
-14,16,1.6500000000000001
-14,16,1.6500000000000001
-14,16,1.6500000000000001
-14,16,1.6500000000000001
-14,16,5.036937475415094
-14,16,1.6500000000000001
-14,16,1.6500000000000001
-14,16,1.6500000000000001
-15,16,1.6500000000000001
-15,16,1.6500000000000001
-15,16,1.6500000000000001
-15,16,5.430877502844645
-15,16,1.6500000000000001
-15,16,1.6500000000000001
-15,16,9.068842384889727
-15,16,1.6500000000000001
-15,16,6.188460675519593
-15,16,1.6500000000000001
-15,16,1.6500000000000001
-15,16,2.4670133753327574
-15,16,1.6500000000000001
-15,16,1.6500000000000001
-15,16,1.6500000000000001
-15,16,11.739056700051549
-15,16,1.6500000000000001
-15,16,4.128813599364738
-15,16,1.6500000000000001
-15,16,1.6500000000000001
-15,16,1.6500000000000001
-15,16,1.6500000000000001
-15,16,1.6500000000000001
-15,16,11.31889517152053
-15,16,1.6500000000000001
-15,16,9.039369065223045
-15,16,1.6500000000000001
-15,16,1.6500000000000001
-15,16,8.218282106646395
-15,16,1.6500000000000001
-15,16,1.6500000000000001
-15,16,3.88399886999356
-15,16,1.6500000000000001
-15,16,1.6500000000000001
-15,16,1.6500000000000001
-15,16,1.6500000000000001
-15,16,10.166402968733381
-15,16,1.6500000000000001
-15,16,26.64518279628765
-15,16,1.6500000000000001
-15,16,1.6500000000000001
-15,16,1.6500000000000001
-15,16,16.773554462829065
-15,16,7.93051950353062
-15,16,1.6500000000000001
-15,16,1.6500000000000001
-15,16,2.2137417927580927
-15,16,3.520065802101911
-15,16,1.6500000000000001
-15,16,1.6500000000000001
-15,16,1.6500000000000001
-15,16,1.6500000000000001
-15,16,1.6500000000000001
-15,16,1.6500000000000001
-15,16,8.045190114688094
-15,16,1.6500000000000001
-15,16,19.73520250424022
-15,16,1.6500000000000001
-15,16,1.6500000000000001
-15,16,1.6500000000000001
-15,16,1.6500000000000001
-15,16,1.6500000000000001
-15,16,1.6500000000000001
-15,16,1.6500000000000001
-15,16,1.6500000000000001
-15,16,1.6500000000000001
-15,16,1.6500000000000001
-15,16,5.858377517308806
-15,16,1.6500000000000001
-15,16,1.6500000000000001
-15,16,3.2945302199183786
-15,16,12.876466637344766
-15,16,1.6500000000000001
-15,16,1.6500000000000001
-15,16,9.217280437568101
-15,16,1.6500000000000001
-15,16,1.6500000000000001
-15,16,3.93011781973901
-15,16,1.6500000000000001
-15,16,1.6500000000000001
-15,16,1.6500000000000001
-15,16,6.240071127376062
-15,16,1.6500000000000001
-15,16,10.56107970557842
-15,16,9.690547154943532
-15,16,1.6500000000000001
-15,16,1.6500000000000001
-15,16,1.6500000000000001
-15,16,1.6500000000000001
-15,16,6.62072416082855
-15,16,1.6500000000000001
-15,16,1.6500000000000001
-15,16,1.6500000000000001
-15,16,1.6500000000000001
-15,16,1.6500000000000001
-15,16,1.6500000000000001
-15,16,7.338836105340739
-15,16,1.6500000000000001
-15,16,1.6500000000000001
-15,16,1.6500000000000001
-15,16,1.6500000000000001
-15,16,1.6500000000000001
-15,16,1.6500000000000001
-15,16,19.948063680104372
-15,16,1.6500000000000001
-15,16,1.6500000000000001
-15,16,1.6500000000000001
-15,16,3.9336217115916448
-15,16,1.6500000000000001
-15,16,1.6500000000000001
-15,16,1.6500000000000001
-15,16,1.6500000000000001
-15,16,8.832800230282114
-15,16,27.45350610269226
-15,16,10.740505809769221
-15,16,1.6500000000000001
-15,16,1.6500000000000001
-15,16,1.6500000000000001
-15,16,1.6500000000000001
-15,16,6.333427728601892
-15,16,1.6500000000000001
-15,16,1.6500000000000001
-15,16,1.6500000000000001
-14,16,1.6500000000000001
-14,16,8.801090052245467
-14,16,1.6500000000000001
-14,16,1.6500000000000001
-14,16,20.374068305095925
-14,16,6.084463030792987
-14,16,13.168464040882547
-14,16,1.6500000000000001
-14,16,1.6500000000000001
-14,16,1.6500000000000001
-14,16,1.6500000000000001
-14,16,1.6500000000000001
-14,16,5.983627502145493
-14,16,1.6500000000000001
-14,16,1.6500000000000001
-14,16,7.53213097831132
-14,16,2.9202101158301765
-14,16,1.6500000000000001
-14,16,1.6500000000000001
-14,16,1.6500000000000001
-14,16,11.570990261658856
-14,16,1.6500000000000001
-14,16,1.6500000000000001
-14,16,9.562432122030895
-14,16,1.6500000000000001
-14,16,1.6500000000000001
-14,16,1.6500000000000001
-14,16,18.137131821461914
-14,16,1.6500000000000001
-14,16,1.6500000000000001
-14,16,1.6500000000000001
-14,16,1.6500000000000001
-14,16,1.6500000000000001
-14,16,1.6500000000000001
-14,16,1.6500000000000001
-14,16,1.6500000000000001
-14,16,1.6500000000000001
-14,16,1.6500000000000001
-14,16,1.6500000000000001
-14,16,1.6500000000000001
-14,16,1.6500000000000001
-14,16,1.6500000000000001
-14,16,25.748828156959036
-14,16,1.6500000000000001
-14,16,1.6500000000000001
-14,16,1.6500000000000001
-14,16,1.6500000000000001
-14,16,1.6500000000000001
-14,16,1.6500000000000001
-14,16,1.6500000000000001
-14,16,1.6500000000000001
-14,16,1.6500000000000001
-14,16,13.910741365298165
-14,16,11.987054020461809
-14,16,12.388737842584769
-14,16,4.801800049261592
-14,16,27.803132877811304
-14,16,1.6500000000000001
-14,16,1.6500000000000001
-14,16,14.126117709284362
-14,16,1.6500000000000001
-14,16,1.6500000000000001
-14,16,1.6500000000000001
-14,16,1.6500000000000001
-14,16,1.6500000000000001
-14,16,10.22929111044202
-14,16,1.6500000000000001
-14,16,1.6500000000000001
-14,16,1.6500000000000001
-14,16,1.6500000000000001
-14,16,1.6500000000000001
-14,16,1.6500000000000001
-14,16,1.6500000000000001
-14,16,8.115970611892811
-14,16,1.6500000000000001
-14,16,1.6500000000000001
-14,16,17.731007028328108
-14,16,1.6500000000000001
-14,16,10.98781336283857
-14,16,6.5089372455392756
-14,16,29.7
-14,16,1.6500000000000001
-14,16,1.6500000000000001
-14,16,1.6500000000000001
-14,16,1.6500000000000001
-14,16,1.6500000000000001
-14,16,1.6500000000000001
-14,16,4.888634113917153
-14,16,6.060855411021892
-14,16,1.6500000000000001
-14,16,9.32635535774453
-14,16,11.895387147349261
-14,16,1.6500000000000001
-14,16,20.608781738274704
-14,16,1.6500000000000001
-14,16,1.6500000000000001
-14,16,1.6500000000000001
-14,16,8.56204588686851
-14,16,1.6500000000000001
-14,16,1.6500000000000001
-14,16,1.6500000000000001
-14,16,1.6500000000000001
-14,16,1.6500000000000001
-14,16,1.6500000000000001
-14,16,7.641097323740459
-14,16,1.6500000000000001
-14,16,1.6500000000000001
-14,16,10.773928120160024
-14,16,1.6500000000000001
-14,16,1.6500000000000001
-14,16,1.6500000000000001
-14,16,1.6500000000000001
-14,16,1.6500000000000001
-14,16,8.466010741564704
-14,16,1.6500000000000001
-14,16,1.6500000000000001
-14,16,14.35927253439895
-14,16,1.6500000000000001
-14,16,1.6500000000000001
-14,16,1.6500000000000001
-14,16,1.6500000000000001
-14,16,1.6500000000000001
-15,16,1.6500000000000001
-15,16,1.6500000000000001
-15,16,1.6500000000000001
-15,16,1.6500000000000001
-15,16,1.6500000000000001
-15,16,1.6500000000000001
-15,16,1.6500000000000001
-15,16,1.6500000000000001
-15,16,1.6500000000000001
-15,16,1.6500000000000001
-15,16,1.6500000000000001
-15,16,1.6500000000000001
-15,16,1.6500000000000001
-15,16,17.18892165795947
-15,16,1.6500000000000001
-15,16,10.254168427486313
-15,16,1.6500000000000001
-15,16,1.6500000000000001
-15,16,1.6500000000000001
-15,16,5.76266561158708
-15,16,1.6500000000000001
-15,16,1.6500000000000001
-15,16,13.030736098668626
-15,16,9.998708747239322
-15,16,1.6500000000000001
-15,16,1.6500000000000001
-15,16,1.6500000000000001
-15,16,5.326278083700279
-15,16,1.6500000000000001
-15,16,1.6500000000000001
-15,16,1.6500000000000001
-15,16,1.6500000000000001
-15,16,1.6500000000000001
-15,16,1.6500000000000001
-15,16,6.282944852791935
-15,16,6.4355789537590535
-15,16,1.6500000000000001
-15,16,1.6500000000000001
-15,16,1.6500000000000001
-15,16,16.790094352670526
-15,16,1.941226149129057
-15,16,1.6500000000000001
-15,16,12.213453357556585
-15,16,15.166132459450889
-15,16,1.6500000000000001
-15,16,2.208935236871133
-15,16,1.6500000000000001
-15,16,1.6500000000000001
-15,16,1.6500000000000001
-15,16,1.6500000000000001
-15,16,1.6500000000000001
-15,16,1.6500000000000001
-15,16,1.6500000000000001
-15,16,1.6500000000000001
-15,16,1.6500000000000001
-15,16,1.6500000000000001
-15,16,1.6500000000000001
-15,16,1.6500000000000001
-15,16,1.6500000000000001
-15,16,13.494246848957008
-15,16,1.8244128161839068
-15,16,29.7
-15,16,2.0299925484838353
-15,16,1.6500000000000001
-15,16,1.6500000000000001
-15,16,1.6500000000000001
-15,16,1.6500000000000001
-15,16,1.6500000000000001
-15,16,1.6500000000000001
-15,16,1.6500000000000001
-15,16,1.6500000000000001
-15,16,1.6500000000000001
-15,16,16.03662607503298
-15,16,1.6500000000000001
-15,16,13.549807975631715
-15,16,13.545364132581213
-15,16,1.6500000000000001
-15,16,1.6500000000000001
-15,16,1.6500000000000001
-15,16,4.868528254236802
-15,16,1.6500000000000001
-15,16,1.6500000000000001
-15,16,1.6500000000000001
-15,16,1.6500000000000001
-15,16,1.6500000000000001
-15,16,1.6500000000000001
-15,16,8.279415238225495
-15,16,1.6500000000000001
-15,16,1.6500000000000001
-15,16,1.6500000000000001
-15,16,1.6500000000000001
-15,16,9.273142468871164
-15,16,1.6500000000000001
-15,16,1.6500000000000001
-15,16,1.6500000000000001
-15,16,5.917413342011143
-15,16,1.6500000000000001
-15,16,1.6500000000000001
-15,16,1.6500000000000001
-15,16,1.6500000000000001
-15,16,1.6500000000000001
-15,16,12.038085382907521
-15,16,4.9708340877584
-15,16,5.869253306114933
-15,16,11.906935601129746
-15,16,1.6500000000000001
-15,16,1.6500000000000001
-15,16,1.6500000000000001
-15,16,1.6500000000000001
-15,16,3.305553676407051
-15,16,8.78710106729113
-15,16,1.6500000000000001
-15,16,29.7
-15,16,1.6500000000000001
-15,16,1.6500000000000001
-15,16,1.6500000000000001
-15,16,1.6500000000000001
-15,16,1.6500000000000001
-15,16,1.6500000000000001
-15,16,16.594306533017633
-15,16,1.6500000000000001
-15,16,1.6500000000000001
-16,16,1.6500000000000001
-16,16,1.6500000000000001
-16,16,1.6500000000000001
-16,16,1.6500000000000001
-16,16,1.6500000000000001
-16,16,29.7
-16,16,1.6500000000000001
-16,16,1.6500000000000001
-16,16,1.6500000000000001
-16,16,1.6500000000000001
-16,16,1.6500000000000001
-16,16,1.6500000000000001
-16,16,1.6500000000000001
-16,16,1.6500000000000001
-16,16,1.6500000000000001
-16,16,1.6500000000000001
-16,16,1.6500000000000001
-16,16,3.4941960263988
-16,16,1.6500000000000001
-16,16,1.6500000000000001
-16,16,1.6500000000000001
-16,16,1.6500000000000001
-16,16,1.6500000000000001
-16,16,1.6500000000000001
-16,16,1.6500000000000001
-16,16,7.559423871043181
-16,16,1.6500000000000001
-16,16,1.6500000000000001
-16,16,5.55869501815387
-16,16,1.6500000000000001
-16,16,1.6500000000000001
-16,16,1.6500000000000001
-16,16,1.6500000000000001
-16,16,1.6500000000000001
-16,16,1.6500000000000001
-16,16,1.6500000000000001
-16,16,2.769749301190231
-16,16,17.78079051755891
-16,16,1.6500000000000001
-16,16,1.6500000000000001
-16,16,13.587532820826098
-16,16,1.6500000000000001
-16,16,1.6500000000000001
-16,16,3.043249617093222
-16,16,1.6500000000000001
-16,16,1.6500000000000001
-16,16,1.6500000000000001
-16,16,1.6500000000000001
-16,16,7.904953820228926
-16,16,1.6500000000000001
-16,16,1.6500000000000001
-16,16,1.6500000000000001
-16,16,20.110847338210785
-16,16,1.6500000000000001
-16,16,1.6500000000000001
-16,16,1.6500000000000001
-16,16,1.6500000000000001
-16,16,1.6500000000000001
-16,16,1.6500000000000001
-16,16,1.6500000000000001
-16,16,1.6500000000000001
-16,16,1.6500000000000001
-16,16,1.6500000000000001
-16,16,1.6500000000000001
-16,16,1.6500000000000001
-16,16,1.6500000000000001
-16,16,1.6500000000000001
-16,16,1.6500000000000001
-16,16,1.6500000000000001
-16,16,1.6500000000000001
-16,16,1.6500000000000001
-16,16,1.6500000000000001
-16,16,1.6500000000000001
-16,16,19.95985499219934
-16,16,12.775578889668296
-16,16,1.6908143234039894
-16,16,1.6500000000000001
-16,16,1.6500000000000001
-16,16,2.4729193094930313
-16,16,1.6500000000000001
-16,16,1.6500000000000001
-16,16,10.301798566754442
-16,16,1.6500000000000001
-16,16,1.6500000000000001
-16,16,1.6500000000000001
-16,16,1.6500000000000001
-16,16,1.6500000000000001
-16,16,1.6500000000000001
-16,16,18.732026542403823
-16,16,1.6500000000000001
-16,16,1.6500000000000001
-16,16,15.886241385146832
-16,16,1.6500000000000001
-16,16,1.6500000000000001
-16,16,1.6500000000000001
-16,16,4.560810929818878
-16,16,1.6500000000000001
-16,16,1.6500000000000001
-16,16,1.6500000000000001
-16,16,1.6500000000000001
-16,16,1.6500000000000001
-16,16,1.6500000000000001
-16,16,1.6500000000000001
-16,16,2.069135769308075
-16,16,1.6500000000000001
-16,16,1.6500000000000001
-16,16,1.6500000000000001
-16,16,1.6500000000000001
-16,16,16.779561526086365
-16,16,1.6500000000000001
-16,16,1.6500000000000001
-16,16,1.6500000000000001
-16,16,1.6500000000000001
-16,16,1.6500000000000001
-16,16,1.6500000000000001
-16,16,14.366981606923687
-16,16,1.6500000000000001
-16,16,1.6500000000000001
-16,16,1.6500000000000001
-16,16,1.6500000000000001
-16,16,11.017603660714041
-16,16,1.6500000000000001
-17,16,1.6500000000000001
-17,16,1.6500000000000001
-17,16,11.266606784783463
-17,16,1.873185921660065
-17,16,1.6500000000000001
-17,16,10.279497981004454
-17,16,1.6500000000000001
-17,16,1.6500000000000001
-17,16,1.6500000000000001
-17,16,1.6500000000000001
-17,16,3.865558739316185
-17,16,2.2467935640525525
-17,16,1.6500000000000001
-17,16,1.6500000000000001
-17,16,1.6500000000000001
-17,16,12.027386895291702
-17,16,1.6500000000000001
-17,16,1.6500000000000001
-17,16,3.3459288783414394
-17,16,1.6500000000000001
-17,16,1.6500000000000001
-17,16,1.6500000000000001
-17,16,1.6500000000000001
-17,16,1.6500000000000001
-17,16,1.6500000000000001
-17,16,1.6500000000000001
-17,16,1.6500000000000001
-17,16,1.6500000000000001
-17,16,14.239443816277284
-17,16,1.6500000000000001
-17,16,1.6500000000000001
-17,16,9.705132545881185
-17,16,1.6500000000000001
-17,16,1.6500000000000001
-17,16,1.6500000000000001
-17,16,1.6500000000000001
-17,16,1.6500000000000001
-17,16,1.6500000000000001
-17,16,1.6500000000000001
-17,16,1.6500000000000001
-17,16,1.6500000000000001
-17,16,1.6500000000000001
-17,16,1.6500000000000001
-17,16,1.6500000000000001
-17,16,1.6500000000000001
-17,16,1.6500000000000001
-17,16,1.6500000000000001
-17,16,16.037578234813452
-17,16,1.6500000000000001
-17,16,1.6500000000000001
-17,16,1.6500000000000001
-17,16,1.6500000000000001
-17,16,1.6500000000000001
-17,16,1.6500000000000001
-17,16,1.6500000000000001
-17,16,1.6500000000000001
-17,16,1.6500000000000001
-17,16,1.6500000000000001
-17,16,1.6500000000000001
-17,16,1.6500000000000001
-17,16,1.6500000000000001
-17,16,1.6500000000000001
-17,16,1.6500000000000001
-17,16,1.6500000000000001
-17,16,1.6500000000000001
-17,16,1.6500000000000001
-17,16,1.6500000000000001
-17,16,1.6500000000000001
-17,16,1.6500000000000001
-17,16,1.6500000000000001
-17,16,1.6500000000000001
-17,16,17.492084173495545
-17,16,1.6500000000000001
-17,16,1.6500000000000001
-17,16,16.557783301762285
-17,16,1.6500000000000001
-17,16,1.6500000000000001
-17,16,1.6500000000000001
-17,16,1.6500000000000001
-17,16,2.1694082438521907
-17,16,1.6500000000000001
-17,16,11.093846332381805
-17,16,1.6500000000000001
-17,16,15.171092753487002
-17,16,1.6500000000000001
-17,16,1.6500000000000001
-17,16,1.6500000000000001
-17,16,1.6500000000000001
-17,16,1.6500000000000001
-17,16,1.6500000000000001
-17,16,1.6500000000000001
-17,16,1.6500000000000001
-17,16,1.6500000000000001
-17,16,1.6500000000000001
-17,16,1.6500000000000001
-17,16,1.6500000000000001
-17,16,1.6500000000000001
-17,16,1.6500000000000001
-17,16,1.6500000000000001
-17,16,1.6500000000000001
-17,16,1.6500000000000001
-17,16,1.6500000000000001
-17,16,1.6500000000000001
-17,16,1.6500000000000001
-17,16,1.6500000000000001
-17,16,1.6500000000000001
-17,16,1.6500000000000001
-17,16,1.6500000000000001
-17,16,15.91591678384459
-17,16,1.6500000000000001
-17,16,1.6500000000000001
-17,16,1.6500000000000001
-17,16,2.618077265780414
-17,16,5.226942925007954
-17,16,4.491759043538698
-17,16,1.6500000000000001
-17,16,2.9022401629365593
-17,16,1.6500000000000001
-17,16,1.6500000000000001
-17,16,1.6500000000000001
-17,16,1.6500000000000001
-17,16,1.6500000000000001
-18,16,1.6500000000000001
-18,16,1.6500000000000001
-18,16,1.6500000000000001
-18,16,1.6500000000000001
-18,16,1.6500000000000001
-18,16,1.6500000000000001
-18,16,1.6500000000000001
-18,16,1.6500000000000001
-18,16,1.6500000000000001
-18,16,1.6500000000000001
-18,16,1.6500000000000001
-18,16,6.48691823053656
-18,16,1.6500000000000001
-18,16,1.6500000000000001
-18,16,1.6500000000000001
-18,16,1.6500000000000001
-18,16,1.6500000000000001
-18,16,13.475416276546959
-18,16,1.6500000000000001
-18,16,1.6500000000000001
-18,16,1.6500000000000001
-18,16,1.6500000000000001
-18,16,1.6500000000000001
-18,16,1.6500000000000001
-18,16,1.6500000000000001
-18,16,1.6500000000000001
-18,16,8.16948911796782
-18,16,1.6500000000000001
-18,16,1.6500000000000001
-18,16,4.485306864026578
-18,16,1.6500000000000001
-18,16,9.668912614012989
-18,16,1.6500000000000001
-18,16,1.6500000000000001
-18,16,1.6500000000000001
-18,16,1.6500000000000001
-18,16,1.6500000000000001
-18,16,1.6500000000000001
-18,16,1.6500000000000001
-18,16,1.6500000000000001
-18,16,1.6500000000000001
-18,16,1.6500000000000001
-18,16,1.6500000000000001
-18,16,1.6500000000000001
-18,16,1.6500000000000001
-18,16,1.6500000000000001
-18,16,1.6500000000000001
-18,16,1.6500000000000001
-18,16,1.6500000000000001
-18,16,4.925478715712764
-18,16,5.042245792530503
-18,16,1.6500000000000001
-18,16,4.100146681556096
-18,16,1.6500000000000001
-18,16,1.6500000000000001
-18,16,10.192833990194863
-18,16,1.6500000000000001
-18,16,1.6500000000000001
-18,16,1.6500000000000001
-18,16,1.6500000000000001
-18,16,1.6500000000000001
-18,16,1.6500000000000001
-18,16,1.6500000000000001
-18,16,1.6500000000000001
-18,16,1.6500000000000001
-18,16,1.6500000000000001
-18,16,1.6500000000000001
-18,16,1.6500000000000001
-18,16,1.6500000000000001
-18,16,1.6500000000000001
-18,16,1.6500000000000001
-18,16,1.6500000000000001
-18,16,1.6500000000000001
-18,16,2.992520585516969
-18,16,1.6500000000000001
-18,16,1.6500000000000001
-18,16,1.6500000000000001
-18,16,1.6500000000000001
-18,16,1.6500000000000001
-18,16,1.6500000000000001
-18,16,2.066127169018751
-18,16,1.6500000000000001
-18,16,1.6500000000000001
-18,16,1.6500000000000001
-18,16,1.6500000000000001
-18,16,1.6500000000000001
-18,16,1.6500000000000001
-18,16,1.6500000000000001
-18,16,1.6500000000000001
-18,16,1.6500000000000001
-18,16,1.6500000000000001
-18,16,1.6500000000000001
-18,16,1.6500000000000001
-18,16,1.6500000000000001
-18,16,1.6500000000000001
-18,16,3.5996280077474516
-18,16,11.845228500691341
-18,16,1.6500000000000001
-18,16,1.6500000000000001
-18,16,1.6500000000000001
-18,16,1.6500000000000001
-18,16,1.6500000000000001
-18,16,1.6500000000000001
-18,16,1.6500000000000001
-18,16,1.6500000000000001
-18,16,9.61151102346528
-18,16,1.6500000000000001
-18,16,1.6500000000000001
-18,16,1.6500000000000001
-18,16,1.6500000000000001
-18,16,1.6500000000000001
-18,16,1.6500000000000001
-18,16,1.6500000000000001
-18,16,15.796679373859334
-18,16,1.6500000000000001
-18,16,1.6500000000000001
-18,16,1.6500000000000001
-18,16,1.6500000000000001
-18,16,1.6500000000000001
-18,16,1.6500000000000001
-18,16,1.6500000000000001
-18,16,1.6500000000000001
-18,16,1.6500000000000001
-17,16,1.6500000000000001
-17,16,1.6500000000000001
-17,16,1.6500000000000001
-17,16,1.6500000000000001
-17,16,1.6500000000000001
-17,16,1.6500000000000001
-17,16,1.6500000000000001
-17,16,1.6500000000000001
-17,16,1.6500000000000001
-17,16,1.6500000000000001
-17,16,1.6500000000000001
-17,16,1.6500000000000001
-17,16,1.6500000000000001
-17,16,15.12367872670616
-17,16,1.6500000000000001
-17,16,1.6500000000000001
-17,16,1.6500000000000001
-17,16,1.6500000000000001
-17,16,1.6500000000000001
-17,16,9.050534453228494
-17,16,1.6500000000000001
-17,16,1.6500000000000001
-17,16,13.158618352949293
-17,16,10.05254645065473
-17,16,1.6500000000000001
-17,16,1.6500000000000001
-17,16,1.6500000000000001
-17,16,1.6500000000000001
-17,16,1.6500000000000001
-17,16,1.6500000000000001
-17,16,1.6500000000000001
-17,16,1.6500000000000001
-17,16,1.6500000000000001
-17,16,1.6500000000000001
-17,16,11.313371755861233
-17,16,1.6500000000000001
-17,16,1.6500000000000001
-17,16,1.6500000000000001
-17,16,1.6500000000000001
-17,16,1.6500000000000001
-17,16,1.6500000000000001
-17,16,13.504244816179352
-17,16,1.6500000000000001
-17,16,1.6500000000000001
-17,16,1.6500000000000001
-17,16,13.430681993856268
-17,16,1.6500000000000001
-17,16,1.6500000000000001
-17,16,18.450458894551616
-17,16,1.6500000000000001
-17,16,1.6500000000000001
-17,16,1.6500000000000001
-17,16,1.6500000000000001
-17,16,1.6500000000000001
-17,16,1.6500000000000001
-17,16,2.373045097228191
-17,16,1.6500000000000001
-17,16,1.6500000000000001
-17,16,1.6500000000000001
-17,16,1.6500000000000001
-17,16,1.6500000000000001
-17,16,1.6500000000000001
-17,16,1.6500000000000001
-17,16,1.6500000000000001
-17,16,1.6500000000000001
-17,16,1.6500000000000001
-17,16,1.6500000000000001
-17,16,7.833233938285064
-17,16,1.6500000000000001
-17,16,21.651569389333652
-17,16,1.6500000000000001
-17,16,1.6500000000000001
-17,16,1.6500000000000001
-17,16,1.6500000000000001
-17,16,1.6500000000000001
-17,16,1.6500000000000001
-17,16,25.346537827863187
-17,16,1.6500000000000001
-17,16,1.6500000000000001
-17,16,1.6500000000000001
-17,16,1.6500000000000001
-17,16,1.6500000000000001
-17,16,1.6500000000000001
-17,16,1.6500000000000001
-17,16,1.6500000000000001
-17,16,1.6500000000000001
-17,16,1.6500000000000001
-17,16,1.6500000000000001
-17,16,1.6500000000000001
-17,16,1.6500000000000001
-17,16,1.6500000000000001
-17,16,1.6500000000000001
-17,16,1.6500000000000001
-17,16,12.633323921730838
-17,16,1.6500000000000001
-17,16,1.6500000000000001
-17,16,1.6500000000000001
-17,16,1.6500000000000001
-17,16,1.6500000000000001
-17,16,1.6500000000000001
-17,16,1.6500000000000001
-17,16,1.6500000000000001
-17,16,1.6500000000000001
-17,16,2.904334128512488
-17,16,10.011367772206494
-17,16,1.6500000000000001
-17,16,20.122756449451447
-17,16,1.6500000000000001
-17,16,22.33902190774816
-17,16,1.6500000000000001
-17,16,1.6500000000000001
-17,16,1.6500000000000001
-17,16,1.6500000000000001
-17,16,1.6500000000000001
-17,16,9.112578472276368
-17,16,1.6500000000000001
-17,16,1.6500000000000001
-17,16,1.6500000000000001
-17,16,1.6500000000000001
-17,16,1.6500000000000001
-17,16,1.6500000000000001
-17,16,1.6500000000000001
-18,16,1.6500000000000001
-18,16,1.6500000000000001
-18,16,1.6500000000000001
-18,16,1.6500000000000001
-18,16,1.6500000000000001
-18,16,1.6500000000000001
-18,16,1.6500000000000001
-18,16,1.6500000000000001
-18,16,3.9938561795256504
-18,16,1.6500000000000001
-18,16,1.6500000000000001
-18,16,1.6500000000000001
-18,16,1.6500000000000001
-18,16,1.9558306969623
-18,16,1.6500000000000001
-18,16,1.6500000000000001
-18,16,1.6500000000000001
-18,16,2.337742449622775
-18,16,1.6500000000000001
-18,16,1.6500000000000001
-18,16,1.6500000000000001
-18,16,1.6500000000000001
-18,16,1.6500000000000001
-18,16,1.6500000000000001
-18,16,1.6500000000000001
-18,16,1.6500000000000001
-18,16,1.6500000000000001
-18,16,1.6500000000000001
-18,16,1.6500000000000001
-18,16,1.6500000000000001
-18,16,1.6500000000000001
-18,16,1.6500000000000001
-18,16,1.6500000000000001
-18,16,1.6500000000000001
-18,16,1.6500000000000001
-18,16,1.6500000000000001
-18,16,1.6500000000000001
-18,16,5.449427761581942
-18,16,1.6500000000000001
-18,16,1.6500000000000001
-18,16,1.6500000000000001
-18,16,1.6500000000000001
-18,16,1.6500000000000001
-18,16,1.6500000000000001
-18,16,1.6500000000000001
-18,16,1.6500000000000001
-18,16,1.6500000000000001
-18,16,1.6500000000000001
-18,16,1.6500000000000001
-18,16,1.6500000000000001
-18,16,1.6500000000000001
-18,16,1.6500000000000001
-18,16,10.103632152035914
-18,16,1.6500000000000001
-18,16,1.6500000000000001
-18,16,9.055051867986123
-18,16,15.434587431677787
-18,16,1.6500000000000001
-18,16,1.6500000000000001
-18,16,1.6500000000000001
-18,16,1.6500000000000001
-18,16,9.337190378264463
-18,16,1.6500000000000001
-18,16,1.6500000000000001
-18,16,1.6500000000000001
-18,16,1.6500000000000001
-18,16,1.6500000000000001
-18,16,1.6500000000000001
-18,16,1.6500000000000001
-18,16,1.6500000000000001
-18,16,1.6500000000000001
-18,16,1.6500000000000001
-18,16,1.6500000000000001
-18,16,1.6500000000000001
-18,16,1.6500000000000001
-18,16,1.6500000000000001
-18,16,1.6500000000000001
-18,16,1.6500000000000001
-18,16,1.6500000000000001
-18,16,1.6500000000000001
-18,16,1.6500000000000001
-18,16,1.6500000000000001
-18,16,1.6500000000000001
-18,16,1.6500000000000001
-18,16,1.6500000000000001
-18,16,1.6500000000000001
-18,16,1.6500000000000001
-18,16,1.6500000000000001
-18,16,1.6500000000000001
-18,16,1.6500000000000001
-18,16,2.4584072088831697
-18,16,1.6500000000000001
-18,16,1.6500000000000001
-18,16,1.6500000000000001
-18,16,7.8918144086035085
-18,16,1.6500000000000001
-18,16,1.6500000000000001
-18,16,1.6500000000000001
-18,16,1.6500000000000001
-18,16,1.6500000000000001
-18,16,1.6500000000000001
-18,16,1.6500000000000001
-18,16,1.6500000000000001
-18,16,1.6500000000000001
-18,16,1.6500000000000001
-18,16,1.6500000000000001
-18,16,1.6500000000000001
-18,16,1.6500000000000001
-18,16,1.6500000000000001
-18,16,1.6500000000000001
-18,16,1.6500000000000001
-18,16,1.6500000000000001
-18,16,1.6500000000000001
-18,16,1.6500000000000001
-18,16,8.665879797784097
-18,16,1.6500000000000001
-18,16,1.6500000000000001
-18,16,1.6500000000000001
-18,16,1.6500000000000001
-18,16,1.6500000000000001
-18,16,1.6500000000000001
-18,16,1.6500000000000001
-19,16,1.6500000000000001
-19,16,1.6500000000000001
-19,16,1.6500000000000001
-19,16,1.6500000000000001
-19,16,1.6500000000000001
-19,16,1.6500000000000001
-19,16,1.6500000000000001
-19,16,1.6500000000000001
-19,16,9.07193769823472
-19,16,5.639811855889828
-19,16,1.6500000000000001
-19,16,1.6500000000000001
-19,16,1.6500000000000001
-19,16,1.6500000000000001
-19,16,1.6500000000000001
-19,16,1.6500000000000001
-19,16,1.6500000000000001
-19,16,1.6500000000000001
-19,16,1.6500000000000001
-19,16,1.6500000000000001
-19,16,1.6500000000000001
-19,16,1.9147518784692519
-19,16,1.6500000000000001
-19,16,1.6500000000000001
-19,16,1.6500000000000001
-19,16,3.2189612782487753
-19,16,1.6500000000000001
-19,16,1.6500000000000001
-19,16,1.6500000000000001
-19,16,1.6500000000000001
-19,16,4.03779758688186
-19,16,1.6500000000000001
-19,16,1.6500000000000001
-19,16,16.60995289764804
-19,16,1.6500000000000001
-19,16,2.710430256826097
-19,16,1.6500000000000001
-19,16,1.6500000000000001
-19,16,1.6500000000000001
-19,16,10.703065989677576
-19,16,1.6500000000000001
-19,16,1.6500000000000001
-19,16,1.6500000000000001
-19,16,1.6500000000000001
-19,16,3.240718637612604
-19,16,3.0253083873252518
-19,16,1.6500000000000001
-19,16,1.6500000000000001
-19,16,1.6500000000000001
-19,16,1.6500000000000001
-19,16,17.771358945709245
-19,16,1.6500000000000001
-19,16,1.6500000000000001
-19,16,1.6500000000000001
-19,16,1.6500000000000001
-19,16,1.6500000000000001
-19,16,1.6500000000000001
-19,16,1.6500000000000001
-19,16,5.600455516802821
-19,16,1.6500000000000001
-19,16,1.6500000000000001
-19,16,1.6500000000000001
-19,16,1.6500000000000001
-19,16,1.6500000000000001
-19,16,1.6500000000000001
-19,16,7.39825188080102
-19,16,1.6500000000000001
-19,16,1.6500000000000001
-19,16,1.6500000000000001
-19,16,1.6500000000000001
-19,16,1.6500000000000001
-19,16,17.95232126198135
-19,16,1.6500000000000001
-19,16,1.6500000000000001
-19,16,4.664741797915173
-19,16,1.6500000000000001
-19,16,1.6500000000000001
-19,16,1.6500000000000001
-19,16,1.6500000000000001
-19,16,1.6500000000000001
-19,16,1.6500000000000001
-19,16,1.6500000000000001
-19,16,16.32412723902512
-19,16,1.6500000000000001
-19,16,1.6500000000000001
-19,16,1.6500000000000001
-19,16,1.6500000000000001
-19,16,1.6500000000000001
-19,16,1.6500000000000001
-19,16,1.6500000000000001
-19,16,1.6500000000000001
-19,16,1.6500000000000001
-19,16,1.6500000000000001
-19,16,1.6500000000000001
-19,16,1.8474985630831586
-19,16,1.6500000000000001
-19,16,1.6500000000000001
-19,16,1.6500000000000001
-19,16,1.6500000000000001
-19,16,1.6500000000000001
-19,16,1.6500000000000001
-19,16,1.6500000000000001
-19,16,1.6500000000000001
-19,16,5.274116777817905
-19,16,1.6500000000000001
-19,16,1.6500000000000001
-19,16,1.6500000000000001
-19,16,7.3012255468185625
-19,16,1.6500000000000001
-19,16,1.6500000000000001
-19,16,1.6500000000000001
-19,16,1.6500000000000001
-19,16,1.6500000000000001
-19,16,1.6500000000000001
-19,16,1.6500000000000001
-19,16,1.6500000000000001
-19,16,1.6500000000000001
-19,16,1.6500000000000001
-19,16,6.855011614252184
-19,16,1.6500000000000001
-19,16,1.6500000000000001
-19,16,1.6500000000000001
-18,16,1.6500000000000001
-18,16,1.6500000000000001
-18,16,18.654206568708386
-18,16,1.6500000000000001
-18,16,4.45161136498262
-18,16,1.6500000000000001
-18,16,1.6500000000000001
-18,16,3.4681646180173598
-18,16,1.6500000000000001
-18,16,1.6500000000000001
-18,16,1.6500000000000001
-18,16,1.6500000000000001
-18,16,1.6500000000000001
-18,16,1.6500000000000001
-18,16,1.6500000000000001
-18,16,1.6500000000000001
-18,16,1.6500000000000001
-18,16,1.6500000000000001
-18,16,1.6500000000000001
-18,16,1.6500000000000001
-18,16,1.6500000000000001
-18,16,1.6500000000000001
-18,16,1.6500000000000001
-18,16,1.6500000000000001
-18,16,1.6500000000000001
-18,16,12.894505291002936
-18,16,1.6500000000000001
-18,16,1.6500000000000001
-18,16,1.6500000000000001
-18,16,1.6500000000000001
-18,16,1.6500000000000001
-18,16,1.6500000000000001
-18,16,1.6500000000000001
-18,16,1.6500000000000001
-18,16,1.6500000000000001
-18,16,1.6500000000000001
-18,16,1.6500000000000001
-18,16,1.6500000000000001
-18,16,1.6500000000000001
-18,16,1.6500000000000001
-18,16,1.6500000000000001
-18,16,1.6500000000000001
-18,16,1.6500000000000001
-18,16,2.2064354364849628
-18,16,1.6500000000000001
-18,16,1.6500000000000001
-18,16,1.6500000000000001
-18,16,1.6500000000000001
-18,16,7.208106950533335
-18,16,1.6500000000000001
-18,16,1.6500000000000001
-18,16,1.6500000000000001
-18,16,4.569110938051793
-18,16,1.6500000000000001
-18,16,1.6500000000000001
-18,16,1.6500000000000001
-18,16,1.6500000000000001
-18,16,14.435969138294904
-18,16,1.6500000000000001
-18,16,1.6500000000000001
-18,16,1.6500000000000001
-18,16,8.359129322231697
-18,16,1.6500000000000001
-18,16,1.6500000000000001
-18,16,1.6500000000000001
-18,16,1.6500000000000001
-18,16,1.6500000000000001
-18,16,1.6500000000000001
-18,16,1.6500000000000001
-18,16,1.6500000000000001
-18,16,4.868641743597841
-18,16,1.6500000000000001
-18,16,1.6500000000000001
-18,16,11.856908710627895
-18,16,1.6500000000000001
-18,16,1.6500000000000001
-18,16,1.6500000000000001
-18,16,1.6500000000000001
-18,16,6.06099767743245
-18,16,1.6500000000000001
-18,16,1.6500000000000001
-18,16,1.6500000000000001
-18,16,1.6500000000000001
-18,16,1.6500000000000001
-18,16,1.6500000000000001
-18,16,1.6500000000000001
-18,16,1.6500000000000001
-18,16,1.6500000000000001
-18,16,1.6500000000000001
-18,16,1.6500000000000001
-18,16,11.862475017235457
-18,16,1.6500000000000001
-18,16,1.6500000000000001
-18,16,1.6500000000000001
-18,16,10.937270057887886
-18,16,1.6500000000000001
-18,16,1.6500000000000001
-18,16,1.6500000000000001
-18,16,1.6500000000000001
-18,16,12.576626214048908
-18,16,1.6500000000000001
-18,16,1.6500000000000001
-18,16,1.6500000000000001
-18,16,1.6500000000000001
-18,16,1.6500000000000001
-18,16,1.6500000000000001
-18,16,1.6500000000000001
-18,16,1.6500000000000001
-18,16,1.6500000000000001
-18,16,1.6500000000000001
-18,16,1.6500000000000001
-18,16,1.6500000000000001
-18,16,1.6500000000000001
-18,16,9.889499859524019
-18,16,1.6500000000000001
-18,16,1.6500000000000001
-18,16,1.6500000000000001
-18,16,6.8705434215263566
-18,16,1.6500000000000001
-18,16,1.6500000000000001
-18,16,3.57173297381617
-18,16,14.203640215857039
-19,16,1.6500000000000001
-19,16,1.6500000000000001
-19,16,1.6500000000000001
-19,16,1.6500000000000001
-19,16,1.6500000000000001
-19,16,1.6500000000000001
-19,16,1.6500000000000001
-19,16,1.6500000000000001
-19,16,1.6500000000000001
-19,16,13.61834294582059
-19,16,1.6500000000000001
-19,16,1.6500000000000001
-19,16,1.6500000000000001
-19,16,1.6500000000000001
-19,16,1.6500000000000001
-19,16,1.6500000000000001
-19,16,1.6500000000000001
-19,16,1.6500000000000001
-19,16,1.6500000000000001
-19,16,1.6500000000000001
-19,16,1.6500000000000001
-19,16,1.6500000000000001
-19,16,1.6500000000000001
-19,16,1.6500000000000001
-19,16,2.507307064853606
-19,16,1.6500000000000001
-19,16,1.6500000000000001
-19,16,1.6500000000000001
-19,16,1.6500000000000001
-19,16,1.6500000000000001
-19,16,1.6500000000000001
-19,16,1.6500000000000001
-19,16,1.6500000000000001
-19,16,1.6500000000000001
-19,16,1.6500000000000001
-19,16,1.6500000000000001
-19,16,1.6500000000000001
-19,16,1.6500000000000001
-19,16,22.222411537587938
-19,16,1.6500000000000001
-19,16,1.6500000000000001
-19,16,1.6500000000000001
-19,16,1.6500000000000001
-19,16,1.6500000000000001
-19,16,1.6500000000000001
-19,16,1.6500000000000001
-19,16,1.6500000000000001
-19,16,1.6500000000000001
-19,16,1.6500000000000001
-19,16,1.6500000000000001
-19,16,23.151389488446934
-19,16,1.6500000000000001
-19,16,3.0705966764379404
-19,16,1.6500000000000001
-19,16,11.294957339779852
-19,16,1.6500000000000001
-19,16,1.6500000000000001
-19,16,1.6500000000000001
-19,16,5.0152469968089815
-19,16,1.6500000000000001
-19,16,1.6500000000000001
-19,16,1.6500000000000001
-19,16,1.6500000000000001
-19,16,1.6500000000000001
-19,16,2.90698177284073
-19,16,1.6500000000000001
-19,16,29.7
-19,16,1.6500000000000001
-19,16,1.6500000000000001
-19,16,1.6500000000000001
-19,16,1.6500000000000001
-19,16,1.6500000000000001
-19,16,1.6500000000000001
-19,16,1.6500000000000001
-19,16,16.58748904135297
-19,16,1.6500000000000001
-19,16,1.6500000000000001
-19,16,1.6500000000000001
-19,16,17.111500883507663
-19,16,10.47706540804242
-19,16,1.6500000000000001
-19,16,1.6500000000000001
-19,16,1.6500000000000001
-19,16,3.0585761379758853
-19,16,16.35797741383254
-19,16,8.82466671492396
-19,16,1.6500000000000001
-19,16,1.6500000000000001
-19,16,1.6500000000000001
-19,16,1.6500000000000001
-19,16,1.6500000000000001
-19,16,1.6500000000000001
-19,16,1.6500000000000001
-19,16,1.6500000000000001
-19,16,1.6500000000000001
-19,16,1.6500000000000001
-19,16,1.6500000000000001
-19,16,1.6500000000000001
-19,16,1.6500000000000001
-19,16,1.6500000000000001
-19,16,1.6500000000000001
-19,16,1.6500000000000001
-19,16,1.6500000000000001
-19,16,7.335612262579531
-19,16,1.6500000000000001
-19,16,1.6500000000000001
-19,16,1.6500000000000001
-19,16,1.6500000000000001
-19,16,1.6500000000000001
-19,16,1.6500000000000001
-19,16,1.6500000000000001
-19,16,1.6500000000000001
-19,16,1.6500000000000001
-19,16,1.6500000000000001
-19,16,1.6500000000000001
-19,16,1.6500000000000001
-19,16,1.6500000000000001
-19,16,1.6500000000000001
-19,16,1.6500000000000001
-19,16,1.6500000000000001
-19,16,1.6500000000000001
-19,16,1.6500000000000001
-19,16,1.6500000000000001
-20,16,1.6500000000000001
-20,16,1.6500000000000001
-20,16,1.6500000000000001
-20,16,1.6500000000000001
-20,16,4.200312745026709
-20,16,1.6500000000000001
-20,16,1.6500000000000001
-20,16,1.6500000000000001
-20,16,1.6500000000000001
-20,16,1.6500000000000001
-20,16,1.6500000000000001
-20,16,1.6500000000000001
-20,16,1.6500000000000001
-20,16,1.6500000000000001
-20,16,1.6500000000000001
-20,16,1.6500000000000001
-20,16,1.6500000000000001
-20,16,1.6500000000000001
-20,16,1.6500000000000001
-20,16,1.6500000000000001
-20,16,1.6500000000000001
-20,16,1.6500000000000001
-20,16,1.6500000000000001
-20,16,1.6500000000000001
-20,16,1.6500000000000001
-20,16,1.6500000000000001
-20,16,1.6500000000000001
-20,16,1.6500000000000001
-20,16,1.6500000000000001
-20,16,1.6500000000000001
-20,16,1.6500000000000001
-20,16,1.6500000000000001
-20,16,1.6500000000000001
-20,16,1.6500000000000001
-20,16,1.6500000000000001
-20,16,1.6500000000000001
-20,16,1.6500000000000001
-20,16,1.6500000000000001
-20,16,1.6500000000000001
-20,16,1.6500000000000001
-20,16,1.6500000000000001
-20,16,1.6500000000000001
-20,16,1.6500000000000001
-20,16,1.6500000000000001
-20,16,1.6500000000000001
-20,16,1.6500000000000001
-20,16,1.6500000000000001
-20,16,1.6500000000000001
-20,16,1.6500000000000001
-20,16,1.6500000000000001
-20,16,1.6500000000000001
-20,16,1.6500000000000001
-20,16,1.6500000000000001
-20,16,17.247746954860997
-20,16,1.6500000000000001
-20,16,1.6500000000000001
-20,16,1.6500000000000001
-20,16,3.590190433776348
-20,16,1.6500000000000001
-20,16,1.6500000000000001
-20,16,12.487813358109463
-20,16,1.6500000000000001
-20,16,1.6500000000000001
-20,16,1.6500000000000001
-20,16,1.6500000000000001
-20,16,8.098779739613715
-20,16,13.629901364064327
-20,16,1.6500000000000001
-20,16,1.6500000000000001
-20,16,1.6500000000000001
-20,16,1.6500000000000001
-20,16,1.6500000000000001
-20,16,1.6500000000000001
-20,16,1.6500000000000001
-20,16,1.6500000000000001
-20,16,1.6500000000000001
-20,16,1.6500000000000001
-20,16,1.6500000000000001
-20,16,1.6500000000000001
-20,16,18.961287590236342
-20,16,5.4604598769318144
-20,16,20.464937965267865
-20,16,1.6500000000000001
-20,16,22.783317201121026
-20,16,1.6500000000000001
-20,16,1.6500000000000001
-20,16,1.6500000000000001
-20,16,1.6500000000000001
-20,16,1.6500000000000001
-20,16,1.6500000000000001
-20,16,1.6500000000000001
-20,16,1.6500000000000001
-20,16,1.6500000000000001
-20,16,1.6500000000000001
-20,16,1.6500000000000001
-20,16,1.6500000000000001
-20,16,1.6500000000000001
-20,16,1.6500000000000001
-20,16,1.6500000000000001
-20,16,1.6500000000000001
-20,16,1.6500000000000001
-20,16,7.526315522266891
-20,16,1.6500000000000001
-20,16,1.6500000000000001
-20,16,12.593951604394046
-20,16,1.6500000000000001
-20,16,1.6500000000000001
-20,16,1.6500000000000001
-20,16,1.6500000000000001
-20,16,1.6500000000000001
-20,16,1.6500000000000001
-20,16,1.6500000000000001
-20,16,1.6500000000000001
-20,16,1.6500000000000001
-20,16,1.6500000000000001
-20,16,1.6500000000000001
-20,16,1.6500000000000001
-20,16,1.6500000000000001
-20,16,1.6500000000000001
-20,16,1.6500000000000001
-20,16,1.6500000000000001
-20,16,1.6500000000000001
-19,16,13.586294666847866
-19,16,1.6500000000000001
-19,16,23.31282987279669
-19,16,16.69352789561875
-19,16,1.6500000000000001
-19,16,1.6500000000000001
-19,16,1.6500000000000001
-19,16,1.6500000000000001
-19,16,1.6500000000000001
-19,16,4.699351510715822
-19,16,1.6500000000000001
-19,16,1.6500000000000001
-19,16,1.6500000000000001
-19,16,1.9591868297728219
-19,16,1.6500000000000001
-19,16,1.6500000000000001
-19,16,1.6500000000000001
-19,16,1.6500000000000001
-19,16,1.6500000000000001
-19,16,1.6500000000000001
-19,16,4.147087768887191
-19,16,1.6500000000000001
-19,16,19.259404129885123
-19,16,1.6500000000000001
-19,16,1.6500000000000001
-19,16,1.6500000000000001
-19,16,1.6500000000000001
-19,16,9.790029996619818
-19,16,1.6500000000000001
-19,16,1.6500000000000001
-19,16,1.6500000000000001
-19,16,1.6500000000000001
-19,16,1.6500000000000001
-19,16,1.6500000000000001
-19,16,1.6500000000000001
-19,16,1.6500000000000001
-19,16,1.6500000000000001
-19,16,1.6500000000000001
-19,16,1.6500000000000001
-19,16,5.9061464747379375
-19,16,1.6500000000000001
-19,16,1.6500000000000001
-19,16,1.6500000000000001
-19,16,1.6500000000000001
-19,16,7.962384349807614
-19,16,1.6500000000000001
-19,16,1.6500000000000001
-19,16,2.665590935397443
-19,16,5.607091680567191
-19,16,1.6500000000000001
-19,16,1.6500000000000001
-19,16,1.6500000000000001
-19,16,1.6500000000000001
-19,16,1.6500000000000001
-19,16,1.6500000000000001
-19,16,1.6500000000000001
-19,16,1.6500000000000001
-19,16,1.6500000000000001
-19,16,1.6500000000000001
-19,16,1.6500000000000001
-19,16,1.6500000000000001
-19,16,1.6500000000000001
-19,16,1.6500000000000001
-19,16,1.6500000000000001
-19,16,11.656456944135314
-19,16,5.174231429117974
-19,16,1.6500000000000001
-19,16,1.6500000000000001
-19,16,1.6500000000000001
-19,16,1.6500000000000001
-19,16,1.6500000000000001
-19,16,14.76506708957534
-19,16,1.6500000000000001
-19,16,1.6500000000000001
-19,16,1.6500000000000001
-19,16,1.6500000000000001
-19,16,1.6500000000000001
-19,16,1.6500000000000001
-19,16,1.6500000000000001
-19,16,1.6500000000000001
-19,16,1.6500000000000001
-19,16,1.6500000000000001
-19,16,1.6500000000000001
-19,16,1.6500000000000001
-19,16,1.6500000000000001
-19,16,1.6500000000000001
-19,16,1.6500000000000001
-19,16,1.6500000000000001
-19,16,7.289851386679029
-19,16,1.6500000000000001
-19,16,1.6500000000000001
-19,16,1.6500000000000001
-19,16,1.6500000000000001
-19,16,1.6500000000000001
-19,16,1.6500000000000001
-19,16,1.6500000000000001
-19,16,1.6500000000000001
-19,16,1.6500000000000001
-19,16,1.6500000000000001
-19,16,1.6500000000000001
-19,16,1.6500000000000001
-19,16,1.6500000000000001
-19,16,1.6500000000000001
-19,16,1.6500000000000001
-19,16,1.6500000000000001
-19,16,1.6500000000000001
-19,16,1.6500000000000001
-19,16,1.6500000000000001
-19,16,2.058088695437924
-19,16,1.6500000000000001
-19,16,1.6500000000000001
-19,16,1.6500000000000001
-19,16,1.6500000000000001
-19,16,1.6500000000000001
-19,16,1.6500000000000001
-19,16,1.6500000000000001
-19,16,1.6500000000000001
-19,16,1.6500000000000001
-19,16,1.6500000000000001
-19,16,1.6500000000000001
-19,16,1.6500000000000001
-19,16,1.6500000000000001
-18,16,1.6500000000000001
-18,16,1.6500000000000001
-18,16,1.6500000000000001
-18,16,10.237283892507264
-18,16,1.6500000000000001
-18,16,1.6500000000000001
-18,16,1.6500000000000001
-18,16,1.6500000000000001
-18,16,1.6500000000000001
-18,16,1.6500000000000001
-18,16,1.6500000000000001
-18,16,1.6500000000000001
-18,16,1.6500000000000001
-18,16,5.029922386981884
-18,16,1.6500000000000001
-18,16,1.6500000000000001
-18,16,1.6500000000000001
-18,16,1.6500000000000001
-18,16,1.6500000000000001
-18,16,1.6500000000000001
-18,16,1.6500000000000001
-18,16,10.282565421646979
-18,16,1.6500000000000001
-18,16,1.6500000000000001
-18,16,1.6500000000000001
-18,16,1.6500000000000001
-18,16,1.6500000000000001
-18,16,1.6500000000000001
-18,16,1.6500000000000001
-18,16,1.6500000000000001
-18,16,1.6500000000000001
-18,16,1.6500000000000001
-18,16,1.6500000000000001
-18,16,1.6500000000000001
-18,16,1.6500000000000001
-18,16,1.6500000000000001
-18,16,1.6500000000000001
-18,16,1.6500000000000001
-18,16,1.6500000000000001
-18,16,1.6500000000000001
-18,16,1.6500000000000001
-18,16,1.6500000000000001
-18,16,1.6500000000000001
-18,16,9.322414864602482
-18,16,4.783687287022152
-18,16,1.6500000000000001
-18,16,1.6500000000000001
-18,16,1.6500000000000001
-18,16,1.6500000000000001
-18,16,1.6500000000000001
-18,16,1.6500000000000001
-18,16,1.6500000000000001
-18,16,1.6500000000000001
-18,16,1.6500000000000001
-18,16,2.548854801162724
-18,16,1.6500000000000001
-18,16,1.6500000000000001
-18,16,2.958119194066663
-18,16,1.6500000000000001
-18,16,1.6500000000000001
-18,16,13.879862651707825
-18,16,1.6500000000000001
-18,16,1.6500000000000001
-18,16,1.6500000000000001
-18,16,1.6500000000000001
-18,16,6.187923380221488
-18,16,1.6500000000000001
-18,16,1.6500000000000001
-18,16,1.6500000000000001
-18,16,1.6500000000000001
-18,16,1.6500000000000001
-18,16,1.6500000000000001
-18,16,1.6500000000000001
-18,16,1.6500000000000001
-18,16,5.004147798739373
-18,16,1.6500000000000001
-18,16,1.6500000000000001
-18,16,1.6500000000000001
-18,16,1.6500000000000001
-18,16,1.6500000000000001
-18,16,1.6500000000000001
-18,16,9.496658966255517
-18,16,1.6500000000000001
-18,16,1.6500000000000001
-18,16,1.6500000000000001
-18,16,1.6500000000000001
-18,16,1.6500000000000001
-18,16,1.6500000000000001
-18,16,1.6500000000000001
-18,16,1.6500000000000001
-18,16,4.583059677343877
-18,16,1.6500000000000001
-18,16,1.6500000000000001
-18,16,2.9803154171734025
-18,16,19.956518922761493
-18,16,3.175762530788388
-18,16,1.6500000000000001
-18,16,1.6500000000000001
-18,16,1.6500000000000001
-18,16,2.732932503787845
-18,16,1.6500000000000001
-18,16,5.974926468212296
-18,16,1.6500000000000001
-18,16,1.6500000000000001
-18,16,1.6500000000000001
-18,16,1.6500000000000001
-18,16,1.6500000000000001
-18,16,1.6500000000000001
-18,16,1.6500000000000001
-18,16,1.6500000000000001
-18,16,1.6500000000000001
-18,16,1.6500000000000001
-18,16,1.6500000000000001
-18,16,1.6500000000000001
-18,16,1.6500000000000001
-18,16,1.6500000000000001
-18,16,1.6500000000000001
-18,16,1.6500000000000001
-18,16,1.6500000000000001
-18,16,1.6500000000000001
-18,16,1.6500000000000001
-18,16,1.6500000000000001
-19,16,1.6500000000000001
-19,16,1.6500000000000001
-19,16,1.6500000000000001
-19,16,1.6500000000000001
-19,16,1.6500000000000001
-19,16,1.6500000000000001
-19,16,1.6500000000000001
-19,16,1.6500000000000001
-19,16,1.6500000000000001
-19,16,1.6500000000000001
-19,16,1.6500000000000001
-19,16,1.6500000000000001
-19,16,1.6500000000000001
-19,16,1.6500000000000001
-19,16,1.6500000000000001
-19,16,12.884296692026766
-19,16,1.6500000000000001
-19,16,1.6500000000000001
-19,16,1.6500000000000001
-19,16,12.878792983786944
-19,16,1.8946070219544033
-19,16,1.6500000000000001
-19,16,1.6500000000000001
-19,16,1.6500000000000001
-19,16,1.6500000000000001
-19,16,1.6500000000000001
-19,16,1.6500000000000001
-19,16,1.6500000000000001
-19,16,1.6500000000000001
-19,16,1.6500000000000001
-19,16,1.6500000000000001
-19,16,1.6500000000000001
-19,16,1.6500000000000001
-19,16,1.6500000000000001
-19,16,1.6500000000000001
-19,16,1.6500000000000001
-19,16,1.6500000000000001
-19,16,1.6500000000000001
-19,16,1.6500000000000001
-19,16,1.6500000000000001
-19,16,1.6500000000000001
-19,16,1.6500000000000001
-19,16,1.6500000000000001
-19,16,1.6500000000000001
-19,16,1.6500000000000001
-19,16,1.6500000000000001
-19,16,1.6500000000000001
-19,16,1.6500000000000001
-19,16,1.6500000000000001
-19,16,1.6500000000000001
-19,16,1.6500000000000001
-19,16,1.6500000000000001
-19,16,1.6500000000000001
-19,16,1.6500000000000001
-19,16,1.6500000000000001
-19,16,1.6500000000000001
-19,16,1.6500000000000001
-19,16,3.4502651612283657
-19,16,1.6500000000000001
-19,16,1.6500000000000001
-19,16,5.054844740676902
-19,16,6.118488458703203
-19,16,1.6500000000000001
-19,16,1.6500000000000001
-19,16,1.6500000000000001
-19,16,1.6500000000000001
-19,16,1.6500000000000001
-19,16,1.6500000000000001
-19,16,1.6500000000000001
-19,16,9.499578247021674
-19,16,1.6500000000000001
-19,16,1.6500000000000001
-19,16,1.6500000000000001
-19,16,1.6500000000000001
-19,16,1.6500000000000001
-19,16,1.6500000000000001
-19,16,1.6500000000000001
-19,16,1.6500000000000001
-19,16,1.6500000000000001
-19,16,1.6500000000000001
-19,16,1.6500000000000001
-19,16,3.169054479054303
-19,16,1.6500000000000001
-19,16,1.6500000000000001
-19,16,1.6500000000000001
-19,16,1.6500000000000001
-19,16,1.6500000000000001
-19,16,1.6500000000000001
-19,16,1.6500000000000001
-19,16,1.6500000000000001
-19,16,1.6500000000000001
-19,16,1.6500000000000001
-19,16,1.6500000000000001
-19,16,4.708479091232105
-19,16,4.041790440490967
-19,16,1.6500000000000001
-19,16,1.6500000000000001
-19,16,1.6500000000000001
-19,16,1.6500000000000001
-19,16,1.6500000000000001
-19,16,1.6500000000000001
-19,16,1.6500000000000001
-19,16,1.6500000000000001
-19,16,1.6500000000000001
-19,16,1.6500000000000001
-19,16,1.6500000000000001
-19,16,6.552095500091664
-19,16,1.6500000000000001
-19,16,1.6500000000000001
-19,16,1.6500000000000001
-19,16,1.6500000000000001
-19,16,1.6500000000000001
-19,16,1.6500000000000001
-19,16,1.6500000000000001
-19,16,1.6500000000000001
-19,16,1.6500000000000001
-19,16,29.7
-19,16,1.6500000000000001
-19,16,1.6500000000000001
-19,16,1.6500000000000001
-19,16,1.6500000000000001
-19,16,1.6500000000000001
-19,16,9.60001703096913
-20,16,3.1503079476559765
-20,16,1.6500000000000001
-20,16,1.6500000000000001
-20,16,1.6500000000000001
-20,16,1.6500000000000001
-20,16,4.7039167016870955
-20,16,1.6500000000000001
-20,16,1.6500000000000001
-20,16,1.6500000000000001
-20,16,1.6500000000000001
-20,16,1.6500000000000001
-20,16,5.524205770296785
-20,16,1.6500000000000001
-20,16,1.6500000000000001
-20,16,13.079407403654844
-20,16,1.6500000000000001
-20,16,1.6500000000000001
-20,16,1.6500000000000001
-20,16,27.371806328228075
-20,16,1.6500000000000001
-20,16,1.6500000000000001
-20,16,1.6500000000000001
-20,16,3.4048772788249533
-20,16,2.731018703878485
-20,16,1.6500000000000001
-20,16,1.6500000000000001
-20,16,1.6500000000000001
-20,16,1.6500000000000001
-20,16,1.6500000000000001
-20,16,5.793616420327268
-20,16,1.6500000000000001
-20,16,1.6500000000000001
-20,16,1.6500000000000001
-20,16,1.6500000000000001
-20,16,1.6500000000000001
-20,16,1.6500000000000001
-20,16,4.949103667613162
-20,16,1.6500000000000001
-20,16,1.6500000000000001
-20,16,1.6500000000000001
-20,16,2.2153808652436293
-20,16,1.6500000000000001
-20,16,1.6500000000000001
-20,16,1.6500000000000001
-20,16,1.6500000000000001
-20,16,1.6500000000000001
-20,16,1.6500000000000001
-20,16,1.6500000000000001
-20,16,1.6500000000000001
-20,16,1.6500000000000001
-20,16,1.6500000000000001
-20,16,1.6500000000000001
-20,16,1.6500000000000001
-20,16,1.6500000000000001
-20,16,1.6500000000000001
-20,16,4.049746638398881
-20,16,1.6500000000000001
-20,16,1.6500000000000001
-20,16,1.6500000000000001
-20,16,1.6500000000000001
-20,16,1.6500000000000001
-20,16,1.6500000000000001
-20,16,1.6500000000000001
-20,16,1.6500000000000001
-20,16,1.6500000000000001
-20,16,1.6500000000000001
-20,16,5.036796942571806
-20,16,6.603698216403945
-20,16,1.6500000000000001
-20,16,1.6500000000000001
-20,16,1.6500000000000001
-20,16,1.6500000000000001
-20,16,1.6500000000000001
-20,16,14.191157242235384
-20,16,1.6500000000000001
-20,16,16.057044824725754
-20,16,1.6500000000000001
-20,16,1.6500000000000001
-20,16,1.6500000000000001
-20,16,1.6500000000000001
-20,16,1.6500000000000001
-20,16,1.6500000000000001
-20,16,1.6500000000000001
-20,16,1.6500000000000001
-20,16,1.6500000000000001
-20,16,1.6500000000000001
-20,16,1.6500000000000001
-20,16,1.6500000000000001
-20,16,1.6500000000000001
-20,16,1.6500000000000001
-20,16,1.6500000000000001
-20,16,1.6500000000000001
-20,16,1.6500000000000001
-20,16,1.6500000000000001
-20,16,1.6500000000000001
-20,16,1.6500000000000001
-20,16,1.6500000000000001
-20,16,1.6500000000000001
-20,16,1.6500000000000001
-20,16,1.6500000000000001
-20,16,1.6500000000000001
-20,16,1.6500000000000001
-20,16,1.6500000000000001
-20,16,1.6500000000000001
-20,16,1.6500000000000001
-20,16,1.6500000000000001
-20,16,1.6500000000000001
-20,16,1.6500000000000001
-20,16,1.6500000000000001
-20,16,4.1307211538274515
-20,16,1.6500000000000001
-20,16,1.6500000000000001
-20,16,1.6500000000000001
-20,16,1.6500000000000001
-20,16,1.6500000000000001
-20,16,1.8830998668230503
-20,16,1.6500000000000001
-20,16,1.6500000000000001
-20,16,1.6500000000000001
-20,16,1.6500000000000001
-20,16,1.6500000000000001
-20,16,1.6500000000000001
-20,15,1.6500000000000001
-20,15,1.6500000000000001
-20,15,1.6500000000000001
-20,15,4.321318117120471
-20,15,11.298930514105578
-20,15,1.6500000000000001
-20,15,2.304672703224149
-20,15,1.6500000000000001
-20,15,1.6500000000000001
-20,15,1.6500000000000001
-20,15,1.6500000000000001
-20,15,1.6500000000000001
-20,15,1.6500000000000001
-20,15,1.6500000000000001
-20,15,1.6500000000000001
-20,15,1.6500000000000001
-20,15,5.0552685964870125
-20,15,1.6500000000000001
-20,15,21.025356218034062
-20,15,5.752071898087989
-20,15,1.6500000000000001
-20,15,1.6500000000000001
-20,15,1.6500000000000001
-20,15,1.6500000000000001
-20,15,1.6500000000000001
-20,15,1.6500000000000001
-20,15,1.6500000000000001
-20,15,1.6500000000000001
-20,15,1.6500000000000001
-20,15,1.6500000000000001
-20,15,1.6500000000000001
-20,15,1.6500000000000001
-20,15,1.6500000000000001
-20,15,2.2438243925843473
-20,15,1.6500000000000001
-20,15,8.304823539726936
-20,15,1.6500000000000001
-20,15,18.712515002994095
-20,15,1.6500000000000001
-20,15,1.6500000000000001
-20,15,1.6500000000000001
-20,15,1.6500000000000001
-20,15,1.6500000000000001
-20,15,1.6500000000000001
-20,15,14.471279386616459
-20,15,1.6500000000000001
-20,15,1.6500000000000001
-20,15,1.6500000000000001
-20,15,1.6500000000000001
-20,15,1.6500000000000001
-20,15,1.6500000000000001
-20,15,1.6500000000000001
-20,15,1.6500000000000001
-20,15,1.6500000000000001
-20,15,1.6500000000000001
-20,15,1.6500000000000001
-20,15,1.6500000000000001
-20,15,18.14466955095422
-20,15,1.6500000000000001
-20,15,1.6500000000000001
-20,15,1.6500000000000001
-20,15,1.6500000000000001
-20,15,1.6500000000000001
-20,15,1.6500000000000001
-20,15,1.6500000000000001
-20,15,1.6500000000000001
-20,15,1.6500000000000001
-20,15,1.6500000000000001
-20,15,1.6500000000000001
-20,15,1.6500000000000001
-20,15,1.6500000000000001
-20,15,1.6500000000000001
-20,15,1.6500000000000001
-20,15,1.6500000000000001
-20,15,4.5391820932927835
-20,15,1.6500000000000001
-20,15,1.6500000000000001
-20,15,1.6500000000000001
-20,15,1.6500000000000001
-20,15,1.6500000000000001
-20,15,2.9664730811558844
-20,15,15.22936654141651
-20,15,1.6500000000000001
-20,15,1.6500000000000001
-20,15,6.181093567269315
-20,15,1.6500000000000001
-20,15,1.6500000000000001
-20,15,1.6500000000000001
-20,15,1.6500000000000001
-20,15,1.6500000000000001
-20,15,16.41128746819843
-20,15,1.6500000000000001
-20,15,1.779024984468311
-20,15,1.6500000000000001
-20,15,1.6500000000000001
-20,15,1.6500000000000001
-20,15,1.6500000000000001
-20,15,27.054214066673765
-20,15,1.6500000000000001
-20,15,1.6500000000000001
-20,15,1.6500000000000001
-20,15,1.6500000000000001
-20,15,1.6500000000000001
-20,15,1.6500000000000001
-20,15,1.6500000000000001
-20,15,1.6500000000000001
-20,15,1.6500000000000001
-20,15,1.6500000000000001
-20,15,1.7349124196517227
-20,15,1.6500000000000001
-20,15,1.6500000000000001
-20,15,1.6500000000000001
-20,15,1.6500000000000001
-20,15,1.6500000000000001
-20,15,1.6500000000000001
-20,15,1.6500000000000001
-20,15,1.6500000000000001
-20,15,1.6500000000000001
-20,15,1.6500000000000001
-20,15,1.6500000000000001
-20,15,1.6500000000000001
-20,15,1.6500000000000001
-19,15,13.740318411132016
-19,15,1.6500000000000001
-19,15,1.6500000000000001
-19,15,1.6500000000000001
-19,15,1.6500000000000001
-19,15,14.20341444979238
-19,15,1.6500000000000001
-19,15,1.6500000000000001
-19,15,1.6500000000000001
-19,15,1.6500000000000001
-19,15,1.6500000000000001
-19,15,1.6500000000000001
-19,15,2.96537893784547
-19,15,1.6500000000000001
-19,15,1.6500000000000001
-19,15,1.6500000000000001
-19,15,4.471775408008732
-19,15,1.6500000000000001
-19,15,1.6500000000000001
-19,15,1.6500000000000001
-19,15,1.6500000000000001
-19,15,1.6500000000000001
-19,15,1.6500000000000001
-19,15,1.6500000000000001
-19,15,1.6500000000000001
-19,15,1.6500000000000001
-19,15,1.6500000000000001
-19,15,1.6500000000000001
-19,15,7.550981423653781
-19,15,1.6500000000000001
-19,15,1.6500000000000001
-19,15,1.6500000000000001
-19,15,1.6500000000000001
-19,15,6.077058638021178
-19,15,1.6500000000000001
-19,15,1.6500000000000001
-19,15,1.6500000000000001
-19,15,1.6500000000000001
-19,15,1.6500000000000001
-19,15,1.6500000000000001
-19,15,1.6500000000000001
-19,15,4.753783338759643
-19,15,1.6500000000000001
-19,15,1.6500000000000001
-19,15,1.6500000000000001
-19,15,1.6500000000000001
-19,15,1.6500000000000001
-19,15,3.2100587847363418
-19,15,4.115310765316362
-19,15,1.6500000000000001
-19,15,1.6500000000000001
-19,15,1.6500000000000001
-19,15,1.6500000000000001
-19,15,1.6500000000000001
-19,15,1.6500000000000001
-19,15,1.6500000000000001
-19,15,18.64307707173627
-19,15,1.6500000000000001
-19,15,1.6500000000000001
-19,15,1.6500000000000001
-19,15,1.6500000000000001
-19,15,1.6500000000000001
-19,15,22.72572528195964
-19,15,1.6500000000000001
-19,15,1.6500000000000001
-19,15,1.6500000000000001
-19,15,1.6500000000000001
-19,15,1.6500000000000001
-19,15,5.381911832013374
-19,15,1.6500000000000001
-19,15,1.6500000000000001
-19,15,1.6500000000000001
-19,15,4.3283791969732395
-19,15,1.6500000000000001
-19,15,1.6500000000000001
-19,15,1.6500000000000001
-19,15,1.6500000000000001
-19,15,2.2133624683437993
-19,15,1.6500000000000001
-19,15,1.6500000000000001
-19,15,1.6500000000000001
-19,15,26.652453529334316
-19,15,1.6500000000000001
-19,15,1.6500000000000001
-19,15,1.6500000000000001
-19,15,7.712526581213487
-19,15,1.6500000000000001
-19,15,1.6500000000000001
-19,15,1.6500000000000001
-19,15,1.6500000000000001
-19,15,1.6500000000000001
-19,15,1.6500000000000001
-19,15,1.6500000000000001
-19,15,1.6500000000000001
-19,15,1.6500000000000001
-19,15,1.6500000000000001
-19,15,1.6500000000000001
-19,15,1.6500000000000001
-19,15,22.323697606222577
-19,15,1.6500000000000001
-19,15,1.6500000000000001
-19,15,1.6500000000000001
-19,15,1.6500000000000001
-19,15,1.6500000000000001
-19,15,1.6500000000000001
-19,15,1.6500000000000001
-19,15,1.6500000000000001
-19,15,1.6500000000000001
-19,15,1.6500000000000001
-19,15,1.6500000000000001
-19,15,2.832590938434853
-19,15,1.6500000000000001
-19,15,1.6500000000000001
-19,15,1.6500000000000001
-19,15,1.6500000000000001
-19,15,1.6500000000000001
-19,15,1.6500000000000001
-19,15,1.6500000000000001
-19,15,1.6500000000000001
-19,15,1.6500000000000001
-19,15,1.6500000000000001
-19,15,1.6500000000000001
-18,15,1.6500000000000001
-18,15,1.6500000000000001
-18,15,8.411624013331451
-18,15,1.6500000000000001
-18,15,1.6500000000000001
-18,15,1.6500000000000001
-18,15,4.252681312884288
-18,15,1.6500000000000001
-18,15,1.6500000000000001
-18,15,1.6500000000000001
-18,15,1.6500000000000001
-18,15,1.6500000000000001
-18,15,1.6500000000000001
-18,15,1.6500000000000001
-18,15,1.6500000000000001
-18,15,2.819188198843161
-18,15,1.6500000000000001
-18,15,1.6500000000000001
-18,15,1.6500000000000001
-18,15,5.925876776481658
-18,15,1.6500000000000001
-18,15,1.6500000000000001
-18,15,2.3709169990453933
-18,15,1.6500000000000001
-18,15,1.6500000000000001
-18,15,1.6500000000000001
-18,15,1.6500000000000001
-18,15,1.6500000000000001
-18,15,1.6500000000000001
-18,15,1.6500000000000001
-18,15,1.6500000000000001
-18,15,1.6500000000000001
-18,15,1.6500000000000001
-18,15,1.6500000000000001
-18,15,1.6500000000000001
-18,15,1.6500000000000001
-18,15,1.6500000000000001
-18,15,3.584493468835399
-18,15,5.809437404482177
-18,15,13.724054512597586
-18,15,1.6500000000000001
-18,15,1.6500000000000001
-18,15,1.6500000000000001
-18,15,1.6500000000000001
-18,15,1.6500000000000001
-18,15,1.6500000000000001
-18,15,1.6500000000000001
-18,15,1.6500000000000001
-18,15,1.6500000000000001
-18,15,1.6500000000000001
-18,15,1.6500000000000001
-18,15,5.661871654748801
-18,15,1.6500000000000001
-18,15,1.6500000000000001
-18,15,8.500036649012634
-18,15,1.6500000000000001
-18,15,1.6500000000000001
-18,15,16.921313274777262
-18,15,13.331220854642499
-18,15,1.6500000000000001
-18,15,1.6500000000000001
-18,15,3.20384167295634
-18,15,22.318581432306008
-18,15,1.6500000000000001
-18,15,1.6500000000000001
-18,15,1.6500000000000001
-18,15,1.6500000000000001
-18,15,1.6500000000000001
-18,15,1.6500000000000001
-18,15,1.6500000000000001
-18,15,2.575278252227081
-18,15,1.6500000000000001
-18,15,1.6500000000000001
-18,15,1.6500000000000001
-18,15,3.1744189031737307
-18,15,1.6500000000000001
-18,15,1.8422482528097284
-18,15,1.6500000000000001
-18,15,1.6500000000000001
-18,15,5.7701900345533375
-18,15,1.6500000000000001
-18,15,1.6500000000000001
-18,15,1.6500000000000001
-18,15,1.6500000000000001
-18,15,1.6500000000000001
-18,15,1.6500000000000001
-18,15,1.6500000000000001
-18,15,1.6500000000000001
-18,15,1.6500000000000001
-18,15,3.371689279279325
-18,15,1.6500000000000001
-18,15,1.6500000000000001
-18,15,1.6500000000000001
-18,15,5.398909440478489
-18,15,1.6500000000000001
-18,15,1.6500000000000001
-18,15,1.6500000000000001
-18,15,6.786729060497244
-18,15,2.6741363387563766
-18,15,17.50613387246695
-18,15,1.6500000000000001
-18,15,1.6500000000000001
-18,15,1.6500000000000001
-18,15,1.6500000000000001
-18,15,1.6500000000000001
-18,15,1.6500000000000001
-18,15,1.6500000000000001
-18,15,1.6500000000000001
-18,15,1.6500000000000001
-18,15,1.6500000000000001
-18,15,1.6500000000000001
-18,15,1.6500000000000001
-18,15,1.6500000000000001
-18,15,1.6500000000000001
-18,15,1.6500000000000001
-18,15,1.6500000000000001
-18,15,1.6500000000000001
-18,15,1.6500000000000001
-18,15,1.6500000000000001
-18,15,1.6500000000000001
-18,15,1.6500000000000001
-18,15,1.6500000000000001
-18,16,1.6500000000000001
-18,16,1.6500000000000001
-18,16,10.35491950733137
-18,16,1.6500000000000001
-18,16,1.6500000000000001
-18,16,1.6500000000000001
-18,16,1.6500000000000001
-18,16,1.6500000000000001
-18,16,1.6500000000000001
-18,16,1.6500000000000001
-18,16,1.6500000000000001
-18,16,1.6500000000000001
-18,16,1.6500000000000001
-18,16,1.6500000000000001
-18,16,1.6500000000000001
-18,16,1.6500000000000001
-18,16,1.6500000000000001
-18,16,1.6500000000000001
-18,16,1.6500000000000001
-18,16,1.6500000000000001
-18,16,1.6500000000000001
-18,16,1.6500000000000001
-18,16,1.6500000000000001
-18,16,1.6500000000000001
-18,16,1.6500000000000001
-18,16,1.6500000000000001
-18,16,1.6500000000000001
-18,16,1.6500000000000001
-18,16,1.6500000000000001
-18,16,1.6500000000000001
-18,16,1.6500000000000001
-18,16,1.6500000000000001
-18,16,2.3732849345108313
-18,16,1.6500000000000001
-18,16,1.6500000000000001
-18,16,1.6500000000000001
-18,16,1.6500000000000001
-18,16,1.6500000000000001
-18,16,1.6500000000000001
-18,16,1.6500000000000001
-18,16,1.6500000000000001
-18,16,1.6500000000000001
-18,16,1.6500000000000001
-18,16,1.6500000000000001
-18,16,1.6500000000000001
-18,16,1.6500000000000001
-18,16,1.6500000000000001
-18,16,1.6500000000000001
-18,16,10.565413668479664
-18,16,1.6500000000000001
-18,16,1.6500000000000001
-18,16,1.6500000000000001
-18,16,3.216944129606466
-18,16,1.6500000000000001
-18,16,1.6500000000000001
-18,16,1.6500000000000001
-18,16,1.6500000000000001
-18,16,1.6500000000000001
-18,16,1.6500000000000001
-18,16,1.6500000000000001
-18,16,1.6500000000000001
-18,16,1.6500000000000001
-18,16,1.6500000000000001
-18,16,1.6500000000000001
-18,16,1.6500000000000001
-18,16,1.6500000000000001
-18,16,2.723878282440232
-18,16,1.6500000000000001
-18,16,1.6500000000000001
-18,16,7.732861104230249
-18,16,6.041480089822953
-18,16,3.5955031524423866
-18,16,1.6500000000000001
-18,16,1.6500000000000001
-18,16,1.6500000000000001
-18,16,1.6500000000000001
-18,16,1.6500000000000001
-18,16,1.6500000000000001
-18,16,1.6500000000000001
-18,16,1.6500000000000001
-18,16,1.6500000000000001
-18,16,1.6500000000000001
-18,16,1.6500000000000001
-18,16,1.6500000000000001
-18,16,1.6500000000000001
-18,16,1.6500000000000001
-18,16,1.6500000000000001
-18,16,1.6500000000000001
-18,16,1.6500000000000001
-18,16,1.6500000000000001
-18,16,1.6500000000000001
-18,16,1.6500000000000001
-18,16,1.6500000000000001
-18,16,1.6500000000000001
-18,16,3.8942223299147933
-18,16,3.1661249554877937
-18,16,1.6500000000000001
-18,16,1.6500000000000001
-18,16,19.457537221443108
-18,16,1.6500000000000001
-18,16,1.6500000000000001
-18,16,1.6500000000000001
-18,16,1.6500000000000001
-18,16,10.907889916662054
-18,16,1.6500000000000001
-18,16,1.6500000000000001
-18,16,1.6500000000000001
-18,16,1.6500000000000001
-18,16,1.6500000000000001
-18,16,5.428101405357992
-18,16,1.6500000000000001
-18,16,1.6500000000000001
-18,16,1.6500000000000001
-18,16,1.6500000000000001
-18,16,1.6500000000000001
-18,16,1.6500000000000001
-18,16,1.6500000000000001
-18,16,2.507249611064738
-18,16,1.6500000000000001
-18,16,1.6500000000000001
-18,16,1.6500000000000001
-18,16,1.6500000000000001
-18,16,1.6500000000000001
-17,16,1.6500000000000001
-17,16,1.6500000000000001
-17,16,1.6500000000000001
-17,16,1.6500000000000001
-17,16,1.6500000000000001
-17,16,3.1603398021158284
-17,16,19.085058121112866
-17,16,1.6500000000000001
-17,16,1.6500000000000001
-17,16,1.6500000000000001
-17,16,1.6500000000000001
-17,16,1.6500000000000001
-17,16,6.368643823986236
-17,16,1.6500000000000001
-17,16,14.132802557690095
-17,16,1.6500000000000001
-17,16,1.6500000000000001
-17,16,1.6500000000000001
-17,16,1.6500000000000001
-17,16,1.6500000000000001
-17,16,15.139286882522423
-17,16,1.6500000000000001
-17,16,1.6500000000000001
-17,16,1.6500000000000001
-17,16,1.6500000000000001
-17,16,1.6500000000000001
-17,16,1.6500000000000001
-17,16,1.6500000000000001
-17,16,1.6500000000000001
-17,16,1.6500000000000001
-17,16,1.6500000000000001
-17,16,3.846445835966991
-17,16,1.6500000000000001
-17,16,1.6500000000000001
-17,16,1.6500000000000001
-17,16,1.6500000000000001
-17,16,1.6500000000000001
-17,16,1.6500000000000001
-17,16,1.6500000000000001
-17,16,1.6515294723349818
-17,16,6.605587230203932
-17,16,1.6500000000000001
-17,16,1.6500000000000001
-17,16,1.6500000000000001
-17,16,1.6500000000000001
-17,16,1.6500000000000001
-17,16,1.6500000000000001
-17,16,9.413288228643195
-17,16,1.6500000000000001
-17,16,1.6500000000000001
-17,16,1.6500000000000001
-17,16,1.6500000000000001
-17,16,1.6500000000000001
-17,16,1.6500000000000001
-17,16,1.7774591791379102
-17,16,1.6500000000000001
-17,16,7.2875279278544465
-17,16,1.6500000000000001
-17,16,1.6500000000000001
-17,16,1.6500000000000001
-17,16,1.6500000000000001
-17,16,1.6500000000000001
-17,16,5.093549721227527
-17,16,1.6500000000000001
-17,16,1.6500000000000001
-17,16,1.6500000000000001
-17,16,1.6500000000000001
-17,16,1.6500000000000001
-17,16,1.6500000000000001
-17,16,4.460065836966338
-17,16,1.6500000000000001
-17,16,1.6500000000000001
-17,16,1.6500000000000001
-17,16,1.6500000000000001
-17,16,1.6500000000000001
-17,16,1.6500000000000001
-17,16,1.6500000000000001
-17,16,1.6500000000000001
-17,16,1.6500000000000001
-17,16,1.6500000000000001
-17,16,1.6500000000000001
-17,16,1.6500000000000001
-17,16,1.6500000000000001
-17,16,1.6500000000000001
-17,16,1.6500000000000001
-17,16,1.6500000000000001
-17,16,1.6500000000000001
-17,16,1.6500000000000001
-17,16,1.6500000000000001
-17,16,1.6500000000000001
-17,16,1.6500000000000001
-17,16,1.6500000000000001
-17,16,1.6500000000000001
-17,16,1.6500000000000001
-17,16,1.6500000000000001
-17,16,1.6500000000000001
-17,16,11.047812716625177
-17,16,1.6500000000000001
-17,16,1.6500000000000001
-17,16,4.571896004510638
-17,16,1.6500000000000001
-17,16,1.6500000000000001
-17,16,1.6500000000000001
-17,16,8.801084945650754
-17,16,1.6500000000000001
-17,16,1.6500000000000001
-17,16,1.6500000000000001
-17,16,1.6500000000000001
-17,16,1.6500000000000001
-17,16,1.6500000000000001
-17,16,3.149452488149766
-17,16,7.15937378019659
-17,16,1.6500000000000001
-17,16,1.6500000000000001
-17,16,1.6500000000000001
-17,16,1.6500000000000001
-17,16,1.6500000000000001
-17,16,1.6500000000000001
-17,16,1.6500000000000001
-17,16,1.6500000000000001
-17,16,11.892635710270245
-17,16,1.6500000000000001
-17,15,8.228638032728027
-17,15,1.6500000000000001
-17,15,2.9990911646973153
-17,15,1.6500000000000001
-17,15,1.6500000000000001
-17,15,1.6500000000000001
-17,15,8.653538163288689
-17,15,7.219858607682706
-17,15,1.6500000000000001
-17,15,10.82019795688636
-17,15,2.668310830793688
-17,15,1.6500000000000001
-17,15,1.6500000000000001
-17,15,1.6500000000000001
-17,15,1.6500000000000001
-17,15,1.6500000000000001
-17,15,1.6500000000000001
-17,15,1.6500000000000001
-17,15,1.6500000000000001
-17,15,1.6500000000000001
-17,15,1.6500000000000001
-17,15,1.6500000000000001
-17,15,1.6500000000000001
-17,15,1.6500000000000001
-17,15,1.6500000000000001
-17,15,1.6500000000000001
-17,15,12.18625389483132
-17,15,1.6500000000000001
-17,15,1.6500000000000001
-17,15,1.6500000000000001
-17,15,1.6500000000000001
-17,15,5.826461444314054
-17,15,1.6500000000000001
-17,15,1.6500000000000001
-17,15,1.6500000000000001
-17,15,1.6500000000000001
-17,15,1.6500000000000001
-17,15,3.18639571630694
-17,15,1.6500000000000001
-17,15,1.6500000000000001
-17,15,1.6500000000000001
-17,15,1.6500000000000001
-17,15,1.6500000000000001
-17,15,1.6500000000000001
-17,15,1.6500000000000001
-17,15,1.6500000000000001
-17,15,1.6500000000000001
-17,15,2.141127346933329
-17,15,3.2358624218128806
-17,15,1.6500000000000001
-17,15,1.6500000000000001
-17,15,1.6500000000000001
-17,15,1.6500000000000001
-17,15,1.6500000000000001
-17,15,1.6500000000000001
-17,15,1.6500000000000001
-17,15,1.6500000000000001
-17,15,1.6500000000000001
-17,15,1.6500000000000001
-17,15,1.6500000000000001
-17,15,1.6500000000000001
-17,15,1.6500000000000001
-17,15,1.6500000000000001
-17,15,1.6500000000000001
-17,15,1.6500000000000001
-17,15,1.6500000000000001
-17,15,1.6500000000000001
-17,15,4.947052321363788
-17,15,4.02482935493186
-17,15,1.6500000000000001
-17,15,1.6500000000000001
-17,15,17.27241156781128
-17,15,1.6500000000000001
-17,15,1.6500000000000001
-17,15,1.6500000000000001
-17,15,1.6500000000000001
-17,15,1.6500000000000001
-17,15,1.6500000000000001
-17,15,1.6500000000000001
-17,15,1.6500000000000001
-17,15,2.0526982821207724
-17,15,1.6500000000000001
-17,15,1.6500000000000001
-17,15,3.7037649748843133
-17,15,1.6500000000000001
-17,15,19.303371539981956
-17,15,2.5522030749976006
-17,15,1.6500000000000001
-17,15,3.2938297012427853
-17,15,1.6500000000000001
-17,15,1.6500000000000001
-17,15,1.6500000000000001
-17,15,1.6500000000000001
-17,15,10.841017420033236
-17,15,1.6500000000000001
-17,15,1.6500000000000001
-17,15,1.6500000000000001
-17,15,2.2464471437010136
-17,15,1.6500000000000001
-17,15,1.6500000000000001
-17,15,1.6500000000000001
-17,15,1.6500000000000001
-17,15,1.6500000000000001
-17,15,1.6500000000000001
-17,15,1.6500000000000001
-17,15,1.6500000000000001
-17,15,1.6500000000000001
-17,15,1.6500000000000001
-17,15,1.6500000000000001
-17,15,1.6500000000000001
-17,15,1.6500000000000001
-17,15,1.6500000000000001
-17,15,1.6500000000000001
-17,15,6.314350938926699
-17,15,1.6500000000000001
-17,15,1.6500000000000001
-17,15,17.464092398488262
-17,15,1.6500000000000001
-17,15,1.6500000000000001
-17,15,6.480144132041211
-17,15,1.6500000000000001
-17,15,1.6500000000000001
-16,15,1.6500000000000001
-16,15,1.6500000000000001
-16,15,1.6500000000000001
-16,15,13.110963235935515
-16,15,1.6500000000000001
-16,15,1.6500000000000001
-16,15,2.6839122253789887
-16,15,1.6500000000000001
-16,15,1.6500000000000001
-16,15,1.6500000000000001
-16,15,1.6500000000000001
-16,15,1.6500000000000001
-16,15,1.6500000000000001
-16,15,1.6500000000000001
-16,15,1.6500000000000001
-16,15,1.6500000000000001
-16,15,1.6500000000000001
-16,15,1.6500000000000001
-16,15,1.6500000000000001
-16,15,1.6500000000000001
-16,15,1.6500000000000001
-16,15,1.6500000000000001
-16,15,1.6500000000000001
-16,15,11.427918712529369
-16,15,1.6500000000000001
-16,15,1.6500000000000001
-16,15,1.6500000000000001
-16,15,1.6500000000000001
-16,15,1.6500000000000001
-16,15,1.6500000000000001
-16,15,1.6500000000000001
-16,15,1.6500000000000001
-16,15,1.6500000000000001
-16,15,1.6500000000000001
-16,15,3.074891516272948
-16,15,1.6500000000000001
-16,15,1.6500000000000001
-16,15,1.6500000000000001
-16,15,8.953919123834867
-16,15,1.6500000000000001
-16,15,1.6500000000000001
-16,15,1.6500000000000001
-16,15,23.79579337209084
-16,15,1.6500000000000001
-16,15,3.8808631609729414
-16,15,8.96919585063534
-16,15,8.047537843974979
-16,15,1.6500000000000001
-16,15,1.6500000000000001
-16,15,1.6500000000000001
-16,15,11.656349790716586
-16,15,6.458072313679629
-16,15,3.579353115909422
-16,15,1.6500000000000001
-16,15,1.6500000000000001
-16,15,1.6500000000000001
-16,15,1.6500000000000001
-16,15,1.6500000000000001
-16,15,1.6500000000000001
-16,15,1.6500000000000001
-16,15,1.6500000000000001
-16,15,1.6500000000000001
-16,15,1.6500000000000001
-16,15,1.6500000000000001
-16,15,1.6500000000000001
-16,15,1.6500000000000001
-16,15,1.6500000000000001
-16,15,1.6500000000000001
-16,15,1.6500000000000001
-16,15,1.6500000000000001
-16,15,1.6500000000000001
-16,15,1.6500000000000001
-16,15,13.197060989550199
-16,15,1.6500000000000001
-16,15,1.6500000000000001
-16,15,1.6500000000000001
-16,15,1.6500000000000001
-16,15,1.6500000000000001
-16,15,1.6500000000000001
-16,15,1.6500000000000001
-16,15,1.6500000000000001
-16,15,1.6500000000000001
-16,15,1.6500000000000001
-16,15,1.6500000000000001
-16,15,1.6500000000000001
-16,15,1.6500000000000001
-16,15,1.6500000000000001
-16,15,1.6500000000000001
-16,15,9.563917654130861
-16,15,1.6500000000000001
-16,15,1.6500000000000001
-16,15,1.6500000000000001
-16,15,1.6500000000000001
-16,15,1.6500000000000001
-16,15,1.6500000000000001
-16,15,1.6500000000000001
-16,15,1.6500000000000001
-16,15,1.6500000000000001
-16,15,1.6500000000000001
-16,15,3.805871595895457
-16,15,12.998293876592573
-16,15,1.6500000000000001
-16,15,1.6500000000000001
-16,15,1.6500000000000001
-16,15,1.6500000000000001
-16,15,1.6500000000000001
-16,15,1.6500000000000001
-16,15,1.6500000000000001
-16,15,1.6500000000000001
-16,15,16.36519021914782
-16,15,1.6500000000000001
-16,15,1.6500000000000001
-16,15,1.6500000000000001
-16,15,1.6500000000000001
-16,15,17.566178597612375
-16,15,1.9272088884067564
-16,15,1.6500000000000001
-16,15,1.6500000000000001
-16,15,1.6500000000000001
-16,15,9.820684202817194
-16,15,1.6500000000000001
-16,15,1.6500000000000001
-15,15,1.6500000000000001
-15,15,1.6500000000000001
-15,15,1.6500000000000001
-15,15,27.90983696977946
-15,15,1.6500000000000001
-15,15,1.6500000000000001
-15,15,8.150177813621305
-15,15,1.6500000000000001
-15,15,1.6500000000000001
-15,15,1.6500000000000001
-15,15,1.6500000000000001
-15,15,1.6500000000000001
-15,15,1.6500000000000001
-15,15,1.6500000000000001
-15,15,1.6500000000000001
-15,15,1.6500000000000001
-15,15,1.6500000000000001
-15,15,1.6500000000000001
-15,15,1.6500000000000001
-15,15,1.6500000000000001
-15,15,1.6500000000000001
-15,15,1.6500000000000001
-15,15,1.6500000000000001
-15,15,1.6500000000000001
-15,15,12.117665165432252
-15,15,1.6500000000000001
-15,15,1.6500000000000001
-15,15,1.6500000000000001
-15,15,1.6500000000000001
-15,15,1.6500000000000001
-15,15,1.6500000000000001
-15,15,9.905318768690064
-15,15,1.6500000000000001
-15,15,1.6500000000000001
-15,15,1.6500000000000001
-15,15,1.6500000000000001
-15,15,1.6500000000000001
-15,15,1.6500000000000001
-15,15,1.6500000000000001
-15,15,1.6500000000000001
-15,15,1.6500000000000001
-15,15,1.6500000000000001
-15,15,1.6500000000000001
-15,15,1.6500000000000001
-15,15,1.6500000000000001
-15,15,1.6500000000000001
-15,15,1.6500000000000001
-15,15,1.6500000000000001
-15,15,1.6500000000000001
-15,15,1.6500000000000001
-15,15,1.6500000000000001
-15,15,1.6500000000000001
-15,15,12.158805886453761
-15,15,1.6500000000000001
-15,15,1.6500000000000001
-15,15,1.6500000000000001
-15,15,19.085057773304154
-15,15,1.6500000000000001
-15,15,1.6500000000000001
-15,15,1.6500000000000001
-15,15,1.6500000000000001
-15,15,2.26488557367502
-15,15,1.6500000000000001
-15,15,7.925213412799012
-15,15,1.6500000000000001
-15,15,1.6500000000000001
-15,15,3.8514825795599847
-15,15,1.6500000000000001
-15,15,3.2220080691007524
-15,15,1.6500000000000001
-15,15,1.6500000000000001
-15,15,20.43579606680398
-15,15,9.370767685574751
-15,15,15.4837845097627
-15,15,1.6500000000000001
-15,15,1.6500000000000001
-15,15,1.6500000000000001
-15,15,1.6500000000000001
-15,15,1.6500000000000001
-15,15,1.6500000000000001
-15,15,1.6500000000000001
-15,15,3.790709522556458
-15,15,1.6500000000000001
-15,15,1.6500000000000001
-15,15,1.6500000000000001
-15,15,1.6500000000000001
-15,15,1.6500000000000001
-15,15,1.6500000000000001
-15,15,11.034027499192796
-15,15,1.6500000000000001
-15,15,1.6500000000000001
-15,15,12.651925058233864
-15,15,1.6500000000000001
-15,15,16.784666245734353
-15,15,1.6500000000000001
-15,15,1.6500000000000001
-15,15,1.6500000000000001
-15,15,1.6500000000000001
-15,15,1.6500000000000001
-15,15,1.6500000000000001
-15,15,13.668226548703473
-15,15,1.6500000000000001
-15,15,8.500525428125847
-15,15,1.6500000000000001
-15,15,2.2985802036130547
-15,15,1.6500000000000001
-15,15,1.6500000000000001
-15,15,1.6500000000000001
-15,15,1.6500000000000001
-15,15,1.6500000000000001
-15,15,1.6500000000000001
-15,15,27.317990564749774
-15,15,1.6500000000000001
-15,15,9.882259753574889
-15,15,4.0371522301824605
-15,15,1.6500000000000001
-15,15,1.6500000000000001
-15,15,18.239579742859366
-15,15,1.6500000000000001
-15,15,1.6500000000000001
-15,15,1.6500000000000001
-15,15,1.6500000000000001
-14,15,1.6500000000000001
-14,15,1.6500000000000001
-14,15,10.130037080084124
-14,15,1.6500000000000001
-14,15,1.6500000000000001
-14,15,1.6500000000000001
-14,15,1.6500000000000001
-14,15,1.6500000000000001
-14,15,6.158434469252763
-14,15,1.6500000000000001
-14,15,1.6500000000000001
-14,15,1.6500000000000001
-14,15,18.227441984359846
-14,15,1.6500000000000001
-14,15,1.6500000000000001
-14,15,12.791991034104194
-14,15,1.6500000000000001
-14,15,1.6500000000000001
-14,15,1.6500000000000001
-14,15,1.6500000000000001
-14,15,1.6500000000000001
-14,15,1.6500000000000001
-14,15,1.6500000000000001
-14,15,1.6500000000000001
-14,15,1.6500000000000001
-14,15,14.927994439550002
-14,15,2.116279029029572
-14,15,1.6500000000000001
-14,15,1.6500000000000001
-14,15,1.6500000000000001
-14,15,4.236186491114868
-14,15,1.6500000000000001
-14,15,1.6500000000000001
-14,15,5.984485145681807
-14,15,1.6500000000000001
-14,15,1.6500000000000001
-14,15,1.6500000000000001
-14,15,1.6500000000000001
-14,15,1.6500000000000001
-14,15,1.6500000000000001
-14,15,1.6500000000000001
-14,15,1.6500000000000001
-14,15,1.6500000000000001
-14,15,1.6500000000000001
-14,15,1.6500000000000001
-14,15,1.6500000000000001
-14,15,1.6500000000000001
-14,15,1.6500000000000001
-14,15,1.6500000000000001
-14,15,1.6500000000000001
-14,15,1.6500000000000001
-14,15,1.6500000000000001
-14,15,1.6500000000000001
-14,15,1.6500000000000001
-14,15,1.6500000000000001
-14,15,16.523031579487387
-14,15,1.6500000000000001
-14,15,1.6500000000000001
-14,15,1.6500000000000001
-14,15,1.6500000000000001
-14,15,5.42404402874946
-14,15,1.6500000000000001
-14,15,1.6500000000000001
-14,15,1.6500000000000001
-14,15,9.191736896220236
-14,15,10.589471168840102
-14,15,1.6500000000000001
-14,15,1.6500000000000001
-14,15,1.6500000000000001
-14,15,1.6500000000000001
-14,15,1.6500000000000001
-14,15,1.6500000000000001
-14,15,1.6500000000000001
-14,15,1.6500000000000001
-14,15,1.6500000000000001
-14,15,17.665012028279556
-14,15,1.6500000000000001
-14,15,1.6500000000000001
-14,15,1.6500000000000001
-14,15,6.973038745614414
-14,15,1.6500000000000001
-14,15,1.6500000000000001
-14,15,22.537427226003672
-14,15,1.6500000000000001
-14,15,1.6500000000000001
-14,15,1.6500000000000001
-14,15,1.6500000000000001
-14,15,1.6500000000000001
-14,15,1.6500000000000001
-14,15,1.6500000000000001
-14,15,1.6500000000000001
-14,15,1.6500000000000001
-14,15,14.156480782575532
-14,15,1.6500000000000001
-14,15,1.6500000000000001
-14,15,1.6500000000000001
-14,15,10.54861108380113
-14,15,1.6500000000000001
-14,15,1.6500000000000001
-14,15,1.6500000000000001
-14,15,1.6500000000000001
-14,15,2.3576696687429806
-14,15,1.6500000000000001
-14,15,1.6500000000000001
-14,15,1.6500000000000001
-14,15,1.6500000000000001
-14,15,1.6500000000000001
-14,15,5.153359352568036
-14,15,1.6500000000000001
-14,15,21.151676304846326
-14,15,1.6500000000000001
-14,15,1.6500000000000001
-14,15,1.6500000000000001
-14,15,1.6500000000000001
-14,15,9.143525553111955
-14,15,1.6500000000000001
-14,15,1.6500000000000001
-14,15,1.6500000000000001
-14,15,1.6500000000000001
-14,15,12.137441241286265
-14,15,1.6500000000000001
-14,15,1.6500000000000001
-14,15,1.6500000000000001
-13,15,1.6500000000000001
-13,15,9.211184566883604
-13,15,1.6500000000000001
-13,15,1.6500000000000001
-13,15,6.985634015227989
-13,15,1.6500000000000001
-13,15,11.69534138375988
-13,15,16.528776144251278
-13,15,1.6500000000000001
-13,15,25.20508971020816
-13,15,1.6500000000000001
-13,15,12.005051484480632
-13,15,1.6500000000000001
-13,15,1.6500000000000001
-13,15,1.6500000000000001
-13,15,1.6500000000000001
-13,15,1.6500000000000001
-13,15,1.6500000000000001
-13,15,1.6500000000000001
-13,15,5.752367358374574
-13,15,3.1081045602767876
-13,15,1.6500000000000001
-13,15,1.6500000000000001
-13,15,11.89814954789689
-13,15,1.6500000000000001
-13,15,6.440598152213457
-13,15,2.78406822512936
-13,15,1.6500000000000001
-13,15,1.6500000000000001
-13,15,1.6500000000000001
-13,15,1.6500000000000001
-13,15,1.6500000000000001
-13,15,25.300398070409425
-13,15,2.8625498249908663
-13,15,7.164089250731747
-13,15,14.73838899047309
-13,15,1.6500000000000001
-13,15,1.6500000000000001
-13,15,1.6500000000000001
-13,15,29.42040441819232
-13,15,6.777351452770464
-13,15,8.203946428698913
-13,15,1.6500000000000001
-13,15,1.6500000000000001
-13,15,4.874496459494726
-13,15,1.6500000000000001
-13,15,5.905928218901135
-13,15,1.6500000000000001
-13,15,1.6500000000000001
-13,15,1.6500000000000001
-13,15,6.714880215234114
-13,15,1.6500000000000001
-13,15,6.387569251655522
-13,15,1.6500000000000001
-13,15,1.6500000000000001
-13,15,8.725873028099285
-13,15,29.7
-13,15,1.6500000000000001
-13,15,7.809116671195721
-13,15,1.6500000000000001
-13,15,1.6500000000000001
-13,15,1.6500000000000001
-13,15,1.6500000000000001
-13,15,6.555640222482722
-13,15,1.6500000000000001
-13,15,1.6500000000000001
-13,15,3.192713676750861
-13,15,1.6500000000000001
-13,15,4.59171213094358
-13,15,1.6500000000000001
-13,15,4.874196896426238
-13,15,1.6500000000000001
-13,15,2.05162815776277
-13,15,1.6500000000000001
-13,15,13.602330108118476
-13,15,17.227122925775532
-13,15,1.6500000000000001
-13,15,11.887783585717875
-13,15,1.6500000000000001
-13,15,6.912657798659297
-13,15,1.6500000000000001
-13,15,1.6500000000000001
-13,15,1.6500000000000001
-13,15,1.6500000000000001
-13,15,1.6500000000000001
-13,15,1.6500000000000001
-13,15,1.6500000000000001
-13,15,5.156584544016599
-13,15,1.6500000000000001
-13,15,1.6500000000000001
-13,15,1.6500000000000001
-13,15,1.6500000000000001
-13,15,1.6500000000000001
-13,15,22.22659714552873
-13,15,1.6500000000000001
-13,15,1.6500000000000001
-13,15,1.6500000000000001
-13,15,9.186794071027542
-13,15,1.6500000000000001
-13,15,1.6500000000000001
-13,15,3.554674389091395
-13,15,7.097060132650672
-13,15,1.6500000000000001
-13,15,1.6500000000000001
-13,15,1.6500000000000001
-13,15,1.6500000000000001
-13,15,1.6500000000000001
-13,15,6.178211314029455
-13,15,1.6500000000000001
-13,15,1.6500000000000001
-13,15,1.6500000000000001
-13,15,1.6500000000000001
-13,15,16.133320942598942
-13,15,3.984858030523566
-13,15,1.6500000000000001
-13,15,12.01129591603164
-13,15,1.6500000000000001
-13,15,19.331663178737777
-13,15,1.6500000000000001
-13,15,1.6500000000000001
-13,15,1.6500000000000001
-13,15,1.6500000000000001
-12,15,1.6500000000000001
-12,15,1.6500000000000001
-12,15,9.655547651134695
-12,15,1.6500000000000001
-12,15,7.017485405932318
-12,15,1.6500000000000001
-12,15,1.6500000000000001
-12,15,1.6500000000000001
-12,15,10.302777568542632
-12,15,1.6500000000000001
-12,15,1.6500000000000001
-12,15,1.6500000000000001
-12,15,15.832275872415934
-12,15,8.809520863219221
-12,15,14.994384234090854
-12,15,6.583170997765034
-12,15,1.6500000000000001
-12,15,1.6500000000000001
-12,15,1.6500000000000001
-12,15,1.6500000000000001
-12,15,3.3502558097566446
-12,15,1.6500000000000001
-12,15,1.6500000000000001
-12,15,1.6500000000000001
-12,15,1.6500000000000001
-12,15,1.6500000000000001
-12,15,1.6500000000000001
-12,15,1.6500000000000001
-12,15,1.6500000000000001
-12,15,1.6500000000000001
-12,15,1.6500000000000001
-12,15,29.7
-12,15,5.950268444760604
-12,15,1.6500000000000001
-12,15,8.7538292724909
-12,15,1.6500000000000001
-12,15,8.216111777538327
-12,15,1.6500000000000001
-12,15,6.01765973141659
-12,15,5.766484348346595
-12,15,5.492465495858616
-12,15,17.693111896009036
-12,15,1.6500000000000001
-12,15,2.767845356623493
-12,15,7.171988995542104
-12,15,1.6500000000000001
-12,15,1.925223396001826
-12,15,1.6500000000000001
-12,15,1.6500000000000001
-12,15,1.6500000000000001
-12,15,1.6500000000000001
-12,15,1.6500000000000001
-12,15,14.370856287287433
-12,15,1.6500000000000001
-12,15,1.6500000000000001
-12,15,1.6500000000000001
-12,15,1.6500000000000001
-12,15,1.6500000000000001
-12,15,1.6500000000000001
-12,15,6.770473518787547
-12,15,8.09608869113364
-12,15,7.5839429450935505
-12,15,11.771388117410703
-12,15,1.6500000000000001
-12,15,1.6500000000000001
-12,15,1.6500000000000001
-12,15,1.6500000000000001
-12,15,1.6500000000000001
-12,15,11.258753245835067
-12,15,1.6500000000000001
-12,15,21.145758517897903
-12,15,1.6500000000000001
-12,15,1.6500000000000001
-12,15,1.6500000000000001
-12,15,1.6500000000000001
-12,15,6.510612119244442
-12,15,5.710534517193946
-12,15,1.6500000000000001
-12,15,2.7854764169021706
-12,15,1.6629323888369631
-12,15,10.9655192291526
-12,15,4.911305818818704
-12,15,1.6500000000000001
-12,15,1.6500000000000001
-12,15,1.6500000000000001
-12,15,1.6500000000000001
-12,15,2.320515362575706
-12,15,1.6500000000000001
-12,15,1.6500000000000001
-12,15,9.439544939053443
-12,15,1.6500000000000001
-12,15,1.6500000000000001
-12,15,1.6500000000000001
-12,15,1.6500000000000001
-12,15,11.113225252896108
-12,15,3.0706334358070264
-12,15,1.6500000000000001
-12,15,1.6500000000000001
-12,15,1.6500000000000001
-12,15,6.118228099996422
-12,15,1.6500000000000001
-12,15,1.6500000000000001
-12,15,1.6500000000000001
-12,15,1.6500000000000001
-12,15,1.6500000000000001
-12,15,1.6500000000000001
-12,15,1.6500000000000001
-12,15,1.6500000000000001
-12,15,1.6500000000000001
-12,15,1.6500000000000001
-12,15,20.38846381149193
-12,15,7.939282230621723
-12,15,1.6500000000000001
-12,15,1.6500000000000001
-12,15,1.6500000000000001
-12,15,1.6500000000000001
-12,15,1.6500000000000001
-12,15,1.6500000000000001
-12,15,6.445655070486794
-12,15,1.6500000000000001
-12,15,1.6500000000000001
-12,15,1.6500000000000001
-12,14,1.6500000000000001
-12,14,1.6500000000000001
-12,14,8.325990325427222
-12,14,1.6500000000000001
-12,14,1.6500000000000001
-12,14,4.750291128457035
-12,14,1.6500000000000001
-12,14,1.6500000000000001
-12,14,5.046665003469175
-12,14,11.472622813955997
-12,14,1.6500000000000001
-12,14,17.229065086077295
-12,14,1.6500000000000001
-12,14,1.6500000000000001
-12,14,3.0917485402976093
-12,14,1.6500000000000001
-12,14,1.6500000000000001
-12,14,12.472933937911455
-12,14,3.68883879601868
-12,14,13.863180586535012
-12,14,1.6500000000000001
-12,14,1.69570637875138
-12,14,1.6500000000000001
-12,14,25.359460026595816
-12,14,9.142928470492915
-12,14,1.6500000000000001
-12,14,1.6500000000000001
-12,14,1.6500000000000001
-12,14,1.6500000000000001
-12,14,1.6500000000000001
-12,14,1.6500000000000001
-12,14,1.6500000000000001
-12,14,3.4568718848473337
-12,14,8.665913558388075
-12,14,10.104425641672531
-12,14,1.6500000000000001
-12,14,1.6500000000000001
-12,14,24.531248052338434
-12,14,18.094548878427016
-12,14,12.37273873052556
-12,14,1.6500000000000001
-12,14,1.6500000000000001
-12,14,1.6500000000000001
-12,14,1.6500000000000001
-12,14,1.6500000000000001
-12,14,3.2598329650244353
-12,14,1.6500000000000001
-12,14,1.6500000000000001
-12,14,1.6500000000000001
-12,14,1.6500000000000001
-12,14,1.6500000000000001
-12,14,2.876801938056107
-12,14,4.711086506714022
-12,14,1.6500000000000001
-12,14,1.6500000000000001
-12,14,1.6500000000000001
-12,14,8.981604252021771
-12,14,1.6500000000000001
-12,14,1.6500000000000001
-12,14,1.6500000000000001
-12,14,1.6500000000000001
-12,14,5.340727969782799
-12,14,18.62077171893075
-12,14,1.6500000000000001
-12,14,2.8563630072783486
-12,14,1.6500000000000001
-12,14,1.6500000000000001
-12,14,1.6500000000000001
-12,14,1.6500000000000001
-12,14,1.6500000000000001
-12,14,1.6500000000000001
-12,14,14.596735123477972
-12,14,1.6500000000000001
-12,14,1.6500000000000001
-12,14,1.6500000000000001
-12,14,10.159899840815594
-12,14,5.101904404053167
-12,14,1.6500000000000001
-12,14,11.253320187735783
-12,14,1.6500000000000001
-12,14,1.6500000000000001
-12,14,1.6500000000000001
-12,14,1.6500000000000001
-12,14,1.6500000000000001
-12,14,7.290807715336759
-12,14,1.6500000000000001
-12,14,11.11244465197778
-12,14,1.6500000000000001
-12,14,1.6500000000000001
-12,14,1.6500000000000001
-12,14,3.822064313189798
-12,14,1.6500000000000001
-12,14,27.113102573653602
-12,14,1.6500000000000001
-12,14,7.162323094713332
-12,14,6.888222870833766
-12,14,1.6500000000000001
-12,14,1.6500000000000001
-12,14,2.8437135802314746
-12,14,1.6500000000000001
-12,14,1.6500000000000001
-12,14,1.6500000000000001
-12,14,1.6500000000000001
-12,14,15.757330530737955
-12,14,1.6500000000000001
-12,14,1.6500000000000001
-12,14,1.6500000000000001
-12,14,1.6500000000000001
-12,14,1.6500000000000001
-12,14,3.5702562015025965
-12,14,1.6500000000000001
-12,14,1.6500000000000001
-12,14,8.0875103547858
-12,14,1.6500000000000001
-12,14,2.75369451690416
-12,14,9.206379253687036
-12,14,17.720201358548735
-12,14,1.6500000000000001
-12,14,17.628034152544082
-12,14,1.6500000000000001
-12,14,9.175067137190855
-12,14,18.345560709467218
-12,13,1.6500000000000001
-12,13,1.6500000000000001
-12,13,1.6500000000000001
-12,13,2.261021381039982
-12,13,7.652535715955885
-12,13,25.135681769239383
-12,13,11.159837564712774
-12,13,1.6500000000000001
-12,13,1.6500000000000001
-12,13,9.251773752429289
-12,13,1.6500000000000001
-12,13,11.865565786092105
-12,13,1.6500000000000001
-12,13,9.4121779461793
-12,13,7.634928735739029
-12,13,1.6500000000000001
-12,13,1.6500000000000001
-12,13,1.6500000000000001
-12,13,13.495161922264163
-12,13,17.223384704199102
-12,13,1.6500000000000001
-12,13,29.7
-12,13,1.6500000000000001
-12,13,1.6500000000000001
-12,13,1.6500000000000001
-12,13,1.6500000000000001
-12,13,1.6500000000000001
-12,13,1.6500000000000001
-12,13,1.6500000000000001
-12,13,1.6500000000000001
-12,13,1.6500000000000001
-12,13,1.6500000000000001
-12,13,1.6500000000000001
-12,13,1.6500000000000001
-12,13,1.6500000000000001
-12,13,20.038456029024044
-12,13,8.698395598393372
-12,13,1.6500000000000001
-12,13,1.6500000000000001
-12,13,6.578655254974532
-12,13,5.745859851869494
-12,13,9.018178164297233
-12,13,11.342334539826805
-12,13,1.6500000000000001
-12,13,1.6500000000000001
-12,13,7.059284605322417
-12,13,4.2851256957614625
-12,13,1.6500000000000001
-12,13,1.6500000000000001
-12,13,5.780175521190064
-12,13,1.6500000000000001
-12,13,9.359899202777447
-12,13,1.6500000000000001
-12,13,2.851578177975556
-12,13,6.168899091226063
-12,13,1.6500000000000001
-12,13,1.6500000000000001
-12,13,9.371377969295708
-12,13,1.6500000000000001
-12,13,2.0774792712900285
-12,13,1.6500000000000001
-12,13,10.448279543253182
-12,13,1.6500000000000001
-12,13,10.835000828036499
-12,13,1.6500000000000001
-12,13,1.6500000000000001
-12,13,29.7
-12,13,1.6500000000000001
-12,13,1.6500000000000001
-12,13,15.464763590188209
-12,13,6.850914946385028
-12,13,4.071355843348268
-12,13,1.6500000000000001
-12,13,10.235412756925598
-12,13,8.542033027978672
-12,13,1.6500000000000001
-12,13,10.464621735491974
-12,13,1.6500000000000001
-12,13,13.360982420258162
-12,13,1.6500000000000001
-12,13,9.61813945301786
-12,13,1.6500000000000001
-12,13,1.6500000000000001
-12,13,1.6500000000000001
-12,13,1.6500000000000001
-12,13,1.6500000000000001
-12,13,1.6500000000000001
-12,13,1.6500000000000001
-12,13,1.6500000000000001
-12,13,22.049950579829552
-12,13,1.6500000000000001
-12,13,1.6500000000000001
-12,13,1.6500000000000001
-12,13,1.6500000000000001
-12,13,10.479917400379053
-12,13,1.6500000000000001
-12,13,1.6500000000000001
-12,13,1.6500000000000001
-12,13,1.6500000000000001
-12,13,1.6500000000000001
-12,13,8.590221968315486
-12,13,1.6500000000000001
-12,13,1.6500000000000001
-12,13,1.6500000000000001
-12,13,2.8773174876937238
-12,13,1.6500000000000001
-12,13,4.573498213480214
-12,13,1.6500000000000001
-12,13,1.6500000000000001
-12,13,1.6500000000000001
-12,13,1.6500000000000001
-12,13,1.6500000000000001
-12,13,1.6500000000000001
-12,13,2.777177176519906
-12,13,1.6500000000000001
-12,13,18.423458750762393
-12,13,7.200111102035898
-12,13,4.621986426238102
-12,13,1.6500000000000001
-12,13,15.502621362378331
-12,13,1.6500000000000001
-12,13,1.6500000000000001
-11,13,25.85184782914288
-11,13,7.875482865003398
-11,13,1.6500000000000001
-11,13,3.8945662555188356
-11,13,20.83096266739625
-11,13,1.6500000000000001
-11,13,20.778698123128954
-11,13,16.311295702105248
-11,13,3.8795297318310755
-11,13,1.6500000000000001
-11,13,1.6500000000000001
-11,13,1.6500000000000001
-11,13,7.558019479169596
-11,13,1.6500000000000001
-11,13,18.078970452315517
-11,13,1.6500000000000001
-11,13,29.7
-11,13,1.6500000000000001
-11,13,29.7
-11,13,19.25500360249338
-11,13,1.6500000000000001
-11,13,18.212496972657565
-11,13,14.253321827834187
-11,13,1.6500000000000001
-11,13,12.09092522122846
-11,13,1.6500000000000001
-11,13,14.9288032494821
-11,13,1.6500000000000001
-11,13,6.418071728967304
-11,13,13.570639155930206
-11,13,14.979681979690225
-11,13,1.6500000000000001
-11,13,11.499256391328466
-11,13,1.6500000000000001
-11,13,2.1654694819026226
-11,13,1.6500000000000001
-11,13,1.6500000000000001
-11,13,1.6500000000000001
-11,13,28.382328482263958
-11,13,15.170012093766685
-11,13,1.6500000000000001
-11,13,1.6500000000000001
-11,13,1.6500000000000001
-11,13,4.946509066699777
-11,13,1.6500000000000001
-11,13,1.6500000000000001
-11,13,7.458814905792625
-11,13,1.6500000000000001
-11,13,27.81800286349961
-11,13,1.6500000000000001
-11,13,3.7521348448759166
-11,13,11.924266071567114
-11,13,4.987518175487832
-11,13,1.6500000000000001
-11,13,18.35526212161522
-11,13,1.6500000000000001
-11,13,1.6500000000000001
-11,13,1.6500000000000001
-11,13,2.7207442264518202
-11,13,5.0315829103465965
-11,13,1.6500000000000001
-11,13,1.6500000000000001
-11,13,23.875502940829183
-11,13,1.6500000000000001
-11,13,1.6500000000000001
-11,13,1.6500000000000001
-11,13,1.6500000000000001
-11,13,1.6500000000000001
-11,13,1.6500000000000001
-11,13,1.6500000000000001
-11,13,8.211144826752367
-11,13,5.405250139493395
-11,13,1.6500000000000001
-11,13,1.6500000000000001
-11,13,1.6500000000000001
-11,13,1.6500000000000001
-11,13,6.647775973835527
-11,13,3.730602956777097
-11,13,1.6500000000000001
-11,13,1.6500000000000001
-11,13,1.6500000000000001
-11,13,17.869714168734063
-11,13,17.102868333447418
-11,13,2.917306005077922
-11,13,12.301816006303774
-11,13,8.114482433682756
-11,13,2.689521277683558
-11,13,1.6500000000000001
-11,13,1.6500000000000001
-11,13,1.6500000000000001
-11,13,3.7376947623459293
-11,13,4.704816480483389
-11,13,5.9147447923655445
-11,13,1.6500000000000001
-11,13,9.731173113676975
-11,13,1.6500000000000001
-11,13,1.6500000000000001
-11,13,6.788828341591147
-11,13,1.6500000000000001
-11,13,1.6500000000000001
-11,13,1.6500000000000001
-11,13,11.817361775142452
-11,13,1.6500000000000001
-11,13,1.6500000000000001
-11,13,1.6500000000000001
-11,13,10.983338062097234
-11,13,1.6500000000000001
-11,13,6.388347673033848
-11,13,8.258175433312967
-11,13,1.6500000000000001
-11,13,6.269223938107294
-11,13,1.6500000000000001
-11,13,1.6500000000000001
-11,13,1.6500000000000001
-11,13,9.73202673888535
-11,13,1.6500000000000001
-11,13,1.6500000000000001
-11,13,1.6500000000000001
-11,13,1.6500000000000001
-11,13,1.6500000000000001
-11,13,1.6500000000000001
-11,13,1.6500000000000001
-11,13,1.6500000000000001
-10,13,15.869946997701438
-10,13,21.06343071653601
-10,13,1.6500000000000001
-10,13,1.6500000000000001
-10,13,1.6500000000000001
-10,13,13.557876994797349
-10,13,1.6500000000000001
-10,13,15.80279403387841
-10,13,13.015675157239784
-10,13,1.6500000000000001
-10,13,1.6500000000000001
-10,13,1.6500000000000001
-10,13,14.750508101414633
-10,13,11.241830982855296
-10,13,1.6500000000000001
-10,13,17.344866484507303
-10,13,1.6500000000000001
-10,13,1.6500000000000001
-10,13,1.7291969604947344
-10,13,14.724096830635274
-10,13,1.6500000000000001
-10,13,11.976151329690435
-10,13,1.9821198293861935
-10,13,1.7268427856500657
-10,13,5.982612232298522
-10,13,1.6500000000000001
-10,13,2.182085855654779
-10,13,5.032985470377195
-10,13,1.6500000000000001
-10,13,1.6500000000000001
-10,13,1.6500000000000001
-10,13,1.6500000000000001
-10,13,14.726786483722503
-10,13,1.6500000000000001
-10,13,24.050619317313657
-10,13,1.6500000000000001
-10,13,1.6500000000000001
-10,13,9.755914787940114
-10,13,1.6500000000000001
-10,13,29.7
-10,13,8.894375881772337
-10,13,1.6500000000000001
-10,13,7.225153165752266
-10,13,1.6500000000000001
-10,13,8.115729262653026
-10,13,1.6500000000000001
-10,13,7.868749812667967
-10,13,1.6500000000000001
-10,13,1.6500000000000001
-10,13,9.651730096479909
-10,13,1.6500000000000001
-10,13,10.681130996198263
-10,13,1.6500000000000001
-10,13,10.069735039083044
-10,13,5.078622719621423
-10,13,13.703505329305283
-10,13,1.6500000000000001
-10,13,1.6500000000000001
-10,13,4.248743537761273
-10,13,1.6500000000000001
-10,13,1.6500000000000001
-10,13,29.7
-10,13,1.6500000000000001
-10,13,7.922396822012901
-10,13,1.6500000000000001
-10,13,11.919800459878811
-10,13,1.6500000000000001
-10,13,1.6500000000000001
-10,13,1.6500000000000001
-10,13,10.010890500327925
-10,13,3.1156114470606537
-10,13,19.402318549375266
-10,13,10.572772208821766
-10,13,20.844994037969588
-10,13,9.464296951287578
-10,13,1.6500000000000001
-10,13,8.030647945507457
-10,13,6.508599791603679
-10,13,1.6500000000000001
-10,13,1.6500000000000001
-10,13,1.6500000000000001
-10,13,25.574628910067748
-10,13,1.6500000000000001
-10,13,6.895017453648981
-10,13,1.6500000000000001
-10,13,12.16041984466855
-10,13,1.6500000000000001
-10,13,1.6500000000000001
-10,13,1.6500000000000001
-10,13,1.6500000000000001
-10,13,2.1303037312639566
-10,13,1.6500000000000001
-10,13,1.6500000000000001
-10,13,1.6500000000000001
-10,13,1.6500000000000001
-10,13,2.2454635958875535
-10,13,10.328933540912969
-10,13,4.539454907151951
-10,13,1.6500000000000001
-10,13,16.706892665632672
-10,13,5.453750789282768
-10,13,29.7
-10,13,9.050130719009914
-10,13,1.6500000000000001
-10,13,1.6500000000000001
-10,13,27.818300012651687
-10,13,14.366666640839082
-10,13,1.6500000000000001
-10,13,1.6500000000000001
-10,13,19.030144082548837
-10,13,3.4124587055056113
-10,13,10.970583099119418
-10,13,1.6500000000000001
-10,13,6.8426200950224665
-10,13,12.235689582554704
-10,13,2.4737405149321727
-10,13,1.6500000000000001
-10,13,1.6500000000000001
-10,13,1.6500000000000001
-10,13,10.2026351481956
-10,13,3.776239685351781
-10,13,1.6500000000000001
-11,13,1.6500000000000001
-11,13,27.44856736542205
-11,13,3.005235270769978
-11,13,1.6500000000000001
-11,13,10.03737879621347
-11,13,1.6500000000000001
-11,13,1.6500000000000001
-11,13,21.166954325819344
-11,13,1.6500000000000001
-11,13,1.6500000000000001
-11,13,1.6500000000000001
-11,13,11.284324529922634
-11,13,3.876253657862975
-11,13,1.6500000000000001
-11,13,1.6500000000000001
-11,13,1.6500000000000001
-11,13,9.75329489569339
-11,13,1.6500000000000001
-11,13,18.570006022587044
-11,13,1.6500000000000001
-11,13,2.61779794329634
-11,13,17.47460785572746
-11,13,1.6500000000000001
-11,13,2.1895814492364103
-11,13,10.208494005293861
-11,13,13.753255881954109
-11,13,12.181774432058592
-11,13,2.6353593106736426
-11,13,1.6500000000000001
-11,13,4.528015365287297
-11,13,1.6500000000000001
-11,13,1.6500000000000001
-11,13,1.6500000000000001
-11,13,1.6500000000000001
-11,13,9.56858888510456
-11,13,1.6500000000000001
-11,13,29.7
-11,13,4.768688662182873
-11,13,9.700690856403037
-11,13,1.6500000000000001
-11,13,20.35378172935065
-11,13,5.870952420230305
-11,13,4.54672293128808
-11,13,29.7
-11,13,1.6500000000000001
-11,13,6.169115844649008
-11,13,1.6500000000000001
-11,13,13.774406673997348
-11,13,1.6500000000000001
-11,13,1.6500000000000001
-11,13,6.013429065061512
-11,13,7.703244795628086
-11,13,19.19672230797218
-11,13,8.811432531722314
-11,13,1.6500000000000001
-11,13,20.04907885490547
-11,13,1.6500000000000001
-11,13,10.87633937366824
-11,13,1.6500000000000001
-11,13,4.601077280522575
-11,13,1.6500000000000001
-11,13,1.6500000000000001
-11,13,1.6500000000000001
-11,13,1.6500000000000001
-11,13,21.772340622850713
-11,13,12.173582446761689
-11,13,5.485368207700908
-11,13,4.955913185803452
-11,13,29.7
-11,13,1.6500000000000001
-11,13,1.6500000000000001
-11,13,1.6500000000000001
-11,13,1.6500000000000001
-11,13,2.2501471848266754
-11,13,1.6500000000000001
-11,13,1.6500000000000001
-11,13,1.6500000000000001
-11,13,11.512281123456562
-11,13,1.6500000000000001
-11,13,1.6500000000000001
-11,13,1.6500000000000001
-11,13,19.379502065481482
-11,13,1.6500000000000001
-11,13,1.6500000000000001
-11,13,12.80478838653245
-11,13,1.6500000000000001
-11,13,8.1035632474761
-11,13,8.400658451306262
-11,13,14.462986220023488
-11,13,1.6500000000000001
-11,13,1.6500000000000001
-11,13,6.898025659455364
-11,13,1.6500000000000001
-11,13,1.6500000000000001
-11,13,1.6500000000000001
-11,13,1.6500000000000001
-11,13,1.839450337231049
-11,13,1.6500000000000001
-11,13,1.6500000000000001
-11,13,3.170194731113519
-11,13,1.6500000000000001
-11,13,1.6500000000000001
-11,13,1.6500000000000001
-11,13,1.6500000000000001
-11,13,1.6500000000000001
-11,13,15.92827753819576
-11,13,14.958353007885563
-11,13,1.6500000000000001
-11,13,1.6500000000000001
-11,13,1.6500000000000001
-11,13,1.6500000000000001
-11,13,17.264063290127833
-11,13,1.6500000000000001
-11,13,9.441181793539133
-11,13,1.7287434910951562
-11,13,8.556398540253277
-11,13,1.6500000000000001
-11,13,2.5342717756906024
-11,13,1.6500000000000001
-11,13,10.47955263149574
-11,13,1.6500000000000001
-11,13,1.6500000000000001
-10,13,1.6500000000000001
-10,13,3.755521660642827
-10,13,1.6500000000000001
-10,13,1.6500000000000001
-10,13,10.710090848161547
-10,13,25.821777384625374
-10,13,2.1712749488754755
-10,13,21.51005408867821
-10,13,21.28894068700769
-10,13,10.32398344548695
-10,13,1.6500000000000001
-10,13,18.202184294243523
-10,13,1.6500000000000001
-10,13,29.123161756404997
-10,13,14.60602834554882
-10,13,1.6500000000000001
-10,13,14.693494973991756
-10,13,1.6500000000000001
-10,13,8.771422319738264
-10,13,12.833549005434099
-10,13,1.6500000000000001
-10,13,2.9796354912279455
-10,13,1.6500000000000001
-10,13,1.6500000000000001
-10,13,1.6500000000000001
-10,13,1.6500000000000001
-10,13,1.6500000000000001
-10,13,1.6500000000000001
-10,13,1.6500000000000001
-10,13,1.6500000000000001
-10,13,1.6500000000000001
-10,13,1.6500000000000001
-10,13,1.6500000000000001
-10,13,1.6500000000000001
-10,13,6.657597748811706
-10,13,1.6500000000000001
-10,13,1.6500000000000001
-10,13,2.321664335210596
-10,13,2.120175085763293
-10,13,1.6500000000000001
-10,13,13.223645068637738
-10,13,1.6500000000000001
-10,13,18.052850645581195
-10,13,1.6500000000000001
-10,13,29.7
-10,13,1.6500000000000001
-10,13,1.6500000000000001
-10,13,3.7274850149798087
-10,13,1.6500000000000001
-10,13,7.0782684326411704
-10,13,23.473072781068826
-10,13,2.0058847596892457
-10,13,1.6500000000000001
-10,13,16.997153582073768
-10,13,1.6500000000000001
-10,13,5.058446167995047
-10,13,1.6500000000000001
-10,13,1.6500000000000001
-10,13,1.6500000000000001
-10,13,21.658317782138095
-10,13,6.18151261144284
-10,13,1.6500000000000001
-10,13,1.6500000000000001
-10,13,1.6500000000000001
-10,13,1.6500000000000001
-10,13,1.6500000000000001
-10,13,1.6500000000000001
-10,13,1.6500000000000001
-10,13,1.6500000000000001
-10,13,8.587860916772087
-10,13,5.636542537924456
-10,13,1.6500000000000001
-10,13,1.6500000000000001
-10,13,7.405101701908278
-10,13,1.6500000000000001
-10,13,8.132337499200812
-10,13,12.597159427241843
-10,13,1.6500000000000001
-10,13,1.6500000000000001
-10,13,1.6500000000000001
-10,13,19.294959141407922
-10,13,20.166872995169044
-10,13,13.5558527921442
-10,13,1.6500000000000001
-10,13,15.339862661432356
-10,13,4.210394752543014
-10,13,1.7697656520819658
-10,13,1.6500000000000001
-10,13,1.6500000000000001
-10,13,1.6500000000000001
-10,13,13.397118933675872
-10,13,7.474134345911003
-10,13,5.691140292586654
-10,13,11.166511159107952
-10,13,5.418149921689086
-10,13,5.955263694147584
-10,13,2.4056257575192825
-10,13,1.6500000000000001
-10,13,24.11296687462196
-10,13,1.6500000000000001
-10,13,13.764407506755273
-10,13,10.619063265797374
-10,13,1.6500000000000001
-10,13,5.400972817844751
-10,13,6.894322468406778
-10,13,1.6500000000000001
-10,13,19.86258236213215
-10,13,14.73091645265526
-10,13,1.6500000000000001
-10,13,1.6500000000000001
-10,13,19.473136038497326
-10,13,1.6500000000000001
-10,13,1.6500000000000001
-10,13,3.6954110676832825
-10,13,1.6500000000000001
-10,13,1.6500000000000001
-10,13,6.6498266593678395
-10,13,1.6500000000000001
-10,13,1.6500000000000001
-10,13,4.960576040706618
-10,13,1.6500000000000001
-10,13,12.019207664527556
-9,13,1.6500000000000001
-9,13,18.4175068282507
-9,13,1.6500000000000001
-9,13,1.6500000000000001
-9,13,5.02092126312551
-9,13,16.663590313152984
-9,13,7.07406547212912
-9,13,1.6500000000000001
-9,13,1.6500000000000001
-9,13,29.7
-9,13,15.990166476260283
-9,13,1.6500000000000001
-9,13,21.677922872511825
-9,13,1.6500000000000001
-9,13,7.870651001347077
-9,13,18.82387833617793
-9,13,12.675041855405079
-9,13,9.071592098893833
-9,13,1.6500000000000001
-9,13,1.6500000000000001
-9,13,1.6500000000000001
-9,13,4.0632060766730875
-9,13,1.6500000000000001
-9,13,1.6500000000000001
-9,13,1.6500000000000001
-9,13,8.03008033416598
-9,13,15.10108041779984
-9,13,5.70729507076056
-9,13,7.481307178230026
-9,13,1.6500000000000001
-9,13,20.58366638710193
-9,13,9.05564258028919
-9,13,1.6500000000000001
-9,13,3.3134973832857435
-9,13,15.995829896187752
-9,13,21.10493975654907
-9,13,1.6500000000000001
-9,13,8.526274413349512
-9,13,1.6500000000000001
-9,13,1.6500000000000001
-9,13,15.565523004691563
-9,13,16.74470016732016
-9,13,28.33353449321568
-9,13,7.079057033365414
-9,13,7.987220506601302
-9,13,1.6500000000000001
-9,13,29.7
-9,13,1.6500000000000001
-9,13,23.279490614497693
-9,13,1.6500000000000001
-9,13,22.26931499084139
-9,13,1.6500000000000001
-9,13,6.451473640501609
-9,13,15.042894126814003
-9,13,1.6500000000000001
-9,13,1.6500000000000001
-9,13,1.6500000000000001
-9,13,12.623791317938846
-9,13,24.28322091424856
-9,13,17.806515605579335
-9,13,1.6500000000000001
-9,13,1.6500000000000001
-9,13,1.6500000000000001
-9,13,3.583431573965589
-9,13,28.07570249203925
-9,13,13.541561974879393
-9,13,1.6500000000000001
-9,13,1.6500000000000001
-9,13,5.262658856638213
-9,13,8.7524024841506
-9,13,7.582462376371738
-9,13,6.316623781263294
-9,13,15.816650270608513
-9,13,1.6500000000000001
-9,13,1.6500000000000001
-9,13,18.132561567708112
-9,13,1.6500000000000001
-9,13,5.78535658549573
-9,13,1.6500000000000001
-9,13,12.103064324378659
-9,13,11.237662698652604
-9,13,1.6500000000000001
-9,13,1.6500000000000001
-9,13,29.7
-9,13,1.6500000000000001
-9,13,1.6500000000000001
-9,13,2.7176628517843295
-9,13,1.6500000000000001
-9,13,29.7
-9,13,21.138906265682376
-9,13,10.477468199221775
-9,13,1.6500000000000001
-9,13,1.6500000000000001
-9,13,1.6500000000000001
-9,13,1.6500000000000001
-9,13,4.001008845173779
-9,13,27.04626820626566
-9,13,18.589659592689895
-9,13,1.6500000000000001
-9,13,15.118449460066747
-9,13,1.6500000000000001
-9,13,24.12571928142714
-9,13,2.969666347184408
-9,13,29.7
-9,13,1.6500000000000001
-9,13,7.808138399024339
-9,13,9.388111437841427
-9,13,15.001781521390852
-9,13,1.6500000000000001
-9,13,1.6500000000000001
-9,13,1.6500000000000001
-9,13,18.900791743327193
-9,13,1.6500000000000001
-9,13,9.318079513893382
-9,13,1.6500000000000001
-9,13,7.846445711946385
-9,13,1.6500000000000001
-9,13,1.6500000000000001
-9,13,20.279545476661745
-9,13,1.6500000000000001
-9,13,1.6500000000000001
-9,13,1.6500000000000001
-9,13,1.68790396426067
-10,13,1.6500000000000001
-10,13,4.1926459408740335
-10,13,1.6500000000000001
-10,13,1.6500000000000001
-10,13,14.650574942264546
-10,13,8.324100784585138
-10,13,15.172239438162979
-10,13,1.6500000000000001
-10,13,9.74917954946254
-10,13,1.6500000000000001
-10,13,14.556229786466549
-10,13,1.6500000000000001
-10,13,14.745804558477985
-10,13,14.707641250030942
-10,13,11.031991195544487
-10,13,1.6500000000000001
-10,13,1.6500000000000001
-10,13,1.6500000000000001
-10,13,13.869409881312102
-10,13,23.81298516055001
-10,13,29.7
-10,13,9.553270315013343
-10,13,1.6500000000000001
-10,13,1.6500000000000001
-10,13,1.6500000000000001
-10,13,1.6500000000000001
-10,13,1.6500000000000001
-10,13,23.34542928679109
-10,13,1.6500000000000001
-10,13,17.10450809067799
-10,13,24.83725648829025
-10,13,1.6500000000000001
-10,13,11.602926409913586
-10,13,3.738995660725071
-10,13,7.330893501709314
-10,13,1.6500000000000001
-10,13,29.7
-10,13,1.6500000000000001
-10,13,13.056558200052805
-10,13,1.6500000000000001
-10,13,1.6500000000000001
-10,13,16.905739513036988
-10,13,1.6596527835454822
-10,13,12.864072882954291
-10,13,17.55728439726489
-10,13,1.6500000000000001
-10,13,6.030286767657751
-10,13,3.2854516664594517
-10,13,1.6500000000000001
-10,13,5.700783626535973
-10,13,1.6500000000000001
-10,13,3.502396223184066
-10,13,1.6500000000000001
-10,13,6.502802043049005
-10,13,29.7
-10,13,1.6500000000000001
-10,13,1.8559004428392438
-10,13,12.917951588158289
-10,13,10.69744052335944
-10,13,19.96351599571969
-10,13,1.6500000000000001
-10,13,29.7
-10,13,15.544081709285045
-10,13,1.6500000000000001
-10,13,19.975936207130975
-10,13,1.6500000000000001
-10,13,3.685127606391543
-10,13,1.6500000000000001
-10,13,1.6500000000000001
-10,13,10.06097233693319
-10,13,11.184466546583218
-10,13,1.6500000000000001
-10,13,29.7
-10,13,1.6500000000000001
-10,13,1.6500000000000001
-10,13,19.40052518330025
-10,13,1.6500000000000001
-10,13,15.307191912608017
-10,13,6.280352205118056
-10,13,13.65455227513816
-10,13,1.6500000000000001
-10,13,1.6500000000000001
-10,13,1.6500000000000001
-10,13,1.6500000000000001
-10,13,15.760191437006632
-10,13,1.6500000000000001
-10,13,9.93433101331679
-10,13,21.266965911694587
-10,13,1.6500000000000001
-10,13,1.6500000000000001
-10,13,1.6500000000000001
-10,13,1.6500000000000001
-10,13,1.6500000000000001
-10,13,19.251262505406295
-10,13,1.6500000000000001
-10,13,9.95672714018783
-10,13,1.6500000000000001
-10,13,1.6500000000000001
-10,13,1.6500000000000001
-10,13,1.6500000000000001
-10,13,1.6500000000000001
-10,13,1.948332753868649
-10,13,1.6500000000000001
-10,13,4.719349380730414
-10,13,1.6500000000000001
-10,13,4.854018412258522
-10,13,7.161692767291907
-10,13,14.953651882543824
-10,13,23.591907634425404
-10,13,1.6500000000000001
-10,13,1.6500000000000001
-10,13,1.6500000000000001
-10,13,12.989056741639471
-10,13,17.300924082729935
-10,13,3.207164227424093
-10,13,11.206213629621367
-10,13,1.6500000000000001
-10,13,1.6500000000000001
-10,13,10.686584152123658
-10,13,1.6500000000000001
-10,13,1.6500000000000001
-10,13,4.581106285917264
-9,13,1.6500000000000001
-9,13,6.367485657079012
-9,13,7.668979089420276
-9,13,5.9458749559561515
-9,13,5.5992774604035525
-9,13,5.919257968642098
-9,13,4.137181050847513
-9,13,10.795840877725176
-9,13,2.9257090492526006
-9,13,14.794150055878543
-9,13,1.6500000000000001
-9,13,11.935832412773996
-9,13,25.77814981617075
-9,13,2.2867598485938005
-9,13,12.792463824093241
-9,13,4.553203939013356
-9,13,5.339898503572751
-9,13,10.573741846633085
-9,13,1.6500000000000001
-9,13,10.39257599041677
-9,13,23.735019279916823
-9,13,7.64041007996582
-9,13,9.940811186551748
-9,13,10.88280169494403
-9,13,1.6500000000000001
-9,13,16.28145628620399
-9,13,23.160574360079956
-9,13,1.6500000000000001
-9,13,18.922803789826137
-9,13,19.6839218841753
-9,13,19.68161501157059
-9,13,1.6500000000000001
-9,13,6.369417419899724
-9,13,1.6500000000000001
-9,13,15.193457563995848
-9,13,1.6500000000000001
-9,13,1.6500000000000001
-9,13,1.6500000000000001
-9,13,29.7
-9,13,1.6500000000000001
-9,13,6.284874993542925
-9,13,19.51655194780472
-9,13,1.6500000000000001
-9,13,1.6500000000000001
-9,13,3.625459505252428
-9,13,10.016044583364335
-9,13,17.718179790897285
-9,13,1.6500000000000001
-9,13,1.6500000000000001
-9,13,1.6500000000000001
-9,13,9.294490009147355
-9,13,1.6500000000000001
-9,13,16.85811334939435
-9,13,1.6500000000000001
-9,13,1.6500000000000001
-9,13,1.6500000000000001
-9,13,2.381247292450392
-9,13,8.184789891047428
-9,13,1.6500000000000001
-9,13,3.4938984237498936
-9,13,12.113226232400905
-9,13,1.6500000000000001
-9,13,1.6500000000000001
-9,13,2.539727905433425
-9,13,1.6500000000000001
-9,13,12.69793963906773
-9,13,5.654812111945851
-9,13,1.6500000000000001
-9,13,6.7846889058447974
-9,13,5.381056918308363
-9,13,1.6500000000000001
-9,13,27.845948531821563
-9,13,10.432281176778943
-9,13,1.6500000000000001
-9,13,1.6500000000000001
-9,13,21.856419431954002
-9,13,1.6500000000000001
-9,13,16.503483579085458
-9,13,29.7
-9,13,2.051182354871364
-9,13,1.6500000000000001
-9,13,1.6500000000000001
-9,13,9.789101460840179
-9,13,4.706001920909465
-9,13,4.246504407661481
-9,13,15.068523703197133
-9,13,19.890459951769788
-9,13,1.6500000000000001
-9,13,19.45298454188537
-9,13,1.6500000000000001
-9,13,11.002820446372215
-9,13,2.6540303591215375
-9,13,1.6500000000000001
-9,13,17.852834246474465
-9,13,1.6500000000000001
-9,13,15.401765772251453
-9,13,7.3614135075753255
-9,13,1.6500000000000001
-9,13,1.6500000000000001
-9,13,21.08778175410512
-9,13,1.6500000000000001
-9,13,4.683713835712776
-9,13,29.7
-9,13,1.6500000000000001
-9,13,15.488062799136516
-9,13,1.6500000000000001
-9,13,1.6500000000000001
-9,13,3.879795322254992
-9,13,8.841020321474275
-9,13,24.123429146598774
-9,13,3.6512964518604374
-9,13,1.6500000000000001
-9,13,4.5775590757905364
-9,13,4.686413141967931
-9,13,4.859049249928896
-9,13,1.6500000000000001
-9,13,15.616758616730834
-9,13,17.048175231480528
-9,13,1.6500000000000001
-9,13,1.6500000000000001
-9,13,13.891189530682905
-9,13,11.431612878612178
-10,13,1.6500000000000001
-10,13,1.6500000000000001
-10,13,1.6500000000000001
-10,13,1.6500000000000001
-10,13,1.6500000000000001
-10,13,1.6500000000000001
-10,13,29.7
-10,13,1.6500000000000001
-10,13,9.670606385459152
-10,13,1.6500000000000001
-10,13,24.145448982089547
-10,13,1.6500000000000001
-10,13,1.6500000000000001
-10,13,7.048941909592033
-10,13,1.6500000000000001
-10,13,1.6500000000000001
-10,13,1.6500000000000001
-10,13,13.128420571440444
-10,13,1.6500000000000001
-10,13,5.6082272027633415
-10,13,16.88204574612344
-10,13,14.365618179076
-10,13,11.288613214213886
-10,13,4.229143307541207
-10,13,4.337288946188545
-10,13,1.6500000000000001
-10,13,1.6500000000000001
-10,13,1.6500000000000001
-10,13,1.6500000000000001
-10,13,1.6500000000000001
-10,13,1.6500000000000001
-10,13,14.870774400546267
-10,13,1.8399116542226288
-10,13,1.6500000000000001
-10,13,1.6500000000000001
-10,13,1.6500000000000001
-10,13,9.45532397419771
-10,13,1.6500000000000001
-10,13,2.0911151826343137
-10,13,12.404675010433337
-10,13,10.221328615382198
-10,13,6.63870271817752
-10,13,8.012359081933724
-10,13,16.120946921369338
-10,13,1.6500000000000001
-10,13,23.31641142438795
-10,13,1.6500000000000001
-10,13,1.6500000000000001
-10,13,9.704027920731606
-10,13,1.6500000000000001
-10,13,6.155992623126814
-10,13,1.6500000000000001
-10,13,1.6500000000000001
-10,13,11.243797523717447
-10,13,1.6500000000000001
-10,13,1.6500000000000001
-10,13,1.6500000000000001
-10,13,4.229439298653985
-10,13,1.6500000000000001
-10,13,1.6500000000000001
-10,13,1.8210707711697016
-10,13,14.2717138703966
-10,13,13.11916916026942
-10,13,1.6500000000000001
-10,13,1.6500000000000001
-10,13,1.6500000000000001
-10,13,1.6500000000000001
-10,13,1.6500000000000001
-10,13,1.6500000000000001
-10,13,12.614085704331695
-10,13,1.6500000000000001
-10,13,1.6500000000000001
-10,13,1.6500000000000001
-10,13,1.6500000000000001
-10,13,12.348648679928672
-10,13,23.64076597673203
-10,13,19.862157850952947
-10,13,10.896255881329367
-10,13,7.076386189377036
-10,13,1.6500000000000001
-10,13,1.6500000000000001
-10,13,1.6500000000000001
-10,13,1.6500000000000001
-10,13,3.0139741834498137
-10,13,1.6500000000000001
-10,13,1.6500000000000001
-10,13,5.770880243137761
-10,13,2.306311811992526
-10,13,7.007217699574355
-10,13,6.819118937334764
-10,13,1.6500000000000001
-10,13,1.6500000000000001
-10,13,19.950114465411716
-10,13,1.6500000000000001
-10,13,8.79805668263246
-10,13,1.6500000000000001
-10,13,1.6500000000000001
-10,13,1.6500000000000001
-10,13,15.67593152794498
-10,13,1.6500000000000001
-10,13,26.93611862766577
-10,13,1.6500000000000001
-10,13,5.242183159905206
-10,13,1.6500000000000001
-10,13,1.6500000000000001
-10,13,1.6500000000000001
-10,13,1.6500000000000001
-10,13,22.872795087364956
-10,13,1.6500000000000001
-10,13,19.186983310267856
-10,13,1.6500000000000001
-10,13,1.6500000000000001
-10,13,7.109409619242692
-10,13,18.19973797337376
-10,13,1.6500000000000001
-10,13,14.29898887762806
-10,13,1.6500000000000001
-10,13,7.761024996661552
-10,13,1.6500000000000001
-10,13,12.275485741029714
-10,13,1.6500000000000001
-10,13,1.6500000000000001
-9,13,1.6500000000000001
-9,13,1.6500000000000001
-9,13,1.6500000000000001
-9,13,1.6500000000000001
-9,13,1.6500000000000001
-9,13,1.6500000000000001
-9,13,1.6500000000000001
-9,13,3.6171703396527524
-9,13,7.862171641463592
-9,13,24.886982298622613
-9,13,12.899617271326937
-9,13,2.0118421265888995
-9,13,1.6500000000000001
-9,13,1.6500000000000001
-9,13,1.6500000000000001
-9,13,1.6500000000000001
-9,13,6.212178407831196
-9,13,1.6500000000000001
-9,13,1.6500000000000001
-9,13,12.35466865206975
-9,13,1.6500000000000001
-9,13,9.782791994833797
-9,13,1.6500000000000001
-9,13,1.6500000000000001
-9,13,1.6500000000000001
-9,13,3.38660155803586
-9,13,1.6500000000000001
-9,13,1.6500000000000001
-9,13,16.652899590419008
-9,13,24.53844754515888
-9,13,22.626435525319344
-9,13,7.5283093200971365
-9,13,1.6500000000000001
-9,13,1.6500000000000001
-9,13,1.6500000000000001
-9,13,11.228619024729827
-9,13,1.6500000000000001
-9,13,21.11606165006981
-9,13,7.85545661465703
-9,13,5.629585171172794
-9,13,1.6500000000000001
-9,13,18.37638051397166
-9,13,9.649692456255552
-9,13,5.775860292030945
-9,13,11.411283611857266
-9,13,1.6500000000000001
-9,13,1.9833150922684362
-9,13,1.6500000000000001
-9,13,1.6500000000000001
-9,13,11.850685900824704
-9,13,2.0531386702769163
-9,13,1.7439335170154338
-9,13,1.6500000000000001
-9,13,1.6500000000000001
-9,13,25.759640410466105
-9,13,1.6500000000000001
-9,13,18.57967714792382
-9,13,15.295152044921835
-9,13,1.6500000000000001
-9,13,1.6500000000000001
-9,13,3.6156769429648277
-9,13,1.6500000000000001
-9,13,5.964693079427809
-9,13,10.868687568634927
-9,13,17.283495796755304
-9,13,1.6500000000000001
-9,13,1.6500000000000001
-9,13,11.614788587687322
-9,13,13.142885179495037
-9,13,1.6500000000000001
-9,13,1.6500000000000001
-9,13,1.6500000000000001
-9,13,8.116723737202301
-9,13,1.6500000000000001
-9,13,1.6500000000000001
-9,13,3.1641838347820297
-9,13,28.982509772881574
-9,13,1.6500000000000001
-9,13,1.650426276376015
-9,13,1.6500000000000001
-9,13,23.010608687116687
-9,13,1.6500000000000001
-9,13,1.6500000000000001
-9,13,14.054750486004348
-9,13,1.6500000000000001
-9,13,16.38517667325727
-9,13,1.6500000000000001
-9,13,29.60744206750975
-9,13,7.622551373666777
-9,13,12.75178342919191
-9,13,5.217760051040399
-9,13,1.6500000000000001
-9,13,1.6500000000000001
-9,13,1.6500000000000001
-9,13,15.923389138527037
-9,13,1.6500000000000001
-9,13,1.6500000000000001
-9,13,1.9687347318414261
-9,13,3.219307194127065
-9,13,1.6500000000000001
-9,13,1.6500000000000001
-9,13,1.6500000000000001
-9,13,11.129813720058436
-9,13,17.9676584950076
-9,13,1.6500000000000001
-9,13,12.843896681937574
-9,13,5.712689446796444
-9,13,1.6500000000000001
-9,13,11.967356267280095
-9,13,1.6500000000000001
-9,13,1.6500000000000001
-9,13,7.286257848736604
-9,13,1.6500000000000001
-9,13,1.6500000000000001
-9,13,27.817927969687187
-9,13,1.6500000000000001
-9,13,1.6500000000000001
-9,13,15.165854178159963
-9,13,8.508802161836094
-9,13,1.6500000000000001
-9,13,17.325228829524463
-9,13,5.274096779847408
-10,13,1.6500000000000001
-10,13,1.6500000000000001
-10,13,5.824142085894149
-10,13,1.6500000000000001
-10,13,7.144895519305855
-10,13,8.426252216431791
-10,13,19.22178970839443
-10,13,1.6500000000000001
-10,13,17.17860896093117
-10,13,1.6500000000000001
-10,13,9.14814353760713
-10,13,1.6500000000000001
-10,13,1.6500000000000001
-10,13,17.04680781217502
-10,13,29.124807526629752
-10,13,1.6500000000000001
-10,13,1.6500000000000001
-10,13,1.6500000000000001
-10,13,8.780731473686984
-10,13,7.479497634614011
-10,13,1.8375561328350656
-10,13,2.3354088222601295
-10,13,1.6500000000000001
-10,13,12.61392172950439
-10,13,1.6500000000000001
-10,13,1.6500000000000001
-10,13,8.355626504603524
-10,13,1.6500000000000001
-10,13,1.6500000000000001
-10,13,1.6500000000000001
-10,13,1.6500000000000001
-10,13,1.6500000000000001
-10,13,1.6500000000000001
-10,13,4.031175635004095
-10,13,23.423190094486447
-10,13,7.268039315011391
-10,13,1.6500000000000001
-10,13,1.6500000000000001
-10,13,21.49662264083538
-10,13,1.6500000000000001
-10,13,1.6500000000000001
-10,13,7.007644999468279
-10,13,16.2165012545088
-10,13,24.457274683272814
-10,13,1.6500000000000001
-10,13,1.6500000000000001
-10,13,1.6500000000000001
-10,13,1.6500000000000001
-10,13,16.145940486757326
-10,13,1.6500000000000001
-10,13,29.7
-10,13,2.425499516099606
-10,13,16.693790291889844
-10,13,1.6500000000000001
-10,13,1.6500000000000001
-10,13,1.6500000000000001
-10,13,7.611203847316988
-10,13,14.64648085395041
-10,13,14.555798973410159
-10,13,1.6500000000000001
-10,13,2.3144178440437937
-10,13,6.752331004795422
-10,13,19.076824659874223
-10,13,9.102367073312903
-10,13,14.163964982813088
-10,13,1.6500000000000001
-10,13,20.995268237383428
-10,13,20.13859767920852
-10,13,1.6500000000000001
-10,13,3.2134205548062846
-10,13,1.6500000000000001
-10,13,3.449785579134618
-10,13,5.182413249129361
-10,13,9.022345541023387
-10,13,1.6500000000000001
-10,13,5.634599059771288
-10,13,1.6500000000000001
-10,13,16.308601495304757
-10,13,1.6500000000000001
-10,13,6.063268251079312
-10,13,12.357179862347511
-10,13,1.6500000000000001
-10,13,1.6500000000000001
-10,13,1.6500000000000001
-10,13,11.281548416320938
-10,13,6.433318101889623
-10,13,11.501909205428195
-10,13,4.705738956910373
-10,13,1.6500000000000001
-10,13,1.9707450031304248
-10,13,1.6500000000000001
-10,13,1.6500000000000001
-10,13,1.6500000000000001
-10,13,13.228468958654164
-10,13,2.8869927748413917
-10,13,1.6500000000000001
-10,13,12.492638588733614
-10,13,1.6500000000000001
-10,13,4.290765454563728
-10,13,1.6500000000000001
-10,13,1.6500000000000001
-10,13,1.6500000000000001
-10,13,1.6500000000000001
-10,13,1.6500000000000001
-10,13,1.6500000000000001
-10,13,1.6500000000000001
-10,13,1.6500000000000001
-10,13,4.179505959434387
-10,13,1.6500000000000001
-10,13,1.6500000000000001
-10,13,4.850923697997044
-10,13,9.406875662212869
-10,13,1.6500000000000001
-10,13,1.6500000000000001
-10,13,1.6500000000000001
-10,13,24.43688799191627
-10,13,1.6500000000000001
-10,13,3.935353591905022
-10,13,8.547439853477421
-10,13,6.610217892135745
-10,13,11.853235151804473
-10,13,13.56011457116644
-10,13,1.6500000000000001
-9,13,7.808591932893518
-9,13,9.508575784043892
-9,13,7.312811951163653
-9,13,7.395863168662421
-9,13,1.6500000000000001
-9,13,1.6500000000000001
-9,13,1.6500000000000001
-9,13,1.6500000000000001
-9,13,5.14837859600847
-9,13,1.6500000000000001
-9,13,1.6500000000000001
-9,13,1.6500000000000001
-9,13,29.7
-9,13,1.6500000000000001
-9,13,29.7
-9,13,8.77765788716475
-9,13,1.6500000000000001
-9,13,12.048374055316245
-9,13,1.6500000000000001
-9,13,1.6500000000000001
-9,13,1.6500000000000001
-9,13,1.6500000000000001
-9,13,1.6500000000000001
-9,13,22.42248328903585
-9,13,4.050033737717151
-9,13,23.282010855850086
-9,13,11.977660063432811
-9,13,9.172367872182122
-9,13,1.6500000000000001
-9,13,1.6500000000000001
-9,13,1.6500000000000001
-9,13,10.08507651227146
-9,13,1.6500000000000001
-9,13,8.498995083300839
-9,13,25.37831651861805
-9,13,1.6500000000000001
-9,13,1.6500000000000001
-9,13,1.6500000000000001
-9,13,29.7
-9,13,17.243878836108152
-9,13,1.6500000000000001
-9,13,14.93921821206036
-9,13,1.6500000000000001
-9,13,18.528102404709557
-9,13,1.6500000000000001
-9,13,18.4657445514544
-9,13,1.6500000000000001
-9,13,7.973945197046566
-9,13,10.17369792611319
-9,13,1.6500000000000001
-9,13,14.652986148972033
-9,13,1.6500000000000001
-9,13,1.6500000000000001
-9,13,1.6500000000000001
-9,13,1.6500000000000001
-9,13,1.6500000000000001
-9,13,15.399682947085406
-9,13,1.6500000000000001
-9,13,5.225271652066493
-9,13,1.6500000000000001
-9,13,1.6500000000000001
-9,13,1.6500000000000001
-9,13,27.842816448314217
-9,13,1.6500000000000001
-9,13,1.6500000000000001
-9,13,29.7
-9,13,14.717388958733869
-9,13,19.409456181078156
-9,13,19.414014404175568
-9,13,1.6500000000000001
-9,13,1.6500000000000001
-9,13,1.6500000000000001
-9,13,1.6500000000000001
-9,13,1.6500000000000001
-9,13,1.6500000000000001
-9,13,1.6500000000000001
-9,13,8.2744555162156
-9,13,6.964138330269443
-9,13,12.672922338078365
-9,13,1.6500000000000001
-9,13,1.6500000000000001
-9,13,1.6500000000000001
-9,13,1.6500000000000001
-9,13,7.677993867039651
-9,13,15.626125128637053
-9,13,1.6500000000000001
-9,13,6.001553153850908
-9,13,9.79880417179561
-9,13,17.67069758586512
-9,13,2.40462964464606
-9,13,1.6500000000000001
-9,13,1.6500000000000001
-9,13,1.6500000000000001
-9,13,20.13166853291885
-9,13,2.3879896412142427
-9,13,20.640063857413097
-9,13,22.51216198286809
-9,13,1.6500000000000001
-9,13,1.6500000000000001
-9,13,23.808829652137735
-9,13,1.6500000000000001
-9,13,10.314715593068293
-9,13,1.6500000000000001
-9,13,1.6500000000000001
-9,13,3.2640421667484194
-9,13,1.6500000000000001
-9,13,1.6500000000000001
-9,13,1.6500000000000001
-9,13,18.41408295580692
-9,13,1.6500000000000001
-9,13,5.851604961413848
-9,13,29.7
-9,13,14.324306468946302
-9,13,1.6500000000000001
-9,13,8.797709911397918
-9,13,9.323702377786418
-9,13,13.377565659815557
-9,13,2.666524063178033
-9,13,16.84818381291702
-9,13,11.838862469463493
-9,13,1.6500000000000001
-9,13,1.6500000000000001
-8,13,1.6500000000000001
-8,13,1.6500000000000001
-8,13,17.817009175534178
-8,13,1.6500000000000001
-8,13,1.6500000000000001
-8,13,15.719076414217898
-8,13,1.6500000000000001
-8,13,2.253243777713172
-8,13,12.34011832567399
-8,13,13.00706679628675
-8,13,17.35644587064826
-8,13,4.531729400012364
-8,13,2.0565394339741982
-8,13,14.96000045214642
-8,13,12.421346080325051
-8,13,1.6500000000000001
-8,13,1.6500000000000001
-8,13,26.808686902265432
-8,13,1.6500000000000001
-8,13,1.6500000000000001
-8,13,1.6500000000000001
-8,13,7.390904387684355
-8,13,1.6500000000000001
-8,13,1.6500000000000001
-8,13,1.6500000000000001
-8,13,5.795263903985594
-8,13,1.6500000000000001
-8,13,1.6500000000000001
-8,13,1.6500000000000001
-8,13,1.6500000000000001
-8,13,1.6500000000000001
-8,13,9.324853227155248
-8,13,1.6500000000000001
-8,13,29.7
-8,13,1.6500000000000001
-8,13,1.6500000000000001
-8,13,1.6500000000000001
-8,13,1.6500000000000001
-8,13,7.966015955244329
-8,13,1.6500000000000001
-8,13,7.6873157491152915
-8,13,7.800143246469867
-8,13,19.063456362919226
-8,13,16.872144976028736
-8,13,1.6500000000000001
-8,13,17.293004428902794
-8,13,1.6500000000000001
-8,13,1.6500000000000001
-8,13,4.299730403697306
-8,13,14.378461895764877
-8,13,1.6500000000000001
-8,13,1.6500000000000001
-8,13,5.859763705338724
-8,13,20.206447123467917
-8,13,6.926309677711108
-8,13,8.647126307945253
-8,13,12.732181108783628
-8,13,12.064334201951961
-8,13,1.6500000000000001
-8,13,15.747625577421804
-8,13,1.6500000000000001
-8,13,1.6500000000000001
-8,13,1.6500000000000001
-8,13,1.6500000000000001
-8,13,9.09502527678564
-8,13,6.811551598172505
-8,13,1.6500000000000001
-8,13,1.6500000000000001
-8,13,15.533814257560158
-8,13,5.139552893463953
-8,13,1.6500000000000001
-8,13,1.6500000000000001
-8,13,2.8919758344172726
-8,13,21.6516213172023
-8,13,15.646394153725485
-8,13,9.057724657325291
-8,13,1.6500000000000001
-8,13,8.708688479201424
-8,13,1.6500000000000001
-8,13,1.6500000000000001
-8,13,11.075550226467097
-8,13,1.6500000000000001
-8,13,1.6500000000000001
-8,13,1.6500000000000001
-8,13,21.522822406269945
-8,13,17.877117950228904
-8,13,1.6500000000000001
-8,13,11.528306675407327
-8,13,29.7
-8,13,5.0705238790337255
-8,13,3.4534918054550516
-8,13,7.901047217648879
-8,13,1.6500000000000001
-8,13,26.31556566677176
-8,13,1.6500000000000001
-8,13,22.78060436166814
-8,13,14.986415446534432
-8,13,17.025791372749076
-8,13,22.810792923490236
-8,13,13.202084096535634
-8,13,1.6500000000000001
-8,13,16.63588821466543
-8,13,22.50082516846925
-8,13,4.410590857702598
-8,13,1.6500000000000001
-8,13,10.069646179220609
-8,13,25.814852093225387
-8,13,1.6500000000000001
-8,13,11.974277540208362
-8,13,3.6994563469222603
-8,13,1.6500000000000001
-8,13,3.447642292021281
-8,13,21.846991418458423
-8,13,6.493021542646474
-8,13,1.6500000000000001
-8,13,1.6500000000000001
-8,13,1.6500000000000001
-8,13,19.22610576631586
-8,13,1.6500000000000001
-8,13,1.6500000000000001
-8,13,1.6500000000000001
-8,13,1.6500000000000001
-8,12,1.6500000000000001
-8,12,3.2273188380077182
-8,12,15.904749592360652
-8,12,9.773484214640238
-8,12,1.6500000000000001
-8,12,18.809306643576548
-8,12,1.6500000000000001
-8,12,8.221442338669878
-8,12,1.6500000000000001
-8,12,3.616707381139018
-8,12,16.497452166894927
-8,12,1.6500000000000001
-8,12,23.60153778816492
-8,12,28.92590755728531
-8,12,1.6500000000000001
-8,12,17.402121338962424
-8,12,12.704575678905583
-8,12,1.6500000000000001
-8,12,1.6500000000000001
-8,12,27.470529170060104
-8,12,3.9109538929707703
-8,12,1.6500000000000001
-8,12,17.073196277322687
-8,12,1.6500000000000001
-8,12,2.8966976673907543
-8,12,1.6500000000000001
-8,12,1.6500000000000001
-8,12,1.6500000000000001
-8,12,3.3839249677151284
-8,12,1.6500000000000001
-8,12,1.6500000000000001
-8,12,16.753580273521607
-8,12,7.405482820084588
-8,12,7.497617177866683
-8,12,7.643992290394789
-8,12,16.488629654977778
-8,12,2.862396212577707
-8,12,13.914547311318703
-8,12,17.688095538170188
-8,12,1.6500000000000001
-8,12,7.211948837005232
-8,12,22.75971900882204
-8,12,6.228441062790972
-8,12,1.6500000000000001
-8,12,1.6500000000000001
-8,12,18.13801305343532
-8,12,1.6500000000000001
-8,12,1.6500000000000001
-8,12,22.885907848429564
-8,12,1.6500000000000001
-8,12,9.554779935073084
-8,12,4.761272949752685
-8,12,1.6500000000000001
-8,12,1.6500000000000001
-8,12,1.6500000000000001
-8,12,1.6500000000000001
-8,12,29.7
-8,12,6.770217125592907
-8,12,29.7
-8,12,1.6500000000000001
-8,12,9.469400172099101
-8,12,6.167616682198451
-8,12,1.6500000000000001
-8,12,1.6500000000000001
-8,12,10.2077648854453
-8,12,1.6500000000000001
-8,12,1.6500000000000001
-8,12,9.184120648203152
-8,12,15.298829491479559
-8,12,29.609615768278314
-8,12,11.199542700413405
-8,12,8.829888816862644
-8,12,1.6500000000000001
-8,12,1.6500000000000001
-8,12,5.495965876020488
-8,12,29.7
-8,12,2.5011395291910086
-8,12,1.6500000000000001
-8,12,20.274155492348996
-8,12,1.6500000000000001
-8,12,1.6500000000000001
-8,12,1.6500000000000001
-8,12,1.6500000000000001
-8,12,15.24654743449904
-8,12,1.6500000000000001
-8,12,1.6500000000000001
-8,12,1.6500000000000001
-8,12,10.123596382717622
-8,12,14.17530311133408
-8,12,4.033951835401692
-8,12,9.748877362483011
-8,12,3.477552047565917
-8,12,8.352920716417248
-8,12,5.308134485500014
-8,12,1.6500000000000001
-8,12,1.6500000000000001
-8,12,9.593059557890873
-8,12,17.361993695419738
-8,12,1.6500000000000001
-8,12,4.386277199624656
-8,12,1.6500000000000001
-8,12,10.733352911104832
-8,12,1.6500000000000001
-8,12,2.80487323605088
-8,12,18.668317195002295
-8,12,11.359383034349683
-8,12,12.102524294401828
-8,12,29.7
-8,12,1.6500000000000001
-8,12,12.467261869125995
-8,12,1.6500000000000001
-8,12,17.497477560404395
-8,12,6.609544209211127
-8,12,18.588290752925616
-8,12,3.189494131213657
-8,12,11.10374395623472
-8,12,26.07576606531907
-8,12,5.81362739600688
-8,12,2.6912453856247494
-8,12,2.0254802307724984
-8,12,1.6500000000000001
-8,12,25.076026651386805
-9,12,1.6500000000000001
-9,12,1.6500000000000001
-9,12,10.483853889639645
-9,12,1.6500000000000001
-9,12,29.7
-9,12,3.966498327219222
-9,12,1.6500000000000001
-9,12,1.6500000000000001
-9,12,2.558841832319387
-9,12,2.2638725565072058
-9,12,1.6500000000000001
-9,12,1.6500000000000001
-9,12,1.6500000000000001
-9,12,1.6500000000000001
-9,12,1.6500000000000001
-9,12,1.6832212446063712
-9,12,2.4867774304433277
-9,12,17.979205264830558
-9,12,1.6500000000000001
-9,12,1.6500000000000001
-9,12,7.7513360897596195
-9,12,1.6500000000000001
-9,12,1.6500000000000001
-9,12,13.587106075829862
-9,12,29.7
-9,12,1.6500000000000001
-9,12,1.6500000000000001
-9,12,9.230690554953892
-9,12,5.111297445121128
-9,12,17.94778145777169
-9,12,18.551371585798663
-9,12,2.897549090020778
-9,12,6.110598097715692
-9,12,4.471969606414107
-9,12,25.05464154307749
-9,12,16.84904194352402
-9,12,1.6500000000000001
-9,12,7.750971458408392
-9,12,14.561858183303197
-9,12,1.6500000000000001
-9,12,1.6500000000000001
-9,12,1.6500000000000001
-9,12,9.679434134944707
-9,12,1.6500000000000001
-9,12,10.394560829317811
-9,12,1.6500000000000001
-9,12,1.7228874172334292
-9,12,5.332922184732412
-9,12,7.916578928488237
-9,12,4.176463969503468
-9,12,16.10973846760783
-9,12,2.4020041101122245
-9,12,3.2899506005256622
-9,12,5.390763649824446
-9,12,4.442304616758589
-9,12,24.76137732078033
-9,12,1.6500000000000001
-9,12,1.6500000000000001
-9,12,7.685444412969173
-9,12,1.6500000000000001
-9,12,1.6500000000000001
-9,12,20.96361376913365
-9,12,1.6500000000000001
-9,12,1.6500000000000001
-9,12,23.127290428104548
-9,12,5.643841246627487
-9,12,11.862857058773756
-9,12,1.6500000000000001
-9,12,1.6500000000000001
-9,12,1.6500000000000001
-9,12,1.6500000000000001
-9,12,12.659414872877276
-9,12,29.7
-9,12,4.927550849410081
-9,12,29.7
-9,12,12.317029308759478
-9,12,13.57263571694823
-9,12,7.530305233450003
-9,12,11.28814315790978
-9,12,1.6500000000000001
-9,12,1.6500000000000001
-9,12,18.212733307409042
-9,12,29.7
-9,12,12.4733880186953
-9,12,1.6500000000000001
-9,12,1.6500000000000001
-9,12,1.6500000000000001
-9,12,1.6500000000000001
-9,12,1.6500000000000001
-9,12,1.6500000000000001
-9,12,1.6500000000000001
-9,12,1.6500000000000001
-9,12,17.063452695219343
-9,12,9.495534000376907
-9,12,1.6500000000000001
-9,12,1.6500000000000001
-9,12,29.7
-9,12,1.6500000000000001
-9,12,11.119595690149213
-9,12,1.6500000000000001
-9,12,1.6500000000000001
-9,12,1.6500000000000001
-9,12,7.942896828543102
-9,12,1.6500000000000001
-9,12,1.6500000000000001
-9,12,20.03637669403041
-9,12,3.325022830367565
-9,12,18.794039250205287
-9,12,8.790491190677953
-9,12,1.6500000000000001
-9,12,25.001438694634064
-9,12,1.6500000000000001
-9,12,1.6500000000000001
-9,12,1.6500000000000001
-9,12,28.11081741306976
-9,12,24.892783658895347
-9,12,17.08078080615342
-9,12,4.4466714707373525
-9,12,1.6500000000000001
-9,12,1.6500000000000001
-9,12,1.6500000000000001
-9,12,1.6500000000000001
-8,12,17.048297448584925
-8,12,1.6500000000000001
-8,12,1.6500000000000001
-8,12,1.6500000000000001
-8,12,1.6500000000000001
-8,12,1.6500000000000001
-8,12,25.202228271756614
-8,12,1.6500000000000001
-8,12,4.6819822714954356
-8,12,1.6500000000000001
-8,12,3.271243884963364
-8,12,1.6500000000000001
-8,12,22.05198931225356
-8,12,1.6500000000000001
-8,12,1.6500000000000001
-8,12,8.037975678617638
-8,12,1.6500000000000001
-8,12,1.6500000000000001
-8,12,15.950292570193314
-8,12,1.6500000000000001
-8,12,1.6500000000000001
-8,12,1.6500000000000001
-8,12,8.902100552357673
-8,12,1.6500000000000001
-8,12,24.364942030080055
-8,12,2.693970778858124
-8,12,25.53380613345156
-8,12,6.8235393814674445
-8,12,10.31706897347575
-8,12,15.61786011443207
-8,12,4.228228324195693
-8,12,1.6500000000000001
-8,12,1.6500000000000001
-8,12,1.6500000000000001
-8,12,1.734746794892497
-8,12,1.8228935949599947
-8,12,14.16894646352843
-8,12,8.19722851016208
-8,12,8.939869144292025
-8,12,19.351161839201865
-8,12,29.7
-8,12,13.614945835056792
-8,12,14.31576325345402
-8,12,18.749371804602887
-8,12,1.6500000000000001
-8,12,11.680938399803669
-8,12,3.5821819630223306
-8,12,17.742140971791603
-8,12,1.6500000000000001
-8,12,9.778107613426616
-8,12,1.6500000000000001
-8,12,17.125695328704815
-8,12,1.6500000000000001
-8,12,14.977264872767035
-8,12,1.6500000000000001
-8,12,1.6500000000000001
-8,12,16.31747529037433
-8,12,6.406620165659177
-8,12,29.62467998319252
-8,12,1.6500000000000001
-8,12,1.6500000000000001
-8,12,1.6500000000000001
-8,12,1.6500000000000001
-8,12,8.93534042136712
-8,12,28.53337217025461
-8,12,6.59295527487216
-8,12,1.6500000000000001
-8,12,6.036579536732044
-8,12,19.596903178478172
-8,12,1.6500000000000001
-8,12,8.826142146338771
-8,12,5.417356213685567
-8,12,12.249018408620314
-8,12,22.19101637771727
-8,12,2.246508123173335
-8,12,16.93902304536033
-8,12,1.6500000000000001
-8,12,29.7
-8,12,14.821184341297807
-8,12,1.6500000000000001
-8,12,1.6500000000000001
-8,12,1.6500000000000001
-8,12,8.327496901947953
-8,12,25.734730030337296
-8,12,1.6500000000000001
-8,12,1.6500000000000001
-8,12,1.6500000000000001
-8,12,1.6500000000000001
-8,12,15.297794519824954
-8,12,8.23065338133326
-8,12,1.6500000000000001
-8,12,1.6500000000000001
-8,12,1.6500000000000001
-8,12,27.658965610512205
-8,12,8.766472346744816
-8,12,6.473483968659447
-8,12,29.7
-8,12,29.7
-8,12,1.6500000000000001
-8,12,1.6500000000000001
-8,12,9.053400155824713
-8,12,10.484618701901306
-8,12,21.645692884343298
-8,12,1.6500000000000001
-8,12,12.56128537322595
-8,12,1.6500000000000001
-8,12,1.6500000000000001
-8,12,1.6500000000000001
-8,12,1.6500000000000001
-8,12,1.6500000000000001
-8,12,4.699976188775272
-8,12,16.781429118014046
-8,12,5.33733351555957
-8,12,1.6500000000000001
-8,12,25.236990747486875
-8,12,29.077712662174243
-8,12,14.69684359508055
-8,12,1.6500000000000001
-8,12,1.6500000000000001
-8,12,19.2540077947521
-8,12,1.6500000000000001
-8,12,4.408712129294287
-8,12,6.3916079637826435
-7,12,7.2131347684909475
-7,12,17.039711718255205
-7,12,17.7418996590506
-7,12,12.138956783893853
-7,12,1.6500000000000001
-7,12,13.784981178626758
-7,12,1.6500000000000001
-7,12,1.6500000000000001
-7,12,1.6500000000000001
-7,12,1.6500000000000001
-7,12,2.6883706401804455
-7,12,14.228961902069484
-7,12,15.620491496308771
-7,12,1.6500000000000001
-7,12,1.6500000000000001
-7,12,16.67944884766832
-7,12,10.03506511957431
-7,12,1.6500000000000001
-7,12,9.024334343169325
-7,12,1.6500000000000001
-7,12,29.7
-7,12,1.6500000000000001
-7,12,1.6500000000000001
-7,12,7.596062899226172
-7,12,11.973586308791123
-7,12,1.6500000000000001
-7,12,12.966926944063923
-7,12,1.6500000000000001
-7,12,1.6500000000000001
-7,12,16.86852832168131
-7,12,3.6077511800457387
-7,12,1.6500000000000001
-7,12,1.6500000000000001
-7,12,1.6500000000000001
-7,12,20.308862975592206
-7,12,6.5583150386753175
-7,12,10.114031346386
-7,12,15.128096077730929
-7,12,1.6500000000000001
-7,12,10.507814570540075
-7,12,7.118796256276353
-7,12,4.980555872932962
-7,12,1.6500000000000001
-7,12,8.92687350739911
-7,12,1.6500000000000001
-7,12,2.6200734494339524
-7,12,3.4562017778488117
-7,12,1.6500000000000001
-7,12,1.6500000000000001
-7,12,16.10970079538736
-7,12,6.294782304459835
-7,12,21.52416715098816
-7,12,11.015463237874226
-7,12,16.207733892565678
-7,12,1.6500000000000001
-7,12,1.6500000000000001
-7,12,8.396095856130806
-7,12,27.47681281236878
-7,12,16.483515036593325
-7,12,1.6500000000000001
-7,12,27.67517139879213
-7,12,4.884970190195974
-7,12,2.158094482750843
-7,12,24.622283684009464
-7,12,29.7
-7,12,1.6500000000000001
-7,12,14.251762011334208
-7,12,1.6500000000000001
-7,12,12.452300641361127
-7,12,11.85073425081724
-7,12,1.6500000000000001
-7,12,1.6500000000000001
-7,12,1.6500000000000001
-7,12,17.062858013339167
-7,12,17.36189983005449
-7,12,23.323289958817547
-7,12,5.161749788273836
-7,12,4.334832052543458
-7,12,1.6500000000000001
-7,12,10.3269299623072
-7,12,4.651817396174913
-7,12,11.023071688355003
-7,12,1.6500000000000001
-7,12,12.811739088446123
-7,12,1.6500000000000001
-7,12,23.198283803502456
-7,12,3.4414077111759114
-7,12,1.6500000000000001
-7,12,29.7
-7,12,12.768824057521345
-7,12,1.6500000000000001
-7,12,7.53431019692596
-7,12,1.6500000000000001
-7,12,1.6500000000000001
-7,12,1.6500000000000001
-7,12,4.494112156286028
-7,12,4.228284088283716
-7,12,1.6500000000000001
-7,12,10.322681226667472
-7,12,7.236807293176616
-7,12,1.6500000000000001
-7,12,1.6500000000000001
-7,12,1.6500000000000001
-7,12,1.6500000000000001
-7,12,8.52521780378769
-7,12,7.837481643397439
-7,12,1.6500000000000001
-7,12,1.6500000000000001
-7,12,4.66599804456469
-7,12,1.6500000000000001
-7,12,10.273518524141483
-7,12,24.9882255629843
-7,12,1.6500000000000001
-7,12,1.6500000000000001
-7,12,23.318257849973623
-7,12,1.6500000000000001
-7,12,12.310243986984316
-7,12,18.01645133134461
-7,12,4.665155418117923
-7,12,1.6500000000000001
-7,12,10.234736131541487
-7,12,1.6500000000000001
-6,12,28.89569143017932
-6,12,15.003447765488549
-6,12,24.496469245776144
-6,12,7.48238918988025
-6,12,9.010411899946599
-6,12,1.6500000000000001
-6,12,27.415118558461533
-6,12,9.759520222115004
-6,12,18.414266602271784
-6,12,9.091887603781855
-6,12,1.6500000000000001
-6,12,15.176949397128283
-6,12,1.6500000000000001
-6,12,29.7
-6,12,1.6500000000000001
-6,12,1.6500000000000001
-6,12,3.8468146293356043
-6,12,1.6500000000000001
-6,12,1.6500000000000001
-6,12,1.6500000000000001
-6,12,1.6500000000000001
-6,12,1.6500000000000001
-6,12,9.949600248419081
-6,12,13.535284161236032
-6,12,5.076978142821259
-6,12,17.030724850859734
-6,12,11.325394659860043
-6,12,29.7
-6,12,1.6500000000000001
-6,12,1.6500000000000001
-6,12,1.6500000000000001
-6,12,6.783876775291164
-6,12,1.6500000000000001
-6,12,15.348970341846142
-6,12,1.6500000000000001
-6,12,10.957747223647631
-6,12,14.83821919731977
-6,12,15.934621520716819
-6,12,1.6500000000000001
-6,12,13.381285843072511
-6,12,12.84717434548404
-6,12,18.095706103641753
-6,12,1.6500000000000001
-6,12,21.650892021411067
-6,12,8.158962815087135
-6,12,22.159457303676877
-6,12,21.70085675013105
-6,12,1.6500000000000001
-6,12,1.6500000000000001
-6,12,15.258808189040051
-6,12,4.721123648656636
-6,12,21.06503344069567
-6,12,14.361811027518115
-6,12,1.6500000000000001
-6,12,1.6500000000000001
-6,12,29.7
-6,12,14.276597548783093
-6,12,13.46746906333341
-6,12,16.886838461142723
-6,12,1.6500000000000001
-6,12,1.6500000000000001
-6,12,5.366945832617145
-6,12,19.912160044423782
-6,12,29.7
-6,12,18.192482805385676
-6,12,16.69226270860468
-6,12,1.6500000000000001
-6,12,6.586986856426955
-6,12,7.907814463719747
-6,12,1.6500000000000001
-6,12,16.426300103598606
-6,12,1.6500000000000001
-6,12,11.955972316200068
-6,12,1.6500000000000001
-6,12,1.6500000000000001
-6,12,1.6500000000000001
-6,12,22.105241245297023
-6,12,26.732340111967627
-6,12,18.82532836202823
-6,12,1.6500000000000001
-6,12,29.7
-6,12,29.7
-6,12,7.447545520863825
-6,12,20.559201453750447
-6,12,12.53698025971244
-6,12,1.6500000000000001
-6,12,9.421109639587861
-6,12,14.21087000383562
-6,12,1.6500000000000001
-6,12,1.6500000000000001
-6,12,16.322522208731232
-6,12,1.6500000000000001
-6,12,1.6500000000000001
-6,12,18.135295907847283
-6,12,14.262643939651063
-6,12,1.6500000000000001
-6,12,1.6500000000000001
-6,12,1.6500000000000001
-6,12,1.6500000000000001
-6,12,20.54677580403404
-6,12,8.018882850022727
-6,12,4.812457337447335
-6,12,1.6500000000000001
-6,12,1.6500000000000001
-6,12,22.411136073708697
-6,12,21.491264889774868
-6,12,29.7
-6,12,12.06541180747423
-6,12,1.6500000000000001
-6,12,14.088684803802003
-6,12,1.6500000000000001
-6,12,1.6500000000000001
-6,12,1.7671878782351587
-6,12,23.207714746733625
-6,12,10.90034679166471
-6,12,3.5936633065829415
-6,12,11.52851432546102
