-19,-20,1.6500000000000001
-19,-20,1.6500000000000001
-19,-20,1.6500000000000001
-19,-20,1.6500000000000001
-19,-20,1.6500000000000001
-19,-20,1.6500000000000001
-19,-20,1.6500000000000001
-19,-20,1.6500000000000001
-19,-20,1.6500000000000001
-19,-20,1.6500000000000001
-19,-20,1.6500000000000001
-19,-20,1.6500000000000001
-19,-20,1.6500000000000001
-19,-20,1.6500000000000001
-19,-20,1.6500000000000001
-19,-20,1.6500000000000001
-19,-20,1.6500000000000001
-19,-20,1.6500000000000001
-19,-20,1.6500000000000001
-19,-20,1.6500000000000001
-19,-20,1.6500000000000001
-19,-20,1.6500000000000001
-19,-20,1.6500000000000001
-19,-20,1.6500000000000001
-19,-20,1.6500000000000001
-19,-20,1.6500000000000001
-19,-20,1.6500000000000001
-19,-20,1.6500000000000001
-19,-20,1.6500000000000001
-19,-20,1.6500000000000001
-19,-20,1.6500000000000001
-19,-20,1.6500000000000001
-19,-20,1.6500000000000001
-19,-20,1.6500000000000001
-19,-20,1.6500000000000001
-19,-20,1.6500000000000001
-19,-20,1.6500000000000001
-19,-20,1.6500000000000001
-19,-20,2.8642272949885133
-19,-20,1.6500000000000001
-19,-20,1.6500000000000001
-19,-20,1.6500000000000001
-19,-20,1.6500000000000001
-19,-20,1.6500000000000001
-19,-20,1.6500000000000001
-19,-20,1.6500000000000001
-19,-20,1.6500000000000001
-19,-20,1.6500000000000001
-19,-20,1.6500000000000001
-19,-20,1.6500000000000001
-19,-20,1.6500000000000001
-19,-20,1.6500000000000001
-19,-20,1.6500000000000001
-19,-20,1.6500000000000001
-19,-20,1.6500000000000001
-19,-20,1.6500000000000001
-19,-20,1.6500000000000001
-19,-20,1.6500000000000001
-19,-20,1.6500000000000001
-19,-20,1.6500000000000001
-19,-20,1.6500000000000001
-19,-20,1.6500000000000001
-19,-20,1.6500000000000001
-19,-20,1.6500000000000001
-19,-20,1.6500000000000001
-19,-20,1.6500000000000001
-19,-20,1.6500000000000001
-19,-20,1.6500000000000001
-19,-20,1.6500000000000001
-19,-20,1.6500000000000001
-19,-20,1.6500000000000001
-19,-20,1.6500000000000001
-19,-20,1.6500000000000001
-19,-20,1.6500000000000001
-19,-20,2.1285759070620855
-19,-20,1.6500000000000001
-19,-20,1.6500000000000001
-19,-20,1.6500000000000001
-19,-20,1.6500000000000001
-19,-20,1.6500000000000001
-19,-20,1.6500000000000001
-19,-20,1.6500000000000001
-19,-20,1.6500000000000001
-19,-20,1.6500000000000001
-19,-20,1.6500000000000001
-19,-20,1.6500000000000001
-19,-20,1.6500000000000001
-19,-20,1.6500000000000001
-19,-20,1.6500000000000001
-19,-20,1.6500000000000001
-19,-20,1.6500000000000001
-19,-20,1.6500000000000001
-19,-20,1.6500000000000001
-19,-20,1.6500000000000001
-19,-20,7.091022796926765
-19,-20,1.6500000000000001
-19,-20,1.6500000000000001
-19,-20,1.6500000000000001
-19,-20,1.6500000000000001
-19,-20,1.6500000000000001
-19,-20,1.6500000000000001
-19,-20,1.6500000000000001
-19,-20,1.6500000000000001
-19,-20,1.6500000000000001
-19,-20,1.6500000000000001
-19,-20,1.6500000000000001
-19,-20,1.6500000000000001
-19,-20,1.6500000000000001
-19,-20,1.6500000000000001
-19,-20,1.6500000000000001
-19,-20,1.6500000000000001
-19,-20,1.6500000000000001
-19,-20,1.6500000000000001
-19,-20,1.6500000000000001
-19,-20,1.6500000000000001
-19,-20,8.939251193006012
-19,-20,1.6500000000000001
-19,-20,1.6500000000000001
-19,-20,1.6500000000000001
-19,-20,1.6500000000000001
-19,-20,1.6500000000000001
-19,-20,1.6500000000000001
-19,-19,1.6500000000000001
-19,-19,1.6500000000000001
-19,-19,1.6500000000000001
-19,-19,1.6500000000000001
-19,-19,1.6500000000000001
-19,-19,1.6500000000000001
-19,-19,1.6500000000000001
-19,-19,1.6500000000000001
-19,-19,1.6500000000000001
-19,-19,1.6500000000000001
-19,-19,2.516186463344493
-19,-19,1.6500000000000001
-19,-19,1.6500000000000001
-19,-19,1.6500000000000001
-19,-19,1.6500000000000001
-19,-19,1.6500000000000001
-19,-19,1.6500000000000001
-19,-19,13.020160398719394
-19,-19,1.6500000000000001
-19,-19,1.6500000000000001
-19,-19,10.327509371866189
-19,-19,8.766796903020023
-19,-19,1.6500000000000001
-19,-19,1.6500000000000001
-19,-19,1.6500000000000001
-19,-19,1.6500000000000001
-19,-19,1.6500000000000001
-19,-19,5.757028549971974
-19,-19,9.011146464422904
-19,-19,1.6500000000000001
-19,-19,1.6500000000000001
-19,-19,1.6500000000000001
-19,-19,1.6500000000000001
-19,-19,1.6500000000000001
-19,-19,1.6500000000000001
-19,-19,2.654303966587026
-19,-19,1.6500000000000001
-19,-19,1.6500000000000001
-19,-19,1.6500000000000001
-19,-19,1.6500000000000001
-19,-19,1.6500000000000001
-19,-19,1.6500000000000001
-19,-19,1.6500000000000001
-19,-19,1.6500000000000001
-19,-19,1.6500000000000001
-19,-19,1.6500000000000001
-19,-19,3.5514932712010783
-19,-19,1.6500000000000001
-19,-19,1.6500000000000001
-19,-19,1.6500000000000001
-19,-19,1.6500000000000001
-19,-19,1.6500000000000001
-19,-19,1.6500000000000001
-19,-19,1.6500000000000001
-19,-19,1.6500000000000001
-19,-19,1.6500000000000001
-19,-19,1.6500000000000001
-19,-19,1.6500000000000001
-19,-19,1.6500000000000001
-19,-19,1.6500000000000001
-19,-19,1.6500000000000001
-19,-19,1.6500000000000001
-19,-19,1.6500000000000001
-19,-19,1.6500000000000001
-19,-19,1.6500000000000001
-19,-19,1.6500000000000001
-19,-19,1.6500000000000001
-19,-19,1.6500000000000001
-19,-19,1.6500000000000001
-19,-19,1.6500000000000001
-19,-19,1.6500000000000001
-19,-19,1.6500000000000001
-19,-19,1.6500000000000001
-19,-19,1.6500000000000001
-19,-19,1.6500000000000001
-19,-19,1.6500000000000001
-19,-19,1.6500000000000001
-19,-19,1.6500000000000001
-19,-19,1.6500000000000001
-19,-19,1.6500000000000001
-19,-19,1.6500000000000001
-19,-19,1.6500000000000001
-19,-19,1.6500000000000001
-19,-19,1.6500000000000001
-19,-19,1.6500000000000001
-19,-19,1.6500000000000001
-19,-19,1.6500000000000001
-19,-19,1.6500000000000001
-19,-19,1.6500000000000001
-19,-19,1.6500000000000001
-19,-19,1.6500000000000001
-19,-19,1.6500000000000001
-19,-19,1.6500000000000001
-19,-19,1.6500000000000001
-19,-19,1.6500000000000001
-19,-19,1.6500000000000001
-19,-19,1.6500000000000001
-19,-19,1.6500000000000001
-19,-19,1.6500000000000001
-19,-19,1.6500000000000001
-19,-19,1.6500000000000001
-19,-19,1.6500000000000001
-19,-19,9.290845540770604
-19,-19,1.6500000000000001
-19,-19,1.6500000000000001
-19,-19,1.6500000000000001
-19,-19,1.6500000000000001
-19,-19,1.6500000000000001
-19,-19,1.6500000000000001
-19,-19,5.144643778147824
-19,-19,1.6500000000000001
-19,-19,1.6500000000000001
-19,-19,1.6500000000000001
-19,-19,1.6500000000000001
-19,-19,1.6500000000000001
-19,-19,1.6500000000000001
-19,-19,1.6500000000000001
-19,-19,1.6500000000000001
-19,-19,1.6500000000000001
-19,-19,1.6500000000000001
-19,-19,1.6500000000000001
-19,-19,1.6500000000000001
-19,-18,1.6500000000000001
-19,-18,1.6500000000000001
-19,-18,1.6500000000000001
-19,-18,1.6500000000000001
-19,-18,1.6500000000000001
-19,-18,1.6500000000000001
-19,-18,1.6500000000000001
-19,-18,1.6500000000000001
-19,-18,1.6500000000000001
-19,-18,1.6500000000000001
-19,-18,1.6500000000000001
-19,-18,1.6500000000000001
-19,-18,1.6500000000000001
-19,-18,1.6500000000000001
-19,-18,1.6500000000000001
-19,-18,1.6500000000000001
-19,-18,1.6500000000000001
-19,-18,1.6500000000000001
-19,-18,1.733682949889797
-19,-18,1.6500000000000001
-19,-18,1.8740081024526773
-19,-18,1.6500000000000001
-19,-18,1.6500000000000001
-19,-18,1.6500000000000001
-19,-18,1.6500000000000001
-19,-18,1.6500000000000001
-19,-18,1.6500000000000001
-19,-18,1.6500000000000001
-19,-18,1.6500000000000001
-19,-18,1.6500000000000001
-19,-18,1.6500000000000001
-19,-18,1.6500000000000001
-19,-18,1.6500000000000001
-19,-18,1.6500000000000001
-19,-18,1.6500000000000001
-19,-18,1.6500000000000001
-19,-18,1.6500000000000001
-19,-18,1.6500000000000001
-19,-18,1.6500000000000001
-19,-18,1.6500000000000001
-19,-18,1.6500000000000001
-19,-18,1.6500000000000001
-19,-18,1.6500000000000001
-19,-18,1.6500000000000001
-19,-18,1.6500000000000001
-19,-18,1.6500000000000001
-19,-18,1.6500000000000001
-19,-18,1.6500000000000001
-19,-18,1.6500000000000001
-19,-18,1.6500000000000001
-19,-18,1.6500000000000001
-19,-18,1.6500000000000001
-19,-18,1.6500000000000001
-19,-18,1.6500000000000001
-19,-18,1.6500000000000001
-19,-18,1.6500000000000001
-19,-18,1.6500000000000001
-19,-18,1.6500000000000001
-19,-18,1.6500000000000001
-19,-18,1.6500000000000001
-19,-18,1.6500000000000001
-19,-18,1.6500000000000001
-19,-18,1.6500000000000001
-19,-18,1.6500000000000001
-19,-18,1.6500000000000001
-19,-18,3.173522254385695
-19,-18,1.6500000000000001
-19,-18,1.6500000000000001
-19,-18,1.6500000000000001
-19,-18,1.6500000000000001
-19,-18,1.6500000000000001
-19,-18,1.6500000000000001
-19,-18,10.941404251658305
-19,-18,1.6500000000000001
-19,-18,2.059892372312426
-19,-18,1.6500000000000001
-19,-18,1.6500000000000001
-19,-18,1.6500000000000001
-19,-18,1.6500000000000001
-19,-18,1.6500000000000001
-19,-18,1.6500000000000001
-19,-18,1.6500000000000001
-19,-18,8.741869429860238
-19,-18,2.1797978184870423
-19,-18,1.6500000000000001
-19,-18,1.6500000000000001
-19,-18,1.6500000000000001
-19,-18,1.6500000000000001
-19,-18,1.6500000000000001
-19,-18,1.6500000000000001
-19,-18,1.6500000000000001
-19,-18,1.6500000000000001
-19,-18,1.6500000000000001
-19,-18,1.6500000000000001
-19,-18,1.6500000000000001
-19,-18,1.6500000000000001
-19,-18,1.6500000000000001
-19,-18,1.6500000000000001
-19,-18,1.6500000000000001
-19,-18,1.6500000000000001
-19,-18,1.6500000000000001
-19,-18,1.6500000000000001
-19,-18,28.572081926821745
-19,-18,1.6500000000000001
-19,-18,1.6500000000000001
-19,-18,2.732915930457267
-19,-18,1.6500000000000001
-19,-18,1.6500000000000001
-19,-18,1.6500000000000001
-19,-18,1.8437667295241162
-19,-18,1.6500000000000001
-19,-18,1.6500000000000001
-19,-18,1.6500000000000001
-19,-18,1.6500000000000001
-19,-18,1.6500000000000001
-19,-18,1.6500000000000001
-19,-18,1.6500000000000001
-19,-18,1.6500000000000001
-19,-18,1.6500000000000001
-19,-18,1.6500000000000001
-19,-18,1.6500000000000001
-19,-18,1.6500000000000001
-19,-17,1.6500000000000001
-19,-17,1.6500000000000001
-19,-17,1.6500000000000001
-19,-17,1.6500000000000001
-19,-17,1.6500000000000001
-19,-17,1.6500000000000001
-19,-17,1.6500000000000001
-19,-17,1.6500000000000001
-19,-17,1.6500000000000001
-19,-17,1.6500000000000001
-19,-17,1.6500000000000001
-19,-17,1.6500000000000001
-19,-17,1.6500000000000001
-19,-17,1.6500000000000001
-19,-17,1.6500000000000001
-19,-17,1.6500000000000001
-19,-17,1.6500000000000001
-19,-17,1.6500000000000001
-19,-17,1.6500000000000001
-19,-17,1.6500000000000001
-19,-17,1.6500000000000001
-19,-17,1.6500000000000001
-19,-17,1.6500000000000001
-19,-17,1.6500000000000001
-19,-17,1.6500000000000001
-19,-17,1.6500000000000001
-19,-17,1.6500000000000001
-19,-17,1.6500000000000001
-19,-17,1.6500000000000001
-19,-17,1.6500000000000001
-19,-17,1.6500000000000001
-19,-17,1.6500000000000001
-19,-17,1.6500000000000001
-19,-17,1.6500000000000001
-19,-17,1.6500000000000001
-19,-17,1.6500000000000001
-19,-17,1.6500000000000001
-19,-17,1.6500000000000001
-19,-17,1.6500000000000001
-19,-17,1.6500000000000001
-19,-17,1.6500000000000001
-19,-17,1.6500000000000001
-19,-17,1.6500000000000001
-19,-17,1.6500000000000001
-19,-17,1.6500000000000001
-19,-17,1.6500000000000001
-19,-17,1.6500000000000001
-19,-17,1.6500000000000001
-19,-17,1.6500000000000001
-19,-17,1.6500000000000001
-19,-17,1.6500000000000001
-19,-17,9.024264072406012
-19,-17,1.6500000000000001
-19,-17,1.6500000000000001
-19,-17,4.67265129531037
-19,-17,1.6500000000000001
-19,-17,1.6500000000000001
-19,-17,1.6500000000000001
-19,-17,1.6500000000000001
-19,-17,1.6500000000000001
-19,-17,4.6955645586175585
-19,-17,1.6500000000000001
-19,-17,1.6500000000000001
-19,-17,1.6500000000000001
-19,-17,1.6500000000000001
-19,-17,1.6500000000000001
-19,-17,1.6500000000000001
-19,-17,1.6500000000000001
-19,-17,1.6500000000000001
-19,-17,1.6500000000000001
-19,-17,1.6500000000000001
-19,-17,1.6500000000000001
-19,-17,1.6500000000000001
-19,-17,1.6500000000000001
-19,-17,1.6500000000000001
-19,-17,13.25300778621413
-19,-17,1.6500000000000001
-19,-17,1.6500000000000001
-19,-17,1.6500000000000001
-19,-17,1.6500000000000001
-19,-17,1.6500000000000001
-19,-17,1.6500000000000001
-19,-17,1.6500000000000001
-19,-17,1.6500000000000001
-19,-17,15.719547697060456
-19,-17,6.395577840355941
-19,-17,1.6500000000000001
-19,-17,1.6500000000000001
-19,-17,5.176347897942456
-19,-17,1.6500000000000001
-19,-17,1.6500000000000001
-19,-17,1.6500000000000001
-19,-17,1.6500000000000001
-19,-17,1.6500000000000001
-19,-17,1.6500000000000001
-19,-17,1.6500000000000001
-19,-17,1.6500000000000001
-19,-17,1.6500000000000001
-19,-17,1.6500000000000001
-19,-17,1.6500000000000001
-19,-17,1.6500000000000001
-19,-17,1.6500000000000001
-19,-17,1.6500000000000001
-19,-17,1.6500000000000001
-19,-17,1.6500000000000001
-19,-17,1.6500000000000001
-19,-17,1.6500000000000001
-19,-17,1.6500000000000001
-19,-17,1.6500000000000001
-19,-17,1.6500000000000001
-19,-17,1.6500000000000001
-19,-17,1.6500000000000001
-19,-17,1.6500000000000001
-19,-17,1.6500000000000001
-19,-17,1.6500000000000001
-19,-17,10.238630012290653
-19,-17,1.6500000000000001
-19,-17,8.36955660419152
-19,-17,1.6500000000000001
-19,-17,1.6500000000000001
-19,-17,1.6500000000000001
-19,-17,1.6500000000000001
-19,-16,1.6500000000000001
-19,-16,1.6500000000000001
-19,-16,1.6500000000000001
-19,-16,1.6500000000000001
-19,-16,1.6500000000000001
-19,-16,1.6500000000000001
-19,-16,1.6500000000000001
-19,-16,1.6500000000000001
-19,-16,1.6500000000000001
-19,-16,1.6500000000000001
-19,-16,1.6500000000000001
-19,-16,1.6500000000000001
-19,-16,10.307322484150859
-19,-16,1.6500000000000001
-19,-16,1.6500000000000001
-19,-16,1.6500000000000001
-19,-16,1.6500000000000001
-19,-16,1.6500000000000001
-19,-16,1.6500000000000001
-19,-16,1.6500000000000001
-19,-16,1.6500000000000001
-19,-16,1.6500000000000001
-19,-16,1.6500000000000001
-19,-16,1.6500000000000001
-19,-16,1.6500000000000001
-19,-16,1.6500000000000001
-19,-16,8.385719787154112
-19,-16,1.6500000000000001
-19,-16,1.6500000000000001
-19,-16,1.6500000000000001
-19,-16,1.6500000000000001
-19,-16,1.6500000000000001
-19,-16,1.6500000000000001
-19,-16,1.6500000000000001
-19,-16,1.6500000000000001
-19,-16,1.6500000000000001
-19,-16,12.934257066128549
-19,-16,1.6500000000000001
-19,-16,1.6500000000000001
-19,-16,1.6500000000000001
-19,-16,1.6500000000000001
-19,-16,1.6500000000000001
-19,-16,1.6500000000000001
-19,-16,1.6500000000000001
-19,-16,1.6500000000000001
-19,-16,1.6500000000000001
-19,-16,8.842817033542655
-19,-16,1.6500000000000001
-19,-16,1.6500000000000001
-19,-16,1.6500000000000001
-19,-16,1.6500000000000001
-19,-16,1.6500000000000001
-19,-16,8.153635819249029
-19,-16,1.6500000000000001
-19,-16,1.6500000000000001
-19,-16,1.6500000000000001
-19,-16,1.6500000000000001
-19,-16,1.6500000000000001
-19,-16,1.6500000000000001
-19,-16,1.6500000000000001
-19,-16,1.6500000000000001
-19,-16,1.6500000000000001
-19,-16,1.6500000000000001
-19,-16,1.6500000000000001
-19,-16,10.512645870086004
-19,-16,1.6500000000000001
-19,-16,1.6500000000000001
-19,-16,1.6500000000000001
-19,-16,1.6500000000000001
-19,-16,1.6500000000000001
-19,-16,1.6500000000000001
-19,-16,1.6500000000000001
-19,-16,1.6500000000000001
-19,-16,1.6500000000000001
-19,-16,1.6500000000000001
-19,-16,1.6500000000000001
-19,-16,1.6500000000000001
-19,-16,1.6500000000000001
-19,-16,13.554659041727994
-19,-16,1.6500000000000001
-19,-16,1.6500000000000001
-19,-16,1.6500000000000001
-19,-16,1.6500000000000001
-19,-16,1.6500000000000001
-19,-16,1.6500000000000001
-19,-16,1.6500000000000001
-19,-16,1.6500000000000001
-19,-16,1.6500000000000001
-19,-16,1.6500000000000001
-19,-16,1.6500000000000001
-19,-16,1.6500000000000001
-19,-16,1.6500000000000001
-19,-16,1.6500000000000001
-19,-16,1.6500000000000001
-19,-16,1.6500000000000001
-19,-16,1.6500000000000001
-19,-16,1.6500000000000001
-19,-16,1.6500000000000001
-19,-16,1.6500000000000001
-19,-16,1.6500000000000001
-19,-16,1.6500000000000001
-19,-16,1.6500000000000001
-19,-16,8.234027180685288
-19,-16,1.6500000000000001
-19,-16,1.6500000000000001
-19,-16,1.6500000000000001
-19,-16,1.6500000000000001
-19,-16,1.6500000000000001
-19,-16,1.6500000000000001
-19,-16,1.6500000000000001
-19,-16,1.6500000000000001
-19,-16,1.6500000000000001
-19,-16,1.6500000000000001
-19,-16,1.6500000000000001
-19,-16,1.6500000000000001
-19,-16,1.6500000000000001
-19,-16,1.6500000000000001
-19,-16,1.6500000000000001
-19,-16,1.6500000000000001
-19,-16,1.6500000000000001
-19,-16,1.6500000000000001
-19,-16,1.6500000000000001
-19,-16,1.6500000000000001
-19,-15,1.6500000000000001
-19,-15,1.6500000000000001
-19,-15,1.6500000000000001
-19,-15,1.6500000000000001
-19,-15,1.6500000000000001
-19,-15,1.6500000000000001
-19,-15,1.6500000000000001
-19,-15,1.6500000000000001
-19,-15,1.6500000000000001
-19,-15,1.6500000000000001
-19,-15,1.6500000000000001
-19,-15,1.6500000000000001
-19,-15,1.6500000000000001
-19,-15,1.6500000000000001
-19,-15,1.6500000000000001
-19,-15,3.8922023360530975
-19,-15,1.6500000000000001
-19,-15,1.6500000000000001
-19,-15,1.6500000000000001
-19,-15,1.6500000000000001
-19,-15,1.6500000000000001
-19,-15,1.6500000000000001
-19,-15,1.6500000000000001
-19,-15,1.6500000000000001
-19,-15,1.6500000000000001
-19,-15,1.6500000000000001
-19,-15,1.6500000000000001
-19,-15,1.6500000000000001
-19,-15,1.6500000000000001
-19,-15,1.6500000000000001
-19,-15,1.6500000000000001
-19,-15,3.7059573395768535
-19,-15,1.6500000000000001
-19,-15,1.6500000000000001
-19,-15,1.6500000000000001
-19,-15,1.6500000000000001
-19,-15,12.912313382392774
-19,-15,1.6500000000000001
-19,-15,25.617730515281366
-19,-15,1.6500000000000001
-19,-15,1.6500000000000001
-19,-15,1.6500000000000001
-19,-15,1.6500000000000001
-19,-15,1.6500000000000001
-19,-15,1.6500000000000001
-19,-15,1.6500000000000001
-19,-15,4.601532247821261
-19,-15,1.6500000000000001
-19,-15,1.6500000000000001
-19,-15,1.6500000000000001
-19,-15,3.4235272347086525
-19,-15,1.6500000000000001
-19,-15,1.6500000000000001
-19,-15,1.6500000000000001
-19,-15,1.6500000000000001
-19,-15,1.6500000000000001
-19,-15,1.6500000000000001
-19,-15,3.358920632470374
-19,-15,1.6500000000000001
-19,-15,1.6500000000000001
-19,-15,1.6500000000000001
-19,-15,2.0591455889878763
-19,-15,1.6500000000000001
-19,-15,1.6500000000000001
-19,-15,17.83448370269774
-19,-15,1.6500000000000001
-19,-15,1.6500000000000001
-19,-15,1.6500000000000001
-19,-15,1.6500000000000001
-19,-15,1.6500000000000001
-19,-15,1.6500000000000001
-19,-15,1.6500000000000001
-19,-15,7.224133452540176
-19,-15,1.6500000000000001
-19,-15,1.6500000000000001
-19,-15,1.6500000000000001
-19,-15,1.6500000000000001
-19,-15,1.6500000000000001
-19,-15,1.6500000000000001
-19,-15,1.6500000000000001
-19,-15,1.6500000000000001
-19,-15,1.6500000000000001
-19,-15,1.6500000000000001
-19,-15,14.234913360675137
-19,-15,1.6500000000000001
-19,-15,1.6500000000000001
-19,-15,1.6500000000000001
-19,-15,1.6500000000000001
-19,-15,4.915785318344074
-19,-15,3.7487923161637617
-19,-15,1.6500000000000001
-19,-15,1.6500000000000001
-19,-15,3.7125061307045897
-19,-15,1.6500000000000001
-19,-15,1.6500000000000001
-19,-15,1.6500000000000001
-19,-15,3.9590381986662813
-19,-15,1.6500000000000001
-19,-15,1.6500000000000001
-19,-15,1.6500000000000001
-19,-15,1.6500000000000001
-19,-15,1.6500000000000001
-19,-15,1.6500000000000001
-19,-15,1.6500000000000001
-19,-15,1.6500000000000001
-19,-15,1.6500000000000001
-19,-15,1.6500000000000001
-19,-15,1.6500000000000001
-19,-15,1.6500000000000001
-19,-15,1.6500000000000001
-19,-15,1.6500000000000001
-19,-15,11.479727061546555
-19,-15,1.6500000000000001
-19,-15,1.6500000000000001
-19,-15,1.6500000000000001
-19,-15,1.6500000000000001
-19,-15,1.6500000000000001
-19,-15,1.6500000000000001
-19,-15,1.6500000000000001
-19,-15,1.6500000000000001
-19,-15,1.6500000000000001
-19,-15,1.6500000000000001
-19,-16,1.6500000000000001
-19,-16,1.6500000000000001
-19,-16,1.6500000000000001
-19,-16,1.6500000000000001
-19,-16,1.6500000000000001
-19,-16,1.6500000000000001
-19,-16,1.6500000000000001
-19,-16,1.6500000000000001
-19,-16,1.6500000000000001
-19,-16,1.6500000000000001
-19,-16,1.6500000000000001
-19,-16,1.6500000000000001
-19,-16,1.6500000000000001
-19,-16,1.6500000000000001
-19,-16,1.6500000000000001
-19,-16,1.6500000000000001
-19,-16,1.6500000000000001
-19,-16,1.6500000000000001
-19,-16,1.6500000000000001
-19,-16,1.6500000000000001
-19,-16,1.6500000000000001
-19,-16,1.6500000000000001
-19,-16,1.6500000000000001
-19,-16,1.6500000000000001
-19,-16,1.6500000000000001
-19,-16,1.6500000000000001
-19,-16,1.6500000000000001
-19,-16,1.6500000000000001
-19,-16,1.6500000000000001
-19,-16,1.6500000000000001
-19,-16,1.6500000000000001
-19,-16,1.6500000000000001
-19,-16,1.6500000000000001
-19,-16,1.6500000000000001
-19,-16,1.6500000000000001
-19,-16,1.6500000000000001
-19,-16,1.6500000000000001
-19,-16,1.9081480672076623
-19,-16,1.6500000000000001
-19,-16,1.6500000000000001
-19,-16,1.6500000000000001
-19,-16,1.6500000000000001
-19,-16,1.6500000000000001
-19,-16,1.6500000000000001
-19,-16,1.6500000000000001
-19,-16,1.6500000000000001
-19,-16,6.855264639176724
-19,-16,1.6500000000000001
-19,-16,1.6500000000000001
-19,-16,1.6500000000000001
-19,-16,1.6500000000000001
-19,-16,1.6500000000000001
-19,-16,1.6500000000000001
-19,-16,1.6500000000000001
-19,-16,1.6500000000000001
-19,-16,1.6500000000000001
-19,-16,8.247943881489142
-19,-16,1.6500000000000001
-19,-16,1.6500000000000001
-19,-16,1.6500000000000001
-19,-16,1.6500000000000001
-19,-16,1.6500000000000001
-19,-16,1.6500000000000001
-19,-16,1.6500000000000001
-19,-16,1.6500000000000001
-19,-16,1.6500000000000001
-19,-16,1.6500000000000001
-19,-16,1.6500000000000001
-19,-16,1.6500000000000001
-19,-16,1.6500000000000001
-19,-16,1.6500000000000001
-19,-16,1.6500000000000001
-19,-16,1.6500000000000001
-19,-16,1.6500000000000001
-19,-16,4.834518754136532
-19,-16,1.6500000000000001
-19,-16,3.766343178199925
-19,-16,1.6500000000000001
-19,-16,1.6500000000000001
-19,-16,1.6500000000000001
-19,-16,1.6500000000000001
-19,-16,1.6500000000000001
-19,-16,1.6500000000000001
-19,-16,1.6500000000000001
-19,-16,1.6500000000000001
-19,-16,1.6500000000000001
-19,-16,1.6500000000000001
-19,-16,1.6500000000000001
-19,-16,1.6500000000000001
-19,-16,5.224238856590663
-19,-16,1.6500000000000001
-19,-16,1.6500000000000001
-19,-16,1.6500000000000001
-19,-16,1.6500000000000001
-19,-16,1.6500000000000001
-19,-16,1.6500000000000001
-19,-16,1.6500000000000001
-19,-16,1.6500000000000001
-19,-16,1.6500000000000001
-19,-16,1.6500000000000001
-19,-16,1.6500000000000001
-19,-16,1.6500000000000001
-19,-16,1.6500000000000001
-19,-16,1.6500000000000001
-19,-16,1.6500000000000001
-19,-16,1.6500000000000001
-19,-16,1.6500000000000001
-19,-16,1.6500000000000001
-19,-16,1.6500000000000001
-19,-16,1.6500000000000001
-19,-16,1.6500000000000001
-19,-16,1.6500000000000001
-19,-16,1.6500000000000001
-19,-16,1.6500000000000001
-19,-16,1.7423259585680348
-19,-16,1.6500000000000001
-19,-16,1.6500000000000001
-19,-16,1.6500000000000001
-19,-16,1.6500000000000001
-19,-16,1.6500000000000001
-19,-16,1.6500000000000001
-19,-16,1.6500000000000001
-18,-16,1.6500000000000001
-18,-16,1.6500000000000001
-18,-16,1.6500000000000001
-18,-16,10.388955317587396
-18,-16,7.999822983055331
-18,-16,1.6500000000000001
-18,-16,1.6500000000000001
-18,-16,1.6500000000000001
-18,-16,11.42863315526488
-18,-16,1.6500000000000001
-18,-16,1.6500000000000001
-18,-16,1.6500000000000001
-18,-16,1.6500000000000001
-18,-16,1.6500000000000001
-18,-16,1.6500000000000001
-18,-16,1.6500000000000001
-18,-16,1.6500000000000001
-18,-16,1.6500000000000001
-18,-16,1.6500000000000001
-18,-16,1.6500000000000001
-18,-16,1.6500000000000001
-18,-16,1.6500000000000001
-18,-16,1.6500000000000001
-18,-16,1.6500000000000001
-18,-16,1.6500000000000001
-18,-16,1.6500000000000001
-18,-16,1.9473333652909037
-18,-16,1.6500000000000001
-18,-16,1.6500000000000001
-18,-16,5.0878246917528855
-18,-16,1.6500000000000001
-18,-16,1.6500000000000001
-18,-16,1.6500000000000001
-18,-16,1.6500000000000001
-18,-16,1.6500000000000001
-18,-16,1.6500000000000001
-18,-16,1.6500000000000001
-18,-16,1.6500000000000001
-18,-16,1.6500000000000001
-18,-16,1.6500000000000001
-18,-16,1.6500000000000001
-18,-16,1.6500000000000001
-18,-16,1.6500000000000001
-18,-16,1.6500000000000001
-18,-16,1.6500000000000001
-18,-16,1.6500000000000001
-18,-16,1.6500000000000001
-18,-16,1.6500000000000001
-18,-16,1.6500000000000001
-18,-16,1.6500000000000001
-18,-16,1.6500000000000001
-18,-16,1.6500000000000001
-18,-16,1.6500000000000001
-18,-16,1.6500000000000001
-18,-16,1.6500000000000001
-18,-16,1.6500000000000001
-18,-16,1.6500000000000001
-18,-16,1.6500000000000001
-18,-16,1.6500000000000001
-18,-16,1.6500000000000001
-18,-16,1.6500000000000001
-18,-16,1.6500000000000001
-18,-16,10.794138915829894
-18,-16,3.7766985843293472
-18,-16,1.6500000000000001
-18,-16,1.6500000000000001
-18,-16,1.6500000000000001
-18,-16,1.6500000000000001
-18,-16,1.6500000000000001
-18,-16,1.6500000000000001
-18,-16,1.6500000000000001
-18,-16,8.068382717872204
-18,-16,1.6500000000000001
-18,-16,1.6500000000000001
-18,-16,1.6500000000000001
-18,-16,1.6500000000000001
-18,-16,2.9214171808659337
-18,-16,1.6500000000000001
-18,-16,1.6500000000000001
-18,-16,1.6500000000000001
-18,-16,1.6500000000000001
-18,-16,1.6500000000000001
-18,-16,1.6500000000000001
-18,-16,1.6500000000000001
-18,-16,1.6500000000000001
-18,-16,1.6500000000000001
-18,-16,1.754803505813845
-18,-16,1.6500000000000001
-18,-16,1.6500000000000001
-18,-16,1.6500000000000001
-18,-16,1.6500000000000001
-18,-16,1.6500000000000001
-18,-16,6.167405654780868
-18,-16,1.6500000000000001
-18,-16,1.6500000000000001
-18,-16,1.6500000000000001
-18,-16,3.185566669148802
-18,-16,1.6500000000000001
-18,-16,1.6500000000000001
-18,-16,1.6500000000000001
-18,-16,1.6500000000000001
-18,-16,1.6500000000000001
-18,-16,1.6500000000000001
-18,-16,1.6500000000000001
-18,-16,1.6500000000000001
-18,-16,1.6500000000000001
-18,-16,1.6500000000000001
-18,-16,1.6500000000000001
-18,-16,1.6500000000000001
-18,-16,1.6500000000000001
-18,-16,2.2543699142213356
-18,-16,1.6500000000000001
-18,-16,1.6500000000000001
-18,-16,1.6500000000000001
-18,-16,1.6500000000000001
-18,-16,1.6500000000000001
-18,-16,1.6500000000000001
-18,-16,1.6500000000000001
-18,-16,1.6500000000000001
-18,-16,1.6500000000000001
-18,-16,1.6500000000000001
-18,-16,1.6500000000000001
-17,-16,1.6500000000000001
-17,-16,1.6500000000000001
-17,-16,1.6500000000000001
-17,-16,3.120450639639719
-17,-16,1.6500000000000001
-17,-16,1.6500000000000001
-17,-16,1.6500000000000001
-17,-16,1.6500000000000001
-17,-16,1.6500000000000001
-17,-16,1.6500000000000001
-17,-16,1.6500000000000001
-17,-16,3.3017997882852104
-17,-16,1.6500000000000001
-17,-16,1.6500000000000001
-17,-16,1.6500000000000001
-17,-16,1.6500000000000001
-17,-16,1.6500000000000001
-17,-16,1.6500000000000001
-17,-16,5.639051892365334
-17,-16,1.6500000000000001
-17,-16,1.6500000000000001
-17,-16,1.6500000000000001
-17,-16,1.6500000000000001
-17,-16,1.6500000000000001
-17,-16,1.6500000000000001
-17,-16,1.6500000000000001
-17,-16,1.6500000000000001
-17,-16,1.6500000000000001
-17,-16,1.6500000000000001
-17,-16,1.6500000000000001
-17,-16,1.6500000000000001
-17,-16,1.6500000000000001
-17,-16,1.6500000000000001
-17,-16,4.0560186029417675
-17,-16,1.6500000000000001
-17,-16,1.6500000000000001
-17,-16,1.6500000000000001
-17,-16,1.6500000000000001
-17,-16,1.6500000000000001
-17,-16,1.6500000000000001
-17,-16,1.6500000000000001
-17,-16,3.3075498989675243
-17,-16,1.6500000000000001
-17,-16,2.0138581552118833
-17,-16,1.6500000000000001
-17,-16,1.6500000000000001
-17,-16,4.891817664724824
-17,-16,1.6500000000000001
-17,-16,1.6500000000000001
-17,-16,1.6500000000000001
-17,-16,1.6500000000000001
-17,-16,1.6500000000000001
-17,-16,1.6500000000000001
-17,-16,1.6500000000000001
-17,-16,4.581683665601869
-17,-16,1.6500000000000001
-17,-16,4.033877131991675
-17,-16,5.405028718513943
-17,-16,1.6500000000000001
-17,-16,1.6500000000000001
-17,-16,1.6500000000000001
-17,-16,1.6500000000000001
-17,-16,1.6500000000000001
-17,-16,1.6500000000000001
-17,-16,4.095027081246812
-17,-16,1.6500000000000001
-17,-16,1.6500000000000001
-17,-16,10.008435013461238
-17,-16,1.6500000000000001
-17,-16,1.6500000000000001
-17,-16,2.7603138089421044
-17,-16,1.6500000000000001
-17,-16,1.6500000000000001
-17,-16,1.6500000000000001
-17,-16,1.6500000000000001
-17,-16,1.6500000000000001
-17,-16,1.6500000000000001
-17,-16,1.6500000000000001
-17,-16,1.6500000000000001
-17,-16,1.6500000000000001
-17,-16,1.6500000000000001
-17,-16,1.6500000000000001
-17,-16,1.6500000000000001
-17,-16,1.6500000000000001
-17,-16,1.6500000000000001
-17,-16,1.6500000000000001
-17,-16,1.6500000000000001
-17,-16,1.6500000000000001
-17,-16,1.6500000000000001
-17,-16,1.6500000000000001
-17,-16,1.6500000000000001
-17,-16,1.6500000000000001
-17,-16,1.6500000000000001
-17,-16,1.6500000000000001
-17,-16,1.6500000000000001
-17,-16,1.6500000000000001
-17,-16,1.6500000000000001
-17,-16,1.6500000000000001
-17,-16,1.6500000000000001
-17,-16,1.6500000000000001
-17,-16,1.6500000000000001
-17,-16,1.6500000000000001
-17,-16,1.6500000000000001
-17,-16,1.6500000000000001
-17,-16,1.6500000000000001
-17,-16,1.6500000000000001
-17,-16,1.6500000000000001
-17,-16,1.6500000000000001
-17,-16,1.6500000000000001
-17,-16,1.6500000000000001
-17,-16,2.514225925705876
-17,-16,1.6500000000000001
-17,-16,8.977301533512748
-17,-16,1.6500000000000001
-17,-16,1.6500000000000001
-17,-16,1.6500000000000001
-17,-16,1.6500000000000001
-17,-16,1.6500000000000001
-17,-16,8.56087018134761
-17,-16,10.308613210740745
-17,-16,1.6500000000000001
-17,-16,1.6500000000000001
-17,-15,1.6500000000000001
-17,-15,1.6500000000000001
-17,-15,1.6500000000000001
-17,-15,1.6500000000000001
-17,-15,1.6500000000000001
-17,-15,8.456940985860705
-17,-15,1.6500000000000001
-17,-15,2.824919421264271
-17,-15,1.6500000000000001
-17,-15,1.6500000000000001
-17,-15,1.6500000000000001
-17,-15,1.6500000000000001
-17,-15,1.6500000000000001
-17,-15,3.5991641170523643
-17,-15,7.507711975717704
-17,-15,1.6500000000000001
-17,-15,1.6500000000000001
-17,-15,1.6500000000000001
-17,-15,1.6500000000000001
-17,-15,1.6500000000000001
-17,-15,1.6500000000000001
-17,-15,1.6500000000000001
-17,-15,1.6500000000000001
-17,-15,1.6500000000000001
-17,-15,1.6500000000000001
-17,-15,16.70338077966877
-17,-15,1.6500000000000001
-17,-15,1.6500000000000001
-17,-15,1.6500000000000001
-17,-15,3.5680662206512856
-17,-15,6.536450588407574
-17,-15,12.062228604768439
-17,-15,1.6500000000000001
-17,-15,1.6500000000000001
-17,-15,6.73585737203639
-17,-15,1.6500000000000001
-17,-15,1.6500000000000001
-17,-15,3.925140786451088
-17,-15,1.6500000000000001
-17,-15,1.6500000000000001
-17,-15,9.387606735136014
-17,-15,1.6500000000000001
-17,-15,1.6500000000000001
-17,-15,1.6500000000000001
-17,-15,1.6500000000000001
-17,-15,6.793920565913314
-17,-15,1.6500000000000001
-17,-15,1.6500000000000001
-17,-15,1.6500000000000001
-17,-15,1.6500000000000001
-17,-15,1.6500000000000001
-17,-15,1.6500000000000001
-17,-15,1.6500000000000001
-17,-15,1.6500000000000001
-17,-15,1.6500000000000001
-17,-15,1.6500000000000001
-17,-15,1.6500000000000001
-17,-15,1.6500000000000001
-17,-15,1.6500000000000001
-17,-15,1.6500000000000001
-17,-15,4.155393014210057
-17,-15,10.91509408496777
-17,-15,1.6500000000000001
-17,-15,1.6500000000000001
-17,-15,1.6500000000000001
-17,-15,1.6500000000000001
-17,-15,1.6500000000000001
-17,-15,1.6500000000000001
-17,-15,7.1518731810154925
-17,-15,1.6500000000000001
-17,-15,1.6500000000000001
-17,-15,1.6500000000000001
-17,-15,1.6500000000000001
-17,-15,1.6500000000000001
-17,-15,2.9865903108912555
-17,-15,1.6500000000000001
-17,-15,1.6500000000000001
-17,-15,1.6500000000000001
-17,-15,1.6500000000000001
-17,-15,8.174422689931465
-17,-15,1.6500000000000001
-17,-15,1.6500000000000001
-17,-15,1.6500000000000001
-17,-15,1.6500000000000001
-17,-15,1.6500000000000001
-17,-15,1.6500000000000001
-17,-15,1.6500000000000001
-17,-15,1.6500000000000001
-17,-15,1.6500000000000001
-17,-15,1.6500000000000001
-17,-15,5.727544945199938
-17,-15,1.6500000000000001
-17,-15,2.199732142232108
-17,-15,1.6500000000000001
-17,-15,10.658691509190898
-17,-15,1.6500000000000001
-17,-15,1.6500000000000001
-17,-15,1.6500000000000001
-17,-15,1.6500000000000001
-17,-15,1.6500000000000001
-17,-15,1.6500000000000001
-17,-15,1.6500000000000001
-17,-15,1.6500000000000001
-17,-15,1.6500000000000001
-17,-15,2.636328488040469
-17,-15,1.6500000000000001
-17,-15,1.6500000000000001
-17,-15,1.6500000000000001
-17,-15,1.6500000000000001
-17,-15,1.6500000000000001
-17,-15,1.6500000000000001
-17,-15,1.6500000000000001
-17,-15,1.6500000000000001
-17,-15,1.6500000000000001
-17,-15,1.6500000000000001
-17,-15,1.6500000000000001
-17,-15,1.6500000000000001
-17,-15,1.6500000000000001
-17,-15,1.6500000000000001
-17,-15,1.6500000000000001
-17,-15,1.6500000000000001
-17,-15,1.6500000000000001
-17,-15,1.6500000000000001
-16,-15,1.6500000000000001
-16,-15,1.6500000000000001
-16,-15,27.423277079764972
-16,-15,3.377965117271904
-16,-15,1.6500000000000001
-16,-15,1.6500000000000001
-16,-15,1.6500000000000001
-16,-15,1.6500000000000001
-16,-15,1.6500000000000001
-16,-15,1.6500000000000001
-16,-15,1.6500000000000001
-16,-15,1.6500000000000001
-16,-15,1.6500000000000001
-16,-15,1.6500000000000001
-16,-15,1.6500000000000001
-16,-15,1.6500000000000001
-16,-15,8.748330898733819
-16,-15,5.848285728065488
-16,-15,1.6500000000000001
-16,-15,1.6500000000000001
-16,-15,1.6500000000000001
-16,-15,1.6500000000000001
-16,-15,1.6500000000000001
-16,-15,1.6500000000000001
-16,-15,10.225972836088115
-16,-15,1.6500000000000001
-16,-15,1.6500000000000001
-16,-15,1.6500000000000001
-16,-15,1.6500000000000001
-16,-15,1.6500000000000001
-16,-15,1.6500000000000001
-16,-15,8.017279745862663
-16,-15,2.2910529521839518
-16,-15,1.6500000000000001
-16,-15,1.6500000000000001
-16,-15,1.6500000000000001
-16,-15,1.6500000000000001
-16,-15,1.6500000000000001
-16,-15,19.131078724134873
-16,-15,1.6500000000000001
-16,-15,1.6500000000000001
-16,-15,1.9033191057439325
-16,-15,1.6500000000000001
-16,-15,1.6500000000000001
-16,-15,1.6500000000000001
-16,-15,1.6500000000000001
-16,-15,1.6500000000000001
-16,-15,1.6500000000000001
-16,-15,1.6500000000000001
-16,-15,6.832229624054349
-16,-15,1.6500000000000001
-16,-15,1.6500000000000001
-16,-15,1.6500000000000001
-16,-15,1.6500000000000001
-16,-15,1.6500000000000001
-16,-15,1.6500000000000001
-16,-15,1.6500000000000001
-16,-15,1.6500000000000001
-16,-15,2.6854060466314635
-16,-15,1.6500000000000001
-16,-15,1.6500000000000001
-16,-15,1.6500000000000001
-16,-15,1.6500000000000001
-16,-15,1.6500000000000001
-16,-15,1.6500000000000001
-16,-15,1.6500000000000001
-16,-15,13.909768974061834
-16,-15,1.6500000000000001
-16,-15,1.6500000000000001
-16,-15,1.6500000000000001
-16,-15,1.6500000000000001
-16,-15,1.6500000000000001
-16,-15,1.6500000000000001
-16,-15,1.6500000000000001
-16,-15,1.9390218470132812
-16,-15,1.6500000000000001
-16,-15,1.6500000000000001
-16,-15,1.6500000000000001
-16,-15,1.6500000000000001
-16,-15,5.111450110887603
-16,-15,9.329939269585218
-16,-15,11.512684842406358
-16,-15,1.6500000000000001
-16,-15,1.6500000000000001
-16,-15,1.6500000000000001
-16,-15,1.6500000000000001
-16,-15,1.6500000000000001
-16,-15,1.6500000000000001
-16,-15,1.6500000000000001
-16,-15,16.656517521079728
-16,-15,1.6500000000000001
-16,-15,6.313124787932072
-16,-15,1.6500000000000001
-16,-15,1.6500000000000001
-16,-15,8.955596756417869
-16,-15,1.6500000000000001
-16,-15,1.6500000000000001
-16,-15,1.6500000000000001
-16,-15,1.6500000000000001
-16,-15,1.6500000000000001
-16,-15,1.6500000000000001
-16,-15,1.6500000000000001
-16,-15,1.6500000000000001
-16,-15,1.6500000000000001
-16,-15,1.6500000000000001
-16,-15,1.6500000000000001
-16,-15,1.6500000000000001
-16,-15,1.6500000000000001
-16,-15,1.922647210050295
-16,-15,1.6500000000000001
-16,-15,1.6500000000000001
-16,-15,1.6500000000000001
-16,-15,1.6500000000000001
-16,-15,1.6500000000000001
-16,-15,1.6500000000000001
-16,-15,1.6500000000000001
-16,-15,1.6500000000000001
-16,-15,1.6500000000000001
-16,-15,1.6500000000000001
-16,-15,1.6500000000000001
-16,-15,2.230963026721197
-16,-15,1.6500000000000001
-15,-15,1.6500000000000001
-15,-15,1.6500000000000001
-15,-15,1.6500000000000001
-15,-15,1.6500000000000001
-15,-15,1.6500000000000001
-15,-15,1.6500000000000001
-15,-15,1.6500000000000001
-15,-15,1.6500000000000001
-15,-15,1.6500000000000001
-15,-15,1.6500000000000001
-15,-15,1.6500000000000001
-15,-15,1.6500000000000001
-15,-15,1.6500000000000001
-15,-15,1.6500000000000001
-15,-15,1.6500000000000001
-15,-15,8.974368884788566
-15,-15,1.6500000000000001
-15,-15,1.6500000000000001
-15,-15,1.6500000000000001
-15,-15,1.6500000000000001
-15,-15,7.919516161628884
-15,-15,11.552761108531275
-15,-15,5.783624527471261
-15,-15,4.764281417739321
-15,-15,1.6500000000000001
-15,-15,1.6500000000000001
-15,-15,1.6500000000000001
-15,-15,1.6500000000000001
-15,-15,1.6500000000000001
-15,-15,1.6500000000000001
-15,-15,1.6500000000000001
-15,-15,1.6500000000000001
-15,-15,1.6500000000000001
-15,-15,6.498901911948391
-15,-15,1.6500000000000001
-15,-15,1.6500000000000001
-15,-15,1.6500000000000001
-15,-15,1.6500000000000001
-15,-15,3.921684140835586
-15,-15,1.6500000000000001
-15,-15,1.6500000000000001
-15,-15,1.6500000000000001
-15,-15,1.6500000000000001
-15,-15,1.6500000000000001
-15,-15,1.6500000000000001
-15,-15,1.6500000000000001
-15,-15,1.6500000000000001
-15,-15,1.6500000000000001
-15,-15,1.6500000000000001
-15,-15,1.6500000000000001
-15,-15,3.5699238279558365
-15,-15,1.6500000000000001
-15,-15,1.6500000000000001
-15,-15,1.6500000000000001
-15,-15,1.6500000000000001
-15,-15,1.6500000000000001
-15,-15,1.6500000000000001
-15,-15,1.6500000000000001
-15,-15,1.6500000000000001
-15,-15,1.6500000000000001
-15,-15,1.6500000000000001
-15,-15,1.6500000000000001
-15,-15,1.6500000000000001
-15,-15,4.153432364540349
-15,-15,5.811487629885962
-15,-15,1.6500000000000001
-15,-15,1.6500000000000001
-15,-15,8.669621287755664
-15,-15,1.6500000000000001
-15,-15,1.6500000000000001
-15,-15,1.6500000000000001
-15,-15,1.6500000000000001
-15,-15,1.6500000000000001
-15,-15,1.6500000000000001
-15,-15,1.6500000000000001
-15,-15,1.6500000000000001
-15,-15,1.6500000000000001
-15,-15,1.6500000000000001
-15,-15,13.897450817531684
-15,-15,21.793070533986707
-15,-15,1.6500000000000001
-15,-15,1.6500000000000001
-15,-15,1.6500000000000001
-15,-15,1.6500000000000001
-15,-15,1.6500000000000001
-15,-15,1.6500000000000001
-15,-15,4.271774813617375
-15,-15,5.25692048916607
-15,-15,1.6500000000000001
-15,-15,12.472437803272754
-15,-15,8.175507620190505
-15,-15,1.6500000000000001
-15,-15,1.6500000000000001
-15,-15,1.6500000000000001
-15,-15,1.6500000000000001
-15,-15,1.6500000000000001
-15,-15,1.6500000000000001
-15,-15,1.6500000000000001
-15,-15,1.6500000000000001
-15,-15,1.6500000000000001
-15,-15,1.6500000000000001
-15,-15,6.420820537948698
-15,-15,3.5863911292343644
-15,-15,1.6500000000000001
-15,-15,1.6500000000000001
-15,-15,1.6500000000000001
-15,-15,14.191495782319663
-15,-15,9.390789906835693
-15,-15,1.6500000000000001
-15,-15,1.6500000000000001
-15,-15,4.945257984168242
-15,-15,1.6500000000000001
-15,-15,1.6500000000000001
-15,-15,1.6500000000000001
-15,-15,2.4156628862102796
-15,-15,1.6500000000000001
-15,-15,1.6500000000000001
-15,-15,1.6500000000000001
-15,-15,1.6500000000000001
-15,-15,1.6500000000000001
-15,-15,19.58243739935272
-15,-15,1.6500000000000001
-14,-15,4.885393976212166
-14,-15,1.6500000000000001
-14,-15,1.6500000000000001
-14,-15,20.566501282587197
-14,-15,9.411659657997477
-14,-15,1.6500000000000001
-14,-15,1.6500000000000001
-14,-15,1.6500000000000001
-14,-15,7.5139932617130505
-14,-15,1.6500000000000001
-14,-15,1.6500000000000001
-14,-15,1.6500000000000001
-14,-15,1.6500000000000001
-14,-15,12.467051628445077
-14,-15,1.6500000000000001
-14,-15,1.6500000000000001
-14,-15,1.6500000000000001
-14,-15,1.6500000000000001
-14,-15,1.6500000000000001
-14,-15,1.6500000000000001
-14,-15,1.6500000000000001
-14,-15,3.0946751376878936
-14,-15,1.6500000000000001
-14,-15,1.6500000000000001
-14,-15,1.6500000000000001
-14,-15,1.6500000000000001
-14,-15,1.6500000000000001
-14,-15,1.6500000000000001
-14,-15,1.6500000000000001
-14,-15,1.6500000000000001
-14,-15,1.6500000000000001
-14,-15,1.6500000000000001
-14,-15,13.258371309675173
-14,-15,1.6500000000000001
-14,-15,1.6500000000000001
-14,-15,1.6500000000000001
-14,-15,13.529156772870301
-14,-15,1.6500000000000001
-14,-15,1.6500000000000001
-14,-15,1.6500000000000001
-14,-15,1.6500000000000001
-14,-15,1.6500000000000001
-14,-15,1.6500000000000001
-14,-15,1.6500000000000001
-14,-15,1.6500000000000001
-14,-15,1.6500000000000001
-14,-15,10.678986262913028
-14,-15,4.175284085284597
-14,-15,1.6500000000000001
-14,-15,6.819647317462275
-14,-15,1.6500000000000001
-14,-15,5.622259095504958
-14,-15,6.972490644014929
-14,-15,12.100334576663926
-14,-15,1.6500000000000001
-14,-15,4.907894942863127
-14,-15,1.6500000000000001
-14,-15,1.6500000000000001
-14,-15,1.6500000000000001
-14,-15,22.650328105492388
-14,-15,1.6500000000000001
-14,-15,1.6500000000000001
-14,-15,1.6500000000000001
-14,-15,1.6500000000000001
-14,-15,1.6500000000000001
-14,-15,1.6500000000000001
-14,-15,1.6500000000000001
-14,-15,2.3856401018466418
-14,-15,1.6500000000000001
-14,-15,1.6500000000000001
-14,-15,1.6500000000000001
-14,-15,1.6500000000000001
-14,-15,1.6500000000000001
-14,-15,1.6500000000000001
-14,-15,1.6500000000000001
-14,-15,9.770403717267545
-14,-15,1.6500000000000001
-14,-15,7.389931756560349
-14,-15,1.6500000000000001
-14,-15,21.08149749697073
-14,-15,4.521444572712429
-14,-15,1.6500000000000001
-14,-15,1.8035650499961937
-14,-15,14.841944020637175
-14,-15,1.6500000000000001
-14,-15,1.6500000000000001
-14,-15,1.6500000000000001
-14,-15,8.27956764570032
-14,-15,20.85716060402138
-14,-15,3.8766267336438442
-14,-15,1.6500000000000001
-14,-15,4.4442214085849105
-14,-15,1.6500000000000001
-14,-15,1.6500000000000001
-14,-15,1.6500000000000001
-14,-15,1.6500000000000001
-14,-15,1.6500000000000001
-14,-15,1.6500000000000001
-14,-15,1.6500000000000001
-14,-15,1.6500000000000001
-14,-15,2.952542245241755
-14,-15,1.6500000000000001
-14,-15,6.839938034912645
-14,-15,1.6500000000000001
-14,-15,1.6500000000000001
-14,-15,1.6500000000000001
-14,-15,1.6500000000000001
-14,-15,1.6500000000000001
-14,-15,1.6500000000000001
-14,-15,2.0903047938575217
-14,-15,3.0844733923032894
-14,-15,1.6500000000000001
-14,-15,1.6500000000000001
-14,-15,1.6500000000000001
-14,-15,1.6500000000000001
-14,-15,1.6500000000000001
-14,-15,1.6500000000000001
-14,-15,1.6500000000000001
-14,-15,1.6500000000000001
-14,-15,1.6500000000000001
-14,-15,1.6500000000000001
-14,-15,1.6500000000000001
-14,-16,1.6500000000000001
-14,-16,1.6500000000000001
-14,-16,1.6500000000000001
-14,-16,4.177122294358661
-14,-16,1.6500000000000001
-14,-16,1.6500000000000001
-14,-16,15.96277398348057
-14,-16,9.076460150263564
-14,-16,11.148564264127653
-14,-16,6.834163030848776
-14,-16,1.6500000000000001
-14,-16,1.6500000000000001
-14,-16,4.74820651814664
-14,-16,12.003367671084018
-14,-16,1.6500000000000001
-14,-16,1.6500000000000001
-14,-16,1.6500000000000001
-14,-16,5.566127285430522
-14,-16,1.6500000000000001
-14,-16,2.95697939942424
-14,-16,1.6631394552229217
-14,-16,1.6500000000000001
-14,-16,1.6500000000000001
-14,-16,10.981680506714053
-14,-16,1.6500000000000001
-14,-16,27.41036058479775
-14,-16,3.124003113780038
-14,-16,5.809824693476296
-14,-16,1.6500000000000001
-14,-16,1.6500000000000001
-14,-16,1.6500000000000001
-14,-16,1.6500000000000001
-14,-16,1.6500000000000001
-14,-16,1.6500000000000001
-14,-16,1.6500000000000001
-14,-16,1.6500000000000001
-14,-16,1.6500000000000001
-14,-16,1.6500000000000001
-14,-16,1.6500000000000001
-14,-16,1.6500000000000001
-14,-16,1.6500000000000001
-14,-16,1.6500000000000001
-14,-16,1.6500000000000001
-14,-16,1.6500000000000001
-14,-16,1.6500000000000001
-14,-16,1.6500000000000001
-14,-16,1.6500000000000001
-14,-16,1.6500000000000001
-14,-16,1.6500000000000001
-14,-16,1.6500000000000001
-14,-16,1.6500000000000001
-14,-16,1.6500000000000001
-14,-16,1.6500000000000001
-14,-16,1.6500000000000001
-14,-16,1.6500000000000001
-14,-16,1.6500000000000001
-14,-16,1.6500000000000001
-14,-16,1.6500000000000001
-14,-16,2.001290849657659
-14,-16,1.6500000000000001
-14,-16,12.19276707011936
-14,-16,1.6500000000000001
-14,-16,1.6500000000000001
-14,-16,1.6500000000000001
-14,-16,1.6500000000000001
-14,-16,1.6500000000000001
-14,-16,1.6500000000000001
-14,-16,10.133220316154294
-14,-16,1.6500000000000001
-14,-16,1.6500000000000001
-14,-16,1.6500000000000001
-14,-16,1.6500000000000001
-14,-16,1.6500000000000001
-14,-16,1.6500000000000001
-14,-16,1.6500000000000001
-14,-16,1.6500000000000001
-14,-16,1.6500000000000001
-14,-16,1.6500000000000001
-14,-16,1.6500000000000001
-14,-16,1.6500000000000001
-14,-16,1.6500000000000001
-14,-16,1.6500000000000001
-14,-16,1.6500000000000001
-14,-16,1.6500000000000001
-14,-16,1.6500000000000001
-14,-16,13.30952580289943
-14,-16,3.385127573953941
-14,-16,1.6500000000000001
-14,-16,1.6500000000000001
-14,-16,2.465212010614067
-14,-16,1.6500000000000001
-14,-16,1.6500000000000001
-14,-16,1.6500000000000001
-14,-16,1.6500000000000001
-14,-16,9.130207764209672
-14,-16,5.8020058307763325
-14,-16,1.6500000000000001
-14,-16,1.6500000000000001
-14,-16,1.6500000000000001
-14,-16,1.6500000000000001
-14,-16,25.37245641836018
-14,-16,1.6500000000000001
-14,-16,1.6500000000000001
-14,-16,4.355375740653987
-14,-16,1.6500000000000001
-14,-16,1.6500000000000001
-14,-16,1.6500000000000001
-14,-16,1.6500000000000001
-14,-16,1.6500000000000001
-14,-16,10.018743803088718
-14,-16,1.6500000000000001
-14,-16,3.722008002832329
-14,-16,1.6500000000000001
-14,-16,1.6500000000000001
-14,-16,1.6500000000000001
-14,-16,10.195858265308075
-14,-16,1.6500000000000001
-14,-16,1.6500000000000001
-14,-16,1.6500000000000001
-14,-16,1.6500000000000001
-14,-16,14.090476705349232
-14,-16,16.421682333267114
-15,-16,1.6500000000000001
-15,-16,1.6500000000000001
-15,-16,1.6500000000000001
-15,-16,6.9537052514703035
-15,-16,2.0871978930211803
-15,-16,1.6500000000000001
-15,-16,1.6500000000000001
-15,-16,1.6500000000000001
-15,-16,1.6500000000000001
-15,-16,1.6500000000000001
-15,-16,1.6500000000000001
-15,-16,5.7487210536023206
-15,-16,1.6500000000000001
-15,-16,1.6500000000000001
-15,-16,1.6500000000000001
-15,-16,1.6500000000000001
-15,-16,1.6500000000000001
-15,-16,13.954304067598901
-15,-16,1.6500000000000001
-15,-16,4.965545884047804
-15,-16,1.6500000000000001
-15,-16,1.6500000000000001
-15,-16,1.6500000000000001
-15,-16,1.6500000000000001
-15,-16,1.6500000000000001
-15,-16,1.6500000000000001
-15,-16,1.6500000000000001
-15,-16,1.6500000000000001
-15,-16,1.6500000000000001
-15,-16,1.6500000000000001
-15,-16,1.6500000000000001
-15,-16,1.6500000000000001
-15,-16,1.6500000000000001
-15,-16,1.6500000000000001
-15,-16,1.6500000000000001
-15,-16,1.6500000000000001
-15,-16,1.6500000000000001
-15,-16,1.6500000000000001
-15,-16,1.6500000000000001
-15,-16,1.6500000000000001
-15,-16,1.6500000000000001
-15,-16,1.6500000000000001
-15,-16,1.6500000000000001
-15,-16,1.6500000000000001
-15,-16,1.6500000000000001
-15,-16,1.6500000000000001
-15,-16,1.6500000000000001
-15,-16,1.6500000000000001
-15,-16,1.6500000000000001
-15,-16,1.6500000000000001
-15,-16,1.6500000000000001
-15,-16,1.6500000000000001
-15,-16,1.6500000000000001
-15,-16,1.6500000000000001
-15,-16,2.9053636634258524
-15,-16,1.6500000000000001
-15,-16,3.692773654953454
-15,-16,1.6500000000000001
-15,-16,1.6500000000000001
-15,-16,1.6500000000000001
-15,-16,1.6500000000000001
-15,-16,1.6500000000000001
-15,-16,1.6500000000000001
-15,-16,1.6500000000000001
-15,-16,9.91590083677464
-15,-16,1.6500000000000001
-15,-16,1.6500000000000001
-15,-16,1.6500000000000001
-15,-16,1.6500000000000001
-15,-16,1.6500000000000001
-15,-16,1.6500000000000001
-15,-16,4.687753447161837
-15,-16,1.6500000000000001
-15,-16,1.6500000000000001
-15,-16,1.6500000000000001
-15,-16,3.0640775319361264
-15,-16,1.6500000000000001
-15,-16,1.6500000000000001
-15,-16,12.297090820840403
-15,-16,1.6500000000000001
-15,-16,1.6500000000000001
-15,-16,1.6500000000000001
-15,-16,1.6500000000000001
-15,-16,1.6500000000000001
-15,-16,1.6500000000000001
-15,-16,1.6500000000000001
-15,-16,1.6500000000000001
-15,-16,1.6500000000000001
-15,-16,1.6500000000000001
-15,-16,13.327474301467277
-15,-16,1.6500000000000001
-15,-16,1.6500000000000001
-15,-16,2.3448957826037233
-15,-16,1.6500000000000001
-15,-16,1.6500000000000001
-15,-16,1.6500000000000001
-15,-16,1.6500000000000001
-15,-16,1.6500000000000001
-15,-16,1.6500000000000001
-15,-16,1.6500000000000001
-15,-16,1.6500000000000001
-15,-16,1.6500000000000001
-15,-16,1.6500000000000001
-15,-16,1.6500000000000001
-15,-16,1.6500000000000001
-15,-16,1.6500000000000001
-15,-16,1.6500000000000001
-15,-16,1.6500000000000001
-15,-16,1.6500000000000001
-15,-16,1.6500000000000001
-15,-16,1.6500000000000001
-15,-16,1.6500000000000001
-15,-16,1.6500000000000001
-15,-16,1.6500000000000001
-15,-16,1.6500000000000001
-15,-16,1.6500000000000001
-15,-16,1.6500000000000001
-15,-16,4.4431390831271
-15,-16,6.535723672431141
-15,-16,1.6500000000000001
-15,-16,1.6500000000000001
-15,-16,17.086524582158503
-15,-16,1.6500000000000001
-15,-15,6.951357832674427
-15,-15,1.6500000000000001
-15,-15,1.6500000000000001
-15,-15,1.6500000000000001
-15,-15,1.6500000000000001
-15,-15,1.8468570652518412
-15,-15,1.6500000000000001
-15,-15,1.6500000000000001
-15,-15,1.6500000000000001
-15,-15,1.6500000000000001
-15,-15,1.6500000000000001
-15,-15,3.9392155053843183
-15,-15,14.52359134357948
-15,-15,1.6500000000000001
-15,-15,1.6500000000000001
-15,-15,1.6500000000000001
-15,-15,2.632015670413807
-15,-15,1.6500000000000001
-15,-15,4.979897643160413
-15,-15,1.6500000000000001
-15,-15,1.6500000000000001
-15,-15,13.07814177152973
-15,-15,1.6500000000000001
-15,-15,1.6500000000000001
-15,-15,1.6500000000000001
-15,-15,1.6500000000000001
-15,-15,1.6500000000000001
-15,-15,1.6500000000000001
-15,-15,1.6500000000000001
-15,-15,14.656103116060152
-15,-15,1.6500000000000001
-15,-15,1.6500000000000001
-15,-15,1.6500000000000001
-15,-15,1.6500000000000001
-15,-15,1.6500000000000001
-15,-15,2.1500537900302437
-15,-15,1.6500000000000001
-15,-15,1.6500000000000001
-15,-15,9.181937723646936
-15,-15,1.6500000000000001
-15,-15,1.6500000000000001
-15,-15,1.6500000000000001
-15,-15,1.6500000000000001
-15,-15,1.6500000000000001
-15,-15,1.6500000000000001
-15,-15,10.52990697223786
-15,-15,1.6500000000000001
-15,-15,1.6500000000000001
-15,-15,8.927088068018357
-15,-15,1.6500000000000001
-15,-15,8.681033278113931
-15,-15,1.6500000000000001
-15,-15,1.6500000000000001
-15,-15,1.6500000000000001
-15,-15,1.6500000000000001
-15,-15,1.6500000000000001
-15,-15,1.6500000000000001
-15,-15,1.6500000000000001
-15,-15,1.6500000000000001
-15,-15,1.6500000000000001
-15,-15,1.6500000000000001
-15,-15,1.6500000000000001
-15,-15,6.428594938479268
-15,-15,1.6500000000000001
-15,-15,1.6500000000000001
-15,-15,1.6500000000000001
-15,-15,1.6500000000000001
-15,-15,1.6500000000000001
-15,-15,5.071558361536608
-15,-15,1.6500000000000001
-15,-15,1.6500000000000001
-15,-15,1.6500000000000001
-15,-15,1.6500000000000001
-15,-15,8.026748343708633
-15,-15,1.6500000000000001
-15,-15,1.6500000000000001
-15,-15,1.6500000000000001
-15,-15,1.6500000000000001
-15,-15,1.6500000000000001
-15,-15,1.6500000000000001
-15,-15,1.6500000000000001
-15,-15,1.6500000000000001
-15,-15,1.6500000000000001
-15,-15,1.6500000000000001
-15,-15,1.6500000000000001
-15,-15,1.6500000000000001
-15,-15,1.6500000000000001
-15,-15,1.6500000000000001
-15,-15,1.6500000000000001
-15,-15,1.6500000000000001
-15,-15,1.6500000000000001
-15,-15,1.6500000000000001
-15,-15,1.6500000000000001
-15,-15,1.6500000000000001
-15,-15,1.6500000000000001
-15,-15,1.6500000000000001
-15,-15,1.6500000000000001
-15,-15,1.6500000000000001
-15,-15,7.440515066904997
-15,-15,1.6500000000000001
-15,-15,1.6500000000000001
-15,-15,1.6500000000000001
-15,-15,7.497220975286863
-15,-15,2.4411894079711445
-15,-15,1.6500000000000001
-15,-15,1.6500000000000001
-15,-15,1.6500000000000001
-15,-15,1.6500000000000001
-15,-15,1.6500000000000001
-15,-15,4.56313765760231
-15,-15,1.6500000000000001
-15,-15,1.6500000000000001
-15,-15,1.6500000000000001
-15,-15,1.6500000000000001
-15,-15,1.6500000000000001
-15,-15,1.6500000000000001
-15,-15,1.6500000000000001
-15,-15,1.6500000000000001
-15,-15,16.590021131578837
-15,-15,1.6500000000000001
-15,-15,1.6500000000000001
-15,-15,1.6500000000000001
-15,-14,10.435792980325127
-15,-14,1.6500000000000001
-15,-14,1.6500000000000001
-15,-14,1.6500000000000001
-15,-14,1.6500000000000001
-15,-14,1.6500000000000001
-15,-14,1.6500000000000001
-15,-14,11.1926225243737
-15,-14,1.6500000000000001
-15,-14,1.6500000000000001
-15,-14,1.6500000000000001
-15,-14,1.6500000000000001
-15,-14,1.6500000000000001
-15,-14,1.6500000000000001
-15,-14,2.13926112789043
-15,-14,7.257109985994051
-15,-14,1.6500000000000001
-15,-14,1.6500000000000001
-15,-14,16.80674994416521
-15,-14,15.441044614060875
-15,-14,1.6500000000000001
-15,-14,14.569271711471348
-15,-14,1.6500000000000001
-15,-14,1.6500000000000001
-15,-14,1.6500000000000001
-15,-14,1.6500000000000001
-15,-14,13.032002334307055
-15,-14,13.29176651779034
-15,-14,1.6500000000000001
-15,-14,1.6500000000000001
-15,-14,1.6500000000000001
-15,-14,17.464574607699333
-15,-14,1.6500000000000001
-15,-14,15.807584742121211
-15,-14,1.6500000000000001
-15,-14,1.6500000000000001
-15,-14,19.384476908935902
-15,-14,1.6500000000000001
-15,-14,1.6500000000000001
-15,-14,19.00235081659848
-15,-14,1.6500000000000001
-15,-14,1.6500000000000001
-15,-14,1.6500000000000001
-15,-14,1.6500000000000001
-15,-14,1.6500000000000001
-15,-14,1.6500000000000001
-15,-14,10.257158124356256
-15,-14,1.6500000000000001
-15,-14,1.6500000000000001
-15,-14,1.6500000000000001
-15,-14,1.6500000000000001
-15,-14,1.6500000000000001
-15,-14,1.6500000000000001
-15,-14,1.6500000000000001
-15,-14,5.495354293347905
-15,-14,1.6500000000000001
-15,-14,1.6500000000000001
-15,-14,1.6500000000000001
-15,-14,1.6500000000000001
-15,-14,1.6500000000000001
-15,-14,1.6500000000000001
-15,-14,1.6500000000000001
-15,-14,5.402735676588765
-15,-14,1.6500000000000001
-15,-14,1.6500000000000001
-15,-14,1.6500000000000001
-15,-14,1.6500000000000001
-15,-14,1.6500000000000001
-15,-14,1.6500000000000001
-15,-14,1.6500000000000001
-15,-14,1.6500000000000001
-15,-14,7.680403881053293
-15,-14,1.6500000000000001
-15,-14,1.6500000000000001
-15,-14,1.6500000000000001
-15,-14,1.6500000000000001
-15,-14,1.6500000000000001
-15,-14,1.6500000000000001
-15,-14,1.6500000000000001
-15,-14,1.6500000000000001
-15,-14,1.6500000000000001
-15,-14,1.6500000000000001
-15,-14,1.6500000000000001
-15,-14,1.6500000000000001
-15,-14,1.6500000000000001
-15,-14,1.6500000000000001
-15,-14,1.6500000000000001
-15,-14,1.6500000000000001
-15,-14,1.6500000000000001
-15,-14,1.6500000000000001
-15,-14,1.6500000000000001
-15,-14,1.6500000000000001
-15,-14,1.6500000000000001
-15,-14,10.309544945199221
-15,-14,1.6500000000000001
-15,-14,1.6500000000000001
-15,-14,5.19028867933166
-15,-14,1.6500000000000001
-15,-14,1.6500000000000001
-15,-14,1.6500000000000001
-15,-14,1.6500000000000001
-15,-14,1.6500000000000001
-15,-14,1.6500000000000001
-15,-14,1.6500000000000001
-15,-14,1.6500000000000001
-15,-14,1.6500000000000001
-15,-14,8.118471362250608
-15,-14,1.6500000000000001
-15,-14,1.6500000000000001
-15,-14,1.6500000000000001
-15,-14,12.565485645096231
-15,-14,1.6500000000000001
-15,-14,1.6500000000000001
-15,-14,1.6500000000000001
-15,-14,1.6500000000000001
-15,-14,7.814611325998436
-15,-14,1.6500000000000001
-15,-14,1.6500000000000001
-15,-14,7.8069364418732405
-15,-14,1.6500000000000001
-15,-14,1.6500000000000001
-15,-14,3.2883993769365567
-14,-14,1.6500000000000001
-14,-14,1.6500000000000001
-14,-14,1.6500000000000001
-14,-14,1.6500000000000001
-14,-14,1.6500000000000001
-14,-14,1.6500000000000001
-14,-14,3.2748563617288227
-14,-14,1.6500000000000001
-14,-14,3.0220059141392763
-14,-14,1.6500000000000001
-14,-14,1.6500000000000001
-14,-14,1.6500000000000001
-14,-14,1.6500000000000001
-14,-14,1.6500000000000001
-14,-14,1.6500000000000001
-14,-14,1.6500000000000001
-14,-14,1.6500000000000001
-14,-14,1.6500000000000001
-14,-14,11.706054560753401
-14,-14,1.6500000000000001
-14,-14,1.6500000000000001
-14,-14,1.6500000000000001
-14,-14,1.6500000000000001
-14,-14,14.758909452884325
-14,-14,1.6500000000000001
-14,-14,1.6500000000000001
-14,-14,1.6500000000000001
-14,-14,1.7980612764467852
-14,-14,1.6500000000000001
-14,-14,1.8626412736176023
-14,-14,1.6500000000000001
-14,-14,1.6500000000000001
-14,-14,1.6500000000000001
-14,-14,1.6500000000000001
-14,-14,1.6500000000000001
-14,-14,1.6500000000000001
-14,-14,1.6500000000000001
-14,-14,1.6500000000000001
-14,-14,1.6500000000000001
-14,-14,1.6500000000000001
-14,-14,1.6500000000000001
-14,-14,1.6500000000000001
-14,-14,1.6500000000000001
-14,-14,1.6500000000000001
-14,-14,1.6500000000000001
-14,-14,1.6500000000000001
-14,-14,6.377852583735624
-14,-14,4.008648486521837
-14,-14,1.6500000000000001
-14,-14,1.6500000000000001
-14,-14,1.6500000000000001
-14,-14,1.6500000000000001
-14,-14,1.6500000000000001
-14,-14,2.86417560026476
-14,-14,1.6500000000000001
-14,-14,16.38710128144239
-14,-14,1.6500000000000001
-14,-14,1.6500000000000001
-14,-14,1.6500000000000001
-14,-14,3.687749062905027
-14,-14,1.6500000000000001
-14,-14,1.6500000000000001
-14,-14,1.6500000000000001
-14,-14,1.6500000000000001
-14,-14,21.170240619049846
-14,-14,1.6500000000000001
-14,-14,1.6500000000000001
-14,-14,1.6500000000000001
-14,-14,1.6500000000000001
-14,-14,1.6500000000000001
-14,-14,1.6500000000000001
-14,-14,1.6500000000000001
-14,-14,1.6500000000000001
-14,-14,1.6500000000000001
-14,-14,1.6500000000000001
-14,-14,1.6500000000000001
-14,-14,1.6500000000000001
-14,-14,7.676919153434518
-14,-14,1.6500000000000001
-14,-14,1.6500000000000001
-14,-14,1.6500000000000001
-14,-14,1.6500000000000001
-14,-14,8.66434916625394
-14,-14,1.6500000000000001
-14,-14,1.6500000000000001
-14,-14,5.575316788042761
-14,-14,1.6500000000000001
-14,-14,15.53570537990117
-14,-14,6.757203005599653
-14,-14,1.6500000000000001
-14,-14,1.6500000000000001
-14,-14,1.6500000000000001
-14,-14,1.6500000000000001
-14,-14,1.6500000000000001
-14,-14,1.6500000000000001
-14,-14,1.6500000000000001
-14,-14,1.6500000000000001
-14,-14,6.593809355191059
-14,-14,1.6500000000000001
-14,-14,1.6500000000000001
-14,-14,1.6500000000000001
-14,-14,1.6500000000000001
-14,-14,7.426460470930564
-14,-14,1.6500000000000001
-14,-14,1.6500000000000001
-14,-14,1.6500000000000001
-14,-14,1.6500000000000001
-14,-14,2.1371546041534373
-14,-14,1.6500000000000001
-14,-14,1.6500000000000001
-14,-14,1.6500000000000001
-14,-14,6.505005756721168
-14,-14,1.6500000000000001
-14,-14,1.6500000000000001
-14,-14,6.282848772154855
-14,-14,1.6500000000000001
-14,-14,1.6500000000000001
-14,-14,1.6500000000000001
-14,-14,1.6500000000000001
-14,-14,1.6500000000000001
-14,-14,11.451565264571272
-14,-14,3.4920681403088984
-14,-13,1.6500000000000001
-14,-13,1.6500000000000001
-14,-13,1.6500000000000001
-14,-13,1.6500000000000001
-14,-13,1.6500000000000001
-14,-13,1.6500000000000001
-14,-13,1.6500000000000001
-14,-13,2.297491235529919
-14,-13,1.6500000000000001
-14,-13,1.6500000000000001
-14,-13,1.6500000000000001
-14,-13,1.6500000000000001
-14,-13,1.6500000000000001
-14,-13,1.6500000000000001
-14,-13,1.6500000000000001
-14,-13,1.6500000000000001
-14,-13,1.6500000000000001
-14,-13,6.222204636250922
-14,-13,1.6500000000000001
-14,-13,4.838428968778196
-14,-13,17.786104495918742
-14,-13,13.125621883456592
-14,-13,1.6500000000000001
-14,-13,1.6500000000000001
-14,-13,14.210902621457109
-14,-13,1.6500000000000001
-14,-13,1.6500000000000001
-14,-13,3.310869267267041
-14,-13,1.6500000000000001
-14,-13,1.6500000000000001
-14,-13,12.251552277221764
-14,-13,1.6500000000000001
-14,-13,1.6500000000000001
-14,-13,6.172906585406377
-14,-13,1.6500000000000001
-14,-13,1.6500000000000001
-14,-13,1.6500000000000001
-14,-13,1.6500000000000001
-14,-13,1.6500000000000001
-14,-13,13.91036516171581
-14,-13,1.6500000000000001
-14,-13,1.6500000000000001
-14,-13,8.272559564797117
-14,-13,1.6500000000000001
-14,-13,1.6500000000000001
-14,-13,1.6500000000000001
-14,-13,1.6500000000000001
-14,-13,1.6500000000000001
-14,-13,1.6500000000000001
-14,-13,1.6500000000000001
-14,-13,1.6500000000000001
-14,-13,1.6500000000000001
-14,-13,7.89858235447495
-14,-13,1.6500000000000001
-14,-13,14.910472249037948
-14,-13,5.081812139458606
-14,-13,1.6500000000000001
-14,-13,1.6500000000000001
-14,-13,1.6500000000000001
-14,-13,1.6500000000000001
-14,-13,1.6500000000000001
-14,-13,1.6500000000000001
-14,-13,1.6500000000000001
-14,-13,1.6500000000000001
-14,-13,1.6500000000000001
-14,-13,1.6500000000000001
-14,-13,17.49781471798034
-14,-13,1.6500000000000001
-14,-13,1.6500000000000001
-14,-13,1.6500000000000001
-14,-13,3.504624149574333
-14,-13,1.6500000000000001
-14,-13,1.6500000000000001
-14,-13,1.6500000000000001
-14,-13,1.6500000000000001
-14,-13,1.6500000000000001
-14,-13,4.202162913691493
-14,-13,1.6500000000000001
-14,-13,1.6500000000000001
-14,-13,1.6500000000000001
-14,-13,1.6500000000000001
-14,-13,1.6500000000000001
-14,-13,1.6500000000000001
-14,-13,1.6500000000000001
-14,-13,2.3859778026653258
-14,-13,2.1907639197605135
-14,-13,2.2587581164891937
-14,-13,1.6500000000000001
-14,-13,2.5129858052652105
-14,-13,15.758954091205364
-14,-13,10.18748943164475
-14,-13,8.740858556205582
-14,-13,1.6500000000000001
-14,-13,19.576585167370524
-14,-13,1.6500000000000001
-14,-13,1.6500000000000001
-14,-13,1.6500000000000001
-14,-13,1.6500000000000001
-14,-13,1.6500000000000001
-14,-13,1.6500000000000001
-14,-13,1.6500000000000001
-14,-13,1.6500000000000001
-14,-13,1.6500000000000001
-14,-13,1.6500000000000001
-14,-13,1.6500000000000001
-14,-13,2.359363132034214
-14,-13,1.6500000000000001
-14,-13,5.041277291488608
-14,-13,10.190336766392539
-14,-13,1.6500000000000001
-14,-13,1.6500000000000001
-14,-13,4.4049003451442275
-14,-13,5.394907906543997
-14,-13,1.6500000000000001
-14,-13,1.6500000000000001
-14,-13,1.6500000000000001
-14,-13,1.6500000000000001
-14,-13,1.6500000000000001
-14,-13,3.3210571070988797
-14,-13,13.161501148783131
-14,-13,1.6500000000000001
-14,-13,1.7413608953058475
-14,-13,1.6500000000000001
-13,-13,8.919966953814084
-13,-13,1.6500000000000001
-13,-13,1.6500000000000001
-13,-13,1.6500000000000001
-13,-13,1.6500000000000001
-13,-13,1.6500000000000001
-13,-13,1.6500000000000001
-13,-13,1.6500000000000001
-13,-13,1.6500000000000001
-13,-13,1.6500000000000001
-13,-13,1.6500000000000001
-13,-13,1.6500000000000001
-13,-13,1.6500000000000001
-13,-13,1.861597051214999
-13,-13,20.795210400783727
-13,-13,1.6500000000000001
-13,-13,1.6500000000000001
-13,-13,1.6500000000000001
-13,-13,1.6500000000000001
-13,-13,1.6500000000000001
-13,-13,28.739886092828552
-13,-13,1.6500000000000001
-13,-13,1.6500000000000001
-13,-13,1.6500000000000001
-13,-13,8.396566034414755
-13,-13,7.7846622963813985
-13,-13,12.80171034652803
-13,-13,1.6500000000000001
-13,-13,1.6500000000000001
-13,-13,1.6500000000000001
-13,-13,1.6500000000000001
-13,-13,20.776840651519418
-13,-13,1.6500000000000001
-13,-13,1.6500000000000001
-13,-13,1.6500000000000001
-13,-13,3.719976651415026
-13,-13,1.6500000000000001
-13,-13,1.6500000000000001
-13,-13,1.6500000000000001
-13,-13,1.6500000000000001
-13,-13,1.6500000000000001
-13,-13,1.6500000000000001
-13,-13,1.6500000000000001
-13,-13,1.6500000000000001
-13,-13,1.6500000000000001
-13,-13,1.6500000000000001
-13,-13,1.6500000000000001
-13,-13,1.6500000000000001
-13,-13,1.6500000000000001
-13,-13,1.6500000000000001
-13,-13,1.6500000000000001
-13,-13,1.6500000000000001
-13,-13,1.6500000000000001
-13,-13,1.6500000000000001
-13,-13,1.6500000000000001
-13,-13,5.520487302441891
-13,-13,9.947212336190194
-13,-13,4.350329961325292
-13,-13,5.863270700042298
-13,-13,1.6500000000000001
-13,-13,1.6500000000000001
-13,-13,1.6500000000000001
-13,-13,1.6500000000000001
-13,-13,1.6500000000000001
-13,-13,1.6500000000000001
-13,-13,1.6500000000000001
-13,-13,1.6500000000000001
-13,-13,3.4571216879864375
-13,-13,1.6500000000000001
-13,-13,8.644064356538458
-13,-13,1.6500000000000001
-13,-13,7.232038268484988
-13,-13,1.6500000000000001
-13,-13,1.6500000000000001
-13,-13,1.6500000000000001
-13,-13,1.6500000000000001
-13,-13,8.999935905444387
-13,-13,1.6500000000000001
-13,-13,1.6500000000000001
-13,-13,7.8250991256151465
-13,-13,6.766652678852003
-13,-13,1.6500000000000001
-13,-13,1.6500000000000001
-13,-13,18.07603780522192
-13,-13,4.6487138369546495
-13,-13,1.6500000000000001
-13,-13,29.7
-13,-13,1.6500000000000001
-13,-13,1.6500000000000001
-13,-13,5.993084762703997
-13,-13,4.339893147200279
-13,-13,1.6500000000000001
-13,-13,1.6500000000000001
-13,-13,1.6500000000000001
-13,-13,1.6500000000000001
-13,-13,3.3315353366440936
-13,-13,1.6500000000000001
-13,-13,1.6500000000000001
-13,-13,1.6500000000000001
-13,-13,1.6500000000000001
-13,-13,2.1423588949441017
-13,-13,1.6500000000000001
-13,-13,1.6500000000000001
-13,-13,1.6500000000000001
-13,-13,5.4190677080176055
-13,-13,1.6500000000000001
-13,-13,1.6500000000000001
-13,-13,12.530391613912315
-13,-13,11.119257359251444
-13,-13,17.61810704397258
-13,-13,1.6500000000000001
-13,-13,6.7292990266256645
-13,-13,2.07493312771377
-13,-13,1.6500000000000001
-13,-13,1.6500000000000001
-13,-13,2.9995598880499736
-13,-13,1.6500000000000001
-13,-13,1.6500000000000001
-13,-13,1.6500000000000001
-13,-13,1.6500000000000001
-13,-13,1.6500000000000001
-13,-13,3.0956163454640846
-13,-12,21.863996603324725
-13,-12,7.66266130030381
-13,-12,1.6500000000000001
-13,-12,1.6500000000000001
-13,-12,1.6500000000000001
-13,-12,7.700595345996673
-13,-12,1.6500000000000001
-13,-12,1.6500000000000001
-13,-12,2.0752157227528967
-13,-12,6.889758322623226
-13,-12,1.6500000000000001
-13,-12,1.6500000000000001
-13,-12,7.535448451621928
-13,-12,1.6500000000000001
-13,-12,2.8209178662779015
-13,-12,1.6500000000000001
-13,-12,6.02221841713193
-13,-12,1.6500000000000001
-13,-12,1.6500000000000001
-13,-12,1.6500000000000001
-13,-12,1.6500000000000001
-13,-12,1.6500000000000001
-13,-12,17.523593892862774
-13,-12,1.6500000000000001
-13,-12,16.601296496392205
-13,-12,1.6500000000000001
-13,-12,1.6500000000000001
-13,-12,1.6500000000000001
-13,-12,1.6500000000000001
-13,-12,18.5376414430171
-13,-12,2.9753445344434297
-13,-12,1.6500000000000001
-13,-12,3.1769887625189996
-13,-12,1.6500000000000001
-13,-12,1.6500000000000001
-13,-12,1.6500000000000001
-13,-12,1.6500000000000001
-13,-12,1.6500000000000001
-13,-12,17.45305670013844
-13,-12,27.678860937064695
-13,-12,6.244312662868625
-13,-12,1.6500000000000001
-13,-12,1.6500000000000001
-13,-12,1.6500000000000001
-13,-12,1.6500000000000001
-13,-12,2.3625358223869024
-13,-12,1.6500000000000001
-13,-12,9.383554184737386
-13,-12,1.6500000000000001
-13,-12,12.120993494402194
-13,-12,12.592675004551023
-13,-12,1.6500000000000001
-13,-12,1.6500000000000001
-13,-12,1.6500000000000001
-13,-12,1.6529122948671398
-13,-12,15.342206925522078
-13,-12,1.6500000000000001
-13,-12,1.6500000000000001
-13,-12,7.176755912084296
-13,-12,1.6500000000000001
-13,-12,1.6500000000000001
-13,-12,1.6500000000000001
-13,-12,15.104627419461455
-13,-12,1.6500000000000001
-13,-12,15.591768648874492
-13,-12,1.6500000000000001
-13,-12,1.6500000000000001
-13,-12,3.7017947508715032
-13,-12,1.6500000000000001
-13,-12,10.153207809043916
-13,-12,1.6500000000000001
-13,-12,7.199387952037206
-13,-12,1.6500000000000001
-13,-12,1.6500000000000001
-13,-12,3.3564899016288905
-13,-12,2.7859606847046106
-13,-12,1.6500000000000001
-13,-12,1.6500000000000001
-13,-12,10.22908306588349
-13,-12,1.6500000000000001
-13,-12,3.645200956449181
-13,-12,8.848891435215966
-13,-12,1.6500000000000001
-13,-12,11.306334819172376
-13,-12,1.6500000000000001
-13,-12,1.6500000000000001
-13,-12,1.6500000000000001
-13,-12,1.6500000000000001
-13,-12,1.6500000000000001
-13,-12,1.6500000000000001
-13,-12,1.6500000000000001
-13,-12,1.6500000000000001
-13,-12,1.6500000000000001
-13,-12,1.6500000000000001
-13,-12,7.516654680154057
-13,-12,4.081566242176011
-13,-12,1.6500000000000001
-13,-12,4.02004377789299
-13,-12,1.6500000000000001
-13,-12,1.6500000000000001
-13,-12,1.6500000000000001
-13,-12,1.6500000000000001
-13,-12,1.6500000000000001
-13,-12,2.2508025341005675
-13,-12,4.408785337889215
-13,-12,1.6500000000000001
-13,-12,1.6500000000000001
-13,-12,1.6500000000000001
-13,-12,1.6500000000000001
-13,-12,1.6500000000000001
-13,-12,1.6500000000000001
-13,-12,1.6500000000000001
-13,-12,1.6500000000000001
-13,-12,1.6500000000000001
-13,-12,1.6500000000000001
-13,-12,1.6500000000000001
-13,-12,2.4542084713433914
-13,-12,1.6500000000000001
-13,-12,1.6500000000000001
-13,-12,1.6500000000000001
-13,-12,17.909432423090088
-13,-12,1.6500000000000001
-12,-12,1.6500000000000001
-12,-12,1.6500000000000001
-12,-12,7.935600678264283
-12,-12,14.973198910197713
-12,-12,22.257468939781003
-12,-12,17.682783467846775
-12,-12,3.5561560005072907
-12,-12,1.6500000000000001
-12,-12,8.257452827808747
-12,-12,1.6500000000000001
-12,-12,11.284842078186994
-12,-12,1.6500000000000001
-12,-12,7.183031202583389
-12,-12,1.6500000000000001
-12,-12,1.6500000000000001
-12,-12,1.6500000000000001
-12,-12,9.49478361147983
-12,-12,1.6500000000000001
-12,-12,18.524108077279603
-12,-12,5.214929160921873
-12,-12,13.901151054026421
-12,-12,1.6500000000000001
-12,-12,7.873434517827439
-12,-12,1.6500000000000001
-12,-12,18.332800124175456
-12,-12,1.6500000000000001
-12,-12,5.720075338704439
-12,-12,24.96244611814373
-12,-12,1.6500000000000001
-12,-12,11.481447985680528
-12,-12,1.6500000000000001
-12,-12,13.101885524784898
-12,-12,4.179142731405122
-12,-12,1.6500000000000001
-12,-12,9.828331956133752
-12,-12,13.65888355496174
-12,-12,10.318733342096037
-12,-12,18.274556407476876
-12,-12,1.6500000000000001
-12,-12,5.383790371574484
-12,-12,6.29412339441167
-12,-12,1.6500000000000001
-12,-12,5.507276530179111
-12,-12,7.443660447132798
-12,-12,1.6500000000000001
-12,-12,1.6500000000000001
-12,-12,4.391149780219554
-12,-12,1.6500000000000001
-12,-12,1.6500000000000001
-12,-12,2.945578307866253
-12,-12,1.6500000000000001
-12,-12,1.6500000000000001
-12,-12,25.942097037412907
-12,-12,1.6500000000000001
-12,-12,16.788460139522805
-12,-12,1.6500000000000001
-12,-12,1.6500000000000001
-12,-12,1.6500000000000001
-12,-12,1.6500000000000001
-12,-12,1.6500000000000001
-12,-12,7.809514659528386
-12,-12,1.6500000000000001
-12,-12,1.6500000000000001
-12,-12,1.6500000000000001
-12,-12,1.6500000000000001
-12,-12,18.432473669993556
-12,-12,1.6500000000000001
-12,-12,1.6500000000000001
-12,-12,1.6500000000000001
-12,-12,19.41856321207678
-12,-12,15.350400125231127
-12,-12,1.6500000000000001
-12,-12,1.6500000000000001
-12,-12,1.6500000000000001
-12,-12,4.699262807373173
-12,-12,5.615718968712082
-12,-12,8.847073308733526
-12,-12,1.6500000000000001
-12,-12,1.6500000000000001
-12,-12,6.888342999077661
-12,-12,11.063322342818037
-12,-12,1.6500000000000001
-12,-12,1.6500000000000001
-12,-12,2.2078951157469975
-12,-12,6.859995632920445
-12,-12,1.6500000000000001
-12,-12,1.6500000000000001
-12,-12,1.6500000000000001
-12,-12,1.6500000000000001
-12,-12,6.107500837411731
-12,-12,1.6500000000000001
-12,-12,1.6500000000000001
-12,-12,1.6500000000000001
-12,-12,1.6500000000000001
-12,-12,22.6319845050354
-12,-12,5.167660872731892
-12,-12,1.6500000000000001
-12,-12,1.6500000000000001
-12,-12,14.657118431030352
-12,-12,5.070072021389773
-12,-12,9.348859506976787
-12,-12,1.6500000000000001
-12,-12,18.997000947116234
-12,-12,1.6500000000000001
-12,-12,1.6500000000000001
-12,-12,1.6500000000000001
-12,-12,10.420377477522557
-12,-12,1.6500000000000001
-12,-12,3.819344348357343
-12,-12,1.6500000000000001
-12,-12,4.685237086507507
-12,-12,8.411560029267719
-12,-12,7.553489563587963
-12,-12,2.7893909071988308
-12,-12,1.6500000000000001
-12,-12,1.6500000000000001
-12,-12,14.009047417333367
-12,-12,3.2325917632590477
-12,-12,10.170248775712933
-12,-12,1.6500000000000001
-12,-12,1.6500000000000001
-12,-12,22.333714761781888
-11,-12,1.6500000000000001
-11,-12,26.027001271792415
-11,-12,1.6500000000000001
-11,-12,1.6500000000000001
-11,-12,1.6500000000000001
-11,-12,1.6500000000000001
-11,-12,1.6500000000000001
-11,-12,1.6500000000000001
-11,-12,27.997599151582993
-11,-12,10.640050887571194
-11,-12,2.570793925858389
-11,-12,1.6500000000000001
-11,-12,8.363077759203922
-11,-12,1.6500000000000001
-11,-12,8.340992343097827
-11,-12,3.949201171742911
-11,-12,1.6500000000000001
-11,-12,1.6500000000000001
-11,-12,19.200253614437408
-11,-12,14.86317472885054
-11,-12,15.661559407727621
-11,-12,8.70089266760538
-11,-12,1.6500000000000001
-11,-12,1.6500000000000001
-11,-12,1.6500000000000001
-11,-12,1.6500000000000001
-11,-12,1.6500000000000001
-11,-12,25.20920571875142
-11,-12,16.36788041946046
-11,-12,1.6500000000000001
-11,-12,1.6500000000000001
-11,-12,1.6500000000000001
-11,-12,9.036022912348036
-11,-12,1.999887643882658
-11,-12,1.6500000000000001
-11,-12,1.6500000000000001
-11,-12,1.6500000000000001
-11,-12,13.582001780731671
-11,-12,3.894359394068152
-11,-12,1.6500000000000001
-11,-12,5.726711460738382
-11,-12,9.189958967856874
-11,-12,1.6500000000000001
-11,-12,1.6500000000000001
-11,-12,9.515738640458235
-11,-12,1.6500000000000001
-11,-12,2.580646004039754
-11,-12,1.6500000000000001
-11,-12,1.6500000000000001
-11,-12,1.6500000000000001
-11,-12,1.6500000000000001
-11,-12,11.974713500201979
-11,-12,1.6500000000000001
-11,-12,4.880683557261816
-11,-12,9.051712722062332
-11,-12,16.412605131142424
-11,-12,1.6500000000000001
-11,-12,10.8424727626094
-11,-12,1.6500000000000001
-11,-12,1.6500000000000001
-11,-12,1.6500000000000001
-11,-12,6.055012470641759
-11,-12,7.501469314870759
-11,-12,1.6500000000000001
-11,-12,9.672791526746707
-11,-12,1.6500000000000001
-11,-12,3.929654674202853
-11,-12,2.4405975729467606
-11,-12,4.4162164281380445
-11,-12,15.62673510481105
-11,-12,26.23578219835212
-11,-12,1.6500000000000001
-11,-12,1.6500000000000001
-11,-12,9.841358812880163
-11,-12,13.483269658215777
-11,-12,1.6500000000000001
-11,-12,18.19882991232523
-11,-12,1.6500000000000001
-11,-12,1.6500000000000001
-11,-12,1.6500000000000001
-11,-12,1.6500000000000001
-11,-12,16.183089618185843
-11,-12,1.6500000000000001
-11,-12,6.2098498853733295
-11,-12,1.6500000000000001
-11,-12,12.879635169725102
-11,-12,9.40588434353353
-11,-12,12.18814790550864
-11,-12,1.6500000000000001
-11,-12,1.6500000000000001
-11,-12,1.6500000000000001
-11,-12,1.6500000000000001
-11,-12,9.573920534821106
-11,-12,1.6500000000000001
-11,-12,5.999713256954665
-11,-12,1.6500000000000001
-11,-12,1.6500000000000001
-11,-12,18.430756881213778
-11,-12,1.6500000000000001
-11,-12,1.6500000000000001
-11,-12,4.416123633746957
-11,-12,18.3250803957085
-11,-12,2.0086765304162038
-11,-12,7.24283043687454
-11,-12,9.940580979296215
-11,-12,1.6500000000000001
-11,-12,1.6500000000000001
-11,-12,12.745482200937985
-11,-12,1.6500000000000001
-11,-12,1.6500000000000001
-11,-12,9.801301045338114
-11,-12,1.6500000000000001
-11,-12,3.939949074433136
-11,-12,11.505167907010437
-11,-12,1.6500000000000001
-11,-12,1.6500000000000001
-11,-12,10.357877972817432
-11,-12,1.6500000000000001
-11,-12,3.13838057142308
-11,-12,12.118768286479963
-11,-12,9.883852268077058
-11,-12,20.648232064948445
-10,-12,9.737070609623535
-10,-12,13.986758586406728
-10,-12,2.9058670799447004
-10,-12,15.039372012921612
-10,-12,1.6500000000000001
-10,-12,1.6500000000000001
-10,-12,1.6500000000000001
-10,-12,1.6500000000000001
-10,-12,3.221457471155544
-10,-12,1.6500000000000001
-10,-12,1.6500000000000001
-10,-12,10.718112999942553
-10,-12,1.6500000000000001
-10,-12,28.686943752573196
-10,-12,7.481293077321589
-10,-12,1.6500000000000001
-10,-12,1.6500000000000001
-10,-12,14.27124565225786
-10,-12,1.6500000000000001
-10,-12,7.839015834657145
-10,-12,1.6500000000000001
-10,-12,7.9007857870539215
-10,-12,12.073644488856853
-10,-12,1.6500000000000001
-10,-12,5.951863129042516
-10,-12,1.6500000000000001
-10,-12,12.441833345613883
-10,-12,1.6500000000000001
-10,-12,4.300148496461571
-10,-12,1.6500000000000001
-10,-12,2.9367569404342593
-10,-12,4.51758338523958
-10,-12,5.291518981914171
-10,-12,7.467987613811769
-10,-12,8.594521701657886
-10,-12,1.6500000000000001
-10,-12,1.6772160700102066
-10,-12,1.6500000000000001
-10,-12,1.6500000000000001
-10,-12,2.4166008946609367
-10,-12,15.83862834415012
-10,-12,1.6500000000000001
-10,-12,2.4049015895899393
-10,-12,1.6500000000000001
-10,-12,1.6500000000000001
-10,-12,19.272492288136807
-10,-12,1.6500000000000001
-10,-12,1.6500000000000001
-10,-12,12.871572536891135
-10,-12,1.6500000000000001
-10,-12,1.6500000000000001
-10,-12,1.6500000000000001
-10,-12,1.6500000000000001
-10,-12,3.8101267836528008
-10,-12,15.528346955887228
-10,-12,1.6500000000000001
-10,-12,6.9236166541278426
-10,-12,1.6500000000000001
-10,-12,8.020906745729924
-10,-12,7.35634478304034
-10,-12,5.573406193021665
-10,-12,4.984036412122722
-10,-12,1.6500000000000001
-10,-12,6.586512120793027
-10,-12,1.8386174182120292
-10,-12,1.6500000000000001
-10,-12,11.565832073122563
-10,-12,1.6500000000000001
-10,-12,1.6500000000000001
-10,-12,1.6500000000000001
-10,-12,29.16094026104381
-10,-12,1.6500000000000001
-10,-12,1.6500000000000001
-10,-12,1.6500000000000001
-10,-12,1.6500000000000001
-10,-12,2.7721638311847623
-10,-12,11.839284746173586
-10,-12,1.6500000000000001
-10,-12,1.6500000000000001
-10,-12,19.15807489736886
-10,-12,6.061699517976285
-10,-12,1.6500000000000001
-10,-12,1.6500000000000001
-10,-12,7.221819961253504
-10,-12,1.6500000000000001
-10,-12,6.815298947556108
-10,-12,11.776838353568198
-10,-12,1.6500000000000001
-10,-12,4.529438703733941
-10,-12,1.724476086376637
-10,-12,1.6500000000000001
-10,-12,1.6500000000000001
-10,-12,9.262310301281058
-10,-12,13.176604457202968
-10,-12,1.6500000000000001
-10,-12,1.6500000000000001
-10,-12,13.347246745886396
-10,-12,1.6500000000000001
-10,-12,1.6500000000000001
-10,-12,1.6500000000000001
-10,-12,2.7726300081131545
-10,-12,15.580423158053879
-10,-12,1.6500000000000001
-10,-12,6.202785396325997
-10,-12,2.5055829035991355
-10,-12,6.412729809017166
-10,-12,1.6500000000000001
-10,-12,12.69625129824831
-10,-12,1.6500000000000001
-10,-12,7.657184975042684
-10,-12,1.6500000000000001
-10,-12,1.6500000000000001
-10,-12,8.325133031459433
-10,-12,16.882159634462823
-10,-12,1.6500000000000001
-10,-12,1.6500000000000001
-10,-12,8.69831165637961
-10,-12,1.6500000000000001
-10,-12,7.7659874211527535
-10,-12,5.070962368392452
-10,-12,1.6500000000000001
-10,-12,13.174855439010823
-10,-12,1.6500000000000001
-11,-12,1.6500000000000001
-11,-12,5.667688568332566
-11,-12,1.6500000000000001
-11,-12,1.6500000000000001
-11,-12,1.6500000000000001
-11,-12,2.1389018092303123
-11,-12,13.118167130932683
-11,-12,1.6500000000000001
-11,-12,11.546809322286242
-11,-12,8.05612732895
-11,-12,1.6500000000000001
-11,-12,1.6500000000000001
-11,-12,1.6500000000000001
-11,-12,1.6500000000000001
-11,-12,1.6500000000000001
-11,-12,1.6500000000000001
-11,-12,7.399735131109604
-11,-12,1.8611139779981896
-11,-12,1.6500000000000001
-11,-12,1.6500000000000001
-11,-12,19.127245930457462
-11,-12,1.6500000000000001
-11,-12,5.879764681970849
-11,-12,1.6500000000000001
-11,-12,1.6500000000000001
-11,-12,1.6500000000000001
-11,-12,13.68271045495172
-11,-12,1.6500000000000001
-11,-12,12.339021565538005
-11,-12,1.6500000000000001
-11,-12,3.4214250696961703
-11,-12,7.046182263528803
-11,-12,1.6500000000000001
-11,-12,1.6500000000000001
-11,-12,1.6500000000000001
-11,-12,1.6500000000000001
-11,-12,1.6500000000000001
-11,-12,7.369581538350429
-11,-12,11.306176765487185
-11,-12,1.6500000000000001
-11,-12,1.9811114876017326
-11,-12,10.064366959143603
-11,-12,1.6500000000000001
-11,-12,1.6500000000000001
-11,-12,2.196008013473861
-11,-12,1.6500000000000001
-11,-12,1.6500000000000001
-11,-12,1.6500000000000001
-11,-12,8.572318232736322
-11,-12,1.6500000000000001
-11,-12,1.6500000000000001
-11,-12,1.6500000000000001
-11,-12,4.697982202955329
-11,-12,1.6500000000000001
-11,-12,1.6500000000000001
-11,-12,1.6500000000000001
-11,-12,1.6500000000000001
-11,-12,10.698585888291076
-11,-12,1.6500000000000001
-11,-12,1.6500000000000001
-11,-12,1.6500000000000001
-11,-12,1.6500000000000001
-11,-12,3.4302026761476703
-11,-12,3.9889809771203755
-11,-12,1.6500000000000001
-11,-12,1.6500000000000001
-11,-12,17.276952632721645
-11,-12,20.641537974404695
-11,-12,1.6500000000000001
-11,-12,1.9267686001101136
-11,-12,18.464617482847277
-11,-12,1.6500000000000001
-11,-12,3.75033501688908
-11,-12,16.960037764945113
-11,-12,1.6500000000000001
-11,-12,1.6500000000000001
-11,-12,1.6500000000000001
-11,-12,1.6500000000000001
-11,-12,4.5584825023563695
-11,-12,4.347949503475851
-11,-12,20.84906514249182
-11,-12,8.719218002454156
-11,-12,1.6500000000000001
-11,-12,3.6706157846897502
-11,-12,1.6500000000000001
-11,-12,1.6500000000000001
-11,-12,1.6500000000000001
-11,-12,6.907667329634301
-11,-12,1.6500000000000001
-11,-12,1.8961870176047897
-11,-12,1.6500000000000001
-11,-12,1.6500000000000001
-11,-12,6.241460051930678
-11,-12,1.6500000000000001
-11,-12,1.6500000000000001
-11,-12,1.6500000000000001
-11,-12,16.840386398547317
-11,-12,1.6500000000000001
-11,-12,19.125948582807613
-11,-12,3.8628990549527646
-11,-12,1.6500000000000001
-11,-12,1.6500000000000001
-11,-12,1.6500000000000001
-11,-12,1.6500000000000001
-11,-12,1.6500000000000001
-11,-12,10.317671360287086
-11,-12,9.561609455437592
-11,-12,1.6500000000000001
-11,-12,1.6500000000000001
-11,-12,1.6500000000000001
-11,-12,1.6500000000000001
-11,-12,2.6945315818007307
-11,-12,1.6500000000000001
-11,-12,8.591077679972708
-11,-12,29.085700902674322
-11,-12,12.76383937706969
-11,-12,1.6500000000000001
-11,-12,12.963302434222788
-11,-12,1.6500000000000001
-11,-12,1.6500000000000001
-11,-12,1.6500000000000001
-11,-12,7.216671277352309
-11,-11,1.6500000000000001
-11,-11,1.6500000000000001
-11,-11,1.6500000000000001
-11,-11,2.7129861887717963
-11,-11,14.642264854682985
-11,-11,6.69160933863919
-11,-11,1.6500000000000001
-11,-11,2.8335507299277674
-11,-11,3.6029917214544818
-11,-11,11.276272423736769
-11,-11,11.6265068881718
-11,-11,1.6500000000000001
-11,-11,1.6500000000000001
-11,-11,14.843653610179468
-11,-11,10.355275524273697
-11,-11,10.843417641947335
-11,-11,1.6500000000000001
-11,-11,17.84898700360586
-11,-11,6.759946522776462
-11,-11,10.941189428181262
-11,-11,4.381359334044356
-11,-11,1.6500000000000001
-11,-11,8.0622230304525
-11,-11,6.205316552383256
-11,-11,4.323378064122578
-11,-11,4.9166875238618895
-11,-11,7.382864860807595
-11,-11,11.208219449668562
-11,-11,4.8360442897382345
-11,-11,9.783012781339998
-11,-11,2.407904761632779
-11,-11,3.6731036557464245
-11,-11,1.6500000000000001
-11,-11,1.6500000000000001
-11,-11,1.6500000000000001
-11,-11,1.6500000000000001
-11,-11,11.77886472701978
-11,-11,5.682847279875032
-11,-11,3.4145714650587022
-11,-11,6.6537920018800865
-11,-11,1.6500000000000001
-11,-11,1.6500000000000001
-11,-11,1.6500000000000001
-11,-11,14.680328541033392
-11,-11,1.6500000000000001
-11,-11,12.952198241428317
-11,-11,1.6500000000000001
-11,-11,1.6500000000000001
-11,-11,1.6500000000000001
-11,-11,18.975234241502328
-11,-11,9.83295729804235
-11,-11,4.635439896324092
-11,-11,1.6500000000000001
-11,-11,8.623374267785366
-11,-11,4.337882095786366
-11,-11,2.8078880467476472
-11,-11,14.98609420816026
-11,-11,1.6500000000000001
-11,-11,6.134428550954147
-11,-11,1.6500000000000001
-11,-11,1.6500000000000001
-11,-11,29.7
-11,-11,5.168358453734713
-11,-11,1.6500000000000001
-11,-11,2.0910515333968904
-11,-11,1.6500000000000001
-11,-11,3.5918357532253253
-11,-11,22.474565667462542
-11,-11,1.6500000000000001
-11,-11,1.6500000000000001
-11,-11,2.1672510397774802
-11,-11,20.464234480110775
-11,-11,8.625203459820183
-11,-11,11.684237023744414
-11,-11,18.180443802588847
-11,-11,1.6500000000000001
-11,-11,1.6500000000000001
-11,-11,1.6500000000000001
-11,-11,11.481091256949927
-11,-11,1.6500000000000001
-11,-11,1.6500000000000001
-11,-11,1.6500000000000001
-11,-11,3.995962703737935
-11,-11,1.6500000000000001
-11,-11,9.565776485344962
-11,-11,15.78567871287504
-11,-11,1.6500000000000001
-11,-11,4.554661683440936
-11,-11,15.165611183092304
-11,-11,1.981656569698632
-11,-11,9.780588340541406
-11,-11,3.8392195624625955
-11,-11,1.6500000000000001
-11,-11,1.6500000000000001
-11,-11,1.6500000000000001
-11,-11,1.6500000000000001
-11,-11,1.6500000000000001
-11,-11,1.6500000000000001
-11,-11,5.084533237989367
-11,-11,1.6500000000000001
-11,-11,1.6500000000000001
-11,-11,1.6500000000000001
-11,-11,1.6500000000000001
-11,-11,2.8472993866069567
-11,-11,14.085367061272422
-11,-11,7.215146840447512
-11,-11,9.9060521357135
-11,-11,1.6500000000000001
-11,-11,1.6500000000000001
-11,-11,1.6500000000000001
-11,-11,8.640059680471232
-11,-11,22.310337351009476
-11,-11,1.6500000000000001
-11,-11,5.57316681158522
-11,-11,1.6500000000000001
-11,-11,13.282101191696185
-11,-11,5.005847689240081
-11,-11,7.237603163512415
-11,-11,1.6500000000000001
-11,-11,1.6500000000000001
-11,-11,11.35341618243576
-11,-11,1.6500000000000001
-10,-11,1.6500000000000001
-10,-11,1.6500000000000001
-10,-11,1.6500000000000001
-10,-11,1.6500000000000001
-10,-11,1.772041765941344
-10,-11,1.6500000000000001
-10,-11,1.6500000000000001
-10,-11,17.26356093150349
-10,-11,1.6500000000000001
-10,-11,7.002786503793274
-10,-11,4.609243414501545
-10,-11,1.6500000000000001
-10,-11,17.00838255226695
-10,-11,1.6500000000000001
-10,-11,1.6500000000000001
-10,-11,1.6500000000000001
-10,-11,13.149717776355706
-10,-11,13.831028255125407
-10,-11,18.072707336575697
-10,-11,6.838657114516182
-10,-11,1.6500000000000001
-10,-11,13.566294801521105
-10,-11,2.2564440875871785
-10,-11,1.6500000000000001
-10,-11,1.6500000000000001
-10,-11,3.997418486548018
-10,-11,5.944130079203788
-10,-11,12.4825940423935
-10,-11,5.158720789347854
-10,-11,8.255212040875396
-10,-11,21.29696944273308
-10,-11,1.6500000000000001
-10,-11,25.003537133009647
-10,-11,6.330759324239817
-10,-11,11.157493490029104
-10,-11,19.07806691960195
-10,-11,6.17670498901596
-10,-11,12.291029793076442
-10,-11,1.6500000000000001
-10,-11,2.063027471057003
-10,-11,25.79710675998576
-10,-11,29.7
-10,-11,11.945299935708391
-10,-11,1.6500000000000001
-10,-11,29.7
-10,-11,1.6500000000000001
-10,-11,9.913653955303609
-10,-11,1.6500000000000001
-10,-11,4.954667074151722
-10,-11,1.985063754383128
-10,-11,9.950536062861872
-10,-11,2.325783979218921
-10,-11,11.671223531658416
-10,-11,1.6500000000000001
-10,-11,2.6823651564529767
-10,-11,1.6500000000000001
-10,-11,1.6500000000000001
-10,-11,14.737371610358332
-10,-11,4.802027792979276
-10,-11,1.6500000000000001
-10,-11,1.6500000000000001
-10,-11,11.385570636656803
-10,-11,1.6500000000000001
-10,-11,1.6500000000000001
-10,-11,1.6500000000000001
-10,-11,1.6500000000000001
-10,-11,7.386106422097858
-10,-11,4.532104715798594
-10,-11,1.6500000000000001
-10,-11,1.6500000000000001
-10,-11,1.6500000000000001
-10,-11,3.510227494855711
-10,-11,9.960047928222355
-10,-11,4.133336990092055
-10,-11,1.6500000000000001
-10,-11,17.479907642711716
-10,-11,1.6500000000000001
-10,-11,9.753697736810738
-10,-11,12.158933917142281
-10,-11,1.6500000000000001
-10,-11,1.6500000000000001
-10,-11,1.6500000000000001
-10,-11,5.2677648603656415
-10,-11,15.398010231852131
-10,-11,1.6500000000000001
-10,-11,26.839731739263105
-10,-11,19.165037867580324
-10,-11,1.6500000000000001
-10,-11,2.0659259494792517
-10,-11,13.02780729597676
-10,-11,1.6500000000000001
-10,-11,4.819192904161848
-10,-11,9.68764326688628
-10,-11,1.6500000000000001
-10,-11,1.9397363007082744
-10,-11,5.725617466545906
-10,-11,11.9209115796275
-10,-11,23.359847362034618
-10,-11,1.6500000000000001
-10,-11,3.3261159616087284
-10,-11,2.2367539085473114
-10,-11,7.62940768049465
-10,-11,14.971729150565295
-10,-11,6.408942057499776
-10,-11,10.672075689971788
-10,-11,1.6500000000000001
-10,-11,1.6500000000000001
-10,-11,1.6500000000000001
-10,-11,9.752310110835932
-10,-11,1.6500000000000001
-10,-11,1.6500000000000001
-10,-11,9.723359013601115
-10,-11,1.6500000000000001
-10,-11,8.973240562563745
-10,-11,1.6500000000000001
-10,-11,19.292518447503006
-10,-11,1.6500000000000001
-10,-11,1.6500000000000001
-10,-11,1.6500000000000001
-10,-11,13.349080630801513
-10,-11,10.169041347763233
-10,-11,1.6500000000000001
-10,-10,1.6500000000000001
-10,-10,5.998369128805443
-10,-10,1.6500000000000001
-10,-10,18.094305965359506
-10,-10,6.034460409458727
-10,-10,1.6500000000000001
-10,-10,21.82003199670824
-10,-10,12.045291726515044
-10,-10,9.425844872817239
-10,-10,1.6500000000000001
-10,-10,1.6500000000000001
-10,-10,1.6500000000000001
-10,-10,1.6500000000000001
-10,-10,19.617667765869125
-10,-10,4.6474999169324445
-10,-10,1.6500000000000001
-10,-10,17.46048076829224
-10,-10,1.6500000000000001
-10,-10,27.513998621037672
-10,-10,1.6500000000000001
-10,-10,8.854356467598059
-10,-10,26.00836359228713
-10,-10,11.478807695483987
-10,-10,2.5206789794627262
-10,-10,1.6500000000000001
-10,-10,17.769668284346913
-10,-10,1.6500000000000001
-10,-10,7.188577424697563
-10,-10,1.6500000000000001
-10,-10,1.6500000000000001
-10,-10,2.203250773335346
-10,-10,1.6500000000000001
-10,-10,1.6500000000000001
-10,-10,1.6500000000000001
-10,-10,29.7
-10,-10,8.97169706526729
-10,-10,11.653811989649196
-10,-10,1.6500000000000001
-10,-10,4.353322764009658
-10,-10,1.6500000000000001
-10,-10,1.6500000000000001
-10,-10,1.6500000000000001
-10,-10,1.6500000000000001
-10,-10,1.6500000000000001
-10,-10,1.6500000000000001
-10,-10,7.547471028787039
-10,-10,1.6500000000000001
-10,-10,5.674406144483192
-10,-10,14.50152443826686
-10,-10,9.061113484602433
-10,-10,4.3222502080404706
-10,-10,9.976998416830234
-10,-10,12.790662193360596
-10,-10,18.653104697389594
-10,-10,1.6500000000000001
-10,-10,1.6500000000000001
-10,-10,1.6500000000000001
-10,-10,3.243716613153128
-10,-10,1.6500000000000001
-10,-10,1.6500000000000001
-10,-10,1.6500000000000001
-10,-10,3.22232587789984
-10,-10,1.6500000000000001
-10,-10,1.6500000000000001
-10,-10,6.254384766350814
-10,-10,7.911766612837918
-10,-10,13.026781600282723
-10,-10,1.6500000000000001
-10,-10,3.164388403391577
-10,-10,10.03982502040244
-10,-10,8.842951268660267
-10,-10,1.6500000000000001
-10,-10,1.6500000000000001
-10,-10,1.6500000000000001
-10,-10,1.6500000000000001
-10,-10,3.018922234218123
-10,-10,1.6500000000000001
-10,-10,11.551638041257467
-10,-10,1.6500000000000001
-10,-10,1.6500000000000001
-10,-10,1.6500000000000001
-10,-10,3.8988898596894437
-10,-10,1.6500000000000001
-10,-10,19.68657542986884
-10,-10,9.375629368755863
-10,-10,24.189184332942673
-10,-10,1.6500000000000001
-10,-10,4.518746399604437
-10,-10,6.159417915481303
-10,-10,1.6500000000000001
-10,-10,1.6500000000000001
-10,-10,1.6500000000000001
-10,-10,1.6500000000000001
-10,-10,1.6500000000000001
-10,-10,11.616385756267459
-10,-10,14.111305436883983
-10,-10,23.025342266494146
-10,-10,1.6500000000000001
-10,-10,24.817445387265348
-10,-10,1.6500000000000001
-10,-10,6.787554585657208
-10,-10,1.6500000000000001
-10,-10,6.470874920348255
-10,-10,9.465899216667939
-10,-10,10.590321553257862
-10,-10,4.534847826845284
-10,-10,1.6500000000000001
-10,-10,1.6500000000000001
-10,-10,11.911468270003066
-10,-10,1.6500000000000001
-10,-10,5.801400139460744
-10,-10,9.148487736278417
-10,-10,1.6500000000000001
-10,-10,3.6348355226279843
-10,-10,2.85288599642485
-10,-10,4.81606169995216
-10,-10,1.6500000000000001
-10,-10,1.6500000000000001
-10,-10,13.598798766396936
-10,-10,2.232549489606173
-10,-10,3.652384568127274
-10,-10,1.6500000000000001
-9,-10,9.75167148067129
-9,-10,1.6500000000000001
-9,-10,16.21632044913526
-9,-10,25.54516169161464
-9,-10,2.2217984564823823
-9,-10,5.6882529348027155
-9,-10,12.364002825599702
-9,-10,17.0242830586726
-9,-10,1.6500000000000001
-9,-10,29.27767306933717
-9,-10,10.429467632245302
-9,-10,1.6500000000000001
-9,-10,23.14486958864079
-9,-10,16.22455803498794
-9,-10,1.6500000000000001
-9,-10,1.6500000000000001
-9,-10,3.267251437927758
-9,-10,16.113738206477645
-9,-10,1.6500000000000001
-9,-10,1.6500000000000001
-9,-10,3.850803998681905
-9,-10,1.6500000000000001
-9,-10,3.8041916571727845
-9,-10,1.6500000000000001
-9,-10,15.99785285405679
-9,-10,9.861540369856051
-9,-10,1.6500000000000001
-9,-10,7.682921826891804
-9,-10,10.798350386487531
-9,-10,1.6500000000000001
-9,-10,6.774436995932701
-9,-10,11.110053311889041
-9,-10,1.6500000000000001
-9,-10,15.789302182501933
-9,-10,1.6500000000000001
-9,-10,7.854549949640409
-9,-10,8.763256233078213
-9,-10,16.22702110981778
-9,-10,10.565748176659238
-9,-10,1.6500000000000001
-9,-10,16.600769134755225
-9,-10,1.6500000000000001
-9,-10,1.6500000000000001
-9,-10,12.367074796986312
-9,-10,1.6500000000000001
-9,-10,6.328486378578255
-9,-10,1.6500000000000001
-9,-10,8.276367710058135
-9,-10,1.7622072288742907
-9,-10,9.018951254974384
-9,-10,4.718571101058338
-9,-10,9.505375346461197
-9,-10,1.6500000000000001
-9,-10,8.16565844935239
-9,-10,1.6500000000000001
-9,-10,1.6500000000000001
-9,-10,13.219821258143318
-9,-10,1.6500000000000001
-9,-10,6.157572582979741
-9,-10,1.6500000000000001
-9,-10,17.887582621570807
-9,-10,22.109567630182397
-9,-10,6.625097120319349
-9,-10,1.6500000000000001
-9,-10,2.77500208505728
-9,-10,15.329357176278462
-9,-10,12.347465113709944
-9,-10,1.6500000000000001
-9,-10,8.010121529495166
-9,-10,1.6500000000000001
-9,-10,17.251023469289137
-9,-10,1.6500000000000001
-9,-10,1.6500000000000001
-9,-10,7.6785835875609525
-9,-10,6.712117959067424
-9,-10,1.6500000000000001
-9,-10,1.6500000000000001
-9,-10,6.8723674664359775
-9,-10,1.6500000000000001
-9,-10,17.78982334502367
-9,-10,3.777095740997436
-9,-10,9.51103771480021
-9,-10,14.223854220286498
-9,-10,5.206361272917444
-9,-10,1.6500000000000001
-9,-10,1.6500000000000001
-9,-10,14.156072464534725
-9,-10,6.811486215698801
-9,-10,11.100422693796657
-9,-10,5.712858281328199
-9,-10,9.206213462470252
-9,-10,9.731073572057218
-9,-10,1.6500000000000001
-9,-10,8.1207677570898
-9,-10,20.30070787371622
-9,-10,1.6500000000000001
-9,-10,16.730423734121665
-9,-10,1.6500000000000001
-9,-10,16.248545541418345
-9,-10,1.8374543973622233
-9,-10,1.6500000000000001
-9,-10,9.52808816343396
-9,-10,2.7752811718151564
-9,-10,1.6500000000000001
-9,-10,1.6500000000000001
-9,-10,6.113299714497794
-9,-10,14.654106107746161
-9,-10,1.6500000000000001
-9,-10,1.6500000000000001
-9,-10,1.6500000000000001
-9,-10,13.742922732319837
-9,-10,8.60971259198184
-9,-10,1.6500000000000001
-9,-10,3.862998525738373
-9,-10,7.834015261006757
-9,-10,6.8004736898697065
-9,-10,15.648970413196594
-9,-10,8.586826221424134
-9,-10,1.6500000000000001
-9,-10,1.6500000000000001
-9,-10,1.6500000000000001
-9,-10,18.09910192474542
-9,-10,13.469837386228383
-9,-11,18.943162491236926
-9,-11,2.2603282832833167
-9,-11,1.6500000000000001
-9,-11,1.6500000000000001
-9,-11,1.6500000000000001
-9,-11,1.6500000000000001
-9,-11,1.6500000000000001
-9,-11,1.6500000000000001
-9,-11,1.6500000000000001
-9,-11,1.6500000000000001
-9,-11,2.6253445832529447
-9,-11,1.994564923703262
-9,-11,27.250264911294632
-9,-11,1.6500000000000001
-9,-11,1.6500000000000001
-9,-11,12.832845873017556
-9,-11,7.245908406823725
-9,-11,1.6500000000000001
-9,-11,10.343075503256792
-9,-11,4.70345496854499
-9,-11,9.738932616364796
-9,-11,1.6500000000000001
-9,-11,12.539425828892803
-9,-11,1.6500000000000001
-9,-11,7.564832415777447
-9,-11,1.6500000000000001
-9,-11,10.55737234071205
-9,-11,1.6500000000000001
-9,-11,1.6500000000000001
-9,-11,4.772383742175429
-9,-11,1.6500000000000001
-9,-11,1.6500000000000001
-9,-11,1.6500000000000001
-9,-11,11.352026639557277
-9,-11,20.953422781886374
-9,-11,1.6500000000000001
-9,-11,11.32161952957583
-9,-11,10.401355790405454
-9,-11,1.6500000000000001
-9,-11,8.387147281223083
-9,-11,18.396060421524762
-9,-11,1.6500000000000001
-9,-11,2.584311247517844
-9,-11,4.44501071575619
-9,-11,28.73637059054348
-9,-11,1.6500000000000001
-9,-11,1.6500000000000001
-9,-11,1.6500000000000001
-9,-11,7.375985860016418
-9,-11,2.953339407314952
-9,-11,1.6500000000000001
-9,-11,4.554961623377079
-9,-11,11.563874378778111
-9,-11,20.946337614240942
-9,-11,1.6500000000000001
-9,-11,1.6500000000000001
-9,-11,1.6500000000000001
-9,-11,1.6500000000000001
-9,-11,7.670155013981148
-9,-11,18.587184495434073
-9,-11,23.704966137385814
-9,-11,8.926894406697595
-9,-11,4.442871903945554
-9,-11,1.6500000000000001
-9,-11,1.6500000000000001
-9,-11,1.6500000000000001
-9,-11,6.5012559513828085
-9,-11,1.6500000000000001
-9,-11,1.6500000000000001
-9,-11,5.3399289641506185
-9,-11,25.124646578418066
-9,-11,1.6500000000000001
-9,-11,8.227680605625626
-9,-11,1.6500000000000001
-9,-11,1.6500000000000001
-9,-11,1.6500000000000001
-9,-11,1.6500000000000001
-9,-11,1.6500000000000001
-9,-11,1.6500000000000001
-9,-11,1.6500000000000001
-9,-11,1.6500000000000001
-9,-11,3.459650970024048
-9,-11,5.273287747314261
-9,-11,7.2206095306426805
-9,-11,11.479548311448529
-9,-11,13.344122231460343
-9,-11,1.6500000000000001
-9,-11,1.6500000000000001
-9,-11,1.6500000000000001
-9,-11,1.6500000000000001
-9,-11,2.688953602630194
-9,-11,1.6500000000000001
-9,-11,14.68030896615297
-9,-11,1.6500000000000001
-9,-11,1.6500000000000001
-9,-11,1.6500000000000001
-9,-11,1.6500000000000001
-9,-11,5.7990901226101546
-9,-11,19.03640456435436
-9,-11,9.36610805713034
-9,-11,2.437731779343214
-9,-11,19.382843814153027
-9,-11,1.6500000000000001
-9,-11,10.129225878222922
-9,-11,4.053226952704178
-9,-11,1.6500000000000001
-9,-11,11.188597239203478
-9,-11,1.6500000000000001
-9,-11,1.6500000000000001
-9,-11,1.6500000000000001
-9,-11,1.7807845613782423
-9,-11,1.6500000000000001
-9,-11,16.393181783989924
-9,-11,17.740837101236977
-9,-11,1.6500000000000001
-9,-11,4.467366920949671
-9,-11,1.6500000000000001
-9,-11,9.684100092587386
-9,-11,1.6500000000000001
-9,-11,13.769213441248096
-9,-11,8.878943071960393
-9,-11,9.83208158506888
-9,-10,1.6500000000000001
-9,-10,3.142561782678291
-9,-10,16.351528434253424
-9,-10,1.6500000000000001
-9,-10,6.968889104166525
-9,-10,6.786100039933972
-9,-10,1.6500000000000001
-9,-10,1.6500000000000001
-9,-10,14.006127228609708
-9,-10,1.6500000000000001
-9,-10,5.880821391711881
-9,-10,10.316755146415426
-9,-10,7.665464328567671
-9,-10,3.1913053842363626
-9,-10,9.522188743521582
-9,-10,24.64954201506119
-9,-10,5.954767314487356
-9,-10,12.495583987188477
-9,-10,1.6500000000000001
-9,-10,6.7681991294996955
-9,-10,1.6500000000000001
-9,-10,1.6500000000000001
-9,-10,1.6500000000000001
-9,-10,6.391737896172757
-9,-10,1.6500000000000001
-9,-10,6.760502768964469
-9,-10,1.6500000000000001
-9,-10,1.6500000000000001
-9,-10,12.882721739961084
-9,-10,1.6500000000000001
-9,-10,1.6500000000000001
-9,-10,1.6500000000000001
-9,-10,1.6500000000000001
-9,-10,17.351661645792888
-9,-10,1.6500000000000001
-9,-10,5.202346530711753
-9,-10,1.6500000000000001
-9,-10,16.38182833738928
-9,-10,1.6500000000000001
-9,-10,1.6500000000000001
-9,-10,1.6500000000000001
-9,-10,1.6500000000000001
-9,-10,1.6500000000000001
-9,-10,16.893971225692717
-9,-10,5.728419594279734
-9,-10,17.73622801703212
-9,-10,9.057458457220605
-9,-10,1.6500000000000001
-9,-10,28.355515629276738
-9,-10,10.003807442760777
-9,-10,3.2517351291526246
-9,-10,6.8048393088813555
-9,-10,1.6500000000000001
-9,-10,12.016672258763418
-9,-10,19.020622378902274
-9,-10,13.777033679477281
-9,-10,1.6500000000000001
-9,-10,1.6500000000000001
-9,-10,14.173680342524703
-9,-10,6.668469875718132
-9,-10,1.6500000000000001
-9,-10,12.317455563246183
-9,-10,12.7853755740553
-9,-10,1.6500000000000001
-9,-10,12.513166788999724
-9,-10,2.8891359894025297
-9,-10,5.054836311335465
-9,-10,1.6500000000000001
-9,-10,3.1841980095460958
-9,-10,10.090819642347109
-9,-10,1.6500000000000001
-9,-10,1.6500000000000001
-9,-10,9.070783284289156
-9,-10,1.6500000000000001
-9,-10,12.886012687553508
-9,-10,7.778489947497787
-9,-10,1.6500000000000001
-9,-10,1.6500000000000001
-9,-10,1.6500000000000001
-9,-10,1.6500000000000001
-9,-10,1.6500000000000001
-9,-10,12.741053629764856
-9,-10,29.7
-9,-10,16.693244540252266
-9,-10,1.6500000000000001
-9,-10,1.6500000000000001
-9,-10,1.6500000000000001
-9,-10,14.926717612930823
-9,-10,1.6500000000000001
-9,-10,11.809283953337616
-9,-10,8.486017921645649
-9,-10,8.067865705425895
-9,-10,2.504591263892417
-9,-10,4.523777285124771
-9,-10,1.6500000000000001
-9,-10,7.080846383766196
-9,-10,1.6500000000000001
-9,-10,27.583800926873604
-9,-10,1.6500000000000001
-9,-10,3.398407083406043
-9,-10,5.287622137452652
-9,-10,3.755838367407806
-9,-10,9.901431788353197
-9,-10,5.675917378269181
-9,-10,1.6500000000000001
-9,-10,5.182030845677889
-9,-10,13.834172087252815
-9,-10,12.997596990533552
-9,-10,1.6500000000000001
-9,-10,6.415959880268181
-9,-10,1.6500000000000001
-9,-10,8.18364617702617
-9,-10,13.66342604938298
-9,-10,1.6500000000000001
-9,-10,23.15658930066996
-9,-10,1.6500000000000001
-9,-10,12.247494780465885
-9,-10,5.3551368787630675
-9,-10,2.8542707203134285
-9,-10,2.177760023850252
-9,-10,22.14372692480592
-9,-10,1.6500000000000001
-9,-9,1.6500000000000001
-9,-9,1.6500000000000001
-9,-9,10.729135543221844
-9,-9,2.077561673871121
-9,-9,6.231016146678003
-9,-9,24.17051458109905
-9,-9,17.827054156777304
-9,-9,12.632258109149353
-9,-9,12.741404160620288
-9,-9,9.073250731417087
-9,-9,16.979302761727737
-9,-9,1.6500000000000001
-9,-9,14.44666395622729
-9,-9,1.6500000000000001
-9,-9,14.638244179376136
-9,-9,9.073968635910125
-9,-9,12.436841070856696
-9,-9,10.620509685762613
-9,-9,22.175908427590045
-9,-9,25.769681986661453
-9,-9,2.4774557708708183
-9,-9,12.798696971179435
-9,-9,1.6500000000000001
-9,-9,11.626882756905319
-9,-9,7.9896590774951
-9,-9,2.9966287081247716
-9,-9,1.6500000000000001
-9,-9,7.121743461636169
-9,-9,8.577936303184181
-9,-9,9.870877123042785
-9,-9,1.6500000000000001
-9,-9,9.763408992450078
-9,-9,15.19645978307821
-9,-9,10.085113355978443
-9,-9,1.6500000000000001
-9,-9,1.7242911829393197
-9,-9,1.6500000000000001
-9,-9,18.319213471911784
-9,-9,1.6500000000000001
-9,-9,20.780532664297137
-9,-9,19.25540004224253
-9,-9,3.252176216738771
-9,-9,5.440929031622153
-9,-9,11.48477074060867
-9,-9,13.336474728115963
-9,-9,29.7
-9,-9,11.076873133514951
-9,-9,13.593227766016305
-9,-9,3.2456088481854635
-9,-9,1.6500000000000001
-9,-9,25.80965655034753
-9,-9,7.4120685789905405
-9,-9,1.6500000000000001
-9,-9,10.12472604951867
-9,-9,1.6500000000000001
-9,-9,8.164019364016085
-9,-9,14.997450832040377
-9,-9,5.927754876987038
-9,-9,1.6500000000000001
-9,-9,15.19363842282563
-9,-9,23.17712278777982
-9,-9,29.7
-9,-9,7.6190391837807585
-9,-9,7.051691418215388
-9,-9,10.80545786076032
-9,-9,14.626732339169685
-9,-9,2.078828552548391
-9,-9,9.555086037158688
-9,-9,11.877935095660835
-9,-9,1.6500000000000001
-9,-9,9.968310939227766
-9,-9,5.425285115141759
-9,-9,12.221779325824908
-9,-9,1.6500000000000001
-9,-9,1.6500000000000001
-9,-9,8.31901804931007
-9,-9,1.6500000000000001
-9,-9,1.6500000000000001
-9,-9,2.405055625467919
-9,-9,25.63875750394368
-9,-9,1.6500000000000001
-9,-9,25.06445342626138
-9,-9,1.6500000000000001
-9,-9,3.625427771238771
-9,-9,4.225743595653848
-9,-9,14.061943713668214
-9,-9,6.8491946282478695
-9,-9,3.8691558949865503
-9,-9,1.6500000000000001
-9,-9,5.968818515107573
-9,-9,3.022650942898488
-9,-9,11.160683309256727
-9,-9,7.485194326213844
-9,-9,1.6500000000000001
-9,-9,12.115959410200272
-9,-9,1.6500000000000001
-9,-9,12.860254840515845
-9,-9,1.6500000000000001
-9,-9,5.4394991609173236
-9,-9,8.090852782162033
-9,-9,15.4611616304608
-9,-9,11.257752030248863
-9,-9,8.414015681429229
-9,-9,25.98374852983763
-9,-9,4.595454595620792
-9,-9,28.743180769139205
-9,-9,6.3140293112579045
-9,-9,1.6500000000000001
-9,-9,1.6500000000000001
-9,-9,1.6500000000000001
-9,-9,6.767238623733712
-9,-9,1.6500000000000001
-9,-9,4.844071943834885
-9,-9,10.26339021645052
-9,-9,1.6500000000000001
-9,-9,13.332025862397526
-9,-9,1.6500000000000001
-9,-9,8.0060055444472
-9,-9,7.158478501905085
-9,-9,8.433054349735372
-9,-9,20.353798285007493
-9,-9,4.104041532826294
-9,-8,7.518469156952984
-9,-8,2.626296170956871
-9,-8,1.6500000000000001
-9,-8,5.320710400321803
-9,-8,9.764274364074709
-9,-8,1.6500000000000001
-9,-8,29.7
-9,-8,1.6500000000000001
-9,-8,1.6500000000000001
-9,-8,28.50516143739686
-9,-8,27.433576332055406
-9,-8,4.209009905548247
-9,-8,28.206948852213475
-9,-8,1.6500000000000001
-9,-8,21.027397942264408
-9,-8,9.164172702142585
-9,-8,1.6500000000000001
-9,-8,15.233980656463318
-9,-8,1.6500000000000001
-9,-8,14.098031486912966
-9,-8,11.926765391693364
-9,-8,1.6500000000000001
-9,-8,2.0688097485346955
-9,-8,1.6500000000000001
-9,-8,1.6500000000000001
-9,-8,12.591119494448211
-9,-8,1.6500000000000001
-9,-8,3.982113855297797
-9,-8,1.6500000000000001
-9,-8,12.075959949868835
-9,-8,10.471383713558792
-9,-8,3.4268463205061135
-9,-8,1.6500000000000001
-9,-8,1.6500000000000001
-9,-8,1.6500000000000001
-9,-8,6.7174656029530535
-9,-8,8.504232340317884
-9,-8,15.135382903893401
-9,-8,1.6500000000000001
-9,-8,18.241037917773106
-9,-8,13.642376974488776
-9,-8,7.319729632696922
-9,-8,2.1968332843954275
-9,-8,1.6500000000000001
-9,-8,1.6500000000000001
-9,-8,12.469525471724353
-9,-8,15.988704620863402
-9,-8,19.46659380322813
-9,-8,1.6500000000000001
-9,-8,1.6500000000000001
-9,-8,3.532358465142032
-9,-8,1.6500000000000001
-9,-8,11.114281397593963
-9,-8,29.7
-9,-8,1.6500000000000001
-9,-8,22.92866316906967
-9,-8,24.893745410919433
-9,-8,13.118424124683656
-9,-8,11.797106471530494
-9,-8,8.540622482234012
-9,-8,27.782095731029848
-9,-8,24.300691835323693
-9,-8,3.7816893643982987
-9,-8,6.62622126684023
-9,-8,3.2710305372892687
-9,-8,8.098695239947235
-9,-8,4.332456486272992
-9,-8,1.7052470209319983
-9,-8,3.227702388254171
-9,-8,19.851955884706932
-9,-8,20.844310758789582
-9,-8,8.069083644549885
-9,-8,16.177395276182093
-9,-8,24.24063881393833
-9,-8,1.6500000000000001
-9,-8,1.6500000000000001
-9,-8,1.6500000000000001
-9,-8,19.0410432713562
-9,-8,1.6500000000000001
-9,-8,11.062724051925409
-9,-8,1.6500000000000001
-9,-8,10.919298086981959
-9,-8,1.6500000000000001
-9,-8,2.1922887110418996
-9,-8,1.6500000000000001
-9,-8,5.202773359817515
-9,-8,20.6062982523571
-9,-8,14.551753750375399
-9,-8,1.6500000000000001
-9,-8,10.836986030524766
-9,-8,9.269311957699902
-9,-8,1.6500000000000001
-9,-8,23.563647628128912
-9,-8,29.038367139432417
-9,-8,14.41769566193412
-9,-8,1.6500000000000001
-9,-8,1.6500000000000001
-9,-8,3.759955154763401
-9,-8,7.245878024793771
-9,-8,1.6500000000000001
-9,-8,5.154292298385796
-9,-8,7.183482873827591
-9,-8,12.55764700166778
-9,-8,26.629500039194625
-9,-8,9.127828986187266
-9,-8,1.6500000000000001
-9,-8,1.6500000000000001
-9,-8,2.7803019063982104
-9,-8,1.6500000000000001
-9,-8,21.627255504659857
-9,-8,7.3428559066967205
-9,-8,7.316558426391141
-9,-8,1.6500000000000001
-9,-8,4.587473901458828
-9,-8,1.6500000000000001
-9,-8,1.6500000000000001
-9,-8,1.6500000000000001
-9,-8,19.46153853933953
-9,-8,1.6500000000000001
-9,-8,1.9445746252581184
-9,-8,20.073858460729085
-9,-8,1.6500000000000001
-10,-8,1.6500000000000001
-10,-8,1.8864257523892238
-10,-8,7.883554157782095
-10,-8,1.6500000000000001
-10,-8,1.6500000000000001
-10,-8,3.471378044550083
-10,-8,2.1458311577111004
-10,-8,5.489516116753844
-10,-8,1.6500000000000001
-10,-8,15.576548156194772
-10,-8,17.1881509447244
-10,-8,1.6500000000000001
-10,-8,7.057263000890832
-10,-8,1.6500000000000001
-10,-8,24.224818734180335
-10,-8,7.410385932174352
-10,-8,17.26484071526373
-10,-8,12.835852556881608
-10,-8,1.9454018172209846
-10,-8,15.115362371881021
-10,-8,3.9028401049841994
-10,-8,1.6500000000000001
-10,-8,3.3260607830001376
-10,-8,6.369691202474925
-10,-8,22.008700519951194
-10,-8,3.164499885881875
-10,-8,1.6500000000000001
-10,-8,27.721658429385208
-10,-8,1.6500000000000001
-10,-8,1.6500000000000001
-10,-8,14.835712911857522
-10,-8,1.6645930684791894
-10,-8,16.500764434499843
-10,-8,9.27345275467403
-10,-8,1.6500000000000001
-10,-8,26.133331172371363
-10,-8,16.825684461663972
-10,-8,1.6500000000000001
-10,-8,8.139664773403911
-10,-8,8.585134449596373
-10,-8,1.6500000000000001
-10,-8,1.6500000000000001
-10,-8,13.595958100416395
-10,-8,15.425369200891689
-10,-8,7.202960642455307
-10,-8,8.343034323722527
-10,-8,20.928178925621776
-10,-8,3.231245642551594
-10,-8,1.6500000000000001
-10,-8,1.6500000000000001
-10,-8,29.584474538990982
-10,-8,18.615848483303253
-10,-8,4.154624683262109
-10,-8,16.63715374449232
-10,-8,23.522935744109834
-10,-8,15.719025094050258
-10,-8,1.6500000000000001
-10,-8,1.6500000000000001
-10,-8,1.6500000000000001
-10,-8,7.351497794768678
-10,-8,1.6500000000000001
-10,-8,1.6500000000000001
-10,-8,1.7103272723329415
-10,-8,1.6500000000000001
-10,-8,4.811080266241856
-10,-8,1.6500000000000001
-10,-8,6.390103693392743
-10,-8,1.6500000000000001
-10,-8,3.478094528365743
-10,-8,11.461743789015623
-10,-8,14.190124078147667
-10,-8,6.683939972507492
-10,-8,9.375391887070307
-10,-8,16.248466171378084
-10,-8,1.6500000000000001
-10,-8,1.6500000000000001
-10,-8,1.6500000000000001
-10,-8,6.772205313267147
-10,-8,4.972026926837943
-10,-8,12.372160046490112
-10,-8,1.6500000000000001
-10,-8,19.124183397631235
-10,-8,1.6500000000000001
-10,-8,16.101816065013544
-10,-8,12.041465380950536
-10,-8,1.6500000000000001
-10,-8,1.6500000000000001
-10,-8,17.817376991595587
-10,-8,11.484379863655512
-10,-8,2.4747736633562614
-10,-8,1.6500000000000001
-10,-8,1.6500000000000001
-10,-8,18.061457109087563
-10,-8,10.194917214111387
-10,-8,1.6500000000000001
-10,-8,1.6500000000000001
-10,-8,3.2946983126330185
-10,-8,1.7060516398691412
-10,-8,13.218571333102936
-10,-8,1.6500000000000001
-10,-8,16.24567381270984
-10,-8,1.6500000000000001
-10,-8,6.2107535647178835
-10,-8,1.6500000000000001
-10,-8,1.6500000000000001
-10,-8,12.93786893590433
-10,-8,5.14753607190972
-10,-8,7.446349868364924
-10,-8,1.6500000000000001
-10,-8,1.6500000000000001
-10,-8,1.6500000000000001
-10,-8,9.338491582700161
-10,-8,14.31957769862355
-10,-8,3.887844813086335
-10,-8,4.1038565142250025
-10,-8,7.480784017182079
-10,-8,12.725422039774326
-10,-8,1.6500000000000001
-10,-8,14.879757701565483
-10,-8,1.6500000000000001
-10,-8,1.6500000000000001
-10,-8,6.9448813183759395
-10,-8,3.450710110350583
-9,-8,1.6500000000000001
-9,-8,1.6500000000000001
-9,-8,13.792664419145552
-9,-8,1.6500000000000001
-9,-8,27.687785492480316
-9,-8,1.6500000000000001
-9,-8,1.6500000000000001
-9,-8,1.6500000000000001
-9,-8,1.6500000000000001
-9,-8,1.6500000000000001
-9,-8,1.6500000000000001
-9,-8,10.788974245705226
-9,-8,16.93844960223798
-9,-8,3.5842769573654882
-9,-8,11.549589376605962
-9,-8,11.592703924266049
-9,-8,18.319031936111884
-9,-8,2.9002246597223893
-9,-8,5.231808601390909
-9,-8,1.6500000000000001
-9,-8,10.415425298318418
-9,-8,12.924772659312522
-9,-8,1.6500000000000001
-9,-8,11.307349865700985
-9,-8,4.222345039731559
-9,-8,2.615296360245315
-9,-8,11.920722686987187
-9,-8,29.7
-9,-8,29.094649312054635
-9,-8,29.7
-9,-8,13.038505855126271
-9,-8,6.899772127219423
-9,-8,1.6500000000000001
-9,-8,11.357100085108645
-9,-8,1.6500000000000001
-9,-8,17.40245501442941
-9,-8,4.224991782448166
-9,-8,16.695638785191484
-9,-8,20.836301541570272
-9,-8,11.328530646355002
-9,-8,8.922837723058496
-9,-8,1.6500000000000001
-9,-8,13.206950899966978
-9,-8,1.6500000000000001
-9,-8,12.254293295315957
-9,-8,1.6500000000000001
-9,-8,1.6500000000000001
-9,-8,15.876598039529002
-9,-8,3.9532416227771594
-9,-8,1.6500000000000001
-9,-8,7.862545526898233
-9,-8,8.883809084817159
-9,-8,29.7
-9,-8,18.176324394636787
-9,-8,20.225900542087704
-9,-8,3.6113566098320558
-9,-8,1.6500000000000001
-9,-8,1.6500000000000001
-9,-8,1.6500000000000001
-9,-8,2.3331527797567295
-9,-8,1.6500000000000001
-9,-8,19.38212005275288
-9,-8,1.6500000000000001
-9,-8,1.6500000000000001
-9,-8,3.8644554294904396
-9,-8,1.6500000000000001
-9,-8,5.535474506558439
-9,-8,8.410324091102071
-9,-8,16.602929783146806
-9,-8,23.88647491563107
-9,-8,12.641371509663404
-9,-8,1.6500000000000001
-9,-8,1.6500000000000001
-9,-8,29.7
-9,-8,5.9439472134448055
-9,-8,6.847916450679898
-9,-8,2.3824306875194194
-9,-8,1.6500000000000001
-9,-8,1.6500000000000001
-9,-8,1.6500000000000001
-9,-8,19.878536140629855
-9,-8,27.30841370619627
-9,-8,1.6500000000000001
-9,-8,17.886626001542325
-9,-8,7.642572436374227
-9,-8,14.228844381190775
-9,-8,1.8226933964257803
-9,-8,1.6500000000000001
-9,-8,1.6500000000000001
-9,-8,1.6500000000000001
-9,-8,9.406083245519461
-9,-8,1.6500000000000001
-9,-8,1.6500000000000001
-9,-8,6.679676295216275
-9,-8,1.6500000000000001
-9,-8,1.6500000000000001
-9,-8,1.6500000000000001
-9,-8,1.6500000000000001
-9,-8,16.562290448089314
-9,-8,1.6500000000000001
-9,-8,16.101205001404377
-9,-8,7.89708224652083
-9,-8,1.6500000000000001
-9,-8,1.6500000000000001
-9,-8,1.6500000000000001
-9,-8,15.268894307190521
-9,-8,19.58635675408258
-9,-8,1.6500000000000001
-9,-8,5.8812134511595
-9,-8,24.55186237498773
-9,-8,7.104990883223264
-9,-8,8.87456270962587
-9,-8,13.049025585994583
-9,-8,7.69084518505386
-9,-8,1.6500000000000001
-9,-8,18.576197190278577
-9,-8,22.891435060879132
-9,-8,18.48085449259424
-9,-8,4.835581555945835
-9,-8,1.6500000000000001
-9,-8,7.7619127695520715
-9,-8,3.9168890547301656
-8,-8,1.6500000000000001
-8,-8,1.6500000000000001
-8,-8,1.6500000000000001
-8,-8,11.196364929224234
-8,-8,5.210318798475711
-8,-8,18.57326788513442
-8,-8,17.545627826526257
-8,-8,1.6500000000000001
-8,-8,5.947778641397919
-8,-8,17.974797289772763
-8,-8,12.399141707506423
-8,-8,15.820159872287073
-8,-8,6.202851131115838
-8,-8,8.780692440890302
-8,-8,29.7
-8,-8,7.58776893887846
-8,-8,10.3930147989524
-8,-8,16.347263925885557
-8,-8,24.991804634089107
-8,-8,5.7386248624354685
-8,-8,5.964103941651761
-8,-8,3.2880857848523677
-8,-8,11.888251155886337
-8,-8,5.816446103069563
-8,-8,21.955559237064797
-8,-8,14.512519548745278
-8,-8,11.886003849202064
-8,-8,23.695708834444503
-8,-8,21.73482567204178
-8,-8,1.6500000000000001
-8,-8,9.879416704759866
-8,-8,24.107301747803845
-8,-8,10.339415545645226
-8,-8,2.7622698294972867
-8,-8,23.193165435188632
-8,-8,13.126916005983023
-8,-8,19.185645677392955
-8,-8,1.6500000000000001
-8,-8,1.6500000000000001
-8,-8,1.6500000000000001
-8,-8,21.62285511951152
-8,-8,8.122840828757596
-8,-8,8.493794150375049
-8,-8,13.749577209356737
-8,-8,9.502739492258696
-8,-8,7.2782688351717555
-8,-8,19.327228748355235
-8,-8,29.7
-8,-8,19.011559942434197
-8,-8,1.6500000000000001
-8,-8,1.6500000000000001
-8,-8,1.6500000000000001
-8,-8,1.6500000000000001
-8,-8,5.411096943642981
-8,-8,6.294313865465576
-8,-8,3.795334761152473
-8,-8,10.439456433233051
-8,-8,7.994695828726506
-8,-8,16.64168482213333
-8,-8,16.75779319243405
-8,-8,15.091286186369448
-8,-8,12.389467357581523
-8,-8,1.6500000000000001
-8,-8,6.477862608866071
-8,-8,29.45958762668709
-8,-8,1.6500000000000001
-8,-8,1.6500000000000001
-8,-8,8.801016058673044
-8,-8,9.784711771047087
-8,-8,1.6500000000000001
-8,-8,7.055904422761932
-8,-8,13.823933262824564
-8,-8,6.860819081588645
-8,-8,3.9144501753443857
-8,-8,1.6500000000000001
-8,-8,14.913038947878327
-8,-8,9.041652696494795
-8,-8,9.160276130677502
-8,-8,1.6500000000000001
-8,-8,15.591250311150942
-8,-8,18.946139891283796
-8,-8,4.311356735662281
-8,-8,16.588447782401396
-8,-8,23.487292699546497
-8,-8,3.03818903064573
-8,-8,2.313095020230051
-8,-8,1.6500000000000001
-8,-8,14.406328082476392
-8,-8,1.6500000000000001
-8,-8,8.143138543983271
-8,-8,1.6500000000000001
-8,-8,1.7444788922665264
-8,-8,1.6500000000000001
-8,-8,1.6500000000000001
-8,-8,1.6500000000000001
-8,-8,1.6500000000000001
-8,-8,1.6500000000000001
-8,-8,29.7
-8,-8,19.04610372341876
-8,-8,1.6500000000000001
-8,-8,4.053931769518272
-8,-8,4.333105591958942
-8,-8,14.24012959793507
-8,-8,2.5644568266349923
-8,-8,1.6500000000000001
-8,-8,10.889498770211453
-8,-8,8.454038430227756
-8,-8,13.586646961956287
-8,-8,19.37471213809788
-8,-8,13.282036049499466
-8,-8,29.7
-8,-8,25.061112413301295
-8,-8,12.436471346786062
-8,-8,18.715679352385916
-8,-8,14.132808066730213
-8,-8,17.883049918541964
-8,-8,19.148532100286797
-8,-8,8.745037676929986
-8,-8,6.3559228332535564
-8,-8,25.509299279197368
-8,-8,9.85217283596061
-8,-8,1.6500000000000001
-8,-7,29.7
-8,-7,1.6500000000000001
-8,-7,4.661067220516358
-8,-7,14.214272332396535
-8,-7,1.6500000000000001
-8,-7,13.500171277350262
-8,-7,5.5522789407783915
-8,-7,1.6500000000000001
-8,-7,11.51866589075267
-8,-7,29.7
-8,-7,1.6500000000000001
-8,-7,19.703506279211318
-8,-7,10.863020777205719
-8,-7,1.6500000000000001
-8,-7,17.67334334796716
-8,-7,8.814169300132129
-8,-7,18.07209854535418
-8,-7,1.6500000000000001
-8,-7,16.216740149882988
-8,-7,5.36218384202647
-8,-7,12.12051135564868
-8,-7,1.6500000000000001
-8,-7,23.34736800948827
-8,-7,11.232792443292702
-8,-7,11.756825484348703
-8,-7,16.514949694384036
-8,-7,1.6500000000000001
-8,-7,7.034676469233119
-8,-7,4.6761276201779705
-8,-7,1.6500000000000001
-8,-7,10.355129458254558
-8,-7,6.083442661920712
-8,-7,20.80075239047148
-8,-7,22.257976127207044
-8,-7,3.5538423114086832
-8,-7,9.615095308674462
-8,-7,6.829117706385044
-8,-7,6.235105695702184
-8,-7,9.731542676906669
-8,-7,2.3523400088156494
-8,-7,14.997918682318804
-8,-7,29.7
-8,-7,1.6500000000000001
-8,-7,1.6500000000000001
-8,-7,12.038922113611843
-8,-7,8.60594395327081
-8,-7,1.6500000000000001
-8,-7,29.7
-8,-7,1.6500000000000001
-8,-7,1.6500000000000001
-8,-7,1.6500000000000001
-8,-7,6.391594899883741
-8,-7,4.552979619351319
-8,-7,12.521399280560122
-8,-7,9.661797367321267
-8,-7,2.080307387116102
-8,-7,1.6500000000000001
-8,-7,29.50566813063383
-8,-7,1.6500000000000001
-8,-7,17.72971472292261
-8,-7,25.76750722915275
-8,-7,8.390300075914821
-8,-7,2.330015364855335
-8,-7,2.3130589977072393
-8,-7,18.889795888133683
-8,-7,17.533375340505955
-8,-7,1.6500000000000001
-8,-7,5.089531002084015
-8,-7,18.84617976909138
-8,-7,12.659454335693095
-8,-7,8.927610780827347
-8,-7,8.334405174229254
-8,-7,1.6500000000000001
-8,-7,1.6500000000000001
-8,-7,17.329384226522613
-8,-7,14.205415776962987
-8,-7,9.494930990843237
-8,-7,20.694197996716177
-8,-7,1.6500000000000001
-8,-7,8.28632366770977
-8,-7,27.208853824928266
-8,-7,9.495492047795933
-8,-7,1.6500000000000001
-8,-7,15.243924493023933
-8,-7,12.221382288337528
-8,-7,1.6500000000000001
-8,-7,7.4690507695464285
-8,-7,8.220068718402366
-8,-7,6.091004682181821
-8,-7,13.626751596628043
-8,-7,3.390027827682137
-8,-7,5.081519083637267
-8,-7,29.7
-8,-7,28.204982001560598
-8,-7,7.7349425559868905
-8,-7,9.347322755399507
-8,-7,25.43707487842442
-8,-7,19.479992948758845
-8,-7,11.669771178161264
-8,-7,19.86895152132591
-8,-7,11.819479065008695
-8,-7,10.365639938991137
-8,-7,1.6500000000000001
-8,-7,23.331428627293203
-8,-7,1.6500000000000001
-8,-7,1.6500000000000001
-8,-7,13.97939474638882
-8,-7,4.936072883916433
-8,-7,15.683867221176353
-8,-7,13.659867715981434
-8,-7,12.417984758823737
-8,-7,2.9012264045403375
-8,-7,7.860841785385228
-8,-7,27.86918275459564
-8,-7,17.908556829687335
-8,-7,9.751098403187878
-8,-7,7.937713061066798
-8,-7,3.6327713315139274
-8,-7,2.515673317519119
-8,-7,26.941536762182547
-8,-7,14.686858511703516
-8,-7,5.8006590578712816
-8,-6,1.6500000000000001
-8,-6,5.065041004503424
-8,-6,1.6500000000000001
-8,-6,1.6500000000000001
-8,-6,5.245458530747259
-8,-6,19.804871197008886
-8,-6,22.389633405372614
-8,-6,1.6500000000000001
-8,-6,17.121178835912694
-8,-6,14.045088854928817
-8,-6,1.6500000000000001
-8,-6,6.957469241331485
-8,-6,1.6500000000000001
-8,-6,4.986907897631371
-8,-6,7.7420209600815735
-8,-6,4.279297379712711
-8,-6,6.08268648330476
-8,-6,1.6500000000000001
-8,-6,17.101649880327628
-8,-6,1.6500000000000001
-8,-6,1.6500000000000001
-8,-6,4.5319967241551735
-8,-6,19.604584520964668
-8,-6,1.6500000000000001
-8,-6,21.693222238623022
-8,-6,13.22262648066735
-8,-6,29.7
-8,-6,1.6500000000000001
-8,-6,9.452844419225393
-8,-6,1.6500000000000001
-8,-6,16.47175995800974
-8,-6,1.6500000000000001
-8,-6,12.573530629981576
-8,-6,12.685233889018646
-8,-6,13.579644804624262
-8,-6,12.726782700966675
-8,-6,18.863590305741788
-8,-6,10.227859549844059
-8,-6,11.434682868963025
-8,-6,29.7
-8,-6,1.6500000000000001
-8,-6,1.6500000000000001
-8,-6,18.954161698341245
-8,-6,4.39008251307844
-8,-6,1.6500000000000001
-8,-6,2.036441069330303
-8,-6,10.561966823498333
-8,-6,1.6500000000000001
-8,-6,10.775975093502305
-8,-6,8.28674281049053
-8,-6,12.705896834115476
-8,-6,18.02485244495935
-8,-6,1.6500000000000001
-8,-6,1.6500000000000001
-8,-6,11.111551078320314
-8,-6,6.10036020860823
-8,-6,4.740908686888595
-8,-6,14.995819053889138
-8,-6,1.6500000000000001
-8,-6,16.442338231807383
-8,-6,1.6500000000000001
-8,-6,13.662662297408659
-8,-6,1.6500000000000001
-8,-6,22.09364959077739
-8,-6,1.6500000000000001
-8,-6,13.710460802427047
-8,-6,1.6500000000000001
-8,-6,23.958381179983952
-8,-6,4.484679361068094
-8,-6,3.1623807375443436
-8,-6,15.416578390639355
-8,-6,10.60271060045298
-8,-6,3.195384742261048
-8,-6,2.1202280572760657
-8,-6,3.7343526267291454
-8,-6,1.6500000000000001
-8,-6,6.075652989145767
-8,-6,7.9685186126812315
-8,-6,1.6500000000000001
-8,-6,7.294062027249677
-8,-6,6.663839218938504
-8,-6,1.6500000000000001
-8,-6,2.0953743302881804
-8,-6,4.798073080102111
-8,-6,1.6500000000000001
-8,-6,1.6500000000000001
-8,-6,8.113646274938947
-8,-6,10.050057599264905
-8,-6,3.938346301716116
-8,-6,2.435402455864546
-8,-6,29.7
-8,-6,21.34696368548008
-8,-6,1.6500000000000001
-8,-6,24.107045383763158
-8,-6,1.6500000000000001
-8,-6,1.6870167624889838
-8,-6,1.6500000000000001
-8,-6,25.936659562958
-8,-6,7.677404263666306
-8,-6,10.178783173764494
-8,-6,14.310649599639223
-8,-6,8.621069202000106
-8,-6,8.390229235042755
-8,-6,1.6500000000000001
-8,-6,10.023435841215209
-8,-6,24.66944486389454
-8,-6,14.057527228399927
-8,-6,29.7
-8,-6,21.10825776932639
-8,-6,24.748670394961906
-8,-6,10.242111282674017
-8,-6,6.339260888670664
-8,-6,9.907388584813386
-8,-6,1.6500000000000001
-8,-6,1.6500000000000001
-8,-6,8.40354624572532
-8,-6,1.6500000000000001
-8,-6,23.138583349539108
-8,-6,21.321775120600343
-8,-6,7.509753701227285
-8,-6,11.335078077467989
-8,-6,1.6500000000000001
-8,-6,1.6500000000000001
-8,-7,18.041332889669857
-8,-7,4.296932605798447
-8,-7,1.6500000000000001
-8,-7,18.99961077878799
-8,-7,19.198252871233137
-8,-7,6.3244629191437305
-8,-7,18.559786494992984
-8,-7,29.7
-8,-7,1.6500000000000001
-8,-7,1.6500000000000001
-8,-7,2.29883794532771
-8,-7,21.867263557199628
-8,-7,1.6500000000000001
-8,-7,1.6500000000000001
-8,-7,14.746811835337581
-8,-7,10.18973326162285
-8,-7,5.591938417671356
-8,-7,13.397678099763402
-8,-7,14.029010396117943
-8,-7,15.827539352215876
-8,-7,7.948798730416081
-8,-7,3.285811681436635
-8,-7,7.009447006923878
-8,-7,29.7
-8,-7,14.169911481509061
-8,-7,1.6500000000000001
-8,-7,29.7
-8,-7,1.827376778652348
-8,-7,1.6500000000000001
-8,-7,6.312814682507414
-8,-7,21.06381649399647
-8,-7,15.610235216795378
-8,-7,28.8367674851895
-8,-7,4.941441821668261
-8,-7,23.215025871295197
-8,-7,10.37341961992512
-8,-7,17.900611677705733
-8,-7,1.6500000000000001
-8,-7,28.21585093189606
-8,-7,3.3123495481363188
-8,-7,15.786194321444714
-8,-7,1.6500000000000001
-8,-7,1.6500000000000001
-8,-7,1.6500000000000001
-8,-7,4.089714208607251
-8,-7,6.404905280343188
-8,-7,18.459300060679993
-8,-7,20.909150810642764
-8,-7,29.7
-8,-7,1.6500000000000001
-8,-7,14.178694003439968
-8,-7,23.22925259307847
-8,-7,8.87872417057152
-8,-7,13.227840340339382
-8,-7,1.6500000000000001
-8,-7,1.6500000000000001
-8,-7,12.69371171345846
-8,-7,15.198224547266701
-8,-7,11.945128513808829
-8,-7,11.397029144321067
-8,-7,12.357949433526908
-8,-7,7.934320448684067
-8,-7,10.983882590232989
-8,-7,1.6500000000000001
-8,-7,11.968908487905406
-8,-7,5.713765613849347
-8,-7,2.373923152133341
-8,-7,23.952675513012544
-8,-7,16.47502461502259
-8,-7,15.501899708117044
-8,-7,16.40505985411997
-8,-7,18.58491611454569
-8,-7,16.836587517522684
-8,-7,12.503671825852011
-8,-7,5.216207233888932
-8,-7,4.9979899928251585
-8,-7,13.019688059479275
-8,-7,14.074666009544572
-8,-7,1.6500000000000001
-8,-7,19.86116846807043
-8,-7,1.6500000000000001
-8,-7,5.615038301027735
-8,-7,28.398220480235313
-8,-7,1.6500000000000001
-8,-7,1.6500000000000001
-8,-7,28.907885318845857
-8,-7,20.180346438781463
-8,-7,6.768953480582299
-8,-7,4.180064255306991
-8,-7,16.660114491161792
-8,-7,12.326833274317952
-8,-7,10.22181560024103
-8,-7,10.448228938708455
-8,-7,22.946116626032143
-8,-7,18.467782286737773
-8,-7,1.6500000000000001
-8,-7,6.683609502372392
-8,-7,1.6500000000000001
-8,-7,1.9698425032448785
-8,-7,1.6500000000000001
-8,-7,1.6500000000000001
-8,-7,1.6500000000000001
-8,-7,26.39778483505484
-8,-7,1.8966249192892874
-8,-7,27.407519511466166
-8,-7,1.9166571507071435
-8,-7,6.853905931394104
-8,-7,6.460521211760209
-8,-7,9.994891241101836
-8,-7,13.767215499467845
-8,-7,5.485788362954472
-8,-7,29.534216577375183
-8,-7,6.020776428646413
-8,-7,20.302917293674575
-8,-7,8.02970493957023
-8,-7,1.6500000000000001
-8,-7,7.497244633293707
-8,-7,6.769005895089585
-8,-7,1.6500000000000001
-8,-7,1.6500000000000001
-8,-7,29.7
-8,-7,7.830394038368001
-8,-6,18.543553393777295
-8,-6,17.286568598162006
-8,-6,28.907865905035266
-8,-6,20.442806107428815
-8,-6,13.39217678382224
-8,-6,1.6500000000000001
-8,-6,24.9210513310872
-8,-6,12.525647514879433
-8,-6,12.016413395234968
-8,-6,7.915427203634393
-8,-6,1.6500000000000001
-8,-6,2.7005999417308812
-8,-6,16.90284038218593
-8,-6,12.97177314591244
-8,-6,24.19400607261533
-8,-6,29.7
-8,-6,1.6500000000000001
-8,-6,13.13454580955735
-8,-6,1.6500000000000001
-8,-6,9.97392619823416
-8,-6,5.015250096501455
-8,-6,9.371583343891897
-8,-6,11.602655364064535
-8,-6,1.6500000000000001
-8,-6,1.6500000000000001
-8,-6,1.6500000000000001
-8,-6,28.03967348826297
-8,-6,17.212660490269016
-8,-6,21.369137737026737
-8,-6,14.301625234881042
-8,-6,2.13124108554595
-8,-6,16.667169224977627
-8,-6,15.87470311673637
-8,-6,13.994990623547348
-8,-6,29.7
-8,-6,3.20752707569859
-8,-6,21.411238538313086
-8,-6,1.6500000000000001
-8,-6,6.509313646744982
-8,-6,17.18433734779745
-8,-6,1.6500000000000001
-8,-6,21.93463139212134
-8,-6,29.7
-8,-6,20.43125932795646
-8,-6,1.6500000000000001
-8,-6,9.938939166042172
-8,-6,16.204762537194654
-8,-6,3.5693205290936083
-8,-6,10.629351496530326
-8,-6,1.6500000000000001
-8,-6,14.22880563711398
-8,-6,16.600063676577165
-8,-6,5.446676820270109
-8,-6,10.480611842231198
-8,-6,1.6500000000000001
-8,-6,12.363601613107779
-8,-6,14.39925033855387
-8,-6,1.6500000000000001
-8,-6,16.78564028359385
-8,-6,8.549581323625459
-8,-6,14.203181740672388
-8,-6,1.6500000000000001
-8,-6,1.6500000000000001
-8,-6,23.88605564748849
-8,-6,9.419131336278424
-8,-6,1.6500000000000001
-8,-6,1.9238245906902716
-8,-6,29.299408100421
-8,-6,24.230617271652793
-8,-6,3.516169226379289
-8,-6,1.6500000000000001
-8,-6,6.137426390404575
-8,-6,16.707744605190634
-8,-6,14.985582746014064
-8,-6,23.804414139685797
-8,-6,3.4194676776567796
-8,-6,20.558106816256267
-8,-6,15.065700951343025
-8,-6,1.6500000000000001
-8,-6,29.7
-8,-6,29.7
-8,-6,6.465560106093347
-8,-6,1.6500000000000001
-8,-6,8.71062208570737
-8,-6,2.63428650418797
-8,-6,1.6500000000000001
-8,-6,17.328819078768376
-8,-6,11.0493893000842
-8,-6,1.6500000000000001
-8,-6,9.218133044213616
-8,-6,4.983842875614382
-8,-6,1.6500000000000001
-8,-6,7.458288217516591
-8,-6,12.829420525692987
-8,-6,16.29635092404753
-8,-6,20.99072181006199
-8,-6,29.442988771794862
-8,-6,1.6500000000000001
-8,-6,1.6500000000000001
-8,-6,17.26334954253274
-8,-6,28.56275314099212
-8,-6,17.790032149090504
-8,-6,12.890384552827722
-8,-6,18.465214834809863
-8,-6,24.189285345320805
-8,-6,7.8892575657711
-8,-6,1.6500000000000001
-8,-6,11.965098333002334
-8,-6,21.888930433145703
-8,-6,28.961144318883075
-8,-6,1.6500000000000001
-8,-6,19.82038178837618
-8,-6,13.548999648635268
-8,-6,5.9289600322206315
-8,-6,13.824654843969997
-8,-6,9.135609522019749
-8,-6,24.753671168344184
-8,-6,13.938533777063327
-8,-6,14.694422709102549
-8,-6,8.815535148119999
-8,-6,18.392871926841103
-8,-6,23.379965896503812
-8,-5,11.213700434522513
-8,-5,14.410515322216655
-8,-5,1.6500000000000001
-8,-5,1.6500000000000001
-8,-5,22.89256000651435
-8,-5,18.346387200557153
-8,-5,3.7641761387711252
-8,-5,1.6500000000000001
-8,-5,12.248065351078877
-8,-5,11.155052600082579
-8,-5,29.7
-8,-5,12.484669637586252
-8,-5,1.6500000000000001
-8,-5,28.477377368731787
-8,-5,1.6500000000000001
-8,-5,1.6500000000000001
-8,-5,4.641247920501097
-8,-5,25.916529958590175
-8,-5,9.447804974168045
-8,-5,11.058593835039105
-8,-5,6.847559127516055
-8,-5,23.0456265068492
-8,-5,13.718797734917885
-8,-5,1.6500000000000001
-8,-5,5.933577027616022
-8,-5,2.1065954724557407
-8,-5,3.9903931640488617
-8,-5,29.7
-8,-5,5.6709169296467765
-8,-5,10.891656273900447
-8,-5,5.046377522579719
-8,-5,1.6500000000000001
-8,-5,1.6500000000000001
-8,-5,16.525993808275977
-8,-5,1.6500000000000001
-8,-5,7.910135463558724
-8,-5,10.763372399447205
-8,-5,7.5509575505086115
-8,-5,26.54905455733745
-8,-5,4.220486688070684
-8,-5,27.569445102775703
-8,-5,10.42803378304444
-8,-5,11.096462115969583
-8,-5,24.83093300751362
-8,-5,10.505250340360492
-8,-5,29.7
-8,-5,3.8889776251908845
-8,-5,29.7
-8,-5,20.819174794417194
-8,-5,22.404878828427886
-8,-5,1.6500000000000001
-8,-5,9.468160893068813
-8,-5,10.629369489554811
-8,-5,25.355654162980457
-8,-5,1.6500000000000001
-8,-5,28.904412811777554
-8,-5,15.2525225317674
-8,-5,17.518929407844517
-8,-5,19.98445864665957
-8,-5,1.6500000000000001
-8,-5,16.431303973170643
-8,-5,29.7
-8,-5,15.554586953405668
-8,-5,24.480904249837444
-8,-5,15.185998686988503
-8,-5,4.0363695181671195
-8,-5,24.915565196998784
-8,-5,3.413005469576442
-8,-5,28.40250407835319
-8,-5,1.6500000000000001
-8,-5,29.54763653828143
-8,-5,15.058117830965266
-8,-5,14.938631095349917
-8,-5,29.7
-8,-5,1.6500000000000001
-8,-5,2.8150459827349756
-8,-5,28.811204121091897
-8,-5,11.72826383237349
-8,-5,10.593027422114274
-8,-5,1.6500000000000001
-8,-5,13.879769683153107
-8,-5,1.6500000000000001
-8,-5,1.6500000000000001
-8,-5,10.01896256283276
-8,-5,19.093471626659287
-8,-5,7.238643732817843
-8,-5,8.207390819279563
-8,-5,6.038802643702534
-8,-5,6.199514184666659
-8,-5,6.726127627984539
-8,-5,18.176711179466736
-8,-5,3.8141894963952483
-8,-5,21.18473660835148
-8,-5,1.6500000000000001
-8,-5,18.83749366040539
-8,-5,27.89776480615376
-8,-5,16.942387544101454
-8,-5,3.0009325727502407
-8,-5,12.875580998561377
-8,-5,22.023814510611423
-8,-5,1.6500000000000001
-8,-5,25.22131243507851
-8,-5,19.83606120120571
-8,-5,17.39718613940568
-8,-5,22.275318133443555
-8,-5,13.475068463011372
-8,-5,8.57993796775999
-8,-5,10.545276826320165
-8,-5,11.845215958189236
-8,-5,23.7216954690894
-8,-5,6.9115212570664655
-8,-5,14.865681333258856
-8,-5,5.032240334611085
-8,-5,1.6500000000000001
-8,-5,2.626693914694176
-8,-5,16.394270281009202
-8,-5,1.6500000000000001
-8,-5,19.39346931799483
-8,-5,1.6500000000000001
-8,-5,29.7
-8,-5,6.746485721085873
-8,-5,22.718716686714814
-8,-4,7.979045573704326
-8,-4,24.941857947782204
-8,-4,25.883349151495814
-8,-4,18.983293730582968
-8,-4,1.6500000000000001
-8,-4,28.47142903404815
-8,-4,2.953734437334975
-8,-4,29.30205606416024
-8,-4,14.91974811999811
-8,-4,1.6500000000000001
-8,-4,1.6500000000000001
-8,-4,1.6500000000000001
-8,-4,29.648282115877137
-8,-4,13.511897792946337
-8,-4,24.049842500987225
-8,-4,16.464532289688698
-8,-4,22.517391571416418
-8,-4,1.6500000000000001
-8,-4,13.473189483961749
-8,-4,29.7
-8,-4,17.224083466217476
-8,-4,24.795462924055172
-8,-4,18.902975468063264
-8,-4,9.368478782701253
-8,-4,5.564713393165591
-8,-4,12.427484246075045
-8,-4,1.6500000000000001
-8,-4,1.6500000000000001
-8,-4,19.367007457016957
-8,-4,6.1395367288598575
-8,-4,2.2960388778593526
-8,-4,20.37624997637147
-8,-4,29.7
-8,-4,1.6500000000000001
-8,-4,1.6500000000000001
-8,-4,1.6500000000000001
-8,-4,21.027503924614113
-8,-4,8.168798913316714
-8,-4,8.34364323202433
-8,-4,23.15195215568901
-8,-4,7.196130181004382
-8,-4,19.60841362536111
-8,-4,3.8010861448838824
-8,-4,16.6098992028706
-8,-4,19.134113245411967
-8,-4,1.6500000000000001
-8,-4,4.437747090734581
-8,-4,29.7
-8,-4,7.149114697984459
-8,-4,22.808792113960685
-8,-4,13.790428859333273
-8,-4,10.547043575683265
-8,-4,20.849963596221265
-8,-4,22.480934799245208
-8,-4,18.654272021450524
-8,-4,1.7603090995942647
-8,-4,29.7
-8,-4,29.7
-8,-4,18.64585933785365
-8,-4,21.575508595622015
-8,-4,14.82360751262669
-8,-4,29.7
-8,-4,5.954266769523021
-8,-4,1.6500000000000001
-8,-4,12.972049729483022
-8,-4,26.186302539103508
-8,-4,5.6576992877061505
-8,-4,3.634397754843769
-8,-4,6.627478279135153
-8,-4,24.212091625747334
-8,-4,18.558372890012944
-8,-4,5.645154913444055
-8,-4,13.647224171554859
-8,-4,15.328954805756213
-8,-4,15.463617618947392
-8,-4,11.326228165651496
-8,-4,10.674450392018226
-8,-4,9.030310714678105
-8,-4,7.429631339725158
-8,-4,26.187522815698237
-8,-4,2.048231609879016
-8,-4,14.045958090600909
-8,-4,1.6500000000000001
-8,-4,4.2712063544395145
-8,-4,12.742904725567742
-8,-4,1.6500000000000001
-8,-4,29.7
-8,-4,28.61195571382786
-8,-4,29.7
-8,-4,15.087505903093437
-8,-4,20.58893708017586
-8,-4,6.3096325563201825
-8,-4,3.8233914877399098
-8,-4,5.313549238970698
-8,-4,1.6500000000000001
-8,-4,7.6007076033818555
-8,-4,1.6500000000000001
-8,-4,25.73198777234483
-8,-4,10.935689541621889
-8,-4,8.537264957705894
-8,-4,1.8397873673544396
-8,-4,11.62274770773915
-8,-4,17.85852227360517
-8,-4,10.768065572432654
-8,-4,29.7
-8,-4,13.251687216227579
-8,-4,1.6500000000000001
-8,-4,15.643992668841308
-8,-4,11.109378573861099
-8,-4,1.6500000000000001
-8,-4,8.214417904694788
-8,-4,1.6500000000000001
-8,-4,22.126442931527478
-8,-4,13.306849632218878
-8,-4,10.796152411453889
-8,-4,3.801533188437446
-8,-4,24.568818094907286
-8,-4,3.990845739762282
-8,-4,1.6500000000000001
-8,-4,12.729706060639348
-8,-4,21.449087043779038
-8,-4,19.519398860911515
-8,-3,1.6500000000000001
-8,-3,1.6500000000000001
-8,-3,28.37242628309476
-8,-3,24.293575910229556
-8,-3,18.437693626954058
-8,-3,4.653720630002402
-8,-3,16.8848301778118
-8,-3,28.804459141450042
-8,-3,4.156251891687878
-8,-3,7.0319167054418275
-8,-3,1.6500000000000001
-8,-3,1.6500000000000001
-8,-3,2.0023190258784833
-8,-3,2.7418745417220283
-8,-3,25.325719871707335
-8,-3,17.114699609069227
-8,-3,18.99648162002576
-8,-3,8.234491317927919
-8,-3,15.990895796797615
-8,-3,10.661777755468158
-8,-3,16.553873261293184
-8,-3,7.595275366035871
-8,-3,1.6500000000000001
-8,-3,24.555482348216536
-8,-3,4.467710117602781
-8,-3,1.6500000000000001
-8,-3,19.934639792653336
-8,-3,1.6500000000000001
-8,-3,29.7
-8,-3,9.950560593051973
-8,-3,26.822563650756486
-8,-3,1.6500000000000001
-8,-3,2.42346094817257
-8,-3,9.318233211207419
-8,-3,2.4602838574813646
-8,-3,13.773544555814434
-8,-3,9.582368717097731
-8,-3,8.117950751664829
-8,-3,14.633017673928748
-8,-3,7.524886100776661
-8,-3,1.6500000000000001
-8,-3,10.464408321839082
-8,-3,29.7
-8,-3,7.43974282114021
-8,-3,17.648729907198273
-8,-3,11.036698728797019
-8,-3,27.04238739829721
-8,-3,29.7
-8,-3,29.7
-8,-3,8.423767499811888
-8,-3,5.737833376219822
-8,-3,10.932505048127258
-8,-3,17.359372819476093
-8,-3,5.83416830599884
-8,-3,1.6500000000000001
-8,-3,27.6765983774099
-8,-3,24.867994987055248
-8,-3,12.71977263735395
-8,-3,13.012622535285425
-8,-3,22.58414575481648
-8,-3,1.6500000000000001
-8,-3,1.6500000000000001
-8,-3,24.06239394946462
-8,-3,1.6500000000000001
-8,-3,27.22890547009836
-8,-3,27.309680526036423
-8,-3,1.6500000000000001
-8,-3,18.45698254031808
-8,-3,24.800868635859572
-8,-3,3.0413456130670085
-8,-3,9.427542510481459
-8,-3,5.805645383918918
-8,-3,12.536784656654472
-8,-3,19.90969529765934
-8,-3,29.7
-8,-3,23.90647402024061
-8,-3,6.162066812402819
-8,-3,2.7118169168075017
-8,-3,19.64470248163737
-8,-3,5.897264455013513
-8,-3,1.6500000000000001
-8,-3,23.591884872983726
-8,-3,14.512745091919685
-8,-3,6.578094194447379
-8,-3,20.53713403554314
-8,-3,1.6500000000000001
-8,-3,1.6500000000000001
-8,-3,18.348985058933735
-8,-3,3.0660165311441574
-8,-3,3.979858548753757
-8,-3,19.251831058713954
-8,-3,1.6500000000000001
-8,-3,17.686713014915526
-8,-3,23.63891713200514
-8,-3,10.447574373864715
-8,-3,1.6500000000000001
-8,-3,1.6500000000000001
-8,-3,14.350281453472787
-8,-3,14.242938565285867
-8,-3,1.6500000000000001
-8,-3,29.7
-8,-3,29.7
-8,-3,29.7
-8,-3,1.6500000000000001
-8,-3,1.6500000000000001
-8,-3,13.630650790435222
-8,-3,13.977559631790061
-8,-3,17.17666775796349
-8,-3,29.7
-8,-3,14.681288643767775
-8,-3,1.6500000000000001
-8,-3,1.6500000000000001
-8,-3,1.6500000000000001
-8,-3,29.7
-8,-3,1.6500000000000001
-8,-3,10.391219628869596
-8,-3,19.330661919570442
-8,-3,14.07642861890186
-8,-3,25.8710616711999
-8,-3,24.153682001102922
-8,-3,15.83334712305782
-8,-3,1.6500000000000001
-8,-3,2.4553183285982794
-8,-2,2.8860665275274613
-8,-2,22.182482846040656
-8,-2,6.560935728146252
-8,-2,10.73065551702497
-8,-2,11.940133997974568
-8,-2,14.98177249905183
-8,-2,1.6500000000000001
-8,-2,5.835292478377271
-8,-2,28.496407530175865
-8,-2,20.687880014187556
-8,-2,20.87291260891462
-8,-2,29.7
-8,-2,24.780563628798213
-8,-2,6.763170562290089
-8,-2,1.6500000000000001
-8,-2,1.6500000000000001
-8,-2,1.6500000000000001
-8,-2,1.6500000000000001
-8,-2,22.415358342790107
-8,-2,6.186954156523279
-8,-2,15.62208277785234
-8,-2,10.042518215449704
-8,-2,25.697992929174283
-8,-2,1.6500000000000001
-8,-2,12.574039532743853
-8,-2,7.0812185846695535
-8,-2,20.515391187374032
-8,-2,29.7
-8,-2,19.27692603957626
-8,-2,21.10066364158522
-8,-2,17.462611722969555
-8,-2,10.390487308736477
-8,-2,28.26130948103407
-8,-2,5.32875524001266
-8,-2,19.768569139570744
-8,-2,5.237532589268589
-8,-2,10.056727305429959
-8,-2,23.85229379175268
-8,-2,1.6500000000000001
-8,-2,1.6500000000000001
-8,-2,9.451107055381264
-8,-2,9.822717575040475
-8,-2,29.7
-8,-2,13.093401008008478
-8,-2,1.6500000000000001
-8,-2,7.681770490195728
-8,-2,13.636761556404167
-8,-2,1.6500000000000001
-8,-2,7.271688480726474
-8,-2,16.370320645625053
-8,-2,18.433931172328816
-8,-2,8.914054604799842
-8,-2,1.7349736787594754
-8,-2,6.838503829769438
-8,-2,23.049961635119356
-8,-2,26.244217378559334
-8,-2,19.07853871938663
-8,-2,9.465043114987736
-8,-2,8.42709080370902
-8,-2,11.845134437636409
-8,-2,3.855653554104107
-8,-2,12.889604465005693
-8,-2,7.3358026798313345
-8,-2,11.863530744794392
-8,-2,29.7
-8,-2,29.019179037132638
-8,-2,11.000131736295815
-8,-2,3.6414331595224976
-8,-2,22.68139979306455
-8,-2,26.546883601026565
-8,-2,17.951359805684255
-8,-2,1.6500000000000001
-8,-2,1.6500000000000001
-8,-2,15.083938294569897
-8,-2,10.387602183802159
-8,-2,12.508177995485823
-8,-2,1.8156730730292132
-8,-2,3.7068580832658045
-8,-2,29.7
-8,-2,1.6500000000000001
-8,-2,22.562514073334114
-8,-2,1.6500000000000001
-8,-2,24.977370362379652
-8,-2,22.548703134882718
-8,-2,6.558407786692264
-8,-2,18.257048382589804
-8,-2,23.86072605489212
-8,-2,14.924182711111472
-8,-2,5.3783937334575
-8,-2,29.7
-8,-2,29.7
-8,-2,12.402209360792178
-8,-2,6.459415398565526
-8,-2,9.537417761234845
-8,-2,13.77381292698899
-8,-2,18.07767406578412
-8,-2,7.349824384345348
-8,-2,1.6500000000000001
-8,-2,8.286761474343225
-8,-2,12.901166826849959
-8,-2,1.6500000000000001
-8,-2,20.436511217117435
-8,-2,29.7
-8,-2,4.056301602274463
-8,-2,1.6500000000000001
-8,-2,21.280174785408338
-8,-2,9.121343662775452
-8,-2,1.6500000000000001
-8,-2,21.926134820633333
-8,-2,15.252881292804732
-8,-2,17.8306705133497
-8,-2,1.6500000000000001
-8,-2,14.730869080410127
-8,-2,13.903456984463203
-8,-2,29.072627240977837
-8,-2,5.828336311443619
-8,-2,1.6500000000000001
-8,-2,10.211924508606653
-8,-2,8.839205461839224
-8,-2,13.649747057833492
-8,-2,1.6500000000000001
-8,-2,13.510832464185365
-7,-2,11.224626803534438
-7,-2,2.520793014148172
-7,-2,19.298873885804447
-7,-2,21.201282336535964
-7,-2,21.378688768322853
-7,-2,7.327972528722103
-7,-2,25.02120291557945
-7,-2,1.6500000000000001
-7,-2,16.285362171034873
-7,-2,3.8965300557047033
-7,-2,13.44863570091141
-7,-2,13.646449763546967
-7,-2,1.6500000000000001
-7,-2,3.3787778899429437
-7,-2,20.94776118663951
-7,-2,21.190942180224635
-7,-2,7.675395623087757
-7,-2,18.329428605373085
-7,-2,14.451400156279835
-7,-2,29.7
-7,-2,12.718560408719103
-7,-2,29.7
-7,-2,14.740998348754442
-7,-2,10.200763222607819
-7,-2,29.7
-7,-2,15.46255786419087
-7,-2,8.51148755341635
-7,-2,14.093245003504398
-7,-2,1.6500000000000001
-7,-2,10.727530402969466
-7,-2,5.632407649204508
-7,-2,1.8325700985115834
-7,-2,24.653383153410434
-7,-2,23.237614090264373
-7,-2,20.46824376079569
-7,-2,16.319413774520974
-7,-2,5.579578569676377
-7,-2,20.754304540806736
-7,-2,8.974651197144624
-7,-2,24.044953529273716
-7,-2,24.102514977065194
-7,-2,29.7
-7,-2,21.218194947018127
-7,-2,8.88493794823745
-7,-2,16.76261429503538
-7,-2,12.89056137906103
-7,-2,22.505465592935614
-7,-2,13.145787422945096
-7,-2,27.266437812631285
-7,-2,17.867594702074467
-7,-2,12.110531042801217
-7,-2,16.26009476836433
-7,-2,21.294918014609568
-7,-2,14.904971882793863
-7,-2,10.756876691345166
-7,-2,12.663596839730417
-7,-2,22.721846701607774
-7,-2,9.536194631872469
-7,-2,17.112733099771138
-7,-2,16.102285673862752
-7,-2,1.6500000000000001
-7,-2,13.201300796507002
-7,-2,7.0304281638665085
-7,-2,8.607245136461618
-7,-2,7.415818509992199
-7,-2,9.347168059616415
-7,-2,23.28198132510221
-7,-2,22.79894191533132
-7,-2,11.000478861336076
-7,-2,16.70472434684796
-7,-2,11.881290413609328
-7,-2,2.6671432898591707
-7,-2,14.933519773074881
-7,-2,1.6500000000000001
-7,-2,22.98428354379019
-7,-2,1.6500000000000001
-7,-2,20.77941181082503
-7,-2,16.707324081310887
-7,-2,29.7
-7,-2,19.575543871782745
-7,-2,29.7
-7,-2,29.7
-7,-2,15.66700425367057
-7,-2,7.715152382902731
-7,-2,11.100494870344379
-7,-2,8.66426543430779
-7,-2,16.560469841001783
-7,-2,17.3561373470755
-7,-2,29.7
-7,-2,26.426261582265255
-7,-2,1.6500000000000001
-7,-2,18.71376524768881
-7,-2,26.374587047435764
-7,-2,11.140758462689579
-7,-2,24.412275488791494
-7,-2,13.627349905867751
-7,-2,19.132673231749433
-7,-2,1.8737589068706342
-7,-2,6.259156252761686
-7,-2,4.525898030547269
-7,-2,19.20764013207548
-7,-2,17.642419522143065
-7,-2,23.23637609083274
-7,-2,29.7
-7,-2,14.782773520391551
-7,-2,1.6500000000000001
-7,-2,24.11343785737396
-7,-2,29.7
-7,-2,7.516541533367926
-7,-2,8.772927688471755
-7,-2,8.633172275758946
-7,-2,10.022578496065188
-7,-2,4.6002948710873195
-7,-2,22.759205612973503
-7,-2,9.509411905147358
-7,-2,29.7
-7,-2,3.666593104377963
-7,-2,8.306531388947752
-7,-2,5.64481375390373
-7,-2,22.1885167339359
-7,-2,18.173452696607892
-7,-2,6.127075822368809
-6,-2,11.978584898817513
-6,-2,12.988913196672122
-6,-2,11.892340066997706
-6,-2,18.963746544549657
-6,-2,5.672129638569938
-6,-2,1.9945319191847197
-6,-2,20.663152315685924
-6,-2,22.873296220210886
-6,-2,1.6500000000000001
-6,-2,26.370346051906882
-6,-2,9.579173501543652
-6,-2,3.775679216758501
-6,-2,29.7
-6,-2,19.894840722601316
-6,-2,10.202173727994342
-6,-2,19.213190805030145
-6,-2,1.6500000000000001
-6,-2,29.7
-6,-2,11.741399331423338
-6,-2,27.973354318428598
-6,-2,2.7534335375773527
-6,-2,10.015680325443189
-6,-2,9.657075424059268
-6,-2,26.065734105987076
-6,-2,26.22327774371209
-6,-2,1.6500000000000001
-6,-2,27.066842876219106
-6,-2,15.983090566122561
-6,-2,1.6500000000000001
-6,-2,10.839396834865344
-6,-2,4.542744631415866
-6,-2,9.717577149750527
-6,-2,25.825942166161603
-6,-2,1.6810741847173905
-6,-2,3.6942893516652724
-6,-2,12.724840846237718
-6,-2,29.7
-6,-2,29.7
-6,-2,22.325559654324163
-6,-2,7.821511932408843
-6,-2,24.377563750707594
-6,-2,16.58423526976386
-6,-2,16.750037109573803
-6,-2,2.0708209359536376
-6,-2,1.6500000000000001
-6,-2,12.765821809577094
-6,-2,7.829847129091748
-6,-2,29.7
-6,-2,16.7042893441864
-6,-2,4.061484967919864
-6,-2,29.7
-6,-2,13.955393213709632
-6,-2,29.7
-6,-2,26.67865984633754
-6,-2,19.589764047145927
-6,-2,20.532833200083232
-6,-2,22.639600852625303
-6,-2,2.4015105758646342
-6,-2,12.81631204399443
-6,-2,9.899776571356679
-6,-2,20.949021582405745
-6,-2,13.88973828103516
-6,-2,7.093956595089498
-6,-2,1.8318467745618996
-6,-2,1.6500000000000001
-6,-2,19.558899122262208
-6,-2,7.471061658040016
-6,-2,2.231153602104043
-6,-2,6.210899135669409
-6,-2,28.122854057778508
-6,-2,25.233116311629168
-6,-2,22.234174263270226
-6,-2,22.04690787887975
-6,-2,1.6500000000000001
-6,-2,11.405922632372047
-6,-2,5.287870346366841
-6,-2,9.382231943705955
-6,-2,24.898993544663924
-6,-2,5.942953260655981
-6,-2,1.6500000000000001
-6,-2,1.6500000000000001
-6,-2,29.7
-6,-2,11.472670845981419
-6,-2,14.914334671686424
-6,-2,6.898907723494812
-6,-2,17.43648365770622
-6,-2,21.632568066290887
-6,-2,26.324567128272193
-6,-2,29.7
-6,-2,12.403410230290353
-6,-2,23.712500637554246
-6,-2,14.106038019477515
-6,-2,4.717342835817634
-6,-2,23.577894005884076
-6,-2,22.168336130540702
-6,-2,25.236958914406888
-6,-2,27.581511907622694
-6,-2,29.7
-6,-2,9.247119367693115
-6,-2,18.273939189006573
-6,-2,14.814078953376054
-6,-2,23.219344531246886
-6,-2,27.84799707878505
-6,-2,29.7
-6,-2,29.7
-6,-2,22.301989386725026
-6,-2,25.643522734059438
-6,-2,7.483939699420147
-6,-2,5.497411229647202
-6,-2,16.409000446427886
-6,-2,21.388397995392854
-6,-2,1.6500000000000001
-6,-2,18.948639384155776
-6,-2,1.6500000000000001
-6,-2,20.173098220050402
-6,-2,1.6500000000000001
-6,-2,11.536286403076218
-6,-2,27.883537040062386
-6,-2,24.935002503696285
-6,-2,11.610361334996469
-6,-2,17.126862891321267
-6,-2,12.279949686066065
-5,-2,24.48884966921399
-5,-2,11.541874296426311
-5,-2,17.88068681337384
-5,-2,9.199940085772058
-5,-2,24.526253424853856
-5,-2,1.6500000000000001
-5,-2,23.92539058020143
-5,-2,19.236105299698238
-5,-2,17.48894080473602
-5,-2,28.631825405332783
-5,-2,13.946751074898405
-5,-2,29.7
-5,-2,22.36994173250097
-5,-2,18.659440871385055
-5,-2,17.297081411513602
-5,-2,29.626576307542198
-5,-2,19.536346635935885
-5,-2,5.783018247148917
-5,-2,2.094734351870569
-5,-2,14.295920878272588
-5,-2,8.558921552522298
-5,-2,29.590184562743836
-5,-2,17.73900297566819
-5,-2,4.148879071761465
-5,-2,28.669886850975487
-5,-2,2.153557321392901
-5,-2,6.475444013554748
-5,-2,4.429373709211532
-5,-2,10.512499694253918
-5,-2,20.805361889615256
-5,-2,7.7363220860917075
-5,-2,24.100864031857412
-5,-2,14.829258756178104
-5,-2,1.6500000000000001
-5,-2,1.6500000000000001
-5,-2,24.329585592146774
-5,-2,10.869435375931946
-5,-2,1.6500000000000001
-5,-2,9.350360296912445
-5,-2,10.516245332153435
-5,-2,1.6500000000000001
-5,-2,13.47448470759262
-5,-2,14.57127268818324
-5,-2,6.6096242196014545
-5,-2,7.68545840076213
-5,-2,18.642354681104102
-5,-2,29.7
-5,-2,18.887579713385687
-5,-2,17.97770042055218
-5,-2,29.7
-5,-2,15.623073733206802
-5,-2,14.935179815386427
-5,-2,2.08357324417765
-5,-2,14.933271106257957
-5,-2,21.856662091434707
-5,-2,21.40864696653748
-5,-2,1.6500000000000001
-5,-2,23.83656245811624
-5,-2,25.381873705873588
-5,-2,22.53657743723317
-5,-2,5.941550642979973
-5,-2,29.7
-5,-2,22.15359018617653
-5,-2,28.573821145007926
-5,-2,17.84690571286908
-5,-2,1.6500000000000001
-5,-2,12.278620727933909
-5,-2,8.82569753845156
-5,-2,1.6500000000000001
-5,-2,12.662082856324297
-5,-2,18.96389895728483
-5,-2,4.627386991523476
-5,-2,18.282374791601114
-5,-2,29.7
-5,-2,29.7
-5,-2,29.7
-5,-2,18.70218951831953
-5,-2,20.067295964454065
-5,-2,13.112816686705383
-5,-2,9.674805085344193
-5,-2,15.308360955776006
-5,-2,1.6500000000000001
-5,-2,10.346162287556558
-5,-2,21.178445652805305
-5,-2,21.603691614786058
-5,-2,10.839372921361623
-5,-2,1.6500000000000001
-5,-2,22.114127355310174
-5,-2,9.252044942413175
-5,-2,17.648114995720956
-5,-2,17.57941265889812
-5,-2,29.7
-5,-2,12.48819308732789
-5,-2,20.032443666288543
-5,-2,4.570992076226207
-5,-2,6.865058797062606
-5,-2,17.08707171271685
-5,-2,1.7026341396771656
-5,-2,29.7
-5,-2,17.204026528302208
-5,-2,1.6500000000000001
-5,-2,14.065397828324812
-5,-2,19.818569332290892
-5,-2,29.7
-5,-2,22.830067913019867
-5,-2,14.503815899787897
-5,-2,14.127654591049454
-5,-2,14.545628919958153
-5,-2,29.7
-5,-2,11.047767178145683
-5,-2,16.97174675523484
-5,-2,27.92361200609959
-5,-2,29.7
-5,-2,29.7
-5,-2,24.373660336185203
-5,-2,1.6500000000000001
-5,-2,8.625819367312335
-5,-2,29.7
-5,-2,10.728072989125947
-5,-2,14.34283932635339
-5,-2,29.7
-5,-2,29.7
-4,-2,28.677436432572065
-4,-2,19.147192456319953
-4,-2,29.7
-4,-2,29.7
-4,-2,8.48427728466182
-4,-2,28.249591172007953
-4,-2,29.7
-4,-2,20.47659007888854
-4,-2,8.600215454429868
-4,-2,25.07814271288871
-4,-2,16.039765656922587
-4,-2,9.068224278983449
-4,-2,15.600355006681754
-4,-2,1.6500000000000001
-4,-2,10.710486136235726
-4,-2,29.7
-4,-2,10.674715850669035
-4,-2,21.711894034966114
-4,-2,22.764870153424926
-4,-2,11.592523741271766
-4,-2,25.213624886936564
-4,-2,21.441646580467577
-4,-2,18.391806215103593
-4,-2,29.7
-4,-2,1.6500000000000001
-4,-2,25.393706978151137
-4,-2,16.494191408088934
-4,-2,27.150698800072966
-4,-2,1.6500000000000001
-4,-2,14.071940407938328
-4,-2,29.7
-4,-2,26.977725587489232
-4,-2,28.33783089264375
-4,-2,10.215737905745057
-4,-2,11.177310235601135
-4,-2,1.6500000000000001
-4,-2,27.352010004544027
-4,-2,29.7
-4,-2,14.995988872781954
-4,-2,18.96598030346717
-4,-2,12.30662858328476
-4,-2,1.6500000000000001
-4,-2,5.528546146025387
-4,-2,23.4267167016192
-4,-2,17.011879249331045
-4,-2,29.7
-4,-2,17.854117532206725
-4,-2,12.765949998865311
-4,-2,9.279508782163912
-4,-2,1.6500000000000001
-4,-2,6.154354281002167
-4,-2,22.01587252030637
-4,-2,29.7
-4,-2,29.7
-4,-2,29.7
-4,-2,24.573870570303473
-4,-2,16.64921934449889
-4,-2,29.7
-4,-2,7.113756703394366
-4,-2,26.1011420110473
-4,-2,29.7
-4,-2,20.910457499534605
-4,-2,23.03673598646554
-4,-2,27.133344798742577
-4,-2,5.397458350370705
-4,-2,29.7
-4,-2,19.335722397553916
-4,-2,29.7
-4,-2,18.128849579176425
-4,-2,29.7
-4,-2,10.79799689125837
-4,-2,11.906170248743077
-4,-2,21.29639483392896
-4,-2,15.696648324392498
-4,-2,29.7
-4,-2,16.47752603367656
-4,-2,9.507515293228472
-4,-2,11.146203643167828
-4,-2,29.7
-4,-2,29.7
-4,-2,27.12150313850796
-4,-2,10.05641230633361
-4,-2,25.03534785188284
-4,-2,26.18473656821446
-4,-2,17.102188711834575
-4,-2,16.008407816630275
-4,-2,9.146609583790948
-4,-2,21.665781761442013
-4,-2,29.7
-4,-2,17.0381724833534
-4,-2,29.7
-4,-2,29.7
-4,-2,15.11019155176087
-4,-2,11.427962531599121
-4,-2,29.7
-4,-2,24.579672820316695
-4,-2,17.744615388373063
-4,-2,29.7
-4,-2,13.77768256187683
-4,-2,1.6500000000000001
-4,-2,11.401998528298082
-4,-2,27.187817429968383
-4,-2,1.6500000000000001
-4,-2,4.351153147047842
-4,-2,7.3283154845595
-4,-2,15.086376221354113
-4,-2,1.6500000000000001
-4,-2,29.7
-4,-2,6.163857391742397
-4,-2,23.535697204428168
-4,-2,29.7
-4,-2,21.401411729790414
-4,-2,1.6500000000000001
-4,-2,17.26370734850411
-4,-2,17.884024816177185
-4,-2,17.744063580881107
-4,-2,6.382289474988044
-4,-2,1.6500000000000001
-4,-2,1.6500000000000001
-4,-2,22.60779436837831
-4,-2,24.137085677364198
-4,-2,26.97481950247549
-4,-2,17.857180606985455
-4,-1,29.7
-4,-1,6.146956320350835
-4,-1,12.95341131999568
-4,-1,29.7
-4,-1,27.17767895400464
-4,-1,26.530044742242666
-4,-1,25.960139516298035
-4,-1,20.754638206980957
-4,-1,13.265906810930801
-4,-1,26.453837709519803
-4,-1,16.410115232044184
-4,-1,3.1441374389407244
-4,-1,29.7
-4,-1,16.036414384083717
-4,-1,14.444938029899257
-4,-1,1.6500000000000001
-4,-1,27.749246467248668
-4,-1,29.63931675981712
-4,-1,10.203225324689894
-4,-1,12.309223272379526
-4,-1,29.7
-4,-1,10.79131710213222
-4,-1,21.25163040557231
-4,-1,29.7
-4,-1,29.7
-4,-1,7.231924213036606
-4,-1,2.3584288966699702
-4,-1,25.909852604591677
-4,-1,19.328732339594072
-4,-1,26.97018679966762
-4,-1,19.792101622589616
-4,-1,9.907010788640719
-4,-1,13.340899048840873
-4,-1,10.783550663472717
-4,-1,17.477190735911726
-4,-1,29.7
-4,-1,16.8456992666179
-4,-1,5.972379031663973
-4,-1,2.943831784218636
-4,-1,29.7
-4,-1,1.6500000000000001
-4,-1,19.587348768555962
-4,-1,17.551770402766657
-4,-1,2.83460493632216
-4,-1,29.7
-4,-1,12.265349054538376
-4,-1,17.847775448286434
-4,-1,24.063704273730927
-4,-1,17.844026907642984
-4,-1,18.70544961168963
-4,-1,9.750351232210871
-4,-1,8.09597211998618
-4,-1,15.596183253485421
-4,-1,9.714847878324258
-4,-1,8.48128906614914
-4,-1,14.660779636457406
-4,-1,28.706837230070633
-4,-1,29.7
-4,-1,29.7
-4,-1,20.64226430165784
-4,-1,21.44563025932626
-4,-1,24.615359818871436
-4,-1,29.477427179632866
-4,-1,1.6500000000000001
-4,-1,29.7
-4,-1,16.45090992314472
-4,-1,13.420432777063292
-4,-1,4.367044448602978
-4,-1,29.7
-4,-1,3.627195809958879
-4,-1,27.413267212938308
-4,-1,4.042526372053246
-4,-1,23.225149392097315
-4,-1,29.7
-4,-1,21.729571243630986
-4,-1,21.53018091792317
-4,-1,6.864943390076839
-4,-1,20.05445531035666
-4,-1,7.926685856889782
-4,-1,11.763049842823971
-4,-1,19.697336771100943
-4,-1,25.727284439996758
-4,-1,16.61803171951024
-4,-1,10.866911056206792
-4,-1,1.6500000000000001
-4,-1,13.302532401320336
-4,-1,8.783226801273358
-4,-1,27.06189516075478
-4,-1,15.785103512410725
-4,-1,22.75211919469769
-4,-1,11.674203445247638
-4,-1,8.457129250780554
-4,-1,15.606866594933148
-4,-1,29.7
-4,-1,29.7
-4,-1,1.6655603214585
-4,-1,1.6500000000000001
-4,-1,15.427273688735237
-4,-1,26.54876335886301
-4,-1,8.618529666190597
-4,-1,29.7
-4,-1,25.89034024007497
-4,-1,17.941893146179634
-4,-1,24.719773080413546
-4,-1,10.410460123527383
-4,-1,4.216809615838065
-4,-1,27.32048590475591
-4,-1,29.7
-4,-1,8.859554244714216
-4,-1,14.101978001468606
-4,-1,29.7
-4,-1,29.7
-4,-1,27.38047297963555
-4,-1,29.7
-4,-1,29.7
-4,-1,29.7
-4,-1,22.916896056133552
-4,-1,20.306848060284388
-4,-1,29.7
-4,-1,10.264743522131072
-4,-1,29.7
-4,-1,16.631686937805956
-3,-1,17.029487944924387
-3,-1,29.378298430601728
-3,-1,29.7
-3,-1,16.561986678656876
-3,-1,19.97740784302662
-3,-1,23.75020912906225
-3,-1,20.21715760497242
-3,-1,23.524121153099994
-3,-1,19.63394157212659
-3,-1,29.7
-3,-1,29.7
-3,-1,16.48471256751304
-3,-1,20.308496360844817
-3,-1,12.754701360047903
-3,-1,18.87021774381079
-3,-1,25.296839808586054
-3,-1,25.82721900502488
-3,-1,22.643677202177237
-3,-1,8.29050416503365
-3,-1,20.76626292583964
-3,-1,16.049577302385842
-3,-1,8.215615408568965
-3,-1,29.7
-3,-1,21.185512387591448
-3,-1,16.934593280858877
-3,-1,29.7
-3,-1,10.20303717752303
-3,-1,5.136339140026841
-3,-1,15.5206922596485
-3,-1,13.961001012581791
-3,-1,29.7
-3,-1,9.841189660543352
-3,-1,23.820400761696423
-3,-1,27.309076649471834
-3,-1,12.499318402582027
-3,-1,9.920750892701738
-3,-1,29.7
-3,-1,19.8364425833208
-3,-1,25.393286619200197
-3,-1,10.039759021245356
-3,-1,21.752203765734638
-3,-1,23.865403249959098
-3,-1,8.576075678612717
-3,-1,29.7
-3,-1,7.075590984095829
-3,-1,22.424574127506723
-3,-1,21.381110541517188
-3,-1,1.6500000000000001
-3,-1,20.818841667288336
-3,-1,13.17446692992256
-3,-1,10.098452996117373
-3,-1,12.875173979898017
-3,-1,6.073589883245461
-3,-1,28.052901598293765
-3,-1,3.106990295466627
-3,-1,6.052528225604078
-3,-1,13.952511944133853
-3,-1,29.7
-3,-1,25.63452895403697
-3,-1,2.6186127685406504
-3,-1,13.857636253883998
-3,-1,17.146479446251078
-3,-1,15.068599333571182
-3,-1,29.7
-3,-1,28.392206875978218
-3,-1,29.7
-3,-1,20.128432091187236
-3,-1,13.893099745757048
-3,-1,29.7
-3,-1,5.676520486626762
-3,-1,1.6500000000000001
-3,-1,13.78121578380412
-3,-1,26.76310017565517
-3,-1,15.794869547896113
-3,-1,29.15581055880082
-3,-1,20.669106736730512
-3,-1,15.33834483594353
-3,-1,10.396464374292384
-3,-1,11.565992516375719
-3,-1,26.5896230101189
-3,-1,4.827300702533233
-3,-1,27.095692344403492
-3,-1,1.6500000000000001
-3,-1,18.693945649430738
-3,-1,9.460272249333348
-3,-1,8.260042726475458
-3,-1,12.668471033783375
-3,-1,29.7
-3,-1,14.655431934035015
-3,-1,25.02553859035776
-3,-1,11.944870955874931
-3,-1,29.7
-3,-1,29.7
-3,-1,11.479700122512432
-3,-1,23.078758756552553
-3,-1,6.048386666324163
-3,-1,25.402941940724013
-3,-1,16.308702289869714
-3,-1,24.48165370592985
-3,-1,11.188941586561057
-3,-1,11.939102196821533
-3,-1,29.7
-3,-1,19.70739207491729
-3,-1,8.291749000526982
-3,-1,28.997895665476964
-3,-1,25.345297083610927
-3,-1,29.15434190099637
-3,-1,25.81112309311087
-3,-1,13.985022079220371
-3,-1,29.7
-3,-1,20.714780940042992
-3,-1,10.581022737016326
-3,-1,15.747706591706836
-3,-1,11.346467191466875
-3,-1,16.94153163310819
-3,-1,22.06621564179063
-3,-1,22.808141349810924
-3,-1,9.957993148824038
-3,-1,21.6958867504966
-3,-1,16.751075703890038
-3,-1,20.74062196186533
-3,-1,18.898976458598337
-2,-1,29.7
-2,-1,27.798628283249677
-2,-1,15.795878247120028
-2,-1,18.93759674369656
-2,-1,21.600423367514875
-2,-1,17.92744590845097
-2,-1,18.873626421060933
-2,-1,28.152853119113853
-2,-1,17.84633954996758
-2,-1,10.032849811704406
-2,-1,29.7
-2,-1,29.7
-2,-1,29.7
-2,-1,27.653684228609084
-2,-1,25.98357007541177
-2,-1,10.392252196182536
-2,-1,21.0173723633391
-2,-1,18.37886320244855
-2,-1,21.92115228769805
-2,-1,2.027583983046746
-2,-1,21.169167904017883
-2,-1,2.1150534490018558
-2,-1,29.7
-2,-1,3.630505823537426
-2,-1,16.52052668126007
-2,-1,29.7
-2,-1,21.29437152250392
-2,-1,8.626456393572447
-2,-1,10.117152678973031
-2,-1,29.7
-2,-1,24.289606952471644
-2,-1,29.7
-2,-1,29.7
-2,-1,16.351619409836232
-2,-1,23.384450160857213
-2,-1,22.59752422183581
-2,-1,12.589285320304803
-2,-1,9.563916904375759
-2,-1,22.90620674393234
-2,-1,20.359891977864137
-2,-1,16.421130821085157
-2,-1,25.314248586593234
-2,-1,28.034799966169544
-2,-1,26.817154003129826
-2,-1,22.508481451082883
-2,-1,10.445053845782216
-2,-1,21.20604930739625
-2,-1,19.938698962402597
-2,-1,29.7
-2,-1,29.7
-2,-1,10.627511496925926
-2,-1,20.091075369647363
-2,-1,16.916213013789147
-2,-1,15.95234293405239
-2,-1,29.7
-2,-1,29.7
-2,-1,6.407069562819469
-2,-1,17.7033675685256
-2,-1,29.7
-2,-1,15.277450987617716
-2,-1,20.011741302098695
-2,-1,28.888777083234643
-2,-1,27.015300912071883
-2,-1,12.959382035019903
-2,-1,29.7
-2,-1,29.7
-2,-1,21.342158854691483
-2,-1,29.7
-2,-1,27.37830121185955
-2,-1,25.092938255353417
-2,-1,29.7
-2,-1,24.517500340375328
-2,-1,20.350085229323533
-2,-1,22.632844926921965
-2,-1,29.7
-2,-1,23.98659847366173
-2,-1,21.334444704566273
-2,-1,19.515453056560048
-2,-1,11.356643048065742
-2,-1,27.97133512569679
-2,-1,14.360746924457594
-2,-1,9.23873753013774
-2,-1,18.6773731482955
-2,-1,22.87662722381109
-2,-1,21.472238480462632
-2,-1,15.252915111222897
-2,-1,18.352686629254418
-2,-1,29.7
-2,-1,12.281207255408155
-2,-1,29.7
-2,-1,11.419296720656137
-2,-1,15.69507989471826
-2,-1,29.7
-2,-1,29.7
-2,-1,14.902341055390176
-2,-1,23.334120901709788
-2,-1,29.7
-2,-1,29.7
-2,-1,23.734740205021044
-2,-1,9.29061889306998
-2,-1,16.05201367296381
-2,-1,25.387940879311536
-2,-1,17.020679426767018
-2,-1,16.050423076472164
-2,-1,9.235481437802719
-2,-1,4.142089557396709
-2,-1,29.7
-2,-1,7.9577388309308255
-2,-1,19.965130021585672
-2,-1,12.392617551083672
-2,-1,12.093662746578726
-2,-1,29.200368157321606
-2,-1,28.593157017347796
-2,-1,12.428017657515705
-2,-1,11.567855347961968
-2,-1,9.965939981298805
-2,-1,27.995112264954262
-2,-1,23.131363765717897
-2,-1,29.7
-2,-1,27.2883795119333
-2,-1,26.47259046324841
-2,-1,29.7
-2,0,29.7
-2,0,24.34667701092429
-2,0,22.57239115441174
-2,0,29.7
-2,0,16.406008102892102
-2,0,29.7
-2,0,29.26659490360194
-2,0,25.509366077256498
-2,0,29.7
-2,0,12.842543898451941
-2,0,14.9677554959684
-2,0,29.7
-2,0,13.83305275069
-2,0,29.7
-2,0,15.237168377915133
-2,0,24.156826501328204
-2,0,26.346096055659288
-2,0,22.601709767074055
-2,0,26.154549969170013
-2,0,7.204757983230677
-2,0,29.7
-2,0,29.7
-2,0,29.7
-2,0,6.658716986139947
-2,0,29.7
-2,0,18.469874277743827
-2,0,25.238600344175868
-2,0,5.102619363165903
-2,0,29.7
-2,0,29.7
-2,0,29.7
-2,0,22.13143740364147
-2,0,25.405638625208073
-2,0,7.695832746468021
-2,0,21.659865525868177
-2,0,25.149843761888214
-2,0,16.517236043966665
-2,0,15.1259292527341
-2,0,11.06834265014813
-2,0,21.33409639133488
-2,0,19.976346700866394
-2,0,19.226762277387355
-2,0,16.561011712824836
-2,0,29.7
-2,0,21.08098171081744
-2,0,1.6500000000000001
-2,0,27.294614421542583
-2,0,10.155110668651615
-2,0,20.66728479764437
-2,0,22.255471684488583
-2,0,10.401011956506366
-2,0,23.774686852468513
-2,0,15.49017929710948
-2,0,21.210844784145415
-2,0,22.80652819173665
-2,0,10.930772246996876
-2,0,15.776481764082767
-2,0,13.235083788352537
-2,0,16.488776856233773
-2,0,29.7
-2,0,29.7
-2,0,20.805671092898777
-2,0,20.933062343478024
-2,0,29.7
-2,0,23.04833704232802
-2,0,23.828436178858176
-2,0,22.1162546548487
-2,0,21.6173348847427
-2,0,29.7
-2,0,18.518921566678586
-2,0,29.7
-2,0,29.7
-2,0,17.821887738509204
-2,0,15.094313345408288
-2,0,29.7
-2,0,14.224859991054075
-2,0,25.920884390678935
-2,0,9.248933913786269
-2,0,28.183601276645284
-2,0,14.346581766511315
-2,0,28.67930953421491
-2,0,29.7
-2,0,13.39984187087101
-2,0,17.081168171933033
-2,0,12.372313571767197
-2,0,29.7
-2,0,29.7
-2,0,16.197361315106832
-2,0,29.7
-2,0,29.44782680343358
-2,0,29.7
-2,0,26.15181954715659
-2,0,21.396736679436394
-2,0,20.945220578167646
-2,0,3.839488174249162
-2,0,29.7
-2,0,29.7
-2,0,29.7
-2,0,2.5275303862380714
-2,0,19.62538407187414
-2,0,11.22340397173111
-2,0,25.30051598065274
-2,0,16.306199801523075
-2,0,25.116780822866765
-2,0,1.6500000000000001
-2,0,29.7
-2,0,21.402478598239274
-2,0,16.444278727566655
-2,0,3.2007979790679073
-2,0,17.13340967663061
-2,0,26.03102744051828
-2,0,28.016923248487362
-2,0,29.7
-2,0,19.36437709385075
-2,0,11.024651467045702
-2,0,19.98421282831401
-2,0,20.543559599399124
-2,0,24.933823463182158
-2,0,18.369613282409308
-2,0,1.6500000000000001
-2,0,29.7
-2,0,25.50507724339693
-2,0,21.381137434192436
-1,0,22.50212321386244
-1,0,2.4764837464309295
-1,0,20.212078593107307
-1,0,29.7
-1,0,12.555725509658403
-1,0,4.941670625237048
-1,0,29.7
-1,0,24.373754549085586
-1,0,21.95539373152533
-1,0,19.55785541455785
-1,0,29.7
-1,0,12.046396196775145
-1,0,13.522600143375007
-1,0,9.193282481018734
-1,0,20.822986529847526
-1,0,29.7
-1,0,29.7
-1,0,26.697989140629197
-1,0,29.7
-1,0,29.7
-1,0,29.7
-1,0,29.7
-1,0,25.23668495433944
-1,0,23.727541835633346
-1,0,29.7
-1,0,28.72677842713705
-1,0,12.758273704672762
-1,0,24.706198820429634
-1,0,29.7
-1,0,25.13708819235339
-1,0,25.57177157537707
-1,0,29.7
-1,0,25.436515070817077
-1,0,29.47994887554662
-1,0,28.256172067043586
-1,0,17.47308236168589
-1,0,14.770419708093748
-1,0,19.955921370239146
-1,0,15.531609820175587
-1,0,29.7
-1,0,29.7
-1,0,29.7
-1,0,29.7
-1,0,29.7
-1,0,27.133730564363713
-1,0,5.36117127344621
-1,0,5.32066241958187
-1,0,21.334582093095978
-1,0,14.069533336820145
-1,0,7.3999461723853965
-1,0,24.206478072229373
-1,0,29.7
-1,0,29.7
-1,0,29.7
-1,0,24.657378360004447
-1,0,14.146088867529123
-1,0,7.3992374697056995
-1,0,18.63648399073658
-1,0,29.7
-1,0,27.862991277899273
-1,0,29.7
-1,0,9.582718938283277
-1,0,10.81789648704073
-1,0,8.144214414257256
-1,0,29.7
-1,0,18.180480888885306
-1,0,10.315410628920098
-1,0,23.08188959554828
-1,0,20.909598129564404
-1,0,11.297976379562039
-1,0,29.7
-1,0,20.74598100089811
-1,0,29.7
-1,0,29.7
-1,0,16.896358195040925
-1,0,29.7
-1,0,29.7
-1,0,29.7
-1,0,20.788075892242983
-1,0,24.855633463730324
-1,0,28.28893050682889
-1,0,17.725433603064893
-1,0,13.23634027710944
-1,0,27.730205167327476
-1,0,22.701223738087275
-1,0,21.26624608598903
-1,0,28.013439173511948
-1,0,15.470931939106064
-1,0,29.7
-1,0,12.184402642517052
-1,0,20.26439024237743
-1,0,8.391807760553771
-1,0,29.7
-1,0,29.7
-1,0,27.49113475575568
-1,0,29.7
-1,0,19.57037382486727
-1,0,14.520872562400353
-1,0,15.106396254948939
-1,0,29.7
-1,0,15.152462863870095
-1,0,22.41998629506654
-1,0,29.7
-1,0,10.664250506563898
-1,0,15.302584204411014
-1,0,21.214607334447305
-1,0,26.49701846731728
-1,0,29.7
-1,0,25.654340796136573
-1,0,29.7
-1,0,29.7
-1,0,25.65140588040875
-1,0,29.7
-1,0,29.7
-1,0,29.7
-1,0,8.234951565078756
-1,0,29.42611560043362
-1,0,1.8330828833355568
-1,0,25.44844576933574
-1,0,29.7
-1,0,15.670126850655588
-1,0,29.7
0,0,17.24611327056282
0,0,18.719634208355266
0,0,29.7
0,0,29.7
0,0,17.434860724501654
0,0,29.7
0,0,11.312418157941615
0,0,26.217879800677387
0,0,13.668190525074662
0,0,16.79607013885318
0,0,29.7
0,0,18.922167585766726
0,0,29.7
0,0,5.946477475875717
0,0,29.7
0,0,28.860286062558693
0,0,29.7
0,0,17.920079930856204
0,0,13.389538344472907
0,0,29.7
0,0,29.7
0,0,22.00571453503255
0,0,29.7
0,0,27.849812920292372
0,0,29.7
0,0,22.27727654355652
0,0,27.323004994533257
0,0,22.58162186798013
0,0,23.269276243293803
0,0,6.122556307460904
0,0,20.07406298283265
0,0,24.133574366693413
0,0,27.40222501414066
0,0,18.07059453565526
0,0,17.34982771758255
0,0,14.237777732938588
0,0,29.7
0,0,29.7
0,0,29.7
0,0,29.7
0,0,29.7
0,0,29.7
0,0,29.7
0,0,17.23955076784756
0,0,13.948673745388794
0,0,15.937548315637091
0,0,7.20780325388654
0,0,29.7
0,0,28.573382775957896
0,0,27.819301517531933
0,0,22.671874714172336
0,0,29.7
0,0,29.7
0,0,23.9998958996105
0,0,19.742983686865802
0,0,13.04103723525217
0,0,22.132942299512642
0,0,28.1496136938096
0,0,23.119060916683523
0,0,1.6500000000000001
0,0,29.7
0,0,29.7
0,0,29.7
0,0,23.396696122028185
0,0,29.7
0,0,15.805944099274178
0,0,16.40246562938916
0,0,2.333318947472396
0,0,29.230690424216178
0,0,21.156886614437063
0,0,15.014636757138739
0,0,29.7
0,0,27.7101078398491
0,0,26.033710011461626
0,0,16.68732972022483
0,0,23.622105914037206
0,0,21.71016337153841
0,0,25.79771927246253
0,0,20.94322959879481
0,0,29.7
0,0,17.454720776784868
0,0,21.95675898002061
0,0,29.7
0,0,12.602027696787156
0,0,29.7
0,0,18.73718829405454
0,0,26.916403890189052
0,0,16.831062840490524
0,0,21.655065415861387
0,0,25.791554022793484
0,0,29.7
0,0,18.386441921728473
0,0,18.59340604114304
0,0,29.7
0,0,22.4172890696249
0,0,11.423506385507546
0,0,23.524332916856068
0,0,23.382713631348302
0,0,15.472169273200025
0,0,20.474365363820297
0,0,29.7
0,0,22.552796390136642
0,0,26.29461078735544
0,0,17.189050226079903
0,0,26.515853170419707
0,0,20.05542708660488
0,0,16.90808010211394
0,0,14.842251344542412
0,0,27.567828277394508
0,0,29.7
0,0,21.04672586368942
0,0,19.39693306754708
0,0,29.7
0,0,29.7
0,0,29.7
0,0,22.870925366775047
0,0,27.47266084684454
0,0,29.7
0,0,29.7
0,0,28.270877437377028
0,0,21.488911206721088
0,0,29.7
-1,0,21.84651996327409
-1,0,20.381472237628813
-1,0,12.687211164186092
-1,0,26.127346419005065
-1,0,12.263718007818818
-1,0,29.7
-1,0,22.592014707196768
-1,0,4.240567786176037
-1,0,26.379182649423417
-1,0,15.64933258699446
-1,0,12.471818927710983
-1,0,10.15592955784158
-1,0,25.66908424130176
-1,0,29.7
-1,0,23.26074390421419
-1,0,29.7
-1,0,29.7
-1,0,29.7
-1,0,29.7
-1,0,21.3637018678459
-1,0,18.96023821698816
-1,0,15.807134438958347
-1,0,1.6500000000000001
-1,0,21.281869253202334
-1,0,23.726371170385082
-1,0,16.98417400822424
-1,0,29.08742875307463
-1,0,29.7
-1,0,12.671375741161707
-1,0,26.293110149254797
-1,0,29.7
-1,0,29.7
-1,0,24.588752891998254
-1,0,19.164510980993334
-1,0,22.29751922469804
-1,0,29.7
-1,0,22.952286757297575
-1,0,29.7
-1,0,29.7
-1,0,13.998961483268925
-1,0,29.7
-1,0,28.68825563998053
-1,0,29.7
-1,0,29.7
-1,0,29.7
-1,0,24.4991874007137
-1,0,29.7
-1,0,13.746750327358084
-1,0,12.805599036681237
-1,0,1.6500000000000001
-1,0,29.7
-1,0,29.7
-1,0,29.7
-1,0,3.718886057812565
-1,0,23.559385540742944
-1,0,14.85589533169116
-1,0,14.862238524995947
-1,0,29.7
-1,0,29.7
-1,0,29.659975857316958
-1,0,29.7
-1,0,8.10058973928317
-1,0,24.196638761062438
-1,0,5.954330188455188
-1,0,29.7
-1,0,29.7
-1,0,26.00876650371444
-1,0,29.7
-1,0,26.304723913216563
-1,0,29.7
-1,0,29.7
-1,0,29.7
-1,0,27.449628699437234
-1,0,25.01183070674842
-1,0,29.7
-1,0,12.464512362584657
-1,0,12.232656389787579
-1,0,29.7
-1,0,22.750386566266332
-1,0,15.311657263868115
-1,0,5.139465637311028
-1,0,29.7
-1,0,20.167704428667445
-1,0,27.06473180945812
-1,0,29.7
-1,0,29.7
-1,0,29.7
-1,0,19.018345083052857
-1,0,23.048840814664075
-1,0,21.643303401836622
-1,0,29.7
-1,0,29.7
-1,0,20.575181802166707
-1,0,26.090707716115105
-1,0,12.681253323650225
-1,0,11.443981116724375
-1,0,29.7
-1,0,29.7
-1,0,29.36276856801133
-1,0,19.97231837556687
-1,0,16.38763173572309
-1,0,1.6500000000000001
-1,0,4.042009196530113
-1,0,29.7
-1,0,1.6500000000000001
-1,0,24.295061201635068
-1,0,8.676429029057513
-1,0,17.221868020206188
-1,0,29.7
-1,0,28.913833485682616
-1,0,29.7
-1,0,7.730303971381609
-1,0,14.464678666265858
-1,0,27.18857460254391
-1,0,29.7
-1,0,29.7
-1,0,17.27813399597882
-1,0,29.7
-1,0,22.769607067608277
-1,0,20.562558542327857
-1,0,20.666340160082257
-1,0,16.681675839536858
0,0,29.7
0,0,13.570974328620586
0,0,29.7
0,0,21.460278562804614
0,0,29.7
0,0,29.7
0,0,29.7
0,0,22.391845816024258
0,0,29.7
0,0,1.6500000000000001
0,0,29.7
0,0,29.7
0,0,27.177460545629685
0,0,29.7
0,0,21.30745476362635
0,0,29.7
0,0,29.7
0,0,23.29710528047652
0,0,17.433520636053697
0,0,28.980679255069898
0,0,29.7
0,0,29.7
0,0,29.7
0,0,29.7
0,0,26.12705849149458
0,0,15.74914603793952
0,0,29.7
0,0,29.7
0,0,10.792064552297306
0,0,28.58436710789053
0,0,14.797247549173377
0,0,23.187229174880365
0,0,29.7
0,0,24.979983574956513
0,0,22.614027552801648
0,0,9.775654468917141
0,0,10.826768107013853
0,0,18.760650649929392
0,0,24.80315894868001
0,0,29.7
0,0,29.7
0,0,22.78837212502016
0,0,29.7
0,0,29.427777445533057
0,0,22.051827706219555
0,0,29.7
0,0,21.575957253163484
0,0,22.32878027201716
0,0,16.0041240138901
0,0,16.76444476305813
0,0,10.651827697045794
0,0,14.082687327712332
0,0,29.7
0,0,29.7
0,0,19.5338034728248
0,0,29.7
0,0,21.166732525501438
0,0,25.21805760207196
0,0,29.7
0,0,18.76021483751763
0,0,29.7
0,0,29.7
0,0,22.078126770548636
0,0,29.7
0,0,5.984101861918788
0,0,17.234267711750476
0,0,12.590548990237751
0,0,29.7
0,0,28.135963217273652
0,0,12.346736607702582
0,0,29.7
0,0,28.6393027514409
0,0,29.652341918182472
0,0,9.967944232268964
0,0,16.484351816996657
0,0,29.7
0,0,14.209142112414778
0,0,29.7
0,0,23.103309874175494
0,0,29.7
0,0,29.7
0,0,1.6500000000000001
0,0,22.876489998143736
0,0,29.7
0,0,14.31599582496732
0,0,24.478513183848488
0,0,29.7
0,0,27.406485726800174
0,0,22.396051009158796
0,0,19.649660773317606
0,0,24.623692388890063
0,0,29.7
0,0,29.7
0,0,29.7
0,0,26.12609496117451
0,0,19.012583304407237
0,0,22.21519017527263
0,0,29.7
0,0,29.7
0,0,29.7
0,0,29.18150350861085
0,0,29.7
0,0,18.452783252010967
0,0,24.84151417575806
0,0,25.782824234252686
0,0,29.393381031272018
0,0,29.7
0,0,29.7
0,0,29.23892391025318
0,0,25.238672120072124
0,0,11.108704726440584
0,0,29.7
0,0,26.00432667317352
0,0,19.143391752012725
0,0,29.7
0,0,15.011024516786815
0,0,29.7
0,0,7.209011219734666
0,0,13.60798148221367
0,0,1.6500000000000001
0,0,28.402997978656952
0,0,18.031124043646475
-1,0,29.7
-1,0,29.7
-1,0,26.870862174956116
-1,0,29.7
-1,0,13.959350853266878
-1,0,29.7
-1,0,26.06994901301212
-1,0,16.02065895090104
-1,0,23.63994616586748
-1,0,3.321464580566232
-1,0,27.08761026208702
-1,0,24.37461695784911
-1,0,29.7
-1,0,13.812092151562949
-1,0,1.6500000000000001
-1,0,29.7
-1,0,1.6500000000000001
-1,0,26.52155520909186
-1,0,29.7
-1,0,29.7
-1,0,26.329303287159778
-1,0,29.7
-1,0,27.458480663563137
-1,0,20.947660393186144
-1,0,29.7
-1,0,29.7
-1,0,20.26404196902683
-1,0,29.7
-1,0,17.114379699279475
-1,0,29.7
-1,0,6.450605978109714
-1,0,29.7
-1,0,29.7
-1,0,23.137671515259854
-1,0,14.857007904650477
-1,0,29.7
-1,0,29.7
-1,0,24.975652582642393
-1,0,14.732852029916295
-1,0,2.7030306569445415
-1,0,12.651967705425246
-1,0,23.17927142287973
-1,0,15.119465162083003
-1,0,2.6805812353787566
-1,0,28.038008331293273
-1,0,6.879438408297467
-1,0,15.444610064683575
-1,0,29.7
-1,0,29.7
-1,0,29.7
-1,0,29.7
-1,0,29.7
-1,0,17.777689907614832
-1,0,20.965604085623816
-1,0,29.7
-1,0,29.7
-1,0,8.65961945508712
-1,0,29.63274852651957
-1,0,29.7
-1,0,18.048981760495195
-1,0,20.05451248915992
-1,0,29.7
-1,0,25.591368160399508
-1,0,13.809901207032594
-1,0,29.7
-1,0,29.22460033345353
-1,0,26.6846525011422
-1,0,17.836809751764065
-1,0,20.48538333198769
-1,0,19.709032249866887
-1,0,13.355948571429163
-1,0,13.139902891552067
-1,0,19.50797353925486
-1,0,6.588783535941104
-1,0,27.06071245743619
-1,0,24.13817095460044
-1,0,20.757084745141878
-1,0,12.046980361228297
-1,0,9.797347660968567
-1,0,9.087031308092861
-1,0,25.03606116783838
-1,0,14.369329959992069
-1,0,29.7
-1,0,21.24225547173489
-1,0,24.18045347938544
-1,0,23.254799596305762
-1,0,29.7
-1,0,8.623982269650213
-1,0,29.7
-1,0,29.7
-1,0,19.508217385053506
-1,0,19.206056427343263
-1,0,19.780528195486177
-1,0,29.7
-1,0,23.132537372570404
-1,0,25.327170151037393
-1,0,7.037136037405748
-1,0,21.777635286645207
-1,0,23.849302797763187
-1,0,19.836225526518188
-1,0,21.89900935883966
-1,0,25.066016152987345
-1,0,20.20082597152239
-1,0,1.6500000000000001
-1,0,14.430054032698699
-1,0,27.488681039738175
-1,0,24.621313685387353
-1,0,9.940135130528715
-1,0,29.7
-1,0,29.7
-1,0,19.49418993923074
-1,0,27.955762074101834
-1,0,20.976651600358256
-1,0,29.7
-1,0,26.529589931231396
-1,0,29.7
-1,0,17.623045326644323
-1,0,19.404237087920055
-1,0,29.7
-1,0,29.7
-1,0,4.946970809206089
-1,0,29.7
-1,0,8.684020213463693
0,0,29.7
0,0,11.054176105709233
0,0,15.765570836614916
0,0,11.699159012790492
0,0,18.330456181121356
0,0,27.675847907713155
0,0,29.7
0,0,19.959986893244615
0,0,28.51912091426157
0,0,29.7
0,0,16.50474614266144
0,0,29.7
0,0,29.7
0,0,12.95794005564231
0,0,15.754990708494415
0,0,27.228460546430355
0,0,19.916077225952804
0,0,29.7
0,0,29.7
0,0,12.708958026111446
0,0,29.7
0,0,20.446278302054914
0,0,18.376179187864984
0,0,4.044573334293727
0,0,1.870437693308908
0,0,27.119509862273784
0,0,9.958613137478581
0,0,20.570863724822118
0,0,29.7
0,0,23.232263312724967
0,0,29.7
0,0,29.7
0,0,19.776280813377205
0,0,10.599612308647687
0,0,9.988422678896665
0,0,21.280731244910985
0,0,29.7
0,0,20.934523058083123
0,0,22.737728131616116
0,0,19.904293370461126
0,0,29.7
0,0,26.835586122595377
0,0,22.324988583577998
0,0,29.600974633916305
0,0,27.669057298926795
0,0,5.243322746215018
0,0,3.5207645386728394
0,0,16.402179976198067
0,0,26.04326663187215
0,0,29.7
0,0,29.7
0,0,21.68758256773562
0,0,22.804195001559822
0,0,10.89873284323498
0,0,29.7
0,0,29.7
0,0,29.7
0,0,3.3332531444544173
0,0,29.7
0,0,24.42204835750637
0,0,14.774273777067295
0,0,29.7
0,0,27.351892913253963
0,0,15.047560427948289
0,0,15.057550235784655
0,0,29.7
0,0,21.599030593129182
0,0,29.7
0,0,19.825438340087366
0,0,18.794025342667386
0,0,17.941994302342295
0,0,14.917069589841978
0,0,14.862962327920673
0,0,15.135441104114623
0,0,22.484639450910148
0,0,29.7
0,0,25.507139501431013
0,0,29.460301318460388
0,0,12.495936989010175
0,0,28.66946698424657
0,0,29.7
0,0,29.7
0,0,21.57442029349223
0,0,29.7
0,0,18.419756836530006
0,0,12.635157454333378
0,0,23.93880444766196
0,0,14.354611273122572
0,0,20.1145100926827
0,0,11.343291964899166
0,0,28.444402611233905
0,0,20.370573395689807
0,0,29.7
0,0,15.698141720888819
0,0,10.656069698351406
0,0,8.074248296162214
0,0,25.99354212994883
0,0,23.230760810190862
0,0,7.4593468796064855
0,0,29.037013255440144
0,0,23.18635099449853
0,0,27.805294421549164
0,0,21.36845948637842
0,0,29.7
0,0,16.23903871216212
0,0,25.55761447649696
0,0,14.769855148212232
0,0,29.7
0,0,29.7
0,0,29.7
0,0,29.7
0,0,23.077052686370266
0,0,29.7
0,0,6.333007834446292
0,0,29.7
0,0,29.7
0,0,27.391888439870854
0,0,8.076441648120834
0,0,29.7
0,0,29.7
0,0,21.509242245192222
0,0,26.042889803127842
1,0,29.7
1,0,25.532979827284734
1,0,29.100310445847988
1,0,29.7
1,0,29.7
1,0,29.7
1,0,3.6308764494602244
1,0,11.877657515344197
1,0,29.7
1,0,13.590212555804175
1,0,29.7
1,0,23.385841321122626
1,0,29.7
1,0,29.7
1,0,13.789559582787936
1,0,16.758609918253313
1,0,20.78014281908155
1,0,29.7
1,0,19.081577207213574
1,0,13.424448398251318
1,0,17.850101901324624
1,0,14.539480700806228
1,0,16.986135268527207
1,0,23.395271632241986
1,0,9.28641292752016
1,0,14.7588955945275
1,0,25.32316582160422
1,0,1.6500000000000001
1,0,24.59792205679917
1,0,24.367246907707703
1,0,1.6500000000000001
1,0,24.04540493817815
1,0,29.7
1,0,29.7
1,0,13.24653622914791
1,0,20.205173681261655
1,0,29.7
1,0,25.77521680641042
1,0,20.2912940574738
1,0,13.93675997660072
1,0,29.7
1,0,27.965550152632133
1,0,29.7
1,0,29.7
1,0,29.7
1,0,10.839895603747706
1,0,14.75203172392018
1,0,26.936244275505118
1,0,29.43267166805055
1,0,4.9732502153168845
1,0,21.10775569806574
1,0,29.062823460345527
1,0,23.947279157167614
1,0,29.7
1,0,18.071978500628592
1,0,17.529749483746038
1,0,21.368012632021458
1,0,17.640199567324014
1,0,8.95854431255825
1,0,26.611941982322577
1,0,9.028886870324339
1,0,29.65738671843681
1,0,14.188409434934556
1,0,29.7
1,0,29.7
1,0,12.216643173915028
1,0,11.710396465071163
1,0,29.7
1,0,12.48601107729222
1,0,21.044784935862324
1,0,20.612400156838383
1,0,29.7
1,0,9.73794127696337
1,0,20.259187418357584
1,0,1.6500000000000001
1,0,25.490483783027543
1,0,24.395873963840646
1,0,29.21966716152373
1,0,10.76591050925122
1,0,29.7
1,0,22.718773236331295
1,0,29.7
1,0,8.388008897107586
1,0,29.7
1,0,19.0129589397503
1,0,29.7
1,0,9.504747266662795
1,0,20.446165830927807
1,0,9.27947126247324
1,0,27.27145605472395
1,0,20.524082428688953
1,0,29.7
1,0,14.984667133513446
1,0,29.7
1,0,29.7
1,0,28.906038925085063
1,0,9.405850699559215
1,0,29.7
1,0,29.7
1,0,13.261742096670854
1,0,1.6500000000000001
1,0,3.7927314276459008
1,0,18.810239117531566
1,0,18.478952765757185
1,0,21.137949556790854
1,0,20.518744428248503
1,0,29.7
1,0,29.7
1,0,29.7
1,0,20.51724035279846
1,0,19.779505252995683
1,0,29.7
1,0,29.7
1,0,29.7
1,0,29.7
1,0,29.7
1,0,20.354353855180836
1,0,22.667913792543402
1,0,29.7
1,0,29.7
1,0,15.431728825970694
1,0,11.00218718807184
2,0,16.484522324509676
2,0,12.77101206523032
2,0,8.265689027756384
2,0,29.336260272339022
2,0,29.7
2,0,21.216751906556443
2,0,10.584698377799281
2,0,19.258984456936638
2,0,15.567519396734433
2,0,14.119144118645082
2,0,27.07787241968843
2,0,26.49165052384338
2,0,29.7
2,0,29.7
2,0,24.477821874303242
2,0,5.616821698872403
2,0,29.7
2,0,29.7
2,0,12.69919630426326
2,0,21.934837798485027
2,0,29.7
2,0,29.295112419910854
2,0,28.456743568277506
2,0,25.770323967502655
2,0,29.7
2,0,18.356873272677728
2,0,28.676760751903505
2,0,13.152291635213066
2,0,29.7
2,0,29.7
2,0,29.7
2,0,27.7582613229074
2,0,24.639463736532132
2,0,6.677696078973996
2,0,29.7
2,0,15.37012946573678
2,0,3.438287913860993
2,0,29.7
2,0,27.7070536474945
2,0,6.068021394427264
2,0,29.7
2,0,23.016088980506822
2,0,23.93566101675017
2,0,20.349634063212452
2,0,12.66919654181671
2,0,29.7
2,0,3.2156523303816336
2,0,22.898260686439475
2,0,29.7
2,0,18.24008695784084
2,0,29.7
2,0,5.215577177595819
2,0,28.250697830126338
2,0,28.436693004495687
2,0,29.7
2,0,22.894883458209943
2,0,27.05593884958874
2,0,21.21994583591201
2,0,20.01441838000518
2,0,29.7
2,0,29.7
2,0,25.90670392431835
2,0,24.214603362003356
2,0,18.838730674645202
2,0,24.623674004556076
2,0,15.752608434537045
2,0,14.839232180478934
2,0,10.156784804682815
2,0,29.7
2,0,29.7
2,0,18.64480195831953
2,0,19.999839044136216
2,0,26.22990836791911
2,0,23.91854137314213
2,0,21.66232130204731
2,0,29.7
2,0,29.7
2,0,20.46535663453804
2,0,18.89503454835558
2,0,25.507356276661387
2,0,24.319331324071374
2,0,19.20046737257393
2,0,29.7
2,0,29.255295987216
2,0,16.879308368393673
2,0,24.114728576763262
2,0,29.7
2,0,29.7
2,0,27.601444699735957
2,0,21.495320518727993
2,0,17.108375776473814
2,0,17.65361447384676
2,0,29.7
2,0,27.866257271624228
2,0,11.287989024141751
2,0,29.7
2,0,13.767847828738315
2,0,2.7954150598051157
2,0,24.216943689544323
2,0,16.875958536573602
2,0,21.384137557092576
2,0,29.7
2,0,29.7
2,0,19.46189399899737
2,0,17.442826425099003
2,0,28.301972055564192
2,0,29.7
2,0,28.62310652502741
2,0,7.816627410492998
2,0,5.35187040215833
2,0,26.530484586573632
2,0,29.7
2,0,16.01807469790142
2,0,2.827758436255472
2,0,9.180180736745223
2,0,14.702206265261673
2,0,24.624940665111893
2,0,29.7
2,0,10.393222004108333
2,0,29.7
2,0,29.7
2,0,29.7
3,0,16.07945334953177
3,0,7.256713394034119
3,0,20.855363199570146
3,0,22.4349888641245
3,0,27.353068704876602
3,0,27.348149991470095
3,0,19.64053591017739
3,0,23.581283247784484
3,0,17.488252054617654
3,0,23.33220934121046
3,0,4.460142147187852
3,0,6.650926777609646
3,0,19.306609095178285
3,0,1.6500000000000001
3,0,16.548262217145048
3,0,29.400901686788167
3,0,14.85215396234876
3,0,18.856736457326186
3,0,9.642025334887231
3,0,17.440754298589535
3,0,26.031464791850013
3,0,1.6500000000000001
3,0,1.8074681882610992
3,0,13.319108717148017
3,0,6.747257211928307
3,0,15.900856524355488
3,0,29.7
3,0,27.251579372298348
3,0,28.455722376309225
3,0,29.43484293804802
3,0,29.7
3,0,29.7
3,0,10.397662091341
3,0,27.151955885793356
3,0,23.534626657932485
3,0,12.96368987437496
3,0,29.7
3,0,29.7
3,0,20.75338012877816
3,0,29.7
3,0,29.7
3,0,15.144828340708038
3,0,13.024751033995388
3,0,24.677441604368095
3,0,11.533179879225175
3,0,16.735037504577406
3,0,21.81341616440818
3,0,29.7
3,0,6.091944910580267
3,0,14.547585492941558
3,0,12.891852134737164
3,0,29.7
3,0,1.6500000000000001
3,0,13.80068221917549
3,0,29.7
3,0,29.7
3,0,11.633014185851312
3,0,29.7
3,0,1.6500000000000001
3,0,17.90553958657605
3,0,20.650268546587988
3,0,20.36870165354844
3,0,10.753172632507404
3,0,1.6500000000000001
3,0,5.925096364625018
3,0,16.427916650882633
3,0,15.724713279815855
3,0,26.001811892481506
3,0,29.7
3,0,29.7
3,0,18.600119681132732
3,0,6.587474051236111
3,0,20.831761264884367
3,0,21.169404508602693
3,0,25.635923040513863
3,0,29.7
3,0,1.9458444060018678
3,0,24.3897667122865
3,0,16.76133573689354
3,0,29.7
3,0,29.7
3,0,29.7
3,0,19.76832415287331
3,0,16.135772661913553
3,0,29.7
3,0,15.155300061327976
3,0,13.223904905146382
3,0,22.25640436687239
3,0,5.960019701900702
3,0,16.076756540448493
3,0,10.052895602356664
3,0,16.611824538627722
3,0,3.7436368128010358
3,0,29.7
3,0,27.467936636147424
3,0,27.045369496609922
3,0,15.207521991327855
3,0,17.54013875627735
3,0,16.607535815647655
3,0,14.86900934105234
3,0,23.010266654692145
3,0,29.7
3,0,29.7
3,0,24.749359676518722
3,0,14.828039976703405
3,0,17.93261858822571
3,0,6.521357858792422
3,0,1.6500000000000001
3,0,1.6500000000000001
3,0,23.050469100782315
3,0,16.589953669841293
3,0,28.124692302826258
3,0,29.7
3,0,29.7
3,0,29.7
3,0,23.277978314246006
3,0,16.595146528285184
3,0,22.91973858807764
3,0,24.68067717537466
3,0,20.211857459773224
3,0,26.74515718956464
3,0,29.7
4,0,29.7
4,0,14.208562726074994
4,0,1.6500000000000001
4,0,21.622988939305625
4,0,29.7
4,0,29.7
4,0,17.79336808223518
4,0,23.51865692205584
4,0,24.603193062356905
4,0,11.830339525771144
4,0,23.293559555142426
4,0,17.702427686784166
4,0,26.859317578215073
4,0,28.001600731654513
4,0,25.570405195340555
4,0,7.043737229466865
4,0,21.565531643025157
4,0,3.5919363384212843
4,0,23.946515498112337
4,0,29.7
4,0,18.148277939256644
4,0,21.94841551001017
4,0,12.405760638942699
4,0,29.7
4,0,29.7
4,0,9.720721817405314
4,0,27.861967110180636
4,0,29.7
4,0,17.939045388396863
4,0,23.596579754943185
4,0,29.7
4,0,17.246650470385816
4,0,12.334546065317252
4,0,12.070556476734799
4,0,29.7
4,0,28.13251171904152
4,0,29.7
4,0,20.292893913402274
4,0,10.987340551539546
4,0,22.30219272109995
4,0,6.23052729791047
4,0,1.6500000000000001
4,0,23.71233837688559
4,0,22.31593183307262
4,0,29.7
4,0,29.7
4,0,26.867827295680993
4,0,17.69169161701172
4,0,14.747367134100005
4,0,10.512114930380978
4,0,6.808904961660417
4,0,24.197189801373565
4,0,16.101247522025012
4,0,29.7
4,0,4.798607068707804
4,0,4.8682689329053375
4,0,25.840032307049547
4,0,8.526263440414883
4,0,26.688714659664306
4,0,8.722894642472347
4,0,16.525123565303776
4,0,10.679340889079025
4,0,29.7
4,0,1.6500000000000001
4,0,19.361438343931855
4,0,29.7
4,0,26.12563797745936
4,0,22.029900840655525
4,0,10.58802041401679
4,0,9.08418603535961
4,0,16.84565889446533
4,0,5.146100596224731
4,0,14.173392758131964
4,0,19.673072448491244
4,0,14.436026089168731
4,0,29.14789120852287
4,0,15.5156119388845
4,0,25.53744623580799
4,0,7.170712326830547
4,0,6.636424770315907
4,0,29.7
4,0,24.94253872259498
4,0,29.7
4,0,20.05199206460466
4,0,29.7
4,0,17.27888978177613
4,0,29.682104520523673
4,0,20.21279384815684
4,0,17.073857823384483
4,0,11.08195747975671
4,0,6.631349154166045
4,0,29.7
4,0,14.513335512315463
4,0,8.661399164265049
4,0,17.247857237179748
4,0,29.559254830753467
4,0,3.856454614960011
4,0,18.617538758770305
4,0,24.292022072086088
4,0,19.25749612215067
4,0,23.619034059284004
4,0,29.7
4,0,5.64651084300402
4,0,22.654312745648223
4,0,22.665978953677023
4,0,29.7
4,0,5.722208498186898
4,0,16.511214047353718
4,0,1.6500000000000001
4,0,28.528196579242774
4,0,29.7
4,0,23.37142786352837
4,0,10.71293871082026
4,0,21.433641728171587
4,0,6.076512541765256
4,0,3.5243521227900114
4,0,29.7
4,0,26.106497461582446
4,0,2.53052232391601
4,0,15.191339908939655
4,0,29.7
4,0,29.7
4,0,25.838824698236515
4,1,6.425218498573377
4,1,13.54328632046028
4,1,26.794133862860747
4,1,12.11625090124398
4,1,15.775667094564273
4,1,25.034381423978516
4,1,29.097642705733737
4,1,22.845090991659355
4,1,7.785291541068
4,1,29.467506499613393
4,1,17.490815939079187
4,1,14.971224697418187
4,1,9.145720623930702
4,1,26.42511170871448
4,1,9.290211001044055
4,1,29.7
4,1,29.7
4,1,19.93964342850392
4,1,20.142309363591636
4,1,17.33854255418333
4,1,5.103460650389527
4,1,19.19669252293764
4,1,5.631074784173135
4,1,4.642769502703622
4,1,29.7
4,1,29.07930750081014
4,1,29.7
4,1,17.431544144560064
4,1,21.518421898253138
4,1,10.491200988667481
4,1,17.007884461429988
4,1,23.626351270065403
4,1,8.798901565869194
4,1,21.755751112029394
4,1,19.75965667169133
4,1,25.67758591005373
4,1,12.188174834201622
4,1,23.29909876410843
4,1,22.138862358091384
4,1,29.7
4,1,11.52639773429783
4,1,27.680712113751042
4,1,15.909466488633468
4,1,27.103667884954543
4,1,15.873774804924544
4,1,25.625962936857263
4,1,5.728907554300909
4,1,29.7
4,1,26.537836198979658
4,1,9.401810809102775
4,1,12.358905592840316
4,1,15.343882708697521
4,1,29.7
4,1,29.7
4,1,29.7
4,1,11.792847867006333
4,1,18.22199132222452
4,1,21.6573066132683
4,1,22.46787265500689
4,1,19.572778468860616
4,1,7.327914514443133
4,1,1.6500000000000001
4,1,15.85591752974867
4,1,13.406488779328912
4,1,29.7
4,1,29.7
4,1,29.56631487597403
4,1,29.7
4,1,29.7
4,1,11.255205825027844
4,1,18.896347453864358
4,1,13.91714029898588
4,1,26.443372442840225
4,1,19.07776653115856
4,1,13.236767816584653
4,1,21.415614298183165
4,1,11.75030215180552
4,1,27.56301253283807
4,1,20.85263078487671
4,1,15.067218663022356
4,1,10.86284599068455
4,1,27.125784467581276
4,1,29.7
4,1,10.55922795960511
4,1,19.28708081567015
4,1,12.109754921923832
4,1,9.312254182968125
4,1,29.56257017813435
4,1,15.514432069316952
4,1,29.7
4,1,21.7917684680025
4,1,3.658580768671051
4,1,18.304694773569256
4,1,10.011242442010348
4,1,10.46424165206544
4,1,29.7
4,1,18.297953070411605
4,1,21.15482834004128
4,1,24.577458243067397
4,1,19.51040067685662
4,1,14.325736847802265
4,1,10.683113890450205
4,1,28.09177337274317
4,1,29.7
4,1,12.31318978457318
4,1,29.7
4,1,1.9767532019771892
4,1,29.7
4,1,1.6500000000000001
4,1,29.7
4,1,4.858411236520711
4,1,18.935613572566062
4,1,29.7
4,1,12.472397821942678
4,1,29.7
4,1,29.7
4,1,21.78666303877237
4,1,19.54882848570122
4,1,6.569045652773651
4,1,24.759609461369134
4,1,13.51051078749037
4,1,11.722782913791395
5,1,23.199485810789522
5,1,29.7
5,1,5.684309397442481
5,1,12.191908348079185
5,1,5.808172077119345
5,1,13.278361094901388
5,1,6.787873205615957
5,1,4.516752674792611
5,1,29.7
5,1,18.768064517948815
5,1,29.7
5,1,23.604596214666806
5,1,7.727699465313172
5,1,29.7
5,1,18.312336292081785
5,1,12.81712355607635
5,1,6.208192979667348
5,1,20.150304880627253
5,1,7.070133026800226
5,1,2.5147890490665485
5,1,25.624515063388486
5,1,14.927236834141336
5,1,17.38947258769675
5,1,14.62990622445308
5,1,2.781069143054962
5,1,1.6540031186882391
5,1,16.184762966605888
5,1,29.7
5,1,16.89068585164498
5,1,21.99466546125626
5,1,8.672112203155752
5,1,1.6500000000000001
5,1,9.818681826119592
5,1,26.169745830567983
5,1,14.007951503924016
5,1,29.7
5,1,7.287761794905686
5,1,29.7
5,1,21.344685671567092
5,1,25.172332998958886
5,1,26.29920285598046
5,1,29.7
5,1,29.7
5,1,9.635212002786028
5,1,17.18866521114447
5,1,29.7
5,1,13.274925645232162
5,1,13.940926543681913
5,1,29.7
5,1,29.7
5,1,15.366880739430897
5,1,20.162810027114123
5,1,8.153426357065126
5,1,28.821422831882977
5,1,16.930475371910287
5,1,29.7
5,1,13.395723001616034
5,1,15.487141570594169
5,1,25.702039717007604
5,1,11.69551750155425
5,1,10.963399674176793
5,1,28.27566687646927
5,1,10.688386017389792
5,1,29.7
5,1,21.183345951563986
5,1,25.375268613447915
5,1,7.973256869258231
5,1,29.7
5,1,18.197104049500403
5,1,26.7985672999146
5,1,22.416222084773608
5,1,24.511601658835552
5,1,23.632095816364494
5,1,14.333902579270436
5,1,17.23356167939636
5,1,8.86262778813876
5,1,19.017215007983683
5,1,18.23049832721498
5,1,29.7
5,1,7.3272800333369865
5,1,6.651895720681226
5,1,20.350586138891828
5,1,19.836793833890166
5,1,6.414630314688242
5,1,19.557143479504084
5,1,22.92467137637556
5,1,19.093799652575854
5,1,1.6500000000000001
5,1,8.8594069734655
5,1,12.615673021394615
5,1,14.384388346675987
5,1,11.50248109911368
5,1,29.7
5,1,16.410030433346968
5,1,7.708386662970936
5,1,23.230711858726526
5,1,16.665006123626483
5,1,2.698417022407199
5,1,25.837971362222653
5,1,14.925114408561125
5,1,27.143084814491317
5,1,8.726665723695024
5,1,17.39092847937161
5,1,18.164420106289235
5,1,29.201549568706675
5,1,20.279614555719487
5,1,7.189679751296991
5,1,29.7
5,1,6.880787903536188
5,1,27.421737237910854
5,1,9.96982953689989
5,1,20.67296733664848
5,1,14.249094503899617
5,1,29.7
5,1,1.6500000000000001
5,1,22.79819690208351
5,1,29.7
5,1,13.357292371031225
5,1,29.7
5,1,29.7
5,1,29.7
5,1,19.71131465085408
5,2,10.274625723056808
5,2,22.682383992679313
5,2,10.400386895156663
5,2,1.6500000000000001
5,2,17.326338886337677
5,2,26.139526222310145
5,2,29.7
5,2,29.7
5,2,16.854259070606094
5,2,12.353691118489763
5,2,29.7
5,2,21.482468881620594
5,2,5.933791459187416
5,2,8.774284035881776
5,2,24.39426793667554
5,2,26.907768009188047
5,2,29.7
5,2,21.73622434785826
5,2,18.15191427894269
5,2,2.877904142684727
5,2,26.036225524566945
5,2,28.281124103455646
5,2,26.41853062919474
5,2,24.573886282626635
5,2,10.811309261429404
5,2,17.89460478600129
5,2,14.179055076406433
5,2,11.266731206312443
5,2,1.6500000000000001
5,2,19.069694202267318
5,2,4.428721988439733
5,2,25.98569760506727
5,2,6.627213124345506
5,2,9.546206867538935
5,2,1.6500000000000001
5,2,7.772234217182913
5,2,25.428818207447726
5,2,21.85880937996723
5,2,10.918382398697752
5,2,16.100430868635453
5,2,14.150840712831226
5,2,29.7
5,2,1.6500000000000001
5,2,1.6500000000000001
5,2,29.7
5,2,29.7
5,2,3.871439177946506
5,2,19.054737424197864
5,2,5.259053117505925
5,2,29.7
5,2,1.6500000000000001
5,2,11.202622550901559
5,2,14.34894825216102
5,2,4.832720155311383
5,2,11.768694062874014
5,2,5.106552735218518
5,2,29.7
5,2,29.7
5,2,15.16126900090254
5,2,27.15821327820345
5,2,1.6500000000000001
5,2,16.61546476403753
5,2,29.7
5,2,17.839618607828985
5,2,14.054584142242787
5,2,1.6500000000000001
5,2,24.8340637731688
5,2,11.435377276003829
5,2,29.7
5,2,5.299791667507112
5,2,15.360229659123837
5,2,1.6500000000000001
5,2,16.275035523169688
5,2,13.488520339178361
5,2,12.087125812377593
5,2,1.6500000000000001
5,2,1.6500000000000001
5,2,29.7
5,2,21.02316418545587
5,2,15.57189586968418
5,2,25.12327406124102
5,2,3.5846004226566315
5,2,14.563478299563846
5,2,16.881997823852593
5,2,15.492164263672738
5,2,14.37332602957293
5,2,16.111830233816274
5,2,25.298302341210796
5,2,4.081109920969135
5,2,19.251317677460833
5,2,10.923986327612411
5,2,29.7
5,2,19.11161680201696
5,2,24.068274707857803
5,2,10.977895164825327
5,2,26.159759486174934
5,2,15.668960727077511
5,2,7.66557138699226
5,2,17.34792898590012
5,2,21.62112334629431
5,2,1.6500000000000001
5,2,29.7
5,2,14.596726695707835
5,2,6.196185066106116
5,2,4.839836418775107
5,2,29.7
5,2,12.129396232660628
5,2,29.7
5,2,1.6500000000000001
5,2,1.6500000000000001
5,2,5.72383437821423
5,2,29.7
5,2,29.7
5,2,22.15069948915476
5,2,14.102023660050069
5,2,17.340797847577207
5,2,8.41004847743898
5,2,11.441331328809108
5,2,16.70728876525524
5,2,27.454392211763313
5,2,26.701663357026852
5,2,10.49099518708153
5,3,11.974480236086688
5,3,16.48308345259987
5,3,9.697872610933572
5,3,13.76769560367707
5,3,10.056413299693714
5,3,25.55024405113675
5,3,15.805341034608395
5,3,12.318839730035695
5,3,8.759193736173621
5,3,11.70126088939736
5,3,29.7
5,3,19.007135158276007
5,3,16.289801989274693
5,3,11.417620188937626
5,3,12.774555735002084
5,3,18.774961287681386
5,3,7.145283244135888
5,3,15.835494814340317
5,3,14.993834800256462
5,3,22.93580519064574
5,3,12.450896879941025
5,3,29.7
5,3,12.749733545552687
5,3,24.246506885081555
5,3,29.7
5,3,25.12589997090236
5,3,20.980692408300513
5,3,5.957830783929898
5,3,19.34106308099676
5,3,13.337767429716768
5,3,10.433647507194152
5,3,29.7
5,3,18.517450237229944
5,3,15.791903357118631
5,3,29.7
5,3,13.189087732276278
5,3,18.399858884846882
5,3,12.109032735892328
5,3,29.7
5,3,25.817675858526655
5,3,17.54660161149435
5,3,1.6500000000000001
5,3,20.04961631979085
5,3,19.144009197018036
5,3,29.7
5,3,29.7
5,3,29.7
5,3,21.55969045269202
5,3,17.416120274549858
5,3,18.87166573266484
5,3,19.550246242104024
5,3,1.6500000000000001
5,3,21.248397701993923
5,3,24.756661374906923
5,3,13.849402340424245
5,3,14.930144741516205
5,3,9.368699944763414
5,3,21.364440086257872
5,3,6.746443396339199
5,3,8.020239264693576
5,3,28.54713036901873
5,3,28.303910145845585
5,3,11.577405945171142
5,3,13.640644734972618
5,3,25.008115562976258
5,3,7.747081940060516
5,3,23.13325332561214
5,3,20.374789184736834
5,3,9.534320549089305
5,3,7.539454712671198
5,3,8.132850472047561
5,3,19.348404802521518
5,3,7.928781481307928
5,3,13.358672790663995
5,3,12.046359194525394
5,3,13.292708527161976
5,3,17.49836874540669
5,3,29.7
5,3,23.939330895079355
5,3,15.382166642379273
5,3,14.200375772448286
5,3,1.6500000000000001
5,3,19.024814819960902
5,3,14.443853460029247
5,3,1.6500000000000001
5,3,22.334940842809022
5,3,14.974556111051632
5,3,22.97183531044045
5,3,29.7
5,3,7.117921740945636
5,3,2.6643890372892383
5,3,1.6500000000000001
5,3,29.7
5,3,2.765772384660508
5,3,1.6500000000000001
5,3,1.6500000000000001
5,3,25.993409733500826
5,3,6.979575247191606
5,3,5.163327741425364
5,3,18.21902047915176
5,3,25.665582653344508
5,3,29.7
5,3,17.047737284403297
5,3,21.056032657335546
5,3,23.417828418239132
5,3,13.38439038122528
5,3,23.729005533655343
5,3,29.7
5,3,16.967506816274994
5,3,28.35793362443878
5,3,22.56069551129376
5,3,1.6500000000000001
5,3,29.7
5,3,23.079986672474487
5,3,1.6500000000000001
5,3,25.734661965464007
5,3,13.649759741940876
5,3,21.229211071023023
5,3,27.62292732171866
5,3,19.785051480955044
5,3,9.907532335257214
5,3,9.063217276168588
5,2,6.9846935245468025
5,2,20.89736641655846
5,2,16.07895387273222
5,2,14.23483678898975
5,2,1.6500000000000001
5,2,28.173937176460917
5,2,20.401866191363737
5,2,13.568763894755055
5,2,23.926924658913627
5,2,26.36031788980387
5,2,8.18739565491834
5,2,11.602462532802173
5,2,21.194293786838646
5,2,29.7
5,2,11.14360495707093
5,2,29.7
5,2,14.74214154921547
5,2,10.491391844915022
5,2,11.707628808010366
5,2,16.39784255322256
5,2,19.556901433180848
5,2,28.29063719769324
5,2,25.586938085972
5,2,20.325703134033986
5,2,18.654053306540433
5,2,20.712203865838553
5,2,24.508537913377687
5,2,16.29146958600786
5,2,19.188576561951184
5,2,7.449406359509732
5,2,7.648813675361256
5,2,21.007074123575638
5,2,5.425428011836068
5,2,22.969855318165386
5,2,27.644855125957797
5,2,3.9456165174495172
5,2,23.747629883706225
5,2,29.7
5,2,1.6500000000000001
5,2,29.7
5,2,12.88387992160158
5,2,18.983156096066185
5,2,15.384388581030175
5,2,9.567103149326126
5,2,13.14254773857683
5,2,24.99430091650598
5,2,18.825612356646275
5,2,4.9319825014339695
5,2,7.903920636609403
5,2,29.7
5,2,15.98332459853123
5,2,9.556443654855322
5,2,29.7
5,2,13.541647488572902
5,2,18.092971299729104
5,2,27.20692360682083
5,2,15.020020738915683
5,2,3.3157755025158977
5,2,23.99616890614827
5,2,10.637040446468152
5,2,1.6500000000000001
5,2,18.353453183533343
5,2,21.92070073611003
5,2,9.187109288695023
5,2,1.6500000000000001
5,2,22.397094194818038
5,2,16.895007126045382
5,2,29.7
5,2,24.8889438165558
5,2,29.7
5,2,29.7
5,2,15.387376693204297
5,2,4.703016700198628
5,2,8.847250797371593
5,2,25.57203654736022
5,2,23.91792353489625
5,2,26.260203435031542
5,2,28.847976914054165
5,2,10.717877704212867
5,2,20.058017407274896
5,2,1.6500000000000001
5,2,5.683634159427838
5,2,24.667976827018855
5,2,29.7
5,2,12.466854452041597
5,2,22.389054426362893
5,2,1.6500000000000001
5,2,17.53396374783369
5,2,1.6500000000000001
5,2,9.691442016356191
5,2,20.22475477024535
5,2,23.416863438773543
5,2,22.16512234162185
5,2,10.086511705240653
5,2,13.369872924216363
5,2,17.667144594366974
5,2,14.996996931001188
5,2,18.097230297337653
5,2,1.6500000000000001
5,2,29.7
5,2,6.100783759111621
5,2,21.31791900421292
5,2,3.0476294764503784
5,2,29.7
5,2,15.43408168311161
5,2,7.837774297086886
5,2,21.983596443599552
5,2,11.98613927246079
5,2,1.6500000000000001
5,2,6.248100638543171
5,2,11.597251681991747
5,2,23.29736510699484
5,2,18.179220412423934
5,2,29.7
5,2,19.311885132102653
5,2,28.252977895895604
5,2,1.6500000000000001
5,2,27.839843547723326
5,2,2.160289619990131
5,2,11.884144941687385
5,2,17.05570772643637
5,2,15.176483007136648
5,2,13.430640761231965
5,3,29.7
5,3,13.67226664023898
5,3,17.142735941484972
5,3,9.947464405306096
5,3,29.197051235306674
5,3,1.6500000000000001
5,3,29.7
5,3,7.620156038790678
5,3,15.424551253556503
5,3,25.730332336895323
5,3,3.659088048962621
5,3,21.381992302684974
5,3,22.07664284357176
5,3,2.4748816330450616
5,3,15.840885590189249
5,3,5.3521778333761025
5,3,9.775575390356082
5,3,19.397574398381135
5,3,1.6500000000000001
5,3,1.6500000000000001
5,3,18.399706657803655
5,3,9.874747454142469
5,3,20.88292121983208
5,3,8.592213935464562
5,3,25.78145858118475
5,3,6.1850934920005205
5,3,16.111476775996536
5,3,27.376671773033024
5,3,5.44082214104829
5,3,7.674746637615559
5,3,11.935776281896976
5,3,29.7
5,3,29.7
5,3,6.693351737972293
5,3,21.49994556989149
5,3,27.122814421116807
5,3,22.108555512592325
5,3,10.90274164679126
5,3,26.001539149761346
5,3,14.724534369039635
5,3,29.7
5,3,21.735630111265184
5,3,5.066973518523712
5,3,29.7
5,3,26.564821276443976
5,3,17.56569759396877
5,3,21.56449920918345
5,3,11.437846015467372
5,3,29.7
5,3,12.8536100056982
5,3,13.863484080841939
5,3,22.950172769413815
5,3,13.601981288430824
5,3,12.333139228973042
5,3,21.774708594623412
5,3,16.929906997896104
5,3,21.169283594204423
5,3,8.364431805076672
5,3,21.06325731914535
5,3,16.86733955223744
5,3,12.707063626894687
5,3,14.940333989086538
5,3,8.339853763948929
5,3,23.947576565212906
5,3,9.627196828413261
5,3,22.495995113795093
5,3,14.300370828163924
5,3,8.698513818163548
5,3,27.258220338102866
5,3,7.9252290584710945
5,3,29.7
5,3,12.827937111837226
5,3,16.503580183754885
5,3,14.743885400823316
5,3,17.93009506556949
5,3,3.7575386911911934
5,3,26.529281793672077
5,3,4.661660281502009
5,3,6.810423553308926
5,3,13.34802701382172
5,3,21.483756252640763
5,3,8.80099877769807
5,3,1.6500000000000001
5,3,9.353388847469798
5,3,19.12706159654208
5,3,13.077939352673729
5,3,25.399648580469176
5,3,21.53209200515166
5,3,21.43330753460629
5,3,6.555464377165361
5,3,23.497731090356307
5,3,16.868959035326984
5,3,10.064763751082381
5,3,19.091974832593856
5,3,20.697148796331497
5,3,27.211645834979763
5,3,14.120601967384234
5,3,29.001650792537692
5,3,29.7
5,3,20.01167206240963
5,3,21.766240955287543
5,3,8.64211151098817
5,3,15.980029317274251
5,3,19.55245460121259
5,3,27.458373234203986
5,3,28.569967979767185
5,3,29.7
5,3,13.408718050680143
5,3,5.006162925752468
5,3,8.143398741604615
5,3,23.77707352170101
5,3,16.031799303604515
5,3,25.665577280302813
5,3,10.977655191473136
5,3,1.6500000000000001
5,3,12.817958706420908
5,3,3.8569683762597577
5,3,29.7
5,3,6.809334340228878
5,3,29.7
5,3,29.7
5,3,27.62579787110684
4,3,13.923846173792446
4,3,14.122951118613312
4,3,12.865031477028534
4,3,7.107998400558603
4,3,29.7
4,3,26.296809502440443
4,3,12.872685438149666
4,3,29.7
4,3,9.423578750213482
4,3,25.959509549571465
4,3,29.7
4,3,9.809006040504345
4,3,1.6500000000000001
4,3,18.466639064431003
4,3,14.25487918853584
4,3,29.7
4,3,7.426944295257007
4,3,12.806269691201269
4,3,25.700336791074168
4,3,10.77986236107878
4,3,1.6500000000000001
4,3,29.7
4,3,29.7
4,3,15.039116709341794
4,3,14.092820132403318
4,3,26.419512923469558
4,3,29.20630072774879
4,3,29.7
4,3,1.6500000000000001
4,3,25.522709156415807
4,3,10.705284943267717
4,3,21.463192641800944
4,3,17.010066600225855
4,3,16.884142948013608
4,3,17.405182784631283
4,3,4.2919327788282065
4,3,10.894548282053258
4,3,7.032679261019582
4,3,1.6500000000000001
4,3,4.169156832354563
4,3,29.279968319008717
4,3,24.714455884879523
4,3,29.7
4,3,19.761952780112793
4,3,28.300732438182248
4,3,14.949319413603472
4,3,9.667708011865022
4,3,29.7
4,3,15.97883814957315
4,3,25.352239322552574
4,3,13.639314359141991
4,3,1.6500000000000001
4,3,13.295483957717376
4,3,12.701166057860087
4,3,24.377429536734596
4,3,4.971188800117002
4,3,24.988965228025823
4,3,29.7
4,3,18.426569850543213
4,3,27.847894276115483
4,3,21.71623408987107
4,3,25.951230937146363
4,3,26.343643512286626
4,3,11.943295586337838
4,3,29.1006199807142
4,3,2.3168062254190254
4,3,8.521328487801087
4,3,15.299143055076474
4,3,21.331469248624863
4,3,29.7
4,3,15.441984969042778
4,3,19.938678226203216
4,3,6.200211451086811
4,3,15.651878019541051
4,3,8.0307032787713
4,3,24.392330257460927
4,3,29.7
4,3,23.208556659663554
4,3,17.80640416671895
4,3,23.624187177844657
4,3,29.7
4,3,1.6500000000000001
4,3,22.0473510651668
4,3,7.057370859927847
4,3,11.683326803364448
4,3,11.072293688737913
4,3,14.069812846416141
4,3,29.7
4,3,29.7
4,3,8.827924878080644
4,3,28.05552154140195
4,3,20.72985638421494
4,3,9.702941146207673
4,3,15.926463143498271
4,3,17.786925678991444
4,3,15.122996871993413
4,3,10.569944948000469
4,3,14.229049174422475
4,3,9.279094064610069
4,3,9.260885751122501
4,3,29.7
4,3,29.7
4,3,3.391359611503166
4,3,29.7
4,3,11.214110116639937
4,3,11.093913904902601
4,3,26.96166909412536
4,3,29.7
4,3,13.232232689387866
4,3,28.570941943402403
4,3,23.37700827417073
4,3,28.514470088870006
4,3,25.78124581178144
4,3,20.563620634060157
4,3,11.62811813137715
4,3,18.16178364912036
4,3,11.2565265629685
4,3,19.595583210139463
4,3,29.7
4,3,11.551726697239769
4,3,24.75586819587722
4,3,14.681016305126496
5,3,17.249055531987487
5,3,21.46352232830734
5,3,14.765331360239756
5,3,2.981150010009575
5,3,29.7
5,3,4.660021892032759
5,3,7.407008481752019
5,3,24.755025540570383
5,3,11.893905469261412
5,3,29.7
5,3,15.597207958702107
5,3,3.535679813800371
5,3,26.65098031845436
5,3,14.686861740496058
5,3,22.06998471972488
5,3,26.125952678715983
5,3,11.150715102476678
5,3,7.758977759564229
5,3,11.379953697831535
5,3,29.7
5,3,18.128161316359016
5,3,1.6500000000000001
5,3,11.612798377375775
5,3,7.85205775800714
5,3,25.12057701370147
5,3,23.213792771221286
5,3,24.82663832439501
5,3,19.850262482351525
5,3,7.782972698320917
5,3,29.535001121320054
5,3,26.317622593426485
5,3,1.6500000000000001
5,3,20.201334649059188
5,3,6.556970946124638
5,3,1.6500000000000001
5,3,7.957024084744939
5,3,1.6500000000000001
5,3,8.764992363477772
5,3,6.7659219687448715
5,3,8.277203132304907
5,3,21.974564266102593
5,3,3.2225678776115867
5,3,25.285105725196473
5,3,29.7
5,3,9.911264223650345
5,3,29.7
5,3,23.87398312881733
5,3,29.034410500265544
5,3,2.168632274786159
5,3,22.652864576984555
5,3,18.367084774375872
5,3,24.045214698811108
5,3,12.811189853931374
5,3,20.904235715030605
5,3,29.7
5,3,9.135537100585577
5,3,9.390818377867223
5,3,1.6500000000000001
5,3,1.8705892791768424
5,3,14.910451818953701
5,3,29.7
5,3,1.6500000000000001
5,3,9.38868372586089
5,3,29.01254143474314
5,3,5.994489003228049
5,3,13.463637918283464
5,3,17.61498763049271
5,3,20.666688217156192
5,3,8.846909694344665
5,3,8.537911491916741
5,3,19.12306517684904
5,3,7.5960492222314695
5,3,23.883080497667674
5,3,16.931977443229762
5,3,23.30562203642424
5,3,15.652582981888637
5,3,19.516041831814118
5,3,14.472001764958613
5,3,1.6500000000000001
5,3,23.060114023459146
5,3,19.779923888335176
5,3,3.7138971158773995
5,3,14.672035988123403
5,3,28.726089674214162
5,3,25.87911308412623
5,3,26.993228838459764
5,3,6.143615608298266
5,3,4.618520677801193
5,3,4.3334134565063795
5,3,5.992820541649767
5,3,3.486025694445539
5,3,28.26572487089415
5,3,1.6500000000000001
5,3,23.377555845362593
5,3,5.394633624763459
5,3,16.695920305615466
5,3,12.490311102612294
5,3,19.249001538176056
5,3,29.7
5,3,25.65159388962431
5,3,12.64887655139556
5,3,19.777771133764592
5,3,1.6500000000000001
5,3,18.410456374985806
5,3,14.502955829818514
5,3,4.492737290575791
5,3,16.36153284863116
5,3,20.08729194138271
5,3,15.702265087178757
5,3,7.3671984357639175
5,3,13.707199566693143
5,3,18.045715005438193
5,3,20.849289405835528
5,3,22.80874955536171
5,3,15.094271961896581
5,3,18.532355662423782
5,3,20.263590207281684
5,3,29.7
5,3,19.875495508164263
5,3,18.070113349997765
5,3,29.7
5,3,1.6500000000000001
6,3,8.528294059633687
6,3,11.691004755798449
6,3,7.985510941157938
6,3,4.875739338154066
6,3,17.96954445853968
6,3,25.418738267021098
6,3,9.806210536727516
6,3,1.6500000000000001
6,3,1.6500000000000001
6,3,4.813930097880682
6,3,29.7
6,3,1.6500000000000001
6,3,6.296566469211067
6,3,14.99241582359033
6,3,11.514827866085017
6,3,29.7
6,3,9.532704294126216
6,3,29.7
6,3,1.6769603666503556
6,3,11.742281263404793
6,3,1.6500000000000001
6,3,12.42466990925907
6,3,5.786820955980335
6,3,17.474747525414287
6,3,13.339563493779512
6,3,9.8000116188522
6,3,3.9437043949095116
6,3,29.561101933252306
6,3,10.068447995078866
6,3,15.069201851227149
6,3,15.39173109859951
6,3,29.7
6,3,13.146428697489345
6,3,16.315982243935174
6,3,11.855616689935111
6,3,7.22050512335597
6,3,12.178291709741323
6,3,29.7
6,3,12.664970990608559
6,3,18.15241787772398
6,3,8.181460185112577
6,3,16.667749044258258
6,3,27.66974617170686
6,3,11.485770640715835
6,3,26.856665189657868
6,3,1.6500000000000001
6,3,2.56264129974179
6,3,15.37161986280961
6,3,19.832319207199465
6,3,10.831320973531295
6,3,29.7
6,3,1.6500000000000001
6,3,29.7
6,3,7.227556833014248
6,3,10.057032937944534
6,3,17.206372632707616
6,3,16.009304302516
6,3,6.805918668984569
6,3,21.23270835125993
6,3,15.06002866955317
6,3,26.941726335630435
6,3,12.566626560611848
6,3,5.951442378293432
6,3,29.7
6,3,20.14390497555448
6,3,15.060263395721329
6,3,25.142023100244863
6,3,10.115107166618818
6,3,13.958991841666395
6,3,11.927508184713592
6,3,29.7
6,3,19.698865718679937
6,3,14.065317367342686
6,3,1.6500000000000001
6,3,24.63772101434909
6,3,1.6500000000000001
6,3,11.783563094807592
6,3,13.105854578829303
6,3,9.159406748325347
6,3,11.978771261009634
6,3,23.048116915195013
6,3,26.424259040093055
6,3,29.7
6,3,29.7
6,3,12.093176288722493
6,3,16.45090210612007
6,3,1.6500000000000001
6,3,14.566517024039417
6,3,29.7
6,3,25.885275792865095
6,3,29.482727666484735
6,3,16.206508912455398
6,3,10.066339271051831
6,3,16.520147501032046
6,3,18.8464558125128
6,3,8.253804624120676
6,3,9.888472207267545
6,3,8.89072090467738
6,3,10.380260079773509
6,3,15.315241741738154
6,3,27.571072966577
6,3,8.18756140894501
6,3,1.6500000000000001
6,3,1.6500000000000001
6,3,24.160057965385384
6,3,17.915145047043502
6,3,29.7
6,3,1.6500000000000001
6,3,13.41829890706261
6,3,15.25294940804582
6,3,23.999249235730765
6,3,17.48882619269068
6,3,2.3168904816872757
6,3,29.7
6,3,13.638973547497992
6,3,24.86436195280301
6,3,10.43379771217809
6,3,5.964700140136408
6,3,28.971385284229527
6,3,6.142524294484908
6,3,1.6500000000000001
6,3,10.23098275771504
6,3,27.52741169077468
7,3,14.309290350798348
7,3,29.7
7,3,1.6500000000000001
7,3,1.6500000000000001
7,3,19.350337100126467
7,3,6.819945763202383
7,3,1.6500000000000001
7,3,7.338387140700258
7,3,24.975594603451025
7,3,12.516847832344656
7,3,12.134574970428236
7,3,12.910464132761172
7,3,17.788350102680525
7,3,18.69533728308982
7,3,24.299166181389243
7,3,14.577415153984196
7,3,9.953691496439516
7,3,21.10587126240467
7,3,1.6500000000000001
7,3,10.300395123812347
7,3,5.266956317194952
7,3,1.6500000000000001
7,3,14.279507026873107
7,3,1.6500000000000001
7,3,20.775577223119384
7,3,1.6500000000000001
7,3,1.6500000000000001
7,3,17.291480232909457
7,3,15.248582033341018
7,3,27.13099353906488
7,3,15.355233973100031
7,3,24.06088228861958
7,3,1.6500000000000001
7,3,15.580427712181278
7,3,13.108632398629789
7,3,29.7
7,3,6.156785813864968
7,3,1.6500000000000001
7,3,14.187796938278359
7,3,10.48119163576204
7,3,1.6500000000000001
7,3,3.0477590710235454
7,3,4.961098815009995
7,3,24.14662773859164
7,3,11.639925919711114
7,3,23.639653885552853
7,3,1.6500000000000001
7,3,9.839845056217008
7,3,16.18660962101626
7,3,6.620763698006406
7,3,24.781468364985194
7,3,14.065993763331585
7,3,7.483930220455505
7,3,9.039661805006844
7,3,29.06473652685537
7,3,29.7
7,3,1.6500000000000001
7,3,1.6500000000000001
7,3,16.132021205978898
7,3,22.482492453949867
7,3,7.763797141010982
7,3,1.6500000000000001
7,3,1.6500000000000001
7,3,12.06772331853876
7,3,17.26400796579521
7,3,10.115466656952186
7,3,21.94684442805317
7,3,1.6500000000000001
7,3,7.034430517005285
7,3,1.6500000000000001
7,3,17.642515335142363
7,3,29.7
7,3,10.259020750971937
7,3,1.6500000000000001
7,3,27.273650493167295
7,3,1.6500000000000001
7,3,26.669198991460732
7,3,4.783142760473291
7,3,21.37822295917674
7,3,9.995142240955667
7,3,23.107682736532716
7,3,29.7
7,3,27.379425351513024
7,3,19.296715076065915
7,3,10.108851781573017
7,3,15.28311442221599
7,3,20.500524253374635
7,3,16.199706296760816
7,3,6.789988324255072
7,3,6.707203920471784
7,3,13.420371435163165
7,3,18.052806379954607
7,3,5.34839516460568
7,3,9.543639690126646
7,3,29.61607472180396
7,3,26.19984986619196
7,3,26.066392913802794
7,3,14.227126055877154
7,3,16.40767444939535
7,3,1.6500000000000001
7,3,20.190292473001826
7,3,29.7
7,3,25.750849121674825
7,3,29.7
7,3,23.1969770298418
7,3,20.288984898442006
7,3,5.569771287147248
7,3,14.756576618708197
7,3,14.694110414319937
7,3,15.381488795191546
7,3,1.6500000000000001
7,3,17.059429103542115
7,3,8.711226222487745
7,3,8.035816886390412
7,3,13.704829093706119
7,3,8.752819434005627
7,3,6.06020085452824
7,3,23.386814790673693
7,3,12.442253293162167
7,3,23.029303545588597
7,3,14.647721463661217
7,3,8.706233362094643
7,2,29.7
7,2,29.7
7,2,13.385069188919019
7,2,24.593777279197642
7,2,16.2522970687752
7,2,1.6500000000000001
7,2,11.41003895232807
7,2,4.344619237559719
7,2,11.81158272092475
7,2,19.76372645172152
7,2,22.63075514520797
7,2,12.671655574441095
7,2,1.6500000000000001
7,2,1.6500000000000001
7,2,29.7
7,2,19.82113545182679
7,2,1.6500000000000001
7,2,6.43026600098197
7,2,17.44235937768088
7,2,5.621911041573843
7,2,1.6500000000000001
7,2,16.750644610712293
7,2,29.7
7,2,5.834985943282815
7,2,19.900779821239965
7,2,29.7
7,2,22.748893750497032
7,2,29.7
7,2,27.867220229676505
7,2,9.243577493600242
7,2,28.758256069822593
7,2,16.778167212236028
7,2,10.554686360888786
7,2,10.84751428863741
7,2,28.22604117155175
7,2,5.207212118951686
7,2,28.657472142736637
7,2,15.474203732538893
7,2,10.744918286844205
7,2,8.93427908820781
7,2,13.001449411230213
7,2,19.520025571506928
7,2,16.840565118235812
7,2,7.669722977104317
7,2,19.87639142743965
7,2,8.346432785609004
7,2,7.564705829644329
7,2,11.095756429067318
7,2,22.44366152618868
7,2,1.8668652108994053
7,2,9.792489321265215
7,2,13.461581498816564
7,2,21.488557252930864
7,2,15.275405905763757
7,2,11.796884230190836
7,2,1.6500000000000001
7,2,16.232310792620023
7,2,16.525415648303607
7,2,11.692659318439834
7,2,20.936040043359956
7,2,29.7
7,2,18.165413711411812
7,2,16.36797424081967
7,2,21.350466753486707
7,2,7.6304402795935475
7,2,18.924130744035942
7,2,13.551944237381539
7,2,15.065394849223365
7,2,28.5545742029043
7,2,1.6500000000000001
7,2,21.680562000159238
7,2,9.582595325779822
7,2,12.431590313378543
7,2,19.78919365723054
7,2,13.15079527111015
7,2,5.939406432930097
7,2,19.981331677946287
7,2,10.971866643430971
7,2,28.21433889344294
7,2,29.7
7,2,10.290015100377342
7,2,17.518838772312115
7,2,18.00119171683069
7,2,8.519845280622196
7,2,16.063248496338616
7,2,27.197721157991275
7,2,29.7
7,2,9.987476122903416
7,2,29.7
7,2,18.149831925909083
7,2,3.2818447465477636
7,2,4.494713751429169
7,2,7.373546057228901
7,2,20.71607559715313
7,2,17.200474811697717
7,2,17.679752648292062
7,2,23.751151431720633
7,2,10.067898655813634
7,2,18.44159365517744
7,2,18.392119946647302
7,2,26.15805345841056
7,2,8.382655480090795
7,2,13.936006134809787
7,2,9.493006908687672
7,2,1.6500000000000001
7,2,3.457323810896119
7,2,6.5089450556280415
7,2,14.577153278349636
7,2,12.31408281921443
7,2,23.160976632388987
7,2,1.6500000000000001
7,2,8.059249674869609
7,2,13.96574153546251
7,2,21.890088882935373
7,2,20.74140432610535
7,2,14.035672861976575
7,2,1.6500000000000001
7,2,16.475743373561016
7,2,29.7
7,2,16.880922913141
7,2,14.546959644704058
7,2,20.031610365121775
7,1,6.39384001931429
7,1,21.759896743359807
7,1,4.607794612444197
7,1,9.294469578993539
7,1,1.6500000000000001
7,1,12.306989849810602
7,1,3.618178897943695
7,1,8.161168540617727
7,1,29.7
7,1,14.73951236950923
7,1,16.818420244943077
7,1,28.532185831666993
7,1,24.926335539476018
7,1,15.754626079104238
7,1,1.6500000000000001
7,1,12.442686347042292
7,1,6.537007087240462
7,1,10.74320995972899
7,1,15.12257752105988
7,1,27.980383073423383
7,1,1.6500000000000001
7,1,18.43570809121004
7,1,15.374519231672933
7,1,12.808500865480578
7,1,25.5011166068018
7,1,28.333366914295837
7,1,15.761161637629046
7,1,21.545549412511406
7,1,1.6500000000000001
7,1,15.426569149400574
7,1,10.391568134448056
7,1,6.711803311098155
7,1,11.939719494780382
7,1,2.811355973073141
7,1,8.994711703436312
7,1,29.7
7,1,29.7
7,1,14.19788105947873
7,1,11.610219778510949
7,1,10.088313185176192
7,1,7.2870309495569785
7,1,1.6500000000000001
7,1,13.843605718688645
7,1,6.382985913307129
7,1,29.7
7,1,25.138326205505336
7,1,13.1092644989819
7,1,15.168311269287294
7,1,8.794422747091495
7,1,23.910348582616173
7,1,12.975709857162363
7,1,7.562966756212849
7,1,29.7
7,1,2.6202299556490036
7,1,26.676669848949278
7,1,29.49022051494669
7,1,1.6500000000000001
7,1,25.562115300612817
7,1,8.674351290699116
7,1,4.364004252373508
7,1,5.755198090204748
7,1,18.375378425417765
7,1,9.523739959344912
7,1,7.0612451467206006
7,1,18.654950584509088
7,1,15.229471571659547
7,1,14.416341140373047
7,1,1.6500000000000001
7,1,7.8918014856687115
7,1,14.1740412884384
7,1,24.06172253952986
7,1,18.557273550552246
7,1,9.329507489916551
7,1,19.877873975553438
7,1,12.060169487697259
7,1,29.7
7,1,2.762878236705614
7,1,17.118124792752578
7,1,7.406811616249902
7,1,9.02949407177256
7,1,20.352944762065746
7,1,10.165069721604663
7,1,29.7
7,1,9.478806782132311
7,1,25.123059984424657
7,1,29.7
7,1,7.94058700113037
7,1,17.577574729360073
7,1,15.788582060357331
7,1,6.858788831727066
7,1,9.41667375595047
7,1,19.600062587443592
7,1,1.6500000000000001
7,1,15.23055567188077
7,1,10.756541366331872
7,1,12.318522607083862
7,1,24.971127237646193
7,1,27.138171620141122
7,1,15.003877161654584
7,1,3.015202566514418
7,1,12.048505212080848
7,1,24.2469175807164
7,1,3.203722875397432
7,1,24.650498679779403
7,1,10.573272114405015
7,1,9.419673989193809
7,1,9.467123492481521
7,1,1.6500000000000001
7,1,26.49448006601859
7,1,14.01203359308761
7,1,4.243779539133592
7,1,12.490727353761079
7,1,1.6500000000000001
7,1,1.6500000000000001
7,1,28.17384622095176
7,1,29.7
7,1,1.9392314502795482
7,1,11.209285171398117
7,1,18.62421892007659
7,1,25.930772540998476
7,1,19.17004221865407
7,1,14.713459148659208
8,1,24.105907965808164
8,1,2.2484806726035487
8,1,29.7
8,1,20.520626207364085
8,1,8.234540034194227
8,1,3.449216294099255
8,1,29.7
8,1,1.6500000000000001
8,1,19.374544033362792
8,1,14.651513103854176
8,1,1.6500000000000001
8,1,29.7
8,1,14.745240582613993
8,1,8.689306489658629
8,1,25.05304048859385
8,1,8.278216722720149
8,1,20.76759531531151
8,1,13.922777747155513
8,1,20.64068809552676
8,1,9.833218352438532
8,1,4.141670930507679
8,1,25.25528469259352
8,1,17.635166267579212
8,1,15.600574411334978
8,1,18.402023359023637
8,1,3.0090923625662107
8,1,1.7169321908672348
8,1,10.061355274862883
8,1,1.6500000000000001
8,1,14.432988067812602
8,1,3.2778063470695864
8,1,17.027207951742824
8,1,20.896535825339686
8,1,25.07811076007524
8,1,2.7153009944451743
8,1,7.697161319889968
8,1,1.6500000000000001
8,1,5.990109715065108
8,1,24.820914656745828
8,1,1.6500000000000001
8,1,23.62153422035448
8,1,1.6500000000000001
8,1,29.7
8,1,11.282199869969377
8,1,6.137175737170758
8,1,9.124366407858204
8,1,8.327233191476726
8,1,19.07585435087237
8,1,22.69105032172768
8,1,13.433150885472841
8,1,18.055641504886026
8,1,1.6500000000000001
8,1,17.27618722213711
8,1,8.935238067438219
8,1,10.092872704009858
8,1,3.2581211749988466
8,1,11.718971425750091
8,1,8.508600932314243
8,1,12.566604116990824
8,1,18.301697139575325
8,1,17.000638599946463
8,1,19.062001125639156
8,1,13.982218024314914
8,1,29.7
8,1,20.744031365005583
8,1,14.022421619247798
8,1,25.833634382995655
8,1,22.032007010039756
8,1,22.999368899420496
8,1,1.6500000000000001
8,1,1.6500000000000001
8,1,17.531849630687603
8,1,2.0534092286539014
8,1,15.73607429967372
8,1,17.04355856235868
8,1,17.982066894767417
8,1,4.0562760909014735
8,1,22.33071016018804
8,1,15.412998169064899
8,1,8.265808116532027
8,1,19.296646125441036
8,1,1.6500000000000001
8,1,11.266047499262253
8,1,4.982435897535659
8,1,6.869034076695835
8,1,4.0815597383329045
8,1,14.822600339190775
8,1,1.6500000000000001
8,1,17.15879133340181
8,1,21.02670878247522
8,1,13.041999257827154
8,1,26.505920937381525
8,1,15.723967091761754
8,1,6.341508968709026
8,1,1.6500000000000001
8,1,19.400206863383055
8,1,4.95607405565924
8,1,23.585838137016662
8,1,11.580591064542055
8,1,5.928594194625003
8,1,7.17217491582559
8,1,25.691754036308488
8,1,17.824701018732778
8,1,1.6500000000000001
8,1,14.72428643337709
8,1,14.002946032639022
8,1,15.269590512128815
8,1,11.825777273215902
8,1,2.821238494575235
8,1,19.45998529144344
8,1,16.154299198627424
8,1,7.8447054536695875
8,1,7.585440256574449
8,1,20.256658828918248
8,1,15.522631389856148
8,1,1.6500000000000001
8,1,19.32618997499439
8,1,19.490478586185237
8,1,26.977795507988816
8,1,9.579955552529581
8,1,10.9345314673557
8,1,5.352750296599991
8,0,13.798568812788487
8,0,29.7
8,0,15.523675227072372
8,0,22.86644847239644
8,0,14.30025095196611
8,0,14.062973010978943
8,0,10.62999276856613
8,0,11.157679481477917
8,0,3.6067842299574826
8,0,9.150799018327477
8,0,1.6500000000000001
8,0,1.6500000000000001
8,0,4.020100917978308
8,0,2.6538854264857896
8,0,16.238175299160407
8,0,10.397228655020438
8,0,7.658417390030669
8,0,5.354076983296456
8,0,13.054127693919911
8,0,5.708438956568463
8,0,26.99642293733595
8,0,20.85068039426353
8,0,7.9569013953402115
8,0,15.979972479400775
8,0,23.04906784132973
8,0,26.462358566177148
8,0,3.2172424842388274
8,0,29.7
8,0,2.7476409805893542
8,0,13.804726432337384
8,0,9.002661337660387
8,0,3.0199919974281535
8,0,9.220556078278264
8,0,16.57069293015843
8,0,13.159205489039204
8,0,29.7
8,0,6.594482264923562
8,0,13.721896876184552
8,0,3.4334619621402993
8,0,21.826443575320155
8,0,25.126149917109963
8,0,1.6500000000000001
8,0,9.823306248297936
8,0,1.6500000000000001
8,0,15.001884468207098
8,0,29.7
8,0,21.156317698047165
8,0,1.6500000000000001
8,0,18.080076162034057
8,0,14.253397835625904
8,0,18.65648254181461
8,0,27.95907341636304
8,0,14.198692020038479
8,0,27.990581402709253
8,0,29.7
8,0,29.7
8,0,6.956087111353379
8,0,15.088165385353008
8,0,14.58749656520868
8,0,20.08300603795821
8,0,14.170782806626852
8,0,4.5520169583842485
8,0,18.850071483478462
8,0,16.682082039544152
8,0,16.141253195490602
8,0,28.674340485022668
8,0,10.408152769493457
8,0,29.7
8,0,19.513543804925078
8,0,8.312488656301646
8,0,15.986089666482606
8,0,28.368665402876488
8,0,8.524198297681588
8,0,19.618666476686055
8,0,18.3119260543849
8,0,18.59271292007562
8,0,2.6463472097444303
8,0,29.7
8,0,29.7
8,0,1.6500000000000001
8,0,2.712173874981925
8,0,5.270285048892456
8,0,21.694148353150702
8,0,8.176543125321505
8,0,20.409881234579906
8,0,9.009108052474383
8,0,12.412749951359407
8,0,11.146460022249109
8,0,14.240200441894789
8,0,29.7
8,0,13.50152810690105
8,0,26.933085030849917
8,0,17.753648545866934
8,0,7.969705067832112
8,0,8.373451087369512
8,0,17.23495112767332
8,0,20.597811225305787
8,0,20.61102640753769
8,0,20.03823002342804
8,0,24.783237111994225
8,0,9.89755230745842
8,0,29.7
8,0,20.020768954893853
8,0,14.39374082036096
8,0,10.747015116845937
8,0,12.159808960598523
8,0,17.17690596481317
8,0,8.580120836342608
8,0,17.745115938253477
8,0,10.47238594268071
8,0,15.417952055849044
8,0,29.7
8,0,10.687787059086642
8,0,14.373545867148847
8,0,21.92831037769636
8,0,26.415821035120537
8,0,25.996974789253635
8,0,3.3336075593090415
8,0,24.82921787758741
8,0,1.6500000000000001
8,0,23.141443419657367
8,0,6.466412059564254
8,0,4.8691327269304105
9,0,24.1348211318056
9,0,23.312287473792566
9,0,17.42316416645322
9,0,16.281712193719578
9,0,1.6500000000000001
9,0,26.139485899982574
9,0,21.48451171042268
9,0,9.765487251663078
9,0,20.206219753954606
9,0,4.242303598006539
9,0,15.34265131219583
9,0,5.700596746215507
9,0,1.6500000000000001
9,0,10.604293412859352
9,0,26.754336081125164
9,0,23.591342239898687
9,0,10.326562093582819
9,0,24.13807265981486
9,0,1.6500000000000001
9,0,9.777520998723078
9,0,20.449464228664983
9,0,17.23545805283621
9,0,26.671898232129053
9,0,13.533659257034182
9,0,8.490533604584643
9,0,23.11294056225571
9,0,1.6500000000000001
9,0,12.776676349668655
9,0,2.118300270249714
9,0,10.25708766495601
9,0,13.3847866312351
9,0,10.439679703325183
9,0,13.891737515449407
9,0,19.193667813706682
9,0,19.27857186744682
9,0,12.136421013672019
9,0,10.065691583436509
9,0,11.865127733296358
9,0,10.763882040952986
9,0,1.849734407701808
9,0,24.71046142405842
9,0,1.6500000000000001
9,0,13.44692555198588
9,0,1.6500000000000001
9,0,8.18141873905836
9,0,29.7
9,0,11.698993470328894
9,0,18.52573668004158
9,0,15.130874036718758
9,0,10.543933101786424
9,0,17.64301882451673
9,0,21.474881710231337
9,0,1.6500000000000001
9,0,14.062175057705444
9,0,22.07693175634663
9,0,1.6500000000000001
9,0,4.200780573404563
9,0,22.85524413630061
9,0,15.535353074107213
9,0,23.20253464301325
9,0,1.6500000000000001
9,0,1.6500000000000001
9,0,20.496176994425525
9,0,14.429493397656987
9,0,1.6500000000000001
9,0,29.7
9,0,21.86942746863418
9,0,10.937974790990625
9,0,26.156252952553654
9,0,1.6500000000000001
9,0,1.6500000000000001
9,0,29.7
9,0,3.403533296084426
9,0,19.820279072451104
9,0,12.734816952180134
9,0,5.286750366183365
9,0,1.6696415484509313
9,0,12.493870598020163
9,0,1.6500000000000001
9,0,25.14762225328517
9,0,1.6500000000000001
9,0,10.90381715832347
9,0,3.072967169187992
9,0,29.7
9,0,1.6500000000000001
9,0,1.6500000000000001
9,0,10.37942070793643
9,0,17.567794467946328
9,0,1.6500000000000001
9,0,1.6500000000000001
9,0,11.528159879961796
9,0,12.749981879877964
9,0,6.43975542338372
9,0,3.635322097437605
9,0,14.936922628116037
9,0,22.186965559056553
9,0,3.730029451171811
9,0,6.1091704751206715
9,0,20.19453470833003
9,0,7.730407738758474
9,0,12.305806640437883
9,0,26.042306220180663
9,0,13.562580834654245
9,0,8.551994290205705
9,0,3.6608040481488624
9,0,16.09360892502597
9,0,13.247803480956991
9,0,1.6500000000000001
9,0,5.626762895313535
9,0,15.080545339670266
9,0,20.694605176611383
9,0,8.261455106876099
9,0,1.6500000000000001
9,0,29.7
9,0,8.009388681270906
9,0,29.7
9,0,4.002081545041051
9,0,29.7
9,0,16.639930130919282
9,0,1.6500000000000001
9,0,1.6500000000000001
9,0,1.6500000000000001
9,1,1.6500000000000001
9,1,7.309628643276075
9,1,14.672347050884586
9,1,29.7
9,1,7.879672795898889
9,1,15.556397107986312
9,1,9.598172226409284
9,1,4.597886788809769
9,1,1.6500000000000001
9,1,5.9235606766333575
9,1,17.405737400214043
9,1,29.7
9,1,1.6500000000000001
9,1,14.20695418649741
9,1,1.6500000000000001
9,1,1.6500000000000001
9,1,28.446283111864787
9,1,17.161304042010215
9,1,10.872992695373998
9,1,15.034102996419705
9,1,9.719437752594615
9,1,21.30673077595403
9,1,26.82041819425107
9,1,1.6500000000000001
9,1,12.064475545435936
9,1,13.467552241590681
9,1,7.248234966894528
9,1,5.96615127013809
9,1,7.477135763618426
9,1,19.00362259909107
9,1,3.259427707040535
9,1,1.7756110563088505
9,1,20.493186916212643
9,1,23.72848511652766
9,1,8.218715086965712
9,1,3.8223560050959673
9,1,1.6500000000000001
9,1,20.170038908630794
9,1,1.6500000000000001
9,1,24.049338520025515
9,1,24.785110049137877
9,1,13.879428250690026
9,1,1.6500000000000001
9,1,9.52702414833572
9,1,19.3708861990168
9,1,7.751101838789072
9,1,13.799934265363852
9,1,1.6500000000000001
9,1,2.9706433725042043
9,1,11.99752453208341
9,1,13.937617519166658
9,1,10.568679382925415
9,1,1.6500000000000001
9,1,9.439032786997373
9,1,2.998132479591348
9,1,1.6500000000000001
9,1,21.719745436214836
9,1,1.6500000000000001
9,1,3.2260568106207366
9,1,4.2581823070259395
9,1,15.9345507993186
9,1,22.91187817073495
9,1,9.045476873795709
9,1,18.195816998938334
9,1,1.6500000000000001
9,1,1.6500000000000001
9,1,10.800391638074695
9,1,14.746114580420988
9,1,25.15591733231024
9,1,14.39789832237366
9,1,4.673034932080303
9,1,1.6500000000000001
9,1,3.1347876246847513
9,1,7.909817953293851
9,1,9.969973513734885
9,1,10.619514564437656
9,1,23.749501528974445
9,1,11.885088104214066
9,1,16.362523548101056
9,1,12.622199321891207
9,1,1.6500000000000001
9,1,25.89090664336463
9,1,20.498243772629138
9,1,1.6500000000000001
9,1,1.6500000000000001
9,1,9.267329178144426
9,1,4.588846630102499
9,1,29.7
9,1,1.8399201539478858
9,1,24.405859114593195
9,1,14.555681221884896
9,1,1.6500000000000001
9,1,29.7
9,1,9.561843788688808
9,1,8.146806101330059
9,1,12.248588211076083
9,1,21.408437859099514
9,1,1.6500000000000001
9,1,11.744053658391184
9,1,3.3688825737148633
9,1,1.6500000000000001
9,1,29.7
9,1,1.6500000000000001
9,1,6.262187741055884
9,1,1.6500000000000001
9,1,17.83202445959995
9,1,15.77876540522224
9,1,15.660974536899918
9,1,11.63087940724729
9,1,29.7
9,1,6.468798896967387
9,1,18.272627746462092
9,1,25.411024682137153
9,1,1.6500000000000001
9,1,7.386078542848271
9,1,12.251945340504882
9,1,7.974938878419304
9,1,16.306109734431406
9,1,1.6500000000000001
9,1,22.23726631958973
9,1,17.264334710150795
9,1,8.840810293854757
9,2,1.6500000000000001
9,2,11.012071810214852
9,2,1.6500000000000001
9,2,3.577153351064772
9,2,1.6500000000000001
9,2,3.919636098382707
9,2,29.7
9,2,11.433050714954168
9,2,12.64110424554756
9,2,22.85143354886326
9,2,10.060810222690343
9,2,26.325978261520994
9,2,1.6500000000000001
9,2,24.60156886342063
9,2,8.587256377914517
9,2,26.6728866153165
9,2,16.003835588447053
9,2,3.1885035328586593
9,2,17.26047740430857
9,2,10.141735143514026
9,2,10.158927666678915
9,2,14.33802877454107
9,2,1.7162250772633136
9,2,1.6500000000000001
9,2,6.847799632719369
9,2,7.3824980447416255
9,2,8.77256251249246
9,2,13.395981102768818
9,2,1.6500000000000001
9,2,6.198937840480844
9,2,16.56648227434308
9,2,19.84430325832996
9,2,18.42253727057944
9,2,29.7
9,2,10.155846507182932
9,2,21.264802482285923
9,2,5.620233617255329
9,2,26.49633476179334
9,2,6.133991131308983
9,2,1.6500000000000001
9,2,1.6500000000000001
9,2,14.448193170698959
9,2,1.6500000000000001
9,2,9.436272373831489
9,2,17.24276666950701
9,2,10.579942605220179
9,2,9.956447952336827
9,2,1.6500000000000001
9,2,12.366717939486891
9,2,15.817932556082273
9,2,13.49628141231421
9,2,17.487538624770885
9,2,5.822209575654723
9,2,7.4191110641814255
9,2,6.672313575475923
9,2,25.745748381204738
9,2,8.10971379164997
9,2,13.329192858733494
9,2,4.897013148818193
9,2,1.6500000000000001
9,2,11.513716186992694
9,2,1.6500000000000001
9,2,7.461900631803843
9,2,22.84506761081262
9,2,20.31951691838393
9,2,8.320316506707798
9,2,28.52100940261053
9,2,26.504926961023216
9,2,29.7
9,2,22.40885433767525
9,2,16.336185345726186
9,2,12.508159379233371
9,2,14.361358243783886
9,2,29.7
9,2,1.6500000000000001
9,2,29.7
9,2,29.668637849695173
9,2,1.6500000000000001
9,2,7.890291425022356
9,2,13.59776167273161
9,2,1.6500000000000001
9,2,4.221308188464892
9,2,14.461426253312581
9,2,10.499342884824767
9,2,7.966380393973791
9,2,10.741478917286363
9,2,11.242662176268572
9,2,6.357421795472864
9,2,7.307434183912687
9,2,23.11445431719313
9,2,14.80195256876829
9,2,16.731461520062325
9,2,13.738111940144842
9,2,18.630448353958435
9,2,18.805062247803054
9,2,4.844778248348805
9,2,26.186438289003586
9,2,1.6500000000000001
9,2,11.35384690220849
9,2,1.6500000000000001
9,2,21.473256488087955
9,2,17.592018849871106
9,2,25.165542466677316
9,2,12.585091498488424
9,2,1.6500000000000001
9,2,14.826253404993736
9,2,18.781368350268085
9,2,5.663903304536123
9,2,12.086528169875749
9,2,26.34192362278558
9,2,29.300946599264933
9,2,16.087601582110544
9,2,12.437777139788412
9,2,25.093919233191585
9,2,15.388879688005531
9,2,24.622104049511663
9,2,17.728581492255007
9,2,14.053508312936007
9,2,29.7
9,2,1.6500000000000001
9,2,3.7004374939122746
9,2,6.564190616937783
10,2,27.56252238311409
10,2,26.313918238836553
10,2,6.732134981626549
10,2,8.167241268900348
10,2,19.395165839945797
10,2,3.204766201018316
10,2,1.6500000000000001
10,2,1.6500000000000001
10,2,1.6500000000000001
10,2,29.7
10,2,6.787553264603666
10,2,22.02941498949958
10,2,3.888700176724761
10,2,2.7250225195001176
10,2,1.6500000000000001
10,2,28.298833707399925
10,2,1.6500000000000001
10,2,1.6500000000000001
10,2,2.1122570233073557
10,2,11.597441581626487
10,2,12.770896303763667
10,2,1.6500000000000001
10,2,1.6500000000000001
10,2,6.062026325423387
10,2,1.6500000000000001
10,2,17.948629875311816
10,2,10.563616673997203
10,2,21.843986108943554
10,2,1.6500000000000001
10,2,18.753064032062497
10,2,12.197626937137017
10,2,1.6500000000000001
10,2,1.6500000000000001
10,2,10.171232171472749
10,2,17.034779892638156
10,2,8.165072441773532
10,2,4.5635670713397944
10,2,7.867998464450573
10,2,21.595137522241103
10,2,1.6500000000000001
10,2,12.219062739615865
10,2,1.6500000000000001
10,2,20.99972255646376
10,2,1.6500000000000001
10,2,1.6500000000000001
10,2,13.688250696871457
10,2,2.280152630534233
10,2,18.380913650256588
10,2,1.6500000000000001
10,2,22.19256700053151
10,2,29.7
10,2,15.632132048342811
10,2,1.6500000000000001
10,2,2.0850617215206855
10,2,11.611027124236863
10,2,29.7
10,2,1.6500000000000001
10,2,15.168117204222938
10,2,1.6500000000000001
10,2,4.429089824384266
10,2,8.027784104163162
10,2,16.805820820690435
10,2,1.6500000000000001
10,2,1.6500000000000001
10,2,5.186851696470652
10,2,7.75653126394852
10,2,11.39130874853958
10,2,1.6500000000000001
10,2,10.082716756248212
10,2,14.461334347345034
10,2,22.484100111162288
10,2,26.16391641925678
10,2,6.190007279970653
10,2,1.6500000000000001
10,2,4.479918365768675
10,2,2.7154473432657635
10,2,21.437162639251774
10,2,2.894590136485073
10,2,11.674087142495692
10,2,20.678771651434573
10,2,1.6500000000000001
10,2,1.6500000000000001
10,2,9.32896414409574
10,2,3.6987561914957157
10,2,29.01031596232241
10,2,29.7
10,2,1.6500000000000001
10,2,18.82390500759031
10,2,22.562906463930425
10,2,2.2096080230438417
10,2,4.118519147893147
10,2,10.853900173201207
10,2,23.315339033716786
10,2,19.836425855287473
10,2,8.72570116537052
10,2,1.6500000000000001
10,2,29.7
10,2,1.6500000000000001
10,2,1.6500000000000001
10,2,6.246513780810483
10,2,20.049480517622225
10,2,12.7234360186091
10,2,13.899668182352332
10,2,17.286986978707645
10,2,1.6500000000000001
10,2,1.6500000000000001
10,2,11.369665282644206
10,2,19.050753761804398
10,2,12.02487774666707
10,2,4.7591016800822254
10,2,1.6500000000000001
10,2,9.858321307865593
10,2,25.72535910100514
10,2,9.30821735763056
10,2,1.6500000000000001
10,2,1.6500000000000001
10,2,1.6500000000000001
10,2,14.458269894510604
10,2,12.363681846002114
10,2,1.6500000000000001
10,2,9.415917002586756
10,2,1.6500000000000001
11,2,1.6500000000000001
11,2,7.447963231543401
11,2,3.2407749191354274
11,2,12.378025674009715
11,2,11.03295204733903
11,2,4.654715417992319
11,2,1.6500000000000001
11,2,25.882703906878323
11,2,10.866153941870584
11,2,1.6500000000000001
11,2,29.7
11,2,1.6500000000000001
11,2,1.6500000000000001
11,2,1.6500000000000001
11,2,1.6500000000000001
11,2,1.6500000000000001
11,2,1.6500000000000001
11,2,1.6500000000000001
11,2,25.862551198844876
11,2,1.6500000000000001
11,2,3.4319760104839316
11,2,1.6500000000000001
11,2,12.55772585839968
11,2,19.05689317907597
11,2,29.7
11,2,2.8189985147760197
11,2,14.723711810427577
11,2,9.303989648486962
11,2,13.193148262771485
11,2,27.338431085091294
11,2,9.873153763714123
11,2,4.928215697249468
11,2,9.350434025676622
11,2,21.59669631789125
11,2,7.707522296115168
11,2,1.6500000000000001
11,2,7.620825164998949
11,2,24.085395287760804
11,2,1.6500000000000001
11,2,1.6500000000000001
11,2,9.496602872388607
11,2,1.764259776499923
11,2,1.6500000000000001
11,2,29.7
11,2,9.786254269408378
11,2,12.015181047595565
11,2,17.681709602178792
11,2,1.6500000000000001
11,2,1.6500000000000001
11,2,13.012604528918477
11,2,19.264112364040038
11,2,1.6500000000000001
11,2,5.620365069863791
11,2,6.345314117730625
11,2,1.6500000000000001
11,2,1.9353631378453553
11,2,19.757203054033045
11,2,1.6500000000000001
11,2,1.6500000000000001
11,2,2.6017232168057456
11,2,1.6500000000000001
11,2,1.6500000000000001
11,2,6.20591417138247
11,2,4.9263547980563835
11,2,1.992237259095618
11,2,23.18826116765829
11,2,1.6500000000000001
11,2,16.160124180850723
11,2,6.198451119926769
11,2,1.6500000000000001
11,2,9.628618344234821
11,2,4.074108924809761
11,2,1.6500000000000001
11,2,1.6500000000000001
11,2,3.7736868972296325
11,2,13.82670712014502
11,2,1.6500000000000001
11,2,10.045511044117111
11,2,5.287124072664434
11,2,9.338703907511292
11,2,1.700187541003313
11,2,9.548119177318004
11,2,15.332703757767563
11,2,1.6500000000000001
11,2,8.084712213185117
11,2,9.955829624279911
11,2,27.30576267324739
11,2,25.811248888493562
11,2,29.7
11,2,15.449938722221807
11,2,24.52632214906233
11,2,1.6500000000000001
11,2,1.6500000000000001
11,2,10.896391823804382
11,2,5.946566264943561
11,2,25.56135589848251
11,2,12.675984170865078
11,2,3.1143299083120226
11,2,20.248955505433294
11,2,29.7
11,2,1.6500000000000001
11,2,5.88560016903123
11,2,1.6500000000000001
11,2,18.977193499315753
11,2,1.6500000000000001
11,2,1.6500000000000001
11,2,15.932955990167029
11,2,16.304723204266487
11,2,1.6500000000000001
11,2,29.7
11,2,23.089968818999992
11,2,1.6500000000000001
11,2,29.7
11,2,26.410480059903573
11,2,10.577305046603787
11,2,13.196917454237997
11,2,28.166422750524163
11,2,18.109268519168474
11,2,6.937529850299406
11,2,1.6500000000000001
11,2,11.593890383618367
11,2,1.6500000000000001
11,2,14.308098765484354
11,3,4.8792006658566915
11,3,1.6500000000000001
11,3,3.9875505697589007
11,3,6.369093974869586
11,3,16.89869752863423
11,3,5.534489522252283
11,3,1.6500000000000001
11,3,14.939381613794591
11,3,9.663815279556827
11,3,3.2695992568928123
11,3,6.12451625875707
11,3,19.26866277869714
11,3,1.6500000000000001
11,3,1.6500000000000001
11,3,2.8566795494136716
11,3,22.478414280351117
11,3,11.288700932064042
11,3,13.996235947374045
11,3,10.149176361173437
11,3,1.6500000000000001
11,3,9.835036612347
11,3,1.6500000000000001
11,3,1.6500000000000001
11,3,10.832613546798045
11,3,14.390077374599304
11,3,6.7746470975576205
11,3,20.44193245244653
11,3,1.6500000000000001
11,3,7.8695925831666536
11,3,8.410475333697441
11,3,5.978961101828893
11,3,1.6500000000000001
11,3,18.618193694733357
11,3,29.7
11,3,11.402765730799082
11,3,8.706899548925303
11,3,1.6500000000000001
11,3,17.012733836595014
11,3,6.339317990875087
11,3,1.6500000000000001
11,3,1.6500000000000001
11,3,1.6500000000000001
11,3,12.348515670786506
11,3,1.6500000000000001
11,3,4.947362946998474
11,3,1.6500000000000001
11,3,25.068564250475475
11,3,5.675670264987982
11,3,29.7
11,3,5.610503108649236
11,3,25.986126861942605
11,3,9.874867151294353
11,3,4.860006609140828
11,3,29.7
11,3,1.6500000000000001
11,3,2.7599929205195384
11,3,29.7
11,3,9.185119674530808
11,3,2.554541500608355
11,3,15.16667985709881
11,3,18.904491568692084
11,3,5.904004055316313
11,3,1.6500000000000001
11,3,1.6500000000000001
11,3,29.129777781366442
11,3,1.6500000000000001
11,3,1.6500000000000001
11,3,17.643759533396185
11,3,21.67505461020045
11,3,1.6500000000000001
11,3,8.08784250995654
11,3,8.03350125495578
11,3,17.070158727646348
11,3,17.983515043456755
11,3,10.646826788954316
11,3,19.176516481241844
11,3,10.986652324268704
11,3,1.6500000000000001
11,3,8.122675328326807
11,3,14.195694756853484
11,3,20.936307208933556
11,3,14.220592658703268
11,3,16.94978263685846
11,3,1.6500000000000001
11,3,12.770993786797277
11,3,3.3322172871801867
11,3,12.92680878280315
11,3,15.282315222326108
11,3,24.719529211978653
11,3,5.37306621116306
11,3,26.0916499563317
11,3,9.330068298587825
11,3,1.6500000000000001
11,3,1.8865315462724022
11,3,1.6500000000000001
11,3,10.406477884640607
11,3,7.4318888368368
11,3,14.58104050053338
11,3,12.87443157853994
11,3,24.264595109137698
11,3,12.816559305200556
11,3,1.6500000000000001
11,3,22.511373256670552
11,3,15.877809558820683
11,3,1.6540099186520845
11,3,7.8593596864755915
11,3,25.9016259709788
11,3,1.6500000000000001
11,3,12.92593648078082
11,3,3.249549018719086
11,3,1.6500000000000001
11,3,1.6500000000000001
11,3,2.243634732138367
11,3,1.6500000000000001
11,3,12.139442960984017
11,3,1.6500000000000001
11,3,26.054673847764967
11,3,1.6500000000000001
11,3,14.770754130969454
11,3,9.408039838998976
11,3,9.192396796559144
11,3,1.6500000000000001
11,4,1.6500000000000001
11,4,13.13203900849201
11,4,1.6500000000000001
11,4,17.170884406059976
11,4,5.236218887265489
11,4,5.5266970934080355
11,4,1.6500000000000001
11,4,10.000881690157517
11,4,17.711878259209662
11,4,4.705902375031729
11,4,1.6500000000000001
11,4,12.980924676392828
11,4,9.212156158298132
11,4,26.95126097017885
11,4,11.487223560015774
11,4,9.680336129267364
11,4,1.6500000000000001
11,4,8.74877283673304
11,4,17.160962059898452
11,4,1.6500000000000001
11,4,1.6500000000000001
11,4,1.6500000000000001
11,4,7.048773839000331
11,4,1.6500000000000001
11,4,11.065923341044114
11,4,14.298727593212849
11,4,6.527694303462199
11,4,11.054264612742564
11,4,16.593238058306383
11,4,2.023729451805875
11,4,1.6500000000000001
11,4,4.358341934265582
11,4,4.54812050746831
11,4,1.6500000000000001
11,4,7.6926357106717855
11,4,1.6500000000000001
11,4,1.6500000000000001
11,4,10.045350816755198
11,4,17.809327740744706
11,4,1.6500000000000001
11,4,11.637000051211215
11,4,2.5016203768757403
11,4,13.390740520073527
11,4,1.6500000000000001
11,4,10.559353569665376
11,4,15.12729049712501
11,4,16.773043449470702
11,4,26.432150910735288
11,4,12.983136641776447
11,4,1.6500000000000001
11,4,1.6500000000000001
11,4,11.744238064785028
11,4,1.6500000000000001
11,4,18.01555508322341
11,4,1.6500000000000001
11,4,9.966499389049833
11,4,14.1063746603865
11,4,1.6500000000000001
11,4,28.70270224693796
11,4,17.55395161019623
11,4,15.308185797747518
11,4,12.2986286041329
11,4,1.6500000000000001
11,4,23.472410220082356
11,4,14.182912962073969
11,4,15.042436119752017
11,4,18.731976965003703
11,4,5.922154405001816
11,4,1.6500000000000001
11,4,5.587619700477029
11,4,1.6500000000000001
11,4,9.495042384822286
11,4,11.714108541138941
11,4,16.18013602169353
11,4,12.091374175100375
11,4,1.6500000000000001
11,4,6.920274999269907
11,4,19.42348789851691
11,4,4.972188617383909
11,4,5.383438713938183
11,4,14.970147751016572
11,4,11.751621953925612
11,4,9.528408353719271
11,4,1.6500000000000001
11,4,18.943524998105367
11,4,3.1657227001645136
11,4,8.845826777595917
11,4,6.888936728758024
11,4,16.373496994344464
11,4,1.6500000000000001
11,4,1.6500000000000001
11,4,4.005962339549781
11,4,7.633584108023372
11,4,24.468242749177552
11,4,5.124388832830305
11,4,1.6500000000000001
11,4,8.10067462368266
11,4,19.123406366000665
11,4,18.33326154026144
11,4,17.815587173670004
11,4,4.514651607861205
11,4,9.125929728258523
11,4,19.695379125192044
11,4,21.112019482752736
11,4,10.363819046025661
11,4,1.6500000000000001
11,4,18.07686475267637
11,4,1.6500000000000001
11,4,1.6500000000000001
11,4,16.42471072008031
11,4,18.7216931126837
11,4,7.726794134560783
11,4,11.82014104910289
11,4,18.77174011565061
11,4,10.1777403254026
11,4,1.6500000000000001
11,4,13.156671616106447
11,4,1.6500000000000001
11,4,11.626979793775494
11,4,1.6500000000000001
11,4,6.583631007465865
11,4,18.141011152612947
12,4,9.985589664384033
12,4,23.900864789011674
12,4,6.847980968908242
12,4,6.9651150083013595
12,4,2.1595459980878626
12,4,1.6500000000000001
12,4,12.715683899011443
12,4,24.754536109316778
12,4,1.6500000000000001
12,4,1.742223706151245
12,4,9.11804038616703
12,4,13.136726477555627
12,4,11.961181080931219
12,4,1.6500000000000001
12,4,29.7
12,4,1.6500000000000001
12,4,1.6500000000000001
12,4,8.277453817193397
12,4,1.6500000000000001
12,4,10.342757806339932
12,4,1.6500000000000001
12,4,1.6500000000000001
12,4,16.759859307316674
12,4,29.7
12,4,8.958449477319672
12,4,27.209572006864818
12,4,13.260133993403532
12,4,14.349996060712934
12,4,1.6500000000000001
12,4,1.6500000000000001
12,4,10.547319097419358
12,4,25.66763886850436
12,4,1.6902931179439156
12,4,15.816854414455886
12,4,29.171898151943587
12,4,1.6500000000000001
12,4,1.6500000000000001
12,4,1.6500000000000001
12,4,12.308350873963043
12,4,1.6500000000000001
12,4,3.112714948364608
12,4,1.6500000000000001
12,4,1.6500000000000001
12,4,19.950728905785738
12,4,1.6500000000000001
12,4,1.6500000000000001
12,4,8.906399563019763
12,4,15.421809348748353
12,4,13.297441487699029
12,4,12.130220789002227
12,4,22.775841883722883
12,4,11.648126482911273
12,4,1.6500000000000001
12,4,9.87921006598168
12,4,1.6500000000000001
12,4,29.7
12,4,1.6500000000000001
12,4,2.354177302803004
12,4,1.6500000000000001
12,4,23.183413760450488
12,4,1.6500000000000001
12,4,21.739954358381908
12,4,21.170376988747783
12,4,1.6500000000000001
12,4,1.6500000000000001
12,4,12.264292995655344
12,4,1.6500000000000001
12,4,10.263452081557798
12,4,6.873413503588554
12,4,20.282176212694402
12,4,1.6500000000000001
12,4,11.596254289039784
12,4,17.455045707991893
12,4,2.6783505873449625
12,4,6.436022025554464
12,4,15.308594581739468
12,4,15.461200365823524
12,4,1.6500000000000001
12,4,8.078411668880568
12,4,1.6500000000000001
12,4,10.007360805831166
12,4,16.454842162894924
12,4,1.6500000000000001
12,4,5.90736790497073
12,4,1.6500000000000001
12,4,1.6500000000000001
12,4,1.6500000000000001
12,4,1.6500000000000001
12,4,16.6184686471605
12,4,20.535411854301056
12,4,1.6500000000000001
12,4,3.8339727632930938
12,4,5.033750863468528
12,4,22.38182095359291
12,4,4.65733799169231
12,4,4.35677324492814
12,4,1.6500000000000001
12,4,1.6500000000000001
12,4,11.052597037271727
12,4,1.6500000000000001
12,4,1.6500000000000001
12,4,14.159129050278562
12,4,8.461655842940763
12,4,10.555335818055127
12,4,26.093079151127657
12,4,19.212563111503297
12,4,29.7
12,4,10.30628275528489
12,4,23.883890838916553
12,4,1.6500000000000001
12,4,12.202374052245313
12,4,1.6500000000000001
12,4,8.794470787749248
12,4,7.035771060230067
12,4,1.6500000000000001
12,4,2.443728676263759
12,4,5.362477448689884
12,4,4.730761261041514
12,4,23.79178223557749
12,4,1.6500000000000001
12,4,6.415627220128368
12,4,1.6500000000000001
13,4,10.918124497557248
13,4,21.37641211593706
13,4,1.6500000000000001
13,4,11.189673852552886
13,4,15.52655766558213
13,4,1.6500000000000001
13,4,1.6500000000000001
13,4,13.626004549893862
13,4,14.69463592582664
13,4,1.6500000000000001
13,4,3.0419652867933156
13,4,4.8578137103149475
13,4,14.806425808358899
13,4,13.540983359575808
13,4,1.6500000000000001
13,4,11.816628954685271
13,4,10.095611998170586
13,4,4.477531951539377
13,4,3.270734523709364
13,4,4.6456528187448
13,4,7.744963168534891
13,4,1.6500000000000001
13,4,1.6500000000000001
13,4,9.663019356148055
13,4,1.6500000000000001
13,4,1.6500000000000001
13,4,4.686737207882266
13,4,23.216506155999742
13,4,1.6500000000000001
13,4,1.6500000000000001
13,4,15.492680423097253
13,4,1.6500000000000001
13,4,23.219156520288855
13,4,5.23726742379845
13,4,1.6500000000000001
13,4,1.6500000000000001
13,4,1.6500000000000001
13,4,8.020559941977421
13,4,13.225256445589782
13,4,1.6500000000000001
13,4,7.244484772740661
13,4,14.771127337680447
13,4,23.001135713456666
13,4,10.072350083815937
13,4,16.978579719824097
13,4,1.6500000000000001
13,4,29.7
13,4,7.891412338893883
13,4,5.844526115857582
13,4,1.6500000000000001
13,4,1.6500000000000001
13,4,1.6500000000000001
13,4,8.154778362575708
13,4,1.6500000000000001
13,4,10.74763555546044
13,4,18.974279861082255
13,4,1.6500000000000001
13,4,1.6500000000000001
13,4,1.6500000000000001
13,4,1.6500000000000001
13,4,8.399382457961396
13,4,1.6500000000000001
13,4,21.594056684917316
13,4,9.228367260420983
13,4,25.536547374092613
13,4,10.473699180150705
13,4,16.28307143258651
13,4,4.0504316521547175
13,4,9.170733805894837
13,4,5.973701954971555
13,4,1.6500000000000001
13,4,1.6500000000000001
13,4,23.61479744449881
13,4,9.70102493854223
13,4,9.245521210860847
13,4,1.6500000000000001
13,4,1.8488656140125328
13,4,1.6500000000000001
13,4,6.8272847347381855
13,4,1.6500000000000001
13,4,4.5896163385023705
13,4,6.277439203714038
13,4,3.3222764795190454
13,4,27.971857627037508
13,4,1.6500000000000001
13,4,5.097458172152981
13,4,1.6500000000000001
13,4,1.6500000000000001
13,4,18.138416653498496
13,4,5.832647242124081
13,4,2.711360138491779
13,4,1.6500000000000001
13,4,3.996803909943887
13,4,7.50061368674562
13,4,1.6500000000000001
13,4,9.699105965681461
13,4,1.757769659707571
13,4,1.6500000000000001
13,4,10.25204655971643
13,4,1.6500000000000001
13,4,9.249922044441654
13,4,17.272228319450903
13,4,9.800437204966318
13,4,14.882834010283247
13,4,5.372069474554071
13,4,1.6500000000000001
13,4,2.3341837396193794
13,4,1.6500000000000001
13,4,1.6500000000000001
13,4,2.7335301630876687
13,4,13.09922313483653
13,4,9.6971515940762
13,4,18.54842567275702
13,4,3.903177432737338
13,4,1.6500000000000001
13,4,14.630502281291765
13,4,1.6500000000000001
13,4,12.228507420331972
13,4,4.653487065473726
13,4,12.916209700826181
13,4,1.6500000000000001
13,4,1.6500000000000001
13,4,23.010256303072982
14,4,9.528067478562146
14,4,20.00076623129626
14,4,25.299578200417844
14,4,3.9886309023777917
14,4,1.6500000000000001
14,4,29.7
14,4,4.158784790453001
14,4,2.334357973000763
14,4,10.14533767364399
14,4,1.6500000000000001
14,4,10.652437852153453
14,4,12.900187881043964
14,4,1.6500000000000001
14,4,14.312457237820226
14,4,1.6500000000000001
14,4,1.6500000000000001
14,4,11.33181563253982
14,4,1.6500000000000001
14,4,3.200763889621875
14,4,1.6500000000000001
14,4,8.768828774973226
14,4,1.6500000000000001
14,4,29.7
14,4,13.130106836884412
14,4,17.12727787833704
14,4,18.450167212423207
14,4,3.7364040823638756
14,4,1.6500000000000001
14,4,1.6500000000000001
14,4,4.604627973757476
14,4,1.6500000000000001
14,4,14.40890029259658
14,4,4.857579959839963
14,4,13.220495202036462
14,4,1.6500000000000001
14,4,15.899323795934944
14,4,1.6500000000000001
14,4,1.6500000000000001
14,4,7.968675376351822
14,4,1.6500000000000001
14,4,8.502801779971552
14,4,1.6500000000000001
14,4,5.716951917658438
14,4,18.979713280894586
14,4,7.039116257112108
14,4,3.4703679558948792
14,4,2.2657509857123754
14,4,4.744557676997414
14,4,1.6500000000000001
14,4,1.6500000000000001
14,4,1.6500000000000001
14,4,11.791031900201459
14,4,1.6500000000000001
14,4,1.6500000000000001
14,4,16.10758008702654
14,4,1.6500000000000001
14,4,1.6500000000000001
14,4,1.6500000000000001
14,4,5.663516588824054
14,4,1.6500000000000001
14,4,3.0658803037263405
14,4,1.6500000000000001
14,4,14.43184711998894
14,4,1.6500000000000001
14,4,9.034402052155578
14,4,1.8961118016107186
14,4,15.658179726573268
14,4,1.6500000000000001
14,4,1.6500000000000001
14,4,3.7669040994319523
14,4,1.6500000000000001
14,4,1.6500000000000001
14,4,1.6500000000000001
14,4,5.936459233375546
14,4,1.6500000000000001
14,4,7.906615687534083
14,4,29.7
14,4,9.927212263663758
14,4,26.64565370217571
14,4,1.6500000000000001
14,4,2.515557786245415
14,4,1.6500000000000001
14,4,2.0969730497950696
14,4,1.6500000000000001
14,4,23.04631450669789
14,4,1.6500000000000001
14,4,6.163179158681531
14,4,1.6500000000000001
14,4,8.917221136926779
14,4,1.6500000000000001
14,4,11.10968608455002
14,4,1.6500000000000001
14,4,12.36427058321433
14,4,9.822216259190501
14,4,1.6500000000000001
14,4,3.015983687708381
14,4,1.6500000000000001
14,4,1.6500000000000001
14,4,20.325712201602464
14,4,4.496006946131132
14,4,2.152576404305671
14,4,1.7546560717476305
14,4,1.6500000000000001
14,4,17.066868175848885
14,4,8.596181732069965
14,4,1.6500000000000001
14,4,18.155260712684818
14,4,7.0306669587061785
14,4,1.6500000000000001
14,4,1.6500000000000001
14,4,1.6500000000000001
14,4,1.6500000000000001
14,4,1.6500000000000001
14,4,15.822649559847166
14,4,14.558903028634534
14,4,22.741251777079306
14,4,1.6500000000000001
14,4,1.6500000000000001
14,4,3.5724621344184615
14,4,1.6500000000000001
14,4,20.345407672869925
14,4,3.93528061586938
14,5,11.574487654331707
14,5,14.390920262726928
14,5,1.8139231326898493
14,5,8.530180392208138
14,5,3.619507497521295
14,5,1.6500000000000001
14,5,1.6500000000000001
14,5,11.949030003065179
14,5,1.6500000000000001
14,5,7.990351766705216
14,5,1.6500000000000001
14,5,25.4400689082209
14,5,15.21789093335481
14,5,9.233881408058783
14,5,6.177025311613473
14,5,4.448481773625894
14,5,5.364238178641608
14,5,6.242998672577537
14,5,29.7
14,5,1.6500000000000001
14,5,21.010138785887154
14,5,5.954954872380798
14,5,1.6500000000000001
14,5,5.3673748007779185
14,5,18.70104996415934
14,5,6.781235453724555
14,5,12.031298999846614
14,5,1.6500000000000001
14,5,12.408938284521453
14,5,19.653818596304905
14,5,1.6500000000000001
14,5,3.74219372337805
14,5,1.6500000000000001
14,5,1.6500000000000001
14,5,1.6500000000000001
14,5,1.6500000000000001
14,5,16.757280955777325
14,5,1.6600265085931825
14,5,4.129137574565668
14,5,1.6500000000000001
14,5,1.6500000000000001
14,5,2.1441983299522986
14,5,1.6500000000000001
14,5,1.6500000000000001
14,5,17.121126366329737
14,5,1.6500000000000001
14,5,1.6500000000000001
14,5,17.368357024649676
14,5,3.727281054907664
14,5,1.6500000000000001
14,5,8.569114255181528
14,5,1.6500000000000001
14,5,1.6500000000000001
14,5,29.47814147403772
14,5,5.182907177545457
14,5,4.028914904557582
14,5,1.6500000000000001
14,5,1.6500000000000001
14,5,3.5779362707251354
14,5,3.44555676747804
14,5,2.2696435234821375
14,5,27.607683058735024
14,5,1.6500000000000001
14,5,4.329235970124097
14,5,1.6500000000000001
14,5,1.6500000000000001
14,5,6.270307940273572
14,5,1.6500000000000001
14,5,1.6500000000000001
14,5,1.6500000000000001
14,5,2.6845848280319395
14,5,4.994653252862781
14,5,21.158848538362317
14,5,13.283181692691798
14,5,2.939192566090382
14,5,3.3856935356380706
14,5,1.6500000000000001
14,5,12.968961222617567
14,5,1.6500000000000001
14,5,1.6500000000000001
14,5,8.106113226052734
14,5,5.177370100098345
14,5,13.247934254917242
14,5,1.6500000000000001
14,5,18.4277635392468
14,5,8.229978723186383
14,5,16.372752956334317
14,5,22.31891590809979
14,5,8.43834994276058
14,5,1.6500000000000001
14,5,1.6500000000000001
14,5,5.021914118781632
14,5,25.632933771821733
14,5,15.530576669512476
14,5,18.856498624612243
14,5,1.6500000000000001
14,5,19.286026670449193
14,5,21.174534838764743
14,5,1.6500000000000001
14,5,7.0878634793886715
14,5,1.6500000000000001
14,5,14.387259035680607
14,5,1.6500000000000001
14,5,1.6500000000000001
14,5,4.478945678654912
14,5,1.6500000000000001
14,5,1.6500000000000001
14,5,1.6500000000000001
14,5,1.6500000000000001
14,5,3.1951301769387306
14,5,11.87565474375569
14,5,1.6500000000000001
14,5,1.6500000000000001
14,5,1.6500000000000001
14,5,10.857478001872934
14,5,7.656355457523794
14,5,10.506633171741724
14,5,1.6500000000000001
14,5,3.6369798781867413
14,5,1.6500000000000001
14,5,11.343263639021853
14,5,1.7788568945182035
14,6,13.201126428367077
14,6,1.6500000000000001
14,6,1.6500000000000001
14,6,8.488974288576248
14,6,1.6500000000000001
14,6,1.6500000000000001
14,6,1.6500000000000001
14,6,2.7274673920703085
14,6,1.6500000000000001
14,6,1.6500000000000001
14,6,13.334611776148494
14,6,1.6500000000000001
14,6,1.6500000000000001
14,6,1.6500000000000001
14,6,1.6500000000000001
14,6,4.957686545138818
14,6,1.6500000000000001
14,6,11.73460532409236
14,6,21.972286571896863
14,6,9.627097955565025
14,6,19.095698159687448
14,6,1.6500000000000001
14,6,1.6500000000000001
14,6,1.6500000000000001
14,6,6.764052848585792
14,6,19.082752210892796
14,6,1.6500000000000001
14,6,1.6500000000000001
14,6,5.497418445347237
14,6,1.6500000000000001
14,6,1.6500000000000001
14,6,1.6500000000000001
14,6,1.6500000000000001
14,6,10.1215307597943
14,6,1.6500000000000001
14,6,1.6500000000000001
14,6,1.6500000000000001
14,6,3.1779302568296814
14,6,1.6500000000000001
14,6,6.953076007831516
14,6,5.479011419981086
14,6,8.508515713330048
14,6,1.6500000000000001
14,6,16.645955575687488
14,6,11.79558718149001
14,6,1.6500000000000001
14,6,1.6500000000000001
14,6,1.6500000000000001
14,6,2.9449782266737357
14,6,1.6500000000000001
14,6,1.6500000000000001
14,6,1.6500000000000001
14,6,11.844459080211532
14,6,14.373454338570399
14,6,21.65290414129282
14,6,9.461601470712367
14,6,1.6500000000000001
14,6,8.180330828663585
14,6,15.606485434464195
14,6,1.6500000000000001
14,6,1.6500000000000001
14,6,1.6500000000000001
14,6,1.6500000000000001
14,6,23.898381031128704
14,6,3.076977818740622
14,6,3.4110215545270646
14,6,1.741171962303363
14,6,1.6500000000000001
14,6,1.6500000000000001
14,6,1.6500000000000001
14,6,15.000788024034268
14,6,3.1656989844055037
14,6,1.6500000000000001
14,6,1.6500000000000001
14,6,3.5773281041261358
14,6,1.6500000000000001
14,6,1.6500000000000001
14,6,14.063000121967296
14,6,2.0927453902307867
14,6,1.6500000000000001
14,6,1.6500000000000001
14,6,1.6500000000000001
14,6,21.85480413440558
14,6,12.27976001383084
14,6,3.705810367667463
14,6,1.6500000000000001
14,6,1.6500000000000001
14,6,1.6500000000000001
14,6,1.6500000000000001
14,6,1.6500000000000001
14,6,8.301301848386618
14,6,3.0185308923265963
14,6,1.6500000000000001
14,6,7.055616872143142
14,6,2.1920626150703737
14,6,9.065797449981826
14,6,23.962667776008818
14,6,1.6500000000000001
14,6,1.6500000000000001
14,6,1.6500000000000001
14,6,1.6500000000000001
14,6,1.6500000000000001
14,6,3.8235626672371117
14,6,1.6500000000000001
14,6,1.6500000000000001
14,6,11.322012361522805
14,6,2.1040397038429117
14,6,3.159591031313716
14,6,1.6500000000000001
14,6,1.6500000000000001
14,6,1.6500000000000001
14,6,1.6500000000000001
14,6,21.414869056009877
14,6,2.5531634752445256
14,6,1.6500000000000001
14,6,24.723976854080423
14,6,1.6500000000000001
14,6,1.6500000000000001
14,6,11.409368994147124
14,6,1.6500000000000001
14,6,1.6500000000000001
14,6,1.6500000000000001
15,6,1.6500000000000001
15,6,24.355802199909583
15,6,1.6500000000000001
15,6,17.382213373027387
15,6,7.330171000566098
15,6,7.185255238636093
15,6,1.6500000000000001
15,6,1.6500000000000001
15,6,3.9659500849356646
15,6,1.6500000000000001
15,6,6.281628296982991
15,6,1.6500000000000001
15,6,2.3119256877505268
15,6,1.6500000000000001
15,6,11.229884622430664
15,6,1.6500000000000001
15,6,11.871726739358774
15,6,8.814870593007143
15,6,1.6500000000000001
15,6,1.6500000000000001
15,6,5.903405575691018
15,6,7.6972055907562895
15,6,4.860997929831249
15,6,2.1484138355415228
15,6,9.26811876236159
15,6,13.263145503027776
15,6,1.6500000000000001
15,6,1.6500000000000001
15,6,15.60347773318821
15,6,1.6500000000000001
15,6,8.804869619164842
15,6,1.6500000000000001
15,6,14.4195269558485
15,6,1.6500000000000001
15,6,1.6500000000000001
15,6,18.221325659704643
15,6,1.6500000000000001
15,6,12.901687208627967
15,6,1.6500000000000001
15,6,1.6500000000000001
15,6,15.987621684979128
15,6,1.6500000000000001
15,6,1.6500000000000001
15,6,1.6500000000000001
15,6,1.6500000000000001
15,6,8.083719328840886
15,6,14.517994539537316
15,6,1.6500000000000001
15,6,23.556826358691985
15,6,1.6500000000000001
15,6,1.6500000000000001
15,6,22.519012083671722
15,6,1.6500000000000001
15,6,1.6500000000000001
15,6,6.5023981787390275
15,6,8.520498678293762
15,6,1.6500000000000001
15,6,2.300497310137009
15,6,1.6500000000000001
15,6,1.6500000000000001
15,6,1.6500000000000001
15,6,1.6500000000000001
15,6,1.6500000000000001
15,6,2.9782808088298394
15,6,8.742275246526354
15,6,1.6500000000000001
15,6,17.699232980032757
15,6,22.628034480574584
15,6,20.440113370465493
15,6,1.6500000000000001
15,6,16.746402819243087
15,6,13.521057731981163
15,6,1.6500000000000001
15,6,1.6500000000000001
15,6,8.898153284655242
15,6,1.6500000000000001
15,6,1.6500000000000001
15,6,14.634542681152052
15,6,5.884039951588195
15,6,1.6500000000000001
15,6,7.938870722232099
15,6,1.720858068265068
15,6,1.6500000000000001
15,6,1.6500000000000001
15,6,4.2769918610230775
15,6,3.276885148930571
15,6,1.6500000000000001
15,6,1.6500000000000001
15,6,1.6500000000000001
15,6,1.6500000000000001
15,6,1.6500000000000001
15,6,1.6500000000000001
15,6,1.6500000000000001
15,6,1.6500000000000001
15,6,1.6500000000000001
15,6,1.6500000000000001
15,6,13.355890929486309
15,6,1.6500000000000001
15,6,10.506876704330903
15,6,21.159055179506662
15,6,7.961509573889542
15,6,10.786642771666923
15,6,17.338425782168777
15,6,9.009534562291886
15,6,3.977660255992769
15,6,1.6500000000000001
15,6,1.6500000000000001
15,6,1.6500000000000001
15,6,25.997576252046688
15,6,1.6500000000000001
15,6,1.792830014717396
15,6,8.024529260365608
15,6,1.6500000000000001
15,6,16.42981565637527
15,6,11.405635587055876
15,6,1.6500000000000001
15,6,7.482162962005614
15,6,1.6500000000000001
15,6,1.6500000000000001
15,6,2.162978168395103
15,6,1.6500000000000001
15,6,1.6500000000000001
16,6,1.6500000000000001
16,6,19.845006027995776
16,6,1.8371475476994885
16,6,1.6500000000000001
16,6,1.6500000000000001
16,6,1.6500000000000001
16,6,1.6500000000000001
16,6,3.0528987621648787
16,6,9.497151287905503
16,6,1.6500000000000001
16,6,9.741523741312127
16,6,7.146600043852949
16,6,1.6500000000000001
16,6,1.6500000000000001
16,6,1.6500000000000001
16,6,12.518831898113252
16,6,1.6500000000000001
16,6,1.6500000000000001
16,6,12.084292419899315
16,6,1.6500000000000001
16,6,1.6500000000000001
16,6,1.6500000000000001
16,6,12.618887625151665
16,6,17.54234852866567
16,6,6.975319443267727
16,6,3.65313437850402
16,6,10.001715811271435
16,6,11.412733696916384
16,6,1.6500000000000001
16,6,1.6500000000000001
16,6,1.6500000000000001
16,6,4.960941572531206
16,6,1.6500000000000001
16,6,1.6500000000000001
16,6,1.6500000000000001
16,6,1.6500000000000001
16,6,11.005149689838873
16,6,1.7749638844972264
16,6,1.6500000000000001
16,6,23.384780574895053
16,6,3.571113379276197
16,6,14.279871404050473
16,6,1.6500000000000001
16,6,1.6500000000000001
16,6,6.677718084304989
16,6,7.018132625020341
16,6,6.474956977223397
16,6,4.932993743226363
16,6,1.6500000000000001
16,6,1.6500000000000001
16,6,1.6500000000000001
16,6,1.6500000000000001
16,6,3.8846424271274187
16,6,1.9514047163264179
16,6,1.6500000000000001
16,6,3.718309185510094
16,6,1.6500000000000001
16,6,1.6500000000000001
16,6,11.634134776329052
16,6,13.53639314566996
16,6,1.6500000000000001
16,6,1.6500000000000001
16,6,18.159976147727903
16,6,1.6500000000000001
16,6,1.6500000000000001
16,6,5.0550930685735285
16,6,1.6500000000000001
16,6,1.6500000000000001
16,6,22.09625708230778
16,6,13.458014425104007
16,6,1.6500000000000001
16,6,1.6500000000000001
16,6,9.873453397198187
16,6,1.6500000000000001
16,6,9.097804913174889
16,6,1.6500000000000001
16,6,8.890104975972964
16,6,1.6500000000000001
16,6,1.6500000000000001
16,6,1.6500000000000001
16,6,1.6500000000000001
16,6,6.1685790790498585
16,6,4.575780894860616
16,6,1.6500000000000001
16,6,5.4399470902115805
16,6,6.229837765271215
16,6,1.6500000000000001
16,6,18.946248646076832
16,6,1.6500000000000001
16,6,1.6500000000000001
16,6,1.6500000000000001
16,6,1.6500000000000001
16,6,1.6500000000000001
16,6,1.6500000000000001
16,6,1.6500000000000001
16,6,8.172011988976125
16,6,1.6500000000000001
16,6,1.6500000000000001
16,6,1.6500000000000001
16,6,1.6500000000000001
16,6,1.6500000000000001
16,6,2.1603683937681106
16,6,1.6500000000000001
16,6,12.695727544041903
16,6,6.6009123491821935
16,6,3.9961526993327494
16,6,21.07389050443241
16,6,1.6500000000000001
16,6,1.6500000000000001
16,6,6.23053230538855
16,6,6.706499257160159
16,6,1.6500000000000001
16,6,7.915007973918114
16,6,1.6500000000000001
16,6,1.6500000000000001
16,6,3.541718231197239
16,6,6.822653818787723
16,6,1.6500000000000001
16,6,1.6500000000000001
16,6,1.6500000000000001
16,6,1.6500000000000001
16,6,12.000037248196556
16,6,2.543097960476444
16,7,1.6500000000000001
16,7,15.255868878530151
16,7,5.629302752787484
16,7,8.591020691496222
16,7,1.6500000000000001
16,7,1.6500000000000001
16,7,1.6500000000000001
16,7,19.97712197517511
16,7,4.935976611917241
16,7,1.6500000000000001
16,7,17.446425193606043
16,7,1.6500000000000001
16,7,1.6500000000000001
16,7,9.265023214151595
16,7,4.250490164127181
16,7,1.6500000000000001
16,7,1.6500000000000001
16,7,13.398359676552749
16,7,1.6500000000000001
16,7,13.784060327091499
16,7,1.6500000000000001
16,7,1.6500000000000001
16,7,1.6500000000000001
16,7,1.6500000000000001
16,7,6.8969385450366705
16,7,5.530835986836772
16,7,1.6500000000000001
16,7,11.254413373817451
16,7,1.6500000000000001
16,7,1.6500000000000001
16,7,1.6500000000000001
16,7,1.6500000000000001
16,7,1.6500000000000001
16,7,7.11608922318797
16,7,1.6500000000000001
16,7,1.6500000000000001
16,7,1.6500000000000001
16,7,3.138877646577857
16,7,1.6500000000000001
16,7,11.88213726410792
16,7,1.6500000000000001
16,7,1.6500000000000001
16,7,5.038316937121208
16,7,1.8582516684930637
16,7,8.700633295229142
16,7,1.6500000000000001
16,7,1.6500000000000001
16,7,1.6500000000000001
16,7,1.6500000000000001
16,7,1.6500000000000001
16,7,1.6500000000000001
16,7,5.853743371200491
16,7,11.218968971741392
16,7,1.6500000000000001
16,7,9.492229327813543
16,7,1.6500000000000001
16,7,12.73731820950132
16,7,12.881739255985062
16,7,1.6500000000000001
16,7,7.055054540955641
16,7,1.6500000000000001
16,7,3.137284386906464
16,7,1.6500000000000001
16,7,8.873318739387582
16,7,10.26880813721235
16,7,22.925053852434818
16,7,1.6500000000000001
16,7,6.685986713478488
16,7,10.331750177023453
16,7,1.6500000000000001
16,7,1.6500000000000001
16,7,1.6500000000000001
16,7,1.6500000000000001
16,7,1.6500000000000001
16,7,21.205644600616086
16,7,1.6500000000000001
16,7,12.978296364810522
16,7,4.4810379135596605
16,7,1.7862242696851247
16,7,1.6500000000000001
16,7,1.6500000000000001
16,7,8.63973294368055
16,7,1.6500000000000001
16,7,1.6500000000000001
16,7,3.8319122086325486
16,7,16.168004769316408
16,7,3.8355804056011893
16,7,1.6500000000000001
16,7,15.262282379960485
16,7,1.6500000000000001
16,7,6.47287236449951
16,7,1.6500000000000001
16,7,1.6500000000000001
16,7,1.6500000000000001
16,7,1.6500000000000001
16,7,1.6500000000000001
16,7,1.6500000000000001
16,7,6.052592701965421
16,7,1.6500000000000001
16,7,1.6500000000000001
16,7,1.6500000000000001
16,7,8.070422782903375
16,7,1.7548632439253247
16,7,1.6500000000000001
16,7,1.6500000000000001
16,7,5.095771767158
16,7,1.6500000000000001
16,7,1.6500000000000001
16,7,8.716191455987103
16,7,1.6500000000000001
16,7,5.2434268118750555
16,7,24.754163429179744
16,7,15.181642386279735
16,7,1.6500000000000001
16,7,1.6500000000000001
16,7,1.6500000000000001
16,7,3.4474236541669963
16,7,5.1680161461692915
16,7,1.6500000000000001
16,7,1.6500000000000001
16,7,1.6500000000000001
16,7,1.6500000000000001
16,8,1.6500000000000001
16,8,1.6500000000000001
16,8,1.6500000000000001
16,8,1.6500000000000001
16,8,1.6500000000000001
16,8,1.6500000000000001
16,8,27.456793681282083
16,8,1.6500000000000001
16,8,2.543851942243193
16,8,1.6500000000000001
16,8,1.6500000000000001
16,8,13.2845703854204
16,8,1.6500000000000001
16,8,4.776523521674824
16,8,1.6500000000000001
16,8,1.6500000000000001
16,8,1.6500000000000001
16,8,1.6500000000000001
16,8,5.847598297521237
16,8,1.6500000000000001
16,8,1.6500000000000001
16,8,1.6500000000000001
16,8,1.6500000000000001
16,8,1.6500000000000001
16,8,1.6500000000000001
16,8,1.6500000000000001
16,8,10.297644219288399
16,8,1.6500000000000001
16,8,1.6500000000000001
16,8,1.6500000000000001
16,8,1.6500000000000001
16,8,9.329475707129216
16,8,1.6500000000000001
16,8,4.365720089349338
16,8,1.6500000000000001
16,8,1.6500000000000001
16,8,13.453443738890112
16,8,1.6500000000000001
16,8,23.708926314443023
16,8,1.6500000000000001
16,8,1.6500000000000001
16,8,2.0270093942055
16,8,1.6500000000000001
16,8,1.6500000000000001
16,8,1.6500000000000001
16,8,1.6500000000000001
16,8,1.6500000000000001
16,8,1.6500000000000001
16,8,6.477600704788352
16,8,1.6500000000000001
16,8,11.054211446134097
16,8,1.6500000000000001
16,8,1.6500000000000001
16,8,1.6500000000000001
16,8,1.6500000000000001
16,8,5.038883815179433
16,8,7.31273141307889
16,8,1.6500000000000001
16,8,1.6500000000000001
16,8,1.6500000000000001
16,8,11.679527899124428
16,8,9.410829231856889
16,8,1.6500000000000001
16,8,2.9008484367240666
16,8,1.6500000000000001
16,8,1.6500000000000001
16,8,9.741951966830102
16,8,1.6500000000000001
16,8,1.6500000000000001
16,8,6.5754406470923605
16,8,1.6500000000000001
16,8,15.945931866522809
16,8,19.011444974342577
16,8,1.6500000000000001
16,8,10.864843626085198
16,8,1.9082211153252322
16,8,2.9264499257230567
16,8,3.457180745537501
16,8,5.5261972939796
16,8,3.079923432877301
16,8,6.3527806969733245
16,8,18.18455909013846
16,8,1.6500000000000001
16,8,6.231612145682929
16,8,1.6500000000000001
16,8,5.6385078288432755
16,8,20.961617863937526
16,8,1.6500000000000001
16,8,1.6500000000000001
16,8,1.6500000000000001
16,8,1.6500000000000001
16,8,1.6500000000000001
16,8,1.6500000000000001
16,8,1.6500000000000001
16,8,1.6500000000000001
16,8,1.6500000000000001
16,8,13.623882962158621
16,8,8.475065569529743
16,8,17.932806574001372
16,8,1.6500000000000001
16,8,9.217353754340454
16,8,18.31863888821185
16,8,1.6500000000000001
16,8,1.6500000000000001
16,8,3.562855045095791
16,8,1.6500000000000001
16,8,1.6500000000000001
16,8,12.308782480112413
16,8,1.6500000000000001
16,8,9.371982618041546
16,8,1.6500000000000001
16,8,3.4629367634250436
16,8,1.6500000000000001
16,8,4.317512565865715
16,8,1.6500000000000001
16,8,1.6500000000000001
16,8,5.926057689950816
16,8,1.6500000000000001
16,8,18.55625593356036
16,8,1.6500000000000001
16,8,1.6500000000000001
16,8,1.6500000000000001
16,9,1.6500000000000001
16,9,1.6500000000000001
16,9,14.294971097617765
16,9,1.6500000000000001
16,9,4.546878381136065
16,9,2.3648375719336157
16,9,1.6500000000000001
16,9,7.828411647148741
16,9,1.6500000000000001
16,9,1.8406534990666965
16,9,17.591904594105163
16,9,14.755724234228193
16,9,1.6500000000000001
16,9,1.6500000000000001
16,9,1.6500000000000001
16,9,1.6500000000000001
16,9,1.6500000000000001
16,9,8.557944657609085
16,9,1.6500000000000001
16,9,10.728840026759698
16,9,1.6500000000000001
16,9,14.724028612042677
16,9,1.6500000000000001
16,9,1.6500000000000001
16,9,8.609770552517782
16,9,1.6500000000000001
16,9,1.6500000000000001
16,9,1.6500000000000001
16,9,1.6500000000000001
16,9,1.6500000000000001
16,9,1.6500000000000001
16,9,1.6500000000000001
16,9,1.6500000000000001
16,9,1.6500000000000001
16,9,1.6500000000000001
16,9,1.6500000000000001
16,9,1.6500000000000001
16,9,1.6500000000000001
16,9,5.8165480622309875
16,9,3.754806534350135
16,9,1.6500000000000001
16,9,1.6500000000000001
16,9,1.6500000000000001
16,9,10.245078416892753
16,9,1.6500000000000001
16,9,1.6500000000000001
16,9,12.33990749363446
16,9,1.6500000000000001
16,9,1.6500000000000001
16,9,1.6500000000000001
16,9,1.6500000000000001
16,9,1.6500000000000001
16,9,1.6500000000000001
16,9,5.402143057646077
16,9,10.07574020969831
16,9,1.6500000000000001
16,9,1.6500000000000001
16,9,1.6500000000000001
16,9,1.6500000000000001
16,9,13.774550314444195
16,9,2.4052389403190606
16,9,10.546253054174837
16,9,1.6500000000000001
16,9,1.6500000000000001
16,9,1.6500000000000001
16,9,3.4700761879511175
16,9,3.861141783848737
16,9,1.6500000000000001
16,9,1.6500000000000001
16,9,13.116686829945246
16,9,1.6500000000000001
16,9,1.6500000000000001
16,9,1.6500000000000001
16,9,1.6500000000000001
16,9,1.6500000000000001
16,9,8.243025680006518
16,9,1.6500000000000001
16,9,1.6500000000000001
16,9,1.6500000000000001
16,9,1.6500000000000001
16,9,1.6500000000000001
16,9,1.6500000000000001
16,9,1.6500000000000001
16,9,1.6500000000000001
16,9,1.6500000000000001
16,9,20.962141376856543
16,9,1.6500000000000001
16,9,2.9493649201220338
16,9,3.192366139074233
16,9,9.049217585356073
16,9,6.035287672485824
16,9,1.6500000000000001
16,9,1.6500000000000001
16,9,1.6500000000000001
16,9,1.6500000000000001
16,9,7.735052302404258
16,9,19.790601985260306
16,9,1.6500000000000001
16,9,19.086909180455372
16,9,1.6500000000000001
16,9,1.6500000000000001
16,9,6.136124472312179
16,9,2.660431304433661
16,9,6.396056299158694
16,9,1.6500000000000001
16,9,1.6500000000000001
16,9,1.6500000000000001
16,9,1.6500000000000001
16,9,6.851919035334571
16,9,11.008531206401333
16,9,1.6500000000000001
16,9,10.355833284509494
16,9,7.307111750659291
16,9,1.6500000000000001
16,9,11.070860712351818
16,9,1.6500000000000001
16,9,10.057926982709654
16,9,9.201923882282069
16,9,4.815822547231654
16,9,1.6500000000000001
16,9,1.6500000000000001
16,9,1.6500000000000001
16,10,9.175656282762102
16,10,1.6500000000000001
16,10,1.6500000000000001
16,10,1.6500000000000001
16,10,8.321627593755228
16,10,6.838405330665124
16,10,1.6500000000000001
16,10,7.903385700287323
16,10,1.6500000000000001
16,10,11.099251646355215
16,10,2.6071395536373814
16,10,1.6500000000000001
16,10,2.3313558851893696
16,10,2.76824287000505
16,10,1.6500000000000001
16,10,1.6500000000000001
16,10,1.6500000000000001
16,10,1.6500000000000001
16,10,11.001600313769
16,10,1.6500000000000001
16,10,1.9539658828598805
16,10,1.6500000000000001
16,10,1.6500000000000001
16,10,1.6500000000000001
16,10,5.560108789431645
16,10,1.6500000000000001
16,10,6.52162592197705
16,10,1.6500000000000001
16,10,1.6500000000000001
16,10,1.6500000000000001
16,10,1.6500000000000001
16,10,1.6500000000000001
16,10,1.6500000000000001
16,10,13.179349705548873
16,10,1.6500000000000001
16,10,13.522351332464712
16,10,1.6500000000000001
16,10,1.6500000000000001
16,10,8.935967468295392
16,10,1.6500000000000001
16,10,16.750880248511276
16,10,1.6500000000000001
16,10,21.95623199036246
16,10,1.6500000000000001
16,10,4.29654647743211
16,10,3.60005657200605
16,10,10.77232863609277
16,10,14.191057964455513
16,10,1.6500000000000001
16,10,1.6500000000000001
16,10,15.722535197370142
16,10,16.365252818104448
16,10,1.6500000000000001
16,10,1.6500000000000001
16,10,1.6500000000000001
16,10,1.6500000000000001
16,10,1.6500000000000001
16,10,5.936328823448617
16,10,1.6500000000000001
16,10,7.395365897862961
16,10,1.6500000000000001
16,10,1.6500000000000001
16,10,1.6500000000000001
16,10,1.6500000000000001
16,10,18.23998091630133
16,10,5.278055594422907
16,10,4.844403365200874
16,10,1.6500000000000001
16,10,1.6500000000000001
16,10,1.6500000000000001
16,10,1.6500000000000001
16,10,1.6500000000000001
16,10,16.080661284442463
16,10,6.092243898831807
16,10,13.411737349601152
16,10,1.6500000000000001
16,10,1.6500000000000001
16,10,6.72972094083898
16,10,1.6500000000000001
16,10,1.6500000000000001
16,10,1.6500000000000001
16,10,4.003501983125288
16,10,1.6500000000000001
16,10,8.273165148947921
16,10,1.6500000000000001
16,10,2.840877728208995
16,10,1.6500000000000001
16,10,5.965740868121048
16,10,1.6500000000000001
16,10,1.6500000000000001
16,10,5.924494378660231
16,10,1.6500000000000001
16,10,1.6500000000000001
16,10,11.2002230264829
16,10,1.6500000000000001
16,10,1.6500000000000001
16,10,5.167542862932812
16,10,1.6500000000000001
16,10,1.6500000000000001
16,10,1.6500000000000001
16,10,1.6500000000000001
16,10,11.013809954863522
16,10,1.6500000000000001
16,10,1.6500000000000001
16,10,1.6500000000000001
16,10,1.6500000000000001
16,10,14.81299973170077
16,10,3.5655064924679403
16,10,1.6500000000000001
16,10,3.0526072899400716
16,10,13.900924263287166
16,10,1.6500000000000001
16,10,1.6500000000000001
16,10,1.6500000000000001
16,10,1.6500000000000001
16,10,12.768270551149424
16,10,1.6500000000000001
16,10,3.3093333124527717
16,10,1.6500000000000001
16,10,1.6500000000000001
16,10,2.7577823720922643
16,10,1.6500000000000001
16,11,1.6500000000000001
16,11,1.6500000000000001
16,11,1.6500000000000001
16,11,1.6500000000000001
16,11,1.6500000000000001
16,11,1.8296488912957392
16,11,1.6500000000000001
16,11,2.207487134132144
16,11,12.264338351502346
16,11,1.6500000000000001
16,11,5.334354825309145
16,11,1.6500000000000001
16,11,1.6500000000000001
16,11,1.6500000000000001
16,11,1.6500000000000001
16,11,1.6500000000000001
16,11,1.6500000000000001
16,11,1.6500000000000001
16,11,4.29758212483469
16,11,1.6500000000000001
16,11,1.6500000000000001
16,11,8.33172771322247
16,11,1.6500000000000001
16,11,1.6500000000000001
16,11,1.6500000000000001
16,11,1.6500000000000001
16,11,1.6500000000000001
16,11,8.485570905818758
16,11,1.6500000000000001
16,11,1.6500000000000001
16,11,7.825222375968096
16,11,1.6500000000000001
16,11,6.375640025333077
16,11,6.888855014714544
16,11,1.6500000000000001
16,11,1.6500000000000001
16,11,1.6500000000000001
16,11,4.932343881996845
16,11,2.6729301513638015
16,11,1.6500000000000001
16,11,1.6500000000000001
16,11,1.6500000000000001
16,11,1.6500000000000001
16,11,1.6500000000000001
16,11,1.6500000000000001
16,11,6.620021819300648
16,11,1.6500000000000001
16,11,14.129606696407421
16,11,1.6500000000000001
16,11,1.6500000000000001
16,11,11.97180759325287
16,11,1.6500000000000001
16,11,6.677363886485335
16,11,1.6500000000000001
16,11,2.03581264939696
16,11,1.6500000000000001
16,11,1.6500000000000001
16,11,1.6500000000000001
16,11,1.6500000000000001
16,11,1.6500000000000001
16,11,1.6500000000000001
16,11,1.6500000000000001
16,11,1.6500000000000001
16,11,1.6500000000000001
16,11,13.68392138647895
16,11,1.6500000000000001
16,11,1.6500000000000001
16,11,21.63225831446686
16,11,1.6500000000000001
16,11,8.99471085993805
16,11,1.6500000000000001
16,11,1.6500000000000001
16,11,1.6500000000000001
16,11,1.6500000000000001
16,11,2.4286709453302078
16,11,1.6500000000000001
16,11,1.6500000000000001
16,11,1.6500000000000001
16,11,1.6500000000000001
16,11,1.6500000000000001
16,11,1.6500000000000001
16,11,1.6500000000000001
16,11,11.468255632907285
16,11,3.020990566293599
16,11,1.8840186626934328
16,11,9.368851989347244
16,11,1.6500000000000001
16,11,9.340023923646296
16,11,1.6500000000000001
16,11,1.6500000000000001
16,11,1.6500000000000001
16,11,1.6500000000000001
16,11,1.6500000000000001
16,11,1.6500000000000001
16,11,1.6500000000000001
16,11,1.6500000000000001
16,11,17.516722887426965
16,11,1.6500000000000001
16,11,1.6500000000000001
16,11,1.6500000000000001
16,11,1.6500000000000001
16,11,5.117003016286793
16,11,6.835906622508938
16,11,1.6500000000000001
16,11,1.6500000000000001
16,11,1.6500000000000001
16,11,1.6500000000000001
16,11,1.6500000000000001
16,11,6.655601629934013
16,11,1.6500000000000001
16,11,1.6500000000000001
16,11,1.6500000000000001
16,11,12.552429754156481
16,11,1.6500000000000001
16,11,4.28607950241868
16,11,7.373521185566213
16,11,1.6500000000000001
16,11,1.6500000000000001
16,11,1.6500000000000001
16,11,1.6500000000000001
16,11,1.6500000000000001
16,11,6.22955314683008
16,11,1.6500000000000001
16,10,11.456531506512022
16,10,1.6500000000000001
16,10,7.9056994563519005
16,10,7.125458427576188
16,10,1.6500000000000001
16,10,1.6500000000000001
16,10,1.6500000000000001
16,10,4.834998814422288
16,10,1.6500000000000001
16,10,1.6500000000000001
16,10,1.6500000000000001
16,10,3.0695747173758843
16,10,1.6500000000000001
16,10,1.6500000000000001
16,10,1.6500000000000001
16,10,6.2548901946084605
16,10,1.6500000000000001
16,10,19.725435527664256
16,10,3.9547681551986447
16,10,1.6500000000000001
16,10,4.316262197818459
16,10,14.079432558186564
16,10,1.6500000000000001
16,10,1.6500000000000001
16,10,1.6500000000000001
16,10,1.6500000000000001
16,10,1.6500000000000001
16,10,1.6500000000000001
16,10,1.6500000000000001
16,10,1.6500000000000001
16,10,1.6500000000000001
16,10,1.6500000000000001
16,10,1.6500000000000001
16,10,1.6500000000000001
16,10,1.6500000000000001
16,10,8.29192547323319
16,10,1.6500000000000001
16,10,10.646725837384885
16,10,1.6500000000000001
16,10,7.8119335898714155
16,10,1.6500000000000001
16,10,1.6500000000000001
16,10,1.6500000000000001
16,10,1.6500000000000001
16,10,1.6500000000000001
16,10,1.6500000000000001
16,10,1.6500000000000001
16,10,6.3406968215325925
16,10,1.6500000000000001
16,10,1.6500000000000001
16,10,1.6500000000000001
16,10,1.6500000000000001
16,10,1.6500000000000001
16,10,9.633100482754251
16,10,1.6500000000000001
16,10,1.6500000000000001
16,10,1.6500000000000001
16,10,1.6500000000000001
16,10,1.6500000000000001
16,10,1.6500000000000001
16,10,1.6500000000000001
16,10,1.6500000000000001
16,10,4.521255078776807
16,10,1.6500000000000001
16,10,1.6500000000000001
16,10,1.6500000000000001
16,10,11.174851894126258
16,10,4.238910495271138
16,10,1.6500000000000001
16,10,10.714980511942846
16,10,1.6500000000000001
16,10,1.6500000000000001
16,10,1.6500000000000001
16,10,1.6500000000000001
16,10,1.6500000000000001
16,10,1.6500000000000001
16,10,1.6500000000000001
16,10,1.6500000000000001
16,10,1.6500000000000001
16,10,1.6500000000000001
16,10,1.6500000000000001
16,10,10.640285330543243
16,10,4.117399701868116
16,10,1.6500000000000001
16,10,1.6500000000000001
16,10,4.01790491230768
16,10,1.6500000000000001
16,10,1.6500000000000001
16,10,2.8483889002995486
16,10,17.014140442771964
16,10,1.6500000000000001
16,10,1.6500000000000001
16,10,1.6500000000000001
16,10,3.702524763197845
16,10,1.6500000000000001
16,10,1.6500000000000001
16,10,1.6500000000000001
16,10,3.498958899895902
16,10,1.6500000000000001
16,10,1.6500000000000001
16,10,1.6500000000000001
16,10,1.6500000000000001
16,10,1.6500000000000001
16,10,1.6500000000000001
16,10,8.702314474546307
16,10,1.6500000000000001
16,10,1.6500000000000001
16,10,1.6500000000000001
16,10,1.6500000000000001
16,10,10.26774564093531
16,10,1.6500000000000001
16,10,1.6500000000000001
16,10,4.656959898265255
16,10,1.6500000000000001
16,10,1.6500000000000001
16,10,1.6500000000000001
16,10,1.6500000000000001
16,10,4.526514039127301
16,10,1.6500000000000001
16,10,1.6500000000000001
16,10,1.6500000000000001
16,10,5.128450502758376
16,9,1.6500000000000001
16,9,1.6500000000000001
16,9,1.6500000000000001
16,9,1.6500000000000001
16,9,1.6500000000000001
16,9,1.6500000000000001
16,9,8.134209932831528
16,9,4.839506723399703
16,9,1.6500000000000001
16,9,1.6500000000000001
16,9,5.804447023773948
16,9,1.6500000000000001
16,9,11.92746521667094
16,9,3.7421240748344644
16,9,1.6500000000000001
16,9,1.6500000000000001
16,9,1.6500000000000001
16,9,1.6500000000000001
16,9,1.6500000000000001
16,9,7.440254318360651
16,9,5.319418270402621
16,9,6.356623847898462
16,9,9.734338301401309
16,9,5.684635507974751
16,9,3.742646319571503
16,9,1.6500000000000001
16,9,1.6500000000000001
16,9,21.861922517970587
16,9,1.6500000000000001
16,9,9.276537968715214
16,9,11.388173357526755
16,9,5.401984215677486
16,9,4.953757136511588
16,9,10.067157774845194
16,9,1.6500000000000001
16,9,1.6500000000000001
16,9,1.6500000000000001
16,9,1.6500000000000001
16,9,8.438204739715426
16,9,1.6500000000000001
16,9,4.0987513932360145
16,9,9.122602262855477
16,9,3.913122178916357
16,9,1.6500000000000001
16,9,3.202188948314867
16,9,1.6500000000000001
16,9,10.599624908171947
16,9,1.6500000000000001
16,9,1.6500000000000001
16,9,1.6500000000000001
16,9,1.6500000000000001
16,9,1.6500000000000001
16,9,1.6500000000000001
16,9,1.6500000000000001
16,9,1.6500000000000001
16,9,7.301568294960427
16,9,1.6500000000000001
16,9,5.29003357097797
16,9,1.6500000000000001
16,9,1.6500000000000001
16,9,1.6500000000000001
16,9,1.6500000000000001
16,9,7.039629385410269
16,9,1.6500000000000001
16,9,1.6500000000000001
16,9,1.6500000000000001
16,9,1.6500000000000001
16,9,1.6500000000000001
16,9,3.076490744021209
16,9,15.139811276587945
16,9,1.6500000000000001
16,9,1.6500000000000001
16,9,1.6500000000000001
16,9,1.6500000000000001
16,9,1.6500000000000001
16,9,9.554563714589083
16,9,1.6500000000000001
16,9,11.321344349747857
16,9,10.168798931289599
16,9,9.988556008026691
16,9,7.812779935832216
16,9,7.948604233685396
16,9,1.6500000000000001
16,9,1.6500000000000001
16,9,4.203511338944884
16,9,1.6500000000000001
16,9,4.154663620778783
16,9,1.6500000000000001
16,9,1.6500000000000001
16,9,6.8807198501558755
16,9,1.6500000000000001
16,9,1.6500000000000001
16,9,1.6500000000000001
16,9,16.816438971354405
16,9,1.6500000000000001
16,9,2.136940191322453
16,9,1.6500000000000001
16,9,1.6500000000000001
16,9,1.6500000000000001
16,9,7.524376377795411
16,9,2.6424049296636456
16,9,1.6500000000000001
16,9,1.6500000000000001
16,9,23.173457646725932
16,9,3.684337640818243
16,9,1.6500000000000001
16,9,1.6500000000000001
16,9,19.209766103912564
16,9,1.6500000000000001
16,9,1.6500000000000001
16,9,1.6500000000000001
16,9,22.57637294596635
16,9,5.74700020409841
16,9,3.7332081404656154
16,9,1.6500000000000001
16,9,1.6500000000000001
16,9,2.3383217034032278
16,9,12.004021145413418
16,9,1.6500000000000001
16,9,1.6500000000000001
16,9,6.710462328033419
16,9,1.6500000000000001
16,8,1.6500000000000001
16,8,21.139561531132273
16,8,5.00486775663344
16,8,19.36471595850032
16,8,13.37700601484015
16,8,1.6500000000000001
16,8,1.6500000000000001
16,8,1.6500000000000001
16,8,1.6500000000000001
16,8,1.6500000000000001
16,8,1.6500000000000001
16,8,1.6500000000000001
16,8,1.6500000000000001
16,8,5.689422546931535
16,8,1.6500000000000001
16,8,1.6500000000000001
16,8,1.6500000000000001
16,8,1.6500000000000001
16,8,1.6500000000000001
16,8,10.570305131750002
16,8,1.6500000000000001
16,8,2.747541388208619
16,8,1.6500000000000001
16,8,1.6500000000000001
16,8,9.549181685363656
16,8,1.6500000000000001
16,8,1.6500000000000001
16,8,6.522073184523132
16,8,1.6500000000000001
16,8,1.6500000000000001
16,8,1.6500000000000001
16,8,5.423821128063466
16,8,1.6500000000000001
16,8,1.6500000000000001
16,8,1.6500000000000001
16,8,1.6500000000000001
16,8,1.6500000000000001
16,8,1.6500000000000001
16,8,9.745706092992805
16,8,1.6500000000000001
16,8,1.6500000000000001
16,8,18.423822100132522
16,8,1.6500000000000001
16,8,1.6500000000000001
16,8,1.6500000000000001
16,8,7.613409842446986
16,8,1.6500000000000001
16,8,14.280568823421353
16,8,1.6500000000000001
16,8,1.6500000000000001
16,8,1.6500000000000001
16,8,1.6500000000000001
16,8,1.6500000000000001
16,8,9.114907300488495
16,8,1.6500000000000001
16,8,4.561032074145533
16,8,1.6500000000000001
16,8,3.868992712367872
16,8,1.6500000000000001
16,8,14.24389795719178
16,8,10.592224377581282
16,8,1.6500000000000001
16,8,11.013006215946785
16,8,1.6500000000000001
16,8,1.6500000000000001
16,8,1.6500000000000001
16,8,5.347768630632758
16,8,1.6500000000000001
16,8,1.6500000000000001
16,8,1.6500000000000001
16,8,5.150477585286774
16,8,1.6500000000000001
16,8,1.6500000000000001
16,8,15.595486907834918
16,8,2.7178241049655556
16,8,1.6500000000000001
16,8,1.6500000000000001
16,8,1.6500000000000001
16,8,1.6500000000000001
16,8,1.6500000000000001
16,8,1.6500000000000001
16,8,1.6500000000000001
16,8,1.6500000000000001
16,8,11.860742013034157
16,8,13.461625467920658
16,8,10.42455612733414
16,8,1.6500000000000001
16,8,1.6500000000000001
16,8,1.6500000000000001
16,8,1.6500000000000001
16,8,1.6500000000000001
16,8,1.6500000000000001
16,8,2.761541174277233
16,8,3.192101046096101
16,8,1.6500000000000001
16,8,1.6500000000000001
16,8,6.828216860991919
16,8,17.644527649566015
16,8,9.688702109510283
16,8,6.550856551702292
16,8,13.811804897166214
16,8,1.6500000000000001
16,8,4.053564897929876
16,8,29.7
16,8,1.6500000000000001
16,8,1.6500000000000001
16,8,1.6500000000000001
16,8,1.6500000000000001
16,8,1.6500000000000001
16,8,1.6500000000000001
16,8,1.6500000000000001
16,8,1.6500000000000001
16,8,1.6500000000000001
16,8,1.6500000000000001
16,8,1.6500000000000001
16,8,1.6500000000000001
16,8,1.6500000000000001
16,8,1.6500000000000001
16,8,1.6500000000000001
16,8,1.6500000000000001
16,8,4.059709621574958
16,8,1.6500000000000001
16,9,1.6500000000000001
16,9,1.6500000000000001
16,9,1.6500000000000001
16,9,1.6500000000000001
16,9,1.6500000000000001
16,9,1.6500000000000001
16,9,1.6500000000000001
16,9,1.6500000000000001
16,9,10.48751927666548
16,9,1.6500000000000001
16,9,1.6500000000000001
16,9,3.3465415329172594
16,9,1.6500000000000001
16,9,2.6080417440439105
16,9,12.865921837183226
16,9,1.6500000000000001
16,9,6.398883966733088
16,9,1.6500000000000001
16,9,1.6500000000000001
16,9,1.6500000000000001
16,9,1.6500000000000001
16,9,11.461266716154027
16,9,1.6500000000000001
16,9,1.6500000000000001
16,9,1.6500000000000001
16,9,24.170600881636013
16,9,1.6500000000000001
16,9,1.6500000000000001
16,9,2.119642801102871
16,9,1.6500000000000001
16,9,1.6500000000000001
16,9,2.2037135205622445
16,9,14.876967397662476
16,9,12.370966422728623
16,9,1.6500000000000001
16,9,1.6500000000000001
16,9,1.6500000000000001
16,9,1.6500000000000001
16,9,1.6500000000000001
16,9,1.7846437574620517
16,9,4.269233654567837
16,9,1.6500000000000001
16,9,1.6500000000000001
16,9,1.6500000000000001
16,9,17.632595267136118
16,9,1.6500000000000001
16,9,1.6500000000000001
16,9,1.6500000000000001
16,9,1.6500000000000001
16,9,1.6500000000000001
16,9,1.6500000000000001
16,9,1.6500000000000001
16,9,1.6500000000000001
16,9,1.6500000000000001
16,9,1.6500000000000001
16,9,5.394023397021593
16,9,1.6500000000000001
16,9,3.8651715429457187
16,9,1.6500000000000001
16,9,1.6500000000000001
16,9,1.6500000000000001
16,9,1.6500000000000001
16,9,1.6500000000000001
16,9,8.958736996805486
16,9,1.6500000000000001
16,9,18.182296596621672
16,9,5.34072411141055
16,9,1.6500000000000001
16,9,1.6500000000000001
16,9,1.6500000000000001
16,9,8.456735588918828
16,9,12.928782685132528
16,9,1.6500000000000001
16,9,6.185635401213004
16,9,1.6500000000000001
16,9,1.6500000000000001
16,9,7.981537790860489
16,9,1.6500000000000001
16,9,1.6500000000000001
16,9,15.999937013060208
16,9,8.612585562611557
16,9,1.6500000000000001
16,9,1.6500000000000001
16,9,12.818529656273412
16,9,1.6500000000000001
16,9,4.635361493470409
16,9,1.6500000000000001
16,9,1.6500000000000001
16,9,5.450826976539249
16,9,1.6500000000000001
16,9,12.755086713659965
16,9,2.349203827181995
16,9,1.6500000000000001
16,9,1.6500000000000001
16,9,1.6500000000000001
16,9,1.6500000000000001
16,9,1.6500000000000001
16,9,1.6500000000000001
16,9,5.464306668350186
16,9,1.6500000000000001
16,9,1.6500000000000001
16,9,1.6500000000000001
16,9,13.477955932625733
16,9,1.6500000000000001
16,9,1.6500000000000001
16,9,1.6500000000000001
16,9,1.6500000000000001
16,9,1.6500000000000001
16,9,1.6500000000000001
16,9,1.6500000000000001
16,9,1.6500000000000001
16,9,1.6500000000000001
16,9,11.486595876065495
16,9,1.6500000000000001
16,9,23.70167280929775
16,9,1.6500000000000001
16,9,12.831312919707752
16,9,1.6500000000000001
16,9,17.00706699528261
16,9,1.6500000000000001
16,9,1.6500000000000001
16,9,14.271744113701079
16,10,1.6500000000000001
16,10,18.938392885439175
16,10,3.731364564179594
16,10,18.401484343032937
16,10,6.212223989139638
16,10,23.6050905572664
16,10,1.6500000000000001
16,10,1.6500000000000001
16,10,19.393119083649985
16,10,1.6500000000000001
16,10,1.9861804449603087
16,10,13.682770586177375
16,10,1.6500000000000001
16,10,1.6500000000000001
16,10,1.6500000000000001
16,10,1.6500000000000001
16,10,1.6500000000000001
16,10,1.6500000000000001
16,10,1.6500000000000001
16,10,1.6500000000000001
16,10,1.6500000000000001
16,10,1.6500000000000001
16,10,1.6500000000000001
16,10,2.4073879273221905
16,10,1.6500000000000001
16,10,1.6500000000000001
16,10,1.6920644765911974
16,10,1.6500000000000001
16,10,13.300733564699932
16,10,1.6500000000000001
16,10,1.6500000000000001
16,10,5.6815217170630365
16,10,1.6500000000000001
16,10,1.6500000000000001
16,10,1.6500000000000001
16,10,1.6500000000000001
16,10,1.6500000000000001
16,10,1.6500000000000001
16,10,29.7
16,10,1.6500000000000001
16,10,1.6500000000000001
16,10,8.294402870838658
16,10,1.6500000000000001
16,10,1.6500000000000001
16,10,1.6500000000000001
16,10,1.6500000000000001
16,10,1.6500000000000001
16,10,1.6500000000000001
16,10,4.827778506548855
16,10,1.6500000000000001
16,10,1.6500000000000001
16,10,5.845417396530628
16,10,1.6500000000000001
16,10,1.6500000000000001
16,10,8.814655701281552
16,10,1.6500000000000001
16,10,1.6500000000000001
16,10,1.6500000000000001
16,10,11.021641876967703
16,10,2.657466379925474
16,10,1.6500000000000001
16,10,1.6500000000000001
16,10,1.6500000000000001
16,10,2.0037282467483304
16,10,1.6500000000000001
16,10,1.6500000000000001
16,10,1.6500000000000001
16,10,12.76205844131384
16,10,14.09340702145079
16,10,1.6500000000000001
16,10,1.6500000000000001
16,10,1.6500000000000001
16,10,1.6500000000000001
16,10,1.6500000000000001
16,10,7.286931081635229
16,10,1.6500000000000001
16,10,1.6500000000000001
16,10,1.6500000000000001
16,10,1.6500000000000001
16,10,1.6500000000000001
16,10,1.6500000000000001
16,10,1.6500000000000001
16,10,1.6500000000000001
16,10,1.6500000000000001
16,10,1.6500000000000001
16,10,1.6500000000000001
16,10,6.128903566627962
16,10,9.929212658664628
16,10,1.6500000000000001
16,10,1.6500000000000001
16,10,1.6500000000000001
16,10,9.961396878983942
16,10,1.6500000000000001
16,10,6.625642162143755
16,10,1.6500000000000001
16,10,1.6500000000000001
16,10,5.113770548396692
16,10,2.5045471511544175
16,10,1.6500000000000001
16,10,3.304543217016999
16,10,1.6500000000000001
16,10,1.6500000000000001
16,10,1.6500000000000001
16,10,1.6500000000000001
16,10,1.6500000000000001
16,10,1.6500000000000001
16,10,1.6500000000000001
16,10,1.6500000000000001
16,10,1.6500000000000001
16,10,1.6500000000000001
16,10,2.8951626004828697
16,10,2.566546567346768
16,10,1.6500000000000001
16,10,1.6500000000000001
16,10,1.6500000000000001
16,10,7.487590051259833
16,10,13.67623226063249
16,10,1.6500000000000001
16,10,1.6500000000000001
16,10,1.6500000000000001
16,10,13.533518923118038
16,10,1.6500000000000001
16,10,1.999122963795947
16,11,1.6500000000000001
16,11,1.6500000000000001
16,11,1.6500000000000001
16,11,2.6677045292406882
16,11,1.6500000000000001
16,11,1.6500000000000001
16,11,1.6500000000000001
16,11,1.6500000000000001
16,11,1.6500000000000001
16,11,1.6500000000000001
16,11,2.0438875245594743
16,11,1.6500000000000001
16,11,1.6500000000000001
16,11,4.865783740774008
16,11,2.2927203391322717
16,11,1.6819849234570379
16,11,1.6500000000000001
16,11,1.6500000000000001
16,11,6.971167397033792
16,11,11.678685015128032
16,11,6.751499661190099
16,11,1.6500000000000001
16,11,12.363294506183458
16,11,1.6500000000000001
16,11,1.6500000000000001
16,11,1.6500000000000001
16,11,1.6500000000000001
16,11,1.6500000000000001
16,11,1.6500000000000001
16,11,1.6500000000000001
16,11,1.7760967550704025
16,11,1.6500000000000001
16,11,1.6500000000000001
16,11,7.173767155622013
16,11,1.6500000000000001
16,11,1.6500000000000001
16,11,1.6500000000000001
16,11,11.880013368448132
16,11,1.8000822287764207
16,11,1.6500000000000001
16,11,1.6500000000000001
16,11,1.6500000000000001
16,11,1.6500000000000001
16,11,1.6500000000000001
16,11,5.223941613919275
16,11,1.6500000000000001
16,11,1.6500000000000001
16,11,4.055892137732739
16,11,9.695900046931019
16,11,5.101693885455035
16,11,1.6500000000000001
16,11,1.6500000000000001
16,11,1.6500000000000001
16,11,1.6500000000000001
16,11,3.4481633489437122
16,11,1.6500000000000001
16,11,4.430043390581341
16,11,1.6500000000000001
16,11,1.6500000000000001
16,11,3.944466048968984
16,11,1.6500000000000001
16,11,8.034340029739631
16,11,1.6500000000000001
16,11,1.6500000000000001
16,11,6.940244462364307
16,11,23.98929405855031
16,11,20.127438427257808
16,11,1.6500000000000001
16,11,2.1768014677823073
16,11,1.6500000000000001
16,11,15.504853303292997
16,11,1.6500000000000001
16,11,1.6500000000000001
16,11,1.6500000000000001
16,11,1.6500000000000001
16,11,1.6500000000000001
16,11,8.878344050774906
16,11,1.7125174572604291
16,11,1.6500000000000001
16,11,1.6500000000000001
16,11,1.6500000000000001
16,11,1.6500000000000001
16,11,8.083141835973818
16,11,23.799843902579568
16,11,6.1181835648670315
16,11,3.2363299146640703
16,11,1.6500000000000001
16,11,1.6500000000000001
16,11,1.6500000000000001
16,11,1.6500000000000001
16,11,1.6500000000000001
16,11,1.6500000000000001
16,11,1.6500000000000001
16,11,1.6500000000000001
16,11,1.6500000000000001
16,11,1.6500000000000001
16,11,1.6500000000000001
16,11,1.6500000000000001
16,11,8.948614967767085
16,11,1.6500000000000001
16,11,1.6500000000000001
16,11,1.6500000000000001
16,11,1.6500000000000001
16,11,1.6500000000000001
16,11,1.6500000000000001
16,11,7.290268305952523
16,11,10.64364766582046
16,11,1.6500000000000001
16,11,1.6500000000000001
16,11,1.6500000000000001
16,11,1.6500000000000001
16,11,1.6500000000000001
16,11,1.6500000000000001
16,11,1.6500000000000001
16,11,1.6500000000000001
16,11,1.6500000000000001
16,11,10.051615687279346
16,11,12.677040230050213
16,11,1.8179895843802072
16,11,1.6500000000000001
16,11,22.603129629325995
16,11,1.6500000000000001
17,11,1.6500000000000001
17,11,15.58308486440643
17,11,1.6500000000000001
17,11,1.6500000000000001
17,11,1.6500000000000001
17,11,1.6500000000000001
17,11,1.6500000000000001
17,11,1.6500000000000001
17,11,11.494752388647306
17,11,1.6500000000000001
17,11,1.6500000000000001
17,11,1.6500000000000001
17,11,1.6500000000000001
17,11,1.6500000000000001
17,11,1.6500000000000001
17,11,1.6500000000000001
17,11,1.6500000000000001
17,11,1.6500000000000001
17,11,4.743404227968606
17,11,1.6500000000000001
17,11,1.6500000000000001
17,11,1.6500000000000001
17,11,1.6500000000000001
17,11,1.6500000000000001
17,11,2.3922208160400693
17,11,1.6500000000000001
17,11,1.6500000000000001
17,11,1.6500000000000001
17,11,1.6500000000000001
17,11,1.6500000000000001
17,11,1.6500000000000001
17,11,1.6500000000000001
17,11,1.6500000000000001
17,11,1.6500000000000001
17,11,1.6500000000000001
17,11,1.6500000000000001
17,11,14.664532670191814
17,11,1.6500000000000001
17,11,1.6500000000000001
17,11,1.6500000000000001
17,11,9.350518721227369
17,11,1.6500000000000001
17,11,1.6500000000000001
17,11,1.6500000000000001
17,11,1.6500000000000001
17,11,3.7000294617125
17,11,1.6500000000000001
17,11,1.6500000000000001
17,11,6.262074168542895
17,11,1.6500000000000001
17,11,1.6500000000000001
17,11,1.6500000000000001
17,11,1.6500000000000001
17,11,1.6500000000000001
17,11,1.6500000000000001
17,11,11.223345590116356
17,11,6.628352755342307
17,11,1.6500000000000001
17,11,1.6500000000000001
17,11,1.6500000000000001
17,11,1.6500000000000001
17,11,1.6500000000000001
17,11,1.6500000000000001
17,11,1.6500000000000001
17,11,1.6500000000000001
17,11,1.6500000000000001
17,11,1.6500000000000001
17,11,3.0728849198169836
17,11,1.6500000000000001
17,11,1.6500000000000001
17,11,1.6500000000000001
17,11,1.6500000000000001
17,11,5.475108395789183
17,11,6.511043962651799
17,11,3.7286006934983096
17,11,1.6500000000000001
17,11,1.6500000000000001
17,11,11.850435376452634
17,11,1.6500000000000001
17,11,1.6500000000000001
17,11,1.6500000000000001
17,11,4.0593412066651595
17,11,1.6500000000000001
17,11,1.6500000000000001
17,11,1.6500000000000001
17,11,1.6500000000000001
17,11,3.4476128617101
17,11,1.6500000000000001
17,11,9.124242323186454
17,11,1.6500000000000001
17,11,1.6500000000000001
17,11,1.6500000000000001
17,11,10.922746114211318
17,11,1.6500000000000001
17,11,2.239838779993164
17,11,1.6500000000000001
17,11,2.333948637611745
17,11,1.6500000000000001
17,11,1.6500000000000001
17,11,1.6500000000000001
17,11,1.6500000000000001
17,11,1.6500000000000001
17,11,1.6500000000000001
17,11,1.6500000000000001
17,11,12.668281182821612
17,11,1.6500000000000001
17,11,1.6500000000000001
17,11,11.131113524480211
17,11,6.464048773913671
17,11,1.6500000000000001
17,11,1.6500000000000001
17,11,1.6500000000000001
17,11,6.675804812464991
17,11,1.6500000000000001
17,11,20.5795627225822
17,11,1.6500000000000001
17,11,1.6500000000000001
17,11,1.6500000000000001
17,11,1.6500000000000001
17,11,16.701003084331283
17,11,1.6500000000000001
17,11,2.346010793575517
18,11,6.280740752696492
18,11,1.6500000000000001
18,11,1.6500000000000001
18,11,1.6500000000000001
18,11,3.3273994976816583
18,11,1.6500000000000001
18,11,1.6500000000000001
18,11,1.6500000000000001
18,11,1.6500000000000001
18,11,1.6500000000000001
18,11,1.6500000000000001
18,11,3.7216093116397255
18,11,1.6500000000000001
18,11,1.6500000000000001
18,11,1.6500000000000001
18,11,1.6500000000000001
18,11,4.378046196284005
18,11,1.6500000000000001
18,11,3.980056076422681
18,11,13.136187020276001
18,11,2.6230796248864356
18,11,1.6500000000000001
18,11,1.6500000000000001
18,11,1.6500000000000001
18,11,1.6500000000000001
18,11,2.333405824981228
18,11,1.6500000000000001
18,11,1.6500000000000001
18,11,1.6500000000000001
18,11,1.6500000000000001
18,11,6.996948456560508
18,11,7.633774306854573
18,11,1.6500000000000001
18,11,1.6500000000000001
18,11,8.438049922709634
18,11,1.6500000000000001
18,11,1.6500000000000001
18,11,1.6500000000000001
18,11,1.6500000000000001
18,11,1.6500000000000001
18,11,1.6500000000000001
18,11,1.6500000000000001
18,11,1.6500000000000001
18,11,4.415711876029732
18,11,1.6500000000000001
18,11,1.6500000000000001
18,11,1.6500000000000001
18,11,1.6500000000000001
18,11,1.6500000000000001
18,11,1.6500000000000001
18,11,1.6500000000000001
18,11,1.6500000000000001
18,11,1.6500000000000001
18,11,1.6500000000000001
18,11,1.6500000000000001
18,11,1.6500000000000001
18,11,1.6500000000000001
18,11,1.6500000000000001
18,11,1.6500000000000001
18,11,1.6500000000000001
18,11,1.6500000000000001
18,11,1.6500000000000001
18,11,1.6500000000000001
18,11,1.6500000000000001
18,11,1.6500000000000001
18,11,1.6500000000000001
18,11,1.6500000000000001
18,11,1.6500000000000001
18,11,1.6500000000000001
18,11,1.6500000000000001
18,11,1.6500000000000001
18,11,3.001404029113818
18,11,1.6500000000000001
18,11,1.6500000000000001
18,11,1.6500000000000001
18,11,1.6500000000000001
18,11,1.6500000000000001
18,11,1.6500000000000001
18,11,1.6500000000000001
18,11,1.6500000000000001
18,11,1.6500000000000001
18,11,1.6500000000000001
18,11,1.6500000000000001
18,11,1.6500000000000001
18,11,1.6500000000000001
18,11,1.6500000000000001
18,11,1.6500000000000001
18,11,1.6500000000000001
18,11,17.282420370535238
18,11,1.6500000000000001
18,11,1.6500000000000001
18,11,1.6500000000000001
18,11,1.6500000000000001
18,11,1.6500000000000001
18,11,1.6500000000000001
18,11,3.078951230023982
18,11,1.6500000000000001
18,11,3.9766953683238135
18,11,1.6500000000000001
18,11,1.6500000000000001
18,11,5.72597286153802
18,11,1.6500000000000001
18,11,1.6500000000000001
18,11,1.6500000000000001
18,11,1.6500000000000001
18,11,9.168668063421649
18,11,1.6500000000000001
18,11,1.9569228274107235
18,11,1.6500000000000001
18,11,11.808097524799479
18,11,1.6500000000000001
18,11,1.6500000000000001
18,11,1.6500000000000001
18,11,1.6500000000000001
18,11,1.6500000000000001
18,11,3.010445666408531
18,11,1.6500000000000001
18,11,1.6500000000000001
18,11,1.6500000000000001
18,11,3.765021448306218
18,11,1.6500000000000001
18,11,1.7901951891334704
18,12,1.6500000000000001
18,12,1.6500000000000001
18,12,4.553081170224395
18,12,1.6500000000000001
18,12,1.6500000000000001
18,12,1.6500000000000001
18,12,1.6500000000000001
18,12,1.6500000000000001
18,12,12.479343477275524
18,12,1.6500000000000001
18,12,3.2577275697921557
18,12,1.6500000000000001
18,12,3.8319988759278107
18,12,1.6500000000000001
18,12,1.6500000000000001
18,12,5.240230362470253
18,12,2.716702244790408
18,12,1.6500000000000001
18,12,1.6500000000000001
18,12,1.6500000000000001
18,12,1.6500000000000001
18,12,6.333005503582008
18,12,1.6500000000000001
18,12,1.6500000000000001
18,12,7.6140164364510206
18,12,1.6500000000000001
18,12,3.509989094124867
18,12,1.6500000000000001
18,12,1.6500000000000001
18,12,1.6500000000000001
18,12,1.6500000000000001
18,12,11.944363727158667
18,12,1.6500000000000001
18,12,1.6500000000000001
18,12,1.6500000000000001
18,12,9.063209061525534
18,12,1.6500000000000001
18,12,3.6144246332746857
18,12,1.6500000000000001
18,12,6.818000514213887
18,12,1.6500000000000001
18,12,1.6500000000000001
18,12,1.6500000000000001
18,12,1.6500000000000001
18,12,8.126086770353414
18,12,1.6500000000000001
18,12,8.122716798465163
18,12,1.6500000000000001
18,12,6.916500700161029
18,12,8.499844351415437
18,12,3.4478382620400945
18,12,1.6500000000000001
18,12,1.6500000000000001
18,12,1.6500000000000001
18,12,1.6500000000000001
18,12,1.6500000000000001
18,12,1.6500000000000001
18,12,1.6500000000000001
18,12,1.6500000000000001
18,12,1.6500000000000001
18,12,1.9774581822724642
18,12,4.7026057496097415
18,12,1.6500000000000001
18,12,1.6500000000000001
18,12,9.357379776328605
18,12,1.6500000000000001
18,12,1.6500000000000001
18,12,1.6500000000000001
18,12,1.6500000000000001
18,12,1.6500000000000001
18,12,2.832688716333857
18,12,1.6500000000000001
18,12,8.385508924334372
18,12,1.6500000000000001
18,12,1.6500000000000001
18,12,1.6500000000000001
18,12,1.6500000000000001
18,12,1.6500000000000001
18,12,1.6500000000000001
18,12,1.6500000000000001
18,12,1.6500000000000001
18,12,1.6500000000000001
18,12,1.6500000000000001
18,12,1.6500000000000001
18,12,1.6500000000000001
18,12,1.6500000000000001
18,12,1.6500000000000001
18,12,1.6500000000000001
18,12,1.6500000000000001
18,12,15.462411692625587
18,12,1.6500000000000001
18,12,1.6500000000000001
18,12,1.6500000000000001
18,12,1.6500000000000001
18,12,1.6500000000000001
18,12,1.6500000000000001
18,12,1.6500000000000001
18,12,1.6500000000000001
18,12,1.6500000000000001
18,12,1.6500000000000001
18,12,1.6500000000000001
18,12,1.6500000000000001
18,12,1.6500000000000001
18,12,1.6500000000000001
18,12,1.6500000000000001
18,12,1.6500000000000001
18,12,1.6500000000000001
18,12,1.6500000000000001
18,12,1.6500000000000001
18,12,1.6500000000000001
18,12,1.6500000000000001
18,12,1.6500000000000001
18,12,12.124080032438663
18,12,1.6500000000000001
18,12,1.6500000000000001
18,12,1.6500000000000001
18,12,1.6500000000000001
18,12,1.6500000000000001
18,12,3.424140970128496
18,12,1.6500000000000001
18,12,1.6500000000000001
18,12,1.6500000000000001
18,12,1.6500000000000001
18,13,1.6500000000000001
18,13,1.6500000000000001
18,13,1.6500000000000001
18,13,6.020730367243521
18,13,1.6500000000000001
18,13,9.50494498458404
18,13,1.6500000000000001
18,13,1.6500000000000001
18,13,6.6709886634867654
18,13,1.6500000000000001
18,13,1.6500000000000001
18,13,15.12450323718803
18,13,1.6500000000000001
18,13,1.6500000000000001
18,13,1.6500000000000001
18,13,1.6500000000000001
18,13,1.6500000000000001
18,13,3.750772391074923
18,13,1.6500000000000001
18,13,1.6500000000000001
18,13,1.7833020859075663
18,13,1.6500000000000001
18,13,2.0290892584483675
18,13,1.6500000000000001
18,13,1.6500000000000001
18,13,1.6500000000000001
18,13,1.6500000000000001
18,13,1.6500000000000001
18,13,6.493080163580805
18,13,1.6500000000000001
18,13,5.741125607394258
18,13,11.364073025081023
18,13,1.6500000000000001
18,13,1.6500000000000001
18,13,1.6500000000000001
18,13,1.6500000000000001
18,13,1.6500000000000001
18,13,1.6500000000000001
18,13,1.6500000000000001
18,13,1.6500000000000001
18,13,1.6500000000000001
18,13,1.6500000000000001
18,13,2.136065873398305
18,13,1.6500000000000001
18,13,1.6500000000000001
18,13,1.6500000000000001
18,13,1.6500000000000001
18,13,8.71718090601257
18,13,1.6500000000000001
18,13,1.6500000000000001
18,13,1.6500000000000001
18,13,1.6500000000000001
18,13,1.6500000000000001
18,13,1.6500000000000001
18,13,1.6500000000000001
18,13,1.6500000000000001
18,13,1.6500000000000001
18,13,1.6500000000000001
18,13,7.05431555865435
18,13,1.6500000000000001
18,13,1.6500000000000001
18,13,1.6500000000000001
18,13,1.6500000000000001
18,13,1.6500000000000001
18,13,1.6500000000000001
18,13,2.754920586128235
18,13,1.6500000000000001
18,13,1.6500000000000001
18,13,1.6500000000000001
18,13,1.6500000000000001
18,13,1.6500000000000001
18,13,1.6500000000000001
18,13,6.711974527840072
18,13,1.6500000000000001
18,13,1.6500000000000001
18,13,1.6500000000000001
18,13,1.6500000000000001
18,13,1.6500000000000001
18,13,1.6500000000000001
18,13,1.6500000000000001
18,13,3.61458503636921
18,13,1.6500000000000001
18,13,1.6500000000000001
18,13,1.6500000000000001
18,13,1.6500000000000001
18,13,1.6500000000000001
18,13,1.6500000000000001
18,13,1.6500000000000001
18,13,1.6500000000000001
18,13,1.6500000000000001
18,13,1.6500000000000001
18,13,1.6500000000000001
18,13,1.6500000000000001
18,13,1.6500000000000001
18,13,5.851935295825054
18,13,1.6500000000000001
18,13,1.6500000000000001
18,13,1.6500000000000001
18,13,1.6500000000000001
18,13,1.6500000000000001
18,13,1.6500000000000001
18,13,1.6500000000000001
18,13,1.6500000000000001
18,13,1.6500000000000001
18,13,1.6500000000000001
18,13,2.1029146222586608
18,13,1.6500000000000001
18,13,1.6500000000000001
18,13,4.956209711694715
18,13,1.6500000000000001
18,13,1.6500000000000001
18,13,1.6500000000000001
18,13,1.6500000000000001
18,13,2.174777079990612
18,13,1.6500000000000001
18,13,1.6500000000000001
18,13,1.6500000000000001
18,13,1.6500000000000001
18,13,3.813599512481968
18,13,1.6500000000000001
18,13,4.164520216179815
18,13,1.6500000000000001
19,13,1.9018903425978912
19,13,1.6500000000000001
19,13,1.6500000000000001
19,13,6.338978401742374
19,13,1.6500000000000001
19,13,1.6500000000000001
19,13,1.6500000000000001
19,13,1.6500000000000001
19,13,1.6500000000000001
19,13,1.6500000000000001
19,13,1.6500000000000001
19,13,1.6500000000000001
19,13,1.6500000000000001
19,13,13.719798385974205
19,13,1.6500000000000001
19,13,1.6500000000000001
19,13,1.6500000000000001
19,13,7.691360746662541
19,13,1.6500000000000001
19,13,1.6500000000000001
19,13,1.6500000000000001
19,13,1.6500000000000001
19,13,1.6500000000000001
19,13,1.6500000000000001
19,13,8.220650474018356
19,13,1.6500000000000001
19,13,1.6500000000000001
19,13,1.6500000000000001
19,13,1.6500000000000001
19,13,1.6500000000000001
19,13,1.6500000000000001
19,13,1.6500000000000001
19,13,1.6500000000000001
19,13,1.6500000000000001
19,13,1.6500000000000001
19,13,1.6500000000000001
19,13,1.6500000000000001
19,13,1.6500000000000001
19,13,1.6500000000000001
19,13,10.328162679243505
19,13,1.6500000000000001
19,13,1.6500000000000001
19,13,1.6500000000000001
19,13,1.6500000000000001
19,13,1.6500000000000001
19,13,1.6500000000000001
19,13,1.6500000000000001
19,13,1.6500000000000001
19,13,1.6500000000000001
19,13,1.6500000000000001
19,13,1.6500000000000001
19,13,1.6500000000000001
19,13,1.6500000000000001
19,13,1.6500000000000001
19,13,1.6500000000000001
19,13,1.6500000000000001
19,13,3.437485085258258
19,13,1.6500000000000001
19,13,1.6500000000000001
19,13,1.6500000000000001
19,13,1.6500000000000001
19,13,1.6500000000000001
19,13,6.944200732486635
19,13,1.6500000000000001
19,13,1.6500000000000001
19,13,1.6500000000000001
19,13,1.6500000000000001
19,13,1.6500000000000001
19,13,1.6500000000000001
19,13,1.6500000000000001
19,13,3.843363945246118
19,13,1.6500000000000001
19,13,3.0660460464263135
19,13,1.6500000000000001
19,13,1.6500000000000001
19,13,17.362663718321045
19,13,1.6500000000000001
19,13,1.6500000000000001
19,13,1.6500000000000001
19,13,12.09255653578547
19,13,2.0788809539715905
19,13,1.6500000000000001
19,13,1.6500000000000001
19,13,1.6500000000000001
19,13,1.6500000000000001
19,13,12.519882173882177
19,13,6.504704179714441
19,13,1.6500000000000001
19,13,1.6500000000000001
19,13,1.6500000000000001
19,13,1.6500000000000001
19,13,1.6500000000000001
19,13,9.294502627707558
19,13,1.6500000000000001
19,13,1.6500000000000001
19,13,1.6500000000000001
19,13,1.6500000000000001
19,13,1.6500000000000001
19,13,1.6500000000000001
19,13,1.6500000000000001
19,13,1.6500000000000001
19,13,1.9143222347477291
19,13,1.6500000000000001
19,13,1.6500000000000001
19,13,1.6500000000000001
19,13,1.6500000000000001
19,13,8.893444392135766
19,13,1.6500000000000001
19,13,1.6500000000000001
19,13,2.3501878377729444
19,13,5.327077395869557
19,13,1.6500000000000001
19,13,4.8719079536201875
19,13,1.6500000000000001
19,13,1.6500000000000001
19,13,1.6500000000000001
19,13,1.6500000000000001
19,13,1.6500000000000001
19,13,1.6500000000000001
19,13,1.6500000000000001
19,13,13.266470833022712
19,13,16.107772264091622
19,14,1.6500000000000001
19,14,1.6500000000000001
19,14,1.6500000000000001
19,14,1.6500000000000001
19,14,1.6500000000000001
19,14,1.6500000000000001
19,14,1.6500000000000001
19,14,1.6500000000000001
19,14,1.6500000000000001
19,14,1.6500000000000001
19,14,1.6500000000000001
19,14,1.6500000000000001
19,14,1.6500000000000001
19,14,1.6500000000000001
19,14,1.6500000000000001
19,14,1.6500000000000001
19,14,1.6500000000000001
19,14,3.057060246321109
19,14,12.450116313352645
19,14,1.6500000000000001
19,14,1.6500000000000001
19,14,1.6500000000000001
19,14,1.6500000000000001
19,14,2.4877801833480984
19,14,1.6500000000000001
19,14,1.6500000000000001
19,14,1.8054162745600983
19,14,1.6500000000000001
19,14,1.6500000000000001
19,14,1.6500000000000001
19,14,1.6500000000000001
19,14,1.6500000000000001
19,14,1.6500000000000001
19,14,1.6500000000000001
19,14,1.6500000000000001
19,14,1.6500000000000001
19,14,1.6500000000000001
19,14,1.6500000000000001
19,14,1.6500000000000001
19,14,1.6500000000000001
19,14,1.6500000000000001
19,14,1.6500000000000001
19,14,1.6500000000000001
19,14,1.6500000000000001
19,14,1.6500000000000001
19,14,1.6500000000000001
19,14,1.6500000000000001
19,14,1.6500000000000001
19,14,1.6500000000000001
19,14,1.6500000000000001
19,14,1.6500000000000001
19,14,1.6500000000000001
19,14,3.194835412734971
19,14,1.6500000000000001
19,14,1.6500000000000001
19,14,1.6500000000000001
19,14,1.6500000000000001
19,14,1.6500000000000001
19,14,1.6500000000000001
19,14,1.6500000000000001
19,14,1.6500000000000001
19,14,1.6500000000000001
19,14,1.6500000000000001
19,14,1.6500000000000001
19,14,1.6500000000000001
19,14,1.6500000000000001
19,14,2.7864079880372152
19,14,1.6500000000000001
19,14,1.6500000000000001
19,14,1.6500000000000001
19,14,1.6500000000000001
19,14,1.6500000000000001
19,14,1.6500000000000001
19,14,1.6500000000000001
19,14,1.6500000000000001
19,14,1.6500000000000001
19,14,1.6500000000000001
19,14,1.6500000000000001
19,14,1.6500000000000001
19,14,1.6500000000000001
19,14,1.6500000000000001
19,14,1.6500000000000001
19,14,1.6500000000000001
19,14,4.722448308164735
19,14,8.679622315868158
19,14,1.6500000000000001
19,14,1.6500000000000001
19,14,2.825944574724911
19,14,5.324669926959876
19,14,9.245376209976293
19,14,1.6500000000000001
19,14,1.6500000000000001
19,14,1.6500000000000001
19,14,9.638483624236606
19,14,1.6500000000000001
19,14,1.6500000000000001
19,14,1.6500000000000001
19,14,1.6500000000000001
19,14,1.6500000000000001
19,14,19.10588747950436
19,14,1.6500000000000001
19,14,1.6500000000000001
19,14,1.6500000000000001
19,14,1.6500000000000001
19,14,1.6500000000000001
19,14,1.6500000000000001
19,14,1.6500000000000001
19,14,1.6500000000000001
19,14,1.6500000000000001
19,14,2.8970725277150926
19,14,1.6500000000000001
19,14,1.6500000000000001
19,14,1.6500000000000001
19,14,7.344209526417401
19,14,3.838424676283873
19,14,1.6500000000000001
19,14,1.6500000000000001
19,14,1.6500000000000001
19,14,1.6500000000000001
19,14,1.6500000000000001
19,14,1.6500000000000001
19,14,1.6500000000000001
19,15,1.6500000000000001
19,15,1.6500000000000001
19,15,1.8669329762877407
19,15,1.6500000000000001
19,15,1.6500000000000001
19,15,1.6500000000000001
19,15,12.320840082303175
19,15,1.6500000000000001
19,15,1.6500000000000001
19,15,1.6887517448405696
19,15,1.6500000000000001
19,15,1.6500000000000001
19,15,1.6500000000000001
19,15,1.6500000000000001
19,15,1.6500000000000001
19,15,1.6500000000000001
19,15,1.6500000000000001
19,15,1.6500000000000001
19,15,1.6500000000000001
19,15,9.521535861845955
19,15,11.040220756144752
19,15,1.6500000000000001
19,15,1.6500000000000001
19,15,1.6500000000000001
19,15,1.6500000000000001
19,15,1.6500000000000001
19,15,1.6500000000000001
19,15,1.6500000000000001
19,15,1.6500000000000001
19,15,1.6500000000000001
19,15,1.6500000000000001
19,15,1.6500000000000001
19,15,1.6500000000000001
19,15,1.6500000000000001
19,15,1.6500000000000001
19,15,1.6500000000000001
19,15,1.6500000000000001
19,15,1.6500000000000001
19,15,1.6500000000000001
19,15,1.6500000000000001
19,15,1.6500000000000001
19,15,1.6500000000000001
19,15,1.6500000000000001
19,15,1.6500000000000001
19,15,1.6500000000000001
19,15,1.6500000000000001
19,15,9.69525214437314
19,15,1.6500000000000001
19,15,1.6500000000000001
19,15,1.6500000000000001
19,15,3.8735033776418017
19,15,1.6500000000000001
19,15,1.6500000000000001
19,15,1.6500000000000001
19,15,1.6500000000000001
19,15,1.6500000000000001
19,15,1.6500000000000001
19,15,1.6500000000000001
19,15,1.6500000000000001
19,15,1.6500000000000001
19,15,1.6500000000000001
19,15,1.6500000000000001
19,15,1.6500000000000001
19,15,1.6500000000000001
19,15,1.6500000000000001
19,15,1.6500000000000001
19,15,1.6500000000000001
19,15,1.6500000000000001
19,15,1.6500000000000001
19,15,1.6500000000000001
19,15,1.6500000000000001
19,15,1.6500000000000001
19,15,1.6500000000000001
19,15,1.6500000000000001
19,15,1.6500000000000001
19,15,1.6500000000000001
19,15,1.6500000000000001
19,15,3.190012857580747
19,15,1.6500000000000001
19,15,1.6500000000000001
19,15,1.6500000000000001
19,15,1.6500000000000001
19,15,1.6500000000000001
19,15,1.6500000000000001
19,15,1.6500000000000001
19,15,1.6500000000000001
19,15,1.6500000000000001
19,15,1.6500000000000001
19,15,1.6500000000000001
19,15,1.6500000000000001
19,15,1.6500000000000001
19,15,1.6500000000000001
19,15,1.6500000000000001
19,15,1.6500000000000001
19,15,9.362747071878534
19,15,1.6500000000000001
19,15,1.6500000000000001
19,15,1.6500000000000001
19,15,1.6500000000000001
19,15,1.6500000000000001
19,15,1.6500000000000001
19,15,1.6500000000000001
19,15,1.6500000000000001
19,15,1.6500000000000001
19,15,1.6500000000000001
19,15,1.6500000000000001
19,15,1.6500000000000001
19,15,1.6500000000000001
19,15,1.6500000000000001
19,15,1.6500000000000001
19,15,1.6500000000000001
19,15,1.6500000000000001
19,15,1.6500000000000001
19,15,1.6500000000000001
19,15,1.6500000000000001
19,15,1.6500000000000001
19,15,3.02006829740046
19,15,1.6500000000000001
19,15,1.6500000000000001
19,15,1.6500000000000001
19,15,1.6500000000000001
19,15,1.6500000000000001
20,15,1.6500000000000001
20,15,1.6500000000000001
20,15,1.6500000000000001
20,15,1.6500000000000001
20,15,1.6500000000000001
20,15,1.6500000000000001
20,15,1.6500000000000001
20,15,1.6500000000000001
20,15,1.6500000000000001
20,15,1.6500000000000001
20,15,1.6500000000000001
20,15,1.6500000000000001
20,15,7.146955243197397
20,15,1.6500000000000001
20,15,1.6500000000000001
20,15,1.6500000000000001
20,15,1.6500000000000001
20,15,1.6500000000000001
20,15,2.7219559226556207
20,15,12.885491636453292
20,15,1.6500000000000001
20,15,1.6500000000000001
20,15,1.6500000000000001
20,15,1.6500000000000001
20,15,1.6500000000000001
20,15,1.6500000000000001
20,15,1.6500000000000001
20,15,1.6500000000000001
20,15,1.6500000000000001
20,15,1.6500000000000001
20,15,1.6500000000000001
20,15,1.6500000000000001
20,15,1.6500000000000001
20,15,1.6500000000000001
20,15,1.6500000000000001
20,15,1.6500000000000001
20,15,1.6500000000000001
20,15,1.6500000000000001
20,15,1.6500000000000001
20,15,1.6500000000000001
20,15,1.6500000000000001
20,15,1.6500000000000001
20,15,1.6500000000000001
20,15,1.6500000000000001
20,15,1.6500000000000001
20,15,1.6500000000000001
20,15,1.6500000000000001
20,15,1.6500000000000001
20,15,1.6500000000000001
20,15,1.6500000000000001
20,15,1.6500000000000001
20,15,1.6500000000000001
20,15,1.6500000000000001
20,15,1.6500000000000001
20,15,8.890877023408951
20,15,1.6500000000000001
20,15,1.6500000000000001
20,15,1.6500000000000001
20,15,1.6500000000000001
20,15,1.6500000000000001
20,15,1.6500000000000001
20,15,1.6500000000000001
20,15,3.576188825851556
20,15,1.6500000000000001
20,15,1.6500000000000001
20,15,1.6500000000000001
20,15,1.6500000000000001
20,15,1.6500000000000001
20,15,1.6500000000000001
20,15,1.6500000000000001
20,15,1.6500000000000001
20,15,1.6500000000000001
20,15,1.6500000000000001
20,15,1.6500000000000001
20,15,1.6500000000000001
20,15,1.6500000000000001
20,15,11.973200660281751
20,15,1.6500000000000001
20,15,1.6500000000000001
20,15,1.6500000000000001
20,15,1.6500000000000001
20,15,4.593845066425786
20,15,1.6500000000000001
20,15,1.6500000000000001
20,15,1.6500000000000001
20,15,1.6500000000000001
20,15,1.6500000000000001
20,15,1.6500000000000001
20,15,1.6500000000000001
20,15,1.6500000000000001
20,15,1.6500000000000001
20,15,1.6500000000000001
20,15,1.6500000000000001
20,15,1.6500000000000001
20,15,1.6500000000000001
20,15,13.831982907440107
20,15,1.6500000000000001
20,15,1.6500000000000001
20,15,1.6500000000000001
20,15,1.6500000000000001
20,15,2.1635098693736854
20,15,1.6500000000000001
20,15,1.6500000000000001
20,15,1.6500000000000001
20,15,1.6500000000000001
20,15,1.6500000000000001
20,15,1.6500000000000001
20,15,1.6500000000000001
20,15,6.540997598099402
20,15,11.559290825919124
20,15,1.6500000000000001
20,15,1.6500000000000001
20,15,1.6500000000000001
20,15,1.6500000000000001
20,15,1.6500000000000001
20,15,1.6500000000000001
20,15,1.6500000000000001
20,15,1.6500000000000001
20,15,1.6500000000000001
20,15,1.6500000000000001
20,15,1.6500000000000001
20,15,1.6500000000000001
20,15,5.473747617187776
20,16,1.6500000000000001
20,16,1.6500000000000001
20,16,1.6500000000000001
20,16,1.6500000000000001
20,16,1.6500000000000001
20,16,1.6500000000000001
20,16,1.6500000000000001
20,16,1.6500000000000001
20,16,1.6500000000000001
20,16,1.6500000000000001
20,16,1.6500000000000001
20,16,1.6500000000000001
20,16,1.6500000000000001
20,16,1.6500000000000001
20,16,1.6500000000000001
20,16,1.6500000000000001
20,16,1.6500000000000001
20,16,1.6500000000000001
20,16,1.6500000000000001
20,16,1.6500000000000001
20,16,1.6500000000000001
20,16,1.6500000000000001
20,16,1.6500000000000001
20,16,1.6500000000000001
20,16,1.6500000000000001
20,16,1.6500000000000001
20,16,1.6500000000000001
20,16,1.6500000000000001
20,16,1.6500000000000001
20,16,1.6500000000000001
20,16,11.041186037574171
20,16,1.6500000000000001
20,16,1.6500000000000001
20,16,1.6500000000000001
20,16,1.6500000000000001
20,16,1.6500000000000001
20,16,1.6500000000000001
20,16,1.6500000000000001
20,16,1.6500000000000001
20,16,1.6500000000000001
20,16,1.6500000000000001
20,16,1.6500000000000001
20,16,1.6500000000000001
20,16,1.6500000000000001
20,16,1.6500000000000001
20,16,1.6500000000000001
20,16,1.6500000000000001
20,16,1.6500000000000001
20,16,1.6500000000000001
20,16,1.6500000000000001
20,16,4.987457402239006
20,16,1.6500000000000001
20,16,1.6500000000000001
20,16,1.6500000000000001
20,16,1.6500000000000001
20,16,1.6500000000000001
20,16,1.6500000000000001
20,16,1.6500000000000001
20,16,12.341727901459954
20,16,1.6500000000000001
20,16,1.6500000000000001
20,16,1.6500000000000001
20,16,1.6500000000000001
20,16,1.6500000000000001
20,16,1.6500000000000001
20,16,1.6500000000000001
20,16,1.6500000000000001
20,16,1.6500000000000001
20,16,1.6500000000000001
20,16,1.6500000000000001
20,16,1.6500000000000001
20,16,1.6500000000000001
20,16,1.6500000000000001
20,16,1.6500000000000001
20,16,1.6500000000000001
20,16,1.6500000000000001
20,16,1.6500000000000001
20,16,1.6500000000000001
20,16,1.6500000000000001
20,16,1.6500000000000001
20,16,1.6500000000000001
20,16,1.6500000000000001
20,16,1.6500000000000001
20,16,1.6500000000000001
20,16,1.6500000000000001
20,16,1.6500000000000001
20,16,1.6500000000000001
20,16,1.6500000000000001
20,16,1.6500000000000001
20,16,1.6500000000000001
20,16,1.6500000000000001
20,16,1.6500000000000001
20,16,1.6500000000000001
20,16,3.4358350445079395
20,16,1.6500000000000001
20,16,1.6500000000000001
20,16,1.6500000000000001
20,16,1.6500000000000001
20,16,1.6500000000000001
20,16,1.6500000000000001
20,16,1.6500000000000001
20,16,1.6500000000000001
20,16,1.6500000000000001
20,16,1.6500000000000001
20,16,1.6500000000000001
20,16,1.6500000000000001
20,16,1.6500000000000001
20,16,17.32251188189022
20,16,1.6500000000000001
20,16,1.6500000000000001
20,16,1.6500000000000001
20,16,1.6500000000000001
20,16,1.6500000000000001
20,16,1.6500000000000001
20,16,1.6500000000000001
20,16,6.8344427257324725
20,16,1.6500000000000001
20,16,1.6500000000000001
20,16,1.6500000000000001
20,16,1.6500000000000001
20,16,1.6500000000000001
20,16,1.6500000000000001
19,16,1.6500000000000001
19,16,1.6500000000000001
19,16,1.6500000000000001
19,16,1.6500000000000001
19,16,1.6500000000000001
19,16,1.6500000000000001
19,16,3.310994715736303
19,16,1.6500000000000001
19,16,8.256958839228446
19,16,1.6500000000000001
19,16,1.6500000000000001
19,16,1.6500000000000001
19,16,1.6500000000000001
19,16,1.6500000000000001
19,16,1.6500000000000001
19,16,1.6500000000000001
19,16,1.6500000000000001
19,16,1.6500000000000001
19,16,1.6500000000000001
19,16,1.6500000000000001
19,16,1.6500000000000001
19,16,1.6500000000000001
19,16,1.6500000000000001
19,16,1.6500000000000001
19,16,1.6500000000000001
19,16,1.6500000000000001
19,16,1.6500000000000001
19,16,1.6500000000000001
19,16,1.6500000000000001
19,16,1.6500000000000001
19,16,1.6500000000000001
19,16,1.6500000000000001
19,16,1.6500000000000001
19,16,1.6500000000000001
19,16,1.6500000000000001
19,16,1.6500000000000001
19,16,1.6500000000000001
19,16,1.6500000000000001
19,16,1.6500000000000001
19,16,1.6500000000000001
19,16,1.6500000000000001
19,16,1.6500000000000001
19,16,1.6500000000000001
19,16,1.6500000000000001
19,16,1.6500000000000001
19,16,1.6500000000000001
19,16,1.6500000000000001
19,16,1.6500000000000001
19,16,4.737235844316096
19,16,1.6500000000000001
19,16,1.6500000000000001
19,16,1.6500000000000001
19,16,1.6500000000000001
19,16,1.6500000000000001
19,16,1.6500000000000001
19,16,1.6500000000000001
19,16,1.6500000000000001
19,16,1.6500000000000001
19,16,1.6500000000000001
19,16,1.6500000000000001
19,16,1.6500000000000001
19,16,1.6500000000000001
19,16,1.6500000000000001
19,16,1.6500000000000001
19,16,1.6500000000000001
19,16,14.46359994876931
19,16,1.6500000000000001
19,16,1.6500000000000001
19,16,1.6500000000000001
19,16,1.6500000000000001
19,16,7.405174037375414
19,16,1.6500000000000001
19,16,1.6500000000000001
19,16,1.6500000000000001
19,16,1.6500000000000001
19,16,1.6500000000000001
19,16,1.6500000000000001
19,16,1.6500000000000001
19,16,1.6500000000000001
19,16,1.6500000000000001
19,16,1.6500000000000001
19,16,1.6500000000000001
19,16,1.6500000000000001
19,16,6.069261555700091
19,16,1.6500000000000001
19,16,1.6500000000000001
19,16,1.6500000000000001
19,16,1.6500000000000001
19,16,1.6500000000000001
19,16,1.6500000000000001
19,16,1.6500000000000001
19,16,1.6500000000000001
19,16,1.6500000000000001
19,16,1.6500000000000001
19,16,1.6500000000000001
19,16,1.6500000000000001
19,16,1.6500000000000001
19,16,1.6500000000000001
19,16,1.6500000000000001
19,16,1.6500000000000001
19,16,1.6500000000000001
19,16,1.6500000000000001
19,16,1.6500000000000001
19,16,1.6500000000000001
19,16,1.6500000000000001
19,16,1.6500000000000001
19,16,1.6500000000000001
19,16,6.142236100231884
19,16,1.6500000000000001
19,16,1.6500000000000001
19,16,1.6500000000000001
19,16,1.6500000000000001
19,16,5.956573615011546
19,16,1.6500000000000001
19,16,1.6500000000000001
19,16,1.6500000000000001
19,16,14.1948588931347
19,16,1.6500000000000001
19,16,1.6500000000000001
19,16,1.6500000000000001
19,16,1.6500000000000001
19,16,1.6500000000000001
19,17,1.6500000000000001
19,17,1.6500000000000001
19,17,1.6500000000000001
19,17,1.6500000000000001
19,17,3.6243314801388387
19,17,1.6500000000000001
19,17,1.6500000000000001
19,17,1.6500000000000001
19,17,1.6500000000000001
19,17,1.6500000000000001
19,17,1.6500000000000001
19,17,1.6500000000000001
19,17,1.6500000000000001
19,17,1.6500000000000001
19,17,1.6500000000000001
19,17,1.6500000000000001
19,17,1.6500000000000001
19,17,1.6500000000000001
19,17,1.6500000000000001
19,17,1.6500000000000001
19,17,1.6500000000000001
19,17,1.6500000000000001
19,17,1.6500000000000001
19,17,1.6500000000000001
19,17,1.6500000000000001
19,17,3.656993611548927
19,17,1.6500000000000001
19,17,1.6500000000000001
19,17,1.6500000000000001
19,17,1.6500000000000001
19,17,1.6500000000000001
19,17,3.3157006767507475
19,17,1.6500000000000001
19,17,1.6500000000000001
19,17,1.6500000000000001
19,17,1.6500000000000001
19,17,12.669020780733849
19,17,1.6500000000000001
19,17,1.6500000000000001
19,17,1.6500000000000001
19,17,1.6500000000000001
19,17,1.6500000000000001
19,17,1.6500000000000001
19,17,1.6500000000000001
19,17,1.6500000000000001
19,17,1.6500000000000001
19,17,1.6500000000000001
19,17,1.6500000000000001
19,17,1.6500000000000001
19,17,1.6500000000000001
19,17,1.6500000000000001
19,17,1.6500000000000001
19,17,5.138822561656866
19,17,1.6500000000000001
19,17,1.6500000000000001
19,17,1.9252019809264862
19,17,1.6500000000000001
19,17,1.6500000000000001
19,17,1.6500000000000001
19,17,1.6500000000000001
19,17,1.6500000000000001
19,17,1.6500000000000001
19,17,26.01217938614782
19,17,1.6500000000000001
19,17,1.6500000000000001
19,17,1.6500000000000001
19,17,1.6500000000000001
19,17,1.6500000000000001
19,17,1.6500000000000001
19,17,1.6500000000000001
19,17,1.6500000000000001
19,17,1.6500000000000001
19,17,1.6500000000000001
19,17,1.6500000000000001
19,17,1.6500000000000001
19,17,3.3375401472775312
19,17,1.6500000000000001
19,17,1.6500000000000001
19,17,1.6500000000000001
19,17,1.6500000000000001
19,17,1.6500000000000001
19,17,1.6500000000000001
19,17,1.6500000000000001
19,17,1.6500000000000001
19,17,1.6500000000000001
19,17,1.6500000000000001
19,17,1.6500000000000001
19,17,1.6500000000000001
19,17,1.6500000000000001
19,17,3.6377392480692663
19,17,1.6500000000000001
19,17,1.6500000000000001
19,17,1.6500000000000001
19,17,1.6500000000000001
19,17,1.6500000000000001
19,17,1.6500000000000001
19,17,16.385677927956834
19,17,1.6500000000000001
19,17,1.6500000000000001
19,17,1.6500000000000001
19,17,1.6500000000000001
19,17,1.6500000000000001
19,17,1.6500000000000001
19,17,7.867482688332146
19,17,1.6500000000000001
19,17,1.6500000000000001
19,17,1.6500000000000001
19,17,1.6500000000000001
19,17,1.6500000000000001
19,17,1.6500000000000001
19,17,1.6500000000000001
19,17,1.6500000000000001
19,17,1.6500000000000001
19,17,1.6500000000000001
19,17,1.6500000000000001
19,17,1.6500000000000001
19,17,1.6500000000000001
19,17,14.080751219809635
19,17,1.6500000000000001
19,17,1.6500000000000001
19,17,1.6500000000000001
19,17,1.6500000000000001
19,16,1.6500000000000001
19,16,1.6500000000000001
19,16,1.6500000000000001
19,16,1.6500000000000001
19,16,1.6500000000000001
19,16,1.6500000000000001
19,16,1.6500000000000001
19,16,1.6500000000000001
19,16,1.6500000000000001
19,16,1.6500000000000001
19,16,1.6500000000000001
19,16,1.6500000000000001
19,16,1.6500000000000001
19,16,1.6500000000000001
19,16,1.6500000000000001
19,16,1.6500000000000001
19,16,1.6500000000000001
19,16,1.6500000000000001
19,16,1.6500000000000001
19,16,1.6500000000000001
19,16,1.6500000000000001
19,16,1.6500000000000001
19,16,1.6500000000000001
19,16,1.6500000000000001
19,16,1.6500000000000001
19,16,1.6500000000000001
19,16,1.6500000000000001
19,16,1.6500000000000001
19,16,1.6500000000000001
19,16,1.6500000000000001
19,16,1.6500000000000001
19,16,1.6500000000000001
19,16,1.6500000000000001
19,16,1.6500000000000001
19,16,1.6500000000000001
19,16,1.6500000000000001
19,16,8.372023058504631
19,16,1.6500000000000001
19,16,1.6500000000000001
19,16,1.6500000000000001
19,16,1.6500000000000001
19,16,1.6500000000000001
19,16,1.6500000000000001
19,16,1.6500000000000001
19,16,5.855348577520456
19,16,1.6500000000000001
19,16,1.6500000000000001
19,16,1.6500000000000001
19,16,1.6500000000000001
19,16,1.6500000000000001
19,16,1.6500000000000001
19,16,1.6500000000000001
19,16,9.43661065958521
19,16,1.6500000000000001
19,16,1.6500000000000001
19,16,1.6500000000000001
19,16,1.6500000000000001
19,16,1.6500000000000001
19,16,1.6500000000000001
19,16,1.6500000000000001
19,16,11.008567981913504
19,16,1.6500000000000001
19,16,1.6500000000000001
19,16,1.6984603045807773
19,16,1.7736470694241522
19,16,1.6500000000000001
19,16,1.6500000000000001
19,16,1.6500000000000001
19,16,1.6500000000000001
19,16,1.6500000000000001
19,16,8.75046499968673
19,16,1.6500000000000001
19,16,1.6500000000000001
19,16,1.6500000000000001
19,16,1.6500000000000001
19,16,1.6500000000000001
19,16,1.6500000000000001
19,16,1.6500000000000001
19,16,1.6500000000000001
19,16,1.6500000000000001
19,16,1.6500000000000001
19,16,1.6500000000000001
19,16,1.6500000000000001
19,16,1.6500000000000001
19,16,1.6500000000000001
19,16,7.518443685594292
19,16,1.6500000000000001
19,16,1.6500000000000001
19,16,1.6500000000000001
19,16,1.6500000000000001
19,16,1.6500000000000001
19,16,1.6500000000000001
19,16,1.6500000000000001
19,16,1.6500000000000001
19,16,1.6500000000000001
19,16,1.6500000000000001
19,16,1.6500000000000001
19,16,1.7051713312719112
19,16,1.6500000000000001
19,16,1.6500000000000001
19,16,1.6500000000000001
19,16,5.82053046442546
19,16,1.6500000000000001
19,16,1.6500000000000001
19,16,1.6500000000000001
19,16,1.6500000000000001
19,16,1.6500000000000001
19,16,1.6500000000000001
19,16,1.6500000000000001
19,16,1.6500000000000001
19,16,1.6500000000000001
19,16,11.798364094595058
19,16,1.6500000000000001
19,16,1.6500000000000001
19,16,1.6500000000000001
19,16,1.6500000000000001
19,16,6.572851032138363
19,16,1.6500000000000001
19,16,1.6500000000000001
19,16,1.6500000000000001
19,16,1.6500000000000001
19,16,1.6500000000000001
20,16,1.6500000000000001
20,16,8.864944649504736
20,16,1.6500000000000001
20,16,1.6500000000000001
20,16,1.6500000000000001
20,16,1.6500000000000001
20,16,1.6500000000000001
20,16,1.6500000000000001
20,16,1.6500000000000001
20,16,1.6500000000000001
20,16,9.043317773592644
20,16,1.6500000000000001
20,16,1.6500000000000001
20,16,1.6500000000000001
20,16,1.6500000000000001
20,16,1.6500000000000001
20,16,1.6500000000000001
20,16,1.6500000000000001
20,16,1.6500000000000001
20,16,1.6500000000000001
20,16,1.6500000000000001
20,16,1.6500000000000001
20,16,1.6500000000000001
20,16,1.6500000000000001
20,16,4.872723063284269
20,16,1.6500000000000001
20,16,1.6500000000000001
20,16,1.6500000000000001
20,16,1.6500000000000001
20,16,7.348413005487966
20,16,1.6500000000000001
20,16,1.6500000000000001
20,16,1.6500000000000001
20,16,1.6500000000000001
20,16,1.6500000000000001
20,16,10.666430838018226
20,16,1.6500000000000001
20,16,1.6500000000000001
20,16,1.6500000000000001
20,16,1.6500000000000001
20,16,1.6500000000000001
20,16,1.6500000000000001
20,16,1.6500000000000001
20,16,1.6500000000000001
20,16,1.6500000000000001
20,16,1.6500000000000001
20,16,1.6500000000000001
20,16,1.6500000000000001
20,16,1.6500000000000001
20,16,1.6500000000000001
20,16,4.970464913649579
20,16,1.6500000000000001
20,16,1.6500000000000001
20,16,1.6500000000000001
20,16,1.6500000000000001
20,16,1.6500000000000001
20,16,1.6500000000000001
20,16,1.6500000000000001
20,16,1.6500000000000001
20,16,1.6500000000000001
20,16,1.6500000000000001
20,16,1.6500000000000001
20,16,1.6500000000000001
20,16,1.6500000000000001
20,16,1.6500000000000001
20,16,1.6500000000000001
20,16,1.6500000000000001
20,16,1.6500000000000001
20,16,1.6500000000000001
20,16,1.6500000000000001
20,16,1.6500000000000001
20,16,1.6500000000000001
20,16,1.6500000000000001
20,16,1.6500000000000001
20,16,1.6500000000000001
20,16,1.6500000000000001
20,16,1.6500000000000001
20,16,1.6500000000000001
20,16,1.6500000000000001
20,16,1.6500000000000001
20,16,1.6500000000000001
20,16,1.6500000000000001
20,16,1.6500000000000001
20,16,4.842940999210594
20,16,1.6500000000000001
20,16,1.6500000000000001
20,16,1.6500000000000001
20,16,1.6500000000000001
20,16,1.6500000000000001
20,16,1.6500000000000001
20,16,1.6500000000000001
20,16,1.6500000000000001
20,16,1.6500000000000001
20,16,1.6500000000000001
20,16,1.6500000000000001
20,16,1.6500000000000001
20,16,1.6500000000000001
20,16,1.6500000000000001
20,16,1.6500000000000001
20,16,1.6500000000000001
20,16,1.6500000000000001
20,16,1.6500000000000001
20,16,1.6500000000000001
20,16,1.6500000000000001
20,16,1.6500000000000001
20,16,1.6500000000000001
20,16,1.6500000000000001
20,16,4.778319864366729
20,16,1.6500000000000001
20,16,1.6500000000000001
20,16,1.6500000000000001
20,16,1.6500000000000001
20,16,1.6500000000000001
20,16,3.7952705618860705
20,16,1.6500000000000001
20,16,1.6500000000000001
20,16,1.6500000000000001
20,16,1.6500000000000001
20,16,1.6500000000000001
20,16,1.6500000000000001
20,16,1.6500000000000001
20,16,1.6500000000000001
20,16,1.6500000000000001
20,15,1.6500000000000001
20,15,3.5292567211610706
20,15,1.6500000000000001
20,15,1.6500000000000001
20,15,1.6500000000000001
20,15,1.6500000000000001
20,15,4.576155023703979
20,15,1.6500000000000001
20,15,1.6500000000000001
20,15,1.6500000000000001
20,15,1.6500000000000001
20,15,1.6500000000000001
20,15,1.6500000000000001
20,15,1.6500000000000001
20,15,1.6500000000000001
20,15,1.6500000000000001
20,15,1.6500000000000001
20,15,1.6500000000000001
20,15,2.568862873217741
20,15,1.6500000000000001
20,15,2.9610357288012885
20,15,1.6500000000000001
20,15,1.6500000000000001
20,15,6.111105063758984
20,15,1.6500000000000001
20,15,1.6500000000000001
20,15,7.659683016577915
20,15,1.6500000000000001
20,15,1.6500000000000001
20,15,1.6500000000000001
20,15,1.6500000000000001
20,15,1.6500000000000001
20,15,1.6500000000000001
20,15,1.6500000000000001
20,15,1.6500000000000001
20,15,1.6500000000000001
20,15,1.6500000000000001
20,15,1.6500000000000001
20,15,3.207821110859973
20,15,1.6500000000000001
20,15,1.6500000000000001
20,15,1.6500000000000001
20,15,1.6500000000000001
20,15,1.6500000000000001
20,15,1.6500000000000001
20,15,1.6500000000000001
20,15,1.6500000000000001
20,15,1.6500000000000001
20,15,1.6500000000000001
20,15,1.6500000000000001
20,15,1.6500000000000001
20,15,1.6500000000000001
20,15,1.6500000000000001
20,15,1.6500000000000001
20,15,1.6500000000000001
20,15,1.6500000000000001
20,15,1.6500000000000001
20,15,1.6500000000000001
20,15,1.6500000000000001
20,15,1.6500000000000001
20,15,1.6500000000000001
20,15,4.861907555391452
20,15,1.6500000000000001
20,15,1.6500000000000001
20,15,1.6500000000000001
20,15,1.6500000000000001
20,15,1.6500000000000001
20,15,1.6500000000000001
20,15,1.6500000000000001
20,15,1.6500000000000001
20,15,1.6500000000000001
20,15,1.6500000000000001
20,15,1.6500000000000001
20,15,1.6500000000000001
20,15,1.6500000000000001
20,15,1.6500000000000001
20,15,1.6500000000000001
20,15,1.6500000000000001
20,15,1.6500000000000001
20,15,9.138220322315018
20,15,1.6500000000000001
20,15,1.6500000000000001
20,15,1.6500000000000001
20,15,11.676518622919044
20,15,1.6500000000000001
20,15,4.725570213037823
20,15,1.6500000000000001
20,15,1.6500000000000001
20,15,1.6500000000000001
20,15,1.6500000000000001
20,15,1.6500000000000001
20,15,1.6500000000000001
20,15,1.6500000000000001
20,15,1.6500000000000001
20,15,3.5002767579599663
20,15,1.6500000000000001
20,15,1.6500000000000001
20,15,1.6500000000000001
20,15,1.6500000000000001
20,15,1.6500000000000001
20,15,1.6500000000000001
20,15,1.6500000000000001
20,15,2.578900395980611
20,15,1.6500000000000001
20,15,1.6500000000000001
20,15,1.6500000000000001
20,15,1.6500000000000001
20,15,1.6500000000000001
20,15,1.6500000000000001
20,15,1.6500000000000001
20,15,1.6500000000000001
20,15,1.6500000000000001
20,15,1.6500000000000001
20,15,1.6500000000000001
20,15,1.6500000000000001
20,15,1.6500000000000001
20,15,1.6500000000000001
20,15,1.6500000000000001
20,15,1.6500000000000001
20,15,1.6500000000000001
20,15,1.6500000000000001
20,15,1.6500000000000001
20,14,1.6500000000000001
20,14,1.6500000000000001
20,14,1.6500000000000001
20,14,1.6500000000000001
20,14,1.6500000000000001
20,14,1.6500000000000001
20,14,1.6500000000000001
20,14,1.6500000000000001
20,14,1.6500000000000001
20,14,1.6500000000000001
20,14,1.6500000000000001
20,14,1.6500000000000001
20,14,1.6500000000000001
20,14,1.6500000000000001
20,14,1.6500000000000001
20,14,1.6500000000000001
20,14,1.6500000000000001
20,14,1.6500000000000001
20,14,1.6500000000000001
20,14,1.6500000000000001
20,14,1.6500000000000001
20,14,1.6500000000000001
20,14,1.6500000000000001
20,14,1.6500000000000001
20,14,1.6500000000000001
20,14,1.6500000000000001
20,14,1.6500000000000001
20,14,1.6500000000000001
20,14,1.6500000000000001
20,14,1.6500000000000001
20,14,1.6500000000000001
20,14,1.6500000000000001
20,14,1.6500000000000001
20,14,1.6500000000000001
20,14,1.6500000000000001
20,14,1.6500000000000001
20,14,4.978711153429725
20,14,1.6500000000000001
20,14,2.3765978165663206
20,14,1.6500000000000001
20,14,1.6500000000000001
20,14,1.6500000000000001
20,14,1.6500000000000001
20,14,1.6500000000000001
20,14,1.6500000000000001
20,14,1.6500000000000001
20,14,1.6500000000000001
20,14,1.6500000000000001
20,14,1.6500000000000001
20,14,1.6500000000000001
20,14,1.6500000000000001
20,14,1.6500000000000001
20,14,1.6500000000000001
20,14,1.6500000000000001
20,14,1.6500000000000001
20,14,1.6500000000000001
20,14,1.6500000000000001
20,14,1.6500000000000001
20,14,1.6500000000000001
20,14,1.6500000000000001
20,14,1.6500000000000001
20,14,1.6500000000000001
20,14,1.6500000000000001
20,14,1.6500000000000001
20,14,1.6500000000000001
20,14,1.6500000000000001
20,14,1.6500000000000001
20,14,1.6500000000000001
20,14,7.467150568421765
20,14,1.6500000000000001
20,14,1.6500000000000001
20,14,6.353141465442757
20,14,3.0522848604794017
20,14,1.6500000000000001
20,14,1.6500000000000001
20,14,8.150798820547182
20,14,1.6500000000000001
20,14,1.6500000000000001
20,14,1.6500000000000001
20,14,1.6500000000000001
20,14,1.6500000000000001
20,14,2.493901564205254
20,14,1.6500000000000001
20,14,1.6500000000000001
20,14,1.6500000000000001
20,14,1.6500000000000001
20,14,1.6500000000000001
20,14,1.6500000000000001
20,14,1.6500000000000001
20,14,1.6500000000000001
20,14,1.6500000000000001
20,14,1.6500000000000001
20,14,1.6500000000000001
20,14,1.6500000000000001
20,14,1.6500000000000001
20,14,1.6500000000000001
20,14,7.642515056868575
20,14,1.6500000000000001
20,14,1.6500000000000001
20,14,1.6500000000000001
20,14,1.6500000000000001
20,14,1.6500000000000001
20,14,1.6500000000000001
20,14,1.6500000000000001
20,14,1.6500000000000001
20,14,1.6500000000000001
20,14,1.6500000000000001
20,14,1.6500000000000001
20,14,1.6500000000000001
20,14,1.6500000000000001
20,14,1.6500000000000001
20,14,1.6500000000000001
20,14,1.6500000000000001
20,14,1.6500000000000001
20,14,1.6500000000000001
20,14,1.6500000000000001
20,14,1.6500000000000001
20,14,5.071446138937549
20,14,1.6500000000000001
20,14,1.6500000000000001
20,14,2.4499010156664873
20,14,1.6500000000000001
20,13,1.6500000000000001
20,13,1.6500000000000001
20,13,1.6500000000000001
20,13,1.6500000000000001
20,13,1.6500000000000001
20,13,1.6500000000000001
20,13,1.6500000000000001
20,13,5.9481209505460875
20,13,2.8479404173778295
20,13,1.6500000000000001
20,13,1.6500000000000001
20,13,1.6500000000000001
20,13,1.6500000000000001
20,13,1.6500000000000001
20,13,1.6500000000000001
20,13,1.6500000000000001
20,13,1.6500000000000001
20,13,1.6500000000000001
20,13,1.6500000000000001
20,13,1.6500000000000001
20,13,1.6500000000000001
20,13,1.6500000000000001
20,13,1.6500000000000001
20,13,1.6500000000000001
20,13,1.6500000000000001
20,13,1.6500000000000001
20,13,1.6500000000000001
20,13,1.6500000000000001
20,13,1.6500000000000001
20,13,13.89049489339357
20,13,1.6500000000000001
20,13,1.6500000000000001
20,13,1.6500000000000001
20,13,1.6500000000000001
20,13,1.6500000000000001
20,13,1.6500000000000001
20,13,1.6500000000000001
20,13,1.6500000000000001
20,13,1.6500000000000001
20,13,3.7906202499919797
20,13,1.6500000000000001
20,13,1.6500000000000001
20,13,1.6500000000000001
20,13,1.6500000000000001
20,13,1.6500000000000001
20,13,1.6500000000000001
20,13,1.6500000000000001
20,13,1.6500000000000001
20,13,9.13272299015307
20,13,1.6500000000000001
20,13,3.357245972046787
20,13,1.6500000000000001
20,13,1.6500000000000001
20,13,1.6500000000000001
20,13,5.765972366580437
20,13,1.6500000000000001
20,13,1.6500000000000001
20,13,1.6500000000000001
20,13,1.6500000000000001
20,13,1.6500000000000001
20,13,1.6500000000000001
20,13,1.6500000000000001
20,13,1.6500000000000001
20,13,1.6500000000000001
20,13,1.6500000000000001
20,13,1.6500000000000001
20,13,1.6500000000000001
20,13,1.6500000000000001
20,13,1.6500000000000001
20,13,1.6500000000000001
20,13,1.6500000000000001
20,13,1.6500000000000001
20,13,1.6500000000000001
20,13,1.6500000000000001
20,13,1.6500000000000001
20,13,1.6500000000000001
20,13,1.6500000000000001
20,13,1.6500000000000001
20,13,1.6500000000000001
20,13,1.6500000000000001
20,13,1.6500000000000001
20,13,1.6500000000000001
20,13,7.904757842636798
20,13,1.6500000000000001
20,13,1.6500000000000001
20,13,1.6500000000000001
20,13,3.6527039687943397
20,13,1.6500000000000001
20,13,1.6500000000000001
20,13,1.6500000000000001
20,13,1.6500000000000001
20,13,1.6500000000000001
20,13,11.405340389238095
20,13,6.213241185182721
20,13,1.6500000000000001
20,13,1.6500000000000001
20,13,1.6500000000000001
20,13,1.6500000000000001
20,13,1.6500000000000001
20,13,1.6500000000000001
20,13,1.6500000000000001
20,13,7.724372585352931
20,13,3.924732759257335
20,13,1.6500000000000001
20,13,1.6500000000000001
20,13,1.6500000000000001
20,13,1.6500000000000001
20,13,1.6500000000000001
20,13,1.6500000000000001
20,13,1.6500000000000001
20,13,1.6500000000000001
20,13,1.6500000000000001
20,13,1.6500000000000001
20,13,1.6500000000000001
20,13,1.6500000000000001
20,13,8.579175188189685
20,13,1.6500000000000001
20,13,1.6500000000000001
20,13,4.682679848661341
20,13,1.6500000000000001
20,13,11.281777551502909
20,13,1.6500000000000001
20,12,1.6500000000000001
20,12,1.6500000000000001
20,12,1.6500000000000001
20,12,1.6500000000000001
20,12,1.6500000000000001
20,12,1.6500000000000001
20,12,1.7015649223652307
20,12,1.6500000000000001
20,12,1.6500000000000001
20,12,1.6500000000000001
20,12,1.6500000000000001
20,12,6.556584395518055
20,12,1.6500000000000001
20,12,1.6500000000000001
20,12,1.6500000000000001
20,12,1.6500000000000001
20,12,1.6500000000000001
20,12,1.6500000000000001
20,12,4.147054975365981
20,12,1.6500000000000001
20,12,14.869584885930475
20,12,1.6500000000000001
20,12,6.979034115438072
20,12,1.6500000000000001
20,12,1.6500000000000001
20,12,1.6500000000000001
20,12,1.6500000000000001
20,12,1.6500000000000001
20,12,1.6500000000000001
20,12,2.802276688523806
20,12,1.6500000000000001
20,12,1.6500000000000001
20,12,1.6500000000000001
20,12,1.6500000000000001
20,12,1.6500000000000001
20,12,1.6500000000000001
20,12,1.6500000000000001
20,12,1.6500000000000001
20,12,1.6500000000000001
20,12,1.6500000000000001
20,12,1.6500000000000001
20,12,1.6500000000000001
20,12,1.6500000000000001
20,12,9.2809030055149
20,12,1.6500000000000001
20,12,1.6500000000000001
20,12,1.6500000000000001
20,12,1.6500000000000001
20,12,1.6500000000000001
20,12,1.6500000000000001
20,12,1.6500000000000001
20,12,1.6500000000000001
20,12,2.570463321567905
20,12,1.6500000000000001
20,12,1.6500000000000001
20,12,1.6500000000000001
20,12,1.6500000000000001
20,12,1.6500000000000001
20,12,1.6500000000000001
20,12,1.6500000000000001
20,12,1.6500000000000001
20,12,1.6500000000000001
20,12,1.6500000000000001
20,12,2.534901231128578
20,12,1.6500000000000001
20,12,2.679902626247941
20,12,1.6500000000000001
20,12,1.6500000000000001
20,12,1.6500000000000001
20,12,1.6500000000000001
20,12,1.6500000000000001
20,12,4.213712173741264
20,12,5.813703752438986
20,12,1.6500000000000001
20,12,1.6500000000000001
20,12,1.6500000000000001
20,12,1.6500000000000001
20,12,1.6500000000000001
20,12,1.6500000000000001
20,12,1.6500000000000001
20,12,1.6500000000000001
20,12,1.6500000000000001
20,12,1.6500000000000001
20,12,1.6500000000000001
20,12,1.6500000000000001
20,12,8.160927759843112
20,12,1.6500000000000001
20,12,1.6500000000000001
20,12,1.6500000000000001
20,12,1.6500000000000001
20,12,1.6500000000000001
20,12,7.186929006464101
20,12,1.6500000000000001
20,12,1.6500000000000001
20,12,3.029374328283261
20,12,1.6500000000000001
20,12,1.6500000000000001
20,12,1.6500000000000001
20,12,4.792071810055562
20,12,1.6500000000000001
20,12,1.6500000000000001
20,12,1.6500000000000001
20,12,1.6500000000000001
20,12,1.6500000000000001
20,12,1.6500000000000001
20,12,1.6500000000000001
20,12,1.6500000000000001
20,12,1.6500000000000001
20,12,1.6500000000000001
20,12,1.6500000000000001
20,12,1.6500000000000001
20,12,1.6500000000000001
20,12,8.577823073803824
20,12,1.6500000000000001
20,12,1.6500000000000001
20,12,1.6500000000000001
20,12,1.6500000000000001
20,12,1.6500000000000001
20,12,1.6500000000000001
20,12,1.6500000000000001
20,12,1.6500000000000001
20,12,1.6500000000000001
20,12,8.054349962340904
20,11,1.6500000000000001
20,11,1.6500000000000001
20,11,1.6500000000000001
20,11,11.487424950912587
20,11,1.6500000000000001
20,11,4.238013612539467
20,11,1.6500000000000001
20,11,1.6500000000000001
20,11,1.6500000000000001
20,11,1.6500000000000001
20,11,1.6500000000000001
20,11,1.6500000000000001
20,11,1.6500000000000001
20,11,1.6500000000000001
20,11,1.6500000000000001
20,11,1.6500000000000001
20,11,1.6500000000000001
20,11,1.6500000000000001
20,11,1.6500000000000001
20,11,1.6500000000000001
20,11,1.6500000000000001
20,11,1.6500000000000001
20,11,1.6500000000000001
20,11,1.6500000000000001
20,11,1.6500000000000001
20,11,1.6500000000000001
20,11,1.6500000000000001
20,11,1.6500000000000001
20,11,5.212479528858729
20,11,12.839019681102844
20,11,1.6500000000000001
20,11,1.6500000000000001
20,11,1.6500000000000001
20,11,1.6500000000000001
20,11,1.6500000000000001
20,11,1.6500000000000001
20,11,1.6500000000000001
20,11,1.6500000000000001
20,11,1.6500000000000001
20,11,1.6500000000000001
20,11,5.129108304963651
20,11,1.6500000000000001
20,11,1.6500000000000001
20,11,1.6500000000000001
20,11,1.6500000000000001
20,11,1.6500000000000001
20,11,1.6500000000000001
20,11,1.6500000000000001
20,11,1.6500000000000001
20,11,1.6500000000000001
20,11,1.6500000000000001
20,11,1.6500000000000001
20,11,1.6500000000000001
20,11,1.6500000000000001
20,11,1.6500000000000001
20,11,9.139792822052723
20,11,2.466660414554685
20,11,1.6500000000000001
20,11,1.6500000000000001
20,11,1.6500000000000001
20,11,1.6500000000000001
20,11,1.7873937089314804
20,11,11.473087612336762
20,11,1.6500000000000001
20,11,10.535458447114486
20,11,7.400813130422115
20,11,1.6500000000000001
20,11,1.6500000000000001
20,11,1.6500000000000001
20,11,1.6500000000000001
20,11,1.6500000000000001
20,11,3.5925822150433024
20,11,1.6500000000000001
20,11,1.6500000000000001
20,11,3.828261337153849
20,11,1.6500000000000001
20,11,1.6500000000000001
20,11,1.6500000000000001
20,11,1.6500000000000001
20,11,1.6500000000000001
20,11,1.6500000000000001
20,11,1.6500000000000001
20,11,1.6500000000000001
20,11,1.6500000000000001
20,11,1.6500000000000001
20,11,1.6500000000000001
20,11,1.6500000000000001
20,11,1.6500000000000001
20,11,3.959821989406059
20,11,1.6500000000000001
20,11,1.6500000000000001
20,11,1.6500000000000001
20,11,1.6500000000000001
20,11,1.6500000000000001
20,11,1.6500000000000001
20,11,3.8036921436770577
20,11,1.6500000000000001
20,11,1.6500000000000001
20,11,22.408526384784444
20,11,9.826021943405816
20,11,1.6500000000000001
20,11,1.6500000000000001
20,11,18.630090967880857
20,11,1.6500000000000001
20,11,1.6500000000000001
20,11,1.6500000000000001
20,11,1.6500000000000001
20,11,1.6500000000000001
20,11,18.55491527802865
20,11,1.6500000000000001
20,11,1.6500000000000001
20,11,1.6500000000000001
20,11,8.895907790389185
20,11,1.6500000000000001
20,11,1.6500000000000001
20,11,1.6500000000000001
20,11,1.6500000000000001
20,11,1.6500000000000001
20,11,1.6500000000000001
20,11,1.6500000000000001
20,11,1.6500000000000001
20,11,1.6500000000000001
19,11,1.6500000000000001
19,11,1.6500000000000001
19,11,1.6500000000000001
19,11,1.6500000000000001
19,11,6.632159669539972
19,11,1.6500000000000001
19,11,1.6500000000000001
19,11,1.6500000000000001
19,11,1.6500000000000001
19,11,1.6500000000000001
19,11,1.6500000000000001
19,11,1.6500000000000001
19,11,1.6500000000000001
19,11,1.6500000000000001
19,11,1.6500000000000001
19,11,1.6500000000000001
19,11,1.6500000000000001
19,11,1.6500000000000001
19,11,1.6500000000000001
19,11,2.854698872921971
19,11,1.6500000000000001
19,11,1.6500000000000001
19,11,1.6500000000000001
19,11,1.6500000000000001
19,11,1.6500000000000001
19,11,1.6500000000000001
19,11,1.6500000000000001
19,11,1.6500000000000001
19,11,10.615307444841285
19,11,7.6410070587771965
19,11,1.6500000000000001
19,11,1.6500000000000001
19,11,1.6500000000000001
19,11,1.6500000000000001
19,11,8.971782825497787
19,11,1.6500000000000001
19,11,1.6500000000000001
19,11,1.6500000000000001
19,11,1.6500000000000001
19,11,1.6500000000000001
19,11,6.605252794392706
19,11,1.6500000000000001
19,11,1.6500000000000001
19,11,1.6500000000000001
19,11,21.24568242853651
19,11,7.488405278144478
19,11,5.8589797945279365
19,11,1.6500000000000001
19,11,1.6500000000000001
19,11,1.6500000000000001
19,11,1.6500000000000001
19,11,1.6500000000000001
19,11,1.6500000000000001
19,11,1.6500000000000001
19,11,1.6500000000000001
19,11,1.6500000000000001
19,11,1.6500000000000001
19,11,1.6500000000000001
19,11,1.6500000000000001
19,11,1.6500000000000001
19,11,1.6500000000000001
19,11,1.6500000000000001
19,11,4.598954329702879
19,11,1.6500000000000001
19,11,1.6500000000000001
19,11,1.6500000000000001
19,11,1.6500000000000001
19,11,12.466801232140376
19,11,1.6500000000000001
19,11,1.6500000000000001
19,11,3.0934659710784667
19,11,1.6500000000000001
19,11,1.6500000000000001
19,11,1.6500000000000001
19,11,1.6500000000000001
19,11,2.60268856385332
19,11,1.6500000000000001
19,11,1.6500000000000001
19,11,1.6500000000000001
19,11,1.6500000000000001
19,11,1.6500000000000001
19,11,1.6500000000000001
19,11,1.6500000000000001
19,11,1.6500000000000001
19,11,1.6500000000000001
19,11,1.6500000000000001
19,11,1.6500000000000001
19,11,1.6500000000000001
19,11,1.6500000000000001
19,11,1.6500000000000001
19,11,1.6500000000000001
19,11,13.288317968545321
19,11,1.6500000000000001
19,11,1.6500000000000001
19,11,1.6500000000000001
19,11,11.95727237442452
19,11,4.031912398430826
19,11,10.258135500879234
19,11,1.6500000000000001
19,11,1.6500000000000001
19,11,1.6500000000000001
19,11,4.332944728977674
19,11,1.6500000000000001
19,11,1.6500000000000001
19,11,7.2820673740655
19,11,1.6500000000000001
19,11,1.6500000000000001
19,11,1.6500000000000001
19,11,1.6500000000000001
19,11,1.6500000000000001
19,11,1.6500000000000001
19,11,1.6500000000000001
19,11,8.933840114329076
19,11,9.306192593091488
19,11,1.6500000000000001
19,11,1.6500000000000001
19,11,1.6500000000000001
19,11,7.324771087304587
19,11,1.6500000000000001
19,11,2.030765243514093
19,11,1.6500000000000001
19,11,1.6500000000000001
19,10,1.6500000000000001
19,10,1.6500000000000001
19,10,1.6500000000000001
19,10,1.6500000000000001
19,10,1.6500000000000001
19,10,1.6500000000000001
19,10,1.6500000000000001
19,10,1.6500000000000001
19,10,28.171400377620905
19,10,1.6500000000000001
19,10,3.8703311700774963
19,10,1.6500000000000001
19,10,10.851422629961583
19,10,1.6500000000000001
19,10,1.6500000000000001
19,10,1.6500000000000001
19,10,1.6500000000000001
19,10,1.6500000000000001
19,10,1.6500000000000001
19,10,1.6500000000000001
19,10,1.6500000000000001
19,10,1.6500000000000001
19,10,1.6500000000000001
19,10,1.6500000000000001
19,10,1.6500000000000001
19,10,2.1940954276278273
19,10,1.6500000000000001
19,10,1.6500000000000001
19,10,1.6500000000000001
19,10,1.6500000000000001
19,10,1.6500000000000001
19,10,7.07485553643745
19,10,1.6500000000000001
19,10,1.6500000000000001
19,10,1.6500000000000001
19,10,1.6500000000000001
19,10,1.6500000000000001
19,10,1.926678256688568
19,10,1.6500000000000001
19,10,1.6500000000000001
19,10,1.6500000000000001
19,10,1.6500000000000001
19,10,1.6500000000000001
19,10,1.6500000000000001
19,10,1.6500000000000001
19,10,1.6500000000000001
19,10,17.03947418677935
19,10,1.6500000000000001
19,10,1.6500000000000001
19,10,1.6500000000000001
19,10,1.6500000000000001
19,10,1.6500000000000001
19,10,1.6500000000000001
19,10,1.6500000000000001
19,10,3.645231328200099
19,10,1.6500000000000001
19,10,3.9441360755372603
19,10,2.2498443462900912
19,10,6.652446414655156
19,10,1.6500000000000001
19,10,1.6500000000000001
19,10,1.6500000000000001
19,10,1.6500000000000001
19,10,1.6500000000000001
19,10,1.6500000000000001
19,10,1.6500000000000001
19,10,1.6500000000000001
19,10,1.6500000000000001
19,10,1.6500000000000001
19,10,1.6500000000000001
19,10,1.6500000000000001
19,10,1.6500000000000001
19,10,1.6500000000000001
19,10,1.6500000000000001
19,10,27.99545333678813
19,10,1.6500000000000001
19,10,1.6500000000000001
19,10,1.6500000000000001
19,10,1.6500000000000001
19,10,1.6500000000000001
19,10,4.012172210000717
19,10,10.215427269637429
19,10,1.6500000000000001
19,10,1.6500000000000001
19,10,1.6500000000000001
19,10,1.6500000000000001
19,10,1.6500000000000001
19,10,1.8697140065621838
19,10,1.6500000000000001
19,10,1.6500000000000001
19,10,1.6500000000000001
19,10,1.6500000000000001
19,10,9.512931494846598
19,10,1.6500000000000001
19,10,1.6500000000000001
19,10,3.6624143420850306
19,10,1.6500000000000001
19,10,1.6500000000000001
19,10,1.6500000000000001
19,10,6.17400857234834
19,10,6.798623260469837
19,10,5.697069570288013
19,10,1.6500000000000001
19,10,1.6500000000000001
19,10,1.6500000000000001
19,10,1.6500000000000001
19,10,2.337884536236505
19,10,1.6500000000000001
19,10,1.6500000000000001
19,10,1.6500000000000001
19,10,1.6500000000000001
19,10,3.7141758332665464
19,10,1.6500000000000001
19,10,5.368032148872816
19,10,1.6500000000000001
19,10,1.6500000000000001
19,10,1.6500000000000001
19,10,1.6500000000000001
19,10,1.6500000000000001
19,10,9.448303157861744
19,10,1.6500000000000001
19,10,3.289555320287038
18,10,1.6500000000000001
18,10,1.6500000000000001
18,10,1.6500000000000001
18,10,1.6500000000000001
18,10,1.6500000000000001
18,10,1.8775161375286427
18,10,1.6500000000000001
18,10,1.6500000000000001
18,10,1.6500000000000001
18,10,1.6500000000000001
18,10,1.6500000000000001
18,10,11.266545506458925
18,10,1.6500000000000001
18,10,1.6500000000000001
18,10,1.6500000000000001
18,10,1.6500000000000001
18,10,1.6500000000000001
18,10,1.6500000000000001
18,10,1.6500000000000001
18,10,1.6500000000000001
18,10,1.6500000000000001
18,10,1.6500000000000001
18,10,13.7609873221
18,10,1.6500000000000001
18,10,1.6500000000000001
18,10,1.6500000000000001
18,10,13.161807299715338
18,10,1.6500000000000001
18,10,3.206445542544353
18,10,1.6500000000000001
18,10,12.182224901036356
18,10,1.6500000000000001
18,10,1.6500000000000001
18,10,1.6500000000000001
18,10,1.6500000000000001
18,10,1.6500000000000001
18,10,2.2674954948496993
18,10,1.6500000000000001
18,10,1.6500000000000001
18,10,1.6500000000000001
18,10,8.076958789609492
18,10,2.74122554223009
18,10,1.6500000000000001
18,10,1.6500000000000001
18,10,1.6500000000000001
18,10,1.6500000000000001
18,10,1.6500000000000001
18,10,7.632683243631943
18,10,13.579596205669265
18,10,1.6500000000000001
18,10,7.8529534402224215
18,10,1.6500000000000001
18,10,6.577253983647365
18,10,1.6500000000000001
18,10,1.6500000000000001
18,10,1.6500000000000001
18,10,1.6500000000000001
18,10,1.6500000000000001
18,10,1.6500000000000001
18,10,17.371765003151445
18,10,2.3527203452873255
18,10,1.8177098700726955
18,10,6.473182925347285
18,10,1.6500000000000001
18,10,1.6500000000000001
18,10,3.672565014022503
18,10,1.6500000000000001
18,10,1.6500000000000001
18,10,8.855991280478689
18,10,1.6500000000000001
18,10,1.6500000000000001
18,10,1.6500000000000001
18,10,1.6500000000000001
18,10,16.294284975352117
18,10,6.888440618008309
18,10,1.6500000000000001
18,10,1.6500000000000001
18,10,1.6500000000000001
18,10,1.6500000000000001
18,10,1.6500000000000001
18,10,1.6500000000000001
18,10,10.536326291705981
18,10,1.6500000000000001
18,10,1.6500000000000001
18,10,1.6500000000000001
18,10,1.6500000000000001
18,10,1.6500000000000001
18,10,1.6500000000000001
18,10,1.6500000000000001
18,10,1.6500000000000001
18,10,1.6500000000000001
18,10,1.6500000000000001
18,10,25.927521709273762
18,10,1.6500000000000001
18,10,4.371563112091518
18,10,1.6500000000000001
18,10,1.6500000000000001
18,10,1.6500000000000001
18,10,3.271536635916572
18,10,17.177674785226152
18,10,1.6500000000000001
18,10,1.6500000000000001
18,10,3.4833710158939137
18,10,2.80385040992447
18,10,1.6500000000000001
18,10,1.6500000000000001
18,10,1.6500000000000001
18,10,1.6500000000000001
18,10,1.6500000000000001
18,10,1.6500000000000001
18,10,1.6500000000000001
18,10,1.6500000000000001
18,10,1.6500000000000001
18,10,1.6500000000000001
18,10,1.6500000000000001
18,10,1.6500000000000001
18,10,1.6500000000000001
18,10,1.6500000000000001
18,10,14.441679485295143
18,10,1.6500000000000001
18,10,1.6500000000000001
18,10,1.6500000000000001
17,10,3.3524024336732072
17,10,8.401985239804606
17,10,1.6500000000000001
17,10,1.6500000000000001
17,10,1.6500000000000001
17,10,11.05571784159995
17,10,1.6500000000000001
17,10,1.6500000000000001
17,10,1.6500000000000001
17,10,1.6500000000000001
17,10,1.6500000000000001
17,10,1.6500000000000001
17,10,1.6500000000000001
17,10,1.6500000000000001
17,10,1.6500000000000001
17,10,1.6500000000000001
17,10,10.984582168381396
17,10,1.6500000000000001
17,10,1.6500000000000001
17,10,1.6500000000000001
17,10,1.6500000000000001
17,10,1.6500000000000001
17,10,1.6500000000000001
17,10,1.6500000000000001
17,10,1.6500000000000001
17,10,1.6500000000000001
17,10,1.6500000000000001
17,10,1.6500000000000001
17,10,1.6500000000000001
17,10,1.6500000000000001
17,10,1.6500000000000001
17,10,8.879457740862517
17,10,1.6500000000000001
17,10,1.6500000000000001
17,10,1.6500000000000001
17,10,1.6500000000000001
17,10,5.35882057829077
17,10,1.6500000000000001
17,10,1.6500000000000001
17,10,9.643484042605373
17,10,3.2601710161096626
17,10,1.6500000000000001
17,10,1.6500000000000001
17,10,1.6500000000000001
17,10,6.12889871831562
17,10,1.6500000000000001
17,10,18.222443661459135
17,10,1.6500000000000001
17,10,15.099814848854791
17,10,1.6500000000000001
17,10,1.6500000000000001
17,10,12.7518140166828
17,10,1.6500000000000001
17,10,1.6500000000000001
17,10,1.6500000000000001
17,10,1.6500000000000001
17,10,1.6500000000000001
17,10,1.6500000000000001
17,10,1.6500000000000001
17,10,1.6500000000000001
17,10,3.70689775591934
17,10,18.896632481743595
17,10,1.6500000000000001
17,10,16.139276321052986
17,10,1.6500000000000001
17,10,15.264377882687995
17,10,1.6500000000000001
17,10,6.357390338463517
17,10,5.708991303427329
17,10,14.975684172672537
17,10,1.6500000000000001
17,10,1.6500000000000001
17,10,1.6500000000000001
17,10,1.6500000000000001
17,10,17.476800707105536
17,10,1.6500000000000001
17,10,4.119778868884591
17,10,1.6500000000000001
17,10,5.9515818401998235
17,10,1.6500000000000001
17,10,1.6500000000000001
17,10,1.6500000000000001
17,10,1.6500000000000001
17,10,1.6500000000000001
17,10,1.6500000000000001
17,10,1.6500000000000001
17,10,1.6500000000000001
17,10,1.6500000000000001
17,10,21.757786935141894
17,10,1.6500000000000001
17,10,1.6500000000000001
17,10,1.6500000000000001
17,10,6.642094173736735
17,10,6.28747721384307
17,10,1.6500000000000001
17,10,1.6500000000000001
17,10,1.6500000000000001
17,10,1.6500000000000001
17,10,1.6500000000000001
17,10,10.690829696867432
17,10,1.6500000000000001
17,10,1.6500000000000001
17,10,1.6500000000000001
17,10,1.6500000000000001
17,10,1.6500000000000001
17,10,1.6500000000000001
17,10,1.6500000000000001
17,10,1.6500000000000001
17,10,1.6500000000000001
17,10,1.6500000000000001
17,10,1.7318270508589775
17,10,1.6500000000000001
17,10,1.6500000000000001
17,10,1.6500000000000001
17,10,1.6500000000000001
17,10,2.142596273049966
17,10,1.6500000000000001
17,10,1.6500000000000001
17,10,1.6500000000000001
17,10,7.562166825109028
17,10,1.6500000000000001
17,10,1.6500000000000001
17,10,1.6500000000000001
17,11,1.6500000000000001
17,11,8.957806061959461
17,11,1.6500000000000001
17,11,1.6500000000000001
17,11,3.0170967767520533
17,11,1.6500000000000001
17,11,1.6500000000000001
17,11,6.6992898746622505
17,11,11.515134638444064
17,11,1.6500000000000001
17,11,9.285410339610982
17,11,11.067237309585938
17,11,4.328905681402281
17,11,1.6500000000000001
17,11,1.6500000000000001
17,11,1.6500000000000001
17,11,1.6500000000000001
17,11,1.6500000000000001
17,11,1.6500000000000001
17,11,1.6500000000000001
17,11,1.6500000000000001
17,11,1.6500000000000001
17,11,1.6500000000000001
17,11,1.6500000000000001
17,11,1.6500000000000001
17,11,1.6500000000000001
17,11,1.6500000000000001
17,11,1.6500000000000001
17,11,1.6500000000000001
17,11,1.6500000000000001
17,11,1.6500000000000001
17,11,14.210915468477886
17,11,1.6500000000000001
17,11,14.974669315246224
17,11,1.6500000000000001
17,11,1.6500000000000001
17,11,2.5777194499567395
17,11,1.6500000000000001
17,11,1.6911329526586698
17,11,1.6500000000000001
17,11,14.018405666599378
17,11,1.6500000000000001
17,11,1.6500000000000001
17,11,7.4799076260556046
17,11,13.859135309669227
17,11,12.225706756426113
17,11,1.6500000000000001
17,11,1.6500000000000001
17,11,11.634107692479166
17,11,15.911972151823452
17,11,10.713491247829344
17,11,1.6500000000000001
17,11,1.6500000000000001
17,11,1.6500000000000001
17,11,21.024982718623242
17,11,21.129506865936953
17,11,1.6500000000000001
17,11,1.6500000000000001
17,11,1.6500000000000001
17,11,1.6500000000000001
17,11,1.6500000000000001
17,11,1.6500000000000001
17,11,1.6500000000000001
17,11,9.485374109536487
17,11,1.6500000000000001
17,11,1.6500000000000001
17,11,3.7347705740912023
17,11,1.6500000000000001
17,11,1.6500000000000001
17,11,1.6500000000000001
17,11,1.6500000000000001
17,11,1.6500000000000001
17,11,1.6500000000000001
17,11,1.6500000000000001
17,11,1.6500000000000001
17,11,7.952264740215988
17,11,1.6500000000000001
17,11,1.6500000000000001
17,11,1.6500000000000001
17,11,1.6500000000000001
17,11,1.6500000000000001
17,11,1.6500000000000001
17,11,1.6500000000000001
17,11,1.6500000000000001
17,11,4.187902940351262
17,11,1.6500000000000001
17,11,1.6500000000000001
17,11,1.6500000000000001
17,11,5.666407658844191
17,11,1.6500000000000001
17,11,1.6500000000000001
17,11,1.6500000000000001
17,11,3.649800759959266
17,11,7.124278929609092
17,11,1.6500000000000001
17,11,1.6500000000000001
17,11,1.6500000000000001
17,11,6.804845292564032
17,11,1.6500000000000001
17,11,1.6500000000000001
17,11,1.6500000000000001
17,11,1.6500000000000001
17,11,1.6500000000000001
17,11,1.6500000000000001
17,11,2.53552171272411
17,11,1.6500000000000001
17,11,1.6500000000000001
17,11,13.46739076130092
17,11,1.6500000000000001
17,11,1.6500000000000001
17,11,1.6500000000000001
17,11,1.6500000000000001
17,11,1.6500000000000001
17,11,1.6500000000000001
17,11,1.6500000000000001
17,11,14.571180532958945
17,11,1.6500000000000001
17,11,1.6500000000000001
17,11,1.6500000000000001
17,11,1.6500000000000001
17,11,1.699023675303513
17,11,12.985196836855664
17,10,1.6500000000000001
17,10,1.6500000000000001
17,10,1.6500000000000001
17,10,1.6500000000000001
17,10,1.6500000000000001
17,10,1.6500000000000001
17,10,20.28735367500244
17,10,1.6500000000000001
17,10,1.6500000000000001
17,10,6.891905970526002
17,10,13.790850415274598
17,10,1.6500000000000001
17,10,1.6500000000000001
17,10,1.6500000000000001
17,10,1.6500000000000001
17,10,1.6500000000000001
17,10,1.6500000000000001
17,10,1.6500000000000001
17,10,16.37552573696962
17,10,1.6500000000000001
17,10,1.6500000000000001
17,10,2.739083259305029
17,10,1.6500000000000001
17,10,1.6500000000000001
17,10,1.6500000000000001
17,10,1.6500000000000001
17,10,1.6500000000000001
17,10,1.6500000000000001
17,10,2.30536810213513
17,10,4.746468276533685
17,10,3.84941720431402
17,10,4.238014604656341
17,10,1.6500000000000001
17,10,1.6500000000000001
17,10,1.6500000000000001
17,10,1.6500000000000001
17,10,3.772447541719684
17,10,1.6500000000000001
17,10,2.2155744156768975
17,10,1.6500000000000001
17,10,16.824956582936895
17,10,1.6500000000000001
17,10,1.6500000000000001
17,10,7.663651323319906
17,10,1.6500000000000001
17,10,1.6500000000000001
17,10,1.6500000000000001
17,10,1.6500000000000001
17,10,1.6500000000000001
17,10,1.6500000000000001
17,10,1.6500000000000001
17,10,7.245160912781765
17,10,1.6500000000000001
17,10,1.6500000000000001
17,10,5.8280145529638165
17,10,1.6500000000000001
17,10,11.212573412051732
17,10,1.6500000000000001
17,10,1.6500000000000001
17,10,2.263872875149156
17,10,1.6500000000000001
17,10,4.550135039820546
17,10,1.6500000000000001
17,10,25.847517694543534
17,10,1.6500000000000001
17,10,8.76968940645479
17,10,1.6500000000000001
17,10,1.6500000000000001
17,10,1.6500000000000001
17,10,1.6500000000000001
17,10,1.6500000000000001
17,10,1.6500000000000001
17,10,1.6500000000000001
17,10,1.6500000000000001
17,10,1.6500000000000001
17,10,1.6500000000000001
17,10,3.9687954144580804
17,10,1.6500000000000001
17,10,1.6500000000000001
17,10,4.570864757286327
17,10,1.6500000000000001
17,10,1.6500000000000001
17,10,1.6500000000000001
17,10,1.6500000000000001
17,10,1.6500000000000001
17,10,1.6500000000000001
17,10,1.6500000000000001
17,10,10.433968552404417
17,10,4.148169684859811
17,10,1.6500000000000001
17,10,1.6500000000000001
17,10,1.6500000000000001
17,10,14.114737744456527
17,10,1.6500000000000001
17,10,1.6500000000000001
17,10,7.295463146226682
17,10,1.6500000000000001
17,10,1.6500000000000001
17,10,1.6500000000000001
17,10,1.6500000000000001
17,10,10.29266985529861
17,10,1.6500000000000001
17,10,13.610990651822608
17,10,6.350837713434034
17,10,1.6500000000000001
17,10,5.495653144380112
17,10,1.6500000000000001
17,10,1.6500000000000001
17,10,6.294150542084706
17,10,5.586003213958245
17,10,7.917486836943139
17,10,1.6500000000000001
17,10,1.6500000000000001
17,10,1.6500000000000001
17,10,1.6500000000000001
17,10,11.739110269664096
17,10,1.6500000000000001
17,10,1.6500000000000001
17,10,1.6500000000000001
17,10,1.6500000000000001
17,10,1.6500000000000001
17,10,1.6500000000000001
17,9,1.6500000000000001
17,9,1.6500000000000001
17,9,1.6500000000000001
17,9,1.6500000000000001
17,9,1.6500000000000001
17,9,9.996089155385455
17,9,1.6500000000000001
17,9,1.6500000000000001
17,9,1.6500000000000001
17,9,1.6500000000000001
17,9,1.6500000000000001
17,9,1.6500000000000001
17,9,1.6500000000000001
17,9,8.173852467671146
17,9,1.6500000000000001
17,9,2.6705587779501423
17,9,7.702075828159527
17,9,13.38830600938484
17,9,1.6500000000000001
17,9,1.6500000000000001
17,9,1.6500000000000001
17,9,1.6500000000000001
17,9,1.6500000000000001
17,9,5.985551122417371
17,9,1.6500000000000001
17,9,1.6500000000000001
17,9,1.6500000000000001
17,9,1.6500000000000001
17,9,1.6500000000000001
17,9,1.6500000000000001
17,9,1.6500000000000001
17,9,10.192446532151392
17,9,1.6500000000000001
17,9,2.8374001090569747
17,9,4.317400369111242
17,9,1.6500000000000001
17,9,7.529574137864964
17,9,1.6500000000000001
17,9,1.6500000000000001
17,9,1.6500000000000001
17,9,1.6500000000000001
17,9,2.0980194218586448
17,9,19.611766545131818
17,9,1.6500000000000001
17,9,1.6500000000000001
17,9,1.6500000000000001
17,9,1.6500000000000001
17,9,1.6500000000000001
17,9,1.6500000000000001
17,9,1.6500000000000001
17,9,7.247131210752345
17,9,1.6500000000000001
17,9,5.661455434634815
17,9,11.699408822285912
17,9,1.6500000000000001
17,9,6.036418681328595
17,9,1.6500000000000001
17,9,1.6500000000000001
17,9,1.6500000000000001
17,9,1.6500000000000001
17,9,1.6500000000000001
17,9,1.6500000000000001
17,9,1.6500000000000001
17,9,6.246081139213475
17,9,8.414584778804327
17,9,1.6500000000000001
17,9,1.6500000000000001
17,9,1.6500000000000001
17,9,14.588995680515179
17,9,10.877704619804424
17,9,15.225156277520934
17,9,1.6500000000000001
17,9,5.423426735549375
17,9,4.85288744601961
17,9,4.713384869702216
17,9,1.6500000000000001
17,9,11.34639023216642
17,9,1.6500000000000001
17,9,13.790696473929426
17,9,1.6500000000000001
17,9,1.6500000000000001
17,9,5.931987525065365
17,9,1.6500000000000001
17,9,1.6500000000000001
17,9,1.6500000000000001
17,9,1.6500000000000001
17,9,1.6500000000000001
17,9,1.6500000000000001
17,9,1.6500000000000001
17,9,1.6500000000000001
17,9,4.2023195136430616
17,9,1.6500000000000001
17,9,3.0125735321862113
17,9,1.6500000000000001
17,9,1.6500000000000001
17,9,8.464003588819367
17,9,1.6500000000000001
17,9,1.6500000000000001
17,9,1.6500000000000001
17,9,1.6500000000000001
17,9,9.136678136044882
17,9,7.610122140321819
17,9,1.6500000000000001
17,9,1.6500000000000001
17,9,1.6500000000000001
17,9,1.6500000000000001
17,9,3.7207896802159173
17,9,4.387262405434891
17,9,1.6500000000000001
17,9,1.6500000000000001
17,9,1.6500000000000001
17,9,1.6500000000000001
17,9,1.6500000000000001
17,9,1.6500000000000001
17,9,1.6500000000000001
17,9,1.6500000000000001
17,9,1.6500000000000001
17,9,4.384886827040978
17,9,1.6500000000000001
17,9,1.6500000000000001
17,9,1.6500000000000001
17,9,1.6500000000000001
17,8,1.6500000000000001
17,8,1.6500000000000001
17,8,1.6500000000000001
17,8,1.6500000000000001
17,8,1.6500000000000001
17,8,1.6500000000000001
17,8,1.6500000000000001
17,8,4.1415858491682505
17,8,1.6500000000000001
17,8,1.6500000000000001
17,8,1.6500000000000001
17,8,1.6500000000000001
17,8,1.6500000000000001
17,8,25.43872757671174
17,8,1.6500000000000001
17,8,2.0533823299133314
17,8,11.897500970226387
17,8,1.6500000000000001
17,8,1.6500000000000001
17,8,2.2130161172227085
17,8,2.9078021335763387
17,8,1.6500000000000001
17,8,1.6500000000000001
17,8,1.6500000000000001
17,8,1.6500000000000001
17,8,1.6500000000000001
17,8,1.6500000000000001
17,8,1.6500000000000001
17,8,1.6500000000000001
17,8,1.6500000000000001
17,8,3.2389698746692197
17,8,1.6500000000000001
17,8,4.7544780489449625
17,8,1.6500000000000001
17,8,1.6500000000000001
17,8,1.6500000000000001
17,8,10.89677331291186
17,8,1.6500000000000001
17,8,8.600012516681797
17,8,1.6500000000000001
17,8,1.6500000000000001
17,8,1.6500000000000001
17,8,10.039288178184929
17,8,1.6500000000000001
17,8,1.6500000000000001
17,8,5.483009562752702
17,8,1.6500000000000001
17,8,1.6500000000000001
17,8,9.65376807856129
17,8,1.6500000000000001
17,8,1.6500000000000001
17,8,1.6500000000000001
17,8,1.6500000000000001
17,8,1.6500000000000001
17,8,1.6500000000000001
17,8,1.6500000000000001
17,8,1.6500000000000001
17,8,14.62271819272701
17,8,1.6500000000000001
17,8,1.6500000000000001
17,8,5.899776280791475
17,8,9.443356305802247
17,8,1.6500000000000001
17,8,1.6500000000000001
17,8,13.357031949597904
17,8,1.6500000000000001
17,8,3.7999592267532307
17,8,1.6500000000000001
17,8,1.6500000000000001
17,8,12.170650036719906
17,8,9.732294254838417
17,8,13.134524975767622
17,8,1.6500000000000001
17,8,2.0115216031642698
17,8,22.384502910099606
17,8,1.6500000000000001
17,8,1.6500000000000001
17,8,1.6500000000000001
17,8,12.148939171254096
17,8,15.079791917658287
17,8,1.6500000000000001
17,8,3.5607383510070463
17,8,1.6500000000000001
17,8,8.559308398299173
17,8,1.6500000000000001
17,8,12.038945281874861
17,8,1.6500000000000001
17,8,1.6500000000000001
17,8,1.6500000000000001
17,8,1.6500000000000001
17,8,1.6500000000000001
17,8,1.6500000000000001
17,8,1.6500000000000001
17,8,1.6500000000000001
17,8,2.986935254035688
17,8,1.6500000000000001
17,8,1.6500000000000001
17,8,5.3242584806157165
17,8,17.687453700791526
17,8,2.5165616784906097
17,8,5.449099007682749
17,8,1.6500000000000001
17,8,1.6500000000000001
17,8,1.6500000000000001
17,8,11.048990238822421
17,8,1.6500000000000001
17,8,1.6500000000000001
17,8,1.6500000000000001
17,8,1.6500000000000001
17,8,4.292630852508964
17,8,1.6500000000000001
17,8,1.6500000000000001
17,8,4.10073690534441
17,8,1.6500000000000001
17,8,1.6500000000000001
17,8,5.8903464642727155
17,8,5.5706146373817615
17,8,1.6500000000000001
17,8,11.559376638150166
17,8,14.772051483020533
17,8,1.6500000000000001
17,8,1.6500000000000001
17,7,9.538103625858513
17,7,1.6500000000000001
17,7,9.043286503995455
17,7,9.928711795990887
17,7,1.6500000000000001
17,7,1.6500000000000001
17,7,5.359679156973789
17,7,1.6500000000000001
17,7,1.6500000000000001
17,7,1.6500000000000001
17,7,1.6500000000000001
17,7,14.175606966322643
17,7,1.6500000000000001
17,7,1.6500000000000001
17,7,1.6500000000000001
17,7,1.6500000000000001
17,7,1.6500000000000001
17,7,1.6500000000000001
17,7,1.6500000000000001
17,7,1.6500000000000001
17,7,3.9086338615408103
17,7,1.6500000000000001
17,7,11.485166463344175
17,7,1.6500000000000001
17,7,1.6500000000000001
17,7,1.6500000000000001
17,7,1.6500000000000001
17,7,1.6500000000000001
17,7,1.6500000000000001
17,7,1.6500000000000001
17,7,10.039216839972584
17,7,1.6500000000000001
17,7,1.6500000000000001
17,7,1.6500000000000001
17,7,1.6500000000000001
17,7,1.6500000000000001
17,7,9.910750573687933
17,7,7.479517929425315
17,7,2.987125967582301
17,7,1.6500000000000001
17,7,1.6500000000000001
17,7,1.6500000000000001
17,7,1.6500000000000001
17,7,1.6500000000000001
17,7,1.6500000000000001
17,7,1.6500000000000001
17,7,1.7305304556921661
17,7,1.6500000000000001
17,7,23.228857868093307
17,7,1.6500000000000001
17,7,1.6500000000000001
17,7,1.6500000000000001
17,7,1.6500000000000001
17,7,1.6500000000000001
17,7,19.960406842729682
17,7,4.174960550972133
17,7,1.6500000000000001
17,7,4.724886566112589
17,7,7.913900893991666
17,7,1.7299769096043784
17,7,1.6500000000000001
17,7,24.004539256040083
17,7,3.0059269594408953
17,7,1.6500000000000001
17,7,8.743434084018633
17,7,1.6500000000000001
17,7,9.505510430623598
17,7,9.327919898153972
17,7,1.6500000000000001
17,7,1.6500000000000001
17,7,10.560984725863833
17,7,1.6500000000000001
17,7,1.6500000000000001
17,7,1.6500000000000001
17,7,1.6500000000000001
17,7,29.7
17,7,2.1597566824114214
17,7,1.6500000000000001
17,7,1.6500000000000001
17,7,1.6500000000000001
17,7,1.6500000000000001
17,7,1.6500000000000001
17,7,1.6500000000000001
17,7,14.888543811381261
17,7,4.370476548400629
17,7,1.6500000000000001
17,7,1.6500000000000001
17,7,3.5926911065501663
17,7,1.6500000000000001
17,7,1.6500000000000001
17,7,3.9373570258288897
17,7,2.7498053398456164
17,7,1.6500000000000001
17,7,1.6500000000000001
17,7,1.6500000000000001
17,7,2.626392379758438
17,7,8.478648713533909
17,7,1.6500000000000001
17,7,6.211709853360622
17,7,12.170122231460875
17,7,1.6500000000000001
17,7,1.6500000000000001
17,7,1.6500000000000001
17,7,27.56935354945343
17,7,1.6500000000000001
17,7,1.6500000000000001
17,7,1.6500000000000001
17,7,1.6500000000000001
17,7,1.6500000000000001
17,7,1.6500000000000001
17,7,1.6500000000000001
17,7,1.6500000000000001
17,7,3.334592407510253
17,7,7.598833459153875
17,7,1.6500000000000001
17,7,1.6500000000000001
17,7,1.6500000000000001
17,7,1.6500000000000001
17,7,1.6500000000000001
17,7,6.595603036694822
17,7,1.6500000000000001
17,7,1.6500000000000001
17,7,1.6500000000000001
17,6,20.90893408476438
17,6,2.339973937544354
17,6,1.6500000000000001
17,6,27.082668175526354
17,6,1.6500000000000001
17,6,1.6500000000000001
17,6,12.613712882565274
17,6,1.6500000000000001
17,6,1.6500000000000001
17,6,1.6500000000000001
17,6,1.6500000000000001
17,6,1.6500000000000001
17,6,1.6500000000000001
17,6,1.6500000000000001
17,6,1.6500000000000001
17,6,4.5147772667675525
17,6,1.6500000000000001
17,6,18.81667493588347
17,6,14.875721094202735
17,6,1.6500000000000001
17,6,6.004133257225087
17,6,4.6905098424729275
17,6,3.967447393808701
17,6,1.6500000000000001
17,6,1.6500000000000001
17,6,1.6500000000000001
17,6,1.6500000000000001
17,6,1.6500000000000001
17,6,3.271747348665957
17,6,1.6500000000000001
17,6,1.6500000000000001
17,6,1.6500000000000001
17,6,9.859764397374153
17,6,1.6500000000000001
17,6,5.714804703641629
17,6,17.759693271814758
17,6,9.205773575803244
17,6,1.6500000000000001
17,6,1.6500000000000001
17,6,1.6500000000000001
17,6,9.43706245024043
17,6,3.709395423961407
17,6,3.3500340641750013
17,6,7.615498166946283
17,6,13.719461397698465
17,6,1.6500000000000001
17,6,6.526514447361756
17,6,1.6500000000000001
17,6,1.6500000000000001
17,6,1.6500000000000001
17,6,9.396520002433082
17,6,1.6500000000000001
17,6,1.6500000000000001
17,6,1.8823196904037198
17,6,1.6500000000000001
17,6,7.2700298398611265
17,6,4.92504366074473
17,6,1.6500000000000001
17,6,1.6500000000000001
17,6,15.45180807286452
17,6,6.407920407796847
17,6,1.6500000000000001
17,6,3.550405881245209
17,6,13.573562954476607
17,6,1.6500000000000001
17,6,1.6500000000000001
17,6,1.6500000000000001
17,6,1.6500000000000001
17,6,1.6500000000000001
17,6,1.6500000000000001
17,6,1.6500000000000001
17,6,2.082000338065372
17,6,1.6500000000000001
17,6,8.324048841317966
17,6,4.002945166990173
17,6,1.6500000000000001
17,6,1.6500000000000001
17,6,1.6500000000000001
17,6,1.6500000000000001
17,6,1.6500000000000001
17,6,1.6500000000000001
17,6,1.6500000000000001
17,6,4.23012503553392
17,6,1.6500000000000001
17,6,5.611232789658224
17,6,1.6500000000000001
17,6,14.53514775614769
17,6,1.6500000000000001
17,6,1.6500000000000001
17,6,1.6500000000000001
17,6,1.6500000000000001
17,6,1.6500000000000001
17,6,1.6500000000000001
17,6,1.6500000000000001
17,6,1.6500000000000001
17,6,1.6500000000000001
17,6,1.6500000000000001
17,6,2.164124184788437
17,6,1.6500000000000001
17,6,9.516949529091718
17,6,8.04434542074192
17,6,1.6500000000000001
17,6,4.611980918697993
17,6,1.6500000000000001
17,6,1.6500000000000001
17,6,1.6500000000000001
17,6,9.097483565158422
17,6,1.6500000000000001
17,6,1.6500000000000001
17,6,1.6500000000000001
17,6,1.6500000000000001
17,6,1.6500000000000001
17,6,8.379546299196956
17,6,7.924753690298599
17,6,3.2816296389767805
17,6,1.6500000000000001
17,6,1.6500000000000001
17,6,9.7537100675323
17,6,7.003750220363859
17,6,7.764793378258405
17,6,29.7
17,6,1.6500000000000001
17,5,4.621175020132296
17,5,1.6500000000000001
17,5,1.6500000000000001
17,5,1.6500000000000001
17,5,6.267749187526656
17,5,23.221659612293294
17,5,20.150152241547858
17,5,1.6500000000000001
17,5,1.6500000000000001
17,5,1.6500000000000001
17,5,1.6500000000000001
17,5,1.6500000000000001
17,5,1.6500000000000001
17,5,1.6500000000000001
17,5,10.716642563212076
17,5,1.6500000000000001
17,5,1.6500000000000001
17,5,8.088460589386619
17,5,1.6500000000000001
17,5,1.6500000000000001
17,5,1.6500000000000001
17,5,1.6500000000000001
17,5,4.3943306301248395
17,5,1.6500000000000001
17,5,1.6500000000000001
17,5,7.897535974341894
17,5,1.6500000000000001
17,5,1.6500000000000001
17,5,1.6500000000000001
17,5,1.8475273729738453
17,5,1.6500000000000001
17,5,1.6500000000000001
17,5,1.6500000000000001
17,5,1.6500000000000001
17,5,1.6500000000000001
17,5,1.6500000000000001
17,5,10.048458258723816
17,5,1.6500000000000001
17,5,14.095578163889662
17,5,3.5612641407401258
17,5,1.6500000000000001
17,5,1.6500000000000001
17,5,2.356453632293766
17,5,1.6500000000000001
17,5,1.6500000000000001
17,5,1.6500000000000001
17,5,1.6500000000000001
17,5,1.6500000000000001
17,5,10.122366417622057
17,5,3.938870410621786
17,5,1.6500000000000001
17,5,11.139648894213249
17,5,4.491608350416942
17,5,15.641933977665783
17,5,1.6500000000000001
17,5,3.928519467683897
17,5,1.6500000000000001
17,5,1.6500000000000001
17,5,1.6500000000000001
17,5,4.639692149028311
17,5,12.61592863474874
17,5,1.6500000000000001
17,5,10.190305462737495
17,5,1.6500000000000001
17,5,1.6500000000000001
17,5,20.041249176184106
17,5,1.6500000000000001
17,5,12.348405586503972
17,5,1.6500000000000001
17,5,1.6500000000000001
17,5,12.498028687691003
17,5,1.6500000000000001
17,5,1.6500000000000001
17,5,1.6500000000000001
17,5,1.6500000000000001
17,5,1.6500000000000001
17,5,4.5461142659934355
17,5,1.6500000000000001
17,5,9.317811725944793
17,5,1.6500000000000001
17,5,1.6500000000000001
17,5,1.6500000000000001
17,5,1.6500000000000001
17,5,1.9430822157077912
17,5,1.6500000000000001
17,5,19.78367612183638
17,5,1.6500000000000001
17,5,1.6500000000000001
17,5,9.303159812596089
17,5,1.6500000000000001
17,5,13.584568493789172
17,5,4.620934451342049
17,5,1.6500000000000001
17,5,1.6500000000000001
17,5,3.074365528235974
17,5,1.6500000000000001
17,5,1.6500000000000001
17,5,13.058284661705237
17,5,1.6500000000000001
17,5,11.734815871208129
17,5,1.6500000000000001
17,5,9.017624514915356
17,5,9.937253401559994
17,5,3.2424578661221415
17,5,1.6500000000000001
17,5,1.6500000000000001
17,5,1.6500000000000001
17,5,2.286907176782051
17,5,1.6500000000000001
17,5,1.6500000000000001
17,5,29.7
17,5,3.7484094620492616
17,5,1.6500000000000001
17,5,14.14093025296346
17,5,1.6500000000000001
17,5,13.032163605077324
17,5,5.674128863239591
17,5,4.782743784179505
17,5,1.6500000000000001
17,5,7.887538271064802
17,5,17.52833945365918
17,5,1.6500000000000001
17,4,2.780802841073725
17,4,1.6500000000000001
17,4,6.96913795242868
17,4,1.6500000000000001
17,4,1.6500000000000001
17,4,1.6500000000000001
17,4,1.6500000000000001
17,4,1.6500000000000001
17,4,2.094147157881846
17,4,1.6500000000000001
17,4,11.695970326192155
17,4,1.6500000000000001
17,4,1.6500000000000001
17,4,1.6500000000000001
17,4,1.6500000000000001
17,4,1.6500000000000001
17,4,8.873561143497072
17,4,10.749829943201917
17,4,1.6500000000000001
17,4,1.6500000000000001
17,4,14.575051356768615
17,4,7.158489116229081
17,4,1.6500000000000001
17,4,6.876220004206177
17,4,5.8976440954031855
17,4,1.6500000000000001
17,4,1.6500000000000001
17,4,9.403772485902975
17,4,1.6500000000000001
17,4,1.6500000000000001
17,4,1.6500000000000001
17,4,1.6500000000000001
17,4,5.097034416389361
17,4,1.6500000000000001
17,4,8.959038852698212
17,4,1.6500000000000001
17,4,1.8775364345603895
17,4,1.6500000000000001
17,4,1.6500000000000001
17,4,5.70104186695912
17,4,29.7
17,4,1.6500000000000001
17,4,6.193638204782994
17,4,1.6500000000000001
17,4,2.6413969253231575
17,4,1.6500000000000001
17,4,1.6500000000000001
17,4,1.6500000000000001
17,4,1.6500000000000001
17,4,1.6500000000000001
17,4,1.6500000000000001
17,4,8.213153713049675
17,4,5.192756478164885
17,4,12.352704529023697
17,4,1.6500000000000001
17,4,1.6500000000000001
17,4,1.6500000000000001
17,4,1.6500000000000001
17,4,1.6500000000000001
17,4,1.6500000000000001
17,4,16.0990646109018
17,4,7.927830440104404
17,4,1.6500000000000001
17,4,1.6500000000000001
17,4,22.546347803479605
17,4,1.6500000000000001
17,4,1.6500000000000001
17,4,11.708379111625826
17,4,8.363806001462656
17,4,9.571366189346017
17,4,1.6500000000000001
17,4,1.6500000000000001
17,4,1.6500000000000001
17,4,1.6500000000000001
17,4,1.6500000000000001
17,4,2.2654240521837252
17,4,3.6995727041117354
17,4,15.721590282709489
17,4,1.6500000000000001
17,4,7.436430857102716
17,4,1.6500000000000001
17,4,1.6500000000000001
17,4,1.6500000000000001
17,4,19.825480982663617
17,4,5.4657505599452
17,4,14.203650369986118
17,4,3.1121453020270646
17,4,1.6500000000000001
17,4,14.064374728331615
17,4,12.143054560853123
17,4,1.6500000000000001
17,4,17.35994600441178
17,4,1.6500000000000001
17,4,1.6500000000000001
17,4,1.6500000000000001
17,4,1.6500000000000001
17,4,3.026231440099296
17,4,1.6500000000000001
17,4,1.7290243018817353
17,4,2.151380614376715
17,4,1.6500000000000001
17,4,4.692502289903261
17,4,8.916213650538415
17,4,1.6500000000000001
17,4,7.684960884722374
17,4,1.6500000000000001
17,4,1.6500000000000001
17,4,5.977181360092888
17,4,1.6768164779342885
17,4,1.6500000000000001
17,4,1.6500000000000001
17,4,1.6500000000000001
17,4,1.6500000000000001
17,4,1.6500000000000001
17,4,1.6500000000000001
17,4,1.6500000000000001
17,4,1.6500000000000001
17,4,11.075625021062846
17,4,16.37493823088641
17,4,1.6500000000000001
17,4,12.049815102316835
17,4,3.6270783659887886
16,4,5.3795209659485534
16,4,9.814825618375094
16,4,1.6500000000000001
16,4,2.5723852246023435
16,4,1.6500000000000001
16,4,1.6500000000000001
16,4,1.6500000000000001
16,4,3.456245208255989
16,4,5.163930725629742
16,4,1.6500000000000001
16,4,1.6500000000000001
16,4,1.6500000000000001
16,4,1.6500000000000001
16,4,1.6500000000000001
16,4,13.670499283811996
16,4,1.6500000000000001
16,4,1.6500000000000001
16,4,1.6500000000000001
16,4,7.294184546490218
16,4,1.6500000000000001
16,4,1.6500000000000001
16,4,1.6500000000000001
16,4,5.566363495824134
16,4,3.4285018175447433
16,4,13.794499884447587
16,4,1.6500000000000001
16,4,6.656250869087712
16,4,4.06523205961901
16,4,1.6500000000000001
16,4,17.22598516395847
16,4,2.472095477278821
16,4,7.188675374427489
16,4,1.6500000000000001
16,4,1.6500000000000001
16,4,6.25244612131196
16,4,1.6500000000000001
16,4,1.6500000000000001
16,4,23.273983167542664
16,4,1.6500000000000001
16,4,1.6500000000000001
16,4,17.21586821193815
16,4,5.267940947422333
16,4,1.6500000000000001
16,4,1.6500000000000001
16,4,8.426091013099901
16,4,1.6500000000000001
16,4,1.6500000000000001
16,4,7.886127986391279
16,4,14.172061652890571
16,4,3.999135060407642
16,4,1.6500000000000001
16,4,3.386017688053161
16,4,15.855780115781466
16,4,15.803998633106248
16,4,16.964860829772597
16,4,20.25803653881356
16,4,1.6500000000000001
16,4,1.6500000000000001
16,4,5.716756536168434
16,4,1.6500000000000001
16,4,1.6500000000000001
16,4,19.705006867133264
16,4,1.6500000000000001
16,4,1.6500000000000001
16,4,1.6500000000000001
16,4,1.6500000000000001
16,4,1.6500000000000001
16,4,16.043425613209994
16,4,1.6500000000000001
16,4,1.6500000000000001
16,4,1.6500000000000001
16,4,1.6500000000000001
16,4,1.6500000000000001
16,4,1.6500000000000001
16,4,1.6500000000000001
16,4,1.6500000000000001
16,4,1.6500000000000001
16,4,1.6500000000000001
16,4,1.6500000000000001
16,4,1.6500000000000001
16,4,4.2514029080580755
16,4,1.6500000000000001
16,4,3.386560039844011
16,4,2.9250406634750235
16,4,1.6500000000000001
16,4,15.085941699301788
16,4,1.6500000000000001
16,4,7.419023616286649
16,4,1.6500000000000001
16,4,1.6500000000000001
16,4,1.6500000000000001
16,4,1.6500000000000001
16,4,7.272975820533841
16,4,5.485017201212814
16,4,1.6500000000000001
16,4,13.369207701872956
16,4,1.6500000000000001
16,4,1.6500000000000001
16,4,5.52977334379753
16,4,14.193404711725023
16,4,3.8102388080602987
16,4,1.6500000000000001
16,4,12.104833583398234
16,4,5.0923863568686265
16,4,1.6500000000000001
16,4,8.243205288545772
16,4,1.6500000000000001
16,4,1.6500000000000001
16,4,13.503950061785083
16,4,1.6500000000000001
16,4,1.6500000000000001
16,4,1.6500000000000001
16,4,4.785618051895226
16,4,4.519260824228731
16,4,1.6500000000000001
16,4,26.886316938037222
16,4,23.007854446673353
16,4,2.2014787220852425
16,4,6.330403743365211
16,4,1.6500000000000001
16,4,1.6500000000000001
16,4,17.068793956832533
15,4,23.264590990774515
15,4,9.980116882775071
15,4,1.6500000000000001
15,4,12.894856151734379
15,4,20.12023185024402
15,4,1.6500000000000001
15,4,6.037132784028152
15,4,1.6500000000000001
15,4,1.6500000000000001
15,4,1.6500000000000001
15,4,2.91255653547226
15,4,1.6500000000000001
15,4,1.6500000000000001
15,4,9.402672442777863
15,4,27.22442704505678
15,4,1.6500000000000001
15,4,1.6500000000000001
15,4,5.172257428369851
15,4,1.6500000000000001
15,4,24.865857321106684
15,4,2.383030668647989
15,4,7.25881702705165
15,4,1.6500000000000001
15,4,1.6500000000000001
15,4,1.6500000000000001
15,4,13.343975644568639
15,4,1.6500000000000001
15,4,1.6500000000000001
15,4,6.598100841544169
15,4,1.6500000000000001
15,4,1.6500000000000001
15,4,5.753274185511772
15,4,1.6500000000000001
15,4,1.6500000000000001
15,4,1.6500000000000001
15,4,21.881009137067068
15,4,1.6500000000000001
15,4,1.6500000000000001
15,4,4.3364158513335385
15,4,1.6500000000000001
15,4,9.892859964409643
15,4,1.6500000000000001
15,4,1.6500000000000001
15,4,23.268508934202238
15,4,1.6500000000000001
15,4,1.6500000000000001
15,4,4.0751001561808575
15,4,4.547238726508757
15,4,5.481867998431627
15,4,8.194572643759791
15,4,1.6500000000000001
15,4,14.100475170791507
15,4,4.4472375615245
15,4,1.6500000000000001
15,4,1.6500000000000001
15,4,1.6500000000000001
15,4,4.091144890026097
15,4,13.004083330736924
15,4,1.6500000000000001
15,4,4.2381686948836546
15,4,4.8051814774639325
15,4,1.6500000000000001
15,4,1.6500000000000001
15,4,1.6500000000000001
15,4,1.6500000000000001
15,4,2.516750348999576
15,4,29.7
15,4,8.796508463713396
15,4,1.6500000000000001
15,4,1.6500000000000001
15,4,1.6500000000000001
15,4,3.3656269661856446
15,4,1.6500000000000001
15,4,12.393403412343584
15,4,12.391968000237275
15,4,21.544677074920404
15,4,13.953197117568074
15,4,1.6500000000000001
15,4,5.944913915108409
15,4,1.6500000000000001
15,4,1.6500000000000001
15,4,1.6500000000000001
15,4,11.471183861441455
15,4,1.6500000000000001
15,4,1.6500000000000001
15,4,1.6500000000000001
15,4,14.74366008329063
15,4,1.6500000000000001
15,4,2.844457649104789
15,4,1.6500000000000001
15,4,1.6500000000000001
15,4,29.7
15,4,6.049848329536801
15,4,1.6500000000000001
15,4,1.6500000000000001
15,4,1.6500000000000001
15,4,6.633447402180963
15,4,7.395709290539347
15,4,1.6500000000000001
15,4,29.7
15,4,1.6500000000000001
15,4,5.024196326131347
15,4,1.6500000000000001
15,4,17.483057227485098
15,4,5.09386008718299
15,4,8.874548984474693
15,4,1.6500000000000001
15,4,7.238598797327326
15,4,1.6500000000000001
15,4,1.6500000000000001
15,4,1.6500000000000001
15,4,17.89602655152477
15,4,1.6500000000000001
15,4,2.0255701848521945
15,4,14.236220628090157
15,4,1.6500000000000001
15,4,15.778878963526944
15,4,4.238604511451257
15,4,1.6500000000000001
15,4,1.6500000000000001
15,4,14.374795516215098
15,4,1.6500000000000001
15,4,1.6500000000000001
14,4,20.740739012018988
14,4,21.388506311019647
14,4,1.6500000000000001
14,4,1.6500000000000001
14,4,1.6500000000000001
14,4,14.845017635698607
14,4,7.953960446471795
14,4,10.475694358407758
14,4,23.74154020923023
14,4,1.6500000000000001
14,4,1.6500000000000001
14,4,1.6500000000000001
14,4,1.6500000000000001
14,4,1.6500000000000001
14,4,23.206682565714292
14,4,1.6500000000000001
14,4,2.8017368426242384
14,4,12.669122183408243
14,4,20.22230512105077
14,4,23.43528299218426
14,4,1.6500000000000001
14,4,1.6500000000000001
14,4,5.352883491625964
14,4,1.6500000000000001
14,4,3.4244463116256827
14,4,5.664928600119433
14,4,10.561456101698333
14,4,5.882894820349652
14,4,20.5494041110123
14,4,1.6500000000000001
14,4,11.07464184677199
14,4,8.90050924018811
14,4,20.39179003846074
14,4,1.6500000000000001
14,4,10.88286201097513
14,4,19.74370292651398
14,4,8.285695299164255
14,4,15.425265333087035
14,4,20.814120414572002
14,4,21.29916236957225
14,4,1.6500000000000001
14,4,1.6500000000000001
14,4,6.890879380408835
14,4,1.6500000000000001
14,4,1.6500000000000001
14,4,12.462683844514334
14,4,6.061341813061015
14,4,8.613963376682662
14,4,11.14530945727968
14,4,21.105322862664757
14,4,1.6500000000000001
14,4,1.6500000000000001
14,4,6.549236988100674
14,4,1.6500000000000001
14,4,1.6500000000000001
14,4,12.363040223796691
14,4,1.6500000000000001
14,4,25.554471506024033
14,4,3.229017476133806
14,4,2.9754424066283125
14,4,4.7070839069118895
14,4,27.09370786952351
14,4,1.6500000000000001
14,4,1.6500000000000001
14,4,5.0620307925149985
14,4,1.6500000000000001
14,4,1.6500000000000001
14,4,1.6500000000000001
14,4,1.6500000000000001
14,4,1.6500000000000001
14,4,22.94866922341309
14,4,6.0149818564988315
14,4,1.6500000000000001
14,4,12.616994291016473
14,4,1.6500000000000001
14,4,6.390181659534466
14,4,7.904555373437024
14,4,5.801709779137331
14,4,3.074691983061497
14,4,1.6500000000000001
14,4,14.80483637523399
14,4,1.6500000000000001
14,4,8.907443503612189
14,4,1.6500000000000001
14,4,1.6500000000000001
14,4,2.8588126150269098
14,4,4.8480257852287885
14,4,7.416783911236839
14,4,6.297075582337557
14,4,1.6500000000000001
14,4,24.41922244644048
14,4,8.94095485796839
14,4,1.6500000000000001
14,4,17.236666849621074
14,4,1.6500000000000001
14,4,21.643132136233344
14,4,1.6500000000000001
14,4,1.6500000000000001
14,4,3.412072278779493
14,4,23.78925910377611
14,4,9.875449229168375
14,4,1.6500000000000001
14,4,17.767146461906385
14,4,1.6500000000000001
14,4,1.6500000000000001
14,4,12.234542882323039
14,4,9.761875766687599
14,4,1.6500000000000001
14,4,1.6500000000000001
14,4,1.6500000000000001
14,4,1.6500000000000001
14,4,15.769619787111962
14,4,17.860643888847925
14,4,17.713885011217467
14,4,9.983809127352803
14,4,5.45553675749904
14,4,1.6500000000000001
14,4,2.290614190751021
14,4,8.700588146987545
14,4,1.6500000000000001
14,4,4.056358543850843
14,4,4.027683000613234
14,3,29.7
14,3,14.891092617391372
14,3,1.6500000000000001
14,3,1.6500000000000001
14,3,15.228906751341942
14,3,13.430499469908588
14,3,1.6500000000000001
14,3,8.256543906121802
14,3,1.6500000000000001
14,3,1.6500000000000001
14,3,11.367422080062465
14,3,15.422687338116644
14,3,1.6500000000000001
14,3,1.6500000000000001
14,3,17.968268381162986
14,3,7.24747507215335
14,3,1.6500000000000001
14,3,10.14228007358518
14,3,1.6500000000000001
14,3,12.981791993752923
14,3,12.703783526718965
14,3,7.317949819592374
14,3,3.3396631024884673
14,3,15.13388769786915
14,3,1.6500000000000001
14,3,15.264244940642925
14,3,4.467615053838525
14,3,1.6500000000000001
14,3,7.143245162038411
14,3,1.6500000000000001
14,3,1.6500000000000001
14,3,29.63854023068799
14,3,1.6500000000000001
14,3,10.757542152435398
14,3,2.749902911708379
14,3,7.56486721707979
14,3,4.5152902592858215
14,3,13.493948086916385
14,3,17.007917870571788
14,3,1.6500000000000001
14,3,18.12593805823375
14,3,1.6500000000000001
14,3,4.137813836559726
14,3,1.6500000000000001
14,3,1.6500000000000001
14,3,6.300774974589306
14,3,9.214383958366536
14,3,5.003391263822066
14,3,1.6500000000000001
14,3,8.837226432190079
14,3,3.5774366674276523
14,3,4.411292433677859
14,3,1.6500000000000001
14,3,1.6500000000000001
14,3,6.648435779981794
14,3,21.442869764120505
14,3,1.6500000000000001
14,3,1.6500000000000001
14,3,29.7
14,3,1.6500000000000001
14,3,6.98842484367756
14,3,1.6500000000000001
14,3,13.563427288442442
14,3,17.936493478709828
14,3,1.6500000000000001
14,3,9.024289457072246
14,3,12.703113395140903
14,3,1.6500000000000001
14,3,1.6500000000000001
14,3,1.6500000000000001
14,3,3.2447833100714787
14,3,1.6500000000000001
14,3,16.043234847671215
14,3,1.6500000000000001
14,3,2.337087542247999
14,3,2.8621150993851403
14,3,1.6500000000000001
14,3,1.6500000000000001
14,3,1.6500000000000001
14,3,1.6500000000000001
14,3,1.6500000000000001
14,3,1.6500000000000001
14,3,7.833801805422918
14,3,1.6500000000000001
14,3,8.671046166824315
14,3,1.6500000000000001
14,3,1.6500000000000001
14,3,13.861205567998187
14,3,12.677024975292907
14,3,18.852697753800285
14,3,1.6500000000000001
14,3,6.597637854852152
14,3,1.6500000000000001
14,3,15.868167059988517
14,3,1.6500000000000001
14,3,1.6500000000000001
14,3,12.9807925143853
14,3,1.6500000000000001
14,3,1.6500000000000001
14,3,1.6500000000000001
14,3,22.280919049616255
14,3,17.712973492527773
14,3,4.444966373820568
14,3,16.23458958159154
14,3,12.746027200805122
14,3,3.5890202781445857
14,3,15.24804181986493
14,3,13.328851096454958
14,3,1.6500000000000001
14,3,20.768697320473958
14,3,2.2456796848811784
14,3,1.6500000000000001
14,3,1.6500000000000001
14,3,17.593662128896963
14,3,1.6500000000000001
14,3,1.6500000000000001
14,3,1.6500000000000001
14,3,11.772926432498647
14,3,1.6500000000000001
14,3,27.545363530992233
14,3,5.70269814338903
14,3,1.6500000000000001
14,4,1.6500000000000001
14,4,5.804456649367964
14,4,2.980945052792855
14,4,6.088352321654526
14,4,1.6500000000000001
14,4,14.677046505727692
14,4,3.8164436180340573
14,4,10.016447427236345
14,4,5.814820213501937
14,4,24.471311006993577
14,4,1.6500000000000001
14,4,6.626680164148839
14,4,10.229349753368352
14,4,8.976287484682306
14,4,18.73733668339579
14,4,29.7
14,4,1.6500000000000001
14,4,1.6500000000000001
14,4,22.73492194238516
14,4,1.6500000000000001
14,4,1.6500000000000001
14,4,2.3217499107910786
14,4,3.8337118978140565
14,4,11.950008517770897
14,4,2.3736253015459967
14,4,1.6500000000000001
14,4,8.000748930371952
14,4,1.6500000000000001
14,4,1.6500000000000001
14,4,1.6500000000000001
14,4,17.042991781046133
14,4,15.692298156234436
14,4,5.165447717321615
14,4,8.81409143864266
14,4,1.6500000000000001
14,4,1.6500000000000001
14,4,24.214092992269855
14,4,5.565476244528314
14,4,16.331351181763402
14,4,4.831096528849721
14,4,1.6500000000000001
14,4,1.6500000000000001
14,4,1.6500000000000001
14,4,5.098718523323291
14,4,5.9509425677001975
14,4,7.553892925221969
14,4,15.225313149780616
14,4,15.62215291571236
14,4,1.6500000000000001
14,4,1.6500000000000001
14,4,7.363015600586532
14,4,12.876462413582617
14,4,1.6500000000000001
14,4,20.59457027471588
14,4,14.990356644172591
14,4,1.6500000000000001
14,4,13.333684111040329
14,4,1.6500000000000001
14,4,9.367225902654985
14,4,11.078567162591003
14,4,11.701705914244007
14,4,6.258352092583277
14,4,13.660184071609319
14,4,1.6500000000000001
14,4,4.5646028451012395
14,4,1.6500000000000001
14,4,10.14760072839303
14,4,1.6500000000000001
14,4,3.9593213541807937
14,4,1.6500000000000001
14,4,1.6500000000000001
14,4,3.4167936703409727
14,4,3.864471697707409
14,4,6.215645878222551
14,4,11.341814893528307
14,4,1.8401185303175338
14,4,1.6500000000000001
14,4,2.6061736404841835
14,4,1.6500000000000001
14,4,1.6500000000000001
14,4,6.012345970073765
14,4,1.6500000000000001
14,4,1.6500000000000001
14,4,1.6500000000000001
14,4,1.6500000000000001
14,4,12.413710830725314
14,4,5.81823169001738
14,4,9.491011594142101
14,4,5.225582896185578
14,4,8.192585918046724
14,4,14.766433766756196
14,4,8.006354331398187
14,4,1.6500000000000001
14,4,4.844375084552004
14,4,1.6500000000000001
14,4,1.6500000000000001
14,4,7.071424152461034
14,4,2.1190440541638274
14,4,7.06301170699159
14,4,1.6500000000000001
14,4,3.281669547579888
14,4,5.757766903289497
14,4,6.004720968940964
14,4,1.6500000000000001
14,4,1.6500000000000001
14,4,7.370344081284253
14,4,12.157910276347584
14,4,15.76982502453684
14,4,7.51638214314374
14,4,1.6500000000000001
14,4,1.6500000000000001
14,4,5.894314944837165
14,4,15.45565560923907
14,4,11.635973873393636
14,4,10.418138046967819
14,4,17.326761860398747
14,4,2.392430723200681
14,4,1.6500000000000001
14,4,6.129862737155269
14,4,1.6500000000000001
14,4,1.6500000000000001
14,4,1.6500000000000001
14,3,15.560995107739567
14,3,4.042588380386417
14,3,16.707970939810384
14,3,1.6500000000000001
14,3,1.6500000000000001
14,3,27.409129381210224
14,3,1.6500000000000001
14,3,18.001711607556132
14,3,6.085799934812485
14,3,11.155663253618885
14,3,10.874302308626325
14,3,1.6500000000000001
14,3,1.6500000000000001
14,3,1.6500000000000001
14,3,1.6500000000000001
14,3,3.6108096443418036
14,3,15.078792985947878
14,3,1.6500000000000001
14,3,1.6500000000000001
14,3,1.9196129892631464
14,3,1.6500000000000001
14,3,5.194113807964021
14,3,15.87548548393584
14,3,12.292054283896427
14,3,3.2272082982207406
14,3,4.8015530220968525
14,3,1.6500000000000001
14,3,10.166669834557315
14,3,10.986888762840142
14,3,20.833819592559998
14,3,4.319304978329534
14,3,22.222166389265585
14,3,1.6500000000000001
14,3,1.6500000000000001
14,3,1.8443732505113997
14,3,13.656517330626052
14,3,1.6500000000000001
14,3,1.6500000000000001
14,3,11.55064298501818
14,3,1.6500000000000001
14,3,7.705522272795035
14,3,9.049636539626453
14,3,11.865322138441837
14,3,8.440601709929833
14,3,1.6500000000000001
14,3,5.835045894776487
14,3,1.6500000000000001
14,3,8.789450537211032
14,3,14.753908290652785
14,3,1.6500000000000001
14,3,3.578862758473781
14,3,1.6500000000000001
14,3,11.785645824320317
14,3,1.6500000000000001
14,3,20.271776467099908
14,3,11.676869047446198
14,3,16.302212859890055
14,3,1.6500000000000001
14,3,1.6500000000000001
14,3,9.043609343209273
14,3,5.579288331925812
14,3,1.6500000000000001
14,3,7.7129113471476805
14,3,1.6500000000000001
14,3,1.6500000000000001
14,3,5.836081988107612
14,3,1.6500000000000001
14,3,20.87212038303547
14,3,3.892003525883489
14,3,7.081485858254187
14,3,10.489949786997427
14,3,1.6500000000000001
14,3,1.6500000000000001
14,3,21.33693923910304
14,3,1.6500000000000001
14,3,3.1417844636206875
14,3,7.350502166306921
14,3,1.6500000000000001
14,3,1.6500000000000001
14,3,14.851922331781896
14,3,1.6500000000000001
14,3,1.6500000000000001
14,3,13.739040764962791
14,3,29.7
14,3,7.349314611927651
14,3,29.303958917162287
14,3,3.4056048627471522
14,3,8.738387716698348
14,3,2.188687616144223
14,3,9.968106632650885
14,3,1.8426452634941537
14,3,6.72247819058222
14,3,5.402899147795924
14,3,1.6500000000000001
14,3,1.6500000000000001
14,3,4.802656401782361
14,3,4.412857620942995
14,3,1.6500000000000001
14,3,6.210099317329858
14,3,2.71604893896426
14,3,17.97308877337082
14,3,1.6500000000000001
14,3,2.6679227697959496
14,3,3.9709150450153867
14,3,1.7759938794326713
14,3,1.6500000000000001
14,3,28.275953030733916
14,3,1.6500000000000001
14,3,12.712968298120742
14,3,17.09553044030006
14,3,11.015757106761503
14,3,1.6500000000000001
14,3,8.251651600962733
14,3,1.6500000000000001
14,3,7.541445007290067
14,3,10.569954080056807
14,3,1.6500000000000001
14,3,1.6500000000000001
14,3,15.760151746477423
14,3,1.6500000000000001
14,3,9.902170317417806
14,3,9.065897031047918
14,3,1.6500000000000001
14,2,1.6500000000000001
14,2,1.6500000000000001
14,2,1.6500000000000001
14,2,18.587559499376546
14,2,1.6500000000000001
14,2,1.6500000000000001
14,2,16.862379539128607
14,2,1.6500000000000001
14,2,1.6500000000000001
14,2,1.6500000000000001
14,2,7.997556983426376
14,2,11.412202529792177
14,2,5.864983118514185
14,2,8.736010947363964
14,2,1.6500000000000001
14,2,3.8295775585300826
14,2,4.226595794032165
14,2,1.6500000000000001
14,2,6.409008774912861
14,2,1.6500000000000001
14,2,1.6500000000000001
14,2,1.6500000000000001
14,2,1.6500000000000001
14,2,1.6500000000000001
14,2,10.524422009705592
14,2,1.6500000000000001
14,2,18.837218921180977
14,2,5.445784661702938
14,2,6.869573080079645
14,2,1.6500000000000001
14,2,14.015665479694896
14,2,3.6524284076693316
14,2,1.6500000000000001
14,2,1.6500000000000001
14,2,13.09461767111024
14,2,10.870075941475456
14,2,14.139193191384603
14,2,1.6500000000000001
14,2,8.565779873010838
14,2,3.94000441873528
14,2,1.6500000000000001
14,2,7.589773844212971
14,2,29.7
14,2,13.299077178141761
14,2,10.387633470833855
14,2,1.6500000000000001
14,2,1.6500000000000001
14,2,5.918612011912332
14,2,14.501038406937942
14,2,3.445752459888845
14,2,1.6500000000000001
14,2,5.6536054625830445
14,2,1.6500000000000001
14,2,3.7642618398561947
14,2,1.6500000000000001
14,2,1.6500000000000001
14,2,29.7
14,2,1.6500000000000001
14,2,1.6500000000000001
14,2,1.7963543676609541
14,2,1.6500000000000001
14,2,2.2155382478433547
14,2,1.6500000000000001
14,2,1.6500000000000001
14,2,5.887683135858883
14,2,2.3305709938520476
14,2,20.269267431027085
14,2,5.629986732936819
14,2,1.6500000000000001
14,2,9.427423758102172
14,2,3.2088448016842746
14,2,12.291478000211661
14,2,29.35158945850822
14,2,1.6500000000000001
14,2,17.797036824404607
14,2,1.6500000000000001
14,2,24.438182664639218
14,2,1.6500000000000001
14,2,2.65817010170532
14,2,19.784329633026395
14,2,5.135899421383867
14,2,13.808145231165597
14,2,1.6500000000000001
14,2,1.6500000000000001
14,2,6.211170456953603
14,2,1.6500000000000001
14,2,1.6500000000000001
14,2,11.446688135773641
14,2,2.930305616528624
14,2,11.513714271473292
14,2,1.6500000000000001
14,2,29.7
14,2,1.6500000000000001
14,2,1.6500000000000001
14,2,1.6500000000000001
14,2,1.6500000000000001
14,2,1.6500000000000001
14,2,1.6500000000000001
14,2,8.14875029475134
14,2,1.6500000000000001
14,2,1.6500000000000001
14,2,3.3720730224512434
14,2,11.965501069707233
14,2,1.6500000000000001
14,2,4.398432764053745
14,2,1.6500000000000001
14,2,1.6500000000000001
14,2,22.77024114704333
14,2,13.00675957713808
14,2,11.765619346257042
14,2,1.6500000000000001
14,2,14.02032928983045
14,2,1.6500000000000001
14,2,16.432376440464814
14,2,18.51636002788169
14,2,14.356921527270957
14,2,1.6500000000000001
14,2,1.6500000000000001
14,2,1.6500000000000001
14,2,1.6500000000000001
14,2,22.13735755680372
14,2,1.6500000000000001
14,3,1.6500000000000001
14,3,1.6500000000000001
14,3,1.6500000000000001
14,3,26.63512173261058
14,3,14.18162684344651
14,3,1.6500000000000001
14,3,10.428343572311235
14,3,11.06176329437104
14,3,1.6500000000000001
14,3,2.3855131484218663
14,3,3.3354554064762247
14,3,1.6500000000000001
14,3,1.6500000000000001
14,3,1.6500000000000001
14,3,1.6500000000000001
14,3,1.6500000000000001
14,3,1.6500000000000001
14,3,1.6500000000000001
14,3,1.6500000000000001
14,3,7.590906389578498
14,3,1.8350087537844166
14,3,1.6500000000000001
14,3,1.6500000000000001
14,3,3.0329882229467335
14,3,7.112011836698365
14,3,1.6500000000000001
14,3,5.858224155590984
14,3,1.6500000000000001
14,3,1.6500000000000001
14,3,1.6500000000000001
14,3,3.112061451424974
14,3,14.137269639760616
14,3,8.362701136971783
14,3,3.006603577444219
14,3,1.6500000000000001
14,3,14.871128531386457
14,3,1.6500000000000001
14,3,20.13563853479097
14,3,5.0184693551232105
14,3,26.48883646742722
14,3,18.203270059330983
14,3,9.346771948691742
14,3,1.6500000000000001
14,3,17.629998332844597
14,3,1.6500000000000001
14,3,1.6500000000000001
14,3,1.6500000000000001
14,3,1.6500000000000001
14,3,1.6500000000000001
14,3,8.423044034974716
14,3,7.889719261219848
14,3,13.755188625742587
14,3,1.6500000000000001
14,3,17.009324565242437
14,3,16.110988718555255
14,3,6.266777849347542
14,3,11.213214234070323
14,3,1.6500000000000001
14,3,1.6500000000000001
14,3,24.403413665427635
14,3,1.6500000000000001
14,3,1.6500000000000001
14,3,16.970643748189453
14,3,11.529031297265032
14,3,1.6500000000000001
14,3,1.6500000000000001
14,3,28.53750178722266
14,3,5.575537892905255
14,3,1.6500000000000001
14,3,6.196442227783652
14,3,1.6500000000000001
14,3,16.015000187715955
14,3,1.6500000000000001
14,3,1.6500000000000001
14,3,15.07338988798252
14,3,9.719478315940966
14,3,1.6500000000000001
14,3,1.6500000000000001
14,3,13.679542846694577
14,3,15.76598807092423
14,3,1.6500000000000001
14,3,7.0489274740123165
14,3,10.107685857288834
14,3,3.5198046670974334
14,3,1.6500000000000001
14,3,1.689557740953468
14,3,4.31233976217811
14,3,2.0885434597507695
14,3,1.6500000000000001
14,3,1.6500000000000001
14,3,1.6500000000000001
14,3,4.357989405912854
14,3,1.6500000000000001
14,3,1.6500000000000001
14,3,15.042444658455349
14,3,5.745603543924798
14,3,1.6500000000000001
14,3,1.6500000000000001
14,3,6.388886160927084
14,3,1.6500000000000001
14,3,1.6500000000000001
14,3,12.406454302117517
14,3,10.745925621629205
14,3,1.6500000000000001
14,3,21.89538466066778
14,3,2.070007092391234
14,3,16.66449461030366
14,3,23.622835252442147
14,3,1.6500000000000001
14,3,10.421691456066148
14,3,8.611966756298639
14,3,1.6500000000000001
14,3,4.8516314734410795
14,3,1.6500000000000001
14,3,1.6500000000000001
14,3,15.485168939036152
14,3,1.6500000000000001
14,3,2.126569269847368
14,3,9.20399883031049
14,3,11.291954099166595
14,3,1.6500000000000001
14,3,1.6500000000000001
14,2,2.2446336155072477
14,2,1.6500000000000001
14,2,1.6500000000000001
14,2,1.86090584453608
14,2,1.6500000000000001
14,2,22.872288415494936
14,2,20.02161830291015
14,2,1.6500000000000001
14,2,13.065003498503108
14,2,1.6500000000000001
14,2,1.6500000000000001
14,2,1.6500000000000001
14,2,20.149271081482162
14,2,2.750884130947228
14,2,1.6500000000000001
14,2,1.6500000000000001
14,2,13.394160934157643
14,2,7.805189551157159
14,2,10.082882024435506
14,2,19.334939763467073
14,2,1.6500000000000001
14,2,1.6500000000000001
14,2,1.6500000000000001
14,2,1.6500000000000001
14,2,2.732490618015344
14,2,1.6500000000000001
14,2,1.6500000000000001
14,2,1.6500000000000001
14,2,5.523127101165297
14,2,13.679255199795987
14,2,1.6500000000000001
14,2,16.152570012658728
14,2,4.611521670070247
14,2,7.92940028459749
14,2,1.7611321797985973
14,2,8.53749011691424
14,2,1.6500000000000001
14,2,5.879218925628033
14,2,7.08123541625172
14,2,10.866492457614328
14,2,1.6500000000000001
14,2,18.115771546436484
14,2,1.6500000000000001
14,2,1.6500000000000001
14,2,12.973378220216198
14,2,4.8451782479283
14,2,1.6500000000000001
14,2,11.016939243639374
14,2,1.6500000000000001
14,2,11.747683366426063
14,2,1.6500000000000001
14,2,1.6500000000000001
14,2,1.6500000000000001
14,2,3.549257235700134
14,2,19.44064945172859
14,2,4.704510316600916
14,2,1.6500000000000001
14,2,1.6500000000000001
14,2,1.6500000000000001
14,2,5.63436834612343
14,2,1.6500000000000001
14,2,6.560056370103192
14,2,16.17756987209725
14,2,1.6500000000000001
14,2,1.6500000000000001
14,2,5.039270713295686
14,2,1.6500000000000001
14,2,4.268823442600533
14,2,1.6500000000000001
14,2,19.372254782591583
14,2,1.6500000000000001
14,2,6.211549223594487
14,2,1.6500000000000001
14,2,9.665964179793082
14,2,6.551458948619713
14,2,7.08257781055356
14,2,5.033202742161671
14,2,1.6500000000000001
14,2,17.611357754673058
14,2,22.087276739321958
14,2,3.123275317683943
14,2,14.402376296486155
14,2,15.17653071452716
14,2,10.458514685713473
14,2,1.6500000000000001
14,2,4.906090276527101
14,2,1.6500000000000001
14,2,1.6500000000000001
14,2,15.442103184751895
14,2,14.552544118381803
14,2,1.6500000000000001
14,2,2.7494851502848254
14,2,1.6500000000000001
14,2,10.404365902504058
14,2,1.6500000000000001
14,2,1.6500000000000001
14,2,10.647295282496927
14,2,1.6500000000000001
14,2,11.10748399363364
14,2,20.548358586417248
14,2,14.790175951798613
14,2,8.367391768078022
14,2,1.6500000000000001
14,2,4.983716383479148
14,2,2.996537487354649
14,2,1.6500000000000001
14,2,6.097067746238526
14,2,1.6500000000000001
14,2,13.787526217891989
14,2,3.8253137685273346
14,2,14.247892590622282
14,2,1.6500000000000001
14,2,1.6500000000000001
14,2,8.019688372693615
14,2,12.886649808993063
14,2,13.591702748423588
14,2,4.506786675144943
14,2,24.24633835089887
14,2,5.2063215318622476
14,2,17.69414781885104
14,2,1.6500000000000001
14,2,1.6500000000000001
14,1,14.895620841140616
14,1,18.3677992378734
14,1,1.6500000000000001
14,1,10.735075682181279
14,1,4.703051706501842
14,1,1.6500000000000001
14,1,3.2971189005977495
14,1,6.197917234383127
14,1,6.554210078654239
14,1,1.6500000000000001
14,1,6.929721990801129
14,1,1.6500000000000001
14,1,24.064928309986556
14,1,8.870386872737972
14,1,1.7896057360093218
14,1,15.425742093382526
14,1,29.7
14,1,11.902927101579095
14,1,13.41033847935187
14,1,1.6500000000000001
14,1,1.6500000000000001
14,1,16.054922992741588
14,1,1.6500000000000001
14,1,26.165807631138406
14,1,27.66967123114329
14,1,12.446867004488116
14,1,23.119021764815926
14,1,5.677005168396291
14,1,24.664133946459057
14,1,1.6500000000000001
14,1,27.087442298134086
14,1,20.291192434836923
14,1,11.349386867551733
14,1,1.6500000000000001
14,1,1.6500000000000001
14,1,10.012677991568856
14,1,7.035739480680133
14,1,1.6500000000000001
14,1,1.6500000000000001
14,1,3.852898839873216
14,1,1.9659412710752746
14,1,1.6500000000000001
14,1,11.992037694874172
14,1,11.983292980757092
14,1,7.307082176534832
14,1,13.53939480662168
14,1,1.6500000000000001
14,1,7.609941213843847
14,1,18.840281998852415
14,1,16.764761060809867
14,1,15.064527591207412
14,1,11.857788150102952
14,1,1.6500000000000001
14,1,1.6500000000000001
14,1,1.6500000000000001
14,1,1.918605843594881
14,1,1.6500000000000001
14,1,11.164414828369942
14,1,1.6500000000000001
14,1,1.6500000000000001
14,1,10.15692634984089
14,1,1.6500000000000001
14,1,1.6500000000000001
14,1,1.6500000000000001
14,1,17.79431955509443
14,1,1.6500000000000001
14,1,9.271069655985436
14,1,8.743955645245663
14,1,16.66267260801089
14,1,8.194631805492007
14,1,19.45055883000888
14,1,1.6500000000000001
14,1,1.6500000000000001
14,1,22.1969257754942
14,1,5.689835661481466
14,1,16.29730548969925
14,1,15.05202542341372
14,1,1.6500000000000001
14,1,21.50510712780814
14,1,15.580035860633771
14,1,1.6500000000000001
14,1,16.659475858065523
14,1,7.801854881741322
14,1,4.11377293499157
14,1,1.6500000000000001
14,1,1.6500000000000001
14,1,3.9649073100055947
14,1,1.6500000000000001
14,1,1.6500000000000001
14,1,14.37985813630026
14,1,4.617304031313646
14,1,21.30340763855232
14,1,12.8035489321784
14,1,1.6500000000000001
14,1,5.477388446026724
14,1,4.708045413229694
14,1,9.69593364328109
14,1,29.16750625519447
14,1,11.28446830396265
14,1,7.604979027305389
14,1,1.6500000000000001
14,1,14.741761065759034
14,1,24.515655164096263
14,1,1.6500000000000001
14,1,1.6500000000000001
14,1,1.6500000000000001
14,1,2.785698567260694
14,1,5.813403008484664
14,1,1.6500000000000001
14,1,12.959739357579629
14,1,1.6500000000000001
14,1,9.47470829905318
14,1,5.392204019827873
14,1,14.73111848073099
14,1,15.05009216284639
14,1,29.7
14,1,10.50399107848314
14,1,1.6500000000000001
14,1,4.066118805954536
14,1,1.6500000000000001
14,1,1.6500000000000001
14,1,1.6500000000000001
14,2,5.9671540689180524
14,2,1.6500000000000001
14,2,6.425826674317363
14,2,1.6500000000000001
14,2,1.6500000000000001
14,2,1.6500000000000001
14,2,1.6500000000000001
14,2,5.313941903940927
14,2,1.6500000000000001
14,2,6.686918433433276
14,2,3.4468216060160977
14,2,18.814920712081243
14,2,18.173136201649804
14,2,16.068266630674742
14,2,5.971093128684956
14,2,1.6500000000000001
14,2,22.22364922259541
14,2,1.6500000000000001
14,2,16.757996181807087
14,2,1.6500000000000001
14,2,1.6500000000000001
14,2,10.399555500287127
14,2,1.6500000000000001
14,2,13.476848676026574
14,2,1.6500000000000001
14,2,29.7
14,2,9.72244666371973
14,2,6.173675430639212
14,2,5.668308248227551
14,2,1.6500000000000001
14,2,1.6500000000000001
14,2,14.687652743202396
14,2,4.861550478560859
14,2,1.6500000000000001
14,2,1.6500000000000001
14,2,5.118820151235201
14,2,1.6500000000000001
14,2,12.746586583325442
14,2,6.56312920413829
14,2,2.2521060456084347
14,2,13.69412729889199
14,2,1.6500000000000001
14,2,6.12893734244232
14,2,1.6500000000000001
14,2,9.162332302776408
14,2,6.986182769714636
14,2,2.0872227148713045
14,2,9.867536522267166
14,2,19.533487247746297
14,2,19.61848442794577
14,2,25.492774748174664
14,2,1.6500000000000001
14,2,19.690998865774095
14,2,9.34919844476146
14,2,8.375875850719252
14,2,12.39084849789034
14,2,1.6500000000000001
14,2,3.9505205273430426
14,2,5.423064486365809
14,2,1.6500000000000001
14,2,11.196823150845827
14,2,10.26080308705679
14,2,11.973568695911577
14,2,20.360019063498772
14,2,1.6500000000000001
14,2,14.166818276626152
14,2,1.6500000000000001
14,2,3.37714301348311
14,2,2.7271534379595073
14,2,3.4699849183405274
14,2,10.168512276876053
14,2,22.024717014010736
14,2,4.0441640048633225
14,2,20.189925611380357
14,2,15.516969457997437
14,2,1.6500000000000001
14,2,20.95268227336722
14,2,1.6500000000000001
14,2,6.179266634778496
14,2,1.6500000000000001
14,2,4.113972176375946
14,2,1.6500000000000001
14,2,1.6500000000000001
14,2,1.6500000000000001
14,2,19.016902997037615
14,2,1.6500000000000001
14,2,1.6500000000000001
14,2,10.885035090062752
14,2,12.849495424646394
14,2,1.6500000000000001
14,2,9.408151760274592
14,2,7.540058657318799
14,2,1.6500000000000001
14,2,1.6500000000000001
14,2,1.6500000000000001
14,2,7.943838600297415
14,2,12.512082180485645
14,2,1.6500000000000001
14,2,12.097863784089027
14,2,1.6500000000000001
14,2,1.6500000000000001
14,2,18.553233175948655
14,2,1.6500000000000001
14,2,6.686852868939329
14,2,1.6500000000000001
14,2,2.2159660705247894
14,2,2.1736054182826727
14,2,18.605633641157105
14,2,23.373649257043958
14,2,1.6500000000000001
14,2,6.677223823732113
14,2,2.7236415637321594
14,2,8.441356337659995
14,2,1.6500000000000001
14,2,1.6500000000000001
14,2,1.6500000000000001
14,2,10.296600592927806
14,2,2.397559426059723
14,2,1.6500000000000001
14,2,9.051679946587996
14,2,1.6500000000000001
14,2,1.6500000000000001
14,2,1.6500000000000001
14,1,1.6500000000000001
14,1,1.6500000000000001
14,1,1.6500000000000001
14,1,4.950402418893983
14,1,11.50773436709395
14,1,8.094691647080403
14,1,9.324665378951961
14,1,1.6500000000000001
14,1,1.6500000000000001
14,1,7.14053960531355
14,1,10.296554264932743
14,1,1.6500000000000001
14,1,1.6500000000000001
14,1,1.6500000000000001
14,1,1.6500000000000001
14,1,1.6500000000000001
14,1,8.062526534036301
14,1,1.6500000000000001
14,1,13.163801891323446
14,1,1.6500000000000001
14,1,6.638679824785069
14,1,11.982210374644026
14,1,1.6500000000000001
14,1,26.66139935783863
14,1,1.6500000000000001
14,1,13.375607519908877
14,1,1.6500000000000001
14,1,1.6500000000000001
14,1,1.6500000000000001
14,1,18.272303756856115
14,1,18.25583546392825
14,1,1.6500000000000001
14,1,7.157780696646015
14,1,1.6500000000000001
14,1,1.6500000000000001
14,1,2.387057991012708
14,1,1.6500000000000001
14,1,1.6500000000000001
14,1,1.6500000000000001
14,1,1.6500000000000001
14,1,1.6500000000000001
14,1,1.6500000000000001
14,1,12.000812856163462
14,1,1.6500000000000001
14,1,21.969296822415632
14,1,5.649825592322892
14,1,2.831927767339333
14,1,16.494924110281474
14,1,1.6500000000000001
14,1,7.6995576330627475
14,1,10.400295330638702
14,1,11.781747270499187
14,1,7.279677483865661
14,1,3.5364649499616134
14,1,1.6500000000000001
14,1,5.545421668961313
14,1,1.6500000000000001
14,1,1.6500000000000001
14,1,2.4533993010388038
14,1,1.6500000000000001
14,1,1.6500000000000001
14,1,7.389349870376446
14,1,5.000869800028976
14,1,10.295739822553456
14,1,23.63006511091515
14,1,29.7
14,1,16.650568803048973
14,1,1.6500000000000001
14,1,1.6500000000000001
14,1,10.525435644814689
14,1,7.566165979930831
14,1,1.6500000000000001
14,1,1.6500000000000001
14,1,1.6500000000000001
14,1,16.813858049039116
14,1,1.6500000000000001
14,1,1.6500000000000001
14,1,1.6500000000000001
14,1,1.6500000000000001
14,1,1.6500000000000001
14,1,1.6500000000000001
14,1,1.6500000000000001
14,1,2.9930618624988545
14,1,8.735782679149533
14,1,25.288362679151597
14,1,1.6500000000000001
14,1,1.6500000000000001
14,1,7.752299763229439
14,1,19.810765280127985
14,1,3.075858936309626
14,1,1.6500000000000001
14,1,3.6507181766455936
14,1,3.3217040187541103
14,1,1.6500000000000001
14,1,29.452379339029633
14,1,1.6500000000000001
14,1,18.538066877332916
14,1,4.217745296020724
14,1,4.659337277804832
14,1,1.6500000000000001
14,1,1.6500000000000001
14,1,1.6500000000000001
14,1,14.708744823919382
14,1,18.956367015927032
14,1,8.438374093675936
14,1,21.370655096153573
14,1,3.0467689429199165
14,1,1.6500000000000001
14,1,1.6500000000000001
14,1,7.344160250059938
14,1,1.6500000000000001
14,1,1.6500000000000001
14,1,15.683421994526082
14,1,10.30420237898547
14,1,1.8839161405644116
14,1,1.6500000000000001
14,1,1.6500000000000001
14,1,1.6500000000000001
14,1,10.117246818021805
14,1,14.644188320106553
14,1,1.7231414636820293
14,1,4.761821847132094
14,0,12.078113174250342
14,0,1.6500000000000001
14,0,1.6500000000000001
14,0,1.6500000000000001
14,0,5.35519887423923
14,0,29.7
14,0,1.6500000000000001
14,0,4.812813306472669
14,0,9.115800722985433
14,0,3.161228559944887
14,0,1.6500000000000001
14,0,1.6500000000000001
14,0,19.818843414843638
14,0,4.119939992387085
14,0,29.288286633042965
14,0,1.6500000000000001
14,0,2.2612785349502276
14,0,5.302129451295975
14,0,7.03819228817435
14,0,11.794197859744758
14,0,1.6500000000000001
14,0,17.651367212897366
14,0,1.6500000000000001
14,0,12.897124439720807
14,0,1.6500000000000001
14,0,1.6500000000000001
14,0,5.573077838797047
14,0,10.128372881878756
14,0,1.6500000000000001
14,0,1.6500000000000001
14,0,6.4933164125198575
14,0,1.6500000000000001
14,0,20.204966891496166
14,0,1.6500000000000001
14,0,1.6500000000000001
14,0,29.7
14,0,1.6500000000000001
14,0,6.112853968603728
14,0,1.6500000000000001
14,0,1.6500000000000001
14,0,10.822715869505874
14,0,3.6977657217294237
14,0,1.6500000000000001
14,0,1.6500000000000001
14,0,2.6008404737772253
14,0,3.56225257470532
14,0,4.1903851055074215
14,0,11.01459511285371
14,0,1.6500000000000001
14,0,12.833177643499202
14,0,18.69752567735621
14,0,1.6500000000000001
14,0,14.53983859735704
14,0,3.642746151373866
14,0,5.4246807712908165
14,0,2.236768657528146
14,0,1.6500000000000001
14,0,16.42868588582006
14,0,14.51082832979747
14,0,16.121079811303844
14,0,1.6500000000000001
14,0,8.570600519530643
14,0,1.6500000000000001
14,0,1.6500000000000001
14,0,3.515653873390501
14,0,17.552805601570988
14,0,1.6500000000000001
14,0,1.6500000000000001
14,0,1.6500000000000001
14,0,14.700390494875474
14,0,1.6500000000000001
14,0,16.288380164490576
14,0,7.260218292088243
14,0,3.5887010035065066
14,0,4.998967773169442
14,0,9.092999457020063
14,0,14.510633359442389
14,0,10.49918210030016
14,0,2.863456290971366
14,0,6.018308720825399
14,0,1.6500000000000001
14,0,1.6500000000000001
14,0,7.147124273937014
14,0,10.378403432587806
14,0,1.6500000000000001
14,0,6.430793829667423
14,0,20.544086870212947
14,0,1.6500000000000001
14,0,1.6500000000000001
14,0,22.40585848821541
14,0,1.6500000000000001
14,0,12.415179508430459
14,0,1.6500000000000001
14,0,13.924390784529502
14,0,1.6500000000000001
14,0,4.189936164509034
14,0,1.6500000000000001
14,0,1.6500000000000001
14,0,10.269358814448838
14,0,2.79196274599507
14,0,1.6500000000000001
14,0,2.850105580395331
14,0,6.369331608532457
14,0,1.6500000000000001
14,0,1.6500000000000001
14,0,1.6500000000000001
14,0,5.861182139288852
14,0,14.890736735813546
14,0,13.573465267320238
14,0,1.6500000000000001
14,0,1.6500000000000001
14,0,5.497368104005075
14,0,15.936375844092893
14,0,1.6500000000000001
14,0,1.6500000000000001
14,0,14.89615799915721
14,0,1.6500000000000001
14,0,29.4271680103814
14,0,1.6500000000000001
14,0,1.6500000000000001
14,0,7.61923166436827
14,0,2.599787732414641
14,1,3.0416212594169054
14,1,1.6500000000000001
14,1,1.6500000000000001
14,1,9.934169052551415
14,1,1.6500000000000001
14,1,22.51157261629552
14,1,1.6500000000000001
14,1,1.6500000000000001
14,1,1.6500000000000001
14,1,1.6500000000000001
14,1,22.06857930676083
14,1,1.6541737854567349
14,1,9.161568429019196
14,1,7.304627289957392
14,1,8.130984709577138
14,1,8.726217570707462
14,1,9.442562702726446
14,1,11.49736500910349
14,1,10.122903387096958
14,1,25.47018172834431
14,1,2.3193280525673243
14,1,1.6500000000000001
14,1,1.6500000000000001
14,1,7.94497666814712
14,1,4.550102696397567
14,1,9.074187555985894
14,1,1.6500000000000001
14,1,8.295962460746285
14,1,10.698389086865237
14,1,1.6500000000000001
14,1,4.582968904213534
14,1,20.043477815461713
14,1,4.893184196513558
14,1,23.70796323390875
14,1,9.24205225157219
14,1,10.639713160084558
14,1,11.773661646553112
14,1,1.6500000000000001
14,1,13.63482604155208
14,1,29.7
14,1,1.6500000000000001
14,1,12.186473530596468
14,1,1.6500000000000001
14,1,1.6500000000000001
14,1,16.6135694207126
14,1,14.118416944025972
14,1,1.6500000000000001
14,1,3.0536817081858176
14,1,1.6500000000000001
14,1,5.63674700606381
14,1,8.622030790469381
14,1,9.857365964597077
14,1,1.6500000000000001
14,1,1.6500000000000001
14,1,6.501950478273602
14,1,2.7328491274215256
14,1,1.6500000000000001
14,1,1.6500000000000001
14,1,1.6500000000000001
14,1,26.063798465188725
14,1,1.6500000000000001
14,1,1.910348562455841
14,1,5.934594071626615
14,1,1.6500000000000001
14,1,1.6500000000000001
14,1,1.6500000000000001
14,1,5.957595729149892
14,1,18.121551173174993
14,1,16.316673448331137
14,1,7.371427901783509
14,1,1.6500000000000001
14,1,2.5233754161550834
14,1,1.6500000000000001
14,1,1.6500000000000001
14,1,1.6500000000000001
14,1,2.124785788027424
14,1,10.77486711375252
14,1,1.6500000000000001
14,1,14.326805589232931
14,1,6.004898900434475
14,1,1.6500000000000001
14,1,3.573931238020492
14,1,1.6500000000000001
14,1,1.6500000000000001
14,1,20.36852646579351
14,1,1.6500000000000001
14,1,1.6500000000000001
14,1,1.6500000000000001
14,1,19.619235109581815
14,1,1.6500000000000001
14,1,6.816914699228575
14,1,2.0088242312836773
14,1,3.1512550521028335
14,1,1.6500000000000001
14,1,2.9632857661971626
14,1,1.6500000000000001
14,1,11.215245430084831
14,1,9.769543362624447
14,1,6.820761917329623
14,1,1.6500000000000001
14,1,1.6500000000000001
14,1,1.6500000000000001
14,1,20.601357427219416
14,1,13.313832837196589
14,1,10.695841942562264
14,1,1.6500000000000001
14,1,13.10768916431679
14,1,13.223650836567309
14,1,1.6500000000000001
14,1,14.616418212472894
14,1,1.6500000000000001
14,1,1.6500000000000001
14,1,1.6500000000000001
14,1,2.503553151295665
14,1,1.6500000000000001
14,1,11.550304759767574
14,1,2.220160790341389
14,1,6.48839584392164
14,1,1.6500000000000001
14,1,17.766070011337934
14,1,1.6500000000000001
14,1,8.228861240344585
13,1,10.781933307796947
13,1,6.526071754211462
13,1,22.824531572870455
13,1,1.6500000000000001
13,1,9.178703965282855
13,1,1.6500000000000001
13,1,12.65182053289257
13,1,10.05185772043844
13,1,1.6500000000000001
13,1,9.706460906935675
13,1,12.561511810414885
13,1,1.6500000000000001
13,1,1.6500000000000001
13,1,16.86255613001127
13,1,9.409102176586359
13,1,12.49459684612069
13,1,1.6500000000000001
13,1,1.6500000000000001
13,1,1.6500000000000001
13,1,5.049125406904026
13,1,1.6500000000000001
13,1,7.278849079435906
13,1,19.26282421386982
13,1,6.079462848639899
13,1,1.6500000000000001
13,1,5.80280335325677
13,1,1.6500000000000001
13,1,11.022818067915207
13,1,12.07934545649998
13,1,1.6500000000000001
13,1,8.919165307011369
13,1,8.427858207707176
13,1,1.6500000000000001
13,1,1.6500000000000001
13,1,1.6500000000000001
13,1,9.71982105382442
13,1,24.37803797470887
13,1,17.701308704512325
13,1,3.907481202087489
13,1,11.8578547139889
13,1,18.040505426286266
13,1,12.909820623342192
13,1,7.335156299132338
13,1,22.56465810340877
13,1,3.1734231061085847
13,1,1.6500000000000001
13,1,1.6500000000000001
13,1,10.610571249326114
13,1,12.613438450302153
13,1,1.6500000000000001
13,1,1.6500000000000001
13,1,4.500285937098242
13,1,1.6500000000000001
13,1,17.860326738553013
13,1,1.6500000000000001
13,1,19.035467115971375
13,1,6.4308541692163095
13,1,13.727281453249532
13,1,1.6500000000000001
13,1,1.6500000000000001
13,1,3.281712514091661
13,1,7.055892043524695
13,1,1.6500000000000001
13,1,10.58040250630565
13,1,20.272879630209133
13,1,23.51576497845064
13,1,4.918688368762684
13,1,2.8194129086677338
13,1,1.6500000000000001
13,1,16.678906388589347
13,1,3.5615285233697205
13,1,6.120239542274582
13,1,1.6500000000000001
13,1,5.901243445291572
13,1,1.6500000000000001
13,1,12.444021183412591
13,1,1.6500000000000001
13,1,11.756123857657297
13,1,15.03131852001191
13,1,1.6500000000000001
13,1,5.029120970433076
13,1,9.481151409058985
13,1,1.6500000000000001
13,1,1.6500000000000001
13,1,8.106043510270553
13,1,1.6500000000000001
13,1,10.744614216471172
13,1,19.89221463752374
13,1,17.367210311491206
13,1,1.6500000000000001
13,1,1.6500000000000001
13,1,20.532340169870093
13,1,9.706676543118682
13,1,1.6500000000000001
13,1,12.765541816703825
13,1,9.063184822822542
13,1,19.95740505259828
13,1,26.051054073426585
13,1,11.878663840376625
13,1,1.6500000000000001
13,1,3.9944716075127933
13,1,1.6500000000000001
13,1,1.6500000000000001
13,1,13.563212989635955
13,1,13.828054239541476
13,1,6.240608944735976
13,1,1.6500000000000001
13,1,1.6500000000000001
13,1,6.888743905530495
13,1,1.6500000000000001
13,1,1.6500000000000001
13,1,16.707955988429347
13,1,6.509097266207526
13,1,1.6500000000000001
13,1,28.209241591401174
13,1,1.6500000000000001
13,1,11.860573483396509
13,1,1.6500000000000001
13,1,17.875726389463775
13,1,15.563752216486991
13,1,26.857773933168843
13,1,1.6500000000000001
13,0,1.6500000000000001
13,0,14.32047123229246
13,0,13.262134955727248
13,0,1.6500000000000001
13,0,5.344492127407871
13,0,1.6500000000000001
13,0,1.6500000000000001
13,0,1.6500000000000001
13,0,1.6500000000000001
13,0,1.6500000000000001
13,0,8.521647577020179
13,0,1.6500000000000001
13,0,1.6500000000000001
13,0,1.6500000000000001
13,0,6.553418813551688
13,0,11.408094923904152
13,0,15.920568186371467
13,0,4.444099313299224
13,0,1.6500000000000001
13,0,1.6500000000000001
13,0,15.464057654312427
13,0,1.6500000000000001
13,0,13.05890254297332
13,0,5.755014574765981
13,0,4.171841895554941
13,0,1.6500000000000001
13,0,7.48852585664812
13,0,4.703911651856413
13,0,1.6500000000000001
13,0,1.6500000000000001
13,0,1.6500000000000001
13,0,1.6500000000000001
13,0,4.209605277827075
13,0,18.259201201196284
13,0,3.9592333700931643
13,0,7.921213339784462
13,0,1.6500000000000001
13,0,1.6500000000000001
13,0,1.6500000000000001
13,0,13.732664043045897
13,0,1.6500000000000001
13,0,1.6500000000000001
13,0,1.6500000000000001
13,0,1.6500000000000001
13,0,1.6500000000000001
13,0,22.04974879356139
13,0,13.357814511309979
13,0,18.76009647170705
13,0,14.479474315628876
13,0,1.6500000000000001
13,0,13.245394254646362
13,0,14.365433660832903
13,0,16.916969618271253
13,0,18.23019988214201
13,0,5.910794322918696
13,0,21.034830232874782
13,0,1.6500000000000001
13,0,12.571707037460513
13,0,1.6500000000000001
13,0,22.907878868172784
13,0,8.62049941208124
13,0,1.6500000000000001
13,0,17.076496531829612
13,0,13.388953818094242
13,0,4.815553265572023
13,0,3.1989133277928987
13,0,6.431433404176797
13,0,9.249036733313016
13,0,1.6500000000000001
13,0,29.7
13,0,10.27627506469792
13,0,1.6500000000000001
13,0,1.6500000000000001
13,0,7.737616874657753
13,0,1.6500000000000001
13,0,1.6500000000000001
13,0,1.6500000000000001
13,0,1.6500000000000001
13,0,18.582040223810434
13,0,11.76480663711807
13,0,1.6500000000000001
13,0,4.100652827646137
13,0,21.086694597525067
13,0,1.6500000000000001
13,0,5.15582259889746
13,0,10.549124618084441
13,0,1.6500000000000001
13,0,8.2271018736817
13,0,1.6500000000000001
13,0,2.384955694869293
13,0,1.6500000000000001
13,0,12.467642064822162
13,0,1.6500000000000001
13,0,1.6500000000000001
13,0,10.983514561925922
13,0,1.6500000000000001
13,0,13.875503230021755
13,0,10.147983349561539
13,0,20.83258165959861
13,0,1.6500000000000001
13,0,1.6500000000000001
13,0,2.87076229432651
13,0,1.6500000000000001
13,0,23.311528742960867
13,0,15.27830488233711
13,0,5.000656523105978
13,0,3.0316902554774603
13,0,8.12623408706304
13,0,8.985571703916673
13,0,1.6500000000000001
13,0,7.735893320315293
13,0,29.7
13,0,6.788922785910001
13,0,8.862471350611164
13,0,4.138155775150921
13,0,1.6500000000000001
13,0,1.6500000000000001
13,0,13.069620507172974
13,0,3.242984218670813
13,0,13.422891169037134
13,0,3.0333024510655426
13,0,1.6500000000000001
13,0,1.6500000000000001
13,-1,1.6500000000000001
13,-1,4.888326494996261
13,-1,1.6500000000000001
13,-1,9.387758464244245
13,-1,1.6500000000000001
13,-1,1.6500000000000001
13,-1,19.216063481036553
13,-1,1.6500000000000001
13,-1,1.6500000000000001
13,-1,26.092244174441177
13,-1,1.6500000000000001
13,-1,6.784920791379275
13,-1,17.52199322067809
13,-1,16.721170961917565
13,-1,1.6500000000000001
13,-1,1.6500000000000001
13,-1,1.6500000000000001
13,-1,1.6500000000000001
13,-1,29.7
13,-1,1.6500000000000001
13,-1,16.4189674074336
13,-1,21.602621254380026
13,-1,6.1612737964322415
13,-1,4.313126231614773
13,-1,3.8768983286501038
13,-1,1.6500000000000001
13,-1,23.286645455705795
13,-1,1.6500000000000001
13,-1,1.6500000000000001
13,-1,1.6500000000000001
13,-1,23.20090728033011
13,-1,1.6500000000000001
13,-1,1.6500000000000001
13,-1,23.526769600034996
13,-1,22.259936067081778
13,-1,1.6500000000000001
13,-1,1.6500000000000001
13,-1,2.253504566037814
13,-1,12.753676140151864
13,-1,1.6500000000000001
13,-1,16.121658050736343
13,-1,18.436164763960036
13,-1,23.886443106519888
13,-1,10.648917309807805
13,-1,1.6500000000000001
13,-1,1.6500000000000001
13,-1,1.6500000000000001
13,-1,1.6500000000000001
13,-1,5.4352242554571975
13,-1,8.924050745886303
13,-1,22.667997196827184
13,-1,5.007335539292622
13,-1,20.30912583596254
13,-1,1.74667996879597
13,-1,1.6500000000000001
13,-1,6.400394415249781
13,-1,1.6500000000000001
13,-1,25.980837002505424
13,-1,1.6500000000000001
13,-1,1.6500000000000001
13,-1,16.075134426406493
13,-1,1.6500000000000001
13,-1,17.588127277487317
13,-1,14.316918147119521
13,-1,1.6500000000000001
13,-1,8.504510280667457
13,-1,1.6500000000000001
13,-1,1.6500000000000001
13,-1,1.6500000000000001
13,-1,1.6500000000000001
13,-1,23.335386433733298
13,-1,1.6500000000000001
13,-1,3.6273481695350793
13,-1,1.6500000000000001
13,-1,9.668112083061772
13,-1,2.818273706107759
13,-1,2.1446587436712092
13,-1,1.6500000000000001
13,-1,6.855902839716766
13,-1,15.95812636769543
13,-1,6.951330844926254
13,-1,1.6500000000000001
13,-1,1.6500000000000001
13,-1,4.72645542080548
13,-1,4.531947050329327
13,-1,21.15463811746953
13,-1,1.6500000000000001
13,-1,12.769671023509433
13,-1,1.6500000000000001
13,-1,1.6500000000000001
13,-1,8.054014774102017
13,-1,1.6500000000000001
13,-1,1.6500000000000001
13,-1,29.7
13,-1,14.529258490732573
13,-1,1.6500000000000001
13,-1,1.6500000000000001
13,-1,1.6500000000000001
13,-1,13.791407170569803
13,-1,1.6500000000000001
13,-1,13.756173064744036
13,-1,6.030420858754684
13,-1,23.196069855448513
13,-1,5.534921010468739
13,-1,1.6500000000000001
13,-1,18.063799807522805
13,-1,5.800843199965687
13,-1,3.988151935694952
13,-1,1.6500000000000001
13,-1,29.7
13,-1,1.6500000000000001
13,-1,1.6500000000000001
13,-1,1.6500000000000001
13,-1,1.6500000000000001
13,-1,1.6500000000000001
13,-1,2.0463538322429575
13,-1,3.8184710318176336
13,-1,7.011903979709862
13,-1,3.5437834357599662
13,-1,18.88029878533714
13,-1,13.506122512014748
13,-1,9.239557368695436
12,-1,2.9728727790515705
12,-1,11.175866284845002
12,-1,15.32753000229996
12,-1,7.076126539384274
12,-1,6.09295616287378
12,-1,1.900886540880353
12,-1,4.364804872888103
12,-1,1.6500000000000001
12,-1,10.988260753683665
12,-1,1.6500000000000001
12,-1,1.6500000000000001
12,-1,15.7719046903844
12,-1,1.6500000000000001
12,-1,1.6500000000000001
12,-1,7.135483816984543
12,-1,7.783473345094056
12,-1,1.6500000000000001
12,-1,1.6500000000000001
12,-1,13.855594782162457
12,-1,2.864952876485713
12,-1,27.32230030189372
12,-1,1.6500000000000001
12,-1,2.4760463330285187
12,-1,1.6500000000000001
12,-1,13.030635576054072
12,-1,1.6500000000000001
12,-1,1.6500000000000001
12,-1,14.118423317970503
12,-1,1.6500000000000001
12,-1,9.744201469935517
12,-1,3.6771867650109757
12,-1,13.693477974168735
12,-1,1.6500000000000001
12,-1,1.6500000000000001
12,-1,1.6500000000000001
12,-1,9.686271182468731
12,-1,1.6500000000000001
12,-1,22.829976351112773
12,-1,5.386633212888185
12,-1,11.181617017617551
12,-1,15.921850069384053
12,-1,1.6500000000000001
12,-1,12.65989670114941
12,-1,8.702209264118512
12,-1,1.6500000000000001
12,-1,1.6500000000000001
12,-1,17.164757896042026
12,-1,1.6500000000000001
12,-1,22.1325969388714
12,-1,12.001199874804893
12,-1,1.6500000000000001
12,-1,8.201393534990816
12,-1,1.6500000000000001
12,-1,8.778963064093977
12,-1,1.6500000000000001
12,-1,5.3576247373931825
12,-1,6.6176895118223245
12,-1,16.11057974508228
12,-1,1.6500000000000001
12,-1,3.988071026682481
12,-1,15.877877020901062
12,-1,1.6500000000000001
12,-1,7.627770789092618
12,-1,23.3679517446264
12,-1,4.797358899489846
12,-1,20.480712267726204
12,-1,1.6500000000000001
12,-1,29.7
12,-1,9.670380163272815
12,-1,1.6500000000000001
12,-1,4.075868282307998
12,-1,1.6500000000000001
12,-1,1.6500000000000001
12,-1,1.6500000000000001
12,-1,17.70910616253159
12,-1,1.6500000000000001
12,-1,7.806215724658709
12,-1,2.129953201787467
12,-1,20.09689998284257
12,-1,19.245867811050577
12,-1,20.14535439699994
12,-1,1.6500000000000001
12,-1,1.6500000000000001
12,-1,14.19595270154212
12,-1,1.6500000000000001
12,-1,11.04181127200381
12,-1,1.6500000000000001
12,-1,6.119357621646321
12,-1,1.6500000000000001
12,-1,8.126895544523418
12,-1,1.6500000000000001
12,-1,1.6500000000000001
12,-1,6.54585543182316
12,-1,1.6500000000000001
12,-1,29.14879041999739
12,-1,1.6500000000000001
12,-1,6.659699041111836
12,-1,1.6500000000000001
12,-1,1.6500000000000001
12,-1,16.482339053164083
12,-1,1.6500000000000001
12,-1,10.26272376825014
12,-1,5.026707186392574
12,-1,11.26204151020297
12,-1,1.6500000000000001
12,-1,24.116064802682217
12,-1,10.291776143216236
12,-1,13.639826343653183
12,-1,1.6500000000000001
12,-1,1.6500000000000001
12,-1,18.06141770225664
12,-1,1.6500000000000001
12,-1,17.094261532180475
12,-1,1.6500000000000001
12,-1,1.6500000000000001
12,-1,1.6500000000000001
12,-1,4.14786245637945
12,-1,1.6500000000000001
12,-1,1.6500000000000001
12,-1,1.6500000000000001
12,-1,2.095761431615329
12,-1,11.480205402748796
12,-2,1.6500000000000001
12,-2,10.571795573770528
12,-2,7.64847527204004
12,-2,19.250224021771245
12,-2,1.6500000000000001
12,-2,1.6500000000000001
12,-2,16.104312583182974
12,-2,10.228290711107341
12,-2,1.6500000000000001
12,-2,6.206858749147441
12,-2,1.6500000000000001
12,-2,1.6500000000000001
12,-2,8.980157261836611
12,-2,7.696302680388444
12,-2,1.6500000000000001
12,-2,17.97460380135196
12,-2,11.949927375137808
12,-2,8.551648601869278
12,-2,8.171233361793979
12,-2,2.7759919465048264
12,-2,7.1523584756282705
12,-2,3.0010763305697292
12,-2,1.6500000000000001
12,-2,16.608438340120834
12,-2,1.6500000000000001
12,-2,1.6500000000000001
12,-2,14.545539590178029
12,-2,3.588213275187861
12,-2,7.157105671912762
12,-2,7.890277457761503
12,-2,9.097449122824678
12,-2,10.279193186564703
12,-2,1.6500000000000001
12,-2,10.660428049021881
12,-2,1.8813964634935898
12,-2,1.6500000000000001
12,-2,1.782290715925165
12,-2,15.223594613920715
12,-2,3.418348940106076
12,-2,7.763624772359425
12,-2,3.693046766072432
12,-2,1.6500000000000001
12,-2,5.97108472146359
12,-2,1.6500000000000001
12,-2,1.6500000000000001
12,-2,2.109105922310457
12,-2,1.6500000000000001
12,-2,6.855168861471969
12,-2,1.6500000000000001
12,-2,2.3091646146288785
12,-2,1.6500000000000001
12,-2,1.6500000000000001
12,-2,24.854267365051957
12,-2,1.6500000000000001
12,-2,9.31650906741848
12,-2,6.780464620374703
12,-2,11.884847557826307
12,-2,13.259362683312306
12,-2,18.31752238305789
12,-2,1.6500000000000001
12,-2,1.6500000000000001
12,-2,4.719513885643323
12,-2,1.6500000000000001
12,-2,1.6500000000000001
12,-2,1.6500000000000001
12,-2,1.6500000000000001
12,-2,1.6500000000000001
12,-2,24.423514426933327
12,-2,1.6500000000000001
12,-2,5.171053903871454
12,-2,11.497217468616185
12,-2,1.6500000000000001
12,-2,1.6500000000000001
12,-2,8.933328405482783
12,-2,1.6500000000000001
12,-2,5.670734154810799
12,-2,8.465127648997896
12,-2,2.2265340186853573
12,-2,5.036558781562615
12,-2,29.7
12,-2,28.791675342455218
12,-2,20.45972510572521
12,-2,1.6500000000000001
12,-2,14.944501429161889
12,-2,1.6500000000000001
12,-2,1.6500000000000001
12,-2,1.6500000000000001
12,-2,1.6500000000000001
12,-2,25.224548242633542
12,-2,17.217681994371347
12,-2,5.853420564857925
12,-2,16.392091304867094
12,-2,11.34150785371169
12,-2,1.6500000000000001
12,-2,1.6500000000000001
12,-2,18.169605095016294
12,-2,12.331969365644035
12,-2,14.398188601343612
12,-2,1.6500000000000001
12,-2,1.6500000000000001
12,-2,25.23927164371362
12,-2,29.7
12,-2,1.6500000000000001
12,-2,1.6500000000000001
12,-2,17.687462539624253
12,-2,5.562238002559296
12,-2,8.244327690471328
12,-2,1.6500000000000001
12,-2,1.6500000000000001
12,-2,1.6500000000000001
12,-2,1.6500000000000001
12,-2,5.037704284749435
12,-2,11.422525703667112
12,-2,10.408876752350908
12,-2,29.7
12,-2,6.705886636728179
12,-2,1.6500000000000001
12,-2,9.557720813877504
12,-2,1.6500000000000001
12,-2,16.30369706126381
12,-2,8.021402735655041
12,-2,25.110957386796937
12,-3,14.259971387178219
12,-3,4.9519162513809505
12,-3,24.491846697637296
12,-3,6.060497543445016
12,-3,10.132227107366475
12,-3,2.7503531499981237
12,-3,4.58087218588493
12,-3,7.223361713354844
12,-3,22.84107657616564
12,-3,10.525101912912675
12,-3,1.6500000000000001
12,-3,1.6500000000000001
12,-3,19.917991601944337
12,-3,1.6500000000000001
12,-3,6.418525306958168
12,-3,6.514288283314298
12,-3,5.585368082314727
12,-3,11.053781818607654
12,-3,10.459832290921753
12,-3,1.6500000000000001
12,-3,12.657773955222597
12,-3,1.6500000000000001
12,-3,28.00966021035603
12,-3,18.596623054407146
12,-3,1.6500000000000001
12,-3,1.6500000000000001
12,-3,19.333766820027137
12,-3,8.017278092944219
12,-3,1.6500000000000001
12,-3,4.060726631556286
12,-3,16.47999794069508
12,-3,15.018222471735097
12,-3,5.087598326805549
12,-3,1.6500000000000001
12,-3,2.0497702621935465
12,-3,29.7
12,-3,1.6500000000000001
12,-3,8.824995174731328
12,-3,23.10667644338276
12,-3,1.6500000000000001
12,-3,5.796563613728049
12,-3,1.6500000000000001
12,-3,27.767462880925024
12,-3,1.6500000000000001
12,-3,1.830877842468773
12,-3,1.6500000000000001
12,-3,7.932316721917755
12,-3,14.259853494209008
12,-3,1.6500000000000001
12,-3,3.242667435547745
12,-3,1.6500000000000001
12,-3,1.6500000000000001
12,-3,1.6500000000000001
12,-3,1.6500000000000001
12,-3,1.6500000000000001
12,-3,4.373589395903181
12,-3,7.476929997883364
12,-3,1.6500000000000001
12,-3,2.0248218040226194
12,-3,1.6500000000000001
12,-3,10.401340674006192
12,-3,12.957754203243084
12,-3,1.6500000000000001
12,-3,24.876841626081404
12,-3,1.6500000000000001
12,-3,27.58556749681306
12,-3,1.6500000000000001
12,-3,21.179817726104737
12,-3,11.293819606326268
12,-3,1.6500000000000001
12,-3,5.562043411245968
12,-3,1.6500000000000001
12,-3,11.953451630917321
12,-3,5.760403328940641
12,-3,1.6500000000000001
12,-3,1.6500000000000001
12,-3,8.376219363781848
12,-3,19.858196376187998
12,-3,15.34581047796564
12,-3,23.863206012487765
12,-3,22.692560967341677
12,-3,14.308611541280728
12,-3,24.897412437854484
12,-3,1.6500000000000001
12,-3,1.6500000000000001
12,-3,5.272392828445988
12,-3,1.6500000000000001
12,-3,22.36930375905281
12,-3,7.601858722577866
12,-3,1.6500000000000001
12,-3,29.7
12,-3,1.6500000000000001
12,-3,1.6500000000000001
12,-3,12.021008886795157
12,-3,7.83837558261968
12,-3,1.6500000000000001
12,-3,10.275925959944123
12,-3,1.6500000000000001
12,-3,1.6500000000000001
12,-3,12.44440946786212
12,-3,3.4715283601831244
12,-3,1.6500000000000001
12,-3,1.6500000000000001
12,-3,1.6500000000000001
12,-3,1.6500000000000001
12,-3,1.6500000000000001
12,-3,1.6500000000000001
12,-3,1.6500000000000001
12,-3,15.870629135393106
12,-3,17.439169216211162
12,-3,9.4475099295876
12,-3,29.7
12,-3,6.161812059889685
12,-3,1.6500000000000001
12,-3,1.6500000000000001
12,-3,13.359615794056026
12,-3,1.6500000000000001
12,-3,11.31163523712941
12,-3,7.3743596991029285
12,-3,1.6500000000000001
12,-3,14.764869574675519
12,-3,1.6500000000000001
12,-3,1.6500000000000001
12,-4,6.939562133156819
12,-4,1.6500000000000001
12,-4,9.384522033608022
12,-4,17.79014016767319
12,-4,15.854950073112585
12,-4,10.490030954398076
12,-4,1.6500000000000001
12,-4,1.6500000000000001
12,-4,2.0354787448004314
12,-4,9.656212859447244
12,-4,1.6500000000000001
12,-4,1.6500000000000001
12,-4,9.33087849569704
12,-4,9.062976103485182
12,-4,11.614227557131882
12,-4,1.6500000000000001
12,-4,11.626450402910654
12,-4,3.6839300051209287
12,-4,2.5041255153487008
12,-4,8.104955898910346
12,-4,1.6500000000000001
12,-4,1.6500000000000001
12,-4,1.6500000000000001
12,-4,1.6500000000000001
12,-4,1.6500000000000001
12,-4,1.6500000000000001
12,-4,14.01717972678587
12,-4,1.6500000000000001
12,-4,1.6500000000000001
12,-4,6.901821430867033
12,-4,1.6500000000000001
12,-4,10.353342846076984
12,-4,8.759659810607273
12,-4,1.6500000000000001
12,-4,13.86764574300658
12,-4,17.017795266382283
12,-4,1.6500000000000001
12,-4,20.26341666743769
12,-4,1.6500000000000001
12,-4,1.6500000000000001
12,-4,5.2306372934225465
12,-4,1.6500000000000001
12,-4,29.7
12,-4,1.6500000000000001
12,-4,1.6500000000000001
12,-4,4.30792521385826
12,-4,4.9609178647482635
12,-4,1.6500000000000001
12,-4,16.052622801350985
12,-4,1.6500000000000001
12,-4,2.2622623562061426
12,-4,1.6500000000000001
12,-4,7.586205949470705
12,-4,13.479671067632632
12,-4,1.6500000000000001
12,-4,1.6500000000000001
12,-4,10.973655940468053
12,-4,3.680005244875899
12,-4,1.6500000000000001
12,-4,5.13863434272604
12,-4,1.6500000000000001
12,-4,1.6500000000000001
12,-4,4.655344553708627
12,-4,1.6500000000000001
12,-4,29.503530330564683
12,-4,7.856172096547468
12,-4,1.6500000000000001
12,-4,1.6500000000000001
12,-4,14.814266080429798
12,-4,13.017705615748184
12,-4,20.44124656161773
12,-4,1.6500000000000001
12,-4,25.53465267610041
12,-4,9.720024618700052
12,-4,1.6500000000000001
12,-4,1.6500000000000001
12,-4,17.721181063768988
12,-4,21.543738160514412
12,-4,17.790941795820146
12,-4,1.6500000000000001
12,-4,8.834938063052219
12,-4,13.711152157931854
12,-4,10.715973659270716
12,-4,1.6500000000000001
12,-4,10.922338156463342
12,-4,5.623145881144921
12,-4,11.742611767788155
12,-4,1.6500000000000001
12,-4,14.205739831139192
12,-4,1.6500000000000001
12,-4,13.783693870210058
12,-4,29.315195573042995
12,-4,1.6500000000000001
12,-4,2.5444113006572473
12,-4,2.9953237497288656
12,-4,1.6500000000000001
12,-4,1.6500000000000001
12,-4,6.871456680865465
12,-4,5.241122124276959
12,-4,17.667136985604593
12,-4,1.6500000000000001
12,-4,10.420979516977946
12,-4,2.272599420505601
12,-4,9.473712704156208
12,-4,1.6500000000000001
12,-4,6.705785619550055
12,-4,1.6500000000000001
12,-4,1.6500000000000001
12,-4,1.6500000000000001
12,-4,12.535787165054698
12,-4,8.034830186621623
12,-4,22.032018667315253
12,-4,9.272735270067116
12,-4,13.543433176464767
12,-4,18.49116452025344
12,-4,4.10670592503048
12,-4,2.1913960477413026
12,-4,1.6500000000000001
12,-4,1.6500000000000001
12,-4,7.643556320340347
12,-4,1.6500000000000001
12,-4,8.517112588091553
13,-4,4.352992985241171
13,-4,7.6979028122994935
13,-4,1.6500000000000001
13,-4,1.6500000000000001
13,-4,1.6500000000000001
13,-4,2.702418490394457
13,-4,1.6500000000000001
13,-4,4.521570069676175
13,-4,1.6500000000000001
13,-4,11.458405422722649
13,-4,1.6500000000000001
13,-4,16.120237908293
13,-4,8.832589252708415
13,-4,3.9594196563861512
13,-4,4.680563902037422
13,-4,1.6500000000000001
13,-4,1.6500000000000001
13,-4,10.513535788748465
13,-4,1.6500000000000001
13,-4,1.6500000000000001
13,-4,1.6500000000000001
13,-4,12.934688769752183
13,-4,24.284381752181538
13,-4,13.797085588301846
13,-4,3.8325968482172508
13,-4,1.6500000000000001
13,-4,1.6500000000000001
13,-4,1.6500000000000001
13,-4,11.94497802719868
13,-4,18.24135095768003
13,-4,1.6500000000000001
13,-4,11.368687546961713
13,-4,1.6500000000000001
13,-4,13.288582525081507
13,-4,1.6500000000000001
13,-4,10.79892536270544
13,-4,20.881680703840523
13,-4,5.593919686405703
13,-4,5.708399142286873
13,-4,1.6500000000000001
13,-4,16.043474967543304
13,-4,1.6500000000000001
13,-4,1.6500000000000001
13,-4,1.6500000000000001
13,-4,1.6500000000000001
13,-4,1.6500000000000001
13,-4,1.6500000000000001
13,-4,1.6500000000000001
13,-4,1.6500000000000001
13,-4,11.011274899030099
13,-4,18.318541251392283
13,-4,1.6500000000000001
13,-4,1.6500000000000001
13,-4,1.6500000000000001
13,-4,12.015066933653037
13,-4,1.6500000000000001
13,-4,15.774222682564385
13,-4,1.6500000000000001
13,-4,3.750315903500689
13,-4,19.13840970598202
13,-4,22.36888101906673
13,-4,3.959699140053303
13,-4,1.6500000000000001
13,-4,25.106638116406103
13,-4,1.6500000000000001
13,-4,1.6500000000000001
13,-4,1.6500000000000001
13,-4,3.4783833185258333
13,-4,12.62112915809697
13,-4,1.6500000000000001
13,-4,1.6500000000000001
13,-4,10.258090616622216
13,-4,1.6500000000000001
13,-4,8.66459336873767
13,-4,1.6500000000000001
13,-4,19.68232565143653
13,-4,24.905532119319943
13,-4,1.6500000000000001
13,-4,5.564164146548164
13,-4,29.7
13,-4,1.6500000000000001
13,-4,1.6500000000000001
13,-4,1.6500000000000001
13,-4,4.18556533510767
13,-4,1.6500000000000001
13,-4,29.7
13,-4,1.6500000000000001
13,-4,27.88009053114871
13,-4,11.830299565676194
13,-4,10.416114798058722
13,-4,1.6500000000000001
13,-4,15.563346846826878
13,-4,1.7287814019281607
13,-4,1.6500000000000001
13,-4,1.6500000000000001
13,-4,1.9649806776939962
13,-4,2.444416274390386
13,-4,1.6500000000000001
13,-4,1.6500000000000001
13,-4,17.134735569650765
13,-4,1.6500000000000001
13,-4,1.6500000000000001
13,-4,23.90390701788306
13,-4,26.202763464091642
13,-4,6.209948837901749
13,-4,1.6500000000000001
13,-4,1.6500000000000001
13,-4,12.841337651102332
13,-4,5.790686916818023
13,-4,1.6500000000000001
13,-4,13.151300744730387
13,-4,1.6500000000000001
13,-4,6.925508233071075
13,-4,3.994915342623348
13,-4,1.6500000000000001
13,-4,1.6500000000000001
13,-4,1.6500000000000001
13,-4,17.82495417421795
13,-4,1.6500000000000001
13,-4,2.1630259636060702
13,-4,29.7
13,-4,1.6500000000000001
12,-4,6.1742945305692505
12,-4,1.6500000000000001
12,-4,20.091086672526238
12,-4,1.6500000000000001
12,-4,1.6500000000000001
12,-4,8.832453395949972
12,-4,18.08815292321014
12,-4,3.941166554645879
12,-4,5.481343162529213
12,-4,20.875135535083043
12,-4,19.986577718773972
12,-4,21.640922028214394
12,-4,1.6500000000000001
12,-4,1.6500000000000001
12,-4,2.1713380945509035
12,-4,8.76331648587765
12,-4,1.6500000000000001
12,-4,1.6761245193663115
12,-4,1.6500000000000001
12,-4,6.4498396566274785
12,-4,20.33872021352127
12,-4,9.156201511904948
12,-4,17.45727972462818
12,-4,5.3838404911997175
12,-4,1.6500000000000001
12,-4,1.6500000000000001
12,-4,1.6500000000000001
12,-4,1.681272243515334
12,-4,29.7
12,-4,6.961147501937366
12,-4,3.114352796795432
12,-4,1.6500000000000001
12,-4,1.6500000000000001
12,-4,29.7
12,-4,5.934064026520032
12,-4,1.6500000000000001
12,-4,1.6500000000000001
12,-4,17.463250130551003
12,-4,1.6500000000000001
12,-4,2.32916294258943
12,-4,24.951745652679666
12,-4,1.6500000000000001
12,-4,1.6500000000000001
12,-4,2.0742688775071487
12,-4,25.043106167018987
12,-4,1.6500000000000001
12,-4,1.6500000000000001
12,-4,1.8509344456730616
12,-4,17.40218423776502
12,-4,1.6500000000000001
12,-4,23.796970517572227
12,-4,21.137118910364155
12,-4,2.5330650877345127
12,-4,1.6500000000000001
12,-4,29.329571640187247
12,-4,20.923082892221974
12,-4,18.306741162346754
12,-4,6.118205033503758
12,-4,1.6500000000000001
12,-4,1.6500000000000001
12,-4,29.7
12,-4,1.6500000000000001
12,-4,9.520727663393316
12,-4,3.551826244806903
12,-4,19.972967975366323
12,-4,12.238249509225728
12,-4,9.764937355723262
12,-4,29.7
12,-4,6.0520834545190345
12,-4,16.803879502962637
12,-4,1.6500000000000001
12,-4,6.170051006613611
12,-4,23.46035898982087
12,-4,1.6500000000000001
12,-4,7.083143324653409
12,-4,1.6500000000000001
12,-4,7.5895547978074696
12,-4,1.6500000000000001
12,-4,1.9397984173407696
12,-4,15.262380609812482
12,-4,13.989017543027023
12,-4,1.6500000000000001
12,-4,14.68595637820345
12,-4,19.616164053244262
12,-4,6.616906651083158
12,-4,21.47855257248967
12,-4,4.447122456652398
12,-4,1.6500000000000001
12,-4,16.412675812967635
12,-4,1.6500000000000001
12,-4,1.6500000000000001
12,-4,1.6500000000000001
12,-4,1.6500000000000001
12,-4,7.337010442584112
12,-4,2.079560504392158
12,-4,4.178282675242979
12,-4,11.71297277219253
12,-4,1.6500000000000001
12,-4,9.873597447921586
12,-4,14.983516082772532
12,-4,1.6500000000000001
12,-4,24.23278829472931
12,-4,5.950807579363101
12,-4,1.6500000000000001
12,-4,23.250469101254815
12,-4,21.33069639634843
12,-4,5.122891568611051
12,-4,2.7326674376568807
12,-4,7.571857839610924
12,-4,8.217537940148521
12,-4,11.20272671897926
12,-4,1.6500000000000001
12,-4,1.6500000000000001
12,-4,1.6500000000000001
12,-4,23.12242299520799
12,-4,1.6500000000000001
12,-4,1.6500000000000001
12,-4,8.118224448852656
12,-4,10.901752687084276
12,-4,20.667383059797586
12,-4,1.6500000000000001
12,-4,1.6500000000000001
13,-4,1.6500000000000001
13,-4,1.6500000000000001
13,-4,1.6500000000000001
13,-4,17.582923713427732
13,-4,1.6500000000000001
13,-4,9.832533895913866
13,-4,1.6500000000000001
13,-4,1.6500000000000001
13,-4,16.513047027568557
13,-4,26.526318007772925
13,-4,17.485880990688493
13,-4,3.027474311839998
13,-4,1.6500000000000001
13,-4,6.392198898265463
13,-4,5.311689266487123
13,-4,1.6500000000000001
13,-4,18.07919892277092
13,-4,13.640034465265254
13,-4,1.6500000000000001
13,-4,1.6500000000000001
13,-4,1.6500000000000001
13,-4,1.8540888928964199
13,-4,14.13869248250909
13,-4,13.662331377531274
13,-4,18.87153962329264
13,-4,3.66526320678304
13,-4,5.039761572709414
13,-4,1.6500000000000001
13,-4,22.476098025692238
13,-4,1.6500000000000001
13,-4,26.144512379835074
13,-4,4.076045614127791
13,-4,1.6500000000000001
13,-4,1.6500000000000001
13,-4,7.645441237186138
13,-4,1.6500000000000001
13,-4,9.238148957203398
13,-4,25.83508381329121
13,-4,4.92655365562459
13,-4,7.399099584361707
13,-4,7.7957235457014615
13,-4,8.26846877171233
13,-4,3.0676918260734682
13,-4,1.6500000000000001
13,-4,1.6500000000000001
13,-4,7.9418962500838735
13,-4,18.445245181359525
13,-4,1.6500000000000001
13,-4,9.03581699989935
13,-4,1.6500000000000001
13,-4,5.843184696681898
13,-4,14.271492349667477
13,-4,6.723554988592589
13,-4,4.327035247529403
13,-4,15.170286499005568
13,-4,1.6500000000000001
13,-4,3.92986003579989
13,-4,11.022715913036581
13,-4,14.259957200445928
13,-4,1.6500000000000001
13,-4,1.6500000000000001
13,-4,3.808350513998926
13,-4,19.94044007495875
13,-4,10.906885007831677
13,-4,3.614597037675489
13,-4,1.6500000000000001
13,-4,1.6500000000000001
13,-4,8.602754447047829
13,-4,9.131397500558801
13,-4,11.947745368261835
13,-4,24.478715388467112
13,-4,12.503516044561106
13,-4,1.6500000000000001
13,-4,16.277687064889797
13,-4,20.371829717103505
13,-4,2.8732190105939677
13,-4,1.6500000000000001
13,-4,1.6500000000000001
13,-4,1.804314952079848
13,-4,6.17009973555739
13,-4,12.471524597743509
13,-4,1.6500000000000001
13,-4,9.597220834166034
13,-4,16.14903483195316
13,-4,2.5102323921543412
13,-4,10.976939358214835
13,-4,1.6500000000000001
13,-4,1.6500000000000001
13,-4,1.6500000000000001
13,-4,16.52419235802895
13,-4,1.6500000000000001
13,-4,1.8291948263669904
13,-4,1.6500000000000001
13,-4,8.495696187309125
13,-4,1.6500000000000001
13,-4,9.508434201242714
13,-4,1.6500000000000001
13,-4,1.6500000000000001
13,-4,1.6500000000000001
13,-4,1.6500000000000001
13,-4,1.6500000000000001
13,-4,17.04658510962989
13,-4,8.577808502682839
13,-4,2.3637475956637677
13,-4,1.6500000000000001
13,-4,1.6500000000000001
13,-4,7.403191813006099
13,-4,14.825728628580018
13,-4,5.889998083391767
13,-4,21.900359373794235
13,-4,1.6500000000000001
13,-4,8.268899604890064
13,-4,6.223446095939749
13,-4,1.6500000000000001
13,-4,1.6500000000000001
13,-4,2.884104908534844
13,-4,1.6500000000000001
13,-4,1.6500000000000001
13,-4,24.848144268677256
13,-4,22.87600194734102
13,-4,1.6500000000000001
13,-4,1.6500000000000001
12,-4,20.243369356316933
12,-4,14.83921916082153
12,-4,11.56526468917051
12,-4,1.6500000000000001
12,-4,11.409164188250738
12,-4,1.6500000000000001
12,-4,6.570272194579748
12,-4,10.086742895572977
12,-4,15.183146780351962
12,-4,1.6500000000000001
12,-4,6.493052380190724
12,-4,1.6500000000000001
12,-4,16.790038646108513
12,-4,10.0998435238163
12,-4,8.688381821554469
12,-4,29.516115433675022
12,-4,1.6500000000000001
12,-4,1.6500000000000001
12,-4,12.113711554820561
12,-4,1.6500000000000001
12,-4,19.59162544748287
12,-4,2.0694831339680455
12,-4,3.7867363998025043
12,-4,1.6500000000000001
12,-4,9.314258440769793
12,-4,5.3846462130624895
12,-4,15.53045747606212
12,-4,1.6500000000000001
12,-4,1.6500000000000001
12,-4,5.9033270947407885
12,-4,2.8920278323982176
12,-4,9.417601606200169
12,-4,2.1527207421079044
12,-4,1.6500000000000001
12,-4,1.6500000000000001
12,-4,1.6500000000000001
12,-4,1.6500000000000001
12,-4,1.6500000000000001
12,-4,10.866365476118805
12,-4,1.6500000000000001
12,-4,1.6500000000000001
12,-4,15.564004131177184
12,-4,1.6500000000000001
12,-4,5.180125180862714
12,-4,1.6500000000000001
12,-4,1.6500000000000001
12,-4,2.9713903323288973
12,-4,1.6500000000000001
12,-4,1.6500000000000001
12,-4,7.1737346223495475
12,-4,1.6500000000000001
12,-4,15.597492591030782
12,-4,1.6500000000000001
12,-4,1.6500000000000001
12,-4,10.02686152673019
12,-4,1.6500000000000001
12,-4,26.94379188061704
12,-4,1.6500000000000001
12,-4,15.793714970292289
12,-4,10.68120779551155
12,-4,16.714601045153664
12,-4,27.959684682634943
12,-4,2.9648040142352006
12,-4,4.225202778234953
12,-4,16.555454813488904
12,-4,10.661136709602186
12,-4,16.498075131708937
12,-4,1.6500000000000001
12,-4,25.21108624704186
12,-4,1.6500000000000001
12,-4,1.6500000000000001
12,-4,4.362308298985801
12,-4,8.312039783946974
12,-4,9.284045634258666
12,-4,1.6500000000000001
12,-4,12.600218907269195
12,-4,1.6500000000000001
12,-4,1.6500000000000001
12,-4,22.80410892219018
12,-4,17.52211123036765
12,-4,10.508523478060537
12,-4,9.009313953126894
12,-4,11.70114193768247
12,-4,7.437410108272747
12,-4,4.001633674033427
12,-4,1.6500000000000001
12,-4,1.6500000000000001
12,-4,1.6500000000000001
12,-4,17.84242674791114
12,-4,4.691771462133267
12,-4,1.6500000000000001
12,-4,1.6500000000000001
12,-4,3.7252649038542525
12,-4,6.363351871402504
12,-4,1.6500000000000001
12,-4,1.6500000000000001
12,-4,7.8283139374979775
12,-4,9.256924688056584
12,-4,21.238078164807057
12,-4,5.945233491629835
12,-4,1.6500000000000001
12,-4,5.734138299660814
12,-4,22.947153736618773
12,-4,1.6500000000000001
12,-4,6.399326938016957
12,-4,26.224869940886645
12,-4,2.4954608398312748
12,-4,6.999705439765069
12,-4,19.957373130160335
12,-4,1.6500000000000001
12,-4,5.22487512579746
12,-4,1.6500000000000001
12,-4,4.65741054435456
12,-4,17.85953939537432
12,-4,10.004985630048754
12,-4,1.6500000000000001
12,-4,16.992000034067182
12,-4,1.6500000000000001
12,-4,29.7
12,-4,1.6500000000000001
12,-4,20.5259180821283
12,-4,1.6500000000000001
12,-4,18.925581721477855
11,-4,10.654477943705649
11,-4,6.880276636351984
11,-4,8.296048219228718
11,-4,4.3091794504495695
11,-4,1.6500000000000001
11,-4,3.063007985580435
11,-4,17.238516641410982
11,-4,13.131600005894683
11,-4,19.73934147469901
11,-4,21.24421440257666
11,-4,1.6500000000000001
11,-4,29.7
11,-4,5.9709107096176295
11,-4,1.6500000000000001
11,-4,1.6500000000000001
11,-4,7.245435256780479
11,-4,5.401864408743434
11,-4,10.84570634837024
11,-4,3.8377549210093056
11,-4,5.404038473473351
11,-4,14.045390824964636
11,-4,1.6500000000000001
11,-4,1.6500000000000001
11,-4,20.99325979918055
11,-4,13.96052659896205
11,-4,1.880478313479399
11,-4,9.384562683354071
11,-4,11.584831011718592
11,-4,6.7114197594323555
11,-4,16.169376093704546
11,-4,1.6500000000000001
11,-4,3.115807685477053
11,-4,8.982931626140536
11,-4,11.800203472106588
11,-4,1.6500000000000001
11,-4,26.40701538909606
11,-4,1.6500000000000001
11,-4,22.401131082716105
11,-4,3.1118592578631117
11,-4,5.491370574986922
11,-4,15.95856700652072
11,-4,5.762731681789228
11,-4,12.668394508224253
11,-4,14.198176543752695
11,-4,7.035173260813668
11,-4,1.6500000000000001
11,-4,12.015109108061594
11,-4,4.675301674800938
11,-4,8.942198095662519
11,-4,27.12068014954781
11,-4,17.438076134851684
11,-4,14.93564913219534
11,-4,3.1647387644631833
11,-4,5.364242344966279
11,-4,5.48535614781267
11,-4,9.16695224171271
11,-4,8.420441055098186
11,-4,1.6500000000000001
11,-4,1.6500000000000001
11,-4,23.288632371671028
11,-4,17.761297717906324
11,-4,1.6500000000000001
11,-4,1.6500000000000001
11,-4,1.6500000000000001
11,-4,7.958038035844116
11,-4,1.6500000000000001
11,-4,1.6500000000000001
11,-4,29.7
11,-4,7.4569026781231305
11,-4,18.93692197553316
11,-4,16.49261805369694
11,-4,1.6500000000000001
11,-4,5.321903075986604
11,-4,7.068475395974086
11,-4,17.65825552075878
11,-4,11.577739337001574
11,-4,27.65681882382122
11,-4,1.6500000000000001
11,-4,18.743962792838417
11,-4,14.963684096768503
11,-4,2.0579864678389885
11,-4,1.6500000000000001
11,-4,12.461272021792169
11,-4,1.6500000000000001
11,-4,25.881011706134846
11,-4,8.12604317024574
11,-4,7.539588736724522
11,-4,15.356930489610471
11,-4,4.957973398776656
11,-4,4.250935135506365
11,-4,6.020965440742165
11,-4,1.6500000000000001
11,-4,10.560428835300264
11,-4,26.11523554478056
11,-4,7.963453527015692
11,-4,10.293487730493263
11,-4,10.105076517234387
11,-4,22.190793951626183
11,-4,29.7
11,-4,5.627866564163893
11,-4,2.8451517613177106
11,-4,1.6500000000000001
11,-4,1.6500000000000001
11,-4,5.715858923039444
11,-4,6.837297416830706
11,-4,10.058409291856538
11,-4,8.14305972623778
11,-4,7.127885811933988
11,-4,16.335902720808335
11,-4,2.7435875149966735
11,-4,18.60284266001233
11,-4,1.6500000000000001
11,-4,11.922053937125158
11,-4,1.6500000000000001
11,-4,1.6500000000000001
11,-4,16.977808040041026
11,-4,20.085720113666543
11,-4,1.6500000000000001
11,-4,6.717115308746688
11,-4,1.6500000000000001
11,-4,1.6500000000000001
11,-4,1.6500000000000001
10,-4,29.7
10,-4,14.732423869184387
10,-4,1.6500000000000001
10,-4,7.085358086115448
10,-4,6.5101200022829975
10,-4,1.6500000000000001
10,-4,14.465159043454474
10,-4,14.754755856187863
10,-4,29.7
10,-4,7.21872117589848
10,-4,20.25130397105621
10,-4,18.53968647536699
10,-4,15.918752915320677
10,-4,8.157393449887822
10,-4,1.6500000000000001
10,-4,1.6500000000000001
10,-4,1.6500000000000001
10,-4,29.7
10,-4,26.59948177394895
10,-4,3.8336850288331945
10,-4,1.6500000000000001
10,-4,1.6500000000000001
10,-4,9.817349230185943
10,-4,1.6500000000000001
10,-4,3.9242121672247396
10,-4,8.7001099901691
10,-4,9.063203747464492
10,-4,1.6500000000000001
10,-4,22.929836389011268
10,-4,13.404893075960423
10,-4,18.468827012554137
10,-4,29.7
10,-4,8.983586113764058
10,-4,28.56267365039819
10,-4,17.276309900649782
10,-4,1.6500000000000001
10,-4,1.6500000000000001
10,-4,13.150540068083135
10,-4,9.047909050856772
10,-4,9.105724585189867
10,-4,19.453371956194786
10,-4,23.377526717251584
10,-4,3.7639305923607562
10,-4,3.8713918929010487
10,-4,19.706157413638753
10,-4,1.6500000000000001
10,-4,2.4263785939707043
10,-4,8.918933861782449
10,-4,20.49385381787439
10,-4,29.7
10,-4,11.18439472977952
10,-4,1.6500000000000001
10,-4,1.6500000000000001
10,-4,11.504609819985188
10,-4,20.53783044045821
10,-4,10.514611833799124
10,-4,22.866539278224103
10,-4,1.6500000000000001
10,-4,1.6500000000000001
10,-4,7.627482207703986
10,-4,9.873989693972929
10,-4,1.6500000000000001
10,-4,1.6500000000000001
10,-4,1.6500000000000001
10,-4,1.6500000000000001
10,-4,2.132615814977439
10,-4,7.694464996088965
10,-4,1.6500000000000001
10,-4,15.580208189290708
10,-4,7.109828756722479
10,-4,25.49368697049417
10,-4,10.980299433417958
10,-4,12.603790176299864
10,-4,1.6500000000000001
10,-4,1.6500000000000001
10,-4,1.6500000000000001
10,-4,1.6500000000000001
10,-4,1.6500000000000001
10,-4,3.2584359999685217
10,-4,18.574650299155486
10,-4,15.386297372004456
10,-4,1.6500000000000001
10,-4,14.82502980099164
10,-4,1.6500000000000001
10,-4,1.6500000000000001
10,-4,19.51248051250235
10,-4,4.446026825056391
10,-4,1.6500000000000001
10,-4,9.931273354643078
10,-4,1.6500000000000001
10,-4,14.915629332589035
10,-4,3.614077314084067
10,-4,1.6500000000000001
10,-4,6.048799174510958
10,-4,10.5524248816746
10,-4,29.7
10,-4,1.6500000000000001
10,-4,14.190177145008516
10,-4,18.79753450317238
10,-4,24.36308541845682
10,-4,1.6500000000000001
10,-4,7.184166075813396
10,-4,4.096494255845515
10,-4,20.94245495700062
10,-4,7.066819431277104
10,-4,8.144802655031912
10,-4,12.388852938561492
10,-4,29.7
10,-4,3.6317025369200233
10,-4,9.854896463360284
10,-4,9.566446476631686
10,-4,16.103915049849064
10,-4,16.732100802834697
10,-4,12.314394985375984
10,-4,1.6500000000000001
10,-4,28.675475277450253
10,-4,1.6500000000000001
10,-4,3.379067041941867
10,-4,1.6500000000000001
10,-4,8.692825636271369
10,-4,1.6500000000000001
10,-4,28.986651067421537
9,-4,2.7476118269339747
9,-4,8.970234923336717
9,-4,1.6500000000000001
9,-4,4.310517664575143
9,-4,1.6500000000000001
9,-4,16.687406555047154
9,-4,1.6500000000000001
9,-4,13.626042436613393
9,-4,19.79888707975316
9,-4,2.9965937484259113
9,-4,14.308171996136446
9,-4,29.7
9,-4,18.769529762675297
9,-4,1.6500000000000001
9,-4,2.4380248939551326
9,-4,1.6500000000000001
9,-4,5.037330052607418
9,-4,3.083489344693791
9,-4,1.6500000000000001
9,-4,3.775236066932252
9,-4,1.6500000000000001
9,-4,14.313268831223423
9,-4,12.854662347154846
9,-4,23.57234002769392
9,-4,17.63721881319878
9,-4,9.273267096148793
9,-4,8.87610140326738
9,-4,11.20623733466379
9,-4,1.6500000000000001
9,-4,1.6500000000000001
9,-4,12.255398095737245
9,-4,8.47781888282574
9,-4,1.6500000000000001
9,-4,3.966548244467697
9,-4,19.01797665536672
9,-4,3.300146228585854
9,-4,19.118617442204936
9,-4,10.210969518647637
9,-4,3.8046334559965223
9,-4,12.735417732493827
9,-4,17.164944565783447
9,-4,26.41513460970638
9,-4,1.6500000000000001
9,-4,1.6500000000000001
9,-4,14.693083131194895
9,-4,1.6500000000000001
9,-4,16.844670481082105
9,-4,29.7
9,-4,6.493588411087036
9,-4,14.5616627722667
9,-4,1.9634273849308563
9,-4,7.158597130510734
9,-4,29.7
9,-4,16.568492135045624
9,-4,29.7
9,-4,12.87146236937454
9,-4,18.206105353557646
9,-4,1.6500000000000001
9,-4,21.00488285835028
9,-4,25.200772135679816
9,-4,14.172035646225641
9,-4,15.730943860874895
9,-4,17.751993043660338
9,-4,1.6500000000000001
9,-4,16.48094468835307
9,-4,4.250946126619047
9,-4,16.77042979841517
9,-4,1.6500000000000001
9,-4,4.919062909977504
9,-4,8.575924277198986
9,-4,1.6500000000000001
9,-4,9.459293713117018
9,-4,19.506488355936625
9,-4,9.658809350413389
9,-4,1.6500000000000001
9,-4,21.66727705451445
9,-4,12.051702570225993
9,-4,13.031760634211738
9,-4,3.7880987454710375
9,-4,29.7
9,-4,1.6500000000000001
9,-4,1.6500000000000001
9,-4,22.159517799372395
9,-4,24.93795972667518
9,-4,12.94460783634471
9,-4,1.6500000000000001
9,-4,25.887615599039126
9,-4,24.061692576582836
9,-4,7.376260648884006
9,-4,7.678456127237661
9,-4,12.837848821882924
9,-4,12.921006948736869
9,-4,4.515925843484483
9,-4,4.061298748938673
9,-4,13.541449273224735
9,-4,16.479749067823576
9,-4,29.7
9,-4,7.643946279673115
9,-4,1.6500000000000001
9,-4,8.706995911121357
9,-4,1.6500000000000001
9,-4,20.04835562961088
9,-4,9.767896789632559
9,-4,6.816731209188097
9,-4,5.993225147540405
9,-4,13.843117286477963
9,-4,24.95567093197615
9,-4,4.41748787595972
9,-4,1.6500000000000001
9,-4,13.175611995343475
9,-4,1.6500000000000001
9,-4,1.6500000000000001
9,-4,1.6500000000000001
9,-4,2.0002584766551372
9,-4,10.030966766845426
9,-4,9.750945727546211
9,-4,21.372956734996194
9,-4,5.145534919315349
9,-4,1.6500000000000001
9,-4,1.6500000000000001
9,-4,26.097736197259223
9,-4,11.843782499179147
9,-3,5.075802787528881
9,-3,3.1436487189307964
9,-3,1.6500000000000001
9,-3,1.6500000000000001
9,-3,3.8266095414424885
9,-3,2.4443752413792357
9,-3,15.798640567774449
9,-3,15.256064022675085
9,-3,6.217128863482067
9,-3,15.195298704289794
9,-3,18.6729936835537
9,-3,2.5200785369953467
9,-3,29.7
9,-3,20.732639899701763
9,-3,24.82980677716443
9,-3,18.973623125384442
9,-3,3.5186107712467276
9,-3,14.123735199048076
9,-3,8.135486709138904
9,-3,7.86665953851938
9,-3,1.6500000000000001
9,-3,16.910631211657886
9,-3,29.7
9,-3,8.726378917093534
9,-3,11.19145843344173
9,-3,4.24705976487567
9,-3,1.946463318271383
9,-3,10.276977087816393
9,-3,12.084670983868289
9,-3,14.335392889603852
9,-3,15.671109706469071
9,-3,14.748775346009344
9,-3,14.218045012929398
9,-3,22.3469269186863
9,-3,9.404235271151745
9,-3,13.46126335707839
9,-3,16.05369042641945
9,-3,17.089950846874643
9,-3,22.980474727531117
9,-3,1.6500000000000001
9,-3,25.26583915531024
9,-3,8.669021205329592
9,-3,14.032694436077616
9,-3,7.612429332729806
9,-3,1.6500000000000001
9,-3,10.959642829888331
9,-3,17.410829968173307
9,-3,10.37066779586126
9,-3,10.437856908016228
9,-3,3.492758710350162
9,-3,1.6500000000000001
9,-3,19.249379077183846
9,-3,17.498519773083373
9,-3,16.31870314961057
9,-3,8.055424032806647
9,-3,14.204180721440611
9,-3,5.5902115066320945
9,-3,13.184260969501976
9,-3,4.987894090998495
9,-3,21.636441064332317
9,-3,1.6500000000000001
9,-3,1.6500000000000001
9,-3,7.748885406226897
9,-3,16.458996377958112
9,-3,7.202880708143109
9,-3,25.557999793980393
9,-3,1.6500000000000001
9,-3,1.6500000000000001
9,-3,2.01112374328227
9,-3,10.990898875861895
9,-3,20.352016044298512
9,-3,16.427899837439817
9,-3,17.56809841866146
9,-3,1.6500000000000001
9,-3,1.6500000000000001
9,-3,28.41042654451918
9,-3,1.6500000000000001
9,-3,4.67769934254231
9,-3,4.380318293821761
9,-3,15.2212226062681
9,-3,6.038537055427747
9,-3,26.817503423336568
9,-3,1.6500000000000001
9,-3,26.1487332462914
9,-3,1.6500000000000001
9,-3,12.058670307293752
9,-3,3.3848382184982126
9,-3,18.58837436380921
9,-3,1.6500000000000001
9,-3,15.586679702462607
9,-3,4.578527066675685
9,-3,8.043754895026265
9,-3,12.075851932427213
9,-3,25.295725273888475
9,-3,6.270302459275504
9,-3,16.792014945720744
9,-3,29.7
9,-3,8.968770806785678
9,-3,1.6500000000000001
9,-3,1.6500000000000001
9,-3,5.763802456025197
9,-3,1.6500000000000001
9,-3,29.7
9,-3,1.6500000000000001
9,-3,3.9797229784246686
9,-3,9.196395421395174
9,-3,22.86706782750656
9,-3,12.901313886087012
9,-3,21.172471832121676
9,-3,18.265463409454977
9,-3,1.6500000000000001
9,-3,12.443710874199333
9,-3,13.786384417944076
9,-3,21.944613794936643
9,-3,19.23894802371818
9,-3,2.5927546852935537
9,-3,29.7
9,-3,4.2671911949754
9,-3,1.6500000000000001
9,-3,6.547005034072487
9,-3,14.518484611542823
9,-3,12.854271028175168
8,-3,1.6500000000000001
8,-3,21.56911526712392
8,-3,15.393108750071793
8,-3,15.465430267129294
8,-3,12.777499809810255
8,-3,1.6500000000000001
8,-3,10.966512853514834
8,-3,27.34834050022339
8,-3,1.6500000000000001
8,-3,17.787604921607883
8,-3,8.540075928658098
8,-3,1.6500000000000001
8,-3,17.767999432551104
8,-3,29.7
8,-3,7.9420965348384485
8,-3,19.526906017796318
8,-3,13.16532040801745
8,-3,1.6500000000000001
8,-3,8.518272662752135
8,-3,1.6500000000000001
8,-3,10.982410392916357
8,-3,11.069386887340722
8,-3,1.6500000000000001
8,-3,20.67190574807815
8,-3,18.987244055331814
8,-3,11.520435116047183
8,-3,3.4967902263640926
8,-3,5.8545776424472535
8,-3,29.7
8,-3,28.522591117170677
8,-3,12.229511588527679
8,-3,12.071929596510206
8,-3,19.18944306707235
8,-3,1.6500000000000001
8,-3,8.934737058189135
8,-3,4.186491167515111
8,-3,19.204553019386914
8,-3,10.361734459477304
8,-3,3.729451899953659
8,-3,15.009419732321305
8,-3,6.6194085948392
8,-3,7.559026560611474
8,-3,21.556568275295394
8,-3,19.092232156839938
8,-3,8.586375724792061
8,-3,24.207419399080937
8,-3,29.7
8,-3,26.561006368995642
8,-3,16.77539145130601
8,-3,1.6500000000000001
8,-3,6.338285794931621
8,-3,3.531465931160786
8,-3,13.596031001781716
8,-3,5.639815216770731
8,-3,26.47769908798577
8,-3,20.3883327877215
8,-3,7.042926388687421
8,-3,7.474484648979409
8,-3,1.6500000000000001
8,-3,19.6781395302354
8,-3,8.290083246482137
8,-3,18.81160477149591
8,-3,22.775713093260123
8,-3,1.6500000000000001
8,-3,15.868843398353032
8,-3,11.562574387425776
8,-3,10.778135890883041
8,-3,29.7
8,-3,6.016666912168045
8,-3,15.271750221950024
8,-3,7.68111575159178
8,-3,12.280900845504432
8,-3,15.923548031821714
8,-3,1.6500000000000001
8,-3,29.7
8,-3,1.6500000000000001
8,-3,1.6500000000000001
8,-3,1.6500000000000001
8,-3,15.833489677130391
8,-3,17.473525451416325
8,-3,14.519742399096865
8,-3,29.7
8,-3,8.146156456294428
8,-3,16.815340788213497
8,-3,3.52790119916615
8,-3,5.2684002888856885
8,-3,5.2386278914791085
8,-3,2.5210619372049727
8,-3,2.419687363353974
8,-3,2.726038780308352
8,-3,22.371549815316
8,-3,21.307135505599177
8,-3,6.57745413307409
8,-3,14.13365332492034
8,-3,8.424778723332375
8,-3,4.4566407812250475
8,-3,21.90380678407368
8,-3,10.0042282648507
8,-3,5.85884258809516
8,-3,7.075442778416164
8,-3,3.9340683095245215
8,-3,7.887876011915686
8,-3,21.420666956511532
8,-3,1.6500000000000001
8,-3,16.760000807657036
8,-3,18.683167388255242
8,-3,12.780226249159742
8,-3,29.7
8,-3,2.7326033703483574
8,-3,17.493271660521295
8,-3,24.710853133374968
8,-3,21.997533739866242
8,-3,7.395544995652464
8,-3,23.442672577750926
8,-3,19.420888013550215
8,-3,29.7
8,-3,19.780206279830345
8,-3,18.536491622374054
8,-3,1.6500000000000001
8,-3,16.806447411562885
8,-3,11.592161741639508
8,-3,2.417492697668342
8,-3,1.6500000000000001
7,-3,29.7
7,-3,5.476011337173674
7,-3,1.6500000000000001
7,-3,7.331784643716836
7,-3,7.890001505306145
7,-3,9.35116435041846
7,-3,23.257971766991005
7,-3,11.367091073322172
7,-3,1.6500000000000001
7,-3,25.757280935906824
7,-3,1.6500000000000001
7,-3,13.633954997734694
7,-3,25.14140609562542
7,-3,6.214809187529928
7,-3,5.551351804501497
7,-3,14.124062934629647
7,-3,1.6500000000000001
7,-3,13.33879499793007
7,-3,1.6500000000000001
7,-3,14.917141099559768
7,-3,6.5475678947261065
7,-3,17.758927168441705
7,-3,11.35637752897605
7,-3,18.662934096773576
7,-3,6.384092778797489
7,-3,6.761927464482279
7,-3,1.6500000000000001
7,-3,19.551000869333976
7,-3,29.7
7,-3,1.6500000000000001
7,-3,2.2365011306260882
7,-3,2.1879992545222224
7,-3,26.525357777049223
7,-3,17.591025964969177
7,-3,16.367540129277376
7,-3,17.988690298390082
7,-3,17.974014108573538
7,-3,10.208578659542173
7,-3,22.348893129100624
7,-3,16.488182922941345
7,-3,29.691954331729
7,-3,21.119330773748764
7,-3,14.128785084185427
7,-3,5.133302150570441
7,-3,24.278259380462714
7,-3,11.075786656203395
7,-3,1.6500000000000001
7,-3,13.954619700808225
7,-3,2.814925848639133
7,-3,29.7
7,-3,16.43531957116383
7,-3,1.6500000000000001
7,-3,29.7
7,-3,1.6500000000000001
7,-3,8.684556280561946
7,-3,1.6500000000000001
7,-3,1.6500000000000001
7,-3,14.190261752231113
7,-3,13.746446499461186
7,-3,1.6500000000000001
7,-3,29.342455618368533
7,-3,29.7
7,-3,15.897895557497428
7,-3,29.7
7,-3,22.87782979201992
7,-3,25.946436008966952
7,-3,16.505317129628217
7,-3,9.362399295679406
7,-3,29.7
7,-3,9.52717078259185
7,-3,19.31438020397597
7,-3,18.530707992578456
7,-3,29.7
7,-3,1.7682338041517482
7,-3,16.81088725610281
7,-3,14.400107129671882
7,-3,1.6500000000000001
7,-3,5.489162009667639
7,-3,4.820845164137108
7,-3,9.647873107830895
7,-3,20.292777500383472
7,-3,2.369474645978091
7,-3,10.537972584269648
7,-3,15.739155125784032
7,-3,17.26281905996271
7,-3,1.6500000000000001
7,-3,17.39435210365115
7,-3,1.6500000000000001
7,-3,9.838077293372162
7,-3,24.27956904095592
7,-3,4.680313429416586
7,-3,1.6500000000000001
7,-3,22.075818409263757
7,-3,26.265531153995752
7,-3,1.6500000000000001
7,-3,1.6500000000000001
7,-3,7.236140334334861
7,-3,22.573721214849066
7,-3,1.6500000000000001
7,-3,16.933954034149806
7,-3,5.082380046503758
7,-3,1.6500000000000001
7,-3,18.988997548329788
7,-3,21.189860118141418
7,-3,4.586180092253759
7,-3,1.6500000000000001
7,-3,9.012037072067109
7,-3,8.178264538765209
7,-3,7.0206979393035835
7,-3,20.041035537241214
7,-3,8.101932890569998
7,-3,6.058737365329141
7,-3,1.6500000000000001
7,-3,22.220476849814062
7,-3,19.313962251123336
7,-3,1.6500000000000001
7,-3,1.6500000000000001
7,-3,1.6500000000000001
7,-3,1.738836438537458
7,-3,1.6500000000000001
7,-3,28.960112447297398
7,-3,23.539394782766557
8,-3,19.317533480387667
8,-3,17.39308829888623
8,-3,1.9128815553647254
8,-3,1.6500000000000001
8,-3,1.6500000000000001
8,-3,23.907053686688332
8,-3,19.039040363801874
8,-3,1.6500000000000001
8,-3,4.136176588025696
8,-3,29.7
8,-3,23.823170451524298
8,-3,8.751085719613794
8,-3,24.763442964940424
8,-3,1.6500000000000001
8,-3,1.6500000000000001
8,-3,1.6500000000000001
8,-3,19.330871267385625
8,-3,4.402662195754353
8,-3,16.020859708697046
8,-3,29.7
8,-3,17.608606022853806
8,-3,1.6500000000000001
8,-3,10.36487777758741
8,-3,24.2655489517133
8,-3,22.464389353723213
8,-3,29.7
8,-3,22.942084931100588
8,-3,20.908856812183902
8,-3,1.6500000000000001
8,-3,1.6500000000000001
8,-3,26.97515276844797
8,-3,1.6500000000000001
8,-3,2.1587692988923095
8,-3,21.020670725287967
8,-3,3.8523784759962343
8,-3,5.09024934349198
8,-3,21.300065790582025
8,-3,17.951767661192314
8,-3,1.6500000000000001
8,-3,13.827110987921717
8,-3,22.285375080253385
8,-3,9.99082021436179
8,-3,9.120658669330306
8,-3,6.774776148105276
8,-3,1.6500000000000001
8,-3,29.7
8,-3,1.6500000000000001
8,-3,1.6500000000000001
8,-3,16.157610296015697
8,-3,1.6500000000000001
8,-3,29.7
8,-3,8.819783888359257
8,-3,19.791059881770266
8,-3,17.404317315821697
8,-3,20.525532775827063
8,-3,2.958595052495742
8,-3,7.456299139848851
8,-3,9.0967183407057
8,-3,2.853424049354362
8,-3,4.7310683482647935
8,-3,14.86432189493928
8,-3,11.222310540086974
8,-3,24.290881517320816
8,-3,18.515518367159576
8,-3,16.836025342724124
8,-3,12.457109997350445
8,-3,13.972898011627155
8,-3,5.378749519032061
8,-3,19.898376622736833
8,-3,2.0494482569652845
8,-3,2.147075884248366
8,-3,1.6500000000000001
8,-3,1.6500000000000001
8,-3,19.824486406997263
8,-3,8.790294333681736
8,-3,25.471728163901737
8,-3,6.385444571468378
8,-3,20.652400456264346
8,-3,14.850130494116241
8,-3,24.76680878441448
8,-3,14.468938125745026
8,-3,17.129086335683542
8,-3,29.096744599407458
8,-3,9.771285859124292
8,-3,1.6500000000000001
8,-3,1.6500000000000001
8,-3,13.519656684131984
8,-3,12.361735572147328
8,-3,26.00972058733987
8,-3,14.283962774861717
8,-3,16.827416398925283
8,-3,12.966047395223262
8,-3,8.183117860491997
8,-3,20.113802219414964
8,-3,16.10597405666349
8,-3,18.96103659615102
8,-3,6.572675380344972
8,-3,14.563464188535143
8,-3,27.883852141395494
8,-3,2.1231067554523975
8,-3,1.6500000000000001
8,-3,1.6500000000000001
8,-3,19.51146782562527
8,-3,1.6500000000000001
8,-3,22.031375547969088
8,-3,5.704629794101926
8,-3,16.316901911925616
8,-3,18.38004826793881
8,-3,3.3818250436570043
8,-3,19.22892402179865
8,-3,29.7
8,-3,29.7
8,-3,21.77711623955578
8,-3,6.770166730414768
8,-3,24.263130819120306
8,-3,14.8585786055082
8,-3,14.834857687433407
8,-3,8.552958116315487
8,-3,11.270860673142844
8,-3,21.03832283472792
8,-3,23.359942525152114
8,-3,20.253880558366863
7,-3,21.656346716097875
7,-3,22.274650319126888
7,-3,3.587962343705129
7,-3,8.912540536274806
7,-3,12.383576486186938
7,-3,9.09346135977701
7,-3,1.6500000000000001
7,-3,28.539859368948402
7,-3,19.88809297220436
7,-3,25.164082332211525
7,-3,6.048823465684935
7,-3,9.947290029561128
7,-3,8.412913837450429
7,-3,1.6500000000000001
7,-3,16.11764610522369
7,-3,14.353696108507943
7,-3,12.24724414569111
7,-3,20.175980041503205
7,-3,29.7
7,-3,8.054970707215547
7,-3,18.085423214423578
7,-3,27.677999483942987
7,-3,23.504602227872734
7,-3,8.565361663516292
7,-3,4.682196339653952
7,-3,12.880904593466441
7,-3,4.05110429196632
7,-3,16.890098529768252
7,-3,18.664011249532194
7,-3,10.987615598743659
7,-3,6.311937039120988
7,-3,2.5564345248669618
7,-3,4.389017417856811
7,-3,17.53185521386785
7,-3,29.7
7,-3,20.926993753443
7,-3,1.6500000000000001
7,-3,24.637811358548216
7,-3,13.593270682230415
7,-3,26.671713345935682
7,-3,13.774871003255656
7,-3,13.289491452760995
7,-3,9.825514806443014
7,-3,25.806259902441425
7,-3,5.7413122077088685
7,-3,17.457153463521397
7,-3,8.453006886017427
7,-3,8.089409355875343
7,-3,1.6500000000000001
7,-3,17.300366029157544
7,-3,10.336675264756408
7,-3,11.829345846228657
7,-3,1.6500000000000001
7,-3,22.295082207421252
7,-3,5.187001556851181
7,-3,3.625563812990144
7,-3,1.6500000000000001
7,-3,28.098819087370615
7,-3,21.05210368784815
7,-3,1.6500000000000001
7,-3,13.251512947163555
7,-3,15.640020986080426
7,-3,14.760377549906178
7,-3,7.06880561033991
7,-3,8.828105924487826
7,-3,18.391942010959973
7,-3,12.028585264342738
7,-3,9.88568318343193
7,-3,27.470717698540913
7,-3,13.87838492174721
7,-3,16.234766420557623
7,-3,1.6500000000000001
7,-3,10.669580770553475
7,-3,3.785604962859315
7,-3,4.953104085673916
7,-3,13.783016230347206
7,-3,22.705273635025076
7,-3,9.197254169784902
7,-3,1.6500000000000001
7,-3,14.16110630645771
7,-3,3.6944968850043765
7,-3,14.54518113072351
7,-3,29.7
7,-3,15.077919899554065
7,-3,13.490155540595458
7,-3,15.008861080953986
7,-3,23.016545705705838
7,-3,29.7
7,-3,16.834718650763623
7,-3,20.004414731033357
7,-3,7.418870055284779
7,-3,27.682668616847227
7,-3,13.892066492656934
7,-3,6.12056547594306
7,-3,21.247017469606146
7,-3,12.301386422126075
7,-3,4.821874886221026
7,-3,12.058597460295225
7,-3,12.471848031865996
7,-3,5.6879720542402
7,-3,27.994827706775695
7,-3,12.635530961062745
7,-3,17.884722521262965
7,-3,15.300030369325368
7,-3,6.924554769075255
7,-3,29.7
7,-3,1.6500000000000001
7,-3,14.21097742587953
7,-3,3.924006708884427
7,-3,1.6500000000000001
7,-3,1.6500000000000001
7,-3,27.153453128478866
7,-3,7.802762317592942
7,-3,12.141067202082983
7,-3,1.6500000000000001
7,-3,18.096999912309794
7,-3,13.09181929312528
7,-3,11.522004977339382
7,-3,23.19701879227417
7,-3,5.318934008519067
7,-3,18.745456207658016
7,-3,3.435838067080153
6,-3,1.6500000000000001
6,-3,18.84789647901208
6,-3,22.991523776009146
6,-3,23.816490993750214
6,-3,9.035213801397372
6,-3,1.8056470476985602
6,-3,8.783507411904877
6,-3,16.293569404749576
6,-3,25.566570554896813
6,-3,1.6500000000000001
6,-3,11.986156980005982
6,-3,29.125545373967554
6,-3,9.286169171655398
6,-3,17.147039958333732
6,-3,10.15983078650926
6,-3,2.4448924176762166
6,-3,18.02065033492731
6,-3,10.289045366933303
6,-3,22.19230029790437
6,-3,15.965278503792124
6,-3,11.022521654487184
6,-3,25.279847356712573
6,-3,11.488220835980085
6,-3,29.7
6,-3,19.335031454313395
6,-3,25.866707903701506
6,-3,1.6500000000000001
6,-3,22.83728118135592
6,-3,18.56438028319092
6,-3,20.693437489028362
6,-3,1.6500000000000001
6,-3,1.6500000000000001
6,-3,23.382841590172852
6,-3,29.407692275602454
6,-3,1.6500000000000001
6,-3,1.6500000000000001
6,-3,5.117982980429398
6,-3,8.277224201173212
6,-3,29.7
6,-3,4.746376440636585
6,-3,3.435525044081242
6,-3,4.891177996412049
6,-3,2.2052932341717835
6,-3,20.825811777150474
6,-3,12.495131643674394
6,-3,1.6500000000000001
6,-3,29.7
6,-3,29.7
6,-3,17.290201947214676
6,-3,1.6500000000000001
6,-3,27.391601580073498
6,-3,17.849598815171234
6,-3,12.696723810919956
6,-3,15.34374093373332
6,-3,6.438789128108276
6,-3,19.618296934212076
6,-3,26.022151857778134
6,-3,4.943536044212118
6,-3,12.096813988679088
6,-3,14.85574086404638
6,-3,7.594096119821716
6,-3,3.601329493400036
6,-3,8.910657253092293
6,-3,1.6500000000000001
6,-3,5.953968738080965
6,-3,6.740402782107242
6,-3,12.755003913576441
6,-3,11.001534573700843
6,-3,3.9106257909663036
6,-3,20.876656237384275
6,-3,20.165371778082413
6,-3,1.6500000000000001
6,-3,17.713479146095377
6,-3,7.1287067494633085
6,-3,2.816317427995152
6,-3,19.950764874904426
6,-3,8.742184932354043
6,-3,23.302931217228878
6,-3,28.356135177201338
6,-3,25.065849152128408
6,-3,14.387416345990907
6,-3,21.57861217935799
6,-3,9.816871532066832
6,-3,22.605625475008267
6,-3,19.318364485255525
6,-3,13.122935288590892
6,-3,5.5746821510166615
6,-3,19.89910066576603
6,-3,11.348891254219218
6,-3,29.7
6,-3,29.7
6,-3,6.277686854766673
6,-3,1.6500000000000001
6,-3,23.31997335319518
6,-3,1.6500000000000001
6,-3,21.98448802799704
6,-3,17.936645960245748
6,-3,2.2438049118914822
6,-3,1.6500000000000001
6,-3,2.4635210640798046
6,-3,29.7
6,-3,5.0846475914885625
6,-3,23.69860128324966
6,-3,29.7
6,-3,1.8520835768281128
6,-3,22.908484611507994
6,-3,20.835548857471323
6,-3,22.52830681762482
6,-3,12.733833991278397
6,-3,12.741338275735385
6,-3,25.2751521389192
6,-3,1.6500000000000001
6,-3,6.828416760236779
6,-3,29.05480571615495
6,-3,3.1556319653984914
6,-3,7.578716584829704
6,-3,7.836969965787896
6,-3,17.77899616537215
6,-3,5.596781708966224
6,-3,14.837980513273564
6,-3,29.7
6,-3,2.1464539355373677
5,-3,29.7
5,-3,19.260377060873697
5,-3,29.7
5,-3,3.485463717743693
5,-3,16.479072511816845
5,-3,17.215978798557668
5,-3,27.208700457001257
5,-3,1.6500000000000001
5,-3,29.7
5,-3,29.7
5,-3,29.7
5,-3,28.800494157804692
5,-3,21.536278972831813
5,-3,20.010912167893803
5,-3,24.046702663325828
5,-3,26.11753949989907
5,-3,7.296510428034216
5,-3,21.97973640366008
5,-3,29.7
5,-3,6.6258149297663955
5,-3,17.400310911550264
5,-3,16.667181317772876
5,-3,15.737744418121165
5,-3,21.908492580085266
5,-3,8.087907281626673
5,-3,15.160536501401634
5,-3,9.401771381026403
5,-3,16.044145768567574
5,-3,29.34427912469721
5,-3,9.46515995600398
5,-3,10.873454125943127
5,-3,11.072860805500012
5,-3,29.7
5,-3,17.692574288590556
5,-3,11.525250949548894
5,-3,23.332842027733253
5,-3,6.138355344955247
5,-3,11.24020192662249
5,-3,20.4542396369758
5,-3,19.70659394031865
5,-3,29.7
5,-3,5.814561530724042
5,-3,2.3107208366763174
5,-3,1.6500000000000001
5,-3,1.6500000000000001
5,-3,5.496525838192692
5,-3,17.62350399142821
5,-3,5.26126441908654
5,-3,3.802204301583898
5,-3,11.26750403045575
5,-3,29.7
5,-3,21.566555837332004
5,-3,14.298032829217806
5,-3,12.709778198983454
5,-3,7.7179990917454955
5,-3,11.523382032055498
5,-3,21.61668649805639
5,-3,29.7
5,-3,29.7
5,-3,10.30450118797912
5,-3,1.6500000000000001
5,-3,16.147079033498223
5,-3,6.75038977310675
5,-3,24.70269849801163
5,-3,1.6500000000000001
5,-3,1.6500000000000001
5,-3,20.23444844412089
5,-3,22.024896590426238
5,-3,14.145236157650848
5,-3,17.52682537961989
5,-3,21.217210836078962
5,-3,12.888363015362994
5,-3,9.887469796235532
5,-3,8.8863735497448
5,-3,29.7
5,-3,27.51080366950425
5,-3,18.446094028780916
5,-3,16.99606083616826
5,-3,1.6500000000000001
5,-3,11.096332044114227
5,-3,26.212688016984615
5,-3,25.413979418617906
5,-3,4.213715990894604
5,-3,8.45673029555847
5,-3,29.7
5,-3,20.88790932442712
5,-3,13.421515475376308
5,-3,7.028758004266624
5,-3,6.013514142695694
5,-3,27.22806185709462
5,-3,18.90466816123725
5,-3,29.7
5,-3,29.7
5,-3,20.62548185106707
5,-3,12.736558647943285
5,-3,29.7
5,-3,24.212866830003342
5,-3,29.7
5,-3,16.905009564542294
5,-3,11.707704498333243
5,-3,12.621158338165884
5,-3,27.60211777322216
5,-3,6.240199748207949
5,-3,13.796412583937554
5,-3,29.7
5,-3,28.78409283090876
5,-3,9.226296170072303
5,-3,28.83412227605096
5,-3,24.239529961538754
5,-3,14.309730277717456
5,-3,15.058782386725216
5,-3,13.46615109385751
5,-3,6.978353224893145
5,-3,27.043790157795748
5,-3,10.377086315777218
5,-3,1.6500000000000001
5,-3,9.176505461025995
5,-3,24.706867843906593
5,-3,26.56074410122465
5,-3,12.920072544522025
5,-3,5.599093035973546
5,-3,5.298502122670367
5,-3,22.952789094501902
5,-2,17.816444111053872
5,-2,27.75629784617997
5,-2,5.08225529395318
5,-2,19.750921812025194
5,-2,21.173026446889267
5,-2,29.7
5,-2,8.086720538361504
5,-2,19.800677904061356
5,-2,14.289250510939326
5,-2,9.670185559941938
5,-2,24.5886034861256
5,-2,29.7
5,-2,22.30528772067385
5,-2,29.7
5,-2,18.345794776314012
5,-2,29.7
5,-2,1.6500000000000001
5,-2,1.6500000000000001
5,-2,29.7
5,-2,18.00783232908317
5,-2,29.7
5,-2,29.7
5,-2,16.96635267052317
5,-2,17.322360579158115
5,-2,29.7
5,-2,29.7
5,-2,4.326364966481721
5,-2,1.6500000000000001
5,-2,28.83471826929113
5,-2,29.375482027003372
5,-2,1.6500000000000001
5,-2,10.741115637144528
5,-2,18.64478095862071
5,-2,21.247131391320554
5,-2,9.043319583656755
5,-2,29.7
5,-2,1.6500000000000001
5,-2,3.6006108674476174
5,-2,22.78977867651622
5,-2,6.381931780516458
5,-2,29.7
5,-2,1.6500000000000001
5,-2,10.595330125639418
5,-2,26.426494882997453
5,-2,1.6500000000000001
5,-2,16.224747400159185
5,-2,29.7
5,-2,29.7
5,-2,16.037841470696225
5,-2,9.579982342616368
5,-2,15.243281555280456
5,-2,4.292519782702541
5,-2,24.367616635574244
5,-2,1.6500000000000001
5,-2,24.10586650201961
5,-2,17.730667995297996
5,-2,29.26367847154063
5,-2,21.259557432339967
5,-2,27.60170529770679
5,-2,18.313041171224402
5,-2,14.782410750805827
5,-2,3.5578634305647423
5,-2,4.803380682209113
5,-2,4.377615363289834
5,-2,1.6500000000000001
5,-2,12.274053038963554
5,-2,19.36500232949626
5,-2,1.6500000000000001
5,-2,17.334357460132047
5,-2,24.027478640798826
5,-2,7.041324889536805
5,-2,14.492188103525724
5,-2,18.076969120623367
5,-2,1.6500000000000001
5,-2,29.7
5,-2,21.658204893928207
5,-2,29.7
5,-2,13.597285689873887
5,-2,16.893722164984116
5,-2,4.887601305400285
5,-2,20.617029485246384
5,-2,6.4042909265302566
5,-2,5.1882079993125245
5,-2,26.60440403244113
5,-2,21.585702495540062
5,-2,20.268344671088567
5,-2,29.7
5,-2,1.6500000000000001
5,-2,8.899830255130594
5,-2,1.6500000000000001
5,-2,1.6500000000000001
5,-2,17.640480252095642
5,-2,19.987679333357054
5,-2,16.32253266468826
5,-2,11.765941290824966
5,-2,16.42550174343743
5,-2,18.289565705026583
5,-2,29.7
5,-2,3.1536028004585788
5,-2,22.6741213647244
5,-2,6.848176829653465
5,-2,29.7
5,-2,2.0679375609073407
5,-2,16.44626931116766
5,-2,5.406614156432845
5,-2,1.6500000000000001
5,-2,16.43548916303175
5,-2,2.56125709483325
5,-2,1.6500000000000001
5,-2,11.118146501826246
5,-2,11.396763630439192
5,-2,29.7
5,-2,23.570147885035333
5,-2,3.409281099068016
5,-2,19.93281109059282
5,-2,13.923286686573494
5,-2,8.005019143114504
5,-2,1.6500000000000001
5,-2,29.7
5,-2,15.657365230324354
5,-2,6.464180136009432
5,-2,22.932310401966006
6,-2,8.72690316900987
6,-2,29.09755945989511
6,-2,7.1301997669940285
6,-2,18.711383459273655
6,-2,12.702651486466833
6,-2,12.653974544802875
6,-2,25.663508940671907
6,-2,1.6500000000000001
6,-2,12.368261637307457
6,-2,9.953208432783697
6,-2,29.7
6,-2,24.22488470111066
6,-2,25.38757926356569
6,-2,1.6500000000000001
6,-2,1.6500000000000001
6,-2,10.981743394372934
6,-2,16.03361958879699
6,-2,6.137306965116256
6,-2,1.6500000000000001
6,-2,13.010596313214624
6,-2,1.6500000000000001
6,-2,6.0564165729185175
6,-2,4.93228962290929
6,-2,15.320150882234659
6,-2,1.8541453089926652
6,-2,29.7
6,-2,21.535439834263485
6,-2,11.80491778178534
6,-2,29.7
6,-2,29.7
6,-2,1.6500000000000001
6,-2,29.125151920063665
6,-2,9.180989819077647
6,-2,22.938417968330015
6,-2,29.7
6,-2,25.234438735998864
6,-2,11.694986972470938
6,-2,1.6500000000000001
6,-2,11.021188837344399
6,-2,11.591188265843613
6,-2,1.6500000000000001
6,-2,13.432164981914546
6,-2,26.616579911762898
6,-2,29.7
6,-2,1.6500000000000001
6,-2,8.315980978704395
6,-2,22.597220869954555
6,-2,28.373577171539125
6,-2,29.332302424735786
6,-2,9.561636453707425
6,-2,28.791308150900534
6,-2,1.6500000000000001
6,-2,3.8538957589845726
6,-2,17.48725582275548
6,-2,3.9930014068743382
6,-2,21.606055357985152
6,-2,8.329096827097938
6,-2,1.6500000000000001
6,-2,6.986683076953403
6,-2,19.335761624461988
6,-2,6.454192045167217
6,-2,14.654148920576754
6,-2,19.515707170964443
6,-2,20.138734762376515
6,-2,29.7
6,-2,17.88983909821749
6,-2,2.7314798695463463
6,-2,2.7361859066169316
6,-2,16.724802262067367
6,-2,1.6500000000000001
6,-2,12.71810156538416
6,-2,8.10445157151684
6,-2,7.987902681004169
6,-2,29.7
6,-2,1.6500000000000001
6,-2,11.097705901965515
6,-2,29.7
6,-2,16.714046990633076
6,-2,4.315657782803296
6,-2,1.6500000000000001
6,-2,1.6500000000000001
6,-2,1.6500000000000001
6,-2,15.147797463316081
6,-2,10.225569333360983
6,-2,1.6500000000000001
6,-2,23.222395591339694
6,-2,29.7
6,-2,6.083002252747962
6,-2,14.211861483675573
6,-2,18.772952796588516
6,-2,27.604344239401687
6,-2,6.732457702396914
6,-2,4.557245050268701
6,-2,9.401531144275388
6,-2,27.739734671491213
6,-2,6.76416823537563
6,-2,6.170793316848174
6,-2,13.056587892126128
6,-2,13.34745114750206
6,-2,14.220030643421634
6,-2,8.645148167929435
6,-2,1.6500000000000001
6,-2,14.071072329680003
6,-2,7.139435531875286
6,-2,14.160674118150068
6,-2,12.496273293974925
6,-2,28.203483696983813
6,-2,20.97286717953087
6,-2,4.492131294156449
6,-2,12.860819690064858
6,-2,6.8401334685703645
6,-2,29.7
6,-2,13.508361055344592
6,-2,1.6500000000000001
6,-2,10.23740082588774
6,-2,7.828240337562897
6,-2,29.7
6,-2,13.372068512094469
6,-2,21.873236181706822
6,-2,29.56836873963494
6,-2,6.217584726393291
6,-2,29.7
5,-2,29.7
5,-2,20.632451961976432
5,-2,9.115973559955469
5,-2,16.261900427291692
5,-2,5.231860085385977
5,-2,29.7
5,-2,14.589823432315685
5,-2,1.6500000000000001
5,-2,18.917548283409342
5,-2,22.31942601222365
5,-2,16.622130078232864
5,-2,1.6500000000000001
5,-2,10.55506750619868
5,-2,12.202167906992187
5,-2,13.558771641266944
5,-2,29.7
5,-2,7.544198878869172
5,-2,6.7487661249495865
5,-2,4.216953604830949
5,-2,15.12284329178609
5,-2,21.42406895361941
5,-2,12.500470122079001
5,-2,22.478323721788506
5,-2,11.46658845520571
5,-2,1.6500000000000001
5,-2,8.22143281929146
5,-2,8.472226270792648
5,-2,3.0561720991722945
5,-2,2.9232758967919867
5,-2,11.620197375810186
5,-2,28.872522668089182
5,-2,15.72300461435707
5,-2,1.6500000000000001
5,-2,1.6500000000000001
5,-2,20.50673182151786
5,-2,8.690671062117374
5,-2,1.6500000000000001
5,-2,21.492893679573243
5,-2,10.719327931520342
5,-2,1.6500000000000001
5,-2,11.786556592666942
5,-2,20.413567367985024
5,-2,16.426600475831602
5,-2,6.289515203914075
5,-2,17.230570813400444
5,-2,12.73148478941117
5,-2,29.7
5,-2,20.424676177363228
5,-2,23.981394588879837
5,-2,2.6411796741593836
5,-2,17.00535896140239
5,-2,13.362025817921019
5,-2,24.990937583089373
5,-2,11.777874482276614
5,-2,13.102787174774022
5,-2,18.397653746654164
5,-2,1.6500000000000001
5,-2,3.3607892647310447
5,-2,16.31380525519164
5,-2,11.145284748317444
5,-2,6.023896949069853
5,-2,1.6500000000000001
5,-2,29.455254725587203
5,-2,29.7
5,-2,29.7
5,-2,29.7
5,-2,20.74633926451931
5,-2,1.6500000000000001
5,-2,21.445250120963227
5,-2,29.7
5,-2,1.6500000000000001
5,-2,9.795652003682394
5,-2,9.299948149100853
5,-2,21.298356280403407
5,-2,9.545213373314846
5,-2,29.7
5,-2,23.09539285131644
5,-2,18.152756463192734
5,-2,13.68916705194133
5,-2,16.123482125798347
5,-2,26.223337186386825
5,-2,29.7
5,-2,22.92525589253452
5,-2,25.163819217409532
5,-2,16.758372449092928
5,-2,5.208161232224011
5,-2,17.13478217993326
5,-2,19.714866006273212
5,-2,29.7
5,-2,19.51332009859707
5,-2,20.85051398048425
5,-2,29.7
5,-2,29.7
5,-2,16.139046804193182
5,-2,1.6500000000000001
5,-2,29.7
5,-2,10.56432583057779
5,-2,20.195342368550236
5,-2,16.273605388070994
5,-2,25.89633719668297
5,-2,20.358926035807272
5,-2,12.712276606223842
5,-2,5.355390937913482
5,-2,1.6500000000000001
5,-2,23.407454482002283
5,-2,29.7
5,-2,1.6500000000000001
5,-2,12.556323824770868
5,-2,29.7
5,-2,29.7
5,-2,2.995902202603835
5,-2,1.7658739178660081
5,-2,29.7
5,-2,29.7
5,-2,15.029642605922408
5,-2,3.855218990219514
5,-2,12.645983761362482
5,-2,11.89676332227203
5,-2,27.39082920705704
5,-2,6.000283462897935
5,-2,29.167868686918457
5,-2,16.538720112155346
4,-2,3.8752872847404785
4,-2,29.7
4,-2,3.7364110048509325
4,-2,13.53149688495634
4,-2,24.268315597265087
4,-2,16.241017763459606
4,-2,17.485288236770145
4,-2,29.7
4,-2,27.697309814817988
4,-2,9.48406606963317
4,-2,6.777874847831061
4,-2,12.232067420026215
4,-2,29.7
4,-2,5.827489700875038
4,-2,17.024069572884898
4,-2,29.7
4,-2,24.14382818749607
4,-2,21.715563230222124
4,-2,15.237143933120684
4,-2,12.96953450138519
4,-2,26.327505162011644
4,-2,16.738743745009987
4,-2,1.6500000000000001
4,-2,28.33587316411579
4,-2,27.872682996225084
4,-2,17.119549850505308
4,-2,14.514466747237178
4,-2,29.7
4,-2,22.47891580497356
4,-2,19.535485145637402
4,-2,21.293871581714534
4,-2,27.03042598026838
4,-2,29.7
4,-2,17.0846466228567
4,-2,15.776799958605356
4,-2,29.7
4,-2,21.593442472104467
4,-2,18.978570550120242
4,-2,8.776771896846586
4,-2,1.6500000000000001
4,-2,14.629450968198174
4,-2,29.7
4,-2,19.24561018414902
4,-2,7.863857876414448
4,-2,28.465703177708974
4,-2,16.856869225735238
4,-2,10.822710409996276
4,-2,24.96486630967358
4,-2,5.811042444084627
4,-2,11.58912495927759
4,-2,11.702505172036236
4,-2,2.176204834441748
4,-2,18.520906901138414
4,-2,21.66771785632611
4,-2,25.156753344372678
4,-2,1.6500000000000001
4,-2,8.873774589042652
4,-2,18.337459261721673
4,-2,23.495938362535163
4,-2,26.11752554581618
4,-2,18.34863288110791
4,-2,27.75331326184786
4,-2,6.569500786776704
4,-2,10.381056499421328
4,-2,10.840774929389045
4,-2,2.640560188382995
4,-2,23.203354337856705
4,-2,17.081217449369223
4,-2,28.778023372701796
4,-2,11.760680443447722
4,-2,24.36234326444544
4,-2,12.854687132001844
4,-2,1.6500000000000001
4,-2,29.615672717582804
4,-2,3.1848439806431657
4,-2,11.547339603235777
4,-2,17.53442717280409
4,-2,17.2920392897538
4,-2,28.53413881135921
4,-2,29.7
4,-2,19.250221854351647
4,-2,28.598514950603697
4,-2,29.7
4,-2,1.6500000000000001
4,-2,22.781645430568574
4,-2,12.756431474388368
4,-2,20.07264195665097
4,-2,11.118118840810368
4,-2,10.238035578013339
4,-2,15.799078509562257
4,-2,1.6500000000000001
4,-2,8.546199478389035
4,-2,29.7
4,-2,13.05006446286199
4,-2,20.116447641683145
4,-2,19.138535071825117
4,-2,22.823153874622555
4,-2,23.485938444237675
4,-2,27.156573392384303
4,-2,1.6500000000000001
4,-2,19.52900253522196
4,-2,11.901901862258843
4,-2,7.079453029355491
4,-2,10.544990463394806
4,-2,3.630439128863686
4,-2,15.353407530290173
4,-2,1.6500000000000001
4,-2,22.88980351589683
4,-2,11.751072349510677
4,-2,29.7
4,-2,21.81610911029898
4,-2,10.566369329852035
4,-2,16.928283691989765
4,-2,29.7
4,-2,29.7
4,-2,1.6500000000000001
4,-2,19.014545377603305
4,-2,23.48482727919267
4,-2,9.053370013938771
4,-2,29.7
4,-2,15.221679685961913
4,-2,18.906832622839854
4,-2,1.6500000000000001
3,-2,3.582121489912822
3,-2,27.416841936036352
3,-2,29.7
3,-2,29.7
3,-2,8.172181512564055
3,-2,28.291442958055413
3,-2,1.6500000000000001
3,-2,29.7
3,-2,1.6500000000000001
3,-2,1.6500000000000001
3,-2,5.907297320158133
3,-2,5.225481898949203
3,-2,16.987471724665802
3,-2,17.677596953589074
3,-2,18.247817259703755
3,-2,1.6500000000000001
3,-2,29.7
3,-2,29.7
3,-2,29.7
3,-2,1.7303169253634394
3,-2,29.7
3,-2,10.006964481218496
3,-2,29.7
3,-2,23.568025051290352
3,-2,29.7
3,-2,20.743267780461046
3,-2,25.663507257727098
3,-2,2.5494000153794794
3,-2,23.335724027884314
3,-2,27.959781375629966
3,-2,2.912398979680578
3,-2,12.930967826794774
3,-2,6.758029151770149
3,-2,24.829248278164837
3,-2,12.393691504439307
3,-2,29.7
3,-2,22.011757503904004
3,-2,14.460741336335289
3,-2,23.43804432142625
3,-2,20.322861794726983
3,-2,29.7
3,-2,2.463681428238111
3,-2,29.7
3,-2,15.231950703410611
3,-2,20.95221907130337
3,-2,29.7
3,-2,8.003070200122105
3,-2,29.7
3,-2,10.02141586072619
3,-2,24.18930402335699
3,-2,29.7
3,-2,11.215348792832902
3,-2,29.7
3,-2,27.130941120748986
3,-2,29.7
3,-2,7.825861998468303
3,-2,7.899521768619252
3,-2,27.968357112823597
3,-2,18.47052910865786
3,-2,29.7
3,-2,16.862186101022843
3,-2,14.78918807609712
3,-2,29.7
3,-2,4.188536216876546
3,-2,29.7
3,-2,19.009138917536816
3,-2,26.876265980548254
3,-2,12.277596375315314
3,-2,13.519152965843695
3,-2,8.272399981198978
3,-2,20.303667681839688
3,-2,11.30651844753015
3,-2,10.92007987396274
3,-2,19.25707751390195
3,-2,19.99648705325063
3,-2,12.24742856139781
3,-2,16.070906402800862
3,-2,20.00641118100491
3,-2,14.597102513068538
3,-2,29.7
3,-2,11.494966928104901
3,-2,9.041947585152673
3,-2,2.6862411949752385
3,-2,15.917314852825623
3,-2,21.44586400328226
3,-2,10.301645041641503
3,-2,16.821115103883653
3,-2,21.86510756858587
3,-2,21.505715440385163
3,-2,3.149361637510026
3,-2,16.668161029712362
3,-2,10.836393918738741
3,-2,28.656574661305886
3,-2,21.893953527050552
3,-2,1.6500000000000001
3,-2,29.7
3,-2,16.85744844753216
3,-2,25.886147010754065
3,-2,24.45824414505467
3,-2,17.99925035446848
3,-2,2.0400773291974836
3,-2,13.398352702243539
3,-2,16.479203304105464
3,-2,24.978808763724103
3,-2,3.975506108792935
3,-2,23.5128381218659
3,-2,12.457751616763272
3,-2,8.171128949580936
3,-2,29.7
3,-2,29.300524369316015
3,-2,29.7
3,-2,18.280026719006823
3,-2,19.971682347504114
3,-2,5.611503387447059
3,-2,17.965976988484034
3,-2,28.559638119259823
3,-2,29.7
3,-2,7.785274182941743
3,-2,7.770260290589301
3,-2,29.7
3,-2,6.608025622120628
3,-2,29.7
4,-2,17.51980999703292
4,-2,29.7
4,-2,3.6253871118885836
4,-2,15.795451119923383
4,-2,29.7
4,-2,7.806940060659729
4,-2,12.275678768661308
4,-2,12.91367885207076
4,-2,16.45757215961956
4,-2,16.401926157067354
4,-2,21.546112198465515
4,-2,12.225945752050118
4,-2,29.7
4,-2,8.436273103767592
4,-2,29.7
4,-2,17.369004851389967
4,-2,26.447099194687336
4,-2,29.7
4,-2,15.964480692294424
4,-2,17.422305922653788
4,-2,29.7
4,-2,12.619302891659737
4,-2,3.1448323068668707
4,-2,15.221265654882554
4,-2,11.347624163430318
4,-2,29.7
4,-2,11.100526586446843
4,-2,29.7
4,-2,1.6500000000000001
4,-2,29.567873730567634
4,-2,26.216040583457225
4,-2,27.5679926888445
4,-2,10.992889010589735
4,-2,20.109086837751306
4,-2,15.621468057184012
4,-2,15.938362764334665
4,-2,1.6500000000000001
4,-2,15.068740396859395
4,-2,8.938161487276675
4,-2,9.139426255640936
4,-2,25.475056722081643
4,-2,22.81046424385549
4,-2,13.116192656858374
4,-2,5.713077213610937
4,-2,29.7
4,-2,25.374726757177488
4,-2,29.7
4,-2,13.384821263763648
4,-2,9.514368230075625
4,-2,19.12680658238099
4,-2,29.7
4,-2,29.7
4,-2,1.6500000000000001
4,-2,23.588793362186983
4,-2,10.05414384745607
4,-2,9.275897753955402
4,-2,22.475751256906
4,-2,23.850194229413106
4,-2,29.7
4,-2,21.80226486941359
4,-2,2.0557130286006178
4,-2,17.45405950817967
4,-2,18.958234093201803
4,-2,18.958952399463108
4,-2,9.128227179952559
4,-2,10.450470258827016
4,-2,16.12106198304451
4,-2,22.10045496460587
4,-2,29.7
4,-2,29.7
4,-2,11.173506564965654
4,-2,10.66842943699335
4,-2,29.378364309665066
4,-2,1.6500000000000001
4,-2,29.7
4,-2,8.920240989902446
4,-2,6.884301888207116
4,-2,1.6500000000000001
4,-2,14.176886766180266
4,-2,1.6500000000000001
4,-2,24.080484931901857
4,-2,21.763370815753373
4,-2,29.7
4,-2,5.905702945475623
4,-2,29.7
4,-2,13.865966797278656
4,-2,17.650963836994734
4,-2,7.5111105478307305
4,-2,2.1939589036137797
4,-2,29.7
4,-2,18.161296825412588
4,-2,4.506547750429998
4,-2,8.98635865863385
4,-2,18.027810929349723
4,-2,22.234155810257203
4,-2,29.7
4,-2,26.5880033721257
4,-2,1.9705990210544257
4,-2,1.6500000000000001
4,-2,11.049415534616443
4,-2,7.610266590339509
4,-2,17.780567141898203
4,-2,26.985526002305818
4,-2,29.7
4,-2,29.7
4,-2,18.83829877683424
4,-2,29.7
4,-2,18.723398375817283
4,-2,29.7
4,-2,2.0144038538578846
4,-2,29.7
4,-2,29.7
4,-2,29.7
4,-2,16.481534270567426
4,-2,17.095853485473587
4,-2,22.79335541242107
4,-2,1.6500000000000001
4,-2,27.331321992321843
4,-2,29.31289768959261
4,-2,1.6500000000000001
4,-2,5.669697470391522
4,-2,14.386677100193499
3,-2,29.7
3,-2,11.647899026592265
3,-2,1.6500000000000001
3,-2,19.29088429415097
3,-2,8.09266646304536
3,-2,8.526427599061005
3,-2,16.074088749120126
3,-2,14.028593738662575
3,-2,26.02570939029734
3,-2,1.6500000000000001
3,-2,21.661389910203972
3,-2,9.028541612002233
3,-2,1.6500000000000001
3,-2,13.627256256808263
3,-2,26.980895200986645
3,-2,11.143727255895609
3,-2,22.73474383132237
3,-2,24.127169107394717
3,-2,17.432979823222478
3,-2,1.6500000000000001
3,-2,21.912756740286355
3,-2,27.644252004122908
3,-2,25.919885242564945
3,-2,13.476370492128
3,-2,1.6500000000000001
3,-2,29.7
3,-2,9.540233128164049
3,-2,8.158593657131478
3,-2,14.580508053719026
3,-2,26.752545154393594
3,-2,4.975473668226013
3,-2,22.042704563149854
3,-2,1.6500000000000001
3,-2,5.906633716767953
3,-2,15.689159852038681
3,-2,19.04159384286675
3,-2,29.7
3,-2,14.360693074522285
3,-2,3.395208438986014
3,-2,29.7
3,-2,15.409283196472423
3,-2,8.61512656515154
3,-2,10.310890553759512
3,-2,29.7
3,-2,18.483427620383235
3,-2,26.99243797821179
3,-2,17.56465437957073
3,-2,24.989042148003463
3,-2,29.7
3,-2,1.6500000000000001
3,-2,6.7442895822488484
3,-2,29.7
3,-2,29.7
3,-2,29.7
3,-2,21.029227307923513
3,-2,29.7
3,-2,25.003996994854443
3,-2,14.743067233231418
3,-2,5.586355198936309
3,-2,1.6500000000000001
3,-2,26.91725739390771
3,-2,3.5660901610371916
3,-2,22.825013903141567
3,-2,19.28575029951688
3,-2,2.995289886832362
3,-2,29.7
3,-2,18.977238147773143
3,-2,16.697755847802235
3,-2,23.833729671841787
3,-2,29.7
3,-2,18.444300877066976
3,-2,29.7
3,-2,25.31517833989917
3,-2,24.6187424102201
3,-2,29.7
3,-2,2.2140914409826884
3,-2,19.046854439066763
3,-2,27.637044035241942
3,-2,23.994824728147826
3,-2,21.32423530454089
3,-2,3.6117191593647435
3,-2,14.979515901767979
3,-2,25.055155491726882
3,-2,29.7
3,-2,13.316935650162836
3,-2,18.835074238439656
3,-2,11.75097031603613
3,-2,29.7
3,-2,14.420380169382875
3,-2,9.906285329258955
3,-2,20.89166335936002
3,-2,6.349300378501562
3,-2,29.7
3,-2,5.304951030304881
3,-2,19.519654022230345
3,-2,12.613180165855674
3,-2,1.6500000000000001
3,-2,29.7
3,-2,29.7
3,-2,25.62114957206282
3,-2,1.6500000000000001
3,-2,29.7
3,-2,24.21492716831277
3,-2,12.168004800217114
3,-2,2.6483397796007218
3,-2,13.780573900244514
3,-2,9.337358445970105
3,-2,14.277242827865352
3,-2,18.392193556533265
3,-2,11.108639169696954
3,-2,1.6500000000000001
3,-2,29.7
3,-2,26.452825396651875
3,-2,29.7
3,-2,11.905122723581037
3,-2,1.6500000000000001
3,-2,9.589877843152111
3,-2,24.18372725229755
3,-2,12.001624762710348
3,-2,2.735434545129367
3,-2,28.256465606806138
3,-2,18.154581028490156
2,-2,23.969918537169125
2,-2,23.4178703465145
2,-2,27.3565531936179
2,-2,20.659569022096193
2,-2,29.7
2,-2,25.30830162703865
2,-2,21.486046075244563
2,-2,29.32835899249854
2,-2,12.460121518204568
2,-2,29.7
2,-2,23.79750370934521
2,-2,13.180721592835306
2,-2,14.813975819158129
2,-2,18.006524530766054
2,-2,12.353568988271354
2,-2,28.194788719893396
2,-2,29.7
2,-2,19.093500687666637
2,-2,18.57689779771413
2,-2,1.6500000000000001
2,-2,21.99096393397369
2,-2,12.46600654848275
2,-2,23.80414303340514
2,-2,8.621221382424697
2,-2,29.7
2,-2,9.80345043476259
2,-2,9.408394765073554
2,-2,29.7
2,-2,13.644001098460349
2,-2,1.6500000000000001
2,-2,20.596286890673923
2,-2,20.104312114788492
2,-2,22.805562836117513
2,-2,25.735700071778773
2,-2,20.838465239246347
2,-2,19.701562296233984
2,-2,3.788813357316693
2,-2,19.448866687683367
2,-2,15.906423691947662
2,-2,13.86388240031735
2,-2,18.896675275964405
2,-2,20.20045261568847
2,-2,1.6500000000000001
2,-2,12.060419009907799
2,-2,8.700524004537352
2,-2,21.77168705439671
2,-2,29.7
2,-2,8.115238364749118
2,-2,8.764017332858307
2,-2,19.254963952134986
2,-2,17.329585296313944
2,-2,27.657561288380762
2,-2,23.214589508495052
2,-2,1.6500000000000001
2,-2,29.7
2,-2,13.864279230313038
2,-2,1.6500000000000001
2,-2,25.178622781709024
2,-2,20.65890729103409
2,-2,29.7
2,-2,29.7
2,-2,27.13419149256169
2,-2,1.6500000000000001
2,-2,29.7
2,-2,22.18097984972742
2,-2,20.98298713505458
2,-2,21.195289361721052
2,-2,29.611895122978247
2,-2,21.45017157514123
2,-2,16.712653998738684
2,-2,14.653162283233902
2,-2,21.17136998555635
2,-2,14.33039377112502
2,-2,1.6500000000000001
2,-2,29.7
2,-2,27.00847089488167
2,-2,27.69464759444547
2,-2,3.5829076267813846
2,-2,17.303818825518185
2,-2,17.569140713774615
2,-2,22.269928793017783
2,-2,13.890257305896455
2,-2,28.23657905195993
2,-2,27.311935821464065
2,-2,12.176284804410237
2,-2,1.6500000000000001
2,-2,15.541066907483474
2,-2,16.624414396142132
2,-2,1.6500000000000001
2,-2,29.7
2,-2,11.298486027155967
2,-2,14.031878729857942
2,-2,4.952734803832346
2,-2,10.342335150636426
2,-2,10.924943453989023
2,-2,29.7
2,-2,24.597020619006226
2,-2,26.38580002149308
2,-2,25.27436182661409
2,-2,26.038187846274106
2,-2,23.67422008344975
2,-2,21.908438244358223
2,-2,10.888116944769008
2,-2,27.800763948426464
2,-2,22.18265329340776
2,-2,24.177488469819608
2,-2,29.7
2,-2,28.136057423018343
2,-2,5.670710991266478
2,-2,28.31971988761048
2,-2,18.81748991680525
2,-2,29.7
2,-2,29.7
2,-2,19.29359227040437
2,-2,1.6500000000000001
2,-2,17.185473479802642
2,-2,1.6500000000000001
2,-2,1.9387688994450443
2,-2,21.035260035272085
2,-2,29.7
2,-2,28.875807469650063
2,-2,9.448665944132582
2,-1,29.7
2,-1,12.892199980881472
2,-1,25.754171912617856
2,-1,29.7
2,-1,8.795357598849423
2,-1,29.7
2,-1,29.7
2,-1,29.7
2,-1,17.52623497889641
2,-1,9.483884208870053
2,-1,4.702016793981425
2,-1,3.763670212657839
2,-1,17.676419584919817
2,-1,29.7
2,-1,29.7
2,-1,29.7
2,-1,4.283773420613063
2,-1,25.50256387204932
2,-1,24.302016334863723
2,-1,29.7
2,-1,14.235186527257115
2,-1,29.7
2,-1,16.860976274183066
2,-1,29.7
2,-1,16.88635293526407
2,-1,17.996232959569483
2,-1,6.824118132088589
2,-1,21.660129218161575
2,-1,29.7
2,-1,17.859178763027973
2,-1,29.7
2,-1,29.059488071711
2,-1,27.26343686048296
2,-1,18.760122832053675
2,-1,10.282275119731846
2,-1,29.7
2,-1,8.122651140838617
2,-1,13.68284791507668
2,-1,24.6195813706031
2,-1,27.751558836894773
2,-1,9.401986297258722
2,-1,16.450698152697505
2,-1,7.051580917307044
2,-1,29.7
2,-1,10.782102226910277
2,-1,29.7
2,-1,29.7
2,-1,8.984756463600295
2,-1,26.48171642335479
2,-1,1.6500000000000001
2,-1,9.304076483717754
2,-1,21.14433016603468
2,-1,23.619065731812213
2,-1,29.7
2,-1,29.7
2,-1,8.547055645719992
2,-1,29.7
2,-1,29.7
2,-1,8.278204212736924
2,-1,28.809028693326816
2,-1,20.787022296315236
2,-1,29.7
2,-1,28.14203683001803
2,-1,19.510184389951977
2,-1,18.808187138980934
2,-1,29.7
2,-1,29.7
2,-1,23.424535173823013
2,-1,23.329912673378246
2,-1,24.834234094224726
2,-1,29.7
2,-1,29.7
2,-1,13.780163056499312
2,-1,13.396647342219385
2,-1,29.7
2,-1,21.346541286927092
2,-1,6.206773069192204
2,-1,29.7
2,-1,29.7
2,-1,19.558196093868197
2,-1,15.677080760070691
2,-1,20.08588212933737
2,-1,29.7
2,-1,29.7
2,-1,4.496866385835416
2,-1,8.34860011087818
2,-1,29.7
2,-1,15.837382024916469
2,-1,29.7
2,-1,7.407662275841934
2,-1,29.7
2,-1,21.523176864118142
2,-1,29.7
2,-1,7.651153241835447
2,-1,26.36930796452669
2,-1,1.6500000000000001
2,-1,28.881798632336732
2,-1,20.96928850853575
2,-1,15.591251355616617
2,-1,5.85237121292603
2,-1,28.635004702482615
2,-1,3.4501401518708867
2,-1,29.7
2,-1,29.7
2,-1,19.91143218451923
2,-1,27.478725069592194
2,-1,1.6500000000000001
2,-1,9.161489205416672
2,-1,29.7
2,-1,29.7
2,-1,26.193486773795833
2,-1,29.7
2,-1,6.658786028761551
2,-1,22.883971317957016
2,-1,2.002736438579147
2,-1,3.5398029294988547
2,-1,29.7
2,-1,26.834544053283892
2,-1,15.346862916962007
2,-1,18.73884192735668
2,-1,18.545334340732328
2,-1,25.573007577958478
2,-1,12.019843491253884
3,-1,20.472753817873315
3,-1,24.768097345556146
3,-1,29.7
3,-1,12.884876071580477
3,-1,11.822992885044219
3,-1,15.181772503339621
3,-1,26.630681679500363
3,-1,10.987754721428812
3,-1,1.749870218905066
3,-1,17.272528185617862
3,-1,22.65229374453176
3,-1,29.7
3,-1,21.911788004252536
3,-1,26.069696543718777
3,-1,24.75349960143982
3,-1,1.6500000000000001
3,-1,15.07867284815347
3,-1,27.091609440234535
3,-1,16.15724622882462
3,-1,19.717583923811787
3,-1,3.811770197160371
3,-1,28.973047944775246
3,-1,26.92068555917246
3,-1,10.53785635181511
3,-1,15.476143164471896
3,-1,18.11427677466717
3,-1,1.6500000000000001
3,-1,15.07114289552641
3,-1,17.157123303681832
3,-1,23.646257443435474
3,-1,13.716598722094275
3,-1,29.17575084872464
3,-1,29.7
3,-1,21.49211404175566
3,-1,12.08829361345869
3,-1,13.353740404918288
3,-1,1.6500000000000001
3,-1,21.26225782258254
3,-1,15.621547285806631
3,-1,26.743922783822278
3,-1,29.7
3,-1,29.7
3,-1,17.88550288140053
3,-1,1.6500000000000001
3,-1,29.7
3,-1,29.7
3,-1,11.636451510766928
3,-1,29.7
3,-1,7.703243381858766
3,-1,5.885564179483158
3,-1,17.84162181504652
3,-1,20.815578189051983
3,-1,11.968025681253165
3,-1,14.432924733423473
3,-1,23.78482052054817
3,-1,28.28316786980966
3,-1,29.7
3,-1,22.308605191804737
3,-1,7.045954017381497
3,-1,15.32580305493249
3,-1,24.031017154311705
3,-1,29.7
3,-1,7.384681442619346
3,-1,21.994971763923044
3,-1,19.704799686406883
3,-1,25.397039521981057
3,-1,21.909822325644242
3,-1,29.7
3,-1,15.627403202109276
3,-1,29.7
3,-1,28.81177088630691
3,-1,5.48587868650433
3,-1,22.902537174068012
3,-1,29.7
3,-1,4.246133664122542
3,-1,1.6500000000000001
3,-1,13.420880160302328
3,-1,1.6500000000000001
3,-1,24.854551341922384
3,-1,3.690790021458554
3,-1,13.047799521243624
3,-1,15.496655862494706
3,-1,4.211423111272193
3,-1,17.720739172305354
3,-1,7.254043129818056
3,-1,29.471043476023308
3,-1,29.7
3,-1,10.530248112485442
3,-1,20.477200303484718
3,-1,28.355296510872776
3,-1,6.829290124872063
3,-1,5.661377784120427
3,-1,18.34939478192954
3,-1,29.7
3,-1,29.7
3,-1,2.5789994730241865
3,-1,8.147230360594207
3,-1,29.356477051992965
3,-1,29.7
3,-1,15.036664596183181
3,-1,12.379279040087653
3,-1,12.077940813757387
3,-1,20.104444994576095
3,-1,26.913482596691516
3,-1,11.922523105858224
3,-1,29.7
3,-1,14.430077421997428
3,-1,1.6500000000000001
3,-1,1.6500000000000001
3,-1,29.7
3,-1,29.7
3,-1,23.66597223016528
3,-1,6.666681525648876
3,-1,1.6500000000000001
3,-1,27.120743382651302
3,-1,1.6500000000000001
3,-1,10.600203906308085
3,-1,18.596953659988923
3,-1,13.332643460116962
3,-1,4.98056213093685
3,-1,14.096880339765306
3,-1,2.097478253629479
4,-1,1.6500000000000001
4,-1,21.344510016968226
4,-1,17.0923875459115
4,-1,29.7
4,-1,12.247812733488754
4,-1,9.412857400195112
4,-1,29.7
4,-1,6.865702542293466
4,-1,9.992596193945861
4,-1,16.35722330702169
4,-1,29.7
4,-1,22.60184012487163
4,-1,18.31103539423052
4,-1,8.312576096835631
4,-1,15.91893518616422
4,-1,20.2598389371718
4,-1,21.927601301320294
4,-1,13.128454570973814
4,-1,15.42391156158462
4,-1,8.609608845096698
4,-1,16.97958092300366
4,-1,8.847761032371249
4,-1,20.911817359947026
4,-1,10.182912387931658
4,-1,13.22743212836227
4,-1,6.927599266637349
4,-1,29.7
4,-1,19.39223740550267
4,-1,11.746006924671118
4,-1,11.455777858145765
4,-1,23.65940725820444
4,-1,25.199984273187848
4,-1,19.00979567643747
4,-1,29.7
4,-1,10.068392434605414
4,-1,10.631744686849036
4,-1,28.915179607168866
4,-1,4.306559194240732
4,-1,8.385474551245487
4,-1,11.308505644558707
4,-1,29.7
4,-1,23.078481212128573
4,-1,29.7
4,-1,29.7
4,-1,6.4752778955281585
4,-1,17.939659095763396
4,-1,29.7
4,-1,21.427763312783288
4,-1,29.7
4,-1,14.178052856368453
4,-1,8.872839699791779
4,-1,9.49225377328426
4,-1,18.15765810522629
4,-1,1.6500000000000001
4,-1,29.7
4,-1,28.658290355520002
4,-1,2.436933768862392
4,-1,29.7
4,-1,14.657377162802616
4,-1,14.682063423831051
4,-1,20.36374648504407
4,-1,8.975365836232644
4,-1,1.6500000000000001
4,-1,29.7
4,-1,14.434979822308861
4,-1,3.60051096964766
4,-1,18.518547124803963
4,-1,13.506147384010903
4,-1,16.82577059322666
4,-1,5.167531956397921
4,-1,16.059824740503718
4,-1,17.23085612167316
4,-1,12.742460757778849
4,-1,21.586780812367525
4,-1,8.921884689930804
4,-1,11.420004408328253
4,-1,25.27225176256587
4,-1,15.950486714610816
4,-1,10.31974664271572
4,-1,22.75493418915385
4,-1,5.844361380318633
4,-1,15.067616531898306
4,-1,5.598035397401048
4,-1,4.371484129893586
4,-1,29.7
4,-1,29.7
4,-1,21.428074495346674
4,-1,18.63796343503583
4,-1,8.76328433218445
4,-1,17.14369415972778
4,-1,1.6500000000000001
4,-1,23.107129271247846
4,-1,14.216555104478333
4,-1,27.369205866400446
4,-1,1.6500000000000001
4,-1,9.762043499756137
4,-1,23.70448700144219
4,-1,24.47760213662886
4,-1,16.769179106218623
4,-1,16.292728320442762
4,-1,29.7
4,-1,27.72380347123663
4,-1,13.538280517527426
4,-1,7.23170686036646
4,-1,11.922839501036737
4,-1,28.77596364787969
4,-1,22.348035948509747
4,-1,15.310787190641825
4,-1,27.639045746171302
4,-1,25.101574878718203
4,-1,19.031894687499175
4,-1,29.7
4,-1,29.7
4,-1,22.102925489105846
4,-1,12.986544200151421
4,-1,20.32168668556179
4,-1,4.989703353568123
4,-1,24.04026023828694
4,-1,27.426901715164487
4,-1,15.994887052711826
4,-1,9.218171843052305
4,-1,29.7
4,0,6.546985946727089
4,0,29.7
4,0,1.6500000000000001
4,0,13.736651131958315
4,0,15.654723229858012
4,0,14.360545042595888
4,0,21.726066409342785
4,0,4.261978459800755
4,0,29.7
4,0,29.7
4,0,26.738880432433575
4,0,2.544650719351587
4,0,10.227197035079685
4,0,29.7
4,0,1.6500000000000001
4,0,22.568077406163084
4,0,20.465748864971857
4,0,19.300574899383765
4,0,18.138887717673665
4,0,11.5406558793347
4,0,1.6500000000000001
4,0,26.30651275249388
4,0,12.310416386194621
4,0,29.270556181958824
4,0,29.7
4,0,3.027820691661116
4,0,16.105065815501
4,0,9.502623659494162
4,0,17.73565655847441
4,0,15.38445620543853
4,0,26.189120118375598
4,0,29.7
4,0,27.59982431193827
4,0,29.268503853123256
4,0,6.671753974839898
4,0,29.7
4,0,19.48619560039686
4,0,1.6500000000000001
4,0,13.829966167040011
4,0,15.880523136693569
4,0,15.391785336668582
4,0,4.933881855156759
4,0,15.13037275618514
4,0,29.7
4,0,25.304648775316924
4,0,10.197305292915152
4,0,18.6806022259686
4,0,21.280331170419565
4,0,27.123552715185262
4,0,8.795993564491415
4,0,14.8572335470369
4,0,29.7
4,0,17.30901167723236
4,0,15.504763864607906
4,0,12.839907946650035
4,0,19.397497051165885
4,0,11.561248102686342
4,0,16.322205240657834
4,0,16.041841183223603
4,0,24.094415802173984
4,0,12.012324024485164
4,0,23.099136053179503
4,0,13.888839249861945
4,0,10.519387400057218
4,0,28.463588125331896
4,0,16.600916793598643
4,0,1.6500000000000001
4,0,17.50622248066861
4,0,24.991978191148164
4,0,8.119884104653282
4,0,29.7
4,0,19.633130848017416
4,0,21.672411812103377
4,0,15.45559252881738
4,0,22.968019775612817
4,0,14.882330300844085
4,0,11.871542418943115
4,0,14.81292549721977
4,0,24.128567655672988
4,0,16.325332094456158
4,0,13.289994079627974
4,0,3.357095807803667
4,0,10.446242773001153
4,0,15.832808334478367
4,0,29.21582203425229
4,0,29.7
4,0,29.7
4,0,29.7
4,0,4.876304704577231
4,0,13.476731040065925
4,0,16.422148184589673
4,0,29.7
4,0,29.7
4,0,29.7
4,0,22.674827369283676
4,0,3.8524554353214633
4,0,29.7
4,0,6.600287069985848
4,0,11.280459444804332
4,0,29.7
4,0,29.663667836653097
4,0,4.510985716574854
4,0,23.457034562450943
4,0,1.6500000000000001
4,0,29.7
4,0,20.264855745467287
4,0,29.7
4,0,28.388187127354215
4,0,6.8280612560702085
4,0,13.404539948832145
4,0,28.08714003559204
4,0,21.96376866081972
4,0,25.3457844608426
4,0,6.466344092619094
4,0,5.203165465858628
4,0,1.6500000000000001
4,0,29.7
4,0,25.07351049334011
4,0,29.081377531495917
4,0,21.848170569360153
4,0,13.467230170282912
4,0,17.542550546748846
3,0,20.06853439434824
3,0,6.748885462529955
3,0,23.99060811627875
3,0,28.444441110015887
3,0,4.499870966883503
3,0,15.49537373820798
3,0,14.188806388697333
3,0,17.261446671195248
3,0,10.776639254950696
3,0,13.713885164152469
3,0,3.5091094746179365
3,0,27.471509890308845
3,0,10.638769140436667
3,0,10.586974557638188
3,0,20.604464736096535
3,0,20.530074369817136
3,0,28.26088994993388
3,0,12.400174296233335
3,0,19.9635608522459
3,0,29.7
3,0,20.900502108970567
3,0,1.6500000000000001
3,0,15.473973106805246
3,0,20.381434636595
3,0,28.037583849903722
3,0,29.7
3,0,29.7
3,0,29.7
3,0,19.169927693151127
3,0,6.123237792186083
3,0,28.026754503347895
3,0,23.2731355007846
3,0,17.242670080824617
3,0,3.4286088259133933
3,0,1.6500000000000001
3,0,25.320731926627353
3,0,25.582842407242303
3,0,27.02586104113575
3,0,7.35433960115318
3,0,20.559732272366084
3,0,29.7
3,0,29.7
3,0,21.646973483691497
3,0,1.6500000000000001
3,0,13.186556718538187
3,0,12.722618857398878
3,0,12.852680512685131
3,0,8.116931185470804
3,0,21.35320776475826
3,0,29.7
3,0,19.73507455458698
3,0,29.389501485752398
3,0,29.7
3,0,10.906719147198444
3,0,1.6500000000000001
3,0,8.519956714861543
3,0,10.104934742982534
3,0,29.7
3,0,22.64309272827919
3,0,18.95141077791701
3,0,14.080146371164842
3,0,15.563971058520242
3,0,16.434975111592884
3,0,27.948188490524842
3,0,28.792164052749076
3,0,29.7
3,0,12.765428767616646
3,0,1.6500000000000001
3,0,24.472014527808398
3,0,2.119830928762724
3,0,26.08212161698304
3,0,23.020073666435703
3,0,4.521570018402544
3,0,4.470295785680266
3,0,26.50193406832595
3,0,9.131115384785138
3,0,16.271996888981842
3,0,7.254979520699932
3,0,29.7
3,0,29.7
3,0,29.7
3,0,29.7
3,0,9.289140209154363
3,0,21.000088772337577
3,0,15.446178792983128
3,0,29.7
3,0,23.43403997190085
3,0,11.399290562687876
3,0,29.7
3,0,16.041454302207253
3,0,4.69200518549378
3,0,29.7
3,0,29.7
3,0,5.996925982792332
3,0,14.635356825379295
3,0,29.08849889079253
3,0,29.7
3,0,9.738735032668288
3,0,24.099067909032506
3,0,27.010191482097117
3,0,25.581189454986216
3,0,29.7
3,0,1.6500000000000001
3,0,29.7
3,0,23.204075688488565
3,0,29.7
3,0,29.7
3,0,29.7
3,0,22.429545019038823
3,0,23.9015562660084
3,0,29.7
3,0,7.365914687959101
3,0,28.982801828062964
3,0,26.283142683781605
3,0,19.25448125796517
3,0,29.7
3,0,1.6500000000000001
3,0,29.7
3,0,29.7
3,0,29.7
3,0,18.294319893660766
3,0,29.7
3,1,21.59327944581659
3,1,14.988505420210068
3,1,29.7
3,1,23.837030188686537
3,1,29.7
3,1,7.694672756861763
3,1,29.7
3,1,5.814109970437821
3,1,14.77715981100275
3,1,15.96542005546262
3,1,13.180588974166243
3,1,11.002333872184579
3,1,23.089674028449746
3,1,9.699082777578623
3,1,18.036623918098663
3,1,14.435529872517074
3,1,4.573615486186803
3,1,9.700122396136091
3,1,12.146428731842267
3,1,25.85680365278261
3,1,3.0986299178403023
3,1,1.6500000000000001
3,1,10.111463322289604
3,1,29.7
3,1,29.7
3,1,20.712886860796672
3,1,29.7
3,1,17.157082276130065
3,1,20.127535711423878
3,1,23.435654802712577
3,1,8.158847343119875
3,1,5.85030327819965
3,1,29.033947107708737
3,1,29.7
3,1,10.788889411152088
3,1,13.619167382604855
3,1,15.660177107393558
3,1,7.618764471841056
3,1,22.75783816307275
3,1,29.418215080474
3,1,16.881355094502858
3,1,2.2860373004372008
3,1,27.65074740982273
3,1,12.482299578645582
3,1,14.37573260286009
3,1,1.6500000000000001
3,1,9.12306922148981
3,1,8.86956661472983
3,1,13.382917768149744
3,1,3.5464975630861773
3,1,14.769166604653371
3,1,29.7
3,1,22.373934144843226
3,1,29.7
3,1,29.7
3,1,9.316101693483748
3,1,1.6500000000000001
3,1,20.92638274693793
3,1,29.7
3,1,10.263634718143622
3,1,24.923681821887826
3,1,1.6500000000000001
3,1,28.415528553954687
3,1,9.824737404084795
3,1,25.26040171241879
3,1,29.7
3,1,29.7
3,1,29.7
3,1,20.175214261741917
3,1,29.7
3,1,20.49059079203788
3,1,6.918963551633032
3,1,5.267850087047112
3,1,29.7
3,1,20.819696345937096
3,1,29.7
3,1,14.496300615446021
3,1,22.13242904967362
3,1,21.32425257985159
3,1,26.577559402446802
3,1,21.20960757715844
3,1,29.7
3,1,29.7
3,1,20.327488936703944
3,1,10.434999670025276
3,1,7.084667950159089
3,1,25.181316403038835
3,1,18.09601151518546
3,1,29.7
3,1,1.6500000000000001
3,1,29.7
3,1,19.775564776924593
3,1,21.076496068972435
3,1,29.7
3,1,16.95533655285113
3,1,15.31543714448218
3,1,24.83315368041523
3,1,17.614424235058696
3,1,12.240521854277
3,1,19.14558587091672
3,1,21.164722439631305
3,1,14.138797080526283
3,1,29.10926936814097
3,1,16.893981946236018
3,1,23.312166781618693
3,1,25.866315161756578
3,1,27.229538371089667
3,1,1.6500000000000001
3,1,18.73536136092737
3,1,29.7
3,1,1.6500000000000001
3,1,29.7
3,1,22.885130933610426
3,1,27.118538952523792
3,1,25.501802088257833
3,1,25.625636127305768
3,1,26.310872849746875
3,1,12.115853373744544
3,1,18.332970781415185
3,1,9.116900065554892
3,1,18.077801626725545
3,1,28.55947982959833
3,1,16.89695993881806
2,1,1.6500000000000001
2,1,22.082176346819306
2,1,29.7
2,1,29.7
2,1,22.308460824240093
2,1,29.7
2,1,20.857006426311788
2,1,29.7
2,1,14.529086619912789
2,1,17.91554365742012
2,1,18.79465222995046
2,1,24.83153424129485
2,1,19.507603059415075
2,1,20.615188921911304
2,1,18.86094030797732
2,1,24.262389806642794
2,1,29.7
2,1,22.19221607988985
2,1,11.210716044264384
2,1,29.7
2,1,29.7
2,1,29.7
2,1,25.40143655662567
2,1,18.920583416953235
2,1,21.494183459681373
2,1,29.7
2,1,23.5719438798575
2,1,1.6500000000000001
2,1,16.614510896599118
2,1,27.955836832997864
2,1,26.529415816385182
2,1,13.46898546958187
2,1,18.539007873950446
2,1,27.784590736080453
2,1,13.108908697266495
2,1,16.88907767421152
2,1,22.85293045152163
2,1,7.000253635147088
2,1,25.40616049443674
2,1,11.093440361364005
2,1,21.49303763930947
2,1,26.880058933684456
2,1,18.066153667092458
2,1,7.035437945212637
2,1,26.976686436235422
2,1,29.7
2,1,21.27396840226634
2,1,25.11570416951428
2,1,29.7
2,1,29.7
2,1,29.7
2,1,13.461260009464926
2,1,29.7
2,1,16.707510102271463
2,1,17.089232644441353
2,1,7.150216020223258
2,1,29.55298631389146
2,1,23.409066503168688
2,1,29.7
2,1,22.15567618818822
2,1,29.7
2,1,18.25095455571171
2,1,11.46512892603354
2,1,29.7
2,1,22.79252967510155
2,1,29.7
2,1,13.579037213803055
2,1,20.86929042840846
2,1,29.7
2,1,5.1893413072041525
2,1,17.19198250105688
2,1,29.7
2,1,26.38137836105507
2,1,17.260780857339643
2,1,20.604798666090904
2,1,2.336235151700116
2,1,18.229775292444387
2,1,8.664465914253466
2,1,16.611492991385592
2,1,20.09833096057647
2,1,13.773774798881506
2,1,29.7
2,1,29.7
2,1,7.54763189999419
2,1,29.7
2,1,5.803088708845177
2,1,4.573810313156322
2,1,29.7
2,1,10.023575675901723
2,1,15.30913048064432
2,1,16.851515275998196
2,1,21.461655441464284
2,1,29.7
2,1,16.770235662979914
2,1,19.883842796551328
2,1,29.7
2,1,25.174180405610187
2,1,20.20496275455003
2,1,16.405678642683593
2,1,29.7
2,1,20.70545838735855
2,1,27.418993890688352
2,1,29.15056357180183
2,1,28.00832125991213
2,1,29.7
2,1,29.7
2,1,21.06724138197052
2,1,12.625358633860014
2,1,18.628550694441554
2,1,1.6500000000000001
2,1,29.7
2,1,29.7
2,1,15.844962977888045
2,1,29.7
2,1,26.12666637729776
2,1,1.6500000000000001
2,1,29.7
2,1,28.73700576416948
2,1,29.7
2,1,21.296557727919478
2,1,29.7
2,1,24.6988247066981
1,1,17.12404610756094
1,1,16.86943388726103
1,1,29.7
1,1,24.292600640491255
1,1,23.921641350749688
1,1,15.35804435717074
1,1,16.577197774505898
1,1,24.888933360411738
1,1,16.532214761573872
1,1,29.7
1,1,14.814055580583485
1,1,29.7
1,1,29.7
1,1,20.015262402538177
1,1,23.385067608287528
1,1,26.802880583880302
1,1,25.10471724589828
1,1,27.365013991413882
1,1,13.314404779793728
1,1,28.269219997320814
1,1,16.889217579711882
1,1,21.816472224927224
1,1,19.252666543888765
1,1,27.112277410861907
1,1,1.6500000000000001
1,1,19.55757801001261
1,1,26.293573861419155
1,1,23.65787547038414
1,1,1.89811712441033
1,1,22.542398469574415
1,1,19.108756126200625
1,1,29.7
1,1,23.170624775587974
1,1,8.285798293839942
1,1,15.872232646384997
1,1,15.91335275294036
1,1,28.252049942659806
1,1,20.77321105322717
1,1,29.7
1,1,19.12364981172693
1,1,15.789585894380451
1,1,14.898519406420277
1,1,17.480115901559742
1,1,29.7
1,1,13.663512742210898
1,1,2.586406901920192
1,1,19.764555727329338
1,1,17.058436372331492
1,1,13.260270086666093
1,1,29.7
1,1,19.59449997039895
1,1,25.382658154437618
1,1,28.92164064237543
1,1,22.190812365709878
1,1,10.1085885134795
1,1,20.09394771927258
1,1,18.14849030952179
1,1,11.849165462866894
1,1,24.799853014794007
1,1,22.33355858820883
1,1,14.311798643320932
1,1,2.700127796064251
1,1,7.535864823876304
1,1,26.452050704676342
1,1,12.364749964865549
1,1,21.973618105909758
1,1,19.356522822048458
1,1,27.18468521238754
1,1,29.7
1,1,29.7
1,1,11.575135655248701
1,1,28.74837166165601
1,1,27.27676060911448
1,1,1.6500000000000001
1,1,11.569631046481419
1,1,29.7
1,1,29.7
1,1,29.7
1,1,24.922844905347183
1,1,29.7
1,1,14.204323326492915
1,1,6.777418941815444
1,1,29.7
1,1,11.37983075156599
1,1,23.00608002748298
1,1,20.525544619929246
1,1,29.7
1,1,19.422738514202866
1,1,29.293378905506973
1,1,20.04669028294594
1,1,22.403970891509598
1,1,26.86442222465726
1,1,25.874935710800717
1,1,29.7
1,1,20.682146034527786
1,1,24.060051962645563
1,1,4.922909396532788
1,1,20.05548503927929
1,1,8.643526542891019
1,1,17.734917985374963
1,1,29.7
1,1,17.454936045859984
1,1,29.7
1,1,29.647609299918454
1,1,24.97477774192966
1,1,6.19119883081898
1,1,29.7
1,1,22.503832374594253
1,1,25.896722968234318
1,1,24.531727337626844
1,1,19.124172241582553
1,1,5.838832479509037
1,1,18.763363837142904
1,1,29.7
1,1,29.7
1,1,12.561153670639314
1,1,29.7
1,1,26.661484576012867
1,1,29.7
1,1,29.7
1,1,24.496855431887944
1,1,18.937871108896168
0,1,25.983698882673206
0,1,23.996145825811244
0,1,29.7
0,1,20.987546317890455
0,1,27.669476582693378
0,1,29.7
0,1,18.34343843457071
0,1,5.124107189342144
0,1,1.6500000000000001
0,1,28.89678056922707
0,1,18.72835899337542
0,1,14.305106211751667
0,1,22.187468854895272
0,1,29.7
0,1,1.6500000000000001
0,1,14.02325987225047
0,1,29.7
0,1,24.95644679573649
0,1,29.7
0,1,22.159863935153304
0,1,18.826349363712456
0,1,23.199173211127363
0,1,29.7
0,1,25.70683552017538
0,1,16.954183513138872
0,1,8.057429336029793
0,1,17.203485370588233
0,1,24.035413286590934
0,1,11.704485364191862
0,1,29.7
0,1,20.413255916985154
0,1,27.41023231046755
0,1,15.949818040354497
0,1,29.7
0,1,7.471869370884587
0,1,29.7
0,1,12.644683274900778
0,1,9.104770701298506
0,1,29.093464578465653
0,1,29.7
0,1,29.7
0,1,29.7
0,1,22.84523038501009
0,1,29.7
0,1,23.24608610723224
0,1,5.8343631056486736
0,1,21.89067450212944
0,1,20.5973508683947
0,1,29.7
0,1,19.0380375854768
0,1,16.432987660268623
0,1,19.736138995161156
0,1,15.282003621398175
0,1,24.012845564391437
0,1,29.7
0,1,29.7
0,1,29.7
0,1,14.865877978770754
0,1,23.126420509856647
0,1,29.7
0,1,19.78759053691363
0,1,11.640712860750797
0,1,6.473524722998999
0,1,29.7
0,1,29.7
0,1,14.62489695109971
0,1,18.88253754950766
0,1,19.01780010656916
0,1,19.953365658465646
0,1,29.7
0,1,21.533328961163164
0,1,12.59245845471576
0,1,22.836588158305375
0,1,29.7
0,1,29.7
0,1,12.273437392761382
0,1,12.12681234829908
0,1,22.770886323954137
0,1,24.50775688165084
0,1,14.929514712729922
0,1,21.20012891245705
0,1,28.227557448879917
0,1,28.516386711629618
0,1,14.71493655698141
0,1,20.567080253135227
0,1,27.205283839346116
0,1,14.977611883513942
0,1,29.7
0,1,25.24343191197956
0,1,28.04261220666799
0,1,26.959758563700994
0,1,29.7
0,1,27.217632666365667
0,1,19.66376564495524
0,1,19.019493201034134
0,1,8.152619876896987
0,1,29.7
0,1,29.7
0,1,11.589459999600956
0,1,29.7
0,1,19.36289147301606
0,1,2.8564976538357243
0,1,24.868522639938643
0,1,1.6500000000000001
0,1,16.24956160453599
0,1,19.912386112173763
0,1,29.7
0,1,9.152658425058076
0,1,29.7
0,1,23.919399673007867
0,1,20.388637721298238
0,1,21.219721805412156
0,1,29.7
0,1,29.7
0,1,14.123106127329413
0,1,29.7
0,1,11.504160853853351
0,1,26.65989566998931
0,1,20.411583928425674
0,1,29.7
0,1,25.582539125591673
0,1,21.797193547203744
-1,1,29.7
-1,1,7.857502449103164
-1,1,6.9977845606694
-1,1,9.493692995747319
-1,1,29.7
-1,1,26.985730804665263
-1,1,8.94991867817961
-1,1,19.830004670083508
-1,1,29.7
-1,1,20.031525126606414
-1,1,29.7
-1,1,29.7
-1,1,1.6500000000000001
-1,1,22.96748436405679
-1,1,27.940545544155313
-1,1,15.76540146145652
-1,1,15.997211070603061
-1,1,26.636118102914335
-1,1,17.622474464824432
-1,1,23.39438344241771
-1,1,29.7
-1,1,12.589891998267055
-1,1,29.7
-1,1,29.7
-1,1,12.695705798811304
-1,1,18.35047476532464
-1,1,4.503722667718218
-1,1,29.7
-1,1,25.531065574824947
-1,1,20.52126419140235
-1,1,19.423974990964258
-1,1,16.723036584561722
-1,1,24.481674805648208
-1,1,29.7
-1,1,14.142936443484666
-1,1,29.7
-1,1,24.2182601774748
-1,1,12.452812788636564
-1,1,29.7
-1,1,29.7
-1,1,23.2031563593274
-1,1,17.199703950239673
-1,1,29.7
-1,1,29.53047064686293
-1,1,13.388346002892234
-1,1,29.7
-1,1,19.07339300338407
-1,1,6.992507588909586
-1,1,12.298192954212707
-1,1,27.16709456139173
-1,1,12.800281249111343
-1,1,29.7
-1,1,29.7
-1,1,29.7
-1,1,20.487511319879754
-1,1,27.744720864708828
-1,1,29.244377671036645
-1,1,9.947634296337025
-1,1,5.869757386727461
-1,1,17.301051818531313
-1,1,1.6500000000000001
-1,1,24.306772025321763
-1,1,29.7
-1,1,21.770308775869815
-1,1,29.182574123567704
-1,1,19.16295621750493
-1,1,29.7
-1,1,29.7
-1,1,6.097178104842371
-1,1,29.7
-1,1,28.939992828176784
-1,1,24.588244080832027
-1,1,20.554468012831734
-1,1,29.7
-1,1,17.690351806639455
-1,1,20.2999804717002
-1,1,18.58532117785918
-1,1,9.722153846517006
-1,1,14.461704757237772
-1,1,18.652297714727634
-1,1,20.404449780086622
-1,1,19.708240466942087
-1,1,28.48531587659385
-1,1,20.93556616497647
-1,1,29.7
-1,1,6.726902053934232
-1,1,11.23908187424
-1,1,14.138617746431878
-1,1,4.9338973280135185
-1,1,24.95461827067356
-1,1,24.764145241922108
-1,1,8.620093985007113
-1,1,24.6963856436922
-1,1,29.7
-1,1,26.20134167305337
-1,1,17.67731277564981
-1,1,29.7
-1,1,28.210975194466464
-1,1,29.7
-1,1,29.7
-1,1,17.585791463184282
-1,1,11.942422207778751
-1,1,22.935873435684133
-1,1,18.45368410911225
-1,1,29.7
-1,1,6.670890039275243
-1,1,18.354864266358923
-1,1,9.140650475672862
-1,1,29.7
-1,1,12.081345191526603
-1,1,1.6500000000000001
-1,1,17.358733367001363
-1,1,19.885801120797762
-1,1,29.7
-1,1,29.7
-1,1,29.7
-1,1,8.734978903325379
-1,1,1.6500000000000001
-1,1,29.7
-1,1,16.523397405908348
-1,1,29.7
-1,1,29.7
-1,1,29.7
-2,1,18.746763574736804
-2,1,10.047927526006355
-2,1,29.7
-2,1,11.520300227432593
-2,1,22.9842953918835
-2,1,29.7
-2,1,29.7
-2,1,26.495566102194324
-2,1,17.061560824952462
-2,1,29.7
-2,1,4.250600596504384
-2,1,29.7
-2,1,27.564680914659483
-2,1,27.369623502483165
-2,1,5.808198732947345
-2,1,26.126528601028763
-2,1,7.459849011661382
-2,1,25.553054596669874
-2,1,29.7
-2,1,16.557640688727975
-2,1,29.7
-2,1,29.175404149286216
-2,1,1.6500000000000001
-2,1,29.7
-2,1,23.880349625395944
-2,1,9.241888501194246
-2,1,29.7
-2,1,29.7
-2,1,18.43775589346935
-2,1,29.7
-2,1,26.55681299283692
-2,1,17.586835558964683
-2,1,17.042839731110412
-2,1,29.7
-2,1,22.051539759593684
-2,1,18.05568164567436
-2,1,23.864851680108565
-2,1,13.825497070339166
-2,1,11.040598927218216
-2,1,1.6500000000000001
-2,1,11.260469408888445
-2,1,11.717043710934396
-2,1,29.7
-2,1,11.757134479631489
-2,1,7.7637202518612565
-2,1,25.166626520892017
-2,1,1.6500000000000001
-2,1,26.317465848235422
-2,1,20.69996639912068
-2,1,17.79887341786663
-2,1,1.6500000000000001
-2,1,17.218811419434857
-2,1,29.7
-2,1,26.14793616423139
-2,1,17.975512741382996
-2,1,29.7
-2,1,7.18802300563013
-2,1,20.940584614493282
-2,1,1.6500000000000001
-2,1,11.16794435034501
-2,1,15.251763476982227
-2,1,15.014399201319904
-2,1,25.59511916667504
-2,1,29.7
-2,1,2.913205862334891
-2,1,25.79124231498872
-2,1,18.675981955982564
-2,1,25.86422608703909
-2,1,24.108965823265105
-2,1,29.7
-2,1,27.57604367303265
-2,1,12.837677028534921
-2,1,16.243001871805877
-2,1,29.7
-2,1,29.7
-2,1,21.191271088218915
-2,1,29.7
-2,1,27.412245151835236
-2,1,29.7
-2,1,29.7
-2,1,22.61869409997527
-2,1,25.184268008215412
-2,1,29.7
-2,1,19.796131954987462
-2,1,18.740817956855047
-2,1,7.69275557600036
-2,1,29.7
-2,1,29.7
-2,1,14.944767592873982
-2,1,6.243613878897801
-2,1,29.7
-2,1,12.84515034711093
-2,1,29.7
-2,1,24.75854468398462
-2,1,16.376062372175628
-2,1,22.890320230239638
-2,1,20.22842735530131
-2,1,20.326517384754837
-2,1,27.79449510869866
-2,1,11.870761807823627
-2,1,26.062340478363748
-2,1,29.7
-2,1,18.600757938126435
-2,1,29.7
-2,1,29.7
-2,1,11.847717958347596
-2,1,16.62227652742299
-2,1,29.7
-2,1,19.1810014285075
-2,1,29.7
-2,1,9.879377587699976
-2,1,18.836842200525776
-2,1,22.006090312806247
-2,1,17.348172280489628
-2,1,22.573387727419576
-2,1,4.880164147543937
-2,1,29.7
-2,1,4.471130452816464
-2,1,14.99630468421736
-2,1,23.07441278510378
-2,1,26.63104090273991
-2,1,29.7
-3,1,9.440655343663625
-3,1,19.615925056453577
-3,1,25.041853366024355
-3,1,15.253191719290019
-3,1,14.182423685022117
-3,1,17.577884028414907
-3,1,29.7
-3,1,9.036304275121745
-3,1,11.39259441522295
-3,1,11.458929141076032
-3,1,16.54619524530363
-3,1,20.920122062799354
-3,1,23.191350509607425
-3,1,26.03191202481325
-3,1,1.6500000000000001
-3,1,8.28456109965316
-3,1,29.7
-3,1,29.7
-3,1,8.461625186409911
-3,1,29.7
-3,1,25.036081198264633
-3,1,8.74747123635439
-3,1,12.504892476545088
-3,1,16.848770772335975
-3,1,6.627075400715085
-3,1,29.7
-3,1,16.83965315735201
-3,1,29.7
-3,1,12.526164567389575
-3,1,15.453110892105776
-3,1,1.6500000000000001
-3,1,29.7
-3,1,2.1448275526409564
-3,1,29.7
-3,1,29.7
-3,1,18.82130995168832
-3,1,12.159154904719275
-3,1,23.7683300850885
-3,1,19.15085603035709
-3,1,29.7
-3,1,23.76659336243459
-3,1,1.6500000000000001
-3,1,24.00655205763919
-3,1,9.621252646458291
-3,1,12.140239134562371
-3,1,29.7
-3,1,22.179435164650858
-3,1,7.871919467017872
-3,1,18.54001512516878
-3,1,6.704361030059296
-3,1,17.28180894542813
-3,1,17.800362411826832
-3,1,16.37187408036702
-3,1,1.6500000000000001
-3,1,29.7
-3,1,19.04186231176399
-3,1,26.060729522127566
-3,1,19.113995719270832
-3,1,21.401804085557778
-3,1,29.7
-3,1,29.7
-3,1,21.92907656228079
-3,1,29.7
-3,1,21.356709967215654
-3,1,29.7
-3,1,29.7
-3,1,12.76527306772788
-3,1,25.509296712932784
-3,1,16.0858249849695
-3,1,22.132633502456155
-3,1,25.856199606486467
-3,1,12.28270783061586
-3,1,29.7
-3,1,8.24738730293599
-3,1,13.18888990780825
-3,1,21.27314919307853
-3,1,19.761398585542356
-3,1,17.385324906835347
-3,1,3.112256044708282
-3,1,22.411924998362903
-3,1,21.444542572426272
-3,1,26.408636940219836
-3,1,29.7
-3,1,10.365955155333436
-3,1,1.6500000000000001
-3,1,15.949790021553262
-3,1,11.021786813498368
-3,1,21.049611656774797
-3,1,21.103007037187098
-3,1,8.04834274480443
-3,1,6.17534716912933
-3,1,3.526146435188357
-3,1,29.7
-3,1,20.0878667284735
-3,1,13.134962675216517
-3,1,29.7
-3,1,5.696599423405097
-3,1,9.538726209193067
-3,1,29.7
-3,1,29.7
-3,1,16.209142008072085
-3,1,29.7
-3,1,23.06689706293112
-3,1,26.36018133692821
-3,1,22.61451712013686
-3,1,23.410028261921887
-3,1,28.732631914736892
-3,1,29.7
-3,1,29.58846237849841
-3,1,8.617387552716421
-3,1,23.164080682097243
-3,1,24.460547497739288
-3,1,26.61436516800799
-3,1,25.045444885209346
-3,1,29.7
-3,1,9.689688256933335
-3,1,13.663719274728674
-3,1,8.813302791312804
-3,1,24.46287907991571
-3,1,29.7
-3,1,8.333029524709337
-3,1,13.773506573498395
-4,1,13.862176098792325
-4,1,1.6500000000000001
-4,1,29.7
-4,1,15.600324691734688
-4,1,7.679915171209011
-4,1,29.7
-4,1,18.939138646414545
-4,1,29.7
-4,1,16.368471623510434
-4,1,29.7
-4,1,25.922611855404824
-4,1,8.85121146860004
-4,1,20.395529948666926
-4,1,19.104883859791478
-4,1,1.6500000000000001
-4,1,19.40978512320876
-4,1,29.7
-4,1,19.873553328102993
-4,1,19.011959938461796
-4,1,13.544686508781208
-4,1,27.80463064779551
-4,1,6.717757428660438
-4,1,16.78486340829373
-4,1,7.210778886095319
-4,1,29.7
-4,1,6.806556245308947
-4,1,18.089103001189816
-4,1,29.7
-4,1,10.425959410973608
-4,1,14.713597159543372
-4,1,16.394629150811546
-4,1,8.556590114782091
-4,1,26.095842461633524
-4,1,20.335379103224906
-4,1,29.7
-4,1,16.933789468479254
-4,1,14.891177175054857
-4,1,28.452495481673367
-4,1,3.1198852520820566
-4,1,16.426597417626457
-4,1,29.7
-4,1,27.21368298447276
-4,1,15.393418831238503
-4,1,24.91393423446263
-4,1,11.794248826247696
-4,1,29.1683228188933
-4,1,1.6500000000000001
-4,1,29.7
-4,1,28.051729425044062
-4,1,16.201150477919448
-4,1,9.721634168236626
-4,1,28.65131282294996
-4,1,19.671526771335618
-4,1,1.6500000000000001
-4,1,14.995223487170197
-4,1,19.47921305818412
-4,1,6.917133854513615
-4,1,18.50824499539578
-4,1,9.39273306533596
-4,1,23.48241777571071
-4,1,14.426986584821785
-4,1,23.90571928717169
-4,1,27.135601171856514
-4,1,9.976730291699202
-4,1,15.171891154018027
-4,1,19.276451685841046
-4,1,10.00601431577169
-4,1,22.461806487997578
-4,1,1.6500000000000001
-4,1,2.0006587888210063
-4,1,8.000260199713429
-4,1,21.033898901033197
-4,1,4.469296848811183
-4,1,11.079465748778693
-4,1,22.191189171946206
-4,1,11.177057767686787
-4,1,21.12203681429407
-4,1,12.63678659988769
-4,1,26.097631240550935
-4,1,29.7
-4,1,20.972978667539223
-4,1,29.7
-4,1,5.041986471188757
-4,1,22.865257328084844
-4,1,1.6500000000000001
-4,1,8.96858669157029
-4,1,12.813229160104964
-4,1,12.417061762815317
-4,1,24.0142539780368
-4,1,1.6500000000000001
-4,1,9.28836147493602
-4,1,10.642185638218315
-4,1,18.754520520001794
-4,1,20.090337402337248
-4,1,14.716835995819707
-4,1,17.813030604522638
-4,1,14.244226579803358
-4,1,23.000186469621056
-4,1,22.522505289916847
-4,1,20.415769789941155
-4,1,28.008055386765648
-4,1,23.787980845134943
-4,1,20.591215414932623
-4,1,18.427152675369975
-4,1,15.705321004948111
-4,1,1.6500000000000001
-4,1,29.7
-4,1,11.14825811630586
-4,1,29.7
-4,1,23.866231420340977
-4,1,18.938489425223864
-4,1,13.31396928827374
-4,1,13.389792493528457
-4,1,23.702698947772614
-4,1,2.286712698654691
-4,1,29.7
-4,1,11.198571730343298
-4,1,1.9825784996166291
-4,1,24.93069492596391
-4,1,1.6829326635495647
-4,1,22.108146602447327
-4,1,7.154536239120564
-5,1,18.803276636487855
-5,1,18.509519519507887
-5,1,20.090076514593598
-5,1,1.6500000000000001
-5,1,4.033752552278089
-5,1,13.006834033815428
-5,1,12.607466196145593
-5,1,26.335140338640834
-5,1,1.6500000000000001
-5,1,1.6500000000000001
-5,1,18.723218635581286
-5,1,3.0117797269579185
-5,1,14.531665426239234
-5,1,7.727053036713448
-5,1,4.090499842030383
-5,1,17.81454114509003
-5,1,11.810970481368573
-5,1,5.936724203100569
-5,1,12.760507420631697
-5,1,3.6059476399118644
-5,1,17.07276243054668
-5,1,17.679689121948638
-5,1,16.72787887180285
-5,1,29.7
-5,1,26.206553808054966
-5,1,29.7
-5,1,14.987624714854515
-5,1,8.958240905526258
-5,1,29.7
-5,1,29.7
-5,1,10.157625061293277
-5,1,6.553816273660085
-5,1,29.7
-5,1,6.950242764635359
-5,1,29.7
-5,1,24.922976212240044
-5,1,7.268888360907072
-5,1,1.6500000000000001
-5,1,3.657811489123267
-5,1,27.13391885742101
-5,1,28.033492138699582
-5,1,9.476355390022531
-5,1,6.917784598387659
-5,1,29.7
-5,1,21.192316857482737
-5,1,8.422179680516528
-5,1,22.300103681035324
-5,1,16.796589320227813
-5,1,8.99281711247337
-5,1,25.42819780777094
-5,1,1.6500000000000001
-5,1,26.338406987237793
-5,1,17.418843135665583
-5,1,23.6839457195656
-5,1,28.25087077522432
-5,1,7.6803101317082705
-5,1,1.6500000000000001
-5,1,7.860310862588996
-5,1,20.434876908102595
-5,1,21.60294852158847
-5,1,1.6500000000000001
-5,1,27.576666961516317
-5,1,21.213684323772423
-5,1,9.078756919583357
-5,1,13.570879081626941
-5,1,1.6500000000000001
-5,1,8.337479988564038
-5,1,9.587175744442172
-5,1,4.887765699455269
-5,1,1.6500000000000001
-5,1,15.333873548384773
-5,1,11.642707827862266
-5,1,1.6500000000000001
-5,1,14.369298624243134
-5,1,12.670867841102229
-5,1,15.043252162934419
-5,1,1.6500000000000001
-5,1,11.661761990950769
-5,1,29.7
-5,1,19.63295561358953
-5,1,24.96858350783222
-5,1,29.7
-5,1,29.7
-5,1,23.1527807778316
-5,1,25.95893551911826
-5,1,24.832876021497448
-5,1,1.6500000000000001
-5,1,8.402753913418366
-5,1,9.565357801972253
-5,1,6.596118413454754
-5,1,23.38548026104471
-5,1,8.392021674795448
-5,1,29.7
-5,1,9.663011764476728
-5,1,23.203029058511056
-5,1,13.592130739524626
-5,1,19.627657824462865
-5,1,29.7
-5,1,29.7
-5,1,23.175398654449396
-5,1,15.397790091983136
-5,1,17.043995395393054
-5,1,14.968588185879323
-5,1,16.30965018617184
-5,1,27.585443272063223
-5,1,17.929666794720642
-5,1,13.892396848267696
-5,1,18.047821835808012
-5,1,10.652341528353066
-5,1,19.746150035228023
-5,1,3.6320992444623723
-5,1,12.852352929124569
-5,1,29.7
-5,1,3.8446861653937905
-5,1,17.20345653527732
-5,1,5.968036932698572
-5,1,17.196468658398008
-5,1,20.500459202210337
-5,1,29.7
-5,1,1.6500000000000001
-5,1,29.7
-5,1,29.355318732217256
-6,1,17.28097309790176
-6,1,8.55352188206101
-6,1,8.981378318485667
-6,1,25.43002787123372
-6,1,5.167035911313803
-6,1,15.098802775558806
-6,1,5.254732910683158
-6,1,29.7
-6,1,23.211475348332243
-6,1,22.224507849150168
-6,1,15.73492896852464
-6,1,29.616041391286963
-6,1,18.256838715023665
-6,1,3.3363790527333865
-6,1,18.278207373729074
-6,1,25.58885026836206
-6,1,14.257523556747776
-6,1,17.56707438428185
-6,1,9.280375181327186
-6,1,6.978155777808023
-6,1,22.670103253328097
-6,1,23.62892670074476
-6,1,1.6500000000000001
-6,1,10.70096495571395
-6,1,24.40061253520162
-6,1,8.825627903040033
-6,1,29.7
-6,1,29.7
-6,1,19.876552750781734
-6,1,17.85246572110325
-6,1,18.18041684110308
-6,1,6.721782067859582
-6,1,3.4130895700259503
-6,1,24.22693726634993
-6,1,22.759070770080385
-6,1,11.598487196962015
-6,1,8.810917412819261
-6,1,2.14628992774678
-6,1,1.6500000000000001
-6,1,9.938823478933095
-6,1,18.995544539387232
-6,1,1.6500000000000001
-6,1,12.97143579071297
-6,1,9.592501000817764
-6,1,20.56674711150615
-6,1,29.7
-6,1,1.660432172003489
-6,1,23.71446037902082
-6,1,28.215122169924726
-6,1,2.455878770562787
-6,1,29.7
-6,1,17.388462840154993
-6,1,29.7
-6,1,19.449211254942917
-6,1,29.7
-6,1,25.22726635382537
-6,1,20.79076312365337
-6,1,3.0063424192321406
-6,1,10.388445581669112
-6,1,29.7
-6,1,2.4924205409801043
-6,1,1.6500000000000001
-6,1,20.275582917309492
-6,1,1.6500000000000001
-6,1,21.857061598852514
-6,1,6.368871621749314
-6,1,29.7
-6,1,14.900285155995148
-6,1,1.6500000000000001
-6,1,18.40522675600119
-6,1,22.720735661200628
-6,1,3.5879650118642576
-6,1,24.55538774765195
-6,1,1.6500000000000001
-6,1,12.523454540369897
-6,1,29.191782638581746
-6,1,24.505691149478128
-6,1,10.339170422071874
-6,1,19.912602204090916
-6,1,5.567979631562311
-6,1,1.6500000000000001
-6,1,1.6500000000000001
-6,1,3.392453531888183
-6,1,19.18882100292194
-6,1,23.358973465102043
-6,1,29.7
-6,1,21.5411790829905
-6,1,14.211842390113016
-6,1,9.064551271548975
-6,1,9.009066800119509
-6,1,29.7
-6,1,10.496801230458122
-6,1,23.071633847683714
-6,1,18.988169582837795
-6,1,1.6500000000000001
-6,1,9.154372474848302
-6,1,24.705247323274733
-6,1,13.746201079238311
-6,1,17.029356336630343
-6,1,26.837132462421565
-6,1,19.64441152709061
-6,1,1.6500000000000001
-6,1,16.50965575063374
-6,1,13.525192428361349
-6,1,2.1712686010281512
-6,1,28.410768203232365
-6,1,3.793007334646953
-6,1,29.572482987231083
-6,1,26.019664610140886
-6,1,18.93721948259809
-6,1,11.966252754426502
-6,1,13.673350556226566
-6,1,5.882790117927111
-6,1,17.885892509386558
-6,1,29.7
-6,1,20.6556474983908
-6,1,21.83167409373948
-6,1,12.789191831642022
-6,1,25.83832646528787
-6,1,5.029845945481334
-6,1,20.38041812479775
-6,1,1.6500000000000001
-6,1,3.813573272339969
-7,1,9.158234432493808
-7,1,21.218927519622646
-7,1,2.7516025422774284
-7,1,4.649664691624119
-7,1,16.788282588416987
-7,1,29.7
-7,1,2.2649772283144083
-7,1,25.91697950911084
-7,1,8.664946586808194
-7,1,18.94693513185333
-7,1,10.298562566729908
-7,1,9.407043645242048
-7,1,16.583566189623504
-7,1,5.0088882123968155
-7,1,4.84779625334415
-7,1,29.7
-7,1,1.6500000000000001
-7,1,15.8705396920138
-7,1,8.478627665519948
-7,1,3.3486807950571613
-7,1,14.973257403596122
-7,1,9.963048181829423
-7,1,24.56105855612939
-7,1,13.327698193041739
-7,1,10.895446916486652
-7,1,1.6500000000000001
-7,1,5.358611304263848
-7,1,29.7
-7,1,1.6500000000000001
-7,1,21.33746487868742
-7,1,13.951427657408116
-7,1,20.76282769850008
-7,1,12.457810717447316
-7,1,1.6500000000000001
-7,1,3.7881169610925856
-7,1,12.856690623706148
-7,1,6.097133471937454
-7,1,24.15057046509397
-7,1,20.395569401248146
-7,1,2.67103853941632
-7,1,6.771869708114471
-7,1,29.7
-7,1,15.688619607833388
-7,1,13.123055519298966
-7,1,1.6500000000000001
-7,1,15.283814256926387
-7,1,22.188137840601478
-7,1,21.945696977268444
-7,1,8.627076120134799
-7,1,22.5029614413996
-7,1,27.045063394966512
-7,1,11.58575656652468
-7,1,21.26675418016555
-7,1,1.6500000000000001
-7,1,14.085910353120783
-7,1,9.45611420667029
-7,1,1.6500000000000001
-7,1,1.6500000000000001
-7,1,14.236254819255917
-7,1,10.741326309421009
-7,1,19.430061625535163
-7,1,22.612555955849835
-7,1,23.66314324080983
-7,1,29.7
-7,1,26.47333713546924
-7,1,15.330576998868052
-7,1,13.163210603297934
-7,1,19.593627106823657
-7,1,29.7
-7,1,22.15158637670953
-7,1,13.664179563842072
-7,1,12.825902717320911
-7,1,7.429172253971993
-7,1,28.176146928673127
-7,1,1.6500000000000001
-7,1,11.934266306399344
-7,1,11.110908253507736
-7,1,17.476485084810086
-7,1,9.106147518340158
-7,1,19.409019830768344
-7,1,8.059304737424757
-7,1,21.30515713477726
-7,1,5.621947413299607
-7,1,29.7
-7,1,8.552571625067404
-7,1,5.10736471988271
-7,1,21.034621890375117
-7,1,8.549647829273365
-7,1,10.152747604309685
-7,1,24.953704498481372
-7,1,29.7
-7,1,1.6500000000000001
-7,1,13.080783704259833
-7,1,13.423256981792257
-7,1,6.5553888720701
-7,1,29.7
-7,1,2.2451028903976447
-7,1,27.901144379381826
-7,1,1.6500000000000001
-7,1,1.6500000000000001
-7,1,1.6500000000000001
-7,1,1.6500000000000001
-7,1,16.094609736533606
-7,1,12.906674542960376
-7,1,1.6500000000000001
-7,1,28.32394008171388
-7,1,4.525967690896442
-7,1,1.6500000000000001
-7,1,26.973076242538063
-7,1,12.227200072944585
-7,1,9.249766539435342
-7,1,1.6500000000000001
-7,1,2.8440187182329613
-7,1,9.410305700688244
-7,1,16.660550629692384
-7,1,29.7
-7,1,1.6500000000000001
-7,1,8.648158228847791
-7,1,22.520818311188137
-7,1,4.030117920229637
-7,1,28.53502643910715
-7,1,5.461597501427988
-8,1,22.433595497013403
-8,1,25.491042263187552
-8,1,24.759442895995086
-8,1,9.076480347526894
-8,1,29.7
-8,1,22.178576032004337
-8,1,8.446100113798044
-8,1,6.184738089953579
-8,1,10.253653744494176
-8,1,20.276799792640272
-8,1,1.72390339706552
-8,1,29.21225968823437
-8,1,29.7
-8,1,22.103495202101556
-8,1,13.402864147057024
-8,1,13.06026729850845
-8,1,14.550713467478186
-8,1,12.47830174290823
-8,1,12.92608768237656
-8,1,3.414582895733119
-8,1,17.389835450461902
-8,1,29.7
-8,1,24.367004202947896
-8,1,10.167024774615912
-8,1,7.4364656112724585
-8,1,29.7
-8,1,3.994304058235894
-8,1,7.877062073990094
-8,1,4.429074742204083
-8,1,7.983087227142603
-8,1,1.6500000000000001
-8,1,8.424494238898289
-8,1,6.7645340388947215
-8,1,29.7
-8,1,20.67088376548164
-8,1,13.830315257618023
-8,1,19.56754414325634
-8,1,17.684117840444536
-8,1,16.36616142744453
-8,1,6.8926125355854575
-8,1,1.6500000000000001
-8,1,9.152216295668028
-8,1,6.307566416155189
-8,1,28.885717008297505
-8,1,1.6500000000000001
-8,1,5.171890142759761
-8,1,1.6500000000000001
-8,1,1.6500000000000001
-8,1,20.56310176900793
-8,1,1.6500000000000001
-8,1,10.305914684828984
-8,1,29.7
-8,1,7.430266236465818
-8,1,3.0611401914304572
-8,1,21.031711372581466
-8,1,1.6500000000000001
-8,1,1.6500000000000001
-8,1,13.855137006014846
-8,1,17.433642131290345
-8,1,1.6500000000000001
-8,1,1.6500000000000001
-8,1,14.41280188702758
-8,1,18.98635832336496
-8,1,1.6500000000000001
-8,1,8.677421909035488
-8,1,12.201143565818
-8,1,20.356602892338465
-8,1,24.317380775985782
-8,1,29.7
-8,1,21.799463393536264
-8,1,15.366687625299324
-8,1,23.735273110880645
-8,1,1.6500000000000001
-8,1,13.071535322492132
-8,1,18.754141478560534
-8,1,28.741737203103916
-8,1,5.2743011964653785
-8,1,1.6500000000000001
-8,1,12.554485638074807
-8,1,9.264590456502185
-8,1,28.615217443778327
-8,1,6.27151656034811
-8,1,7.288508035122874
-8,1,3.338209261516914
-8,1,1.8086116550643538
-8,1,9.851148788176387
-8,1,11.760824179251063
-8,1,19.9568146531088
-8,1,27.670544983790307
-8,1,13.166716112860918
-8,1,18.086098033436482
-8,1,11.034657943218278
-8,1,7.7335182051742475
-8,1,10.422173836685406
-8,1,20.79828643033482
-8,1,20.69464294644827
-8,1,20.460180310246113
-8,1,5.359780819254098
-8,1,12.739386293262507
-8,1,1.9686512516128634
-8,1,1.6500000000000001
-8,1,13.527634110283072
-8,1,1.9820473197135193
-8,1,13.25494992229924
-8,1,11.418027002530362
-8,1,2.779875815823515
-8,1,29.7
-8,1,10.528016806706091
-8,1,1.6500000000000001
-8,1,22.536127225307407
-8,1,1.6500000000000001
-8,1,12.371148117826905
-8,1,6.418214421041656
-8,1,3.200556125565651
-8,1,26.936883545532822
-8,1,23.448977623760356
-8,1,15.780904318287433
-8,1,29.7
-8,1,18.428217880571534
-8,1,2.16659084479533
-8,1,28.495695167728826
-8,1,11.949777730462646
-9,1,7.667789913875648
-9,1,9.113513850011747
-9,1,2.7695698372119146
-9,1,14.087032806024784
-9,1,13.634584395507186
-9,1,29.7
-9,1,15.132542490424164
-9,1,10.09631763511838
-9,1,12.137714360245901
-9,1,4.382481844185353
-9,1,25.67476801360536
-9,1,29.7
-9,1,11.08314115416489
-9,1,12.918327200309722
-9,1,10.518869021816556
-9,1,14.43602911104697
-9,1,29.7
-9,1,1.6500000000000001
-9,1,8.909137656494533
-9,1,1.6500000000000001
-9,1,29.7
-9,1,7.468606474806981
-9,1,15.373266591932726
-9,1,1.6500000000000001
-9,1,12.322596395669771
-9,1,27.236719634610115
-9,1,9.764023068989324
-9,1,16.426979835080562
-9,1,23.006425647191776
-9,1,1.6500000000000001
-9,1,29.7
-9,1,17.73296349167463
-9,1,21.71304827042512
-9,1,19.120807324251054
-9,1,14.439454008969895
-9,1,21.564554767339388
-9,1,26.58829527488609
-9,1,9.996553777519065
-9,1,21.85352624490066
-9,1,14.94946392755832
-9,1,20.22400377340098
-9,1,13.412280840919987
-9,1,5.08566869773621
-9,1,1.6500000000000001
-9,1,12.573488475301996
-9,1,6.090702027240309
-9,1,21.038209706146418
-9,1,7.3452586384868495
-9,1,24.362023532125814
-9,1,1.6500000000000001
-9,1,21.711013924377042
-9,1,19.84781584715015
-9,1,22.543536711506313
-9,1,3.687001324172
-9,1,11.370860526674262
-9,1,8.409302532749559
-9,1,9.201424276390695
-9,1,10.283142183493407
-9,1,9.63648459169326
-9,1,2.509372488352515
-9,1,19.294807569501813
-9,1,1.6500000000000001
-9,1,24.612847727006816
-9,1,1.6500000000000001
-9,1,1.6500000000000001
-9,1,1.6500000000000001
-9,1,4.514736322481072
-9,1,20.645220102658445
-9,1,12.150713366647318
-9,1,2.73753164182291
-9,1,2.4277198902715043
-9,1,1.6500000000000001
-9,1,1.6500000000000001
-9,1,7.8564760415174515
-9,1,5.260434212185125
-9,1,1.6500000000000001
-9,1,26.066557755435774
-9,1,10.25837909255226
-9,1,2.1855188776935
-9,1,29.302568521436996
-9,1,29.7
-9,1,22.261044505859964
-9,1,29.7
-9,1,19.74865676369516
-9,1,29.7
-9,1,12.453595072467461
-9,1,23.84555734682455
-9,1,5.472058455509602
-9,1,4.469555588663058
-9,1,7.733261206879133
-9,1,27.441849597143012
-9,1,3.342751487669089
-9,1,4.306482612563364
-9,1,1.6500000000000001
-9,1,1.6500000000000001
-9,1,3.1576240484104012
-9,1,15.077351788619783
-9,1,2.4095262759037874
-9,1,16.675549446342266
-9,1,12.168076222347613
-9,1,18.89989176288263
-9,1,14.83931631606145
-9,1,1.6500000000000001
-9,1,1.6500000000000001
-9,1,4.933123853407438
-9,1,14.21893495336204
-9,1,29.122954705182458
-9,1,29.7
-9,1,5.179708140326431
-9,1,15.207708928772234
-9,1,1.7861523030366726
-9,1,14.410552330455024
-9,1,1.6500000000000001
-9,1,6.967402738316579
-9,1,22.697371425257554
-9,1,29.7
-9,1,11.677736071278758
-9,1,12.500318184987997
-9,1,6.00544196123805
-9,1,6.227905598927794
-9,1,19.56615320958008
-9,1,9.873798292188052
-10,1,3.2259963521373294
-10,1,3.504979146592053
-10,1,4.2723447065644535
-10,1,1.6565573703975192
-10,1,7.677711736371286
-10,1,16.095988879170562
-10,1,13.892035333583003
-10,1,29.7
-10,1,7.297608019972019
-10,1,1.6500000000000001
-10,1,19.13407887987562
-10,1,11.506373766945774
-10,1,19.5131529175759
-10,1,4.766613264128187
-10,1,11.786009232693083
-10,1,1.6500000000000001
-10,1,1.6500000000000001
-10,1,3.2642160050556654
-10,1,1.6500000000000001
-10,1,17.365913958561187
-10,1,11.59691022889057
-10,1,12.610450094143564
-10,1,1.8388984604887408
-10,1,27.73368334202409
-10,1,1.6500000000000001
-10,1,5.439090623116041
-10,1,12.963176563671482
-10,1,3.1243393530736885
-10,1,7.565183836124722
-10,1,1.6500000000000001
-10,1,16.44016487769293
-10,1,12.397272878120692
-10,1,29.051828269500454
-10,1,5.155785156669888
-10,1,2.590923657474349
-10,1,6.608578472457948
-10,1,14.505733129300115
-10,1,25.30128925083053
-10,1,1.6500000000000001
-10,1,7.200403899850144
-10,1,3.6335520392819536
-10,1,1.6500000000000001
-10,1,5.302240582221365
-10,1,6.468526521298646
-10,1,15.070412963715455
-10,1,18.033841631410795
-10,1,1.6500000000000001
-10,1,11.447790368437055
-10,1,1.6500000000000001
-10,1,9.102245227093833
-10,1,15.238814335144571
-10,1,19.655113340200465
-10,1,8.572510884572814
-10,1,5.239616045674299
-10,1,7.4731544507420455
-10,1,1.6500000000000001
-10,1,3.823883704809771
-10,1,19.580716334670644
-10,1,20.71145637026123
-10,1,8.276959033235935
-10,1,1.6500000000000001
-10,1,21.126197723979217
-10,1,1.6500000000000001
-10,1,17.462065513043868
-10,1,4.962376559611206
-10,1,1.6500000000000001
-10,1,12.701017495347731
-10,1,1.6500000000000001
-10,1,29.7
-10,1,1.6500000000000001
-10,1,14.094433930233077
-10,1,1.6500000000000001
-10,1,9.78397431753057
-10,1,3.650421147330862
-10,1,15.077955461658801
-10,1,1.6500000000000001
-10,1,6.951733406614205
-10,1,7.413675897025366
-10,1,5.972774035162165
-10,1,19.217732551606694
-10,1,7.271988850437476
-10,1,4.561925208826732
-10,1,15.739178969626689
-10,1,1.6500000000000001
-10,1,8.395245229264471
-10,1,1.6500000000000001
-10,1,2.191573419968205
-10,1,1.6500000000000001
-10,1,14.633218386301762
-10,1,20.253926159875384
-10,1,1.6500000000000001
-10,1,19.46108069526623
-10,1,2.7962274625207586
-10,1,3.3190925367287223
-10,1,22.583176216858735
-10,1,4.390625340124748
-10,1,14.205168489484182
-10,1,3.005063907900576
-10,1,1.7276006352904307
-10,1,17.056715165848622
-10,1,8.649640366044107
-10,1,29.7
-10,1,9.980815985489631
-10,1,5.6168762502657055
-10,1,1.6500000000000001
-10,1,1.6500000000000001
-10,1,2.5454391235417617
-10,1,9.074533383721917
-10,1,13.945010764565431
-10,1,5.849272591433664
-10,1,11.944649395090906
-10,1,1.6500000000000001
-10,1,6.689083736978244
-10,1,1.6500000000000001
-10,1,17.050320297114077
-10,1,12.426236734825382
-10,1,1.6500000000000001
-10,1,6.410126930454757
-10,1,8.553613041643764
-10,1,4.230862352098921
-10,1,16.339658155131612
-10,1,13.186456691870598
-9,1,12.475010377854886
-9,1,29.7
-9,1,23.351094450912722
-9,1,17.92741957449967
-9,1,1.6500000000000001
-9,1,14.098506272515907
-9,1,21.178379023507446
-9,1,21.28798331955428
-9,1,1.6500000000000001
-9,1,6.666509187361445
-9,1,1.6500000000000001
-9,1,29.7
-9,1,9.688932838692745
-9,1,29.7
-9,1,19.106181094104127
-9,1,12.81468108977359
-9,1,7.259056919310238
-9,1,1.6500000000000001
-9,1,13.274864515624403
-9,1,28.066432710312917
-9,1,26.800431689284483
-9,1,29.7
-9,1,20.060184873933856
-9,1,29.7
-9,1,22.406183980876463
-9,1,1.6500000000000001
-9,1,1.6500000000000001
-9,1,16.990523544329008
-9,1,8.331755170747595
-9,1,17.952217510665278
-9,1,3.7030669683634923
-9,1,8.188472978459325
-9,1,29.7
-9,1,1.6500000000000001
-9,1,7.122113698623606
-9,1,9.203006925885951
-9,1,8.811993220899689
-9,1,7.2662335452368
-9,1,3.4581582303308176
-9,1,4.894500222832038
-9,1,19.46079046728763
-9,1,7.969789547822215
-9,1,14.065388365899178
-9,1,17.773020591503652
-9,1,29.7
-9,1,16.432142309008178
-9,1,1.6500000000000001
-9,1,29.7
-9,1,22.485877338653694
-9,1,25.892498532547442
-9,1,13.435867208966322
-9,1,1.6500000000000001
-9,1,14.922578782084958
-9,1,1.6500000000000001
-9,1,1.6500000000000001
-9,1,27.17196805397945
-9,1,2.909085582552348
-9,1,12.609897868057633
-9,1,12.999603506023963
-9,1,12.640142605462822
-9,1,6.18849943114707
-9,1,13.090205965900621
-9,1,1.6500000000000001
-9,1,9.51312562500556
-9,1,8.66937765177444
-9,1,4.964061478923555
-9,1,3.243590700008151
-9,1,24.001404950523977
-9,1,17.482905338302377
-9,1,7.024624760528256
-9,1,10.987010180974972
-9,1,1.6500000000000001
-9,1,10.75794463020149
-9,1,16.36129923980893
-9,1,17.825270180509765
-9,1,1.6500000000000001
-9,1,1.6500000000000001
-9,1,2.3484971354463617
-9,1,3.7561032957749827
-9,1,17.2508104415674
-9,1,21.82511799380959
-9,1,25.87223345403536
-9,1,18.977213363920185
-9,1,10.053310145367718
-9,1,28.41111324219895
-9,1,19.14101384037929
-9,1,4.066889000566636
-9,1,27.88337438946519
-9,1,16.052787129847594
-9,1,14.141198952276287
-9,1,8.23822480400268
-9,1,18.21490351162884
-9,1,8.70450222972287
-9,1,1.6500000000000001
-9,1,18.255712358125148
-9,1,26.165413889324366
-9,1,3.0093248102444035
-9,1,5.493671901462481
-9,1,21.879094754960285
-9,1,20.79040467584052
-9,1,17.778154919425013
-9,1,2.8343572214178367
-9,1,1.6500000000000001
-9,1,12.335475438794163
-9,1,14.853595003210513
-9,1,22.814008177213715
-9,1,20.6712616723176
-9,1,1.6500000000000001
-9,1,14.06736358513455
-9,1,17.04407114913019
-9,1,20.888928970926035
-9,1,29.7
-9,1,1.6500000000000001
-9,1,1.6768557184440827
-9,1,5.79904681220807
-9,1,27.04585997432776
-9,1,15.36983543326362
-9,1,1.6500000000000001
-9,1,15.981599633530118
-9,1,7.6987316027316135
-9,1,29.7
-9,1,1.6500000000000001
-9,1,12.855446775509844
-9,2,17.2128687048909
-9,2,5.817186625075458
-9,2,1.6500000000000001
-9,2,24.67550254175177
-9,2,22.91754205432944
-9,2,28.564729635235288
-9,2,17.89750636532729
-9,2,14.90481937871811
-9,2,6.761795691643534
-9,2,10.353972951979781
-9,2,11.92008253817371
-9,2,23.213443296080804
-9,2,1.6500000000000001
-9,2,1.6500000000000001
-9,2,1.975955231964555
-9,2,14.126225107156795
-9,2,11.297516891473899
-9,2,13.462643356960426
-9,2,11.033033235079492
-9,2,13.909188482396939
-9,2,11.895201770983256
-9,2,5.1026685705191825
-9,2,10.833886140349462
-9,2,4.168422484330262
-9,2,1.6500000000000001
-9,2,9.523712228569119
-9,2,9.900118015733817
-9,2,28.017167304113052
-9,2,28.731452863543083
-9,2,2.602034943451729
-9,2,27.40251654440674
-9,2,19.89403457294226
-9,2,16.255013126195603
-9,2,26.506217550243484
-9,2,13.8393522743342
-9,2,1.6500000000000001
-9,2,10.511619234987077
-9,2,5.434395362619284
-9,2,13.146793838142326
-9,2,1.6500000000000001
-9,2,3.1003869425517987
-9,2,22.404746771133443
-9,2,29.7
-9,2,7.863187174447527
-9,2,10.521111076040137
-9,2,1.6500000000000001
-9,2,19.838041444401256
-9,2,21.701069450772685
-9,2,17.282386456102707
-9,2,19.94210675826804
-9,2,15.578354146114451
-9,2,3.5715579106354625
-9,2,20.079992510207266
-9,2,1.6500000000000001
-9,2,24.198794591734348
-9,2,8.977847571379646
-9,2,10.255330030099504
-9,2,11.173162738225233
-9,2,4.02839495018135
-9,2,1.6500000000000001
-9,2,1.6500000000000001
-9,2,5.156605022596165
-9,2,8.630256903476878
-9,2,2.8751654922590255
-9,2,1.6500000000000001
-9,2,7.038683138421412
-9,2,6.675005355909843
-9,2,24.79074353668807
-9,2,17.782715459005686
-9,2,11.414095978273373
-9,2,1.6500000000000001
-9,2,1.6500000000000001
-9,2,25.308414843876967
-9,2,5.141829265776232
-9,2,6.596242586342183
-9,2,22.163216875586635
-9,2,29.7
-9,2,2.9275751418542377
-9,2,3.007530277062534
-9,2,4.001275547407
-9,2,1.6500000000000001
-9,2,24.102589361173198
-9,2,26.26407512994814
-9,2,4.383249670250042
-9,2,12.8075460388486
-9,2,3.269850676381526
-9,2,12.583819736634462
-9,2,15.467553123155724
-9,2,1.6500000000000001
-9,2,19.061389870456985
-9,2,22.602042992826266
-9,2,10.459161211014635
-9,2,24.821096768333753
-9,2,1.6500000000000001
-9,2,10.586257680136308
-9,2,1.6500000000000001
-9,2,8.327018001433187
-9,2,1.6500000000000001
-9,2,12.63705001526301
-9,2,5.78234917551423
-9,2,8.928121508485791
-9,2,2.9884928782712326
-9,2,14.720467483829463
-9,2,4.126736543008065
-9,2,19.84887928368058
-9,2,1.6500000000000001
-9,2,13.810842152762898
-9,2,5.144099211503976
-9,2,1.6500000000000001
-9,2,5.376067182753533
-9,2,17.173457100140237
-9,2,11.759413837367063
-9,2,4.196848225157426
-9,2,12.891761544968514
-9,2,6.4058417083046075
-9,2,29.7
-9,2,25.261920986752735
-9,2,15.24388290536785
-9,2,28.088597014725543
-9,2,20.938154108859937
-9,2,29.7
-9,2,1.6500000000000001
-8,2,1.6500000000000001
-8,2,1.6500000000000001
-8,2,10.582788268749399
-8,2,29.7
-8,2,9.462134702632314
-8,2,23.951293805108648
-8,2,12.587384355659372
-8,2,6.177041281179507
-8,2,1.6500000000000001
-8,2,9.072367513819113
-8,2,22.657050005026793
-8,2,11.103555351302866
-8,2,19.86508282392754
-8,2,23.45835979481262
-8,2,17.77807406206103
-8,2,29.7
-8,2,14.961354434328452
-8,2,1.6500000000000001
-8,2,9.089350762985372
-8,2,1.6500000000000001
-8,2,11.279390629346008
-8,2,6.9341990843273305
-8,2,16.321113866749528
-8,2,1.6500000000000001
-8,2,8.36796503806606
-8,2,17.430500956844693
-8,2,1.6500000000000001
-8,2,11.408250508750752
-8,2,11.775880308556976
-8,2,17.354927146176166
-8,2,13.55731643781851
-8,2,2.9111944495779127
-8,2,1.6500000000000001
-8,2,12.219131267098584
-8,2,1.6500000000000001
-8,2,11.5597004139664
-8,2,5.608665240723685
-8,2,1.6500000000000001
-8,2,8.870725833147011
-8,2,23.902606614746162
-8,2,5.883883703210797
-8,2,17.21497936545293
-8,2,7.102745175665907
-8,2,1.6500000000000001
-8,2,1.6500000000000001
-8,2,1.6500000000000001
-8,2,8.018174618507821
-8,2,15.945110608941892
-8,2,1.6500000000000001
-8,2,19.877111458830736
-8,2,1.6500000000000001
-8,2,27.033088641581607
-8,2,27.79450850960358
-8,2,1.6500000000000001
-8,2,18.467162745356582
-8,2,7.018345570349046
-8,2,29.7
-8,2,1.990504767704067
-8,2,18.048572193389532
-8,2,27.69595419326098
-8,2,26.400567770227664
-8,2,12.201160834794896
-8,2,13.841366393990704
-8,2,8.212175595845382
-8,2,12.209002895026115
-8,2,1.9826573256126103
-8,2,1.6500000000000001
-8,2,21.843013308069906
-8,2,2.8165600054496878
-8,2,19.001687917056405
-8,2,20.211319638029543
-8,2,5.34543086443237
-8,2,9.837252142931508
-8,2,16.515036062144045
-8,2,1.6500000000000001
-8,2,11.748243792687338
-8,2,5.599776024266432
-8,2,14.666169066680936
-8,2,1.6500000000000001
-8,2,3.594822319660043
-8,2,20.613187870963543
-8,2,17.913259880229393
-8,2,29.7
-8,2,11.637256513568563
-8,2,15.967649655622727
-8,2,3.0667626309795804
-8,2,26.113976726031275
-8,2,19.293532605609904
-8,2,29.275855803175077
-8,2,17.042214924955402
-8,2,14.914811343131847
-8,2,13.61345670847988
-8,2,29.120197896739576
-8,2,1.6500000000000001
-8,2,11.75265695737901
-8,2,9.063466457304726
-8,2,1.6500000000000001
-8,2,1.6500000000000001
-8,2,1.6500000000000001
-8,2,6.585531175586026
-8,2,5.40018092582568
-8,2,1.6500000000000001
-8,2,22.143569088622293
-8,2,26.113898129455553
-8,2,10.092260893394085
-8,2,1.6500000000000001
-8,2,6.3133382868226615
-8,2,17.815979302450977
-8,2,16.161723342635074
-8,2,1.6500000000000001
-8,2,5.8272087867849
-8,2,1.6500000000000001
-8,2,7.131729312018229
-8,2,1.6500000000000001
-8,2,28.553980625383918
-8,2,15.214595800398357
-8,2,1.6500000000000001
-8,2,17.91401658606826
-8,2,1.6500000000000001
-8,2,5.564101541969695
-8,2,29.7
-8,2,19.77578126624539
-9,2,15.940308803218214
-9,2,2.9872523128448725
-9,2,10.284719415993418
-9,2,11.043681206191033
-9,2,19.73264063915567
-9,2,1.6500000000000001
-9,2,16.915461519010982
-9,2,14.271746716353535
-9,2,10.671885155010088
-9,2,10.208351304019548
-9,2,6.495133990435114
-9,2,11.673372115956886
-9,2,6.355519325276268
-9,2,1.6500000000000001
-9,2,1.6500000000000001
-9,2,8.358609502740407
-9,2,3.113471163881754
-9,2,11.262279919317677
-9,2,1.6500000000000001
-9,2,12.234862459838908
-9,2,1.6500000000000001
-9,2,1.6500000000000001
-9,2,1.6500000000000001
-9,2,15.277562188117198
-9,2,29.7
-9,2,1.6500000000000001
-9,2,8.832470749578473
-9,2,14.10603999121497
-9,2,7.3116379651010845
-9,2,17.590516291762896
-9,2,8.619627349832934
-9,2,3.157239751717632
-9,2,1.6500000000000001
-9,2,20.09765069780135
-9,2,10.711687583879055
-9,2,17.17276680034569
-9,2,25.7452185959171
-9,2,1.6500000000000001
-9,2,9.416261962717188
-9,2,15.662341713275941
-9,2,10.039882081589626
-9,2,7.46811621752154
-9,2,1.6500000000000001
-9,2,11.233825223893916
-9,2,26.49417747193492
-9,2,28.616693935065875
-9,2,19.58457899514592
-9,2,14.115779907947845
-9,2,29.302087711818757
-9,2,19.492141734504173
-9,2,19.373815083737586
-9,2,23.418300119249523
-9,2,1.6500000000000001
-9,2,24.73539769355489
-9,2,19.68199008434049
-9,2,1.6500000000000001
-9,2,8.896121623850366
-9,2,5.454698230504403
-9,2,14.423374060481724
-9,2,1.6500000000000001
-9,2,7.361048947667892
-9,2,18.25503501866362
-9,2,29.7
-9,2,17.493678629388263
-9,2,21.29284176387381
-9,2,16.07524161088032
-9,2,8.261052682453531
-9,2,1.6500000000000001
-9,2,11.194746565880779
-9,2,24.425059956294533
-9,2,22.61912337443789
-9,2,10.113699605843465
-9,2,14.436007615408393
-9,2,24.058430761025583
-9,2,4.904120265003872
-9,2,3.234706593998059
-9,2,18.316068791419195
-9,2,16.738343039554042
-9,2,2.424461579423168
-9,2,20.773273385814594
-9,2,11.452622212335177
-9,2,17.21886897231311
-9,2,19.272968189153104
-9,2,1.6500000000000001
-9,2,1.6500000000000001
-9,2,10.717356860423067
-9,2,27.838095991530082
-9,2,5.824943881089636
-9,2,26.04340750343507
-9,2,15.92668952119465
-9,2,14.775957410218545
-9,2,10.766647273210337
-9,2,12.987863239910455
-9,2,1.6500000000000001
-9,2,16.429810192556978
-9,2,1.6500000000000001
-9,2,29.7
-9,2,14.977014642831943
-9,2,3.192183438438521
-9,2,12.565168818559272
-9,2,4.7341916912953845
-9,2,1.6500000000000001
-9,2,1.6500000000000001
-9,2,19.488056600091788
-9,2,2.9408535090468924
-9,2,16.51699063110931
-9,2,29.7
-9,2,15.709853178050578
-9,2,24.699874111028635
-9,2,29.11400689018982
-9,2,1.6500000000000001
-9,2,1.6500000000000001
-9,2,11.86072499477036
-9,2,6.403011394114055
-9,2,17.504990057053014
-9,2,4.176469049852774
-9,2,3.551668718326913
-9,2,1.6500000000000001
-9,2,1.6500000000000001
-9,2,2.682968531210067
-9,2,1.6500000000000001
-9,2,9.47610282308937
-10,2,2.290994049609261
-10,2,5.04071223834802
-10,2,10.5840731903625
-10,2,17.106962346460538
-10,2,1.6500000000000001
-10,2,12.03521735437627
-10,2,20.52662952798069
-10,2,1.6500000000000001
-10,2,2.4690486277377266
-10,2,13.298638732917599
-10,2,1.6500000000000001
-10,2,9.480852881466483
-10,2,29.7
-10,2,1.6500000000000001
-10,2,9.729865615638232
-10,2,6.503782181948386
-10,2,16.491036620378168
-10,2,6.043286541322811
-10,2,2.7863117024669153
-10,2,29.7
-10,2,11.528374317922232
-10,2,8.719805259127508
-10,2,23.24843529894155
-10,2,1.6500000000000001
-10,2,13.327448454081198
-10,2,21.202764653948698
-10,2,1.6500000000000001
-10,2,1.6500000000000001
-10,2,4.774419980624282
-10,2,10.213097759223757
-10,2,10.436275692332604
-10,2,27.387727336282357
-10,2,1.6500000000000001
-10,2,26.64625561964091
-10,2,19.4623942328189
-10,2,8.07464073409083
-10,2,16.42477058415748
-10,2,29.7
-10,2,20.848314760975
-10,2,17.431185153816802
-10,2,17.061181887277424
-10,2,18.872554908063762
-10,2,24.11345471762627
-10,2,2.565688389356918
-10,2,16.47333797734732
-10,2,3.323342189893256
-10,2,21.198966752543733
-10,2,1.6500000000000001
-10,2,9.454339142079077
-10,2,1.6500000000000001
-10,2,9.015493464707019
-10,2,3.200478189564441
-10,2,15.992808679782666
-10,2,23.24447131483207
-10,2,1.6500000000000001
-10,2,1.6500000000000001
-10,2,1.6500000000000001
-10,2,12.744784480368338
-10,2,15.951682747038618
-10,2,1.6500000000000001
-10,2,14.069685712888061
-10,2,1.6500000000000001
-10,2,10.355561059683648
-10,2,3.2547599187792344
-10,2,9.219195654898185
-10,2,18.784154473529423
-10,2,9.272796418584122
-10,2,17.95138281122208
-10,2,1.6500000000000001
-10,2,1.6500000000000001
-10,2,1.6500000000000001
-10,2,7.242158820830483
-10,2,11.27249452553318
-10,2,2.313614046244253
-10,2,8.693820529773811
-10,2,7.9911603387800945
-10,2,4.782922490708393
-10,2,1.6500000000000001
-10,2,14.86139679385364
-10,2,29.7
-10,2,4.242004828731041
-10,2,13.966648656236114
-10,2,7.220102533796579
-10,2,20.203434075712266
-10,2,8.472454949731489
-10,2,1.6500000000000001
-10,2,29.7
-10,2,13.588964898822832
-10,2,3.9556375672520154
-10,2,10.547818194046034
-10,2,4.478220435254747
-10,2,11.350244390156952
-10,2,2.5281825942109792
-10,2,17.70638265716373
-10,2,20.956822022172485
-10,2,3.0221766375326986
-10,2,1.6500000000000001
-10,2,8.431656537854366
-10,2,1.6500000000000001
-10,2,14.356825277059036
-10,2,22.056145378472337
-10,2,1.6500000000000001
-10,2,12.691063995174442
-10,2,29.7
-10,2,3.982864624233006
-10,2,1.6500000000000001
-10,2,8.877681314701789
-10,2,1.6500000000000001
-10,2,23.24699279855102
-10,2,1.6500000000000001
-10,2,10.246769197969169
-10,2,15.793698693850166
-10,2,10.213868020068091
-10,2,9.97492278336853
-10,2,1.6500000000000001
-10,2,13.159477564779438
-10,2,27.1137239897251
-10,2,1.6500000000000001
-10,2,4.178405638989598
-10,2,1.6500000000000001
-10,2,14.463520571715641
-10,2,11.314654426061383
-11,2,7.602056843456516
-11,2,9.659380467364361
-11,2,3.917339368757556
-11,2,5.326610264389835
-11,2,18.441515160414315
-11,2,25.880785134891084
-11,2,5.779374789034551
-11,2,10.232823602960272
-11,2,1.6500000000000001
-11,2,9.805996719798351
-11,2,19.321144296615238
-11,2,10.099676094419161
-11,2,10.727088795911307
-11,2,12.954455000681232
-11,2,10.787834545675654
-11,2,12.432529268662238
-11,2,1.6500000000000001
-11,2,18.518983641776487
-11,2,1.6500000000000001
-11,2,9.646830576362541
-11,2,1.6500000000000001
-11,2,5.657795442304918
-11,2,8.018452960240806
-11,2,8.247345428892636
-11,2,9.752449151539551
-11,2,1.6500000000000001
-11,2,4.904090256472398
-11,2,17.238022789421017
-11,2,2.061600824107063
-11,2,1.6500000000000001
-11,2,1.6500000000000001
-11,2,9.363789738779145
-11,2,9.029757187429873
-11,2,1.6500000000000001
-11,2,4.805509648610352
-11,2,19.3657313348619
-11,2,7.403795502738639
-11,2,6.414205002133124
-11,2,10.085093718191061
-11,2,11.426337690468126
-11,2,11.383238652628997
-11,2,12.902536558869972
-11,2,4.211755965300673
-11,2,10.841941230281606
-11,2,17.65864198298015
-11,2,14.251587856150142
-11,2,16.129045579316134
-11,2,7.888519891247684
-11,2,22.196463958612867
-11,2,13.53645169202694
-11,2,29.7
-11,2,16.701046628372495
-11,2,6.374683464693702
-11,2,22.032244224878724
-11,2,1.6500000000000001
-11,2,21.956149721256136
-11,2,1.6500000000000001
-11,2,1.6500000000000001
-11,2,4.636569437927928
-11,2,5.897196543887378
-11,2,16.88468058126267
-11,2,1.8194928612536856
-11,2,29.7
-11,2,4.65400106681556
-11,2,20.44145091612524
-11,2,20.057662201678035
-11,2,18.116018972608135
-11,2,7.205108244665439
-11,2,13.719299830635542
-11,2,13.212933474065892
-11,2,12.491076865189003
-11,2,1.6500000000000001
-11,2,25.311318289490046
-11,2,4.552102346878971
-11,2,16.1636481836074
-11,2,29.7
-11,2,5.119927781277234
-11,2,1.6500000000000001
-11,2,16.25902171462292
-11,2,18.050195651700164
-11,2,26.267172282269296
-11,2,10.723664196343194
-11,2,1.6500000000000001
-11,2,2.4885249659240323
-11,2,1.6500000000000001
-11,2,1.6500000000000001
-11,2,1.6500000000000001
-11,2,1.6500000000000001
-11,2,28.218973986089786
-11,2,16.272857603547493
-11,2,13.830300807442772
-11,2,1.6500000000000001
-11,2,21.468304112756464
-11,2,21.22501958527394
-11,2,15.814920135256557
-11,2,14.782814719128503
-11,2,29.7
-11,2,1.753034783336905
-11,2,1.6500000000000001
-11,2,2.603076349811686
-11,2,15.501706641423553
-11,2,27.254424317175665
-11,2,1.6500000000000001
-11,2,1.6500000000000001
-11,2,25.061010409538024
-11,2,14.507940249429264
-11,2,17.78585519935112
-11,2,14.028378995428051
-11,2,10.528783175643841
-11,2,1.6500000000000001
-11,2,4.791167450996949
-11,2,21.34003274708674
-11,2,13.288586604795606
-11,2,19.04704404633454
-11,2,18.455567680711617
-11,2,6.1819386904779225
-11,2,1.6500000000000001
-11,2,9.985361827175343
-11,2,1.6500000000000001
-11,2,9.794888361612959
-11,2,4.457723646574903
-11,2,13.995468985079615
-11,2,7.535267646265581
-11,3,2.9265019556037224
-11,3,1.6500000000000001
-11,3,19.16475632766784
-11,3,23.97485065663908
-11,3,29.7
-11,3,1.6500000000000001
-11,3,19.147983777941427
-11,3,6.146307176944828
-11,3,1.6500000000000001
-11,3,4.0154484590719415
-11,3,27.2999178190453
-11,3,1.6500000000000001
-11,3,25.947681718040627
-11,3,6.061884488619179
-11,3,21.507953494107504
-11,3,1.6500000000000001
-11,3,4.3070156770962775
-11,3,18.095978161350374
-11,3,27.417901985849035
-11,3,1.6500000000000001
-11,3,3.776372511872312
-11,3,7.951498887286288
-11,3,3.53514448595127
-11,3,13.203122842311707
-11,3,5.661164878874017
-11,3,29.7
-11,3,23.438842339817814
-11,3,29.7
-11,3,2.8662638638246642
-11,3,11.437046584767806
-11,3,16.300713872031096
-11,3,13.023314240268657
-11,3,1.6500000000000001
-11,3,1.6500000000000001
-11,3,8.873956357787694
-11,3,17.59542945893103
-11,3,19.41611824235399
-11,3,9.336243540661034
-11,3,22.648567703124733
-11,3,26.73796549901204
-11,3,6.344131338119305
-11,3,1.6500000000000001
-11,3,20.589117154983043
-11,3,1.6500000000000001
-11,3,29.7
-11,3,10.383765290568
-11,3,1.6500000000000001
-11,3,1.6500000000000001
-11,3,1.6500000000000001
-11,3,9.055892006738244
-11,3,1.6500000000000001
-11,3,5.528799690962535
-11,3,1.6500000000000001
-11,3,1.6500000000000001
-11,3,15.765930878220935
-11,3,29.7
-11,3,1.6500000000000001
-11,3,20.534738524310832
-11,3,8.912507625276396
-11,3,1.6500000000000001
-11,3,1.6500000000000001
-11,3,29.7
-11,3,1.6500000000000001
-11,3,1.6500000000000001
-11,3,13.92976330408216
-11,3,1.6753318189293855
-11,3,3.160858003026651
-11,3,21.419128229099847
-11,3,3.817398876878101
-11,3,17.076034551468666
-11,3,1.6500000000000001
-11,3,19.211210150594667
-11,3,16.356551950696133
-11,3,7.159451106976085
-11,3,1.6500000000000001
-11,3,1.6500000000000001
-11,3,13.671498759708532
-11,3,19.026525901889407
-11,3,1.6500000000000001
-11,3,4.585931700308613
-11,3,1.6500000000000001
-11,3,10.425769894053229
-11,3,1.6500000000000001
-11,3,1.6500000000000001
-11,3,1.6500000000000001
-11,3,1.6500000000000001
-11,3,14.044398898968357
-11,3,1.6500000000000001
-11,3,1.6500000000000001
-11,3,10.75779891200241
-11,3,26.582742924766908
-11,3,1.6500000000000001
-11,3,23.48900798898305
-11,3,8.738286444373403
-11,3,1.6500000000000001
-11,3,1.6500000000000001
-11,3,29.7
-11,3,11.649346791917814
-11,3,7.088141622464652
-11,3,16.314224113972237
-11,3,1.6500000000000001
-11,3,6.412438166523124
-11,3,9.580657484477474
-11,3,13.228408905180789
-11,3,17.418702401112164
-11,3,14.166951162035474
-11,3,21.721283005619732
-11,3,6.577485340400516
-11,3,5.114820018892006
-11,3,17.267701706373526
-11,3,3.8928707246982066
-11,3,4.880419129220291
-11,3,5.059106166775647
-11,3,15.273611339730705
-11,3,1.6500000000000001
-11,3,4.56664771803467
-11,3,1.6500000000000001
-11,3,17.59186338500929
-11,3,3.6911126469296067
-11,3,10.388933152609257
-11,3,1.6500000000000001
-11,3,21.14102549031326
-12,3,14.816246907779929
-12,3,15.93518174746335
-12,3,18.782498593090857
-12,3,3.452908702265837
-12,3,5.483987703716664
-12,3,10.545893349194976
-12,3,20.107462079199824
-12,3,6.252374512048647
-12,3,19.072036945629648
-12,3,1.6500000000000001
-12,3,18.989310684469995
-12,3,1.6500000000000001
-12,3,18.28590841869351
-12,3,20.634982511072277
-12,3,1.6500000000000001
-12,3,25.15819273046571
-12,3,1.6500000000000001
-12,3,11.237398931904863
-12,3,1.6500000000000001
-12,3,22.080317463631864
-12,3,21.88028402405029
-12,3,7.486333382107455
-12,3,23.439184089947954
-12,3,1.6500000000000001
-12,3,12.462361740060892
-12,3,6.399330079686829
-12,3,1.6500000000000001
-12,3,5.517826090964689
-12,3,1.6500000000000001
-12,3,1.6500000000000001
-12,3,1.6699877059607262
-12,3,1.6500000000000001
-12,3,1.6500000000000001
-12,3,5.016272888780125
-12,3,1.6500000000000001
-12,3,1.6500000000000001
-12,3,13.054407026672266
-12,3,2.8223054416591884
-12,3,9.493184358687703
-12,3,2.8192657174754134
-12,3,11.002166337763155
-12,3,7.472371612466592
-12,3,1.6500000000000001
-12,3,1.6500000000000001
-12,3,20.701889805884647
-12,3,8.920705153343139
-12,3,14.476950948971242
-12,3,3.2834658764443683
-12,3,18.308410562604607
-12,3,6.8774931931095615
-12,3,12.692659193750117
-12,3,1.6500000000000001
-12,3,9.201612837758343
-12,3,1.6500000000000001
-12,3,19.56220850076302
-12,3,10.302043744457244
-12,3,1.6500000000000001
-12,3,26.996083082714524
-12,3,1.6500000000000001
-12,3,8.46632332821714
-12,3,10.479507777894286
-12,3,9.497627309391909
-12,3,1.6500000000000001
-12,3,1.6500000000000001
-12,3,20.97085782361193
-12,3,1.6500000000000001
-12,3,22.03884043975073
-12,3,1.6500000000000001
-12,3,17.454762936580664
-12,3,1.6500000000000001
-12,3,1.6500000000000001
-12,3,7.094160084421812
-12,3,1.6500000000000001
-12,3,6.756026370326893
-12,3,5.896066987724823
-12,3,6.620450746073889
-12,3,7.129864642978418
-12,3,6.075507774702627
-12,3,11.947079046044763
-12,3,1.6500000000000001
-12,3,2.8997207578413398
-12,3,17.43301504393218
-12,3,12.94892435336429
-12,3,29.7
-12,3,1.6500000000000001
-12,3,21.21956930560664
-12,3,13.232531351743274
-12,3,28.196604691705417
-12,3,16.377616506822445
-12,3,16.896387337039585
-12,3,1.6500000000000001
-12,3,1.6500000000000001
-12,3,14.059969211396396
-12,3,1.6500000000000001
-12,3,29.7
-12,3,1.7876132774545468
-12,3,1.6500000000000001
-12,3,1.6500000000000001
-12,3,21.530888937602807
-12,3,6.937371976039656
-12,3,12.638322561833185
-12,3,15.536615726113155
-12,3,17.673888728763238
-12,3,5.584333419604307
-12,3,6.327887453229177
-12,3,10.98984753960041
-12,3,2.959282037505874
-12,3,1.6500000000000001
-12,3,1.6500000000000001
-12,3,1.6500000000000001
-12,3,1.6500000000000001
-12,3,1.6500000000000001
-12,3,24.55254690026244
-12,3,1.6500000000000001
-12,3,5.8603213721194685
-12,3,1.6500000000000001
-12,3,11.927628075617559
-12,3,5.530693107699226
-12,3,1.6500000000000001
-12,3,1.6500000000000001
-12,3,8.449812049490774
-12,3,2.78416504628198
-13,3,11.221877714004027
-13,3,1.6500000000000001
-13,3,1.6500000000000001
-13,3,11.739099711620954
-13,3,1.6500000000000001
-13,3,1.6500000000000001
-13,3,12.161129463614817
-13,3,1.6500000000000001
-13,3,11.058205482808376
-13,3,1.6500000000000001
-13,3,12.141105065051367
-13,3,1.6500000000000001
-13,3,1.6500000000000001
-13,3,16.266479467539185
-13,3,1.9476662524177786
-13,3,3.970968002050266
-13,3,16.563843072434793
-13,3,3.835088909453442
-13,3,26.34705820881102
-13,3,3.9553899172697218
-13,3,7.577083481421208
-13,3,3.00373252382877
-13,3,5.848253794671508
-13,3,3.5909470867510547
-13,3,1.6500000000000001
-13,3,8.548436307915308
-13,3,16.15172954416133
-13,3,1.6500000000000001
-13,3,1.6500000000000001
-13,3,1.6500000000000001
-13,3,15.01346316452052
-13,3,5.228834436157953
-13,3,4.5984807614303245
-13,3,1.6500000000000001
-13,3,9.615274273055714
-13,3,1.6500000000000001
-13,3,15.794271255465356
-13,3,1.6500000000000001
-13,3,18.384669832960967
-13,3,1.6500000000000001
-13,3,1.8943425508564764
-13,3,4.056892894964891
-13,3,1.6500000000000001
-13,3,13.102721815715865
-13,3,1.6500000000000001
-13,3,1.6500000000000001
-13,3,27.621551096750878
-13,3,9.162856990651072
-13,3,1.6500000000000001
-13,3,13.01541058614971
-13,3,1.6500000000000001
-13,3,23.461150619641984
-13,3,1.6500000000000001
-13,3,8.972927621216886
-13,3,27.9659534503101
-13,3,6.458433636355072
-13,3,1.6500000000000001
-13,3,6.569591651498159
-13,3,1.9952376578456388
-13,3,3.9078515562798772
-13,3,4.701882307283575
-13,3,1.6500000000000001
-13,3,7.2749704400186666
-13,3,12.310371277215463
-13,3,15.689900709477142
-13,3,29.7
-13,3,1.6500000000000001
-13,3,7.761362926481361
-13,3,14.680198104570307
-13,3,1.6500000000000001
-13,3,4.728451015513837
-13,3,10.162351441894604
-13,3,1.6500000000000001
-13,3,10.056892201606765
-13,3,16.89148046607739
-13,3,17.35656003708192
-13,3,1.6500000000000001
-13,3,1.6500000000000001
-13,3,16.211964494676067
-13,3,24.421922983930482
-13,3,1.6500000000000001
-13,3,28.951997772924553
-13,3,1.6500000000000001
-13,3,4.754674805546849
-13,3,14.060756612432202
-13,3,3.933604088862729
-13,3,12.86777266963415
-13,3,1.6500000000000001
-13,3,1.6500000000000001
-13,3,19.523786052196783
-13,3,5.003320151885524
-13,3,7.079398125126354
-13,3,1.6500000000000001
-13,3,1.6500000000000001
-13,3,1.6500000000000001
-13,3,8.168742394252412
-13,3,1.6500000000000001
-13,3,11.936076594370228
-13,3,1.6500000000000001
-13,3,1.6500000000000001
-13,3,18.581072836741946
-13,3,6.903905615828576
-13,3,20.88465018294194
-13,3,6.347803091195533
-13,3,1.6500000000000001
-13,3,1.6500000000000001
-13,3,18.712758757661632
-13,3,6.395781134631772
-13,3,1.6500000000000001
-13,3,1.9394706838901428
-13,3,9.482687431686154
-13,3,14.430829562612388
-13,3,5.77995460810916
-13,3,1.6500000000000001
-13,3,8.515051312478583
-13,3,29.7
-13,3,1.6500000000000001
-13,3,7.893271988352137
-13,3,1.6500000000000001
-13,3,19.373797614309595
-13,3,2.150460654855703
-13,3,2.6322634758682546
-12,3,12.928548034833756
-12,3,7.299511013730262
-12,3,11.884165277860536
-12,3,2.2140423413868144
-12,3,11.019451863655346
-12,3,10.177513312065027
-12,3,16.99957887745291
-12,3,1.6500000000000001
-12,3,13.127351534868271
-12,3,1.6500000000000001
-12,3,2.4127068113661636
-12,3,1.6500000000000001
-12,3,4.832364056597276
-12,3,8.852445153688862
-12,3,13.727270547771873
-12,3,1.6500000000000001
-12,3,5.52366455330007
-12,3,1.6500000000000001
-12,3,1.6500000000000001
-12,3,1.6500000000000001
-12,3,1.6500000000000001
-12,3,11.185861632542398
-12,3,15.808352948065231
-12,3,20.239415038492574
-12,3,25.492723256782252
-12,3,20.51299880881792
-12,3,12.408180422244637
-12,3,13.933387602120133
-12,3,5.295351112359991
-12,3,1.6500000000000001
-12,3,1.6500000000000001
-12,3,1.6500000000000001
-12,3,1.6500000000000001
-12,3,17.605743999377758
-12,3,1.6500000000000001
-12,3,17.592956314851026
-12,3,1.6500000000000001
-12,3,1.6500000000000001
-12,3,1.6500000000000001
-12,3,1.6500000000000001
-12,3,1.6500000000000001
-12,3,12.288312943905815
-12,3,25.588776552603
-12,3,1.6500000000000001
-12,3,20.38078329105825
-12,3,1.6500000000000001
-12,3,5.479996104605965
-12,3,25.25603018592552
-12,3,3.0567705944094232
-12,3,9.466645679451931
-12,3,7.486167398943317
-12,3,1.6500000000000001
-12,3,12.291416855811178
-12,3,1.6500000000000001
-12,3,1.6500000000000001
-12,3,23.222440934878417
-12,3,18.721955589483407
-12,3,7.423054162838183
-12,3,1.6500000000000001
-12,3,3.594748645674001
-12,3,15.52661982989349
-12,3,25.322977698933265
-12,3,4.99145844099269
-12,3,16.057141914490195
-12,3,11.15465362725448
-12,3,1.6500000000000001
-12,3,11.513133946763423
-12,3,5.250217798456745
-12,3,7.718086473651234
-12,3,24.49442736734619
-12,3,1.6500000000000001
-12,3,2.912573658894638
-12,3,2.2673513814557156
-12,3,1.6500000000000001
-12,3,1.6500000000000001
-12,3,1.6500000000000001
-12,3,5.352988552818702
-12,3,14.044902377622321
-12,3,4.285421301937385
-12,3,1.6500000000000001
-12,3,9.228296170944018
-12,3,1.6500000000000001
-12,3,14.770059564342084
-12,3,12.375802427827802
-12,3,1.6500000000000001
-12,3,4.603687035916701
-12,3,10.256298844891024
-12,3,3.70257556249862
-12,3,1.6500000000000001
-12,3,1.6500000000000001
-12,3,1.6500000000000001
-12,3,1.6500000000000001
-12,3,2.2487433427983
-12,3,1.6500000000000001
-12,3,29.7
-12,3,3.358081766412709
-12,3,18.902016343143764
-12,3,1.6500000000000001
-12,3,25.046039915171384
-12,3,29.7
-12,3,2.8973094621248574
-12,3,1.6500000000000001
-12,3,1.6500000000000001
-12,3,11.013395148644697
-12,3,1.6500000000000001
-12,3,3.0563963425093323
-12,3,4.533333437340871
-12,3,1.6500000000000001
-12,3,1.6500000000000001
-12,3,14.377897535818075
-12,3,1.6500000000000001
-12,3,7.306631838434133
-12,3,10.64597653506496
-12,3,1.6500000000000001
-12,3,1.6500000000000001
-12,3,5.505757373121748
-12,3,15.631194033656504
-12,3,10.15387533967133
-12,3,1.6500000000000001
-12,3,24.959228201214653
-12,3,19.653812413855185
-12,3,12.95543501377629
-12,3,2.0449018518251423
-13,3,1.6500000000000001
-13,3,10.951237798669068
-13,3,5.858623709664342
-13,3,1.6500000000000001
-13,3,1.6500000000000001
-13,3,4.024319551379099
-13,3,1.6500000000000001
-13,3,1.6500000000000001
-13,3,7.645356390965281
-13,3,1.6500000000000001
-13,3,10.070393545268269
-13,3,1.6500000000000001
-13,3,1.6500000000000001
-13,3,1.6500000000000001
-13,3,12.807817170533355
-13,3,8.969558388574697
-13,3,1.6500000000000001
-13,3,15.93828565522232
-13,3,1.6500000000000001
-13,3,16.99068704984279
-13,3,6.756415533352957
-13,3,2.295646239091691
-13,3,1.6500000000000001
-13,3,1.6500000000000001
-13,3,3.537663862197996
-13,3,1.6500000000000001
-13,3,1.6500000000000001
-13,3,14.577479468815186
-13,3,8.143175201367217
-13,3,17.644645817700937
-13,3,21.192647948910682
-13,3,29.7
-13,3,1.6500000000000001
-13,3,2.0017134511054246
-13,3,4.957334916256671
-13,3,29.7
-13,3,9.69978673363103
-13,3,1.6500000000000001
-13,3,20.791700685289047
-13,3,1.6500000000000001
-13,3,13.807660085295032
-13,3,6.129863573748236
-13,3,2.866389019161054
-13,3,13.241230032123326
-13,3,8.815411209103157
-13,3,2.765037719233088
-13,3,16.821881587853447
-13,3,1.6500000000000001
-13,3,3.490323305001218
-13,3,1.6500000000000001
-13,3,6.666542658131071
-13,3,1.6500000000000001
-13,3,3.7012836692128936
-13,3,1.6500000000000001
-13,3,1.6500000000000001
-13,3,1.6500000000000001
-13,3,1.6500000000000001
-13,3,14.84428718280316
-13,3,17.48043595159729
-13,3,1.6500000000000001
-13,3,6.228109944338714
-13,3,4.668410059420536
-13,3,1.6500000000000001
-13,3,2.2265735312320167
-13,3,2.2569608847267397
-13,3,1.6500000000000001
-13,3,1.6500000000000001
-13,3,1.6500000000000001
-13,3,3.9647582286588294
-13,3,19.626852979372103
-13,3,23.573033549681814
-13,3,8.6499376991382
-13,3,1.6500000000000001
-13,3,1.6500000000000001
-13,3,7.118375353023635
-13,3,2.4195916916314957
-13,3,16.722525805747793
-13,3,1.6500000000000001
-13,3,14.695145100830283
-13,3,16.287666682759422
-13,3,1.6500000000000001
-13,3,2.7730955303941878
-13,3,1.6500000000000001
-13,3,15.54337071306256
-13,3,11.913548773854389
-13,3,4.27478988430379
-13,3,5.970622210302417
-13,3,9.371758487136024
-13,3,5.663542993175788
-13,3,1.6500000000000001
-13,3,8.9479918998894
-13,3,2.087109826096724
-13,3,1.6500000000000001
-13,3,1.6500000000000001
-13,3,10.822895275776572
-13,3,1.6500000000000001
-13,3,1.6500000000000001
-13,3,9.238893282834749
-13,3,11.770664300698803
-13,3,1.6500000000000001
-13,3,27.84855651094167
-13,3,1.6500000000000001
-13,3,1.6500000000000001
-13,3,1.6500000000000001
-13,3,18.891307847664905
-13,3,15.852039660030583
-13,3,1.6500000000000001
-13,3,1.6500000000000001
-13,3,1.6500000000000001
-13,3,1.6500000000000001
-13,3,1.6500000000000001
-13,3,1.6500000000000001
-13,3,1.6500000000000001
-13,3,12.345609077468211
-13,3,4.2873401177301504
-13,3,1.6500000000000001
-13,3,12.760265448315124
-13,3,17.231509994658317
-13,3,12.139667282798964
-13,3,5.6068187461147465
-13,3,16.521211164824116
-13,3,1.6500000000000001
-14,3,12.591012029274518
-14,3,27.530670406703837
-14,3,5.347042982360685
-14,3,1.6500000000000001
-14,3,1.6500000000000001
-14,3,1.6500000000000001
-14,3,17.17208436873783
-14,3,7.224277455808139
-14,3,1.6500000000000001
-14,3,16.897366435408053
-14,3,1.6500000000000001
-14,3,8.77970308378475
-14,3,1.6500000000000001
-14,3,11.733148067306804
-14,3,1.6500000000000001
-14,3,2.757558811212863
-14,3,6.700113353803659
-14,3,1.6500000000000001
-14,3,9.632575746332792
-14,3,25.303633261173974
-14,3,2.598427898567838
-14,3,12.60606361044111
-14,3,1.6500000000000001
-14,3,9.156360180121826
-14,3,6.829968805287451
-14,3,1.6500000000000001
-14,3,14.662914352773138
-14,3,1.6500000000000001
-14,3,10.918163712087605
-14,3,23.10191919048486
-14,3,5.065342861038292
-14,3,10.05848943312574
-14,3,6.847035312883879
-14,3,4.1143003625762
-14,3,5.378175455635765
-14,3,1.6500000000000001
-14,3,12.538423953215252
-14,3,1.6500000000000001
-14,3,1.6500000000000001
-14,3,1.6500000000000001
-14,3,1.6500000000000001
-14,3,8.947515309983995
-14,3,8.368644549457546
-14,3,1.6500000000000001
-14,3,1.6500000000000001
-14,3,9.785487760937981
-14,3,3.9343600435642623
-14,3,10.010207449848599
-14,3,16.637631123089175
-14,3,11.359641676556693
-14,3,1.6500000000000001
-14,3,1.6500000000000001
-14,3,26.079908686611848
-14,3,1.6500000000000001
-14,3,8.211940156007756
-14,3,3.2919998083361066
-14,3,8.507768558879311
-14,3,22.15450507104736
-14,3,1.6500000000000001
-14,3,1.6500000000000001
-14,3,2.6410512364761836
-14,3,1.6500000000000001
-14,3,9.281666925520248
-14,3,9.473759553005042
-14,3,1.6500000000000001
-14,3,1.6500000000000001
-14,3,1.6500000000000001
-14,3,3.410016962137192
-14,3,15.329460187090417
-14,3,1.6500000000000001
-14,3,14.355623144213153
-14,3,15.75508561614174
-14,3,1.6500000000000001
-14,3,15.77957660207251
-14,3,2.5111932931691063
-14,3,4.685250510814269
-14,3,15.060116233868351
-14,3,9.73994262037812
-14,3,1.6500000000000001
-14,3,1.6500000000000001
-14,3,19.59625394328412
-14,3,12.003808455936747
-14,3,1.6500000000000001
-14,3,2.351173066052862
-14,3,9.185369182236233
-14,3,12.348421376114228
-14,3,4.079150822488279
-14,3,10.860597969459855
-14,3,26.657026684858977
-14,3,1.6500000000000001
-14,3,1.6500000000000001
-14,3,1.6500000000000001
-14,3,2.416761569435536
-14,3,1.6500000000000001
-14,3,3.6505442335384535
-14,3,1.6500000000000001
-14,3,25.88056719538808
-14,3,13.449748828458935
-14,3,5.993400228580489
-14,3,12.822779624695544
-14,3,1.6500000000000001
-14,3,1.6500000000000001
-14,3,7.741193497158719
-14,3,2.6169393382349333
-14,3,14.575753728754979
-14,3,3.41908656509426
-14,3,1.6500000000000001
-14,3,13.525889669562984
-14,3,13.411005809532673
-14,3,20.97575440780788
-14,3,1.6500000000000001
-14,3,11.197437412388961
-14,3,1.6500000000000001
-14,3,24.221058963345616
-14,3,1.6500000000000001
-14,3,1.6500000000000001
-14,3,1.6500000000000001
-14,3,1.6500000000000001
-14,3,8.74189299082049
-14,3,17.706484920229236
-14,3,1.6500000000000001
-14,3,5.9037674639797135
-15,3,5.825441647062204
-15,3,1.6500000000000001
-15,3,13.42617532129139
-15,3,16.242846473036934
-15,3,1.6500000000000001
-15,3,1.6500000000000001
-15,3,18.82090616395064
-15,3,1.6500000000000001
-15,3,1.6500000000000001
-15,3,24.905814109705435
-15,3,1.6500000000000001
-15,3,1.6500000000000001
-15,3,1.6500000000000001
-15,3,8.473673063487908
-15,3,11.466971857568856
-15,3,10.479888163974252
-15,3,2.748391218300665
-15,3,1.6500000000000001
-15,3,1.6500000000000001
-15,3,1.6500000000000001
-15,3,1.6500000000000001
-15,3,1.6500000000000001
-15,3,1.6500000000000001
-15,3,29.7
-15,3,3.514784697841308
-15,3,1.6500000000000001
-15,3,5.738602557330907
-15,3,1.6500000000000001
-15,3,17.112514688158456
-15,3,29.7
-15,3,1.6500000000000001
-15,3,1.6500000000000001
-15,3,7.98775056781024
-15,3,1.6500000000000001
-15,3,1.6500000000000001
-15,3,1.6500000000000001
-15,3,1.6500000000000001
-15,3,22.224804742718646
-15,3,18.394622221180448
-15,3,1.6500000000000001
-15,3,1.6500000000000001
-15,3,6.747711740940839
-15,3,1.6500000000000001
-15,3,1.6500000000000001
-15,3,5.049241366050866
-15,3,4.072448158849793
-15,3,1.6500000000000001
-15,3,1.6500000000000001
-15,3,6.614845414114136
-15,3,1.6500000000000001
-15,3,1.6500000000000001
-15,3,1.6500000000000001
-15,3,1.6500000000000001
-15,3,22.375795161458292
-15,3,1.6500000000000001
-15,3,6.191540588914318
-15,3,1.6500000000000001
-15,3,3.260197874888852
-15,3,1.6500000000000001
-15,3,13.252890411296763
-15,3,6.849122186931916
-15,3,1.6500000000000001
-15,3,1.6500000000000001
-15,3,1.6500000000000001
-15,3,10.365716798327238
-15,3,8.520277898076557
-15,3,1.6500000000000001
-15,3,10.011411508699236
-15,3,1.8072437081019543
-15,3,6.019870108603036
-15,3,16.95509051248868
-15,3,1.6500000000000001
-15,3,1.6500000000000001
-15,3,6.17264387429206
-15,3,1.6500000000000001
-15,3,1.6500000000000001
-15,3,1.6500000000000001
-15,3,1.6500000000000001
-15,3,5.813376219294144
-15,3,1.6500000000000001
-15,3,1.6500000000000001
-15,3,1.6500000000000001
-15,3,1.6500000000000001
-15,3,20.883773120718605
-15,3,5.2688145626021345
-15,3,10.925630164459559
-15,3,1.6500000000000001
-15,3,14.334713473404081
-15,3,1.6500000000000001
-15,3,1.6500000000000001
-15,3,1.6500000000000001
-15,3,9.620008345895506
-15,3,1.6500000000000001
-15,3,13.581635362822858
-15,3,6.865439003894667
-15,3,1.6500000000000001
-15,3,15.005342128789701
-15,3,18.94849770410096
-15,3,1.6500000000000001
-15,3,1.6500000000000001
-15,3,9.490448608481177
-15,3,1.6500000000000001
-15,3,29.7
-15,3,9.800900536924097
-15,3,1.6500000000000001
-15,3,1.6500000000000001
-15,3,1.6500000000000001
-15,3,1.6500000000000001
-15,3,1.6500000000000001
-15,3,3.7238239227267895
-15,3,3.279195154142463
-15,3,1.6500000000000001
-15,3,1.6500000000000001
-15,3,1.6500000000000001
-15,3,12.873339131982098
-15,3,1.6500000000000001
-15,3,1.6500000000000001
-15,3,1.6500000000000001
-15,3,1.6500000000000001
-15,3,1.6500000000000001
-15,3,2.1226231839272476
-15,3,1.6500000000000001
-16,3,1.6500000000000001
-16,3,1.6500000000000001
-16,3,1.6500000000000001
-16,3,1.6500000000000001
-16,3,1.6500000000000001
-16,3,1.6500000000000001
-16,3,1.6500000000000001
-16,3,1.6500000000000001
-16,3,1.6500000000000001
-16,3,1.6500000000000001
-16,3,1.6500000000000001
-16,3,1.6500000000000001
-16,3,6.740415116169583
-16,3,1.6500000000000001
-16,3,7.497868482063168
-16,3,10.036413596073299
-16,3,1.6500000000000001
-16,3,6.287072655267276
-16,3,1.6500000000000001
-16,3,8.85587400372537
-16,3,23.86523369236068
-16,3,1.6500000000000001
-16,3,16.39451167681554
-16,3,1.6500000000000001
-16,3,1.6500000000000001
-16,3,1.6500000000000001
-16,3,1.6500000000000001
-16,3,1.6500000000000001
-16,3,1.6500000000000001
-16,3,11.145168518957588
-16,3,13.610736073185912
-16,3,26.23021719967695
-16,3,2.8376457126735537
-16,3,1.6500000000000001
-16,3,11.46155505323228
-16,3,1.6500000000000001
-16,3,22.461761995036166
-16,3,4.417726129866573
-16,3,1.6500000000000001
-16,3,1.6500000000000001
-16,3,7.904927640594725
-16,3,11.104022503245188
-16,3,1.6500000000000001
-16,3,13.068763658129452
-16,3,1.6500000000000001
-16,3,18.110206242843127
-16,3,1.6500000000000001
-16,3,5.391477636629659
-16,3,1.6500000000000001
-16,3,1.6500000000000001
-16,3,1.6500000000000001
-16,3,10.314760173704093
-16,3,10.737449771573367
-16,3,1.6500000000000001
-16,3,4.17992445063807
-16,3,6.469374970047613
-16,3,1.6500000000000001
-16,3,1.6500000000000001
-16,3,1.8822474409705974
-16,3,1.6500000000000001
-16,3,1.6500000000000001
-16,3,1.6500000000000001
-16,3,1.6500000000000001
-16,3,1.6500000000000001
-16,3,1.6500000000000001
-16,3,1.6500000000000001
-16,3,1.6500000000000001
-16,3,18.067235862325255
-16,3,2.0094450519186653
-16,3,1.6500000000000001
-16,3,1.6500000000000001
-16,3,1.6500000000000001
-16,3,2.71886297277627
-16,3,1.6500000000000001
-16,3,11.936550184921938
-16,3,1.6500000000000001
-16,3,1.6500000000000001
-16,3,1.6500000000000001
-16,3,1.6500000000000001
-16,3,2.1202164141421953
-16,3,1.6500000000000001
-16,3,1.6500000000000001
-16,3,7.750542833380142
-16,3,1.6500000000000001
-16,3,1.6500000000000001
-16,3,1.6500000000000001
-16,3,17.47316276825207
-16,3,9.157796756477314
-16,3,1.6500000000000001
-16,3,1.6500000000000001
-16,3,1.6500000000000001
-16,3,1.6500000000000001
-16,3,6.158772074398588
-16,3,1.6500000000000001
-16,3,1.6500000000000001
-16,3,3.666645359974968
-16,3,1.6500000000000001
-16,3,1.6500000000000001
-16,3,1.6500000000000001
-16,3,1.6500000000000001
-16,3,7.780528757816334
-16,3,1.6500000000000001
-16,3,1.6500000000000001
-16,3,1.6500000000000001
-16,3,2.711726534402291
-16,3,1.6500000000000001
-16,3,1.6500000000000001
-16,3,3.441825637154514
-16,3,1.6500000000000001
-16,3,1.6500000000000001
-16,3,1.6500000000000001
-16,3,5.918013394527971
-16,3,2.7705766920619475
-16,3,1.6500000000000001
-16,3,1.6500000000000001
-16,3,1.6500000000000001
-16,3,1.6500000000000001
-16,3,10.245455540656822
-16,3,6.360860621110658
-16,3,3.8713855438374494
-16,3,15.613470225081512
-16,3,8.274094185080049
-16,4,1.6500000000000001
-16,4,1.6500000000000001
-16,4,1.6500000000000001
-16,4,7.260983976230985
-16,4,1.6500000000000001
-16,4,5.900802257855867
-16,4,4.124647090714898
-16,4,2.5793137287252694
-16,4,1.6500000000000001
-16,4,4.731213726805805
-16,4,1.6500000000000001
-16,4,1.6500000000000001
-16,4,1.6500000000000001
-16,4,8.659435911871578
-16,4,1.6500000000000001
-16,4,1.6500000000000001
-16,4,10.3666478219907
-16,4,1.6500000000000001
-16,4,1.6500000000000001
-16,4,1.6500000000000001
-16,4,1.6500000000000001
-16,4,9.757268002360464
-16,4,1.6500000000000001
-16,4,3.116804032233006
-16,4,1.6500000000000001
-16,4,5.301092620346113
-16,4,2.6408146773319006
-16,4,1.6500000000000001
-16,4,1.6500000000000001
-16,4,1.6500000000000001
-16,4,1.6500000000000001
-16,4,1.6500000000000001
-16,4,1.6500000000000001
-16,4,2.9005453848463665
-16,4,1.6500000000000001
-16,4,1.6500000000000001
-16,4,1.6500000000000001
-16,4,1.6500000000000001
-16,4,1.6500000000000001
-16,4,6.424241242853923
-16,4,6.184428071299834
-16,4,1.6500000000000001
-16,4,9.36705638090727
-16,4,1.9770270523865223
-16,4,1.6500000000000001
-16,4,1.6500000000000001
-16,4,1.6500000000000001
-16,4,1.6500000000000001
-16,4,1.6500000000000001
-16,4,3.807276033306274
-16,4,1.6500000000000001
-16,4,1.6500000000000001
-16,4,1.6500000000000001
-16,4,1.6500000000000001
-16,4,1.6500000000000001
-16,4,1.6500000000000001
-16,4,2.849149579432446
-16,4,1.6500000000000001
-16,4,1.6500000000000001
-16,4,7.033471423459581
-16,4,1.6500000000000001
-16,4,5.718888734507947
-16,4,20.07757474253267
-16,4,19.82522474562116
-16,4,1.6500000000000001
-16,4,17.223570194477634
-16,4,1.6500000000000001
-16,4,2.9225118353673487
-16,4,1.6500000000000001
-16,4,1.6500000000000001
-16,4,3.260224952931089
-16,4,1.6500000000000001
-16,4,12.026222575404804
-16,4,10.007792840283816
-16,4,6.8511618362528734
-16,4,7.5777752077581315
-16,4,1.6500000000000001
-16,4,1.6500000000000001
-16,4,1.6500000000000001
-16,4,1.6500000000000001
-16,4,1.6500000000000001
-16,4,1.6500000000000001
-16,4,1.6500000000000001
-16,4,10.67974587151753
-16,4,1.6500000000000001
-16,4,1.6500000000000001
-16,4,6.166347606923008
-16,4,5.728742918577314
-16,4,1.6500000000000001
-16,4,1.6500000000000001
-16,4,1.6500000000000001
-16,4,1.6500000000000001
-16,4,1.6500000000000001
-16,4,1.8305741661875774
-16,4,16.361805223106668
-16,4,1.6500000000000001
-16,4,1.745558097775394
-16,4,13.017318689592914
-16,4,1.6500000000000001
-16,4,12.313015861727697
-16,4,8.28507406957398
-16,4,1.6500000000000001
-16,4,7.5550946349259105
-16,4,7.347621896803465
-16,4,5.35794132736846
-16,4,1.6500000000000001
-16,4,5.862744401012675
-16,4,1.6500000000000001
-16,4,1.6500000000000001
-16,4,2.526898257687504
-16,4,1.6500000000000001
-16,4,8.172138332691187
-16,4,1.6500000000000001
-16,4,8.155594788674481
-16,4,1.6500000000000001
-16,4,1.6500000000000001
-16,4,1.6500000000000001
-16,4,1.6500000000000001
-16,4,1.6500000000000001
-16,4,1.6500000000000001
-16,4,1.6500000000000001
-16,4,11.379877899162329
-16,4,1.6500000000000001
-17,4,5.092651507052044
-17,4,10.543348153305727
-17,4,1.6500000000000001
-17,4,2.2239060188692132
-17,4,1.6500000000000001
-17,4,1.6500000000000001
-17,4,1.6500000000000001
-17,4,1.6500000000000001
-17,4,1.6500000000000001
-17,4,13.875504176570145
-17,4,1.6500000000000001
-17,4,1.6500000000000001
-17,4,1.6500000000000001
-17,4,9.961930931490247
-17,4,1.6500000000000001
-17,4,1.6500000000000001
-17,4,1.6500000000000001
-17,4,23.040541495642692
-17,4,11.981403655598651
-17,4,1.6500000000000001
-17,4,1.6500000000000001
-17,4,1.6500000000000001
-17,4,1.6500000000000001
-17,4,1.6500000000000001
-17,4,3.370521746726963
-17,4,1.6500000000000001
-17,4,1.6500000000000001
-17,4,1.6500000000000001
-17,4,1.6500000000000001
-17,4,13.755770490827828
-17,4,5.6811441239088944
-17,4,1.6500000000000001
-17,4,2.237907395794572
-17,4,1.6500000000000001
-17,4,6.1336836751424935
-17,4,1.6500000000000001
-17,4,11.71322731876452
-17,4,1.6500000000000001
-17,4,1.6500000000000001
-17,4,1.7238460237057716
-17,4,7.258609011656253
-17,4,1.6500000000000001
-17,4,1.6500000000000001
-17,4,1.6500000000000001
-17,4,3.2288880764001915
-17,4,1.6500000000000001
-17,4,1.6500000000000001
-17,4,1.6500000000000001
-17,4,1.6500000000000001
-17,4,1.6500000000000001
-17,4,1.6500000000000001
-17,4,1.6500000000000001
-17,4,1.6500000000000001
-17,4,1.6500000000000001
-17,4,1.6500000000000001
-17,4,1.6500000000000001
-17,4,1.6500000000000001
-17,4,1.6500000000000001
-17,4,24.94638663152508
-17,4,1.6500000000000001
-17,4,4.670722858874064
-17,4,2.1293600950654064
-17,4,1.6500000000000001
-17,4,6.4359278571019445
-17,4,1.6500000000000001
-17,4,1.6500000000000001
-17,4,1.6500000000000001
-17,4,1.6500000000000001
-17,4,1.6500000000000001
-17,4,1.7068478954728445
-17,4,1.6500000000000001
-17,4,8.368468268307346
-17,4,19.631894312136474
-17,4,1.6500000000000001
-17,4,1.6500000000000001
-17,4,2.6499044252413153
-17,4,12.79940608841586
-17,4,6.497546200375024
-17,4,1.6500000000000001
-17,4,1.6500000000000001
-17,4,1.6500000000000001
-17,4,1.6500000000000001
-17,4,12.577017502740851
-17,4,1.6500000000000001
-17,4,4.733928385347472
-17,4,1.6500000000000001
-17,4,1.6500000000000001
-17,4,1.6500000000000001
-17,4,6.442362030028157
-17,4,14.712251256257183
-17,4,1.6500000000000001
-17,4,1.6500000000000001
-17,4,1.6500000000000001
-17,4,7.214807167868658
-17,4,1.6500000000000001
-17,4,1.6500000000000001
-17,4,1.6500000000000001
-17,4,1.6500000000000001
-17,4,1.6500000000000001
-17,4,4.452704600688489
-17,4,1.6500000000000001
-17,4,1.6500000000000001
-17,4,11.03302732043079
-17,4,4.275138402088459
-17,4,15.438830850678276
-17,4,1.6500000000000001
-17,4,1.6500000000000001
-17,4,5.211871004008452
-17,4,1.6500000000000001
-17,4,1.6500000000000001
-17,4,1.6500000000000001
-17,4,1.6500000000000001
-17,4,2.4869808153985047
-17,4,12.292223110027912
-17,4,1.6500000000000001
-17,4,1.6500000000000001
-17,4,1.6500000000000001
-17,4,5.34973573030518
-17,4,14.962453020370404
-17,4,1.6500000000000001
-17,4,1.6500000000000001
-17,4,1.6500000000000001
-18,4,1.6500000000000001
-18,4,11.421540066114382
-18,4,1.6500000000000001
-18,4,1.6500000000000001
-18,4,1.6500000000000001
-18,4,1.6500000000000001
-18,4,1.6500000000000001
-18,4,1.6500000000000001
-18,4,9.2602151471623
-18,4,2.032646963762083
-18,4,1.6500000000000001
-18,4,1.6500000000000001
-18,4,1.6500000000000001
-18,4,1.6500000000000001
-18,4,1.6500000000000001
-18,4,1.6500000000000001
-18,4,6.4646778214091665
-18,4,1.6500000000000001
-18,4,1.6500000000000001
-18,4,1.6500000000000001
-18,4,1.6500000000000001
-18,4,1.6500000000000001
-18,4,1.6500000000000001
-18,4,1.6500000000000001
-18,4,1.6500000000000001
-18,4,1.6500000000000001
-18,4,1.6500000000000001
-18,4,1.6500000000000001
-18,4,1.6500000000000001
-18,4,1.6500000000000001
-18,4,1.6500000000000001
-18,4,5.78922383773825
-18,4,1.6500000000000001
-18,4,1.6500000000000001
-18,4,1.6500000000000001
-18,4,4.061700224660175
-18,4,1.6500000000000001
-18,4,19.888864937793034
-18,4,3.4642675228579476
-18,4,6.969367950353567
-18,4,14.991951986771344
-18,4,1.6500000000000001
-18,4,1.6500000000000001
-18,4,1.6500000000000001
-18,4,3.0247433410274303
-18,4,1.6500000000000001
-18,4,1.6500000000000001
-18,4,1.6500000000000001
-18,4,1.6500000000000001
-18,4,1.6500000000000001
-18,4,1.6500000000000001
-18,4,1.6500000000000001
-18,4,1.6500000000000001
-18,4,1.6500000000000001
-18,4,24.50038443600438
-18,4,1.6500000000000001
-18,4,1.6500000000000001
-18,4,9.45778233199745
-18,4,1.6500000000000001
-18,4,1.6500000000000001
-18,4,11.751681469026694
-18,4,1.6500000000000001
-18,4,1.6500000000000001
-18,4,1.6500000000000001
-18,4,9.24780000970418
-18,4,1.6500000000000001
-18,4,1.6500000000000001
-18,4,1.6500000000000001
-18,4,1.6500000000000001
-18,4,2.6800585703608135
-18,4,1.6500000000000001
-18,4,1.6500000000000001
-18,4,1.6500000000000001
-18,4,1.6500000000000001
-18,4,5.402505418375339
-18,4,1.6500000000000001
-18,4,1.6500000000000001
-18,4,12.571076288789172
-18,4,1.6500000000000001
-18,4,12.93293588831817
-18,4,1.6500000000000001
-18,4,1.6500000000000001
-18,4,1.6500000000000001
-18,4,1.6500000000000001
-18,4,1.6500000000000001
-18,4,1.6500000000000001
-18,4,1.6500000000000001
-18,4,1.6500000000000001
-18,4,1.6500000000000001
-18,4,2.3745264074555177
-18,4,1.6500000000000001
-18,4,1.6500000000000001
-18,4,1.6500000000000001
-18,4,1.6500000000000001
-18,4,7.31511957957632
-18,4,1.6500000000000001
-18,4,2.4182987287657918
-18,4,5.330955891150451
-18,4,1.6500000000000001
-18,4,1.6500000000000001
-18,4,1.6500000000000001
-18,4,1.6500000000000001
-18,4,1.6500000000000001
-18,4,11.258022596285912
-18,4,7.0564251550759725
-18,4,1.6500000000000001
-18,4,1.6500000000000001
-18,4,17.50349081259614
-18,4,1.6500000000000001
-18,4,1.6500000000000001
-18,4,1.6500000000000001
-18,4,1.6500000000000001
-18,4,14.536454861945494
-18,4,6.4845895442944546
-18,4,1.6500000000000001
-18,4,1.6500000000000001
-18,4,1.6500000000000001
-18,4,1.6500000000000001
-18,4,6.896778579003287
-18,4,1.6500000000000001
-18,4,8.078204332743375
-18,4,1.6500000000000001
-17,4,1.6500000000000001
-17,4,1.6500000000000001
-17,4,1.6500000000000001
-17,4,1.6500000000000001
-17,4,7.120879622987966
-17,4,7.311724257547505
-17,4,1.6500000000000001
-17,4,1.6500000000000001
-17,4,1.6500000000000001
-17,4,1.6500000000000001
-17,4,13.382680935842895
-17,4,1.6500000000000001
-17,4,1.6500000000000001
-17,4,7.954861691189757
-17,4,1.6500000000000001
-17,4,1.6500000000000001
-17,4,1.6500000000000001
-17,4,19.964457249738768
-17,4,13.829228766133365
-17,4,1.6500000000000001
-17,4,1.6500000000000001
-17,4,1.6500000000000001
-17,4,1.6500000000000001
-17,4,1.6500000000000001
-17,4,1.6500000000000001
-17,4,18.5124928931954
-17,4,12.754017061073181
-17,4,1.6500000000000001
-17,4,1.6500000000000001
-17,4,1.6500000000000001
-17,4,19.364431361344987
-17,4,18.739138363021056
-17,4,1.6500000000000001
-17,4,1.6500000000000001
-17,4,1.6500000000000001
-17,4,14.933415332163197
-17,4,1.6500000000000001
-17,4,1.6500000000000001
-17,4,8.954604038870198
-17,4,13.544639486526624
-17,4,1.6500000000000001
-17,4,1.6500000000000001
-17,4,22.5949849265449
-17,4,1.6500000000000001
-17,4,1.6500000000000001
-17,4,2.022365346444995
-17,4,2.6058742967072757
-17,4,18.280282008952096
-17,4,1.6500000000000001
-17,4,12.4837729762299
-17,4,1.6500000000000001
-17,4,1.6500000000000001
-17,4,1.6500000000000001
-17,4,1.6500000000000001
-17,4,7.6741569693112375
-17,4,22.250037812849676
-17,4,1.6500000000000001
-17,4,2.5452542002812297
-17,4,2.0687725745820895
-17,4,1.6500000000000001
-17,4,1.6500000000000001
-17,4,1.6500000000000001
-17,4,3.196352571626205
-17,4,1.6500000000000001
-17,4,1.6500000000000001
-17,4,1.6500000000000001
-17,4,4.7390936063209805
-17,4,5.205362319440518
-17,4,3.86236944990445
-17,4,1.6500000000000001
-17,4,1.6500000000000001
-17,4,5.210549364548423
-17,4,1.6500000000000001
-17,4,6.053239129589635
-17,4,1.6500000000000001
-17,4,1.6500000000000001
-17,4,1.6500000000000001
-17,4,3.1286600627296774
-17,4,6.031128841706485
-17,4,1.6500000000000001
-17,4,1.6500000000000001
-17,4,1.6500000000000001
-17,4,1.6500000000000001
-17,4,1.6500000000000001
-17,4,1.6500000000000001
-17,4,4.312061673653583
-17,4,1.6500000000000001
-17,4,1.6500000000000001
-17,4,5.829965065273097
-17,4,5.082081372906502
-17,4,12.961711513548313
-17,4,1.6500000000000001
-17,4,1.6500000000000001
-17,4,20.467334040608215
-17,4,20.026518148242967
-17,4,1.6500000000000001
-17,4,1.6500000000000001
-17,4,1.6500000000000001
-17,4,1.6500000000000001
-17,4,1.6500000000000001
-17,4,1.6500000000000001
-17,4,15.189189873110216
-17,4,1.6500000000000001
-17,4,9.552420203996242
-17,4,8.104828612534163
-17,4,1.6500000000000001
-17,4,5.059695854053688
-17,4,3.41266199406358
-17,4,2.882263733487929
-17,4,1.6500000000000001
-17,4,4.966811284141421
-17,4,11.287500574393192
-17,4,1.6500000000000001
-17,4,1.6500000000000001
-17,4,1.6500000000000001
-17,4,1.6500000000000001
-17,4,1.6500000000000001
-17,4,1.6500000000000001
-17,4,5.299204559043132
-17,4,1.6500000000000001
-17,4,1.6500000000000001
-17,4,13.779861052985108
-18,4,1.6500000000000001
-18,4,5.8873853051956555
-18,4,1.6500000000000001
-18,4,1.6500000000000001
-18,4,5.016845072547514
-18,4,6.820059093623417
-18,4,1.6500000000000001
-18,4,14.503650528186842
-18,4,9.835489279039013
-18,4,1.6500000000000001
-18,4,1.6500000000000001
-18,4,7.994719763585653
-18,4,1.6500000000000001
-18,4,6.9301098950359865
-18,4,12.38360618752596
-18,4,3.0415827499073647
-18,4,2.6804419399051884
-18,4,1.6500000000000001
-18,4,1.6500000000000001
-18,4,1.6500000000000001
-18,4,1.6500000000000001
-18,4,1.6500000000000001
-18,4,4.06974236066582
-18,4,1.6500000000000001
-18,4,19.614394397659037
-18,4,1.6500000000000001
-18,4,6.547058229478923
-18,4,1.6500000000000001
-18,4,1.6500000000000001
-18,4,1.6500000000000001
-18,4,1.6500000000000001
-18,4,1.6500000000000001
-18,4,1.6500000000000001
-18,4,1.6500000000000001
-18,4,1.6500000000000001
-18,4,1.6500000000000001
-18,4,1.6500000000000001
-18,4,1.6500000000000001
-18,4,7.514320942231967
-18,4,1.6500000000000001
-18,4,7.413726077113912
-18,4,1.6500000000000001
-18,4,1.6500000000000001
-18,4,1.6500000000000001
-18,4,12.30450983058452
-18,4,9.036667804343542
-18,4,1.6500000000000001
-18,4,1.6500000000000001
-18,4,1.6500000000000001
-18,4,5.108530336702591
-18,4,1.6500000000000001
-18,4,1.6500000000000001
-18,4,1.6500000000000001
-18,4,1.6500000000000001
-18,4,1.6500000000000001
-18,4,8.37470031033495
-18,4,1.6500000000000001
-18,4,1.6500000000000001
-18,4,1.6500000000000001
-18,4,1.6500000000000001
-18,4,2.9915600540551894
-18,4,1.6500000000000001
-18,4,22.07186276158514
-18,4,1.6500000000000001
-18,4,1.6500000000000001
-18,4,1.6500000000000001
-18,4,1.6500000000000001
-18,4,1.6500000000000001
-18,4,1.6500000000000001
-18,4,6.35233377210599
-18,4,1.6500000000000001
-18,4,1.6500000000000001
-18,4,1.6500000000000001
-18,4,1.6500000000000001
-18,4,1.6500000000000001
-18,4,1.6500000000000001
-18,4,1.6500000000000001
-18,4,1.6500000000000001
-18,4,1.6500000000000001
-18,4,9.79758764591544
-18,4,1.6500000000000001
-18,4,1.6975731530711329
-18,4,1.6500000000000001
-18,4,1.6500000000000001
-18,4,1.6500000000000001
-18,4,1.6500000000000001
-18,4,1.6500000000000001
-18,4,1.6500000000000001
-18,4,1.6500000000000001
-18,4,1.6500000000000001
-18,4,17.939731586121116
-18,4,1.6500000000000001
-18,4,16.608615915408368
-18,4,1.6500000000000001
-18,4,1.6500000000000001
-18,4,1.6500000000000001
-18,4,1.6500000000000001
-18,4,1.6500000000000001
-18,4,1.6500000000000001
-18,4,1.6500000000000001
-18,4,1.6500000000000001
-18,4,1.6500000000000001
-18,4,1.6500000000000001
-18,4,1.6500000000000001
-18,4,1.6500000000000001
-18,4,1.6500000000000001
-18,4,1.6500000000000001
-18,4,1.6500000000000001
-18,4,1.6500000000000001
-18,4,1.6500000000000001
-18,4,1.6500000000000001
-18,4,1.6500000000000001
-18,4,3.9039221496075296
-18,4,8.827652158960376
-18,4,1.6500000000000001
-18,4,3.7817316394106166
-18,4,5.339161141065
-18,4,1.6500000000000001
-18,4,14.920467813881974
-18,4,1.6500000000000001
-18,4,1.6500000000000001
-18,4,1.6500000000000001
-17,4,1.6500000000000001
-17,4,1.6500000000000001
-17,4,1.6500000000000001
-17,4,1.6500000000000001
-17,4,17.871360666598637
-17,4,1.6500000000000001
-17,4,1.6500000000000001
-17,4,1.6500000000000001
-17,4,1.6500000000000001
-17,4,1.6500000000000001
-17,4,15.031877780253364
-17,4,10.501491660182644
-17,4,18.604325731123147
-17,4,1.6500000000000001
-17,4,18.792826322552163
-17,4,1.6500000000000001
-17,4,2.192722943799116
-17,4,5.521884728604869
-17,4,1.6500000000000001
-17,4,5.194271464830929
-17,4,1.6500000000000001
-17,4,1.6500000000000001
-17,4,6.557527308067553
-17,4,4.483426699662818
-17,4,1.6500000000000001
-17,4,17.672868909949177
-17,4,14.885536032140298
-17,4,9.296898390881042
-17,4,1.6500000000000001
-17,4,1.6500000000000001
-17,4,1.6500000000000001
-17,4,19.988924985746994
-17,4,8.667879534542429
-17,4,4.897979617303066
-17,4,1.6500000000000001
-17,4,1.6500000000000001
-17,4,1.768268666024904
-17,4,6.199803997269136
-17,4,1.6500000000000001
-17,4,3.8205049361440464
-17,4,1.6500000000000001
-17,4,1.6500000000000001
-17,4,1.6500000000000001
-17,4,1.6500000000000001
-17,4,5.983647315045346
-17,4,1.6500000000000001
-17,4,1.6500000000000001
-17,4,1.6500000000000001
-17,4,5.388146847418884
-17,4,1.6500000000000001
-17,4,1.6500000000000001
-17,4,11.193859671950339
-17,4,17.767625916618254
-17,4,24.24716126540986
-17,4,1.6500000000000001
-17,4,7.3859435539537515
-17,4,1.6500000000000001
-17,4,10.182500040654253
-17,4,1.6500000000000001
-17,4,1.6500000000000001
-17,4,12.003591788982277
-17,4,3.192309335746179
-17,4,14.415252839160994
-17,4,1.6500000000000001
-17,4,1.6500000000000001
-17,4,4.450326499345893
-17,4,1.6500000000000001
-17,4,1.6500000000000001
-17,4,1.6500000000000001
-17,4,2.2111769490965876
-17,4,1.6500000000000001
-17,4,1.6500000000000001
-17,4,14.38291690058646
-17,4,2.943311921288692
-17,4,1.6500000000000001
-17,4,1.6500000000000001
-17,4,1.6500000000000001
-17,4,1.6500000000000001
-17,4,1.6500000000000001
-17,4,10.436193075074994
-17,4,1.6500000000000001
-17,4,1.6500000000000001
-17,4,1.6500000000000001
-17,4,1.6500000000000001
-17,4,14.267755777997651
-17,4,1.6500000000000001
-17,4,1.6500000000000001
-17,4,1.6500000000000001
-17,4,15.624730735356707
-17,4,14.30636395322026
-17,4,1.6500000000000001
-17,4,1.6500000000000001
-17,4,1.6500000000000001
-17,4,6.135529314901307
-17,4,1.6500000000000001
-17,4,1.6500000000000001
-17,4,5.684148502037963
-17,4,11.410638883127072
-17,4,1.6500000000000001
-17,4,9.866720790714666
-17,4,1.6500000000000001
-17,4,1.6500000000000001
-17,4,22.349827443792453
-17,4,23.745822964761818
-17,4,1.6500000000000001
-17,4,3.179370221360873
-17,4,1.6500000000000001
-17,4,1.6500000000000001
-17,4,10.73249609897013
-17,4,3.7938045558481805
-17,4,1.6500000000000001
-17,4,1.6500000000000001
-17,4,10.818594578665454
-17,4,1.6500000000000001
-17,4,1.6500000000000001
-17,4,7.019235840041331
-17,4,1.6500000000000001
-17,4,1.6500000000000001
-17,4,1.6500000000000001
-17,4,8.372611482652696
-17,4,19.08452425115789
-17,4,1.6500000000000001
-17,4,1.6500000000000001
-18,4,1.6500000000000001
-18,4,1.6500000000000001
-18,4,1.7168668559767122
-18,4,15.210897210458203
-18,4,1.6500000000000001
-18,4,1.6500000000000001
-18,4,10.491558057693323
-18,4,1.6500000000000001
-18,4,9.361757072689478
-18,4,1.6500000000000001
-18,4,1.6500000000000001
-18,4,1.6500000000000001
-18,4,1.6500000000000001
-18,4,3.2387088068720207
-18,4,1.6500000000000001
-18,4,1.6500000000000001
-18,4,1.6500000000000001
-18,4,1.6500000000000001
-18,4,5.557990322028431
-18,4,1.6500000000000001
-18,4,1.6500000000000001
-18,4,10.27557476588346
-18,4,2.1448153198364057
-18,4,1.6500000000000001
-18,4,1.6500000000000001
-18,4,1.6500000000000001
-18,4,8.310919675160374
-18,4,1.6500000000000001
-18,4,1.6500000000000001
-18,4,1.6500000000000001
-18,4,1.6500000000000001
-18,4,1.6500000000000001
-18,4,1.6500000000000001
-18,4,1.6500000000000001
-18,4,12.539423359577125
-18,4,3.3514899984158575
-18,4,1.6500000000000001
-18,4,1.6500000000000001
-18,4,1.6500000000000001
-18,4,1.6500000000000001
-18,4,1.6500000000000001
-18,4,1.6500000000000001
-18,4,1.6500000000000001
-18,4,12.202419801839708
-18,4,17.99538917119595
-18,4,1.6500000000000001
-18,4,1.6500000000000001
-18,4,1.6500000000000001
-18,4,1.6500000000000001
-18,4,1.6500000000000001
-18,4,1.6500000000000001
-18,4,1.6500000000000001
-18,4,1.6500000000000001
-18,4,1.6500000000000001
-18,4,1.6500000000000001
-18,4,8.931521725572077
-18,4,1.6500000000000001
-18,4,1.6500000000000001
-18,4,1.6500000000000001
-18,4,1.6500000000000001
-18,4,1.6500000000000001
-18,4,4.465470115059611
-18,4,1.6500000000000001
-18,4,8.367973480662647
-18,4,7.588058406776684
-18,4,7.395502010550233
-18,4,1.6500000000000001
-18,4,9.909899569331754
-18,4,1.680037137678795
-18,4,1.6500000000000001
-18,4,1.6500000000000001
-18,4,16.230547081845156
-18,4,2.862488189608376
-18,4,1.6500000000000001
-18,4,10.022958607505768
-18,4,1.6500000000000001
-18,4,1.6500000000000001
-18,4,1.6500000000000001
-18,4,13.327011376058554
-18,4,1.6500000000000001
-18,4,1.6500000000000001
-18,4,1.6500000000000001
-18,4,1.6500000000000001
-18,4,1.6500000000000001
-18,4,1.6500000000000001
-18,4,1.6500000000000001
-18,4,1.6500000000000001
-18,4,1.6500000000000001
-18,4,5.0618245815244824
-18,4,6.651883137090124
-18,4,1.6500000000000001
-18,4,2.6378991251691133
-18,4,1.6500000000000001
-18,4,2.4312035495093314
-18,4,16.08749439060961
-18,4,1.6500000000000001
-18,4,21.29645693859162
-18,4,1.6500000000000001
-18,4,1.6500000000000001
-18,4,1.6500000000000001
-18,4,1.6500000000000001
-18,4,1.6500000000000001
-18,4,5.244404962436995
-18,4,1.6500000000000001
-18,4,1.6500000000000001
-18,4,13.765083957222341
-18,4,8.368338175983034
-18,4,1.6500000000000001
-18,4,3.481386525745214
-18,4,1.6500000000000001
-18,4,1.6500000000000001
-18,4,1.882667467065228
-18,4,1.6500000000000001
-18,4,1.6500000000000001
-18,4,1.6500000000000001
-18,4,14.431230427122895
-18,4,1.6500000000000001
-18,4,1.6500000000000001
-18,4,1.6500000000000001
-18,4,1.6500000000000001
-18,4,1.6500000000000001
-18,4,3.6445973154309055
-19,4,1.6500000000000001
-19,4,1.6500000000000001
-19,4,1.6500000000000001
-19,4,3.7527199454530713
-19,4,2.3516336291747484
-19,4,1.6500000000000001
-19,4,4.408362038020582
-19,4,1.6500000000000001
-19,4,1.6500000000000001
-19,4,1.6500000000000001
-19,4,1.6500000000000001
-19,4,1.6500000000000001
-19,4,2.1654907294702053
-19,4,10.802878772176587
-19,4,14.050336849361699
-19,4,1.6500000000000001
-19,4,10.07408768916627
-19,4,1.6500000000000001
-19,4,1.6500000000000001
-19,4,1.6500000000000001
-19,4,6.52491655246633
-19,4,1.6500000000000001
-19,4,1.6500000000000001
-19,4,1.6500000000000001
-19,4,8.177423131495644
-19,4,1.6522962428095767
-19,4,1.6500000000000001
-19,4,1.6500000000000001
-19,4,1.6500000000000001
-19,4,8.468377927127
-19,4,1.6500000000000001
-19,4,1.6500000000000001
-19,4,1.6500000000000001
-19,4,15.859336564296978
-19,4,1.6500000000000001
-19,4,1.6500000000000001
-19,4,1.6500000000000001
-19,4,1.6500000000000001
-19,4,1.6500000000000001
-19,4,1.6500000000000001
-19,4,10.345378875091885
-19,4,1.6500000000000001
-19,4,1.6500000000000001
-19,4,5.164843480163155
-19,4,1.6500000000000001
-19,4,1.6500000000000001
-19,4,1.6500000000000001
-19,4,1.6500000000000001
-19,4,1.6500000000000001
-19,4,1.6500000000000001
-19,4,9.570197023872677
-19,4,1.6500000000000001
-19,4,1.6500000000000001
-19,4,1.6500000000000001
-19,4,1.6500000000000001
-19,4,1.6500000000000001
-19,4,1.6500000000000001
-19,4,1.6500000000000001
-19,4,1.6500000000000001
-19,4,1.6500000000000001
-19,4,1.6500000000000001
-19,4,1.6500000000000001
-19,4,1.6500000000000001
-19,4,1.6500000000000001
-19,4,1.6500000000000001
-19,4,7.184303145714646
-19,4,1.6500000000000001
-19,4,1.6500000000000001
-19,4,1.6500000000000001
-19,4,1.6500000000000001
-19,4,1.6500000000000001
-19,4,1.6500000000000001
-19,4,1.6500000000000001
-19,4,1.6500000000000001
-19,4,1.6500000000000001
-19,4,1.6500000000000001
-19,4,1.6500000000000001
-19,4,6.002451721595948
-19,4,1.6500000000000001
-19,4,1.6500000000000001
-19,4,1.6500000000000001
-19,4,1.6500000000000001
-19,4,1.6500000000000001
-19,4,1.6500000000000001
-19,4,1.6500000000000001
-19,4,1.6500000000000001
-19,4,2.63519653179406
-19,4,1.6500000000000001
-19,4,1.6500000000000001
-19,4,1.6500000000000001
-19,4,1.6500000000000001
-19,4,1.6500000000000001
-19,4,1.6500000000000001
-19,4,1.6500000000000001
-19,4,1.6500000000000001
-19,4,1.6500000000000001
-19,4,3.2077629186039243
-19,4,1.6500000000000001
-19,4,1.6500000000000001
-19,4,1.6500000000000001
-19,4,1.6500000000000001
-19,4,1.6500000000000001
-19,4,1.6500000000000001
-19,4,1.6500000000000001
-19,4,1.6500000000000001
-19,4,1.6500000000000001
-19,4,1.6500000000000001
-19,4,1.6500000000000001
-19,4,3.1577287602014854
-19,4,1.6500000000000001
-19,4,1.6500000000000001
-19,4,1.6500000000000001
-19,4,1.6500000000000001
-19,4,1.6500000000000001
-19,4,3.736700156893984
-19,4,1.6500000000000001
-19,4,1.6500000000000001
-19,4,2.2791218880445845
-19,4,4.439046279091119
-19,4,1.6500000000000001
-19,4,1.6500000000000001
-19,4,1.6500000000000001
-20,4,1.6500000000000001
-20,4,1.6500000000000001
-20,4,1.6500000000000001
-20,4,1.6500000000000001
-20,4,1.6500000000000001
-20,4,1.6500000000000001
-20,4,1.6500000000000001
-20,4,15.728029956597677
-20,4,1.6500000000000001
-20,4,1.6500000000000001
-20,4,1.6500000000000001
-20,4,1.6500000000000001
-20,4,9.470515909182158
-20,4,1.6500000000000001
-20,4,1.6500000000000001
-20,4,1.6500000000000001
-20,4,17.529634518963018
-20,4,1.6500000000000001
-20,4,1.6500000000000001
-20,4,4.415292857700885
-20,4,1.6500000000000001
-20,4,1.6500000000000001
-20,4,1.6500000000000001
-20,4,1.6500000000000001
-20,4,1.6500000000000001
-20,4,1.6500000000000001
-20,4,12.129572661873198
-20,4,1.6500000000000001
-20,4,1.6500000000000001
-20,4,1.6500000000000001
-20,4,6.604979893698729
-20,4,1.6500000000000001
-20,4,1.6500000000000001
-20,4,1.6500000000000001
-20,4,1.6500000000000001
-20,4,1.6500000000000001
-20,4,1.6500000000000001
-20,4,1.6500000000000001
-20,4,2.9318693805767158
-20,4,1.6500000000000001
-20,4,1.6500000000000001
-20,4,14.362831496007932
-20,4,1.6500000000000001
-20,4,1.6500000000000001
-20,4,1.6500000000000001
-20,4,1.6500000000000001
-20,4,1.6500000000000001
-20,4,1.6500000000000001
-20,4,1.6500000000000001
-20,4,6.476878060343298
-20,4,1.6500000000000001
-20,4,1.6500000000000001
-20,4,7.286251907265838
-20,4,4.425425694530798
-20,4,1.6500000000000001
-20,4,1.6500000000000001
-20,4,1.6500000000000001
-20,4,1.6500000000000001
-20,4,1.6500000000000001
-20,4,1.6500000000000001
-20,4,1.6500000000000001
-20,4,3.440482034812841
-20,4,1.6500000000000001
-20,4,1.6500000000000001
-20,4,9.803712221950722
-20,4,7.738243147364118
-20,4,1.6500000000000001
-20,4,1.6500000000000001
-20,4,1.6500000000000001
-20,4,1.6500000000000001
-20,4,1.6500000000000001
-20,4,5.516911989338711
-20,4,2.0056314489460263
-20,4,1.6500000000000001
-20,4,1.6500000000000001
-20,4,3.748968719572483
-20,4,12.482388177788842
-20,4,1.6500000000000001
-20,4,9.03547298288319
-20,4,1.6500000000000001
-20,4,1.6500000000000001
-20,4,3.1781156900031693
-20,4,1.6500000000000001
-20,4,1.6500000000000001
-20,4,6.2635436557894675
-20,4,1.6500000000000001
-20,4,11.900924803522486
-20,4,1.6500000000000001
-20,4,1.8754300227644682
-20,4,1.6500000000000001
-20,4,1.6500000000000001
-20,4,1.6500000000000001
-20,4,1.6500000000000001
-20,4,5.686513299454067
-20,4,9.45414013425954
-20,4,1.6500000000000001
-20,4,1.6500000000000001
-20,4,1.6500000000000001
-20,4,1.6500000000000001
-20,4,1.6500000000000001
-20,4,1.6500000000000001
-20,4,1.6500000000000001
-20,4,13.634244674716186
-20,4,4.804513418913684
-20,4,1.6500000000000001
-20,4,2.613112646638246
-20,4,1.6500000000000001
-20,4,1.6500000000000001
-20,4,1.6500000000000001
-20,4,1.6500000000000001
-20,4,1.6500000000000001
-20,4,5.691289263634268
-20,4,1.6500000000000001
-20,4,1.6500000000000001
-20,4,1.6500000000000001
-20,4,1.6500000000000001
-20,4,1.6500000000000001
-20,4,5.352504036802845
-20,4,1.6500000000000001
-20,4,1.7749418626473972
-20,4,1.6500000000000001
-20,4,1.6500000000000001
-20,5,1.6500000000000001
-20,5,1.6500000000000001
-20,5,4.600409696650159
-20,5,1.6500000000000001
-20,5,1.6500000000000001
-20,5,15.129100336997087
-20,5,1.6500000000000001
-20,5,1.6500000000000001
-20,5,1.6500000000000001
-20,5,1.6500000000000001
-20,5,1.6500000000000001
-20,5,1.6500000000000001
-20,5,1.6500000000000001
-20,5,1.6500000000000001
-20,5,1.6500000000000001
-20,5,1.6500000000000001
-20,5,1.6500000000000001
-20,5,2.644602000762152
-20,5,1.6500000000000001
-20,5,1.6500000000000001
-20,5,7.941509304480437
-20,5,1.6500000000000001
-20,5,1.6500000000000001
-20,5,1.6500000000000001
-20,5,1.6500000000000001
-20,5,1.6500000000000001
-20,5,1.6500000000000001
-20,5,9.854685498496227
-20,5,1.6500000000000001
-20,5,4.847247656071611
-20,5,1.6500000000000001
-20,5,1.6500000000000001
-20,5,1.6500000000000001
-20,5,1.6500000000000001
-20,5,1.6500000000000001
-20,5,1.6500000000000001
-20,5,1.6500000000000001
-20,5,1.6500000000000001
-20,5,1.6500000000000001
-20,5,1.6500000000000001
-20,5,1.6500000000000001
-20,5,1.6500000000000001
-20,5,1.6500000000000001
-20,5,1.6500000000000001
-20,5,1.6500000000000001
-20,5,1.6500000000000001
-20,5,1.6500000000000001
-20,5,1.6500000000000001
-20,5,1.6500000000000001
-20,5,1.6500000000000001
-20,5,1.6500000000000001
-20,5,7.103481677029087
-20,5,1.6500000000000001
-20,5,1.6500000000000001
-20,5,1.6500000000000001
-20,5,1.6500000000000001
-20,5,1.6500000000000001
-20,5,1.6500000000000001
-20,5,2.1320407028879877
-20,5,1.6500000000000001
-20,5,1.6500000000000001
-20,5,2.5170544294924095
-20,5,1.6500000000000001
-20,5,1.6500000000000001
-20,5,1.6500000000000001
-20,5,2.2906427246196035
-20,5,5.467488722937533
-20,5,1.6500000000000001
-20,5,4.345128992902092
-20,5,1.6500000000000001
-20,5,1.6500000000000001
-20,5,1.6500000000000001
-20,5,1.6500000000000001
-20,5,1.6500000000000001
-20,5,1.6500000000000001
-20,5,8.871868075055021
-20,5,1.6500000000000001
-20,5,1.6500000000000001
-20,5,14.682710212144858
-20,5,1.6500000000000001
-20,5,1.6500000000000001
-20,5,1.6500000000000001
-20,5,1.6500000000000001
-20,5,6.503753862876794
-20,5,10.448059602230483
-20,5,1.6500000000000001
-20,5,1.6500000000000001
-20,5,1.6500000000000001
-20,5,1.6500000000000001
-20,5,1.6500000000000001
-20,5,3.190649408230751
-20,5,1.6500000000000001
-20,5,1.6500000000000001
-20,5,11.117918933136888
-20,5,1.6500000000000001
-20,5,1.6500000000000001
-20,5,1.6500000000000001
-20,5,15.789170111369604
-20,5,1.6500000000000001
-20,5,1.6500000000000001
-20,5,1.6500000000000001
-20,5,7.56825872470446
-20,5,1.6500000000000001
-20,5,4.739301224529818
-20,5,1.6500000000000001
-20,5,7.105709314156048
-20,5,1.6500000000000001
-20,5,1.6500000000000001
-20,5,1.6500000000000001
-20,5,1.6500000000000001
-20,5,1.6500000000000001
-20,5,2.5574843399656384
-20,5,6.070777598574855
-20,5,1.6500000000000001
-20,5,1.6500000000000001
-20,5,1.6500000000000001
-20,5,1.6500000000000001
-20,5,1.6500000000000001
-20,5,1.6500000000000001
-20,5,1.6500000000000001
-20,5,21.167592637194414
-20,5,1.6500000000000001
-20,5,1.6500000000000001
-20,6,1.6500000000000001
-20,6,1.6500000000000001
-20,6,1.6500000000000001
-20,6,1.6500000000000001
-20,6,1.6500000000000001
-20,6,1.6500000000000001
-20,6,7.616455697171553
-20,6,1.6500000000000001
-20,6,1.6500000000000001
-20,6,5.065465642270109
-20,6,1.6500000000000001
-20,6,1.6500000000000001
-20,6,1.6500000000000001
-20,6,1.6500000000000001
-20,6,11.344063737054338
-20,6,8.394018289487892
-20,6,1.6500000000000001
-20,6,1.6500000000000001
-20,6,1.6500000000000001
-20,6,1.6500000000000001
-20,6,14.812649159061106
-20,6,7.8097947806287955
-20,6,1.6500000000000001
-20,6,1.6500000000000001
-20,6,1.6500000000000001
-20,6,1.6500000000000001
-20,6,1.6500000000000001
-20,6,1.6500000000000001
-20,6,1.6500000000000001
-20,6,4.920044742269104
-20,6,1.6500000000000001
-20,6,5.433294042664324
-20,6,1.6500000000000001
-20,6,1.6500000000000001
-20,6,1.6500000000000001
-20,6,1.6500000000000001
-20,6,16.81754431195219
-20,6,1.6500000000000001
-20,6,1.6500000000000001
-20,6,1.6500000000000001
-20,6,1.6500000000000001
-20,6,14.609932680929155
-20,6,1.6500000000000001
-20,6,1.6500000000000001
-20,6,4.543270442950371
-20,6,1.6500000000000001
-20,6,1.6500000000000001
-20,6,1.6500000000000001
-20,6,1.6500000000000001
-20,6,1.6500000000000001
-20,6,1.6500000000000001
-20,6,1.6500000000000001
-20,6,10.432100255295353
-20,6,4.043676746267769
-20,6,5.596755482141898
-20,6,1.6500000000000001
-20,6,1.6500000000000001
-20,6,1.6500000000000001
-20,6,1.6500000000000001
-20,6,1.6500000000000001
-20,6,1.6500000000000001
-20,6,1.6500000000000001
-20,6,9.222050723767934
-20,6,1.6500000000000001
-20,6,1.6500000000000001
-20,6,1.6500000000000001
-20,6,2.4382273221024597
-20,6,1.6500000000000001
-20,6,1.6500000000000001
-20,6,1.6500000000000001
-20,6,1.6500000000000001
-20,6,1.6500000000000001
-20,6,4.29971809439356
-20,6,1.6500000000000001
-20,6,1.6500000000000001
-20,6,1.6500000000000001
-20,6,1.6500000000000001
-20,6,1.6500000000000001
-20,6,1.6500000000000001
-20,6,1.6500000000000001
-20,6,1.6500000000000001
-20,6,1.6500000000000001
-20,6,5.082466427405951
-20,6,1.6500000000000001
-20,6,1.6500000000000001
-20,6,1.6500000000000001
-20,6,1.6500000000000001
-20,6,19.93811794718612
-20,6,1.6500000000000001
-20,6,1.6500000000000001
-20,6,1.6500000000000001
-20,6,9.308654976819701
-20,6,1.6500000000000001
-20,6,1.6500000000000001
-20,6,1.6500000000000001
-20,6,6.162842194453953
-20,6,1.6500000000000001
-20,6,3.430893698662409
-20,6,5.427226385927096
-20,6,1.6500000000000001
-20,6,1.6500000000000001
-20,6,1.6500000000000001
-20,6,1.6500000000000001
-20,6,23.188191904658108
-20,6,1.6500000000000001
-20,6,1.6500000000000001
-20,6,1.6500000000000001
-20,6,1.6500000000000001
-20,6,1.6500000000000001
-20,6,1.6500000000000001
-20,6,1.6500000000000001
-20,6,7.7960341965268025
-20,6,1.6500000000000001
-20,6,1.6500000000000001
-20,6,1.6500000000000001
-20,6,3.679005674625216
-20,6,1.6500000000000001
-20,6,3.6082751459123905
-20,6,1.6500000000000001
-20,6,1.6500000000000001
-20,6,1.6500000000000001
-20,6,1.6500000000000001
-20,5,1.6500000000000001
-20,5,1.6500000000000001
-20,5,1.6500000000000001
-20,5,1.6500000000000001
-20,5,1.6500000000000001
-20,5,1.6500000000000001
-20,5,1.6500000000000001
-20,5,1.6500000000000001
-20,5,1.6500000000000001
-20,5,1.8965363948230891
-20,5,3.4963390753890273
-20,5,1.6500000000000001
-20,5,1.6500000000000001
-20,5,1.6500000000000001
-20,5,1.6500000000000001
-20,5,1.6500000000000001
-20,5,12.309194394248323
-20,5,1.6500000000000001
-20,5,1.6500000000000001
-20,5,1.6500000000000001
-20,5,3.6223241328218982
-20,5,1.6500000000000001
-20,5,3.8778802972126503
-20,5,1.6500000000000001
-20,5,1.6500000000000001
-20,5,11.007267631063435
-20,5,1.6500000000000001
-20,5,1.6500000000000001
-20,5,1.6500000000000001
-20,5,6.774138417876532
-20,5,1.6500000000000001
-20,5,1.6500000000000001
-20,5,1.6500000000000001
-20,5,2.854359458187358
-20,5,1.6500000000000001
-20,5,4.320905569659276
-20,5,1.6500000000000001
-20,5,6.146577968828435
-20,5,1.6500000000000001
-20,5,1.6500000000000001
-20,5,14.692185426370543
-20,5,1.6500000000000001
-20,5,1.6500000000000001
-20,5,2.311434012859353
-20,5,9.416576500507663
-20,5,1.6500000000000001
-20,5,5.814611197660746
-20,5,21.918167414745554
-20,5,1.6500000000000001
-20,5,1.6500000000000001
-20,5,1.6500000000000001
-20,5,6.587341025024596
-20,5,1.6500000000000001
-20,5,1.6500000000000001
-20,5,1.6500000000000001
-20,5,1.6500000000000001
-20,5,1.6500000000000001
-20,5,7.255197368401541
-20,5,1.6500000000000001
-20,5,1.6500000000000001
-20,5,1.6500000000000001
-20,5,1.6500000000000001
-20,5,1.6500000000000001
-20,5,1.6500000000000001
-20,5,1.6500000000000001
-20,5,1.6500000000000001
-20,5,1.6500000000000001
-20,5,17.450574023506224
-20,5,1.6500000000000001
-20,5,1.6500000000000001
-20,5,1.6500000000000001
-20,5,1.6500000000000001
-20,5,1.6500000000000001
-20,5,6.821512256366347
-20,5,2.763087848895081
-20,5,1.6500000000000001
-20,5,3.5673670779902675
-20,5,1.6500000000000001
-20,5,1.6500000000000001
-20,5,1.6500000000000001
-20,5,1.6500000000000001
-20,5,3.9036791588964395
-20,5,1.6500000000000001
-20,5,1.6500000000000001
-20,5,1.6500000000000001
-20,5,1.6500000000000001
-20,5,2.2929814214678785
-20,5,1.6500000000000001
-20,5,8.01172374371937
-20,5,1.6500000000000001
-20,5,1.6500000000000001
-20,5,1.6500000000000001
-20,5,1.6500000000000001
-20,5,1.6500000000000001
-20,5,1.6500000000000001
-20,5,1.6500000000000001
-20,5,9.870897779893292
-20,5,1.6500000000000001
-20,5,1.6500000000000001
-20,5,1.6500000000000001
-20,5,1.6500000000000001
-20,5,1.6500000000000001
-20,5,1.6500000000000001
-20,5,1.6500000000000001
-20,5,1.6500000000000001
-20,5,1.6500000000000001
-20,5,12.18945474458944
-20,5,5.168719320149702
-20,5,1.6500000000000001
-20,5,1.6500000000000001
-20,5,1.6500000000000001
-20,5,1.6500000000000001
-20,5,1.6500000000000001
-20,5,1.6500000000000001
-20,5,1.6500000000000001
-20,5,18.953008293664524
-20,5,1.6500000000000001
-20,5,4.813313557351032
-20,5,1.6500000000000001
-20,5,1.6500000000000001
-20,5,4.167214751018459
-20,5,1.8679240891377002
-20,4,1.6500000000000001
-20,4,4.364429962271416
-20,4,1.6500000000000001
-20,4,21.20968200085932
-20,4,1.6500000000000001
-20,4,1.6500000000000001
-20,4,1.6500000000000001
-20,4,1.6500000000000001
-20,4,1.6500000000000001
-20,4,4.620062119286192
-20,4,5.28655632348139
-20,4,1.6500000000000001
-20,4,1.678157963252068
-20,4,1.6500000000000001
-20,4,12.388886360197539
-20,4,1.6500000000000001
-20,4,1.6500000000000001
-20,4,1.6500000000000001
-20,4,1.6500000000000001
-20,4,1.6500000000000001
-20,4,1.6500000000000001
-20,4,1.6500000000000001
-20,4,1.6500000000000001
-20,4,1.6500000000000001
-20,4,1.6500000000000001
-20,4,1.6500000000000001
-20,4,1.6500000000000001
-20,4,1.6500000000000001
-20,4,1.6500000000000001
-20,4,1.6500000000000001
-20,4,8.977506404288333
-20,4,7.5886313169975175
-20,4,1.6500000000000001
-20,4,1.6500000000000001
-20,4,6.7124262893396125
-20,4,8.340897337574845
-20,4,1.6500000000000001
-20,4,6.452125287274004
-20,4,10.331896874064796
-20,4,1.6500000000000001
-20,4,1.6500000000000001
-20,4,11.975978325073335
-20,4,1.6500000000000001
-20,4,1.6500000000000001
-20,4,1.6500000000000001
-20,4,1.6500000000000001
-20,4,1.6500000000000001
-20,4,1.6500000000000001
-20,4,8.765130202872733
-20,4,12.920266885278991
-20,4,3.317044225407141
-20,4,6.45136019303718
-20,4,1.6500000000000001
-20,4,23.196087393558535
-20,4,1.6500000000000001
-20,4,1.6500000000000001
-20,4,1.6500000000000001
-20,4,1.6500000000000001
-20,4,13.647323388514824
-20,4,2.3998144076428076
-20,4,1.6500000000000001
-20,4,1.6500000000000001
-20,4,6.8698887379594265
-20,4,1.6500000000000001
-20,4,1.6500000000000001
-20,4,1.6500000000000001
-20,4,1.6500000000000001
-20,4,1.6500000000000001
-20,4,1.6500000000000001
-20,4,1.6500000000000001
-20,4,1.6500000000000001
-20,4,1.6500000000000001
-20,4,3.960937364360751
-20,4,1.6500000000000001
-20,4,5.466364275696076
-20,4,1.6500000000000001
-20,4,3.521275856853096
-20,4,10.854349602583913
-20,4,1.6500000000000001
-20,4,1.6500000000000001
-20,4,1.6500000000000001
-20,4,1.6500000000000001
-20,4,1.6500000000000001
-20,4,1.6500000000000001
-20,4,1.6500000000000001
-20,4,3.3123968107180506
-20,4,1.6500000000000001
-20,4,1.6500000000000001
-20,4,1.6500000000000001
-20,4,17.64558508506972
-20,4,16.38203878082318
-20,4,1.6500000000000001
-20,4,5.102135725713119
-20,4,1.6500000000000001
-20,4,1.6500000000000001
-20,4,1.6500000000000001
-20,4,1.6500000000000001
-20,4,1.6500000000000001
-20,4,1.6500000000000001
-20,4,1.6500000000000001
-20,4,1.6500000000000001
-20,4,1.727371139990212
-20,4,1.6500000000000001
-20,4,1.6500000000000001
-20,4,4.834145227118388
-20,4,1.6500000000000001
-20,4,1.6500000000000001
-20,4,3.30136002984859
-20,4,1.6500000000000001
-20,4,1.6500000000000001
-20,4,1.6500000000000001
-20,4,1.6500000000000001
-20,4,1.6500000000000001
-20,4,1.6500000000000001
-20,4,1.6933088693528475
-20,4,1.6500000000000001
-20,4,1.6500000000000001
-20,4,1.6500000000000001
-20,4,1.6500000000000001
-20,4,4.733826350970501
-20,4,1.6500000000000001
-20,4,11.441295390789271
-20,3,1.6500000000000001
-20,3,1.6500000000000001
-20,3,1.6500000000000001
-20,3,1.6500000000000001
-20,3,14.90442053938154
-20,3,1.6500000000000001
-20,3,1.6500000000000001
-20,3,12.478193001934947
-20,3,1.6500000000000001
-20,3,1.6500000000000001
-20,3,1.6500000000000001
-20,3,4.549968210081364
-20,3,1.6500000000000001
-20,3,1.6500000000000001
-20,3,6.391562617817009
-20,3,5.2065753134680754
-20,3,1.6500000000000001
-20,3,1.6500000000000001
-20,3,1.6500000000000001
-20,3,10.55570567188829
-20,3,1.6500000000000001
-20,3,5.532852080573164
-20,3,1.6500000000000001
-20,3,1.6500000000000001
-20,3,13.011715993977226
-20,3,4.775815002618277
-20,3,1.6500000000000001
-20,3,1.6500000000000001
-20,3,6.3096505615602965
-20,3,1.6500000000000001
-20,3,1.6500000000000001
-20,3,1.6500000000000001
-20,3,1.6500000000000001
-20,3,13.152144374594926
-20,3,6.121919887368541
-20,3,1.6500000000000001
-20,3,1.6500000000000001
-20,3,11.653638851624748
-20,3,1.6500000000000001
-20,3,1.6500000000000001
-20,3,1.6500000000000001
-20,3,1.6500000000000001
-20,3,1.6500000000000001
-20,3,1.6500000000000001
-20,3,1.6500000000000001
-20,3,1.6500000000000001
-20,3,5.254664538493865
-20,3,8.245106951563606
-20,3,1.6500000000000001
-20,3,1.6500000000000001
-20,3,1.6500000000000001
-20,3,1.6500000000000001
-20,3,1.6500000000000001
-20,3,1.6500000000000001
-20,3,1.7995122519055702
-20,3,1.6500000000000001
-20,3,1.6500000000000001
-20,3,1.6500000000000001
-20,3,1.848899695328634
-20,3,1.6500000000000001
-20,3,8.587689700774632
-20,3,5.897017824848135
-20,3,1.6500000000000001
-20,3,2.7536515610379855
-20,3,1.8404724167423465
-20,3,1.6500000000000001
-20,3,1.6500000000000001
-20,3,1.6500000000000001
-20,3,1.6500000000000001
-20,3,1.6500000000000001
-20,3,2.6690025884208612
-20,3,1.6500000000000001
-20,3,1.6500000000000001
-20,3,1.6500000000000001
-20,3,1.6500000000000001
-20,3,6.284584720152402
-20,3,1.6500000000000001
-20,3,11.451164239816523
-20,3,1.6500000000000001
-20,3,1.6500000000000001
-20,3,1.6500000000000001
-20,3,1.6500000000000001
-20,3,1.6500000000000001
-20,3,8.22539961540206
-20,3,1.6500000000000001
-20,3,1.6500000000000001
-20,3,1.6500000000000001
-20,3,1.6500000000000001
-20,3,1.6500000000000001
-20,3,1.6500000000000001
-20,3,1.6500000000000001
-20,3,1.6500000000000001
-20,3,1.6500000000000001
-20,3,1.6500000000000001
-20,3,1.6500000000000001
-20,3,1.6500000000000001
-20,3,1.6500000000000001
-20,3,1.6500000000000001
-20,3,14.972670361335364
-20,3,1.6500000000000001
-20,3,3.956142464576759
-20,3,1.6500000000000001
-20,3,8.610846623065093
-20,3,1.6500000000000001
-20,3,1.6500000000000001
-20,3,3.5683774260371806
-20,3,1.6500000000000001
-20,3,4.583376775056207
-20,3,1.6500000000000001
-20,3,1.6500000000000001
-20,3,1.6500000000000001
-20,3,1.6500000000000001
-20,3,1.6500000000000001
-20,3,1.6500000000000001
-20,3,1.6500000000000001
-20,3,1.6500000000000001
-20,3,1.6500000000000001
-20,3,1.6500000000000001
-20,3,5.865283791070365
-20,3,1.6500000000000001
-20,3,1.6500000000000001
-20,3,1.6500000000000001
-20,2,1.6500000000000001
-20,2,1.6500000000000001
-20,2,13.26335658425943
-20,2,1.6500000000000001
-20,2,1.6500000000000001
-20,2,1.6500000000000001
-20,2,1.6500000000000001
-20,2,1.6500000000000001
-20,2,5.224956556818457
-20,2,1.6500000000000001
-20,2,1.6500000000000001
-20,2,1.6500000000000001
-20,2,1.6500000000000001
-20,2,1.6500000000000001
-20,2,1.6500000000000001
-20,2,8.07162648956499
-20,2,1.6500000000000001
-20,2,1.6500000000000001
-20,2,1.6500000000000001
-20,2,1.6500000000000001
-20,2,11.072077059168475
-20,2,1.6500000000000001
-20,2,1.6500000000000001
-20,2,1.6500000000000001
-20,2,1.6500000000000001
-20,2,4.940542459440904
-20,2,1.6500000000000001
-20,2,1.6500000000000001
-20,2,5.570240640499762
-20,2,1.6500000000000001
-20,2,1.6500000000000001
-20,2,1.6500000000000001
-20,2,4.24876513001926
-20,2,1.6500000000000001
-20,2,1.6500000000000001
-20,2,1.6500000000000001
-20,2,8.011998814757824
-20,2,1.6500000000000001
-20,2,1.6500000000000001
-20,2,1.6500000000000001
-20,2,2.223283228043308
-20,2,1.6500000000000001
-20,2,11.321013906445526
-20,2,1.6500000000000001
-20,2,1.6500000000000001
-20,2,2.0607221845744004
-20,2,1.6500000000000001
-20,2,1.6500000000000001
-20,2,12.605997172578071
-20,2,1.6500000000000001
-20,2,1.6500000000000001
-20,2,1.6500000000000001
-20,2,7.6763003301442545
-20,2,1.6500000000000001
-20,2,1.6500000000000001
-20,2,1.6500000000000001
-20,2,1.6500000000000001
-20,2,1.6500000000000001
-20,2,1.6500000000000001
-20,2,4.0630711582910966
-20,2,6.422779305462743
-20,2,4.143088281404818
-20,2,1.6500000000000001
-20,2,10.316907975591478
-20,2,1.6500000000000001
-20,2,1.6500000000000001
-20,2,1.6500000000000001
-20,2,1.6500000000000001
-20,2,1.6500000000000001
-20,2,1.6500000000000001
-20,2,7.275225894678876
-20,2,1.6500000000000001
-20,2,1.6500000000000001
-20,2,1.6500000000000001
-20,2,1.6500000000000001
-20,2,1.6500000000000001
-20,2,5.566308386865796
-20,2,1.6500000000000001
-20,2,1.6500000000000001
-20,2,1.6500000000000001
-20,2,1.6500000000000001
-20,2,1.6500000000000001
-20,2,2.075840703300667
-20,2,13.480400578937061
-20,2,1.6500000000000001
-20,2,1.6500000000000001
-20,2,1.6500000000000001
-20,2,1.6500000000000001
-20,2,8.271626178448999
-20,2,1.6500000000000001
-20,2,1.6500000000000001
-20,2,9.935330280858073
-20,2,1.6500000000000001
-20,2,28.217739733453264
-20,2,1.6500000000000001
-20,2,1.6500000000000001
-20,2,1.6500000000000001
-20,2,1.6500000000000001
-20,2,1.6500000000000001
-20,2,1.6500000000000001
-20,2,14.990682029837071
-20,2,11.738817821947016
-20,2,1.6500000000000001
-20,2,1.6500000000000001
-20,2,1.6500000000000001
-20,2,1.6500000000000001
-20,2,1.6500000000000001
-20,2,9.49808934346876
-20,2,1.6500000000000001
-20,2,1.6500000000000001
-20,2,10.742892951882107
-20,2,1.6500000000000001
-20,2,1.6500000000000001
-20,2,1.6500000000000001
-20,2,1.6500000000000001
-20,2,1.6500000000000001
-20,2,1.6500000000000001
-20,2,3.532027430509645
-20,2,2.022053220520455
-20,2,1.6500000000000001
-20,2,1.6500000000000001
-20,2,1.6500000000000001
-20,2,1.6500000000000001
-20,1,3.8483338943329315
-20,1,1.6500000000000001
-20,1,1.6500000000000001
-20,1,1.6500000000000001
-20,1,1.6500000000000001
-20,1,1.6500000000000001
-20,1,1.6500000000000001
-20,1,4.740830438139485
-20,1,1.6500000000000001
-20,1,12.276850240222306
-20,1,7.626822035795948
-20,1,4.313970371265743
-20,1,1.6500000000000001
-20,1,1.6500000000000001
-20,1,1.6500000000000001
-20,1,1.6500000000000001
-20,1,1.6500000000000001
-20,1,1.6500000000000001
-20,1,4.415096264758699
-20,1,2.3334139543181784
-20,1,1.6500000000000001
-20,1,1.6500000000000001
-20,1,1.6500000000000001
-20,1,1.6500000000000001
-20,1,1.6500000000000001
-20,1,7.013699812473897
-20,1,1.6500000000000001
-20,1,9.507092517552428
-20,1,7.987423300193173
-20,1,1.6500000000000001
-20,1,1.6500000000000001
-20,1,1.6500000000000001
-20,1,1.6500000000000001
-20,1,1.6500000000000001
-20,1,1.6500000000000001
-20,1,1.6500000000000001
-20,1,1.6500000000000001
-20,1,1.6500000000000001
-20,1,4.914642623411465
-20,1,1.6500000000000001
-20,1,1.6500000000000001
-20,1,1.6500000000000001
-20,1,1.6500000000000001
-20,1,1.6500000000000001
-20,1,1.6500000000000001
-20,1,1.6500000000000001
-20,1,8.531115990020034
-20,1,1.6500000000000001
-20,1,1.6500000000000001
-20,1,1.6500000000000001
-20,1,1.6500000000000001
-20,1,1.6500000000000001
-20,1,1.6500000000000001
-20,1,1.6500000000000001
-20,1,1.6500000000000001
-20,1,1.6500000000000001
-20,1,1.6500000000000001
-20,1,1.6500000000000001
-20,1,1.6500000000000001
-20,1,1.6500000000000001
-20,1,3.6073956803628437
-20,1,1.6500000000000001
-20,1,10.052555903317558
-20,1,1.6500000000000001
-20,1,1.6500000000000001
-20,1,1.6500000000000001
-20,1,1.6500000000000001
-20,1,1.6500000000000001
-20,1,1.6500000000000001
-20,1,16.206406690178625
-20,1,1.6500000000000001
-20,1,8.031087870767303
-20,1,1.6500000000000001
-20,1,1.6500000000000001
-20,1,1.6500000000000001
-20,1,5.393854387256464
-20,1,1.6500000000000001
-20,1,1.6500000000000001
-20,1,1.6500000000000001
-20,1,13.79353864482411
-20,1,1.6500000000000001
-20,1,1.6500000000000001
-20,1,1.6500000000000001
-20,1,1.6500000000000001
-20,1,1.6500000000000001
-20,1,1.6500000000000001
-20,1,1.6500000000000001
-20,1,1.6500000000000001
-20,1,1.6500000000000001
-20,1,1.6500000000000001
-20,1,11.131567560240576
-20,1,8.210508373045585
-20,1,1.6500000000000001
-20,1,1.6500000000000001
-20,1,10.850149986543585
-20,1,1.6500000000000001
-20,1,1.6500000000000001
-20,1,1.6500000000000001
-20,1,1.6500000000000001
-20,1,1.6500000000000001
-20,1,1.6500000000000001
-20,1,1.6500000000000001
-20,1,1.6500000000000001
-20,1,1.6500000000000001
-20,1,1.6500000000000001
-20,1,1.6500000000000001
-20,1,8.112127223280151
-20,1,1.6500000000000001
-20,1,1.6500000000000001
-20,1,3.8603173476067525
-20,1,12.6670491032148
-20,1,2.8699661896829927
-20,1,6.310085182952992
-20,1,1.6500000000000001
-20,1,1.6500000000000001
-20,1,14.011347788675035
-20,1,1.6500000000000001
-20,1,1.6500000000000001
-20,1,1.6500000000000001
-20,1,11.337111918853415
-20,1,1.6500000000000001
-20,1,1.6500000000000001
-20,0,1.6500000000000001
-20,0,1.6500000000000001
-20,0,1.6500000000000001
-20,0,1.6500000000000001
-20,0,1.6500000000000001
-20,0,15.05146056961815
-20,0,1.6500000000000001
-20,0,1.6500000000000001
-20,0,1.6500000000000001
-20,0,1.6500000000000001
-20,0,12.506650214320732
-20,0,1.6500000000000001
-20,0,1.6500000000000001
-20,0,1.6500000000000001
-20,0,1.6500000000000001
-20,0,1.6500000000000001
-20,0,4.816955460242754
-20,0,1.6500000000000001
-20,0,1.6500000000000001
-20,0,1.6500000000000001
-20,0,1.6500000000000001
-20,0,1.6500000000000001
-20,0,1.6500000000000001
-20,0,1.6500000000000001
-20,0,1.6500000000000001
-20,0,1.6500000000000001
-20,0,1.6500000000000001
-20,0,1.6500000000000001
-20,0,1.6500000000000001
-20,0,1.6500000000000001
-20,0,2.5725398005482933
-20,0,1.6500000000000001
-20,0,1.6500000000000001
-20,0,1.6500000000000001
-20,0,9.718619832295204
-20,0,1.6500000000000001
-20,0,1.6500000000000001
-20,0,1.6500000000000001
-20,0,10.008606994414082
-20,0,1.6500000000000001
-20,0,1.6500000000000001
-20,0,4.667033911387996
-20,0,1.6500000000000001
-20,0,1.6500000000000001
-20,0,1.6500000000000001
-20,0,8.435321244496103
-20,0,1.6500000000000001
-20,0,14.128116836283272
-20,0,1.6500000000000001
-20,0,1.6500000000000001
-20,0,1.6500000000000001
-20,0,11.133515824836469
-20,0,1.6500000000000001
-20,0,1.6500000000000001
-20,0,1.6500000000000001
-20,0,1.6500000000000001
-20,0,1.6500000000000001
-20,0,1.6500000000000001
-20,0,1.6500000000000001
-20,0,1.6500000000000001
-20,0,1.6500000000000001
-20,0,1.6500000000000001
-20,0,1.6500000000000001
-20,0,1.6500000000000001
-20,0,1.6500000000000001
-20,0,1.6500000000000001
-20,0,1.6500000000000001
-20,0,1.6500000000000001
-20,0,1.6500000000000001
-20,0,1.6500000000000001
-20,0,1.6500000000000001
-20,0,1.6500000000000001
-20,0,1.6500000000000001
-20,0,1.6500000000000001
-20,0,1.6500000000000001
-20,0,10.719628687379055
-20,0,1.6500000000000001
-20,0,1.6500000000000001
-20,0,1.6500000000000001
-20,0,1.6500000000000001
-20,0,1.6500000000000001
-20,0,17.730303812503244
-20,0,1.6500000000000001
-20,0,1.6500000000000001
-20,0,1.6500000000000001
-20,0,1.6500000000000001
-20,0,1.6500000000000001
-20,0,1.6500000000000001
-20,0,1.6500000000000001
-20,0,1.6500000000000001
-20,0,1.6500000000000001
-20,0,1.6500000000000001
-20,0,2.83148086042063
-20,0,1.6500000000000001
-20,0,1.6500000000000001
-20,0,1.6500000000000001
-20,0,1.6500000000000001
-20,0,1.6500000000000001
-20,0,4.15852819436375
-20,0,3.8354087905839034
-20,0,1.6500000000000001
-20,0,9.026555387118695
-20,0,6.5433240261664185
-20,0,1.6500000000000001
-20,0,1.6500000000000001
-20,0,1.6500000000000001
-20,0,1.6500000000000001
-20,0,1.6500000000000001
-20,0,1.6500000000000001
-20,0,1.6500000000000001
-20,0,1.6500000000000001
-20,0,1.6500000000000001
-20,0,15.217663974853465
-20,0,1.6500000000000001
-20,0,1.6500000000000001
-20,0,1.6500000000000001
-20,0,1.6500000000000001
-20,0,1.6500000000000001
-20,0,1.6500000000000001
-20,0,1.6500000000000001
-20,0,1.6500000000000001
-20,0,6.757957297315649
-20,-1,1.6500000000000001
-20,-1,1.6500000000000001
-20,-1,1.6500000000000001
-20,-1,1.6500000000000001
-20,-1,1.6500000000000001
-20,-1,1.8033678082325117
-20,-1,1.6500000000000001
-20,-1,1.6500000000000001
-20,-1,1.6500000000000001
-20,-1,1.6500000000000001
-20,-1,1.6500000000000001
-20,-1,4.726166967276031
-20,-1,3.795917300382598
-20,-1,1.6500000000000001
-20,-1,1.6500000000000001
-20,-1,1.6500000000000001
-20,-1,1.6500000000000001
-20,-1,1.6500000000000001
-20,-1,8.228933249986776
-20,-1,2.6840832284148632
-20,-1,1.6500000000000001
-20,-1,1.6500000000000001
-20,-1,17.731587613881654
-20,-1,1.6500000000000001
-20,-1,1.6500000000000001
-20,-1,1.6500000000000001
-20,-1,1.6500000000000001
-20,-1,1.6500000000000001
-20,-1,11.705343695441268
-20,-1,1.6500000000000001
-20,-1,1.6500000000000001
-20,-1,1.6500000000000001
-20,-1,1.6500000000000001
-20,-1,1.6500000000000001
-20,-1,1.6500000000000001
-20,-1,1.6500000000000001
-20,-1,6.103247645182703
-20,-1,1.6500000000000001
-20,-1,1.6500000000000001
-20,-1,1.6500000000000001
-20,-1,1.6500000000000001
-20,-1,4.0272908601187485
-20,-1,1.6500000000000001
-20,-1,1.6500000000000001
-20,-1,1.6500000000000001
-20,-1,1.6500000000000001
-20,-1,1.6500000000000001
-20,-1,1.6500000000000001
-20,-1,6.585426470331512
-20,-1,1.6500000000000001
-20,-1,1.6500000000000001
-20,-1,1.6500000000000001
-20,-1,1.6500000000000001
-20,-1,1.6500000000000001
-20,-1,1.6500000000000001
-20,-1,17.027095963214055
-20,-1,1.6500000000000001
-20,-1,11.003081582307882
-20,-1,1.6500000000000001
-20,-1,1.6500000000000001
-20,-1,1.6500000000000001
-20,-1,1.6500000000000001
-20,-1,1.6500000000000001
-20,-1,1.6500000000000001
-20,-1,1.6500000000000001
-20,-1,5.892083575477269
-20,-1,1.6500000000000001
-20,-1,1.6500000000000001
-20,-1,3.0848163805631756
-20,-1,3.8587602672160237
-20,-1,1.6500000000000001
-20,-1,1.6500000000000001
-20,-1,1.6500000000000001
-20,-1,1.6500000000000001
-20,-1,2.6008371000139388
-20,-1,1.6500000000000001
-20,-1,5.713639817150312
-20,-1,1.6500000000000001
-20,-1,1.6500000000000001
-20,-1,1.6500000000000001
-20,-1,1.6500000000000001
-20,-1,1.6500000000000001
-20,-1,16.59717884065847
-20,-1,1.6500000000000001
-20,-1,1.6500000000000001
-20,-1,1.6500000000000001
-20,-1,1.701217878343141
-20,-1,1.6500000000000001
-20,-1,1.6500000000000001
-20,-1,1.6500000000000001
-20,-1,1.6500000000000001
-20,-1,1.6500000000000001
-20,-1,1.6500000000000001
-20,-1,1.6500000000000001
-20,-1,1.6500000000000001
-20,-1,1.6500000000000001
-20,-1,1.6500000000000001
-20,-1,1.6500000000000001
-20,-1,1.6500000000000001
-20,-1,1.6500000000000001
-20,-1,9.75399538660697
-20,-1,1.6500000000000001
-20,-1,1.6500000000000001
-20,-1,1.6500000000000001
-20,-1,1.6500000000000001
-20,-1,7.751323707470835
-20,-1,1.6500000000000001
-20,-1,1.6500000000000001
-20,-1,1.6500000000000001
-20,-1,4.203089763219179
-20,-1,1.6500000000000001
-20,-1,1.6500000000000001
-20,-1,1.6500000000000001
-20,-1,1.6500000000000001
-20,-1,1.6500000000000001
-20,-1,1.6500000000000001
-20,-1,1.6500000000000001
-20,-1,11.345853930448492
-20,-1,1.6500000000000001
-20,-1,1.6500000000000001
-20,-1,3.117206124185479
-20,-1,1.6500000000000001
-20,-2,1.6500000000000001
-20,-2,1.6500000000000001
-20,-2,1.6500000000000001
-20,-2,1.6500000000000001
-20,-2,13.00612978882203
-20,-2,18.014637096684353
-20,-2,16.528879562179668
-20,-2,5.604450788589441
-20,-2,2.7146924964723214
-20,-2,1.6500000000000001
-20,-2,1.6500000000000001
-20,-2,1.6500000000000001
-20,-2,1.6500000000000001
-20,-2,1.6500000000000001
-20,-2,1.6500000000000001
-20,-2,1.6500000000000001
-20,-2,1.6500000000000001
-20,-2,13.186080546941898
-20,-2,1.6500000000000001
-20,-2,3.679394723616438
-20,-2,1.6500000000000001
-20,-2,1.6500000000000001
-20,-2,7.783664816376657
-20,-2,1.6500000000000001
-20,-2,4.87963929085757
-20,-2,1.6500000000000001
-20,-2,1.6500000000000001
-20,-2,1.6500000000000001
-20,-2,1.6500000000000001
-20,-2,5.263708249450952
-20,-2,1.6500000000000001
-20,-2,1.6500000000000001
-20,-2,3.1615624883849964
-20,-2,1.6500000000000001
-20,-2,2.077128475793679
-20,-2,7.553145862078699
-20,-2,6.79941424460451
-20,-2,1.6500000000000001
-20,-2,1.6500000000000001
-20,-2,19.029571415305625
-20,-2,2.25796663191018
-20,-2,3.260287341085167
-20,-2,1.6500000000000001
-20,-2,1.6500000000000001
-20,-2,16.037023329411962
-20,-2,1.6500000000000001
-20,-2,4.320665464637171
-20,-2,7.31642591021939
-20,-2,1.6500000000000001
-20,-2,1.6500000000000001
-20,-2,1.6500000000000001
-20,-2,1.6500000000000001
-20,-2,1.6500000000000001
-20,-2,1.6500000000000001
-20,-2,1.6500000000000001
-20,-2,1.6500000000000001
-20,-2,2.7317659359462585
-20,-2,9.05551044162073
-20,-2,4.3916413490028
-20,-2,1.6500000000000001
-20,-2,1.6500000000000001
-20,-2,1.6500000000000001
-20,-2,1.6500000000000001
-20,-2,1.6500000000000001
-20,-2,1.6500000000000001
-20,-2,1.6500000000000001
-20,-2,1.7103544424936068
-20,-2,1.6500000000000001
-20,-2,1.6500000000000001
-20,-2,2.6157347280563847
-20,-2,1.6500000000000001
-20,-2,1.6500000000000001
-20,-2,1.6500000000000001
-20,-2,1.6500000000000001
-20,-2,7.575581962333535
-20,-2,1.6500000000000001
-20,-2,1.6500000000000001
-20,-2,1.6500000000000001
-20,-2,1.6500000000000001
-20,-2,1.6500000000000001
-20,-2,1.6500000000000001
-20,-2,1.6500000000000001
-20,-2,1.6500000000000001
-20,-2,1.6500000000000001
-20,-2,1.6500000000000001
-20,-2,1.6500000000000001
-20,-2,1.6500000000000001
-20,-2,8.648462612953814
-20,-2,1.6500000000000001
-20,-2,1.6500000000000001
-20,-2,3.5004558448655434
-20,-2,1.6500000000000001
-20,-2,9.339784627495103
-20,-2,2.9902132612948744
-20,-2,1.6500000000000001
-20,-2,1.6500000000000001
-20,-2,1.6500000000000001
-20,-2,11.378378635837349
-20,-2,1.6500000000000001
-20,-2,2.583801966219239
-20,-2,3.948027620211512
-20,-2,1.6500000000000001
-20,-2,1.6500000000000001
-20,-2,1.6500000000000001
-20,-2,1.6500000000000001
-20,-2,4.69034538590191
-20,-2,1.6500000000000001
-20,-2,1.6500000000000001
-20,-2,1.6500000000000001
-20,-2,1.6500000000000001
-20,-2,1.6500000000000001
-20,-2,1.6500000000000001
-20,-2,1.6500000000000001
-20,-2,1.6500000000000001
-20,-2,1.6500000000000001
-20,-2,1.6500000000000001
-20,-2,1.6500000000000001
-20,-2,1.6500000000000001
-20,-2,5.367819574282045
-20,-2,3.6103169835235898
-20,-2,1.6500000000000001
-20,-2,1.6500000000000001
-20,-3,1.6500000000000001
-20,-3,1.6500000000000001
-20,-3,1.6500000000000001
-20,-3,15.57100660675685
-20,-3,3.588450165969652
-20,-3,1.6500000000000001
-20,-3,1.6500000000000001
-20,-3,1.6500000000000001
-20,-3,1.6500000000000001
-20,-3,1.6500000000000001
-20,-3,1.6500000000000001
-20,-3,1.6500000000000001
-20,-3,1.6500000000000001
-20,-3,1.6500000000000001
-20,-3,3.573659169332302
-20,-3,1.6500000000000001
-20,-3,1.6500000000000001
-20,-3,14.663262394056812
-20,-3,1.6500000000000001
-20,-3,1.6500000000000001
-20,-3,1.6500000000000001
-20,-3,8.99612845713259
-20,-3,1.6500000000000001
-20,-3,1.6500000000000001
-20,-3,5.513162409961524
-20,-3,2.8887359580932754
-20,-3,7.5061274074036
-20,-3,1.6500000000000001
-20,-3,1.6500000000000001
-20,-3,1.6500000000000001
-20,-3,10.609161103925288
-20,-3,1.6500000000000001
-20,-3,5.886668102042304
-20,-3,1.6500000000000001
-20,-3,1.6500000000000001
-20,-3,1.6500000000000001
-20,-3,1.6500000000000001
-20,-3,1.6500000000000001
-20,-3,17.493991550294304
-20,-3,1.6500000000000001
-20,-3,1.6500000000000001
-20,-3,1.6500000000000001
-20,-3,5.246547311898874
-20,-3,1.6500000000000001
-20,-3,1.6500000000000001
-20,-3,1.6500000000000001
-20,-3,1.6500000000000001
-20,-3,9.909005829818634
-20,-3,1.6500000000000001
-20,-3,1.6500000000000001
-20,-3,1.6500000000000001
-20,-3,1.6500000000000001
-20,-3,7.771014395925546
-20,-3,7.864184612555949
-20,-3,1.6500000000000001
-20,-3,1.6500000000000001
-20,-3,1.6500000000000001
-20,-3,4.798669423294841
-20,-3,1.6500000000000001
-20,-3,1.6500000000000001
-20,-3,3.0509473275913095
-20,-3,1.6500000000000001
-20,-3,1.6500000000000001
-20,-3,10.037398904241664
-20,-3,1.6500000000000001
-20,-3,1.6500000000000001
-20,-3,4.510475191343021
-20,-3,1.6500000000000001
-20,-3,1.6500000000000001
-20,-3,2.1176026513616435
-20,-3,1.6500000000000001
-20,-3,8.447999098049092
-20,-3,1.6500000000000001
-20,-3,5.142638615211009
-20,-3,1.6500000000000001
-20,-3,1.6500000000000001
-20,-3,1.6500000000000001
-20,-3,1.6500000000000001
-20,-3,10.97891340159713
-20,-3,1.6500000000000001
-20,-3,11.923398225438728
-20,-3,1.6500000000000001
-20,-3,2.5490122251231657
-20,-3,1.6500000000000001
-20,-3,1.6500000000000001
-20,-3,1.6500000000000001
-20,-3,1.6500000000000001
-20,-3,1.6500000000000001
-20,-3,1.6500000000000001
-20,-3,1.6500000000000001
-20,-3,4.6087140190182385
-20,-3,1.6500000000000001
-20,-3,22.65754785319298
-20,-3,3.819244461543189
-20,-3,5.29214490520731
-20,-3,1.6500000000000001
-20,-3,1.6500000000000001
-20,-3,1.6500000000000001
-20,-3,11.237579481987524
-20,-3,1.6500000000000001
-20,-3,3.5116454094956087
-20,-3,1.6500000000000001
-20,-3,4.48168984655474
-20,-3,6.269327813418947
-20,-3,1.6500000000000001
-20,-3,3.6456707063446103
-20,-3,1.6500000000000001
-20,-3,1.6500000000000001
-20,-3,1.6500000000000001
-20,-3,1.6500000000000001
-20,-3,1.6500000000000001
-20,-3,1.6500000000000001
-20,-3,1.6500000000000001
-20,-3,7.5957981498299105
-20,-3,3.636337444877393
-20,-3,1.6500000000000001
-20,-3,1.6500000000000001
-20,-3,1.6500000000000001
-20,-3,1.6500000000000001
-20,-3,1.6500000000000001
-20,-3,1.6500000000000001
-20,-3,3.108594268637251
-20,-3,1.6500000000000001
-20,-2,1.6500000000000001
-20,-2,1.6500000000000001
-20,-2,3.225585554667461
-20,-2,1.6500000000000001
-20,-2,1.6500000000000001
-20,-2,5.784195615984487
-20,-2,1.6500000000000001
-20,-2,1.6500000000000001
-20,-2,1.6500000000000001
-20,-2,6.216236062602036
-20,-2,1.6500000000000001
-20,-2,6.5210509175805065
-20,-2,1.6500000000000001
-20,-2,11.882239767305755
-20,-2,11.391029343327041
-20,-2,1.6500000000000001
-20,-2,3.5525152558536597
-20,-2,1.6500000000000001
-20,-2,1.6500000000000001
-20,-2,2.874050773237853
-20,-2,6.513837754429023
-20,-2,1.6500000000000001
-20,-2,1.6500000000000001
-20,-2,1.6500000000000001
-20,-2,1.6500000000000001
-20,-2,1.6500000000000001
-20,-2,1.6500000000000001
-20,-2,10.499991570889232
-20,-2,1.6500000000000001
-20,-2,1.6500000000000001
-20,-2,5.007446247212194
-20,-2,1.6500000000000001
-20,-2,1.6500000000000001
-20,-2,1.6500000000000001
-20,-2,17.27382517283352
-20,-2,1.6500000000000001
-20,-2,1.6500000000000001
-20,-2,1.6500000000000001
-20,-2,5.172531991017282
-20,-2,1.6500000000000001
-20,-2,1.6500000000000001
-20,-2,1.6500000000000001
-20,-2,1.6500000000000001
-20,-2,1.6500000000000001
-20,-2,1.6500000000000001
-20,-2,1.6500000000000001
-20,-2,2.7476621294604033
-20,-2,18.63011069497439
-20,-2,1.6500000000000001
-20,-2,1.6500000000000001
-20,-2,1.6500000000000001
-20,-2,1.6500000000000001
-20,-2,1.6500000000000001
-20,-2,1.6500000000000001
-20,-2,1.6500000000000001
-20,-2,1.6500000000000001
-20,-2,5.873288479980522
-20,-2,1.6500000000000001
-20,-2,1.6500000000000001
-20,-2,1.6500000000000001
-20,-2,3.1999742760986774
-20,-2,1.6500000000000001
-20,-2,1.6500000000000001
-20,-2,13.71256266516945
-20,-2,1.6500000000000001
-20,-2,1.6500000000000001
-20,-2,1.6500000000000001
-20,-2,1.6500000000000001
-20,-2,1.6500000000000001
-20,-2,1.6500000000000001
-20,-2,4.774588939535358
-20,-2,1.6500000000000001
-20,-2,1.6500000000000001
-20,-2,1.6500000000000001
-20,-2,1.6500000000000001
-20,-2,1.6500000000000001
-20,-2,9.615539554940431
-20,-2,1.6500000000000001
-20,-2,1.6500000000000001
-20,-2,1.6500000000000001
-20,-2,1.6500000000000001
-20,-2,1.6500000000000001
-20,-2,1.6500000000000001
-20,-2,1.6500000000000001
-20,-2,1.6500000000000001
-20,-2,1.8970429819286814
-20,-2,1.6500000000000001
-20,-2,1.6500000000000001
-20,-2,1.6500000000000001
-20,-2,1.6500000000000001
-20,-2,9.808031337247641
-20,-2,1.700645225677576
-20,-2,14.036896641523878
-20,-2,1.6500000000000001
-20,-2,1.6500000000000001
-20,-2,1.6500000000000001
-20,-2,1.6500000000000001
-20,-2,1.6500000000000001
-20,-2,1.9237457217384737
-20,-2,1.6500000000000001
-20,-2,1.6500000000000001
-20,-2,1.6500000000000001
-20,-2,1.6500000000000001
-20,-2,1.6500000000000001
-20,-2,1.6500000000000001
-20,-2,1.6500000000000001
-20,-2,1.6500000000000001
-20,-2,1.6500000000000001
-20,-2,1.6500000000000001
-20,-2,1.6500000000000001
-20,-2,1.6500000000000001
-20,-2,1.6500000000000001
-20,-2,1.6500000000000001
-20,-2,1.6500000000000001
-20,-2,1.6500000000000001
-20,-2,1.6500000000000001
-20,-2,1.6500000000000001
-20,-2,1.6500000000000001
-20,-2,2.6006034059038843
-20,-2,1.6500000000000001
-20,-2,1.6500000000000001
-20,-2,1.6500000000000001
-20,-1,1.6500000000000001
-20,-1,4.479048348664055
-20,-1,1.6500000000000001
-20,-1,1.6500000000000001
-20,-1,1.6500000000000001
-20,-1,9.459676615331926
-20,-1,1.6500000000000001
-20,-1,1.6500000000000001
-20,-1,1.6500000000000001
-20,-1,1.6500000000000001
-20,-1,1.6500000000000001
-20,-1,6.213356197790237
-20,-1,1.6500000000000001
-20,-1,1.6500000000000001
-20,-1,1.6500000000000001
-20,-1,9.772322839866357
-20,-1,1.6500000000000001
-20,-1,1.6500000000000001
-20,-1,1.6500000000000001
-20,-1,5.4919182452565405
-20,-1,1.6500000000000001
-20,-1,4.18368237188092
-20,-1,1.6500000000000001
-20,-1,4.509176624280904
-20,-1,1.6500000000000001
-20,-1,1.6500000000000001
-20,-1,1.6500000000000001
-20,-1,1.6500000000000001
-20,-1,1.6500000000000001
-20,-1,1.6500000000000001
-20,-1,1.6500000000000001
-20,-1,1.6500000000000001
-20,-1,1.6500000000000001
-20,-1,1.6500000000000001
-20,-1,1.6500000000000001
-20,-1,1.6500000000000001
-20,-1,1.6500000000000001
-20,-1,1.6500000000000001
-20,-1,1.6500000000000001
-20,-1,1.6500000000000001
-20,-1,9.179793301734069
-20,-1,1.6500000000000001
-20,-1,19.853886897908467
-20,-1,2.5114697159154202
-20,-1,3.1953645665505572
-20,-1,1.6500000000000001
-20,-1,1.6500000000000001
-20,-1,1.6500000000000001
-20,-1,2.189283636253374
-20,-1,7.527569299591823
-20,-1,8.784390849093253
-20,-1,3.950985945826325
-20,-1,1.6500000000000001
-20,-1,1.6500000000000001
-20,-1,1.6500000000000001
-20,-1,1.6500000000000001
-20,-1,18.141196015824608
-20,-1,1.6500000000000001
-20,-1,1.6500000000000001
-20,-1,10.357713928299344
-20,-1,1.6500000000000001
-20,-1,1.6500000000000001
-20,-1,1.6500000000000001
-20,-1,1.6500000000000001
-20,-1,1.6500000000000001
-20,-1,1.6500000000000001
-20,-1,1.6500000000000001
-20,-1,23.870267875939984
-20,-1,1.6500000000000001
-20,-1,1.6500000000000001
-20,-1,1.6500000000000001
-20,-1,6.715348205691889
-20,-1,17.483003120253002
-20,-1,1.6500000000000001
-20,-1,1.6500000000000001
-20,-1,4.401740146626173
-20,-1,3.615047884235974
-20,-1,1.6500000000000001
-20,-1,1.6500000000000001
-20,-1,2.2720799065612782
-20,-1,1.6500000000000001
-20,-1,6.537438577714646
-20,-1,4.805050250684342
-20,-1,1.6500000000000001
-20,-1,1.6500000000000001
-20,-1,1.6500000000000001
-20,-1,1.6500000000000001
-20,-1,8.310311822835951
-20,-1,27.572563998268905
-20,-1,2.366385997310493
-20,-1,1.6500000000000001
-20,-1,1.6500000000000001
-20,-1,1.6500000000000001
-20,-1,1.6500000000000001
-20,-1,9.323241104484802
-20,-1,1.6500000000000001
-20,-1,1.6500000000000001
-20,-1,1.6500000000000001
-20,-1,6.358709338862434
-20,-1,1.6500000000000001
-20,-1,1.6500000000000001
-20,-1,6.311484825661751
-20,-1,1.6500000000000001
-20,-1,1.6500000000000001
-20,-1,7.2052639107877585
-20,-1,1.6500000000000001
-20,-1,1.6500000000000001
-20,-1,1.6500000000000001
-20,-1,7.597900896578224
-20,-1,1.6500000000000001
-20,-1,1.6500000000000001
-20,-1,1.6500000000000001
-20,-1,1.6500000000000001
-20,-1,1.6500000000000001
-20,-1,1.6500000000000001
-20,-1,1.9214423939261325
-20,-1,1.6500000000000001
-20,-1,1.6500000000000001
-20,-1,1.6500000000000001
-20,-1,16.290510308119117
-20,-1,1.6500000000000001
-20,-1,1.6500000000000001
-20,-2,1.6500000000000001
-20,-2,1.6500000000000001
-20,-2,4.221827038703399
-20,-2,1.6500000000000001
-20,-2,1.6500000000000001
-20,-2,7.378605776954014
-20,-2,1.6500000000000001
-20,-2,1.6500000000000001
-20,-2,1.6500000000000001
-20,-2,1.6500000000000001
-20,-2,5.528883847700422
-20,-2,1.6500000000000001
-20,-2,26.561422234432612
-20,-2,1.6500000000000001
-20,-2,24.269429732355494
-20,-2,1.6500000000000001
-20,-2,4.120615042730732
-20,-2,2.771397435785895
-20,-2,1.6500000000000001
-20,-2,1.8943103304992013
-20,-2,1.6500000000000001
-20,-2,1.6500000000000001
-20,-2,1.6500000000000001
-20,-2,1.6500000000000001
-20,-2,1.6500000000000001
-20,-2,4.339707199568712
-20,-2,1.6500000000000001
-20,-2,1.6500000000000001
-20,-2,1.6500000000000001
-20,-2,1.6500000000000001
-20,-2,1.6500000000000001
-20,-2,1.6500000000000001
-20,-2,1.6500000000000001
-20,-2,14.176813693199726
-20,-2,1.6500000000000001
-20,-2,1.6500000000000001
-20,-2,1.6500000000000001
-20,-2,1.6500000000000001
-20,-2,1.6500000000000001
-20,-2,1.6500000000000001
-20,-2,1.6500000000000001
-20,-2,1.6500000000000001
-20,-2,1.6500000000000001
-20,-2,1.6500000000000001
-20,-2,2.7520885674052575
-20,-2,15.855132201634774
-20,-2,1.6500000000000001
-20,-2,5.342415662460354
-20,-2,1.6500000000000001
-20,-2,1.6500000000000001
-20,-2,1.6500000000000001
-20,-2,1.6500000000000001
-20,-2,1.6500000000000001
-20,-2,1.6500000000000001
-20,-2,1.6500000000000001
-20,-2,1.6500000000000001
-20,-2,1.6500000000000001
-20,-2,1.6500000000000001
-20,-2,1.6500000000000001
-20,-2,1.6500000000000001
-20,-2,1.6500000000000001
-20,-2,1.6500000000000001
-20,-2,1.6500000000000001
-20,-2,1.6500000000000001
-20,-2,1.6500000000000001
-20,-2,1.6500000000000001
-20,-2,20.463397778827602
-20,-2,1.6500000000000001
-20,-2,1.6500000000000001
-20,-2,1.6500000000000001
-20,-2,1.6500000000000001
-20,-2,1.6500000000000001
-20,-2,10.19371945087829
-20,-2,1.6500000000000001
-20,-2,1.6500000000000001
-20,-2,9.121967796583222
-20,-2,2.289772643676833
-20,-2,1.6500000000000001
-20,-2,3.179234122502498
-20,-2,1.6500000000000001
-20,-2,1.6500000000000001
-20,-2,1.6500000000000001
-20,-2,13.171885979306435
-20,-2,1.6500000000000001
-20,-2,7.711225121959348
-20,-2,1.6500000000000001
-20,-2,1.6500000000000001
-20,-2,1.6500000000000001
-20,-2,1.6500000000000001
-20,-2,1.6500000000000001
-20,-2,1.6500000000000001
-20,-2,1.6500000000000001
-20,-2,1.7956664462511034
-20,-2,1.6500000000000001
-20,-2,1.6500000000000001
-20,-2,1.6500000000000001
-20,-2,6.282285620274912
-20,-2,1.6756275203827524
-20,-2,1.6500000000000001
-20,-2,1.6500000000000001
-20,-2,1.6500000000000001
-20,-2,1.6500000000000001
-20,-2,12.862917879128364
-20,-2,1.6500000000000001
-20,-2,5.788966706277286
-20,-2,1.6500000000000001
-20,-2,1.6500000000000001
-20,-2,1.6500000000000001
-20,-2,4.225082237430907
-20,-2,1.6500000000000001
-20,-2,1.6500000000000001
-20,-2,1.6500000000000001
-20,-2,8.172384507984212
-20,-2,1.6500000000000001
-20,-2,5.808142692205999
-20,-2,1.6500000000000001
-20,-2,1.6500000000000001
-20,-2,3.231557297043129
-20,-2,1.6500000000000001
-20,-2,1.6500000000000001
-20,-2,1.6500000000000001
-20,-2,1.6500000000000001
-20,-3,1.8562070171330394
-20,-3,1.6500000000000001
-20,-3,1.6500000000000001
-20,-3,1.6500000000000001
-20,-3,1.6500000000000001
-20,-3,1.8947362279221638
-20,-3,5.948711408986256
-20,-3,1.6500000000000001
-20,-3,11.93751864234019
-20,-3,1.6500000000000001
-20,-3,1.6500000000000001
-20,-3,1.6500000000000001
-20,-3,5.1805592828724585
-20,-3,1.6500000000000001
-20,-3,1.6500000000000001
-20,-3,1.6500000000000001
-20,-3,1.6500000000000001
-20,-3,1.6500000000000001
-20,-3,1.6500000000000001
-20,-3,1.6500000000000001
-20,-3,1.6500000000000001
-20,-3,1.6500000000000001
-20,-3,1.6500000000000001
-20,-3,1.6500000000000001
-20,-3,1.6500000000000001
-20,-3,1.6500000000000001
-20,-3,1.6500000000000001
-20,-3,1.6500000000000001
-20,-3,1.6500000000000001
-20,-3,1.6500000000000001
-20,-3,7.787318031226228
-20,-3,1.6500000000000001
-20,-3,1.6500000000000001
-20,-3,1.6500000000000001
-20,-3,1.9716261415110967
-20,-3,1.6500000000000001
-20,-3,1.6500000000000001
-20,-3,1.6500000000000001
-20,-3,1.6500000000000001
-20,-3,1.6500000000000001
-20,-3,1.6500000000000001
-20,-3,1.6500000000000001
-20,-3,1.6500000000000001
-20,-3,1.6500000000000001
-20,-3,1.6500000000000001
-20,-3,6.643758190429297
-20,-3,1.6500000000000001
-20,-3,2.6045041431403346
-20,-3,3.4086064785971626
-20,-3,9.586326958023697
-20,-3,1.6500000000000001
-20,-3,1.6500000000000001
-20,-3,1.6500000000000001
-20,-3,10.954725315627272
-20,-3,1.6500000000000001
-20,-3,1.6500000000000001
-20,-3,1.6500000000000001
-20,-3,1.6500000000000001
-20,-3,1.6500000000000001
-20,-3,1.6500000000000001
-20,-3,1.6500000000000001
-20,-3,1.6500000000000001
-20,-3,1.6500000000000001
-20,-3,1.6500000000000001
-20,-3,1.6500000000000001
-20,-3,1.6500000000000001
-20,-3,1.6500000000000001
-20,-3,1.6500000000000001
-20,-3,1.6500000000000001
-20,-3,3.872916743697459
-20,-3,1.6500000000000001
-20,-3,1.6500000000000001
-20,-3,1.6500000000000001
-20,-3,1.6500000000000001
-20,-3,7.606396615862906
-20,-3,1.6500000000000001
-20,-3,3.5071997551783527
-20,-3,1.6500000000000001
-20,-3,2.797076310619193
-20,-3,1.6500000000000001
-20,-3,1.6500000000000001
-20,-3,1.6500000000000001
-20,-3,1.6500000000000001
-20,-3,1.6500000000000001
-20,-3,1.6500000000000001
-20,-3,1.6500000000000001
-20,-3,10.045714918910708
-20,-3,1.6500000000000001
-20,-3,1.6500000000000001
-20,-3,2.288173363688024
-20,-3,1.6500000000000001
-20,-3,10.80021345976041
-20,-3,4.6554104294487875
-20,-3,1.6500000000000001
-20,-3,7.510870399799394
-20,-3,1.6500000000000001
-20,-3,16.40053792314113
-20,-3,6.2467747906228634
-20,-3,1.6500000000000001
-20,-3,4.785432999186158
-20,-3,1.6500000000000001
-20,-3,6.500701856935059
-20,-3,1.6500000000000001
-20,-3,2.7988911839361617
-20,-3,13.919890220375219
-20,-3,1.6500000000000001
-20,-3,1.6500000000000001
-20,-3,7.355756967434354
-20,-3,7.803781017132383
-20,-3,1.6500000000000001
-20,-3,1.6500000000000001
-20,-3,1.6500000000000001
-20,-3,11.864789994068435
-20,-3,1.6500000000000001
-20,-3,1.6500000000000001
-20,-3,1.6500000000000001
-20,-3,1.6500000000000001
-20,-3,1.6500000000000001
-20,-3,1.6500000000000001
-20,-3,1.6500000000000001
-20,-3,1.6500000000000001
-20,-3,7.08611217701308
-20,-4,1.6500000000000001
-20,-4,1.6500000000000001
-20,-4,1.6500000000000001
-20,-4,1.6500000000000001
-20,-4,1.6500000000000001
-20,-4,1.6500000000000001
-20,-4,1.6500000000000001
-20,-4,1.6500000000000001
-20,-4,1.6500000000000001
-20,-4,7.665352225066416
-20,-4,9.189073807194381
-20,-4,1.6500000000000001
-20,-4,1.6500000000000001
-20,-4,1.6500000000000001
-20,-4,1.6500000000000001
-20,-4,1.6500000000000001
-20,-4,1.6500000000000001
-20,-4,1.6500000000000001
-20,-4,1.6500000000000001
-20,-4,1.6500000000000001
-20,-4,1.6500000000000001
-20,-4,11.905660047014656
-20,-4,2.7224788444838257
-20,-4,3.6848538556017303
-20,-4,1.6500000000000001
-20,-4,1.6500000000000001
-20,-4,1.6500000000000001
-20,-4,1.6500000000000001
-20,-4,1.6500000000000001
-20,-4,6.371152858270671
-20,-4,1.6500000000000001
-20,-4,1.6500000000000001
-20,-4,8.975388152649838
-20,-4,1.6500000000000001
-20,-4,1.6500000000000001
-20,-4,1.6500000000000001
-20,-4,23.763362481945176
-20,-4,1.6500000000000001
-20,-4,1.6500000000000001
-20,-4,5.414363958469295
-20,-4,1.6500000000000001
-20,-4,1.6500000000000001
-20,-4,1.6500000000000001
-20,-4,1.6500000000000001
-20,-4,1.6500000000000001
-20,-4,1.6500000000000001
-20,-4,1.6500000000000001
-20,-4,1.6500000000000001
-20,-4,1.6500000000000001
-20,-4,1.6500000000000001
-20,-4,2.896646945500221
-20,-4,1.6500000000000001
-20,-4,1.6500000000000001
-20,-4,1.6500000000000001
-20,-4,1.6500000000000001
-20,-4,1.6500000000000001
-20,-4,5.784973451027442
-20,-4,13.916409244372176
-20,-4,1.6500000000000001
-20,-4,1.6500000000000001
-20,-4,1.6500000000000001
-20,-4,1.6500000000000001
-20,-4,1.6500000000000001
-20,-4,1.6500000000000001
-20,-4,1.6500000000000001
-20,-4,1.6500000000000001
-20,-4,2.4247343869521494
-20,-4,1.6500000000000001
-20,-4,1.6500000000000001
-20,-4,5.735942556610382
-20,-4,1.6500000000000001
-20,-4,4.980960528455377
-20,-4,1.6500000000000001
-20,-4,1.6500000000000001
-20,-4,1.6500000000000001
-20,-4,1.6500000000000001
-20,-4,1.6500000000000001
-20,-4,6.36531063026411
-20,-4,1.6500000000000001
-20,-4,1.6500000000000001
-20,-4,1.6500000000000001
-20,-4,1.6500000000000001
-20,-4,1.6500000000000001
-20,-4,1.6500000000000001
-20,-4,1.6500000000000001
-20,-4,1.6500000000000001
-20,-4,1.6500000000000001
-20,-4,1.6500000000000001
-20,-4,1.6500000000000001
-20,-4,1.6500000000000001
-20,-4,1.6500000000000001
-20,-4,1.6500000000000001
-20,-4,13.711278496144818
-20,-4,5.181788352450026
-20,-4,5.80138928092067
-20,-4,8.399609169555074
-20,-4,1.6500000000000001
-20,-4,1.6500000000000001
-20,-4,2.441357471620141
-20,-4,1.6500000000000001
-20,-4,1.6500000000000001
-20,-4,3.378765730611253
-20,-4,1.6500000000000001
-20,-4,7.556065754658114
-20,-4,2.5303472890104945
-20,-4,14.124416115069
-20,-4,1.6500000000000001
-20,-4,2.4297283478879956
-20,-4,1.6500000000000001
-20,-4,1.6500000000000001
-20,-4,1.6500000000000001
-20,-4,1.6500000000000001
-20,-4,7.238988155438603
-20,-4,2.429562273622677
-20,-4,1.6500000000000001
-20,-4,5.642504051651509
-20,-4,1.6500000000000001
-20,-4,1.6500000000000001
-20,-4,1.6500000000000001
-20,-4,1.6500000000000001
-20,-4,1.7322931529742762
-20,-4,1.6500000000000001
-20,-4,1.6500000000000001
-19,-4,1.6500000000000001
-19,-4,1.6500000000000001
-19,-4,1.6500000000000001
-19,-4,1.6500000000000001
-19,-4,3.834496268399551
-19,-4,2.5956846713569055
-19,-4,1.6500000000000001
-19,-4,12.62009466816479
-19,-4,3.105623399166465
-19,-4,1.6500000000000001
-19,-4,1.6500000000000001
-19,-4,11.226085059708565
-19,-4,1.6500000000000001
-19,-4,10.845265211931252
-19,-4,1.6500000000000001
-19,-4,1.6500000000000001
-19,-4,1.6500000000000001
-19,-4,2.8968289387949557
-19,-4,5.63389402446645
-19,-4,8.804322947266828
-19,-4,1.6500000000000001
-19,-4,10.534491820358491
-19,-4,1.6500000000000001
-19,-4,1.6500000000000001
-19,-4,9.228080672419118
-19,-4,18.219397767250687
-19,-4,4.334955990416653
-19,-4,1.6500000000000001
-19,-4,1.6500000000000001
-19,-4,5.433107941122421
-19,-4,1.6500000000000001
-19,-4,1.6500000000000001
-19,-4,1.6500000000000001
-19,-4,1.6500000000000001
-19,-4,1.6500000000000001
-19,-4,1.6500000000000001
-19,-4,1.6500000000000001
-19,-4,1.6500000000000001
-19,-4,1.6500000000000001
-19,-4,1.6500000000000001
-19,-4,1.6500000000000001
-19,-4,1.6500000000000001
-19,-4,1.9372965198596086
-19,-4,1.6500000000000001
-19,-4,1.6500000000000001
-19,-4,1.6500000000000001
-19,-4,1.6500000000000001
-19,-4,1.6500000000000001
-19,-4,4.0707538768584275
-19,-4,1.6500000000000001
-19,-4,1.6500000000000001
-19,-4,6.787381804519844
-19,-4,1.6500000000000001
-19,-4,1.6500000000000001
-19,-4,1.6500000000000001
-19,-4,1.6500000000000001
-19,-4,1.6500000000000001
-19,-4,18.222500353286122
-19,-4,1.6500000000000001
-19,-4,1.6500000000000001
-19,-4,1.6500000000000001
-19,-4,1.6500000000000001
-19,-4,3.647870491846316
-19,-4,1.6500000000000001
-19,-4,1.6500000000000001
-19,-4,1.6500000000000001
-19,-4,1.6500000000000001
-19,-4,1.6500000000000001
-19,-4,9.581099722682433
-19,-4,1.6500000000000001
-19,-4,3.1529290533540077
-19,-4,1.6500000000000001
-19,-4,1.6500000000000001
-19,-4,1.6500000000000001
-19,-4,1.6500000000000001
-19,-4,1.6500000000000001
-19,-4,1.6500000000000001
-19,-4,3.8459138597690536
-19,-4,1.6500000000000001
-19,-4,2.6034950640015246
-19,-4,1.6500000000000001
-19,-4,22.834788859250853
-19,-4,13.51319792043325
-19,-4,7.2937592370800335
-19,-4,1.6500000000000001
-19,-4,1.6500000000000001
-19,-4,1.6500000000000001
-19,-4,2.891432439315923
-19,-4,1.6500000000000001
-19,-4,1.6500000000000001
-19,-4,4.092077000886269
-19,-4,1.6500000000000001
-19,-4,1.6500000000000001
-19,-4,1.6500000000000001
-19,-4,5.8436997380886435
-19,-4,3.1211105488523074
-19,-4,1.6500000000000001
-19,-4,4.990463449701069
-19,-4,1.6500000000000001
-19,-4,1.6500000000000001
-19,-4,1.6500000000000001
-19,-4,4.3364499870249595
-19,-4,1.6500000000000001
-19,-4,1.6500000000000001
-19,-4,1.6500000000000001
-19,-4,1.6500000000000001
-19,-4,1.6500000000000001
-19,-4,1.6500000000000001
-19,-4,15.764936850365569
-19,-4,28.95653074389615
-19,-4,1.6500000000000001
-19,-4,18.37434371509415
-19,-4,7.414545314029283
-19,-4,1.6500000000000001
-19,-4,1.6500000000000001
-19,-4,1.6500000000000001
-19,-4,1.6500000000000001
-19,-4,1.6500000000000001
-19,-4,1.6500000000000001
-19,-4,4.249163795421304
-19,-4,1.6500000000000001
-19,-4,1.6500000000000001
-18,-4,1.6500000000000001
-18,-4,7.223892702968408
-18,-4,1.6500000000000001
-18,-4,2.9288851850535007
-18,-4,1.6500000000000001
-18,-4,1.6500000000000001
-18,-4,12.412985163159918
-18,-4,1.6500000000000001
-18,-4,15.64873984724073
-18,-4,3.851072925273308
-18,-4,1.6500000000000001
-18,-4,1.6500000000000001
-18,-4,1.7915553366626025
-18,-4,1.813355487034218
-18,-4,1.6500000000000001
-18,-4,1.6500000000000001
-18,-4,3.521846769460825
-18,-4,1.6500000000000001
-18,-4,15.560894857418155
-18,-4,2.3961007923923416
-18,-4,7.18910087097507
-18,-4,3.3306761677031886
-18,-4,3.3805234481892352
-18,-4,4.307276106805601
-18,-4,1.6500000000000001
-18,-4,1.6500000000000001
-18,-4,1.6500000000000001
-18,-4,1.6500000000000001
-18,-4,1.6500000000000001
-18,-4,11.190434859873452
-18,-4,1.6500000000000001
-18,-4,15.391743935837361
-18,-4,1.6500000000000001
-18,-4,1.6500000000000001
-18,-4,8.054493345574858
-18,-4,1.6500000000000001
-18,-4,1.6500000000000001
-18,-4,1.6500000000000001
-18,-4,15.492229635519465
-18,-4,1.6500000000000001
-18,-4,10.841688031689309
-18,-4,1.6500000000000001
-18,-4,1.6500000000000001
-18,-4,1.6500000000000001
-18,-4,8.755374211235813
-18,-4,1.6500000000000001
-18,-4,3.619083362478098
-18,-4,1.6500000000000001
-18,-4,1.6500000000000001
-18,-4,12.32776346530188
-18,-4,1.6500000000000001
-18,-4,6.173837758629411
-18,-4,1.6500000000000001
-18,-4,2.941781491885096
-18,-4,1.6500000000000001
-18,-4,3.4021497165482826
-18,-4,4.828472339703389
-18,-4,11.534060663963071
-18,-4,1.6500000000000001
-18,-4,1.6500000000000001
-18,-4,11.609818624150636
-18,-4,1.6500000000000001
-18,-4,9.8252886375541
-18,-4,1.6500000000000001
-18,-4,10.699469513519585
-18,-4,1.6500000000000001
-18,-4,1.6500000000000001
-18,-4,1.6500000000000001
-18,-4,1.6500000000000001
-18,-4,1.6500000000000001
-18,-4,1.6500000000000001
-18,-4,5.535425028289843
-18,-4,1.6500000000000001
-18,-4,17.610589057182185
-18,-4,13.242919768382341
-18,-4,1.6500000000000001
-18,-4,1.6500000000000001
-18,-4,1.6500000000000001
-18,-4,3.5251507179791437
-18,-4,8.642695051775734
-18,-4,1.6500000000000001
-18,-4,2.654527685197973
-18,-4,13.123384510533588
-18,-4,1.6500000000000001
-18,-4,2.4140202600909433
-18,-4,1.6500000000000001
-18,-4,1.6500000000000001
-18,-4,15.214080198586885
-18,-4,12.06405823779477
-18,-4,1.6500000000000001
-18,-4,1.6500000000000001
-18,-4,1.6500000000000001
-18,-4,1.6500000000000001
-18,-4,1.6500000000000001
-18,-4,1.6500000000000001
-18,-4,1.6500000000000001
-18,-4,1.6500000000000001
-18,-4,1.6500000000000001
-18,-4,1.6500000000000001
-18,-4,8.324842520454878
-18,-4,3.497076593732726
-18,-4,1.6500000000000001
-18,-4,1.660739302333476
-18,-4,1.6500000000000001
-18,-4,1.6500000000000001
-18,-4,3.7927149687973083
-18,-4,1.6500000000000001
-18,-4,1.6509898122655162
-18,-4,1.6500000000000001
-18,-4,1.6500000000000001
-18,-4,2.3519838183696518
-18,-4,8.486767290612974
-18,-4,7.947521123596202
-18,-4,1.6500000000000001
-18,-4,9.705373061689523
-18,-4,1.6500000000000001
-18,-4,1.6500000000000001
-18,-4,1.6500000000000001
-18,-4,6.355593782072811
-18,-4,10.315552172524912
-18,-4,1.6500000000000001
-18,-4,9.082869962130916
-18,-3,28.865066138562568
-18,-3,9.991226862406073
-18,-3,1.6500000000000001
-18,-3,9.531836851598323
-18,-3,6.1173697988542735
-18,-3,2.5779128617794607
-18,-3,1.6500000000000001
-18,-3,1.9687825799084298
-18,-3,1.6500000000000001
-18,-3,2.1848737103108116
-18,-3,1.6500000000000001
-18,-3,1.6500000000000001
-18,-3,13.87992229872366
-18,-3,6.146375806564025
-18,-3,1.6500000000000001
-18,-3,1.6500000000000001
-18,-3,1.6500000000000001
-18,-3,1.6527304556138613
-18,-3,8.169577935399927
-18,-3,1.6500000000000001
-18,-3,1.6500000000000001
-18,-3,1.6500000000000001
-18,-3,1.6500000000000001
-18,-3,1.6500000000000001
-18,-3,1.6500000000000001
-18,-3,3.9480223336771436
-18,-3,8.259546889974802
-18,-3,1.6500000000000001
-18,-3,1.6500000000000001
-18,-3,1.6500000000000001
-18,-3,1.664844588526634
-18,-3,1.6500000000000001
-18,-3,1.6500000000000001
-18,-3,1.6500000000000001
-18,-3,1.6500000000000001
-18,-3,1.6500000000000001
-18,-3,3.6678032060276964
-18,-3,2.9309881521222048
-18,-3,1.6500000000000001
-18,-3,1.856521253563554
-18,-3,1.6500000000000001
-18,-3,1.6500000000000001
-18,-3,1.6500000000000001
-18,-3,17.143696991290305
-18,-3,1.6500000000000001
-18,-3,1.6500000000000001
-18,-3,1.6500000000000001
-18,-3,3.223023573997006
-18,-3,1.6500000000000001
-18,-3,1.6500000000000001
-18,-3,22.519133443076946
-18,-3,1.6500000000000001
-18,-3,1.6500000000000001
-18,-3,1.6500000000000001
-18,-3,4.7206000699023285
-18,-3,1.6500000000000001
-18,-3,1.6500000000000001
-18,-3,1.6500000000000001
-18,-3,1.6500000000000001
-18,-3,1.6500000000000001
-18,-3,1.6500000000000001
-18,-3,16.639464820372954
-18,-3,10.061335111415916
-18,-3,6.0448040301282
-18,-3,1.6500000000000001
-18,-3,1.6500000000000001
-18,-3,7.598616064402789
-18,-3,4.200501822770454
-18,-3,6.780230625860394
-18,-3,1.6500000000000001
-18,-3,3.8998697258901487
-18,-3,1.6500000000000001
-18,-3,1.6500000000000001
-18,-3,9.103566944373531
-18,-3,1.6500000000000001
-18,-3,4.072190385621283
-18,-3,1.6500000000000001
-18,-3,11.446394782171787
-18,-3,3.520729715927734
-18,-3,1.6500000000000001
-18,-3,1.6500000000000001
-18,-3,1.6500000000000001
-18,-3,6.738496549207621
-18,-3,13.18269333931338
-18,-3,15.548111098869839
-18,-3,1.6500000000000001
-18,-3,1.6500000000000001
-18,-3,1.6500000000000001
-18,-3,6.875188888441771
-18,-3,3.567435326871961
-18,-3,1.6500000000000001
-18,-3,1.6500000000000001
-18,-3,1.6500000000000001
-18,-3,1.6500000000000001
-18,-3,1.6500000000000001
-18,-3,1.6500000000000001
-18,-3,1.6500000000000001
-18,-3,1.6500000000000001
-18,-3,1.6500000000000001
-18,-3,1.6500000000000001
-18,-3,1.6500000000000001
-18,-3,1.6500000000000001
-18,-3,1.6500000000000001
-18,-3,8.404653406010599
-18,-3,1.6500000000000001
-18,-3,9.61431431600297
-18,-3,1.6500000000000001
-18,-3,1.6500000000000001
-18,-3,2.3835936280077172
-18,-3,1.6500000000000001
-18,-3,1.6500000000000001
-18,-3,1.6500000000000001
-18,-3,1.6500000000000001
-18,-3,1.6500000000000001
-18,-3,1.6500000000000001
-18,-3,1.6500000000000001
-18,-3,1.6500000000000001
-18,-3,11.687873287775123
-18,-3,18.334200457838815
-18,-3,29.137253114199027
-18,-3,1.6500000000000001
-18,-3,9.821517160116489
-19,-3,2.3458678114206704
-19,-3,1.6500000000000001
-19,-3,8.422990333444506
-19,-3,6.84138170100425
-19,-3,1.6500000000000001
-19,-3,1.6500000000000001
-19,-3,1.6500000000000001
-19,-3,17.826735328146512
-19,-3,1.6500000000000001
-19,-3,8.090451907905798
-19,-3,1.6500000000000001
-19,-3,1.6500000000000001
-19,-3,1.6500000000000001
-19,-3,1.6500000000000001
-19,-3,1.6500000000000001
-19,-3,18.627056074466704
-19,-3,1.6500000000000001
-19,-3,1.6500000000000001
-19,-3,9.057802552449896
-19,-3,1.6500000000000001
-19,-3,1.6500000000000001
-19,-3,1.6500000000000001
-19,-3,1.6500000000000001
-19,-3,4.37618133597365
-19,-3,1.6500000000000001
-19,-3,12.486752827869942
-19,-3,23.45437708660955
-19,-3,4.242109727678869
-19,-3,1.6500000000000001
-19,-3,1.6500000000000001
-19,-3,1.6500000000000001
-19,-3,1.6500000000000001
-19,-3,14.014779833876855
-19,-3,1.6500000000000001
-19,-3,1.6500000000000001
-19,-3,1.6500000000000001
-19,-3,1.6500000000000001
-19,-3,1.6500000000000001
-19,-3,1.6500000000000001
-19,-3,1.6500000000000001
-19,-3,1.6500000000000001
-19,-3,4.815405280439544
-19,-3,1.6500000000000001
-19,-3,1.6500000000000001
-19,-3,1.6500000000000001
-19,-3,11.073202101682012
-19,-3,1.7596303170059668
-19,-3,1.6500000000000001
-19,-3,1.6500000000000001
-19,-3,9.233756410139012
-19,-3,1.6500000000000001
-19,-3,1.6500000000000001
-19,-3,10.33748281238653
-19,-3,1.6500000000000001
-19,-3,1.6500000000000001
-19,-3,1.6500000000000001
-19,-3,12.202884650679284
-19,-3,1.6500000000000001
-19,-3,1.6500000000000001
-19,-3,1.6500000000000001
-19,-3,1.6500000000000001
-19,-3,1.6500000000000001
-19,-3,1.6500000000000001
-19,-3,5.048346331575262
-19,-3,1.6500000000000001
-19,-3,8.53611582991486
-19,-3,13.159207681422952
-19,-3,1.6500000000000001
-19,-3,1.6500000000000001
-19,-3,1.6500000000000001
-19,-3,1.6500000000000001
-19,-3,1.6500000000000001
-19,-3,1.6500000000000001
-19,-3,1.6500000000000001
-19,-3,1.6500000000000001
-19,-3,1.6500000000000001
-19,-3,1.6500000000000001
-19,-3,1.6500000000000001
-19,-3,4.424027369931244
-19,-3,1.6500000000000001
-19,-3,1.6500000000000001
-19,-3,1.6500000000000001
-19,-3,8.52902795543704
-19,-3,1.6500000000000001
-19,-3,1.6500000000000001
-19,-3,1.6500000000000001
-19,-3,12.984501586640828
-19,-3,9.569638781286084
-19,-3,1.6500000000000001
-19,-3,1.6500000000000001
-19,-3,1.6500000000000001
-19,-3,1.6500000000000001
-19,-3,1.6500000000000001
-19,-3,1.6500000000000001
-19,-3,7.326235610610713
-19,-3,6.53535075697031
-19,-3,1.6500000000000001
-19,-3,1.6500000000000001
-19,-3,6.481260345921939
-19,-3,1.6500000000000001
-19,-3,19.974544755825168
-19,-3,1.6500000000000001
-19,-3,1.6500000000000001
-19,-3,1.6500000000000001
-19,-3,1.6500000000000001
-19,-3,1.6500000000000001
-19,-3,1.6500000000000001
-19,-3,1.6500000000000001
-19,-3,1.6500000000000001
-19,-3,1.6500000000000001
-19,-3,6.367998468990445
-19,-3,3.5205012203546158
-19,-3,1.6500000000000001
-19,-3,1.6500000000000001
-19,-3,1.6500000000000001
-19,-3,1.6500000000000001
-19,-3,1.6500000000000001
-19,-3,3.7034462990343284
-19,-3,1.6500000000000001
-19,-3,1.6500000000000001
-19,-3,1.6500000000000001
-19,-3,10.828151660604682
-19,-3,1.6500000000000001
-20,-3,17.37318555859009
-20,-3,1.6500000000000001
-20,-3,1.6500000000000001
-20,-3,1.6500000000000001
-20,-3,7.285625461827037
-20,-3,6.553107623719804
-20,-3,1.6500000000000001
-20,-3,1.6500000000000001
-20,-3,1.6500000000000001
-20,-3,5.3900098329446084
-20,-3,1.6500000000000001
-20,-3,3.4436568001774557
-20,-3,1.6500000000000001
-20,-3,1.6500000000000001
-20,-3,9.107578215207806
-20,-3,1.6500000000000001
-20,-3,3.3772590433533303
-20,-3,1.6500000000000001
-20,-3,1.6500000000000001
-20,-3,16.930195168292826
-20,-3,8.419907622588473
-20,-3,2.316385095505537
-20,-3,1.6500000000000001
-20,-3,1.6500000000000001
-20,-3,1.6500000000000001
-20,-3,1.6500000000000001
-20,-3,1.6500000000000001
-20,-3,1.6500000000000001
-20,-3,1.6500000000000001
-20,-3,1.6500000000000001
-20,-3,1.6500000000000001
-20,-3,1.6500000000000001
-20,-3,1.6500000000000001
-20,-3,1.6500000000000001
-20,-3,1.6500000000000001
-20,-3,1.6500000000000001
-20,-3,6.755093027167735
-20,-3,1.6500000000000001
-20,-3,5.892904481180576
-20,-3,1.6500000000000001
-20,-3,1.6500000000000001
-20,-3,1.6500000000000001
-20,-3,1.6500000000000001
-20,-3,1.6500000000000001
-20,-3,1.6500000000000001
-20,-3,1.6500000000000001
-20,-3,1.6500000000000001
-20,-3,1.6500000000000001
-20,-3,4.781452457248637
-20,-3,1.6500000000000001
-20,-3,1.6500000000000001
-20,-3,1.6500000000000001
-20,-3,1.6500000000000001
-20,-3,1.6500000000000001
-20,-3,1.6500000000000001
-20,-3,1.6500000000000001
-20,-3,1.6500000000000001
-20,-3,1.6500000000000001
-20,-3,1.6500000000000001
-20,-3,15.235144856161916
-20,-3,1.6500000000000001
-20,-3,1.6500000000000001
-20,-3,1.6500000000000001
-20,-3,1.6500000000000001
-20,-3,1.6500000000000001
-20,-3,1.6500000000000001
-20,-3,1.6500000000000001
-20,-3,1.6500000000000001
-20,-3,1.6500000000000001
-20,-3,13.032593002214924
-20,-3,7.423064338376285
-20,-3,1.6500000000000001
-20,-3,1.6500000000000001
-20,-3,1.6500000000000001
-20,-3,1.6500000000000001
-20,-3,1.6500000000000001
-20,-3,27.271305625216904
-20,-3,1.6500000000000001
-20,-3,1.6500000000000001
-20,-3,11.108547919398394
-20,-3,1.6500000000000001
-20,-3,1.6500000000000001
-20,-3,5.325583773859941
-20,-3,1.6500000000000001
-20,-3,1.6500000000000001
-20,-3,1.6500000000000001
-20,-3,3.8981969380983337
-20,-3,1.6500000000000001
-20,-3,1.6500000000000001
-20,-3,2.9111426217101677
-20,-3,1.6500000000000001
-20,-3,1.6500000000000001
-20,-3,6.566622199172757
-20,-3,12.022277429994162
-20,-3,1.6500000000000001
-20,-3,10.695944424038817
-20,-3,2.1631319893530456
-20,-3,1.6500000000000001
-20,-3,1.6500000000000001
-20,-3,1.6500000000000001
-20,-3,1.6500000000000001
-20,-3,1.6500000000000001
-20,-3,1.6500000000000001
-20,-3,1.6500000000000001
-20,-3,1.6500000000000001
-20,-3,1.6500000000000001
-20,-3,1.6500000000000001
-20,-3,1.6500000000000001
-20,-3,1.6500000000000001
-20,-3,1.6500000000000001
-20,-3,1.6500000000000001
-20,-3,1.6500000000000001
-20,-3,1.6500000000000001
-20,-3,1.6500000000000001
-20,-3,1.6500000000000001
-20,-3,3.7990034768228576
-20,-3,1.6500000000000001
-20,-3,1.6500000000000001
-20,-3,1.6500000000000001
-20,-3,1.6500000000000001
-20,-3,1.6500000000000001
-20,-3,1.6500000000000001
-20,-2,1.6500000000000001
-20,-2,1.6500000000000001
-20,-2,1.6500000000000001
-20,-2,20.364136532906368
-20,-2,1.6500000000000001
-20,-2,1.6500000000000001
-20,-2,1.6500000000000001
-20,-2,1.6500000000000001
-20,-2,1.6500000000000001
-20,-2,1.6500000000000001
-20,-2,8.450020840059375
-20,-2,1.6500000000000001
-20,-2,1.6500000000000001
-20,-2,2.6592113753124753
-20,-2,10.151120452390202
-20,-2,1.6500000000000001
-20,-2,1.6500000000000001
-20,-2,12.612820714972887
-20,-2,1.6500000000000001
-20,-2,4.584229888899994
-20,-2,1.6500000000000001
-20,-2,1.6500000000000001
-20,-2,1.6500000000000001
-20,-2,1.6500000000000001
-20,-2,9.287217199288797
-20,-2,1.6500000000000001
-20,-2,1.6500000000000001
-20,-2,1.6500000000000001
-20,-2,2.4537809615657133
-20,-2,10.61289272806053
-20,-2,1.6500000000000001
-20,-2,1.6500000000000001
-20,-2,1.6500000000000001
-20,-2,1.6500000000000001
-20,-2,1.6500000000000001
-20,-2,1.6500000000000001
-20,-2,1.6500000000000001
-20,-2,1.6500000000000001
-20,-2,1.6500000000000001
-20,-2,1.6500000000000001
-20,-2,8.805653556756043
-20,-2,1.6500000000000001
-20,-2,8.106382517665907
-20,-2,2.6420438516646296
-20,-2,7.199884533684314
-20,-2,1.6500000000000001
-20,-2,1.6500000000000001
-20,-2,1.6500000000000001
-20,-2,1.6500000000000001
-20,-2,5.0895749874613525
-20,-2,1.6500000000000001
-20,-2,2.961565976945069
-20,-2,1.6500000000000001
-20,-2,1.6500000000000001
-20,-2,1.6500000000000001
-20,-2,1.6500000000000001
-20,-2,1.6500000000000001
-20,-2,1.6500000000000001
-20,-2,1.6500000000000001
-20,-2,10.52835461188641
-20,-2,1.6500000000000001
-20,-2,1.6500000000000001
-20,-2,1.6500000000000001
-20,-2,1.6500000000000001
-20,-2,2.817859467068004
-20,-2,1.6500000000000001
-20,-2,1.6500000000000001
-20,-2,1.6500000000000001
-20,-2,1.6500000000000001
-20,-2,1.6500000000000001
-20,-2,1.6500000000000001
-20,-2,1.6500000000000001
-20,-2,1.6500000000000001
-20,-2,1.6500000000000001
-20,-2,1.6500000000000001
-20,-2,1.6500000000000001
-20,-2,1.6500000000000001
-20,-2,1.6500000000000001
-20,-2,1.6500000000000001
-20,-2,1.6500000000000001
-20,-2,1.6500000000000001
-20,-2,1.6500000000000001
-20,-2,8.394250709810915
-20,-2,1.6500000000000001
-20,-2,1.6500000000000001
-20,-2,1.6500000000000001
-20,-2,1.6500000000000001
-20,-2,1.6500000000000001
-20,-2,1.6500000000000001
-20,-2,1.6500000000000001
-20,-2,2.5796273986874754
-20,-2,1.6500000000000001
-20,-2,1.6500000000000001
-20,-2,1.6500000000000001
-20,-2,1.6500000000000001
-20,-2,1.6500000000000001
-20,-2,1.6500000000000001
-20,-2,5.9900851491394445
-20,-2,1.6500000000000001
-20,-2,1.6500000000000001
-20,-2,1.6500000000000001
-20,-2,1.6500000000000001
-20,-2,1.6500000000000001
-20,-2,1.6500000000000001
-20,-2,11.577872728387067
-20,-2,5.9682418738106815
-20,-2,1.6500000000000001
-20,-2,1.6500000000000001
-20,-2,1.6500000000000001
-20,-2,6.06958752143335
-20,-2,10.79812623625508
-20,-2,1.6500000000000001
-20,-2,1.6500000000000001
-20,-2,1.6500000000000001
-20,-2,1.6500000000000001
-20,-2,1.6500000000000001
-20,-2,1.6500000000000001
-20,-2,2.3229075574229467
-20,-2,5.743215566681577
-20,-2,1.6500000000000001
-20,-2,11.745814315222098
-20,-2,1.6500000000000001
-19,-2,1.6500000000000001
-19,-2,1.6500000000000001
-19,-2,1.6500000000000001
-19,-2,1.6500000000000001
-19,-2,1.6500000000000001
-19,-2,3.127515246215906
-19,-2,7.389581298560499
-19,-2,1.6500000000000001
-19,-2,1.6500000000000001
-19,-2,1.6500000000000001
-19,-2,1.6500000000000001
-19,-2,1.6500000000000001
-19,-2,1.6500000000000001
-19,-2,1.6500000000000001
-19,-2,1.6500000000000001
-19,-2,2.2999235502499644
-19,-2,10.78778359607555
-19,-2,1.6500000000000001
-19,-2,1.6500000000000001
-19,-2,1.6500000000000001
-19,-2,1.6500000000000001
-19,-2,1.6500000000000001
-19,-2,1.6500000000000001
-19,-2,1.6500000000000001
-19,-2,1.6500000000000001
-19,-2,1.6500000000000001
-19,-2,1.6500000000000001
-19,-2,1.6500000000000001
-19,-2,2.4431401400374764
-19,-2,1.6500000000000001
-19,-2,1.6500000000000001
-19,-2,1.6500000000000001
-19,-2,2.260883112079517
-19,-2,6.87854571770267
-19,-2,1.6500000000000001
-19,-2,1.6500000000000001
-19,-2,1.6500000000000001
-19,-2,1.6500000000000001
-19,-2,1.6500000000000001
-19,-2,19.373233333042183
-19,-2,1.6500000000000001
-19,-2,1.6500000000000001
-19,-2,1.6500000000000001
-19,-2,1.6500000000000001
-19,-2,4.113724794679309
-19,-2,9.802914290600611
-19,-2,1.6500000000000001
-19,-2,1.6500000000000001
-19,-2,2.4242576281873447
-19,-2,1.6500000000000001
-19,-2,1.6500000000000001
-19,-2,1.6500000000000001
-19,-2,1.6500000000000001
-19,-2,29.7
-19,-2,1.6500000000000001
-19,-2,8.029571538697867
-19,-2,1.6500000000000001
-19,-2,1.6500000000000001
-19,-2,1.6500000000000001
-19,-2,2.9306545823407095
-19,-2,1.6500000000000001
-19,-2,1.6500000000000001
-19,-2,1.6500000000000001
-19,-2,1.6500000000000001
-19,-2,1.6500000000000001
-19,-2,3.6387561792943997
-19,-2,9.64523445281228
-19,-2,2.0790630249770556
-19,-2,1.6500000000000001
-19,-2,1.6500000000000001
-19,-2,1.6500000000000001
-19,-2,1.6500000000000001
-19,-2,1.6500000000000001
-19,-2,1.6500000000000001
-19,-2,1.6500000000000001
-19,-2,1.6500000000000001
-19,-2,1.6500000000000001
-19,-2,9.823115759467726
-19,-2,1.6500000000000001
-19,-2,1.6500000000000001
-19,-2,1.6500000000000001
-19,-2,1.6500000000000001
-19,-2,1.6500000000000001
-19,-2,5.683251913281721
-19,-2,6.4208274136865295
-19,-2,1.6500000000000001
-19,-2,1.6500000000000001
-19,-2,1.6500000000000001
-19,-2,20.253576540889068
-19,-2,1.6500000000000001
-19,-2,1.6500000000000001
-19,-2,11.45522285778197
-19,-2,1.6500000000000001
-19,-2,1.6500000000000001
-19,-2,1.6500000000000001
-19,-2,1.6500000000000001
-19,-2,1.6500000000000001
-19,-2,1.9817890958623359
-19,-2,1.6500000000000001
-19,-2,9.724057071155777
-19,-2,1.6500000000000001
-19,-2,2.9942466890419395
-19,-2,1.6500000000000001
-19,-2,1.6500000000000001
-19,-2,8.411746851709232
-19,-2,1.6500000000000001
-19,-2,1.6500000000000001
-19,-2,7.327218392343761
-19,-2,2.995886429785391
-19,-2,1.6500000000000001
-19,-2,6.844171809700036
-19,-2,5.509068805737801
-19,-2,1.6500000000000001
-19,-2,1.6500000000000001
-19,-2,1.6500000000000001
-19,-2,1.6500000000000001
-19,-2,1.6500000000000001
-19,-2,1.6500000000000001
-19,-2,1.6500000000000001
-19,-2,4.636546456168718
-19,-2,1.6500000000000001
-19,-2,1.6500000000000001
-18,-2,1.9620035575785266
-18,-2,1.6500000000000001
-18,-2,1.6500000000000001
-18,-2,5.973869403639389
-18,-2,1.6500000000000001
-18,-2,1.6500000000000001
-18,-2,1.6653563469235442
-18,-2,1.6500000000000001
-18,-2,1.6500000000000001
-18,-2,1.6500000000000001
-18,-2,1.6500000000000001
-18,-2,5.594491805743729
-18,-2,1.6500000000000001
-18,-2,10.313153954314743
-18,-2,1.6500000000000001
-18,-2,1.6500000000000001
-18,-2,1.6500000000000001
-18,-2,17.17345256058715
-18,-2,29.7
-18,-2,1.6500000000000001
-18,-2,1.6500000000000001
-18,-2,11.989613616203085
-18,-2,1.6500000000000001
-18,-2,1.6500000000000001
-18,-2,1.6500000000000001
-18,-2,1.6500000000000001
-18,-2,1.6500000000000001
-18,-2,1.6500000000000001
-18,-2,1.8832287862354766
-18,-2,29.7
-18,-2,2.855749828321855
-18,-2,9.766003030012499
-18,-2,1.6500000000000001
-18,-2,1.6500000000000001
-18,-2,1.6500000000000001
-18,-2,5.924038103480337
-18,-2,1.6500000000000001
-18,-2,7.023906346737782
-18,-2,1.6500000000000001
-18,-2,4.53413798074998
-18,-2,1.6500000000000001
-18,-2,1.6500000000000001
-18,-2,1.6500000000000001
-18,-2,7.433075131728966
-18,-2,1.6500000000000001
-18,-2,7.9052222645809636
-18,-2,3.965341935375471
-18,-2,1.6500000000000001
-18,-2,4.05777976015206
-18,-2,19.66775823779945
-18,-2,4.628351857302295
-18,-2,1.6500000000000001
-18,-2,1.7413101331626715
-18,-2,1.6500000000000001
-18,-2,1.6500000000000001
-18,-2,1.6500000000000001
-18,-2,1.6500000000000001
-18,-2,1.6500000000000001
-18,-2,3.987376636365517
-18,-2,1.6500000000000001
-18,-2,1.6500000000000001
-18,-2,1.6500000000000001
-18,-2,1.6500000000000001
-18,-2,1.8466484779816748
-18,-2,3.834125814534965
-18,-2,1.6500000000000001
-18,-2,1.6500000000000001
-18,-2,1.6500000000000001
-18,-2,1.6500000000000001
-18,-2,1.6500000000000001
-18,-2,4.36411568065815
-18,-2,1.6500000000000001
-18,-2,1.6500000000000001
-18,-2,1.6500000000000001
-18,-2,11.838418090933514
-18,-2,1.6500000000000001
-18,-2,1.6500000000000001
-18,-2,1.6500000000000001
-18,-2,14.780086670112667
-18,-2,1.6500000000000001
-18,-2,1.6500000000000001
-18,-2,1.6500000000000001
-18,-2,1.6500000000000001
-18,-2,2.7133989046670823
-18,-2,1.6500000000000001
-18,-2,15.986095553330763
-18,-2,1.6500000000000001
-18,-2,9.983407540375442
-18,-2,1.6500000000000001
-18,-2,7.258665929731741
-18,-2,15.285535695733554
-18,-2,14.08771577317475
-18,-2,1.6500000000000001
-18,-2,1.6500000000000001
-18,-2,2.5449287726884373
-18,-2,2.779528514862954
-18,-2,22.75111760300501
-18,-2,11.35408017281993
-18,-2,1.6500000000000001
-18,-2,1.6500000000000001
-18,-2,8.758524708871635
-18,-2,13.715003157432584
-18,-2,1.6500000000000001
-18,-2,1.6500000000000001
-18,-2,1.6500000000000001
-18,-2,1.6500000000000001
-18,-2,1.6500000000000001
-18,-2,1.6500000000000001
-18,-2,6.344029216359219
-18,-2,1.6500000000000001
-18,-2,1.6500000000000001
-18,-2,1.6500000000000001
-18,-2,1.6500000000000001
-18,-2,1.6500000000000001
-18,-2,1.6500000000000001
-18,-2,1.6500000000000001
-18,-2,1.6500000000000001
-18,-2,1.6500000000000001
-18,-2,1.6500000000000001
-18,-2,1.6500000000000001
-18,-2,1.6500000000000001
-18,-2,1.6500000000000001
-17,-2,1.6500000000000001
-17,-2,8.50395487766339
-17,-2,1.6500000000000001
-17,-2,1.6500000000000001
-17,-2,1.6500000000000001
-17,-2,4.387012728728642
-17,-2,1.6500000000000001
-17,-2,6.458436080043247
-17,-2,1.6500000000000001
-17,-2,1.6500000000000001
-17,-2,2.5742598032799195
-17,-2,2.112211548341163
-17,-2,1.6500000000000001
-17,-2,1.6500000000000001
-17,-2,8.311623142687287
-17,-2,1.6500000000000001
-17,-2,8.349876056660785
-17,-2,1.6500000000000001
-17,-2,4.2812968197604695
-17,-2,15.700296446024037
-17,-2,1.6500000000000001
-17,-2,1.6500000000000001
-17,-2,1.6500000000000001
-17,-2,20.83695183307141
-17,-2,1.6500000000000001
-17,-2,1.6500000000000001
-17,-2,1.6500000000000001
-17,-2,1.6500000000000001
-17,-2,1.6500000000000001
-17,-2,1.6500000000000001
-17,-2,15.781770217955163
-17,-2,7.915752639721099
-17,-2,1.6500000000000001
-17,-2,1.6500000000000001
-17,-2,1.6500000000000001
-17,-2,1.6500000000000001
-17,-2,1.6500000000000001
-17,-2,1.6500000000000001
-17,-2,1.6500000000000001
-17,-2,1.6500000000000001
-17,-2,1.6500000000000001
-17,-2,3.818707704495049
-17,-2,1.6500000000000001
-17,-2,1.6500000000000001
-17,-2,5.0911577024260275
-17,-2,1.6500000000000001
-17,-2,12.371743436826572
-17,-2,1.6500000000000001
-17,-2,17.30582346671075
-17,-2,7.817056658190737
-17,-2,15.874750722166304
-17,-2,1.6500000000000001
-17,-2,1.6500000000000001
-17,-2,5.489454247363316
-17,-2,5.980147715309165
-17,-2,1.6500000000000001
-17,-2,18.669324201346587
-17,-2,5.664791728000268
-17,-2,1.6500000000000001
-17,-2,1.6500000000000001
-17,-2,2.7966584751962906
-17,-2,1.6500000000000001
-17,-2,15.311111599769227
-17,-2,9.617229643192962
-17,-2,1.6500000000000001
-17,-2,1.6500000000000001
-17,-2,1.6500000000000001
-17,-2,1.6500000000000001
-17,-2,13.824842896425949
-17,-2,22.89964009712673
-17,-2,1.6500000000000001
-17,-2,2.070919869429048
-17,-2,1.6500000000000001
-17,-2,8.856960899130762
-17,-2,1.6500000000000001
-17,-2,13.117168693622213
-17,-2,1.6500000000000001
-17,-2,1.6500000000000001
-17,-2,6.824521496998006
-17,-2,5.108613186186553
-17,-2,9.925704674223695
-17,-2,1.6500000000000001
-17,-2,2.678690309674561
-17,-2,1.6500000000000001
-17,-2,1.6500000000000001
-17,-2,1.6500000000000001
-17,-2,26.837880713118587
-17,-2,3.8738189413957427
-17,-2,1.6500000000000001
-17,-2,1.6500000000000001
-17,-2,7.470614608301966
-17,-2,10.914574525727877
-17,-2,1.6500000000000001
-17,-2,1.6500000000000001
-17,-2,1.7293452356356913
-17,-2,7.2216604146397945
-17,-2,8.17649100210766
-17,-2,14.375931148148219
-17,-2,1.6500000000000001
-17,-2,1.6500000000000001
-17,-2,1.6500000000000001
-17,-2,1.6500000000000001
-17,-2,15.530918803489502
-17,-2,1.7452737927048352
-17,-2,1.6500000000000001
-17,-2,14.465795629703862
-17,-2,1.6500000000000001
-17,-2,10.183746950712322
-17,-2,1.6500000000000001
-17,-2,2.9068281627410064
-17,-2,1.6500000000000001
-17,-2,8.936652986555751
-17,-2,1.6500000000000001
-17,-2,1.6500000000000001
-17,-2,22.111724725880176
-17,-2,1.8336062381657348
-17,-2,1.6500000000000001
-17,-2,9.961488371013305
-17,-2,2.5493348553302635
-17,-2,2.2764509066713687
-17,-2,1.6500000000000001
-17,-2,1.6500000000000001
-17,-2,1.6500000000000001
-17,-1,1.6500000000000001
-17,-1,1.6500000000000001
-17,-1,18.210613589307854
-17,-1,1.6500000000000001
-17,-1,1.6500000000000001
-17,-1,1.6500000000000001
-17,-1,1.6500000000000001
-17,-1,1.6500000000000001
-17,-1,5.949540042645761
-17,-1,1.8192438045910935
-17,-1,1.8044462420203535
-17,-1,3.6894694108575434
-17,-1,8.362632784438539
-17,-1,22.072085146593075
-17,-1,1.6500000000000001
-17,-1,1.7054052764263465
-17,-1,7.998023061353022
-17,-1,1.6500000000000001
-17,-1,1.6500000000000001
-17,-1,1.6500000000000001
-17,-1,1.6500000000000001
-17,-1,5.2943964250119775
-17,-1,1.6500000000000001
-17,-1,1.6500000000000001
-17,-1,2.1720711536820483
-17,-1,8.222174438312589
-17,-1,7.012077970500197
-17,-1,1.6500000000000001
-17,-1,1.6500000000000001
-17,-1,1.6500000000000001
-17,-1,1.6500000000000001
-17,-1,11.228760759674664
-17,-1,22.046459177062328
-17,-1,13.789792639053864
-17,-1,1.6500000000000001
-17,-1,1.6500000000000001
-17,-1,1.6500000000000001
-17,-1,1.6500000000000001
-17,-1,10.716164988459296
-17,-1,1.6500000000000001
-17,-1,1.6500000000000001
-17,-1,29.477742423161803
-17,-1,4.346400414332291
-17,-1,5.34438270327131
-17,-1,17.697305132702265
-17,-1,11.025978158600768
-17,-1,1.6500000000000001
-17,-1,21.254294137450962
-17,-1,1.6500000000000001
-17,-1,1.6500000000000001
-17,-1,13.319650820262988
-17,-1,1.6500000000000001
-17,-1,1.6500000000000001
-17,-1,1.6500000000000001
-17,-1,1.6500000000000001
-17,-1,2.0426709775435183
-17,-1,6.659995985100879
-17,-1,7.745371043278453
-17,-1,21.909956007724197
-17,-1,9.956974491756412
-17,-1,1.6500000000000001
-17,-1,1.6500000000000001
-17,-1,1.6500000000000001
-17,-1,12.840556869583589
-17,-1,1.6500000000000001
-17,-1,1.6500000000000001
-17,-1,27.170218712701367
-17,-1,17.553438431629267
-17,-1,1.6500000000000001
-17,-1,1.6500000000000001
-17,-1,1.6500000000000001
-17,-1,1.6500000000000001
-17,-1,1.6500000000000001
-17,-1,6.074896891966676
-17,-1,12.582730117251346
-17,-1,1.6500000000000001
-17,-1,1.6500000000000001
-17,-1,1.6500000000000001
-17,-1,3.838210763971757
-17,-1,1.6500000000000001
-17,-1,7.255161741686544
-17,-1,4.390409607767102
-17,-1,1.6500000000000001
-17,-1,1.6500000000000001
-17,-1,1.6500000000000001
-17,-1,1.6500000000000001
-17,-1,14.779504796201858
-17,-1,6.270492700830084
-17,-1,1.6500000000000001
-17,-1,1.6500000000000001
-17,-1,1.6500000000000001
-17,-1,1.6500000000000001
-17,-1,6.804549851071005
-17,-1,1.6500000000000001
-17,-1,21.165271142403846
-17,-1,1.6500000000000001
-17,-1,18.82252135000254
-17,-1,1.6500000000000001
-17,-1,1.6500000000000001
-17,-1,12.53191937966646
-17,-1,1.6500000000000001
-17,-1,1.6500000000000001
-17,-1,13.288897101510656
-17,-1,1.6500000000000001
-17,-1,10.633239643381668
-17,-1,1.6500000000000001
-17,-1,11.40488392117611
-17,-1,16.961650490573103
-17,-1,1.6500000000000001
-17,-1,1.6500000000000001
-17,-1,22.965456101089313
-17,-1,13.899528917090093
-17,-1,1.6500000000000001
-17,-1,1.6500000000000001
-17,-1,1.6500000000000001
-17,-1,1.6500000000000001
-17,-1,1.6500000000000001
-17,-1,1.6500000000000001
-17,-1,12.41991673839581
-17,-1,1.6500000000000001
-17,-1,1.6500000000000001
-17,-1,1.6500000000000001
-16,-1,1.6500000000000001
-16,-1,1.6500000000000001
-16,-1,2.9233886629021626
-16,-1,1.6500000000000001
-16,-1,1.6500000000000001
-16,-1,12.126373357298327
-16,-1,1.6500000000000001
-16,-1,1.6500000000000001
-16,-1,1.6500000000000001
-16,-1,1.6500000000000001
-16,-1,1.7267175054400719
-16,-1,10.671723221881914
-16,-1,5.730802450792514
-16,-1,1.6500000000000001
-16,-1,1.6500000000000001
-16,-1,16.299466465542174
-16,-1,1.6500000000000001
-16,-1,1.6500000000000001
-16,-1,9.590875777475404
-16,-1,1.6500000000000001
-16,-1,2.3684525496257307
-16,-1,1.6500000000000001
-16,-1,1.6500000000000001
-16,-1,1.6500000000000001
-16,-1,1.6500000000000001
-16,-1,1.6500000000000001
-16,-1,8.023030815945978
-16,-1,1.6500000000000001
-16,-1,1.6500000000000001
-16,-1,4.000257545380043
-16,-1,1.6500000000000001
-16,-1,1.6500000000000001
-16,-1,1.6500000000000001
-16,-1,26.42956305095985
-16,-1,2.908804039419941
-16,-1,7.8112516291240235
-16,-1,5.114688855057176
-16,-1,1.6500000000000001
-16,-1,1.6500000000000001
-16,-1,12.989512316771144
-16,-1,8.128954975874262
-16,-1,1.6500000000000001
-16,-1,1.6500000000000001
-16,-1,1.6500000000000001
-16,-1,4.5479126406752535
-16,-1,8.31674458049013
-16,-1,1.6500000000000001
-16,-1,2.0050306411470116
-16,-1,1.6500000000000001
-16,-1,1.6500000000000001
-16,-1,2.4948161287176527
-16,-1,1.6500000000000001
-16,-1,6.054305505830959
-16,-1,8.151722367053969
-16,-1,7.428727796766631
-16,-1,17.67489779337319
-16,-1,1.6500000000000001
-16,-1,3.637041682511441
-16,-1,1.6500000000000001
-16,-1,1.6500000000000001
-16,-1,13.241077723269672
-16,-1,1.6500000000000001
-16,-1,1.6500000000000001
-16,-1,1.6500000000000001
-16,-1,20.10113784163658
-16,-1,5.5620268613174035
-16,-1,1.6500000000000001
-16,-1,14.12913291124246
-16,-1,13.034240743483018
-16,-1,23.725111709794806
-16,-1,7.6219198716224685
-16,-1,1.6500000000000001
-16,-1,17.058717981963106
-16,-1,1.6500000000000001
-16,-1,1.6500000000000001
-16,-1,1.6500000000000001
-16,-1,1.6500000000000001
-16,-1,1.6500000000000001
-16,-1,2.9634515801357004
-16,-1,1.6500000000000001
-16,-1,10.277476692001528
-16,-1,25.734070560257155
-16,-1,1.6500000000000001
-16,-1,6.67499365967335
-16,-1,6.776967103512129
-16,-1,1.6500000000000001
-16,-1,1.6500000000000001
-16,-1,1.6500000000000001
-16,-1,1.6500000000000001
-16,-1,13.514680284823989
-16,-1,1.6500000000000001
-16,-1,1.6500000000000001
-16,-1,1.6500000000000001
-16,-1,8.295326250574767
-16,-1,1.6500000000000001
-16,-1,19.184670485032026
-16,-1,1.6500000000000001
-16,-1,1.6500000000000001
-16,-1,1.6500000000000001
-16,-1,1.6500000000000001
-16,-1,1.6500000000000001
-16,-1,1.6500000000000001
-16,-1,1.6500000000000001
-16,-1,1.6500000000000001
-16,-1,11.224180931853548
-16,-1,1.6500000000000001
-16,-1,1.6500000000000001
-16,-1,1.6500000000000001
-16,-1,5.8377383901409345
-16,-1,13.158106574156912
-16,-1,1.6500000000000001
-16,-1,1.6500000000000001
-16,-1,1.6500000000000001
-16,-1,4.871489041899213
-16,-1,1.6500000000000001
-16,-1,3.920620245653821
-16,-1,1.6500000000000001
-16,-1,1.6500000000000001
-16,-1,1.6500000000000001
-16,-1,1.6500000000000001
-16,-1,1.6500000000000001
-16,-1,1.6500000000000001
-16,0,1.6500000000000001
-16,0,1.6500000000000001
-16,0,1.6500000000000001
-16,0,1.6500000000000001
-16,0,3.143941532516453
-16,0,1.6500000000000001
-16,0,1.6500000000000001
-16,0,12.935652741973394
-16,0,1.6500000000000001
-16,0,9.181596779334814
-16,0,3.6758302108136793
-16,0,5.479081389992298
-16,0,7.545940024455284
-16,0,3.1197038384704814
-16,0,9.980850584239628
-16,0,1.6500000000000001
-16,0,23.723084029438063
-16,0,1.6500000000000001
-16,0,11.0049859057688
-16,0,2.9575484838723156
-16,0,25.176984748002525
-16,0,3.4365492892482967
-16,0,1.6500000000000001
-16,0,1.6500000000000001
-16,0,11.173139305273324
-16,0,12.418683883352882
-16,0,7.0365863193424065
-16,0,16.971200708590537
-16,0,1.6500000000000001
-16,0,19.272203310614938
-16,0,1.6500000000000001
-16,0,6.591793784241806
-16,0,1.6500000000000001
-16,0,1.6500000000000001
-16,0,1.6500000000000001
-16,0,29.61852775689954
-16,0,3.1151545602122144
-16,0,17.481024543539313
-16,0,3.6296582431663986
-16,0,10.897726785153301
-16,0,3.750252865577539
-16,0,1.6500000000000001
-16,0,9.386821859042412
-16,0,1.6500000000000001
-16,0,1.6500000000000001
-16,0,9.696440980962267
-16,0,1.6500000000000001
-16,0,1.6500000000000001
-16,0,8.555729002478126
-16,0,1.6500000000000001
-16,0,1.6500000000000001
-16,0,1.6500000000000001
-16,0,2.2518057948797647
-16,0,8.275433550254512
-16,0,1.6500000000000001
-16,0,1.6500000000000001
-16,0,1.6500000000000001
-16,0,6.523308526844155
-16,0,1.6500000000000001
-16,0,1.6500000000000001
-16,0,10.518140750550426
-16,0,1.6500000000000001
-16,0,1.6500000000000001
-16,0,12.05424212845786
-16,0,14.854102782008564
-16,0,1.6500000000000001
-16,0,1.6500000000000001
-16,0,1.6500000000000001
-16,0,28.1402399954933
-16,0,1.6500000000000001
-16,0,1.6500000000000001
-16,0,1.6500000000000001
-16,0,1.6500000000000001
-16,0,8.553636690700337
-16,0,1.6500000000000001
-16,0,1.6500000000000001
-16,0,8.090944001428916
-16,0,1.6500000000000001
-16,0,12.69083702584786
-16,0,1.6500000000000001
-16,0,1.6500000000000001
-16,0,10.93830229942899
-16,0,1.6500000000000001
-16,0,1.6500000000000001
-16,0,19.491203438911818
-16,0,1.6500000000000001
-16,0,1.6500000000000001
-16,0,12.121121384018112
-16,0,1.6500000000000001
-16,0,10.856570732305576
-16,0,1.6500000000000001
-16,0,1.6500000000000001
-16,0,1.6500000000000001
-16,0,1.6500000000000001
-16,0,1.6500000000000001
-16,0,1.6500000000000001
-16,0,23.436141109417175
-16,0,1.6500000000000001
-16,0,3.822475866350219
-16,0,10.983656636664794
-16,0,3.1456536957124976
-16,0,5.2984954152861965
-16,0,1.6500000000000001
-16,0,1.6500000000000001
-16,0,1.6500000000000001
-16,0,15.406240302333435
-16,0,1.6500000000000001
-16,0,1.6500000000000001
-16,0,12.005283150179297
-16,0,1.6500000000000001
-16,0,1.6500000000000001
-16,0,1.6500000000000001
-16,0,1.6500000000000001
-16,0,1.6500000000000001
-16,0,29.7
-16,0,9.305117599859187
-16,0,1.6500000000000001
-16,0,1.6500000000000001
-16,0,1.6500000000000001
-16,0,2.85420029141764
-16,0,3.5486480607434863
-16,0,1.6500000000000001
-16,1,3.7406631964357597
-16,1,3.1719158392394267
-16,1,1.6500000000000001
-16,1,1.6500000000000001
-16,1,12.633142774994273
-16,1,1.6500000000000001
-16,1,3.6374810046070825
-16,1,1.8572419176661188
-16,1,1.6500000000000001
-16,1,3.8820996230150002
-16,1,10.070083875934131
-16,1,4.566443012673756
-16,1,5.196694477536686
-16,1,1.6500000000000001
-16,1,1.6500000000000001
-16,1,19.850235655752144
-16,1,1.6500000000000001
-16,1,1.6500000000000001
-16,1,1.6500000000000001
-16,1,10.858082189140468
-16,1,3.713224107509016
-16,1,1.6500000000000001
-16,1,7.06341333083544
-16,1,1.6500000000000001
-16,1,8.03028513309377
-16,1,1.6500000000000001
-16,1,1.6500000000000001
-16,1,3.938062900257714
-16,1,1.6500000000000001
-16,1,25.063347667888642
-16,1,1.6500000000000001
-16,1,2.9025354865430786
-16,1,1.6500000000000001
-16,1,1.8371980140690147
-16,1,1.6500000000000001
-16,1,1.6500000000000001
-16,1,8.638163513965916
-16,1,10.17159602425063
-16,1,8.100387401049556
-16,1,1.6500000000000001
-16,1,1.6500000000000001
-16,1,4.561449544483367
-16,1,1.6500000000000001
-16,1,3.6434307947513584
-16,1,1.6500000000000001
-16,1,1.6500000000000001
-16,1,1.6500000000000001
-16,1,1.6500000000000001
-16,1,18.011212484339843
-16,1,1.6500000000000001
-16,1,1.6500000000000001
-16,1,29.7
-16,1,4.617280363915547
-16,1,1.6500000000000001
-16,1,1.6500000000000001
-16,1,1.8126122003186174
-16,1,4.545657042596202
-16,1,1.6500000000000001
-16,1,1.6500000000000001
-16,1,1.6500000000000001
-16,1,6.02359257348401
-16,1,1.6500000000000001
-16,1,23.67941107915204
-16,1,1.6500000000000001
-16,1,1.6500000000000001
-16,1,11.564492185600155
-16,1,1.6500000000000001
-16,1,1.6500000000000001
-16,1,14.936080890461497
-16,1,1.6500000000000001
-16,1,6.958700600536183
-16,1,8.046786234770565
-16,1,14.21376295823244
-16,1,3.9785244741509835
-16,1,1.6500000000000001
-16,1,1.6500000000000001
-16,1,1.6500000000000001
-16,1,1.6500000000000001
-16,1,1.6500000000000001
-16,1,1.6500000000000001
-16,1,29.7
-16,1,8.075089179677681
-16,1,1.6500000000000001
-16,1,1.6500000000000001
-16,1,10.594566679803224
-16,1,13.225552581998803
-16,1,6.427859068517089
-16,1,8.016110175087995
-16,1,1.658093401021901
-16,1,1.6500000000000001
-16,1,26.15413729224092
-16,1,2.928576521440311
-16,1,6.104019856419292
-16,1,1.6500000000000001
-16,1,1.6500000000000001
-16,1,2.402034638509119
-16,1,1.6500000000000001
-16,1,1.6500000000000001
-16,1,1.7420717045778982
-16,1,1.6500000000000001
-16,1,7.505751577652678
-16,1,18.51116445527261
-16,1,2.953353554314268
-16,1,28.22999523442647
-16,1,1.6500000000000001
-16,1,1.6500000000000001
-16,1,1.6500000000000001
-16,1,5.176186954278232
-16,1,7.419943802006646
-16,1,1.6500000000000001
-16,1,1.6500000000000001
-16,1,1.6500000000000001
-16,1,1.6500000000000001
-16,1,1.6500000000000001
-16,1,1.6500000000000001
-16,1,17.830343291211893
-16,1,1.6500000000000001
-16,1,5.3877483651975115
-16,1,19.066234780705553
-16,1,2.96878273079235
-16,1,2.4199600325003994
-16,1,1.6500000000000001
-17,1,5.86266458124915
-17,1,1.6500000000000001
-17,1,10.305116351077725
-17,1,1.6500000000000001
-17,1,14.936637738989901
-17,1,1.6500000000000001
-17,1,1.6500000000000001
-17,1,7.376485889578411
-17,1,1.6500000000000001
-17,1,1.6500000000000001
-17,1,1.6500000000000001
-17,1,8.549763169096423
-17,1,18.866914611564937
-17,1,1.6500000000000001
-17,1,1.6500000000000001
-17,1,12.474046517085583
-17,1,1.6500000000000001
-17,1,1.6500000000000001
-17,1,1.6500000000000001
-17,1,1.6500000000000001
-17,1,15.7490312135624
-17,1,3.7046607353348024
-17,1,3.8994415097003916
-17,1,10.946697204037413
-17,1,9.116500657559888
-17,1,1.6500000000000001
-17,1,1.6500000000000001
-17,1,1.6500000000000001
-17,1,1.6500000000000001
-17,1,1.6500000000000001
-17,1,4.2789446569628105
-17,1,1.6500000000000001
-17,1,5.602667439553192
-17,1,1.6500000000000001
-17,1,16.784447442224725
-17,1,11.924895924181735
-17,1,9.19428819800698
-17,1,16.229025296887947
-17,1,1.6500000000000001
-17,1,1.6500000000000001
-17,1,1.6500000000000001
-17,1,1.6500000000000001
-17,1,1.6500000000000001
-17,1,10.59429680897022
-17,1,9.525202232158566
-17,1,1.6500000000000001
-17,1,1.6500000000000001
-17,1,1.6500000000000001
-17,1,4.624203764052708
-17,1,6.218820910181048
-17,1,1.6500000000000001
-17,1,1.6500000000000001
-17,1,29.7
-17,1,1.6500000000000001
-17,1,1.6500000000000001
-17,1,1.6500000000000001
-17,1,17.53032686582368
-17,1,1.6500000000000001
-17,1,1.6500000000000001
-17,1,23.52164311923772
-17,1,12.637128400961139
-17,1,1.6500000000000001
-17,1,1.6500000000000001
-17,1,10.569451324377022
-17,1,1.6500000000000001
-17,1,4.243842970583748
-17,1,17.2060083781105
-17,1,1.6500000000000001
-17,1,18.136478586155288
-17,1,4.406415281968666
-17,1,9.346068768035243
-17,1,1.6500000000000001
-17,1,1.6500000000000001
-17,1,1.6500000000000001
-17,1,1.6500000000000001
-17,1,15.24471552101799
-17,1,1.6500000000000001
-17,1,1.6500000000000001
-17,1,1.6500000000000001
-17,1,26.51312125988516
-17,1,8.684798132644397
-17,1,1.6500000000000001
-17,1,7.3170454164738485
-17,1,1.874966888513173
-17,1,4.521734079999571
-17,1,21.24101993241504
-17,1,1.6500000000000001
-17,1,7.46018483564348
-17,1,1.6500000000000001
-17,1,1.6500000000000001
-17,1,3.508461469595157
-17,1,8.455586786718142
-17,1,11.833090222977312
-17,1,6.668556740092021
-17,1,9.034076277668772
-17,1,9.420163616002382
-17,1,1.6500000000000001
-17,1,17.485812381459436
-17,1,1.6500000000000001
-17,1,1.6500000000000001
-17,1,1.6500000000000001
-17,1,5.938550941828412
-17,1,21.42966238836468
-17,1,5.550631062078396
-17,1,2.287402308171111
-17,1,1.6500000000000001
-17,1,1.6500000000000001
-17,1,2.2099004243954656
-17,1,1.6500000000000001
-17,1,4.028655572805481
-17,1,4.115659346055785
-17,1,1.8511768067945664
-17,1,3.6047808291437367
-17,1,16.8462830637332
-17,1,29.7
-17,1,18.886626479510436
-17,1,1.6500000000000001
-17,1,1.6500000000000001
-17,1,1.6500000000000001
-17,1,1.6500000000000001
-17,1,1.6500000000000001
-17,1,1.6500000000000001
-17,1,1.6500000000000001
-16,1,21.590728864379937
-16,1,16.35834987133551
-16,1,1.6500000000000001
-16,1,4.83128936532255
-16,1,6.684117618296838
-16,1,1.6500000000000001
-16,1,2.612960474822242
-16,1,1.6500000000000001
-16,1,1.6500000000000001
-16,1,1.6500000000000001
-16,1,1.6500000000000001
-16,1,8.657609264682236
-16,1,1.6500000000000001
-16,1,7.761699511575434
-16,1,1.6500000000000001
-16,1,1.6500000000000001
-16,1,1.6500000000000001
-16,1,11.252192430994828
-16,1,1.6500000000000001
-16,1,1.6500000000000001
-16,1,1.6500000000000001
-16,1,12.516268543945307
-16,1,1.6500000000000001
-16,1,1.6500000000000001
-16,1,1.6500000000000001
-16,1,1.6500000000000001
-16,1,7.184929719546604
-16,1,1.6500000000000001
-16,1,1.6500000000000001
-16,1,1.6500000000000001
-16,1,3.5218623830414586
-16,1,1.6500000000000001
-16,1,1.6500000000000001
-16,1,15.87524916433528
-16,1,19.187034310537687
-16,1,1.6500000000000001
-16,1,7.266971709342377
-16,1,19.003852941224707
-16,1,25.740977920670627
-16,1,12.181619319812873
-16,1,9.090213668536155
-16,1,1.6500000000000001
-16,1,1.6500000000000001
-16,1,1.6500000000000001
-16,1,1.6500000000000001
-16,1,1.6667306105578672
-16,1,1.6500000000000001
-16,1,19.803186940178662
-16,1,5.356404572547225
-16,1,1.6500000000000001
-16,1,1.6500000000000001
-16,1,1.6500000000000001
-16,1,1.6500000000000001
-16,1,12.887755686224422
-16,1,1.6500000000000001
-16,1,1.6500000000000001
-16,1,2.7642931364605046
-16,1,1.6500000000000001
-16,1,6.30106749867735
-16,1,2.203014598024931
-16,1,7.145216246456072
-16,1,8.797509779673323
-16,1,1.6500000000000001
-16,1,5.301189369499891
-16,1,1.6500000000000001
-16,1,1.6500000000000001
-16,1,1.6500000000000001
-16,1,29.7
-16,1,1.6500000000000001
-16,1,3.068243274822721
-16,1,1.6500000000000001
-16,1,6.584055871308185
-16,1,8.66367795791709
-16,1,1.6500000000000001
-16,1,1.6500000000000001
-16,1,1.6500000000000001
-16,1,1.6500000000000001
-16,1,1.6500000000000001
-16,1,1.6500000000000001
-16,1,1.6500000000000001
-16,1,6.362102195401969
-16,1,1.6500000000000001
-16,1,1.6500000000000001
-16,1,1.6500000000000001
-16,1,1.6500000000000001
-16,1,1.6500000000000001
-16,1,1.6500000000000001
-16,1,1.6500000000000001
-16,1,2.9535218804769103
-16,1,1.6500000000000001
-16,1,1.6500000000000001
-16,1,10.134278307720955
-16,1,1.6500000000000001
-16,1,1.6500000000000001
-16,1,24.60864173125171
-16,1,3.3246797650470175
-16,1,1.6500000000000001
-16,1,1.6500000000000001
-16,1,14.138394322942862
-16,1,24.754724599919953
-16,1,2.0367065182920165
-16,1,9.200914520003346
-16,1,7.799999307049797
-16,1,15.827782973314891
-16,1,1.6500000000000001
-16,1,12.069422042228322
-16,1,1.6500000000000001
-16,1,1.6500000000000001
-16,1,9.959529728695731
-16,1,1.6500000000000001
-16,1,1.6500000000000001
-16,1,1.6500000000000001
-16,1,17.13916551636424
-16,1,1.6500000000000001
-16,1,1.6500000000000001
-16,1,1.6500000000000001
-16,1,1.6500000000000001
-16,1,1.6500000000000001
-16,1,9.125359341595056
-16,1,1.6500000000000001
-16,1,1.8722948196308282
-16,1,1.6500000000000001
-15,1,5.606937857106144
-15,1,1.6500000000000001
-15,1,28.927997358088952
-15,1,16.732620712653702
-15,1,1.6500000000000001
-15,1,1.6500000000000001
-15,1,1.6500000000000001
-15,1,17.2292265198057
-15,1,10.553169150394547
-15,1,16.738048070459033
-15,1,7.006843348386616
-15,1,1.6500000000000001
-15,1,1.6500000000000001
-15,1,1.6500000000000001
-15,1,10.50354283604445
-15,1,1.6500000000000001
-15,1,9.400066498509176
-15,1,1.6500000000000001
-15,1,1.6500000000000001
-15,1,13.142407456986856
-15,1,1.6500000000000001
-15,1,1.6500000000000001
-15,1,1.6500000000000001
-15,1,1.6500000000000001
-15,1,1.6500000000000001
-15,1,12.175824051295807
-15,1,14.276798483533534
-15,1,1.6500000000000001
-15,1,1.6500000000000001
-15,1,1.6500000000000001
-15,1,19.020368054616842
-15,1,7.500092173731218
-15,1,1.6500000000000001
-15,1,14.326717553863748
-15,1,1.6500000000000001
-15,1,1.6500000000000001
-15,1,7.774791850174355
-15,1,5.529032875580532
-15,1,1.6500000000000001
-15,1,1.6500000000000001
-15,1,1.6500000000000001
-15,1,4.848196366119778
-15,1,9.568570057896682
-15,1,1.6500000000000001
-15,1,1.6500000000000001
-15,1,1.6500000000000001
-15,1,5.543190208106511
-15,1,1.6500000000000001
-15,1,1.6500000000000001
-15,1,4.897638027529334
-15,1,7.531044770001324
-15,1,1.6500000000000001
-15,1,14.355735892861038
-15,1,9.64829397769244
-15,1,17.255666747276358
-15,1,1.6500000000000001
-15,1,1.6500000000000001
-15,1,1.6500000000000001
-15,1,7.327774653311018
-15,1,1.6500000000000001
-15,1,6.93856539679032
-15,1,20.982986777667552
-15,1,1.6500000000000001
-15,1,1.6500000000000001
-15,1,11.974260821750526
-15,1,1.6500000000000001
-15,1,1.6500000000000001
-15,1,12.290726223786955
-15,1,27.0369891500739
-15,1,1.6500000000000001
-15,1,1.6500000000000001
-15,1,10.016974111997655
-15,1,1.6500000000000001
-15,1,1.6500000000000001
-15,1,3.343673422344689
-15,1,13.58860478328388
-15,1,1.6500000000000001
-15,1,16.45945515925569
-15,1,20.30538081173702
-15,1,1.9764087643201171
-15,1,1.6500000000000001
-15,1,5.170001366144742
-15,1,4.040028079617746
-15,1,8.679540532934425
-15,1,1.6500000000000001
-15,1,1.6500000000000001
-15,1,16.89760303414716
-15,1,1.6500000000000001
-15,1,6.323758532625373
-15,1,1.6500000000000001
-15,1,1.6500000000000001
-15,1,1.6500000000000001
-15,1,14.55775848680581
-15,1,1.6500000000000001
-15,1,11.502373688027758
-15,1,5.659118864329361
-15,1,2.231172554129546
-15,1,12.40413117466058
-15,1,10.523704367154679
-15,1,8.767233334996583
-15,1,17.94543788987896
-15,1,14.005055684894868
-15,1,12.079035241091104
-15,1,9.617248637610492
-15,1,6.907049102868742
-15,1,2.7272350340606955
-15,1,1.6500000000000001
-15,1,14.97195371547959
-15,1,1.6500000000000001
-15,1,1.6500000000000001
-15,1,19.960894179341054
-15,1,1.6500000000000001
-15,1,1.6500000000000001
-15,1,1.6500000000000001
-15,1,1.6500000000000001
-15,1,1.6500000000000001
-15,1,13.946073601716904
