11,4,4.1253432944283706
11,4,2.777544814633363
11,4,1.6500000000000001
11,4,1.708475800393875
11,4,1.6500000000000001
11,4,1.8035332221086497
11,4,1.6500000000000001
11,4,1.882752392921904
11,4,1.6500000000000001
11,4,2.2485868955027026
11,4,1.6500000000000001
11,4,1.6500000000000001
11,4,3.9070423600966473
11,4,4.441774124790494
11,4,1.6500000000000001
11,4,3.086553985982457
11,4,3.9723706279348274
11,4,3.197957628377281
11,4,1.6500000000000001
11,4,1.6500000000000001
11,4,2.6305703672369463
11,4,1.8894968069068785
11,4,1.6500000000000001
11,4,1.6500000000000001
11,4,1.6500000000000001
11,4,2.487570368940665
11,4,1.7284172776108977
11,4,1.6500000000000001
11,4,3.585485164060346
11,4,1.6500000000000001
11,4,5.18279142436282
11,4,1.6500000000000001
11,4,5.121866609615719
11,4,1.6500000000000001
11,4,7.193347229345976
11,4,5.090156346696084
11,4,4.075659060512484
11,4,1.6500000000000001
11,4,3.903325081626412
11,4,1.6500000000000001
11,4,1.6500000000000001
11,4,2.7343601461821025
11,4,5.917981698856116
11,4,3.541684505118111
11,4,1.6500000000000001
11,4,3.107579733642633
11,4,6.2881968757199775
11,4,4.435780981852516
11,4,1.937599865780296
11,4,8.760643553385423
11,4,3.392040961645246
11,4,3.245319924451957
11,4,5.461520581066179
11,4,5.628115340040667
11,4,3.4585285015753837
11,4,5.133647754170747
11,4,1.6500000000000001
11,4,6.9821272561466845
11,4,3.9481759998085
11,4,1.6500000000000001
11,4,3.1523468654398386
10,4,5.597191078003474
10,4,1.6500000000000001
10,4,3.0276772495686823
10,4,1.6500000000000001
10,4,6.56772409925033
10,4,7.6451104271092785
10,4,3.468995298949668
10,4,6.5659685205295855
10,4,5.552244253952939
10,4,3.4069045796493596
10,4,4.217607642616773
10,4,1.6500000000000001
10,4,4.330683831912405
10,4,2.9262244112636573
10,4,1.6500000000000001
10,4,4.686323152773232
10,4,1.6500000000000001
10,4,2.1729632704992405
10,4,1.881422374470803
10,4,6.545606684066371
10,4,4.031900538771394
10,4,3.723660282131496
10,4,1.6500000000000001
10,4,1.6500000000000001
10,4,1.6500000000000001
10,4,7.737770288961482
10,4,6.926208388492083
10,4,1.6500000000000001
10,4,1.6500000000000001
10,4,5.72129702810421
10,4,1.6500000000000001
10,4,7.012378777262913
10,4,1.6500000000000001
10,4,4.508069486568357
10,4,1.7699659494838031
10,4,1.6500000000000001
10,4,2.9376792898770456
10,4,3.57861478656131
10,4,1.6500000000000001
10,4,1.6500000000000001
10,4,1.6500000000000001
10,4,1.6500000000000001
10,4,2.5901441904248323
10,4,2.792741626902885
10,4,1.6500000000000001
10,4,2.3137596605726
10,4,4.184730195983849
10,4,1.6500000000000001
10,4,1.6500000000000001
10,4,5.4289172110629735
10,4,1.6500000000000001
10,4,1.6500000000000001
10,4,4.10271511825663
10,4,4.1452241593725745
10,4,1.6500000000000001
10,4,4.495909616979879
10,4,1.6500000000000001
10,4,2.302302602572895
10,4,1.6500000000000001
10,4,2.869899717697012
10,4,4.568050408588473
10,4,6.894440867807011
9,4,1.6500000000000001
9,4,8.382172221298276
9,4,4.887123406171167
9,4,4.889644196070687
9,4,1.6500000000000001
9,4,5.83071107392654
9,4,1.6500000000000001
9,4,3.8977260639652083
9,4,6.277541106651318
9,4,2.3143396819242117
9,4,1.6500000000000001
9,4,1.6500000000000001
9,4,3.1349136461830547
9,4,4.464979605392659
9,4,1.6500000000000001
9,4,3.6316524749484165
9,4,5.674524676120006
9,4,4.232015426904942
9,4,5.057461358949158
9,4,3.1363933465295553
9,4,1.8568098936051016
9,4,2.956217690994055
9,4,7.915757607569203
9,4,2.832661728522504
9,4,6.024482088151899
9,4,4.342224296583632
9,4,1.9670663311737266
9,4,1.6500000000000001
9,4,1.6500000000000001
9,4,1.6500000000000001
9,4,1.6500000000000001
9,4,2.501916926205698
9,4,1.6500000000000001
9,4,1.6500000000000001
9,4,1.6500000000000001
9,4,4.1120595737830925
9,4,1.6500000000000001
9,4,4.032861427468644
9,4,1.6500000000000001
9,4,1.6500000000000001
9,4,1.7286929340536275
9,4,1.839681293814424
9,4,1.6500000000000001
9,4,6.674557263392339
9,4,2.7602974249378027
9,4,5.260270609845829
9,4,1.6500000000000001
9,4,1.6500000000000001
9,4,5.806555629415824
9,4,7.7198511868171575
9,4,4.2593360126379745
9,4,3.6311393854382117
9,4,1.6500000000000001
9,4,1.6500000000000001
9,4,1.6500000000000001
9,4,1.6500000000000001
9,4,1.6500000000000001
9,4,5.0954183520836285
9,4,2.588608987668597
9,4,3.654577725566966
9,4,3.7217063627195155
8,4,3.6210403220709884
8,4,1.6500000000000001
8,4,1.6500000000000001
8,4,4.36833374398574
8,4,2.855890770387763
8,4,4.012658724510859
8,4,2.7339953251107385
8,4,4.10803369181273
8,4,7.743946319544045
8,4,1.6500000000000001
8,4,1.6500000000000001
8,4,6.6443554547807135
8,4,4.106266464132419
8,4,2.174882379744841
8,4,1.802682702976349
8,4,1.6500000000000001
8,4,2.1365005499209815
8,4,5.58040081160079
8,4,1.6500000000000001
8,4,5.855047533671009
8,4,1.9909313902100088
8,4,1.6500000000000001
8,4,4.2112060213759746
8,4,4.5657416690183075
8,4,3.4047344105308603
8,4,1.6773024788673412
8,4,1.6500000000000001
8,4,7.337872469566761
8,4,3.755763859474933
8,4,2.60650792710596
8,4,1.6500000000000001
8,4,10.460388595521188
8,4,1.6500000000000001
8,4,2.1245782849495223
8,4,1.6500000000000001
8,4,3.815573695344471
8,4,4.921257777572563
8,4,2.158009587639562
8,4,1.863098227013607
8,4,3.850789433905242
8,4,1.6500000000000001
8,4,5.338174258221393
8,4,1.6500000000000001
8,4,5.958249303437551
8,4,5.759637463063148
8,4,6.219970653186138
8,4,1.811635771488435
8,4,1.6500000000000001
8,4,1.6500000000000001
8,4,6.9470776065950535
8,4,1.6500000000000001
8,4,4.457324319145554
8,4,1.6500000000000001
8,4,3.8291698077730913
8,4,1.6500000000000001
8,4,2.3730149869355244
8,4,4.904539032935585
8,4,5.61721271512517
8,4,1.6500000000000001
8,4,2.8367950197712437
8,4,1.6500000000000001
8,4,6.389627655836919
7,4,7.430710878557827
7,4,3.329466940254215
7,4,8.843554638976842
7,4,2.8189812882364875
7,4,1.810069309330336
7,4,4.584133700777703
7,4,6.344083130799788
7,4,3.3093145633386136
7,4,2.3925705951543783
7,4,2.1756660323076256
7,4,1.9594983503514904
7,4,1.6500000000000001
7,4,3.843312536402755
7,4,5.859739613842961
7,4,7.05914172122281
7,4,1.6500000000000001
7,4,5.697606686866908
7,4,1.6500000000000001
7,4,2.7251215287144137
7,4,5.908329957386206
7,4,4.442087853997469
7,4,1.6500000000000001
7,4,1.8489950173726175
7,4,8.726144881555971
7,4,3.223122158077071
7,4,4.831630775585556
7,4,7.025249695392956
7,4,3.5314622650837726
7,4,1.6500000000000001
7,4,2.5864808833549695
7,4,5.706115073239126
7,4,2.553017287495754
7,4,5.492552379842893
7,4,3.138021929919421
7,4,5.366739334831456
7,4,3.6993742505627076
7,4,6.849607029354545
7,4,3.979198294610547
7,4,1.6500000000000001
7,4,4.81224074571827
7,4,1.6500000000000001
7,4,4.627061095361729
7,4,2.217818876540684
7,4,4.752416317952818
7,4,3.929298052285763
7,4,3.1201798778092953
7,4,5.249280169035577
7,4,7.920310391794887
7,4,4.703717750250391
7,4,2.991605271123725
7,4,10.162016221013896
7,4,1.6500000000000001
7,4,1.6500000000000001
7,4,1.8279582475262068
7,4,7.029158919639245
7,4,3.0048227104712826
7,4,1.8087941271522303
7,4,3.5322099094441888
7,4,1.6500000000000001
7,4,5.0828462897799875
7,4,7.000976589667863
7,4,6.912909198864793
6,4,1.6500000000000001
6,4,2.455662820172168
6,4,2.2829587943405762
6,4,1.6500000000000001
6,4,5.369232113281925
6,4,2.204567696035655
6,4,1.8886634056219531
6,4,8.407959302491392
6,4,5.9204535945622485
6,4,3.587952691827498
6,4,6.2959889113161855
6,4,5.388787760663819
6,4,4.902369516285079
6,4,3.2870478521301445
6,4,5.244848032780877
6,4,9.18493282280205
6,4,8.301132197991858
6,4,4.690619474512277
6,4,5.333273717325599
6,4,3.2488632528436616
6,4,6.365252220556302
6,4,3.9808655037991896
6,4,1.6500000000000001
6,4,6.732436531104662
6,4,4.4840060512595805
6,4,6.429873681314934
6,4,4.120661132053552
6,4,5.7971017575271775
6,4,3.7687238189632417
6,4,2.6646076487598247
6,4,2.1151664073628003
6,4,1.8898090592111516
6,4,5.857396257236182
6,4,3.2311874451145437
6,4,4.203116804582612
6,4,5.578549031587878
6,4,5.536546252963631
6,4,4.306385249740494
6,4,5.715520751324612
6,4,1.6888315943477878
6,4,1.6500000000000001
6,4,1.6500000000000001
6,4,5.637185981959565
6,4,5.098835922119111
6,4,6.6394021704942086
6,4,9.437223344902504
6,4,2.304906939621504
6,4,10.631200243475774
6,4,4.698399565230838
6,4,1.6500000000000001
6,4,4.648586566164958
6,4,2.5659617988172227
6,4,6.753313240144413
6,4,3.9352136094202494
6,4,6.4748928985173375
6,4,2.33412294683919
6,4,3.0085736319384138
6,4,5.314489817627575
6,4,4.707982836061319
6,4,1.6500000000000001
6,4,5.447074536957357
5,4,2.0312829609328023
5,4,1.7797290276567543
5,4,7.730253084288305
5,4,7.205840223269142
5,4,5.243654267235243
5,4,8.110410821691634
5,4,4.467487205628013
5,4,3.710750293624775
5,4,2.372050679318024
5,4,8.864708608873501
5,4,4.381896981035982
5,4,3.3036924805048042
5,4,3.2439031103690192
5,4,3.309922289318908
5,4,7.237847314094756
5,4,1.9947914360874854
5,4,5.19824229139129
5,4,1.6500000000000001
5,4,5.7481585023677715
5,4,5.606831293458793
5,4,1.6500000000000001
5,4,8.296351993409457
5,4,2.6089797882167085
5,4,4.467305480467882
5,4,1.6500000000000001
5,4,2.0175807537516595
5,4,3.2033516284034205
5,4,2.510708199436629
5,4,5.1744026474356435
5,4,2.1698401820351005
5,4,4.229406517062687
5,4,6.106130690059412
5,4,1.6500000000000001
5,4,2.32495455135085
5,4,5.390892713794374
5,4,4.273040740726362
5,4,2.6106077872631888
5,4,4.265544310348142
5,4,2.770729754344064
5,4,2.9638105563081085
5,4,6.565084831837872
5,4,5.255959246817881
5,4,4.987467102044332
5,4,1.6500000000000001
5,4,5.472742764867655
5,4,6.478238942903917
5,4,1.693605898060302
5,4,3.5283697654440873
5,4,3.6934261468106637
5,4,5.7522690649645245
5,4,5.222313975439969
5,4,3.8859451731852945
5,4,1.9790930694630582
5,4,2.608634831904178
5,4,5.746731239158383
5,4,4.862364352332128
5,4,1.6500000000000001
5,4,8.936822577798347
5,4,5.331751267768983
5,4,5.912531346990384
5,4,6.097439370672867
5,4,1.6500000000000001
4,4,5.253104925826813
4,4,7.568384782869747
4,4,5.160452223878268
4,4,3.347169410669829
4,4,7.491821002738672
4,4,8.461485679017851
4,4,5.12075445180499
4,4,5.917883142793092
4,4,3.3331470131849574
4,4,2.885322644988152
4,4,5.371037321958864
4,4,4.777648642266477
4,4,7.074116289843183
4,4,3.511609618306886
4,4,2.429482023711641
4,4,5.379323449240194
4,4,3.0519343450120164
4,4,6.286616540857567
4,4,1.6500000000000001
4,4,5.868511688232337
4,4,4.80960240160042
4,4,1.6500000000000001
4,4,1.6500000000000001
4,4,7.754310391917967
4,4,5.357030665824516
4,4,6.7176548447514755
4,4,5.696668720829459
4,4,9.770604875366427
4,4,5.034529548456637
4,4,5.8989120452702135
4,4,6.338273649940193
4,4,4.9759968571449615
4,4,1.6500000000000001
4,4,3.553693332325785
4,4,1.6500000000000001
4,4,6.304225562855108
4,4,3.9248195213694634
4,4,1.6500000000000001
4,4,6.191707861050602
4,4,6.285122541284857
4,4,1.953293122308803
4,4,5.278668123337066
4,4,4.1230585851256025
4,4,1.6500000000000001
4,4,2.2127838668253714
4,4,4.527282229580091
4,4,1.6500000000000001
4,4,7.886925558361458
4,4,6.045480093686642
4,4,3.365676222049223
4,4,1.9776456700013694
4,4,2.6528250300557525
4,4,5.5561951625934505
4,4,3.1185314194528764
4,4,1.6500000000000001
4,4,4.627770178366634
4,4,7.306607286905851
4,4,1.7565990627919494
4,4,5.943082079449728
4,4,6.942568341652856
4,4,5.5881401293146045
3,4,1.6500000000000001
3,4,9.761785573296812
3,4,2.240936709097829
3,4,2.4932203381238196
3,4,7.735641262822119
3,4,2.011609100570799
3,4,6.1144293744373615
3,4,4.565468667983604
3,4,4.661476084295876
3,4,1.6500000000000001
3,4,7.30068603462937
3,4,5.489657802878407
3,4,4.6705746996110795
3,4,7.6028500447578775
3,4,8.137622501414356
3,4,6.772014103673046
3,4,5.440828779194276
3,4,4.321361741195237
3,4,5.152106177871978
3,4,5.7877173343450234
3,4,7.172103682944757
3,4,7.279699851951711
3,4,8.275880982807466
3,4,4.819419956219425
3,4,7.241137220978191
3,4,1.6500000000000001
3,4,2.7424403944559463
3,4,1.6500000000000001
3,4,3.157388428832325
3,4,5.7820481535653565
3,4,3.024140259784809
3,4,4.569718372542967
3,4,1.6500000000000001
3,4,4.67406315005389
3,4,6.883724842642046
3,4,4.594582445219327
3,4,5.286745134513247
3,4,7.271786880022292
3,4,9.644739452447826
3,4,4.425878667407338
3,4,6.8441014831777665
3,4,5.211658491960071
3,4,1.6500000000000001
3,4,1.6500000000000001
3,4,1.6500000000000001
3,4,7.303256523503521
3,4,7.671233470983102
3,4,1.6656266153110204
3,4,7.695413430840716
3,4,1.6500000000000001
3,4,4.424120659048182
3,4,5.691874425212907
3,4,8.026013654813308
3,4,4.880356536852604
3,4,6.770365676487394
3,4,4.213398616996601
3,4,7.685063635174398
3,4,1.6500000000000001
3,4,1.6500000000000001
3,4,9.929172284953385
3,4,1.6500000000000001
3,4,6.885105068870305
2,4,5.752672380617894
2,4,4.984045533414693
2,4,5.958073962314184
2,4,4.471930435463451
2,4,9.178964862595214
2,4,4.396786422600256
2,4,1.6500000000000001
2,4,6.788470949336991
2,4,1.6500000000000001
2,4,6.91229442190591
2,4,8.818372490130043
2,4,4.7866233057512995
2,4,5.853766004605995
2,4,2.679528005935572
2,4,3.5621830951609903
2,4,7.359193465262319
2,4,3.1252043968217844
2,4,6.490848829727726
2,4,1.6500000000000001
2,4,5.403946521656177
2,4,7.995687266482694
2,4,6.246030714503939
2,4,1.6500000000000001
2,4,3.11299708757212
2,4,3.1178477357614085
2,4,1.6500000000000001
2,4,1.6500000000000001
2,4,2.7956891828858264
2,4,2.7081919730300226
2,4,5.518206532227801
2,4,8.05006488789716
2,4,1.6500000000000001
2,4,6.3327074094814595
2,4,1.6500000000000001
2,4,8.906698162153237
2,4,6.859664311573448
2,4,2.1871580378859132
2,4,1.6500000000000001
2,4,1.6500000000000001
2,4,7.729698099857059
2,4,2.2428747565712195
2,4,6.968713208360437
2,4,1.6500000000000001
2,4,3.914367368061888
2,4,2.0894761391410146
2,4,4.27935052070264
2,4,2.2438094141084513
2,4,5.26715127982414
2,4,6.5230414743831036
2,4,6.4464102210849
2,4,5.15985370902689
2,4,3.0803767659804686
2,4,6.260578002449746
2,4,5.570060903001117
2,4,10.980208723370819
2,4,4.107098207539305
2,4,7.441464150859021
2,4,9.123361024679708
2,4,1.6500000000000001
2,4,3.435813702076225
2,4,1.6500000000000001
2,4,6.757856483908216
1,4,3.871700484501729
1,4,3.7633558162671847
1,4,1.6500000000000001
1,4,8.85333326873939
1,4,2.7946632134306566
1,4,12.716271108370606
1,4,11.945273146849507
1,4,5.419080631485652
1,4,3.332574312994851
1,4,3.8904738670311896
1,4,7.145475525357103
1,4,7.553424481026695
1,4,1.6500000000000001
1,4,1.6500000000000001
1,4,4.955540656917608
1,4,1.6500000000000001
1,4,3.8982008880416155
1,4,4.549459012988833
1,4,4.299705931493634
1,4,9.390910414565095
1,4,9.382432508940632
1,4,1.6500000000000001
1,4,1.6500000000000001
1,4,5.921053237100494
1,4,7.896069209008747
1,4,4.4249477456108055
1,4,4.013402347953051
1,4,9.276470573096734
1,4,5.656659044120695
1,4,2.2285645225218467
1,4,5.158841408924706
1,4,6.078998595188175
1,4,4.877479346555998
1,4,2.99852632612362
1,4,7.55022869421486
1,4,9.196814909108113
1,4,4.593793397992506
1,4,9.796539912179707
1,4,4.585917363328882
1,4,4.444265935003424
1,4,3.385607825167317
1,4,1.6500000000000001
1,4,3.1695704441997337
1,4,5.243690949565537
1,4,6.886801864740106
1,4,4.030136344142836
1,4,5.266852520495139
1,4,4.375618724553129
1,4,6.900809404810191
1,4,6.350311507961702
1,4,3.8830417183134363
1,4,8.69346004472232
1,4,6.349636312854928
1,4,3.155516595355735
1,4,6.656448782369827
1,4,6.559875641589244
1,4,3.6627658288215232
1,4,1.6500000000000001
1,4,1.6500000000000001
1,4,3.929576556941683
1,4,6.884296543029508
0,4,4.718729774170617
0,4,6.466211111667122
0,4,2.435285250027347
0,4,4.726463093061169
0,4,8.77427072013128
0,4,3.7517856443998694
0,4,6.401196845373456
0,4,2.082900806275033
0,4,2.387243615021163
0,4,6.655607241421404
0,4,5.310329986856068
0,4,5.784439087379714
0,4,9.864526097867582
0,4,5.835539156152201
0,4,3.4587153478792945
0,4,1.6500000000000001
0,4,12.067053673216861
0,4,3.381082801303598
0,4,4.021040654821808
0,4,5.879985190205122
0,4,5.165560995519025
0,4,2.503083302003871
0,4,4.669118914143769
0,4,6.035196105531847
0,4,5.368013568089417
0,4,7.076893431812426
0,4,3.584862974055241
0,4,3.5195954681394106
0,4,6.565474596441584
0,4,1.6500000000000001
0,4,4.90854426176156
0,4,4.012705343729609
0,4,6.345742638861111
0,4,5.3062629285225515
0,4,7.934767900904159
0,4,10.791645557011325
0,4,2.891925817376802
0,4,3.1191348356498523
0,4,7.077418690925706
0,4,6.412454894386636
0,4,4.902963939139909
0,4,4.161395919625702
0,4,7.911763181499939
0,4,7.602741365365116
0,4,7.8368156284494495
0,4,3.6573547949935694
0,4,8.677355594086185
0,4,6.005284072473573
0,4,5.20077145078569
0,4,4.672994169727023
0,4,6.068393586286013
0,4,3.275187547815528
0,4,6.57835082603431
0,4,5.930705552324956
0,4,7.846275918657922
0,4,7.268962435366065
0,4,6.20533002108229
0,4,6.741867833097161
0,4,3.4300218902594626
0,4,6.777862899328737
0,4,2.6393940211350264
0,4,3.9030015462913887
-1,4,4.69057455972169
-1,4,6.983933079012557
-1,4,1.714529939009371
-1,4,4.511628433503651
-1,4,6.26850239077225
-1,4,4.316307555190895
-1,4,5.250443239672841
-1,4,3.9867231722303647
-1,4,9.503594663378424
-1,4,4.024663251661189
-1,4,4.904774995946142
-1,4,12.569006413271465
-1,4,5.8133675353658445
-1,4,11.23686229548584
-1,4,3.2587776529742625
-1,4,6.002809500789617
-1,4,1.6500000000000001
-1,4,7.0050683695898455
-1,4,5.892745423661554
-1,4,1.6500000000000001
-1,4,4.864751867711022
-1,4,6.065718284594598
-1,4,5.382220785592984
-1,4,7.8474603138266446
-1,4,3.201100728749315
-1,4,1.6500000000000001
-1,4,3.213205778368959
-1,4,7.204019138270055
-1,4,5.534632895348079
-1,4,6.0824130805646055
-1,4,6.109943987165813
-1,4,9.124798508177001
-1,4,4.109322891693722
-1,4,3.7855312329939284
-1,4,4.819038840001574
-1,4,4.6317897306986495
-1,4,2.264680819146054
-1,4,5.104399472314542
-1,4,1.6500000000000001
-1,4,2.688897093266818
-1,4,4.730165456830471
-1,4,6.6378115527958785
-1,4,9.770332300099128
-1,4,2.7924811067454254
-1,4,3.4015795332398095
-1,4,9.237489123951892
-1,4,1.6500000000000001
-1,4,6.921996502398795
-1,4,3.1743714409653516
-1,4,8.664982075043852
-1,4,9.605446182607482
-1,4,9.36779478036602
-1,4,1.8994657207563002
-1,4,10.098614338342502
-1,4,5.498268914872071
-1,4,8.29660693658803
-1,4,4.7533358618356205
-1,4,4.932429551205202
-1,4,3.183823454267861
-1,4,4.543976175775883
-1,4,4.876492187036544
-2,4,3.7808221931610695
-2,4,4.192789185221553
-2,4,4.732597347112185
-2,4,7.150757031108589
-2,4,1.6500000000000001
-2,4,5.033637344176308
-2,4,6.561412366218636
-2,4,4.251874886619996
-2,4,5.636251807621612
-2,4,2.734617649449938
-2,4,1.6500000000000001
-2,4,7.243652841034962
-2,4,1.8727834872435851
-2,4,3.989513880841134
-2,4,1.6500000000000001
-2,4,11.942304795493776
-2,4,8.132183833848178
-2,4,10.872983929417085
-2,4,6.413856704668896
-2,4,4.474631912099005
-2,4,9.726839381431
-2,4,3.333281199108661
-2,4,1.6500000000000001
-2,4,2.6914038581050206
-2,4,6.947845066938591
-2,4,1.9199834602264123
-2,4,4.05914838188754
-2,4,1.6500000000000001
-2,4,5.112398312497634
-2,4,6.15194739076561
-2,4,6.873602517085082
-2,4,5.70457599985302
-2,4,1.6500000000000001
-2,4,7.559788771506867
-2,4,6.989773890695956
-2,4,7.297343880785732
-2,4,1.9624973802233354
-2,4,3.2418056044998003
-2,4,13.273848796049217
-2,4,1.6500000000000001
-2,4,8.989629460538643
-2,4,3.9967013222731147
-2,4,4.959228990788946
-2,4,5.208980357164193
-2,4,2.203149139686709
-2,4,12.476472200088887
-2,4,4.920562743588731
-2,4,2.427633941299383
-2,4,9.633525308938538
-2,4,5.141031347247908
-2,4,6.950714791122055
-2,4,5.1603641813716985
-2,4,7.56131741371602
-2,4,2.5215858719348248
-2,4,7.764268448140512
-2,4,4.650882485799266
-2,4,6.486680064101066
-2,4,6.179226325702752
-2,4,9.10440817521417
-2,4,3.2907388870828402
-2,4,4.738285982152267
-2,4,3.2464826336998995
-3,4,1.6500000000000001
-3,4,12.96561361858268
-3,4,3.5161560648110814
-3,4,8.24345073971297
-3,4,7.385729742424703
-3,4,1.6500000000000001
-3,4,4.1393640965860365
-3,4,7.64890902351655
-3,4,9.041831975044655
-3,4,1.9928713999894958
-3,4,8.695167140678315
-3,4,3.272623322213118
-3,4,5.298169009552989
-3,4,7.252386018076864
-3,4,3.6922718803926466
-3,4,7.238580436815272
-3,4,3.145371649761925
-3,4,5.985946843394
-3,4,3.1897587729890287
-3,4,3.9534777185059915
-3,4,3.8910296519199328
-3,4,1.9866857995180638
-3,4,2.4195906753097822
-3,4,1.6500000000000001
-3,4,2.105548404576236
-3,4,2.52769515636836
-3,4,3.133627726782982
-3,4,2.615544624977013
-3,4,3.2295067990672237
-3,4,4.861041711991259
-3,4,7.287049649009637
-3,4,1.6500000000000001
-3,4,13.212555439388755
-3,4,2.5856506506168095
-3,4,7.7944631572254774
-3,4,3.5063584080016037
-3,4,6.719136165770204
-3,4,3.851438062496739
-3,4,6.541200043126118
-3,4,5.959563288921899
-3,4,9.032292896258317
-3,4,6.1651650365938995
-3,4,9.676415741436344
-3,4,2.6816912744053734
-3,4,6.894347346366695
-3,4,1.6500000000000001
-3,4,6.150590895085701
-3,4,2.766581476687951
-3,4,5.777136910750144
-3,4,5.513568958737566
-3,4,5.043115277404493
-3,4,6.699634715247459
-3,4,1.6500000000000001
-3,4,4.612219000282844
-3,4,7.791078406147801
-3,4,5.330369021973459
-3,4,2.895491770084365
-3,4,1.8140806829015599
-3,4,6.799982351476361
-3,4,5.977730674794917
-3,4,1.9005034958011415
-3,4,6.750019057225294
-4,4,7.674216042078773
-4,4,5.926781214643768
-4,4,1.6500000000000001
-4,4,3.1291724948143345
-4,4,2.3239145045776675
-4,4,5.496149731798714
-4,4,1.6500000000000001
-4,4,2.1281051581773798
-4,4,6.156714880514318
-4,4,4.743371765865317
-4,4,1.6500000000000001
-4,4,1.6500000000000001
-4,4,5.464538272773183
-4,4,1.6500000000000001
-4,4,5.1575967795423665
-4,4,3.9214390156616417
-4,4,4.4609214778536455
-4,4,4.348670189944258
-4,4,2.260107557067126
-4,4,7.9827391484403964
-4,4,3.6968245983817134
-4,4,1.6500000000000001
-4,4,2.5547039400607034
-4,4,1.6500000000000001
-4,4,1.6500000000000001
-4,4,7.7913343665554535
-4,4,4.331269062730505
-4,4,1.6500000000000001
-4,4,6.7939227978156795
-4,4,7.805003418172321
-4,4,3.8825417121140022
-4,4,2.785630385220495
-4,4,3.3178441222772315
-4,4,5.205284657202794
-4,4,2.5802717646122275
-4,4,2.0460857084555495
-4,4,4.284360984930906
-4,4,10.063071422360913
-4,4,7.387464935576826
-4,4,5.2659297159632255
-4,4,6.298877964699869
-4,4,3.8958600994346724
-4,4,6.565100512668478
-4,4,4.563452824806394
-4,4,1.6500000000000001
-4,4,1.6500000000000001
-4,4,4.70587881078903
-4,4,3.5922721540866878
-4,4,3.7260282141587147
-4,4,3.0071377802289865
-4,4,1.6500000000000001
-4,4,1.6500000000000001
-4,4,6.702437567936278
-4,4,4.139078712245572
-4,4,1.6500000000000001
-4,4,1.6500000000000001
-4,4,6.353275277433769
-4,4,3.9937461230989246
-4,4,3.503803111733423
-4,4,6.8809618902419665
-4,4,1.6500000000000001
-5,4,4.998318096641714
-5,4,10.690555084518806
-5,4,2.111912988502172
-5,4,6.285934254306733
-5,4,8.634320429051943
-5,4,1.6500000000000001
-5,4,3.530797561615164
-5,4,1.6500000000000001
-5,4,2.8116451164155025
-5,4,2.659646189869072
-5,4,4.887441470459297
-5,4,6.608502967129937
-5,4,8.009932583832345
-5,4,8.282443231010074
-5,4,1.7317496669684247
-5,4,6.006206912948907
-5,4,1.6500000000000001
-5,4,8.552755470026156
-5,4,8.219729320750524
-5,4,5.856222530728946
-5,4,2.735288351708933
-5,4,5.549902144605308
-5,4,3.2921189530554913
-5,4,5.123868527572351
-5,4,8.398147257726539
-5,4,4.921948224745808
-5,4,10.451438734346173
-5,4,1.6500000000000001
-5,4,3.2225769600571827
-5,4,5.8200475833845235
-5,4,2.454558244627311
-5,4,2.0838796065270113
-5,4,4.1304729839196375
-5,4,3.9198812806053884
-5,4,1.6500000000000001
-5,4,7.617771528450064
-5,4,3.429013482458119
-5,4,6.897730811450839
-5,4,3.620996995404246
-5,4,3.5078864892000534
-5,4,2.0610955292287367
-5,4,4.0567395221799645
-5,4,1.6500000000000001
-5,4,1.6500000000000001
-5,4,3.240184198940412
-5,4,1.6500000000000001
-5,4,1.6842675314116455
-5,4,4.3959816950780946
-5,4,6.420601529693174
-5,4,1.6500000000000001
-5,4,1.6500000000000001
-5,4,5.048491338961551
-5,4,3.2783406090752165
-5,4,5.887668142101683
-5,4,1.6500000000000001
-5,4,5.386569449796989
-5,4,4.308298020980019
-5,4,2.236907339033803
-5,4,6.99102834759702
-5,4,4.241281745510179
-5,4,6.386016234863801
-5,4,3.832821461092744
-6,4,1.6500000000000001
-6,4,2.1921681346276602
-6,4,4.939767686334548
-6,4,5.915644205250195
-6,4,6.477980996128524
-6,4,1.6500000000000001
-6,4,3.8377776604798197
-6,4,1.6500000000000001
-6,4,3.1430946992196063
-6,4,8.50260857762654
-6,4,4.513414044600151
-6,4,7.083960151422183
-6,4,1.6500000000000001
-6,4,4.350581424389235
-6,4,2.7691814059629616
-6,4,1.6500000000000001
-6,4,5.148262108182463
-6,4,4.3132992324236845
-6,4,3.035085472619641
-6,4,3.0909045913771687
-6,4,4.523460418875143
-6,4,3.8102781604441853
-6,4,4.9732082719620605
-6,4,1.6500000000000001
-6,4,1.6500000000000001
-6,4,10.033311715337835
-6,4,4.434225062574272
-6,4,7.679058157577002
-6,4,1.6500000000000001
-6,4,4.24521829183611
-6,4,8.383659849327634
-6,4,2.404907431227394
-6,4,3.0208704678377014
-6,4,4.435547582310835
-6,4,7.976339517860639
-6,4,1.6500000000000001
-6,4,4.609477757231198
-6,4,6.421417798877789
-6,4,3.563824257797662
-6,4,1.6500000000000001
-6,4,3.627917554477002
-6,4,8.070026358705451
-6,4,1.8065226084665138
-6,4,1.6500000000000001
-6,4,8.270226589770065
-6,4,7.342665285072189
-6,4,5.153449898516165
-6,4,4.319608806006687
-6,4,4.493318659072726
-6,4,3.817733931401982
-6,4,1.8469298621007937
-6,4,7.397739079523994
-6,4,6.047016689342537
-6,4,3.1110114426305366
-6,4,2.5534803859534776
-6,4,6.092644846888934
-6,4,1.6500000000000001
-6,4,1.6500000000000001
-6,4,5.454659781735096
-6,4,5.434104397201093
-6,4,2.85288914786769
-7,4,7.917249092006614
-7,4,1.6500000000000001
-7,4,2.1415017632711026
-7,4,6.789033967894063
-7,4,3.2295702014275918
-7,4,1.6500000000000001
-7,4,1.6500000000000001
-7,4,4.904036414052529
-7,4,3.974610389880546
-7,4,1.6500000000000001
-7,4,2.6867463263809106
-7,4,12.274076363631535
-7,4,7.055332219064644
-7,4,1.6500000000000001
-7,4,6.965034917307049
-7,4,4.344890497350687
-7,4,1.6500000000000001
-7,4,1.6500000000000001
-7,4,2.8426361241291125
-7,4,1.6500000000000001
-7,4,1.7597097449180374
-7,4,8.556054925181844
-7,4,5.602195919493679
-7,4,5.537384159698428
-7,4,1.6500000000000001
-7,4,4.257235655369994
-7,4,3.023840050891756
-7,4,1.6500000000000001
-7,4,3.7014712287509717
-7,4,1.8504752124899928
-7,4,3.029671119186945
-7,4,4.33273231370597
-7,4,1.6984617454488675
-7,4,7.797408739176371
-7,4,1.6500000000000001
-7,4,5.827580251937701
-7,4,6.036370665236099
-7,4,1.6500000000000001
-7,4,1.6500000000000001
-7,4,1.6500000000000001
-7,4,13.720636137182456
-7,4,5.980595979416185
-7,4,3.0315415854981236
-7,4,1.6500000000000001
-7,4,2.2857623552555584
-7,4,4.347906602607926
-7,4,3.052572182546774
-7,4,3.707757201699871
-7,4,2.860870940702018
-7,4,4.822540766331676
-7,4,8.731390701443438
-7,4,1.6500000000000001
-7,4,3.7191802507579235
-7,4,5.687514468104389
-7,4,1.6500000000000001
-7,4,1.6500000000000001
-7,4,8.176153590341713
-7,4,6.592057320279298
-7,4,5.122286497510514
-7,4,2.925059370760847
-7,4,8.869796571053522
-7,4,6.203648089896755
-8,4,4.16466622320457
-8,4,2.6863479074027845
-8,4,9.234987287689078
-8,4,4.544129703838861
-8,4,1.6500000000000001
-8,4,3.3522072411432307
-8,4,4.538581125809012
-8,4,1.6500000000000001
-8,4,5.716799017547878
-8,4,1.6500000000000001
-8,4,5.177240897317979
-8,4,2.065501421279614
-8,4,1.6683585397465217
-8,4,5.377476004998099
-8,4,4.749807863685431
-8,4,6.854274330525715
-8,4,1.6500000000000001
-8,4,3.6520764699156887
-8,4,4.188548125377195
-8,4,1.6500000000000001
-8,4,1.6500000000000001
-8,4,5.20429261531822
-8,4,6.795681994912975
-8,4,4.485606848993783
-8,4,2.954903567015564
-8,4,2.3293172514954303
-8,4,1.6500000000000001
-8,4,1.6500000000000001
-8,4,3.046859409300161
-8,4,2.1201153969877904
-8,4,4.28321561497372
-8,4,3.7032827117008154
-8,4,1.6500000000000001
-8,4,5.7742764269706335
-8,4,6.976944369092715
-8,4,3.14101384486405
-8,4,6.450924750519047
-8,4,4.364798381574314
-8,4,1.6500000000000001
-8,4,3.5171705519065974
-8,4,4.316302626577866
-8,4,3.0446990963644467
-8,4,1.6500000000000001
-8,4,3.708906326224275
-8,4,1.6500000000000001
-8,4,1.6500000000000001
-8,4,1.6500000000000001
-8,4,1.6500000000000001
-8,4,1.6820413276866835
-8,4,1.6500000000000001
-8,4,1.6500000000000001
-8,4,2.9582509875044485
-8,4,1.8407797135421897
-8,4,2.114905469017036
-8,4,6.619647214556398
-8,4,5.292526323910558
-8,4,1.6500000000000001
-8,4,1.6500000000000001
-8,4,2.021348959458362
-8,4,1.6500000000000001
-8,4,1.6500000000000001
-8,4,1.6500000000000001
-8,3,5.097563217000381
-8,3,8.134280767978343
-8,3,1.6500000000000001
-8,3,1.6500000000000001
-8,3,6.097598207468909
-8,3,1.6500000000000001
-8,3,4.396870678698869
-8,3,1.6500000000000001
-8,3,4.799937556322607
-8,3,1.6500000000000001
-8,3,2.17656502529377
-8,3,4.190641275059179
-8,3,5.420475110026058
-8,3,2.1566125712523534
-8,3,5.651032329420073
-8,3,2.808990704093254
-8,3,6.098457896747634
-8,3,5.106083457549434
-8,3,2.4652400918817916
-8,3,3.6819449732019542
-8,3,2.873868176019024
-8,3,2.3770721262980015
-8,3,1.8540461418645866
-8,3,2.333420180049962
-8,3,4.931688553927168
-8,3,1.6500000000000001
-8,3,6.469431436138189
-8,3,6.826201542828565
-8,3,7.103478109772718
-8,3,4.065339896578872
-8,3,1.6500000000000001
-8,3,4.447098001091513
-8,3,1.7982538452531327
-8,3,1.6500000000000001
-8,3,2.7906055712210804
-8,3,1.6500000000000001
-8,3,2.8838281669076773
-8,3,1.9913963616952621
-8,3,1.6500000000000001
-8,3,5.092081406005692
-8,3,3.3396522360742953
-8,3,5.719145854119527
-8,3,6.890833424329941
-8,3,3.4888758349616755
-8,3,4.002483834626111
-8,3,2.625519654944785
-8,3,4.747586780205003
-8,3,5.030420944404717
-8,3,3.949371553445554
-8,3,9.238371221564138
-8,3,5.6317825091939016
-8,3,1.6500000000000001
-8,3,1.6500000000000001
-8,3,1.6500000000000001
-8,3,1.7212630284119614
-8,3,4.835497074108509
-8,3,1.6500000000000001
-8,3,1.6500000000000001
-8,3,1.8515694537032332
-8,3,1.6500000000000001
-8,3,2.748715129912508
-8,2,2.07589993490774
-8,2,4.260411267946865
-8,2,1.6500000000000001
-8,2,4.586744011843134
-8,2,5.838031435724417
-8,2,3.3399312290205807
-8,2,3.8789166758747315
-8,2,1.6500000000000001
-8,2,4.098106415622661
-8,2,2.418540365046518
-8,2,1.6500000000000001
-8,2,1.6500000000000001
-8,2,4.758722509965584
-8,2,7.971319252162271
-8,2,2.6760755224584107
-8,2,2.8936467128878958
-8,2,3.692275310173797
-8,2,1.6500000000000001
-8,2,1.6500000000000001
-8,2,1.6500000000000001
-8,2,6.1951827058148
-8,2,1.6500000000000001
-8,2,1.6500000000000001
-8,2,4.951999938927845
-8,2,5.21027925168273
-8,2,5.551850138935075
-8,2,1.6500000000000001
-8,2,5.992956483788726
-8,2,3.231259092575171
-8,2,8.59532546872708
-8,2,2.808581818476507
-8,2,2.843702268561305
-8,2,4.518159753609209
-8,2,2.8448793731873687
-8,2,1.6500000000000001
-8,2,3.1157736504704068
-8,2,1.9730483196619186
-8,2,4.033757734818072
-8,2,2.544409992612443
-8,2,4.783845276212765
-8,2,3.2906942574496365
-8,2,1.6500000000000001
-8,2,4.377019717491196
-8,2,1.6500000000000001
-8,2,1.6500000000000001
-8,2,2.771310908192704
-8,2,7.025346755232383
-8,2,8.970553727791248
-8,2,4.24713125909147
-8,2,2.5382629752181742
-8,2,5.58571916658383
-8,2,3.1230279635988087
-8,2,5.72679594500212
-8,2,3.571680134492543
-8,2,2.327123763819432
-8,2,1.6500000000000001
-8,2,8.697793503489502
-8,2,2.2193210336661027
-8,2,2.8150272763425113
-8,2,2.1736960168722694
-8,2,5.930011653871535
-8,2,5.1793319059658725
-8,1,5.36518113846385
-8,1,1.6500000000000001
-8,1,2.6667237997335262
-8,1,1.6500000000000001
-8,1,1.6500000000000001
-8,1,6.803838534368374
-8,1,7.107734338410188
-8,1,1.6500000000000001
-8,1,7.553363707363129
-8,1,2.8698717326462644
-8,1,6.097203138712912
-8,1,6.731255600129835
-8,1,1.6500000000000001
-8,1,1.6500000000000001
-8,1,1.6500000000000001
-8,1,1.6500000000000001
-8,1,1.6500000000000001
-8,1,3.1256644912288767
-8,1,1.6500000000000001
-8,1,1.6500000000000001
-8,1,1.6500000000000001
-8,1,3.9029177764454923
-8,1,8.773835586051511
-8,1,3.546533330802512
-8,1,3.001567962342506
-8,1,3.386924973157567
-8,1,7.6963650543963205
-8,1,2.951206983788869
-8,1,3.756325913060798
-8,1,1.6500000000000001
-8,1,4.183918597392484
-8,1,4.712722367252313
-8,1,4.4232183241463545
-8,1,4.583221066122598
-8,1,1.6500000000000001
-8,1,4.51479388840888
-8,1,2.2640622170557667
-8,1,1.6500000000000001
-8,1,1.6894867081171552
-8,1,4.9353570271758995
-8,1,2.3386888582042413
-8,1,7.433918145670591
-8,1,3.974215181244958
-8,1,1.6500000000000001
-8,1,7.558679961198688
-8,1,4.798398822138271
-8,1,1.6500000000000001
-8,1,6.653584654741449
-8,1,1.9668938877863769
-8,1,2.8533475965631228
-8,1,4.373301686543826
-8,1,1.6500000000000001
-8,1,1.6500000000000001
-8,1,1.985783819824639
-8,1,2.4769049207503815
-8,1,1.6500000000000001
-8,1,7.17470012955113
-8,1,8.055288586248938
-8,1,7.163723016700471
-8,1,9.062016533876443
-8,1,1.6500000000000001
-8,2,4.914459052688633
-8,2,4.446783154410017
-8,2,4.041226745764203
-8,2,2.4466660736605466
-8,2,8.155909224734735
-8,2,5.475009162390562
-8,2,5.46182761486398
-8,2,2.456030826198634
-8,2,1.6500000000000001
-8,2,8.040898760532135
-8,2,2.039464779547983
-8,2,7.451985315077291
-8,2,5.641355602498245
-8,2,1.6500000000000001
-8,2,1.6500000000000001
-8,2,1.892288804015693
-8,2,4.211407318309366
-8,2,1.6500000000000001
-8,2,2.539709399918967
-8,2,5.476886359375868
-8,2,6.46542070800359
-8,2,3.7010057051178293
-8,2,3.506181779790351
-8,2,3.352432303244096
-8,2,7.4637355716050715
-8,2,4.950499564030561
-8,2,7.331243558630762
-8,2,10.30118403780878
-8,2,4.022232057810664
-8,2,1.6500000000000001
-8,2,5.958899799304209
-8,2,1.6500000000000001
-8,2,1.6500000000000001
-8,2,3.369788405029904
-8,2,6.093875689883323
-8,2,3.472544655797214
-8,2,7.107315566650328
-8,2,3.712464524701903
-8,2,8.052806428857043
-8,2,1.6500000000000001
-8,2,2.3460203798925963
-8,2,1.6500000000000001
-8,2,6.946081295544699
-8,2,6.470289800768428
-8,2,1.6500000000000001
-8,2,1.6500000000000001
-8,2,1.6500000000000001
-8,2,3.392021275186941
-8,2,2.698805247123407
-8,2,6.551114695731063
-8,2,4.3477954176165525
-8,2,3.2279646290410726
-8,2,1.6500000000000001
-8,2,2.1276024115659746
-8,2,1.6500000000000001
-8,2,3.0168866813535686
-8,2,5.746591954327623
-8,2,1.778119395029029
-8,2,1.6500000000000001
-8,2,5.902782106342292
-8,2,5.37304026649317
-8,2,1.6500000000000001
-8,1,2.055654366670744
-8,1,7.26382257775497
-8,1,4.536414630366661
-8,1,6.600485088885118
-8,1,7.9592119695804495
-8,1,3.841920511380699
-8,1,5.527724442178634
-8,1,1.9556229039120157
-8,1,2.252047146098666
-8,1,2.806025796932123
-8,1,4.7297831539654345
-8,1,2.2066854954514623
-8,1,1.6500000000000001
-8,1,5.4645472070318775
-8,1,5.0020879208720626
-8,1,4.587688565880181
-8,1,2.1943938051588088
-8,1,5.459484350519588
-8,1,3.3777125982782614
-8,1,1.6500000000000001
-8,1,2.009959360664616
-8,1,5.010068104812231
-8,1,1.6500000000000001
-8,1,7.012045779096802
-8,1,1.6500000000000001
-8,1,2.9905671203889086
-8,1,1.6500000000000001
-8,1,1.6500000000000001
-8,1,8.198185234232731
-8,1,3.3067202889851837
-8,1,1.9720610240702676
-8,1,6.318961786500708
-8,1,4.761820540135722
-8,1,3.3292885961384404
-8,1,3.284294155362923
-8,1,1.6500000000000001
-8,1,1.6500000000000001
-8,1,2.982309022688262
-8,1,3.932487635558509
-8,1,5.094639597174451
-8,1,4.728957038955311
-8,1,4.054965258520435
-8,1,2.2183463269724855
-8,1,1.6500000000000001
-8,1,5.827061502969043
-8,1,3.681473950344622
-8,1,7.387086348864211
-8,1,5.157183609528481
-8,1,2.3597571790511442
-8,1,2.5275137417542757
-8,1,2.3222404790823896
-8,1,2.909819427035728
-8,1,1.6500000000000001
-8,1,5.297045047512695
-8,1,4.981118043433386
-8,1,1.6500000000000001
-8,1,2.9733550398134327
-8,1,1.6611925144459678
-8,1,2.7377941446812555
-8,1,5.887337142640392
-8,1,2.2676098213677234
-8,1,4.9895184515905076
-7,1,1.6500000000000001
-7,1,3.030763094520024
-7,1,1.6500000000000001
-7,1,5.132085465268334
-7,1,3.875997963140582
-7,1,2.794209560214027
-7,1,7.526538169201169
-7,1,2.813243389521833
-7,1,1.6500000000000001
-7,1,1.6500000000000001
-7,1,3.801131566512894
-7,1,3.1655647868915118
-7,1,1.6500000000000001
-7,1,4.836878710732972
-7,1,1.6500000000000001
-7,1,4.604256703881958
-7,1,9.617081070482898
-7,1,4.843819368300669
-7,1,3.7122779573098272
-7,1,7.481471843242294
-7,1,2.8928511981856966
-7,1,5.3967124248621845
-7,1,6.054127836358881
-7,1,1.6500000000000001
-7,1,6.075376354120555
-7,1,8.466256238353406
-7,1,6.4717507397416645
-7,1,7.565159855932382
-7,1,1.6500000000000001
-7,1,8.49231096895215
-7,1,1.6500000000000001
-7,1,2.658563325516332
-7,1,5.333768348316549
-7,1,1.6500000000000001
-7,1,8.66824547122736
-7,1,4.737409306236197
-7,1,1.6500000000000001
-7,1,9.570119282833236
-7,1,3.769807022293463
-7,1,5.125724234571745
-7,1,8.229025567322724
-7,1,6.154284705089859
-7,1,2.195578637667187
-7,1,1.8613772648898137
-7,1,8.712049162566926
-7,1,1.6500000000000001
-7,1,2.3332867941405397
-7,1,4.628129394566031
-7,1,1.6500000000000001
-7,1,3.8777344809771415
-7,1,4.905472964707703
-7,1,4.6635502611377735
-7,1,6.937699975990419
-7,1,4.392672977817379
-7,1,1.6500000000000001
-7,1,1.6500000000000001
-7,1,7.91138902472018
-7,1,9.403378111690234
-7,1,1.6500000000000001
-7,1,11.399663004497821
-7,1,4.591279164033749
-7,0,4.659242017007059
-7,0,3.9907023182203605
-7,0,8.59615930444985
-7,0,7.910760492371532
-7,0,5.89906563202854
-7,0,1.6500000000000001
-7,0,7.984615618372066
-7,0,1.6500000000000001
-7,0,1.9139370425957472
-7,0,1.6500000000000001
-7,0,1.6500000000000001
-7,0,1.6500000000000001
-7,0,1.6500000000000001
-7,0,1.6500000000000001
-7,0,6.2292871410400945
-7,0,1.6500000000000001
-7,0,9.242620533030768
-7,0,1.6500000000000001
-7,0,2.0891457676652836
-7,0,1.6500000000000001
-7,0,7.808877279182225
-7,0,1.6500000000000001
-7,0,1.6500000000000001
-7,0,1.7877796610627352
-7,0,3.2995884238410347
-7,0,1.6500000000000001
-7,0,1.6500000000000001
-7,0,5.037480725927133
-7,0,5.694105341894121
-7,0,8.24147912107768
-7,0,9.898344126109459
-7,0,1.6500000000000001
-7,0,4.237131354526109
-7,0,5.523223924698665
-7,0,5.284945253737851
-7,0,4.34414007363175
-7,0,5.422995063728729
-7,0,4.924122286844568
-7,0,2.78215196998139
-7,0,3.3614971897517045
-7,0,10.933463933474933
-7,0,1.6500000000000001
-7,0,1.9618934920956879
-7,0,4.658542311404508
-7,0,1.8323227070698553
-7,0,3.5356655141864084
-7,0,5.02947770287012
-7,0,10.030278830378283
-7,0,1.8987710934420374
-7,0,7.080699576840584
-7,0,7.1791069245390755
-7,0,4.066015521723249
-7,0,7.08361557862517
-7,0,5.139727809021044
-7,0,1.6500000000000001
-7,0,1.8743786213654525
-7,0,1.6500000000000001
-7,0,6.4012992974543055
-7,0,3.6829776737126823
-7,0,9.267961272965545
-7,0,2.690131417813511
-7,0,8.615610877228534
-7,1,6.4680626462848725
-7,1,4.833025597172028
-7,1,2.45216283580444
-7,1,8.609180195694545
-7,1,8.004576162072755
-7,1,6.292888827899059
-7,1,5.224005489384926
-7,1,1.6500000000000001
-7,1,3.2834874888121006
-7,1,3.8155486556882194
-7,1,3.2578655395659157
-7,1,2.686483629362859
-7,1,2.6395458032338937
-7,1,2.2733102151676396
-7,1,1.6500000000000001
-7,1,2.6932795111055072
-7,1,5.96134208348335
-7,1,1.7439050064935069
-7,1,5.457982889553106
-7,1,6.601323979864118
-7,1,1.6500000000000001
-7,1,3.7117609158290827
-7,1,1.6500000000000001
-7,1,6.861976065506891
-7,1,6.16850236363952
-7,1,6.282138121706684
-7,1,7.06600225689885
-7,1,2.9278275427847196
-7,1,5.116652304964154
-7,1,7.6474414995545335
-7,1,4.062355108811428
-7,1,3.316118263801081
-7,1,5.554634222849036
-7,1,3.4924668005399533
-7,1,6.800755114861664
-7,1,1.6500000000000001
-7,1,3.466501575503846
-7,1,6.952371592658638
-7,1,4.227508989434387
-7,1,3.141938195025576
-7,1,7.389809658010493
-7,1,5.7625667810259875
-7,1,6.310896777271566
-7,1,1.8066886359249008
-7,1,2.008165269467
-7,1,7.236999418408612
-7,1,2.975339873774257
-7,1,5.2450695631644475
-7,1,5.481422751374586
-7,1,1.6500000000000001
-7,1,5.168301866336869
-7,1,8.70985848413222
-7,1,6.129081518418359
-7,1,6.935379131715365
-7,1,1.6500000000000001
-7,1,5.398153971124656
-7,1,4.401059468134059
-7,1,5.173261859528022
-7,1,6.8797621482331355
-7,1,4.800623169598987
-7,1,7.469456007058135
-7,0,1.6500000000000001
-7,0,4.544470627265824
-7,0,5.03731559967228
-7,0,2.346273641218842
-7,0,7.672600781213012
-7,0,5.9992643980747316
-7,0,1.6500000000000001
-7,0,4.814376462093074
-7,0,3.5195361465214896
-7,0,4.021167715836227
-7,0,2.5756366162708675
-7,0,1.6500000000000001
-7,0,4.437337288457224
-7,0,1.6500000000000001
-7,0,4.683591589469246
-7,0,6.296503133156453
-7,0,8.272073197663092
-7,0,6.093779690283415
-7,0,7.001333964852721
-7,0,2.2263076699388344
-7,0,3.6304706364368577
-7,0,1.6500000000000001
-7,0,1.8952763681963478
-7,0,5.84080822219288
-7,0,2.8155778526516793
-7,0,1.6500000000000001
-7,0,5.005610084424855
-7,0,2.7763942767905387
-7,0,5.368266752179993
-7,0,7.460015996573867
-7,0,2.2601262949801004
-7,0,6.594598427800943
-7,0,5.876664980810563
-7,0,4.127715082895321
-7,0,4.08044928621384
-7,0,7.47327888281994
-7,0,9.23019659116893
-7,0,7.1645369661514025
-7,0,1.6500000000000001
-7,0,3.506322870016282
-7,0,7.070356393273608
-7,0,5.841590145454186
-7,0,5.231802871172099
-7,0,2.5245578280857686
-7,0,6.7658564031941175
-7,0,1.6500000000000001
-7,0,1.6500000000000001
-7,0,5.4035273744839705
-7,0,4.239130088801227
-7,0,3.469726354644836
-7,0,4.897166326613813
-7,0,5.931799848945346
-7,0,2.5865298848421596
-7,0,2.1767625012262917
-7,0,7.659282195373189
-7,0,1.7401627228533407
-7,0,1.6500000000000001
-7,0,2.1172156219649203
-7,0,5.695028755331604
-7,0,3.5002320624674996
-7,0,7.1863580120625015
-7,0,2.002300434562275
-7,-1,3.4307191271145965
-7,-1,1.6500000000000001
-7,-1,7.334096942249259
-7,-1,4.1444657267089156
-7,-1,1.6500000000000001
-7,-1,1.6500000000000001
-7,-1,5.727947963799221
-7,-1,2.89930723044305
-7,-1,1.6500000000000001
-7,-1,4.576118027948719
-7,-1,8.169815072368948
-7,-1,3.58437317474016
-7,-1,4.642430787331379
-7,-1,1.6500000000000001
-7,-1,5.907619241491693
-7,-1,6.067219193435611
-7,-1,10.047807698949011
-7,-1,1.7331428472364532
-7,-1,10.452055099140967
-7,-1,2.194153184242454
-7,-1,7.34020770461307
-7,-1,3.4710284404610166
-7,-1,4.493062629570275
-7,-1,1.6500000000000001
-7,-1,1.6500000000000001
-7,-1,4.931191376951147
-7,-1,6.114424329208292
-7,-1,5.45003677574373
-7,-1,8.076377039007767
-7,-1,1.6500000000000001
-7,-1,2.459382710561244
-7,-1,2.813744065431199
-7,-1,6.3870848471399295
-7,-1,11.343247527043733
-7,-1,3.173673236230391
-7,-1,6.501032752796828
-7,-1,5.363250008204138
-7,-1,1.6500000000000001
-7,-1,1.6500000000000001
-7,-1,5.739097047514447
-7,-1,5.598554937522373
-7,-1,6.461761465197347
-7,-1,1.6500000000000001
-7,-1,3.2244350881553245
-7,-1,2.979627879011989
-7,-1,1.6500000000000001
-7,-1,5.64904829847874
-7,-1,6.583529869255758
-7,-1,5.715408379327694
-7,-1,1.6500000000000001
-7,-1,5.326628505937457
-7,-1,3.234097680102024
-7,-1,1.6500000000000001
-7,-1,3.9723329942625965
-7,-1,4.001775051020659
-7,-1,6.029179424902983
-7,-1,4.7496275011688365
-7,-1,1.6500000000000001
-7,-1,6.2570179103141985
-7,-1,2.2419007008419234
-7,-1,3.530230071255456
-7,-1,6.02440001984762
-6,-1,5.6696879859520894
-6,-1,1.6500000000000001
-6,-1,2.8965038191658583
-6,-1,5.13411159332699
-6,-1,7.302317232237372
-6,-1,4.710714980173077
-6,-1,2.7092649440453553
-6,-1,1.663737992384337
-6,-1,4.234531718628064
-6,-1,6.563905493007983
-6,-1,2.5872567637148642
-6,-1,4.995622818950601
-6,-1,4.956584173820249
-6,-1,5.099068562796135
-6,-1,3.3096952235121675
-6,-1,4.480718851330533
-6,-1,3.405319758303947
-6,-1,6.399098323536657
-6,-1,6.304369690295417
-6,-1,1.6500000000000001
-6,-1,12.486204946828597
-6,-1,7.0711318950411215
-6,-1,7.813253566108314
-6,-1,4.230693509040717
-6,-1,1.6500000000000001
-6,-1,1.6500000000000001
-6,-1,1.6500000000000001
-6,-1,2.8299908871367863
-6,-1,4.141986661696708
-6,-1,1.717413343822809
-6,-1,1.803021402284593
-6,-1,3.3441038389876474
-6,-1,1.6500000000000001
-6,-1,1.6500000000000001
-6,-1,1.6500000000000001
-6,-1,3.1800142130767775
-6,-1,2.48202989375436
-6,-1,1.6500000000000001
-6,-1,6.290545638943532
-6,-1,1.6500000000000001
-6,-1,6.859687838003123
-6,-1,6.758595757088729
-6,-1,2.3443488365365313
-6,-1,1.6500000000000001
-6,-1,4.44036454745717
-6,-1,7.016660063574483
-6,-1,6.110576663214944
-6,-1,3.172591986990068
-6,-1,1.6500000000000001
-6,-1,1.6500000000000001
-6,-1,3.416916710772174
-6,-1,6.061102288447135
-6,-1,6.104306767659926
-6,-1,7.8519668847593085
-6,-1,2.3045219336823344
-6,-1,3.5611804219248224
-6,-1,1.8597694917259646
-6,-1,1.6500000000000001
-6,-1,4.191885352118783
-6,-1,7.537902537408845
-6,-1,4.222157367851204
-6,-2,1.6500000000000001
-6,-2,7.715503158071104
-6,-2,2.8686546776992703
-6,-2,8.193386049794386
-6,-2,2.601614148744478
-6,-2,1.6500000000000001
-6,-2,2.0752082811808226
-6,-2,7.721239905181964
-6,-2,1.6500000000000001
-6,-2,3.0136245423259496
-6,-2,1.6500000000000001
-6,-2,1.6500000000000001
-6,-2,1.6500000000000001
-6,-2,3.925627480764201
-6,-2,5.084744981199895
-6,-2,11.792819739025523
-6,-2,4.821186872993556
-6,-2,5.8346010592206365
-6,-2,1.6500000000000001
-6,-2,5.679404852347329
-6,-2,1.6500000000000001
-6,-2,4.214533546833822
-6,-2,6.124687605461128
-6,-2,6.661649505604121
-6,-2,2.8593221287858874
-6,-2,1.6500000000000001
-6,-2,6.548499484250081
-6,-2,3.6182183104659047
-6,-2,10.149313056005333
-6,-2,1.6500000000000001
-6,-2,2.9204900517013828
-6,-2,7.280662048527365
-6,-2,6.553544832990298
-6,-2,5.764431999576518
-6,-2,1.6500000000000001
-6,-2,8.87832349153104
-6,-2,1.6500000000000001
-6,-2,6.911699206496572
-6,-2,1.6500000000000001
-6,-2,1.6500000000000001
-6,-2,1.7452989146262423
-6,-2,4.3755127623888015
-6,-2,7.669744688682654
-6,-2,2.186806051768291
-6,-2,3.6202526892881517
-6,-2,1.6731702743547836
-6,-2,3.112774584661312
-6,-2,8.649936103105759
-6,-2,5.6815811085833134
-6,-2,3.7178745719056496
-6,-2,3.809221413367659
-6,-2,3.1476340617096605
-6,-2,7.5022608044870935
-6,-2,1.6500000000000001
-6,-2,3.9526789566431066
-6,-2,5.095993230873734
-6,-2,2.584381600909638
-6,-2,5.274726698094966
-6,-2,2.5003871275705687
-6,-2,1.6500000000000001
-6,-2,5.386144483210803
-6,-2,2.5539757396073646
-6,-3,8.547938202320726
-6,-3,2.4939999424476413
-6,-3,5.804269690339171
-6,-3,4.141227467804284
-6,-3,7.315694838716485
-6,-3,5.704161773201257
-6,-3,3.7373761741475207
-6,-3,1.6500000000000001
-6,-3,4.250812636339245
-6,-3,5.897865641831087
-6,-3,4.604817953387937
-6,-3,4.512516666343395
-6,-3,4.26744634962151
-6,-3,2.3530427042615054
-6,-3,6.721392997427562
-6,-3,6.535921480158517
-6,-3,1.6500000000000001
-6,-3,6.751878765549975
-6,-3,7.831839990003088
-6,-3,1.6500000000000001
-6,-3,1.6500000000000001
-6,-3,9.470368178569476
-6,-3,2.4091614636775343
-6,-3,4.251911931054199
-6,-3,4.218790311505498
-6,-3,4.906325956254032
-6,-3,3.9117933110427487
-6,-3,1.9321761577080874
-6,-3,1.7866088155802133
-6,-3,2.8424795032101278
-6,-3,7.015959754481127
-6,-3,2.7363442806670815
-6,-3,2.3391747203923945
-6,-3,2.447508261955507
-6,-3,3.0226020524899186
-6,-3,2.6220707626472937
-6,-3,4.808086364257845
-6,-3,3.4162744752968672
-6,-3,5.631473954255167
-6,-3,9.96890698550429
-6,-3,3.5014145742964344
-6,-3,9.509915665498083
-6,-3,4.62740180314595
-6,-3,1.6500000000000001
-6,-3,4.186160944530311
-6,-3,8.8586048882873
-6,-3,9.03072859937824
-6,-3,6.588428397084286
-6,-3,1.7355960754050765
-6,-3,1.6500000000000001
-6,-3,1.6500000000000001
-6,-3,1.6500000000000001
-6,-3,2.215418488113953
-6,-3,1.6500000000000001
-6,-3,4.438856558484941
-6,-3,1.6500000000000001
-6,-3,7.670800534046062
-6,-3,1.6500000000000001
-6,-3,3.373893573712945
-6,-3,2.00729323374393
-6,-3,6.481703195842121
-6,-4,4.676883584739726
-6,-4,4.888300697640618
-6,-4,2.663621933098
-6,-4,4.1072105908360665
-6,-4,4.38564299252062
-6,-4,5.119857136493156
-6,-4,1.6500000000000001
-6,-4,1.6500000000000001
-6,-4,3.499825118666628
-6,-4,4.238022445399113
-6,-4,1.6500000000000001
-6,-4,7.071973411602257
-6,-4,3.8209434716310176
-6,-4,2.2443141847444084
-6,-4,4.0497734006430255
-6,-4,6.300479964698589
-6,-4,2.84277601427471
-6,-4,6.605852534333879
-6,-4,1.9240386551830133
-6,-4,5.623383654429581
-6,-4,1.9338142275469539
-6,-4,1.6500000000000001
-6,-4,5.938624237194951
-6,-4,1.6500000000000001
-6,-4,5.098131707785157
-6,-4,5.700826968566543
-6,-4,1.6500000000000001
-6,-4,6.695463168954747
-6,-4,5.031137481388784
-6,-4,8.393775116831213
-6,-4,3.0426485928230624
-6,-4,1.6500000000000001
-6,-4,1.7800687301806464
-6,-4,5.196081065752753
-6,-4,6.8571548011104095
-6,-4,4.5025102144889395
-6,-4,4.380098702574313
-6,-4,3.2662014117008593
-6,-4,3.929498183807222
-6,-4,4.364664010948893
-6,-4,2.5647579247142422
-6,-4,5.477592508492572
-6,-4,3.1612020591812366
-6,-4,1.9969475641283367
-6,-4,8.97386896047354
-6,-4,6.967061404208961
-6,-4,4.762385720971972
-6,-4,2.3348330297665973
-6,-4,1.6500000000000001
-6,-4,5.732712677336382
-6,-4,1.6500000000000001
-6,-4,3.6025963466441087
-6,-4,3.804897914660127
-6,-4,4.582233756485741
-6,-4,5.533232516653706
-6,-4,1.6500000000000001
-6,-4,2.8405090002066933
-6,-4,3.8714414636700205
-6,-4,5.988459759207725
-6,-4,4.493753388057727
-6,-4,6.46844590358553
-6,-4,3.582890205409946
-5,-4,7.655595630073337
-5,-4,5.744242576185073
-5,-4,7.4029595133881525
-5,-4,1.6931110666791325
-5,-4,7.686117652246217
-5,-4,6.420862242030315
-5,-4,2.224709752115979
-5,-4,1.6500000000000001
-5,-4,4.203129371209382
-5,-4,5.7401773836058965
-5,-4,1.6500000000000001
-5,-4,6.810416259553616
-5,-4,5.280326873701221
-5,-4,1.6500000000000001
-5,-4,7.74365407428348
-5,-4,5.441298787047212
-5,-4,4.0796116805856135
-5,-4,4.805450481315971
-5,-4,1.6500000000000001
-5,-4,8.7556430343968
-5,-4,5.102665360854555
-5,-4,6.140558120817254
-5,-4,6.209862240279844
-5,-4,8.145279512401416
-5,-4,2.4972036977867482
-5,-4,3.4744108514061005
-5,-4,3.063131794871799
-5,-4,1.6500000000000001
-5,-4,1.6500000000000001
-5,-4,4.587653757003244
-5,-4,1.6500000000000001
-5,-4,4.020002936810191
-5,-4,7.7258382421000675
-5,-4,1.9448278548744702
-5,-4,6.914547727826832
-5,-4,1.6500000000000001
-5,-4,4.279029452909037
-5,-4,5.692300764013521
-5,-4,3.454276879037579
-5,-4,5.653050107064942
-5,-4,3.283228133370954
-5,-4,2.854535019469374
-5,-4,4.583416150790635
-5,-4,3.6979154166688315
-5,-4,4.317980440199382
-5,-4,1.6500000000000001
-5,-4,2.7923700090314814
-5,-4,10.605447373007667
-5,-4,6.811470904881807
-5,-4,4.54306636193242
-5,-4,3.3617216897852535
-5,-4,5.927054998700414
-5,-4,8.126227577553772
-5,-4,2.618318934706621
-5,-4,4.560342546084996
-5,-4,1.6500000000000001
-5,-4,8.238910267414047
-5,-4,6.525916521739279
-5,-4,4.969389304546872
-5,-4,7.3587970882400064
-5,-4,2.4244377637349483
-5,-4,6.0951513804734105
-5,-5,1.6717171955599637
-5,-5,6.4585002794869055
-5,-5,1.6500000000000001
-5,-5,1.6500000000000001
-5,-5,4.694372649570026
-5,-5,2.380486451402851
-5,-5,2.3423842352189315
-5,-5,7.604660897317469
-5,-5,2.442597942573336
-5,-5,6.9718098869789324
-5,-5,3.6554375588797074
-5,-5,6.2425989488974425
-5,-5,1.6500000000000001
-5,-5,1.6500000000000001
-5,-5,3.4675311008546132
-5,-5,1.6500000000000001
-5,-5,6.043367979428196
-5,-5,1.6500000000000001
-5,-5,6.9148224213752965
-5,-5,7.177835360836328
-5,-5,2.9891770902702692
-5,-5,7.901871055939337
-5,-5,4.75365990421189
-5,-5,3.5707352481380354
-5,-5,1.6500000000000001
-5,-5,1.6500000000000001
-5,-5,7.944787595332748
-5,-5,3.4979407396992075
-5,-5,1.6500000000000001
-5,-5,9.205011686171272
-5,-5,7.421010390401685
-5,-5,1.6500000000000001
-5,-5,2.490528013791049
-5,-5,2.8895739295869416
-5,-5,2.614678771608254
-5,-5,3.680836170164219
-5,-5,2.82416833502866
-5,-5,3.4947438017339074
-5,-5,3.5546607496429483
-5,-5,4.690572127302173
-5,-5,6.153205809162344
-5,-5,2.4191292787890624
-5,-5,5.638342758454683
-5,-5,6.522469135627011
-5,-5,1.6500000000000001
-5,-5,3.3844256383823117
-5,-5,4.261015688170326
-5,-5,5.383501915773159
-5,-5,2.3804268156732533
-5,-5,2.4328457920302173
-5,-5,7.0903585831384675
-5,-5,4.711879229577916
-5,-5,1.6500000000000001
-5,-5,4.147252227804262
-5,-5,6.269997783964939
-5,-5,6.039267103993248
-5,-5,6.865281110751997
-5,-5,3.3375731428853515
-5,-5,2.80127882459989
-5,-5,1.6500000000000001
-5,-5,8.65421717823104
-5,-4,1.6500000000000001
-5,-4,2.187606396745032
-5,-4,1.6500000000000001
-5,-4,3.8992466671942196
-5,-4,4.765409180386392
-5,-4,5.634556545721343
-5,-4,5.359556155211831
-5,-4,3.172287720314345
-5,-4,4.225451277538575
-5,-4,3.4718412015859346
-5,-4,1.6500000000000001
-5,-4,3.32897161727021
-5,-4,5.797862724171049
-5,-4,7.472951383121115
-5,-4,3.280559748630112
-5,-4,1.6500000000000001
-5,-4,3.81915674553142
-5,-4,1.6500000000000001
-5,-4,2.328365324274868
-5,-4,2.5731345689589014
-5,-4,3.1017733861674457
-5,-4,2.9077158060092496
-5,-4,5.847591920725118
-5,-4,7.354612865128907
-5,-4,4.608175901490605
-5,-4,3.802981255939376
-5,-4,5.009674729897105
-5,-4,5.431821762370819
-5,-4,4.845595098293249
-5,-4,4.596760717821029
-5,-4,1.6500000000000001
-5,-4,1.6500000000000001
-5,-4,2.2867242635063008
-5,-4,1.6500000000000001
-5,-4,1.6500000000000001
-5,-4,6.358784733291141
-5,-4,4.806643187934637
-5,-4,5.282676904303607
-5,-4,4.766198234160012
-5,-4,3.57493181082943
-5,-4,1.6500000000000001
-5,-4,8.24480223953637
-5,-4,3.253050050138135
-5,-4,1.7293429608928639
-5,-4,1.6500000000000001
-5,-4,4.755115408873916
-5,-4,3.193004107860726
-5,-4,3.6262775386444464
-5,-4,2.9145273420598605
-5,-4,4.896369109564954
-5,-4,6.199059439217039
-5,-4,5.199685386370653
-5,-4,1.681210546279282
-5,-4,2.710068995864371
-5,-4,5.298056423217405
-5,-4,1.766429615127074
-5,-4,6.0366583325536265
-5,-4,4.861915980949279
-5,-4,3.8920864223098546
-5,-4,1.6500000000000001
-5,-4,1.6500000000000001
-5,-4,7.419863222140515
-5,-5,3.5792477994966196
-5,-5,2.5465949371770957
-5,-5,2.3920401467445953
-5,-5,8.119445603851668
-5,-5,5.584528551105069
-5,-5,3.8902628272082014
-5,-5,3.221090152312463
-5,-5,2.5979083077388947
-5,-5,4.418523882123629
-5,-5,1.7647718503241439
-5,-5,1.6500000000000001
-5,-5,3.195978289486847
-5,-5,3.406443634693343
-5,-5,1.6500000000000001
-5,-5,1.7369712314962598
-5,-5,4.990537505738074
-5,-5,1.6500000000000001
-5,-5,2.9454851397266943
-5,-5,7.369599041299635
-5,-5,2.141071941333667
-5,-5,1.6500000000000001
-5,-5,7.835214607774011
-5,-5,3.5899858720596933
-5,-5,1.6500000000000001
-5,-5,1.6500000000000001
-5,-5,1.6500000000000001
-5,-5,1.6500000000000001
-5,-5,2.0051837269110226
-5,-5,4.354797511755551
-5,-5,7.686320377582579
-5,-5,2.808673545683159
-5,-5,7.55092659821307
-5,-5,1.856152023187391
-5,-5,3.3139072062580452
-5,-5,4.505354383734277
-5,-5,5.510055024425331
-5,-5,2.3258599584064417
-5,-5,5.640468255400114
-5,-5,4.788895425921378
-5,-5,3.5995696346554804
-5,-5,1.6500000000000001
-5,-5,5.754072537916205
-5,-5,7.474978791871811
-5,-5,4.717113681488025
-5,-5,1.6500000000000001
-5,-5,2.4128196715289727
-5,-5,1.6500000000000001
-5,-5,3.3013968398146964
-5,-5,4.6697182581102865
-5,-5,3.204941946085277
-5,-5,1.6500000000000001
-5,-5,1.6500000000000001
-5,-5,4.180457864288143
-5,-5,3.4729198148327236
-5,-5,1.8393538817546435
-5,-5,1.6500000000000001
-5,-5,1.7762935990413515
-5,-5,2.9049238751300184
-5,-5,1.6500000000000001
-5,-5,2.6057513635716933
-5,-5,9.08475942598615
-5,-5,3.136772384309273
-5,-6,1.6500000000000001
-5,-6,7.643929974096903
-5,-6,1.6500000000000001
-5,-6,1.6500000000000001
-5,-6,6.968760529283608
-5,-6,1.6500000000000001
-5,-6,4.720560300645211
-5,-6,1.6500000000000001
-5,-6,3.0087585450362564
-5,-6,5.890967758807692
-5,-6,3.3063018114145906
-5,-6,2.133831894917999
-5,-6,1.6500000000000001
-5,-6,3.471678880566361
-5,-6,1.6500000000000001
-5,-6,7.098406310337209
-5,-6,3.890033331705005
-5,-6,1.6500000000000001
-5,-6,7.1039436530717595
-5,-6,1.6500000000000001
-5,-6,6.7364125000299495
-5,-6,1.6500000000000001
-5,-6,3.771307217767359
-5,-6,4.126904298483403
-5,-6,4.88007622566064
-5,-6,1.6500000000000001
-5,-6,5.613840793964327
-5,-6,1.6500000000000001
-5,-6,1.7014984963138686
-5,-6,11.043733001773054
-5,-6,1.6500000000000001
-5,-6,6.69803715368888
-5,-6,7.476431266228172
-5,-6,3.0813715079989703
-5,-6,5.93531150983978
-5,-6,8.695992091121532
-5,-6,1.831346858613729
-5,-6,1.8385130856343657
-5,-6,1.6500000000000001
-5,-6,1.6500000000000001
-5,-6,3.871276181248594
-5,-6,12.619016454508785
-5,-6,6.078155673235806
-5,-6,4.066034172086148
-5,-6,4.84837955890612
-5,-6,5.463791120924758
-5,-6,1.782945946130289
-5,-6,5.1210025130051555
-5,-6,5.248911191673448
-5,-6,5.621562180153501
-5,-6,5.817539590727501
-5,-6,4.527514435846374
-5,-6,6.452551998049643
-5,-6,7.505995010047881
-5,-6,1.6500000000000001
-5,-6,2.562140593763071
-5,-6,4.4300393354733565
-5,-6,3.472896112393935
-5,-6,1.6500000000000001
-5,-6,1.6500000000000001
-5,-6,1.6500000000000001
-5,-7,2.5607710125904237
-5,-7,6.457137605235729
-5,-7,6.071955279261279
-5,-7,6.320103700523654
-5,-7,5.2826793619291355
-5,-7,2.90462862356872
-5,-7,3.2565827389894597
-5,-7,1.6500000000000001
-5,-7,3.874456391506289
-5,-7,2.0466023022434925
-5,-7,1.6500000000000001
-5,-7,2.878362998985774
-5,-7,2.6743306601487196
-5,-7,1.6500000000000001
-5,-7,1.6500000000000001
-5,-7,1.6500000000000001
-5,-7,3.265120482061256
-5,-7,3.6422079257981044
-5,-7,1.6500000000000001
-5,-7,1.6500000000000001
-5,-7,4.417736072581011
-5,-7,7.165441912482718
-5,-7,5.09381508978752
-5,-7,1.6500000000000001
-5,-7,2.551879549137209
-5,-7,5.865427734311382
-5,-7,1.6500000000000001
-5,-7,2.171258992199376
-5,-7,1.6500000000000001
-5,-7,2.171245286235572
-5,-7,10.066265523044674
-5,-7,2.3370551769149697
-5,-7,5.770738472748995
-5,-7,1.6500000000000001
-5,-7,1.6500000000000001
-5,-7,2.3119268652062073
-5,-7,1.6500000000000001
-5,-7,3.465529022280493
-5,-7,1.6500000000000001
-5,-7,8.647019764100259
-5,-7,8.088902992772612
-5,-7,3.1971853409155973
-5,-7,1.6500000000000001
-5,-7,4.833440684879921
-5,-7,10.353902548730368
-5,-7,2.8316904299730994
-5,-7,5.771634527029198
-5,-7,4.171512896164593
-5,-7,1.6500000000000001
-5,-7,1.6500000000000001
-5,-7,1.6500000000000001
-5,-7,1.6500000000000001
-5,-7,7.611936847206794
-5,-7,1.8333847440429922
-5,-7,1.6500000000000001
-5,-7,4.8357072760878586
-5,-7,2.486705459963111
-5,-7,3.037403395449939
-5,-7,1.6500000000000001
-5,-7,7.1171447351484165
-5,-7,6.179807704401444
-5,-7,2.6561516466026687
-5,-8,1.6500000000000001
-5,-8,1.6500000000000001
-5,-8,4.747052310118934
-5,-8,1.6500000000000001
-5,-8,6.749911330667203
-5,-8,3.634709378583512
-5,-8,2.5782253260729853
-5,-8,1.6500000000000001
-5,-8,2.5637198229575042
-5,-8,2.094949346396694
-5,-8,5.48679464966507
-5,-8,1.6500000000000001
-5,-8,3.913729939903128
-5,-8,1.6500000000000001
-5,-8,5.821475832531654
-5,-8,1.6500000000000001
-5,-8,4.161093053768168
-5,-8,2.8747412297598114
-5,-8,5.053523517403291
-5,-8,1.6500000000000001
-5,-8,4.212666052534271
-5,-8,3.5912926435000774
-5,-8,1.6500000000000001
-5,-8,3.036591541214414
-5,-8,1.6500000000000001
-5,-8,1.6500000000000001
-5,-8,1.6500000000000001
-5,-8,2.2447461323296487
-5,-8,2.44527025387348
-5,-8,5.18983942012804
-5,-8,1.6500000000000001
-5,-8,6.6545502160255054
-5,-8,4.731521226214285
-5,-8,1.6500000000000001
-5,-8,2.8602913670467394
-5,-8,2.359882694773422
-5,-8,3.6554809303804747
-5,-8,2.9064438789086386
-5,-8,1.6500000000000001
-5,-8,2.015969417046083
-5,-8,2.2213678259574823
-5,-8,7.987041124631622
-5,-8,3.283907373819077
-5,-8,1.6500000000000001
-5,-8,1.6500000000000001
-5,-8,6.23999312805249
-5,-8,1.6500000000000001
-5,-8,1.6500000000000001
-5,-8,1.6500000000000001
-5,-8,5.834068240631932
-5,-8,1.6500000000000001
-5,-8,2.656610598675796
-5,-8,5.450237929053539
-5,-8,1.6500000000000001
-5,-8,4.660010285278968
-5,-8,3.3414276739124933
-5,-8,5.4406190218698285
-5,-8,2.4524377701999427
-5,-8,1.6500000000000001
-5,-8,1.6500000000000001
-5,-8,1.6500000000000001
-4,-8,1.6500000000000001
-4,-8,6.557889189947503
-4,-8,1.7562045432201472
-4,-8,5.3356930045607935
-4,-8,2.161926678981839
-4,-8,6.087144385408643
-4,-8,1.6500000000000001
-4,-8,5.757592843725675
-4,-8,3.274981287786942
-4,-8,1.6500000000000001
-4,-8,1.6500000000000001
-4,-8,1.6500000000000001
-4,-8,6.773950275900978
-4,-8,3.642362801660356
-4,-8,1.6500000000000001
-4,-8,2.7954205641828294
-4,-8,1.6500000000000001
-4,-8,2.004326900144754
-4,-8,6.426952305066091
-4,-8,4.893949761010424
-4,-8,5.988442977496452
-4,-8,1.6500000000000001
-4,-8,7.994825856387335
-4,-8,1.91922956476719
-4,-8,1.6500000000000001
-4,-8,1.6500000000000001
-4,-8,3.908721474247086
-4,-8,5.536532123361566
-4,-8,3.260435603328564
-4,-8,1.6500000000000001
-4,-8,3.102468991203053
-4,-8,4.912854632665663
-4,-8,1.6500000000000001
-4,-8,1.763947474813088
-4,-8,8.3392370351391
-4,-8,1.6500000000000001
-4,-8,1.8823614319737088
-4,-8,2.657484799591948
-4,-8,2.702044747997386
-4,-8,1.6500000000000001
-4,-8,3.4221105706954997
-4,-8,3.1709690521926994
-4,-8,5.023656518385149
-4,-8,1.6500000000000001
-4,-8,4.979588092933749
-4,-8,1.6500000000000001
-4,-8,8.093466111001483
-4,-8,1.6500000000000001
-4,-8,2.4655579239379875
-4,-8,4.5259575872839015
-4,-8,5.332620727585007
-4,-8,11.775490100820525
-4,-8,7.184742752882416
-4,-8,1.7412134082995445
-4,-8,4.216332370606347
-4,-8,1.6500000000000001
-4,-8,1.7649987598203876
-4,-8,3.7704646006482383
-4,-8,2.9771197211907654
-4,-8,5.655253728237491
-4,-8,1.6500000000000001
-4,-8,3.9517633750927197
-3,-8,4.109597906982966
-3,-8,1.6500000000000001
-3,-8,3.1973987824712133
-3,-8,1.6500000000000001
-3,-8,1.6500000000000001
-3,-8,1.6500000000000001
-3,-8,2.4362439791195296
-3,-8,4.899438248760136
-3,-8,1.6500000000000001
-3,-8,6.2615368972773195
-3,-8,1.6500000000000001
-3,-8,1.6500000000000001
-3,-8,3.300719041007207
-3,-8,7.240297577308423
-3,-8,5.092827468266409
-3,-8,9.897540032980194
-3,-8,2.3870014496133964
-3,-8,1.6500000000000001
-3,-8,2.159623641501538
-3,-8,1.6500000000000001
-3,-8,5.526345361173403
-3,-8,2.45215574860765
-3,-8,5.369748441634636
-3,-8,1.6500000000000001
-3,-8,4.217733575014939
-3,-8,1.6500000000000001
-3,-8,6.46995424927632
-3,-8,3.6201340831046442
-3,-8,3.099440916793454
-3,-8,5.975327654260516
-3,-8,3.1832995922857927
-3,-8,4.87048821655698
-3,-8,2.9083640256797274
-3,-8,3.6001826215526176
-3,-8,4.869164965375846
-3,-8,1.6500000000000001
-3,-8,2.1329019957313182
-3,-8,1.6500000000000001
-3,-8,7.478677767153884
-3,-8,6.5775250582432
-3,-8,1.6500000000000001
-3,-8,2.9421395433226545
-3,-8,4.339376525222714
-3,-8,1.6500000000000001
-3,-8,1.6500000000000001
-3,-8,2.8972936694538607
-3,-8,3.5018689898888895
-3,-8,3.334725458662063
-3,-8,1.6500000000000001
-3,-8,1.6500000000000001
-3,-8,1.6500000000000001
-3,-8,1.6500000000000001
-3,-8,3.8061737548603496
-3,-8,1.6500000000000001
-3,-8,4.377141302245358
-3,-8,3.810732197213911
-3,-8,1.6500000000000001
-3,-8,1.6500000000000001
-3,-8,1.6500000000000001
-3,-8,1.6500000000000001
-3,-8,5.813806635315669
-3,-8,1.6500000000000001
-3,-9,1.6500000000000001
-3,-9,2.2979199231600007
-3,-9,1.6500000000000001
-3,-9,6.371206606262435
-3,-9,10.598796814039618
-3,-9,3.2635431343349106
-3,-9,1.6500000000000001
-3,-9,1.6500000000000001
-3,-9,2.6594739906722373
-3,-9,1.6500000000000001
-3,-9,1.6500000000000001
-3,-9,3.2661585428156927
-3,-9,7.746476274981982
-3,-9,3.337343204934727
-3,-9,4.139524005841169
-3,-9,1.6500000000000001
-3,-9,4.385989767626477
-3,-9,7.032944578204397
-3,-9,3.4297096076602633
-3,-9,2.6697083333102496
-3,-9,1.6500000000000001
-3,-9,1.6500000000000001
-3,-9,1.6500000000000001
-3,-9,1.6500000000000001
-3,-9,5.065944691898631
-3,-9,2.2043034112955535
-3,-9,5.380049514910009
-3,-9,1.6500000000000001
-3,-9,4.0728646579792995
-3,-9,1.6732347152702292
-3,-9,3.9688432226691774
-3,-9,5.84408098616033
-3,-9,3.6046455697692257
-3,-9,1.6500000000000001
-3,-9,1.6500000000000001
-3,-9,1.6500000000000001
-3,-9,1.6500000000000001
-3,-9,3.9926676498908282
-3,-9,1.6500000000000001
-3,-9,6.6979748477357735
-3,-9,5.230257184001397
-3,-9,3.7581745412224405
-3,-9,1.6500000000000001
-3,-9,1.6500000000000001
-3,-9,1.6500000000000001
-3,-9,5.744212979067308
-3,-9,4.998687456390318
-3,-9,7.075417488924658
-3,-9,6.1809623934805025
-3,-9,3.0701807857001704
-3,-9,1.6500000000000001
-3,-9,1.6500000000000001
-3,-9,1.6500000000000001
-3,-9,3.2042040265887026
-3,-9,6.216684879618873
-3,-9,2.0076839449999953
-3,-9,2.129365479716503
-3,-9,2.2835715001491907
-3,-9,1.6500000000000001
-3,-9,5.862355955387569
-3,-9,1.6500000000000001
-3,-10,1.6500000000000001
-3,-10,1.7465088159857496
-3,-10,2.309930300396625
-3,-10,1.6500000000000001
-3,-10,3.7723499160333116
-3,-10,1.654077438930871
-3,-10,1.6500000000000001
-3,-10,3.1840934408208272
-3,-10,3.804198462429043
-3,-10,3.3362629026719053
-3,-10,1.6500000000000001
-3,-10,4.846215509926129
-3,-10,6.999006434764854
-3,-10,4.437497305439505
-3,-10,1.708706730002664
-3,-10,1.9000314532798779
-3,-10,1.6500000000000001
-3,-10,6.126649982440445
-3,-10,1.6500000000000001
-3,-10,2.245000571815368
-3,-10,1.6500000000000001
-3,-10,3.4249617921198166
-3,-10,4.776110873085863
-3,-10,1.6500000000000001
-3,-10,1.7230161085486941
-3,-10,1.8510191047422735
-3,-10,4.303685190417502
-3,-10,1.6500000000000001
-3,-10,4.4669281505508085
-3,-10,1.6500000000000001
-3,-10,1.6500000000000001
-3,-10,4.60335815971014
-3,-10,4.3488048375099675
-3,-10,1.6500000000000001
-3,-10,1.6500000000000001
-3,-10,1.6500000000000001
-3,-10,3.269925880008186
-3,-10,1.6500000000000001
-3,-10,5.051341072336202
-3,-10,1.6500000000000001
-3,-10,1.6500000000000001
-3,-10,3.782557239809745
-3,-10,2.276830417026453
-3,-10,1.6500000000000001
-3,-10,4.787934405648359
-3,-10,1.945582143659742
-3,-10,1.6500000000000001
-3,-10,3.7628557106422234
-3,-10,3.2258461772725786
-3,-10,1.6500000000000001
-3,-10,4.221853094384219
-3,-10,1.6500000000000001
-3,-10,7.651671058934631
-3,-10,2.5637326307322823
-3,-10,1.6500000000000001
-3,-10,3.6228897070050867
-3,-10,1.6500000000000001
-3,-10,1.6500000000000001
-3,-10,8.15243305564335
-3,-10,4.70192800418822
-3,-10,1.6500000000000001
-3,-10,4.458969882950354
-3,-11,3.5714705825227764
-3,-11,1.934546986194611
-3,-11,1.6500000000000001
-3,-11,2.9781197642107493
-3,-11,1.6500000000000001
-3,-11,5.189087406424976
-3,-11,5.475739961277465
-3,-11,2.648660343551525
-3,-11,3.889281631481729
-3,-11,3.5757004876716323
-3,-11,3.039399335638233
-3,-11,1.6500000000000001
-3,-11,3.122613834632861
-3,-11,3.9189922932712244
-3,-11,1.6500000000000001
-3,-11,1.6500000000000001
-3,-11,2.346755630452881
-3,-11,3.919540140476458
-3,-11,1.8244943243861536
-3,-11,1.6500000000000001
-3,-11,1.6500000000000001
-3,-11,2.719795076468988
-3,-11,1.6500000000000001
-3,-11,3.034429373099213
-3,-11,1.6500000000000001
-3,-11,2.0496246916989045
-3,-11,4.107353956505752
-3,-11,1.6500000000000001
-3,-11,5.648363724109997
-3,-11,2.8088602460451395
-3,-11,1.7858052610842947
-3,-11,5.543548254902129
-3,-11,2.890666216095067
-3,-11,2.62566591367204
-3,-11,1.6500000000000001
-3,-11,1.6500000000000001
-3,-11,5.214750715374356
-3,-11,1.6500000000000001
-3,-11,4.106980889344052
-3,-11,5.759440854930052
-3,-11,1.6500000000000001
-3,-11,3.6743322430087044
-3,-11,4.108449285927896
-3,-11,1.6500000000000001
-3,-11,6.085722491805438
-3,-11,1.6500000000000001
-3,-11,6.70759085771695
-3,-11,1.6500000000000001
-3,-11,3.895855697047715
-3,-11,5.738652754240554
-3,-11,1.9259007680006526
-3,-11,5.05515970296141
-3,-11,5.8748091384165075
-3,-11,3.3282172664704537
-3,-11,1.6500000000000001
-3,-11,1.6500000000000001
-3,-11,1.6500000000000001
-3,-11,1.6500000000000001
-3,-11,4.450906935154112
-3,-11,1.6500000000000001
-3,-11,3.1181757619010217
-4,-11,4.847299501810495
-4,-11,2.719014918532779
-4,-11,3.761193861346336
-4,-11,1.8176933671776823
-4,-11,4.518475816243173
-4,-11,2.4854240800572214
-4,-11,6.372898736225459
-4,-11,1.9385230269675116
-4,-11,1.6500000000000001
-4,-11,1.6500000000000001
-4,-11,1.6500000000000001
-4,-11,1.6500000000000001
-4,-11,2.624638257315851
-4,-11,1.6500000000000001
-4,-11,1.6500000000000001
-4,-11,1.6500000000000001
-4,-11,3.073292695295286
-4,-11,2.063146125233373
-4,-11,7.440375809755618
-4,-11,3.2724041568490945
-4,-11,5.657138656537834
-4,-11,3.517779983249146
-4,-11,1.6500000000000001
-4,-11,1.6500000000000001
-4,-11,1.6500000000000001
-4,-11,5.145748308157026
-4,-11,5.269840849772226
-4,-11,1.6500000000000001
-4,-11,1.6500000000000001
-4,-11,4.020057948978814
-4,-11,3.9733241068534615
-4,-11,3.7932973587871275
-4,-11,1.688004796243606
-4,-11,2.7567178001047306
-4,-11,1.6500000000000001
-4,-11,7.617774142034827
-4,-11,1.7489554776076637
-4,-11,2.2661132716859695
-4,-11,2.1855651277490953
-4,-11,2.2629347083332516
-4,-11,4.727550170021421
-4,-11,1.6500000000000001
-4,-11,6.761581057758435
-4,-11,2.705862138728187
-4,-11,1.6500000000000001
-4,-11,2.1554494446578727
-4,-11,4.912120713724223
-4,-11,2.2376748192723355
-4,-11,1.6500000000000001
-4,-11,2.9027956407052504
-4,-11,1.6500000000000001
-4,-11,1.6500000000000001
-4,-11,7.203024982476453
-4,-11,2.6149826485995193
-4,-11,2.4519770597008392
-4,-11,3.263150261541762
-4,-11,1.6914402539783184
-4,-11,3.071078064417517
-4,-11,1.6500000000000001
-4,-11,4.489215267105525
-4,-11,1.6500000000000001
-4,-11,1.6500000000000001
-4,-12,1.6500000000000001
-4,-12,3.1969904360218484
-4,-12,3.1852836508472375
-4,-12,1.6500000000000001
-4,-12,1.925844228054357
-4,-12,2.626868491808761
-4,-12,1.6500000000000001
-4,-12,1.6500000000000001
-4,-12,1.6500000000000001
-4,-12,1.6500000000000001
-4,-12,8.402067106450637
-4,-12,1.6500000000000001
-4,-12,2.296342492184658
-4,-12,1.6500000000000001
-4,-12,1.6500000000000001
-4,-12,1.6500000000000001
-4,-12,2.239888472932965
-4,-12,1.6500000000000001
-4,-12,1.6500000000000001
-4,-12,3.2905628122114776
-4,-12,4.192264705653492
-4,-12,1.6500000000000001
-4,-12,1.6500000000000001
-4,-12,4.558871004803301
-4,-12,1.6500000000000001
-4,-12,1.6500000000000001
-4,-12,2.3657371692574545
-4,-12,1.6500000000000001
-4,-12,4.176347397788982
-4,-12,7.233334127790234
-4,-12,1.6500000000000001
-4,-12,4.747626784859871
-4,-12,3.050489837217405
-4,-12,5.6932377380839725
-4,-12,1.6500000000000001
-4,-12,1.6500000000000001
-4,-12,1.6500000000000001
-4,-12,1.6500000000000001
-4,-12,1.6500000000000001
-4,-12,2.3273237979511006
-4,-12,3.593449262951959
-4,-12,1.6500000000000001
-4,-12,2.9801293022730757
-4,-12,1.6500000000000001
-4,-12,1.6500000000000001
-4,-12,3.791448457808351
-4,-12,2.6639118044327863
-4,-12,4.04106241173265
-4,-12,1.6500000000000001
-4,-12,5.150136962150983
-4,-12,2.426532675590528
-4,-12,2.2525950231347442
-4,-12,2.3483697924944966
-4,-12,2.795251136946747
-4,-12,1.6500000000000001
-4,-12,2.169546694798257
-4,-12,1.6500000000000001
-4,-12,1.6500000000000001
-4,-12,1.6500000000000001
-4,-12,1.6500000000000001
-4,-12,1.6500000000000001
-4,-12,4.85740612239512
-3,-12,2.632979852006261
-3,-12,5.277201115650764
-3,-12,3.8323123958455705
-3,-12,4.215358188396955
-3,-12,1.6500000000000001
-3,-12,2.8619735655345693
-3,-12,1.6500000000000001
-3,-12,1.6500000000000001
-3,-12,1.6500000000000001
-3,-12,1.6500000000000001
-3,-12,2.484068275654128
-3,-12,1.6500000000000001
-3,-12,1.924864095255748
-3,-12,4.867997371673253
-3,-12,1.6500000000000001
-3,-12,2.1312920783694445
-3,-12,1.670762578653164
-3,-12,3.354672015998811
-3,-12,3.4685170678808936
-3,-12,1.6500000000000001
-3,-12,3.5045063609736005
-3,-12,3.4679019224208445
-3,-12,1.65454211282997
-3,-12,1.850242402682212
-3,-12,1.6500000000000001
-3,-12,7.081594972546608
-3,-12,3.179964005664737
-3,-12,1.6500000000000001
-3,-12,3.586690314549317
-3,-12,1.6500000000000001
-3,-12,1.6500000000000001
-3,-12,5.078329378753316
-3,-12,6.178987081803974
-3,-12,1.6500000000000001
-3,-12,2.6981931592414017
-3,-12,1.6500000000000001
-3,-12,3.5886082575842297
-3,-12,1.6500000000000001
-3,-12,1.6500000000000001
-3,-12,4.666094728781362
-3,-12,1.6500000000000001
-3,-12,3.8250417790525253
-3,-12,1.6500000000000001
-3,-12,7.573597668409624
-3,-12,3.3946685530568774
-3,-12,1.9086414903041296
-3,-12,1.6500000000000001
-3,-12,2.123259903406975
-3,-12,3.7074200707506186
-3,-12,2.2027546286682123
-3,-12,7.644319601543367
-3,-12,4.158989074283275
-3,-12,1.6500000000000001
-3,-12,2.4203968119239176
-3,-12,1.8603801667516704
-3,-12,2.112936709101006
-3,-12,6.478027778661779
-3,-12,6.173821413246218
-3,-12,1.6500000000000001
-3,-12,1.6500000000000001
-3,-12,6.209321012057904
-2,-12,1.9671426216179393
-2,-12,2.9079055123198616
-2,-12,2.344218075347932
-2,-12,1.6500000000000001
-2,-12,1.6500000000000001
-2,-12,1.6500000000000001
-2,-12,2.641553928197005
-2,-12,3.159989559127644
-2,-12,1.6500000000000001
-2,-12,1.965673398291604
-2,-12,1.8017128276326004
-2,-12,1.6500000000000001
-2,-12,1.6500000000000001
-2,-12,1.6500000000000001
-2,-12,3.2782702950538822
-2,-12,1.6500000000000001
-2,-12,1.6500000000000001
-2,-12,1.6500000000000001
-2,-12,3.2914687134964664
-2,-12,1.6500000000000001
-2,-12,1.6500000000000001
-2,-12,3.1473032230609252
-2,-12,2.0681054796241765
-2,-12,1.6500000000000001
-2,-12,4.378993635637686
-2,-12,1.6500000000000001
-2,-12,3.798000145803447
-2,-12,4.133867510436715
-2,-12,3.2266099252767977
-2,-12,3.551053490866203
-2,-12,3.3225608390844874
-2,-12,6.686890592647526
-2,-12,2.98993714738649
-2,-12,1.6500000000000001
-2,-12,3.8563085161854103
-2,-12,4.036451903734205
-2,-12,1.6500000000000001
-2,-12,4.3375299557366045
-2,-12,1.6500000000000001
-2,-12,2.944587047558316
-2,-12,4.477983852083302
-2,-12,1.6500000000000001
-2,-12,1.6500000000000001
-2,-12,1.780942360643758
-2,-12,1.6500000000000001
-2,-12,1.6500000000000001
-2,-12,4.80715890669569
-2,-12,1.6500000000000001
-2,-12,2.3935448324959694
-2,-12,3.0375398451053037
-2,-12,1.6500000000000001
-2,-12,1.6500000000000001
-2,-12,1.6500000000000001
-2,-12,1.6500000000000001
-2,-12,3.559037175111003
-2,-12,1.6500000000000001
-2,-12,2.735294296096361
-2,-12,1.6500000000000001
-2,-12,1.6500000000000001
-2,-12,3.099402565297582
-2,-12,6.636324516534826
-2,-12,1.6500000000000001
-2,-13,3.191762507090883
-2,-13,1.6500000000000001
-2,-13,2.210907058055501
-2,-13,5.616553092070262
-2,-13,5.473955076139767
-2,-13,1.6500000000000001
-2,-13,4.316798279815356
-2,-13,4.778290428619208
-2,-13,1.6500000000000001
-2,-13,1.6500000000000001
-2,-13,1.6500000000000001
-2,-13,1.6500000000000001
-2,-13,1.6500000000000001
-2,-13,1.6500000000000001
-2,-13,1.6500000000000001
-2,-13,3.6870328296642034
-2,-13,1.6500000000000001
-2,-13,1.6500000000000001
-2,-13,2.934449711287717
-2,-13,4.3741555646299215
-2,-13,1.6500000000000001
-2,-13,2.1583709447846706
-2,-13,1.6500000000000001
-2,-13,1.6500000000000001
-2,-13,1.6500000000000001
-2,-13,1.6500000000000001
-2,-13,1.6500000000000001
-2,-13,2.0943980029810496
-2,-13,4.7775048801650986
-2,-13,5.292034549888985
-2,-13,3.798435686045488
-2,-13,5.189762571166965
-2,-13,2.0736294610433665
-2,-13,2.640625433705133
-2,-13,1.6500000000000001
-2,-13,3.8694408809462066
-2,-13,1.6500000000000001
-2,-13,3.750304720871889
-2,-13,1.6500000000000001
-2,-13,1.6500000000000001
-2,-13,3.556167981021696
-2,-13,1.6500000000000001
-2,-13,1.6500000000000001
-2,-13,3.2977419179648306
-2,-13,1.6500000000000001
-2,-13,1.6500000000000001
-2,-13,1.6500000000000001
-2,-13,4.640878403427196
-2,-13,1.9137020331283536
-2,-13,1.6500000000000001
-2,-13,1.6500000000000001
-2,-13,1.6500000000000001
-2,-13,1.960874327697018
-2,-13,7.4447421019580045
-2,-13,3.3289289616571205
-2,-13,1.6500000000000001
-2,-13,3.213493718755211
-2,-13,1.6500000000000001
-2,-13,1.6500000000000001
-2,-13,1.6500000000000001
-2,-13,1.6500000000000001
-1,-13,1.6500000000000001
-1,-13,1.6500000000000001
-1,-13,1.6500000000000001
-1,-13,1.6500000000000001
-1,-13,1.6500000000000001
-1,-13,5.612695296825716
-1,-13,2.9220588020831224
-1,-13,1.6500000000000001
-1,-13,6.597461061600751
-1,-13,4.94808258713288
-1,-13,1.6500000000000001
-1,-13,3.906930516993483
-1,-13,1.818004275727207
-1,-13,4.463967322875053
-1,-13,2.8176044633475974
-1,-13,1.6500000000000001
-1,-13,1.6500000000000001
-1,-13,1.6500000000000001
-1,-13,1.6500000000000001
-1,-13,5.4721555172201946
-1,-13,1.6691405188177757
-1,-13,1.6500000000000001
-1,-13,3.615010254914606
-1,-13,1.6500000000000001
-1,-13,2.7821694899546348
-1,-13,2.620361941733276
-1,-13,3.7106502203986036
-1,-13,2.541469032723573
-1,-13,5.692356168879554
-1,-13,3.8232601723613864
-1,-13,3.1774188336230496
-1,-13,8.342334632172294
-1,-13,1.8606393626964697
-1,-13,2.091094835915624
-1,-13,1.6836191777753284
-1,-13,1.6500000000000001
-1,-13,1.6500000000000001
-1,-13,3.3308609056643528
-1,-13,1.6500000000000001
-1,-13,2.624763709939499
-1,-13,3.4387968213981095
-1,-13,3.891052391065718
-1,-13,1.6500000000000001
-1,-13,1.6500000000000001
-1,-13,1.6500000000000001
-1,-13,2.257303524864378
-1,-13,1.6500000000000001
-1,-13,1.6500000000000001
-1,-13,2.2188841081853763
-1,-13,3.0731541854727844
-1,-13,7.211968682903028
-1,-13,4.174967179749687
-1,-13,1.6500000000000001
-1,-13,4.907565526896999
-1,-13,1.6500000000000001
-1,-13,1.6500000000000001
-1,-13,4.066125988777122
-1,-13,1.6500000000000001
-1,-13,1.6500000000000001
-1,-13,1.677969735540878
-1,-13,1.6500000000000001
-1,-13,3.4879951354736938
-1,-14,1.6500000000000001
-1,-14,2.3034492549922523
-1,-14,2.4375263630124815
-1,-14,1.6500000000000001
-1,-14,1.6500000000000001
-1,-14,1.6500000000000001
-1,-14,1.6500000000000001
-1,-14,1.6500000000000001
-1,-14,1.6500000000000001
-1,-14,1.6500000000000001
-1,-14,3.3437404027769975
-1,-14,3.6161804199135577
-1,-14,5.8924334995336025
-1,-14,4.1374653829084025
-1,-14,4.9282878275397035
-1,-14,1.6500000000000001
-1,-14,1.6500000000000001
-1,-14,1.6500000000000001
-1,-14,1.9104743369364687
-1,-14,2.2292071761444268
-1,-14,2.9277286244548457
-1,-14,5.390229067538671
-1,-14,1.6500000000000001
-1,-14,1.6500000000000001
-1,-14,1.6500000000000001
-1,-14,1.6500000000000001
-1,-14,1.6500000000000001
-1,-14,1.6500000000000001
-1,-14,1.6500000000000001
-1,-14,1.6500000000000001
-1,-14,1.6500000000000001
-1,-14,3.739079954259176
-1,-14,2.643412063164994
-1,-14,1.6500000000000001
-1,-14,2.294950278408543
-1,-14,1.6500000000000001
-1,-14,1.6500000000000001
-1,-14,1.6500000000000001
-1,-14,2.323628068339879
-1,-14,1.6500000000000001
-1,-14,1.6500000000000001
-1,-14,1.6500000000000001
-1,-14,2.395160491341091
-1,-14,4.0033066726425925
-1,-14,6.991063467646772
-1,-14,2.736288971109375
-1,-14,3.602354040682668
-1,-14,3.9353282584067815
-1,-14,2.7444980671417887
-1,-14,1.6500000000000001
-1,-14,6.237835580741626
-1,-14,1.6500000000000001
-1,-14,1.6500000000000001
-1,-14,1.6500000000000001
-1,-14,1.6500000000000001
-1,-14,1.6500000000000001
-1,-14,3.6909125599391626
-1,-14,1.6500000000000001
-1,-14,5.972056598895172
-1,-14,1.6500000000000001
-1,-14,2.6407801763980583
-1,-14,1.6500000000000001
-1,-15,1.6500000000000001
-1,-15,9.922781126992835
-1,-15,3.7658129204836865
-1,-15,1.6500000000000001
-1,-15,1.6500000000000001
-1,-15,1.6500000000000001
-1,-15,1.6500000000000001
-1,-15,3.115083122962911
-1,-15,2.8129999499553118
-1,-15,1.7421381012541213
-1,-15,1.8808243123944288
-1,-15,1.6500000000000001
-1,-15,1.6500000000000001
-1,-15,1.6500000000000001
-1,-15,1.6500000000000001
-1,-15,1.6500000000000001
-1,-15,1.6500000000000001
-1,-15,3.325518733286949
-1,-15,1.6500000000000001
-1,-15,1.6500000000000001
-1,-15,1.6500000000000001
-1,-15,1.6500000000000001
-1,-15,1.6500000000000001
-1,-15,2.2636535083617844
-1,-15,1.6500000000000001
-1,-15,1.6500000000000001
-1,-15,1.6500000000000001
-1,-15,3.488468178865049
-1,-15,1.6500000000000001
-1,-15,1.6500000000000001
-1,-15,3.1210027993794514
-1,-15,6.181797945903649
-1,-15,1.6500000000000001
-1,-15,1.6500000000000001
-1,-15,1.6500000000000001
-1,-15,1.6500000000000001
-1,-15,1.6500000000000001
-1,-15,1.9255960925594555
-1,-15,6.180125379468297
-1,-15,1.6500000000000001
-1,-15,1.6500000000000001
-1,-15,1.6500000000000001
-1,-15,1.6500000000000001
-1,-15,6.988112814928674
-1,-15,1.6500000000000001
-1,-15,1.6500000000000001
-1,-15,4.330568279660953
-1,-15,1.6500000000000001
-1,-15,2.3057247946049224
-1,-15,2.85494318761269
-1,-15,1.6500000000000001
-1,-15,4.203420353102349
-1,-15,1.6500000000000001
-1,-15,1.6500000000000001
-1,-15,1.6500000000000001
-1,-15,5.199929126879423
-1,-15,1.6500000000000001
-1,-15,2.427851782363445
-1,-15,1.6500000000000001
-1,-15,1.900093065699487
-1,-15,2.62633528388214
-1,-16,5.816081345746028
-1,-16,5.565156325331182
-1,-16,1.6500000000000001
-1,-16,1.6500000000000001
-1,-16,1.6500000000000001
-1,-16,2.605333583796543
-1,-16,1.6500000000000001
-1,-16,1.6500000000000001
-1,-16,1.6500000000000001
-1,-16,1.6500000000000001
-1,-16,1.7358116507993537
-1,-16,1.6500000000000001
-1,-16,1.6500000000000001
-1,-16,2.9763488593317073
-1,-16,1.6500000000000001
-1,-16,1.6500000000000001
-1,-16,1.6500000000000001
-1,-16,1.6500000000000001
-1,-16,3.4268800985616927
-1,-16,1.6500000000000001
-1,-16,1.6500000000000001
-1,-16,1.6500000000000001
-1,-16,1.6500000000000001
-1,-16,2.2137157581536315
-1,-16,2.170307669500402
-1,-16,1.6500000000000001
-1,-16,1.6500000000000001
-1,-16,1.6500000000000001
-1,-16,1.6500000000000001
-1,-16,2.0248545432176184
-1,-16,1.6500000000000001
-1,-16,1.6500000000000001
-1,-16,1.6500000000000001
-1,-16,1.6500000000000001
-1,-16,4.270923357781005
-1,-16,1.6500000000000001
-1,-16,5.008776589972416
-1,-16,3.752378736031904
-1,-16,1.6500000000000001
-1,-16,1.6500000000000001
-1,-16,4.25611425399786
-1,-16,3.2731731407311444
-1,-16,1.6500000000000001
-1,-16,1.6500000000000001
-1,-16,1.6500000000000001
-1,-16,1.6500000000000001
-1,-16,1.6500000000000001
-1,-16,1.6500000000000001
-1,-16,3.774459466445263
-1,-16,3.6376383198242186
-1,-16,1.6500000000000001
-1,-16,1.6500000000000001
-1,-16,4.811623854907677
-1,-16,1.6500000000000001
-1,-16,1.6500000000000001
-1,-16,1.6500000000000001
-1,-16,1.6500000000000001
-1,-16,2.4636371235779655
-1,-16,1.6500000000000001
-1,-16,1.6500000000000001
-1,-16,1.6500000000000001
-1,-16,4.363118328175921
-1,-15,1.6500000000000001
-1,-15,1.6500000000000001
-1,-15,1.6500000000000001
-1,-15,1.6500000000000001
-1,-15,4.856600860586514
-1,-15,2.1699989633656735
-1,-15,1.6500000000000001
-1,-15,5.669541697755486
-1,-15,1.6500000000000001
-1,-15,1.6500000000000001
-1,-15,1.6500000000000001
-1,-15,1.717878814593953
-1,-15,4.982952150266125
-1,-15,2.6665583994122355
-1,-15,1.6500000000000001
-1,-15,1.6500000000000001
-1,-15,1.6500000000000001
-1,-15,3.267257526782989
-1,-15,6.765100103235687
-1,-15,5.515523271047126
-1,-15,1.6500000000000001
-1,-15,7.612166328476116
-1,-15,4.670687184234689
-1,-15,1.6500000000000001
-1,-15,3.6577335974883893
-1,-15,1.6500000000000001
-1,-15,1.6500000000000001
-1,-15,1.6500000000000001
-1,-15,1.6500000000000001
-1,-15,1.6500000000000001
-1,-15,2.38806731817653
-1,-15,1.6500000000000001
-1,-15,1.7652355247214628
-1,-15,1.6500000000000001
-1,-15,5.4119985795752115
-1,-15,1.6500000000000001
-1,-15,3.2952434284701315
-1,-15,1.6500000000000001
-1,-15,1.6500000000000001
-1,-15,1.6500000000000001
-1,-15,5.740147459403539
-1,-15,2.6801421283272635
-1,-15,1.6500000000000001
-1,-15,1.6500000000000001
-1,-15,3.7319590105140383
-1,-15,2.093382468976907
-1,-15,1.6500000000000001
-1,-15,1.6500000000000001
-1,-15,2.925857341223674
-1,-15,5.619123897640155
-1,-15,1.6500000000000001
-1,-15,1.6500000000000001
-1,-15,1.6500000000000001
-1,-15,7.042919098289022
-1,-15,1.6500000000000001
-1,-15,1.8260691062040026
-1,-15,1.6500000000000001
-1,-15,5.136344713430848
-1,-15,1.6500000000000001
-1,-15,1.6500000000000001
-1,-15,1.6500000000000001
-1,-14,1.6500000000000001
-1,-14,1.9931174897712651
-1,-14,1.6500000000000001
-1,-14,1.6500000000000001
-1,-14,1.6500000000000001
-1,-14,1.6500000000000001
-1,-14,1.6500000000000001
-1,-14,1.6500000000000001
-1,-14,2.2136458382220026
-1,-14,1.6500000000000001
-1,-14,1.6500000000000001
-1,-14,1.6500000000000001
-1,-14,1.6500000000000001
-1,-14,1.6500000000000001
-1,-14,4.9639159846204715
-1,-14,2.8647199605118248
-1,-14,3.0087861517579637
-1,-14,1.6500000000000001
-1,-14,1.6500000000000001
-1,-14,1.6500000000000001
-1,-14,3.748089117780853
-1,-14,4.425485480450142
-1,-14,1.6500000000000001
-1,-14,5.062327509185456
-1,-14,1.6500000000000001
-1,-14,3.203728261477461
-1,-14,1.6500000000000001
-1,-14,1.6500000000000001
-1,-14,1.6500000000000001
-1,-14,1.6500000000000001
-1,-14,3.8519505120155553
-1,-14,3.2033200929591104
-1,-14,1.6500000000000001
-1,-14,1.6500000000000001
-1,-14,4.671507842345122
-1,-14,1.6500000000000001
-1,-14,1.6500000000000001
-1,-14,1.6500000000000001
-1,-14,1.6500000000000001
-1,-14,3.25299242669475
-1,-14,1.6500000000000001
-1,-14,1.6500000000000001
-1,-14,2.048224540053192
-1,-14,1.6500000000000001
-1,-14,1.6500000000000001
-1,-14,2.997975863878339
-1,-14,2.42591684494549
-1,-14,2.030986753902669
-1,-14,4.169187213202802
-1,-14,1.6500000000000001
-1,-14,3.5539220320634755
-1,-14,3.818275604645561
-1,-14,6.94080855503067
-1,-14,4.750088872890523
-1,-14,1.6500000000000001
-1,-14,1.6500000000000001
-1,-14,1.6500000000000001
-1,-14,2.9395675860353223
-1,-14,1.6500000000000001
-1,-14,1.6500000000000001
-1,-14,2.952017992023574
-1,-14,2.4041595434336913
-1,-13,1.6500000000000001
-1,-13,3.0492952250557606
-1,-13,1.6500000000000001
-1,-13,1.6500000000000001
-1,-13,1.6500000000000001
-1,-13,3.661723469860883
-1,-13,1.6500000000000001
-1,-13,1.6500000000000001
-1,-13,1.6500000000000001
-1,-13,4.941953846788458
-1,-13,2.624399767891595
-1,-13,5.461834338303265
-1,-13,7.315881990116883
-1,-13,1.9207611832759148
-1,-13,2.1033133221928852
-1,-13,1.6500000000000001
-1,-13,1.6500000000000001
-1,-13,1.6500000000000001
-1,-13,1.6500000000000001
-1,-13,2.5292237978071066
-1,-13,1.6500000000000001
-1,-13,1.6500000000000001
-1,-13,1.6500000000000001
-1,-13,4.753848182680139
-1,-13,4.4229889812277206
-1,-13,1.6500000000000001
-1,-13,1.8902461518242202
-1,-13,4.585797008839924
-1,-13,1.6500000000000001
-1,-13,7.480437498371405
-1,-13,3.1056277663206924
-1,-13,1.6500000000000001
-1,-13,3.748642660838507
-1,-13,1.6500000000000001
-1,-13,1.6500000000000001
-1,-13,1.8385960638818848
-1,-13,3.9852363674924667
-1,-13,1.6500000000000001
-1,-13,1.6500000000000001
-1,-13,3.7762723636726148
-1,-13,1.6500000000000001
-1,-13,3.3886592103962103
-1,-13,2.7257726046738497
-1,-13,1.6500000000000001
-1,-13,3.5375142910681587
-1,-13,3.41483448321032
-1,-13,2.238371907322922
-1,-13,1.6500000000000001
-1,-13,1.6500000000000001
-1,-13,1.6500000000000001
-1,-13,3.4113669153173487
-1,-13,1.6500000000000001
-1,-13,3.097686176526792
-1,-13,5.256694512564826
-1,-13,1.6500000000000001
-1,-13,1.6500000000000001
-1,-13,1.6500000000000001
-1,-13,1.6500000000000001
-1,-13,2.3623647213983348
-1,-13,1.6500000000000001
-1,-13,1.6500000000000001
-1,-13,1.6500000000000001
-1,-14,1.6500000000000001
-1,-14,1.6500000000000001
-1,-14,3.426049038710375
-1,-14,1.6500000000000001
-1,-14,3.1396034045608645
-1,-14,1.6500000000000001
-1,-14,1.6500000000000001
-1,-14,1.6500000000000001
-1,-14,1.6500000000000001
-1,-14,1.9685424020513609
-1,-14,2.6166598959061558
-1,-14,1.6500000000000001
-1,-14,1.6500000000000001
-1,-14,8.232694732050293
-1,-14,2.386440002738848
-1,-14,1.6500000000000001
-1,-14,3.654086700603876
-1,-14,1.6500000000000001
-1,-14,1.6500000000000001
-1,-14,3.658863862146065
-1,-14,1.6500000000000001
-1,-14,5.3826598489261075
-1,-14,1.6500000000000001
-1,-14,1.6500000000000001
-1,-14,1.8604637702886813
-1,-14,4.860947157999847
-1,-14,8.64783142840955
-1,-14,1.6500000000000001
-1,-14,1.6500000000000001
-1,-14,1.6500000000000001
-1,-14,1.6500000000000001
-1,-14,2.808592189063863
-1,-14,1.6500000000000001
-1,-14,1.6500000000000001
-1,-14,1.6500000000000001
-1,-14,2.090425431557842
-1,-14,1.6500000000000001
-1,-14,1.6500000000000001
-1,-14,1.6500000000000001
-1,-14,1.6500000000000001
-1,-14,1.6500000000000001
-1,-14,1.6500000000000001
-1,-14,2.559002831873502
-1,-14,1.6500000000000001
-1,-14,1.6500000000000001
-1,-14,2.863241104532849
-1,-14,1.6500000000000001
-1,-14,1.6500000000000001
-1,-14,3.5302203321941277
-1,-14,1.6500000000000001
-1,-14,1.6500000000000001
-1,-14,1.6500000000000001
-1,-14,1.886928033228739
-1,-14,1.6500000000000001
-1,-14,6.662988162393947
-1,-14,2.9080912078028374
-1,-14,1.6500000000000001
-1,-14,3.62900636093352
-1,-14,1.6500000000000001
-1,-14,1.6500000000000001
-1,-14,1.6500000000000001
-1,-15,1.6500000000000001
-1,-15,1.6500000000000001
-1,-15,2.255002385777992
-1,-15,3.6882736384168084
-1,-15,1.6500000000000001
-1,-15,3.5386057655400798
-1,-15,2.6894985244376293
-1,-15,1.6500000000000001
-1,-15,1.6500000000000001
-1,-15,3.4384228274329764
-1,-15,1.6500000000000001
-1,-15,1.6500000000000001
-1,-15,1.6500000000000001
-1,-15,1.6500000000000001
-1,-15,1.6500000000000001
-1,-15,2.9996050624294637
-1,-15,1.6500000000000001
-1,-15,4.130187989011475
-1,-15,1.6500000000000001
-1,-15,1.6500000000000001
-1,-15,2.2345450922909196
-1,-15,1.6500000000000001
-1,-15,1.6500000000000001
-1,-15,1.6500000000000001
-1,-15,1.6500000000000001
-1,-15,2.8217865337284618
-1,-15,5.147836945656804
-1,-15,1.6500000000000001
-1,-15,2.341030694472667
-1,-15,1.6500000000000001
-1,-15,1.6500000000000001
-1,-15,2.8252167933363443
-1,-15,1.6500000000000001
-1,-15,9.196094075332041
-1,-15,1.6500000000000001
-1,-15,2.383300561938617
-1,-15,3.515600963752515
-1,-15,1.6500000000000001
-1,-15,3.216822807142326
-1,-15,1.6500000000000001
-1,-15,1.6500000000000001
-1,-15,1.6500000000000001
-1,-15,1.9111823638153653
-1,-15,2.5966128135970212
-1,-15,6.656050607771784
-1,-15,1.6500000000000001
-1,-15,5.8678044860391
-1,-15,4.507208051195314
-1,-15,3.7897492453510253
-1,-15,4.865275756695111
-1,-15,1.6500000000000001
-1,-15,1.6500000000000001
-1,-15,1.7984603271375086
-1,-15,3.844100044310893
-1,-15,5.1014011085831745
-1,-15,1.6500000000000001
-1,-15,1.6500000000000001
-1,-15,2.2839545258555236
-1,-15,2.1070445768576507
-1,-15,1.6500000000000001
-1,-15,1.6500000000000001
-1,-15,2.7188143500798656
-1,-16,3.419945992013233
-1,-16,1.6500000000000001
-1,-16,1.6500000000000001
-1,-16,1.6500000000000001
-1,-16,1.6500000000000001
-1,-16,3.078505913337755
-1,-16,1.6500000000000001
-1,-16,1.6500000000000001
-1,-16,1.6500000000000001
-1,-16,4.433930863959548
-1,-16,1.7928373886032063
-1,-16,1.6500000000000001
-1,-16,1.6500000000000001
-1,-16,1.6500000000000001
-1,-16,1.6500000000000001
-1,-16,1.6500000000000001
-1,-16,1.6500000000000001
-1,-16,2.7185087849497878
-1,-16,2.1123530867131457
-1,-16,1.6500000000000001
-1,-16,1.6500000000000001
-1,-16,1.6500000000000001
-1,-16,1.6500000000000001
-1,-16,1.6500000000000001
-1,-16,1.6500000000000001
-1,-16,1.6500000000000001
-1,-16,4.019876418049424
-1,-16,8.560956882103685
-1,-16,4.475773797996425
-1,-16,2.525078627278779
-1,-16,1.6500000000000001
-1,-16,1.6500000000000001
-1,-16,1.6500000000000001
-1,-16,1.6500000000000001
-1,-16,1.6500000000000001
-1,-16,1.6500000000000001
-1,-16,1.6500000000000001
-1,-16,4.5438683283543195
-1,-16,1.6500000000000001
-1,-16,2.163548607774697
-1,-16,2.3444354304445407
-1,-16,1.6500000000000001
-1,-16,1.821884298277553
-1,-16,1.6500000000000001
-1,-16,1.6500000000000001
-1,-16,1.6500000000000001
-1,-16,1.6500000000000001
-1,-16,4.048540493996954
-1,-16,1.6500000000000001
-1,-16,3.365063930220591
-1,-16,1.6500000000000001
-1,-16,4.33640665643196
-1,-16,1.6500000000000001
-1,-16,1.6500000000000001
-1,-16,1.7584144745192813
-1,-16,1.6500000000000001
-1,-16,1.6500000000000001
-1,-16,1.6500000000000001
-1,-16,1.6500000000000001
-1,-16,1.6500000000000001
-1,-16,1.6500000000000001
-1,-17,1.6500000000000001
-1,-17,1.6500000000000001
-1,-17,1.6500000000000001
-1,-17,1.6500000000000001
-1,-17,2.678927253997487
-1,-17,1.6500000000000001
-1,-17,1.6500000000000001
-1,-17,1.6500000000000001
-1,-17,1.6500000000000001
-1,-17,1.6500000000000001
-1,-17,2.3563698832841
-1,-17,1.6500000000000001
-1,-17,1.6500000000000001
-1,-17,1.6500000000000001
-1,-17,1.6500000000000001
-1,-17,1.6500000000000001
-1,-17,1.6500000000000001
-1,-17,1.6500000000000001
-1,-17,1.6500000000000001
-1,-17,3.8844055822679984
-1,-17,1.6500000000000001
-1,-17,1.6500000000000001
-1,-17,1.6500000000000001
-1,-17,1.6500000000000001
-1,-17,1.6500000000000001
-1,-17,1.6500000000000001
-1,-17,3.3536710547026165
-1,-17,1.6500000000000001
-1,-17,1.906773116939676
-1,-17,1.6500000000000001
-1,-17,2.4225194065629543
-1,-17,1.6500000000000001
-1,-17,1.6500000000000001
-1,-17,1.6500000000000001
-1,-17,1.6500000000000001
-1,-17,1.6500000000000001
-1,-17,1.6500000000000001
-1,-17,1.6500000000000001
-1,-17,1.789235484736036
-1,-17,1.6500000000000001
-1,-17,1.6500000000000001
-1,-17,3.765013554563561
-1,-17,1.6500000000000001
-1,-17,1.6500000000000001
-1,-17,1.6500000000000001
-1,-17,1.6500000000000001
-1,-17,3.7952233146036902
-1,-17,1.6500000000000001
-1,-17,2.269679654246051
-1,-17,1.6500000000000001
-1,-17,1.6500000000000001
-1,-17,1.6500000000000001
-1,-17,1.6500000000000001
-1,-17,1.6500000000000001
-1,-17,1.6500000000000001
-1,-17,1.6500000000000001
-1,-17,1.6500000000000001
-1,-17,4.245563618573004
-1,-17,1.6500000000000001
-1,-17,7.15631284525891
-1,-17,1.6500000000000001
-1,-17,1.6500000000000001
-1,-18,1.6500000000000001
-1,-18,1.6500000000000001
-1,-18,1.6500000000000001
-1,-18,1.6500000000000001
-1,-18,1.6500000000000001
-1,-18,1.6500000000000001
-1,-18,3.7589674671917086
-1,-18,1.6500000000000001
-1,-18,1.6500000000000001
-1,-18,1.9287005102078014
-1,-18,1.6500000000000001
-1,-18,1.6500000000000001
-1,-18,1.6500000000000001
-1,-18,1.6500000000000001
-1,-18,3.3537965820730165
-1,-18,1.6500000000000001
-1,-18,2.9068491959676117
-1,-18,1.6500000000000001
-1,-18,1.6500000000000001
-1,-18,3.45682177493881
-1,-18,1.772005268449862
-1,-18,1.6500000000000001
-1,-18,1.6500000000000001
-1,-18,1.6500000000000001
-1,-18,5.255463682645627
-1,-18,1.6500000000000001
-1,-18,1.6500000000000001
-1,-18,1.981115992111353
-1,-18,1.6500000000000001
-1,-18,1.6500000000000001
-1,-18,1.6500000000000001
-1,-18,1.6500000000000001
-1,-18,1.6500000000000001
-1,-18,1.6500000000000001
-1,-18,1.6500000000000001
-1,-18,2.148101813409593
-1,-18,1.6500000000000001
-1,-18,1.6500000000000001
-1,-18,1.6500000000000001
-1,-18,1.6500000000000001
-1,-18,5.062108056729317
-1,-18,2.566503737687723
-1,-18,5.026530553100997
-1,-18,1.6500000000000001
-1,-18,1.6500000000000001
-1,-18,2.164836435722178
-1,-18,2.5462457149121844
-1,-18,1.6500000000000001
-1,-18,1.6500000000000001
-1,-18,3.125574453050889
-1,-18,1.6500000000000001
-1,-18,1.6500000000000001
-1,-18,1.6500000000000001
-1,-18,1.8011311986173513
-1,-18,1.6500000000000001
-1,-18,1.6500000000000001
-1,-18,1.6500000000000001
-1,-18,1.6500000000000001
-1,-18,1.6500000000000001
-1,-18,1.6500000000000001
-1,-18,1.6500000000000001
-1,-18,1.6500000000000001
-1,-17,1.6500000000000001
-1,-17,2.770402227756987
-1,-17,2.898251961179656
-1,-17,2.6388086337972254
-1,-17,2.4073627430686293
-1,-17,1.6500000000000001
-1,-17,1.6500000000000001
-1,-17,1.6500000000000001
-1,-17,1.6500000000000001
-1,-17,2.2572186924521325
-1,-17,1.6500000000000001
-1,-17,1.721576239221223
-1,-17,1.6500000000000001
-1,-17,4.57370816956038
-1,-17,1.6500000000000001
-1,-17,1.883381970760012
-1,-17,1.6500000000000001
-1,-17,1.9727748163280188
-1,-17,1.6500000000000001
-1,-17,1.6500000000000001
-1,-17,1.6500000000000001
-1,-17,1.6500000000000001
-1,-17,1.6500000000000001
-1,-17,1.6500000000000001
-1,-17,1.6500000000000001
-1,-17,1.6500000000000001
-1,-17,1.6500000000000001
-1,-17,1.6500000000000001
-1,-17,1.6500000000000001
-1,-17,2.2219641049569763
-1,-17,1.6500000000000001
-1,-17,1.6500000000000001
-1,-17,1.6500000000000001
-1,-17,1.6500000000000001
-1,-17,1.6500000000000001
-1,-17,3.844536064134525
-1,-17,1.6500000000000001
-1,-17,2.142339756175131
-1,-17,1.6500000000000001
-1,-17,1.6500000000000001
-1,-17,1.6500000000000001
-1,-17,1.6500000000000001
-1,-17,2.259005047431935
-1,-17,3.474158458408646
-1,-17,1.6500000000000001
-1,-17,1.6500000000000001
-1,-17,2.539076173896335
-1,-17,2.8515525350030813
-1,-17,1.6500000000000001
-1,-17,1.6500000000000001
-1,-17,3.162494335187443
-1,-17,1.6500000000000001
-1,-17,2.2739547982041435
-1,-17,1.6500000000000001
-1,-17,1.6500000000000001
-1,-17,1.6500000000000001
-1,-17,2.0092441007802577
-1,-17,1.6500000000000001
-1,-17,5.793548989201486
-1,-17,3.4080597242534414
-1,-17,1.6500000000000001
0,-17,1.6500000000000001
0,-17,1.6500000000000001
0,-17,1.6500000000000001
0,-17,1.6500000000000001
0,-17,1.6500000000000001
0,-17,1.6500000000000001
0,-17,1.6500000000000001
0,-17,1.6500000000000001
0,-17,1.6500000000000001
0,-17,1.6500000000000001
0,-17,2.773529121532632
0,-17,1.6500000000000001
0,-17,2.3958519808053915
0,-17,1.6500000000000001
0,-17,1.6500000000000001
0,-17,1.6500000000000001
0,-17,1.6500000000000001
0,-17,1.6500000000000001
0,-17,1.6500000000000001
0,-17,1.6500000000000001
0,-17,6.62727046062971
0,-17,7.143162878548818
0,-17,1.6500000000000001
0,-17,3.17474661907786
0,-17,1.6500000000000001
0,-17,1.6500000000000001
0,-17,1.6500000000000001
0,-17,1.6500000000000001
0,-17,1.6500000000000001
0,-17,1.6500000000000001
0,-17,1.6500000000000001
0,-17,1.6500000000000001
0,-17,1.6500000000000001
0,-17,2.388669562919252
0,-17,7.585089200220776
0,-17,1.6500000000000001
0,-17,1.6500000000000001
0,-17,2.6606859935157683
0,-17,3.5538106777460556
0,-17,1.6500000000000001
0,-17,1.6500000000000001
0,-17,1.6500000000000001
0,-17,1.6500000000000001
0,-17,1.6500000000000001
0,-17,1.6500000000000001
0,-17,3.609202751028123
0,-17,1.6500000000000001
0,-17,1.6500000000000001
0,-17,5.457021601945455
0,-17,2.066229891737561
0,-17,1.6500000000000001
0,-17,1.6500000000000001
0,-17,1.6500000000000001
0,-17,1.6500000000000001
0,-17,1.6500000000000001
0,-17,1.6500000000000001
0,-17,3.1437404777469884
0,-17,2.828897188588871
0,-17,1.6500000000000001
0,-17,1.6500000000000001
0,-17,1.6500000000000001
0,-17,2.5772289222299536
0,-18,1.6500000000000001
0,-18,1.6500000000000001
0,-18,2.5557912959884064
0,-18,3.122069454848844
0,-18,1.6500000000000001
0,-18,3.867694857486781
0,-18,1.6500000000000001
0,-18,1.6500000000000001
0,-18,1.6500000000000001
0,-18,6.0387588531310215
0,-18,1.6500000000000001
0,-18,1.6500000000000001
0,-18,1.6500000000000001
0,-18,2.1185931776040783
0,-18,1.6500000000000001
0,-18,3.0411444695628296
0,-18,1.6500000000000001
0,-18,1.6500000000000001
0,-18,1.6500000000000001
0,-18,1.6500000000000001
0,-18,2.7929891573335692
0,-18,1.6745018344706981
0,-18,1.6500000000000001
0,-18,2.1122977622261665
0,-18,1.6500000000000001
0,-18,1.6500000000000001
0,-18,1.6500000000000001
0,-18,2.6210564031717793
0,-18,1.6500000000000001
0,-18,1.6500000000000001
0,-18,2.2976895947516693
0,-18,1.6500000000000001
0,-18,1.6500000000000001
0,-18,1.6500000000000001
0,-18,1.6500000000000001
0,-18,1.6500000000000001
0,-18,4.185388246793123
0,-18,1.6500000000000001
0,-18,1.6500000000000001
0,-18,1.6500000000000001
0,-18,1.6500000000000001
0,-18,3.7115632135745944
0,-18,1.6500000000000001
0,-18,1.6500000000000001
0,-18,1.6500000000000001
0,-18,3.0523252358166033
0,-18,4.083373286584614
0,-18,1.6500000000000001
0,-18,1.6500000000000001
0,-18,1.6500000000000001
0,-18,1.6500000000000001
0,-18,1.6500000000000001
0,-18,1.6500000000000001
0,-18,1.8963383560253413
0,-18,2.7670880993389835
0,-18,1.6500000000000001
0,-18,1.6500000000000001
0,-18,3.114033033871717
0,-18,1.6500000000000001
0,-18,2.6076439937147144
0,-18,1.6500000000000001
0,-19,1.6500000000000001
0,-19,1.6500000000000001
0,-19,1.6500000000000001
0,-19,1.6500000000000001
0,-19,1.6500000000000001
0,-19,1.6500000000000001
0,-19,1.6500000000000001
0,-19,3.380189225500742
0,-19,2.522155600113594
0,-19,1.6500000000000001
0,-19,1.6500000000000001
0,-19,3.031565259958132
0,-19,1.6500000000000001
0,-19,1.6500000000000001
0,-19,1.6500000000000001
0,-19,1.6500000000000001
0,-19,2.0826336711176463
0,-19,1.6500000000000001
0,-19,1.6500000000000001
0,-19,1.6500000000000001
0,-19,1.6500000000000001
0,-19,1.6500000000000001
0,-19,4.343038074574373
0,-19,1.6500000000000001
0,-19,1.6500000000000001
0,-19,4.457801407078828
0,-19,1.6500000000000001
0,-19,3.896621457763236
0,-19,4.807080173124382
0,-19,1.6500000000000001
0,-19,1.6500000000000001
0,-19,1.6500000000000001
0,-19,2.044018583586561
0,-19,1.6500000000000001
0,-19,1.6500000000000001
0,-19,1.6500000000000001
0,-19,2.181645716708972
0,-19,2.301008209955625
0,-19,1.6500000000000001
0,-19,1.6500000000000001
0,-19,1.6500000000000001
0,-19,1.6500000000000001
0,-19,1.6500000000000001
0,-19,1.6500000000000001
0,-19,1.6500000000000001
0,-19,1.6500000000000001
0,-19,2.3587054683884183
0,-19,1.6500000000000001
0,-19,1.6500000000000001
0,-19,1.6500000000000001
0,-19,1.6500000000000001
0,-19,1.6500000000000001
0,-19,2.274027877419555
0,-19,2.4979976611998405
0,-19,2.04943342085827
0,-19,1.6500000000000001
0,-19,1.6500000000000001
0,-19,1.6500000000000001
0,-19,3.713483221375914
0,-19,1.6500000000000001
0,-19,1.6500000000000001
0,-19,2.4928383065335256
0,-18,1.6500000000000001
0,-18,1.6500000000000001
0,-18,1.6500000000000001
0,-18,1.6500000000000001
0,-18,1.6500000000000001
0,-18,1.6500000000000001
0,-18,3.676313662500509
0,-18,2.4811721327192147
0,-18,1.6500000000000001
0,-18,1.6500000000000001
0,-18,1.6500000000000001
0,-18,1.6500000000000001
0,-18,2.465654322667787
0,-18,3.5899010488994647
0,-18,1.6500000000000001
0,-18,1.6500000000000001
0,-18,1.6500000000000001
0,-18,1.6500000000000001
0,-18,1.6500000000000001
0,-18,2.3569163479016506
0,-18,1.6500000000000001
0,-18,1.6500000000000001
0,-18,1.6500000000000001
0,-18,4.484839841921397
0,-18,1.6500000000000001
0,-18,1.6500000000000001
0,-18,1.6500000000000001
0,-18,2.1379467593245485
0,-18,3.6419211561754654
0,-18,1.6500000000000001
0,-18,2.4840952377084937
0,-18,1.6500000000000001
0,-18,1.6500000000000001
0,-18,1.6500000000000001
0,-18,1.8886190977987425
0,-18,2.0012548199852325
0,-18,1.6500000000000001
0,-18,1.6500000000000001
0,-18,1.6500000000000001
0,-18,1.6500000000000001
0,-18,1.6500000000000001
0,-18,1.6500000000000001
0,-18,5.192895773354898
0,-18,1.6500000000000001
0,-18,1.6500000000000001
0,-18,1.6500000000000001
0,-18,2.1035388349678916
0,-18,3.044258181217997
0,-18,1.6500000000000001
0,-18,1.6500000000000001
0,-18,1.6500000000000001
0,-18,1.6500000000000001
0,-18,1.6500000000000001
0,-18,2.417591124079171
0,-18,1.7629890447540237
0,-18,1.6500000000000001
0,-18,1.6500000000000001
0,-18,1.6500000000000001
0,-18,1.6500000000000001
0,-18,3.606419143053845
0,-18,3.937591678447598
0,-18,1.6500000000000001
0,-17,1.6500000000000001
0,-17,1.7189041601883384
0,-17,1.6500000000000001
0,-17,1.6500000000000001
0,-17,1.8186592576260843
0,-17,6.116921196770013
0,-17,2.0503577977824436
0,-17,1.6500000000000001
0,-17,1.6500000000000001
0,-17,1.6500000000000001
0,-17,1.6500000000000001
0,-17,1.6500000000000001
0,-17,1.957856462153696
0,-17,2.6906719054662025
0,-17,1.6500000000000001
0,-17,1.6500000000000001
0,-17,1.6500000000000001
0,-17,1.8361744532915805
0,-17,1.6500000000000001
0,-17,1.6500000000000001
0,-17,1.6500000000000001
0,-17,1.6500000000000001
0,-17,1.6500000000000001
0,-17,1.6500000000000001
0,-17,1.6500000000000001
0,-17,1.6500000000000001
0,-17,5.254204823350913
0,-17,1.6500000000000001
0,-17,1.6500000000000001
0,-17,3.8689155151183154
0,-17,1.6500000000000001
0,-17,1.6500000000000001
0,-17,1.6500000000000001
0,-17,2.3390966613978903
0,-17,1.6500000000000001
0,-17,1.6500000000000001
0,-17,1.6500000000000001
0,-17,1.6500000000000001
0,-17,1.6500000000000001
0,-17,4.1127431174514575
0,-17,1.6500000000000001
0,-17,1.6500000000000001
0,-17,3.6027188774949144
0,-17,1.6500000000000001
0,-17,1.6500000000000001
0,-17,2.0133501931260187
0,-17,1.6500000000000001
0,-17,1.6500000000000001
0,-17,1.6500000000000001
0,-17,2.3087258790431795
0,-17,4.569649985852827
0,-17,3.2011621918734825
0,-17,1.6500000000000001
0,-17,1.6500000000000001
0,-17,3.813931750468258
0,-17,4.235040179175919
0,-17,1.6500000000000001
0,-17,1.6500000000000001
0,-17,1.6500000000000001
0,-17,1.6500000000000001
0,-17,1.6500000000000001
0,-18,1.6500000000000001
0,-18,1.6500000000000001
0,-18,1.8732957802815906
0,-18,4.397328966434053
0,-18,1.6500000000000001
0,-18,1.6500000000000001
0,-18,1.6500000000000001
0,-18,1.6500000000000001
0,-18,8.192225264542106
0,-18,3.54496382621205
0,-18,4.062777356181818
0,-18,1.6500000000000001
0,-18,1.6500000000000001
0,-18,1.7960854628168292
0,-18,1.6500000000000001
0,-18,1.6500000000000001
0,-18,1.6500000000000001
0,-18,1.6500000000000001
0,-18,1.6500000000000001
0,-18,2.531034266691622
0,-18,1.6500000000000001
0,-18,3.623750587736395
0,-18,1.6500000000000001
0,-18,1.6500000000000001
0,-18,1.8036535798776003
0,-18,1.6500000000000001
0,-18,2.199155460380497
0,-18,1.6500000000000001
0,-18,1.6500000000000001
0,-18,1.6500000000000001
0,-18,1.6500000000000001
0,-18,1.6500000000000001
0,-18,1.6500000000000001
0,-18,1.6500000000000001
0,-18,3.2525273805036012
0,-18,4.406202297834793
0,-18,1.6500000000000001
0,-18,1.6500000000000001
0,-18,1.6500000000000001
0,-18,1.6500000000000001
0,-18,1.6500000000000001
0,-18,1.6500000000000001
0,-18,1.6500000000000001
0,-18,2.278454661382656
0,-18,1.6500000000000001
0,-18,1.6500000000000001
0,-18,1.6500000000000001
0,-18,1.6500000000000001
0,-18,1.6500000000000001
0,-18,1.6500000000000001
0,-18,1.6500000000000001
0,-18,1.6500000000000001
0,-18,1.6500000000000001
0,-18,1.6500000000000001
0,-18,1.6500000000000001
0,-18,1.6500000000000001
0,-18,1.6500000000000001
0,-18,1.6500000000000001
0,-18,1.6500000000000001
0,-18,4.209822137078363
0,-18,3.3978020812004237
0,-18,1.6500000000000001
0,-19,1.6500000000000001
0,-19,3.8517744327003975
0,-19,4.911659713848193
0,-19,1.6500000000000001
0,-19,1.6500000000000001
0,-19,1.6500000000000001
0,-19,1.6500000000000001
0,-19,1.6500000000000001
0,-19,2.270162181019996
0,-19,1.6500000000000001
0,-19,2.0175359934817725
0,-19,4.4876435823985235
0,-19,5.9409534541229725
0,-19,1.6500000000000001
0,-19,1.6500000000000001
0,-19,1.6500000000000001
0,-19,1.6500000000000001
0,-19,1.6500000000000001
0,-19,1.6500000000000001
0,-19,1.6500000000000001
0,-19,2.199553566858312
0,-19,1.6500000000000001
0,-19,1.6500000000000001
0,-19,1.6500000000000001
0,-19,1.6500000000000001
0,-19,1.6500000000000001
0,-19,1.6500000000000001
0,-19,1.6500000000000001
0,-19,1.6500000000000001
0,-19,1.6500000000000001
0,-19,1.6500000000000001
0,-19,1.6500000000000001
0,-19,2.0853461606046415
0,-19,2.5562182728444984
0,-19,1.6500000000000001
0,-19,1.6500000000000001
0,-19,1.6500000000000001
0,-19,2.554526242180295
0,-19,1.6500000000000001
0,-19,3.1760881925186633
0,-19,2.097547406745073
0,-19,1.6500000000000001
0,-19,1.6500000000000001
0,-19,1.6500000000000001
0,-19,1.6500000000000001
0,-19,1.6500000000000001
0,-19,1.6500000000000001
0,-19,1.9366245893671088
0,-19,1.6500000000000001
0,-19,1.6500000000000001
0,-19,1.6500000000000001
0,-19,2.405156143269245
0,-19,1.6500000000000001
0,-19,2.2377822396113425
0,-19,1.6500000000000001
0,-19,1.6500000000000001
0,-19,1.6500000000000001
0,-19,1.6500000000000001
0,-19,1.7236583323381125
0,-19,3.5400744985473267
0,-19,3.470368346808683
0,-19,1.6500000000000001
0,-20,1.6500000000000001
0,-20,1.6500000000000001
0,-20,1.6500000000000001
0,-20,1.6500000000000001
0,-20,1.6500000000000001
0,-20,1.8250961997305652
0,-20,1.7863316734273704
0,-20,1.6500000000000001
0,-20,1.6500000000000001
0,-20,1.6500000000000001
0,-20,1.6500000000000001
0,-20,1.6500000000000001
0,-20,1.6500000000000001
0,-20,1.6500000000000001
0,-20,1.6500000000000001
0,-20,1.6500000000000001
0,-20,1.6500000000000001
0,-20,1.6500000000000001
0,-20,1.6500000000000001
0,-20,1.6500000000000001
0,-20,1.6500000000000001
0,-20,1.6500000000000001
0,-20,6.045220096055491
0,-20,1.6500000000000001
0,-20,1.6500000000000001
0,-20,1.6500000000000001
0,-20,2.3140573619106917
0,-20,7.083400366043688
0,-20,2.610817064750319
0,-20,1.6500000000000001
0,-20,2.5770786802566277
0,-20,1.6500000000000001
0,-20,1.6500000000000001
0,-20,1.6500000000000001
0,-20,3.2981362194244106
0,-20,1.6500000000000001
0,-20,1.6500000000000001
0,-20,1.6500000000000001
0,-20,1.6500000000000001
0,-20,4.507829986259415
0,-20,1.6500000000000001
0,-20,1.6500000000000001
0,-20,2.8462545150515153
0,-20,4.538844983771361
0,-20,1.6500000000000001
0,-20,1.6500000000000001
0,-20,1.6500000000000001
0,-20,1.6500000000000001
0,-20,1.6500000000000001
0,-20,1.6500000000000001
0,-20,1.6500000000000001
0,-20,1.6500000000000001
0,-20,1.6500000000000001
0,-20,1.6500000000000001
0,-20,1.6500000000000001
0,-20,1.6500000000000001
0,-20,1.6500000000000001
0,-20,2.8358055053592572
0,-20,1.6500000000000001
0,-20,1.6500000000000001
0,-20,1.6500000000000001
0,-19,1.6500000000000001
0,-19,1.6500000000000001
0,-19,1.6500000000000001
0,-19,5.862966122371565
0,-19,1.6500000000000001
0,-19,1.6500000000000001
0,-19,1.6500000000000001
0,-19,1.6500000000000001
0,-19,1.6500000000000001
0,-19,1.6500000000000001
0,-19,4.706329138296807
0,-19,2.1069856087617516
0,-19,1.6500000000000001
0,-19,1.6500000000000001
0,-19,1.6500000000000001
0,-19,1.6500000000000001
0,-19,6.031611864364841
0,-19,1.6500000000000001
0,-19,1.6500000000000001
0,-19,1.6500000000000001
0,-19,1.6500000000000001
0,-19,1.6500000000000001
0,-19,1.6500000000000001
0,-19,1.6500000000000001
0,-19,1.809390847144801
0,-19,1.6500000000000001
0,-19,1.6500000000000001
0,-19,3.0826941558347176
0,-19,1.6500000000000001
0,-19,1.6500000000000001
0,-19,1.6500000000000001
0,-19,1.6500000000000001
0,-19,1.6500000000000001
0,-19,1.6500000000000001
0,-19,1.6500000000000001
0,-19,1.6500000000000001
0,-19,3.0535543623156123
0,-19,1.6500000000000001
0,-19,1.6500000000000001
0,-19,1.6500000000000001
0,-19,1.6500000000000001
0,-19,1.6500000000000001
0,-19,1.6500000000000001
0,-19,1.6500000000000001
0,-19,1.6500000000000001
0,-19,1.9617970471969794
0,-19,1.6500000000000001
0,-19,1.6500000000000001
0,-19,1.6500000000000001
0,-19,1.6500000000000001
0,-19,3.724552017083316
0,-19,1.6500000000000001
0,-19,1.6500000000000001
0,-19,1.6500000000000001
0,-19,1.6500000000000001
0,-19,1.6500000000000001
0,-19,1.6500000000000001
0,-19,1.6500000000000001
0,-19,1.6500000000000001
0,-19,1.6500000000000001
0,-19,1.9061673247556998
0,-19,1.6500000000000001
-1,-19,1.6500000000000001
-1,-19,1.6500000000000001
-1,-19,1.6500000000000001
-1,-19,1.6500000000000001
-1,-19,1.6500000000000001
-1,-19,1.6500000000000001
-1,-19,1.6500000000000001
-1,-19,1.6500000000000001
-1,-19,1.6500000000000001
-1,-19,3.9875802212217946
-1,-19,1.6500000000000001
-1,-19,1.6500000000000001
-1,-19,1.6500000000000001
-1,-19,1.6500000000000001
-1,-19,1.6500000000000001
-1,-19,1.7068287141671554
-1,-19,1.6500000000000001
-1,-19,3.1483143180654305
-1,-19,1.6500000000000001
-1,-19,1.6500000000000001
-1,-19,2.6318905908731227
-1,-19,1.6500000000000001
-1,-19,1.6500000000000001
-1,-19,1.6500000000000001
-1,-19,1.6500000000000001
-1,-19,1.6500000000000001
-1,-19,1.6500000000000001
-1,-19,1.6500000000000001
-1,-19,1.6500000000000001
-1,-19,1.6500000000000001
-1,-19,1.6500000000000001
-1,-19,1.6500000000000001
-1,-19,1.6500000000000001
-1,-19,1.6500000000000001
-1,-19,1.6500000000000001
-1,-19,1.6500000000000001
-1,-19,1.6500000000000001
-1,-19,1.6500000000000001
-1,-19,1.6500000000000001
-1,-19,1.6500000000000001
-1,-19,1.6500000000000001
-1,-19,1.6500000000000001
-1,-19,1.6500000000000001
-1,-19,3.3669504067329585
-1,-19,1.6500000000000001
-1,-19,1.6500000000000001
-1,-19,1.6500000000000001
-1,-19,1.6500000000000001
-1,-19,1.6500000000000001
-1,-19,1.6500000000000001
-1,-19,1.6500000000000001
-1,-19,1.6500000000000001
-1,-19,1.6500000000000001
-1,-19,1.6500000000000001
-1,-19,1.6500000000000001
-1,-19,6.8687109570047955
-1,-19,1.6500000000000001
-1,-19,1.6500000000000001
-1,-19,1.6500000000000001
-1,-19,1.6500000000000001
-1,-19,1.6500000000000001
0,-19,1.6500000000000001
0,-19,1.6500000000000001
0,-19,1.6500000000000001
0,-19,1.6500000000000001
0,-19,1.6500000000000001
0,-19,1.6500000000000001
0,-19,1.6500000000000001
0,-19,4.0512906981949826
0,-19,1.6500000000000001
0,-19,1.6500000000000001
0,-19,1.6500000000000001
0,-19,1.6500000000000001
0,-19,1.6500000000000001
0,-19,3.1047256067853324
0,-19,1.6500000000000001
0,-19,2.8151188240815785
0,-19,3.4651164606276383
0,-19,3.615367484650842
0,-19,2.495158105516585
0,-19,1.6500000000000001
0,-19,1.6500000000000001
0,-19,1.6500000000000001
0,-19,2.673381473655236
0,-19,1.6500000000000001
0,-19,1.6500000000000001
0,-19,1.6500000000000001
0,-19,1.6500000000000001
0,-19,2.750848926296008
0,-19,1.6500000000000001
0,-19,1.6500000000000001
0,-19,1.6500000000000001
0,-19,1.6500000000000001
0,-19,1.6500000000000001
0,-19,1.6500000000000001
0,-19,3.3548285423669713
0,-19,1.6500000000000001
0,-19,2.1559996129851418
0,-19,1.6500000000000001
0,-19,1.6500000000000001
0,-19,1.6500000000000001
0,-19,2.73522913041234
0,-19,3.801711517732727
0,-19,2.519277348392273
0,-19,1.6500000000000001
0,-19,1.6500000000000001
0,-19,2.132095085510159
0,-19,1.6500000000000001
0,-19,1.6500000000000001
0,-19,1.6500000000000001
0,-19,1.6500000000000001
0,-19,1.6500000000000001
0,-19,1.6500000000000001
0,-19,1.6500000000000001
0,-19,1.6500000000000001
0,-19,1.6500000000000001
0,-19,1.6500000000000001
0,-19,1.6500000000000001
0,-19,1.6500000000000001
0,-19,3.570274911204077
0,-19,1.6500000000000001
0,-19,1.6500000000000001
0,-19,1.6500000000000001
1,-19,1.6500000000000001
1,-19,1.6500000000000001
1,-19,2.578366926356441
1,-19,1.6500000000000001
1,-19,1.6500000000000001
1,-19,1.6500000000000001
1,-19,1.6500000000000001
1,-19,1.6500000000000001
1,-19,1.7876039751039499
1,-19,3.3470142797767846
1,-19,1.6500000000000001
1,-19,1.6500000000000001
1,-19,2.810456413306448
1,-19,2.4197209194873803
1,-19,1.6500000000000001
1,-19,5.369584099327267
1,-19,2.181804132426944
1,-19,1.6500000000000001
1,-19,1.6646057868999298
1,-19,5.416737927363061
1,-19,5.200596547600386
1,-19,1.6500000000000001
1,-19,1.6500000000000001
1,-19,1.6500000000000001
1,-19,1.6500000000000001
1,-19,1.6500000000000001
1,-19,2.7553319023170695
1,-19,1.6500000000000001
1,-19,3.5277508715366506
1,-19,1.6500000000000001
1,-19,1.6500000000000001
1,-19,2.6968948083543145
1,-19,1.6500000000000001
1,-19,1.6500000000000001
1,-19,1.6500000000000001
1,-19,1.6500000000000001
1,-19,1.6500000000000001
1,-19,2.5104198173967815
1,-19,1.6500000000000001
1,-19,1.6500000000000001
1,-19,1.6500000000000001
1,-19,1.6500000000000001
1,-19,1.6500000000000001
1,-19,1.6500000000000001
1,-19,1.6500000000000001
1,-19,1.6500000000000001
1,-19,5.083283702325736
1,-19,1.6500000000000001
1,-19,1.6500000000000001
1,-19,2.445830222253376
1,-19,1.6500000000000001
1,-19,1.6500000000000001
1,-19,2.366384846984052
1,-19,1.6500000000000001
1,-19,1.6500000000000001
1,-19,1.6500000000000001
1,-19,1.6500000000000001
1,-19,1.6500000000000001
1,-19,1.6500000000000001
1,-19,1.6500000000000001
1,-19,1.6500000000000001
1,-19,1.6500000000000001
2,-19,1.6546086959219335
2,-19,1.6500000000000001
2,-19,1.6500000000000001
2,-19,1.6500000000000001
2,-19,2.064971690452366
2,-19,2.1700393000443885
2,-19,1.6500000000000001
2,-19,1.6500000000000001
2,-19,1.6500000000000001
2,-19,1.6500000000000001
2,-19,1.6500000000000001
2,-19,1.6500000000000001
2,-19,3.8009944737149115
2,-19,1.8452812469056084
2,-19,1.6500000000000001
2,-19,1.6500000000000001
2,-19,1.6500000000000001
2,-19,1.6500000000000001
2,-19,1.6500000000000001
2,-19,1.6500000000000001
2,-19,1.6500000000000001
2,-19,1.6500000000000001
2,-19,1.6500000000000001
2,-19,4.2015407673679865
2,-19,1.6500000000000001
2,-19,1.6500000000000001
2,-19,1.6500000000000001
2,-19,1.6500000000000001
2,-19,2.905024925455468
2,-19,4.455418656771432
2,-19,1.6500000000000001
2,-19,1.6500000000000001
2,-19,1.6500000000000001
2,-19,2.268638986836681
2,-19,1.6500000000000001
2,-19,1.6500000000000001
2,-19,1.6500000000000001
2,-19,4.854496007231887
2,-19,2.620312767447256
2,-19,3.2631166264916383
2,-19,1.6500000000000001
2,-19,1.7585429536345147
2,-19,1.6500000000000001
2,-19,1.6500000000000001
2,-19,3.0229603937799103
2,-19,1.6500000000000001
2,-19,3.2188311684747726
2,-19,1.6500000000000001
2,-19,1.6500000000000001
2,-19,1.6500000000000001
2,-19,1.6500000000000001
2,-19,1.6500000000000001
2,-19,1.6500000000000001
2,-19,1.6500000000000001
2,-19,1.6500000000000001
2,-19,1.6500000000000001
2,-19,1.6500000000000001
2,-19,4.3138027042742095
2,-19,1.6500000000000001
2,-19,1.7636382927768657
2,-19,1.6500000000000001
2,-20,1.6500000000000001
2,-20,1.6500000000000001
2,-20,1.7772171518889222
2,-20,1.6500000000000001
2,-20,1.6500000000000001
2,-20,1.6500000000000001
2,-20,1.6500000000000001
2,-20,1.6500000000000001
2,-20,1.6500000000000001
2,-20,1.6500000000000001
2,-20,1.6500000000000001
2,-20,1.6500000000000001
2,-20,1.6500000000000001
2,-20,1.6500000000000001
2,-20,4.102633542663376
2,-20,1.6500000000000001
2,-20,1.6500000000000001
2,-20,1.6500000000000001
2,-20,2.3341734321389622
2,-20,2.59528899690965
2,-20,3.8265929003333303
2,-20,1.6500000000000001
2,-20,1.6500000000000001
2,-20,1.6500000000000001
2,-20,1.6500000000000001
2,-20,1.6500000000000001
2,-20,1.6500000000000001
2,-20,1.6500000000000001
2,-20,5.101850503995604
2,-20,2.660171699463138
2,-20,1.8886424831909765
2,-20,1.6500000000000001
2,-20,1.6500000000000001
2,-20,1.6500000000000001
2,-20,1.6500000000000001
2,-20,1.6500000000000001
2,-20,2.062852383107625
2,-20,1.6500000000000001
2,-20,1.6500000000000001
2,-20,1.7352720344291908
2,-20,1.6500000000000001
2,-20,1.6500000000000001
2,-20,3.8724870841814223
2,-20,1.6500000000000001
2,-20,1.6500000000000001
2,-20,1.6500000000000001
2,-20,1.6500000000000001
2,-20,1.6500000000000001
2,-20,1.6500000000000001
2,-20,1.6500000000000001
2,-20,1.6500000000000001
2,-20,1.6500000000000001
2,-20,1.6500000000000001
2,-20,1.6500000000000001
2,-20,1.6500000000000001
2,-20,1.6500000000000001
2,-20,1.6500000000000001
2,-20,4.629586578261084
2,-20,1.6500000000000001
2,-20,1.6500000000000001
2,-20,1.6500000000000001
2,-20,1.6500000000000001
2,-19,1.9634612915812708
2,-19,1.6500000000000001
2,-19,1.6500000000000001
2,-19,1.6500000000000001
2,-19,3.31768778001158
2,-19,2.9248411318801177
2,-19,1.6500000000000001
2,-19,1.6500000000000001
2,-19,1.6500000000000001
2,-19,1.6500000000000001
2,-19,2.410155520643406
2,-19,1.6500000000000001
2,-19,1.6500000000000001
2,-19,1.6500000000000001
2,-19,1.6500000000000001
2,-19,1.9572480344494971
2,-19,3.5327758331886994
2,-19,1.6500000000000001
2,-19,1.6500000000000001
2,-19,1.6500000000000001
2,-19,1.6500000000000001
2,-19,1.6500000000000001
2,-19,1.6500000000000001
2,-19,1.6500000000000001
2,-19,1.6500000000000001
2,-19,1.6500000000000001
2,-19,1.6500000000000001
2,-19,3.3934026937001294
2,-19,6.834805383727238
2,-19,1.6500000000000001
2,-19,1.6500000000000001
2,-19,1.6500000000000001
2,-19,1.6500000000000001
2,-19,6.470757524188276
2,-19,1.6500000000000001
2,-19,2.325962768444699
2,-19,1.6500000000000001
2,-19,5.807346668402742
2,-19,1.6500000000000001
2,-19,4.15708381976633
2,-19,1.6500000000000001
2,-19,1.6500000000000001
2,-19,1.6500000000000001
2,-19,1.6500000000000001
2,-19,1.6500000000000001
2,-19,3.4040921154410873
2,-19,2.30654251656921
2,-19,1.6500000000000001
2,-19,1.6500000000000001
2,-19,1.6500000000000001
2,-19,2.152003704699176
2,-19,1.6500000000000001
2,-19,1.6500000000000001
2,-19,1.6500000000000001
2,-19,1.6500000000000001
2,-19,1.6500000000000001
2,-19,2.6135769440702195
2,-19,2.7793590317447534
2,-19,1.6500000000000001
2,-19,1.6500000000000001
2,-19,1.6500000000000001
1,-19,1.6500000000000001
1,-19,1.6500000000000001
1,-19,1.6500000000000001
1,-19,1.6500000000000001
1,-19,2.5289419241914723
1,-19,1.6500000000000001
1,-19,2.284557599820119
1,-19,2.4279559301004774
1,-19,1.875329714272095
1,-19,3.9649989747093493
1,-19,1.6500000000000001
1,-19,4.186888722415723
1,-19,1.6500000000000001
1,-19,1.6500000000000001
1,-19,1.6500000000000001
1,-19,1.6500000000000001
1,-19,1.6500000000000001
1,-19,5.010560603767792
1,-19,1.6500000000000001
1,-19,1.6500000000000001
1,-19,1.6500000000000001
1,-19,1.6500000000000001
1,-19,1.6500000000000001
1,-19,1.6500000000000001
1,-19,1.6500000000000001
1,-19,1.6500000000000001
1,-19,1.6500000000000001
1,-19,1.6500000000000001
1,-19,2.951960203532651
1,-19,1.6500000000000001
1,-19,1.6500000000000001
1,-19,1.6500000000000001
1,-19,1.6500000000000001
1,-19,2.7740500464876576
1,-19,1.6500000000000001
1,-19,1.6500000000000001
1,-19,3.320709164784686
1,-19,1.6500000000000001
1,-19,1.6766871213022254
1,-19,1.6500000000000001
1,-19,1.6500000000000001
1,-19,1.6500000000000001
1,-19,1.6500000000000001
1,-19,2.3221827599392504
1,-19,1.6500000000000001
1,-19,3.201695591152383
1,-19,2.6338140540075163
1,-19,1.6500000000000001
1,-19,1.6500000000000001
1,-19,1.6500000000000001
1,-19,1.6500000000000001
1,-19,1.6500000000000001
1,-19,1.6500000000000001
1,-19,1.6500000000000001
1,-19,1.6500000000000001
1,-19,1.6500000000000001
1,-19,1.6500000000000001
1,-19,1.7838008505044187
1,-19,1.6500000000000001
1,-19,3.81292373340109
1,-19,1.6500000000000001
1,-19,1.6500000000000001
1,-18,1.6500000000000001
1,-18,1.6500000000000001
1,-18,1.6883126559857848
1,-18,1.6500000000000001
1,-18,3.7747935322972026
1,-18,1.6500000000000001
1,-18,1.6500000000000001
1,-18,1.6500000000000001
1,-18,1.6500000000000001
1,-18,1.6500000000000001
1,-18,3.461574141123683
1,-18,1.9595745587910094
1,-18,1.6500000000000001
1,-18,1.6500000000000001
1,-18,2.600947031581931
1,-18,4.097765789645369
1,-18,7.133837741585789
1,-18,1.6500000000000001
1,-18,1.6500000000000001
1,-18,5.394125346491523
1,-18,1.6500000000000001
1,-18,1.6500000000000001
1,-18,1.6500000000000001
1,-18,1.6500000000000001
1,-18,1.6500000000000001
1,-18,1.6500000000000001
1,-18,2.0635020445527843
1,-18,1.6500000000000001
1,-18,6.345691020273538
1,-18,1.6500000000000001
1,-18,3.513514103867111
1,-18,8.317564617879384
1,-18,1.6500000000000001
1,-18,4.998825713355813
1,-18,1.6500000000000001
1,-18,1.6500000000000001
1,-18,1.6500000000000001
1,-18,1.6500000000000001
1,-18,1.6500000000000001
1,-18,1.6500000000000001
1,-18,1.6500000000000001
1,-18,1.6500000000000001
1,-18,1.6500000000000001
1,-18,1.6500000000000001
1,-18,1.6500000000000001
1,-18,1.6500000000000001
1,-18,1.6500000000000001
1,-18,4.878323307908786
1,-18,1.6500000000000001
1,-18,3.122850470501297
1,-18,1.6500000000000001
1,-18,1.6500000000000001
1,-18,1.6500000000000001
1,-18,1.6500000000000001
1,-18,1.6500000000000001
1,-18,3.688898190847997
1,-18,1.6500000000000001
1,-18,1.6500000000000001
1,-18,1.6500000000000001
1,-18,4.209217437625855
1,-18,1.6500000000000001
1,-18,1.8709864070184383
1,-17,3.094202769052605
1,-17,1.8769163031775355
1,-17,1.6500000000000001
1,-17,2.8591268996654917
1,-17,1.6500000000000001
1,-17,2.948341466269921
1,-17,2.0786384894826937
1,-17,1.6500000000000001
1,-17,1.6500000000000001
1,-17,8.352222643173787
1,-17,1.8572425391795555
1,-17,1.6500000000000001
1,-17,1.6500000000000001
1,-17,1.6500000000000001
1,-17,1.6500000000000001
1,-17,1.6500000000000001
1,-17,2.1417451980701756
1,-17,1.6500000000000001
1,-17,1.6500000000000001
1,-17,1.6500000000000001
1,-17,4.8032572570656225
1,-17,1.6500000000000001
1,-17,1.6500000000000001
1,-17,1.6500000000000001
1,-17,1.6500000000000001
1,-17,1.6500000000000001
1,-17,1.6500000000000001
1,-17,2.4947481297309646
1,-17,1.6500000000000001
1,-17,1.6500000000000001
1,-17,1.6500000000000001
1,-17,1.6500000000000001
1,-17,1.6500000000000001
1,-17,1.6500000000000001
1,-17,1.6500000000000001
1,-17,1.6500000000000001
1,-17,1.6500000000000001
1,-17,1.6500000000000001
1,-17,1.6500000000000001
1,-17,3.1812654531488245
1,-17,1.6500000000000001
1,-17,1.6500000000000001
1,-17,1.6500000000000001
1,-17,1.6500000000000001
1,-17,1.990009292486015
1,-17,1.6500000000000001
1,-17,2.7667225440639647
1,-17,1.6500000000000001
1,-17,1.6500000000000001
1,-17,1.6500000000000001
1,-17,1.6500000000000001
1,-17,1.6500000000000001
1,-17,1.6500000000000001
1,-17,1.6500000000000001
1,-17,1.6500000000000001
1,-17,1.6500000000000001
1,-17,1.6500000000000001
1,-17,1.6500000000000001
1,-17,2.255924272623922
1,-17,1.6500000000000001
1,-17,1.6500000000000001
2,-17,6.011656118039039
2,-17,2.691780147566506
2,-17,1.6500000000000001
2,-17,1.6500000000000001
2,-17,4.997831294606331
2,-17,1.6500000000000001
2,-17,1.6500000000000001
2,-17,3.811252021667219
2,-17,1.6500000000000001
2,-17,1.6500000000000001
2,-17,1.865018241256994
2,-17,1.6500000000000001
2,-17,1.6500000000000001
2,-17,1.6500000000000001
2,-17,1.6500000000000001
2,-17,1.6500000000000001
2,-17,1.6500000000000001
2,-17,1.6500000000000001
2,-17,1.6500000000000001
2,-17,1.6500000000000001
2,-17,1.6500000000000001
2,-17,3.7488872684956216
2,-17,1.6500000000000001
2,-17,1.6500000000000001
2,-17,2.878098178984624
2,-17,1.6500000000000001
2,-17,4.220893459328064
2,-17,1.6500000000000001
2,-17,1.6500000000000001
2,-17,1.6500000000000001
2,-17,1.6500000000000001
2,-17,1.6500000000000001
2,-17,1.6500000000000001
2,-17,1.6500000000000001
2,-17,2.8350955224223044
2,-17,2.0574389065508107
2,-17,1.6500000000000001
2,-17,1.6500000000000001
2,-17,1.6500000000000001
2,-17,1.6500000000000001
2,-17,1.6500000000000001
2,-17,1.6500000000000001
2,-17,1.6500000000000001
2,-17,3.862835870599187
2,-17,1.6500000000000001
2,-17,5.340424716750801
2,-17,3.6878773425802507
2,-17,1.6500000000000001
2,-17,1.6500000000000001
2,-17,1.6500000000000001
2,-17,1.6500000000000001
2,-17,4.110222883292835
2,-17,1.6500000000000001
2,-17,1.8590896405950006
2,-17,1.6500000000000001
2,-17,5.467907752441808
2,-17,1.6500000000000001
2,-17,1.6500000000000001
2,-17,1.6500000000000001
2,-17,1.6500000000000001
2,-17,1.6500000000000001
2,-17,1.6500000000000001
2,-16,1.6500000000000001
2,-16,1.6500000000000001
2,-16,3.4722918611216564
2,-16,1.6500000000000001
2,-16,1.6500000000000001
2,-16,4.6238340722952
2,-16,1.6500000000000001
2,-16,1.6500000000000001
2,-16,2.4574412880217955
2,-16,1.6500000000000001
2,-16,1.6500000000000001
2,-16,1.6500000000000001
2,-16,7.50211035647536
2,-16,1.6500000000000001
2,-16,1.6500000000000001
2,-16,1.6500000000000001
2,-16,1.6500000000000001
2,-16,1.6500000000000001
2,-16,1.6500000000000001
2,-16,1.6500000000000001
2,-16,1.6500000000000001
2,-16,1.6500000000000001
2,-16,5.50228316275308
2,-16,1.8493990864825425
2,-16,1.6500000000000001
2,-16,1.6500000000000001
2,-16,1.6500000000000001
2,-16,1.6500000000000001
2,-16,1.6500000000000001
2,-16,1.6500000000000001
2,-16,2.3994657681637146
2,-16,1.6500000000000001
2,-16,1.6500000000000001
2,-16,1.7661132794680163
2,-16,5.873004034601504
2,-16,1.6500000000000001
2,-16,4.244293004801178
2,-16,1.6500000000000001
2,-16,1.6500000000000001
2,-16,1.6500000000000001
2,-16,1.6500000000000001
2,-16,1.6500000000000001
2,-16,1.6500000000000001
2,-16,2.2787998537839895
2,-16,1.6500000000000001
2,-16,3.9438740143363553
2,-16,2.0668839406546615
2,-16,2.1787002113232465
2,-16,1.6500000000000001
2,-16,1.6500000000000001
2,-16,1.6500000000000001
2,-16,1.6500000000000001
2,-16,1.6500000000000001
2,-16,2.7076345837512235
2,-16,1.6500000000000001
2,-16,1.6500000000000001
2,-16,1.6500000000000001
2,-16,1.6500000000000001
2,-16,1.6500000000000001
2,-16,1.6500000000000001
2,-16,1.6500000000000001
3,-16,1.6500000000000001
3,-16,3.284749335076324
3,-16,1.6500000000000001
3,-16,1.6500000000000001
3,-16,2.2652501330504804
3,-16,1.6500000000000001
3,-16,1.6500000000000001
3,-16,1.6500000000000001
3,-16,1.6500000000000001
3,-16,3.436641007086367
3,-16,1.6500000000000001
3,-16,1.6500000000000001
3,-16,2.4959367547104034
3,-16,1.6500000000000001
3,-16,1.6500000000000001
3,-16,1.6500000000000001
3,-16,1.6500000000000001
3,-16,1.6500000000000001
3,-16,1.6500000000000001
3,-16,1.6500000000000001
3,-16,1.6500000000000001
3,-16,1.6500000000000001
3,-16,1.6500000000000001
3,-16,1.6500000000000001
3,-16,1.6500000000000001
3,-16,1.6500000000000001
3,-16,1.6500000000000001
3,-16,1.6500000000000001
3,-16,1.6500000000000001
3,-16,1.6500000000000001
3,-16,1.6500000000000001
3,-16,1.6500000000000001
3,-16,5.3289349141725975
3,-16,2.1361849650541624
3,-16,1.6500000000000001
3,-16,2.2955838372809287
3,-16,1.6500000000000001
3,-16,1.6500000000000001
3,-16,2.4302780845500767
3,-16,1.6500000000000001
3,-16,1.6500000000000001
3,-16,4.928385489246542
3,-16,1.6500000000000001
3,-16,6.273364806854955
3,-16,2.2167211276498944
3,-16,1.6500000000000001
3,-16,1.6500000000000001
3,-16,1.6500000000000001
3,-16,1.6500000000000001
3,-16,1.6500000000000001
3,-16,4.048789676677254
3,-16,1.6500000000000001
3,-16,1.6500000000000001
3,-16,1.6500000000000001
3,-16,1.6500000000000001
3,-16,1.6500000000000001
3,-16,6.121300264966792
3,-16,1.6500000000000001
3,-16,1.6500000000000001
3,-16,1.6500000000000001
3,-16,1.6500000000000001
3,-16,1.6500000000000001
4,-16,1.6500000000000001
4,-16,4.410823467668978
4,-16,3.3527570649030682
4,-16,1.6500000000000001
4,-16,1.6500000000000001
4,-16,1.6500000000000001
4,-16,5.318398883385928
4,-16,1.6500000000000001
4,-16,1.6500000000000001
4,-16,7.8737522515719505
4,-16,1.6500000000000001
4,-16,1.6500000000000001
4,-16,4.006192597824397
4,-16,4.516068277576545
4,-16,3.619153497109567
4,-16,1.6500000000000001
4,-16,1.6500000000000001
4,-16,4.561755248434794
4,-16,1.6500000000000001
4,-16,1.6500000000000001
4,-16,3.6680361238959605
4,-16,1.6500000000000001
4,-16,1.6500000000000001
4,-16,1.6500000000000001
4,-16,1.6500000000000001
4,-16,1.6500000000000001
4,-16,1.6500000000000001
4,-16,2.287317600779168
4,-16,1.6500000000000001
4,-16,2.1766035313290955
4,-16,3.318884104869305
4,-16,1.6500000000000001
4,-16,1.6500000000000001
4,-16,1.6500000000000001
4,-16,1.6500000000000001
4,-16,1.6500000000000001
4,-16,1.6500000000000001
4,-16,1.6500000000000001
4,-16,1.6500000000000001
4,-16,1.6500000000000001
4,-16,1.6500000000000001
4,-16,1.6500000000000001
4,-16,1.6500000000000001
4,-16,1.6500000000000001
4,-16,1.6500000000000001
4,-16,1.6500000000000001
4,-16,1.6500000000000001
4,-16,1.6500000000000001
4,-16,4.290009385499429
4,-16,1.6500000000000001
4,-16,1.6500000000000001
4,-16,1.6500000000000001
4,-16,1.6500000000000001
4,-16,1.925895794380264
4,-16,8.371979841804665
4,-16,4.627497094493933
4,-16,1.6500000000000001
4,-16,6.016809782041545
4,-16,4.259457282802032
4,-16,1.6500000000000001
4,-16,1.6500000000000001
4,-16,8.037092284157094
3,-16,2.523768367451514
3,-16,1.6500000000000001
3,-16,5.963341852037583
3,-16,4.1019218067176
3,-16,3.5604519172946882
3,-16,1.6500000000000001
3,-16,1.6500000000000001
3,-16,3.915389697002837
3,-16,1.6500000000000001
3,-16,1.6500000000000001
3,-16,1.6500000000000001
3,-16,1.6500000000000001
3,-16,4.920501298305563
3,-16,1.6500000000000001
3,-16,1.8252893618331465
3,-16,3.3002534379613566
3,-16,1.6500000000000001
3,-16,1.6500000000000001
3,-16,1.6500000000000001
3,-16,1.6500000000000001
3,-16,3.057241958129882
3,-16,2.3370436323793657
3,-16,3.1350622098808008
3,-16,1.6500000000000001
3,-16,1.6500000000000001
3,-16,2.0194001652318274
3,-16,2.00963995515146
3,-16,1.6500000000000001
3,-16,4.574014294576147
3,-16,1.6500000000000001
3,-16,1.6500000000000001
3,-16,3.4589838655910015
3,-16,3.0123373043259
3,-16,1.7518144504359592
3,-16,1.6500000000000001
3,-16,1.6500000000000001
3,-16,1.6500000000000001
3,-16,1.6500000000000001
3,-16,1.6500000000000001
3,-16,1.6500000000000001
3,-16,4.875108610803368
3,-16,4.241065048016065
3,-16,1.6500000000000001
3,-16,6.2010271433276145
3,-16,1.6500000000000001
3,-16,2.940495929384512
3,-16,1.6500000000000001
3,-16,2.956573759090444
3,-16,4.007941892510994
3,-16,1.6500000000000001
3,-16,2.6081208491601133
3,-16,1.6500000000000001
3,-16,1.6500000000000001
3,-16,7.245037841602624
3,-16,1.6500000000000001
3,-16,1.6500000000000001
3,-16,1.6500000000000001
3,-16,3.4969631992652275
3,-16,1.6500000000000001
3,-16,1.8434022478339251
3,-16,1.6500000000000001
4,-16,1.6500000000000001
4,-16,2.161957633940495
4,-16,1.6500000000000001
4,-16,2.9840912015241585
4,-16,1.6500000000000001
4,-16,1.6500000000000001
4,-16,1.6500000000000001
4,-16,1.6500000000000001
4,-16,1.6500000000000001
4,-16,1.6500000000000001
4,-16,6.861056671418691
4,-16,1.7637959950698008
4,-16,1.6500000000000001
4,-16,1.6500000000000001
4,-16,1.6500000000000001
4,-16,4.329905873915518
4,-16,1.6500000000000001
4,-16,4.465074030777297
4,-16,1.6500000000000001
4,-16,1.6500000000000001
4,-16,1.6500000000000001
4,-16,1.6500000000000001
4,-16,1.6500000000000001
4,-16,1.6500000000000001
4,-16,1.6500000000000001
4,-16,1.6500000000000001
4,-16,1.6500000000000001
4,-16,1.6500000000000001
4,-16,1.6500000000000001
4,-16,1.6500000000000001
4,-16,3.505622532819203
4,-16,1.6500000000000001
4,-16,1.6500000000000001
4,-16,1.6500000000000001
4,-16,1.6500000000000001
4,-16,1.6500000000000001
4,-16,2.321522438129511
4,-16,3.7779367112118756
4,-16,1.6500000000000001
4,-16,1.6500000000000001
4,-16,1.6500000000000001
4,-16,1.6500000000000001
4,-16,3.4123554840122514
4,-16,1.6500000000000001
4,-16,1.6500000000000001
4,-16,1.6500000000000001
4,-16,1.6500000000000001
4,-16,3.5706750545986887
4,-16,1.6500000000000001
4,-16,1.6500000000000001
4,-16,2.5775230590046236
4,-16,2.3749245845717453
4,-16,1.6500000000000001
4,-16,3.809174584716563
4,-16,1.6500000000000001
4,-16,1.6500000000000001
4,-16,2.643357986553592
4,-16,2.4927491121990917
4,-16,1.6500000000000001
4,-16,2.050482856092075
4,-16,1.6500000000000001
4,-16,1.6500000000000001
5,-16,4.33446733791234
5,-16,3.4962318906747467
5,-16,1.6659929130232096
5,-16,4.933144815935742
5,-16,5.108125363768042
5,-16,1.6500000000000001
5,-16,1.6500000000000001
5,-16,1.6500000000000001
5,-16,1.6500000000000001
5,-16,2.086514512480112
5,-16,1.6500000000000001
5,-16,1.6500000000000001
5,-16,1.6500000000000001
5,-16,1.6500000000000001
5,-16,1.6500000000000001
5,-16,1.6500000000000001
5,-16,2.788189797005582
5,-16,2.507609207804515
5,-16,1.6500000000000001
5,-16,1.6500000000000001
5,-16,1.6500000000000001
5,-16,1.6500000000000001
5,-16,1.6500000000000001
5,-16,8.197628274912033
5,-16,1.6500000000000001
5,-16,1.6500000000000001
5,-16,1.6500000000000001
5,-16,3.7776474522783055
5,-16,5.8850708239661556
5,-16,1.6500000000000001
5,-16,1.6500000000000001
5,-16,1.6500000000000001
5,-16,1.6500000000000001
5,-16,1.6500000000000001
5,-16,1.6500000000000001
5,-16,3.5101262520709713
5,-16,3.025240859949126
5,-16,1.6500000000000001
5,-16,1.6500000000000001
5,-16,1.6500000000000001
5,-16,1.6500000000000001
5,-16,1.6500000000000001
5,-16,1.6500000000000001
5,-16,1.6500000000000001
5,-16,1.6500000000000001
5,-16,1.6500000000000001
5,-16,1.6500000000000001
5,-16,1.6500000000000001
5,-16,2.5764661258134085
5,-16,1.7306059481769651
5,-16,1.6500000000000001
5,-16,1.6500000000000001
5,-16,1.6500000000000001
5,-16,1.6500000000000001
5,-16,1.6500000000000001
5,-16,2.498947242664942
5,-16,3.6064389232438034
5,-16,1.6500000000000001
5,-16,1.6500000000000001
5,-16,1.6500000000000001
5,-16,1.6500000000000001
6,-16,1.6500000000000001
6,-16,1.7885490602468397
6,-16,1.6500000000000001
6,-16,1.6500000000000001
6,-16,2.4045503407971704
6,-16,5.030512097991052
6,-16,1.6500000000000001
6,-16,1.6500000000000001
6,-16,2.535509010974592
6,-16,1.6500000000000001
6,-16,1.6500000000000001
6,-16,1.6500000000000001
6,-16,3.672267811454226
6,-16,5.713489945406865
6,-16,1.6500000000000001
6,-16,1.9604317354533447
6,-16,1.8256020294357924
6,-16,1.825753553172385
6,-16,1.6500000000000001
6,-16,1.6500000000000001
6,-16,1.6500000000000001
6,-16,1.6500000000000001
6,-16,1.8126662271413818
6,-16,1.6500000000000001
6,-16,1.6500000000000001
6,-16,1.6500000000000001
6,-16,1.6500000000000001
6,-16,1.6500000000000001
6,-16,1.6500000000000001
6,-16,1.6500000000000001
6,-16,1.6500000000000001
6,-16,1.6500000000000001
6,-16,1.6500000000000001
6,-16,1.6500000000000001
6,-16,1.6500000000000001
6,-16,1.6500000000000001
6,-16,1.6500000000000001
6,-16,3.091805391227338
6,-16,5.318226673064491
6,-16,5.222463417554278
6,-16,1.6500000000000001
6,-16,1.6500000000000001
6,-16,1.6500000000000001
6,-16,7.277826217188741
6,-16,1.6500000000000001
6,-16,1.6500000000000001
6,-16,1.6500000000000001
6,-16,1.6500000000000001
6,-16,1.6500000000000001
6,-16,3.7624436867883864
6,-16,1.6500000000000001
6,-16,1.6500000000000001
6,-16,1.6500000000000001
6,-16,2.420792665949684
6,-16,5.532031880226069
6,-16,1.6500000000000001
6,-16,1.6500000000000001
6,-16,2.1830179077589023
6,-16,1.6500000000000001
6,-16,1.6500000000000001
6,-16,1.6500000000000001
6,-16,3.100223724584155
7,-16,1.6500000000000001
7,-16,1.6500000000000001
7,-16,2.0620525861292234
7,-16,1.6500000000000001
7,-16,1.6500000000000001
7,-16,1.6500000000000001
7,-16,1.6500000000000001
7,-16,1.6500000000000001
7,-16,1.6500000000000001
7,-16,2.2067027326211255
7,-16,1.6500000000000001
7,-16,1.6500000000000001
7,-16,1.6500000000000001
7,-16,1.6500000000000001
7,-16,1.6500000000000001
7,-16,1.6500000000000001
7,-16,1.6500000000000001
7,-16,2.3776147977111415
7,-16,7.865577579402784
7,-16,2.6705858323870246
7,-16,1.6500000000000001
7,-16,1.6500000000000001
7,-16,1.6500000000000001
7,-16,1.6500000000000001
7,-16,1.6500000000000001
7,-16,1.6500000000000001
7,-16,1.6500000000000001
7,-16,1.6500000000000001
7,-16,3.6967039240707087
7,-16,1.6500000000000001
7,-16,1.6500000000000001
7,-16,1.6500000000000001
7,-16,1.6500000000000001
7,-16,3.140942619605647
7,-16,1.756952563355909
7,-16,2.2415290555103566
7,-16,1.6500000000000001
7,-16,1.6500000000000001
7,-16,2.357147831528567
7,-16,1.6500000000000001
7,-16,1.6500000000000001
7,-16,3.354629254375365
7,-16,2.513565117149147
7,-16,1.6500000000000001
7,-16,1.6500000000000001
7,-16,1.6500000000000001
7,-16,1.6500000000000001
7,-16,2.6728515918747355
7,-16,1.6500000000000001
7,-16,4.390168712185903
7,-16,1.6500000000000001
7,-16,1.6500000000000001
7,-16,1.6500000000000001
7,-16,1.6500000000000001
7,-16,1.6500000000000001
7,-16,6.065896053713707
7,-16,1.6500000000000001
7,-16,1.6500000000000001
7,-16,1.6500000000000001
7,-16,1.6500000000000001
7,-16,1.6500000000000001
7,-16,1.6500000000000001
8,-16,1.6500000000000001
8,-16,1.6500000000000001
8,-16,1.6500000000000001
8,-16,1.6500000000000001
8,-16,1.6500000000000001
8,-16,1.6500000000000001
8,-16,1.6500000000000001
8,-16,1.6500000000000001
8,-16,1.6500000000000001
8,-16,1.6500000000000001
8,-16,2.6748270500665563
8,-16,1.6500000000000001
8,-16,1.6500000000000001
8,-16,1.6500000000000001
8,-16,1.6500000000000001
8,-16,1.6500000000000001
8,-16,1.6500000000000001
8,-16,1.6500000000000001
8,-16,1.6500000000000001
8,-16,1.6500000000000001
8,-16,1.6500000000000001
8,-16,1.6500000000000001
8,-16,3.6446224818895536
8,-16,4.379710995934115
8,-16,1.6500000000000001
8,-16,1.6500000000000001
8,-16,1.6500000000000001
8,-16,1.6500000000000001
8,-16,1.6500000000000001
8,-16,1.6500000000000001
8,-16,1.6500000000000001
8,-16,2.0558498571101533
8,-16,1.6500000000000001
8,-16,1.6500000000000001
8,-16,1.6981848117838256
8,-16,1.6500000000000001
8,-16,1.6500000000000001
8,-16,1.6500000000000001
8,-16,1.6500000000000001
8,-16,3.7916331098132154
8,-16,1.6500000000000001
8,-16,5.116330219534593
8,-16,1.6500000000000001
8,-16,1.6500000000000001
8,-16,2.306757648450241
8,-16,2.1491595470698988
8,-16,1.6500000000000001
8,-16,1.6500000000000001
8,-16,1.6500000000000001
8,-16,1.6500000000000001
8,-16,3.2852002767333612
8,-16,2.463139126399655
8,-16,1.6500000000000001
8,-16,1.6500000000000001
8,-16,4.539486637683501
8,-16,3.7045077955298975
8,-16,1.6500000000000001
8,-16,2.559380319593462
8,-16,1.6500000000000001
8,-16,3.860500386229831
8,-16,2.24855772336575
9,-16,2.153098817315726
9,-16,1.6500000000000001
9,-16,1.6500000000000001
9,-16,1.9718176842166624
9,-16,1.6500000000000001
9,-16,7.258442441622618
9,-16,1.6500000000000001
9,-16,2.5758105185383524
9,-16,1.6500000000000001
9,-16,1.6500000000000001
9,-16,1.6500000000000001
9,-16,1.6500000000000001
9,-16,1.9919379388972036
9,-16,1.6500000000000001
9,-16,3.942908051735576
9,-16,1.6500000000000001
9,-16,1.6500000000000001
9,-16,1.6500000000000001
9,-16,6.078552093062249
9,-16,1.9741561354806265
9,-16,3.0674174873021993
9,-16,1.6500000000000001
9,-16,1.6500000000000001
9,-16,1.6500000000000001
9,-16,1.6500000000000001
9,-16,1.6500000000000001
9,-16,1.6500000000000001
9,-16,3.950329343956541
9,-16,1.6500000000000001
9,-16,2.603299322092456
9,-16,1.6500000000000001
9,-16,1.6500000000000001
9,-16,1.6500000000000001
9,-16,1.6500000000000001
9,-16,2.4718267160946654
9,-16,1.6500000000000001
9,-16,1.6500000000000001
9,-16,1.6500000000000001
9,-16,1.6500000000000001
9,-16,1.6500000000000001
9,-16,1.6500000000000001
9,-16,1.6500000000000001
9,-16,3.025815632606088
9,-16,3.3285574786558145
9,-16,1.6500000000000001
9,-16,1.6500000000000001
9,-16,2.0314242152755115
9,-16,1.6500000000000001
9,-16,2.9049528278427217
9,-16,1.6500000000000001
9,-16,1.6500000000000001
9,-16,1.6500000000000001
9,-16,1.6500000000000001
9,-16,1.6500000000000001
9,-16,1.6500000000000001
9,-16,1.6500000000000001
9,-16,1.6500000000000001
9,-16,1.6500000000000001
9,-16,1.6500000000000001
9,-16,1.6500000000000001
9,-16,3.038140964928609
9,-16,1.6500000000000001
10,-16,1.6500000000000001
10,-16,1.6500000000000001
10,-16,3.346255927768034
10,-16,1.6500000000000001
10,-16,1.6500000000000001
10,-16,1.6500000000000001
10,-16,1.6500000000000001
10,-16,1.6500000000000001
10,-16,1.6500000000000001
10,-16,1.7767643702286446
10,-16,6.448529480472717
10,-16,1.6500000000000001
10,-16,1.6500000000000001
10,-16,1.6500000000000001
10,-16,3.6123508190038303
10,-16,1.6500000000000001
10,-16,3.3736896791291517
10,-16,1.6500000000000001
10,-16,2.22584358825126
10,-16,1.6500000000000001
10,-16,9.643768375675233
10,-16,1.6500000000000001
10,-16,1.6500000000000001
10,-16,1.6500000000000001
10,-16,1.6500000000000001
10,-16,1.6500000000000001
10,-16,1.6500000000000001
10,-16,2.1829570697710543
10,-16,1.8615307576873263
10,-16,1.6500000000000001
10,-16,1.6500000000000001
10,-16,1.6500000000000001
10,-16,1.6500000000000001
10,-16,1.6500000000000001
10,-16,1.6500000000000001
10,-16,1.6500000000000001
10,-16,1.6500000000000001
10,-16,1.6500000000000001
10,-16,1.6500000000000001
10,-16,1.6500000000000001
10,-16,1.6500000000000001
10,-16,1.6500000000000001
10,-16,1.6500000000000001
10,-16,1.6500000000000001
10,-16,1.6500000000000001
10,-16,3.5038198735268846
10,-16,1.6500000000000001
10,-16,1.6500000000000001
10,-16,1.6500000000000001
10,-16,1.6500000000000001
10,-16,3.2196503220051476
10,-16,1.6500000000000001
10,-16,1.6500000000000001
10,-16,1.6500000000000001
10,-16,1.6500000000000001
10,-16,1.6500000000000001
10,-16,1.6500000000000001
10,-16,1.6500000000000001
10,-16,2.5186440576911653
10,-16,1.6500000000000001
10,-16,1.6500000000000001
11,-16,1.6500000000000001
11,-16,1.6500000000000001
11,-16,1.6500000000000001
11,-16,5.3362511904003425
11,-16,3.652668867124508
11,-16,1.6500000000000001
11,-16,1.6500000000000001
11,-16,1.6500000000000001
11,-16,1.6500000000000001
11,-16,1.6500000000000001
11,-16,1.6500000000000001
11,-16,1.6500000000000001
11,-16,1.6500000000000001
11,-16,1.6500000000000001
11,-16,1.6500000000000001
11,-16,1.6500000000000001
11,-16,1.6500000000000001
11,-16,4.981686907329186
11,-16,2.811819638431033
11,-16,1.6500000000000001
11,-16,1.6500000000000001
11,-16,1.6500000000000001
11,-16,1.6500000000000001
11,-16,1.6500000000000001
11,-16,1.6500000000000001
11,-16,1.6500000000000001
11,-16,1.6500000000000001
11,-16,1.6500000000000001
11,-16,1.6500000000000001
11,-16,1.6500000000000001
11,-16,1.6500000000000001
11,-16,1.6500000000000001
11,-16,1.6500000000000001
11,-16,1.6500000000000001
11,-16,1.6500000000000001
11,-16,1.6500000000000001
11,-16,3.3804585461975476
11,-16,1.6500000000000001
11,-16,1.6500000000000001
11,-16,1.6500000000000001
11,-16,4.825328886083924
11,-16,1.6500000000000001
11,-16,1.6500000000000001
11,-16,2.5704664600596563
11,-16,1.6500000000000001
11,-16,5.686999066439773
11,-16,1.6500000000000001
11,-16,1.6500000000000001
11,-16,1.7100737985633951
11,-16,1.6500000000000001
11,-16,1.6500000000000001
11,-16,1.6500000000000001
11,-16,1.6500000000000001
11,-16,1.6500000000000001
11,-16,1.6500000000000001
11,-16,1.6500000000000001
11,-16,1.6500000000000001
11,-16,1.6500000000000001
11,-16,1.6500000000000001
11,-16,1.6500000000000001
11,-16,1.6500000000000001
11,-16,1.6500000000000001
12,-16,1.6500000000000001
12,-16,1.6500000000000001
12,-16,1.6500000000000001
12,-16,1.6500000000000001
12,-16,1.6500000000000001
12,-16,1.6500000000000001
12,-16,1.6500000000000001
12,-16,1.6500000000000001
12,-16,1.6500000000000001
12,-16,1.6500000000000001
12,-16,1.6500000000000001
12,-16,1.6500000000000001
12,-16,1.6500000000000001
12,-16,1.6500000000000001
12,-16,1.6500000000000001
12,-16,1.6500000000000001
12,-16,2.5570836336349836
12,-16,1.6500000000000001
12,-16,1.6500000000000001
12,-16,1.6500000000000001
12,-16,1.6500000000000001
12,-16,1.6500000000000001
12,-16,2.2110677583820744
12,-16,1.6500000000000001
12,-16,1.6500000000000001
12,-16,1.6500000000000001
12,-16,1.6500000000000001
12,-16,1.6500000000000001
12,-16,1.6500000000000001
12,-16,1.6500000000000001
12,-16,1.6500000000000001
12,-16,1.6500000000000001
12,-16,1.6500000000000001
12,-16,1.6500000000000001
12,-16,1.6500000000000001
12,-16,1.6500000000000001
12,-16,1.6500000000000001
12,-16,3.370642711897201
12,-16,1.6500000000000001
12,-16,1.6500000000000001
12,-16,1.6500000000000001
12,-16,1.6500000000000001
12,-16,3.128581065706815
12,-16,1.6500000000000001
12,-16,1.6500000000000001
12,-16,1.6500000000000001
12,-16,1.6786770837808676
12,-16,1.6500000000000001
12,-16,1.6500000000000001
12,-16,1.6500000000000001
12,-16,1.6500000000000001
12,-16,1.6500000000000001
12,-16,5.802137522017774
12,-16,3.030262305181602
12,-16,1.6500000000000001
12,-16,1.996305688555244
12,-16,1.6500000000000001
12,-16,1.6500000000000001
12,-16,2.0518815979932663
12,-16,1.6500000000000001
12,-16,1.6500000000000001
12,-16,1.6500000000000001
12,-15,1.6500000000000001
12,-15,1.6500000000000001
12,-15,1.6500000000000001
12,-15,1.6500000000000001
12,-15,1.6500000000000001
12,-15,1.6500000000000001
12,-15,1.6500000000000001
12,-15,1.6500000000000001
12,-15,1.6500000000000001
12,-15,1.6500000000000001
12,-15,1.787608670136105
12,-15,1.6500000000000001
12,-15,1.6500000000000001
12,-15,1.6500000000000001
12,-15,1.6500000000000001
12,-15,2.4198932296244724
12,-15,1.6500000000000001
12,-15,8.743995028916062
12,-15,1.6500000000000001
12,-15,1.6500000000000001
12,-15,1.6500000000000001
12,-15,1.6500000000000001
12,-15,1.6500000000000001
12,-15,1.6500000000000001
12,-15,1.6500000000000001
12,-15,1.6500000000000001
12,-15,1.6500000000000001
12,-15,1.6500000000000001
12,-15,1.9973424891141476
12,-15,1.6500000000000001
12,-15,1.6500000000000001
12,-15,1.6500000000000001
12,-15,1.6500000000000001
12,-15,1.6500000000000001
12,-15,1.6500000000000001
12,-15,1.6500000000000001
12,-15,1.6500000000000001
12,-15,1.6500000000000001
12,-15,1.6500000000000001
12,-15,1.6500000000000001
12,-15,1.6500000000000001
12,-15,1.6500000000000001
12,-15,1.6500000000000001
12,-15,1.6500000000000001
12,-15,1.6500000000000001
12,-15,5.201246552017177
12,-15,1.6500000000000001
12,-15,1.6500000000000001
12,-15,1.6500000000000001
12,-15,1.6500000000000001
12,-15,1.6500000000000001
12,-15,1.6500000000000001
12,-15,1.6500000000000001
12,-15,2.9353778551850773
12,-15,1.6500000000000001
12,-15,5.802029150369758
12,-15,1.6500000000000001
12,-15,1.6500000000000001
12,-15,2.139741808865529
12,-15,1.6500000000000001
12,-15,1.6500000000000001
11,-15,1.6500000000000001
11,-15,1.6500000000000001
11,-15,1.6500000000000001
11,-15,1.6500000000000001
11,-15,4.416428873114676
11,-15,1.6500000000000001
11,-15,1.6500000000000001
11,-15,1.6500000000000001
11,-15,1.6500000000000001
11,-15,1.6500000000000001
11,-15,1.6500000000000001
11,-15,1.6500000000000001
11,-15,2.7306107476296257
11,-15,1.6500000000000001
11,-15,1.6500000000000001
11,-15,1.6500000000000001
11,-15,1.695105421390887
11,-15,1.6500000000000001
11,-15,1.6500000000000001
11,-15,1.6500000000000001
11,-15,1.6500000000000001
11,-15,1.6500000000000001
11,-15,1.8217193795190099
11,-15,1.6500000000000001
11,-15,1.6500000000000001
11,-15,1.757585409845552
11,-15,1.6500000000000001
11,-15,6.054878409027862
11,-15,1.6500000000000001
11,-15,1.6500000000000001
11,-15,1.6500000000000001
11,-15,1.6500000000000001
11,-15,3.857874601892255
11,-15,2.9082365050381735
11,-15,1.6500000000000001
11,-15,2.518602279034014
11,-15,1.6500000000000001
11,-15,2.857614724316536
11,-15,1.6500000000000001
11,-15,1.6500000000000001
11,-15,4.949830495512663
11,-15,2.1421668823809967
11,-15,1.6500000000000001
11,-15,1.6500000000000001
11,-15,1.6500000000000001
11,-15,1.6500000000000001
11,-15,1.6500000000000001
11,-15,1.6500000000000001
11,-15,1.6500000000000001
11,-15,4.892946881272208
11,-15,1.6500000000000001
11,-15,1.6500000000000001
11,-15,1.6500000000000001
11,-15,2.604200444699001
11,-15,2.7720665211821935
11,-15,1.6500000000000001
11,-15,1.6500000000000001
11,-15,1.6500000000000001
11,-15,1.6500000000000001
11,-15,1.6500000000000001
11,-15,3.1485473831388235
11,-15,1.6500000000000001
10,-15,1.6500000000000001
10,-15,1.6500000000000001
10,-15,1.6500000000000001
10,-15,1.6500000000000001
10,-15,1.6500000000000001
10,-15,1.6500000000000001
10,-15,1.6500000000000001
10,-15,1.6500000000000001
10,-15,1.6500000000000001
10,-15,3.3159842608291408
10,-15,2.8732958909020168
10,-15,1.6500000000000001
10,-15,1.6500000000000001
10,-15,1.9754759637218613
10,-15,1.6500000000000001
10,-15,1.9989564903446837
10,-15,7.073919056337437
10,-15,1.6500000000000001
10,-15,1.6500000000000001
10,-15,1.6500000000000001
10,-15,1.6500000000000001
10,-15,1.6500000000000001
10,-15,1.6500000000000001
10,-15,1.6500000000000001
10,-15,1.6500000000000001
10,-15,5.149220277695235
10,-15,1.6500000000000001
10,-15,1.6500000000000001
10,-15,3.2055562396792463
10,-15,1.6500000000000001
10,-15,1.6500000000000001
10,-15,1.6500000000000001
10,-15,1.6500000000000001
10,-15,1.6500000000000001
10,-15,1.6500000000000001
10,-15,1.6500000000000001
10,-15,1.6500000000000001
10,-15,1.6500000000000001
10,-15,1.6500000000000001
10,-15,1.6500000000000001
10,-15,1.6500000000000001
10,-15,1.6500000000000001
10,-15,1.6500000000000001
10,-15,1.6500000000000001
10,-15,1.9085593699923438
10,-15,2.7464025226357647
10,-15,1.6500000000000001
10,-15,2.863039117483578
10,-15,1.6500000000000001
10,-15,1.6500000000000001
10,-15,1.6500000000000001
10,-15,1.6500000000000001
10,-15,1.6500000000000001
10,-15,1.6500000000000001
10,-15,1.6500000000000001
10,-15,1.6500000000000001
10,-15,1.6500000000000001
10,-15,1.6500000000000001
10,-15,1.6500000000000001
10,-15,1.6500000000000001
10,-15,3.0519951282274373
10,-14,3.3108347792858566
10,-14,1.6500000000000001
10,-14,1.6500000000000001
10,-14,1.6500000000000001
10,-14,2.3748375249080773
10,-14,1.6500000000000001
10,-14,1.6500000000000001
10,-14,1.6500000000000001
10,-14,3.695554695509074
10,-14,2.559223978774356
10,-14,1.8585905287405842
10,-14,1.6500000000000001
10,-14,1.6500000000000001
10,-14,1.6500000000000001
10,-14,1.6500000000000001
10,-14,1.6500000000000001
10,-14,3.003346535523333
10,-14,2.6892823961518735
10,-14,5.475644037216859
10,-14,1.6500000000000001
10,-14,3.995399955500476
10,-14,1.6500000000000001
10,-14,1.6500000000000001
10,-14,1.6500000000000001
10,-14,4.97336015452919
10,-14,3.443079875901284
10,-14,1.6500000000000001
10,-14,1.7147957320856357
10,-14,1.6500000000000001
10,-14,1.6500000000000001
10,-14,1.6500000000000001
10,-14,4.501025444449192
10,-14,1.6500000000000001
10,-14,6.383032831749545
10,-14,1.6500000000000001
10,-14,1.6500000000000001
10,-14,1.6500000000000001
10,-14,1.6500000000000001
10,-14,3.220901207976576
10,-14,2.85769056049776
10,-14,1.7209564948627398
10,-14,4.583277918429712
10,-14,1.6500000000000001
10,-14,1.6500000000000001
10,-14,1.6904618260039799
10,-14,2.799425244731561
10,-14,1.6500000000000001
10,-14,1.8670657689373398
10,-14,1.6500000000000001
10,-14,2.009267683196258
10,-14,4.065305919848014
10,-14,6.63689323541079
10,-14,1.6500000000000001
10,-14,1.6500000000000001
10,-14,1.6500000000000001
10,-14,1.6500000000000001
10,-14,1.6500000000000001
10,-14,1.6500000000000001
10,-14,1.6500000000000001
10,-14,1.6500000000000001
10,-14,4.0088071447291
10,-14,1.6500000000000001
10,-13,1.6500000000000001
10,-13,1.6500000000000001
10,-13,1.6500000000000001
10,-13,1.6500000000000001
10,-13,1.6500000000000001
10,-13,1.6500000000000001
10,-13,1.6500000000000001
10,-13,4.0116128970766365
10,-13,3.159094359129218
10,-13,1.6500000000000001
10,-13,1.6500000000000001
10,-13,1.6500000000000001
10,-13,3.73462496892574
10,-13,2.634752707464556
10,-13,5.6847250980694435
10,-13,3.9904738647423454
10,-13,1.6500000000000001
10,-13,1.6500000000000001
10,-13,1.6500000000000001
10,-13,1.6500000000000001
10,-13,1.6500000000000001
10,-13,1.6500000000000001
10,-13,2.4096805252215545
10,-13,3.6335328202340693
10,-13,2.957963834919302
10,-13,1.9966861028237224
10,-13,1.6500000000000001
10,-13,1.6500000000000001
10,-13,1.6500000000000001
10,-13,2.6790702667058093
10,-13,1.6500000000000001
10,-13,3.802058204567964
10,-13,4.194586563924637
10,-13,1.6500000000000001
10,-13,2.6063757651196493
10,-13,1.6500000000000001
10,-13,1.6500000000000001
10,-13,6.66986109181662
10,-13,1.6500000000000001
10,-13,1.6500000000000001
10,-13,7.617129438600074
10,-13,6.761180261738196
10,-13,1.6500000000000001
10,-13,5.897467176582914
10,-13,1.6500000000000001
10,-13,1.6500000000000001
10,-13,1.6500000000000001
10,-13,1.6500000000000001
10,-13,2.1858354858689024
10,-13,1.6500000000000001
10,-13,1.6500000000000001
10,-13,2.4609905340595573
10,-13,4.468096247964118
10,-13,4.467061084629449
10,-13,3.4691952074011683
10,-13,2.6381322091218133
10,-13,3.3211101146661437
10,-13,1.6500000000000001
10,-13,1.824974510247316
10,-13,1.7615418789555697
10,-13,1.6500000000000001
10,-13,4.979000608631505
9,-13,2.076718055710898
9,-13,4.2813750200857275
9,-13,1.9023079807323087
9,-13,1.7542594791366213
9,-13,1.6500000000000001
9,-13,1.6500000000000001
9,-13,1.962865247120586
9,-13,1.6500000000000001
9,-13,3.6316348571369694
9,-13,1.6500000000000001
9,-13,1.6500000000000001
9,-13,4.545789743847456
9,-13,1.6527101491815712
9,-13,1.6500000000000001
9,-13,3.054781322791378
9,-13,1.6500000000000001
9,-13,1.6500000000000001
9,-13,1.6500000000000001
9,-13,1.6500000000000001
9,-13,1.6500000000000001
9,-13,1.6500000000000001
9,-13,1.6500000000000001
9,-13,2.0569751949296036
9,-13,2.928068740033505
9,-13,1.6500000000000001
9,-13,1.8694885789259637
9,-13,5.342557659157078
9,-13,1.6500000000000001
9,-13,2.745526515888592
9,-13,1.9033200565696373
9,-13,1.864870791773679
9,-13,1.6500000000000001
9,-13,2.7104888692364737
9,-13,1.6500000000000001
9,-13,5.424434173800627
9,-13,1.6500000000000001
9,-13,1.6500000000000001
9,-13,3.348586959633036
9,-13,1.6500000000000001
9,-13,1.6500000000000001
9,-13,1.6500000000000001
9,-13,1.6500000000000001
9,-13,1.6500000000000001
9,-13,5.387748872618069
9,-13,1.7981354323978722
9,-13,1.6500000000000001
9,-13,1.6500000000000001
9,-13,1.6500000000000001
9,-13,3.083371403535341
9,-13,2.5772147018090905
9,-13,1.6500000000000001
9,-13,1.6500000000000001
9,-13,1.6500000000000001
9,-13,5.649910189454473
9,-13,3.699744045641886
9,-13,1.6889902379776531
9,-13,1.6500000000000001
9,-13,4.14295026628348
9,-13,1.6500000000000001
9,-13,1.6500000000000001
9,-13,1.6500000000000001
10,-13,1.6500000000000001
10,-13,3.147270566582412
10,-13,2.676483308325185
10,-13,1.6500000000000001
10,-13,1.6500000000000001
10,-13,4.879791688591919
10,-13,3.7224258328294386
10,-13,1.6500000000000001
10,-13,1.6500000000000001
10,-13,2.828011310803731
10,-13,1.6500000000000001
10,-13,2.495594679236301
10,-13,1.6500000000000001
10,-13,1.6500000000000001
10,-13,7.045378692589874
10,-13,6.4880945972943564
10,-13,1.6500000000000001
10,-13,1.6500000000000001
10,-13,1.6500000000000001
10,-13,1.6500000000000001
10,-13,1.6500000000000001
10,-13,4.70926559030738
10,-13,2.9670997871440083
10,-13,3.2706592796334446
10,-13,1.6500000000000001
10,-13,1.6500000000000001
10,-13,1.6500000000000001
10,-13,1.6500000000000001
10,-13,1.6500000000000001
10,-13,7.630293242458285
10,-13,1.6500000000000001
10,-13,1.6500000000000001
10,-13,1.6500000000000001
10,-13,1.6500000000000001
10,-13,1.6500000000000001
10,-13,1.6500000000000001
10,-13,1.6500000000000001
10,-13,3.585060086138163
10,-13,1.6500000000000001
10,-13,8.168778224963365
10,-13,1.6500000000000001
10,-13,1.6500000000000001
10,-13,1.6500000000000001
10,-13,1.6500000000000001
10,-13,5.25433152520363
10,-13,5.2048078493325995
10,-13,1.6500000000000001
10,-13,1.6500000000000001
10,-13,1.6500000000000001
10,-13,1.6500000000000001
10,-13,6.68587858909297
10,-13,1.6500000000000001
10,-13,3.977837273093786
10,-13,1.6500000000000001
10,-13,4.34436885098971
10,-13,1.6500000000000001
10,-13,1.6500000000000001
10,-13,1.6500000000000001
10,-13,1.6500000000000001
10,-13,1.6500000000000001
10,-13,3.5226745897789855
10,-13,1.6500000000000001
9,-13,1.9532872861331791
9,-13,1.6500000000000001
9,-13,1.6500000000000001
9,-13,1.6500000000000001
9,-13,1.6500000000000001
9,-13,1.6500000000000001
9,-13,2.1189874440158336
9,-13,7.098914886463135
9,-13,1.6500000000000001
9,-13,1.6500000000000001
9,-13,1.6500000000000001
9,-13,5.169091134439268
9,-13,1.6886132575446795
9,-13,1.6500000000000001
9,-13,1.6500000000000001
9,-13,1.6500000000000001
9,-13,3.875256836933569
9,-13,1.7987290684078903
9,-13,1.6500000000000001
9,-13,1.6500000000000001
9,-13,1.6500000000000001
9,-13,1.6500000000000001
9,-13,1.6500000000000001
9,-13,3.6039170551228485
9,-13,3.709006400478621
9,-13,1.6500000000000001
9,-13,1.6500000000000001
9,-13,1.6500000000000001
9,-13,1.6500000000000001
9,-13,1.6500000000000001
9,-13,1.6500000000000001
9,-13,1.6500000000000001
9,-13,1.6500000000000001
9,-13,1.6500000000000001
9,-13,1.6500000000000001
9,-13,5.229484551935346
9,-13,1.6500000000000001
9,-13,1.6500000000000001
9,-13,1.6500000000000001
9,-13,1.6500000000000001
9,-13,1.6500000000000001
9,-13,1.6500000000000001
9,-13,1.6500000000000001
9,-13,1.6500000000000001
9,-13,1.6500000000000001
9,-13,1.6500000000000001
9,-13,1.6500000000000001
9,-13,3.4332454669940096
9,-13,3.499542899170836
9,-13,1.6500000000000001
9,-13,1.6500000000000001
9,-13,4.863423463285038
9,-13,2.391751244964907
9,-13,1.6500000000000001
9,-13,2.026130692881075
9,-13,3.7863455945912747
9,-13,1.6500000000000001
9,-13,1.6500000000000001
9,-13,1.6500000000000001
9,-13,1.6500000000000001
9,-13,1.6500000000000001
9,-13,1.6500000000000001
8,-13,3.527041395931446
8,-13,1.6500000000000001
8,-13,1.6500000000000001
8,-13,1.6500000000000001
8,-13,3.7176856662934963
8,-13,1.6500000000000001
8,-13,1.6500000000000001
8,-13,1.6500000000000001
8,-13,1.6500000000000001
8,-13,1.6500000000000001
8,-13,1.6500000000000001
8,-13,1.6500000000000001
8,-13,1.8037116304785834
8,-13,1.6500000000000001
8,-13,1.6500000000000001
8,-13,4.233768763165612
8,-13,5.29975430327984
8,-13,1.6500000000000001
8,-13,6.2240211651669535
8,-13,3.1147226145890645
8,-13,1.6500000000000001
8,-13,5.017803793350803
8,-13,2.4467681468834357
8,-13,1.7805616325687297
8,-13,1.6500000000000001
8,-13,5.715214988453098
8,-13,3.7057474294590467
8,-13,1.6500000000000001
8,-13,4.969223318252392
8,-13,1.6500000000000001
8,-13,1.6500000000000001
8,-13,1.802622248257967
8,-13,1.6500000000000001
8,-13,1.6500000000000001
8,-13,2.8124457398154443
8,-13,1.6500000000000001
8,-13,1.6500000000000001
8,-13,1.6500000000000001
8,-13,1.6500000000000001
8,-13,1.6500000000000001
8,-13,1.6500000000000001
8,-13,2.454215646200666
8,-13,2.667132786732542
8,-13,1.81898341763858
8,-13,1.6500000000000001
8,-13,1.8782149076958443
8,-13,1.9300496971123149
8,-13,1.6500000000000001
8,-13,1.6500000000000001
8,-13,2.268342004562052
8,-13,1.6500000000000001
8,-13,1.6500000000000001
8,-13,1.6500000000000001
8,-13,2.6716090386742444
8,-13,1.6500000000000001
8,-13,1.6500000000000001
8,-13,1.6500000000000001
8,-13,1.6500000000000001
8,-13,2.6996303834261406
8,-13,1.6500000000000001
8,-13,1.6500000000000001
7,-13,1.6500000000000001
7,-13,1.6500000000000001
7,-13,1.6500000000000001
7,-13,3.5693753154481938
7,-13,1.6500000000000001
7,-13,1.6500000000000001
7,-13,1.6500000000000001
7,-13,1.6500000000000001
7,-13,1.6500000000000001
7,-13,1.6500000000000001
7,-13,1.7857814739911457
7,-13,5.483416721612436
7,-13,1.6500000000000001
7,-13,10.921469323609331
7,-13,8.359033500775745
7,-13,1.6500000000000001
7,-13,1.6500000000000001
7,-13,1.6500000000000001
7,-13,3.473325511905559
7,-13,1.6500000000000001
7,-13,1.6500000000000001
7,-13,6.636898812177065
7,-13,1.6500000000000001
7,-13,1.6500000000000001
7,-13,1.6500000000000001
7,-13,3.700124889738115
7,-13,1.6500000000000001
7,-13,1.6500000000000001
7,-13,1.6500000000000001
7,-13,5.32744725786906
7,-13,2.2491714561299223
7,-13,1.6500000000000001
7,-13,2.5976395997800763
7,-13,1.6500000000000001
7,-13,1.6500000000000001
7,-13,1.6500000000000001
7,-13,1.6500000000000001
7,-13,1.6500000000000001
7,-13,1.9375984105678452
7,-13,1.6500000000000001
7,-13,1.6500000000000001
7,-13,1.6500000000000001
7,-13,1.6500000000000001
7,-13,2.5816059674550886
7,-13,1.6500000000000001
7,-13,3.7056947151489155
7,-13,1.6500000000000001
7,-13,3.2302163019145347
7,-13,1.6500000000000001
7,-13,1.6500000000000001
7,-13,1.6500000000000001
7,-13,1.6500000000000001
7,-13,1.6500000000000001
7,-13,1.6500000000000001
7,-13,4.002876145184633
7,-13,1.9069588981696206
7,-13,1.6500000000000001
7,-13,1.6500000000000001
7,-13,1.6500000000000001
7,-13,1.6500000000000001
7,-13,1.6500000000000001
7,-13,1.6500000000000001
6,-13,1.6500000000000001
6,-13,1.6500000000000001
6,-13,3.6049623060825646
6,-13,3.172205133496665
6,-13,1.6500000000000001
6,-13,5.09776837052714
6,-13,1.6500000000000001
6,-13,5.496220722243973
6,-13,5.771690764925224
6,-13,1.6500000000000001
6,-13,5.458208333504102
6,-13,1.6500000000000001
6,-13,1.6500000000000001
6,-13,1.6500000000000001
6,-13,1.6500000000000001
6,-13,1.6500000000000001
6,-13,1.6500000000000001
6,-13,4.087970882809835
6,-13,5.600376144803287
6,-13,1.6500000000000001
6,-13,3.521522644215322
6,-13,1.6500000000000001
6,-13,1.6500000000000001
6,-13,1.6500000000000001
6,-13,1.6500000000000001
6,-13,3.9836358869280333
6,-13,2.49629703263276
6,-13,1.6500000000000001
6,-13,5.618441604281786
6,-13,1.6500000000000001
6,-13,1.8389910966279661
6,-13,3.4346975708197247
6,-13,1.6500000000000001
6,-13,4.638908844202277
6,-13,5.572246719306028
6,-13,8.586970177403387
6,-13,1.6500000000000001
6,-13,1.6500000000000001
6,-13,1.8256482893692552
6,-13,1.6500000000000001
6,-13,1.6500000000000001
6,-13,1.6500000000000001
6,-13,1.6500000000000001
6,-13,1.6500000000000001
6,-13,1.6500000000000001
6,-13,1.6500000000000001
6,-13,1.6500000000000001
6,-13,3.563151863649109
6,-13,1.6500000000000001
6,-13,6.448749546360862
6,-13,1.6500000000000001
6,-13,3.60650729824952
6,-13,1.6500000000000001
6,-13,1.6500000000000001
6,-13,1.6500000000000001
6,-13,1.6500000000000001
6,-13,6.463570491260481
6,-13,1.6500000000000001
6,-13,2.1398600065061917
6,-13,1.6500000000000001
6,-13,6.125574793706619
5,-13,1.6500000000000001
5,-13,4.645433185154626
5,-13,1.6500000000000001
5,-13,6.379736386257016
5,-13,3.868018470901303
5,-13,1.6500000000000001
5,-13,2.9388106867318906
5,-13,3.937410004316008
5,-13,5.298030210365539
5,-13,5.443033211639044
5,-13,2.33425359869648
5,-13,1.6500000000000001
5,-13,4.643619554663998
5,-13,3.285507476381564
5,-13,1.6500000000000001
5,-13,3.04689241417295
5,-13,3.195170079260228
5,-13,1.6500000000000001
5,-13,3.8583192098558614
5,-13,2.9401728214045515
5,-13,4.647338060381138
5,-13,1.6500000000000001
5,-13,3.2246444013011057
5,-13,1.6500000000000001
5,-13,1.6500000000000001
5,-13,3.3508550536702555
5,-13,1.6500000000000001
5,-13,3.910890188798069
5,-13,1.6500000000000001
5,-13,1.6500000000000001
5,-13,1.6500000000000001
5,-13,3.7603976320095116
5,-13,2.086540290612162
5,-13,4.109910153667764
5,-13,3.7316816983741563
5,-13,1.6500000000000001
5,-13,4.571054334559809
5,-13,1.6500000000000001
5,-13,3.288689780467378
5,-13,1.6500000000000001
5,-13,1.6500000000000001
5,-13,1.6500000000000001
5,-13,1.6500000000000001
5,-13,1.6500000000000001
5,-13,1.6500000000000001
5,-13,2.242867483678606
5,-13,1.6500000000000001
5,-13,2.5025660569232526
5,-13,1.6500000000000001
5,-13,1.6500000000000001
5,-13,1.6500000000000001
5,-13,4.323960846252255
5,-13,1.6500000000000001
5,-13,3.6498921586879454
5,-13,1.6500000000000001
5,-13,1.6500000000000001
5,-13,3.1186018941112246
5,-13,1.6500000000000001
5,-13,1.6500000000000001
5,-13,2.13614300457656
5,-13,1.6500000000000001
5,-13,1.6500000000000001
4,-13,1.6500000000000001
4,-13,1.6500000000000001
4,-13,6.409250068464416
4,-13,2.650004092289248
4,-13,3.1354844082796474
4,-13,5.805715665880148
4,-13,7.539446757618469
4,-13,4.81833771290716
4,-13,1.6500000000000001
4,-13,3.091904803891698
4,-13,1.6500000000000001
4,-13,1.6500000000000001
4,-13,1.6500000000000001
4,-13,1.6500000000000001
4,-13,1.6500000000000001
4,-13,2.592877104101511
4,-13,1.6500000000000001
4,-13,4.801065896098971
4,-13,2.5115987014503576
4,-13,2.364041295805783
4,-13,1.6500000000000001
4,-13,1.6500000000000001
4,-13,1.6500000000000001
4,-13,1.6500000000000001
4,-13,2.154528741487313
4,-13,1.6500000000000001
4,-13,1.6500000000000001
4,-13,1.8309812719791831
4,-13,1.6500000000000001
4,-13,1.6500000000000001
4,-13,1.6500000000000001
4,-13,1.6500000000000001
4,-13,1.6946124423924878
4,-13,3.353242722519803
4,-13,1.6500000000000001
4,-13,1.6500000000000001
4,-13,1.6500000000000001
4,-13,5.666981700747118
4,-13,1.6500000000000001
4,-13,3.20219129215658
4,-13,1.6500000000000001
4,-13,1.9377021862775456
4,-13,1.6500000000000001
4,-13,1.6500000000000001
4,-13,3.267065205856744
4,-13,2.356469700569939
4,-13,5.974554076425734
4,-13,1.6500000000000001
4,-13,1.6500000000000001
4,-13,1.6500000000000001
4,-13,2.4595233919448907
4,-13,7.468926384791865
4,-13,1.6500000000000001
4,-13,7.71054081747779
4,-13,6.66927563094709
4,-13,1.6500000000000001
4,-13,1.6500000000000001
4,-13,2.749424417888008
4,-13,1.6500000000000001
4,-13,4.186679374424257
4,-13,1.6500000000000001
4,-13,1.6500000000000001
3,-13,2.4336128350981303
3,-13,1.6500000000000001
3,-13,3.6066907825421852
3,-13,1.6500000000000001
3,-13,1.6500000000000001
3,-13,1.6500000000000001
3,-13,1.6500000000000001
3,-13,4.559104688104114
3,-13,1.6500000000000001
3,-13,1.6500000000000001
3,-13,2.2219383921600038
3,-13,1.6500000000000001
3,-13,3.82495109620652
3,-13,6.0787535162123785
3,-13,2.5149152501440626
3,-13,3.1488992846210815
3,-13,3.894866664883049
3,-13,2.0200517368158284
3,-13,6.1581580690601605
3,-13,1.6500000000000001
3,-13,2.256265715303161
3,-13,4.673285607698391
3,-13,5.790328691145057
3,-13,9.180625833501143
3,-13,1.6500000000000001
3,-13,1.6500000000000001
3,-13,5.290196874777846
3,-13,2.878021266106806
3,-13,1.6500000000000001
3,-13,1.7777813523414698
3,-13,6.441975848754199
3,-13,2.8426230099169576
3,-13,1.6500000000000001
3,-13,5.061541526520774
3,-13,1.6500000000000001
3,-13,1.6500000000000001
3,-13,1.6500000000000001
3,-13,1.7770748305117534
3,-13,1.6500000000000001
3,-13,2.9633873657611853
3,-13,2.9533906557474285
3,-13,1.6500000000000001
3,-13,1.6500000000000001
3,-13,1.6500000000000001
3,-13,5.4769802813388315
3,-13,4.529955598843014
3,-13,2.6362466602733714
3,-13,3.7736008167038952
3,-13,2.8830673279430235
3,-13,1.6500000000000001
3,-13,3.9937416258411536
3,-13,1.6500000000000001
3,-13,1.6500000000000001
3,-13,1.6500000000000001
3,-13,2.316840644407457
3,-13,3.711173327309459
3,-13,1.6500000000000001
3,-13,1.6500000000000001
3,-13,5.5392413760357035
3,-13,1.6500000000000001
3,-13,2.064661851034478
2,-13,1.6500000000000001
2,-13,1.6500000000000001
2,-13,4.602351131758946
2,-13,4.1267293397649745
2,-13,5.5650634503242715
2,-13,3.6531025372039085
2,-13,4.348164888770487
2,-13,3.7543356303602815
2,-13,1.6500000000000001
2,-13,1.6500000000000001
2,-13,4.48280393121995
2,-13,6.158156804856195
2,-13,1.6500000000000001
2,-13,1.6500000000000001
2,-13,1.6500000000000001
2,-13,1.6500000000000001
2,-13,1.6500000000000001
2,-13,1.6500000000000001
2,-13,1.6500000000000001
2,-13,4.59668910379615
2,-13,1.6500000000000001
2,-13,1.6500000000000001
2,-13,1.6500000000000001
2,-13,1.6500000000000001
2,-13,1.6500000000000001
2,-13,5.165086652340486
2,-13,8.589471270251977
2,-13,6.488557347656506
2,-13,3.827851672851945
2,-13,1.6500000000000001
2,-13,3.1275757225124847
2,-13,1.6500000000000001
2,-13,1.6500000000000001
2,-13,1.9104313251300293
2,-13,1.6500000000000001
2,-13,1.6500000000000001
2,-13,3.2515579351192025
2,-13,1.6500000000000001
2,-13,1.6500000000000001
2,-13,3.6025702388823424
2,-13,1.6500000000000001
2,-13,3.552516244583068
2,-13,4.613795310819588
2,-13,2.6181250094075113
2,-13,1.6500000000000001
2,-13,5.4278769923438475
2,-13,1.6500000000000001
2,-13,3.7191966577416666
2,-13,1.7005897268533547
2,-13,1.6500000000000001
2,-13,1.6500000000000001
2,-13,4.1631239704978515
2,-13,1.6500000000000001
2,-13,1.6500000000000001
2,-13,3.515040832805189
2,-13,2.8383369123827498
2,-13,2.3146007617084754
2,-13,1.6500000000000001
2,-13,1.6500000000000001
2,-13,1.9162808022759212
2,-13,1.6500000000000001
2,-13,1.6500000000000001
3,-13,1.6500000000000001
3,-13,3.4100139025341827
3,-13,1.6677770819361353
3,-13,2.9459292989823185
3,-13,1.6500000000000001
3,-13,3.8238281570499653
3,-13,1.6500000000000001
3,-13,1.6500000000000001
3,-13,1.6500000000000001
3,-13,7.863304501194489
3,-13,1.6500000000000001
3,-13,1.6500000000000001
3,-13,1.6500000000000001
3,-13,1.6500000000000001
3,-13,2.4362616131011174
3,-13,1.6500000000000001
3,-13,1.6500000000000001
3,-13,2.6037427201382504
3,-13,2.5395254322696603
3,-13,3.1479815410494822
3,-13,1.6500000000000001
3,-13,1.6500000000000001
3,-13,1.6500000000000001
3,-13,1.6500000000000001
3,-13,1.6500000000000001
3,-13,1.6500000000000001
3,-13,1.6500000000000001
3,-13,1.6500000000000001
3,-13,1.6500000000000001
3,-13,1.6500000000000001
3,-13,1.6500000000000001
3,-13,4.112649754743693
3,-13,1.6500000000000001
3,-13,4.895690658892466
3,-13,1.6500000000000001
3,-13,3.0380890195600783
3,-13,3.0520897802448372
3,-13,1.6500000000000001
3,-13,1.6500000000000001
3,-13,1.6500000000000001
3,-13,1.6500000000000001
3,-13,1.9889161668863886
3,-13,1.6500000000000001
3,-13,1.6500000000000001
3,-13,1.7820260649404642
3,-13,1.6500000000000001
3,-13,4.28866956699706
3,-13,1.6500000000000001
3,-13,1.6500000000000001
3,-13,1.6500000000000001
3,-13,1.6500000000000001
3,-13,1.6500000000000001
3,-13,3.707674733108006
3,-13,1.6500000000000001
3,-13,1.6500000000000001
3,-13,4.625520108918301
3,-13,2.6005223542759985
3,-13,1.6500000000000001
3,-13,1.6652010501298964
3,-13,1.6500000000000001
3,-13,2.678862872009045
3,-12,1.6500000000000001
3,-12,1.6500000000000001
3,-12,2.5250698704070103
3,-12,1.6500000000000001
3,-12,6.5259218835646875
3,-12,1.6500000000000001
3,-12,2.14922514661326
3,-12,3.654663333684846
3,-12,1.6500000000000001
3,-12,1.6500000000000001
3,-12,3.193991482741569
3,-12,2.8599151758222803
3,-12,2.0363402805955864
3,-12,4.9477474959027585
3,-12,1.6500000000000001
3,-12,1.6500000000000001
3,-12,1.6500000000000001
3,-12,2.645139907165875
3,-12,4.85546979009554
3,-12,2.0782257559573707
3,-12,4.579754411832908
3,-12,1.7121266613156396
3,-12,7.359294876639665
3,-12,1.6500000000000001
3,-12,5.81732667317427
3,-12,4.109216559010818
3,-12,6.171834898477714
3,-12,2.1969322273297713
3,-12,6.791271000688628
3,-12,4.356218296540681
3,-12,1.6500000000000001
3,-12,1.6500000000000001
3,-12,3.38487961081566
3,-12,3.615901521748344
3,-12,1.8533591170438362
3,-12,1.6500000000000001
3,-12,1.6500000000000001
3,-12,6.1735525142980885
3,-12,1.9944703153261543
3,-12,5.692544272571686
3,-12,1.6500000000000001
3,-12,1.6500000000000001
3,-12,1.6500000000000001
3,-12,1.6500000000000001
3,-12,1.6500000000000001
3,-12,2.384469469704564
3,-12,3.6919073768999935
3,-12,1.6500000000000001
3,-12,4.178405202324476
3,-12,2.0929463964187964
3,-12,1.6500000000000001
3,-12,7.160449959440062
3,-12,1.6500000000000001
3,-12,2.697049221763277
3,-12,1.6500000000000001
3,-12,1.6500000000000001
3,-12,5.798896046453179
3,-12,1.6500000000000001
3,-12,1.6500000000000001
3,-12,6.350437198874579
3,-12,1.6500000000000001
3,-12,2.9837609493370403
2,-12,4.756848507488728
2,-12,1.6500000000000001
2,-12,1.6500000000000001
2,-12,1.7707212339453307
2,-12,2.3235748871742024
2,-12,6.372153621809637
2,-12,1.6500000000000001
2,-12,2.9407705179536685
2,-12,7.871753003121111
2,-12,2.401445889828715
2,-12,1.6500000000000001
2,-12,1.6500000000000001
2,-12,3.8675348759796373
2,-12,1.6500000000000001
2,-12,1.6500000000000001
2,-12,5.176181821749046
2,-12,6.105228465988748
2,-12,2.406697026288809
2,-12,2.9512604653071994
2,-12,1.6500000000000001
2,-12,1.8292397882901472
2,-12,1.6500000000000001
2,-12,1.6500000000000001
2,-12,6.752258330222371
2,-12,1.6500000000000001
2,-12,8.966760634837929
2,-12,1.6500000000000001
2,-12,2.869402694804768
2,-12,4.7965713038348605
2,-12,1.6500000000000001
2,-12,1.6500000000000001
2,-12,2.1382968157448845
2,-12,3.1568431295302553
2,-12,1.6500000000000001
2,-12,2.6788808139457574
2,-12,2.1044268900267484
2,-12,5.197651564513318
2,-12,1.6500000000000001
2,-12,1.843623628349297
2,-12,7.243736715615733
2,-12,1.6500000000000001
2,-12,3.6414151631657767
2,-12,1.6500000000000001
2,-12,3.284427945663886
2,-12,1.6500000000000001
2,-12,3.2496376780305756
2,-12,1.6500000000000001
2,-12,2.346743102566928
2,-12,5.776784386307069
2,-12,1.6500000000000001
2,-12,1.6500000000000001
2,-12,5.494471733055222
2,-12,3.6360344872309036
2,-12,1.6500000000000001
2,-12,4.258622685237307
2,-12,2.9328960729220617
2,-12,1.6500000000000001
2,-12,1.6500000000000001
2,-12,3.893316501434234
2,-12,1.6500000000000001
2,-12,2.5707955282538864
2,-12,2.210833389771129
3,-12,1.6500000000000001
3,-12,1.6500000000000001
3,-12,1.6500000000000001
3,-12,1.6500000000000001
3,-12,3.835397273600706
3,-12,1.6500000000000001
3,-12,1.6952650189685852
3,-12,1.6500000000000001
3,-12,1.6500000000000001
3,-12,1.86688672138588
3,-12,2.7468894795967813
3,-12,1.6500000000000001
3,-12,4.4912259277598015
3,-12,1.6500000000000001
3,-12,1.6500000000000001
3,-12,3.740269882580906
3,-12,1.776319947043723
3,-12,2.7212071097657384
3,-12,3.0704325622476514
3,-12,5.075147373835734
3,-12,2.958059336459785
3,-12,1.6500000000000001
3,-12,1.6500000000000001
3,-12,2.341372864022834
3,-12,1.6500000000000001
3,-12,2.744357172979403
3,-12,1.6500000000000001
3,-12,6.6618045454617105
3,-12,1.6500000000000001
3,-12,1.6500000000000001
3,-12,3.7537960081580564
3,-12,1.6500000000000001
3,-12,5.147934051965724
3,-12,8.078748926443474
3,-12,1.6500000000000001
3,-12,4.170345127097776
3,-12,1.6500000000000001
3,-12,1.6500000000000001
3,-12,1.6500000000000001
3,-12,3.9601164785321656
3,-12,1.6500000000000001
3,-12,2.766383143583624
3,-12,2.8292681107606708
3,-12,2.987174753725996
3,-12,2.596476145139678
3,-12,1.6500000000000001
3,-12,1.6500000000000001
3,-12,1.6500000000000001
3,-12,3.998488177664215
3,-12,3.245217562865026
3,-12,2.1471821091684786
3,-12,1.6500000000000001
3,-12,5.8122685041574815
3,-12,2.253531894518196
3,-12,1.6500000000000001
3,-12,3.6724243049761873
3,-12,3.8753447155019813
3,-12,1.6500000000000001
3,-12,4.209651714119677
3,-12,5.210754101427688
3,-12,1.9778937944215498
2,-12,1.6500000000000001
2,-12,1.6500000000000001
2,-12,3.5511729009417343
2,-12,1.6500000000000001
2,-12,2.6048676769639596
2,-12,1.6500000000000001
2,-12,1.6500000000000001
2,-12,1.986315319501861
2,-12,1.6500000000000001
2,-12,2.663379771337432
2,-12,1.6500000000000001
2,-12,1.6500000000000001
2,-12,1.6500000000000001
2,-12,1.805548294615686
2,-12,6.518840565043314
2,-12,3.4546348013811334
2,-12,3.385607687318997
2,-12,1.6500000000000001
2,-12,1.6500000000000001
2,-12,2.3036438338932284
2,-12,1.6500000000000001
2,-12,1.6500000000000001
2,-12,1.6500000000000001
2,-12,4.154958865289028
2,-12,1.812632254307297
2,-12,4.3336558189339405
2,-12,3.169023492735129
2,-12,1.6500000000000001
2,-12,5.9074488789061395
2,-12,1.6500000000000001
2,-12,4.503464274685242
2,-12,1.6500000000000001
2,-12,1.6500000000000001
2,-12,1.7147089524402814
2,-12,1.6500000000000001
2,-12,1.6500000000000001
2,-12,1.6500000000000001
2,-12,1.6500000000000001
2,-12,2.5562167375024556
2,-12,1.6500000000000001
2,-12,6.740862514714199
2,-12,1.6500000000000001
2,-12,2.8777998946513343
2,-12,3.5540226772516426
2,-12,1.6500000000000001
2,-12,4.631656453838536
2,-12,1.6500000000000001
2,-12,1.6500000000000001
2,-12,2.611484800090978
2,-12,1.7311408445034153
2,-12,1.6500000000000001
2,-12,3.0812024706699863
2,-12,1.6500000000000001
2,-12,1.6500000000000001
2,-12,2.9315271209954776
2,-12,1.6500000000000001
2,-12,1.6500000000000001
2,-12,1.6500000000000001
2,-12,4.213431648031359
2,-12,1.6500000000000001
2,-12,1.6500000000000001
2,-12,1.6500000000000001
1,-12,2.1260744640019555
1,-12,1.6500000000000001
1,-12,3.2989912511247867
1,-12,1.6500000000000001
1,-12,2.3237550386369414
1,-12,1.6500000000000001
1,-12,1.6500000000000001
1,-12,1.6500000000000001
1,-12,6.182272512594263
1,-12,1.6500000000000001
1,-12,1.6500000000000001
1,-12,1.6500000000000001
1,-12,4.488176127233761
1,-12,7.690619138397695
1,-12,6.821444330789396
1,-12,1.6500000000000001
1,-12,1.6500000000000001
1,-12,3.6842848723496164
1,-12,1.96680285408767
1,-12,2.3571026657831005
1,-12,4.470119010803279
1,-12,1.6500000000000001
1,-12,1.6500000000000001
1,-12,4.451961823909764
1,-12,4.3499007744010445
1,-12,1.6500000000000001
1,-12,1.766105577940498
1,-12,5.544102048911467
1,-12,1.6500000000000001
1,-12,4.110624726223759
1,-12,1.6500000000000001
1,-12,1.6500000000000001
1,-12,4.091664609560709
1,-12,2.1448590638503338
1,-12,1.6500000000000001
1,-12,3.001700224479493
1,-12,1.6500000000000001
1,-12,1.6500000000000001
1,-12,1.6500000000000001
1,-12,1.6500000000000001
1,-12,3.6749315978633192
1,-12,7.648213326148073
1,-12,3.3213757399815966
1,-12,1.6500000000000001
1,-12,1.6500000000000001
1,-12,1.6500000000000001
1,-12,1.6500000000000001
1,-12,1.6500000000000001
1,-12,1.6500000000000001
1,-12,4.593759631150164
1,-12,1.6500000000000001
1,-12,1.6500000000000001
1,-12,5.346733692669247
1,-12,3.3278269256646507
1,-12,1.6500000000000001
1,-12,6.794626520410688
1,-12,1.6500000000000001
1,-12,2.4020576109998935
1,-12,1.6500000000000001
1,-12,1.6500000000000001
1,-12,1.6500000000000001
0,-12,4.5528367413917765
0,-12,3.692351531025375
0,-12,1.6500000000000001
0,-12,2.5092921568985473
0,-12,1.6500000000000001
0,-12,1.6500000000000001
0,-12,1.6500000000000001
0,-12,1.6500000000000001
0,-12,1.6500000000000001
0,-12,2.7501245878092906
0,-12,1.966467269190928
0,-12,2.7484380879587524
0,-12,3.7281346444705057
0,-12,1.6500000000000001
0,-12,2.739290068524185
0,-12,1.6500000000000001
0,-12,1.6500000000000001
0,-12,1.6500000000000001
0,-12,8.914497587414294
0,-12,1.7469571315356243
0,-12,2.2575542279502874
0,-12,1.6500000000000001
0,-12,1.6500000000000001
0,-12,1.729258472834643
0,-12,3.8193042577939353
0,-12,1.6500000000000001
0,-12,3.472128197285049
0,-12,3.114505733425711
0,-12,2.6308173610003855
0,-12,1.6500000000000001
0,-12,2.654709977528402
0,-12,1.6500000000000001
0,-12,1.6500000000000001
0,-12,1.6500000000000001
0,-12,3.947474272682504
0,-12,1.6500000000000001
0,-12,2.455056825035972
0,-12,1.6500000000000001
0,-12,1.6500000000000001
0,-12,5.264420618509703
0,-12,4.3037830421573435
0,-12,1.6500000000000001
0,-12,3.4732502837302848
0,-12,2.434231186752081
0,-12,4.229435428164729
0,-12,2.61429443226681
0,-12,1.6500000000000001
0,-12,2.412780632816985
0,-12,2.2559356746898613
0,-12,1.6500000000000001
0,-12,2.377813240531467
0,-12,1.6500000000000001
0,-12,1.6500000000000001
0,-12,5.458335239108106
0,-12,5.011563471450916
0,-12,1.6697980079742996
0,-12,4.914431323080058
0,-12,1.6500000000000001
0,-12,7.02676220974395
0,-12,5.95721625196832
0,-12,1.9040755194609114
0,-12,1.6500000000000001
-1,-12,2.12057642256588
-1,-12,1.6500000000000001
-1,-12,3.3785885289520703
-1,-12,1.6500000000000001
-1,-12,1.6500000000000001
-1,-12,2.376057325626468
-1,-12,5.34262813172853
-1,-12,1.6500000000000001
-1,-12,3.0828486906797408
-1,-12,1.6500000000000001
-1,-12,1.7747630880427692
-1,-12,1.6500000000000001
-1,-12,1.6500000000000001
-1,-12,1.6500000000000001
-1,-12,4.926992010730217
-1,-12,4.483457894507279
-1,-12,1.6500000000000001
-1,-12,4.975614702382169
-1,-12,2.5023393720141156
-1,-12,1.6500000000000001
-1,-12,2.7652961018166673
-1,-12,4.983167702980977
-1,-12,1.6500000000000001
-1,-12,1.6500000000000001
-1,-12,1.6500000000000001
-1,-12,5.116358376419888
-1,-12,1.6500000000000001
-1,-12,1.6500000000000001
-1,-12,4.152721243736384
-1,-12,1.6500000000000001
-1,-12,5.057810329884099
-1,-12,1.6500000000000001
-1,-12,1.6500000000000001
-1,-12,1.6500000000000001
-1,-12,1.6500000000000001
-1,-12,4.342926056542224
-1,-12,2.1083182173447
-1,-12,1.6500000000000001
-1,-12,9.783373620713105
-1,-12,1.6500000000000001
-1,-12,5.22233530470739
-1,-12,1.6500000000000001
-1,-12,6.16719071003952
-1,-12,1.6500000000000001
-1,-12,2.307775730693836
-1,-12,1.6500000000000001
-1,-12,1.6500000000000001
-1,-12,1.6500000000000001
-1,-12,1.6500000000000001
-1,-12,1.6500000000000001
-1,-12,1.6500000000000001
-1,-12,1.6500000000000001
-1,-12,1.6500000000000001
-1,-12,4.349226761149824
-1,-12,4.54359565278841
-1,-12,4.238009427403933
-1,-12,2.1300400770468877
-1,-12,1.8115389723080155
-1,-12,3.1973628913467116
-1,-12,1.6500000000000001
-1,-12,1.6500000000000001
-1,-12,1.6500000000000001
-1,-11,1.6500000000000001
-1,-11,6.219994916219377
-1,-11,3.116922024901874
-1,-11,1.6500000000000001
-1,-11,4.536319428621763
-1,-11,1.9114733764265543
-1,-11,1.8867860638522416
-1,-11,4.177284012920341
-1,-11,1.6500000000000001
-1,-11,4.826344541368751
-1,-11,3.223542266507443
-1,-11,2.5922325485210287
-1,-11,1.6500000000000001
-1,-11,1.6500000000000001
-1,-11,3.016550279809125
-1,-11,1.735679859324056
-1,-11,1.7443224288096293
-1,-11,1.6500000000000001
-1,-11,2.9458809403808806
-1,-11,1.6500000000000001
-1,-11,3.4935913807151495
-1,-11,8.031337103748081
-1,-11,2.549156573823581
-1,-11,3.0361510776749627
-1,-11,1.6500000000000001
-1,-11,1.6500000000000001
-1,-11,3.057516060195169
-1,-11,1.6500000000000001
-1,-11,1.6500000000000001
-1,-11,2.87716543173744
-1,-11,3.726952976001492
-1,-11,3.6071287988000904
-1,-11,3.9235854691303174
-1,-11,3.1137190016261007
-1,-11,9.836870970250445
-1,-11,1.6500000000000001
-1,-11,1.6500000000000001
-1,-11,1.6500000000000001
-1,-11,4.018848338205286
-1,-11,2.016831003752048
-1,-11,1.6500000000000001
-1,-11,5.816721227454776
-1,-11,1.6500000000000001
-1,-11,1.6500000000000001
-1,-11,3.636077912763557
-1,-11,1.6500000000000001
-1,-11,1.6500000000000001
-1,-11,1.6500000000000001
-1,-11,7.4928332671166755
-1,-11,1.6500000000000001
-1,-11,6.499489141143086
-1,-11,1.6500000000000001
-1,-11,1.6500000000000001
-1,-11,6.269811158312967
-1,-11,1.8981896101369302
-1,-11,1.6500000000000001
-1,-11,2.694501160296734
-1,-11,1.6500000000000001
-1,-11,1.961636279990005
-1,-11,1.790766987055743
-1,-11,1.6500000000000001
-1,-10,1.6500000000000001
-1,-10,1.823543985511319
-1,-10,6.791761101092797
-1,-10,3.0149531314193467
-1,-10,1.6500000000000001
-1,-10,1.6500000000000001
-1,-10,1.6500000000000001
-1,-10,2.167403987043074
-1,-10,1.9561640737281685
-1,-10,2.9631360256290797
-1,-10,5.164564969305432
-1,-10,1.6500000000000001
-1,-10,3.60036266607451
-1,-10,2.3102428220664724
-1,-10,2.8308622272138395
-1,-10,1.6500000000000001
-1,-10,3.7979705960019765
-1,-10,1.6500000000000001
-1,-10,2.9387752852786897
-1,-10,1.7188383322645298
-1,-10,1.6500000000000001
-1,-10,9.59778304715395
-1,-10,2.182896952548099
-1,-10,1.6500000000000001
-1,-10,1.6500000000000001
-1,-10,1.6500000000000001
-1,-10,6.164206588293348
-1,-10,2.6713924926184296
-1,-10,5.036306919275864
-1,-10,1.6500000000000001
-1,-10,7.297841517106846
-1,-10,3.656952060232764
-1,-10,1.6500000000000001
-1,-10,1.6500000000000001
-1,-10,1.6500000000000001
-1,-10,2.058689758313516
-1,-10,2.4858149317330107
-1,-10,1.6500000000000001
-1,-10,2.9235383057230138
-1,-10,1.6500000000000001
-1,-10,9.806472447761632
-1,-10,5.25035256625805
-1,-10,1.6500000000000001
-1,-10,2.712000092359137
-1,-10,1.6500000000000001
-1,-10,1.6500000000000001
-1,-10,4.613318302407281
-1,-10,2.8933490875171177
-1,-10,1.6500000000000001
-1,-10,2.9327790514106846
-1,-10,2.9987094895254613
-1,-10,1.6500000000000001
-1,-10,6.3125309797452935
-1,-10,1.6500000000000001
-1,-10,1.6500000000000001
-1,-10,1.6500000000000001
-1,-10,4.1939480712068224
-1,-10,6.237068297405244
-1,-10,1.9139686105279288
-1,-10,2.037947561138126
-1,-10,1.6500000000000001
-1,-10,4.410243376106742
-1,-9,1.9607333861475897
-1,-9,2.8391814922479237
-1,-9,3.9219910385418864
-1,-9,1.6500000000000001
-1,-9,1.6500000000000001
-1,-9,4.1194759214852805
-1,-9,2.543803202676932
-1,-9,6.635698260422549
-1,-9,2.90234395663435
-1,-9,4.1521040670631235
-1,-9,1.6500000000000001
-1,-9,2.0860262292688247
-1,-9,3.05873280164881
-1,-9,1.6500000000000001
-1,-9,3.776015742749583
-1,-9,10.16728226653593
-1,-9,1.6500000000000001
-1,-9,7.274576026463665
-1,-9,11.23538146567621
-1,-9,1.6500000000000001
-1,-9,1.6500000000000001
-1,-9,4.472822315678452
-1,-9,5.072673399751093
-1,-9,1.6500000000000001
-1,-9,2.149155106792418
-1,-9,5.702456753918543
-1,-9,4.068807249867007
-1,-9,2.0675019205369525
-1,-9,1.8140972754622775
-1,-9,2.635549839920129
-1,-9,8.435123015023416
-1,-9,8.242767717362813
-1,-9,1.6500000000000001
-1,-9,1.6500000000000001
-1,-9,4.405650079821154
-1,-9,1.6500000000000001
-1,-9,3.4233547864883507
-1,-9,2.249840134084547
-1,-9,8.452693644559655
-1,-9,1.6500000000000001
-1,-9,1.6500000000000001
-1,-9,1.6500000000000001
-1,-9,2.7260237230208024
-1,-9,3.1971835594803664
-1,-9,2.5374786607241857
-1,-9,4.86296607188601
-1,-9,4.614973714344631
-1,-9,1.6500000000000001
-1,-9,5.557681390633876
-1,-9,3.9288016932074816
-1,-9,2.057181821732932
-1,-9,3.9073084078896363
-1,-9,1.6500000000000001
-1,-9,2.868753960521401
-1,-9,6.063941358235876
-1,-9,1.6500000000000001
-1,-9,1.6500000000000001
-1,-9,1.6500000000000001
-1,-9,2.0888899011996465
-1,-9,1.6500000000000001
-1,-9,1.6500000000000001
0,-9,4.927685973248797
0,-9,3.789148882199538
0,-9,4.431613814696348
0,-9,4.354846153309107
0,-9,6.0268749723341415
0,-9,7.346049928029056
0,-9,1.6500000000000001
0,-9,2.5300751379296678
0,-9,5.741801687412316
0,-9,7.788718155822842
0,-9,1.6500000000000001
0,-9,1.6500000000000001
0,-9,1.6500000000000001
0,-9,1.6500000000000001
0,-9,4.655432601227273
0,-9,4.779173456334155
0,-9,3.191208938053702
0,-9,3.2626618989149656
0,-9,1.6500000000000001
0,-9,2.6153352789675766
0,-9,1.6500000000000001
0,-9,1.6500000000000001
0,-9,1.6500000000000001
0,-9,1.6500000000000001
0,-9,3.0954326285913685
0,-9,5.332619423995491
0,-9,1.6500000000000001
0,-9,1.6500000000000001
0,-9,5.848504088403065
0,-9,8.961888558194788
0,-9,1.6500000000000001
0,-9,1.6500000000000001
0,-9,4.714119381177926
0,-9,5.663723056935701
0,-9,4.475562832681941
0,-9,1.6500000000000001
0,-9,1.6500000000000001
0,-9,1.6500000000000001
0,-9,1.6500000000000001
0,-9,6.810037854827183
0,-9,5.698149354656714
0,-9,1.6500000000000001
0,-9,1.6500000000000001
0,-9,7.277864070385137
0,-9,1.6500000000000001
0,-9,1.6500000000000001
0,-9,4.922493988860072
0,-9,1.6500000000000001
0,-9,6.785596338699547
0,-9,1.6500000000000001
0,-9,1.6500000000000001
0,-9,4.153452391636707
0,-9,3.881364457604615
0,-9,4.258533784577422
0,-9,3.18045048730932
0,-9,1.6500000000000001
0,-9,3.27528676056535
0,-9,1.6500000000000001
0,-9,1.9985349094630416
0,-9,3.57060472997464
0,-9,2.027233646526409
0,-9,1.6500000000000001
-1,-9,1.6500000000000001
-1,-9,1.6500000000000001
-1,-9,2.6952222794635956
-1,-9,1.6500000000000001
-1,-9,1.6500000000000001
-1,-9,5.096423967182468
-1,-9,8.853324097914623
-1,-9,4.142580871141884
-1,-9,2.297264089932651
-1,-9,7.027198561794087
-1,-9,2.4360505668444037
-1,-9,5.185029620038686
-1,-9,1.6500000000000001
-1,-9,10.485713041751126
-1,-9,1.6500000000000001
-1,-9,2.1927751916899916
-1,-9,2.8059740444422676
-1,-9,3.1497930148352653
-1,-9,4.536978041066514
-1,-9,1.6500000000000001
-1,-9,7.267800257597832
-1,-9,8.010469025252277
-1,-9,4.357460225385616
-1,-9,5.689395190314725
-1,-9,1.6500000000000001
-1,-9,1.6500000000000001
-1,-9,3.917636506045784
-1,-9,3.5975930181874953
-1,-9,4.997191217958365
-1,-9,2.2568600276469417
-1,-9,1.6500000000000001
-1,-9,1.6500000000000001
-1,-9,2.551609844709731
-1,-9,2.6235204703770125
-1,-9,2.094117094024805
-1,-9,1.6500000000000001
-1,-9,1.6500000000000001
-1,-9,9.621019417435823
-1,-9,3.4647952563403024
-1,-9,1.6500000000000001
-1,-9,6.3404055295156345
-1,-9,1.6500000000000001
-1,-9,3.1757396290167095
-1,-9,1.9121073035508376
-1,-9,3.7259869012917943
-1,-9,3.6205342409059584
-1,-9,3.783602263553993
-1,-9,3.9139602913332427
-1,-9,1.6500000000000001
-1,-9,1.6500000000000001
-1,-9,3.6625835884399076
-1,-9,1.6500000000000001
-1,-9,7.28855141286194
-1,-9,7.6852899293710575
-1,-9,3.8610003452573824
-1,-9,6.298847011442108
-1,-9,1.6500000000000001
-1,-9,5.189764737047275
-1,-9,4.651269395311118
-1,-9,7.9299933951382116
-1,-9,1.6500000000000001
-1,-9,1.6500000000000001
-2,-9,1.6500000000000001
-2,-9,1.6500000000000001
-2,-9,3.617412554200148
-2,-9,1.6500000000000001
-2,-9,7.654844965998938
-2,-9,3.7917314097246755
-2,-9,2.0266377198181385
-2,-9,5.000690502228039
-2,-9,1.6500000000000001
-2,-9,1.6500000000000001
-2,-9,1.6500000000000001
-2,-9,1.6500000000000001
-2,-9,2.207347846943404
-2,-9,1.7808385804057096
-2,-9,4.365722478279022
-2,-9,2.4796323432736402
-2,-9,7.345586467585209
-2,-9,3.431428175131095
-2,-9,1.6500000000000001
-2,-9,7.710899603549897
-2,-9,3.7706917811014016
-2,-9,4.869211394332398
-2,-9,1.6500000000000001
-2,-9,4.340932326621814
-2,-9,6.8020899706362385
-2,-9,2.4425418299320656
-2,-9,3.2333944695445256
-2,-9,5.4469220896043025
-2,-9,4.120209320151946
-2,-9,4.227331234615982
-2,-9,6.3582619164943655
-2,-9,1.6500000000000001
-2,-9,4.601510542687635
-2,-9,1.6500000000000001
-2,-9,4.42196821579986
-2,-9,4.269099914785886
-2,-9,1.7904099309402048
-2,-9,5.289907120474814
-2,-9,6.174897105006075
-2,-9,1.6500000000000001
-2,-9,2.3951183536835767
-2,-9,1.6500000000000001
-2,-9,1.783062144478142
-2,-9,1.6500000000000001
-2,-9,1.6500000000000001
-2,-9,3.088453929127165
-2,-9,4.471448067857235
-2,-9,1.6500000000000001
-2,-9,1.6500000000000001
-2,-9,4.991676520931423
-2,-9,3.547184301439737
-2,-9,6.261615595603143
-2,-9,1.6500000000000001
-2,-9,1.6500000000000001
-2,-9,1.6500000000000001
-2,-9,6.360524498918572
-2,-9,3.3829827839321123
-2,-9,1.6500000000000001
-2,-9,1.6500000000000001
-2,-9,5.7394754785007605
-2,-9,1.6500000000000001
-3,-9,1.821084073279096
-3,-9,1.6500000000000001
-3,-9,6.60338603595897
-3,-9,2.9555565362165557
-3,-9,4.706613347674452
-3,-9,1.6500000000000001
-3,-9,2.341854381837281
-3,-9,1.6500000000000001
-3,-9,5.699939860645456
-3,-9,3.9500802512045574
-3,-9,5.605054167320901
-3,-9,4.418978475948851
-3,-9,1.6500000000000001
-3,-9,7.480631870425864
-3,-9,5.89716749792295
-3,-9,6.469750015492937
-3,-9,1.6500000000000001
-3,-9,4.312980788322301
-3,-9,2.979926694227385
-3,-9,1.6500000000000001
-3,-9,7.640667371953143
-3,-9,4.779304905820428
-3,-9,5.4316980431717825
-3,-9,1.701323366352749
-3,-9,1.6500000000000001
-3,-9,4.253483634367065
-3,-9,1.6500000000000001
-3,-9,2.49550247611204
-3,-9,4.152035215307944
-3,-9,1.6500000000000001
-3,-9,1.6500000000000001
-3,-9,1.6500000000000001
-3,-9,6.2147892343930184
-3,-9,1.6500000000000001
-3,-9,3.2306924560806936
-3,-9,1.7120861559752603
-3,-9,2.459073110847597
-3,-9,1.6500000000000001
-3,-9,1.6500000000000001
-3,-9,1.6500000000000001
-3,-9,4.849075695889687
-3,-9,1.6500000000000001
-3,-9,3.934072211688435
-3,-9,3.044471262370539
-3,-9,1.6500000000000001
-3,-9,1.6500000000000001
-3,-9,2.9994711544884565
-3,-9,3.146407720769629
-3,-9,1.6500000000000001
-3,-9,1.6500000000000001
-3,-9,1.7486218058711207
-3,-9,1.6500000000000001
-3,-9,3.342660952662448
-3,-9,4.847047998774077
-3,-9,1.6500000000000001
-3,-9,4.708884649637016
-3,-9,1.6500000000000001
-3,-9,1.6500000000000001
-3,-9,5.198200043546775
-3,-9,1.6500000000000001
-3,-9,4.143096777432914
-3,-9,3.707473318855301
-4,-9,1.6500000000000001
-4,-9,5.680828364303876
-4,-9,3.445987535220807
-4,-9,1.6500000000000001
-4,-9,8.668900182982101
-4,-9,3.544526798002364
-4,-9,1.6500000000000001
-4,-9,10.004771755563471
-4,-9,2.3685389128327783
-4,-9,1.6500000000000001
-4,-9,1.961338515784415
-4,-9,4.905204161453294
-4,-9,1.6500000000000001
-4,-9,1.6500000000000001
-4,-9,7.125255447432794
-4,-9,1.6500000000000001
-4,-9,2.3150086628147393
-4,-9,1.6500000000000001
-4,-9,2.30732811182598
-4,-9,1.6500000000000001
-4,-9,5.023581819078064
-4,-9,1.6500000000000001
-4,-9,3.0718442462816666
-4,-9,1.6500000000000001
-4,-9,2.235088499105121
-4,-9,2.6808652207675325
-4,-9,6.578453431902184
-4,-9,1.6500000000000001
-4,-9,5.013865811211282
-4,-9,3.4907729267823924
-4,-9,2.04167453150232
-4,-9,2.8358310716843507
-4,-9,1.6500000000000001
-4,-9,1.6500000000000001
-4,-9,1.6500000000000001
-4,-9,1.6500000000000001
-4,-9,1.6500000000000001
-4,-9,2.925849834193793
-4,-9,2.890805472271962
-4,-9,5.551259475459778
-4,-9,2.8865557341013353
-4,-9,3.0794494595299557
-4,-9,1.6500000000000001
-4,-9,1.6500000000000001
-4,-9,6.557790519653641
-4,-9,3.167423696082375
-4,-9,5.986085357165543
-4,-9,1.7849863353044673
-4,-9,3.5903461176598843
-4,-9,6.595287081798629
-4,-9,1.6500000000000001
-4,-9,1.6500000000000001
-4,-9,1.6500000000000001
-4,-9,1.6500000000000001
-4,-9,1.6500000000000001
-4,-9,4.56154987215341
-4,-9,5.209142332917102
-4,-9,1.6500000000000001
-4,-9,6.7519217142913845
-4,-9,3.8764164932958405
-4,-9,7.9898727378961505
-4,-8,1.6500000000000001
-4,-8,2.402325353302973
-4,-8,1.9320972468373134
-4,-8,7.012782427151338
-4,-8,6.110171296702697
-4,-8,1.6500000000000001
-4,-8,2.396035508788108
-4,-8,1.6500000000000001
-4,-8,2.258494175065359
-4,-8,2.246335106512827
-4,-8,1.6500000000000001
-4,-8,3.7905241913462553
-4,-8,3.9248293406558066
-4,-8,4.108004097088304
-4,-8,8.166871083490232
-4,-8,5.16400626606028
-4,-8,5.386207021086439
-4,-8,1.6500000000000001
-4,-8,3.537213022682476
-4,-8,2.9072495163510372
-4,-8,4.8964870934273925
-4,-8,7.406769120367567
-4,-8,1.6500000000000001
-4,-8,6.614370003064467
-4,-8,2.7996521465795587
-4,-8,4.404238565909846
-4,-8,3.3468736937869523
-4,-8,2.037225302819154
-4,-8,7.625554934529553
-4,-8,4.478068972146845
-4,-8,1.6500000000000001
-4,-8,1.6500000000000001
-4,-8,3.006705850615834
-4,-8,1.6500000000000001
-4,-8,5.932061365691437
-4,-8,5.8751336968295025
-4,-8,4.41010647345284
-4,-8,5.375614372614919
-4,-8,1.6500000000000001
-4,-8,4.59738077017678
-4,-8,1.6500000000000001
-4,-8,1.6500000000000001
-4,-8,1.6500000000000001
-4,-8,5.4743818306306
-4,-8,4.204527820989313
-4,-8,5.587770714985721
-4,-8,1.6500000000000001
-4,-8,1.8252328213101507
-4,-8,3.646375843257901
-4,-8,6.914575123930131
-4,-8,1.6500000000000001
-4,-8,1.6500000000000001
-4,-8,1.6500000000000001
-4,-8,4.01133781761479
-4,-8,1.6500000000000001
-4,-8,4.240965151360797
-4,-8,7.66459701551611
-4,-8,1.6500000000000001
-4,-8,2.4115037245375026
-4,-8,5.1587987623127765
-4,-8,1.6500000000000001
-4,-8,1.6500000000000001
-4,-9,1.6500000000000001
-4,-9,5.6688557778294495
-4,-9,2.5659858260976773
-4,-9,2.519399483129557
-4,-9,1.6500000000000001
-4,-9,1.6500000000000001
-4,-9,2.4138806616959525
-4,-9,3.621032561690009
-4,-9,3.806477870658033
-4,-9,1.6500000000000001
-4,-9,4.131853585395326
-4,-9,1.6500000000000001
-4,-9,1.6500000000000001
-4,-9,7.489569687309236
-4,-9,1.6500000000000001
-4,-9,4.4379773411776835
-4,-9,7.8433687785803095
-4,-9,4.1575918880541725
-4,-9,4.539380377144994
-4,-9,1.6500000000000001
-4,-9,5.834361038003937
-4,-9,1.6500000000000001
-4,-9,4.42913776631019
-4,-9,1.6500000000000001
-4,-9,3.290441910236761
-4,-9,5.275964506045433
-4,-9,1.6500000000000001
-4,-9,1.6500000000000001
-4,-9,3.931158627246796
-4,-9,2.7060369925032064
-4,-9,3.542266332777753
-4,-9,1.6500000000000001
-4,-9,6.295817962703028
-4,-9,5.38617867194645
-4,-9,6.458955818687589
-4,-9,6.364393828871262
-4,-9,1.6500000000000001
-4,-9,5.473938617574314
-4,-9,2.298062328712063
-4,-9,2.6162425604531885
-4,-9,5.498526417873537
-4,-9,7.239881890899082
-4,-9,4.31394248146756
-4,-9,5.890143823816167
-4,-9,6.513863359424009
-4,-9,1.6500000000000001
-4,-9,4.1313665962593
-4,-9,1.6500000000000001
-4,-9,6.113269337920007
-4,-9,7.637543276890752
-4,-9,1.6500000000000001
-4,-9,1.6500000000000001
-4,-9,1.6500000000000001
-4,-9,5.055457141388125
-4,-9,1.950117341860302
-4,-9,4.874584771561972
-4,-9,4.619239488355287
-4,-9,1.6500000000000001
-4,-9,5.032785568783368
-4,-9,4.869337425342633
-4,-9,2.8576836372789565
-4,-9,5.936049286182969
-5,-9,4.235285089753307
-5,-9,4.562469506449186
-5,-9,3.5168230367829056
-5,-9,5.392938462153744
-5,-9,1.6500000000000001
-5,-9,4.0537041339972655
-5,-9,1.843338419764981
-5,-9,1.6500000000000001
-5,-9,3.4206409060700143
-5,-9,1.8964608875383882
-5,-9,1.6500000000000001
-5,-9,2.2150424728500453
-5,-9,1.6500000000000001
-5,-9,3.9162729862756813
-5,-9,1.6500000000000001
-5,-9,3.521080173540782
-5,-9,1.6500000000000001
-5,-9,4.62711926843556
-5,-9,1.6500000000000001
-5,-9,1.6500000000000001
-5,-9,1.6500000000000001
-5,-9,1.6705256624466729
-5,-9,2.6014301129550224
-5,-9,3.9067503994568296
-5,-9,1.6500000000000001
-5,-9,5.032395881395535
-5,-9,1.9395785119808266
-5,-9,1.6500000000000001
-5,-9,5.4680351314675315
-5,-9,1.6500000000000001
-5,-9,3.6333256799331632
-5,-9,2.663835721563717
-5,-9,6.933270911101775
-5,-9,7.263706974381166
-5,-9,2.890196509595179
-5,-9,3.4137955920367773
-5,-9,1.6500000000000001
-5,-9,7.070882610168484
-5,-9,4.50945339129774
-5,-9,3.8232374555997124
-5,-9,3.415876867545519
-5,-9,4.053842829239216
-5,-9,1.6500000000000001
-5,-9,1.786259696145223
-5,-9,1.6500000000000001
-5,-9,3.3269300430866373
-5,-9,2.8049740822893794
-5,-9,1.6500000000000001
-5,-9,9.886960275718693
-5,-9,2.420113908023377
-5,-9,5.37588811986141
-5,-9,2.623969868412156
-5,-9,1.6500000000000001
-5,-9,6.254200128417308
-5,-9,1.6500000000000001
-5,-9,4.458663037239173
-5,-9,1.6500000000000001
-5,-9,2.435977425454126
-5,-9,1.6500000000000001
-5,-9,3.2822456611654056
-5,-9,3.1238501557288667
-6,-9,1.6500000000000001
-6,-9,1.6500000000000001
-6,-9,2.540213268392289
-6,-9,1.6500000000000001
-6,-9,5.508663233443937
-6,-9,11.192360887399008
-6,-9,6.58016973093875
-6,-9,4.558573770321862
-6,-9,4.758429291501579
-6,-9,1.6500000000000001
-6,-9,1.6500000000000001
-6,-9,2.4221268050638036
-6,-9,2.1975014363588556
-6,-9,4.334955608524536
-6,-9,1.6500000000000001
-6,-9,1.6500000000000001
-6,-9,1.6500000000000001
-6,-9,1.6500000000000001
-6,-9,1.6500000000000001
-6,-9,1.6500000000000001
-6,-9,1.6500000000000001
-6,-9,1.6500000000000001
-6,-9,1.6500000000000001
-6,-9,7.807623512775478
-6,-9,3.175804080980784
-6,-9,1.6500000000000001
-6,-9,1.6500000000000001
-6,-9,3.177755769685782
-6,-9,3.5502413889654907
-6,-9,1.6500000000000001
-6,-9,6.5571093991971185
-6,-9,5.470346270594517
-6,-9,7.875931253670758
-6,-9,3.0733717873852844
-6,-9,3.7195190052319926
-6,-9,1.9763648444269515
-6,-9,2.3297696500464795
-6,-9,4.095715299069171
-6,-9,2.0813748927823514
-6,-9,1.6500000000000001
-6,-9,2.6918163528652044
-6,-9,1.6500000000000001
-6,-9,2.2753249941047264
-6,-9,1.6500000000000001
-6,-9,4.4250848508645015
-6,-9,1.6500000000000001
-6,-9,2.010192546816306
-6,-9,4.0962187843417786
-6,-9,4.564752376071018
-6,-9,1.6500000000000001
-6,-9,5.997911829340449
-6,-9,4.272738797481827
-6,-9,3.15950509085305
-6,-9,4.445337946265196
-6,-9,6.126677056896812
-6,-9,1.6500000000000001
-6,-9,2.779623482077343
-6,-9,1.6500000000000001
-6,-9,2.0420277535160682
-6,-9,1.8218634179707622
-6,-9,9.57292136096153
-6,-9,3.8299282562910784
-7,-9,1.6500000000000001
-7,-9,1.6500000000000001
-7,-9,3.6166562939781293
-7,-9,3.5627566799701436
-7,-9,1.6500000000000001
-7,-9,1.6500000000000001
-7,-9,1.6500000000000001
-7,-9,1.6500000000000001
-7,-9,1.6500000000000001
-7,-9,2.6052439614809524
-7,-9,2.5057202429290326
-7,-9,1.6500000000000001
-7,-9,1.6500000000000001
-7,-9,2.0573732699821683
-7,-9,1.6500000000000001
-7,-9,1.6500000000000001
-7,-9,3.557965217900401
-7,-9,1.6500000000000001
-7,-9,4.543551331124718
-7,-9,5.2309926692286
-7,-9,1.6500000000000001
-7,-9,1.6500000000000001
-7,-9,1.6500000000000001
-7,-9,4.600293174462498
-7,-9,4.472670460783453
-7,-9,1.6500000000000001
-7,-9,1.6500000000000001
-7,-9,1.8990701950598539
-7,-9,3.7625076514388787
-7,-9,1.6500000000000001
-7,-9,8.281384968580912
-7,-9,2.8909598658397773
-7,-9,1.6932072625418808
-7,-9,2.2280601432583884
-7,-9,2.1772019330895747
-7,-9,2.9211111737138866
-7,-9,4.06876258455965
-7,-9,1.6500000000000001
-7,-9,1.9002142094244943
-7,-9,5.660895604384271
-7,-9,5.812822750096627
-7,-9,6.761760607773464
-7,-9,1.6500000000000001
-7,-9,1.9471417133007622
-7,-9,2.80848810384275
-7,-9,1.6500000000000001
-7,-9,2.1302276816154513
-7,-9,1.6500000000000001
-7,-9,5.254407020252064
-7,-9,1.6500000000000001
-7,-9,4.02156475664616
-7,-9,1.6500000000000001
-7,-9,2.868658005987719
-7,-9,6.505623978486682
-7,-9,4.143142684713271
-7,-9,1.6500000000000001
-7,-9,2.4147270793981965
-7,-9,1.6500000000000001
-7,-9,1.9977659654712046
-7,-9,2.5521423676400063
-7,-9,4.5646888490735815
-8,-9,2.369622002621739
-8,-9,3.362969076611744
-8,-9,2.3263950017916084
-8,-9,1.6500000000000001
-8,-9,1.6500000000000001
-8,-9,1.6500000000000001
-8,-9,1.8339208702061012
-8,-9,1.6500000000000001
-8,-9,6.085018949404412
-8,-9,1.6500000000000001
-8,-9,3.4847966348829775
-8,-9,1.6500000000000001
-8,-9,2.967428160104857
-8,-9,1.6500000000000001
-8,-9,4.945005512423519
-8,-9,1.904737357305506
-8,-9,4.462858867511113
-8,-9,8.727970777056697
-8,-9,1.6500000000000001
-8,-9,3.7744954519475313
-8,-9,1.6500000000000001
-8,-9,2.786452808415136
-8,-9,7.193429367110418
-8,-9,4.497846462889628
-8,-9,1.6500000000000001
-8,-9,1.6500000000000001
-8,-9,1.6500000000000001
-8,-9,1.6500000000000001
-8,-9,1.6500000000000001
-8,-9,6.417951214612736
-8,-9,1.6500000000000001
-8,-9,4.4820519026187755
-8,-9,4.291500457370034
-8,-9,3.054337473850189
-8,-9,1.6500000000000001
-8,-9,4.27818520585785
-8,-9,1.6500000000000001
-8,-9,1.6500000000000001
-8,-9,3.846275335473158
-8,-9,3.7891740839185917
-8,-9,1.6500000000000001
-8,-9,3.4657281280214174
-8,-9,1.6500000000000001
-8,-9,7.364949392814406
-8,-9,1.6500000000000001
-8,-9,2.088352298081329
-8,-9,3.2776794001635774
-8,-9,1.6500000000000001
-8,-9,5.826799814770287
-8,-9,1.9762920755132218
-8,-9,4.059487155758256
-8,-9,2.4837971950992057
-8,-9,1.6500000000000001
-8,-9,1.6500000000000001
-8,-9,1.8843472366863887
-8,-9,4.660043975186467
-8,-9,3.7797923557732456
-8,-9,4.80063257983875
-8,-9,1.6500000000000001
-8,-9,1.6500000000000001
-8,-9,3.9048742603848194
-8,-9,4.327712175802837
-9,-9,1.6500000000000001
-9,-9,1.6500000000000001
-9,-9,1.6500000000000001
-9,-9,4.037475242574816
-9,-9,1.6500000000000001
-9,-9,1.6500000000000001
-9,-9,3.214540479033286
-9,-9,1.6500000000000001
-9,-9,2.63193815504932
-9,-9,1.6500000000000001
-9,-9,3.1904257363802175
-9,-9,2.412657631499541
-9,-9,6.456441548790062
-9,-9,1.6500000000000001
-9,-9,5.596244853033538
-9,-9,1.6500000000000001
-9,-9,2.6060547192014223
-9,-9,5.989708707034523
-9,-9,2.6089935952804897
-9,-9,1.6500000000000001
-9,-9,1.6500000000000001
-9,-9,3.8486210738588844
-9,-9,1.6500000000000001
-9,-9,1.6500000000000001
-9,-9,1.6500000000000001
-9,-9,2.0494695294078613
-9,-9,1.6500000000000001
-9,-9,1.6500000000000001
-9,-9,1.6500000000000001
-9,-9,3.86123990275191
-9,-9,1.8321435870974598
-9,-9,1.6500000000000001
-9,-9,3.1792923267942235
-9,-9,1.6500000000000001
-9,-9,1.6500000000000001
-9,-9,1.6500000000000001
-9,-9,5.4887625423392885
-9,-9,1.7611839627866723
-9,-9,8.081613653895134
-9,-9,2.338204413695737
-9,-9,1.6500000000000001
-9,-9,2.7725861908726297
-9,-9,6.003781869535697
-9,-9,5.395915866200889
-9,-9,2.762127015459285
-9,-9,1.6500000000000001
-9,-9,1.6500000000000001
-9,-9,1.6500000000000001
-9,-9,1.6500000000000001
-9,-9,1.6500000000000001
-9,-9,4.644773480345734
-9,-9,1.6500000000000001
-9,-9,1.6500000000000001
-9,-9,3.8477004111817337
-9,-9,6.652698076288628
-9,-9,1.6500000000000001
-9,-9,6.769854135050373
-9,-9,2.569904594177084
-9,-9,2.4586316901344913
-9,-9,2.797013029102218
-9,-9,1.6500000000000001
-9,-9,1.6500000000000001
-8,-9,3.4950420223266865
-8,-9,1.6500000000000001
-8,-9,3.408559739432069
-8,-9,6.860286878645942
-8,-9,1.6500000000000001
-8,-9,1.6500000000000001
-8,-9,2.5976966219078794
-8,-9,3.4364001931417842
-8,-9,3.0881590028602397
-8,-9,6.746399315191049
-8,-9,1.9442611528779283
-8,-9,1.6500000000000001
-8,-9,1.6500000000000001
-8,-9,4.381116394482175
-8,-9,2.38074964919051
-8,-9,2.6843093865666727
-8,-9,1.6500000000000001
-8,-9,1.6500000000000001
-8,-9,2.1762015687587524
-8,-9,4.722616367129614
-8,-9,1.6500000000000001
-8,-9,1.6500000000000001
-8,-9,1.6500000000000001
-8,-9,1.6500000000000001
-8,-9,1.6500000000000001
-8,-9,2.735510767989239
-8,-9,3.7575078400014132
-8,-9,2.4527884796518387
-8,-9,3.241484128536708
-8,-9,2.847060068068277
-8,-9,6.00831228783281
-8,-9,1.6500000000000001
-8,-9,1.6500000000000001
-8,-9,6.2571162414531445
-8,-9,1.6500000000000001
-8,-9,1.6500000000000001
-8,-9,1.6500000000000001
-8,-9,1.6500000000000001
-8,-9,1.6500000000000001
-8,-9,4.913530691837245
-8,-9,3.3785610575198786
-8,-9,1.6500000000000001
-8,-9,1.6500000000000001
-8,-9,1.6500000000000001
-8,-9,1.8392456324440816
-8,-9,1.6500000000000001
-8,-9,1.6500000000000001
-8,-9,4.332765944188873
-8,-9,3.1822881609489597
-8,-9,3.7817201836344077
-8,-9,3.1993421419867327
-8,-9,2.6880775500060885
-8,-9,4.616505137786186
-8,-9,1.6500000000000001
-8,-9,1.6500000000000001
-8,-9,2.01842629437868
-8,-9,1.6500000000000001
-8,-9,1.6500000000000001
-8,-9,8.401729047323709
-8,-9,2.6270543116649936
-8,-9,4.357156294911293
-9,-9,5.44850250006208
-9,-9,5.332331798649894
-9,-9,4.9698181868464895
-9,-9,1.6500000000000001
-9,-9,4.407515346075764
-9,-9,2.149699533341868
-9,-9,4.472625148639517
-9,-9,4.305572464500633
-9,-9,5.03620492180532
-9,-9,2.166839979321834
-9,-9,2.5246528409662075
-9,-9,1.6500000000000001
-9,-9,1.6500000000000001
-9,-9,1.811586071930659
-9,-9,2.863653856051391
-9,-9,3.468177520629845
-9,-9,5.169490321300971
-9,-9,1.6500000000000001
-9,-9,1.6500000000000001
-9,-9,1.6500000000000001
-9,-9,5.756024658095732
-9,-9,1.6500000000000001
-9,-9,1.6500000000000001
-9,-9,1.6500000000000001
-9,-9,4.1952129265943086
-9,-9,1.6500000000000001
-9,-9,1.6500000000000001
-9,-9,1.6500000000000001
-9,-9,5.135872288348631
-9,-9,3.0864502947573413
-9,-9,1.926443127765564
-9,-9,1.9718084429171003
-9,-9,3.1528260917794615
-9,-9,1.6500000000000001
-9,-9,4.979544497278744
-9,-9,1.6500000000000001
-9,-9,3.94682735364387
-9,-9,2.5418552330120887
-9,-9,2.4320614831282534
-9,-9,3.337065604329845
-9,-9,8.745220670752964
-9,-9,1.6500000000000001
-9,-9,4.832976750719684
-9,-9,1.6500000000000001
-9,-9,1.6500000000000001
-9,-9,1.6500000000000001
-9,-9,6.362299104077016
-9,-9,1.6500000000000001
-9,-9,1.6500000000000001
-9,-9,2.313205298409253
-9,-9,4.053824351143466
-9,-9,1.6500000000000001
-9,-9,1.6500000000000001
-9,-9,1.6500000000000001
-9,-9,1.6500000000000001
-9,-9,6.524768892056414
-9,-9,4.7813372468939495
-9,-9,3.541953620681425
-9,-9,1.6500000000000001
-9,-9,3.8630246663794354
-9,-9,3.6073199976501593
-9,-9,2.106279873353465
-9,-8,3.4906567946821845
-9,-8,2.7890103061501677
-9,-8,1.6500000000000001
-9,-8,1.6500000000000001
-9,-8,1.6500000000000001
-9,-8,2.859087038337602
-9,-8,1.6500000000000001
-9,-8,2.0935488898578942
-9,-8,1.6500000000000001
-9,-8,1.6500000000000001
-9,-8,1.6500000000000001
-9,-8,1.6500000000000001
-9,-8,1.6500000000000001
-9,-8,3.1779236671988986
-9,-8,7.667091220829339
-9,-8,1.6500000000000001
-9,-8,1.6500000000000001
-9,-8,1.6500000000000001
-9,-8,5.762820442555081
-9,-8,1.6500000000000001
-9,-8,1.6500000000000001
-9,-8,1.6500000000000001
-9,-8,1.6500000000000001
-9,-8,1.6500000000000001
-9,-8,1.6500000000000001
-9,-8,1.6500000000000001
-9,-8,1.6500000000000001
-9,-8,2.542481092769428
-9,-8,3.996136405703428
-9,-8,3.183031287255084
-9,-8,1.6500000000000001
-9,-8,4.543281010462168
-9,-8,3.103838606154555
-9,-8,1.6500000000000001
-9,-8,1.6500000000000001
-9,-8,1.6500000000000001
-9,-8,5.777300131185449
-9,-8,3.9583196176866884
-9,-8,1.6500000000000001
-9,-8,8.688192364987879
-9,-8,1.6500000000000001
-9,-8,1.6500000000000001
-9,-8,1.8129871907263269
-9,-8,3.036431438537231
-9,-8,2.5398645056466393
-9,-8,1.6500000000000001
-9,-8,7.407948321488645
-9,-8,1.6500000000000001
-9,-8,3.4904356776895
-9,-8,2.318750250732062
-9,-8,6.59518918303124
-9,-8,2.382190526599768
-9,-8,2.668792487405675
-9,-8,6.959938472030446
-9,-8,1.6500000000000001
-9,-8,1.6500000000000001
-9,-8,1.6884900630351756
-9,-8,1.8262944284267155
-9,-8,2.7196216004990243
-9,-8,1.6500000000000001
-9,-8,1.6500000000000001
-9,-8,2.901419351085307
-10,-8,1.6500000000000001
-10,-8,1.6500000000000001
-10,-8,8.875432875545732
-10,-8,1.6500000000000001
-10,-8,5.299744654530157
-10,-8,1.8898820036847002
-10,-8,3.150504008103884
-10,-8,1.6500000000000001
-10,-8,1.6500000000000001
-10,-8,1.6500000000000001
-10,-8,6.482142614064954
-10,-8,7.855626493212692
-10,-8,1.6500000000000001
-10,-8,4.523022494937564
-10,-8,2.9096531152420932
-10,-8,5.704125423191254
-10,-8,1.6500000000000001
-10,-8,1.874021231416589
-10,-8,4.049838928111697
-10,-8,1.6500000000000001
-10,-8,1.6500000000000001
-10,-8,2.646619668556511
-10,-8,2.638680981242625
-10,-8,1.6500000000000001
-10,-8,1.6500000000000001
-10,-8,2.6379915837913166
-10,-8,1.6500000000000001
-10,-8,1.6500000000000001
-10,-8,3.2103995010147313
-10,-8,1.7817774203641292
-10,-8,1.6500000000000001
-10,-8,4.377788152433515
-10,-8,1.9781610566239345
-10,-8,2.477111956303955
-10,-8,1.6500000000000001
-10,-8,1.6500000000000001
-10,-8,4.074480377961931
-10,-8,1.6500000000000001
-10,-8,1.6500000000000001
-10,-8,1.6733123085675137
-10,-8,3.3341549897845133
-10,-8,1.6500000000000001
-10,-8,1.8958287213481368
-10,-8,6.991947147006536
-10,-8,4.246218632583866
-10,-8,1.6500000000000001
-10,-8,2.9918943389485255
-10,-8,1.6500000000000001
-10,-8,2.373054388229006
-10,-8,2.183987217916063
-10,-8,1.6500000000000001
-10,-8,2.1145662355469774
-10,-8,1.6500000000000001
-10,-8,1.6500000000000001
-10,-8,4.342886789398431
-10,-8,1.6500000000000001
-10,-8,7.822600017901481
-10,-8,6.886582530549904
-10,-8,1.6500000000000001
-10,-8,3.2487298703876077
-10,-8,1.6500000000000001
-11,-8,1.6500000000000001
-11,-8,1.7113255280768367
-11,-8,1.6500000000000001
-11,-8,4.806035239790063
-11,-8,1.6500000000000001
-11,-8,1.6500000000000001
-11,-8,1.6500000000000001
-11,-8,1.6500000000000001
-11,-8,1.6500000000000001
-11,-8,1.6500000000000001
-11,-8,2.5364358243909333
-11,-8,1.6500000000000001
-11,-8,1.6500000000000001
-11,-8,2.4996770751130413
-11,-8,1.6500000000000001
-11,-8,1.895942049608754
-11,-8,1.6500000000000001
-11,-8,2.3735247267448925
-11,-8,3.239550614526277
-11,-8,1.6500000000000001
-11,-8,5.820163632547186
-11,-8,4.1417273827502115
-11,-8,6.217353494287368
-11,-8,2.338803262295615
-11,-8,3.7870868508271003
-11,-8,1.6500000000000001
-11,-8,1.6500000000000001
-11,-8,1.6500000000000001
-11,-8,1.6500000000000001
-11,-8,1.6917856904265574
-11,-8,1.6500000000000001
-11,-8,1.6500000000000001
-11,-8,1.6500000000000001
-11,-8,2.4119276597458787
-11,-8,1.6500000000000001
-11,-8,1.6500000000000001
-11,-8,1.6500000000000001
-11,-8,4.040058518988668
-11,-8,5.476735019774738
-11,-8,1.6500000000000001
-11,-8,1.6500000000000001
-11,-8,1.6500000000000001
-11,-8,1.6500000000000001
-11,-8,1.6500000000000001
-11,-8,1.6500000000000001
-11,-8,3.160635373640284
-11,-8,1.6500000000000001
-11,-8,5.759710091865029
-11,-8,1.6500000000000001
-11,-8,4.155620493109224
-11,-8,1.6500000000000001
-11,-8,1.6500000000000001
-11,-8,1.6500000000000001
-11,-8,3.9528046049684695
-11,-8,1.6500000000000001
-11,-8,6.304483987094464
-11,-8,1.9703732048768927
-11,-8,1.6500000000000001
-11,-8,1.6500000000000001
-11,-8,1.6500000000000001
-11,-8,2.105847928065465
-11,-8,1.6500000000000001
-12,-8,3.560672084236887
-12,-8,1.6500000000000001
-12,-8,1.6500000000000001
-12,-8,3.7287946270451107
-12,-8,1.6500000000000001
-12,-8,1.6500000000000001
-12,-8,1.6500000000000001
-12,-8,4.86795107233545
-12,-8,2.892012651532173
-12,-8,3.691577165055427
-12,-8,3.7654628731577398
-12,-8,4.743157287833213
-12,-8,1.6500000000000001
-12,-8,1.6500000000000001
-12,-8,5.887052199798227
-12,-8,2.8301128883143667
-12,-8,1.6500000000000001
-12,-8,1.6500000000000001
-12,-8,1.6500000000000001
-12,-8,1.6500000000000001
-12,-8,1.6500000000000001
-12,-8,4.31465101363356
-12,-8,2.8934849232662643
-12,-8,1.6500000000000001
-12,-8,1.6500000000000001
-12,-8,3.7496314776542934
-12,-8,2.103185124600762
-12,-8,1.6500000000000001
-12,-8,5.248764605505111
-12,-8,1.6500000000000001
-12,-8,1.6500000000000001
-12,-8,1.6500000000000001
-12,-8,2.795093258359958
-12,-8,4.973315579962521
-12,-8,2.278221190903099
-12,-8,1.6500000000000001
-12,-8,1.6500000000000001
-12,-8,1.6500000000000001
-12,-8,1.6500000000000001
-12,-8,1.6500000000000001
-12,-8,1.6500000000000001
-12,-8,4.30696157898668
-12,-8,2.417706982138035
-12,-8,1.8907453321451024
-12,-8,1.6500000000000001
-12,-8,6.0400184818910105
-12,-8,1.6500000000000001
-12,-8,1.6500000000000001
-12,-8,1.6500000000000001
-12,-8,1.6500000000000001
-12,-8,1.6500000000000001
-12,-8,1.6500000000000001
-12,-8,1.6500000000000001
-12,-8,7.519578867619888
-12,-8,2.774204936030318
-12,-8,8.211377191773522
-12,-8,1.6500000000000001
-12,-8,1.6500000000000001
-12,-8,2.6934805158218085
-12,-8,1.6500000000000001
-12,-8,1.6500000000000001
-13,-8,1.6500000000000001
-13,-8,2.980910730387042
-13,-8,1.6500000000000001
-13,-8,3.21080117530561
-13,-8,1.6500000000000001
-13,-8,1.6500000000000001
-13,-8,3.141232075814669
-13,-8,1.6500000000000001
-13,-8,1.6500000000000001
-13,-8,1.6500000000000001
-13,-8,5.226320960278245
-13,-8,2.9921563244044145
-13,-8,1.6500000000000001
-13,-8,2.463117567718965
-13,-8,1.6500000000000001
-13,-8,1.6500000000000001
-13,-8,4.055601463270165
-13,-8,4.272479707745135
-13,-8,4.53337049818314
-13,-8,1.6500000000000001
-13,-8,1.6500000000000001
-13,-8,2.13859327347
-13,-8,4.55623496203633
-13,-8,3.26846681924709
-13,-8,4.144440804055331
-13,-8,1.6500000000000001
-13,-8,1.6500000000000001
-13,-8,7.714721407559066
-13,-8,1.6500000000000001
-13,-8,8.34833968260956
-13,-8,2.310001367978452
-13,-8,1.6500000000000001
-13,-8,1.6500000000000001
-13,-8,6.391791283110671
-13,-8,1.6500000000000001
-13,-8,3.0280820134456716
-13,-8,1.6500000000000001
-13,-8,1.6500000000000001
-13,-8,4.742818236756637
-13,-8,6.6696425094986065
-13,-8,1.6500000000000001
-13,-8,1.6500000000000001
-13,-8,1.6500000000000001
-13,-8,1.6500000000000001
-13,-8,1.6500000000000001
-13,-8,1.6500000000000001
-13,-8,1.6500000000000001
-13,-8,2.249656085006793
-13,-8,3.2538471100580604
-13,-8,6.884449894850982
-13,-8,2.4260766912309655
-13,-8,1.6500000000000001
-13,-8,1.6500000000000001
-13,-8,2.1133958694192083
-13,-8,1.6500000000000001
-13,-8,1.6500000000000001
-13,-8,1.6500000000000001
-13,-8,1.6500000000000001
-13,-8,1.6500000000000001
-13,-8,2.98461424289291
-13,-8,1.6500000000000001
-13,-8,1.7174719984572757
-13,-7,1.6500000000000001
-13,-7,1.6500000000000001
-13,-7,1.6500000000000001
-13,-7,1.6500000000000001
-13,-7,1.6500000000000001
-13,-7,1.8127581790071545
-13,-7,1.6500000000000001
-13,-7,3.8107595912002408
-13,-7,2.906852614380635
-13,-7,1.6500000000000001
-13,-7,2.9347714923397206
-13,-7,1.6500000000000001
-13,-7,4.703715358114573
-13,-7,1.6500000000000001
-13,-7,1.6500000000000001
-13,-7,5.968890561952155
-13,-7,1.6500000000000001
-13,-7,1.6500000000000001
-13,-7,5.547012551645726
-13,-7,3.7661630196061884
-13,-7,5.124629682091661
-13,-7,3.059997106659209
-13,-7,1.6500000000000001
-13,-7,1.6500000000000001
-13,-7,1.6500000000000001
-13,-7,1.6500000000000001
-13,-7,1.6500000000000001
-13,-7,1.7450629289371469
-13,-7,1.6500000000000001
-13,-7,7.708270594801093
-13,-7,1.6500000000000001
-13,-7,2.1428828803375772
-13,-7,3.5081729593675046
-13,-7,2.3201131505611468
-13,-7,1.6500000000000001
-13,-7,1.6500000000000001
-13,-7,1.8775745055211057
-13,-7,1.6500000000000001
-13,-7,1.6500000000000001
-13,-7,1.6500000000000001
-13,-7,1.6500000000000001
-13,-7,1.6500000000000001
-13,-7,1.6500000000000001
-13,-7,1.6500000000000001
-13,-7,3.5488803315015134
-13,-7,7.941473059724172
-13,-7,1.6500000000000001
-13,-7,1.6500000000000001
-13,-7,1.8683092331756304
-13,-7,6.2687543821282405
-13,-7,1.6500000000000001
-13,-7,2.230789359841987
-13,-7,1.6500000000000001
-13,-7,1.6500000000000001
-13,-7,1.6500000000000001
-13,-7,1.7305036694296865
-13,-7,1.6500000000000001
-13,-7,1.6500000000000001
-13,-7,3.929995309941776
-13,-7,1.6500000000000001
-13,-7,1.6500000000000001
-13,-7,1.6500000000000001
-14,-7,1.6500000000000001
-14,-7,1.7350579249005031
-14,-7,2.854234390716414
-14,-7,1.6500000000000001
-14,-7,1.6500000000000001
-14,-7,1.6500000000000001
-14,-7,5.637200621238506
-14,-7,1.6500000000000001
-14,-7,2.3053889199902695
-14,-7,1.6500000000000001
-14,-7,1.6500000000000001
-14,-7,1.6500000000000001
-14,-7,2.37516052556324
-14,-7,1.6500000000000001
-14,-7,1.6500000000000001
-14,-7,1.6500000000000001
-14,-7,1.6500000000000001
-14,-7,3.10525962175162
-14,-7,4.594784037535899
-14,-7,5.779554507873721
-14,-7,1.6500000000000001
-14,-7,1.6500000000000001
-14,-7,4.987687825103205
-14,-7,1.6500000000000001
-14,-7,1.6500000000000001
-14,-7,2.023607456905693
-14,-7,1.6500000000000001
-14,-7,4.902857101162226
-14,-7,1.6500000000000001
-14,-7,1.6500000000000001
-14,-7,1.6500000000000001
-14,-7,1.6500000000000001
-14,-7,1.6500000000000001
-14,-7,1.8224768176209905
-14,-7,1.6500000000000001
-14,-7,1.6500000000000001
-14,-7,1.6500000000000001
-14,-7,1.6500000000000001
-14,-7,1.6500000000000001
-14,-7,3.904629073242848
-14,-7,1.6500000000000001
-14,-7,1.6500000000000001
-14,-7,3.30074273700196
-14,-7,1.6500000000000001
-14,-7,2.5198550995237334
-14,-7,1.6500000000000001
-14,-7,1.6500000000000001
-14,-7,1.6500000000000001
-14,-7,1.6500000000000001
-14,-7,1.6500000000000001
-14,-7,1.6500000000000001
-14,-7,1.6500000000000001
-14,-7,3.1475196577864266
-14,-7,4.628985195314887
-14,-7,1.6500000000000001
-14,-7,6.275835299140924
-14,-7,1.6500000000000001
-14,-7,1.6500000000000001
-14,-7,1.6500000000000001
-14,-7,1.6500000000000001
-14,-7,4.812150271073259
-15,-7,1.6500000000000001
-15,-7,1.6500000000000001
-15,-7,1.6500000000000001
-15,-7,1.6500000000000001
-15,-7,1.6500000000000001
-15,-7,1.6500000000000001
-15,-7,3.220457949321669
-15,-7,4.307860532079217
-15,-7,1.703781311974331
-15,-7,1.6500000000000001
-15,-7,6.41790465141296
-15,-7,3.007838267988612
-15,-7,7.162884279026314
-15,-7,1.6500000000000001
-15,-7,1.6500000000000001
-15,-7,1.6500000000000001
-15,-7,1.6500000000000001
-15,-7,1.6500000000000001
-15,-7,1.6500000000000001
-15,-7,4.389697657984423
-15,-7,1.6500000000000001
-15,-7,1.6500000000000001
-15,-7,2.340287656734427
-15,-7,1.6500000000000001
-15,-7,2.5705950149334864
-15,-7,1.6500000000000001
-15,-7,1.6500000000000001
-15,-7,1.6500000000000001
-15,-7,1.6500000000000001
-15,-7,1.6500000000000001
-15,-7,1.6500000000000001
-15,-7,3.9963334764556215
-15,-7,4.059741081205551
-15,-7,2.112019020688047
-15,-7,1.6500000000000001
-15,-7,1.6500000000000001
-15,-7,1.6500000000000001
-15,-7,1.6500000000000001
-15,-7,1.6500000000000001
-15,-7,1.6500000000000001
-15,-7,1.6500000000000001
-15,-7,1.6500000000000001
-15,-7,1.6500000000000001
-15,-7,1.6500000000000001
-15,-7,1.6500000000000001
-15,-7,1.6500000000000001
-15,-7,1.6500000000000001
-15,-7,1.6500000000000001
-15,-7,1.6500000000000001
-15,-7,3.43510182065487
-15,-7,3.811947587092944
-15,-7,2.0344251910342503
-15,-7,4.485224777426679
-15,-7,1.6500000000000001
-15,-7,1.8212762194512029
-15,-7,1.6500000000000001
-15,-7,1.6500000000000001
-15,-7,2.3469426876969584
-15,-7,3.2009488737278025
-15,-7,1.6500000000000001
-15,-7,1.6500000000000001
-15,-7,1.6500000000000001
-15,-6,3.5144143281133484
-15,-6,2.9363758039926204
-15,-6,4.221773728299342
-15,-6,1.6500000000000001
-15,-6,1.6500000000000001
-15,-6,5.8808326006577785
-15,-6,8.833305700060516
-15,-6,2.9852881295619462
-15,-6,1.6500000000000001
-15,-6,1.6500000000000001
-15,-6,1.6500000000000001
-15,-6,1.6500000000000001
-15,-6,1.6500000000000001
-15,-6,4.110233806171601
-15,-6,6.309543611093705
-15,-6,3.2798434844979067
-15,-6,1.6500000000000001
-15,-6,7.257758892730112
-15,-6,2.395259962179367
-15,-6,1.6500000000000001
-15,-6,1.6500000000000001
-15,-6,1.7726559114399785
-15,-6,1.6500000000000001
-15,-6,7.114749554278715
-15,-6,2.5330752275225143
-15,-6,1.6500000000000001
-15,-6,1.6500000000000001
-15,-6,1.6500000000000001
-15,-6,1.6500000000000001
-15,-6,1.6500000000000001
-15,-6,1.6500000000000001
-15,-6,3.842155233048806
-15,-6,1.6500000000000001
-15,-6,1.7183926203074789
-15,-6,1.6500000000000001
-15,-6,6.046120290571495
-15,-6,1.6500000000000001
-15,-6,1.6500000000000001
-15,-6,1.6500000000000001
-15,-6,6.590491402677466
-15,-6,4.350950640817221
-15,-6,1.6500000000000001
-15,-6,1.6500000000000001
-15,-6,1.6500000000000001
-15,-6,1.6500000000000001
-15,-6,2.9272111252120214
-15,-6,4.9757073725595236
-15,-6,1.6500000000000001
-15,-6,6.934709190508648
-15,-6,1.6500000000000001
-15,-6,1.6500000000000001
-15,-6,1.6500000000000001
-15,-6,1.6500000000000001
-15,-6,2.9233684089473613
-15,-6,1.6500000000000001
-15,-6,1.6500000000000001
-15,-6,1.7642679166122397
-15,-6,4.974237845134367
-15,-6,1.6500000000000001
-15,-6,2.6447838708360516
-15,-6,2.2548156851372414
-15,-5,2.539945800868237
-15,-5,1.6500000000000001
-15,-5,1.6500000000000001
-15,-5,1.6500000000000001
-15,-5,1.6500000000000001
-15,-5,2.162868846142294
-15,-5,1.6500000000000001
-15,-5,2.938458792080953
-15,-5,1.6500000000000001
-15,-5,1.6500000000000001
-15,-5,4.5937771285177025
-15,-5,1.6500000000000001
-15,-5,2.799270406242281
-15,-5,1.6500000000000001
-15,-5,1.6500000000000001
-15,-5,1.6500000000000001
-15,-5,1.6500000000000001
-15,-5,1.6500000000000001
-15,-5,2.8591487668799527
-15,-5,1.7304785188712832
-15,-5,1.6500000000000001
-15,-5,1.6500000000000001
-15,-5,1.6500000000000001
-15,-5,1.6500000000000001
-15,-5,5.0583411141697034
-15,-5,1.6500000000000001
-15,-5,3.1779855909801906
-15,-5,1.6500000000000001
-15,-5,2.65452934660179
-15,-5,1.6500000000000001
-15,-5,1.6500000000000001
-15,-5,1.6500000000000001
-15,-5,2.7213538971404287
-15,-5,2.178663469343244
-15,-5,2.4202655177217287
-15,-5,1.6500000000000001
-15,-5,1.6500000000000001
-15,-5,1.9414330658003562
-15,-5,4.6024443030666395
-15,-5,2.888693776184802
-15,-5,1.6500000000000001
-15,-5,7.625440264010311
-15,-5,1.6500000000000001
-15,-5,1.6500000000000001
-15,-5,1.6500000000000001
-15,-5,3.9420575857533366
-15,-5,2.104711431697382
-15,-5,1.6500000000000001
-15,-5,1.6500000000000001
-15,-5,1.6500000000000001
-15,-5,1.6500000000000001
-15,-5,1.6500000000000001
-15,-5,1.6500000000000001
-15,-5,2.1151934303086053
-15,-5,1.6500000000000001
-15,-5,1.6500000000000001
-15,-5,1.6500000000000001
-15,-5,1.6500000000000001
-15,-5,1.6500000000000001
-15,-5,1.8758573021355818
-15,-5,1.6500000000000001
-15,-5,1.8009596239490848
-15,-6,3.68816452791013
-15,-6,1.6500000000000001
-15,-6,1.6500000000000001
-15,-6,1.6500000000000001
-15,-6,2.601449190545607
-15,-6,1.6500000000000001
-15,-6,1.939711995640472
-15,-6,1.6500000000000001
-15,-6,1.6500000000000001
-15,-6,1.6500000000000001
-15,-6,1.6500000000000001
-15,-6,5.971986176818115
-15,-6,1.6500000000000001
-15,-6,1.6500000000000001
-15,-6,4.137174922875144
-15,-6,5.724331337173699
-15,-6,1.6500000000000001
-15,-6,2.8420899257107233
-15,-6,1.6500000000000001
-15,-6,1.6500000000000001
-15,-6,2.06174974028237
-15,-6,1.6500000000000001
-15,-6,6.782846074269814
-15,-6,1.6500000000000001
-15,-6,2.4064904124220248
-15,-6,1.6500000000000001
-15,-6,1.6500000000000001
-15,-6,1.6500000000000001
-15,-6,1.6500000000000001
-15,-6,1.6500000000000001
-15,-6,1.6500000000000001
-15,-6,10.077356123324787
-15,-6,2.3308773581422915
-15,-6,2.502739465215568
-15,-6,1.6500000000000001
-15,-6,5.257439528814864
-15,-6,1.6500000000000001
-15,-6,1.6500000000000001
-15,-6,1.6500000000000001
-15,-6,1.6500000000000001
-15,-6,1.7277655402228258
-15,-6,2.2280549064734214
-15,-6,1.6500000000000001
-15,-6,5.050792326323894
-15,-6,1.6500000000000001
-15,-6,3.451774764664536
-15,-6,1.6500000000000001
-15,-6,1.6500000000000001
-15,-6,1.6500000000000001
-15,-6,1.6500000000000001
-15,-6,1.6500000000000001
-15,-6,2.3596717668978946
-15,-6,1.6500000000000001
-15,-6,1.6500000000000001
-15,-6,1.6500000000000001
-15,-6,1.6500000000000001
-15,-6,1.6500000000000001
-15,-6,4.348857876459216
-15,-6,1.6500000000000001
-15,-6,1.6500000000000001
-15,-6,4.819782347853705
-15,-6,1.6500000000000001
-15,-5,1.6500000000000001
-15,-5,2.3813131196292474
-15,-5,1.6500000000000001
-15,-5,1.6500000000000001
-15,-5,1.6500000000000001
-15,-5,4.307617515734907
-15,-5,1.6500000000000001
-15,-5,1.6500000000000001
-15,-5,2.368658777829089
-15,-5,1.6500000000000001
-15,-5,1.6500000000000001
-15,-5,1.6500000000000001
-15,-5,1.6500000000000001
-15,-5,1.6500000000000001
-15,-5,1.6500000000000001
-15,-5,1.6500000000000001
-15,-5,1.6500000000000001
-15,-5,1.6500000000000001
-15,-5,1.6500000000000001
-15,-5,1.6500000000000001
-15,-5,3.666633549478146
-15,-5,1.6500000000000001
-15,-5,4.853585531116305
-15,-5,1.7531301686827347
-15,-5,1.6500000000000001
-15,-5,1.6500000000000001
-15,-5,1.6500000000000001
-15,-5,1.6500000000000001
-15,-5,1.6500000000000001
-15,-5,1.6500000000000001
-15,-5,1.6500000000000001
-15,-5,4.1147724634210965
-15,-5,2.2807498222157685
-15,-5,1.6500000000000001
-15,-5,1.6500000000000001
-15,-5,1.6500000000000001
-15,-5,1.6500000000000001
-15,-5,1.6500000000000001
-15,-5,1.6500000000000001
-15,-5,1.6500000000000001
-15,-5,1.6500000000000001
-15,-5,2.6071365676197655
-15,-5,2.7181998626313337
-15,-5,1.6500000000000001
-15,-5,1.6500000000000001
-15,-5,1.6500000000000001
-15,-5,1.6500000000000001
-15,-5,5.487888849980338
-15,-5,5.879853985557525
-15,-5,1.6500000000000001
-15,-5,3.6460587176899706
-15,-5,1.6571008946888262
-15,-5,1.6500000000000001
-15,-5,1.6500000000000001
-15,-5,1.6500000000000001
-15,-5,4.719971029213828
-15,-5,1.6500000000000001
-15,-5,2.1694190828126754
-15,-5,3.749000250567297
-15,-5,1.6500000000000001
-15,-5,1.6500000000000001
-14,-5,1.6500000000000001
-14,-5,1.6500000000000001
-14,-5,1.6500000000000001
-14,-5,2.0462572697732146
-14,-5,5.07293076634979
-14,-5,1.8935379126166423
-14,-5,1.6500000000000001
-14,-5,1.6500000000000001
-14,-5,1.6500000000000001
-14,-5,1.6500000000000001
-14,-5,1.6500000000000001
-14,-5,1.6500000000000001
-14,-5,1.6500000000000001
-14,-5,5.898901550320227
-14,-5,4.437944899192011
-14,-5,1.6500000000000001
-14,-5,1.6500000000000001
-14,-5,1.6500000000000001
-14,-5,1.6500000000000001
-14,-5,2.2324010343154597
-14,-5,3.2508218638430986
-14,-5,1.6500000000000001
-14,-5,1.6500000000000001
-14,-5,1.6500000000000001
-14,-5,1.6500000000000001
-14,-5,1.6500000000000001
-14,-5,1.6500000000000001
-14,-5,1.6500000000000001
-14,-5,1.6500000000000001
-14,-5,1.6500000000000001
-14,-5,1.6500000000000001
-14,-5,1.6500000000000001
-14,-5,1.6500000000000001
-14,-5,1.6500000000000001
-14,-5,1.6500000000000001
-14,-5,2.252892074206391
-14,-5,5.373374287324243
-14,-5,2.3062003531004986
-14,-5,1.6500000000000001
-14,-5,1.6500000000000001
-14,-5,3.6784042664998267
-14,-5,1.6500000000000001
-14,-5,1.6500000000000001
-14,-5,1.6500000000000001
-14,-5,5.485292815498484
-14,-5,6.360233603818389
-14,-5,1.6500000000000001
-14,-5,1.6500000000000001
-14,-5,1.6500000000000001
-14,-5,1.6500000000000001
-14,-5,3.2899906456242562
-14,-5,3.5596653064903565
-14,-5,1.6500000000000001
-14,-5,1.6500000000000001
-14,-5,1.6500000000000001
-14,-5,1.6500000000000001
-14,-5,1.6500000000000001
-14,-5,2.103397207861896
-14,-5,1.6500000000000001
-14,-5,1.6500000000000001
-14,-5,1.6500000000000001
-14,-5,2.7331624361686715
-15,-5,5.6228087823729185
-15,-5,1.6500000000000001
-15,-5,4.288482178844343
-15,-5,4.583554368011129
-15,-5,1.6500000000000001
-15,-5,3.084545644907576
-15,-5,1.6500000000000001
-15,-5,8.20167203732046
-15,-5,2.1468591945985214
-15,-5,3.2423073387598946
-15,-5,2.566272059401018
-15,-5,1.6500000000000001
-15,-5,1.8566018083007771
-15,-5,1.6500000000000001
-15,-5,1.6500000000000001
-15,-5,1.6500000000000001
-15,-5,1.6500000000000001
-15,-5,5.146866190307882
-15,-5,1.6500000000000001
-15,-5,1.6500000000000001
-15,-5,1.6500000000000001
-15,-5,1.6500000000000001
-15,-5,1.6500000000000001
-15,-5,1.6500000000000001
-15,-5,1.8498576082579146
-15,-5,1.6500000000000001
-15,-5,1.6500000000000001
-15,-5,1.6500000000000001
-15,-5,1.6500000000000001
-15,-5,1.6500000000000001
-15,-5,1.6500000000000001
-15,-5,1.6500000000000001
-15,-5,1.6500000000000001
-15,-5,1.6500000000000001
-15,-5,5.785712733372155
-15,-5,2.6978485721854097
-15,-5,2.7546879586993027
-15,-5,3.966015462735693
-15,-5,1.6500000000000001
-15,-5,2.33652734709318
-15,-5,1.6500000000000001
-15,-5,2.858726750820276
-15,-5,1.6500000000000001
-15,-5,1.6500000000000001
-15,-5,6.629982023305588
-15,-5,1.6500000000000001
-15,-5,1.6500000000000001
-15,-5,1.8636907355528072
-15,-5,1.6500000000000001
-15,-5,1.6500000000000001
-15,-5,1.6500000000000001
-15,-5,1.6500000000000001
-15,-5,1.6500000000000001
-15,-5,1.6500000000000001
-15,-5,1.6500000000000001
-15,-5,1.6500000000000001
-15,-5,1.6500000000000001
-15,-5,1.6500000000000001
-15,-5,1.6500000000000001
-15,-5,7.2039901816901954
-15,-5,1.6500000000000001
-14,-5,2.5992021581469906
-14,-5,1.6500000000000001
-14,-5,1.6500000000000001
-14,-5,1.6500000000000001
-14,-5,1.6500000000000001
-14,-5,8.477210068834417
-14,-5,4.077891594622276
-14,-5,1.6500000000000001
-14,-5,3.456764983879285
-14,-5,1.6500000000000001
-14,-5,3.416700064821958
-14,-5,3.149223704890159
-14,-5,1.6500000000000001
-14,-5,8.491589247816599
-14,-5,2.0272123787542013
-14,-5,1.6500000000000001
-14,-5,1.6500000000000001
-14,-5,1.6500000000000001
-14,-5,1.6500000000000001
-14,-5,1.6500000000000001
-14,-5,1.6500000000000001
-14,-5,1.6500000000000001
-14,-5,3.0084443330817066
-14,-5,1.6500000000000001
-14,-5,1.6500000000000001
-14,-5,1.6500000000000001
-14,-5,3.766481477033998
-14,-5,4.436792116731964
-14,-5,4.020896247079929
-14,-5,5.139891460402376
-14,-5,3.4153108631554616
-14,-5,1.6500000000000001
-14,-5,2.4923970577280885
-14,-5,2.6255601252703324
-14,-5,1.6500000000000001
-14,-5,1.6500000000000001
-14,-5,3.3481785049190154
-14,-5,1.6500000000000001
-14,-5,1.6500000000000001
-14,-5,4.175771230591891
-14,-5,1.6500000000000001
-14,-5,2.425057161817506
-14,-5,1.6500000000000001
-14,-5,1.6500000000000001
-14,-5,1.6500000000000001
-14,-5,2.4449251986648948
-14,-5,1.6500000000000001
-14,-5,1.6500000000000001
-14,-5,1.6500000000000001
-14,-5,1.6500000000000001
-14,-5,1.6500000000000001
-14,-5,3.199522825045347
-14,-5,1.6500000000000001
-14,-5,2.4025830777173827
-14,-5,1.6500000000000001
-14,-5,2.8160218807715705
-14,-5,1.6500000000000001
-14,-5,1.6500000000000001
-14,-5,1.7806373555438904
-14,-5,1.6500000000000001
-14,-5,1.6500000000000001
-14,-5,1.6500000000000001
-15,-5,1.6500000000000001
-15,-5,1.6500000000000001
-15,-5,1.6500000000000001
-15,-5,1.6500000000000001
-15,-5,1.6500000000000001
-15,-5,2.686314975811572
-15,-5,1.6500000000000001
-15,-5,2.959623412001081
-15,-5,1.6500000000000001
-15,-5,1.6500000000000001
-15,-5,1.6500000000000001
-15,-5,1.6500000000000001
-15,-5,3.377283133924883
-15,-5,1.6500000000000001
-15,-5,1.6500000000000001
-15,-5,1.6500000000000001
-15,-5,1.6500000000000001
-15,-5,1.6500000000000001
-15,-5,3.1826814068121516
-15,-5,1.6500000000000001
-15,-5,1.9521550557566794
-15,-5,1.6500000000000001
-15,-5,3.774779723335596
-15,-5,1.6500000000000001
-15,-5,2.450150570099308
-15,-5,1.6500000000000001
-15,-5,8.398726356143237
-15,-5,1.6500000000000001
-15,-5,6.083979152449586
-15,-5,3.1416113601154367
-15,-5,6.5480022655953025
-15,-5,1.6500000000000001
-15,-5,1.6500000000000001
-15,-5,1.6500000000000001
-15,-5,7.069502194132706
-15,-5,1.6500000000000001
-15,-5,2.3660267657496172
-15,-5,1.6500000000000001
-15,-5,1.6500000000000001
-15,-5,2.01830852260214
-15,-5,1.6500000000000001
-15,-5,2.1337318493657325
-15,-5,1.6500000000000001
-15,-5,1.6500000000000001
-15,-5,1.6500000000000001
-15,-5,2.735725753973097
-15,-5,1.6500000000000001
-15,-5,1.6500000000000001
-15,-5,1.6926757682745828
-15,-5,4.695549996485006
-15,-5,4.110409805562827
-15,-5,1.6500000000000001
-15,-5,2.3131686698158385
-15,-5,1.6500000000000001
-15,-5,1.6500000000000001
-15,-5,1.6500000000000001
-15,-5,1.6500000000000001
-15,-5,1.6500000000000001
-15,-5,1.6500000000000001
-15,-5,1.6500000000000001
-15,-5,1.6500000000000001
-15,-5,1.6500000000000001
-14,-5,1.6500000000000001
-14,-5,3.5690560912903395
-14,-5,2.4762353394607812
-14,-5,4.271486641122163
-14,-5,1.6500000000000001
-14,-5,1.9138842021802993
-14,-5,1.8717411187720476
-14,-5,4.913963288028964
-14,-5,1.6500000000000001
-14,-5,6.963102399772152
-14,-5,1.6500000000000001
-14,-5,1.6500000000000001
-14,-5,4.622591038344871
-14,-5,1.6500000000000001
-14,-5,1.9288042039310254
-14,-5,1.864122176646909
-14,-5,1.6500000000000001
-14,-5,1.6500000000000001
-14,-5,1.6500000000000001
-14,-5,1.6500000000000001
-14,-5,1.6500000000000001
-14,-5,1.6500000000000001
-14,-5,1.6500000000000001
-14,-5,2.3767550547255754
-14,-5,1.6500000000000001
-14,-5,2.747326820699527
-14,-5,1.6500000000000001
-14,-5,1.6500000000000001
-14,-5,1.6500000000000001
-14,-5,6.224018482523847
-14,-5,1.6500000000000001
-14,-5,1.6500000000000001
-14,-5,4.429682599146241
-14,-5,1.6500000000000001
-14,-5,2.476046756666527
-14,-5,1.6500000000000001
-14,-5,1.6500000000000001
-14,-5,1.6500000000000001
-14,-5,1.6500000000000001
-14,-5,1.6500000000000001
-14,-5,1.6500000000000001
-14,-5,3.1234329160754593
-14,-5,1.765344802591708
-14,-5,1.6500000000000001
-14,-5,1.6500000000000001
-14,-5,4.502654095227019
-14,-5,6.683967836513664
-14,-5,1.6500000000000001
-14,-5,6.474442334813781
-14,-5,1.6500000000000001
-14,-5,1.6500000000000001
-14,-5,1.6500000000000001
-14,-5,1.6500000000000001
-14,-5,1.6500000000000001
-14,-5,4.0768650299297935
-14,-5,1.668895711061785
-14,-5,1.6500000000000001
-14,-5,1.6500000000000001
-14,-5,2.8514656790777253
-14,-5,1.6500000000000001
-14,-5,1.6500000000000001
-15,-5,1.7741434807690504
-15,-5,1.6500000000000001
-15,-5,1.6500000000000001
-15,-5,4.990320356318779
-15,-5,1.6500000000000001
-15,-5,5.2211492727924576
-15,-5,1.6500000000000001
-15,-5,4.876833918288885
-15,-5,1.6500000000000001
-15,-5,2.9104766734031315
-15,-5,1.7329729758386598
-15,-5,3.6177345199107123
-15,-5,1.6500000000000001
-15,-5,1.6500000000000001
-15,-5,1.6500000000000001
-15,-5,1.6500000000000001
-15,-5,1.6500000000000001
-15,-5,1.6500000000000001
-15,-5,4.82356582335982
-15,-5,8.67680798387458
-15,-5,5.387573398954961
-15,-5,1.6500000000000001
-15,-5,1.6500000000000001
-15,-5,1.6500000000000001
-15,-5,1.6500000000000001
-15,-5,5.743792489312426
-15,-5,1.6500000000000001
-15,-5,5.970340002645389
-15,-5,1.6500000000000001
-15,-5,2.5045225133134847
-15,-5,1.8029696244393367
-15,-5,1.6500000000000001
-15,-5,1.6500000000000001
-15,-5,2.1697598044498347
-15,-5,1.6500000000000001
-15,-5,1.6500000000000001
-15,-5,1.6500000000000001
-15,-5,1.6500000000000001
-15,-5,1.6500000000000001
-15,-5,1.6500000000000001
-15,-5,6.8051091425437775
-15,-5,3.3250159000672554
-15,-5,1.6500000000000001
-15,-5,1.6500000000000001
-15,-5,2.8727016692835874
-15,-5,1.9187305917059592
-15,-5,4.118862046839602
-15,-5,1.6500000000000001
-15,-5,2.361046926709959
-15,-5,1.6500000000000001
-15,-5,1.6500000000000001
-15,-5,2.554548425801161
-15,-5,1.6500000000000001
-15,-5,3.9793129825788394
-15,-5,1.6500000000000001
-15,-5,1.9082572349918119
-15,-5,1.6500000000000001
-15,-5,1.6500000000000001
-15,-5,1.6500000000000001
-15,-5,1.6500000000000001
-15,-5,1.6500000000000001
-15,-5,1.6500000000000001
-16,-5,5.291096281177809
-16,-5,1.6500000000000001
-16,-5,1.6500000000000001
-16,-5,5.880071457453188
-16,-5,1.6500000000000001
-16,-5,1.6500000000000001
-16,-5,3.010157243499863
-16,-5,1.6500000000000001
-16,-5,1.8160936109175467
-16,-5,1.6500000000000001
-16,-5,1.6500000000000001
-16,-5,5.270491175292408
-16,-5,1.6500000000000001
-16,-5,1.6500000000000001
-16,-5,1.6500000000000001
-16,-5,1.6500000000000001
-16,-5,1.6500000000000001
-16,-5,1.6500000000000001
-16,-5,5.401499695963308
-16,-5,1.6500000000000001
-16,-5,1.6500000000000001
-16,-5,1.6500000000000001
-16,-5,1.6500000000000001
-16,-5,1.6500000000000001
-16,-5,2.282099616007778
-16,-5,1.706015666490855
-16,-5,1.6500000000000001
-16,-5,1.6500000000000001
-16,-5,1.6500000000000001
-16,-5,1.6500000000000001
-16,-5,2.38509128049334
-16,-5,1.6500000000000001
-16,-5,1.8421601918584356
-16,-5,1.6500000000000001
-16,-5,2.507244296481891
-16,-5,1.6500000000000001
-16,-5,1.6500000000000001
-16,-5,6.134590139924952
-16,-5,1.6500000000000001
-16,-5,1.6500000000000001
-16,-5,1.6500000000000001
-16,-5,1.6500000000000001
-16,-5,3.257979816425262
-16,-5,1.6500000000000001
-16,-5,1.6500000000000001
-16,-5,3.0314327333657003
-16,-5,2.7574133267941767
-16,-5,1.6500000000000001
-16,-5,1.6500000000000001
-16,-5,2.2899209960182967
-16,-5,1.6500000000000001
-16,-5,3.67802741073086
-16,-5,5.3025002034027375
-16,-5,1.960661635831404
-16,-5,2.6535765801774907
-16,-5,1.6500000000000001
-16,-5,1.6500000000000001
-16,-5,6.3736828756257085
-16,-5,4.538202360948479
-16,-5,1.6500000000000001
-16,-5,2.9893769645297654
-17,-5,1.6500000000000001
-17,-5,1.6500000000000001
-17,-5,1.6500000000000001
-17,-5,1.6500000000000001
-17,-5,1.6500000000000001
-17,-5,1.6500000000000001
-17,-5,1.6500000000000001
-17,-5,1.6500000000000001
-17,-5,1.6500000000000001
-17,-5,6.717188490265992
-17,-5,1.962282234349722
-17,-5,1.6500000000000001
-17,-5,6.50350317270494
-17,-5,1.6500000000000001
-17,-5,3.941559206219721
-17,-5,1.6500000000000001
-17,-5,2.7250131102440234
-17,-5,6.348437682185105
-17,-5,1.6500000000000001
-17,-5,1.6500000000000001
-17,-5,1.6500000000000001
-17,-5,1.6500000000000001
-17,-5,1.6500000000000001
-17,-5,1.6500000000000001
-17,-5,1.6500000000000001
-17,-5,1.6500000000000001
-17,-5,1.6500000000000001
-17,-5,1.6500000000000001
-17,-5,1.6500000000000001
-17,-5,1.6500000000000001
-17,-5,1.6500000000000001
-17,-5,1.6500000000000001
-17,-5,1.6500000000000001
-17,-5,1.6500000000000001
-17,-5,1.6500000000000001
-17,-5,1.6500000000000001
-17,-5,1.6500000000000001
-17,-5,2.1610872718451457
-17,-5,2.4552091925107002
-17,-5,3.8582739445690564
-17,-5,1.6500000000000001
-17,-5,1.6500000000000001
-17,-5,2.6800339083609614
-17,-5,1.6500000000000001
-17,-5,1.6500000000000001
-17,-5,1.6500000000000001
-17,-5,1.6500000000000001
-17,-5,1.6500000000000001
-17,-5,3.8844414183477656
-17,-5,1.6500000000000001
-17,-5,1.6500000000000001
-17,-5,1.6500000000000001
-17,-5,1.6500000000000001
-17,-5,3.5220675673819586
-17,-5,1.6500000000000001
-17,-5,1.6500000000000001
-17,-5,2.3466050127418736
-17,-5,5.76849960432806
-17,-5,1.6500000000000001
-17,-5,1.6500000000000001
-17,-5,4.527106340485879
-17,-5,1.6500000000000001
-18,-5,1.925920134927816
-18,-5,4.88177888248718
-18,-5,1.6500000000000001
-18,-5,1.6500000000000001
-18,-5,1.6500000000000001
-18,-5,2.772019922381553
-18,-5,2.238314404648226
-18,-5,1.6500000000000001
-18,-5,1.6500000000000001
-18,-5,1.6500000000000001
-18,-5,1.6500000000000001
-18,-5,2.279298596700219
-18,-5,1.6500000000000001
-18,-5,1.6500000000000001
-18,-5,1.6500000000000001
-18,-5,1.6500000000000001
-18,-5,1.6500000000000001
-18,-5,1.6500000000000001
-18,-5,1.6500000000000001
-18,-5,2.305798281340408
-18,-5,1.6500000000000001
-18,-5,2.049771401771869
-18,-5,1.6500000000000001
-18,-5,1.6500000000000001
-18,-5,1.9939809189644038
-18,-5,1.6500000000000001
-18,-5,1.6500000000000001
-18,-5,1.6500000000000001
-18,-5,1.6500000000000001
-18,-5,4.446921301421187
-18,-5,1.6500000000000001
-18,-5,1.6500000000000001
-18,-5,1.6500000000000001
-18,-5,6.660827693881681
-18,-5,1.6500000000000001
-18,-5,1.6500000000000001
-18,-5,1.6500000000000001
-18,-5,5.997871793997531
-18,-5,1.6500000000000001
-18,-5,1.6500000000000001
-18,-5,1.6500000000000001
-18,-5,1.6500000000000001
-18,-5,1.6500000000000001
-18,-5,1.6500000000000001
-18,-5,3.054132674045341
-18,-5,1.6500000000000001
-18,-5,1.6500000000000001
-18,-5,1.6500000000000001
-18,-5,3.2007638552524122
-18,-5,1.6500000000000001
-18,-5,1.6500000000000001
-18,-5,1.6500000000000001
-18,-5,1.6500000000000001
-18,-5,1.6500000000000001
-18,-5,4.7433213551877165
-18,-5,2.2063378437067485
-18,-5,1.6500000000000001
-18,-5,1.6500000000000001
-18,-5,1.6500000000000001
-18,-5,3.9705088517021787
-18,-5,1.6500000000000001
-18,-5,1.6500000000000001
-19,-5,1.6500000000000001
-19,-5,1.6500000000000001
-19,-5,1.6500000000000001
-19,-5,1.6500000000000001
-19,-5,1.6500000000000001
-19,-5,1.6500000000000001
-19,-5,1.6500000000000001
-19,-5,4.76632885906702
-19,-5,4.967095241784629
-19,-5,1.6500000000000001
-19,-5,1.6500000000000001
-19,-5,3.743353336886754
-19,-5,3.8905691431718283
-19,-5,1.6500000000000001
-19,-5,1.6500000000000001
-19,-5,2.1315784565651446
-19,-5,5.636383853022056
-19,-5,3.112462097403887
-19,-5,1.6500000000000001
-19,-5,1.6500000000000001
-19,-5,3.8190673906912522
-19,-5,1.6500000000000001
-19,-5,1.6500000000000001
-19,-5,1.6500000000000001
-19,-5,1.6500000000000001
-19,-5,3.6340917293720336
-19,-5,1.6500000000000001
-19,-5,1.6500000000000001
-19,-5,1.6500000000000001
-19,-5,1.6500000000000001
-19,-5,1.6500000000000001
-19,-5,1.6500000000000001
-19,-5,5.029768673010166
-19,-5,2.0681925077463115
-19,-5,1.6500000000000001
-19,-5,1.6500000000000001
-19,-5,1.6500000000000001
-19,-5,1.6500000000000001
-19,-5,1.6500000000000001
-19,-5,1.6500000000000001
-19,-5,1.6500000000000001
-19,-5,1.6500000000000001
-19,-5,5.98955541939538
-19,-5,1.6500000000000001
-19,-5,1.7827155150608023
-19,-5,1.6500000000000001
-19,-5,1.6500000000000001
-19,-5,1.6500000000000001
-19,-5,1.6500000000000001
-19,-5,5.456824825422482
-19,-5,1.6500000000000001
-19,-5,1.6500000000000001
-19,-5,1.6500000000000001
-19,-5,5.293302703378477
-19,-5,1.6500000000000001
-19,-5,1.6500000000000001
-19,-5,1.6500000000000001
-19,-5,3.644180663201608
-19,-5,1.6500000000000001
-19,-5,1.6500000000000001
-19,-5,1.6500000000000001
-20,-5,1.6500000000000001
-20,-5,1.6500000000000001
-20,-5,1.6500000000000001
-20,-5,1.6500000000000001
-20,-5,1.6500000000000001
-20,-5,1.6500000000000001
-20,-5,1.6500000000000001
-20,-5,1.6500000000000001
-20,-5,1.6500000000000001
-20,-5,1.6500000000000001
-20,-5,1.6500000000000001
-20,-5,2.268949646482783
-20,-5,1.6500000000000001
-20,-5,1.6500000000000001
-20,-5,1.6500000000000001
-20,-5,1.6500000000000001
-20,-5,2.6818831116190296
-20,-5,1.6500000000000001
-20,-5,1.6500000000000001
-20,-5,5.011790724327146
-20,-5,1.6500000000000001
-20,-5,1.6500000000000001
-20,-5,1.6500000000000001
-20,-5,1.6500000000000001
-20,-5,2.226978139130536
-20,-5,1.6500000000000001
-20,-5,1.6500000000000001
-20,-5,1.6500000000000001
-20,-5,1.6500000000000001
-20,-5,1.6500000000000001
-20,-5,1.6500000000000001
-20,-5,1.6500000000000001
-20,-5,1.6500000000000001
-20,-5,2.6109587386672297
-20,-5,1.6500000000000001
-20,-5,3.1933471412583945
-20,-5,1.6500000000000001
-20,-5,3.444391231217376
-20,-5,1.6500000000000001
-20,-5,1.6500000000000001
-20,-5,3.3368741481534014
-20,-5,1.6500000000000001
-20,-5,2.9561223066628486
-20,-5,1.6500000000000001
-20,-5,1.6500000000000001
-20,-5,1.6500000000000001
-20,-5,1.6500000000000001
-20,-5,1.6500000000000001
-20,-5,1.6500000000000001
-20,-5,1.6500000000000001
-20,-5,1.6500000000000001
-20,-5,1.6500000000000001
-20,-5,1.6500000000000001
-20,-5,1.6500000000000001
-20,-5,3.8574146018930993
-20,-5,2.5486607477987047
-20,-5,1.6500000000000001
-20,-5,1.6500000000000001
-20,-5,1.6500000000000001
-20,-5,1.6500000000000001
-20,-5,4.231494580366247
-20,-5,1.6500000000000001
-20,-4,1.6500000000000001
-20,-4,4.91462097672731
-20,-4,1.6500000000000001
-20,-4,1.6500000000000001
-20,-4,1.839260880594889
-20,-4,1.6500000000000001
-20,-4,1.6500000000000001
-20,-4,2.563743443492738
-20,-4,2.4149449905336353
-20,-4,1.6500000000000001
-20,-4,2.9296765813452383
-20,-4,1.6500000000000001
-20,-4,1.6500000000000001
-20,-4,2.3253680112470816
-20,-4,1.6500000000000001
-20,-4,1.6500000000000001
-20,-4,1.6500000000000001
-20,-4,1.6500000000000001
-20,-4,1.6500000000000001
-20,-4,1.6500000000000001
-20,-4,1.6500000000000001
-20,-4,1.6500000000000001
-20,-4,1.6500000000000001
-20,-4,1.6500000000000001
-20,-4,1.6500000000000001
-20,-4,1.6500000000000001
-20,-4,1.6500000000000001
-20,-4,3.6253030855880417
-20,-4,1.6500000000000001
-20,-4,1.6500000000000001
-20,-4,1.6500000000000001
-20,-4,5.306503337330703
-20,-4,4.838126296993477
-20,-4,1.6500000000000001
-20,-4,1.6500000000000001
-20,-4,1.6500000000000001
-20,-4,1.6500000000000001
-20,-4,4.701543397048431
-20,-4,2.186388549897654
-20,-4,1.6500000000000001
-20,-4,1.6500000000000001
-20,-4,1.6500000000000001
-20,-4,1.6500000000000001
-20,-4,1.6500000000000001
-20,-4,1.6500000000000001
-20,-4,3.8291722746671395
-20,-4,1.6500000000000001
-20,-4,1.6500000000000001
-20,-4,1.6500000000000001
-20,-4,1.6500000000000001
-20,-4,3.042100128152876
-20,-4,1.6500000000000001
-20,-4,2.3793558728078605
-20,-4,1.6500000000000001
-20,-4,5.506128326166161
-20,-4,1.6500000000000001
-20,-4,1.6500000000000001
-20,-4,1.6500000000000001
-20,-4,3.2728589506575965
-20,-4,3.351266446541854
-20,-4,1.6500000000000001
-19,-4,1.9584607952622153
-19,-4,1.6500000000000001
-19,-4,2.0169634826691762
-19,-4,1.6500000000000001
-19,-4,4.545263981405893
-19,-4,1.6500000000000001
-19,-4,1.6500000000000001
-19,-4,1.6500000000000001
-19,-4,2.5387290145045296
-19,-4,1.6500000000000001
-19,-4,1.6500000000000001
-19,-4,1.6500000000000001
-19,-4,1.6500000000000001
-19,-4,1.6500000000000001
-19,-4,1.6500000000000001
-19,-4,1.6500000000000001
-19,-4,1.6500000000000001
-19,-4,1.6500000000000001
-19,-4,1.6500000000000001
-19,-4,1.6500000000000001
-19,-4,3.5731441326447584
-19,-4,1.6500000000000001
-19,-4,3.885225427129323
-19,-4,1.6500000000000001
-19,-4,1.6500000000000001
-19,-4,1.6500000000000001
-19,-4,1.6500000000000001
-19,-4,1.6500000000000001
-19,-4,1.6500000000000001
-19,-4,1.6500000000000001
-19,-4,1.6500000000000001
-19,-4,1.6500000000000001
-19,-4,1.6500000000000001
-19,-4,1.6500000000000001
-19,-4,2.0103955429881255
-19,-4,1.6500000000000001
-19,-4,1.8676492059839709
-19,-4,1.6500000000000001
-19,-4,1.6500000000000001
-19,-4,1.6500000000000001
-19,-4,1.6500000000000001
-19,-4,1.6500000000000001
-19,-4,1.6500000000000001
-19,-4,1.6500000000000001
-19,-4,1.6500000000000001
-19,-4,3.0050974724838304
-19,-4,1.6500000000000001
-19,-4,1.6500000000000001
-19,-4,1.6500000000000001
-19,-4,1.9880233919531112
-19,-4,1.6500000000000001
-19,-4,1.6500000000000001
-19,-4,3.6116063562549092
-19,-4,1.6500000000000001
-19,-4,1.6500000000000001
-19,-4,1.6500000000000001
-19,-4,1.6500000000000001
-19,-4,4.739979268628535
-19,-4,1.6500000000000001
-19,-4,1.6500000000000001
-19,-4,1.6500000000000001
-19,-4,3.1597285227171925
-18,-4,1.6500000000000001
-18,-4,1.6500000000000001
-18,-4,1.6500000000000001
-18,-4,3.042961372293322
-18,-4,2.806415959753659
-18,-4,1.736206311278456
-18,-4,1.6500000000000001
-18,-4,1.6500000000000001
-18,-4,1.6500000000000001
-18,-4,1.6500000000000001
-18,-4,1.6500000000000001
-18,-4,4.458871407811336
-18,-4,1.6500000000000001
-18,-4,1.6500000000000001
-18,-4,1.6500000000000001
-18,-4,1.6500000000000001
-18,-4,1.6500000000000001
-18,-4,2.827619202863931
-18,-4,1.6500000000000001
-18,-4,1.8019064504705051
-18,-4,1.6500000000000001
-18,-4,1.6500000000000001
-18,-4,1.6500000000000001
-18,-4,1.6500000000000001
-18,-4,1.6500000000000001
-18,-4,1.6500000000000001
-18,-4,7.168885654605644
-18,-4,1.6500000000000001
-18,-4,7.977257313726909
-18,-4,1.6500000000000001
-18,-4,1.6500000000000001
-18,-4,3.5995428204312163
-18,-4,1.6500000000000001
-18,-4,1.6500000000000001
-18,-4,1.6500000000000001
-18,-4,1.6500000000000001
-18,-4,1.6500000000000001
-18,-4,1.9239716734079724
-18,-4,1.6500000000000001
-18,-4,3.8472959972733314
-18,-4,2.240415417375538
-18,-4,1.6500000000000001
-18,-4,1.6500000000000001
-18,-4,2.5546653939519666
-18,-4,4.9722955341755
-18,-4,1.6500000000000001
-18,-4,3.04292969941051
-18,-4,2.0617797067715786
-18,-4,1.6500000000000001
-18,-4,1.6500000000000001
-18,-4,1.6500000000000001
-18,-4,1.6500000000000001
-18,-4,1.6500000000000001
-18,-4,4.903651294232492
-18,-4,1.6500000000000001
-18,-4,1.6500000000000001
-18,-4,1.6500000000000001
-18,-4,1.6500000000000001
-18,-4,3.4197807507412934
-18,-4,1.6500000000000001
-18,-4,1.67973285177555
-18,-4,1.6500000000000001
-17,-4,1.6500000000000001
-17,-4,3.6523815882536397
-17,-4,1.6500000000000001
-17,-4,2.2022774192927326
-17,-4,3.8359475995456513
-17,-4,1.6500000000000001
-17,-4,4.413165305577817
-17,-4,1.6500000000000001
-17,-4,1.6500000000000001
-17,-4,1.6500000000000001
-17,-4,1.6500000000000001
-17,-4,1.6500000000000001
-17,-4,5.657005791809264
-17,-4,1.6500000000000001
-17,-4,1.7950595912066467
-17,-4,1.6500000000000001
-17,-4,1.951400932998244
-17,-4,1.820792947373698
-17,-4,1.6500000000000001
-17,-4,1.6500000000000001
-17,-4,1.6500000000000001
-17,-4,1.6500000000000001
-17,-4,5.766605782395787
-17,-4,1.6500000000000001
-17,-4,2.5191129992811163
-17,-4,1.6500000000000001
-17,-4,2.760737904381865
-17,-4,1.6500000000000001
-17,-4,1.6500000000000001
-17,-4,1.6500000000000001
-17,-4,1.6500000000000001
-17,-4,1.6500000000000001
-17,-4,1.6500000000000001
-17,-4,3.252543143178209
-17,-4,1.6500000000000001
-17,-4,4.54304674009438
-17,-4,6.998507980099242
-17,-4,1.7139500338783193
-17,-4,1.6500000000000001
-17,-4,1.70955348817587
-17,-4,1.6500000000000001
-17,-4,1.6500000000000001
-17,-4,1.6500000000000001
-17,-4,1.6500000000000001
-17,-4,1.6500000000000001
-17,-4,2.0700184187376878
-17,-4,2.0574595771307598
-17,-4,1.6500000000000001
-17,-4,2.3162600875465733
-17,-4,1.6500000000000001
-17,-4,1.6500000000000001
-17,-4,1.6500000000000001
-17,-4,1.6500000000000001
-17,-4,1.6500000000000001
-17,-4,1.6500000000000001
-17,-4,1.6500000000000001
-17,-4,1.6500000000000001
-17,-4,2.5064978411846806
-17,-4,1.6500000000000001
-17,-4,1.6500000000000001
-17,-4,1.6500000000000001
-16,-4,2.944762290374779
-16,-4,1.6500000000000001
-16,-4,1.6500000000000001
-16,-4,1.6500000000000001
-16,-4,1.6500000000000001
-16,-4,2.2910994491300647
-16,-4,2.060103788622871
-16,-4,1.6500000000000001
-16,-4,5.316595113518422
-16,-4,6.705199094220564
-16,-4,5.631443098770328
-16,-4,1.6500000000000001
-16,-4,1.6500000000000001
-16,-4,1.6500000000000001
-16,-4,1.6500000000000001
-16,-4,1.6500000000000001
-16,-4,1.6500000000000001
-16,-4,1.6500000000000001
-16,-4,1.6500000000000001
-16,-4,3.3184137515292442
-16,-4,5.8814804362671325
-16,-4,2.4333059744863568
-16,-4,1.6500000000000001
-16,-4,1.6500000000000001
-16,-4,1.6500000000000001
-16,-4,1.6500000000000001
-16,-4,1.6500000000000001
-16,-4,1.6500000000000001
-16,-4,1.6500000000000001
-16,-4,1.6500000000000001
-16,-4,1.6500000000000001
-16,-4,3.4676760955390447
-16,-4,1.6500000000000001
-16,-4,1.6500000000000001
-16,-4,1.6500000000000001
-16,-4,1.6500000000000001
-16,-4,1.798278008139517
-16,-4,3.8459033914881
-16,-4,1.6500000000000001
-16,-4,4.104452615930409
-16,-4,1.6500000000000001
-16,-4,1.6500000000000001
-16,-4,1.6500000000000001
-16,-4,1.691270058062931
-16,-4,1.6500000000000001
-16,-4,1.6500000000000001
-16,-4,4.705121787727614
-16,-4,1.6500000000000001
-16,-4,1.6500000000000001
-16,-4,1.6500000000000001
-16,-4,1.6500000000000001
-16,-4,2.5878413524193746
-16,-4,1.6500000000000001
-16,-4,1.6500000000000001
-16,-4,1.6500000000000001
-16,-4,1.6500000000000001
-16,-4,1.6500000000000001
-16,-4,8.252105467144077
-16,-4,1.6500000000000001
-16,-4,2.4857474221088887
-16,-4,1.6500000000000001
-16,-4,1.6500000000000001
-15,-4,1.6500000000000001
-15,-4,4.623723401920709
-15,-4,1.6500000000000001
-15,-4,1.6500000000000001
-15,-4,1.9300046612229376
-15,-4,2.2616594567595762
-15,-4,1.6500000000000001
-15,-4,1.6500000000000001
-15,-4,2.5458701764698857
-15,-4,1.6500000000000001
-15,-4,5.275449551670774
-15,-4,1.6500000000000001
-15,-4,1.6500000000000001
-15,-4,1.6500000000000001
-15,-4,1.6500000000000001
-15,-4,6.296642220833919
-15,-4,1.8039461366528233
-15,-4,1.6500000000000001
-15,-4,1.6500000000000001
-15,-4,1.6500000000000001
-15,-4,3.14210271300893
-15,-4,1.6500000000000001
-15,-4,1.6500000000000001
-15,-4,5.147921629482078
-15,-4,2.0230774839784624
-15,-4,2.6030490983764634
-15,-4,1.6500000000000001
-15,-4,1.679225433263543
-15,-4,3.8443728124713448
-15,-4,1.6500000000000001
-15,-4,1.6500000000000001
-15,-4,1.6500000000000001
-15,-4,1.6500000000000001
-15,-4,1.6500000000000001
-15,-4,1.6500000000000001
-15,-4,1.6500000000000001
-15,-4,2.4496805823802936
-15,-4,3.236234067248248
-15,-4,1.6500000000000001
-15,-4,1.6500000000000001
-15,-4,1.6895709314464327
-15,-4,1.7952711953256757
-15,-4,1.6500000000000001
-15,-4,1.6940878100855823
-15,-4,1.6500000000000001
-15,-4,1.6500000000000001
-15,-4,4.442218217445062
-15,-4,2.3125838593873453
-15,-4,1.6500000000000001
-15,-4,1.6500000000000001
-15,-4,1.6500000000000001
-15,-4,1.6500000000000001
-15,-4,1.6500000000000001
-15,-4,1.6500000000000001
-15,-4,1.6500000000000001
-15,-4,1.6500000000000001
-15,-4,1.8796665085085857
-15,-4,3.054053141539379
-15,-4,1.6500000000000001
-15,-4,2.9902710875906076
-15,-4,1.6500000000000001
-14,-4,1.6500000000000001
-14,-4,3.1398567938966613
-14,-4,1.6500000000000001
-14,-4,3.8833993551270036
-14,-4,5.87999640813937
-14,-4,1.6500000000000001
-14,-4,1.6500000000000001
-14,-4,1.6500000000000001
-14,-4,3.8246592370940276
-14,-4,1.6500000000000001
-14,-4,1.6500000000000001
-14,-4,1.6500000000000001
-14,-4,2.868914376530134
-14,-4,2.6883496737817723
-14,-4,1.6500000000000001
-14,-4,1.6500000000000001
-14,-4,1.6500000000000001
-14,-4,1.6500000000000001
-14,-4,3.666338558618716
-14,-4,4.942210639418312
-14,-4,4.132774346697674
-14,-4,2.414793411692621
-14,-4,1.6500000000000001
-14,-4,1.6500000000000001
-14,-4,6.161374777093207
-14,-4,1.6500000000000001
-14,-4,1.6500000000000001
-14,-4,1.6500000000000001
-14,-4,2.4004753890480774
-14,-4,1.6500000000000001
-14,-4,1.6500000000000001
-14,-4,2.729333820921345
-14,-4,1.6500000000000001
-14,-4,1.6500000000000001
-14,-4,1.6500000000000001
-14,-4,3.745690741186195
-14,-4,3.9409600733730303
-14,-4,1.6500000000000001
-14,-4,4.938492831878684
-14,-4,1.6500000000000001
-14,-4,1.6500000000000001
-14,-4,2.3979509278586826
-14,-4,1.6500000000000001
-14,-4,4.417659164142282
-14,-4,5.033176267259968
-14,-4,1.6500000000000001
-14,-4,4.828211049650031
-14,-4,1.6500000000000001
-14,-4,6.858970163894931
-14,-4,1.6500000000000001
-14,-4,1.6500000000000001
-14,-4,1.6500000000000001
-14,-4,1.6500000000000001
-14,-4,8.048375577082897
-14,-4,3.402760284081131
-14,-4,1.6500000000000001
-14,-4,2.2505021830164225
-14,-4,3.1135416828437203
-14,-4,2.102203511395996
-14,-4,1.6500000000000001
-14,-4,1.6500000000000001
-14,-4,1.6500000000000001
-15,-4,2.217439020761134
-15,-4,1.6500000000000001
-15,-4,1.6500000000000001
-15,-4,7.927665781739534
-15,-4,4.396942906270605
-15,-4,1.6500000000000001
-15,-4,2.405400627930258
-15,-4,5.4833984391627375
-15,-4,1.6500000000000001
-15,-4,1.6500000000000001
-15,-4,1.6500000000000001
-15,-4,1.6500000000000001
-15,-4,1.6500000000000001
-15,-4,3.0336480269556083
-15,-4,1.6500000000000001
-15,-4,1.6500000000000001
-15,-4,1.6500000000000001
-15,-4,5.388759803972764
-15,-4,1.6500000000000001
-15,-4,1.6500000000000001
-15,-4,1.8817605237358057
-15,-4,1.972927233135988
-15,-4,1.6500000000000001
-15,-4,3.687570025064101
-15,-4,1.6500000000000001
-15,-4,1.6500000000000001
-15,-4,3.0943897393960476
-15,-4,1.6500000000000001
-15,-4,2.871851531131797
-15,-4,1.6500000000000001
-15,-4,1.6500000000000001
-15,-4,1.6500000000000001
-15,-4,1.6500000000000001
-15,-4,1.6500000000000001
-15,-4,1.6500000000000001
-15,-4,1.6500000000000001
-15,-4,4.067904116858648
-15,-4,1.6500000000000001
-15,-4,4.308820535026416
-15,-4,1.6500000000000001
-15,-4,1.6500000000000001
-15,-4,1.6500000000000001
-15,-4,1.6500000000000001
-15,-4,1.6500000000000001
-15,-4,4.685183078424147
-15,-4,4.339224694479945
-15,-4,1.6500000000000001
-15,-4,1.6500000000000001
-15,-4,5.463815114674868
-15,-4,1.6500000000000001
-15,-4,1.6500000000000001
-15,-4,4.110909864953221
-15,-4,1.6500000000000001
-15,-4,1.6500000000000001
-15,-4,2.8709438510181267
-15,-4,1.6500000000000001
-15,-4,9.958784623817738
-15,-4,1.6500000000000001
-15,-4,3.787134174168463
-15,-4,2.1145754597150246
-15,-4,1.9499351699066052
-15,-4,2.168019852246755
-14,-4,3.600516979950994
-14,-4,1.6500000000000001
-14,-4,7.187541285838354
-14,-4,1.6500000000000001
-14,-4,1.6500000000000001
-14,-4,1.6500000000000001
-14,-4,2.0724171527489976
-14,-4,1.6500000000000001
-14,-4,1.6500000000000001
-14,-4,1.6500000000000001
-14,-4,1.6500000000000001
-14,-4,1.6500000000000001
-14,-4,4.607412772459523
-14,-4,1.6500000000000001
-14,-4,1.6500000000000001
-14,-4,1.6500000000000001
-14,-4,5.6592409460779525
-14,-4,1.7501553496600424
-14,-4,2.7624374172916104
-14,-4,1.6500000000000001
-14,-4,1.6500000000000001
-14,-4,1.9930620469077436
-14,-4,5.556408057849309
-14,-4,4.236265298325177
-14,-4,6.129929460249723
-14,-4,1.6500000000000001
-14,-4,1.6500000000000001
-14,-4,1.6500000000000001
-14,-4,1.6500000000000001
-14,-4,6.69788888636466
-14,-4,6.37970200026477
-14,-4,1.6500000000000001
-14,-4,8.55087972436852
-14,-4,2.865517832961774
-14,-4,3.5838345618677927
-14,-4,1.6500000000000001
-14,-4,1.6500000000000001
-14,-4,1.6500000000000001
-14,-4,1.6500000000000001
-14,-4,1.6500000000000001
-14,-4,1.6500000000000001
-14,-4,1.6500000000000001
-14,-4,1.6500000000000001
-14,-4,1.6500000000000001
-14,-4,4.799386287518433
-14,-4,1.6500000000000001
-14,-4,1.6500000000000001
-14,-4,2.7713300909426706
-14,-4,1.6500000000000001
-14,-4,1.7286183204762549
-14,-4,1.6500000000000001
-14,-4,4.89354096478279
-14,-4,1.6500000000000001
-14,-4,1.6500000000000001
-14,-4,1.6500000000000001
-14,-4,4.127477058529433
-14,-4,1.6500000000000001
-14,-4,1.6500000000000001
-14,-4,5.68504250434229
-14,-4,1.777361908192288
-14,-4,2.600990764778619
-15,-4,5.9106295508689755
-15,-4,1.6500000000000001
-15,-4,4.2361393935930085
-15,-4,1.6500000000000001
-15,-4,4.101793045385545
-15,-4,1.6500000000000001
-15,-4,1.6500000000000001
-15,-4,1.6500000000000001
-15,-4,1.8446492665855454
-15,-4,1.6500000000000001
-15,-4,1.6500000000000001
-15,-4,1.6500000000000001
-15,-4,1.6500000000000001
-15,-4,1.6500000000000001
-15,-4,4.414562476759535
-15,-4,1.6500000000000001
-15,-4,1.6500000000000001
-15,-4,4.776985858662612
-15,-4,1.6500000000000001
-15,-4,1.6500000000000001
-15,-4,2.8835554118123286
-15,-4,1.6500000000000001
-15,-4,9.068572081716189
-15,-4,1.6500000000000001
-15,-4,1.8010725388995688
-15,-4,3.6531354986048585
-15,-4,2.2800167124662503
-15,-4,1.6500000000000001
-15,-4,6.3844893035847585
-15,-4,1.6500000000000001
-15,-4,4.079540971933346
-15,-4,1.6500000000000001
-15,-4,1.6500000000000001
-15,-4,1.6500000000000001
-15,-4,3.2434230877816828
-15,-4,1.6500000000000001
-15,-4,1.6500000000000001
-15,-4,4.387007194721885
-15,-4,1.6500000000000001
-15,-4,1.6500000000000001
-15,-4,1.6500000000000001
-15,-4,1.6500000000000001
-15,-4,3.1771606132368273
-15,-4,1.6500000000000001
-15,-4,3.874253445114697
-15,-4,3.8720944291054575
-15,-4,1.6500000000000001
-15,-4,3.132052959288239
-15,-4,1.6500000000000001
-15,-4,4.24092089505873
-15,-4,1.6500000000000001
-15,-4,1.6500000000000001
-15,-4,3.590718741406361
-15,-4,1.7994924907373275
-15,-4,1.6500000000000001
-15,-4,1.9789208089118853
-15,-4,3.653839445777142
-15,-4,4.126480209884487
-15,-4,1.6500000000000001
-15,-4,1.6500000000000001
-15,-4,1.6500000000000001
-15,-4,1.6500000000000001
-14,-4,3.1256332102241853
-14,-4,1.6500000000000001
-14,-4,3.8725848836406116
-14,-4,1.6500000000000001
-14,-4,1.8921956077692497
-14,-4,5.199801521782599
-14,-4,1.6500000000000001
-14,-4,1.6500000000000001
-14,-4,1.6500000000000001
-14,-4,1.6500000000000001
-14,-4,1.6500000000000001
-14,-4,1.6500000000000001
-14,-4,1.6500000000000001
-14,-4,4.894028616131052
-14,-4,1.6563955379544595
-14,-4,1.6500000000000001
-14,-4,1.6500000000000001
-14,-4,4.091990111550093
-14,-4,7.361458351418503
-14,-4,1.6500000000000001
-14,-4,1.8085207097254061
-14,-4,1.6500000000000001
-14,-4,1.6500000000000001
-14,-4,1.6500000000000001
-14,-4,4.950653667124232
-14,-4,2.3401972099104302
-14,-4,1.6500000000000001
-14,-4,1.6500000000000001
-14,-4,1.6500000000000001
-14,-4,2.3695085454752194
-14,-4,1.6500000000000001
-14,-4,4.090957146956275
-14,-4,1.6500000000000001
-14,-4,1.6500000000000001
-14,-4,1.6500000000000001
-14,-4,1.6500000000000001
-14,-4,1.6500000000000001
-14,-4,1.6500000000000001
-14,-4,3.6044479770200635
-14,-4,1.6500000000000001
-14,-4,1.6500000000000001
-14,-4,1.6500000000000001
-14,-4,1.6500000000000001
-14,-4,1.6500000000000001
-14,-4,3.8225451886324056
-14,-4,1.6500000000000001
-14,-4,3.0789032821629654
-14,-4,8.366912792967891
-14,-4,1.6500000000000001
-14,-4,1.6500000000000001
-14,-4,1.6500000000000001
-14,-4,1.6500000000000001
-14,-4,4.45180275283848
-14,-4,1.6500000000000001
-14,-4,6.227097449889466
-14,-4,3.6259973590665404
-14,-4,1.8281529880343743
-14,-4,1.6500000000000001
-14,-4,2.024327652329911
-14,-4,1.6500000000000001
-14,-4,1.6500000000000001
-14,-4,1.6500000000000001
-13,-4,1.6500000000000001
-13,-4,1.6500000000000001
-13,-4,1.6500000000000001
-13,-4,1.6500000000000001
-13,-4,1.6500000000000001
-13,-4,4.7215335575427435
-13,-4,3.1427654765607587
-13,-4,6.931721764330128
-13,-4,3.909032308230333
-13,-4,1.6500000000000001
-13,-4,4.592895127996249
-13,-4,1.6500000000000001
-13,-4,2.9780882276603107
-13,-4,1.6500000000000001
-13,-4,1.6500000000000001
-13,-4,1.6500000000000001
-13,-4,1.7340325841391788
-13,-4,3.0415841611428185
-13,-4,1.6500000000000001
-13,-4,2.058164187749229
-13,-4,1.6500000000000001
-13,-4,2.0543209043206287
-13,-4,1.6500000000000001
-13,-4,2.1054599604361157
-13,-4,3.1003465462744058
-13,-4,1.6500000000000001
-13,-4,3.893258158137719
-13,-4,6.3886546424692705
-13,-4,5.46974846774516
-13,-4,2.1823892384919175
-13,-4,4.0679843377866485
-13,-4,3.6974554007928413
-13,-4,5.846881315304915
-13,-4,1.6500000000000001
-13,-4,1.6500000000000001
-13,-4,1.6500000000000001
-13,-4,2.006805169811006
-13,-4,1.6500000000000001
-13,-4,4.536063495354263
-13,-4,3.2420177387131046
-13,-4,2.145825147167926
-13,-4,1.6500000000000001
-13,-4,4.6480589143536015
-13,-4,5.035657789552467
-13,-4,1.6500000000000001
-13,-4,1.6500000000000001
-13,-4,1.6500000000000001
-13,-4,5.939302453201619
-13,-4,4.62927066038913
-13,-4,3.949270096715243
-13,-4,1.6761427905842374
-13,-4,1.6500000000000001
-13,-4,1.7115274003446599
-13,-4,3.7675900270770626
-13,-4,1.6500000000000001
-13,-4,1.6500000000000001
-13,-4,1.9308082810128453
-13,-4,1.6500000000000001
-13,-4,1.6500000000000001
-13,-4,3.233770223082668
-13,-4,1.6500000000000001
-12,-4,1.6500000000000001
-12,-4,1.9846549017645314
-12,-4,3.539172813356541
-12,-4,1.6500000000000001
-12,-4,1.6500000000000001
-12,-4,1.6500000000000001
-12,-4,1.6500000000000001
-12,-4,4.9127625188534765
-12,-4,6.903244886779219
-12,-4,1.6500000000000001
-12,-4,1.6500000000000001
-12,-4,1.6500000000000001
-12,-4,2.7987204171890703
-12,-4,1.6500000000000001
-12,-4,1.6500000000000001
-12,-4,1.6500000000000001
-12,-4,4.682199983126593
-12,-4,1.6500000000000001
-12,-4,1.6500000000000001
-12,-4,5.595209767694931
-12,-4,1.6500000000000001
-12,-4,1.6500000000000001
-12,-4,1.6500000000000001
-12,-4,1.6500000000000001
-12,-4,1.6500000000000001
-12,-4,1.6500000000000001
-12,-4,1.6500000000000001
-12,-4,1.6500000000000001
-12,-4,1.6500000000000001
-12,-4,2.2949032788213417
-12,-4,1.6500000000000001
-12,-4,3.676343968601522
-12,-4,1.6500000000000001
-12,-4,3.818066123793922
-12,-4,1.9426944688588688
-12,-4,7.160281264275042
-12,-4,1.6500000000000001
-12,-4,1.6500000000000001
-12,-4,4.935483144118068
-12,-4,4.928766230797835
-12,-4,5.055961103208848
-12,-4,1.6500000000000001
-12,-4,1.6500000000000001
-12,-4,1.9231964997404458
-12,-4,3.0533315219549477
-12,-4,3.6470971394219114
-12,-4,1.9545086562708247
-12,-4,3.498700208299502
-12,-4,1.6500000000000001
-12,-4,1.6500000000000001
-12,-4,4.659870943267869
-12,-4,7.144086885372474
-12,-4,1.6500000000000001
-12,-4,5.830179667344133
-12,-4,5.8000954896790535
-12,-4,1.6500000000000001
-12,-4,4.563269754655291
-12,-4,1.6500000000000001
-12,-4,3.1655085308499005
-12,-4,1.6500000000000001
-12,-4,1.684893730602938
-12,-4,1.6944191223979437
-11,-4,6.353320555906775
-11,-4,3.378311489344086
-11,-4,1.6500000000000001
-11,-4,1.6500000000000001
-11,-4,7.855022299725364
-11,-4,1.8215137947197886
-11,-4,4.076527414249195
-11,-4,1.6500000000000001
-11,-4,1.6500000000000001
-11,-4,3.2270759252829
-11,-4,1.6500000000000001
-11,-4,1.6500000000000001
-11,-4,1.6500000000000001
-11,-4,1.6500000000000001
-11,-4,3.888966373006758
-11,-4,4.1576863836534095
-11,-4,1.6500000000000001
-11,-4,1.6500000000000001
-11,-4,1.6500000000000001
-11,-4,1.6500000000000001
-11,-4,1.6500000000000001
-11,-4,1.7534438264614391
-11,-4,1.6500000000000001
-11,-4,2.2803895006466197
-11,-4,13.870732657260326
-11,-4,3.882219572799487
-11,-4,5.2347009821003985
-11,-4,2.1694268196339688
-11,-4,2.3822562378318386
-11,-4,6.554120513672795
-11,-4,5.530957386646451
-11,-4,1.6500000000000001
-11,-4,4.439297575205169
-11,-4,3.1468511446485166
-11,-4,1.6500000000000001
-11,-4,1.900044341159395
-11,-4,3.1590718421659734
-11,-4,1.6500000000000001
-11,-4,1.6500000000000001
-11,-4,1.6500000000000001
-11,-4,1.6500000000000001
-11,-4,1.6500000000000001
-11,-4,4.606420632523563
-11,-4,1.6500000000000001
-11,-4,1.6500000000000001
-11,-4,3.7647208173312743
-11,-4,1.6500000000000001
-11,-4,1.6500000000000001
-11,-4,3.402670535497519
-11,-4,3.9867594153569303
-11,-4,3.6077543178649405
-11,-4,1.6500000000000001
-11,-4,1.6500000000000001
-11,-4,1.6500000000000001
-11,-4,3.273021958116134
-11,-4,1.7187120084225538
-11,-4,1.6500000000000001
-11,-4,5.023165483129364
-11,-4,4.42616419165802
-11,-4,1.6500000000000001
-11,-4,1.6500000000000001
-10,-4,1.6500000000000001
-10,-4,1.6500000000000001
-10,-4,1.6500000000000001
-10,-4,7.792392695581767
-10,-4,3.933730754780213
-10,-4,1.6500000000000001
-10,-4,1.6500000000000001
-10,-4,4.41323632167461
-10,-4,3.2870833432541025
-10,-4,5.038120979202749
-10,-4,1.6500000000000001
-10,-4,2.2007771720633063
-10,-4,7.447174160171335
-10,-4,1.6500000000000001
-10,-4,1.6500000000000001
-10,-4,2.9676781064228592
-10,-4,8.458229113749148
-10,-4,3.7399900291543378
-10,-4,2.393074400825785
-10,-4,1.6500000000000001
-10,-4,3.5684485686056426
-10,-4,1.6500000000000001
-10,-4,4.658406501753387
-10,-4,1.6500000000000001
-10,-4,9.555471272574344
-10,-4,1.6500000000000001
-10,-4,3.656386576824807
-10,-4,1.6500000000000001
-10,-4,1.8338896655714858
-10,-4,1.6500000000000001
-10,-4,1.6500000000000001
-10,-4,4.253665485375819
-10,-4,2.8730545507395076
-10,-4,1.6500000000000001
-10,-4,1.6500000000000001
-10,-4,1.9007852828499003
-10,-4,1.6500000000000001
-10,-4,1.6500000000000001
-10,-4,4.464905562311975
-10,-4,4.018224891500589
-10,-4,3.5341726519835124
-10,-4,1.6500000000000001
-10,-4,4.488349924105485
-10,-4,6.1774805774369295
-10,-4,2.390952810002705
-10,-4,1.6500000000000001
-10,-4,2.7928868083059504
-10,-4,1.9045207661301575
-10,-4,3.971982350835872
-10,-4,1.6500000000000001
-10,-4,3.2731459886223857
-10,-4,2.2940570184682008
-10,-4,1.6500000000000001
-10,-4,1.6500000000000001
-10,-4,1.6500000000000001
-10,-4,1.6500000000000001
-10,-4,6.039186191094261
-10,-4,3.947937429286587
-10,-4,3.9385445007309565
-10,-4,3.74526534267657
-10,-4,1.6500000000000001
-10,-4,3.6857814612795607
-11,-4,7.9904515360752955
-11,-4,2.721122094929826
-11,-4,1.6500000000000001
-11,-4,2.849830143905372
-11,-4,1.6500000000000001
-11,-4,1.6500000000000001
-11,-4,1.6500000000000001
-11,-4,5.897118610267945
-11,-4,1.6500000000000001
-11,-4,4.541705055809765
-11,-4,3.9829944550783574
-11,-4,2.3171991663761267
-11,-4,2.6348617312893827
-11,-4,1.658815748548642
-11,-4,1.6500000000000001
-11,-4,2.942570128946799
-11,-4,1.6500000000000001
-11,-4,3.083913060741298
-11,-4,4.004260333645428
-11,-4,1.6500000000000001
-11,-4,6.774388199907743
-11,-4,6.673340298414573
-11,-4,3.225964091785384
-11,-4,1.6500000000000001
-11,-4,4.766081753645214
-11,-4,6.00711584690989
-11,-4,3.1225513592001617
-11,-4,1.6500000000000001
-11,-4,6.268148262636862
-11,-4,4.401129237350208
-11,-4,5.472991592681396
-11,-4,1.6500000000000001
-11,-4,1.6500000000000001
-11,-4,3.5613105104715665
-11,-4,2.7665861177466735
-11,-4,1.6500000000000001
-11,-4,1.6500000000000001
-11,-4,1.6500000000000001
-11,-4,4.320541920298679
-11,-4,1.6500000000000001
-11,-4,2.8010295016338067
-11,-4,3.3934125922397165
-11,-4,1.6500000000000001
-11,-4,1.6500000000000001
-11,-4,1.6500000000000001
-11,-4,1.7388608546899729
-11,-4,2.1094161318834526
-11,-4,1.6500000000000001
-11,-4,1.6500000000000001
-11,-4,1.6500000000000001
-11,-4,1.6500000000000001
-11,-4,1.6500000000000001
-11,-4,7.949472500188724
-11,-4,5.4670826361383345
-11,-4,1.6500000000000001
-11,-4,1.6500000000000001
-11,-4,2.06436614753372
-11,-4,3.510495257054592
-11,-4,1.6500000000000001
-11,-4,1.6500000000000001
-11,-4,2.024459176250343
-11,-4,7.393602805968905
-10,-4,1.6500000000000001
-10,-4,1.6577398613306873
-10,-4,1.6500000000000001
-10,-4,5.770363045638651
-10,-4,1.6500000000000001
-10,-4,3.817656104264802
-10,-4,1.6500000000000001
-10,-4,1.6500000000000001
-10,-4,4.936610732849279
-10,-4,3.748628695887237
-10,-4,1.7932600858269887
-10,-4,7.813001322852593
-10,-4,1.6500000000000001
-10,-4,5.7965446828532
-10,-4,1.6500000000000001
-10,-4,3.0315573354192558
-10,-4,6.016175283351309
-10,-4,1.6500000000000001
-10,-4,1.6500000000000001
-10,-4,3.8671910711890645
-10,-4,1.6500000000000001
-10,-4,2.7409772168359234
-10,-4,1.6500000000000001
-10,-4,8.338080770278161
-10,-4,1.6500000000000001
-10,-4,1.6500000000000001
-10,-4,1.9124458688931596
-10,-4,1.8739426389784175
-10,-4,1.6500000000000001
-10,-4,9.337327583190259
-10,-4,10.175811849426019
-10,-4,8.096698684864656
-10,-4,1.7597464454292893
-10,-4,3.359083517596465
-10,-4,2.1992843604628574
-10,-4,2.257399070489531
-10,-4,4.5074184292114134
-10,-4,6.091234274053644
-10,-4,5.218268944852662
-10,-4,1.6500000000000001
-10,-4,1.6500000000000001
-10,-4,3.404772028784814
-10,-4,3.314426620559276
-10,-4,2.999790561772046
-10,-4,1.6500000000000001
-10,-4,2.43375925317966
-10,-4,1.6500000000000001
-10,-4,3.415798714515418
-10,-4,8.106049540666719
-10,-4,1.6500000000000001
-10,-4,1.6500000000000001
-10,-4,3.534982787483369
-10,-4,3.523348596158085
-10,-4,2.367965179682167
-10,-4,1.6500000000000001
-10,-4,5.26068380598249
-10,-4,2.5793303077102423
-10,-4,1.6500000000000001
-10,-4,5.267498141661514
-10,-4,2.668153324117756
-10,-4,2.3991124013676304
-9,-4,6.6721811676475
-9,-4,2.249187544056653
-9,-4,3.289201517035514
-9,-4,6.638030055160314
-9,-4,6.3735775750969665
-9,-4,4.347216269898251
-9,-4,2.1504015459740775
-9,-4,5.108334296154325
-9,-4,1.6500000000000001
-9,-4,3.7359171583243036
-9,-4,4.379651000409824
-9,-4,9.705385906093364
-9,-4,1.6500000000000001
-9,-4,1.6500000000000001
-9,-4,1.6500000000000001
-9,-4,6.475351161683175
-9,-4,4.195177233521113
-9,-4,6.548248723479421
-9,-4,1.6500000000000001
-9,-4,3.113208747994796
-9,-4,2.1225617578660545
-9,-4,6.569071412916136
-9,-4,1.6500000000000001
-9,-4,1.6500000000000001
-9,-4,4.175321849451065
-9,-4,1.6500000000000001
-9,-4,1.6500000000000001
-9,-4,4.70500467866157
-9,-4,2.0549964807274437
-9,-4,2.1966415321525576
-9,-4,1.6500000000000001
-9,-4,2.11323583904004
-9,-4,5.136751182580923
-9,-4,1.6500000000000001
-9,-4,1.6500000000000001
-9,-4,4.397685453025702
-9,-4,4.852314951614405
-9,-4,1.6500000000000001
-9,-4,1.6500000000000001
-9,-4,2.4896193035148935
-9,-4,6.931975485867327
-9,-4,3.6057231819002196
-9,-4,1.6500000000000001
-9,-4,3.757678752675196
-9,-4,6.994938931070749
-9,-4,1.6500000000000001
-9,-4,6.337443045636885
-9,-4,6.733048573378808
-9,-4,2.6818532021527504
-9,-4,6.483912672616457
-9,-4,1.7485653139873065
-9,-4,3.5825885822050134
-9,-4,1.6500000000000001
-9,-4,3.1147658576821895
-9,-4,1.6500000000000001
-9,-4,7.877499621870749
-9,-4,6.5844901499798265
-9,-4,7.028529293594585
-9,-4,2.350294944458594
-9,-4,5.712139668931183
-9,-4,4.657480502474925
-9,-4,4.120295462917321
-8,-4,5.256500333627849
-8,-4,1.6500000000000001
-8,-4,4.806335273141
-8,-4,6.77611730919462
-8,-4,2.434168661734537
-8,-4,2.3614508993264822
-8,-4,5.674088563512562
-8,-4,1.6500000000000001
-8,-4,2.88754436602476
-8,-4,2.3683606469155167
-8,-4,2.743696624052472
-8,-4,6.221390667034015
-8,-4,4.817464159549886
-8,-4,5.381755936206407
-8,-4,1.6500000000000001
-8,-4,1.6500000000000001
-8,-4,1.6500000000000001
-8,-4,1.6500000000000001
-8,-4,3.709659332428224
-8,-4,3.211832043475706
-8,-4,1.6925928828942542
-8,-4,6.236490940076866
-8,-4,3.244018033205359
-8,-4,1.6500000000000001
-8,-4,3.3335515550813115
-8,-4,3.8548872609878555
-8,-4,7.134704120500887
-8,-4,3.1665547378191112
-8,-4,8.05538100263281
-8,-4,4.784995844271945
-8,-4,5.841279659032852
-8,-4,5.654846062471904
-8,-4,4.773008536600486
-8,-4,7.070948941698719
-8,-4,3.406988314338248
-8,-4,8.822968589081897
-8,-4,5.604397014444156
-8,-4,1.6500000000000001
-8,-4,1.6500000000000001
-8,-4,1.6500000000000001
-8,-4,2.096694993385622
-8,-4,3.6124791678579697
-8,-4,2.2616974763689557
-8,-4,1.6500000000000001
-8,-4,6.757576614607101
-8,-4,2.5024380472615437
-8,-4,8.354555790718068
-8,-4,2.7708974169750964
-8,-4,2.2001390280735644
-8,-4,1.6500000000000001
-8,-4,1.6500000000000001
-8,-4,1.6500000000000001
-8,-4,5.805279563259042
-8,-4,1.6500000000000001
-8,-4,1.9796860920742478
-8,-4,1.6500000000000001
-8,-4,1.6500000000000001
-8,-4,1.6500000000000001
-8,-4,5.798524246712214
-8,-4,4.710814616120506
-8,-4,2.2016382429549424
-9,-4,1.6500000000000001
-9,-4,1.6500000000000001
-9,-4,10.105936545765331
-9,-4,3.0216367161840623
-9,-4,2.539340731918149
-9,-4,1.6500000000000001
-9,-4,3.2600515893118827
-9,-4,2.5686842007821107
-9,-4,6.647106358943429
-9,-4,8.098841585023772
-9,-4,3.82838899370308
-9,-4,2.5388699864510396
-9,-4,5.71987037339581
-9,-4,3.3547496525718756
-9,-4,1.6500000000000001
-9,-4,5.143551580787836
-9,-4,4.134057933970306
-9,-4,2.066852553586356
-9,-4,1.6500000000000001
-9,-4,3.0933245021740263
-9,-4,2.678591019073535
-9,-4,4.851721542248834
-9,-4,1.6500000000000001
-9,-4,1.9134561352126271
-9,-4,9.0747818333263
-9,-4,1.949796048744959
-9,-4,3.9461176338419204
-9,-4,2.2613925240630364
-9,-4,1.6500000000000001
-9,-4,1.6500000000000001
-9,-4,3.04815627584958
-9,-4,3.8535861966833407
-9,-4,1.6500000000000001
-9,-4,6.877943844311412
-9,-4,6.632322469221003
-9,-4,1.6500000000000001
-9,-4,3.901980246663651
-9,-4,3.1261222984256474
-9,-4,7.380084543078616
-9,-4,2.621033998384699
-9,-4,8.057353264419776
-9,-4,1.6500000000000001
-9,-4,4.19598886125814
-9,-4,6.337207883459329
-9,-4,3.8707593750715223
-9,-4,1.6500000000000001
-9,-4,5.706247068192549
-9,-4,3.3251200505242906
-9,-4,1.6500000000000001
-9,-4,1.6500000000000001
-9,-4,3.019003377037566
-9,-4,1.9201316677122557
-9,-4,5.615737298963268
-9,-4,5.147623438357073
-9,-4,4.596678284510904
-9,-4,3.2080794910626227
-9,-4,1.6500000000000001
-9,-4,1.6500000000000001
-9,-4,7.592392086124443
-9,-4,1.6500000000000001
-9,-4,7.190998645575021
-9,-4,4.611251202100119
-8,-4,3.2238067051570436
-8,-4,1.6500000000000001
-8,-4,3.8377754439161325
-8,-4,3.3091895134086626
-8,-4,4.649517380820393
-8,-4,1.6500000000000001
-8,-4,6.617051297917142
-8,-4,2.254869212105886
-8,-4,4.574534567251751
-8,-4,4.7703540059235205
-8,-4,1.6500000000000001
-8,-4,1.6500000000000001
-8,-4,1.6500000000000001
-8,-4,2.3771185168760764
-8,-4,3.1085878818674466
-8,-4,1.6500000000000001
-8,-4,9.65212516904605
-8,-4,1.6500000000000001
-8,-4,5.907409174263915
-8,-4,4.484561207937757
-8,-4,1.6500000000000001
-8,-4,2.2986383196170985
-8,-4,1.6500000000000001
-8,-4,1.6500000000000001
-8,-4,1.6500000000000001
-8,-4,5.946213246468718
-8,-4,4.307102158167533
-8,-4,1.6500000000000001
-8,-4,2.177577378744213
-8,-4,1.9478429283678977
-8,-4,7.280407718295779
-8,-4,3.8419723959065974
-8,-4,1.6500000000000001
-8,-4,1.6500000000000001
-8,-4,1.6500000000000001
-8,-4,4.125710247267341
-8,-4,1.6500000000000001
-8,-4,1.6500000000000001
-8,-4,4.723798907619575
-8,-4,4.42136535003839
-8,-4,1.6500000000000001
-8,-4,4.118109703650048
-8,-4,6.368249576691247
-8,-4,2.0022963386642627
-8,-4,1.6500000000000001
-8,-4,1.6500000000000001
-8,-4,2.5427230414962314
-8,-4,11.516657862551806
-8,-4,1.7831702286330784
-8,-4,7.994704338938668
-8,-4,2.09844753910818
-8,-4,1.6500000000000001
-8,-4,4.317858723491737
-8,-4,2.2544932112672256
-8,-4,7.228411560821656
-8,-4,3.5508517665992696
-8,-4,8.459031600407833
-8,-4,2.2501518029644796
-8,-4,1.6500000000000001
-8,-4,5.624115323647397
-8,-4,1.9267689244418595
-8,-4,4.934799387159677
-7,-4,2.592343998205906
-7,-4,1.6500000000000001
-7,-4,8.83500240599774
-7,-4,4.352582344755183
-7,-4,5.457588115789372
-7,-4,6.988246958949221
-7,-4,5.599710669758481
-7,-4,1.6500000000000001
-7,-4,4.535805269903015
-7,-4,1.6500000000000001
-7,-4,1.6500000000000001
-7,-4,1.6500000000000001
-7,-4,1.6500000000000001
-7,-4,1.932659969997348
-7,-4,3.1243362111606645
-7,-4,1.6500000000000001
-7,-4,4.934924248528201
-7,-4,1.9437381097520254
-7,-4,1.6500000000000001
-7,-4,1.6500000000000001
-7,-4,3.390378318177369
-7,-4,9.74812569415306
-7,-4,1.6500000000000001
-7,-4,3.5524276471199148
-7,-4,2.387644561693036
-7,-4,1.6500000000000001
-7,-4,5.544792109767657
-7,-4,1.6500000000000001
-7,-4,5.375819410612884
-7,-4,5.466891539364035
-7,-4,5.644583125331101
-7,-4,2.8856739188031524
-7,-4,2.5763751535692467
-7,-4,3.3069931286615972
-7,-4,1.6500000000000001
-7,-4,1.6500000000000001
-7,-4,4.997994192686834
-7,-4,1.6500000000000001
-7,-4,7.0550389043850625
-7,-4,4.568717191389457
-7,-4,1.6500000000000001
-7,-4,1.6500000000000001
-7,-4,2.2047449283278735
-7,-4,1.6500000000000001
-7,-4,4.441444987423232
-7,-4,7.907217593617364
-7,-4,1.6500000000000001
-7,-4,1.6500000000000001
-7,-4,3.470136444448145
-7,-4,6.652158536108045
-7,-4,3.685390893796615
-7,-4,1.6500000000000001
-7,-4,7.1088751940079735
-7,-4,6.043348153869122
-7,-4,3.6157019377372652
-7,-4,4.501129130608798
-7,-4,1.6500000000000001
-7,-4,3.136578009607941
-7,-4,6.083511544541284
-7,-4,7.684370348400005
-7,-4,1.6500000000000001
-6,-4,5.6365917310551215
-6,-4,1.6500000000000001
-6,-4,4.156681928689246
-6,-4,1.6500000000000001
-6,-4,4.296570518730228
-6,-4,4.721891257716662
-6,-4,1.6500000000000001
-6,-4,3.1760983853285403
-6,-4,1.6500000000000001
-6,-4,7.406361641706344
-6,-4,6.070002555440312
-6,-4,1.908424489435915
-6,-4,5.23918046640292
-6,-4,7.032576535531829
-6,-4,3.9636085727944814
-6,-4,7.28064313296618
-6,-4,2.6777717117092648
-6,-4,1.6500000000000001
-6,-4,1.7886417242779098
-6,-4,4.492879768812237
-6,-4,4.220094778567272
-6,-4,3.1529681980231206
-6,-4,2.205223420100924
-6,-4,4.535442256439676
-6,-4,6.1922976926948525
-6,-4,1.6500000000000001
-6,-4,4.180239507685651
-6,-4,2.0434759088504935
-6,-4,5.658957287266681
-6,-4,1.6500000000000001
-6,-4,1.6500000000000001
-6,-4,4.7155102879919495
-6,-4,1.6500000000000001
-6,-4,2.254020448886429
-6,-4,2.879378918825882
-6,-4,2.73956425186189
-6,-4,3.0268894746009947
-6,-4,3.5702679668450528
-6,-4,2.884448449599886
-6,-4,6.5666663066200766
-6,-4,1.7175955848393079
-6,-4,4.2505517035694975
-6,-4,1.6500000000000001
-6,-4,8.583457722112968
-6,-4,5.443796680021633
-6,-4,5.663920737520284
-6,-4,1.6500000000000001
-6,-4,1.6500000000000001
-6,-4,1.6500000000000001
-6,-4,2.6316139640897567
-6,-4,1.6500000000000001
-6,-4,1.6500000000000001
-6,-4,3.3413592536392733
-6,-4,7.461001216386993
-6,-4,1.7033057131562903
-6,-4,2.45759981917337
-6,-4,1.6901542214273673
-6,-4,6.550461682039563
-6,-4,5.377627596954905
-6,-4,6.875027199586602
-6,-4,3.0308036341499216
-6,-4,2.719689399577862
-5,-4,6.900120733878348
-5,-4,8.845640519376406
-5,-4,3.870769857695877
-5,-4,3.235975913086643
-5,-4,1.6500000000000001
-5,-4,5.054273820271744
-5,-4,6.786717723111174
-5,-4,1.6500000000000001
-5,-4,4.026458948945318
-5,-4,1.9111304393849382
-5,-4,4.591733371594049
-5,-4,1.995346061826461
-5,-4,2.68969740976668
-5,-4,5.544814254068017
-5,-4,5.579293612835544
-5,-4,4.809045681560682
-5,-4,7.217724101828749
-5,-4,6.361710930369453
-5,-4,5.150944997447121
-5,-4,5.384290758294624
-5,-4,2.748350842421471
-5,-4,2.7349036259925046
-5,-4,1.6500000000000001
-5,-4,1.6500000000000001
-5,-4,5.251007541455615
-5,-4,8.833369392330228
-5,-4,5.100696362087867
-5,-4,1.6500000000000001
-5,-4,2.9877305642321805
-5,-4,5.086828437661524
-5,-4,10.517077956543885
-5,-4,4.206609797801609
-5,-4,1.78619091265053
-5,-4,6.9429770914722
-5,-4,2.299918672053966
-5,-4,1.6500000000000001
-5,-4,5.755098244167728
-5,-4,5.101610970698537
-5,-4,5.803308884947266
-5,-4,6.957860690243999
-5,-4,5.753871216413204
-5,-4,4.346700157078601
-5,-4,6.81567321990677
-5,-4,3.4098810572353773
-5,-4,3.972804359870151
-5,-4,3.389647794020831
-5,-4,3.5508764164306976
-5,-4,1.6500000000000001
-5,-4,3.394903771110883
-5,-4,2.3715140371191823
-5,-4,7.692744153014703
-5,-4,2.1026080021508253
-5,-4,3.5888615240408406
-5,-4,4.163084495660846
-5,-4,3.6623922985575645
-5,-4,1.894687905285811
-5,-4,4.291736439428797
-5,-4,6.750071373727037
-5,-4,1.6500000000000001
-5,-4,9.867883113408936
-5,-4,1.6500000000000001
-4,-4,3.0946810202349067
-4,-4,1.6500000000000001
-4,-4,3.8029609374626636
-4,-4,2.3795318968448487
-4,-4,2.8166544549123675
-4,-4,4.540017580101937
-4,-4,2.8396548859170734
-4,-4,1.6500000000000001
-4,-4,5.340083655558203
-4,-4,3.2317541027310948
-4,-4,2.8413347160628075
-4,-4,5.758141144777871
-4,-4,5.5030333205356206
-4,-4,1.6500000000000001
-4,-4,3.111164210690064
-4,-4,5.107912464694348
-4,-4,3.563224209908803
-4,-4,3.4865209682220133
-4,-4,3.995019892207052
-4,-4,2.5269727306304515
-4,-4,4.1272934389938145
-4,-4,3.1737351135947085
-4,-4,3.3531135170328645
-4,-4,5.46839835456965
-4,-4,1.6500000000000001
-4,-4,2.44868444536138
-4,-4,8.297025122256272
-4,-4,3.0241358559218323
-4,-4,7.506585981773432
-4,-4,3.413132547041411
-4,-4,6.131397167622305
-4,-4,3.4244312203180827
-4,-4,1.6525845797145697
-4,-4,4.364573928947591
-4,-4,4.285134599848535
-4,-4,3.731186132830886
-4,-4,5.34464959106124
-4,-4,1.8668073398872487
-4,-4,5.055070645314303
-4,-4,3.3118914725869573
-4,-4,1.6500000000000001
-4,-4,1.6500000000000001
-4,-4,6.165841544757445
-4,-4,10.233628681684387
-4,-4,4.493285264093479
-4,-4,8.363134225805698
-4,-4,1.6500000000000001
-4,-4,4.078704290445687
-4,-4,1.706915567276356
-4,-4,2.913009194385742
-4,-4,5.63588224003128
-4,-4,2.273457926527491
-4,-4,9.455066194468188
-4,-4,3.5749269629653626
-4,-4,7.896340968195256
-4,-4,1.6500000000000001
-4,-4,4.171752643223872
-4,-4,2.8355091090855886
-4,-4,5.988699182360769
-4,-4,1.6500000000000001
-4,-4,5.894355917180954
-4,-4,5.030463256237668
-3,-4,4.364029251601215
-3,-4,7.29250506641341
-3,-4,3.4928972157431755
-3,-4,8.272445676707989
-3,-4,7.948852383921464
-3,-4,5.014126079901095
-3,-4,1.6500000000000001
-3,-4,4.874513247528051
-3,-4,2.910852501247163
-3,-4,8.552522172151786
-3,-4,3.537869262747955
-3,-4,3.3777608231787117
-3,-4,2.8658034732782314
-3,-4,3.3133139405362613
-3,-4,6.168355096774107
-3,-4,1.8199087907267013
-3,-4,4.660232710852092
-3,-4,3.433755371751109
-3,-4,4.716728968508893
-3,-4,5.056510982546381
-3,-4,3.5154280838677487
-3,-4,8.08562472408385
-3,-4,2.9455596765579566
-3,-4,8.7942371663007
-3,-4,1.6500000000000001
-3,-4,6.579200413973954
-3,-4,3.8052598034624676
-3,-4,6.454581875793982
-3,-4,2.9155957155396273
-3,-4,7.72936355297397
-3,-4,3.3121843796848878
-3,-4,8.775370809791916
-3,-4,2.6277917042880152
-3,-4,4.923900421622328
-3,-4,2.684255231731661
-3,-4,4.152827854331295
-3,-4,2.521459112783673
-3,-4,1.6500000000000001
-3,-4,1.8122226485496586
-3,-4,1.6500000000000001
-3,-4,5.92054769338967
-3,-4,1.6500000000000001
-3,-4,6.209299337514271
-3,-4,3.479313323088055
-3,-4,6.505822938438137
-3,-4,1.6500000000000001
-3,-4,5.191499155705003
-3,-4,2.399353692030736
-3,-4,3.8619106720031513
-3,-4,1.6500000000000001
-3,-4,3.233229230993858
-3,-4,6.748349199054777
-3,-4,5.8599207625086995
-3,-4,7.8834076903781884
-3,-4,4.919477263961423
-3,-4,7.019874309674723
-3,-4,1.6500000000000001
-3,-4,1.6500000000000001
-3,-4,4.113823586188571
-3,-4,4.699106250784655
-3,-4,4.537213126222179
-3,-4,2.2903640247976984
-2,-4,3.19346932348339
-2,-4,5.88531827505002
-2,-4,9.677385329772147
-2,-4,1.6500000000000001
-2,-4,3.0456261120341828
-2,-4,5.930081451703828
-2,-4,3.0728611338554535
-2,-4,8.806083964248703
-2,-4,5.737547447015672
-2,-4,1.6500000000000001
-2,-4,1.6500000000000001
-2,-4,5.367771290071969
-2,-4,5.467527297116352
-2,-4,3.9372034580421373
-2,-4,5.304008105486409
-2,-4,11.576457102153235
-2,-4,1.6500000000000001
-2,-4,5.654428280987283
-2,-4,5.493129175182952
-2,-4,7.88226343018121
-2,-4,3.3339260943110274
-2,-4,3.088884354862081
-2,-4,6.289779627558771
-2,-4,7.5266435302662416
-2,-4,4.67595897427931
-2,-4,1.8649291439372546
-2,-4,3.317235211227448
-2,-4,7.221604811448946
-2,-4,5.3308701686846955
-2,-4,5.664462926664944
-2,-4,7.871622823867541
-2,-4,5.7729013481878155
-2,-4,3.5815799794350074
-2,-4,1.6500000000000001
-2,-4,6.825508008473639
-2,-4,5.309260299377432
-2,-4,6.184809465114058
-2,-4,1.6500000000000001
-2,-4,1.859235294376071
-2,-4,2.3381656049925086
-2,-4,5.9562591321486105
-2,-4,1.6500000000000001
-2,-4,11.521711107447222
-2,-4,2.6127839738463137
-2,-4,1.946051427009119
-2,-4,2.0292630964335854
-2,-4,3.205075394064166
-2,-4,1.9510813031791248
-2,-4,6.769573082939495
-2,-4,11.208333218010008
-2,-4,1.6500000000000001
-2,-4,6.240628327355964
-2,-4,1.6500000000000001
-2,-4,4.9343613583816435
-2,-4,5.320415993074286
-2,-4,6.250101235199292
-2,-4,1.6500000000000001
-2,-4,7.357722403197833
-2,-4,7.0519805572409116
-2,-4,2.912781866722395
-2,-4,6.165628337378389
-1,-4,3.36075002626618
-1,-4,5.934448509876916
-1,-4,1.6500000000000001
-1,-4,1.6500000000000001
-1,-4,1.6500000000000001
-1,-4,1.6500000000000001
-1,-4,3.6858572728489096
-1,-4,1.6500000000000001
-1,-4,2.137434349372656
-1,-4,3.6955388801816538
-1,-4,8.213739734059741
-1,-4,4.792516191573499
-1,-4,8.949954046977592
-1,-4,1.6500000000000001
-1,-4,5.734712635583009
-1,-4,4.09942098352073
-1,-4,2.5563220437896113
-1,-4,1.6500000000000001
-1,-4,9.629917596516446
-1,-4,7.226767628648648
-1,-4,5.17443806150056
-1,-4,6.578990301270498
-1,-4,7.333923178631495
-1,-4,5.229450511966462
-1,-4,5.447596827305709
-1,-4,1.6500000000000001
-1,-4,3.5508664121283937
-1,-4,2.947983732018077
-1,-4,1.6500000000000001
-1,-4,1.6500000000000001
-1,-4,6.755319283862636
-1,-4,7.43310294399094
-1,-4,1.6500000000000001
-1,-4,1.6500000000000001
-1,-4,5.051334410923686
-1,-4,3.4136655997025125
-1,-4,7.344457694305148
-1,-4,5.483886600945166
-1,-4,10.181162246161492
-1,-4,4.3034086520320844
-1,-4,2.3598154526714787
-1,-4,2.1048125129974333
-1,-4,6.890084929346355
-1,-4,3.2619626104590345
-1,-4,2.5566770828633567
-1,-4,7.225789801222522
-1,-4,4.551863273489792
-1,-4,4.984750434688199
-1,-4,4.426790998120815
-1,-4,5.4338923091790825
-1,-4,6.491823974254357
-1,-4,5.223488801220164
-1,-4,4.888396592067649
-1,-4,3.9149131025133723
-1,-4,9.055744696335355
-1,-4,4.910356872027358
-1,-4,5.795157622126608
-1,-4,3.646395262636821
-1,-4,1.6500000000000001
-1,-4,5.032791274452909
-1,-4,9.244883235566643
-1,-4,1.7483517512109432
0,-4,4.24284191448985
0,-4,2.340604002922954
0,-4,6.083346349493417
0,-4,2.695566891171809
0,-4,3.354701377054173
0,-4,8.425579848864798
0,-4,10.622320842933757
0,-4,5.491093340625101
0,-4,6.617941368358372
0,-4,2.9291269045296042
0,-4,4.377097168598291
0,-4,7.5865429106988564
0,-4,2.187663901633835
0,-4,5.958554266456286
0,-4,8.827615202315322
0,-4,1.6500000000000001
0,-4,2.62838223276458
0,-4,1.6500000000000001
0,-4,8.459381748620608
0,-4,2.1414553704241706
0,-4,6.272938219769899
0,-4,3.747132275314354
0,-4,3.259016084251809
0,-4,2.2169658975548487
0,-4,3.7043589368251704
0,-4,2.3750357054316065
0,-4,8.016291481451997
0,-4,3.5192889052135548
0,-4,4.500695396653843
0,-4,1.6500000000000001
0,-4,5.9481982695779525
0,-4,1.887706422846188
0,-4,7.819187812594292
0,-4,1.6500000000000001
0,-4,4.470558837094658
0,-4,8.92519947577006
0,-4,3.7381949312367437
0,-4,6.612833952393456
0,-4,4.8178340630189505
0,-4,8.322167874527475
0,-4,1.6500000000000001
0,-4,2.788648561354378
0,-4,3.5492355502387096
0,-4,12.367423863943461
0,-4,7.400419552956876
0,-4,3.0087746755225884
0,-4,8.057728380499185
0,-4,8.285281089553049
0,-4,3.007629740776246
0,-4,1.6500000000000001
0,-4,5.621088736922512
0,-4,9.23997477364242
0,-4,8.032221754232017
0,-4,2.9536047182448084
0,-4,3.0665939051387703
0,-4,2.7226800760240333
0,-4,5.953252713525013
0,-4,3.8606374837200597
0,-4,4.544463136456797
0,-4,1.6500000000000001
0,-4,1.6500000000000001
1,-4,4.273672032169821
1,-4,1.6500000000000001
1,-4,3.2102444082298907
1,-4,6.291002498338534
1,-4,6.517675976818765
1,-4,11.295249628496624
1,-4,3.609082791747829
1,-4,1.6500000000000001
1,-4,4.399492511990856
1,-4,3.6971790211950357
1,-4,3.2530927182541105
1,-4,9.7710498093351
1,-4,4.147472358574231
1,-4,4.086094496519362
1,-4,4.074833654418512
1,-4,10.289131947196203
1,-4,1.6500000000000001
1,-4,1.6500000000000001
1,-4,2.1865652968458273
1,-4,7.732890609485485
1,-4,4.135920331843098
1,-4,3.367080475437942
1,-4,5.537524287416735
1,-4,1.6500000000000001
1,-4,3.133890113510078
1,-4,3.278621253135824
1,-4,4.571716181442222
1,-4,1.6500000000000001
1,-4,4.503520639010933
1,-4,4.849726276119998
1,-4,4.082335015883365
1,-4,5.588156320809462
1,-4,5.452287528458513
1,-4,5.342509475301999
1,-4,1.6500000000000001
1,-4,1.6500000000000001
1,-4,1.6500000000000001
1,-4,7.358084937298946
1,-4,6.230044745971744
1,-4,4.628395357657541
1,-4,7.287297976810818
1,-4,7.740275794987531
1,-4,6.267261906571952
1,-4,5.6129338963889275
1,-4,6.121274953456281
1,-4,4.512085680203702
1,-4,2.2639580574615885
1,-4,2.8738150409937813
1,-4,6.42711090214657
1,-4,6.340207401148852
1,-4,2.5277124332001932
1,-4,6.837760541233505
1,-4,4.0434107211796615
1,-4,4.615399463268613
1,-4,5.713448303177054
1,-4,3.4295143778424273
1,-4,1.6500000000000001
1,-4,1.6500000000000001
1,-4,8.430711788119803
1,-4,5.287802583697105
1,-4,8.270232463669373
1,-4,1.6500000000000001
2,-4,5.407415004478387
2,-4,1.6500000000000001
2,-4,1.6500000000000001
2,-4,6.447986234307317
2,-4,1.6500000000000001
2,-4,4.02890421769155
2,-4,1.6500000000000001
2,-4,1.6500000000000001
2,-4,1.6500000000000001
2,-4,1.6500000000000001
2,-4,2.4579695968211777
2,-4,3.564481926757165
2,-4,2.7632190164939754
2,-4,2.2034789727575252
2,-4,6.784600878657379
2,-4,1.6500000000000001
2,-4,5.20803361763622
2,-4,5.731268769577074
2,-4,5.170784529070928
2,-4,1.6500000000000001
2,-4,6.870866951098188
2,-4,6.90608949085607
2,-4,5.049757356277281
2,-4,7.35212684811413
2,-4,2.5005747860918923
2,-4,5.600677784651029
2,-4,4.204902679765667
2,-4,1.6500000000000001
2,-4,4.167295207392399
2,-4,1.6500000000000001
2,-4,2.5524526106347363
2,-4,4.0805108491556705
2,-4,2.69500866065858
2,-4,5.7429355973891845
2,-4,6.03233006377429
2,-4,7.741200586132949
2,-4,5.763811907778202
2,-4,4.726950383970072
2,-4,6.406543327960861
2,-4,3.1584289419728364
2,-4,3.6973147442895886
2,-4,3.316942783527272
2,-4,1.6500000000000001
2,-4,2.985015543737627
2,-4,2.49121952559448
2,-4,1.6635459319994026
2,-4,4.74554936468373
2,-4,5.493058345137182
2,-4,1.6500000000000001
2,-4,1.6500000000000001
2,-4,3.2594433664921882
2,-4,4.137253225277587
2,-4,5.570857533758069
2,-4,3.0378436342235915
2,-4,1.6500000000000001
2,-4,5.105763659625662
2,-4,1.6500000000000001
2,-4,1.6500000000000001
2,-4,8.22144830791088
2,-4,1.6500000000000001
2,-4,1.6500000000000001
2,-4,1.6500000000000001
2,-5,6.868542248750126
2,-5,7.027587317176803
2,-5,4.6680683874809725
2,-5,1.6500000000000001
2,-5,2.0612037023835366
2,-5,4.87500514044077
2,-5,1.9713024970220367
2,-5,2.1455752277486573
2,-5,3.528669774932008
2,-5,4.551410052130455
2,-5,6.7989818832682225
2,-5,5.16875792638832
2,-5,5.0620182804500695
2,-5,1.6500000000000001
2,-5,1.6500000000000001
2,-5,4.3962827777017734
2,-5,1.6500000000000001
2,-5,1.6500000000000001
2,-5,1.6500000000000001
2,-5,7.425206385819178
2,-5,1.6500000000000001
2,-5,4.212548323098187
2,-5,2.224584285927274
2,-5,4.29708169540364
2,-5,5.918019826078821
2,-5,4.3282264845430705
2,-5,1.6500000000000001
2,-5,1.6500000000000001
2,-5,3.0498980937160165
2,-5,2.7668991152065434
2,-5,4.896701938213568
2,-5,3.4286742655720595
2,-5,7.34592356060295
2,-5,4.454604791502812
2,-5,3.39541141111073
2,-5,6.874608170994346
2,-5,9.97256443620191
2,-5,5.807578520828489
2,-5,4.137024769356872
2,-5,2.0649365111610303
2,-5,4.645317568759755
2,-5,7.861186167099717
2,-5,1.6500000000000001
2,-5,7.030791194481315
2,-5,1.6500000000000001
2,-5,3.2053073431390047
2,-5,4.390479821671498
2,-5,5.627027360833025
2,-5,1.6500000000000001
2,-5,6.994266630274364
2,-5,11.05623030335856
2,-5,5.274378022337585
2,-5,2.2401724585993277
2,-5,3.9963935633446246
2,-5,1.6500000000000001
2,-5,1.7344803358342609
2,-5,3.3480256906862653
2,-5,1.6500000000000001
2,-5,1.6500000000000001
2,-5,1.6500000000000001
2,-5,4.9771492311273455
2,-4,5.670174082134522
2,-4,8.086679121264394
2,-4,6.853321368172128
2,-4,3.0337879482523036
2,-4,8.916087376418583
2,-4,2.7265045857676213
2,-4,2.56937631808891
2,-4,7.464139376037164
2,-4,9.988353747254836
2,-4,3.8384465702098582
2,-4,6.61020927395484
2,-4,4.7474197452823965
2,-4,2.6844538012030426
2,-4,1.7571697566378646
2,-4,5.802505096911764
2,-4,4.927953687760148
2,-4,3.033592682372674
2,-4,4.67191552671817
2,-4,2.064760990411908
2,-4,3.167631720015195
2,-4,2.9804495172254954
2,-4,1.791693019774911
2,-4,7.29913057273509
2,-4,1.6500000000000001
2,-4,2.612594934018699
2,-4,1.8192185228620867
2,-4,6.848778420769964
2,-4,1.6500000000000001
2,-4,5.539943469812638
2,-4,7.319217287867815
2,-4,4.404434713649309
2,-4,2.217930478861134
2,-4,3.1239415737407246
2,-4,1.6500000000000001
2,-4,6.645749218202868
2,-4,1.6500000000000001
2,-4,3.978853178459378
2,-4,8.113893128276027
2,-4,5.714967510333788
2,-4,3.7865250618053246
2,-4,1.6500000000000001
2,-4,5.0487353803213635
2,-4,3.517427484104128
2,-4,2.71613430957958
2,-4,2.3687923057836002
2,-4,1.6500000000000001
2,-4,3.436726199667707
2,-4,8.561676035903222
2,-4,6.860821313727309
2,-4,7.7721865709180085
2,-4,1.9673816006337899
2,-4,5.084249632359395
2,-4,1.6500000000000001
2,-4,6.016876068231294
2,-4,6.7509063868093735
2,-4,7.135601233452659
2,-4,4.770774677853513
2,-4,4.26347901521546
2,-4,5.72957014943211
2,-4,4.014241920178854
2,-4,1.6500000000000001
2,-4,8.0599294629283
2,-3,5.339479661146935
2,-3,2.6079015697068777
2,-3,5.6311622786917575
2,-3,3.8646867685492587
2,-3,5.4321296519483875
2,-3,1.6500000000000001
2,-3,4.7597043193915285
2,-3,5.173865682729172
2,-3,5.978275563290272
2,-3,1.6500000000000001
2,-3,1.6500000000000001
2,-3,1.9136363975573536
2,-3,5.488833140104947
2,-3,7.93920251125452
2,-3,5.972555121036561
2,-3,5.307293513871493
2,-3,4.323955397423321
2,-3,5.62451283560215
2,-3,5.9295037639919626
2,-3,7.3604219138414475
2,-3,2.0195485908073794
2,-3,4.909100208013756
2,-3,5.853588111475176
2,-3,1.6500000000000001
2,-3,3.568599958255574
2,-3,2.100330475079502
2,-3,7.7627606826026625
2,-3,6.929357047930974
2,-3,1.9113826294733607
2,-3,3.222994185012115
2,-3,2.141963482647416
2,-3,7.48268987906194
2,-3,1.6500000000000001
2,-3,1.6500000000000001
2,-3,4.418615470075869
2,-3,10.365210523268605
2,-3,2.841038476350672
2,-3,2.4317733827978185
2,-3,5.6638294687051225
2,-3,5.53726922456731
2,-3,6.691784187362806
2,-3,6.82019461629782
2,-3,2.6129986399189042
2,-3,6.791854584050396
2,-3,7.12150804762005
2,-3,3.7578725434648956
2,-3,3.6085854814535763
2,-3,1.6500000000000001
2,-3,2.5800908325448786
2,-3,7.861909701897148
2,-3,3.2059905583881263
2,-3,5.411309093234576
2,-3,6.135220772430721
2,-3,6.656913325726334
2,-3,1.7438045948159653
2,-3,1.97582351171036
2,-3,7.604965578259211
2,-3,2.6781526757761642
2,-3,5.2325186762353395
2,-3,7.998667939503519
2,-3,1.8357279556936001
2,-4,9.330338665947593
2,-4,4.378751726481277
2,-4,3.8482055687158367
2,-4,6.922313131422157
2,-4,2.890015699442552
2,-4,10.877440975669309
2,-4,6.468969149776495
2,-4,1.7099546171564204
2,-4,7.307389880829037
2,-4,4.88814699789715
2,-4,6.323136702684765
2,-4,1.6500000000000001
2,-4,4.799877294238449
2,-4,4.4859304462094585
2,-4,1.6500000000000001
2,-4,5.630412381832071
2,-4,1.6500000000000001
2,-4,5.598464777142439
2,-4,1.6500000000000001
2,-4,9.99567981380507
2,-4,4.227483251866871
2,-4,4.741499538277167
2,-4,1.6500000000000001
2,-4,2.283092091354063
2,-4,1.6500000000000001
2,-4,3.614380730225207
2,-4,2.41295159062206
2,-4,4.064665780087528
2,-4,3.326244727053753
2,-4,1.6500000000000001
2,-4,1.6500000000000001
2,-4,1.6500000000000001
2,-4,1.6500000000000001
2,-4,1.6500000000000001
2,-4,6.896362863301456
2,-4,4.762338309215392
2,-4,4.729688025344553
2,-4,2.132592604959388
2,-4,3.5847596527840855
2,-4,4.24382128966258
2,-4,5.718110874395072
2,-4,2.8102224422513045
2,-4,4.223233438370693
2,-4,1.6500000000000001
2,-4,8.83373118633499
2,-4,6.716128298186359
2,-4,4.582641719441949
2,-4,3.735162868020383
2,-4,8.445799340604538
2,-4,7.117033148112226
2,-4,8.827553015210725
2,-4,3.809898750293593
2,-4,3.169123440912042
2,-4,2.1093719567179416
2,-4,3.3665003790187185
2,-4,1.6500000000000001
2,-4,4.6458597597449
2,-4,6.015012254240093
2,-4,2.333249778436287
2,-4,7.948348535417359
2,-4,1.9195337596145041
2,-4,1.6500000000000001
2,-3,6.596683274296785
2,-3,2.262818095098743
2,-3,5.191716211736866
2,-3,3.7644645425333962
2,-3,5.1290003838005065
2,-3,6.567595348713104
2,-3,1.6500000000000001
2,-3,5.937639339287548
2,-3,5.603228567630183
2,-3,5.515102323945218
2,-3,4.9551222895345886
2,-3,6.876650750692447
2,-3,10.524538931867532
2,-3,1.6500000000000001
2,-3,1.79895367400067
2,-3,9.249802666333547
2,-3,1.6500000000000001
2,-3,2.5134179058939203
2,-3,5.38182749382889
2,-3,2.5492116286795605
2,-3,8.689649527622894
2,-3,4.701406100961905
2,-3,2.8634593174701353
2,-3,1.6500000000000001
2,-3,1.6500000000000001
2,-3,1.6500000000000001
2,-3,3.602081680607035
2,-3,9.504228567713492
2,-3,1.6500000000000001
2,-3,2.580909669983695
2,-3,3.119084294534252
2,-3,7.282483796469897
2,-3,5.035106276181279
2,-3,2.2006276830021174
2,-3,4.187059058801813
2,-3,3.4807862412290915
2,-3,4.038606087291235
2,-3,4.47460979974965
2,-3,5.90378789326221
2,-3,2.560726869335139
2,-3,2.748465861428527
2,-3,6.350030706333646
2,-3,5.995885621243188
2,-3,3.820366936816357
2,-3,2.7021837139649207
2,-3,5.589798625355043
2,-3,6.409579251149318
2,-3,2.4761619378441884
2,-3,6.845296134065921
2,-3,6.552414772065451
2,-3,6.98551075548488
2,-3,11.65571081421511
2,-3,3.2301330859570676
2,-3,2.4389663451894146
2,-3,6.129201093285464
2,-3,8.779672718024191
2,-3,8.250894478081694
2,-3,9.978405941847006
2,-3,8.25235948011965
2,-3,4.03628240353827
2,-3,6.735267822620321
2,-3,3.674929171323733
2,-4,1.7488299661913707
2,-4,1.6500000000000001
2,-4,2.314401480505849
2,-4,6.149034533254401
2,-4,6.026075105790423
2,-4,8.792680105496473
2,-4,1.6500000000000001
2,-4,11.259176461851904
2,-4,6.956035405499053
2,-4,2.663231614729942
2,-4,4.960676784140816
2,-4,1.6500000000000001
2,-4,5.7073986706747775
2,-4,4.399873537341403
2,-4,8.389213941561785
2,-4,2.3183441928231536
2,-4,5.434989425768092
2,-4,2.7659651898998394
2,-4,2.268596516786496
2,-4,2.7958776545271093
2,-4,3.2120547464884424
2,-4,1.746087654728926
2,-4,6.30839954281161
2,-4,1.6500000000000001
2,-4,1.944886224837406
2,-4,4.941673674355205
2,-4,4.381198970412562
2,-4,3.5358651722182937
2,-4,7.986036748093831
2,-4,3.5792573858871926
2,-4,3.3011338289928833
2,-4,15.380866549654682
2,-4,6.314281038021887
2,-4,6.826927239410634
2,-4,1.6851504229067964
2,-4,4.506640843090339
2,-4,1.6500000000000001
2,-4,3.0397369194499317
2,-4,4.879410443821804
2,-4,1.6500000000000001
2,-4,5.076744472208449
2,-4,2.7850154001133998
2,-4,4.861500168803998
2,-4,2.2563419112947845
2,-4,4.635513754477683
2,-4,8.159748252218261
2,-4,1.6500000000000001
2,-4,7.198995874351695
2,-4,2.1012564344980422
2,-4,2.753055388037758
2,-4,4.62151007117886
2,-4,5.082636768603981
2,-4,1.6500000000000001
2,-4,6.256425865627179
2,-4,2.7540704755509653
2,-4,3.8935125146500904
2,-4,3.497323206171184
2,-4,1.6500000000000001
2,-4,6.514216606012984
2,-4,6.173702706564824
2,-4,6.632385711795521
2,-3,1.9718585791924812
2,-3,1.6500000000000001
2,-3,6.988311901760895
2,-3,5.037727351223282
2,-3,3.213012169169029
2,-3,8.716554953405979
2,-3,1.6500000000000001
2,-3,4.967428244674
2,-3,4.093534592921067
2,-3,1.6500000000000001
2,-3,1.9653370633239593
2,-3,7.691402479585188
2,-3,6.061204229388927
2,-3,3.4461384533248305
2,-3,4.609358932436419
2,-3,1.6500000000000001
2,-3,2.9473660700455055
2,-3,6.283741334660981
2,-3,5.673904246031899
2,-3,3.4286328444786633
2,-3,6.917089055735911
2,-3,6.753838238019643
2,-3,5.122980868748803
2,-3,9.174114141799556
2,-3,5.669209220177844
2,-3,2.709551197823256
2,-3,6.698905508406355
2,-3,4.276041581671311
2,-3,2.496118323551838
2,-3,8.08421966667601
2,-3,11.75764778132628
2,-3,10.951553068515942
2,-3,2.0073792793139438
2,-3,5.24118989860502
2,-3,9.635980101602406
2,-3,8.863990505097135
2,-3,5.462591022298079
2,-3,3.7465551009852334
2,-3,6.104856893022601
2,-3,6.084118233857387
2,-3,10.545043152216872
2,-3,4.964692762475537
2,-3,5.883872260599815
2,-3,5.496146831616329
2,-3,10.666048149826409
2,-3,7.436531180380662
2,-3,2.617904518130342
2,-3,9.545568596221132
2,-3,7.313654201527705
2,-3,1.6500000000000001
2,-3,1.6500000000000001
2,-3,5.61264641268356
2,-3,1.6500000000000001
2,-3,7.619982571442681
2,-3,6.843206216768406
2,-3,1.6500000000000001
2,-3,1.879339230395849
2,-3,6.475969142885003
2,-3,8.627407459645035
2,-3,7.048586699165103
2,-3,11.51582105839622
2,-3,6.075242779498909
2,-4,5.220379635108272
2,-4,3.060502670208928
2,-4,1.6500000000000001
2,-4,5.272836284914605
2,-4,1.6500000000000001
2,-4,1.7976838367171095
2,-4,5.209163496667995
2,-4,10.7277657691936
2,-4,4.156395892314639
2,-4,5.925037182631123
2,-4,5.089712374690844
2,-4,8.912294837424739
2,-4,3.6923336619644203
2,-4,3.28220440377364
2,-4,5.484836153721973
2,-4,1.8533118838782054
2,-4,2.349938276231374
2,-4,2.4996420874733714
2,-4,2.704454615753069
2,-4,5.573018347829733
2,-4,2.015331996232348
2,-4,8.913815582754541
2,-4,7.8557935563654855
2,-4,6.79851807192363
2,-4,8.189871519394664
2,-4,5.564832018221541
2,-4,7.465297601489318
2,-4,2.4292020369192597
2,-4,9.567053670824475
2,-4,2.2025536784147692
2,-4,1.6500000000000001
2,-4,4.4620343378024625
2,-4,7.420621675828752
2,-4,5.602957156508203
2,-4,5.75040852747847
2,-4,6.142168053778795
2,-4,1.6500000000000001
2,-4,4.766374069892319
2,-4,6.828879260502584
2,-4,11.057948150610688
2,-4,1.9532612847981512
2,-4,5.21457137888189
2,-4,7.517270029844411
2,-4,5.276689905251897
2,-4,5.924258401113991
2,-4,1.6500000000000001
2,-4,7.910680412882494
2,-4,3.9856931665706297
2,-4,5.091413289371775
2,-4,1.6500000000000001
2,-4,4.035208126537517
2,-4,5.801928026382268
2,-4,1.6500000000000001
2,-4,2.7185106847365095
2,-4,4.871031042954122
2,-4,6.015936094903389
2,-4,8.3558338122547
2,-4,4.6743841566981175
2,-4,3.5635286722407895
2,-4,6.363557934615051
2,-4,5.302821992186992
2,-3,2.089030895584741
2,-3,1.6500000000000001
2,-3,4.978880322758622
2,-3,5.295181824008736
2,-3,1.6500000000000001
2,-3,1.6500000000000001
2,-3,5.937349834260154
2,-3,7.072563305409732
2,-3,3.1676937885560985
2,-3,7.64183400457789
2,-3,4.572992685310734
2,-3,5.142053441337227
2,-3,4.985759115844742
2,-3,3.0355936379974553
2,-3,1.6500000000000001
2,-3,6.790114481540476
2,-3,2.0438790659505965
2,-3,5.634470998476376
2,-3,3.9720844550447465
2,-3,4.556781603465475
2,-3,3.776611816833378
2,-3,1.6500000000000001
2,-3,1.7394830598005724
2,-3,10.837830672649435
2,-3,9.734724546002226
2,-3,8.64773883345824
2,-3,5.884266159721817
2,-3,5.907234172458678
2,-3,4.726739689127652
2,-3,6.293470924823824
2,-3,3.852087083166581
2,-3,1.9210917704497832
2,-3,5.217546927866924
2,-3,8.650740001210739
2,-3,5.746841318896763
2,-3,3.5160928493979724
2,-3,6.043066439172853
2,-3,3.875619773681773
2,-3,7.585982328192144
2,-3,7.290072142511241
2,-3,2.889498423661621
2,-3,4.927469840689249
2,-3,1.6540487586936812
2,-3,10.721321499103965
2,-3,2.1554919214342294
2,-3,1.6500000000000001
2,-3,4.346555002695841
2,-3,4.7986574790422845
2,-3,3.8974454905494653
2,-3,4.871656512876379
2,-3,8.453889372911076
2,-3,6.591163110936636
2,-3,1.6500000000000001
2,-3,4.19265814068857
2,-3,5.962197554213131
2,-3,9.420220306993453
2,-3,6.344297954224148
2,-3,3.8152074853216598
2,-3,1.6500000000000001
2,-3,4.3224601401152585
2,-3,6.3153371171553845
2,-3,4.3946671144231875
2,-2,8.377784609903308
2,-2,5.212843875233094
2,-2,2.0982435582688024
2,-2,9.887283648232597
2,-2,4.040654866733016
2,-2,4.660891371481822
2,-2,5.13855475500256
2,-2,8.95127530905055
2,-2,7.200734861178519
2,-2,1.6500000000000001
2,-2,8.667497395207665
2,-2,1.6500000000000001
2,-2,2.363854196151814
2,-2,4.03499547270756
2,-2,1.9446093498646722
2,-2,2.507392532177091
2,-2,2.8367372324693028
2,-2,9.177667698346514
2,-2,6.579929085623913
2,-2,1.6500000000000001
2,-2,5.479955119595805
2,-2,1.6500000000000001
2,-2,1.6500000000000001
2,-2,8.587063693255162
2,-2,3.5854479443119267
2,-2,4.5445067777899935
2,-2,2.3933799735080084
2,-2,7.390832984339961
2,-2,10.465358971012297
2,-2,1.6500000000000001
2,-2,3.4386018602792805
2,-2,3.9285685189772197
2,-2,8.498825357499385
2,-2,4.028101648949331
2,-2,7.122812456836748
2,-2,9.771331968955073
2,-2,10.62027138487818
2,-2,6.523893426065995
2,-2,2.5495422209031826
2,-2,2.9991072876582754
2,-2,1.720459033664537
2,-2,4.773440072070153
2,-2,11.11967679663967
2,-2,6.800798349951578
2,-2,3.531495148423385
2,-2,1.6500000000000001
2,-2,10.207656670563306
2,-2,7.685846727390837
2,-2,4.929749925398248
2,-2,8.613472176387024
2,-2,1.6500000000000001
2,-2,4.043730808707936
2,-2,1.6500000000000001
2,-2,5.214282990413988
2,-2,1.6763499621267037
2,-2,1.6500000000000001
2,-2,6.107788512271391
2,-2,1.6500000000000001
2,-2,12.722754034549856
2,-2,8.623670451278697
2,-2,8.062831393183052
2,-2,1.6500000000000001
3,-2,1.6500000000000001
3,-2,10.315420265959352
3,-2,6.121179593266291
3,-2,1.6500000000000001
3,-2,3.276200977865751
3,-2,6.782448381826902
3,-2,4.204223870271837
3,-2,10.618082328898907
3,-2,8.653262500805393
3,-2,9.223333745546062
3,-2,12.573236176316772
3,-2,5.298442414804152
3,-2,1.6500000000000001
3,-2,9.121533596166236
3,-2,1.6500000000000001
3,-2,8.958408942821688
3,-2,6.9282477071740685
3,-2,2.5441836360253998
3,-2,7.477238583991699
3,-2,5.938856026333644
3,-2,1.6500000000000001
3,-2,5.045787006868853
3,-2,5.545537215196165
3,-2,8.019810140186797
3,-2,1.6500000000000001
3,-2,6.502828252640457
3,-2,6.45330985777732
3,-2,7.279112945294356
3,-2,5.239378788887098
3,-2,2.0038995685385843
3,-2,2.693106192491989
3,-2,5.8706145227162265
3,-2,2.2876712205354526
3,-2,9.958605320127596
3,-2,1.9310234762486536
3,-2,8.617687036166476
3,-2,1.6500000000000001
3,-2,2.3493424951087976
3,-2,7.535440206180315
3,-2,5.773114254588857
3,-2,5.731603484433578
3,-2,11.260496671455106
3,-2,4.069844110631399
3,-2,7.672239266742716
3,-2,9.205256214451527
3,-2,3.3866100332573037
3,-2,6.5118934238928405
3,-2,4.268784631684863
3,-2,7.24396184563809
3,-2,7.250283893743507
3,-2,1.6500000000000001
3,-2,6.242988845049963
3,-2,2.5159597650469916
3,-2,4.338486506365709
3,-2,9.05758876981726
3,-2,4.972711789499317
3,-2,10.719116250857187
3,-2,4.33649125252041
3,-2,2.860192513106329
3,-2,3.6393387373888126
3,-2,4.151968904511985
3,-1,8.626185284568377
3,-1,8.06605813989555
3,-1,9.652322786084213
3,-1,2.9420250598957294
3,-1,3.5205467516790696
3,-1,10.393606666768074
3,-1,4.041875010546666
3,-1,1.6500000000000001
3,-1,8.994866390627916
3,-1,4.375365450820035
3,-1,5.621676840540562
3,-1,8.671829769413527
3,-1,5.420807200732251
3,-1,4.4207788204086995
3,-1,7.418049102810442
3,-1,2.905912156905745
3,-1,8.872507008075223
3,-1,7.676882133301062
3,-1,8.559032308746167
3,-1,1.6500000000000001
3,-1,1.6500000000000001
3,-1,7.507851944466555
3,-1,5.704146548933519
3,-1,4.238748860850954
3,-1,7.018906571302296
3,-1,8.503523096190605
3,-1,3.475864031137392
3,-1,9.383317558313335
3,-1,8.76872505570607
3,-1,8.709973483715821
3,-1,3.8801280941168192
3,-1,4.514342242610455
3,-1,4.239994176206995
3,-1,3.324054006664878
3,-1,6.200954098943707
3,-1,1.6500000000000001
3,-1,3.957447796722642
3,-1,3.440812623136269
3,-1,6.263660016652615
3,-1,10.02680273927539
3,-1,3.323022716579295
3,-1,1.8285621205858473
3,-1,6.031036170046006
3,-1,11.193188707336876
3,-1,1.6500000000000001
3,-1,5.972239712530039
3,-1,4.36955337596359
3,-1,6.510612703056623
3,-1,3.6027207938379084
3,-1,6.465641755521876
3,-1,1.6500000000000001
3,-1,6.478212916301795
3,-1,3.6547123296652195
3,-1,6.8977882798566625
3,-1,8.063588582709407
3,-1,1.6500000000000001
3,-1,6.885221236400396
3,-1,1.6500000000000001
3,-1,7.000228184659713
3,-1,7.791920110944217
3,-1,4.979982909196791
3,-1,1.6500000000000001
3,0,5.856964303168287
3,0,12.339861384645474
3,0,5.238534042784585
3,0,5.357304624529321
3,0,1.86654367456486
3,0,9.529417095869215
3,0,9.061960614700661
3,0,10.938494191751321
3,0,2.990551431135871
3,0,5.4618580236566725
3,0,5.7648752456268335
3,0,5.298087857396579
3,0,6.853308128612817
3,0,2.740692400758454
3,0,2.92265529382644
3,0,6.093139447455794
3,0,5.104102312208977
3,0,5.222745724374122
3,0,3.088350295161619
3,0,2.219361779478687
3,0,3.9532916799995563
3,0,2.0070978065506266
3,0,4.349265761883319
3,0,2.75148608515543
3,0,6.97641512663235
3,0,5.703622948666842
3,0,6.42207596246533
3,0,8.137934212257479
3,0,5.061775239621416
3,0,4.544185087325179
3,0,2.4902696045157975
3,0,8.157596743355661
3,0,1.6783854729287957
3,0,8.033122518506545
3,0,7.642399549424896
3,0,4.911728119516365
3,0,5.364647883013095
3,0,4.160666535658936
3,0,2.1245809304630656
3,0,8.590124331356101
3,0,12.382070303955533
3,0,3.5629646754841606
3,0,1.6500000000000001
3,0,7.4021871812460365
3,0,6.560749865122179
3,0,5.752277826679107
3,0,7.376147505810774
3,0,5.735642111189771
3,0,9.236787123285241
3,0,1.6500000000000001
3,0,5.161605242239226
3,0,4.865326509672039
3,0,2.673030012308615
3,0,7.769910051848997
3,0,1.6500000000000001
3,0,6.983355265391982
3,0,1.6500000000000001
3,0,1.6500000000000001
3,0,1.8461247900247533
3,0,7.755843106712019
3,0,5.02535871822541
3,0,8.421469819894122
4,0,5.099418471665591
4,0,6.251201606775599
4,0,3.5821737626521353
4,0,8.534120200582645
4,0,8.856151529746006
4,0,2.782787090161326
4,0,8.712712656209467
4,0,7.849151087003623
4,0,8.757808410479885
4,0,7.79301846833104
4,0,3.3516636449327875
4,0,8.802364505027136
4,0,8.328415889134408
4,0,1.6500000000000001
4,0,9.60709218946087
4,0,5.040709799246755
4,0,1.6500000000000001
4,0,1.8609865192888333
4,0,1.6500000000000001
4,0,3.070402940794861
4,0,5.401189959430738
4,0,8.885981391998627
4,0,2.484890692284937
4,0,3.1061174237592852
4,0,5.76309353903008
4,0,4.769967007005473
4,0,1.6500000000000001
4,0,4.886174583969798
4,0,3.4273333796406247
4,0,6.303974443750527
4,0,5.808639296728474
4,0,4.625104579644253
4,0,1.6500000000000001
4,0,5.566032832962817
4,0,1.6500000000000001
4,0,1.6500000000000001
4,0,8.41790594508872
4,0,8.515522940790143
4,0,8.780018178710534
4,0,8.475113185071823
4,0,3.971434833011079
4,0,10.809319684368088
4,0,6.643987809736611
4,0,6.0761854047119295
4,0,4.605272017627459
4,0,5.79243564253799
4,0,8.247663131697013
4,0,8.279527935472991
4,0,5.968543219752645
4,0,4.946514958780252
4,0,3.2791157657519903
4,0,3.113243648022662
4,0,10.480934596489707
4,0,7.535573689966589
4,0,8.740852683303146
4,0,5.865980044880907
4,0,4.8831808716464735
4,0,9.713184924611845
4,0,6.867655432622847
4,0,2.135973838252226
4,0,5.948011282666104
4,1,1.6500000000000001
4,1,7.0197425061620935
4,1,7.5035618752582645
4,1,5.471979714965565
4,1,1.6500000000000001
4,1,5.641975955346618
4,1,1.6500000000000001
4,1,4.2364198381827585
4,1,8.998519435840034
4,1,7.238915136884702
4,1,2.6415145555735657
4,1,5.29585305150728
4,1,2.0987495071100364
4,1,2.498873815378568
4,1,7.752949345430187
4,1,8.13131756114042
4,1,7.177241379821296
4,1,7.121636967335519
4,1,7.547861675418916
4,1,5.788995367963355
4,1,6.7246192129801665
4,1,5.160224167073204
4,1,8.293626016006456
4,1,14.43184293880214
4,1,3.9723384630276497
4,1,3.884085785139877
4,1,5.342850501501238
4,1,1.6794941499013842
4,1,9.146382891515863
4,1,5.587143016423444
4,1,2.1289702826338193
4,1,7.6155453836100975
4,1,4.242151050389715
4,1,3.299038870324906
4,1,3.6238358902093366
4,1,5.605626410993511
4,1,6.03042184846327
4,1,9.409627149233506
4,1,3.1929484066171945
4,1,1.6500000000000001
4,1,4.7206972667955975
4,1,3.468441324739592
4,1,6.6700232016991965
4,1,6.477502200536565
4,1,1.8836281691663346
4,1,10.929080293029156
4,1,2.91268640591885
4,1,5.506718935888768
4,1,6.552820323524907
4,1,4.388946659589325
4,1,10.534729847109066
4,1,6.173680447822185
4,1,1.6500000000000001
4,1,8.722940153757369
4,1,1.6500000000000001
4,1,1.6500000000000001
4,1,1.6500000000000001
4,1,8.85441994450546
4,1,7.162801273941287
4,1,4.221322191304026
4,1,3.45345758941688
4,1,7.3285374756236905
4,2,4.330126272127099
4,2,6.040243633820775
4,2,6.185750328005514
4,2,7.546882056058555
4,2,7.53828206113621
4,2,3.853563429218701
4,2,3.4800608831301187
4,2,4.202374502613051
4,2,5.992285877949697
4,2,7.236216770945305
4,2,2.364680614241065
4,2,4.689163086811669
4,2,4.720093882552496
4,2,1.6500000000000001
4,2,4.461154668965807
4,2,4.8480239402331415
4,2,3.0806144285490724
4,2,5.404976319840809
4,2,4.177329814927436
4,2,4.741533784004951
4,2,6.651137966964688
4,2,1.6500000000000001
4,2,4.811743833430537
4,2,2.268391521465281
4,2,5.95393009668665
4,2,1.6500000000000001
4,2,9.372005498587658
4,2,4.972879244997371
4,2,5.245993197684318
4,2,4.187909337066298
4,2,1.6500000000000001
4,2,7.9661943178181405
4,2,3.98781861644147
4,2,3.9012416069667637
4,2,4.197562716981297
4,2,7.585472474516516
4,2,1.6500000000000001
4,2,5.494899289974253
4,2,1.6500000000000001
4,2,3.2263828689423644
4,2,1.6500000000000001
4,2,5.6030602671381615
4,2,5.617329155917072
4,2,4.14831102653663
4,2,9.584723362874149
4,2,1.6500000000000001
4,2,7.795653108144739
4,2,1.9754170436632927
4,2,1.6500000000000001
4,2,4.747057871003081
4,2,1.6500000000000001
4,2,5.9400967097659745
4,2,3.428589308086173
4,2,7.90870875442522
4,2,4.345013901869249
4,2,4.417149908846052
4,2,1.6500000000000001
4,2,6.800478626346132
4,2,2.5798854778934115
4,2,5.864553602212565
4,2,4.806326046168301
4,1,4.742333537849124
4,1,6.235385968760046
4,1,4.940704059996907
4,1,7.468725594703635
4,1,7.191391709796278
4,1,9.54306103820691
4,1,4.578199608289777
4,1,2.5215722929689903
4,1,7.934434896316821
4,1,3.0400062314339724
4,1,2.9165608245788746
4,1,1.6500000000000001
4,1,6.194909755893816
4,1,6.608448387746858
4,1,9.16310323882961
4,1,7.154551231012808
4,1,7.193502032738561
4,1,7.049010414741275
4,1,1.6500000000000001
4,1,5.731848809516828
4,1,8.244545512892614
4,1,2.537662225573219
4,1,2.923445961019407
4,1,1.6500000000000001
4,1,1.6500000000000001
4,1,4.240152176993951
4,1,4.795397163134392
4,1,6.438568080609607
4,1,5.7105345162068435
4,1,8.812868621660147
4,1,5.366477869591783
4,1,7.87739548113834
4,1,7.714062381663293
4,1,9.598825971732772
4,1,2.37691662606896
4,1,4.8377725181251705
4,1,9.802666982207494
4,1,7.44112021329252
4,1,2.480217327387171
4,1,7.083431066638705
4,1,8.41220775949824
4,1,4.544207041402786
4,1,2.2905019007217216
4,1,5.705284907044716
4,1,9.155279469645158
4,1,5.474997000119026
4,1,2.39772797286691
4,1,8.628378913577972
4,1,7.958749926888203
4,1,4.303634391887518
4,1,1.6500000000000001
4,1,2.7693237559485935
4,1,8.441835665149892
4,1,6.978166576852004
4,1,8.68557706134478
4,1,4.32749420018837
4,1,1.6500000000000001
4,1,9.038422696051708
4,1,6.482223000007225
4,1,3.6493264071304203
4,1,7.681534970034768
4,1,1.6500000000000001
4,0,3.9606233119855876
4,0,2.526816555971765
4,0,1.6500000000000001
4,0,3.5224147621732236
4,0,2.4871989847021294
4,0,4.782112581400389
4,0,4.6829390116703244
4,0,2.1876013640074494
4,0,8.543114488979823
4,0,6.335628127385894
4,0,5.962089350938783
4,0,10.286601300093594
4,0,3.78217918284299
4,0,8.275318970336528
4,0,9.026587333503915
4,0,6.871361670909222
4,0,4.26240845226096
4,0,4.837351423115757
4,0,7.779201646177688
4,0,4.110575157262446
4,0,4.647896640191708
4,0,8.73740456684704
4,0,7.91454205798175
4,0,2.496991148187011
4,0,7.971613361670155
4,0,8.38282536835967
4,0,4.950324446155856
4,0,1.6500000000000001
4,0,2.7657463235255624
4,0,6.538017515237244
4,0,1.6500000000000001
4,0,1.6500000000000001
4,0,1.6500000000000001
4,0,5.0823099355944645
4,0,10.190038108880847
4,0,3.413249671623565
4,0,3.0107623303389692
4,0,5.728220293181864
4,0,13.641930782719484
4,0,7.437402280540507
4,0,10.033903050993661
4,0,4.125431116622302
4,0,6.127528208486228
4,0,11.227776515232636
4,0,6.7905532264431905
4,0,7.987242061198909
4,0,4.7145662695303905
4,0,7.175764559619148
4,0,10.02351841262908
4,0,3.9049386026793713
4,0,8.016268621855428
4,0,3.248687158974111
4,0,1.6500000000000001
4,0,7.83902354339136
4,0,5.316011452015732
4,0,6.178212171652239
4,0,5.921222936342568
4,0,7.099265617334631
4,0,6.104108271778279
4,0,3.5106053802955355
4,0,10.188229499934067
4,0,1.6500000000000001
4,-1,3.0814716003792912
4,-1,1.7002512160997325
4,-1,7.724576192388742
4,-1,2.780567591805765
4,-1,4.50834426677736
4,-1,1.6500000000000001
4,-1,3.8318867584361764
4,-1,5.395418337615988
4,-1,6.018193939022798
4,-1,6.173213431138835
4,-1,3.502272997928487
4,-1,7.867157244538986
4,-1,2.6791368035446634
4,-1,3.746870367223273
4,-1,3.796463744876196
4,-1,1.6500000000000001
4,-1,6.996451335012747
4,-1,2.337523514130959
4,-1,6.27588627245863
4,-1,2.383875524778792
4,-1,8.841924308616829
4,-1,4.886716171785504
4,-1,1.7534150041298031
4,-1,2.650004315495491
4,-1,6.480149728333825
4,-1,1.6500000000000001
4,-1,5.140822804091335
4,-1,6.614752170540938
4,-1,4.939462734043019
4,-1,7.000610856570566
4,-1,1.6500000000000001
4,-1,7.712857064121817
4,-1,3.3305378234886396
4,-1,4.588740685759573
4,-1,1.6500000000000001
4,-1,4.826002479108107
4,-1,2.979813784099669
4,-1,1.6500000000000001
4,-1,2.029693889941711
4,-1,1.6500000000000001
4,-1,3.721992266929017
4,-1,8.155589116845354
4,-1,1.6500000000000001
4,-1,1.6500000000000001
4,-1,6.038978242676674
4,-1,3.073301795024861
4,-1,3.176723383096856
4,-1,1.6500000000000001
4,-1,4.552678948750072
4,-1,4.686066350364775
4,-1,3.9865078536656275
4,-1,7.200064484458419
4,-1,6.863164315946737
4,-1,1.6500000000000001
4,-1,1.6500000000000001
4,-1,3.905305735324756
4,-1,1.6500000000000001
4,-1,5.479801364191265
4,-1,2.8078866878753237
4,-1,1.6500000000000001
4,-1,2.7362917827198805
4,0,2.3168331949890852
4,0,5.440982886451362
4,0,1.6500000000000001
4,0,2.4685218730213796
4,0,1.9952778136138467
4,0,6.2136576014843214
4,0,6.951377768643131
4,0,1.6500000000000001
4,0,2.932821317295895
4,0,7.85581013051046
4,0,6.6037365607487795
4,0,2.501760252226492
4,0,8.542460586073561
4,0,8.56355192603817
4,0,5.959705317257447
4,0,8.144190626248795
4,0,4.278302869806275
4,0,1.6500000000000001
4,0,11.29553186315284
4,0,7.3703314970196505
4,0,1.6500000000000001
4,0,3.6042928456037764
4,0,5.622616626560046
4,0,3.900986954389183
4,0,3.280113545081031
4,0,5.828576583113672
4,0,8.943496171709002
4,0,6.385673316183271
4,0,8.102758753160062
4,0,4.93812879791531
4,0,7.417004631404101
4,0,7.614237184357639
4,0,6.236382825439407
4,0,2.625671310671499
4,0,5.9541272458434635
4,0,4.310977201336119
4,0,4.809114926897726
4,0,3.93079616569322
4,0,6.313912947964097
4,0,3.8501087393971054
4,0,1.6500000000000001
4,0,6.833892131394691
4,0,3.0395698297990514
4,0,5.003749270887476
4,0,2.419057508748259
4,0,2.805915529933611
4,0,2.5579921614235244
4,0,10.941594710990895
4,0,8.41257774129377
4,0,8.670400712197207
4,0,1.6500000000000001
4,0,2.1860528601364795
4,0,5.91103728552437
4,0,5.806049446156697
4,0,1.6500000000000001
4,0,2.4352321502225434
4,0,1.6500000000000001
4,0,3.663613927285392
4,0,6.0560776516086
4,0,6.9855493172162575
4,0,6.892484494486119
4,0,4.433689124252125
4,1,5.473877013311861
4,1,6.820246451878727
4,1,5.5378065834550405
4,1,2.1663683618648033
4,1,5.662551981739698
4,1,10.145494644353374
4,1,2.606103990131881
4,1,7.033020900370182
4,1,1.6500000000000001
4,1,2.3129165229657103
4,1,4.314365436335016
4,1,1.8495271057289213
4,1,10.538465244533354
4,1,7.177347559514386
4,1,1.6500000000000001
4,1,10.07302011794069
4,1,4.261499820639074
4,1,3.473212814780398
4,1,8.020923714327738
4,1,9.948308172829053
4,1,4.500916468568651
4,1,3.4966528508969077
4,1,8.605344363447557
4,1,1.9924466569664738
4,1,6.495378588580083
4,1,6.025741193117044
4,1,5.356338928359179
4,1,9.7577758860367
4,1,5.263613519586049
4,1,1.6500000000000001
4,1,2.379268990624719
4,1,3.881238714919917
4,1,7.361742679073906
4,1,5.863199935645947
4,1,8.946676588631515
4,1,5.920910452508913
4,1,3.0553723089538036
4,1,3.8267402704083375
4,1,6.372237432164664
4,1,6.354340444052804
4,1,5.391898137536172
4,1,4.0567257129899845
4,1,4.302732111328657
4,1,4.002963771834774
4,1,7.924854290247417
4,1,8.919549951099626
4,1,4.179857993585271
4,1,5.016553808157029
4,1,2.5859714231459567
4,1,5.169351897473111
4,1,6.829783343114146
4,1,6.374969845488984
4,1,5.179223960431924
4,1,2.749305701126012
4,1,6.970393641685016
4,1,4.175664211526527
4,1,6.844968545897045
4,1,4.916865468027936
4,1,4.432483784638394
4,1,2.6040647717842407
4,1,3.89866676624564
4,2,2.4776025708195686
4,2,1.9032063093393998
4,2,1.6500000000000001
4,2,6.267317803902194
4,2,7.207809249370369
4,2,11.329807788334922
4,2,7.43564095401995
4,2,3.104831935454557
4,2,7.228147829622783
4,2,4.611124111480543
4,2,4.380217566536154
4,2,4.721198162380891
4,2,7.742323932538735
4,2,5.971650018641076
4,2,4.779326052419548
4,2,1.6500000000000001
4,2,4.824499168875398
4,2,10.263169076966015
4,2,2.6181956848001846
4,2,4.441260741839933
4,2,2.025654152737358
4,2,3.0296998534076067
4,2,8.12042553326362
4,2,1.9970831194241212
4,2,5.182406035144195
4,2,4.009809126553004
4,2,6.330200350038885
4,2,6.317578345305309
4,2,3.1982190849271843
4,2,1.6500000000000001
4,2,8.955712472862551
4,2,6.788126860211262
4,2,10.466755920924449
4,2,5.899238575606848
4,2,7.122227181449936
4,2,6.2466214654902945
4,2,3.409499081663974
4,2,6.026316855296132
4,2,10.889471174984568
4,2,3.791250528828651
4,2,3.224422552753513
4,2,5.324722277946377
4,2,4.678487376515045
4,2,6.841543797622718
4,2,7.818608530737295
4,2,5.749904441854609
4,2,10.218011004891062
4,2,7.338328942404555
4,2,4.487459525027213
4,2,7.071529272159987
4,2,5.583522008073377
4,2,4.648048473240869
4,2,3.0598214131481587
4,2,6.225543236335453
4,2,3.4423377725688473
4,2,6.100177596889073
4,2,3.251419253387139
4,2,5.641748043403991
4,2,4.132176104836858
4,2,8.868790718927759
4,2,7.654456874565916
4,2,4.480173240933983
4,3,2.932715327789638
4,3,9.552468724563568
4,3,11.323248757720757
4,3,5.742816101466504
4,3,2.0224325264334704
4,3,8.843254825417958
4,3,5.404057779168339
4,3,2.1763567648622395
4,3,1.6500000000000001
4,3,2.000614564842863
4,3,4.048306565928981
4,3,2.056840895179827
4,3,5.816798982422579
4,3,9.14640276635201
4,3,3.6509186293722946
4,3,5.233713531797592
4,3,5.155536779232068
4,3,4.182433331275089
4,3,5.698272646790302
4,3,11.423995197373307
4,3,3.2223009549862036
4,3,2.6623576366156523
4,3,1.6500000000000001
4,3,2.791419407935706
4,3,3.4254587965131544
4,3,5.694949971055318
4,3,5.815141436246763
4,3,2.4921762018853313
4,3,2.359180457947175
4,3,2.6743761195780027
4,3,5.658534692540741
4,3,7.19979300888053
4,3,2.573028627245871
4,3,1.7377780215276393
4,3,6.84030817185581
4,3,4.281395272202575
4,3,5.027938922455772
4,3,6.457586476605407
4,3,5.281953917705408
4,3,5.856189629519845
4,3,5.287851599379725
4,3,5.159437455409804
4,3,5.380439200877172
4,3,5.114024324817267
4,3,6.111967165824794
4,3,1.976761515491099
4,3,5.753230491860218
4,3,1.6500000000000001
4,3,10.356033968653179
4,3,7.061287479577944
4,3,8.02104977067012
4,3,5.965526650409854
4,3,1.6500000000000001
4,3,5.231726490124548
4,3,5.511324898679017
4,3,3.955560027367036
4,3,5.545943043639698
4,3,8.10206754602661
4,3,6.908561556985798
4,3,2.0946132472201273
4,3,6.470774503731516
4,3,4.35081956915264
4,2,6.483558770590508
4,2,6.620923665266552
4,2,7.562295668396101
4,2,6.439207463877614
4,2,4.52353316937209
4,2,5.58611360608953
4,2,6.696608699805078
4,2,3.437047019624486
4,2,6.165510929846977
4,2,8.417443747078563
4,2,3.915483249013687
4,2,7.462045455029223
4,2,6.649072192427898
4,2,5.868426433353826
4,2,8.642232439008527
4,2,5.692085627119493
4,2,4.143027855901798
4,2,6.8820383315783875
4,2,7.407179971287762
4,2,4.537356554407048
4,2,6.5383264436771436
4,2,1.9688716427110808
4,2,3.805402480445523
4,2,6.05851441673303
4,2,3.8467168213265643
4,2,2.70215650564293
4,2,7.583249272734085
4,2,5.769813263398478
4,2,4.915671607965013
4,2,2.8424864079952843
4,2,6.110108136514093
4,2,5.668815645736421
4,2,8.693168467750198
4,2,9.611210040210558
4,2,4.837298520244403
4,2,3.4475688441217116
4,2,4.187944166748347
4,2,5.239952589546001
4,2,6.126623644663007
4,2,2.9726430634149574
4,2,3.8302372470714037
4,2,5.238099113686439
4,2,10.982229176814805
4,2,7.958123580205536
4,2,3.462596658487045
4,2,3.0734100810493725
4,2,4.094905580884983
4,2,1.6500000000000001
4,2,1.6500000000000001
4,2,4.445611004370097
4,2,3.962027754571925
4,2,8.481616462819119
4,2,9.874644596574157
4,2,4.108933409515799
4,2,3.053066147531281
4,2,8.07762395431891
4,2,3.5922603302713845
4,2,5.4046107137135335
4,2,6.575979748728088
4,2,1.6500000000000001
4,2,5.204973396505662
4,1,3.776856083165577
4,1,4.659479921816749
4,1,2.548901245762651
4,1,5.374493898278001
4,1,1.6500000000000001
4,1,5.3268630152186995
4,1,6.618968337203224
4,1,5.844824550327711
4,1,5.710079618860494
4,1,11.205126158096697
4,1,8.168154941054496
4,1,3.7837671257125436
4,1,1.6500000000000001
4,1,3.9133009549526925
4,1,2.9085394011635604
4,1,3.0673249402245264
4,1,4.512896631173301
4,1,3.462533000992141
4,1,6.607949693437263
4,1,6.064795318620239
4,1,5.5716015382031525
4,1,9.535550853280942
4,1,4.670732427185831
4,1,8.199069515634607
4,1,2.3889677905088096
4,1,7.6714197379702584
4,1,4.855469252090818
4,1,3.177974174255273
4,1,1.6500000000000001
4,1,6.489085379567801
4,1,5.135444011118104
4,1,7.2681991202762095
4,1,4.37486758575132
4,1,2.42539718721748
4,1,4.220129497600656
4,1,3.3898662513731357
4,1,2.5649627193838875
4,1,1.887536492560328
4,1,3.2067022287330764
4,1,4.425150961666188
4,1,3.7506070375612173
4,1,7.61461309457909
4,1,7.423973883418152
4,1,3.2884494358777103
4,1,2.421227151218197
4,1,5.216861955356854
4,1,3.42336368761159
4,1,11.335533765410226
4,1,11.99029356486717
4,1,5.287827557007034
4,1,6.467658200469145
4,1,4.126532647814354
4,1,2.1288607820655696
4,1,4.152307496503275
4,1,1.6500000000000001
4,1,2.469628682037342
4,1,9.934702226449785
4,1,2.15914321630713
4,1,6.302784531137083
4,1,6.219413486891781
4,1,4.135469609785356
4,1,2.0895488991189533
4,2,1.6500000000000001
4,2,1.6500000000000001
4,2,8.785698244975972
4,2,1.6500000000000001
4,2,5.594486300377702
4,2,9.75427856450377
4,2,1.6500000000000001
4,2,8.638374352464051
4,2,3.7877038126639175
4,2,7.408182994687925
4,2,3.830080023182373
4,2,2.4299799318485773
4,2,9.824649865216568
4,2,1.6500000000000001
4,2,4.318138726287736
4,2,2.6843252440980465
4,2,4.550705350244922
4,2,6.082517102606872
4,2,3.0333280027010874
4,2,4.053154609094732
4,2,7.345152311579829
4,2,4.252576416468761
4,2,5.536628619815888
4,2,9.162538632424265
4,2,2.798155469396351
4,2,10.760511885358145
4,2,1.6500000000000001
4,2,8.067730464752787
4,2,4.386007981914052
4,2,6.776305706691407
4,2,1.6500000000000001
4,2,2.3986564085427253
4,2,7.789466497221792
4,2,1.9186600534227072
4,2,8.632354240110486
4,2,5.418144063719748
4,2,6.933980659910052
4,2,11.369648941261623
4,2,1.9403686583634712
4,2,5.241315668697825
4,2,3.9314848946683685
4,2,5.9389739762810505
4,2,4.190193414902939
4,2,5.0769436115951665
4,2,5.734078506985045
4,2,3.4559011455640105
4,2,2.3128085480053233
4,2,8.948482573476738
4,2,3.0043142545440533
4,2,10.307290410594742
4,2,4.203499420903997
4,2,6.9213659888301144
4,2,7.693598830480687
4,2,1.6500000000000001
4,2,7.767584447799884
4,2,8.016302855808778
4,2,9.704675129477051
4,2,7.651660723349009
4,2,8.551084570111
4,2,3.8943671372871487
4,2,8.316149879397155
4,1,9.428785409328647
4,1,5.034960334053998
4,1,1.8173170566037493
4,1,6.715919582341053
4,1,1.6500000000000001
4,1,5.734033647382696
4,1,2.9020814558439145
4,1,2.1075128576238296
4,1,7.079627604299599
4,1,5.062244963421396
4,1,1.6500000000000001
4,1,5.034336888159684
4,1,3.592838033783785
4,1,8.010094454144088
4,1,7.365034608250091
4,1,4.114007553039407
4,1,8.595745075403585
4,1,5.918240837666067
4,1,3.4433711715597024
4,1,2.8469571727938945
4,1,3.0899066049416466
4,1,5.594498565398104
4,1,1.97668043291397
4,1,4.59556898444343
4,1,6.215329085483255
4,1,9.704007699484823
4,1,9.320610947654494
4,1,3.5251190433227526
4,1,2.97108496898513
4,1,6.237669736050981
4,1,4.007237197099217
4,1,6.476749284886276
4,1,6.788018737208095
4,1,1.6500000000000001
4,1,2.4636172325890957
4,1,2.784130955873227
4,1,10.367445895142819
4,1,6.243369501361615
4,1,4.386185057199285
4,1,6.838412249260662
4,1,1.6500000000000001
4,1,7.368990687695279
4,1,2.67439882789199
4,1,10.712075968984774
4,1,6.954400957136024
4,1,6.220313755346646
4,1,1.8415328645262234
4,1,7.702554870710758
4,1,2.63197749768479
4,1,6.158855369208243
4,1,4.332092884764235
4,1,8.436521271851792
4,1,3.2406954355291218
4,1,5.160915248853896
4,1,4.268980550573922
4,1,7.493643249789292
4,1,4.637634505976385
4,1,8.32028686446788
4,1,9.483075737576039
4,1,4.0479378255366205
4,1,2.6887074925446566
4,1,7.141734714942883
4,2,1.8481305653606621
4,2,7.342271868518749
4,2,6.4251023502025255
4,2,5.997004171332093
4,2,7.811215895276503
4,2,7.235215153230776
4,2,4.6803142525884835
4,2,9.775419661127163
4,2,4.079250302352731
4,2,3.9509800549284226
4,2,6.213631394519925
4,2,3.593057467512428
4,2,6.315604237197335
4,2,8.47569226329565
4,2,5.828605006015928
4,2,6.104325170296303
4,2,2.3793782694763985
4,2,3.0855559231110066
4,2,2.4275401849950438
4,2,9.850570311990342
4,2,6.612365075700676
4,2,7.391528405846363
4,2,2.8953396046096467
4,2,5.863196460334835
4,2,6.914602618980265
4,2,10.639690425768315
4,2,3.2617448585067126
4,2,7.137556410134367
4,2,2.241207331002602
4,2,8.143815925888562
4,2,3.5013584564099522
4,2,5.178821758225113
4,2,3.530415215774809
4,2,7.9131933601332225
4,2,1.6500000000000001
4,2,4.410886499980919
4,2,4.260960219286742
4,2,1.6500000000000001
4,2,8.076557746211163
4,2,1.6500000000000001
4,2,12.60348920381622
4,2,4.35718782906769
4,2,6.235123406566873
4,2,5.907035492403939
4,2,5.607721706323419
4,2,9.869188984233928
4,2,4.435614891256414
4,2,8.345816418953973
4,2,7.616371698573206
4,2,2.682764656880862
4,2,6.117741874333525
4,2,6.311806700341382
4,2,2.8646051106529202
4,2,2.721282817656888
4,2,7.630372496058618
4,2,5.311984425295573
4,2,8.198286287905432
4,2,1.6500000000000001
4,2,12.760380282449688
4,2,5.8448716266813
4,2,8.428120143111839
4,2,5.370925455685683
4,3,5.70666935733127
4,3,3.204867966247228
4,3,6.6961470856951895
4,3,5.169334163871766
4,3,4.609492246199858
4,3,2.9290860185823338
4,3,4.270193787102623
4,3,1.6500000000000001
4,3,4.729141592766273
4,3,5.54953472256088
4,3,5.276094377920986
4,3,7.488194607967062
4,3,4.998274312725926
4,3,3.7651489826945204
4,3,7.025772055111748
4,3,6.9723378211378
4,3,7.4693479296668315
4,3,8.78535204573321
4,3,2.8927226217750333
4,3,1.9686209911123376
4,3,4.104324263518546
4,3,10.596987727313163
4,3,1.6500000000000001
4,3,1.6500000000000001
4,3,8.054746614349142
4,3,3.2912258414037474
4,3,3.0586956045341323
4,3,7.578385627993434
4,3,4.784614793708993
4,3,6.0123377065406505
4,3,2.222349308590982
4,3,5.023675039550014
4,3,2.9930688917604256
4,3,1.6500000000000001
4,3,4.363535409067648
4,3,2.525060648987824
4,3,7.979325778161659
4,3,9.669278568533523
4,3,5.384082764295498
4,3,7.865391450778561
4,3,4.7692875394717476
4,3,3.32836017754636
4,3,3.3953804316915144
4,3,7.692565354037729
4,3,2.7130703846605844
4,3,1.6500000000000001
4,3,5.109888433584361
4,3,5.564360187684493
4,3,7.338996894120847
4,3,2.9655070589745938
4,3,4.333830926589372
4,3,1.6500000000000001
4,3,3.4654071818861443
4,3,3.004987531044595
4,3,5.968436594634854
4,3,2.212513761684111
4,3,5.526002197670599
4,3,7.868194158772232
4,3,8.982024018750863
4,3,8.870469148220472
4,3,1.6500000000000001
4,2,1.6500000000000001
4,2,5.407488428113205
4,2,4.144963605506257
4,2,5.217032317910991
4,2,5.885795540133778
4,2,5.932207179735246
4,2,3.8887267836504353
4,2,7.5937784799624435
4,2,5.719144291423567
4,2,4.1819319430392845
4,2,3.375833041716425
4,2,2.290597949429756
4,2,3.775311413107312
4,2,5.665161999587105
4,2,5.548168256850266
4,2,4.89304591211245
4,2,1.6500000000000001
4,2,6.177666747171122
4,2,8.901176194765899
4,2,4.3301100126270775
4,2,3.405090218877394
4,2,5.895555825638381
4,2,7.726265406257705
4,2,4.148819657120085
4,2,2.529339473791319
4,2,8.162589223585256
4,2,8.024252112982865
4,2,9.553529382601965
4,2,4.567275239953873
4,2,5.869741676152738
4,2,3.3729702548146303
4,2,5.950549587502483
4,2,2.585027519418988
4,2,4.182262435080671
4,2,8.792558447492482
4,2,6.669134166231394
4,2,2.7549144400771493
4,2,4.69228685086062
4,2,5.473118128142289
4,2,5.187128276445752
4,2,1.6500000000000001
4,2,2.737905996326002
4,2,4.018592765606837
4,2,8.271879384950777
4,2,10.746750748740856
4,2,3.870962624567122
4,2,5.258420662900937
4,2,1.6500000000000001
4,2,5.395330386181165
4,2,4.0876137194650175
4,2,7.881792535229605
4,2,6.207657203523636
4,2,4.924050187805085
4,2,1.8729107684048865
4,2,5.7109672178132005
4,2,8.709322303858297
4,2,4.084904803044823
4,2,6.225737478511025
4,2,5.580886969128954
4,2,3.085321150063499
4,2,3.511827347835222
4,2,7.874362203498831
4,3,9.241673730469333
4,3,1.6500000000000001
4,3,7.037377121339442
4,3,8.63002995652813
4,3,5.741649647324621
4,3,5.062754583285942
4,3,8.19873759308233
4,3,3.485130426413779
4,3,3.5436824098814097
4,3,7.468402483973032
4,3,2.426309423008957
4,3,6.2745431253385275
4,3,6.905794248466079
4,3,1.6500000000000001
4,3,1.966559711772287
4,3,3.542577804020766
4,3,10.987619491140114
4,3,4.962712067929278
4,3,7.258995944710325
4,3,2.3576429943347734
4,3,2.8554374349521017
4,3,6.193534937994582
4,3,4.716206992098334
4,3,7.107351468900787
4,3,7.206345080260639
4,3,1.6500000000000001
4,3,2.629860501567347
4,3,5.9027942516895795
4,3,3.0554809119827873
4,3,3.9048289638637255
4,3,1.6500000000000001
4,3,5.722306077974111
4,3,1.6500000000000001
4,3,5.256795664866562
4,3,6.096297477548253
4,3,6.7647908943813295
4,3,1.6500000000000001
4,3,5.322361771757938
4,3,2.6011925732383254
4,3,6.283859354350604
4,3,5.609373718810898
4,3,5.436099684923203
4,3,6.99779779212792
4,3,5.92503547227838
4,3,4.965333951729391
4,3,3.801980451036592
4,3,7.734419006105444
4,3,4.305938623806211
4,3,1.6500000000000001
4,3,6.582718581154575
4,3,2.6215465957782698
4,3,6.178024584627951
4,3,8.150318071886709
4,3,6.264746502888253
4,3,4.836157089600404
4,3,7.817322456317954
4,3,6.058469180318946
4,3,4.040955369862614
4,3,5.969851707811437
4,3,1.6500000000000001
4,3,6.233760898026241
4,4,5.48610494264077
4,4,1.6500000000000001
4,4,3.272673189545034
4,4,1.6500000000000001
4,4,7.008716198502643
4,4,6.422876301116509
4,4,5.1057592850962985
4,4,5.51257240695892
4,4,3.490189164705911
4,4,4.177934706631961
4,4,3.7117234655461813
4,4,3.075919281231444
4,4,7.828931190139718
4,4,1.6500000000000001
4,4,5.932935118371583
4,4,11.587119547919727
4,4,3.9470515698647626
4,4,7.566870586490561
4,4,6.54634258236353
4,4,7.0583493645323365
4,4,1.7953030033542516
4,4,5.641154048842045
4,4,2.386386910206702
4,4,4.118147309525103
4,4,2.583678721278298
4,4,6.484086126586053
4,4,7.402317084542336
4,4,5.39452426870647
4,4,5.242915418094047
4,4,9.19215122179375
4,4,4.691938624844958
4,4,4.727713001834425
4,4,9.470421018133532
4,4,7.02123250026444
4,4,1.6500000000000001
4,4,1.6500000000000001
4,4,2.5226271110727354
4,4,1.6500000000000001
4,4,7.79917895030503
4,4,1.8246768864259968
4,4,3.49458506401042
4,4,3.682326166806406
4,4,1.6500000000000001
4,4,6.435294142884025
4,4,6.0085871822465124
4,4,4.90459209641889
4,4,7.414939830214633
4,4,3.6993934258705035
4,4,4.477521197707089
4,4,1.8296136785895607
4,4,6.0847426048634405
4,4,2.0715098412885093
4,4,8.193491067047017
4,4,1.6500000000000001
4,4,2.945264524131515
4,4,3.0718959119162514
4,4,2.826361427939028
4,4,5.900777323412482
4,4,5.75821506306549
4,4,9.811412867037795
4,4,8.045337784454809
4,4,5.040813484416499
4,5,2.7947226889559516
4,5,6.822779262360039
4,5,4.284473266311384
4,5,1.6500000000000001
4,5,7.517767974042195
4,5,7.420780236045699
4,5,6.651821267909356
4,5,6.994915916216595
4,5,7.3267685087364445
4,5,2.4270522261971657
4,5,3.0008109971255896
4,5,5.088927664501885
4,5,3.489204876330015
4,5,2.7768734759518843
4,5,1.6500000000000001
4,5,4.50824317480851
4,5,4.217414646602065
4,5,1.6500000000000001
4,5,2.3182087013099633
4,5,5.9760870245599
4,5,5.041071612529952
4,5,3.025523018074429
4,5,6.563914534158077
4,5,6.067834253018207
4,5,3.9052937576917257
4,5,1.6500000000000001
4,5,5.925333055020028
4,5,4.832905872147922
4,5,8.19175570773574
4,5,3.7313924889280985
4,5,1.6500000000000001
4,5,8.076876595166752
4,5,6.68963212256317
4,5,6.5927933521730555
4,5,3.6748966547405857
4,5,1.6500000000000001
4,5,1.6500000000000001
4,5,1.6500000000000001
4,5,7.293420126165511
4,5,9.679341213046278
4,5,11.029741163924434
4,5,5.779611616799301
4,5,2.0957277962341188
4,5,1.6500000000000001
4,5,5.113060817281782
4,5,1.770531291705404
4,5,2.4992247719727922
4,5,8.22416868189703
4,5,7.614143645810325
4,5,1.8281768158847926
4,5,1.6500000000000001
4,5,7.871209094358292
4,5,2.05654976036451
4,5,3.227845779544351
4,5,2.9353890141839396
4,5,3.3094853235588824
4,5,2.86067519429759
4,5,2.954310237276232
4,5,3.0615030165088237
4,5,4.7869899207614495
4,5,4.143254939314066
4,5,5.437012703138142
4,6,3.645452509800648
4,6,10.488871864460116
4,6,2.106427646953552
4,6,9.050613346019269
4,6,1.6500000000000001
4,6,2.1167467686516295
4,6,2.4843582372463247
4,6,1.6500000000000001
4,6,4.13400001360544
4,6,6.409533442803031
4,6,4.654429414314978
4,6,3.9753830492778905
4,6,2.1234553114350927
4,6,1.6500000000000001
4,6,15.833259533401705
4,6,2.4914096873825082
4,6,8.461878144766747
4,6,2.3165892609642778
4,6,3.130218842900849
4,6,1.6500000000000001
4,6,3.8228302246593273
4,6,3.5844953946139793
4,6,5.885536534597012
4,6,6.580600460567201
4,6,8.222392599412725
4,6,3.7560148362968975
4,6,1.6500000000000001
4,6,5.86488334964788
4,6,2.699527477162043
4,6,2.052375720653748
4,6,4.93682025878004
4,6,1.688384855011329
4,6,8.500324861853372
4,6,5.221001485096817
4,6,5.7476347223097495
4,6,2.9953586622998416
4,6,5.621245771139483
4,6,6.491048295430879
4,6,8.520996432524953
4,6,1.9532524848888868
4,6,4.457172907656756
4,6,1.6500000000000001
4,6,6.4186061418540765
4,6,4.5415366376324435
4,6,2.8857491451485737
4,6,11.605457156422869
4,6,1.6500000000000001
4,6,1.6500000000000001
4,6,5.474617582848708
4,6,6.339075261249293
4,6,8.37110799549886
4,6,2.1115988057545056
4,6,3.2300760310212997
4,6,1.6500000000000001
4,6,2.039283558391035
4,6,1.6500000000000001
4,6,1.6500000000000001
4,6,1.6500000000000001
4,6,1.6500000000000001
4,6,2.2495280871585255
4,6,4.982461189946755
4,5,4.5294517368788885
4,5,2.4168517123495463
4,5,2.654608940800256
4,5,1.664305143476525
4,5,2.1669296765356867
4,5,11.257883332753295
4,5,3.376062619950472
4,5,3.5376405489319347
4,5,4.902197132566339
4,5,2.6247070254536524
4,5,2.696263417921708
4,5,3.8282469267793293
4,5,1.6500000000000001
4,5,1.6500000000000001
4,5,9.047100886381024
4,5,1.6500000000000001
4,5,1.8919293284924312
4,5,1.6500000000000001
4,5,9.737568927689116
4,5,1.6500000000000001
4,5,10.850341257298062
4,5,6.272811579769752
4,5,4.5653534384916625
4,5,7.154891819444641
4,5,7.4216336509307155
4,5,4.695702101314811
4,5,4.688299791858973
4,5,3.856795409198103
4,5,1.6500000000000001
4,5,4.65694671624913
4,5,4.25991671728637
4,5,4.9545498511362105
4,5,3.824897273054141
4,5,4.814802861169029
4,5,1.6500000000000001
4,5,8.498306304461824
4,5,1.6500000000000001
4,5,1.6500000000000001
4,5,2.871099996307141
4,5,4.968726528222032
4,5,4.048305121123857
4,5,6.246460275203331
4,5,2.3604685736678217
4,5,6.70394655538667
4,5,2.509826381662936
4,5,2.8526421437609777
4,5,8.699375427624949
4,5,1.9027984959459192
4,5,1.6500000000000001
4,5,3.325666759642923
4,5,1.6500000000000001
4,5,2.8531905132281987
4,5,6.68699056042594
4,5,4.209968984188253
4,5,1.6500000000000001
4,5,7.0004752877554015
4,5,5.099728575336972
4,5,4.0522623325891
4,5,2.317736116933481
4,5,4.878871313587407
4,5,1.6500000000000001
4,5,1.6500000000000001
4,6,3.159619213192021
4,6,4.42200188120513
4,6,5.159754943489039
4,6,1.6500000000000001
4,6,10.138033992713318
4,6,5.409705120767985
4,6,5.879233222547278
4,6,3.3096339612074486
4,6,1.6500000000000001
4,6,1.6500000000000001
4,6,1.6500000000000001
4,6,1.7280577707985008
4,6,4.461557006050998
4,6,5.002431605588587
4,6,10.833574316296644
4,6,3.570484883983881
4,6,6.243887841938483
4,6,2.6874127940560157
4,6,7.931711425418569
4,6,4.154225379670307
4,6,8.797216089069014
4,6,5.681139837905295
4,6,2.6198443446642923
4,6,8.598728892384784
4,6,7.825988141402854
4,6,3.986122857759866
4,6,7.473921337035396
4,6,2.9724990710320967
4,6,2.6572588139862825
4,6,1.6500000000000001
4,6,5.750231529549819
4,6,1.6500000000000001
4,6,9.476685256277905
4,6,3.155204615955673
4,6,1.9314370220269474
4,6,1.6500000000000001
4,6,6.764080263601333
4,6,7.23404159614172
4,6,1.6500000000000001
4,6,2.8217982208511687
4,6,3.1407306948047435
4,6,9.303827172775925
4,6,6.8538147879140086
4,6,1.6500000000000001
4,6,6.415962584431183
4,6,8.809211923058363
4,6,4.671704127875719
4,6,8.065119642347332
4,6,2.3401689444890574
4,6,4.073531718033666
4,6,7.9193915604519605
4,6,5.482602428228631
4,6,9.631243999586431
4,6,3.462071449123716
4,6,3.636461594559326
4,6,1.9781881595268367
4,6,4.825696769288639
4,6,7.655874745802694
4,6,2.433601658238379
4,6,1.6500000000000001
4,6,4.857340725435813
4,7,1.6500000000000001
4,7,6.069450422512593
4,7,5.858487115635442
4,7,3.376438784360001
4,7,5.291130249340747
4,7,1.6562831667875564
4,7,1.6500000000000001
4,7,3.686127542285191
4,7,3.9201507586131226
4,7,6.101686588654976
4,7,1.6500000000000001
4,7,1.6500000000000001
4,7,4.688871994035493
4,7,4.306810396690556
4,7,4.761305104170281
4,7,1.6500000000000001
4,7,2.9973077994491244
4,7,3.105508927890413
4,7,6.655657125737416
4,7,1.6500000000000001
4,7,6.029469905607996
4,7,5.013396347893117
4,7,8.296199441405491
4,7,1.6500000000000001
4,7,3.514413942703554
4,7,3.258685997514895
4,7,4.123175959087456
4,7,5.930679030198909
4,7,6.734053418414011
4,7,5.721018371469361
4,7,1.6500000000000001
4,7,5.301490104423222
4,7,3.333828023642081
4,7,2.265749786581747
4,7,10.612711487365013
4,7,1.6500000000000001
4,7,3.967621797308427
4,7,2.05575044562178
4,7,7.701452760765181
4,7,1.6500000000000001
4,7,3.1861352428699385
4,7,3.362773987570588
4,7,3.25968260427042
4,7,1.6500000000000001
4,7,1.6500000000000001
4,7,1.6500000000000001
4,7,5.056137583032589
4,7,3.6712575788015513
4,7,6.658047847460077
4,7,3.4714476654803255
4,7,7.4743516559714855
4,7,4.479058856248614
4,7,5.401152279671115
4,7,6.3456648718372355
4,7,3.936702700401967
4,7,4.315894003023067
4,7,1.6500000000000001
4,7,3.4644961874306466
4,7,6.952381342251502
4,7,4.635694265925392
4,7,4.540246474036811
4,7,1.6500000000000001
4,6,1.6500000000000001
4,6,3.7254117016091293
4,6,2.633653489319507
4,6,4.228649111193075
4,6,4.166007751001833
4,6,11.048510780861832
4,6,2.4196248608638573
4,6,4.435886336255909
4,6,4.330230214816177
4,6,6.375587123313604
4,6,5.261749606288692
4,6,5.609538336142341
4,6,2.5507840789695866
4,6,4.719999999251444
4,6,4.515969965925194
4,6,6.680065754914086
4,6,1.6500000000000001
4,6,3.3974781631529942
4,6,1.6500000000000001
4,6,4.886638579943832
4,6,4.120040959918192
4,6,5.113359798488839
4,6,5.511182698702298
4,6,6.422484514657716
4,6,9.98913784877809
4,6,1.6500000000000001
4,6,1.6500000000000001
4,6,3.69088270765431
4,6,9.69614827551624
4,6,2.2734102487765417
4,6,6.326543877270693
4,6,3.9507675187030706
4,6,1.8067133992049245
4,6,2.2882667067638245
4,6,4.512570757218726
4,6,3.253905125723676
4,6,1.934735092299922
4,6,3.6154213574624303
4,6,1.6500000000000001
4,6,10.987198250817677
4,6,9.651524540502763
4,6,1.6500000000000001
4,6,1.6500000000000001
4,6,3.137755623493337
4,6,2.882087067042984
4,6,4.529244572881145
4,6,4.027969358825706
4,6,2.824625791150082
4,6,8.21045961388546
4,6,3.0346801193823345
4,6,3.5886075074510226
4,6,3.81129717908081
4,6,6.967112850383455
4,6,4.736834781918002
4,6,1.8985607589438058
4,6,6.853752189486947
4,6,1.6500000000000001
4,6,1.9413462824700038
4,6,4.993041480385803
4,6,1.6500000000000001
4,6,4.873060265988297
4,6,3.995292501823605
4,5,5.800083213236958
4,5,4.688836928035149
4,5,1.6500000000000001
4,5,4.638330268206312
4,5,7.082837954987214
4,5,2.3795227439626014
4,5,3.3443275905267855
4,5,9.076651443910567
4,5,2.01725304583859
4,5,6.911933297002273
4,5,9.915519195024448
4,5,2.4633765819437423
4,5,7.641772879312835
4,5,3.6943007225660884
4,5,2.1883090917521724
4,5,6.974584841561525
4,5,1.6500000000000001
4,5,9.348365157350862
4,5,2.8387315336134717
4,5,4.866904900476139
4,5,7.21996899480585
4,5,4.873755653464611
4,5,4.953943251060664
4,5,2.8256779888858032
4,5,4.057320857715479
4,5,2.6960343341161996
4,5,9.94009023046755
4,5,2.0919164115361504
4,5,4.1085586583321625
4,5,7.999612658895152
4,5,4.162652583404114
4,5,7.304105941014949
4,5,2.7025535617833905
4,5,4.818144236189097
4,5,11.87008919561452
4,5,12.3708487181299
4,5,5.923822348585958
4,5,3.9305584488977168
4,5,4.598270804300707
4,5,7.618033660825675
4,5,5.8365401705768125
4,5,7.007050748824643
4,5,4.126779127296528
4,5,1.6500000000000001
4,5,6.8415528439597075
4,5,3.085851040171171
4,5,5.219266347558951
4,5,4.139986318399002
4,5,2.6573674388187944
4,5,5.5760097513258735
4,5,3.0531557703701173
4,5,2.9613407593594596
4,5,2.007045878064651
4,5,10.256521730467677
4,5,1.9876727101676348
4,5,6.192161234825539
4,5,6.206629161562638
4,5,7.717646861592586
4,5,1.6500000000000001
4,5,8.251280882290448
4,5,1.6500000000000001
4,6,8.394625522357071
4,6,5.193640210194059
4,6,5.233109952867196
4,6,2.2827819894708115
4,6,4.085985359807525
4,6,7.063101852473478
4,6,2.8586894321336143
4,6,5.05528728109546
4,6,3.3413055688568143
4,6,3.999697486942674
4,6,3.5328425090114592
4,6,2.557332880664571
4,6,3.6900068816466858
4,6,2.336286183123179
4,6,8.122853885961849
4,6,1.6500000000000001
4,6,4.990334088997229
4,6,5.796240255944504
4,6,7.230000778467717
4,6,1.6500000000000001
4,6,7.238928173062801
4,6,5.808515147530591
4,6,6.286469213099528
4,6,4.486768806461503
4,6,2.055610418203167
4,6,6.077914023346855
4,6,5.521526657126992
4,6,6.2691415457939454
4,6,2.4484481671426526
4,6,6.3427209005060075
4,6,2.1663050287498526
4,6,7.1001844077076495
4,6,4.63527052529501
4,6,1.9140209551446659
4,6,4.309839564982809
4,6,6.224864969188932
4,6,1.6500000000000001
4,6,2.9715795951272574
4,6,4.433354035313817
4,6,3.526455119010919
4,6,1.6500000000000001
4,6,1.6500000000000001
4,6,6.341647613063942
4,6,6.156553307365952
4,6,1.6500000000000001
4,6,1.6500000000000001
4,6,2.4777343365402067
4,6,8.56822484155518
4,6,2.909715525470759
4,6,8.234303191065685
4,6,1.6500000000000001
4,6,6.8556452252319655
4,6,6.055364697023883
4,6,6.296891341719844
4,6,9.052855508580434
4,6,7.1505626837550915
4,6,2.256708401670825
4,6,7.781394316654511
4,6,9.611294903920731
4,6,4.4533629479446555
4,6,1.6500000000000001
4,6,7.965211238466334
4,7,6.272324965826186
4,7,4.682654093968975
4,7,2.672215691152301
4,7,4.738176698782471
4,7,5.861019210546722
4,7,8.516856571003155
4,7,1.6500000000000001
4,7,6.302654025303852
4,7,2.2448712870759504
4,7,3.6110890992323106
4,7,6.647076426432463
4,7,12.805447599835372
4,7,3.25139421191618
4,7,1.6500000000000001
4,7,1.9913055133098725
4,7,5.945085406694748
4,7,3.6763347815571312
4,7,5.807409941088523
4,7,7.727112828048572
4,7,2.8061043281872218
4,7,2.277389986954283
4,7,8.823183274700684
4,7,5.2661328444655915
4,7,2.950154110850606
4,7,1.6500000000000001
4,7,5.881660799491552
4,7,4.804470787701314
4,7,4.528921580100679
4,7,1.6500000000000001
4,7,5.596621513855755
4,7,1.6500000000000001
4,7,3.4760471780365334
4,7,3.491808176215872
4,7,4.198818327816415
4,7,3.1805815134595394
4,7,5.751295285146565
4,7,4.511193842367663
4,7,2.0277927852197095
4,7,1.6500000000000001
4,7,8.510889160378479
4,7,3.567450967280738
4,7,2.8866764113336614
4,7,3.169371730895376
4,7,1.6565471294724465
4,7,4.102634423169526
4,7,1.6500000000000001
4,7,5.94116013911979
4,7,2.2440326696844135
4,7,2.726115415296603
4,7,3.7573183875017415
4,7,1.6500000000000001
4,7,4.385053971444066
4,7,3.241113331380582
4,7,3.2010314999739204
4,7,3.8795567119722567
4,7,2.606270276357814
4,7,3.6911531913117708
4,7,4.716503060693968
4,7,5.207740922468349
4,7,1.6500000000000001
4,7,6.687321735175789
4,8,2.7761649709892353
4,8,4.507032938245107
4,8,1.6500000000000001
4,8,4.150913454369452
4,8,1.6774329675231527
4,8,3.3157118349299495
4,8,1.6500000000000001
4,8,1.6500000000000001
4,8,5.500921824379998
4,8,3.4059023905391554
4,8,4.16515030558213
4,8,5.088057067589716
4,8,8.826131351226406
4,8,4.644263365510996
4,8,5.9374590945665044
4,8,5.43594226281232
4,8,2.817875268948786
4,8,1.6500000000000001
4,8,6.765492464984546
4,8,1.6500000000000001
4,8,4.827235298274596
4,8,3.824156575739784
4,8,2.1210524846353267
4,8,2.1027602787337902
4,8,6.70553811149346
4,8,3.4278493139996296
4,8,5.0120459082420385
4,8,1.6500000000000001
4,8,1.6500000000000001
4,8,4.771236538111066
4,8,2.2193262891113035
4,8,1.6763802381040969
4,8,1.6500000000000001
4,8,2.1049172218284458
4,8,2.5504562495961505
4,8,3.794360566895713
4,8,1.6500000000000001
4,8,5.515588141138828
4,8,4.249671541579049
4,8,1.6500000000000001
4,8,4.222664423553252
4,8,1.6500000000000001
4,8,5.186558207007648
4,8,2.6883100535956257
4,8,1.6500000000000001
4,8,1.7199696331034815
4,8,3.476842454727016
4,8,5.142623569300605
4,8,1.6500000000000001
4,8,1.6500000000000001
4,8,5.629417085622103
4,8,5.155404559930191
4,8,8.269998817877832
4,8,2.4375015429818916
4,8,1.6500000000000001
4,8,2.741817197934549
4,8,8.305569061211141
4,8,4.07608501051909
4,8,5.0739197733430625
4,8,5.16988912989199
4,8,10.348309552995548
4,8,1.6500000000000001
4,9,3.1773384279719767
4,9,1.6500000000000001
4,9,1.6500000000000001
4,9,3.8738142073849526
4,9,1.6500000000000001
4,9,1.6500000000000001
4,9,1.6500000000000001
4,9,1.6500000000000001
4,9,1.6500000000000001
4,9,6.064776526289383
4,9,4.99939534813781
4,9,7.418122199886945
4,9,1.6500000000000001
4,9,1.6500000000000001
4,9,2.9508317211582753
4,9,9.859057772226016
4,9,7.136157686024643
4,9,1.6500000000000001
4,9,5.93646887944792
4,9,3.7859644268924253
4,9,1.6500000000000001
4,9,6.4860979575136835
4,9,4.115203425590579
4,9,5.600716324115724
4,9,1.6500000000000001
4,9,3.8134990714350745
4,9,2.374053385861054
4,9,8.672278778836052
4,9,1.6500000000000001
4,9,1.6500000000000001
4,9,1.934131983789813
4,9,1.6500000000000001
4,9,3.10104384893462
4,9,5.208495563243861
4,9,2.758562016899676
4,9,2.910993771443479
4,9,1.6500000000000001
4,9,4.168587507396747
4,9,1.6500000000000001
4,9,4.059918584727575
4,9,2.0606957989242534
4,9,2.7499709718549155
4,9,2.617419528093804
4,9,3.8160485312501446
4,9,1.6500000000000001
4,9,5.270197578500364
4,9,6.89841123030768
4,9,1.6500000000000001
4,9,2.6239136023025837
4,9,1.6500000000000001
4,9,8.887131799844518
4,9,2.1482513342932354
4,9,3.905772834838854
4,9,6.081200227117563
4,9,4.010216253572564
4,9,2.1298726536305637
4,9,4.671664283200896
4,9,4.795869764830957
4,9,5.067925208908758
4,9,1.6500000000000001
4,9,2.050112212983469
4,9,6.708452425179926
3,9,5.7738166501539165
3,9,1.6500000000000001
3,9,1.6500000000000001
3,9,5.262055832908582
3,9,2.0658979657900427
3,9,1.6500000000000001
3,9,4.424648235682052
3,9,1.8976781758933494
3,9,1.9262041621886665
3,9,6.1600726850269725
3,9,1.6500000000000001
3,9,1.6500000000000001
3,9,7.136150436731045
3,9,3.4080219618196734
3,9,7.708089998942171
3,9,1.6500000000000001
3,9,1.6500000000000001
3,9,1.6500000000000001
3,9,1.6500000000000001
3,9,3.8740589174752036
3,9,7.634499035077756
3,9,3.682468784536469
3,9,1.6500000000000001
3,9,6.269694799464791
3,9,1.6500000000000001
3,9,1.6500000000000001
3,9,3.9706572367873045
3,9,2.942485413536875
3,9,5.900870622357132
3,9,2.0917379406292564
3,9,6.631904231979863
3,9,1.7729512573037036
3,9,1.6500000000000001
3,9,7.5689046673492335
3,9,1.6500000000000001
3,9,5.104107697812928
3,9,5.0140720083607135
3,9,2.899375619924821
3,9,5.452855903297449
3,9,1.6500000000000001
3,9,1.6500000000000001
3,9,1.6500000000000001
3,9,2.6211975053228187
3,9,6.124255777722137
3,9,4.787915467157628
3,9,1.6500000000000001
3,9,4.516826273288165
3,9,1.6500000000000001
3,9,1.6500000000000001
3,9,2.800423089125247
3,9,2.709753260703704
3,9,6.885063446776972
3,9,2.8076136420764026
3,9,5.7441831065687925
3,9,3.942321201380231
3,9,1.6500000000000001
3,9,1.6500000000000001
3,9,7.713264344700727
3,9,10.031586105258947
3,9,3.5306848516688856
3,9,5.147969910302207
3,10,4.211495499779172
3,10,1.6500000000000001
3,10,2.5836638627768185
3,10,3.634508821759198
3,10,4.646706867281808
3,10,5.515525069397773
3,10,1.8480832390446902
3,10,3.171709693898646
3,10,1.6500000000000001
3,10,3.4053905569891145
3,10,4.82573386874541
3,10,1.6500000000000001
3,10,1.6500000000000001
3,10,7.0859623525620234
3,10,4.0715412566980325
3,10,1.6500000000000001
3,10,4.421085399911004
3,10,4.7732475094677405
3,10,8.06519014665647
3,10,2.5089538522409214
3,10,6.218327783523451
3,10,1.6500000000000001
3,10,5.098757106381929
3,10,1.859343788316173
3,10,4.788255986819827
3,10,1.6500000000000001
3,10,6.417964097100728
3,10,1.6500000000000001
3,10,5.318457057525121
3,10,1.6500000000000001
3,10,5.987499014463969
3,10,5.371678365461439
3,10,1.6500000000000001
3,10,5.378609114278818
3,10,1.6500000000000001
3,10,3.567269909704101
3,10,1.6500000000000001
3,10,4.923133193841672
3,10,1.6500000000000001
3,10,1.6500000000000001
3,10,3.2176545432149433
3,10,1.6500000000000001
3,10,4.031634827757312
3,10,1.6500000000000001
3,10,5.276438313311125
3,10,1.6500000000000001
3,10,3.7167247660964104
3,10,4.754496775853092
3,10,1.6500000000000001
3,10,1.6500000000000001
3,10,3.6514401958666305
3,10,1.6500000000000001
3,10,2.2255314448656622
3,10,2.6366106463121466
3,10,3.0112004451576104
3,10,1.6500000000000001
3,10,2.777212372119004
3,10,4.487246552470461
3,10,6.094733315591334
3,10,1.6500000000000001
3,10,4.548362981307876
3,10,1.6500000000000001
3,11,5.802081033208337
3,11,9.271024129812641
3,11,3.227312535593728
3,11,4.117196213473576
3,11,8.12591313858855
3,11,2.9720321292448935
3,11,1.6500000000000001
3,11,1.6500000000000001
3,11,1.6500000000000001
3,11,2.119536023702049
3,11,1.6500000000000001
3,11,1.6500000000000001
3,11,1.6500000000000001
3,11,1.6500000000000001
3,11,1.6500000000000001
3,11,1.6500000000000001
3,11,4.366780966430389
3,11,4.436036301395374
3,11,1.6500000000000001
3,11,1.9548396869389113
3,11,1.6500000000000001
3,11,3.6546141284416978
3,11,5.982937580504503
3,11,1.6500000000000001
3,11,3.622505336983893
3,11,6.145037644075231
3,11,1.6500000000000001
3,11,1.6500000000000001
3,11,1.6500000000000001
3,11,1.6500000000000001
3,11,1.6500000000000001
3,11,1.6500000000000001
3,11,3.3052348484194933
3,11,4.2971963474549035
3,11,1.6500000000000001
3,11,2.354447387447393
3,11,1.6500000000000001
3,11,1.6500000000000001
3,11,1.6500000000000001
3,11,1.6500000000000001
3,11,3.6662540901414937
3,11,3.664632505440575
3,11,3.8936033443896996
3,11,1.6500000000000001
3,11,1.7515309764889007
3,11,4.577173266594788
3,11,1.6500000000000001
3,11,1.6500000000000001
3,11,4.669946626939492
3,11,5.001048006186999
3,11,1.6500000000000001
3,11,1.6500000000000001
3,11,4.097621516378677
3,11,5.218849924195533
3,11,1.8034718874925426
3,11,1.6500000000000001
3,11,2.907792619098874
3,11,1.9136569493461721
3,11,1.6500000000000001
3,11,1.6500000000000001
3,11,3.04398699268929
3,11,3.0899054870747045
3,12,1.6500000000000001
3,12,1.7829069877761814
3,12,1.6500000000000001
3,12,4.351496873759697
3,12,1.6500000000000001
3,12,1.8886292952796842
3,12,4.193205169668529
3,12,1.6500000000000001
3,12,1.6500000000000001
3,12,8.334542863331244
3,12,3.027002417779099
3,12,5.951256054251008
3,12,1.6500000000000001
3,12,5.607177707421792
3,12,1.6500000000000001
3,12,1.6500000000000001
3,12,1.6500000000000001
3,12,1.6500000000000001
3,12,7.32899429129897
3,12,2.148340577792485
3,12,1.7339500552437361
3,12,6.485216808548955
3,12,2.236782971836065
3,12,4.014102804444999
3,12,4.701557102354955
3,12,6.3042199743846234
3,12,1.6500000000000001
3,12,2.443601771080454
3,12,2.481778952164161
3,12,1.6500000000000001
3,12,4.452640198566394
3,12,1.8502686841773157
3,12,1.6500000000000001
3,12,4.032453389798884
3,12,1.6500000000000001
3,12,1.6500000000000001
3,12,2.6640021309254727
3,12,3.973996241951502
3,12,1.6500000000000001
3,12,1.6500000000000001
3,12,1.6500000000000001
3,12,2.8040155120835144
3,12,4.094529192630818
3,12,1.6500000000000001
3,12,4.1589688507813305
3,12,1.6500000000000001
3,12,4.448228164538874
3,12,5.094394194179217
3,12,4.650653442088919
3,12,3.9764790869303632
3,12,1.6500000000000001
3,12,1.6500000000000001
3,12,4.108299832503893
3,12,1.6500000000000001
3,12,2.637135317540753
3,12,2.2927950357449265
3,12,2.4427689658363185
3,12,1.6500000000000001
3,12,1.6500000000000001
3,12,4.648431621718014
3,12,1.6500000000000001
3,13,2.8579842381944642
3,13,1.6500000000000001
3,13,7.603398836192556
3,13,1.6500000000000001
3,13,1.6500000000000001
3,13,1.6500000000000001
3,13,2.5081088499530426
3,13,3.654171138376482
3,13,2.992301024135651
3,13,1.6500000000000001
3,13,2.1048751243010186
3,13,4.403352516823253
3,13,1.6500000000000001
3,13,4.373051658432711
3,13,1.6500000000000001
3,13,1.6500000000000001
3,13,4.996939428764724
3,13,1.6500000000000001
3,13,1.6500000000000001
3,13,1.6500000000000001
3,13,1.6500000000000001
3,13,3.138071427276109
3,13,1.6500000000000001
3,13,2.049410106015845
3,13,1.6500000000000001
3,13,1.7624847903962495
3,13,4.447253610774121
3,13,3.0782545476921523
3,13,1.6500000000000001
3,13,4.7262677328679
3,13,1.6500000000000001
3,13,3.5360371345452064
3,13,1.6500000000000001
3,13,4.14493384740573
3,13,1.6500000000000001
3,13,2.855984848054256
3,13,6.005332524467997
3,13,1.6500000000000001
3,13,1.6500000000000001
3,13,5.292988996513049
3,13,1.6500000000000001
3,13,1.6500000000000001
3,13,1.6500000000000001
3,13,4.709073034369855
3,13,1.6700657778049175
3,13,1.6500000000000001
3,13,1.6500000000000001
3,13,4.496332661446864
3,13,8.06372648564832
3,13,3.521273967525025
3,13,5.665683247875041
3,13,3.407480099418282
3,13,1.6500000000000001
3,13,1.6500000000000001
3,13,7.9679816545613384
3,13,4.242671061215507
3,13,1.6500000000000001
3,13,4.180119801903914
3,13,8.25805934532772
3,13,1.6500000000000001
3,13,6.952596299714861
3,13,6.0283243032296845
3,12,1.6500000000000001
3,12,7.805629246439522
3,12,1.6500000000000001
3,12,1.6500000000000001
3,12,2.9949513671764683
3,12,2.966624610734722
3,12,1.6500000000000001
3,12,1.6500000000000001
3,12,1.6500000000000001
3,12,7.742994027434182
3,12,1.6500000000000001
3,12,1.6500000000000001
3,12,2.4738894174660073
3,12,3.920183532915374
3,12,1.6500000000000001
3,12,6.135276624514582
3,12,2.243805093745447
3,12,3.1223540096637055
3,12,3.6673080548974726
3,12,2.348193113089476
3,12,3.4314358371561053
3,12,1.6500000000000001
3,12,1.6500000000000001
3,12,4.089143993727522
3,12,1.6500000000000001
3,12,1.6500000000000001
3,12,8.56940224181181
3,12,3.7240948897948902
3,12,1.6500000000000001
3,12,4.355857626911508
3,12,3.0759839212947924
3,12,2.1699007153841263
3,12,1.6500000000000001
3,12,1.6500000000000001
3,12,3.3337064845557056
3,12,4.081629991177776
3,12,2.4430317458963335
3,12,2.306971786754405
3,12,1.6500000000000001
3,12,2.28965830918705
3,12,1.6500000000000001
3,12,4.377665178993764
3,12,4.5181726990429425
3,12,2.0498696375660734
3,12,1.723885920610115
3,12,2.664812112161908
3,12,1.6500000000000001
3,12,5.81980599552403
3,12,1.9835287075304238
3,12,1.6500000000000001
3,12,1.936734881563905
3,12,2.138085244721108
3,12,5.210419022842046
3,12,2.303446924479763
3,12,1.6500000000000001
3,12,2.1259342610402703
3,12,7.274752152049063
3,12,8.89479955099864
3,12,5.123112913136267
3,12,1.6500000000000001
3,12,1.6500000000000001
3,13,4.918521545279807
3,13,1.6500000000000001
3,13,1.6500000000000001
3,13,1.6500000000000001
3,13,1.6500000000000001
3,13,1.6500000000000001
3,13,1.6500000000000001
3,13,1.6500000000000001
3,13,1.6500000000000001
3,13,1.6500000000000001
3,13,3.1278976232874536
3,13,3.21376307503837
3,13,7.100513492511629
3,13,3.1018431400306374
3,13,4.716934586313833
3,13,1.6500000000000001
3,13,1.6500000000000001
3,13,2.741650665617062
3,13,1.6500000000000001
3,13,1.6500000000000001
3,13,1.6500000000000001
3,13,2.169971380962375
3,13,1.6500000000000001
3,13,1.6500000000000001
3,13,3.2624239737000176
3,13,4.8195158049184865
3,13,1.6500000000000001
3,13,1.992020528264949
3,13,3.545620227056804
3,13,1.6500000000000001
3,13,2.0923692363620665
3,13,3.290725021078697
3,13,1.6500000000000001
3,13,4.259858213841067
3,13,1.832688566322546
3,13,3.6314887718361013
3,13,7.3093769131983635
3,13,5.311569244909993
3,13,5.437033269973531
3,13,1.6500000000000001
3,13,2.623394964353714
3,13,1.6500000000000001
3,13,4.481570868522131
3,13,1.6500000000000001
3,13,5.770703359160795
3,13,1.6500000000000001
3,13,1.6500000000000001
3,13,1.6500000000000001
3,13,1.6500000000000001
3,13,1.6500000000000001
3,13,2.616482124630381
3,13,1.6500000000000001
3,13,1.6500000000000001
3,13,1.6500000000000001
3,13,7.916056256550642
3,13,1.6500000000000001
3,13,1.6500000000000001
3,13,4.670327119918759
3,13,2.404975512237846
3,13,2.699776850841246
3,13,1.6500000000000001
3,13,1.6500000000000001
2,13,1.6500000000000001
2,13,1.6500000000000001
2,13,1.6500000000000001
2,13,2.561653020497555
2,13,1.6500000000000001
2,13,4.843474946817153
2,13,3.585868214439774
2,13,1.9985663734573742
2,13,1.6500000000000001
2,13,1.6500000000000001
2,13,1.6500000000000001
2,13,1.6500000000000001
2,13,1.6711501104868263
2,13,1.6500000000000001
2,13,2.8596920840587794
2,13,2.6276349630477354
2,13,5.287529743792071
2,13,2.326014782860279
2,13,5.824650291644795
2,13,1.6500000000000001
2,13,3.3905498528187055
2,13,1.6500000000000001
2,13,5.194621165369214
2,13,3.422618291252824
2,13,2.30751473619363
2,13,1.6500000000000001
2,13,1.6500000000000001
2,13,2.8829736992169184
2,13,1.6500000000000001
2,13,1.6500000000000001
2,13,3.3655526356898005
2,13,1.6500000000000001
2,13,5.405139786828496
2,13,7.135765331242491
2,13,4.697192790262738
2,13,1.6500000000000001
2,13,2.285827748718836
2,13,3.1166235015115817
2,13,1.6500000000000001
2,13,4.363957035719473
2,13,2.994883333536162
2,13,2.1147009134025194
2,13,7.330911458446065
2,13,1.6500000000000001
2,13,1.6500000000000001
2,13,1.6500000000000001
2,13,1.6500000000000001
2,13,3.579310347218827
2,13,5.5391240265710815
2,13,1.6500000000000001
2,13,11.192934721942866
2,13,2.8612063231223046
2,13,2.3719738683852527
2,13,1.6500000000000001
2,13,1.6500000000000001
2,13,1.6500000000000001
2,13,1.6500000000000001
2,13,2.0902809298422778
2,13,1.6500000000000001
2,13,1.6500000000000001
2,13,4.523879498206205
2,13,5.113259120813019
2,14,5.480375581195084
2,14,1.6500000000000001
2,14,1.6500000000000001
2,14,1.6500000000000001
2,14,1.6500000000000001
2,14,1.6500000000000001
2,14,1.6500000000000001
2,14,1.6500000000000001
2,14,2.8703476338512486
2,14,1.6500000000000001
2,14,3.345249895458367
2,14,1.6500000000000001
2,14,1.7857775985978108
2,14,1.929442838263569
2,14,1.6500000000000001
2,14,1.959312678309482
2,14,1.6500000000000001
2,14,6.3051865182283215
2,14,1.6500000000000001
2,14,1.6500000000000001
2,14,1.6500000000000001
2,14,2.1774953657461706
2,14,1.693268342312561
2,14,1.891247885107722
2,14,1.6500000000000001
2,14,1.6500000000000001
2,14,1.6500000000000001
2,14,5.53371981908917
2,14,1.6500000000000001
2,14,1.6500000000000001
2,14,1.6500000000000001
2,14,5.830171706956977
2,14,3.7518950401584865
2,14,1.6500000000000001
2,14,1.6500000000000001
2,14,1.6500000000000001
2,14,1.6500000000000001
2,14,3.4346905937660708
2,14,1.6500000000000001
2,14,7.387019952241103
2,14,4.412033917214136
2,14,1.6500000000000001
2,14,1.6500000000000001
2,14,1.6500000000000001
2,14,2.0874402250871227
2,14,1.6500000000000001
2,14,1.6500000000000001
2,14,1.6500000000000001
2,14,2.015301222663964
2,14,1.6500000000000001
2,14,5.081120843747787
2,14,1.6500000000000001
2,14,1.6500000000000001
2,14,9.687021827329652
2,14,3.8859582258414003
2,14,1.6500000000000001
2,14,1.6500000000000001
2,14,1.6500000000000001
2,14,1.6500000000000001
2,14,1.6500000000000001
2,14,3.454135756094988
2,15,1.6500000000000001
2,15,3.496741520803845
2,15,1.6500000000000001
2,15,1.6500000000000001
2,15,1.6500000000000001
2,15,1.6500000000000001
2,15,1.6500000000000001
2,15,3.4095438444767767
2,15,10.37380402816843
2,15,1.6500000000000001
2,15,1.6500000000000001
2,15,1.6500000000000001
2,15,1.6500000000000001
2,15,1.6500000000000001
2,15,1.6500000000000001
2,15,1.6500000000000001
2,15,1.6500000000000001
2,15,1.6500000000000001
2,15,1.6500000000000001
2,15,2.89113435789497
2,15,2.1792986133392263
2,15,1.6500000000000001
2,15,3.216975208576081
2,15,1.6500000000000001
2,15,1.6500000000000001
2,15,1.6500000000000001
2,15,1.6500000000000001
2,15,1.6500000000000001
2,15,6.263089728865106
2,15,1.6500000000000001
2,15,2.173279974164447
2,15,2.5895947809508497
2,15,3.114731380919049
2,15,1.6500000000000001
2,15,1.6500000000000001
2,15,1.6500000000000001
2,15,1.6500000000000001
2,15,1.6500000000000001
2,15,1.6500000000000001
2,15,3.810167217479162
2,15,1.6500000000000001
2,15,2.1142526028707618
2,15,1.6500000000000001
2,15,2.275226539725913
2,15,2.466092380162685
2,15,1.9380634568819644
2,15,1.6500000000000001
2,15,1.6500000000000001
2,15,1.9322466687514581
2,15,6.555969386907486
2,15,1.6500000000000001
2,15,2.1230866935137502
2,15,1.8673489086805513
2,15,4.433867162507029
2,15,1.6500000000000001
2,15,1.6500000000000001
2,15,5.928840729722176
2,15,1.6500000000000001
2,15,3.110214497849101
2,15,2.5869922673697676
2,15,1.6500000000000001
2,15,1.6500000000000001
1,15,1.6500000000000001
1,15,6.127854124859136
1,15,1.6500000000000001
1,15,1.6500000000000001
1,15,1.6500000000000001
1,15,1.6500000000000001
1,15,4.315898947152165
1,15,1.6500000000000001
1,15,1.6500000000000001
1,15,2.886979234514236
1,15,1.6770645074704373
1,15,5.041164832266415
1,15,1.7721954941172298
1,15,4.896073516347737
1,15,2.4794629046575336
1,15,1.6500000000000001
1,15,2.5471852234308963
1,15,1.6500000000000001
1,15,1.6500000000000001
1,15,1.6500000000000001
1,15,2.8241908878484328
1,15,1.6500000000000001
1,15,4.101176787901018
1,15,2.172081745762057
1,15,4.86694868330957
1,15,1.6500000000000001
1,15,1.6500000000000001
1,15,1.6500000000000001
1,15,1.6500000000000001
1,15,1.6500000000000001
1,15,1.79505495357374
1,15,5.477473985766193
1,15,1.6500000000000001
1,15,1.6500000000000001
1,15,1.6500000000000001
1,15,5.469742658313784
1,15,2.67010433958657
1,15,1.6500000000000001
1,15,1.6500000000000001
1,15,1.6500000000000001
1,15,1.6500000000000001
1,15,5.659323737350508
1,15,1.6500000000000001
1,15,1.6500000000000001
1,15,1.6500000000000001
1,15,1.6500000000000001
1,15,3.924221890277135
1,15,2.7304115832008566
1,15,2.847607462769271
1,15,4.414588042801235
1,15,2.6343685819313762
1,15,2.105845179317511
1,15,1.6500000000000001
1,15,3.6397163946904603
1,15,2.9596478103553405
1,15,7.698414364392762
1,15,2.3555298982493778
1,15,1.6500000000000001
1,15,3.6405826807706445
1,15,1.6500000000000001
1,15,2.9871937086248215
1,16,1.6500000000000001
1,16,1.6500000000000001
1,16,1.6500000000000001
1,16,5.5528745398284265
1,16,2.2747061647371005
1,16,1.6500000000000001
1,16,1.6500000000000001
1,16,1.6500000000000001
1,16,1.6500000000000001
1,16,1.988776846375384
1,16,3.3891961567325515
1,16,1.6500000000000001
1,16,2.6922445637532144
1,16,1.6500000000000001
1,16,4.356238895580336
1,16,1.6500000000000001
1,16,1.6500000000000001
1,16,2.850172807129918
1,16,1.6500000000000001
1,16,1.6500000000000001
1,16,1.6500000000000001
1,16,5.008567789372645
1,16,7.111895583830577
1,16,1.6500000000000001
1,16,1.6500000000000001
1,16,1.6500000000000001
1,16,2.9981440093286884
1,16,4.134859151598329
1,16,1.6500000000000001
1,16,1.6500000000000001
1,16,6.190144960290172
1,16,1.6500000000000001
1,16,1.6500000000000001
1,16,1.6500000000000001
1,16,4.317095780675574
1,16,1.6500000000000001
1,16,2.9823744422865244
1,16,1.6500000000000001
1,16,1.6500000000000001
1,16,4.0617859189175585
1,16,1.6500000000000001
1,16,1.6500000000000001
1,16,4.6600702681942305
1,16,1.6500000000000001
1,16,3.36531013264408
1,16,1.6500000000000001
1,16,1.6500000000000001
1,16,1.6500000000000001
1,16,4.958933510358459
1,16,3.2104654257039194
1,16,1.6500000000000001
1,16,1.6500000000000001
1,16,1.6500000000000001
1,16,2.1141095068609213
1,16,1.6500000000000001
1,16,2.903872142676872
1,16,1.6500000000000001
1,16,2.1588558888533678
1,16,1.6500000000000001
1,16,1.6500000000000001
1,16,2.3878599124515167
1,16,1.6500000000000001
1,17,1.6500000000000001
1,17,3.0537100825988435
1,17,3.489776112300004
1,17,4.898024867797659
1,17,1.6500000000000001
1,17,4.21980582939103
1,17,3.573194339404462
1,17,2.547222461684659
1,17,1.6500000000000001
1,17,4.557746882897121
1,17,2.518890624080165
1,17,1.6500000000000001
1,17,4.550243160241849
1,17,3.6709663386464517
1,17,1.6500000000000001
1,17,4.80158110477415
1,17,1.6500000000000001
1,17,3.4765176011152987
1,17,1.6500000000000001
1,17,3.6455155236354475
1,17,1.6500000000000001
1,17,3.161800319608731
1,17,1.6500000000000001
1,17,1.6500000000000001
1,17,1.6500000000000001
1,17,1.6500000000000001
1,17,1.6500000000000001
1,17,3.1480403396350582
1,17,4.117796456593501
1,17,1.8214600563531633
1,17,3.1625714931072144
1,17,1.6500000000000001
1,17,1.6500000000000001
1,17,1.6500000000000001
1,17,1.6500000000000001
1,17,1.6500000000000001
1,17,1.6500000000000001
1,17,1.6500000000000001
1,17,5.586054739265637
1,17,1.6500000000000001
1,17,2.6670825136898184
1,17,3.1946588660946844
1,17,6.58252626114863
1,17,3.0092668088970718
1,17,1.6500000000000001
1,17,2.1361194099480505
1,17,1.6500000000000001
1,17,1.6500000000000001
1,17,1.6500000000000001
1,17,1.6500000000000001
1,17,1.6500000000000001
1,17,1.6500000000000001
1,17,1.6500000000000001
1,17,1.6500000000000001
1,17,1.6500000000000001
1,17,1.6500000000000001
1,17,1.6500000000000001
1,17,4.465031323819581
1,17,1.6500000000000001
1,17,1.6500000000000001
1,17,5.7646264107607665
1,17,1.6500000000000001
0,17,1.6500000000000001
0,17,2.5595219152089856
0,17,3.555793896372195
0,17,1.6500000000000001
0,17,1.6500000000000001
0,17,1.6500000000000001
0,17,1.6500000000000001
0,17,3.8098274863094215
0,17,1.6500000000000001
0,17,2.0571679994982666
0,17,1.6500000000000001
0,17,1.80725620875844
0,17,4.536018585425479
0,17,5.023861966763564
0,17,5.359283302415015
0,17,1.6500000000000001
0,17,1.6500000000000001
0,17,3.040382384660813
0,17,1.6500000000000001
0,17,4.366102591984773
0,17,1.6500000000000001
0,17,7.188702604340265
0,17,4.413080339238233
0,17,2.8198079246705
0,17,1.6500000000000001
0,17,1.6500000000000001
0,17,5.289682283664763
0,17,3.194178554451485
0,17,1.6500000000000001
0,17,1.6500000000000001
0,17,1.6500000000000001
0,17,4.668164144023621
0,17,1.6500000000000001
0,17,1.8057082022495172
0,17,1.6500000000000001
0,17,1.6500000000000001
0,17,1.6500000000000001
0,17,4.796022602766152
0,17,1.6500000000000001
0,17,5.6051296731861004
0,17,1.6500000000000001
0,17,2.5995912473569445
0,17,1.6500000000000001
0,17,1.6500000000000001
0,17,1.6500000000000001
0,17,1.922262228813972
0,17,1.6500000000000001
0,17,1.6500000000000001
0,17,5.035945767532553
0,17,1.6500000000000001
0,17,1.6500000000000001
0,17,1.6500000000000001
0,17,1.6500000000000001
0,17,4.19426674062985
0,17,5.388751100964739
0,17,1.6500000000000001
0,17,1.9520445712587144
0,17,1.6500000000000001
0,17,1.6500000000000001
0,17,1.6500000000000001
0,17,2.6550220853108657
0,18,1.6500000000000001
0,18,1.6500000000000001
0,18,1.6500000000000001
0,18,1.6500000000000001
0,18,1.6500000000000001
0,18,1.9157243414784952
0,18,1.6500000000000001
0,18,1.6500000000000001
0,18,1.7645364474039422
0,18,2.2267461621596505
0,18,4.678190354310498
0,18,1.6500000000000001
0,18,1.6500000000000001
0,18,1.6500000000000001
0,18,1.6500000000000001
0,18,1.6500000000000001
0,18,1.6500000000000001
0,18,1.6557816102124874
0,18,1.6500000000000001
0,18,1.6500000000000001
0,18,1.6500000000000001
0,18,4.267787738205181
0,18,4.438556131203725
0,18,1.6500000000000001
0,18,1.6500000000000001
0,18,1.6500000000000001
0,18,3.326887236934967
0,18,4.524393285702083
0,18,1.6500000000000001
0,18,6.033461190396265
0,18,1.6500000000000001
0,18,1.9114429567329978
0,18,3.19006823772827
0,18,1.659770966944023
0,18,5.692581241362137
0,18,1.6500000000000001
0,18,1.6500000000000001
0,18,1.9328062673792081
0,18,1.6500000000000001
0,18,3.879287912800783
0,18,1.6500000000000001
0,18,1.6500000000000001
0,18,2.373064345534235
0,18,5.20395211795213
0,18,2.015056216063046
0,18,1.6500000000000001
0,18,1.6500000000000001
0,18,1.6500000000000001
0,18,3.6898735591174847
0,18,1.6500000000000001
0,18,1.7139437144741188
0,18,1.6500000000000001
0,18,1.6500000000000001
0,18,1.6500000000000001
0,18,1.6500000000000001
0,18,1.6500000000000001
0,18,2.982192531667238
0,18,3.3356916495891795
0,18,1.6500000000000001
0,18,1.6500000000000001
0,18,7.528554090469138
0,18,2.4733360654399443
0,19,1.6500000000000001
0,19,1.6500000000000001
0,19,1.6500000000000001
0,19,1.6500000000000001
0,19,1.7208541440452432
0,19,1.6500000000000001
0,19,1.6500000000000001
0,19,1.6500000000000001
0,19,1.6500000000000001
0,19,1.726963653149992
0,19,1.6500000000000001
0,19,1.6500000000000001
0,19,1.6500000000000001
0,19,1.6500000000000001
0,19,1.6500000000000001
0,19,1.6500000000000001
0,19,2.859834089292147
0,19,1.6500000000000001
0,19,1.6500000000000001
0,19,1.6500000000000001
0,19,1.6500000000000001
0,19,2.770666319566799
0,19,6.070280952847912
0,19,1.6500000000000001
0,19,4.6597806776396595
0,19,1.6500000000000001
0,19,1.6500000000000001
0,19,1.6500000000000001
0,19,3.6611014794704615
0,19,3.267305784948275
0,19,1.6500000000000001
0,19,1.6500000000000001
0,19,1.6500000000000001
0,19,1.6500000000000001
0,19,3.1487020522845754
0,19,1.6500000000000001
0,19,1.6500000000000001
0,19,1.6500000000000001
0,19,1.6500000000000001
0,19,1.975366526074878
0,19,6.25297104916078
0,19,1.6500000000000001
0,19,1.6500000000000001
0,19,1.6500000000000001
0,19,5.099983244054683
0,19,1.6500000000000001
0,19,3.1596563729349914
0,19,1.6500000000000001
0,19,1.6500000000000001
0,19,1.6500000000000001
0,19,1.6500000000000001
0,19,1.6500000000000001
0,19,1.6500000000000001
0,19,1.6500000000000001
0,19,1.6500000000000001
0,19,1.6500000000000001
0,19,2.0916316543323266
0,19,1.6500000000000001
0,19,1.6500000000000001
0,19,1.6500000000000001
0,19,1.6716638271356359
0,18,1.6500000000000001
0,18,1.6500000000000001
0,18,1.6500000000000001
0,18,1.7083396077160433
0,18,1.6500000000000001
0,18,2.2570351147034713
0,18,1.6500000000000001
0,18,1.6500000000000001
0,18,1.6500000000000001
0,18,1.6500000000000001
0,18,1.6500000000000001
0,18,1.6500000000000001
0,18,1.6500000000000001
0,18,1.9009308596986632
0,18,1.6500000000000001
0,18,1.697916192542249
0,18,1.6500000000000001
0,18,6.145337320410115
0,18,4.756555959563201
0,18,2.147037207344951
0,18,1.6500000000000001
0,18,1.6500000000000001
0,18,1.7642612516316145
0,18,1.6500000000000001
0,18,2.863888199504941
0,18,1.6500000000000001
0,18,3.054111811512451
0,18,1.6500000000000001
0,18,2.3777345650516133
0,18,1.6500000000000001
0,18,6.750006521705217
0,18,1.6500000000000001
0,18,1.6500000000000001
0,18,1.6500000000000001
0,18,1.6500000000000001
0,18,1.6500000000000001
0,18,1.6500000000000001
0,18,2.5816567483607407
0,18,1.6500000000000001
0,18,2.52619410671047
0,18,1.6500000000000001
0,18,1.6500000000000001
0,18,2.784827271495641
0,18,1.6500000000000001
0,18,5.225595128889468
0,18,1.6500000000000001
0,18,1.6500000000000001
0,18,2.047680135619452
0,18,1.6500000000000001
0,18,1.6500000000000001
0,18,2.3142479784329915
0,18,6.43530153539086
0,18,4.251933026877881
0,18,1.6500000000000001
0,18,1.6500000000000001
0,18,3.271329728249733
0,18,1.6500000000000001
0,18,1.6500000000000001
0,18,1.6500000000000001
0,18,2.254356470032645
0,18,1.6500000000000001
0,18,1.6500000000000001
0,19,1.6500000000000001
0,19,1.6500000000000001
0,19,1.6500000000000001
0,19,1.6500000000000001
0,19,1.6500000000000001
0,19,1.6500000000000001
0,19,1.6500000000000001
0,19,1.6500000000000001
0,19,1.6500000000000001
0,19,1.6500000000000001
0,19,1.6500000000000001
0,19,3.297248691654959
0,19,3.3460955066881755
0,19,3.796898752481213
0,19,2.582780968952791
0,19,1.6500000000000001
0,19,1.6500000000000001
0,19,1.6500000000000001
0,19,1.6500000000000001
0,19,1.6500000000000001
0,19,5.52191796906098
0,19,3.8276464794367877
0,19,1.6500000000000001
0,19,2.087781678124267
0,19,1.6500000000000001
0,19,2.4805058743286623
0,19,2.6017719586199757
0,19,1.6500000000000001
0,19,1.6500000000000001
0,19,1.6500000000000001
0,19,1.6500000000000001
0,19,3.707923385451739
0,19,1.6500000000000001
0,19,1.6500000000000001
0,19,1.6500000000000001
0,19,3.481844276408964
0,19,2.5860213575301088
0,19,1.7969233313545456
0,19,1.6500000000000001
0,19,1.6500000000000001
0,19,1.6500000000000001
0,19,1.6500000000000001
0,19,1.6500000000000001
0,19,1.6500000000000001
0,19,1.6500000000000001
0,19,1.6500000000000001
0,19,1.6500000000000001
0,19,1.6500000000000001
0,19,1.6500000000000001
0,19,2.5618778345360838
0,19,1.6500000000000001
0,19,1.6500000000000001
0,19,1.6500000000000001
0,19,1.6500000000000001
0,19,1.6500000000000001
0,19,3.0574964167825662
0,19,1.6500000000000001
0,19,4.728200789798113
0,19,1.6500000000000001
0,19,1.6500000000000001
0,19,2.1008384619530958
0,19,1.6500000000000001
0,20,1.6500000000000001
0,20,1.6500000000000001
0,20,1.6500000000000001
0,20,1.6500000000000001
0,20,1.6500000000000001
0,20,1.6500000000000001
0,20,1.6500000000000001
0,20,1.6500000000000001
0,20,1.6500000000000001
0,20,1.6500000000000001
0,20,1.6500000000000001
0,20,3.045845339339558
0,20,1.6500000000000001
0,20,1.6500000000000001
0,20,1.6500000000000001
0,20,1.6500000000000001
0,20,1.6500000000000001
0,20,1.6500000000000001
0,20,1.6500000000000001
0,20,1.6500000000000001
0,20,1.6500000000000001
0,20,1.8132372006056685
0,20,1.6500000000000001
0,20,1.6500000000000001
0,20,1.6500000000000001
0,20,1.6500000000000001
0,20,1.6500000000000001
0,20,2.869063847639083
0,20,1.6500000000000001
0,20,2.7822205851090653
0,20,1.6500000000000001
0,20,1.6500000000000001
0,20,1.6500000000000001
0,20,1.6500000000000001
0,20,2.753612711857509
0,20,1.6500000000000001
0,20,1.6500000000000001
0,20,4.187138437746659
0,20,1.7352755413886096
0,20,1.6500000000000001
0,20,1.6500000000000001
0,20,1.6500000000000001
0,20,1.6500000000000001
0,20,1.6500000000000001
0,20,3.8909168849019666
0,20,3.0512653956028086
0,20,1.6500000000000001
0,20,1.6500000000000001
0,20,3.281924225719206
0,20,1.6500000000000001
0,20,1.6500000000000001
0,20,1.6500000000000001
0,20,4.745625062067781
0,20,1.6500000000000001
0,20,1.6500000000000001
0,20,1.6500000000000001
0,20,1.6500000000000001
0,20,2.8639187937888497
0,20,1.6500000000000001
0,20,5.502618736731387
0,20,1.9226038652150592
0,19,1.6500000000000001
0,19,1.6500000000000001
0,19,1.6500000000000001
0,19,1.6500000000000001
0,19,1.6500000000000001
0,19,5.3382773978612645
0,19,1.6500000000000001
0,19,1.732117529803928
0,19,1.6500000000000001
0,19,1.6500000000000001
0,19,1.6500000000000001
0,19,4.026091500589438
0,19,1.6500000000000001
0,19,1.6500000000000001
0,19,1.6500000000000001
0,19,1.6500000000000001
0,19,1.6500000000000001
0,19,1.6500000000000001
0,19,1.6500000000000001
0,19,2.444324451454553
0,19,1.6500000000000001
0,19,1.6500000000000001
0,19,1.6500000000000001
0,19,1.6500000000000001
0,19,1.6500000000000001
0,19,1.6936199155416065
0,19,7.582187416192731
0,19,1.6500000000000001
0,19,2.477106132756834
0,19,1.6500000000000001
0,19,1.6500000000000001
0,19,1.9536711925594954
0,19,4.210822448470306
0,19,1.6500000000000001
0,19,1.6500000000000001
0,19,2.7529788435136853
0,19,1.6500000000000001
0,19,1.6500000000000001
0,19,1.6500000000000001
0,19,2.161593657721647
0,19,2.1345043201506537
0,19,1.6500000000000001
0,19,2.8820950103178453
0,19,1.6500000000000001
0,19,1.6500000000000001
0,19,1.6500000000000001
0,19,3.9058400996986684
0,19,2.378102229994236
0,19,1.6500000000000001
0,19,1.6500000000000001
0,19,1.6500000000000001
0,19,1.6500000000000001
0,19,1.6500000000000001
0,19,1.6500000000000001
0,19,1.6500000000000001
0,19,1.6500000000000001
0,19,1.6500000000000001
0,19,1.6500000000000001
0,19,1.6500000000000001
0,19,1.7179450631573498
0,19,1.6500000000000001
0,19,1.6500000000000001
-1,19,1.6500000000000001
-1,19,4.584377756696322
-1,19,1.6500000000000001
-1,19,1.6500000000000001
-1,19,1.6500000000000001
-1,19,1.6500000000000001
-1,19,1.6500000000000001
-1,19,1.6500000000000001
-1,19,1.6500000000000001
-1,19,3.6095195700513227
-1,19,2.0344187170722563
-1,19,1.6500000000000001
-1,19,1.6500000000000001
-1,19,1.6500000000000001
-1,19,1.6500000000000001
-1,19,1.6500000000000001
-1,19,1.6500000000000001
-1,19,1.8292598566440255
-1,19,2.2904259194357413
-1,19,2.7516741546729557
-1,19,1.7969218225902468
-1,19,2.9715376145521044
-1,19,1.6500000000000001
-1,19,3.3886776239709517
-1,19,1.6500000000000001
-1,19,1.6500000000000001
-1,19,2.7023086784262422
-1,19,4.225874505928624
-1,19,1.6500000000000001
-1,19,3.770686602685664
-1,19,2.6003700041315905
-1,19,2.0770464341029182
-1,19,1.6500000000000001
-1,19,1.6500000000000001
-1,19,3.18288281090961
-1,19,1.7271745519341026
-1,19,1.6500000000000001
-1,19,3.4461149221701026
-1,19,1.6500000000000001
-1,19,1.6500000000000001
-1,19,2.14675212815476
-1,19,1.6500000000000001
-1,19,1.6500000000000001
-1,19,1.6500000000000001
-1,19,1.6500000000000001
-1,19,1.6500000000000001
-1,19,3.7183637753883314
-1,19,6.023457298667105
-1,19,1.6500000000000001
-1,19,2.795798367684149
-1,19,1.6500000000000001
-1,19,1.6500000000000001
-1,19,1.6500000000000001
-1,19,1.7077664397148276
-1,19,1.6500000000000001
-1,19,4.328201544218274
-1,19,1.6500000000000001
-1,19,4.664097005362942
-1,19,2.7764449512806575
-1,19,1.6500000000000001
-1,19,2.290594253111779
-2,19,1.6500000000000001
-2,19,1.6500000000000001
-2,19,1.6500000000000001
-2,19,1.6500000000000001
-2,19,3.593083878106217
-2,19,1.6500000000000001
-2,19,1.6500000000000001
-2,19,1.6500000000000001
-2,19,1.6500000000000001
-2,19,1.6500000000000001
-2,19,1.6500000000000001
-2,19,1.6500000000000001
-2,19,1.6500000000000001
-2,19,2.0002185381036663
-2,19,3.3030602899984594
-2,19,1.6500000000000001
-2,19,1.6500000000000001
-2,19,1.6500000000000001
-2,19,1.6500000000000001
-2,19,2.0412781197994434
-2,19,1.6500000000000001
-2,19,1.9267836902014672
-2,19,1.6500000000000001
-2,19,1.6500000000000001
-2,19,1.6500000000000001
-2,19,1.6500000000000001
-2,19,1.6500000000000001
-2,19,1.6500000000000001
-2,19,1.6500000000000001
-2,19,1.6500000000000001
-2,19,1.6500000000000001
-2,19,1.6500000000000001
-2,19,1.7614995305320762
-2,19,1.6500000000000001
-2,19,1.6500000000000001
-2,19,1.6500000000000001
-2,19,4.527204648137251
-2,19,1.6500000000000001
-2,19,1.6500000000000001
-2,19,1.6500000000000001
-2,19,1.6500000000000001
-2,19,4.3329470322076435
-2,19,1.6500000000000001
-2,19,1.6500000000000001
-2,19,1.6500000000000001
-2,19,1.6500000000000001
-2,19,1.6500000000000001
-2,19,1.6500000000000001
-2,19,1.6500000000000001
-2,19,1.6500000000000001
-2,19,2.510026301284448
-2,19,2.685289390016251
-2,19,1.6500000000000001
-2,19,3.333504321622363
-2,19,1.6500000000000001
-2,19,1.6500000000000001
-2,19,1.6500000000000001
-2,19,1.6500000000000001
-2,19,1.6500000000000001
-2,19,1.6500000000000001
-2,19,1.6500000000000001
-2,19,1.6500000000000001
-3,19,2.220053342779313
-3,19,1.6500000000000001
-3,19,1.6500000000000001
-3,19,4.254878413289117
-3,19,1.6500000000000001
-3,19,1.6500000000000001
-3,19,4.412144844966581
-3,19,1.6500000000000001
-3,19,1.6500000000000001
-3,19,1.6500000000000001
-3,19,1.6500000000000001
-3,19,1.6500000000000001
-3,19,1.6500000000000001
-3,19,1.6500000000000001
-3,19,1.6500000000000001
-3,19,3.9268121990662417
-3,19,1.6500000000000001
-3,19,1.6500000000000001
-3,19,1.6500000000000001
-3,19,1.6500000000000001
-3,19,1.6500000000000001
-3,19,1.6500000000000001
-3,19,1.6500000000000001
-3,19,1.6500000000000001
-3,19,1.6500000000000001
-3,19,3.8490138854076523
-3,19,1.6500000000000001
-3,19,1.6500000000000001
-3,19,1.6500000000000001
-3,19,1.6500000000000001
-3,19,1.6500000000000001
-3,19,1.6500000000000001
-3,19,1.6500000000000001
-3,19,2.301344196679675
-3,19,1.6500000000000001
-3,19,2.6225476051326173
-3,19,1.6500000000000001
-3,19,6.107071862609328
-3,19,2.8462003007032295
-3,19,1.6500000000000001
-3,19,2.301129288551195
-3,19,1.6500000000000001
-3,19,1.6500000000000001
-3,19,1.6500000000000001
-3,19,1.6500000000000001
-3,19,1.6500000000000001
-3,19,3.8225385903288105
-3,19,1.6500000000000001
-3,19,2.2431197401973475
-3,19,1.6500000000000001
-3,19,4.50154628697006
-3,19,1.6500000000000001
-3,19,3.9965706543598074
-3,19,1.6500000000000001
-3,19,1.6500000000000001
-3,19,1.6500000000000001
-3,19,2.205797446538968
-3,19,1.6500000000000001
-3,19,1.6500000000000001
-3,19,1.6500000000000001
-3,19,1.6500000000000001
-3,19,1.6500000000000001
-3,18,1.6500000000000001
-3,18,1.6500000000000001
-3,18,4.156002858422996
-3,18,4.1532065860970215
-3,18,2.365058470369278
-3,18,1.6500000000000001
-3,18,1.6500000000000001
-3,18,1.6500000000000001
-3,18,1.6500000000000001
-3,18,1.6500000000000001
-3,18,3.0056663433804527
-3,18,1.6500000000000001
-3,18,2.7269084610860324
-3,18,1.6500000000000001
-3,18,1.6500000000000001
-3,18,1.6500000000000001
-3,18,1.6500000000000001
-3,18,1.6500000000000001
-3,18,5.604184480582996
-3,18,1.6500000000000001
-3,18,1.6500000000000001
-3,18,1.6500000000000001
-3,18,3.979259219233606
-3,18,1.6500000000000001
-3,18,4.363096623286035
-3,18,1.6500000000000001
-3,18,1.6500000000000001
-3,18,1.6500000000000001
-3,18,1.6500000000000001
-3,18,2.8930916426204294
-3,18,1.6500000000000001
-3,18,3.7538958568123886
-3,18,1.6500000000000001
-3,18,3.1603965366867017
-3,18,1.6500000000000001
-3,18,1.6500000000000001
-3,18,1.6500000000000001
-3,18,1.6500000000000001
-3,18,3.6902803398213835
-3,18,1.6500000000000001
-3,18,1.9696267626219288
-3,18,2.462084217855501
-3,18,1.6500000000000001
-3,18,6.8163019757962475
-3,18,1.9641057054175532
-3,18,1.6500000000000001
-3,18,1.6500000000000001
-3,18,1.6500000000000001
-3,18,1.6500000000000001
-3,18,1.6500000000000001
-3,18,1.6500000000000001
-3,18,4.802136211721096
-3,18,1.6500000000000001
-3,18,1.6500000000000001
-3,18,5.25969147127892
-3,18,1.6500000000000001
-3,18,1.9088244816991733
-3,18,1.6500000000000001
-3,18,1.6500000000000001
-3,18,1.6500000000000001
-3,18,1.6500000000000001
-3,19,1.6500000000000001
-3,19,1.6500000000000001
-3,19,1.6500000000000001
-3,19,1.8095157965032769
-3,19,1.6500000000000001
-3,19,1.6500000000000001
-3,19,1.6500000000000001
-3,19,1.6500000000000001
-3,19,1.6500000000000001
-3,19,1.6500000000000001
-3,19,1.6500000000000001
-3,19,1.6500000000000001
-3,19,1.6500000000000001
-3,19,1.6500000000000001
-3,19,1.6500000000000001
-3,19,1.6500000000000001
-3,19,1.6500000000000001
-3,19,1.6500000000000001
-3,19,1.6500000000000001
-3,19,5.011116822120016
-3,19,1.6695539615513306
-3,19,5.022396389665738
-3,19,1.6500000000000001
-3,19,1.6500000000000001
-3,19,1.6500000000000001
-3,19,3.6700279680366945
-3,19,1.6500000000000001
-3,19,1.6500000000000001
-3,19,1.6500000000000001
-3,19,1.6500000000000001
-3,19,4.284963165286962
-3,19,1.6500000000000001
-3,19,1.6500000000000001
-3,19,1.6500000000000001
-3,19,1.6500000000000001
-3,19,4.476980274005303
-3,19,3.654225932720334
-3,19,1.6500000000000001
-3,19,1.6500000000000001
-3,19,1.6500000000000001
-3,19,1.6500000000000001
-3,19,1.6500000000000001
-3,19,1.6500000000000001
-3,19,1.6500000000000001
-3,19,1.6500000000000001
-3,19,1.6500000000000001
-3,19,1.6500000000000001
-3,19,1.6500000000000001
-3,19,1.6500000000000001
-3,19,1.6500000000000001
-3,19,1.6500000000000001
-3,19,2.0915885962389686
-3,19,1.6500000000000001
-3,19,1.6500000000000001
-3,19,1.6500000000000001
-3,19,4.091889210626708
-3,19,1.6500000000000001
-3,19,2.6651430513237067
-3,19,1.6500000000000001
-3,19,1.6500000000000001
-3,19,1.6500000000000001
-3,19,1.6500000000000001
-3,18,1.6500000000000001
-3,18,1.6500000000000001
-3,18,1.6500000000000001
-3,18,1.6500000000000001
-3,18,1.6500000000000001
-3,18,1.6500000000000001
-3,18,1.6500000000000001
-3,18,1.6500000000000001
-3,18,2.1162167129679013
-3,18,1.6500000000000001
-3,18,1.6500000000000001
-3,18,1.9677849576221327
-3,18,1.6500000000000001
-3,18,1.6500000000000001
-3,18,4.436864999085657
-3,18,1.6500000000000001
-3,18,2.040482784258439
-3,18,1.6500000000000001
-3,18,1.6500000000000001
-3,18,1.6500000000000001
-3,18,1.6500000000000001
-3,18,3.1391084716910753
-3,18,1.6500000000000001
-3,18,1.6500000000000001
-3,18,1.6500000000000001
-3,18,2.708522845931113
-3,18,1.6500000000000001
-3,18,1.6500000000000001
-3,18,4.412813071492511
-3,18,2.1920952527771544
-3,18,1.6500000000000001
-3,18,4.209811591236275
-3,18,1.6500000000000001
-3,18,1.6500000000000001
-3,18,1.6500000000000001
-3,18,1.6500000000000001
-3,18,1.6500000000000001
-3,18,1.6500000000000001
-3,18,1.6500000000000001
-3,18,1.6500000000000001
-3,18,1.6500000000000001
-3,18,1.6500000000000001
-3,18,1.6500000000000001
-3,18,1.6500000000000001
-3,18,3.4676019869393064
-3,18,2.4893397532507167
-3,18,1.6500000000000001
-3,18,1.6500000000000001
-3,18,1.6500000000000001
-3,18,1.6500000000000001
-3,18,1.6500000000000001
-3,18,1.6500000000000001
-3,18,1.6500000000000001
-3,18,1.6500000000000001
-3,18,1.6500000000000001
-3,18,1.6500000000000001
-3,18,1.6500000000000001
-3,18,1.6500000000000001
-3,18,1.6500000000000001
-3,18,2.7119832131057895
-3,18,1.6500000000000001
-4,18,1.6500000000000001
-4,18,1.6500000000000001
-4,18,1.6500000000000001
-4,18,1.6500000000000001
-4,18,2.5235404083982975
-4,18,1.6500000000000001
-4,18,1.6500000000000001
-4,18,1.6500000000000001
-4,18,1.6500000000000001
-4,18,2.624615934119898
-4,18,3.9427671904437327
-4,18,1.6500000000000001
-4,18,1.6500000000000001
-4,18,1.6500000000000001
-4,18,1.6500000000000001
-4,18,1.6500000000000001
-4,18,1.6500000000000001
-4,18,3.6351290260312044
-4,18,1.6500000000000001
-4,18,1.6500000000000001
-4,18,1.6500000000000001
-4,18,1.6500000000000001
-4,18,6.23350723178068
-4,18,1.6500000000000001
-4,18,1.6500000000000001
-4,18,3.135753230072485
-4,18,1.6500000000000001
-4,18,1.6500000000000001
-4,18,1.6500000000000001
-4,18,1.6500000000000001
-4,18,1.6500000000000001
-4,18,1.6500000000000001
-4,18,3.6192012872583126
-4,18,1.6500000000000001
-4,18,1.9240211674143095
-4,18,1.6500000000000001
-4,18,1.6500000000000001
-4,18,1.6500000000000001
-4,18,2.05673396828465
-4,18,1.6500000000000001
-4,18,1.6500000000000001
-4,18,3.160106400701669
-4,18,1.6500000000000001
-4,18,1.6500000000000001
-4,18,1.6500000000000001
-4,18,2.1194432229102853
-4,18,1.6500000000000001
-4,18,1.6500000000000001
-4,18,1.7102017169984847
-4,18,4.120421638959698
-4,18,1.6500000000000001
-4,18,1.6500000000000001
-4,18,1.6500000000000001
-4,18,4.431844087023576
-4,18,1.6500000000000001
-4,18,1.6500000000000001
-4,18,1.6500000000000001
-4,18,1.6500000000000001
-4,18,1.6500000000000001
-4,18,1.6500000000000001
-4,18,1.6500000000000001
-4,18,4.222384485940061
-4,17,1.6500000000000001
-4,17,1.6500000000000001
-4,17,1.6500000000000001
-4,17,1.6500000000000001
-4,17,1.6500000000000001
-4,17,1.6500000000000001
-4,17,1.6500000000000001
-4,17,2.711027543810539
-4,17,1.6500000000000001
-4,17,4.586604861393204
-4,17,1.6500000000000001
-4,17,1.6500000000000001
-4,17,6.01172110036246
-4,17,1.6500000000000001
-4,17,1.6500000000000001
-4,17,12.675521869747211
-4,17,1.6500000000000001
-4,17,6.418091574570637
-4,17,3.3173041133783445
-4,17,4.933612547557439
-4,17,1.6500000000000001
-4,17,1.6500000000000001
-4,17,8.117543843811367
-4,17,1.6500000000000001
-4,17,2.2614440690512483
-4,17,5.502008495850982
-4,17,1.6500000000000001
-4,17,2.67601633831791
-4,17,4.76638084842967
-4,17,1.6500000000000001
-4,17,1.6500000000000001
-4,17,1.6500000000000001
-4,17,1.6500000000000001
-4,17,1.6500000000000001
-4,17,1.6500000000000001
-4,17,1.6500000000000001
-4,17,5.027360239263842
-4,17,1.6500000000000001
-4,17,1.6500000000000001
-4,17,1.6500000000000001
-4,17,2.6693998239748273
-4,17,1.6500000000000001
-4,17,1.6500000000000001
-4,17,1.6500000000000001
-4,17,1.6500000000000001
-4,17,1.6500000000000001
-4,17,1.6500000000000001
-4,17,1.6500000000000001
-4,17,5.520240268923159
-4,17,1.6500000000000001
-4,17,2.909980015697754
-4,17,1.6500000000000001
-4,17,6.254772204839542
-4,17,6.463942516235478
-4,17,1.6500000000000001
-4,17,6.03178676678262
-4,17,1.6500000000000001
-4,17,1.6500000000000001
-4,17,1.6500000000000001
-4,17,1.6500000000000001
-4,17,1.6500000000000001
-4,17,1.6500000000000001
-5,17,1.6500000000000001
-5,17,1.6500000000000001
-5,17,1.6500000000000001
-5,17,1.6500000000000001
-5,17,3.9070864273810573
-5,17,1.6500000000000001
-5,17,1.6500000000000001
-5,17,1.6500000000000001
-5,17,1.6500000000000001
-5,17,1.6500000000000001
-5,17,1.6500000000000001
-5,17,1.6500000000000001
-5,17,1.6500000000000001
-5,17,1.6500000000000001
-5,17,1.7277462139814315
-5,17,1.6500000000000001
-5,17,1.6500000000000001
-5,17,2.9127646781577066
-5,17,1.6500000000000001
-5,17,1.6500000000000001
-5,17,1.6500000000000001
-5,17,1.6500000000000001
-5,17,1.6500000000000001
-5,17,1.691107649698135
-5,17,1.6500000000000001
-5,17,1.6500000000000001
-5,17,1.6500000000000001
-5,17,1.6500000000000001
-5,17,1.6500000000000001
-5,17,1.6500000000000001
-5,17,5.499523180060046
-5,17,1.6500000000000001
-5,17,1.6500000000000001
-5,17,1.6500000000000001
-5,17,1.6500000000000001
-5,17,1.6500000000000001
-5,17,3.8139495970967694
-5,17,1.6500000000000001
-5,17,1.6500000000000001
-5,17,1.6500000000000001
-5,17,1.6500000000000001
-5,17,1.6500000000000001
-5,17,1.6500000000000001
-5,17,1.6500000000000001
-5,17,1.6500000000000001
-5,17,1.6500000000000001
-5,17,3.5012272783455933
-5,17,1.6500000000000001
-5,17,1.6500000000000001
-5,17,6.066803440983153
-5,17,1.6500000000000001
-5,17,1.6500000000000001
-5,17,2.8115498626413506
-5,17,1.6500000000000001
-5,17,1.6500000000000001
-5,17,1.6500000000000001
-5,17,1.6500000000000001
-5,17,1.6500000000000001
-5,17,1.6500000000000001
-5,17,1.6500000000000001
-5,17,1.6500000000000001
-6,17,1.6500000000000001
-6,17,1.6500000000000001
-6,17,1.6500000000000001
-6,17,3.0215413694588795
-6,17,1.6500000000000001
-6,17,1.6500000000000001
-6,17,2.4466215509156215
-6,17,1.6500000000000001
-6,17,1.6500000000000001
-6,17,1.6500000000000001
-6,17,1.6500000000000001
-6,17,5.742494285505967
-6,17,1.6500000000000001
-6,17,1.6500000000000001
-6,17,1.6500000000000001
-6,17,1.6500000000000001
-6,17,2.9275780110638205
-6,17,1.6500000000000001
-6,17,1.6500000000000001
-6,17,1.6500000000000001
-6,17,1.6500000000000001
-6,17,1.6500000000000001
-6,17,1.6500000000000001
-6,17,1.6500000000000001
-6,17,1.6500000000000001
-6,17,1.6500000000000001
-6,17,1.6500000000000001
-6,17,2.0235153044425633
-6,17,1.6500000000000001
-6,17,1.6500000000000001
-6,17,6.552915474240519
-6,17,1.6500000000000001
-6,17,1.6500000000000001
-6,17,1.6500000000000001
-6,17,2.1125920704693986
-6,17,1.6500000000000001
-6,17,1.6500000000000001
-6,17,1.6500000000000001
-6,17,2.1597657455579182
-6,17,3.0835493677154435
-6,17,1.6500000000000001
-6,17,1.6500000000000001
-6,17,1.6500000000000001
-6,17,2.457269985321405
-6,17,3.766532881466119
-6,17,2.912877431161791
-6,17,1.6500000000000001
-6,17,1.6500000000000001
-6,17,1.6500000000000001
-6,17,1.6500000000000001
-6,17,1.6500000000000001
-6,17,1.6500000000000001
-6,17,1.6500000000000001
-6,17,1.6500000000000001
-6,17,1.6500000000000001
-6,17,2.109646955444401
-6,17,1.6500000000000001
-6,17,1.6500000000000001
-6,17,1.6500000000000001
-6,17,1.6500000000000001
-6,17,1.6500000000000001
-6,17,1.6500000000000001
-7,17,1.6500000000000001
-7,17,1.6500000000000001
-7,17,1.6500000000000001
-7,17,1.6500000000000001
-7,17,4.49733017467401
-7,17,1.6500000000000001
-7,17,1.6500000000000001
-7,17,3.2013804444149043
-7,17,1.6500000000000001
-7,17,1.6500000000000001
-7,17,1.6500000000000001
-7,17,1.6500000000000001
-7,17,1.6500000000000001
-7,17,1.6500000000000001
-7,17,1.6500000000000001
-7,17,5.268326861160051
-7,17,1.6500000000000001
-7,17,1.6500000000000001
-7,17,1.6500000000000001
-7,17,1.6500000000000001
-7,17,1.6500000000000001
-7,17,1.6682904252604653
-7,17,1.6500000000000001
-7,17,1.6500000000000001
-7,17,1.6500000000000001
-7,17,1.6500000000000001
-7,17,1.6500000000000001
-7,17,1.6500000000000001
-7,17,1.6500000000000001
-7,17,1.6500000000000001
-7,17,1.6500000000000001
-7,17,1.6500000000000001
-7,17,1.6500000000000001
-7,17,1.6500000000000001
-7,17,1.6500000000000001
-7,17,1.6500000000000001
-7,17,1.6500000000000001
-7,17,1.6500000000000001
-7,17,1.6500000000000001
-7,17,3.3488943205807473
-7,17,1.6500000000000001
-7,17,1.6500000000000001
-7,17,2.9393499241962044
-7,17,1.6500000000000001
-7,17,1.6500000000000001
-7,17,2.2424529689121804
-7,17,1.6500000000000001
-7,17,1.6500000000000001
-7,17,2.5461789297241655
-7,17,2.18600654637292
-7,17,1.7038517599882832
-7,17,1.6500000000000001
-7,17,3.1081429329661705
-7,17,1.9659174446714247
-7,17,2.6688231805130496
-7,17,1.6500000000000001
-7,17,2.2121080946276015
-7,17,1.6500000000000001
-7,17,2.7817843551477193
-7,17,1.6500000000000001
-7,17,1.6500000000000001
-7,16,1.6500000000000001
-7,16,1.7778671421072447
-7,16,1.6500000000000001
-7,16,4.073873867760027
-7,16,2.676172068571699
-7,16,1.6500000000000001
-7,16,1.6500000000000001
-7,16,1.6500000000000001
-7,16,3.3687239285919244
-7,16,1.6500000000000001
-7,16,1.6500000000000001
-7,16,1.6500000000000001
-7,16,1.6500000000000001
-7,16,1.6500000000000001
-7,16,6.132376819414387
-7,16,1.6500000000000001
-7,16,2.343959156070926
-7,16,2.6826968699443916
-7,16,1.6500000000000001
-7,16,3.018139108410019
-7,16,1.6500000000000001
-7,16,2.938462763661045
-7,16,1.6500000000000001
-7,16,2.3291042711453738
-7,16,1.6500000000000001
-7,16,1.6500000000000001
-7,16,1.6500000000000001
-7,16,1.6500000000000001
-7,16,1.6500000000000001
-7,16,1.6500000000000001
-7,16,2.1795127626189257
-7,16,3.633455938718847
-7,16,1.6500000000000001
-7,16,1.6500000000000001
-7,16,1.6500000000000001
-7,16,1.6500000000000001
-7,16,1.6500000000000001
-7,16,1.6500000000000001
-7,16,3.279666350923778
-7,16,1.6500000000000001
-7,16,3.264074416772112
-7,16,3.243403746448348
-7,16,5.556222619810946
-7,16,1.6500000000000001
-7,16,1.6500000000000001
-7,16,1.6500000000000001
-7,16,1.6500000000000001
-7,16,1.6500000000000001
-7,16,1.6500000000000001
-7,16,1.6500000000000001
-7,16,1.6500000000000001
-7,16,1.6500000000000001
-7,16,1.6500000000000001
-7,16,1.6500000000000001
-7,16,1.6500000000000001
-7,16,1.6500000000000001
-7,16,1.6500000000000001
-7,16,1.6500000000000001
-7,16,2.3420204757065566
-7,16,1.6500000000000001
-7,16,1.6500000000000001
-7,16,1.6500000000000001
-7,15,1.6500000000000001
-7,15,2.7051027647541375
-7,15,2.785044893459262
-7,15,4.067241439110912
-7,15,1.6500000000000001
-7,15,3.3722681126900347
-7,15,2.495591303752145
-7,15,1.6500000000000001
-7,15,3.8697420297719813
-7,15,1.6500000000000001
-7,15,1.6500000000000001
-7,15,1.6500000000000001
-7,15,1.6500000000000001
-7,15,1.6500000000000001
-7,15,1.6500000000000001
-7,15,7.197516737669306
-7,15,3.7876415857763654
-7,15,1.6500000000000001
-7,15,1.6500000000000001
-7,15,6.678103451794022
-7,15,1.6500000000000001
-7,15,1.6500000000000001
-7,15,1.6500000000000001
-7,15,1.6500000000000001
-7,15,1.6500000000000001
-7,15,1.6500000000000001
-7,15,1.6500000000000001
-7,15,3.0793917797306434
-7,15,1.6500000000000001
-7,15,1.6500000000000001
-7,15,1.6500000000000001
-7,15,4.137692157231538
-7,15,1.6500000000000001
-7,15,1.6500000000000001
-7,15,1.6500000000000001
-7,15,1.6500000000000001
-7,15,1.6500000000000001
-7,15,1.6500000000000001
-7,15,1.6500000000000001
-7,15,1.7397695554470722
-7,15,1.7236259501685385
-7,15,1.731705151950726
-7,15,1.6500000000000001
-7,15,1.6500000000000001
-7,15,1.6500000000000001
-7,15,1.6500000000000001
-7,15,7.329637901761003
-7,15,1.6500000000000001
-7,15,4.106746613542336
-7,15,2.241075926732657
-7,15,1.6500000000000001
-7,15,1.6500000000000001
-7,15,1.6500000000000001
-7,15,1.6500000000000001
-7,15,1.6500000000000001
-7,15,1.9400930731444361
-7,15,1.6500000000000001
-7,15,5.32112495939504
-7,15,1.6500000000000001
-7,15,1.6500000000000001
-7,15,1.6500000000000001
-7,15,1.678420228288426
-7,14,1.6500000000000001
-7,14,2.7664856822175232
-7,14,1.6500000000000001
-7,14,1.9664733706884256
-7,14,2.3149130080897002
-7,14,2.0309067650187385
-7,14,1.6500000000000001
-7,14,1.6500000000000001
-7,14,2.1818689615513533
-7,14,1.6500000000000001
-7,14,1.6500000000000001
-7,14,1.6500000000000001
-7,14,1.6500000000000001
-7,14,1.6500000000000001
-7,14,1.6500000000000001
-7,14,1.6500000000000001
-7,14,1.6500000000000001
-7,14,1.6500000000000001
-7,14,2.135505855025824
-7,14,1.6500000000000001
-7,14,2.080128712814675
-7,14,1.6500000000000001
-7,14,2.3380978590246144
-7,14,1.6500000000000001
-7,14,3.128226112094864
-7,14,1.6500000000000001
-7,14,1.6500000000000001
-7,14,2.2127241891302862
-7,14,3.394382656403639
-7,14,4.974461283356931
-7,14,1.7876017224320535
-7,14,4.8375375500659175
-7,14,1.6500000000000001
-7,14,1.9526059120639903
-7,14,1.6500000000000001
-7,14,3.3957004238130635
-7,14,2.949310703332176
-7,14,1.6500000000000001
-7,14,1.6500000000000001
-7,14,3.3112699173159346
-7,14,1.6500000000000001
-7,14,6.168670000434721
-7,14,1.6500000000000001
-7,14,1.6500000000000001
-7,14,1.6500000000000001
-7,14,3.6935740086768063
-7,14,1.6500000000000001
-7,14,1.7586027317505144
-7,14,1.6500000000000001
-7,14,1.6500000000000001
-7,14,1.6500000000000001
-7,14,1.6500000000000001
-7,14,1.6500000000000001
-7,14,1.6500000000000001
-7,14,2.887661932993593
-7,14,1.6500000000000001
-7,14,1.6500000000000001
-7,14,1.6500000000000001
-7,14,1.6500000000000001
-7,14,1.6500000000000001
-7,14,5.37596551787611
-8,14,1.6500000000000001
-8,14,1.6500000000000001
-8,14,2.588574751842728
-8,14,1.6500000000000001
-8,14,1.6500000000000001
-8,14,5.147957337158832
-8,14,1.6500000000000001
-8,14,1.6500000000000001
-8,14,1.6500000000000001
-8,14,8.146726868886466
-8,14,10.222554429083598
-8,14,1.6500000000000001
-8,14,1.6500000000000001
-8,14,1.6500000000000001
-8,14,3.5931469722168474
-8,14,1.6500000000000001
-8,14,1.6500000000000001
-8,14,2.3083540744443765
-8,14,1.6500000000000001
-8,14,1.6500000000000001
-8,14,5.518597620956414
-8,14,3.4544384049900083
-8,14,4.222151789143543
-8,14,3.9187320516358817
-8,14,1.6500000000000001
-8,14,1.6500000000000001
-8,14,1.6500000000000001
-8,14,1.6500000000000001
-8,14,4.634510332230309
-8,14,1.6500000000000001
-8,14,1.6500000000000001
-8,14,1.6500000000000001
-8,14,1.6500000000000001
-8,14,2.402619074534242
-8,14,2.740458997006383
-8,14,5.40188286488981
-8,14,1.6500000000000001
-8,14,1.6500000000000001
-8,14,1.6500000000000001
-8,14,4.757485230066302
-8,14,4.762203916693944
-8,14,2.975388559950202
-8,14,1.6500000000000001
-8,14,1.6500000000000001
-8,14,1.6500000000000001
-8,14,1.6500000000000001
-8,14,1.6500000000000001
-8,14,1.7365037621958515
-8,14,1.6500000000000001
-8,14,1.6500000000000001
-8,14,1.7483400467838344
-8,14,1.8189719853226483
-8,14,1.6500000000000001
-8,14,2.1323905459992516
-8,14,4.6722277186439864
-8,14,1.6500000000000001
-8,14,1.6500000000000001
-8,14,1.6500000000000001
-8,14,1.6500000000000001
-8,14,1.6500000000000001
-8,14,2.5807002099102645
-8,14,1.6500000000000001
-9,14,1.7633998957885724
-9,14,1.6500000000000001
-9,14,1.6500000000000001
-9,14,3.460915103374498
-9,14,1.6500000000000001
-9,14,1.6500000000000001
-9,14,1.6500000000000001
-9,14,5.679392514043229
-9,14,1.6500000000000001
-9,14,1.6500000000000001
-9,14,2.3074415006988658
-9,14,3.6436050484760503
-9,14,6.916149294791955
-9,14,4.91733872407969
-9,14,1.6500000000000001
-9,14,1.6500000000000001
-9,14,1.6500000000000001
-9,14,1.6500000000000001
-9,14,1.6500000000000001
-9,14,1.6500000000000001
-9,14,1.6500000000000001
-9,14,1.6500000000000001
-9,14,1.6500000000000001
-9,14,1.6500000000000001
-9,14,3.5991611436458433
-9,14,2.6993338020795097
-9,14,1.6500000000000001
-9,14,1.6500000000000001
-9,14,5.74068677868106
-9,14,1.6500000000000001
-9,14,1.6500000000000001
-9,14,1.6500000000000001
-9,14,4.415355145493197
-9,14,1.6500000000000001
-9,14,1.6500000000000001
-9,14,1.6500000000000001
-9,14,1.6500000000000001
-9,14,5.591832037975634
-9,14,1.6500000000000001
-9,14,1.6500000000000001
-9,14,1.6500000000000001
-9,14,1.6500000000000001
-9,14,1.6500000000000001
-9,14,1.6500000000000001
-9,14,2.485504645990443
-9,14,5.815972559721461
-9,14,1.6500000000000001
-9,14,1.6500000000000001
-9,14,3.793700797504337
-9,14,1.6500000000000001
-9,14,5.258827610408998
-9,14,1.6500000000000001
-9,14,1.6500000000000001
-9,14,2.582728649940429
-9,14,1.6500000000000001
-9,14,1.6500000000000001
-9,14,1.6500000000000001
-9,14,1.6500000000000001
-9,14,1.6500000000000001
-9,14,1.808396534724038
-9,14,1.6500000000000001
-9,14,1.6500000000000001
-10,14,1.6500000000000001
-10,14,4.111678475859229
-10,14,1.6500000000000001
-10,14,1.6500000000000001
-10,14,3.9319164260382085
-10,14,1.6500000000000001
-10,14,1.6500000000000001
-10,14,1.6500000000000001
-10,14,2.1964898741004357
-10,14,3.538697897754376
-10,14,1.6500000000000001
-10,14,3.7138592865999995
-10,14,1.6500000000000001
-10,14,4.780651398656165
-10,14,2.7169787297359544
-10,14,2.203951790441309
-10,14,1.6500000000000001
-10,14,1.6500000000000001
-10,14,1.6500000000000001
-10,14,1.6500000000000001
-10,14,2.6813655676945567
-10,14,1.6500000000000001
-10,14,3.890477294973108
-10,14,1.6500000000000001
-10,14,5.456167711481175
-10,14,1.718369911833045
-10,14,1.6500000000000001
-10,14,1.6500000000000001
-10,14,6.448173591184618
-10,14,1.6500000000000001
-10,14,1.6500000000000001
-10,14,1.6500000000000001
-10,14,2.3551407166310017
-10,14,1.6500000000000001
-10,14,1.6500000000000001
-10,14,2.3202762970253477
-10,14,2.089724195206439
-10,14,1.6500000000000001
-10,14,1.7759575813340844
-10,14,1.6500000000000001
-10,14,1.6500000000000001
-10,14,3.4856640137785178
-10,14,1.6500000000000001
-10,14,4.348472355725519
-10,14,1.6500000000000001
-10,14,3.127213991225767
-10,14,1.6500000000000001
-10,14,1.6500000000000001
-10,14,1.6500000000000001
-10,14,1.6500000000000001
-10,14,1.6500000000000001
-10,14,1.6500000000000001
-10,14,3.7307550156213303
-10,14,3.8700349475940494
-10,14,1.6500000000000001
-10,14,5.316051586858159
-10,14,1.6500000000000001
-10,14,3.169106671134279
-10,14,4.1656174694810435
-10,14,2.6761679315834717
-10,14,1.6500000000000001
-10,13,1.6500000000000001
-10,13,1.6500000000000001
-10,13,2.618930710145229
-10,13,7.462886285801584
-10,13,1.6500000000000001
-10,13,1.6500000000000001
-10,13,1.6500000000000001
-10,13,1.6500000000000001
-10,13,1.6500000000000001
-10,13,1.6500000000000001
-10,13,1.6500000000000001
-10,13,1.6500000000000001
-10,13,3.7738968708948777
-10,13,1.6500000000000001
-10,13,1.6500000000000001
-10,13,1.6500000000000001
-10,13,5.770517457792418
-10,13,1.6500000000000001
-10,13,1.6500000000000001
-10,13,3.0414861171774685
-10,13,1.6500000000000001
-10,13,1.6500000000000001
-10,13,1.6500000000000001
-10,13,1.6500000000000001
-10,13,1.6500000000000001
-10,13,2.2413842056290143
-10,13,3.1914110785141934
-10,13,1.6500000000000001
-10,13,1.6500000000000001
-10,13,1.6500000000000001
-10,13,2.99611785164461
-10,13,1.6500000000000001
-10,13,1.6500000000000001
-10,13,1.6500000000000001
-10,13,1.6500000000000001
-10,13,1.868241481279262
-10,13,1.6500000000000001
-10,13,1.6500000000000001
-10,13,1.8912676528935517
-10,13,1.6500000000000001
-10,13,1.6500000000000001
-10,13,1.6500000000000001
-10,13,1.6500000000000001
-10,13,1.6500000000000001
-10,13,1.6500000000000001
-10,13,2.612986258108072
-10,13,1.6500000000000001
-10,13,1.6500000000000001
-10,13,1.6500000000000001
-10,13,1.6500000000000001
-10,13,3.1309155346664044
-10,13,1.6500000000000001
-10,13,1.6500000000000001
-10,13,2.2094726669313483
-10,13,1.6500000000000001
-10,13,1.6500000000000001
-10,13,1.6500000000000001
-10,13,1.6500000000000001
-10,13,2.251110571652906
-10,13,1.6500000000000001
-10,13,1.6500000000000001
-10,13,3.898742286492395
-10,14,1.6500000000000001
-10,14,1.6500000000000001
-10,14,1.6500000000000001
-10,14,1.6500000000000001
-10,14,1.6500000000000001
-10,14,1.6500000000000001
-10,14,1.6500000000000001
-10,14,1.6500000000000001
-10,14,2.5165509433360214
-10,14,2.511619209840495
-10,14,1.6500000000000001
-10,14,1.6500000000000001
-10,14,1.6500000000000001
-10,14,1.6500000000000001
-10,14,6.685528337114024
-10,14,4.132314610732754
-10,14,1.6500000000000001
-10,14,1.6500000000000001
-10,14,1.6500000000000001
-10,14,1.6500000000000001
-10,14,1.6500000000000001
-10,14,1.6500000000000001
-10,14,2.3766613647924544
-10,14,1.6500000000000001
-10,14,1.6500000000000001
-10,14,3.762585740358044
-10,14,1.6500000000000001
-10,14,1.6500000000000001
-10,14,1.6500000000000001
-10,14,3.1794806793429267
-10,14,1.6500000000000001
-10,14,1.6500000000000001
-10,14,1.6500000000000001
-10,14,5.840067397235471
-10,14,1.6500000000000001
-10,14,1.6500000000000001
-10,14,2.8373857817607364
-10,14,1.6500000000000001
-10,14,1.6500000000000001
-10,14,1.6500000000000001
-10,14,1.6500000000000001
-10,14,1.6500000000000001
-10,14,1.6500000000000001
-10,14,1.6500000000000001
-10,14,1.6500000000000001
-10,14,2.704420967516926
-10,14,4.545192993809803
-10,14,3.2907164587922586
-10,14,1.6500000000000001
-10,14,2.8848692268642306
-10,14,2.8586071033490534
-10,14,1.6500000000000001
-10,14,1.6500000000000001
-10,14,1.6500000000000001
-10,14,1.6500000000000001
-10,14,1.6500000000000001
-10,14,1.6500000000000001
-10,14,2.1888787657577486
-10,14,2.6257590917158544
-10,14,2.6480375019386924
-10,14,2.226615598626566
-10,13,1.6500000000000001
-10,13,1.6500000000000001
-10,13,3.367188658959401
-10,13,1.6500000000000001
-10,13,5.405847580656534
-10,13,2.3853900758902036
-10,13,1.6500000000000001
-10,13,1.6500000000000001
-10,13,6.015676104083629
-10,13,1.6500000000000001
-10,13,8.165329890379564
-10,13,4.965579570607101
-10,13,1.6500000000000001
-10,13,1.6500000000000001
-10,13,4.544767365804318
-10,13,2.063210318345294
-10,13,1.6500000000000001
-10,13,1.6500000000000001
-10,13,2.0912707223055658
-10,13,1.6500000000000001
-10,13,1.6500000000000001
-10,13,1.6500000000000001
-10,13,1.6500000000000001
-10,13,1.6500000000000001
-10,13,6.426824385321501
-10,13,1.6500000000000001
-10,13,1.6500000000000001
-10,13,2.9144446138515807
-10,13,1.6500000000000001
-10,13,1.6500000000000001
-10,13,1.6500000000000001
-10,13,1.6500000000000001
-10,13,3.5835447580090225
-10,13,1.8902020464807525
-10,13,3.9492194577952477
-10,13,3.8939803092794936
-10,13,1.6500000000000001
-10,13,1.6500000000000001
-10,13,1.6500000000000001
-10,13,2.2670363723523317
-10,13,1.7540891179167901
-10,13,6.990323104359987
-10,13,1.6500000000000001
-10,13,1.901876276362984
-10,13,1.6500000000000001
-10,13,2.1228580136948683
-10,13,1.6500000000000001
-10,13,4.939754953787237
-10,13,1.6500000000000001
-10,13,1.6500000000000001
-10,13,8.539244809939893
-10,13,1.6500000000000001
-10,13,1.6500000000000001
-10,13,1.6500000000000001
-10,13,2.737902457567848
-10,13,2.6231515994198844
-10,13,1.6500000000000001
-10,13,1.6500000000000001
-10,13,1.6500000000000001
-10,13,1.6500000000000001
-10,13,1.6500000000000001
-10,13,1.6500000000000001
-9,13,1.6500000000000001
-9,13,2.05114721790991
-9,13,4.151370447820392
-9,13,1.6500000000000001
-9,13,1.6500000000000001
-9,13,1.6500000000000001
-9,13,1.6500000000000001
-9,13,1.6500000000000001
-9,13,2.7001252019831252
-9,13,1.6500000000000001
-9,13,1.6500000000000001
-9,13,1.6500000000000001
-9,13,1.6500000000000001
-9,13,1.6500000000000001
-9,13,1.6500000000000001
-9,13,2.921698134940887
-9,13,7.6202222179408965
-9,13,1.6500000000000001
-9,13,1.6500000000000001
-9,13,1.6500000000000001
-9,13,2.553158536684228
-9,13,1.6500000000000001
-9,13,3.4756501433573295
-9,13,6.493216629185636
-9,13,1.6500000000000001
-9,13,3.5243075031221913
-9,13,1.6500000000000001
-9,13,1.6500000000000001
-9,13,1.6500000000000001
-9,13,1.6500000000000001
-9,13,1.6500000000000001
-9,13,6.619391456226776
-9,13,1.6500000000000001
-9,13,1.6500000000000001
-9,13,1.6500000000000001
-9,13,1.6500000000000001
-9,13,1.6500000000000001
-9,13,4.957167878399526
-9,13,3.1821409883857057
-9,13,1.6500000000000001
-9,13,1.6500000000000001
-9,13,1.6500000000000001
-9,13,3.6850368004067535
-9,13,5.098114681615793
-9,13,3.9788220703414052
-9,13,1.6500000000000001
-9,13,5.658398839623274
-9,13,3.5193850211072184
-9,13,1.6500000000000001
-9,13,1.930182352683366
-9,13,1.6500000000000001
-9,13,1.6500000000000001
-9,13,2.2851337609077063
-9,13,1.6500000000000001
-9,13,1.6500000000000001
-9,13,1.6500000000000001
-9,13,1.6500000000000001
-9,13,1.6500000000000001
-9,13,3.882124803832934
-9,13,1.6500000000000001
-9,13,5.926954079831161
-9,13,1.6500000000000001
-9,12,1.7685465771184423
-9,12,1.6500000000000001
-9,12,1.6500000000000001
-9,12,2.613354044555333
-9,12,1.6500000000000001
-9,12,1.6500000000000001
-9,12,1.6500000000000001
-9,12,4.824119495950984
-9,12,2.037970730277211
-9,12,4.691662908659072
-9,12,2.686810436035337
-9,12,1.6500000000000001
-9,12,1.6500000000000001
-9,12,1.6500000000000001
-9,12,1.6500000000000001
-9,12,1.9180097723836584
-9,12,4.2094008805917476
-9,12,1.6500000000000001
-9,12,2.526507357501543
-9,12,2.194548787625579
-9,12,4.219961755898622
-9,12,2.230531837207197
-9,12,1.6500000000000001
-9,12,1.6500000000000001
-9,12,5.687607769588203
-9,12,3.1231784276014336
-9,12,1.6866305430805535
-9,12,1.6500000000000001
-9,12,1.6500000000000001
-9,12,1.6500000000000001
-9,12,1.6500000000000001
-9,12,1.786981871563317
-9,12,1.9684648104825506
-9,12,1.6500000000000001
-9,12,6.799845754853617
-9,12,2.1926022911706053
-9,12,1.6500000000000001
-9,12,1.6500000000000001
-9,12,3.2069225924662
-9,12,1.6500000000000001
-9,12,1.6500000000000001
-9,12,3.7055668639700605
-9,12,4.755335063936975
-9,12,7.623573474816751
-9,12,7.701620612652511
-9,12,5.400272656605172
-9,12,5.538125035890491
-9,12,1.838458625188983
-9,12,1.6500000000000001
-9,12,1.6500000000000001
-9,12,1.6500000000000001
-9,12,1.6500000000000001
-9,12,1.6500000000000001
-9,12,1.6500000000000001
-9,12,2.88914974981581
-9,12,3.272561184392863
-9,12,2.992239778295189
-9,12,1.731962621584442
-9,12,3.0083775482395705
-9,12,1.6500000000000001
-9,12,1.6500000000000001
-10,12,1.6500000000000001
-10,12,1.6500000000000001
-10,12,1.6500000000000001
-10,12,1.6500000000000001
-10,12,1.6500000000000001
-10,12,1.6500000000000001
-10,12,1.6500000000000001
-10,12,1.6500000000000001
-10,12,1.6500000000000001
-10,12,1.6500000000000001
-10,12,1.6500000000000001
-10,12,3.301493274492525
-10,12,8.054645875899924
-10,12,1.6500000000000001
-10,12,1.6500000000000001
-10,12,1.6500000000000001
-10,12,1.6500000000000001
-10,12,1.6500000000000001
-10,12,5.5535134488450355
-10,12,4.122952786498894
-10,12,3.4156480238119267
-10,12,1.6500000000000001
-10,12,1.6500000000000001
-10,12,1.6500000000000001
-10,12,1.7190173504913622
-10,12,5.408331232801187
-10,12,3.106449011291116
-10,12,1.6500000000000001
-10,12,1.6500000000000001
-10,12,5.28350723938125
-10,12,1.6500000000000001
-10,12,7.543109178542769
-10,12,1.6500000000000001
-10,12,1.6500000000000001
-10,12,3.7919336753625874
-10,12,1.6500000000000001
-10,12,1.6500000000000001
-10,12,3.107170547421457
-10,12,1.6500000000000001
-10,12,4.549296848017621
-10,12,1.998174067517481
-10,12,1.6500000000000001
-10,12,1.8818138533154636
-10,12,2.896290001829114
-10,12,1.6500000000000001
-10,12,2.3681186440607638
-10,12,2.1435845875591353
-10,12,1.6500000000000001
-10,12,1.6500000000000001
-10,12,1.6500000000000001
-10,12,1.6500000000000001
-10,12,1.6500000000000001
-10,12,4.148723180361449
-10,12,1.6500000000000001
-10,12,2.8874994723638436
-10,12,1.6500000000000001
-10,12,1.6500000000000001
-10,12,3.254229449127466
-10,12,1.6500000000000001
-10,12,1.6500000000000001
-10,12,6.089420882849348
-10,12,1.6500000000000001
-10,11,1.6500000000000001
-10,11,1.6500000000000001
-10,11,1.6500000000000001
-10,11,1.6500000000000001
-10,11,1.6500000000000001
-10,11,1.6500000000000001
-10,11,1.6500000000000001
-10,11,2.692414565900923
-10,11,1.6500000000000001
-10,11,1.6500000000000001
-10,11,2.0404669296472644
-10,11,1.6500000000000001
-10,11,1.6500000000000001
-10,11,8.603675244843176
-10,11,6.354239892399958
-10,11,2.092796809055399
-10,11,2.9478202424404016
-10,11,1.6500000000000001
-10,11,2.977456637596104
-10,11,1.6500000000000001
-10,11,2.7989423700375293
-10,11,1.6500000000000001
-10,11,2.703951946910415
-10,11,1.6500000000000001
-10,11,1.6500000000000001
-10,11,2.6500386582524103
-10,11,1.6500000000000001
-10,11,1.6500000000000001
-10,11,1.6500000000000001
-10,11,5.292632259537784
-10,11,1.6500000000000001
-10,11,1.6500000000000001
-10,11,1.6500000000000001
-10,11,1.6500000000000001
-10,11,1.6500000000000001
-10,11,5.261393861310467
-10,11,1.6500000000000001
-10,11,3.276701478601132
-10,11,4.156803628036835
-10,11,2.950393593913668
-10,11,3.8200322169511356
-10,11,1.6500000000000001
-10,11,1.6500000000000001
-10,11,4.117887142750978
-10,11,4.230240265128405
-10,11,1.9203188283099613
-10,11,1.6500000000000001
-10,11,1.6500000000000001
-10,11,5.637802150256078
-10,11,6.918323643401136
-10,11,2.4481611263541008
-10,11,4.030889722947682
-10,11,1.6500000000000001
-10,11,4.148171980213249
-10,11,1.6500000000000001
-10,11,1.6500000000000001
-10,11,2.244788871847818
-10,11,1.6500000000000001
-10,11,1.6500000000000001
-10,11,1.6500000000000001
-10,11,1.6500000000000001
-11,11,1.8492004990061213
-11,11,1.6500000000000001
-11,11,5.1542969599698845
-11,11,1.6500000000000001
-11,11,1.6500000000000001
-11,11,1.6500000000000001
-11,11,1.6500000000000001
-11,11,2.5895119682450325
-11,11,1.8889370816915378
-11,11,1.6500000000000001
-11,11,3.0212902537212187
-11,11,1.6500000000000001
-11,11,1.6500000000000001
-11,11,6.0083729034377695
-11,11,1.6500000000000001
-11,11,1.6500000000000001
-11,11,1.6500000000000001
-11,11,3.5469957096728493
-11,11,1.6500000000000001
-11,11,1.6500000000000001
-11,11,3.628206299586991
-11,11,1.6500000000000001
-11,11,1.6500000000000001
-11,11,1.6500000000000001
-11,11,2.210815848952365
-11,11,1.6500000000000001
-11,11,1.6500000000000001
-11,11,2.4117219085702706
-11,11,1.6500000000000001
-11,11,1.6500000000000001
-11,11,2.4036081246543164
-11,11,1.6500000000000001
-11,11,3.584671227465684
-11,11,3.48879828462231
-11,11,1.6500000000000001
-11,11,1.6500000000000001
-11,11,5.172055178674782
-11,11,5.6804642745820795
-11,11,5.384017450008161
-11,11,1.6500000000000001
-11,11,2.8392644177041366
-11,11,1.6500000000000001
-11,11,2.6319818452978634
-11,11,1.6500000000000001
-11,11,5.134281525686081
-11,11,1.6500000000000001
-11,11,1.6500000000000001
-11,11,2.9755830693043563
-11,11,3.5436472823316247
-11,11,1.6500000000000001
-11,11,1.6500000000000001
-11,11,1.6500000000000001
-11,11,1.6500000000000001
-11,11,5.9492908020194
-11,11,8.552450912738397
-11,11,2.1987041471647615
-11,11,1.6500000000000001
-11,11,1.6500000000000001
-11,11,1.6500000000000001
-11,11,1.6500000000000001
-11,11,1.6500000000000001
-11,11,1.6500000000000001
-12,11,1.6500000000000001
-12,11,1.6500000000000001
-12,11,1.6500000000000001
-12,11,1.6500000000000001
-12,11,1.6500000000000001
-12,11,1.6500000000000001
-12,11,1.6500000000000001
-12,11,1.6500000000000001
-12,11,1.6500000000000001
-12,11,1.6500000000000001
-12,11,1.6500000000000001
-12,11,1.6500000000000001
-12,11,2.9217191214558604
-12,11,1.6500000000000001
-12,11,1.6500000000000001
-12,11,1.6500000000000001
-12,11,2.0109787071127503
-12,11,2.053818119072864
-12,11,1.6500000000000001
-12,11,4.019390455918814
-12,11,5.056133683945294
-12,11,1.6500000000000001
-12,11,3.7766643544854026
-12,11,1.9475496368444412
-12,11,2.824039522399039
-12,11,3.7034493729000504
-12,11,1.6500000000000001
-12,11,1.6500000000000001
-12,11,1.8714008940143092
-12,11,1.6500000000000001
-12,11,1.6500000000000001
-12,11,1.6500000000000001
-12,11,3.0968205236099045
-12,11,1.6500000000000001
-12,11,1.6500000000000001
-12,11,1.6500000000000001
-12,11,1.6500000000000001
-12,11,1.6500000000000001
-12,11,1.6500000000000001
-12,11,1.6500000000000001
-12,11,5.60530818419721
-12,11,4.009118952061957
-12,11,1.6500000000000001
-12,11,1.6500000000000001
-12,11,2.066304619424452
-12,11,1.6500000000000001
-12,11,1.6500000000000001
-12,11,4.188047148035638
-12,11,5.4786873075078
-12,11,1.6500000000000001
-12,11,1.6500000000000001
-12,11,1.6500000000000001
-12,11,1.6500000000000001
-12,11,1.6500000000000001
-12,11,2.910052892239443
-12,11,2.4493673438473773
-12,11,1.8374746771854944
-12,11,1.6500000000000001
-12,11,1.6500000000000001
-12,11,2.441225952494161
-12,11,1.6500000000000001
-12,11,1.6500000000000001
-13,11,1.6500000000000001
-13,11,1.6500000000000001
-13,11,1.6500000000000001
-13,11,1.6500000000000001
-13,11,1.6500000000000001
-13,11,1.6500000000000001
-13,11,1.6500000000000001
-13,11,2.9250117868033345
-13,11,2.8777537608398784
-13,11,1.6500000000000001
-13,11,3.4331127475965086
-13,11,1.6500000000000001
-13,11,1.6500000000000001
-13,11,1.6500000000000001
-13,11,1.6500000000000001
-13,11,1.6500000000000001
-13,11,1.6500000000000001
-13,11,5.503784325564537
-13,11,1.9328845359639495
-13,11,1.6917353554151586
-13,11,1.6500000000000001
-13,11,1.6500000000000001
-13,11,2.3010749965794686
-13,11,1.6500000000000001
-13,11,1.6500000000000001
-13,11,1.6500000000000001
-13,11,7.69769098365974
-13,11,2.7039951767611017
-13,11,3.172866367357922
-13,11,2.688713596640171
-13,11,1.6500000000000001
-13,11,1.6500000000000001
-13,11,1.6500000000000001
-13,11,1.6500000000000001
-13,11,1.6500000000000001
-13,11,1.6500000000000001
-13,11,1.6500000000000001
-13,11,6.611565634400827
-13,11,1.6500000000000001
-13,11,1.6500000000000001
-13,11,1.6500000000000001
-13,11,4.576936798758252
-13,11,1.6500000000000001
-13,11,3.23876264797064
-13,11,1.6500000000000001
-13,11,1.6500000000000001
-13,11,1.6500000000000001
-13,11,1.6500000000000001
-13,11,2.4563808344946185
-13,11,1.6500000000000001
-13,11,1.9490036431249507
-13,11,1.6500000000000001
-13,11,1.6500000000000001
-13,11,3.5333275469006518
-13,11,1.6500000000000001
-13,11,2.203142439383811
-13,11,1.6500000000000001
-13,11,1.6500000000000001
-13,11,1.6500000000000001
-13,11,1.6500000000000001
-13,11,1.6500000000000001
-14,11,1.6500000000000001
-14,11,4.39554870270136
-14,11,1.6500000000000001
-14,11,1.6500000000000001
-14,11,1.6500000000000001
-14,11,5.78923383081975
-14,11,1.6500000000000001
-14,11,1.6500000000000001
-14,11,1.6500000000000001
-14,11,2.634176243148577
-14,11,3.2704764496758623
-14,11,1.6500000000000001
-14,11,6.260596870975329
-14,11,1.6500000000000001
-14,11,1.6500000000000001
-14,11,1.6500000000000001
-14,11,1.8998941591162994
-14,11,1.6500000000000001
-14,11,1.6500000000000001
-14,11,1.6500000000000001
-14,11,1.6500000000000001
-14,11,5.964632153346938
-14,11,1.6500000000000001
-14,11,1.6500000000000001
-14,11,2.466516257960957
-14,11,1.6500000000000001
-14,11,1.6500000000000001
-14,11,1.6500000000000001
-14,11,1.6500000000000001
-14,11,1.6500000000000001
-14,11,1.6500000000000001
-14,11,1.6500000000000001
-14,11,1.6500000000000001
-14,11,1.6500000000000001
-14,11,3.128399412723718
-14,11,4.14571350478405
-14,11,5.009656266881074
-14,11,1.6500000000000001
-14,11,1.6500000000000001
-14,11,1.6500000000000001
-14,11,1.6500000000000001
-14,11,1.6500000000000001
-14,11,1.6500000000000001
-14,11,3.061397283640843
-14,11,1.6500000000000001
-14,11,1.6500000000000001
-14,11,1.6500000000000001
-14,11,1.6500000000000001
-14,11,1.6500000000000001
-14,11,1.6500000000000001
-14,11,2.45413287350801
-14,11,6.448497020439503
-14,11,3.871910842070764
-14,11,6.6686516358332275
-14,11,1.6500000000000001
-14,11,6.144546954509876
-14,11,1.6500000000000001
-14,11,1.6500000000000001
-14,11,1.6500000000000001
-14,11,1.6500000000000001
-14,11,1.6897910132896186
-14,11,1.6500000000000001
-14,10,1.6500000000000001
-14,10,1.6500000000000001
-14,10,1.6500000000000001
-14,10,2.4914552904168668
-14,10,1.6500000000000001
-14,10,4.6918073922219135
-14,10,1.6500000000000001
-14,10,1.6500000000000001
-14,10,1.6500000000000001
-14,10,3.6265158527390646
-14,10,1.6500000000000001
-14,10,4.228283346903748
-14,10,4.864176611725323
-14,10,3.4260584897197943
-14,10,1.6500000000000001
-14,10,2.4719868481255487
-14,10,1.6500000000000001
-14,10,2.56136272080285
-14,10,5.236991067744452
-14,10,7.546357803181804
-14,10,5.315028872605805
-14,10,1.6500000000000001
-14,10,1.6500000000000001
-14,10,1.6500000000000001
-14,10,1.6500000000000001
-14,10,1.6500000000000001
-14,10,6.8148491264598805
-14,10,1.6500000000000001
-14,10,1.6500000000000001
-14,10,1.6500000000000001
-14,10,1.6500000000000001
-14,10,1.6500000000000001
-14,10,7.61298443379628
-14,10,1.6500000000000001
-14,10,1.6500000000000001
-14,10,1.6500000000000001
-14,10,3.4945931754803885
-14,10,1.6500000000000001
-14,10,1.6500000000000001
-14,10,1.6500000000000001
-14,10,1.6500000000000001
-14,10,1.6500000000000001
-14,10,1.6500000000000001
-14,10,1.6500000000000001
-14,10,1.6500000000000001
-14,10,1.6500000000000001
-14,10,1.6500000000000001
-14,10,5.159567774818093
-14,10,1.6500000000000001
-14,10,5.74802058632435
-14,10,1.6500000000000001
-14,10,1.6500000000000001
-14,10,3.795010504640242
-14,10,1.6500000000000001
-14,10,1.6500000000000001
-14,10,5.479163288775005
-14,10,1.6500000000000001
-14,10,1.6500000000000001
-14,10,1.6500000000000001
-14,10,1.6500000000000001
-14,10,1.6500000000000001
-15,10,6.444675587314954
-15,10,1.6500000000000001
-15,10,7.0105725021940835
-15,10,1.6500000000000001
-15,10,1.6500000000000001
-15,10,1.6500000000000001
-15,10,1.6500000000000001
-15,10,1.6500000000000001
-15,10,1.6500000000000001
-15,10,1.6500000000000001
-15,10,2.2936495185620007
-15,10,1.6500000000000001
-15,10,1.6500000000000001
-15,10,1.6500000000000001
-15,10,2.7508847850958236
-15,10,1.6500000000000001
-15,10,1.6500000000000001
-15,10,1.6500000000000001
-15,10,1.6500000000000001
-15,10,1.6500000000000001
-15,10,1.6500000000000001
-15,10,1.6500000000000001
-15,10,1.6500000000000001
-15,10,1.6500000000000001
-15,10,1.6500000000000001
-15,10,2.482806584473119
-15,10,1.6500000000000001
-15,10,2.547253707018333
-15,10,1.6500000000000001
-15,10,1.6500000000000001
-15,10,1.6500000000000001
-15,10,3.777569093886731
-15,10,1.6500000000000001
-15,10,3.409990346056092
-15,10,2.3998738764220358
-15,10,1.6500000000000001
-15,10,1.6500000000000001
-15,10,2.1677721661515013
-15,10,2.815705154080212
-15,10,1.6500000000000001
-15,10,1.6500000000000001
-15,10,2.487047175494342
-15,10,1.6500000000000001
-15,10,1.6500000000000001
-15,10,1.6500000000000001
-15,10,1.6500000000000001
-15,10,1.6500000000000001
-15,10,1.7689711835742745
-15,10,1.6500000000000001
-15,10,2.0195932919447666
-15,10,2.840820246721755
-15,10,1.7273227850499713
-15,10,2.3036344088098932
-15,10,4.283664074810722
-15,10,1.6500000000000001
-15,10,1.6500000000000001
-15,10,1.6500000000000001
-15,10,1.6500000000000001
-15,10,1.6500000000000001
-15,10,1.96005741022876
-15,10,1.6500000000000001
-15,10,1.6500000000000001
-16,10,3.5373003731704733
-16,10,1.6500000000000001
-16,10,1.6500000000000001
-16,10,1.6500000000000001
-16,10,1.6500000000000001
-16,10,1.6500000000000001
-16,10,1.6500000000000001
-16,10,1.6500000000000001
-16,10,1.6500000000000001
-16,10,1.6500000000000001
-16,10,2.758543185680794
-16,10,1.6500000000000001
-16,10,7.247520679048017
-16,10,1.6500000000000001
-16,10,1.6500000000000001
-16,10,1.6500000000000001
-16,10,4.4351086597085665
-16,10,5.96386666306811
-16,10,1.6500000000000001
-16,10,1.6500000000000001
-16,10,2.701260410055131
-16,10,1.6500000000000001
-16,10,3.8818189404418293
-16,10,7.3266666319923575
-16,10,1.6500000000000001
-16,10,1.6500000000000001
-16,10,1.6500000000000001
-16,10,1.6500000000000001
-16,10,1.6500000000000001
-16,10,1.6500000000000001
-16,10,1.6500000000000001
-16,10,1.6500000000000001
-16,10,1.6500000000000001
-16,10,1.6500000000000001
-16,10,2.227648916028575
-16,10,1.6500000000000001
-16,10,1.6500000000000001
-16,10,1.9052174789928955
-16,10,1.6500000000000001
-16,10,3.448171376696214
-16,10,1.6500000000000001
-16,10,1.6500000000000001
-16,10,1.6500000000000001
-16,10,1.6500000000000001
-16,10,1.6500000000000001
-16,10,1.6500000000000001
-16,10,1.6500000000000001
-16,10,1.6500000000000001
-16,10,1.6500000000000001
-16,10,1.6500000000000001
-16,10,1.6500000000000001
-16,10,1.6500000000000001
-16,10,1.6500000000000001
-16,10,1.6500000000000001
-16,10,2.0217005608657073
-16,10,1.6500000000000001
-16,10,1.6500000000000001
-16,10,1.6500000000000001
-16,10,1.6500000000000001
-16,10,1.6500000000000001
-16,10,1.6500000000000001
-16,10,1.6500000000000001
-16,9,1.6500000000000001
-16,9,1.6500000000000001
-16,9,5.148736224694435
-16,9,1.6500000000000001
-16,9,4.050565582614997
-16,9,1.6500000000000001
-16,9,1.6500000000000001
-16,9,1.7982700565628575
-16,9,1.6500000000000001
-16,9,1.6500000000000001
-16,9,1.8046093403003574
-16,9,1.9223069945676432
-16,9,1.6500000000000001
-16,9,1.6500000000000001
-16,9,1.879087407317638
-16,9,1.6500000000000001
-16,9,1.6500000000000001
-16,9,1.6500000000000001
-16,9,1.6500000000000001
-16,9,1.6500000000000001
-16,9,1.6500000000000001
-16,9,1.6500000000000001
-16,9,1.6500000000000001
-16,9,1.6500000000000001
-16,9,1.6500000000000001
-16,9,1.6500000000000001
-16,9,1.6500000000000001
-16,9,1.6500000000000001
-16,9,1.6500000000000001
-16,9,3.400891062542921
-16,9,1.6500000000000001
-16,9,1.6500000000000001
-16,9,2.429149788614257
-16,9,1.6500000000000001
-16,9,1.6500000000000001
-16,9,2.96077738161255
-16,9,3.6118058274118967
-16,9,1.6500000000000001
-16,9,1.6500000000000001
-16,9,1.6500000000000001
-16,9,3.317366039699667
-16,9,1.6500000000000001
-16,9,1.6500000000000001
-16,9,1.6500000000000001
-16,9,1.6500000000000001
-16,9,1.6500000000000001
-16,9,1.6500000000000001
-16,9,1.6500000000000001
-16,9,1.6500000000000001
-16,9,1.6500000000000001
-16,9,1.6500000000000001
-16,9,3.717484587916851
-16,9,1.7809719536990967
-16,9,1.6500000000000001
-16,9,1.6500000000000001
-16,9,1.6500000000000001
-16,9,1.6500000000000001
-16,9,1.6500000000000001
-16,9,1.6500000000000001
-16,9,2.658196448494447
-16,9,3.2474831665911155
-16,10,2.3871245825512672
-16,10,1.6500000000000001
-16,10,1.6500000000000001
-16,10,1.6500000000000001
-16,10,1.6500000000000001
-16,10,1.7052265858583238
-16,10,1.6500000000000001
-16,10,1.6500000000000001
-16,10,3.754328235968599
-16,10,3.401044378146768
-16,10,1.6500000000000001
-16,10,1.6500000000000001
-16,10,1.6500000000000001
-16,10,3.2818304243738963
-16,10,1.6500000000000001
-16,10,1.6500000000000001
-16,10,1.6500000000000001
-16,10,2.904718875453749
-16,10,5.137492491810524
-16,10,1.6500000000000001
-16,10,1.6500000000000001
-16,10,2.134159384675501
-16,10,1.6500000000000001
-16,10,3.5530995015958333
-16,10,4.777315814836279
-16,10,2.516072806152886
-16,10,1.6500000000000001
-16,10,2.6054845160478823
-16,10,1.6500000000000001
-16,10,1.6500000000000001
-16,10,2.6854839853035366
-16,10,3.5804813423629347
-16,10,6.92669039469485
-16,10,1.6500000000000001
-16,10,1.6500000000000001
-16,10,1.6500000000000001
-16,10,1.6500000000000001
-16,10,1.6500000000000001
-16,10,1.6500000000000001
-16,10,1.6500000000000001
-16,10,4.522216225012984
-16,10,1.6500000000000001
-16,10,3.0868030803904953
-16,10,1.6500000000000001
-16,10,1.6500000000000001
-16,10,1.6500000000000001
-16,10,1.6500000000000001
-16,10,1.6500000000000001
-16,10,1.6500000000000001
-16,10,1.9638060987661303
-16,10,1.6500000000000001
-16,10,1.6500000000000001
-16,10,1.6500000000000001
-16,10,1.6500000000000001
-16,10,1.6500000000000001
-16,10,5.662042294199127
-16,10,1.6500000000000001
-16,10,2.4526397087315055
-16,10,1.6500000000000001
-16,10,1.6500000000000001
-16,10,1.6500000000000001
-16,10,1.6500000000000001
-16,9,1.6500000000000001
-16,9,1.6500000000000001
-16,9,1.6500000000000001
-16,9,1.6500000000000001
-16,9,1.6500000000000001
-16,9,1.6500000000000001
-16,9,1.6500000000000001
-16,9,1.6500000000000001
-16,9,1.6500000000000001
-16,9,3.407181884398052
-16,9,1.6500000000000001
-16,9,1.6500000000000001
-16,9,4.517703799574017
-16,9,3.406658195828666
-16,9,1.6500000000000001
-16,9,1.6500000000000001
-16,9,1.6500000000000001
-16,9,1.767931159650677
-16,9,4.328014744133411
-16,9,1.6500000000000001
-16,9,1.6500000000000001
-16,9,1.6500000000000001
-16,9,1.6500000000000001
-16,9,1.7819567845269881
-16,9,1.6500000000000001
-16,9,1.6500000000000001
-16,9,2.171381606972751
-16,9,1.6500000000000001
-16,9,1.6500000000000001
-16,9,1.6500000000000001
-16,9,1.6500000000000001
-16,9,1.6500000000000001
-16,9,1.927147874161622
-16,9,5.681956887139967
-16,9,1.6500000000000001
-16,9,2.5723370448679557
-16,9,3.137004127769309
-16,9,1.6500000000000001
-16,9,1.6500000000000001
-16,9,1.6500000000000001
-16,9,1.6500000000000001
-16,9,1.968263078946229
-16,9,1.6500000000000001
-16,9,1.6500000000000001
-16,9,1.6500000000000001
-16,9,1.6500000000000001
-16,9,1.6500000000000001
-16,9,2.4964552823718686
-16,9,1.6500000000000001
-16,9,1.6500000000000001
-16,9,3.4358752365347973
-16,9,1.6500000000000001
-16,9,1.6500000000000001
-16,9,3.2829413842871578
-16,9,1.6500000000000001
-16,9,1.6500000000000001
-16,9,1.6500000000000001
-16,9,4.179774505256194
-16,9,1.6500000000000001
-16,9,1.6500000000000001
-16,9,3.1781524684539195
-16,8,1.6500000000000001
-16,8,1.6500000000000001
-16,8,1.6500000000000001
-16,8,2.5097147493092464
-16,8,1.6500000000000001
-16,8,1.6500000000000001
-16,8,2.3412941930863584
-16,8,1.6500000000000001
-16,8,1.6500000000000001
-16,8,1.6500000000000001
-16,8,5.041574304481029
-16,8,1.6500000000000001
-16,8,2.8482147849403745
-16,8,1.6500000000000001
-16,8,1.6500000000000001
-16,8,3.408478575968308
-16,8,1.6500000000000001
-16,8,1.6500000000000001
-16,8,1.6500000000000001
-16,8,4.613273238573145
-16,8,1.6500000000000001
-16,8,1.6500000000000001
-16,8,1.6500000000000001
-16,8,2.3319029046875994
-16,8,5.646315660475539
-16,8,1.6500000000000001
-16,8,2.1081578449179688
-16,8,1.860225725166167
-16,8,1.6500000000000001
-16,8,1.6500000000000001
-16,8,1.6500000000000001
-16,8,1.6500000000000001
-16,8,1.6500000000000001
-16,8,1.6500000000000001
-16,8,1.6500000000000001
-16,8,1.6500000000000001
-16,8,1.6500000000000001
-16,8,2.4615301167405073
-16,8,1.6500000000000001
-16,8,1.6500000000000001
-16,8,1.6500000000000001
-16,8,1.6500000000000001
-16,8,1.6500000000000001
-16,8,1.6500000000000001
-16,8,1.6500000000000001
-16,8,4.007107823461983
-16,8,1.6500000000000001
-16,8,1.6500000000000001
-16,8,2.1488916334261523
-16,8,1.6500000000000001
-16,8,1.6500000000000001
-16,8,1.6500000000000001
-16,8,5.038898765145797
-16,8,1.6500000000000001
-16,8,2.7813476356409503
-16,8,1.6500000000000001
-16,8,1.6500000000000001
-16,8,2.073309530860407
-16,8,1.6500000000000001
-16,8,2.836004949495303
-16,8,1.6500000000000001
-16,8,1.6500000000000001
-16,7,1.6500000000000001
-16,7,6.197291416088118
-16,7,3.5059743648993487
-16,7,1.6500000000000001
-16,7,1.8655637232510998
-16,7,1.6500000000000001
-16,7,1.6500000000000001
-16,7,1.6500000000000001
-16,7,1.6500000000000001
-16,7,2.568267768256721
-16,7,1.6500000000000001
-16,7,4.120433408812312
-16,7,3.6159858295353966
-16,7,1.6500000000000001
-16,7,2.5477871057617336
-16,7,1.6500000000000001
-16,7,1.6500000000000001
-16,7,2.210512390737127
-16,7,3.478089348845984
-16,7,1.6500000000000001
-16,7,1.6500000000000001
-16,7,1.6500000000000001
-16,7,1.6500000000000001
-16,7,1.6500000000000001
-16,7,1.6500000000000001
-16,7,1.6500000000000001
-16,7,2.471394733430716
-16,7,1.6500000000000001
-16,7,1.6500000000000001
-16,7,1.6500000000000001
-16,7,1.6500000000000001
-16,7,7.786876286190541
-16,7,1.6500000000000001
-16,7,1.6500000000000001
-16,7,1.6500000000000001
-16,7,1.6500000000000001
-16,7,1.6500000000000001
-16,7,2.8701357743473066
-16,7,3.3751829774441084
-16,7,1.6500000000000001
-16,7,2.6067711117425936
-16,7,1.6500000000000001
-16,7,2.3027702334945084
-16,7,1.6500000000000001
-16,7,1.6500000000000001
-16,7,1.6500000000000001
-16,7,6.548332303911551
-16,7,1.6500000000000001
-16,7,1.6500000000000001
-16,7,1.6500000000000001
-16,7,1.6500000000000001
-16,7,4.118601580094748
-16,7,1.6500000000000001
-16,7,1.6500000000000001
-16,7,1.6500000000000001
-16,7,3.130409720581294
-16,7,1.6500000000000001
-16,7,2.0155972039415513
-16,7,1.6500000000000001
-16,7,1.6500000000000001
-16,7,1.6500000000000001
-16,7,1.6500000000000001
-17,7,1.6500000000000001
-17,7,1.6500000000000001
-17,7,1.6500000000000001
-17,7,1.6500000000000001
-17,7,3.827915187654969
-17,7,1.6500000000000001
-17,7,1.6500000000000001
-17,7,1.6500000000000001
-17,7,1.6500000000000001
-17,7,1.6500000000000001
-17,7,1.6500000000000001
-17,7,1.6500000000000001
-17,7,3.409799499691702
-17,7,1.6500000000000001
-17,7,1.6500000000000001
-17,7,1.6500000000000001
-17,7,1.6500000000000001
-17,7,1.6500000000000001
-17,7,1.6500000000000001
-17,7,2.0209096915937836
-17,7,1.8635978622648675
-17,7,1.6500000000000001
-17,7,2.3793304665870654
-17,7,1.6500000000000001
-17,7,1.6500000000000001
-17,7,2.226009279728253
-17,7,1.6500000000000001
-17,7,1.6500000000000001
-17,7,3.063128725752568
-17,7,1.6500000000000001
-17,7,3.3289231063894165
-17,7,1.6500000000000001
-17,7,4.332197097255829
-17,7,1.6500000000000001
-17,7,1.6500000000000001
-17,7,5.357127324437152
-17,7,1.7637524546487513
-17,7,1.6500000000000001
-17,7,1.6500000000000001
-17,7,1.7950659299527008
-17,7,1.6500000000000001
-17,7,2.106986432158327
-17,7,1.6500000000000001
-17,7,1.7804473056175378
-17,7,1.9301348938461722
-17,7,1.6500000000000001
-17,7,1.6500000000000001
-17,7,2.8061250068216417
-17,7,1.6500000000000001
-17,7,1.6500000000000001
-17,7,1.6500000000000001
-17,7,1.6500000000000001
-17,7,1.6500000000000001
-17,7,1.6500000000000001
-17,7,1.6500000000000001
-17,7,1.6500000000000001
-17,7,1.6500000000000001
-17,7,1.6500000000000001
-17,7,1.7407586390402785
-17,7,4.005568962877277
-17,7,3.794886691159394
-18,7,1.6500000000000001
-18,7,1.6500000000000001
-18,7,1.6500000000000001
-18,7,1.6500000000000001
-18,7,5.091875440784347
-18,7,3.1223704935053416
-18,7,1.6500000000000001
-18,7,1.6500000000000001
-18,7,1.6500000000000001
-18,7,1.6500000000000001
-18,7,1.6500000000000001
-18,7,1.6500000000000001
-18,7,1.6500000000000001
-18,7,1.6500000000000001
-18,7,1.6500000000000001
-18,7,1.6500000000000001
-18,7,2.2160796053627636
-18,7,1.6500000000000001
-18,7,1.6500000000000001
-18,7,1.6500000000000001
-18,7,1.6500000000000001
-18,7,5.3004275251102415
-18,7,1.6500000000000001
-18,7,1.7305927652222723
-18,7,1.6500000000000001
-18,7,1.6500000000000001
-18,7,1.6500000000000001
-18,7,2.4065044447719393
-18,7,1.6500000000000001
-18,7,1.6500000000000001
-18,7,5.066058164409703
-18,7,1.6500000000000001
-18,7,2.488859373106885
-18,7,1.6500000000000001
-18,7,1.6708011544355306
-18,7,2.9459438354923106
-18,7,3.3475694686135915
-18,7,2.8796898026120674
-18,7,1.6500000000000001
-18,7,1.6500000000000001
-18,7,3.343106033194662
-18,7,1.6500000000000001
-18,7,1.6500000000000001
-18,7,1.6500000000000001
-18,7,1.6500000000000001
-18,7,1.6500000000000001
-18,7,1.6500000000000001
-18,7,1.6500000000000001
-18,7,1.6500000000000001
-18,7,3.8271141154161055
-18,7,1.6500000000000001
-18,7,1.6500000000000001
-18,7,3.830487983401203
-18,7,1.6500000000000001
-18,7,1.6500000000000001
-18,7,1.6500000000000001
-18,7,1.6500000000000001
-18,7,1.6500000000000001
-18,7,1.6500000000000001
-18,7,1.6500000000000001
-18,7,1.6500000000000001
-18,7,1.6500000000000001
-19,7,1.6500000000000001
-19,7,1.6500000000000001
-19,7,1.6500000000000001
-19,7,1.6500000000000001
-19,7,1.6500000000000001
-19,7,1.6500000000000001
-19,7,1.6500000000000001
-19,7,1.6500000000000001
-19,7,2.566383756675584
-19,7,2.042926670897117
-19,7,1.6500000000000001
-19,7,1.6500000000000001
-19,7,1.6500000000000001
-19,7,1.6500000000000001
-19,7,1.6500000000000001
-19,7,1.6500000000000001
-19,7,3.5305175786848997
-19,7,1.6500000000000001
-19,7,1.6500000000000001
-19,7,3.9235895750939944
-19,7,1.6500000000000001
-19,7,4.220354261065719
-19,7,1.6500000000000001
-19,7,1.6500000000000001
-19,7,1.6500000000000001
-19,7,1.6500000000000001
-19,7,1.6500000000000001
-19,7,3.1978443361634663
-19,7,1.6500000000000001
-19,7,1.6500000000000001
-19,7,3.296126127811048
-19,7,1.6500000000000001
-19,7,1.6500000000000001
-19,7,1.6500000000000001
-19,7,1.6500000000000001
-19,7,1.6500000000000001
-19,7,1.6500000000000001
-19,7,1.6500000000000001
-19,7,2.0527321165399934
-19,7,1.6500000000000001
-19,7,1.6500000000000001
-19,7,1.6500000000000001
-19,7,1.6500000000000001
-19,7,1.6500000000000001
-19,7,1.6500000000000001
-19,7,1.6500000000000001
-19,7,1.6500000000000001
-19,7,7.636775411866011
-19,7,1.6500000000000001
-19,7,1.6500000000000001
-19,7,3.8605330670895146
-19,7,1.6500000000000001
-19,7,1.6500000000000001
-19,7,1.6500000000000001
-19,7,1.6500000000000001
-19,7,3.815002770702395
-19,7,1.6500000000000001
-19,7,1.6500000000000001
-19,7,1.6500000000000001
-19,7,1.6500000000000001
-19,7,1.6500000000000001
-19,8,1.6500000000000001
-19,8,1.6500000000000001
-19,8,1.6500000000000001
-19,8,1.6500000000000001
-19,8,1.7765010199386753
-19,8,1.6500000000000001
-19,8,1.6500000000000001
-19,8,1.6500000000000001
-19,8,1.6500000000000001
-19,8,3.474731186378304
-19,8,1.6500000000000001
-19,8,1.6500000000000001
-19,8,1.6500000000000001
-19,8,1.6500000000000001
-19,8,1.6500000000000001
-19,8,1.6500000000000001
-19,8,1.6500000000000001
-19,8,1.6500000000000001
-19,8,1.6500000000000001
-19,8,1.6500000000000001
-19,8,1.6500000000000001
-19,8,1.6500000000000001
-19,8,1.6500000000000001
-19,8,1.6500000000000001
-19,8,1.6500000000000001
-19,8,1.6500000000000001
-19,8,1.6500000000000001
-19,8,2.097915217551025
-19,8,1.6500000000000001
-19,8,2.6168372465510457
-19,8,2.7890685518693683
-19,8,2.063180337872703
-19,8,1.6500000000000001
-19,8,1.6500000000000001
-19,8,2.2800153457536467
-19,8,1.6500000000000001
-19,8,4.733932042171982
-19,8,1.6500000000000001
-19,8,2.185824176570589
-19,8,1.6500000000000001
-19,8,1.6500000000000001
-19,8,1.6500000000000001
-19,8,4.754994417854659
-19,8,1.6500000000000001
-19,8,1.6500000000000001
-19,8,1.6500000000000001
-19,8,1.6500000000000001
-19,8,1.6500000000000001
-19,8,1.6500000000000001
-19,8,1.6500000000000001
-19,8,4.129057616191467
-19,8,1.6500000000000001
-19,8,1.6500000000000001
-19,8,1.6500000000000001
-19,8,2.912288510823468
-19,8,4.896488830870849
-19,8,1.6500000000000001
-19,8,1.6500000000000001
-19,8,1.6500000000000001
-19,8,1.808407584523903
-19,8,3.535629148898498
-19,8,1.6500000000000001
-19,7,1.6500000000000001
-19,7,1.6500000000000001
-19,7,1.673498764107471
-19,7,1.6500000000000001
-19,7,3.3486064645050404
-19,7,1.6500000000000001
-19,7,1.6500000000000001
-19,7,2.7269725274230963
-19,7,1.6500000000000001
-19,7,1.6500000000000001
-19,7,1.6500000000000001
-19,7,1.6500000000000001
-19,7,1.6500000000000001
-19,7,1.6500000000000001
-19,7,1.6500000000000001
-19,7,1.6500000000000001
-19,7,1.6500000000000001
-19,7,5.431849203125797
-19,7,3.1284225567378052
-19,7,1.6500000000000001
-19,7,2.341997691296075
-19,7,3.42998873060111
-19,7,1.6500000000000001
-19,7,1.6500000000000001
-19,7,1.6500000000000001
-19,7,1.6500000000000001
-19,7,1.6500000000000001
-19,7,1.6500000000000001
-19,7,1.6500000000000001
-19,7,1.6500000000000001
-19,7,1.6500000000000001
-19,7,3.332219286452318
-19,7,1.6500000000000001
-19,7,4.468043899361255
-19,7,1.6500000000000001
-19,7,1.9607299139477727
-19,7,1.6500000000000001
-19,7,1.6500000000000001
-19,7,5.213634858653841
-19,7,1.6500000000000001
-19,7,2.201763804984606
-19,7,5.951551441829412
-19,7,1.6500000000000001
-19,7,2.236969268735667
-19,7,1.6500000000000001
-19,7,1.6500000000000001
-19,7,2.5193334290238023
-19,7,1.6500000000000001
-19,7,1.6500000000000001
-19,7,2.90006414307061
-19,7,1.6500000000000001
-19,7,1.6500000000000001
-19,7,1.6500000000000001
-19,7,1.6500000000000001
-19,7,1.6500000000000001
-19,7,1.6500000000000001
-19,7,1.6500000000000001
-19,7,1.6500000000000001
-19,7,1.6500000000000001
-19,7,1.6500000000000001
-19,7,1.6500000000000001
-19,7,1.6500000000000001
-19,6,1.6500000000000001
-19,6,2.5698047743247874
-19,6,1.6500000000000001
-19,6,2.3168433925553003
-19,6,1.6500000000000001
-19,6,1.6500000000000001
-19,6,1.6500000000000001
-19,6,4.547784642850444
-19,6,1.6500000000000001
-19,6,1.6500000000000001
-19,6,1.6500000000000001
-19,6,1.6500000000000001
-19,6,1.6500000000000001
-19,6,1.6500000000000001
-19,6,1.6500000000000001
-19,6,1.6500000000000001
-19,6,1.6500000000000001
-19,6,1.6500000000000001
-19,6,1.6500000000000001
-19,6,1.6500000000000001
-19,6,1.6500000000000001
-19,6,1.6500000000000001
-19,6,1.6500000000000001
-19,6,1.6500000000000001
-19,6,1.6500000000000001
-19,6,1.6500000000000001
-19,6,1.6500000000000001
-19,6,1.6500000000000001
-19,6,5.603383766130808
-19,6,1.6500000000000001
-19,6,1.6500000000000001
-19,6,1.6500000000000001
-19,6,1.6500000000000001
-19,6,1.6500000000000001
-19,6,1.6500000000000001
-19,6,1.7464181145570383
-19,6,1.6500000000000001
-19,6,1.6500000000000001
-19,6,1.6500000000000001
-19,6,1.6937881250588918
-19,6,1.6500000000000001
-19,6,2.22244926526646
-19,6,1.6500000000000001
-19,6,1.6500000000000001
-19,6,1.6500000000000001
-19,6,1.6500000000000001
-19,6,1.6500000000000001
-19,6,1.6500000000000001
-19,6,1.6500000000000001
-19,6,4.108884521678098
-19,6,1.6500000000000001
-19,6,1.6500000000000001
-19,6,1.6500000000000001
-19,6,1.6500000000000001
-19,6,1.6500000000000001
-19,6,1.6500000000000001
-19,6,1.6500000000000001
-19,6,1.6500000000000001
-19,6,1.6500000000000001
-19,6,1.6500000000000001
-19,6,1.6500000000000001
-19,5,1.6500000000000001
-19,5,1.6500000000000001
-19,5,1.6500000000000001
-19,5,1.6500000000000001
-19,5,1.6500000000000001
-19,5,1.6500000000000001
-19,5,1.6500000000000001
-19,5,1.6500000000000001
-19,5,1.6500000000000001
-19,5,1.6500000000000001
-19,5,1.6500000000000001
-19,5,3.0112517622198975
-19,5,2.854202959916488
-19,5,2.9189750731819437
-19,5,1.6500000000000001
-19,5,1.6500000000000001
-19,5,1.6500000000000001
-19,5,1.6500000000000001
-19,5,1.6500000000000001
-19,5,1.6500000000000001
-19,5,1.6500000000000001
-19,5,1.6500000000000001
-19,5,1.6500000000000001
-19,5,1.6500000000000001
-19,5,1.6500000000000001
-19,5,1.6500000000000001
-19,5,1.6500000000000001
-19,5,1.6500000000000001
-19,5,1.7829324065459935
-19,5,1.6500000000000001
-19,5,1.6500000000000001
-19,5,1.6500000000000001
-19,5,1.6500000000000001
-19,5,1.6500000000000001
-19,5,1.6500000000000001
-19,5,1.6500000000000001
-19,5,1.6500000000000001
-19,5,1.6500000000000001
-19,5,1.6500000000000001
-19,5,2.8692675736628312
-19,5,3.2750739273778553
-19,5,1.6500000000000001
-19,5,1.6500000000000001
-19,5,1.6500000000000001
-19,5,1.6500000000000001
-19,5,1.6500000000000001
-19,5,2.767180395665268
-19,5,1.6500000000000001
-19,5,1.6500000000000001
-19,5,3.345515054775281
-19,5,1.6500000000000001
-19,5,1.6500000000000001
-19,5,1.6500000000000001
-19,5,1.6500000000000001
-19,5,1.6500000000000001
-19,5,1.6500000000000001
-19,5,1.6500000000000001
-19,5,1.6500000000000001
-19,5,1.6500000000000001
-19,5,1.6500000000000001
-19,5,1.6500000000000001
-19,5,2.1220813314517457
-19,4,1.6500000000000001
-19,4,1.6500000000000001
-19,4,1.6500000000000001
-19,4,2.2482602896915056
-19,4,1.6500000000000001
-19,4,1.6500000000000001
-19,4,1.6500000000000001
-19,4,1.6500000000000001
-19,4,1.6500000000000001
-19,4,1.6500000000000001
-19,4,1.6500000000000001
-19,4,1.6500000000000001
-19,4,2.4598307548966876
-19,4,1.6500000000000001
-19,4,1.6500000000000001
-19,4,1.6500000000000001
-19,4,1.6500000000000001
-19,4,1.6500000000000001
-19,4,1.6500000000000001
-19,4,1.6500000000000001
-19,4,1.6500000000000001
-19,4,1.6500000000000001
-19,4,1.6500000000000001
-19,4,1.6500000000000001
-19,4,1.6500000000000001
-19,4,3.069927697510562
-19,4,1.6500000000000001
-19,4,1.6500000000000001
-19,4,1.6500000000000001
-19,4,8.652546657384919
-19,4,1.6500000000000001
-19,4,1.6500000000000001
-19,4,1.6500000000000001
-19,4,1.6500000000000001
-19,4,1.6500000000000001
-19,4,3.894894917397205
-19,4,1.6500000000000001
-19,4,1.6500000000000001
-19,4,1.6500000000000001
-19,4,1.788487013643248
-19,4,2.8074191908320323
-19,4,1.6500000000000001
-19,4,1.6500000000000001
-19,4,4.542687786343664
-19,4,1.6500000000000001
-19,4,1.6500000000000001
-19,4,1.6500000000000001
-19,4,1.6500000000000001
-19,4,2.511086057391193
-19,4,1.6500000000000001
-19,4,1.6500000000000001
-19,4,1.6500000000000001
-19,4,1.6500000000000001
-19,4,1.6500000000000001
-19,4,1.6500000000000001
-19,4,1.6500000000000001
-19,4,1.6500000000000001
-19,4,2.1916502745824866
-19,4,1.6500000000000001
-19,4,1.6500000000000001
-19,4,2.802187590568162
-19,3,1.6500000000000001
-19,3,1.6500000000000001
-19,3,1.6500000000000001
-19,3,2.976621159656412
-19,3,3.342782370347734
-19,3,1.6500000000000001
-19,3,1.6500000000000001
-19,3,1.6500000000000001
-19,3,1.6500000000000001
-19,3,1.6500000000000001
-19,3,1.6500000000000001
-19,3,1.6500000000000001
-19,3,1.6500000000000001
-19,3,2.8752150045912876
-19,3,1.7847596532273156
-19,3,3.3064639670932428
-19,3,1.6500000000000001
-19,3,4.007126086093356
-19,3,1.6500000000000001
-19,3,1.6500000000000001
-19,3,1.6500000000000001
-19,3,1.6500000000000001
-19,3,4.1869910278883244
-19,3,1.6500000000000001
-19,3,4.393860411994164
-19,3,1.6500000000000001
-19,3,1.6500000000000001
-19,3,1.6500000000000001
-19,3,3.853709690183032
-19,3,1.6500000000000001
-19,3,1.6500000000000001
-19,3,2.939783775405246
-19,3,1.6500000000000001
-19,3,1.6500000000000001
-19,3,1.6500000000000001
-19,3,1.6500000000000001
-19,3,2.2153745423811246
-19,3,1.6500000000000001
-19,3,1.6500000000000001
-19,3,1.6500000000000001
-19,3,1.6500000000000001
-19,3,1.6500000000000001
-19,3,1.6500000000000001
-19,3,1.6500000000000001
-19,3,1.6500000000000001
-19,3,1.6500000000000001
-19,3,1.6500000000000001
-19,3,3.0583935479467605
-19,3,1.6500000000000001
-19,3,1.6500000000000001
-19,3,1.6500000000000001
-19,3,1.6500000000000001
-19,3,1.6500000000000001
-19,3,1.6500000000000001
-19,3,1.6500000000000001
-19,3,1.6500000000000001
-19,3,5.987923430533596
-19,3,1.6500000000000001
-19,3,1.6500000000000001
-19,3,1.6500000000000001
-19,3,1.6500000000000001
-19,3,1.6500000000000001
-19,2,3.2663743497819606
-19,2,1.6500000000000001
-19,2,1.6500000000000001
-19,2,1.6500000000000001
-19,2,1.6500000000000001
-19,2,4.879164128664688
-19,2,1.6500000000000001
-19,2,3.0593096385598018
-19,2,1.6500000000000001
-19,2,1.6500000000000001
-19,2,1.6500000000000001
-19,2,1.6500000000000001
-19,2,1.6500000000000001
-19,2,2.354024725352268
-19,2,1.6500000000000001
-19,2,1.7218694697592714
-19,2,1.6500000000000001
-19,2,2.0647414881676998
-19,2,1.89031399782405
-19,2,1.6500000000000001
-19,2,1.6500000000000001
-19,2,1.6500000000000001
-19,2,1.6500000000000001
-19,2,1.6500000000000001
-19,2,1.6500000000000001
-19,2,1.6500000000000001
-19,2,1.6500000000000001
-19,2,1.6500000000000001
-19,2,2.302754003176827
-19,2,1.6500000000000001
-19,2,1.6500000000000001
-19,2,5.406092714382924
-19,2,1.6500000000000001
-19,2,1.6500000000000001
-19,2,2.5137776673267607
-19,2,1.6500000000000001
-19,2,3.5267495269247324
-19,2,1.6500000000000001
-19,2,1.6500000000000001
-19,2,1.6500000000000001
-19,2,1.6500000000000001
-19,2,1.6500000000000001
-19,2,1.6500000000000001
-19,2,1.6500000000000001
-19,2,1.6500000000000001
-19,2,1.7240070992987686
-19,2,1.6500000000000001
-19,2,1.6500000000000001
-19,2,1.6500000000000001
-19,2,1.6500000000000001
-19,2,1.6500000000000001
-19,2,1.6500000000000001
-19,2,2.9244640822032237
-19,2,2.2145932105902064
-19,2,1.6500000000000001
-19,2,1.6500000000000001
-19,2,1.6500000000000001
-19,2,1.6500000000000001
-19,2,1.6500000000000001
-19,2,1.6500000000000001
-19,2,1.6500000000000001
-19,2,1.6500000000000001
-19,1,1.6500000000000001
-19,1,1.6500000000000001
-19,1,1.6500000000000001
-19,1,1.6500000000000001
-19,1,1.6500000000000001
-19,1,1.6500000000000001
-19,1,1.6500000000000001
-19,1,1.6500000000000001
-19,1,1.6500000000000001
-19,1,1.6500000000000001
-19,1,1.6500000000000001
-19,1,1.6500000000000001
-19,1,1.6500000000000001
-19,1,1.6500000000000001
-19,1,3.429822208855221
-19,1,1.6500000000000001
-19,1,1.6500000000000001
-19,1,1.6500000000000001
-19,1,1.6500000000000001
-19,1,1.6500000000000001
-19,1,1.6500000000000001
-19,1,1.6500000000000001
-19,1,1.6500000000000001
-19,1,2.487673383130101
-19,1,1.6500000000000001
-19,1,5.39622190312772
-19,1,1.6500000000000001
-19,1,4.201598200359809
-19,1,1.6500000000000001
-19,1,3.146023356687906
-19,1,1.6500000000000001
-19,1,1.6500000000000001
-19,1,1.6500000000000001
-19,1,1.6500000000000001
-19,1,1.6500000000000001
-19,1,1.6500000000000001
-19,1,1.6500000000000001
-19,1,1.6500000000000001
-19,1,1.6500000000000001
-19,1,1.6500000000000001
-19,1,1.6500000000000001
-19,1,1.6500000000000001
-19,1,4.200327716122086
-19,1,1.6500000000000001
-19,1,2.1660004176381014
-19,1,1.6500000000000001
-19,1,1.6500000000000001
-19,1,1.6500000000000001
-19,1,1.774274100129642
-19,1,1.6500000000000001
-19,1,1.6500000000000001
-19,1,1.6500000000000001
-19,1,1.6500000000000001
-19,1,2.495882714277612
-19,1,1.6500000000000001
-19,1,1.6500000000000001
-19,1,1.6500000000000001
-19,1,1.6500000000000001
-19,1,1.6500000000000001
-19,1,1.6500000000000001
-19,1,1.6500000000000001
-19,0,1.6500000000000001
-19,0,1.6500000000000001
-19,0,1.6500000000000001
-19,0,1.6500000000000001
-19,0,1.6500000000000001
-19,0,2.736944630888177
-19,0,4.6192224390227885
-19,0,1.71407411774549
-19,0,1.6500000000000001
-19,0,1.6500000000000001
-19,0,1.6500000000000001
-19,0,1.6500000000000001
-19,0,1.6500000000000001
-19,0,1.6500000000000001
-19,0,1.6500000000000001
-19,0,2.9013323914282987
-19,0,1.6500000000000001
-19,0,1.6500000000000001
-19,0,1.6500000000000001
-19,0,1.6500000000000001
-19,0,1.6500000000000001
-19,0,1.6500000000000001
-19,0,1.6500000000000001
-19,0,1.6500000000000001
-19,0,1.6500000000000001
-19,0,1.6500000000000001
-19,0,1.6500000000000001
-19,0,1.6500000000000001
-19,0,1.6500000000000001
-19,0,1.6500000000000001
-19,0,1.6500000000000001
-19,0,1.6500000000000001
-19,0,1.6500000000000001
-19,0,1.6500000000000001
-19,0,1.6500000000000001
-19,0,1.6500000000000001
-19,0,1.6500000000000001
-19,0,1.6500000000000001
-19,0,1.6500000000000001
-19,0,1.6500000000000001
-19,0,4.4661691615859604
-19,0,1.6500000000000001
-19,0,1.6500000000000001
-19,0,1.6500000000000001
-19,0,1.6500000000000001
-19,0,3.202741950738493
-19,0,1.6500000000000001
-19,0,1.6500000000000001
-19,0,1.6500000000000001
-19,0,1.6500000000000001
-19,0,2.5849942117825604
-19,0,1.6500000000000001
-19,0,1.6500000000000001
-19,0,1.6500000000000001
-19,0,1.6500000000000001
-19,0,1.6500000000000001
-19,0,1.6500000000000001
-19,0,1.6500000000000001
-19,0,1.6500000000000001
-19,0,1.6500000000000001
-19,0,1.6500000000000001
-19,0,1.6500000000000001
-20,0,1.6500000000000001
-20,0,1.6500000000000001
-20,0,1.6500000000000001
-20,0,1.6500000000000001
-20,0,1.6500000000000001
-20,0,1.6500000000000001
-20,0,1.6500000000000001
-20,0,1.6500000000000001
-20,0,3.671239233538854
-20,0,1.6500000000000001
-20,0,1.6500000000000001
-20,0,1.6500000000000001
-20,0,1.6500000000000001
-20,0,1.6500000000000001
-20,0,1.6500000000000001
-20,0,6.5420365258486
-20,0,1.6500000000000001
-20,0,1.6500000000000001
-20,0,4.624906022709222
-20,0,1.6500000000000001
-20,0,1.6500000000000001
-20,0,1.6500000000000001
-20,0,1.6500000000000001
-20,0,1.6500000000000001
-20,0,1.6500000000000001
-20,0,1.6500000000000001
-20,0,1.6500000000000001
-20,0,1.6500000000000001
-20,0,1.6500000000000001
-20,0,1.6500000000000001
-20,0,1.6500000000000001
-20,0,1.6500000000000001
-20,0,1.6500000000000001
-20,0,1.6500000000000001
-20,0,1.6500000000000001
-20,0,3.3648818049022338
-20,0,3.9966795367714854
-20,0,1.6500000000000001
-20,0,1.6500000000000001
-20,0,3.683463164796082
-20,0,1.6500000000000001
-20,0,4.134387732180837
-20,0,1.6500000000000001
-20,0,1.6500000000000001
-20,0,2.3632832244934607
-20,0,1.6500000000000001
-20,0,1.6500000000000001
-20,0,1.6500000000000001
-20,0,1.6500000000000001
-20,0,1.81547642552197
-20,0,1.6500000000000001
-20,0,1.6500000000000001
-20,0,1.9453317848445801
-20,0,1.6500000000000001
-20,0,1.6500000000000001
-20,0,1.7128044868712826
-20,0,1.6500000000000001
-20,0,1.6500000000000001
-20,0,1.6500000000000001
-20,0,1.6500000000000001
-20,0,1.6500000000000001
-20,0,1.6500000000000001
-20,1,1.6500000000000001
-20,1,1.6500000000000001
-20,1,1.6500000000000001
-20,1,1.6500000000000001
-20,1,1.6500000000000001
-20,1,5.049800879017749
-20,1,1.6500000000000001
-20,1,1.9727141873412584
-20,1,1.6500000000000001
-20,1,1.6500000000000001
-20,1,1.6500000000000001
-20,1,1.6500000000000001
-20,1,1.6500000000000001
-20,1,1.6500000000000001
-20,1,3.8320297843133355
-20,1,1.6500000000000001
-20,1,1.6500000000000001
-20,1,2.159374040785336
-20,1,3.114835794685654
-20,1,1.6500000000000001
-20,1,1.8928283030895772
-20,1,1.6500000000000001
-20,1,1.6500000000000001
-20,1,1.6500000000000001
-20,1,1.6500000000000001
-20,1,4.263917710608928
-20,1,1.6500000000000001
-20,1,1.6500000000000001
-20,1,1.6500000000000001
-20,1,1.6500000000000001
-20,1,1.6500000000000001
-20,1,1.6500000000000001
-20,1,1.6500000000000001
-20,1,1.6500000000000001
-20,1,1.6500000000000001
-20,1,1.96709826532297
-20,1,1.6500000000000001
-20,1,4.833312498769037
-20,1,1.6500000000000001
-20,1,1.6500000000000001
-20,1,1.97569601430511
-20,1,1.6500000000000001
-20,1,1.6500000000000001
-20,1,2.235061800075142
-20,1,1.6500000000000001
-20,1,1.6500000000000001
-20,1,1.6500000000000001
-20,1,1.6500000000000001
-20,1,1.6500000000000001
-20,1,1.6500000000000001
-20,1,1.6500000000000001
-20,1,1.6500000000000001
-20,1,1.6500000000000001
-20,1,1.6500000000000001
-20,1,1.6500000000000001
-20,1,1.6500000000000001
-20,1,2.87364852571796
-20,1,1.6500000000000001
-20,1,1.6500000000000001
-20,1,1.6500000000000001
-20,1,2.930970138484967
-19,1,1.6500000000000001
-19,1,6.116952264599226
-19,1,5.31369985634102
-19,1,1.6500000000000001
-19,1,1.6500000000000001
-19,1,1.6500000000000001
-19,1,4.17324988936926
-19,1,1.87452842086695
-19,1,2.1667028775540764
-19,1,1.6500000000000001
-19,1,5.714202763588728
-19,1,1.6500000000000001
-19,1,1.6500000000000001
-19,1,1.6500000000000001
-19,1,1.6500000000000001
-19,1,1.6500000000000001
-19,1,3.327118426930367
-19,1,1.6500000000000001
-19,1,1.6500000000000001
-19,1,1.6500000000000001
-19,1,1.6500000000000001
-19,1,1.6500000000000001
-19,1,4.757359549227672
-19,1,1.6500000000000001
-19,1,1.6500000000000001
-19,1,1.6500000000000001
-19,1,1.9007396748763594
-19,1,1.6500000000000001
-19,1,1.6500000000000001
-19,1,1.6500000000000001
-19,1,1.6500000000000001
-19,1,1.6500000000000001
-19,1,1.6500000000000001
-19,1,1.6500000000000001
-19,1,1.6500000000000001
-19,1,1.6500000000000001
-19,1,5.557580243778559
-19,1,1.6500000000000001
-19,1,1.6500000000000001
-19,1,4.116190182942988
-19,1,1.6500000000000001
-19,1,1.6500000000000001
-19,1,1.6500000000000001
-19,1,1.6500000000000001
-19,1,10.321731623603565
-19,1,1.6500000000000001
-19,1,1.6500000000000001
-19,1,1.9382605613141428
-19,1,4.673291047426243
-19,1,1.6500000000000001
-19,1,1.6500000000000001
-19,1,1.6500000000000001
-19,1,1.6500000000000001
-19,1,1.6500000000000001
-19,1,1.6500000000000001
-19,1,4.0302452352486275
-19,1,1.6500000000000001
-19,1,1.6500000000000001
-19,1,2.321483020300268
-19,1,1.9257243262893575
-19,1,1.6500000000000001
-19,1,2.1859588961202965
-18,1,1.6500000000000001
-18,1,1.6500000000000001
-18,1,1.6500000000000001
-18,1,1.6500000000000001
-18,1,1.6500000000000001
-18,1,1.6500000000000001
-18,1,1.9781443750469925
-18,1,1.6500000000000001
-18,1,1.6500000000000001
-18,1,2.0775972910549276
-18,1,1.6500000000000001
-18,1,1.6500000000000001
-18,1,1.6500000000000001
-18,1,1.6500000000000001
-18,1,3.5891534832797767
-18,1,3.5554137721495334
-18,1,1.6500000000000001
-18,1,1.6500000000000001
-18,1,1.6500000000000001
-18,1,1.6500000000000001
-18,1,1.8806766660819751
-18,1,1.6500000000000001
-18,1,1.6500000000000001
-18,1,1.6500000000000001
-18,1,4.966244612694701
-18,1,1.6500000000000001
-18,1,2.9288159526897104
-18,1,1.6500000000000001
-18,1,1.6500000000000001
-18,1,1.6500000000000001
-18,1,1.6500000000000001
-18,1,1.6500000000000001
-18,1,3.982240556660422
-18,1,5.7840912037631425
-18,1,1.6500000000000001
-18,1,1.6500000000000001
-18,1,1.6500000000000001
-18,1,1.6500000000000001
-18,1,3.1441448490470023
-18,1,1.6500000000000001
-18,1,1.6500000000000001
-18,1,2.570978182692675
-18,1,3.901278003828136
-18,1,1.6500000000000001
-18,1,1.6500000000000001
-18,1,2.9734738440931254
-18,1,3.094829897588685
-18,1,2.0404288293382216
-18,1,5.07343828220998
-18,1,1.6500000000000001
-18,1,1.6500000000000001
-18,1,1.6500000000000001
-18,1,1.6500000000000001
-18,1,1.6500000000000001
-18,1,2.4466285826659075
-18,1,1.9339475783697937
-18,1,1.6500000000000001
-18,1,1.6500000000000001
-18,1,1.6500000000000001
-18,1,1.6500000000000001
-18,1,1.6500000000000001
-17,1,3.655616497380094
-17,1,1.6500000000000001
-17,1,1.6500000000000001
-17,1,1.655922773055203
-17,1,1.6500000000000001
-17,1,3.214114014387695
-17,1,1.6500000000000001
-17,1,1.6500000000000001
-17,1,1.6500000000000001
-17,1,1.6500000000000001
-17,1,1.6500000000000001
-17,1,1.6500000000000001
-17,1,1.6500000000000001
-17,1,1.6500000000000001
-17,1,1.6500000000000001
-17,1,1.6500000000000001
-17,1,2.5383581728029543
-17,1,1.8641305003289492
-17,1,2.3226801425546175
-17,1,2.5150060988582386
-17,1,4.857141337129354
-17,1,3.8993479879010984
-17,1,1.6500000000000001
-17,1,1.6500000000000001
-17,1,1.6500000000000001
-17,1,1.6500000000000001
-17,1,2.8701463504560922
-17,1,1.680517665738933
-17,1,2.1244215038919254
-17,1,3.631321229824724
-17,1,1.6500000000000001
-17,1,1.6500000000000001
-17,1,1.6500000000000001
-17,1,1.6500000000000001
-17,1,1.6500000000000001
-17,1,1.6500000000000001
-17,1,1.6500000000000001
-17,1,1.6500000000000001
-17,1,1.6500000000000001
-17,1,4.1186983143173315
-17,1,1.6500000000000001
-17,1,1.6500000000000001
-17,1,1.6500000000000001
-17,1,1.6500000000000001
-17,1,3.8664471623606587
-17,1,2.577587279338362
-17,1,1.6500000000000001
-17,1,4.199102639747872
-17,1,1.6500000000000001
-17,1,1.6500000000000001
-17,1,1.6500000000000001
-17,1,1.6500000000000001
-17,1,1.6500000000000001
-17,1,1.6500000000000001
-17,1,1.6500000000000001
-17,1,1.6500000000000001
-17,1,1.6500000000000001
-17,1,2.8155037484133643
-17,1,1.6500000000000001
-17,1,1.6500000000000001
-17,1,2.298633080140177
-17,1,1.6500000000000001
-17,2,2.264642660633221
-17,2,1.6500000000000001
-17,2,1.6500000000000001
-17,2,3.591362110625946
-17,2,1.6500000000000001
-17,2,2.320812162362303
-17,2,1.6500000000000001
-17,2,1.6500000000000001
-17,2,1.6500000000000001
-17,2,11.311919010888126
-17,2,1.6500000000000001
-17,2,1.6500000000000001
-17,2,1.6500000000000001
-17,2,1.6500000000000001
-17,2,1.6500000000000001
-17,2,1.6500000000000001
-17,2,1.6500000000000001
-17,2,2.1344966824338325
-17,2,1.6500000000000001
-17,2,1.6500000000000001
-17,2,2.9936807389342284
-17,2,1.6500000000000001
-17,2,1.6500000000000001
-17,2,9.100781672603905
-17,2,3.2673137408241955
-17,2,1.6500000000000001
-17,2,4.065359389430761
-17,2,1.6500000000000001
-17,2,1.6500000000000001
-17,2,1.6500000000000001
-17,2,1.6500000000000001
-17,2,4.164038952189637
-17,2,1.6500000000000001
-17,2,1.6500000000000001
-17,2,1.6500000000000001
-17,2,1.6500000000000001
-17,2,1.6500000000000001
-17,2,1.6500000000000001
-17,2,3.7689162967375407
-17,2,1.6500000000000001
-17,2,1.6500000000000001
-17,2,1.6500000000000001
-17,2,3.452165709570354
-17,2,3.5540470076981547
-17,2,1.6500000000000001
-17,2,8.169060417388593
-17,2,1.6500000000000001
-17,2,2.0188734783056983
-17,2,1.6500000000000001
-17,2,1.6500000000000001
-17,2,1.6500000000000001
-17,2,1.6500000000000001
-17,2,2.5239280833508153
-17,2,1.7430975390322334
-17,2,1.6500000000000001
-17,2,1.6500000000000001
-17,2,1.6500000000000001
-17,2,1.6500000000000001
-17,2,2.9916449617562817
-17,2,1.6500000000000001
-17,2,1.889834366046395
-17,2,1.6500000000000001
-16,2,3.0732847813480326
-16,2,1.6500000000000001
-16,2,1.6500000000000001
-16,2,2.0502093254446683
-16,2,2.0324544921885233
-16,2,1.6500000000000001
-16,2,1.6500000000000001
-16,2,1.6500000000000001
-16,2,1.6500000000000001
-16,2,1.6500000000000001
-16,2,1.6500000000000001
-16,2,1.6500000000000001
-16,2,3.2021303136363097
-16,2,4.55021593157547
-16,2,2.812021135020961
-16,2,4.605937010031962
-16,2,1.6500000000000001
-16,2,2.0244105996049724
-16,2,1.6500000000000001
-16,2,1.6500000000000001
-16,2,1.6500000000000001
-16,2,2.177896799475633
-16,2,6.290728806111203
-16,2,1.6500000000000001
-16,2,1.6500000000000001
-16,2,3.9033013431909884
-16,2,1.6500000000000001
-16,2,2.4285917804728174
-16,2,1.6500000000000001
-16,2,2.396412845135737
-16,2,1.6500000000000001
-16,2,1.6500000000000001
-16,2,1.6500000000000001
-16,2,5.073979499756225
-16,2,2.397340147821899
-16,2,1.6500000000000001
-16,2,1.6500000000000001
-16,2,2.5483420460335022
-16,2,1.6500000000000001
-16,2,1.6500000000000001
-16,2,4.123760264720141
-16,2,2.143680713008798
-16,2,1.6500000000000001
-16,2,1.6500000000000001
-16,2,1.6500000000000001
-16,2,1.6500000000000001
-16,2,3.5046629595975762
-16,2,1.829364878805979
-16,2,1.6500000000000001
-16,2,2.748378040780729
-16,2,1.6500000000000001
-16,2,1.6500000000000001
-16,2,1.6500000000000001
-16,2,5.354597745026401
-16,2,1.6500000000000001
-16,2,1.6500000000000001
-16,2,1.6500000000000001
-16,2,1.6500000000000001
-16,2,5.613901686274543
-16,2,1.6500000000000001
-16,2,1.6500000000000001
-15,2,1.6500000000000001
-15,2,4.310172648294966
-15,2,3.866321427237754
-15,2,6.020447533102858
-15,2,1.6500000000000001
-15,2,1.6500000000000001
-15,2,2.3240883118254008
-15,2,1.6500000000000001
-15,2,3.2467334871153386
-15,2,1.6500000000000001
-15,2,1.6500000000000001
-15,2,3.458918878414879
-15,2,1.6500000000000001
-15,2,1.6500000000000001
-15,2,2.4070693158534677
-15,2,2.2155123190373542
-15,2,1.6500000000000001
-15,2,1.6500000000000001
-15,2,1.6500000000000001
-15,2,1.6500000000000001
-15,2,1.6500000000000001
-15,2,1.6500000000000001
-15,2,1.6500000000000001
-15,2,1.6500000000000001
-15,2,1.6500000000000001
-15,2,1.6500000000000001
-15,2,1.6500000000000001
-15,2,3.4174617513636525
-15,2,3.0256785182563286
-15,2,5.226791018236735
-15,2,2.8412551186355026
-15,2,3.163072850452747
-15,2,1.6500000000000001
-15,2,1.6500000000000001
-15,2,1.6500000000000001
-15,2,1.6500000000000001
-15,2,1.6500000000000001
-15,2,3.6559923761637356
-15,2,1.6500000000000001
-15,2,7.165897133862007
-15,2,1.6500000000000001
-15,2,1.6500000000000001
-15,2,1.6839644553552207
-15,2,3.9343646778985795
-15,2,1.6500000000000001
-15,2,2.0450228832563178
-15,2,1.6500000000000001
-15,2,1.6500000000000001
-15,2,1.6500000000000001
-15,2,1.6500000000000001
-15,2,1.6500000000000001
-15,2,1.6500000000000001
-15,2,1.6500000000000001
-15,2,1.6500000000000001
-15,2,3.931668663148742
-15,2,1.6500000000000001
-15,2,1.6500000000000001
-15,2,1.6500000000000001
-15,2,1.6500000000000001
-15,2,1.849289899164755
-15,2,1.6500000000000001
-15,2,1.6500000000000001
-15,3,1.6500000000000001
-15,3,1.6500000000000001
-15,3,1.6500000000000001
-15,3,1.6500000000000001
-15,3,1.9165663648854792
-15,3,1.6500000000000001
-15,3,2.971375627604675
-15,3,1.6500000000000001
-15,3,1.6500000000000001
-15,3,1.6500000000000001
-15,3,3.002448171142651
-15,3,2.637064939518565
-15,3,4.238529194277355
-15,3,1.6500000000000001
-15,3,1.6500000000000001
-15,3,1.6500000000000001
-15,3,1.9846341331629476
-15,3,1.6500000000000001
-15,3,3.2598265140523095
-15,3,1.6500000000000001
-15,3,1.6500000000000001
-15,3,4.547393528357233
-15,3,1.6500000000000001
-15,3,1.6500000000000001
-15,3,1.6500000000000001
-15,3,1.6500000000000001
-15,3,1.6500000000000001
-15,3,5.250567144319176
-15,3,4.902641564565968
-15,3,1.6500000000000001
-15,3,1.6500000000000001
-15,3,3.9728414087918247
-15,3,1.6500000000000001
-15,3,1.6500000000000001
-15,3,1.6500000000000001
-15,3,1.6500000000000001
-15,3,3.464243659782052
-15,3,1.6500000000000001
-15,3,1.6500000000000001
-15,3,1.6500000000000001
-15,3,2.430531457308935
-15,3,1.6500000000000001
-15,3,1.6500000000000001
-15,3,1.6500000000000001
-15,3,1.9679491430367737
-15,3,1.6500000000000001
-15,3,1.6500000000000001
-15,3,1.6500000000000001
-15,3,1.6500000000000001
-15,3,1.6500000000000001
-15,3,1.6500000000000001
-15,3,2.4019795048427253
-15,3,2.419689465840074
-15,3,1.6500000000000001
-15,3,1.6500000000000001
-15,3,1.6500000000000001
-15,3,1.6500000000000001
-15,3,1.6500000000000001
-15,3,1.6500000000000001
-15,3,1.6500000000000001
-15,3,1.6500000000000001
-14,3,1.6500000000000001
-14,3,1.6500000000000001
-14,3,1.6500000000000001
-14,3,1.6500000000000001
-14,3,1.6500000000000001
-14,3,1.6500000000000001
-14,3,1.6500000000000001
-14,3,3.741506530889965
-14,3,4.611299924310522
-14,3,1.6500000000000001
-14,3,1.6500000000000001
-14,3,1.6500000000000001
-14,3,2.3134918910522426
-14,3,1.6500000000000001
-14,3,1.6500000000000001
-14,3,1.7118452397916926
-14,3,1.6500000000000001
-14,3,1.6500000000000001
-14,3,1.6500000000000001
-14,3,1.6500000000000001
-14,3,1.6500000000000001
-14,3,2.1809682147109846
-14,3,1.9141787349907715
-14,3,5.034911251378073
-14,3,2.442943973211376
-14,3,1.6500000000000001
-14,3,1.6500000000000001
-14,3,1.6500000000000001
-14,3,1.7307188881422808
-14,3,2.805188982117472
-14,3,1.6500000000000001
-14,3,6.7973061665032155
-14,3,1.6500000000000001
-14,3,1.6500000000000001
-14,3,4.560610029890124
-14,3,1.6500000000000001
-14,3,1.6500000000000001
-14,3,4.315934799865961
-14,3,1.6500000000000001
-14,3,1.6500000000000001
-14,3,4.538210250490058
-14,3,4.89919014116464
-14,3,5.687055873830047
-14,3,9.675585927129873
-14,3,1.6500000000000001
-14,3,1.6500000000000001
-14,3,5.003787998327019
-14,3,3.1334969910712056
-14,3,1.6500000000000001
-14,3,1.6500000000000001
-14,3,1.6500000000000001
-14,3,1.6500000000000001
-14,3,1.6500000000000001
-14,3,1.6500000000000001
-14,3,2.4431241286578436
-14,3,1.6500000000000001
-14,3,1.6500000000000001
-14,3,5.0600341610397175
-14,3,2.6048706268235335
-14,3,1.6500000000000001
-14,3,1.7054649581254275
-14,3,1.6500000000000001
-14,4,5.687973351541848
-14,4,1.6500000000000001
-14,4,1.6500000000000001
-14,4,1.6500000000000001
-14,4,1.6500000000000001
-14,4,3.555890602154431
-14,4,1.6500000000000001
-14,4,1.6500000000000001
-14,4,1.6500000000000001
-14,4,5.1322079273695955
-14,4,1.6684939690987628
-14,4,4.5982413418710015
-14,4,1.6500000000000001
-14,4,1.6500000000000001
-14,4,1.6500000000000001
-14,4,5.300841597394271
-14,4,7.467619792966801
-14,4,4.871896968510482
-14,4,3.320123385457345
-14,4,2.209291263473755
-14,4,1.6500000000000001
-14,4,5.446036133573905
-14,4,4.71698063711942
-14,4,1.6500000000000001
-14,4,1.6500000000000001
-14,4,1.6500000000000001
-14,4,1.6500000000000001
-14,4,1.6500000000000001
-14,4,6.304393048446198
-14,4,1.6500000000000001
-14,4,1.6500000000000001
-14,4,8.6544720133395
-14,4,3.608585271972637
-14,4,4.8901167034050435
-14,4,7.831981243051463
-14,4,1.6500000000000001
-14,4,1.6500000000000001
-14,4,2.1082016461111506
-14,4,1.6500000000000001
-14,4,7.698880728033817
-14,4,4.875850886358149
-14,4,1.6500000000000001
-14,4,1.6500000000000001
-14,4,1.6500000000000001
-14,4,1.6500000000000001
-14,4,1.6500000000000001
-14,4,4.358214277036751
-14,4,1.6500000000000001
-14,4,1.6500000000000001
-14,4,1.6500000000000001
-14,4,1.6500000000000001
-14,4,1.6500000000000001
-14,4,3.567748296877005
-14,4,5.583130376404499
-14,4,1.6500000000000001
-14,4,1.6500000000000001
-14,4,1.6500000000000001
-14,4,1.6500000000000001
-14,4,1.6500000000000001
-14,4,1.6500000000000001
-14,4,3.5620911649965246
-14,4,1.6500000000000001
-13,4,2.7623661341544357
-13,4,1.6500000000000001
-13,4,3.685241850998623
-13,4,1.6500000000000001
-13,4,2.4617837407419003
-13,4,1.6500000000000001
-13,4,3.452656811625098
-13,4,4.3375609892300915
-13,4,4.0201551102240645
-13,4,1.6500000000000001
-13,4,1.6500000000000001
-13,4,1.6500000000000001
-13,4,6.003209439555164
-13,4,1.6500000000000001
-13,4,1.6500000000000001
-13,4,4.418370824076802
-13,4,1.6500000000000001
-13,4,1.902852383761715
-13,4,4.810487552546139
-13,4,1.6500000000000001
-13,4,4.098213661910246
-13,4,1.6500000000000001
-13,4,2.441684756048489
-13,4,5.806575121191354
-13,4,1.6500000000000001
-13,4,1.6500000000000001
-13,4,1.6500000000000001
-13,4,1.6500000000000001
-13,4,1.6500000000000001
-13,4,2.2864647591725045
-13,4,1.6500000000000001
-13,4,4.673490002719349
-13,4,5.2924965978331295
-13,4,4.314229374235664
-13,4,1.6500000000000001
-13,4,5.394082742144962
-13,4,3.186384817308955
-13,4,7.344642958725468
-13,4,4.482629751348005
-13,4,2.8846683182676114
-13,4,2.6848389974960334
-13,4,1.6500000000000001
-13,4,1.6500000000000001
-13,4,9.016558983598422
-13,4,1.8431310508902714
-13,4,1.6500000000000001
-13,4,1.6500000000000001
-13,4,4.71553721419899
-13,4,1.6500000000000001
-13,4,1.6500000000000001
-13,4,1.6500000000000001
-13,4,1.6500000000000001
-13,4,9.124542646139858
-13,4,3.5184191363383226
-13,4,1.6500000000000001
-13,4,6.202809272167983
-13,4,1.6500000000000001
-13,4,1.6500000000000001
-13,4,1.6500000000000001
-13,4,1.6500000000000001
-13,4,1.6500000000000001
-12,4,5.417531898101703
-12,4,1.6500000000000001
-12,4,2.1711538543145306
-12,4,1.6500000000000001
-12,4,1.6500000000000001
-12,4,2.7515259734609154
-12,4,1.6500000000000001
-12,4,4.115779352232684
-12,4,4.591330383878233
-12,4,1.6500000000000001
-12,4,1.6500000000000001
-12,4,6.143253145782613
-12,4,2.3890442227331037
-12,4,2.914564810139707
-12,4,1.8864195387463438
-12,4,2.4434558525308523
-12,4,1.6500000000000001
-12,4,1.6500000000000001
-12,4,1.6500000000000001
-12,4,2.0723337652110416
-12,4,5.957643066600873
-12,4,1.6500000000000001
-12,4,5.929324257254965
-12,4,2.0875596978298434
-12,4,1.6500000000000001
-12,4,7.256657857625135
-12,4,1.6500000000000001
-12,4,5.560314283310303
-12,4,4.209339741196322
-12,4,5.4532235052359885
-12,4,3.1740489220122274
-12,4,2.8459595103033934
-12,4,1.6500000000000001
-12,4,1.6500000000000001
-12,4,1.6500000000000001
-12,4,6.81860950275287
-12,4,1.9288206847843383
-12,4,1.6500000000000001
-12,4,2.190927772087736
-12,4,2.8220861189155793
-12,4,1.6500000000000001
-12,4,1.6500000000000001
-12,4,1.6500000000000001
-12,4,1.6500000000000001
-12,4,1.6500000000000001
-12,4,4.667673461652386
-12,4,3.553336647927357
-12,4,3.0413462436071805
-12,4,3.5190204174618387
-12,4,1.6500000000000001
-12,4,1.6500000000000001
-12,4,4.717479311234468
-12,4,1.9678874509865276
-12,4,2.031367797536297
-12,4,1.6500000000000001
-12,4,1.6500000000000001
-12,4,4.034262368926834
-12,4,3.5098466638184767
-12,4,3.1249207363473865
-12,4,6.6802684756544775
-12,4,2.6299813738646507
-12,4,4.105656515005733
-12,5,1.6500000000000001
-12,5,2.2439953067054423
-12,5,1.8197194988439866
-12,5,3.4674445020980533
-12,5,4.130585406782426
-12,5,1.6500000000000001
-12,5,1.6500000000000001
-12,5,1.6500000000000001
-12,5,1.6500000000000001
-12,5,1.6500000000000001
-12,5,4.4033794115748535
-12,5,6.949027966980383
-12,5,1.6500000000000001
-12,5,1.6852926131940946
-12,5,3.4794375618657662
-12,5,1.6500000000000001
-12,5,3.3526268171250653
-12,5,1.6500000000000001
-12,5,1.6500000000000001
-12,5,2.0092125501156772
-12,5,1.6500000000000001
-12,5,2.167686617127441
-12,5,1.6500000000000001
-12,5,3.005003420611403
-12,5,2.767568003105173
-12,5,1.6500000000000001
-12,5,1.6500000000000001
-12,5,2.159395536990936
-12,5,7.130667149543736
-12,5,1.6500000000000001
-12,5,1.6500000000000001
-12,5,4.183429990223813
-12,5,1.6500000000000001
-12,5,4.091526432015991
-12,5,1.6500000000000001
-12,5,4.290498509409893
-12,5,3.368822085068479
-12,5,1.6500000000000001
-12,5,2.212596283514496
-12,5,1.6500000000000001
-12,5,1.6500000000000001
-12,5,1.6500000000000001
-12,5,1.6500000000000001
-12,5,2.079847583640829
-12,5,5.478016830873081
-12,5,1.6500000000000001
-12,5,8.052922943410008
-12,5,1.6500000000000001
-12,5,5.02481916515665
-12,5,1.6500000000000001
-12,5,5.090017655270177
-12,5,1.6500000000000001
-12,5,2.026571042782811
-12,5,1.6500000000000001
-12,5,4.428919807318386
-12,5,1.6500000000000001
-12,5,5.614877110568196
-12,5,5.144875882962118
-12,5,4.74556624852978
-12,5,1.6500000000000001
-12,5,1.6500000000000001
-12,6,3.2644013310907694
-12,6,1.6500000000000001
-12,6,1.6500000000000001
-12,6,1.6500000000000001
-12,6,1.6500000000000001
-12,6,1.6500000000000001
-12,6,5.081157423710019
-12,6,1.97962626926991
-12,6,1.6500000000000001
-12,6,1.6500000000000001
-12,6,2.998666686654215
-12,6,1.6500000000000001
-12,6,1.6500000000000001
-12,6,2.3360998988394286
-12,6,2.8898249272498493
-12,6,1.6500000000000001
-12,6,1.6500000000000001
-12,6,4.607085217595696
-12,6,1.6500000000000001
-12,6,3.790010152568188
-12,6,1.6500000000000001
-12,6,5.336263733599084
-12,6,4.640585473446481
-12,6,3.759472575758366
-12,6,1.6500000000000001
-12,6,4.325473841278638
-12,6,1.6500000000000001
-12,6,2.2178599126097778
-12,6,3.059370744820068
-12,6,3.8623635376937906
-12,6,1.6500000000000001
-12,6,5.475171609777172
-12,6,4.671715496558658
-12,6,1.6500000000000001
-12,6,3.1055853983300343
-12,6,1.6500000000000001
-12,6,1.6500000000000001
-12,6,1.6500000000000001
-12,6,3.4225462112961567
-12,6,4.802294781083647
-12,6,1.6500000000000001
-12,6,1.8247441616020952
-12,6,1.6500000000000001
-12,6,1.6500000000000001
-12,6,3.3073559788660005
-12,6,2.8893363106709127
-12,6,5.119793303906517
-12,6,6.604024488901954
-12,6,5.687071276303725
-12,6,2.8030459744876777
-12,6,4.575207285300412
-12,6,1.6500000000000001
-12,6,1.6500000000000001
-12,6,1.6500000000000001
-12,6,1.6500000000000001
-12,6,3.0478763064933196
-12,6,1.6500000000000001
-12,6,1.6500000000000001
-12,6,4.015210268600109
-12,6,1.6500000000000001
-12,6,4.069340317014339
-12,6,2.46482057332104
-12,5,5.070452216425692
-12,5,3.799806048176094
-12,5,1.6500000000000001
-12,5,1.6500000000000001
-12,5,1.6500000000000001
-12,5,2.290844442613749
-12,5,4.018392148253584
-12,5,1.6500000000000001
-12,5,1.6500000000000001
-12,5,1.6500000000000001
-12,5,1.6500000000000001
-12,5,1.6500000000000001
-12,5,3.8405625034459794
-12,5,1.8111404498223185
-12,5,5.298548256788001
-12,5,1.7460020349030398
-12,5,4.90245497679894
-12,5,1.6500000000000001
-12,5,1.6500000000000001
-12,5,1.6500000000000001
-12,5,2.1667910488286704
-12,5,4.40095468429203
-12,5,5.298111937406628
-12,5,1.6500000000000001
-12,5,3.237204901917
-12,5,1.6500000000000001
-12,5,1.6500000000000001
-12,5,4.407933927356986
-12,5,1.6500000000000001
-12,5,1.6500000000000001
-12,5,1.6500000000000001
-12,5,1.6500000000000001
-12,5,1.6500000000000001
-12,5,2.444504231321872
-12,5,3.5661573606781243
-12,5,1.6500000000000001
-12,5,1.6500000000000001
-12,5,2.532756812144453
-12,5,1.6500000000000001
-12,5,5.596297539499289
-12,5,6.346862680270698
-12,5,1.6500000000000001
-12,5,1.6500000000000001
-12,5,3.4671298920095044
-12,5,1.6500000000000001
-12,5,1.6500000000000001
-12,5,4.05984763956259
-12,5,3.6202325210937625
-12,5,2.1289604599838574
-12,5,3.6762199828169546
-12,5,1.6500000000000001
-12,5,1.6500000000000001
-12,5,1.8223951787510422
-12,5,1.6500000000000001
-12,5,1.755254316521136
-12,5,5.20707684230167
-12,5,1.6500000000000001
-12,5,5.663903903803131
-12,5,5.821687168463196
-12,5,2.832569816864627
-12,5,2.146400575055672
-12,5,3.5031524118642
-12,6,1.6500000000000001
-12,6,1.6500000000000001
-12,6,6.026198442873681
-12,6,1.6500000000000001
-12,6,4.331940702409668
-12,6,5.320432809134071
-12,6,4.1306514379307195
-12,6,2.1586547185271376
-12,6,1.6500000000000001
-12,6,1.6500000000000001
-12,6,1.6500000000000001
-12,6,4.107477778141794
-12,6,1.6500000000000001
-12,6,2.0128757044797347
-12,6,4.506315926664707
-12,6,4.415515612287512
-12,6,1.6500000000000001
-12,6,1.6500000000000001
-12,6,1.8189223868413158
-12,6,1.6500000000000001
-12,6,1.6500000000000001
-12,6,7.720056853805253
-12,6,3.2804664495897997
-12,6,1.6500000000000001
-12,6,1.6500000000000001
-12,6,3.2638243968087486
-12,6,1.6500000000000001
-12,6,6.0882068445759625
-12,6,1.6500000000000001
-12,6,2.730124614376774
-12,6,5.586333739422954
-12,6,1.6500000000000001
-12,6,1.6500000000000001
-12,6,1.6500000000000001
-12,6,2.8002333220073963
-12,6,4.346121645092204
-12,6,2.618567253932246
-12,6,2.7856953532234976
-12,6,1.6500000000000001
-12,6,2.892751623608601
-12,6,4.317940533150649
-12,6,5.51277834963748
-12,6,2.549031922310531
-12,6,7.127130488850466
-12,6,1.6500000000000001
-12,6,3.034704281898259
-12,6,3.2688630034649506
-12,6,3.3708044818856306
-12,6,1.6500000000000001
-12,6,1.6500000000000001
-12,6,6.085115226398305
-12,6,1.6500000000000001
-12,6,2.037859346715008
-12,6,1.6500000000000001
-12,6,1.6500000000000001
-12,6,6.3421696573970525
-12,6,4.100672481774319
-12,6,8.004130910000962
-12,6,1.6500000000000001
-12,6,1.6500000000000001
-12,6,5.894195058907444
-12,5,1.8421387943151777
-12,5,1.6500000000000001
-12,5,1.6500000000000001
-12,5,1.6500000000000001
-12,5,1.6500000000000001
-12,5,7.110494463401071
-12,5,1.6500000000000001
-12,5,3.3995509585564956
-12,5,1.6500000000000001
-12,5,1.6500000000000001
-12,5,1.6500000000000001
-12,5,4.175930043562891
-12,5,2.979138344368024
-12,5,1.6500000000000001
-12,5,1.6500000000000001
-12,5,2.4938244965241116
-12,5,4.0747578195474645
-12,5,2.785978335651383
-12,5,1.6500000000000001
-12,5,7.787657554196166
-12,5,5.332379331922528
-12,5,1.6500000000000001
-12,5,4.531756500247313
-12,5,5.15317650903194
-12,5,3.9760793212804315
-12,5,5.64278888386425
-12,5,2.103979815316758
-12,5,3.4052112719359346
-12,5,4.96000537614103
-12,5,1.6500000000000001
-12,5,4.262663281362151
-12,5,4.604645232953626
-12,5,1.6500000000000001
-12,5,1.6500000000000001
-12,5,1.6500000000000001
-12,5,1.6500000000000001
-12,5,2.8950385695768244
-12,5,1.6500000000000001
-12,5,1.7127633242945342
-12,5,3.3281217849141274
-12,5,3.011735169754979
-12,5,1.6500000000000001
-12,5,2.574097781251499
-12,5,1.6500000000000001
-12,5,2.236995121482882
-12,5,1.6500000000000001
-12,5,1.6500000000000001
-12,5,1.6500000000000001
-12,5,3.4004058716559555
-12,5,1.6500000000000001
-12,5,1.7116945260789072
-12,5,1.6500000000000001
-12,5,1.9482595127738458
-12,5,3.009982827119631
-12,5,1.6500000000000001
-12,5,1.6500000000000001
-12,5,1.6500000000000001
-12,5,2.1122240586539593
-12,5,1.6500000000000001
-12,5,1.6500000000000001
-12,5,4.180228972533033
-12,5,6.110581853504553
-12,6,4.952004202930244
-12,6,1.795095658010065
-12,6,5.109993059233471
-12,6,1.6500000000000001
-12,6,1.6500000000000001
-12,6,1.6500000000000001
-12,6,1.722366204249393
-12,6,1.6500000000000001
-12,6,1.6500000000000001
-12,6,4.967486550583836
-12,6,3.5467384549851606
-12,6,1.6500000000000001
-12,6,2.534130659298315
-12,6,3.3324508653663503
-12,6,3.561938578587369
-12,6,2.000907712880968
-12,6,4.018257515084631
-12,6,1.6500000000000001
-12,6,1.6500000000000001
-12,6,1.6500000000000001
-12,6,1.6500000000000001
-12,6,1.6500000000000001
-12,6,1.6500000000000001
-12,6,1.6500000000000001
-12,6,7.134674283797915
-12,6,1.6500000000000001
-12,6,1.6500000000000001
-12,6,2.68326103086049
-12,6,1.8382589654488408
-12,6,1.6500000000000001
-12,6,1.6500000000000001
-12,6,4.266358293688116
-12,6,1.6500000000000001
-12,6,1.6500000000000001
-12,6,1.6500000000000001
-12,6,1.6500000000000001
-12,6,4.525514835197419
-12,6,6.392135063748593
-12,6,4.26033840702736
-12,6,3.8566427853907035
-12,6,1.6500000000000001
-12,6,2.3298545417134093
-12,6,1.6500000000000001
-12,6,4.030914066935008
-12,6,1.6500000000000001
-12,6,3.483393929572226
-12,6,1.6500000000000001
-12,6,5.771767251337244
-12,6,1.6500000000000001
-12,6,3.117469923323368
-12,6,2.2249449041600133
-12,6,8.682102054967686
-12,6,4.969319655732473
-12,6,1.6500000000000001
-12,6,1.6500000000000001
-12,6,1.6500000000000001
-12,6,3.027847658702915
-12,6,1.6500000000000001
-12,6,1.6500000000000001
-12,6,2.5323388134516396
-12,6,4.718280807768176
-12,7,5.973158504125435
-12,7,9.327442458624803
-12,7,1.809727986619253
-12,7,1.6500000000000001
-12,7,3.517539734571946
-12,7,1.6500000000000001
-12,7,1.6500000000000001
-12,7,3.59877193972956
-12,7,7.8056418654484725
-12,7,1.6500000000000001
-12,7,3.238755861943963
-12,7,3.178981831962348
-12,7,4.119465292466261
-12,7,1.6500000000000001
-12,7,1.6500000000000001
-12,7,3.427185402460978
-12,7,3.5934449937073585
-12,7,6.6012891576919195
-12,7,1.6500000000000001
-12,7,3.7432128954290373
-12,7,3.5108299873398927
-12,7,1.6500000000000001
-12,7,1.6500000000000001
-12,7,1.6500000000000001
-12,7,5.959882087616529
-12,7,1.6500000000000001
-12,7,1.6500000000000001
-12,7,1.6500000000000001
-12,7,1.9027723566240722
-12,7,1.6500000000000001
-12,7,7.721783385364468
-12,7,1.6500000000000001
-12,7,1.6500000000000001
-12,7,2.5327232947358578
-12,7,2.768868828942776
-12,7,1.6500000000000001
-12,7,1.6500000000000001
-12,7,1.6500000000000001
-12,7,1.6500000000000001
-12,7,1.6500000000000001
-12,7,3.8214287547454346
-12,7,3.7338205119607824
-12,7,1.6500000000000001
-12,7,2.295076424853468
-12,7,1.6500000000000001
-12,7,3.625595619024623
-12,7,1.6500000000000001
-12,7,1.6500000000000001
-12,7,1.6500000000000001
-12,7,1.6500000000000001
-12,7,1.6500000000000001
-12,7,1.6500000000000001
-12,7,4.00238180804109
-12,7,1.6500000000000001
-12,7,1.6500000000000001
-12,7,4.3848643166007655
-12,7,1.6500000000000001
-12,7,4.152773853129541
-12,7,1.6500000000000001
-12,7,2.6165297133960976
-12,7,1.6500000000000001
-12,7,5.951205421653156
-12,8,3.7661771134388284
-12,8,1.6500000000000001
-12,8,5.590002117842583
-12,8,1.6500000000000001
-12,8,1.6500000000000001
-12,8,1.6500000000000001
-12,8,1.6500000000000001
-12,8,1.6500000000000001
-12,8,2.1662349316271934
-12,8,5.0921513020124785
-12,8,4.472845997744546
-12,8,2.577870828235385
-12,8,4.984874810795225
-12,8,1.6500000000000001
-12,8,1.6500000000000001
-12,8,1.6500000000000001
-12,8,1.6953502971468744
-12,8,1.6500000000000001
-12,8,4.038958760772518
-12,8,2.387535675829684
-12,8,1.6500000000000001
-12,8,4.4750869418726555
-12,8,3.864649452257223
-12,8,4.1480709636113495
-12,8,6.077708470651748
-12,8,1.6500000000000001
-12,8,1.6500000000000001
-12,8,1.6500000000000001
-12,8,3.5735246586151774
-12,8,3.986097775834664
-12,8,1.6500000000000001
-12,8,1.6500000000000001
-12,8,1.6500000000000001
-12,8,1.6500000000000001
-12,8,1.709735265467808
-12,8,3.4275454925567734
-12,8,2.701210280330742
-12,8,1.6500000000000001
-12,8,1.6500000000000001
-12,8,1.6500000000000001
-12,8,4.294968012575648
-12,8,1.6500000000000001
-12,8,1.6500000000000001
-12,8,1.6500000000000001
-12,8,1.6500000000000001
-12,8,1.6500000000000001
-12,8,1.6500000000000001
-12,8,7.233922576010649
-12,8,1.6500000000000001
-12,8,2.1531534731891417
-12,8,1.6500000000000001
-12,8,6.850698841705805
-12,8,5.002329421066617
-12,8,4.988785558584029
-12,8,3.7495897655494796
-12,8,2.565345278254875
-12,8,4.657699819311042
-12,8,2.576220636926293
-12,8,9.498930657933771
-12,8,1.6500000000000001
-12,8,1.6500000000000001
-12,8,1.6500000000000001
-11,8,4.135495725568198
-11,8,1.9997465172149766
-11,8,4.155591890449062
-11,8,4.4196670847753845
-11,8,1.6500000000000001
-11,8,2.301486197845022
-11,8,1.6500000000000001
-11,8,2.087536693126382
-11,8,1.6500000000000001
-11,8,2.03641071239373
-11,8,6.301836866032448
-11,8,1.6500000000000001
-11,8,1.6500000000000001
-11,8,4.753405805684873
-11,8,1.6500000000000001
-11,8,5.488497854331435
-11,8,4.148473671940071
-11,8,1.6500000000000001
-11,8,1.6500000000000001
-11,8,2.1253457247240033
-11,8,1.6500000000000001
-11,8,2.81060622854697
-11,8,1.6500000000000001
-11,8,5.044041439738654
-11,8,1.6500000000000001
-11,8,1.6500000000000001
-11,8,1.6500000000000001
-11,8,1.6500000000000001
-11,8,1.6500000000000001
-11,8,2.0780369013166706
-11,8,1.6500000000000001
-11,8,1.6500000000000001
-11,8,1.6500000000000001
-11,8,5.10278658641046
-11,8,4.356566765951523
-11,8,1.6500000000000001
-11,8,1.6500000000000001
-11,8,1.8433866562814292
-11,8,5.788975711845211
-11,8,1.6500000000000001
-11,8,1.6500000000000001
-11,8,4.170711250327569
-11,8,1.6500000000000001
-11,8,1.6500000000000001
-11,8,1.6500000000000001
-11,8,1.6500000000000001
-11,8,5.837095899293123
-11,8,1.6500000000000001
-11,8,1.6500000000000001
-11,8,5.274234991564427
-11,8,2.9072225278787123
-11,8,1.6500000000000001
-11,8,3.1958257448545906
-11,8,4.829794780017895
-11,8,1.6500000000000001
-11,8,1.6500000000000001
-11,8,1.6500000000000001
-11,8,6.534252712073256
-11,8,3.7494626467435985
-11,8,1.6500000000000001
-11,8,1.8408262140105647
-10,8,4.7413206387399605
-10,8,1.9858765069626703
-10,8,1.6500000000000001
-10,8,1.6500000000000001
-10,8,5.653822374818473
-10,8,1.6500000000000001
-10,8,1.6500000000000001
-10,8,4.330795817114325
-10,8,3.4838180127084866
-10,8,6.985114253581952
-10,8,8.181944599864227
-10,8,4.6682452750064645
-10,8,2.24834173098844
-10,8,1.6500000000000001
-10,8,1.6500000000000001
-10,8,1.847432376754663
-10,8,1.6500000000000001
-10,8,1.6500000000000001
-10,8,2.6570454644834314
-10,8,1.6500000000000001
-10,8,1.6500000000000001
-10,8,1.6500000000000001
-10,8,1.6500000000000001
-10,8,1.6500000000000001
-10,8,3.459146557290708
-10,8,1.6500000000000001
-10,8,1.6500000000000001
-10,8,4.314482204674477
-10,8,3.4567483884066617
-10,8,1.6500000000000001
-10,8,1.7612235274797832
-10,8,2.482563767680715
-10,8,1.6500000000000001
-10,8,1.6500000000000001
-10,8,1.6500000000000001
-10,8,2.5790827034159496
-10,8,5.060526337441258
-10,8,3.128859976288849
-10,8,1.8738043554412125
-10,8,1.6500000000000001
-10,8,6.009703944345362
-10,8,2.6950456052541614
-10,8,4.9947261277855715
-10,8,1.6500000000000001
-10,8,1.6500000000000001
-10,8,1.6500000000000001
-10,8,1.6500000000000001
-10,8,1.6500000000000001
-10,8,4.079829353112995
-10,8,3.6704449265110117
-10,8,5.086401942152303
-10,8,2.71934130745336
-10,8,1.6500000000000001
-10,8,1.6500000000000001
-10,8,1.6500000000000001
-10,8,1.6500000000000001
-10,8,4.1125063808396565
-10,8,2.993117173954586
-10,8,1.6500000000000001
-10,8,5.61264869163975
-10,8,1.6500000000000001
-10,8,1.6500000000000001
-11,8,5.080181637870138
-11,8,1.6500000000000001
-11,8,1.6500000000000001
-11,8,1.6500000000000001
-11,8,1.6500000000000001
-11,8,1.6500000000000001
-11,8,1.6500000000000001
-11,8,2.770271903085852
-11,8,1.6500000000000001
-11,8,1.6500000000000001
-11,8,1.6500000000000001
-11,8,1.6500000000000001
-11,8,6.3809409516938915
-11,8,5.29390514989653
-11,8,2.991170087775629
-11,8,4.867091052212816
-11,8,7.9162833721589525
-11,8,1.6500000000000001
-11,8,1.6500000000000001
-11,8,1.6500000000000001
-11,8,1.6500000000000001
-11,8,6.79416962882485
-11,8,5.155666143133427
-11,8,1.6500000000000001
-11,8,1.6500000000000001
-11,8,1.6500000000000001
-11,8,1.6500000000000001
-11,8,1.6500000000000001
-11,8,2.9071956792902247
-11,8,1.6500000000000001
-11,8,1.6500000000000001
-11,8,1.859131423509428
-11,8,4.231379107141715
-11,8,1.6500000000000001
-11,8,1.6500000000000001
-11,8,2.185705406043392
-11,8,1.6500000000000001
-11,8,1.6500000000000001
-11,8,1.6500000000000001
-11,8,2.002278654160772
-11,8,3.1201431021390924
-11,8,1.6500000000000001
-11,8,1.6500000000000001
-11,8,1.6500000000000001
-11,8,1.6500000000000001
-11,8,1.6500000000000001
-11,8,2.409298828870699
-11,8,1.6500000000000001
-11,8,1.6500000000000001
-11,8,1.6500000000000001
-11,8,7.454665693366075
-11,8,1.6500000000000001
-11,8,1.7733143079581049
-11,8,3.2550940441560092
-11,8,5.435911761197603
-11,8,1.6500000000000001
-11,8,1.6500000000000001
-11,8,3.7701411404219836
-11,8,1.6500000000000001
-11,8,5.222362900812248
-11,8,4.864325696092654
-10,8,1.6500000000000001
-10,8,1.6500000000000001
-10,8,1.6500000000000001
-10,8,1.6500000000000001
-10,8,3.235316135127542
-10,8,2.701167176123636
-10,8,4.372740844766891
-10,8,1.6500000000000001
-10,8,2.1562159580317672
-10,8,1.6500000000000001
-10,8,1.6500000000000001
-10,8,4.4064084621453725
-10,8,1.6500000000000001
-10,8,1.6500000000000001
-10,8,1.6500000000000001
-10,8,2.657451503283009
-10,8,1.6500000000000001
-10,8,5.8597887709335446
-10,8,1.8811364191650153
-10,8,5.358805934483694
-10,8,1.6500000000000001
-10,8,2.064392288636645
-10,8,4.890747239123423
-10,8,4.804851716818825
-10,8,1.6500000000000001
-10,8,3.2463354357968104
-10,8,1.7900571571694424
-10,8,2.895310029126419
-10,8,2.8706009221752993
-10,8,1.6500000000000001
-10,8,5.033668378112976
-10,8,2.049827566725487
-10,8,10.394134241701945
-10,8,3.9391176147517615
-10,8,1.6500000000000001
-10,8,1.6500000000000001
-10,8,5.698263913550521
-10,8,5.598218398353196
-10,8,2.3508028374840153
-10,8,3.103337312303867
-10,8,1.6500000000000001
-10,8,1.6500000000000001
-10,8,1.6500000000000001
-10,8,6.698378272724343
-10,8,2.9875242742703465
-10,8,1.6500000000000001
-10,8,5.152567548772964
-10,8,2.2199946384766105
-10,8,8.606042200204929
-10,8,1.6500000000000001
-10,8,1.6500000000000001
-10,8,1.6500000000000001
-10,8,1.6500000000000001
-10,8,5.068955736685484
-10,8,4.189521399726319
-10,8,1.6500000000000001
-10,8,4.710764721148951
-10,8,1.6500000000000001
-10,8,3.649078858446547
-10,8,3.0116748732172516
-10,8,3.058272110286836
-10,8,5.659484794725011
-10,7,2.107875314091105
-10,7,1.6500000000000001
-10,7,6.424672855476419
-10,7,1.6500000000000001
-10,7,1.6500000000000001
-10,7,4.870323047418973
-10,7,3.3379543888374124
-10,7,4.299340633357891
-10,7,1.6500000000000001
-10,7,2.486028042477477
-10,7,5.095296114353694
-10,7,3.7333473396937547
-10,7,1.6500000000000001
-10,7,3.7369578395758833
-10,7,1.6500000000000001
-10,7,1.739598413301413
-10,7,2.4548020060187237
-10,7,1.6500000000000001
-10,7,1.9832323578615405
-10,7,2.6023652341857417
-10,7,1.6500000000000001
-10,7,8.082392839560974
-10,7,1.6500000000000001
-10,7,1.6500000000000001
-10,7,1.6500000000000001
-10,7,4.122018656772754
-10,7,1.6500000000000001
-10,7,3.022604911063676
-10,7,1.6500000000000001
-10,7,4.6040282449297845
-10,7,4.368946471664297
-10,7,2.936333233384337
-10,7,2.1303104533851576
-10,7,1.6500000000000001
-10,7,1.6500000000000001
-10,7,1.6500000000000001
-10,7,1.6500000000000001
-10,7,1.6500000000000001
-10,7,5.172009240394933
-10,7,1.930647880206861
-10,7,1.6500000000000001
-10,7,5.149600822640684
-10,7,1.6500000000000001
-10,7,1.6500000000000001
-10,7,2.0525131162926997
-10,7,1.6500000000000001
-10,7,1.6500000000000001
-10,7,1.6500000000000001
-10,7,1.6500000000000001
-10,7,1.6500000000000001
-10,7,3.0120843786862306
-10,7,1.6500000000000001
-10,7,4.622419467862596
-10,7,8.481756888373724
-10,7,3.5525738007207677
-10,7,4.3520882734816055
-10,7,1.6500000000000001
-10,7,3.6945212553300113
-10,7,3.4811007406376913
-10,7,1.6500000000000001
-10,7,5.581737616673919
-10,7,1.6500000000000001
-10,8,4.77928002824759
-10,8,2.0346720474982374
-10,8,4.335945085164369
-10,8,1.6500000000000001
-10,8,3.445608704038918
-10,8,1.6500000000000001
-10,8,3.781542571881408
-10,8,5.160128892114563
-10,8,1.6500000000000001
-10,8,6.499675458688399
-10,8,1.6500000000000001
-10,8,1.6500000000000001
-10,8,1.6500000000000001
-10,8,4.08314594143392
-10,8,4.560713001195364
-10,8,4.897630048535924
-10,8,1.6500000000000001
-10,8,1.6500000000000001
-10,8,7.184078375004364
-10,8,2.9922827122897084
-10,8,1.6500000000000001
-10,8,4.473720565441326
-10,8,5.187448164914537
-10,8,2.34207726252245
-10,8,1.6500000000000001
-10,8,2.9417348674785586
-10,8,1.6500000000000001
-10,8,1.6500000000000001
-10,8,1.6500000000000001
-10,8,2.059308196123745
-10,8,7.426392644216125
-10,8,3.355160750611511
-10,8,1.873649019133249
-10,8,1.6500000000000001
-10,8,1.6500000000000001
-10,8,1.6500000000000001
-10,8,1.6500000000000001
-10,8,1.6500000000000001
-10,8,2.9103859357131507
-10,8,1.6500000000000001
-10,8,2.6193782838017556
-10,8,1.6500000000000001
-10,8,4.863068307091726
-10,8,1.6500000000000001
-10,8,3.8326442275831383
-10,8,1.6500000000000001
-10,8,1.6500000000000001
-10,8,1.6500000000000001
-10,8,1.9783692294023214
-10,8,1.6500000000000001
-10,8,3.6623899228895156
-10,8,1.6500000000000001
-10,8,1.6500000000000001
-10,8,1.6500000000000001
-10,8,1.6500000000000001
-10,8,1.6500000000000001
-10,8,2.5701791308128743
-10,8,2.47564141635758
-10,8,3.9673638734070957
-10,8,1.6500000000000001
-10,8,1.6500000000000001
-10,7,1.6500000000000001
-10,7,1.6500000000000001
-10,7,2.5231121920779036
-10,7,4.507081476813162
-10,7,5.257404565483467
-10,7,2.1236083746630925
-10,7,1.6500000000000001
-10,7,1.6500000000000001
-10,7,6.677948848034829
-10,7,1.6500000000000001
-10,7,4.067117904234253
-10,7,1.6500000000000001
-10,7,1.6500000000000001
-10,7,1.6500000000000001
-10,7,2.019189278144592
-10,7,2.794409696630944
-10,7,3.2243113241539634
-10,7,2.079386830625683
-10,7,1.6500000000000001
-10,7,2.0473652255205015
-10,7,4.369771146227238
-10,7,1.6500000000000001
-10,7,1.6500000000000001
-10,7,1.6500000000000001
-10,7,8.607305981511937
-10,7,1.6500000000000001
-10,7,1.6500000000000001
-10,7,6.394566876668584
-10,7,2.0563299119573424
-10,7,1.6500000000000001
-10,7,5.167838603611278
-10,7,1.7327496164269307
-10,7,1.6500000000000001
-10,7,1.6500000000000001
-10,7,1.6500000000000001
-10,7,1.6500000000000001
-10,7,1.6500000000000001
-10,7,3.27615371892088
-10,7,1.6500000000000001
-10,7,1.6500000000000001
-10,7,5.710276413614345
-10,7,1.6500000000000001
-10,7,1.6500000000000001
-10,7,1.6616033559352896
-10,7,1.6500000000000001
-10,7,3.08158572148268
-10,7,1.6500000000000001
-10,7,1.6500000000000001
-10,7,1.6500000000000001
-10,7,3.3438001673449587
-10,7,1.6500000000000001
-10,7,1.6500000000000001
-10,7,3.4922443918163397
-10,7,1.6500000000000001
-10,7,5.370239843500878
-10,7,1.9834191799445238
-10,7,9.551729029915021
-10,7,1.6500000000000001
-10,7,4.300063203545277
-10,7,2.960158870108034
-10,7,1.6500000000000001
-10,7,1.6500000000000001
-9,7,1.6500000000000001
-9,7,4.557385149235062
-9,7,2.835026256371421
-9,7,1.9311733398029336
-9,7,5.989066479729685
-9,7,1.6500000000000001
-9,7,7.123198223836147
-9,7,2.365046986265272
-9,7,1.6500000000000001
-9,7,2.8356965005828147
-9,7,3.437157966796856
-9,7,1.6500000000000001
-9,7,3.056970151265271
-9,7,6.210182695959084
-9,7,5.523745221074693
-9,7,1.6500000000000001
-9,7,1.6500000000000001
-9,7,1.6500000000000001
-9,7,2.06355997907232
-9,7,2.5659414958198723
-9,7,12.750883564687182
-9,7,1.6500000000000001
-9,7,4.117570097158826
-9,7,1.6500000000000001
-9,7,3.8275077543236504
-9,7,5.938626776037861
-9,7,2.851864618644575
-9,7,4.402354027229847
-9,7,1.6500000000000001
-9,7,1.6500000000000001
-9,7,6.2228105326700405
-9,7,1.6500000000000001
-9,7,1.6500000000000001
-9,7,4.358820848108357
-9,7,3.9638702401066634
-9,7,7.109302990507232
-9,7,5.318115362300411
-9,7,7.103867716997881
-9,7,4.393302235642957
-9,7,1.6500000000000001
-9,7,1.6500000000000001
-9,7,1.6500000000000001
-9,7,3.035710495073925
-9,7,1.6500000000000001
-9,7,3.801578168552828
-9,7,6.8035378384658145
-9,7,1.6500000000000001
-9,7,2.6028230439224553
-9,7,7.838413300400914
-9,7,1.8203168535241672
-9,7,1.6500000000000001
-9,7,8.304053671705212
-9,7,4.74656999134102
-9,7,1.6500000000000001
-9,7,6.8758440563410055
-9,7,5.82078074213247
-9,7,3.7693535865273216
-9,7,2.287771744657141
-9,7,4.610569990154914
-9,7,1.6500000000000001
-9,7,1.6500000000000001
-9,6,6.351206971039096
-9,6,2.533626793936411
-9,6,3.683153452417574
-9,6,3.024484236832385
-9,6,4.127911204487357
-9,6,2.482871468679746
-9,6,1.6500000000000001
-9,6,2.869523607697287
-9,6,3.818384464959923
-9,6,1.6500000000000001
-9,6,1.8767391832679294
-9,6,6.0320797506020885
-9,6,4.5685372086245915
-9,6,2.0261722313894808
-9,6,6.219315207012127
-9,6,5.224717633471619
-9,6,9.574104422121398
-9,6,1.6500000000000001
-9,6,4.791768487696847
-9,6,4.059781265728232
-9,6,7.643452107344624
-9,6,1.6500000000000001
-9,6,1.6500000000000001
-9,6,3.4752498825476392
-9,6,1.6500000000000001
-9,6,4.027217309138079
-9,6,2.6810283174696026
-9,6,3.7684387452785266
-9,6,1.6500000000000001
-9,6,1.6500000000000001
-9,6,1.6500000000000001
-9,6,3.534984478150331
-9,6,5.6582483098492675
-9,6,4.99147766757158
-9,6,1.6500000000000001
-9,6,1.6500000000000001
-9,6,1.6500000000000001
-9,6,1.6500000000000001
-9,6,6.481205040714363
-9,6,1.6500000000000001
-9,6,6.79157740833531
-9,6,5.8100318284140045
-9,6,5.107814883951022
-9,6,5.30759399837004
-9,6,1.6500000000000001
-9,6,1.6500000000000001
-9,6,2.2036378885594274
-9,6,1.6500000000000001
-9,6,4.288708782741873
-9,6,4.645090595869513
-9,6,1.6500000000000001
-9,6,3.505647474796221
-9,6,1.6500000000000001
-9,6,4.820975246666055
-9,6,6.959808673750398
-9,6,1.655055936037012
-9,6,2.2011349726597373
-9,6,2.3419827997825475
-9,6,1.6500000000000001
-9,6,2.493171741478962
-9,6,1.6500000000000001
-9,6,1.6500000000000001
-8,6,5.509578681112636
-8,6,1.6500000000000001
-8,6,4.203160718283625
-8,6,1.6500000000000001
-8,6,3.300525097509407
-8,6,1.6500000000000001
-8,6,5.699097328747353
-8,6,4.511891076373272
-8,6,4.083770223056144
-8,6,1.6500000000000001
-8,6,4.808553430653781
-8,6,6.433287522944161
-8,6,3.029772746760724
-8,6,2.415766343627728
-8,6,1.6500000000000001
-8,6,2.26369163403631
-8,6,2.64148385147522
-8,6,1.6500000000000001
-8,6,1.6500000000000001
-8,6,6.513706673397525
-8,6,2.0606108730156105
-8,6,4.559079743769306
-8,6,4.578040763510381
-8,6,4.3395237565498075
-8,6,1.6500000000000001
-8,6,1.6500000000000001
-8,6,2.2715901421616476
-8,6,2.2073256337848246
-8,6,7.1023622805697135
-8,6,1.6500000000000001
-8,6,2.9670703546848842
-8,6,1.6500000000000001
-8,6,1.8379497779838547
-8,6,2.635106760245044
-8,6,2.086451946464266
-8,6,1.6500000000000001
-8,6,2.7691939466460673
-8,6,6.332115129590916
-8,6,1.6500000000000001
-8,6,1.6500000000000001
-8,6,2.061130977757374
-8,6,5.01727727973674
-8,6,4.085534888722008
-8,6,2.0082753721810667
-8,6,8.666626123306276
-8,6,2.902157807045144
-8,6,7.282164022976266
-8,6,7.4126582278497
-8,6,5.93499976041939
-8,6,6.136429894531743
-8,6,6.430160103045287
-8,6,2.6200758337138303
-8,6,1.6500000000000001
-8,6,3.7071049131004155
-8,6,4.792738953897274
-8,6,1.6500000000000001
-8,6,8.785839815855487
-8,6,1.6500000000000001
-8,6,2.5068100523757098
-8,6,1.6500000000000001
-8,6,1.6500000000000001
-8,6,1.6500000000000001
-8,7,1.6500000000000001
-8,7,2.371682232743463
-8,7,1.6500000000000001
-8,7,3.768105387816927
-8,7,1.9592939635615236
-8,7,4.767469798135872
-8,7,4.514141065260906
-8,7,1.6500000000000001
-8,7,1.6500000000000001
-8,7,1.6500000000000001
-8,7,1.6500000000000001
-8,7,6.010616166582983
-8,7,1.6500000000000001
-8,7,5.373607558942998
-8,7,3.1989897727514514
-8,7,4.289115656527312
-8,7,4.180032264608541
-8,7,1.6500000000000001
-8,7,1.6500000000000001
-8,7,2.7434016990034045
-8,7,8.074851272491504
-8,7,3.9935173908328245
-8,7,3.812312135584876
-8,7,2.165834111313014
-8,7,7.507709523577367
-8,7,1.6500000000000001
-8,7,1.6500000000000001
-8,7,3.9440747914153294
-8,7,4.5293008643701365
-8,7,1.6500000000000001
-8,7,6.4391707029284735
-8,7,1.6500000000000001
-8,7,1.6500000000000001
-8,7,6.1045301292383325
-8,7,5.595387506298971
-8,7,1.6500000000000001
-8,7,1.6500000000000001
-8,7,2.872479954695586
-8,7,1.6500000000000001
-8,7,1.976678103697145
-8,7,2.6935511159177725
-8,7,1.6500000000000001
-8,7,4.871617638415604
-8,7,2.356682115401007
-8,7,2.8890123553360194
-8,7,3.2237423312277182
-8,7,1.6500000000000001
-8,7,1.6500000000000001
-8,7,1.6500000000000001
-8,7,1.6500000000000001
-8,7,4.562444311410772
-8,7,7.452026955051846
-8,7,2.9284731357777734
-8,7,1.779772569380467
-8,7,3.6966395437531214
-8,7,4.971881897554297
-8,7,1.6953392646297516
-8,7,1.7239697397315368
-8,7,5.057784843339449
-8,7,4.606608297328129
-8,7,1.6500000000000001
-7,7,3.159742745145769
-7,7,4.860836874521751
-7,7,2.155325346644413
-7,7,6.14114407297627
-7,7,1.6500000000000001
-7,7,4.775725126719499
-7,7,1.6500000000000001
-7,7,1.6500000000000001
-7,7,2.141216568776455
-7,7,1.6500000000000001
-7,7,1.9006939905214144
-7,7,4.1438811854690725
-7,7,5.128338222631813
-7,7,1.6500000000000001
-7,7,5.8664117494735475
-7,7,8.441951199777442
-7,7,1.6500000000000001
-7,7,8.095214937618584
-7,7,1.9282478208098746
-7,7,7.04060668543006
-7,7,3.2281959095692407
-7,7,1.6500000000000001
-7,7,1.6500000000000001
-7,7,4.518355525747124
-7,7,1.6500000000000001
-7,7,1.6500000000000001
-7,7,2.9333511146886266
-7,7,1.8318132074281712
-7,7,1.6500000000000001
-7,7,3.282030741982145
-7,7,1.6500000000000001
-7,7,2.159349856464052
-7,7,1.6500000000000001
-7,7,1.6500000000000001
-7,7,2.2012651167257693
-7,7,1.6500000000000001
-7,7,3.095659807897778
-7,7,1.6500000000000001
-7,7,7.531605605409364
-7,7,1.6500000000000001
-7,7,6.8997013780087
-7,7,3.8506986660847784
-7,7,1.6500000000000001
-7,7,1.6500000000000001
-7,7,1.717066548837344
-7,7,1.6500000000000001
-7,7,5.9651754105068076
-7,7,4.1019495371945816
-7,7,6.394064833400315
-7,7,1.6500000000000001
-7,7,2.2109846140519847
-7,7,1.6500000000000001
-7,7,1.6500000000000001
-7,7,2.603577423648584
-7,7,4.805100021957825
-7,7,1.9766300003261938
-7,7,1.6500000000000001
-7,7,8.415378932483305
-7,7,1.6500000000000001
-7,7,4.819191541574681
-7,7,6.065339568738233
-7,7,3.2168924709902127
-7,6,1.6500000000000001
-7,6,3.3176229271246664
-7,6,4.274739550942553
-7,6,6.527039295212232
-7,6,1.6500000000000001
-7,6,2.4521395672927353
-7,6,6.613983425696977
-7,6,1.6500000000000001
-7,6,1.6500000000000001
-7,6,1.6500000000000001
-7,6,3.7724553859376377
-7,6,1.7535965140659144
-7,6,1.6500000000000001
-7,6,2.7403491149381702
-7,6,1.6500000000000001
-7,6,1.7297946262953134
-7,6,1.6500000000000001
-7,6,5.752293481328989
-7,6,1.6500000000000001
-7,6,2.9037226277877557
-7,6,5.125273524736711
-7,6,1.6500000000000001
-7,6,1.6500000000000001
-7,6,1.6500000000000001
-7,6,2.2979409128000814
-7,6,1.6500000000000001
-7,6,5.139463332216905
-7,6,2.0539912924697363
-7,6,6.623973798944263
-7,6,1.6500000000000001
-7,6,1.6500000000000001
-7,6,1.8091603887205996
-7,6,4.48058306994221
-7,6,3.0172367640631808
-7,6,1.6500000000000001
-7,6,3.5231702859966596
-7,6,7.427979316899972
-7,6,1.6500000000000001
-7,6,2.2884110161286535
-7,6,6.253017130931758
-7,6,2.3747819368595056
-7,6,5.125854950399864
-7,6,1.6500000000000001
-7,6,1.6500000000000001
-7,6,5.094111555984831
-7,6,4.276492856344409
-7,6,1.6500000000000001
-7,6,5.270707546806555
-7,6,1.6500000000000001
-7,6,1.6500000000000001
-7,6,7.423192611435834
-7,6,1.6500000000000001
-7,6,1.6500000000000001
-7,6,4.172185965419455
-7,6,1.6500000000000001
-7,6,3.8731151723736126
-7,6,4.641739763024861
-7,6,6.555254789537072
-7,6,4.4524583036743834
-7,6,1.6500000000000001
-7,6,2.640557789221416
-7,6,1.6500000000000001
-6,6,4.145745763024771
-6,6,1.6500000000000001
-6,6,8.98309067274397
-6,6,4.667425344503606
-6,6,6.733363564421985
-6,6,4.4047716965869625
-6,6,1.6500000000000001
-6,6,2.1325540345549197
-6,6,4.884574650148357
-6,6,4.519008657727455
-6,6,3.636509467405397
-6,6,6.11933795067571
-6,6,1.7836525518684843
-6,6,6.440023061006702
-6,6,1.6500000000000001
-6,6,3.820071262388834
-6,6,7.171776238873713
-6,6,2.920988159936541
-6,6,4.223030510599276
-6,6,2.416115681163063
-6,6,7.281641347955045
-6,6,2.927089306913637
-6,6,5.484282790231173
-6,6,3.898210868897673
-6,6,9.79544385986685
-6,6,5.814474806286827
-6,6,2.152578755971893
-6,6,7.723609817127143
-6,6,1.6500000000000001
-6,6,2.925289036946474
-6,6,5.991584458380762
-6,6,1.6500000000000001
-6,6,6.938949074132545
-6,6,5.351635535550841
-6,6,2.8164977117500727
-6,6,5.969074729160182
-6,6,1.6500000000000001
-6,6,1.6500000000000001
-6,6,4.445377247552443
-6,6,1.6500000000000001
-6,6,1.6500000000000001
-6,6,4.956973357709671
-6,6,11.18178345466853
-6,6,2.5188044713117326
-6,6,1.6500000000000001
-6,6,1.6500000000000001
-6,6,5.9560092267386135
-6,6,2.643417848968105
-6,6,4.0644919919231315
-6,6,3.462225691217639
-6,6,1.6500000000000001
-6,6,1.6500000000000001
-6,6,5.947380860358748
-6,6,5.613877637233967
-6,6,7.006797966811078
-6,6,4.05774933230583
-6,6,1.6500000000000001
-6,6,3.943642552637742
-6,6,4.278566987373506
-6,6,8.372792701254813
-6,6,2.367550382810158
-5,6,1.6500000000000001
-5,6,1.6500000000000001
-5,6,4.860531390291155
-5,6,1.6500000000000001
-5,6,3.61188848217197
-5,6,1.6500000000000001
-5,6,4.890316771167287
-5,6,1.6500000000000001
-5,6,6.002668377988787
-5,6,6.968422418966646
-5,6,4.952880753054544
-5,6,1.6500000000000001
-5,6,4.204917532003161
-5,6,5.203607867595288
-5,6,7.342338026515973
-5,6,8.56006410037278
-5,6,1.6500000000000001
-5,6,2.725889531935531
-5,6,1.9962173859955923
-5,6,2.8700212236591187
-5,6,1.7563866270524284
-5,6,5.717439335461012
-5,6,1.6500000000000001
-5,6,7.918511537781996
-5,6,1.6500000000000001
-5,6,4.97588365417873
-5,6,7.832771457559315
-5,6,4.318421831364751
-5,6,4.712649187678393
-5,6,4.538093380784857
-5,6,1.6500000000000001
-5,6,3.836682832756005
-5,6,2.0019449080808425
-5,6,1.6500000000000001
-5,6,1.6500000000000001
-5,6,3.534298179699107
-5,6,5.846111013592841
-5,6,6.882272030279939
-5,6,5.125569508069846
-5,6,8.158632317806745
-5,6,2.5176778227252985
-5,6,1.6500000000000001
-5,6,1.6500000000000001
-5,6,6.36008035652213
-5,6,3.884792895266727
-5,6,3.6337484030151046
-5,6,4.579805529226847
-5,6,3.8388512088268003
-5,6,1.6500000000000001
-5,6,3.845585908580708
-5,6,2.408678723565096
-5,6,6.628547384296878
-5,6,1.6500000000000001
-5,6,2.1496058696363214
-5,6,1.8419668449923294
-5,6,1.6500000000000001
-5,6,2.478124955569535
-5,6,1.6500000000000001
-5,6,1.6500000000000001
-5,6,3.0278869440698637
-5,6,2.1237574589421686
-5,6,8.58737671038513
-5,5,3.8646276730055855
-5,5,4.757767085045643
-5,5,5.041547730756024
-5,5,1.6500000000000001
-5,5,8.179154678390509
-5,5,6.346599914418924
-5,5,6.245031019101638
-5,5,5.27016412274001
-5,5,5.968554098956457
-5,5,3.730221380721254
-5,5,2.1743479553636904
-5,5,7.989840420251868
-5,5,3.498670130925323
-5,5,8.945395856595221
-5,5,3.903600290363009
-5,5,6.803636737688581
-5,5,4.918795430705346
-5,5,9.684949365875266
-5,5,1.6500000000000001
-5,5,5.432394360461142
-5,5,1.6500000000000001
-5,5,1.6500000000000001
-5,5,2.3564712093371902
-5,5,1.6500000000000001
-5,5,1.6500000000000001
-5,5,3.941500416406375
-5,5,5.047518186295554
-5,5,2.427619801840137
-5,5,4.246800788494083
-5,5,3.8179372456638516
-5,5,2.6686043595806055
-5,5,4.365598643554465
-5,5,1.6500000000000001
-5,5,5.240479148253013
-5,5,2.179578447660324
-5,5,2.4163786803994376
-5,5,1.6500000000000001
-5,5,1.7422719319595843
-5,5,6.06003428920599
-5,5,1.6500000000000001
-5,5,1.6500000000000001
-5,5,1.6500000000000001
-5,5,5.916106075442261
-5,5,5.8244478189169415
-5,5,11.055789008980023
-5,5,9.20524569645148
-5,5,4.567263659918766
-5,5,5.167430432293798
-5,5,3.766834117663742
-5,5,1.6500000000000001
-5,5,5.557538996884511
-5,5,7.246905162877078
-5,5,8.023680720972054
-5,5,5.470274278479895
-5,5,7.798999726374234
-5,5,1.6500000000000001
-5,5,5.748452817939482
-5,5,5.619273002994095
-5,5,7.938626868394627
-5,5,1.6500000000000001
-5,5,1.6500000000000001
-4,5,3.7974013638488797
-4,5,7.327980370508518
-4,5,6.430144770088102
-4,5,3.3034039865614115
-4,5,3.0331324286541403
-4,5,8.242421120796532
-4,5,3.433825840767543
-4,5,7.125471068041849
-4,5,4.104803981969007
-4,5,2.89614268692266
-4,5,5.108285437336058
-4,5,6.530140948812795
-4,5,5.178728136352325
-4,5,6.480125879181654
-4,5,2.692610931222868
-4,5,3.778977862833507
-4,5,1.6500000000000001
-4,5,1.6500000000000001
-4,5,6.12535287956357
-4,5,3.8123756172579855
-4,5,4.229316465202908
-4,5,8.102304597213617
-4,5,5.102178759174588
-4,5,1.6500000000000001
-4,5,5.879766569032188
-4,5,6.580822369986046
-4,5,6.63275936553177
-4,5,7.40855553351139
-4,5,7.733531886013765
-4,5,1.6500000000000001
-4,5,6.912859902669599
-4,5,3.6474934166895374
-4,5,2.574245125321477
-4,5,5.86150726475246
-4,5,6.265688525836879
-4,5,4.300442032233271
-4,5,2.1676407424156396
-4,5,1.6500000000000001
-4,5,3.2186406972472072
-4,5,1.6500000000000001
-4,5,2.757589950518718
-4,5,1.6500000000000001
-4,5,1.6500000000000001
-4,5,7.3283667110026185
-4,5,9.95876340939235
-4,5,9.644426660477574
-4,5,5.554214305594144
-4,5,3.2609425388176922
-4,5,8.000494376648415
-4,5,5.452634904412244
-4,5,4.615211170600624
-4,5,1.6500000000000001
-4,5,4.0898305027000506
-4,5,9.806931529283855
-4,5,10.538483075284274
-4,5,2.1261639865653756
-4,5,6.311128258454589
-4,5,1.804520311579609
-4,5,6.613710925494454
-4,5,3.1184087654823034
-4,5,5.394950307877448
-4,5,7.554229987815106
-4,4,5.626287704069956
-4,4,3.8845372288495423
-4,4,1.6500000000000001
-4,4,1.6500000000000001
-4,4,3.1597011662311343
-4,4,3.743466891951881
-4,4,2.3607866659797714
-4,4,3.271405068823216
-4,4,7.533886308472723
-4,4,6.608908507328176
-4,4,5.355232484361689
-4,4,1.6500000000000001
-4,4,9.032177171354665
-4,4,4.508863636900877
-4,4,4.882892253225154
-4,4,10.406680416911914
-4,4,12.262371038794267
-4,4,10.52681315562957
-4,4,1.6500000000000001
-4,4,8.185475928015638
-4,4,1.6500000000000001
-4,4,1.6500000000000001
-4,4,3.4861448381172395
-4,4,6.107025429588264
-4,4,4.4078422488547115
-4,4,2.6916806854474062
-4,4,4.4166126535964
-4,4,6.53021912594481
-4,4,1.6500000000000001
-4,4,5.2288689931806625
-4,4,4.136807399557571
-4,4,6.144878749056648
-4,4,6.592534826087489
-4,4,4.354819794580273
-4,4,10.070603668119231
-4,4,1.6500000000000001
-4,4,4.595987424271751
-4,4,4.021252782875525
-4,4,5.096165176921918
-4,4,4.455197097315689
-4,4,1.6500000000000001
-4,4,5.025879675721098
-4,4,1.6500000000000001
-4,4,1.6500000000000001
-4,4,8.046915281824427
-4,4,4.667209087494333
-4,4,4.47771884094002
-4,4,2.7627939712677696
-4,4,5.437867080621675
-4,4,3.671780314238487
-4,4,3.0280030829981524
-4,4,5.16964674682406
-4,4,5.654080046802835
-4,4,1.6500000000000001
-4,4,7.480330888406973
-4,4,7.564608797782828
-4,4,4.316560903361236
-4,4,1.6500000000000001
-4,4,1.6500000000000001
-4,4,5.461027928515738
-4,4,3.631667895684173
-4,4,2.017444445973832
-4,3,1.6500000000000001
-4,3,5.199401488485436
-4,3,4.263335987243467
-4,3,10.859315954926231
-4,3,5.606383805540327
-4,3,2.2268266711557625
-4,3,5.350016838993962
-4,3,9.387037830393364
-4,3,1.6500000000000001
-4,3,4.49295585028251
-4,3,4.999279636340052
-4,3,2.98381290245561
-4,3,7.286890508302536
-4,3,4.497992706817138
-4,3,1.6500000000000001
-4,3,2.690213502043051
-4,3,5.418573113034523
-4,3,1.9525089936467306
-4,3,1.6500000000000001
-4,3,3.350051611155691
-4,3,5.432145558183977
-4,3,1.6500000000000001
-4,3,2.5663805100286994
-4,3,6.123992216535984
-4,3,6.623847124360681
-4,3,3.097378068104889
-4,3,3.0281001875619085
-4,3,2.5215834485011825
-4,3,6.2397713535556685
-4,3,2.827655071549549
-4,3,1.6500000000000001
-4,3,2.1436037051977106
-4,3,2.388760911534245
-4,3,6.01173421351969
-4,3,5.78346671162081
-4,3,2.865095864723856
-4,3,10.38242223286899
-4,3,6.778687008510955
-4,3,8.62058638577796
-4,3,4.042155618328699
-4,3,6.863557236755189
-4,3,1.6500000000000001
-4,3,3.2700684319867346
-4,3,2.320769690584265
-4,3,7.295364572154172
-4,3,1.9954101275972809
-4,3,4.523762115119444
-4,3,1.6500000000000001
-4,3,2.6963402756028048
-4,3,3.754324898367276
-4,3,5.462220839340276
-4,3,3.670395330124327
-4,3,1.6500000000000001
-4,3,1.6500000000000001
-4,3,4.700220288938605
-4,3,1.6500000000000001
-4,3,2.099057273621373
-4,3,9.63781997747326
-4,3,1.6500000000000001
-4,3,4.392959899936745
-4,3,2.9599850546911757
-3,3,1.6500000000000001
-3,3,5.01257261641115
-3,3,6.646804292107037
-3,3,5.972169828438827
-3,3,8.573481704740049
-3,3,4.832466994462286
-3,3,6.177295700700782
-3,3,1.6500000000000001
-3,3,6.6754546441467895
-3,3,5.909570759606389
-3,3,3.725887432173146
-3,3,4.106174403963832
-3,3,3.8561204632519934
-3,3,5.603135326934288
-3,3,5.7640892521203995
-3,3,6.650143985807076
-3,3,5.8362614884033075
-3,3,3.5469315486507598
-3,3,1.9226899410147285
-3,3,4.564976449531022
-3,3,1.6500000000000001
-3,3,6.170504656991068
-3,3,3.162379061839072
-3,3,1.6500000000000001
-3,3,1.6500000000000001
-3,3,9.848301309501256
-3,3,2.4037363601544004
-3,3,1.6500000000000001
-3,3,3.7997824578527624
-3,3,7.396684057285428
-3,3,3.2996033376172305
-3,3,6.142431925149322
-3,3,1.6500000000000001
-3,3,5.9213014218815365
-3,3,6.050004583997147
-3,3,5.43080094231965
-3,3,5.485583268646668
-3,3,10.285634369585813
-3,3,2.66005703339244
-3,3,6.679620263108469
-3,3,3.8772270233953505
-3,3,4.989793401315354
-3,3,7.964387802366407
-3,3,3.203333334580711
-3,3,7.475590927946991
-3,3,7.538191089645302
-3,3,8.105065299858186
-3,3,6.734114669181464
-3,3,7.120166661503529
-3,3,5.684108432397245
-3,3,5.845136553962728
-3,3,1.6500000000000001
-3,3,4.3214069710376535
-3,3,5.963122867206802
-3,3,5.504229360039103
-3,3,7.19500927012372
-3,3,1.6500000000000001
-3,3,5.048345844870704
-3,3,6.808936608004477
-3,3,5.54115718011212
-3,3,6.389209113756981
-3,3,4.677227346595016
-4,3,5.952405895159603
-4,3,8.266547549639045
-4,3,8.251009330555814
-4,3,2.207262678956917
-4,3,3.2011337577656533
-4,3,5.511702144124676
-4,3,6.552059732442035
-4,3,1.6500000000000001
-4,3,10.502504650839324
-4,3,9.213431780727015
-4,3,1.6500000000000001
-4,3,4.182830533504595
-4,3,8.489388213538888
-4,3,2.9057164605066053
-4,3,4.747475940705147
-4,3,5.713761560786066
-4,3,1.810650664189518
-4,3,3.991353818786968
-4,3,6.435981756273645
-4,3,1.6500000000000001
-4,3,2.200884808857276
-4,3,4.018795287434658
-4,3,2.418261059238928
-4,3,1.6500000000000001
-4,3,4.653767040346956
-4,3,4.328041242941679
-4,3,6.993428593551114
-4,3,3.1188611403766253
-4,3,4.404859540971286
-4,3,1.6500000000000001
-4,3,4.65144348631859
-4,3,7.313736616807842
-4,3,4.261762085326783
-4,3,7.810755751701149
-4,3,2.751991619198326
-4,3,4.41567984508792
-4,3,8.107045217316347
-4,3,4.506477330279317
-4,3,4.717672569086183
-4,3,1.6500000000000001
-4,3,8.94691379264444
-4,3,7.211911676601562
-4,3,1.6500000000000001
-4,3,7.148385037736537
-4,3,3.8331581810872275
-4,3,1.6500000000000001
-4,3,3.4241987905574933
-4,3,1.6500000000000001
-4,3,6.989203367461027
-4,3,4.971559599928744
-4,3,5.339249565349521
-4,3,4.368982337385983
-4,3,1.6500000000000001
-4,3,1.6500000000000001
-4,3,2.751984418555037
-4,3,1.6500000000000001
-4,3,9.464697076034543
-4,3,7.003058073077
-4,3,6.41156236364343
-4,3,4.475616032025971
-4,3,1.6500000000000001
-3,3,1.6500000000000001
-3,3,10.624478261033458
-3,3,3.652403345608443
-3,3,6.889395673424929
-3,3,7.525573718201834
-3,3,2.8128751657315068
-3,3,2.4013032491168547
-3,3,6.85336044432605
-3,3,1.6500000000000001
-3,3,7.565723717183982
-3,3,4.940727394506578
-3,3,8.691440080543178
-3,3,3.9345776826897874
-3,3,6.88143265808214
-3,3,6.9955408742934
-3,3,6.700772475510227
-3,3,6.618006553085877
-3,3,6.219547194624681
-3,3,6.058397102925152
-3,3,2.853988810341068
-3,3,6.651124680452816
-3,3,4.812723346441106
-3,3,1.6500000000000001
-3,3,3.651086873356891
-3,3,6.8970097447393535
-3,3,5.780487476390823
-3,3,3.787641201999445
-3,3,7.702304815858199
-3,3,7.105343532808803
-3,3,4.46201467359182
-3,3,6.035525347867965
-3,3,6.367821236132743
-3,3,2.8913368347988433
-3,3,5.782681778730302
-3,3,4.732013309567328
-3,3,2.46096540315228
-3,3,6.486058946587096
-3,3,5.078461190775596
-3,3,4.492267871795644
-3,3,9.292294201520942
-3,3,3.5047350070809733
-3,3,9.21609714860251
-3,3,5.62566782201989
-3,3,6.013545180890003
-3,3,5.408966570572991
-3,3,5.341578992983563
-3,3,3.6737653826816468
-3,3,5.8912898799372675
-3,3,5.0455968548591965
-3,3,5.413420193583277
-3,3,1.6500000000000001
-3,3,5.2691553523059556
-3,3,3.4940608211849584
-3,3,1.6500000000000001
-3,3,1.6500000000000001
-3,3,3.9388270636319396
-3,3,2.0622994557411727
-3,3,5.384170129220992
-3,3,8.304561191421584
-3,3,8.048793113848452
-3,3,6.28304817914299
-3,3,2.757631838065687
-3,4,1.8548053143960797
-3,4,1.6500000000000001
-3,4,9.301276069253174
-3,4,12.163632947172982
-3,4,3.0011422773702074
-3,4,2.063361512917661
-3,4,3.0385576544424664
-3,4,4.187992135489981
-3,4,1.6500000000000001
-3,4,7.342653385115049
-3,4,5.473496725261822
-3,4,1.9887089216409817
-3,4,3.036459746048667
-3,4,3.476103606853278
-3,4,5.1228670786296036
-3,4,6.133487324043362
-3,4,8.430439774234351
-3,4,7.487074564527501
-3,4,1.6500000000000001
-3,4,1.6500000000000001
-3,4,3.9668421477627396
-3,4,7.424172062925642
-3,4,2.706558707676468
-3,4,5.423369611178783
-3,4,5.12182897389713
-3,4,7.334819251744662
-3,4,6.703056708162099
-3,4,5.526586304965272
-3,4,4.890977924264868
-3,4,4.956395100016111
-3,4,6.089624138043393
-3,4,9.819063236774255
-3,4,3.9281241798478543
-3,4,10.166267015812343
-3,4,7.226398494516751
-3,4,1.6500000000000001
-3,4,4.574585936553915
-3,4,2.6932996201923802
-3,4,6.231882003308941
-3,4,3.1912274286741655
-3,4,9.89330956666874
-3,4,4.5751849352632465
-3,4,7.744011160769192
-3,4,8.145811896138495
-3,4,1.6500000000000001
-3,4,5.694597188134462
-3,4,1.6500000000000001
-3,4,12.036373307898973
-3,4,1.6727132715290454
-3,4,3.014216749824442
-3,4,8.178131994747918
-3,4,5.393138747082383
-3,4,1.6500000000000001
-3,4,2.0935773236664006
-3,4,6.627976332567526
-3,4,3.371490053359822
-3,4,4.860340153412441
-3,4,5.6286115691160585
-3,4,7.70700635004923
-3,4,3.424679901263869
-3,4,5.228000634024297
-3,4,5.415303746922308
-2,4,1.789231768784338
-2,4,3.422908537375908
-2,4,1.6500000000000001
-2,4,5.390729058856521
-2,4,1.6500000000000001
-2,4,5.715225498388912
-2,4,5.335277466554073
-2,4,1.6500000000000001
-2,4,8.40141437001851
-2,4,1.6500000000000001
-2,4,7.067058921635779
-2,4,1.6500000000000001
-2,4,4.419499808401947
-2,4,3.014597294347181
-2,4,8.96839862423642
-2,4,1.7731080686168692
-2,4,1.6500000000000001
-2,4,1.6500000000000001
-2,4,7.377995132492384
-2,4,6.826375465270831
-2,4,1.9761532683025655
-2,4,4.778757667909634
-2,4,6.676880964527079
-2,4,1.6500000000000001
-2,4,3.654394471366933
-2,4,5.263340918843132
-2,4,4.779339176855245
-2,4,4.827659193315235
-2,4,6.525434392615941
-2,4,3.462203741075473
-2,4,6.205955940643928
-2,4,8.691859051512143
-2,4,9.458527990798231
-2,4,1.6500000000000001
-2,4,4.121066110368189
-2,4,4.329109910892694
-2,4,3.7666649853592022
-2,4,5.473244845653212
-2,4,1.6500000000000001
-2,4,4.063122144757343
-2,4,10.99491769334184
-2,4,1.6500000000000001
-2,4,5.025653939408396
-2,4,1.6500000000000001
-2,4,9.717021130870677
-2,4,5.441987785428404
-2,4,5.034786264059825
-2,4,4.550916193348554
-2,4,12.133709320054393
-2,4,5.237108693610719
-2,4,5.8549765347576255
-2,4,4.400842383540441
-2,4,4.456309895846938
-2,4,3.914104893398825
-2,4,8.547189271188522
-2,4,8.15303651405745
-2,4,2.7672353095459417
-2,4,6.602331894777871
-2,4,6.677685352684566
-2,4,3.022239549979955
-2,4,4.844221536746151
-1,4,8.0959225627611
-1,4,5.667081778500433
-1,4,9.042763721631017
-1,4,4.342997241871726
-1,4,5.718415475915562
-1,4,7.621715592407924
-1,4,6.954586059878999
-1,4,2.8992208582331793
-1,4,3.327056310762025
-1,4,9.525264897245522
-1,4,10.231449931879098
-1,4,4.904124160549727
-1,4,8.97443949943276
-1,4,1.6500000000000001
-1,4,4.261029441472708
-1,4,1.6500000000000001
-1,4,7.427360622469168
-1,4,11.133451772233444
-1,4,6.2496477263124
-1,4,6.95969718581715
-1,4,6.373284865859978
-1,4,1.6500000000000001
-1,4,6.499886817317759
-1,4,6.043176893071205
-1,4,8.24117830540571
-1,4,9.152450050419835
-1,4,5.929382903812353
-1,4,3.505129251242291
-1,4,5.8126930382346575
-1,4,5.469405992613638
-1,4,6.713781323223877
-1,4,5.453180891996586
-1,4,7.53130084960857
-1,4,6.5608720457227
-1,4,4.58710949845603
-1,4,4.26556532898156
-1,4,4.8890280246459765
-1,4,2.8878645386574853
-1,4,6.502262562260519
-1,4,3.1258929501887143
-1,4,5.845622767751893
-1,4,5.280055787088157
-1,4,3.644667804915211
-1,4,8.859109840663402
-1,4,3.2795204472811803
-1,4,6.749081948966512
-1,4,5.1632501922957195
-1,4,4.748428691283737
-1,4,8.626788870910916
-1,4,6.006003289493933
-1,4,2.4200261516189467
-1,4,1.6500000000000001
-1,4,3.597369103250463
-1,4,5.125680645533583
-1,4,6.901452080046708
-1,4,3.108314393789641
-1,4,5.183758377622234
-1,4,2.1601015387641795
-1,4,3.543851318216171
-1,4,9.369001611110992
-1,4,4.856781147972329
-1,4,7.271363703555604
-1,3,3.3974439924749205
-1,3,4.23783501769936
-1,3,7.124741829954742
-1,3,6.259852382153772
-1,3,7.6133378082500265
-1,3,5.8288001203220166
-1,3,4.731107430627203
-1,3,7.104418159432142
-1,3,5.097385225613698
-1,3,10.579303230016947
-1,3,4.0254849396387975
-1,3,8.360023192286983
-1,3,6.500859683575559
-1,3,3.249427987165455
-1,3,2.7116092127263904
-1,3,7.34955479088127
-1,3,10.977831397466511
-1,3,3.5980959783143303
-1,3,9.489898645421842
-1,3,5.109843892699635
-1,3,4.497855767035053
-1,3,1.6500000000000001
-1,3,1.8883563225072466
-1,3,2.855469628850824
-1,3,4.438091738724887
-1,3,6.9445551986167375
-1,3,10.163316124462906
-1,3,4.331573271117763
-1,3,2.426566483118818
-1,3,1.9029603839611013
-1,3,6.488413869082952
-1,3,4.0177346971896295
-1,3,4.441785837474646
-1,3,6.488327452161814
-1,3,10.094166386184444
-1,3,3.2917702998529683
-1,3,1.6500000000000001
-1,3,1.6500000000000001
-1,3,6.7466249484933725
-1,3,7.487873980301121
-1,3,7.570782611925868
-1,3,5.742393297171828
-1,3,8.115041156366361
-1,3,4.686240030825428
-1,3,5.7344743326048775
-1,3,9.774790948890502
-1,3,9.093668346061902
-1,3,7.931927032551788
-1,3,7.663333225883755
-1,3,5.6328626968549225
-1,3,4.928214298061356
-1,3,1.6500000000000001
-1,3,8.193907961269774
-1,3,9.780094287981921
-1,3,7.117547505760757
-1,3,5.9838455720198285
-1,3,1.6500000000000001
-1,3,9.528631336688555
-1,3,1.8389879939038405
-1,3,1.6500000000000001
-1,3,4.431523116625746
-2,3,6.105811119593998
-2,3,4.503215499464026
-2,3,5.802946764580988
-2,3,2.3835059461812684
-2,3,6.623985957264904
-2,3,1.6500000000000001
-2,3,5.663154325457995
-2,3,1.6500000000000001
-2,3,12.268394340678917
-2,3,6.389744119082742
-2,3,1.6500000000000001
-2,3,5.217130920321639
-2,3,9.26278807470716
-2,3,7.426997201424259
-2,3,2.4938047671323424
-2,3,4.553263900112051
-2,3,8.17123501483256
-2,3,3.6930756475428654
-2,3,3.655645637779041
-2,3,3.9531443557611214
-2,3,2.80129049484677
-2,3,7.280426797002388
-2,3,6.905834290825401
-2,3,6.423639919158393
-2,3,1.6500000000000001
-2,3,9.245316330558783
-2,3,6.076674889702983
-2,3,9.938419225340006
-2,3,6.185357822469346
-2,3,8.373707663704316
-2,3,5.616797364950333
-2,3,4.422080559599882
-2,3,3.8631298539007846
-2,3,3.820606451100251
-2,3,3.5043525051022257
-2,3,6.98197587362661
-2,3,7.158608746270828
-2,3,7.597334067178415
-2,3,2.6142272149280172
-2,3,11.824006573003095
-2,3,2.4274976040748784
-2,3,1.7919095515465924
-2,3,7.985064665535893
-2,3,6.647668709745059
-2,3,6.034341844242041
-2,3,9.082014714228993
-2,3,5.32171332015451
-2,3,6.192771811731768
-2,3,1.6500000000000001
-2,3,2.0105891497557473
-2,3,8.866963125534326
-2,3,6.9866648854325595
-2,3,2.0963283992756203
-2,3,6.4690352832675035
-2,3,1.6500000000000001
-2,3,1.7158383519398157
-2,3,4.347620052257469
-2,3,1.6500000000000001
-2,3,2.9746212186834557
-2,3,2.0243569510759505
-2,3,5.691702087863419
-2,3,7.774395243675062
-1,3,9.10568947940445
-1,3,2.377438742301591
-1,3,4.694643284563658
-1,3,4.290426935191949
-1,3,6.460820409664512
-1,3,6.832411213846054
-1,3,7.882372614568541
-1,3,4.843540246501559
-1,3,5.9061465484538695
-1,3,6.930559798424335
-1,3,3.6174801608124465
-1,3,7.053546756077154
-1,3,3.519722178320816
-1,3,13.234144466671982
-1,3,3.290961598749283
-1,3,4.269167825331188
-1,3,7.876950069584348
-1,3,11.781559622446803
-1,3,5.883855056382876
-1,3,6.497386881919599
-1,3,10.26795084983545
-1,3,4.368899213195062
-1,3,1.6500000000000001
-1,3,2.993260983348948
-1,3,7.723052324238518
-1,3,4.427600855126212
-1,3,8.541354724716964
-1,3,9.533209106066357
-1,3,11.230285698409459
-1,3,5.787129148051955
-1,3,10.37364145183955
-1,3,8.200343779347783
-1,3,7.214143860431789
-1,3,5.461695260073174
-1,3,6.54231806981641
-1,3,3.3458209641953713
-1,3,8.778432995487158
-1,3,8.518685383611603
-1,3,5.787011468608265
-1,3,6.423771073833575
-1,3,5.636230182689838
-1,3,8.842614602019069
-1,3,1.9998683660783274
-1,3,2.305471461670267
-1,3,5.367894028151232
-1,3,3.4737520309402052
-1,3,1.6500000000000001
-1,3,4.514258999477634
-1,3,5.8966384872783815
-1,3,9.73174908604475
-1,3,8.210680625272175
-1,3,5.798088209647194
-1,3,8.109926339051427
-1,3,3.91621065190016
-1,3,2.3882788235904866
-1,3,7.66105431698049
-1,3,3.912916181904237
-1,3,3.897480776961898
-1,3,7.2900103097602855
-1,3,6.667688998407844
-1,3,1.6500000000000001
-1,3,2.758271175941724
0,3,7.923223680476193
0,3,6.658727019199315
0,3,5.156300085703481
0,3,6.074070115613349
0,3,8.334254598632514
0,3,7.933461263566523
0,3,9.406260032181546
0,3,5.572788168501174
0,3,4.899405206837914
0,3,8.26474352204918
0,3,6.989533740865422
0,3,7.810828925537927
0,3,3.5710999975525866
0,3,1.9971507105307005
0,3,1.6500000000000001
0,3,4.3966629562152155
0,3,4.910622456454682
0,3,8.971105410533212
0,3,5.356242907742253
0,3,6.108349655209685
0,3,3.4417321623017276
0,3,1.6500000000000001
0,3,4.484812475200331
0,3,3.8661828481852987
0,3,9.31925538164928
0,3,7.345635640994142
0,3,2.8914018624202615
0,3,3.2893616481663726
0,3,3.697693888272882
0,3,6.442671652588531
0,3,1.6500000000000001
0,3,3.1543846836343254
0,3,5.0442653088759215
0,3,3.094453976654819
0,3,8.428852627878625
0,3,7.2987198665601465
0,3,6.359543178841448
0,3,5.4429371557119195
0,3,3.9349712169230333
0,3,2.701266016324962
0,3,6.370126225339824
0,3,9.382976689032862
0,3,11.094664372878588
0,3,1.6500000000000001
0,3,4.210266004856483
0,3,1.6500000000000001
0,3,5.321892749308244
0,3,1.6500000000000001
0,3,6.764567644057524
0,3,3.9522557479937146
0,3,1.8093835937572056
0,3,9.842243360807219
0,3,5.911553726987087
0,3,8.084200110850148
0,3,7.390469991904542
0,3,8.10877380245143
0,3,2.3422205604067203
0,3,2.910697117262052
0,3,4.979668643564189
0,3,7.321968409360227
0,3,4.4505588667624
0,2,9.113189732058473
0,2,1.6500000000000001
0,2,8.868485646229209
0,2,7.1747425264177895
0,2,9.974785195725833
0,2,9.463640809473482
0,2,4.831857860845761
0,2,4.940577243090446
0,2,4.680453975843379
0,2,8.093757394040356
0,2,8.633195703724104
0,2,1.886987855037472
0,2,3.487499441538506
0,2,10.155394304403327
0,2,4.255733241050793
0,2,6.917833503857408
0,2,8.963446768932032
0,2,1.8806174155950686
0,2,6.465290026297538
0,2,8.15370440545161
0,2,2.7814735205854912
0,2,9.266805376916924
0,2,5.666793529972612
0,2,3.1187454041784304
0,2,1.6500000000000001
0,2,5.4095952063985235
0,2,3.4123584450558515
0,2,3.0639362259494876
0,2,7.480833804028953
0,2,7.482311334095554
0,2,6.32066087200663
0,2,6.113507857381706
0,2,9.206997675391344
0,2,6.28624655565525
0,2,5.33492540788489
0,2,2.766793670585304
0,2,8.105687004870653
0,2,6.134370703712753
0,2,6.779980053563056
0,2,7.4676228616621945
0,2,5.65639864158592
0,2,8.516755315072912
0,2,7.27650771399357
0,2,2.77725229258791
0,2,3.1809327576930246
0,2,6.624470392300476
0,2,5.9378056389126375
0,2,5.688250238327364
0,2,6.1736296384654645
0,2,1.6500000000000001
0,2,1.6500000000000001
0,2,1.6500000000000001
0,2,3.848535064428821
0,2,9.564376371869063
0,2,9.993987145010388
0,2,5.6978429993783895
0,2,1.6500000000000001
0,2,3.6638362815149086
0,2,5.680473484530614
0,2,4.966055205094823
0,2,1.6500000000000001
0,2,1.8420850382298468
1,2,1.6500000000000001
1,2,4.124149610607818
1,2,8.84119509740211
1,2,4.391180678601585
1,2,4.346960230892817
1,2,4.48317985085104
1,2,6.918574129303924
1,2,3.425948807756295
1,2,5.402886827091567
1,2,8.612420230900387
1,2,1.6500000000000001
1,2,4.222196270373621
1,2,4.126672851986021
1,2,6.306676038274771
1,2,2.2189865416106493
1,2,3.0374167794235833
1,2,1.6500000000000001
1,2,8.442043086228498
1,2,4.373818344324389
1,2,4.735479431098668
1,2,7.4340153548769905
1,2,6.567114512712435
1,2,4.145805651686826
1,2,5.67644436592262
1,2,10.441436933602638
1,2,8.487052464997094
1,2,4.336685050584634
1,2,7.201265342817965
1,2,8.965028007033059
1,2,4.968030201109856
1,2,9.151683560684159
1,2,5.347918883189387
1,2,4.2177575162047924
1,2,7.030769357668169
1,2,7.622304516119068
1,2,5.513256959314496
1,2,5.53618173539716
1,2,1.6500000000000001
1,2,2.404205725822694
1,2,5.563463504996699
1,2,8.63751123509462
1,2,2.9404590206486225
1,2,3.9809901922157436
1,2,8.336552586449255
1,2,12.016595792356144
1,2,2.4444973279480133
1,2,5.684756388153368
1,2,6.2546935740280825
1,2,6.609417118500987
1,2,4.389216969051268
1,2,7.838134796375585
1,2,6.313305145597024
1,2,6.749369830404004
1,2,7.385395272439469
1,2,1.7088473047732755
1,2,4.356049414941696
1,2,5.811422481942698
1,2,4.627207234694817
1,2,4.903501808546347
1,2,6.670436121310051
1,2,5.558590781434783
2,2,8.302992310537299
2,2,1.6500000000000001
2,2,7.948417708400729
2,2,8.231870748265674
2,2,4.403939252536751
2,2,5.1042828131361455
2,2,7.181978982761091
2,2,6.107928903489905
2,2,6.509385794316608
2,2,4.451810193431305
2,2,7.93626534171856
2,2,2.12865867383158
2,2,6.9611639520733775
2,2,4.615877566330804
2,2,5.011481878305858
2,2,5.410676367000892
2,2,7.063811134877006
2,2,9.306379829186612
2,2,5.551997322493413
2,2,2.5392852731119446
2,2,5.707961251791954
2,2,4.399482655031327
2,2,4.723172641134768
2,2,6.815144141937187
2,2,4.844480149662499
2,2,6.277629383838502
2,2,1.7327548877783165
2,2,3.185098267892947
2,2,5.1447965757397105
2,2,4.767884959183661
2,2,6.2444449935558834
2,2,5.589161439849199
2,2,4.2165313725994835
2,2,8.695835031147311
2,2,5.553981299157015
2,2,7.160497720448243
2,2,1.6500000000000001
2,2,9.94910849728409
2,2,5.926117778983685
2,2,2.6508796834251327
2,2,1.787761116595377
2,2,7.639786284829421
2,2,5.5817944909689325
2,2,5.320384040531406
2,2,7.383215966563952
2,2,4.911491238621321
2,2,7.223828501700291
2,2,2.4469274454640533
2,2,4.296459853048971
2,2,9.504639797867386
2,2,6.040008569522415
2,2,5.266202437683292
2,2,10.34584404798333
2,2,1.6500000000000001
2,2,12.659830103776333
2,2,3.042041702141062
2,2,3.6508826046591736
2,2,6.147349955771922
2,2,3.0601249927279555
2,2,2.0428376889028232
2,2,9.59786138503415
2,2,12.016721847550912
3,2,4.0410699250936535
3,2,1.6500000000000001
3,2,2.4611590291531975
3,2,2.1645375178203743
3,2,8.03697378433668
3,2,6.358119340551734
3,2,5.622915123706804
3,2,8.88580882572937
3,2,1.6500000000000001
3,2,1.6500000000000001
3,2,6.811059827774319
3,2,8.118754749423893
3,2,1.6500000000000001
3,2,7.310958593079935
3,2,8.02594529984039
3,2,5.207593022944472
3,2,8.675647036071823
3,2,4.442653088554971
3,2,1.9725756280053965
3,2,9.176511135789381
3,2,6.8330504839367965
3,2,7.746766259136054
3,2,13.453567224927522
3,2,5.729688774250764
3,2,4.565843185474832
3,2,8.391615073988355
3,2,9.028407428269123
3,2,2.8066589717276837
3,2,8.038388281804972
3,2,3.1412166993122037
3,2,7.496508963272284
3,2,2.230380651283677
3,2,6.52803928763976
3,2,4.2055389647691905
3,2,7.82324225048093
3,2,1.6500000000000001
3,2,9.53786788660696
3,2,7.924792065978021
3,2,4.48962237927583
3,2,9.36320598802889
3,2,8.272758933243379
3,2,7.108331540443975
3,2,1.6500000000000001
3,2,6.824451021659284
3,2,9.075487779207634
3,2,4.009934942877684
3,2,4.69768645824746
3,2,4.297912942305378
3,2,6.441441047310693
3,2,7.902829617432683
3,2,4.85370701851666
3,2,7.428513348646449
3,2,6.912135213788101
3,2,8.894867672347473
3,2,10.88917287246095
3,2,7.58454196963004
3,2,4.325945414154602
3,2,3.634497542195714
3,2,7.40078389765605
3,2,4.159823322973624
3,2,4.417427735431049
3,2,6.187157153532526
3,3,2.1447980480637208
3,3,5.069182073465217
3,3,10.138125456222543
3,3,3.181429998412561
3,3,4.115627184123644
3,3,2.132084241586761
3,3,1.922543281536178
3,3,5.319773965355305
3,3,6.197214864892823
3,3,5.032162679175765
3,3,1.6500000000000001
3,3,8.638640471381667
3,3,6.060516020678638
3,3,7.081066186237605
3,3,1.8130016154129254
3,3,5.557403238415064
3,3,4.699620045848846
3,3,3.0513646402756405
3,3,1.6500000000000001
3,3,10.749369484117384
3,3,7.7210126354748505
3,3,4.957322696104036
3,3,8.750093827980411
3,3,2.114685306308676
3,3,4.34556760828481
3,3,8.052096229281135
3,3,1.6500000000000001
3,3,9.113182491089956
3,3,2.0009470783480583
3,3,6.752905499569349
3,3,5.704366498721247
3,3,4.247301165072049
3,3,9.33459145774679
3,3,4.304656916766602
3,3,5.872512615473642
3,3,5.655314960855584
3,3,3.175257979981073
3,3,5.716542003433975
3,3,4.593453707578926
3,3,6.521649943271611
3,3,10.11972050719404
3,3,1.6500000000000001
3,3,7.518259298282292
3,3,5.324606194699184
3,3,5.559407003042314
3,3,6.445062479751585
3,3,5.95166083884063
3,3,5.498616965610664
3,3,1.719049459470738
3,3,2.5063371507091525
3,3,6.58878230380827
3,3,8.704480564082086
3,3,1.6500000000000001
3,3,3.7857733778789617
3,3,5.114820585480508
3,3,1.6500000000000001
3,3,9.930884315586727
3,3,5.072607209407035
3,3,5.091149663318497
3,3,8.244329655792551
3,3,6.474479512846956
3,2,11.256255449549283
3,2,3.474458569516224
3,2,7.95683704578814
3,2,9.820926508573109
3,2,5.193330887404992
3,2,4.826417668276444
3,2,4.076136651454811
3,2,1.6500000000000001
3,2,4.376730667987594
3,2,9.933539136360054
3,2,6.63349919357098
3,2,5.6831892696562285
3,2,8.486571985598854
3,2,8.529955282043854
3,2,2.774727082292954
3,2,7.998380518670929
3,2,5.835720154279362
3,2,7.98749630918217
3,2,5.698796576162443
3,2,5.725700703493752
3,2,8.79327093817334
3,2,2.798369478283097
3,2,6.004794663146875
3,2,5.799654281417656
3,2,7.027229256919107
3,2,4.4511281087640695
3,2,2.8277415180601775
3,2,2.0662019000384397
3,2,3.522820975501385
3,2,6.69443181693667
3,2,9.442981893903376
3,2,2.1881584702650834
3,2,4.32967579150676
3,2,7.687162128492822
3,2,5.567698813756642
3,2,3.1886287576487176
3,2,6.217055728560351
3,2,3.3232225763618244
3,2,7.776302632104649
3,2,5.496200185758193
3,2,7.889284552060486
3,2,4.653387309438655
3,2,5.1858452435075195
3,2,5.077620835198904
3,2,2.8189176517976886
3,2,1.6500000000000001
3,2,4.20784666058664
3,2,10.934195686555373
3,2,6.564074769988495
3,2,5.265079999984495
3,2,6.661847538590784
3,2,10.087476681721132
3,2,4.263200830767326
3,2,4.689374799997697
3,2,5.172454175085482
3,2,7.120856201169332
3,2,10.437239633563014
3,2,9.728912761410927
3,2,7.961442009200063
3,2,8.686787559821553
3,2,7.194296409855926
3,2,10.1090696342853
3,1,6.8293053922454305
3,1,7.710538914650466
3,1,7.413215520033557
3,1,1.839003850531074
3,1,10.93887712862385
3,1,9.231858033851006
3,1,8.204364812369914
3,1,7.400399141967302
3,1,5.234163507571593
3,1,1.6500000000000001
3,1,1.6500000000000001
3,1,3.800348523454161
3,1,1.6500000000000001
3,1,7.590144214820052
3,1,4.048505123559987
3,1,9.755421780062711
3,1,5.847938650801835
3,1,7.774359076327564
3,1,7.828266142348612
3,1,1.6500000000000001
3,1,8.652707292657784
3,1,5.68613826772601
3,1,6.4981998933013845
3,1,3.987148532486964
3,1,5.25369504646573
3,1,1.6500000000000001
3,1,5.15220396897349
3,1,3.6938988274594124
3,1,3.1261845146825755
3,1,2.1216276565932657
3,1,6.430275374366666
3,1,3.920268700677542
3,1,5.102245658349201
3,1,4.971230020667
3,1,9.751967070318534
3,1,7.6092937272937515
3,1,4.323418797462757
3,1,6.448190542127878
3,1,1.6500000000000001
3,1,8.802665763288438
3,1,3.6361191235684087
3,1,3.9952133414717252
3,1,12.676042406981026
3,1,11.796890402523415
3,1,11.364080395407843
3,1,3.367519822772077
3,1,7.57123015495362
3,1,8.403942282724337
3,1,6.962003788889733
3,1,6.351706407164451
3,1,8.543326969194178
3,1,7.2279857241727825
3,1,6.842665265982299
3,1,9.235523535842386
3,1,1.6500000000000001
3,1,8.291106721988108
3,1,6.240568170143524
3,1,3.1127820265780115
3,1,2.533109329448958
3,1,8.374268326126447
3,1,5.6232842913331265
4,1,6.261405647692769
4,1,3.8035968149911428
4,1,5.7242072658718355
4,1,1.9662634335332498
4,1,2.822847172990614
4,1,7.133985975195502
4,1,2.1235080902023307
4,1,5.483091118791252
4,1,4.7978252383316695
4,1,5.330268452855552
4,1,4.979222126668625
4,1,2.715466692208551
4,1,3.7283073248370906
4,1,7.471056671046147
4,1,7.263175155296545
4,1,7.495199515253578
4,1,6.509501680929544
4,1,7.453504633749922
4,1,2.5924212701729834
4,1,4.973859314144309
4,1,5.080191340984844
4,1,4.567647137381569
4,1,3.964822344566758
4,1,7.231784846721208
4,1,9.640574189243083
4,1,2.987793062336051
4,1,7.593810284316
4,1,1.6500000000000001
4,1,4.644124028941294
4,1,5.909028143341569
4,1,6.420764245202699
4,1,6.6622073564916455
4,1,5.106265567446178
4,1,4.169855979345318
4,1,5.597190082034273
4,1,3.4786364928012627
4,1,5.043192269308189
4,1,1.6500000000000001
4,1,7.017658825942357
4,1,1.6500000000000001
4,1,6.8923823488615765
4,1,7.353854092318625
4,1,2.096002360124721
4,1,3.045326232874548
4,1,2.012923798119518
4,1,2.972985363900003
4,1,5.658121744791775
4,1,1.6500000000000001
4,1,5.310972437413156
4,1,4.896065642263839
4,1,4.618213300629434
4,1,4.935360439115627
4,1,8.138308480797951
4,1,1.9166168984068905
4,1,1.6500000000000001
4,1,3.898227927920574
4,1,5.592533082723538
4,1,4.647198776199847
4,1,4.623306371626178
4,1,5.245668714346582
4,1,12.559174130116926
4,1,1.6500000000000001
4,2,10.304305727034915
4,2,9.090569234055984
4,2,1.6500000000000001
4,2,6.427187154508553
4,2,1.9538421470950467
4,2,4.921172051036247
4,2,4.1883019899827625
4,2,5.300138978624668
4,2,2.0968288675378504
4,2,1.6500000000000001
4,2,4.620072066704865
4,2,1.6500000000000001
4,2,10.942265823840266
4,2,10.652176271034065
4,2,9.71678540463731
4,2,5.175875840211373
4,2,5.603034589079254
4,2,2.8357683609415103
4,2,7.362453290061952
4,2,6.01221669292967
4,2,6.591091957165153
4,2,5.036439691493603
4,2,5.690532299205774
4,2,5.443761868519053
4,2,9.405648001496166
4,2,4.414314101036199
4,2,3.9215727042305013
4,2,6.542466232213324
4,2,5.37081051156234
4,2,5.29042990228388
4,2,6.122533193046116
4,2,2.7276059317436925
4,2,4.334757689361398
4,2,7.892287109649848
4,2,1.6500000000000001
4,2,4.962747980460815
4,2,5.617935215017208
4,2,4.396913925337501
4,2,8.998453013585411
4,2,11.386810008214745
4,2,5.3599147259009365
4,2,8.950510271042077
4,2,5.7985517182107325
4,2,2.411812223077194
4,2,4.070494626996553
4,2,3.4673870623146903
4,2,5.740625920096783
4,2,6.757058363019961
4,2,4.685847092508105
4,2,6.073433367967655
4,2,5.153420130714624
4,2,4.56502003348776
4,2,5.112547051558467
4,2,9.221190002184528
4,2,4.621323666530018
4,2,1.9072960960424972
4,2,1.6500000000000001
4,2,5.2200540499442205
4,2,1.6500000000000001
4,2,5.640205905075596
4,2,1.6500000000000001
4,2,9.774118536305089
4,1,8.970654454320602
4,1,3.8663460411667208
4,1,5.54384742654836
4,1,4.546799131713929
4,1,4.107444003156526
4,1,1.7731072169725648
4,1,1.6500000000000001
4,1,1.745798639468907
4,1,3.7630321339689083
4,1,5.9055029065584295
4,1,3.626417375402129
4,1,7.570893401907984
4,1,3.8411921906941453
4,1,7.6306801475760935
4,1,1.6500000000000001
4,1,2.9478106211875312
4,1,5.64940048422018
4,1,8.654238543955588
4,1,12.223601013846526
4,1,4.7646098295815005
4,1,6.631392072545736
4,1,7.2281167311769785
4,1,3.4571878139513856
4,1,5.239620975596302
4,1,3.087790537472608
4,1,3.720755742246375
4,1,6.5550861948601575
4,1,1.6500000000000001
4,1,11.218998197969668
4,1,3.7944021172000797
4,1,9.92933210952296
4,1,5.956569192426154
4,1,4.743892902156552
4,1,7.449222102098528
4,1,3.723301064195085
4,1,6.53700514493713
4,1,4.096819508599447
4,1,3.0889733995072195
4,1,5.577088657852078
4,1,3.5578974061029527
4,1,13.087053116565691
4,1,1.6500000000000001
4,1,8.882046991819939
4,1,7.511767978963483
4,1,3.179582945937149
4,1,6.434358695535923
4,1,5.823361764805957
4,1,8.475393256124434
4,1,6.9025142452342205
4,1,4.146371741878006
4,1,2.8957700985975054
4,1,7.5938273128208085
4,1,2.83799820471957
4,1,1.6500000000000001
4,1,5.620547712665395
4,1,9.204872175201615
4,1,3.7687512822948763
4,1,3.5803053216437473
4,1,1.6500000000000001
4,1,4.839596523274667
4,1,7.821765188481663
4,0,6.187202167606951
4,0,5.401997565636117
4,0,5.231794190106998
4,0,6.208598790208337
4,0,1.6500000000000001
4,0,7.6914573310327015
4,0,5.121960746278454
4,0,1.8697533326161144
4,0,6.2374388579002655
4,0,5.2204081636493
4,0,6.712921094547367
4,0,5.383938984306013
4,0,5.839243718222467
4,0,8.578576487110556
4,0,11.582494822469258
4,0,4.67905533980374
4,0,5.449223284775876
4,0,2.513051450393414
4,0,1.6500000000000001
4,0,6.428240698295411
4,0,6.829242877490847
4,0,4.8891148473540795
4,0,4.262280284831094
4,0,8.035397257156802
4,0,2.543695470524084
4,0,7.550202859307124
4,0,7.439613820877208
4,0,6.152345819725169
4,0,11.929165702264521
4,0,11.966402820982267
4,0,10.322097458881181
4,0,10.803026263481204
4,0,4.428399180982245
4,0,5.121338033932763
4,0,7.696085763263273
4,0,13.144304137020985
4,0,1.6500000000000001
4,0,7.624096752024707
4,0,2.9492003508889573
4,0,10.582117816542041
4,0,3.200332346503904
4,0,3.7193440538108673
4,0,2.6711026653378758
4,0,4.171142927876214
4,0,2.050531471233141
4,0,2.4979401210248207
4,0,8.238478125397528
4,0,1.6500000000000001
4,0,2.992162224965319
4,0,3.4667451944184773
4,0,3.206968829358967
4,0,4.119615087957767
4,0,6.61466865970686
4,0,5.9604427873778265
4,0,1.6500000000000001
4,0,6.263763904321529
4,0,5.771124480830107
4,0,1.6500000000000001
4,0,1.6500000000000001
4,0,10.375404995954653
4,0,7.793286366014463
4,0,7.706976772414567
4,1,2.285279418896604
4,1,1.6500000000000001
4,1,1.6500000000000001
4,1,6.728295844997245
4,1,8.649882674079716
4,1,3.220699575986046
4,1,6.003053951963592
4,1,3.4762974999810883
4,1,7.835228050352615
4,1,7.564013614169815
4,1,2.7204543348966577
4,1,10.120974417003815
4,1,2.801895203224391
4,1,1.6500000000000001
4,1,3.752039305182417
4,1,5.493899202535663
4,1,5.733672324235541
4,1,4.087107417350429
4,1,1.6500000000000001
4,1,5.28342555502392
4,1,5.897177267214106
4,1,5.90038600306155
4,1,8.860639305578433
4,1,8.88877232128419
4,1,4.002044870417296
4,1,7.313081611812818
4,1,7.12401201839965
4,1,5.143936754635238
4,1,4.59813421040137
4,1,4.070166147404478
4,1,4.159543616826385
4,1,7.85627541462826
4,1,7.6096434388716805
4,1,3.723862140600347
4,1,7.71550085434311
4,1,7.372599347962414
4,1,9.766002327152961
4,1,1.7611114778506778
4,1,2.9585255832464767
4,1,10.50646717924148
4,1,9.19710984426446
4,1,4.045110750410828
4,1,5.889405623492982
4,1,8.960263192231025
4,1,5.988247727959144
4,1,6.205282917059137
4,1,6.306979823884614
4,1,1.6500000000000001
4,1,2.0078637366022276
4,1,6.802847037670835
4,1,2.3095580146232395
4,1,3.951020107251563
4,1,1.6500000000000001
4,1,9.663239368441483
4,1,5.167412524272219
4,1,2.8264265369510233
4,1,2.8678444895786215
4,1,2.587781588573265
4,1,5.800866296677429
4,1,6.1675246034078
4,1,6.331469175821996
4,2,3.2913656621147367
4,2,6.318307325471192
4,2,5.78743312709335
4,2,6.007207758442952
4,2,7.350557047777041
4,2,4.943315568319181
4,2,4.19131946749963
4,2,1.6500000000000001
4,2,3.9600690639359506
4,2,1.6500000000000001
4,2,6.770951569983618
4,2,1.9520289554826253
4,2,3.22387783741929
4,2,2.066997478779515
4,2,1.6500000000000001
4,2,1.6500000000000001
4,2,7.678600975186317
4,2,2.9756203856669132
4,2,2.7698956303445326
4,2,3.58215211035513
4,2,3.324519836377479
4,2,1.6808415107006152
4,2,3.723663187229631
4,2,1.6500000000000001
4,2,3.9219697908788573
4,2,10.474003880004803
4,2,5.652402755347862
4,2,5.470236107712476
4,2,6.933410531338463
4,2,4.325256700815523
4,2,7.8523313835611965
4,2,3.7538536925079162
4,2,8.081619519605246
4,2,1.6500000000000001
4,2,2.8845526341123655
4,2,1.6500000000000001
4,2,9.538074818834662
4,2,8.476431065095374
4,2,10.101108356798594
4,2,7.908029831637949
4,2,1.9762254176932847
4,2,4.640245058428377
4,2,6.120309581043445
4,2,6.187542770647531
4,2,2.989907551846586
4,2,2.976666861703733
4,2,4.445812257700693
4,2,1.6500000000000001
4,2,6.0367529373777895
4,2,5.787868809025154
4,2,3.0728069859962863
4,2,6.647307766245478
4,2,4.882555711279967
4,2,7.972536045866162
4,2,5.386727083057276
4,2,4.218134853400251
4,2,8.806229759318665
4,2,3.6165870594293987
4,2,2.995275952588547
4,2,4.841045741993787
4,2,8.380018737646537
4,2,3.487187744301816
4,3,4.140010421866895
4,3,4.253844008594355
4,3,4.298170162809432
4,3,3.5382432047142363
4,3,1.6500000000000001
4,3,2.160054208586442
4,3,6.859841776794353
4,3,7.23194430780518
4,3,1.6500000000000001
4,3,6.658543657431504
4,3,4.555817447235464
4,3,5.369055599414657
4,3,3.870756799282488
4,3,1.6500000000000001
4,3,8.1788690276612
4,3,5.143243623782698
4,3,4.978931586211618
4,3,9.514998812618337
4,3,2.4159905026902933
4,3,1.6500000000000001
4,3,4.592466325580502
4,3,6.575568485063542
4,3,1.9759850077315382
4,3,2.9760731866791916
4,3,5.716248883741258
4,3,7.357897216458829
4,3,5.519123898546391
4,3,4.426428027187821
4,3,7.688346054636272
4,3,2.852809239326449
4,3,7.37266051307545
4,3,4.102047314150236
4,3,7.254514764687208
4,3,1.6500000000000001
4,3,2.2898379881493205
4,3,4.459796466047592
4,3,6.488153919193494
4,3,5.429102883211115
4,3,6.467737682319774
4,3,3.7932301239077786
4,3,6.694125741903014
4,3,6.929859002839079
4,3,5.133506545688274
4,3,6.652963681993356
4,3,6.499232420942054
4,3,9.653611430592886
4,3,7.20956064547452
4,3,6.412675145151967
4,3,5.263726084700622
4,3,6.087472131976969
4,3,5.483416715819219
4,3,2.548834097736196
4,3,5.58823540170884
4,3,3.720143617762883
4,3,1.6500000000000001
4,3,8.245935633435167
4,3,3.2182239048738817
4,3,1.6500000000000001
4,3,2.8604032684541054
4,3,7.060531207527851
4,3,1.6500000000000001
4,3,6.9342198215145086
4,4,10.70778087585397
4,4,3.2954380292533654
4,4,8.324174057468781
4,4,6.801040889500753
4,4,3.636335200588953
4,4,2.9207309127532977
4,4,3.847165650711788
4,4,1.6500000000000001
4,4,7.058529120562249
4,4,7.574312547063456
4,4,4.138701195059436
4,4,5.918746292305286
4,4,1.6500000000000001
4,4,5.167701733047435
4,4,2.6708249739042103
4,4,3.9559045760099125
4,4,4.145762783563085
4,4,5.431005122816481
4,4,5.321724737059473
4,4,8.6092460716706
4,4,1.6810626887128342
4,4,7.933311218727694
4,4,4.4711989119955575
4,4,4.653487803294999
4,4,2.9758947261909627
4,4,4.178501494697708
4,4,6.110967986536986
4,4,1.6500000000000001
4,4,5.773865479958108
4,4,4.595671917027549
4,4,1.6500000000000001
4,4,6.464115135562801
4,4,8.821657478653087
4,4,7.471305411071801
4,4,2.6398473147004022
4,4,4.427289964072252
4,4,1.6500000000000001
4,4,2.7500932636833033
4,4,8.876935732206483
4,4,8.405814579937996
4,4,6.909549632190153
4,4,6.3666628584459595
4,4,1.6500000000000001
4,4,3.070951059345159
4,4,3.4275215083677284
4,4,4.4528103355707
4,4,6.0161924190797595
4,4,7.461965724509392
4,4,1.6500000000000001
4,4,1.6500000000000001
4,4,6.281501915992243
4,4,6.222043268476115
4,4,7.312521903979478
4,4,5.934954056099509
4,4,6.462938401690639
4,4,7.498846273572051
4,4,8.84894662154628
4,4,4.215755738289956
4,4,1.8956531024566634
4,4,2.2449840596150272
4,4,4.776724343877305
4,5,3.554417809892233
4,5,5.9923064420604
4,5,3.220267131402448
4,5,2.2684732231779843
4,5,5.200189029929136
4,5,4.00500078511254
4,5,3.5996710339148255
4,5,3.3161598350314794
4,5,4.442775372458359
4,5,6.76189314032634
4,5,2.714671692576413
4,5,2.1528419482666137
4,5,6.022006722811838
4,5,2.2638523711359504
4,5,8.855132154235093
4,5,2.8228503720577294
4,5,1.8013020112780205
4,5,2.41876946990321
4,5,8.656441111527236
4,5,10.979108517051337
4,5,1.6500000000000001
4,5,4.477065593533384
4,5,8.526494236721973
4,5,6.592642697595573
4,5,7.366507088630522
4,5,3.18275970144252
4,5,3.5750607845568085
4,5,1.6500000000000001
4,5,2.1768107031564323
4,5,1.6500000000000001
4,5,5.643702018660525
4,5,5.079888696719781
4,5,4.369896258887776
4,5,3.457504601048922
4,5,5.939672055181723
4,5,3.6734768964779723
4,5,1.6500000000000001
4,5,4.150473769808818
4,5,5.4521250291986085
4,5,2.3540417282057695
4,5,2.1649741571150622
4,5,5.02855672975782
4,5,6.738158119941019
4,5,1.6500000000000001
4,5,1.6500000000000001
4,5,5.060061567804832
4,5,3.9371442213701844
4,5,1.6500000000000001
4,5,1.6500000000000001
4,5,2.331536206750743
4,5,3.544061637702756
4,5,5.78262504185431
4,5,1.7046449869642042
4,5,5.831972493401656
4,5,2.050882462391126
4,5,8.698196664473983
4,5,4.643971246110408
4,5,5.598111854550915
4,5,8.250603970253739
4,5,1.6500000000000001
4,5,6.671515949832878
4,5,8.02454696299365
4,6,1.9209332650666182
4,6,1.6500000000000001
4,6,7.890096171119687
4,6,3.0714189911101686
4,6,3.046986855280686
4,6,4.242385815480794
4,6,8.055610862355362
4,6,5.436479558980288
4,6,4.869178264082063
4,6,5.149339984051545
4,6,2.004764986347101
4,6,5.2660836514215195
4,6,3.134562018703129
4,6,8.547660027815887
4,6,2.5783078226093465
4,6,5.960094253688638
4,6,4.951341229060148
4,6,3.4881658977532153
4,6,1.6500000000000001
4,6,3.8857132925816504
4,6,3.062386215938816
4,6,4.736829248279676
4,6,1.6500000000000001
4,6,4.8373717957096165
4,6,4.789746045921404
4,6,2.240819385112642
4,6,4.458581847449623
4,6,1.6500000000000001
4,6,3.4985674202657915
4,6,6.467599523708189
4,6,7.8275034338367515
4,6,6.5453621941098925
4,6,3.0136251853636287
4,6,2.786519993144326
4,6,4.899656559983365
4,6,2.8638936355309204
4,6,3.2018460729523652
4,6,2.207481809791255
4,6,1.6500000000000001
4,6,1.6500000000000001
4,6,1.6500000000000001
4,6,2.991610313468281
4,6,5.917317482314429
4,6,6.38284001676116
4,6,1.6500000000000001
4,6,10.0900588590112
4,6,9.324741858662932
4,6,3.4183093620835017
4,6,3.8003975684806757
4,6,4.299462946589559
4,6,8.531414614973649
4,6,2.523148832755899
4,6,5.2456563871205235
4,6,1.6500000000000001
4,6,4.958060049110527
4,6,7.533383551327159
4,6,5.672693270995655
4,6,3.503804021886687
4,6,3.3807912391980497
4,6,2.9955005628787568
4,6,5.557927320377823
4,6,3.8294797650989962
4,7,5.382397321700469
4,7,11.67050962919749
4,7,4.9482375095924676
4,7,7.444675828732077
4,7,1.6500000000000001
4,7,10.200333221466693
4,7,7.617186109221213
4,7,1.6500000000000001
4,7,6.243580669116441
4,7,1.6500000000000001
4,7,2.3188674588419858
4,7,5.016516756472092
4,7,6.282671831855163
4,7,1.8319471730461858
4,7,1.6500000000000001
4,7,4.310050420387164
4,7,2.9763319843026865
4,7,3.2643847613629235
4,7,4.54192095972697
4,7,1.6500000000000001
4,7,7.619350280258758
4,7,6.465375860278009
4,7,3.2017057627890866
4,7,7.310804004988103
4,7,4.117270510925338
4,7,5.762609727165527
4,7,5.599799170124404
4,7,5.1614495184729074
4,7,7.481502433929417
4,7,4.543484569861201
4,7,1.6500000000000001
4,7,1.6500000000000001
4,7,4.257625317843944
4,7,5.396445284088024
4,7,4.2424469339184
4,7,1.6500000000000001
4,7,3.1668736688158363
4,7,2.8849849611376146
4,7,7.744432138211482
4,7,6.372109794949449
4,7,2.349060055906107
4,7,4.042545584393802
4,7,2.3016497851023665
4,7,2.5308403596473754
4,7,1.6500000000000001
4,7,6.855141474601822
4,7,7.052247207876931
4,7,6.813362968352982
4,7,2.9877568992701127
4,7,1.6500000000000001
4,7,3.215120618288158
4,7,4.35001239858405
4,7,4.544084123896828
4,7,2.9526603526857333
4,7,1.6500000000000001
4,7,6.128607883938695
4,7,4.2506547341507925
4,7,6.151997178157288
4,7,5.550202588070999
4,7,5.788339818692791
4,7,5.304162864027038
4,8,1.6500000000000001
4,8,1.6500000000000001
4,8,1.6500000000000001
4,8,6.020290560907447
4,8,6.304726994432594
4,8,5.799347011900197
4,8,1.6500000000000001
4,8,1.6500000000000001
4,8,1.9399400938487503
4,8,4.370606361970773
4,8,4.242842624662666
4,8,2.5803726629561567
4,8,6.727403120656503
4,8,3.885185207348104
4,8,3.7985425182050636
4,8,1.6500000000000001
4,8,1.6500000000000001
4,8,8.847872059747196
4,8,4.882024606378409
4,8,4.652281026363603
4,8,2.3516683297550856
4,8,4.783558725091895
4,8,3.923175795411598
4,8,5.245737729637117
4,8,3.8108645642636922
4,8,1.6500000000000001
4,8,1.6500000000000001
4,8,4.215133263202389
4,8,4.222961598301034
4,8,1.6500000000000001
4,8,2.6831115911203884
4,8,3.8170923956844125
4,8,1.6500000000000001
4,8,3.4224259690764596
4,8,4.220129864513226
4,8,2.7346529316593093
4,8,1.6500000000000001
4,8,5.0945508282375185
4,8,3.4732702159293143
4,8,3.9278759747150964
4,8,3.6788893828744995
4,8,1.6500000000000001
4,8,2.091247859801162
4,8,4.3673220405111834
4,8,3.9604634990578735
4,8,7.7868847497366325
4,8,3.935000289556301
4,8,5.832332627434016
4,8,6.426049565958586
4,8,4.405795362421988
4,8,4.0204198575980055
4,8,1.6500000000000001
4,8,2.5472692088849405
4,8,1.6500000000000001
4,8,4.018141062395822
4,8,1.6720101354859445
4,8,2.5166751991850163
4,8,4.235969458108904
4,8,3.0254534314122132
4,8,1.719291170067614
4,8,5.795777782687406
4,8,1.7696097715464871
4,7,5.090175521671628
4,7,4.088033933687172
4,7,6.373684958763574
4,7,13.635828302192177
4,7,7.846926367649698
4,7,1.6500000000000001
4,7,2.7418030297568157
4,7,7.924975532231116
4,7,6.374840629387973
4,7,5.20238656108115
4,7,7.105609132028995
4,7,2.2620310006119047
4,7,1.6500000000000001
4,7,2.5450871935771024
4,7,4.837748267600774
4,7,1.6500000000000001
4,7,7.219084699545302
4,7,5.60243242111949
4,7,3.2374842996825732
4,7,5.096919229230662
4,7,3.383000202313784
4,7,1.6500000000000001
4,7,1.6500000000000001
4,7,2.678913798012088
4,7,1.6500000000000001
4,7,9.12048895582138
4,7,6.8333924796286905
4,7,13.565993961706791
4,7,2.630511803041367
4,7,3.8637479744407766
4,7,5.0298093021044075
4,7,5.378813332183829
4,7,3.1692877740434686
4,7,3.0945813701787093
4,7,5.417036524598226
4,7,4.910558168607976
4,7,4.9740363787708315
4,7,5.120785126032402
4,7,3.6942060261318224
4,7,4.877566899526852
4,7,4.004300492850531
4,7,2.160125212721711
4,7,5.509701078623388
4,7,1.6500000000000001
4,7,1.7234438693364984
4,7,9.273659497028644
4,7,2.461618003332205
4,7,1.6500000000000001
4,7,3.3659542127236666
4,7,1.6500000000000001
4,7,2.752396398145085
4,7,3.111064965360988
4,7,2.3930300331353473
4,7,5.519995773466918
4,7,3.656282122228053
4,7,2.7854851946173174
4,7,5.1142424985115404
4,7,3.9955353412493784
4,7,3.5861617168585096
4,7,2.7618533785467667
4,7,1.6500000000000001
4,8,2.2424787480339363
4,8,7.511579915196249
4,8,1.6500000000000001
4,8,1.6500000000000001
4,8,7.7106662910599875
4,8,2.3133383479586467
4,8,3.9622361481674298
4,8,8.121526107969837
4,8,4.417064821886237
4,8,2.1195696344319415
4,8,1.6500000000000001
4,8,3.589098758795172
4,8,1.8516688412922233
4,8,3.097383217491572
4,8,3.77248608887051
4,8,1.6500000000000001
4,8,3.3378405188549802
4,8,2.1995084654699175
4,8,1.9335480453698448
4,8,6.092383679699102
4,8,1.6500000000000001
4,8,4.347245715419284
4,8,1.6500000000000001
4,8,8.89208878621587
4,8,1.6500000000000001
4,8,6.199227888135294
4,8,5.438896894225755
4,8,2.197668042790193
4,8,6.000474505004686
4,8,4.334933870466109
4,8,1.6500000000000001
4,8,2.805258648470262
4,8,1.7117989047885462
4,8,1.6500000000000001
4,8,4.677924055387173
4,8,1.6500000000000001
4,8,3.980801224611183
4,8,6.099530524997249
4,8,3.780749197644536
4,8,2.9547100664905175
4,8,6.615587173116572
4,8,4.866556933252911
4,8,6.947164450611638
4,8,2.551200989447479
4,8,1.6500000000000001
4,8,6.461404132019306
4,8,2.934576404293584
4,8,4.398135362123813
4,8,1.6500000000000001
4,8,5.947029650240786
4,8,2.8199561387069334
4,8,3.37115010451509
4,8,3.337560721225717
4,8,10.260261210063701
4,8,1.6500000000000001
4,8,3.624421461814175
4,8,2.2266657966063432
4,8,5.165580756075977
4,8,5.1806246848681825
4,8,3.77032822338002
4,8,3.7279382694687904
4,8,1.6500000000000001
4,9,4.588820029914324
4,9,1.6500000000000001
4,9,4.886049874788872
4,9,4.586640809662635
4,9,4.017597124340908
4,9,5.0083176938476655
4,9,7.009647457968907
4,9,1.6500000000000001
4,9,1.6500000000000001
4,9,1.6500000000000001
4,9,3.1704609854998096
4,9,1.6500000000000001
4,9,1.6500000000000001
4,9,3.336353050572091
4,9,6.325223921730046
4,9,2.7652253132708475
4,9,5.717216741840142
4,9,3.290376286274852
4,9,4.185770977789778
4,9,1.6858115272274192
4,9,1.6500000000000001
4,9,1.6500000000000001
4,9,3.044210484655357
4,9,8.190640195230449
4,9,11.788871631376427
4,9,7.565851917066802
4,9,4.549055307967752
4,9,1.6500000000000001
4,9,4.6857533079510905
4,9,1.6500000000000001
4,9,4.196535198107833
4,9,5.142405017027644
4,9,3.801341733414927
4,9,1.6500000000000001
4,9,1.6500000000000001
4,9,3.8562480001536965
4,9,4.517984138010269
4,9,4.555277283158999
4,9,4.773723693631965
4,9,1.6500000000000001
4,9,2.19491049133748
4,9,3.471363972459937
4,9,4.9418376234092705
4,9,1.6500000000000001
4,9,1.6500000000000001
4,9,1.6500000000000001
4,9,1.8831538970834731
4,9,4.900744847919639
4,9,5.999585701916086
4,9,2.195736811707687
4,9,3.4899039957293105
4,9,1.6500000000000001
4,9,3.753297457699976
4,9,3.0859359751924287
4,9,2.479651555696806
4,9,5.3257524202275075
4,9,1.6500000000000001
4,9,6.408451457613658
4,9,1.6500000000000001
4,9,1.9129229329449884
4,9,2.966237006974522
4,9,1.6500000000000001
4,10,4.824665546283503
4,10,7.702755384817005
4,10,1.6500000000000001
4,10,3.197032074975568
4,10,1.6500000000000001
4,10,3.896732635857315
4,10,3.7028480147752245
4,10,4.864454533653431
4,10,4.562642595431544
4,10,7.531611405541847
4,10,2.6281085586157134
4,10,2.772515779502945
4,10,1.6500000000000001
4,10,3.824560115267857
4,10,1.6500000000000001
4,10,1.6500000000000001
4,10,1.6500000000000001
4,10,1.6500000000000001
4,10,1.6500000000000001
4,10,8.39803448788301
4,10,1.6500000000000001
4,10,3.63244858030632
4,10,1.812834783143316
4,10,1.6500000000000001
4,10,1.6500000000000001
4,10,6.291802373738356
4,10,4.368591260976513
4,10,6.278372811403145
4,10,8.2548771980659
4,10,4.187499150699892
4,10,6.980145621519157
4,10,2.2789942349062557
4,10,5.273013991077963
4,10,1.6500000000000001
4,10,2.9608936632276923
4,10,1.6500000000000001
4,10,4.674867050172988
4,10,1.863659164549309
4,10,1.6500000000000001
4,10,4.768831189189509
4,10,1.8913872804947842
4,10,3.504052943775359
4,10,5.3787757154966345
4,10,1.6500000000000001
4,10,4.803636404694036
4,10,5.998903507387917
4,10,3.0711020455968874
4,10,1.6500000000000001
4,10,1.6790660195954912
4,10,3.351455725814774
4,10,3.582477766838674
4,10,3.1200411462446653
4,10,3.9246869210490787
4,10,1.6500000000000001
4,10,4.859146652831566
4,10,6.3144687643447135
4,10,7.831754920167427
4,10,1.6500000000000001
4,10,1.6500000000000001
4,10,2.013525856156035
4,10,3.3931095934895183
4,9,4.5357902374222645
4,9,5.502723476233184
4,9,1.6500000000000001
4,9,1.8730758122350153
4,9,2.2618846188691157
4,9,4.864327328118803
4,9,1.6500000000000001
4,9,4.290187352598879
4,9,7.933105443633715
4,9,1.6500000000000001
4,9,1.6500000000000001
4,9,8.0191336124776
4,9,3.7294443732611926
4,9,5.375158673623228
4,9,3.6071791144711636
4,9,1.6500000000000001
4,9,5.889768647901695
4,9,1.6500000000000001
4,9,1.6500000000000001
4,9,3.2659092545704014
4,9,1.6500000000000001
4,9,5.4992068536465215
4,9,1.6500000000000001
4,9,3.2343813378619894
4,9,1.6500000000000001
4,9,3.7122091882457955
4,9,2.211621156998513
4,9,1.6500000000000001
4,9,1.6500000000000001
4,9,2.865532776161366
4,9,1.6500000000000001
4,9,2.7878129892832644
4,9,4.105291081700441
4,9,8.556948666467571
4,9,1.6500000000000001
4,9,1.6500000000000001
4,9,3.585027039275473
4,9,1.6500000000000001
4,9,4.299176763336485
4,9,4.825951964866522
4,9,4.902161683376383
4,9,1.8278936534606887
4,9,3.179834191480463
4,9,6.78323996608651
4,9,2.1918765511999694
4,9,4.215808975812004
4,9,7.7950435556888085
4,9,11.809607820748393
4,9,8.166319759158183
4,9,1.6500000000000001
4,9,4.067817118362666
4,9,3.6514373265650706
4,9,2.958967671311843
4,9,4.499807364185699
4,9,2.676865755699838
4,9,3.3697030492155875
4,9,1.9575406783958145
4,9,8.308586109565212
4,9,1.6500000000000001
4,9,3.9722276256601523
4,9,2.119612629048875
4,9,3.62915187431103
4,10,3.6271371982464946
4,10,4.671306656999251
4,10,1.8888955898140891
4,10,6.190957431664442
4,10,4.493646434640058
4,10,1.6500000000000001
4,10,4.091308832475397
4,10,1.6500000000000001
4,10,6.228259030075524
4,10,1.6500000000000001
4,10,1.6500000000000001
4,10,3.640567154699606
4,10,1.6500000000000001
4,10,1.6500000000000001
4,10,8.208531943599178
4,10,3.038501259198338
4,10,1.6500000000000001
4,10,1.6500000000000001
4,10,1.6500000000000001
4,10,1.6500000000000001
4,10,3.0411188118277175
4,10,1.6500000000000001
4,10,1.6500000000000001
4,10,1.6500000000000001
4,10,3.3623460007362773
4,10,3.682324938441832
4,10,3.630971705052417
4,10,1.6500000000000001
4,10,5.179732726822099
4,10,1.6500000000000001
4,10,1.6500000000000001
4,10,9.046005977114367
4,10,1.6500000000000001
4,10,5.788459431565396
4,10,5.412023367976117
4,10,2.6093032465789685
4,10,1.7958064997678076
4,10,1.6500000000000001
4,10,6.8850510738632105
4,10,3.9529905931796927
4,10,1.6500000000000001
4,10,7.4566379691557
4,10,2.046625310618821
4,10,3.1781312394329744
4,10,2.645708238260756
4,10,1.6500000000000001
4,10,4.111521979740113
4,10,5.2848056544142334
4,10,1.6500000000000001
4,10,2.398693029398626
4,10,3.799957956913097
4,10,1.6500000000000001
4,10,1.6500000000000001
4,10,1.6500000000000001
4,10,7.921607414864434
4,10,1.6500000000000001
4,10,1.6500000000000001
4,10,2.1655667176574176
4,10,1.6500000000000001
4,10,2.32333792206441
4,10,5.733492228734244
4,9,7.896000546936802
4,9,3.4899033557418386
4,9,1.6500000000000001
4,9,3.996196915124117
4,9,3.752974249450662
4,9,3.0503737292959876
4,9,4.573171317464222
4,9,2.6916539435769513
4,9,4.663627256636147
4,9,2.1600149927184753
4,9,8.071489594917416
4,9,1.6500000000000001
4,9,2.2409004538540387
4,9,4.6888445157444
4,9,1.6500000000000001
4,9,4.446001191892063
4,9,2.8055785681200716
4,9,3.2541371570908986
4,9,1.6500000000000001
4,9,5.979665833235641
4,9,2.7225936315531922
4,9,3.9039519849969335
4,9,1.6500000000000001
4,9,3.645195015977353
4,9,2.46230971030758
4,9,1.6500000000000001
4,9,6.846078125873646
4,9,5.3797325995342025
4,9,2.6245473529880314
4,9,4.371778644148198
4,9,1.888761433170802
4,9,4.232771241806772
4,9,3.466574703657375
4,9,1.6500000000000001
4,9,1.6539218540300684
4,9,7.606706016748422
4,9,1.6500000000000001
4,9,1.6500000000000001
4,9,4.4245732608110835
4,9,3.219246720864926
4,9,1.6500000000000001
4,9,7.4803843981360005
4,9,1.6500000000000001
4,9,8.857274540435796
4,9,6.594768070117366
4,9,1.6500000000000001
4,9,3.4715919973124034
4,9,2.2738926258344945
4,9,1.6500000000000001
4,9,5.315103760055074
4,9,4.335755018880337
4,9,2.809959306432045
4,9,4.913215500168887
4,9,6.508951893431213
4,9,1.6500000000000001
4,9,3.0806509615884687
4,9,1.6500000000000001
4,9,1.7065888202205466
4,9,7.420306150706216
4,9,2.573994230842304
4,9,1.6500000000000001
4,9,5.747476255082823
4,10,5.731185628191731
4,10,4.697221267934157
4,10,2.2775814397984235
4,10,1.6500000000000001
4,10,3.92558450648183
4,10,2.684509354655709
4,10,3.629487835352509
4,10,1.6500000000000001
4,10,5.613320153624942
4,10,1.6500000000000001
4,10,2.7846023993426656
4,10,1.6500000000000001
4,10,3.801053392251947
4,10,4.321974968734092
4,10,2.754004597191735
4,10,2.0371112725502334
4,10,4.5645353693328685
4,10,1.6955765612753446
4,10,1.7321987164910198
4,10,4.860932373021866
4,10,1.6500000000000001
4,10,2.1201513033678676
4,10,1.6500000000000001
4,10,1.6500000000000001
4,10,1.6500000000000001
4,10,7.269808229158418
4,10,7.713162137671482
4,10,2.0515832460427803
4,10,3.285847100679976
4,10,1.6500000000000001
4,10,1.6500000000000001
4,10,3.9536365935229485
4,10,1.6500000000000001
4,10,7.002433945791436
4,10,1.6500000000000001
4,10,4.588139002399551
4,10,1.6500000000000001
4,10,6.5548646172388345
4,10,3.8088995673750805
4,10,1.6500000000000001
4,10,1.6500000000000001
4,10,1.6500000000000001
4,10,3.953185441870179
4,10,1.6500000000000001
4,10,5.879416032612367
4,10,2.5874810906524233
4,10,4.0150449823506005
4,10,1.6500000000000001
4,10,1.6500000000000001
4,10,1.6500000000000001
4,10,1.6500000000000001
4,10,3.6914332698752563
4,10,3.1133992081212467
4,10,4.667094183351754
4,10,5.387227843531562
4,10,3.5345270117876857
4,10,1.6500000000000001
4,10,4.7811818580255565
4,10,1.6500000000000001
4,10,2.743450278655289
4,10,2.124272214684361
4,10,1.6500000000000001
4,11,1.6500000000000001
4,11,5.744917084974148
4,11,2.1182431594477324
4,11,2.742931995703857
4,11,2.279955586965829
4,11,7.951682290816147
4,11,2.7389683379872256
4,11,1.6500000000000001
4,11,5.201358818261793
4,11,1.6500000000000001
4,11,3.965424080499133
4,11,1.6500000000000001
4,11,3.964932866259458
4,11,1.6500000000000001
4,11,1.709811885916024
4,11,2.1361350871060605
4,11,4.620526700280985
4,11,6.468636851030454
4,11,1.6500000000000001
4,11,1.6500000000000001
4,11,6.816686471635569
4,11,1.6500000000000001
4,11,3.171348029472866
4,11,2.2660131367512344
4,11,1.8353771274693427
4,11,3.2431510089512994
4,11,4.71535036324323
4,11,2.071609421162987
4,11,1.6500000000000001
4,11,1.6500000000000001
4,11,5.5435045894811825
4,11,1.6500000000000001
4,11,2.380420712611012
4,11,4.000289590708613
4,11,1.6500000000000001
4,11,4.413050486520527
4,11,1.6500000000000001
4,11,1.6500000000000001
4,11,5.36301887458673
4,11,1.6500000000000001
4,11,5.0741974876605225
4,11,2.6912415930138827
4,11,1.6500000000000001
4,11,3.9297040193586303
4,11,1.6500000000000001
4,11,1.8044972984668983
4,11,3.04900667744831
4,11,1.6500000000000001
4,11,1.6500000000000001
4,11,3.9837845397855682
4,11,2.730769287030345
4,11,4.897760558650575
4,11,1.930876002958725
4,11,6.739055424956782
4,11,1.6500000000000001
4,11,2.8465705514890267
4,11,7.285331159627402
4,11,1.6500000000000001
4,11,1.6500000000000001
4,11,1.6500000000000001
4,11,1.6500000000000001
4,12,6.1517974398411095
4,12,8.881461682514129
4,12,1.6500000000000001
4,12,1.6500000000000001
4,12,3.199967533378015
4,12,1.6500000000000001
4,12,2.2846552458450544
4,12,6.3811108241804115
4,12,1.6500000000000001
4,12,2.1726357873095536
4,12,1.6500000000000001
4,12,5.5214208221822
4,12,3.619828273861382
4,12,2.776148229181129
4,12,1.7558176403437555
4,12,7.497449155930997
4,12,1.6500000000000001
4,12,2.7162987379732755
4,12,1.6500000000000001
4,12,1.6500000000000001
4,12,3.474556115207524
4,12,1.7852949696828662
4,12,1.6500000000000001
4,12,1.71925303617556
4,12,2.0029490260626948
4,12,4.879829409491716
4,12,1.6500000000000001
4,12,4.678579188561292
4,12,1.6500000000000001
4,12,1.6500000000000001
4,12,1.6500000000000001
4,12,7.942106928889903
4,12,1.6500000000000001
4,12,2.6212356160494665
4,12,6.536750756395713
4,12,2.6628755941485283
4,12,3.0188515712884247
4,12,3.0724439139317195
4,12,2.3735197909151324
4,12,2.139247340855464
4,12,5.304823961378107
4,12,3.0982411711928894
4,12,1.6500000000000001
4,12,1.8530795036917938
4,12,1.9818055823329468
4,12,7.125632815559508
4,12,3.650146145394341
4,12,2.861480610350686
4,12,4.218281327941558
4,12,3.1057020928908683
4,12,3.8629916749915814
4,12,1.793548658854593
4,12,1.6500000000000001
4,12,8.986941191782858
4,12,1.6500000000000001
4,12,2.1506053293491627
4,12,5.028678516746805
4,12,1.6500000000000001
4,12,1.6500000000000001
4,12,4.182663128848008
4,12,6.301940565423665
4,12,1.6500000000000001
4,13,2.201392673386095
4,13,1.6500000000000001
4,13,2.3152676096633065
4,13,3.291444723494288
4,13,2.3522744901613653
4,13,1.69677025338554
4,13,5.735581360095902
4,13,2.4290530488833193
4,13,1.6500000000000001
4,13,1.6500000000000001
4,13,2.1300746565513973
4,13,1.6704596515416759
4,13,9.361098447201474
4,13,1.6500000000000001
4,13,4.2384761320669275
4,13,1.6500000000000001
4,13,1.6500000000000001
4,13,4.065635807434232
4,13,1.8946708063322886
4,13,1.749828768531653
4,13,1.6500000000000001
4,13,1.6500000000000001
4,13,1.6500000000000001
4,13,4.292825364870641
4,13,1.6500000000000001
4,13,1.6500000000000001
4,13,1.6500000000000001
4,13,3.7667135012257167
4,13,4.238690011728885
4,13,1.6500000000000001
4,13,5.474668881262343
4,13,3.1341893604541458
4,13,1.6500000000000001
4,13,1.6500000000000001
4,13,1.7660775812125618
4,13,1.7738213543281698
4,13,1.6500000000000001
4,13,1.6500000000000001
4,13,1.6500000000000001
4,13,1.8175784916667732
4,13,4.183174061066474
4,13,1.8194548457339137
4,13,1.6500000000000001
4,13,3.631386143440569
4,13,3.2753564211757213
4,13,1.6500000000000001
4,13,2.834646895267528
4,13,3.2064988336982
4,13,4.597873746220033
4,13,5.58714979602604
4,13,3.732050370036325
4,13,1.6500000000000001
4,13,3.236395059835899
4,13,7.091076118748054
4,13,5.603710127325911
4,13,7.070922989194277
4,13,1.6500000000000001
4,13,2.3030804107346428
4,13,6.317640246788679
4,13,1.6500000000000001
4,13,1.6500000000000001
4,14,2.9308899004996323
4,14,1.6500000000000001
4,14,2.0383755742701934
4,14,5.521491361958322
4,14,2.206026748310913
4,14,1.6500000000000001
4,14,2.9859100975666424
4,14,4.15175477547451
4,14,4.6455492875011295
4,14,1.6500000000000001
4,14,1.6500000000000001
4,14,1.6500000000000001
4,14,1.6500000000000001
4,14,1.6500000000000001
4,14,1.6500000000000001
4,14,1.6500000000000001
4,14,1.6500000000000001
4,14,1.6500000000000001
4,14,3.282521391561494
4,14,1.6884622415093609
4,14,4.0197932991449825
4,14,1.6500000000000001
4,14,1.8076243138184869
4,14,2.7751443536430083
4,14,3.6513362517378884
4,14,1.6500000000000001
4,14,1.6500000000000001
4,14,1.6500000000000001
4,14,3.815395552114521
4,14,1.6500000000000001
4,14,4.048955508345628
4,14,1.6500000000000001
4,14,1.6500000000000001
4,14,1.6500000000000001
4,14,1.6500000000000001
4,14,1.6500000000000001
4,14,3.4945480663127086
4,14,1.6500000000000001
4,14,7.92107569818066
4,14,1.6500000000000001
4,14,1.6500000000000001
4,14,1.6500000000000001
4,14,1.6500000000000001
4,14,4.605781584264166
4,14,1.6500000000000001
4,14,1.6500000000000001
4,14,5.846670645103285
4,14,1.6500000000000001
4,14,1.6500000000000001
4,14,1.6500000000000001
4,14,3.0842134615771277
4,14,2.8155612462289374
4,14,1.6500000000000001
4,14,1.6500000000000001
4,14,1.6500000000000001
4,14,1.6500000000000001
4,14,1.6500000000000001
4,14,3.969244850947414
4,14,1.6500000000000001
4,14,1.6500000000000001
4,14,3.751442416337527
4,14,1.6500000000000001
4,13,1.6500000000000001
4,13,1.6500000000000001
4,13,6.605545809162564
4,13,3.9634162743911032
4,13,1.6500000000000001
4,13,1.6500000000000001
4,13,1.6500000000000001
4,13,2.305928571733014
4,13,5.908426827063495
4,13,1.6500000000000001
4,13,1.6500000000000001
4,13,1.6500000000000001
4,13,2.8614236157920225
4,13,3.83294067437126
4,13,1.9660852095107169
4,13,7.849335772578274
4,13,1.6500000000000001
4,13,1.6500000000000001
4,13,3.8478729226871997
4,13,1.6500000000000001
4,13,1.6500000000000001
4,13,3.417426684596554
4,13,1.6500000000000001
4,13,1.6500000000000001
4,13,4.9906637662551265
4,13,1.6500000000000001
4,13,1.6500000000000001
4,13,4.271680341794884
4,13,4.478682872381943
4,13,1.6500000000000001
4,13,1.6500000000000001
4,13,2.377950941420659
4,13,1.6500000000000001
4,13,6.58193930751929
4,13,1.6500000000000001
4,13,1.6500000000000001
4,13,1.6500000000000001
4,13,1.6500000000000001
4,13,1.6500000000000001
4,13,1.6500000000000001
4,13,3.1719861559807923
4,13,7.061131130535528
4,13,1.6500000000000001
4,13,1.6500000000000001
4,13,1.9184146138301454
4,13,1.6500000000000001
4,13,1.6500000000000001
4,13,2.189775415138164
4,13,2.3398190736144406
4,13,1.6500000000000001
4,13,6.224374833878209
4,13,3.0216149004566235
4,13,1.6500000000000001
4,13,4.556729291483878
4,13,1.6500000000000001
4,13,4.022613355829175
4,13,2.359510230381918
4,13,4.429241982600198
4,13,1.6500000000000001
4,13,3.6687354297102086
4,13,1.6500000000000001
4,13,2.98076365243874
4,12,4.332652042182033
4,12,1.9416097856310761
4,12,3.2466109595797237
4,12,1.6500000000000001
4,12,6.253025837446842
4,12,1.6500000000000001
4,12,3.406868761857856
4,12,1.6500000000000001
4,12,3.2402569058620454
4,12,1.6500000000000001
4,12,2.821100581567569
4,12,4.470188293416812
4,12,1.6500000000000001
4,12,1.6500000000000001
4,12,4.69610150112603
4,12,1.6500000000000001
4,12,7.235577928495058
4,12,3.975956409510669
4,12,3.2793159723043974
4,12,4.425016081606771
4,12,1.6500000000000001
4,12,1.6500000000000001
4,12,1.6500000000000001
4,12,1.6500000000000001
4,12,3.1587536999533694
4,12,1.6500000000000001
4,12,1.6500000000000001
4,12,4.546772450909877
4,12,1.6500000000000001
4,12,1.9328141719079648
4,12,1.6500000000000001
4,12,5.227226173158598
4,12,3.176041500844878
4,12,1.7066132949673012
4,12,4.093412014014429
4,12,3.3805436580031643
4,12,1.6500000000000001
4,12,1.8424770332728229
4,12,4.208985299450984
4,12,1.8088227902649052
4,12,1.6500000000000001
4,12,5.704912764817317
4,12,1.6500000000000001
4,12,1.6500000000000001
4,12,2.453024395906682
4,12,5.314786135039255
4,12,2.427049359932278
4,12,6.356697924965091
4,12,1.6500000000000001
4,12,1.6500000000000001
4,12,1.6500000000000001
4,12,2.334315988125646
4,12,2.9498187420947644
4,12,7.269129501166695
4,12,1.6500000000000001
4,12,1.6500000000000001
4,12,3.7464439009957617
4,12,1.6500000000000001
4,12,2.3052366577404095
4,12,1.6500000000000001
4,12,1.6500000000000001
4,13,1.6500000000000001
4,13,1.6500000000000001
4,13,4.080288602851367
4,13,3.1028338548117125
4,13,2.7212581732154213
4,13,2.593652041442433
4,13,1.6500000000000001
4,13,2.7970016295172
4,13,6.014872069532921
4,13,1.6500000000000001
4,13,2.151854704636974
4,13,2.9826714874788625
4,13,1.6500000000000001
4,13,1.6500000000000001
4,13,1.6500000000000001
4,13,1.6500000000000001
4,13,1.6500000000000001
4,13,1.8521254859775627
4,13,5.534284899604377
4,13,2.4476593652874405
4,13,3.9751755360421113
4,13,1.6500000000000001
4,13,1.6500000000000001
4,13,1.6500000000000001
4,13,3.3019631739631805
4,13,1.6500000000000001
4,13,4.145531428044658
4,13,1.6500000000000001
4,13,3.258001582868589
4,13,1.6500000000000001
4,13,1.6500000000000001
4,13,1.6500000000000001
4,13,1.988057570228607
4,13,1.6500000000000001
4,13,3.9028546726291333
4,13,1.6500000000000001
4,13,1.6500000000000001
4,13,1.6500000000000001
4,13,3.2791843424327487
4,13,1.6500000000000001
4,13,1.6500000000000001
4,13,1.9838308856787346
4,13,1.6500000000000001
4,13,1.81585453454468
4,13,7.3962090964289136
4,13,1.6500000000000001
4,13,6.102037323574479
4,13,2.1622873797421454
4,13,2.9892097555351653
4,13,1.6500000000000001
4,13,1.66560689077685
4,13,1.6500000000000001
4,13,4.886768937720086
4,13,1.6500000000000001
4,13,3.651517769104772
4,13,1.6500000000000001
4,13,1.6500000000000001
4,13,1.6500000000000001
4,13,1.6500000000000001
4,13,2.4626369609465346
4,13,2.2988980395127223
4,13,1.6500000000000001
4,14,1.6500000000000001
4,14,4.062609524902418
4,14,1.6500000000000001
4,14,1.6500000000000001
4,14,1.6500000000000001
4,14,1.6500000000000001
4,14,1.6500000000000001
4,14,2.886100632746614
4,14,1.6500000000000001
4,14,1.6500000000000001
4,14,3.4766078990200535
4,14,2.400149552423019
4,14,1.6500000000000001
4,14,4.800898053896522
4,14,1.6500000000000001
4,14,1.6500000000000001
4,14,1.971842122482792
4,14,1.6500000000000001
4,14,1.6500000000000001
4,14,4.412942978047509
4,14,1.6500000000000001
4,14,1.6500000000000001
4,14,2.19260275572026
4,14,1.6500000000000001
4,14,1.6500000000000001
4,14,4.954347083609004
4,14,1.6500000000000001
4,14,4.7243170419851355
4,14,1.6500000000000001
4,14,3.5517352152233963
4,14,4.021290128386948
4,14,4.622052660569651
4,14,2.1540388615857364
4,14,6.265270517157534
4,14,3.0256005479010857
4,14,1.6500000000000001
4,14,1.6500000000000001
4,14,1.6500000000000001
4,14,1.6500000000000001
4,14,8.12590486702927
4,14,1.6500000000000001
4,14,1.6500000000000001
4,14,1.6500000000000001
4,14,6.762660554242544
4,14,4.469525763178176
4,14,1.6500000000000001
4,14,1.6500000000000001
4,14,2.5121881914829416
4,14,2.807802980833959
4,14,1.6500000000000001
4,14,1.6500000000000001
4,14,3.1826860604539986
4,14,1.6500000000000001
4,14,1.6500000000000001
4,14,1.6500000000000001
4,14,6.089049575581258
4,14,2.660203756709855
4,14,1.6500000000000001
4,14,1.6500000000000001
4,14,1.6500000000000001
4,14,8.992272840573762
4,15,2.878824383493424
4,15,5.1618418008864575
4,15,1.6500000000000001
4,15,2.5700972821659818
4,15,1.6500000000000001
4,15,3.6182127295660336
4,15,1.6500000000000001
4,15,1.6500000000000001
4,15,1.9758576148970464
4,15,5.061216783452156
4,15,1.6500000000000001
4,15,1.6500000000000001
4,15,3.2867631762395084
4,15,1.6500000000000001
4,15,8.945687118814284
4,15,4.074161714525182
4,15,1.6500000000000001
4,15,1.6500000000000001
4,15,7.931786674846512
4,15,1.6500000000000001
4,15,1.6500000000000001
4,15,1.6500000000000001
4,15,1.6500000000000001
4,15,1.6500000000000001
4,15,3.5843028155872374
4,15,1.6500000000000001
4,15,1.6500000000000001
4,15,1.6500000000000001
4,15,1.6500000000000001
4,15,1.6500000000000001
4,15,1.6500000000000001
4,15,2.3451675700441816
4,15,1.6500000000000001
4,15,1.6500000000000001
4,15,2.830548647994273
4,15,1.6500000000000001
4,15,1.6500000000000001
4,15,2.5850041241439667
4,15,1.6500000000000001
4,15,1.6500000000000001
4,15,4.937791423384422
4,15,2.7472166435912344
4,15,1.6500000000000001
4,15,2.006070594510626
4,15,3.5482147576697836
4,15,1.8140217655434598
4,15,1.6500000000000001
4,15,1.6500000000000001
4,15,1.6500000000000001
4,15,1.6500000000000001
4,15,4.882507516256895
4,15,5.766678922872073
4,15,2.62280386619502
4,15,7.22596587160555
4,15,1.6500000000000001
4,15,4.498007782524487
4,15,1.6500000000000001
4,15,1.8522981013141828
4,15,6.072103844903648
4,15,1.6500000000000001
4,15,2.9265086889038314
4,15,3.0836832543280606
4,16,7.145598758809113
4,16,1.6500000000000001
4,16,6.045988615995926
4,16,1.6500000000000001
4,16,2.158889787569454
4,16,1.6500000000000001
4,16,1.6500000000000001
4,16,1.6500000000000001
4,16,7.898350448651022
4,16,1.6500000000000001
4,16,1.7019410649602982
4,16,6.889146800893677
4,16,1.6500000000000001
4,16,1.8355087266361885
4,16,1.6500000000000001
4,16,1.6500000000000001
4,16,1.7643745087027762
4,16,1.6500000000000001
4,16,2.2137705967789683
4,16,1.6500000000000001
4,16,4.109606079523969
4,16,1.6500000000000001
4,16,1.6500000000000001
4,16,1.6500000000000001
4,16,1.6500000000000001
4,16,8.844905772619203
4,16,2.487775289933696
4,16,4.002661803372124
4,16,1.6500000000000001
4,16,2.6673833288454434
4,16,1.9879119402980394
4,16,5.507901251874164
4,16,1.6500000000000001
4,16,1.8356934830447753
4,16,1.6500000000000001
4,16,1.6500000000000001
4,16,3.4865528023186574
4,16,3.401559886880553
4,16,2.346115558138303
4,16,5.90012796734583
4,16,1.6500000000000001
4,16,5.583003347467128
4,16,2.9397537780959846
4,16,1.6500000000000001
4,16,2.9946472084147815
4,16,1.6500000000000001
4,16,3.1985073745549797
4,16,1.6786196678760419
4,16,1.6500000000000001
4,16,6.588299095868333
4,16,3.897512680598729
4,16,1.6500000000000001
4,16,1.6500000000000001
4,16,3.5864750541753243
4,16,1.6500000000000001
4,16,3.6125286556197373
4,16,1.6500000000000001
4,16,1.6500000000000001
4,16,1.6500000000000001
4,16,1.6500000000000001
4,16,8.100442628434033
4,16,2.2955178205546822
4,17,2.7969018230131883
4,17,2.4013047004533767
4,17,1.6500000000000001
4,17,1.6500000000000001
4,17,1.6500000000000001
4,17,1.6500000000000001
4,17,1.6500000000000001
4,17,1.9327562589209493
4,17,1.6500000000000001
4,17,1.6500000000000001
4,17,1.6500000000000001
4,17,2.2651045477043357
4,17,1.7384063100747602
4,17,5.431759672276345
4,17,2.9546481372952678
4,17,3.0047873148754856
4,17,1.6500000000000001
4,17,1.6500000000000001
4,17,1.6500000000000001
4,17,1.6500000000000001
4,17,1.6500000000000001
4,17,1.6500000000000001
4,17,1.70415857284982
4,17,1.6500000000000001
4,17,1.6500000000000001
4,17,1.6500000000000001
4,17,1.6500000000000001
4,17,1.6500000000000001
4,17,1.6500000000000001
4,17,2.172841908645297
4,17,1.6500000000000001
4,17,1.6500000000000001
4,17,1.6500000000000001
4,17,1.6500000000000001
4,17,1.6500000000000001
4,17,9.059195659336142
4,17,1.6500000000000001
4,17,1.6500000000000001
4,17,1.6500000000000001
4,17,7.695133121501551
4,17,1.6500000000000001
4,17,3.245267686179917
4,17,1.9001639772805121
4,17,1.9150734712936168
4,17,1.6500000000000001
4,17,1.6500000000000001
4,17,1.6500000000000001
4,17,1.6500000000000001
4,17,1.6500000000000001
4,17,1.6500000000000001
4,17,1.6500000000000001
4,17,1.6500000000000001
4,17,3.9663659286748696
4,17,1.6500000000000001
4,17,1.6500000000000001
4,17,1.6500000000000001
4,17,5.66189397514321
4,17,2.9714918011823306
4,17,1.8132568324659941
4,17,1.6500000000000001
4,17,1.6500000000000001
4,18,1.6500000000000001
4,18,1.6500000000000001
4,18,1.6500000000000001
4,18,1.6500000000000001
4,18,1.6500000000000001
4,18,1.6500000000000001
4,18,1.6500000000000001
4,18,1.6500000000000001
4,18,1.6500000000000001
4,18,1.6500000000000001
4,18,1.6500000000000001
4,18,1.6500000000000001
4,18,1.6500000000000001
4,18,1.6500000000000001
4,18,1.6500000000000001
4,18,3.266442581868157
4,18,1.6500000000000001
4,18,1.6500000000000001
4,18,1.6500000000000001
4,18,1.6500000000000001
4,18,1.6500000000000001
4,18,1.6500000000000001
4,18,1.6500000000000001
4,18,1.6500000000000001
4,18,1.6500000000000001
4,18,1.6500000000000001
4,18,1.6500000000000001
4,18,1.6500000000000001
4,18,2.2436459262961517
4,18,1.6500000000000001
4,18,1.6500000000000001
4,18,1.6500000000000001
4,18,2.9540646158741155
4,18,1.6500000000000001
4,18,1.6500000000000001
4,18,1.6500000000000001
4,18,2.993097532611175
4,18,1.6500000000000001
4,18,1.6500000000000001
4,18,3.344501037346821
4,18,1.6500000000000001
4,18,1.7161348641800558
4,18,1.6500000000000001
4,18,5.369675249450848
4,18,1.6500000000000001
4,18,1.6500000000000001
4,18,1.6500000000000001
4,18,4.011152368346554
4,18,1.6500000000000001
4,18,1.6500000000000001
4,18,1.6500000000000001
4,18,4.233915666120952
4,18,2.9106683744806703
4,18,7.226288784394365
4,18,2.587720352683633
4,18,5.762991126465556
4,18,1.6500000000000001
4,18,6.5712113865454
4,18,1.6500000000000001
4,18,1.6500000000000001
4,18,1.6500000000000001
4,18,3.7092900641245024
4,19,1.6500000000000001
4,19,3.9318497594094195
4,19,3.5580673812629593
4,19,1.6500000000000001
4,19,1.6500000000000001
4,19,1.6500000000000001
4,19,1.6500000000000001
4,19,2.15365983505305
4,19,1.6500000000000001
4,19,1.6500000000000001
4,19,1.6862598905239736
4,19,1.6500000000000001
4,19,1.6500000000000001
4,19,1.6500000000000001
4,19,1.6500000000000001
4,19,1.6500000000000001
4,19,1.6500000000000001
4,19,1.6500000000000001
4,19,1.6500000000000001
4,19,1.6500000000000001
4,19,4.080532228531408
4,19,1.6500000000000001
4,19,1.6500000000000001
4,19,1.6500000000000001
4,19,1.6500000000000001
4,19,1.9437510186296203
4,19,1.6500000000000001
4,19,4.966646076568958
4,19,1.7384908893886015
4,19,1.6500000000000001
4,19,1.6500000000000001
4,19,1.6500000000000001
4,19,1.6500000000000001
4,19,3.2465764758895768
4,19,1.6500000000000001
4,19,1.6500000000000001
4,19,1.6745917952443399
4,19,1.6500000000000001
4,19,1.6500000000000001
4,19,1.6500000000000001
4,19,1.6500000000000001
4,19,1.6500000000000001
4,19,1.6500000000000001
4,19,2.7099475281575724
4,19,1.6500000000000001
4,19,1.6500000000000001
4,19,1.6500000000000001
4,19,1.6500000000000001
4,19,2.1611535813410345
4,19,1.6500000000000001
4,19,1.6500000000000001
4,19,1.6500000000000001
4,19,3.2633269542509638
4,19,1.6500000000000001
4,19,1.6500000000000001
4,19,1.6500000000000001
4,19,1.6500000000000001
4,19,1.6500000000000001
4,19,3.0244157608825475
4,19,1.6500000000000001
4,19,2.660094402845543
4,20,1.6500000000000001
4,20,1.6500000000000001
4,20,1.6500000000000001
4,20,1.6500000000000001
4,20,1.6500000000000001
4,20,1.6500000000000001
4,20,1.6500000000000001
4,20,1.6500000000000001
4,20,1.6500000000000001
4,20,1.6500000000000001
4,20,1.6500000000000001
4,20,1.6500000000000001
4,20,1.6500000000000001
4,20,1.6500000000000001
4,20,1.6500000000000001
4,20,3.3478138201891823
4,20,1.6500000000000001
4,20,1.6500000000000001
4,20,1.6500000000000001
4,20,1.6500000000000001
4,20,1.6500000000000001
4,20,1.6500000000000001
4,20,1.6500000000000001
4,20,2.676090545002435
4,20,1.6500000000000001
4,20,1.6500000000000001
4,20,1.6500000000000001
4,20,1.6500000000000001
4,20,1.6500000000000001
4,20,1.6500000000000001
4,20,1.6741863357468492
4,20,1.6500000000000001
4,20,1.6500000000000001
4,20,4.587693184269899
4,20,1.6500000000000001
4,20,1.6500000000000001
4,20,1.6500000000000001
4,20,1.6500000000000001
4,20,1.6500000000000001
4,20,1.6500000000000001
4,20,1.6500000000000001
4,20,1.6500000000000001
4,20,1.6500000000000001
4,20,1.6500000000000001
4,20,1.6500000000000001
4,20,1.6500000000000001
4,20,1.6500000000000001
4,20,4.510140229370498
4,20,1.6500000000000001
4,20,2.051138664959424
4,20,1.6500000000000001
4,20,1.6500000000000001
4,20,2.6216065154146913
4,20,1.6500000000000001
4,20,1.6500000000000001
4,20,1.6500000000000001
4,20,1.6500000000000001
4,20,1.6500000000000001
4,20,1.6500000000000001
4,20,1.6500000000000001
4,20,1.6500000000000001
4,20,1.6500000000000001
4,19,1.6500000000000001
4,19,1.6500000000000001
4,19,1.6500000000000001
4,19,1.6500000000000001
4,19,1.6500000000000001
4,19,1.6500000000000001
4,19,1.6500000000000001
4,19,1.6500000000000001
4,19,1.6500000000000001
4,19,1.6500000000000001
4,19,1.6500000000000001
4,19,1.6500000000000001
4,19,1.6500000000000001
4,19,1.6500000000000001
4,19,1.6500000000000001
4,19,5.302679826550923
4,19,1.6500000000000001
4,19,4.424748282125272
4,19,1.6500000000000001
4,19,1.6500000000000001
4,19,1.6500000000000001
4,19,1.6500000000000001
4,19,1.6500000000000001
4,19,2.02281819048051
4,19,1.6500000000000001
4,19,1.6500000000000001
4,19,3.3634234526288935
4,19,1.6500000000000001
4,19,1.6500000000000001
4,19,3.2239342736719947
4,19,2.986477168225521
4,19,1.6500000000000001
4,19,1.6500000000000001
4,19,3.8004352527703507
4,19,2.0638982197928577
4,19,1.6500000000000001
4,19,1.6500000000000001
4,19,1.6500000000000001
4,19,1.6500000000000001
4,19,1.6500000000000001
4,19,1.6500000000000001
4,19,1.6500000000000001
4,19,1.6500000000000001
4,19,1.6500000000000001
4,19,1.6500000000000001
4,19,1.6500000000000001
4,19,1.6500000000000001
4,19,1.6500000000000001
4,19,1.6500000000000001
4,19,1.6500000000000001
4,19,1.6500000000000001
4,19,1.6500000000000001
4,19,1.7562075215497215
4,19,1.881649284027225
4,19,1.6500000000000001
4,19,1.6500000000000001
4,19,2.3049760892887674
4,19,1.941489711762965
4,19,2.587361697885156
4,19,1.6500000000000001
4,19,1.6500000000000001
4,19,1.6500000000000001
3,19,1.6500000000000001
3,19,7.868488694721838
3,19,1.6500000000000001
3,19,1.6500000000000001
3,19,1.6500000000000001
3,19,1.6500000000000001
3,19,1.6500000000000001
3,19,1.6500000000000001
3,19,3.7035765408431036
3,19,1.6500000000000001
3,19,4.822857439376197
3,19,2.0331028011728893
3,19,1.7630178434689265
3,19,2.947499537300845
3,19,1.6500000000000001
3,19,1.6500000000000001
3,19,1.6500000000000001
3,19,1.6500000000000001
3,19,1.6500000000000001
3,19,1.6500000000000001
3,19,1.6500000000000001
3,19,2.4184310441664008
3,19,1.6500000000000001
3,19,1.6500000000000001
3,19,1.6500000000000001
3,19,1.6500000000000001
3,19,1.993335037753192
3,19,1.6500000000000001
3,19,1.6500000000000001
3,19,1.6500000000000001
3,19,1.6500000000000001
3,19,1.6500000000000001
3,19,1.6500000000000001
3,19,1.6500000000000001
3,19,1.6500000000000001
3,19,1.6500000000000001
3,19,1.6500000000000001
3,19,1.6500000000000001
3,19,1.6500000000000001
3,19,1.6500000000000001
3,19,1.6500000000000001
3,19,1.6500000000000001
3,19,1.6500000000000001
3,19,1.6500000000000001
3,19,1.6500000000000001
3,19,1.6500000000000001
3,19,1.6500000000000001
3,19,3.08435727114815
3,19,1.6500000000000001
3,19,1.6500000000000001
3,19,1.6500000000000001
3,19,6.44232087675833
3,19,1.6500000000000001
3,19,1.6500000000000001
3,19,6.289272942058145
3,19,1.6500000000000001
3,19,1.6500000000000001
3,19,1.8510224685355492
3,19,1.6500000000000001
3,19,1.8792417454966457
3,19,1.6500000000000001
2,19,3.880903248825624
2,19,4.808853695845438
2,19,1.6500000000000001
2,19,1.6500000000000001
2,19,1.6500000000000001
2,19,1.6500000000000001
2,19,1.6500000000000001
2,19,2.126294559489814
2,19,1.6500000000000001
2,19,2.790301629616751
2,19,1.6500000000000001
2,19,1.6500000000000001
2,19,2.560855404316658
2,19,1.6500000000000001
2,19,1.6624279725188889
2,19,1.6500000000000001
2,19,1.6500000000000001
2,19,1.6500000000000001
2,19,1.6500000000000001
2,19,2.230143258390612
2,19,1.6500000000000001
2,19,1.6500000000000001
2,19,1.6500000000000001
2,19,1.6500000000000001
2,19,1.6500000000000001
2,19,1.6500000000000001
2,19,4.396250706107091
2,19,1.6500000000000001
2,19,1.776415107441679
2,19,1.6500000000000001
2,19,3.717345665884559
2,19,1.6500000000000001
2,19,1.6500000000000001
2,19,1.6500000000000001
2,19,1.6500000000000001
2,19,1.6500000000000001
2,19,1.7817486150881061
2,19,2.4645653502655236
2,19,1.819534658358743
2,19,1.6500000000000001
2,19,1.6500000000000001
2,19,3.316235851453874
2,19,1.6500000000000001
2,19,1.6500000000000001
2,19,2.2466029236545153
2,19,1.6500000000000001
2,19,1.9912478581386956
2,19,1.6500000000000001
2,19,1.6500000000000001
2,19,1.6500000000000001
2,19,2.0432441029278543
2,19,2.5707878181086947
2,19,1.6500000000000001
2,19,1.6500000000000001
2,19,1.6500000000000001
2,19,1.6500000000000001
2,19,1.6500000000000001
2,19,1.8417019685091374
2,19,1.6500000000000001
2,19,1.6500000000000001
2,19,1.6500000000000001
2,19,1.6500000000000001
3,19,1.6500000000000001
3,19,1.6500000000000001
3,19,1.6500000000000001
3,19,1.6500000000000001
3,19,1.6500000000000001
3,19,1.6500000000000001
3,19,2.8077759303183534
3,19,1.6500000000000001
3,19,2.674125497585785
3,19,1.6500000000000001
3,19,1.6500000000000001
3,19,1.6500000000000001
3,19,1.6500000000000001
3,19,1.6500000000000001
3,19,1.6500000000000001
3,19,1.6500000000000001
3,19,1.6500000000000001
3,19,1.6500000000000001
3,19,1.6500000000000001
3,19,1.6500000000000001
3,19,1.6500000000000001
3,19,1.6500000000000001
3,19,1.6500000000000001
3,19,1.6500000000000001
3,19,4.055340047088609
3,19,1.6500000000000001
3,19,1.6500000000000001
3,19,1.6500000000000001
3,19,1.6500000000000001
3,19,1.6500000000000001
3,19,5.255308596831313
3,19,1.6500000000000001
3,19,4.018928185790661
3,19,1.6500000000000001
3,19,1.6500000000000001
3,19,1.6500000000000001
3,19,1.6500000000000001
3,19,3.875633597668943
3,19,1.6500000000000001
3,19,1.6500000000000001
3,19,1.6500000000000001
3,19,1.6500000000000001
3,19,3.1981892373416585
3,19,1.6500000000000001
3,19,1.6500000000000001
3,19,1.6500000000000001
3,19,1.6500000000000001
3,19,1.6500000000000001
3,19,1.6500000000000001
3,19,1.6500000000000001
3,19,1.6500000000000001
3,19,1.6500000000000001
3,19,1.6500000000000001
3,19,3.3701173240903364
3,19,1.6500000000000001
3,19,3.7338651577573017
3,19,1.6500000000000001
3,19,1.6500000000000001
3,19,1.6500000000000001
3,19,1.6500000000000001
3,19,1.6500000000000001
4,19,1.6500000000000001
4,19,1.6500000000000001
4,19,1.6500000000000001
4,19,1.6500000000000001
4,19,2.4761891327275327
4,19,1.6500000000000001
4,19,1.6500000000000001
4,19,1.6500000000000001
4,19,1.6500000000000001
4,19,5.971337558827698
4,19,1.6500000000000001
4,19,1.6500000000000001
4,19,1.6500000000000001
4,19,2.456932926882724
4,19,1.6500000000000001
4,19,1.6500000000000001
4,19,1.6500000000000001
4,19,1.662531048597409
4,19,1.6500000000000001
4,19,1.6500000000000001
4,19,1.6500000000000001
4,19,2.991808944168815
4,19,1.6500000000000001
4,19,1.6500000000000001
4,19,1.6500000000000001
4,19,1.6500000000000001
4,19,1.6500000000000001
4,19,1.6500000000000001
4,19,1.6500000000000001
4,19,1.6500000000000001
4,19,1.6500000000000001
4,19,1.6500000000000001
4,19,2.1015046408331663
4,19,1.6500000000000001
4,19,1.6500000000000001
4,19,1.6500000000000001
4,19,2.894500040410489
4,19,1.6500000000000001
4,19,1.6500000000000001
4,19,1.6500000000000001
4,19,1.6500000000000001
4,19,1.6500000000000001
4,19,1.6500000000000001
4,19,1.6500000000000001
4,19,1.6500000000000001
4,19,1.6500000000000001
4,19,1.6500000000000001
4,19,1.6500000000000001
4,19,1.6500000000000001
4,19,1.6500000000000001
4,19,1.6500000000000001
4,19,1.6500000000000001
4,19,1.6500000000000001
4,19,1.6500000000000001
4,19,1.6500000000000001
4,19,1.6500000000000001
4,19,1.6500000000000001
4,19,1.6500000000000001
4,19,1.6500000000000001
4,19,1.6500000000000001
4,19,1.6500000000000001
4,19,1.6500000000000001
5,19,1.6500000000000001
5,19,1.6500000000000001
5,19,1.6500000000000001
5,19,1.6500000000000001
5,19,1.6500000000000001
5,19,1.6500000000000001
5,19,1.6500000000000001
5,19,1.6500000000000001
5,19,1.6500000000000001
5,19,1.6500000000000001
5,19,1.6500000000000001
5,19,1.6500000000000001
5,19,1.6500000000000001
5,19,1.6500000000000001
5,19,1.6500000000000001
5,19,3.5514019063780906
5,19,1.6500000000000001
5,19,6.812226832470917
5,19,1.6500000000000001
5,19,1.6500000000000001
5,19,3.501337428568293
5,19,1.6500000000000001
5,19,1.6500000000000001
5,19,1.6500000000000001
5,19,1.7203778542611676
5,19,1.6500000000000001
5,19,1.6500000000000001
5,19,1.6500000000000001
5,19,4.397638886262447
5,19,1.6500000000000001
5,19,1.6500000000000001
5,19,1.6500000000000001
5,19,1.6943985961807067
5,19,1.6500000000000001
5,19,8.901122831306132
5,19,2.2102437720170713
5,19,3.9891358212272348
5,19,1.6500000000000001
5,19,1.6500000000000001
5,19,1.6500000000000001
5,19,4.258189622789929
5,19,1.6500000000000001
5,19,1.6500000000000001
5,19,1.6500000000000001
5,19,1.6500000000000001
5,19,1.6500000000000001
5,19,1.6500000000000001
5,19,1.6500000000000001
5,19,1.6500000000000001
5,19,1.6500000000000001
5,19,1.6500000000000001
5,19,1.6500000000000001
5,19,1.6500000000000001
5,19,1.6500000000000001
5,19,3.7598341840265386
5,19,1.6500000000000001
5,19,1.6500000000000001
5,19,1.6500000000000001
5,19,1.7905873962112802
5,19,1.6500000000000001
5,19,1.9613074857073145
5,19,2.85710702361404
6,19,1.6500000000000001
6,19,1.6500000000000001
6,19,1.6500000000000001
6,19,3.4749062131237958
6,19,1.6500000000000001
6,19,1.6500000000000001
6,19,1.6500000000000001
6,19,1.6500000000000001
6,19,1.6500000000000001
6,19,1.6500000000000001
6,19,1.6500000000000001
6,19,1.6500000000000001
6,19,1.6500000000000001
6,19,1.6500000000000001
6,19,1.6500000000000001
6,19,1.6500000000000001
6,19,3.1857944797200553
6,19,1.6500000000000001
6,19,1.6500000000000001
6,19,1.6500000000000001
6,19,3.6250527994880644
6,19,5.174263687703229
6,19,1.6500000000000001
6,19,3.5790797888017893
6,19,2.58295559690967
6,19,1.6500000000000001
6,19,1.6500000000000001
6,19,1.6500000000000001
6,19,1.6500000000000001
6,19,1.6500000000000001
6,19,1.6500000000000001
6,19,1.6500000000000001
6,19,1.6500000000000001
6,19,1.6500000000000001
6,19,1.6500000000000001
6,19,4.4925682832084535
6,19,1.6500000000000001
6,19,1.6500000000000001
6,19,1.6500000000000001
6,19,1.6500000000000001
6,19,1.6500000000000001
6,19,1.6500000000000001
6,19,1.6500000000000001
6,19,1.6500000000000001
6,19,1.6500000000000001
6,19,2.8235542948547545
6,19,1.6500000000000001
6,19,1.6500000000000001
6,19,1.6500000000000001
6,19,1.6500000000000001
6,19,2.425657129749688
6,19,1.6500000000000001
6,19,1.6500000000000001
6,19,2.197182740894954
6,19,1.6648236851680218
6,19,1.6500000000000001
6,19,1.6500000000000001
6,19,1.6500000000000001
6,19,3.231482072564945
6,19,1.6500000000000001
6,19,1.6500000000000001
6,18,1.7748598950798646
6,18,1.6500000000000001
6,18,2.3390873984447857
6,18,1.9586487155654848
6,18,1.6500000000000001
6,18,1.6500000000000001
6,18,1.6500000000000001
6,18,1.6500000000000001
6,18,1.6500000000000001
6,18,1.6500000000000001
6,18,2.015699040501627
6,18,1.6500000000000001
6,18,3.9874273716065156
6,18,2.317965812468139
6,18,1.6500000000000001
6,18,1.6500000000000001
6,18,3.6982276263223337
6,18,1.6500000000000001
6,18,1.6500000000000001
6,18,1.6500000000000001
6,18,1.6500000000000001
6,18,3.4694012811143833
6,18,1.6500000000000001
6,18,1.6500000000000001
6,18,1.6500000000000001
6,18,1.6500000000000001
6,18,1.6500000000000001
6,18,2.5532085855486097
6,18,3.7999556363791833
6,18,1.6500000000000001
6,18,1.6500000000000001
6,18,1.6500000000000001
6,18,2.83941086853164
6,18,1.6500000000000001
6,18,1.6500000000000001
6,18,1.6500000000000001
6,18,1.6500000000000001
6,18,2.0892723263391617
6,18,1.6500000000000001
6,18,1.6500000000000001
6,18,1.6500000000000001
6,18,1.6500000000000001
6,18,3.6175801228940934
6,18,1.6500000000000001
6,18,1.6500000000000001
6,18,2.7579971780877957
6,18,1.6500000000000001
6,18,1.6500000000000001
6,18,2.9533241268560415
6,18,1.6500000000000001
6,18,1.6500000000000001
6,18,1.6500000000000001
6,18,1.6500000000000001
6,18,1.6500000000000001
6,18,1.6500000000000001
6,18,1.6500000000000001
6,18,1.6500000000000001
6,18,2.2497686530925076
6,18,1.6500000000000001
6,18,1.6500000000000001
6,18,1.6500000000000001
6,18,1.6500000000000001
7,18,1.6500000000000001
7,18,1.6500000000000001
7,18,1.6500000000000001
7,18,1.6500000000000001
7,18,1.6500000000000001
7,18,2.630974371921643
7,18,1.6500000000000001
7,18,3.901702350208131
7,18,2.342293171328224
7,18,1.6500000000000001
7,18,1.6500000000000001
7,18,1.6500000000000001
7,18,1.6500000000000001
7,18,1.6500000000000001
7,18,1.6500000000000001
7,18,4.804704077616933
7,18,1.6500000000000001
7,18,1.6500000000000001
7,18,1.6500000000000001
7,18,1.6500000000000001
7,18,1.6500000000000001
7,18,1.6500000000000001
7,18,1.6500000000000001
7,18,1.6500000000000001
7,18,1.6500000000000001
7,18,2.7342030429056776
7,18,7.2565411037476215
7,18,1.6500000000000001
7,18,1.6500000000000001
7,18,1.6500000000000001
7,18,1.6500000000000001
7,18,1.6500000000000001
7,18,1.6500000000000001
7,18,1.6500000000000001
7,18,1.6500000000000001
7,18,1.6500000000000001
7,18,1.6500000000000001
7,18,1.6500000000000001
7,18,1.6500000000000001
7,18,1.6500000000000001
7,18,1.6500000000000001
7,18,1.6500000000000001
7,18,2.3552366069652315
7,18,1.6500000000000001
7,18,1.6500000000000001
7,18,5.414420335223742
7,18,2.9663039048864204
7,18,1.8385212891397837
7,18,4.446689764960457
7,18,1.6500000000000001
7,18,1.6500000000000001
7,18,1.6500000000000001
7,18,1.6500000000000001
7,18,1.6500000000000001
7,18,1.6500000000000001
7,18,1.6500000000000001
7,18,1.6500000000000001
7,18,1.6500000000000001
7,18,1.6500000000000001
7,18,1.6500000000000001
7,18,2.168046755684813
7,18,1.6500000000000001
8,18,1.6500000000000001
8,18,1.6500000000000001
8,18,1.6500000000000001
8,18,1.7954011538248529
8,18,1.6500000000000001
8,18,1.9554260181286374
8,18,1.6500000000000001
8,18,1.6500000000000001
8,18,1.6500000000000001
8,18,6.153536445999116
8,18,1.6500000000000001
8,18,1.6500000000000001
8,18,1.6500000000000001
8,18,2.714346864863852
8,18,1.6500000000000001
8,18,1.6500000000000001
8,18,5.271874746307933
8,18,1.6500000000000001
8,18,1.6500000000000001
8,18,1.6500000000000001
8,18,2.181022889813635
8,18,1.6500000000000001
8,18,1.6500000000000001
8,18,1.6500000000000001
8,18,1.6500000000000001
8,18,1.6500000000000001
8,18,1.6500000000000001
8,18,1.6500000000000001
8,18,1.7713353028315484
8,18,2.123291890111445
8,18,1.6500000000000001
8,18,1.6500000000000001
8,18,2.555987220705031
8,18,1.6500000000000001
8,18,1.6500000000000001
8,18,1.6500000000000001
8,18,4.170802496216436
8,18,3.542884944208602
8,18,5.207705119945112
8,18,1.6500000000000001
8,18,1.6500000000000001
8,18,1.6500000000000001
8,18,1.6500000000000001
8,18,1.6500000000000001
8,18,1.6500000000000001
8,18,1.6500000000000001
8,18,1.6500000000000001
8,18,1.6500000000000001
8,18,1.6500000000000001
8,18,1.6500000000000001
8,18,1.6500000000000001
8,18,2.1351426999331027
8,18,1.6500000000000001
8,18,1.6500000000000001
8,18,1.6500000000000001
8,18,1.6500000000000001
8,18,1.6500000000000001
8,18,1.6500000000000001
8,18,1.6500000000000001
8,18,1.6500000000000001
8,18,1.6500000000000001
9,18,1.6500000000000001
9,18,1.6500000000000001
9,18,1.6500000000000001
9,18,1.6500000000000001
9,18,1.6500000000000001
9,18,6.017965307955922
9,18,1.9762277551826415
9,18,1.6500000000000001
9,18,2.7036344936654046
9,18,1.6500000000000001
9,18,1.6500000000000001
9,18,1.6500000000000001
9,18,1.6500000000000001
9,18,1.6500000000000001
9,18,1.6500000000000001
9,18,3.112270224598069
9,18,1.6500000000000001
9,18,1.6500000000000001
9,18,3.3607801827988917
9,18,1.6500000000000001
9,18,1.6500000000000001
9,18,1.6500000000000001
9,18,1.6500000000000001
9,18,4.992894809413441
9,18,1.6500000000000001
9,18,1.6500000000000001
9,18,1.6500000000000001
9,18,2.55170299903737
9,18,1.6500000000000001
9,18,1.6500000000000001
9,18,1.6500000000000001
9,18,1.6500000000000001
9,18,1.6500000000000001
9,18,3.514032310267158
9,18,1.6500000000000001
9,18,1.6500000000000001
9,18,3.6689311339611934
9,18,1.6500000000000001
9,18,1.6500000000000001
9,18,1.6500000000000001
9,18,1.6500000000000001
9,18,6.783907203126095
9,18,1.6500000000000001
9,18,1.6500000000000001
9,18,1.6500000000000001
9,18,1.6500000000000001
9,18,1.6500000000000001
9,18,1.6500000000000001
9,18,1.6500000000000001
9,18,1.6500000000000001
9,18,1.6500000000000001
9,18,1.6500000000000001
9,18,1.6500000000000001
9,18,1.6500000000000001
9,18,1.6500000000000001
9,18,1.7405775522310192
9,18,2.992265000333322
9,18,1.6500000000000001
9,18,1.6500000000000001
9,18,3.41763314927321
9,18,1.6500000000000001
9,18,1.6500000000000001
8,18,1.7292105260816826
8,18,1.6500000000000001
8,18,1.6500000000000001
8,18,1.6500000000000001
8,18,1.7553684510981822
8,18,1.6500000000000001
8,18,1.6500000000000001
8,18,4.8443388258101825
8,18,1.6500000000000001
8,18,1.6500000000000001
8,18,2.4757155626260032
8,18,2.0701472980194455
8,18,4.097075076586638
8,18,1.6500000000000001
8,18,1.6500000000000001
8,18,1.6500000000000001
8,18,1.6500000000000001
8,18,1.6500000000000001
8,18,3.3231478834285513
8,18,1.6500000000000001
8,18,3.4198603303313115
8,18,2.2582312329005028
8,18,1.6500000000000001
8,18,1.6500000000000001
8,18,1.6500000000000001
8,18,1.6500000000000001
8,18,1.6500000000000001
8,18,1.6500000000000001
8,18,3.2521262931068278
8,18,1.6500000000000001
8,18,1.6500000000000001
8,18,1.6500000000000001
8,18,1.6500000000000001
8,18,1.6500000000000001
8,18,1.6500000000000001
8,18,1.6500000000000001
8,18,1.6500000000000001
8,18,1.6500000000000001
8,18,1.6500000000000001
8,18,1.6500000000000001
8,18,1.6500000000000001
8,18,1.6500000000000001
8,18,1.6500000000000001
8,18,1.6500000000000001
8,18,1.6500000000000001
8,18,1.6500000000000001
8,18,1.6500000000000001
8,18,1.6500000000000001
8,18,1.6500000000000001
8,18,1.6500000000000001
8,18,1.6500000000000001
8,18,1.6500000000000001
8,18,3.952191184404576
8,18,3.7117728538321098
8,18,2.62841956400144
8,18,1.6500000000000001
8,18,1.6500000000000001
8,18,1.6500000000000001
8,18,7.529493783815234
8,18,1.6500000000000001
8,18,1.6500000000000001
9,18,1.9798602474718292
9,18,1.6500000000000001
9,18,1.6500000000000001
9,18,1.6500000000000001
9,18,1.6500000000000001
9,18,3.6095629718210174
9,18,1.6500000000000001
9,18,1.6500000000000001
9,18,1.6500000000000001
9,18,1.6500000000000001
9,18,1.6500000000000001
9,18,1.6500000000000001
9,18,1.6500000000000001
9,18,1.6500000000000001
9,18,1.7188659111982327
9,18,1.6500000000000001
9,18,1.6500000000000001
9,18,4.020436550631994
9,18,1.6500000000000001
9,18,1.6500000000000001
9,18,1.6500000000000001
9,18,1.6500000000000001
9,18,1.6500000000000001
9,18,1.6500000000000001
9,18,1.6500000000000001
9,18,1.6500000000000001
9,18,1.6500000000000001
9,18,1.6500000000000001
9,18,1.6500000000000001
9,18,1.6500000000000001
9,18,2.0576117697997245
9,18,2.416416821598403
9,18,1.6500000000000001
9,18,1.6500000000000001
9,18,1.8941017116891397
9,18,1.6500000000000001
9,18,1.6500000000000001
9,18,3.915006895736398
9,18,1.6500000000000001
9,18,1.6500000000000001
9,18,1.6500000000000001
9,18,1.6500000000000001
9,18,1.6500000000000001
9,18,1.6500000000000001
9,18,1.6500000000000001
9,18,1.6500000000000001
9,18,1.6889445114793316
9,18,1.6500000000000001
9,18,5.241336588671004
9,18,1.6500000000000001
9,18,1.6500000000000001
9,18,1.6500000000000001
9,18,1.6500000000000001
9,18,1.6500000000000001
9,18,1.6500000000000001
9,18,2.286689352520124
9,18,1.6500000000000001
9,18,1.6500000000000001
9,18,1.6500000000000001
9,18,1.6500000000000001
9,18,1.6500000000000001
9,18,1.6500000000000001
8,18,4.759647555045667
8,18,1.6500000000000001
8,18,1.6500000000000001
8,18,2.896263003763388
8,18,1.6500000000000001
8,18,1.6500000000000001
8,18,1.6500000000000001
8,18,1.6500000000000001
8,18,1.6500000000000001
8,18,1.6500000000000001
8,18,1.6500000000000001
8,18,1.6500000000000001
8,18,1.6500000000000001
8,18,1.6500000000000001
8,18,1.6500000000000001
8,18,1.6500000000000001
8,18,1.6500000000000001
8,18,1.6500000000000001
8,18,1.6500000000000001
8,18,1.6500000000000001
8,18,1.6500000000000001
8,18,1.6500000000000001
8,18,1.6500000000000001
8,18,1.6500000000000001
8,18,2.622988860090047
8,18,1.6500000000000001
8,18,2.863994942735285
8,18,1.6500000000000001
8,18,1.6500000000000001
8,18,2.32869212591576
8,18,1.6500000000000001
8,18,1.6500000000000001
8,18,1.6500000000000001
8,18,1.6500000000000001
8,18,1.6500000000000001
8,18,1.6500000000000001
8,18,2.323710153468716
8,18,3.5640399600370376
8,18,2.9317535042170957
8,18,1.6500000000000001
8,18,7.131879414615739
8,18,1.9393925317151641
8,18,1.6500000000000001
8,18,1.6500000000000001
8,18,1.6602061184426895
8,18,5.263031004236058
8,18,1.6500000000000001
8,18,1.6500000000000001
8,18,1.6500000000000001
8,18,1.6500000000000001
8,18,1.6500000000000001
8,18,1.6500000000000001
8,18,1.6500000000000001
8,18,1.6500000000000001
8,18,1.6500000000000001
8,18,1.6500000000000001
8,18,3.5456246142427443
8,18,3.504390313657678
8,18,2.644858154488573
8,18,1.6500000000000001
8,18,1.6500000000000001
8,18,1.6500000000000001
7,18,1.6500000000000001
7,18,1.6500000000000001
7,18,1.6500000000000001
7,18,3.171744280136478
7,18,1.6500000000000001
7,18,1.8054676637926894
7,18,1.6500000000000001
7,18,3.3527963672922416
7,18,3.5679853500591627
7,18,1.6500000000000001
7,18,3.0265489403566304
7,18,1.6500000000000001
7,18,1.6500000000000001
7,18,1.6500000000000001
7,18,1.6500000000000001
7,18,3.638452006848111
7,18,1.6500000000000001
7,18,1.6500000000000001
7,18,3.5408815204480786
7,18,1.6500000000000001
7,18,1.6500000000000001
7,18,1.6500000000000001
7,18,1.6500000000000001
7,18,2.777182594068088
7,18,2.264406003266339
7,18,6.40325108018932
7,18,1.6500000000000001
7,18,1.6500000000000001
7,18,1.6500000000000001
7,18,1.6500000000000001
7,18,1.6500000000000001
7,18,1.6500000000000001
7,18,4.739153798005859
7,18,2.922652557141514
7,18,1.6500000000000001
7,18,1.6500000000000001
7,18,3.295727949747898
7,18,1.6500000000000001
7,18,1.6500000000000001
7,18,1.6500000000000001
7,18,1.6500000000000001
7,18,1.6500000000000001
7,18,1.6500000000000001
7,18,1.6500000000000001
7,18,2.947746863738329
7,18,4.73505414730104
7,18,1.6500000000000001
7,18,1.6500000000000001
7,18,1.6500000000000001
7,18,1.6500000000000001
7,18,1.6500000000000001
7,18,1.6500000000000001
7,18,5.464660065183281
7,18,1.6500000000000001
7,18,1.6500000000000001
7,18,1.6500000000000001
7,18,4.300970171141401
7,18,1.6500000000000001
7,18,1.6500000000000001
7,18,2.2122997121959846
7,18,1.6500000000000001
6,18,1.6500000000000001
6,18,1.6500000000000001
6,18,1.6500000000000001
6,18,4.4610016429827555
6,18,1.6500000000000001
6,18,1.6500000000000001
6,18,2.4993601106002665
6,18,1.6500000000000001
6,18,1.6500000000000001
6,18,1.6500000000000001
6,18,1.6500000000000001
6,18,1.6500000000000001
6,18,1.6500000000000001
6,18,4.008567500473961
6,18,3.7514391111564436
6,18,1.6500000000000001
6,18,1.6500000000000001
6,18,1.6500000000000001
6,18,4.329507887504543
6,18,1.6500000000000001
6,18,1.6500000000000001
6,18,1.6500000000000001
6,18,2.2762606294272505
6,18,1.6500000000000001
6,18,1.6500000000000001
6,18,2.64088365017559
6,18,1.6500000000000001
6,18,1.7079427059670498
6,18,1.6500000000000001
6,18,1.6500000000000001
6,18,1.6500000000000001
6,18,1.6500000000000001
6,18,4.547164122673172
6,18,1.6500000000000001
6,18,1.6500000000000001
6,18,7.1388901014634
6,18,1.6500000000000001
6,18,1.6500000000000001
6,18,3.4179402620616632
6,18,1.6500000000000001
6,18,1.6500000000000001
6,18,1.6500000000000001
6,18,1.6500000000000001
6,18,1.6500000000000001
6,18,1.6500000000000001
6,18,1.6500000000000001
6,18,1.6500000000000001
6,18,1.6500000000000001
6,18,1.6500000000000001
6,18,1.6500000000000001
6,18,2.659796122256638
6,18,1.6500000000000001
6,18,1.6500000000000001
6,18,2.3830269216847078
6,18,1.6500000000000001
6,18,2.58347381593172
6,18,1.6500000000000001
6,18,1.6500000000000001
6,18,2.766146472753764
6,18,1.6500000000000001
6,18,1.6500000000000001
6,18,1.6500000000000001
5,18,1.6500000000000001
5,18,2.5113610527839008
5,18,1.6500000000000001
5,18,1.6500000000000001
5,18,1.6500000000000001
5,18,1.6500000000000001
5,18,1.7861692607470943
5,18,1.6500000000000001
5,18,1.6500000000000001
5,18,1.6500000000000001
5,18,1.6500000000000001
5,18,1.6500000000000001
5,18,1.6500000000000001
5,18,4.067341528679887
5,18,4.34301265791623
5,18,2.958809477339929
5,18,1.6500000000000001
5,18,2.1095541511201814
5,18,1.6500000000000001
5,18,2.9523658267095128
5,18,1.6500000000000001
5,18,4.167825616887993
5,18,1.6500000000000001
5,18,1.6500000000000001
5,18,1.6500000000000001
5,18,1.6500000000000001
5,18,1.6500000000000001
5,18,1.6500000000000001
5,18,4.0780067858579
5,18,1.6500000000000001
5,18,1.6500000000000001
5,18,1.6500000000000001
5,18,1.6500000000000001
5,18,1.6500000000000001
5,18,1.8234020901921109
5,18,1.6500000000000001
5,18,1.6500000000000001
5,18,1.6500000000000001
5,18,1.6500000000000001
5,18,3.1752988805882083
5,18,1.6500000000000001
5,18,1.6500000000000001
5,18,1.6500000000000001
5,18,1.6500000000000001
5,18,4.023976268111985
5,18,3.8229983840410595
5,18,1.6500000000000001
5,18,1.6500000000000001
5,18,2.080175745149263
5,18,1.6500000000000001
5,18,1.9395911435157078
5,18,1.6500000000000001
5,18,4.4040847684606135
5,18,1.6500000000000001
5,18,2.2388312600772
5,18,1.6500000000000001
5,18,1.6500000000000001
5,18,1.6500000000000001
5,18,1.6500000000000001
5,18,3.9463842056989975
5,18,3.234722797954472
6,18,1.6500000000000001
6,18,1.6500000000000001
6,18,1.6500000000000001
6,18,1.6500000000000001
6,18,1.6500000000000001
6,18,1.6500000000000001
6,18,1.6500000000000001
6,18,1.6500000000000001
6,18,4.5236024961223364
6,18,1.6500000000000001
6,18,1.6500000000000001
6,18,3.469284013017797
6,18,3.2048120512471825
6,18,3.956535695051887
6,18,1.6500000000000001
6,18,1.6500000000000001
6,18,1.6500000000000001
6,18,1.6500000000000001
6,18,1.6500000000000001
6,18,4.972050754994241
6,18,3.9967739253364734
6,18,1.6500000000000001
6,18,1.6500000000000001
6,18,3.1671158966505955
6,18,1.6500000000000001
6,18,5.285484358931543
6,18,1.6500000000000001
6,18,1.6500000000000001
6,18,1.6500000000000001
6,18,1.6500000000000001
6,18,2.8202626282095182
6,18,1.6500000000000001
6,18,1.6500000000000001
6,18,4.051576858998558
6,18,3.0413829298798065
6,18,1.6500000000000001
6,18,1.6500000000000001
6,18,1.6500000000000001
6,18,1.6500000000000001
6,18,1.6500000000000001
6,18,1.6500000000000001
6,18,1.6500000000000001
6,18,1.6500000000000001
6,18,1.6500000000000001
6,18,5.040380217152438
6,18,1.6500000000000001
6,18,1.9706098345078968
6,18,1.6500000000000001
6,18,1.6500000000000001
6,18,1.6500000000000001
6,18,5.829724300424838
6,18,1.6500000000000001
6,18,1.6500000000000001
6,18,1.6500000000000001
6,18,1.6500000000000001
6,18,1.6500000000000001
6,18,1.6500000000000001
6,18,1.6500000000000001
6,18,1.6500000000000001
6,18,5.507935995616601
6,18,1.6500000000000001
6,18,5.450920295281425
7,18,1.6500000000000001
7,18,1.6500000000000001
7,18,1.6500000000000001
7,18,1.6500000000000001
7,18,3.7846301172347183
7,18,1.6500000000000001
7,18,2.628948118601921
7,18,1.6500000000000001
7,18,1.6500000000000001
7,18,2.2003214984349304
7,18,1.6500000000000001
7,18,1.6500000000000001
7,18,3.3886575025917383
7,18,3.1488009684645344
7,18,1.6500000000000001
7,18,1.6500000000000001
7,18,2.048882459862962
7,18,1.6500000000000001
7,18,1.6500000000000001
7,18,1.6500000000000001
7,18,1.6500000000000001
7,18,1.6500000000000001
7,18,2.7368747733185845
7,18,2.103045439118513
7,18,1.6500000000000001
7,18,1.6500000000000001
7,18,6.416887717679766
7,18,1.6500000000000001
7,18,1.6500000000000001
7,18,1.6500000000000001
7,18,1.6500000000000001
7,18,1.6500000000000001
7,18,1.6500000000000001
7,18,1.6500000000000001
7,18,6.3279259396995
7,18,3.284029934745867
7,18,1.6500000000000001
7,18,1.6500000000000001
7,18,1.6500000000000001
7,18,1.6500000000000001
7,18,1.6500000000000001
7,18,1.6500000000000001
7,18,1.6500000000000001
7,18,1.6500000000000001
7,18,1.6500000000000001
7,18,3.779047431536659
7,18,2.292334924463326
7,18,2.8022371816019236
7,18,1.6500000000000001
7,18,1.6500000000000001
7,18,1.6500000000000001
7,18,1.6500000000000001
7,18,1.6500000000000001
7,18,1.6500000000000001
7,18,1.6500000000000001
7,18,1.6500000000000001
7,18,1.6500000000000001
7,18,1.6500000000000001
7,18,1.6500000000000001
7,18,2.3961842983357875
7,18,1.6500000000000001
7,18,1.6500000000000001
8,18,1.6500000000000001
8,18,1.6500000000000001
8,18,1.6500000000000001
8,18,1.949417183669233
8,18,1.6500000000000001
8,18,1.6500000000000001
8,18,3.4044426835236354
8,18,1.6500000000000001
8,18,2.2038583526676607
8,18,1.6500000000000001
8,18,1.6500000000000001
8,18,1.6500000000000001
8,18,3.3745405907417236
8,18,1.6500000000000001
8,18,1.6500000000000001
8,18,1.6500000000000001
8,18,2.5463903313104836
8,18,1.6500000000000001
8,18,2.9529489174465966
8,18,1.6500000000000001
8,18,1.6500000000000001
8,18,1.6500000000000001
8,18,1.6500000000000001
8,18,4.940907902430694
8,18,3.302976793950251
8,18,1.6500000000000001
8,18,3.1974744620024587
8,18,1.6500000000000001
8,18,2.471112395628991
8,18,1.6500000000000001
8,18,1.6500000000000001
8,18,1.6500000000000001
8,18,1.6657075209959535
8,18,1.6500000000000001
8,18,4.97688489205111
8,18,1.6500000000000001
8,18,1.6500000000000001
8,18,1.6500000000000001
8,18,1.6500000000000001
8,18,1.6500000000000001
8,18,1.6500000000000001
8,18,4.000761702977404
8,18,1.6500000000000001
8,18,1.6500000000000001
8,18,1.6500000000000001
8,18,1.6500000000000001
8,18,1.6500000000000001
8,18,1.6500000000000001
8,18,1.6500000000000001
8,18,3.729248669281273
8,18,1.6500000000000001
8,18,1.6500000000000001
8,18,1.6500000000000001
8,18,2.491344548119566
8,18,1.6500000000000001
8,18,1.6500000000000001
8,18,1.6500000000000001
8,18,1.6500000000000001
8,18,1.6500000000000001
8,18,1.6500000000000001
8,18,1.6500000000000001
9,18,1.6500000000000001
9,18,1.6500000000000001
9,18,5.514015251973251
9,18,1.6500000000000001
9,18,1.6500000000000001
9,18,2.1345805803851685
9,18,2.6971268132003847
9,18,1.6500000000000001
9,18,1.6500000000000001
9,18,1.6500000000000001
9,18,1.6500000000000001
9,18,1.6500000000000001
9,18,1.6500000000000001
9,18,1.6500000000000001
9,18,4.140031440861088
9,18,1.6500000000000001
9,18,1.6500000000000001
9,18,1.6500000000000001
9,18,1.6500000000000001
9,18,1.6500000000000001
9,18,1.6500000000000001
9,18,1.6500000000000001
9,18,1.6500000000000001
9,18,1.6500000000000001
9,18,1.6500000000000001
9,18,1.6500000000000001
9,18,1.6500000000000001
9,18,1.6500000000000001
9,18,1.6500000000000001
9,18,1.6500000000000001
9,18,1.6500000000000001
9,18,1.6500000000000001
9,18,1.6500000000000001
9,18,1.6500000000000001
9,18,1.6500000000000001
9,18,2.558921064143241
9,18,1.6500000000000001
9,18,1.6500000000000001
9,18,1.6500000000000001
9,18,3.729244884611333
9,18,1.6500000000000001
9,18,1.6500000000000001
9,18,1.6500000000000001
9,18,1.8277185489012802
9,18,1.6500000000000001
9,18,3.447723616274992
9,18,2.868297594284509
9,18,2.7194047260271215
9,18,1.6500000000000001
9,18,1.6500000000000001
9,18,1.6500000000000001
9,18,1.6500000000000001
9,18,4.2960688670006695
9,18,1.6500000000000001
9,18,1.6500000000000001
9,18,1.6500000000000001
9,18,2.152052125112451
9,18,2.5999494928013074
9,18,1.6500000000000001
9,18,1.6500000000000001
9,18,1.6500000000000001
9,18,1.6500000000000001
9,17,1.6500000000000001
9,17,1.6500000000000001
9,17,1.6500000000000001
9,17,1.6500000000000001
9,17,4.409223536096423
9,17,1.6500000000000001
9,17,7.546411728154365
9,17,1.6500000000000001
9,17,1.6500000000000001
9,17,1.6500000000000001
9,17,2.8875826809657226
9,17,3.572830863796435
9,17,1.6500000000000001
9,17,1.6500000000000001
9,17,1.6500000000000001
9,17,1.6500000000000001
9,17,1.6500000000000001
9,17,1.6500000000000001
9,17,1.6500000000000001
9,17,4.225539431741856
9,17,1.6500000000000001
9,17,1.6500000000000001
9,17,1.6500000000000001
9,17,1.6500000000000001
9,17,1.6500000000000001
9,17,1.6500000000000001
9,17,1.6500000000000001
9,17,1.6500000000000001
9,17,1.6500000000000001
9,17,1.6500000000000001
9,17,3.252208242425466
9,17,1.6500000000000001
9,17,2.4765350966078574
9,17,1.6500000000000001
9,17,2.017979505007821
9,17,1.6500000000000001
9,17,1.6500000000000001
9,17,2.6159189699962364
9,17,1.6500000000000001
9,17,1.6500000000000001
9,17,1.6500000000000001
9,17,1.6500000000000001
9,17,1.6500000000000001
9,17,1.6500000000000001
9,17,1.6500000000000001
9,17,3.2571260783868285
9,17,1.6500000000000001
9,17,1.6500000000000001
9,17,1.6500000000000001
9,17,2.6634776919619143
9,17,1.7587257828256178
9,17,1.6500000000000001
9,17,1.6500000000000001
9,17,1.6500000000000001
9,17,1.6500000000000001
9,17,5.556676198274239
9,17,1.6500000000000001
9,17,1.6500000000000001
9,17,1.6500000000000001
9,17,1.6500000000000001
9,17,1.6500000000000001
9,16,1.6500000000000001
9,16,1.6500000000000001
9,16,1.6500000000000001
9,16,1.6500000000000001
9,16,2.263781454808047
9,16,1.6500000000000001
9,16,1.6500000000000001
9,16,1.6500000000000001
9,16,1.6500000000000001
9,16,1.6500000000000001
9,16,1.6500000000000001
9,16,1.6500000000000001
9,16,1.9479107217121725
9,16,1.6500000000000001
9,16,1.6500000000000001
9,16,1.6500000000000001
9,16,1.6500000000000001
9,16,1.6500000000000001
9,16,1.6500000000000001
9,16,5.424950843004234
9,16,1.6500000000000001
9,16,1.6500000000000001
9,16,1.6500000000000001
9,16,3.3660099074528333
9,16,1.87086128514735
9,16,1.6500000000000001
9,16,1.6500000000000001
9,16,1.6500000000000001
9,16,1.6500000000000001
9,16,1.6500000000000001
9,16,3.3326180898175237
9,16,1.6500000000000001
9,16,1.6500000000000001
9,16,1.6500000000000001
9,16,3.667681895232484
9,16,1.6500000000000001
9,16,1.6500000000000001
9,16,1.6500000000000001
9,16,1.6500000000000001
9,16,1.714859751435171
9,16,1.6500000000000001
9,16,1.6500000000000001
9,16,4.202708124989111
9,16,1.6500000000000001
9,16,1.6500000000000001
9,16,2.3376848688571825
9,16,9.35394196495038
9,16,2.0380929587425447
9,16,1.6500000000000001
9,16,1.6500000000000001
9,16,1.6500000000000001
9,16,1.6500000000000001
9,16,1.6500000000000001
9,16,1.6500000000000001
9,16,1.6500000000000001
9,16,2.660895148211858
9,16,1.6500000000000001
9,16,1.6500000000000001
9,16,1.6500000000000001
9,16,1.6500000000000001
9,16,1.6500000000000001
9,16,1.6500000000000001
10,16,1.6500000000000001
10,16,1.6500000000000001
10,16,1.6500000000000001
10,16,1.6500000000000001
10,16,1.6500000000000001
10,16,1.6500000000000001
10,16,1.6500000000000001
10,16,1.6500000000000001
10,16,1.6500000000000001
10,16,1.6500000000000001
10,16,5.899820084527667
10,16,5.124043846406385
10,16,1.6500000000000001
10,16,1.6500000000000001
10,16,2.995852167794165
10,16,1.6500000000000001
10,16,1.6500000000000001
10,16,1.6500000000000001
10,16,1.6500000000000001
10,16,1.6500000000000001
10,16,1.6500000000000001
10,16,1.6500000000000001
10,16,1.6500000000000001
10,16,1.6500000000000001
10,16,1.6500000000000001
10,16,1.6500000000000001
10,16,1.6500000000000001
10,16,1.6500000000000001
10,16,1.6500000000000001
10,16,1.6500000000000001
10,16,1.6500000000000001
10,16,1.6500000000000001
10,16,1.9281027037119958
10,16,1.6500000000000001
10,16,1.6500000000000001
10,16,1.6500000000000001
10,16,1.6500000000000001
10,16,3.058659609535729
10,16,1.6500000000000001
10,16,1.6500000000000001
10,16,1.6500000000000001
10,16,4.546043260218239
10,16,3.751734951885384
10,16,3.667063217954221
10,16,3.6669311324790943
10,16,1.6500000000000001
10,16,1.6500000000000001
10,16,4.038564536251624
10,16,1.6500000000000001
10,16,3.1298051389837576
10,16,1.6500000000000001
10,16,1.6500000000000001
10,16,3.330911305324224
10,16,1.6500000000000001
10,16,1.6500000000000001
10,16,1.6500000000000001
10,16,1.6500000000000001
10,16,1.6500000000000001
10,16,3.49055953381079
10,16,1.6500000000000001
10,16,2.9645940327758566
10,16,1.6500000000000001
11,16,1.6500000000000001
11,16,1.6500000000000001
11,16,1.6857273230678431
11,16,1.6500000000000001
11,16,1.6500000000000001
11,16,1.6500000000000001
11,16,1.6500000000000001
11,16,1.6500000000000001
11,16,1.6500000000000001
11,16,1.6500000000000001
11,16,1.6608883320604089
11,16,1.6500000000000001
11,16,1.6500000000000001
11,16,1.6500000000000001
11,16,1.6500000000000001
11,16,1.6500000000000001
11,16,1.6500000000000001
11,16,1.6500000000000001
11,16,1.6500000000000001
11,16,2.051460759140922
11,16,2.3017838246748257
11,16,1.6500000000000001
11,16,3.195883323892909
11,16,1.6500000000000001
11,16,1.6500000000000001
11,16,1.6500000000000001
11,16,1.6500000000000001
11,16,1.6500000000000001
11,16,1.6500000000000001
11,16,1.6500000000000001
11,16,1.6500000000000001
11,16,1.6500000000000001
11,16,1.6500000000000001
11,16,1.6500000000000001
11,16,1.6500000000000001
11,16,3.2535387429232547
11,16,1.6500000000000001
11,16,1.6500000000000001
11,16,1.6500000000000001
11,16,2.2669884399561693
11,16,1.6500000000000001
11,16,5.533540006289045
11,16,1.6500000000000001
11,16,1.6500000000000001
11,16,2.824366802122451
11,16,1.6500000000000001
11,16,1.6500000000000001
11,16,1.6500000000000001
11,16,1.6500000000000001
11,16,1.6500000000000001
11,16,1.6500000000000001
11,16,1.6500000000000001
11,16,1.6500000000000001
11,16,1.6500000000000001
11,16,1.6500000000000001
11,16,1.6500000000000001
11,16,1.6500000000000001
11,16,1.6500000000000001
11,16,4.264547686003405
11,16,2.193756181636335
11,16,1.6500000000000001
10,16,4.426127167392573
10,16,1.6500000000000001
10,16,4.28426312269203
10,16,1.6500000000000001
10,16,3.937873271402818
10,16,1.6500000000000001
10,16,1.6500000000000001
10,16,3.5750919881388565
10,16,1.6500000000000001
10,16,1.6500000000000001
10,16,1.6500000000000001
10,16,1.6500000000000001
10,16,1.6500000000000001
10,16,1.6500000000000001
10,16,1.6500000000000001
10,16,1.6500000000000001
10,16,1.6500000000000001
10,16,1.823962490504104
10,16,1.6500000000000001
10,16,1.6500000000000001
10,16,1.6500000000000001
10,16,1.6500000000000001
10,16,1.6500000000000001
10,16,1.6500000000000001
10,16,1.6500000000000001
10,16,2.686061429351831
10,16,1.6500000000000001
10,16,1.6500000000000001
10,16,1.6500000000000001
10,16,1.6500000000000001
10,16,1.6500000000000001
10,16,1.6500000000000001
10,16,1.6500000000000001
10,16,1.6500000000000001
10,16,2.73151068398145
10,16,4.00077111533388
10,16,1.6500000000000001
10,16,1.6500000000000001
10,16,5.732860920455571
10,16,1.6500000000000001
10,16,5.839342067641857
10,16,1.6500000000000001
10,16,1.6500000000000001
10,16,1.6500000000000001
10,16,1.6500000000000001
10,16,3.714512383141653
10,16,4.638076232197542
10,16,2.0713416368567614
10,16,1.6500000000000001
10,16,6.653935599779148
10,16,1.6500000000000001
10,16,1.6500000000000001
10,16,1.6500000000000001
10,16,1.6500000000000001
10,16,1.6500000000000001
10,16,1.6500000000000001
10,16,3.348088309075564
10,16,1.6500000000000001
10,16,2.536348292914311
10,16,1.6500000000000001
10,16,1.6500000000000001
10,16,1.6500000000000001
11,16,2.349411717510204
11,16,1.6500000000000001
11,16,2.2737554354263168
11,16,1.6500000000000001
11,16,1.6500000000000001
11,16,1.6500000000000001
11,16,1.6500000000000001
11,16,1.6500000000000001
11,16,1.6500000000000001
11,16,1.6500000000000001
11,16,1.6500000000000001
11,16,1.6500000000000001
11,16,2.933633179584576
11,16,3.6139729290403153
11,16,1.6500000000000001
11,16,1.6500000000000001
11,16,3.34453490010976
11,16,4.597617612087339
11,16,1.6500000000000001
11,16,2.3875778977899844
11,16,1.6500000000000001
11,16,1.6500000000000001
11,16,4.9368557109836715
11,16,1.6500000000000001
11,16,1.6500000000000001
11,16,1.6500000000000001
11,16,1.6500000000000001
11,16,1.6500000000000001
11,16,1.6500000000000001
11,16,1.6500000000000001
11,16,3.7544064626997855
11,16,1.6500000000000001
11,16,1.6500000000000001
11,16,1.6500000000000001
11,16,1.6500000000000001
11,16,2.9693843562370676
11,16,2.5295714267186105
11,16,5.559355039793877
11,16,1.6500000000000001
11,16,1.6500000000000001
11,16,1.6500000000000001
11,16,5.133174983110169
11,16,2.8499841438098357
11,16,2.991668390635703
11,16,1.6500000000000001
11,16,1.6500000000000001
11,16,1.6500000000000001
11,16,1.6500000000000001
11,16,1.6500000000000001
11,16,3.738557125363074
11,16,1.6500000000000001
11,16,1.6500000000000001
11,16,1.6500000000000001
11,16,1.6500000000000001
11,16,2.2728996860133335
11,16,1.6500000000000001
11,16,1.6500000000000001
11,16,3.6372758615117986
11,16,1.6500000000000001
11,16,1.6500000000000001
11,16,1.6500000000000001
11,15,1.6500000000000001
11,15,1.6500000000000001
11,15,1.6500000000000001
11,15,1.6500000000000001
11,15,4.853453477396832
11,15,4.368824567145089
11,15,1.6500000000000001
11,15,2.9703093776412026
11,15,1.6500000000000001
11,15,1.6500000000000001
11,15,2.607130706256624
11,15,1.6500000000000001
11,15,1.6500000000000001
11,15,4.650650419516519
11,15,1.6500000000000001
11,15,1.6500000000000001
11,15,1.6500000000000001
11,15,3.3473386485761076
11,15,2.3013154312880646
11,15,1.6500000000000001
11,15,1.6500000000000001
11,15,2.3648677994954186
11,15,1.6500000000000001
11,15,1.6500000000000001
11,15,1.6500000000000001
11,15,1.8731945226976014
11,15,1.6500000000000001
11,15,1.6500000000000001
11,15,1.6500000000000001
11,15,1.6500000000000001
11,15,1.6500000000000001
11,15,2.3142678936328123
11,15,2.2479453133243608
11,15,2.5226212135369224
11,15,1.6500000000000001
11,15,1.6500000000000001
11,15,1.6500000000000001
11,15,1.6500000000000001
11,15,1.6500000000000001
11,15,1.6500000000000001
11,15,1.6500000000000001
11,15,1.6500000000000001
11,15,1.6500000000000001
11,15,1.6500000000000001
11,15,2.398858392461927
11,15,1.6500000000000001
11,15,1.6500000000000001
11,15,1.6500000000000001
11,15,2.5021128969345092
11,15,5.044733724980003
11,15,1.6500000000000001
11,15,1.6500000000000001
11,15,1.6500000000000001
11,15,2.9894181744886295
11,15,1.6500000000000001
11,15,2.4523394715792866
11,15,1.7537982976824242
11,15,1.6500000000000001
11,15,1.6500000000000001
11,15,1.6500000000000001
11,15,1.6500000000000001
11,15,2.374162722319828
12,15,1.6500000000000001
12,15,1.6500000000000001
12,15,2.78089915489458
12,15,4.591087531039358
12,15,1.6500000000000001
12,15,1.6500000000000001
12,15,4.115081391470181
12,15,1.6500000000000001
12,15,2.2409033222612336
12,15,1.6500000000000001
12,15,1.6500000000000001
12,15,6.617016735558233
12,15,1.6500000000000001
12,15,1.6500000000000001
12,15,1.6500000000000001
12,15,3.4373764722699445
12,15,1.6500000000000001
12,15,1.6500000000000001
12,15,1.6500000000000001
12,15,1.6500000000000001
12,15,1.6500000000000001
12,15,1.6500000000000001
12,15,2.1827652076913138
12,15,1.6500000000000001
12,15,1.6500000000000001
12,15,1.6894926657804739
12,15,1.6500000000000001
12,15,2.382658441523853
12,15,2.4609734686485414
12,15,1.9157760174658471
12,15,1.6500000000000001
12,15,1.6500000000000001
12,15,1.9767041664376253
12,15,1.9320869459722183
12,15,1.6500000000000001
12,15,6.656710875855039
12,15,1.6500000000000001
12,15,1.6500000000000001
12,15,1.6500000000000001
12,15,1.6500000000000001
12,15,1.6500000000000001
12,15,3.367458091947234
12,15,1.8651073330788615
12,15,1.6500000000000001
12,15,2.241301423035631
12,15,4.289615316842977
12,15,2.993004440817317
12,15,1.6500000000000001
12,15,1.6500000000000001
12,15,1.6500000000000001
12,15,1.6500000000000001
12,15,2.685994395952566
12,15,1.6500000000000001
12,15,2.845544274468138
12,15,3.747349924328806
12,15,1.6500000000000001
12,15,1.6500000000000001
12,15,1.6500000000000001
12,15,1.6500000000000001
12,15,1.6500000000000001
12,15,1.6500000000000001
12,15,1.6500000000000001
13,15,1.6500000000000001
13,15,3.6983529286487906
13,15,1.6500000000000001
13,15,2.0838999549882105
13,15,3.074709707181972
13,15,4.806419540790159
13,15,1.6500000000000001
13,15,1.6500000000000001
13,15,3.82566460919302
13,15,2.15755871241822
13,15,6.899932483580726
13,15,1.6500000000000001
13,15,1.6500000000000001
13,15,1.6500000000000001
13,15,1.6500000000000001
13,15,1.6500000000000001
13,15,1.6500000000000001
13,15,1.6500000000000001
13,15,1.6500000000000001
13,15,1.6500000000000001
13,15,1.6500000000000001
13,15,1.6500000000000001
13,15,1.6500000000000001
13,15,1.6500000000000001
13,15,1.6500000000000001
13,15,1.6500000000000001
13,15,1.6500000000000001
13,15,2.0047694493090047
13,15,1.6500000000000001
13,15,1.6500000000000001
13,15,2.0630884712863713
13,15,5.165782323181196
13,15,3.1007399975002796
13,15,3.279961884192737
13,15,1.6500000000000001
13,15,3.5345652101315226
13,15,1.6500000000000001
13,15,1.6500000000000001
13,15,1.6500000000000001
13,15,1.6500000000000001
13,15,1.6500000000000001
13,15,4.026015307182947
13,15,1.6500000000000001
13,15,1.6500000000000001
13,15,1.6500000000000001
13,15,1.6500000000000001
13,15,1.6500000000000001
13,15,1.6500000000000001
13,15,1.6500000000000001
13,15,1.6500000000000001
13,15,2.0889450711255386
13,15,1.9060119070603232
13,15,1.6500000000000001
13,15,1.6500000000000001
13,15,1.6500000000000001
13,15,1.6500000000000001
13,15,1.6500000000000001
13,15,1.6500000000000001
13,15,7.668046917995538
13,15,5.610580189382495
13,15,1.6500000000000001
14,15,1.6500000000000001
14,15,1.6500000000000001
14,15,1.6500000000000001
14,15,2.137524367450872
14,15,3.013524098834565
14,15,5.907414145923646
14,15,1.6500000000000001
14,15,1.6500000000000001
14,15,1.6500000000000001
14,15,1.6500000000000001
14,15,1.6500000000000001
14,15,1.6500000000000001
14,15,1.6500000000000001
14,15,1.6500000000000001
14,15,1.6500000000000001
14,15,4.414413487416711
14,15,1.6500000000000001
14,15,6.622675558098665
14,15,1.9830262852959217
14,15,1.6500000000000001
14,15,3.133037490271353
14,15,4.519939107449609
14,15,1.6500000000000001
14,15,1.6500000000000001
14,15,1.6500000000000001
14,15,1.6500000000000001
14,15,1.6500000000000001
14,15,1.6500000000000001
14,15,1.6500000000000001
14,15,1.6500000000000001
14,15,1.6500000000000001
14,15,1.6500000000000001
14,15,1.6500000000000001
14,15,1.6500000000000001
14,15,3.070258208188309
14,15,1.6500000000000001
14,15,1.6500000000000001
14,15,1.6500000000000001
14,15,1.6500000000000001
14,15,1.6500000000000001
14,15,4.540859371029007
14,15,2.270868917725507
14,15,1.6500000000000001
14,15,1.6500000000000001
14,15,1.6500000000000001
14,15,1.6500000000000001
14,15,1.6500000000000001
14,15,2.2792256702786426
14,15,1.6500000000000001
14,15,5.209407274610324
14,15,1.6500000000000001
14,15,1.6500000000000001
14,15,1.6500000000000001
14,15,2.9512074936234707
14,15,1.6500000000000001
14,15,1.6500000000000001
14,15,1.6500000000000001
14,15,1.6500000000000001
14,15,1.6500000000000001
14,15,1.6500000000000001
14,15,1.6500000000000001
14,15,2.7017819927442166
15,15,1.6500000000000001
15,15,1.6500000000000001
15,15,1.6500000000000001
15,15,1.6500000000000001
15,15,1.6500000000000001
15,15,1.6500000000000001
15,15,1.6500000000000001
15,15,1.6500000000000001
15,15,1.6500000000000001
15,15,1.6500000000000001
15,15,1.6500000000000001
15,15,1.6500000000000001
15,15,1.6500000000000001
15,15,2.2458756761260013
15,15,1.6500000000000001
15,15,1.6500000000000001
15,15,1.6500000000000001
15,15,1.6500000000000001
15,15,1.6500000000000001
15,15,1.6500000000000001
15,15,1.6500000000000001
15,15,2.695546296282085
15,15,1.6500000000000001
15,15,1.6500000000000001
15,15,1.6500000000000001
15,15,1.6500000000000001
15,15,3.8335470714369517
15,15,3.414002122872197
15,15,4.125181884870004
15,15,1.6500000000000001
15,15,1.6500000000000001
15,15,1.6500000000000001
15,15,1.6500000000000001
15,15,3.098153371100273
15,15,1.6500000000000001
15,15,1.6500000000000001
15,15,1.6500000000000001
15,15,1.6500000000000001
15,15,1.6500000000000001
15,15,1.6500000000000001
15,15,1.6500000000000001
15,15,1.6500000000000001
15,15,1.6500000000000001
15,15,4.437043490985715
15,15,1.6500000000000001
15,15,1.6500000000000001
15,15,1.6500000000000001
15,15,1.6500000000000001
15,15,5.733867928963028
15,15,1.6500000000000001
15,15,1.6500000000000001
15,15,1.6500000000000001
15,15,1.6500000000000001
15,15,1.6500000000000001
15,15,1.6500000000000001
15,15,1.6500000000000001
15,15,1.6500000000000001
15,15,2.6330268096159783
15,15,1.6500000000000001
15,15,2.908880280190524
15,15,1.6500000000000001
16,15,1.6500000000000001
16,15,1.6500000000000001
16,15,1.6500000000000001
16,15,1.6500000000000001
16,15,1.6500000000000001
16,15,1.6500000000000001
16,15,1.6500000000000001
16,15,1.6500000000000001
16,15,1.6500000000000001
16,15,1.6500000000000001
16,15,1.6500000000000001
16,15,1.6500000000000001
16,15,1.6500000000000001
16,15,2.680988388655405
16,15,1.6500000000000001
16,15,1.8676087899948506
16,15,1.6500000000000001
16,15,1.6500000000000001
16,15,1.6500000000000001
16,15,1.6500000000000001
16,15,6.210186064323667
16,15,1.6500000000000001
16,15,1.6500000000000001
16,15,1.6500000000000001
16,15,1.6500000000000001
16,15,1.6500000000000001
16,15,1.6500000000000001
16,15,1.6500000000000001
16,15,1.6500000000000001
16,15,2.566073163070347
16,15,1.6500000000000001
16,15,1.6500000000000001
16,15,1.6500000000000001
16,15,1.6500000000000001
16,15,1.6500000000000001
16,15,1.6500000000000001
16,15,1.6500000000000001
16,15,1.6500000000000001
16,15,1.6500000000000001
16,15,1.6500000000000001
16,15,1.6500000000000001
16,15,4.052383325465574
16,15,1.6500000000000001
16,15,1.6500000000000001
16,15,3.9659166534625667
16,15,2.5611078193116743
16,15,1.6500000000000001
16,15,1.6500000000000001
16,15,1.6500000000000001
16,15,1.6500000000000001
16,15,1.6500000000000001
16,15,1.6500000000000001
16,15,1.6500000000000001
16,15,1.6500000000000001
16,15,1.6500000000000001
16,15,1.6500000000000001
16,15,1.6500000000000001
16,15,1.6500000000000001
16,15,1.6500000000000001
16,15,1.6500000000000001
16,15,1.6500000000000001
16,15,1.6500000000000001
16,14,1.6500000000000001
16,14,1.6500000000000001
16,14,3.338488222237023
16,14,1.6500000000000001
16,14,2.979888535481268
16,14,1.6500000000000001
16,14,5.190759765719271
16,14,1.6500000000000001
16,14,1.6500000000000001
16,14,1.6500000000000001
16,14,1.6500000000000001
16,14,1.6500000000000001
16,14,1.6500000000000001
16,14,1.6500000000000001
16,14,4.0191398960671165
16,14,1.9306766806848152
16,14,1.6500000000000001
16,14,1.6500000000000001
16,14,1.6500000000000001
16,14,1.6500000000000001
16,14,1.6500000000000001
16,14,1.6500000000000001
16,14,1.6500000000000001
16,14,1.6500000000000001
16,14,2.6724407026486174
16,14,1.6500000000000001
16,14,1.6500000000000001
16,14,1.6500000000000001
16,14,1.6500000000000001
16,14,1.6500000000000001
16,14,1.6500000000000001
16,14,1.6500000000000001
16,14,1.6500000000000001
16,14,1.6500000000000001
16,14,4.753323284103624
16,14,1.6500000000000001
16,14,1.6500000000000001
16,14,1.6500000000000001
16,14,2.7455184011811626
16,14,1.6500000000000001
16,14,1.6500000000000001
16,14,1.6500000000000001
16,14,1.6500000000000001
16,14,1.6500000000000001
16,14,1.6500000000000001
16,14,3.0871560314837687
16,14,1.6500000000000001
16,14,1.6500000000000001
16,14,1.6500000000000001
16,14,1.6500000000000001
16,14,1.6500000000000001
16,14,2.1273494448933965
16,14,2.203776785630919
16,14,1.6500000000000001
16,14,1.6500000000000001
16,14,1.6500000000000001
16,14,1.6500000000000001
16,14,1.6500000000000001
16,14,1.6500000000000001
16,14,1.6500000000000001
16,14,1.6500000000000001
16,14,1.6500000000000001
16,13,1.6500000000000001
16,13,1.6500000000000001
16,13,2.2197911721926116
16,13,4.415052216607793
16,13,1.6500000000000001
16,13,1.6500000000000001
16,13,3.3424968347006194
16,13,1.6500000000000001
16,13,1.6500000000000001
16,13,1.6500000000000001
16,13,1.6500000000000001
16,13,1.6500000000000001
16,13,2.788344070077039
16,13,1.6500000000000001
16,13,1.6500000000000001
16,13,2.5125618328549173
16,13,1.6500000000000001
16,13,1.6500000000000001
16,13,1.6500000000000001
16,13,1.6500000000000001
16,13,1.6500000000000001
16,13,1.6500000000000001
16,13,1.6500000000000001
16,13,1.6500000000000001
16,13,2.754933696360552
16,13,1.6500000000000001
16,13,1.6500000000000001
16,13,1.6500000000000001
16,13,1.6500000000000001
16,13,1.6500000000000001
16,13,1.6500000000000001
16,13,1.6500000000000001
16,13,4.285492591786151
16,13,1.6500000000000001
16,13,1.6500000000000001
16,13,1.6500000000000001
16,13,1.6500000000000001
16,13,1.6500000000000001
16,13,1.6500000000000001
16,13,4.694132418011968
16,13,1.6500000000000001
16,13,1.6500000000000001
16,13,1.6500000000000001
16,13,1.8128770398921579
16,13,1.6500000000000001
16,13,1.6500000000000001
16,13,1.6500000000000001
16,13,1.6500000000000001
16,13,1.6500000000000001
16,13,1.6500000000000001
16,13,1.6500000000000001
16,13,1.6500000000000001
16,13,1.675522023083269
16,13,1.6500000000000001
16,13,1.6500000000000001
16,13,1.6500000000000001
16,13,1.6500000000000001
16,13,1.6500000000000001
16,13,1.6500000000000001
16,13,1.6500000000000001
16,13,2.9770959987944963
17,13,1.6500000000000001
17,13,1.6500000000000001
17,13,1.6500000000000001
17,13,1.6500000000000001
17,13,4.035876178751764
17,13,1.6500000000000001
17,13,1.6500000000000001
17,13,1.6500000000000001
17,13,1.6500000000000001
17,13,1.6500000000000001
17,13,1.6500000000000001
17,13,1.6500000000000001
17,13,3.4559589349123616
17,13,1.6500000000000001
17,13,1.6500000000000001
17,13,1.6500000000000001
17,13,1.6500000000000001
17,13,1.6500000000000001
17,13,1.6500000000000001
17,13,1.8571686591612555
17,13,1.6500000000000001
17,13,1.6500000000000001
17,13,1.6500000000000001
17,13,2.083781225659922
17,13,1.6500000000000001
17,13,1.6500000000000001
17,13,1.6500000000000001
17,13,1.6500000000000001
17,13,1.6500000000000001
17,13,4.354728520136583
17,13,1.6500000000000001
17,13,1.6500000000000001
17,13,1.6500000000000001
17,13,1.6500000000000001
17,13,3.053105398181293
17,13,1.6500000000000001
17,13,4.8326853312482365
17,13,1.6500000000000001
17,13,1.6500000000000001
17,13,1.6500000000000001
17,13,4.736007990265084
17,13,1.6500000000000001
17,13,1.6500000000000001
17,13,1.6500000000000001
17,13,1.6500000000000001
17,13,1.6500000000000001
17,13,1.8907342714691824
17,13,1.6500000000000001
17,13,3.2531215111930027
17,13,1.6500000000000001
17,13,1.6500000000000001
17,13,1.6500000000000001
17,13,1.6500000000000001
17,13,1.6500000000000001
17,13,1.6500000000000001
17,13,1.6500000000000001
17,13,4.736085131374411
17,13,1.6500000000000001
17,13,1.6500000000000001
17,13,2.6679245364894433
17,13,1.6500000000000001
17,13,3.2245434435380176
18,13,1.9189826436581514
18,13,1.6500000000000001
18,13,4.297952890469778
18,13,1.6500000000000001
18,13,1.6500000000000001
18,13,5.330466627905669
18,13,1.6500000000000001
18,13,1.6500000000000001
18,13,1.6500000000000001
18,13,1.6500000000000001
18,13,1.6500000000000001
18,13,1.6500000000000001
18,13,1.6500000000000001
18,13,1.6500000000000001
18,13,2.1832301959664706
18,13,1.6500000000000001
18,13,1.6500000000000001
18,13,1.6500000000000001
18,13,1.6500000000000001
18,13,1.6500000000000001
18,13,1.6500000000000001
18,13,1.6500000000000001
18,13,1.6500000000000001
18,13,1.6500000000000001
18,13,1.6500000000000001
18,13,1.6500000000000001
18,13,1.6500000000000001
18,13,1.6500000000000001
18,13,1.6500000000000001
18,13,5.422949189185882
18,13,1.6500000000000001
18,13,1.6500000000000001
18,13,1.6500000000000001
18,13,1.6500000000000001
18,13,1.6500000000000001
18,13,1.6500000000000001
18,13,1.6500000000000001
18,13,1.6500000000000001
18,13,1.6500000000000001
18,13,1.6500000000000001
18,13,1.6500000000000001
18,13,3.6123198304406428
18,13,1.6500000000000001
18,13,1.6500000000000001
18,13,1.6500000000000001
18,13,1.6500000000000001
18,13,4.072135012842329
18,13,1.6500000000000001
18,13,1.6500000000000001
18,13,1.6500000000000001
18,13,1.6500000000000001
18,13,1.6500000000000001
18,13,1.6500000000000001
18,13,1.6500000000000001
18,13,1.6500000000000001
18,13,1.6500000000000001
18,13,1.6500000000000001
18,13,1.6500000000000001
18,13,1.6500000000000001
18,13,1.6500000000000001
18,13,1.6500000000000001
19,13,1.6500000000000001
19,13,1.6500000000000001
19,13,1.6500000000000001
19,13,1.6500000000000001
19,13,1.6500000000000001
19,13,1.6500000000000001
19,13,1.6500000000000001
19,13,1.6500000000000001
19,13,1.6500000000000001
19,13,1.6500000000000001
19,13,1.6500000000000001
19,13,1.6500000000000001
19,13,1.6500000000000001
19,13,1.6500000000000001
19,13,1.6500000000000001
19,13,1.6500000000000001
19,13,1.6500000000000001
19,13,1.6500000000000001
19,13,1.6500000000000001
19,13,1.6500000000000001
19,13,1.6500000000000001
19,13,1.6500000000000001
19,13,1.6500000000000001
19,13,1.6500000000000001
19,13,1.6500000000000001
19,13,1.6500000000000001
19,13,1.6500000000000001
19,13,1.6500000000000001
19,13,1.6500000000000001
19,13,2.238810505309911
19,13,1.6500000000000001
19,13,3.749031949833089
19,13,3.49937319001432
19,13,1.6500000000000001
19,13,1.6500000000000001
19,13,3.8017734587955223
19,13,1.6500000000000001
19,13,3.717758063597552
19,13,1.690611928145381
19,13,1.6500000000000001
19,13,1.6500000000000001
19,13,1.6500000000000001
19,13,1.6500000000000001
19,13,1.6500000000000001
19,13,1.6500000000000001
19,13,1.6500000000000001
19,13,1.6500000000000001
19,13,1.6500000000000001
19,13,1.6500000000000001
19,13,1.6500000000000001
19,13,1.6500000000000001
19,13,1.6500000000000001
19,13,1.6500000000000001
19,13,1.6500000000000001
19,13,3.2807608493847873
19,13,1.6500000000000001
19,13,1.6500000000000001
19,13,1.6500000000000001
19,13,1.6500000000000001
19,13,1.6500000000000001
19,13,1.6500000000000001
19,13,1.6500000000000001
19,12,1.6500000000000001
19,12,1.6500000000000001
19,12,1.6500000000000001
19,12,2.8400854475782444
19,12,1.6500000000000001
19,12,1.6500000000000001
19,12,1.6500000000000001
19,12,2.8668466494901157
19,12,2.4123603981506743
19,12,1.6500000000000001
19,12,1.6500000000000001
19,12,1.6500000000000001
19,12,1.6500000000000001
19,12,2.1095148329636553
19,12,1.6500000000000001
19,12,2.1890640141075157
19,12,2.180147733102834
19,12,1.6500000000000001
19,12,1.6500000000000001
19,12,1.6500000000000001
19,12,1.6500000000000001
19,12,1.6500000000000001
19,12,2.1691653979653283
19,12,1.6500000000000001
19,12,1.6500000000000001
19,12,1.6500000000000001
19,12,1.6500000000000001
19,12,1.6500000000000001
19,12,1.6500000000000001
19,12,1.6500000000000001
19,12,1.6500000000000001
19,12,2.7201958040267193
19,12,3.2941573672768456
19,12,2.7325811290416206
19,12,1.6500000000000001
19,12,1.6500000000000001
19,12,1.9054722457188613
19,12,1.6500000000000001
19,12,1.6500000000000001
19,12,3.9172836585127095
19,12,1.6500000000000001
19,12,1.6500000000000001
19,12,1.6500000000000001
19,12,1.6500000000000001
19,12,2.010206056226271
19,12,1.6500000000000001
19,12,1.6500000000000001
19,12,1.6500000000000001
19,12,1.6500000000000001
19,12,3.507130145933469
19,12,1.6500000000000001
19,12,1.6500000000000001
19,12,1.6500000000000001
19,12,1.6500000000000001
19,12,1.6500000000000001
19,12,1.6500000000000001
19,12,1.6500000000000001
19,12,1.6500000000000001
19,12,1.6500000000000001
19,12,1.6500000000000001
19,12,1.6500000000000001
19,12,1.6500000000000001
20,12,3.8010308906783754
20,12,1.6500000000000001
20,12,1.6500000000000001
20,12,1.6500000000000001
20,12,4.085490660148276
20,12,1.6500000000000001
20,12,1.6500000000000001
20,12,1.6500000000000001
20,12,3.2127318365578406
20,12,1.6500000000000001
20,12,1.6500000000000001
20,12,1.6500000000000001
20,12,1.6500000000000001
20,12,1.6500000000000001
20,12,1.6500000000000001
20,12,3.1848889754561656
20,12,1.6500000000000001
20,12,1.6500000000000001
20,12,1.6500000000000001
20,12,1.6500000000000001
20,12,1.6500000000000001
20,12,1.6500000000000001
20,12,1.6500000000000001
20,12,1.6500000000000001
20,12,1.6500000000000001
20,12,1.6500000000000001
20,12,1.6500000000000001
20,12,1.6500000000000001
20,12,1.6500000000000001
20,12,1.6500000000000001
20,12,1.6500000000000001
20,12,1.6500000000000001
20,12,1.6500000000000001
20,12,1.6500000000000001
20,12,1.6500000000000001
20,12,1.6500000000000001
20,12,1.6500000000000001
20,12,1.6500000000000001
20,12,1.6500000000000001
20,12,1.6500000000000001
20,12,1.6500000000000001
20,12,1.6500000000000001
20,12,1.6500000000000001
20,12,1.6500000000000001
20,12,1.6500000000000001
20,12,1.6500000000000001
20,12,1.6500000000000001
20,12,1.6500000000000001
20,12,1.6500000000000001
20,12,3.473816120263076
20,12,1.6500000000000001
20,12,1.6500000000000001
20,12,1.6500000000000001
20,12,1.6500000000000001
20,12,7.064962867668448
20,12,1.6500000000000001
20,12,1.6500000000000001
20,12,1.6500000000000001
20,12,1.6500000000000001
20,12,1.6500000000000001
20,12,2.6495488021361755
20,13,2.3831077829365004
20,13,1.6500000000000001
20,13,1.6500000000000001
20,13,1.6500000000000001
20,13,1.6500000000000001
20,13,1.6500000000000001
20,13,1.6500000000000001
20,13,1.6500000000000001
20,13,1.6500000000000001
20,13,1.6500000000000001
20,13,1.6500000000000001
20,13,1.6500000000000001
20,13,1.6500000000000001
20,13,1.6500000000000001
20,13,1.6500000000000001
20,13,1.6500000000000001
20,13,5.688093406255402
20,13,1.6500000000000001
20,13,1.6500000000000001
20,13,1.6500000000000001
20,13,1.6500000000000001
20,13,1.6500000000000001
20,13,1.6500000000000001
20,13,1.6500000000000001
20,13,1.6500000000000001
20,13,1.6500000000000001
20,13,1.6500000000000001
20,13,1.6500000000000001
20,13,1.6500000000000001
20,13,1.6500000000000001
20,13,1.9070401602672664
20,13,1.6500000000000001
20,13,1.6500000000000001
20,13,2.1705192167209932
20,13,1.6500000000000001
20,13,1.6500000000000001
20,13,1.6500000000000001
20,13,1.6500000000000001
20,13,1.6500000000000001
20,13,1.6500000000000001
20,13,1.6500000000000001
20,13,1.6500000000000001
20,13,1.6500000000000001
20,13,1.6500000000000001
20,13,1.6500000000000001
20,13,1.6500000000000001
20,13,1.6500000000000001
20,13,1.832454730094689
20,13,1.6500000000000001
20,13,1.6970545258594538
20,13,1.6500000000000001
20,13,1.6500000000000001
20,13,1.6500000000000001
20,13,1.6500000000000001
20,13,1.6500000000000001
20,13,1.8128267215899876
20,13,1.6500000000000001
20,13,1.6500000000000001
20,13,1.6500000000000001
20,13,1.6500000000000001
20,13,1.6500000000000001
20,13,1.6500000000000001
19,13,1.6500000000000001
19,13,1.6500000000000001
19,13,1.6500000000000001
19,13,1.6500000000000001
19,13,1.6500000000000001
19,13,2.123916836064814
19,13,1.6500000000000001
19,13,1.6500000000000001
19,13,1.6500000000000001
19,13,1.6500000000000001
19,13,1.6500000000000001
19,13,1.6500000000000001
19,13,1.6500000000000001
19,13,1.6500000000000001
19,13,1.6500000000000001
19,13,3.696494607048632
19,13,1.6500000000000001
19,13,2.149245970327872
19,13,1.6500000000000001
19,13,1.6500000000000001
19,13,1.6500000000000001
19,13,1.6500000000000001
19,13,1.6500000000000001
19,13,1.6500000000000001
19,13,1.6500000000000001
19,13,1.6500000000000001
19,13,1.6500000000000001
19,13,1.6500000000000001
19,13,1.9848363934467073
19,13,1.6500000000000001
19,13,1.6500000000000001
19,13,2.854752260429712
19,13,1.6500000000000001
19,13,1.6500000000000001
19,13,1.6500000000000001
19,13,1.6500000000000001
19,13,1.6500000000000001
19,13,1.6500000000000001
19,13,1.6500000000000001
19,13,1.6500000000000001
19,13,5.233077796826349
19,13,1.7893071779175207
19,13,1.6500000000000001
19,13,1.6500000000000001
19,13,5.288625903571911
19,13,1.6500000000000001
19,13,1.6500000000000001
19,13,1.6500000000000001
19,13,1.6500000000000001
19,13,1.6500000000000001
19,13,1.6500000000000001
19,13,1.6500000000000001
19,13,1.6500000000000001
19,13,1.6500000000000001
19,13,1.6500000000000001
19,13,1.6500000000000001
19,13,1.6500000000000001
19,13,1.6500000000000001
19,13,1.6500000000000001
19,13,1.6500000000000001
19,13,1.6500000000000001
19,13,1.6500000000000001
19,12,1.6500000000000001
19,12,1.6500000000000001
19,12,3.7941303806155
19,12,1.6500000000000001
19,12,1.6500000000000001
19,12,4.548030138694714
19,12,1.6500000000000001
19,12,1.6500000000000001
19,12,1.6500000000000001
19,12,1.6500000000000001
19,12,1.6500000000000001
19,12,1.6500000000000001
19,12,2.3861507365568952
19,12,1.6500000000000001
19,12,1.6500000000000001
19,12,1.6500000000000001
19,12,1.6500000000000001
19,12,3.170095012779737
19,12,1.6500000000000001
19,12,3.3478366269298094
19,12,1.6500000000000001
19,12,1.6500000000000001
19,12,1.6500000000000001
19,12,1.6500000000000001
19,12,1.6500000000000001
19,12,1.6500000000000001
19,12,1.6500000000000001
19,12,1.6500000000000001
19,12,3.9976455374638116
19,12,1.964591585569122
19,12,1.6500000000000001
19,12,1.6500000000000001
19,12,1.6500000000000001
19,12,1.6500000000000001
19,12,1.6500000000000001
19,12,1.6500000000000001
19,12,1.6500000000000001
19,12,1.6500000000000001
19,12,2.63690748062359
19,12,1.6500000000000001
19,12,1.6500000000000001
19,12,1.6500000000000001
19,12,1.6500000000000001
19,12,1.6500000000000001
19,12,1.6500000000000001
19,12,1.7165013284936186
19,12,1.6500000000000001
19,12,1.6500000000000001
19,12,1.6500000000000001
19,12,1.6500000000000001
19,12,1.6500000000000001
19,12,1.6500000000000001
19,12,1.6500000000000001
19,12,1.6500000000000001
19,12,1.6500000000000001
19,12,1.6500000000000001
19,12,1.6500000000000001
19,12,1.6500000000000001
19,12,1.6500000000000001
19,12,1.6500000000000001
19,12,1.6500000000000001
19,11,1.6500000000000001
19,11,1.6500000000000001
19,11,1.6500000000000001
19,11,1.6500000000000001
19,11,1.6500000000000001
19,11,1.6500000000000001
19,11,3.466639290315384
19,11,1.6500000000000001
19,11,3.5343258302343683
19,11,1.86687523119482
19,11,1.6500000000000001
19,11,1.6500000000000001
19,11,1.6500000000000001
19,11,1.6500000000000001
19,11,1.6500000000000001
19,11,1.6500000000000001
19,11,1.6500000000000001
19,11,1.6500000000000001
19,11,1.6500000000000001
19,11,1.6500000000000001
19,11,1.6500000000000001
19,11,1.6500000000000001
19,11,1.6500000000000001
19,11,1.6500000000000001
19,11,1.6500000000000001
19,11,1.6500000000000001
19,11,1.6500000000000001
19,11,1.6500000000000001
19,11,1.6500000000000001
19,11,1.6500000000000001
19,11,1.9534411251271386
19,11,1.6500000000000001
19,11,1.6500000000000001
19,11,1.6500000000000001
19,11,1.6500000000000001
19,11,1.6500000000000001
19,11,1.6500000000000001
19,11,1.6500000000000001
19,11,1.6500000000000001
19,11,1.6500000000000001
19,11,1.6500000000000001
19,11,1.6500000000000001
19,11,1.6500000000000001
19,11,1.6500000000000001
19,11,1.6500000000000001
19,11,1.6500000000000001
19,11,1.6500000000000001
19,11,1.6500000000000001
19,11,1.6500000000000001
19,11,3.324696233094456
19,11,1.6500000000000001
19,11,1.6500000000000001
19,11,1.6500000000000001
19,11,1.6500000000000001
19,11,1.6500000000000001
19,11,1.6500000000000001
19,11,1.6500000000000001
19,11,1.6500000000000001
19,11,1.6500000000000001
19,11,1.6500000000000001
19,11,1.6500000000000001
19,11,1.6500000000000001
19,10,2.379731967942399
19,10,1.6500000000000001
19,10,1.6500000000000001
19,10,1.6500000000000001
19,10,1.6500000000000001
19,10,1.6500000000000001
19,10,1.6500000000000001
19,10,1.6500000000000001
19,10,2.1178309265989426
19,10,1.6500000000000001
19,10,1.6500000000000001
19,10,1.6500000000000001
19,10,1.6500000000000001
19,10,1.6500000000000001
19,10,1.6500000000000001
19,10,1.6500000000000001
19,10,3.9050323011411363
19,10,1.6500000000000001
19,10,1.6500000000000001
19,10,2.307347240720799
19,10,1.6500000000000001
19,10,1.6500000000000001
19,10,1.6500000000000001
19,10,1.6500000000000001
19,10,1.6500000000000001
19,10,1.6500000000000001
19,10,1.6500000000000001
19,10,1.6500000000000001
19,10,1.6500000000000001
19,10,1.6500000000000001
19,10,1.6500000000000001
19,10,1.6500000000000001
19,10,1.6500000000000001
19,10,1.6500000000000001
19,10,1.6500000000000001
19,10,1.6500000000000001
19,10,1.6500000000000001
19,10,1.6500000000000001
19,10,1.6500000000000001
19,10,1.6500000000000001
19,10,1.6500000000000001
19,10,1.6500000000000001
19,10,1.6500000000000001
19,10,1.6500000000000001
19,10,1.6500000000000001
19,10,1.6500000000000001
19,10,1.6500000000000001
19,10,1.75933159631153
19,10,1.6500000000000001
19,10,1.7690142389321424
19,10,1.6500000000000001
19,10,4.722659243531709
19,10,1.6500000000000001
19,10,1.6500000000000001
19,10,3.0585390612229304
19,10,1.6500000000000001
19,10,1.6500000000000001
19,10,1.6500000000000001
19,10,1.6500000000000001
19,10,1.6500000000000001
19,10,1.6500000000000001
19,9,1.6653063837133273
19,9,1.6500000000000001
19,9,1.6500000000000001
19,9,1.6500000000000001
19,9,1.6500000000000001
19,9,1.6500000000000001
19,9,1.6500000000000001
19,9,1.6500000000000001
19,9,2.7667115589831535
19,9,1.6500000000000001
19,9,1.6500000000000001
19,9,1.6500000000000001
19,9,1.6500000000000001
19,9,1.6500000000000001
19,9,1.6500000000000001
19,9,1.6500000000000001
19,9,1.6500000000000001
19,9,1.6500000000000001
19,9,1.6500000000000001
19,9,2.5047936130233013
19,9,1.6500000000000001
19,9,1.6500000000000001
19,9,1.6500000000000001
19,9,1.7377126235115035
19,9,1.6500000000000001
19,9,2.7274164256136886
19,9,1.6500000000000001
19,9,1.6500000000000001
19,9,1.6500000000000001
19,9,1.6500000000000001
19,9,1.6500000000000001
19,9,1.6500000000000001
19,9,1.6500000000000001
19,9,1.6500000000000001
19,9,1.6500000000000001
19,9,1.6500000000000001
19,9,1.6500000000000001
19,9,1.6500000000000001
19,9,1.6500000000000001
19,9,3.218156680703907
19,9,1.6500000000000001
19,9,1.6500000000000001
19,9,1.6500000000000001
19,9,1.6500000000000001
19,9,1.6500000000000001
19,9,4.413695226045736
19,9,1.6500000000000001
19,9,1.6500000000000001
19,9,1.6500000000000001
19,9,2.073278742934645
19,9,1.6500000000000001
19,9,2.83187992521595
19,9,5.300628567744729
19,9,1.6500000000000001
19,9,1.6500000000000001
19,9,2.0729076559843755
19,9,1.6500000000000001
19,9,1.6500000000000001
19,9,1.6500000000000001
19,9,1.6500000000000001
19,9,2.2512857511315953
19,9,1.6500000000000001
19,10,1.6500000000000001
19,10,1.7809268003872276
19,10,1.6500000000000001
19,10,1.6500000000000001
19,10,1.6500000000000001
19,10,1.6500000000000001
19,10,1.6500000000000001
19,10,1.7050212856187952
19,10,1.6500000000000001
19,10,1.6500000000000001
19,10,1.6500000000000001
19,10,1.6500000000000001
19,10,5.046114529854751
19,10,1.6500000000000001
19,10,1.6500000000000001
19,10,1.6500000000000001
19,10,1.6500000000000001
19,10,1.6500000000000001
19,10,1.6500000000000001
19,10,3.8169709555284914
19,10,1.6500000000000001
19,10,3.254363154985562
19,10,1.6500000000000001
19,10,1.6500000000000001
19,10,1.6500000000000001
19,10,1.6500000000000001
19,10,1.6500000000000001
19,10,1.6500000000000001
19,10,1.6500000000000001
19,10,1.7853928671052892
19,10,1.6500000000000001
19,10,1.6500000000000001
19,10,1.6500000000000001
19,10,2.1415460646310014
19,10,1.6850094414044094
19,10,1.6500000000000001
19,10,1.6500000000000001
19,10,1.6500000000000001
19,10,1.6500000000000001
19,10,2.3012471693943697
19,10,1.6500000000000001
19,10,1.6500000000000001
19,10,1.6500000000000001
19,10,1.6500000000000001
19,10,1.6500000000000001
19,10,1.6500000000000001
19,10,1.6500000000000001
19,10,1.6500000000000001
19,10,2.3567692196484775
19,10,1.6500000000000001
19,10,4.786399576960214
19,10,2.4873570870569424
19,10,1.6500000000000001
19,10,3.817822022991048
19,10,1.6500000000000001
19,10,1.6500000000000001
19,10,1.6500000000000001
19,10,1.6500000000000001
19,10,1.6500000000000001
19,10,1.6500000000000001
19,10,1.6500000000000001
19,10,1.6500000000000001
19,9,1.6500000000000001
19,9,2.584901639206139
19,9,1.6500000000000001
19,9,8.513626085136096
19,9,1.6500000000000001
19,9,1.6500000000000001
19,9,1.6500000000000001
19,9,1.6500000000000001
19,9,1.6500000000000001
19,9,1.6500000000000001
19,9,1.6500000000000001
19,9,1.6500000000000001
19,9,2.0258931366437656
19,9,1.6500000000000001
19,9,1.6500000000000001
19,9,1.6500000000000001
19,9,1.6500000000000001
19,9,3.8675972440868183
19,9,1.6500000000000001
19,9,1.6500000000000001
19,9,1.6500000000000001
19,9,1.6500000000000001
19,9,1.6500000000000001
19,9,1.6500000000000001
19,9,2.7451291024416817
19,9,2.3310564460300527
19,9,1.6500000000000001
19,9,1.6500000000000001
19,9,1.6500000000000001
19,9,1.6500000000000001
19,9,1.6500000000000001
19,9,1.6500000000000001
19,9,1.6500000000000001
19,9,1.6500000000000001
19,9,1.6500000000000001
19,9,1.6500000000000001
19,9,1.6500000000000001
19,9,1.6500000000000001
19,9,1.6500000000000001
19,9,1.6500000000000001
19,9,1.6500000000000001
19,9,1.792668142630001
19,9,3.4507292765836866
19,9,1.6500000000000001
19,9,1.6500000000000001
19,9,1.6500000000000001
19,9,1.7578681974743748
19,9,1.6500000000000001
19,9,1.6500000000000001
19,9,1.6500000000000001
19,9,1.6500000000000001
19,9,1.6500000000000001
19,9,6.188921689463777
19,9,1.6500000000000001
19,9,1.6500000000000001
19,9,1.6500000000000001
19,9,1.6500000000000001
19,9,1.6500000000000001
19,9,1.6500000000000001
19,9,1.6500000000000001
19,9,1.6500000000000001
19,10,1.6500000000000001
19,10,1.6500000000000001
19,10,3.280943321269657
19,10,1.6500000000000001
19,10,1.6500000000000001
19,10,1.6500000000000001
19,10,1.6500000000000001
19,10,1.6500000000000001
19,10,1.6500000000000001
19,10,1.6500000000000001
19,10,1.6500000000000001
19,10,1.6500000000000001
19,10,1.6500000000000001
19,10,1.6500000000000001
19,10,1.6500000000000001
19,10,1.6500000000000001
19,10,1.6500000000000001
19,10,1.6500000000000001
19,10,1.6500000000000001
19,10,1.6500000000000001
19,10,1.6500000000000001
19,10,1.6500000000000001
19,10,1.6500000000000001
19,10,1.6500000000000001
19,10,2.799029098456818
19,10,1.6500000000000001
19,10,1.6500000000000001
19,10,1.6500000000000001
19,10,1.6500000000000001
19,10,1.6500000000000001
19,10,1.6500000000000001
19,10,1.6500000000000001
19,10,1.6500000000000001
19,10,1.6500000000000001
19,10,1.6500000000000001
19,10,1.6500000000000001
19,10,2.5303645848914798
19,10,3.772266315755049
19,10,1.6500000000000001
19,10,1.6500000000000001
19,10,1.6500000000000001
19,10,1.6500000000000001
19,10,1.6500000000000001
19,10,1.6500000000000001
19,10,1.6500000000000001
19,10,1.6500000000000001
19,10,1.6500000000000001
19,10,1.6500000000000001
19,10,1.6500000000000001
19,10,1.6500000000000001
19,10,1.6500000000000001
19,10,3.0377017791058805
19,10,1.6500000000000001
19,10,1.6500000000000001
19,10,2.2524970370615103
19,10,1.6500000000000001
19,10,1.6500000000000001
19,10,1.6500000000000001
19,10,1.6500000000000001
19,10,1.6500000000000001
19,10,1.6500000000000001
19,10,1.6500000000000001
19,9,1.6500000000000001
19,9,1.6500000000000001
19,9,1.6500000000000001
19,9,1.6500000000000001
19,9,1.6500000000000001
19,9,1.6500000000000001
19,9,1.6500000000000001
19,9,1.6500000000000001
19,9,2.875787620059757
19,9,2.9241213780516615
19,9,1.6500000000000001
19,9,1.6500000000000001
19,9,1.6500000000000001
19,9,1.6500000000000001
19,9,1.6500000000000001
19,9,1.6500000000000001
19,9,1.6500000000000001
19,9,1.6500000000000001
19,9,1.6500000000000001
19,9,1.6500000000000001
19,9,1.6500000000000001
19,9,1.6500000000000001
19,9,1.6500000000000001
19,9,2.065656102285342
19,9,1.8258756086983978
19,9,1.6500000000000001
19,9,1.6500000000000001
19,9,3.1365936292582144
19,9,1.6500000000000001
19,9,1.6500000000000001
19,9,1.6500000000000001
19,9,1.6500000000000001
19,9,1.6500000000000001
19,9,1.6500000000000001
19,9,1.8228243142510405
19,9,1.6500000000000001
19,9,1.6500000000000001
19,9,1.6500000000000001
19,9,1.6500000000000001
19,9,3.569144802448322
19,9,1.6500000000000001
19,9,1.6500000000000001
19,9,1.6500000000000001
19,9,1.6500000000000001
19,9,1.6500000000000001
19,9,1.6500000000000001
19,9,1.6500000000000001
19,9,1.6500000000000001
19,9,1.6500000000000001
19,9,1.6500000000000001
19,9,1.6500000000000001
19,9,2.418631431249759
19,9,1.6500000000000001
19,9,1.8539110114262263
19,9,5.900430901739339
19,9,1.6500000000000001
19,9,1.6500000000000001
19,9,1.6500000000000001
19,9,1.6500000000000001
19,9,1.6500000000000001
19,9,1.6500000000000001
19,8,1.6500000000000001
19,8,1.6500000000000001
19,8,1.6500000000000001
19,8,1.6500000000000001
19,8,1.6500000000000001
19,8,4.816700028961087
19,8,1.6500000000000001
19,8,1.6500000000000001
19,8,1.6500000000000001
19,8,3.5825310197996307
19,8,4.072612866406275
19,8,1.6500000000000001
19,8,1.6500000000000001
19,8,1.6500000000000001
19,8,6.798107637251296
19,8,2.495212316890334
19,8,1.6500000000000001
19,8,4.406831876808515
19,8,5.450743698789389
19,8,1.6500000000000001
19,8,1.6500000000000001
19,8,1.6500000000000001
19,8,1.6500000000000001
19,8,1.6500000000000001
19,8,1.6500000000000001
19,8,1.6500000000000001
19,8,1.6500000000000001
19,8,1.6500000000000001
19,8,1.6500000000000001
19,8,1.6500000000000001
19,8,1.6500000000000001
19,8,1.6500000000000001
19,8,3.260894682546781
19,8,1.710873757601525
19,8,1.6500000000000001
19,8,3.7839856378737284
19,8,1.6500000000000001
19,8,1.6500000000000001
19,8,1.6500000000000001
19,8,1.6500000000000001
19,8,1.6500000000000001
19,8,1.6500000000000001
19,8,1.6500000000000001
19,8,3.545671728524474
19,8,1.6500000000000001
19,8,3.9834521547849455
19,8,3.202696683138803
19,8,1.6500000000000001
19,8,1.6500000000000001
19,8,2.3400056793605857
19,8,1.6500000000000001
19,8,1.6500000000000001
19,8,2.089549624410657
19,8,3.5388405835756327
19,8,1.6500000000000001
19,8,1.6500000000000001
19,8,3.3842972310281043
19,8,1.6500000000000001
19,8,1.6500000000000001
19,8,1.6500000000000001
19,8,1.6500000000000001
19,8,1.6500000000000001
19,7,1.6500000000000001
19,7,1.6500000000000001
19,7,1.6500000000000001
19,7,1.6500000000000001
19,7,1.6500000000000001
19,7,2.0235999265208022
19,7,1.6500000000000001
19,7,2.8242541547577615
19,7,1.6500000000000001
19,7,1.6500000000000001
19,7,1.6500000000000001
19,7,2.6792744059864377
19,7,3.4785777969554297
19,7,1.6500000000000001
19,7,1.6500000000000001
19,7,1.904332988546665
19,7,2.569287649688185
19,7,1.6500000000000001
19,7,1.6500000000000001
19,7,1.6500000000000001
19,7,1.6500000000000001
19,7,1.6500000000000001
19,7,1.6500000000000001
19,7,1.6500000000000001
19,7,1.6500000000000001
19,7,1.6500000000000001
19,7,1.6500000000000001
19,7,1.6500000000000001
19,7,1.6500000000000001
19,7,1.6500000000000001
19,7,1.6500000000000001
19,7,1.6500000000000001
19,7,2.6245829789167714
19,7,1.6500000000000001
19,7,1.6500000000000001
19,7,1.6500000000000001
19,7,1.6500000000000001
19,7,1.6500000000000001
19,7,1.6500000000000001
19,7,2.9228987240209565
19,7,3.1018454855769226
19,7,4.15193662352847
19,7,2.882116840623511
19,7,7.383413931674243
19,7,1.6500000000000001
19,7,1.6500000000000001
19,7,1.6500000000000001
19,7,1.6500000000000001
19,7,1.6500000000000001
19,7,1.6500000000000001
19,7,1.6500000000000001
19,7,2.1380517244137183
19,7,2.9467302892826903
19,7,1.6500000000000001
19,7,1.6500000000000001
19,7,1.6500000000000001
19,7,2.283679179824068
19,7,1.6500000000000001
19,7,3.124499941523905
19,7,1.6500000000000001
19,7,1.6500000000000001
19,7,5.26494892228724
19,6,1.6500000000000001
19,6,1.6500000000000001
19,6,1.6500000000000001
19,6,1.6500000000000001
19,6,1.6500000000000001
19,6,1.6500000000000001
19,6,1.6500000000000001
19,6,1.6500000000000001
19,6,2.810031145026728
19,6,1.6500000000000001
19,6,2.2329336934510375
19,6,1.6500000000000001
19,6,1.6500000000000001
19,6,1.6500000000000001
19,6,1.6500000000000001
19,6,1.6500000000000001
19,6,3.6102985555354437
19,6,1.6500000000000001
19,6,1.6500000000000001
19,6,1.6500000000000001
19,6,4.605956873267097
19,6,1.6500000000000001
19,6,5.203243030792197
19,6,1.6500000000000001
19,6,1.6500000000000001
19,6,4.202852195679397
19,6,1.6500000000000001
19,6,1.6500000000000001
19,6,1.6500000000000001
19,6,1.6500000000000001
19,6,1.6500000000000001
19,6,2.0982797393181754
19,6,1.6500000000000001
19,6,1.6500000000000001
19,6,1.6500000000000001
19,6,1.6500000000000001
19,6,2.409513685374994
19,6,1.6500000000000001
19,6,6.395032772791817
19,6,1.6500000000000001
19,6,1.6500000000000001
19,6,1.6500000000000001
19,6,1.6500000000000001
19,6,1.6500000000000001
19,6,1.6500000000000001
19,6,1.6500000000000001
19,6,1.6500000000000001
19,6,1.6500000000000001
19,6,3.0041384803025135
19,6,5.771373728095313
19,6,1.6500000000000001
19,6,1.7129754376490804
19,6,1.6500000000000001
19,6,1.6500000000000001
19,6,4.543020173267298
19,6,1.6500000000000001
19,6,1.6500000000000001
19,6,1.6500000000000001
19,6,1.6500000000000001
19,6,1.6500000000000001
19,6,1.6500000000000001
19,5,1.6500000000000001
19,5,2.014108903420586
19,5,1.6500000000000001
19,5,1.6500000000000001
19,5,1.6500000000000001
19,5,6.1509162181351025
19,5,1.6500000000000001
19,5,1.6500000000000001
19,5,1.6500000000000001
19,5,2.490847753819302
19,5,1.6500000000000001
19,5,1.7135951656969062
19,5,1.6500000000000001
19,5,1.6500000000000001
19,5,1.6500000000000001
19,5,1.6500000000000001
19,5,1.6500000000000001
19,5,1.6500000000000001
19,5,1.6500000000000001
19,5,1.6500000000000001
19,5,1.6500000000000001
19,5,1.6500000000000001
19,5,1.6500000000000001
19,5,1.6500000000000001
19,5,1.6500000000000001
19,5,1.6500000000000001
19,5,1.6500000000000001
19,5,1.6500000000000001
19,5,4.332432158642048
19,5,1.6500000000000001
19,5,1.6500000000000001
19,5,1.6500000000000001
19,5,2.6720713350184577
19,5,1.8411490997158064
19,5,1.6500000000000001
19,5,1.6500000000000001
19,5,1.6500000000000001
19,5,1.6500000000000001
19,5,1.6500000000000001
19,5,3.3778977781554094
19,5,3.32732700552257
19,5,1.6500000000000001
19,5,2.421958361322385
19,5,1.6500000000000001
19,5,1.6500000000000001
19,5,6.516678114830132
19,5,4.429907791953807
19,5,1.6500000000000001
19,5,1.6500000000000001
19,5,1.6500000000000001
19,5,3.0955952824511574
19,5,1.6500000000000001
19,5,1.6500000000000001
19,5,1.6500000000000001
19,5,1.6500000000000001
19,5,1.6500000000000001
19,5,1.6500000000000001
19,5,1.6500000000000001
19,5,1.6500000000000001
19,5,1.6500000000000001
19,5,4.057145984442792
19,5,1.6500000000000001
19,4,1.6500000000000001
19,4,2.0308384236873347
19,4,1.6500000000000001
19,4,1.6500000000000001
19,4,1.6500000000000001
19,4,3.1755007561621427
19,4,1.6500000000000001
19,4,1.6500000000000001
19,4,1.6500000000000001
19,4,1.6500000000000001
19,4,1.6500000000000001
19,4,1.6500000000000001
19,4,1.6500000000000001
19,4,1.6500000000000001
19,4,1.6500000000000001
19,4,1.6500000000000001
19,4,1.6500000000000001
19,4,1.8445557437808753
19,4,1.6500000000000001
19,4,1.6500000000000001
19,4,1.6500000000000001
19,4,1.6500000000000001
19,4,2.1149688600998893
19,4,1.6500000000000001
19,4,1.6500000000000001
19,4,1.6500000000000001
19,4,1.6500000000000001
19,4,1.6500000000000001
19,4,1.6500000000000001
19,4,1.9943513695229074
19,4,1.6500000000000001
19,4,2.016528938931851
19,4,3.463731037514928
19,4,2.7194439461391466
19,4,1.6500000000000001
19,4,1.6500000000000001
19,4,2.041475470072097
19,4,1.6500000000000001
19,4,2.958178817519325
19,4,1.6500000000000001
19,4,1.6500000000000001
19,4,2.020832252477798
19,4,1.6500000000000001
19,4,2.6799782894038384
19,4,1.6500000000000001
19,4,2.1745046342097227
19,4,1.6500000000000001
19,4,1.6500000000000001
19,4,1.6500000000000001
19,4,1.6500000000000001
19,4,1.6500000000000001
19,4,1.6500000000000001
19,4,1.6500000000000001
19,4,1.6500000000000001
19,4,1.6500000000000001
19,4,1.6500000000000001
19,4,1.6500000000000001
19,4,2.4481482971921564
19,4,1.6500000000000001
19,4,1.6500000000000001
19,4,1.6500000000000001
19,3,1.6500000000000001
19,3,1.6500000000000001
19,3,1.6500000000000001
19,3,3.9105539637231335
19,3,1.6500000000000001
19,3,1.6500000000000001
19,3,1.6500000000000001
19,3,1.6500000000000001
19,3,1.6500000000000001
19,3,1.6500000000000001
19,3,1.6500000000000001
19,3,1.6500000000000001
19,3,2.8439398155676496
19,3,1.6500000000000001
19,3,9.16274652182923
19,3,1.6500000000000001
19,3,1.6500000000000001
19,3,4.818781428085347
19,3,4.176579332138581
19,3,1.6500000000000001
19,3,1.9687293985021777
19,3,3.6148330066102297
19,3,1.6500000000000001
19,3,1.6500000000000001
19,3,3.300812858814515
19,3,1.6500000000000001
19,3,1.6500000000000001
19,3,1.6500000000000001
19,3,1.6500000000000001
19,3,1.6500000000000001
19,3,1.6500000000000001
19,3,1.6500000000000001
19,3,1.6500000000000001
19,3,3.0151107295214987
19,3,1.6500000000000001
19,3,1.6500000000000001
19,3,1.6500000000000001
19,3,1.6500000000000001
19,3,1.6500000000000001
19,3,1.6500000000000001
19,3,1.6500000000000001
19,3,1.6500000000000001
19,3,1.6500000000000001
19,3,2.289790942038682
19,3,1.6500000000000001
19,3,1.6500000000000001
19,3,3.4172079996988347
19,3,1.6500000000000001
19,3,2.0009332533628745
19,3,1.6500000000000001
19,3,1.6500000000000001
19,3,1.6500000000000001
19,3,1.6500000000000001
19,3,1.6500000000000001
19,3,1.6500000000000001
19,3,1.6500000000000001
19,3,3.0356233769754533
19,3,2.85757207647036
19,3,1.6500000000000001
19,3,3.353899433156489
19,3,1.6500000000000001
19,3,1.6500000000000001
19,2,1.6500000000000001
19,2,3.8806403180234543
19,2,1.6500000000000001
19,2,1.6500000000000001
19,2,1.6500000000000001
19,2,4.493764021915898
19,2,7.630370100154799
19,2,1.6500000000000001
19,2,9.96935843001351
19,2,1.6500000000000001
19,2,1.6500000000000001
19,2,1.6500000000000001
19,2,1.6500000000000001
19,2,2.383903343877647
19,2,1.6500000000000001
19,2,1.6500000000000001
19,2,1.6500000000000001
19,2,1.6500000000000001
19,2,1.6500000000000001
19,2,1.6500000000000001
19,2,1.6500000000000001
19,2,1.6500000000000001
19,2,1.6500000000000001
19,2,1.6500000000000001
19,2,2.0838281622610464
19,2,1.6500000000000001
19,2,1.6500000000000001
19,2,1.6500000000000001
19,2,1.6500000000000001
19,2,1.6500000000000001
19,2,1.6500000000000001
19,2,1.6500000000000001
19,2,1.6500000000000001
19,2,1.6500000000000001
19,2,1.911898261229548
19,2,1.6500000000000001
19,2,1.6500000000000001
19,2,1.6500000000000001
19,2,1.6500000000000001
19,2,2.737711350048411
19,2,1.6500000000000001
19,2,1.6500000000000001
19,2,1.6500000000000001
19,2,1.775517167840741
19,2,1.6500000000000001
19,2,1.6500000000000001
19,2,1.6500000000000001
19,2,1.6500000000000001
19,2,1.6500000000000001
19,2,4.569061846558505
19,2,1.6500000000000001
19,2,2.426793349467442
19,2,1.6500000000000001
19,2,1.6500000000000001
19,2,1.6500000000000001
19,2,1.6500000000000001
19,2,1.6500000000000001
19,2,1.6500000000000001
19,2,1.6500000000000001
19,2,1.6500000000000001
19,2,1.6500000000000001
19,2,3.0263908524952225
19,1,1.6500000000000001
19,1,5.281153189425498
19,1,1.6500000000000001
19,1,1.6500000000000001
19,1,1.6500000000000001
19,1,1.6500000000000001
19,1,1.6500000000000001
19,1,1.6500000000000001
19,1,1.8233069663570523
19,1,1.6500000000000001
19,1,1.6500000000000001
19,1,1.6500000000000001
19,1,1.9487940549763376
19,1,2.1255447701616497
19,1,4.146669989282835
19,1,1.6500000000000001
19,1,1.6500000000000001
19,1,1.6500000000000001
19,1,1.6812106983743242
19,1,1.6500000000000001
19,1,1.6500000000000001
19,1,3.3778637425323517
19,1,1.6500000000000001
19,1,1.6500000000000001
19,1,6.234271060652387
19,1,1.8492297910260032
19,1,1.6500000000000001
19,1,1.6500000000000001
19,1,1.6500000000000001
19,1,1.6500000000000001
19,1,1.6500000000000001
19,1,2.616614785732409
19,1,4.149581973347524
19,1,1.6500000000000001
19,1,1.6500000000000001
19,1,4.387855426171799
19,1,1.775681920885738
19,1,1.6500000000000001
19,1,1.6500000000000001
19,1,1.6500000000000001
19,1,1.6500000000000001
19,1,1.6500000000000001
19,1,1.6500000000000001
19,1,1.6500000000000001
19,1,3.063488211273318
19,1,1.6500000000000001
19,1,1.8946031141870046
19,1,1.6500000000000001
19,1,1.6500000000000001
19,1,1.6500000000000001
19,1,1.6500000000000001
19,1,1.6500000000000001
19,1,1.6500000000000001
19,1,1.6500000000000001
19,1,1.6500000000000001
19,1,1.6500000000000001
19,1,1.6500000000000001
19,1,2.2274445836285834
19,1,1.6500000000000001
19,1,1.6500000000000001
19,1,1.6500000000000001
20,1,1.6500000000000001
20,1,1.6500000000000001
20,1,1.6500000000000001
20,1,1.6500000000000001
20,1,1.6500000000000001
20,1,1.6500000000000001
20,1,1.6500000000000001
20,1,1.6500000000000001
20,1,2.998533237353554
20,1,1.6500000000000001
20,1,1.6500000000000001
20,1,1.6500000000000001
20,1,1.6500000000000001
20,1,1.6500000000000001
20,1,1.94391572636099
20,1,1.6500000000000001
20,1,1.6500000000000001
20,1,1.6500000000000001
20,1,1.6500000000000001
20,1,1.6500000000000001
20,1,3.785908537789144
20,1,3.803725172337808
20,1,1.6500000000000001
20,1,1.6500000000000001
20,1,3.1527520834149927
20,1,3.098731789374244
20,1,1.6500000000000001
20,1,1.6500000000000001
20,1,1.6500000000000001
20,1,1.6500000000000001
20,1,1.6500000000000001
20,1,4.851761454357097
20,1,1.6500000000000001
20,1,1.6500000000000001
20,1,1.6500000000000001
20,1,1.6500000000000001
20,1,1.6500000000000001
20,1,1.6500000000000001
20,1,1.6500000000000001
20,1,1.6500000000000001
20,1,1.6500000000000001
20,1,1.6500000000000001
20,1,1.6500000000000001
20,1,1.6500000000000001
20,1,1.6500000000000001
20,1,1.6500000000000001
20,1,1.6500000000000001
20,1,1.6500000000000001
20,1,1.6500000000000001
20,1,6.347549454485569
20,1,3.4078749524450664
20,1,1.6500000000000001
20,1,1.6500000000000001
20,1,1.6500000000000001
20,1,1.6500000000000001
20,1,1.6500000000000001
20,1,5.329854635427153
20,1,1.6500000000000001
20,1,1.6500000000000001
20,1,1.6500000000000001
20,1,1.6500000000000001
20,1,5.370781964790609
19,1,1.6500000000000001
19,1,5.867164651482354
19,1,2.4379495109726306
19,1,1.6500000000000001
19,1,1.6500000000000001
19,1,1.6500000000000001
19,1,4.280579799180248
19,1,1.6500000000000001
19,1,1.6500000000000001
19,1,1.6500000000000001
19,1,4.06519535958191
19,1,1.6500000000000001
19,1,1.946999683068984
19,1,1.6500000000000001
19,1,2.2552413000391236
19,1,3.267507025229112
19,1,1.6500000000000001
19,1,1.6500000000000001
19,1,1.6500000000000001
19,1,1.6500000000000001
19,1,1.6500000000000001
19,1,1.6500000000000001
19,1,1.6500000000000001
19,1,1.6500000000000001
19,1,2.6878067929284604
19,1,3.3963322254552337
19,1,1.6500000000000001
19,1,1.9836708644047083
19,1,1.6500000000000001
19,1,1.6500000000000001
19,1,1.6500000000000001
19,1,2.3228433824909844
19,1,1.6500000000000001
19,1,3.209118210873919
19,1,6.009495329147683
19,1,1.6500000000000001
19,1,1.6500000000000001
19,1,1.6500000000000001
19,1,2.315059800498944
19,1,5.006073202610595
19,1,1.6500000000000001
19,1,2.1787719919684383
19,1,1.6500000000000001
19,1,1.6500000000000001
19,1,1.6500000000000001
19,1,2.4206736340404595
19,1,1.6500000000000001
19,1,1.6500000000000001
19,1,1.6500000000000001
19,1,6.461003702522375
19,1,1.6500000000000001
19,1,1.6500000000000001
19,1,1.6500000000000001
19,1,1.6500000000000001
19,1,1.6500000000000001
19,1,2.8296127354342673
19,1,1.6500000000000001
19,1,1.6500000000000001
19,1,3.5195482133101175
19,1,1.6500000000000001
19,1,1.6500000000000001
19,0,4.353541699610801
19,0,1.6500000000000001
19,0,1.6500000000000001
19,0,1.6500000000000001
19,0,2.0302358315198425
19,0,1.6500000000000001
19,0,1.6500000000000001
19,0,1.6500000000000001
19,0,2.6197480645003157
19,0,2.5029133529723993
19,0,1.8648173219135482
19,0,3.9505610821814496
19,0,1.6500000000000001
19,0,1.6500000000000001
19,0,1.6500000000000001
19,0,1.6500000000000001
19,0,1.6500000000000001
19,0,2.44243445767697
19,0,1.6500000000000001
19,0,1.6500000000000001
19,0,1.6500000000000001
19,0,1.6500000000000001
19,0,1.6500000000000001
19,0,1.6500000000000001
19,0,2.7581358222542742
19,0,3.0427730850441685
19,0,1.6500000000000001
19,0,2.3841460010715436
19,0,1.6500000000000001
19,0,1.6500000000000001
19,0,1.7943827031545712
19,0,1.6500000000000001
19,0,1.6500000000000001
19,0,1.6500000000000001
19,0,1.6500000000000001
19,0,1.6500000000000001
19,0,3.589511271101064
19,0,1.6500000000000001
19,0,5.340934687827048
19,0,1.6500000000000001
19,0,1.6500000000000001
19,0,1.6500000000000001
19,0,1.6500000000000001
19,0,1.6500000000000001
19,0,2.0688055305282154
19,0,1.6500000000000001
19,0,2.0482265364508425
19,0,1.6500000000000001
19,0,1.6500000000000001
19,0,5.853004226208511
19,0,1.6500000000000001
19,0,1.6500000000000001
19,0,3.2947490283848335
19,0,1.6500000000000001
19,0,1.6500000000000001
19,0,1.6500000000000001
19,0,3.2092380497943553
19,0,1.6500000000000001
19,0,1.6500000000000001
19,0,1.7118355396483966
19,0,1.6500000000000001
19,0,1.6500000000000001
18,0,1.6500000000000001
18,0,1.6500000000000001
18,0,1.6500000000000001
18,0,1.749570863084643
18,0,1.6500000000000001
18,0,1.6500000000000001
18,0,4.181135299842078
18,0,1.6500000000000001
18,0,1.6500000000000001
18,0,1.6500000000000001
18,0,1.95381972627657
18,0,1.6500000000000001
18,0,1.6500000000000001
18,0,5.177639968044426
18,0,2.7120604093536005
18,0,3.0762370839979236
18,0,1.6500000000000001
18,0,1.671841264522146
18,0,1.6500000000000001
18,0,5.276482728950454
18,0,1.6500000000000001
18,0,3.2757126298691426
18,0,1.6500000000000001
18,0,1.6500000000000001
18,0,2.717933686648819
18,0,1.6500000000000001
18,0,2.0992642853165577
18,0,3.1779617373882036
18,0,1.6500000000000001
18,0,1.6500000000000001
18,0,1.6500000000000001
18,0,1.6500000000000001
18,0,6.172857743888797
18,0,1.6500000000000001
18,0,1.7966605447654866
18,0,1.6500000000000001
18,0,1.6500000000000001
18,0,1.6500000000000001
18,0,1.6500000000000001
18,0,1.6500000000000001
18,0,3.489602119170715
18,0,1.6500000000000001
18,0,1.6500000000000001
18,0,1.6500000000000001
18,0,5.752848583643465
18,0,1.6500000000000001
18,0,1.6500000000000001
18,0,4.148835071859915
18,0,2.1508303138844864
18,0,1.6500000000000001
18,0,2.45762455542494
18,0,1.6500000000000001
18,0,1.6500000000000001
18,0,1.6500000000000001
18,0,1.6500000000000001
18,0,1.6500000000000001
18,0,1.6500000000000001
18,0,1.6500000000000001
18,0,1.6500000000000001
18,0,1.6500000000000001
18,0,1.6500000000000001
18,0,1.6500000000000001
17,0,1.6500000000000001
17,0,1.6500000000000001
17,0,1.6500000000000001
17,0,1.6500000000000001
17,0,1.6500000000000001
17,0,1.7085924732818094
17,0,3.503435367697851
17,0,6.147025156652955
17,0,1.6500000000000001
17,0,1.6500000000000001
17,0,1.6500000000000001
17,0,3.8305765070718776
17,0,1.6500000000000001
17,0,1.6500000000000001
17,0,1.6500000000000001
17,0,1.6500000000000001
17,0,1.8271615466802227
17,0,1.6500000000000001
17,0,1.6500000000000001
17,0,5.420192486852515
17,0,1.6500000000000001
17,0,1.6500000000000001
17,0,1.6500000000000001
17,0,1.6782119523684456
17,0,2.485657598534986
17,0,3.045352887616975
17,0,1.6500000000000001
17,0,1.848915222225364
17,0,1.6500000000000001
17,0,1.6500000000000001
17,0,1.6500000000000001
17,0,3.3085536623834186
17,0,1.6500000000000001
17,0,1.6500000000000001
17,0,1.6500000000000001
17,0,1.6500000000000001
17,0,1.6500000000000001
17,0,1.6500000000000001
17,0,2.8706185097789225
17,0,2.0389840517394573
17,0,1.6500000000000001
17,0,1.6500000000000001
17,0,1.6500000000000001
17,0,2.567931971526267
17,0,1.6500000000000001
17,0,1.6500000000000001
17,0,1.6500000000000001
17,0,1.6500000000000001
17,0,5.680675319659875
17,0,1.6500000000000001
17,0,2.213570870748197
17,0,3.9372990893806987
17,0,4.324108392758143
17,0,3.1099831823645783
17,0,2.9757804205862946
17,0,1.6500000000000001
17,0,1.6500000000000001
17,0,3.3356452889997024
17,0,3.7174829305190347
17,0,1.6500000000000001
17,0,5.191378640677023
16,0,1.6500000000000001
16,0,1.6500000000000001
16,0,1.6500000000000001
16,0,2.514170307454836
16,0,1.6500000000000001
16,0,1.6500000000000001
16,0,1.6500000000000001
16,0,1.6500000000000001
16,0,1.6500000000000001
16,0,1.6500000000000001
16,0,1.6500000000000001
16,0,1.6500000000000001
16,0,1.6500000000000001
16,0,1.6500000000000001
16,0,1.6500000000000001
16,0,1.6500000000000001
16,0,1.9361274214557391
16,0,1.6500000000000001
16,0,2.5641951932737554
16,0,1.6500000000000001
16,0,1.8445656134731145
16,0,1.6500000000000001
16,0,1.6500000000000001
16,0,1.6500000000000001
16,0,2.410076216909503
16,0,1.6500000000000001
16,0,1.6500000000000001
16,0,1.6500000000000001
16,0,4.165566150086921
16,0,1.6500000000000001
16,0,1.6500000000000001
16,0,4.504693641258668
16,0,5.413027208870072
16,0,1.6500000000000001
16,0,6.0469367359126736
16,0,1.6500000000000001
16,0,4.554338178897156
16,0,1.6500000000000001
16,0,2.7250572434382745
16,0,2.7951333786366854
16,0,1.6500000000000001
16,0,1.6500000000000001
16,0,1.6500000000000001
16,0,5.029765805226978
16,0,7.612310409112441
16,0,5.696692156708408
16,0,1.6500000000000001
16,0,1.6500000000000001
16,0,1.6500000000000001
16,0,1.6500000000000001
16,0,1.6500000000000001
16,0,1.6500000000000001
16,0,1.6500000000000001
16,0,2.404913800381083
16,0,1.7797901894905888
16,0,1.6500000000000001
16,0,2.5365252567682086
16,0,1.6500000000000001
16,0,1.6500000000000001
16,0,2.6040562165934316
16,0,2.744500585829185
16,0,1.6500000000000001
16,1,2.2128975313915804
16,1,1.6500000000000001
16,1,1.6500000000000001
16,1,2.2326479386354636
16,1,3.2556229532109926
16,1,1.6500000000000001
16,1,5.9307684241514655
16,1,1.6500000000000001
16,1,3.5756311277120862
16,1,1.6500000000000001
16,1,3.799568605964177
16,1,8.55502662098364
16,1,2.7946484304321255
16,1,1.6500000000000001
16,1,3.8265042155825135
16,1,2.950671059869368
16,1,1.6500000000000001
16,1,1.6500000000000001
16,1,1.9271881678348164
16,1,1.6500000000000001
16,1,1.6500000000000001
16,1,1.6500000000000001
16,1,6.828070919037975
16,1,4.237663229196657
16,1,6.024847683936593
16,1,1.6500000000000001
16,1,1.6500000000000001
16,1,1.6500000000000001
16,1,2.661428365912199
16,1,1.6500000000000001
16,1,1.6500000000000001
16,1,3.6076161530054716
16,1,1.6500000000000001
16,1,3.364335851483592
16,1,1.6500000000000001
16,1,3.7578083426750344
16,1,2.0496294497037333
16,1,2.4943926316996317
16,1,1.6500000000000001
16,1,3.0483226016598817
16,1,1.6500000000000001
16,1,2.8019243129712796
16,1,3.6258637626284824
16,1,4.314176718740287
16,1,2.957766794206041
16,1,1.6500000000000001
16,1,1.6500000000000001
16,1,1.6500000000000001
16,1,1.6500000000000001
16,1,1.6500000000000001
16,1,1.6500000000000001
16,1,1.6500000000000001
16,1,4.211254692810835
16,1,1.6500000000000001
16,1,1.6500000000000001
16,1,1.6500000000000001
16,1,5.877653871402052
16,1,1.9680933882932705
16,1,1.6500000000000001
16,1,1.6500000000000001
16,1,3.4760133008575784
16,0,1.9399366168577203
16,0,2.23068249387
16,0,1.6500000000000001
16,0,1.6500000000000001
16,0,4.35576984949045
16,0,1.6500000000000001
16,0,1.6500000000000001
16,0,6.182867499434392
16,0,3.948278816051272
16,0,1.6500000000000001
16,0,1.6500000000000001
16,0,3.489324720416937
16,0,1.6500000000000001
16,0,1.6500000000000001
16,0,1.6500000000000001
16,0,1.6500000000000001
16,0,1.6500000000000001
16,0,2.3721059569882272
16,0,1.7305529661714898
16,0,1.6500000000000001
16,0,4.131304032905232
16,0,1.6500000000000001
16,0,1.8732710376900328
16,0,6.786678839809732
16,0,1.6500000000000001
16,0,1.6500000000000001
16,0,4.137325348278633
16,0,6.217717668116947
16,0,1.6500000000000001
16,0,1.6500000000000001
16,0,1.6500000000000001
16,0,1.6500000000000001
16,0,1.6500000000000001
16,0,1.6500000000000001
16,0,1.6500000000000001
16,0,2.5471967451564534
16,0,1.6500000000000001
16,0,1.6500000000000001
16,0,1.6500000000000001
16,0,3.6656316964561215
16,0,1.9571234676252627
16,0,1.6500000000000001
16,0,1.6500000000000001
16,0,4.160728755982072
16,0,1.9143756525614457
16,0,7.234070045213745
16,0,1.6500000000000001
16,0,7.709561112902825
16,0,9.409567861498141
16,0,1.6500000000000001
16,0,1.6500000000000001
16,0,2.8139203094761736
16,0,1.6500000000000001
16,0,1.6500000000000001
16,0,3.083618279065232
16,0,1.6500000000000001
16,0,1.6500000000000001
16,0,2.835731203743612
16,0,1.6500000000000001
16,0,2.6688185577474304
16,0,1.6500000000000001
16,0,2.120573907777866
16,-1,1.6500000000000001
16,-1,1.6500000000000001
16,-1,1.6500000000000001
16,-1,1.6500000000000001
16,-1,1.6500000000000001
16,-1,1.6500000000000001
16,-1,1.6500000000000001
16,-1,1.6500000000000001
16,-1,1.6500000000000001
16,-1,2.281593708216694
16,-1,4.620909450700141
16,-1,1.6500000000000001
16,-1,3.0158554056390994
16,-1,1.6500000000000001
16,-1,1.6500000000000001
16,-1,1.6500000000000001
16,-1,1.6500000000000001
16,-1,1.6500000000000001
16,-1,1.6500000000000001
16,-1,4.575250089577437
16,-1,2.057453852995208
16,-1,1.6500000000000001
16,-1,1.6500000000000001
16,-1,1.6500000000000001
16,-1,1.6500000000000001
16,-1,1.6500000000000001
16,-1,3.9433583964010053
16,-1,1.6500000000000001
16,-1,3.2851887674643794
16,-1,1.6500000000000001
16,-1,1.6500000000000001
16,-1,1.6500000000000001
16,-1,1.6500000000000001
16,-1,1.6500000000000001
16,-1,1.6500000000000001
16,-1,1.6500000000000001
16,-1,1.6500000000000001
16,-1,1.6500000000000001
16,-1,1.6500000000000001
16,-1,1.6500000000000001
16,-1,1.6500000000000001
16,-1,1.6500000000000001
16,-1,1.9256522299969512
16,-1,1.6500000000000001
16,-1,1.6500000000000001
16,-1,3.913407955747931
16,-1,1.6500000000000001
16,-1,1.6500000000000001
16,-1,1.6500000000000001
16,-1,1.6500000000000001
16,-1,1.6500000000000001
16,-1,3.830878658608867
16,-1,1.6500000000000001
16,-1,1.6500000000000001
16,-1,1.6500000000000001
16,-1,3.2025620085344193
16,-1,1.6500000000000001
16,-1,1.6500000000000001
16,-1,1.6500000000000001
16,-1,1.6500000000000001
16,-1,1.6500000000000001
16,-1,1.6500000000000001
16,-2,1.6500000000000001
16,-2,1.6500000000000001
16,-2,2.4676140892535043
16,-2,1.6500000000000001
16,-2,1.6500000000000001
16,-2,1.6500000000000001
16,-2,1.6500000000000001
16,-2,1.6500000000000001
16,-2,6.816981578578196
16,-2,2.0430608082072146
16,-2,1.6500000000000001
16,-2,1.6500000000000001
16,-2,1.6500000000000001
16,-2,1.6500000000000001
16,-2,1.6500000000000001
16,-2,4.554248250777126
16,-2,2.170924665820378
16,-2,1.6500000000000001
16,-2,1.6500000000000001
16,-2,3.442304238211332
16,-2,3.5148697777780034
16,-2,1.6500000000000001
16,-2,3.9358725053655963
16,-2,3.453945625011049
16,-2,2.0906499855969534
16,-2,1.6500000000000001
16,-2,1.6500000000000001
16,-2,1.6500000000000001
16,-2,2.0407039848191735
16,-2,4.357581215414286
16,-2,1.6500000000000001
16,-2,2.2190038316052796
16,-2,1.6500000000000001
16,-2,1.6500000000000001
16,-2,1.6500000000000001
16,-2,1.6500000000000001
16,-2,3.946584521877843
16,-2,1.6500000000000001
16,-2,1.6500000000000001
16,-2,1.6500000000000001
16,-2,1.6500000000000001
16,-2,3.1436465818730195
16,-2,1.6500000000000001
16,-2,1.6500000000000001
16,-2,1.6500000000000001
16,-2,1.6500000000000001
16,-2,1.6500000000000001
16,-2,1.6500000000000001
16,-2,1.6500000000000001
16,-2,1.8500944373672326
16,-2,1.6500000000000001
16,-2,1.6500000000000001
16,-2,1.6500000000000001
16,-2,3.955784864331416
16,-2,4.475308194072397
16,-2,1.6500000000000001
16,-2,1.6500000000000001
16,-2,1.6500000000000001
16,-2,1.6500000000000001
16,-2,2.681645528585591
16,-2,1.6500000000000001
16,-3,1.6500000000000001
16,-3,1.6500000000000001
16,-3,1.6500000000000001
16,-3,2.7063479715961476
16,-3,2.4944548752381124
16,-3,1.6500000000000001
16,-3,1.6500000000000001
16,-3,1.6500000000000001
16,-3,1.6500000000000001
16,-3,1.6500000000000001
16,-3,1.6500000000000001
16,-3,1.6500000000000001
16,-3,1.6500000000000001
16,-3,1.6500000000000001
16,-3,1.6500000000000001
16,-3,1.6500000000000001
16,-3,4.507584677399353
16,-3,1.6987474061869665
16,-3,1.6500000000000001
16,-3,1.6500000000000001
16,-3,1.6500000000000001
16,-3,2.9559284631979477
16,-3,1.6500000000000001
16,-3,1.6500000000000001
16,-3,1.6500000000000001
16,-3,1.6500000000000001
16,-3,1.6500000000000001
16,-3,1.6500000000000001
16,-3,1.6500000000000001
16,-3,1.6500000000000001
16,-3,3.4609283441657075
16,-3,1.6500000000000001
16,-3,3.6012829761277554
16,-3,1.6500000000000001
16,-3,2.707465336881347
16,-3,2.2957848118676236
16,-3,1.6500000000000001
16,-3,1.6500000000000001
16,-3,3.457317553064489
16,-3,1.6500000000000001
16,-3,2.390890505535615
16,-3,1.6500000000000001
16,-3,1.6500000000000001
16,-3,4.9547101475126
16,-3,1.6500000000000001
16,-3,1.6500000000000001
16,-3,1.7286771291757015
16,-3,1.6500000000000001
16,-3,1.6500000000000001
16,-3,1.6500000000000001
16,-3,3.473710737810874
16,-3,1.6500000000000001
16,-3,1.6500000000000001
16,-3,2.519019495625608
16,-3,1.6500000000000001
16,-3,1.6500000000000001
16,-3,1.6500000000000001
16,-3,1.6500000000000001
16,-3,1.6500000000000001
16,-3,1.6500000000000001
16,-3,6.675910334262298
16,-3,1.6500000000000001
16,-4,1.6500000000000001
16,-4,1.6500000000000001
16,-4,4.885339454297273
16,-4,1.6500000000000001
16,-4,1.6500000000000001
16,-4,1.6500000000000001
16,-4,2.794811400292846
16,-4,2.708381164285952
16,-4,1.6500000000000001
16,-4,2.9470994762957132
16,-4,1.6500000000000001
16,-4,1.6500000000000001
16,-4,1.6500000000000001
16,-4,3.2153739100018024
16,-4,1.6500000000000001
16,-4,1.6500000000000001
16,-4,5.1970261504793545
16,-4,2.8507510970765746
16,-4,1.6500000000000001
16,-4,1.6500000000000001
16,-4,1.6500000000000001
16,-4,3.020871357679125
16,-4,1.6500000000000001
16,-4,1.6500000000000001
16,-4,4.705289132374347
16,-4,1.6500000000000001
16,-4,1.6500000000000001
16,-4,3.4372383647751574
16,-4,1.6500000000000001
16,-4,1.6500000000000001
16,-4,1.6500000000000001
16,-4,2.3279771585307025
16,-4,1.6500000000000001
16,-4,1.6500000000000001
16,-4,2.9010097023709207
16,-4,1.6500000000000001
16,-4,3.5056806128906137
16,-4,1.6500000000000001
16,-4,4.897670536632357
16,-4,1.6500000000000001
16,-4,4.722030239607812
16,-4,1.6500000000000001
16,-4,1.6500000000000001
16,-4,2.8024112450300667
16,-4,1.6500000000000001
16,-4,1.6500000000000001
16,-4,3.3136872596621454
16,-4,1.6500000000000001
16,-4,3.0839659082494246
16,-4,1.8978625101185655
16,-4,1.6500000000000001
16,-4,1.6500000000000001
16,-4,2.921695241882041
16,-4,1.6500000000000001
16,-4,1.6500000000000001
16,-4,1.6500000000000001
16,-4,6.560092352407805
16,-4,1.6500000000000001
16,-4,2.2570659642746826
16,-4,1.6500000000000001
16,-4,1.6500000000000001
16,-5,1.6500000000000001
16,-5,1.6500000000000001
16,-5,2.416430507628574
16,-5,1.6500000000000001
16,-5,1.6500000000000001
16,-5,1.6500000000000001
16,-5,3.1157849116090555
16,-5,1.6500000000000001
16,-5,2.1706491672348265
16,-5,3.2307675730864025
16,-5,1.6500000000000001
16,-5,2.8506786033791305
16,-5,1.6500000000000001
16,-5,1.6500000000000001
16,-5,1.9310124502883883
16,-5,4.053496380464965
16,-5,2.526014228261158
16,-5,6.727739951292208
16,-5,1.6500000000000001
16,-5,1.6500000000000001
16,-5,1.8380133411401811
16,-5,1.6500000000000001
16,-5,1.6500000000000001
16,-5,1.6500000000000001
16,-5,1.6500000000000001
16,-5,1.6500000000000001
16,-5,3.818662083068079
16,-5,1.6500000000000001
16,-5,2.6824077073502814
16,-5,1.6500000000000001
16,-5,2.8556352144088772
16,-5,1.6500000000000001
16,-5,1.944272223277544
16,-5,1.6500000000000001
16,-5,1.6500000000000001
16,-5,1.6500000000000001
16,-5,4.918673931359175
16,-5,5.334592943647484
16,-5,1.6500000000000001
16,-5,1.6500000000000001
16,-5,1.6500000000000001
16,-5,1.6500000000000001
16,-5,1.6500000000000001
16,-5,1.6500000000000001
16,-5,1.6500000000000001
16,-5,2.660591854668187
16,-5,3.198769953928773
16,-5,1.6500000000000001
16,-5,5.726961439741735
16,-5,1.6500000000000001
16,-5,1.6500000000000001
16,-5,1.6500000000000001
16,-5,1.6500000000000001
16,-5,1.6500000000000001
16,-5,1.6500000000000001
16,-5,1.6500000000000001
16,-5,2.845005303741
16,-5,1.6500000000000001
16,-5,1.6500000000000001
16,-5,1.6500000000000001
16,-5,1.6500000000000001
16,-5,5.351635911218612
16,-6,1.6500000000000001
16,-6,1.6500000000000001
16,-6,5.040788352578397
16,-6,1.6500000000000001
16,-6,1.6500000000000001
16,-6,1.6500000000000001
16,-6,1.6500000000000001
16,-6,1.8852056273830053
16,-6,1.7558092689590032
16,-6,3.1761350575109577
16,-6,1.6500000000000001
16,-6,1.6500000000000001
16,-6,2.148003228736783
16,-6,2.981085251045041
16,-6,1.6500000000000001
16,-6,3.2384175612849933
16,-6,1.6500000000000001
16,-6,1.8315721230577733
16,-6,1.6500000000000001
16,-6,1.6500000000000001
16,-6,3.8376108604774917
16,-6,2.0727046259616593
16,-6,1.6500000000000001
16,-6,1.6500000000000001
16,-6,2.829726442192701
16,-6,2.301576002657313
16,-6,1.6500000000000001
16,-6,1.6500000000000001
16,-6,1.6500000000000001
16,-6,1.6500000000000001
16,-6,1.6500000000000001
16,-6,1.6500000000000001
16,-6,1.6500000000000001
16,-6,3.0721805487185705
16,-6,1.6500000000000001
16,-6,1.7169334904597635
16,-6,1.6500000000000001
16,-6,1.875506787767065
16,-6,1.6500000000000001
16,-6,1.6500000000000001
16,-6,1.6500000000000001
16,-6,1.874403336537398
16,-6,1.6500000000000001
16,-6,1.6500000000000001
16,-6,1.6500000000000001
16,-6,3.0273326176900794
16,-6,1.6500000000000001
16,-6,3.880289176011386
16,-6,3.660341138524106
16,-6,3.801042832867119
16,-6,4.325134613121421
16,-6,1.6500000000000001
16,-6,1.6500000000000001
16,-6,4.291817440425112
16,-6,1.6500000000000001
16,-6,1.6500000000000001
16,-6,1.6500000000000001
16,-6,1.6500000000000001
16,-6,5.1466329138395
16,-6,4.080628848889167
16,-6,3.6897284294313755
16,-6,1.6500000000000001
16,-7,1.6500000000000001
16,-7,1.6500000000000001
16,-7,1.6500000000000001
16,-7,1.6500000000000001
16,-7,1.6500000000000001
16,-7,3.640193394554152
16,-7,1.6500000000000001
16,-7,1.6500000000000001
16,-7,4.610053208687775
16,-7,1.6500000000000001
16,-7,1.6500000000000001
16,-7,5.055681990945497
16,-7,1.6500000000000001
16,-7,1.6500000000000001
16,-7,1.6500000000000001
16,-7,1.6500000000000001
16,-7,1.6500000000000001
16,-7,1.6500000000000001
16,-7,3.762780022939145
16,-7,1.6500000000000001
16,-7,1.971241547007962
16,-7,1.6500000000000001
16,-7,1.6500000000000001
16,-7,4.931736447135896
16,-7,1.6500000000000001
16,-7,1.6597092738849715
16,-7,1.6500000000000001
16,-7,1.6500000000000001
16,-7,1.6500000000000001
16,-7,1.6500000000000001
16,-7,1.6500000000000001
16,-7,1.6500000000000001
16,-7,1.6500000000000001
16,-7,1.6500000000000001
16,-7,1.6500000000000001
16,-7,1.6500000000000001
16,-7,3.5517347055342894
16,-7,1.6500000000000001
16,-7,1.6500000000000001
16,-7,1.6500000000000001
16,-7,1.6500000000000001
16,-7,1.6500000000000001
16,-7,1.6500000000000001
16,-7,1.6500000000000001
16,-7,1.6500000000000001
16,-7,1.6500000000000001
16,-7,1.6500000000000001
16,-7,1.6500000000000001
16,-7,4.590411207855965
16,-7,1.9183754682303804
16,-7,1.6500000000000001
16,-7,1.6500000000000001
16,-7,1.7719082050841557
16,-7,1.6500000000000001
16,-7,1.6500000000000001
16,-7,1.6500000000000001
16,-7,1.6500000000000001
16,-7,2.726535067179154
16,-7,1.6500000000000001
16,-7,1.6500000000000001
16,-7,1.6500000000000001
16,-8,2.599134481409759
16,-8,1.6500000000000001
16,-8,1.6500000000000001
16,-8,4.035616815180434
16,-8,1.6500000000000001
16,-8,1.6500000000000001
16,-8,2.684557036105102
16,-8,2.005591245200489
16,-8,1.6500000000000001
16,-8,1.6500000000000001
16,-8,1.9059346585693502
16,-8,1.6500000000000001
16,-8,5.191808928783144
16,-8,1.6500000000000001
16,-8,1.6500000000000001
16,-8,1.6500000000000001
16,-8,1.6500000000000001
16,-8,3.293106736530236
16,-8,1.6500000000000001
16,-8,1.6500000000000001
16,-8,1.6500000000000001
16,-8,1.6500000000000001
16,-8,1.6500000000000001
16,-8,1.6500000000000001
16,-8,1.6500000000000001
16,-8,1.6500000000000001
16,-8,2.260530292488075
16,-8,1.6500000000000001
16,-8,1.6500000000000001
16,-8,1.6500000000000001
16,-8,1.6500000000000001
16,-8,1.6500000000000001
16,-8,1.6500000000000001
16,-8,1.6500000000000001
16,-8,1.6500000000000001
16,-8,3.6835905293460245
16,-8,1.6500000000000001
16,-8,1.6500000000000001
16,-8,1.6500000000000001
16,-8,1.6500000000000001
16,-8,1.6500000000000001
16,-8,1.6500000000000001
16,-8,1.6500000000000001
16,-8,1.6500000000000001
16,-8,1.6500000000000001
16,-8,1.6500000000000001
16,-8,1.6500000000000001
16,-8,1.6500000000000001
16,-8,1.6500000000000001
16,-8,1.6500000000000001
16,-8,1.6500000000000001
16,-8,1.6500000000000001
16,-8,1.918299702550717
16,-8,1.6500000000000001
16,-8,1.6500000000000001
16,-8,2.279868213183953
16,-8,4.540155238766109
16,-8,1.6500000000000001
16,-8,1.6500000000000001
16,-8,1.6500000000000001
16,-8,1.7657186988258355
16,-8,1.6500000000000001
15,-8,1.6500000000000001
15,-8,1.6500000000000001
15,-8,1.6500000000000001
15,-8,1.6500000000000001
15,-8,1.6500000000000001
15,-8,1.6500000000000001
15,-8,4.4642240430363
15,-8,1.6500000000000001
15,-8,1.6500000000000001
15,-8,1.6500000000000001
15,-8,1.6500000000000001
15,-8,1.6500000000000001
15,-8,6.023582235625352
15,-8,1.6500000000000001
15,-8,1.6500000000000001
15,-8,1.6500000000000001
15,-8,2.8508984090211826
15,-8,4.39278850994694
15,-8,2.408935803546121
15,-8,1.6500000000000001
15,-8,1.6500000000000001
15,-8,1.6500000000000001
15,-8,1.6500000000000001
15,-8,1.6500000000000001
15,-8,1.6500000000000001
15,-8,1.6500000000000001
15,-8,1.6500000000000001
15,-8,1.6500000000000001
15,-8,4.124997484636508
15,-8,2.072734603077576
15,-8,5.166659362109847
15,-8,4.172341165024025
15,-8,1.6500000000000001
15,-8,1.6500000000000001
15,-8,2.4474244574861213
15,-8,1.6500000000000001
15,-8,2.3181129035632844
15,-8,1.6500000000000001
15,-8,1.6500000000000001
15,-8,2.182122799554438
15,-8,1.6500000000000001
15,-8,1.6500000000000001
15,-8,1.6500000000000001
15,-8,1.6500000000000001
15,-8,3.4811901193629877
15,-8,4.186031160555885
15,-8,1.6500000000000001
15,-8,1.6500000000000001
15,-8,1.6500000000000001
15,-8,1.6500000000000001
15,-8,1.6500000000000001
15,-8,4.170042045676244
15,-8,1.6500000000000001
15,-8,1.6500000000000001
15,-8,1.6500000000000001
15,-8,1.6500000000000001
15,-8,1.6500000000000001
15,-8,3.0592354552335075
15,-8,1.6500000000000001
15,-8,3.8643470886448577
15,-8,1.6500000000000001
15,-8,3.7111931175380293
14,-8,1.6500000000000001
14,-8,1.6500000000000001
14,-8,1.6500000000000001
14,-8,4.300168177527198
14,-8,1.6500000000000001
14,-8,1.6500000000000001
14,-8,1.6500000000000001
14,-8,6.749039127914348
14,-8,4.10401424344768
14,-8,1.6500000000000001
14,-8,1.6500000000000001
14,-8,1.6500000000000001
14,-8,1.6500000000000001
14,-8,2.609235248113291
14,-8,1.6500000000000001
14,-8,1.6500000000000001
14,-8,1.740750439950362
14,-8,1.6500000000000001
14,-8,1.6500000000000001
14,-8,2.7417660392042547
14,-8,1.6500000000000001
14,-8,1.6500000000000001
14,-8,1.6500000000000001
14,-8,1.6500000000000001
14,-8,1.6500000000000001
14,-8,1.6500000000000001
14,-8,1.6500000000000001
14,-8,6.709729220266019
14,-8,1.6500000000000001
14,-8,1.6500000000000001
14,-8,3.109850579204268
14,-8,1.6500000000000001
14,-8,3.6756803379294505
14,-8,6.1396002862862495
14,-8,1.6500000000000001
14,-8,1.6500000000000001
14,-8,1.6500000000000001
14,-8,1.6500000000000001
14,-8,1.6500000000000001
14,-8,1.6500000000000001
14,-8,1.6500000000000001
14,-8,5.571058684232245
14,-8,1.6500000000000001
14,-8,1.6500000000000001
14,-8,1.6500000000000001
14,-8,1.6500000000000001
14,-8,1.6500000000000001
14,-8,1.6500000000000001
14,-8,1.6500000000000001
14,-8,1.6500000000000001
14,-8,1.6500000000000001
14,-8,1.6500000000000001
14,-8,1.6500000000000001
14,-8,1.6500000000000001
14,-8,1.6500000000000001
14,-8,1.6500000000000001
14,-8,3.6613875486077627
14,-8,1.6500000000000001
14,-8,1.6500000000000001
14,-8,2.1540126627968337
14,-8,1.6500000000000001
14,-9,1.6500000000000001
14,-9,1.6500000000000001
14,-9,1.6500000000000001
14,-9,1.6500000000000001
14,-9,1.6500000000000001
14,-9,1.6500000000000001
14,-9,1.6500000000000001
14,-9,1.8269413753617534
14,-9,3.328346839435059
14,-9,1.6500000000000001
14,-9,1.6500000000000001
14,-9,4.735079489811878
14,-9,1.6500000000000001
14,-9,1.6500000000000001
14,-9,2.5773218382739937
14,-9,1.6500000000000001
14,-9,1.6500000000000001
14,-9,1.6500000000000001
14,-9,1.6500000000000001
14,-9,1.6500000000000001
14,-9,1.6500000000000001
14,-9,1.6500000000000001
14,-9,1.6500000000000001
14,-9,2.4066023533088643
14,-9,1.6500000000000001
14,-9,1.6500000000000001
14,-9,2.7783008439054693
14,-9,2.67249077530881
14,-9,3.552722222290416
14,-9,1.6500000000000001
14,-9,1.6500000000000001
14,-9,1.6500000000000001
14,-9,1.6500000000000001
14,-9,1.6500000000000001
14,-9,2.114457994775944
14,-9,3.399074300022539
14,-9,1.6500000000000001
14,-9,1.6500000000000001
14,-9,1.6500000000000001
14,-9,3.1703797253996915
14,-9,1.6500000000000001
14,-9,1.6500000000000001
14,-9,1.6500000000000001
14,-9,6.750992329046045
14,-9,2.1336499936219937
14,-9,2.099194627761573
14,-9,1.6500000000000001
14,-9,3.450389588336906
14,-9,1.6500000000000001
14,-9,1.6500000000000001
14,-9,1.6500000000000001
14,-9,5.538740285868841
14,-9,1.6500000000000001
14,-9,1.6500000000000001
14,-9,1.6500000000000001
14,-9,3.2023894594749356
14,-9,1.6500000000000001
14,-9,1.6500000000000001
14,-9,1.6500000000000001
14,-9,1.6500000000000001
14,-9,1.6500000000000001
14,-9,1.6500000000000001
13,-9,5.874690693966243
13,-9,3.377434259378628
13,-9,2.077869053730251
13,-9,2.9159196667513734
13,-9,2.4636978603226325
13,-9,1.6500000000000001
13,-9,4.636099027242679
13,-9,1.6500000000000001
13,-9,4.2799190561170395
13,-9,1.6500000000000001
13,-9,1.6500000000000001
13,-9,1.885484707463515
13,-9,1.6500000000000001
13,-9,1.6500000000000001
13,-9,1.6500000000000001
13,-9,1.6500000000000001
13,-9,1.6500000000000001
13,-9,4.130390831795559
13,-9,7.999913380788389
13,-9,1.6500000000000001
13,-9,1.6500000000000001
13,-9,1.6500000000000001
13,-9,1.6500000000000001
13,-9,1.6500000000000001
13,-9,1.6500000000000001
13,-9,2.4391635409922574
13,-9,5.541180439987604
13,-9,6.519030312661336
13,-9,2.6408815184941385
13,-9,1.6500000000000001
13,-9,1.6500000000000001
13,-9,1.6500000000000001
13,-9,1.6500000000000001
13,-9,1.6500000000000001
13,-9,1.6500000000000001
13,-9,2.935756861412575
13,-9,2.5995784733830316
13,-9,2.846100426481827
13,-9,7.159950529953746
13,-9,7.944348942151446
13,-9,3.3025523196276074
13,-9,5.4400794897638765
13,-9,1.6500000000000001
13,-9,3.501543667638475
13,-9,1.6500000000000001
13,-9,3.1254568507421503
13,-9,1.6500000000000001
13,-9,1.6500000000000001
13,-9,1.6500000000000001
13,-9,3.297732890310999
13,-9,1.6500000000000001
13,-9,1.6500000000000001
13,-9,3.0886786907415877
13,-9,1.6500000000000001
13,-9,3.4417111151857624
13,-9,1.6500000000000001
13,-9,1.6500000000000001
13,-9,4.597469462747709
13,-9,4.268031124767866
13,-9,7.325812716642424
13,-9,3.2699357655359527
13,-10,1.6500000000000001
13,-10,1.6500000000000001
13,-10,1.6500000000000001
13,-10,2.3029102207767402
13,-10,1.6500000000000001
13,-10,1.6500000000000001
13,-10,1.6500000000000001
13,-10,1.6500000000000001
13,-10,1.6500000000000001
13,-10,2.702261964034606
13,-10,2.3874574445182746
13,-10,2.9495984835245204
13,-10,1.6500000000000001
13,-10,1.6500000000000001
13,-10,1.6500000000000001
13,-10,1.6500000000000001
13,-10,1.6500000000000001
13,-10,1.6500000000000001
13,-10,1.6500000000000001
13,-10,1.6500000000000001
13,-10,3.6957407861558944
13,-10,1.6500000000000001
13,-10,1.6500000000000001
13,-10,1.6500000000000001
13,-10,6.173694292665956
13,-10,1.6500000000000001
13,-10,1.6500000000000001
13,-10,1.6500000000000001
13,-10,1.6500000000000001
13,-10,1.6500000000000001
13,-10,1.6500000000000001
13,-10,1.6500000000000001
13,-10,1.6500000000000001
13,-10,1.6500000000000001
13,-10,1.6500000000000001
13,-10,1.6500000000000001
13,-10,5.852999211917428
13,-10,1.6500000000000001
13,-10,1.6500000000000001
13,-10,7.452785128806371
13,-10,1.6500000000000001
13,-10,4.37113498953609
13,-10,1.6500000000000001
13,-10,6.637102264210839
13,-10,1.6500000000000001
13,-10,2.288736194982928
13,-10,1.6500000000000001
13,-10,2.90148211928393
13,-10,1.6500000000000001
13,-10,1.6500000000000001
13,-10,3.7205961579320688
13,-10,1.8868962221363104
13,-10,1.6500000000000001
13,-10,4.827914663022478
13,-10,1.6500000000000001
13,-10,1.6500000000000001
13,-10,1.6500000000000001
13,-10,1.6500000000000001
13,-10,2.4650498823522673
13,-10,1.6500000000000001
13,-10,3.0244119947695856
13,-10,3.7713566660640447
13,-11,1.6500000000000001
13,-11,1.6500000000000001
13,-11,1.6500000000000001
13,-11,5.661162359920943
13,-11,1.6500000000000001
13,-11,2.5281808082493122
13,-11,2.251978821549061
13,-11,1.9579423537316178
13,-11,1.6500000000000001
13,-11,1.6500000000000001
13,-11,2.2135245197591007
13,-11,1.6500000000000001
13,-11,8.163452207417858
13,-11,1.6500000000000001
13,-11,1.6500000000000001
13,-11,1.6500000000000001
13,-11,2.2432158101145627
13,-11,3.834202853981166
13,-11,4.2838097216256
13,-11,1.6500000000000001
13,-11,1.6500000000000001
13,-11,1.6500000000000001
13,-11,1.6500000000000001
13,-11,1.6500000000000001
13,-11,1.6500000000000001
13,-11,4.26904317787824
13,-11,1.6500000000000001
13,-11,1.8582600863298828
13,-11,4.618667353201091
13,-11,1.6500000000000001
13,-11,1.6500000000000001
13,-11,1.6500000000000001
13,-11,1.6500000000000001
13,-11,1.6500000000000001
13,-11,4.934286944225245
13,-11,2.6280860053688935
13,-11,1.6500000000000001
13,-11,1.6500000000000001
13,-11,1.6500000000000001
13,-11,1.6500000000000001
13,-11,1.7546403871307814
13,-11,1.9404738536555022
13,-11,1.6500000000000001
13,-11,1.6500000000000001
13,-11,1.9101262687557683
13,-11,1.6500000000000001
13,-11,1.6500000000000001
13,-11,1.6500000000000001
13,-11,1.9706719597962725
13,-11,1.6500000000000001
13,-11,1.6500000000000001
13,-11,2.7272134013479272
13,-11,1.6500000000000001
13,-11,1.6500000000000001
13,-11,1.6500000000000001
13,-11,1.6500000000000001
13,-11,3.136535138281114
13,-11,2.9361692897769456
13,-11,1.6500000000000001
13,-11,1.6500000000000001
13,-11,1.6500000000000001
13,-11,1.6500000000000001
14,-11,5.63217239620813
14,-11,1.6500000000000001
14,-11,3.510765159667926
14,-11,1.6500000000000001
14,-11,1.6500000000000001
14,-11,1.6500000000000001
14,-11,3.057119597277081
14,-11,2.5111683273124923
14,-11,1.6500000000000001
14,-11,1.6500000000000001
14,-11,1.6500000000000001
14,-11,2.7137870369271386
14,-11,1.6500000000000001
14,-11,2.048168984339122
14,-11,1.6500000000000001
14,-11,1.6500000000000001
14,-11,3.0691100516931895
14,-11,1.6500000000000001
14,-11,4.436698912875366
14,-11,1.6500000000000001
14,-11,1.6500000000000001
14,-11,3.612388148882331
14,-11,1.6500000000000001
14,-11,1.6500000000000001
14,-11,1.6500000000000001
14,-11,1.6500000000000001
14,-11,1.6500000000000001
14,-11,1.6500000000000001
14,-11,1.6500000000000001
14,-11,1.6500000000000001
14,-11,1.6500000000000001
14,-11,1.6500000000000001
14,-11,1.6500000000000001
14,-11,2.467932741610958
14,-11,1.6500000000000001
14,-11,3.1275714263271253
14,-11,1.6500000000000001
14,-11,1.6500000000000001
14,-11,1.6500000000000001
14,-11,1.6500000000000001
14,-11,1.6500000000000001
14,-11,1.6500000000000001
14,-11,1.6500000000000001
14,-11,1.6500000000000001
14,-11,1.6500000000000001
14,-11,1.6500000000000001
14,-11,1.6500000000000001
14,-11,1.6500000000000001
14,-11,1.6500000000000001
14,-11,1.6500000000000001
14,-11,1.6500000000000001
14,-11,1.6500000000000001
14,-11,4.537688968580018
14,-11,1.6500000000000001
14,-11,1.6500000000000001
14,-11,1.6500000000000001
14,-11,1.6500000000000001
14,-11,1.6500000000000001
14,-11,1.6500000000000001
14,-11,1.6500000000000001
14,-11,1.6500000000000001
14,-12,1.6500000000000001
14,-12,1.6500000000000001
14,-12,3.1086544792915607
14,-12,1.6500000000000001
14,-12,1.6500000000000001
14,-12,1.6500000000000001
14,-12,1.6500000000000001
14,-12,1.6500000000000001
14,-12,1.6500000000000001
14,-12,1.6500000000000001
14,-12,1.7374022165855334
14,-12,1.6500000000000001
14,-12,1.6500000000000001
14,-12,1.6500000000000001
14,-12,1.6500000000000001
14,-12,1.6500000000000001
14,-12,1.6500000000000001
14,-12,1.6500000000000001
14,-12,2.648961421421104
14,-12,1.6500000000000001
14,-12,1.6500000000000001
14,-12,1.6500000000000001
14,-12,1.6500000000000001
14,-12,1.6500000000000001
14,-12,1.6500000000000001
14,-12,1.6500000000000001
14,-12,1.6500000000000001
14,-12,3.913094174539461
14,-12,1.6500000000000001
14,-12,1.6500000000000001
14,-12,4.608081297260908
14,-12,1.6500000000000001
14,-12,1.6500000000000001
14,-12,1.6500000000000001
14,-12,1.6500000000000001
14,-12,7.015964865012916
14,-12,1.6500000000000001
14,-12,2.1575415405927014
14,-12,1.6500000000000001
14,-12,1.6500000000000001
14,-12,1.6500000000000001
14,-12,1.6500000000000001
14,-12,1.6500000000000001
14,-12,3.2532789905136066
14,-12,1.7377027244201786
14,-12,1.6500000000000001
14,-12,1.6500000000000001
14,-12,4.379822316137703
14,-12,1.6500000000000001
14,-12,1.6500000000000001
14,-12,2.2115520201665086
14,-12,1.6500000000000001
14,-12,1.6500000000000001
14,-12,1.6500000000000001
14,-12,1.6500000000000001
14,-12,4.186396580966623
14,-12,1.6500000000000001
14,-12,1.6500000000000001
14,-12,1.6500000000000001
14,-12,1.6500000000000001
14,-12,3.763602243089135
14,-12,1.6500000000000001
13,-12,2.2576321439405223
13,-12,2.139713024145551
13,-12,1.6500000000000001
13,-12,1.6500000000000001
13,-12,2.8284035055972607
13,-12,1.6500000000000001
13,-12,1.6500000000000001
13,-12,2.5425850118737983
13,-12,3.888276762767815
13,-12,1.6500000000000001
13,-12,1.6500000000000001
13,-12,1.6500000000000001
13,-12,1.821065469737091
13,-12,2.4675815040144915
13,-12,1.6500000000000001
13,-12,1.6500000000000001
13,-12,1.6500000000000001
13,-12,4.498638632093089
13,-12,3.6301610147897128
13,-12,1.6500000000000001
13,-12,1.7786662703461338
13,-12,1.6500000000000001
13,-12,1.6500000000000001
13,-12,2.158910769298008
13,-12,1.8229225695606943
13,-12,1.6500000000000001
13,-12,2.8203243520357297
13,-12,1.6500000000000001
13,-12,1.6500000000000001
13,-12,1.6500000000000001
13,-12,1.6500000000000001
13,-12,1.6500000000000001
13,-12,1.6500000000000001
13,-12,4.187135938359289
13,-12,1.6500000000000001
13,-12,1.6500000000000001
13,-12,1.6500000000000001
13,-12,1.6500000000000001
13,-12,1.6500000000000001
13,-12,1.6500000000000001
13,-12,1.6500000000000001
13,-12,4.692745473639212
13,-12,1.6500000000000001
13,-12,5.014201562998819
13,-12,1.6500000000000001
13,-12,2.766251819393561
13,-12,1.6500000000000001
13,-12,1.6500000000000001
13,-12,1.6500000000000001
13,-12,2.238195247638886
13,-12,1.6500000000000001
13,-12,1.6500000000000001
13,-12,1.6500000000000001
13,-12,3.6377536521602383
13,-12,1.6500000000000001
13,-12,1.6500000000000001
13,-12,1.6500000000000001
13,-12,1.6500000000000001
13,-12,5.4113540213597755
13,-12,1.6500000000000001
13,-12,1.6500000000000001
13,-13,1.6500000000000001
13,-13,1.6500000000000001
13,-13,3.536710616600676
13,-13,3.3438687933968834
13,-13,1.6500000000000001
13,-13,1.6500000000000001
13,-13,5.88220809351896
13,-13,1.6500000000000001
13,-13,1.6500000000000001
13,-13,2.2177425631627377
13,-13,1.6500000000000001
13,-13,1.6500000000000001
13,-13,1.6500000000000001
13,-13,1.681260277910452
13,-13,1.6500000000000001
13,-13,2.5818688022524023
13,-13,1.6500000000000001
13,-13,1.6500000000000001
13,-13,1.6500000000000001
13,-13,1.6500000000000001
13,-13,4.090106418127218
13,-13,1.6500000000000001
13,-13,1.6500000000000001
13,-13,1.6500000000000001
13,-13,3.7628527287468776
13,-13,1.6500000000000001
13,-13,3.4492162566571904
13,-13,1.6500000000000001
13,-13,1.6500000000000001
13,-13,3.868249767831931
13,-13,1.6500000000000001
13,-13,1.6500000000000001
13,-13,1.6500000000000001
13,-13,1.6500000000000001
13,-13,1.6500000000000001
13,-13,1.6500000000000001
13,-13,1.6500000000000001
13,-13,1.6500000000000001
13,-13,1.6500000000000001
13,-13,1.6500000000000001
13,-13,1.6500000000000001
13,-13,2.0555871242862054
13,-13,1.6500000000000001
13,-13,1.6500000000000001
13,-13,1.6500000000000001
13,-13,7.746610280267051
13,-13,1.6500000000000001
13,-13,1.6500000000000001
13,-13,1.6500000000000001
13,-13,1.6500000000000001
13,-13,1.6500000000000001
13,-13,1.6500000000000001
13,-13,1.6500000000000001
13,-13,1.6500000000000001
13,-13,4.80137333352148
13,-13,1.6500000000000001
13,-13,1.6500000000000001
13,-13,2.1407506496625817
13,-13,5.379998625033254
13,-13,1.6500000000000001
13,-13,4.369504882940389
13,-13,1.6500000000000001
12,-13,4.133363095382439
12,-13,1.6500000000000001
12,-13,1.6500000000000001
12,-13,1.6500000000000001
12,-13,1.6500000000000001
12,-13,1.6500000000000001
12,-13,3.9460539877510876
12,-13,1.6500000000000001
12,-13,3.6445343770482586
12,-13,1.6500000000000001
12,-13,1.6500000000000001
12,-13,1.6500000000000001
12,-13,2.237395651048814
12,-13,1.6500000000000001
12,-13,4.201267141275609
12,-13,1.6500000000000001
12,-13,1.6500000000000001
12,-13,1.6500000000000001
12,-13,1.6500000000000001
12,-13,1.6500000000000001
12,-13,1.6500000000000001
12,-13,1.6500000000000001
12,-13,2.273814376629435
12,-13,1.7474696813819377
12,-13,1.6500000000000001
12,-13,1.6500000000000001
12,-13,1.6500000000000001
12,-13,1.6500000000000001
12,-13,1.6500000000000001
12,-13,1.6500000000000001
12,-13,1.6500000000000001
12,-13,2.1217136457019685
12,-13,1.6500000000000001
12,-13,1.6500000000000001
12,-13,1.6500000000000001
12,-13,1.6500000000000001
12,-13,1.6500000000000001
12,-13,1.6500000000000001
12,-13,1.6500000000000001
12,-13,1.6500000000000001
12,-13,1.939694927786176
12,-13,1.6500000000000001
12,-13,1.6500000000000001
12,-13,3.621958774293248
12,-13,1.6500000000000001
12,-13,1.6500000000000001
12,-13,1.6500000000000001
12,-13,1.6500000000000001
12,-13,1.6500000000000001
12,-13,1.7139271880982418
12,-13,1.6500000000000001
12,-13,1.6500000000000001
12,-13,1.6500000000000001
12,-13,1.6500000000000001
12,-13,1.6500000000000001
12,-13,6.994073067825198
12,-13,1.6500000000000001
12,-13,1.6500000000000001
12,-13,1.6500000000000001
12,-13,1.9098779933771555
12,-13,1.6500000000000001
12,-13,1.6500000000000001
11,-13,1.6500000000000001
11,-13,1.6500000000000001
11,-13,1.6500000000000001
11,-13,6.9213630711892495
11,-13,3.6303541321207984
11,-13,1.8945813064828836
11,-13,1.6500000000000001
11,-13,1.6500000000000001
11,-13,1.6500000000000001
11,-13,1.6500000000000001
11,-13,8.294582852373459
11,-13,2.181416040819717
11,-13,1.9859867466566365
11,-13,1.6500000000000001
11,-13,4.117019990233206
11,-13,1.6500000000000001
11,-13,1.6500000000000001
11,-13,1.6500000000000001
11,-13,5.956688333890045
11,-13,1.6500000000000001
11,-13,2.848053368540233
11,-13,1.6500000000000001
11,-13,1.6500000000000001
11,-13,1.6500000000000001
11,-13,1.6500000000000001
11,-13,1.6500000000000001
11,-13,1.6500000000000001
11,-13,4.1163794149107025
11,-13,1.6500000000000001
11,-13,1.6500000000000001
11,-13,1.6500000000000001
11,-13,1.6500000000000001
11,-13,3.291278581793738
11,-13,1.6500000000000001
11,-13,1.863649938461538
11,-13,1.6500000000000001
11,-13,1.6500000000000001
11,-13,1.6500000000000001
11,-13,2.9837127539762633
11,-13,1.6500000000000001
11,-13,1.6500000000000001
11,-13,2.104197382634156
11,-13,1.6500000000000001
11,-13,1.8460833098323741
11,-13,1.6500000000000001
11,-13,1.6500000000000001
11,-13,1.6500000000000001
11,-13,2.376271286646114
11,-13,1.6500000000000001
11,-13,1.6500000000000001
11,-13,1.6500000000000001
11,-13,1.6500000000000001
11,-13,1.6500000000000001
11,-13,1.6500000000000001
11,-13,2.1658664611245473
11,-13,1.6500000000000001
11,-13,1.6500000000000001
11,-13,1.6500000000000001
11,-13,1.6500000000000001
11,-13,1.6500000000000001
11,-13,1.6500000000000001
10,-13,1.6500000000000001
10,-13,2.6820524957755016
10,-13,4.75749908144987
10,-13,1.6500000000000001
10,-13,1.6500000000000001
10,-13,2.725254297430431
10,-13,1.6500000000000001
10,-13,2.2602624355862657
10,-13,1.713523077080115
10,-13,4.397442298461405
10,-13,1.6500000000000001
10,-13,1.6500000000000001
10,-13,1.6500000000000001
10,-13,2.4793720046645347
10,-13,2.136220805936993
10,-13,1.6500000000000001
10,-13,1.6500000000000001
10,-13,1.6500000000000001
10,-13,3.6364888522632355
10,-13,1.6500000000000001
10,-13,2.561189510606892
10,-13,2.3755632909554434
10,-13,1.6500000000000001
10,-13,1.6500000000000001
10,-13,1.6500000000000001
10,-13,1.6500000000000001
10,-13,1.6500000000000001
10,-13,2.344626495924267
10,-13,1.6500000000000001
10,-13,1.6500000000000001
10,-13,1.76598748274853
10,-13,1.9404413707561488
10,-13,3.915368953282284
10,-13,1.6500000000000001
10,-13,1.6500000000000001
10,-13,1.699252551779536
10,-13,1.7199168176710087
10,-13,1.6500000000000001
10,-13,1.6500000000000001
10,-13,1.6500000000000001
10,-13,1.6500000000000001
10,-13,1.6500000000000001
10,-13,2.589621042144087
10,-13,1.6500000000000001
10,-13,3.547119982175899
10,-13,1.6500000000000001
10,-13,3.2984800350835823
10,-13,1.6500000000000001
10,-13,2.975927083111274
10,-13,1.6500000000000001
10,-13,1.6500000000000001
10,-13,1.6500000000000001
10,-13,1.6500000000000001
10,-13,2.811168885913944
10,-13,1.6500000000000001
10,-13,1.6500000000000001
10,-13,1.6500000000000001
10,-13,1.6500000000000001
10,-13,1.6500000000000001
10,-13,1.6929229573346336
10,-13,1.6500000000000001
10,-13,1.6500000000000001
10,-12,1.6500000000000001
10,-12,1.6500000000000001
10,-12,1.6500000000000001
10,-12,1.6500000000000001
10,-12,1.6500000000000001
10,-12,1.6500000000000001
10,-12,3.6305831235994397
10,-12,1.6500000000000001
10,-12,1.6500000000000001
10,-12,2.2582369974454424
10,-12,5.10063991815233
10,-12,1.6500000000000001
10,-12,1.6500000000000001
10,-12,1.6500000000000001
10,-12,1.6500000000000001
10,-12,4.03751562148055
10,-12,1.6500000000000001
10,-12,1.6500000000000001
10,-12,1.6500000000000001
10,-12,1.6500000000000001
10,-12,1.6500000000000001
10,-12,1.6500000000000001
10,-12,1.6500000000000001
10,-12,4.871955034407081
10,-12,4.435616220540361
10,-12,1.8712469413438177
10,-12,2.4999175992557268
10,-12,1.6500000000000001
10,-12,4.9437355388166315
10,-12,1.6500000000000001
10,-12,1.6500000000000001
10,-12,1.6500000000000001
10,-12,1.6500000000000001
10,-12,2.11281283828829
10,-12,1.6500000000000001
10,-12,1.6500000000000001
10,-12,1.6500000000000001
10,-12,1.8228102383542584
10,-12,5.590399283003831
10,-12,1.6500000000000001
10,-12,1.6500000000000001
10,-12,1.6500000000000001
10,-12,1.6500000000000001
10,-12,2.6976769805428877
10,-12,2.9385187287025247
10,-12,1.6500000000000001
10,-12,1.6500000000000001
10,-12,1.6500000000000001
10,-12,2.3691504373208345
10,-12,1.6500000000000001
10,-12,2.066950950914685
10,-12,1.6500000000000001
10,-12,2.0143609363326145
10,-12,1.6500000000000001
10,-12,1.6500000000000001
10,-12,2.98936153086533
10,-12,1.8855504321839731
10,-12,1.6500000000000001
10,-12,4.217653617106883
10,-12,1.6500000000000001
10,-12,1.6500000000000001
9,-12,1.6500000000000001
9,-12,3.4928498181548333
9,-12,1.6809074778928719
9,-12,5.878125860750543
9,-12,1.6500000000000001
9,-12,1.6500000000000001
9,-12,1.6500000000000001
9,-12,1.6500000000000001
9,-12,1.6500000000000001
9,-12,4.853826382268193
9,-12,1.6500000000000001
9,-12,2.0638991648874425
9,-12,1.6500000000000001
9,-12,3.355962099578578
9,-12,6.592306313903885
9,-12,1.6500000000000001
9,-12,5.0566699812373885
9,-12,2.8052668445679827
9,-12,1.6500000000000001
9,-12,1.6500000000000001
9,-12,1.6500000000000001
9,-12,1.6500000000000001
9,-12,3.7563927630362475
9,-12,2.5270799304223748
9,-12,1.6500000000000001
9,-12,5.013003569918837
9,-12,1.6500000000000001
9,-12,2.446779525418173
9,-12,1.6500000000000001
9,-12,1.8761732745825956
9,-12,2.196169743421884
9,-12,1.979481235240127
9,-12,1.9622587129950493
9,-12,1.6500000000000001
9,-12,1.6500000000000001
9,-12,2.919518005750873
9,-12,1.6500000000000001
9,-12,1.6500000000000001
9,-12,1.6500000000000001
9,-12,2.3698469155660584
9,-12,5.602074143111421
9,-12,4.411301619274174
9,-12,2.571449943383735
9,-12,1.6500000000000001
9,-12,1.6500000000000001
9,-12,2.1497690414308286
9,-12,5.196239565271916
9,-12,1.6500000000000001
9,-12,1.6500000000000001
9,-12,3.0368358068022907
9,-12,4.433383077121284
9,-12,6.203293265473633
9,-12,1.6500000000000001
9,-12,1.6500000000000001
9,-12,1.6500000000000001
9,-12,1.6500000000000001
9,-12,1.6500000000000001
9,-12,2.2003903140040677
9,-12,1.6500000000000001
9,-12,2.4416322200427714
9,-12,1.6500000000000001
9,-12,1.6500000000000001
9,-13,3.9092822173403703
9,-13,3.0773294624534535
9,-13,8.19131282270833
9,-13,1.6500000000000001
9,-13,2.3490084548303063
9,-13,1.6500000000000001
9,-13,1.6500000000000001
9,-13,1.6500000000000001
9,-13,1.6500000000000001
9,-13,2.0362683731474887
9,-13,1.6500000000000001
9,-13,1.6500000000000001
9,-13,1.6500000000000001
9,-13,1.6500000000000001
9,-13,4.84809623727303
9,-13,1.6500000000000001
9,-13,1.6500000000000001
9,-13,1.6500000000000001
9,-13,3.4000762567845286
9,-13,1.6500000000000001
9,-13,4.109108844680962
9,-13,1.6500000000000001
9,-13,1.6500000000000001
9,-13,1.6500000000000001
9,-13,2.734267817464349
9,-13,1.6500000000000001
9,-13,1.9531699892713708
9,-13,3.3451524248401032
9,-13,1.6500000000000001
9,-13,6.007800843702747
9,-13,3.615268504207386
9,-13,1.6500000000000001
9,-13,1.6500000000000001
9,-13,1.6500000000000001
9,-13,3.7175486174218557
9,-13,1.7158893082666136
9,-13,1.6500000000000001
9,-13,1.6500000000000001
9,-13,1.6500000000000001
9,-13,1.6500000000000001
9,-13,1.6500000000000001
9,-13,4.823683014536735
9,-13,1.6500000000000001
9,-13,1.6500000000000001
9,-13,1.6500000000000001
9,-13,1.6500000000000001
9,-13,1.6500000000000001
9,-13,1.6500000000000001
9,-13,3.077339669759188
9,-13,2.810080365055512
9,-13,1.6500000000000001
9,-13,1.6500000000000001
9,-13,1.6500000000000001
9,-13,1.6500000000000001
9,-13,3.575273104625737
9,-13,1.6500000000000001
9,-13,1.6500000000000001
9,-13,3.7060790362628393
9,-13,1.6500000000000001
9,-13,3.072071604581624
9,-13,1.6500000000000001
9,-13,1.6500000000000001
9,-12,1.6500000000000001
9,-12,1.6500000000000001
9,-12,1.6500000000000001
9,-12,1.6500000000000001
9,-12,1.6500000000000001
9,-12,4.741110617029742
9,-12,2.6566419730585817
9,-12,2.133857555409422
9,-12,6.474210685892166
9,-12,1.6500000000000001
9,-12,1.8922760012210047
9,-12,1.6500000000000001
9,-12,1.6500000000000001
9,-12,1.7246528255879499
9,-12,1.6500000000000001
9,-12,3.5596561165869334
9,-12,1.6500000000000001
9,-12,1.6500000000000001
9,-12,1.6500000000000001
9,-12,2.157698115046114
9,-12,2.060958748373065
9,-12,1.6500000000000001
9,-12,1.6500000000000001
9,-12,6.658523030441259
9,-12,1.6500000000000001
9,-12,1.6500000000000001
9,-12,1.6500000000000001
9,-12,1.6500000000000001
9,-12,4.115652029983126
9,-12,1.6500000000000001
9,-12,2.5438473815684723
9,-12,1.6500000000000001
9,-12,1.6500000000000001
9,-12,5.7818781021582994
9,-12,1.6500000000000001
9,-12,1.6500000000000001
9,-12,1.6500000000000001
9,-12,1.6500000000000001
9,-12,1.6500000000000001
9,-12,1.6500000000000001
9,-12,1.6500000000000001
9,-12,1.6500000000000001
9,-12,5.2632167882637315
9,-12,1.6500000000000001
9,-12,4.719945715122957
9,-12,4.9681125436342315
9,-12,1.6500000000000001
9,-12,1.6500000000000001
9,-12,1.6500000000000001
9,-12,1.6500000000000001
9,-12,2.012178465428026
9,-12,1.6500000000000001
9,-12,1.6500000000000001
9,-12,1.6500000000000001
9,-12,1.6500000000000001
9,-12,2.8591695482093513
9,-12,6.1534857685045115
9,-12,1.6500000000000001
9,-12,2.2842435677036637
9,-12,2.3101285753007317
9,-12,1.6500000000000001
10,-12,1.6500000000000001
10,-12,1.6500000000000001
10,-12,1.6500000000000001
10,-12,4.674718379041828
10,-12,1.6500000000000001
10,-12,1.6500000000000001
10,-12,1.6500000000000001
10,-12,4.073363744234418
10,-12,1.6500000000000001
10,-12,4.610543143656237
10,-12,1.6500000000000001
10,-12,1.6500000000000001
10,-12,1.6500000000000001
10,-12,1.6500000000000001
10,-12,1.8169539784238975
10,-12,1.6500000000000001
10,-12,3.211048691091669
10,-12,1.6500000000000001
10,-12,1.6500000000000001
10,-12,4.876034998004684
10,-12,1.6500000000000001
10,-12,1.6500000000000001
10,-12,1.6500000000000001
10,-12,1.6500000000000001
10,-12,3.968702925215509
10,-12,3.2265827240953935
10,-12,1.6500000000000001
10,-12,1.6500000000000001
10,-12,1.6500000000000001
10,-12,1.6500000000000001
10,-12,1.6500000000000001
10,-12,1.6500000000000001
10,-12,1.6500000000000001
10,-12,1.6500000000000001
10,-12,1.6500000000000001
10,-12,1.6500000000000001
10,-12,1.6500000000000001
10,-12,1.6500000000000001
10,-12,1.6500000000000001
10,-12,2.85468640947723
10,-12,1.6500000000000001
10,-12,1.6500000000000001
10,-12,1.6500000000000001
10,-12,1.6500000000000001
10,-12,4.139605499424591
10,-12,2.926499110869625
10,-12,1.6500000000000001
10,-12,4.768511879206926
10,-12,1.6500000000000001
10,-12,1.6500000000000001
10,-12,4.362440013397296
10,-12,5.651865446625688
10,-12,3.5399639476888187
10,-12,1.6500000000000001
10,-12,1.6500000000000001
10,-12,1.6500000000000001
10,-12,1.6500000000000001
10,-12,1.6500000000000001
10,-12,2.388476798025116
10,-12,1.6500000000000001
10,-12,5.683976671454689
10,-12,2.846333224915008
9,-12,1.6500000000000001
9,-12,3.861634079937961
9,-12,2.895089214475133
9,-12,3.8376419735960825
9,-12,1.6500000000000001
9,-12,1.6500000000000001
9,-12,1.6500000000000001
9,-12,1.6500000000000001
9,-12,1.6500000000000001
9,-12,1.6500000000000001
9,-12,1.6500000000000001
9,-12,1.6500000000000001
9,-12,6.045831356914875
9,-12,1.9662538128280944
9,-12,1.6500000000000001
9,-12,1.6500000000000001
9,-12,1.6500000000000001
9,-12,1.6500000000000001
9,-12,1.6500000000000001
9,-12,1.6500000000000001
9,-12,5.9588871455970205
9,-12,5.991513408253304
9,-12,1.6500000000000001
9,-12,1.6500000000000001
9,-12,1.6500000000000001
9,-12,2.835718175444754
9,-12,1.6500000000000001
9,-12,2.674985022904494
9,-12,1.6500000000000001
9,-12,1.6500000000000001
9,-12,1.6500000000000001
9,-12,1.6500000000000001
9,-12,5.318528806391805
9,-12,1.6500000000000001
9,-12,1.6500000000000001
9,-12,1.6500000000000001
9,-12,3.7225372447976595
9,-12,2.2291780207988907
9,-12,1.6500000000000001
9,-12,1.6500000000000001
9,-12,1.6500000000000001
9,-12,2.8023082485203283
9,-12,1.6500000000000001
9,-12,6.511186264044762
9,-12,2.885796069717865
9,-12,3.889008058745487
9,-12,1.6500000000000001
9,-12,2.1441788798660184
9,-12,1.6500000000000001
9,-12,1.6500000000000001
9,-12,1.6500000000000001
9,-12,1.6504883450130299
9,-12,2.108601433050881
9,-12,1.6500000000000001
9,-12,1.6500000000000001
9,-12,1.6500000000000001
9,-12,1.6500000000000001
9,-12,1.6500000000000001
9,-12,1.6500000000000001
9,-12,1.6500000000000001
9,-12,1.9170860278343833
9,-13,1.817292482298241
9,-13,1.6500000000000001
9,-13,1.6500000000000001
9,-13,1.6500000000000001
9,-13,1.6500000000000001
9,-13,1.6500000000000001
9,-13,1.6500000000000001
9,-13,1.9374774314788685
9,-13,1.6500000000000001
9,-13,1.6500000000000001
9,-13,1.6500000000000001
9,-13,1.8801991259677657
9,-13,1.6500000000000001
9,-13,2.2687155844206908
9,-13,1.6500000000000001
9,-13,5.046136470206696
9,-13,1.6500000000000001
9,-13,1.6500000000000001
9,-13,1.6500000000000001
9,-13,1.6500000000000001
9,-13,1.6500000000000001
9,-13,1.6500000000000001
9,-13,1.6500000000000001
9,-13,1.6619134871938817
9,-13,1.6500000000000001
9,-13,1.6500000000000001
9,-13,1.6500000000000001
9,-13,1.6500000000000001
9,-13,1.6500000000000001
9,-13,2.6067446103880183
9,-13,1.6500000000000001
9,-13,1.6500000000000001
9,-13,1.6500000000000001
9,-13,1.6500000000000001
9,-13,1.6500000000000001
9,-13,1.6500000000000001
9,-13,1.6500000000000001
9,-13,1.6500000000000001
9,-13,1.6500000000000001
9,-13,1.6500000000000001
9,-13,1.6500000000000001
9,-13,1.6500000000000001
9,-13,1.6500000000000001
9,-13,1.6500000000000001
9,-13,1.6500000000000001
9,-13,1.6500000000000001
9,-13,1.6500000000000001
9,-13,1.6500000000000001
9,-13,1.6500000000000001
9,-13,1.6500000000000001
9,-13,1.6500000000000001
9,-13,1.6500000000000001
9,-13,2.34611676048444
9,-13,4.970150518232851
9,-13,1.6500000000000001
9,-13,1.6500000000000001
9,-13,1.6500000000000001
9,-13,1.6500000000000001
9,-13,1.6500000000000001
9,-13,1.6500000000000001
9,-13,4.127871921633887
9,-13,1.6500000000000001
9,-14,1.8170863565958015
9,-14,1.6500000000000001
9,-14,1.6500000000000001
9,-14,2.2187069472298053
9,-14,1.6500000000000001
9,-14,1.6500000000000001
9,-14,1.6500000000000001
9,-14,1.6500000000000001
9,-14,1.6500000000000001
9,-14,1.6500000000000001
9,-14,1.6500000000000001
9,-14,1.6500000000000001
9,-14,1.6500000000000001
9,-14,1.6500000000000001
9,-14,2.9641148778804727
9,-14,1.6500000000000001
9,-14,1.6500000000000001
9,-14,1.6500000000000001
9,-14,1.6500000000000001
9,-14,1.6500000000000001
9,-14,1.6500000000000001
9,-14,2.809022044978994
9,-14,1.6500000000000001
9,-14,1.6500000000000001
9,-14,1.6500000000000001
9,-14,1.6500000000000001
9,-14,1.6500000000000001
9,-14,1.6500000000000001
9,-14,1.6500000000000001
9,-14,1.6500000000000001
9,-14,1.6500000000000001
9,-14,1.6500000000000001
9,-14,1.6500000000000001
9,-14,1.6500000000000001
9,-14,1.6500000000000001
9,-14,1.6500000000000001
9,-14,1.6500000000000001
9,-14,3.656627078059105
9,-14,1.6500000000000001
9,-14,1.6500000000000001
9,-14,1.6500000000000001
9,-14,4.318799488060727
9,-14,3.831457035458633
9,-14,3.3874052573179094
9,-14,1.6500000000000001
9,-14,1.6969536688022515
9,-14,1.6500000000000001
9,-14,1.6500000000000001
9,-14,1.6500000000000001
9,-14,1.6500000000000001
9,-14,1.6500000000000001
9,-14,1.6500000000000001
9,-14,1.6500000000000001
9,-14,1.6500000000000001
9,-14,1.6500000000000001
9,-14,1.6500000000000001
9,-14,1.6500000000000001
9,-14,1.6500000000000001
9,-14,1.6500000000000001
9,-14,1.6500000000000001
9,-14,1.6500000000000001
9,-14,1.6500000000000001
9,-15,1.6500000000000001
9,-15,5.318337374601587
9,-15,1.6500000000000001
9,-15,1.6500000000000001
9,-15,1.6500000000000001
9,-15,1.6500000000000001
9,-15,1.6500000000000001
9,-15,1.6500000000000001
9,-15,1.6500000000000001
9,-15,1.6500000000000001
9,-15,1.6500000000000001
9,-15,1.6500000000000001
9,-15,1.6500000000000001
9,-15,1.6500000000000001
9,-15,1.6500000000000001
9,-15,1.6500000000000001
9,-15,1.6500000000000001
9,-15,1.6500000000000001
9,-15,1.6500000000000001
9,-15,5.8114876910314175
9,-15,1.6500000000000001
9,-15,4.211219170970589
9,-15,1.6500000000000001
9,-15,1.6500000000000001
9,-15,1.6500000000000001
9,-15,1.6500000000000001
9,-15,1.6500000000000001
9,-15,1.6500000000000001
9,-15,1.6500000000000001
9,-15,1.6500000000000001
9,-15,1.6500000000000001
9,-15,1.6500000000000001
9,-15,1.6500000000000001
9,-15,1.6500000000000001
9,-15,1.6500000000000001
9,-15,2.446552990817097
9,-15,1.6500000000000001
9,-15,1.6500000000000001
9,-15,2.094459358286366
9,-15,1.6500000000000001
9,-15,1.6500000000000001
9,-15,1.6500000000000001
9,-15,1.6500000000000001
9,-15,1.6500000000000001
9,-15,1.6500000000000001
9,-15,1.6500000000000001
9,-15,1.6500000000000001
9,-15,1.6500000000000001
9,-15,1.6500000000000001
9,-15,3.481479955017356
9,-15,1.6500000000000001
9,-15,1.6500000000000001
9,-15,1.6500000000000001
9,-15,1.6500000000000001
9,-15,1.6500000000000001
9,-15,1.6500000000000001
9,-15,1.6500000000000001
9,-15,1.6500000000000001
9,-15,3.9401257647949937
9,-15,1.6500000000000001
9,-15,1.6500000000000001
9,-16,1.6500000000000001
9,-16,1.6500000000000001
9,-16,1.6500000000000001
9,-16,1.6500000000000001
9,-16,1.6500000000000001
9,-16,1.6500000000000001
9,-16,1.6500000000000001
9,-16,6.441670353384313
9,-16,6.3428695700583395
9,-16,7.44105546800281
9,-16,1.6866138511078184
9,-16,1.6500000000000001
9,-16,1.6500000000000001
9,-16,2.814459514440951
9,-16,1.6500000000000001
9,-16,1.6500000000000001
9,-16,1.6500000000000001
9,-16,1.6500000000000001
9,-16,1.6500000000000001
9,-16,1.6500000000000001
9,-16,1.9186152639973293
9,-16,1.6500000000000001
9,-16,1.6500000000000001
9,-16,1.6500000000000001
9,-16,1.6500000000000001
9,-16,1.6500000000000001
9,-16,1.6500000000000001
9,-16,1.6500000000000001
9,-16,1.6500000000000001
9,-16,1.6500000000000001
9,-16,1.6500000000000001
9,-16,1.6500000000000001
9,-16,1.6500000000000001
9,-16,3.132021495620875
9,-16,3.969571257635317
9,-16,3.102682655341894
9,-16,1.7657545895229458
9,-16,2.4205591819945904
9,-16,1.9700581600896583
9,-16,2.7514616901579094
9,-16,1.6500000000000001
9,-16,1.6500000000000001
9,-16,1.9414365956792576
9,-16,1.6500000000000001
9,-16,1.6500000000000001
9,-16,1.6500000000000001
9,-16,1.6500000000000001
9,-16,2.425000354317596
9,-16,1.6500000000000001
9,-16,1.6500000000000001
9,-16,5.781308525757348
9,-16,1.6500000000000001
9,-16,1.6500000000000001
9,-16,1.6500000000000001
9,-16,1.6500000000000001
9,-16,1.9885491059992337
9,-16,1.6500000000000001
9,-16,2.053035710652788
9,-16,1.6500000000000001
9,-16,1.6500000000000001
9,-16,1.6500000000000001
9,-16,1.6500000000000001
9,-17,1.6500000000000001
9,-17,1.6500000000000001
9,-17,1.6500000000000001
9,-17,2.921586364599636
9,-17,1.6500000000000001
9,-17,1.6500000000000001
9,-17,1.6500000000000001
9,-17,3.025014825998431
9,-17,1.6500000000000001
9,-17,1.6500000000000001
9,-17,1.6500000000000001
9,-17,1.6500000000000001
9,-17,1.6500000000000001
9,-17,1.6500000000000001
9,-17,1.6500000000000001
9,-17,1.6500000000000001
9,-17,1.6500000000000001
9,-17,2.6994190097621082
9,-17,1.6500000000000001
9,-17,1.6500000000000001
9,-17,2.1687634442999637
9,-17,1.6500000000000001
9,-17,1.6500000000000001
9,-17,1.6500000000000001
9,-17,1.6500000000000001
9,-17,1.6500000000000001
9,-17,1.6500000000000001
9,-17,1.6500000000000001
9,-17,3.6713917984567264
9,-17,1.6500000000000001
9,-17,1.6500000000000001
9,-17,1.6500000000000001
9,-17,1.6500000000000001
9,-17,1.6500000000000001
9,-17,1.6500000000000001
9,-17,1.6500000000000001
9,-17,1.6500000000000001
9,-17,1.6500000000000001
9,-17,1.6500000000000001
9,-17,1.6500000000000001
9,-17,4.3664767311016455
9,-17,1.6500000000000001
9,-17,1.6500000000000001
9,-17,1.6500000000000001
9,-17,1.6500000000000001
9,-17,1.6500000000000001
9,-17,1.6500000000000001
9,-17,1.6500000000000001
9,-17,1.6500000000000001
9,-17,2.6014072879766026
9,-17,1.6500000000000001
9,-17,1.6500000000000001
9,-17,1.6500000000000001
9,-17,1.6500000000000001
9,-17,1.6500000000000001
9,-17,1.6500000000000001
9,-17,10.27748767918616
9,-17,1.6500000000000001
9,-17,1.6500000000000001
9,-17,1.6500000000000001
9,-17,1.6500000000000001
9,-16,4.306981256610957
9,-16,1.6500000000000001
9,-16,1.6500000000000001
9,-16,3.6381205015255986
9,-16,1.6500000000000001
9,-16,1.6500000000000001
9,-16,2.5149495754656397
9,-16,6.2057075651326885
9,-16,4.012939222752301
9,-16,1.6500000000000001
9,-16,1.6500000000000001
9,-16,1.6500000000000001
9,-16,3.612917934459265
9,-16,1.6500000000000001
9,-16,1.6500000000000001
9,-16,1.6500000000000001
9,-16,1.6500000000000001
9,-16,1.6500000000000001
9,-16,1.6500000000000001
9,-16,1.6500000000000001
9,-16,1.6500000000000001
9,-16,1.6500000000000001
9,-16,1.6500000000000001
9,-16,1.6500000000000001
9,-16,1.6500000000000001
9,-16,2.5616907308917614
9,-16,1.6500000000000001
9,-16,1.6500000000000001
9,-16,1.7367918055546165
9,-16,2.9851611615872957
9,-16,1.6500000000000001
9,-16,1.6500000000000001
9,-16,1.6500000000000001
9,-16,1.6500000000000001
9,-16,2.2828037395010736
9,-16,2.6650438684393976
9,-16,1.6500000000000001
9,-16,1.6500000000000001
9,-16,1.6500000000000001
9,-16,3.128726002254687
9,-16,2.320580358492031
9,-16,1.6500000000000001
9,-16,1.6500000000000001
9,-16,1.6500000000000001
9,-16,1.6500000000000001
9,-16,1.6500000000000001
9,-16,1.6500000000000001
9,-16,1.9739912622441602
9,-16,1.698372655669849
9,-16,1.6500000000000001
9,-16,1.6500000000000001
9,-16,1.6500000000000001
9,-16,1.6500000000000001
9,-16,2.3187454825803853
9,-16,3.2277247214453126
9,-16,1.6500000000000001
9,-16,1.6500000000000001
9,-16,1.6500000000000001
9,-16,2.058597145686693
9,-16,6.283936669092275
9,-16,3.940774586620155
9,-16,1.6500000000000001
9,-17,1.6500000000000001
9,-17,2.79218789062737
9,-17,3.0415176857093824
9,-17,1.8397334622136488
9,-17,1.6500000000000001
9,-17,1.6500000000000001
9,-17,1.6500000000000001
9,-17,1.6500000000000001
9,-17,1.6500000000000001
9,-17,1.6500000000000001
9,-17,1.6500000000000001
9,-17,1.6500000000000001
9,-17,1.6500000000000001
9,-17,2.01382016285005
9,-17,1.6500000000000001
9,-17,1.6500000000000001
9,-17,1.6500000000000001
9,-17,1.7303857141678045
9,-17,4.011800596197164
9,-17,1.6500000000000001
9,-17,3.6501769232479084
9,-17,1.6500000000000001
9,-17,1.6500000000000001
9,-17,4.5445392121052155
9,-17,1.6500000000000001
9,-17,1.8705475739201947
9,-17,2.4799917934017586
9,-17,1.6500000000000001
9,-17,2.396031933567783
9,-17,1.6500000000000001
9,-17,1.6500000000000001
9,-17,1.6500000000000001
9,-17,1.6500000000000001
9,-17,1.6500000000000001
9,-17,1.6500000000000001
9,-17,1.6500000000000001
9,-17,3.0322504256419385
9,-17,1.6500000000000001
9,-17,1.6500000000000001
9,-17,3.572127826252127
9,-17,1.6500000000000001
9,-17,1.6500000000000001
9,-17,1.6500000000000001
9,-17,1.6500000000000001
9,-17,1.6500000000000001
9,-17,1.6500000000000001
9,-17,3.654400051397978
9,-17,1.6500000000000001
9,-17,1.6500000000000001
9,-17,1.6500000000000001
9,-17,1.6500000000000001
9,-17,1.6500000000000001
9,-17,1.6500000000000001
9,-17,1.6500000000000001
9,-17,1.6500000000000001
